player_id,player,player_url,season,season_end_year,age,team,listed_pos,primary_position,position_minutes_rank,qualified_positions,g,gs,mp,totals_2p,totals_2pa,totals_2ppct,totals_3p,totals_3pa,totals_3ppct,totals_ast,totals_awards,totals_blk,totals_drb,totals_efgpct,totals_fg,totals_fga,totals_fgpct,totals_ft,totals_fta,totals_ftpct,totals_orb,totals_pf,totals_pts,totals_rk,totals_stl,totals_tov,totals_trb,totals_trp_dbl,per_game_2p,per_game_2pa,per_game_2ppct,per_game_3p,per_game_3pa,per_game_3ppct,per_game_ast,per_game_awards,per_game_blk,per_game_drb,per_game_efgpct,per_game_fg,per_game_fga,per_game_fgpct,per_game_ft,per_game_fta,per_game_ftpct,per_game_g,per_game_gs,per_game_mp,per_game_orb,per_game_pf,per_game_pts,per_game_rk,per_game_stl,per_game_tov,per_game_trb,per_36_2p,per_36_2pa,per_36_2ppct,per_36_3p,per_36_3pa,per_36_3ppct,per_36_ast,per_36_awards,per_36_blk,per_36_drb,per_36_efgpct,per_36_fg,per_36_fga,per_36_fgpct,per_36_ft,per_36_fta,per_36_ftpct,per_36_g,per_36_gs,per_36_mp,per_36_orb,per_36_pf,per_36_pts,per_36_rk,per_36_stl,per_36_tov,per_36_trb,per_100_2p,per_100_2pa,per_100_2ppct,per_100_3p,per_100_3pa,per_100_3ppct,per_100_ast,per_100_awards,per_100_blk,per_100_drb,per_100_drtg,per_100_efgpct,per_100_fg,per_100_fga,per_100_fgpct,per_100_ft,per_100_fta,per_100_ftpct,per_100_g,per_100_gs,per_100_mp,per_100_orb,per_100_ortg,per_100_pf,per_100_pts,per_100_rk,per_100_stl,per_100_tov,per_100_trb,advanced_3par,advanced_astpct,advanced_awards,advanced_blkpct,advanced_bpm,advanced_dbpm,advanced_drbpct,advanced_dws,advanced_ftr,advanced_g,advanced_gs,advanced_mp,advanced_obpm,advanced_orbpct,advanced_ows,advanced_per,advanced_rk,advanced_stlpct,advanced_tovpct,advanced_trbpct,advanced_tspct,advanced_usgpct,advanced_vorp,advanced_ws,advanced_ws_48,pbp_awards,pbp_fouls_committed_off,pbp_fouls_committed_shoot,pbp_fouls_drawn_off,pbp_fouls_drawn_shoot,pbp_g,pbp_gs,pbp_misc_and1,pbp_misc_blkd,pbp_misc_pga,pbp_mp,pbp_plus_per_100_poss_on_off,pbp_plus_per_100_poss_oncourt,pbp_position_estimate_cpct,pbp_position_estimate_pfpct,pbp_position_estimate_pgpct,pbp_position_estimate_sfpct,pbp_position_estimate_sgpct,pbp_rk,pbp_turnovers_badpass,pbp_turnovers_lostball,shooting_1_2_court_att,shooting_1_2_court_md,shooting_awards,shooting_corner_3s_3ppct,shooting_corner_3s_pct3pa,shooting_dist,shooting_dunks,shooting_dunks_pctfga,shooting_fgpct,shooting_fgpct_by_distance_0_3,shooting_fgpct_by_distance_10_16,shooting_fgpct_by_distance_16_3p,shooting_fgpct_by_distance_2p,shooting_fgpct_by_distance_3_10,shooting_fgpct_by_distance_3p,shooting_g,shooting_gs,shooting_mp,shooting_pct_of_fg_astd_2p,shooting_pct_of_fg_astd_3p,shooting_pct_of_fga_by_distance_0_3,shooting_pct_of_fga_by_distance_10_16,shooting_pct_of_fga_by_distance_16_3p,shooting_pct_of_fga_by_distance_2p,shooting_pct_of_fga_by_distance_3_10,shooting_pct_of_fga_by_distance_3p,shooting_rk,adj_shooting_added_fg_add,adj_shooting_added_ts_add,adj_shooting_awards,adj_shooting_g,adj_shooting_gs,adj_shooting_league_adjusted_2pplus,adj_shooting_league_adjusted_3parplus,adj_shooting_league_adjusted_3pplus,adj_shooting_league_adjusted_efgplus,adj_shooting_league_adjusted_fgplus,adj_shooting_league_adjusted_ftplus,adj_shooting_league_adjusted_ftrplus,adj_shooting_league_adjusted_tsplus,adj_shooting_mp,adj_shooting_rk,adj_shooting_shooting_pct_2ppct,adj_shooting_shooting_pct_3par,adj_shooting_shooting_pct_3ppct,adj_shooting_shooting_pct_efgpct,adj_shooting_shooting_pct_fgpct,adj_shooting_shooting_pct_ftpct,adj_shooting_shooting_pct_ftr,adj_shooting_shooting_pct_tspct,playoffs_adj_shooting_awards,playoffs_adj_shooting_g,playoffs_adj_shooting_gs,playoffs_adj_shooting_league_adjusted_2pplus,playoffs_adj_shooting_league_adjusted_3parplus,playoffs_adj_shooting_league_adjusted_3pplus,playoffs_adj_shooting_league_adjusted_efgplus,playoffs_adj_shooting_league_adjusted_fgplus,playoffs_adj_shooting_league_adjusted_ftplus,playoffs_adj_shooting_league_adjusted_ftrplus,playoffs_adj_shooting_league_adjusted_tsplus,playoffs_adj_shooting_mp,playoffs_adj_shooting_rk,playoffs_adj_shooting_shooting_pct_2ppct,playoffs_adj_shooting_shooting_pct_3par,playoffs_adj_shooting_shooting_pct_3ppct,playoffs_adj_shooting_shooting_pct_efgpct,playoffs_adj_shooting_shooting_pct_fgpct,playoffs_adj_shooting_shooting_pct_ftpct,playoffs_adj_shooting_shooting_pct_ftr,playoffs_adj_shooting_shooting_pct_tspct,playoffs_advanced_3par,playoffs_advanced_astpct,playoffs_advanced_awards,playoffs_advanced_blkpct,playoffs_advanced_bpm,playoffs_advanced_dbpm,playoffs_advanced_drbpct,playoffs_advanced_dws,playoffs_advanced_ftr,playoffs_advanced_g,playoffs_advanced_gs,playoffs_advanced_mp,playoffs_advanced_obpm,playoffs_advanced_orbpct,playoffs_advanced_ows,playoffs_advanced_per,playoffs_advanced_rk,playoffs_advanced_stlpct,playoffs_advanced_tovpct,playoffs_advanced_trbpct,playoffs_advanced_tspct,playoffs_advanced_usgpct,playoffs_advanced_vorp,playoffs_advanced_ws,playoffs_advanced_ws_48,playoffs_pbp_awards,playoffs_pbp_fouls_committed_off,playoffs_pbp_fouls_committed_shoot,playoffs_pbp_fouls_drawn_off,playoffs_pbp_fouls_drawn_shoot,playoffs_pbp_g,playoffs_pbp_gs,playoffs_pbp_misc_and1,playoffs_pbp_misc_blkd,playoffs_pbp_misc_pga,playoffs_pbp_mp,playoffs_pbp_plus_per_100_poss_on_off,playoffs_pbp_plus_per_100_poss_oncourt,playoffs_pbp_position_estimate_cpct,playoffs_pbp_position_estimate_pfpct,playoffs_pbp_position_estimate_pgpct,playoffs_pbp_position_estimate_sfpct,playoffs_pbp_position_estimate_sgpct,playoffs_pbp_rk,playoffs_pbp_turnovers_badpass,playoffs_pbp_turnovers_lostball,playoffs_per_100_2p,playoffs_per_100_2pa,playoffs_per_100_2ppct,playoffs_per_100_3p,playoffs_per_100_3pa,playoffs_per_100_3ppct,playoffs_per_100_ast,playoffs_per_100_awards,playoffs_per_100_blk,playoffs_per_100_drb,playoffs_per_100_drtg,playoffs_per_100_efgpct,playoffs_per_100_fg,playoffs_per_100_fga,playoffs_per_100_fgpct,playoffs_per_100_ft,playoffs_per_100_fta,playoffs_per_100_ftpct,playoffs_per_100_g,playoffs_per_100_gs,playoffs_per_100_mp,playoffs_per_100_orb,playoffs_per_100_ortg,playoffs_per_100_pf,playoffs_per_100_pts,playoffs_per_100_rk,playoffs_per_100_stl,playoffs_per_100_tov,playoffs_per_100_trb,playoffs_per_36_2p,playoffs_per_36_2pa,playoffs_per_36_2ppct,playoffs_per_36_3p,playoffs_per_36_3pa,playoffs_per_36_3ppct,playoffs_per_36_ast,playoffs_per_36_awards,playoffs_per_36_blk,playoffs_per_36_drb,playoffs_per_36_efgpct,playoffs_per_36_fg,playoffs_per_36_fga,playoffs_per_36_fgpct,playoffs_per_36_ft,playoffs_per_36_fta,playoffs_per_36_ftpct,playoffs_per_36_g,playoffs_per_36_gs,playoffs_per_36_mp,playoffs_per_36_orb,playoffs_per_36_pf,playoffs_per_36_pts,playoffs_per_36_rk,playoffs_per_36_stl,playoffs_per_36_tov,playoffs_per_36_trb,playoffs_per_game_2p,playoffs_per_game_2pa,playoffs_per_game_2ppct,playoffs_per_game_3p,playoffs_per_game_3pa,playoffs_per_game_3ppct,playoffs_per_game_ast,playoffs_per_game_awards,playoffs_per_game_blk,playoffs_per_game_drb,playoffs_per_game_efgpct,playoffs_per_game_fg,playoffs_per_game_fga,playoffs_per_game_fgpct,playoffs_per_game_ft,playoffs_per_game_fta,playoffs_per_game_ftpct,playoffs_per_game_g,playoffs_per_game_gs,playoffs_per_game_mp,playoffs_per_game_orb,playoffs_per_game_pf,playoffs_per_game_pts,playoffs_per_game_rk,playoffs_per_game_stl,playoffs_per_game_tov,playoffs_per_game_trb,playoffs_shooting_1_2_court_att,playoffs_shooting_1_2_court_md,playoffs_shooting_awards,playoffs_shooting_corner_3s_3ppct,playoffs_shooting_corner_3s_pct3pa,playoffs_shooting_dist,playoffs_shooting_dunks,playoffs_shooting_dunks_pctfga,playoffs_shooting_fgpct,playoffs_shooting_fgpct_by_distance_0_3,playoffs_shooting_fgpct_by_distance_10_16,playoffs_shooting_fgpct_by_distance_16_3p,playoffs_shooting_fgpct_by_distance_2p,playoffs_shooting_fgpct_by_distance_3_10,playoffs_shooting_fgpct_by_distance_3p,playoffs_shooting_g,playoffs_shooting_gs,playoffs_shooting_mp,playoffs_shooting_pct_of_fg_astd_2p,playoffs_shooting_pct_of_fg_astd_3p,playoffs_shooting_pct_of_fga_by_distance_0_3,playoffs_shooting_pct_of_fga_by_distance_10_16,playoffs_shooting_pct_of_fga_by_distance_16_3p,playoffs_shooting_pct_of_fga_by_distance_2p,playoffs_shooting_pct_of_fga_by_distance_3_10,playoffs_shooting_pct_of_fga_by_distance_3p,playoffs_shooting_rk,playoffs_totals_2p,playoffs_totals_2pa,playoffs_totals_2ppct,playoffs_totals_3p,playoffs_totals_3pa,playoffs_totals_3ppct,playoffs_totals_ast,playoffs_totals_awards,playoffs_totals_blk,playoffs_totals_drb,playoffs_totals_efgpct,playoffs_totals_fg,playoffs_totals_fga,playoffs_totals_fgpct,playoffs_totals_ft,playoffs_totals_fta,playoffs_totals_ftpct,playoffs_totals_g,playoffs_totals_gs,playoffs_totals_mp,playoffs_totals_orb,playoffs_totals_pf,playoffs_totals_pts,playoffs_totals_rk,playoffs_totals_stl,playoffs_totals_tov,playoffs_totals_trb,playoffs_totals_trp_dbl
townska01,Karl-Anthony Towns,https://www.basketball-reference.com/players/t/townska01.html,2021-22,2022,26.0,MIN,C,C,1.0,C,74.0,74.0,2476.0,492.0,848.0,0.58,150.0,366.0,0.41,269.0,"AS,NBA3",83.0,533.0,0.591,642.0,1214.0,0.529,384.0,467.0,0.822,194.0,267.0,1818.0,9.0,72.0,226.0,727.0,1.0,6.6,11.5,0.58,2.0,4.9,0.41,3.6,"AS,NBA3",1.1,7.2,0.591,8.7,16.4,0.529,5.2,6.3,0.822,74.0,74.0,33.5,2.6,3.6,24.6,15.0,1.0,3.1,9.8,7.2,12.3,0.58,2.2,5.3,0.41,3.9,"AS,NBA3",1.2,7.7,0.591,9.3,17.7,0.529,5.6,6.8,0.822,74.0,74.0,2476.0,2.8,3.9,26.4,19.0,1.0,3.3,10.6,9.5,16.3,0.58,2.9,7.0,0.41,5.2,"AS,NBA3",1.6,10.2,110.0,0.591,12.3,23.3,0.529,7.4,9.0,0.822,74.0,74.0,2476.0,3.7,121.0,5.1,34.9,19.0,1.4,4.3,14.0,0.301,18.0,"AS,NBA3",3.2,5.0,0.5,23.6,3.2,0.385,74.0,74.0,2476.0,4.5,8.2,7.1,24.1,19.0,1.4,13.7,15.7,0.64,27.8,4.4,10.3,0.199,"AS,NBA3",67,109,8,218,74,74,68,92,674,2476,6.3,4.8,100,0,0,0,0,19,86,37,0.0,0.0,"AS,NBA3",0.355,0.085,11.4,97.0,0.09,0.529,0.684,0.35,0.356,0.58,0.539,0.41,74.0,74.0,2476.0,0.524,0.873,0.329,0.049,0.06,0.699,0.254,0.301,19.0,143.1,211.2,"AS,NBA3",74.0,74.0,109.0,76.0,116.0,111.0,115.0,106.0,155.0,113.0,2476.0,19.0,0.58,0.301,0.41,0.591,0.529,0.822,0.385,0.64,,6.0,6.0,94.0,69.0,129.0,103.0,106.0,111.0,252.0,113.0,222.0,61.0,0.5,0.275,0.455,0.55,0.488,0.86,0.625,0.642,0.275,10.1,,4.6,0.4,0.2,25.7,0.3,0.625,6.0,6.0,222.0,0.2,5.8,0.2,17.3,61.0,0.8,20.9,16.3,0.642,24.9,0.1,0.5,0.098,,9.0,9.0,3.0,20.0,6.0,6.0,5.0,11.0,32.0,222.0,12.1,-1.9,100.0,0.0,0.0,0.0,0.0,61.0,8.0,5.0,6.1,12.2,0.5,2.1,4.6,0.455,2.7,,2.5,11.4,109.0,0.55,8.2,16.9,0.488,9.1,10.5,0.86,6.0,6.0,222.0,2.3,108.0,5.3,27.6,61.0,0.8,5.7,13.7,4.7,9.4,0.5,1.6,3.6,0.455,2.1,,1.9,8.8,0.55,6.3,13.0,0.488,7.0,8.1,0.86,6.0,6.0,222.0,1.8,4.1,21.2,61.0,0.6,4.4,10.5,4.8,9.7,0.5,1.7,3.7,0.455,2.2,,2.0,9.0,0.55,6.5,13.3,0.488,7.2,8.3,0.86,6.0,6.0,37.0,1.8,4.2,21.8,17.0,0.7,4.5,10.8,1.0,0.0,,0.0,0.045,11.5,6.0,0.075,0.488,0.567,0.6,0.571,0.5,0.313,0.455,6.0,6.0,222.0,0.69,0.8,0.375,0.063,0.088,0.725,0.2,0.275,61.0,29.0,58.0,0.5,10.0,22.0,0.455,13.0,,12.0,54.0,0.55,39.0,80.0,0.488,43.0,50.0,0.86,6.0,6.0,222.0,11.0,25.0,131.0,47.0,4.0,27.0,65.0,0.0
jokicni01,Nikola Jokić,https://www.basketball-reference.com/players/j/jokicni01.html,2021-22,2022,26.0,DEN,C,C,1.0,C,74.0,74.0,2476.0,667.0,1023.0,0.652,97.0,288.0,0.337,584.0,"MVP-1,AS,NBA1",63.0,813.0,0.62,764.0,1311.0,0.583,379.0,468.0,0.81,206.0,191.0,2004.0,5.0,109.0,281.0,1019.0,19.0,9.0,13.8,0.652,1.3,3.9,0.337,7.9,"MVP-1,AS,NBA1",0.9,11.0,0.62,10.3,17.7,0.583,5.1,6.3,0.81,74.0,74.0,33.5,2.8,2.6,27.1,10.0,1.5,3.8,13.8,9.7,14.9,0.652,1.4,4.2,0.337,8.5,"MVP-1,AS,NBA1",0.9,11.8,0.62,11.1,19.1,0.583,5.5,6.8,0.81,74.0,74.0,2476.0,3.0,2.8,29.1,18.0,1.6,4.1,14.8,13.2,20.3,0.652,1.9,5.7,0.337,11.6,"MVP-1,AS,NBA1",1.2,16.1,105.0,0.62,15.1,26.0,0.583,7.5,9.3,0.81,74.0,74.0,2476.0,4.1,126.0,3.8,39.7,18.0,2.2,5.6,20.2,0.22,42.6,"MVP-1,AS,NBA1",2.3,13.7,4.5,35.5,4.5,0.357,74.0,74.0,2476.0,9.2,9.6,10.8,32.8,18.0,2.2,15.6,23.0,0.661,31.9,9.8,15.2,0.296,"MVP-1,AS,NBA1",21,101,10,188,74,74,72,66,1356,2476,16.4,8.4,100,0,0,0,0,18,173,76,3.0,0.0,"MVP-1,AS,NBA1",0.273,0.038,10.2,31.0,0.025,0.583,0.776,0.565,0.467,0.652,0.606,0.337,74.0,74.0,2476.0,0.58,0.918,0.268,0.082,0.046,0.78,0.384,0.22,18.0,230.9,286.9,"MVP-1,AS,NBA1",74.0,74.0,122.0,55.0,95.0,117.0,126.0,105.0,144.0,117.0,2476.0,18.0,0.652,0.22,0.337,0.62,0.583,0.81,0.357,0.661,,5.0,5.0,119.0,43.0,79.0,113.0,125.0,110.0,125.0,114.0,171.0,85.0,0.636,0.17,0.278,0.599,0.575,0.848,0.311,0.643,0.17,36.5,,3.1,10.7,2.5,36.6,0.1,0.311,5.0,5.0,171.0,8.1,11.9,0.6,33.1,85.0,2.3,16.6,23.9,0.643,36.8,0.6,0.7,0.202,,2.0,15.0,1.0,12.0,5.0,5.0,1.0,5.0,71.0,171.0,-16.5,-14.4,100.0,0.0,0.0,0.0,0.0,85.0,13.0,7.0,16.2,25.5,0.636,1.4,5.2,0.278,8.4,,1.4,14.2,115.0,0.599,17.7,30.7,0.575,8.1,9.6,0.848,5.0,5.0,171.0,4.9,119.0,5.8,44.9,85.0,2.3,7.0,19.1,11.8,18.5,0.636,1.1,3.8,0.278,6.1,,1.1,10.3,0.599,12.8,22.3,0.575,5.9,6.9,0.848,5.0,5.0,171.0,3.6,4.2,32.6,85.0,1.7,5.1,13.9,11.2,17.6,0.636,1.0,3.6,0.278,5.8,,1.0,9.8,0.599,12.2,21.2,0.575,5.6,6.6,0.848,5.0,5.0,34.2,3.4,4.0,31.0,3.0,1.6,4.8,13.2,0.0,0.0,,,0.0,11.2,0.0,0.0,0.575,0.7,0.5,0.556,0.636,0.673,0.278,5.0,5.0,171.0,0.554,1.0,0.094,0.132,0.085,0.83,0.519,0.17,85.0,56.0,88.0,0.636,5.0,18.0,0.278,29.0,,5.0,49.0,0.599,61.0,106.0,0.575,28.0,33.0,0.848,5.0,5.0,171.0,17.0,20.0,155.0,38.0,8.0,24.0,66.0,0.0
vucevni01,Nikola Vučević,https://www.basketball-reference.com/players/v/vucevni01.html,2021-22,2022,31.0,CHI,C,C,3.0,C,73.0,73.0,2418.0,442.0,823.0,0.537,104.0,331.0,0.314,236.0,,71.0,662.0,0.518,546.0,1154.0,0.473,92.0,121.0,0.76,142.0,181.0,1288.0,39.0,70.0,136.0,804.0,0.0,6.1,11.3,0.537,1.4,4.5,0.314,3.2,,1.0,9.1,0.518,7.5,15.8,0.473,1.3,1.7,0.76,73.0,73.0,33.1,1.9,2.5,17.6,57.0,1.0,1.9,11.0,6.6,12.3,0.537,1.5,4.9,0.314,3.5,,1.1,9.9,0.518,8.1,17.2,0.473,1.4,1.8,0.76,73.0,73.0,2418.0,2.1,2.7,19.2,28.0,1.0,2.0,12.0,8.9,16.6,0.537,2.1,6.7,0.314,4.8,,1.4,13.4,110.0,0.518,11.0,23.3,0.473,1.9,2.4,0.76,73.0,73.0,2418.0,2.9,107.0,3.7,26.0,28.0,1.4,2.7,16.2,0.287,15.2,,2.5,0.9,0.1,30.7,3.2,0.105,73.0,73.0,2418.0,0.8,6.6,1.4,18.2,28.0,1.4,10.1,18.7,0.533,24.5,1.8,4.5,0.09,,18,122,4,51,73,73,15,46,587,2418,-3.7,-1.8,100,0,0,0,0,28,61,43,2.0,0.0,,0.3,0.06,13.0,34.0,0.032,0.473,0.708,0.449,0.397,0.537,0.49,0.314,73.0,73.0,2418.0,0.713,1.0,0.223,0.137,0.101,0.713,0.253,0.287,28.0,-31.1,-78.6,,73.0,73.0,101.0,72.0,89.0,97.0,103.0,98.0,42.0,94.0,2418.0,28.0,0.537,0.287,0.314,0.518,0.473,0.76,0.105,0.533,,5.0,5.0,103.0,116.0,88.0,96.0,95.0,103.0,22.0,92.0,181.0,78.0,0.551,0.462,0.31,0.511,0.44,0.8,0.055,0.52,0.462,16.5,,3.2,4.0,1.0,28.9,0.3,0.055,5.0,5.0,181.0,3.0,7.2,0.0,17.6,78.0,0.5,7.9,17.2,0.52,24.5,0.3,0.3,0.075,,3.0,9.0,2.0,3.0,5.0,5.0,1.0,2.0,40.0,181.0,11.6,-10.7,100.0,0.0,0.0,0.0,0.0,78.0,3.0,1.0,7.1,13.0,0.551,3.4,11.1,0.31,4.2,,1.6,12.7,108.0,0.511,10.6,24.1,0.44,1.1,1.3,0.8,5.0,5.0,181.0,3.7,103.0,3.7,25.6,78.0,0.5,2.1,16.4,5.4,9.7,0.551,2.6,8.4,0.31,3.2,,1.2,9.5,0.511,8.0,18.1,0.44,0.8,1.0,0.8,5.0,5.0,181.0,2.8,2.8,19.3,78.0,0.4,1.6,12.3,5.4,9.8,0.551,2.6,8.4,0.31,3.2,,1.2,9.6,0.511,8.0,18.2,0.44,0.8,1.0,0.8,5.0,5.0,36.2,2.8,2.8,19.4,23.0,0.4,1.6,12.4,0.0,0.0,,0.0,0.095,16.6,3.0,0.033,0.44,0.471,0.583,0.5,0.551,0.667,0.31,5.0,5.0,181.0,0.741,1.0,0.187,0.132,0.088,0.538,0.132,0.462,78.0,27.0,49.0,0.551,13.0,42.0,0.31,16.0,,6.0,48.0,0.511,40.0,91.0,0.44,4.0,5.0,0.8,5.0,5.0,181.0,14.0,14.0,97.0,65.0,2.0,8.0,62.0,0.0
embiijo01,Joel Embiid,https://www.basketball-reference.com/players/e/embiijo01.html,2021-22,2022,27.0,PHI,C,C,4.0,C,68.0,68.0,2297.0,573.0,1083.0,0.529,93.0,251.0,0.371,284.0,"MVP-2,AS,NBA2",99.0,650.0,0.534,666.0,1334.0,0.499,654.0,803.0,0.814,146.0,181.0,2079.0,3.0,77.0,214.0,796.0,2.0,8.4,15.9,0.529,1.4,3.7,0.371,4.2,"MVP-2,AS,NBA2",1.5,9.6,0.534,9.8,19.6,0.499,9.6,11.8,0.814,68.0,68.0,33.8,2.1,2.7,30.6,1.0,1.1,3.1,11.7,9.0,17.0,0.529,1.5,3.9,0.371,4.5,"MVP-2,AS,NBA2",1.6,10.2,0.534,10.4,20.9,0.499,10.2,12.6,0.814,68.0,68.0,2297.0,2.3,2.8,32.6,46.0,1.2,3.4,12.5,12.4,23.5,0.529,2.0,5.5,0.371,6.2,"MVP-2,AS,NBA2",2.1,14.1,105.0,0.534,14.5,29.0,0.499,14.2,17.4,0.814,68.0,68.0,2297.0,3.2,119.0,3.9,45.1,46.0,1.7,4.6,17.3,0.188,23.5,"MVP-2,AS,NBA2",3.9,9.2,2.0,31.1,4.1,0.602,68.0,68.0,2297.0,7.2,7.2,7.9,31.2,46.0,1.7,11.3,19.4,0.616,37.2,6.5,12.0,0.252,"MVP-2,AS,NBA2",29,92,2,371,68,68,85,82,699,2297,11.5,7.5,100,0,0,0,0,46,82,83,1.0,0.0,"MVP-2,AS,NBA2",0.25,0.048,11.9,74.0,0.06,0.499,0.763,0.431,0.428,0.529,0.409,0.371,68.0,68.0,2297.0,0.513,0.71,0.253,0.24,0.124,0.812,0.194,0.188,46.0,6.5,169.0,"MVP-2,AS,NBA2",68.0,68.0,99.0,47.0,105.0,100.0,108.0,105.0,243.0,109.0,2297.0,46.0,0.529,0.188,0.371,0.534,0.499,0.814,0.602,0.616,,10.0,10.0,104.0,51.0,60.0,95.0,105.0,106.0,223.0,104.0,385.0,34.0,0.555,0.205,0.212,0.506,0.484,0.82,0.553,0.59,0.205,9.9,,1.9,0.1,-1.0,26.2,0.4,0.553,10.0,10.0,385.0,1.1,7.0,0.5,19.1,34.0,0.5,13.8,17.0,0.59,28.4,0.2,0.9,0.117,,5.0,18.0,3.0,39.0,10.0,10.0,11.0,11.0,53.0,385.0,11.3,4.6,100.0,0.0,0.0,0.0,0.0,34.0,13.0,10.0,9.6,17.3,0.555,0.9,4.5,0.212,2.8,,1.1,11.6,111.0,0.506,10.5,21.8,0.484,9.9,12.0,0.82,10.0,10.0,385.0,2.8,111.0,4.6,31.9,34.0,0.5,4.3,14.5,6.6,12.0,0.555,0.7,3.1,0.212,2.0,,0.7,8.0,0.506,7.3,15.1,0.484,6.8,8.3,0.82,10.0,10.0,385.0,2.0,3.2,22.1,34.0,0.4,3.0,10.0,7.1,12.8,0.555,0.7,3.3,0.212,2.1,,0.8,8.6,0.506,7.8,16.1,0.484,7.3,8.9,0.82,10.0,10.0,38.5,2.1,3.4,23.6,12.0,0.4,3.2,10.7,0.0,0.0,,0.333,0.091,11.7,9.0,0.056,0.484,0.83,0.355,0.45,0.555,0.4,0.212,10.0,10.0,385.0,0.563,0.857,0.292,0.193,0.124,0.795,0.186,0.205,34.0,71.0,128.0,0.555,7.0,33.0,0.212,21.0,,8.0,86.0,0.506,78.0,161.0,0.484,73.0,89.0,0.82,10.0,10.0,385.0,21.0,34.0,236.0,17.0,4.0,32.0,107.0,0.0
valanjo01,Jonas Valančiūnas,https://www.basketball-reference.com/players/v/valanjo01.html,2021-22,2022,29.0,NOP,C,C,5.0,C,74.0,74.0,2240.0,453.0,780.0,0.581,57.0,158.0,0.361,190.0,,60.0,617.0,0.574,510.0,938.0,0.544,237.0,289.0,0.82,226.0,247.0,1314.0,37.0,41.0,179.0,843.0,0.0,6.1,10.5,0.581,0.8,2.1,0.361,2.6,,0.8,8.3,0.574,6.9,12.7,0.544,3.2,3.9,0.82,74.0,74.0,30.3,3.1,3.3,17.8,56.0,0.6,2.4,11.4,7.3,12.5,0.581,0.9,2.5,0.361,3.1,,1.0,9.9,0.574,8.2,15.1,0.544,3.8,4.6,0.82,74.0,74.0,2240.0,3.6,4.0,21.1,52.0,0.7,2.9,13.5,10.0,17.2,0.581,1.3,3.5,0.361,4.2,,1.3,13.6,111.0,0.574,11.2,20.7,0.544,5.2,6.4,0.82,74.0,74.0,2240.0,5.0,118.0,5.4,29.0,52.0,0.9,3.9,18.6,0.168,14.0,,2.6,1.9,-0.1,31.2,2.7,0.308,74.0,74.0,2240.0,2.0,10.9,4.6,21.2,52.0,0.9,14.4,20.8,0.617,23.8,2.2,7.3,0.156,,53,118,6,133,74,74,31,40,435,2240,3.9,0.6,100,0,0,0,0,52,57,40,0.0,0.0,,0.333,0.019,9.0,52.0,0.063,0.544,0.7,0.48,0.45,0.581,0.527,0.361,74.0,74.0,2240.0,0.623,0.982,0.323,0.131,0.043,0.832,0.32,0.168,52.0,79.5,108.2,,74.0,74.0,109.0,42.0,102.0,108.0,118.0,106.0,124.0,109.0,2240.0,52.0,0.581,0.168,0.361,0.574,0.544,0.82,0.308,0.617,,6.0,6.0,97.0,22.0,47.0,93.0,105.0,99.0,154.0,97.0,175.0,80.0,0.516,0.088,0.167,0.493,0.485,0.769,0.382,0.548,0.088,16.5,,0.5,3.7,-0.9,38.3,0.1,0.382,6.0,6.0,175.0,4.6,20.9,0.5,23.9,80.0,1.2,13.1,29.0,0.548,22.5,0.3,0.6,0.154,,5.0,8.0,0.0,11.0,6.0,6.0,4.0,5.0,42.0,175.0,-7.9,-5.2,100.0,0.0,0.0,0.0,0.0,80.0,3.0,1.0,9.4,18.2,0.516,0.3,1.8,0.167,5.3,,0.3,15.6,117.0,0.493,9.7,20.0,0.485,5.9,7.6,0.769,6.0,6.0,175.0,9.7,122.0,5.0,25.5,80.0,1.2,3.5,25.3,6.6,12.8,0.516,0.2,1.2,0.167,3.7,,0.2,10.9,0.493,6.8,14.0,0.485,4.1,5.3,0.769,6.0,6.0,175.0,6.8,3.5,17.9,80.0,0.8,2.5,17.7,5.3,10.3,0.516,0.2,1.0,0.167,3.0,,0.2,8.8,0.493,5.5,11.3,0.485,3.3,4.3,0.769,6.0,6.0,29.2,5.5,2.8,14.5,45.0,0.7,2.0,14.3,0.0,0.0,,,0.0,6.9,3.0,0.074,0.485,0.556,0.5,0.0,0.516,0.52,0.167,6.0,6.0,175.0,0.5,1.0,0.397,0.118,0.029,0.912,0.368,0.088,80.0,32.0,62.0,0.516,1.0,6.0,0.167,18.0,,1.0,53.0,0.493,33.0,68.0,0.485,20.0,26.0,0.769,6.0,6.0,175.0,33.0,17.0,87.0,67.0,4.0,12.0,86.0,0.0
sabondo01,Domantas Sabonis,https://www.basketball-reference.com/players/s/sabondo01.html,2021-22,2022,25.0,2TM,PF,C,6.0,C,62.0,61.0,2136.0,404.0,648.0,0.623,39.0,125.0,0.312,323.0,,27.0,551.0,0.598,443.0,773.0,0.573,246.0,332.0,0.741,201.0,203.0,1171.0,58.0,59.0,195.0,752.0,5.0,6.5,10.5,0.623,0.6,2.0,0.312,5.2,,0.4,8.9,0.598,7.1,12.5,0.573,4.0,5.4,0.741,62.0,61.0,34.5,3.2,3.3,18.9,46.0,1.0,3.1,12.1,6.8,10.9,0.623,0.7,2.1,0.312,5.4,,0.5,9.3,0.598,7.5,13.0,0.573,4.1,5.6,0.741,62.0,61.0,2136.0,3.4,3.4,19.7,69.0,1.0,3.3,12.7,9.2,14.8,0.623,0.9,2.9,0.312,7.4,,0.6,12.6,113.0,0.598,10.1,17.6,0.573,5.6,7.6,0.741,62.0,61.0,2136.0,4.6,121.0,4.6,26.7,69.0,1.3,4.5,17.2,0.162,23.6,,1.1,4.1,0.9,29.0,1.8,0.429,62.0,61.0,2136.0,3.2,10.3,5.3,21.9,69.0,1.3,17.5,19.5,0.637,22.3,3.2,7.1,0.159,,38,92,7,152,62,61,42,46,796,2136,4.3,-1.6,56,44,0,0,0,69,68,71,0.0,0.0,,0.235,0.136,7.4,59.0,0.085,0.573,0.738,0.389,0.219,0.623,0.515,0.312,62.0,61.0,2136.0,0.614,0.974,0.484,0.047,0.041,0.838,0.261,0.162,69.0,103.0,130.6,,62.0,61.0,117.0,40.0,88.0,113.0,124.0,96.0,173.0,113.0,2136.0,69.0,0.623,0.162,0.312,0.598,0.573,0.741,0.429,0.637,,,,,,,,,,,,,,,,,,,,,,,,,,,,,,,,,,,,,,,,,,,,,,,,,,,,,,,,,,,,,,,,,,,,,,,,,,,,,,,,,,,,,,,,,,,,,,,,,,,,,,,,,,,,,,,,,,,,,,,,,,,,,,,,,,,,,,,,,,,,,,,,,,,,,,,,,,,,,,,,,,,,,,,,,,,,,,,,,,,,,,,,,,,,,,,,,,,,,,,,,,,,,
goberru01,Rudy Gobert,https://www.basketball-reference.com/players/g/goberru01.html,2021-22,2022,29.0,UTA,C,C,7.0,C,66.0,66.0,2120.0,362.0,504.0,0.718,0.0,4.0,0.0,72.0,"DPOY-3,AS,DEF1",137.0,727.0,0.713,362.0,508.0,0.713,303.0,439.0,0.69,241.0,176.0,1027.0,74.0,45.0,119.0,968.0,0.0,5.5,7.6,0.718,0.0,0.1,0.0,1.1,"DPOY-3,AS,DEF1",2.1,11.0,0.713,5.5,7.7,0.713,4.6,6.7,0.69,66.0,66.0,32.1,3.7,2.7,15.6,82.0,0.7,1.8,14.7,6.1,8.6,0.718,0.0,0.1,0.0,1.2,"DPOY-3,AS,DEF1",2.3,12.3,0.713,6.1,8.6,0.713,5.1,7.5,0.69,66.0,66.0,2120.0,4.1,3.0,17.4,74.0,0.8,2.0,16.4,8.4,11.7,0.718,0.0,0.1,0.0,1.7,"DPOY-3,AS,DEF1",3.2,16.9,103.0,0.713,8.4,11.8,0.713,7.1,10.2,0.69,66.0,66.0,2120.0,5.6,137.0,4.1,23.9,74.0,1.0,2.8,22.6,0.008,5.1,"DPOY-3,AS,DEF1",5.7,4.6,1.7,36.3,4.3,0.864,66.0,66.0,2120.0,2.9,12.9,7.3,24.7,74.0,1.0,14.5,25.0,0.732,16.9,3.6,11.7,0.264,"DPOY-3,AS,DEF1",40,83,6,172,66,66,27,48,185,2120,7.1,9.4,100,0,0,0,0,74,25,36,2.0,0.0,"DPOY-3,AS,DEF1",,0.0,2.7,233.0,0.494,0.713,0.803,0.75,0.0,0.718,0.468,0.0,66.0,66.0,2120.0,0.724,,0.738,0.008,0.002,0.992,0.244,0.008,74.0,183.8,233.3,"DPOY-3,AS,DEF1",66.0,66.0,135.0,2.0,0.0,134.0,155.0,89.0,348.0,129.0,2120.0,74.0,0.718,0.008,0.0,0.713,0.713,0.69,0.864,0.732,,6.0,6.0,119.0,0.0,,120.0,138.0,88.0,537.0,121.0,197.0,71.0,0.636,0.0,,0.636,0.636,0.682,1.333,0.688,0.0,2.4,,3.8,2.3,0.1,34.1,0.2,1.333,6.0,6.0,197.0,2.2,12.5,0.6,19.4,71.0,0.3,13.3,23.3,0.688,14.3,0.2,0.7,0.182,,2.0,7.0,0.0,16.0,6.0,6.0,2.0,0.0,7.0,197.0,0.7,-5.6,100.0,0.0,0.0,0.0,0.0,71.0,1.0,4.0,5.6,8.8,0.636,0.0,0.0,,0.8,,1.6,15.5,112.0,0.636,5.6,8.8,0.636,8.0,11.8,0.682,6.0,6.0,197.0,5.6,134.0,5.1,19.3,71.0,0.3,2.1,21.2,3.8,6.0,0.636,0.0,0.0,,0.5,,1.1,10.6,0.636,3.8,6.0,0.636,5.5,8.0,0.682,6.0,6.0,197.0,3.8,3.5,13.2,71.0,0.2,1.5,14.4,3.5,5.5,0.636,0.0,0.0,,0.5,,1.0,9.7,0.636,3.5,5.5,0.636,5.0,7.3,0.682,6.0,6.0,32.8,3.5,3.2,12.0,57.0,0.2,1.3,13.2,0.0,0.0,,,,1.9,16.0,0.545,0.636,0.731,,,0.636,0.286,,6.0,6.0,197.0,0.762,,0.788,0.0,0.0,1.0,0.212,0.0,71.0,21.0,33.0,0.636,0.0,0.0,,3.0,,6.0,58.0,0.636,21.0,33.0,0.636,30.0,44.0,0.682,6.0,6.0,197.0,21.0,19.0,72.0,80.0,1.0,8.0,79.0,0.0
woodch01,Christian Wood,https://www.basketball-reference.com/players/w/woodch01.html,2021-22,2022,26.0,HOU,C,C,8.0,C,68.0,67.0,2094.0,309.0,542.0,0.57,131.0,336.0,0.39,155.0,,65.0,576.0,0.576,440.0,878.0,0.501,207.0,332.0,0.623,110.0,171.0,1218.0,54.0,54.0,126.0,686.0,0.0,4.5,8.0,0.57,1.9,4.9,0.39,2.3,,1.0,8.5,0.576,6.5,12.9,0.501,3.0,4.9,0.623,68.0,67.0,30.8,1.6,2.5,17.9,55.0,0.8,1.9,10.1,5.3,9.3,0.57,2.3,5.8,0.39,2.7,,1.1,9.9,0.576,7.6,15.1,0.501,3.6,5.7,0.623,68.0,67.0,2094.0,1.9,2.9,20.9,76.0,0.9,2.2,11.8,7.0,12.3,0.57,3.0,7.6,0.39,3.5,,1.5,13.1,113.0,0.576,10.0,20.0,0.501,4.7,7.5,0.623,68.0,67.0,2094.0,2.5,114.0,3.9,27.7,76.0,1.2,2.9,15.6,0.383,12.2,,2.8,1.6,-0.4,30.4,2.0,0.378,68.0,67.0,2094.0,2.1,5.7,2.9,19.1,76.0,1.2,11.0,18.0,0.595,23.3,1.9,4.9,0.112,,26,94,10,130,68,67,28,48,376,2094,-1.2,-9.6,68,32,0,0,0,76,51,40,1.0,0.0,,0.462,0.116,13.0,120.0,0.147,0.501,0.737,0.34,0.194,0.57,0.454,0.39,68.0,67.0,2094.0,0.605,0.847,0.312,0.054,0.041,0.617,0.211,0.383,76.0,77.4,58.7,,68.0,67.0,107.0,96.0,110.0,108.0,109.0,80.0,152.0,105.0,2094.0,76.0,0.57,0.383,0.39,0.576,0.501,0.623,0.378,0.595,,,,,,,,,,,,,,,,,,,,,,,,,,,,,,,,,,,,,,,,,,,,,,,,,,,,,,,,,,,,,,,,,,,,,,,,,,,,,,,,,,,,,,,,,,,,,,,,,,,,,,,,,,,,,,,,,,,,,,,,,,,,,,,,,,,,,,,,,,,,,,,,,,,,,,,,,,,,,,,,,,,,,,,,,,,,,,,,,,,,,,,,,,,,,,,,,,,,,,,,,,,,,
jamesle01,LeBron James,https://www.basketball-reference.com/players/j/jamesle01.html,2021-22,2022,37.0,LAL,C,C,9.0,C,56.0,56.0,2084.0,479.0,773.0,0.62,161.0,448.0,0.359,349.0,"MVP-10,AS,NBA3",59.0,396.0,0.59,640.0,1221.0,0.524,254.0,336.0,0.756,63.0,121.0,1695.0,11.0,73.0,196.0,459.0,6.0,8.6,13.8,0.62,2.9,8.0,0.359,6.2,"MVP-10,AS,NBA3",1.1,7.1,0.59,11.4,21.8,0.524,4.5,6.0,0.756,56.0,56.0,37.2,1.1,2.2,30.3,2.0,1.3,3.5,8.2,8.3,13.4,0.62,2.8,7.7,0.359,6.0,"MVP-10,AS,NBA3",1.0,6.8,0.59,11.1,21.1,0.524,4.4,5.8,0.756,56.0,56.0,2084.0,1.1,2.1,29.3,79.0,1.3,3.4,7.9,11.0,17.8,0.62,3.7,10.3,0.359,8.0,"MVP-10,AS,NBA3",1.4,9.1,111.0,0.59,14.7,28.1,0.524,5.8,7.7,0.756,56.0,56.0,2084.0,1.4,117.0,2.8,39.0,79.0,1.7,4.5,10.6,0.367,30.6,"MVP-10,AS,NBA3",2.5,7.7,0.8,20.4,2.3,0.275,56.0,56.0,2084.0,6.9,3.3,5.2,26.2,79.0,1.7,12.5,11.8,0.619,32.3,5.1,7.5,0.172,"MVP-10,AS,NBA3",18,59,18,157,56,56,57,46,843,2084,2.1,-2.1,50,44,0,6,0,79,114,45,0.0,0.0,"MVP-10,AS,NBA3",0.303,0.074,13.8,85.0,0.07,0.524,0.796,0.382,0.426,0.62,0.465,0.359,56.0,56.0,2084.0,0.407,0.559,0.325,0.073,0.094,0.633,0.141,0.367,79.0,142.6,145.5,"MVP-10,AS,NBA3",56.0,56.0,116.0,92.0,102.0,111.0,114.0,98.0,111.0,109.0,2084.0,79.0,0.62,0.367,0.359,0.59,0.524,0.756,0.275,0.619,,,,,,,,,,,,,,,,,,,,,,,,,,,,,,,,,,,,,,,,,,,,,,,,,,,,,,,,,,,,,,,,,,,,,,,,,,,,,,,,,,,,,,,,,,,,,,,,,,,,,,,,,,,,,,,,,,,,,,,,,,,,,,,,,,,,,,,,,,,,,,,,,,,,,,,,,,,,,,,,,,,,,,,,,,,,,,,,,,,,,,,,,,,,,,,,,,,,,,,,,,,,,
capelca01,Clint Capela,https://www.basketball-reference.com/players/c/capelca01.html,2021-22,2022,27.0,ATL,C,C,10.0,C,74.0,73.0,2042.0,370.0,603.0,0.614,0.0,1.0,0.0,92.0,,93.0,598.0,0.613,370.0,604.0,0.613,80.0,169.0,0.473,279.0,166.0,820.0,121.0,55.0,44.0,877.0,0.0,5.0,8.1,0.614,0.0,0.0,0.0,1.2,,1.3,8.1,0.613,5.0,8.2,0.613,1.1,2.3,0.473,74.0,73.0,27.6,3.8,2.2,11.1,151.0,0.7,0.6,11.9,6.5,10.6,0.614,0.0,0.0,0.0,1.6,,1.6,10.5,0.613,6.5,10.6,0.613,1.4,3.0,0.473,74.0,73.0,2042.0,4.9,2.9,14.5,88.0,1.0,0.8,15.5,8.9,14.5,0.614,0.0,0.0,0.0,2.2,,2.2,14.4,109.0,0.613,8.9,14.5,0.613,1.9,4.1,0.473,74.0,73.0,2042.0,6.7,132.0,4.0,19.7,88.0,1.3,1.1,21.1,0.002,6.6,,4.1,2.0,-0.1,31.9,2.7,0.28,74.0,73.0,2042.0,2.1,15.0,5.6,21.4,88.0,1.3,6.1,23.5,0.604,15.5,2.1,8.3,0.195,,6,88,14,85,74,73,19,37,222,2042,3.9,3.7,100,0,0,0,0,88,15,13,1.0,0.0,,,0.0,2.2,163.0,0.293,0.613,0.687,0.5,0.0,0.614,0.391,0.0,74.0,73.0,2042.0,0.759,,0.757,0.007,0.002,0.998,0.22,0.002,88.0,97.7,52.1,,74.0,73.0,115.0,0.0,0.0,115.0,133.0,61.0,113.0,107.0,2042.0,88.0,0.614,0.002,0.0,0.613,0.613,0.473,0.28,0.604,,2.0,2.0,63.0,0.0,,63.0,72.0,,0.0,59.0,40.0,162.0,0.333,0.0,,0.333,0.333,,0.0,0.333,0.0,0.0,,2.5,-3.1,-1.0,33.8,0.0,0.0,2.0,2.0,40.0,-2.2,11.9,0.0,7.8,162.0,1.3,14.3,22.7,0.333,8.1,0.0,0.0,0.021,,0.0,0.0,2.0,0.0,2.0,2.0,0.0,0.0,0.0,40.0,-25.0,-34.4,100.0,0.0,0.0,0.0,0.0,162.0,0.0,0.0,2.5,7.6,0.333,0.0,0.0,,0.0,,1.3,13.9,110.0,0.333,2.5,7.6,0.333,0.0,0.0,,2.0,2.0,40.0,5.0,88.0,2.5,5.0,162.0,1.3,1.3,18.9,1.8,5.4,0.333,0.0,0.0,,0.0,,0.9,9.9,0.333,1.8,5.4,0.333,0.0,0.0,,2.0,2.0,40.0,3.6,1.8,3.6,162.0,0.9,0.9,13.5,1.0,3.0,0.333,0.0,0.0,,0.0,,0.5,5.5,0.333,1.0,3.0,0.333,0.0,0.0,,2.0,2.0,20.0,2.0,1.0,2.0,165.0,0.5,0.5,7.5,0.0,0.0,,,,3.1,1.0,0.167,0.333,0.25,,,0.333,0.5,,2.0,2.0,40.0,0.5,,0.667,0.0,0.0,1.0,0.333,0.0,162.0,2.0,6.0,0.333,0.0,0.0,,0.0,,1.0,11.0,0.333,2.0,6.0,0.333,0.0,0.0,,2.0,2.0,40.0,4.0,2.0,4.0,190.0,1.0,1.0,15.0,0.0
portibo01,Bobby Portis,https://www.basketball-reference.com/players/p/portibo01.html,2021-22,2022,26.0,MIL,C,C,11.0,C,72.0,59.0,2028.0,284.0,533.0,0.533,133.0,338.0,0.393,86.0,,51.0,477.0,0.555,417.0,871.0,0.479,85.0,113.0,0.752,180.0,174.0,1052.0,69.0,53.0,90.0,657.0,0.0,3.9,7.4,0.533,1.8,4.7,0.393,1.2,,0.7,6.6,0.555,5.8,12.1,0.479,1.2,1.6,0.752,72.0,59.0,28.2,2.5,2.4,14.6,100.0,0.7,1.3,9.1,5.0,9.5,0.533,2.4,6.0,0.393,1.5,,0.9,8.5,0.555,7.4,15.5,0.479,1.5,2.0,0.752,72.0,59.0,2028.0,3.2,3.1,18.7,89.0,0.9,1.6,11.7,6.7,12.6,0.533,3.1,8.0,0.393,2.0,,1.2,11.3,110.0,0.555,9.9,20.6,0.479,2.0,2.7,0.752,72.0,59.0,2028.0,4.3,115.0,4.1,24.9,89.0,1.3,2.1,15.6,0.388,6.4,,2.4,0.2,-1.0,24.4,2.6,0.13,72.0,59.0,2028.0,1.2,9.6,2.9,17.7,89.0,1.3,8.9,17.2,0.571,21.3,1.1,5.5,0.131,,22,77,4,46,72,59,10,48,222,2028,7.9,7.0,87,13,0,0,0,89,20,29,2.0,0.0,,0.409,0.376,14.3,23.0,0.036,0.479,0.64,0.45,0.437,0.533,0.5,0.393,72.0,59.0,2028.0,0.546,1.0,0.217,0.125,0.082,0.612,0.184,0.388,89.0,40.8,9.8,,72.0,59.0,100.0,97.0,111.0,104.0,104.0,97.0,52.0,101.0,2028.0,89.0,0.533,0.388,0.393,0.555,0.479,0.752,0.13,0.571,,12.0,5.0,94.0,102.0,84.0,90.0,91.0,100.0,77.0,90.0,298.0,50.0,0.5,0.409,0.298,0.478,0.417,0.773,0.191,0.509,0.409,4.7,,1.0,-0.5,-0.3,31.6,0.7,0.191,12.0,5.0,298.0,-0.2,8.9,0.0,13.7,50.0,0.8,11.4,20.6,0.509,20.4,0.1,0.6,0.101,,6.0,11.0,0.0,10.0,12.0,5.0,1.0,6.0,22.0,298.0,2.8,2.8,50.0,50.0,0.0,0.0,0.0,50.0,2.0,4.0,5.6,11.1,0.5,2.3,7.7,0.298,1.5,,0.5,15.5,101.0,0.478,7.9,18.8,0.417,2.8,3.6,0.773,12.0,5.0,298.0,4.1,101.0,4.3,20.8,50.0,0.8,2.6,19.6,4.1,8.2,0.5,1.7,5.7,0.298,1.1,,0.4,11.5,0.478,5.8,13.9,0.417,2.1,2.7,0.773,12.0,5.0,298.0,3.0,3.1,15.3,50.0,0.6,1.9,14.5,2.8,5.7,0.5,1.2,3.9,0.298,0.8,,0.3,7.9,0.478,4.0,9.6,0.417,1.4,1.8,0.773,12.0,5.0,24.8,2.1,2.2,10.6,72.0,0.4,1.3,10.0,1.0,0.0,,0.357,0.298,15.5,3.0,0.035,0.417,0.529,0.389,0.556,0.5,0.542,0.298,12.0,5.0,298.0,0.471,1.0,0.148,0.157,0.078,0.591,0.209,0.409,50.0,34.0,68.0,0.5,14.0,47.0,0.298,9.0,,3.0,95.0,0.478,48.0,115.0,0.417,17.0,22.0,0.773,12.0,5.0,298.0,25.0,26.0,127.0,51.0,5.0,16.0,120.0,0.0
horfoal01,Al Horford,https://www.basketball-reference.com/players/h/horfoal01.html,2021-22,2022,35.0,BOS,C,C,12.0,C,69.0,69.0,2005.0,177.0,304.0,0.582,89.0,265.0,0.336,232.0,DPOY-9,92.0,422.0,0.546,266.0,569.0,0.467,80.0,95.0,0.842,108.0,130.0,701.0,144.0,49.0,65.0,530.0,0.0,2.6,4.4,0.582,1.3,3.8,0.336,3.4,DPOY-9,1.3,6.1,0.546,3.9,8.2,0.467,1.2,1.4,0.842,69.0,69.0,29.1,1.6,1.9,10.2,178.0,0.7,0.9,7.7,3.2,5.5,0.582,1.6,4.8,0.336,4.2,DPOY-9,1.7,7.6,0.546,4.8,10.2,0.467,1.4,1.7,0.842,69.0,69.0,2005.0,1.9,2.3,12.6,90.0,0.9,1.2,9.5,4.4,7.5,0.582,2.2,6.6,0.336,5.7,DPOY-9,2.3,10.5,104.0,0.546,6.6,14.1,0.467,2.0,2.4,0.842,69.0,69.0,2005.0,2.7,124.0,3.2,17.4,90.0,1.2,1.6,13.1,0.466,16.4,DPOY-9,4.2,4.3,2.9,22.2,3.8,0.167,69.0,69.0,2005.0,1.4,6.0,3.7,16.7,90.0,1.2,9.6,14.3,0.574,14.8,3.2,7.6,0.181,DPOY-9,8,70,0,44,69,69,13,12,544,2005,3.3,9.4,99,1,0,0,0,90,36,13,0.0,0.0,DPOY-9,0.378,0.279,15.1,30.0,0.054,0.467,0.772,0.538,0.333,0.582,0.519,0.336,69.0,69.0,2005.0,0.661,0.955,0.162,0.069,0.053,0.534,0.237,0.466,90.0,15.9,9.6,DPOY-9,69.0,69.0,109.0,117.0,95.0,103.0,101.0,109.0,67.0,101.0,2005.0,90.0,0.582,0.466,0.336,0.546,0.467,0.842,0.167,0.574,,23.0,23.0,107.0,127.0,136.0,121.0,113.0,100.0,75.0,117.0,815.0,3.0,0.568,0.508,0.48,0.645,0.523,0.778,0.187,0.663,0.508,14.6,,3.5,6.0,3.8,23.9,1.5,0.187,23.0,23.0,815.0,2.2,5.0,1.7,16.6,3.0,1.2,12.2,14.8,0.663,13.1,1.7,3.2,0.187,,6.0,37.0,2.0,19.0,23.0,23.0,8.0,11.0,191.0,815.0,5.1,5.4,100.0,0.0,0.0,0.0,0.0,3.0,15.0,5.0,3.3,5.9,0.568,2.9,6.1,0.48,4.7,,1.9,11.1,104.0,0.645,6.2,11.9,0.523,1.7,2.2,0.778,23.0,23.0,815.0,2.2,129.0,4.0,17.1,3.0,1.2,1.8,13.2,2.4,4.2,0.568,2.1,4.3,0.48,3.4,,1.4,7.9,0.645,4.5,8.5,0.523,1.2,1.6,0.778,23.0,23.0,815.0,1.5,2.8,12.2,3.0,0.8,1.3,9.5,2.3,4.1,0.568,2.0,4.3,0.48,3.3,,1.3,7.8,0.645,4.4,8.4,0.523,1.2,1.6,0.778,23.0,23.0,35.4,1.5,2.8,12.0,58.0,0.8,1.3,9.3,0.0,0.0,,0.486,0.357,15.8,7.0,0.041,0.523,0.75,0.706,0.6,0.568,0.324,0.48,23.0,23.0,815.0,0.778,0.979,0.187,0.088,0.026,0.492,0.192,0.508,3.0,54.0,95.0,0.568,47.0,98.0,0.48,76.0,,31.0,179.0,0.645,101.0,193.0,0.523,28.0,36.0,0.778,23.0,23.0,815.0,35.0,64.0,277.0,12.0,19.0,29.0,214.0,0.0
adamsst01,Steven Adams,https://www.basketball-reference.com/players/a/adamsst01.html,2021-22,2022,28.0,MEM,C,C,13.0,C,76.0,75.0,1999.0,210.0,383.0,0.548,0.0,1.0,0.0,256.0,,60.0,411.0,0.547,210.0,384.0,0.547,108.0,199.0,0.543,349.0,153.0,528.0,215.0,65.0,115.0,760.0,0.0,2.8,5.0,0.548,0.0,0.0,0.0,3.4,,0.8,5.4,0.547,2.8,5.1,0.547,1.4,2.6,0.543,76.0,75.0,26.3,4.6,2.0,6.9,302.0,0.9,1.5,10.0,3.8,6.9,0.548,0.0,0.0,0.0,4.6,,1.1,7.4,0.547,3.8,6.9,0.547,1.9,3.6,0.543,76.0,75.0,1999.0,6.3,2.8,9.5,91.0,1.2,2.1,13.7,5.0,9.2,0.548,0.0,0.0,0.0,6.1,,1.4,9.8,108.0,0.547,5.0,9.2,0.547,2.6,4.8,0.543,76.0,75.0,1999.0,8.4,125.0,3.7,12.6,91.0,1.6,2.8,18.2,0.003,16.1,,2.7,2.0,1.0,22.0,3.0,0.518,76.0,75.0,1999.0,1.0,17.9,3.8,17.6,91.0,1.6,19.6,19.9,0.56,12.0,2.0,6.8,0.163,,19,77,12,83,76,75,23,43,569,1999,4.2,7.9,100,0,0,0,0,91,71,15,1.0,0.0,,,0.0,2.8,48.0,0.143,0.547,0.637,0.438,0.0,0.548,0.354,0.0,76.0,75.0,1999.0,0.481,,0.682,0.042,0.003,0.997,0.25,0.003,91.0,11.7,-5.8,,76.0,75.0,103.0,1.0,0.0,103.0,119.0,70.0,209.0,99.0,1999.0,91.0,0.548,0.003,0.0,0.547,0.547,0.543,0.518,0.56,,7.0,5.0,80.0,0.0,,81.0,93.0,70.0,211.0,82.0,114.0,122.0,0.429,0.0,,0.429,0.429,0.545,0.524,0.464,0.0,17.6,,0.9,-1.1,0.5,29.4,0.2,0.524,7.0,5.0,114.0,-1.6,13.1,0.2,12.8,122.0,0.4,13.4,20.8,0.464,10.7,0.0,0.3,0.128,,0.0,6.0,0.0,4.0,7.0,5.0,1.0,3.0,34.0,114.0,1.7,3.5,100.0,0.0,0.0,0.0,0.0,122.0,2.0,2.0,3.7,8.7,0.429,0.0,0.0,,6.2,,0.4,12.4,109.0,0.429,3.7,8.7,0.429,2.5,4.5,0.545,7.0,5.0,114.0,6.2,120.0,4.9,9.9,122.0,0.4,1.6,18.6,2.8,6.6,0.429,0.0,0.0,,4.7,,0.3,9.5,0.429,2.8,6.6,0.429,1.9,3.5,0.545,7.0,5.0,114.0,4.7,3.8,7.6,122.0,0.3,1.3,14.2,1.3,3.0,0.429,0.0,0.0,,2.1,,0.1,4.3,0.429,1.3,3.0,0.429,0.9,1.6,0.545,7.0,5.0,16.3,2.1,1.7,3.4,146.0,0.1,0.6,6.4,0.0,0.0,,,,4.9,3.0,0.19,0.429,0.444,0.0,0.0,0.429,0.5,,7.0,5.0,114.0,0.667,,0.429,0.048,0.048,1.0,0.476,0.0,122.0,9.0,21.0,0.429,0.0,0.0,,15.0,,1.0,30.0,0.429,9.0,21.0,0.429,6.0,11.0,0.545,7.0,5.0,114.0,15.0,12.0,24.0,139.0,1.0,4.0,45.0,0.0
poeltja01,Jakob Poeltl,https://www.basketball-reference.com/players/p/poeltja01.html,2021-22,2022,26.0,SAS,C,C,14.0,C,68.0,67.0,1970.0,409.0,662.0,0.618,1.0,1.0,1.0,189.0,,118.0,372.0,0.619,410.0,663.0,0.618,94.0,190.0,0.495,262.0,212.0,915.0,97.0,45.0,109.0,634.0,0.0,6.0,9.7,0.618,0.0,0.0,1.0,2.8,,1.7,5.5,0.619,6.0,9.8,0.618,1.4,2.8,0.495,68.0,67.0,29.0,3.9,3.1,13.5,109.0,0.7,1.6,9.3,7.5,12.1,0.618,0.0,0.0,1.0,3.5,,2.2,6.8,0.619,7.5,12.1,0.618,1.7,3.5,0.495,68.0,67.0,1970.0,4.8,3.9,16.7,98.0,0.8,2.0,11.6,10.0,16.1,0.618,0.0,0.0,1.0,4.6,,2.9,9.1,110.0,0.619,10.0,16.1,0.618,2.3,4.6,0.495,68.0,67.0,1970.0,6.4,123.0,5.2,22.3,98.0,1.1,2.7,15.4,0.002,14.0,,5.0,1.6,0.7,20.0,2.5,0.287,68.0,67.0,1970.0,0.9,13.9,4.4,20.8,98.0,1.1,12.7,16.9,0.613,18.3,1.7,6.9,0.168,,25,144,10,84,68,67,22,39,446,1970,5.3,2.8,100,0,0,0,0,98,47,24,1.0,1.0,,,0.0,4.7,44.0,0.072,0.618,0.747,0.477,0.333,0.618,0.514,1.0,68.0,67.0,1970.0,0.702,1.0,0.471,0.133,0.005,0.998,0.391,0.002,98.0,116.0,69.9,,68.0,67.0,116.0,0.0,283.0,116.0,134.0,64.0,115.0,108.0,1970.0,98.0,0.618,0.002,1.0,0.619,0.618,0.495,0.287,0.613,,,,,,,,,,,,,,,,,,,,,,,,,,,,,,,,,,,,,,,,,,,,,,,,,,,,,,,,,,,,,,,,,,,,,,,,,,,,,,,,,,,,,,,,,,,,,,,,,,,,,,,,,,,,,,,,,,,,,,,,,,,,,,,,,,,,,,,,,,,,,,,,,,,,,,,,,,,,,,,,,,,,,,,,,,,,,,,,,,,,,,,,,,,,,,,,,,,,,,,,,,,,,
zubaciv01,Ivica Zubac,https://www.basketball-reference.com/players/z/zubaciv01.html,2021-22,2022,24.0,LAC,C,C,15.0,C,76.0,76.0,1852.0,310.0,495.0,0.626,0.0,0.0,,120.0,,77.0,427.0,0.626,310.0,495.0,0.626,165.0,227.0,0.727,217.0,203.0,785.0,126.0,36.0,114.0,644.0,0.0,4.1,6.5,0.626,0.0,0.0,,1.6,,1.0,5.6,0.626,4.1,6.5,0.626,2.2,3.0,0.727,76.0,76.0,24.4,2.9,2.7,10.3,176.0,0.5,1.5,8.5,6.0,9.6,0.626,0.0,0.0,,2.3,,1.5,8.3,0.626,6.0,9.6,0.626,3.2,4.4,0.727,76.0,76.0,1852.0,4.2,3.9,15.3,114.0,0.7,2.2,12.5,8.2,13.1,0.626,0.0,0.0,,3.2,,2.0,11.3,107.0,0.626,8.2,13.1,0.626,4.4,6.0,0.727,76.0,76.0,1852.0,5.7,126.0,5.4,20.8,114.0,1.0,3.0,17.0,0.0,9.8,,3.5,0.7,0.8,23.7,2.9,0.459,76.0,76.0,1852.0,-0.1,12.8,4.3,19.2,114.0,1.0,16.1,18.4,0.66,16.8,1.3,7.2,0.187,,23,125,6,95,76,76,14,42,288,1852,-6.8,-3.5,100,0,0,0,0,114,36,39,0.0,0.0,,,,3.4,108.0,0.242,0.626,0.714,0.5,0.333,0.626,0.508,,76.0,76.0,1852.0,0.706,,0.572,0.032,0.006,1.0,0.378,0.0,114.0,93.6,111.6,,76.0,76.0,118.0,0.0,,118.0,136.0,94.0,185.0,117.0,1852.0,114.0,0.626,0.0,,0.626,0.626,0.727,0.459,0.66,,,,,,,,,,,,,,,,,,,,,,,,,,,,,,,,,,,,,,,,,,,,,,,,,,,,,,,,,,,,,,,,,,,,,,,,,,,,,,,,,,,,,,,,,,,,,,,,,,,,,,,,,,,,,,,,,,,,,,,,,,,,,,,,,,,,,,,,,,,,,,,,,,,,,,,,,,,,,,,,,,,,,,,,,,,,,,,,,,,,,,,,,,,,,,,,,,,,,,,,,,,,,
robinmi01,Mitchell Robinson,https://www.basketball-reference.com/players/r/robinmi01.html,2021-22,2022,23.0,NYK,C,C,16.0,C,72.0,62.0,1848.0,261.0,343.0,0.761,0.0,0.0,,38.0,,133.0,322.0,0.761,261.0,343.0,0.761,88.0,181.0,0.486,295.0,195.0,610.0,182.0,58.0,60.0,617.0,0.0,3.6,4.8,0.761,0.0,0.0,,0.5,,1.8,4.5,0.761,3.6,4.8,0.761,1.2,2.5,0.486,72.0,62.0,25.7,4.1,2.7,8.5,234.0,0.8,0.8,8.6,5.1,6.7,0.761,0.0,0.0,,0.7,,2.6,6.3,0.761,5.1,6.7,0.761,1.7,3.5,0.486,72.0,62.0,1848.0,5.7,3.8,11.9,117.0,1.1,1.2,12.0,7.1,9.3,0.761,0.0,0.0,,1.0,,3.6,8.7,106.0,0.761,7.1,9.3,0.761,2.4,4.9,0.486,72.0,62.0,1848.0,8.0,143.0,5.3,16.5,117.0,1.6,1.6,16.7,0.0,3.2,,7.1,2.2,1.2,19.1,3.2,0.528,72.0,62.0,1848.0,1.0,16.8,5.3,20.7,117.0,1.6,12.4,17.9,0.722,11.4,2.0,8.5,0.221,,20,121,4,91,72,62,24,29,98,1848,-3.9,-1.8,100,0,0,0,0,117,12,18,0.0,0.0,,,,1.2,178.0,0.583,0.761,0.781,,,0.761,0.536,,72.0,62.0,1848.0,0.517,,0.918,0.0,0.0,1.0,0.082,0.0,117.0,157.3,131.6,,72.0,62.0,143.0,0.0,,143.0,165.0,63.0,213.0,128.0,1848.0,117.0,0.761,0.0,,0.761,0.761,0.486,0.528,0.722,,,,,,,,,,,,,,,,,,,,,,,,,,,,,,,,,,,,,,,,,,,,,,,,,,,,,,,,,,,,,,,,,,,,,,,,,,,,,,,,,,,,,,,,,,,,,,,,,,,,,,,,,,,,,,,,,,,,,,,,,,,,,,,,,,,,,,,,,,,,,,,,,,,,,,,,,,,,,,,,,,,,,,,,,,,,,,,,,,,,,,,,,,,,,,,,,,,,,,,,,,,,,
adebaba01,Bam Adebayo,https://www.basketball-reference.com/players/a/adebaba01.html,2021-22,2022,24.0,MIA,C,C,17.0,C,56.0,56.0,1825.0,406.0,723.0,0.562,0.0,6.0,0.0,190.0,"DPOY-4,DEF2",44.0,427.0,0.557,406.0,729.0,0.557,256.0,340.0,0.753,137.0,171.0,1068.0,67.0,80.0,148.0,564.0,0.0,7.3,12.9,0.562,0.0,0.1,0.0,3.4,"DPOY-4,DEF2",0.8,7.6,0.557,7.3,13.0,0.557,4.6,6.1,0.753,56.0,56.0,32.6,2.4,3.1,19.1,43.0,1.4,2.6,10.1,8.0,14.3,0.562,0.0,0.1,0.0,3.7,"DPOY-4,DEF2",0.9,8.4,0.557,8.0,14.4,0.557,5.0,6.7,0.753,56.0,56.0,1825.0,2.7,3.4,21.1,120.0,1.6,2.9,11.1,11.1,19.8,0.562,0.0,0.2,0.0,5.2,"DPOY-4,DEF2",1.2,11.7,104.0,0.557,11.1,20.0,0.557,7.0,9.3,0.753,56.0,56.0,1825.0,3.8,117.0,4.7,29.3,120.0,2.2,4.1,15.5,0.008,17.5,"DPOY-4,DEF2",2.6,3.8,2.1,26.1,3.5,0.466,56.0,56.0,1825.0,1.7,8.7,3.6,21.8,120.0,2.2,14.4,17.5,0.608,25.0,2.7,7.2,0.188,"DPOY-4,DEF2",38,70,8,168,56,56,47,38,480,1825,5.5,7.6,98,2,0,0,0,120,57,39,2.0,0.0,"DPOY-4,DEF2",,0.0,6.9,114.0,0.173,0.557,0.776,0.406,0.317,0.562,0.471,0.0,56.0,56.0,1825.0,0.596,,0.38,0.196,0.086,0.992,0.306,0.008,120.0,36.8,73.4,"DPOY-4,DEF2",56.0,56.0,105.0,2.0,0.0,105.0,121.0,97.0,188.0,107.0,1825.0,120.0,0.562,0.008,0.0,0.557,0.557,0.753,0.466,0.608,,18.0,18.0,112.0,1.0,0.0,112.0,129.0,99.0,175.0,113.0,614.0,14.0,0.598,0.006,0.0,0.594,0.594,0.763,0.434,0.638,0.006,12.6,,2.3,2.9,2.0,21.3,1.0,0.434,18.0,18.0,614.0,0.9,6.9,1.2,17.9,14.0,1.5,15.4,13.8,0.638,17.9,0.8,2.2,0.169,,8.0,21.0,2.0,36.0,18.0,18.0,11.0,8.0,118.0,614.0,8.4,6.6,100.0,0.0,0.0,0.0,0.0,14.0,11.0,16.0,8.6,14.4,0.598,0.0,0.1,0.0,4.0,,1.1,8.9,106.0,0.594,8.6,14.5,0.594,4.8,6.3,0.763,18.0,18.0,614.0,3.1,120.0,4.6,22.1,14.0,1.5,3.2,11.9,6.1,10.2,0.598,0.0,0.1,0.0,2.8,,0.8,6.3,0.594,6.1,10.3,0.594,3.4,4.5,0.763,18.0,18.0,614.0,2.2,3.2,15.6,14.0,1.1,2.2,8.4,5.8,9.7,0.598,0.0,0.1,0.0,2.7,,0.7,5.9,0.594,5.8,9.7,0.594,3.2,4.2,0.763,18.0,18.0,34.1,2.1,3.1,14.8,41.0,1.0,2.1,8.0,1.0,0.0,,,0.0,6.8,32.0,0.183,0.594,0.845,0.324,0.25,0.598,0.547,0.0,18.0,18.0,614.0,0.558,,0.406,0.194,0.091,0.994,0.303,0.006,14.0,104.0,174.0,0.598,0.0,1.0,0.0,48.0,,13.0,107.0,0.594,104.0,175.0,0.594,58.0,76.0,0.763,18.0,18.0,614.0,37.0,55.0,266.0,13.0,18.0,38.0,144.0,0.0
bambamo01,Mo Bamba,https://www.basketball-reference.com/players/b/bambamo01.html,2021-22,2022,23.0,ORL,C,C,18.0,C,71.0,69.0,1824.0,189.0,336.0,0.563,107.0,281.0,0.381,85.0,,118.0,424.0,0.566,296.0,617.0,0.48,57.0,73.0,0.781,148.0,182.0,756.0,132.0,38.0,77.0,572.0,0.0,2.7,4.7,0.563,1.5,4.0,0.381,1.2,,1.7,6.0,0.566,4.2,8.7,0.48,0.8,1.0,0.781,71.0,69.0,25.7,2.1,2.6,10.6,165.0,0.5,1.1,8.1,3.7,6.6,0.563,2.1,5.5,0.381,1.7,,2.3,8.4,0.566,5.8,12.2,0.48,1.1,1.4,0.781,71.0,69.0,1824.0,2.9,3.6,14.9,121.0,0.7,1.5,11.3,5.0,8.9,0.563,2.8,7.5,0.381,2.3,,3.1,11.2,108.0,0.566,7.8,16.4,0.48,1.5,1.9,0.781,71.0,69.0,1824.0,3.9,113.0,4.8,20.0,121.0,1.0,2.0,15.2,0.455,7.4,,5.9,0.7,0.9,24.6,2.7,0.118,71.0,69.0,1824.0,-0.2,8.5,1.8,16.5,121.0,1.0,10.6,16.5,0.582,17.2,1.2,4.5,0.118,,14,114,3,35,71,69,6,31,206,1824,-2.1,-9.3,99,1,0,0,0,121,30,20,0.0,0.0,,0.303,0.27,14.3,85.0,0.159,0.48,0.727,0.286,0.314,0.563,0.433,0.381,71.0,69.0,1824.0,0.566,0.991,0.285,0.045,0.057,0.545,0.157,0.455,121.0,42.9,21.2,,71.0,69.0,106.0,114.0,108.0,107.0,104.0,101.0,48.0,103.0,1824.0,121.0,0.563,0.455,0.381,0.566,0.48,0.781,0.118,0.582,,,,,,,,,,,,,,,,,,,,,,,,,,,,,,,,,,,,,,,,,,,,,,,,,,,,,,,,,,,,,,,,,,,,,,,,,,,,,,,,,,,,,,,,,,,,,,,,,,,,,,,,,,,,,,,,,,,,,,,,,,,,,,,,,,,,,,,,,,,,,,,,,,,,,,,,,,,,,,,,,,,,,,,,,,,,,,,,,,,,,,,,,,,,,,,,,,,,,,,,,,,,,
stewais01,Isaiah Stewart,https://www.basketball-reference.com/players/s/stewais01.html,2021-22,2022,20.0,DET,C,C,19.0,C,71.0,71.0,1816.0,235.0,444.0,0.529,15.0,46.0,0.326,82.0,,78.0,391.0,0.526,250.0,490.0,0.51,74.0,103.0,0.718,226.0,211.0,589.0,192.0,22.0,85.0,617.0,0.0,3.3,6.3,0.529,0.2,0.6,0.326,1.2,,1.1,5.5,0.526,3.5,6.9,0.51,1.0,1.5,0.718,71.0,71.0,25.6,3.2,3.0,8.3,244.0,0.3,1.2,8.7,4.7,8.8,0.529,0.3,0.9,0.326,1.6,,1.5,7.8,0.526,5.0,9.7,0.51,1.5,2.0,0.718,71.0,71.0,1816.0,4.5,4.2,11.7,122.0,0.4,1.7,12.2,6.3,11.9,0.529,0.4,1.2,0.326,2.2,,2.1,10.5,112.0,0.526,6.7,13.2,0.51,2.0,2.8,0.718,71.0,71.0,1816.0,6.1,113.0,5.7,15.8,122.0,0.6,2.3,16.6,0.094,6.9,,3.9,-3.3,-0.8,24.5,1.8,0.21,71.0,71.0,1816.0,-2.5,12.8,1.6,14.0,122.0,0.6,13.7,18.4,0.55,14.6,-0.6,3.4,0.091,,30,105,7,51,71,71,15,39,202,1816,-3.1,-9.7,98,2,0,0,0,122,18,17,0.0,0.0,,0.0,0.087,5.6,28.0,0.061,0.51,0.591,0.158,0.5,0.529,0.445,0.326,71.0,71.0,1816.0,0.689,0.933,0.584,0.039,0.041,0.906,0.243,0.094,122.0,-6.1,-17.0,,71.0,71.0,99.0,24.0,92.0,99.0,111.0,93.0,85.0,97.0,1816.0,122.0,0.529,0.094,0.326,0.526,0.51,0.718,0.21,0.55,,,,,,,,,,,,,,,,,,,,,,,,,,,,,,,,,,,,,,,,,,,,,,,,,,,,,,,,,,,,,,,,,,,,,,,,,,,,,,,,,,,,,,,,,,,,,,,,,,,,,,,,,,,,,,,,,,,,,,,,,,,,,,,,,,,,,,,,,,,,,,,,,,,,,,,,,,,,,,,,,,,,,,,,,,,,,,,,,,,,,,,,,,,,,,,,,,,,,,,,,,,,,
allenja01,Jarrett Allen,https://www.basketball-reference.com/players/a/allenja01.html,2021-22,2022,23.0,CLE,C,C,20.0,C,56.0,56.0,1810.0,368.0,535.0,0.688,1.0,10.0,0.1,92.0,AS,75.0,410.0,0.678,369.0,545.0,0.677,165.0,233.0,0.708,192.0,97.0,904.0,98.0,44.0,94.0,602.0,0.0,6.6,9.6,0.688,0.0,0.2,0.1,1.6,AS,1.3,7.3,0.678,6.6,9.7,0.677,2.9,4.2,0.708,56.0,56.0,32.3,3.4,1.7,16.1,76.0,0.8,1.7,10.8,7.3,10.6,0.688,0.0,0.2,0.1,1.8,AS,1.5,8.2,0.678,7.3,10.8,0.677,3.3,4.6,0.708,56.0,56.0,1810.0,3.8,1.9,18.0,123.0,0.9,1.9,12.0,10.2,14.8,0.688,0.0,0.3,0.1,2.5,AS,2.1,11.3,106.0,0.678,10.2,15.0,0.677,4.6,6.4,0.708,56.0,56.0,1810.0,5.3,132.0,2.7,25.0,123.0,1.2,2.6,16.6,0.018,8.2,AS,3.7,3.9,1.2,24.5,3.0,0.428,56.0,56.0,1810.0,2.7,12.0,5.4,23.0,123.0,1.2,12.7,18.4,0.698,18.1,2.7,8.5,0.224,AS,10,57,16,112,56,56,32,35,219,1810,4.2,4.4,100,0,0,0,0,123,36,36,0.0,0.0,AS,0.0,0.5,3.7,163.0,0.341,0.677,0.808,0.478,0.6,0.688,0.478,0.1,56.0,56.0,1810.0,0.731,0.0,0.622,0.042,0.018,0.982,0.288,0.018,123.0,159.5,171.0,AS,56.0,56.0,129.0,5.0,28.0,128.0,147.0,91.0,172.0,123.0,1810.0,123.0,0.688,0.018,0.1,0.678,0.677,0.708,0.428,0.698,,,,,,,,,,,,,,,,,,,,,,,,,,,,,,,,,,,,,,,,,,,,,,,,,,,,,,,,,,,,,,,,,,,,,,,,,,,,,,,,,,,,,,,,,,,,,,,,,,,,,,,,,,,,,,,,,,,,,,,,,,,,,,,,,,,,,,,,,,,,,,,,,,,,,,,,,,,,,,,,,,,,,,,,,,,,,,,,,,,,,,,,,,,,,,,,,,,,,,,,,,,,,
williro04,Robert Williams,https://www.basketball-reference.com/players/w/williro04.html,2021-22,2022,24.0,BOS,C,C,21.0,C,61.0,61.0,1804.0,271.0,367.0,0.738,0.0,1.0,0.0,121.0,"DPOY-7,DEF2",134.0,350.0,0.736,271.0,368.0,0.736,65.0,90.0,0.722,238.0,137.0,607.0,184.0,56.0,63.0,588.0,1.0,4.4,6.0,0.738,0.0,0.0,0.0,2.0,"DPOY-7,DEF2",2.2,5.7,0.736,4.4,6.0,0.736,1.1,1.5,0.722,61.0,61.0,29.6,3.9,2.2,10.0,188.0,0.9,1.0,9.6,5.4,7.3,0.738,0.0,0.0,0.0,2.4,"DPOY-7,DEF2",2.7,7.0,0.736,5.4,7.3,0.736,1.3,1.8,0.722,61.0,61.0,1804.0,4.7,2.7,12.1,125.0,1.1,1.3,11.7,7.5,10.1,0.738,0.0,0.0,0.0,3.3,"DPOY-7,DEF2",3.7,9.6,102.0,0.736,7.5,10.1,0.736,1.8,2.5,0.722,61.0,61.0,1804.0,6.6,148.0,3.8,16.7,125.0,1.5,1.7,16.2,0.003,9.7,"DPOY-7,DEF2",6.8,5.5,3.1,20.5,3.9,0.245,61.0,61.0,1804.0,2.4,14.6,6.0,22.1,125.0,1.5,13.4,17.6,0.745,11.5,3.4,9.9,0.262,"DPOY-7,DEF2",8,89,1,44,61,61,14,9,302,1804,4.0,9.9,58,42,0,0,0,125,30,12,0.0,0.0,"DPOY-7,DEF2",,0.0,2.4,155.0,0.465,0.736,0.796,0.2,0.4,0.738,0.571,0.0,61.0,61.0,1804.0,0.675,,0.758,0.014,0.014,0.997,0.19,0.003,125.0,150.7,145.6,"DPOY-7,DEF2",61.0,61.0,139.0,1.0,0.0,139.0,160.0,93.0,99.0,132.0,1804.0,125.0,0.738,0.003,0.0,0.736,0.736,0.722,0.245,0.745,,17.0,15.0,129.0,3.0,0.0,128.0,147.0,115.0,145.0,128.0,394.0,33.0,0.688,0.013,0.0,0.679,0.679,0.893,0.359,0.725,0.013,6.8,,8.8,5.9,3.8,17.1,0.8,0.359,17.0,15.0,394.0,2.2,12.7,1.3,21.7,33.0,1.5,10.0,15.0,0.725,11.5,0.8,2.1,0.254,,2.0,22.0,1.0,12.0,17.0,15.0,2.0,6.0,40.0,394.0,5.5,7.5,47.0,54.0,0.0,0.0,0.0,33.0,3.0,2.0,6.8,9.8,0.688,0.0,0.1,0.0,2.2,,4.9,7.9,102.0,0.679,6.8,10.0,0.679,3.2,3.6,0.893,17.0,15.0,394.0,5.5,147.0,4.3,16.7,33.0,1.5,1.3,13.4,4.8,7.0,0.688,0.0,0.1,0.0,1.6,,3.5,5.7,0.679,4.8,7.1,0.679,2.3,2.6,0.893,17.0,15.0,394.0,3.9,3.1,12.0,33.0,1.1,0.9,9.6,3.1,4.5,0.688,0.0,0.1,0.0,1.0,,2.2,3.6,0.679,3.1,4.6,0.679,1.5,1.6,0.893,17.0,15.0,23.2,2.5,2.0,7.7,99.0,0.7,0.6,6.2,1.0,0.0,,,0.0,3.8,22.0,0.308,0.679,0.74,0.5,0.5,0.688,0.619,0.0,17.0,15.0,394.0,0.698,,0.641,0.051,0.026,0.987,0.269,0.013,33.0,53.0,77.0,0.688,0.0,1.0,0.0,17.0,,38.0,62.0,0.679,53.0,78.0,0.679,25.0,28.0,0.893,17.0,15.0,394.0,43.0,34.0,131.0,48.0,12.0,10.0,105.0,0.0
poweldw01,Dwight Powell,https://www.basketball-reference.com/players/p/poweldw01.html,2021-22,2022,30.0,DAL,C,C,22.0,C,82.0,71.0,1798.0,256.0,364.0,0.703,13.0,37.0,0.351,97.0,,39.0,231.0,0.687,269.0,401.0,0.671,166.0,212.0,0.783,173.0,220.0,717.0,141.0,37.0,64.0,404.0,0.0,3.1,4.4,0.703,0.2,0.5,0.351,1.2,,0.5,2.8,0.687,3.3,4.9,0.671,2.0,2.6,0.783,82.0,71.0,21.9,2.1,2.7,8.7,227.0,0.5,0.8,4.9,5.1,7.3,0.703,0.3,0.7,0.351,1.9,,0.8,4.6,0.687,5.4,8.0,0.671,3.3,4.2,0.783,82.0,71.0,1798.0,3.5,4.4,14.4,129.0,0.7,1.3,8.1,7.2,10.2,0.703,0.4,1.0,0.351,2.7,,1.1,6.5,110.0,0.687,7.5,11.2,0.671,4.6,5.9,0.783,82.0,71.0,1798.0,4.8,142.0,6.2,20.1,129.0,1.0,1.8,11.3,0.092,8.1,,2.0,0.9,0.5,14.3,2.2,0.529,82.0,71.0,1798.0,0.4,10.7,6.0,18.1,129.0,1.0,11.5,12.5,0.725,14.0,1.3,8.2,0.219,,28,123,18,105,82,71,44,25,232,1798,-1.2,2.9,100,0,0,0,0,129,19,13,1.0,0.0,,0.625,0.216,4.6,108.0,0.302,0.671,0.792,0.375,0.125,0.703,0.422,0.351,82.0,71.0,1798.0,0.855,1.0,0.708,0.02,0.02,0.908,0.16,0.092,129.0,124.6,157.5,,82.0,71.0,132.0,23.0,99.0,129.0,145.0,101.0,213.0,128.0,1798.0,129.0,0.703,0.092,0.351,0.687,0.671,0.783,0.529,0.725,,18.0,18.0,125.0,14.0,0.0,118.0,136.0,79.0,265.0,114.0,249.0,55.0,0.667,0.057,0.0,0.629,0.629,0.609,0.657,0.643,0.057,2.4,,2.2,-4.4,-0.4,14.4,0.1,0.657,18.0,18.0,249.0,-4.0,7.9,0.3,9.3,55.0,0.6,16.6,11.1,0.643,10.3,-0.2,0.4,0.086,,5.0,14.0,3.0,5.0,18.0,18.0,1.0,3.0,11.0,249.0,8.7,6.8,100.0,0.0,0.0,0.0,0.0,55.0,2.0,0.0,4.6,6.9,0.667,0.0,0.4,0.0,0.8,,1.2,6.2,116.0,0.629,4.6,7.3,0.629,2.9,4.8,0.609,18.0,18.0,249.0,3.5,122.0,8.3,12.1,55.0,0.6,1.9,9.8,3.2,4.8,0.667,0.0,0.3,0.0,0.6,,0.9,4.3,0.629,3.2,5.1,0.629,2.0,3.3,0.609,18.0,18.0,249.0,2.5,5.8,8.4,55.0,0.4,1.3,6.8,1.2,1.8,0.667,0.0,0.1,0.0,0.2,,0.3,1.7,0.629,1.2,1.9,0.629,0.8,1.3,0.609,18.0,18.0,13.8,0.9,2.2,3.2,151.0,0.2,0.5,2.6,0.0,0.0,,0.0,1.0,3.7,13.0,0.4,0.629,0.731,,0.0,0.667,0.5,0.0,18.0,18.0,249.0,0.955,,0.743,0.0,0.029,0.943,0.171,0.057,55.0,22.0,33.0,0.667,0.0,2.0,0.0,4.0,,6.0,30.0,0.629,22.0,35.0,0.629,14.0,23.0,0.609,18.0,18.0,249.0,17.0,40.0,58.0,95.0,3.0,9.0,47.0,0.0
plumlma01,Mason Plumlee,https://www.basketball-reference.com/players/p/plumlma01.html,2021-22,2022,31.0,CHO,C,C,23.0,C,73.0,73.0,1793.0,205.0,318.0,0.645,0.0,2.0,0.0,226.0,,52.0,389.0,0.641,205.0,320.0,0.641,67.0,171.0,0.392,176.0,224.0,477.0,232.0,61.0,100.0,565.0,0.0,2.8,4.4,0.645,0.0,0.0,0.0,3.1,,0.7,5.3,0.641,2.8,4.4,0.641,0.9,2.3,0.392,73.0,73.0,24.6,2.4,3.1,6.5,314.0,0.8,1.4,7.7,4.1,6.4,0.645,0.0,0.0,0.0,4.5,,1.0,7.8,0.641,4.1,6.4,0.641,1.3,3.4,0.392,73.0,73.0,1793.0,3.5,4.5,9.6,130.0,1.2,2.0,11.3,5.5,8.5,0.645,0.0,0.1,0.0,6.0,,1.4,10.4,111.0,0.641,5.5,8.6,0.641,1.8,4.6,0.392,73.0,73.0,1793.0,4.7,122.0,6.0,12.8,130.0,1.6,2.7,15.1,0.006,16.4,,2.7,0.0,1.5,23.3,2.0,0.534,73.0,73.0,1793.0,-1.5,10.2,2.7,14.7,130.0,1.6,20.2,16.7,0.603,11.7,0.9,4.7,0.127,,18,117,6,86,73,73,17,29,553,1793,1.2,1.2,100,0,0,0,0,130,56,19,1.0,0.0,,,0.0,3.1,108.0,0.375,0.641,0.752,0.357,0.0,0.645,0.424,0.0,73.0,73.0,1793.0,0.776,,0.681,0.044,0.003,0.994,0.266,0.006,130.0,69.7,29.6,,73.0,73.0,121.0,2.0,0.0,120.0,139.0,51.0,215.0,107.0,1793.0,130.0,0.645,0.006,0.0,0.641,0.641,0.392,0.534,0.603,,,,,,,,,,,,,,,,,,,,,,,,,,,,,,,,,,,,,,,,,,,,,,,,,,,,,,,,,,,,,,,,,,,,,,,,,,,,,,,,,,,,,,,,,,,,,,,,,,,,,,,,,,,,,,,,,,,,,,,,,,,,,,,,,,,,,,,,,,,,,,,,,,,,,,,,,,,,,,,,,,,,,,,,,,,,,,,,,,,,,,,,,,,,,,,,,,,,,,,,,,,,,
washipj01,P.J. Washington,https://www.basketball-reference.com/players/w/washipj01.html,2021-22,2022,23.0,CHO,C,C,24.0,C,65.0,28.0,1768.0,140.0,231.0,0.606,110.0,301.0,0.365,147.0,,61.0,255.0,0.573,250.0,532.0,0.47,58.0,81.0,0.716,82.0,152.0,668.0,158.0,57.0,82.0,337.0,0.0,2.2,3.6,0.606,1.7,4.6,0.365,2.3,,0.9,3.9,0.573,3.8,8.2,0.47,0.9,1.2,0.716,65.0,28.0,27.2,1.3,2.3,10.3,175.0,0.9,1.3,5.2,2.9,4.7,0.606,2.2,6.1,0.365,3.0,,1.2,5.2,0.573,5.1,10.8,0.47,1.2,1.6,0.716,65.0,28.0,1768.0,1.7,3.1,13.6,135.0,1.2,1.7,6.9,3.8,6.3,0.606,3.0,8.2,0.365,4.0,,1.7,6.9,113.0,0.573,6.8,14.4,0.47,1.6,2.2,0.716,65.0,28.0,1768.0,2.2,114.0,4.1,18.1,135.0,1.5,2.2,9.1,0.566,11.2,,3.3,-0.1,0.2,15.5,1.6,0.152,65.0,28.0,1768.0,-0.2,4.8,1.8,13.6,135.0,1.5,12.6,10.1,0.588,15.6,0.9,3.4,0.091,,10,87,4,39,65,28,7,25,365,1768,4.2,2.9,53,47,0,0,0,135,48,22,3.0,0.0,,0.316,0.252,15.8,51.0,0.103,0.47,0.711,0.5,0.0,0.606,0.4,0.365,65.0,28.0,1768.0,0.793,0.973,0.286,0.015,0.002,0.434,0.132,0.566,135.0,44.3,25.4,,65.0,28.0,114.0,142.0,103.0,108.0,102.0,92.0,61.0,104.0,1768.0,135.0,0.606,0.566,0.365,0.573,0.47,0.716,0.152,0.588,,,,,,,,,,,,,,,,,,,,,,,,,,,,,,,,,,,,,,,,,,,,,,,,,,,,,,,,,,,,,,,,,,,,,,,,,,,,,,,,,,,,,,,,,,,,,,,,,,,,,,,,,,,,,,,,,,,,,,,,,,,,,,,,,,,,,,,,,,,,,,,,,,,,,,,,,,,,,,,,,,,,,,,,,,,,,,,,,,,,,,,,,,,,,,,,,,,,,,,,,,,,,
looneke01,Kevon Looney,https://www.basketball-reference.com/players/l/looneke01.html,2021-22,2022,25.0,GSW,C,C,25.0,C,82.0,80.0,1732.0,208.0,363.0,0.573,0.0,1.0,0.0,165.0,,52.0,388.0,0.571,208.0,364.0,0.571,75.0,125.0,0.6,208.0,215.0,491.0,229.0,50.0,67.0,596.0,0.0,2.5,4.4,0.573,0.0,0.0,0.0,2.0,,0.6,4.7,0.571,2.5,4.4,0.571,0.9,1.5,0.6,82.0,80.0,21.1,2.5,2.6,6.0,343.0,0.6,0.8,7.3,4.3,7.5,0.573,0.0,0.0,0.0,3.4,,1.1,8.1,0.571,4.3,7.6,0.571,1.6,2.6,0.6,82.0,80.0,1732.0,4.3,4.5,10.2,138.0,1.0,1.4,12.4,5.9,10.2,0.573,0.0,0.0,0.0,4.6,,1.5,10.9,105.0,0.571,5.9,10.2,0.571,2.1,3.5,0.6,82.0,80.0,1732.0,5.9,128.0,6.1,13.8,138.0,1.4,1.9,16.8,0.003,13.2,,2.9,0.9,1.7,23.8,3.2,0.343,82.0,80.0,1732.0,-0.9,13.5,3.5,15.7,138.0,1.4,13.8,18.8,0.586,12.2,1.3,6.8,0.187,,19,113,2,60,82,80,9,36,400,1732,0.7,6.2,99,1,0,0,0,138,25,17,0.0,0.0,,,0.0,4.6,83.0,0.239,0.571,0.675,0.292,0.2,0.573,0.554,0.0,82.0,80.0,1732.0,0.736,,0.541,0.066,0.082,0.997,0.308,0.003,138.0,28.9,16.7,,82.0,80.0,108.0,1.0,0.0,107.0,124.0,77.0,138.0,104.0,1732.0,138.0,0.573,0.003,0.0,0.571,0.571,0.6,0.343,0.586,,22.0,13.0,124.0,0.0,,124.0,143.0,79.0,82.0,117.0,448.0,27.0,0.659,0.0,,0.659,0.659,0.611,0.205,0.662,0.0,14.6,,2.2,3.1,2.0,25.6,0.6,0.205,22.0,13.0,448.0,1.1,16.2,1.3,18.3,27.0,1.0,16.5,21.0,0.662,11.3,0.6,1.9,0.205,,7.0,23.0,0.0,10.0,22.0,13.0,2.0,9.0,125.0,448.0,4.7,8.1,98.0,3.0,0.0,0.0,0.0,27.0,8.0,4.0,6.4,9.7,0.659,0.0,0.0,,5.3,,1.1,11.6,109.0,0.659,6.4,9.7,0.659,1.2,2.0,0.611,22.0,13.0,448.0,6.9,139.0,5.5,14.0,27.0,1.0,2.1,18.5,4.7,7.1,0.659,0.0,0.0,,3.9,,0.8,8.4,0.659,4.7,7.1,0.659,0.9,1.4,0.611,22.0,13.0,448.0,5.1,4.0,10.2,27.0,0.7,1.5,13.5,2.6,4.0,0.659,0.0,0.0,,2.2,,0.5,4.8,0.659,2.6,4.0,0.659,0.5,0.8,0.611,22.0,13.0,20.4,2.9,2.3,5.8,112.0,0.4,0.9,7.6,0.0,0.0,,,,3.2,18.0,0.239,0.659,0.651,0.0,0.5,0.659,0.69,,22.0,13.0,448.0,0.759,,0.489,0.011,0.023,1.0,0.477,0.0,27.0,58.0,88.0,0.659,0.0,0.0,,48.0,,10.0,105.0,0.659,58.0,88.0,0.659,11.0,18.0,0.611,22.0,13.0,448.0,63.0,50.0,127.0,49.0,9.0,19.0,168.0,0.0
achiupr01,Precious Achiuwa,https://www.basketball-reference.com/players/a/achiupr01.html,2021-22,2022,22.0,TOR,C,C,26.0,C,73.0,28.0,1725.0,209.0,447.0,0.468,56.0,156.0,0.359,82.0,,41.0,327.0,0.486,265.0,603.0,0.439,78.0,131.0,0.595,146.0,151.0,664.0,161.0,37.0,84.0,473.0,0.0,2.9,6.1,0.468,0.8,2.1,0.359,1.1,,0.6,4.5,0.486,3.6,8.3,0.439,1.1,1.8,0.595,73.0,28.0,23.6,2.0,2.1,9.1,209.0,0.5,1.2,6.5,4.4,9.3,0.468,1.2,3.3,0.359,1.7,,0.9,6.8,0.486,5.5,12.6,0.439,1.6,2.7,0.595,73.0,28.0,1725.0,3.0,3.2,13.9,142.0,0.8,1.8,9.9,6.1,13.0,0.468,1.6,4.5,0.359,2.4,,1.2,9.5,110.0,0.486,7.7,17.5,0.439,2.3,3.8,0.595,73.0,28.0,1725.0,4.2,105.0,4.4,19.2,142.0,1.1,2.4,13.7,0.259,6.9,,2.3,-2.6,-0.6,21.7,2.1,0.217,73.0,28.0,1725.0,-2.0,8.7,0.4,12.7,142.0,1.1,11.3,14.9,0.503,18.5,-0.2,2.5,0.07,,24,70,10,62,73,28,15,50,200,1725,0.0,2.2,98,2,0,0,0,142,19,26,0.0,0.0,,0.313,0.429,10.1,67.0,0.143,0.439,0.618,0.38,0.19,0.468,0.335,0.359,73.0,28.0,1725.0,0.584,0.964,0.343,0.083,0.035,0.741,0.267,0.259,142.0,-55.2,-83.8,,73.0,28.0,88.0,65.0,102.0,91.0,95.0,77.0,88.0,89.0,1725.0,142.0,0.468,0.259,0.359,0.486,0.439,0.595,0.217,0.503,,6.0,1.0,104.0,77.0,88.0,99.0,104.0,77.0,77.0,96.0,167.0,90.0,0.556,0.308,0.313,0.529,0.481,0.6,0.192,0.541,0.308,5.7,,3.3,-3.3,-1.0,17.1,0.0,0.192,6.0,1.0,167.0,-2.4,5.4,0.0,10.9,90.0,0.3,13.8,10.7,0.541,18.2,-0.1,0.0,-0.014,,2.0,8.0,4.0,6.0,6.0,1.0,2.0,6.0,15.0,167.0,1.4,-8.8,98.0,2.0,0.0,0.0,0.0,90.0,1.0,5.0,6.3,11.3,0.556,1.6,5.0,0.313,1.9,,1.6,6.6,122.0,0.529,7.9,16.4,0.481,1.9,3.2,0.6,6.0,1.0,167.0,2.5,102.0,4.4,19.2,90.0,0.3,2.8,9.1,4.3,7.8,0.556,1.1,3.4,0.313,1.3,,1.1,4.5,0.529,5.4,11.2,0.481,1.3,2.2,0.6,6.0,1.0,167.0,1.7,3.0,13.1,90.0,0.2,1.9,6.3,3.3,6.0,0.556,0.8,2.7,0.313,1.0,,0.8,3.5,0.529,4.2,8.7,0.481,1.0,1.7,0.6,6.0,1.0,27.8,1.3,2.3,10.2,75.0,0.2,1.5,4.8,0.0,0.0,,0.333,0.375,10.4,6.0,0.135,0.481,0.826,0.0,0.0,0.556,0.111,0.313,6.0,1.0,167.0,0.65,1.0,0.442,0.058,0.019,0.692,0.173,0.308,90.0,20.0,36.0,0.556,5.0,16.0,0.313,6.0,,5.0,21.0,0.529,25.0,52.0,0.481,6.0,10.0,0.6,6.0,1.0,167.0,8.0,14.0,61.0,90.0,1.0,9.0,29.0,0.0
aytonde01,Deandre Ayton,https://www.basketball-reference.com/players/a/aytonde01.html,2021-22,2022,23.0,PHO,C,C,27.0,C,58.0,58.0,1713.0,435.0,678.0,0.642,7.0,19.0,0.368,84.0,,40.0,444.0,0.639,442.0,697.0,0.634,106.0,142.0,0.746,149.0,142.0,997.0,77.0,40.0,91.0,593.0,0.0,7.5,11.7,0.642,0.1,0.3,0.368,1.4,,0.7,7.7,0.639,7.6,12.0,0.634,1.8,2.4,0.746,58.0,58.0,29.5,2.6,2.4,17.2,62.0,0.7,1.6,10.2,9.1,14.2,0.642,0.1,0.4,0.368,1.8,,0.8,9.3,0.639,9.3,14.6,0.634,2.2,3.0,0.746,58.0,58.0,1713.0,3.1,3.0,21.0,143.0,0.8,1.9,12.5,12.2,19.0,0.642,0.2,0.5,0.368,2.4,,1.1,12.5,105.0,0.639,12.4,19.6,0.634,3.0,4.0,0.746,58.0,58.0,1713.0,4.2,124.0,4.0,28.0,143.0,1.1,2.6,16.7,0.027,7.6,,2.1,2.8,0.6,27.1,3.1,0.204,58.0,58.0,1713.0,2.2,9.6,4.1,21.9,143.0,1.1,10.7,18.6,0.656,21.4,2.1,7.3,0.203,,23,88,2,70,58,58,17,37,210,1713,3.7,9.8,100,0,0,0,0,143,19,34,0.0,0.0,,,0.0,6.9,92.0,0.141,0.634,0.79,0.555,0.385,0.642,0.593,0.368,58.0,58.0,1713.0,0.795,1.0,0.321,0.184,0.056,0.973,0.395,0.027,143.0,149.8,137.3,,58.0,58.0,120.0,7.0,104.0,120.0,138.0,96.0,82.0,116.0,1713.0,143.0,0.642,0.027,0.368,0.639,0.634,0.746,0.204,0.656,,13.0,13.0,121.0,6.0,141.0,122.0,139.0,82.0,81.0,115.0,397.0,32.0,0.644,0.024,0.5,0.646,0.64,0.636,0.201,0.653,0.024,9.3,,2.4,3.6,0.2,24.1,0.2,0.201,13.0,13.0,397.0,3.4,10.2,1.2,23.5,32.0,0.6,9.6,17.4,0.653,22.9,0.6,1.4,0.167,,7.0,19.0,0.0,18.0,13.0,13.0,5.0,5.0,53.0,397.0,4.3,0.3,99.0,1.0,0.0,0.0,0.0,32.0,2.0,6.0,13.4,20.8,0.644,0.3,0.5,0.5,2.9,,1.3,10.8,115.0,0.646,13.6,21.3,0.64,2.7,4.3,0.636,13.0,13.0,397.0,4.3,125.0,4.4,30.3,32.0,0.6,2.5,15.1,9.3,14.5,0.644,0.2,0.4,0.5,2.0,,0.9,7.5,0.646,9.5,14.9,0.64,1.9,3.0,0.636,13.0,13.0,397.0,3.0,3.1,21.1,32.0,0.5,1.7,10.5,7.9,12.3,0.644,0.2,0.3,0.5,1.7,,0.8,6.4,0.646,8.1,12.6,0.64,1.6,2.5,0.636,13.0,13.0,30.5,2.5,2.6,17.9,30.0,0.4,1.5,8.9,0.0,0.0,,,0.0,7.7,17.0,0.104,0.64,0.792,0.537,0.615,0.644,0.585,0.5,13.0,13.0,397.0,0.777,1.0,0.323,0.25,0.079,0.976,0.323,0.024,32.0,103.0,160.0,0.644,2.0,4.0,0.5,22.0,,10.0,83.0,0.646,105.0,164.0,0.64,21.0,33.0,0.636,13.0,13.0,397.0,33.0,34.0,233.0,18.0,5.0,19.0,116.0,0.0
loveke01,Kevin Love,https://www.basketball-reference.com/players/l/loveke01.html,2021-22,2022,33.0,CLE,C,C,28.0,C,74.0,4.0,1665.0,140.0,284.0,0.493,187.0,477.0,0.392,160.0,6MOY-2,18.0,449.0,0.553,327.0,761.0,0.43,166.0,198.0,0.838,87.0,101.0,1007.0,76.0,26.0,98.0,536.0,0.0,1.9,3.8,0.493,2.5,6.4,0.392,2.2,6MOY-2,0.2,6.1,0.553,4.4,10.3,0.43,2.2,2.7,0.838,74.0,4.0,22.5,1.2,1.4,13.6,107.0,0.4,1.3,7.2,3.0,6.1,0.493,4.0,10.3,0.392,3.5,6MOY-2,0.4,9.7,0.553,7.1,16.5,0.43,3.6,4.3,0.838,74.0,4.0,1665.0,1.9,2.2,21.8,153.0,0.6,2.1,11.6,4.2,8.5,0.493,5.6,14.3,0.392,4.8,6MOY-2,0.5,13.5,108.0,0.553,9.8,22.8,0.43,5.0,5.9,0.838,74.0,4.0,1665.0,2.6,117.0,3.0,30.2,153.0,0.8,2.9,16.1,0.627,15.3,6MOY-2,1.0,4.5,0.1,29.2,2.5,0.26,74.0,4.0,1665.0,4.4,5.9,3.2,19.6,153.0,0.8,10.4,17.8,0.594,25.1,2.7,5.7,0.164,6MOY-2,13,53,29,63,74,4,11,16,368,1665,-2.2,0.9,67,33,0,0,0,153,59,18,1.0,0.0,6MOY-2,0.358,0.17,19.5,4.0,0.007,0.43,0.723,0.391,0.333,0.493,0.473,0.392,74.0,4.0,1665.0,0.564,0.93,0.109,0.084,0.075,0.373,0.097,0.627,153.0,31.8,46.9,6MOY-2,74.0,4.0,93.0,157.0,111.0,104.0,93.0,108.0,105.0,105.0,1665.0,153.0,0.493,0.627,0.392,0.553,0.43,0.838,0.26,0.594,,,,,,,,,,,,,,,,,,,,,,,,,,,,,,,,,,,,,,,,,,,,,,,,,,,,,,,,,,,,,,,,,,,,,,,,,,,,,,,,,,,,,,,,,,,,,,,,,,,,,,,,,,,,,,,,,,,,,,,,,,,,,,,,,,,,,,,,,,,,,,,,,,,,,,,,,,,,,,,,,,,,,,,,,,,,,,,,,,,,,,,,,,,,,,,,,,,,,,,,,,,,,
harremo01,Montrezl Harrell,https://www.basketball-reference.com/players/h/harremo01.html,2021-22,2022,28.0,2TM,C,C,29.0,C,71.0,3.0,1641.0,354.0,538.0,0.658,4.0,17.0,0.235,145.0,6MOY-9,43.0,282.0,0.649,358.0,555.0,0.645,212.0,296.0,0.716,149.0,137.0,932.0,89.0,29.0,72.0,431.0,0.0,5.0,7.6,0.658,0.1,0.2,0.235,2.0,6MOY-9,0.6,4.0,0.649,5.0,7.8,0.645,3.0,4.2,0.716,71.0,3.0,23.1,2.1,1.9,13.1,116.0,0.4,1.0,6.1,7.8,11.8,0.658,0.1,0.4,0.235,3.2,6MOY-9,0.9,6.2,0.649,7.9,12.2,0.645,4.7,6.5,0.716,71.0,3.0,1641.0,3.3,3.0,20.4,159.0,0.6,1.6,9.5,10.6,16.1,0.658,0.1,0.5,0.235,4.3,6MOY-9,1.3,8.4,114.0,0.649,10.7,16.6,0.645,6.3,8.8,0.716,71.0,3.0,1641.0,4.4,134.0,4.1,27.8,159.0,0.9,2.1,12.9,0.031,13.9,6MOY-9,2.3,3.9,0.1,18.7,1.2,0.533,71.0,3.0,1641.0,3.7,10.0,6.1,23.2,159.0,0.9,9.5,14.4,0.68,20.2,2.4,7.3,0.213,6MOY-9,12,63,17,149,71,3,47,37,337,1641,6.0,2.5,98,2,0,0,0,159,31,24,2.0,0.0,6MOY-9,0.5,0.118,4.3,149.0,0.285,0.645,0.769,0.395,0.316,0.658,0.524,0.235,71.0,3.0,1641.0,0.641,1.0,0.577,0.077,0.034,0.969,0.258,0.031,159.0,129.8,156.3,6MOY-9,71.0,3.0,124.0,8.0,67.0,122.0,140.0,92.0,215.0,120.0,1641.0,159.0,0.658,0.031,0.235,0.649,0.645,0.716,0.533,0.68,,,,,,,,,,,,,,,,,,,,,,,,,,,,,,,,,,,,,,,,,,,,,,,,,,,,,,,,,,,,,,,,,,,,,,,,,,,,,,,,,,,,,,,,,,,,,,,,,,,,,,,,,,,,,,,,,,,,,,,,,,,,,,,,,,,,,,,,,,,,,,,,,,,,,,,,,,,,,,,,,,,,,,,,,,,,,,,,,,,,,,,,,,,,,,,,,,,,,,,,,,,,,
nurkiju01,Jusuf Nurkić,https://www.basketball-reference.com/players/n/nurkiju01.html,2021-22,2022,27.0,POR,C,C,30.0,C,56.0,56.0,1579.0,306.0,544.0,0.563,15.0,56.0,0.268,157.0,,34.0,452.0,0.548,321.0,600.0,0.535,185.0,268.0,0.69,167.0,189.0,842.0,116.0,62.0,143.0,619.0,0.0,5.5,9.7,0.563,0.3,1.0,0.268,2.8,,0.6,8.1,0.548,5.7,10.7,0.535,3.3,4.8,0.69,56.0,56.0,28.2,3.0,3.4,15.0,93.0,1.1,2.6,11.1,7.0,12.4,0.563,0.3,1.3,0.268,3.6,,0.8,10.3,0.548,7.3,13.7,0.535,4.2,6.1,0.69,56.0,56.0,1579.0,3.8,4.3,19.2,166.0,1.4,3.3,14.1,9.5,16.8,0.563,0.5,1.7,0.268,4.9,,1.1,14.0,112.0,0.548,9.9,18.6,0.535,5.7,8.3,0.69,56.0,56.0,1579.0,5.2,112.0,5.8,26.1,166.0,1.9,4.4,19.2,0.093,16.6,,2.1,0.3,0.2,32.6,1.7,0.447,56.0,56.0,1579.0,0.1,11.2,2.0,20.0,166.0,1.9,16.6,21.5,0.586,23.6,0.9,3.6,0.11,,38,82,6,122,56,56,35,46,393,1579,13.8,-0.6,100,0,0,0,0,166,55,40,0.0,0.0,,1.0,0.018,5.9,34.0,0.06,0.535,0.648,0.278,0.364,0.563,0.481,0.268,56.0,56.0,1579.0,0.614,0.933,0.478,0.03,0.037,0.907,0.35,0.093,166.0,19.0,29.3,,56.0,56.0,106.0,23.0,76.0,103.0,116.0,89.0,180.0,104.0,1579.0,166.0,0.563,0.093,0.268,0.548,0.535,0.69,0.447,0.586,,,,,,,,,,,,,,,,,,,,,,,,,,,,,,,,,,,,,,,,,,,,,,,,,,,,,,,,,,,,,,,,,,,,,,,,,,,,,,,,,,,,,,,,,,,,,,,,,,,,,,,,,,,,,,,,,,,,,,,,,,,,,,,,,,,,,,,,,,,,,,,,,,,,,,,,,,,,,,,,,,,,,,,,,,,,,,,,,,,,,,,,,,,,,,,,,,,,,,,,,,,,,
sengual01,Alperen Şengün,https://www.basketball-reference.com/players/s/sengual01.html,2021-22,2022,19.0,HOU,C,C,31.0,C,72.0,13.0,1489.0,220.0,408.0,0.539,29.0,117.0,0.248,185.0,,68.0,255.0,0.502,249.0,525.0,0.474,165.0,232.0,0.711,138.0,214.0,692.0,149.0,59.0,145.0,393.0,0.0,3.1,5.7,0.539,0.4,1.6,0.248,2.6,,0.9,3.5,0.502,3.5,7.3,0.474,2.3,3.2,0.711,72.0,13.0,20.7,1.9,3.0,9.6,194.0,0.8,2.0,5.5,5.3,9.9,0.539,0.7,2.8,0.248,4.5,,1.6,6.2,0.502,6.0,12.7,0.474,4.0,5.6,0.711,72.0,13.0,1489.0,3.3,5.2,16.7,178.0,1.4,3.5,9.5,7.0,13.0,0.539,0.9,3.7,0.248,5.9,,2.2,8.2,113.0,0.502,8.0,16.8,0.474,5.3,7.4,0.711,72.0,13.0,1489.0,4.4,107.0,6.8,22.1,178.0,1.9,4.6,12.6,0.223,19.1,,4.1,-1.0,0.6,18.9,1.3,0.442,72.0,13.0,1489.0,-1.6,10.1,0.8,16.0,178.0,1.9,18.8,14.5,0.552,22.0,0.4,2.1,0.068,,28,119,23,96,72,13,23,46,453,1489,-2.5,-10.6,100,0,0,0,0,178,59,42,6.0,0.0,,0.2,0.085,9.0,44.0,0.099,0.474,0.671,0.318,0.4,0.539,0.385,0.248,72.0,13.0,1489.0,0.436,0.966,0.429,0.042,0.01,0.777,0.297,0.223,178.0,-31.3,-17.9,,72.0,13.0,101.0,56.0,70.0,94.0,103.0,92.0,178.0,97.0,1489.0,178.0,0.539,0.223,0.248,0.502,0.474,0.711,0.442,0.552,,,,,,,,,,,,,,,,,,,,,,,,,,,,,,,,,,,,,,,,,,,,,,,,,,,,,,,,,,,,,,,,,,,,,,,,,,,,,,,,,,,,,,,,,,,,,,,,,,,,,,,,,,,,,,,,,,,,,,,,,,,,,,,,,,,,,,,,,,,,,,,,,,,,,,,,,,,,,,,,,,,,,,,,,,,,,,,,,,,,,,,,,,,,,,,,,,,,,,,,,,,,,
porzikr01,Kristaps Porziņģis,https://www.basketball-reference.com/players/p/porzikr01.html,2021-22,2022,26.0,2TM,PF,C,32.0,C,51.0,51.0,1481.0,274.0,515.0,0.532,78.0,252.0,0.31,119.0,,84.0,309.0,0.51,352.0,767.0,0.459,248.0,286.0,0.867,102.0,137.0,1030.0,73.0,37.0,81.0,411.0,0.0,5.4,10.1,0.532,1.5,4.9,0.31,2.3,,1.6,6.1,0.51,6.9,15.0,0.459,4.9,5.6,0.867,51.0,51.0,29.0,2.0,2.7,20.2,35.0,0.7,1.6,8.1,6.7,12.5,0.532,1.9,6.1,0.31,2.9,,2.0,7.5,0.51,8.6,18.6,0.459,6.0,7.0,0.867,51.0,51.0,1481.0,2.5,3.3,25.0,180.0,0.9,2.0,10.0,9.3,17.4,0.532,2.6,8.5,0.31,4.0,,2.8,10.4,107.0,0.51,11.9,25.9,0.459,8.4,9.7,0.867,51.0,51.0,1481.0,3.4,116.0,4.6,34.8,180.0,1.3,2.7,13.9,0.329,13.7,,5.0,3.9,0.6,23.1,2.4,0.373,51.0,51.0,1481.0,3.3,7.7,3.2,23.7,180.0,1.3,8.3,15.4,0.577,29.5,2.2,5.6,0.18,,18,59,3,115,51,51,18,29,278,1481,-1.1,0.6,73,27,0,0,0,180,33,24,1.0,0.0,,0.429,0.028,14.3,85.0,0.124,0.459,0.762,0.42,0.456,0.532,0.414,0.31,51.0,51.0,1481.0,0.682,0.987,0.214,0.186,0.089,0.671,0.183,0.329,180.0,-33.6,19.3,,51.0,51.0,100.0,82.0,88.0,96.0,100.0,112.0,150.0,102.0,1481.0,180.0,0.532,0.329,0.31,0.51,0.459,0.867,0.373,0.577,,,,,,,,,,,,,,,,,,,,,,,,,,,,,,,,,,,,,,,,,,,,,,,,,,,,,,,,,,,,,,,,,,,,,,,,,,,,,,,,,,,,,,,,,,,,,,,,,,,,,,,,,,,,,,,,,,,,,,,,,,,,,,,,,,,,,,,,,,,,,,,,,,,,,,,,,,,,,,,,,,,,,,,,,,,,,,,,,,,,,,,,,,,,,,,,,,,,,,,,,,,,,
gaffoda01,Daniel Gafford,https://www.basketball-reference.com/players/g/gaffoda01.html,2021-22,2022,23.0,WAS,C,C,33.0,C,72.0,53.0,1444.0,285.0,410.0,0.695,0.0,1.0,0.0,68.0,,99.0,252.0,0.693,285.0,411.0,0.693,107.0,153.0,0.699,155.0,170.0,677.0,156.0,30.0,65.0,407.0,0.0,4.0,5.7,0.695,0.0,0.0,0.0,0.9,,1.4,3.5,0.693,4.0,5.7,0.693,1.5,2.1,0.699,72.0,53.0,20.1,2.2,2.4,9.4,199.0,0.4,0.9,5.7,7.1,10.2,0.695,0.0,0.0,0.0,1.7,,2.5,6.3,0.693,7.1,10.2,0.693,2.7,3.8,0.699,72.0,53.0,1444.0,3.9,4.2,16.9,190.0,0.7,1.6,10.1,9.8,14.0,0.695,0.0,0.0,0.0,2.3,,3.4,8.6,111.0,0.693,9.8,14.1,0.693,3.7,5.2,0.699,72.0,53.0,1444.0,5.3,134.0,5.8,23.2,190.0,1.0,2.2,13.9,0.002,7.3,,5.8,1.6,0.5,19.0,1.6,0.372,72.0,53.0,1444.0,1.1,12.1,4.4,21.8,190.0,1.0,12.0,15.6,0.708,16.7,1.3,6.0,0.198,,15,112,4,76,72,53,30,38,166,1444,-5.4,-6.7,100,0,0,0,0,190,22,22,0.0,0.0,,,0.0,2.9,158.0,0.438,0.693,0.836,0.333,0.0,0.695,0.448,0.0,72.0,53.0,1444.0,0.737,,0.655,0.022,0.012,0.998,0.304,0.002,190.0,133.0,135.5,,72.0,53.0,131.0,1.0,0.0,130.0,150.0,90.0,150.0,125.0,1444.0,190.0,0.695,0.002,0.0,0.693,0.693,0.699,0.372,0.708,,,,,,,,,,,,,,,,,,,,,,,,,,,,,,,,,,,,,,,,,,,,,,,,,,,,,,,,,,,,,,,,,,,,,,,,,,,,,,,,,,,,,,,,,,,,,,,,,,,,,,,,,,,,,,,,,,,,,,,,,,,,,,,,,,,,,,,,,,,,,,,,,,,,,,,,,,,,,,,,,,,,,,,,,,,,,,,,,,,,,,,,,,,,,,,,,,,,,,,,,,,,,
drumman01,Andre Drummond,https://www.basketball-reference.com/players/d/drumman01.html,2021-22,2022,28.0,2TM,C,C,34.0,C,73.0,36.0,1437.0,247.0,430.0,0.574,0.0,3.0,0.0,131.0,,68.0,451.0,0.57,247.0,433.0,0.57,86.0,164.0,0.524,229.0,192.0,580.0,196.0,78.0,115.0,680.0,0.0,3.4,5.9,0.574,0.0,0.0,0.0,1.8,,0.9,6.2,0.57,3.4,5.9,0.57,1.2,2.2,0.524,73.0,36.0,19.7,3.1,2.6,7.9,259.0,1.1,1.6,9.3,6.2,10.8,0.574,0.0,0.1,0.0,3.3,,1.7,11.3,0.57,6.2,10.8,0.57,2.2,4.1,0.524,73.0,36.0,1437.0,5.7,4.8,14.5,193.0,2.0,2.9,17.0,8.5,14.8,0.574,0.0,0.1,0.0,4.5,,2.3,15.5,102.0,0.57,8.5,14.9,0.57,3.0,5.6,0.524,73.0,36.0,1437.0,7.9,114.0,6.6,19.9,193.0,2.7,3.9,23.4,0.007,13.7,,4.2,1.3,1.4,34.1,3.1,0.379,73.0,36.0,1437.0,-0.1,18.0,2.0,21.0,193.0,2.7,18.5,26.2,0.574,19.0,1.2,5.1,0.17,,31,103,3,72,73,36,24,47,315,1437,0.2,2.5,99,1,0,0,0,193,47,20,2.0,0.0,,,0.0,2.8,93.0,0.249,0.57,0.641,0.222,0.0,0.574,0.434,0.0,73.0,36.0,1437.0,0.591,,0.707,0.021,0.005,0.993,0.261,0.007,193.0,33.5,8.1,,73.0,36.0,108.0,2.0,0.0,107.0,124.0,68.0,153.0,101.0,1437.0,193.0,0.574,0.007,0.0,0.57,0.57,0.524,0.379,0.574,,4.0,4.0,102.0,0.0,,103.0,118.0,77.0,183.0,100.0,60.0,153.0,0.545,0.0,,0.545,0.545,0.6,0.455,0.568,0.0,7.0,,4.8,-3.2,1.7,19.7,0.1,0.455,4.0,4.0,60.0,-4.9,6.5,-0.1,10.0,153.0,4.3,31.3,13.1,0.568,14.7,0.0,0.0,-0.012,,1.0,4.0,0.0,3.0,4.0,4.0,1.0,1.0,8.0,60.0,-26.2,-22.6,100.0,0.0,0.0,0.0,0.0,153.0,4.0,1.0,5.1,9.4,0.545,0.0,0.0,,2.6,,2.6,7.7,113.0,0.545,5.1,9.4,0.545,2.6,4.3,0.6,4.0,4.0,60.0,2.6,90.0,10.2,12.8,153.0,4.3,5.1,10.2,3.6,6.6,0.545,0.0,0.0,,1.8,,1.8,5.4,0.545,3.6,6.6,0.545,1.8,3.0,0.6,4.0,4.0,60.0,1.8,7.2,9.0,153.0,3.0,3.6,7.2,1.5,2.8,0.545,0.0,0.0,,0.8,,0.8,2.3,0.545,1.5,2.8,0.545,0.8,1.3,0.6,4.0,4.0,15.0,0.8,3.0,3.8,141.0,1.3,1.5,3.0,0.0,0.0,,,,3.0,2.0,0.273,0.545,0.8,,,0.545,0.333,,4.0,4.0,60.0,0.5,,0.455,0.0,0.0,1.0,0.545,0.0,153.0,6.0,11.0,0.545,0.0,0.0,,3.0,,3.0,9.0,0.545,6.0,11.0,0.545,3.0,5.0,0.6,4.0,4.0,60.0,3.0,12.0,15.0,157.0,5.0,6.0,12.0,0.0
davisan02,Anthony Davis,https://www.basketball-reference.com/players/d/davisan02.html,2021-22,2022,28.0,LAL,C,C,35.0,C,40.0,40.0,1404.0,357.0,625.0,0.571,13.0,70.0,0.186,122.0,,90.0,288.0,0.542,370.0,695.0,0.532,174.0,244.0,0.713,106.0,97.0,927.0,92.0,49.0,82.0,394.0,0.0,8.9,15.6,0.571,0.3,1.8,0.186,3.1,,2.3,7.2,0.542,9.3,17.4,0.532,4.4,6.1,0.713,40.0,40.0,35.1,2.7,2.4,23.2,22.0,1.2,2.1,9.9,9.2,16.0,0.571,0.3,1.8,0.186,3.1,,2.3,7.4,0.542,9.5,17.8,0.532,4.5,6.3,0.713,40.0,40.0,1404.0,2.7,2.5,23.8,197.0,1.3,2.1,10.1,12.2,21.3,0.571,0.4,2.4,0.186,4.2,,3.1,9.8,109.0,0.542,12.6,23.7,0.532,5.9,8.3,0.713,40.0,40.0,1404.0,3.6,115.0,3.3,31.6,197.0,1.7,2.8,13.5,0.101,14.7,,5.7,3.8,1.2,22.0,2.0,0.351,40.0,40.0,1404.0,2.6,8.1,2.6,23.9,197.0,1.7,9.3,15.1,0.578,27.1,2.0,4.5,0.155,,11,57,5,89,40,40,25,18,309,1404,-0.2,-3.2,76,24,0,0,0,197,31,34,0.0,0.0,,0.429,0.1,9.3,109.0,0.174,0.532,0.794,0.323,0.408,0.571,0.481,0.186,40.0,40.0,1404.0,0.63,0.846,0.363,0.142,0.173,0.899,0.191,0.101,197.0,14.0,18.7,,40.0,40.0,107.0,25.0,53.0,102.0,115.0,92.0,141.0,102.0,1404.0,197.0,0.571,0.101,0.186,0.542,0.532,0.713,0.351,0.578,,,,,,,,,,,,,,,,,,,,,,,,,,,,,,,,,,,,,,,,,,,,,,,,,,,,,,,,,,,,,,,,,,,,,,,,,,,,,,,,,,,,,,,,,,,,,,,,,,,,,,,,,,,,,,,,,,,,,,,,,,,,,,,,,,,,,,,,,,,,,,,,,,,,,,,,,,,,,,,,,,,,,,,,,,,,,,,,,,,,,,,,,,,,,,,,,,,,,,,,,,,,,
hayesja02,Jaxson Hayes,https://www.basketball-reference.com/players/h/hayesja02.html,2021-22,2022,21.0,NOP,C,C,36.0,C,70.0,28.0,1398.0,225.0,341.0,0.66,20.0,57.0,0.351,43.0,,55.0,200.0,0.641,245.0,398.0,0.616,144.0,188.0,0.766,115.0,155.0,654.0,164.0,33.0,54.0,315.0,0.0,3.2,4.9,0.66,0.3,0.8,0.351,0.6,,0.8,2.9,0.641,3.5,5.7,0.616,2.1,2.7,0.766,70.0,28.0,20.0,1.6,2.2,9.3,200.0,0.5,0.8,4.5,5.8,8.8,0.66,0.5,1.5,0.351,1.1,,1.4,5.2,0.641,6.3,10.2,0.616,3.7,4.8,0.766,70.0,28.0,1398.0,3.0,4.0,16.8,199.0,0.8,1.4,8.1,7.9,12.0,0.66,0.7,2.0,0.351,1.5,,1.9,7.1,113.0,0.641,8.7,14.1,0.616,5.1,6.6,0.766,70.0,28.0,1398.0,4.1,132.0,5.5,23.1,199.0,1.2,1.9,11.1,0.143,4.7,,3.8,0.2,-0.3,16.2,1.3,0.472,70.0,28.0,1398.0,0.6,8.9,3.7,18.5,199.0,1.2,10.1,12.5,0.68,16.4,0.8,5.1,0.174,,19,85,6,101,70,28,31,19,101,1398,2.8,0.7,52,48,0,0,0,199,18,13,1.0,0.0,,0.278,0.316,6.6,103.0,0.276,0.616,0.774,0.375,0.286,0.66,0.485,0.351,70.0,28.0,1398.0,0.747,0.95,0.533,0.04,0.018,0.857,0.259,0.143,199.0,86.8,109.8,,70.0,28.0,124.0,36.0,99.0,121.0,134.0,99.0,190.0,120.0,1398.0,199.0,0.66,0.143,0.351,0.641,0.616,0.766,0.472,0.68,,6.0,6.0,119.0,30.0,0.0,105.0,121.0,82.0,177.0,104.0,83.0,137.0,0.636,0.12,0.0,0.56,0.56,0.636,0.44,0.586,0.12,1.9,,2.1,-4.9,-1.9,16.7,0.0,0.44,6.0,6.0,83.0,-3.0,5.3,0.1,11.9,137.0,0.0,11.8,10.7,0.586,17.5,-0.1,0.1,0.044,,1.0,8.0,0.0,6.0,6.0,6.0,1.0,3.0,3.0,83.0,-19.4,-15.8,7.0,93.0,0.0,0.0,0.0,137.0,3.0,0.0,8.7,13.6,0.636,0.0,1.9,0.0,0.6,,1.2,6.8,121.0,0.56,8.7,15.5,0.56,4.3,6.8,0.636,6.0,6.0,83.0,2.5,113.0,6.8,21.7,137.0,0.0,2.5,9.3,6.1,9.5,0.636,0.0,1.3,0.0,0.4,,0.9,4.8,0.56,6.1,10.8,0.56,3.0,4.8,0.636,6.0,6.0,83.0,1.7,4.8,15.2,137.0,0.0,1.7,6.5,2.3,3.7,0.636,0.0,0.5,0.0,0.2,,0.3,1.8,0.56,2.3,4.2,0.56,1.2,1.8,0.636,6.0,6.0,13.8,0.7,1.8,5.8,111.0,0.0,0.7,2.5,0.0,0.0,,0.0,1.0,5.9,7.0,0.32,0.56,0.833,0.0,,0.636,0.444,0.0,6.0,6.0,83.0,0.857,,0.48,0.04,0.0,0.88,0.36,0.12,137.0,14.0,22.0,0.636,0.0,3.0,0.0,1.0,,2.0,11.0,0.56,14.0,25.0,0.56,7.0,11.0,0.636,6.0,6.0,83.0,4.0,11.0,35.0,123.0,0.0,4.0,15.0,0.0
eubandr01,Drew Eubanks,https://www.basketball-reference.com/players/e/eubandr01.html,2021-22,2022,24.0,2TM,C,C,37.0,C,71.0,31.0,1245.0,216.0,348.0,0.621,5.0,23.0,0.217,85.0,,40.0,252.0,0.602,221.0,371.0,0.596,99.0,130.0,0.762,130.0,122.0,546.0,206.0,31.0,81.0,382.0,0.0,3.0,4.9,0.621,0.1,0.3,0.217,1.2,,0.6,3.5,0.602,3.1,5.2,0.596,1.4,1.8,0.762,71.0,31.0,17.5,1.8,1.7,7.7,264.0,0.4,1.1,5.4,6.2,10.1,0.621,0.1,0.7,0.217,2.5,,1.2,7.3,0.602,6.4,10.7,0.596,2.9,3.8,0.762,71.0,31.0,1245.0,3.8,3.5,15.8,222.0,0.9,2.3,11.0,8.4,13.5,0.621,0.2,0.9,0.217,3.3,,1.6,9.8,113.0,0.602,8.6,14.4,0.596,3.9,5.1,0.762,71.0,31.0,1245.0,5.1,120.0,4.7,21.2,222.0,1.2,3.2,14.9,0.062,10.1,,2.8,-1.4,-0.9,22.2,1.1,0.35,71.0,31.0,1245.0,-0.5,11.0,2.2,18.0,222.0,1.2,15.9,16.5,0.638,17.5,0.2,3.4,0.13,,22,58,12,57,71,31,11,26,210,1245,-9.8,-12.9,97,3,0,0,0,222,30,14,0.0,0.0,,0.25,0.174,6.2,77.0,0.237,0.596,0.683,0.657,0.357,0.621,0.563,0.217,71.0,31.0,1245.0,0.759,1.0,0.442,0.094,0.038,0.938,0.364,0.062,222.0,52.5,61.3,,71.0,31.0,117.0,16.0,61.0,113.0,129.0,98.0,141.0,113.0,1245.0,222.0,0.621,0.062,0.217,0.602,0.596,0.762,0.35,0.638,,,,,,,,,,,,,,,,,,,,,,,,,,,,,,,,,,,,,,,,,,,,,,,,,,,,,,,,,,,,,,,,,,,,,,,,,,,,,,,,,,,,,,,,,,,,,,,,,,,,,,,,,,,,,,,,,,,,,,,,,,,,,,,,,,,,,,,,,,,,,,,,,,,,,,,,,,,,,,,,,,,,,,,,,,,,,,,,,,,,,,,,,,,,,,,,,,,,,,,,,,,,,
turnemy01,Myles Turner,https://www.basketball-reference.com/players/t/turnemy01.html,2021-22,2022,25.0,IND,C,C,38.0,C,42.0,42.0,1235.0,139.0,210.0,0.662,61.0,183.0,0.333,44.0,,118.0,232.0,0.587,200.0,393.0,0.509,79.0,105.0,0.752,65.0,119.0,540.0,208.0,28.0,54.0,297.0,0.0,3.3,5.0,0.662,1.5,4.4,0.333,1.0,,2.8,5.5,0.587,4.8,9.4,0.509,1.9,2.5,0.752,42.0,42.0,29.4,1.5,2.8,12.9,121.0,0.7,1.3,7.1,4.1,6.1,0.662,1.8,5.3,0.333,1.3,,3.4,6.8,0.587,5.8,11.5,0.509,2.3,3.1,0.752,42.0,42.0,1235.0,1.9,3.5,15.7,223.0,0.8,1.6,8.7,5.5,8.3,0.662,2.4,7.3,0.333,1.7,,4.7,9.2,111.0,0.587,7.9,15.6,0.509,3.1,4.2,0.752,42.0,42.0,1235.0,2.6,117.0,4.7,21.4,223.0,1.1,2.1,11.8,0.466,5.1,,8.3,1.4,1.4,21.3,1.4,0.267,42.0,42.0,1235.0,0.1,5.8,1.7,17.4,223.0,1.1,10.9,13.4,0.615,17.1,1.1,3.1,0.12,,17,70,8,50,42,42,15,15,107,1235,5.2,-0.4,100,0,0,0,0,223,18,12,0.0,0.0,,0.324,0.186,14.5,22.0,0.061,0.509,0.798,0.526,0.5,0.662,0.566,0.333,42.0,42.0,1235.0,0.676,0.984,0.239,0.048,0.025,0.534,0.211,0.466,223.0,43.1,42.8,,42.0,42.0,124.0,117.0,94.0,110.0,110.0,97.0,108.0,109.0,1235.0,223.0,0.662,0.466,0.333,0.587,0.509,0.752,0.267,0.615,,,,,,,,,,,,,,,,,,,,,,,,,,,,,,,,,,,,,,,,,,,,,,,,,,,,,,,,,,,,,,,,,,,,,,,,,,,,,,,,,,,,,,,,,,,,,,,,,,,,,,,,,,,,,,,,,,,,,,,,,,,,,,,,,,,,,,,,,,,,,,,,,,,,,,,,,,,,,,,,,,,,,,,,,,,,,,,,,,,,,,,,,,,,,,,,,,,,,,,,,,,,,
harteis01,Isaiah Hartenstein,https://www.basketball-reference.com/players/h/harteis01.html,2021-22,2022,23.0,LAC,C,C,39.0,C,68.0,0.0,1216.0,215.0,336.0,0.64,14.0,30.0,0.467,160.0,,77.0,215.0,0.645,229.0,366.0,0.626,91.0,132.0,0.689,117.0,167.0,563.0,203.0,50.0,84.0,332.0,0.0,3.2,4.9,0.64,0.2,0.4,0.467,2.4,,1.1,3.2,0.645,3.4,5.4,0.626,1.3,1.9,0.689,68.0,0.0,17.9,1.7,2.5,8.3,240.0,0.7,1.2,4.9,6.4,9.9,0.64,0.4,0.9,0.467,4.7,,2.3,6.4,0.645,6.8,10.8,0.626,2.7,3.9,0.689,68.0,0.0,1216.0,3.5,4.9,16.7,227.0,1.5,2.5,9.8,8.7,13.5,0.64,0.6,1.2,0.467,6.4,,3.1,8.7,106.0,0.645,9.2,14.7,0.626,3.7,5.3,0.689,68.0,0.0,1216.0,4.7,127.0,6.7,22.7,227.0,2.0,3.4,13.4,0.082,20.5,,5.4,4.5,3.1,18.2,2.2,0.361,68.0,0.0,1216.0,1.4,10.5,3.3,22.0,227.0,2.0,16.5,14.5,0.664,18.4,2.0,5.5,0.215,,16,85,11,63,68,0,17,18,376,1216,9.9,7.0,100,0,0,0,0,227,37,19,0.0,0.0,,0.333,0.2,5.8,66.0,0.197,0.626,0.759,0.559,,0.64,0.523,0.467,68.0,0.0,1216.0,0.744,0.857,0.454,0.093,0.0,0.918,0.361,0.082,227.0,82.8,82.9,,68.0,0.0,120.0,21.0,132.0,121.0,136.0,89.0,145.0,117.0,1216.0,227.0,0.64,0.082,0.467,0.645,0.626,0.689,0.361,0.664,,,,,,,,,,,,,,,,,,,,,,,,,,,,,,,,,,,,,,,,,,,,,,,,,,,,,,,,,,,,,,,,,,,,,,,,,,,,,,,,,,,,,,,,,,,,,,,,,,,,,,,,,,,,,,,,,,,,,,,,,,,,,,,,,,,,,,,,,,,,,,,,,,,,,,,,,,,,,,,,,,,,,,,,,,,,,,,,,,,,,,,,,,,,,,,,,,,,,,,,,,,,,
reidna01,Naz Reid,https://www.basketball-reference.com/players/r/reidna01.html,2021-22,2022,22.0,MIN,C,C,40.0,C,77.0,6.0,1215.0,176.0,310.0,0.568,57.0,166.0,0.343,71.0,,71.0,199.0,0.549,233.0,476.0,0.489,114.0,149.0,0.765,102.0,172.0,637.0,172.0,40.0,82.0,301.0,0.0,2.3,4.0,0.568,0.7,2.2,0.343,0.9,,0.9,2.6,0.549,3.0,6.2,0.489,1.5,1.9,0.765,77.0,6.0,15.8,1.3,2.2,8.3,242.0,0.5,1.1,3.9,5.2,9.2,0.568,1.7,4.9,0.343,2.1,,2.1,5.9,0.549,6.9,14.1,0.489,3.4,4.4,0.765,77.0,6.0,1215.0,3.0,5.1,18.9,228.0,1.2,2.4,8.9,6.9,12.1,0.568,2.2,6.5,0.343,2.8,,2.8,7.8,109.0,0.549,9.1,18.6,0.489,4.5,5.8,0.765,77.0,6.0,1215.0,4.0,113.0,6.7,24.9,228.0,1.6,3.2,11.8,0.349,8.7,,5.6,0.0,0.5,18.0,1.6,0.313,77.0,6.0,1215.0,-0.5,8.8,1.5,17.2,228.0,1.6,13.2,13.3,0.588,21.4,0.6,3.2,0.125,,19,100,7,78,77,6,20,33,178,1215,-8.7,-3.6,93,7,0,0,0,228,25,24,0.0,0.0,,0.486,0.223,10.6,39.0,0.097,0.489,0.681,0.5,,0.568,0.374,0.343,77.0,6.0,1215.0,0.608,0.982,0.395,0.008,0.0,0.651,0.242,0.349,228.0,16.8,24.0,,77.0,6.0,107.0,87.0,97.0,103.0,106.0,99.0,126.0,104.0,1215.0,228.0,0.568,0.349,0.343,0.549,0.489,0.765,0.313,0.588,,5.0,0.0,75.0,103.0,121.0,94.0,89.0,129.0,166.0,106.0,54.0,159.0,0.4,0.412,0.429,0.5,0.412,1.0,0.412,0.598,0.412,0.0,,9.5,-1.9,2.1,23.4,0.1,0.412,5.0,0.0,54.0,-4.0,4.4,0.0,11.2,159.0,0.9,19.9,14.4,0.598,19.9,0.0,0.1,0.051,,2.0,12.0,0.0,3.0,5.0,0.0,1.0,3.0,0.0,54.0,-19.5,-20.3,100.0,0.0,0.0,0.0,0.0,159.0,2.0,1.0,3.5,8.7,0.4,2.6,6.1,0.429,0.0,,5.2,10.4,106.0,0.5,6.1,14.7,0.412,6.1,6.1,1.0,5.0,0.0,54.0,1.7,97.0,12.1,20.8,159.0,0.9,4.3,12.1,2.7,6.7,0.4,2.0,4.7,0.429,0.0,,4.0,8.0,0.5,4.7,11.3,0.412,4.7,4.7,1.0,5.0,0.0,54.0,1.3,9.3,16.0,159.0,0.7,3.3,9.3,0.8,2.0,0.4,0.6,1.4,0.429,0.0,,1.2,2.4,0.5,1.4,3.4,0.412,1.4,1.4,1.0,5.0,0.0,10.8,0.4,2.8,4.8,125.0,0.2,1.0,2.8,0.0,0.0,,0.5,0.286,11.6,1.0,0.059,0.412,0.429,,,0.4,0.333,0.429,5.0,0.0,54.0,0.75,1.0,0.412,0.0,0.0,0.588,0.176,0.412,159.0,4.0,10.0,0.4,3.0,7.0,0.429,0.0,,6.0,12.0,0.5,7.0,17.0,0.412,7.0,7.0,1.0,5.0,0.0,54.0,2.0,14.0,24.0,141.0,1.0,5.0,14.0,0.0
mcgeeja01,JaVale McGee,https://www.basketball-reference.com/players/m/mcgeeja01.html,2021-22,2022,34.0,PHO,C,C,41.0,C,74.0,17.0,1172.0,286.0,449.0,0.637,2.0,9.0,0.222,42.0,,81.0,333.0,0.631,288.0,458.0,0.629,102.0,146.0,0.699,163.0,181.0,680.0,153.0,22.0,98.0,496.0,0.0,3.9,6.1,0.637,0.0,0.1,0.222,0.6,,1.1,4.5,0.631,3.9,6.2,0.629,1.4,2.0,0.699,74.0,17.0,15.8,2.2,2.4,9.2,207.0,0.3,1.3,6.7,8.8,13.8,0.637,0.1,0.3,0.222,1.3,,2.5,10.2,0.631,8.8,14.1,0.629,3.1,4.5,0.699,74.0,17.0,1172.0,5.0,5.6,20.9,240.0,0.7,3.0,15.2,11.7,18.4,0.637,0.1,0.4,0.222,1.7,,3.3,13.7,102.0,0.631,11.8,18.8,0.629,4.2,6.0,0.699,74.0,17.0,1172.0,6.7,118.0,7.4,27.9,240.0,0.9,4.0,20.4,0.02,5.4,,6.1,0.8,0.9,29.7,2.6,0.319,74.0,17.0,1172.0,-0.1,15.3,2.4,22.6,240.0,0.9,15.8,22.7,0.651,22.8,0.8,4.9,0.201,,32,104,6,67,74,17,24,20,95,1172,-4.7,4.4,100,0,0,0,0,240,27,25,0.0,0.0,,,0.0,4.2,98.0,0.225,0.629,0.702,0.375,0.4,0.637,0.592,0.222,74.0,17.0,1172.0,0.682,1.0,0.528,0.052,0.022,0.98,0.369,0.02,240.0,91.0,88.8,,74.0,17.0,120.0,5.0,63.0,119.0,136.0,90.0,128.0,115.0,1172.0,240.0,0.637,0.02,0.222,0.631,0.629,0.699,0.319,0.651,,12.0,0.0,134.0,5.0,0.0,132.0,152.0,109.0,105.0,128.0,133.0,107.0,0.714,0.02,0.0,0.7,0.7,0.846,0.26,0.727,0.02,8.9,,3.6,3.5,1.5,27.8,0.1,0.26,12.0,0.0,133.0,2.1,14.7,0.5,26.3,107.0,1.2,13.9,21.4,0.727,22.4,0.2,0.6,0.226,,6.0,7.0,0.0,3.0,12.0,0.0,1.0,2.0,16.0,133.0,-4.1,-4.5,100.0,0.0,0.0,0.0,0.0,107.0,0.0,2.0,13.6,19.0,0.714,0.0,0.4,0.0,2.7,,1.9,12.4,112.0,0.7,13.6,19.4,0.7,4.3,5.0,0.846,12.0,0.0,133.0,6.2,132.0,10.5,31.4,107.0,1.2,3.5,18.6,9.5,13.3,0.714,0.0,0.3,0.0,1.9,,1.4,8.7,0.7,9.5,13.5,0.7,3.0,3.5,0.846,12.0,0.0,133.0,4.3,7.3,21.9,107.0,0.8,2.4,13.0,2.9,4.1,0.714,0.0,0.1,0.0,0.6,,0.4,2.7,0.7,2.9,4.2,0.7,0.9,1.1,0.846,12.0,0.0,11.1,1.3,2.3,6.8,101.0,0.3,0.8,4.0,0.0,0.0,,,0.0,4.4,17.0,0.34,0.7,0.846,0.0,0.333,0.714,0.667,0.0,12.0,0.0,133.0,0.8,,0.52,0.04,0.06,0.98,0.36,0.02,107.0,35.0,49.0,0.714,0.0,1.0,0.0,7.0,,5.0,32.0,0.7,35.0,50.0,0.7,11.0,13.0,0.846,12.0,0.0,133.0,16.0,27.0,81.0,70.0,3.0,9.0,48.0,0.0
whiteha01,Hassan Whiteside,https://www.basketball-reference.com/players/w/whiteha01.html,2021-22,2022,32.0,UTA,C,C,42.0,C,65.0,8.0,1162.0,215.0,330.0,0.652,0.0,0.0,,26.0,,103.0,328.0,0.652,215.0,330.0,0.652,104.0,167.0,0.623,166.0,179.0,534.0,213.0,22.0,53.0,494.0,0.0,3.3,5.1,0.652,0.0,0.0,,0.4,,1.6,5.0,0.652,3.3,5.1,0.652,1.6,2.6,0.623,65.0,8.0,17.9,2.6,2.8,8.2,251.0,0.3,0.8,7.6,6.7,10.2,0.652,0.0,0.0,,0.8,,3.2,10.2,0.652,6.7,10.2,0.652,3.2,5.2,0.623,65.0,8.0,1162.0,5.1,5.5,16.5,242.0,0.7,1.6,15.3,9.1,14.0,0.652,0.0,0.0,,1.1,,4.4,14.0,104.0,0.652,9.1,14.0,0.652,4.4,7.1,0.623,65.0,8.0,1162.0,7.1,132.0,7.6,22.7,242.0,0.9,2.3,21.0,0.0,3.4,,7.8,2.1,1.4,29.9,2.3,0.506,65.0,8.0,1162.0,0.6,16.2,3.4,22.9,242.0,0.9,11.6,23.3,0.662,17.1,1.2,5.8,0.238,,18,117,2,72,65,8,17,30,66,1162,5.7,10.1,100,0,0,0,0,242,9,17,0.0,0.0,,,,3.8,86.0,0.282,0.652,0.802,0.263,0.0,0.652,0.516,,65.0,8.0,1162.0,0.637,,0.552,0.058,0.015,1.0,0.376,0.0,242.0,79.1,77.3,,65.0,8.0,122.0,0.0,,123.0,141.0,80.0,204.0,117.0,1162.0,242.0,0.652,0.0,,0.652,0.652,0.623,0.506,0.662,,6.0,0.0,78.0,0.0,,78.0,90.0,32.0,134.0,71.0,65.0,147.0,0.417,0.0,,0.417,0.417,0.25,0.333,0.4,0.0,0.0,,15.2,2.2,2.8,40.9,0.2,0.333,6.0,0.0,65.0,-0.6,14.4,0.0,16.7,147.0,1.6,0.0,27.7,0.4,9.9,0.1,0.2,0.139,,0.0,5.0,0.0,2.0,6.0,0.0,0.0,1.0,0.0,65.0,-8.9,-12.7,100.0,0.0,0.0,0.0,0.0,147.0,0.0,0.0,4.1,9.7,0.417,0.0,0.0,,0.0,,6.5,18.7,100.0,0.417,4.1,9.7,0.417,0.8,3.2,0.25,6.0,0.0,65.0,6.5,110.0,7.3,8.9,147.0,1.6,0.0,25.2,2.8,6.6,0.417,0.0,0.0,,0.0,,4.4,12.7,0.417,2.8,6.6,0.417,0.6,2.2,0.25,6.0,0.0,65.0,4.4,5.0,6.1,147.0,1.1,0.0,17.2,0.8,2.0,0.417,0.0,0.0,,0.0,,1.3,3.8,0.417,0.8,2.0,0.417,0.2,0.7,0.25,6.0,0.0,10.8,1.3,1.5,1.8,175.0,0.3,0.0,5.2,0.0,0.0,,,,3.1,1.0,0.083,0.417,0.667,,,0.417,0.167,,6.0,0.0,65.0,0.2,,0.5,0.0,0.0,1.0,0.5,0.0,147.0,5.0,12.0,0.417,0.0,0.0,,0.0,,8.0,23.0,0.417,5.0,12.0,0.417,1.0,4.0,0.25,6.0,0.0,65.0,8.0,9.0,11.0,167.0,2.0,0.0,31.0,0.0
bjeline01,Nemanja Bjelica,https://www.basketball-reference.com/players/b/bjeline01.html,2021-22,2022,33.0,GSW,C,C,43.0,C,71.0,0.0,1143.0,106.0,193.0,0.549,54.0,149.0,0.362,159.0,,26.0,232.0,0.547,160.0,342.0,0.468,59.0,81.0,0.728,62.0,128.0,433.0,250.0,41.0,87.0,294.0,0.0,1.5,2.7,0.549,0.8,2.1,0.362,2.2,,0.4,3.3,0.547,2.3,4.8,0.468,0.8,1.1,0.728,71.0,0.0,16.1,0.9,1.8,6.1,337.0,0.6,1.2,4.1,3.3,6.1,0.549,1.7,4.7,0.362,5.0,,0.8,7.3,0.547,5.0,10.8,0.468,1.9,2.6,0.728,71.0,0.0,1143.0,2.0,4.0,13.6,246.0,1.3,2.7,9.3,4.5,8.2,0.549,2.3,6.4,0.362,6.8,,1.1,9.9,105.0,0.547,6.8,14.6,0.468,2.5,3.5,0.728,71.0,0.0,1143.0,2.6,111.0,5.5,18.5,246.0,1.8,3.7,12.6,0.436,19.8,,2.2,1.4,2.3,21.5,2.1,0.237,71.0,0.0,1143.0,-0.9,6.1,1.0,14.2,246.0,1.8,18.7,14.1,0.573,17.8,1.0,3.0,0.128,,14,69,0,34,71,0,7,19,381,1143,-1.2,4.9,100,0,0,0,0,246,41,22,0.0,0.0,,0.368,0.128,14.1,9.0,0.026,0.468,0.674,0.5,0.429,0.549,0.438,0.362,71.0,0.0,1143.0,0.689,0.944,0.26,0.023,0.02,0.564,0.26,0.436,246.0,10.3,5.5,,71.0,0.0,103.0,109.0,102.0,103.0,101.0,94.0,95.0,101.0,1143.0,246.0,0.549,0.436,0.362,0.547,0.468,0.728,0.237,0.573,,15.0,0.0,108.0,59.0,106.0,108.0,115.0,74.0,83.0,102.0,150.0,98.0,0.577,0.235,0.375,0.574,0.529,0.571,0.206,0.58,0.235,15.3,,1.3,-1.5,1.1,18.2,0.2,0.206,15.0,0.0,150.0,-2.6,4.6,0.2,11.4,98.0,1.3,15.9,11.6,0.58,12.9,0.0,0.3,0.107,,1.0,12.0,1.0,4.0,15.0,0.0,1.0,4.0,41.0,150.0,-13.4,-6.1,100.0,0.0,0.0,0.0,0.0,98.0,5.0,1.0,4.9,8.6,0.577,1.0,2.6,0.375,5.6,,0.7,8.2,110.0,0.574,5.9,11.2,0.529,1.3,2.3,0.571,15.0,0.0,150.0,2.0,116.0,6.9,14.2,98.0,1.3,2.3,10.2,3.6,6.2,0.577,0.7,1.9,0.375,4.1,,0.5,6.0,0.574,4.3,8.2,0.529,1.0,1.7,0.571,15.0,0.0,150.0,1.4,5.0,10.3,98.0,1.0,1.7,7.4,1.0,1.7,0.577,0.2,0.5,0.375,1.1,,0.1,1.7,0.574,1.2,2.3,0.529,0.3,0.5,0.571,15.0,0.0,10.0,0.4,1.4,2.9,156.0,0.3,0.5,2.1,0.0,0.0,,0.0,0.125,11.3,1.0,0.029,0.529,0.5,0.25,1.0,0.577,0.667,0.375,15.0,0.0,150.0,0.867,1.0,0.176,0.118,0.029,0.765,0.441,0.235,98.0,15.0,26.0,0.577,3.0,8.0,0.375,17.0,,2.0,25.0,0.574,18.0,34.0,0.529,4.0,7.0,0.571,15.0,0.0,150.0,6.0,21.0,43.0,115.0,4.0,7.0,31.0,0.0
robinje02,Jeremiah Robinson-Earl,https://www.basketball-reference.com/players/r/robinje02.html,2021-22,2022,21.0,OKC,C,C,44.0,C,49.0,36.0,1087.0,76.0,159.0,0.478,58.0,165.0,0.352,49.0,,15.0,199.0,0.503,134.0,324.0,0.414,40.0,54.0,0.741,75.0,75.0,366.0,273.0,29.0,39.0,274.0,0.0,1.6,3.2,0.478,1.2,3.4,0.352,1.0,,0.3,4.1,0.503,2.7,6.6,0.414,0.8,1.1,0.741,49.0,36.0,22.2,1.5,1.5,7.5,277.0,0.6,0.8,5.6,2.5,5.3,0.478,1.9,5.5,0.352,1.6,,0.5,6.6,0.503,4.4,10.7,0.414,1.3,1.8,0.741,49.0,36.0,1087.0,2.5,2.5,12.1,253.0,1.0,1.3,9.1,3.4,7.1,0.478,2.6,7.4,0.352,2.2,,0.7,8.9,113.0,0.503,6.0,14.5,0.414,1.8,2.4,0.741,49.0,36.0,1087.0,3.4,108.0,3.4,16.4,253.0,1.3,1.7,12.3,0.509,6.7,,1.3,-2.2,-0.4,19.1,1.0,0.167,49.0,36.0,1087.0,-1.9,7.0,0.4,11.7,253.0,1.3,10.1,13.0,0.526,15.4,-0.1,1.5,0.066,,4,47,9,25,49,36,2,25,129,1087,-3.6,-10.9,79,21,0,0,0,253,10,20,0.0,0.0,,0.348,0.279,15.3,15.0,0.056,0.414,0.608,0.2,0.273,0.478,0.429,0.352,49.0,36.0,1087.0,0.75,1.0,0.244,0.062,0.034,0.491,0.151,0.509,253.0,-18.5,-27.7,,49.0,36.0,90.0,128.0,99.0,95.0,90.0,96.0,67.0,93.0,1087.0,253.0,0.478,0.509,0.352,0.503,0.414,0.741,0.167,0.526,,,,,,,,,,,,,,,,,,,,,,,,,,,,,,,,,,,,,,,,,,,,,,,,,,,,,,,,,,,,,,,,,,,,,,,,,,,,,,,,,,,,,,,,,,,,,,,,,,,,,,,,,,,,,,,,,,,,,,,,,,,,,,,,,,,,,,,,,,,,,,,,,,,,,,,,,,,,,,,,,,,,,,,,,,,,,,,,,,,,,,,,,,,,,,,,,,,,,,,,,,,,,
holmeri01,Richaun Holmes,https://www.basketball-reference.com/players/h/holmeri01.html,2021-22,2022,28.0,SAC,C,C,45.0,C,45.0,37.0,1074.0,196.0,295.0,0.664,2.0,5.0,0.4,48.0,,41.0,224.0,0.663,198.0,300.0,0.66,70.0,90.0,0.778,93.0,128.0,468.0,237.0,17.0,56.0,317.0,0.0,4.4,6.6,0.664,0.0,0.1,0.4,1.1,,0.9,5.0,0.663,4.4,6.7,0.66,1.6,2.0,0.778,45.0,37.0,23.9,2.1,2.8,10.4,172.0,0.4,1.2,7.0,6.6,9.9,0.664,0.1,0.2,0.4,1.6,,1.4,7.5,0.663,6.6,10.1,0.66,2.3,3.0,0.778,45.0,37.0,1074.0,3.1,4.3,15.7,256.0,0.6,1.9,10.6,8.8,13.2,0.664,0.1,0.2,0.4,2.2,,1.8,10.0,114.0,0.663,8.9,13.4,0.66,3.1,4.0,0.778,45.0,37.0,1074.0,4.2,127.0,5.7,21.0,256.0,0.8,2.5,14.2,0.017,6.8,,3.3,-0.5,-0.1,22.9,0.9,0.3,45.0,37.0,1074.0,-0.4,9.3,2.4,17.8,256.0,0.8,14.2,16.1,0.689,15.8,0.4,3.2,0.145,,13,73,4,43,45,37,17,18,118,1074,-0.6,-5.9,100,0,0,0,0,256,18,18,0.0,0.0,,,0.0,5.4,59.0,0.223,0.66,0.771,0.559,0.667,0.664,0.556,0.4,45.0,37.0,1074.0,0.724,1.0,0.48,0.197,0.01,0.983,0.27,0.017,256.0,79.0,83.6,,45.0,37.0,125.0,4.0,113.0,125.0,143.0,100.0,121.0,122.0,1074.0,256.0,0.664,0.017,0.4,0.663,0.66,0.778,0.3,0.689,,,,,,,,,,,,,,,,,,,,,,,,,,,,,,,,,,,,,,,,,,,,,,,,,,,,,,,,,,,,,,,,,,,,,,,,,,,,,,,,,,,,,,,,,,,,,,,,,,,,,,,,,,,,,,,,,,,,,,,,,,,,,,,,,,,,,,,,,,,,,,,,,,,,,,,,,,,,,,,,,,,,,,,,,,,,,,,,,,,,,,,,,,,,,,,,,,,,,,,,,,,,,
dedmode01,Dewayne Dedmon,https://www.basketball-reference.com/players/d/dedmode01.html,2021-22,2022,32.0,MIA,C,C,46.0,C,67.0,15.0,1065.0,145.0,243.0,0.597,19.0,47.0,0.404,47.0,,42.0,281.0,0.598,164.0,290.0,0.566,75.0,100.0,0.75,105.0,174.0,422.0,254.0,24.0,70.0,386.0,0.0,2.2,3.6,0.597,0.3,0.7,0.404,0.7,,0.6,4.2,0.598,2.4,4.3,0.566,1.1,1.5,0.75,67.0,15.0,15.9,1.6,2.6,6.3,324.0,0.4,1.0,5.8,4.9,8.2,0.597,0.6,1.6,0.404,1.6,,1.4,9.5,0.598,5.5,9.8,0.566,2.5,3.4,0.75,67.0,15.0,1065.0,3.5,5.9,14.3,258.0,0.8,2.4,13.0,6.8,11.4,0.597,0.9,2.2,0.404,2.2,,2.0,13.2,105.0,0.598,7.7,13.6,0.566,3.5,4.7,0.75,67.0,15.0,1065.0,4.9,117.0,8.2,19.8,258.0,1.1,3.3,18.1,0.162,6.7,,4.2,-1.0,1.1,29.4,2.0,0.345,67.0,15.0,1065.0,-2.2,11.4,1.5,15.9,258.0,1.1,17.3,20.6,0.632,16.9,0.3,3.5,0.157,,34,78,16,38,67,15,7,22,114,1065,-2.0,3.1,100,0,0,0,0,258,11,12,1.0,0.0,,0.4,0.106,8.0,30.0,0.121,0.566,0.691,0.444,0.182,0.597,0.537,0.404,67.0,15.0,1065.0,0.69,0.947,0.424,0.062,0.038,0.838,0.283,0.162,258.0,38.6,43.9,,67.0,15.0,112.0,41.0,114.0,113.0,123.0,97.0,139.0,112.0,1065.0,258.0,0.597,0.162,0.404,0.598,0.566,0.75,0.345,0.632,,14.0,0.0,107.0,56.0,28.0,90.0,101.0,108.0,107.0,93.0,138.0,104.0,0.571,0.222,0.1,0.478,0.467,0.833,0.267,0.527,0.222,5.7,,2.4,-6.2,-0.4,23.9,0.2,0.267,14.0,0.0,138.0,-5.8,12.4,0.1,11.2,104.0,0.4,12.2,17.9,0.527,18.5,-0.1,0.3,0.104,,3.0,18.0,2.0,4.0,14.0,0.0,2.0,3.0,12.0,138.0,-7.8,-2.4,100.0,0.0,0.0,0.0,0.0,104.0,2.0,1.0,7.4,12.9,0.571,0.4,3.7,0.1,1.8,,1.1,10.0,108.0,0.478,7.8,16.6,0.467,3.7,4.4,0.833,14.0,0.0,138.0,5.5,109.0,13.3,19.6,104.0,0.4,2.6,15.5,5.2,9.1,0.571,0.3,2.6,0.1,1.3,,0.8,7.0,0.478,5.5,11.7,0.467,2.6,3.1,0.833,14.0,0.0,138.0,3.9,9.4,13.8,104.0,0.3,1.8,11.0,1.4,2.5,0.571,0.1,0.7,0.1,0.4,,0.2,1.9,0.478,1.5,3.2,0.467,0.7,0.9,0.833,14.0,0.0,9.9,1.1,2.6,3.8,140.0,0.1,0.5,3.0,0.0,0.0,,0.0,0.6,9.3,6.0,0.156,0.467,0.563,0.0,0.667,0.571,0.643,0.1,14.0,0.0,138.0,0.7,1.0,0.356,0.044,0.067,0.778,0.311,0.222,104.0,20.0,35.0,0.571,1.0,10.0,0.1,5.0,,3.0,27.0,0.478,21.0,45.0,0.467,10.0,12.0,0.833,14.0,0.0,138.0,15.0,36.0,53.0,105.0,1.0,7.0,42.0,0.0
aldrila01,LaMarcus Aldridge,https://www.basketball-reference.com/players/a/aldrila01.html,2021-22,2022,36.0,BRK,C,C,47.0,C,47.0,12.0,1050.0,238.0,412.0,0.578,14.0,46.0,0.304,42.0,,47.0,185.0,0.566,252.0,458.0,0.55,89.0,102.0,0.873,73.0,78.0,607.0,183.0,14.0,44.0,258.0,0.0,5.1,8.8,0.578,0.3,1.0,0.304,0.9,,1.0,3.9,0.566,5.4,9.7,0.55,1.9,2.2,0.873,47.0,12.0,22.3,1.6,1.7,12.9,120.0,0.3,0.9,5.5,8.2,14.1,0.578,0.5,1.6,0.304,1.4,,1.6,6.3,0.566,8.6,15.7,0.55,3.1,3.5,0.873,47.0,12.0,1050.0,2.5,2.7,20.8,261.0,0.5,1.5,8.8,11.0,19.0,0.578,0.6,2.1,0.304,1.9,,2.2,8.5,112.0,0.566,11.6,21.1,0.55,4.1,4.7,0.873,47.0,12.0,1050.0,3.4,119.0,3.6,28.0,261.0,0.6,2.0,11.9,0.1,6.3,,4.0,0.7,-0.6,18.7,1.0,0.223,47.0,12.0,1050.0,1.3,7.8,2.1,19.6,261.0,0.6,8.0,13.4,0.604,22.4,0.7,3.1,0.141,,12,46,0,56,47,12,22,11,110,1050,0.1,1.5,100,0,0,0,0,261,11,11,0.0,0.0,,0.308,0.283,12.2,18.0,0.039,0.55,0.723,0.509,0.559,0.578,0.519,0.304,47.0,12.0,1050.0,0.739,1.0,0.205,0.24,0.277,0.9,0.168,0.1,261.0,31.0,37.7,,47.0,12.0,108.0,25.0,86.0,106.0,119.0,113.0,90.0,107.0,1050.0,261.0,0.578,0.1,0.304,0.566,0.55,0.873,0.223,0.604,,,,,,,,,,,,,,,,,,,,,,,,,,,,,,,,,,,,,,,,,,,,,,,,,,,,,,,,,,,,,,,,,,,,,,,,,,,,,,,,,,,,,,,,,,,,,,,,,,,,,,,,,,,,,,,,,,,,,,,,,,,,,,,,,,,,,,,,,,,,,,,,,,,,,,,,,,,,,,,,,,,,,,,,,,,,,,,,,,,,,,,,,,,,,,,,,,,,,,,,,,,,,
jonesda03,Damian Jones,https://www.basketball-reference.com/players/j/jonesda03.html,2021-22,2022,26.0,SAC,C,C,48.0,C,56.0,15.0,1017.0,165.0,237.0,0.696,10.0,29.0,0.345,69.0,,47.0,171.0,0.677,175.0,266.0,0.658,94.0,131.0,0.718,75.0,130.0,454.0,241.0,26.0,59.0,246.0,0.0,2.9,4.2,0.696,0.2,0.5,0.345,1.2,,0.8,3.1,0.677,3.1,4.8,0.658,1.7,2.3,0.718,56.0,15.0,18.2,1.3,2.3,8.1,253.0,0.5,1.1,4.4,5.8,8.4,0.696,0.4,1.0,0.345,2.4,,1.7,6.1,0.677,6.2,9.4,0.658,3.3,4.6,0.718,56.0,15.0,1017.0,2.7,4.6,16.1,267.0,0.9,2.1,8.7,7.8,11.2,0.696,0.5,1.4,0.345,3.3,,2.2,8.1,113.0,0.677,8.3,12.6,0.658,4.4,6.2,0.718,56.0,15.0,1017.0,3.5,128.0,6.2,21.5,267.0,1.2,2.8,11.6,0.109,10.2,,4.0,0.3,0.5,18.5,0.9,0.492,56.0,15.0,1017.0,-0.2,7.9,2.4,18.3,267.0,1.2,15.4,13.2,0.701,16.2,0.6,3.3,0.156,,15,71,7,66,56,15,21,18,167,1017,-4.2,-8.6,100,0,0,0,0,267,22,16,1.0,0.0,,0.286,0.241,7.4,57.0,0.252,0.658,0.877,0.438,0.519,0.696,0.469,0.345,56.0,15.0,1017.0,0.794,0.9,0.489,0.06,0.102,0.891,0.241,0.109,267.0,77.1,87.6,,56.0,15.0,131.0,27.0,98.0,127.0,143.0,93.0,198.0,124.0,1017.0,267.0,0.696,0.109,0.345,0.677,0.658,0.718,0.492,0.701,,,,,,,,,,,,,,,,,,,,,,,,,,,,,,,,,,,,,,,,,,,,,,,,,,,,,,,,,,,,,,,,,,,,,,,,,,,,,,,,,,,,,,,,,,,,,,,,,,,,,,,,,,,,,,,,,,,,,,,,,,,,,,,,,,,,,,,,,,,,,,,,,,,,,,,,,,,,,,,,,,,,,,,,,,,,,,,,,,,,,,,,,,,,,,,,,,,,,,,,,,,,,
okongon01,Onyeka Okongwu,https://www.basketball-reference.com/players/o/okongon01.html,2021-22,2022,21.0,ATL,C,C,49.0,C,48.0,6.0,992.0,156.0,226.0,0.69,0.0,0.0,,53.0,,60.0,168.0,0.69,156.0,226.0,0.69,80.0,110.0,0.727,115.0,149.0,392.0,265.0,31.0,44.0,283.0,0.0,3.3,4.7,0.69,0.0,0.0,,1.1,,1.3,3.5,0.69,3.3,4.7,0.69,1.7,2.3,0.727,48.0,6.0,20.7,2.4,3.1,8.2,249.0,0.6,0.9,5.9,5.7,8.2,0.69,0.0,0.0,,1.9,,2.2,6.1,0.69,5.7,8.2,0.69,2.9,4.0,0.727,48.0,6.0,992.0,4.2,5.4,14.2,274.0,1.1,1.6,10.3,7.7,11.2,0.69,0.0,0.0,,2.6,,3.0,8.3,111.0,0.69,7.7,11.2,0.69,4.0,5.4,0.727,48.0,6.0,992.0,5.7,138.0,7.4,19.4,274.0,1.5,2.2,14.0,0.0,7.6,,5.4,0.8,0.8,18.4,1.1,0.487,48.0,6.0,992.0,0.0,12.8,3.1,19.8,274.0,1.5,13.8,15.6,0.714,14.0,0.7,4.2,0.202,,13,91,3,55,48,6,16,21,133,992,4.4,5.2,98,2,0,0,0,274,14,12,0.0,0.0,,,,2.7,59.0,0.274,0.69,0.765,0.667,,0.69,0.522,,48.0,6.0,992.0,0.795,,0.677,0.027,0.0,1.0,0.296,0.0,274.0,71.7,81.4,,48.0,6.0,130.0,0.0,,130.0,150.0,94.0,196.0,126.0,992.0,274.0,0.69,0.0,,0.69,0.69,0.727,0.487,0.714,,5.0,1.0,106.0,0.0,,106.0,122.0,103.0,252.0,113.0,108.0,127.0,0.563,0.0,,0.563,0.563,0.8,0.625,0.637,0.0,2.9,,3.8,-1.5,0.7,18.2,0.1,0.625,5.0,1.0,108.0,-2.2,12.1,0.2,12.7,127.0,1.9,16.4,15.1,0.637,10.4,0.0,0.3,0.126,,4.0,5.0,1.0,6.0,5.0,1.0,2.0,4.0,5.0,108.0,22.1,-1.0,100.0,0.0,0.0,0.0,0.0,127.0,0.0,0.0,4.2,7.5,0.563,0.0,0.0,,0.9,,1.9,7.5,111.0,0.563,4.2,7.5,0.563,3.7,4.7,0.8,5.0,1.0,108.0,5.1,126.0,8.9,12.1,127.0,1.9,1.9,12.6,3.0,5.3,0.563,0.0,0.0,,0.7,,1.3,5.3,0.563,3.0,5.3,0.563,2.7,3.3,0.8,5.0,1.0,108.0,3.7,6.3,8.7,127.0,1.3,1.3,9.0,1.8,3.2,0.563,0.0,0.0,,0.4,,0.8,3.2,0.563,1.8,3.2,0.563,1.6,2.0,0.8,5.0,1.0,21.6,2.2,3.8,5.2,119.0,0.8,0.8,5.4,0.0,0.0,,,,2.8,3.0,0.188,0.563,0.9,,,0.563,0.0,,5.0,1.0,108.0,0.667,,0.625,0.0,0.0,1.0,0.375,0.0,127.0,9.0,16.0,0.563,0.0,0.0,,2.0,,4.0,16.0,0.563,9.0,16.0,0.563,8.0,10.0,0.8,5.0,1.0,108.0,11.0,19.0,26.0,134.0,4.0,4.0,27.0,0.0
birchkh01,Khem Birch,https://www.basketball-reference.com/players/b/birchkh01.html,2021-22,2022,29.0,TOR,C,C,50.0,C,55.0,28.0,991.0,97.0,186.0,0.522,0.0,14.0,0.0,56.0,,26.0,117.0,0.485,97.0,200.0,0.485,53.0,71.0,0.746,122.0,104.0,247.0,336.0,30.0,29.0,239.0,0.0,1.8,3.4,0.522,0.0,0.3,0.0,1.0,,0.5,2.1,0.485,1.8,3.6,0.485,1.0,1.3,0.746,55.0,28.0,18.0,2.2,1.9,4.5,400.0,0.5,0.5,4.3,3.5,6.8,0.522,0.0,0.5,0.0,2.0,,0.9,4.3,0.485,3.5,7.3,0.485,1.9,2.6,0.746,55.0,28.0,991.0,4.4,3.8,9.0,275.0,1.1,1.1,8.7,4.9,9.4,0.522,0.0,0.7,0.0,2.8,,1.3,5.9,111.0,0.485,4.9,10.1,0.485,2.7,3.6,0.746,55.0,28.0,991.0,6.2,124.0,5.2,12.5,275.0,1.5,1.5,12.1,0.07,7.6,,2.6,-1.3,0.4,13.5,1.1,0.355,55.0,28.0,991.0,-1.7,12.7,1.5,13.2,275.0,1.5,11.1,13.1,0.534,11.2,0.2,2.6,0.126,,10,50,3,33,55,28,8,12,139,991,-2.7,0.1,100,0,0,0,0,275,10,6,0.0,0.0,,0.0,0.857,6.3,24.0,0.13,0.485,0.597,0.419,0.0,0.522,0.5,0.0,55.0,28.0,991.0,0.784,,0.385,0.155,0.005,0.93,0.36,0.07,275.0,-18.7,-14.8,,55.0,28.0,98.0,18.0,0.0,91.0,105.0,96.0,143.0,94.0,991.0,275.0,0.522,0.07,0.0,0.485,0.485,0.746,0.355,0.534,,6.0,4.0,94.0,63.0,141.0,106.0,108.0,,0.0,99.0,63.0,149.0,0.5,0.25,0.5,0.563,0.5,,0.0,0.563,0.25,7.2,,1.7,-5.2,-0.1,10.8,0.0,0.0,6.0,4.0,63.0,-5.1,7.1,0.0,8.1,149.0,0.8,15.8,8.8,0.563,14.0,0.0,0.0,0.003,,2.0,5.0,0.0,0.0,6.0,4.0,0.0,1.0,9.0,63.0,12.4,0.4,100.0,0.0,0.0,0.0,0.0,149.0,0.0,1.0,5.0,10.0,0.5,1.7,3.3,0.5,2.5,,0.8,4.2,123.0,0.563,6.7,13.4,0.5,0.0,0.0,,6.0,4.0,63.0,3.3,107.0,10.9,15.0,149.0,0.8,2.5,7.5,3.4,6.9,0.5,1.1,2.3,0.5,1.7,,0.6,2.9,0.563,4.6,9.1,0.5,0.0,0.0,,6.0,4.0,63.0,2.3,7.4,10.3,149.0,0.6,1.7,5.1,1.0,2.0,0.5,0.3,0.7,0.5,0.5,,0.2,0.8,0.563,1.3,2.7,0.5,0.0,0.0,,6.0,4.0,10.5,0.7,2.2,3.0,153.0,0.2,0.5,1.5,0.0,0.0,,0.667,0.75,8.5,3.0,0.188,0.5,0.833,,,0.5,0.167,0.5,6.0,4.0,63.0,0.833,1.0,0.375,0.0,0.0,0.75,0.375,0.25,149.0,6.0,12.0,0.5,2.0,4.0,0.5,3.0,,1.0,5.0,0.563,8.0,16.0,0.5,0.0,0.0,,6.0,4.0,63.0,4.0,13.0,18.0,155.0,1.0,3.0,9.0,0.0
theisda01,Daniel Theis,https://www.basketball-reference.com/players/t/theisda01.html,2021-22,2022,29.0,2TM,C,C,51.0,C,47.0,27.0,977.0,118.0,184.0,0.641,33.0,107.0,0.308,41.0,,31.0,169.0,0.576,151.0,291.0,0.519,49.0,72.0,0.681,59.0,111.0,384.0,267.0,20.0,46.0,228.0,0.0,2.5,3.9,0.641,0.7,2.3,0.308,0.9,,0.7,3.6,0.576,3.2,6.2,0.519,1.0,1.5,0.681,47.0,27.0,20.8,1.3,2.4,8.2,246.0,0.4,1.0,4.9,4.3,6.8,0.641,1.2,3.9,0.308,1.5,,1.1,6.2,0.576,5.6,10.7,0.519,1.8,2.7,0.681,47.0,27.0,977.0,2.2,4.1,14.1,278.0,0.7,1.7,8.4,5.8,9.1,0.641,1.6,5.3,0.308,2.0,,1.5,8.4,112.0,0.576,7.5,14.4,0.519,2.4,3.6,0.681,47.0,27.0,977.0,2.9,113.0,5.5,19.0,278.0,1.0,2.3,11.3,0.368,6.3,,2.9,-2.1,-0.2,18.8,1.0,0.247,47.0,27.0,977.0,-1.9,6.6,0.9,13.2,278.0,1.0,12.5,12.7,0.595,16.2,0.0,1.9,0.093,,11,71,9,35,47,27,10,12,105,977,-1.3,-3.2,86,14,0,0,0,278,22,10,1.0,0.0,,0.37,0.252,11.9,48.0,0.189,0.519,0.745,0.364,0.385,0.641,0.59,0.308,47.0,27.0,977.0,0.797,0.97,0.378,0.076,0.045,0.632,0.134,0.368,278.0,25.6,18.8,,47.0,27.0,120.0,92.0,87.0,108.0,113.0,88.0,100.0,105.0,977.0,278.0,0.641,0.368,0.308,0.576,0.519,0.681,0.247,0.595,,16.0,5.0,137.0,69.0,61.0,116.0,128.0,97.0,63.0,112.0,200.0,68.0,0.73,0.275,0.214,0.618,0.588,0.75,0.157,0.633,0.275,8.9,,3.7,0.4,1.8,21.2,0.3,0.157,16.0,5.0,200.0,-1.3,7.6,0.2,14.2,68.0,1.0,16.8,14.6,0.633,14.7,0.1,0.6,0.134,,3.0,13.0,1.0,2.0,16.0,5.0,0.0,1.0,29.0,200.0,-14.0,-7.6,64.0,36.0,0.0,0.0,0.0,68.0,5.0,3.0,6.8,9.3,0.73,0.8,3.5,0.214,2.8,,2.0,9.8,105.0,0.618,7.6,12.8,0.588,1.5,2.0,0.75,16.0,5.0,200.0,3.3,115.0,6.3,17.4,68.0,1.0,2.8,13.1,4.9,6.7,0.73,0.5,2.5,0.214,2.0,,1.4,7.0,0.618,5.4,9.2,0.588,1.1,1.4,0.75,16.0,5.0,200.0,2.3,4.5,12.4,68.0,0.7,2.0,9.4,1.7,2.3,0.73,0.2,0.9,0.214,0.7,,0.5,2.4,0.618,1.9,3.2,0.588,0.4,0.5,0.75,16.0,5.0,12.5,0.8,1.6,4.3,130.0,0.3,0.7,3.3,0.0,0.0,,0.4,0.357,10.4,7.0,0.157,0.588,0.895,0.286,,0.73,0.727,0.214,16.0,5.0,200.0,0.852,1.0,0.373,0.137,0.0,0.725,0.216,0.275,68.0,27.0,37.0,0.73,3.0,14.0,0.214,11.0,,8.0,39.0,0.618,30.0,51.0,0.588,6.0,8.0,0.75,16.0,5.0,200.0,13.0,25.0,69.0,85.0,4.0,11.0,52.0,0.0
claxtni01,Nic Claxton,https://www.basketball-reference.com/players/c/claxtni01.html,2021-22,2022,22.0,BRK,C,C,52.0,C,47.0,19.0,974.0,178.0,264.0,0.674,0.0,0.0,,43.0,,51.0,173.0,0.674,178.0,264.0,0.674,54.0,93.0,0.581,91.0,110.0,410.0,258.0,24.0,38.0,264.0,0.0,3.8,5.6,0.674,0.0,0.0,,0.9,,1.1,3.7,0.674,3.8,5.6,0.674,1.1,2.0,0.581,47.0,19.0,20.7,1.9,2.3,8.7,225.0,0.5,0.8,5.6,6.6,9.8,0.674,0.0,0.0,,1.6,,1.9,6.4,0.674,6.6,9.8,0.674,2.0,3.4,0.581,47.0,19.0,974.0,3.4,4.1,15.2,280.0,0.9,1.4,9.8,8.9,13.1,0.674,0.0,0.0,,2.1,,2.5,8.6,111.0,0.674,8.9,13.1,0.674,2.7,4.6,0.581,47.0,19.0,974.0,4.5,130.0,5.5,20.4,280.0,1.2,1.9,13.1,0.0,6.4,,4.7,0.5,0.2,18.9,1.2,0.352,47.0,19.0,974.0,0.3,10.4,2.3,18.6,280.0,1.2,11.1,14.8,0.672,15.1,0.6,3.5,0.171,,12,59,5,48,47,19,15,20,104,974,-0.9,0.7,93,7,0,0,0,280,7,12,0.0,0.0,,,,2.5,88.0,0.356,0.674,0.815,0.4,,0.674,0.347,,47.0,19.0,974.0,0.736,,0.697,0.019,0.0,1.0,0.284,0.0,280.0,75.3,64.8,,47.0,19.0,127.0,0.0,,127.0,146.0,75.0,142.0,119.0,974.0,280.0,0.674,0.0,,0.674,0.674,0.581,0.352,0.672,,4.0,0.0,149.0,0.0,,149.0,172.0,23.0,369.0,110.0,98.0,132.0,0.792,0.0,,0.792,0.792,0.182,0.917,0.624,0.0,9.8,,8.9,6.6,2.3,24.2,0.1,0.917,4.0,0.0,98.0,4.4,9.3,0.2,24.1,132.0,2.6,5.6,16.7,0.624,16.7,0.2,0.3,0.143,,1.0,2.0,1.0,9.0,4.0,0.0,2.0,0.0,15.0,98.0,12.3,1.4,100.0,0.0,0.0,0.0,0.0,132.0,1.0,0.0,9.9,12.5,0.792,0.0,0.0,,3.1,,4.7,9.4,113.0,0.792,9.9,12.5,0.792,2.1,11.5,0.182,4.0,0.0,98.0,3.7,125.0,3.1,21.9,132.0,2.6,1.0,13.1,7.0,8.8,0.792,0.0,0.0,,2.2,,3.3,6.6,0.792,7.0,8.8,0.792,1.5,8.1,0.182,4.0,0.0,98.0,2.6,2.2,15.4,132.0,1.8,0.7,9.2,4.8,6.0,0.792,0.0,0.0,,1.5,,2.3,4.5,0.792,4.8,6.0,0.792,1.0,5.5,0.182,4.0,0.0,24.5,1.8,1.5,10.5,73.0,1.3,0.5,6.3,0.0,0.0,,,,1.8,8.0,0.333,0.792,0.842,,,0.792,0.6,,4.0,0.0,98.0,0.737,,0.792,0.0,0.0,1.0,0.208,0.0,132.0,19.0,24.0,0.792,0.0,0.0,,6.0,,9.0,18.0,0.792,19.0,24.0,0.792,4.0,22.0,0.182,4.0,0.0,98.0,7.0,6.0,42.0,116.0,5.0,2.0,25.0,0.0
howardw01,Dwight Howard,https://www.basketball-reference.com/players/h/howardw01.html,2021-22,2022,36.0,LAL,C,C,53.0,C,60.0,27.0,971.0,126.0,204.0,0.618,8.0,15.0,0.533,35.0,,36.0,238.0,0.63,134.0,219.0,0.612,96.0,146.0,0.658,118.0,115.0,372.0,271.0,34.0,47.0,356.0,0.0,2.1,3.4,0.618,0.1,0.3,0.533,0.6,,0.6,4.0,0.63,2.2,3.7,0.612,1.6,2.4,0.658,60.0,27.0,16.2,2.0,1.9,6.2,331.0,0.6,0.8,5.9,4.7,7.6,0.618,0.3,0.6,0.533,1.3,,1.3,8.8,0.63,5.0,8.1,0.612,3.6,5.4,0.658,60.0,27.0,971.0,4.4,4.3,13.8,281.0,1.3,1.7,13.2,6.2,10.1,0.618,0.4,0.7,0.533,1.7,,1.8,11.7,109.0,0.63,6.6,10.8,0.612,4.7,7.2,0.658,60.0,27.0,971.0,5.8,128.0,5.7,18.4,281.0,1.7,2.3,17.6,0.068,5.0,,3.3,-0.2,0.0,26.3,1.3,0.667,60.0,27.0,971.0,-0.2,13.1,2.2,18.2,281.0,1.7,14.2,19.7,0.657,14.6,0.4,3.5,0.174,,18,66,3,69,60,27,11,22,80,971,-4.1,-6.2,100,0,0,0,0,281,8,14,0.0,0.0,,1.0,0.133,4.5,39.0,0.228,0.612,0.73,0.25,0.0,0.618,0.418,0.533,60.0,27.0,971.0,0.667,0.875,0.626,0.037,0.014,0.932,0.251,0.068,281.0,43.1,51.4,,60.0,27.0,116.0,17.0,151.0,119.0,133.0,85.0,269.0,116.0,971.0,281.0,0.618,0.068,0.533,0.63,0.612,0.658,0.667,0.657,,,,,,,,,,,,,,,,,,,,,,,,,,,,,,,,,,,,,,,,,,,,,,,,,,,,,,,,,,,,,,,,,,,,,,,,,,,,,,,,,,,,,,,,,,,,,,,,,,,,,,,,,,,,,,,,,,,,,,,,,,,,,,,,,,,,,,,,,,,,,,,,,,,,,,,,,,,,,,,,,,,,,,,,,,,,,,,,,,,,,,,,,,,,,,,,,,,,,,,,,,,,,
wagnemo01,Moritz Wagner,https://www.basketball-reference.com/players/w/wagnemo01.html,2021-22,2022,24.0,ORL,C,C,54.0,C,63.0,3.0,960.0,131.0,195.0,0.672,66.0,201.0,0.328,87.0,,13.0,190.0,0.581,197.0,396.0,0.497,104.0,129.0,0.806,42.0,123.0,564.0,202.0,20.0,56.0,232.0,0.0,2.1,3.1,0.672,1.0,3.2,0.328,1.4,,0.2,3.0,0.581,3.1,6.3,0.497,1.7,2.0,0.806,63.0,3.0,15.2,0.7,2.0,9.0,218.0,0.3,0.9,3.7,4.9,7.3,0.672,2.5,7.5,0.328,3.3,,0.5,7.1,0.581,7.4,14.9,0.497,3.9,4.8,0.806,63.0,3.0,960.0,1.6,4.6,21.2,285.0,0.7,2.1,8.7,6.6,9.8,0.672,3.3,10.1,0.328,4.4,,0.7,9.6,112.0,0.581,9.9,20.0,0.497,5.2,6.5,0.806,63.0,3.0,960.0,2.1,118.0,6.2,28.4,285.0,1.0,2.8,11.7,0.508,15.4,,1.2,1.6,0.1,21.0,1.0,0.326,63.0,3.0,960.0,1.5,4.6,1.8,18.1,285.0,1.0,11.0,12.8,0.623,22.9,0.9,2.8,0.138,,18,51,28,59,63,3,16,22,222,960,0.5,-7.8,70,31,0,0,0,285,19,13,0.0,0.0,,0.375,0.119,14.4,50.0,0.149,0.497,0.752,,0.0,0.672,0.552,0.328,63.0,3.0,960.0,0.763,0.985,0.316,0.0,0.008,0.492,0.169,0.508,285.0,38.9,51.5,,63.0,3.0,126.0,127.0,93.0,109.0,108.0,104.0,131.0,110.0,960.0,285.0,0.672,0.508,0.328,0.581,0.497,0.806,0.326,0.623,,,,,,,,,,,,,,,,,,,,,,,,,,,,,,,,,,,,,,,,,,,,,,,,,,,,,,,,,,,,,,,,,,,,,,,,,,,,,,,,,,,,,,,,,,,,,,,,,,,,,,,,,,,,,,,,,,,,,,,,,,,,,,,,,,,,,,,,,,,,,,,,,,,,,,,,,,,,,,,,,,,,,,,,,,,,,,,,,,,,,,,,,,,,,,,,,,,,,,,,,,,,,
griffbl01,Blake Griffin,https://www.basketball-reference.com/players/g/griffbl01.html,2021-22,2022,32.0,BRK,C,C,55.0,C,56.0,24.0,958.0,95.0,168.0,0.565,38.0,145.0,0.262,105.0,,14.0,168.0,0.486,133.0,313.0,0.425,55.0,76.0,0.724,60.0,95.0,359.0,279.0,27.0,31.0,228.0,0.0,1.7,3.0,0.565,0.7,2.6,0.262,1.9,,0.3,3.0,0.486,2.4,5.6,0.425,1.0,1.4,0.724,56.0,24.0,17.1,1.1,1.7,6.4,319.0,0.5,0.6,4.1,3.6,6.3,0.565,1.4,5.4,0.262,3.9,,0.5,6.3,0.486,5.0,11.8,0.425,2.1,2.9,0.724,56.0,24.0,958.0,2.3,3.6,13.5,286.0,1.0,1.2,8.6,4.8,8.5,0.565,1.9,7.3,0.262,5.3,,0.7,8.5,113.0,0.486,6.7,15.8,0.425,2.8,3.8,0.724,56.0,24.0,958.0,3.0,115.0,4.8,18.2,286.0,1.4,1.6,11.5,0.463,15.0,,1.3,-0.5,0.1,18.6,0.9,0.243,56.0,24.0,958.0,-0.6,7.0,1.2,13.7,286.0,1.4,8.2,13.0,0.518,16.9,0.3,2.1,0.106,,5,44,36,33,56,24,9,19,253,958,-8.0,-4.7,84,16,0,0,0,286,14,9,1.0,0.0,,0.229,0.241,13.2,12.0,0.054,0.425,0.615,0.273,0.5,0.565,0.532,0.262,56.0,24.0,958.0,0.611,0.921,0.332,0.035,0.013,0.537,0.15,0.463,286.0,-28.8,-33.2,,56.0,24.0,106.0,116.0,74.0,91.0,92.0,93.0,98.0,92.0,958.0,286.0,0.565,0.463,0.262,0.486,0.425,0.724,0.243,0.518,,2.0,0.0,0.0,179.0,113.0,81.0,62.0,129.0,115.0,90.0,25.0,173.0,0.0,0.714,0.4,0.429,0.286,1.0,0.286,0.508,0.714,21.7,,3.9,3.9,1.0,10.5,0.0,0.286,2.0,0.0,25.0,2.9,10.4,0.1,15.5,173.0,2.0,11.3,10.4,0.508,16.3,0.0,0.1,0.099,,0.0,1.0,3.0,1.0,2.0,0.0,0.0,0.0,10.0,25.0,19.4,12.5,99.0,1.0,0.0,0.0,0.0,173.0,1.0,0.0,0.0,4.1,0.0,4.1,10.2,0.4,8.2,,2.0,4.1,121.0,0.429,4.1,14.3,0.286,4.1,4.1,1.0,2.0,0.0,25.0,4.1,122.0,6.1,16.4,173.0,2.0,2.0,8.2,0.0,2.9,0.0,2.9,7.2,0.4,5.8,,1.4,2.9,0.429,2.9,10.1,0.286,2.9,2.9,1.0,2.0,0.0,25.0,2.9,4.3,11.5,173.0,1.4,1.4,5.8,0.0,1.0,0.0,1.0,2.5,0.4,2.0,,0.5,1.0,0.429,1.0,3.5,0.286,1.0,1.0,1.0,2.0,0.0,12.5,1.0,1.5,4.0,139.0,0.5,0.5,2.0,0.0,0.0,,1.0,0.2,18.1,0.0,0.0,0.286,0.0,,,0.0,,0.4,2.0,0.0,25.0,,1.0,0.286,0.0,0.0,0.286,0.0,0.714,173.0,0.0,2.0,0.0,2.0,5.0,0.4,4.0,,1.0,2.0,0.429,2.0,7.0,0.286,2.0,2.0,1.0,2.0,0.0,25.0,2.0,3.0,8.0,174.0,1.0,1.0,4.0,0.0
gibsota01,Taj Gibson,https://www.basketball-reference.com/players/g/gibsota01.html,2021-22,2022,36.0,NYK,C,C,56.0,C,52.0,4.0,946.0,71.0,128.0,0.555,15.0,38.0,0.395,32.0,,40.0,141.0,0.563,86.0,166.0,0.518,42.0,52.0,0.808,88.0,137.0,229.0,341.0,22.0,27.0,229.0,0.0,1.4,2.5,0.555,0.3,0.7,0.395,0.6,,0.8,2.7,0.563,1.7,3.2,0.518,0.8,1.0,0.808,52.0,4.0,18.2,1.7,2.6,4.4,403.0,0.4,0.5,4.4,2.7,4.9,0.555,0.6,1.4,0.395,1.2,,1.5,5.4,0.563,3.3,6.3,0.518,1.6,2.0,0.808,52.0,4.0,946.0,3.3,5.2,8.7,290.0,0.8,1.0,8.7,3.8,6.8,0.555,0.8,2.0,0.395,1.7,,2.1,7.5,110.0,0.563,4.5,8.8,0.518,2.2,2.8,0.808,52.0,4.0,946.0,4.7,127.0,7.2,12.1,290.0,1.2,1.4,12.1,0.229,4.9,,4.2,-2.0,1.0,16.3,1.2,0.313,52.0,4.0,946.0,-3.0,9.8,1.4,12.0,290.0,1.2,12.5,13.0,0.606,10.0,0.0,2.7,0.135,,11,56,4,22,52,4,4,9,84,946,4.9,4.1,90,10,0,0,0,290,8,3,0.0,0.0,,0.52,0.658,9.9,18.0,0.127,0.518,0.667,0.529,0.333,0.555,0.433,0.395,52.0,4.0,946.0,0.676,1.0,0.398,0.102,0.09,0.771,0.181,0.229,290.0,10.5,15.2,,52.0,4.0,104.0,57.0,112.0,106.0,112.0,104.0,126.0,107.0,946.0,290.0,0.555,0.229,0.395,0.563,0.518,0.808,0.313,0.606,,,,,,,,,,,,,,,,,,,,,,,,,,,,,,,,,,,,,,,,,,,,,,,,,,,,,,,,,,,,,,,,,,,,,,,,,,,,,,,,,,,,,,,,,,,,,,,,,,,,,,,,,,,,,,,,,,,,,,,,,,,,,,,,,,,,,,,,,,,,,,,,,,,,,,,,,,,,,,,,,,,,,,,,,,,,,,,,,,,,,,,,,,,,,,,,,,,,,,,,,,,,,
smithja04,Jalen Smith,https://www.basketball-reference.com/players/s/smithja04.html,2021-22,2022,21.0,2TM,PF,C,57.0,C,51.0,8.0,925.0,136.0,228.0,0.596,40.0,122.0,0.328,24.0,,41.0,206.0,0.56,176.0,350.0,0.503,78.0,102.0,0.765,101.0,96.0,470.0,235.0,15.0,42.0,307.0,0.0,2.7,4.5,0.596,0.8,2.4,0.328,0.5,,0.8,4.0,0.56,3.5,6.9,0.503,1.5,2.0,0.765,51.0,8.0,18.1,2.0,1.9,9.2,202.0,0.3,0.8,6.0,5.3,8.9,0.596,1.6,4.7,0.328,0.9,,1.6,8.0,0.56,6.8,13.6,0.503,3.0,4.0,0.765,51.0,8.0,925.0,3.9,3.7,18.3,294.0,0.6,1.6,11.9,7.1,12.0,0.596,2.1,6.4,0.328,1.3,,2.2,10.8,111.0,0.56,9.3,18.4,0.503,4.1,5.4,0.765,51.0,8.0,925.0,5.3,119.0,5.0,24.7,294.0,0.8,2.2,16.1,0.349,3.9,,3.9,-0.5,-1.4,24.5,1.1,0.291,51.0,8.0,925.0,0.9,12.0,1.7,18.4,294.0,0.8,9.6,18.2,0.595,20.3,0.3,2.8,0.145,,13,53,10,45,51,8,9,12,53,925,0.7,1.4,67,33,0,0,0,294,12,10,0.0,0.0,,0.242,0.27,12.2,38.0,0.111,0.503,0.765,0.364,0.389,0.596,0.5,0.328,51.0,8.0,925.0,0.721,1.0,0.291,0.063,0.051,0.651,0.246,0.349,294.0,19.8,23.0,,51.0,8.0,112.0,87.0,93.0,105.0,109.0,99.0,117.0,105.0,925.0,294.0,0.596,0.349,0.328,0.56,0.503,0.765,0.291,0.595,,,,,,,,,,,,,,,,,,,,,,,,,,,,,,,,,,,,,,,,,,,,,,,,,,,,,,,,,,,,,,,,,,,,,,,,,,,,,,,,,,,,,,,,,,,,,,,,,,,,,,,,,,,,,,,,,,,,,,,,,,,,,,,,,,,,,,,,,,,,,,,,,,,,,,,,,,,,,,,,,,,,,,,,,,,,,,,,,,,,,,,,,,,,,,,,,,,,,,,,,,,,,
thomptr01,Tristan Thompson,https://www.basketball-reference.com/players/t/thomptr01.html,2021-22,2022,30.0,3TM,C,C,58.0,C,57.0,6.0,897.0,140.0,264.0,0.53,1.0,3.0,0.333,34.0,,21.0,168.0,0.53,141.0,267.0,0.528,61.0,116.0,0.526,120.0,98.0,344.0,285.0,23.0,45.0,288.0,0.0,2.5,4.6,0.53,0.0,0.1,0.333,0.6,,0.4,2.9,0.53,2.5,4.7,0.528,1.1,2.0,0.526,57.0,6.0,15.7,2.1,1.7,6.0,339.0,0.4,0.8,5.1,5.6,10.6,0.53,0.0,0.1,0.333,1.4,,0.8,6.7,0.53,5.7,10.7,0.528,2.4,4.7,0.526,57.0,6.0,897.0,4.8,3.9,13.8,300.0,0.9,1.8,11.6,7.6,14.3,0.53,0.1,0.2,0.333,1.8,,1.1,9.1,114.0,0.53,7.6,14.4,0.528,3.3,6.3,0.526,57.0,6.0,897.0,6.5,112.0,5.3,18.6,300.0,1.2,2.4,15.6,0.011,5.5,,2.0,-3.1,-1.5,20.8,0.8,0.434,57.0,6.0,897.0,-1.6,14.7,0.9,14.9,300.0,1.2,12.4,17.7,0.541,17.5,-0.3,1.6,0.087,,20,45,1,48,57,6,9,29,82,897,-0.6,-3.8,97,3,0,0,0,300,4,14,2.0,0.0,,,0.0,4.6,33.0,0.157,0.528,0.608,0.556,0.0,0.53,0.452,0.333,57.0,6.0,897.0,0.657,1.0,0.487,0.034,0.004,0.989,0.464,0.011,300.0,-0.9,-16.1,,57.0,6.0,100.0,3.0,94.0,100.0,115.0,68.0,175.0,96.0,897.0,300.0,0.53,0.011,0.333,0.53,0.528,0.526,0.434,0.541,,5.0,0.0,75.0,0.0,,75.0,87.0,,0.0,71.0,38.0,164.0,0.4,0.0,,0.4,0.4,,0.0,0.4,0.0,7.5,,0.0,-9.9,-0.1,17.2,0.0,0.0,5.0,0.0,38.0,-9.8,4.9,-0.1,-0.6,164.0,1.3,50.0,10.5,0.4,11.5,-0.1,-0.1,-0.115,,2.0,2.0,0.0,0.0,5.0,0.0,0.0,1.0,5.0,38.0,-23.1,-33.0,100.0,0.0,0.0,0.0,0.0,164.0,1.0,2.0,2.5,6.3,0.4,0.0,0.0,,2.5,,0.0,7.6,111.0,0.4,2.5,6.3,0.4,0.0,0.0,,5.0,0.0,38.0,2.5,55.0,5.0,5.0,164.0,1.3,6.3,10.1,1.9,4.7,0.4,0.0,0.0,,1.9,,0.0,5.7,0.4,1.9,4.7,0.4,0.0,0.0,,5.0,0.0,38.0,1.9,3.8,3.8,164.0,0.9,4.7,7.6,0.4,1.0,0.4,0.0,0.0,,0.4,,0.0,1.2,0.4,0.4,1.0,0.4,0.0,0.0,,5.0,0.0,7.6,0.4,0.8,0.8,195.0,0.2,1.0,1.6,0.0,0.0,,,,3.3,0.0,0.0,0.4,0.5,,,0.4,0.333,,5.0,0.0,38.0,0.5,,0.4,0.0,0.0,1.0,0.6,0.0,164.0,2.0,5.0,0.4,0.0,0.0,,2.0,,0.0,6.0,0.4,2.0,5.0,0.4,0.0,0.0,,5.0,0.0,38.0,2.0,4.0,4.0,195.0,1.0,5.0,8.0,0.0
ibakase01,Serge Ibaka,https://www.basketball-reference.com/players/i/ibakase01.html,2021-22,2022,32.0,2TM,C,C,59.0,C,54.0,12.0,877.0,111.0,197.0,0.563,37.0,99.0,0.374,49.0,,33.0,188.0,0.563,148.0,296.0,0.5,32.0,44.0,0.727,62.0,102.0,365.0,275.0,11.0,43.0,250.0,0.0,2.1,3.6,0.563,0.7,1.8,0.374,0.9,,0.6,3.5,0.563,2.7,5.5,0.5,0.6,0.8,0.727,54.0,12.0,16.2,1.1,1.9,6.8,305.0,0.2,0.8,4.6,4.6,8.1,0.563,1.5,4.1,0.374,2.0,,1.4,7.7,0.563,6.1,12.2,0.5,1.3,1.8,0.727,54.0,12.0,877.0,2.5,4.2,15.0,304.0,0.5,1.8,10.3,6.2,10.9,0.563,2.1,5.5,0.374,2.7,,1.8,10.4,110.0,0.563,8.2,16.4,0.5,1.8,2.4,0.727,54.0,12.0,877.0,3.4,112.0,5.7,20.2,304.0,0.6,2.4,13.9,0.334,8.4,,3.3,-1.5,-0.2,22.2,1.1,0.149,54.0,12.0,877.0,-1.3,7.7,0.8,14.4,304.0,0.6,12.0,15.1,0.579,17.8,0.1,2.0,0.108,,10,47,1,20,54,12,7,13,116,877,-4.0,-2.2,89,11,0,0,0,304,13,14,0.0,0.0,,0.222,0.091,13.8,21.0,0.074,0.5,0.789,0.516,0.321,0.563,0.506,0.374,54.0,12.0,877.0,0.703,1.0,0.193,0.105,0.095,0.666,0.274,0.334,304.0,18.2,8.0,,54.0,12.0,106.0,84.0,106.0,106.0,108.0,94.0,60.0,102.0,877.0,304.0,0.563,0.334,0.374,0.563,0.5,0.727,0.149,0.579,,6.0,0.0,58.0,47.0,0.0,47.0,54.0,65.0,50.0,47.0,22.0,176.0,0.308,0.188,0.0,0.25,0.25,0.5,0.125,0.267,0.188,0.0,,0.0,-21.1,-7.7,36.0,0.0,0.125,6.0,0.0,22.0,-13.3,9.7,-0.2,-3.9,176.0,0.0,10.6,23.3,0.267,37.2,-0.1,-0.2,-0.355,,0.0,1.0,0.0,1.0,6.0,0.0,0.0,0.0,0.0,22.0,-28.4,-26.0,100.0,0.0,0.0,0.0,0.0,176.0,2.0,0.0,8.9,28.8,0.308,0.0,6.6,0.0,0.0,,0.0,17.7,103.0,0.25,8.9,35.5,0.25,2.2,4.4,0.5,6.0,0.0,22.0,4.4,57.0,2.2,19.9,176.0,0.0,4.4,22.2,6.5,21.3,0.308,0.0,4.9,0.0,0.0,,0.0,13.1,0.25,6.5,26.2,0.25,1.6,3.3,0.5,6.0,0.0,22.0,3.3,1.6,14.7,176.0,0.0,3.3,16.4,0.7,2.2,0.308,0.0,0.5,0.0,0.0,,0.0,1.3,0.25,0.7,2.7,0.25,0.2,0.3,0.5,6.0,0.0,3.7,0.3,0.2,1.5,178.0,0.0,0.3,1.7,0.0,0.0,,0.0,0.333,10.4,1.0,0.063,0.25,0.667,0.0,0.0,0.308,0.286,0.0,6.0,0.0,22.0,0.5,,0.188,0.125,0.063,0.813,0.438,0.188,176.0,4.0,13.0,0.308,0.0,3.0,0.0,0.0,,0.0,8.0,0.25,4.0,16.0,0.25,1.0,2.0,0.5,6.0,0.0,22.0,2.0,1.0,9.0,171.0,0.0,2.0,10.0,0.0
watfotr01,Trendon Watford,https://www.basketball-reference.com/players/w/watfotr01.html,2021-22,2022,21.0,POR,SF,C,60.0,C,48.0,10.0,869.0,133.0,229.0,0.581,9.0,38.0,0.237,81.0,,28.0,142.0,0.549,142.0,267.0,0.532,71.0,94.0,0.755,57.0,116.0,364.0,276.0,25.0,44.0,199.0,0.0,2.8,4.8,0.581,0.2,0.8,0.237,1.7,,0.6,3.0,0.549,3.0,5.6,0.532,1.5,2.0,0.755,48.0,10.0,18.1,1.2,2.4,7.6,273.0,0.5,0.9,4.1,5.5,9.5,0.581,0.4,1.6,0.237,3.4,,1.2,5.9,0.549,5.9,11.1,0.532,2.9,3.9,0.755,48.0,10.0,869.0,2.4,4.8,15.1,305.0,1.0,1.8,8.2,7.5,12.9,0.581,0.5,2.1,0.237,4.6,,1.6,8.0,116.0,0.549,8.0,15.0,0.532,4.0,5.3,0.755,48.0,10.0,869.0,3.2,118.0,6.5,20.5,305.0,1.4,2.5,11.2,0.142,14.6,,3.2,-1.7,-0.4,18.6,0.5,0.352,48.0,10.0,869.0,-1.4,7.0,1.4,15.8,305.0,1.4,12.5,12.6,0.59,17.6,0.1,1.9,0.104,,14,59,4,47,48,10,9,20,200,869,-12.6,-18.7,53,42,0,5,0,305,20,6,0.0,0.0,,0.111,0.237,8.0,7.0,0.03,0.532,0.768,0.361,0.25,0.581,0.478,0.237,48.0,10.0,869.0,0.579,0.889,0.371,0.135,0.015,0.858,0.337,0.142,305.0,9.1,14.9,,48.0,10.0,109.0,36.0,67.0,103.0,115.0,98.0,142.0,104.0,869.0,305.0,0.581,0.142,0.237,0.549,0.532,0.755,0.352,0.59,,,,,,,,,,,,,,,,,,,,,,,,,,,,,,,,,,,,,,,,,,,,,,,,,,,,,,,,,,,,,,,,,,,,,,,,,,,,,,,,,,,,,,,,,,,,,,,,,,,,,,,,,,,,,,,,,,,,,,,,,,,,,,,,,,,,,,,,,,,,,,,,,,,,,,,,,,,,,,,,,,,,,,,,,,,,,,,,,,,,,,,,,,,,,,,,,,,,,,,,,,,,,
youngth01,Thaddeus Young,https://www.basketball-reference.com/players/y/youngth01.html,2021-22,2022,33.0,2TM,PF,C,61.0,C,52.0,1.0,845.0,124.0,224.0,0.554,17.0,48.0,0.354,104.0,,18.0,128.0,0.55,141.0,272.0,0.518,23.0,49.0,0.469,80.0,81.0,322.0,300.0,54.0,52.0,208.0,0.0,2.4,4.3,0.554,0.3,0.9,0.354,2.0,,0.3,2.5,0.55,2.7,5.2,0.518,0.4,0.9,0.469,52.0,1.0,16.3,1.5,1.6,6.2,329.0,1.0,1.0,4.0,5.3,9.5,0.554,0.7,2.0,0.354,4.4,,0.8,5.5,0.55,6.0,11.6,0.518,1.0,2.1,0.469,52.0,1.0,845.0,3.4,3.5,13.7,308.0,2.3,2.2,8.9,7.2,13.0,0.554,1.0,2.8,0.354,6.0,,1.0,7.4,108.0,0.55,8.2,15.8,0.518,1.3,2.8,0.469,52.0,1.0,845.0,4.6,113.0,4.7,18.7,308.0,3.1,3.0,12.1,0.176,17.7,,2.0,2.2,2.1,16.8,1.3,0.18,52.0,1.0,845.0,0.1,9.8,0.9,17.0,308.0,3.1,15.0,13.1,0.548,17.4,0.9,2.2,0.126,,3,46,12,23,52,1,9,20,246,845,0.6,1.8,53,46,0,1,0,308,33,16,0.0,0.0,,0.483,0.604,7.6,7.0,0.037,0.518,0.625,0.286,0.167,0.554,0.523,0.354,52.0,1.0,845.0,0.524,1.0,0.382,0.026,0.022,0.824,0.393,0.176,308.0,9.8,-10.4,,52.0,1.0,104.0,44.0,100.0,103.0,112.0,61.0,73.0,97.0,845.0,308.0,0.554,0.176,0.354,0.55,0.518,0.469,0.18,0.548,,6.0,0.0,137.0,97.0,40.0,99.0,108.0,32.0,90.0,89.0,87.0,133.0,0.727,0.389,0.143,0.528,0.5,0.25,0.222,0.506,0.389,16.9,,1.3,1.7,2.3,17.2,0.0,0.222,6.0,0.0,87.0,-0.6,9.0,0.1,14.3,133.0,3.0,13.2,12.7,0.506,12.1,0.1,0.1,0.067,,0.0,5.0,0.0,2.0,6.0,0.0,0.0,1.0,23.0,87.0,9.5,-2.9,49.0,51.0,0.0,0.0,0.0,133.0,3.0,0.0,4.8,6.7,0.727,0.6,4.2,0.143,6.1,,0.6,6.7,117.0,0.528,5.4,10.9,0.5,0.6,2.4,0.25,6.0,0.0,87.0,4.2,115.0,4.8,12.1,133.0,3.0,1.8,10.9,3.3,4.6,0.727,0.4,2.9,0.143,4.1,,0.4,4.6,0.528,3.7,7.4,0.5,0.4,1.7,0.25,6.0,0.0,87.0,2.9,3.3,8.3,133.0,2.1,1.2,7.4,1.3,1.8,0.727,0.2,1.2,0.143,1.7,,0.2,1.8,0.528,1.5,3.0,0.5,0.2,0.7,0.25,6.0,0.0,14.5,1.2,1.3,3.3,148.0,0.8,0.5,3.0,0.0,0.0,,0.25,0.571,12.8,2.0,0.111,0.5,0.8,0.0,1.0,0.727,0.75,0.143,6.0,0.0,87.0,0.625,1.0,0.278,0.056,0.056,0.611,0.222,0.389,133.0,8.0,11.0,0.727,1.0,7.0,0.143,10.0,,1.0,11.0,0.528,9.0,18.0,0.5,1.0,4.0,0.25,6.0,0.0,87.0,7.0,8.0,20.0,152.0,5.0,3.0,18.0,0.0
hernawi01,Willy Hernangómez,https://www.basketball-reference.com/players/h/hernawi01.html,2021-22,2022,27.0,NOP,C,C,62.0,C,50.0,8.0,839.0,166.0,315.0,0.527,4.0,12.0,0.333,63.0,,19.0,195.0,0.526,170.0,327.0,0.52,109.0,141.0,0.773,143.0,97.0,453.0,244.0,21.0,51.0,338.0,0.0,3.3,6.3,0.527,0.1,0.2,0.333,1.3,,0.4,3.9,0.526,3.4,6.5,0.52,2.2,2.8,0.773,50.0,8.0,16.8,2.9,1.9,9.1,211.0,0.4,1.0,6.8,7.1,13.5,0.527,0.2,0.5,0.333,2.7,,0.8,8.4,0.526,7.3,14.0,0.52,4.7,6.1,0.773,50.0,8.0,839.0,6.1,4.2,19.4,310.0,0.9,2.2,14.5,9.8,18.5,0.527,0.2,0.7,0.333,3.7,,1.1,11.5,111.0,0.526,10.0,19.2,0.52,6.4,8.3,0.773,50.0,8.0,839.0,8.4,122.0,5.7,26.7,310.0,1.2,3.0,19.9,0.037,11.9,,2.2,0.2,-1.5,26.3,0.9,0.431,50.0,8.0,839.0,1.8,18.5,2.2,22.2,310.0,1.2,11.6,22.3,0.582,22.5,0.5,3.2,0.18,,15,48,2,64,50,8,15,27,144,839,-1.0,-1.9,100,0,0,0,0,310,20,14,1.0,0.0,,0.0,0.083,4.2,30.0,0.098,0.52,0.63,0.357,0.0,0.527,0.391,0.333,50.0,8.0,839.0,0.687,1.0,0.563,0.043,0.006,0.963,0.352,0.037,310.0,-3.7,12.6,,50.0,8.0,99.0,9.0,94.0,99.0,113.0,100.0,174.0,103.0,839.0,310.0,0.527,0.037,0.333,0.526,0.52,0.773,0.431,0.582,,1.0,0.0,63.0,63.0,0.0,47.0,54.0,,0.0,44.0,2.0,213.0,0.333,0.25,0.0,0.25,0.25,,0.0,0.25,0.25,0.0,,0.0,-47.7,-34.4,0.0,0.0,0.0,1.0,0.0,2.0,-13.3,100.0,0.0,13.0,213.0,0.0,0.0,59.0,0.25,86.1,0.0,0.0,-0.383,,0.0,1.0,0.0,0.0,1.0,0.0,0.0,0.0,0.0,2.0,-8.1,-10.0,100.0,0.0,0.0,0.0,0.0,213.0,0.0,0.0,25.7,77.1,0.333,0.0,25.7,0.0,0.0,,0.0,0.0,125.0,0.25,25.7,102.8,0.25,0.0,0.0,,1.0,0.0,2.0,51.4,87.0,25.7,51.4,213.0,0.0,0.0,51.4,18.0,54.0,0.333,0.0,18.0,0.0,0.0,,0.0,0.0,0.25,18.0,72.0,0.25,0.0,0.0,,1.0,0.0,2.0,36.0,18.0,36.0,213.0,0.0,0.0,36.0,1.0,3.0,0.333,0.0,1.0,0.0,0.0,,0.0,0.0,0.25,1.0,4.0,0.25,0.0,0.0,,1.0,0.0,2.0,2.0,1.0,2.0,166.0,0.0,0.0,2.0,0.0,0.0,,,0.0,7.7,0.0,0.25,0.25,0.5,,,0.333,0.0,0.0,1.0,0.0,2.0,0.0,,0.5,0.0,0.0,0.75,0.25,0.25,213.0,1.0,3.0,0.333,0.0,1.0,0.0,0.0,,0.0,0.0,0.25,1.0,4.0,0.25,0.0,0.0,,1.0,0.0,2.0,2.0,1.0,2.0,201.0,0.0,0.0,2.0,0.0
olynyke01,Kelly Olynyk,https://www.basketball-reference.com/players/o/olynyke01.html,2021-22,2022,30.0,DET,C,C,63.0,C,40.0,1.0,764.0,88.0,167.0,0.527,40.0,119.0,0.336,111.0,,19.0,123.0,0.517,128.0,286.0,0.448,69.0,89.0,0.775,54.0,100.0,365.0,274.0,31.0,58.0,177.0,0.0,2.2,4.2,0.527,1.0,3.0,0.336,2.8,,0.5,3.1,0.517,3.2,7.2,0.448,1.7,2.2,0.775,40.0,1.0,19.1,1.4,2.5,9.1,212.0,0.8,1.5,4.4,4.1,7.9,0.527,1.9,5.6,0.336,5.2,,0.9,5.8,0.517,6.0,13.5,0.448,3.3,4.2,0.775,40.0,1.0,764.0,2.5,4.7,17.2,323.0,1.5,2.7,8.3,5.6,10.7,0.527,2.6,7.6,0.336,7.1,,1.2,7.9,112.0,0.517,8.2,18.3,0.448,4.4,5.7,0.775,40.0,1.0,764.0,3.4,112.0,6.4,23.3,323.0,2.0,3.7,11.3,0.416,23.3,,2.2,1.6,1.0,18.3,0.8,0.311,40.0,1.0,764.0,0.5,7.3,0.8,16.7,323.0,2.0,15.1,12.5,0.561,21.5,0.7,1.6,0.104,,16,45,11,34,40,1,10,13,268,764,2.8,-5.7,100,0,0,0,0,323,27,13,1.0,0.0,,0.5,0.017,14.2,11.0,0.052,0.448,0.64,0.385,0.5,0.527,0.38,0.336,40.0,1.0,764.0,0.625,0.875,0.301,0.045,0.063,0.584,0.175,0.416,323.0,-8.1,-3.1,,40.0,1.0,99.0,104.0,95.0,97.0,97.0,100.0,125.0,99.0,764.0,323.0,0.527,0.416,0.336,0.517,0.448,0.775,0.311,0.561,,,,,,,,,,,,,,,,,,,,,,,,,,,,,,,,,,,,,,,,,,,,,,,,,,,,,,,,,,,,,,,,,,,,,,,,,,,,,,,,,,,,,,,,,,,,,,,,,,,,,,,,,,,,,,,,,,,,,,,,,,,,,,,,,,,,,,,,,,,,,,,,,,,,,,,,,,,,,,,,,,,,,,,,,,,,,,,,,,,,,,,,,,,,,,,,,,,,,,,,,,,,,
bitadgo01,Goga Bitadze,https://www.basketball-reference.com/players/b/bitadgo01.html,2021-22,2022,22.0,IND,C,C,64.0,C,50.0,16.0,729.0,108.0,172.0,0.628,23.0,80.0,0.288,55.0,,42.0,98.0,0.565,131.0,252.0,0.52,64.0,94.0,0.681,79.0,107.0,349.0,281.0,21.0,46.0,177.0,0.0,2.2,3.4,0.628,0.5,1.6,0.288,1.1,,0.8,2.0,0.565,2.6,5.0,0.52,1.3,1.9,0.681,50.0,16.0,14.6,1.6,2.1,7.0,298.0,0.4,0.9,3.5,5.3,8.5,0.628,1.1,4.0,0.288,2.7,,2.1,4.8,0.565,6.5,12.4,0.52,3.2,4.6,0.681,50.0,16.0,729.0,3.9,5.3,17.2,328.0,1.0,2.3,8.7,7.3,11.6,0.628,1.5,5.4,0.288,3.7,,2.8,6.6,114.0,0.565,8.8,16.9,0.52,4.3,6.3,0.681,50.0,16.0,729.0,5.3,118.0,7.2,23.4,328.0,1.4,3.1,11.9,0.317,11.2,,5.0,-0.8,-0.6,15.3,0.6,0.373,50.0,16.0,729.0,-0.2,11.9,1.3,18.0,328.0,1.4,13.6,13.5,0.595,19.9,0.2,1.9,0.122,,12,52,3,47,50,16,15,24,132,729,1.2,-3.1,100,0,0,0,0,328,15,12,0.0,0.0,,0.2,0.063,10.4,26.0,0.119,0.52,0.735,0.375,0.0,0.628,0.409,0.288,50.0,16.0,729.0,0.694,1.0,0.464,0.032,0.008,0.683,0.175,0.317,328.0,17.0,16.9,,50.0,16.0,118.0,80.0,81.0,106.0,113.0,88.0,150.0,105.0,729.0,328.0,0.628,0.317,0.288,0.565,0.52,0.681,0.373,0.595,,,,,,,,,,,,,,,,,,,,,,,,,,,,,,,,,,,,,,,,,,,,,,,,,,,,,,,,,,,,,,,,,,,,,,,,,,,,,,,,,,,,,,,,,,,,,,,,,,,,,,,,,,,,,,,,,,,,,,,,,,,,,,,,,,,,,,,,,,,,,,,,,,,,,,,,,,,,,,,,,,,,,,,,,,,,,,,,,,,,,,,,,,,,,,,,,,,,,,,,,,,,,
couside01,DeMarcus Cousins,https://www.basketball-reference.com/players/c/couside01.html,2021-22,2022,31.0,2TM,C,C,65.0,C,48.0,7.0,718.0,112.0,202.0,0.554,37.0,122.0,0.303,71.0,,21.0,196.0,0.517,149.0,324.0,0.46,95.0,125.0,0.76,74.0,139.0,430.0,253.0,35.0,85.0,270.0,0.0,2.3,4.2,0.554,0.8,2.5,0.303,1.5,,0.4,4.1,0.517,3.1,6.8,0.46,2.0,2.6,0.76,48.0,7.0,15.0,1.5,2.9,9.0,214.0,0.7,1.8,5.6,5.6,10.1,0.554,1.9,6.1,0.303,3.6,,1.1,9.8,0.517,7.5,16.2,0.46,4.8,6.3,0.76,48.0,7.0,718.0,3.7,7.0,21.6,330.0,1.8,4.3,13.5,7.6,13.7,0.554,2.5,8.3,0.303,4.8,,1.4,13.3,106.0,0.517,10.1,21.9,0.46,6.4,8.5,0.76,48.0,7.0,718.0,5.0,105.0,9.4,29.1,330.0,2.4,5.8,18.3,0.377,15.2,,2.7,-1.6,0.2,29.1,1.3,0.386,48.0,7.0,718.0,-1.8,11.7,0.3,18.2,330.0,2.4,18.3,20.6,0.567,28.1,0.1,1.6,0.104,,27,69,11,59,48,7,18,26,179,718,-0.7,2.2,99,1,0,0,0,330,37,13,0.0,0.0,,0.333,0.049,12.1,20.0,0.068,0.46,0.65,0.2,0.286,0.554,0.452,0.303,48.0,7.0,718.0,0.598,1.0,0.361,0.015,0.022,0.623,0.225,0.377,330.0,-9.6,1.0,,48.0,7.0,104.0,94.0,86.0,97.0,100.0,98.0,155.0,100.0,718.0,330.0,0.554,0.377,0.303,0.517,0.46,0.76,0.386,0.567,,5.0,0.0,122.0,52.0,189.0,136.0,142.0,95.0,208.0,132.0,57.0,155.0,0.652,0.207,0.667,0.724,0.655,0.733,0.517,0.744,0.207,21.6,,1.8,11.8,3.5,31.4,0.0,0.517,5.0,0.0,57.0,8.2,6.3,0.2,32.9,155.0,2.6,16.4,18.4,0.744,32.5,0.2,0.3,0.216,,3.0,1.0,0.0,6.0,5.0,0.0,2.0,2.0,15.0,57.0,8.9,-2.9,100.0,0.0,0.0,0.0,0.0,155.0,0.0,2.0,13.0,20.0,0.652,3.5,5.2,0.667,5.2,,0.9,12.2,116.0,0.724,16.5,25.2,0.655,9.6,13.0,0.733,5.0,0.0,57.0,2.6,125.0,7.8,46.1,155.0,2.6,6.1,14.8,9.5,14.5,0.652,2.5,3.8,0.667,3.8,,0.6,8.8,0.724,12.0,18.3,0.655,6.9,9.5,0.733,5.0,0.0,57.0,1.9,5.7,33.5,155.0,1.9,4.4,10.7,3.0,4.6,0.652,0.8,1.2,0.667,1.2,,0.2,2.8,0.724,3.8,5.8,0.655,2.2,3.0,0.733,5.0,0.0,11.4,0.6,1.8,10.6,69.0,0.6,1.4,3.4,0.0,0.0,,,0.0,11.1,1.0,0.034,0.655,1.0,0.25,1.0,0.652,0.643,0.667,5.0,0.0,57.0,0.6,1.0,0.138,0.138,0.034,0.793,0.483,0.207,155.0,15.0,23.0,0.652,4.0,6.0,0.667,6.0,,1.0,14.0,0.724,19.0,29.0,0.655,11.0,15.0,0.733,5.0,0.0,57.0,3.0,9.0,53.0,104.0,3.0,7.0,17.0,0.0
yurtsom01,Omer Yurtseven,https://www.basketball-reference.com/players/y/yurtsom01.html,2021-22,2022,23.0,MIA,C,C,66.0,C,56.0,12.0,706.0,129.0,236.0,0.547,1.0,11.0,0.091,49.0,,20.0,209.0,0.528,130.0,247.0,0.526,38.0,61.0,0.623,85.0,84.0,299.0,312.0,17.0,41.0,294.0,0.0,2.3,4.2,0.547,0.0,0.2,0.091,0.9,,0.4,3.7,0.528,2.3,4.4,0.526,0.7,1.1,0.623,56.0,12.0,12.6,1.5,1.5,5.3,377.0,0.3,0.7,5.3,6.6,12.0,0.547,0.1,0.6,0.091,2.5,,1.0,10.7,0.528,6.6,12.6,0.526,1.9,3.1,0.623,56.0,12.0,706.0,4.3,4.3,15.2,334.0,0.9,2.1,15.0,9.1,16.7,0.547,0.1,0.8,0.091,3.5,,1.4,14.8,104.0,0.528,9.2,17.5,0.526,2.7,4.3,0.623,56.0,12.0,706.0,6.0,112.0,6.0,21.2,334.0,1.2,2.9,20.8,0.045,11.0,,3.0,-1.0,0.4,33.0,1.4,0.247,56.0,12.0,706.0,-1.4,13.9,0.8,17.4,334.0,1.2,13.0,23.6,0.546,19.9,0.2,2.1,0.145,,12,52,4,31,56,12,9,18,121,706,0.3,4.8,100,0,0,0,0,334,13,11,0.0,0.0,,0.0,0.182,5.8,39.0,0.178,0.526,0.722,0.357,0.0,0.547,0.432,0.091,56.0,12.0,706.0,0.783,1.0,0.437,0.113,0.02,0.955,0.385,0.045,334.0,-1.7,-11.0,,56.0,12.0,103.0,11.0,26.0,99.0,114.0,80.0,100.0,96.0,706.0,334.0,0.547,0.045,0.091,0.528,0.526,0.623,0.247,0.546,,9.0,0.0,141.0,28.0,0.0,125.0,145.0,43.0,67.0,114.0,38.0,163.0,0.75,0.111,0.0,0.667,0.667,0.333,0.167,0.647,0.111,16.6,,2.9,8.0,2.8,19.3,0.0,0.167,9.0,0.0,38.0,5.1,3.0,0.1,25.8,163.0,0.0,0.0,10.8,0.647,22.6,0.1,0.2,0.228,,0.0,2.0,0.0,1.0,9.0,0.0,0.0,1.0,8.0,38.0,3.9,7.8,100.0,0.0,0.0,0.0,0.0,163.0,0.0,0.0,16.1,21.5,0.75,0.0,2.7,0.0,4.0,,1.3,8.0,110.0,0.667,16.1,24.1,0.667,1.3,4.0,0.333,9.0,0.0,38.0,1.3,132.0,2.7,33.5,163.0,0.0,0.0,9.4,11.4,15.2,0.75,0.0,1.9,0.0,2.8,,0.9,5.7,0.667,11.4,17.1,0.667,0.9,2.8,0.333,9.0,0.0,38.0,0.9,1.9,23.7,163.0,0.0,0.0,6.6,1.3,1.8,0.75,0.0,0.2,0.0,0.3,,0.1,0.7,0.667,1.3,2.0,0.667,0.1,0.3,0.333,9.0,0.0,4.2,0.1,0.2,2.8,158.0,0.0,0.0,0.8,0.0,0.0,,,0.0,7.7,1.0,0.056,0.667,0.875,0.75,,0.75,0.5,0.0,9.0,0.0,38.0,1.0,,0.444,0.222,0.0,0.889,0.222,0.111,163.0,12.0,16.0,0.75,0.0,2.0,0.0,3.0,,1.0,6.0,0.667,12.0,18.0,0.667,1.0,3.0,0.333,9.0,0.0,38.0,1.0,2.0,25.0,138.0,0.0,0.0,7.0,0.0
nnajize01,Zeke Nnaji,https://www.basketball-reference.com/players/n/nnajize01.html,2021-22,2022,21.0,DEN,PF,C,67.0,C,41.0,1.0,698.0,59.0,106.0,0.557,37.0,80.0,0.463,17.0,,13.0,91.0,0.616,96.0,186.0,0.516,41.0,65.0,0.631,56.0,79.0,270.0,327.0,16.0,23.0,147.0,0.0,1.4,2.6,0.557,0.9,2.0,0.463,0.4,,0.3,2.2,0.616,2.3,4.5,0.516,1.0,1.6,0.631,41.0,1.0,17.0,1.4,1.9,6.6,312.0,0.4,0.6,3.6,3.0,5.5,0.557,1.9,4.1,0.463,0.9,,0.7,4.7,0.616,5.0,9.6,0.516,2.1,3.4,0.631,41.0,1.0,698.0,2.9,4.1,13.9,336.0,0.8,1.2,7.6,4.1,7.5,0.557,2.6,5.6,0.463,1.2,,0.9,6.4,113.0,0.616,6.7,13.1,0.516,2.9,4.6,0.631,41.0,1.0,698.0,3.9,123.0,5.6,19.0,336.0,1.1,1.6,10.3,0.43,3.4,,1.7,-2.2,-1.6,14.1,0.6,0.349,41.0,1.0,698.0,-0.7,9.3,1.2,13.5,336.0,1.1,9.7,11.8,0.629,14.9,0.0,1.8,0.123,,7,36,3,32,41,1,4,19,45,698,-7.0,-3.5,63,36,0,1,0,336,8,7,0.0,0.0,,0.5,0.425,13.1,20.0,0.124,0.516,0.727,0.0,0.4,0.557,0.241,0.463,41.0,1.0,698.0,0.576,0.946,0.355,0.005,0.054,0.57,0.156,0.43,336.0,31.2,27.1,,41.0,1.0,105.0,108.0,131.0,116.0,112.0,81.0,141.0,111.0,698.0,336.0,0.557,0.43,0.463,0.616,0.516,0.631,0.349,0.629,,2.0,0.0,,250.0,283.0,282.0,217.0,,0.0,265.0,9.0,199.0,,1.0,1.0,1.5,1.0,,0.0,1.5,1.0,0.0,,0.0,0.2,-1.0,0.0,0.0,0.0,2.0,0.0,9.0,1.2,0.0,0.0,10.8,199.0,0.0,0.0,0.0,1.5,4.8,0.0,0.0,0.082,,0.0,1.0,0.0,0.0,2.0,0.0,0.0,0.0,0.0,9.0,43.7,32.2,100.0,0.0,0.0,0.0,0.0,199.0,0.0,0.0,0.0,0.0,,5.5,5.5,1.0,0.0,,0.0,0.0,128.0,1.5,5.5,5.5,1.0,0.0,0.0,,2.0,0.0,9.0,0.0,300.0,11.0,16.5,199.0,0.0,0.0,0.0,0.0,0.0,,4.0,4.0,1.0,0.0,,0.0,0.0,1.5,4.0,4.0,1.0,0.0,0.0,,2.0,0.0,9.0,0.0,8.0,12.0,199.0,0.0,0.0,0.0,0.0,0.0,,0.5,0.5,1.0,0.0,,0.0,0.0,1.5,0.5,0.5,1.0,0.0,0.0,,2.0,0.0,4.5,0.0,1.0,1.5,179.0,0.0,0.0,0.0,0.0,0.0,,1.0,1.0,22.7,0.0,0.0,1.0,,,,,,1.0,2.0,0.0,9.0,,1.0,0.0,0.0,0.0,0.0,0.0,1.0,199.0,0.0,0.0,,1.0,1.0,1.0,0.0,,0.0,0.0,1.5,1.0,1.0,1.0,0.0,0.0,,2.0,0.0,9.0,0.0,2.0,3.0,198.0,0.0,0.0,0.0,0.0
favorde01,Derrick Favors,https://www.basketball-reference.com/players/f/favorde01.html,2021-22,2022,30.0,OKC,C,C,68.0,C,39.0,18.0,653.0,92.0,166.0,0.554,2.0,16.0,0.125,25.0,,12.0,126.0,0.522,94.0,182.0,0.516,16.0,25.0,0.64,58.0,62.0,206.0,354.0,17.0,9.0,184.0,0.0,2.4,4.3,0.554,0.1,0.4,0.125,0.6,,0.3,3.2,0.522,2.4,4.7,0.516,0.4,0.6,0.64,39.0,18.0,16.7,1.5,1.6,5.3,375.0,0.4,0.2,4.7,5.1,9.2,0.554,0.1,0.9,0.125,1.4,,0.7,6.9,0.522,5.2,10.0,0.516,0.9,1.4,0.64,39.0,18.0,653.0,3.2,3.4,11.4,344.0,0.9,0.5,10.1,6.9,12.4,0.554,0.1,1.2,0.125,1.9,,0.9,9.4,112.0,0.522,7.0,13.6,0.516,1.2,1.9,0.64,39.0,18.0,653.0,4.3,118.0,4.6,15.4,344.0,1.3,0.7,13.7,0.088,5.9,,1.7,-2.1,0.3,20.2,0.7,0.137,39.0,18.0,653.0,-2.3,9.0,0.8,13.6,344.0,1.3,4.5,14.5,0.534,13.4,0.0,1.4,0.105,,0,37,2,12,39,18,1,7,64,653,-0.9,-9.1,100,0,0,0,0,344,2,3,0.0,0.0,,0.071,0.875,9.6,11.0,0.071,0.516,0.673,0.537,0.406,0.554,0.433,0.125,39.0,18.0,653.0,0.761,1.0,0.302,0.225,0.176,0.912,0.165,0.088,344.0,-3.5,-12.5,,39.0,18.0,104.0,22.0,35.0,98.0,112.0,83.0,55.0,94.0,653.0,344.0,0.554,0.088,0.125,0.522,0.516,0.64,0.137,0.534,,,,,,,,,,,,,,,,,,,,,,,,,,,,,,,,,,,,,,,,,,,,,,,,,,,,,,,,,,,,,,,,,,,,,,,,,,,,,,,,,,,,,,,,,,,,,,,,,,,,,,,,,,,,,,,,,,,,,,,,,,,,,,,,,,,,,,,,,,,,,,,,,,,,,,,,,,,,,,,,,,,,,,,,,,,,,,,,,,,,,,,,,,,,,,,,,,,,,,,,,,,,,
jordade01,DeAndre Jordan,https://www.basketball-reference.com/players/j/jordade01.html,2021-22,2022,33.0,2TM,C,C,69.0,C,48.0,20.0,622.0,92.0,143.0,0.643,0.0,0.0,,21.0,,35.0,181.0,0.643,92.0,143.0,0.643,22.0,40.0,0.55,83.0,71.0,206.0,356.0,12.0,37.0,264.0,0.0,1.9,3.0,0.643,0.0,0.0,,0.4,,0.7,3.8,0.643,1.9,3.0,0.643,0.5,0.8,0.55,48.0,20.0,13.0,1.7,1.5,4.3,410.0,0.3,0.8,5.5,5.3,8.3,0.643,0.0,0.0,,1.2,,2.0,10.5,0.643,5.3,8.3,0.643,1.3,2.3,0.55,48.0,20.0,622.0,4.8,4.1,11.9,351.0,0.7,2.1,15.3,7.2,11.2,0.643,0.0,0.0,,1.6,,2.7,14.1,107.0,0.643,7.2,11.2,0.643,1.7,3.1,0.55,48.0,20.0,622.0,6.5,120.0,5.5,16.1,351.0,0.9,2.9,20.6,0.0,4.9,,5.0,-1.4,0.1,31.4,1.0,0.28,48.0,20.0,622.0,-1.5,14.7,0.9,17.2,351.0,0.9,18.7,23.1,0.641,13.9,0.1,1.9,0.145,,8,38,0,20,48,20,2,6,52,622,-9.5,-9.8,100,0,0,0,0,351,13,10,0.0,0.0,,,,1.7,66.0,0.517,0.643,0.693,0.0,0.0,0.643,0.417,,48.0,20.0,622.0,0.761,,0.797,0.007,0.007,1.0,0.168,0.0,351.0,32.0,24.2,,48.0,20.0,121.0,0.0,,121.0,140.0,71.0,113.0,113.0,622.0,351.0,0.643,0.0,,0.643,0.643,0.55,0.28,0.641,,3.0,2.0,188.0,0.0,,188.0,217.0,,0.0,177.0,31.0,169.0,1.0,0.0,,1.0,1.0,,0.0,1.0,0.0,5.5,,6.0,1.0,2.3,22.7,0.0,0.0,3.0,2.0,31.0,-1.3,4.1,0.1,15.7,169.0,0.0,28.6,13.8,1.0,10.6,0.0,0.1,0.136,,1.0,2.0,0.0,0.0,3.0,2.0,0.0,0.0,2.0,31.0,-57.2,-53.4,100.0,0.0,0.0,0.0,0.0,169.0,0.0,1.0,8.4,8.4,1.0,0.0,0.0,,1.7,,3.4,10.1,110.0,1.0,8.4,8.4,1.0,0.0,0.0,,3.0,2.0,31.0,1.7,133.0,6.7,16.8,169.0,0.0,3.4,11.8,5.8,5.8,1.0,0.0,0.0,,1.2,,2.3,7.0,1.0,5.8,5.8,1.0,0.0,0.0,,3.0,2.0,31.0,1.2,4.6,11.6,169.0,0.0,2.3,8.1,1.7,1.7,1.0,0.0,0.0,,0.3,,0.7,2.0,1.0,1.7,1.7,1.0,0.0,0.0,,3.0,2.0,10.3,0.3,1.3,3.3,147.0,0.0,0.7,2.3,0.0,0.0,,,,1.2,3.0,0.6,1.0,1.0,,,1.0,,,3.0,2.0,31.0,0.8,,1.0,0.0,0.0,1.0,0.0,0.0,169.0,5.0,5.0,1.0,0.0,0.0,,1.0,,2.0,6.0,1.0,5.0,5.0,1.0,0.0,0.0,,3.0,2.0,31.0,1.0,4.0,10.0,169.0,0.0,2.0,7.0,0.0
lenal01,Alex Len,https://www.basketball-reference.com/players/l/lenal01.html,2021-22,2022,28.0,SAC,C,C,70.0,C,39.0,10.0,620.0,88.0,155.0,0.568,6.0,21.0,0.286,45.0,,25.0,109.0,0.551,94.0,176.0,0.534,41.0,63.0,0.651,52.0,100.0,235.0,338.0,13.0,43.0,161.0,0.0,2.3,4.0,0.568,0.2,0.5,0.286,1.2,,0.6,2.8,0.551,2.4,4.5,0.534,1.1,1.6,0.651,39.0,10.0,15.9,1.3,2.6,6.0,342.0,0.3,1.1,4.1,5.1,9.0,0.568,0.3,1.2,0.286,2.6,,1.5,6.3,0.551,5.5,10.2,0.534,2.4,3.7,0.651,39.0,10.0,620.0,3.0,5.8,13.6,352.0,0.8,2.5,9.3,6.8,12.0,0.568,0.5,1.6,0.286,3.5,,1.9,8.5,114.0,0.551,7.3,13.7,0.534,3.2,4.9,0.651,39.0,10.0,620.0,4.0,109.0,7.8,18.2,352.0,1.0,3.3,12.5,0.119,10.6,,3.5,-2.9,0.3,19.3,0.5,0.358,39.0,10.0,620.0,-3.2,9.0,0.4,13.1,352.0,1.0,17.4,14.1,0.577,17.1,-0.1,0.9,0.07,,12,55,2,28,39,10,7,13,118,620,0.1,-5.4,100,0,0,0,0,352,14,11,0.0,0.0,,0.2,0.238,6.7,26.0,0.17,0.534,0.708,0.455,0.0,0.568,0.448,0.286,39.0,10.0,620.0,0.761,0.667,0.409,0.125,0.006,0.881,0.33,0.119,352.0,6.8,4.4,,39.0,10.0,107.0,30.0,81.0,104.0,116.0,84.0,144.0,102.0,620.0,352.0,0.568,0.119,0.286,0.551,0.534,0.651,0.358,0.577,,,,,,,,,,,,,,,,,,,,,,,,,,,,,,,,,,,,,,,,,,,,,,,,,,,,,,,,,,,,,,,,,,,,,,,,,,,,,,,,,,,,,,,,,,,,,,,,,,,,,,,,,,,,,,,,,,,,,,,,,,,,,,,,,,,,,,,,,,,,,,,,,,,,,,,,,,,,,,,,,,,,,,,,,,,,,,,,,,,,,,,,,,,,,,,,,,,,,,,,,,,,,
lopezro01,Robin Lopez,https://www.basketball-reference.com/players/l/lopezro01.html,2021-22,2022,33.0,ORL,C,C,71.0,C,36.0,9.0,612.0,108.0,193.0,0.56,2.0,6.0,0.333,54.0,,18.0,58.0,0.558,110.0,199.0,0.553,32.0,54.0,0.593,68.0,67.0,254.0,332.0,2.0,44.0,126.0,0.0,3.0,5.4,0.56,0.1,0.2,0.333,1.5,,0.5,1.6,0.558,3.1,5.5,0.553,0.9,1.5,0.593,36.0,9.0,17.0,1.9,1.9,7.1,294.0,0.1,1.2,3.5,6.4,11.4,0.56,0.1,0.4,0.333,3.2,,1.1,3.4,0.558,6.5,11.7,0.553,1.9,3.2,0.593,36.0,9.0,612.0,4.0,3.9,14.9,353.0,0.1,2.6,7.4,8.5,15.3,0.56,0.2,0.5,0.333,4.3,,1.4,4.6,116.0,0.558,8.7,15.7,0.553,2.5,4.3,0.593,36.0,9.0,612.0,5.4,110.0,5.3,20.1,353.0,0.2,3.5,10.0,0.03,14.4,,2.7,-3.8,-1.4,10.0,0.3,0.271,36.0,9.0,612.0,-2.4,11.7,0.5,13.7,353.0,0.2,16.5,10.9,0.57,18.9,-0.3,0.8,0.064,,17,36,2,24,36,9,6,5,127,612,2.0,-6.5,100,0,0,0,0,353,9,11,1.0,0.0,,1.0,0.167,6.2,7.0,0.035,0.553,0.714,0.364,0.333,0.56,0.512,0.333,36.0,9.0,612.0,0.519,1.0,0.281,0.055,0.015,0.97,0.618,0.03,353.0,10.4,1.8,,36.0,9.0,105.0,8.0,94.0,105.0,120.0,77.0,109.0,101.0,612.0,353.0,0.56,0.03,0.333,0.558,0.553,0.593,0.271,0.57,,,,,,,,,,,,,,,,,,,,,,,,,,,,,,,,,,,,,,,,,,,,,,,,,,,,,,,,,,,,,,,,,,,,,,,,,,,,,,,,,,,,,,,,,,,,,,,,,,,,,,,,,,,,,,,,,,,,,,,,,,,,,,,,,,,,,,,,,,,,,,,,,,,,,,,,,,,,,,,,,,,,,,,,,,,,,,,,,,,,,,,,,,,,,,,,,,,,,,,,,,,,,
muscami01,Mike Muscala,https://www.basketball-reference.com/players/m/muscami01.html,2021-22,2022,30.0,OKC,C,C,72.0,C,43.0,0.0,592.0,43.0,85.0,0.506,70.0,163.0,0.429,22.0,,26.0,108.0,0.597,113.0,248.0,0.456,48.0,57.0,0.842,21.0,58.0,344.0,284.0,18.0,14.0,129.0,0.0,1.0,2.0,0.506,1.6,3.8,0.429,0.5,,0.6,2.5,0.597,2.6,5.8,0.456,1.1,1.3,0.842,43.0,0.0,13.8,0.5,1.3,8.0,256.0,0.4,0.3,3.0,2.6,5.2,0.506,4.3,9.9,0.429,1.3,,1.6,6.6,0.597,6.9,15.1,0.456,2.9,3.5,0.842,43.0,0.0,592.0,1.3,3.5,20.9,359.0,1.1,0.9,7.8,3.5,7.0,0.506,5.8,13.4,0.429,1.8,,2.1,8.9,110.0,0.597,9.3,20.4,0.456,3.9,4.7,0.842,43.0,0.0,592.0,1.7,124.0,4.8,28.3,359.0,1.5,1.2,10.6,0.657,6.2,,4.1,5.0,1.2,19.1,0.7,0.23,43.0,0.0,592.0,3.8,3.6,1.4,19.7,359.0,1.5,4.9,11.2,0.63,20.9,1.1,2.1,0.17,,3,35,3,26,43,0,7,10,55,592,10.4,0.5,100,0,0,0,0,359,4,6,0.0,0.0,,0.345,0.178,19.6,9.0,0.036,0.456,0.688,0.318,0.429,0.506,0.458,0.429,43.0,0.0,592.0,0.814,1.0,0.129,0.089,0.028,0.343,0.097,0.657,359.0,32.3,34.9,,43.0,0.0,95.0,165.0,121.0,112.0,99.0,109.0,93.0,111.0,592.0,359.0,0.506,0.657,0.429,0.597,0.456,0.842,0.23,0.63,,,,,,,,,,,,,,,,,,,,,,,,,,,,,,,,,,,,,,,,,,,,,,,,,,,,,,,,,,,,,,,,,,,,,,,,,,,,,,,,,,,,,,,,,,,,,,,,,,,,,,,,,,,,,,,,,,,,,,,,,,,,,,,,,,,,,,,,,,,,,,,,,,,,,,,,,,,,,,,,,,,,,,,,,,,,,,,,,,,,,,,,,,,,,,,,,,,,,,,,,,,,,
landajo01,Jock Landale,https://www.basketball-reference.com/players/l/landajo01.html,2021-22,2022,26.0,SAS,C,C,73.0,C,54.0,1.0,589.0,72.0,115.0,0.626,29.0,89.0,0.326,45.0,,14.0,75.0,0.566,101.0,204.0,0.495,34.0,41.0,0.829,63.0,53.0,265.0,330.0,10.0,31.0,138.0,0.0,1.3,2.1,0.626,0.5,1.6,0.326,0.8,,0.3,1.4,0.566,1.9,3.8,0.495,0.6,0.8,0.829,54.0,1.0,10.9,1.2,1.0,4.9,386.0,0.2,0.6,2.6,4.4,7.0,0.626,1.8,5.4,0.326,2.8,,0.9,4.6,0.566,6.2,12.5,0.495,2.1,2.5,0.829,54.0,1.0,589.0,3.9,3.2,16.2,360.0,0.6,1.9,8.4,5.9,9.4,0.626,2.4,7.2,0.326,3.7,,1.1,6.1,114.0,0.566,8.2,16.6,0.495,2.8,3.3,0.829,54.0,1.0,589.0,5.1,119.0,4.3,21.6,360.0,0.8,2.5,11.2,0.436,10.6,,2.0,-0.4,-1.1,13.5,0.4,0.201,54.0,1.0,589.0,0.7,11.1,1.0,16.0,360.0,0.8,12.3,12.3,0.597,18.1,0.2,1.5,0.121,,6,34,4,20,54,1,7,12,111,589,-1.9,-1.5,93,7,0,0,0,360,14,6,1.0,0.0,,0.4,0.225,13.3,23.0,0.118,0.495,0.707,0.2,0.75,0.626,0.484,0.326,54.0,1.0,589.0,0.708,1.0,0.368,0.025,0.02,0.564,0.152,0.436,360.0,14.1,13.7,,54.0,1.0,118.0,109.0,92.0,106.0,107.0,107.0,81.0,105.0,589.0,360.0,0.626,0.436,0.326,0.566,0.495,0.829,0.201,0.597,,,,,,,,,,,,,,,,,,,,,,,,,,,,,,,,,,,,,,,,,,,,,,,,,,,,,,,,,,,,,,,,,,,,,,,,,,,,,,,,,,,,,,,,,,,,,,,,,,,,,,,,,,,,,,,,,,,,,,,,,,,,,,,,,,,,,,,,,,,,,,,,,,,,,,,,,,,,,,,,,,,,,,,,,,,,,,,,,,,,,,,,,,,,,,,,,,,,,,,,,,,,,
noelne01,Nerlens Noel,https://www.basketball-reference.com/players/n/noelne01.html,2021-22,2022,27.0,NYK,C,C,74.0,C,25.0,11.0,562.0,32.0,57.0,0.561,0.0,3.0,0.0,23.0,,31.0,93.0,0.533,32.0,60.0,0.533,21.0,30.0,0.7,48.0,67.0,85.0,436.0,30.0,20.0,141.0,0.0,1.3,2.3,0.561,0.0,0.1,0.0,0.9,,1.2,3.7,0.533,1.3,2.4,0.533,0.8,1.2,0.7,25.0,11.0,22.5,1.9,2.7,3.4,461.0,1.2,0.8,5.6,2.0,3.7,0.561,0.0,0.2,0.0,1.5,,2.0,6.0,0.533,2.0,3.8,0.533,1.3,1.9,0.7,25.0,11.0,562.0,3.1,4.3,5.4,363.0,1.9,1.3,9.0,2.8,5.1,0.561,0.0,0.3,0.0,2.0,,2.8,8.3,105.0,0.533,2.8,5.3,0.533,1.9,2.7,0.7,25.0,11.0,562.0,4.3,119.0,6.0,7.6,363.0,2.7,1.8,12.6,0.05,5.7,,5.4,0.3,3.3,18.1,1.0,0.5,25.0,11.0,562.0,-3.1,9.0,0.4,11.8,363.0,2.7,21.5,13.5,0.581,7.3,0.3,1.5,0.128,,6,33,6,10,25,11,4,4,53,562,-5.4,-4.4,100,0,0,0,0,363,3,7,1.0,0.0,,0.0,0.667,5.9,3.0,0.117,0.533,0.563,0.6,,0.561,0.533,0.0,25.0,11.0,562.0,0.75,,0.533,0.167,0.0,0.95,0.25,0.05,363.0,0.2,2.1,,25.0,11.0,105.0,13.0,0.0,100.0,116.0,90.0,201.0,103.0,562.0,363.0,0.561,0.05,0.0,0.533,0.533,0.7,0.5,0.581,,,,,,,,,,,,,,,,,,,,,,,,,,,,,,,,,,,,,,,,,,,,,,,,,,,,,,,,,,,,,,,,,,,,,,,,,,,,,,,,,,,,,,,,,,,,,,,,,,,,,,,,,,,,,,,,,,,,,,,,,,,,,,,,,,,,,,,,,,,,,,,,,,,,,,,,,,,,,,,,,,,,,,,,,,,,,,,,,,,,,,,,,,,,,,,,,,,,,,,,,,,,,
simsje01,Jericho Sims,https://www.basketball-reference.com/players/s/simsje01.html,2021-22,2022,23.0,NYK,PF,C,75.0,C,41.0,5.0,555.0,39.0,54.0,0.722,0.0,0.0,,21.0,,22.0,108.0,0.722,39.0,54.0,0.722,12.0,29.0,0.414,61.0,66.0,90.0,431.0,11.0,20.0,169.0,0.0,1.0,1.3,0.722,0.0,0.0,,0.5,,0.5,2.6,0.722,1.0,1.3,0.722,0.3,0.7,0.414,41.0,5.0,13.5,1.5,1.6,2.2,518.0,0.3,0.5,4.1,2.5,3.5,0.722,0.0,0.0,,1.4,,1.4,7.0,0.722,2.5,3.5,0.722,0.8,1.9,0.414,41.0,5.0,555.0,4.0,4.3,5.8,364.0,0.7,1.3,11.0,3.5,4.9,0.722,0.0,0.0,,1.9,,2.0,9.7,109.0,0.722,3.5,4.9,0.722,1.1,2.6,0.414,41.0,5.0,555.0,5.5,129.0,5.9,8.1,364.0,1.0,1.8,15.2,0.0,5.3,,3.9,-1.7,1.1,21.3,0.8,0.537,41.0,5.0,555.0,-2.8,11.6,0.7,11.6,364.0,1.0,23.1,16.4,0.674,6.9,0.0,1.5,0.128,,6,41,5,13,41,5,1,1,58,555,8.9,7.9,88,12,0,0,0,364,3,6,0.0,0.0,,,,2.0,33.0,0.63,0.722,0.795,0.0,,0.722,0.5,,41.0,5.0,555.0,0.795,,0.815,0.037,0.0,1.0,0.148,0.0,364.0,20.6,14.4,,41.0,5.0,136.0,0.0,,136.0,157.0,53.0,216.0,119.0,555.0,364.0,0.722,0.0,,0.722,0.722,0.414,0.537,0.674,,,,,,,,,,,,,,,,,,,,,,,,,,,,,,,,,,,,,,,,,,,,,,,,,,,,,,,,,,,,,,,,,,,,,,,,,,,,,,,,,,,,,,,,,,,,,,,,,,,,,,,,,,,,,,,,,,,,,,,,,,,,,,,,,,,,,,,,,,,,,,,,,,,,,,,,,,,,,,,,,,,,,,,,,,,,,,,,,,,,,,,,,,,,,,,,,,,,,,,,,,,,,
bradlto01,Tony Bradley,https://www.basketball-reference.com/players/b/bradlto01.html,2021-22,2022,24.0,CHI,C,C,76.0,C,55.0,7.0,549.0,72.0,123.0,0.585,0.0,0.0,,27.0,,33.0,119.0,0.585,72.0,123.0,0.585,19.0,29.0,0.655,67.0,62.0,163.0,379.0,10.0,34.0,186.0,0.0,1.3,2.2,0.585,0.0,0.0,,0.5,,0.6,2.2,0.585,1.3,2.2,0.585,0.3,0.5,0.655,55.0,7.0,10.0,1.2,1.1,3.0,483.0,0.2,0.6,3.4,4.7,8.1,0.585,0.0,0.0,,1.8,,2.2,7.8,0.585,4.7,8.1,0.585,1.2,1.9,0.655,55.0,7.0,549.0,4.4,4.1,10.7,365.0,0.7,2.2,12.2,6.4,10.9,0.585,0.0,0.0,,2.4,,2.9,10.6,110.0,0.585,6.4,10.9,0.585,1.7,2.6,0.655,55.0,7.0,549.0,6.0,115.0,5.5,14.5,365.0,0.9,3.0,16.5,0.0,6.7,,5.2,-1.8,0.2,24.3,0.7,0.236,55.0,7.0,549.0,-2.0,13.8,0.6,14.9,365.0,0.9,20.0,19.1,0.6,13.6,0.0,1.3,0.112,,17,28,4,16,55,7,3,18,66,549,9.5,7.8,100,0,0,0,0,365,5,11,0.0,0.0,,,,3.9,13.0,0.138,0.585,0.649,0.375,0.571,0.585,0.484,,55.0,7.0,549.0,0.75,,0.626,0.065,0.057,1.0,0.252,0.0,365.0,13.2,9.3,,55.0,7.0,110.0,0.0,,110.0,127.0,85.0,95.0,106.0,549.0,365.0,0.585,0.0,,0.585,0.585,0.655,0.236,0.6,,2.0,0.0,188.0,0.0,,188.0,217.0,,0.0,177.0,8.0,202.0,1.0,0.0,,1.0,1.0,,0.0,1.0,0.0,93.8,,0.0,36.1,10.6,54.5,0.0,0.0,2.0,0.0,8.0,25.5,0.0,0.1,58.6,202.0,0.0,0.0,25.1,1.0,27.4,0.1,0.1,0.513,,0.0,0.0,0.0,0.0,2.0,0.0,0.0,0.0,2.0,8.0,71.7,55.6,100.0,0.0,0.0,0.0,0.0,202.0,0.0,0.0,29.9,29.9,1.0,0.0,0.0,,6.0,,0.0,23.9,106.0,1.0,29.9,29.9,1.0,0.0,0.0,,2.0,0.0,8.0,0.0,202.0,0.0,59.8,202.0,0.0,0.0,23.9,22.5,22.5,1.0,0.0,0.0,,4.5,,0.0,18.0,1.0,22.5,22.5,1.0,0.0,0.0,,2.0,0.0,8.0,0.0,0.0,45.0,202.0,0.0,0.0,18.0,2.5,2.5,1.0,0.0,0.0,,0.5,,0.0,2.0,1.0,2.5,2.5,1.0,0.0,0.0,,2.0,0.0,4.0,0.0,0.0,5.0,121.0,0.0,0.0,2.0,0.0,0.0,,,,5.3,2.0,0.4,1.0,1.0,,1.0,1.0,1.0,,2.0,0.0,8.0,0.8,,0.6,0.0,0.2,1.0,0.2,0.0,202.0,5.0,5.0,1.0,0.0,0.0,,1.0,,0.0,4.0,1.0,5.0,5.0,1.0,0.0,0.0,,2.0,0.0,8.0,0.0,0.0,10.0,168.0,0.0,0.0,4.0,0.0
jacksis01,Isaiah Jackson,https://www.basketball-reference.com/players/j/jacksis01.html,2021-22,2022,20.0,IND,C,C,77.0,C,36.0,15.0,541.0,111.0,190.0,0.584,5.0,16.0,0.313,10.0,,52.0,89.0,0.575,116.0,206.0,0.563,60.0,88.0,0.682,60.0,92.0,297.0,314.0,25.0,40.0,149.0,0.0,3.1,5.3,0.584,0.1,0.4,0.313,0.3,,1.4,2.5,0.575,3.2,5.7,0.563,1.7,2.4,0.682,36.0,15.0,15.0,1.7,2.6,8.3,241.0,0.7,1.1,4.1,7.4,12.6,0.584,0.3,1.1,0.313,0.7,,3.5,5.9,0.575,7.7,13.7,0.563,4.0,5.9,0.682,36.0,15.0,541.0,4.0,6.1,19.8,368.0,1.7,2.7,9.9,10.0,17.2,0.584,0.5,1.4,0.313,0.9,,4.7,8.1,109.0,0.575,10.5,18.6,0.563,5.4,8.0,0.682,36.0,15.0,541.0,5.4,113.0,8.3,26.9,368.0,2.3,3.6,13.5,0.078,2.9,,8.4,-1.6,0.0,18.7,0.7,0.427,36.0,15.0,541.0,-1.6,12.2,0.7,20.5,368.0,2.3,14.0,15.4,0.607,22.5,0.0,1.4,0.126,,17,41,5,40,36,15,8,9,24,541,-0.8,-4.7,95,6,0,0,0,368,12,5,0.0,0.0,,1.0,0.063,5.0,46.0,0.248,0.563,0.677,0.182,0.333,0.584,0.455,0.313,36.0,15.0,541.0,0.757,1.0,0.617,0.053,0.029,0.922,0.214,0.078,368.0,17.9,20.0,,36.0,15.0,110.0,19.0,88.0,108.0,122.0,88.0,172.0,107.0,541.0,368.0,0.584,0.078,0.313,0.575,0.563,0.682,0.427,0.607,,,,,,,,,,,,,,,,,,,,,,,,,,,,,,,,,,,,,,,,,,,,,,,,,,,,,,,,,,,,,,,,,,,,,,,,,,,,,,,,,,,,,,,,,,,,,,,,,,,,,,,,,,,,,,,,,,,,,,,,,,,,,,,,,,,,,,,,,,,,,,,,,,,,,,,,,,,,,,,,,,,,,,,,,,,,,,,,,,,,,,,,,,,,,,,,,,,,,,,,,,,,,
biyombi01,Bismack Biyombo,https://www.basketball-reference.com/players/b/biyombi01.html,2021-22,2022,29.0,PHO,C,C,78.0,C,36.0,3.0,506.0,86.0,145.0,0.593,0.0,0.0,,23.0,,26.0,104.0,0.593,86.0,145.0,0.593,38.0,71.0,0.535,63.0,70.0,210.0,350.0,12.0,25.0,167.0,0.0,2.4,4.0,0.593,0.0,0.0,,0.6,,0.7,2.9,0.593,2.4,4.0,0.593,1.1,2.0,0.535,36.0,3.0,14.1,1.8,1.9,5.8,349.0,0.3,0.7,4.6,6.1,10.3,0.593,0.0,0.0,,1.6,,1.8,7.4,0.593,6.1,10.3,0.593,2.7,5.1,0.535,36.0,3.0,506.0,4.5,5.0,14.9,373.0,0.9,1.8,11.9,8.2,13.8,0.593,0.0,0.0,,2.2,,2.5,9.9,105.0,0.593,8.2,13.8,0.593,3.6,6.8,0.535,36.0,3.0,506.0,6.0,119.0,6.7,20.0,373.0,1.1,2.4,15.9,0.0,6.2,,4.6,-1.3,0.4,21.5,0.9,0.49,36.0,3.0,506.0,-1.7,13.7,0.9,17.3,373.0,1.1,12.4,17.7,0.596,17.1,0.1,1.8,0.17,,9,41,0,30,36,3,9,7,55,506,-3.7,4.6,95,5,0,0,0,373,6,5,0.0,0.0,,,,4.3,34.0,0.234,0.593,0.747,0.25,0.0,0.593,0.474,,36.0,3.0,506.0,0.744,,0.517,0.083,0.007,1.0,0.393,0.0,373.0,17.8,10.5,,36.0,3.0,111.0,0.0,,112.0,129.0,69.0,197.0,105.0,506.0,373.0,0.593,0.0,,0.593,0.593,0.535,0.49,0.596,,9.0,0.0,122.0,0.0,,122.0,140.0,65.0,142.0,112.0,86.0,135.0,0.647,0.0,,0.647,0.647,0.5,0.353,0.636,0.0,8.0,,2.3,-2.3,0.5,14.8,0.0,0.353,9.0,0.0,86.0,-2.8,11.4,0.1,11.4,135.0,0.6,23.4,13.1,0.636,13.7,0.0,0.1,0.054,,1.0,9.0,0.0,3.0,9.0,0.0,0.0,2.0,10.0,86.0,11.0,8.2,98.0,2.0,0.0,0.0,0.0,135.0,3.0,1.0,6.6,10.2,0.647,0.0,0.0,,3.0,,1.2,6.6,118.0,0.647,6.6,10.2,0.647,1.8,3.6,0.5,9.0,0.0,86.0,4.8,112.0,7.8,15.0,135.0,0.6,3.6,11.4,4.6,7.1,0.647,0.0,0.0,,2.1,,0.8,4.6,0.647,4.6,7.1,0.647,1.3,2.5,0.5,9.0,0.0,86.0,3.3,5.4,10.5,135.0,0.4,2.5,8.0,1.2,1.9,0.647,0.0,0.0,,0.6,,0.2,1.2,0.647,1.2,1.9,0.647,0.3,0.7,0.5,9.0,0.0,9.6,0.9,1.4,2.8,157.0,0.1,0.7,2.1,0.0,0.0,,,,3.1,5.0,0.294,0.647,0.75,0.0,,0.647,0.667,,9.0,0.0,86.0,0.909,,0.706,0.118,0.0,1.0,0.176,0.0,135.0,11.0,17.0,0.647,0.0,0.0,,5.0,,2.0,11.0,0.647,11.0,17.0,0.647,3.0,6.0,0.5,9.0,0.0,86.0,8.0,13.0,25.0,135.0,1.0,6.0,19.0,0.0
colliza01,Zach Collins,https://www.basketball-reference.com/players/c/colliza01.html,2021-22,2022,24.0,SAS,C,C,79.0,C,28.0,4.0,502.0,62.0,114.0,0.544,14.0,41.0,0.341,61.0,,23.0,107.0,0.535,76.0,155.0,0.49,52.0,65.0,0.8,46.0,67.0,218.0,346.0,13.0,45.0,153.0,0.0,2.2,4.1,0.544,0.5,1.5,0.341,2.2,,0.8,3.8,0.535,2.7,5.5,0.49,1.9,2.3,0.8,28.0,4.0,17.9,1.6,2.4,7.8,262.0,0.5,1.6,5.5,4.4,8.2,0.544,1.0,2.9,0.341,4.4,,1.6,7.7,0.535,5.5,11.1,0.49,3.7,4.7,0.8,28.0,4.0,502.0,3.3,4.8,15.6,375.0,0.9,3.2,11.0,5.9,10.9,0.544,1.3,3.9,0.341,5.8,,2.2,10.2,109.0,0.535,7.3,14.8,0.49,5.0,6.2,0.8,28.0,4.0,502.0,4.4,112.0,6.4,20.8,375.0,1.2,4.3,14.6,0.265,16.3,,3.8,-0.2,1.0,22.5,0.7,0.419,28.0,4.0,502.0,-1.2,9.5,0.6,16.4,375.0,1.2,19.7,16.0,0.594,19.2,0.2,1.2,0.118,,9,47,3,23,28,4,4,16,134,502,2.4,2.2,84,16,0,0,0,375,19,13,0.0,0.0,,0.5,0.049,11.0,6.0,0.039,0.49,0.756,0.5,0.6,0.544,0.347,0.341,28.0,4.0,502.0,0.742,1.0,0.29,0.065,0.065,0.735,0.316,0.265,375.0,1.2,10.2,,28.0,4.0,102.0,66.0,97.0,101.0,106.0,103.0,169.0,105.0,502.0,375.0,0.544,0.265,0.341,0.535,0.49,0.8,0.419,0.594,,,,,,,,,,,,,,,,,,,,,,,,,,,,,,,,,,,,,,,,,,,,,,,,,,,,,,,,,,,,,,,,,,,,,,,,,,,,,,,,,,,,,,,,,,,,,,,,,,,,,,,,,,,,,,,,,,,,,,,,,,,,,,,,,,,,,,,,,,,,,,,,,,,,,,,,,,,,,,,,,,,,,,,,,,,,,,,,,,,,,,,,,,,,,,,,,,,,,,,,,,,,,
tilliki02,Killian Tillie,https://www.basketball-reference.com/players/t/tilliki02.html,2021-22,2022,23.0,MEM,C,C,80.0,C,36.0,3.0,461.0,16.0,41.0,0.39,27.0,86.0,0.314,22.0,,15.0,39.0,0.445,43.0,127.0,0.339,5.0,8.0,0.625,21.0,58.0,118.0,412.0,23.0,13.0,60.0,0.0,0.4,1.1,0.39,0.8,2.4,0.314,0.6,,0.4,1.1,0.445,1.2,3.5,0.339,0.1,0.2,0.625,36.0,3.0,12.8,0.6,1.6,3.3,470.0,0.6,0.4,1.7,1.2,3.2,0.39,2.1,6.7,0.314,1.7,,1.2,3.0,0.445,3.4,9.9,0.339,0.4,0.6,0.625,36.0,3.0,461.0,1.6,4.5,9.2,382.0,1.8,1.0,4.7,1.7,4.3,0.39,2.8,8.9,0.314,2.3,,1.6,4.0,109.0,0.445,4.5,13.2,0.339,0.5,0.8,0.625,36.0,3.0,461.0,2.2,101.0,6.0,12.2,382.0,2.4,1.3,6.2,0.677,5.9,,2.9,-2.7,1.1,9.1,0.6,0.063,36.0,3.0,461.0,-3.8,4.7,-0.1,7.6,382.0,2.4,9.1,6.8,0.452,12.8,-0.1,0.6,0.058,,1,39,3,2,36,3,0,10,52,461,-4.2,2.0,73,28,0,0,0,382,8,2,0.0,0.0,,0.28,0.291,18.1,3.0,0.024,0.339,0.688,0.2,,0.39,0.211,0.314,36.0,3.0,461.0,0.625,0.963,0.126,0.039,0.0,0.323,0.15,0.677,382.0,-22.0,-29.7,,36.0,3.0,73.0,170.0,89.0,84.0,73.0,81.0,25.0,80.0,461.0,382.0,0.39,0.677,0.314,0.445,0.339,0.625,0.063,0.452,,,,,,,,,,,,,,,,,,,,,,,,,,,,,,,,,,,,,,,,,,,,,,,,,,,,,,,,,,,,,,,,,,,,,,,,,,,,,,,,,,,,,,,,,,,,,,,,,,,,,,,,,,,,,,,,,,,,,,,,,,,,,,,,,,,,,,,,,,,,,,,,,,,,,,,,,,,,,,,,,,,,,,,,,,,,,,,,,,,,,,,,,,,,,,,,,,,,,,,,,,,,,
bryanth01,Thomas Bryant,https://www.basketball-reference.com/players/b/bryanth01.html,2021-22,2022,24.0,WAS,C,C,81.0,C,27.0,9.0,439.0,65.0,106.0,0.613,12.0,42.0,0.286,23.0,,21.0,82.0,0.561,77.0,148.0,0.52,35.0,40.0,0.875,26.0,43.0,201.0,358.0,6.0,19.0,108.0,0.0,2.4,3.9,0.613,0.4,1.6,0.286,0.9,,0.8,3.0,0.561,2.9,5.5,0.52,1.3,1.5,0.875,27.0,9.0,16.3,1.0,1.6,7.4,279.0,0.2,0.7,4.0,5.3,8.7,0.613,1.0,3.4,0.286,1.9,,1.7,6.7,0.561,6.3,12.1,0.52,2.9,3.3,0.875,27.0,9.0,439.0,2.1,3.5,16.5,389.0,0.5,1.6,8.9,7.3,11.9,0.613,1.4,4.7,0.286,2.6,,2.4,9.2,113.0,0.561,8.7,16.7,0.52,3.9,4.5,0.875,27.0,9.0,439.0,2.9,118.0,4.8,22.6,389.0,0.7,2.1,12.2,0.284,7.9,,4.1,-1.0,-0.7,20.4,0.4,0.27,27.0,9.0,439.0,-0.4,6.7,0.7,16.6,389.0,0.7,10.3,13.6,0.607,18.7,0.1,1.1,0.118,,6,29,0,19,27,9,4,7,52,439,-6.6,-9.1,100,0,0,0,0,389,9,1,0.0,0.0,,0.286,0.167,11.5,30.0,0.223,0.52,0.754,0.2,0.474,0.613,0.48,0.286,27.0,9.0,439.0,0.738,1.0,0.385,0.034,0.128,0.716,0.169,0.284,389.0,8.6,13.5,,27.0,9.0,115.0,71.0,81.0,105.0,113.0,113.0,109.0,107.0,439.0,389.0,0.613,0.284,0.286,0.561,0.52,0.875,0.27,0.607,,,,,,,,,,,,,,,,,,,,,,,,,,,,,,,,,,,,,,,,,,,,,,,,,,,,,,,,,,,,,,,,,,,,,,,,,,,,,,,,,,,,,,,,,,,,,,,,,,,,,,,,,,,,,,,,,,,,,,,,,,,,,,,,,,,,,,,,,,,,,,,,,,,,,,,,,,,,,,,,,,,,,,,,,,,,,,,,,,,,,,,,,,,,,,,,,,,,,,,,,,,,,
sarrol01,Olivier Sarr,https://www.basketball-reference.com/players/s/sarrol01.html,2021-22,2022,22.0,OKC,C,C,82.0,C,22.0,2.0,421.0,45.0,72.0,0.625,13.0,29.0,0.448,19.0,,15.0,59.0,0.639,58.0,101.0,0.574,24.0,29.0,0.828,34.0,52.0,153.0,391.0,6.0,22.0,93.0,0.0,2.0,3.3,0.625,0.6,1.3,0.448,0.9,,0.7,2.7,0.639,2.6,4.6,0.574,1.1,1.3,0.828,22.0,2.0,19.1,1.5,2.4,7.0,301.0,0.3,1.0,4.2,3.8,6.2,0.625,1.1,2.5,0.448,1.6,,1.3,5.0,0.639,5.0,8.6,0.574,2.1,2.5,0.828,22.0,2.0,421.0,2.9,4.4,13.1,393.0,0.5,1.9,8.0,5.2,8.3,0.625,1.5,3.4,0.448,2.2,,1.7,6.8,114.0,0.639,6.7,11.7,0.574,2.8,3.4,0.828,22.0,2.0,421.0,3.9,123.0,6.0,17.7,393.0,0.7,2.5,10.8,0.287,6.9,,3.3,-4.0,-1.3,14.6,0.3,0.287,22.0,2.0,421.0,-2.7,8.2,0.7,14.0,393.0,0.7,16.2,11.4,0.672,13.9,-0.2,1.0,0.117,,7,29,1,10,22,2,2,10,52,421,7.5,-1.6,100,0,0,0,0,393,7,6,0.0,0.0,,0.143,0.241,10.8,19.0,0.267,0.574,0.667,0.857,0.0,0.625,0.575,0.448,22.0,2.0,421.0,0.778,1.0,0.238,0.069,0.01,0.713,0.396,0.287,393.0,21.6,24.2,,22.0,2.0,117.0,72.0,127.0,120.0,125.0,107.0,116.0,119.0,421.0,393.0,0.625,0.287,0.448,0.639,0.574,0.828,0.287,0.672,,,,,,,,,,,,,,,,,,,,,,,,,,,,,,,,,,,,,,,,,,,,,,,,,,,,,,,,,,,,,,,,,,,,,,,,,,,,,,,,,,,,,,,,,,,,,,,,,,,,,,,,,,,,,,,,,,,,,,,,,,,,,,,,,,,,,,,,,,,,,,,,,,,,,,,,,,,,,,,,,,,,,,,,,,,,,,,,,,,,,,,,,,,,,,,,,,,,,,,,,,,,,
kanteen01,Enes Freedom,https://www.basketball-reference.com/players/k/kanteen01.html,2021-22,2022,29.0,BOS,C,C,83.0,C,35.0,1.0,411.0,49.0,92.0,0.533,2.0,5.0,0.4,8.0,,14.0,99.0,0.536,51.0,97.0,0.526,24.0,28.0,0.857,61.0,42.0,128.0,407.0,5.0,20.0,160.0,0.0,1.4,2.6,0.533,0.1,0.1,0.4,0.2,,0.4,2.8,0.536,1.5,2.8,0.526,0.7,0.8,0.857,35.0,1.0,11.7,1.7,1.2,3.7,446.0,0.1,0.6,4.6,4.3,8.1,0.533,0.2,0.4,0.4,0.7,,1.2,8.7,0.536,4.5,8.5,0.526,2.1,2.5,0.857,35.0,1.0,411.0,5.3,3.7,11.2,394.0,0.4,1.8,14.0,5.9,11.1,0.533,0.2,0.6,0.4,1.0,,1.7,12.0,105.0,0.536,6.2,11.7,0.526,2.9,3.4,0.857,35.0,1.0,411.0,7.4,121.0,5.1,15.5,394.0,0.6,2.4,19.3,0.052,2.7,,3.1,-1.4,-0.2,25.4,0.7,0.289,35.0,1.0,411.0,-1.2,16.5,0.6,15.0,394.0,0.6,15.5,21.0,0.585,13.9,0.1,1.4,0.16,,4,29,1,15,35,1,5,16,19,411,1.4,8.9,100,0,0,0,0,394,3,9,0.0,0.0,,1.0,0.2,4.4,2.0,0.031,0.526,0.537,0.5,1.0,0.533,0.5,0.4,35.0,1.0,411.0,0.388,1.0,0.557,0.041,0.021,0.948,0.33,0.052,394.0,0.9,4.3,,35.0,1.0,100.0,13.0,113.0,101.0,114.0,111.0,116.0,103.0,411.0,394.0,0.533,0.052,0.4,0.536,0.526,0.857,0.289,0.585,,,,,,,,,,,,,,,,,,,,,,,,,,,,,,,,,,,,,,,,,,,,,,,,,,,,,,,,,,,,,,,,,,,,,,,,,,,,,,,,,,,,,,,,,,,,,,,,,,,,,,,,,,,,,,,,,,,,,,,,,,,,,,,,,,,,,,,,,,,,,,,,,,,,,,,,,,,,,,,,,,,,,,,,,,,,,,,,,,,,,,,,,,,,,,,,,,,,,,,,,,,,,
mamuksa01,Sandro Mamukelashvili,https://www.basketball-reference.com/players/m/mamuksa01.html,2021-22,2022,22.0,MIL,PF,C,84.0,C,41.0,3.0,407.0,35.0,63.0,0.556,22.0,52.0,0.423,22.0,,9.0,47.0,0.591,57.0,115.0,0.496,18.0,22.0,0.818,35.0,28.0,154.0,390.0,9.0,15.0,82.0,0.0,0.9,1.5,0.556,0.5,1.3,0.423,0.5,,0.2,1.1,0.591,1.4,2.8,0.496,0.4,0.5,0.818,41.0,3.0,9.9,0.9,0.7,3.8,440.0,0.2,0.4,2.0,3.1,5.6,0.556,1.9,4.6,0.423,1.9,,0.8,4.2,0.591,5.0,10.2,0.496,1.6,1.9,0.818,41.0,3.0,407.0,3.1,2.5,13.6,395.0,0.8,1.3,7.3,4.1,7.4,0.556,2.6,6.1,0.423,2.6,,1.1,5.5,114.0,0.591,6.7,13.6,0.496,2.1,2.6,0.818,41.0,3.0,407.0,4.1,126.0,3.3,18.2,395.0,1.1,1.8,9.7,0.452,7.4,,2.1,-0.3,-1.0,12.0,0.3,0.191,41.0,3.0,407.0,0.6,9.3,0.8,14.7,395.0,1.1,10.7,10.7,0.618,14.6,0.2,1.1,0.135,,1,18,0,11,41,3,4,9,56,407,-23.7,-18.2,60,39,0,1,0,395,7,3,0.0,0.0,,0.308,0.25,13.3,8.0,0.087,0.496,0.638,0.667,0.0,0.556,0.25,0.423,41.0,3.0,407.0,0.629,1.0,0.409,0.026,0.009,0.548,0.104,0.452,395.0,13.7,12.9,,41.0,3.0,104.0,113.0,120.0,111.0,107.0,106.0,77.0,109.0,407.0,395.0,0.556,0.452,0.423,0.591,0.496,0.818,0.191,0.618,,,,,,,,,,,,,,,,,,,,,,,,,,,,,,,,,,,,,,,,,,,,,,,,,,,,,,,,,,,,,,,,,,,,,,,,,,,,,,,,,,,,,,,,,,,,,,,,,,,,,,,,,,,,,,,,,,,,,,,,,,,,,,,,,,,,,,,,,,,,,,,,,,,,,,,,,,,,,,,,,,,,,,,,,,,,,,,,,,,,,,,,,,,,,,,,,,,,,,,,,,,,,
sharpda01,Day'Ron Sharpe,https://www.basketball-reference.com/players/s/sharpda01.html,2021-22,2022,20.0,BRK,PF,C,85.0,C,32.0,8.0,391.0,84.0,142.0,0.592,2.0,7.0,0.286,17.0,,15.0,79.0,0.584,86.0,149.0,0.577,24.0,41.0,0.585,81.0,60.0,198.0,361.0,10.0,30.0,160.0,0.0,2.6,4.4,0.592,0.1,0.2,0.286,0.5,,0.5,2.5,0.584,2.7,4.7,0.577,0.8,1.3,0.585,32.0,8.0,12.2,2.5,1.9,6.2,335.0,0.3,0.9,5.0,7.7,13.1,0.592,0.2,0.6,0.286,1.6,,1.4,7.3,0.584,7.9,13.7,0.577,2.2,3.8,0.585,32.0,8.0,391.0,7.5,5.5,18.2,397.0,0.9,2.8,14.7,10.4,17.6,0.592,0.2,0.9,0.286,2.1,,1.9,9.8,111.0,0.584,10.7,18.5,0.577,3.0,5.1,0.585,32.0,8.0,391.0,10.0,118.0,7.4,24.5,397.0,1.2,3.7,19.8,0.047,6.7,,3.4,-2.8,-2.5,21.4,0.5,0.275,32.0,8.0,391.0,-0.3,23.2,0.8,20.7,397.0,1.2,15.2,22.3,0.593,21.7,-0.1,1.2,0.152,,4,31,2,21,32,8,6,14,41,391,5.5,6.4,89,11,0,0,0,397,10,10,0.0,0.0,,1.0,0.143,3.2,22.0,0.195,0.577,0.652,0.333,,0.592,0.333,0.286,32.0,8.0,391.0,0.595,1.0,0.772,0.02,0.0,0.953,0.161,0.047,397.0,15.6,8.9,,32.0,8.0,111.0,12.0,81.0,110.0,125.0,76.0,111.0,105.0,391.0,397.0,0.592,0.047,0.286,0.584,0.577,0.585,0.275,0.593,,1.0,0.0,,,,,,,,,0.0,216.0,,,,,,,,,,,,,,,,0.0,,1.0,0.0,0.0,,,0.0,,216.0,,,,,,0.0,0.0,,,0.0,0.0,0.0,0.0,1.0,0.0,0.0,0.0,0.0,0.0,,,,,,,,216.0,0.0,0.0,,,,,,,,,,,,,,,,,,,1.0,0.0,0.0,,,,,216.0,,,,,,,,,,,,,,,,,,,,,1.0,0.0,0.0,,,,216.0,,,,0.0,0.0,,0.0,0.0,,0.0,,0.0,0.0,,0.0,0.0,,0.0,0.0,,1.0,0.0,0.0,0.0,0.0,0.0,215.0,0.0,0.0,0.0,0.0,0.0,,,,,0.0,,,,,,,,,1.0,0.0,0.0,,,,,,,,,216.0,0.0,0.0,,0.0,0.0,,0.0,,0.0,0.0,,0.0,0.0,,0.0,0.0,,1.0,0.0,0.0,0.0,0.0,0.0,215.0,0.0,0.0,0.0,0.0
garzalu01,Luka Garza,https://www.basketball-reference.com/players/g/garzalu01.html,2021-22,2022,23.0,DET,C,C,86.0,C,32.0,5.0,389.0,50.0,98.0,0.51,16.0,49.0,0.327,20.0,,6.0,42.0,0.503,66.0,147.0,0.449,38.0,61.0,0.623,58.0,55.0,186.0,369.0,9.0,18.0,100.0,0.0,1.6,3.1,0.51,0.5,1.5,0.327,0.6,,0.2,1.3,0.503,2.1,4.6,0.449,1.2,1.9,0.623,32.0,5.0,12.2,1.8,1.7,5.8,352.0,0.3,0.6,3.1,4.6,9.1,0.51,1.5,4.5,0.327,1.9,,0.6,3.9,0.503,6.1,13.6,0.449,3.5,5.6,0.623,32.0,5.0,389.0,5.4,5.1,17.2,398.0,0.8,1.7,9.3,6.3,12.3,0.51,2.0,6.1,0.327,2.5,,0.8,5.3,116.0,0.503,8.3,18.4,0.449,4.8,7.7,0.623,32.0,5.0,389.0,7.3,114.0,6.9,23.3,398.0,1.1,2.3,12.5,0.333,8.3,,1.4,-2.5,-2.0,12.3,0.2,0.415,32.0,5.0,389.0,-0.5,15.3,0.5,15.6,398.0,1.1,9.4,13.9,0.535,21.1,-0.1,0.8,0.093,,7,31,9,24,32,5,8,17,48,389,0.6,-7.5,99,1,0,0,0,398,7,2,0.0,0.0,,0.0,0.061,12.7,4.0,0.027,0.449,0.674,0.2,0.231,0.51,0.5,0.327,32.0,5.0,389.0,0.52,1.0,0.293,0.068,0.088,0.667,0.218,0.333,398.0,-8.3,-10.8,,32.0,5.0,96.0,83.0,92.0,95.0,97.0,80.0,167.0,95.0,389.0,398.0,0.51,0.333,0.327,0.503,0.449,0.623,0.415,0.535,,,,,,,,,,,,,,,,,,,,,,,,,,,,,,,,,,,,,,,,,,,,,,,,,,,,,,,,,,,,,,,,,,,,,,,,,,,,,,,,,,,,,,,,,,,,,,,,,,,,,,,,,,,,,,,,,,,,,,,,,,,,,,,,,,,,,,,,,,,,,,,,,,,,,,,,,,,,,,,,,,,,,,,,,,,,,,,,,,,,,,,,,,,,,,,,,,,,,,,,,,,,,
millspa01,Paul Millsap,https://www.basketball-reference.com/players/m/millspa01.html,2021-22,2022,36.0,2TM,C,C,87.0,C,33.0,1.0,376.0,37.0,80.0,0.463,8.0,35.0,0.229,29.0,,13.0,73.0,0.426,45.0,115.0,0.391,17.0,24.0,0.708,41.0,67.0,115.0,414.0,10.0,19.0,114.0,0.0,1.1,2.4,0.463,0.2,1.1,0.229,0.9,,0.4,2.2,0.426,1.4,3.5,0.391,0.5,0.7,0.708,33.0,1.0,11.4,1.2,2.0,3.5,455.0,0.3,0.6,3.5,3.5,7.7,0.463,0.8,3.4,0.229,2.8,,1.2,7.0,0.426,4.3,11.0,0.391,1.6,2.3,0.708,33.0,1.0,376.0,3.9,6.4,11.0,401.0,1.0,1.8,10.9,4.8,10.4,0.463,1.0,4.5,0.229,3.8,,1.7,9.5,110.0,0.426,5.8,14.9,0.391,2.2,3.1,0.708,33.0,1.0,376.0,5.3,103.0,8.7,14.9,401.0,1.3,2.5,14.8,0.304,10.4,,3.1,-3.5,0.2,20.7,0.5,0.209,33.0,1.0,376.0,-3.7,12.3,0.0,10.8,401.0,1.3,13.1,16.6,0.458,16.7,-0.1,0.5,0.061,,4,38,2,9,33,1,2,5,70,376,-6.4,-4.5,67,33,0,0,0,401,5,8,0.0,0.0,,0.091,0.314,10.2,3.0,0.052,0.391,0.525,0.3,0.0,0.463,0.444,0.229,33.0,1.0,376.0,0.459,0.875,0.348,0.087,0.009,0.696,0.235,0.304,401.0,-24.3,-27.1,,33.0,1.0,87.0,76.0,65.0,80.0,85.0,91.0,84.0,81.0,376.0,401.0,0.463,0.304,0.229,0.426,0.391,0.708,0.209,0.458,,1.0,0.0,,,,,,,,,6.0,207.0,,,,,,,,,,22.2,,0.0,1.1,4.4,19.5,0.0,,1.0,0.0,6.0,-3.3,0.0,0.0,5.0,207.0,0.0,,10.2,,0.0,0.0,0.0,0.111,,0.0,1.0,0.0,0.0,1.0,0.0,0.0,0.0,2.0,6.0,-8.1,-7.3,100.0,0.0,0.0,0.0,0.0,207.0,0.0,0.0,0.0,0.0,,0.0,0.0,,8.7,,0.0,8.7,115.0,,0.0,0.0,,0.0,0.0,,1.0,0.0,6.0,0.0,234.0,8.7,0.0,207.0,0.0,0.0,8.7,0.0,0.0,,0.0,0.0,,6.0,,0.0,6.0,,0.0,0.0,,0.0,0.0,,1.0,0.0,6.0,0.0,6.0,0.0,207.0,0.0,0.0,6.0,0.0,0.0,,0.0,0.0,,1.0,,0.0,1.0,,0.0,0.0,,0.0,0.0,,1.0,0.0,6.0,0.0,1.0,0.0,212.0,0.0,0.0,1.0,0.0,0.0,,,,,0.0,,,,,,,,,1.0,0.0,6.0,,,,,,,,,207.0,0.0,0.0,,0.0,0.0,,1.0,,0.0,1.0,,0.0,0.0,,0.0,0.0,,1.0,0.0,6.0,0.0,1.0,0.0,212.0,0.0,0.0,1.0,0.0
dienggo01,Gorgui Dieng,https://www.basketball-reference.com/players/d/dienggo01.html,2021-22,2022,32.0,ATL,C,C,88.0,C,44.0,3.0,371.0,24.0,44.0,0.545,29.0,68.0,0.426,34.0,,13.0,89.0,0.603,53.0,112.0,0.473,19.0,26.0,0.731,32.0,52.0,154.0,389.0,11.0,20.0,121.0,0.0,0.5,1.0,0.545,0.7,1.5,0.426,0.8,,0.3,2.0,0.603,1.2,2.5,0.473,0.4,0.6,0.731,44.0,3.0,8.4,0.7,1.2,3.5,457.0,0.3,0.5,2.8,2.3,4.3,0.545,2.8,6.6,0.426,3.3,,1.3,8.6,0.603,5.1,10.9,0.473,1.8,2.5,0.731,44.0,3.0,371.0,3.1,5.0,14.9,404.0,1.1,1.9,11.7,3.2,5.8,0.545,3.8,9.0,0.426,4.5,,1.7,11.8,111.0,0.603,7.0,14.8,0.473,2.5,3.4,0.731,44.0,3.0,371.0,4.2,123.0,6.9,20.4,404.0,1.5,2.6,16.0,0.607,12.7,,3.1,2.1,0.8,26.1,0.4,0.232,44.0,3.0,371.0,1.4,9.5,0.8,17.3,404.0,1.5,13.9,17.8,0.624,16.9,0.4,1.2,0.155,,4,24,4,12,44,3,4,5,82,371,-11.3,-8.4,100,0,0,0,0,404,6,1,0.0,0.0,,0.5,0.059,18.7,2.0,0.018,0.473,0.733,0.6,0.364,0.545,0.375,0.426,44.0,3.0,371.0,0.833,0.931,0.134,0.089,0.098,0.393,0.071,0.607,404.0,15.9,14.3,,44.0,3.0,102.0,152.0,121.0,113.0,103.0,94.0,94.0,110.0,371.0,404.0,0.545,0.607,0.426,0.603,0.473,0.731,0.232,0.624,,2.0,0.0,188.0,125.0,0.0,94.0,108.0,129.0,201.0,109.0,10.0,194.0,1.0,0.5,0.0,0.5,0.5,1.0,0.5,0.615,0.5,0.0,,0.0,-1.3,-3.2,24.6,0.0,0.5,2.0,0.0,10.0,1.9,11.9,0.0,15.4,194.0,0.0,0.0,18.1,0.615,11.2,0.0,0.0,0.149,,0.0,0.0,0.0,1.0,2.0,0.0,1.0,0.0,0.0,10.0,16.9,2.7,100.0,0.0,0.0,0.0,0.0,194.0,0.0,0.0,5.0,5.0,1.0,0.0,5.0,0.0,0.0,,0.0,10.1,117.0,0.5,5.0,10.1,0.5,5.0,5.0,1.0,2.0,0.0,10.0,5.0,143.0,0.0,15.1,194.0,0.0,0.0,15.1,3.6,3.6,1.0,0.0,3.6,0.0,0.0,,0.0,7.2,0.5,3.6,7.2,0.5,3.6,3.6,1.0,2.0,0.0,10.0,3.6,0.0,10.8,194.0,0.0,0.0,10.8,0.5,0.5,1.0,0.0,0.5,0.0,0.0,,0.0,1.0,0.5,0.5,1.0,0.5,0.5,0.5,1.0,2.0,0.0,5.0,0.5,0.0,1.5,177.0,0.0,0.0,1.5,0.0,0.0,,,0.0,13.3,1.0,0.5,0.5,1.0,,,1.0,,0.0,2.0,0.0,10.0,0.0,,0.5,0.0,0.0,0.5,0.0,0.5,194.0,1.0,1.0,1.0,0.0,1.0,0.0,0.0,,0.0,2.0,0.5,1.0,2.0,0.5,1.0,1.0,1.0,2.0,0.0,10.0,1.0,0.0,3.0,197.0,0.0,0.0,3.0,0.0
richani01,Nick Richards,https://www.basketball-reference.com/players/r/richani01.html,2021-22,2022,24.0,CHO,C,C,89.0,C,50.0,5.0,367.0,60.0,90.0,0.667,0.0,0.0,,13.0,,21.0,52.0,0.667,60.0,90.0,0.667,30.0,43.0,0.698,34.0,51.0,150.0,394.0,9.0,24.0,86.0,0.0,1.2,1.8,0.667,0.0,0.0,,0.3,,0.4,1.0,0.667,1.2,1.8,0.667,0.6,0.9,0.698,50.0,5.0,7.3,0.7,1.0,3.0,487.0,0.2,0.5,1.7,5.9,8.8,0.667,0.0,0.0,,1.3,,2.1,5.1,0.667,5.9,8.8,0.667,2.9,4.2,0.698,50.0,5.0,367.0,3.3,5.0,14.7,405.0,0.9,2.4,8.4,7.8,11.8,0.667,0.0,0.0,,1.7,,2.7,6.8,113.0,0.667,7.8,11.8,0.667,3.9,5.6,0.698,50.0,5.0,367.0,4.4,122.0,6.7,19.6,405.0,1.2,3.1,11.2,0.0,4.9,,5.4,-2.8,-0.2,15.2,0.3,0.478,50.0,5.0,367.0,-2.6,9.7,0.6,15.9,405.0,1.2,18.1,12.4,0.689,15.4,-0.1,1.0,0.125,,9,17,5,21,50,5,7,8,32,367,-14.1,-12.3,100,0,0,0,0,405,6,5,0.0,0.0,,,,2.7,30.0,0.4,0.667,0.774,1.0,,0.667,0.36,,50.0,5.0,367.0,0.783,,0.689,0.033,0.0,1.0,0.278,0.0,405.0,24.3,26.7,,50.0,5.0,125.0,0.0,,125.0,145.0,90.0,193.0,122.0,367.0,405.0,0.667,0.0,,0.667,0.667,0.698,0.478,0.689,,,,,,,,,,,,,,,,,,,,,,,,,,,,,,,,,,,,,,,,,,,,,,,,,,,,,,,,,,,,,,,,,,,,,,,,,,,,,,,,,,,,,,,,,,,,,,,,,,,,,,,,,,,,,,,,,,,,,,,,,,,,,,,,,,,,,,,,,,,,,,,,,,,,,,,,,,,,,,,,,,,,,,,,,,,,,,,,,,,,,,,,,,,,,,,,,,,,,,,,,,,,,
aldamsa01,Santi Aldama,https://www.basketball-reference.com/players/a/aldamsa01.html,2021-22,2022,21.0,MEM,PF,C,90.0,C,32.0,0.0,360.0,47.0,84.0,0.56,6.0,48.0,0.125,21.0,,10.0,54.0,0.424,53.0,132.0,0.402,20.0,32.0,0.625,33.0,36.0,132.0,402.0,6.0,16.0,87.0,0.0,1.5,2.6,0.56,0.2,1.5,0.125,0.7,,0.3,1.7,0.424,1.7,4.1,0.402,0.6,1.0,0.625,32.0,0.0,11.3,1.0,1.1,4.1,423.0,0.2,0.5,2.7,4.7,8.4,0.56,0.6,4.8,0.125,2.1,,1.0,5.4,0.424,5.3,13.2,0.402,2.0,3.2,0.625,32.0,0.0,360.0,3.3,3.6,13.2,407.0,0.6,1.6,8.7,6.2,11.2,0.56,0.8,6.4,0.125,2.8,,1.3,7.2,111.0,0.424,7.0,17.5,0.402,2.7,4.3,0.625,32.0,0.0,360.0,4.4,101.0,4.8,17.5,407.0,0.8,2.1,11.6,0.364,7.7,,2.5,-5.7,-1.5,16.1,0.4,0.242,32.0,0.0,360.0,-4.2,9.4,-0.1,10.2,407.0,0.8,9.9,12.6,0.452,18.4,-0.3,0.3,0.044,,5,15,1,15,32,0,4,4,58,360,-3.8,2.3,53,46,0,2,0,407,7,3,0.0,0.0,,0.364,0.229,11.5,9.0,0.068,0.402,0.674,0.417,0.0,0.56,0.458,0.125,32.0,0.0,360.0,0.638,0.833,0.326,0.091,0.008,0.636,0.182,0.364,407.0,-28.4,-33.4,,32.0,0.0,105.0,91.0,35.0,80.0,87.0,81.0,98.0,80.0,360.0,407.0,0.56,0.364,0.125,0.424,0.402,0.625,0.242,0.452,,,,,,,,,,,,,,,,,,,,,,,,,,,,,,,,,,,,,,,,,,,,,,,,,,,,,,,,,,,,,,,,,,,,,,,,,,,,,,,,,,,,,,,,,,,,,,,,,,,,,,,,,,,,,,,,,,,,,,,,,,,,,,,,,,,,,,,,,,,,,,,,,,,,,,,,,,,,,,,,,,,,,,,,,,,,,,,,,,,,,,,,,,,,,,,,,,,,,,,,,,,,,
gabriwe01,Wenyen Gabriel,https://www.basketball-reference.com/players/g/gabriwe01.html,2021-22,2022,24.0,3TM,PF,C,91.0,C,26.0,5.0,358.0,46.0,82.0,0.561,8.0,28.0,0.286,14.0,,11.0,58.0,0.527,54.0,110.0,0.491,25.0,42.0,0.595,39.0,68.0,141.0,398.0,5.0,16.0,97.0,0.0,1.8,3.2,0.561,0.3,1.1,0.286,0.5,,0.4,2.2,0.527,2.1,4.2,0.491,1.0,1.6,0.595,26.0,5.0,13.8,1.5,2.6,5.4,369.0,0.2,0.6,3.7,4.6,8.2,0.561,0.8,2.8,0.286,1.4,,1.1,5.8,0.527,5.4,11.1,0.491,2.5,4.2,0.595,26.0,5.0,358.0,3.9,6.8,14.2,410.0,0.5,1.6,9.8,6.2,11.0,0.561,1.1,3.8,0.286,1.9,,1.5,7.8,113.0,0.527,7.3,14.8,0.491,3.4,5.6,0.595,26.0,5.0,358.0,5.2,113.0,9.1,18.9,410.0,0.7,2.1,13.0,0.255,5.6,,2.7,-5.9,-2.1,17.2,0.3,0.382,26.0,5.0,358.0,-3.7,11.8,0.4,12.5,410.0,0.7,11.1,14.5,0.549,17.4,-0.4,0.7,0.09,,5,36,1,19,26,5,6,16,36,358,6.5,3.3,71,21,0,8,0,410,6,5,0.0,0.0,,0.25,0.571,9.6,13.0,0.136,0.491,0.692,0.0,0.0,0.561,0.37,0.286,26.0,5.0,358.0,0.543,1.0,0.473,0.018,0.009,0.745,0.245,0.255,410.0,-0.9,-4.4,,26.0,5.0,105.0,64.0,81.0,99.0,106.0,77.0,154.0,97.0,358.0,410.0,0.561,0.255,0.286,0.527,0.491,0.595,0.382,0.549,,,,,,,,,,,,,,,,,,,,,,,,,,,,,,,,,,,,,,,,,,,,,,,,,,,,,,,,,,,,,,,,,,,,,,,,,,,,,,,,,,,,,,,,,,,,,,,,,,,,,,,,,,,,,,,,,,,,,,,,,,,,,,,,,,,,,,,,,,,,,,,,,,,,,,,,,,,,,,,,,,,,,,,,,,,,,,,,,,,,,,,,,,,,,,,,,,,,,,,,,,,,,
zelleco01,Cody Zeller,https://www.basketball-reference.com/players/z/zelleco01.html,2021-22,2022,29.0,POR,C,C,92.0,C,27.0,0.0,355.0,51.0,86.0,0.593,0.0,4.0,0.0,22.0,,6.0,75.0,0.567,51.0,90.0,0.567,38.0,49.0,0.776,50.0,56.0,140.0,399.0,8.0,19.0,125.0,0.0,1.9,3.2,0.593,0.0,0.1,0.0,0.8,,0.2,2.8,0.567,1.9,3.3,0.567,1.4,1.8,0.776,27.0,0.0,13.1,1.9,2.1,5.2,379.0,0.3,0.7,4.6,5.2,8.7,0.593,0.0,0.4,0.0,2.2,,0.6,7.6,0.567,5.2,9.1,0.567,3.9,5.0,0.776,27.0,0.0,355.0,5.1,5.7,14.2,411.0,0.8,1.9,12.7,7.0,11.8,0.593,0.0,0.6,0.0,3.0,,0.8,10.3,116.0,0.567,7.0,12.4,0.567,5.2,6.7,0.776,27.0,0.0,355.0,6.9,127.0,7.7,19.3,411.0,1.1,2.6,17.2,0.044,9.4,,1.7,-2.1,-1.0,24.1,0.2,0.544,27.0,0.0,355.0,-1.2,14.9,0.9,17.2,411.0,1.1,14.6,19.3,0.627,15.9,0.0,1.1,0.143,,8,18,2,15,27,0,1,14,56,355,6.8,-2.8,100,0,0,0,0,411,3,3,0.0,0.0,,0.0,0.25,3.7,15.0,0.2,0.567,0.611,0.333,1.0,0.593,0.542,0.0,27.0,0.0,355.0,0.686,,0.6,0.033,0.011,0.956,0.267,0.044,411.0,6.3,13.7,,27.0,0.0,111.0,11.0,0.0,107.0,123.0,100.0,219.0,111.0,355.0,411.0,0.593,0.044,0.0,0.567,0.567,0.776,0.544,0.627,,,,,,,,,,,,,,,,,,,,,,,,,,,,,,,,,,,,,,,,,,,,,,,,,,,,,,,,,,,,,,,,,,,,,,,,,,,,,,,,,,,,,,,,,,,,,,,,,,,,,,,,,,,,,,,,,,,,,,,,,,,,,,,,,,,,,,,,,,,,,,,,,,,,,,,,,,,,,,,,,,,,,,,,,,,,,,,,,,,,,,,,,,,,,,,,,,,,,,,,,,,,,
chrisma01,Marquese Chriss,https://www.basketball-reference.com/players/c/chrisma01.html,2021-22,2022,24.0,DAL,PF,C,93.0,C,34.0,0.0,346.0,54.0,109.0,0.495,8.0,25.0,0.32,17.0,,12.0,70.0,0.493,62.0,134.0,0.463,22.0,33.0,0.667,33.0,64.0,154.0,388.0,13.0,17.0,103.0,0.0,1.6,3.2,0.495,0.2,0.7,0.32,0.5,,0.4,2.1,0.493,1.8,3.9,0.463,0.6,1.0,0.667,34.0,0.0,10.2,1.0,1.9,4.5,401.0,0.4,0.5,3.0,5.6,11.3,0.495,0.8,2.6,0.32,1.8,,1.2,7.3,0.493,6.5,13.9,0.463,2.3,3.4,0.667,34.0,0.0,346.0,3.4,6.7,16.0,413.0,1.4,1.8,10.7,7.9,15.9,0.495,1.2,3.6,0.32,2.5,,1.7,10.2,105.0,0.493,9.0,19.5,0.463,3.2,4.8,0.667,34.0,0.0,346.0,4.8,107.0,9.3,22.4,413.0,1.9,2.5,15.0,0.187,7.7,,3.1,-3.8,0.0,22.5,0.6,0.246,34.0,0.0,346.0,-3.8,10.6,0.2,14.8,413.0,1.9,10.3,16.5,0.518,21.5,-0.2,0.8,0.108,,9,36,2,14,34,0,3,20,42,346,-8.3,-4.0,67,31,0,2,0,413,4,3,1.0,0.0,,0.4,0.2,7.8,27.0,0.269,0.463,0.592,1.0,0.5,0.495,0.265,0.32,34.0,0.0,346.0,0.833,1.0,0.53,0.015,0.015,0.813,0.254,0.187,413.0,-10.5,-14.1,,34.0,0.0,93.0,47.0,91.0,93.0,100.0,86.0,99.0,92.0,346.0,413.0,0.495,0.187,0.32,0.493,0.463,0.667,0.246,0.518,,8.0,0.0,94.0,63.0,141.0,106.0,108.0,108.0,302.0,116.0,30.0,170.0,0.5,0.25,0.5,0.563,0.5,0.833,0.75,0.658,0.25,0.0,,0.0,-1.1,-2.4,19.9,0.0,0.75,8.0,0.0,30.0,1.3,15.5,0.1,19.0,170.0,0.0,8.6,17.7,0.658,18.4,0.0,0.1,0.198,,0.0,3.0,0.0,0.0,8.0,0.0,0.0,1.0,0.0,30.0,-27.0,-25.4,42.0,54.0,0.0,4.0,0.0,170.0,0.0,0.0,5.2,10.4,0.5,1.7,3.5,0.5,0.0,,0.0,8.6,117.0,0.563,6.9,13.8,0.5,8.6,10.4,0.833,8.0,0.0,30.0,6.9,136.0,5.2,24.2,170.0,0.0,1.7,15.6,3.6,7.2,0.5,1.2,2.4,0.5,0.0,,0.0,6.0,0.563,4.8,9.6,0.5,6.0,7.2,0.833,8.0,0.0,30.0,4.8,3.6,16.8,170.0,0.0,1.2,10.8,0.4,0.8,0.5,0.1,0.3,0.5,0.0,,0.0,0.6,0.563,0.5,1.0,0.5,0.6,0.8,0.833,8.0,0.0,3.8,0.5,0.4,1.8,174.0,0.0,0.1,1.1,0.0,0.0,,0.0,0.5,7.4,3.0,0.375,0.5,0.6,,,0.5,0.0,0.5,8.0,0.0,30.0,0.667,1.0,0.625,0.0,0.0,0.75,0.125,0.25,170.0,3.0,6.0,0.5,1.0,2.0,0.5,0.0,,0.0,5.0,0.563,4.0,8.0,0.5,5.0,6.0,0.833,8.0,0.0,30.0,4.0,3.0,14.0,158.0,0.0,1.0,9.0,0.0
brownmo01,Moses Brown,https://www.basketball-reference.com/players/b/brownmo01.html,2021-22,2022,22.0,2TM,C,C,94.0,C,40.0,6.0,345.0,64.0,108.0,0.593,0.0,0.0,,1.0,,16.0,96.0,0.593,64.0,108.0,0.593,43.0,72.0,0.597,39.0,53.0,171.0,378.0,7.0,20.0,135.0,0.0,1.6,2.7,0.593,0.0,0.0,,0.0,,0.4,2.4,0.593,1.6,2.7,0.593,1.1,1.8,0.597,40.0,6.0,8.6,1.0,1.3,4.3,409.0,0.2,0.5,3.4,6.7,11.3,0.593,0.0,0.0,,0.1,,1.7,10.0,0.593,6.7,11.3,0.593,4.5,7.5,0.597,40.0,6.0,345.0,4.1,5.5,17.8,414.0,0.7,2.1,14.1,9.3,15.7,0.593,0.0,0.0,,0.1,,2.3,13.9,105.0,0.593,9.3,15.7,0.593,6.2,10.5,0.597,40.0,6.0,345.0,5.7,115.0,7.7,24.8,414.0,1.0,2.9,19.6,0.0,0.4,,4.2,-3.3,-0.9,30.5,0.7,0.667,40.0,6.0,345.0,-2.4,12.7,0.5,18.5,414.0,1.0,12.5,21.7,0.612,20.7,-0.1,1.2,0.16,,6,34,0,32,40,6,4,6,2,345,-10.2,-6.9,99,1,0,0,0,414,2,4,0.0,0.0,,,,2.5,40.0,0.454,0.593,0.642,0.0,0.0,0.593,0.48,,40.0,6.0,345.0,0.813,,0.75,0.009,0.009,1.0,0.231,0.0,414.0,13.1,12.9,,40.0,6.0,111.0,0.0,,111.0,129.0,77.0,269.0,108.0,345.0,414.0,0.593,0.0,,0.593,0.593,0.597,0.667,0.612,,,,,,,,,,,,,,,,,,,,,,,,,,,,,,,,,,,,,,,,,,,,,,,,,,,,,,,,,,,,,,,,,,,,,,,,,,,,,,,,,,,,,,,,,,,,,,,,,,,,,,,,,,,,,,,,,,,,,,,,,,,,,,,,,,,,,,,,,,,,,,,,,,,,,,,,,,,,,,,,,,,,,,,,,,,,,,,,,,,,,,,,,,,,,,,,,,,,,,,,,,,,,
reedpa01,Paul Reed,https://www.basketball-reference.com/players/r/reedpa01.html,2021-22,2022,22.0,PHI,C,C,95.0,C,38.0,2.0,302.0,52.0,88.0,0.591,2.0,8.0,0.25,16.0,,14.0,48.0,0.573,54.0,96.0,0.563,6.0,14.0,0.429,44.0,57.0,116.0,413.0,33.0,10.0,92.0,0.0,1.4,2.3,0.591,0.1,0.2,0.25,0.4,,0.4,1.3,0.573,1.4,2.5,0.563,0.2,0.4,0.429,38.0,2.0,7.9,1.2,1.5,3.1,479.0,0.9,0.3,2.4,6.2,10.5,0.591,0.2,1.0,0.25,1.9,,1.7,5.7,0.573,6.4,11.4,0.563,0.7,1.7,0.429,38.0,2.0,302.0,5.2,6.8,13.8,426.0,3.9,1.2,11.0,8.6,14.5,0.591,0.3,1.3,0.25,2.6,,2.3,7.9,100.0,0.573,8.9,15.9,0.563,1.0,2.3,0.429,38.0,2.0,302.0,7.3,122.0,9.4,19.2,426.0,5.5,1.7,15.2,0.083,8.3,,4.2,2.1,2.9,17.4,0.7,0.146,38.0,2.0,302.0,-0.8,16.6,0.6,21.4,426.0,5.5,8.9,17.0,0.568,16.7,0.3,1.3,0.212,,5,31,2,8,38,2,2,9,40,302,-9.0,-5.6,61,39,0,0,0,426,1,4,1.0,0.0,,0.0,0.5,5.4,22.0,0.24,0.563,0.767,0.25,0.333,0.591,0.19,0.25,38.0,2.0,302.0,0.577,1.0,0.625,0.042,0.031,0.917,0.219,0.083,426.0,7.9,0.4,,38.0,2.0,111.0,21.0,71.0,108.0,122.0,55.0,59.0,100.0,302.0,426.0,0.591,0.083,0.25,0.573,0.563,0.429,0.146,0.568,,12.0,0.0,97.0,21.0,189.0,104.0,114.0,74.0,78.0,99.0,140.0,99.0,0.515,0.083,0.667,0.556,0.528,0.571,0.194,0.563,0.083,11.6,,4.0,2.0,2.9,20.1,0.3,0.194,12.0,0.0,140.0,-0.8,20.2,0.2,17.7,99.0,3.3,18.7,20.1,0.563,16.1,0.1,0.5,0.161,,3.0,16.0,0.0,3.0,12.0,0.0,3.0,5.0,25.0,140.0,-0.7,0.2,94.0,6.0,0.0,0.0,0.0,99.0,2.0,3.0,6.3,12.3,0.515,0.7,1.1,0.667,3.7,,2.2,8.9,105.0,0.556,7.1,13.4,0.528,1.5,2.6,0.571,12.0,0.0,140.0,8.2,117.0,10.8,16.4,99.0,3.3,3.3,17.1,4.4,8.5,0.515,0.5,0.8,0.667,2.6,,1.5,6.2,0.556,4.9,9.3,0.528,1.0,1.8,0.571,12.0,0.0,140.0,5.7,7.5,11.3,99.0,2.3,2.3,11.8,1.4,2.8,0.515,0.2,0.3,0.667,0.8,,0.5,2.0,0.556,1.6,3.0,0.528,0.3,0.6,0.571,12.0,0.0,11.7,1.8,2.4,3.7,144.0,0.8,0.8,3.8,0.0,0.0,,1.0,0.333,5.0,6.0,0.167,0.528,0.6,,0.0,0.515,0.333,0.667,12.0,0.0,140.0,0.765,1.0,0.694,0.0,0.056,0.917,0.167,0.083,99.0,17.0,33.0,0.515,2.0,3.0,0.667,10.0,,6.0,24.0,0.556,19.0,36.0,0.528,4.0,7.0,0.571,12.0,0.0,140.0,22.0,29.0,44.0,114.0,9.0,9.0,46.0,0.0
lopezbr01,Brook Lopez,https://www.basketball-reference.com/players/l/lopezbr01.html,2021-22,2022,33.0,MIL,C,C,96.0,C,13.0,11.0,298.0,42.0,78.0,0.538,19.0,53.0,0.358,6.0,,15.0,34.0,0.538,61.0,131.0,0.466,20.0,23.0,0.87,19.0,34.0,161.0,383.0,8.0,12.0,53.0,0.0,3.2,6.0,0.538,1.5,4.1,0.358,0.5,,1.2,2.6,0.538,4.7,10.1,0.466,1.5,1.8,0.87,13.0,11.0,22.9,1.5,2.6,12.4,127.0,0.6,0.9,4.1,5.1,9.4,0.538,2.3,6.4,0.358,0.7,,1.8,4.1,0.538,7.4,15.8,0.466,2.4,2.8,0.87,13.0,11.0,298.0,2.3,4.1,19.4,428.0,1.0,1.4,6.4,6.8,12.6,0.538,3.1,8.5,0.358,1.0,,2.4,5.5,111.0,0.538,9.8,21.1,0.466,3.2,3.7,0.87,13.0,11.0,298.0,3.1,112.0,5.5,25.9,428.0,1.3,1.9,8.5,0.405,3.0,,4.8,-1.3,-0.7,11.9,0.3,0.176,13.0,11.0,298.0,-0.7,6.9,0.3,16.0,428.0,1.3,7.8,9.4,0.57,21.9,0.1,0.7,0.108,,5,18,0,10,13,11,3,5,14,298,-5.1,-1.5,100,0,0,0,0,428,4,2,0.0,0.0,,0.5,0.34,13.2,15.0,0.122,0.466,0.821,0.091,0.0,0.538,0.346,0.358,13.0,11.0,298.0,0.714,0.947,0.298,0.084,0.015,0.595,0.198,0.405,428.0,1.7,1.3,,13.0,11.0,101.0,101.0,101.0,101.0,101.0,112.0,71.0,101.0,298.0,428.0,0.538,0.405,0.358,0.538,0.466,0.87,0.176,0.57,,12.0,12.0,112.0,69.0,61.0,98.0,106.0,118.0,91.0,100.0,332.0,44.0,0.595,0.275,0.214,0.52,0.49,0.913,0.225,0.566,0.275,3.7,,5.5,1.0,1.4,13.1,0.7,0.225,12.0,12.0,332.0,-0.4,8.6,0.4,15.0,44.0,0.9,8.9,11.0,0.566,16.1,0.2,1.1,0.159,,9.0,15.0,2.0,14.0,12.0,12.0,5.0,6.0,20.0,332.0,-10.7,-3.2,100.0,0.0,0.0,0.0,0.0,44.0,0.0,0.0,6.5,10.9,0.595,0.9,4.1,0.214,1.2,,2.6,6.5,102.0,0.52,7.3,15.0,0.49,3.1,3.4,0.913,12.0,12.0,332.0,4.0,115.0,4.8,18.7,44.0,0.9,1.6,10.4,4.8,8.0,0.595,0.7,3.0,0.214,0.9,,2.0,4.8,0.52,5.4,11.1,0.49,2.3,2.5,0.913,12.0,12.0,332.0,2.9,3.6,13.8,44.0,0.7,1.2,7.7,3.7,6.2,0.595,0.5,2.3,0.214,0.7,,1.5,3.7,0.52,4.2,8.5,0.49,1.8,1.9,0.913,12.0,12.0,27.7,2.3,2.8,10.6,70.0,0.5,0.9,5.9,0.0,0.0,,0.25,0.143,11.0,15.0,0.157,0.49,0.806,0.364,0.333,0.595,0.417,0.214,12.0,12.0,332.0,0.659,0.833,0.353,0.108,0.029,0.725,0.235,0.275,44.0,44.0,74.0,0.595,6.0,28.0,0.214,8.0,,18.0,44.0,0.52,50.0,102.0,0.49,21.0,23.0,0.913,12.0,12.0,332.0,27.0,33.0,127.0,50.0,6.0,11.0,71.0,0.0
knighna01,Nathan Knight,https://www.basketball-reference.com/players/k/knighna01.html,2021-22,2022,24.0,MIN,PF,C,97.0,C,37.0,2.0,267.0,41.0,75.0,0.547,4.0,13.0,0.308,22.0,,8.0,53.0,0.534,45.0,88.0,0.511,44.0,60.0,0.733,32.0,42.0,138.0,400.0,7.0,18.0,85.0,0.0,1.1,2.0,0.547,0.1,0.4,0.308,0.6,,0.2,1.4,0.534,1.2,2.4,0.511,1.2,1.6,0.733,37.0,2.0,7.2,0.9,1.1,3.7,447.0,0.2,0.5,2.3,5.5,10.1,0.547,0.5,1.8,0.308,3.0,,1.1,7.1,0.534,6.1,11.9,0.511,5.9,8.1,0.733,37.0,2.0,267.0,4.3,5.7,18.6,430.0,0.9,2.4,11.5,7.3,13.4,0.547,0.7,2.3,0.308,3.9,,1.4,9.4,111.0,0.534,8.0,15.7,0.511,7.8,10.7,0.733,37.0,2.0,267.0,5.7,122.0,7.5,24.6,430.0,1.2,3.2,15.1,0.148,11.9,,2.9,-0.6,0.1,21.8,0.3,0.682,37.0,2.0,267.0,-0.7,12.5,0.6,18.7,430.0,1.2,13.6,17.1,0.603,20.7,0.1,1.0,0.171,,6,19,0,29,37,2,4,12,54,267,2.1,4.4,73,27,0,0,0,430,6,5,0.0,0.0,,0.5,0.308,5.7,13.0,0.182,0.511,0.673,0.0,,0.547,0.273,0.308,37.0,2.0,267.0,0.707,1.0,0.591,0.011,0.0,0.852,0.25,0.148,430.0,0.4,8.5,,37.0,2.0,103.0,37.0,87.0,100.0,111.0,95.0,275.0,107.0,267.0,430.0,0.547,0.148,0.308,0.534,0.511,0.733,0.682,0.603,,,,,,,,,,,,,,,,,,,,,,,,,,,,,,,,,,,,,,,,,,,,,,,,,,,,,,,,,,,,,,,,,,,,,,,,,,,,,,,,,,,,,,,,,,,,,,,,,,,,,,,,,,,,,,,,,,,,,,,,,,,,,,,,,,,,,,,,,,,,,,,,,,,,,,,,,,,,,,,,,,,,,,,,,,,,,,,,,,,,,,,,,,,,,,,,,,,,,,,,,,,,,
garubus01,Usman Garuba,https://www.basketball-reference.com/players/g/garubus01.html,2021-22,2022,19.0,HOU,PF,C,98.0,C,24.0,2.0,240.0,14.0,24.0,0.583,5.0,20.0,0.25,17.0,,11.0,62.0,0.489,19.0,44.0,0.432,5.0,7.0,0.714,21.0,28.0,48.0,472.0,10.0,6.0,83.0,0.0,0.6,1.0,0.583,0.2,0.8,0.25,0.7,,0.5,2.6,0.489,0.8,1.8,0.432,0.2,0.3,0.714,24.0,2.0,10.0,0.9,1.2,2.0,528.0,0.4,0.3,3.5,2.1,3.6,0.583,0.7,3.0,0.25,2.5,,1.6,9.3,0.489,2.8,6.6,0.432,0.7,1.0,0.714,24.0,2.0,240.0,3.2,4.2,7.2,436.0,1.5,0.9,12.4,2.8,4.8,0.583,1.0,4.0,0.25,3.4,,2.2,12.3,111.0,0.489,3.8,8.8,0.432,1.0,1.4,0.714,24.0,2.0,240.0,4.2,119.0,5.6,9.6,436.0,2.0,1.2,16.5,0.455,9.6,,4.1,-0.9,0.9,28.7,0.3,0.159,24.0,2.0,240.0,-1.8,9.6,0.2,12.9,436.0,2.0,11.3,19.1,0.51,9.4,0.1,0.5,0.105,,2,13,2,4,24,2,1,6,41,240,16.6,6.6,83,17,0,0,0,436,3,1,0.0,0.0,,0.0,0.25,12.6,5.0,0.136,0.432,0.636,0.0,,0.583,0.0,0.25,24.0,2.0,240.0,0.571,1.0,0.5,0.023,0.0,0.545,0.023,0.455,436.0,-3.8,-5.3,,24.0,2.0,110.0,114.0,71.0,92.0,94.0,92.0,64.0,90.0,240.0,436.0,0.583,0.455,0.25,0.489,0.432,0.714,0.159,0.51,,,,,,,,,,,,,,,,,,,,,,,,,,,,,,,,,,,,,,,,,,,,,,,,,,,,,,,,,,,,,,,,,,,,,,,,,,,,,,,,,,,,,,,,,,,,,,,,,,,,,,,,,,,,,,,,,,,,,,,,,,,,,,,,,,,,,,,,,,,,,,,,,,,,,,,,,,,,,,,,,,,,,,,,,,,,,,,,,,,,,,,,,,,,,,,,,,,,,,,,,,,,,
davised01,Ed Davis,https://www.basketball-reference.com/players/d/davised01.html,2021-22,2022,32.0,CLE,C,C,99.0,C,31.0,3.0,201.0,11.0,16.0,0.688,0.0,0.0,,7.0,,9.0,50.0,0.688,11.0,16.0,0.688,6.0,14.0,0.429,14.0,33.0,28.0,499.0,3.0,5.0,64.0,0.0,0.4,0.5,0.688,0.0,0.0,,0.2,,0.3,1.6,0.688,0.4,0.5,0.688,0.2,0.5,0.429,31.0,3.0,6.5,0.5,1.1,0.9,566.0,0.1,0.2,2.1,2.0,2.9,0.688,0.0,0.0,,1.3,,1.6,9.0,0.688,2.0,2.9,0.688,1.1,2.5,0.429,31.0,3.0,201.0,2.5,5.9,5.0,448.0,0.5,0.9,11.5,2.7,4.0,0.688,0.0,0.0,,1.7,,2.2,12.4,106.0,0.688,2.7,4.0,0.688,1.5,3.5,0.429,31.0,3.0,201.0,3.5,126.0,8.2,7.0,448.0,0.7,1.2,15.9,0.0,4.5,,4.0,-1.8,2.5,26.9,0.3,0.875,31.0,3.0,201.0,-4.2,7.9,0.2,9.3,448.0,0.7,18.4,17.6,0.632,6.0,0.0,0.5,0.126,,3,23,0,4,31,3,0,1,17,201,0.7,2.8,60,41,0,0,0,448,2,0,0.0,0.0,,,,2.3,2.0,0.125,0.688,0.75,,,0.688,0.5,,31.0,3.0,201.0,0.727,,0.75,0.0,0.0,1.0,0.25,0.0,448.0,5.0,2.9,,31.0,3.0,129.0,0.0,,129.0,149.0,55.0,353.0,112.0,201.0,448.0,0.688,0.0,,0.688,0.688,0.429,0.875,0.632,,,,,,,,,,,,,,,,,,,,,,,,,,,,,,,,,,,,,,,,,,,,,,,,,,,,,,,,,,,,,,,,,,,,,,,,,,,,,,,,,,,,,,,,,,,,,,,,,,,,,,,,,,,,,,,,,,,,,,,,,,,,,,,,,,,,,,,,,,,,,,,,,,,,,,,,,,,,,,,,,,,,,,,,,,,,,,,,,,,,,,,,,,,,,,,,,,,,,,,,,,,,,
cookty01,Tyler Cook,https://www.basketball-reference.com/players/c/cookty01.html,2021-22,2022,24.0,CHI,PF,C,100.0,C,20.0,2.0,200.0,23.0,38.0,0.605,0.0,0.0,,3.0,,4.0,37.0,0.605,23.0,38.0,0.605,21.0,32.0,0.656,16.0,28.0,67.0,454.0,4.0,7.0,53.0,0.0,1.2,1.9,0.605,0.0,0.0,,0.2,,0.2,1.9,0.605,1.2,1.9,0.605,1.1,1.6,0.656,20.0,2.0,10.0,0.8,1.4,3.4,460.0,0.2,0.4,2.7,4.1,6.8,0.605,0.0,0.0,,0.5,,0.7,6.7,0.605,4.1,6.8,0.605,3.8,5.8,0.656,20.0,2.0,200.0,2.9,5.0,12.1,449.0,0.7,1.3,9.5,5.6,9.3,0.605,0.0,0.0,,0.7,,1.0,9.0,113.0,0.605,5.6,9.3,0.605,5.1,7.8,0.656,20.0,2.0,200.0,3.9,126.0,6.8,16.4,449.0,1.0,1.7,12.9,0.0,2.0,,1.7,-4.1,-1.1,20.7,0.2,0.842,20.0,2.0,200.0,-3.0,9.1,0.4,13.0,449.0,1.0,11.8,14.9,0.643,13.0,-0.1,0.5,0.127,,5,15,8,14,20,2,1,6,8,200,-7.9,-7.9,75,25,0,0,0,449,1,1,0.0,0.0,,,,2.2,14.0,0.395,0.605,0.692,,,0.605,0.417,,20.0,2.0,200.0,0.783,,0.684,0.0,0.0,1.0,0.316,0.0,449.0,5.6,8.0,,20.0,2.0,114.0,0.0,,114.0,131.0,85.0,339.0,114.0,200.0,449.0,0.605,0.0,,0.605,0.605,0.656,0.842,0.643,,,,,,,,,,,,,,,,,,,,,,,,,,,,,,,,,,,,,,,,,,,,,,,,,,,,,,,,,,,,,,,,,,,,,,,,,,,,,,,,,,,,,,,,,,,,,,,,,,,,,,,,,,,,,,,,,,,,,,,,,,,,,,,,,,,,,,,,,,,,,,,,,,,,,,,,,,,,,,,,,,,,,,,,,,,,,,,,,,,,,,,,,,,,,,,,,,,,,,,,,,,,,
bridgmi02,Miles Bridges,https://www.basketball-reference.com/players/b/bridgmi02.html,2021-22,2022,23.0,CHO,PF,PF,1.0,PF,80.0,80.0,2837.0,442.0,749.0,0.59,154.0,465.0,0.331,300.0,,67.0,469.0,0.554,596.0,1214.0,0.491,267.0,333.0,0.802,90.0,193.0,1613.0,15.0,74.0,150.0,559.0,0.0,5.5,9.4,0.59,1.9,5.8,0.331,3.8,,0.8,5.9,0.554,7.5,15.2,0.491,3.3,4.2,0.802,80.0,80.0,35.5,1.1,2.4,20.2,36.0,0.9,1.9,7.0,5.6,9.5,0.59,2.0,5.9,0.331,3.8,,0.9,6.0,0.554,7.6,15.4,0.491,3.4,4.2,0.802,80.0,80.0,2837.0,1.1,2.4,20.5,2.0,0.9,1.9,7.1,7.5,12.7,0.59,2.6,7.9,0.331,5.1,,1.1,7.9,114.0,0.554,10.1,20.5,0.491,4.5,5.6,0.802,80.0,80.0,2837.0,1.5,117.0,3.3,27.3,2.0,1.3,2.5,9.5,0.383,15.7,,2.2,1.5,-0.3,17.8,2.3,0.274,80.0,80.0,2837.0,1.8,3.3,5.0,17.9,2.0,1.3,9.9,10.4,0.593,22.6,2.5,7.2,0.123,,19,90,18,161,80,80,38,62,754,2837,5.8,2.2,10,69,0,21,0,2,76,40,6.0,0.0,,0.344,0.275,12.4,118.0,0.107,0.491,0.723,0.458,0.343,0.59,0.412,0.331,80.0,80.0,2837.0,0.597,0.825,0.357,0.02,0.029,0.617,0.212,0.383,2.0,55.1,72.9,,80.0,80.0,111.0,96.0,94.0,104.0,106.0,104.0,111.0,105.0,2837.0,2.0,0.59,0.383,0.331,0.554,0.491,0.802,0.274,0.593,,,,,,,,,,,,,,,,,,,,,,,,,,,,,,,,,,,,,,,,,,,,,,,,,,,,,,,,,,,,,,,,,,,,,,,,,,,,,,,,,,,,,,,,,,,,,,,,,,,,,,,,,,,,,,,,,,,,,,,,,,,,,,,,,,,,,,,,,,,,,,,,,,,,,,,,,,,,,,,,,,,,,,,,,,,,,,,,,,,,,,,,,,,,,,,,,,,,,,,,,,,,,
derozde01,DeMar DeRozan,https://www.basketball-reference.com/players/d/derozde01.html,2021-22,2022,32.0,CHI,PF,PF,2.0,PF,76.0,76.0,2743.0,724.0,1393.0,0.52,50.0,142.0,0.352,374.0,"MVP-10,AS,NBA2",24.0,336.0,0.521,774.0,1535.0,0.504,520.0,593.0,0.877,56.0,178.0,2118.0,2.0,68.0,181.0,392.0,0.0,9.5,18.3,0.52,0.7,1.9,0.352,4.9,"MVP-10,AS,NBA2",0.3,4.4,0.521,10.2,20.2,0.504,6.8,7.8,0.877,76.0,76.0,36.1,0.7,2.3,27.9,7.0,0.9,2.4,5.2,9.5,18.3,0.52,0.7,1.9,0.352,4.9,"MVP-10,AS,NBA2",0.3,4.4,0.521,10.2,20.1,0.504,6.8,7.8,0.877,76.0,76.0,2743.0,0.7,2.3,27.8,3.0,0.9,2.4,5.1,12.9,24.8,0.52,0.9,2.5,0.352,6.7,"MVP-10,AS,NBA2",0.4,6.0,115.0,0.521,13.8,27.3,0.504,9.3,10.6,0.877,76.0,76.0,2743.0,1.0,117.0,3.2,37.7,3.0,1.2,3.2,7.0,0.093,23.3,"MVP-10,AS,NBA2",0.8,2.5,-0.9,13.7,1.8,0.386,76.0,76.0,2743.0,3.4,2.3,7.0,23.1,3.0,1.2,9.2,8.0,0.59,31.8,3.1,8.8,0.154,"MVP-10,AS,NBA2",18,89,12,287,76,76,74,84,948,2743,5.1,1.2,8,81,0,11,0,3,86,61,4.0,0.0,"MVP-10,AS,NBA2",0.327,0.387,13.0,33.0,0.026,0.504,0.671,0.511,0.457,0.52,0.494,0.352,76.0,76.0,2743.0,0.217,0.9,0.164,0.297,0.288,0.907,0.158,0.093,3.0,-34.3,85.0,"MVP-10,AS,NBA2",76.0,76.0,98.0,23.0,100.0,98.0,109.0,113.0,156.0,104.0,2743.0,3.0,0.52,0.093,0.352,0.521,0.504,0.877,0.386,0.59,,5.0,5.0,85.0,24.0,0.0,77.0,89.0,112.0,127.0,85.0,203.0,67.0,0.453,0.095,0.0,0.411,0.411,0.867,0.316,0.481,0.095,20.9,,1.0,-0.8,0.5,14.0,0.3,0.316,5.0,5.0,203.0,-1.3,0.5,-0.2,13.4,67.0,2.1,9.2,6.7,0.481,25.7,0.1,0.1,0.019,,1.0,8.0,8.0,15.0,5.0,5.0,2.0,8.0,62.0,203.0,-7.4,-14.8,2.0,34.0,0.0,64.0,0.0,67.0,6.0,4.0,9.2,20.3,0.453,0.0,2.1,0.0,5.7,,0.5,6.1,109.0,0.411,9.2,22.4,0.411,6.1,7.1,0.867,5.0,5.0,203.0,0.2,96.0,2.8,24.5,67.0,2.1,2.6,6.4,6.9,15.3,0.453,0.0,1.6,0.0,4.3,,0.4,4.6,0.411,6.9,16.8,0.411,4.6,5.3,0.867,5.0,5.0,203.0,0.2,2.1,18.4,67.0,1.6,2.0,4.8,7.8,17.2,0.453,0.0,1.8,0.0,4.8,,0.4,5.2,0.411,7.8,19.0,0.411,5.2,6.0,0.867,5.0,5.0,40.6,0.2,2.4,20.8,21.0,1.8,2.2,5.4,0.0,0.0,,0.0,0.444,14.7,0.0,0.0,0.411,0.875,0.273,0.5,0.453,0.357,0.0,5.0,5.0,203.0,0.282,,0.084,0.232,0.442,0.905,0.147,0.095,67.0,39.0,86.0,0.453,0.0,9.0,0.0,24.0,,2.0,26.0,0.411,39.0,95.0,0.411,26.0,30.0,0.867,5.0,5.0,203.0,1.0,12.0,104.0,61.0,9.0,11.0,27.0,0.0
finnedo01,Dorian Finney-Smith,https://www.basketball-reference.com/players/f/finnedo01.html,2021-22,2022,28.0,DAL,PF,PF,3.0,PF,80.0,80.0,2644.0,154.0,257.0,0.599,172.0,435.0,0.395,150.0,,39.0,253.0,0.595,326.0,692.0,0.471,56.0,83.0,0.675,122.0,183.0,880.0,104.0,88.0,80.0,375.0,0.0,1.9,3.2,0.599,2.2,5.4,0.395,1.9,,0.5,3.2,0.595,4.1,8.7,0.471,0.7,1.0,0.675,80.0,80.0,33.1,1.5,2.3,11.0,154.0,1.1,1.0,4.7,2.1,3.5,0.599,2.3,5.9,0.395,2.0,,0.5,3.4,0.595,4.4,9.4,0.471,0.8,1.1,0.675,80.0,80.0,2644.0,1.7,2.5,12.0,10.0,1.2,1.1,5.1,2.9,4.9,0.599,3.3,8.3,0.395,2.9,,0.7,4.8,110.0,0.595,6.2,13.2,0.471,1.1,1.6,0.675,80.0,80.0,2644.0,2.3,119.0,3.5,16.8,10.0,1.7,1.5,7.1,0.629,8.2,,1.3,0.8,0.7,10.7,3.2,0.12,80.0,80.0,2644.0,0.1,5.1,3.4,12.5,10.0,1.7,9.9,7.9,0.604,13.8,1.9,6.6,0.121,,10,80,5,36,80,80,7,24,364,2644,3.8,4.9,2,65,0,33,0,10,41,11,2.0,0.0,,0.461,0.414,17.0,49.0,0.082,0.471,0.752,0.471,0.273,0.599,0.324,0.395,80.0,80.0,2644.0,0.766,0.983,0.233,0.025,0.016,0.371,0.098,0.629,10.0,88.1,55.3,,80.0,80.0,113.0,157.0,112.0,112.0,102.0,87.0,48.0,107.0,2644.0,10.0,0.599,0.629,0.395,0.595,0.471,0.675,0.12,0.604,,18.0,18.0,107.0,172.0,120.0,116.0,102.0,91.0,62.0,111.0,688.0,10.0,0.571,0.688,0.426,0.618,0.471,0.708,0.153,0.63,0.688,7.8,,0.9,1.0,0.5,11.6,0.3,0.153,18.0,18.0,688.0,0.5,5.4,1.2,12.6,10.0,1.3,9.7,8.5,0.63,12.8,0.5,1.5,0.106,,3.0,29.0,4.0,7.0,18.0,18.0,0.0,9.0,88.0,688.0,15.6,3.9,9.0,85.0,0.0,6.0,0.0,10.0,9.0,5.0,2.1,3.7,0.571,3.5,8.1,0.426,2.6,,0.5,5.0,116.0,0.618,5.6,11.8,0.471,1.3,1.8,0.708,18.0,18.0,688.0,2.4,125.0,4.0,15.9,10.0,1.3,1.4,7.5,1.5,2.6,0.571,2.4,5.7,0.426,1.8,,0.4,3.5,0.618,3.9,8.2,0.471,0.9,1.3,0.708,18.0,18.0,688.0,1.7,2.8,11.0,10.0,0.9,0.9,5.2,1.6,2.7,0.571,2.6,6.0,0.426,1.9,,0.4,3.7,0.618,4.1,8.7,0.471,0.9,1.3,0.708,18.0,18.0,38.2,1.8,2.9,11.7,61.0,0.9,1.0,5.5,0.0,0.0,,0.5,0.389,18.5,7.0,0.051,0.471,0.741,0.333,0.667,0.571,0.313,0.426,18.0,18.0,688.0,0.75,0.957,0.172,0.019,0.019,0.312,0.102,0.688,10.0,28.0,49.0,0.571,46.0,108.0,0.426,35.0,,7.0,67.0,0.618,74.0,157.0,0.471,17.0,24.0,0.708,18.0,18.0,688.0,32.0,53.0,211.0,24.0,17.0,18.0,99.0,0.0
barnesc01,Scottie Barnes,https://www.basketball-reference.com/players/b/barnesc01.html,2021-22,2022,20.0,TOR,PF,PF,4.0,PF,74.0,74.0,2617.0,401.0,739.0,0.543,58.0,193.0,0.301,256.0,ROY-1,55.0,362.0,0.524,459.0,932.0,0.492,158.0,215.0,0.735,195.0,192.0,1134.0,62.0,80.0,136.0,557.0,0.0,5.4,10.0,0.543,0.8,2.6,0.301,3.5,ROY-1,0.7,4.9,0.524,6.2,12.6,0.492,2.1,2.9,0.735,74.0,74.0,35.4,2.6,2.6,15.3,86.0,1.1,1.8,7.5,5.5,10.2,0.543,0.8,2.7,0.301,3.5,ROY-1,0.8,5.0,0.524,6.3,12.8,0.492,2.2,3.0,0.735,74.0,74.0,2617.0,2.7,2.6,15.6,11.0,1.1,1.9,7.7,7.7,14.1,0.543,1.1,3.7,0.301,4.9,ROY-1,1.1,6.9,111.0,0.524,8.8,17.8,0.492,3.0,4.1,0.735,74.0,74.0,2617.0,3.7,116.0,3.7,21.7,11.0,1.5,2.6,10.6,0.207,14.7,ROY-1,2.1,0.9,0.4,15.8,2.9,0.231,74.0,74.0,2617.0,0.5,7.7,3.7,16.3,11.0,1.5,11.7,11.5,0.552,19.0,1.9,6.6,0.122,ROY-1,12,81,16,106,74,74,30,38,622,2617,-2.0,1.5,6,49,0,41,4,11,82,25,4.0,1.0,ROY-1,0.37,0.28,10.7,61.0,0.074,0.492,0.711,0.396,0.388,0.543,0.503,0.301,74.0,74.0,2617.0,0.421,0.845,0.26,0.114,0.086,0.793,0.315,0.207,11.0,-15.1,-28.1,ROY-1,74.0,74.0,102.0,52.0,85.0,98.0,107.0,95.0,93.0,98.0,2617.0,11.0,0.543,0.207,0.301,0.524,0.492,0.735,0.231,0.552,,4.0,3.0,100.0,72.0,47.0,85.0,93.0,105.0,154.0,92.0,133.0,108.0,0.533,0.286,0.167,0.452,0.429,0.813,0.381,0.52,0.286,19.7,,0.8,1.7,1.0,29.7,0.0,0.381,4.0,3.0,133.0,0.7,5.9,0.2,16.8,108.0,1.6,9.3,16.7,0.52,18.9,0.1,0.2,0.082,,0.0,4.0,0.0,6.0,4.0,3.0,2.0,1.0,38.0,133.0,-0.1,-9.5,0.0,13.0,0.0,84.0,3.0,108.0,3.0,1.0,6.3,11.9,0.533,0.8,4.7,0.167,6.7,,0.4,11.5,118.0,0.452,7.1,16.6,0.429,5.1,6.3,0.813,4.0,3.0,133.0,2.8,115.0,4.7,20.2,108.0,1.6,2.0,14.2,4.3,8.1,0.533,0.5,3.2,0.167,4.6,,0.3,7.8,0.452,4.9,11.4,0.429,3.5,4.3,0.813,4.0,3.0,133.0,1.9,3.2,13.8,108.0,1.1,1.4,9.7,4.0,7.5,0.533,0.5,3.0,0.167,4.3,,0.3,7.3,0.452,4.5,10.5,0.429,3.3,4.0,0.813,4.0,3.0,33.3,1.8,3.0,12.8,54.0,1.0,1.3,9.0,1.0,0.0,,0.25,0.333,14.3,4.0,0.095,0.429,0.8,0.5,0.286,0.533,0.455,0.167,4.0,3.0,133.0,0.438,1.0,0.238,0.048,0.167,0.714,0.262,0.286,108.0,16.0,30.0,0.533,2.0,12.0,0.167,17.0,,1.0,29.0,0.452,18.0,42.0,0.429,13.0,16.0,0.813,4.0,3.0,133.0,7.0,12.0,51.0,107.0,4.0,5.0,36.0,0.0
siakapa01,Pascal Siakam,https://www.basketball-reference.com/players/s/siakapa01.html,2021-22,2022,27.0,TOR,PF,PF,5.0,PF,68.0,68.0,2578.0,521.0,989.0,0.527,75.0,218.0,0.344,360.0,NBA3,42.0,452.0,0.525,596.0,1207.0,0.494,284.0,379.0,0.749,128.0,225.0,1551.0,18.0,85.0,181.0,580.0,2.0,7.7,14.5,0.527,1.1,3.2,0.344,5.3,NBA3,0.6,6.6,0.525,8.8,17.8,0.494,4.2,5.6,0.749,68.0,68.0,37.9,1.9,3.3,22.8,24.0,1.3,2.7,8.5,7.3,13.8,0.527,1.0,3.0,0.344,5.0,NBA3,0.6,6.3,0.525,8.3,16.9,0.494,4.0,5.3,0.749,68.0,68.0,2578.0,1.8,3.1,21.7,13.0,1.2,2.5,8.1,10.1,19.2,0.527,1.5,4.2,0.344,7.0,NBA3,0.8,8.8,110.0,0.525,11.6,23.4,0.494,5.5,7.3,0.749,68.0,68.0,2578.0,2.5,116.0,4.4,30.1,13.0,1.6,3.5,11.2,0.181,23.0,NBA3,1.6,3.5,0.8,20.1,3.2,0.314,68.0,68.0,2578.0,2.7,5.1,4.9,20.3,13.0,1.6,11.6,12.2,0.565,25.8,3.6,8.1,0.151,NBA3,27,95,6,180,68,68,49,61,891,2578,6.6,4.5,33,58,0,9,0,13,91,49,1.0,0.0,NBA3,0.475,0.183,11.2,31.0,0.026,0.494,0.716,0.447,0.371,0.527,0.498,0.344,68.0,68.0,2578.0,0.292,0.947,0.216,0.132,0.132,0.819,0.34,0.181,13.0,-16.5,-4.1,NBA3,68.0,68.0,99.0,45.0,97.0,99.0,107.0,97.0,127.0,100.0,2578.0,13.0,0.527,0.181,0.344,0.525,0.494,0.749,0.314,0.565,,6.0,6.0,98.0,40.0,67.0,93.0,103.0,111.0,136.0,99.0,260.0,54.0,0.522,0.159,0.235,0.495,0.477,0.861,0.336,0.558,0.159,22.9,,2.5,3.0,0.7,18.3,0.0,0.336,6.0,6.0,260.0,2.3,3.5,0.5,19.7,54.0,1.4,9.6,10.2,0.558,24.2,0.3,0.5,0.098,,2.0,11.0,3.0,19.0,6.0,6.0,4.0,4.0,89.0,260.0,2.4,-9.1,6.0,81.0,0.0,13.0,0.0,54.0,6.0,4.0,9.5,18.2,0.522,0.8,3.4,0.235,7.1,,1.2,7.1,120.0,0.495,10.3,21.7,0.477,6.3,7.3,0.861,6.0,6.0,260.0,1.6,116.0,4.9,27.7,54.0,1.4,2.6,8.7,6.5,12.5,0.522,0.6,2.4,0.235,4.8,,0.8,4.8,0.495,7.1,14.8,0.477,4.3,5.0,0.861,6.0,6.0,260.0,1.1,3.3,19.0,54.0,1.0,1.8,6.0,7.8,15.0,0.522,0.7,2.8,0.235,5.8,,1.0,5.8,0.495,8.5,17.8,0.477,5.2,6.0,0.861,6.0,6.0,43.3,1.3,4.0,22.8,15.0,1.2,2.2,7.2,0.0,0.0,,0.0,0.059,12.9,2.0,0.019,0.477,0.8,0.5,0.385,0.522,0.514,0.235,6.0,6.0,260.0,0.234,1.0,0.14,0.131,0.243,0.841,0.327,0.159,54.0,47.0,90.0,0.522,4.0,17.0,0.235,35.0,,6.0,35.0,0.495,51.0,107.0,0.477,31.0,36.0,0.861,6.0,6.0,260.0,8.0,24.0,137.0,45.0,7.0,13.0,43.0,0.0
randlju01,Julius Randle,https://www.basketball-reference.com/players/r/randlju01.html,2021-22,2022,27.0,NYK,PF,PF,6.0,PF,72.0,72.0,2544.0,392.0,856.0,0.458,120.0,390.0,0.308,370.0,,39.0,591.0,0.459,512.0,1246.0,0.411,303.0,401.0,0.756,125.0,205.0,1447.0,22.0,53.0,245.0,716.0,1.0,5.4,11.9,0.458,1.7,5.4,0.308,5.1,,0.5,8.2,0.459,7.1,17.3,0.411,4.2,5.6,0.756,72.0,72.0,35.3,1.7,2.8,20.1,39.0,0.7,3.4,9.9,5.5,12.1,0.458,1.7,5.5,0.308,5.2,,0.6,8.4,0.459,7.2,17.6,0.411,4.3,5.7,0.756,72.0,72.0,2544.0,1.8,2.9,20.5,14.0,0.7,3.5,10.1,7.7,16.8,0.458,2.4,7.7,0.308,7.3,,0.8,11.6,109.0,0.459,10.1,24.5,0.411,6.0,7.9,0.756,72.0,72.0,2544.0,2.5,102.0,4.0,28.5,14.0,1.0,4.8,14.1,0.313,25.1,,1.5,0.5,0.2,25.5,3.4,0.322,72.0,72.0,2544.0,0.4,5.2,-0.3,15.7,14.0,1.0,14.7,15.1,0.509,28.7,1.6,3.1,0.059,,37,83,5,165,72,72,42,66,976,2544,-9.5,-3.0,7,92,0,1,0,14,111,74,0.0,0.0,,0.289,0.115,13.8,43.0,0.04,0.411,0.627,0.374,0.335,0.458,0.368,0.308,72.0,72.0,2544.0,0.362,0.8,0.254,0.137,0.144,0.687,0.152,0.313,14.0,-181.0,-163.2,,72.0,72.0,86.0,78.0,87.0,86.0,89.0,98.0,130.0,90.0,2544.0,14.0,0.458,0.313,0.308,0.459,0.411,0.756,0.322,0.509,,,,,,,,,,,,,,,,,,,,,,,,,,,,,,,,,,,,,,,,,,,,,,,,,,,,,,,,,,,,,,,,,,,,,,,,,,,,,,,,,,,,,,,,,,,,,,,,,,,,,,,,,,,,,,,,,,,,,,,,,,,,,,,,,,,,,,,,,,,,,,,,,,,,,,,,,,,,,,,,,,,,,,,,,,,,,,,,,,,,,,,,,,,,,,,,,,,,,,,,,,,,,
harrito02,Tobias Harris,https://www.basketball-reference.com/players/h/harrito02.html,2021-22,2022,29.0,PHI,PF,PF,7.0,PF,73.0,73.0,2543.0,392.0,747.0,0.525,101.0,275.0,0.367,252.0,,43.0,419.0,0.532,493.0,1022.0,0.482,170.0,202.0,0.842,77.0,164.0,1257.0,48.0,47.0,116.0,496.0,1.0,5.4,10.2,0.525,1.4,3.8,0.367,3.5,,0.6,5.7,0.532,6.8,14.0,0.482,2.3,2.8,0.842,73.0,73.0,34.8,1.1,2.2,17.2,64.0,0.6,1.6,6.8,5.5,10.6,0.525,1.4,3.9,0.367,3.6,,0.6,5.9,0.532,7.0,14.5,0.482,2.4,2.9,0.842,73.0,73.0,2543.0,1.1,2.3,17.8,15.0,0.7,1.6,7.0,7.7,14.7,0.525,2.0,5.4,0.367,4.9,,0.8,8.2,112.0,0.532,9.7,20.0,0.482,3.3,4.0,0.842,73.0,73.0,2543.0,1.5,113.0,3.2,24.7,15.0,0.9,2.3,9.7,0.269,15.9,,1.5,0.0,-0.6,18.1,2.6,0.198,73.0,73.0,2543.0,0.6,3.4,3.0,15.9,15.0,0.9,9.5,10.9,0.566,21.7,1.3,5.6,0.105,,23,91,2,100,73,73,30,71,597,2543,1.7,3.3,3,97,0,0,0,15,43,42,1.0,0.0,,0.361,0.262,11.7,43.0,0.045,0.482,0.699,0.428,0.386,0.525,0.444,0.367,73.0,73.0,2543.0,0.444,0.891,0.25,0.156,0.043,0.731,0.282,0.269,15.0,0.2,-0.5,,73.0,73.0,99.0,67.0,104.0,100.0,105.0,109.0,80.0,100.0,2543.0,15.0,0.525,0.269,0.367,0.532,0.482,0.842,0.198,0.566,,12.0,12.0,106.0,88.0,109.0,107.0,108.0,111.0,55.0,104.0,466.0,24.0,0.562,0.352,0.386,0.568,0.5,0.864,0.136,0.591,0.352,13.0,,2.0,3.0,1.4,20.4,0.5,0.136,12.0,12.0,466.0,1.6,2.8,0.7,16.2,24.0,1.5,9.5,12.0,0.591,19.1,0.6,1.2,0.122,,4.0,16.0,1.0,11.0,12.0,12.0,2.0,7.0,90.0,466.0,-9.2,-1.1,3.0,97.0,0.0,0.0,0.0,24.0,5.0,8.0,6.6,11.7,0.562,2.5,6.4,0.386,3.9,,1.1,9.0,110.0,0.568,9.0,18.1,0.5,2.1,2.5,0.864,12.0,12.0,466.0,1.1,115.0,3.9,22.7,24.0,1.5,2.0,10.2,4.6,8.1,0.562,1.7,4.4,0.386,2.7,,0.8,6.3,0.568,6.3,12.5,0.5,1.5,1.7,0.864,12.0,12.0,466.0,0.8,2.7,15.7,24.0,1.0,1.4,7.0,4.9,8.8,0.562,1.8,4.8,0.386,2.9,,0.8,6.8,0.568,6.8,13.5,0.5,1.6,1.8,0.864,12.0,12.0,38.8,0.8,2.9,16.9,35.0,1.1,1.5,7.6,0.0,0.0,,0.385,0.456,13.2,10.0,0.062,0.5,0.659,0.455,0.333,0.562,0.576,0.386,12.0,12.0,466.0,0.475,0.909,0.253,0.136,0.056,0.648,0.204,0.352,24.0,59.0,105.0,0.562,22.0,57.0,0.386,35.0,,10.0,81.0,0.568,81.0,162.0,0.5,19.0,22.0,0.864,12.0,12.0,466.0,10.0,35.0,203.0,26.0,13.0,18.0,91.0,0.0
johnske04,Keldon Johnson,https://www.basketball-reference.com/players/j/johnske04.html,2021-22,2022,22.0,SAS,SF,PF,8.0,PF,75.0,74.0,2392.0,312.0,612.0,0.51,159.0,399.0,0.398,158.0,,14.0,377.0,0.545,471.0,1011.0,0.466,177.0,234.0,0.756,80.0,148.0,1278.0,42.0,58.0,92.0,457.0,0.0,4.2,8.2,0.51,2.1,5.3,0.398,2.1,,0.2,5.0,0.545,6.3,13.5,0.466,2.4,3.1,0.756,75.0,74.0,31.9,1.1,2.0,17.0,69.0,0.8,1.2,6.1,4.7,9.2,0.51,2.4,6.0,0.398,2.4,,0.2,5.7,0.545,7.1,15.2,0.466,2.7,3.5,0.756,75.0,74.0,2392.0,1.2,2.2,19.2,31.0,0.9,1.4,6.9,6.3,12.3,0.51,3.2,8.0,0.398,3.2,,0.3,7.6,114.0,0.545,9.4,20.3,0.466,3.6,4.7,0.756,75.0,74.0,2392.0,1.6,114.0,3.0,25.6,31.0,1.2,1.8,9.2,0.395,9.5,,0.5,-0.5,-1.2,16.7,2.0,0.231,75.0,74.0,2392.0,0.7,3.5,2.9,15.2,31.0,1.2,7.6,10.0,0.574,21.3,0.9,4.9,0.099,,18,72,13,116,75,74,32,63,390,2392,4.0,1.7,1,56,0,41,2,31,39,29,1.0,0.0,,0.484,0.228,13.4,25.0,0.028,0.466,0.645,0.369,0.414,0.51,0.45,0.398,75.0,74.0,2392.0,0.644,0.969,0.218,0.064,0.029,0.605,0.295,0.395,31.0,25.9,17.0,,75.0,74.0,96.0,99.0,113.0,102.0,101.0,98.0,93.0,101.0,2392.0,31.0,0.51,0.395,0.398,0.545,0.466,0.756,0.231,0.574,,,,,,,,,,,,,,,,,,,,,,,,,,,,,,,,,,,,,,,,,,,,,,,,,,,,,,,,,,,,,,,,,,,,,,,,,,,,,,,,,,,,,,,,,,,,,,,,,,,,,,,,,,,,,,,,,,,,,,,,,,,,,,,,,,,,,,,,,,,,,,,,,,,,,,,,,,,,,,,,,,,,,,,,,,,,,,,,,,,,,,,,,,,,,,,,,,,,,,,,,,,,,
gordoaa01,Aaron Gordon,https://www.basketball-reference.com/players/g/gordoaa01.html,2021-22,2022,26.0,DEN,PF,PF,9.0,PF,75.0,75.0,2376.0,347.0,574.0,0.605,87.0,260.0,0.335,188.0,,44.0,314.0,0.573,434.0,834.0,0.52,171.0,230.0,0.743,125.0,148.0,1126.0,64.0,44.0,133.0,439.0,0.0,4.6,7.7,0.605,1.2,3.5,0.335,2.5,,0.6,4.2,0.573,5.8,11.1,0.52,2.3,3.1,0.743,75.0,75.0,31.7,1.7,2.0,15.0,91.0,0.6,1.8,5.9,5.3,8.7,0.605,1.3,3.9,0.335,2.8,,0.7,4.8,0.573,6.6,12.6,0.52,2.6,3.5,0.743,75.0,75.0,2376.0,1.9,2.2,17.1,32.0,0.7,2.0,6.7,7.2,11.9,0.605,1.8,5.4,0.335,3.9,,0.9,6.5,114.0,0.573,9.0,17.2,0.52,3.5,4.7,0.743,75.0,75.0,2376.0,2.6,115.0,3.1,23.2,32.0,0.9,2.7,9.1,0.312,11.6,,1.7,-0.6,-1.1,14.3,2.0,0.276,75.0,75.0,2376.0,0.5,6.1,3.2,15.3,32.0,0.9,12.5,10.3,0.602,19.7,0.9,5.2,0.105,,27,55,6,110,75,75,33,52,436,2376,9.0,5.9,11,86,0,3,0,32,48,39,4.0,0.0,,0.349,0.419,11.5,130.0,0.173,0.52,0.796,0.329,0.422,0.605,0.369,0.335,75.0,75.0,2376.0,0.628,0.851,0.381,0.084,0.054,0.688,0.169,0.312,32.0,68.1,67.4,,75.0,75.0,114.0,78.0,95.0,108.0,113.0,96.0,111.0,106.0,2376.0,32.0,0.605,0.312,0.335,0.573,0.52,0.743,0.276,0.602,,5.0,5.0,96.0,70.0,57.0,85.0,92.0,92.0,209.0,92.0,160.0,91.0,0.513,0.278,0.2,0.454,0.426,0.714,0.519,0.52,0.278,12.0,,3.9,-1.3,-2.2,14.4,0.0,0.519,5.0,5.0,160.0,0.9,13.5,0.3,15.7,91.0,0.6,10.8,13.9,0.52,20.2,0.0,0.2,0.063,,3.0,4.0,1.0,14.0,5.0,5.0,4.0,4.0,34.0,160.0,4.6,-8.3,2.0,98.0,0.0,0.0,0.0,91.0,5.0,0.0,6.2,12.1,0.513,0.9,4.6,0.2,4.0,,1.9,5.6,122.0,0.454,7.1,16.7,0.426,6.2,8.7,0.714,5.0,5.0,160.0,5.6,115.0,4.3,21.4,91.0,0.6,2.5,11.2,4.5,8.8,0.513,0.7,3.4,0.2,2.9,,1.4,4.1,0.454,5.2,12.2,0.426,4.5,6.3,0.714,5.0,5.0,160.0,4.1,3.2,15.5,91.0,0.5,1.8,8.1,4.0,7.8,0.513,0.6,3.0,0.2,2.6,,1.2,3.6,0.454,4.6,10.8,0.426,4.0,5.6,0.714,5.0,5.0,32.0,3.6,2.8,13.8,51.0,0.4,1.6,7.2,0.0,0.0,,0.429,0.467,11.2,6.0,0.13,0.426,0.846,0.286,0.0,0.513,0.412,0.2,5.0,5.0,160.0,0.65,1.0,0.241,0.13,0.037,0.722,0.315,0.278,91.0,20.0,39.0,0.513,3.0,15.0,0.2,13.0,,6.0,18.0,0.454,23.0,54.0,0.426,20.0,28.0,0.714,5.0,5.0,160.0,18.0,14.0,69.0,84.0,2.0,8.0,36.0,0.0
joneshe01,Herbert Jones,https://www.basketball-reference.com/players/j/joneshe01.html,2021-22,2022,23.0,NOP,PF,PF,10.0,PF,78.0,69.0,2335.0,217.0,407.0,0.533,57.0,169.0,0.337,167.0,ROY-6,60.0,198.0,0.525,274.0,576.0,0.476,137.0,163.0,0.84,98.0,238.0,742.0,137.0,130.0,100.0,296.0,0.0,2.8,5.2,0.533,0.7,2.2,0.337,2.1,ROY-6,0.8,2.5,0.525,3.5,7.4,0.476,1.8,2.1,0.84,78.0,69.0,29.9,1.3,3.1,9.5,196.0,1.7,1.3,3.8,3.3,6.3,0.533,0.9,2.6,0.337,2.6,ROY-6,0.9,3.1,0.525,4.2,8.9,0.476,2.1,2.5,0.84,78.0,69.0,2335.0,1.5,3.7,11.4,38.0,2.0,1.5,4.6,4.6,8.6,0.533,1.2,3.6,0.337,3.5,ROY-6,1.3,4.2,112.0,0.525,5.8,12.2,0.476,2.9,3.4,0.84,78.0,69.0,2335.0,2.1,114.0,5.0,15.7,38.0,2.7,2.1,6.3,0.293,10.0,ROY-6,2.5,-0.5,1.5,9.6,2.5,0.283,78.0,69.0,2335.0,-2.0,4.5,2.1,12.3,38.0,2.7,13.4,7.0,0.573,13.7,0.9,4.6,0.096,ROY-6,16,96,22,70,78,69,15,55,394,2335,6.3,1.5,2,75,0,23,0,38,39,23,1.0,0.0,ROY-6,0.341,0.521,10.6,52.0,0.104,0.476,0.682,0.444,0.39,0.533,0.288,0.337,78.0,69.0,2335.0,0.631,0.982,0.41,0.016,0.071,0.707,0.205,0.293,38.0,-7.5,8.8,ROY-6,78.0,69.0,100.0,73.0,95.0,99.0,103.0,109.0,114.0,101.0,2335.0,38.0,0.533,0.293,0.337,0.525,0.476,0.84,0.283,0.573,,6.0,6.0,94.0,68.0,118.0,100.0,104.0,100.0,201.0,105.0,226.0,60.0,0.5,0.273,0.417,0.534,0.477,0.773,0.5,0.596,0.273,6.8,,1.9,0.4,1.5,6.7,0.1,0.5,6.0,6.0,226.0,-1.1,3.9,0.3,11.6,60.0,2.5,13.0,5.2,0.596,11.7,0.1,0.4,0.077,,2.0,4.0,1.0,11.0,6.0,6.0,2.0,2.0,28.0,226.0,-5.6,-3.2,0.0,62.0,0.0,38.0,0.0,60.0,4.0,2.0,3.6,7.3,0.5,1.1,2.7,0.417,2.5,,1.1,2.7,118.0,0.534,4.8,10.0,0.477,3.9,5.0,0.773,6.0,6.0,226.0,1.8,122.0,5.0,14.6,60.0,2.5,1.8,4.5,2.5,5.1,0.5,0.8,1.9,0.417,1.8,,0.8,1.9,0.534,3.3,7.0,0.477,2.7,3.5,0.773,6.0,6.0,226.0,1.3,3.5,10.2,60.0,1.8,1.3,3.2,2.7,5.3,0.5,0.8,2.0,0.417,1.8,,0.8,2.0,0.534,3.5,7.3,0.477,2.8,3.7,0.773,6.0,6.0,37.7,1.3,3.7,10.7,67.0,1.8,1.3,3.3,0.0,0.0,,0.333,0.5,10.2,2.0,0.045,0.477,0.867,,0.0,0.5,0.2,0.417,6.0,6.0,226.0,0.625,1.0,0.341,0.0,0.045,0.727,0.341,0.273,60.0,16.0,32.0,0.5,5.0,12.0,0.417,11.0,,5.0,12.0,0.534,21.0,44.0,0.477,17.0,22.0,0.773,6.0,6.0,226.0,8.0,22.0,64.0,89.0,11.0,8.0,20.0,0.0
mobleev01,Evan Mobley,https://www.basketball-reference.com/players/m/mobleev01.html,2021-22,2022,20.0,CLE,PF,PF,11.0,PF,69.0,69.0,2331.0,399.0,738.0,0.541,23.0,92.0,0.25,174.0,ROY-2,115.0,427.0,0.522,422.0,830.0,0.508,167.0,252.0,0.663,143.0,147.0,1034.0,72.0,56.0,133.0,570.0,0.0,5.8,10.7,0.541,0.3,1.3,0.25,2.5,ROY-2,1.7,6.2,0.522,6.1,12.0,0.508,2.4,3.7,0.663,69.0,69.0,33.8,2.1,2.1,15.0,92.0,0.8,1.9,8.3,6.2,11.4,0.541,0.4,1.4,0.25,2.7,ROY-2,1.8,6.6,0.522,6.5,12.8,0.508,2.6,3.9,0.663,69.0,69.0,2331.0,2.2,2.3,16.0,39.0,0.9,2.1,8.8,8.5,15.8,0.541,0.5,2.0,0.25,3.7,ROY-2,2.5,9.1,107.0,0.522,9.0,17.8,0.508,3.6,5.4,0.663,69.0,69.0,2331.0,3.1,109.0,3.1,22.2,39.0,1.2,2.8,12.2,0.111,11.6,ROY-2,4.4,0.6,1.5,19.8,3.7,0.304,69.0,69.0,2331.0,-0.9,6.9,1.5,16.1,39.0,1.2,12.4,13.5,0.549,20.4,1.5,5.2,0.107,ROY-2,9,100,2,121,69,69,30,50,418,2331,0.0,2.1,23,76,0,1,0,39,39,64,1.0,0.0,ROY-2,0.333,0.228,8.4,148.0,0.194,0.508,0.764,0.449,0.328,0.541,0.383,0.25,69.0,69.0,2331.0,0.647,0.957,0.357,0.142,0.073,0.889,0.305,0.111,39.0,-15.6,-31.1,ROY-2,69.0,69.0,102.0,28.0,71.0,98.0,110.0,86.0,122.0,97.0,2331.0,39.0,0.541,0.111,0.25,0.522,0.508,0.663,0.304,0.549,,,,,,,,,,,,,,,,,,,,,,,,,,,,,,,,,,,,,,,,,,,,,,,,,,,,,,,,,,,,,,,,,,,,,,,,,,,,,,,,,,,,,,,,,,,,,,,,,,,,,,,,,,,,,,,,,,,,,,,,,,,,,,,,,,,,,,,,,,,,,,,,,,,,,,,,,,,,,,,,,,,,,,,,,,,,,,,,,,,,,,,,,,,,,,,,,,,,,,,,,,,,,
antetgi01,Giannis Antetokounmpo,https://www.basketball-reference.com/players/a/antetgi01.html,2021-22,2022,27.0,MIL,PF,PF,12.0,PF,67.0,67.0,2204.0,618.0,1003.0,0.616,71.0,242.0,0.293,388.0,"MVP-3,DPOY-6,AS,NBA1,DEF1",91.0,644.0,0.582,689.0,1245.0,0.553,553.0,766.0,0.722,134.0,212.0,2002.0,6.0,72.0,219.0,778.0,4.0,9.2,15.0,0.616,1.1,3.6,0.293,5.8,"MVP-3,DPOY-6,AS,NBA1,DEF1",1.4,9.6,0.582,10.3,18.6,0.553,8.3,11.4,0.722,67.0,67.0,32.9,2.0,3.2,29.9,3.0,1.1,3.3,11.6,10.1,16.4,0.616,1.2,4.0,0.293,6.3,"MVP-3,DPOY-6,AS,NBA1,DEF1",1.5,10.5,0.582,11.3,20.3,0.553,9.0,12.5,0.722,67.0,67.0,2204.0,2.2,3.5,32.7,57.0,1.2,3.6,12.7,13.5,21.9,0.616,1.5,5.3,0.293,8.5,"MVP-3,DPOY-6,AS,NBA1,DEF1",2.0,14.0,106.0,0.582,15.0,27.1,0.553,12.1,16.7,0.722,67.0,67.0,2204.0,2.9,124.0,4.6,43.6,57.0,1.6,4.8,17.0,0.194,31.7,"MVP-3,DPOY-6,AS,NBA1,DEF1",4.0,11.2,3.5,30.4,3.7,0.615,67.0,67.0,2204.0,7.6,6.6,9.2,32.1,57.0,1.6,12.2,18.7,0.633,34.9,7.4,12.9,0.281,"MVP-3,DPOY-6,AS,NBA1,DEF1",48,87,3,362,67,67,85,63,1020,2204,11.0,8.0,34,65,0,1,0,57,71,66,2.0,0.0,"MVP-3,DPOY-6,AS,NBA1,DEF1",0.167,0.025,9.8,174.0,0.147,0.553,0.805,0.419,0.43,0.616,0.419,0.293,67.0,67.0,2204.0,0.426,0.423,0.399,0.119,0.08,0.806,0.194,0.194,57.0,125.1,211.1,"MVP-3,DPOY-6,AS,NBA1,DEF1",67.0,67.0,116.0,49.0,83.0,109.0,120.0,93.0,248.0,112.0,2204.0,57.0,0.616,0.194,0.293,0.582,0.553,0.722,0.615,0.633,,12.0,12.0,101.0,36.0,62.0,95.0,107.0,88.0,189.0,98.0,448.0,29.0,0.537,0.144,0.22,0.507,0.491,0.679,0.47,0.552,0.144,36.9,,3.4,10.4,4.0,31.8,1.1,0.47,12.0,12.0,448.0,6.5,6.2,0.6,26.8,29.0,0.9,13.6,19.4,0.552,38.5,1.4,1.7,0.178,,21.0,9.0,2.0,71.0,12.0,12.0,18.0,24.0,204.0,448.0,28.8,7.7,16.0,68.0,0.0,16.0,0.0,29.0,14.0,13.0,14.3,26.6,0.537,1.0,4.5,0.22,8.8,,1.6,15.7,99.0,0.507,15.2,31.0,0.491,9.9,14.6,0.679,12.0,12.0,448.0,2.8,108.0,4.7,41.4,29.0,0.9,5.9,18.5,10.5,19.6,0.537,0.7,3.3,0.22,6.5,,1.2,11.6,0.507,11.3,22.9,0.491,7.3,10.8,0.679,12.0,12.0,448.0,2.1,3.5,30.5,29.0,0.6,4.3,13.7,10.9,20.3,0.537,0.8,3.4,0.22,6.8,,1.3,12.0,0.507,11.7,23.8,0.491,7.6,11.2,0.679,12.0,12.0,37.3,2.2,3.6,31.7,1.0,0.7,4.5,14.2,1.0,0.0,,0.0,0.049,9.6,39.0,0.14,0.491,0.83,0.313,0.406,0.537,0.313,0.22,12.0,12.0,448.0,0.328,0.333,0.351,0.112,0.112,0.856,0.281,0.144,29.0,131.0,244.0,0.537,9.0,41.0,0.22,81.0,,15.0,144.0,0.507,140.0,285.0,0.491,91.0,134.0,0.679,12.0,12.0,448.0,26.0,43.0,380.0,8.0,8.0,54.0,170.0,1.0
kuzmaky01,Kyle Kuzma,https://www.basketball-reference.com/players/k/kuzmaky01.html,2021-22,2022,26.0,WAS,PF,PF,12.0,PF,66.0,66.0,2204.0,295.0,561.0,0.526,128.0,375.0,0.341,233.0,,57.0,491.0,0.52,423.0,936.0,0.452,156.0,219.0,0.712,70.0,128.0,1130.0,63.0,42.0,169.0,561.0,1.0,4.5,8.5,0.526,1.9,5.7,0.341,3.5,,0.9,7.4,0.52,6.4,14.2,0.452,2.4,3.3,0.712,66.0,66.0,33.4,1.1,1.9,17.1,67.0,0.6,2.6,8.5,4.8,9.2,0.526,2.1,6.1,0.341,3.8,,0.9,8.0,0.52,6.9,15.3,0.452,2.5,3.6,0.712,66.0,66.0,2204.0,1.1,2.1,18.5,58.0,0.7,2.8,9.2,6.6,12.6,0.526,2.9,8.4,0.341,5.2,,1.3,11.0,113.0,0.52,9.5,21.0,0.452,3.5,4.9,0.712,66.0,66.0,2204.0,1.6,103.0,2.9,25.4,58.0,0.9,3.8,12.6,0.401,16.3,,2.2,-0.2,-0.4,24.3,2.0,0.234,66.0,66.0,2204.0,0.2,3.6,0.0,15.2,58.0,0.9,14.1,14.1,0.547,24.2,1.0,2.0,0.044,,19,71,6,98,66,66,25,34,554,2204,-5.3,-5.6,12,85,0,3,0,58,73,48,1.0,0.0,,0.329,0.227,14.7,19.0,0.024,0.452,0.744,0.39,0.311,0.526,0.496,0.341,66.0,66.0,2204.0,0.485,0.875,0.167,0.107,0.065,0.599,0.254,0.401,58.0,-21.3,-38.6,,66.0,66.0,99.0,100.0,97.0,98.0,98.0,92.0,94.0,97.0,2204.0,58.0,0.526,0.401,0.341,0.52,0.452,0.712,0.234,0.547,,,,,,,,,,,,,,,,,,,,,,,,,,,,,,,,,,,,,,,,,,,,,,,,,,,,,,,,,,,,,,,,,,,,,,,,,,,,,,,,,,,,,,,,,,,,,,,,,,,,,,,,,,,,,,,,,,,,,,,,,,,,,,,,,,,,,,,,,,,,,,,,,,,,,,,,,,,,,,,,,,,,,,,,,,,,,,,,,,,,,,,,,,,,,,,,,,,,,,,,,,,,,
bogdabo02,Bojan Bogdanović,https://www.basketball-reference.com/players/b/bogdabo02.html,2021-22,2022,32.0,UTA,PF,PF,14.0,PF,69.0,69.0,2131.0,241.0,460.0,0.524,181.0,468.0,0.387,120.0,,1.0,238.0,0.552,422.0,928.0,0.455,223.0,260.0,0.858,58.0,116.0,1248.0,50.0,34.0,118.0,296.0,0.0,3.5,6.7,0.524,2.6,6.8,0.387,1.7,,0.0,3.4,0.552,6.1,13.4,0.455,3.2,3.8,0.858,69.0,69.0,30.9,0.8,1.7,18.1,53.0,0.5,1.7,4.3,4.1,7.8,0.524,3.1,7.9,0.387,2.0,,0.0,4.0,0.552,7.1,15.7,0.455,3.8,4.4,0.858,69.0,69.0,2131.0,1.0,2.0,21.1,72.0,0.6,2.0,5.0,5.6,10.7,0.524,4.2,10.9,0.387,2.8,,0.0,5.5,115.0,0.552,9.8,21.5,0.455,5.2,6.0,0.858,69.0,69.0,2131.0,1.3,116.0,2.7,28.9,72.0,0.8,2.7,6.9,0.504,8.7,,0.0,0.0,-1.6,11.8,1.6,0.28,69.0,69.0,2131.0,1.6,3.1,3.6,15.7,72.0,0.8,10.2,7.6,0.599,23.7,1.1,5.2,0.118,,11,39,5,94,69,69,20,61,306,2131,-2.8,4.8,1,94,0,5,0,72,45,48,0.0,0.0,,0.42,0.376,15.6,11.0,0.016,0.455,0.684,0.41,0.286,0.524,0.483,0.387,69.0,69.0,2131.0,0.568,0.917,0.147,0.084,0.015,0.496,0.25,0.504,72.0,38.2,68.0,,69.0,69.0,98.0,126.0,109.0,104.0,99.0,111.0,113.0,106.0,2131.0,72.0,0.524,0.504,0.387,0.552,0.455,0.858,0.28,0.599,,6.0,6.0,110.0,102.0,94.0,103.0,104.0,102.0,119.0,104.0,214.0,64.0,0.583,0.407,0.333,0.549,0.481,0.792,0.296,0.59,0.407,8.5,,0.0,-0.5,-0.7,11.9,0.0,0.296,6.0,6.0,214.0,0.2,1.6,0.2,13.1,64.0,0.5,11.6,6.8,0.59,22.7,0.1,0.3,0.057,,4.0,9.0,0.0,9.0,6.0,6.0,0.0,4.0,22.0,214.0,-18.6,-10.5,1.0,98.0,0.0,2.0,0.0,64.0,2.0,6.0,6.9,11.8,0.583,2.7,8.1,0.333,2.5,,0.0,5.4,118.0,0.549,9.6,20.0,0.481,4.7,5.9,0.792,6.0,6.0,214.0,0.7,110.0,5.9,26.6,64.0,0.5,3.0,6.2,4.7,8.1,0.583,1.9,5.6,0.333,1.7,,0.0,3.7,0.549,6.6,13.6,0.481,3.2,4.0,0.792,6.0,6.0,214.0,0.5,4.0,18.2,64.0,0.3,2.0,4.2,4.7,8.0,0.583,1.8,5.5,0.333,1.7,,0.0,3.7,0.549,6.5,13.5,0.481,3.2,4.0,0.792,6.0,6.0,35.7,0.5,4.0,18.0,29.0,0.3,2.0,4.2,0.0,0.0,,0.25,0.364,14.3,0.0,0.0,0.481,0.889,0.643,1.0,0.583,0.417,0.333,6.0,6.0,214.0,0.643,1.0,0.111,0.173,0.012,0.593,0.296,0.407,64.0,28.0,48.0,0.583,11.0,33.0,0.333,10.0,,0.0,22.0,0.549,39.0,81.0,0.481,19.0,24.0,0.792,6.0,6.0,214.0,3.0,24.0,108.0,56.0,2.0,12.0,25.0,0.0
jacksja02,Jaren Jackson Jr.,https://www.basketball-reference.com/players/j/jacksja02.html,2021-22,2022,22.0,MEM,PF,PF,15.0,PF,78.0,78.0,2126.0,302.0,635.0,0.476,128.0,401.0,0.319,86.0,"DPOY-5,DEF1",177.0,335.0,0.477,430.0,1036.0,0.415,284.0,345.0,0.823,119.0,272.0,1272.0,43.0,73.0,130.0,454.0,0.0,3.9,8.1,0.476,1.6,5.1,0.319,1.1,"DPOY-5,DEF1",2.3,4.3,0.477,5.5,13.3,0.415,3.6,4.4,0.823,78.0,78.0,27.3,1.5,3.5,16.3,74.0,0.9,1.7,5.8,5.1,10.8,0.476,2.2,6.8,0.319,1.5,"DPOY-5,DEF1",3.0,5.7,0.477,7.3,17.5,0.415,4.8,5.8,0.823,78.0,78.0,2126.0,2.0,4.6,21.5,73.0,1.2,2.2,7.7,6.8,14.3,0.476,2.9,9.0,0.319,1.9,"DPOY-5,DEF1",4.0,7.5,106.0,0.477,9.7,23.3,0.415,6.4,7.8,0.823,78.0,78.0,2126.0,2.7,109.0,6.1,28.6,73.0,1.6,2.9,10.2,0.387,5.8,"DPOY-5,DEF1",7.4,-0.1,0.8,16.9,3.7,0.333,78.0,78.0,2126.0,-0.9,5.7,1.7,17.0,73.0,1.6,9.9,11.2,0.535,25.4,1.0,5.4,0.121,"DPOY-5,DEF1",51,133,10,162,78,78,35,98,206,2126,4.1,7.7,42,55,0,3,0,73,34,31,1.0,0.0,"DPOY-5,DEF1",0.265,0.17,12.8,46.0,0.051,0.415,0.613,0.411,0.4,0.476,0.399,0.319,78.0,78.0,2126.0,0.556,0.977,0.217,0.054,0.005,0.613,0.331,0.387,73.0,-113.7,-72.6,"DPOY-5,DEF1",78.0,78.0,89.0,97.0,90.0,90.0,90.0,106.0,134.0,95.0,2126.0,73.0,0.476,0.387,0.319,0.477,0.415,0.823,0.333,0.535,,12.0,12.0,72.0,116.0,106.0,87.0,82.0,97.0,137.0,91.0,332.0,43.0,0.381,0.462,0.375,0.465,0.378,0.755,0.34,0.516,0.462,5.1,,8.9,0.7,1.2,18.5,0.6,0.34,12.0,12.0,332.0,-0.4,7.8,0.2,15.9,43.0,1.3,8.7,12.9,0.516,24.2,0.2,0.8,0.111,,7.0,28.0,3.0,22.0,12.0,12.0,5.0,13.0,30.0,332.0,8.3,5.7,77.0,23.0,0.0,0.0,0.0,43.0,4.0,6.0,4.5,11.9,0.381,3.8,10.2,0.375,1.6,,4.2,7.8,104.0,0.465,8.4,22.1,0.378,5.7,7.5,0.755,12.0,12.0,332.0,3.7,106.0,7.5,26.2,43.0,1.3,2.4,11.5,3.5,9.1,0.381,2.9,7.8,0.375,1.2,,3.3,6.0,0.465,6.4,16.9,0.378,4.3,5.7,0.755,12.0,12.0,332.0,2.8,5.7,20.1,43.0,1.0,1.8,8.8,2.7,7.0,0.381,2.3,6.0,0.375,0.9,,2.5,4.6,0.465,4.9,13.0,0.378,3.3,4.4,0.755,12.0,12.0,27.7,2.2,4.4,15.4,37.0,0.8,1.4,6.8,1.0,0.0,,0.267,0.208,14.9,9.0,0.071,0.378,0.577,0.5,0.0,0.381,0.275,0.375,12.0,12.0,332.0,0.688,0.963,0.167,0.038,0.006,0.538,0.327,0.462,43.0,32.0,84.0,0.381,27.0,72.0,0.375,11.0,,30.0,55.0,0.465,59.0,156.0,0.378,40.0,53.0,0.755,12.0,12.0,332.0,26.0,53.0,185.0,31.0,9.0,17.0,81.0,0.0
tateja01,Jae'Sean Tate,https://www.basketball-reference.com/players/t/tateja01.html,2021-22,2022,26.0,HOU,PF,PF,16.0,PF,78.0,77.0,2056.0,300.0,527.0,0.569,63.0,202.0,0.312,222.0,,41.0,285.0,0.541,363.0,729.0,0.498,130.0,184.0,0.707,135.0,286.0,919.0,95.0,72.0,139.0,420.0,0.0,3.8,6.8,0.569,0.8,2.6,0.312,2.8,,0.5,3.7,0.541,4.7,9.3,0.498,1.7,2.4,0.707,78.0,77.0,26.4,1.7,3.7,11.8,138.0,0.9,1.8,5.4,5.3,9.2,0.569,1.1,3.5,0.312,3.9,,0.7,5.0,0.541,6.4,12.8,0.498,2.3,3.2,0.707,78.0,77.0,2056.0,2.4,5.0,16.1,85.0,1.3,2.4,7.4,6.9,12.2,0.569,1.5,4.7,0.312,5.1,,0.9,6.6,116.0,0.541,8.4,16.9,0.498,3.0,4.3,0.707,78.0,77.0,2056.0,3.1,111.0,6.6,21.3,85.0,1.7,3.2,9.7,0.277,16.9,,1.8,-1.8,-0.5,15.3,1.1,0.252,78.0,77.0,2056.0,-1.3,7.2,1.9,14.3,85.0,1.7,14.6,11.2,0.567,19.6,0.1,3.0,0.071,,25,124,29,86,78,77,26,56,564,2056,-1.4,-9.7,5,77,0,19,0,85,60,41,0.0,0.0,,0.316,0.391,9.2,43.0,0.064,0.498,0.705,0.286,0.333,0.569,0.391,0.312,78.0,77.0,2056.0,0.49,0.937,0.414,0.01,0.004,0.723,0.295,0.277,85.0,13.8,2.1,,78.0,77.0,107.0,69.0,88.0,102.0,108.0,91.0,102.0,100.0,2056.0,85.0,0.569,0.277,0.312,0.541,0.498,0.707,0.252,0.567,,,,,,,,,,,,,,,,,,,,,,,,,,,,,,,,,,,,,,,,,,,,,,,,,,,,,,,,,,,,,,,,,,,,,,,,,,,,,,,,,,,,,,,,,,,,,,,,,,,,,,,,,,,,,,,,,,,,,,,,,,,,,,,,,,,,,,,,,,,,,,,,,,,,,,,,,,,,,,,,,,,,,,,,,,,,,,,,,,,,,,,,,,,,,,,,,,,,,,,,,,,,,
duranke01,Kevin Durant,https://www.basketball-reference.com/players/d/duranke01.html,2021-22,2022,33.0,BRK,PF,PF,17.0,PF,55.0,55.0,2047.0,463.0,815.0,0.568,115.0,300.0,0.383,351.0,"MVP-10,AS,NBA2",52.0,378.0,0.57,578.0,1115.0,0.518,372.0,409.0,0.91,29.0,113.0,1643.0,12.0,48.0,191.0,407.0,4.0,8.4,14.8,0.568,2.1,5.5,0.383,6.4,"MVP-10,AS,NBA2",0.9,6.9,0.57,10.5,20.3,0.518,6.8,7.4,0.91,55.0,55.0,37.2,0.5,2.1,29.9,4.0,0.9,3.5,7.4,8.1,14.3,0.568,2.0,5.3,0.383,6.2,"MVP-10,AS,NBA2",0.9,6.6,0.57,10.2,19.6,0.518,6.5,7.2,0.91,55.0,55.0,2047.0,0.5,2.0,28.9,86.0,0.8,3.4,7.2,11.0,19.3,0.568,2.7,7.1,0.383,8.3,"MVP-10,AS,NBA2",1.2,9.0,112.0,0.57,13.7,26.4,0.518,8.8,9.7,0.91,55.0,55.0,2047.0,0.7,121.0,2.7,38.9,86.0,1.1,4.5,9.6,0.269,29.1,"MVP-10,AS,NBA2",2.3,7.2,0.7,19.6,2.0,0.367,55.0,55.0,2047.0,6.4,1.6,6.4,25.6,86.0,1.1,12.9,10.8,0.634,31.2,4.8,8.4,0.198,"MVP-10,AS,NBA2",16,60,5,137,55,55,28,38,815,2047,11.9,7.0,4,89,0,7,0,86,99,62,0.0,0.0,"MVP-10,AS,NBA2",0.55,0.067,14.9,33.0,0.032,0.518,0.744,0.53,0.579,0.568,0.516,0.383,55.0,55.0,2047.0,0.492,0.548,0.105,0.313,0.16,0.731,0.141,0.269,86.0,85.3,177.1,"MVP-10,AS,NBA2",55.0,55.0,107.0,67.0,108.0,107.0,112.0,117.0,148.0,112.0,2047.0,86.0,0.568,0.269,0.383,0.57,0.518,0.91,0.367,0.634,,4.0,4.0,76.0,63.0,94.0,80.0,84.0,116.0,184.0,93.0,176.0,79.0,0.403,0.253,0.333,0.428,0.386,0.895,0.458,0.526,0.253,22.3,,0.5,-2.9,-3.3,15.7,-0.1,0.458,4.0,4.0,176.0,0.4,1.5,0.0,13.6,79.0,1.2,17.4,8.5,0.526,31.5,0.0,-0.1,-0.026,,3.0,3.0,0.0,10.0,4.0,4.0,1.0,7.0,60.0,176.0,-52.9,-8.2,5.0,95.0,0.0,0.0,0.0,79.0,9.0,9.0,7.3,18.0,0.403,2.0,6.1,0.333,7.3,,0.3,6.1,124.0,0.428,9.3,24.1,0.386,9.9,11.1,0.895,4.0,4.0,176.0,0.6,102.0,4.4,30.5,79.0,1.2,6.1,6.7,5.1,12.7,0.403,1.4,4.3,0.333,5.1,,0.2,4.3,0.428,6.5,17.0,0.386,7.0,7.8,0.895,4.0,4.0,176.0,0.4,3.1,21.5,79.0,0.8,4.3,4.7,6.3,15.5,0.403,1.8,5.3,0.333,6.3,,0.3,5.3,0.428,8.0,20.8,0.386,8.5,9.5,0.895,4.0,4.0,44.0,0.5,3.8,26.3,8.0,1.0,5.3,5.8,0.0,0.0,,0.5,0.095,17.1,2.0,0.024,0.386,0.286,0.6,0.233,0.403,0.8,0.333,4.0,4.0,176.0,0.4,0.429,0.084,0.241,0.361,0.747,0.06,0.253,79.0,25.0,62.0,0.403,7.0,21.0,0.333,25.0,,1.0,21.0,0.428,32.0,83.0,0.386,34.0,38.0,0.895,4.0,4.0,176.0,2.0,15.0,105.0,59.0,4.0,21.0,23.0,0.0
tuckepj01,P.J. Tucker,https://www.basketball-reference.com/players/t/tuckepj01.html,2021-22,2022,36.0,MIA,PF,PF,18.0,PF,71.0,70.0,1981.0,127.0,235.0,0.54,80.0,193.0,0.415,149.0,,15.0,287.0,0.577,207.0,428.0,0.484,45.0,61.0,0.738,100.0,161.0,539.0,210.0,58.0,66.0,387.0,0.0,1.8,3.3,0.54,1.1,2.7,0.415,2.1,,0.2,4.0,0.577,2.9,6.0,0.484,0.6,0.9,0.738,71.0,70.0,27.9,1.4,2.3,7.6,272.0,0.8,0.9,5.5,2.3,4.3,0.54,1.5,3.5,0.415,2.7,,0.3,5.2,0.577,3.8,7.8,0.484,0.8,1.1,0.738,71.0,70.0,1981.0,1.8,2.9,9.8,94.0,1.1,1.2,7.0,3.2,5.9,0.54,2.0,4.9,0.415,3.8,,0.4,7.2,110.0,0.577,5.2,10.8,0.484,1.1,1.5,0.738,71.0,70.0,1981.0,2.5,120.0,4.1,13.6,94.0,1.5,1.7,9.8,0.451,10.6,,0.8,0.6,1.4,16.2,2.6,0.143,71.0,70.0,1981.0,-0.8,5.8,2.4,11.3,94.0,1.5,12.7,11.1,0.593,11.7,1.3,5.0,0.121,,16,69,19,14,71,70,2,17,383,1981,2.1,5.6,4,96,0,0,0,94,30,11,0.0,0.0,,0.41,0.86,13.4,3.0,0.007,0.484,0.6,0.455,0.286,0.54,0.543,0.415,71.0,70.0,1981.0,0.811,0.95,0.199,0.077,0.016,0.549,0.245,0.451,94.0,38.9,24.1,,71.0,70.0,101.0,113.0,117.0,109.0,105.0,95.0,57.0,105.0,1981.0,94.0,0.54,0.451,0.415,0.577,0.484,0.738,0.143,0.593,,18.0,18.0,100.0,117.0,128.0,113.0,107.0,89.0,59.0,108.0,509.0,19.0,0.534,0.468,0.451,0.601,0.495,0.688,0.147,0.612,0.468,9.2,,1.1,2.2,1.8,16.1,0.7,0.147,18.0,18.0,509.0,0.4,7.8,0.9,12.9,19.0,1.4,10.1,11.8,0.612,11.3,0.5,1.6,0.149,,5.0,20.0,5.0,1.0,18.0,18.0,0.0,4.0,82.0,509.0,2.9,5.3,14.0,86.0,0.0,0.0,0.0,19.0,5.0,2.0,3.1,5.8,0.534,2.3,5.1,0.451,3.2,,0.5,6.7,108.0,0.601,5.4,10.9,0.495,1.1,1.6,0.688,18.0,18.0,509.0,3.5,127.0,5.0,14.2,19.0,1.4,1.3,10.2,2.2,4.1,0.534,1.6,3.6,0.451,2.3,,0.4,4.7,0.601,3.8,7.7,0.495,0.8,1.1,0.688,18.0,18.0,509.0,2.5,3.5,10.0,19.0,1.0,0.9,7.2,1.7,3.2,0.534,1.3,2.8,0.451,1.8,,0.3,3.7,0.601,3.0,6.1,0.495,0.6,0.9,0.688,18.0,18.0,28.3,1.9,2.8,7.9,97.0,0.8,0.7,5.7,0.0,0.0,,0.458,0.941,14.1,0.0,0.0,0.495,0.652,0.5,,0.534,0.421,0.451,18.0,18.0,509.0,0.645,0.957,0.211,0.147,0.0,0.532,0.174,0.468,19.0,31.0,58.0,0.534,23.0,51.0,0.451,32.0,,5.0,67.0,0.601,54.0,109.0,0.495,11.0,16.0,0.688,18.0,18.0,509.0,35.0,50.0,142.0,43.0,14.0,13.0,102.0,0.0
covinro01,Robert Covington,https://www.basketball-reference.com/players/c/covinro01.html,2021-22,2022,31.0,2TM,PF,PF,19.0,PF,71.0,42.0,1940.0,81.0,159.0,0.509,128.0,339.0,0.378,92.0,,91.0,332.0,0.548,209.0,498.0,0.42,58.0,69.0,0.841,59.0,190.0,604.0,186.0,103.0,75.0,391.0,0.0,1.1,2.2,0.509,1.8,4.8,0.378,1.3,,1.3,4.7,0.548,2.9,7.0,0.42,0.8,1.0,0.841,71.0,42.0,27.3,0.8,2.7,8.5,231.0,1.5,1.1,5.5,1.5,3.0,0.509,2.4,6.3,0.378,1.7,,1.7,6.2,0.548,3.9,9.2,0.42,1.1,1.3,0.841,71.0,42.0,1940.0,1.1,3.5,11.2,100.0,1.9,1.4,7.3,2.0,4.0,0.509,3.2,8.5,0.378,2.3,,2.3,8.4,110.0,0.548,5.3,12.6,0.42,1.5,1.7,0.841,71.0,42.0,1940.0,1.5,108.0,4.8,15.2,100.0,2.6,1.9,9.9,0.681,6.8,,4.4,0.2,1.7,18.9,2.4,0.139,71.0,42.0,1940.0,-1.6,3.3,0.8,12.4,100.0,2.6,12.4,11.0,0.572,13.5,1.1,3.2,0.08,,14,99,9,23,71,42,2,28,229,1940,10.7,1.0,7,84,0,9,1,100,43,13,0.0,0.0,,0.569,0.192,18.6,12.0,0.03,0.42,0.659,0.273,0.444,0.509,0.333,0.378,71.0,42.0,1940.0,0.654,0.922,0.171,0.022,0.018,0.319,0.108,0.681,100.0,16.4,5.9,,71.0,42.0,96.0,170.0,107.0,103.0,91.0,109.0,56.0,101.0,1940.0,100.0,0.509,0.681,0.378,0.548,0.42,0.841,0.139,0.572,,,,,,,,,,,,,,,,,,,,,,,,,,,,,,,,,,,,,,,,,,,,,,,,,,,,,,,,,,,,,,,,,,,,,,,,,,,,,,,,,,,,,,,,,,,,,,,,,,,,,,,,,,,,,,,,,,,,,,,,,,,,,,,,,,,,,,,,,,,,,,,,,,,,,,,,,,,,,,,,,,,,,,,,,,,,,,,,,,,,,,,,,,,,,,,,,,,,,,,,,,,,,
bazleda01,Darius Bazley,https://www.basketball-reference.com/players/b/bazleda01.html,2021-22,2022,21.0,OKC,PF,PF,20.0,PF,69.0,53.0,1924.0,194.0,380.0,0.511,80.0,269.0,0.297,97.0,,70.0,365.0,0.484,274.0,649.0,0.422,117.0,170.0,0.688,71.0,68.0,745.0,136.0,58.0,90.0,436.0,0.0,2.8,5.5,0.511,1.2,3.9,0.297,1.4,,1.0,5.3,0.484,4.0,9.4,0.422,1.7,2.5,0.688,69.0,53.0,27.9,1.0,1.0,10.8,157.0,0.8,1.3,6.3,3.6,7.1,0.511,1.5,5.0,0.297,1.8,,1.3,6.8,0.484,5.1,12.1,0.422,2.2,3.2,0.688,69.0,53.0,1924.0,1.3,1.3,13.9,103.0,1.1,1.7,8.2,4.9,9.6,0.511,2.0,6.8,0.297,2.5,,1.8,9.2,111.0,0.484,6.9,16.4,0.422,3.0,4.3,0.688,69.0,53.0,1924.0,1.8,101.0,1.7,18.9,103.0,1.5,2.3,11.0,0.414,7.7,,3.4,-1.8,0.3,19.8,2.2,0.262,69.0,53.0,1924.0,-2.1,3.7,-0.5,12.6,103.0,1.5,11.1,11.6,0.515,18.3,0.1,1.8,0.044,,6,39,6,94,69,53,20,75,246,1924,-6.4,-11.5,7,77,0,16,0,103,41,35,1.0,0.0,,0.317,0.234,12.4,75.0,0.14,0.422,0.611,0.571,0.182,0.511,0.405,0.297,69.0,53.0,1924.0,0.634,0.913,0.297,0.011,0.017,0.586,0.251,0.414,103.0,-62.1,-74.3,,69.0,53.0,96.0,104.0,84.0,91.0,92.0,89.0,106.0,91.0,1924.0,103.0,0.511,0.414,0.297,0.484,0.422,0.688,0.262,0.515,,,,,,,,,,,,,,,,,,,,,,,,,,,,,,,,,,,,,,,,,,,,,,,,,,,,,,,,,,,,,,,,,,,,,,,,,,,,,,,,,,,,,,,,,,,,,,,,,,,,,,,,,,,,,,,,,,,,,,,,,,,,,,,,,,,,,,,,,,,,,,,,,,,,,,,,,,,,,,,,,,,,,,,,,,,,,,,,,,,,,,,,,,,,,,,,,,,,,,,,,,,,,
crowdja01,Jae Crowder,https://www.basketball-reference.com/players/c/crowdja01.html,2021-22,2022,31.0,PHO,PF,PF,21.0,PF,67.0,67.0,1886.0,90.0,179.0,0.503,127.0,365.0,0.348,124.0,,30.0,324.0,0.516,217.0,544.0,0.399,71.0,90.0,0.789,30.0,173.0,632.0,175.0,95.0,55.0,354.0,0.0,1.3,2.7,0.503,1.9,5.4,0.348,1.9,,0.4,4.8,0.516,3.2,8.1,0.399,1.1,1.3,0.789,67.0,67.0,28.1,0.4,2.6,9.4,198.0,1.4,0.8,5.3,1.7,3.4,0.503,2.4,7.0,0.348,2.4,,0.6,6.2,0.516,4.1,10.4,0.399,1.4,1.7,0.789,67.0,67.0,1886.0,0.6,3.3,12.1,108.0,1.8,1.0,6.8,2.3,4.6,0.503,3.2,9.3,0.348,3.2,,0.8,8.3,105.0,0.516,5.5,13.9,0.399,1.8,2.3,0.789,67.0,67.0,1886.0,0.8,109.0,4.4,16.1,108.0,2.4,1.4,9.0,0.671,8.3,,1.4,1.1,2.4,18.0,3.4,0.165,67.0,67.0,1886.0,-1.3,1.8,0.9,11.3,108.0,2.4,8.6,10.1,0.541,14.6,1.5,4.3,0.11,,10,89,8,36,67,67,10,6,294,1886,5.4,10.6,0,84,0,15,0,108,34,8,1.0,0.0,,0.413,0.205,20.4,2.0,0.004,0.399,0.655,0.488,0.491,0.503,0.449,0.348,67.0,67.0,1886.0,0.8,0.913,0.053,0.079,0.097,0.329,0.09,0.671,108.0,-17.5,-28.6,,67.0,67.0,94.0,168.0,98.0,97.0,87.0,102.0,67.0,96.0,1886.0,108.0,0.503,0.671,0.348,0.516,0.399,0.789,0.165,0.541,,13.0,13.0,103.0,150.0,85.0,92.0,87.0,94.0,100.0,93.0,383.0,35.0,0.548,0.6,0.302,0.49,0.4,0.731,0.248,0.524,0.6,10.8,,1.8,-0.9,1.4,16.0,0.2,0.248,13.0,13.0,383.0,-2.2,2.6,0.0,9.8,35.0,1.8,14.0,9.5,0.524,16.3,0.1,0.2,0.029,,2.0,21.0,11.0,10.0,13.0,13.0,3.0,4.0,69.0,383.0,-1.8,-1.9,0.0,73.0,0.0,27.0,0.0,35.0,15.0,1.0,3.1,5.7,0.548,2.6,8.5,0.302,4.2,,0.9,7.1,116.0,0.49,5.7,14.1,0.4,2.6,3.5,0.731,13.0,13.0,383.0,1.1,103.0,6.3,16.4,35.0,1.8,2.6,8.2,2.2,3.9,0.548,1.8,5.9,0.302,2.9,,0.7,5.0,0.49,3.9,9.9,0.4,1.8,2.4,0.731,13.0,13.0,383.0,0.8,4.4,11.5,35.0,1.2,1.8,5.7,1.8,3.2,0.548,1.5,4.8,0.302,2.4,,0.5,4.1,0.49,3.2,8.1,0.4,1.5,2.0,0.731,13.0,13.0,29.5,0.6,3.6,9.4,79.0,1.0,1.5,4.7,0.0,0.0,,0.333,0.19,19.4,1.0,0.01,0.4,0.833,0.538,0.545,0.548,0.417,0.302,13.0,13.0,383.0,0.739,0.842,0.057,0.124,0.105,0.4,0.114,0.6,35.0,23.0,42.0,0.548,19.0,63.0,0.302,31.0,,7.0,53.0,0.49,42.0,105.0,0.4,19.0,26.0,0.731,13.0,13.0,383.0,8.0,47.0,122.0,52.0,13.0,19.0,61.0,0.0
vandeja01,Jarred Vanderbilt,https://www.basketball-reference.com/players/v/vandeja01.html,2021-22,2022,22.0,MIN,PF,PF,22.0,PF,74.0,67.0,1880.0,210.0,347.0,0.605,2.0,14.0,0.143,94.0,,46.0,409.0,0.59,212.0,361.0,0.587,86.0,131.0,0.656,215.0,181.0,512.0,222.0,99.0,73.0,624.0,0.0,2.8,4.7,0.605,0.0,0.2,0.143,1.3,,0.6,5.5,0.59,2.9,4.9,0.587,1.2,1.8,0.656,74.0,67.0,25.4,2.9,2.4,6.9,304.0,1.3,1.0,8.4,4.0,6.6,0.605,0.0,0.3,0.143,1.8,,0.9,7.8,0.59,4.1,6.9,0.587,1.6,2.5,0.656,74.0,67.0,1880.0,4.1,3.5,9.8,109.0,1.9,1.4,11.9,5.3,8.8,0.605,0.1,0.4,0.143,2.4,,1.2,10.3,108.0,0.59,5.4,9.1,0.587,2.2,3.3,0.656,74.0,67.0,1880.0,5.4,127.0,4.6,13.0,109.0,2.5,1.8,15.8,0.039,6.7,,2.4,0.2,1.0,23.9,2.9,0.363,74.0,67.0,1880.0,-0.8,12.0,3.1,15.3,109.0,2.5,14.8,17.8,0.612,10.9,1.1,6.0,0.153,,9,88,17,55,74,67,14,41,238,1880,5.3,5.3,4,96,0,0,0,109,35,19,0.0,0.0,,0.222,0.643,3.0,116.0,0.341,0.587,0.707,0.143,,0.605,0.293,0.143,74.0,67.0,1880.0,0.681,1.0,0.717,0.019,0.0,0.961,0.208,0.039,109.0,42.1,38.1,,74.0,67.0,114.0,10.0,40.0,111.0,127.0,85.0,146.0,108.0,1880.0,109.0,0.605,0.039,0.143,0.59,0.587,0.656,0.363,0.612,,6.0,6.0,90.0,0.0,,91.0,104.0,90.0,149.0,93.0,129.0,113.0,0.481,0.0,,0.481,0.481,0.7,0.37,0.525,0.0,4.7,,1.3,-0.5,1.2,25.4,0.2,0.37,6.0,6.0,129.0,-1.8,10.9,0.1,12.0,113.0,2.5,13.7,18.5,0.525,12.1,0.0,0.3,0.098,,0.0,8.0,2.0,2.0,6.0,6.0,0.0,5.0,11.0,129.0,-3.8,-6.8,4.0,96.0,0.0,0.0,0.0,113.0,1.0,1.0,4.7,9.8,0.481,0.0,0.0,,1.5,,0.7,11.2,107.0,0.481,4.7,9.8,0.481,2.5,3.6,0.7,6.0,6.0,129.0,4.4,110.0,5.8,12.0,113.0,2.5,1.8,15.6,3.6,7.5,0.481,0.0,0.0,,1.1,,0.6,8.7,0.481,3.6,7.5,0.481,2.0,2.8,0.7,6.0,6.0,129.0,3.3,4.5,9.2,113.0,2.0,1.4,12.0,2.2,4.5,0.481,0.0,0.0,,0.7,,0.3,5.2,0.481,2.2,4.5,0.481,1.2,1.7,0.7,6.0,6.0,21.5,2.0,2.7,5.5,115.0,1.2,0.8,7.2,0.0,0.0,,,,1.5,9.0,0.444,0.481,0.565,,,0.481,0.0,,6.0,6.0,129.0,0.769,,0.852,0.0,0.0,1.0,0.148,0.0,113.0,13.0,27.0,0.481,0.0,0.0,,4.0,,2.0,31.0,0.481,13.0,27.0,0.481,7.0,10.0,0.7,6.0,6.0,129.0,12.0,16.0,33.0,124.0,7.0,5.0,43.0,0.0
willigr01,Grant Williams,https://www.basketball-reference.com/players/w/willigr01.html,2021-22,2022,23.0,BOS,PF,PF,23.0,PF,77.0,21.0,1875.0,99.0,174.0,0.569,106.0,258.0,0.411,78.0,,57.0,210.0,0.597,205.0,432.0,0.475,86.0,95.0,0.905,64.0,186.0,602.0,187.0,38.0,62.0,274.0,0.0,1.3,2.3,0.569,1.4,3.4,0.411,1.0,,0.7,2.7,0.597,2.7,5.6,0.475,1.1,1.2,0.905,77.0,21.0,24.4,0.8,2.4,7.8,263.0,0.5,0.8,3.6,1.9,3.3,0.569,2.0,5.0,0.411,1.5,,1.1,4.0,0.597,3.9,8.3,0.475,1.7,1.8,0.905,77.0,21.0,1875.0,1.2,3.6,11.6,111.0,0.7,1.2,5.3,2.6,4.6,0.569,2.8,6.8,0.411,2.1,,1.5,5.6,109.0,0.597,5.4,11.4,0.475,2.3,2.5,0.905,77.0,21.0,1875.0,1.7,122.0,4.9,16.0,111.0,1.0,1.6,7.3,0.597,5.7,,2.8,-0.4,1.1,11.8,2.6,0.22,77.0,21.0,1875.0,-1.4,3.8,2.4,11.2,111.0,1.0,11.6,7.9,0.635,12.6,0.8,5.1,0.13,,10,90,22,39,77,21,14,18,196,1875,-6.0,4.5,3,94,0,3,0,111,28,17,0.0,0.0,,0.468,0.481,16.5,11.0,0.032,0.475,0.75,0.133,0.167,0.569,0.5,0.411,77.0,21.0,1875.0,0.717,0.991,0.185,0.035,0.014,0.403,0.167,0.597,111.0,56.6,65.7,,77.0,21.0,107.0,150.0,116.0,112.0,103.0,117.0,89.0,112.0,1875.0,111.0,0.569,0.597,0.411,0.597,0.475,0.905,0.22,0.635,,24.0,5.0,92.0,149.0,111.0,103.0,94.0,104.0,140.0,106.0,654.0,11.0,0.492,0.593,0.393,0.55,0.433,0.808,0.347,0.599,0.593,4.4,,2.5,-0.8,1.2,11.3,0.8,0.347,24.0,5.0,654.0,-2.0,4.1,0.6,9.5,11.0,0.6,10.4,7.8,0.599,13.3,0.2,1.4,0.104,,7.0,31.0,10.0,16.0,24.0,5.0,3.0,10.0,49.0,654.0,-5.3,1.6,1.0,98.0,0.0,2.0,0.0,11.0,5.0,5.0,2.3,4.7,0.492,2.7,6.9,0.393,1.5,,1.4,5.2,110.0,0.55,5.0,11.5,0.433,3.2,4.0,0.808,24.0,5.0,654.0,1.8,116.0,6.4,15.9,11.0,0.6,1.5,7.0,1.7,3.4,0.492,1.9,4.9,0.393,1.0,,1.0,3.7,0.55,3.6,8.3,0.433,2.3,2.9,0.808,24.0,5.0,654.0,1.3,4.6,11.4,11.0,0.4,1.1,5.0,1.3,2.5,0.492,1.5,3.7,0.393,0.8,,0.8,2.8,0.55,2.7,6.3,0.433,1.8,2.2,0.808,24.0,5.0,27.3,1.0,3.5,8.6,88.0,0.3,0.8,3.8,1.0,0.0,,0.381,0.472,16.9,4.0,0.033,0.433,0.688,0.286,1.0,0.492,0.238,0.393,24.0,5.0,654.0,0.867,0.971,0.213,0.047,0.007,0.407,0.14,0.593,11.0,30.0,61.0,0.492,35.0,89.0,0.393,19.0,,18.0,68.0,0.55,65.0,150.0,0.433,42.0,52.0,0.808,24.0,5.0,654.0,23.0,83.0,207.0,25.0,8.0,20.0,91.0,0.0
cartewe01,Wendell Carter Jr.,https://www.basketball-reference.com/players/c/cartewe01.html,2021-22,2022,22.0,ORL,PF,PF,24.0,PF,62.0,61.0,1852.0,289.0,470.0,0.615,70.0,214.0,0.327,171.0,,43.0,509.0,0.576,359.0,684.0,0.525,143.0,207.0,0.691,139.0,169.0,931.0,90.0,36.0,117.0,648.0,0.0,4.7,7.6,0.615,1.1,3.5,0.327,2.8,,0.7,8.2,0.576,5.8,11.0,0.525,2.3,3.3,0.691,62.0,61.0,29.9,2.2,2.7,15.0,89.0,0.6,1.9,10.5,5.6,9.1,0.615,1.4,4.2,0.327,3.3,,0.8,9.9,0.576,7.0,13.3,0.525,2.8,4.0,0.691,62.0,61.0,1852.0,2.7,3.3,18.1,115.0,0.7,2.3,12.6,7.5,12.3,0.615,1.8,5.6,0.327,4.5,,1.1,13.3,110.0,0.576,9.4,17.9,0.525,3.7,5.4,0.691,62.0,61.0,1852.0,3.6,115.0,4.4,24.3,115.0,0.9,3.1,16.9,0.313,15.4,,2.1,1.6,0.6,29.1,2.4,0.303,62.0,61.0,1852.0,1.0,7.9,2.6,18.4,115.0,0.9,13.1,18.5,0.601,20.9,1.7,5.0,0.129,,26,80,2,96,62,61,24,35,414,1852,8.8,-3.5,37,63,0,0,0,115,45,33,1.0,0.0,,0.364,0.103,12.1,90.0,0.143,0.525,0.781,0.478,0.462,0.615,0.457,0.327,62.0,61.0,1852.0,0.609,1.0,0.327,0.101,0.057,0.687,0.202,0.313,115.0,60.6,53.6,,62.0,61.0,115.0,78.0,93.0,108.0,114.0,89.0,122.0,106.0,1852.0,115.0,0.615,0.313,0.327,0.576,0.525,0.691,0.303,0.601,,,,,,,,,,,,,,,,,,,,,,,,,,,,,,,,,,,,,,,,,,,,,,,,,,,,,,,,,,,,,,,,,,,,,,,,,,,,,,,,,,,,,,,,,,,,,,,,,,,,,,,,,,,,,,,,,,,,,,,,,,,,,,,,,,,,,,,,,,,,,,,,,,,,,,,,,,,,,,,,,,,,,,,,,,,,,,,,,,,,,,,,,,,,,,,,,,,,,,,,,,,,,
mcdanja02,Jaden McDaniels,https://www.basketball-reference.com/players/m/mcdanja02.html,2021-22,2022,21.0,MIN,PF,PF,25.0,PF,70.0,31.0,1803.0,175.0,302.0,0.579,80.0,252.0,0.317,79.0,,54.0,217.0,0.532,255.0,554.0,0.46,57.0,71.0,0.803,76.0,224.0,647.0,170.0,52.0,75.0,293.0,0.0,2.5,4.3,0.579,1.1,3.6,0.317,1.1,,0.8,3.1,0.532,3.6,7.9,0.46,0.8,1.0,0.803,70.0,31.0,25.8,1.1,3.2,9.2,206.0,0.7,1.1,4.2,3.5,6.0,0.579,1.6,5.0,0.317,1.6,,1.1,4.3,0.532,5.1,11.1,0.46,1.1,1.4,0.803,70.0,31.0,1803.0,1.5,4.5,12.9,126.0,1.0,1.5,5.9,4.6,8.0,0.579,2.1,6.6,0.317,2.1,,1.4,5.7,113.0,0.532,6.7,14.6,0.46,1.5,1.9,0.803,70.0,31.0,1803.0,2.0,108.0,5.9,17.1,126.0,1.4,2.0,7.7,0.455,6.1,,2.9,-2.9,-0.1,13.2,1.7,0.128,70.0,31.0,1803.0,-2.9,4.4,0.7,10.3,126.0,1.4,11.4,8.7,0.553,15.3,-0.4,2.4,0.065,,12,125,16,40,70,31,21,29,191,1803,-4.6,-0.1,0,67,0,33,0,126,30,13,1.0,0.0,,0.361,0.484,13.7,46.0,0.101,0.46,0.726,0.533,0.563,0.579,0.364,0.317,70.0,31.0,1803.0,0.72,0.975,0.283,0.054,0.029,0.545,0.179,0.455,126.0,0.9,-15.5,,70.0,31.0,109.0,114.0,90.0,100.0,100.0,104.0,52.0,98.0,1803.0,126.0,0.579,0.455,0.317,0.532,0.46,0.803,0.128,0.553,,6.0,0.0,107.0,147.0,141.0,127.0,115.0,108.0,142.0,126.0,130.0,111.0,0.571,0.588,0.5,0.676,0.529,0.833,0.353,0.713,0.588,5.0,,7.2,4.1,2.3,9.7,0.1,0.353,6.0,0.0,130.0,1.8,4.5,0.2,15.3,111.0,0.7,13.3,7.3,0.713,14.9,0.2,0.4,0.13,,0.0,8.0,1.0,4.0,6.0,0.0,0.0,0.0,12.0,130.0,23.3,7.8,0.0,96.0,0.0,4.0,0.0,111.0,4.0,2.0,2.9,5.0,0.571,3.6,7.2,0.5,1.4,,4.0,4.3,113.0,0.676,6.5,12.2,0.529,3.6,4.3,0.833,6.0,0.0,130.0,1.8,125.0,6.5,20.2,111.0,0.7,2.2,6.1,2.2,3.9,0.571,2.8,5.5,0.5,1.1,,3.0,3.3,0.676,5.0,9.4,0.529,2.8,3.3,0.833,6.0,0.0,130.0,1.4,5.0,15.5,111.0,0.6,1.7,4.7,1.3,2.3,0.571,1.7,3.3,0.5,0.7,,1.8,2.0,0.676,3.0,5.7,0.529,1.7,2.0,0.833,6.0,0.0,21.7,0.8,3.0,9.3,80.0,0.3,1.0,2.8,0.0,0.0,,0.5,0.5,17.2,3.0,0.118,0.529,0.667,1.0,0.0,0.571,,0.5,6.0,0.0,130.0,0.75,1.0,0.265,0.059,0.088,0.412,0.0,0.588,111.0,8.0,14.0,0.571,10.0,20.0,0.5,4.0,,11.0,12.0,0.676,18.0,34.0,0.529,10.0,12.0,0.833,6.0,0.0,130.0,5.0,18.0,56.0,98.0,2.0,6.0,17.0,0.0
anthoca01,Carmelo Anthony,https://www.basketball-reference.com/players/a/anthoca01.html,2021-22,2022,37.0,LAL,PF,PF,26.0,PF,69.0,3.0,1793.0,170.0,326.0,0.521,149.0,397.0,0.375,68.0,,52.0,226.0,0.544,319.0,723.0,0.441,132.0,159.0,0.83,62.0,166.0,919.0,94.0,47.0,59.0,288.0,0.0,2.5,4.7,0.521,2.2,5.8,0.375,1.0,,0.8,3.3,0.544,4.6,10.5,0.441,1.9,2.3,0.83,69.0,3.0,26.0,0.9,2.4,13.3,113.0,0.7,0.9,4.2,3.4,6.5,0.521,3.0,8.0,0.375,1.4,,1.0,4.5,0.544,6.4,14.5,0.441,2.7,3.2,0.83,69.0,3.0,1793.0,1.2,3.3,18.5,131.0,0.9,1.2,5.8,4.5,8.7,0.521,4.0,10.6,0.375,1.8,,1.4,6.0,114.0,0.544,8.5,19.3,0.441,3.5,4.3,0.83,69.0,3.0,1793.0,1.7,114.0,4.4,24.6,131.0,1.3,1.6,7.7,0.549,5.6,,2.6,-0.5,-0.8,13.5,1.4,0.22,69.0,3.0,1793.0,0.4,3.7,2.2,14.8,131.0,1.3,6.9,8.6,0.579,20.4,0.7,3.6,0.097,,21,86,2,59,69,3,13,18,167,1793,0.3,-3.0,12,74,0,14,0,131,20,9,0.0,0.0,,0.412,0.171,18.7,10.0,0.018,0.441,0.657,0.505,0.484,0.521,0.417,0.375,69.0,3.0,1793.0,0.465,0.913,0.097,0.151,0.129,0.451,0.066,0.549,131.0,18.2,21.4,,69.0,3.0,98.0,138.0,106.0,102.0,96.0,107.0,89.0,102.0,1793.0,131.0,0.521,0.549,0.375,0.544,0.441,0.83,0.22,0.579,,,,,,,,,,,,,,,,,,,,,,,,,,,,,,,,,,,,,,,,,,,,,,,,,,,,,,,,,,,,,,,,,,,,,,,,,,,,,,,,,,,,,,,,,,,,,,,,,,,,,,,,,,,,,,,,,,,,,,,,,,,,,,,,,,,,,,,,,,,,,,,,,,,,,,,,,,,,,,,,,,,,,,,,,,,,,,,,,,,,,,,,,,,,,,,,,,,,,,,,,,,,,
okekech01,Chuma Okeke,https://www.basketball-reference.com/players/o/okekech01.html,2021-22,2022,23.0,ORL,PF,PF,27.0,PF,70.0,20.0,1749.0,98.0,204.0,0.48,118.0,371.0,0.318,118.0,,42.0,300.0,0.478,216.0,575.0,0.376,55.0,65.0,0.846,47.0,95.0,605.0,185.0,97.0,57.0,347.0,0.0,1.4,2.9,0.48,1.7,5.3,0.318,1.7,,0.6,4.3,0.478,3.1,8.2,0.376,0.8,0.9,0.846,70.0,20.0,25.0,0.7,1.4,8.6,230.0,1.4,0.8,5.0,2.0,4.2,0.48,2.4,7.6,0.318,2.4,,0.9,6.2,0.478,4.4,11.8,0.376,1.1,1.3,0.846,70.0,20.0,1749.0,1.0,2.0,12.5,136.0,2.0,1.2,7.1,2.7,5.6,0.48,3.3,10.3,0.318,3.3,,1.2,8.3,109.0,0.478,6.0,15.9,0.376,1.5,1.8,0.846,70.0,20.0,1749.0,1.3,101.0,2.6,16.7,136.0,2.7,1.6,9.6,0.645,10.1,,2.2,-0.1,1.5,18.2,2.5,0.113,70.0,20.0,1749.0,-1.6,2.8,-0.3,12.0,136.0,2.7,8.6,10.5,0.501,16.4,0.8,2.2,0.06,,3,54,4,32,70,20,5,14,290,1749,-1.9,-9.3,5,89,0,6,0,136,33,14,0.0,0.0,,0.382,0.24,18.6,29.0,0.054,0.376,0.658,0.346,0.211,0.48,0.413,0.318,70.0,20.0,1749.0,0.531,0.966,0.137,0.045,0.033,0.355,0.139,0.645,136.0,-61.4,-78.3,,70.0,20.0,90.0,162.0,90.0,90.0,81.0,109.0,46.0,89.0,1749.0,136.0,0.48,0.645,0.318,0.478,0.376,0.846,0.113,0.501,,,,,,,,,,,,,,,,,,,,,,,,,,,,,,,,,,,,,,,,,,,,,,,,,,,,,,,,,,,,,,,,,,,,,,,,,,,,,,,,,,,,,,,,,,,,,,,,,,,,,,,,,,,,,,,,,,,,,,,,,,,,,,,,,,,,,,,,,,,,,,,,,,,,,,,,,,,,,,,,,,,,,,,,,,,,,,,,,,,,,,,,,,,,,,,,,,,,,,,,,,,,,
niangge01,Georges Niang,https://www.basketball-reference.com/players/n/niangge01.html,2021-22,2022,28.0,PHI,PF,PF,28.0,PF,76.0,7.0,1736.0,90.0,176.0,0.511,156.0,387.0,0.403,102.0,,13.0,178.0,0.575,246.0,563.0,0.437,52.0,59.0,0.881,25.0,190.0,700.0,145.0,30.0,59.0,203.0,0.0,1.2,2.3,0.511,2.1,5.1,0.403,1.3,,0.2,2.3,0.575,3.2,7.4,0.437,0.7,0.8,0.881,76.0,7.0,22.8,0.3,2.5,9.2,208.0,0.4,0.8,2.7,1.9,3.6,0.511,3.2,8.0,0.403,2.1,,0.3,3.7,0.575,5.1,11.7,0.437,1.1,1.2,0.881,76.0,7.0,1736.0,0.5,3.9,14.5,137.0,0.6,1.2,4.2,2.6,5.1,0.511,4.5,11.1,0.403,2.9,,0.4,5.1,115.0,0.575,7.1,16.2,0.437,1.5,1.7,0.881,76.0,7.0,1736.0,0.7,113.0,5.5,20.1,137.0,0.9,1.7,5.8,0.687,8.7,,0.7,-1.9,-1.1,11.3,1.3,0.105,76.0,7.0,1736.0,-0.8,1.6,1.5,10.7,137.0,0.9,9.1,6.5,0.594,16.8,0.0,2.8,0.077,,8,87,11,25,76,7,7,27,237,1736,-2.6,1.2,2,63,0,35,0,137,30,13,1.0,0.0,,0.39,0.305,19.1,2.0,0.004,0.437,0.627,0.389,0.2,0.511,0.465,0.403,76.0,7.0,1736.0,0.711,0.981,0.119,0.032,0.009,0.313,0.153,0.687,137.0,49.3,33.3,,76.0,7.0,96.0,172.0,114.0,108.0,95.0,114.0,42.0,105.0,1736.0,137.0,0.511,0.687,0.403,0.575,0.437,0.881,0.105,0.594,,12.0,0.0,150.0,224.0,105.0,110.0,90.0,129.0,17.0,105.0,198.0,70.0,0.8,0.896,0.372,0.583,0.417,1.0,0.042,0.593,0.896,8.5,,0.0,-2.2,-0.4,8.3,0.1,0.042,12.0,0.0,198.0,-1.8,2.6,0.1,7.1,70.0,0.8,12.5,5.6,0.593,13.3,0.0,0.2,0.053,,1.0,18.0,0.0,0.0,12.0,0.0,0.0,1.0,26.0,198.0,7.0,5.4,0.0,49.0,0.0,51.0,0.0,70.0,4.0,1.0,1.1,1.3,0.8,4.2,11.3,0.372,2.9,,0.0,3.7,116.0,0.583,5.3,12.6,0.417,0.5,0.5,1.0,12.0,0.0,198.0,1.1,111.0,7.9,15.2,70.0,0.8,1.8,4.7,0.7,0.9,0.8,2.9,7.8,0.372,2.0,,0.0,2.5,0.583,3.6,8.7,0.417,0.4,0.4,1.0,12.0,0.0,198.0,0.7,5.5,10.5,70.0,0.5,1.3,3.3,0.3,0.4,0.8,1.3,3.6,0.372,0.9,,0.0,1.2,0.583,1.7,4.0,0.417,0.2,0.2,1.0,12.0,0.0,16.5,0.3,2.5,4.8,123.0,0.3,0.6,1.5,0.0,0.0,,0.429,0.326,23.2,0.0,0.0,0.417,1.0,,0.0,0.8,1.0,0.372,12.0,0.0,198.0,1.0,1.0,0.042,0.0,0.021,0.104,0.042,0.896,70.0,4.0,5.0,0.8,16.0,43.0,0.372,11.0,,0.0,14.0,0.583,20.0,48.0,0.417,2.0,2.0,1.0,12.0,0.0,198.0,4.0,30.0,58.0,94.0,3.0,7.0,18.0,0.0
johnsca02,Cameron Johnson,https://www.basketball-reference.com/players/j/johnsca02.html,2021-22,2022,25.0,PHO,PF,PF,29.0,PF,66.0,16.0,1730.0,113.0,216.0,0.523,166.0,391.0,0.425,99.0,6MOY-3,16.0,231.0,0.596,279.0,607.0,0.46,98.0,114.0,0.86,42.0,113.0,822.0,120.0,57.0,47.0,273.0,0.0,1.7,3.3,0.523,2.5,5.9,0.425,1.5,6MOY-3,0.2,3.5,0.596,4.2,9.2,0.46,1.5,1.7,0.86,66.0,16.0,26.2,0.6,1.7,12.5,126.0,0.9,0.7,4.1,2.4,4.5,0.523,3.5,8.1,0.425,2.1,6MOY-3,0.3,4.8,0.596,5.8,12.6,0.46,2.0,2.4,0.86,66.0,16.0,1730.0,0.9,2.4,17.1,139.0,1.2,1.0,5.7,3.1,6.0,0.523,4.6,10.9,0.425,2.8,6MOY-3,0.4,6.4,109.0,0.596,7.8,16.9,0.46,2.7,3.2,0.86,66.0,16.0,1730.0,1.2,123.0,3.1,22.9,139.0,1.6,1.3,7.6,0.644,7.7,6MOY-3,0.8,2.7,0.7,14.0,2.4,0.188,66.0,16.0,1730.0,2.0,2.7,3.2,15.2,139.0,1.6,6.7,8.5,0.625,17.5,2.1,5.6,0.156,6MOY-3,3,59,15,54,66,16,18,29,232,1730,-1.5,6.9,6,91,0,3,0,139,24,15,1.0,0.0,6MOY-3,0.465,0.368,18.4,19.0,0.035,0.46,0.766,0.24,0.2,0.523,0.483,0.425,66.0,16.0,1730.0,0.673,0.976,0.127,0.041,0.041,0.356,0.147,0.644,139.0,78.5,78.1,6MOY-3,66.0,16.0,98.0,161.0,120.0,112.0,100.0,111.0,76.0,110.0,1730.0,139.0,0.523,0.644,0.425,0.596,0.46,0.86,0.188,0.625,,13.0,3.0,113.0,149.0,105.0,108.0,101.0,105.0,130.0,109.0,320.0,45.0,0.6,0.596,0.373,0.576,0.465,0.813,0.323,0.619,0.596,8.8,,0.3,0.4,-0.5,13.3,0.0,0.323,13.0,3.0,320.0,0.9,3.4,0.6,13.8,45.0,0.8,9.6,8.5,0.619,18.0,0.2,0.6,0.094,,1.0,17.0,3.0,9.0,13.0,3.0,2.0,4.0,47.0,320.0,-6.6,-4.5,3.0,96.0,0.0,1.0,0.0,45.0,7.0,4.0,3.9,6.4,0.6,3.5,9.5,0.373,3.2,,0.2,6.0,119.0,0.576,7.4,16.0,0.465,4.2,5.2,0.813,13.0,3.0,320.0,1.5,121.0,5.0,22.6,45.0,0.8,1.9,7.4,2.7,4.5,0.6,2.5,6.6,0.373,2.3,,0.1,4.2,0.576,5.2,11.1,0.465,2.9,3.6,0.813,13.0,3.0,320.0,1.0,3.5,15.8,45.0,0.6,1.4,5.2,1.8,3.1,0.6,1.7,4.5,0.373,1.5,,0.1,2.8,0.576,3.5,7.6,0.465,2.0,2.5,0.813,13.0,3.0,24.6,0.7,2.4,10.8,66.0,0.4,0.9,3.5,0.0,0.0,,0.364,0.373,17.6,5.0,0.061,0.465,0.789,0.0,0.667,0.6,0.556,0.373,13.0,3.0,320.0,0.667,1.0,0.192,0.061,0.061,0.404,0.091,0.596,45.0,24.0,40.0,0.6,22.0,59.0,0.373,20.0,,1.0,37.0,0.576,46.0,99.0,0.465,26.0,32.0,0.813,13.0,3.0,320.0,9.0,31.0,140.0,44.0,5.0,12.0,46.0,0.0
gallida01,Danilo Gallinari,https://www.basketball-reference.com/players/g/gallida01.html,2021-22,2022,33.0,ATL,PF,PF,30.0,PF,66.0,18.0,1672.0,147.0,303.0,0.485,112.0,294.0,0.381,101.0,,12.0,273.0,0.528,259.0,597.0,0.434,141.0,156.0,0.904,35.0,93.0,771.0,130.0,28.0,38.0,308.0,0.0,2.2,4.6,0.485,1.7,4.5,0.381,1.5,,0.2,4.1,0.528,3.9,9.0,0.434,2.1,2.4,0.904,66.0,18.0,25.3,0.5,1.4,11.7,140.0,0.4,0.6,4.7,3.2,6.5,0.485,2.4,6.3,0.381,2.2,,0.3,5.9,0.528,5.6,12.9,0.434,3.0,3.4,0.904,66.0,18.0,1672.0,0.8,2.0,16.6,151.0,0.6,0.8,6.6,4.3,8.9,0.485,3.3,8.6,0.381,3.0,,0.4,8.0,117.0,0.528,7.6,17.5,0.434,4.1,4.6,0.904,66.0,18.0,1672.0,1.0,120.0,2.7,22.7,151.0,0.8,1.1,9.1,0.492,8.5,,0.6,-0.2,-1.2,17.8,0.8,0.261,66.0,18.0,1672.0,1.0,2.3,2.8,14.3,151.0,0.8,5.4,10.1,0.579,18.4,0.8,3.6,0.105,,8,35,5,61,66,18,5,12,241,1672,1.9,2.9,24,76,0,0,0,151,10,15,2.0,1.0,,0.471,0.116,18.2,19.0,0.032,0.434,0.721,0.467,0.382,0.485,0.385,0.381,66.0,18.0,1672.0,0.463,0.911,0.114,0.151,0.149,0.508,0.087,0.492,151.0,-4.8,17.5,,66.0,18.0,91.0,123.0,108.0,99.0,94.0,117.0,105.0,102.0,1672.0,151.0,0.485,0.492,0.381,0.528,0.434,0.904,0.261,0.579,,5.0,3.0,88.0,83.0,75.0,84.0,87.0,129.0,99.0,90.0,112.0,126.0,0.467,0.333,0.267,0.444,0.4,1.0,0.244,0.512,0.333,6.4,,0.0,-1.8,-1.3,20.9,0.0,0.244,5.0,3.0,112.0,-0.6,2.1,0.0,10.8,126.0,0.5,9.1,11.3,0.512,22.5,0.0,0.0,0.011,,0.0,4.0,0.0,5.0,5.0,3.0,1.0,1.0,10.0,112.0,-7.1,-17.1,51.0,49.0,0.0,0.0,0.0,126.0,3.0,2.0,6.3,13.5,0.467,1.8,6.8,0.267,1.8,,0.0,8.6,116.0,0.444,8.1,20.3,0.4,5.0,5.0,1.0,5.0,3.0,112.0,0.9,101.0,2.7,23.0,126.0,0.5,2.3,9.5,4.5,9.6,0.467,1.3,4.8,0.267,1.3,,0.0,6.1,0.444,5.8,14.5,0.4,3.5,3.5,1.0,5.0,3.0,112.0,0.6,1.9,16.4,126.0,0.3,1.6,6.8,2.8,6.0,0.467,0.8,3.0,0.267,0.8,,0.0,3.8,0.444,3.6,9.0,0.4,2.2,2.2,1.0,5.0,3.0,22.4,0.4,1.2,10.2,76.0,0.2,1.0,4.2,0.0,0.0,,0.25,0.267,16.5,1.0,0.022,0.4,1.0,0.5,0.182,0.467,0.4,0.267,5.0,3.0,112.0,0.571,0.75,0.133,0.178,0.244,0.667,0.111,0.333,126.0,14.0,30.0,0.467,4.0,15.0,0.267,4.0,,0.0,19.0,0.444,18.0,45.0,0.4,11.0,11.0,1.0,5.0,3.0,112.0,2.0,6.0,51.0,109.0,1.0,5.0,21.0,0.0
collijo01,John Collins,https://www.basketball-reference.com/players/c/collijo01.html,2021-22,2022,24.0,ATL,PF,PF,31.0,PF,54.0,53.0,1663.0,275.0,468.0,0.588,64.0,176.0,0.364,98.0,,56.0,329.0,0.576,339.0,644.0,0.526,134.0,169.0,0.793,93.0,164.0,876.0,106.0,33.0,60.0,422.0,0.0,5.1,8.7,0.588,1.2,3.3,0.364,1.8,,1.0,6.1,0.576,6.3,11.9,0.526,2.5,3.1,0.793,54.0,53.0,30.8,1.7,3.0,16.2,75.0,0.6,1.1,7.8,6.0,10.1,0.588,1.4,3.8,0.364,2.1,,1.2,7.1,0.576,7.3,13.9,0.526,2.9,3.7,0.793,54.0,53.0,1663.0,2.0,3.6,19.0,155.0,0.7,1.3,9.1,8.1,13.8,0.588,1.9,5.2,0.364,2.9,,1.7,9.7,114.0,0.576,10.0,19.0,0.526,4.0,5.0,0.793,54.0,53.0,1663.0,2.7,122.0,4.8,25.9,155.0,1.0,1.8,12.5,0.273,8.9,,3.0,1.5,0.0,21.5,1.4,0.262,54.0,53.0,1663.0,1.5,6.2,3.6,18.7,155.0,1.0,7.7,13.9,0.61,20.5,1.5,5.1,0.146,,12,85,18,68,54,53,17,37,224,1663,-1.4,1.0,6,94,0,0,0,155,26,12,0.0,0.0,,0.375,0.318,10.9,82.0,0.141,0.526,0.746,0.438,0.4,0.588,0.463,0.364,54.0,53.0,1663.0,0.771,0.984,0.325,0.124,0.054,0.727,0.208,0.273,155.0,57.2,62.8,,54.0,53.0,110.0,68.0,103.0,108.0,114.0,102.0,106.0,108.0,1663.0,155.0,0.588,0.273,0.364,0.576,0.526,0.793,0.262,0.61,,5.0,4.0,101.0,71.0,103.0,101.0,106.0,65.0,103.0,96.0,122.0,117.0,0.536,0.282,0.364,0.538,0.487,0.5,0.256,0.541,0.282,8.8,,0.8,-0.9,0.0,21.2,0.1,0.256,5.0,4.0,122.0,-0.8,1.9,0.0,10.7,117.0,0.8,10.3,11.4,0.541,18.3,0.0,0.1,0.034,,1.0,6.0,1.0,6.0,5.0,4.0,4.0,0.0,17.0,122.0,-29.5,-27.8,20.0,80.0,0.0,0.0,0.0,117.0,3.0,0.0,6.2,11.6,0.536,1.7,4.5,0.364,2.5,,0.4,8.7,115.0,0.538,7.9,16.1,0.487,2.1,4.1,0.5,5.0,4.0,122.0,0.8,103.0,5.0,19.4,117.0,0.8,2.1,9.5,4.4,8.3,0.536,1.2,3.2,0.364,1.8,,0.3,6.2,0.538,5.6,11.5,0.487,1.5,3.0,0.5,5.0,4.0,122.0,0.6,3.5,13.9,117.0,0.6,1.5,6.8,3.0,5.6,0.536,0.8,2.2,0.364,1.2,,0.2,4.2,0.538,3.8,7.8,0.487,1.0,2.0,0.5,5.0,4.0,24.4,0.4,2.4,9.4,78.0,0.4,1.0,4.6,0.0,0.0,,0.5,0.545,10.3,4.0,0.179,0.487,0.727,0.333,,0.536,0.429,0.364,5.0,4.0,122.0,0.733,1.0,0.282,0.077,0.0,0.718,0.359,0.282,117.0,15.0,28.0,0.536,4.0,11.0,0.364,6.0,,1.0,21.0,0.538,19.0,39.0,0.487,5.0,10.0,0.5,5.0,4.0,122.0,2.0,12.0,47.0,111.0,2.0,5.0,23.0,0.0
martike04,KJ Martin,https://www.basketball-reference.com/players/m/martike04.html,2021-22,2022,21.0,HOU,SF,PF,32.0,PF,79.0,2.0,1656.0,219.0,355.0,0.617,60.0,168.0,0.357,101.0,,40.0,217.0,0.591,279.0,523.0,0.533,78.0,123.0,0.634,80.0,113.0,696.0,147.0,34.0,60.0,297.0,0.0,2.8,4.5,0.617,0.8,2.1,0.357,1.3,,0.5,2.7,0.591,3.5,6.6,0.533,1.0,1.6,0.634,79.0,2.0,21.0,1.0,1.4,8.8,223.0,0.4,0.8,3.8,4.8,7.7,0.617,1.3,3.7,0.357,2.2,,0.9,4.7,0.591,6.1,11.4,0.533,1.7,2.7,0.634,79.0,2.0,1656.0,1.7,2.5,15.1,157.0,0.7,1.3,6.5,6.3,10.2,0.617,1.7,4.8,0.357,2.9,,1.1,6.2,118.0,0.591,8.0,15.0,0.533,2.2,3.5,0.634,79.0,2.0,1656.0,2.3,118.0,3.2,20.0,157.0,1.0,1.7,8.5,0.321,9.4,,2.2,-1.2,-1.2,14.5,0.6,0.235,79.0,2.0,1656.0,0.0,5.3,2.3,14.3,157.0,1.0,9.4,9.9,0.603,16.3,0.4,2.9,0.084,,9,68,4,66,79,2,18,46,258,1656,2.7,-7.5,4,76,0,21,0,157,28,15,0.0,0.0,,0.283,0.274,9.8,114.0,0.256,0.533,0.739,0.0,,0.617,0.371,0.357,79.0,2.0,1656.0,0.735,1.0,0.455,0.002,0.0,0.679,0.222,0.321,157.0,61.9,42.7,,79.0,2.0,116.0,80.0,101.0,111.0,116.0,82.0,95.0,107.0,1656.0,157.0,0.617,0.321,0.357,0.591,0.533,0.634,0.235,0.603,,,,,,,,,,,,,,,,,,,,,,,,,,,,,,,,,,,,,,,,,,,,,,,,,,,,,,,,,,,,,,,,,,,,,,,,,,,,,,,,,,,,,,,,,,,,,,,,,,,,,,,,,,,,,,,,,,,,,,,,,,,,,,,,,,,,,,,,,,,,,,,,,,,,,,,,,,,,,,,,,,,,,,,,,,,,,,,,,,,,,,,,,,,,,,,,,,,,,,,,,,,,,
craigto01,Torrey Craig,https://www.basketball-reference.com/players/c/craigto01.html,2021-22,2022,31.0,2TM,SF,PF,33.0,PF,78.0,16.0,1596.0,123.0,207.0,0.594,77.0,234.0,0.329,91.0,,36.0,224.0,0.541,200.0,441.0,0.454,39.0,52.0,0.75,86.0,151.0,516.0,220.0,46.0,67.0,310.0,0.0,1.6,2.7,0.594,1.0,3.0,0.329,1.2,,0.5,2.9,0.541,2.6,5.7,0.454,0.5,0.7,0.75,78.0,16.0,20.5,1.1,1.9,6.6,311.0,0.6,0.9,4.0,2.8,4.7,0.594,1.7,5.3,0.329,2.1,,0.8,5.1,0.541,4.5,9.9,0.454,0.9,1.2,0.75,78.0,16.0,1596.0,1.9,3.4,11.6,163.0,1.0,1.5,7.0,3.8,6.3,0.594,2.3,7.1,0.329,2.8,,1.1,6.8,113.0,0.541,6.1,13.4,0.454,1.2,1.6,0.75,78.0,16.0,1596.0,2.6,110.0,4.6,15.7,163.0,1.4,2.0,9.5,0.531,7.6,,2.0,-1.8,-0.1,15.4,1.4,0.118,78.0,16.0,1596.0,-1.7,5.9,0.9,11.0,163.0,1.4,12.6,10.7,0.556,14.3,0.1,2.3,0.07,,4,73,13,25,78,16,8,14,223,1596,-5.8,-4.5,2,77,0,19,1,163,34,19,2.0,0.0,,0.355,0.397,16.1,18.0,0.041,0.454,0.723,0.4,0.333,0.594,0.532,0.329,78.0,16.0,1596.0,0.577,0.935,0.229,0.057,0.041,0.469,0.141,0.531,163.0,8.1,-9.1,,78.0,16.0,112.0,133.0,93.0,102.0,98.0,97.0,48.0,98.0,1596.0,163.0,0.594,0.531,0.329,0.541,0.454,0.75,0.118,0.556,,9.0,0.0,78.0,114.0,85.0,81.0,79.0,65.0,37.0,77.0,69.0,145.0,0.417,0.455,0.3,0.432,0.364,0.5,0.091,0.437,0.455,9.8,,2.8,0.3,1.4,16.7,0.1,0.091,9.0,0.0,69.0,-1.2,8.9,-0.1,10.7,145.0,3.0,14.9,12.9,0.437,17.9,0.0,0.0,0.0,,0.0,2.0,1.0,0.0,9.0,0.0,0.0,2.0,12.0,69.0,-18.6,-17.7,0.0,12.0,0.0,87.0,1.0,145.0,2.0,2.0,3.7,9.0,0.417,2.2,7.5,0.3,3.7,,1.5,7.5,112.0,0.432,6.0,16.4,0.364,0.7,1.5,0.5,9.0,0.0,69.0,3.7,93.0,4.5,14.9,145.0,3.0,3.0,11.2,2.6,6.3,0.417,1.6,5.2,0.3,2.6,,1.0,5.2,0.432,4.2,11.5,0.364,0.5,1.0,0.5,9.0,0.0,69.0,2.6,3.1,10.4,145.0,2.1,2.1,7.8,0.6,1.3,0.417,0.3,1.1,0.3,0.6,,0.2,1.1,0.432,0.9,2.4,0.364,0.1,0.2,0.5,9.0,0.0,7.7,0.6,0.7,2.2,162.0,0.4,0.4,1.7,0.0,0.0,,0.25,0.4,13.4,0.0,0.0,0.364,0.714,0.0,,0.417,0.0,0.3,9.0,0.0,69.0,0.4,1.0,0.318,0.045,0.0,0.545,0.182,0.455,145.0,5.0,12.0,0.417,3.0,10.0,0.3,5.0,,2.0,10.0,0.432,8.0,22.0,0.364,1.0,2.0,0.5,9.0,0.0,69.0,5.0,6.0,20.0,148.0,4.0,4.0,15.0,0.0
brissos01,Oshae Brissett,https://www.basketball-reference.com/players/b/brissos01.html,2021-22,2022,23.0,IND,SF,PF,34.0,PF,67.0,25.0,1564.0,125.0,269.0,0.465,83.0,237.0,0.35,72.0,,29.0,250.0,0.493,208.0,506.0,0.411,114.0,164.0,0.695,108.0,116.0,613.0,181.0,44.0,54.0,358.0,0.0,1.9,4.0,0.465,1.2,3.5,0.35,1.1,,0.4,3.7,0.493,3.1,7.6,0.411,1.7,2.4,0.695,67.0,25.0,23.3,1.6,1.7,9.1,210.0,0.7,0.8,5.3,2.9,6.2,0.465,1.9,5.5,0.35,1.7,,0.7,5.8,0.493,4.8,11.6,0.411,2.6,3.8,0.695,67.0,25.0,1564.0,2.5,2.7,14.1,169.0,1.0,1.2,8.2,3.9,8.4,0.465,2.6,7.4,0.35,2.3,,0.9,7.8,116.0,0.493,6.5,15.8,0.411,3.6,5.1,0.695,67.0,25.0,1564.0,3.4,112.0,3.6,19.2,169.0,1.4,1.7,11.2,0.468,6.4,,1.6,-2.2,-1.7,18.1,0.9,0.324,67.0,25.0,1564.0,-0.5,7.6,1.4,12.9,169.0,1.4,8.5,12.8,0.53,17.3,-0.1,2.2,0.069,,9,47,9,82,67,25,18,30,181,1564,-3.1,-5.9,0,68,0,32,0,169,22,13,1.0,0.0,,0.382,0.321,13.7,32.0,0.075,0.411,0.578,0.167,0.267,0.465,0.299,0.35,67.0,25.0,1564.0,0.648,0.964,0.318,0.024,0.03,0.532,0.152,0.468,169.0,-39.1,-41.5,,67.0,25.0,87.0,117.0,99.0,93.0,89.0,90.0,131.0,94.0,1564.0,169.0,0.465,0.468,0.35,0.493,0.411,0.695,0.324,0.53,,,,,,,,,,,,,,,,,,,,,,,,,,,,,,,,,,,,,,,,,,,,,,,,,,,,,,,,,,,,,,,,,,,,,,,,,,,,,,,,,,,,,,,,,,,,,,,,,,,,,,,,,,,,,,,,,,,,,,,,,,,,,,,,,,,,,,,,,,,,,,,,,,,,,,,,,,,,,,,,,,,,,,,,,,,,,,,,,,,,,,,,,,,,,,,,,,,,,,,,,,,,,
lylestr01,Trey Lyles,https://www.basketball-reference.com/players/l/lylestr01.html,2021-22,2022,26.0,2TM,PF,PF,35.0,PF,75.0,23.0,1537.0,195.0,353.0,0.552,67.0,209.0,0.321,88.0,,32.0,290.0,0.526,262.0,562.0,0.466,195.0,243.0,0.802,89.0,123.0,786.0,125.0,29.0,73.0,379.0,0.0,2.6,4.7,0.552,0.9,2.8,0.321,1.2,,0.4,3.9,0.526,3.5,7.5,0.466,2.6,3.2,0.802,75.0,23.0,20.5,1.2,1.6,10.5,169.0,0.4,1.0,5.1,4.6,8.3,0.552,1.6,4.9,0.321,2.1,,0.7,6.8,0.526,6.1,13.2,0.466,4.6,5.7,0.802,75.0,23.0,1537.0,2.1,2.9,18.4,174.0,0.7,1.7,8.9,6.2,11.2,0.552,2.1,6.6,0.321,2.8,,1.0,9.2,114.0,0.526,8.3,17.8,0.466,6.2,7.7,0.802,75.0,23.0,1537.0,2.8,116.0,3.9,24.8,174.0,0.9,2.3,12.0,0.372,9.0,,1.9,-0.3,-0.8,21.2,1.2,0.432,75.0,23.0,1537.0,0.5,6.0,2.4,16.4,174.0,0.9,9.8,13.4,0.588,20.7,0.7,3.5,0.111,,15,68,10,127,75,23,42,34,217,1537,-0.7,-7.7,42,57,0,1,0,174,34,19,1.0,0.0,,0.38,0.239,12.5,23.0,0.046,0.466,0.671,0.279,0.4,0.552,0.516,0.321,75.0,23.0,1537.0,0.6,1.0,0.292,0.077,0.036,0.628,0.224,0.372,174.0,-6.6,28.8,,75.0,23.0,104.0,93.0,91.0,99.0,101.0,104.0,174.0,104.0,1537.0,174.0,0.552,0.372,0.321,0.526,0.466,0.802,0.432,0.588,,,,,,,,,,,,,,,,,,,,,,,,,,,,,,,,,,,,,,,,,,,,,,,,,,,,,,,,,,,,,,,,,,,,,,,,,,,,,,,,,,,,,,,,,,,,,,,,,,,,,,,,,,,,,,,,,,,,,,,,,,,,,,,,,,,,,,,,,,,,,,,,,,,,,,,,,,,,,,,,,,,,,,,,,,,,,,,,,,,,,,,,,,,,,,,,,,,,,,,,,,,,,
grantje01,Jerami Grant,https://www.basketball-reference.com/players/g/grantje01.html,2021-22,2022,27.0,DET,PF,PF,36.0,PF,47.0,47.0,1500.0,207.0,445.0,0.465,91.0,254.0,0.358,111.0,,49.0,163.0,0.491,298.0,699.0,0.426,217.0,259.0,0.838,28.0,107.0,904.0,99.0,44.0,85.0,191.0,0.0,4.4,9.5,0.465,1.9,5.4,0.358,2.4,,1.0,3.5,0.491,6.3,14.9,0.426,4.6,5.5,0.838,47.0,47.0,31.9,0.6,2.3,19.2,42.0,0.9,1.8,4.1,5.0,10.7,0.465,2.2,6.1,0.358,2.7,,1.2,3.9,0.491,7.2,16.8,0.426,5.2,6.2,0.838,47.0,47.0,1500.0,0.7,2.6,21.7,177.0,1.1,2.0,4.6,6.7,14.5,0.465,3.0,8.3,0.358,3.6,,1.6,5.3,114.0,0.491,9.7,22.7,0.426,7.1,8.4,0.838,47.0,47.0,1500.0,0.9,109.0,3.5,29.4,177.0,1.4,2.8,6.2,0.363,12.5,,2.9,1.2,-0.2,12.4,1.1,0.371,47.0,47.0,1500.0,1.4,1.9,1.2,16.1,177.0,1.4,9.5,6.9,0.556,25.7,1.2,2.3,0.075,,19,53,11,109,47,47,18,30,280,1500,0.9,-7.5,3,95,0,2,0,177,38,24,1.0,0.0,,0.33,0.358,15.2,29.0,0.049,0.426,0.631,0.243,0.429,0.465,0.442,0.358,47.0,47.0,1500.0,0.498,0.967,0.202,0.106,0.18,0.637,0.149,0.363,177.0,-56.3,-16.3,,47.0,47.0,87.0,91.0,101.0,92.0,92.0,108.0,149.0,98.0,1500.0,177.0,0.465,0.363,0.358,0.491,0.426,0.838,0.371,0.556,,,,,,,,,,,,,,,,,,,,,,,,,,,,,,,,,,,,,,,,,,,,,,,,,,,,,,,,,,,,,,,,,,,,,,,,,,,,,,,,,,,,,,,,,,,,,,,,,,,,,,,,,,,,,,,,,,,,,,,,,,,,,,,,,,,,,,,,,,,,,,,,,,,,,,,,,,,,,,,,,,,,,,,,,,,,,,,,,,,,,,,,,,,,,,,,,,,,,,,,,,,,,
anderky01,Kyle Anderson,https://www.basketball-reference.com/players/a/anderky01.html,2021-22,2022,28.0,MEM,PF,PF,37.0,PF,69.0,11.0,1484.0,173.0,360.0,0.481,36.0,109.0,0.33,183.0,,45.0,299.0,0.484,209.0,469.0,0.446,67.0,105.0,0.638,69.0,108.0,521.0,218.0,77.0,71.0,368.0,0.0,2.5,5.2,0.481,0.5,1.6,0.33,2.7,,0.7,4.3,0.484,3.0,6.8,0.446,1.0,1.5,0.638,69.0,11.0,21.5,1.0,1.6,7.6,266.0,1.1,1.0,5.3,4.2,8.7,0.481,0.9,2.6,0.33,4.4,,1.1,7.3,0.484,5.1,11.4,0.446,1.6,2.5,0.638,69.0,11.0,1484.0,1.7,2.6,12.6,179.0,1.9,1.7,8.9,5.6,11.6,0.481,1.2,3.5,0.33,5.9,,1.5,9.6,106.0,0.484,6.7,15.1,0.446,2.2,3.4,0.638,69.0,11.0,1484.0,2.2,110.0,3.5,16.8,179.0,2.5,2.3,11.9,0.232,16.2,,2.7,1.2,2.1,21.6,2.5,0.224,69.0,11.0,1484.0,-0.9,4.8,1.0,14.4,179.0,2.5,12.1,13.0,0.506,16.2,1.2,3.5,0.113,,8,44,6,46,69,11,14,25,440,1484,-4.5,3.0,30,62,0,8,0,179,33,19,0.0,0.0,,0.422,0.413,10.5,19.0,0.043,0.446,0.648,0.333,0.238,0.481,0.44,0.33,69.0,11.0,1484.0,0.514,0.944,0.273,0.141,0.045,0.768,0.301,0.232,179.0,-44.7,-62.2,,69.0,11.0,90.0,58.0,93.0,91.0,97.0,82.0,90.0,89.0,1484.0,179.0,0.481,0.232,0.33,0.484,0.446,0.638,0.224,0.506,,12.0,1.0,125.0,59.0,71.0,112.0,123.0,79.0,142.0,108.0,221.0,62.0,0.667,0.235,0.25,0.598,0.569,0.611,0.353,0.611,0.235,13.6,,3.1,2.8,3.5,21.2,0.4,0.353,12.0,1.0,221.0,-0.7,4.5,0.3,15.0,62.0,2.3,14.5,12.4,0.611,12.8,0.3,0.7,0.147,,2.0,10.0,0.0,5.0,12.0,1.0,2.0,1.0,54.0,221.0,-0.7,1.7,72.0,28.0,0.0,0.0,0.0,62.0,5.0,0.0,5.5,8.3,0.667,0.6,2.6,0.25,4.5,,1.5,8.9,105.0,0.598,6.2,10.8,0.569,2.3,3.8,0.611,12.0,1.0,221.0,2.1,119.0,4.7,15.3,62.0,2.3,2.1,11.1,4.2,6.4,0.667,0.5,2.0,0.25,3.4,,1.1,6.8,0.598,4.7,8.3,0.569,1.8,2.9,0.611,12.0,1.0,221.0,1.6,3.6,11.7,62.0,1.8,1.6,8.5,2.2,3.3,0.667,0.3,1.0,0.25,1.8,,0.6,3.5,0.598,2.4,4.3,0.569,0.9,1.5,0.611,12.0,1.0,18.4,0.8,1.8,6.0,108.0,0.9,0.8,4.3,0.0,0.0,,0.143,0.583,10.7,2.0,0.059,0.569,0.643,0.444,1.0,0.667,0.8,0.25,12.0,1.0,221.0,0.385,1.0,0.275,0.176,0.02,0.765,0.294,0.235,62.0,26.0,39.0,0.667,3.0,12.0,0.25,21.0,,7.0,42.0,0.598,29.0,51.0,0.569,11.0,18.0,0.611,12.0,1.0,221.0,10.0,22.0,72.0,79.0,11.0,10.0,52.0,0.0
batumni01,Nicolas Batum,https://www.basketball-reference.com/players/b/batumni01.html,2021-22,2022,33.0,LAC,PF,PF,38.0,PF,59.0,54.0,1463.0,71.0,117.0,0.607,108.0,270.0,0.4,100.0,,42.0,225.0,0.602,179.0,387.0,0.463,25.0,38.0,0.658,29.0,80.0,491.0,228.0,58.0,40.0,254.0,0.0,1.2,2.0,0.607,1.8,4.6,0.4,1.7,,0.7,3.8,0.602,3.0,6.6,0.463,0.4,0.6,0.658,59.0,54.0,24.8,0.5,1.4,8.3,239.0,1.0,0.7,4.3,1.7,2.9,0.607,2.7,6.6,0.4,2.5,,1.0,5.5,0.602,4.4,9.5,0.463,0.6,0.9,0.658,59.0,54.0,1463.0,0.7,2.0,12.1,184.0,1.4,1.0,6.3,2.4,3.9,0.607,3.6,9.0,0.4,3.4,,1.4,7.5,109.0,0.602,6.0,13.0,0.463,0.8,1.3,0.658,59.0,54.0,1463.0,1.0,118.0,2.7,16.5,184.0,1.9,1.3,8.5,0.698,9.7,,2.4,2.3,1.9,15.8,2.1,0.098,59.0,54.0,1463.0,0.5,2.2,1.6,13.5,184.0,1.9,9.0,9.2,0.608,13.3,1.6,3.7,0.123,,2,27,11,16,59,54,3,5,236,1463,-8.3,-5.1,12,89,0,0,0,184,29,2,0.0,0.0,,0.47,0.307,19.5,13.0,0.044,0.463,0.822,0.636,0.379,0.607,0.375,0.4,59.0,54.0,1463.0,0.803,0.944,0.116,0.057,0.075,0.302,0.041,0.698,184.0,54.5,34.0,,59.0,54.0,114.0,175.0,113.0,113.0,100.0,85.0,40.0,107.0,1463.0,184.0,0.607,0.698,0.4,0.602,0.463,0.658,0.098,0.608,,,,,,,,,,,,,,,,,,,,,,,,,,,,,,,,,,,,,,,,,,,,,,,,,,,,,,,,,,,,,,,,,,,,,,,,,,,,,,,,,,,,,,,,,,,,,,,,,,,,,,,,,,,,,,,,,,,,,,,,,,,,,,,,,,,,,,,,,,,,,,,,,,,,,,,,,,,,,,,,,,,,,,,,,,,,,,,,,,,,,,,,,,,,,,,,,,,,,,,,,,,,,
klebima01,Maxi Kleber,https://www.basketball-reference.com/players/k/klebima01.html,2021-22,2022,30.0,DAL,PF,PF,39.0,PF,59.0,21.0,1450.0,58.0,99.0,0.586,83.0,255.0,0.325,68.0,6MOY-11,58.0,280.0,0.516,141.0,354.0,0.398,46.0,65.0,0.708,70.0,137.0,411.0,257.0,30.0,47.0,350.0,0.0,1.0,1.7,0.586,1.4,4.3,0.325,1.2,6MOY-11,1.0,4.7,0.516,2.4,6.0,0.398,0.8,1.1,0.708,59.0,21.0,24.6,1.2,2.3,7.0,300.0,0.5,0.8,5.9,1.4,2.5,0.586,2.1,6.3,0.325,1.7,6MOY-11,1.4,7.0,0.516,3.5,8.8,0.398,1.1,1.6,0.708,59.0,21.0,1450.0,1.7,3.4,10.2,188.0,0.7,1.2,8.7,2.0,3.4,0.586,2.9,8.9,0.325,2.4,6MOY-11,2.0,9.7,107.0,0.516,4.9,12.3,0.398,1.6,2.3,0.708,59.0,21.0,1450.0,2.4,109.0,4.8,14.3,188.0,1.0,1.6,12.1,0.72,6.5,6MOY-11,3.6,-0.4,1.2,21.5,2.3,0.184,59.0,21.0,1450.0,-1.6,5.4,0.7,11.0,188.0,1.0,10.9,13.4,0.537,13.3,0.6,3.0,0.098,6MOY-11,14,76,20,21,59,21,5,14,172,1450,0.8,4.1,48,53,0,0,0,188,12,11,1.0,0.0,6MOY-11,0.322,0.231,19.9,20.0,0.056,0.398,0.845,0.214,0.111,0.586,0.278,0.325,59.0,21.0,1450.0,0.845,0.988,0.164,0.04,0.025,0.28,0.051,0.72,188.0,-11.4,-22.1,6MOY-11,59.0,21.0,110.0,180.0,92.0,97.0,86.0,91.0,74.0,95.0,1450.0,188.0,0.586,0.72,0.325,0.516,0.398,0.708,0.184,0.537,,18.0,0.0,134.0,184.0,123.0,126.0,110.0,92.0,80.0,120.0,457.0,26.0,0.714,0.736,0.436,0.67,0.509,0.714,0.198,0.681,0.736,6.9,,3.0,2.2,1.3,17.5,0.3,0.198,18.0,0.0,457.0,0.9,3.8,1.0,14.0,26.0,0.5,8.7,10.6,0.681,13.1,0.5,1.2,0.131,,4.0,32.0,2.0,4.0,18.0,0.0,2.0,2.0,52.0,457.0,-4.2,-1.4,98.0,2.0,0.0,0.0,0.0,26.0,3.0,2.0,2.3,3.2,0.714,3.9,8.9,0.436,2.3,,1.7,7.6,115.0,0.67,6.1,12.0,0.509,1.7,2.4,0.714,18.0,0.0,457.0,1.7,130.0,5.6,17.8,26.0,0.5,1.2,9.3,1.6,2.2,0.714,2.7,6.1,0.436,1.6,,1.2,5.3,0.67,4.3,8.4,0.509,1.2,1.7,0.714,18.0,0.0,457.0,1.2,3.9,12.4,26.0,0.3,0.9,6.5,1.1,1.6,0.714,1.9,4.3,0.436,1.1,,0.8,3.7,0.67,3.0,5.9,0.509,0.8,1.2,0.714,18.0,0.0,25.4,0.8,2.7,8.7,86.0,0.2,0.6,4.6,0.0,0.0,,0.464,0.359,19.9,7.0,0.066,0.509,1.0,0.333,1.0,0.714,0.25,0.436,18.0,0.0,457.0,0.85,1.0,0.132,0.028,0.028,0.264,0.075,0.736,26.0,20.0,28.0,0.714,34.0,78.0,0.436,20.0,,15.0,67.0,0.67,54.0,106.0,0.509,15.0,21.0,0.714,18.0,0.0,457.0,15.0,49.0,157.0,37.0,4.0,11.0,82.0,0.0
porteot01,Otto Porter Jr.,https://www.basketball-reference.com/players/p/porteot01.html,2021-22,2022,28.0,GSW,PF,PF,40.0,PF,63.0,15.0,1396.0,113.0,200.0,0.565,80.0,216.0,0.37,94.0,,29.0,276.0,0.56,193.0,416.0,0.464,49.0,61.0,0.803,86.0,83.0,515.0,221.0,68.0,37.0,362.0,0.0,1.8,3.2,0.565,1.3,3.4,0.37,1.5,,0.5,4.4,0.56,3.1,6.6,0.464,0.8,1.0,0.803,63.0,15.0,22.2,1.4,1.3,8.2,250.0,1.1,0.6,5.7,2.9,5.2,0.565,2.1,5.6,0.37,2.4,,0.7,7.1,0.56,5.0,10.7,0.464,1.3,1.6,0.803,63.0,15.0,1396.0,2.2,2.1,13.3,200.0,1.8,1.0,9.3,3.9,7.0,0.565,2.8,7.5,0.37,3.3,,1.0,9.6,104.0,0.56,6.7,14.5,0.464,1.7,2.1,0.803,63.0,15.0,1396.0,3.0,121.0,2.9,18.0,200.0,2.4,1.3,12.6,0.519,9.6,,2.0,3.1,2.1,21.0,2.7,0.147,63.0,15.0,1396.0,1.0,6.9,2.2,15.9,200.0,2.4,7.7,14.2,0.581,15.0,1.8,4.9,0.168,,7,47,3,27,63,15,6,9,241,1396,1.6,6.8,36,64,0,0,0,200,18,7,0.0,0.0,,0.327,0.241,16.7,11.0,0.029,0.464,0.746,0.444,0.414,0.565,0.515,0.37,63.0,15.0,1396.0,0.735,0.95,0.161,0.087,0.07,0.481,0.163,0.519,200.0,23.6,13.7,,63.0,15.0,106.0,130.0,105.0,105.0,101.0,104.0,59.0,103.0,1396.0,200.0,0.565,0.519,0.37,0.56,0.464,0.803,0.147,0.581,,19.0,3.0,119.0,153.0,114.0,116.0,107.0,100.0,47.0,111.0,371.0,37.0,0.633,0.61,0.404,0.617,0.494,0.778,0.117,0.63,0.61,12.1,,1.6,2.7,2.6,15.6,0.5,0.117,19.0,3.0,371.0,0.1,3.7,0.6,13.0,37.0,2.3,12.9,9.8,0.63,11.0,0.4,1.0,0.135,,4.0,17.0,3.0,4.0,19.0,3.0,1.0,1.0,79.0,371.0,10.6,12.3,59.0,42.0,0.0,0.0,0.0,37.0,2.0,1.0,2.5,4.0,0.633,2.5,6.3,0.404,4.5,,0.8,7.1,109.0,0.617,5.1,10.3,0.494,0.9,1.2,0.778,19.0,3.0,371.0,1.6,125.0,4.5,13.6,37.0,2.3,1.6,8.7,1.8,2.9,0.633,1.8,4.6,0.404,3.3,,0.6,5.1,0.617,3.7,7.5,0.494,0.7,0.9,0.778,19.0,3.0,371.0,1.2,3.3,9.9,37.0,1.6,1.2,6.3,1.0,1.6,0.633,1.0,2.5,0.404,1.8,,0.3,2.8,0.617,2.0,4.1,0.494,0.4,0.5,0.778,19.0,3.0,19.5,0.6,1.8,5.4,116.0,0.9,0.6,3.4,0.0,0.0,,0.429,0.298,18.9,0.0,0.0,0.494,0.667,0.667,0.333,0.633,0.75,0.404,19.0,3.0,371.0,0.737,1.0,0.078,0.078,0.078,0.39,0.156,0.61,37.0,19.0,30.0,0.633,19.0,47.0,0.404,34.0,,6.0,53.0,0.617,38.0,77.0,0.494,7.0,9.0,0.778,19.0,3.0,371.0,12.0,34.0,102.0,63.0,17.0,12.0,65.0,0.0
greendr01,Draymond Green,https://www.basketball-reference.com/players/g/greendr01.html,2021-22,2022,31.0,GSW,PF,PF,41.0,PF,46.0,44.0,1329.0,119.0,203.0,0.586,16.0,54.0,0.296,320.0,"DPOY-10,AS,DEF2",50.0,291.0,0.556,135.0,257.0,0.525,60.0,91.0,0.659,45.0,136.0,346.0,283.0,61.0,139.0,336.0,1.0,2.6,4.4,0.586,0.3,1.2,0.296,7.0,"DPOY-10,AS,DEF2",1.1,6.3,0.556,2.9,5.6,0.525,1.3,2.0,0.659,46.0,44.0,28.9,1.0,3.0,7.5,275.0,1.3,3.0,7.3,3.2,5.5,0.586,0.4,1.5,0.296,8.7,"DPOY-10,AS,DEF2",1.4,7.9,0.556,3.7,7.0,0.525,1.6,2.5,0.659,46.0,44.0,1329.0,1.2,3.7,9.4,208.0,1.7,3.8,9.1,4.4,7.4,0.586,0.6,2.0,0.296,11.7,"DPOY-10,AS,DEF2",1.8,10.7,103.0,0.556,5.0,9.4,0.525,2.2,3.3,0.659,46.0,44.0,1329.0,1.7,109.0,5.0,12.7,208.0,2.2,5.1,12.3,0.21,32.5,"DPOY-10,AS,DEF2",3.6,3.2,4.6,23.2,2.8,0.354,46.0,44.0,1329.0,-1.4,3.8,0.8,14.3,208.0,2.2,31.9,13.8,0.582,14.3,1.8,3.6,0.131,"DPOY-10,AS,DEF2",19,64,13,41,46,44,7,15,778,1329,1.3,6.6,19,75,0,6,0,208,106,9,4.0,0.0,"DPOY-10,AS,DEF2",0.167,0.222,9.8,21.0,0.093,0.525,0.716,0.267,0.3,0.586,0.557,0.296,46.0,44.0,1329.0,0.714,1.0,0.315,0.058,0.039,0.79,0.377,0.21,208.0,12.7,9.8,"DPOY-10,AS,DEF2",46.0,44.0,110.0,53.0,84.0,105.0,114.0,85.0,143.0,103.0,1329.0,208.0,0.586,0.21,0.296,0.556,0.525,0.659,0.354,0.582,,22.0,22.0,109.0,68.0,58.0,95.0,104.0,82.0,132.0,94.0,703.0,9.0,0.581,0.271,0.205,0.507,0.479,0.638,0.326,0.534,0.271,25.7,,3.2,0.9,2.9,20.6,1.0,0.326,22.0,22.0,703.0,-2.0,4.3,0.4,12.3,9.0,1.8,26.4,12.7,0.534,14.0,0.5,1.4,0.094,,9.0,38.0,5.0,27.0,22.0,22.0,9.0,11.0,333.0,703.0,10.6,8.9,32.0,67.0,0.0,1.0,0.0,9.0,41.0,7.0,4.3,7.4,0.581,0.6,2.7,0.205,9.7,,1.5,9.3,108.0,0.507,4.9,10.1,0.479,2.1,3.3,0.638,22.0,22.0,703.0,1.8,108.0,6.1,12.4,9.0,1.8,4.1,11.2,3.1,5.4,0.581,0.4,2.0,0.205,7.1,,1.1,6.8,0.507,3.5,7.4,0.479,1.5,2.4,0.638,22.0,22.0,703.0,1.3,4.5,9.0,9.0,1.3,3.0,8.1,2.8,4.8,0.581,0.4,1.8,0.205,6.3,,1.0,6.0,0.507,3.1,6.5,0.479,1.4,2.1,0.638,22.0,22.0,32.0,1.2,4.0,8.0,95.0,1.1,2.7,7.2,0.0,0.0,,0.2,0.385,11.0,13.0,0.097,0.479,0.8,0.556,0.5,0.581,0.528,0.205,22.0,22.0,703.0,0.852,0.875,0.139,0.063,0.028,0.729,0.5,0.271,9.0,61.0,105.0,0.581,8.0,39.0,0.205,138.0,,22.0,133.0,0.507,69.0,144.0,0.479,30.0,47.0,0.638,22.0,22.0,703.0,26.0,87.0,176.0,32.0,25.0,59.0,159.0,0.0
metuch01,Chimezie Metu,https://www.basketball-reference.com/players/m/metuch01.html,2021-22,2022,24.0,SAC,C,PF,42.0,PF,60.0,20.0,1279.0,146.0,263.0,0.555,57.0,186.0,0.306,60.0,,32.0,301.0,0.516,203.0,449.0,0.452,71.0,91.0,0.78,34.0,93.0,534.0,212.0,51.0,61.0,335.0,0.0,2.4,4.4,0.555,1.0,3.1,0.306,1.0,,0.5,5.0,0.516,3.4,7.5,0.452,1.2,1.5,0.78,60.0,20.0,21.3,0.6,1.6,8.9,220.0,0.9,1.0,5.6,4.1,7.4,0.555,1.6,5.2,0.306,1.7,,0.9,8.5,0.516,5.7,12.6,0.452,2.0,2.6,0.78,60.0,20.0,1279.0,1.0,2.6,15.0,214.0,1.4,1.7,9.4,5.5,9.9,0.555,2.1,7.0,0.306,2.3,,1.2,11.3,111.0,0.516,7.6,16.9,0.452,2.7,3.4,0.78,60.0,20.0,1279.0,1.3,104.0,3.5,20.1,214.0,1.9,2.3,12.6,0.414,6.9,,2.2,-1.5,0.1,25.9,1.4,0.203,60.0,20.0,1279.0,-1.6,2.9,0.1,13.4,214.0,1.9,11.1,14.3,0.546,18.5,0.2,1.5,0.056,,9,38,8,45,60,20,7,29,146,1279,-0.3,-5.7,16,84,0,0,0,214,23,25,0.0,0.0,,0.304,0.301,14.0,63.0,0.167,0.452,0.718,0.368,0.409,0.555,0.49,0.306,60.0,20.0,1279.0,0.74,0.965,0.229,0.085,0.049,0.586,0.223,0.414,214.0,-14.5,-19.6,,60.0,20.0,104.0,104.0,87.0,97.0,98.0,101.0,82.0,96.0,1279.0,214.0,0.555,0.414,0.306,0.516,0.452,0.78,0.203,0.546,,,,,,,,,,,,,,,,,,,,,,,,,,,,,,,,,,,,,,,,,,,,,,,,,,,,,,,,,,,,,,,,,,,,,,,,,,,,,,,,,,,,,,,,,,,,,,,,,,,,,,,,,,,,,,,,,,,,,,,,,,,,,,,,,,,,,,,,,,,,,,,,,,,,,,,,,,,,,,,,,,,,,,,,,,,,,,,,,,,,,,,,,,,,,,,,,,,,,,,,,,,,,
clarkbr01,Brandon Clarke,https://www.basketball-reference.com/players/c/clarkbr01.html,2021-22,2022,25.0,MEM,PF,PF,43.0,PF,64.0,1.0,1246.0,283.0,425.0,0.666,5.0,22.0,0.227,86.0,6MOY-11,68.0,207.0,0.65,288.0,447.0,0.644,85.0,130.0,0.654,135.0,122.0,666.0,159.0,39.0,34.0,342.0,0.0,4.4,6.6,0.666,0.1,0.3,0.227,1.3,6MOY-11,1.1,3.2,0.65,4.5,7.0,0.644,1.3,2.0,0.654,64.0,1.0,19.5,2.1,1.9,10.4,170.0,0.6,0.5,5.3,8.2,12.3,0.666,0.1,0.6,0.227,2.5,6MOY-11,2.0,6.0,0.65,8.3,12.9,0.644,2.5,3.8,0.654,64.0,1.0,1246.0,3.9,3.5,19.2,220.0,1.1,1.0,9.9,10.9,16.3,0.666,0.2,0.8,0.227,3.3,6MOY-11,2.6,7.9,108.0,0.65,11.1,17.2,0.644,3.3,5.0,0.654,64.0,1.0,1246.0,5.2,138.0,4.7,25.6,220.0,1.5,1.3,13.1,0.049,10.3,6MOY-11,4.9,4.2,1.1,17.8,1.9,0.291,64.0,1.0,1246.0,3.1,11.1,4.4,23.7,220.0,1.5,6.3,14.4,0.66,17.7,2.0,6.3,0.241,6MOY-11,12,57,4,60,64,1,21,26,206,1246,3.2,8.0,1,82,0,17,0,220,6,10,0.0,0.0,6MOY-11,0.2,0.682,5.4,76.0,0.179,0.644,0.776,0.462,0.571,0.666,0.568,0.227,64.0,1.0,1246.0,0.689,1.0,0.499,0.116,0.016,0.951,0.311,0.049,220.0,105.7,95.2,6MOY-11,64.0,1.0,125.0,12.0,64.0,122.0,140.0,84.0,117.0,117.0,1246.0,220.0,0.666,0.049,0.227,0.65,0.644,0.654,0.291,0.66,,12.0,0.0,117.0,3.0,0.0,116.0,133.0,86.0,239.0,114.0,296.0,51.0,0.622,0.011,0.0,0.615,0.615,0.667,0.593,0.645,0.011,12.7,,3.3,4.8,1.4,17.3,0.4,0.593,12.0,0.0,296.0,3.5,12.5,1.0,22.4,51.0,1.4,9.5,14.8,0.645,17.5,0.5,1.4,0.226,,2.0,8.0,4.0,23.0,12.0,0.0,4.0,10.0,60.0,296.0,-1.9,1.3,8.0,92.0,0.0,0.0,0.0,51.0,1.0,7.0,8.9,14.3,0.622,0.0,0.2,0.0,3.8,,1.6,7.3,108.0,0.615,8.9,14.5,0.615,5.7,8.6,0.667,12.0,0.0,296.0,5.9,133.0,3.7,23.5,51.0,1.4,1.9,13.2,6.8,10.9,0.622,0.0,0.1,0.0,2.9,,1.2,5.6,0.615,6.8,11.1,0.615,4.4,6.6,0.667,12.0,0.0,296.0,4.5,2.8,18.0,51.0,1.1,1.5,10.1,4.7,7.5,0.622,0.0,0.1,0.0,2.0,,0.8,3.8,0.615,4.7,7.6,0.615,3.0,4.5,0.667,12.0,0.0,24.7,3.1,1.9,12.3,56.0,0.8,1.0,6.9,0.0,0.0,,0.0,1.0,4.1,13.0,0.154,0.615,0.809,0.667,,0.622,0.378,0.0,12.0,0.0,296.0,0.714,,0.516,0.066,0.0,0.989,0.407,0.011,51.0,56.0,90.0,0.622,0.0,1.0,0.0,24.0,,10.0,46.0,0.615,56.0,91.0,0.615,36.0,54.0,0.667,12.0,0.0,296.0,37.0,23.0,148.0,41.0,9.0,12.0,83.0,0.0
pokusal01,Aleksej Pokusevski,https://www.basketball-reference.com/players/p/pokusal01.html,2021-22,2022,20.0,OKC,PF,PF,44.0,PF,61.0,12.0,1233.0,129.0,259.0,0.498,57.0,197.0,0.289,131.0,,38.0,245.0,0.47,186.0,456.0,0.408,35.0,50.0,0.7,73.0,88.0,464.0,239.0,39.0,94.0,318.0,1.0,2.1,4.2,0.498,0.9,3.2,0.289,2.1,,0.6,4.0,0.47,3.0,7.5,0.408,0.6,0.8,0.7,61.0,12.0,20.2,1.2,1.4,7.6,271.0,0.6,1.5,5.2,3.8,7.6,0.498,1.7,5.8,0.289,3.8,,1.1,7.2,0.47,5.4,13.3,0.408,1.0,1.5,0.7,61.0,12.0,1233.0,2.1,2.6,13.5,224.0,1.1,2.7,9.3,5.1,10.2,0.498,2.3,7.8,0.289,5.2,,1.5,9.7,111.0,0.47,7.3,18.0,0.408,1.4,2.0,0.7,61.0,12.0,1233.0,2.9,96.0,3.5,18.3,224.0,1.5,3.7,12.6,0.432,16.5,,2.9,-2.6,0.1,20.8,1.5,0.11,61.0,12.0,1233.0,-2.7,6.0,-1.1,12.0,224.0,1.5,16.4,13.3,0.485,20.0,-0.2,0.4,0.014,,10,46,5,21,61,12,3,24,322,1233,7.3,-3.3,49,49,0,2,0,224,51,24,0.0,0.0,,0.325,0.203,14.5,32.0,0.075,0.408,0.703,0.344,0.304,0.498,0.416,0.289,61.0,12.0,1233.0,0.535,0.947,0.2,0.07,0.05,0.568,0.248,0.432,224.0,-55.9,-77.1,,61.0,12.0,94.0,108.0,82.0,88.0,88.0,90.0,44.0,86.0,1233.0,224.0,0.498,0.432,0.289,0.47,0.408,0.7,0.11,0.485,,,,,,,,,,,,,,,,,,,,,,,,,,,,,,,,,,,,,,,,,,,,,,,,,,,,,,,,,,,,,,,,,,,,,,,,,,,,,,,,,,,,,,,,,,,,,,,,,,,,,,,,,,,,,,,,,,,,,,,,,,,,,,,,,,,,,,,,,,,,,,,,,,,,,,,,,,,,,,,,,,,,,,,,,,,,,,,,,,,,,,,,,,,,,,,,,,,,,,,,,,,,,
toppiob01,Obi Toppin,https://www.basketball-reference.com/players/t/toppiob01.html,2021-22,2022,23.0,NYK,PF,PF,45.0,PF,72.0,10.0,1230.0,199.0,304.0,0.655,52.0,169.0,0.308,77.0,,33.0,199.0,0.586,251.0,473.0,0.531,94.0,124.0,0.758,69.0,102.0,648.0,168.0,25.0,56.0,268.0,0.0,2.8,4.2,0.655,0.7,2.3,0.308,1.1,,0.5,2.8,0.586,3.5,6.6,0.531,1.3,1.7,0.758,72.0,10.0,17.1,1.0,1.4,9.0,217.0,0.3,0.8,3.7,5.8,8.9,0.655,1.5,4.9,0.308,2.3,,1.0,5.8,0.586,7.3,13.8,0.531,2.8,3.6,0.758,72.0,10.0,1230.0,2.0,3.0,19.0,225.0,0.7,1.6,7.8,8.1,12.4,0.655,2.1,6.9,0.308,3.1,,1.3,8.1,111.0,0.586,10.2,19.2,0.531,3.8,5.0,0.758,72.0,10.0,1230.0,2.8,120.0,4.1,26.4,225.0,1.0,2.3,10.9,0.357,10.9,,2.6,2.0,0.3,17.7,1.5,0.262,72.0,10.0,1230.0,1.7,5.9,2.5,18.3,225.0,1.0,9.6,11.7,0.614,20.8,1.2,3.9,0.153,,15,50,2,60,72,10,13,28,203,1230,9.9,7.1,2,98,0,0,0,225,18,12,1.0,0.0,,0.349,0.491,10.5,102.0,0.235,0.531,0.728,0.375,0.333,0.655,0.392,0.308,72.0,10.0,1230.0,0.824,1.0,0.505,0.017,0.013,0.643,0.108,0.357,225.0,51.0,50.8,,72.0,10.0,123.0,89.0,87.0,110.0,115.0,98.0,106.0,109.0,1230.0,225.0,0.655,0.357,0.308,0.586,0.531,0.758,0.262,0.614,,,,,,,,,,,,,,,,,,,,,,,,,,,,,,,,,,,,,,,,,,,,,,,,,,,,,,,,,,,,,,,,,,,,,,,,,,,,,,,,,,,,,,,,,,,,,,,,,,,,,,,,,,,,,,,,,,,,,,,,,,,,,,,,,,,,,,,,,,,,,,,,,,,,,,,,,,,,,,,,,,,,,,,,,,,,,,,,,,,,,,,,,,,,,,,,,,,,,,,,,,,,,
mcderdo01,Doug McDermott,https://www.basketball-reference.com/players/m/mcderdo01.html,2021-22,2022,30.0,SAS,PF,PF,46.0,PF,51.0,51.0,1223.0,107.0,209.0,0.512,108.0,256.0,0.422,64.0,,6.0,97.0,0.578,215.0,465.0,0.462,40.0,51.0,0.784,18.0,79.0,578.0,197.0,13.0,43.0,115.0,0.0,2.1,4.1,0.512,2.1,5.0,0.422,1.3,,0.1,1.9,0.578,4.2,9.1,0.462,0.8,1.0,0.784,51.0,51.0,24.0,0.4,1.5,11.3,148.0,0.3,0.8,2.3,3.1,6.2,0.512,3.2,7.5,0.422,1.9,,0.2,2.9,0.578,6.3,13.7,0.462,1.2,1.5,0.784,51.0,51.0,1223.0,0.5,2.3,17.0,226.0,0.4,1.3,3.4,4.2,8.2,0.512,4.2,10.0,0.422,2.5,,0.2,3.8,118.0,0.578,8.4,18.2,0.462,1.6,2.0,0.784,51.0,51.0,1223.0,0.7,112.0,3.1,22.7,226.0,0.5,1.7,4.5,0.551,7.3,,0.4,-2.5,-2.1,8.4,0.5,0.11,51.0,51.0,1223.0,-0.4,1.5,1.1,11.4,226.0,0.5,8.1,4.9,0.593,18.3,-0.1,1.6,0.062,,5,39,2,21,51,51,4,23,150,1223,-4.7,-3.2,3,97,0,0,0,226,18,14,0.0,0.0,,0.542,0.188,16.6,5.0,0.011,0.462,0.646,0.464,0.538,0.512,0.395,0.422,51.0,51.0,1223.0,0.85,0.991,0.176,0.06,0.028,0.449,0.185,0.551,226.0,43.5,26.2,,51.0,51.0,96.0,138.0,119.0,109.0,100.0,101.0,44.0,105.0,1223.0,226.0,0.512,0.551,0.422,0.578,0.462,0.784,0.11,0.593,,,,,,,,,,,,,,,,,,,,,,,,,,,,,,,,,,,,,,,,,,,,,,,,,,,,,,,,,,,,,,,,,,,,,,,,,,,,,,,,,,,,,,,,,,,,,,,,,,,,,,,,,,,,,,,,,,,,,,,,,,,,,,,,,,,,,,,,,,,,,,,,,,,,,,,,,,,,,,,,,,,,,,,,,,,,,,,,,,,,,,,,,,,,,,,,,,,,,,,,,,,,,
johnsja01,James Johnson,https://www.basketball-reference.com/players/j/johnsja01.html,2021-22,2022,34.0,BRK,PF,PF,47.0,PF,62.0,10.0,1191.0,121.0,222.0,0.545,23.0,85.0,0.271,130.0,,34.0,164.0,0.507,144.0,307.0,0.469,29.0,55.0,0.527,51.0,162.0,340.0,289.0,30.0,48.0,215.0,0.0,2.0,3.6,0.545,0.4,1.4,0.271,2.1,,0.5,2.6,0.507,2.3,5.0,0.469,0.5,0.9,0.527,62.0,10.0,19.2,0.8,2.6,5.5,367.0,0.5,0.8,3.5,3.7,6.7,0.545,0.7,2.6,0.271,3.9,,1.0,5.0,0.507,4.4,9.3,0.469,0.9,1.7,0.527,62.0,10.0,1191.0,1.5,4.9,10.3,232.0,0.9,1.5,6.5,4.9,9.0,0.545,0.9,3.5,0.271,5.3,,1.4,6.7,113.0,0.507,5.9,12.5,0.469,1.2,2.2,0.527,62.0,10.0,1191.0,2.1,109.0,6.6,13.8,232.0,1.2,2.0,8.8,0.277,14.5,,2.6,-2.2,0.6,14.6,1.1,0.179,62.0,10.0,1191.0,-2.7,4.8,0.6,10.3,232.0,1.2,12.7,9.8,0.513,13.7,-0.1,1.7,0.068,,8,80,3,30,62,10,9,19,318,1191,-3.2,-0.9,4,66,0,30,0,232,27,9,0.0,0.0,,0.313,0.376,9.4,25.0,0.091,0.469,0.651,0.2,0.143,0.545,0.39,0.271,62.0,10.0,1191.0,0.512,0.913,0.476,0.033,0.023,0.723,0.192,0.277,232.0,-15.5,-34.9,,62.0,10.0,102.0,69.0,77.0,95.0,102.0,68.0,72.0,91.0,1191.0,232.0,0.545,0.277,0.271,0.507,0.469,0.527,0.179,0.513,,,,,,,,,,,,,,,,,,,,,,,,,,,,,,,,,,,,,,,,,,,,,,,,,,,,,,,,,,,,,,,,,,,,,,,,,,,,,,,,,,,,,,,,,,,,,,,,,,,,,,,,,,,,,,,,,,,,,,,,,,,,,,,,,,,,,,,,,,,,,,,,,,,,,,,,,,,,,,,,,,,,,,,,,,,,,,,,,,,,,,,,,,,,,,,,,,,,,,,,,,,,,
kuminjo01,Jonathan Kuminga,https://www.basketball-reference.com/players/k/kuminjo01.html,2021-22,2022,19.0,GSW,SF,PF,48.0,PF,70.0,12.0,1185.0,186.0,311.0,0.598,50.0,149.0,0.336,64.0,,22.0,180.0,0.567,236.0,460.0,0.513,130.0,190.0,0.684,54.0,146.0,652.0,165.0,31.0,74.0,234.0,0.0,2.7,4.4,0.598,0.7,2.1,0.336,0.9,,0.3,2.6,0.567,3.4,6.6,0.513,1.9,2.7,0.684,70.0,12.0,16.9,0.8,2.1,9.3,201.0,0.4,1.1,3.3,5.7,9.4,0.598,1.5,4.5,0.336,1.9,,0.7,5.5,0.567,7.2,14.0,0.513,3.9,5.8,0.684,70.0,12.0,1185.0,1.6,4.4,19.8,233.0,0.9,2.2,7.1,7.7,12.8,0.598,2.1,6.1,0.336,2.6,,0.9,7.4,108.0,0.567,9.7,18.9,0.513,5.3,7.8,0.684,70.0,12.0,1185.0,2.2,112.0,6.0,26.8,233.0,1.3,3.0,9.6,0.324,8.4,,1.8,-1.5,-0.2,16.1,1.8,0.413,70.0,12.0,1185.0,-1.3,5.1,1.3,15.2,233.0,1.3,12.0,10.8,0.6,22.7,0.1,3.0,0.123,,18,66,5,93,70,12,11,35,156,1185,-5.3,2.0,24,63,0,14,0,233,33,19,2.0,0.0,,0.25,0.349,11.0,74.0,0.172,0.513,0.771,0.4,0.286,0.598,0.433,0.336,70.0,12.0,1185.0,0.608,1.0,0.341,0.043,0.015,0.676,0.276,0.324,233.0,32.8,36.6,,70.0,12.0,112.0,81.0,95.0,107.0,111.0,88.0,166.0,106.0,1185.0,233.0,0.598,0.324,0.336,0.567,0.513,0.684,0.413,0.6,,16.0,3.0,108.0,54.0,65.0,99.0,108.0,99.0,175.0,103.0,138.0,103.0,0.574,0.217,0.231,0.525,0.5,0.769,0.433,0.581,0.217,9.0,,1.5,-2.0,-0.7,18.2,0.1,0.433,16.0,3.0,138.0,-1.3,3.3,0.1,16.1,103.0,1.1,13.3,11.0,0.581,26.2,0.0,0.2,0.08,,3.0,6.0,1.0,12.0,16.0,3.0,2.0,5.0,19.0,138.0,-18.9,-10.9,12.0,89.0,0.0,0.0,0.0,103.0,5.0,2.0,9.7,16.8,0.574,1.1,4.7,0.231,2.9,,0.7,8.2,111.0,0.525,10.7,21.5,0.5,7.2,9.3,0.769,16.0,3.0,138.0,1.4,107.0,3.9,29.7,103.0,1.1,3.9,9.7,7.0,12.3,0.574,0.8,3.4,0.231,2.1,,0.5,6.0,0.525,7.8,15.7,0.5,5.2,6.8,0.769,16.0,3.0,138.0,1.0,2.9,21.7,103.0,0.8,2.9,7.0,1.7,2.9,0.574,0.2,0.8,0.231,0.5,,0.1,1.4,0.525,1.9,3.8,0.5,1.3,1.6,0.769,16.0,3.0,8.6,0.3,0.7,5.2,117.0,0.2,0.7,1.7,0.0,0.0,,0.25,0.308,10.4,13.0,0.217,0.5,0.813,0.222,0.25,0.574,0.611,0.231,16.0,3.0,138.0,0.63,0.667,0.267,0.15,0.067,0.783,0.3,0.217,103.0,27.0,47.0,0.574,3.0,13.0,0.231,8.0,,2.0,23.0,0.525,30.0,60.0,0.5,20.0,26.0,0.769,16.0,3.0,138.0,4.0,11.0,83.0,69.0,3.0,11.0,27.0,0.0
baglema01,Marvin Bagley III,https://www.basketball-reference.com/players/b/baglema01.html,2021-22,2022,22.0,2TM,PF,PF,49.0,PF,48.0,25.0,1153.0,202.0,349.0,0.579,23.0,97.0,0.237,36.0,,18.0,233.0,0.53,225.0,446.0,0.504,67.0,101.0,0.663,105.0,93.0,540.0,209.0,22.0,39.0,338.0,0.0,4.2,7.3,0.579,0.5,2.0,0.237,0.8,,0.4,4.9,0.53,4.7,9.3,0.504,1.4,2.1,0.663,48.0,25.0,24.0,2.2,1.9,11.3,145.0,0.5,0.8,7.0,6.3,10.9,0.579,0.7,3.0,0.237,1.1,,0.6,7.3,0.53,7.0,13.9,0.504,2.1,3.2,0.663,48.0,25.0,1153.0,3.3,2.9,16.9,243.0,0.7,1.2,10.6,8.5,14.7,0.579,1.0,4.1,0.237,1.5,,0.8,9.8,114.0,0.53,9.5,18.8,0.504,2.8,4.3,0.663,48.0,25.0,1153.0,4.4,112.0,3.9,22.8,243.0,0.9,1.6,14.3,0.217,5.2,,1.4,-2.3,-1.8,22.7,0.9,0.226,48.0,25.0,1153.0,-0.5,9.7,1.2,15.7,243.0,0.9,7.4,16.0,0.551,19.8,-0.1,2.0,0.084,,14,57,9,55,48,25,19,30,95,1153,0.8,-5.9,21,78,0,0,0,243,9,5,1.0,0.0,,0.213,0.485,9.1,52.0,0.126,0.504,0.795,0.306,0.2,0.579,0.457,0.237,48.0,25.0,1153.0,0.658,0.913,0.327,0.081,0.011,0.783,0.363,0.217,243.0,-1.3,-15.2,,48.0,25.0,109.0,54.0,67.0,100.0,109.0,86.0,91.0,97.0,1153.0,243.0,0.579,0.217,0.237,0.53,0.504,0.663,0.226,0.551,,,,,,,,,,,,,,,,,,,,,,,,,,,,,,,,,,,,,,,,,,,,,,,,,,,,,,,,,,,,,,,,,,,,,,,,,,,,,,,,,,,,,,,,,,,,,,,,,,,,,,,,,,,,,,,,,,,,,,,,,,,,,,,,,,,,,,,,,,,,,,,,,,,,,,,,,,,,,,,,,,,,,,,,,,,,,,,,,,,,,,,,,,,,,,,,,,,,,,,,,,,,,
johnsst04,Stanley Johnson,https://www.basketball-reference.com/players/j/johnsst04.html,2021-22,2022,25.0,LAL,PF,PF,50.0,PF,48.0,27.0,1094.0,84.0,146.0,0.575,33.0,105.0,0.314,80.0,,14.0,121.0,0.532,117.0,251.0,0.466,53.0,74.0,0.716,34.0,109.0,320.0,302.0,43.0,35.0,155.0,0.0,1.8,3.0,0.575,0.7,2.2,0.314,1.7,,0.3,2.5,0.532,2.4,5.2,0.466,1.1,1.5,0.716,48.0,27.0,22.8,0.7,2.3,6.7,309.0,0.9,0.7,3.2,2.8,4.8,0.575,1.1,3.5,0.314,2.6,,0.5,4.0,0.532,3.9,8.3,0.466,1.7,2.4,0.716,48.0,27.0,1094.0,1.1,3.6,10.5,250.0,1.4,1.2,5.1,3.7,6.4,0.575,1.4,4.6,0.314,3.5,,0.6,5.3,114.0,0.532,5.1,11.0,0.466,2.3,3.2,0.716,48.0,27.0,1094.0,1.5,114.0,4.8,14.0,250.0,1.9,1.5,6.8,0.418,9.8,,1.1,-2.7,0.1,11.9,0.9,0.295,48.0,27.0,1094.0,-2.8,3.4,0.9,10.5,250.0,1.9,11.0,7.6,0.564,12.5,-0.2,1.8,0.079,,6,50,5,35,48,27,8,19,195,1094,2.6,-1.2,6,71,0,23,0,250,15,10,0.0,0.0,,0.244,0.39,13.7,2.0,0.008,0.466,0.738,0.682,0.444,0.575,0.37,0.314,48.0,27.0,1094.0,0.548,0.939,0.243,0.088,0.036,0.582,0.215,0.418,250.0,0.1,-1.0,,48.0,27.0,108.0,105.0,89.0,100.0,101.0,92.0,119.0,100.0,1094.0,250.0,0.575,0.418,0.314,0.532,0.466,0.716,0.295,0.564,,,,,,,,,,,,,,,,,,,,,,,,,,,,,,,,,,,,,,,,,,,,,,,,,,,,,,,,,,,,,,,,,,,,,,,,,,,,,,,,,,,,,,,,,,,,,,,,,,,,,,,,,,,,,,,,,,,,,,,,,,,,,,,,,,,,,,,,,,,,,,,,,,,,,,,,,,,,,,,,,,,,,,,,,,,,,,,,,,,,,,,,,,,,,,,,,,,,,,,,,,,,,
greenja01,JaMychal Green,https://www.basketball-reference.com/players/g/greenja01.html,2021-22,2022,31.0,DEN,PF,PF,51.0,PF,67.0,8.0,1085.0,126.0,203.0,0.621,33.0,124.0,0.266,59.0,,26.0,200.0,0.537,159.0,327.0,0.486,81.0,93.0,0.871,81.0,158.0,432.0,251.0,43.0,57.0,281.0,0.0,1.9,3.0,0.621,0.5,1.9,0.266,0.9,,0.4,3.0,0.537,2.4,4.9,0.486,1.2,1.4,0.871,67.0,8.0,16.2,1.2,2.4,6.4,318.0,0.6,0.9,4.2,4.2,6.7,0.621,1.1,4.1,0.266,2.0,,0.9,6.6,0.537,5.3,10.8,0.486,2.7,3.1,0.871,67.0,8.0,1085.0,2.7,5.2,14.3,254.0,1.4,1.9,9.3,5.7,9.2,0.621,1.5,5.6,0.266,2.7,,1.2,9.0,109.0,0.537,7.2,14.8,0.486,3.7,4.2,0.871,67.0,8.0,1085.0,3.7,114.0,7.1,19.5,254.0,1.9,2.6,12.7,0.379,7.6,,2.2,-1.8,0.1,19.9,1.4,0.284,67.0,8.0,1085.0,-2.0,8.6,1.2,14.1,254.0,1.9,13.4,14.5,0.587,17.2,0.0,2.7,0.118,,23,77,10,41,67,8,2,31,148,1085,-7.0,-2.8,10,63,0,27,0,254,23,8,2.0,0.0,,0.342,0.306,12.1,61.0,0.217,0.486,0.734,0.273,0.692,0.621,0.392,0.266,67.0,8.0,1085.0,0.69,1.0,0.391,0.034,0.04,0.621,0.156,0.379,254.0,3.3,15.5,,67.0,8.0,117.0,95.0,75.0,101.0,105.0,112.0,115.0,104.0,1085.0,254.0,0.621,0.379,0.266,0.537,0.486,0.871,0.284,0.587,,5.0,0.0,85.0,78.0,57.0,76.0,81.0,129.0,176.0,93.0,69.0,146.0,0.455,0.313,0.2,0.406,0.375,1.0,0.438,0.524,0.313,3.9,,1.5,-7.1,-2.7,16.7,0.0,0.438,5.0,0.0,69.0,-4.4,5.2,0.1,6.7,146.0,0.0,9.5,10.8,0.524,13.3,-0.1,0.0,0.012,,2.0,3.0,0.0,4.0,5.0,0.0,1.0,3.0,5.0,69.0,-9.4,-16.6,0.0,92.0,0.0,8.0,0.0,146.0,0.0,0.0,3.6,7.9,0.455,0.7,3.6,0.2,1.4,,0.7,6.5,125.0,0.406,4.3,11.5,0.375,5.0,5.0,1.0,5.0,0.0,69.0,2.2,113.0,8.6,14.4,146.0,0.0,1.4,8.6,2.6,5.7,0.455,0.5,2.6,0.2,1.0,,0.5,4.7,0.406,3.1,8.3,0.375,3.7,3.7,1.0,5.0,0.0,69.0,1.6,6.3,10.4,146.0,0.0,1.0,6.3,1.0,2.2,0.455,0.2,1.0,0.2,0.4,,0.2,1.8,0.406,1.2,3.2,0.375,1.4,1.4,1.0,5.0,0.0,13.8,0.6,2.4,4.0,138.0,0.0,0.4,2.4,1.0,0.0,,,0.0,14.5,3.0,0.25,0.375,0.833,,0.0,0.455,0.0,0.2,5.0,0.0,69.0,0.8,1.0,0.375,0.0,0.063,0.688,0.25,0.313,146.0,5.0,11.0,0.455,1.0,5.0,0.2,2.0,,1.0,9.0,0.406,6.0,16.0,0.375,7.0,7.0,1.0,5.0,0.0,69.0,3.0,12.0,20.0,151.0,0.0,2.0,12.0,0.0
georgpa01,Paul George,https://www.basketball-reference.com/players/g/georgpa01.html,2021-22,2022,31.0,LAC,PF,PF,52.0,PF,31.0,31.0,1077.0,177.0,379.0,0.467,91.0,257.0,0.354,176.0,,13.0,201.0,0.493,268.0,636.0,0.421,127.0,148.0,0.858,12.0,74.0,754.0,134.0,67.0,126.0,213.0,0.0,5.7,12.2,0.467,2.9,8.3,0.354,5.7,,0.4,6.5,0.493,8.6,20.5,0.421,4.1,4.8,0.858,31.0,31.0,34.7,0.4,2.4,24.3,18.0,2.2,4.1,6.9,5.9,12.7,0.467,3.0,8.6,0.354,5.9,,0.4,6.7,0.493,9.0,21.3,0.421,4.2,4.9,0.858,31.0,31.0,1077.0,0.4,2.5,25.2,255.0,2.2,4.2,7.1,8.1,17.2,0.467,4.1,11.7,0.354,8.0,,0.6,9.1,106.0,0.493,12.2,28.9,0.421,5.8,6.7,0.858,31.0,31.0,1077.0,0.5,100.0,3.4,34.3,255.0,3.0,5.7,9.7,0.404,28.1,,1.0,3.7,1.9,19.2,1.9,0.233,31.0,31.0,1077.0,1.8,1.2,-0.6,18.6,255.0,3.0,15.2,10.5,0.538,33.7,1.6,1.3,0.057,,8,25,11,61,31,31,13,29,430,1077,5.7,4.3,6,55,0,40,0,255,79,32,0.0,0.0,,0.553,0.148,16.1,9.0,0.017,0.421,0.674,0.455,0.394,0.467,0.333,0.354,31.0,31.0,1077.0,0.209,0.484,0.14,0.156,0.164,0.596,0.118,0.404,255.0,-49.3,-39.7,,31.0,31.0,88.0,101.0,100.0,93.0,91.0,111.0,94.0,95.0,1077.0,255.0,0.467,0.404,0.354,0.493,0.421,0.858,0.233,0.538,,,,,,,,,,,,,,,,,,,,,,,,,,,,,,,,,,,,,,,,,,,,,,,,,,,,,,,,,,,,,,,,,,,,,,,,,,,,,,,,,,,,,,,,,,,,,,,,,,,,,,,,,,,,,,,,,,,,,,,,,,,,,,,,,,,,,,,,,,,,,,,,,,,,,,,,,,,,,,,,,,,,,,,,,,,,,,,,,,,,,,,,,,,,,,,,,,,,,,,,,,,,,
nancela02,Larry Nance Jr.,https://www.basketball-reference.com/players/n/nancela02.html,2021-22,2022,29.0,2TM,PF,PF,53.0,PF,46.0,11.0,1040.0,106.0,177.0,0.599,23.0,70.0,0.329,81.0,,20.0,176.0,0.569,129.0,247.0,0.522,40.0,57.0,0.702,72.0,84.0,321.0,301.0,43.0,37.0,248.0,0.0,2.3,3.8,0.599,0.5,1.5,0.329,1.8,,0.4,3.8,0.569,2.8,5.4,0.522,0.9,1.2,0.702,46.0,11.0,22.6,1.6,1.8,7.0,297.0,0.9,0.8,5.4,3.7,6.1,0.599,0.8,2.4,0.329,2.8,,0.7,6.1,0.569,4.5,8.6,0.522,1.4,2.0,0.702,46.0,11.0,1040.0,2.5,2.9,11.1,262.0,1.5,1.3,8.6,5.0,8.3,0.599,1.1,3.3,0.329,3.8,,0.9,8.3,114.0,0.569,6.1,11.6,0.522,1.9,2.7,0.702,46.0,11.0,1040.0,3.4,121.0,4.0,15.1,262.0,2.0,1.7,11.7,0.283,11.4,,1.9,-0.1,0.3,19.3,0.8,0.231,46.0,11.0,1040.0,-0.4,7.4,1.5,14.4,262.0,2.0,12.0,13.1,0.59,12.8,0.5,2.3,0.104,,9,31,11,24,46,11,5,10,208,1040,7.8,-1.4,50,50,0,0,0,262,17,7,1.0,0.0,,0.381,0.3,9.0,40.0,0.178,0.522,0.7,0.214,0.333,0.599,0.476,0.329,46.0,11.0,1040.0,0.66,1.0,0.445,0.057,0.024,0.717,0.17,0.283,262.0,18.4,13.0,,46.0,11.0,112.0,71.0,93.0,107.0,113.0,91.0,93.0,104.0,1040.0,262.0,0.599,0.283,0.329,0.569,0.522,0.702,0.231,0.59,,6.0,0.0,125.0,58.0,63.0,111.0,122.0,106.0,114.0,111.0,130.0,112.0,0.667,0.231,0.222,0.59,0.564,0.818,0.282,0.627,0.231,13.2,,1.3,3.2,0.3,15.5,0.0,0.282,6.0,0.0,130.0,2.9,16.2,0.4,20.7,112.0,1.2,12.0,15.9,0.627,16.5,0.2,0.4,0.162,,0.0,5.0,0.0,5.0,6.0,0.0,1.0,1.0,27.0,130.0,14.3,5.8,81.0,19.0,0.0,0.0,0.0,112.0,3.0,1.0,7.9,11.9,0.667,0.8,3.6,0.222,4.3,,0.8,6.3,120.0,0.59,8.7,15.4,0.564,3.6,4.3,0.818,6.0,0.0,130.0,7.5,134.0,5.9,21.7,112.0,1.2,2.4,13.8,5.5,8.3,0.667,0.6,2.5,0.222,3.0,,0.6,4.4,0.59,6.1,10.8,0.564,2.5,3.0,0.818,6.0,0.0,130.0,5.3,4.2,15.2,112.0,0.8,1.7,9.7,3.3,5.0,0.667,0.3,1.5,0.222,1.8,,0.3,2.7,0.59,3.7,6.5,0.564,1.5,1.8,0.818,6.0,0.0,21.7,3.2,2.5,9.2,85.0,0.5,1.0,5.8,1.0,0.0,,,0.0,10.3,2.0,0.051,0.564,0.882,0.667,1.0,0.667,0.222,0.222,6.0,0.0,130.0,0.4,1.0,0.436,0.077,0.026,0.769,0.231,0.231,112.0,20.0,30.0,0.667,2.0,9.0,0.222,11.0,,2.0,16.0,0.59,22.0,39.0,0.564,9.0,11.0,0.818,6.0,0.0,130.0,19.0,15.0,55.0,101.0,3.0,6.0,35.0,0.0
gayru01,Rudy Gay,https://www.basketball-reference.com/players/g/gayru01.html,2021-22,2022,35.0,UTA,PF,PF,54.0,PF,55.0,1.0,1038.0,87.0,176.0,0.494,70.0,203.0,0.345,56.0,,19.0,187.0,0.507,157.0,379.0,0.414,62.0,79.0,0.785,55.0,95.0,446.0,246.0,25.0,47.0,242.0,0.0,1.6,3.2,0.494,1.3,3.7,0.345,1.0,,0.3,3.4,0.507,2.9,6.9,0.414,1.1,1.4,0.785,55.0,1.0,18.9,1.0,1.7,8.1,252.0,0.5,0.9,4.4,3.0,6.1,0.494,2.4,7.0,0.345,1.9,,0.7,6.5,0.507,5.4,13.1,0.414,2.2,2.7,0.785,55.0,1.0,1038.0,1.9,3.3,15.5,264.0,0.9,1.6,8.4,4.1,8.4,0.494,3.3,9.7,0.345,2.7,,0.9,8.9,110.0,0.507,7.5,18.0,0.414,3.0,3.8,0.785,55.0,1.0,1038.0,2.6,110.0,4.5,21.2,264.0,1.2,2.2,11.5,0.536,7.8,,1.6,-1.0,-0.3,19.1,1.3,0.208,55.0,1.0,1038.0,-0.7,6.0,0.8,13.0,264.0,1.2,10.2,12.8,0.539,19.3,0.3,2.1,0.097,,6,49,4,37,55,1,7,19,140,1038,3.6,8.7,23,77,0,0,0,264,20,16,0.0,0.0,,0.379,0.286,17.4,14.0,0.047,0.414,0.778,0.405,0.391,0.494,0.333,0.345,55.0,1.0,1038.0,0.506,0.929,0.142,0.111,0.061,0.464,0.15,0.536,264.0,-19.0,-22.4,,55.0,1.0,93.0,134.0,98.0,95.0,90.0,101.0,84.0,95.0,1038.0,264.0,0.494,0.536,0.345,0.507,0.414,0.785,0.208,0.539,,,,,,,,,,,,,,,,,,,,,,,,,,,,,,,,,,,,,,,,,,,,,,,,,,,,,,,,,,,,,,,,,,,,,,,,,,,,,,,,,,,,,,,,,,,,,,,,,,,,,,,,,,,,,,,,,,,,,,,,,,,,,,,,,,,,,,,,,,,,,,,,,,,,,,,,,,,,,,,,,,,,,,,,,,,,,,,,,,,,,,,,,,,,,,,,,,,,,,,,,,,,,
edwarke02,Kessler Edwards,https://www.basketball-reference.com/players/e/edwarke02.html,2021-22,2022,21.0,BRK,SF,PF,55.0,PF,48.0,23.0,987.0,62.0,131.0,0.473,48.0,136.0,0.353,31.0,,24.0,128.0,0.502,110.0,267.0,0.412,16.0,19.0,0.842,44.0,85.0,284.0,320.0,29.0,42.0,172.0,0.0,1.3,2.7,0.473,1.0,2.8,0.353,0.6,,0.5,2.7,0.502,2.3,5.6,0.412,0.3,0.4,0.842,48.0,23.0,20.6,0.9,1.8,5.9,346.0,0.6,0.9,3.6,2.3,4.8,0.473,1.8,5.0,0.353,1.1,,0.9,4.7,0.502,4.0,9.7,0.412,0.6,0.7,0.842,48.0,23.0,987.0,1.6,3.1,10.4,276.0,1.1,1.5,6.3,3.0,6.4,0.473,2.4,6.7,0.353,1.5,,1.2,6.3,113.0,0.502,5.4,13.1,0.412,0.8,0.9,0.842,48.0,23.0,987.0,2.2,100.0,4.2,13.9,276.0,1.4,2.1,8.4,0.509,4.1,,2.2,-3.8,-0.8,13.8,0.9,0.071,48.0,23.0,987.0,-3.1,5.0,-0.2,8.3,276.0,1.4,13.2,9.5,0.516,13.8,-0.5,0.6,0.031,,2,44,2,11,48,23,5,19,80,987,-4.4,-1.9,2,53,0,42,3,276,19,12,1.0,0.0,,0.371,0.456,15.4,18.0,0.094,0.412,0.493,0.526,0.5,0.473,0.387,0.353,48.0,23.0,987.0,0.645,1.0,0.266,0.071,0.037,0.491,0.116,0.509,276.0,-15.9,-27.7,,48.0,23.0,89.0,128.0,100.0,94.0,89.0,109.0,29.0,91.0,987.0,276.0,0.473,0.509,0.353,0.502,0.412,0.842,0.071,0.516,,2.0,0.0,,,,,,,,,7.0,204.0,,,,,,,,,,17.5,,0.0,-4.4,6.4,0.0,0.0,,2.0,0.0,7.0,-10.8,0.0,0.0,-2.2,204.0,7.3,100.0,0.0,,6.6,0.0,0.0,-0.104,,0.0,0.0,0.0,0.0,2.0,0.0,0.0,0.0,2.0,7.0,-36.2,-39.2,0.0,5.0,0.0,95.0,0.0,204.0,0.0,0.0,0.0,0.0,,0.0,0.0,,7.3,,0.0,0.0,114.0,,0.0,0.0,,0.0,0.0,,2.0,0.0,7.0,0.0,49.0,21.9,0.0,204.0,7.3,7.3,0.0,0.0,0.0,,0.0,0.0,,5.1,,0.0,0.0,,0.0,0.0,,0.0,0.0,,2.0,0.0,7.0,0.0,15.4,0.0,204.0,5.1,5.1,0.0,0.0,0.0,,0.0,0.0,,0.5,,0.0,0.0,,0.0,0.0,,0.0,0.0,,2.0,0.0,3.5,0.0,1.5,0.0,209.0,0.5,0.5,0.0,0.0,0.0,,,,,0.0,,,,,,,,,2.0,0.0,7.0,,,,,,,,,204.0,0.0,0.0,,0.0,0.0,,1.0,,0.0,0.0,,0.0,0.0,,0.0,0.0,,2.0,0.0,7.0,0.0,3.0,0.0,209.0,1.0,1.0,0.0,0.0
wadede01,Dean Wade,https://www.basketball-reference.com/players/w/wadede01.html,2021-22,2022,25.0,CLE,PF,PF,56.0,PF,51.0,28.0,980.0,48.0,75.0,0.64,51.0,142.0,0.359,52.0,,7.0,119.0,0.574,99.0,217.0,0.456,20.0,30.0,0.667,31.0,88.0,269.0,328.0,29.0,16.0,150.0,0.0,0.9,1.5,0.64,1.0,2.8,0.359,1.0,,0.1,2.3,0.574,1.9,4.3,0.456,0.4,0.6,0.667,51.0,28.0,19.2,0.6,1.7,5.3,376.0,0.6,0.3,2.9,1.8,2.8,0.64,1.9,5.2,0.359,1.9,,0.3,4.4,0.574,3.6,8.0,0.456,0.7,1.1,0.667,51.0,28.0,980.0,1.1,3.2,9.9,277.0,1.1,0.6,5.5,2.4,3.8,0.64,2.6,7.2,0.359,2.6,,0.4,6.1,111.0,0.574,5.0,11.1,0.456,1.0,1.5,0.667,51.0,28.0,980.0,1.6,122.0,4.5,13.7,277.0,1.5,0.8,7.6,0.654,7.3,,0.6,-0.6,1.3,13.1,1.1,0.138,51.0,28.0,980.0,-1.9,3.6,1.1,10.1,277.0,1.5,6.5,8.5,0.584,11.1,0.4,2.3,0.111,,1,37,3,12,51,28,5,6,131,980,0.5,2.5,6,49,0,45,0,277,9,6,0.0,0.0,,0.211,0.268,18.3,14.0,0.065,0.456,0.767,0.267,1.0,0.64,0.5,0.359,51.0,28.0,980.0,0.563,0.98,0.198,0.069,0.023,0.346,0.055,0.654,277.0,18.2,8.4,,51.0,28.0,120.0,164.0,102.0,108.0,99.0,86.0,56.0,103.0,980.0,277.0,0.64,0.654,0.359,0.574,0.456,0.667,0.138,0.584,,,,,,,,,,,,,,,,,,,,,,,,,,,,,,,,,,,,,,,,,,,,,,,,,,,,,,,,,,,,,,,,,,,,,,,,,,,,,,,,,,,,,,,,,,,,,,,,,,,,,,,,,,,,,,,,,,,,,,,,,,,,,,,,,,,,,,,,,,,,,,,,,,,,,,,,,,,,,,,,,,,,,,,,,,,,,,,,,,,,,,,,,,,,,,,,,,,,,,,,,,,,,
bateske01,Keita Bates-Diop,https://www.basketball-reference.com/players/b/bateske01.html,2021-22,2022,26.0,SAS,SF,PF,57.0,PF,59.0,14.0,957.0,119.0,208.0,0.572,17.0,55.0,0.309,41.0,,14.0,169.0,0.549,136.0,263.0,0.517,46.0,61.0,0.754,62.0,61.0,335.0,292.0,27.0,45.0,231.0,0.0,2.0,3.5,0.572,0.3,0.9,0.309,0.7,,0.2,2.9,0.549,2.3,4.5,0.517,0.8,1.0,0.754,59.0,14.0,16.2,1.1,1.0,5.7,359.0,0.5,0.8,3.9,4.5,7.8,0.572,0.6,2.1,0.309,1.5,,0.5,6.4,0.549,5.1,9.9,0.517,1.7,2.3,0.754,59.0,14.0,957.0,2.3,2.3,12.6,287.0,1.0,1.7,8.7,6.0,10.4,0.572,0.9,2.8,0.309,2.1,,0.7,8.5,112.0,0.549,6.8,13.2,0.517,2.3,3.1,0.754,59.0,14.0,957.0,3.1,111.0,3.1,16.8,287.0,1.4,2.3,11.6,0.209,5.7,,1.2,-2.6,-0.5,18.7,1.0,0.232,59.0,14.0,957.0,-2.1,6.8,0.6,12.4,287.0,1.4,13.4,12.7,0.578,14.8,-0.1,1.6,0.08,,5,29,1,32,59,14,9,26,99,957,2.2,1.7,4,78,0,18,0,287,18,15,0.0,0.0,,0.32,0.455,8.4,19.0,0.072,0.517,0.682,0.5,0.25,0.572,0.385,0.309,59.0,14.0,957.0,0.756,0.941,0.502,0.046,0.046,0.791,0.198,0.209,287.0,9.3,6.9,,59.0,14.0,107.0,52.0,87.0,103.0,112.0,97.0,93.0,102.0,957.0,287.0,0.572,0.209,0.309,0.549,0.517,0.754,0.232,0.578,,,,,,,,,,,,,,,,,,,,,,,,,,,,,,,,,,,,,,,,,,,,,,,,,,,,,,,,,,,,,,,,,,,,,,,,,,,,,,,,,,,,,,,,,,,,,,,,,,,,,,,,,,,,,,,,,,,,,,,,,,,,,,,,,,,,,,,,,,,,,,,,,,,,,,,,,,,,,,,,,,,,,,,,,,,,,,,,,,,,,,,,,,,,,,,,,,,,,,,,,,,,,
robyis01,Isaiah Roby,https://www.basketball-reference.com/players/r/robyis01.html,2021-22,2022,23.0,OKC,PF,PF,58.0,PF,45.0,28.0,948.0,122.0,224.0,0.545,44.0,99.0,0.444,71.0,,34.0,142.0,0.582,166.0,323.0,0.514,78.0,116.0,0.672,75.0,109.0,454.0,242.0,36.0,43.0,217.0,0.0,2.7,5.0,0.545,1.0,2.2,0.444,1.6,,0.8,3.2,0.582,3.7,7.2,0.514,1.7,2.6,0.672,45.0,28.0,21.1,1.7,2.4,10.1,183.0,0.8,1.0,4.8,4.6,8.5,0.545,1.7,3.8,0.444,2.7,,1.3,5.4,0.582,6.3,12.3,0.514,3.0,4.4,0.672,45.0,28.0,948.0,2.8,4.1,17.2,288.0,1.4,1.6,8.2,6.3,11.5,0.545,2.3,5.1,0.444,3.6,,1.7,7.3,111.0,0.582,8.5,16.6,0.514,4.0,6.0,0.672,45.0,28.0,948.0,3.9,120.0,5.6,23.3,288.0,1.8,2.2,11.1,0.307,12.1,,3.3,0.6,0.2,15.6,1.1,0.359,45.0,28.0,948.0,0.4,8.0,1.8,18.3,288.0,1.8,10.3,11.8,0.607,19.0,0.6,2.9,0.147,,7,69,5,52,45,28,7,24,175,948,-1.4,-9.3,47,48,0,5,0,288,13,18,0.0,0.0,,0.481,0.273,10.7,36.0,0.136,0.514,0.7,0.3,0.4,0.545,0.419,0.444,45.0,28.0,948.0,0.664,0.886,0.31,0.031,0.015,0.693,0.325,0.307,288.0,32.5,30.6,,45.0,28.0,102.0,77.0,126.0,109.0,111.0,87.0,145.0,107.0,948.0,288.0,0.545,0.307,0.444,0.582,0.514,0.672,0.359,0.607,,,,,,,,,,,,,,,,,,,,,,,,,,,,,,,,,,,,,,,,,,,,,,,,,,,,,,,,,,,,,,,,,,,,,,,,,,,,,,,,,,,,,,,,,,,,,,,,,,,,,,,,,,,,,,,,,,,,,,,,,,,,,,,,,,,,,,,,,,,,,,,,,,,,,,,,,,,,,,,,,,,,,,,,,,,,,,,,,,,,,,,,,,,,,,,,,,,,,,,,,,,,,
hachiru01,Rui Hachimura,https://www.basketball-reference.com/players/h/hachiru01.html,2021-22,2022,23.0,WAS,PF,PF,59.0,PF,42.0,13.0,943.0,132.0,258.0,0.512,55.0,123.0,0.447,48.0,,9.0,135.0,0.563,187.0,381.0,0.491,46.0,66.0,0.697,25.0,53.0,475.0,233.0,23.0,33.0,160.0,0.0,3.1,6.1,0.512,1.3,2.9,0.447,1.1,,0.2,3.2,0.563,4.5,9.1,0.491,1.1,1.6,0.697,42.0,13.0,22.5,0.6,1.3,11.3,146.0,0.5,0.8,3.8,5.0,9.8,0.512,2.1,4.7,0.447,1.8,,0.3,5.2,0.563,7.1,14.5,0.491,1.8,2.5,0.697,42.0,13.0,943.0,1.0,2.0,18.1,291.0,0.9,1.3,6.1,6.9,13.5,0.512,2.9,6.5,0.447,2.5,,0.5,7.1,116.0,0.563,9.8,20.0,0.491,2.4,3.5,0.697,42.0,13.0,943.0,1.3,111.0,2.8,24.9,291.0,1.2,1.7,8.4,0.323,7.9,,0.8,-1.4,-1.7,15.6,0.6,0.173,42.0,13.0,943.0,0.2,3.0,0.9,14.9,291.0,1.2,7.4,9.4,0.579,20.9,0.1,1.4,0.073,,3,22,1,33,42,13,8,16,125,943,-3.4,-5.8,5,77,0,19,0,291,11,10,0.0,0.0,,0.429,0.285,14.7,22.0,0.063,0.491,0.84,0.393,0.338,0.512,0.404,0.447,42.0,13.0,943.0,0.606,0.982,0.197,0.16,0.171,0.677,0.15,0.323,291.0,23.9,10.8,,42.0,13.0,96.0,81.0,126.0,106.0,106.0,90.0,70.0,102.0,943.0,291.0,0.512,0.323,0.447,0.563,0.491,0.697,0.173,0.579,,,,,,,,,,,,,,,,,,,,,,,,,,,,,,,,,,,,,,,,,,,,,,,,,,,,,,,,,,,,,,,,,,,,,,,,,,,,,,,,,,,,,,,,,,,,,,,,,,,,,,,,,,,,,,,,,,,,,,,,,,,,,,,,,,,,,,,,,,,,,,,,,,,,,,,,,,,,,,,,,,,,,,,,,,,,,,,,,,,,,,,,,,,,,,,,,,,,,,,,,,,,,
jonesde02,Derrick Jones Jr.,https://www.basketball-reference.com/players/j/jonesde02.html,2021-22,2022,24.0,CHI,PF,PF,60.0,PF,51.0,8.0,899.0,85.0,134.0,0.634,20.0,61.0,0.328,30.0,,33.0,109.0,0.59,105.0,195.0,0.538,56.0,70.0,0.8,60.0,105.0,286.0,319.0,25.0,30.0,169.0,0.0,1.7,2.6,0.634,0.4,1.2,0.328,0.6,,0.6,2.1,0.59,2.1,3.8,0.538,1.1,1.4,0.8,51.0,8.0,17.6,1.2,2.1,5.6,363.0,0.5,0.6,3.3,3.4,5.4,0.634,0.8,2.4,0.328,1.2,,1.3,4.4,0.59,4.2,7.8,0.538,2.2,2.8,0.8,51.0,8.0,899.0,2.4,4.2,11.5,299.0,1.0,1.2,6.8,4.6,7.3,0.634,1.1,3.3,0.328,1.6,,1.8,5.9,113.0,0.59,5.7,10.6,0.538,3.0,3.8,0.8,51.0,8.0,899.0,3.3,124.0,5.7,15.5,299.0,1.4,1.6,9.2,0.313,4.4,,3.2,-0.9,0.5,13.6,0.8,0.359,51.0,8.0,899.0,-1.5,7.6,1.4,13.0,299.0,1.4,11.7,10.6,0.633,12.5,0.2,2.2,0.119,,9,54,6,35,51,8,10,20,75,899,3.3,2.2,10,46,0,44,1,299,7,8,0.0,0.0,,0.39,0.672,8.9,39.0,0.205,0.538,0.701,1.0,1.0,0.634,0.32,0.328,51.0,8.0,899.0,0.706,1.0,0.549,0.005,0.005,0.687,0.128,0.313,299.0,22.6,30.4,,51.0,8.0,119.0,78.0,93.0,111.0,117.0,103.0,145.0,112.0,899.0,299.0,0.634,0.313,0.328,0.59,0.538,0.8,0.359,0.633,,5.0,0.0,125.0,162.0,77.0,94.0,89.0,86.0,71.0,92.0,59.0,154.0,0.667,0.647,0.273,0.5,0.412,0.667,0.176,0.519,0.647,5.3,,0.0,-5.8,-1.1,7.4,0.0,0.176,5.0,0.0,59.0,-4.7,4.7,0.0,6.0,154.0,0.8,14.1,5.9,0.519,15.8,-0.1,0.0,0.002,,0.0,5.0,1.0,2.0,5.0,0.0,1.0,2.0,6.0,59.0,-4.0,-16.6,7.0,21.0,0.0,68.0,4.0,154.0,1.0,0.0,3.2,4.9,0.667,2.4,8.9,0.273,1.6,,0.0,3.2,113.0,0.5,5.7,13.8,0.412,1.6,2.4,0.667,5.0,0.0,59.0,2.4,94.0,6.5,15.4,154.0,0.8,2.4,5.7,2.4,3.7,0.667,1.8,6.7,0.273,1.2,,0.0,2.4,0.5,4.3,10.4,0.412,1.2,1.8,0.667,5.0,0.0,59.0,1.8,4.9,11.6,154.0,0.6,1.8,4.3,0.8,1.2,0.667,0.6,2.2,0.273,0.4,,0.0,0.8,0.5,1.4,3.4,0.412,0.4,0.6,0.667,5.0,0.0,11.8,0.6,1.6,3.8,143.0,0.2,0.6,1.4,0.0,0.0,,0.111,0.818,16.3,1.0,0.059,0.412,0.8,,,0.667,0.0,0.273,5.0,0.0,59.0,0.75,1.0,0.294,0.0,0.0,0.353,0.059,0.647,154.0,4.0,6.0,0.667,3.0,11.0,0.273,2.0,,0.0,4.0,0.5,7.0,17.0,0.412,2.0,3.0,0.667,5.0,0.0,59.0,3.0,8.0,19.0,154.0,1.0,3.0,7.0,0.0
mcdanja01,Jalen McDaniels,https://www.basketball-reference.com/players/m/mcdanja01.html,2021-22,2022,24.0,CHO,SF,PF,61.0,PF,55.0,2.0,895.0,82.0,146.0,0.562,41.0,108.0,0.38,58.0,,22.0,133.0,0.565,123.0,254.0,0.484,53.0,72.0,0.736,37.0,93.0,340.0,290.0,26.0,36.0,170.0,0.0,1.5,2.7,0.562,0.7,2.0,0.38,1.1,,0.4,2.4,0.565,2.2,4.6,0.484,1.0,1.3,0.736,55.0,2.0,16.3,0.7,1.7,6.2,333.0,0.5,0.7,3.1,3.3,5.9,0.562,1.6,4.3,0.38,2.3,,0.9,5.3,0.565,4.9,10.2,0.484,2.1,2.9,0.736,55.0,2.0,895.0,1.5,3.7,13.7,301.0,1.0,1.4,6.8,4.4,7.8,0.562,2.2,5.8,0.38,3.1,,1.2,7.1,114.0,0.565,6.6,13.6,0.484,2.8,3.9,0.736,55.0,2.0,895.0,2.0,116.0,5.0,18.2,301.0,1.4,1.9,9.1,0.425,8.7,,2.3,-2.3,-0.4,16.0,0.7,0.283,55.0,2.0,895.0,-1.9,4.3,1.0,12.7,301.0,1.4,11.2,10.1,0.595,15.3,-0.1,1.7,0.093,,3,44,8,34,55,2,6,5,142,895,2.9,2.7,2,64,0,32,1,301,10,16,1.0,0.0,,0.341,0.38,13.4,17.0,0.075,0.484,0.75,0.231,0.75,0.562,0.386,0.38,55.0,2.0,895.0,0.61,1.0,0.283,0.051,0.016,0.575,0.224,0.425,301.0,16.9,16.6,,55.0,2.0,105.0,106.0,107.0,106.0,105.0,95.0,114.0,105.0,895.0,301.0,0.562,0.425,0.38,0.565,0.484,0.736,0.283,0.595,,,,,,,,,,,,,,,,,,,,,,,,,,,,,,,,,,,,,,,,,,,,,,,,,,,,,,,,,,,,,,,,,,,,,,,,,,,,,,,,,,,,,,,,,,,,,,,,,,,,,,,,,,,,,,,,,,,,,,,,,,,,,,,,,,,,,,,,,,,,,,,,,,,,,,,,,,,,,,,,,,,,,,,,,,,,,,,,,,,,,,,,,,,,,,,,,,,,,,,,,,,,,
bertada01,Dāvis Bertāns,https://www.basketball-reference.com/players/b/bertada01.html,2021-22,2022,29.0,2TM,PF,PF,62.0,PF,56.0,0.0,807.0,22.0,45.0,0.489,77.0,230.0,0.335,31.0,,12.0,105.0,0.5,99.0,275.0,0.36,36.0,40.0,0.9,12.0,85.0,311.0,308.0,17.0,19.0,117.0,0.0,0.4,0.8,0.489,1.4,4.1,0.335,0.6,,0.2,1.9,0.5,1.8,4.9,0.36,0.6,0.7,0.9,56.0,0.0,14.4,0.2,1.5,5.6,362.0,0.3,0.3,2.1,1.0,2.0,0.489,3.4,10.3,0.335,1.4,,0.5,4.7,0.5,4.4,12.3,0.36,1.6,1.8,0.9,56.0,0.0,807.0,0.5,3.8,13.9,316.0,0.8,0.8,5.2,1.4,2.8,0.489,4.8,14.2,0.335,1.9,,0.7,6.5,114.0,0.5,6.1,17.0,0.36,2.2,2.5,0.9,56.0,0.0,807.0,0.7,106.0,5.2,19.2,316.0,1.0,1.2,7.2,0.836,5.5,,1.3,-2.6,-0.9,14.3,0.7,0.145,56.0,0.0,807.0,-1.7,1.7,0.2,9.4,316.0,1.0,6.1,8.0,0.531,17.3,-0.1,0.9,0.053,,3,40,6,9,56,0,2,3,75,807,2.1,1.3,24,76,0,0,0,316,12,3,1.0,0.0,,0.471,0.222,22.7,9.0,0.036,0.36,0.588,0.0,0.667,0.489,0.421,0.335,56.0,0.0,807.0,0.773,0.974,0.062,0.015,0.011,0.164,0.069,0.836,316.0,-17.4,-20.2,,56.0,0.0,92.0,209.0,95.0,94.0,78.0,116.0,59.0,94.0,807.0,316.0,0.489,0.836,0.335,0.5,0.36,0.9,0.145,0.531,,18.0,0.0,141.0,232.0,105.0,108.0,87.0,108.0,88.0,107.0,192.0,74.0,0.75,0.927,0.373,0.573,0.4,0.833,0.218,0.606,0.927,4.9,,0.9,0.9,0.9,13.7,0.2,0.218,18.0,0.0,192.0,0.0,2.4,0.3,13.0,74.0,2.2,4.7,8.0,0.606,15.6,0.1,0.4,0.112,,2.0,7.0,2.0,5.0,18.0,0.0,2.0,0.0,16.0,192.0,1.0,1.3,46.0,52.0,0.0,2.0,0.0,74.0,1.0,0.0,0.8,1.1,0.75,5.1,13.8,0.373,1.6,,0.5,5.9,113.0,0.573,5.9,14.9,0.4,2.7,3.2,0.833,18.0,0.0,192.0,1.1,120.0,6.8,19.7,74.0,2.2,0.8,7.0,0.6,0.7,0.75,3.6,9.6,0.373,1.1,,0.4,4.1,0.573,4.1,10.3,0.4,1.9,2.3,0.833,18.0,0.0,192.0,0.7,4.7,13.7,74.0,1.5,0.6,4.9,0.2,0.2,0.75,1.1,2.8,0.373,0.3,,0.1,1.2,0.573,1.2,3.1,0.4,0.6,0.7,0.833,18.0,0.0,10.7,0.2,1.4,4.1,133.0,0.4,0.2,1.4,0.0,0.0,,0.615,0.255,24.0,2.0,0.036,0.4,0.667,1.0,,0.75,,0.373,18.0,0.0,192.0,1.0,1.0,0.055,0.018,0.0,0.073,0.0,0.927,74.0,3.0,4.0,0.75,19.0,51.0,0.373,6.0,,2.0,22.0,0.573,22.0,55.0,0.4,10.0,12.0,0.833,18.0,0.0,192.0,4.0,25.0,73.0,77.0,8.0,3.0,26.0,0.0
winslju01,Justise Winslow,https://www.basketball-reference.com/players/w/winslju01.html,2021-22,2022,25.0,2TM,PF,PF,63.0,PF,48.0,11.0,775.0,95.0,191.0,0.497,15.0,66.0,0.227,84.0,,25.0,152.0,0.457,110.0,257.0,0.428,39.0,66.0,0.591,50.0,67.0,274.0,325.0,35.0,49.0,202.0,0.0,2.0,4.0,0.497,0.3,1.4,0.227,1.8,,0.5,3.2,0.457,2.3,5.4,0.428,0.8,1.4,0.591,48.0,11.0,16.1,1.0,1.4,5.7,357.0,0.7,1.0,4.2,4.4,8.9,0.497,0.7,3.1,0.227,3.9,,1.2,7.1,0.457,5.1,11.9,0.428,1.8,3.1,0.591,48.0,11.0,775.0,2.3,3.1,12.7,320.0,1.6,2.3,9.4,6.0,12.1,0.497,0.9,4.2,0.227,5.3,,1.6,9.6,109.0,0.457,7.0,16.2,0.428,2.5,4.2,0.591,48.0,11.0,775.0,3.2,100.0,4.2,17.3,320.0,2.2,3.1,12.8,0.257,16.1,,2.9,-1.7,1.0,20.9,1.1,0.257,48.0,11.0,775.0,-2.7,7.0,-0.3,13.1,320.0,2.2,14.6,14.0,0.479,18.9,0.1,0.8,0.048,,4,28,6,29,48,11,5,22,200,775,6.5,2.5,21,74,0,5,0,320,27,16,2.0,0.0,,0.231,0.394,10.7,5.0,0.023,0.428,0.678,0.222,0.25,0.497,0.385,0.227,48.0,11.0,775.0,0.695,1.0,0.35,0.07,0.062,0.743,0.253,0.257,320.0,-38.3,-49.8,,48.0,11.0,93.0,64.0,64.0,86.0,93.0,76.0,103.0,85.0,775.0,320.0,0.497,0.257,0.227,0.457,0.428,0.591,0.257,0.479,,,,,,,,,,,,,,,,,,,,,,,,,,,,,,,,,,,,,,,,,,,,,,,,,,,,,,,,,,,,,,,,,,,,,,,,,,,,,,,,,,,,,,,,,,,,,,,,,,,,,,,,,,,,,,,,,,,,,,,,,,,,,,,,,,,,,,,,,,,,,,,,,,,,,,,,,,,,,,,,,,,,,,,,,,,,,,,,,,,,,,,,,,,,,,,,,,,,,,,,,,,,,
pascher01,Eric Paschall,https://www.basketball-reference.com/players/p/pascher01.html,2021-22,2022,25.0,UTA,PF,PF,64.0,PF,58.0,3.0,737.0,74.0,127.0,0.583,40.0,108.0,0.37,36.0,,5.0,76.0,0.57,114.0,235.0,0.485,66.0,86.0,0.767,30.0,51.0,334.0,295.0,9.0,27.0,106.0,0.0,1.3,2.2,0.583,0.7,1.9,0.37,0.6,,0.1,1.3,0.57,2.0,4.1,0.485,1.1,1.5,0.767,58.0,3.0,12.7,0.5,0.9,5.8,354.0,0.2,0.5,1.8,3.6,6.2,0.583,2.0,5.3,0.37,1.8,,0.2,3.7,0.57,5.6,11.5,0.485,3.2,4.2,0.767,58.0,3.0,737.0,1.5,2.5,16.3,326.0,0.4,1.3,5.2,5.0,8.5,0.583,2.7,7.3,0.37,2.4,,0.3,5.1,115.0,0.57,7.7,15.8,0.485,4.4,5.8,0.767,58.0,3.0,737.0,2.0,123.0,3.4,22.4,326.0,0.6,1.8,7.1,0.46,7.1,,0.6,-0.5,-1.0,10.9,0.5,0.366,58.0,3.0,737.0,0.5,4.6,1.4,13.9,326.0,0.6,9.0,7.9,0.612,17.7,0.3,2.0,0.127,,7,20,3,43,58,3,12,22,94,737,-10.0,-2.1,15,78,0,7,0,326,7,13,2.0,0.0,,0.411,0.519,13.4,17.0,0.094,0.485,0.649,0.25,1.0,0.583,0.512,0.37,58.0,3.0,737.0,0.581,0.95,0.315,0.034,0.009,0.54,0.183,0.46,326.0,18.1,25.1,,58.0,3.0,109.0,115.0,105.0,107.0,105.0,99.0,147.0,108.0,737.0,326.0,0.583,0.46,0.37,0.57,0.485,0.767,0.366,0.612,,4.0,0.0,94.0,83.0,141.0,110.0,108.0,129.0,67.0,110.0,24.0,175.0,0.5,0.333,0.5,0.583,0.5,1.0,0.167,0.621,0.333,0.0,,0.0,0.8,0.6,19.3,0.0,0.167,4.0,0.0,24.0,0.2,4.9,0.1,14.1,175.0,2.2,0.0,12.1,0.621,12.6,0.0,0.1,0.142,,0.0,2.0,0.0,1.0,4.0,0.0,1.0,0.0,0.0,24.0,19.7,12.1,81.0,19.0,0.0,0.0,0.0,175.0,0.0,0.0,4.4,8.8,0.5,2.2,4.4,0.5,0.0,,0.0,8.8,113.0,0.583,6.6,13.2,0.5,2.2,2.2,1.0,4.0,0.0,24.0,2.2,133.0,6.6,17.6,175.0,2.2,0.0,11.0,3.0,6.0,0.5,1.5,3.0,0.5,0.0,,0.0,6.0,0.583,4.5,9.0,0.5,1.5,1.5,1.0,4.0,0.0,24.0,1.5,4.5,12.0,175.0,1.5,0.0,7.5,0.5,1.0,0.5,0.3,0.5,0.5,0.0,,0.0,1.0,0.583,0.8,1.5,0.5,0.3,0.3,1.0,4.0,0.0,6.0,0.3,0.8,2.0,169.0,0.3,0.0,1.3,0.0,0.0,,1.0,0.5,10.1,0.0,0.0,0.5,0.667,,,0.5,0.0,0.5,4.0,0.0,24.0,0.5,1.0,0.5,0.0,0.0,0.667,0.167,0.333,175.0,2.0,4.0,0.5,1.0,2.0,0.5,0.0,,0.0,4.0,0.583,3.0,6.0,0.5,1.0,1.0,1.0,4.0,0.0,24.0,1.0,3.0,8.0,175.0,1.0,0.0,5.0,0.0
taylote01,Terry Taylor,https://www.basketball-reference.com/players/t/taylote01.html,2021-22,2022,22.0,IND,PF,PF,65.0,PF,33.0,7.0,714.0,123.0,182.0,0.676,12.0,38.0,0.316,41.0,,8.0,77.0,0.641,135.0,220.0,0.614,36.0,51.0,0.706,95.0,61.0,318.0,304.0,14.0,23.0,172.0,0.0,3.7,5.5,0.676,0.4,1.2,0.316,1.2,,0.2,2.3,0.641,4.1,6.7,0.614,1.1,1.5,0.706,33.0,7.0,21.6,2.9,1.8,9.6,195.0,0.4,0.7,5.2,6.2,9.2,0.676,0.6,1.9,0.316,2.1,,0.4,3.9,0.641,6.8,11.1,0.614,1.8,2.6,0.706,33.0,7.0,714.0,4.8,3.1,16.0,332.0,0.7,1.2,8.7,8.4,12.5,0.676,0.8,2.6,0.316,2.8,,0.5,5.3,119.0,0.641,9.3,15.1,0.614,2.5,3.5,0.706,33.0,7.0,714.0,6.5,135.0,4.2,21.8,332.0,1.0,1.6,11.8,0.173,8.6,,1.0,-0.6,-2.8,12.2,0.2,0.232,33.0,7.0,714.0,2.1,14.6,2.2,19.0,332.0,1.0,8.7,13.4,0.656,15.9,0.2,2.4,0.16,,4,25,3,27,33,7,7,14,104,714,-5.7,-8.7,34,64,0,2,0,332,9,6,1.0,0.0,,0.32,0.658,7.2,11.0,0.064,0.614,0.755,0.6,0.5,0.676,0.565,0.316,33.0,7.0,714.0,0.667,0.917,0.482,0.045,0.018,0.827,0.282,0.173,332.0,48.1,43.6,,33.0,7.0,127.0,43.0,89.0,121.0,133.0,91.0,93.0,116.0,714.0,332.0,0.676,0.173,0.316,0.641,0.614,0.706,0.232,0.656,,,,,,,,,,,,,,,,,,,,,,,,,,,,,,,,,,,,,,,,,,,,,,,,,,,,,,,,,,,,,,,,,,,,,,,,,,,,,,,,,,,,,,,,,,,,,,,,,,,,,,,,,,,,,,,,,,,,,,,,,,,,,,,,,,,,,,,,,,,,,,,,,,,,,,,,,,,,,,,,,,,,,,,,,,,,,,,,,,,,,,,,,,,,,,,,,,,,,,,,,,,,,
hoodro01,Rodney Hood,https://www.basketball-reference.com/players/h/hoodro01.html,2021-22,2022,29.0,2TM,SF,PF,66.0,PF,52.0,0.0,709.0,28.0,66.0,0.424,30.0,91.0,0.33,38.0,,6.0,62.0,0.465,58.0,157.0,0.369,17.0,19.0,0.895,15.0,31.0,163.0,381.0,15.0,11.0,77.0,0.0,0.5,1.3,0.424,0.6,1.8,0.33,0.7,,0.1,1.2,0.465,1.1,3.0,0.369,0.3,0.4,0.895,52.0,0.0,13.6,0.3,0.6,3.1,476.0,0.3,0.2,1.5,1.4,3.4,0.424,1.5,4.6,0.33,1.9,,0.3,3.1,0.465,2.9,8.0,0.369,0.9,1.0,0.895,52.0,0.0,709.0,0.8,1.6,8.3,333.0,0.8,0.6,3.9,1.9,4.5,0.424,2.0,6.2,0.33,2.6,,0.4,4.2,115.0,0.465,3.9,10.7,0.369,1.2,1.3,0.895,52.0,0.0,709.0,1.0,108.0,2.1,11.1,333.0,1.0,0.7,5.2,0.58,6.9,,0.8,-3.3,-0.3,9.1,0.5,0.121,52.0,0.0,709.0,-3.0,2.3,0.2,7.2,333.0,1.0,6.2,5.8,0.493,10.7,-0.2,0.7,0.048,,0,18,3,7,52,0,2,0,96,709,-2.7,0.5,11,57,0,29,3,333,8,1,0.0,0.0,,0.32,0.275,18.7,1.0,0.006,0.369,0.857,0.438,0.238,0.424,0.267,0.33,52.0,0.0,709.0,0.536,0.8,0.089,0.102,0.134,0.42,0.096,0.58,333.0,-20.9,-24.2,,52.0,0.0,80.0,145.0,93.0,87.0,80.0,116.0,49.0,87.0,709.0,333.0,0.424,0.58,0.33,0.465,0.369,0.895,0.121,0.493,,,,,,,,,,,,,,,,,,,,,,,,,,,,,,,,,,,,,,,,,,,,,,,,,,,,,,,,,,,,,,,,,,,,,,,,,,,,,,,,,,,,,,,,,,,,,,,,,,,,,,,,,,,,,,,,,,,,,,,,,,,,,,,,,,,,,,,,,,,,,,,,,,,,,,,,,,,,,,,,,,,,,,,,,,,,,,,,,,,,,,,,,,,,,,,,,,,,,,,,,,,,,
tillmxa01,Xavier Tillman Sr.,https://www.basketball-reference.com/players/t/tillmxa01.html,2021-22,2022,23.0,MEM,PF,PF,67.0,PF,53.0,2.0,701.0,88.0,167.0,0.527,10.0,49.0,0.204,62.0,,15.0,95.0,0.477,98.0,216.0,0.454,46.0,71.0,0.648,66.0,63.0,252.0,333.0,49.0,34.0,161.0,0.0,1.7,3.2,0.527,0.2,0.9,0.204,1.2,,0.3,1.8,0.477,1.8,4.1,0.454,0.9,1.3,0.648,53.0,2.0,13.2,1.2,1.2,4.8,391.0,0.9,0.6,3.0,4.5,8.6,0.527,0.5,2.5,0.204,3.2,,0.8,4.9,0.477,5.0,11.1,0.454,2.4,3.6,0.648,53.0,2.0,701.0,3.4,3.2,12.9,335.0,2.5,1.7,8.3,6.0,11.4,0.527,0.7,3.3,0.204,4.2,,1.0,6.5,107.0,0.477,6.7,14.7,0.454,3.1,4.8,0.648,53.0,2.0,701.0,4.5,112.0,4.3,17.2,335.0,3.3,2.3,11.0,0.227,11.6,,1.9,0.7,1.8,14.5,1.2,0.329,53.0,2.0,701.0,-1.1,9.6,0.6,15.1,335.0,3.3,12.1,12.0,0.51,16.4,0.5,1.8,0.121,,12,38,0,35,53,2,9,15,147,701,-7.4,-0.3,12,64,0,24,0,335,8,8,0.0,0.0,,0.308,0.265,9.5,16.0,0.093,0.454,0.595,0.478,0.286,0.527,0.472,0.204,53.0,2.0,701.0,0.67,0.8,0.389,0.106,0.032,0.773,0.245,0.227,335.0,-23.7,-27.9,,53.0,2.0,99.0,57.0,58.0,90.0,98.0,84.0,132.0,90.0,701.0,335.0,0.527,0.227,0.204,0.477,0.454,0.648,0.329,0.51,,9.0,6.0,139.0,20.0,141.0,139.0,156.0,65.0,97.0,128.0,139.0,101.0,0.739,0.08,0.5,0.74,0.72,0.5,0.24,0.724,0.08,6.2,,0.7,-0.3,1.6,13.7,0.2,0.24,9.0,6.0,139.0,-1.9,9.3,0.1,12.1,101.0,2.0,26.6,11.4,0.724,11.1,0.1,0.3,0.104,,3.0,8.0,2.0,4.0,9.0,6.0,2.0,1.0,16.0,139.0,-20.6,-13.4,19.0,81.0,0.0,0.0,0.0,101.0,1.0,1.0,5.8,7.8,0.739,0.3,0.7,0.5,2.0,,0.3,5.8,109.0,0.74,6.1,8.5,0.72,1.0,2.0,0.5,9.0,6.0,139.0,4.4,115.0,5.4,13.5,101.0,2.0,3.4,10.1,4.4,6.0,0.739,0.3,0.5,0.5,1.6,,0.3,4.4,0.74,4.7,6.5,0.72,0.8,1.6,0.5,9.0,6.0,139.0,3.4,4.1,10.4,101.0,1.6,2.6,7.8,1.9,2.6,0.739,0.1,0.2,0.5,0.7,,0.1,1.9,0.74,2.0,2.8,0.72,0.3,0.7,0.5,9.0,6.0,15.4,1.4,1.8,4.4,127.0,0.7,1.1,3.3,0.0,0.0,,1.0,0.5,4.7,7.0,0.28,0.72,0.75,0.0,,0.739,0.833,0.5,9.0,6.0,139.0,0.882,1.0,0.64,0.04,0.0,0.92,0.24,0.08,101.0,17.0,23.0,0.739,1.0,2.0,0.5,6.0,,1.0,17.0,0.74,18.0,25.0,0.72,3.0,6.0,0.5,9.0,6.0,139.0,13.0,16.0,40.0,121.0,6.0,10.0,30.0,0.0
browngr01,Greg Brown III,https://www.basketball-reference.com/players/b/browngr01.html,2021-22,2022,20.0,POR,SF,PF,68.0,PF,48.0,6.0,640.0,62.0,129.0,0.481,19.0,61.0,0.311,35.0,,24.0,97.0,0.476,81.0,190.0,0.426,44.0,65.0,0.677,38.0,90.0,225.0,345.0,26.0,36.0,135.0,0.0,1.3,2.7,0.481,0.4,1.3,0.311,0.7,,0.5,2.0,0.476,1.7,4.0,0.426,0.9,1.4,0.677,48.0,6.0,13.3,0.8,1.9,4.7,393.0,0.5,0.8,2.8,3.5,7.3,0.481,1.1,3.4,0.311,2.0,,1.4,5.5,0.476,4.6,10.7,0.426,2.5,3.7,0.677,48.0,6.0,640.0,2.1,5.1,12.7,346.0,1.5,2.0,7.6,4.7,9.8,0.481,1.5,4.7,0.311,2.7,,1.8,7.4,114.0,0.476,6.2,14.5,0.426,3.4,5.0,0.677,48.0,6.0,640.0,2.9,102.0,6.9,17.2,346.0,2.0,2.7,10.3,0.321,8.1,,3.7,-4.7,-0.7,17.3,0.5,0.342,48.0,6.0,640.0,-4.0,6.3,-0.1,11.0,346.0,2.0,14.1,11.6,0.515,17.2,-0.4,0.4,0.029,,4,42,8,31,48,6,5,18,84,640,-10.1,-17.3,9,86,0,6,0,346,8,13,0.0,0.0,,0.261,0.377,10.7,40.0,0.258,0.426,0.639,0.333,0.091,0.481,0.2,0.311,48.0,6.0,640.0,0.629,1.0,0.437,0.016,0.058,0.679,0.158,0.321,346.0,-21.0,-22.5,,48.0,6.0,90.0,80.0,88.0,90.0,92.0,87.0,138.0,91.0,640.0,346.0,0.481,0.321,0.311,0.476,0.426,0.677,0.342,0.515,,,,,,,,,,,,,,,,,,,,,,,,,,,,,,,,,,,,,,,,,,,,,,,,,,,,,,,,,,,,,,,,,,,,,,,,,,,,,,,,,,,,,,,,,,,,,,,,,,,,,,,,,,,,,,,,,,,,,,,,,,,,,,,,,,,,,,,,,,,,,,,,,,,,,,,,,,,,,,,,,,,,,,,,,,,,,,,,,,,,,,,,,,,,,,,,,,,,,,,,,,,,,
gillan01,Anthony Gill,https://www.basketball-reference.com/players/g/gillan01.html,2021-22,2022,29.0,WAS,PF,PF,69.0,PF,44.0,0.0,463.0,48.0,83.0,0.578,14.0,26.0,0.538,27.0,,11.0,52.0,0.633,62.0,109.0,0.569,42.0,52.0,0.808,33.0,58.0,180.0,372.0,5.0,18.0,85.0,0.0,1.1,1.9,0.578,0.3,0.6,0.538,0.6,,0.3,1.2,0.633,1.4,2.5,0.569,1.0,1.2,0.808,44.0,0.0,10.5,0.8,1.3,4.1,425.0,0.1,0.4,1.9,3.7,6.5,0.578,1.1,2.0,0.538,2.1,,0.9,4.0,0.633,4.8,8.5,0.569,3.3,4.0,0.808,44.0,0.0,463.0,2.6,4.5,14.0,380.0,0.4,1.4,6.6,5.1,8.9,0.578,1.5,2.8,0.538,2.9,,1.2,5.6,117.0,0.633,6.6,11.6,0.569,4.5,5.6,0.808,44.0,0.0,463.0,3.5,132.0,6.2,19.2,380.0,0.5,1.9,9.1,0.239,8.3,,2.0,-1.9,-1.3,12.2,0.2,0.477,44.0,0.0,463.0,-0.6,8.0,1.1,14.7,380.0,0.5,12.0,10.2,0.682,14.4,0.0,1.4,0.14,,4,36,6,26,44,0,4,12,64,463,13.1,8.3,7,77,0,16,0,380,9,3,0.0,0.0,,0.583,0.462,9.2,3.0,0.046,0.569,0.625,0.5,,0.578,0.551,0.538,44.0,0.0,463.0,0.771,1.0,0.294,0.018,0.0,0.761,0.45,0.239,380.0,22.1,30.7,,44.0,0.0,109.0,60.0,152.0,119.0,123.0,104.0,192.0,121.0,463.0,380.0,0.578,0.239,0.538,0.633,0.569,0.808,0.477,0.682,,,,,,,,,,,,,,,,,,,,,,,,,,,,,,,,,,,,,,,,,,,,,,,,,,,,,,,,,,,,,,,,,,,,,,,,,,,,,,,,,,,,,,,,,,,,,,,,,,,,,,,,,,,,,,,,,,,,,,,,,,,,,,,,,,,,,,,,,,,,,,,,,,,,,,,,,,,,,,,,,,,,,,,,,,,,,,,,,,,,,,,,,,,,,,,,,,,,,,,,,,,,,
arizatr01,Trevor Ariza,https://www.basketball-reference.com/players/a/arizatr01.html,2021-22,2022,36.0,LAL,SF,PF,70.0,PF,24.0,11.0,462.0,13.0,25.0,0.52,20.0,74.0,0.27,27.0,,6.0,72.0,0.434,33.0,99.0,0.333,10.0,18.0,0.556,10.0,20.0,96.0,426.0,13.0,11.0,82.0,0.0,0.5,1.0,0.52,0.8,3.1,0.27,1.1,,0.3,3.0,0.434,1.4,4.1,0.333,0.4,0.8,0.556,24.0,11.0,19.3,0.4,0.8,4.0,430.0,0.5,0.5,3.4,1.0,1.9,0.52,1.6,5.8,0.27,2.1,,0.5,5.6,0.434,2.6,7.7,0.333,0.8,1.4,0.556,24.0,11.0,462.0,0.8,1.6,7.5,381.0,1.0,0.9,6.4,1.3,2.6,0.52,2.1,7.7,0.27,2.8,,0.6,7.5,114.0,0.434,3.4,10.3,0.333,1.0,1.9,0.556,24.0,11.0,462.0,1.0,97.0,2.1,10.0,381.0,1.3,1.1,8.5,0.747,7.5,,1.2,-3.4,-0.2,16.7,0.4,0.182,24.0,11.0,462.0,-3.3,2.3,-0.2,7.0,381.0,1.3,9.3,9.5,0.449,11.0,-0.2,0.2,0.02,,0,13,4,6,24,11,3,3,72,462,-1.9,-4.8,2,55,0,44,0,381,5,3,0.0,0.0,,0.185,0.365,19.3,1.0,0.01,0.333,0.688,0.0,,0.52,0.25,0.27,24.0,11.0,462.0,0.769,1.0,0.162,0.01,0.0,0.253,0.081,0.747,381.0,-19.3,-25.0,,24.0,11.0,98.0,187.0,76.0,82.0,72.0,72.0,73.0,79.0,462.0,381.0,0.52,0.747,0.27,0.434,0.333,0.556,0.182,0.449,,,,,,,,,,,,,,,,,,,,,,,,,,,,,,,,,,,,,,,,,,,,,,,,,,,,,,,,,,,,,,,,,,,,,,,,,,,,,,,,,,,,,,,,,,,,,,,,,,,,,,,,,,,,,,,,,,,,,,,,,,,,,,,,,,,,,,,,,,,,,,,,,,,,,,,,,,,,,,,,,,,,,,,,,,,,,,,,,,,,,,,,,,,,,,,,,,,,,,,,,,,,,
hernaju01,Juancho Hernangómez,https://www.basketball-reference.com/players/h/hernaju01.html,2021-22,2022,26.0,3TM,PF,PF,71.0,PF,40.0,9.0,445.0,20.0,37.0,0.541,24.0,69.0,0.348,20.0,,10.0,72.0,0.528,44.0,106.0,0.415,19.0,34.0,0.559,28.0,25.0,131.0,404.0,14.0,16.0,100.0,0.0,0.5,0.9,0.541,0.6,1.7,0.348,0.5,,0.3,1.8,0.528,1.1,2.7,0.415,0.5,0.9,0.559,40.0,9.0,11.1,0.7,0.6,3.3,463.0,0.4,0.4,2.5,1.6,3.0,0.541,1.9,5.6,0.348,1.6,,0.8,5.8,0.528,3.6,8.6,0.415,1.5,2.8,0.559,40.0,9.0,445.0,2.3,2.0,10.6,387.0,1.1,1.3,8.1,2.2,4.1,0.541,2.7,7.6,0.348,2.2,,1.1,8.0,109.0,0.528,4.9,11.7,0.415,2.1,3.8,0.559,40.0,9.0,445.0,3.1,111.0,2.8,14.5,387.0,1.6,1.8,11.1,0.651,6.0,,2.0,-0.6,0.1,17.1,0.6,0.321,40.0,9.0,445.0,-0.7,7.0,0.3,11.5,387.0,1.6,11.7,12.2,0.542,13.4,0.2,0.9,0.095,,1,14,0,18,40,9,3,6,53,445,-4.4,1.4,17,77,0,6,0,387,11,3,0.0,0.0,,0.4,0.362,16.5,5.0,0.057,0.415,0.696,0.0,,0.541,0.308,0.348,40.0,9.0,445.0,0.8,1.0,0.217,0.009,0.0,0.349,0.123,0.651,387.0,-0.7,-5.9,,40.0,9.0,101.0,163.0,98.0,99.0,90.0,72.0,129.0,96.0,445.0,387.0,0.541,0.651,0.348,0.528,0.415,0.559,0.321,0.542,,6.0,0.0,31.0,167.0,94.0,73.0,60.0,,0.0,69.0,56.0,157.0,0.167,0.667,0.333,0.389,0.278,,0.0,0.389,0.667,14.0,,0.0,0.4,0.9,20.7,0.0,0.0,6.0,0.0,56.0,-0.5,4.2,-0.1,7.3,157.0,1.9,10.0,12.5,0.389,16.7,0.0,0.0,-0.026,,2.0,1.0,1.0,0.0,6.0,0.0,0.0,2.0,12.0,56.0,23.3,13.2,8.0,92.0,0.0,0.0,0.0,157.0,0.0,0.0,0.9,5.7,0.167,3.8,11.3,0.333,4.7,,0.0,9.4,114.0,0.389,4.7,17.0,0.278,0.0,0.0,,6.0,0.0,56.0,1.9,89.0,3.8,13.2,157.0,1.9,1.9,11.3,0.6,3.9,0.167,2.6,7.7,0.333,3.2,,0.0,6.4,0.389,3.2,11.6,0.278,0.0,0.0,,6.0,0.0,56.0,1.3,2.6,9.0,157.0,1.3,1.3,7.7,0.2,1.0,0.167,0.7,2.0,0.333,0.8,,0.0,1.7,0.389,0.8,3.0,0.278,0.0,0.0,,6.0,0.0,9.3,0.3,0.7,2.3,161.0,0.3,0.3,2.0,0.0,0.0,,0.5,0.167,17.4,1.0,0.111,0.278,0.25,,,0.167,0.0,0.333,6.0,0.0,56.0,0.0,1.0,0.222,0.0,0.0,0.333,0.111,0.667,157.0,1.0,6.0,0.167,4.0,12.0,0.333,5.0,,0.0,10.0,0.389,5.0,18.0,0.278,0.0,0.0,,6.0,0.0,56.0,2.0,4.0,14.0,159.0,2.0,2.0,12.0,0.0
watanyu01,Yuta Watanabe,https://www.basketball-reference.com/players/w/watanyu01.html,2021-22,2022,27.0,TOR,SF,PF,71.0,PF,38.0,4.0,445.0,29.0,59.0,0.492,27.0,79.0,0.342,21.0,,16.0,74.0,0.504,56.0,138.0,0.406,24.0,40.0,0.6,18.0,38.0,163.0,380.0,11.0,19.0,92.0,0.0,0.8,1.6,0.492,0.7,2.1,0.342,0.6,,0.4,1.9,0.504,1.5,3.6,0.406,0.6,1.1,0.6,38.0,4.0,11.7,0.5,1.0,4.3,416.0,0.3,0.5,2.4,2.3,4.8,0.492,2.2,6.4,0.342,1.7,,1.3,6.0,0.504,4.5,11.2,0.406,1.9,3.2,0.6,38.0,4.0,445.0,1.5,3.1,13.2,386.0,0.9,1.5,7.4,3.3,6.6,0.492,3.0,8.9,0.342,2.4,,1.8,8.3,110.0,0.504,6.3,15.5,0.406,2.7,4.5,0.6,38.0,4.0,445.0,2.0,106.0,4.3,18.3,386.0,1.2,2.1,10.3,0.572,6.6,,3.5,-2.0,0.0,19.0,0.6,0.29,38.0,4.0,445.0,-1.9,4.2,0.1,11.5,386.0,1.2,10.9,11.2,0.524,16.8,0.0,0.7,0.075,,2,17,3,19,38,4,4,7,51,445,-7.7,-4.6,12,49,1,33,6,386,9,6,0.0,0.0,,0.382,0.43,17.2,2.0,0.029,0.406,0.565,0.571,0.5,0.492,0.333,0.342,38.0,4.0,445.0,0.655,1.0,0.167,0.101,0.029,0.428,0.13,0.572,386.0,-7.7,-13.1,,38.0,4.0,92.0,143.0,97.0,95.0,88.0,77.0,117.0,93.0,445.0,386.0,0.492,0.572,0.342,0.504,0.406,0.6,0.29,0.524,,4.0,0.0,75.0,42.0,0.0,63.0,72.0,,0.0,59.0,10.0,193.0,0.4,0.167,0.0,0.333,0.333,,0.0,0.333,0.167,0.0,,0.0,-19.9,-9.0,0.0,0.0,0.0,4.0,0.0,10.0,-11.0,0.0,-0.1,-5.7,193.0,0.0,14.3,0.0,0.333,32.5,0.0,-0.1,-0.419,,0.0,0.0,0.0,0.0,4.0,0.0,0.0,0.0,0.0,10.0,-28.7,-37.0,74.0,0.0,0.0,0.0,26.0,193.0,0.0,1.0,10.5,26.3,0.4,0.0,5.3,0.0,0.0,,0.0,0.0,129.0,0.333,10.5,31.6,0.333,0.0,0.0,,4.0,0.0,10.0,0.0,58.0,0.0,21.1,193.0,0.0,5.3,0.0,7.2,18.0,0.4,0.0,3.6,0.0,0.0,,0.0,0.0,0.333,7.2,21.6,0.333,0.0,0.0,,4.0,0.0,10.0,0.0,0.0,14.4,193.0,0.0,3.6,0.0,0.5,1.3,0.4,0.0,0.3,0.0,0.0,,0.0,0.0,0.333,0.5,1.5,0.333,0.0,0.0,,4.0,0.0,2.5,0.0,0.0,1.0,191.0,0.0,0.3,0.0,0.0,0.0,,,0.0,8.7,1.0,0.167,0.333,1.0,0.0,,0.4,0.0,0.0,4.0,0.0,10.0,1.0,,0.333,0.167,0.0,0.833,0.333,0.167,193.0,2.0,5.0,0.4,0.0,1.0,0.0,0.0,,0.0,0.0,0.333,2.0,6.0,0.333,0.0,0.0,,4.0,0.0,10.0,0.0,0.0,4.0,196.0,0.0,1.0,0.0,0.0
willipa01,Patrick Williams,https://www.basketball-reference.com/players/w/willipa01.html,2021-22,2022,20.0,CHI,PF,PF,73.0,PF,17.0,9.0,422.0,39.0,73.0,0.534,15.0,29.0,0.517,15.0,,9.0,52.0,0.603,54.0,102.0,0.529,30.0,41.0,0.732,17.0,28.0,153.0,392.0,9.0,16.0,69.0,0.0,2.3,4.3,0.534,0.9,1.7,0.517,0.9,,0.5,3.1,0.603,3.2,6.0,0.529,1.8,2.4,0.732,17.0,9.0,24.8,1.0,1.6,9.0,219.0,0.5,0.9,4.1,3.3,6.2,0.534,1.3,2.5,0.517,1.3,,0.8,4.4,0.603,4.6,8.7,0.529,2.6,3.5,0.732,17.0,9.0,422.0,1.5,2.4,13.1,392.0,0.8,1.4,5.9,4.5,8.4,0.534,1.7,3.4,0.517,1.7,,1.0,6.0,115.0,0.603,6.2,11.8,0.529,3.5,4.7,0.732,17.0,9.0,422.0,2.0,120.0,3.2,17.7,392.0,1.0,1.9,8.0,0.284,4.8,,1.8,-1.5,-0.7,13.8,0.3,0.402,17.0,9.0,422.0,-0.9,4.6,0.6,12.7,392.0,1.0,11.8,9.2,0.637,14.2,0.0,0.9,0.099,,0,15,4,18,17,9,4,7,36,422,-7.7,-7.2,11,89,0,0,0,392,9,6,0.0,0.0,,0.5,0.414,13.2,7.0,0.069,0.529,0.714,0.545,0.368,0.534,0.4,0.517,17.0,9.0,422.0,0.667,0.933,0.275,0.108,0.186,0.716,0.147,0.284,392.0,14.5,17.1,,17.0,9.0,100.0,71.0,146.0,113.0,115.0,94.0,162.0,113.0,422.0,392.0,0.534,0.284,0.517,0.603,0.529,0.732,0.402,0.637,,5.0,5.0,108.0,112.0,94.0,102.0,102.0,94.0,94.0,101.0,153.0,96.0,0.577,0.447,0.333,0.543,0.468,0.727,0.234,0.569,0.447,4.3,,1.9,-1.6,0.7,15.0,0.2,0.234,5.0,5.0,153.0,-2.3,3.6,0.0,11.3,96.0,1.6,11.9,8.8,0.569,16.9,0.0,0.2,0.061,,0.0,14.0,1.0,5.0,5.0,5.0,1.0,2.0,11.0,153.0,-27.1,-23.3,3.0,97.0,0.0,0.0,0.0,96.0,5.0,0.0,4.7,8.1,0.577,2.2,6.6,0.333,1.3,,0.9,6.6,109.0,0.543,6.9,14.7,0.468,2.5,3.4,0.727,5.0,5.0,153.0,1.9,102.0,4.7,18.4,96.0,1.6,2.2,8.4,3.5,6.1,0.577,1.6,4.9,0.333,0.9,,0.7,4.9,0.543,5.2,11.1,0.468,1.9,2.6,0.727,5.0,5.0,153.0,1.4,3.5,13.9,96.0,1.2,1.6,6.4,3.0,5.2,0.577,1.4,4.2,0.333,0.8,,0.6,4.2,0.543,4.4,9.4,0.468,1.6,2.2,0.727,5.0,5.0,30.6,1.2,3.0,11.8,60.0,1.0,1.4,5.4,0.0,0.0,,0.273,0.524,15.9,4.0,0.085,0.468,0.7,0.4,0.714,0.577,0.25,0.333,5.0,5.0,153.0,0.533,1.0,0.213,0.106,0.149,0.553,0.085,0.447,96.0,15.0,26.0,0.577,7.0,21.0,0.333,4.0,,3.0,21.0,0.543,22.0,47.0,0.468,8.0,11.0,0.727,5.0,5.0,153.0,6.0,15.0,59.0,92.0,5.0,7.0,27.0,0.0
ojelese01,Semi Ojeleye,https://www.basketball-reference.com/players/o/ojelese01.html,2021-22,2022,27.0,2TM,PF,PF,74.0,PF,30.0,0.0,406.0,15.0,49.0,0.306,15.0,50.0,0.3,9.0,,6.0,47.0,0.379,30.0,99.0,0.303,23.0,29.0,0.793,27.0,30.0,98.0,424.0,7.0,9.0,74.0,0.0,0.5,1.6,0.306,0.5,1.7,0.3,0.3,,0.2,1.6,0.379,1.0,3.3,0.303,0.8,1.0,0.793,30.0,0.0,13.5,0.9,1.0,3.3,464.0,0.2,0.3,2.5,1.3,4.3,0.306,1.3,4.4,0.3,0.8,,0.5,4.2,0.379,2.7,8.8,0.303,2.0,2.6,0.793,30.0,0.0,406.0,2.4,2.7,8.7,396.0,0.6,0.8,6.6,1.8,5.8,0.306,1.8,5.9,0.3,1.1,,0.7,5.6,114.0,0.379,3.6,11.8,0.303,2.7,3.4,0.793,30.0,0.0,406.0,3.2,101.0,3.6,11.6,396.0,0.8,1.1,8.8,0.505,2.9,,1.4,-5.7,-1.6,12.0,0.3,0.293,30.0,0.0,406.0,-4.1,7.2,-0.1,6.7,396.0,0.8,7.5,9.7,0.438,12.8,-0.4,0.2,0.029,,0,15,2,11,30,0,3,9,23,406,-19.9,-16.1,6,76,0,14,3,396,6,3,1.0,0.0,,0.286,0.28,14.7,5.0,0.061,0.303,0.667,0.143,,0.306,0.269,0.3,30.0,0.0,406.0,0.733,0.8,0.091,0.141,0.0,0.495,0.263,0.505,396.0,-30.2,-28.5,,30.0,0.0,57.0,126.0,85.0,71.0,66.0,102.0,118.0,77.0,406.0,396.0,0.306,0.505,0.3,0.379,0.303,0.793,0.293,0.438,,,,,,,,,,,,,,,,,,,,,,,,,,,,,,,,,,,,,,,,,,,,,,,,,,,,,,,,,,,,,,,,,,,,,,,,,,,,,,,,,,,,,,,,,,,,,,,,,,,,,,,,,,,,,,,,,,,,,,,,,,,,,,,,,,,,,,,,,,,,,,,,,,,,,,,,,,,,,,,,,,,,,,,,,,,,,,,,,,,,,,,,,,,,,,,,,,,,,,,,,,,,,
liveris01,Isaiah Livers,https://www.basketball-reference.com/players/l/liveris01.html,2021-22,2022,23.0,DET,SF,PF,75.0,PF,19.0,5.0,383.0,14.0,26.0,0.538,27.0,64.0,0.422,21.0,,7.0,42.0,0.606,41.0,90.0,0.456,12.0,14.0,0.857,15.0,37.0,121.0,411.0,13.0,15.0,57.0,0.0,0.7,1.4,0.538,1.4,3.4,0.422,1.1,,0.4,2.2,0.606,2.2,4.7,0.456,0.6,0.7,0.857,19.0,5.0,20.2,0.8,1.9,6.4,321.0,0.7,0.8,3.0,1.3,2.4,0.538,2.5,6.0,0.422,2.0,,0.7,3.9,0.606,3.9,8.5,0.456,1.1,1.3,0.857,19.0,5.0,383.0,1.4,3.5,11.4,399.0,1.2,1.4,5.4,1.8,3.3,0.538,3.4,8.2,0.422,2.7,,0.9,5.4,115.0,0.606,5.2,11.5,0.456,1.5,1.8,0.857,19.0,5.0,383.0,1.9,118.0,4.7,15.4,399.0,1.7,1.9,7.3,0.711,8.0,,1.6,-1.5,-0.2,12.5,0.3,0.156,19.0,5.0,383.0,-1.3,4.0,0.4,11.1,399.0,1.7,13.5,8.0,0.629,12.4,0.0,0.7,0.085,,1,23,1,7,19,5,1,3,55,383,6.6,-2.1,0,53,0,45,2,399,7,6,0.0,0.0,,0.423,0.406,20.1,1.0,0.011,0.456,0.8,0.667,0.167,0.538,0.429,0.422,19.0,5.0,383.0,0.643,0.963,0.111,0.033,0.067,0.289,0.078,0.711,399.0,13.3,12.1,,19.0,5.0,101.0,178.0,119.0,114.0,99.0,111.0,63.0,111.0,383.0,399.0,0.538,0.711,0.422,0.606,0.456,0.857,0.156,0.629,,,,,,,,,,,,,,,,,,,,,,,,,,,,,,,,,,,,,,,,,,,,,,,,,,,,,,,,,,,,,,,,,,,,,,,,,,,,,,,,,,,,,,,,,,,,,,,,,,,,,,,,,,,,,,,,,,,,,,,,,,,,,,,,,,,,,,,,,,,,,,,,,,,,,,,,,,,,,,,,,,,,,,,,,,,,,,,,,,,,,,,,,,,,,,,,,,,,,,,,,,,,,
clarkga01,Gary Clark,https://www.basketball-reference.com/players/c/clarkga01.html,2021-22,2022,27.0,NOP,PF,PF,76.0,PF,38.0,1.0,378.0,5.0,18.0,0.278,28.0,70.0,0.4,18.0,,7.0,67.0,0.534,33.0,88.0,0.375,7.0,10.0,0.7,23.0,20.0,101.0,421.0,13.0,10.0,90.0,0.0,0.1,0.5,0.278,0.7,1.8,0.4,0.5,,0.2,1.8,0.534,0.9,2.3,0.375,0.2,0.3,0.7,38.0,1.0,9.9,0.6,0.5,2.7,497.0,0.3,0.3,2.4,0.5,1.7,0.278,2.7,6.7,0.4,1.7,,0.7,6.4,0.534,3.1,8.4,0.375,0.7,1.0,0.7,38.0,1.0,378.0,2.2,1.9,9.6,400.0,1.2,1.0,8.6,0.7,2.4,0.278,3.7,9.1,0.4,2.4,,0.9,8.7,112.0,0.534,4.3,11.5,0.375,0.9,1.3,0.7,38.0,1.0,378.0,3.0,116.0,2.6,13.2,400.0,1.7,1.3,11.8,0.795,6.4,,1.8,0.1,0.0,20.1,0.4,0.114,38.0,1.0,378.0,0.1,6.6,0.3,11.4,400.0,1.7,9.8,13.2,0.547,11.6,0.2,0.7,0.092,,0,11,3,4,38,1,0,6,46,378,1.2,0.0,3,67,0,30,0,400,6,2,0.0,0.0,,0.5,0.571,20.1,0.0,0.011,0.375,0.125,0.0,,0.278,0.444,0.4,38.0,1.0,378.0,0.8,0.964,0.091,0.011,0.0,0.205,0.102,0.795,400.0,0.4,-3.6,,38.0,1.0,52.0,199.0,113.0,100.0,81.0,90.0,46.0,97.0,378.0,400.0,0.278,0.795,0.4,0.534,0.375,0.7,0.114,0.547,,,,,,,,,,,,,,,,,,,,,,,,,,,,,,,,,,,,,,,,,,,,,,,,,,,,,,,,,,,,,,,,,,,,,,,,,,,,,,,,,,,,,,,,,,,,,,,,,,,,,,,,,,,,,,,,,,,,,,,,,,,,,,,,,,,,,,,,,,,,,,,,,,,,,,,,,,,,,,,,,,,,,,,,,,,,,,,,,,,,,,,,,,,,,,,,,,,,,,,,,,,,,
wainris01,Ish Wainright,https://www.basketball-reference.com/players/w/wainris01.html,2021-22,2022,27.0,PHO,PF,PF,77.0,PF,45.0,0.0,359.0,22.0,45.0,0.489,19.0,59.0,0.322,15.0,,6.0,27.0,0.486,41.0,104.0,0.394,7.0,12.0,0.583,27.0,49.0,108.0,416.0,20.0,13.0,54.0,0.0,0.5,1.0,0.489,0.4,1.3,0.322,0.3,,0.1,0.6,0.486,0.9,2.3,0.394,0.2,0.3,0.583,45.0,0.0,8.0,0.6,1.1,2.4,512.0,0.4,0.3,1.2,2.2,4.5,0.489,1.9,5.9,0.322,1.5,,0.6,2.7,0.486,4.1,10.4,0.394,0.7,1.2,0.583,45.0,0.0,359.0,2.7,4.9,10.8,409.0,2.0,1.3,5.4,2.9,6.0,0.489,2.5,7.9,0.322,2.0,,0.8,3.6,107.0,0.486,5.5,13.9,0.394,0.9,1.6,0.583,45.0,0.0,359.0,3.6,104.0,6.6,14.5,409.0,2.7,1.7,7.2,0.567,5.3,,1.5,-2.0,1.0,7.9,0.6,0.115,45.0,0.0,359.0,-3.0,8.3,0.0,9.4,409.0,2.7,10.6,8.1,0.494,14.7,0.0,0.6,0.079,,6,25,2,4,45,0,2,7,38,359,-2.8,5.2,3,65,0,30,2,409,6,1,0.0,0.0,,0.429,0.475,15.8,3.0,0.038,0.394,0.708,0.0,0.0,0.489,0.294,0.322,45.0,0.0,359.0,0.636,1.0,0.231,0.019,0.019,0.433,0.163,0.567,409.0,-9.6,-15.7,,45.0,0.0,92.0,142.0,91.0,91.0,85.0,75.0,46.0,87.0,359.0,409.0,0.489,0.567,0.322,0.486,0.394,0.583,0.115,0.494,,7.0,0.0,63.0,125.0,141.0,102.0,90.0,,0.0,96.0,26.0,172.0,0.333,0.5,0.5,0.542,0.417,,0.0,0.542,0.5,5.8,,3.7,6.6,-0.4,17.7,0.0,0.0,7.0,0.0,26.0,7.0,33.0,0.0,21.3,172.0,2.0,20.0,25.1,0.542,26.5,0.1,0.0,0.076,,1.0,0.0,0.0,0.0,7.0,0.0,0.0,1.0,2.0,26.0,18.4,16.2,6.0,94.0,0.0,0.0,0.0,172.0,2.0,0.0,4.0,11.9,0.333,6.0,11.9,0.5,2.0,,2.0,7.9,113.0,0.542,9.9,23.8,0.417,0.0,0.0,,7.0,0.0,26.0,13.9,107.0,4.0,25.8,172.0,2.0,6.0,21.8,2.8,8.3,0.333,4.2,8.3,0.5,1.4,,1.4,5.5,0.542,6.9,16.6,0.417,0.0,0.0,,7.0,0.0,26.0,9.7,2.8,18.0,172.0,1.4,4.2,15.2,0.3,0.9,0.333,0.4,0.9,0.5,0.1,,0.1,0.6,0.542,0.7,1.7,0.417,0.0,0.0,,7.0,0.0,3.7,1.0,0.3,1.9,172.0,0.1,0.4,1.6,0.0,0.0,,0.4,0.833,13.6,0.0,0.0,0.417,0.333,,,0.333,0.333,0.5,7.0,0.0,26.0,0.5,1.0,0.25,0.0,0.0,0.5,0.25,0.5,172.0,2.0,6.0,0.333,3.0,6.0,0.5,1.0,,1.0,4.0,0.542,5.0,12.0,0.417,0.0,0.0,,7.0,0.0,26.0,7.0,2.0,13.0,161.0,1.0,3.0,11.0,0.0
blevike01,Keljin Blevins,https://www.basketball-reference.com/players/b/blevike01.html,2021-22,2022,26.0,POR,SF,PF,78.0,PF,31.0,1.0,349.0,13.0,39.0,0.333,21.0,72.0,0.292,19.0,,1.0,29.0,0.401,34.0,111.0,0.306,6.0,11.0,0.545,16.0,29.0,95.0,427.0,13.0,17.0,45.0,0.0,0.4,1.3,0.333,0.7,2.3,0.292,0.6,,0.0,0.9,0.401,1.1,3.6,0.306,0.2,0.4,0.545,31.0,1.0,11.3,0.5,0.9,3.1,477.0,0.4,0.5,1.5,1.3,4.0,0.333,2.2,7.4,0.292,2.0,,0.1,3.0,0.401,3.5,11.4,0.306,0.6,1.1,0.545,31.0,1.0,349.0,1.7,3.0,9.8,412.0,1.3,1.8,4.6,1.8,5.5,0.333,2.9,10.1,0.292,2.7,,0.1,4.1,119.0,0.401,4.8,15.5,0.306,0.8,1.5,0.545,31.0,1.0,349.0,2.2,86.0,4.1,13.3,412.0,1.8,2.4,6.3,0.649,7.7,,0.3,-8.5,-2.9,9.5,0.1,0.099,31.0,1.0,349.0,-5.6,4.9,-0.6,4.8,412.0,1.8,12.8,7.1,0.41,16.5,-0.6,-0.5,-0.066,,1,19,0,2,31,1,0,6,48,349,-20.8,-27.8,0,43,0,40,17,412,6,9,0.0,0.0,,0.217,0.319,18.4,1.0,0.018,0.306,0.391,0.0,0.333,0.333,0.286,0.292,31.0,1.0,349.0,0.615,0.857,0.207,0.027,0.054,0.351,0.063,0.649,412.0,-29.0,-36.1,,31.0,1.0,63.0,162.0,82.0,75.0,66.0,70.0,40.0,72.0,349.0,412.0,0.333,0.649,0.292,0.401,0.306,0.545,0.099,0.41,,,,,,,,,,,,,,,,,,,,,,,,,,,,,,,,,,,,,,,,,,,,,,,,,,,,,,,,,,,,,,,,,,,,,,,,,,,,,,,,,,,,,,,,,,,,,,,,,,,,,,,,,,,,,,,,,,,,,,,,,,,,,,,,,,,,,,,,,,,,,,,,,,,,,,,,,,,,,,,,,,,,,,,,,,,,,,,,,,,,,,,,,,,,,,,,,,,,,,,,,,,,,
anderju01,Justin Anderson,https://www.basketball-reference.com/players/a/anderju01.html,2021-22,2022,28.0,2TM,SF,PF,79.0,PF,16.0,6.0,316.0,21.0,36.0,0.583,15.0,59.0,0.254,33.0,,6.0,42.0,0.458,36.0,95.0,0.379,15.0,19.0,0.789,4.0,22.0,102.0,420.0,8.0,8.0,46.0,0.0,1.3,2.3,0.583,0.9,3.7,0.254,2.1,,0.4,2.6,0.458,2.3,5.9,0.379,0.9,1.2,0.789,16.0,6.0,19.8,0.3,1.4,6.4,316.0,0.5,0.5,2.9,2.4,4.1,0.583,1.7,6.7,0.254,3.8,,0.7,4.8,0.458,4.1,10.8,0.379,1.7,2.2,0.789,16.0,6.0,316.0,0.5,2.5,11.6,423.0,0.9,0.9,5.2,3.3,5.6,0.583,2.3,9.2,0.254,5.1,,0.9,6.5,116.0,0.458,5.6,14.8,0.379,2.3,3.0,0.789,16.0,6.0,316.0,0.6,109.0,3.4,15.9,423.0,1.2,1.2,7.1,0.621,14.2,,1.7,-3.2,-1.3,15.0,0.2,0.2,16.0,6.0,316.0,-1.9,1.4,0.2,10.4,423.0,1.2,7.2,8.1,0.493,15.1,-0.1,0.4,0.054,,0,13,1,10,16,6,5,5,87,316,1.1,-1.8,0,55,0,43,1,423,5,2,0.0,0.0,,0.4,0.339,20.3,1.0,0.032,0.379,0.714,0.25,0.667,0.583,0.444,0.254,16.0,6.0,316.0,0.667,0.933,0.147,0.042,0.095,0.379,0.095,0.621,423.0,-14.0,-15.0,,16.0,6.0,110.0,156.0,72.0,86.0,82.0,102.0,81.0,87.0,316.0,423.0,0.583,0.621,0.254,0.458,0.379,0.789,0.2,0.493,,,,,,,,,,,,,,,,,,,,,,,,,,,,,,,,,,,,,,,,,,,,,,,,,,,,,,,,,,,,,,,,,,,,,,,,,,,,,,,,,,,,,,,,,,,,,,,,,,,,,,,,,,,,,,,,,,,,,,,,,,,,,,,,,,,,,,,,,,,,,,,,,,,,,,,,,,,,,,,,,,,,,,,,,,,,,,,,,,,,,,,,,,,,,,,,,,,,,,,,,,,,,
morrima02,Markieff Morris,https://www.basketball-reference.com/players/m/morrima02.html,2021-22,2022,32.0,MIA,PF,PF,80.0,PF,17.0,1.0,298.0,41.0,75.0,0.547,13.0,39.0,0.333,23.0,,1.0,28.0,0.531,54.0,114.0,0.474,8.0,9.0,0.889,17.0,33.0,129.0,406.0,6.0,20.0,45.0,0.0,2.4,4.4,0.547,0.8,2.3,0.333,1.4,,0.1,1.6,0.531,3.2,6.7,0.474,0.5,0.5,0.889,17.0,1.0,17.5,1.0,1.9,7.6,270.0,0.4,1.2,2.6,5.0,9.1,0.547,1.6,4.7,0.333,2.8,,0.1,3.4,0.531,6.5,13.8,0.474,1.0,1.1,0.889,17.0,1.0,298.0,2.1,4.0,15.6,427.0,0.7,2.4,5.4,6.9,12.6,0.547,2.2,6.5,0.333,3.9,,0.2,4.7,112.0,0.531,9.1,19.1,0.474,1.3,1.5,0.889,17.0,1.0,298.0,2.9,104.0,5.5,21.7,427.0,1.0,3.4,7.6,0.342,12.1,,0.4,-1.9,-0.4,10.5,0.3,0.079,17.0,1.0,298.0,-1.5,6.6,0.0,10.9,427.0,1.0,14.5,8.6,0.547,20.6,0.0,0.3,0.054,,4,14,0,5,17,1,1,1,57,298,-0.9,3.8,24,76,0,0,0,427,7,5,0.0,0.0,,0.368,0.487,14.4,4.0,0.044,0.474,0.75,0.5,0.538,0.547,0.45,0.333,17.0,1.0,298.0,0.488,1.0,0.14,0.211,0.114,0.658,0.175,0.342,427.0,-0.2,-4.5,,17.0,1.0,103.0,86.0,94.0,100.0,103.0,115.0,32.0,97.0,298.0,427.0,0.547,0.342,0.333,0.531,0.474,0.889,0.079,0.547,,1.0,0.0,0.0,0.0,,0.0,0.0,,0.0,0.0,3.0,212.0,0.0,0.0,,0.0,0.0,,0.0,0.0,0.0,0.0,,0.0,-40.3,-6.6,40.7,0.0,0.0,1.0,0.0,3.0,-33.7,0.0,-0.1,-39.3,212.0,0.0,50.0,19.6,0.0,29.7,0.0,0.0,-0.772,,1.0,1.0,0.0,0.0,1.0,0.0,0.0,1.0,0.0,3.0,24.6,28.6,100.0,0.0,0.0,0.0,0.0,212.0,0.0,0.0,0.0,17.0,0.0,0.0,0.0,,0.0,,0.0,17.0,105.0,0.0,0.0,17.0,0.0,0.0,0.0,,1.0,0.0,3.0,0.0,0.0,34.0,0.0,212.0,0.0,17.0,17.0,0.0,12.0,0.0,0.0,0.0,,0.0,,0.0,12.0,0.0,0.0,12.0,0.0,0.0,0.0,,1.0,0.0,3.0,0.0,24.0,0.0,212.0,0.0,12.0,12.0,0.0,1.0,0.0,0.0,0.0,,0.0,,0.0,1.0,0.0,0.0,1.0,0.0,0.0,0.0,,1.0,0.0,3.0,0.0,2.0,0.0,213.0,0.0,1.0,1.0,0.0,0.0,,,,14.7,0.0,0.0,0.0,,0.0,,0.0,,,1.0,0.0,3.0,,,0.0,1.0,0.0,1.0,0.0,0.0,212.0,0.0,1.0,0.0,0.0,0.0,,0.0,,0.0,1.0,0.0,0.0,1.0,0.0,0.0,0.0,,1.0,0.0,3.0,0.0,2.0,0.0,213.0,0.0,1.0,1.0,0.0
thorjt01,JT Thor,https://www.basketball-reference.com/players/t/thorjt01.html,2021-22,2022,19.0,CHO,PF,PF,81.0,PF,33.0,0.0,262.0,17.0,28.0,0.607,7.0,27.0,0.259,19.0,,11.0,32.0,0.5,24.0,55.0,0.436,12.0,20.0,0.6,11.0,26.0,67.0,455.0,8.0,10.0,43.0,0.0,0.5,0.8,0.607,0.2,0.8,0.259,0.6,,0.3,1.0,0.5,0.7,1.7,0.436,0.4,0.6,0.6,33.0,0.0,7.9,0.3,0.8,2.0,534.0,0.2,0.3,1.3,2.3,3.8,0.607,1.0,3.7,0.259,2.6,,1.5,4.4,0.5,3.3,7.6,0.436,1.6,2.7,0.6,33.0,0.0,262.0,1.5,3.6,9.2,432.0,1.1,1.4,5.9,3.1,5.1,0.607,1.3,4.9,0.259,3.5,,2.0,5.9,114.0,0.5,4.4,10.1,0.436,2.2,3.7,0.6,33.0,0.0,262.0,2.0,108.0,4.8,12.3,432.0,1.5,1.8,7.9,0.491,9.2,,4.0,-3.0,0.1,13.1,0.2,0.364,33.0,0.0,262.0,-3.1,4.4,0.1,9.7,432.0,1.5,13.6,8.7,0.525,12.0,-0.1,0.3,0.058,,1,15,1,10,33,0,4,2,49,262,-0.1,0.4,14,53,0,30,3,432,5,3,0.0,0.0,,0.667,0.111,15.8,7.0,0.145,0.436,0.786,0.25,0.667,0.607,0.429,0.259,33.0,0.0,262.0,0.706,1.0,0.255,0.073,0.055,0.509,0.127,0.491,432.0,-3.5,-5.2,,33.0,0.0,114.0,123.0,73.0,94.0,95.0,77.0,147.0,93.0,262.0,432.0,0.607,0.491,0.259,0.5,0.436,0.6,0.364,0.525,,,,,,,,,,,,,,,,,,,,,,,,,,,,,,,,,,,,,,,,,,,,,,,,,,,,,,,,,,,,,,,,,,,,,,,,,,,,,,,,,,,,,,,,,,,,,,,,,,,,,,,,,,,,,,,,,,,,,,,,,,,,,,,,,,,,,,,,,,,,,,,,,,,,,,,,,,,,,,,,,,,,,,,,,,,,,,,,,,,,,,,,,,,,,,,,,,,,,,,,,,,,,
okpalkz01,KZ Okpala,https://www.basketball-reference.com/players/o/okpalkz01.html,2021-22,2022,22.0,MIA,PF,PF,82.0,PF,21.0,0.0,244.0,21.0,43.0,0.488,9.0,26.0,0.346,14.0,,7.0,30.0,0.5,30.0,69.0,0.435,8.0,11.0,0.727,11.0,25.0,77.0,446.0,4.0,5.0,41.0,0.0,1.0,2.0,0.488,0.4,1.2,0.346,0.7,,0.3,1.4,0.5,1.4,3.3,0.435,0.4,0.5,0.727,21.0,0.0,11.6,0.5,1.2,3.7,448.0,0.2,0.2,2.0,3.1,6.3,0.488,1.3,3.8,0.346,2.1,,1.0,4.4,0.5,4.4,10.2,0.435,1.2,1.6,0.727,21.0,0.0,244.0,1.6,3.7,11.4,434.0,0.6,0.7,6.0,4.3,8.8,0.488,1.8,5.3,0.346,2.9,,1.4,6.2,110.0,0.5,6.2,14.1,0.435,1.6,2.3,0.727,21.0,0.0,244.0,2.3,113.0,5.1,15.8,434.0,0.8,1.0,8.4,0.377,8.3,,3.0,-2.8,0.4,13.7,0.3,0.159,21.0,0.0,244.0,-3.2,5.2,0.2,10.4,434.0,0.8,6.3,9.5,0.521,14.4,-0.1,0.5,0.097,,2,17,0,6,21,0,1,2,35,244,-0.3,4.3,43,56,0,1,0,434,1,2,0.0,0.0,,0.5,0.615,12.0,7.0,0.101,0.435,0.545,0.25,0.0,0.488,0.5,0.346,21.0,0.0,244.0,0.762,1.0,0.319,0.058,0.014,0.623,0.232,0.377,434.0,-4.4,-6.6,,21.0,0.0,92.0,94.0,98.0,94.0,94.0,94.0,64.0,92.0,244.0,434.0,0.488,0.377,0.346,0.5,0.435,0.727,0.159,0.521,,,,,,,,,,,,,,,,,,,,,,,,,,,,,,,,,,,,,,,,,,,,,,,,,,,,,,,,,,,,,,,,,,,,,,,,,,,,,,,,,,,,,,,,,,,,,,,,,,,,,,,,,,,,,,,,,,,,,,,,,,,,,,,,,,,,,,,,,,,,,,,,,,,,,,,,,,,,,,,,,,,,,,,,,,,,,,,,,,,,,,,,,,,,,,,,,,,,,,,,,,,,,
hoardja01,Jaylen Hoard,https://www.basketball-reference.com/players/h/hoardja01.html,2021-22,2022,22.0,OKC,SF,PF,83.0,PF,7.0,5.0,240.0,35.0,65.0,0.538,9.0,25.0,0.36,17.0,,5.0,54.0,0.539,44.0,90.0,0.489,6.0,14.0,0.429,30.0,14.0,103.0,419.0,6.0,8.0,84.0,0.0,5.0,9.3,0.538,1.3,3.6,0.36,2.4,,0.7,7.7,0.539,6.3,12.9,0.489,0.9,2.0,0.429,7.0,5.0,34.3,4.3,2.0,14.7,98.0,0.9,1.1,12.0,5.2,9.8,0.538,1.4,3.7,0.36,2.5,,0.7,8.1,0.539,6.6,13.5,0.489,0.9,2.1,0.429,7.0,5.0,240.0,4.5,2.1,15.4,437.0,0.9,1.2,12.6,7.1,13.2,0.538,1.8,5.1,0.36,3.5,,1.0,11.0,111.0,0.539,8.9,18.3,0.489,1.2,2.8,0.429,7.0,5.0,240.0,6.1,115.0,2.8,20.9,437.0,1.2,1.6,17.0,0.278,11.6,,1.9,-0.9,-2.1,23.5,0.3,0.156,7.0,5.0,240.0,1.2,12.7,0.3,18.0,437.0,1.2,7.7,18.0,0.536,18.7,0.1,0.6,0.118,,1,11,0,8,7,5,2,10,41,240,-10.0,-17.7,32,40,0,24,4,437,5,2,0.0,0.0,,0.571,0.28,10.0,4.0,0.044,0.489,0.724,0.333,0.5,0.538,0.387,0.36,7.0,5.0,240.0,0.429,0.889,0.322,0.033,0.022,0.722,0.344,0.278,437.0,1.3,-5.9,,7.0,5.0,101.0,70.0,102.0,101.0,106.0,55.0,63.0,95.0,240.0,437.0,0.538,0.278,0.36,0.539,0.489,0.429,0.156,0.536,,,,,,,,,,,,,,,,,,,,,,,,,,,,,,,,,,,,,,,,,,,,,,,,,,,,,,,,,,,,,,,,,,,,,,,,,,,,,,,,,,,,,,,,,,,,,,,,,,,,,,,,,,,,,,,,,,,,,,,,,,,,,,,,,,,,,,,,,,,,,,,,,,,,,,,,,,,,,,,,,,,,,,,,,,,,,,,,,,,,,,,,,,,,,,,,,,,,,,,,,,,,,
knoxke01,Kevin Knox,https://www.basketball-reference.com/players/k/knoxke01.html,2021-22,2022,22.0,2TM,SF,PF,84.0,PF,30.0,0.0,222.0,16.0,31.0,0.516,15.0,54.0,0.278,10.0,,2.0,30.0,0.453,31.0,85.0,0.365,16.0,22.0,0.727,14.0,19.0,93.0,429.0,4.0,7.0,44.0,0.0,0.5,1.0,0.516,0.5,1.8,0.278,0.3,,0.1,1.0,0.453,1.0,2.8,0.365,0.5,0.7,0.727,30.0,0.0,7.4,0.5,0.6,3.1,475.0,0.1,0.2,1.5,2.6,5.0,0.516,2.4,8.8,0.278,1.6,,0.3,4.9,0.453,5.0,13.8,0.365,2.6,3.6,0.727,30.0,0.0,222.0,2.3,3.1,15.1,441.0,0.6,1.1,7.1,3.6,6.9,0.516,3.4,12.1,0.278,2.2,,0.4,6.7,115.0,0.453,6.9,19.0,0.365,3.6,4.9,0.727,30.0,0.0,222.0,3.1,106.0,4.2,20.8,441.0,0.9,1.6,9.8,0.635,6.5,,0.8,-4.1,-2.2,14.8,0.2,0.259,30.0,0.0,222.0,-1.9,6.8,0.1,10.9,441.0,0.9,6.9,10.7,0.491,20.0,-0.1,0.2,0.047,,0,12,1,9,30,0,0,4,25,222,-17.2,-15.6,1,57,0,30,12,441,3,1,1.0,0.0,,0.412,0.315,18.6,7.0,0.082,0.365,0.769,0.0,0.25,0.516,0.556,0.278,30.0,0.0,222.0,0.75,1.0,0.153,0.059,0.047,0.365,0.106,0.635,441.0,-13.4,-14.2,,30.0,0.0,97.0,159.0,79.0,85.0,79.0,94.0,104.0,87.0,222.0,441.0,0.516,0.635,0.278,0.453,0.365,0.727,0.259,0.491,,2.0,0.0,188.0,228.0,170.0,171.0,138.0,129.0,73.0,164.0,9.0,197.0,1.0,0.909,0.6,0.909,0.636,1.0,0.182,0.926,0.909,0.0,,0.0,62.6,15.1,27.4,0.0,0.182,2.0,0.0,9.0,47.5,0.0,0.2,86.7,197.0,11.2,20.2,13.4,0.926,76.1,0.2,0.2,1.24,,0.0,0.0,0.0,1.0,2.0,0.0,0.0,0.0,0.0,9.0,32.6,17.7,0.0,0.0,0.0,0.0,100.0,197.0,1.0,1.0,5.6,5.6,1.0,33.6,56.0,0.6,0.0,,0.0,11.2,91.0,0.909,39.2,61.6,0.636,11.2,11.2,1.0,2.0,0.0,9.0,0.0,153.0,0.0,123.2,197.0,11.2,16.8,11.2,4.0,4.0,1.0,24.0,40.0,0.6,0.0,,0.0,8.0,0.909,28.0,44.0,0.636,8.0,8.0,1.0,2.0,0.0,9.0,0.0,0.0,88.0,197.0,8.0,12.0,8.0,0.5,0.5,1.0,3.0,5.0,0.6,0.0,,0.0,1.0,0.909,3.5,5.5,0.636,1.0,1.0,1.0,2.0,0.0,4.5,0.0,0.0,11.0,64.0,1.0,1.5,1.0,0.0,0.0,,0.5,0.2,24.4,0.0,0.0,0.636,,,1.0,1.0,,0.6,2.0,0.0,9.0,0.0,0.5,0.0,0.0,0.091,0.091,0.0,0.909,197.0,1.0,1.0,1.0,6.0,10.0,0.6,0.0,,0.0,2.0,0.909,7.0,11.0,0.636,2.0,2.0,1.0,2.0,0.0,9.0,0.0,0.0,22.0,145.0,2.0,3.0,2.0,0.0
kalaige01,Georgios Kalaitzakis,https://www.basketball-reference.com/players/k/kalaige01.html,2021-22,2022,23.0,2TM,SF,PF,85.0,PF,13.0,4.0,214.0,21.0,41.0,0.512,10.0,26.0,0.385,12.0,,2.0,15.0,0.537,31.0,67.0,0.463,14.0,30.0,0.467,6.0,19.0,86.0,435.0,11.0,20.0,21.0,0.0,1.6,3.2,0.512,0.8,2.0,0.385,0.9,,0.2,1.2,0.537,2.4,5.2,0.463,1.1,2.3,0.467,13.0,4.0,16.5,0.5,1.5,6.6,310.0,0.8,1.5,1.6,3.5,6.9,0.512,1.7,4.4,0.385,2.0,,0.3,2.5,0.537,5.2,11.3,0.463,2.4,5.0,0.467,13.0,4.0,214.0,1.0,3.2,14.5,443.0,1.9,3.4,3.5,4.8,9.3,0.512,2.3,5.9,0.385,2.7,,0.5,3.4,113.0,0.537,7.0,15.2,0.463,3.2,6.8,0.467,13.0,4.0,214.0,1.4,91.0,4.3,19.5,443.0,2.5,4.5,4.8,0.388,8.8,,0.9,-7.0,-1.9,7.3,0.2,0.448,13.0,4.0,214.0,-5.1,3.0,-0.3,8.6,443.0,2.5,20.0,5.1,0.536,20.2,-0.3,-0.1,-0.024,,1,6,0,14,13,4,4,0,28,214,-24.7,-29.7,0,37,2,34,27,443,12,6,0.0,0.0,,0.25,0.154,13.6,4.0,0.075,0.463,0.667,0.333,0.0,0.512,0.583,0.385,13.0,4.0,214.0,0.524,0.8,0.269,0.09,0.075,0.612,0.179,0.388,443.0,0.8,-4.8,,13.0,4.0,96.0,97.0,109.0,101.0,100.0,60.0,180.0,95.0,214.0,443.0,0.512,0.388,0.385,0.537,0.463,0.467,0.448,0.536,,,,,,,,,,,,,,,,,,,,,,,,,,,,,,,,,,,,,,,,,,,,,,,,,,,,,,,,,,,,,,,,,,,,,,,,,,,,,,,,,,,,,,,,,,,,,,,,,,,,,,,,,,,,,,,,,,,,,,,,,,,,,,,,,,,,,,,,,,,,,,,,,,,,,,,,,,,,,,,,,,,,,,,,,,,,,,,,,,,,,,,,,,,,,,,,,,,,,,,,,,,,,
keybr01,Braxton Key,https://www.basketball-reference.com/players/k/keybr01.html,2021-22,2022,24.0,2TM,SF,PF,86.0,PF,11.0,0.0,197.0,27.0,51.0,0.529,6.0,21.0,0.286,11.0,,11.0,37.0,0.5,33.0,72.0,0.458,7.0,13.0,0.538,13.0,26.0,79.0,443.0,10.0,11.0,50.0,0.0,2.5,4.6,0.529,0.5,1.9,0.286,1.0,,1.0,3.4,0.5,3.0,6.5,0.458,0.6,1.2,0.538,11.0,0.0,17.9,1.2,2.4,7.2,290.0,0.9,1.0,4.5,4.9,9.3,0.529,1.1,3.8,0.286,2.0,,2.0,6.8,0.5,6.0,13.2,0.458,1.3,2.4,0.538,11.0,0.0,197.0,2.4,4.8,14.4,452.0,1.8,2.0,9.1,6.7,12.6,0.529,1.5,5.2,0.286,2.7,,2.7,9.2,108.0,0.5,8.2,17.8,0.458,1.7,3.2,0.538,11.0,0.0,197.0,3.2,99.0,6.4,19.6,452.0,2.5,2.7,12.4,0.292,8.9,,5.0,-3.3,0.6,21.4,0.3,0.181,11.0,0.0,197.0,-3.8,6.8,-0.1,13.7,452.0,2.5,12.4,13.7,0.508,19.4,-0.1,0.2,0.052,,1,15,4,6,11,0,3,4,25,197,14.3,5.9,6,87,0,8,0,452,8,2,0.0,0.0,,0.333,0.429,11.8,6.0,0.097,0.458,0.762,0.2,0.0,0.529,0.476,0.286,11.0,0.0,197.0,0.741,0.833,0.292,0.069,0.056,0.708,0.292,0.292,452.0,-4.5,-9.0,,11.0,0.0,99.0,73.0,81.0,94.0,99.0,70.0,73.0,90.0,197.0,452.0,0.529,0.292,0.286,0.5,0.458,0.538,0.181,0.508,,,,,,,,,,,,,,,,,,,,,,,,,,,,,,,,,,,,,,,,,,,,,,,,,,,,,,,,,,,,,,,,,,,,,,,,,,,,,,,,,,,,,,,,,,,,,,,,,,,,,,,,,,,,,,,,,,,,,,,,,,,,,,,,,,,,,,,,,,,,,,,,,,,,,,,,,,,,,,,,,,,,,,,,,,,,,,,,,,,,,,,,,,,,,,,,,,,,,,,,,,,,,
pickeja01,Jamorko Pickett,https://www.basketball-reference.com/players/p/pickeja01.html,2021-22,2022,24.0,DET,PF,PF,87.0,PF,13.0,0.0,176.0,5.0,11.0,0.455,13.0,39.0,0.333,7.0,,7.0,26.0,0.49,18.0,50.0,0.36,1.0,2.0,0.5,6.0,12.0,50.0,470.0,0.0,5.0,32.0,0.0,0.4,0.8,0.455,1.0,3.0,0.333,0.5,,0.5,2.0,0.49,1.4,3.8,0.36,0.1,0.2,0.5,13.0,0.0,13.5,0.5,0.9,3.8,443.0,0.0,0.4,2.5,1.0,2.3,0.455,2.7,8.0,0.333,1.4,,1.4,5.3,0.49,3.7,10.2,0.36,0.2,0.4,0.5,13.0,0.0,176.0,1.2,2.5,10.2,463.0,0.0,1.0,6.5,1.4,3.0,0.455,3.6,10.8,0.333,1.9,,1.9,7.2,116.0,0.49,5.0,13.9,0.36,0.3,0.6,0.5,13.0,0.0,176.0,1.7,99.0,3.3,13.9,463.0,0.0,1.4,8.9,0.78,5.8,,3.6,-5.0,-2.1,16.8,0.1,0.04,13.0,0.0,176.0,-2.8,3.5,0.0,7.6,463.0,0.0,8.9,9.8,0.491,13.6,-0.1,0.1,0.015,,0,8,1,1,13,0,0,1,19,176,6.8,-1.5,42,51,0,7,0,463,1,4,0.0,0.0,,0.357,0.359,21.1,1.0,0.02,0.36,0.5,,0.0,0.455,0.5,0.333,13.0,0.0,176.0,0.8,0.923,0.04,0.0,0.02,0.22,0.16,0.78,463.0,-4.2,-7.6,,13.0,0.0,85.0,195.0,94.0,92.0,78.0,65.0,16.0,87.0,176.0,463.0,0.455,0.78,0.333,0.49,0.36,0.5,0.04,0.491,,,,,,,,,,,,,,,,,,,,,,,,,,,,,,,,,,,,,,,,,,,,,,,,,,,,,,,,,,,,,,,,,,,,,,,,,,,,,,,,,,,,,,,,,,,,,,,,,,,,,,,,,,,,,,,,,,,,,,,,,,,,,,,,,,,,,,,,,,,,,,,,,,,,,,,,,,,,,,,,,,,,,,,,,,,,,,,,,,,,,,,,,,,,,,,,,,,,,,,,,,,,,
cancavl01,Vlatko Čančar,https://www.basketball-reference.com/players/c/cancavl01.html,2021-22,2022,24.0,DEN,PF,PF,87.0,PF,15.0,1.0,176.0,16.0,29.0,0.552,7.0,12.0,0.583,17.0,,3.0,23.0,0.646,23.0,41.0,0.561,9.0,14.0,0.643,8.0,18.0,62.0,457.0,2.0,9.0,31.0,0.0,1.1,1.9,0.552,0.5,0.8,0.583,1.1,,0.2,1.5,0.646,1.5,2.7,0.561,0.6,0.9,0.643,15.0,1.0,11.7,0.5,1.2,4.1,424.0,0.1,0.6,2.1,3.3,5.9,0.552,1.4,2.5,0.583,3.5,,0.6,4.7,0.646,4.7,8.4,0.561,1.8,2.9,0.643,15.0,1.0,176.0,1.6,3.7,12.7,462.0,0.4,1.8,6.3,4.5,8.1,0.552,2.0,3.3,0.583,4.7,,0.8,6.4,115.0,0.646,6.4,11.4,0.561,2.5,3.9,0.643,15.0,1.0,176.0,2.2,122.0,5.0,17.3,462.0,0.6,2.5,8.6,0.293,13.2,,1.5,-1.7,-0.9,14.1,0.1,0.341,15.0,1.0,176.0,-0.9,5.2,0.3,12.7,462.0,0.6,16.0,9.8,0.657,14.0,0.0,0.4,0.114,,2,11,2,6,15,1,0,3,44,176,-2.6,-0.1,26,58,0,13,3,462,5,2,0.0,0.0,,0.4,0.417,10.6,2.0,0.049,0.561,0.75,0.25,0.0,0.552,0.375,0.583,15.0,1.0,176.0,0.938,1.0,0.39,0.098,0.024,0.707,0.195,0.293,462.0,9.4,8.6,,15.0,1.0,104.0,73.0,165.0,122.0,122.0,83.0,138.0,116.0,176.0,462.0,0.552,0.293,0.583,0.646,0.561,0.643,0.341,0.657,,2.0,0.0,188.0,167.0,141.0,157.0,145.0,,0.0,147.0,9.0,195.0,1.0,0.667,0.5,0.833,0.667,,0.0,0.833,0.667,18.6,,0.0,0.6,-1.3,28.4,0.0,0.0,2.0,0.0,9.0,1.9,0.0,0.0,13.1,195.0,0.0,40.0,13.7,0.833,24.2,0.0,0.0,-0.1,,0.0,0.0,0.0,0.0,2.0,0.0,0.0,0.0,3.0,9.0,43.7,32.2,0.0,100.0,0.0,0.0,0.0,195.0,0.0,2.0,5.5,5.5,1.0,5.5,11.0,0.5,5.5,,0.0,11.0,125.0,0.833,11.0,16.5,0.667,0.0,0.0,,2.0,0.0,9.0,0.0,91.0,0.0,27.5,195.0,0.0,11.0,11.0,4.0,4.0,1.0,4.0,8.0,0.5,4.0,,0.0,8.0,0.833,8.0,12.0,0.667,0.0,0.0,,2.0,0.0,9.0,0.0,0.0,20.0,195.0,0.0,8.0,8.0,0.5,0.5,1.0,0.5,1.0,0.5,0.5,,0.0,1.0,0.833,1.0,1.5,0.667,0.0,0.0,,2.0,0.0,4.5,0.0,0.0,2.5,159.0,0.0,1.0,1.0,0.0,0.0,,,0.0,20.7,0.0,0.0,0.667,,,,1.0,1.0,0.5,2.0,0.0,9.0,0.0,1.0,0.0,0.0,0.0,0.333,0.333,0.667,195.0,1.0,1.0,1.0,1.0,2.0,0.5,1.0,,0.0,2.0,0.833,2.0,3.0,0.667,0.0,0.0,,2.0,0.0,9.0,0.0,0.0,5.0,184.0,0.0,2.0,2.0,0.0
highsha01,Haywood Highsmith,https://www.basketball-reference.com/players/h/highsha01.html,2021-22,2022,25.0,MIA,SF,PF,89.0,PF,19.0,1.0,163.0,7.0,18.0,0.389,9.0,28.0,0.321,6.0,,3.0,16.0,0.446,16.0,46.0,0.348,2.0,5.0,0.4,10.0,13.0,43.0,478.0,2.0,3.0,26.0,0.0,0.4,0.9,0.389,0.5,1.5,0.321,0.3,,0.2,0.8,0.446,0.8,2.4,0.348,0.1,0.3,0.4,19.0,1.0,8.6,0.5,0.7,2.3,516.0,0.1,0.2,1.4,1.5,4.0,0.389,2.0,6.2,0.321,1.3,,0.7,3.5,0.446,3.5,10.2,0.348,0.4,1.1,0.4,19.0,1.0,163.0,2.2,2.9,9.5,470.0,0.4,0.7,5.7,2.1,5.5,0.389,2.8,8.6,0.321,1.8,,0.9,4.9,112.0,0.446,4.9,14.1,0.348,0.6,1.5,0.4,19.0,1.0,163.0,3.1,101.0,4.0,13.2,470.0,0.6,0.9,8.0,0.609,5.1,,1.9,-4.6,-1.3,10.9,0.2,0.109,19.0,1.0,163.0,-3.3,7.1,0.0,7.0,470.0,0.6,5.9,9.0,0.446,14.0,-0.1,0.1,0.041,,0,6,0,3,19,1,1,3,15,163,-14.3,-9.1,1,78,0,21,0,470,1,1,0.0,0.0,,0.375,0.571,16.7,0.0,0.0,0.348,0.3,,0.5,0.389,0.5,0.321,19.0,1.0,163.0,0.857,1.0,0.217,0.0,0.043,0.391,0.13,0.609,470.0,-7.9,-11.6,,19.0,1.0,73.0,152.0,91.0,84.0,75.0,52.0,44.0,79.0,163.0,470.0,0.389,0.609,0.321,0.446,0.348,0.4,0.109,0.446,,8.0,0.0,0.0,179.0,170.0,121.0,93.0,,0.0,114.0,31.0,168.0,0.0,0.714,0.6,0.643,0.429,,0.0,0.643,0.714,13.9,,0.0,0.4,0.6,11.8,0.0,0.0,8.0,0.0,31.0,-0.2,7.3,0.0,8.3,168.0,0.0,30.0,9.5,0.643,14.4,0.0,0.0,0.044,,0.0,1.0,0.0,0.0,8.0,0.0,0.0,1.0,7.0,31.0,13.6,17.2,0.0,99.0,0.0,2.0,0.0,168.0,0.0,2.0,0.0,3.3,0.0,4.9,8.2,0.6,4.9,,0.0,4.9,113.0,0.643,4.9,11.5,0.429,0.0,0.0,,8.0,0.0,31.0,3.3,104.0,3.3,14.8,168.0,0.0,4.9,8.2,0.0,2.3,0.0,3.5,5.8,0.6,3.5,,0.0,3.5,0.643,3.5,8.1,0.429,0.0,0.0,,8.0,0.0,31.0,2.3,2.3,10.5,168.0,0.0,3.5,5.8,0.0,0.3,0.0,0.4,0.6,0.6,0.4,,0.0,0.4,0.643,0.4,0.9,0.429,0.0,0.0,,8.0,0.0,3.9,0.3,0.3,1.1,186.0,0.0,0.4,0.6,0.0,0.0,,1.0,0.2,21.2,0.0,0.0,0.429,0.0,,,0.0,0.0,0.6,8.0,0.0,31.0,,1.0,0.143,0.0,0.0,0.286,0.143,0.714,168.0,0.0,2.0,0.0,3.0,5.0,0.6,3.0,,0.0,3.0,0.643,3.0,7.0,0.429,0.0,0.0,,8.0,0.0,31.0,2.0,2.0,9.0,170.0,0.0,3.0,5.0,0.0
watsopa01,Paul Watson,https://www.basketball-reference.com/players/w/watsopa01.html,2021-22,2022,27.0,OKC,SF,PF,90.0,PF,9.0,3.0,156.0,6.0,9.0,0.667,6.0,26.0,0.231,8.0,,3.0,24.0,0.429,12.0,35.0,0.343,1.0,2.0,0.5,3.0,10.0,31.0,491.0,3.0,4.0,27.0,0.0,0.7,1.0,0.667,0.7,2.9,0.231,0.9,,0.3,2.7,0.429,1.3,3.9,0.343,0.1,0.2,0.5,9.0,3.0,17.3,0.3,1.1,3.4,462.0,0.3,0.4,3.0,1.4,2.1,0.667,1.4,6.0,0.231,1.8,,0.7,5.5,0.429,2.8,8.1,0.343,0.2,0.5,0.5,9.0,3.0,156.0,0.7,2.3,7.2,472.0,0.7,0.9,6.2,1.9,2.8,0.667,1.9,8.1,0.231,2.5,,0.9,7.5,114.0,0.429,3.7,10.9,0.343,0.3,0.6,0.5,9.0,3.0,156.0,0.9,91.0,3.1,9.7,472.0,0.9,1.2,8.4,0.743,7.2,,1.8,-5.4,-0.6,16.1,0.1,0.057,9.0,3.0,156.0,-4.8,1.9,-0.1,5.7,472.0,0.9,10.0,8.9,0.432,11.0,-0.1,0.0,0.001,,2,4,0,0,9,3,0,1,19,156,-10.4,-18.3,0,51,0,32,16,472,2,0,0.0,0.0,,0.273,0.423,19.7,0.0,0.029,0.343,0.75,1.0,,0.667,0.5,0.231,9.0,3.0,156.0,0.5,1.0,0.114,0.029,0.0,0.257,0.114,0.743,472.0,-7.2,-9.6,,9.0,3.0,125.0,186.0,65.0,81.0,74.0,65.0,23.0,76.0,156.0,472.0,0.667,0.743,0.231,0.429,0.343,0.5,0.057,0.432,,,,,,,,,,,,,,,,,,,,,,,,,,,,,,,,,,,,,,,,,,,,,,,,,,,,,,,,,,,,,,,,,,,,,,,,,,,,,,,,,,,,,,,,,,,,,,,,,,,,,,,,,,,,,,,,,,,,,,,,,,,,,,,,,,,,,,,,,,,,,,,,,,,,,,,,,,,,,,,,,,,,,,,,,,,,,,,,,,,,,,,,,,,,,,,,,,,,,,,,,,,,,
cacokde01,Devontae Cacok,https://www.basketball-reference.com/players/c/cacokde01.html,2021-22,2022,25.0,SAS,PF,PF,91.0,PF,15.0,0.0,121.0,21.0,31.0,0.677,0.0,0.0,,6.0,,7.0,34.0,0.677,21.0,31.0,0.677,4.0,7.0,0.571,8.0,16.0,46.0,474.0,8.0,3.0,42.0,0.0,1.4,2.1,0.677,0.0,0.0,,0.4,,0.5,2.3,0.677,1.4,2.1,0.677,0.3,0.5,0.571,15.0,0.0,8.1,0.5,1.1,3.1,478.0,0.5,0.2,2.8,6.2,9.2,0.677,0.0,0.0,,1.8,,2.1,10.1,0.677,6.2,9.2,0.677,1.2,2.1,0.571,15.0,0.0,121.0,2.4,4.8,13.7,485.0,2.4,0.9,12.5,8.3,12.3,0.677,0.0,0.0,,2.4,,2.8,13.5,102.0,0.677,8.3,12.3,0.677,1.6,2.8,0.571,15.0,0.0,121.0,3.2,132.0,6.3,18.2,485.0,3.2,1.2,16.7,0.0,6.9,,4.9,4.2,3.5,29.7,0.3,0.226,15.0,0.0,121.0,0.7,6.9,0.3,20.2,485.0,3.2,8.1,18.2,0.675,12.9,0.2,0.5,0.206,,1,11,0,3,15,0,1,2,13,121,-2.8,-2.6,7,93,0,0,0,485,2,0,0.0,0.0,,,,4.6,3.0,0.097,0.677,0.833,0.75,,0.677,0.533,,15.0,0.0,121.0,0.667,,0.387,0.129,0.0,1.0,0.484,0.0,485.0,9.0,7.4,,15.0,0.0,127.0,0.0,,127.0,147.0,74.0,91.0,119.0,121.0,485.0,0.677,0.0,,0.677,0.677,0.571,0.226,0.675,,,,,,,,,,,,,,,,,,,,,,,,,,,,,,,,,,,,,,,,,,,,,,,,,,,,,,,,,,,,,,,,,,,,,,,,,,,,,,,,,,,,,,,,,,,,,,,,,,,,,,,,,,,,,,,,,,,,,,,,,,,,,,,,,,,,,,,,,,,,,,,,,,,,,,,,,,,,,,,,,,,,,,,,,,,,,,,,,,,,,,,,,,,,,,,,,,,,,,,,,,,,,
johnsja05,Jalen Johnson,https://www.basketball-reference.com/players/j/johnsja05.html,2021-22,2022,20.0,ATL,PF,PF,92.0,PF,22.0,0.0,120.0,19.0,28.0,0.679,3.0,13.0,0.231,3.0,,2.0,24.0,0.573,22.0,41.0,0.537,5.0,7.0,0.714,2.0,9.0,52.0,464.0,3.0,9.0,26.0,0.0,0.9,1.3,0.679,0.1,0.6,0.231,0.1,,0.1,1.1,0.573,1.0,1.9,0.537,0.2,0.3,0.714,22.0,0.0,5.5,0.1,0.4,2.4,509.0,0.1,0.4,1.2,5.7,8.4,0.679,0.9,3.9,0.231,0.9,,0.6,7.2,0.573,6.6,12.3,0.537,1.5,2.1,0.714,22.0,0.0,120.0,0.6,2.7,15.6,486.0,0.9,2.7,7.8,7.8,11.5,0.679,1.2,5.3,0.231,1.2,,0.8,9.8,114.0,0.573,9.0,16.8,0.537,2.0,2.9,0.714,22.0,0.0,120.0,0.8,98.0,3.7,21.3,486.0,1.2,3.7,10.6,0.317,3.7,,1.5,-4.9,-1.1,21.8,0.1,0.171,22.0,0.0,120.0,-3.9,1.8,-0.1,11.3,486.0,1.2,17.0,11.9,0.59,19.3,-0.1,0.0,0.013,,1,6,0,2,22,0,1,2,9,120,-8.5,-6.4,13,87,0,0,0,486,7,0,0.0,0.0,,0.2,0.385,10.8,10.0,0.244,0.537,0.95,0.0,0.0,0.679,0.0,0.231,22.0,0.0,120.0,0.789,1.0,0.488,0.073,0.049,0.683,0.073,0.317,486.0,3.4,2.1,,22.0,0.0,127.0,79.0,65.0,108.0,116.0,92.0,69.0,104.0,120.0,486.0,0.679,0.317,0.231,0.573,0.537,0.714,0.171,0.59,,2.0,0.0,0.0,83.0,0.0,0.0,0.0,,0.0,0.0,9.0,196.0,0.0,0.333,0.0,0.0,0.0,,0.0,0.0,0.333,0.0,,0.0,-25.2,-8.3,0.0,0.0,0.0,2.0,0.0,9.0,-17.0,0.0,-0.1,-20.1,196.0,0.0,25.0,0.0,0.0,20.5,-0.1,-0.1,-0.545,,0.0,0.0,0.0,0.0,2.0,0.0,0.0,0.0,0.0,9.0,32.6,17.7,0.0,100.0,0.0,0.0,0.0,196.0,0.0,0.0,0.0,11.2,0.0,0.0,5.6,0.0,0.0,,0.0,0.0,122.0,0.0,0.0,16.8,0.0,0.0,0.0,,2.0,0.0,9.0,0.0,0.0,0.0,0.0,196.0,0.0,5.6,0.0,0.0,8.0,0.0,0.0,4.0,0.0,0.0,,0.0,0.0,0.0,0.0,12.0,0.0,0.0,0.0,,2.0,0.0,9.0,0.0,0.0,0.0,196.0,0.0,4.0,0.0,0.0,1.0,0.0,0.0,0.5,0.0,0.0,,0.0,0.0,0.0,0.0,1.5,0.0,0.0,0.0,,2.0,0.0,4.5,0.0,0.0,0.0,211.0,0.0,0.5,0.0,0.0,0.0,,,0.0,20.9,0.0,0.0,0.0,,,0.0,0.0,,0.0,2.0,0.0,9.0,,,0.0,0.0,0.667,0.667,0.0,0.333,196.0,0.0,2.0,0.0,0.0,1.0,0.0,0.0,,0.0,0.0,0.0,0.0,3.0,0.0,0.0,0.0,,2.0,0.0,9.0,0.0,0.0,0.0,211.0,0.0,1.0,0.0,0.0
toddis01,Isaiah Todd,https://www.basketball-reference.com/players/t/toddis01.html,2021-22,2022,20.0,WAS,PF,PF,93.0,PF,12.0,0.0,74.0,3.0,10.0,0.3,4.0,16.0,0.25,4.0,,2.0,9.0,0.346,7.0,26.0,0.269,2.0,6.0,0.333,3.0,4.0,20.0,512.0,4.0,4.0,12.0,0.0,0.3,0.8,0.3,0.3,1.3,0.25,0.3,,0.2,0.8,0.346,0.6,2.2,0.269,0.2,0.5,0.333,12.0,0.0,6.2,0.3,0.3,1.7,542.0,0.3,0.3,1.0,1.5,4.9,0.3,1.9,7.8,0.25,1.9,,1.0,4.4,0.346,3.4,12.6,0.269,1.0,2.9,0.333,12.0,0.0,74.0,1.5,1.9,9.7,506.0,1.9,1.9,5.8,2.0,6.7,0.3,2.7,10.7,0.25,2.7,,1.3,6.0,112.0,0.346,4.7,17.4,0.269,1.3,4.0,0.333,12.0,0.0,74.0,2.0,74.0,2.7,13.4,506.0,2.7,2.7,8.0,0.615,7.3,,2.3,-6.9,-1.2,13.3,0.1,0.231,12.0,0.0,74.0,-5.7,4.6,-0.2,4.7,506.0,2.7,12.3,9.0,0.349,19.6,-0.1,-0.2,-0.104,,0,4,0,2,12,0,0,3,9,74,-17.0,-20.0,25,63,0,12,0,506,3,1,0.0,0.0,,0.444,0.563,18.0,0.0,0.0,0.269,0.25,0.0,1.0,0.3,0.333,0.25,12.0,0.0,74.0,0.667,1.0,0.154,0.077,0.038,0.385,0.115,0.615,506.0,-9.6,-12.4,,12.0,0.0,56.0,154.0,71.0,65.0,58.0,43.0,93.0,62.0,74.0,506.0,0.3,0.615,0.25,0.346,0.269,0.333,0.231,0.349,,,,,,,,,,,,,,,,,,,,,,,,,,,,,,,,,,,,,,,,,,,,,,,,,,,,,,,,,,,,,,,,,,,,,,,,,,,,,,,,,,,,,,,,,,,,,,,,,,,,,,,,,,,,,,,,,,,,,,,,,,,,,,,,,,,,,,,,,,,,,,,,,,,,,,,,,,,,,,,,,,,,,,,,,,,,,,,,,,,,,,,,,,,,,,,,,,,,,,,,,,,,,
joneska01,Kai Jones,https://www.basketball-reference.com/players/j/joneska01.html,2021-22,2022,21.0,CHO,C,PF,94.0,PF,21.0,0.0,63.0,8.0,12.0,0.667,1.0,2.0,0.5,4.0,,2.0,8.0,0.679,9.0,14.0,0.643,3.0,8.0,0.375,3.0,8.0,22.0,507.0,1.0,6.0,11.0,0.0,0.4,0.6,0.667,0.0,0.1,0.5,0.2,,0.1,0.4,0.679,0.4,0.7,0.643,0.1,0.4,0.375,21.0,0.0,3.0,0.1,0.4,1.0,560.0,0.0,0.3,0.5,4.6,6.9,0.667,0.6,1.1,0.5,2.3,,1.1,4.6,0.679,5.1,8.0,0.643,1.7,4.6,0.375,21.0,0.0,63.0,1.7,4.6,12.6,515.0,0.6,3.4,6.3,6.1,9.1,0.667,0.8,1.5,0.5,3.0,,1.5,6.1,116.0,0.679,6.9,10.7,0.643,2.3,6.1,0.375,21.0,0.0,63.0,2.3,98.0,6.1,16.8,515.0,0.8,4.6,8.4,0.143,8.6,,3.0,-6.6,-1.4,13.7,0.0,0.571,21.0,0.0,63.0,-5.2,5.0,0.0,9.2,515.0,0.8,25.5,9.2,0.628,15.9,-0.1,0.0,0.009,,0,3,0,3,21,0,0,0,9,63,-8.4,-7.8,41,50,0,9,0,515,2,2,0.0,0.0,,1.0,0.5,7.7,7.0,0.5,0.643,1.0,0.0,0.0,0.667,0.333,0.5,21.0,0.0,63.0,0.875,1.0,0.5,0.071,0.071,0.857,0.214,0.143,515.0,4.1,2.2,,21.0,0.0,125.0,36.0,141.0,128.0,139.0,48.0,230.0,111.0,63.0,515.0,0.667,0.143,0.5,0.679,0.643,0.375,0.571,0.628,,,,,,,,,,,,,,,,,,,,,,,,,,,,,,,,,,,,,,,,,,,,,,,,,,,,,,,,,,,,,,,,,,,,,,,,,,,,,,,,,,,,,,,,,,,,,,,,,,,,,,,,,,,,,,,,,,,,,,,,,,,,,,,,,,,,,,,,,,,,,,,,,,,,,,,,,,,,,,,,,,,,,,,,,,,,,,,,,,,,,,,,,,,,,,,,,,,,,,,,,,,,,
fittsma01,Malik Fitts,https://www.basketball-reference.com/players/f/fittsma01.html,2021-22,2022,24.0,2TM,PF,PF,94.0,PF,15.0,0.0,63.0,3.0,9.0,0.333,5.0,10.0,0.5,5.0,,0.0,15.0,0.553,8.0,19.0,0.421,0.0,0.0,,2.0,4.0,21.0,510.0,0.0,2.0,17.0,0.0,0.2,0.6,0.333,0.3,0.7,0.5,0.3,,0.0,1.0,0.553,0.5,1.3,0.421,0.0,0.0,,15.0,0.0,4.2,0.1,0.3,1.4,547.0,0.0,0.1,1.1,1.7,5.1,0.333,2.9,5.7,0.5,2.9,,0.0,8.6,0.553,4.6,10.9,0.421,0.0,0.0,,15.0,0.0,63.0,1.1,2.3,12.0,517.0,0.0,1.1,9.7,2.4,7.1,0.333,3.9,7.9,0.5,3.9,,0.0,11.8,111.0,0.553,6.3,14.9,0.421,0.0,0.0,,15.0,0.0,63.0,1.6,114.0,3.1,16.5,517.0,0.0,1.6,13.4,0.526,12.7,,0.0,-1.1,-0.5,25.2,0.1,0.0,15.0,0.0,63.0,-0.6,3.5,0.1,10.7,517.0,0.0,9.5,14.7,0.553,14.6,0.0,0.1,0.097,,0,3,0,0,15,0,0,2,13,63,-20.0,-13.0,21,79,0,0,0,517,1,0,1.0,1.0,,0.6,0.5,16.7,1.0,0.053,0.421,0.75,0.0,0.0,0.333,0.0,0.5,15.0,0.0,63.0,1.0,1.0,0.211,0.053,0.053,0.474,0.158,0.526,517.0,0.8,-0.5,,15.0,0.0,63.0,132.0,141.0,104.0,91.0,,0.0,98.0,63.0,517.0,0.333,0.526,0.5,0.553,0.421,,0.0,0.553,,9.0,0.0,94.0,125.0,283.0,188.0,163.0,,0.0,177.0,16.0,185.0,0.5,0.5,1.0,1.0,0.75,,0.0,1.0,0.5,0.0,,0.0,8.3,1.5,13.6,0.0,0.0,9.0,0.0,16.0,6.9,0.0,0.1,20.2,185.0,0.0,0.0,7.0,1.0,11.3,0.0,0.1,0.201,,0.0,0.0,0.0,0.0,9.0,0.0,0.0,0.0,0.0,16.0,32.2,35.7,18.0,83.0,0.0,0.0,0.0,185.0,0.0,0.0,3.1,6.3,0.5,6.3,6.3,1.0,0.0,,0.0,6.3,113.0,1.0,9.4,12.6,0.75,0.0,0.0,,9.0,0.0,16.0,0.0,179.0,0.0,25.2,185.0,0.0,0.0,6.3,2.3,4.5,0.5,4.5,4.5,1.0,0.0,,0.0,4.5,1.0,6.8,9.0,0.75,0.0,0.0,,9.0,0.0,16.0,0.0,0.0,18.0,185.0,0.0,0.0,4.5,0.1,0.2,0.5,0.2,0.2,1.0,0.0,,0.0,0.2,1.0,0.3,0.4,0.75,0.0,0.0,,9.0,0.0,1.8,0.0,0.0,0.9,192.0,0.0,0.0,0.2,0.0,0.0,,,0.0,17.8,1.0,0.25,0.75,1.0,,0.0,0.5,,1.0,9.0,0.0,16.0,1.0,1.0,0.25,0.0,0.25,0.5,0.0,0.5,185.0,1.0,2.0,0.5,2.0,2.0,1.0,0.0,,0.0,2.0,1.0,3.0,4.0,0.75,0.0,0.0,,9.0,0.0,16.0,0.0,0.0,8.0,173.0,0.0,0.0,2.0,0.0
deckga01,Gabriel Deck,https://www.basketball-reference.com/players/d/deckga01.html,2021-22,2022,26.0,OKC,PF,PF,96.0,PF,7.0,0.0,56.0,6.0,10.0,0.6,2.0,4.0,0.5,5.0,,0.0,5.0,0.643,8.0,14.0,0.571,0.0,0.0,,1.0,2.0,18.0,516.0,1.0,2.0,6.0,0.0,0.9,1.4,0.6,0.3,0.6,0.5,0.7,,0.0,0.7,0.643,1.1,2.0,0.571,0.0,0.0,,7.0,0.0,8.0,0.1,0.3,2.6,502.0,0.1,0.3,0.9,3.9,6.4,0.6,1.3,2.6,0.5,3.2,,0.0,3.2,0.643,5.1,9.0,0.571,0.0,0.0,,7.0,0.0,56.0,0.6,1.3,11.6,521.0,0.6,1.3,3.9,5.2,8.7,0.6,1.7,3.5,0.5,4.3,,0.0,4.3,117.0,0.643,7.0,12.2,0.571,0.0,0.0,,7.0,0.0,56.0,0.9,121.0,1.7,15.7,521.0,0.9,1.7,5.2,0.286,13.7,,0.0,-2.5,-1.3,9.3,0.0,0.0,7.0,0.0,56.0,-1.2,1.8,0.1,11.5,521.0,0.9,12.5,5.5,0.643,12.3,0.0,0.1,0.08,,0,1,0,0,7,0,0,0,13,56,-3.9,-12.2,14,72,0,14,0,521,2,0,0.0,0.0,,1.0,0.5,9.5,0.0,0.0,0.571,0.6,0.5,,0.6,1.0,0.5,7.0,0.0,56.0,0.667,1.0,0.357,0.143,0.0,0.714,0.071,0.286,521.0,3.1,2.2,,7.0,0.0,113.0,72.0,141.0,121.0,124.0,,0.0,114.0,56.0,521.0,0.6,0.286,0.5,0.643,0.571,,0.0,0.643,,,,,,,,,,,,,,,,,,,,,,,,,,,,,,,,,,,,,,,,,,,,,,,,,,,,,,,,,,,,,,,,,,,,,,,,,,,,,,,,,,,,,,,,,,,,,,,,,,,,,,,,,,,,,,,,,,,,,,,,,,,,,,,,,,,,,,,,,,,,,,,,,,,,,,,,,,,,,,,,,,,,,,,,,,,,,,,,,,,,,,,,,,,,,,,,,,,,,,,,,,,,,
ennisja01,James Ennis III,https://www.basketball-reference.com/players/e/ennisja01.html,2021-22,2022,31.0,3TM,SF,PF,96.0,PF,7.0,0.0,56.0,8.0,16.0,0.5,3.0,8.0,0.375,3.0,,2.0,7.0,0.521,11.0,24.0,0.458,4.0,5.0,0.8,5.0,5.0,29.0,498.0,2.0,2.0,12.0,0.0,1.1,2.3,0.5,0.4,1.1,0.375,0.4,,0.3,1.0,0.521,1.6,3.4,0.458,0.6,0.7,0.8,7.0,0.0,8.0,0.7,0.7,4.1,421.0,0.3,0.3,1.7,5.1,10.3,0.5,1.9,5.1,0.375,1.9,,1.3,4.5,0.521,7.1,15.4,0.458,2.6,3.2,0.8,7.0,0.0,56.0,3.2,3.2,18.6,522.0,1.3,1.3,7.7,7.0,14.0,0.5,2.6,7.0,0.375,2.6,,1.7,6.1,110.0,0.521,9.6,20.9,0.458,3.5,4.4,0.8,7.0,0.0,56.0,4.4,113.0,4.4,25.3,522.0,1.7,1.7,10.5,0.333,7.4,,3.1,-1.1,-1.0,13.1,0.1,0.208,7.0,0.0,56.0,-0.1,9.9,0.1,17.7,522.0,1.7,7.1,11.6,0.553,22.0,0.0,0.1,0.114,,0,3,0,3,7,0,1,1,9,56,-0.2,0.8,0,68,0,32,0,522,0,2,0.0,0.0,,0.0,0.125,10.2,0.0,0.0,0.458,0.538,,0.0,0.5,0.5,0.375,7.0,0.0,56.0,0.75,1.0,0.542,0.0,0.042,0.667,0.083,0.333,522.0,-0.5,-0.6,,7.0,0.0,94.0,83.0,106.0,98.0,99.0,103.0,84.0,98.0,56.0,522.0,0.5,0.333,0.375,0.521,0.458,0.8,0.208,0.553,,,,,,,,,,,,,,,,,,,,,,,,,,,,,,,,,,,,,,,,,,,,,,,,,,,,,,,,,,,,,,,,,,,,,,,,,,,,,,,,,,,,,,,,,,,,,,,,,,,,,,,,,,,,,,,,,,,,,,,,,,,,,,,,,,,,,,,,,,,,,,,,,,,,,,,,,,,,,,,,,,,,,,,,,,,,,,,,,,,,,,,,,,,,,,,,,,,,,,,,,,,,,
mcgrica01,Cameron McGriff,https://www.basketball-reference.com/players/m/mcgrica01.html,2021-22,2022,24.0,POR,SF,PF,98.0,PF,3.0,0.0,46.0,3.0,8.0,0.375,2.0,6.0,0.333,3.0,,1.0,9.0,0.429,5.0,14.0,0.357,2.0,2.0,1.0,6.0,7.0,14.0,527.0,0.0,0.0,15.0,0.0,1.0,2.7,0.375,0.7,2.0,0.333,1.0,,0.3,3.0,0.429,1.7,4.7,0.357,0.7,0.7,1.0,3.0,0.0,15.3,2.0,2.3,4.7,395.0,0.0,0.0,5.0,2.3,6.3,0.375,1.6,4.7,0.333,2.3,,0.8,7.0,0.429,3.9,11.0,0.357,1.6,1.6,1.0,3.0,0.0,46.0,4.7,5.5,11.0,527.0,0.0,0.0,11.7,3.2,8.5,0.375,2.1,6.4,0.333,3.2,,1.1,9.6,119.0,0.429,5.3,14.9,0.357,2.1,2.1,1.0,3.0,0.0,46.0,6.4,123.0,7.4,14.9,527.0,0.0,0.0,15.9,0.429,9.4,,2.1,-4.0,-3.0,22.3,0.0,0.143,3.0,0.0,46.0,-1.0,13.8,0.1,12.5,527.0,0.0,0.0,17.9,0.47,14.0,0.0,0.1,0.097,,0,4,0,1,3,0,0,0,8,46,16.6,7.5,19,81,0,0,0,527,0,0,0.0,0.0,,0.0,0.333,13.0,0.0,0.0,0.357,0.4,,0.0,0.375,0.5,0.333,3.0,0.0,46.0,0.667,0.0,0.357,0.0,0.071,0.571,0.143,0.429,527.0,-2.9,-2.8,,3.0,0.0,70.0,107.0,94.0,81.0,77.0,129.0,58.0,83.0,46.0,527.0,0.375,0.429,0.333,0.429,0.357,1.0,0.143,0.47,,,,,,,,,,,,,,,,,,,,,,,,,,,,,,,,,,,,,,,,,,,,,,,,,,,,,,,,,,,,,,,,,,,,,,,,,,,,,,,,,,,,,,,,,,,,,,,,,,,,,,,,,,,,,,,,,,,,,,,,,,,,,,,,,,,,,,,,,,,,,,,,,,,,,,,,,,,,,,,,,,,,,,,,,,,,,,,,,,,,,,,,,,,,,,,,,,,,,,,,,,,,,
woodaro01,Robert Woodard II,https://www.basketball-reference.com/players/w/woodaro01.html,2021-22,2022,22.0,SAC,SF,PF,99.0,PF,12.0,0.0,42.0,1.0,12.0,0.083,1.0,4.0,0.25,3.0,,1.0,6.0,0.156,2.0,16.0,0.125,2.0,2.0,1.0,5.0,3.0,7.0,546.0,1.0,1.0,11.0,0.0,0.1,1.0,0.083,0.1,0.3,0.25,0.3,,0.1,0.5,0.156,0.2,1.3,0.125,0.2,0.2,1.0,12.0,0.0,3.5,0.4,0.3,0.6,575.0,0.1,0.1,0.9,0.9,10.3,0.083,0.9,3.4,0.25,2.6,,0.9,5.1,0.156,1.7,13.7,0.125,1.7,1.7,1.0,12.0,0.0,42.0,4.3,2.6,6.0,533.0,0.9,0.9,9.4,1.1,13.7,0.083,1.1,4.6,0.25,3.4,,1.1,6.9,116.0,0.156,2.3,18.3,0.125,2.3,2.3,1.0,12.0,0.0,42.0,5.7,70.0,3.4,8.0,533.0,1.1,1.1,12.6,0.25,9.0,,2.1,-10.4,-3.6,15.7,0.0,0.125,12.0,0.0,42.0,-6.8,12.8,-0.2,2.1,533.0,1.1,5.6,14.3,0.207,18.3,-0.1,-0.1,-0.147,,0,3,1,1,12,0,0,2,7,42,18.2,12.5,0,52,0,48,0,533,0,1,0.0,0.0,,0.0,0.25,12.7,1.0,0.063,0.125,0.333,0.0,0.0,0.083,0.0,0.25,12.0,0.0,42.0,1.0,1.0,0.188,0.125,0.188,0.75,0.25,0.25,533.0,-12.0,-12.1,,12.0,0.0,16.0,63.0,71.0,29.0,27.0,129.0,50.0,37.0,42.0,533.0,0.083,0.25,0.25,0.156,0.125,1.0,0.125,0.207,,,,,,,,,,,,,,,,,,,,,,,,,,,,,,,,,,,,,,,,,,,,,,,,,,,,,,,,,,,,,,,,,,,,,,,,,,,,,,,,,,,,,,,,,,,,,,,,,,,,,,,,,,,,,,,,,,,,,,,,,,,,,,,,,,,,,,,,,,,,,,,,,,,,,,,,,,,,,,,,,,,,,,,,,,,,,,,,,,,,,,,,,,,,,,,,,,,,,,,,,,,,,
cornepe01,Petr Cornelie,https://www.basketball-reference.com/players/c/cornepe01.html,2021-22,2022,26.0,DEN,PF,PF,100.0,PF,13.0,0.0,38.0,4.0,7.0,0.571,1.0,8.0,0.125,3.0,,1.0,7.0,0.367,5.0,15.0,0.333,3.0,4.0,0.75,7.0,7.0,14.0,524.0,1.0,4.0,14.0,0.0,0.3,0.5,0.571,0.1,0.6,0.125,0.2,,0.1,0.5,0.367,0.4,1.2,0.333,0.2,0.3,0.75,13.0,0.0,2.9,0.5,0.5,1.1,554.0,0.1,0.3,1.1,3.8,6.6,0.571,0.9,7.6,0.125,2.8,,0.9,6.6,0.367,4.7,14.2,0.333,2.8,3.8,0.75,13.0,0.0,38.0,6.6,6.6,13.3,538.0,0.9,3.8,13.3,5.2,9.0,0.571,1.3,10.3,0.125,3.9,,1.3,9.0,111.0,0.367,6.5,19.4,0.333,3.9,5.2,0.75,13.0,0.0,38.0,9.0,93.0,9.0,18.1,538.0,1.3,5.2,18.1,0.533,10.8,,2.4,-8.8,-2.7,19.9,0.0,0.267,13.0,0.0,38.0,-6.1,21.3,-0.1,9.6,538.0,1.3,19.3,20.6,0.418,24.0,-0.1,0.0,-0.015,,1,5,0,0,13,0,0,1,8,38,3.7,6.0,22,78,0,0,0,538,3,0,0.0,0.0,,0.0,0.375,15.9,2.0,0.267,0.333,0.6,,0.0,0.571,1.0,0.125,13.0,0.0,38.0,1.0,1.0,0.333,0.0,0.067,0.467,0.067,0.533,538.0,-5.0,-5.0,,13.0,0.0,107.0,134.0,35.0,69.0,72.0,97.0,107.0,74.0,38.0,538.0,0.571,0.533,0.125,0.367,0.333,0.75,0.267,0.418,,,,,,,,,,,,,,,,,,,,,,,,,,,,,,,,,,,,,,,,,,,,,,,,,,,,,,,,,,,,,,,,,,,,,,,,,,,,,,,,,,,,,,,,,,,,,,,,,,,,,,,,,,,,,,,,,,,,,,,,,,,,,,,,,,,,,,,,,,,,,,,,,,,,,,,,,,,,,,,,,,,,,,,,,,,,,,,,,,,,,,,,,,,,,,,,,,,,,,,,,,,,,
westbru01,Russell Westbrook,https://www.basketball-reference.com/players/w/westbru01.html,2021-22,2022,33.0,LAL,PG,PG,1.0,PG,78.0,78.0,2678.0,469.0,968.0,0.485,79.0,265.0,0.298,550.0,,20.0,470.0,0.476,548.0,1233.0,0.444,266.0,399.0,0.667,110.0,235.0,1441.0,23.0,75.0,295.0,580.0,10.0,6.0,12.4,0.485,1.0,3.4,0.298,7.1,,0.3,6.0,0.476,7.0,15.8,0.444,3.4,5.1,0.667,78.0,78.0,34.3,1.4,3.0,18.5,48.0,1.0,3.8,7.4,6.3,13.0,0.485,1.1,3.6,0.298,7.4,,0.3,6.3,0.476,7.4,16.6,0.444,3.6,5.4,0.667,78.0,78.0,2678.0,1.5,3.2,19.4,7.0,1.0,4.0,7.8,8.4,17.3,0.485,1.4,4.7,0.298,9.8,,0.4,8.4,114.0,0.476,9.8,22.1,0.444,4.8,7.1,0.667,78.0,78.0,2678.0,2.0,102.0,4.2,25.8,7.0,1.3,5.3,10.4,0.215,31.6,,0.7,-1.6,-0.9,18.8,2.3,0.324,78.0,78.0,2678.0,-0.7,4.4,-0.6,15.0,7.0,1.3,17.3,11.6,0.512,27.3,0.2,1.7,0.03,,22,79,14,176,78,78,36,81,1303,2678,-3.6,-4.3,0,0,89,1,11,7,182,66,0.0,0.0,,0.435,0.174,10.5,17.0,0.021,0.444,0.623,0.377,0.37,0.485,0.389,0.298,78.0,78.0,2678.0,0.23,0.633,0.329,0.105,0.109,0.785,0.231,0.215,7.0,-136.1,-153.5,,78.0,78.0,91.0,54.0,84.0,90.0,96.0,86.0,130.0,90.0,2678.0,7.0,0.485,0.215,0.298,0.476,0.444,0.667,0.324,0.512,,,,,,,,,,,,,,,,,,,,,,,,,,,,,,,,,,,,,,,,,,,,,,,,,,,,,,,,,,,,,,,,,,,,,,,,,,,,,,,,,,,,,,,,,,,,,,,,,,,,,,,,,,,,,,,,,,,,,,,,,,,,,,,,,,,,,,,,,,,,,,,,,,,,,,,,,,,,,,,,,,,,,,,,,,,,,,,,,,,,,,,,,,,,,,,,,,,,,,,,,,,,,
youngtr01,Trae Young,https://www.basketball-reference.com/players/y/youngtr01.html,2021-22,2022,23.0,ATL,PG,PG,2.0,PG,76.0,76.0,2652.0,478.0,934.0,0.512,233.0,610.0,0.382,737.0,"AS,NBA3",7.0,234.0,0.536,711.0,1544.0,0.46,500.0,553.0,0.904,50.0,128.0,2155.0,1.0,72.0,303.0,284.0,0.0,6.3,12.3,0.512,3.1,8.0,0.382,9.7,"AS,NBA3",0.1,3.1,0.536,9.4,20.3,0.46,6.6,7.3,0.904,76.0,76.0,34.9,0.7,1.7,28.4,6.0,0.9,4.0,3.7,6.5,12.7,0.512,3.2,8.3,0.382,10.0,"AS,NBA3",0.1,3.2,0.536,9.7,21.0,0.46,6.8,7.5,0.904,76.0,76.0,2652.0,0.7,1.7,29.3,8.0,1.0,4.1,3.9,8.9,17.3,0.512,4.3,11.3,0.382,13.7,"AS,NBA3",0.1,4.3,118.0,0.536,13.2,28.6,0.46,9.3,10.2,0.904,76.0,76.0,2652.0,0.9,119.0,2.4,39.9,8.0,1.3,5.6,5.3,0.395,46.7,"AS,NBA3",0.2,5.2,-2.0,9.6,1.0,0.358,76.0,76.0,2652.0,7.1,2.1,9.0,25.4,8.0,1.3,14.5,5.9,0.603,34.4,4.8,10.0,0.181,"AS,NBA3",9,47,28,150,76,76,31,91,1709,2652,3.4,2.9,0,0,100,0,0,8,218,54,1.0,0.0,"AS,NBA3",0.552,0.048,16.3,0.0,0.0,0.46,0.619,0.463,0.518,0.512,0.451,0.382,76.0,76.0,2652.0,0.138,0.219,0.155,0.113,0.124,0.605,0.199,0.395,8.0,13.1,131.8,"AS,NBA3",76.0,76.0,96.0,99.0,108.0,101.0,100.0,117.0,144.0,107.0,2652.0,8.0,0.512,0.395,0.382,0.536,0.46,0.904,0.358,0.603,,5.0,5.0,91.0,138.0,52.0,70.0,69.0,102.0,193.0,81.0,186.0,77.0,0.484,0.551,0.184,0.37,0.319,0.788,0.478,0.461,0.551,27.0,,0.0,-8.1,-4.1,13.2,0.1,0.478,5.0,5.0,186.0,-4.0,3.2,-0.6,5.3,77.0,0.8,27.1,8.1,0.461,28.3,-0.3,-0.5,-0.139,,3.0,2.0,1.0,8.0,5.0,5.0,3.0,2.0,71.0,186.0,-16.1,-16.9,0.0,0.0,100.0,0.0,0.0,77.0,16.0,9.0,4.1,8.4,0.484,1.9,10.3,0.184,8.1,,0.0,5.4,117.0,0.37,6.0,18.7,0.319,7.0,8.9,0.788,5.0,5.0,186.0,1.4,83.0,3.5,20.9,77.0,0.8,8.4,6.8,2.9,6.0,0.484,1.4,7.4,0.184,5.8,,0.0,3.9,0.37,4.3,13.4,0.319,5.0,6.4,0.788,5.0,5.0,186.0,1.0,2.5,14.9,77.0,0.6,6.0,4.8,3.0,6.2,0.484,1.4,7.6,0.184,6.0,,0.0,4.0,0.37,4.4,13.8,0.319,5.2,6.6,0.788,5.0,5.0,37.2,1.0,2.6,15.4,39.0,0.6,6.2,5.0,0.0,0.0,,0.333,0.079,19.7,0.0,0.0,0.319,0.375,0.667,0.286,0.484,0.6,0.184,5.0,5.0,186.0,0.133,0.571,0.116,0.087,0.101,0.449,0.145,0.551,77.0,15.0,31.0,0.484,7.0,38.0,0.184,30.0,,0.0,20.0,0.37,22.0,69.0,0.319,26.0,33.0,0.788,5.0,5.0,186.0,5.0,13.0,77.0,74.0,3.0,31.0,25.0,0.0
maxeyty01,Tyrese Maxey,https://www.basketball-reference.com/players/m/maxeyty01.html,2021-22,2022,21.0,PHI,PG,PG,3.0,PG,75.0,74.0,2650.0,351.0,686.0,0.512,132.0,309.0,0.427,321.0,,32.0,214.0,0.552,483.0,995.0,0.485,213.0,246.0,0.866,26.0,156.0,1311.0,38.0,55.0,88.0,240.0,0.0,4.7,9.1,0.512,1.8,4.1,0.427,4.3,,0.4,2.9,0.552,6.4,13.3,0.485,2.8,3.3,0.866,75.0,74.0,35.3,0.3,2.1,17.5,58.0,0.7,1.2,3.2,4.8,9.3,0.512,1.8,4.2,0.427,4.4,,0.4,2.9,0.552,6.6,13.5,0.485,2.9,3.3,0.866,75.0,74.0,2650.0,0.4,2.1,17.8,9.0,0.7,1.2,3.3,6.6,12.9,0.512,2.5,5.8,0.427,6.0,,0.6,4.0,115.0,0.552,9.1,18.7,0.485,4.0,4.6,0.866,75.0,74.0,2650.0,0.5,121.0,2.9,24.7,9.0,1.0,1.7,4.5,0.311,19.1,,1.1,0.6,-0.7,8.9,1.9,0.247,75.0,74.0,2650.0,1.3,1.1,5.4,16.2,9.0,1.0,7.4,5.1,0.594,20.2,1.8,7.3,0.132,,9,83,4,116,75,74,36,54,774,2650,2.2,3.4,0,0,99,0,1,9,48,22,2.0,0.0,,0.589,0.181,12.9,14.0,0.017,0.485,0.654,0.317,0.479,0.512,0.466,0.427,75.0,74.0,2650.0,0.45,0.712,0.258,0.121,0.073,0.689,0.237,0.311,9.0,39.9,62.1,,75.0,74.0,96.0,78.0,121.0,104.0,105.0,112.0,100.0,105.0,2650.0,9.0,0.512,0.311,0.427,0.552,0.485,0.866,0.247,0.594,,12.0,12.0,103.0,95.0,107.0,104.0,105.0,121.0,111.0,108.0,485.0,22.0,0.549,0.379,0.377,0.555,0.484,0.94,0.275,0.61,0.379,17.0,,0.4,2.1,-0.3,8.7,0.2,0.275,12.0,12.0,485.0,2.4,1.6,1.1,16.9,22.0,1.0,9.3,5.3,0.61,21.8,0.5,1.3,0.132,,2.0,6.0,1.0,22.0,12.0,12.0,5.0,7.0,119.0,485.0,-6.2,-0.2,0.0,0.0,100.0,0.0,0.0,22.0,12.0,7.0,6.7,12.1,0.549,2.8,7.4,0.377,5.0,,0.2,3.9,116.0,0.555,9.4,19.5,0.484,5.0,5.4,0.94,12.0,12.0,485.0,0.6,120.0,2.6,26.7,22.0,1.0,2.3,4.5,4.6,8.4,0.549,1.9,5.1,0.377,3.5,,0.1,2.7,0.555,6.5,13.5,0.484,3.5,3.7,0.94,12.0,12.0,485.0,0.4,1.8,18.5,22.0,0.7,1.6,3.1,5.2,9.4,0.549,2.2,5.8,0.377,3.9,,0.2,3.0,0.555,7.3,15.2,0.484,3.9,4.2,0.94,12.0,12.0,40.4,0.5,2.0,20.8,22.0,0.8,1.8,3.5,0.0,0.0,,0.0,0.116,14.1,5.0,0.027,0.484,0.723,0.483,0.0,0.549,0.452,0.377,12.0,12.0,485.0,0.484,0.769,0.258,0.159,0.033,0.621,0.17,0.379,22.0,62.0,113.0,0.549,26.0,69.0,0.377,47.0,,2.0,36.0,0.555,88.0,182.0,0.484,47.0,50.0,0.94,12.0,12.0,485.0,6.0,24.0,249.0,15.0,9.0,21.0,42.0,0.0
vanvlfr01,Fred VanVleet,https://www.basketball-reference.com/players/v/vanvlfr01.html,2021-22,2022,27.0,TOR,PG,PG,4.0,PG,65.0,65.0,2462.0,200.0,455.0,0.44,242.0,642.0,0.377,434.0,AS,35.0,245.0,0.513,442.0,1097.0,0.403,194.0,222.0,0.874,44.0,162.0,1320.0,36.0,111.0,170.0,289.0,1.0,3.1,7.0,0.44,3.7,9.9,0.377,6.7,AS,0.5,3.8,0.513,6.8,16.9,0.403,3.0,3.4,0.874,65.0,65.0,37.9,0.7,2.5,20.3,34.0,1.7,2.6,4.4,2.9,6.7,0.44,3.5,9.4,0.377,6.3,AS,0.5,3.6,0.513,6.5,16.0,0.403,2.8,3.2,0.874,65.0,65.0,2462.0,0.6,2.4,19.3,21.0,1.6,2.5,4.2,4.1,9.2,0.44,4.9,13.0,0.377,8.8,AS,0.7,5.0,111.0,0.513,9.0,22.3,0.403,3.9,4.5,0.874,65.0,65.0,2462.0,0.9,115.0,3.3,26.8,21.0,2.3,3.5,5.9,0.585,26.7,AS,1.4,3.6,0.5,11.4,2.8,0.202,65.0,65.0,2462.0,3.1,1.8,3.9,17.3,21.0,2.3,12.5,6.4,0.552,23.7,3.5,6.7,0.131,AS,10,64,21,78,65,65,17,48,1022,2462,4.1,3.8,0,0,97,0,3,21,105,44,6.0,0.0,AS,0.438,0.125,19.7,0.0,0.0,0.403,0.663,0.423,0.432,0.44,0.316,0.377,65.0,65.0,2462.0,0.225,0.591,0.081,0.088,0.114,0.415,0.121,0.585,21.0,-40.5,-32.4,AS,65.0,65.0,83.0,147.0,107.0,97.0,87.0,113.0,82.0,98.0,2462.0,21.0,0.44,0.585,0.377,0.513,0.403,0.874,0.202,0.552,,4.0,4.0,73.0,167.0,94.0,87.0,76.0,108.0,45.0,86.0,140.0,100.0,0.389,0.667,0.333,0.463,0.352,0.833,0.111,0.486,0.667,27.5,,3.1,3.5,0.9,9.7,0.0,0.111,4.0,4.0,140.0,2.6,1.6,0.1,15.7,100.0,2.6,6.6,5.3,0.486,20.1,0.2,0.2,0.06,,0.0,6.0,0.0,2.0,4.0,4.0,0.0,3.0,63.0,140.0,-10.9,-15.3,0.0,0.0,88.0,0.0,12.0,100.0,4.0,0.0,2.6,6.8,0.389,4.5,13.5,0.333,9.4,,1.5,3.8,118.0,0.463,7.1,20.3,0.352,1.9,2.3,0.833,4.0,4.0,140.0,0.8,111.0,4.5,20.7,100.0,2.6,1.5,4.5,1.8,4.6,0.389,3.1,9.3,0.333,6.4,,1.0,2.6,0.463,4.9,13.9,0.352,1.3,1.5,0.833,4.0,4.0,140.0,0.5,3.1,14.1,100.0,1.8,1.0,3.1,1.8,4.5,0.389,3.0,9.0,0.333,6.3,,1.0,2.5,0.463,4.8,13.5,0.352,1.3,1.5,0.833,4.0,4.0,35.0,0.5,3.0,13.8,52.0,1.8,1.0,3.0,0.0,0.0,,0.333,0.167,20.5,0.0,0.0,0.352,0.6,0.5,0.5,0.389,0.143,0.333,4.0,4.0,140.0,0.0,0.583,0.093,0.037,0.074,0.333,0.13,0.667,100.0,7.0,18.0,0.389,12.0,36.0,0.333,25.0,,4.0,10.0,0.463,19.0,54.0,0.352,5.0,6.0,0.833,4.0,4.0,140.0,2.0,12.0,55.0,102.0,7.0,4.0,12.0,0.0
garlada01,Darius Garland,https://www.basketball-reference.com/players/g/garlada01.html,2021-22,2022,22.0,CLE,PG,PG,5.0,PG,68.0,68.0,2430.0,368.0,719.0,0.512,174.0,454.0,0.383,583.0,AS,7.0,185.0,0.536,542.0,1173.0,0.462,215.0,241.0,0.892,39.0,115.0,1473.0,21.0,89.0,248.0,224.0,1.0,5.4,10.6,0.512,2.6,6.7,0.383,8.6,AS,0.1,2.7,0.536,8.0,17.3,0.462,3.2,3.5,0.892,68.0,68.0,35.7,0.6,1.7,21.7,28.0,1.3,3.6,3.3,5.5,10.7,0.512,2.6,6.7,0.383,8.6,AS,0.1,2.7,0.536,8.0,17.4,0.462,3.2,3.6,0.892,68.0,68.0,2430.0,0.6,1.7,21.8,24.0,1.3,3.7,3.3,7.6,14.8,0.512,3.6,9.3,0.383,12.0,AS,0.1,3.8,112.0,0.536,11.1,24.1,0.462,4.4,5.0,0.892,68.0,68.0,2430.0,0.8,112.0,2.4,30.3,24.0,1.8,5.1,4.6,0.387,39.9,AS,0.3,2.6,-0.8,8.2,2.5,0.205,68.0,68.0,2430.0,3.4,1.8,3.8,19.0,24.0,1.8,16.2,5.1,0.576,27.8,2.8,6.3,0.125,AS,14,49,19,77,68,68,20,51,1345,2430,12.1,6.7,0,0,95,0,5,24,143,61,2.0,1.0,AS,0.368,0.126,15.4,0.0,0.001,0.462,0.604,0.497,0.455,0.512,0.453,0.383,68.0,68.0,2430.0,0.261,0.489,0.194,0.137,0.095,0.613,0.182,0.387,24.0,10.7,25.1,AS,68.0,68.0,96.0,97.0,108.0,101.0,100.0,115.0,83.0,102.0,2430.0,24.0,0.512,0.387,0.383,0.536,0.462,0.892,0.205,0.576,,,,,,,,,,,,,,,,,,,,,,,,,,,,,,,,,,,,,,,,,,,,,,,,,,,,,,,,,,,,,,,,,,,,,,,,,,,,,,,,,,,,,,,,,,,,,,,,,,,,,,,,,,,,,,,,,,,,,,,,,,,,,,,,,,,,,,,,,,,,,,,,,,,,,,,,,,,,,,,,,,,,,,,,,,,,,,,,,,,,,,,,,,,,,,,,,,,,,,,,,,,,,
ballla01,LaMelo Ball,https://www.basketball-reference.com/players/b/ballla01.html,2021-22,2022,20.0,CHO,PG,PG,6.0,PG,75.0,75.0,2422.0,318.0,689.0,0.462,220.0,565.0,0.389,571.0,AS,30.0,393.0,0.517,538.0,1254.0,0.429,212.0,243.0,0.872,108.0,237.0,1508.0,20.0,119.0,245.0,501.0,5.0,4.2,9.2,0.462,2.9,7.5,0.389,7.6,AS,0.4,5.2,0.517,7.2,16.7,0.429,2.8,3.2,0.872,75.0,75.0,32.3,1.4,3.2,20.1,37.0,1.6,3.3,6.7,4.7,10.2,0.462,3.3,8.4,0.389,8.5,AS,0.4,5.8,0.517,8.0,18.6,0.429,3.2,3.6,0.872,75.0,75.0,2422.0,1.6,3.5,22.4,26.0,1.8,3.6,7.4,6.3,13.7,0.462,4.4,11.2,0.389,11.3,AS,0.6,7.8,112.0,0.517,10.7,24.8,0.429,4.2,4.8,0.872,75.0,75.0,2422.0,2.1,111.0,4.7,29.9,26.0,2.4,4.9,9.9,0.451,35.7,AS,1.2,3.4,0.1,17.4,2.5,0.194,75.0,75.0,2422.0,3.3,4.7,3.4,19.7,26.0,2.4,15.3,11.0,0.554,28.2,3.3,5.8,0.116,AS,17,84,15,91,75,75,23,51,1338,2422,1.7,1.2,0,0,94,0,6,26,156,39,2.0,0.0,AS,0.407,0.152,15.9,24.0,0.023,0.429,0.582,0.389,0.37,0.462,0.398,0.389,75.0,75.0,2422.0,0.264,0.75,0.204,0.104,0.065,0.549,0.176,0.451,26.0,-37.5,-32.6,AS,75.0,75.0,87.0,113.0,110.0,97.0,93.0,113.0,78.0,98.0,2422.0,26.0,0.462,0.451,0.389,0.517,0.429,0.872,0.194,0.554,,,,,,,,,,,,,,,,,,,,,,,,,,,,,,,,,,,,,,,,,,,,,,,,,,,,,,,,,,,,,,,,,,,,,,,,,,,,,,,,,,,,,,,,,,,,,,,,,,,,,,,,,,,,,,,,,,,,,,,,,,,,,,,,,,,,,,,,,,,,,,,,,,,,,,,,,,,,,,,,,,,,,,,,,,,,,,,,,,,,,,,,,,,,,,,,,,,,,,,,,,,,,
hardeja01,James Harden,https://www.basketball-reference.com/players/h/hardeja01.html,2021-22,2022,32.0,2TM,PG,PG,7.0,PG,65.0,65.0,2419.0,259.0,544.0,0.476,148.0,448.0,0.33,667.0,AS,36.0,445.0,0.485,407.0,992.0,0.41,470.0,536.0,0.877,55.0,153.0,1432.0,25.0,82.0,284.0,500.0,11.0,4.0,8.4,0.476,2.3,6.9,0.33,10.3,AS,0.6,6.8,0.485,6.3,15.3,0.41,7.2,8.2,0.877,65.0,65.0,37.2,0.8,2.4,22.0,27.0,1.3,4.4,7.7,3.9,8.1,0.476,2.2,6.7,0.33,9.9,AS,0.5,6.6,0.485,6.1,14.8,0.41,7.0,8.0,0.877,65.0,65.0,2419.0,0.8,2.3,21.3,27.0,1.2,4.2,7.4,5.2,11.0,0.476,3.0,9.1,0.33,13.5,AS,0.7,9.0,111.0,0.485,8.2,20.1,0.41,9.5,10.8,0.877,65.0,65.0,2419.0,1.1,115.0,3.1,29.0,27.0,1.7,5.7,10.1,0.452,40.3,AS,1.3,4.0,0.3,19.7,2.7,0.54,65.0,65.0,2419.0,3.7,2.6,4.9,20.9,27.0,1.7,18.8,11.3,0.583,27.2,3.7,7.6,0.152,AS,19,66,6,231,65,65,52,92,1536,2419,2.7,3.9,0,0,59,1,40,27,173,72,0.0,0.0,AS,0.273,0.049,14.8,5.0,0.005,0.41,0.599,0.433,0.458,0.476,0.371,0.33,65.0,65.0,2419.0,0.185,0.25,0.229,0.06,0.024,0.548,0.231,0.452,27.0,-92.8,42.1,AS,65.0,65.0,89.0,113.0,93.0,91.0,89.0,113.0,218.0,103.0,2419.0,27.0,0.476,0.452,0.33,0.485,0.41,0.877,0.54,0.583,,12.0,12.0,82.0,120.0,104.0,93.0,88.0,115.0,191.0,103.0,479.0,23.0,0.439,0.481,0.368,0.494,0.405,0.893,0.475,0.584,0.481,34.8,,1.5,1.9,-0.6,13.9,0.4,0.475,12.0,12.0,479.0,2.5,3.0,0.7,16.8,23.0,1.0,20.7,8.7,0.584,23.7,0.5,1.1,0.112,,7.0,15.0,2.0,32.0,12.0,12.0,2.0,15.0,244.0,479.0,6.8,2.0,0.0,0.0,15.0,0.0,85.0,23.0,23.0,18.0,3.9,8.9,0.439,3.0,8.3,0.368,11.2,,0.9,6.2,114.0,0.494,7.0,17.2,0.405,7.3,8.1,0.893,12.0,12.0,479.0,1.2,113.0,3.2,24.2,23.0,1.0,5.4,7.4,2.7,6.2,0.439,2.1,5.7,0.368,7.7,,0.6,4.3,0.494,4.8,11.9,0.405,5.0,5.6,0.893,12.0,12.0,479.0,0.8,2.2,16.8,23.0,0.7,3.8,5.1,3.0,6.8,0.439,2.3,6.3,0.368,8.6,,0.7,4.8,0.494,5.3,13.2,0.405,5.6,6.3,0.893,12.0,12.0,39.9,0.9,2.4,18.6,28.0,0.8,4.2,5.7,0.0,0.0,,0.5,0.026,15.5,2.0,0.013,0.405,0.722,0.167,0.0,0.439,0.25,0.368,12.0,12.0,479.0,0.167,0.286,0.228,0.076,0.013,0.519,0.203,0.481,23.0,36.0,82.0,0.439,28.0,76.0,0.368,103.0,,8.0,57.0,0.494,64.0,158.0,0.405,67.0,75.0,0.893,12.0,12.0,479.0,11.0,29.0,223.0,23.0,9.0,50.0,68.0,0.0
murrade01,Dejounte Murray,https://www.basketball-reference.com/players/m/murrade01.html,2021-22,2022,25.0,SAS,PG,PG,8.0,PG,68.0,68.0,2366.0,477.0,947.0,0.504,96.0,294.0,0.327,627.0,AS,23.0,483.0,0.5,573.0,1241.0,0.462,196.0,247.0,0.794,80.0,138.0,1438.0,24.0,138.0,180.0,563.0,13.0,7.0,13.9,0.504,1.4,4.3,0.327,9.2,AS,0.3,7.1,0.5,8.4,18.3,0.462,2.9,3.6,0.794,68.0,68.0,34.8,1.2,2.0,21.1,31.0,2.0,2.6,8.3,7.3,14.4,0.504,1.5,4.5,0.327,9.5,AS,0.3,7.3,0.5,8.7,18.9,0.462,3.0,3.8,0.794,68.0,68.0,2366.0,1.2,2.1,21.9,33.0,2.1,2.7,8.6,9.7,19.2,0.504,1.9,6.0,0.327,12.7,AS,0.5,9.8,108.0,0.5,11.6,25.2,0.462,4.0,5.0,0.794,68.0,68.0,2366.0,1.6,113.0,2.8,29.2,33.0,2.8,3.6,11.4,0.237,40.6,AS,0.8,5.4,1.7,21.6,3.4,0.199,68.0,68.0,2366.0,3.7,3.5,3.9,22.3,33.0,2.8,11.8,12.5,0.533,27.3,4.4,7.3,0.149,AS,11,52,9,115,68,68,32,58,1471,2366,2.3,1.0,0,0,92,0,8,33,117,46,0.0,0.0,AS,0.28,0.17,12.7,23.0,0.019,0.462,0.665,0.456,0.451,0.504,0.418,0.327,68.0,68.0,2366.0,0.189,0.698,0.214,0.226,0.116,0.763,0.206,0.237,33.0,-77.7,-89.8,AS,68.0,68.0,95.0,59.0,92.0,94.0,100.0,102.0,80.0,94.0,2366.0,33.0,0.504,0.237,0.327,0.5,0.462,0.794,0.199,0.533,,,,,,,,,,,,,,,,,,,,,,,,,,,,,,,,,,,,,,,,,,,,,,,,,,,,,,,,,,,,,,,,,,,,,,,,,,,,,,,,,,,,,,,,,,,,,,,,,,,,,,,,,,,,,,,,,,,,,,,,,,,,,,,,,,,,,,,,,,,,,,,,,,,,,,,,,,,,,,,,,,,,,,,,,,,,,,,,,,,,,,,,,,,,,,,,,,,,,,,,,,,,,
jacksre01,Reggie Jackson,https://www.basketball-reference.com/players/j/jacksre01.html,2021-22,2022,31.0,LAC,SG,PG,9.0,PG,75.0,75.0,2337.0,312.0,710.0,0.439,167.0,512.0,0.326,359.0,,15.0,232.0,0.46,479.0,1222.0,0.392,138.0,163.0,0.847,39.0,159.0,1263.0,47.0,55.0,173.0,271.0,0.0,4.2,9.5,0.439,2.2,6.8,0.326,4.8,,0.2,3.1,0.46,6.4,16.3,0.392,1.8,2.2,0.847,75.0,75.0,31.2,0.5,2.1,16.8,70.0,0.7,2.3,3.6,4.8,10.9,0.439,2.6,7.9,0.326,5.5,,0.2,3.6,0.46,7.4,18.8,0.392,2.1,2.5,0.847,75.0,75.0,2337.0,0.6,2.4,19.5,37.0,0.8,2.7,4.2,6.5,14.9,0.439,3.5,10.7,0.326,7.5,,0.3,4.9,113.0,0.46,10.0,25.6,0.392,2.9,3.4,0.847,75.0,75.0,2337.0,0.8,99.0,3.3,26.5,37.0,1.2,3.6,5.7,0.419,24.6,,0.5,-3.0,-1.6,10.2,2.0,0.133,75.0,75.0,2337.0,-1.4,1.8,-1.7,12.1,37.0,1.2,11.8,6.1,0.488,27.6,-0.6,0.4,0.008,,10,64,24,57,75,75,10,38,859,2337,-2.9,-1.0,0,0,76,0,24,37,119,35,2.0,0.0,,0.358,0.186,16.1,10.0,0.011,0.392,0.634,0.349,0.302,0.439,0.443,0.326,75.0,75.0,2337.0,0.202,0.575,0.143,0.106,0.138,0.581,0.188,0.419,37.0,-174.5,-201.5,,75.0,75.0,83.0,105.0,92.0,87.0,85.0,109.0,54.0,86.0,2337.0,37.0,0.439,0.419,0.326,0.46,0.392,0.847,0.133,0.488,,,,,,,,,,,,,,,,,,,,,,,,,,,,,,,,,,,,,,,,,,,,,,,,,,,,,,,,,,,,,,,,,,,,,,,,,,,,,,,,,,,,,,,,,,,,,,,,,,,,,,,,,,,,,,,,,,,,,,,,,,,,,,,,,,,,,,,,,,,,,,,,,,,,,,,,,,,,,,,,,,,,,,,,,,,,,,,,,,,,,,,,,,,,,,,,,,,,,,,,,,,,,
doncilu01,Luka Dončić,https://www.basketball-reference.com/players/d/doncilu01.html,2021-22,2022,22.0,DAL,PG,PG,10.0,PG,65.0,65.0,2301.0,440.0,834.0,0.528,201.0,569.0,0.353,568.0,"MVP-5,AS,NBA1",36.0,537.0,0.529,641.0,1403.0,0.457,364.0,489.0,0.744,56.0,145.0,1847.0,7.0,75.0,292.0,593.0,10.0,6.8,12.8,0.528,3.1,8.8,0.353,8.7,"MVP-5,AS,NBA1",0.6,8.3,0.529,9.9,21.6,0.457,5.6,7.5,0.744,65.0,65.0,35.4,0.9,2.2,28.4,5.0,1.2,4.5,9.1,6.9,13.0,0.528,3.1,8.9,0.353,8.9,"MVP-5,AS,NBA1",0.6,8.4,0.529,10.0,22.0,0.457,5.7,7.7,0.744,65.0,65.0,2301.0,0.9,2.3,28.9,45.0,1.2,4.6,9.3,9.6,18.2,0.528,4.4,12.4,0.353,12.4,"MVP-5,AS,NBA1",0.8,11.7,107.0,0.529,14.0,30.7,0.457,8.0,10.7,0.744,65.0,65.0,2301.0,1.2,110.0,3.2,40.4,45.0,1.6,6.4,13.0,0.406,46.0,"MVP-5,AS,NBA1",1.4,8.2,1.8,26.0,3.8,0.349,65.0,65.0,2301.0,6.4,2.7,3.8,25.1,45.0,1.6,15.3,14.3,0.571,37.4,5.9,7.6,0.159,"MVP-5,AS,NBA1",18,59,5,216,65,65,55,44,1381,2301,0.2,3.6,0,0,80,0,19,45,187,67,2.0,0.0,"MVP-5,AS,NBA1",0.286,0.049,15.9,7.0,0.006,0.457,0.778,0.44,0.356,0.528,0.499,0.353,65.0,65.0,2301.0,0.107,0.219,0.128,0.165,0.062,0.594,0.239,0.406,45.0,-8.9,15.3,"MVP-5,AS,NBA1",65.0,65.0,99.0,102.0,100.0,99.0,99.0,96.0,140.0,101.0,2301.0,45.0,0.528,0.406,0.353,0.529,0.457,0.744,0.349,0.571,,15.0,15.0,100.0,105.0,97.0,99.0,99.0,99.0,155.0,102.0,552.0,17.0,0.534,0.42,0.345,0.527,0.455,0.77,0.384,0.577,0.42,37.3,,1.5,9.3,2.5,29.7,0.8,0.384,15.0,15.0,552.0,6.8,2.1,1.1,28.6,17.0,2.5,12.5,15.7,0.577,40.4,1.6,1.9,0.164,,4.0,17.0,8.0,56.0,15.0,15.0,12.0,16.0,253.0,552.0,5.0,2.4,0.0,0.0,55.0,0.0,45.0,17.0,35.0,17.0,10.2,19.2,0.534,4.8,13.9,0.345,9.0,,0.8,12.9,108.0,0.527,15.0,33.1,0.455,9.8,12.7,0.77,15.0,15.0,552.0,0.9,111.0,4.1,44.6,17.0,2.5,5.5,13.8,7.1,13.3,0.534,3.3,9.7,0.345,6.3,,0.6,8.9,0.527,10.4,23.0,0.455,6.8,8.8,0.77,15.0,15.0,552.0,0.7,2.9,31.0,17.0,1.8,3.8,9.6,7.3,13.6,0.534,3.4,9.9,0.345,6.4,,0.6,9.1,0.527,10.7,23.5,0.455,6.9,9.0,0.77,15.0,15.0,36.8,0.7,2.9,31.7,2.0,1.8,3.9,9.8,0.0,0.0,,0.333,0.02,15.4,8.0,0.023,0.455,0.792,0.538,0.231,0.534,0.452,0.345,15.0,15.0,552.0,0.165,0.216,0.136,0.111,0.037,0.58,0.295,0.42,17.0,109.0,204.0,0.534,51.0,148.0,0.345,96.0,,9.0,137.0,0.527,160.0,352.0,0.455,104.0,135.0,0.77,15.0,15.0,552.0,10.0,44.0,475.0,4.0,27.0,59.0,147.0,0.0
smartma01,Marcus Smart,https://www.basketball-reference.com/players/s/smartma01.html,2021-22,2022,27.0,BOS,PG,PG,11.0,PG,71.0,71.0,2296.0,181.0,358.0,0.506,119.0,360.0,0.331,417.0,"DPOY-1,DEF1",18.0,228.0,0.501,300.0,718.0,0.418,142.0,179.0,0.793,42.0,160.0,861.0,112.0,119.0,159.0,270.0,0.0,2.5,5.0,0.506,1.7,5.1,0.331,5.9,"DPOY-1,DEF1",0.3,3.2,0.501,4.2,10.1,0.418,2.0,2.5,0.793,71.0,71.0,32.3,0.6,2.3,12.1,132.0,1.7,2.2,3.8,2.8,5.6,0.506,1.9,5.6,0.331,6.5,"DPOY-1,DEF1",0.3,3.6,0.501,4.7,11.3,0.418,2.2,2.8,0.793,71.0,71.0,2296.0,0.7,2.5,13.5,47.0,1.9,2.5,4.2,3.9,7.7,0.506,2.6,7.8,0.331,9.0,"DPOY-1,DEF1",0.4,4.9,107.0,0.501,6.5,15.5,0.418,3.1,3.9,0.793,71.0,71.0,2296.0,0.9,110.0,3.5,18.6,47.0,2.6,3.4,5.8,0.501,25.6,"DPOY-1,DEF1",0.7,0.5,1.7,10.5,3.7,0.249,71.0,71.0,2296.0,-1.2,2.0,1.9,13.6,47.0,2.6,16.6,6.4,0.54,18.3,1.5,5.6,0.116,"DPOY-1,DEF1",12,59,44,67,71,71,19,28,977,2296,4.7,9.7,0,0,63,0,37,47,106,32,2.0,0.0,"DPOY-1,DEF1",0.345,0.233,15.9,8.0,0.013,0.418,0.695,0.509,0.105,0.506,0.441,0.331,71.0,71.0,2296.0,0.365,0.908,0.146,0.074,0.026,0.499,0.249,0.501,47.0,-44.5,-40.9,"DPOY-1,DEF1",71.0,71.0,95.0,126.0,93.0,94.0,91.0,102.0,100.0,95.0,2296.0,47.0,0.506,0.501,0.331,0.501,0.418,0.793,0.249,0.54,,21.0,21.0,86.0,123.0,99.0,92.0,88.0,104.0,90.0,93.0,760.0,7.0,0.458,0.491,0.35,0.491,0.405,0.806,0.222,0.529,0.491,26.3,,0.6,0.3,1.1,10.7,1.0,0.222,21.0,21.0,760.0,-0.8,3.1,0.5,13.1,7.0,1.7,14.5,7.0,0.529,21.2,0.4,1.5,0.094,,7.0,23.0,18.0,21.0,21.0,21.0,3.0,16.0,297.0,760.0,-5.0,2.2,0.0,0.0,91.0,0.0,9.0,7.0,32.0,11.0,4.3,9.4,0.458,3.2,9.1,0.35,8.1,,0.3,5.0,109.0,0.491,7.5,18.5,0.405,3.3,4.1,0.806,21.0,21.0,760.0,1.3,107.0,4.7,21.5,7.0,1.7,3.4,6.3,3.1,6.7,0.458,2.3,6.5,0.35,5.8,,0.2,3.6,0.491,5.4,13.2,0.405,2.4,2.9,0.806,21.0,21.0,760.0,0.9,3.4,15.3,7.0,1.2,2.5,4.5,3.1,6.8,0.458,2.3,6.5,0.35,5.9,,0.2,3.6,0.491,5.4,13.3,0.405,2.4,3.0,0.806,21.0,21.0,36.2,1.0,3.4,15.4,38.0,1.2,2.5,4.5,1.0,0.0,,0.419,0.226,16.1,3.0,0.014,0.405,0.605,0.368,0.556,0.458,0.38,0.35,21.0,21.0,760.0,0.385,0.938,0.154,0.068,0.032,0.509,0.254,0.491,7.0,65.0,142.0,0.458,48.0,137.0,0.35,123.0,,5.0,75.0,0.491,113.0,279.0,0.405,50.0,62.0,0.806,21.0,21.0,760.0,20.0,71.0,324.0,11.0,26.0,52.0,95.0,0.0
morrimo01,Monte Morris,https://www.basketball-reference.com/players/m/morrimo01.html,2021-22,2022,26.0,DEN,PG,PG,12.0,PG,75.0,74.0,2239.0,250.0,459.0,0.545,124.0,314.0,0.395,333.0,,14.0,199.0,0.564,374.0,773.0,0.484,73.0,84.0,0.869,27.0,92.0,945.0,87.0,56.0,78.0,226.0,0.0,3.3,6.1,0.545,1.7,4.2,0.395,4.4,,0.2,2.7,0.564,5.0,10.3,0.484,1.0,1.1,0.869,75.0,74.0,29.9,0.4,1.2,12.6,124.0,0.7,1.0,3.0,4.0,7.4,0.545,2.0,5.0,0.395,5.4,,0.2,3.2,0.564,6.0,12.4,0.484,1.2,1.4,0.869,75.0,74.0,2239.0,0.4,1.5,15.2,53.0,0.9,1.3,3.6,5.5,10.1,0.545,2.7,6.9,0.395,7.3,,0.3,4.4,115.0,0.564,8.2,16.9,0.484,1.6,1.8,0.869,75.0,74.0,2239.0,0.6,120.0,2.0,20.7,53.0,1.2,1.7,5.0,0.406,21.4,,0.6,0.0,-0.8,9.6,1.5,0.109,75.0,74.0,2239.0,0.8,1.4,3.9,14.7,53.0,1.2,8.8,5.6,0.583,17.4,1.1,5.4,0.116,,5,41,13,34,75,74,8,34,787,2239,8.1,5.9,0,0,91,0,9,53,54,12,0.0,0.0,,0.398,0.328,16.1,0.0,0.0,0.484,0.725,0.49,0.466,0.545,0.491,0.395,75.0,74.0,2239.0,0.472,0.935,0.155,0.132,0.169,0.594,0.137,0.406,53.0,50.0,28.1,,75.0,74.0,102.0,102.0,112.0,106.0,105.0,112.0,44.0,103.0,2239.0,53.0,0.545,0.406,0.395,0.564,0.484,0.869,0.109,0.583,,5.0,5.0,105.0,128.0,120.0,112.0,106.0,97.0,95.0,110.0,156.0,94.0,0.56,0.51,0.423,0.598,0.49,0.75,0.235,0.622,0.51,26.2,,0.0,2.0,-0.2,8.2,-0.1,0.235,5.0,5.0,156.0,2.2,0.8,0.4,16.1,94.0,1.9,12.4,4.4,0.622,17.9,0.2,0.3,0.101,,0.0,5.0,2.0,7.0,5.0,5.0,3.0,1.0,59.0,156.0,-18.7,-16.4,0.0,0.0,98.0,0.0,3.0,94.0,6.0,2.0,4.4,7.9,0.56,3.5,8.3,0.423,8.6,,0.0,3.2,123.0,0.598,7.9,16.2,0.49,2.9,3.8,0.75,5.0,5.0,156.0,0.3,125.0,4.4,22.2,94.0,1.9,2.5,3.5,3.2,5.8,0.56,2.5,6.0,0.423,6.2,,0.0,2.3,0.598,5.8,11.8,0.49,2.1,2.8,0.75,5.0,5.0,156.0,0.2,3.2,16.2,94.0,1.4,1.8,2.5,2.8,5.0,0.56,2.2,5.2,0.423,5.4,,0.0,2.0,0.598,5.0,10.2,0.49,1.8,2.4,0.75,5.0,5.0,31.2,0.2,2.8,14.0,49.0,1.2,1.6,2.2,0.0,0.0,,0.2,0.385,18.2,0.0,0.0,0.49,1.0,0.5,0.5,0.56,0.583,0.423,5.0,5.0,156.0,0.357,0.909,0.02,0.118,0.118,0.49,0.235,0.51,94.0,14.0,25.0,0.56,11.0,26.0,0.423,27.0,,0.0,10.0,0.598,25.0,51.0,0.49,9.0,12.0,0.75,5.0,5.0,156.0,1.0,14.0,70.0,82.0,6.0,8.0,11.0,0.0
curryst01,Stephen Curry,https://www.basketball-reference.com/players/c/curryst01.html,2021-22,2022,33.0,GSW,PG,PG,13.0,PG,64.0,64.0,2211.0,250.0,474.0,0.527,285.0,750.0,0.38,404.0,"MVP-8,AS,NBA2",23.0,301.0,0.554,535.0,1224.0,0.437,275.0,298.0,0.923,34.0,130.0,1630.0,14.0,85.0,206.0,335.0,2.0,3.9,7.4,0.527,4.5,11.7,0.38,6.3,"MVP-8,AS,NBA2",0.4,4.7,0.554,8.4,19.1,0.437,4.3,4.7,0.923,64.0,64.0,34.5,0.5,2.0,25.5,14.0,1.3,3.2,5.2,4.1,7.7,0.527,4.6,12.2,0.38,6.6,"MVP-8,AS,NBA2",0.4,4.9,0.554,8.7,19.9,0.437,4.5,4.9,0.923,64.0,64.0,2211.0,0.6,2.1,26.5,55.0,1.4,3.4,5.5,5.5,10.5,0.527,6.3,16.5,0.38,8.9,"MVP-8,AS,NBA2",0.5,6.6,108.0,0.554,11.8,27.0,0.437,6.1,6.6,0.923,64.0,64.0,2211.0,0.7,115.0,2.9,35.9,55.0,1.9,4.5,7.4,0.613,30.4,"MVP-8,AS,NBA2",1.0,5.8,0.4,14.4,3.4,0.243,64.0,64.0,2211.0,5.4,1.7,4.6,21.4,55.0,1.9,13.2,8.3,0.601,30.8,4.4,8.0,0.173,"MVP-8,AS,NBA2",16,52,13,105,64,64,25,39,945,2211,10.0,10.1,0,0,97,0,3,55,120,52,5.0,0.0,"MVP-8,AS,NBA2",0.324,0.091,19.8,0.0,0.0,0.437,0.599,0.513,0.414,0.527,0.53,0.38,64.0,64.0,2211.0,0.368,0.572,0.12,0.062,0.071,0.387,0.134,0.613,55.0,53.4,96.0,"MVP-8,AS,NBA2",64.0,64.0,99.0,153.0,107.0,104.0,95.0,119.0,98.0,106.0,2211.0,55.0,0.527,0.613,0.38,0.554,0.437,0.923,0.243,0.601,Finals MVP-1,22.0,18.0,99.0,130.0,112.0,106.0,100.0,107.0,118.0,107.0,764.0,6.0,0.526,0.52,0.397,0.563,0.459,0.829,0.293,0.606,0.52,28.3,Finals MVP-1,1.1,7.7,1.1,14.9,0.9,0.293,22.0,18.0,764.0,6.7,1.7,2.4,24.4,6.0,1.9,10.3,8.4,0.606,31.8,1.9,3.2,0.203,Finals MVP-1,7.0,28.0,8.0,38.0,22.0,18.0,14.0,24.0,294.0,764.0,6.5,7.1,0.0,0.0,100.0,0.0,0.0,6.0,37.0,5.0,7.2,13.6,0.526,5.9,14.8,0.397,8.3,Finals MVP-1,0.5,6.7,110.0,0.563,13.1,28.5,0.459,6.9,8.3,0.829,22.0,18.0,764.0,0.7,119.0,3.8,38.9,6.0,1.9,3.7,7.4,5.2,9.9,0.526,4.3,10.8,0.397,6.1,Finals MVP-1,0.4,4.9,0.563,9.5,20.7,0.459,5.0,6.1,0.829,22.0,18.0,764.0,0.5,2.8,28.4,6.0,1.4,2.7,5.4,5.0,9.6,0.526,4.1,10.4,0.397,5.9,Finals MVP-1,0.4,4.7,0.563,9.2,20.0,0.459,4.9,5.9,0.829,22.0,18.0,34.7,0.5,2.7,27.4,5.0,1.3,2.6,5.2,2.0,0.0,Finals MVP-1,0.4,0.087,18.7,0.0,0.0,0.459,0.692,0.422,0.538,0.526,0.525,0.397,22.0,18.0,764.0,0.297,0.538,0.059,0.102,0.089,0.48,0.23,0.52,6.0,111.0,211.0,0.526,91.0,229.0,0.397,129.0,Finals MVP-1,8.0,104.0,0.563,202.0,440.0,0.459,107.0,129.0,0.829,22.0,18.0,764.0,11.0,59.0,602.0,2.0,29.0,57.0,115.0,0.0
holidjr01,Jrue Holiday,https://www.basketball-reference.com/players/h/holidjr01.html,2021-22,2022,31.0,MIL,PG,PG,14.0,PG,67.0,64.0,2208.0,346.0,633.0,0.547,132.0,321.0,0.411,457.0,"DPOY-8,DEF2",29.0,232.0,0.57,478.0,954.0,0.501,137.0,180.0,0.761,69.0,133.0,1225.0,52.0,108.0,183.0,301.0,0.0,5.2,9.4,0.547,2.0,4.8,0.411,6.8,"DPOY-8,DEF2",0.4,3.5,0.57,7.1,14.2,0.501,2.0,2.7,0.761,67.0,64.0,33.0,1.0,2.0,18.3,50.0,1.6,2.7,4.5,5.6,10.3,0.547,2.2,5.2,0.411,7.5,"DPOY-8,DEF2",0.5,3.8,0.57,7.8,15.6,0.501,2.2,2.9,0.761,67.0,64.0,2208.0,1.1,2.2,20.0,56.0,1.8,3.0,4.9,7.5,13.8,0.547,2.9,7.0,0.411,9.9,"DPOY-8,DEF2",0.6,5.0,112.0,0.57,10.4,20.8,0.501,3.0,3.9,0.761,67.0,64.0,2208.0,1.5,117.0,2.9,26.7,56.0,2.4,4.0,6.6,0.336,31.8,"DPOY-8,DEF2",1.3,3.2,0.3,10.9,2.4,0.189,67.0,64.0,2208.0,2.9,3.4,4.5,19.8,56.0,2.4,15.0,7.2,0.593,23.5,2.9,6.9,0.15,"DPOY-8,DEF2",8,63,10,75,67,64,11,42,1110,2208,14.0,9.4,0,0,75,0,25,56,101,60,1.0,0.0,"DPOY-8,DEF2",0.364,0.103,13.6,4.0,0.004,0.501,0.651,0.542,0.515,0.547,0.464,0.411,67.0,64.0,2208.0,0.197,0.432,0.222,0.124,0.071,0.664,0.246,0.336,56.0,73.5,55.4,"DPOY-8,DEF2",67.0,64.0,103.0,84.0,116.0,107.0,109.0,98.0,76.0,105.0,2208.0,56.0,0.547,0.336,0.411,0.57,0.501,0.761,0.189,0.593,,12.0,12.0,77.0,84.0,89.0,81.0,82.0,108.0,53.0,81.0,463.0,25.0,0.41,0.336,0.316,0.432,0.379,0.839,0.132,0.461,0.336,27.6,,1.5,1.6,0.7,11.8,1.0,0.132,12.0,12.0,463.0,0.9,2.8,-0.4,13.8,25.0,2.2,12.0,7.4,0.461,26.4,0.4,0.6,0.058,,1.0,8.0,2.0,12.0,12.0,12.0,1.0,13.0,185.0,463.0,2.3,1.8,0.0,0.0,77.0,0.0,23.0,25.0,22.0,10.0,6.7,16.4,0.41,2.6,8.3,0.316,8.2,,0.7,5.8,102.0,0.432,9.4,24.7,0.379,2.7,3.3,0.839,12.0,12.0,463.0,1.3,97.0,2.9,24.1,25.0,2.2,3.6,7.1,5.0,12.1,0.41,1.9,6.1,0.316,6.1,,0.5,4.3,0.432,6.9,18.3,0.379,2.0,2.4,0.839,12.0,12.0,463.0,0.9,2.2,17.8,25.0,1.6,2.6,5.2,5.3,13.0,0.41,2.1,6.6,0.316,6.5,,0.6,4.6,0.432,7.4,19.6,0.379,2.2,2.6,0.839,12.0,12.0,38.6,1.0,2.3,19.1,25.0,1.8,2.8,5.6,4.0,0.0,,0.571,0.089,15.4,1.0,0.004,0.379,0.6,0.441,0.257,0.41,0.34,0.316,12.0,12.0,463.0,0.281,0.52,0.17,0.145,0.149,0.664,0.2,0.336,25.0,64.0,156.0,0.41,25.0,79.0,0.316,78.0,,7.0,55.0,0.432,89.0,235.0,0.379,26.0,31.0,0.839,12.0,12.0,463.0,12.0,28.0,229.0,20.0,21.0,34.0,67.0,0.0
grahade01,Devonte' Graham,https://www.basketball-reference.com/players/g/grahade01.html,2021-22,2022,26.0,NOP,PG,PG,15.0,PG,76.0,63.0,2162.0,104.0,252.0,0.413,192.0,563.0,0.341,316.0,,12.0,140.0,0.481,296.0,815.0,0.363,118.0,140.0,0.843,37.0,95.0,902.0,100.0,71.0,105.0,177.0,0.0,1.4,3.3,0.413,2.5,7.4,0.341,4.2,,0.2,1.8,0.481,3.9,10.7,0.363,1.6,1.8,0.843,76.0,63.0,28.4,0.5,1.3,11.9,135.0,0.9,1.4,2.3,1.7,4.2,0.413,3.2,9.4,0.341,5.3,,0.2,2.3,0.481,4.9,13.6,0.363,2.0,2.3,0.843,76.0,63.0,2162.0,0.6,1.6,15.0,61.0,1.2,1.7,2.9,2.4,5.8,0.413,4.4,12.9,0.341,7.2,,0.3,3.2,116.0,0.481,6.8,18.6,0.363,2.7,3.2,0.843,76.0,63.0,2162.0,0.8,109.0,2.2,20.6,61.0,1.6,2.4,4.0,0.691,21.0,,0.5,-1.0,-1.2,7.3,1.2,0.172,76.0,63.0,2162.0,0.2,1.9,1.6,12.1,61.0,1.6,10.7,4.5,0.514,19.5,0.5,2.8,0.062,,4,45,17,45,76,63,13,23,741,2162,2.4,0.0,0,0,93,0,7,61,73,23,3.0,1.0,,0.342,0.13,20.8,1.0,0.001,0.363,0.621,0.409,0.325,0.413,0.291,0.341,76.0,63.0,2162.0,0.298,0.734,0.081,0.054,0.098,0.309,0.067,0.691,61.0,-82.7,-90.3,,76.0,63.0,77.0,173.0,96.0,90.0,79.0,109.0,69.0,91.0,2162.0,61.0,0.413,0.691,0.341,0.481,0.363,0.843,0.172,0.514,,6.0,0.0,47.0,195.0,101.0,89.0,72.0,113.0,179.0,99.0,60.0,152.0,0.25,0.778,0.357,0.472,0.333,0.875,0.444,0.558,0.778,9.4,,1.4,-1.1,-1.0,14.7,0.0,0.444,6.0,0.0,60.0,-0.2,3.7,0.1,11.5,152.0,0.9,15.7,8.9,0.558,18.3,0.0,0.1,0.049,,0.0,2.0,2.0,1.0,6.0,0.0,0.0,2.0,8.0,60.0,1.1,-1.1,0.0,0.0,92.0,0.0,9.0,152.0,1.0,2.0,0.9,3.4,0.25,4.3,12.0,0.357,3.4,,0.9,6.0,120.0,0.472,5.1,15.4,0.333,6.0,6.9,0.875,6.0,0.0,60.0,1.7,112.0,2.6,20.6,152.0,0.9,3.4,7.7,0.6,2.4,0.25,3.0,8.4,0.357,2.4,,0.6,4.2,0.472,3.6,10.8,0.333,4.2,4.8,0.875,6.0,0.0,60.0,1.2,1.8,14.4,152.0,0.6,2.4,5.4,0.2,0.7,0.25,0.8,2.3,0.357,0.7,,0.2,1.2,0.472,1.0,3.0,0.333,1.2,1.3,0.875,6.0,0.0,10.0,0.3,0.5,4.0,137.0,0.2,0.7,1.5,0.0,0.0,,0.0,0.071,22.5,0.0,0.0,0.333,,,0.0,0.25,0.333,0.357,6.0,0.0,60.0,0.0,0.6,0.0,0.0,0.056,0.222,0.167,0.778,152.0,1.0,4.0,0.25,5.0,14.0,0.357,4.0,,1.0,7.0,0.472,6.0,18.0,0.333,7.0,8.0,0.875,6.0,0.0,60.0,2.0,3.0,24.0,140.0,1.0,4.0,9.0,0.0
paulch01,Chris Paul,https://www.basketball-reference.com/players/p/paulch01.html,2021-22,2022,36.0,PHO,PG,PG,16.0,PG,65.0,65.0,2139.0,300.0,537.0,0.559,63.0,199.0,0.317,702.0,"MVP-9,AS,NBA3",20.0,261.0,0.536,363.0,736.0,0.493,169.0,202.0,0.837,22.0,134.0,958.0,83.0,121.0,153.0,283.0,2.0,4.6,8.3,0.559,1.0,3.1,0.317,10.8,"MVP-9,AS,NBA3",0.3,4.0,0.536,5.6,11.3,0.493,2.6,3.1,0.837,65.0,65.0,32.9,0.3,2.1,14.7,99.0,1.9,2.4,4.4,5.0,9.0,0.559,1.1,3.3,0.317,11.8,"MVP-9,AS,NBA3",0.3,4.4,0.536,6.1,12.4,0.493,2.8,3.4,0.837,65.0,65.0,2139.0,0.4,2.3,16.1,67.0,2.0,2.6,4.8,6.7,12.1,0.559,1.4,4.5,0.317,15.8,"MVP-9,AS,NBA3",0.4,5.9,107.0,0.536,8.2,16.6,0.493,3.8,4.5,0.837,65.0,65.0,2139.0,0.5,124.0,3.0,21.6,67.0,2.7,3.4,6.4,0.27,44.5,"MVP-9,AS,NBA3",0.8,5.4,2.3,12.8,3.6,0.274,65.0,65.0,2139.0,3.1,1.1,5.8,20.8,67.0,2.7,15.6,7.1,0.581,19.7,4.0,9.4,0.21,"MVP-9,AS,NBA3",6,48,10,32,65,65,8,10,1601,2139,5.4,10.2,0,0,100,0,0,67,108,31,3.0,0.0,"MVP-9,AS,NBA3",0.313,0.08,16.3,0.0,0.0,0.493,0.75,0.597,0.482,0.559,0.569,0.317,65.0,65.0,2139.0,0.097,0.413,0.033,0.344,0.192,0.73,0.148,0.27,67.0,6.4,24.2,"MVP-9,AS,NBA3",65.0,65.0,105.0,68.0,90.0,101.0,107.0,108.0,111.0,103.0,2139.0,67.0,0.559,0.27,0.317,0.536,0.493,0.837,0.274,0.581,,13.0,13.0,120.0,79.0,110.0,117.0,122.0,122.0,96.0,118.0,448.0,28.0,0.642,0.316,0.388,0.623,0.561,0.946,0.239,0.666,0.316,36.4,,0.4,4.9,1.2,12.1,0.2,0.239,13.0,13.0,448.0,3.7,1.9,1.6,22.8,28.0,2.2,15.3,7.2,0.666,20.8,0.8,1.8,0.196,,5.0,14.0,8.0,10.0,13.0,13.0,2.0,3.0,249.0,448.0,8.6,1.2,0.0,0.0,100.0,0.0,0.0,28.0,20.0,6.0,7.8,12.2,0.642,2.2,5.6,0.388,12.4,,0.2,5.4,117.0,0.623,10.0,17.8,0.561,4.0,4.3,0.946,13.0,13.0,448.0,0.8,130.0,4.6,26.2,28.0,2.2,3.6,6.2,5.5,8.5,0.642,1.5,3.9,0.388,8.7,,0.2,3.8,0.623,7.0,12.5,0.561,2.8,3.0,0.946,13.0,13.0,448.0,0.6,3.2,18.3,28.0,1.5,2.5,4.3,5.2,8.2,0.642,1.5,3.8,0.388,8.3,,0.2,3.6,0.623,6.7,11.9,0.561,2.7,2.8,0.946,13.0,13.0,34.5,0.5,3.1,17.5,32.0,1.5,2.4,4.2,1.0,0.0,,0.667,0.061,16.5,0.0,0.0,0.561,0.889,0.571,0.708,0.642,0.613,0.388,13.0,13.0,448.0,0.132,0.316,0.058,0.271,0.155,0.684,0.2,0.316,28.0,68.0,106.0,0.642,19.0,49.0,0.388,108.0,,2.0,47.0,0.623,87.0,155.0,0.561,35.0,37.0,0.946,13.0,13.0,448.0,7.0,40.0,228.0,21.0,19.0,31.0,54.0,0.0
lowryky01,Kyle Lowry,https://www.basketball-reference.com/players/l/lowryky01.html,2021-22,2022,35.0,MIA,PG,PG,17.0,PG,63.0,63.0,2133.0,132.0,245.0,0.539,144.0,382.0,0.377,474.0,,17.0,249.0,0.555,276.0,627.0,0.44,148.0,174.0,0.851,33.0,177.0,844.0,115.0,67.0,168.0,282.0,2.0,2.1,3.9,0.539,2.3,6.1,0.377,7.5,,0.3,4.0,0.555,4.4,10.0,0.44,2.3,2.8,0.851,63.0,63.0,33.9,0.5,2.8,13.4,112.0,1.1,2.7,4.5,2.2,4.1,0.539,2.4,6.4,0.377,8.0,,0.3,4.2,0.555,4.7,10.6,0.44,2.5,2.9,0.851,63.0,63.0,2133.0,0.6,3.0,14.2,71.0,1.1,2.8,4.8,3.1,5.7,0.539,3.4,9.0,0.377,11.1,,0.4,5.8,110.0,0.555,6.5,14.7,0.44,3.5,4.1,0.851,63.0,63.0,2133.0,0.8,118.0,4.2,19.8,71.0,1.6,3.9,6.6,0.609,32.3,,0.8,2.0,0.8,13.0,2.7,0.278,63.0,63.0,2133.0,1.1,1.8,3.7,15.0,71.0,1.6,19.3,7.5,0.6,18.2,2.1,6.4,0.143,,10,77,44,54,63,63,11,19,1126,2133,2.1,5.5,0,0,100,0,0,71,123,20,4.0,0.0,,0.446,0.147,19.6,0.0,0.0,0.44,0.716,0.446,0.473,0.539,0.456,0.377,63.0,63.0,2133.0,0.303,0.653,0.118,0.089,0.088,0.391,0.091,0.609,71.0,29.3,47.6,,63.0,63.0,101.0,153.0,107.0,104.0,95.0,110.0,112.0,106.0,2133.0,71.0,0.539,0.609,0.377,0.555,0.44,0.851,0.278,0.6,,10.0,10.0,70.0,157.0,68.0,69.0,63.0,102.0,89.0,73.0,295.0,52.0,0.375,0.628,0.241,0.366,0.291,0.789,0.221,0.413,0.628,22.5,,2.6,-2.7,0.7,13.7,0.5,0.221,10.0,10.0,295.0,-3.4,1.2,-0.4,7.8,52.0,2.1,16.8,7.2,0.413,17.1,0.0,0.1,0.018,,2.0,13.0,7.0,5.0,10.0,10.0,2.0,6.0,113.0,295.0,-0.9,3.5,0.0,0.0,100.0,0.0,0.0,52.0,12.0,4.0,2.1,5.5,0.375,2.2,9.3,0.241,8.1,,1.2,5.7,106.0,0.366,4.3,14.9,0.291,2.6,3.3,0.789,10.0,10.0,295.0,0.5,91.0,5.0,13.5,52.0,2.1,3.3,6.2,1.5,3.9,0.375,1.6,6.6,0.241,5.7,,0.9,4.0,0.366,3.1,10.5,0.291,1.8,2.3,0.789,10.0,10.0,295.0,0.4,3.5,9.5,52.0,1.5,2.3,4.4,1.2,3.2,0.375,1.3,5.4,0.241,4.7,,0.7,3.3,0.366,2.5,8.6,0.291,1.5,1.9,0.789,10.0,10.0,29.5,0.3,2.9,7.8,98.0,1.2,1.9,3.6,1.0,0.0,,0.2,0.093,20.4,0.0,0.0,0.291,0.7,0.4,0.2,0.375,0.143,0.241,10.0,10.0,295.0,0.5,0.692,0.116,0.058,0.116,0.372,0.081,0.628,52.0,12.0,32.0,0.375,13.0,54.0,0.241,47.0,,7.0,33.0,0.366,25.0,86.0,0.291,15.0,19.0,0.789,10.0,10.0,295.0,3.0,29.0,78.0,71.0,12.0,19.0,36.0,0.0
foxde01,De'Aaron Fox,https://www.basketball-reference.com/players/f/foxde01.html,2021-22,2022,24.0,SAC,PG,PG,18.0,PG,59.0,59.0,2084.0,442.0,843.0,0.524,74.0,249.0,0.297,330.0,,25.0,206.0,0.506,516.0,1092.0,0.473,261.0,348.0,0.75,25.0,172.0,1367.0,32.0,68.0,168.0,231.0,0.0,7.5,14.3,0.524,1.3,4.2,0.297,5.6,,0.4,3.5,0.506,8.7,18.5,0.473,4.4,5.9,0.75,59.0,59.0,35.3,0.4,2.9,23.2,23.0,1.2,2.8,3.9,7.6,14.6,0.524,1.3,4.3,0.297,5.7,,0.4,3.6,0.506,8.9,18.9,0.473,4.5,6.0,0.75,59.0,59.0,2084.0,0.4,3.0,23.6,78.0,1.2,2.9,4.0,10.2,19.5,0.524,1.7,5.8,0.297,7.6,,0.6,4.8,117.0,0.506,11.9,25.2,0.473,6.0,8.0,0.75,59.0,59.0,2084.0,0.6,107.0,4.0,31.6,78.0,1.6,3.9,5.3,0.228,26.8,,1.0,-0.6,-1.2,10.9,1.0,0.319,59.0,59.0,2084.0,0.6,1.3,1.5,17.4,78.0,1.6,11.9,6.0,0.549,29.1,0.7,2.5,0.058,,13,73,32,170,59,59,48,48,785,2084,2.0,-4.5,0,0,100,0,0,78,89,53,0.0,0.0,,0.25,0.129,12.2,14.0,0.013,0.473,0.72,0.46,0.448,0.524,0.463,0.297,59.0,59.0,2084.0,0.213,0.541,0.196,0.185,0.114,0.772,0.263,0.228,78.0,-55.2,-42.5,,59.0,59.0,98.0,57.0,84.0,95.0,102.0,97.0,128.0,97.0,2084.0,78.0,0.524,0.228,0.297,0.506,0.473,0.75,0.319,0.549,,,,,,,,,,,,,,,,,,,,,,,,,,,,,,,,,,,,,,,,,,,,,,,,,,,,,,,,,,,,,,,,,,,,,,,,,,,,,,,,,,,,,,,,,,,,,,,,,,,,,,,,,,,,,,,,,,,,,,,,,,,,,,,,,,,,,,,,,,,,,,,,,,,,,,,,,,,,,,,,,,,,,,,,,,,,,,,,,,,,,,,,,,,,,,,,,,,,,,,,,,,,,
russeda01,D'Angelo Russell,https://www.basketball-reference.com/players/r/russeda01.html,2021-22,2022,25.0,MIN,PG,PG,19.0,PG,65.0,65.0,2077.0,225.0,457.0,0.492,176.0,518.0,0.34,460.0,,22.0,191.0,0.502,401.0,975.0,0.411,198.0,240.0,0.825,25.0,130.0,1176.0,57.0,62.0,165.0,216.0,0.0,3.5,7.0,0.492,2.7,8.0,0.34,7.1,,0.3,2.9,0.502,6.2,15.0,0.411,3.0,3.7,0.825,65.0,65.0,32.0,0.4,2.0,18.1,54.0,1.0,2.5,3.3,3.9,7.9,0.492,3.1,9.0,0.34,8.0,,0.4,3.3,0.502,7.0,16.9,0.411,3.4,4.2,0.825,65.0,65.0,2077.0,0.4,2.3,20.4,80.0,1.1,2.9,3.7,5.2,10.5,0.492,4.0,11.9,0.34,10.5,,0.5,4.4,115.0,0.502,9.2,22.3,0.411,4.5,5.5,0.825,65.0,65.0,2077.0,0.6,112.0,3.0,26.9,80.0,1.4,3.8,4.9,0.531,33.1,,1.0,0.8,-1.5,10.1,1.5,0.246,65.0,65.0,2077.0,2.2,1.3,2.9,16.3,80.0,1.4,13.2,5.6,0.544,25.1,1.4,4.4,0.101,,8,57,10,71,65,65,14,26,1096,2077,3.2,3.9,0,0,55,0,45,80,111,38,2.0,0.0,,0.381,0.081,17.6,5.0,0.008,0.411,0.689,0.459,0.373,0.492,0.405,0.34,65.0,65.0,2077.0,0.262,0.619,0.125,0.101,0.105,0.469,0.124,0.531,80.0,-58.8,-47.2,,65.0,65.0,92.0,133.0,96.0,94.0,89.0,107.0,99.0,96.0,2077.0,80.0,0.492,0.531,0.34,0.502,0.411,0.825,0.246,0.544,,6.0,6.0,55.0,108.0,109.0,78.0,72.0,97.0,90.0,80.0,196.0,72.0,0.293,0.431,0.387,0.417,0.333,0.75,0.222,0.455,0.431,32.2,,0.0,-2.9,-1.1,8.1,0.1,0.222,6.0,6.0,196.0,-1.8,0.0,-0.2,8.5,72.0,2.1,17.7,4.3,0.455,21.0,0.0,-0.1,-0.022,,3.0,5.0,1.0,5.0,6.0,6.0,0.0,5.0,97.0,196.0,5.7,-2.8,0.0,0.0,22.0,3.0,76.0,72.0,9.0,5.0,2.9,9.8,0.293,2.9,7.4,0.387,9.6,,0.0,3.6,114.0,0.417,5.7,17.2,0.333,2.9,3.8,0.75,6.0,6.0,196.0,0.0,94.0,4.1,17.2,72.0,2.1,4.1,3.6,2.2,7.5,0.293,2.2,5.7,0.387,7.3,,0.0,2.8,0.417,4.4,13.2,0.333,2.2,2.9,0.75,6.0,6.0,196.0,0.0,3.1,13.2,72.0,1.7,3.1,2.8,2.0,6.8,0.293,2.0,5.2,0.387,6.7,,0.0,2.5,0.417,4.0,12.0,0.333,2.0,2.7,0.75,6.0,6.0,32.7,0.0,2.8,12.0,59.0,1.5,2.8,2.5,0.0,0.0,,0.0,0.032,16.3,2.0,0.028,0.333,0.556,0.25,0.125,0.293,0.25,0.387,6.0,6.0,196.0,0.25,0.583,0.125,0.167,0.111,0.569,0.167,0.431,72.0,12.0,41.0,0.293,12.0,31.0,0.387,40.0,,0.0,15.0,0.417,24.0,72.0,0.333,12.0,16.0,0.75,6.0,6.0,196.0,0.0,17.0,72.0,81.0,9.0,17.0,15.0,0.0
mitchda01,Davion Mitchell,https://www.basketball-reference.com/players/m/mitchda01.html,2021-22,2022,23.0,SAC,PG,PG,20.0,PG,75.0,19.0,2076.0,251.0,523.0,0.48,101.0,320.0,0.316,313.0,,24.0,133.0,0.477,352.0,843.0,0.418,56.0,85.0,0.659,33.0,141.0,861.0,111.0,55.0,114.0,166.0,0.0,3.3,7.0,0.48,1.3,4.3,0.316,4.2,,0.3,1.8,0.477,4.7,11.2,0.418,0.7,1.1,0.659,75.0,19.0,27.7,0.4,1.9,11.5,142.0,0.7,1.5,2.2,4.4,9.1,0.48,1.8,5.5,0.316,5.4,,0.4,2.3,0.477,6.1,14.6,0.418,1.0,1.5,0.659,75.0,19.0,2076.0,0.6,2.4,14.9,81.0,1.0,2.0,2.9,5.8,12.1,0.48,2.3,7.4,0.316,7.3,,0.6,3.1,118.0,0.477,8.2,19.5,0.418,1.3,2.0,0.659,75.0,19.0,2076.0,0.8,101.0,3.3,20.0,81.0,1.3,2.6,3.8,0.38,22.5,,1.0,-3.8,-1.7,7.0,0.6,0.101,75.0,19.0,2076.0,-2.1,1.7,-0.5,10.8,81.0,1.3,11.5,4.4,0.489,20.6,-0.9,0.1,0.003,,5,62,26,30,75,19,9,41,759,2076,-1.0,-5.9,0,0,67,0,33,81,71,28,4.0,0.0,,0.324,0.116,15.4,3.0,0.004,0.418,0.646,0.352,0.418,0.48,0.438,0.316,75.0,19.0,2076.0,0.231,0.653,0.187,0.108,0.167,0.62,0.154,0.38,81.0,-91.4,-135.6,,75.0,19.0,90.0,95.0,89.0,90.0,91.0,85.0,41.0,86.0,2076.0,81.0,0.48,0.38,0.316,0.477,0.418,0.659,0.101,0.489,,,,,,,,,,,,,,,,,,,,,,,,,,,,,,,,,,,,,,,,,,,,,,,,,,,,,,,,,,,,,,,,,,,,,,,,,,,,,,,,,,,,,,,,,,,,,,,,,,,,,,,,,,,,,,,,,,,,,,,,,,,,,,,,,,,,,,,,,,,,,,,,,,,,,,,,,,,,,,,,,,,,,,,,,,,,,,,,,,,,,,,,,,,,,,,,,,,,,,,,,,,,,
anthoco01,Cole Anthony,https://www.basketball-reference.com/players/a/anthoco01.html,2021-22,2022,21.0,ORL,PG,PG,21.0,PG,65.0,65.0,2059.0,225.0,521.0,0.432,132.0,391.0,0.338,369.0,,17.0,316.0,0.464,357.0,912.0,0.391,216.0,253.0,0.854,32.0,171.0,1062.0,68.0,46.0,170.0,348.0,0.0,3.5,8.0,0.432,2.0,6.0,0.338,5.7,,0.3,4.9,0.464,5.5,14.0,0.391,3.3,3.9,0.854,65.0,65.0,31.7,0.5,2.6,16.3,72.0,0.7,2.6,5.4,3.9,9.1,0.432,2.3,6.8,0.338,6.5,,0.3,5.5,0.464,6.2,15.9,0.391,3.8,4.4,0.854,65.0,65.0,2059.0,0.6,3.0,18.6,82.0,0.8,3.0,6.1,5.3,12.2,0.432,3.1,9.2,0.338,8.7,,0.4,7.4,114.0,0.464,8.4,21.4,0.391,5.1,5.9,0.854,65.0,65.0,2059.0,0.8,103.0,4.0,24.9,82.0,1.1,4.0,8.2,0.429,28.9,,0.8,-1.2,-0.6,16.2,1.7,0.277,65.0,65.0,2059.0,-0.6,1.6,-0.1,13.5,82.0,1.1,14.2,8.9,0.519,25.1,0.4,1.6,0.038,,4,90,20,93,65,65,21,44,902,2059,4.9,-5.9,0,0,99,0,1,82,106,48,2.0,0.0,,0.324,0.087,16.2,14.0,0.025,0.391,0.59,0.448,0.305,0.432,0.385,0.338,65.0,65.0,2059.0,0.24,0.667,0.147,0.095,0.115,0.571,0.214,0.429,82.0,-123.8,-96.4,,65.0,65.0,81.0,107.0,95.0,87.0,85.0,110.0,112.0,92.0,2059.0,82.0,0.432,0.429,0.338,0.464,0.391,0.854,0.277,0.519,,,,,,,,,,,,,,,,,,,,,,,,,,,,,,,,,,,,,,,,,,,,,,,,,,,,,,,,,,,,,,,,,,,,,,,,,,,,,,,,,,,,,,,,,,,,,,,,,,,,,,,,,,,,,,,,,,,,,,,,,,,,,,,,,,,,,,,,,,,,,,,,,,,,,,,,,,,,,,,,,,,,,,,,,,,,,,,,,,,,,,,,,,,,,,,,,,,,,,,,,,,,,
conlemi01,Mike Conley,https://www.basketball-reference.com/players/c/conlemi01.html,2021-22,2022,34.0,UTA,PG,PG,22.0,PG,72.0,72.0,2058.0,175.0,377.0,0.464,169.0,414.0,0.408,385.0,,21.0,170.0,0.542,344.0,791.0,0.435,129.0,162.0,0.796,47.0,142.0,986.0,80.0,96.0,123.0,217.0,0.0,2.4,5.2,0.464,2.3,5.8,0.408,5.3,,0.3,2.4,0.542,4.8,11.0,0.435,1.8,2.3,0.796,72.0,72.0,28.6,0.7,2.0,13.7,106.0,1.3,1.7,3.0,3.1,6.6,0.464,3.0,7.2,0.408,6.7,,0.4,3.0,0.542,6.0,13.8,0.435,2.3,2.8,0.796,72.0,72.0,2058.0,0.8,2.5,17.2,83.0,1.7,2.2,3.8,4.2,9.1,0.464,4.1,9.9,0.408,9.2,,0.5,4.1,111.0,0.542,8.3,19.0,0.435,3.1,3.9,0.796,72.0,72.0,2058.0,1.1,120.0,3.4,23.7,83.0,2.3,3.0,5.2,0.523,27.7,,0.9,3.1,0.7,8.8,2.3,0.205,72.0,72.0,2058.0,2.4,2.6,4.4,17.2,83.0,2.3,12.5,5.8,0.572,20.9,2.7,6.7,0.157,,2,49,21,53,72,72,12,28,923,2058,3.3,7.7,0,0,100,0,0,83,87,25,1.0,0.0,,0.391,0.167,17.1,0.0,0.001,0.435,0.559,0.442,0.4,0.464,0.453,0.408,72.0,72.0,2058.0,0.257,0.521,0.075,0.109,0.025,0.477,0.268,0.523,83.0,15.9,9.9,,72.0,72.0,87.0,131.0,115.0,102.0,94.0,103.0,83.0,101.0,2058.0,83.0,0.464,0.523,0.408,0.542,0.435,0.796,0.205,0.572,,6.0,6.0,82.0,110.0,57.0,71.0,72.0,103.0,106.0,76.0,174.0,82.0,0.438,0.439,0.2,0.377,0.333,0.8,0.263,0.432,0.439,26.9,,1.4,-3.9,-0.6,11.3,0.1,0.263,6.0,6.0,174.0,-3.3,1.3,-0.2,8.2,82.0,1.5,17.0,6.4,0.432,20.6,-0.1,-0.1,-0.037,,1.0,6.0,2.0,4.0,6.0,6.0,0.0,0.0,70.0,174.0,-8.8,-9.2,0.0,0.0,100.0,0.0,0.0,82.0,9.0,1.0,4.2,9.7,0.438,1.5,7.6,0.2,8.8,,0.6,5.2,115.0,0.377,5.8,17.3,0.333,3.6,4.5,0.8,6.0,6.0,174.0,0.6,92.0,5.8,16.7,82.0,1.5,3.9,5.8,2.9,6.6,0.438,1.0,5.2,0.2,6.0,,0.4,3.5,0.377,3.9,11.8,0.333,2.5,3.1,0.8,6.0,6.0,174.0,0.4,3.9,11.4,82.0,1.0,2.7,3.9,2.3,5.3,0.438,0.8,4.2,0.2,4.8,,0.3,2.8,0.377,3.2,9.5,0.333,2.0,2.5,0.8,6.0,6.0,29.0,0.3,3.2,9.2,81.0,0.8,2.2,3.2,0.0,0.0,,,0.0,16.1,0.0,0.0,0.333,0.5,0.5,0.5,0.438,0.4,0.2,6.0,6.0,174.0,0.429,0.0,0.035,0.105,0.07,0.561,0.351,0.439,82.0,14.0,32.0,0.438,5.0,25.0,0.2,29.0,,2.0,17.0,0.377,19.0,57.0,0.333,12.0,15.0,0.8,6.0,6.0,174.0,2.0,19.0,55.0,100.0,5.0,13.0,19.0,0.0
dinwisp01,Spencer Dinwiddie,https://www.basketball-reference.com/players/d/dinwisp01.html,2021-22,2022,28.0,2TM,PG,PG,23.0,PG,67.0,51.0,1980.0,194.0,405.0,0.479,112.0,330.0,0.339,346.0,,13.0,234.0,0.493,306.0,735.0,0.416,195.0,252.0,0.774,45.0,150.0,919.0,96.0,44.0,104.0,279.0,1.0,2.9,6.0,0.479,1.7,4.9,0.339,5.2,,0.2,3.5,0.493,4.6,11.0,0.416,2.9,3.8,0.774,67.0,51.0,29.6,0.7,2.2,13.7,105.0,0.7,1.6,4.2,3.5,7.4,0.479,2.0,6.0,0.339,6.3,,0.2,4.3,0.493,5.6,13.4,0.416,3.5,4.6,0.774,67.0,51.0,1980.0,0.8,2.7,16.7,96.0,0.8,1.9,5.1,4.9,10.2,0.479,2.8,8.3,0.339,8.7,,0.3,5.9,115.0,0.493,7.7,18.5,0.416,4.9,6.3,0.774,67.0,51.0,1980.0,1.1,114.0,3.8,23.1,96.0,1.1,2.6,7.0,0.449,25.7,,0.6,0.3,-0.4,13.0,1.4,0.343,67.0,51.0,1980.0,0.8,2.6,2.7,15.1,96.0,1.1,10.9,7.8,0.543,21.4,1.1,4.1,0.098,,13,56,15,119,67,51,26,40,824,1980,0.0,-0.9,0,0,75,0,25,96,70,13,1.0,0.0,,0.367,0.182,15.0,3.0,0.007,0.416,0.641,0.444,0.333,0.479,0.395,0.339,67.0,51.0,1980.0,0.201,0.536,0.174,0.086,0.049,0.551,0.227,0.449,96.0,-57.6,-38.6,,67.0,51.0,90.0,112.0,96.0,93.0,90.0,100.0,138.0,96.0,1980.0,96.0,0.479,0.449,0.339,0.493,0.416,0.774,0.343,0.543,,18.0,3.0,78.0,125.0,118.0,98.0,90.0,106.0,141.0,102.0,501.0,20.0,0.417,0.5,0.417,0.521,0.417,0.821,0.349,0.576,0.5,21.8,,1.1,1.3,-0.5,8.6,0.2,0.349,18.0,3.0,501.0,1.8,1.9,0.8,16.6,20.0,1.6,11.6,5.2,0.576,23.7,0.4,1.1,0.101,,6.0,13.0,3.0,33.0,18.0,3.0,7.0,11.0,171.0,501.0,-1.8,-0.2,0.0,0.0,98.0,0.0,2.0,20.0,12.0,8.0,4.1,9.9,0.417,4.1,9.9,0.417,6.7,,0.6,3.7,116.0,0.521,8.3,19.9,0.417,5.7,6.9,0.821,18.0,3.0,501.0,0.8,114.0,4.3,26.4,20.0,1.6,3.0,4.6,2.9,6.9,0.417,2.9,6.9,0.417,4.7,,0.4,2.6,0.521,5.7,13.8,0.417,4.0,4.8,0.821,18.0,3.0,501.0,0.6,3.0,18.3,20.0,1.1,2.1,3.2,2.2,5.3,0.417,2.2,5.3,0.417,3.6,,0.3,2.0,0.521,4.4,10.7,0.417,3.1,3.7,0.821,18.0,3.0,27.8,0.4,2.3,14.2,47.0,0.8,1.6,2.4,1.0,0.0,,0.684,0.198,16.3,1.0,0.005,0.417,0.536,0.333,0.4,0.417,0.378,0.417,18.0,3.0,501.0,0.225,0.625,0.146,0.094,0.026,0.5,0.234,0.5,20.0,40.0,96.0,0.417,40.0,96.0,0.417,65.0,,6.0,36.0,0.521,80.0,192.0,0.417,55.0,67.0,0.821,18.0,3.0,501.0,8.0,42.0,255.0,14.0,15.0,29.0,44.0,0.0
gilgesh01,Shai Gilgeous-Alexander,https://www.basketball-reference.com/players/g/gilgesh01.html,2021-22,2022,23.0,OKC,PG,PG,24.0,PG,56.0,56.0,1942.0,388.0,755.0,0.514,89.0,297.0,0.3,331.0,,46.0,241.0,0.496,477.0,1052.0,0.453,328.0,405.0,0.81,37.0,142.0,1371.0,30.0,71.0,154.0,278.0,1.0,6.9,13.5,0.514,1.6,5.3,0.3,5.9,,0.8,4.3,0.496,8.5,18.8,0.453,5.9,7.2,0.81,56.0,56.0,34.7,0.7,2.5,24.5,16.0,1.3,2.8,5.0,7.2,14.0,0.514,1.6,5.5,0.3,6.1,,0.9,4.5,0.496,8.8,19.5,0.453,6.1,7.5,0.81,56.0,56.0,1942.0,0.7,2.6,25.4,99.0,1.3,2.9,5.2,9.7,18.9,0.514,2.2,7.4,0.3,8.3,,1.2,6.0,113.0,0.496,12.0,26.4,0.453,8.2,10.2,0.81,56.0,56.0,1942.0,0.9,111.0,3.6,34.4,99.0,1.8,3.9,7.0,0.282,31.1,,2.2,3.4,0.5,13.0,1.8,0.385,56.0,56.0,1942.0,2.9,1.9,2.8,20.9,99.0,1.8,11.1,7.4,0.557,30.8,2.7,4.6,0.113,,19,59,5,165,56,56,35,64,806,1942,2.9,-6.8,0,0,65,2,33,99,77,49,0.0,0.0,,0.391,0.077,11.8,23.0,0.023,0.453,0.667,0.445,0.49,0.514,0.447,0.3,56.0,56.0,1942.0,0.137,0.303,0.217,0.13,0.047,0.718,0.317,0.282,99.0,-75.7,-21.6,,56.0,56.0,96.0,71.0,85.0,93.0,98.0,105.0,155.0,98.0,1942.0,99.0,0.514,0.282,0.3,0.496,0.453,0.81,0.385,0.557,,,,,,,,,,,,,,,,,,,,,,,,,,,,,,,,,,,,,,,,,,,,,,,,,,,,,,,,,,,,,,,,,,,,,,,,,,,,,,,,,,,,,,,,,,,,,,,,,,,,,,,,,,,,,,,,,,,,,,,,,,,,,,,,,,,,,,,,,,,,,,,,,,,,,,,,,,,,,,,,,,,,,,,,,,,,,,,,,,,,,,,,,,,,,,,,,,,,,,,,,,,,,
porteke02,Kevin Porter Jr.,https://www.basketball-reference.com/players/p/porteke02.html,2021-22,2022,21.0,HOU,PG,PG,25.0,PG,61.0,61.0,1907.0,180.0,395.0,0.456,155.0,413.0,0.375,376.0,,22.0,224.0,0.511,335.0,808.0,0.415,124.0,193.0,0.642,43.0,156.0,949.0,86.0,69.0,192.0,267.0,1.0,3.0,6.5,0.456,2.5,6.8,0.375,6.2,,0.4,3.7,0.511,5.5,13.2,0.415,2.0,3.2,0.642,61.0,61.0,31.3,0.7,2.6,15.6,83.0,1.1,3.1,4.4,3.4,7.5,0.456,2.9,7.8,0.375,7.1,,0.4,4.2,0.511,6.3,15.3,0.415,2.3,3.6,0.642,61.0,61.0,1907.0,0.8,2.9,17.9,105.0,1.3,3.6,5.0,4.5,9.9,0.456,3.9,10.3,0.375,9.4,,0.5,5.6,117.0,0.511,8.4,20.2,0.415,3.1,4.8,0.642,61.0,61.0,1907.0,1.1,103.0,3.9,23.7,105.0,1.7,4.8,6.7,0.511,30.7,,1.0,-1.6,-1.6,13.0,0.8,0.239,61.0,61.0,1907.0,-0.1,2.5,0.0,13.5,105.0,1.7,17.7,7.7,0.531,24.1,0.2,0.8,0.021,,10,63,19,83,61,61,19,40,922,1907,4.0,-7.0,0,0,94,0,6,105,118,56,0.0,0.0,,0.477,0.107,16.5,34.0,0.052,0.415,0.646,0.362,0.351,0.456,0.291,0.375,61.0,61.0,1907.0,0.267,0.516,0.203,0.058,0.071,0.489,0.157,0.511,105.0,-34.2,-61.8,,61.0,61.0,86.0,128.0,106.0,96.0,90.0,83.0,96.0,94.0,1907.0,105.0,0.456,0.511,0.375,0.511,0.415,0.642,0.239,0.531,,,,,,,,,,,,,,,,,,,,,,,,,,,,,,,,,,,,,,,,,,,,,,,,,,,,,,,,,,,,,,,,,,,,,,,,,,,,,,,,,,,,,,,,,,,,,,,,,,,,,,,,,,,,,,,,,,,,,,,,,,,,,,,,,,,,,,,,,,,,,,,,,,,,,,,,,,,,,,,,,,,,,,,,,,,,,,,,,,,,,,,,,,,,,,,,,,,,,,,,,,,,,
moranja01,Ja Morant,https://www.basketball-reference.com/players/m/moranja01.html,2021-22,2022,22.0,MEM,PG,PG,26.0,PG,57.0,57.0,1889.0,492.0,921.0,0.534,88.0,256.0,0.344,384.0,"MVP-7,MIP-1,AS,NBA2",22.0,248.0,0.53,580.0,1177.0,0.493,316.0,415.0,0.761,77.0,86.0,1564.0,16.0,66.0,196.0,325.0,1.0,8.6,16.2,0.534,1.5,4.5,0.344,6.7,"MVP-7,MIP-1,AS,NBA2",0.4,4.4,0.53,10.2,20.6,0.493,5.5,7.3,0.761,57.0,57.0,33.1,1.4,1.5,27.4,9.0,1.2,3.4,5.7,9.4,17.6,0.534,1.7,4.9,0.344,7.3,"MVP-7,MIP-1,AS,NBA2",0.4,4.7,0.53,11.1,22.4,0.493,6.0,7.9,0.761,57.0,57.0,1889.0,1.5,1.6,29.8,107.0,1.3,3.7,6.2,12.5,23.3,0.534,2.2,6.5,0.344,9.7,"MVP-7,MIP-1,AS,NBA2",0.6,6.3,111.0,0.53,14.7,29.8,0.493,8.0,10.5,0.761,57.0,57.0,1889.0,2.0,116.0,2.2,39.6,107.0,1.7,5.0,8.2,0.218,34.1,"MVP-7,MIP-1,AS,NBA2",1.0,6.1,-0.1,14.1,2.1,0.353,57.0,57.0,1889.0,6.2,4.2,4.6,24.4,107.0,1.7,12.6,9.0,0.575,33.7,3.9,6.7,0.171,"MVP-7,MIP-1,AS,NBA2",3,37,7,176,57,57,38,94,906,1889,-1.7,4.9,0,0,100,0,0,107,116,52,3.0,0.0,"MVP-7,MIP-1,AS,NBA2",0.381,0.082,10.1,58.0,0.057,0.493,0.709,0.38,0.25,0.534,0.434,0.344,57.0,57.0,1889.0,0.248,0.477,0.33,0.134,0.024,0.782,0.29,0.218,107.0,-3.6,24.9,"MVP-7,MIP-1,AS,NBA2",57.0,57.0,100.0,54.0,97.0,100.0,107.0,98.0,142.0,102.0,1889.0,107.0,0.534,0.218,0.344,0.53,0.493,0.761,0.353,0.575,,9.0,9.0,90.0,68.0,96.0,91.0,95.0,96.0,191.0,97.0,338.0,41.0,0.478,0.272,0.34,0.486,0.44,0.747,0.473,0.549,0.272,44.2,,1.2,8.4,2.4,19.5,0.5,0.473,9.0,9.0,338.0,6.0,3.8,0.8,24.3,41.0,2.5,12.6,11.2,0.549,30.8,0.9,1.3,0.191,,1.0,7.0,4.0,33.0,9.0,9.0,7.0,15.0,213.0,338.0,6.1,4.7,0.0,0.0,100.0,0.0,0.0,41.0,19.0,9.0,8.9,18.6,0.478,2.4,7.0,0.34,12.2,,0.6,8.2,106.0,0.486,11.3,25.6,0.44,9.0,12.1,0.747,9.0,9.0,338.0,1.8,115.0,3.1,33.9,41.0,2.5,4.5,10.0,6.8,14.3,0.478,1.8,5.3,0.34,9.4,,0.4,6.3,0.486,8.6,19.6,0.44,6.9,9.3,0.747,9.0,9.0,338.0,1.4,2.3,26.0,41.0,1.9,3.4,7.7,7.1,14.9,0.478,1.9,5.6,0.34,9.8,,0.4,6.6,0.486,9.0,20.4,0.44,7.2,9.7,0.747,9.0,9.0,37.6,1.4,2.4,27.1,6.0,2.0,3.6,8.0,1.0,1.0,,0.0,0.14,10.6,8.0,0.049,0.44,0.508,0.3,0.25,0.478,0.492,0.34,9.0,9.0,338.0,0.109,0.176,0.332,0.054,0.022,0.728,0.321,0.272,41.0,64.0,134.0,0.478,17.0,50.0,0.34,88.0,,4.0,59.0,0.486,81.0,184.0,0.44,65.0,87.0,0.747,9.0,9.0,338.0,13.0,22.0,244.0,16.0,18.0,32.0,72.0,1.0
schrode01,Dennis Schröder,https://www.basketball-reference.com/players/s/schrode01.html,2021-22,2022,28.0,2TM,PG,PG,27.0,PG,64.0,29.0,1837.0,226.0,474.0,0.477,86.0,250.0,0.344,296.0,,8.0,180.0,0.49,312.0,724.0,0.431,157.0,184.0,0.853,34.0,154.0,867.0,109.0,53.0,143.0,214.0,0.0,3.5,7.4,0.477,1.3,3.9,0.344,4.6,,0.1,2.8,0.49,4.9,11.3,0.431,2.5,2.9,0.853,64.0,29.0,28.7,0.5,2.4,13.5,108.0,0.8,2.2,3.3,4.4,9.3,0.477,1.7,4.9,0.344,5.8,,0.2,3.5,0.49,6.1,14.2,0.431,3.1,3.6,0.853,64.0,29.0,1837.0,0.7,3.0,17.0,119.0,1.0,2.8,4.2,6.1,12.7,0.477,2.3,6.7,0.344,7.9,,0.2,4.8,112.0,0.49,8.4,19.4,0.431,4.2,4.9,0.853,64.0,29.0,1837.0,0.9,107.0,4.1,23.2,119.0,1.4,3.8,5.7,0.345,24.2,,0.4,-1.9,-0.4,10.5,1.9,0.254,64.0,29.0,1837.0,-1.5,2.0,1.0,13.0,119.0,1.4,15.1,6.3,0.539,22.6,0.0,2.9,0.076,,17,44,25,73,64,29,19,49,720,1837,-8.1,-1.4,0,0,100,0,0,119,84,35,1.0,0.0,,0.346,0.104,14.8,0.0,0.0,0.431,0.636,0.382,0.432,0.477,0.45,0.344,64.0,29.0,1837.0,0.265,0.698,0.167,0.123,0.131,0.655,0.221,0.345,119.0,-59.9,-44.2,,64.0,29.0,90.0,86.0,97.0,92.0,93.0,110.0,102.0,95.0,1837.0,119.0,0.477,0.345,0.344,0.49,0.431,0.853,0.254,0.539,,,,,,,,,,,,,,,,,,,,,,,,,,,,,,,,,,,,,,,,,,,,,,,,,,,,,,,,,,,,,,,,,,,,,,,,,,,,,,,,,,,,,,,,,,,,,,,,,,,,,,,,,,,,,,,,,,,,,,,,,,,,,,,,,,,,,,,,,,,,,,,,,,,,,,,,,,,,,,,,,,,,,,,,,,,,,,,,,,,,,,,,,,,,,,,,,,,,,,,,,,,,,
quickim01,Immanuel Quickley,https://www.basketball-reference.com/players/q/quickim01.html,2021-22,2022,22.0,NYK,PG,PG,28.0,PG,78.0,3.0,1802.0,147.0,328.0,0.448,137.0,396.0,0.346,275.0,6MOY-10,3.0,216.0,0.487,284.0,724.0,0.392,177.0,201.0,0.881,31.0,167.0,882.0,103.0,54.0,99.0,247.0,2.0,1.9,4.2,0.448,1.8,5.1,0.346,3.5,6MOY-10,0.0,2.8,0.487,3.6,9.3,0.392,2.3,2.6,0.881,78.0,3.0,23.1,0.4,2.1,11.3,149.0,0.7,1.3,3.2,2.9,6.6,0.448,2.7,7.9,0.346,5.5,6MOY-10,0.1,4.3,0.487,5.7,14.5,0.392,3.5,4.0,0.881,78.0,3.0,1802.0,0.6,3.3,17.6,127.0,1.1,2.0,4.9,4.1,9.1,0.448,3.8,11.0,0.346,7.6,6MOY-10,0.1,6.0,112.0,0.487,7.9,20.1,0.392,4.9,5.6,0.881,78.0,3.0,1802.0,0.9,114.0,4.6,24.5,127.0,1.5,2.7,6.9,0.547,24.5,6MOY-10,0.2,0.2,0.0,13.1,1.8,0.278,78.0,3.0,1802.0,0.2,1.8,2.5,14.6,127.0,1.5,10.9,7.4,0.543,22.2,1.0,4.2,0.113,6MOY-10,11,62,7,83,78,3,21,33,656,1802,13.8,7.9,0,0,82,0,18,127,57,20,0.0,0.0,6MOY-10,0.39,0.104,18.4,2.0,0.004,0.392,0.631,0.404,0.354,0.448,0.421,0.346,78.0,3.0,1802.0,0.299,0.526,0.09,0.13,0.066,0.453,0.167,0.547,127.0,-64.9,-37.7,6MOY-10,78.0,3.0,84.0,137.0,98.0,92.0,85.0,114.0,112.0,96.0,1802.0,127.0,0.448,0.547,0.346,0.487,0.392,0.881,0.278,0.543,,,,,,,,,,,,,,,,,,,,,,,,,,,,,,,,,,,,,,,,,,,,,,,,,,,,,,,,,,,,,,,,,,,,,,,,,,,,,,,,,,,,,,,,,,,,,,,,,,,,,,,,,,,,,,,,,,,,,,,,,,,,,,,,,,,,,,,,,,,,,,,,,,,,,,,,,,,,,,,,,,,,,,,,,,,,,,,,,,,,,,,,,,,,,,,,,,,,,,,,,,,,,
simonan01,Anfernee Simons,https://www.basketball-reference.com/players/s/simonan01.html,2021-22,2022,22.0,POR,SG,PG,29.0,PG,57.0,30.0,1681.0,174.0,355.0,0.49,179.0,442.0,0.405,221.0,,6.0,125.0,0.555,353.0,797.0,0.443,103.0,116.0,0.888,26.0,110.0,988.0,79.0,30.0,115.0,151.0,0.0,3.1,6.2,0.49,3.1,7.8,0.405,3.9,,0.1,2.2,0.555,6.2,14.0,0.443,1.8,2.0,0.888,57.0,30.0,29.5,0.5,1.9,17.3,61.0,0.5,2.0,2.6,3.7,7.6,0.49,3.8,9.5,0.405,4.7,,0.1,2.7,0.555,7.6,17.1,0.443,2.2,2.5,0.888,57.0,30.0,1681.0,0.6,2.4,21.2,149.0,0.6,2.5,3.2,5.1,10.3,0.49,5.2,12.8,0.405,6.4,,0.2,3.6,121.0,0.555,10.3,23.2,0.443,3.0,3.4,0.888,57.0,30.0,1681.0,0.8,112.0,3.2,28.7,149.0,0.9,3.3,4.4,0.555,22.2,,0.4,-0.7,-2.7,8.5,-0.1,0.146,57.0,30.0,1681.0,1.9,1.6,2.0,15.3,149.0,0.9,11.9,4.9,0.583,24.8,0.5,1.9,0.055,,10,52,5,39,57,30,8,37,539,1681,11.4,-2.3,0,0,68,0,32,149,53,38,2.0,0.0,,0.4,0.09,18.7,8.0,0.011,0.443,0.562,0.488,0.422,0.49,0.489,0.405,57.0,30.0,1681.0,0.195,0.631,0.112,0.108,0.104,0.445,0.118,0.555,149.0,37.5,28.0,,57.0,30.0,92.0,139.0,115.0,104.0,96.0,115.0,59.0,103.0,1681.0,149.0,0.49,0.555,0.405,0.555,0.443,0.888,0.146,0.583,,,,,,,,,,,,,,,,,,,,,,,,,,,,,,,,,,,,,,,,,,,,,,,,,,,,,,,,,,,,,,,,,,,,,,,,,,,,,,,,,,,,,,,,,,,,,,,,,,,,,,,,,,,,,,,,,,,,,,,,,,,,,,,,,,,,,,,,,,,,,,,,,,,,,,,,,,,,,,,,,,,,,,,,,,,,,,,,,,,,,,,,,,,,,,,,,,,,,,,,,,,,,
whiteco01,Coby White,https://www.basketball-reference.com/players/w/whiteco01.html,2021-22,2022,21.0,CHI,PG,PG,30.0,PG,61.0,17.0,1675.0,143.0,291.0,0.491,136.0,353.0,0.385,176.0,,11.0,165.0,0.539,279.0,644.0,0.433,78.0,91.0,0.857,17.0,137.0,772.0,129.0,29.0,70.0,182.0,0.0,2.3,4.8,0.491,2.2,5.8,0.385,2.9,,0.2,2.7,0.539,4.6,10.6,0.433,1.3,1.5,0.857,61.0,17.0,27.5,0.3,2.2,12.7,123.0,0.5,1.1,3.0,3.1,6.3,0.491,2.9,7.6,0.385,3.8,,0.2,3.5,0.539,6.0,13.8,0.433,1.7,2.0,0.857,61.0,17.0,1675.0,0.4,2.9,16.6,150.0,0.6,1.5,3.9,4.2,8.5,0.491,4.0,10.3,0.385,5.1,,0.3,4.8,117.0,0.539,8.1,18.8,0.433,2.3,2.7,0.857,61.0,17.0,1675.0,0.5,111.0,4.0,22.5,150.0,0.8,2.0,5.3,0.548,15.0,,0.6,-2.1,-1.7,11.0,0.8,0.141,61.0,17.0,1675.0,-0.4,1.1,1.6,12.6,150.0,0.8,9.3,6.1,0.564,19.8,0.0,2.4,0.067,,11,71,10,40,61,17,6,27,401,1675,-1.2,-1.0,0,0,99,0,1,150,35,18,2.0,0.0,,0.471,0.198,17.4,5.0,0.008,0.433,0.661,0.381,0.404,0.491,0.357,0.385,61.0,17.0,1675.0,0.42,0.897,0.183,0.065,0.073,0.452,0.13,0.548,150.0,9.2,-2.3,,61.0,17.0,92.0,137.0,109.0,101.0,94.0,111.0,57.0,100.0,1675.0,150.0,0.491,0.548,0.385,0.539,0.433,0.857,0.141,0.564,,5.0,0.0,82.0,161.0,78.0,79.0,72.0,103.0,45.0,79.0,98.0,131.0,0.438,0.644,0.276,0.422,0.333,0.8,0.111,0.445,0.644,15.2,,0.0,-4.5,-1.3,18.9,0.1,0.111,5.0,0.0,98.0,-3.2,0.0,-0.2,6.5,131.0,0.5,11.3,8.7,0.445,23.8,-0.1,-0.2,-0.078,,0.0,2.0,1.0,3.0,5.0,0.0,1.0,2.0,24.0,98.0,-15.9,-23.1,0.0,0.0,100.0,0.0,0.0,131.0,2.0,3.0,3.4,7.8,0.438,3.9,14.2,0.276,4.4,,0.0,8.3,112.0,0.422,7.3,22.0,0.333,2.0,2.4,0.8,5.0,0.0,98.0,0.0,83.0,2.4,20.5,131.0,0.5,2.9,8.3,2.6,5.9,0.438,2.9,10.7,0.276,3.3,,0.0,6.2,0.422,5.5,16.5,0.333,1.5,1.8,0.8,5.0,0.0,98.0,0.0,1.8,15.4,131.0,0.4,2.2,6.2,1.4,3.2,0.438,1.6,5.8,0.276,1.8,,0.0,3.4,0.422,3.0,9.0,0.333,0.8,1.0,0.8,5.0,0.0,19.6,0.0,1.0,8.4,91.0,0.2,1.2,3.4,1.0,0.0,,0.5,0.069,21.3,0.0,0.0,0.333,1.0,0.0,0.333,0.438,0.25,0.276,5.0,0.0,98.0,0.571,1.0,0.089,0.044,0.133,0.356,0.089,0.644,131.0,7.0,16.0,0.438,8.0,29.0,0.276,9.0,,0.0,17.0,0.422,15.0,45.0,0.333,4.0,5.0,0.8,5.0,0.0,98.0,0.0,5.0,42.0,118.0,1.0,6.0,17.0,0.0
hayeski01,Killian Hayes,https://www.basketball-reference.com/players/h/hayeski01.html,2021-22,2022,20.0,DET,PG,PG,31.0,PG,66.0,40.0,1647.0,132.0,292.0,0.452,44.0,167.0,0.263,277.0,,35.0,174.0,0.431,176.0,459.0,0.383,57.0,74.0,0.77,36.0,183.0,453.0,243.0,78.0,111.0,210.0,0.0,2.0,4.4,0.452,0.7,2.5,0.263,4.2,,0.5,2.6,0.431,2.7,7.0,0.383,0.9,1.1,0.77,66.0,40.0,25.0,0.5,2.8,6.9,303.0,1.2,1.7,3.2,2.9,6.4,0.452,1.0,3.7,0.263,6.1,,0.8,3.8,0.431,3.8,10.0,0.383,1.2,1.6,0.77,66.0,40.0,1647.0,0.8,4.0,9.9,158.0,1.7,2.4,4.6,3.9,8.7,0.452,1.3,4.9,0.263,8.2,,1.0,5.2,113.0,0.431,5.2,13.6,0.383,1.7,2.2,0.77,66.0,40.0,1647.0,1.1,97.0,5.4,13.4,158.0,2.3,3.3,6.2,0.364,24.6,,1.9,-3.5,0.8,12.0,1.5,0.161,66.0,40.0,1647.0,-4.3,2.2,-1.0,9.3,158.0,2.3,18.4,6.9,0.461,15.7,-0.6,0.5,0.014,,6,91,11,29,66,40,4,30,665,1647,-4.2,-10.4,0,0,66,2,32,158,62,21,0.0,0.0,,0.333,0.359,14.3,13.0,0.031,0.383,0.747,0.387,0.308,0.452,0.345,0.263,66.0,40.0,1647.0,0.341,0.909,0.163,0.135,0.085,0.636,0.253,0.364,158.0,-92.1,-103.4,,66.0,40.0,85.0,91.0,75.0,81.0,83.0,99.0,65.0,81.0,1647.0,158.0,0.452,0.364,0.263,0.431,0.383,0.77,0.161,0.461,,,,,,,,,,,,,,,,,,,,,,,,,,,,,,,,,,,,,,,,,,,,,,,,,,,,,,,,,,,,,,,,,,,,,,,,,,,,,,,,,,,,,,,,,,,,,,,,,,,,,,,,,,,,,,,,,,,,,,,,,,,,,,,,,,,,,,,,,,,,,,,,,,,,,,,,,,,,,,,,,,,,,,,,,,,,,,,,,,,,,,,,,,,,,,,,,,,,,,,,,,,,,
josepco01,Cory Joseph,https://www.basketball-reference.com/players/j/josepco01.html,2021-22,2022,30.0,DET,PG,PG,32.0,PG,65.0,39.0,1600.0,113.0,243.0,0.465,65.0,157.0,0.414,237.0,,17.0,145.0,0.526,178.0,400.0,0.445,100.0,113.0,0.885,29.0,147.0,521.0,219.0,42.0,85.0,174.0,0.0,1.7,3.7,0.465,1.0,2.4,0.414,3.6,,0.3,2.2,0.526,2.7,6.2,0.445,1.5,1.7,0.885,65.0,39.0,24.6,0.4,2.3,8.0,255.0,0.6,1.3,2.7,2.5,5.5,0.465,1.5,3.5,0.414,5.3,,0.4,3.3,0.526,4.0,9.0,0.445,2.3,2.5,0.885,65.0,39.0,1600.0,0.7,3.3,11.7,161.0,0.9,1.9,3.9,3.4,7.4,0.465,2.0,4.8,0.414,7.2,,0.5,4.4,116.0,0.526,5.4,12.2,0.445,3.0,3.4,0.885,65.0,39.0,1600.0,0.9,115.0,4.5,15.9,161.0,1.3,2.6,5.3,0.393,21.8,,1.0,-2.1,-0.1,10.3,0.8,0.283,65.0,39.0,1600.0,-2.0,1.9,1.7,11.4,161.0,1.3,15.9,5.9,0.579,14.3,0.0,2.5,0.075,,12,62,25,41,65,39,14,20,588,1600,2.6,-6.5,0,0,95,0,6,161,43,24,2.0,0.0,,0.487,0.248,14.7,0.0,0.003,0.445,0.614,0.346,0.311,0.465,0.429,0.414,65.0,39.0,1600.0,0.416,0.862,0.22,0.065,0.113,0.608,0.21,0.393,161.0,-4.4,11.9,,65.0,39.0,87.0,98.0,117.0,99.0,97.0,114.0,114.0,102.0,1600.0,161.0,0.465,0.393,0.414,0.526,0.445,0.885,0.283,0.579,,,,,,,,,,,,,,,,,,,,,,,,,,,,,,,,,,,,,,,,,,,,,,,,,,,,,,,,,,,,,,,,,,,,,,,,,,,,,,,,,,,,,,,,,,,,,,,,,,,,,,,,,,,,,,,,,,,,,,,,,,,,,,,,,,,,,,,,,,,,,,,,,,,,,,,,,,,,,,,,,,,,,,,,,,,,,,,,,,,,,,,,,,,,,,,,,,,,,,,,,,,,,
vincega01,Gabe Vincent,https://www.basketball-reference.com/players/v/vincega01.html,2021-22,2022,25.0,MIA,PG,PG,33.0,PG,68.0,27.0,1589.0,95.0,190.0,0.5,119.0,323.0,0.368,210.0,,12.0,104.0,0.533,214.0,513.0,0.417,44.0,54.0,0.815,22.0,158.0,591.0,190.0,62.0,98.0,126.0,0.0,1.4,2.8,0.5,1.8,4.8,0.368,3.1,,0.2,1.5,0.533,3.1,7.5,0.417,0.6,0.8,0.815,68.0,27.0,23.4,0.3,2.3,8.7,228.0,0.9,1.4,1.9,2.2,4.3,0.5,2.7,7.3,0.368,4.8,,0.3,2.4,0.533,4.8,11.6,0.417,1.0,1.2,0.815,68.0,27.0,1589.0,0.5,3.6,13.4,164.0,1.4,2.2,2.9,3.0,6.0,0.5,3.7,10.2,0.368,6.6,,0.4,3.3,111.0,0.533,6.7,16.2,0.417,1.4,1.7,0.815,68.0,27.0,1589.0,0.7,107.0,5.0,18.6,164.0,2.0,3.1,4.0,0.63,19.4,,0.8,-1.4,0.5,7.3,1.9,0.105,68.0,27.0,1589.0,-1.9,1.6,0.7,10.6,164.0,2.0,15.4,4.5,0.551,17.8,0.2,2.5,0.076,,11,73,27,20,68,27,3,19,519,1589,-2.9,2.9,0,0,69,0,31,164,68,16,5.0,0.0,,0.42,0.251,19.5,1.0,0.002,0.417,0.563,0.524,0.378,0.5,0.475,0.368,68.0,27.0,1589.0,0.4,0.798,0.138,0.082,0.072,0.37,0.078,0.63,164.0,1.5,-16.6,,68.0,27.0,94.0,158.0,104.0,100.0,90.0,105.0,42.0,97.0,1589.0,164.0,0.5,0.63,0.368,0.533,0.417,0.815,0.105,0.551,,18.0,8.0,94.0,155.0,87.0,90.0,83.0,123.0,62.0,91.0,423.0,31.0,0.5,0.618,0.309,0.477,0.382,0.95,0.153,0.515,0.618,20.0,,1.3,-0.3,1.4,9.2,0.5,0.153,18.0,8.0,423.0,-1.7,0.8,0.0,10.0,31.0,1.7,15.2,4.9,0.515,17.4,0.2,0.6,0.065,,3.0,15.0,5.0,10.0,18.0,8.0,6.0,8.0,134.0,423.0,10.6,9.5,0.0,0.0,90.0,0.0,10.0,31.0,16.0,5.0,3.0,6.0,0.5,3.0,9.8,0.309,6.9,,0.6,3.9,109.0,0.477,6.0,15.8,0.382,2.3,2.4,0.95,18.0,8.0,423.0,0.4,103.0,4.9,17.3,31.0,1.7,3.0,4.2,2.1,4.3,0.5,2.1,6.9,0.309,4.9,,0.4,2.7,0.477,4.3,11.1,0.382,1.6,1.7,0.95,18.0,8.0,423.0,0.3,3.5,12.3,31.0,1.2,2.1,3.0,1.4,2.8,0.5,1.4,4.5,0.309,3.2,,0.3,1.8,0.477,2.8,7.3,0.382,1.1,1.1,0.95,18.0,8.0,23.5,0.2,2.3,8.0,96.0,0.8,1.4,1.9,1.0,0.0,,0.19,0.259,20.1,0.0,0.0,0.382,0.769,0.167,0.5,0.5,0.364,0.309,18.0,8.0,423.0,0.28,0.76,0.099,0.046,0.153,0.382,0.084,0.618,31.0,25.0,50.0,0.5,25.0,81.0,0.309,57.0,,5.0,32.0,0.477,50.0,131.0,0.382,19.0,20.0,0.95,18.0,8.0,423.0,3.0,41.0,144.0,42.0,14.0,25.0,35.0,0.0
jonesty01,Tyus Jones,https://www.basketball-reference.com/players/j/jonesty01.html,2021-22,2022,25.0,MEM,PG,PG,34.0,PG,73.0,23.0,1549.0,169.0,347.0,0.487,80.0,205.0,0.39,324.0,6MOY-11,2.0,159.0,0.524,249.0,552.0,0.451,54.0,66.0,0.818,17.0,32.0,632.0,176.0,66.0,46.0,176.0,0.0,2.3,4.8,0.487,1.1,2.8,0.39,4.4,6MOY-11,0.0,2.2,0.524,3.4,7.6,0.451,0.7,0.9,0.818,73.0,23.0,21.2,0.2,0.4,8.7,226.0,0.9,0.6,2.4,3.9,8.1,0.487,1.9,4.8,0.39,7.5,6MOY-11,0.0,3.7,0.524,5.8,12.8,0.451,1.3,1.5,0.818,73.0,23.0,1549.0,0.4,0.7,14.7,172.0,1.5,1.1,4.1,5.2,10.7,0.487,2.5,6.3,0.39,10.0,6MOY-11,0.1,4.9,112.0,0.524,7.7,17.0,0.451,1.7,2.0,0.818,73.0,23.0,1549.0,0.5,125.0,1.0,19.5,172.0,2.0,1.4,5.4,0.371,28.2,6MOY-11,0.1,1.7,0.5,11.0,1.6,0.12,73.0,23.0,1549.0,1.2,1.1,3.4,16.5,172.0,2.0,7.3,5.9,0.544,16.6,1.4,5.1,0.158,6MOY-11,2,13,4,19,73,23,5,18,792,1549,3.5,8.0,0,0,88,0,13,172,27,12,0.0,0.0,6MOY-11,0.39,0.2,15.0,0.0,0.0,0.451,0.593,0.459,0.36,0.487,0.496,0.39,73.0,23.0,1549.0,0.367,0.813,0.098,0.241,0.045,0.629,0.241,0.371,172.0,-9.0,-25.7,6MOY-11,73.0,23.0,91.0,93.0,110.0,98.0,98.0,106.0,48.0,96.0,1549.0,172.0,0.487,0.371,0.39,0.524,0.451,0.818,0.12,0.544,,12.0,3.0,73.0,114.0,113.0,91.0,85.0,120.0,61.0,92.0,262.0,53.0,0.389,0.455,0.4,0.485,0.394,0.933,0.152,0.521,0.455,30.3,,0.7,3.0,1.9,14.9,0.4,0.152,12.0,3.0,262.0,1.1,1.5,0.4,16.2,53.0,2.5,11.0,7.8,0.521,18.5,0.3,0.7,0.134,,1.0,2.0,3.0,6.0,12.0,3.0,2.0,3.0,128.0,262.0,-1.3,1.5,0.0,0.0,71.0,0.0,29.0,53.0,10.0,2.0,3.8,9.7,0.389,3.2,8.1,0.4,9.7,,0.4,6.3,108.0,0.485,7.0,17.8,0.394,2.5,2.7,0.933,12.0,3.0,262.0,0.7,114.0,1.4,19.7,53.0,2.5,2.3,7.0,2.9,7.4,0.389,2.5,6.2,0.4,7.4,,0.3,4.8,0.485,5.4,13.6,0.394,1.9,2.1,0.933,12.0,3.0,262.0,0.5,1.1,15.1,53.0,1.9,1.8,5.4,1.8,4.5,0.389,1.5,3.8,0.4,4.5,,0.2,2.9,0.485,3.3,8.3,0.394,1.2,1.3,0.933,12.0,3.0,21.8,0.3,0.7,9.2,84.0,1.2,1.1,3.3,0.0,0.0,,0.364,0.244,16.3,0.0,0.0,0.394,0.667,0.316,0.333,0.389,0.348,0.4,12.0,3.0,262.0,0.429,0.778,0.091,0.192,0.03,0.545,0.232,0.455,53.0,21.0,54.0,0.389,18.0,45.0,0.4,54.0,,2.0,35.0,0.485,39.0,99.0,0.394,14.0,15.0,0.933,12.0,3.0,262.0,4.0,8.0,110.0,55.0,14.0,13.0,39.0,0.0
beverpa01,Patrick Beverley,https://www.basketball-reference.com/players/b/beverpa01.html,2021-22,2022,33.0,MIN,PG,PG,35.0,PG,58.0,54.0,1476.0,94.0,194.0,0.485,83.0,242.0,0.343,268.0,,52.0,178.0,0.501,177.0,436.0,0.406,96.0,133.0,0.722,62.0,174.0,533.0,214.0,67.0,73.0,240.0,0.0,1.6,3.3,0.485,1.4,4.2,0.343,4.6,,0.9,3.1,0.501,3.1,7.5,0.406,1.7,2.3,0.722,58.0,54.0,25.4,1.1,3.0,9.2,204.0,1.2,1.3,4.1,2.3,4.7,0.485,2.0,5.9,0.343,6.5,,1.3,4.3,0.501,4.3,10.6,0.406,2.3,3.2,0.722,58.0,54.0,1476.0,1.5,4.2,13.0,182.0,1.6,1.8,5.9,3.0,6.3,0.485,2.7,7.8,0.343,8.6,,1.7,5.7,111.0,0.501,5.7,14.1,0.406,3.1,4.3,0.722,58.0,54.0,1476.0,2.0,119.0,5.6,17.2,182.0,2.2,2.4,7.7,0.555,24.5,,3.4,2.7,2.1,13.2,1.7,0.305,58.0,54.0,1476.0,0.6,4.4,2.3,14.8,182.0,2.2,12.9,8.7,0.539,16.1,1.7,4.1,0.132,,6,66,31,44,58,54,9,23,648,1476,2.1,3.7,0,0,96,0,4,182,50,9,1.0,0.0,,0.473,0.227,16.3,0.0,0.0,0.406,0.568,0.545,0.125,0.485,0.433,0.343,58.0,54.0,1476.0,0.255,0.759,0.17,0.05,0.018,0.445,0.206,0.555,182.0,-26.6,-26.8,,58.0,54.0,91.0,139.0,97.0,94.0,88.0,93.0,123.0,95.0,1476.0,182.0,0.485,0.555,0.343,0.501,0.406,0.722,0.305,0.539,,6.0,6.0,98.0,133.0,98.0,98.0,93.0,88.0,181.0,99.0,194.0,73.0,0.522,0.531,0.346,0.52,0.429,0.682,0.449,0.562,0.531,23.0,,3.1,1.0,1.5,8.2,0.2,0.449,6.0,6.0,194.0,-0.5,2.4,0.2,11.5,73.0,1.7,17.0,5.4,0.562,15.6,0.1,0.3,0.076,,1.0,10.0,2.0,9.0,6.0,6.0,2.0,2.0,74.0,194.0,-0.6,-4.9,0.0,0.0,84.0,0.0,16.0,73.0,4.0,5.0,2.9,5.5,0.522,2.2,6.3,0.346,7.0,,1.7,3.6,113.0,0.52,5.1,11.8,0.429,3.6,5.3,0.682,6.0,6.0,194.0,1.0,110.0,6.8,15.9,73.0,1.7,2.9,4.6,2.2,4.3,0.522,1.7,4.8,0.346,5.4,,1.3,2.8,0.52,3.9,9.1,0.429,2.8,4.1,0.682,6.0,6.0,194.0,0.7,5.2,12.2,73.0,1.3,2.2,3.5,2.0,3.8,0.522,1.5,4.3,0.346,4.8,,1.2,2.5,0.52,3.5,8.2,0.429,2.5,3.7,0.682,6.0,6.0,32.3,0.7,4.7,11.0,63.0,1.2,2.0,3.2,0.0,0.0,,0.429,0.538,15.0,2.0,0.041,0.429,0.833,,0.0,0.522,0.2,0.346,6.0,6.0,194.0,0.5,0.889,0.245,0.0,0.02,0.469,0.204,0.531,73.0,12.0,23.0,0.522,9.0,26.0,0.346,29.0,,7.0,15.0,0.52,21.0,49.0,0.429,15.0,22.0,0.682,6.0,6.0,194.0,4.0,28.0,66.0,88.0,7.0,12.0,19.0,0.0
netora01,Raul Neto,https://www.basketball-reference.com/players/n/netora01.html,2021-22,2022,29.0,WAS,PG,PG,36.0,PG,70.0,19.0,1372.0,169.0,321.0,0.526,35.0,120.0,0.292,217.0,,3.0,121.0,0.502,204.0,441.0,0.463,83.0,108.0,0.769,13.0,104.0,526.0,217.0,55.0,79.0,134.0,0.0,2.4,4.6,0.526,0.5,1.7,0.292,3.1,,0.0,1.7,0.502,2.9,6.3,0.463,1.2,1.5,0.769,70.0,19.0,19.6,0.2,1.5,7.5,276.0,0.8,1.1,1.9,4.4,8.4,0.526,0.9,3.1,0.292,5.7,,0.1,3.2,0.502,5.4,11.6,0.463,2.2,2.8,0.769,70.0,19.0,1372.0,0.3,2.7,13.8,201.0,1.4,2.1,3.5,6.1,11.6,0.526,1.3,4.3,0.292,7.8,,0.1,4.4,116.0,0.502,7.4,15.9,0.463,3.0,3.9,0.769,70.0,19.0,1372.0,0.5,108.0,3.7,19.0,201.0,2.0,2.8,4.8,0.272,22.9,,0.2,-2.9,-0.5,9.6,0.8,0.245,70.0,19.0,1372.0,-2.5,1.1,0.7,12.4,201.0,2.0,13.9,5.4,0.538,18.4,-0.4,1.5,0.053,,5,44,22,45,70,19,14,24,519,1372,1.2,-2.5,0,0,90,0,10,201,53,15,2.0,0.0,,0.294,0.142,12.0,0.0,0.0,0.463,0.667,0.471,0.545,0.526,0.449,0.292,70.0,19.0,1372.0,0.331,0.686,0.231,0.159,0.025,0.728,0.313,0.272,201.0,-26.0,-27.0,,70.0,19.0,99.0,68.0,82.0,94.0,100.0,99.0,99.0,95.0,1372.0,201.0,0.526,0.272,0.292,0.502,0.463,0.769,0.245,0.538,,,,,,,,,,,,,,,,,,,,,,,,,,,,,,,,,,,,,,,,,,,,,,,,,,,,,,,,,,,,,,,,,,,,,,,,,,,,,,,,,,,,,,,,,,,,,,,,,,,,,,,,,,,,,,,,,,,,,,,,,,,,,,,,,,,,,,,,,,,,,,,,,,,,,,,,,,,,,,,,,,,,,,,,,,,,,,,,,,,,,,,,,,,,,,,,,,,,,,,,,,,,,
manntr01,Tre Mann,https://www.basketball-reference.com/players/m/manntr01.html,2021-22,2022,20.0,OKC,PG,PG,37.0,PG,60.0,26.0,1367.0,133.0,316.0,0.421,98.0,272.0,0.36,91.0,,12.0,146.0,0.476,231.0,588.0,0.393,65.0,82.0,0.793,25.0,102.0,625.0,179.0,47.0,71.0,171.0,0.0,2.2,5.3,0.421,1.6,4.5,0.36,1.5,,0.2,2.4,0.476,3.9,9.8,0.393,1.1,1.4,0.793,60.0,26.0,22.8,0.4,1.7,10.4,173.0,0.8,1.2,2.9,3.5,8.3,0.421,2.6,7.2,0.36,2.4,,0.3,3.8,0.476,6.1,15.5,0.393,1.7,2.2,0.793,60.0,26.0,1367.0,0.7,2.7,16.5,203.0,1.2,1.9,4.5,4.7,11.3,0.421,3.5,9.7,0.36,3.2,,0.4,5.2,114.0,0.476,8.2,21.0,0.393,2.3,2.9,0.793,60.0,26.0,1367.0,0.9,97.0,3.6,22.3,203.0,1.7,2.5,6.1,0.463,10.7,,0.8,-4.4,-1.1,11.2,1.0,0.139,60.0,26.0,1367.0,-3.3,1.9,-1.0,10.2,203.0,1.7,10.2,6.4,0.501,22.0,-0.8,0.1,0.002,,2,62,4,39,60,26,9,33,216,1367,-4.0,-10.9,0,0,100,0,0,203,30,28,4.0,0.0,,0.436,0.143,16.6,6.0,0.014,0.393,0.533,0.407,0.37,0.421,0.394,0.36,60.0,26.0,1367.0,0.286,0.663,0.102,0.092,0.078,0.537,0.264,0.463,203.0,-65.3,-81.5,,60.0,26.0,79.0,116.0,102.0,90.0,85.0,102.0,56.0,88.0,1367.0,203.0,0.421,0.463,0.36,0.476,0.393,0.793,0.139,0.501,,,,,,,,,,,,,,,,,,,,,,,,,,,,,,,,,,,,,,,,,,,,,,,,,,,,,,,,,,,,,,,,,,,,,,,,,,,,,,,,,,,,,,,,,,,,,,,,,,,,,,,,,,,,,,,,,,,,,,,,,,,,,,,,,,,,,,,,,,,,,,,,,,,,,,,,,,,,,,,,,,,,,,,,,,,,,,,,,,,,,,,,,,,,,,,,,,,,,,,,,,,,,
bledser01,Eric Bledsoe,https://www.basketball-reference.com/players/b/bledser01.html,2021-22,2022,32.0,LAC,PG,PG,38.0,PG,54.0,29.0,1361.0,146.0,305.0,0.479,51.0,163.0,0.313,225.0,,19.0,154.0,0.475,197.0,468.0,0.421,89.0,117.0,0.761,28.0,85.0,534.0,211.0,69.0,116.0,182.0,0.0,2.7,5.6,0.479,0.9,3.0,0.313,4.2,,0.4,2.9,0.475,3.6,8.7,0.421,1.6,2.2,0.761,54.0,29.0,25.2,0.5,1.6,9.9,189.0,1.3,2.1,3.4,3.9,8.1,0.479,1.3,4.3,0.313,6.0,,0.5,4.1,0.475,5.2,12.4,0.421,2.4,3.1,0.761,54.0,29.0,1361.0,0.7,2.2,14.1,204.0,1.8,3.1,4.8,5.3,11.0,0.479,1.8,5.9,0.313,8.1,,0.7,5.5,110.0,0.475,7.1,16.8,0.421,3.2,4.2,0.761,54.0,29.0,1361.0,1.0,100.0,3.1,19.2,204.0,2.5,4.2,6.6,0.348,24.1,,1.2,-0.8,1.3,11.6,1.8,0.25,54.0,29.0,1361.0,-2.1,2.2,-0.5,12.5,204.0,2.5,18.3,7.1,0.514,20.5,0.4,1.3,0.047,,10,24,23,60,54,29,23,19,550,1361,-2.3,-1.4,0,0,100,0,0,204,63,33,2.0,0.0,,0.35,0.123,14.0,1.0,0.002,0.421,0.623,0.44,0.286,0.479,0.449,0.313,54.0,29.0,1361.0,0.295,0.902,0.226,0.107,0.12,0.652,0.19,0.348,204.0,-52.7,-54.0,,54.0,29.0,90.0,87.0,88.0,89.0,91.0,98.0,101.0,91.0,1361.0,204.0,0.479,0.348,0.313,0.475,0.421,0.761,0.25,0.514,,,,,,,,,,,,,,,,,,,,,,,,,,,,,,,,,,,,,,,,,,,,,,,,,,,,,,,,,,,,,,,,,,,,,,,,,,,,,,,,,,,,,,,,,,,,,,,,,,,,,,,,,,,,,,,,,,,,,,,,,,,,,,,,,,,,,,,,,,,,,,,,,,,,,,,,,,,,,,,,,,,,,,,,,,,,,,,,,,,,,,,,,,,,,,,,,,,,,,,,,,,,,
hylanbo01,Bones Hyland,https://www.basketball-reference.com/players/h/hylanbo01.html,2021-22,2022,21.0,DEN,SG,PG,39.0,PG,69.0,4.0,1310.0,99.0,213.0,0.465,131.0,358.0,0.366,191.0,,20.0,174.0,0.518,230.0,571.0,0.403,107.0,125.0,0.856,14.0,153.0,698.0,146.0,41.0,86.0,188.0,0.0,1.4,3.1,0.465,1.9,5.2,0.366,2.8,,0.3,2.5,0.518,3.3,8.3,0.403,1.6,1.8,0.856,69.0,4.0,19.0,0.2,2.2,10.1,182.0,0.6,1.2,2.7,2.7,5.9,0.465,3.6,9.8,0.366,5.2,,0.5,4.8,0.518,6.3,15.7,0.403,2.9,3.4,0.856,69.0,4.0,1310.0,0.4,4.2,19.2,209.0,1.1,2.4,5.2,3.7,8.0,0.465,4.9,13.4,0.366,7.2,,0.7,6.5,112.0,0.518,8.6,21.4,0.403,4.0,4.7,0.856,69.0,4.0,1310.0,0.5,109.0,5.7,26.1,209.0,1.5,3.2,7.0,0.627,21.2,,1.4,-0.4,-0.7,14.4,1.3,0.219,69.0,4.0,1310.0,0.3,1.2,1.1,14.4,209.0,1.5,12.1,8.0,0.558,23.8,0.5,2.4,0.088,,6,68,2,43,69,4,7,38,463,1310,-1.3,1.5,0,0,51,4,46,209,40,26,2.0,0.0,,0.306,0.173,19.4,3.0,0.009,0.403,0.7,0.341,0.536,0.465,0.284,0.366,69.0,4.0,1310.0,0.364,0.687,0.123,0.072,0.049,0.373,0.13,0.627,209.0,-16.2,-10.6,,69.0,4.0,87.0,157.0,103.0,97.0,87.0,111.0,88.0,99.0,1310.0,209.0,0.465,0.627,0.366,0.518,0.403,0.856,0.219,0.558,,5.0,0.0,72.0,160.0,98.0,89.0,78.0,111.0,157.0,96.0,87.0,134.0,0.385,0.639,0.348,0.472,0.361,0.857,0.389,0.546,0.639,27.4,,0.0,-1.1,-2.1,13.2,-0.1,0.389,5.0,0.0,87.0,0.9,1.4,0.2,13.6,134.0,0.6,12.5,7.1,0.546,24.1,0.0,0.1,0.058,,1.0,4.0,2.0,4.0,5.0,0.0,0.0,3.0,39.0,87.0,8.7,-4.3,0.0,0.0,86.0,0.0,15.0,134.0,4.0,1.0,2.8,7.4,0.385,4.6,13.1,0.348,9.1,,0.0,5.1,125.0,0.472,7.4,20.5,0.361,6.8,8.0,0.857,5.0,0.0,87.0,0.6,115.0,6.8,26.2,134.0,0.6,3.4,5.7,2.1,5.4,0.385,3.3,9.5,0.348,6.6,,0.0,3.7,0.472,5.4,14.9,0.361,5.0,5.8,0.857,5.0,0.0,87.0,0.4,5.0,19.0,134.0,0.4,2.5,4.1,1.0,2.6,0.385,1.6,4.6,0.348,3.2,,0.0,1.8,0.472,2.6,7.2,0.361,2.4,2.8,0.857,5.0,0.0,17.4,0.2,2.4,9.2,83.0,0.2,1.2,2.0,0.0,0.0,,0.4,0.217,20.2,0.0,0.0,0.361,0.5,0.0,0.0,0.385,0.5,0.348,5.0,0.0,87.0,0.0,0.625,0.056,0.028,0.056,0.361,0.222,0.639,134.0,5.0,13.0,0.385,8.0,23.0,0.348,16.0,,0.0,9.0,0.472,13.0,36.0,0.361,12.0,14.0,0.857,5.0,0.0,87.0,1.0,12.0,46.0,113.0,1.0,6.0,10.0,0.0
payneca01,Cameron Payne,https://www.basketball-reference.com/players/p/payneca01.html,2021-22,2022,27.0,PHO,PG,PG,40.0,PG,58.0,12.0,1278.0,169.0,376.0,0.449,71.0,211.0,0.336,282.0,,17.0,151.0,0.469,240.0,587.0,0.409,75.0,89.0,0.843,24.0,119.0,626.0,178.0,40.0,103.0,175.0,0.0,2.9,6.5,0.449,1.2,3.6,0.336,4.9,,0.3,2.6,0.469,4.1,10.1,0.409,1.3,1.5,0.843,58.0,12.0,22.0,0.4,2.1,10.8,161.0,0.7,1.8,3.0,4.8,10.6,0.449,2.0,5.9,0.336,7.9,,0.5,4.3,0.469,6.8,16.5,0.409,2.1,2.5,0.843,58.0,12.0,1278.0,0.7,3.4,17.6,215.0,1.1,2.9,4.9,6.4,14.2,0.449,2.7,7.9,0.336,10.6,,0.6,5.7,109.0,0.469,9.0,22.1,0.409,2.8,3.4,0.843,58.0,12.0,1278.0,0.9,104.0,4.5,23.6,215.0,1.5,3.9,6.6,0.359,30.7,,1.2,0.0,0.4,12.3,1.8,0.152,58.0,12.0,1278.0,-0.4,2.1,0.2,13.8,215.0,1.5,14.1,7.3,0.5,24.6,0.7,1.9,0.073,,9,52,25,40,58,12,11,33,682,1278,-2.4,6.1,0,0,81,0,19,215,61,28,1.0,0.0,,0.222,0.085,13.8,1.0,0.002,0.409,0.536,0.53,0.333,0.449,0.381,0.336,58.0,12.0,1278.0,0.183,0.634,0.187,0.112,0.041,0.641,0.3,0.359,215.0,-73.2,-82.8,,58.0,12.0,84.0,90.0,95.0,88.0,89.0,109.0,61.0,88.0,1278.0,215.0,0.449,0.359,0.336,0.469,0.409,0.843,0.152,0.5,,13.0,0.0,73.0,102.0,47.0,62.0,64.0,108.0,33.0,62.0,172.0,83.0,0.386,0.405,0.167,0.331,0.297,0.833,0.081,0.352,0.405,21.5,,0.6,-9.0,-1.8,12.1,0.1,0.081,13.0,0.0,172.0,-7.2,1.4,-0.6,3.4,83.0,2.1,14.5,6.9,0.352,24.0,-0.3,-0.5,-0.134,,2.0,6.0,3.0,3.0,13.0,0.0,0.0,2.0,60.0,172.0,-8.3,-7.2,0.0,0.0,74.0,0.0,26.0,83.0,7.0,2.0,5.1,13.2,0.386,1.5,9.0,0.167,8.1,,0.3,5.4,117.0,0.331,6.6,22.2,0.297,1.5,1.8,0.833,13.0,0.0,172.0,0.6,80.0,7.5,16.2,83.0,2.1,3.9,6.0,3.6,9.2,0.386,1.0,6.3,0.167,5.7,,0.2,3.8,0.331,4.6,15.5,0.297,1.0,1.3,0.833,13.0,0.0,172.0,0.4,5.2,11.3,83.0,1.5,2.7,4.2,1.3,3.4,0.386,0.4,2.3,0.167,2.1,,0.1,1.4,0.331,1.7,5.7,0.297,0.4,0.5,0.833,13.0,0.0,13.2,0.2,1.9,4.2,131.0,0.5,1.0,1.5,0.0,0.0,,,0.0,14.4,1.0,0.014,0.297,0.375,0.5,1.0,0.386,0.25,0.167,13.0,0.0,172.0,0.294,0.2,0.216,0.135,0.027,0.595,0.216,0.405,83.0,17.0,44.0,0.386,5.0,30.0,0.167,27.0,,1.0,18.0,0.331,22.0,74.0,0.297,5.0,6.0,0.833,13.0,0.0,172.0,2.0,25.0,54.0,103.0,7.0,13.0,20.0,0.0
hillge01,George Hill,https://www.basketball-reference.com/players/h/hillge01.html,2021-22,2022,35.0,MIL,PG,PG,41.0,PG,54.0,17.0,1253.0,77.0,141.0,0.546,41.0,134.0,0.306,120.0,,6.0,117.0,0.504,118.0,275.0,0.429,57.0,62.0,0.919,38.0,70.0,334.0,293.0,42.0,41.0,155.0,0.0,1.4,2.6,0.546,0.8,2.5,0.306,2.2,,0.1,2.2,0.504,2.2,5.1,0.429,1.1,1.1,0.919,54.0,17.0,23.2,0.7,1.3,6.2,330.0,0.8,0.8,2.9,2.2,4.1,0.546,1.2,3.8,0.306,3.4,,0.2,3.4,0.504,3.4,7.9,0.429,1.6,1.8,0.919,54.0,17.0,1253.0,1.1,2.0,9.6,218.0,1.2,1.2,4.5,3.0,5.4,0.546,1.6,5.1,0.306,4.6,,0.2,4.5,114.0,0.504,4.5,10.5,0.429,2.2,2.4,0.919,54.0,17.0,1253.0,1.5,117.0,2.7,12.8,218.0,1.6,1.6,5.9,0.487,12.4,,0.5,-1.6,0.6,9.7,1.0,0.225,54.0,17.0,1253.0,-2.2,3.3,1.3,10.2,218.0,1.6,11.9,6.6,0.552,11.7,0.1,2.3,0.087,,3,35,10,12,54,17,2,15,297,1253,11.9,11.4,0,0,95,0,4,218,25,5,1.0,0.0,,0.388,0.366,15.1,3.0,0.015,0.429,0.736,0.313,0.462,0.546,0.306,0.306,54.0,17.0,1253.0,0.429,0.902,0.262,0.058,0.047,0.513,0.131,0.487,218.0,-15.4,-8.2,,54.0,17.0,103.0,122.0,87.0,95.0,93.0,119.0,91.0,98.0,1253.0,218.0,0.546,0.487,0.306,0.504,0.429,0.919,0.225,0.552,,5.0,0.0,0.0,100.0,141.0,56.0,43.0,129.0,161.0,75.0,76.0,141.0,0.0,0.4,0.5,0.3,0.2,1.0,0.4,0.425,0.4,5.0,,0.0,-8.0,-0.7,6.5,0.1,0.4,5.0,0.0,76.0,-7.3,1.4,0.0,0.5,141.0,0.0,14.5,4.0,0.425,3.9,-0.1,0.1,0.056,,1.0,6.0,5.0,0.0,5.0,0.0,0.0,2.0,6.0,76.0,-19.3,-15.4,0.0,0.0,100.0,0.0,0.0,141.0,0.0,0.0,0.0,1.9,0.0,0.6,1.3,0.5,1.9,,0.0,3.2,110.0,0.3,0.6,3.2,0.2,1.3,1.3,1.0,5.0,0.0,76.0,0.6,101.0,6.4,3.2,141.0,0.0,0.6,3.8,0.0,1.4,0.0,0.5,0.9,0.5,1.4,,0.0,2.4,0.3,0.5,2.4,0.2,0.9,0.9,1.0,5.0,0.0,76.0,0.5,4.7,2.4,141.0,0.0,0.5,2.8,0.0,0.6,0.0,0.2,0.4,0.5,0.6,,0.0,1.0,0.3,0.2,1.0,0.2,0.4,0.4,1.0,5.0,0.0,15.2,0.2,2.0,1.0,188.0,0.0,0.2,1.2,0.0,0.0,,1.0,0.5,11.5,0.0,0.0,0.2,0.0,,,0.0,0.0,0.5,5.0,0.0,76.0,,1.0,0.2,0.0,0.0,0.6,0.4,0.4,141.0,0.0,3.0,0.0,1.0,2.0,0.5,3.0,,0.0,5.0,0.3,1.0,5.0,0.2,2.0,2.0,1.0,5.0,0.0,76.0,1.0,10.0,5.0,186.0,0.0,1.0,6.0,0.0
balllo01,Lonzo Ball,https://www.basketball-reference.com/players/b/balllo01.html,2021-22,2022,24.0,CHI,PG,PG,42.0,PG,35.0,35.0,1212.0,52.0,123.0,0.423,110.0,260.0,0.423,178.0,,31.0,155.0,0.567,162.0,383.0,0.423,21.0,28.0,0.75,35.0,85.0,455.0,240.0,64.0,82.0,190.0,1.0,1.5,3.5,0.423,3.1,7.4,0.423,5.1,,0.9,4.4,0.567,4.6,10.9,0.423,0.6,0.8,0.75,35.0,35.0,34.6,1.0,2.4,13.0,119.0,1.8,2.3,5.4,1.5,3.7,0.423,3.3,7.7,0.423,5.3,,0.9,4.6,0.567,4.8,11.4,0.423,0.6,0.8,0.75,35.0,35.0,1212.0,1.0,2.5,13.5,229.0,1.9,2.4,5.6,2.1,5.0,0.423,4.4,10.5,0.423,7.2,,1.2,6.2,111.0,0.567,6.5,15.4,0.423,0.8,1.1,0.75,35.0,35.0,1212.0,1.4,110.0,3.4,18.3,229.0,2.6,3.3,7.7,0.679,20.0,,2.2,2.5,1.6,14.3,1.4,0.073,35.0,35.0,1212.0,0.9,3.3,0.8,14.5,229.0,2.6,17.2,8.8,0.575,17.4,1.4,2.2,0.088,,7,41,4,13,35,35,5,18,408,1212,4.5,2.8,0,0,82,0,18,229,57,15,2.0,0.0,,0.475,0.235,19.9,6.0,0.018,0.423,0.61,0.273,0.167,0.423,0.333,0.423,35.0,35.0,1212.0,0.404,0.845,0.154,0.057,0.063,0.321,0.047,0.679,229.0,26.7,7.5,,35.0,35.0,79.0,170.0,120.0,107.0,92.0,97.0,29.0,102.0,1212.0,229.0,0.423,0.679,0.423,0.567,0.423,0.75,0.073,0.575,,,,,,,,,,,,,,,,,,,,,,,,,,,,,,,,,,,,,,,,,,,,,,,,,,,,,,,,,,,,,,,,,,,,,,,,,,,,,,,,,,,,,,,,,,,,,,,,,,,,,,,,,,,,,,,,,,,,,,,,,,,,,,,,,,,,,,,,,,,,,,,,,,,,,,,,,,,,,,,,,,,,,,,,,,,,,,,,,,,,,,,,,,,,,,,,,,,,,,,,,,,,,
brogdma01,Malcolm Brogdon,https://www.basketball-reference.com/players/b/brogdma01.html,2021-22,2022,29.0,IND,PG,PG,43.0,PG,36.0,36.0,1206.0,185.0,357.0,0.518,58.0,186.0,0.312,212.0,,14.0,152.0,0.501,243.0,543.0,0.448,143.0,167.0,0.856,33.0,71.0,687.0,151.0,30.0,77.0,185.0,1.0,5.1,9.9,0.518,1.6,5.2,0.312,5.9,,0.4,4.2,0.501,6.8,15.1,0.448,4.0,4.6,0.856,36.0,36.0,33.5,0.9,2.0,19.1,44.0,0.8,2.1,5.1,5.5,10.7,0.518,1.7,5.6,0.312,6.3,,0.4,4.5,0.501,7.3,16.2,0.448,4.3,5.0,0.856,36.0,36.0,1206.0,1.0,2.1,20.5,231.0,0.9,2.3,5.5,7.5,14.5,0.518,2.4,7.6,0.312,8.6,,0.6,6.2,118.0,0.501,9.9,22.1,0.448,5.8,6.8,0.856,36.0,36.0,1206.0,1.3,116.0,2.9,27.9,231.0,1.2,3.1,7.5,0.343,26.9,,1.0,2.3,-0.5,14.3,0.4,0.308,36.0,36.0,1206.0,2.8,3.0,2.2,18.0,231.0,1.2,11.1,8.6,0.557,24.6,1.3,2.7,0.106,,8,28,7,56,36,36,10,36,514,1206,3.8,-1.4,0,0,60,3,38,231,47,15,1.0,0.0,,0.323,0.167,13.0,4.0,0.009,0.448,0.628,0.411,0.415,0.518,0.451,0.312,36.0,36.0,1206.0,0.238,0.569,0.273,0.103,0.076,0.657,0.188,0.343,231.0,-33.4,-10.9,,36.0,36.0,97.0,86.0,88.0,94.0,97.0,111.0,124.0,98.0,1206.0,231.0,0.518,0.343,0.312,0.501,0.448,0.856,0.308,0.557,,,,,,,,,,,,,,,,,,,,,,,,,,,,,,,,,,,,,,,,,,,,,,,,,,,,,,,,,,,,,,,,,,,,,,,,,,,,,,,,,,,,,,,,,,,,,,,,,,,,,,,,,,,,,,,,,,,,,,,,,,,,,,,,,,,,,,,,,,,,,,,,,,,,,,,,,,,,,,,,,,,,,,,,,,,,,,,,,,,,,,,,,,,,,,,,,,,,,,,,,,,,,
campafa01,Facundo Campazzo,https://www.basketball-reference.com/players/c/campafa01.html,2021-22,2022,30.0,DEN,PG,PG,44.0,PG,65.0,4.0,1184.0,49.0,103.0,0.476,58.0,193.0,0.301,220.0,,23.0,94.0,0.459,107.0,296.0,0.361,60.0,78.0,0.769,23.0,124.0,332.0,296.0,63.0,67.0,117.0,0.0,0.8,1.6,0.476,0.9,3.0,0.301,3.4,,0.4,1.4,0.459,1.6,4.6,0.361,0.9,1.2,0.769,65.0,4.0,18.2,0.4,1.9,5.1,382.0,1.0,1.0,1.8,1.5,3.1,0.476,1.8,5.9,0.301,6.7,,0.7,2.9,0.459,3.3,9.0,0.361,1.8,2.4,0.769,65.0,4.0,1184.0,0.7,3.8,10.1,235.0,1.9,2.0,3.6,2.0,4.3,0.476,2.4,8.0,0.301,9.1,,1.0,3.9,111.0,0.459,4.4,12.3,0.361,2.5,3.2,0.769,65.0,4.0,1184.0,1.0,109.0,5.1,13.8,235.0,2.6,2.8,4.8,0.652,24.1,,1.8,-0.8,1.3,8.6,1.3,0.264,65.0,4.0,1184.0,-2.1,2.2,0.6,11.1,235.0,2.6,16.9,5.5,0.503,14.7,0.4,2.0,0.081,,6,41,27,21,65,4,4,9,543,1184,-15.2,-8.4,0,0,100,0,0,235,51,8,9.0,0.0,,0.289,0.197,19.4,0.0,0.003,0.361,0.614,0.25,0.6,0.476,0.381,0.301,65.0,4.0,1184.0,0.388,0.741,0.149,0.041,0.017,0.348,0.142,0.652,235.0,-42.8,-41.9,,65.0,4.0,89.0,163.0,85.0,86.0,78.0,99.0,106.0,89.0,1184.0,235.0,0.476,0.652,0.301,0.459,0.361,0.769,0.264,0.503,,4.0,0.0,,250.0,0.0,0.0,0.0,,0.0,0.0,13.0,190.0,,1.0,0.0,0.0,0.0,,0.0,0.0,1.0,18.7,,0.0,-19.4,-3.6,29.5,0.0,0.0,4.0,0.0,13.0,-15.7,0.0,-0.1,-10.5,190.0,0.0,50.0,14.3,0.0,13.4,-0.1,-0.1,-0.323,,0.0,0.0,0.0,0.0,4.0,0.0,0.0,0.0,5.0,13.0,-20.0,-28.7,0.0,0.0,100.0,0.0,0.0,190.0,2.0,0.0,0.0,0.0,,0.0,7.6,0.0,7.6,,0.0,11.4,124.0,0.0,0.0,7.6,0.0,0.0,0.0,,4.0,0.0,13.0,0.0,30.0,11.4,0.0,190.0,0.0,7.6,11.4,0.0,0.0,,0.0,5.5,0.0,5.5,,0.0,8.3,0.0,0.0,5.5,0.0,0.0,0.0,,4.0,0.0,13.0,0.0,8.3,0.0,190.0,0.0,5.5,8.3,0.0,0.0,,0.0,0.5,0.0,0.5,,0.0,0.8,0.0,0.0,0.5,0.0,0.0,0.0,,4.0,0.0,3.3,0.0,0.8,0.0,208.0,0.0,0.5,0.8,0.0,0.0,,,0.0,28.0,0.0,0.0,0.0,,,,,,0.0,4.0,0.0,13.0,,,0.0,0.0,0.0,0.0,0.0,1.0,190.0,0.0,0.0,,0.0,2.0,0.0,2.0,,0.0,3.0,0.0,0.0,2.0,0.0,0.0,0.0,,4.0,0.0,13.0,0.0,3.0,0.0,208.0,0.0,2.0,3.0,0.0
jonestr01,Tre Jones,https://www.basketball-reference.com/players/j/jonestr01.html,2021-22,2022,22.0,SAS,PG,PG,45.0,PG,69.0,11.0,1148.0,156.0,288.0,0.542,10.0,51.0,0.196,233.0,,7.0,126.0,0.504,166.0,339.0,0.49,71.0,91.0,0.78,29.0,78.0,413.0,256.0,42.0,46.0,155.0,0.0,2.3,4.2,0.542,0.1,0.7,0.196,3.4,,0.1,1.8,0.504,2.4,4.9,0.49,1.0,1.3,0.78,69.0,11.0,16.6,0.4,1.1,6.0,341.0,0.6,0.7,2.2,4.9,9.0,0.542,0.3,1.6,0.196,7.3,,0.2,4.0,0.504,5.2,10.6,0.49,2.2,2.9,0.78,69.0,11.0,1148.0,0.9,2.4,13.0,244.0,1.3,1.4,4.9,6.5,12.0,0.542,0.4,2.1,0.196,9.7,,0.3,5.3,114.0,0.504,6.9,14.2,0.49,3.0,3.8,0.78,69.0,11.0,1148.0,1.2,120.0,3.3,17.3,244.0,1.8,1.9,6.5,0.15,27.0,,0.5,-0.5,0.4,11.6,0.9,0.268,69.0,11.0,1148.0,-0.9,2.6,1.9,15.0,244.0,1.8,10.8,7.1,0.545,15.6,0.4,2.9,0.121,,5,30,27,40,69,11,12,28,572,1148,-0.9,-0.5,0,0,100,0,0,244,29,10,3.0,0.0,,0.217,0.451,9.7,1.0,0.006,0.49,0.615,0.485,0.583,0.542,0.5,0.196,69.0,11.0,1148.0,0.455,0.8,0.307,0.201,0.035,0.85,0.307,0.15,244.0,-18.5,-16.1,,69.0,11.0,102.0,38.0,55.0,95.0,106.0,101.0,108.0,96.0,1148.0,244.0,0.542,0.15,0.196,0.504,0.49,0.78,0.268,0.545,,,,,,,,,,,,,,,,,,,,,,,,,,,,,,,,,,,,,,,,,,,,,,,,,,,,,,,,,,,,,,,,,,,,,,,,,,,,,,,,,,,,,,,,,,,,,,,,,,,,,,,,,,,,,,,,,,,,,,,,,,,,,,,,,,,,,,,,,,,,,,,,,,,,,,,,,,,,,,,,,,,,,,,,,,,,,,,,,,,,,,,,,,,,,,,,,,,,,,,,,,,,,
smithis01,Ish Smith,https://www.basketball-reference.com/players/s/smithis01.html,2021-22,2022,33.0,2TM,PG,PG,46.0,PG,65.0,1.0,1126.0,160.0,363.0,0.441,25.0,67.0,0.373,244.0,,23.0,115.0,0.459,185.0,430.0,0.43,15.0,24.0,0.625,25.0,78.0,410.0,261.0,47.0,78.0,140.0,0.0,2.5,5.6,0.441,0.4,1.0,0.373,3.8,,0.4,1.8,0.459,2.8,6.6,0.43,0.2,0.4,0.625,65.0,1.0,17.3,0.4,1.2,6.3,322.0,0.7,1.2,2.2,5.1,11.6,0.441,0.8,2.1,0.373,7.8,,0.7,3.7,0.459,5.9,13.7,0.43,0.5,0.8,0.625,65.0,1.0,1126.0,0.8,2.5,13.1,247.0,1.5,2.5,4.5,6.9,15.7,0.441,1.1,2.9,0.373,10.6,,1.0,5.0,114.0,0.459,8.0,18.6,0.43,0.6,1.0,0.625,65.0,1.0,1126.0,1.1,101.0,3.4,17.8,247.0,2.0,3.4,6.1,0.156,31.5,,1.8,-2.9,-0.6,11.1,0.9,0.056,65.0,1.0,1126.0,-2.2,2.4,-0.3,12.5,247.0,2.0,15.0,6.8,0.465,20.1,-0.2,0.5,0.023,,2,51,9,10,65,1,4,21,581,1126,-5.8,-6.6,0,0,100,0,0,247,47,24,1.0,0.0,,0.533,0.224,13.1,1.0,0.002,0.43,0.5,0.364,0.487,0.441,0.392,0.373,65.0,1.0,1126.0,0.181,0.72,0.2,0.205,0.267,0.844,0.172,0.156,247.0,-62.2,-88.7,,65.0,1.0,83.0,39.0,106.0,86.0,93.0,81.0,22.0,82.0,1126.0,247.0,0.441,0.156,0.373,0.459,0.43,0.625,0.056,0.465,,,,,,,,,,,,,,,,,,,,,,,,,,,,,,,,,,,,,,,,,,,,,,,,,,,,,,,,,,,,,,,,,,,,,,,,,,,,,,,,,,,,,,,,,,,,,,,,,,,,,,,,,,,,,,,,,,,,,,,,,,,,,,,,,,,,,,,,,,,,,,,,,,,,,,,,,,,,,,,,,,,,,,,,,,,,,,,,,,,,,,,,,,,,,,,,,,,,,,,,,,,,,
irvinky01,Kyrie Irving,https://www.basketball-reference.com/players/i/irvinky01.html,2021-22,2022,29.0,BRK,PG,PG,47.0,PG,29.0,29.0,1091.0,189.0,377.0,0.501,100.0,239.0,0.418,167.0,,17.0,111.0,0.55,289.0,616.0,0.469,118.0,129.0,0.915,16.0,81.0,796.0,123.0,41.0,73.0,127.0,0.0,6.5,13.0,0.501,3.4,8.2,0.418,5.8,,0.6,3.8,0.55,10.0,21.2,0.469,4.1,4.4,0.915,29.0,29.0,37.6,0.6,2.8,27.4,8.0,1.4,2.5,4.4,6.2,12.4,0.501,3.3,7.9,0.418,5.5,,0.6,3.7,0.55,9.5,20.3,0.469,3.9,4.3,0.915,29.0,29.0,1091.0,0.5,2.7,26.3,251.0,1.4,2.4,4.2,8.4,16.8,0.501,4.4,10.6,0.418,7.4,,0.8,4.9,114.0,0.55,12.8,27.4,0.469,5.2,5.7,0.915,29.0,29.0,1091.0,0.7,117.0,3.6,35.4,251.0,1.8,3.2,5.6,0.388,25.2,,1.4,3.0,-1.2,10.8,0.9,0.209,29.0,29.0,1091.0,4.2,1.6,2.4,21.4,251.0,1.8,9.8,6.3,0.592,29.4,1.4,3.3,0.147,,3,36,6,53,29,29,19,25,395,1091,5.8,5.5,0,0,99,0,1,251,46,23,0.0,0.0,,0.429,0.146,16.5,1.0,0.002,0.469,0.702,0.432,0.405,0.501,0.543,0.418,29.0,29.0,1091.0,0.233,0.59,0.093,0.203,0.128,0.612,0.188,0.388,251.0,23.0,34.4,,29.0,29.0,94.0,97.0,118.0,104.0,102.0,118.0,84.0,105.0,1091.0,251.0,0.501,0.388,0.418,0.55,0.469,0.915,0.209,0.592,,4.0,4.0,89.0,83.0,108.0,96.0,96.0,129.0,134.0,104.0,170.0,88.0,0.476,0.333,0.381,0.508,0.444,1.0,0.333,0.588,0.333,18.9,,2.8,2.8,-0.7,11.6,0.0,0.333,4.0,4.0,170.0,3.4,4.6,0.4,19.2,88.0,2.1,11.1,8.1,0.588,21.9,0.2,0.4,0.115,,0.0,5.0,0.0,6.0,4.0,4.0,0.0,3.0,50.0,170.0,9.6,-3.4,0.0,0.0,100.0,0.0,0.0,88.0,5.0,3.0,6.0,12.6,0.476,2.4,6.3,0.381,6.3,,1.5,4.5,121.0,0.508,8.4,19.0,0.444,6.3,6.3,1.0,4.0,4.0,170.0,1.8,122.0,3.9,25.6,88.0,2.1,2.7,6.3,4.2,8.9,0.476,1.7,4.4,0.381,4.4,,1.1,3.2,0.508,5.9,13.3,0.444,4.4,4.4,1.0,4.0,4.0,170.0,1.3,2.8,18.0,88.0,1.5,1.9,4.4,5.0,10.5,0.476,2.0,5.3,0.381,5.3,,1.3,3.8,0.508,7.0,15.8,0.444,5.3,5.3,1.0,4.0,4.0,42.5,1.5,3.3,21.3,19.0,1.8,2.3,5.3,0.0,0.0,,0.0,0.048,16.5,0.0,0.0,0.444,0.889,0.571,0.214,0.476,0.417,0.381,4.0,4.0,170.0,0.3,0.25,0.143,0.111,0.222,0.667,0.19,0.333,88.0,20.0,42.0,0.476,8.0,21.0,0.381,21.0,,5.0,15.0,0.508,28.0,63.0,0.444,21.0,21.0,1.0,4.0,4.0,170.0,6.0,13.0,85.0,68.0,7.0,9.0,21.0,0.0
lillada01,Damian Lillard,https://www.basketball-reference.com/players/l/lillada01.html,2021-22,2022,31.0,POR,PG,PG,48.0,PG,29.0,29.0,1056.0,130.0,268.0,0.485,92.0,284.0,0.324,212.0,,11.0,107.0,0.486,222.0,552.0,0.402,159.0,181.0,0.878,13.0,37.0,695.0,148.0,17.0,83.0,120.0,0.0,4.5,9.2,0.485,3.2,9.8,0.324,7.3,,0.4,3.7,0.486,7.7,19.0,0.402,5.5,6.2,0.878,29.0,29.0,36.4,0.4,1.3,24.0,19.0,0.6,2.9,4.1,4.4,9.1,0.485,3.1,9.7,0.324,7.2,,0.4,3.6,0.486,7.6,18.8,0.402,5.4,6.2,0.878,29.0,29.0,1056.0,0.4,1.3,23.7,259.0,0.6,2.8,4.1,6.0,12.4,0.485,4.3,13.1,0.324,9.8,,0.5,5.0,120.0,0.486,10.3,25.5,0.402,7.4,8.4,0.878,29.0,29.0,1056.0,0.6,112.0,1.7,32.2,259.0,0.8,3.8,5.6,0.514,34.0,,1.0,1.3,-2.7,11.6,0.1,0.328,29.0,29.0,1056.0,4.0,1.3,1.7,18.5,259.0,0.8,11.6,6.2,0.55,29.3,0.9,1.7,0.079,,4,21,8,52,29,29,8,21,505,1056,10.1,-1.5,0,0,100,0,0,259,57,17,0.0,0.0,,0.4,0.053,17.2,2.0,0.005,0.402,0.575,0.447,0.481,0.485,0.316,0.324,29.0,29.0,1056.0,0.192,0.446,0.23,0.069,0.098,0.486,0.069,0.514,259.0,-51.0,-20.0,,29.0,29.0,91.0,129.0,92.0,91.0,87.0,113.0,132.0,97.0,1056.0,259.0,0.485,0.514,0.324,0.486,0.402,0.878,0.328,0.55,,,,,,,,,,,,,,,,,,,,,,,,,,,,,,,,,,,,,,,,,,,,,,,,,,,,,,,,,,,,,,,,,,,,,,,,,,,,,,,,,,,,,,,,,,,,,,,,,,,,,,,,,,,,,,,,,,,,,,,,,,,,,,,,,,,,,,,,,,,,,,,,,,,,,,,,,,,,,,,,,,,,,,,,,,,,,,,,,,,,,,,,,,,,,,,,,,,,,,,,,,,,,
holidaa01,Aaron Holiday,https://www.basketball-reference.com/players/h/holidaa01.html,2021-22,2022,25.0,2TM,PG,PG,49.0,PG,63.0,15.0,1021.0,112.0,235.0,0.477,39.0,103.0,0.379,153.0,,9.0,98.0,0.504,151.0,338.0,0.447,59.0,68.0,0.868,24.0,92.0,400.0,263.0,42.0,67.0,122.0,0.0,1.8,3.7,0.477,0.6,1.6,0.379,2.4,,0.1,1.6,0.504,2.4,5.4,0.447,0.9,1.1,0.868,63.0,15.0,16.2,0.4,1.5,6.3,323.0,0.7,1.1,1.9,3.9,8.3,0.477,1.4,3.6,0.379,5.4,,0.3,3.5,0.504,5.3,11.9,0.447,2.1,2.4,0.868,63.0,15.0,1021.0,0.8,3.2,14.1,266.0,1.5,2.4,4.3,5.4,11.3,0.477,1.9,4.9,0.379,7.3,,0.4,4.7,113.0,0.504,7.2,16.2,0.447,2.8,3.3,0.868,63.0,15.0,1021.0,1.2,108.0,4.4,19.2,266.0,2.0,3.2,5.9,0.305,20.7,,0.7,-1.7,0.3,10.3,0.9,0.201,63.0,15.0,1021.0,-1.9,2.6,0.5,12.6,266.0,2.0,15.4,6.5,0.544,18.7,0.1,1.5,0.068,,2,40,9,29,63,15,7,18,370,1021,-3.2,-2.1,0,0,99,0,1,266,42,14,0.0,0.0,,0.438,0.155,13.0,0.0,0.003,0.447,0.61,0.389,0.263,0.477,0.475,0.379,63.0,15.0,1021.0,0.348,0.692,0.175,0.16,0.056,0.695,0.293,0.305,266.0,-18.5,-16.5,,63.0,15.0,89.0,76.0,107.0,95.0,97.0,112.0,81.0,96.0,1021.0,266.0,0.477,0.305,0.379,0.504,0.447,0.868,0.201,0.544,,6.0,0.0,80.0,125.0,202.0,141.0,124.0,0.0,29.0,128.0,20.0,181.0,0.429,0.5,0.714,0.75,0.571,0.0,0.071,0.727,0.5,98.4,,4.9,49.5,14.2,0.0,0.0,0.071,6.0,0.0,20.0,35.3,18.4,0.3,63.8,181.0,7.7,0.0,8.9,0.727,33.2,0.3,0.3,0.819,,0.0,0.0,0.0,1.0,6.0,0.0,1.0,0.0,21.0,20.0,66.7,63.1,0.0,0.0,83.0,0.0,17.0,181.0,0.0,0.0,7.7,18.1,0.429,12.9,18.1,0.714,23.2,,2.6,0.0,105.0,0.75,20.6,36.1,0.571,0.0,2.6,0.0,6.0,0.0,20.0,7.7,169.0,2.6,54.2,181.0,7.7,0.0,7.7,5.4,12.6,0.429,9.0,12.6,0.714,16.2,,1.8,0.0,0.75,14.4,25.2,0.571,0.0,1.8,0.0,6.0,0.0,20.0,5.4,1.8,37.8,181.0,5.4,0.0,5.4,0.5,1.2,0.429,0.8,1.2,0.714,1.5,,0.2,0.0,0.75,1.3,2.3,0.571,0.0,0.2,0.0,6.0,0.0,3.3,0.5,0.2,3.5,145.0,0.5,0.0,0.5,0.0,0.0,,,0.0,16.4,0.0,0.0,0.571,,0.0,,0.429,0.5,0.714,6.0,0.0,20.0,0.333,0.8,0.0,0.071,0.0,0.5,0.429,0.5,181.0,3.0,7.0,0.429,5.0,7.0,0.714,9.0,,1.0,0.0,0.75,8.0,14.0,0.571,0.0,1.0,0.0,6.0,0.0,20.0,3.0,1.0,21.0,146.0,3.0,0.0,3.0,0.0
pritcpa01,Payton Pritchard,https://www.basketball-reference.com/players/p/pritcpa01.html,2021-22,2022,24.0,BOS,PG,PG,50.0,PG,71.0,2.0,1001.0,59.0,128.0,0.461,101.0,245.0,0.412,139.0,,6.0,102.0,0.564,160.0,373.0,0.429,21.0,21.0,1.0,32.0,61.0,442.0,249.0,25.0,41.0,134.0,0.0,0.8,1.8,0.461,1.4,3.5,0.412,2.0,,0.1,1.4,0.564,2.3,5.3,0.429,0.3,0.3,1.0,71.0,2.0,14.1,0.5,0.9,6.2,334.0,0.4,0.6,1.9,2.1,4.6,0.461,3.6,8.8,0.412,5.0,,0.2,3.7,0.564,5.8,13.4,0.429,0.8,0.8,1.0,71.0,2.0,1001.0,1.2,2.2,15.9,272.0,0.9,1.5,4.8,2.9,6.4,0.461,5.0,12.2,0.412,6.9,,0.3,5.1,110.0,0.564,7.9,18.5,0.429,1.0,1.0,1.0,71.0,2.0,1001.0,1.6,120.0,3.0,21.9,272.0,1.2,2.0,6.7,0.657,20.4,,0.5,1.8,0.1,10.8,1.2,0.056,71.0,2.0,1001.0,1.7,3.5,1.8,15.0,272.0,1.2,9.7,7.2,0.578,18.6,1.0,3.1,0.148,,2,20,3,6,71,2,2,13,353,1001,-5.6,3.5,0,0,94,0,6,272,22,9,0.0,0.0,,0.585,0.167,20.6,1.0,0.003,0.429,0.629,0.478,0.389,0.461,0.353,0.412,71.0,2.0,1001.0,0.356,0.802,0.094,0.062,0.097,0.343,0.091,0.657,272.0,24.4,9.3,,71.0,2.0,87.0,165.0,117.0,106.0,93.0,129.0,23.0,102.0,1001.0,272.0,0.461,0.657,0.412,0.564,0.429,1.0,0.056,0.578,,24.0,0.0,119.0,177.0,94.0,101.0,91.0,86.0,24.0,96.0,309.0,48.0,0.633,0.706,0.333,0.539,0.422,0.667,0.059,0.545,0.706,19.7,,0.6,1.5,0.8,12.7,0.4,0.059,24.0,0.0,309.0,0.7,3.8,0.4,12.8,48.0,1.0,7.9,8.4,0.545,16.6,0.3,0.8,0.12,,0.0,10.0,1.0,2.0,24.0,0.0,0.0,1.0,88.0,309.0,8.6,10.2,0.0,0.0,100.0,0.0,0.0,48.0,6.0,1.0,3.1,4.9,0.633,3.9,11.7,0.333,6.2,,0.3,5.9,110.0,0.539,7.0,16.6,0.422,0.7,1.0,0.667,24.0,0.0,309.0,1.6,116.0,3.7,18.6,48.0,1.0,1.5,7.5,2.2,3.5,0.633,2.8,8.4,0.333,4.4,,0.2,4.2,0.539,5.0,11.9,0.422,0.5,0.7,0.667,24.0,0.0,309.0,1.2,2.7,13.3,48.0,0.7,1.0,5.4,0.8,1.3,0.633,1.0,3.0,0.333,1.6,,0.1,1.5,0.539,1.8,4.3,0.422,0.2,0.3,0.667,24.0,0.0,12.9,0.4,1.0,4.8,124.0,0.3,0.4,1.9,0.0,0.0,,0.353,0.236,21.2,0.0,0.0,0.422,0.75,0.667,0.429,0.633,0.692,0.333,24.0,0.0,309.0,0.632,0.833,0.039,0.059,0.069,0.294,0.127,0.706,48.0,19.0,30.0,0.633,24.0,72.0,0.333,38.0,,2.0,36.0,0.539,43.0,102.0,0.422,4.0,6.0,0.667,24.0,0.0,309.0,10.0,23.0,114.0,54.0,6.0,9.0,46.0,0.0
washidu02,Duane Washington Jr.,https://www.basketball-reference.com/players/w/washidu02.html,2021-22,2022,21.0,IND,PG,PG,51.0,PG,48.0,7.0,968.0,92.0,212.0,0.434,81.0,215.0,0.377,85.0,,3.0,79.0,0.5,173.0,427.0,0.405,46.0,61.0,0.754,4.0,66.0,473.0,234.0,26.0,57.0,83.0,0.0,1.9,4.4,0.434,1.7,4.5,0.377,1.8,,0.1,1.6,0.5,3.6,8.9,0.405,1.0,1.3,0.754,48.0,7.0,20.2,0.1,1.4,9.9,192.0,0.5,1.2,1.7,3.4,7.9,0.434,3.0,8.0,0.377,3.2,,0.1,2.9,0.5,6.4,15.9,0.405,1.7,2.3,0.754,48.0,7.0,968.0,0.1,2.5,17.6,283.0,1.0,2.1,3.1,4.7,10.7,0.434,4.1,10.9,0.377,4.3,,0.2,4.0,119.0,0.5,8.8,21.6,0.405,2.3,3.1,0.754,48.0,7.0,968.0,0.2,101.0,3.3,23.9,283.0,1.3,2.9,4.2,0.504,13.0,,0.3,-4.7,-2.8,9.3,0.2,0.143,48.0,7.0,968.0,-1.9,0.5,-0.2,10.2,283.0,1.3,11.2,4.8,0.521,22.6,-0.7,0.0,-0.002,,0,40,11,29,48,7,7,29,191,968,-5.0,-7.8,0,0,66,0,34,283,38,18,2.0,0.0,,0.479,0.34,16.3,6.0,0.016,0.405,0.535,0.353,0.346,0.434,0.379,0.377,48.0,7.0,968.0,0.522,0.926,0.201,0.08,0.061,0.496,0.155,0.504,283.0,-27.1,-40.7,,48.0,7.0,81.0,126.0,107.0,94.0,88.0,97.0,58.0,92.0,968.0,283.0,0.434,0.504,0.377,0.5,0.405,0.754,0.143,0.521,,,,,,,,,,,,,,,,,,,,,,,,,,,,,,,,,,,,,,,,,,,,,,,,,,,,,,,,,,,,,,,,,,,,,,,,,,,,,,,,,,,,,,,,,,,,,,,,,,,,,,,,,,,,,,,,,,,,,,,,,,,,,,,,,,,,,,,,,,,,,,,,,,,,,,,,,,,,,,,,,,,,,,,,,,,,,,,,,,,,,,,,,,,,,,,,,,,,,,,,,,,,,
walkeke02,Kemba Walker,https://www.basketball-reference.com/players/w/walkeke02.html,2021-22,2022,31.0,NYK,PG,PG,52.0,PG,37.0,37.0,948.0,76.0,171.0,0.444,73.0,199.0,0.367,131.0,,7.0,97.0,0.501,149.0,370.0,0.403,60.0,71.0,0.845,14.0,37.0,431.0,252.0,26.0,48.0,111.0,1.0,2.1,4.6,0.444,2.0,5.4,0.367,3.5,,0.2,2.6,0.501,4.0,10.0,0.403,1.6,1.9,0.845,37.0,37.0,25.6,0.4,1.0,11.6,141.0,0.7,1.3,3.0,2.9,6.5,0.444,2.8,7.6,0.367,5.0,,0.3,3.7,0.501,5.7,14.1,0.403,2.3,2.7,0.845,37.0,37.0,948.0,0.5,1.4,16.4,289.0,1.0,1.8,4.2,4.0,9.0,0.444,3.9,10.5,0.367,6.9,,0.4,5.1,113.0,0.501,7.9,19.5,0.403,3.2,3.7,0.845,37.0,37.0,948.0,0.7,112.0,2.0,22.7,289.0,1.4,2.5,5.9,0.538,22.2,,0.7,0.4,-0.2,11.2,0.9,0.192,37.0,37.0,948.0,0.7,1.6,1.0,13.9,289.0,1.4,10.7,6.3,0.537,20.8,0.6,1.8,0.093,,0,21,25,30,37,37,6,16,327,948,-13.1,-9.6,0,0,100,0,0,289,30,14,0.0,0.0,,0.5,0.03,18.0,0.0,0.0,0.403,0.569,0.323,0.463,0.444,0.375,0.367,37.0,37.0,948.0,0.211,0.507,0.138,0.084,0.111,0.462,0.13,0.538,289.0,-22.5,-23.2,,37.0,37.0,83.0,135.0,104.0,94.0,87.0,109.0,77.0,95.0,948.0,289.0,0.444,0.538,0.367,0.501,0.403,0.845,0.192,0.537,,,,,,,,,,,,,,,,,,,,,,,,,,,,,,,,,,,,,,,,,,,,,,,,,,,,,,,,,,,,,,,,,,,,,,,,,,,,,,,,,,,,,,,,,,,,,,,,,,,,,,,,,,,,,,,,,,,,,,,,,,,,,,,,,,,,,,,,,,,,,,,,,,,,,,,,,,,,,,,,,,,,,,,,,,,,,,,,,,,,,,,,,,,,,,,,,,,,,,,,,,,,,
maledth01,Théo Maledon,https://www.basketball-reference.com/players/m/maledth01.html,2021-22,2022,20.0,OKC,PG,PG,53.0,PG,51.0,7.0,908.0,75.0,167.0,0.449,44.0,150.0,0.293,111.0,,11.0,111.0,0.445,119.0,317.0,0.375,79.0,100.0,0.79,20.0,67.0,361.0,278.0,31.0,65.0,131.0,0.0,1.5,3.3,0.449,0.9,2.9,0.293,2.2,,0.2,2.2,0.445,2.3,6.2,0.375,1.5,2.0,0.79,51.0,7.0,17.8,0.4,1.3,7.1,295.0,0.6,1.3,2.6,3.0,6.6,0.449,1.7,5.9,0.293,4.4,,0.4,4.4,0.445,4.7,12.6,0.375,3.1,4.0,0.79,51.0,7.0,908.0,0.8,2.7,14.3,295.0,1.2,2.6,5.2,4.0,9.0,0.449,2.4,8.0,0.293,6.0,,0.6,6.0,114.0,0.445,6.4,17.0,0.375,4.2,5.4,0.79,51.0,7.0,908.0,1.1,99.0,3.6,19.4,295.0,1.7,3.5,7.0,0.473,18.5,,1.1,-4.4,-0.7,12.8,0.8,0.315,51.0,7.0,908.0,-3.7,2.2,-0.5,10.6,295.0,1.7,15.3,7.4,0.5,20.3,-0.6,0.3,0.015,,1,27,7,48,51,7,12,24,279,908,-4.4,-11.7,0,0,74,0,26,295,37,14,0.0,0.0,,0.222,0.18,15.2,1.0,0.003,0.375,0.514,0.294,0.286,0.449,0.467,0.293,51.0,7.0,908.0,0.453,0.864,0.117,0.054,0.022,0.527,0.331,0.473,295.0,-55.1,-47.6,,51.0,7.0,84.0,119.0,83.0,84.0,81.0,102.0,127.0,88.0,908.0,295.0,0.449,0.473,0.293,0.445,0.375,0.79,0.315,0.5,,,,,,,,,,,,,,,,,,,,,,,,,,,,,,,,,,,,,,,,,,,,,,,,,,,,,,,,,,,,,,,,,,,,,,,,,,,,,,,,,,,,,,,,,,,,,,,,,,,,,,,,,,,,,,,,,,,,,,,,,,,,,,,,,,,,,,,,,,,,,,,,,,,,,,,,,,,,,,,,,,,,,,,,,,,,,,,,,,,,,,,,,,,,,,,,,,,,,,,,,,,,,
carteje01,Jevon Carter,https://www.basketball-reference.com/players/c/carteje01.html,2021-22,2022,26.0,2TM,PG,PG,54.0,PG,66.0,3.0,905.0,32.0,83.0,0.386,66.0,170.0,0.388,96.0,,14.0,96.0,0.518,98.0,253.0,0.387,15.0,18.0,0.833,14.0,67.0,277.0,323.0,24.0,34.0,110.0,0.0,0.5,1.3,0.386,1.0,2.6,0.388,1.5,,0.2,1.5,0.518,1.5,3.8,0.387,0.2,0.3,0.833,66.0,3.0,13.7,0.2,1.0,4.2,418.0,0.4,0.5,1.7,1.3,3.3,0.386,2.6,6.8,0.388,3.8,,0.6,3.8,0.518,3.9,10.1,0.387,0.6,0.7,0.833,66.0,3.0,905.0,0.6,2.7,11.0,297.0,1.0,1.4,4.4,1.7,4.4,0.386,3.5,9.1,0.388,5.1,,0.7,5.1,114.0,0.518,5.2,13.5,0.387,0.8,1.0,0.833,66.0,3.0,905.0,0.7,110.0,3.6,14.8,297.0,1.3,1.8,5.9,0.672,14.0,,1.4,-2.2,-0.4,11.2,0.7,0.071,66.0,3.0,905.0,-1.8,1.7,0.5,9.6,297.0,1.3,11.5,6.6,0.531,14.0,-0.1,1.2,0.062,,1,30,1,2,66,3,0,6,226,905,-4.1,-1.6,0,0,100,0,0,297,24,5,1.0,0.0,,0.473,0.324,20.4,1.0,0.004,0.387,0.429,0.471,0.366,0.386,0.273,0.388,66.0,3.0,905.0,0.438,0.773,0.055,0.067,0.162,0.328,0.043,0.672,297.0,-7.0,-18.3,,66.0,3.0,72.0,168.0,110.0,97.0,84.0,108.0,29.0,94.0,905.0,297.0,0.386,0.672,0.388,0.518,0.387,0.833,0.071,0.531,,11.0,0.0,94.0,92.0,121.0,104.0,103.0,129.0,42.0,102.0,126.0,114.0,0.5,0.368,0.429,0.553,0.474,1.0,0.105,0.578,0.368,10.9,,0.0,-1.2,3.0,10.2,0.3,0.105,11.0,0.0,126.0,-4.2,2.5,0.0,8.6,114.0,3.1,23.2,6.5,0.578,8.9,0.0,0.3,0.109,,1.0,5.0,0.0,1.0,11.0,0.0,0.0,1.0,24.0,126.0,29.5,24.4,0.0,0.0,100.0,0.0,0.0,114.0,1.0,3.0,2.3,4.6,0.5,1.2,2.7,0.429,3.9,,0.0,5.0,102.0,0.553,3.5,7.4,0.474,0.8,0.8,1.0,11.0,0.0,126.0,1.2,105.0,4.6,8.9,114.0,3.1,2.3,6.2,1.7,3.4,0.5,0.9,2.0,0.429,2.9,,0.0,3.7,0.553,2.6,5.4,0.474,0.6,0.6,1.0,11.0,0.0,126.0,0.9,3.4,6.6,114.0,2.3,1.7,4.6,0.5,1.1,0.5,0.3,0.6,0.429,0.9,,0.0,1.2,0.553,0.8,1.7,0.474,0.2,0.2,1.0,11.0,0.0,11.5,0.3,1.1,2.1,163.0,0.7,0.5,1.5,0.0,0.0,,1.0,0.143,16.5,0.0,0.0,0.474,0.5,0.25,1.0,0.5,0.333,0.429,11.0,0.0,126.0,0.5,1.0,0.105,0.211,0.158,0.632,0.158,0.368,114.0,6.0,12.0,0.5,3.0,7.0,0.429,10.0,,0.0,13.0,0.553,9.0,19.0,0.474,2.0,2.0,1.0,11.0,0.0,126.0,3.0,12.0,23.0,142.0,8.0,6.0,16.0,0.0
mclaujo01,Jordan McLaughlin,https://www.basketball-reference.com/players/m/mclaujo01.html,2021-22,2022,25.0,MIN,PG,PG,55.0,PG,62.0,3.0,902.0,61.0,115.0,0.53,27.0,85.0,0.318,180.0,,10.0,72.0,0.508,88.0,200.0,0.44,30.0,40.0,0.75,22.0,54.0,233.0,339.0,57.0,38.0,94.0,0.0,1.0,1.9,0.53,0.4,1.4,0.318,2.9,,0.2,1.2,0.508,1.4,3.2,0.44,0.5,0.6,0.75,62.0,3.0,14.5,0.4,0.9,3.8,441.0,0.9,0.6,1.5,2.4,4.6,0.53,1.1,3.4,0.318,7.2,,0.4,2.9,0.508,3.5,8.0,0.44,1.2,1.6,0.75,62.0,3.0,902.0,0.9,2.2,9.3,298.0,2.3,1.5,3.8,3.2,6.1,0.53,1.4,4.5,0.318,9.5,,0.5,3.8,112.0,0.508,4.6,10.5,0.44,1.6,2.1,0.75,62.0,3.0,902.0,1.2,122.0,2.8,12.3,298.0,3.0,2.0,5.0,0.425,26.1,,1.1,0.4,1.6,8.8,1.0,0.2,62.0,3.0,902.0,-1.2,2.6,1.3,13.4,298.0,3.0,14.9,5.6,0.535,11.8,0.6,2.3,0.123,,0,19,10,17,62,3,6,14,451,902,-0.9,1.8,0,0,100,0,0,298,29,9,3.0,0.0,,0.516,0.365,13.3,3.0,0.015,0.44,0.707,0.4,1.0,0.53,0.326,0.318,62.0,3.0,902.0,0.492,0.852,0.29,0.05,0.005,0.575,0.23,0.425,298.0,-9.7,-13.3,,62.0,3.0,100.0,106.0,90.0,95.0,95.0,97.0,81.0,95.0,902.0,298.0,0.53,0.425,0.318,0.508,0.44,0.75,0.2,0.535,,5.0,0.0,150.0,103.0,162.0,155.0,153.0,97.0,95.0,146.0,83.0,138.0,0.8,0.412,0.571,0.824,0.706,0.75,0.235,0.826,0.412,33.4,,0.0,7.7,4.4,15.3,0.1,0.235,5.0,0.0,83.0,3.4,0.0,0.3,21.0,138.0,2.8,9.6,8.0,0.826,10.7,0.2,0.4,0.252,,0.0,2.0,0.0,1.0,5.0,0.0,0.0,1.0,40.0,83.0,6.1,-0.4,0.0,0.0,100.0,0.0,0.0,138.0,1.0,1.0,4.5,5.6,0.8,2.3,3.9,0.571,9.6,,0.0,6.8,111.0,0.824,6.8,9.6,0.706,1.7,2.3,0.75,5.0,0.0,83.0,0.0,163.0,2.8,17.5,138.0,2.8,1.1,6.8,3.5,4.3,0.8,1.7,3.0,0.571,7.4,,0.0,5.2,0.824,5.2,7.4,0.706,1.3,1.7,0.75,5.0,0.0,83.0,0.0,2.2,13.4,138.0,2.2,0.9,5.2,1.6,2.0,0.8,0.8,1.4,0.571,3.4,,0.0,2.4,0.824,2.4,3.4,0.706,0.6,0.8,0.75,5.0,0.0,16.6,0.0,1.0,6.2,106.0,1.0,0.4,2.4,0.0,0.0,,1.0,0.143,13.6,0.0,0.0,0.706,0.75,,1.0,0.8,0.8,0.571,5.0,0.0,83.0,0.5,1.0,0.235,0.0,0.059,0.588,0.294,0.412,138.0,8.0,10.0,0.8,4.0,7.0,0.571,17.0,,0.0,12.0,0.824,12.0,17.0,0.706,3.0,4.0,0.75,5.0,0.0,83.0,0.0,5.0,31.0,127.0,5.0,2.0,12.0,0.0
augusdj01,D.J. Augustin,https://www.basketball-reference.com/players/a/augusdj01.html,2021-22,2022,34.0,2TM,PG,PG,56.0,PG,55.0,2.0,883.0,26.0,58.0,0.448,68.0,164.0,0.415,107.0,,1.0,57.0,0.577,94.0,222.0,0.423,38.0,43.0,0.884,11.0,39.0,294.0,315.0,17.0,56.0,68.0,0.0,0.5,1.1,0.448,1.2,3.0,0.415,1.9,,0.0,1.0,0.577,1.7,4.0,0.423,0.7,0.8,0.884,55.0,2.0,16.1,0.2,0.7,5.3,374.0,0.3,1.0,1.2,1.1,2.4,0.448,2.8,6.7,0.415,4.4,,0.0,2.3,0.577,3.8,9.1,0.423,1.5,1.8,0.884,55.0,2.0,883.0,0.4,1.6,12.0,303.0,0.7,2.3,2.8,1.4,3.1,0.448,3.7,8.9,0.415,5.8,,0.1,3.1,120.0,0.577,5.1,12.0,0.423,2.1,2.3,0.884,55.0,2.0,883.0,0.6,112.0,2.1,15.9,303.0,0.9,3.0,3.7,0.739,16.8,,0.1,-3.6,-2.4,7.0,0.1,0.194,55.0,2.0,883.0,-1.2,1.4,0.7,9.7,303.0,0.9,18.9,4.2,0.61,14.3,-0.4,0.8,0.043,,1,20,2,11,55,2,3,10,265,883,-5.8,-11.7,0,0,100,0,0,303,44,8,0.0,0.0,,0.462,0.238,20.4,0.0,0.0,0.423,0.586,0.25,0.167,0.448,0.368,0.415,55.0,2.0,883.0,0.308,0.824,0.131,0.018,0.027,0.261,0.086,0.739,303.0,19.9,21.3,,55.0,2.0,84.0,185.0,117.0,108.0,92.0,114.0,78.0,108.0,883.0,303.0,0.448,0.739,0.415,0.577,0.423,0.884,0.194,0.61,,,,,,,,,,,,,,,,,,,,,,,,,,,,,,,,,,,,,,,,,,,,,,,,,,,,,,,,,,,,,,,,,,,,,,,,,,,,,,,,,,,,,,,,,,,,,,,,,,,,,,,,,,,,,,,,,,,,,,,,,,,,,,,,,,,,,,,,,,,,,,,,,,,,,,,,,,,,,,,,,,,,,,,,,,,,,,,,,,,,,,,,,,,,,,,,,,,,,,,,,,,,,
brookar01,Armoni Brooks,https://www.basketball-reference.com/players/b/brookar01.html,2021-22,2022,23.0,2TM,SG,PG,57.0,PG,54.0,11.0,844.0,24.0,40.0,0.6,74.0,249.0,0.297,62.0,,11.0,83.0,0.467,98.0,289.0,0.339,18.0,21.0,0.857,20.0,74.0,288.0,317.0,28.0,27.0,103.0,0.0,0.4,0.7,0.6,1.4,4.6,0.297,1.1,,0.2,1.5,0.467,1.8,5.4,0.339,0.3,0.4,0.857,54.0,11.0,15.6,0.4,1.4,5.3,373.0,0.5,0.5,1.9,1.0,1.7,0.6,3.2,10.6,0.297,2.6,,0.5,3.5,0.467,4.2,12.3,0.339,0.8,0.9,0.857,54.0,11.0,844.0,0.9,3.2,12.3,309.0,1.2,1.2,4.4,1.4,2.3,0.6,4.2,14.2,0.297,3.5,,0.6,4.7,117.0,0.467,5.6,16.4,0.339,1.0,1.2,0.857,54.0,11.0,844.0,1.1,101.0,4.2,16.4,309.0,1.6,1.5,5.9,0.862,10.4,,1.2,-3.9,-1.3,10.9,0.4,0.073,54.0,11.0,844.0,-2.6,2.5,-0.1,8.4,309.0,1.6,8.3,6.7,0.483,16.4,-0.4,0.2,0.014,,1,46,4,9,54,11,3,4,149,844,1.1,-6.2,0,0,61,3,36,309,12,7,1.0,0.0,,0.265,0.137,24.0,3.0,0.014,0.339,0.708,0.0,0.333,0.6,0.6,0.297,54.0,11.0,844.0,0.667,0.824,0.083,0.01,0.01,0.138,0.035,0.862,309.0,-37.3,-49.6,,54.0,11.0,113.0,216.0,84.0,88.0,74.0,111.0,29.0,85.0,844.0,309.0,0.6,0.862,0.297,0.467,0.339,0.857,0.073,0.483,,4.0,0.0,,250.0,0.0,0.0,0.0,,0.0,0.0,8.0,201.0,,1.0,0.0,0.0,0.0,,0.0,0.0,1.0,0.0,,0.0,-30.3,-9.5,34.1,0.0,0.0,4.0,0.0,8.0,-20.8,0.0,-0.1,-18.9,201.0,0.0,0.0,15.4,0.0,23.2,-0.1,-0.1,-0.577,,0.0,0.0,0.0,0.0,4.0,0.0,0.0,0.0,0.0,8.0,-44.9,-52.9,0.0,0.0,0.0,0.0,100.0,201.0,0.0,0.0,0.0,0.0,,0.0,26.3,0.0,0.0,,0.0,13.2,121.0,0.0,0.0,26.3,0.0,0.0,0.0,,4.0,0.0,8.0,0.0,0.0,0.0,0.0,201.0,0.0,0.0,13.2,0.0,0.0,,0.0,18.0,0.0,0.0,,0.0,9.0,0.0,0.0,18.0,0.0,0.0,0.0,,4.0,0.0,8.0,0.0,0.0,0.0,201.0,0.0,0.0,9.0,0.0,0.0,,0.0,1.0,0.0,0.0,,0.0,0.5,0.0,0.0,1.0,0.0,0.0,0.0,,4.0,0.0,2.0,0.0,0.0,0.0,206.0,0.0,0.0,0.5,0.0,0.0,,0.0,0.25,26.8,0.0,0.0,0.0,,,,,,0.0,4.0,0.0,8.0,,,0.0,0.0,0.0,0.0,0.0,1.0,201.0,0.0,0.0,,0.0,4.0,0.0,0.0,,0.0,2.0,0.0,0.0,4.0,0.0,0.0,0.0,,4.0,0.0,8.0,0.0,0.0,0.0,206.0,0.0,0.0,2.0,0.0
alvarjo01,Jose Alvarado,https://www.basketball-reference.com/players/a/alvarjo01.html,2021-22,2022,23.0,NOP,PG,PG,58.0,PG,54.0,1.0,834.0,99.0,184.0,0.538,32.0,110.0,0.291,152.0,,7.0,75.0,0.5,131.0,294.0,0.446,36.0,53.0,0.679,25.0,73.0,330.0,297.0,71.0,40.0,100.0,0.0,1.8,3.4,0.538,0.6,2.0,0.291,2.8,,0.1,1.4,0.5,2.4,5.4,0.446,0.7,1.0,0.679,54.0,1.0,15.4,0.5,1.4,6.1,336.0,1.3,0.7,1.9,4.3,7.9,0.538,1.4,4.7,0.291,6.6,,0.3,3.2,0.5,5.7,12.7,0.446,1.6,2.3,0.679,54.0,1.0,834.0,1.1,3.2,14.2,311.0,3.1,1.7,4.3,5.9,10.9,0.538,1.9,6.5,0.291,9.0,,0.4,4.4,109.0,0.5,7.8,17.4,0.446,2.1,3.1,0.679,54.0,1.0,834.0,1.5,114.0,4.3,19.5,311.0,4.2,2.4,5.9,0.374,26.9,,0.8,1.9,2.4,10.2,1.1,0.18,54.0,1.0,834.0,-0.5,3.2,1.0,16.4,311.0,4.2,11.2,6.6,0.52,18.4,0.8,2.1,0.121,,2,34,14,20,54,1,4,19,354,834,11.7,8.1,0,0,100,0,0,311,26,11,1.0,0.0,,0.32,0.227,13.6,0.0,0.0,0.446,0.609,0.483,0.462,0.538,0.507,0.291,54.0,1.0,834.0,0.303,0.969,0.235,0.099,0.044,0.626,0.248,0.374,311.0,-18.6,-29.2,,54.0,1.0,101.0,94.0,82.0,94.0,97.0,88.0,73.0,92.0,834.0,311.0,0.538,0.374,0.291,0.5,0.446,0.679,0.18,0.52,,6.0,0.0,110.0,121.0,106.0,108.0,105.0,99.0,159.0,110.0,117.0,121.0,0.588,0.485,0.375,0.576,0.485,0.769,0.394,0.62,0.485,11.4,,0.7,-0.1,1.7,6.5,0.0,0.394,6.0,0.0,117.0,-1.8,1.9,0.2,13.3,121.0,3.1,15.3,4.0,0.62,16.8,0.1,0.2,0.09,,2.0,2.0,3.0,4.0,6.0,0.0,1.0,1.0,22.0,117.0,-15.6,-11.4,0.0,0.0,100.0,0.0,0.0,121.0,5.0,0.0,4.4,7.5,0.588,2.6,7.0,0.375,4.0,,0.4,2.6,117.0,0.576,7.0,14.5,0.485,4.4,5.7,0.769,6.0,0.0,117.0,0.9,119.0,7.9,21.1,121.0,3.1,3.1,3.5,3.1,5.2,0.588,1.8,4.9,0.375,2.8,,0.3,1.8,0.576,4.9,10.2,0.485,3.1,4.0,0.769,6.0,0.0,117.0,0.6,5.5,14.8,121.0,2.2,2.2,2.5,1.7,2.8,0.588,1.0,2.7,0.375,1.5,,0.2,1.0,0.576,2.7,5.5,0.485,1.7,2.2,0.769,6.0,0.0,19.5,0.3,3.0,8.0,94.0,1.2,1.2,1.3,0.0,0.0,,0.6,0.313,14.6,0.0,0.0,0.485,0.5,0.333,,0.588,0.833,0.375,6.0,0.0,117.0,0.4,1.0,0.242,0.091,0.0,0.515,0.182,0.485,121.0,10.0,17.0,0.588,6.0,16.0,0.375,9.0,,1.0,6.0,0.576,16.0,33.0,0.485,10.0,13.0,0.769,6.0,0.0,117.0,2.0,18.0,48.0,110.0,7.0,7.0,8.0,0.0
willilo02,Lou Williams,https://www.basketball-reference.com/players/w/willilo02.html,2021-22,2022,35.0,ATL,PG,PG,59.0,PG,56.0,0.0,799.0,88.0,218.0,0.404,37.0,102.0,0.363,105.0,,3.0,71.0,0.448,125.0,320.0,0.391,67.0,78.0,0.859,16.0,48.0,354.0,280.0,28.0,43.0,87.0,0.0,1.6,3.9,0.404,0.7,1.8,0.363,1.9,,0.1,1.3,0.448,2.2,5.7,0.391,1.2,1.4,0.859,56.0,0.0,14.3,0.3,0.9,6.3,327.0,0.5,0.8,1.6,4.0,9.8,0.404,1.7,4.6,0.363,4.7,,0.1,3.2,0.448,5.6,14.4,0.391,3.0,3.5,0.859,56.0,0.0,799.0,0.7,2.2,15.9,318.0,1.3,1.9,3.9,5.4,13.4,0.404,2.3,6.3,0.363,6.5,,0.2,4.4,117.0,0.448,7.7,19.7,0.391,4.1,4.8,0.859,56.0,0.0,799.0,1.0,105.0,3.0,21.8,318.0,1.7,2.6,5.4,0.319,18.6,,0.3,-3.4,-1.4,9.7,0.4,0.244,56.0,0.0,799.0,-2.0,2.2,0.2,12.1,318.0,1.7,10.8,6.0,0.5,21.7,-0.3,0.6,0.034,,0,16,2,30,56,0,4,12,251,799,-1.6,0.6,0,0,84,0,16,318,30,12,0.0,0.0,,0.421,0.373,15.3,1.0,0.003,0.391,0.514,0.372,0.385,0.404,0.392,0.363,56.0,0.0,799.0,0.341,0.73,0.116,0.244,0.163,0.681,0.159,0.319,318.0,-53.3,-47.1,,56.0,0.0,76.0,80.0,103.0,84.0,85.0,111.0,98.0,88.0,799.0,318.0,0.404,0.319,0.363,0.448,0.391,0.859,0.244,0.5,,,,,,,,,,,,,,,,,,,,,,,,,,,,,,,,,,,,,,,,,,,,,,,,,,,,,,,,,,,,,,,,,,,,,,,,,,,,,,,,,,,,,,,,,,,,,,,,,,,,,,,,,,,,,,,,,,,,,,,,,,,,,,,,,,,,,,,,,,,,,,,,,,,,,,,,,,,,,,,,,,,,,,,,,,,,,,,,,,,,,,,,,,,,,,,,,,,,,,,,,,,,,
forretr01,Trent Forrest,https://www.basketball-reference.com/players/f/forretr01.html,2021-22,2022,23.0,UTA,PG,PG,60.0,PG,60.0,6.0,765.0,71.0,128.0,0.555,5.0,27.0,0.185,106.0,,6.0,76.0,0.506,76.0,155.0,0.49,38.0,48.0,0.792,23.0,43.0,195.0,364.0,30.0,48.0,99.0,0.0,1.2,2.1,0.555,0.1,0.5,0.185,1.8,,0.1,1.3,0.506,1.3,2.6,0.49,0.6,0.8,0.792,60.0,6.0,12.8,0.4,0.7,3.3,468.0,0.5,0.8,1.7,3.3,6.0,0.555,0.2,1.3,0.185,5.0,,0.3,3.6,0.506,3.6,7.3,0.49,1.8,2.3,0.792,60.0,6.0,765.0,1.1,2.0,9.2,322.0,1.4,2.3,4.7,4.6,8.3,0.555,0.3,1.7,0.185,6.8,,0.4,4.9,112.0,0.506,4.9,10.0,0.49,2.5,3.1,0.792,60.0,6.0,765.0,1.5,111.0,2.8,12.6,322.0,1.9,3.1,6.4,0.174,18.6,,0.7,-1.0,1.2,10.5,0.8,0.31,60.0,6.0,765.0,-2.3,3.4,0.5,10.9,322.0,1.9,21.4,7.1,0.554,12.8,0.2,1.3,0.084,,3,21,0,23,60,6,6,12,262,765,0.2,6.2,0,0,85,0,15,322,29,7,2.0,0.0,,0.235,0.63,8.8,3.0,0.026,0.49,0.592,0.556,0.5,0.555,0.529,0.185,60.0,6.0,765.0,0.225,1.0,0.316,0.058,0.013,0.826,0.439,0.174,322.0,-7.8,-4.4,,60.0,6.0,104.0,44.0,52.0,95.0,106.0,102.0,125.0,98.0,765.0,322.0,0.555,0.174,0.185,0.506,0.49,0.792,0.31,0.554,,,,,,,,,,,,,,,,,,,,,,,,,,,,,,,,,,,,,,,,,,,,,,,,,,,,,,,,,,,,,,,,,,,,,,,,,,,,,,,,,,,,,,,,,,,,,,,,,,,,,,,,,,,,,,,,,,,,,,,,,,,,,,,,,,,,,,,,,,,,,,,,,,,,,,,,,,,,,,,,,,,,,,,,,,,,,,,,,,,,,,,,,,,,,,,,,,,,,,,,,,,,,
rondora01,Rajon Rondo,https://www.basketball-reference.com/players/r/rondora01.html,2021-22,2022,35.0,2TM,PG,PG,61.0,PG,39.0,1.0,698.0,37.0,88.0,0.42,31.0,88.0,0.352,170.0,,6.0,93.0,0.474,68.0,176.0,0.386,19.0,26.0,0.731,15.0,56.0,186.0,370.0,30.0,68.0,108.0,0.0,0.9,2.3,0.42,0.8,2.3,0.352,4.4,,0.2,2.4,0.474,1.7,4.5,0.386,0.5,0.7,0.731,39.0,1.0,17.9,0.4,1.4,4.8,387.0,0.8,1.7,2.8,1.9,4.5,0.42,1.6,4.5,0.352,8.8,,0.3,4.8,0.474,3.5,9.1,0.386,1.0,1.3,0.731,39.0,1.0,698.0,0.8,2.9,9.6,337.0,1.5,3.5,5.6,2.6,6.2,0.42,2.2,6.2,0.352,12.0,,0.4,6.5,111.0,0.474,4.8,12.4,0.386,1.3,1.8,0.731,39.0,1.0,698.0,1.1,101.0,3.9,13.1,337.0,2.1,4.8,7.6,0.5,33.1,,0.8,-1.7,0.7,14.4,0.8,0.148,39.0,1.0,698.0,-2.4,2.4,-0.1,10.9,337.0,2.1,26.6,8.5,0.496,16.0,0.1,0.7,0.048,,1,21,7,3,39,1,1,10,403,698,-8.3,-7.6,0,0,94,0,6,337,55,9,0.0,0.0,,0.3,0.114,15.3,0.0,0.0,0.386,0.639,0.313,0.0,0.42,0.25,0.352,39.0,1.0,698.0,0.081,0.806,0.205,0.091,0.017,0.5,0.159,0.5,337.0,-20.2,-26.2,,39.0,1.0,79.0,125.0,100.0,89.0,84.0,94.0,60.0,88.0,698.0,337.0,0.42,0.5,0.352,0.474,0.386,0.731,0.148,0.496,,,,,,,,,,,,,,,,,,,,,,,,,,,,,,,,,,,,,,,,,,,,,,,,,,,,,,,,,,,,,,,,,,,,,,,,,,,,,,,,,,,,,,,,,,,,,,,,,,,,,,,,,,,,,,,,,,,,,,,,,,,,,,,,,,,,,,,,,,,,,,,,,,,,,,,,,,,,,,,,,,,,,,,,,,,,,,,,,,,,,,,,,,,,,,,,,,,,,,,,,,,,,
bantoda01,Dalano Banton,https://www.basketball-reference.com/players/b/bantoda01.html,2021-22,2022,22.0,TOR,PG,PG,62.0,PG,64.0,1.0,696.0,70.0,151.0,0.464,13.0,51.0,0.255,99.0,,10.0,86.0,0.443,83.0,202.0,0.411,26.0,44.0,0.591,38.0,68.0,205.0,357.0,28.0,53.0,124.0,0.0,1.1,2.4,0.464,0.2,0.8,0.255,1.5,,0.2,1.3,0.443,1.3,3.2,0.411,0.4,0.7,0.591,64.0,1.0,10.9,0.6,1.1,3.2,471.0,0.4,0.8,1.9,3.6,7.8,0.464,0.7,2.6,0.255,5.1,,0.5,4.4,0.443,4.3,10.4,0.411,1.3,2.3,0.591,64.0,1.0,696.0,2.0,3.5,10.6,339.0,1.4,2.7,6.4,5.0,10.8,0.464,0.9,3.7,0.255,7.1,,0.7,6.2,111.0,0.443,6.0,14.5,0.411,1.9,3.2,0.591,64.0,1.0,696.0,2.7,98.0,4.9,14.7,339.0,2.0,3.8,8.9,0.252,19.8,,1.4,-3.1,0.4,14.1,0.8,0.218,64.0,1.0,696.0,-3.5,5.6,-0.4,10.0,339.0,2.0,19.3,9.7,0.463,16.9,-0.2,0.4,0.03,,9,29,1,19,64,1,3,16,240,696,-0.2,2.0,0,0,56,1,43,339,20,14,1.0,1.0,,0.25,0.235,10.6,6.0,0.03,0.411,0.615,0.292,0.385,0.464,0.356,0.255,64.0,1.0,696.0,0.329,0.615,0.322,0.119,0.064,0.748,0.223,0.252,339.0,-35.8,-45.6,,64.0,1.0,87.0,63.0,72.0,83.0,89.0,76.0,88.0,82.0,696.0,339.0,0.464,0.252,0.255,0.443,0.411,0.591,0.218,0.463,,4.0,0.0,188.0,0.0,,188.0,217.0,65.0,1209.0,133.0,8.0,200.0,1.0,0.0,,1.0,1.0,0.5,3.0,0.754,0.0,23.4,,0.0,21.4,4.6,0.0,0.0,3.0,4.0,0.0,8.0,16.8,28.1,0.1,46.9,200.0,6.6,17.7,15.4,0.754,32.7,0.0,0.1,0.373,,0.0,0.0,0.0,3.0,4.0,0.0,2.0,0.0,2.0,8.0,-48.6,-56.5,0.0,0.0,0.0,100.0,0.0,200.0,0.0,1.0,13.2,13.2,1.0,0.0,0.0,,6.6,,0.0,0.0,113.0,1.0,13.2,13.2,1.0,19.7,39.5,0.5,4.0,0.0,8.0,13.2,135.0,0.0,46.1,200.0,6.6,6.6,13.2,9.0,9.0,1.0,0.0,0.0,,4.5,,0.0,0.0,1.0,9.0,9.0,1.0,13.5,27.0,0.5,4.0,0.0,8.0,9.0,0.0,31.5,200.0,4.5,4.5,9.0,0.5,0.5,1.0,0.0,0.0,,0.3,,0.0,0.0,1.0,0.5,0.5,1.0,0.8,1.5,0.5,4.0,0.0,2.0,0.5,0.0,1.8,173.0,0.3,0.3,0.5,0.0,0.0,,,,1.1,0.0,0.0,1.0,1.0,,,1.0,,,4.0,0.0,8.0,0.0,,1.0,0.0,0.0,1.0,0.0,0.0,200.0,2.0,2.0,1.0,0.0,0.0,,1.0,,0.0,0.0,1.0,2.0,2.0,1.0,3.0,6.0,0.5,4.0,0.0,8.0,2.0,0.0,7.0,176.0,1.0,1.0,2.0,0.0
mccontj01,T.J. McConnell,https://www.basketball-reference.com/players/m/mccontj01.html,2021-22,2022,29.0,IND,PG,PG,63.0,PG,27.0,8.0,652.0,90.0,175.0,0.514,10.0,33.0,0.303,131.0,,10.0,70.0,0.505,100.0,208.0,0.481,19.0,23.0,0.826,20.0,53.0,229.0,342.0,29.0,29.0,90.0,0.0,3.3,6.5,0.514,0.4,1.2,0.303,4.9,,0.4,2.6,0.505,3.7,7.7,0.481,0.7,0.9,0.826,27.0,8.0,24.1,0.7,2.0,8.5,232.0,1.1,1.1,3.3,5.0,9.7,0.514,0.6,1.8,0.303,7.2,,0.6,3.9,0.505,5.5,11.5,0.481,1.0,1.3,0.826,27.0,8.0,652.0,1.1,2.9,12.6,345.0,1.6,1.6,5.0,6.8,13.1,0.514,0.8,2.5,0.303,9.8,,0.8,5.3,116.0,0.505,7.5,15.6,0.481,1.4,1.7,0.826,27.0,8.0,652.0,1.5,117.0,4.0,17.2,345.0,2.2,2.2,6.8,0.159,28.7,,1.3,0.9,1.4,12.2,0.4,0.111,27.0,8.0,652.0,-0.4,3.4,1.0,15.1,345.0,2.2,11.7,7.7,0.525,16.2,0.5,1.3,0.098,,0,25,10,9,27,8,3,10,322,652,-0.9,-4.8,0,0,100,0,0,345,20,4,2.0,0.0,,0.273,0.333,9.8,0.0,0.0,0.481,0.561,0.382,0.25,0.514,0.576,0.303,27.0,8.0,652.0,0.256,0.9,0.274,0.163,0.058,0.841,0.317,0.159,345.0,-11.2,-17.9,,27.0,8.0,97.0,40.0,86.0,95.0,104.0,107.0,45.0,93.0,652.0,345.0,0.514,0.159,0.303,0.505,0.481,0.826,0.111,0.525,,,,,,,,,,,,,,,,,,,,,,,,,,,,,,,,,,,,,,,,,,,,,,,,,,,,,,,,,,,,,,,,,,,,,,,,,,,,,,,,,,,,,,,,,,,,,,,,,,,,,,,,,,,,,,,,,,,,,,,,,,,,,,,,,,,,,,,,,,,,,,,,,,,,,,,,,,,,,,,,,,,,,,,,,,,,,,,,,,,,,,,,,,,,,,,,,,,,,,,,,,,,,
willibr03,Brandon Williams,https://www.basketball-reference.com/players/w/willibr03.html,2021-22,2022,22.0,POR,PG,PG,64.0,PG,24.0,16.0,640.0,74.0,176.0,0.42,31.0,106.0,0.292,94.0,,10.0,55.0,0.427,105.0,282.0,0.372,68.0,97.0,0.701,19.0,52.0,309.0,310.0,24.0,58.0,74.0,0.0,3.1,7.3,0.42,1.3,4.4,0.292,3.9,,0.4,2.3,0.427,4.4,11.8,0.372,2.8,4.0,0.701,24.0,16.0,26.7,0.8,2.2,12.9,122.0,1.0,2.4,3.1,4.2,9.9,0.42,1.7,6.0,0.292,5.3,,0.6,3.1,0.427,5.9,15.9,0.372,3.8,5.5,0.701,24.0,16.0,640.0,1.1,2.9,17.4,347.0,1.4,3.3,4.2,5.6,13.4,0.42,2.4,8.1,0.292,7.2,,0.8,4.2,118.0,0.427,8.0,21.5,0.372,5.2,7.4,0.701,24.0,16.0,640.0,1.5,96.0,4.0,23.6,347.0,1.8,4.4,5.6,0.376,23.1,,1.5,-5.7,-3.1,9.8,0.2,0.344,24.0,16.0,640.0,-2.6,3.1,-0.7,11.0,347.0,1.8,15.2,6.4,0.476,25.9,-0.6,-0.5,-0.037,,1,31,5,40,24,16,8,22,224,640,-14.9,-21.4,0,0,100,0,0,347,36,18,3.0,0.0,,0.455,0.208,14.1,1.0,0.004,0.372,0.507,0.429,0.348,0.42,0.327,0.292,24.0,16.0,640.0,0.311,0.71,0.259,0.099,0.082,0.624,0.184,0.376,347.0,-58.9,-58.5,,24.0,16.0,79.0,94.0,83.0,80.0,81.0,91.0,139.0,84.0,640.0,347.0,0.42,0.376,0.292,0.427,0.372,0.701,0.344,0.476,,,,,,,,,,,,,,,,,,,,,,,,,,,,,,,,,,,,,,,,,,,,,,,,,,,,,,,,,,,,,,,,,,,,,,,,,,,,,,,,,,,,,,,,,,,,,,,,,,,,,,,,,,,,,,,,,,,,,,,,,,,,,,,,,,,,,,,,,,,,,,,,,,,,,,,,,,,,,,,,,,,,,,,,,,,,,,,,,,,,,,,,,,,,,,,,,,,,,,,,,,,,,
smithde03,Dennis Smith Jr.,https://www.basketball-reference.com/players/s/smithde03.html,2021-22,2022,24.0,POR,PG,PG,65.0,PG,37.0,4.0,638.0,73.0,162.0,0.451,6.0,27.0,0.222,132.0,,12.0,68.0,0.434,79.0,189.0,0.418,42.0,64.0,0.656,20.0,52.0,206.0,355.0,45.0,51.0,88.0,0.0,2.0,4.4,0.451,0.2,0.7,0.222,3.6,,0.3,1.8,0.434,2.1,5.1,0.418,1.1,1.7,0.656,37.0,4.0,17.2,0.5,1.4,5.6,365.0,1.2,1.4,2.4,4.1,9.1,0.451,0.3,1.5,0.222,7.4,,0.7,3.8,0.434,4.5,10.7,0.418,2.4,3.6,0.656,37.0,4.0,638.0,1.1,2.9,11.6,348.0,2.5,2.9,5.0,5.6,12.4,0.451,0.5,2.1,0.222,10.1,,0.9,5.2,114.0,0.434,6.0,14.5,0.418,3.2,4.9,0.656,37.0,4.0,638.0,1.5,101.0,4.0,15.8,348.0,3.4,3.9,6.7,0.143,30.5,,1.9,-1.7,1.2,12.2,0.5,0.339,37.0,4.0,638.0,-2.8,3.3,-0.1,13.2,348.0,3.4,19.0,7.6,0.474,18.2,0.1,0.4,0.031,,2,14,3,29,37,4,11,20,324,638,0.2,-8.7,0,0,95,0,5,348,30,12,0.0,0.0,,0.2,0.185,8.9,3.0,0.026,0.418,0.53,0.235,0.45,0.451,0.431,0.222,37.0,4.0,638.0,0.329,0.333,0.349,0.09,0.106,0.857,0.307,0.143,348.0,-37.0,-39.8,,37.0,4.0,85.0,36.0,63.0,82.0,91.0,85.0,136.0,84.0,638.0,348.0,0.451,0.143,0.222,0.434,0.418,0.656,0.339,0.474,,,,,,,,,,,,,,,,,,,,,,,,,,,,,,,,,,,,,,,,,,,,,,,,,,,,,,,,,,,,,,,,,,,,,,,,,,,,,,,,,,,,,,,,,,,,,,,,,,,,,,,,,,,,,,,,,,,,,,,,,,,,,,,,,,,,,,,,,,,,,,,,,,,,,,,,,,,,,,,,,,,,,,,,,,,,,,,,,,,,,,,,,,,,,,,,,,,,,,,,,,,,,
joeis01,Isaiah Joe,https://www.basketball-reference.com/players/j/joeis01.html,2021-22,2022,22.0,PHI,SG,PG,66.0,PG,55.0,1.0,609.0,17.0,42.0,0.405,45.0,135.0,0.333,35.0,,3.0,50.0,0.477,62.0,177.0,0.35,29.0,31.0,0.935,6.0,47.0,198.0,360.0,14.0,19.0,56.0,0.0,0.3,0.8,0.405,0.8,2.5,0.333,0.6,,0.1,0.9,0.477,1.1,3.2,0.35,0.5,0.6,0.935,55.0,1.0,11.1,0.1,0.9,3.6,452.0,0.3,0.3,1.0,1.0,2.5,0.405,2.7,8.0,0.333,2.1,,0.2,3.0,0.477,3.7,10.5,0.35,1.7,1.8,0.935,55.0,1.0,609.0,0.4,2.8,11.7,354.0,0.8,1.1,3.3,1.4,3.4,0.405,3.7,11.1,0.333,2.9,,0.2,4.1,115.0,0.477,5.1,14.5,0.35,2.4,2.5,0.935,55.0,1.0,609.0,0.5,103.0,3.8,16.2,354.0,1.1,1.6,4.6,0.763,8.1,,0.4,-4.6,-1.5,9.0,0.4,0.175,55.0,1.0,609.0,-3.1,1.1,0.0,7.7,354.0,1.1,9.1,5.1,0.519,15.5,-0.4,0.4,0.035,,3,23,9,14,55,1,5,6,85,609,-0.6,2.2,0,0,49,4,47,354,12,2,1.0,0.0,,0.4,0.296,22.2,4.0,0.023,0.35,0.643,0.375,0.214,0.405,0.333,0.333,55.0,1.0,609.0,0.647,1.0,0.079,0.045,0.079,0.237,0.034,0.763,354.0,-19.2,-17.8,,55.0,1.0,76.0,191.0,94.0,90.0,76.0,121.0,71.0,92.0,609.0,354.0,0.405,0.763,0.333,0.477,0.35,0.935,0.175,0.519,,7.0,0.0,94.0,150.0,94.0,94.0,87.0,,0.0,88.0,15.0,188.0,0.5,0.6,0.333,0.5,0.4,,0.0,0.5,0.6,0.0,,0.0,-15.0,-4.6,15.6,0.0,0.0,7.0,0.0,15.0,-10.4,0.0,-0.1,-4.6,188.0,0.0,37.5,8.2,0.5,25.1,0.0,-0.1,-0.289,,0.0,1.0,0.0,0.0,7.0,0.0,0.0,0.0,0.0,15.0,44.3,43.8,0.0,0.0,100.0,0.0,0.0,188.0,2.0,1.0,3.5,6.9,0.5,3.5,10.4,0.333,0.0,,0.0,6.9,116.0,0.5,6.9,17.4,0.4,0.0,0.0,,7.0,0.0,15.0,0.0,56.0,3.5,17.4,188.0,0.0,10.4,6.9,2.4,4.8,0.5,2.4,7.2,0.333,0.0,,0.0,4.8,0.5,4.8,12.0,0.4,0.0,0.0,,7.0,0.0,15.0,0.0,2.4,12.0,188.0,0.0,7.2,4.8,0.1,0.3,0.5,0.1,0.4,0.333,0.0,,0.0,0.3,0.5,0.3,0.7,0.4,0.0,0.0,,7.0,0.0,2.1,0.0,0.1,0.7,199.0,0.0,0.4,0.3,0.0,0.0,,1.0,0.333,17.4,1.0,0.2,0.4,1.0,0.0,,0.5,,0.333,7.0,0.0,15.0,0.0,0.0,0.2,0.2,0.0,0.4,0.0,0.6,188.0,1.0,2.0,0.5,1.0,3.0,0.333,0.0,,0.0,2.0,0.5,2.0,5.0,0.4,0.0,0.0,,7.0,0.0,15.0,0.0,1.0,5.0,187.0,0.0,3.0,2.0,0.0
leesa01,Saben Lee,https://www.basketball-reference.com/players/l/leesa01.html,2021-22,2022,22.0,DET,PG,PG,67.0,PG,37.0,0.0,604.0,55.0,117.0,0.47,14.0,60.0,0.233,107.0,,12.0,69.0,0.429,69.0,177.0,0.39,56.0,71.0,0.789,18.0,44.0,208.0,353.0,36.0,36.0,87.0,0.0,1.5,3.2,0.47,0.4,1.6,0.233,2.9,,0.3,1.9,0.429,1.9,4.8,0.39,1.5,1.9,0.789,37.0,0.0,16.3,0.5,1.2,5.6,364.0,1.0,1.0,2.4,3.3,7.0,0.47,0.8,3.6,0.233,6.4,,0.7,4.1,0.429,4.1,10.5,0.39,3.3,4.2,0.789,37.0,0.0,604.0,1.1,2.6,12.4,357.0,2.1,2.1,5.2,4.4,9.5,0.47,1.1,4.8,0.233,8.6,,1.0,5.6,112.0,0.429,5.6,14.3,0.39,4.5,5.7,0.789,37.0,0.0,604.0,1.5,107.0,3.6,16.8,357.0,2.9,2.9,7.0,0.339,26.2,,1.8,-0.4,1.5,13.0,0.7,0.401,37.0,0.0,604.0,-1.9,3.1,0.3,13.8,357.0,2.9,14.7,7.8,0.499,17.3,0.2,0.9,0.073,,1,21,7,34,37,0,5,22,259,604,0.0,-8.0,0,0,100,0,0,357,24,7,0.0,0.0,,0.214,0.233,11.2,7.0,0.051,0.39,0.597,0.143,0.0,0.47,0.341,0.233,37.0,0.0,604.0,0.455,0.786,0.379,0.04,0.011,0.661,0.232,0.339,357.0,-36.2,-27.7,,37.0,0.0,88.0,85.0,66.0,81.0,85.0,102.0,162.0,88.0,604.0,357.0,0.47,0.339,0.233,0.429,0.39,0.789,0.401,0.499,,,,,,,,,,,,,,,,,,,,,,,,,,,,,,,,,,,,,,,,,,,,,,,,,,,,,,,,,,,,,,,,,,,,,,,,,,,,,,,,,,,,,,,,,,,,,,,,,,,,,,,,,,,,,,,,,,,,,,,,,,,,,,,,,,,,,,,,,,,,,,,,,,,,,,,,,,,,,,,,,,,,,,,,,,,,,,,,,,,,,,,,,,,,,,,,,,,,,,,,,,,,,
sykeske01,Keifer Sykes,https://www.basketball-reference.com/players/s/sykeske01.html,2021-22,2022,28.0,IND,PG,PG,68.0,PG,32.0,11.0,566.0,42.0,100.0,0.42,27.0,90.0,0.3,62.0,,4.0,37.0,0.434,69.0,190.0,0.363,15.0,17.0,0.882,8.0,51.0,180.0,373.0,12.0,33.0,45.0,0.0,1.3,3.1,0.42,0.8,2.8,0.3,1.9,,0.1,1.2,0.434,2.2,5.9,0.363,0.5,0.5,0.882,32.0,11.0,17.7,0.3,1.6,5.6,366.0,0.4,1.0,1.4,2.7,6.4,0.42,1.7,5.7,0.3,3.9,,0.3,2.4,0.434,4.4,12.1,0.363,1.0,1.1,0.882,32.0,11.0,566.0,0.5,3.2,11.4,362.0,0.8,2.1,2.9,3.6,8.7,0.42,2.3,7.8,0.3,5.4,,0.3,3.2,120.0,0.434,6.0,16.4,0.363,1.3,1.5,0.882,32.0,11.0,566.0,0.7,94.0,4.4,15.6,362.0,1.0,2.9,3.9,0.474,14.9,,0.6,-6.9,-2.4,7.4,0.1,0.089,32.0,11.0,566.0,-4.4,1.5,-0.5,5.9,362.0,1.0,14.3,4.4,0.456,17.4,-0.7,-0.5,-0.04,,1,15,6,4,32,11,1,7,155,566,-5.0,-8.4,0,0,100,0,0,362,16,10,0.0,0.0,,0.407,0.3,17.3,4.0,0.021,0.363,0.688,0.182,0.355,0.42,0.333,0.3,32.0,11.0,566.0,0.429,0.889,0.168,0.116,0.163,0.526,0.079,0.474,362.0,-37.0,-43.5,,32.0,11.0,79.0,119.0,85.0,82.0,79.0,114.0,36.0,81.0,566.0,362.0,0.42,0.474,0.3,0.434,0.363,0.882,0.089,0.456,,,,,,,,,,,,,,,,,,,,,,,,,,,,,,,,,,,,,,,,,,,,,,,,,,,,,,,,,,,,,,,,,,,,,,,,,,,,,,,,,,,,,,,,,,,,,,,,,,,,,,,,,,,,,,,,,,,,,,,,,,,,,,,,,,,,,,,,,,,,,,,,,,,,,,,,,,,,,,,,,,,,,,,,,,,,,,,,,,,,,,,,,,,,,,,,,,,,,,,,,,,,,
paytoel01,Elfrid Payton,https://www.basketball-reference.com/players/p/paytoel01.html,2021-22,2022,27.0,PHO,PG,PG,69.0,PG,50.0,1.0,549.0,63.0,157.0,0.401,4.0,18.0,0.222,99.0,,6.0,67.0,0.394,67.0,175.0,0.383,12.0,32.0,0.375,21.0,38.0,150.0,393.0,25.0,47.0,88.0,0.0,1.3,3.1,0.401,0.1,0.4,0.222,2.0,,0.1,1.3,0.394,1.3,3.5,0.383,0.2,0.6,0.375,50.0,1.0,11.0,0.4,0.8,3.0,485.0,0.5,0.9,1.8,4.1,10.3,0.401,0.3,1.2,0.222,6.5,,0.4,4.4,0.394,4.4,11.5,0.383,0.8,2.1,0.375,50.0,1.0,549.0,1.4,2.5,9.8,366.0,1.6,3.1,5.8,5.5,13.8,0.401,0.4,1.6,0.222,8.7,,0.5,5.9,108.0,0.394,5.9,15.3,0.383,1.1,2.8,0.375,50.0,1.0,549.0,1.8,87.0,3.3,13.1,366.0,2.2,4.1,7.7,0.103,23.0,,1.0,-3.5,1.2,12.8,0.8,0.183,50.0,1.0,549.0,-4.6,4.2,-1.0,7.9,366.0,2.2,19.9,8.6,0.397,18.5,-0.2,-0.2,-0.014,,2,12,1,12,50,1,4,28,230,549,-12.3,-2.9,0,0,52,3,46,366,29,7,0.0,0.0,,0.0,0.333,7.8,3.0,0.023,0.383,0.488,0.313,0.25,0.401,0.373,0.222,50.0,1.0,549.0,0.254,0.75,0.246,0.091,0.046,0.897,0.474,0.103,366.0,-48.1,-64.0,,50.0,1.0,75.0,26.0,63.0,74.0,83.0,48.0,74.0,70.0,549.0,366.0,0.401,0.103,0.222,0.394,0.383,0.375,0.183,0.397,,2.0,0.0,125.0,0.0,,125.0,145.0,,0.0,118.0,8.0,203.0,0.667,0.0,,0.667,0.667,,0.0,0.667,0.0,61.7,,0.0,13.1,2.2,0.0,0.0,0.0,2.0,0.0,8.0,10.9,0.0,0.1,28.3,203.0,0.0,0.0,0.0,0.667,17.2,0.0,0.1,0.303,,0.0,0.0,0.0,0.0,2.0,0.0,0.0,0.0,8.0,8.0,70.8,68.4,0.0,0.0,0.0,69.0,31.0,203.0,0.0,0.0,12.9,19.3,0.667,0.0,0.0,,19.3,,0.0,0.0,126.0,0.667,12.9,19.3,0.667,0.0,0.0,,2.0,0.0,8.0,0.0,160.0,0.0,25.8,203.0,0.0,0.0,0.0,9.0,13.5,0.667,0.0,0.0,,13.5,,0.0,0.0,0.667,9.0,13.5,0.667,0.0,0.0,,2.0,0.0,8.0,0.0,0.0,18.0,203.0,0.0,0.0,0.0,1.0,1.5,0.667,0.0,0.0,,1.5,,0.0,0.0,0.667,1.0,1.5,0.667,0.0,0.0,,2.0,0.0,4.0,0.0,0.0,2.0,170.0,0.0,0.0,0.0,0.0,0.0,,,,5.0,0.0,0.0,0.667,1.0,,,0.667,0.5,,2.0,0.0,8.0,1.0,,0.333,0.0,0.0,1.0,0.667,0.0,203.0,2.0,3.0,0.667,0.0,0.0,,3.0,,0.0,0.0,0.667,2.0,3.0,0.667,0.0,0.0,,2.0,0.0,8.0,0.0,0.0,4.0,194.0,0.0,0.0,0.0,0.0
flynnma01,Malachi Flynn,https://www.basketball-reference.com/players/f/flynnma01.html,2021-22,2022,23.0,TOR,PG,PG,70.0,PG,44.0,5.0,537.0,42.0,93.0,0.452,30.0,90.0,0.333,70.0,,4.0,53.0,0.475,72.0,183.0,0.393,15.0,24.0,0.625,10.0,45.0,189.0,366.0,20.0,13.0,63.0,0.0,1.0,2.1,0.452,0.7,2.0,0.333,1.6,,0.1,1.2,0.475,1.6,4.2,0.393,0.3,0.5,0.625,44.0,5.0,12.2,0.2,1.0,4.3,413.0,0.5,0.3,1.4,2.8,6.2,0.452,2.0,6.0,0.333,4.7,,0.3,3.6,0.475,4.8,12.3,0.393,1.0,1.6,0.625,44.0,5.0,537.0,0.7,3.0,12.7,369.0,1.3,0.9,4.2,3.9,8.7,0.452,2.8,8.4,0.333,6.5,,0.4,4.9,112.0,0.475,6.7,17.0,0.393,1.4,2.2,0.625,44.0,5.0,537.0,0.9,113.0,4.2,17.6,369.0,1.9,1.2,5.9,0.492,18.5,,0.7,-1.5,0.4,11.3,0.5,0.131,44.0,5.0,537.0,-1.8,1.9,0.5,11.7,369.0,1.9,6.3,6.4,0.488,16.5,0.1,1.0,0.092,,2,21,3,9,44,5,3,10,174,537,-5.0,-2.1,0,0,100,0,0,369,10,1,2.0,0.0,,0.727,0.122,18.1,0.0,0.0,0.393,0.545,0.571,0.31,0.452,0.481,0.333,44.0,5.0,537.0,0.214,0.8,0.12,0.077,0.158,0.508,0.148,0.492,369.0,-20.6,-30.1,,44.0,5.0,85.0,123.0,94.0,89.0,85.0,81.0,53.0,86.0,537.0,369.0,0.452,0.492,0.333,0.475,0.393,0.625,0.131,0.488,,6.0,0.0,0.0,107.0,0.0,0.0,0.0,,0.0,0.0,36.0,167.0,0.0,0.429,0.0,0.0,0.0,,0.0,0.0,0.429,10.6,,0.0,-14.4,-2.9,3.8,0.0,0.0,6.0,0.0,36.0,-11.5,6.2,-0.1,-5.7,167.0,1.5,12.5,5.1,0.0,10.3,-0.1,-0.2,-0.219,,0.0,1.0,2.0,0.0,6.0,0.0,0.0,1.0,7.0,36.0,10.2,-0.5,0.0,0.0,100.0,0.0,0.0,167.0,0.0,1.0,0.0,5.8,0.0,0.0,4.4,0.0,4.4,,0.0,1.5,124.0,0.0,0.0,10.2,0.0,0.0,0.0,,6.0,0.0,36.0,2.9,40.0,8.8,0.0,167.0,1.5,1.5,4.4,0.0,4.0,0.0,0.0,3.0,0.0,3.0,,0.0,1.0,0.0,0.0,7.0,0.0,0.0,0.0,,6.0,0.0,36.0,2.0,6.0,0.0,167.0,1.0,1.0,3.0,0.0,0.7,0.0,0.0,0.5,0.0,0.5,,0.0,0.2,0.0,0.0,1.2,0.0,0.0,0.0,,6.0,0.0,6.0,0.3,1.0,0.0,210.0,0.2,0.2,0.5,0.0,0.0,,,0.0,18.3,0.0,0.0,0.0,,0.0,0.0,0.0,0.0,0.0,6.0,0.0,36.0,,,0.0,0.286,0.143,0.571,0.143,0.429,167.0,0.0,4.0,0.0,0.0,3.0,0.0,3.0,,0.0,1.0,0.0,0.0,7.0,0.0,0.0,0.0,,6.0,0.0,36.0,2.0,6.0,0.0,210.0,1.0,1.0,3.0,0.0
goodwbr01,Brandon Goodwin,https://www.basketball-reference.com/players/g/goodwbr01.html,2021-22,2022,26.0,CLE,PG,PG,71.0,PG,36.0,5.0,502.0,45.0,99.0,0.455,19.0,55.0,0.345,91.0,,1.0,53.0,0.477,64.0,154.0,0.416,24.0,38.0,0.632,14.0,39.0,171.0,376.0,25.0,36.0,67.0,0.0,1.3,2.8,0.455,0.5,1.5,0.345,2.5,,0.0,1.5,0.477,1.8,4.3,0.416,0.7,1.1,0.632,36.0,5.0,13.9,0.4,1.1,4.8,388.0,0.7,1.0,1.9,3.2,7.1,0.455,1.4,3.9,0.345,6.5,,0.1,3.8,0.477,4.6,11.0,0.416,1.7,2.7,0.632,36.0,5.0,502.0,1.0,2.8,12.3,374.0,1.8,2.6,4.8,4.5,9.8,0.455,1.9,5.5,0.345,9.1,,0.1,5.3,110.0,0.477,6.4,15.3,0.416,2.4,3.8,0.632,36.0,5.0,502.0,1.4,104.0,3.9,17.0,374.0,2.5,3.6,6.7,0.357,26.0,,0.2,-1.6,1.1,11.4,0.7,0.247,36.0,5.0,502.0,-2.6,3.1,0.1,11.8,374.0,2.5,17.4,7.4,0.501,18.2,0.1,0.7,0.069,,3,7,5,17,36,5,7,16,220,502,-8.1,-5.0,0,0,100,0,0,374,28,4,2.0,0.0,,0.25,0.145,13.9,0.0,0.0,0.416,0.634,0.333,0.222,0.455,0.355,0.345,36.0,5.0,502.0,0.244,0.632,0.266,0.117,0.058,0.643,0.201,0.357,374.0,-16.8,-22.3,,36.0,5.0,85.0,89.0,98.0,90.0,90.0,82.0,99.0,88.0,502.0,374.0,0.455,0.357,0.345,0.477,0.416,0.632,0.247,0.501,,,,,,,,,,,,,,,,,,,,,,,,,,,,,,,,,,,,,,,,,,,,,,,,,,,,,,,,,,,,,,,,,,,,,,,,,,,,,,,,,,,,,,,,,,,,,,,,,,,,,,,,,,,,,,,,,,,,,,,,,,,,,,,,,,,,,,,,,,,,,,,,,,,,,,,,,,,,,,,,,,,,,,,,,,,,,,,,,,,,,,,,,,,,,,,,,,,,,,,,,,,,,
dragigo01,Goran Dragić,https://www.basketball-reference.com/players/d/dragigo01.html,2021-22,2022,35.0,2TM,PG,PG,72.0,PG,21.0,8.0,498.0,41.0,88.0,0.466,16.0,63.0,0.254,86.0,,4.0,52.0,0.43,57.0,151.0,0.377,27.0,33.0,0.818,13.0,45.0,157.0,387.0,19.0,34.0,65.0,0.0,2.0,4.2,0.466,0.8,3.0,0.254,4.1,,0.2,2.5,0.43,2.7,7.2,0.377,1.3,1.6,0.818,21.0,8.0,23.7,0.6,2.1,7.5,274.0,0.9,1.6,3.1,3.0,6.4,0.466,1.2,4.6,0.254,6.2,,0.3,3.8,0.43,4.1,10.9,0.377,2.0,2.4,0.818,21.0,8.0,498.0,0.9,3.3,11.3,376.0,1.4,2.5,4.7,4.0,8.6,0.466,1.6,6.2,0.254,8.4,,0.4,5.1,114.0,0.43,5.6,14.8,0.377,2.6,3.2,0.818,21.0,8.0,498.0,1.3,102.0,4.4,15.4,376.0,1.9,3.3,6.4,0.417,22.9,,0.7,-3.3,-0.5,11.3,0.4,0.219,21.0,8.0,498.0,-2.8,2.9,-0.1,10.0,376.0,1.9,17.0,7.1,0.474,17.2,-0.2,0.4,0.034,,3,15,9,9,21,8,1,9,202,498,-1.7,-0.2,0,0,66,0,34,376,17,9,1.0,0.0,,0.25,0.19,15.2,1.0,0.007,0.377,0.621,0.28,0.25,0.466,0.538,0.254,21.0,8.0,498.0,0.195,0.875,0.192,0.166,0.053,0.583,0.172,0.417,376.0,-30.6,-30.4,,21.0,8.0,87.0,104.0,72.0,81.0,82.0,106.0,88.0,84.0,498.0,376.0,0.466,0.417,0.254,0.43,0.377,0.818,0.219,0.474,,4.0,0.0,131.0,94.0,94.0,118.0,122.0,129.0,25.0,113.0,79.0,139.0,0.7,0.375,0.333,0.625,0.563,1.0,0.063,0.639,0.375,12.9,,0.0,1.1,-0.1,20.0,0.0,0.063,4.0,0.0,79.0,1.1,9.9,0.2,19.3,139.0,1.9,13.2,14.9,0.639,22.0,0.1,0.2,0.106,,1.0,3.0,1.0,2.0,4.0,0.0,2.0,0.0,14.0,79.0,19.5,6.8,0.0,0.0,26.0,0.0,74.0,139.0,2.0,2.0,9.1,13.0,0.7,2.6,7.8,0.333,3.9,,0.0,7.8,121.0,0.625,11.7,20.7,0.563,1.3,1.3,1.0,4.0,0.0,79.0,3.9,120.0,7.1,27.2,139.0,1.9,3.2,11.7,6.4,9.1,0.7,1.8,5.5,0.333,2.7,,0.0,5.5,0.625,8.2,14.6,0.563,0.9,0.9,1.0,4.0,0.0,79.0,2.7,5.0,19.1,139.0,1.4,2.3,8.2,3.5,5.0,0.7,1.0,3.0,0.333,1.5,,0.0,3.0,0.625,4.5,8.0,0.563,0.5,0.5,1.0,4.0,0.0,19.8,1.5,2.8,10.5,74.0,0.8,1.3,4.5,0.0,0.0,,0.5,0.333,16.2,0.0,0.0,0.563,0.667,0.75,0.667,0.7,0.714,0.333,4.0,0.0,79.0,0.071,1.0,0.094,0.125,0.188,0.625,0.219,0.375,139.0,14.0,20.0,0.7,4.0,12.0,0.333,6.0,,0.0,12.0,0.625,18.0,32.0,0.563,2.0,2.0,1.0,4.0,0.0,79.0,6.0,11.0,42.0,117.0,3.0,5.0,18.0,0.0
thomama02,Matt Thomas,https://www.basketball-reference.com/players/t/thomama02.html,2021-22,2022,27.0,CHI,SG,PG,73.0,PG,40.0,0.0,459.0,20.0,43.0,0.465,35.0,91.0,0.385,20.0,,3.0,47.0,0.541,55.0,134.0,0.41,16.0,20.0,0.8,3.0,18.0,161.0,384.0,8.0,8.0,50.0,0.0,0.5,1.1,0.465,0.9,2.3,0.385,0.5,,0.1,1.2,0.541,1.4,3.4,0.41,0.4,0.5,0.8,40.0,0.0,11.5,0.1,0.5,4.0,434.0,0.2,0.2,1.3,1.6,3.4,0.465,2.7,7.1,0.385,1.6,,0.2,3.7,0.541,4.3,10.5,0.41,1.3,1.6,0.8,40.0,0.0,459.0,0.2,1.4,12.6,384.0,0.6,0.6,3.9,2.1,4.6,0.465,3.7,9.7,0.385,2.1,,0.3,5.0,117.0,0.541,5.9,14.3,0.41,1.7,2.1,0.8,40.0,0.0,459.0,0.3,113.0,1.9,17.1,384.0,0.9,0.9,5.3,0.679,5.8,,0.6,-2.6,-1.5,11.5,0.2,0.149,40.0,0.0,459.0,-1.2,0.7,0.3,9.9,384.0,0.9,5.3,6.1,0.564,14.5,-0.1,0.6,0.058,,0,8,1,6,40,0,1,5,48,459,3.3,2.6,0,0,51,1,49,384,4,1,0.0,0.0,,0.5,0.242,22.6,0.0,0.0,0.41,1.0,0.273,0.552,0.465,0.0,0.385,40.0,0.0,459.0,0.85,0.886,0.007,0.082,0.216,0.321,0.015,0.679,384.0,2.5,-0.6,,40.0,0.0,87.0,170.0,109.0,102.0,89.0,103.0,60.0,100.0,459.0,384.0,0.465,0.679,0.385,0.541,0.41,0.8,0.149,0.564,,,,,,,,,,,,,,,,,,,,,,,,,,,,,,,,,,,,,,,,,,,,,,,,,,,,,,,,,,,,,,,,,,,,,,,,,,,,,,,,,,,,,,,,,,,,,,,,,,,,,,,,,,,,,,,,,,,,,,,,,,,,,,,,,,,,,,,,,,,,,,,,,,,,,,,,,,,,,,,,,,,,,,,,,,,,,,,,,,,,,,,,,,,,,,,,,,,,,,,,,,,,,
burketr01,Trey Burke,https://www.basketball-reference.com/players/b/burketr01.html,2021-22,2022,29.0,DAL,PG,PG,74.0,PG,42.0,0.0,441.0,58.0,133.0,0.436,26.0,82.0,0.317,57.0,,0.0,29.0,0.451,84.0,215.0,0.391,20.0,23.0,0.87,4.0,39.0,214.0,349.0,12.0,26.0,33.0,0.0,1.4,3.2,0.436,0.6,2.0,0.317,1.4,,0.0,0.7,0.451,2.0,5.1,0.391,0.5,0.5,0.87,42.0,0.0,10.5,0.1,0.9,5.1,381.0,0.3,0.6,0.8,4.7,10.9,0.436,2.1,6.7,0.317,4.7,,0.0,2.4,0.451,6.9,17.6,0.391,1.6,1.9,0.87,42.0,0.0,441.0,0.3,3.2,17.5,388.0,1.0,2.1,2.7,6.6,15.2,0.436,3.0,9.4,0.317,6.5,,0.0,3.3,113.0,0.451,9.6,24.5,0.391,2.3,2.6,0.87,42.0,0.0,441.0,0.5,97.0,4.5,24.4,388.0,1.4,3.0,3.8,0.381,20.7,,0.0,-5.0,-1.4,7.3,0.4,0.107,42.0,0.0,441.0,-3.6,1.0,-0.4,10.0,388.0,1.4,10.4,4.2,0.475,25.6,-0.3,0.0,0.003,,3,21,4,8,42,0,0,6,135,441,-5.4,-1.3,0,0,100,0,0,388,15,7,0.0,0.0,,0.583,0.146,17.0,0.0,0.0,0.391,0.714,0.444,0.32,0.436,0.429,0.317,42.0,0.0,441.0,0.259,0.846,0.098,0.126,0.233,0.619,0.163,0.381,388.0,-34.6,-40.8,,42.0,0.0,82.0,96.0,90.0,85.0,85.0,112.0,43.0,84.0,441.0,388.0,0.436,0.381,0.317,0.451,0.391,0.87,0.107,0.475,,10.0,0.0,110.0,114.0,113.0,111.0,108.0,129.0,110.0,115.0,37.0,165.0,0.583,0.455,0.4,0.591,0.5,1.0,0.273,0.649,0.455,23.6,,0.0,9.0,1.8,9.7,0.0,0.273,10.0,0.0,37.0,7.3,0.0,0.2,29.6,165.0,1.4,3.9,4.8,0.649,32.8,0.1,0.2,0.246,,0.0,0.0,0.0,1.0,10.0,0.0,1.0,2.0,9.0,37.0,-21.3,-19.7,0.0,0.0,100.0,0.0,0.0,165.0,0.0,1.0,9.8,16.8,0.583,5.6,14.0,0.4,5.6,,0.0,4.2,117.0,0.591,15.4,30.8,0.5,8.4,8.4,1.0,10.0,0.0,37.0,0.0,129.0,4.2,44.8,165.0,1.4,1.4,4.2,6.8,11.7,0.583,3.9,9.7,0.4,3.9,,0.0,2.9,0.591,10.7,21.4,0.5,5.8,5.8,1.0,10.0,0.0,37.0,0.0,2.9,31.1,165.0,1.0,1.0,2.9,0.7,1.2,0.583,0.4,1.0,0.4,0.4,,0.0,0.3,0.591,1.1,2.2,0.5,0.6,0.6,1.0,10.0,0.0,3.7,0.0,0.3,3.2,149.0,0.1,0.1,0.3,0.0,0.0,,0.0,0.1,16.3,0.0,0.0,0.5,0.0,1.0,1.0,0.583,0.5,0.4,10.0,0.0,37.0,0.0,1.0,0.091,0.091,0.091,0.545,0.273,0.455,165.0,7.0,12.0,0.583,4.0,10.0,0.4,4.0,,0.0,3.0,0.591,11.0,22.0,0.5,6.0,6.0,1.0,10.0,0.0,37.0,0.0,3.0,32.0,125.0,1.0,1.0,3.0,0.0
chiozch01,Chris Chiozza,https://www.basketball-reference.com/players/c/chiozch01.html,2021-22,2022,26.0,GSW,PG,PG,75.0,PG,34.0,1.0,372.0,7.0,28.0,0.25,17.0,53.0,0.321,65.0,,0.0,27.0,0.401,24.0,81.0,0.296,2.0,3.0,0.667,9.0,32.0,67.0,453.0,13.0,32.0,36.0,0.0,0.2,0.8,0.25,0.5,1.6,0.321,1.9,,0.0,0.8,0.401,0.7,2.4,0.296,0.1,0.1,0.667,34.0,1.0,10.9,0.3,0.9,2.0,526.0,0.4,0.9,1.1,0.7,2.7,0.25,1.6,5.1,0.321,6.3,,0.0,2.6,0.401,2.3,7.8,0.296,0.2,0.3,0.667,34.0,1.0,372.0,0.9,3.1,6.5,403.0,1.3,3.1,3.5,0.9,3.7,0.25,2.2,6.9,0.321,8.5,,0.0,3.5,110.0,0.401,3.1,10.6,0.296,0.3,0.4,0.667,34.0,1.0,372.0,1.2,88.0,4.2,8.8,403.0,1.7,4.2,4.7,0.654,22.5,,0.0,-6.0,-0.2,7.7,0.5,0.037,34.0,1.0,372.0,-5.7,2.7,-0.5,4.4,403.0,1.7,28.0,5.3,0.407,13.4,-0.4,0.0,-0.004,,1,16,8,1,34,1,1,6,158,372,-14.1,-7.1,0,0,100,0,0,403,18,11,0.0,0.0,,0.231,0.245,19.4,0.0,0.0,0.296,0.222,0.0,0.5,0.25,0.273,0.321,34.0,1.0,372.0,0.143,0.765,0.111,0.049,0.049,0.346,0.136,0.654,403.0,-21.1,-26.2,,34.0,1.0,47.0,164.0,91.0,75.0,64.0,86.0,15.0,72.0,372.0,403.0,0.25,0.654,0.321,0.401,0.296,0.667,0.037,0.407,,,,,,,,,,,,,,,,,,,,,,,,,,,,,,,,,,,,,,,,,,,,,,,,,,,,,,,,,,,,,,,,,,,,,,,,,,,,,,,,,,,,,,,,,,,,,,,,,,,,,,,,,,,,,,,,,,,,,,,,,,,,,,,,,,,,,,,,,,,,,,,,,,,,,,,,,,,,,,,,,,,,,,,,,,,,,,,,,,,,,,,,,,,,,,,,,,,,,,,,,,,,,
mcbrimi01,Miles McBride,https://www.basketball-reference.com/players/m/mcbrimi01.html,2021-22,2022,21.0,NYK,PG,PG,75.0,PG,40.0,2.0,372.0,15.0,40.0,0.375,17.0,68.0,0.25,41.0,,1.0,38.0,0.375,32.0,108.0,0.296,8.0,12.0,0.667,4.0,45.0,89.0,432.0,14.0,5.0,42.0,0.0,0.4,1.0,0.375,0.4,1.7,0.25,1.0,,0.0,1.0,0.375,0.8,2.7,0.296,0.2,0.3,0.667,40.0,2.0,9.3,0.1,1.1,2.2,517.0,0.4,0.1,1.1,1.5,3.9,0.375,1.6,6.6,0.25,4.0,,0.1,3.7,0.375,3.1,10.5,0.296,0.8,1.2,0.667,40.0,2.0,372.0,0.4,4.4,8.6,402.0,1.4,0.5,4.1,2.0,5.4,0.375,2.3,9.1,0.25,5.5,,0.1,5.1,112.0,0.375,4.3,14.5,0.296,1.1,1.6,0.667,40.0,2.0,372.0,0.5,98.0,6.1,12.0,402.0,1.9,0.7,5.6,0.63,15.9,,0.3,-4.5,1.0,11.2,0.4,0.111,40.0,2.0,372.0,-5.5,1.1,-0.1,6.1,402.0,1.9,4.2,6.1,0.393,13.9,-0.2,0.2,0.032,,0,20,2,4,40,2,1,4,105,372,16.5,15.2,0,0,100,0,0,402,2,2,0.0,0.0,,0.353,0.25,19.1,0.0,0.009,0.296,0.6,0.0,0.308,0.375,0.2,0.25,40.0,2.0,372.0,0.267,0.765,0.139,0.019,0.12,0.37,0.093,0.63,402.0,-33.8,-39.2,,40.0,2.0,70.0,158.0,71.0,71.0,64.0,86.0,45.0,69.0,372.0,402.0,0.375,0.63,0.25,0.375,0.296,0.667,0.111,0.393,,,,,,,,,,,,,,,,,,,,,,,,,,,,,,,,,,,,,,,,,,,,,,,,,,,,,,,,,,,,,,,,,,,,,,,,,,,,,,,,,,,,,,,,,,,,,,,,,,,,,,,,,,,,,,,,,,,,,,,,,,,,,,,,,,,,,,,,,,,,,,,,,,,,,,,,,,,,,,,,,,,,,,,,,,,,,,,,,,,,,,,,,,,,,,,,,,,,,,,,,,,,,
fultzma01,Markelle Fultz,https://www.basketball-reference.com/players/f/fultzma01.html,2021-22,2022,23.0,ORL,PG,PG,77.0,PG,18.0,3.0,360.0,79.0,158.0,0.5,4.0,17.0,0.235,99.0,,5.0,45.0,0.486,83.0,175.0,0.474,25.0,31.0,0.806,4.0,22.0,195.0,365.0,20.0,40.0,49.0,0.0,4.4,8.8,0.5,0.2,0.9,0.235,5.5,,0.3,2.5,0.486,4.6,9.7,0.474,1.4,1.7,0.806,18.0,3.0,20.0,0.2,1.2,10.8,158.0,1.1,2.2,2.7,7.9,15.8,0.5,0.4,1.7,0.235,9.9,,0.5,4.5,0.486,8.3,17.5,0.474,2.5,3.1,0.806,18.0,3.0,360.0,0.4,2.2,19.5,408.0,2.0,4.0,4.9,10.6,21.2,0.5,0.5,2.3,0.235,13.3,,0.7,6.0,111.0,0.486,11.2,23.5,0.474,3.4,4.2,0.806,18.0,3.0,360.0,0.5,102.0,3.0,26.2,408.0,2.7,5.4,6.6,0.097,48.9,,1.3,0.2,0.4,13.2,0.4,0.177,18.0,3.0,360.0,-0.1,1.2,0.0,17.7,408.0,2.7,17.5,7.2,0.517,27.5,0.2,0.4,0.053,,1,14,3,15,18,3,7,13,246,360,4.8,-3.9,0,0,69,1,30,408,23,15,3.0,0.0,,0.5,0.118,11.1,2.0,0.011,0.474,0.775,0.459,0.37,0.5,0.389,0.235,18.0,3.0,360.0,0.177,0.5,0.229,0.211,0.154,0.903,0.309,0.097,408.0,-16.1,-18.5,,18.0,3.0,94.0,24.0,67.0,91.0,103.0,104.0,71.0,91.0,360.0,408.0,0.5,0.097,0.235,0.486,0.474,0.806,0.177,0.517,,,,,,,,,,,,,,,,,,,,,,,,,,,,,,,,,,,,,,,,,,,,,,,,,,,,,,,,,,,,,,,,,,,,,,,,,,,,,,,,,,,,,,,,,,,,,,,,,,,,,,,,,,,,,,,,,,,,,,,,,,,,,,,,,,,,,,,,,,,,,,,,,,,,,,,,,,,,,,,,,,,,,,,,,,,,,,,,,,,,,,,,,,,,,,,,,,,,,,,,,,,,,
dukeda01,David Duke Jr.,https://www.basketball-reference.com/players/d/dukeda01.html,2021-22,2022,22.0,BRK,PG,PG,78.0,PG,22.0,7.0,341.0,30.0,71.0,0.423,9.0,37.0,0.243,17.0,,7.0,37.0,0.403,39.0,108.0,0.361,17.0,21.0,0.81,30.0,36.0,104.0,418.0,14.0,9.0,67.0,0.0,1.4,3.2,0.423,0.4,1.7,0.243,0.8,,0.3,1.7,0.403,1.8,4.9,0.361,0.8,1.0,0.81,22.0,7.0,15.5,1.4,1.6,4.7,394.0,0.6,0.4,3.0,3.2,7.5,0.423,1.0,3.9,0.243,1.8,,0.7,3.9,0.403,4.1,11.4,0.361,1.8,2.2,0.81,22.0,7.0,341.0,3.2,3.8,11.0,416.0,1.5,1.0,7.1,4.3,10.1,0.423,1.3,5.3,0.243,2.4,,1.0,5.3,113.0,0.403,5.5,15.4,0.361,2.4,3.0,0.81,22.0,7.0,341.0,4.3,104.0,5.1,14.8,416.0,2.0,1.3,9.5,0.343,6.6,,1.8,-3.9,-0.9,11.5,0.3,0.194,22.0,7.0,341.0,-3.0,9.8,0.0,10.0,416.0,2.0,7.1,10.7,0.444,15.9,-0.2,0.3,0.048,,1,16,1,8,22,7,1,11,39,341,-3.1,-1.4,0,0,61,0,39,416,4,1,0.0,0.0,,0.3,0.541,10.6,10.0,0.093,0.361,0.5,0.0,0.5,0.423,0.214,0.243,22.0,7.0,341.0,0.567,1.0,0.463,0.028,0.037,0.657,0.13,0.343,416.0,-27.8,-28.7,,22.0,7.0,79.0,86.0,69.0,76.0,78.0,105.0,78.0,78.0,341.0,416.0,0.423,0.343,0.243,0.403,0.361,0.81,0.194,0.444,,,,,,,,,,,,,,,,,,,,,,,,,,,,,,,,,,,,,,,,,,,,,,,,,,,,,,,,,,,,,,,,,,,,,,,,,,,,,,,,,,,,,,,,,,,,,,,,,,,,,,,,,,,,,,,,,,,,,,,,,,,,,,,,,,,,,,,,,,,,,,,,,,,,,,,,,,,,,,,,,,,,,,,,,,,,,,,,,,,,,,,,,,,,,,,,,,,,,,,,,,,,,
lewiski01,Kira Lewis Jr.,https://www.basketball-reference.com/players/l/lewiski01.html,2021-22,2022,20.0,NOP,PG,PG,78.0,PG,24.0,0.0,341.0,46.0,88.0,0.523,13.0,58.0,0.224,49.0,,1.0,30.0,0.449,59.0,146.0,0.404,10.0,12.0,0.833,9.0,17.0,141.0,397.0,11.0,26.0,39.0,0.0,1.9,3.7,0.523,0.5,2.4,0.224,2.0,,0.0,1.3,0.449,2.5,6.1,0.404,0.4,0.5,0.833,24.0,0.0,14.2,0.4,0.7,5.9,348.0,0.5,1.1,1.6,4.9,9.3,0.523,1.4,6.1,0.224,5.2,,0.1,3.2,0.449,6.2,15.4,0.404,1.1,1.3,0.833,24.0,0.0,341.0,1.0,1.8,14.9,415.0,1.2,2.7,4.1,6.7,12.7,0.523,1.9,8.4,0.224,7.1,,0.1,4.3,116.0,0.449,8.5,21.1,0.404,1.4,1.7,0.833,24.0,0.0,341.0,1.3,96.0,2.5,20.4,415.0,1.6,3.8,5.6,0.397,21.7,,0.3,-4.0,-1.2,10.0,0.2,0.082,24.0,0.0,341.0,-2.8,2.9,-0.3,9.8,415.0,1.6,14.7,6.3,0.466,22.3,-0.2,-0.1,-0.017,,0,7,4,6,24,0,2,6,120,341,-15.8,-15.5,0,0,92,0,8,415,18,5,3.0,0.0,,0.308,0.224,14.5,3.0,0.027,0.404,0.694,0.333,0.333,0.523,0.4,0.224,24.0,0.0,341.0,0.435,0.846,0.247,0.103,0.062,0.603,0.171,0.397,415.0,-24.3,-30.2,,24.0,0.0,98.0,99.0,63.0,84.0,88.0,108.0,33.0,82.0,341.0,415.0,0.523,0.397,0.224,0.449,0.404,0.833,0.082,0.466,,,,,,,,,,,,,,,,,,,,,,,,,,,,,,,,,,,,,,,,,,,,,,,,,,,,,,,,,,,,,,,,,,,,,,,,,,,,,,,,,,,,,,,,,,,,,,,,,,,,,,,,,,,,,,,,,,,,,,,,,,,,,,,,,,,,,,,,,,,,,,,,,,,,,,,,,,,,,,,,,,,,,,,,,,,,,,,,,,,,,,,,,,,,,,,,,,,,,,,,,,,,,
dunnkr01,Kris Dunn,https://www.basketball-reference.com/players/d/dunnkr01.html,2021-22,2022,27.0,POR,PG,PG,80.0,PG,14.0,3.0,336.0,43.0,91.0,0.473,1.0,11.0,0.091,79.0,,3.0,40.0,0.436,44.0,102.0,0.431,17.0,18.0,0.944,9.0,38.0,106.0,417.0,23.0,32.0,49.0,0.0,3.1,6.5,0.473,0.1,0.8,0.091,5.6,,0.2,2.9,0.436,3.1,7.3,0.431,1.2,1.3,0.944,14.0,3.0,24.0,0.6,2.7,7.6,267.0,1.6,2.3,3.5,4.6,9.7,0.473,0.1,1.2,0.091,8.5,,0.3,4.3,0.436,4.7,10.9,0.431,1.8,1.9,0.944,14.0,3.0,336.0,1.0,4.1,11.4,419.0,2.5,3.4,5.2,6.3,13.2,0.473,0.1,1.6,0.091,11.5,,0.4,5.8,114.0,0.436,6.4,14.8,0.431,2.5,2.6,0.944,14.0,3.0,336.0,1.3,100.0,5.5,15.4,419.0,3.3,4.7,7.1,0.108,35.1,,0.9,-5.4,-0.8,13.6,0.3,0.176,14.0,3.0,336.0,-4.6,2.8,-0.1,12.5,419.0,3.3,22.5,8.0,0.482,18.3,-0.3,0.2,0.024,,1,17,0,10,14,3,4,11,188,336,-3.7,-12.3,0,0,72,0,28,419,16,12,0.0,0.0,,,0.0,9.1,4.0,0.049,0.431,0.607,0.455,0.4,0.473,0.405,0.091,14.0,3.0,336.0,0.14,1.0,0.275,0.108,0.098,0.892,0.412,0.108,419.0,-19.5,-18.4,,14.0,3.0,89.0,27.0,26.0,82.0,94.0,122.0,71.0,85.0,336.0,419.0,0.473,0.108,0.091,0.436,0.431,0.944,0.176,0.482,,,,,,,,,,,,,,,,,,,,,,,,,,,,,,,,,,,,,,,,,,,,,,,,,,,,,,,,,,,,,,,,,,,,,,,,,,,,,,,,,,,,,,,,,,,,,,,,,,,,,,,,,,,,,,,,,,,,,,,,,,,,,,,,,,,,,,,,,,,,,,,,,,,,,,,,,,,,,,,,,,,,,,,,,,,,,,,,,,,,,,,,,,,,,,,,,,,,,,,,,,,,,
thomais02,Isaiah Thomas,https://www.basketball-reference.com/players/t/thomais02.html,2021-22,2022,32.0,3TM,PG,PG,81.0,PG,22.0,1.0,333.0,39.0,84.0,0.464,28.0,83.0,0.337,34.0,,5.0,25.0,0.485,67.0,167.0,0.401,22.0,26.0,0.846,4.0,34.0,184.0,371.0,7.0,15.0,29.0,0.0,1.8,3.8,0.464,1.3,3.8,0.337,1.5,,0.2,1.1,0.485,3.0,7.6,0.401,1.0,1.2,0.846,22.0,1.0,15.1,0.2,1.5,8.4,236.0,0.3,0.7,1.3,4.2,9.1,0.464,3.0,9.0,0.337,3.7,,0.5,2.7,0.485,7.2,18.1,0.401,2.4,2.8,0.846,22.0,1.0,333.0,0.4,3.7,19.9,420.0,0.8,1.6,3.1,5.6,12.1,0.464,4.0,12.0,0.337,4.9,,0.7,3.6,117.0,0.485,9.7,24.1,0.401,3.2,3.8,0.846,22.0,1.0,333.0,0.6,104.0,4.9,26.6,420.0,1.0,2.2,4.2,0.497,15.7,,1.4,-4.5,-2.6,8.1,0.1,0.156,22.0,1.0,333.0,-1.9,1.3,0.0,12.0,420.0,1.0,7.8,4.6,0.516,24.8,-0.2,0.2,0.026,,1,13,1,10,22,1,1,8,80,333,-2.7,-3.2,0,0,100,0,0,420,9,3,0.0,0.0,,0.35,0.241,17.5,0.0,0.0,0.401,0.571,0.636,0.545,0.464,0.233,0.337,22.0,1.0,333.0,0.487,0.786,0.126,0.132,0.066,0.503,0.18,0.497,420.0,-15.6,-18.0,,22.0,1.0,87.0,124.0,95.0,91.0,87.0,109.0,63.0,91.0,333.0,420.0,0.464,0.497,0.337,0.485,0.401,0.846,0.156,0.516,,,,,,,,,,,,,,,,,,,,,,,,,,,,,,,,,,,,,,,,,,,,,,,,,,,,,,,,,,,,,,,,,,,,,,,,,,,,,,,,,,,,,,,,,,,,,,,,,,,,,,,,,,,,,,,,,,,,,,,,,,,,,,,,,,,,,,,,,,,,,,,,,,,,,,,,,,,,,,,,,,,,,,,,,,,,,,,,,,,,,,,,,,,,,,,,,,,,,,,,,,,,,
wanambr01,Brad Wanamaker,https://www.basketball-reference.com/players/w/wanambr01.html,2021-22,2022,32.0,2TM,PG,PG,82.0,PG,23.0,2.0,320.0,24.0,60.0,0.4,4.0,17.0,0.235,55.0,,6.0,33.0,0.39,28.0,77.0,0.364,23.0,25.0,0.92,6.0,45.0,83.0,437.0,7.0,23.0,39.0,0.0,1.0,2.6,0.4,0.2,0.7,0.235,2.4,,0.3,1.4,0.39,1.2,3.3,0.364,1.0,1.1,0.92,23.0,2.0,13.9,0.3,2.0,3.6,449.0,0.3,1.0,1.7,2.7,6.8,0.4,0.5,1.9,0.235,6.2,,0.7,3.7,0.39,3.2,8.7,0.364,2.6,2.8,0.92,23.0,2.0,320.0,0.7,5.1,9.3,421.0,0.8,2.6,4.4,3.7,9.2,0.4,0.6,2.6,0.235,8.4,,0.9,5.1,118.0,0.39,4.3,11.8,0.364,3.5,3.8,0.92,23.0,2.0,320.0,0.9,100.0,6.9,12.7,421.0,1.1,3.5,6.0,0.221,22.4,,1.6,-5.8,-0.5,11.6,0.1,0.325,23.0,2.0,320.0,-5.3,2.1,-0.1,7.5,421.0,1.1,20.7,6.8,0.472,14.9,-0.3,0.0,0.004,,1,16,1,10,23,2,5,12,133,320,-0.9,-4.6,0,0,92,0,8,421,14,4,1.0,0.0,,0.0,0.118,13.3,0.0,0.0,0.364,0.438,0.462,0.231,0.4,0.467,0.235,23.0,2.0,320.0,0.458,0.75,0.208,0.169,0.169,0.779,0.195,0.221,421.0,-21.9,-16.7,,23.0,2.0,75.0,55.0,67.0,73.0,79.0,119.0,131.0,83.0,320.0,421.0,0.4,0.221,0.235,0.39,0.364,0.92,0.325,0.472,,,,,,,,,,,,,,,,,,,,,,,,,,,,,,,,,,,,,,,,,,,,,,,,,,,,,,,,,,,,,,,,,,,,,,,,,,,,,,,,,,,,,,,,,,,,,,,,,,,,,,,,,,,,,,,,,,,,,,,,,,,,,,,,,,,,,,,,,,,,,,,,,,,,,,,,,,,,,,,,,,,,,,,,,,,,,,,,,,,,,,,,,,,,,,,,,,,,,,,,,,,,,
robinju01,Justin Robinson,https://www.basketball-reference.com/players/r/robinju01.html,2021-22,2022,24.0,3TM,PG,PG,83.0,PG,25.0,0.0,304.0,10.0,32.0,0.313,18.0,61.0,0.295,32.0,,1.0,17.0,0.398,28.0,93.0,0.301,4.0,8.0,0.5,4.0,27.0,78.0,444.0,9.0,17.0,21.0,0.0,0.4,1.3,0.313,0.7,2.4,0.295,1.3,,0.0,0.7,0.398,1.1,3.7,0.301,0.2,0.3,0.5,25.0,0.0,12.2,0.2,1.1,3.1,474.0,0.4,0.7,0.8,1.2,3.8,0.313,2.1,7.2,0.295,3.8,,0.1,2.0,0.398,3.3,11.0,0.301,0.5,0.9,0.5,25.0,0.0,304.0,0.5,3.2,9.2,425.0,1.1,2.0,2.5,1.6,5.1,0.313,2.9,9.7,0.295,5.1,,0.2,2.7,116.0,0.398,4.4,14.8,0.301,0.6,1.3,0.5,25.0,0.0,304.0,0.6,85.0,4.3,12.4,425.0,1.4,2.7,3.3,0.656,14.0,,0.3,-7.6,-1.3,6.0,0.2,0.086,25.0,0.0,304.0,-6.4,1.4,-0.5,3.6,425.0,1.4,15.0,3.7,0.404,16.0,-0.4,-0.3,-0.055,,0,18,11,1,25,0,0,1,77,304,-18.3,-18.3,0,0,86,0,14,425,11,3,2.0,0.0,,0.375,0.262,20.1,0.0,0.0,0.301,0.833,0.182,0.25,0.313,0.143,0.295,25.0,0.0,304.0,0.2,0.778,0.065,0.118,0.086,0.344,0.075,0.656,425.0,-24.9,-31.3,,25.0,0.0,59.0,164.0,83.0,75.0,65.0,65.0,35.0,71.0,304.0,425.0,0.313,0.656,0.295,0.398,0.301,0.5,0.086,0.404,,,,,,,,,,,,,,,,,,,,,,,,,,,,,,,,,,,,,,,,,,,,,,,,,,,,,,,,,,,,,,,,,,,,,,,,,,,,,,,,,,,,,,,,,,,,,,,,,,,,,,,,,,,,,,,,,,,,,,,,,,,,,,,,,,,,,,,,,,,,,,,,,,,,,,,,,,,,,,,,,,,,,,,,,,,,,,,,,,,,,,,,,,,,,,,,,,,,,,,,,,,,,
muldemy01,Mychal Mulder,https://www.basketball-reference.com/players/m/muldemy01.html,2021-22,2022,27.0,2TM,PG,PG,84.0,PG,17.0,3.0,239.0,7.0,23.0,0.304,17.0,54.0,0.315,5.0,,2.0,22.0,0.422,24.0,77.0,0.312,4.0,4.0,1.0,2.0,13.0,69.0,452.0,4.0,8.0,24.0,0.0,0.4,1.4,0.304,1.0,3.2,0.315,0.3,,0.1,1.3,0.422,1.4,4.5,0.312,0.2,0.2,1.0,17.0,3.0,14.1,0.1,0.8,4.1,422.0,0.2,0.5,1.4,1.1,3.5,0.304,2.6,8.1,0.315,0.8,,0.3,3.3,0.422,3.6,11.6,0.312,0.6,0.6,1.0,17.0,3.0,239.0,0.3,2.0,10.4,438.0,0.6,1.2,3.6,1.4,4.7,0.304,3.5,11.0,0.315,1.0,,0.4,4.5,116.0,0.422,4.9,15.7,0.312,0.8,0.8,1.0,17.0,3.0,239.0,0.4,83.0,2.6,14.0,438.0,0.8,1.6,4.9,0.701,3.0,,0.8,-7.7,-1.8,9.8,0.1,0.052,17.0,3.0,239.0,-5.9,0.9,-0.4,3.7,438.0,0.8,9.2,5.3,0.438,15.8,-0.3,-0.2,-0.05,,1,4,1,2,17,3,0,7,14,239,-6.2,-11.8,0,0,87,0,13,438,5,1,0.0,0.0,,0.385,0.241,20.8,2.0,0.039,0.312,0.556,0.5,0.25,0.304,0.0,0.315,17.0,3.0,239.0,0.571,1.0,0.117,0.026,0.052,0.299,0.104,0.701,438.0,-16.8,-20.1,,17.0,3.0,57.0,176.0,89.0,79.0,68.0,129.0,21.0,77.0,239.0,438.0,0.304,0.701,0.315,0.422,0.312,1.0,0.052,0.438,,,,,,,,,,,,,,,,,,,,,,,,,,,,,,,,,,,,,,,,,,,,,,,,,,,,,,,,,,,,,,,,,,,,,,,,,,,,,,,,,,,,,,,,,,,,,,,,,,,,,,,,,,,,,,,,,,,,,,,,,,,,,,,,,,,,,,,,,,,,,,,,,,,,,,,,,,,,,,,,,,,,,,,,,,,,,,,,,,,,,,,,,,,,,,,,,,,,,,,,,,,,,
fraziti01,Tim Frazier,https://www.basketball-reference.com/players/f/fraziti01.html,2021-22,2022,31.0,2TM,PG,PG,85.0,PG,12.0,3.0,208.0,8.0,28.0,0.286,6.0,17.0,0.353,34.0,,1.0,14.0,0.378,14.0,45.0,0.311,5.0,9.0,0.556,5.0,27.0,39.0,482.0,3.0,15.0,19.0,0.0,0.7,2.3,0.286,0.5,1.4,0.353,2.8,,0.1,1.2,0.378,1.2,3.8,0.311,0.4,0.8,0.556,12.0,3.0,17.3,0.4,2.3,3.3,466.0,0.3,1.3,1.6,1.4,4.8,0.286,1.0,2.9,0.353,5.9,,0.2,2.4,0.378,2.4,7.8,0.311,0.9,1.6,0.556,12.0,3.0,208.0,0.9,4.7,6.8,445.0,0.5,2.6,3.3,1.9,6.5,0.286,1.4,4.0,0.353,7.9,,0.2,3.3,117.0,0.378,3.3,10.5,0.311,1.2,2.1,0.556,12.0,3.0,208.0,1.2,87.0,6.3,9.1,445.0,0.7,3.5,4.4,0.378,22.5,,0.4,-8.6,-1.8,7.1,0.1,0.2,12.0,3.0,208.0,-6.8,2.5,-0.3,3.3,445.0,0.7,23.5,4.8,0.398,13.3,-0.3,-0.2,-0.046,,2,8,4,4,12,3,1,2,79,208,-11.9,-19.2,0,0,100,0,0,445,9,3,0.0,0.0,,0.25,0.235,16.2,0.0,0.0,0.311,1.0,0.167,0.182,0.286,0.25,0.353,12.0,3.0,208.0,0.375,0.833,0.067,0.133,0.244,0.622,0.178,0.378,445.0,-13.8,-16.5,,12.0,3.0,54.0,95.0,100.0,71.0,67.0,72.0,81.0,70.0,208.0,445.0,0.286,0.378,0.353,0.378,0.311,0.556,0.2,0.398,,,,,,,,,,,,,,,,,,,,,,,,,,,,,,,,,,,,,,,,,,,,,,,,,,,,,,,,,,,,,,,,,,,,,,,,,,,,,,,,,,,,,,,,,,,,,,,,,,,,,,,,,,,,,,,,,,,,,,,,,,,,,,,,,,,,,,,,,,,,,,,,,,,,,,,,,,,,,,,,,,,,,,,,,,,,,,,,,,,,,,,,,,,,,,,,,,,,,,,,,,,,,
smartja01,Javonte Smart,https://www.basketball-reference.com/players/s/smartja01.html,2021-22,2022,22.0,2TM,PG,PG,86.0,PG,17.0,1.0,200.0,11.0,33.0,0.333,8.0,27.0,0.296,16.0,,3.0,19.0,0.383,19.0,60.0,0.317,5.0,6.0,0.833,5.0,12.0,51.0,466.0,6.0,11.0,24.0,0.0,0.6,1.9,0.333,0.5,1.6,0.296,0.9,,0.2,1.1,0.383,1.1,3.5,0.317,0.3,0.4,0.833,17.0,1.0,11.8,0.3,0.7,3.0,480.0,0.4,0.6,1.4,2.0,5.9,0.333,1.4,4.9,0.296,2.9,,0.5,3.4,0.383,3.4,10.8,0.317,0.9,1.1,0.833,17.0,1.0,200.0,0.9,2.2,9.2,450.0,1.1,2.0,4.3,2.7,8.0,0.333,1.9,6.5,0.296,3.9,,0.7,4.6,113.0,0.383,4.6,14.5,0.317,1.2,1.5,0.833,17.0,1.0,200.0,1.2,84.0,2.9,12.3,450.0,1.5,2.7,5.8,0.45,10.4,,1.5,-6.6,-0.8,10.0,0.2,0.1,17.0,1.0,200.0,-5.9,2.7,-0.3,5.1,450.0,1.5,14.9,6.5,0.407,15.9,-0.2,-0.2,-0.038,,0,7,0,3,17,1,0,8,38,200,-14.0,-10.1,0,0,47,10,44,450,7,3,1.0,0.0,,0.5,0.148,16.9,0.0,0.0,0.317,0.545,0.125,0.25,0.333,0.3,0.296,17.0,1.0,200.0,0.364,0.875,0.183,0.133,0.067,0.55,0.167,0.45,450.0,-17.8,-19.9,,17.0,1.0,63.0,113.0,84.0,72.0,69.0,108.0,40.0,72.0,200.0,450.0,0.333,0.45,0.296,0.383,0.317,0.833,0.1,0.407,,,,,,,,,,,,,,,,,,,,,,,,,,,,,,,,,,,,,,,,,,,,,,,,,,,,,,,,,,,,,,,,,,,,,,,,,,,,,,,,,,,,,,,,,,,,,,,,,,,,,,,,,,,,,,,,,,,,,,,,,,,,,,,,,,,,,,,,,,,,,,,,,,,,,,,,,,,,,,,,,,,,,,,,,,,,,,,,,,,,,,,,,,,,,,,,,,,,,,,,,,,,,
wiggili01,Lindell Wigginton,https://www.basketball-reference.com/players/w/wiggili01.html,2021-22,2022,23.0,MIL,PG,PG,87.0,PG,19.0,0.0,199.0,17.0,35.0,0.486,9.0,26.0,0.346,23.0,,1.0,22.0,0.5,26.0,61.0,0.426,19.0,35.0,0.543,3.0,17.0,80.0,442.0,5.0,12.0,25.0,0.0,0.9,1.8,0.486,0.5,1.4,0.346,1.2,,0.1,1.2,0.5,1.4,3.2,0.426,1.0,1.8,0.543,19.0,0.0,10.5,0.2,0.9,4.2,420.0,0.3,0.6,1.3,3.1,6.3,0.486,1.6,4.7,0.346,4.2,,0.2,4.0,0.5,4.7,11.0,0.426,3.4,6.3,0.543,19.0,0.0,199.0,0.5,3.1,14.5,451.0,0.9,2.2,4.5,4.1,8.4,0.486,2.2,6.3,0.346,5.6,,0.2,5.3,114.0,0.5,6.3,14.7,0.426,4.6,8.4,0.543,19.0,0.0,199.0,0.7,105.0,4.1,19.3,451.0,1.2,2.9,6.0,0.426,15.7,,0.5,-5.0,-1.9,11.5,0.1,0.574,19.0,0.0,199.0,-3.2,1.6,0.0,10.2,451.0,1.2,13.6,6.7,0.524,19.0,-0.2,0.2,0.044,,1,11,4,15,19,0,2,6,51,199,-14.3,-10.4,0,0,75,0,25,451,8,2,0.0,0.0,,0.625,0.308,12.7,0.0,0.016,0.426,0.609,0.0,,0.486,0.273,0.346,19.0,0.0,199.0,0.765,1.0,0.377,0.016,0.0,0.574,0.18,0.426,451.0,-3.9,-6.5,,19.0,0.0,91.0,107.0,98.0,94.0,92.0,70.0,231.0,93.0,199.0,451.0,0.486,0.426,0.346,0.5,0.426,0.543,0.574,0.524,,,,,,,,,,,,,,,,,,,,,,,,,,,,,,,,,,,,,,,,,,,,,,,,,,,,,,,,,,,,,,,,,,,,,,,,,,,,,,,,,,,,,,,,,,,,,,,,,,,,,,,,,,,,,,,,,,,,,,,,,,,,,,,,,,,,,,,,,,,,,,,,,,,,,,,,,,,,,,,,,,,,,,,,,,,,,,,,,,,,,,,,,,,,,,,,,,,,,,,,,,,,,
guyky01,Kyle Guy,https://www.basketball-reference.com/players/g/guyky01.html,2021-22,2022,24.0,MIA,SG,PG,88.0,PG,19.0,0.0,186.0,12.0,25.0,0.48,14.0,40.0,0.35,17.0,,1.0,13.0,0.508,26.0,65.0,0.4,8.0,12.0,0.667,4.0,12.0,74.0,448.0,7.0,13.0,17.0,0.0,0.6,1.3,0.48,0.7,2.1,0.35,0.9,,0.1,0.7,0.508,1.4,3.4,0.4,0.4,0.6,0.667,19.0,0.0,9.8,0.2,0.6,3.9,437.0,0.4,0.7,0.9,2.3,4.8,0.48,2.7,7.7,0.35,3.3,,0.2,2.5,0.508,5.0,12.6,0.4,1.5,2.3,0.667,19.0,0.0,186.0,0.8,2.3,14.3,457.0,1.4,2.5,3.3,3.2,6.7,0.48,3.8,10.8,0.35,4.6,,0.3,3.5,111.0,0.508,7.0,17.5,0.4,2.2,3.2,0.667,19.0,0.0,186.0,1.1,99.0,3.2,19.9,457.0,1.9,3.5,4.6,0.615,13.5,,0.6,-3.4,-0.3,7.8,0.2,0.185,19.0,0.0,186.0,-3.1,2.5,-0.1,9.5,457.0,1.9,15.6,5.2,0.526,19.9,-0.1,0.1,0.035,,0,9,3,4,19,0,1,3,41,186,-18.6,-13.1,0,0,50,0,50,457,10,2,0.0,0.0,,0.444,0.225,18.7,0.0,0.0,0.4,0.857,0.5,0.8,0.48,0.091,0.35,19.0,0.0,186.0,0.5,0.786,0.108,0.031,0.077,0.385,0.169,0.615,457.0,-3.1,-5.6,,19.0,0.0,90.0,154.0,99.0,95.0,87.0,86.0,74.0,93.0,186.0,457.0,0.48,0.615,0.35,0.508,0.4,0.667,0.185,0.526,,,,,,,,,,,,,,,,,,,,,,,,,,,,,,,,,,,,,,,,,,,,,,,,,,,,,,,,,,,,,,,,,,,,,,,,,,,,,,,,,,,,,,,,,,,,,,,,,,,,,,,,,,,,,,,,,,,,,,,,,,,,,,,,,,,,,,,,,,,,,,,,,,,,,,,,,,,,,,,,,,,,,,,,,,,,,,,,,,,,,,,,,,,,,,,,,,,,,,,,,,,,,
simpsza01,Zavier Simpson,https://www.basketball-reference.com/players/s/simpsza01.html,2021-22,2022,24.0,OKC,PG,PG,89.0,PG,4.0,4.0,174.0,18.0,44.0,0.409,1.0,8.0,0.125,30.0,,4.0,19.0,0.375,19.0,52.0,0.365,5.0,5.0,1.0,2.0,15.0,44.0,477.0,5.0,10.0,21.0,0.0,4.5,11.0,0.409,0.3,2.0,0.125,7.5,,1.0,4.8,0.375,4.8,13.0,0.365,1.3,1.3,1.0,4.0,4.0,43.5,0.5,3.8,11.0,155.0,1.3,2.5,5.3,3.7,9.1,0.409,0.2,1.7,0.125,6.2,,0.8,3.9,0.375,3.9,10.8,0.365,1.0,1.0,1.0,4.0,4.0,174.0,0.4,3.1,9.1,464.0,1.0,2.1,4.3,5.0,12.3,0.409,0.3,2.2,0.125,8.4,,1.1,5.3,114.0,0.375,5.3,14.6,0.365,1.4,1.4,1.0,4.0,4.0,174.0,0.6,91.0,4.2,12.3,464.0,1.4,2.8,5.9,0.154,25.2,,2.1,-7.9,-1.9,11.4,0.1,0.096,4.0,4.0,174.0,-6.0,1.2,-0.2,7.7,464.0,1.4,15.6,6.2,0.406,15.9,-0.3,-0.1,-0.018,,1,7,0,3,4,4,1,7,76,174,-18.6,-26.1,0,0,100,0,0,464,7,1,0.0,0.0,,,0.0,9.1,0.0,0.0,0.365,0.538,0.4,0.0,0.409,0.391,0.125,4.0,4.0,174.0,0.222,1.0,0.25,0.096,0.058,0.846,0.442,0.154,464.0,-16.3,-17.4,,4.0,4.0,77.0,39.0,35.0,71.0,79.0,129.0,39.0,72.0,174.0,464.0,0.409,0.154,0.125,0.375,0.365,1.0,0.096,0.406,,,,,,,,,,,,,,,,,,,,,,,,,,,,,,,,,,,,,,,,,,,,,,,,,,,,,,,,,,,,,,,,,,,,,,,,,,,,,,,,,,,,,,,,,,,,,,,,,,,,,,,,,,,,,,,,,,,,,,,,,,,,,,,,,,,,,,,,,,,,,,,,,,,,,,,,,,,,,,,,,,,,,,,,,,,,,,,,,,,,,,,,,,,,,,,,,,,,,,,,,,,,,
graveha01,Hassani Gravett,https://www.basketball-reference.com/players/g/graveha01.html,2021-22,2022,25.0,ORL,PG,PG,90.0,PG,8.0,3.0,171.0,7.0,12.0,0.583,11.0,26.0,0.423,20.0,,1.0,20.0,0.618,18.0,38.0,0.474,3.0,4.0,0.75,1.0,13.0,50.0,469.0,5.0,9.0,21.0,0.0,0.9,1.5,0.583,1.4,3.3,0.423,2.5,,0.1,2.5,0.618,2.3,4.8,0.474,0.4,0.5,0.75,8.0,3.0,21.4,0.1,1.6,6.3,325.0,0.6,1.1,2.6,1.5,2.5,0.583,2.3,5.5,0.423,4.2,,0.2,4.2,0.618,3.8,8.0,0.474,0.6,0.8,0.75,8.0,3.0,171.0,0.2,2.7,10.5,466.0,1.1,1.9,4.4,2.0,3.4,0.583,3.1,7.4,0.423,5.7,,0.3,5.7,114.0,0.618,5.1,10.7,0.474,0.8,1.1,0.75,8.0,3.0,171.0,0.3,113.0,3.7,14.1,466.0,1.4,2.5,5.9,0.684,17.0,,0.5,-2.3,0.2,12.4,0.1,0.105,8.0,3.0,171.0,-2.4,0.6,0.1,10.1,466.0,1.4,18.5,6.5,0.629,12.3,0.0,0.3,0.071,,0,7,1,2,8,3,0,3,50,171,8.3,-0.3,0,0,87,0,13,466,8,1,1.0,0.0,,0.6,0.192,20.9,0.0,0.0,0.474,0.333,1.0,0.5,0.583,0.5,0.423,8.0,3.0,171.0,0.429,0.727,0.079,0.079,0.053,0.316,0.105,0.684,466.0,6.6,5.0,,8.0,3.0,110.0,171.0,120.0,116.0,103.0,97.0,42.0,111.0,171.0,466.0,0.583,0.684,0.423,0.618,0.474,0.75,0.105,0.629,,,,,,,,,,,,,,,,,,,,,,,,,,,,,,,,,,,,,,,,,,,,,,,,,,,,,,,,,,,,,,,,,,,,,,,,,,,,,,,,,,,,,,,,,,,,,,,,,,,,,,,,,,,,,,,,,,,,,,,,,,,,,,,,,,,,,,,,,,,,,,,,,,,,,,,,,,,,,,,,,,,,,,,,,,,,,,,,,,,,,,,,,,,,,,,,,,,,,,,,,,,,,
pangoke01,Kevin Pangos,https://www.basketball-reference.com/players/p/pangoke01.html,2021-22,2022,29.0,CLE,PG,PG,91.0,PG,24.0,3.0,166.0,9.0,20.0,0.45,6.0,26.0,0.231,30.0,,0.0,9.0,0.391,15.0,46.0,0.326,3.0,4.0,0.75,2.0,11.0,39.0,481.0,3.0,7.0,11.0,0.0,0.4,0.8,0.45,0.3,1.1,0.231,1.3,,0.0,0.4,0.391,0.6,1.9,0.326,0.1,0.2,0.75,24.0,3.0,6.9,0.1,0.5,1.6,544.0,0.1,0.3,0.5,2.0,4.3,0.45,1.3,5.6,0.231,6.5,,0.0,2.0,0.391,3.3,10.0,0.326,0.7,0.9,0.75,24.0,3.0,166.0,0.4,2.4,8.5,469.0,0.7,1.5,2.4,2.7,6.0,0.45,1.8,7.8,0.231,9.0,,0.0,2.7,115.0,0.391,4.5,13.8,0.326,0.9,1.2,0.75,24.0,3.0,166.0,0.6,99.0,3.3,11.7,469.0,0.9,2.1,3.3,0.565,24.6,,0.0,-6.1,-1.4,5.9,0.1,0.087,24.0,3.0,166.0,-4.7,1.4,-0.1,6.5,469.0,0.9,12.8,3.7,0.408,14.6,-0.2,0.1,0.016,,1,5,1,0,24,3,0,1,70,166,-14.8,-12.0,0,0,93,0,7,469,3,3,0.0,0.0,,0.0,0.038,17.7,0.0,0.0,0.326,0.6,0.5,0.5,0.45,0.4,0.231,24.0,3.0,166.0,0.111,0.333,0.109,0.043,0.043,0.435,0.217,0.565,469.0,-12.9,-15.1,,24.0,3.0,84.0,142.0,65.0,74.0,71.0,97.0,35.0,72.0,166.0,469.0,0.45,0.565,0.231,0.391,0.326,0.75,0.087,0.408,,,,,,,,,,,,,,,,,,,,,,,,,,,,,,,,,,,,,,,,,,,,,,,,,,,,,,,,,,,,,,,,,,,,,,,,,,,,,,,,,,,,,,,,,,,,,,,,,,,,,,,,,,,,,,,,,,,,,,,,,,,,,,,,,,,,,,,,,,,,,,,,,,,,,,,,,,,,,,,,,,,,,,,,,,,,,,,,,,,,,,,,,,,,,,,,,,,,,,,,,,,,,
cannade01,Devin Cannady,https://www.basketball-reference.com/players/c/cannade01.html,2021-22,2022,25.0,ORL,PG,PG,92.0,PG,5.0,0.0,145.0,0.0,7.0,0.0,15.0,37.0,0.405,10.0,,3.0,5.0,0.511,15.0,44.0,0.341,5.0,7.0,0.714,1.0,9.0,50.0,468.0,5.0,5.0,6.0,0.0,0.0,1.4,0.0,3.0,7.4,0.405,2.0,,0.6,1.0,0.511,3.0,8.8,0.341,1.0,1.4,0.714,5.0,0.0,29.0,0.2,1.8,10.0,184.0,1.0,1.0,1.2,0.0,1.7,0.0,3.7,9.2,0.405,2.5,,0.7,1.2,0.511,3.7,10.9,0.341,1.2,1.7,0.714,5.0,0.0,145.0,0.2,2.2,12.4,477.0,1.2,1.2,1.5,0.0,2.3,0.0,5.0,12.3,0.405,3.3,,1.0,1.7,115.0,0.511,5.0,14.7,0.341,1.7,2.3,0.714,5.0,0.0,145.0,0.3,103.0,3.0,16.7,477.0,1.7,1.7,2.0,0.841,10.0,,1.9,-3.2,-0.4,3.7,0.1,0.159,5.0,0.0,145.0,-2.8,0.7,0.0,8.6,477.0,1.7,9.6,2.2,0.531,15.5,0.0,0.1,0.033,,1,3,0,1,5,0,0,3,25,145,5.1,-3.3,0,0,100,0,0,477,3,1,0.0,0.0,,0.636,0.297,22.5,0.0,0.0,0.341,0.0,0.0,0.0,0.0,0.0,0.405,5.0,0.0,145.0,,1.0,0.045,0.045,0.023,0.159,0.045,0.841,477.0,-1.8,-3.3,,5.0,0.0,0.0,211.0,115.0,96.0,74.0,92.0,64.0,94.0,145.0,477.0,0.0,0.841,0.405,0.511,0.341,0.714,0.159,0.531,,,,,,,,,,,,,,,,,,,,,,,,,,,,,,,,,,,,,,,,,,,,,,,,,,,,,,,,,,,,,,,,,,,,,,,,,,,,,,,,,,,,,,,,,,,,,,,,,,,,,,,,,,,,,,,,,,,,,,,,,,,,,,,,,,,,,,,,,,,,,,,,,,,,,,,,,,,,,,,,,,,,,,,,,,,,,,,,,,,,,,,,,,,,,,,,,,,,,,,,,,,,,
moonxa01,Xavier Moon,https://www.basketball-reference.com/players/m/moonxa01.html,2021-22,2022,27.0,LAC,SG,PG,93.0,PG,10.0,0.0,137.0,20.0,37.0,0.541,5.0,14.0,0.357,24.0,,3.0,12.0,0.539,25.0,51.0,0.49,3.0,5.0,0.6,2.0,9.0,58.0,461.0,7.0,6.0,14.0,0.0,2.0,3.7,0.541,0.5,1.4,0.357,2.4,,0.3,1.2,0.539,2.5,5.1,0.49,0.3,0.5,0.6,10.0,0.0,13.7,0.2,0.9,5.8,353.0,0.7,0.6,1.4,5.3,9.7,0.541,1.3,3.7,0.357,6.3,,0.8,3.2,0.539,6.6,13.4,0.49,0.8,1.3,0.6,10.0,0.0,137.0,0.5,2.4,15.2,479.0,1.8,1.6,3.7,7.2,13.2,0.541,1.8,5.0,0.357,8.6,,1.1,4.3,110.0,0.539,8.9,18.2,0.49,1.1,1.8,0.6,10.0,0.0,137.0,0.7,114.0,3.2,20.7,479.0,2.5,2.1,5.0,0.275,27.0,,1.9,-0.1,1.0,9.0,0.2,0.098,10.0,0.0,137.0,-1.1,1.6,0.2,16.2,479.0,2.5,10.1,5.4,0.545,19.0,0.1,0.3,0.121,,0,7,1,1,10,0,0,3,63,137,0.6,0.7,0,0,96,0,4,479,4,2,0.0,0.0,,0.0,0.071,16.4,0.0,0.0,0.49,0.4,0.556,0.688,0.541,0.286,0.357,10.0,0.0,137.0,0.15,0.6,0.098,0.176,0.314,0.725,0.137,0.275,479.0,0.8,-2.2,,10.0,0.0,101.0,69.0,101.0,101.0,106.0,77.0,40.0,96.0,137.0,479.0,0.541,0.275,0.357,0.539,0.49,0.6,0.098,0.545,,,,,,,,,,,,,,,,,,,,,,,,,,,,,,,,,,,,,,,,,,,,,,,,,,,,,,,,,,,,,,,,,,,,,,,,,,,,,,,,,,,,,,,,,,,,,,,,,,,,,,,,,,,,,,,,,,,,,,,,,,,,,,,,,,,,,,,,,,,,,,,,,,,,,,,,,,,,,,,,,,,,,,,,,,,,,,,,,,,,,,,,,,,,,,,,,,,,,,,,,,,,,
waltode01,Derrick Walton,https://www.basketball-reference.com/players/w/waltode01.html,2021-22,2022,26.0,DET,PG,PG,94.0,PG,3.0,3.0,108.0,3.0,13.0,0.231,3.0,13.0,0.231,21.0,,4.0,8.0,0.288,6.0,26.0,0.231,4.0,4.0,1.0,2.0,8.0,19.0,514.0,7.0,11.0,10.0,0.0,1.0,4.3,0.231,1.0,4.3,0.231,7.0,,1.3,2.7,0.288,2.0,8.7,0.231,1.3,1.3,1.0,3.0,3.0,36.0,0.7,2.7,6.3,326.0,2.3,3.7,3.3,1.0,4.3,0.231,1.0,4.3,0.231,7.0,,1.3,2.7,0.288,2.0,8.7,0.231,1.3,1.3,1.0,3.0,3.0,108.0,0.7,2.7,6.3,491.0,2.3,3.7,3.3,1.4,5.9,0.231,1.4,5.9,0.231,9.5,,1.8,3.6,111.0,0.288,2.7,11.7,0.231,1.8,1.8,1.0,3.0,3.0,108.0,0.9,77.0,3.6,8.6,491.0,3.2,5.0,4.5,0.5,26.4,,3.3,-4.3,1.0,8.4,0.1,0.154,3.0,3.0,108.0,-5.3,1.9,-0.3,5.9,491.0,3.2,28.4,5.0,0.342,15.4,-0.1,-0.2,-0.071,,1,4,0,2,3,3,0,1,50,108,6.0,-2.2,0,0,100,0,0,491,7,2,0.0,0.0,,,0.0,18.1,0.0,0.0,0.231,0.5,0.0,0.2,0.231,0.2,0.231,3.0,3.0,108.0,0.0,1.0,0.077,0.038,0.192,0.5,0.192,0.5,491.0,-12.6,-12.4,,3.0,3.0,43.0,125.0,65.0,54.0,50.0,129.0,62.0,60.0,108.0,491.0,0.231,0.5,0.231,0.288,0.231,1.0,0.154,0.342,,,,,,,,,,,,,,,,,,,,,,,,,,,,,,,,,,,,,,,,,,,,,,,,,,,,,,,,,,,,,,,,,,,,,,,,,,,,,,,,,,,,,,,,,,,,,,,,,,,,,,,,,,,,,,,,,,,,,,,,,,,,,,,,,,,,,,,,,,,,,,,,,,,,,,,,,,,,,,,,,,,,,,,,,,,,,,,,,,,,,,,,,,,,,,,,,,,,,,,,,,,,,
dowtije01,Jeff Dowtin Jr.,https://www.basketball-reference.com/players/d/dowtije01.html,2021-22,2022,24.0,3TM,PG,PG,94.0,PG,9.0,0.0,108.0,7.0,17.0,0.412,1.0,9.0,0.111,10.0,,1.0,10.0,0.327,8.0,26.0,0.308,2.0,2.0,1.0,8.0,5.0,19.0,515.0,5.0,5.0,18.0,0.0,0.8,1.9,0.412,0.1,1.0,0.111,1.1,,0.1,1.1,0.327,0.9,2.9,0.308,0.2,0.2,1.0,9.0,0.0,12.0,0.9,0.6,2.1,520.0,0.6,0.6,2.0,2.3,5.7,0.412,0.3,3.0,0.111,3.3,,0.3,3.3,0.327,2.7,8.7,0.308,0.7,0.7,1.0,9.0,0.0,108.0,2.7,1.7,6.3,492.0,1.7,1.7,6.0,3.1,7.6,0.412,0.4,4.0,0.111,4.5,,0.4,4.5,112.0,0.327,3.6,11.7,0.308,0.9,0.9,1.0,9.0,0.0,108.0,3.6,87.0,2.2,8.5,492.0,2.2,2.2,8.1,0.346,12.7,,0.9,-5.6,0.1,9.8,0.1,0.077,9.0,0.0,108.0,-5.7,7.9,-0.1,6.8,492.0,2.2,15.7,8.9,0.353,12.8,-0.1,0.0,-0.01,,0,2,1,0,9,0,0,0,27,108,-8.3,-12.4,0,0,87,0,13,492,4,1,0.0,0.0,,0.2,0.556,17.3,0.0,0.0,0.308,0.667,0.2,0.667,0.412,0.333,0.111,9.0,0.0,108.0,0.143,1.0,0.115,0.192,0.115,0.654,0.231,0.346,492.0,-10.7,-11.4,,9.0,0.0,77.0,87.0,31.0,61.0,67.0,129.0,31.0,62.0,108.0,492.0,0.412,0.346,0.111,0.327,0.308,1.0,0.077,0.353,,,,,,,,,,,,,,,,,,,,,,,,,,,,,,,,,,,,,,,,,,,,,,,,,,,,,,,,,,,,,,,,,,,,,,,,,,,,,,,,,,,,,,,,,,,,,,,,,,,,,,,,,,,,,,,,,,,,,,,,,,,,,,,,,,,,,,,,,,,,,,,,,,,,,,,,,,,,,,,,,,,,,,,,,,,,,,,,,,,,,,,,,,,,,,,,,,,,,,,,,,,,,
gallola01,Langston Galloway,https://www.basketball-reference.com/players/g/gallola01.html,2021-22,2022,30.0,2TM,SG,PG,96.0,PG,7.0,0.0,107.0,4.0,10.0,0.4,2.0,16.0,0.125,12.0,,0.0,15.0,0.269,6.0,26.0,0.231,0.0,0.0,,3.0,7.0,14.0,529.0,1.0,6.0,18.0,0.0,0.6,1.4,0.4,0.3,2.3,0.125,1.7,,0.0,2.1,0.269,0.9,3.7,0.231,0.0,0.0,,7.0,0.0,15.3,0.4,1.0,2.0,523.0,0.1,0.9,2.6,1.3,3.4,0.4,0.7,5.4,0.125,4.0,,0.0,5.0,0.269,2.0,8.7,0.231,0.0,0.0,,7.0,0.0,107.0,1.0,2.4,4.7,493.0,0.3,2.0,6.1,1.8,4.5,0.4,0.9,7.2,0.125,5.4,,0.0,6.8,116.0,0.269,2.7,11.7,0.231,0.0,0.0,,7.0,0.0,107.0,1.4,70.0,3.2,6.3,493.0,0.5,2.7,8.1,0.615,13.7,,0.0,-9.8,-1.8,14.7,0.1,0.0,7.0,0.0,107.0,-8.0,3.1,-0.3,0.7,493.0,0.4,18.8,9.0,0.269,12.8,-0.2,-0.2,-0.1,,1,4,1,0,7,0,0,1,29,107,-5.4,-3.1,0,0,48,21,31,493,3,1,0.0,0.0,,0.0,0.375,19.4,0.0,0.0,0.231,0.333,0.667,0.333,0.4,0.0,0.125,7.0,0.0,107.0,0.5,0.5,0.115,0.115,0.115,0.385,0.038,0.615,493.0,-13.6,-15.4,,7.0,0.0,75.0,154.0,35.0,51.0,50.0,,0.0,48.0,107.0,493.0,0.4,0.615,0.125,0.269,0.231,,0.0,0.269,,,,,,,,,,,,,,,,,,,,,,,,,,,,,,,,,,,,,,,,,,,,,,,,,,,,,,,,,,,,,,,,,,,,,,,,,,,,,,,,,,,,,,,,,,,,,,,,,,,,,,,,,,,,,,,,,,,,,,,,,,,,,,,,,,,,,,,,,,,,,,,,,,,,,,,,,,,,,,,,,,,,,,,,,,,,,,,,,,,,,,,,,,,,,,,,,,,,,,,,,,,,,
johnsty01,Tyler Johnson,https://www.basketball-reference.com/players/j/johnsty01.html,2021-22,2022,29.0,2TM,PG,PG,97.0,PG,6.0,0.0,91.0,1.0,7.0,0.143,5.0,13.0,0.385,7.0,,3.0,9.0,0.425,6.0,20.0,0.3,0.0,0.0,,3.0,7.0,17.0,520.0,3.0,2.0,12.0,0.0,0.2,1.2,0.143,0.8,2.2,0.385,1.2,,0.5,1.5,0.425,1.0,3.3,0.3,0.0,0.0,,6.0,0.0,15.2,0.5,1.2,2.8,494.0,0.5,0.3,2.0,0.4,2.8,0.143,2.0,5.1,0.385,2.8,,1.2,3.6,0.425,2.4,7.9,0.3,0.0,0.0,,6.0,0.0,91.0,1.2,2.8,6.7,498.0,1.2,0.8,4.7,0.5,3.8,0.143,2.7,7.0,0.385,3.8,,1.6,4.8,112.0,0.425,3.2,10.7,0.3,0.0,0.0,,6.0,0.0,91.0,1.6,98.0,3.8,9.1,498.0,1.6,1.1,6.4,0.65,9.5,,2.8,-3.0,0.8,10.7,0.1,0.0,6.0,0.0,91.0,-3.9,3.5,0.0,7.1,498.0,1.6,9.1,7.1,0.425,10.5,0.0,0.1,0.033,,0,3,2,0,6,0,0,1,16,91,-7.4,-6.1,0,0,100,0,0,498,1,1,0.0,0.0,,0.25,0.308,22.2,0.0,0.0,0.3,,0.0,0.25,0.143,,0.385,6.0,0.0,91.0,1.0,1.0,0.0,0.15,0.2,0.35,0.0,0.65,498.0,-4.2,-5.6,,6.0,0.0,27.0,163.0,109.0,80.0,65.0,,0.0,75.0,91.0,498.0,0.143,0.65,0.385,0.425,0.3,,0.0,0.425,,,,,,,,,,,,,,,,,,,,,,,,,,,,,,,,,,,,,,,,,,,,,,,,,,,,,,,,,,,,,,,,,,,,,,,,,,,,,,,,,,,,,,,,,,,,,,,,,,,,,,,,,,,,,,,,,,,,,,,,,,,,,,,,,,,,,,,,,,,,,,,,,,,,,,,,,,,,,,,,,,,,,,,,,,,,,,,,,,,,,,,,,,,,,,,,,,,,,,,,,,,,,
dotsode01,Devon Dotson,https://www.basketball-reference.com/players/d/dotsode01.html,2021-22,2022,22.0,CHI,PG,PG,98.0,PG,11.0,0.0,85.0,9.0,14.0,0.643,2.0,9.0,0.222,15.0,,0.0,8.0,0.522,11.0,23.0,0.478,5.0,9.0,0.556,1.0,11.0,29.0,497.0,1.0,5.0,9.0,0.0,0.8,1.3,0.643,0.2,0.8,0.222,1.4,,0.0,0.7,0.522,1.0,2.1,0.478,0.5,0.8,0.556,11.0,0.0,7.7,0.1,1.0,2.6,503.0,0.1,0.5,0.8,3.8,5.9,0.643,0.8,3.8,0.222,6.4,,0.0,3.4,0.522,4.7,9.7,0.478,2.1,3.8,0.556,11.0,0.0,85.0,0.4,4.7,12.3,499.0,0.4,2.1,3.8,5.2,8.0,0.643,1.1,5.2,0.222,8.6,,0.0,4.6,118.0,0.522,6.3,13.2,0.478,2.9,5.2,0.556,11.0,0.0,85.0,0.6,109.0,6.3,16.7,499.0,0.6,2.9,5.2,0.391,23.9,,0.0,-4.9,-1.5,10.5,0.0,0.391,11.0,0.0,85.0,-3.4,1.3,0.1,9.8,499.0,0.6,15.6,6.0,0.538,16.6,-0.1,0.1,0.048,,1,4,2,3,11,0,1,2,38,85,0.5,0.2,0,0,100,0,0,499,3,0,0.0,0.0,,0.0,0.333,12.2,0.0,0.0,0.478,0.818,0.0,,0.643,,0.222,11.0,0.0,85.0,0.556,1.0,0.478,0.13,0.0,0.609,0.0,0.391,499.0,-0.5,-1.5,,11.0,0.0,121.0,98.0,63.0,98.0,104.0,72.0,158.0,95.0,85.0,499.0,0.643,0.391,0.222,0.522,0.478,0.556,0.391,0.538,,,,,,,,,,,,,,,,,,,,,,,,,,,,,,,,,,,,,,,,,,,,,,,,,,,,,,,,,,,,,,,,,,,,,,,,,,,,,,,,,,,,,,,,,,,,,,,,,,,,,,,,,,,,,,,,,,,,,,,,,,,,,,,,,,,,,,,,,,,,,,,,,,,,,,,,,,,,,,,,,,,,,,,,,,,,,,,,,,,,,,,,,,,,,,,,,,,,,,,,,,,,,
knighbr03,Brandon Knight,https://www.basketball-reference.com/players/k/knighbr03.html,2021-22,2022,30.0,DAL,PG,PG,99.0,PG,5.0,0.0,65.0,6.0,8.0,0.75,4.0,17.0,0.235,8.0,,0.0,8.0,0.48,10.0,25.0,0.4,8.0,8.0,1.0,0.0,5.0,32.0,490.0,1.0,4.0,8.0,0.0,1.2,1.6,0.75,0.8,3.4,0.235,1.6,,0.0,1.6,0.48,2.0,5.0,0.4,1.6,1.6,1.0,5.0,0.0,13.0,0.0,1.0,6.4,320.0,0.2,0.8,1.6,3.3,4.4,0.75,2.2,9.4,0.235,4.4,,0.0,4.4,0.48,5.5,13.8,0.4,4.4,4.4,1.0,5.0,0.0,65.0,0.0,2.8,17.7,513.0,0.6,2.2,4.4,4.6,6.2,0.75,3.1,13.2,0.235,6.2,,0.0,6.2,113.0,0.48,7.7,19.4,0.4,6.2,6.2,1.0,5.0,0.0,65.0,0.0,110.0,3.9,24.8,513.0,0.8,3.1,6.2,0.68,18.6,,0.0,-4.6,-1.9,13.7,0.1,0.32,5.0,0.0,65.0,-2.7,0.0,0.1,13.0,513.0,0.8,12.3,6.8,0.561,22.5,0.0,0.1,0.091,,1,2,1,0,5,0,0,2,20,65,-12.1,-8.3,0,0,83,0,17,513,2,0,1.0,0.0,,0.0,0.118,19.4,0.0,0.0,0.4,0.857,,,0.75,0.0,0.235,5.0,0.0,65.0,0.667,0.75,0.28,0.0,0.0,0.32,0.04,0.68,513.0,-2.6,-0.3,,5.0,0.0,141.0,170.0,67.0,90.0,87.0,129.0,129.0,99.0,65.0,513.0,0.75,0.68,0.235,0.48,0.4,1.0,0.32,0.561,,,,,,,,,,,,,,,,,,,,,,,,,,,,,,,,,,,,,,,,,,,,,,,,,,,,,,,,,,,,,,,,,,,,,,,,,,,,,,,,,,,,,,,,,,,,,,,,,,,,,,,,,,,,,,,,,,,,,,,,,,,,,,,,,,,,,,,,,,,,,,,,,,,,,,,,,,,,,,,,,,,,,,,,,,,,,,,,,,,,,,,,,,,,,,,,,,,,,,,,,,,,,
thomabr01,Brodric Thomas,https://www.basketball-reference.com/players/t/thomabr01.html,2021-22,2022,25.0,BOS,SG,PG,100.0,PG,12.0,0.0,60.0,6.0,9.0,0.667,2.0,9.0,0.222,11.0,,1.0,8.0,0.5,8.0,18.0,0.444,3.0,5.0,0.6,2.0,7.0,21.0,509.0,1.0,6.0,10.0,0.0,0.5,0.8,0.667,0.2,0.8,0.222,0.9,,0.1,0.7,0.5,0.7,1.5,0.444,0.3,0.4,0.6,12.0,0.0,5.0,0.2,0.6,1.8,539.0,0.1,0.5,0.8,3.6,5.4,0.667,1.2,5.4,0.222,6.6,,0.6,4.8,0.5,4.8,10.8,0.444,1.8,3.0,0.6,12.0,0.0,60.0,1.2,4.2,12.6,518.0,0.6,3.6,6.0,5.0,7.5,0.667,1.7,7.5,0.222,9.1,,0.8,6.6,109.0,0.5,6.6,14.9,0.444,2.5,4.1,0.6,12.0,0.0,60.0,1.7,101.0,5.8,17.4,518.0,0.8,5.0,8.3,0.5,26.0,,1.5,-2.8,0.8,14.1,0.1,0.278,12.0,0.0,60.0,-3.6,3.7,0.0,10.0,518.0,0.8,22.9,9.0,0.52,19.2,0.0,0.1,0.052,,0,4,0,3,12,0,1,1,26,60,-4.9,2.9,0,0,59,0,41,518,3,3,0.0,0.0,,0.0,0.111,14.5,1.0,0.167,0.444,0.857,,,0.667,0.0,0.222,12.0,0.0,60.0,0.833,0.5,0.389,0.0,0.0,0.5,0.111,0.5,518.0,-1.1,-1.9,,12.0,0.0,125.0,125.0,63.0,94.0,96.0,77.0,112.0,92.0,60.0,518.0,0.667,0.5,0.222,0.5,0.444,0.6,0.278,0.52,,,,,,,,,,,,,,,,,,,,,,,,,,,,,,,,,,,,,,,,,,,,,,,,,,,,,,,,,,,,,,,,,,,,,,,,,,,,,,,,,,,,,,,,,,,,,,,,,,,,,,,,,,,,,,,,,,,,,,,,,,,,,,,,,,,,,,,,,,,,,,,,,,,,,,,,,,,,,,,,,,,,,,,,,,,,,,,,,,,,,,,,,,,,,,,,,,,,,,,,,,,,,
bridgmi01,Mikal Bridges,https://www.basketball-reference.com/players/b/bridgmi01.html,2021-22,2022,25.0,PHO,SF,SF,1.0,SF,82.0,82.0,2854.0,343.0,546.0,0.628,115.0,312.0,0.369,185.0,"DPOY-2,DEF1",36.0,273.0,0.601,458.0,858.0,0.534,131.0,157.0,0.834,74.0,150.0,1162.0,59.0,96.0,68.0,347.0,0.0,4.2,6.7,0.628,1.4,3.8,0.369,2.3,"DPOY-2,DEF1",0.4,3.3,0.601,5.6,10.5,0.534,1.6,1.9,0.834,82.0,82.0,34.8,0.9,1.8,14.2,101.0,1.2,0.8,4.2,4.3,6.9,0.628,1.5,3.9,0.369,2.3,"DPOY-2,DEF1",0.5,3.4,0.601,5.8,10.8,0.534,1.7,2.0,0.834,82.0,82.0,2854.0,0.9,1.9,14.7,1.0,1.2,0.9,4.4,5.8,9.2,0.628,1.9,5.3,0.369,3.1,"DPOY-2,DEF1",0.6,4.6,110.0,0.601,7.7,14.5,0.534,2.2,2.6,0.834,82.0,82.0,2854.0,1.2,125.0,2.5,19.6,1.0,1.6,1.1,5.9,0.364,8.7,"DPOY-2,DEF1",1.1,1.6,1.1,10.0,3.7,0.183,82.0,82.0,2854.0,0.5,2.9,5.2,14.4,1.0,1.6,6.8,6.5,0.627,15.0,2.6,8.9,0.15,"DPOY-2,DEF1",5,64,18,85,82,82,29,29,437,2854,9.5,10.4,0,3,0,88,8,1,39,17,0.0,0.0,"DPOY-2,DEF1",0.401,0.551,13.2,52.0,0.064,0.534,0.792,0.504,0.256,0.628,0.621,0.369,82.0,82.0,2854.0,0.752,0.974,0.224,0.155,0.045,0.636,0.203,0.364,1.0,118.6,112.6,"DPOY-2,DEF1",82.0,82.0,118.0,91.0,104.0,113.0,116.0,108.0,74.0,111.0,2854.0,1.0,0.628,0.364,0.369,0.601,0.534,0.834,0.183,0.627,,13.0,13.0,95.0,60.0,111.0,99.0,104.0,120.0,88.0,101.0,500.0,21.0,0.505,0.239,0.394,0.525,0.478,0.933,0.217,0.572,0.239,10.2,,2.5,1.4,1.0,11.3,0.2,0.217,13.0,13.0,500.0,0.4,2.9,0.8,13.8,21.0,1.4,6.8,7.3,0.572,14.9,0.4,0.9,0.091,,0.0,11.0,6.0,9.0,13.0,13.0,2.0,4.0,82.0,500.0,9.2,0.7,0.0,0.0,0.0,85.0,15.0,21.0,5.0,4.0,5.5,10.8,0.505,1.3,3.4,0.394,3.8,,1.3,5.1,117.0,0.525,6.8,14.2,0.478,2.9,3.1,0.933,13.0,13.0,500.0,1.2,121.0,3.2,17.8,21.0,1.4,1.1,6.3,3.8,7.6,0.505,0.9,2.4,0.394,2.7,,0.9,3.5,0.525,4.8,9.9,0.478,2.0,2.2,0.933,13.0,13.0,500.0,0.9,2.2,12.5,21.0,1.0,0.8,4.4,4.1,8.1,0.505,1.0,2.5,0.394,2.8,,1.0,3.8,0.525,5.1,10.6,0.478,2.2,2.3,0.933,13.0,13.0,38.5,0.9,2.4,13.3,53.0,1.1,0.8,4.7,0.0,0.0,,0.4,0.606,11.0,12.0,0.087,0.478,0.78,0.24,0.25,0.505,0.419,0.394,13.0,13.0,500.0,0.83,1.0,0.297,0.181,0.058,0.761,0.225,0.239,21.0,53.0,105.0,0.505,13.0,33.0,0.394,37.0,,13.0,49.0,0.525,66.0,138.0,0.478,28.0,30.0,0.933,13.0,13.0,500.0,12.0,31.0,173.0,33.0,14.0,11.0,61.0,0.0
tatumja01,Jayson Tatum,https://www.basketball-reference.com/players/t/tatumja01.html,2021-22,2022,23.0,BOS,SF,SF,2.0,SF,76.0,76.0,2731.0,478.0,913.0,0.524,230.0,651.0,0.353,334.0,"MVP-6,AS,NBA1",49.0,524.0,0.526,708.0,1564.0,0.453,400.0,469.0,0.853,85.0,174.0,2046.0,4.0,75.0,217.0,609.0,0.0,6.3,12.0,0.524,3.0,8.6,0.353,4.4,"MVP-6,AS,NBA1",0.6,6.9,0.526,9.3,20.6,0.453,5.3,6.2,0.853,76.0,76.0,35.9,1.1,2.3,26.9,11.0,1.0,2.9,8.0,6.3,12.0,0.524,3.0,8.6,0.353,4.4,"MVP-6,AS,NBA1",0.6,6.9,0.526,9.3,20.6,0.453,5.3,6.2,0.853,76.0,76.0,2731.0,1.1,2.3,27.0,4.0,1.0,2.9,8.0,8.7,16.6,0.524,4.2,11.8,0.353,6.1,"MVP-6,AS,NBA1",0.9,9.5,106.0,0.526,12.9,28.5,0.453,7.3,8.5,0.853,76.0,76.0,2731.0,1.5,113.0,3.2,37.2,4.0,1.4,3.9,11.1,0.416,21.1,"MVP-6,AS,NBA1",1.6,5.0,0.6,20.2,4.6,0.3,76.0,76.0,2731.0,4.3,3.5,5.0,21.8,4.0,1.4,10.9,12.1,0.578,32.1,4.8,9.6,0.169,"MVP-6,AS,NBA1",32,66,10,186,76,76,41,81,833,2731,13.8,12.1,0,32,0,67,1,4,98,71,2.0,0.0,"MVP-6,AS,NBA1",0.395,0.117,15.0,76.0,0.052,0.453,0.746,0.331,0.41,0.524,0.4,0.353,76.0,76.0,2731.0,0.425,0.565,0.219,0.087,0.1,0.584,0.169,0.416,4.0,-17.1,42.0,"MVP-6,AS,NBA1",76.0,76.0,98.0,104.0,100.0,99.0,98.0,110.0,121.0,102.0,2731.0,4.0,0.524,0.416,0.353,0.526,0.453,0.853,0.3,0.578,,24.0,24.0,84.0,104.0,111.0,95.0,92.0,103.0,145.0,99.0,983.0,1.0,0.449,0.415,0.393,0.507,0.426,0.8,0.36,0.562,0.415,26.9,,2.0,4.5,1.4,15.2,1.5,0.36,24.0,24.0,983.0,3.1,2.8,0.8,17.6,1.0,1.5,15.5,9.2,0.562,29.6,1.6,2.2,0.11,,19.0,15.0,5.0,74.0,24.0,24.0,15.0,29.0,379.0,983.0,5.4,4.6,0.0,21.0,0.0,78.0,0.0,1.0,39.0,38.0,6.4,14.1,0.449,3.9,10.0,0.393,7.6,,1.1,7.0,107.0,0.507,10.3,24.2,0.426,7.0,8.7,0.8,24.0,24.0,983.0,1.2,107.0,3.7,31.5,1.0,1.5,5.1,8.2,4.5,10.1,0.449,2.8,7.2,0.393,5.4,,0.8,5.0,0.507,7.4,17.3,0.426,5.0,6.2,0.8,24.0,24.0,983.0,0.9,2.6,22.5,1.0,1.1,3.7,5.9,5.2,11.5,0.449,3.2,8.2,0.393,6.2,,0.9,5.7,0.507,8.4,19.7,0.426,5.7,7.1,0.8,24.0,24.0,41.0,1.0,3.0,25.6,9.0,1.2,4.2,6.7,0.0,0.0,,0.316,0.097,15.5,17.0,0.04,0.426,0.643,0.333,0.364,0.449,0.378,0.393,24.0,24.0,983.0,0.516,0.636,0.178,0.083,0.117,0.585,0.208,0.415,1.0,124.0,276.0,0.449,77.0,196.0,0.393,148.0,,21.0,137.0,0.507,201.0,472.0,0.426,136.0,170.0,0.8,24.0,24.0,983.0,24.0,72.0,615.0,1.0,29.0,100.0,161.0,0.0
beysa01,Saddiq Bey,https://www.basketball-reference.com/players/b/beysa01.html,2021-22,2022,22.0,DET,SF,SF,3.0,SF,82.0,82.0,2704.0,239.0,526.0,0.454,211.0,610.0,0.346,233.0,,16.0,334.0,0.489,450.0,1136.0,0.396,210.0,254.0,0.827,107.0,128.0,1321.0,35.0,73.0,96.0,441.0,0.0,2.9,6.4,0.454,2.6,7.4,0.346,2.8,,0.2,4.1,0.489,5.5,13.9,0.396,2.6,3.1,0.827,82.0,82.0,33.0,1.3,1.6,16.1,77.0,0.9,1.2,5.4,3.2,7.0,0.454,2.8,8.1,0.346,3.1,,0.2,4.4,0.489,6.0,15.1,0.396,2.8,3.4,0.827,82.0,82.0,2704.0,1.4,1.7,17.6,5.0,1.0,1.3,5.9,4.3,9.5,0.454,3.8,11.0,0.346,4.2,,0.3,6.0,116.0,0.489,8.1,20.5,0.396,3.8,4.6,0.827,82.0,82.0,2704.0,1.9,110.0,2.3,23.8,5.0,1.3,1.7,8.0,0.537,13.8,,0.5,-0.3,-1.2,14.1,1.6,0.224,82.0,82.0,2704.0,0.9,4.1,2.4,14.0,5.0,1.3,7.1,8.8,0.529,21.3,1.2,4.0,0.071,,18,44,5,117,82,82,26,52,561,2704,-4.7,-9.5,0,34,0,59,7,5,46,14,9.0,0.0,,0.403,0.252,17.4,23.0,0.021,0.396,0.619,0.329,0.429,0.454,0.348,0.346,82.0,82.0,2704.0,0.431,0.891,0.166,0.072,0.068,0.463,0.157,0.537,5.0,-97.0,-91.5,,82.0,82.0,85.0,134.0,98.0,92.0,86.0,107.0,90.0,94.0,2704.0,5.0,0.454,0.537,0.346,0.489,0.396,0.827,0.224,0.529,,,,,,,,,,,,,,,,,,,,,,,,,,,,,,,,,,,,,,,,,,,,,,,,,,,,,,,,,,,,,,,,,,,,,,,,,,,,,,,,,,,,,,,,,,,,,,,,,,,,,,,,,,,,,,,,,,,,,,,,,,,,,,,,,,,,,,,,,,,,,,,,,,,,,,,,,,,,,,,,,,,,,,,,,,,,,,,,,,,,,,,,,,,,,,,,,,,,,,,,,,,,,
barneha02,Harrison Barnes,https://www.basketball-reference.com/players/b/barneha02.html,2021-22,2022,29.0,SAC,PF,SF,4.0,SF,77.0,77.0,2580.0,249.0,474.0,0.525,142.0,360.0,0.394,186.0,,14.0,350.0,0.554,391.0,834.0,0.469,341.0,413.0,0.826,82.0,94.0,1265.0,45.0,53.0,118.0,432.0,0.0,3.2,6.2,0.525,1.8,4.7,0.394,2.4,,0.2,4.5,0.554,5.1,10.8,0.469,4.4,5.4,0.826,77.0,77.0,33.5,1.1,1.2,16.4,71.0,0.7,1.5,5.6,3.5,6.6,0.525,2.0,5.0,0.394,2.6,,0.2,4.9,0.554,5.5,11.6,0.469,4.8,5.8,0.826,77.0,77.0,2580.0,1.1,1.3,17.7,12.0,0.7,1.6,6.0,4.6,8.8,0.525,2.6,6.7,0.394,3.5,,0.3,6.5,118.0,0.554,7.3,15.5,0.469,6.3,7.7,0.826,77.0,77.0,2580.0,1.5,121.0,1.7,23.5,12.0,1.0,2.2,8.0,0.432,10.5,,0.5,0.2,-1.3,14.9,1.0,0.495,77.0,77.0,2580.0,1.5,3.4,5.0,15.7,12.0,1.0,10.4,9.1,0.623,18.8,1.4,6.0,0.112,,15,41,18,186,77,77,50,48,451,2580,-3.6,-6.7,1,50,0,50,0,12,46,50,0.0,0.0,,0.495,0.303,13.3,25.0,0.034,0.469,0.677,0.455,0.4,0.525,0.405,0.394,77.0,77.0,2580.0,0.546,0.937,0.23,0.04,0.006,0.568,0.278,0.432,12.0,37.1,115.2,,77.0,77.0,99.0,108.0,112.0,104.0,102.0,107.0,200.0,110.0,2580.0,12.0,0.525,0.432,0.394,0.554,0.469,0.826,0.495,0.623,,,,,,,,,,,,,,,,,,,,,,,,,,,,,,,,,,,,,,,,,,,,,,,,,,,,,,,,,,,,,,,,,,,,,,,,,,,,,,,,,,,,,,,,,,,,,,,,,,,,,,,,,,,,,,,,,,,,,,,,,,,,,,,,,,,,,,,,,,,,,,,,,,,,,,,,,,,,,,,,,,,,,,,,,,,,,,,,,,,,,,,,,,,,,,,,,,,,,,,,,,,,,
hieldbu01,Buddy Hield,https://www.basketball-reference.com/players/h/hieldbu01.html,2021-22,2022,29.0,2TM,SG,SF,5.0,SF,81.0,32.0,2499.0,184.0,382.0,0.482,262.0,716.0,0.366,229.0,,25.0,287.0,0.526,446.0,1098.0,0.406,111.0,127.0,0.874,66.0,184.0,1265.0,46.0,73.0,153.0,353.0,0.0,2.3,4.7,0.482,3.2,8.8,0.366,2.8,,0.3,3.5,0.526,5.5,13.6,0.406,1.4,1.6,0.874,81.0,32.0,30.9,0.8,2.3,15.6,81.0,0.9,1.9,4.4,2.7,5.5,0.482,3.8,10.3,0.366,3.3,,0.4,4.1,0.526,6.4,15.8,0.406,1.6,1.8,0.874,81.0,32.0,2499.0,1.0,2.7,18.2,17.0,1.1,2.2,5.1,3.6,7.4,0.482,5.1,13.9,0.366,4.4,,0.5,5.6,117.0,0.526,8.6,21.3,0.406,2.2,2.5,0.874,81.0,32.0,2499.0,1.3,105.0,3.6,24.5,17.0,1.4,3.0,6.8,0.652,13.8,,0.9,-1.2,-1.7,12.8,1.1,0.116,81.0,32.0,2499.0,0.5,2.9,0.8,12.9,17.0,1.4,11.7,7.8,0.548,22.4,0.5,1.9,0.036,,10,86,7,29,81,32,8,57,548,2499,1.3,-4.0,0,3,0,62,35,17,84,45,2.0,1.0,,0.391,0.154,19.0,7.0,0.006,0.406,0.606,0.427,0.443,0.482,0.382,0.366,81.0,32.0,2499.0,0.44,0.821,0.129,0.068,0.064,0.348,0.081,0.652,17.0,-13.6,-41.2,,81.0,32.0,90.0,163.0,103.0,99.0,88.0,113.0,47.0,97.0,2499.0,17.0,0.482,0.652,0.366,0.526,0.406,0.874,0.116,0.548,,,,,,,,,,,,,,,,,,,,,,,,,,,,,,,,,,,,,,,,,,,,,,,,,,,,,,,,,,,,,,,,,,,,,,,,,,,,,,,,,,,,,,,,,,,,,,,,,,,,,,,,,,,,,,,,,,,,,,,,,,,,,,,,,,,,,,,,,,,,,,,,,,,,,,,,,,,,,,,,,,,,,,,,,,,,,,,,,,,,,,,,,,,,,,,,,,,,,,,,,,,,,
edwaran01,Anthony Edwards,https://www.basketball-reference.com/players/e/edwaran01.html,2021-22,2022,20.0,MIN,SG,SF,6.0,SF,72.0,72.0,2466.0,334.0,643.0,0.519,215.0,602.0,0.357,275.0,,46.0,281.0,0.527,549.0,1245.0,0.441,220.0,280.0,0.786,62.0,164.0,1533.0,19.0,105.0,190.0,343.0,0.0,4.6,8.9,0.519,3.0,8.4,0.357,3.8,,0.6,3.9,0.527,7.6,17.3,0.441,3.1,3.9,0.786,72.0,72.0,34.3,0.9,2.3,21.3,30.0,1.5,2.6,4.8,4.9,9.4,0.519,3.1,8.8,0.357,4.0,,0.7,4.1,0.527,8.0,18.2,0.441,3.2,4.1,0.786,72.0,72.0,2466.0,0.9,2.4,22.4,20.0,1.5,2.8,5.0,6.4,12.4,0.519,4.1,11.6,0.357,5.3,,0.9,5.4,112.0,0.527,10.6,24.0,0.441,4.2,5.4,0.786,72.0,72.0,2466.0,1.2,108.0,3.2,29.6,20.0,2.0,3.7,6.6,0.484,17.4,,1.8,1.2,-0.4,12.5,2.4,0.225,72.0,72.0,2466.0,1.6,2.6,1.8,16.5,20.0,2.0,12.2,7.5,0.56,26.4,2.0,4.3,0.084,,16,59,4,124,72,72,30,44,703,2466,3.4,3.7,0,4,2,70,25,20,87,61,2.0,0.0,,0.333,0.085,14.9,57.0,0.055,0.441,0.658,0.308,0.359,0.519,0.368,0.357,72.0,72.0,2466.0,0.356,0.549,0.277,0.052,0.051,0.516,0.124,0.484,20.0,-10.9,-15.8,,72.0,72.0,98.0,121.0,101.0,99.0,96.0,101.0,91.0,99.0,2466.0,20.0,0.519,0.484,0.357,0.527,0.441,0.786,0.225,0.56,,6.0,6.0,96.0,130.0,114.0,105.0,99.0,106.0,125.0,107.0,227.0,59.0,0.509,0.518,0.404,0.559,0.455,0.824,0.309,0.604,0.518,14.8,,2.6,3.5,0.2,9.8,0.2,0.309,6.0,6.0,227.0,3.2,2.1,0.3,17.8,59.0,1.4,10.7,6.1,0.604,26.4,0.3,0.5,0.102,,2.0,10.0,1.0,15.0,6.0,6.0,2.0,3.0,44.0,227.0,6.6,-3.2,0.0,4.0,0.0,93.0,3.0,59.0,6.0,4.0,5.6,10.9,0.509,4.7,11.8,0.404,3.7,,1.4,4.3,114.0,0.559,10.3,22.7,0.455,5.8,7.0,0.824,6.0,6.0,227.0,0.8,112.0,4.5,31.1,59.0,1.4,3.1,5.2,4.3,8.4,0.509,3.6,9.0,0.404,2.9,,1.1,3.3,0.559,7.9,17.4,0.455,4.4,5.4,0.824,6.0,6.0,227.0,0.6,3.5,23.9,59.0,1.1,2.4,4.0,4.5,8.8,0.509,3.8,9.5,0.404,3.0,,1.2,3.5,0.559,8.3,18.3,0.455,4.7,5.7,0.824,6.0,6.0,37.8,0.7,3.7,25.2,11.0,1.2,2.5,4.2,0.0,0.0,,0.444,0.158,16.5,4.0,0.036,0.455,0.667,0.5,0.556,0.509,0.294,0.404,6.0,6.0,227.0,0.296,0.565,0.191,0.055,0.082,0.482,0.155,0.518,59.0,27.0,53.0,0.509,23.0,57.0,0.404,18.0,,7.0,21.0,0.559,50.0,110.0,0.455,28.0,34.0,0.824,6.0,6.0,227.0,4.0,22.0,151.0,40.0,7.0,15.0,25.0,0.0
wagnefr01,Franz Wagner,https://www.basketball-reference.com/players/w/wagnefr01.html,2021-22,2022,20.0,ORL,SF,SF,7.0,SF,79.0,79.0,2429.0,360.0,704.0,0.511,96.0,271.0,0.354,231.0,ROY-5,34.0,272.0,0.517,456.0,975.0,0.468,189.0,219.0,0.863,84.0,164.0,1197.0,55.0,68.0,119.0,356.0,0.0,4.6,8.9,0.511,1.2,3.4,0.354,2.9,ROY-5,0.4,3.4,0.517,5.8,12.3,0.468,2.4,2.8,0.863,79.0,79.0,30.7,1.1,2.1,15.2,87.0,0.9,1.5,4.5,5.3,10.4,0.511,1.4,4.0,0.354,3.4,ROY-5,0.5,4.0,0.517,6.8,14.5,0.468,2.8,3.2,0.863,79.0,79.0,2429.0,1.2,2.4,17.7,25.0,1.0,1.8,5.3,7.2,14.0,0.511,1.9,5.4,0.354,4.6,ROY-5,0.7,5.4,114.0,0.517,9.1,19.4,0.468,3.8,4.4,0.863,79.0,79.0,2429.0,1.7,110.0,3.3,23.8,25.0,1.4,2.4,7.1,0.278,15.7,ROY-5,1.3,-0.7,-0.3,11.9,1.9,0.225,79.0,79.0,2429.0,-0.4,3.6,2.1,14.7,25.0,1.4,10.0,7.7,0.559,21.2,0.8,4.0,0.079,ROY-5,7,81,15,102,79,79,20,85,551,2429,8.4,-5.0,0,25,0,74,1,25,58,36,0.0,0.0,ROY-5,0.459,0.225,10.4,59.0,0.063,0.468,0.625,0.31,0.25,0.511,0.455,0.354,79.0,79.0,2429.0,0.531,0.833,0.295,0.043,0.016,0.722,0.367,0.278,25.0,-28.8,-15.8,ROY-5,79.0,79.0,96.0,70.0,100.0,97.0,101.0,111.0,91.0,99.0,2429.0,25.0,0.511,0.278,0.354,0.517,0.468,0.863,0.225,0.559,,,,,,,,,,,,,,,,,,,,,,,,,,,,,,,,,,,,,,,,,,,,,,,,,,,,,,,,,,,,,,,,,,,,,,,,,,,,,,,,,,,,,,,,,,,,,,,,,,,,,,,,,,,,,,,,,,,,,,,,,,,,,,,,,,,,,,,,,,,,,,,,,,,,,,,,,,,,,,,,,,,,,,,,,,,,,,,,,,,,,,,,,,,,,,,,,,,,,,,,,,,,,
barrerj01,RJ Barrett,https://www.basketball-reference.com/players/b/barrerj01.html,2021-22,2022,21.0,NYK,SF,SF,8.0,SF,70.0,70.0,2417.0,349.0,790.0,0.442,138.0,404.0,0.342,208.0,,16.0,342.0,0.466,487.0,1194.0,0.408,290.0,406.0,0.714,66.0,142.0,1402.0,28.0,43.0,151.0,408.0,0.0,5.0,11.3,0.442,2.0,5.8,0.342,3.0,,0.2,4.9,0.466,7.0,17.1,0.408,4.1,5.8,0.714,70.0,70.0,34.5,0.9,2.0,20.0,40.0,0.6,2.2,5.8,5.2,11.8,0.442,2.1,6.0,0.342,3.1,,0.2,5.1,0.466,7.3,17.8,0.408,4.3,6.0,0.714,70.0,70.0,2417.0,1.0,2.1,20.9,29.0,0.6,2.2,6.1,7.2,16.4,0.442,2.9,8.4,0.342,4.3,,0.3,7.1,113.0,0.466,10.1,24.7,0.408,6.0,8.4,0.714,70.0,70.0,2417.0,1.4,103.0,2.9,29.0,29.0,0.9,3.1,8.4,0.338,14.9,,0.7,-1.6,-1.3,15.5,2.2,0.34,70.0,70.0,2417.0,-0.3,2.9,0.1,13.7,29.0,0.9,9.9,9.1,0.511,27.6,0.2,2.3,0.046,,11,71,16,197,70,70,40,105,496,2417,-7.9,-2.8,0,5,0,93,2,29,83,46,1.0,0.0,,0.31,0.248,12.0,40.0,0.04,0.408,0.596,0.309,0.3,0.442,0.307,0.342,70.0,70.0,2417.0,0.398,0.913,0.309,0.068,0.042,0.662,0.243,0.338,29.0,-157.7,-151.8,,70.0,70.0,83.0,85.0,97.0,88.0,88.0,92.0,137.0,90.0,2417.0,29.0,0.442,0.338,0.342,0.466,0.408,0.714,0.34,0.511,,,,,,,,,,,,,,,,,,,,,,,,,,,,,,,,,,,,,,,,,,,,,,,,,,,,,,,,,,,,,,,,,,,,,,,,,,,,,,,,,,,,,,,,,,,,,,,,,,,,,,,,,,,,,,,,,,,,,,,,,,,,,,,,,,,,,,,,,,,,,,,,,,,,,,,,,,,,,,,,,,,,,,,,,,,,,,,,,,,,,,,,,,,,,,,,,,,,,,,,,,,,,
onealro01,Royce O'Neale,https://www.basketball-reference.com/players/o/onealro01.html,2021-22,2022,28.0,UTA,SF,SF,9.0,SF,77.0,77.0,2406.0,84.0,138.0,0.609,119.0,306.0,0.389,191.0,,32.0,304.0,0.591,203.0,444.0,0.457,45.0,56.0,0.804,64.0,183.0,570.0,199.0,86.0,79.0,368.0,0.0,1.1,1.8,0.609,1.5,4.0,0.389,2.5,,0.4,3.9,0.591,2.6,5.8,0.457,0.6,0.7,0.804,77.0,77.0,31.2,0.8,2.4,7.4,283.0,1.1,1.0,4.8,1.3,2.1,0.609,1.8,4.6,0.389,2.9,,0.5,4.5,0.591,3.0,6.6,0.457,0.7,0.8,0.804,77.0,77.0,2406.0,1.0,2.7,8.5,30.0,1.3,1.2,5.5,1.7,2.8,0.609,2.4,6.3,0.389,3.9,,0.7,6.2,111.0,0.591,4.2,9.1,0.457,0.9,1.2,0.804,77.0,77.0,2406.0,1.3,122.0,3.8,11.7,30.0,1.8,1.6,7.6,0.689,10.5,,1.2,0.8,1.7,13.4,2.8,0.126,77.0,77.0,2406.0,-0.8,3.0,2.7,10.3,30.0,1.8,14.4,8.4,0.608,9.9,1.7,5.5,0.109,,7,83,16,20,77,77,8,15,480,2406,-2.9,5.0,0,5,0,78,18,30,52,9,1.0,0.0,,0.383,0.307,18.7,10.0,0.025,0.457,0.686,0.0,,0.609,0.532,0.389,77.0,77.0,2406.0,0.679,0.983,0.194,0.011,0.0,0.311,0.106,0.689,30.0,52.9,39.5,,77.0,77.0,114.0,173.0,110.0,111.0,99.0,104.0,51.0,107.0,2406.0,30.0,0.609,0.689,0.389,0.591,0.457,0.804,0.126,0.608,,6.0,6.0,131.0,179.0,79.0,94.0,87.0,129.0,23.0,91.0,188.0,76.0,0.7,0.714,0.28,0.5,0.4,1.0,0.057,0.516,0.714,7.3,,0.7,0.1,1.0,17.2,0.1,0.057,6.0,6.0,188.0,-0.9,3.7,0.1,8.0,76.0,0.8,7.7,10.5,0.516,9.7,0.1,0.2,0.049,,3.0,6.0,5.0,0.0,6.0,6.0,0.0,1.0,21.0,188.0,-24.4,-14.3,0.0,5.0,0.0,88.0,6.0,76.0,0.0,0.0,2.0,2.8,0.7,2.0,7.0,0.28,2.5,,0.3,7.9,116.0,0.5,3.9,9.8,0.4,0.6,0.6,1.0,6.0,6.0,188.0,1.7,112.0,4.5,10.4,76.0,0.8,0.8,9.5,1.3,1.9,0.7,1.3,4.8,0.28,1.7,,0.2,5.4,0.5,2.7,6.7,0.4,0.4,0.4,1.0,6.0,6.0,188.0,1.1,3.1,7.1,76.0,0.6,0.6,6.5,1.2,1.7,0.7,1.2,4.2,0.28,1.5,,0.2,4.7,0.5,2.3,5.8,0.4,0.3,0.3,1.0,6.0,6.0,31.3,1.0,2.7,6.2,107.0,0.5,0.5,5.7,0.0,0.0,,0.2,0.2,18.9,0.0,0.0,0.4,0.8,,,0.7,0.6,0.28,6.0,6.0,188.0,1.0,1.0,0.143,0.0,0.0,0.286,0.143,0.714,76.0,7.0,10.0,0.7,7.0,25.0,0.28,9.0,,1.0,28.0,0.5,14.0,35.0,0.4,2.0,2.0,1.0,6.0,6.0,188.0,6.0,16.0,37.0,122.0,3.0,3.0,34.0,0.0
wiggian01,Andrew Wiggins,https://www.basketball-reference.com/players/w/wiggian01.html,2021-22,2022,26.0,GSW,SF,SF,10.0,SF,73.0,73.0,2330.0,318.0,620.0,0.513,157.0,399.0,0.393,161.0,AS,51.0,240.0,0.543,475.0,1019.0,0.466,149.0,235.0,0.634,85.0,158.0,1256.0,49.0,76.0,111.0,325.0,0.0,4.4,8.5,0.513,2.2,5.5,0.393,2.2,AS,0.7,3.3,0.543,6.5,14.0,0.466,2.0,3.2,0.634,73.0,73.0,31.9,1.2,2.2,17.2,65.0,1.0,1.5,4.5,4.9,9.6,0.513,2.4,6.2,0.393,2.5,AS,0.8,3.7,0.543,7.3,15.7,0.466,2.3,3.6,0.634,73.0,73.0,2330.0,1.3,2.4,19.4,40.0,1.2,1.7,5.0,6.7,13.0,0.513,3.3,8.4,0.393,3.4,AS,1.1,5.0,109.0,0.543,9.9,21.3,0.466,3.1,4.9,0.634,73.0,73.0,2330.0,1.8,109.0,3.3,26.3,40.0,1.6,2.3,6.8,0.392,10.8,AS,2.1,0.4,0.1,10.9,3.4,0.231,73.0,73.0,2330.0,0.3,4.1,1.8,15.0,40.0,1.6,9.0,7.6,0.56,23.1,1.4,5.1,0.105,AS,15,84,11,122,73,73,31,43,413,2330,0.5,5.9,2,32,0,64,2,40,49,34,0.0,0.0,AS,0.442,0.261,14.9,45.0,0.051,0.466,0.732,0.365,0.372,0.513,0.49,0.393,73.0,73.0,2330.0,0.497,0.898,0.161,0.094,0.111,0.608,0.242,0.392,40.0,23.4,-14.5,AS,73.0,73.0,96.0,98.0,111.0,102.0,101.0,82.0,93.0,99.0,2330.0,40.0,0.513,0.392,0.393,0.543,0.466,0.634,0.231,0.56,,22.0,22.0,101.0,86.0,94.0,99.0,102.0,83.0,86.0,96.0,767.0,5.0,0.54,0.344,0.333,0.526,0.469,0.646,0.213,0.544,0.344,7.7,,3.0,0.8,0.3,15.8,0.9,0.213,22.0,22.0,767.0,0.5,8.1,0.8,16.0,5.0,1.4,8.3,12.1,0.544,20.8,0.5,1.7,0.108,,4.0,27.0,4.0,30.0,22.0,22.0,6.0,17.0,107.0,767.0,13.2,9.0,1.0,33.0,0.0,65.0,0.0,5.0,8.0,10.0,7.0,12.9,0.54,2.3,6.8,0.333,2.6,,1.5,7.2,110.0,0.526,9.2,19.6,0.469,2.7,4.2,0.646,22.0,22.0,767.0,3.5,112.0,3.5,23.4,5.0,1.4,1.9,10.6,5.1,9.4,0.54,1.6,4.9,0.333,1.9,,1.1,5.2,0.526,6.7,14.3,0.469,2.0,3.1,0.646,22.0,22.0,767.0,2.5,2.5,17.0,5.0,1.0,1.4,7.7,4.9,9.1,0.54,1.6,4.8,0.333,1.8,,1.0,5.0,0.526,6.5,13.9,0.469,1.9,3.0,0.646,22.0,22.0,34.9,2.5,2.5,16.5,36.0,1.0,1.4,7.5,0.0,0.0,,0.375,0.229,13.5,23.0,0.082,0.469,0.75,0.44,0.423,0.54,0.473,0.333,22.0,22.0,767.0,0.611,1.0,0.184,0.082,0.085,0.656,0.305,0.344,5.0,108.0,200.0,0.54,35.0,105.0,0.333,40.0,,23.0,111.0,0.526,143.0,305.0,0.469,42.0,65.0,0.646,22.0,22.0,767.0,54.0,54.0,363.0,10.0,22.0,30.0,165.0,0.0
mannte01,Terance Mann,https://www.basketball-reference.com/players/m/mannte01.html,2021-22,2022,25.0,LAC,SF,SF,11.0,SF,81.0,33.0,2317.0,258.0,482.0,0.535,76.0,208.0,0.365,209.0,,21.0,321.0,0.539,334.0,690.0,0.484,128.0,164.0,0.78,104.0,178.0,872.0,107.0,55.0,84.0,425.0,0.0,3.2,6.0,0.535,0.9,2.6,0.365,2.6,,0.3,4.0,0.539,4.1,8.5,0.484,1.6,2.0,0.78,81.0,33.0,28.6,1.3,2.2,10.8,159.0,0.7,1.0,5.2,4.0,7.5,0.535,1.2,3.2,0.365,3.2,,0.3,5.0,0.539,5.2,10.7,0.484,2.0,2.5,0.78,81.0,33.0,2317.0,1.6,2.8,13.5,44.0,0.9,1.3,6.6,5.5,10.2,0.535,1.6,4.4,0.365,4.4,,0.4,6.8,112.0,0.539,7.1,14.6,0.484,2.7,3.5,0.78,81.0,33.0,2317.0,2.2,117.0,3.8,18.4,44.0,1.2,1.8,9.0,0.301,13.1,,0.8,-0.6,0.2,14.3,2.4,0.238,81.0,33.0,2317.0,-0.8,4.9,3.1,13.4,44.0,1.2,9.9,9.7,0.572,16.0,0.8,5.5,0.113,,13,57,17,75,81,33,15,44,532,2317,4.1,1.9,0,19,0,61,19,44,38,22,5.0,0.0,,0.363,0.385,12.1,56.0,0.097,0.484,0.693,0.402,0.298,0.535,0.455,0.365,81.0,33.0,2317.0,0.516,0.829,0.312,0.133,0.068,0.699,0.178,0.301,44.0,10.3,9.2,,81.0,33.0,101.0,75.0,103.0,101.0,105.0,101.0,96.0,101.0,2317.0,44.0,0.535,0.301,0.365,0.539,0.484,0.78,0.238,0.572,,,,,,,,,,,,,,,,,,,,,,,,,,,,,,,,,,,,,,,,,,,,,,,,,,,,,,,,,,,,,,,,,,,,,,,,,,,,,,,,,,,,,,,,,,,,,,,,,,,,,,,,,,,,,,,,,,,,,,,,,,,,,,,,,,,,,,,,,,,,,,,,,,,,,,,,,,,,,,,,,,,,,,,,,,,,,,,,,,,,,,,,,,,,,,,,,,,,,,,,,,,,,
brownja02,Jaylen Brown,https://www.basketball-reference.com/players/b/brownja02.html,2021-22,2022,25.0,BOS,SF,SF,12.0,SF,66.0,66.0,2220.0,410.0,753.0,0.544,166.0,464.0,0.358,231.0,,18.0,351.0,0.541,576.0,1217.0,0.473,241.0,318.0,0.758,53.0,163.0,1559.0,17.0,70.0,178.0,404.0,2.0,6.2,11.4,0.544,2.5,7.0,0.358,3.5,,0.3,5.3,0.541,8.7,18.4,0.473,3.7,4.8,0.758,66.0,66.0,33.6,0.8,2.5,23.6,20.0,1.1,2.7,6.1,6.6,12.2,0.544,2.7,7.5,0.358,3.7,,0.3,5.7,0.541,9.3,19.7,0.473,3.9,5.2,0.758,66.0,66.0,2220.0,0.9,2.6,25.3,54.0,1.1,2.9,6.6,9.2,16.9,0.544,3.7,10.4,0.358,5.2,,0.4,7.9,108.0,0.541,12.9,27.2,0.473,5.4,7.1,0.758,66.0,66.0,2220.0,1.2,109.0,3.6,34.9,54.0,1.6,4.0,9.0,0.381,17.9,,0.7,2.1,0.1,16.7,3.4,0.261,66.0,66.0,2220.0,1.9,2.6,2.3,18.9,54.0,1.6,11.6,9.8,0.574,30.5,2.2,5.8,0.124,,18,67,13,150,66,66,37,95,566,2220,5.4,10.1,0,8,0,47,45,54,74,64,2.0,0.0,,0.337,0.185,14.3,31.0,0.034,0.473,0.764,0.491,0.436,0.544,0.427,0.358,66.0,66.0,2220.0,0.471,0.759,0.199,0.09,0.09,0.619,0.229,0.381,54.0,23.9,23.0,,66.0,66.0,102.0,95.0,101.0,102.0,103.0,98.0,105.0,101.0,2220.0,54.0,0.544,0.381,0.358,0.541,0.473,0.758,0.261,0.574,,24.0,24.0,100.0,96.0,105.0,102.0,102.0,99.0,126.0,103.0,920.0,2.0,0.531,0.384,0.373,0.542,0.47,0.763,0.313,0.581,0.384,16.8,,1.0,2.6,0.8,15.7,1.3,0.313,24.0,24.0,920.0,1.8,4.2,0.9,17.2,2.0,1.5,13.4,10.2,0.581,26.9,1.1,2.2,0.115,,9.0,25.0,7.0,55.0,24.0,24.0,14.0,24.0,213.0,920.0,-1.5,3.5,0.0,0.0,0.0,34.0,66.0,2.0,25.0,33.0,7.5,14.1,0.531,3.3,8.8,0.373,4.7,,0.5,7.3,108.0,0.542,10.8,22.9,0.47,5.5,7.2,0.763,24.0,24.0,920.0,1.8,109.0,3.9,30.3,2.0,1.5,4.1,9.1,5.4,10.1,0.531,2.3,6.3,0.373,3.3,,0.4,5.2,0.542,7.7,16.4,0.47,3.9,5.1,0.763,24.0,24.0,920.0,1.3,2.8,21.7,2.0,1.1,2.9,6.5,5.7,10.8,0.531,2.5,6.7,0.373,3.5,,0.4,5.5,0.542,8.2,17.5,0.47,4.2,5.5,0.763,24.0,24.0,38.3,1.4,3.0,23.1,14.0,1.1,3.1,6.9,0.0,0.0,,0.483,0.18,15.1,13.0,0.033,0.47,0.688,0.581,0.352,0.531,0.476,0.373,24.0,24.0,920.0,0.438,0.767,0.184,0.103,0.129,0.616,0.2,0.384,2.0,137.0,258.0,0.531,60.0,161.0,0.373,85.0,,10.0,133.0,0.542,197.0,419.0,0.47,100.0,131.0,0.763,24.0,24.0,920.0,33.0,71.0,554.0,3.0,27.0,74.0,166.0,0.0
middlkh01,Khris Middleton,https://www.basketball-reference.com/players/m/middlkh01.html,2021-22,2022,30.0,MIL,SF,SF,13.0,SF,66.0,66.0,2141.0,290.0,587.0,0.494,162.0,434.0,0.373,358.0,AS,18.0,315.0,0.522,452.0,1021.0,0.443,259.0,291.0,0.89,41.0,160.0,1325.0,34.0,76.0,190.0,356.0,0.0,4.4,8.9,0.494,2.5,6.6,0.373,5.4,AS,0.3,4.8,0.522,6.8,15.5,0.443,3.9,4.4,0.89,66.0,66.0,32.4,0.6,2.4,20.1,38.0,1.2,2.9,5.4,4.9,9.9,0.494,2.7,7.3,0.373,6.0,AS,0.3,5.3,0.522,7.6,17.2,0.443,4.4,4.9,0.89,66.0,66.0,2141.0,0.7,2.7,22.3,65.0,1.3,3.2,6.0,6.5,13.2,0.494,3.6,9.7,0.373,8.0,AS,0.4,7.1,112.0,0.522,10.1,22.9,0.443,5.8,6.5,0.89,66.0,66.0,2141.0,0.9,112.0,3.6,29.7,65.0,1.7,4.3,8.0,0.425,25.5,AS,0.8,1.6,-0.3,15.3,2.2,0.285,66.0,66.0,2141.0,1.9,2.1,3.2,18.1,65.0,1.7,14.2,8.8,0.577,26.7,1.9,5.3,0.119,AS,17,66,6,100,66,66,22,44,842,2141,5.2,5.5,2,30,0,58,10,65,115,47,0.0,0.0,AS,0.391,0.106,17.0,6.0,0.008,0.443,0.733,0.497,0.385,0.494,0.414,0.373,66.0,66.0,2141.0,0.328,0.63,0.103,0.187,0.14,0.575,0.137,0.425,65.0,-19.7,24.3,AS,66.0,66.0,93.0,106.0,106.0,98.0,96.0,115.0,115.0,102.0,2141.0,65.0,0.494,0.425,0.373,0.522,0.443,0.89,0.285,0.577,,2.0,2.0,75.0,146.0,121.0,102.0,90.0,129.0,50.0,101.0,72.0,144.0,0.4,0.583,0.429,0.542,0.417,1.0,0.125,0.573,0.583,29.3,,0.0,0.9,1.9,12.4,0.1,0.125,2.0,2.0,72.0,-0.9,1.5,-0.1,10.5,144.0,2.0,30.3,7.1,0.573,21.8,0.1,0.1,0.035,,1.0,2.0,1.0,1.0,2.0,2.0,1.0,1.0,33.0,72.0,-1.5,0.0,0.0,28.0,0.0,72.0,0.0,144.0,8.0,1.0,2.7,6.8,0.4,4.1,9.5,0.429,9.5,,0.0,6.1,104.0,0.542,6.8,16.3,0.417,2.0,2.0,1.0,2.0,2.0,72.0,0.7,94.0,4.1,19.6,144.0,2.0,7.4,6.8,2.0,5.0,0.4,3.0,7.0,0.429,7.0,,0.0,4.5,0.542,5.0,12.0,0.417,1.5,1.5,1.0,2.0,2.0,72.0,0.5,3.0,14.5,144.0,1.5,5.5,5.0,2.0,5.0,0.4,3.0,7.0,0.429,7.0,,0.0,4.5,0.542,5.0,12.0,0.417,1.5,1.5,1.0,2.0,2.0,36.0,0.5,3.0,14.5,44.0,1.5,5.5,5.0,0.0,0.0,,0.333,0.214,19.9,0.0,0.0,0.417,0.667,0.5,0.25,0.4,0.0,0.429,2.0,2.0,72.0,0.0,0.833,0.125,0.083,0.167,0.417,0.042,0.583,144.0,4.0,10.0,0.4,6.0,14.0,0.429,14.0,,0.0,9.0,0.542,10.0,24.0,0.417,3.0,3.0,1.0,2.0,2.0,72.0,1.0,6.0,29.0,130.0,3.0,11.0,10.0,0.0
holidju01,Justin Holiday,https://www.basketball-reference.com/players/h/holidju01.html,2021-22,2022,32.0,2TM,SF,SF,14.0,SF,74.0,65.0,2057.0,84.0,180.0,0.467,177.0,482.0,0.367,128.0,,33.0,161.0,0.528,261.0,662.0,0.394,50.0,62.0,0.806,29.0,154.0,749.0,135.0,57.0,70.0,190.0,0.0,1.1,2.4,0.467,2.4,6.5,0.367,1.7,,0.4,2.2,0.528,3.5,8.9,0.394,0.7,0.8,0.806,74.0,65.0,27.8,0.4,2.1,10.1,181.0,0.8,0.9,2.6,1.5,3.2,0.467,3.1,8.4,0.367,2.2,,0.6,2.8,0.528,4.6,11.6,0.394,0.9,1.1,0.806,74.0,65.0,2057.0,0.5,2.7,13.1,84.0,1.0,1.2,3.3,2.0,4.3,0.467,4.2,11.4,0.367,3.0,,0.8,3.8,118.0,0.528,6.2,15.7,0.394,1.2,1.5,0.806,74.0,65.0,2057.0,0.7,107.0,3.6,17.7,84.0,1.3,1.7,4.5,0.728,8.6,,1.4,-2.2,-0.8,8.8,0.6,0.094,74.0,65.0,2057.0,-1.4,1.5,0.8,9.5,84.0,1.3,9.2,5.1,0.543,15.8,-0.1,1.4,0.033,,2,81,23,22,74,65,3,16,295,2057,-0.4,-5.0,0,7,0,66,27,84,46,19,1.0,0.0,,0.394,0.284,20.4,12.0,0.021,0.394,0.603,0.483,0.375,0.467,0.344,0.367,74.0,65.0,2057.0,0.786,0.955,0.103,0.044,0.073,0.272,0.048,0.728,84.0,-4.9,-31.3,,74.0,65.0,88.0,182.0,104.0,99.0,86.0,104.0,38.0,96.0,2057.0,84.0,0.467,0.728,0.367,0.528,0.394,0.806,0.094,0.543,,,,,,,,,,,,,,,,,,,,,,,,,,,,,,,,,,,,,,,,,,,,,,,,,,,,,,,,,,,,,,,,,,,,,,,,,,,,,,,,,,,,,,,,,,,,,,,,,,,,,,,,,,,,,,,,,,,,,,,,,,,,,,,,,,,,,,,,,,,,,,,,,,,,,,,,,,,,,,,,,,,,,,,,,,,,,,,,,,,,,,,,,,,,,,,,,,,,,,,,,,,,,
oubreke01,Kelly Oubre Jr.,https://www.basketball-reference.com/players/o/oubreke01.html,2021-22,2022,26.0,CHO,SF,SF,15.0,SF,76.0,13.0,1999.0,219.0,379.0,0.578,191.0,553.0,0.345,84.0,6MOY-7,31.0,223.0,0.542,410.0,932.0,0.44,126.0,189.0,0.667,79.0,189.0,1137.0,61.0,77.0,67.0,302.0,0.0,2.9,5.0,0.578,2.5,7.3,0.345,1.1,6MOY-7,0.4,2.9,0.542,5.4,12.3,0.44,1.7,2.5,0.667,76.0,13.0,26.3,1.0,2.5,15.0,94.0,1.0,0.9,4.0,3.9,6.8,0.578,3.4,10.0,0.345,1.5,6MOY-7,0.6,4.0,0.542,7.4,16.8,0.44,2.3,3.4,0.667,76.0,13.0,1999.0,1.4,3.4,20.5,92.0,1.4,1.2,5.4,5.3,9.1,0.578,4.6,13.3,0.345,2.0,6MOY-7,0.7,5.4,115.0,0.542,9.8,22.4,0.44,3.0,4.5,0.667,76.0,13.0,1999.0,1.9,111.0,4.5,27.3,92.0,1.8,1.6,7.2,0.593,6.2,6MOY-7,1.5,-1.4,-1.6,12.0,1.4,0.203,76.0,13.0,1999.0,0.2,4.1,1.8,14.9,92.0,1.8,6.2,8.0,0.56,23.0,0.3,3.3,0.079,6MOY-7,4,79,17,96,76,13,28,43,198,1999,-2.1,-0.5,0,6,1,61,33,92,26,32,2.0,0.0,6MOY-7,0.335,0.313,16.9,53.0,0.063,0.44,0.716,0.308,0.417,0.578,0.425,0.345,76.0,13.0,1999.0,0.612,0.932,0.231,0.042,0.013,0.407,0.121,0.593,92.0,19.9,-12.2,6MOY-7,76.0,13.0,109.0,149.0,98.0,102.0,95.0,86.0,82.0,99.0,1999.0,92.0,0.578,0.593,0.345,0.542,0.44,0.667,0.203,0.56,,,,,,,,,,,,,,,,,,,,,,,,,,,,,,,,,,,,,,,,,,,,,,,,,,,,,,,,,,,,,,,,,,,,,,,,,,,,,,,,,,,,,,,,,,,,,,,,,,,,,,,,,,,,,,,,,,,,,,,,,,,,,,,,,,,,,,,,,,,,,,,,,,,,,,,,,,,,,,,,,,,,,,,,,,,,,,,,,,,,,,,,,,,,,,,,,,,,,,,,,,,,,
avdijde01,Deni Avdija,https://www.basketball-reference.com/players/a/avdijde01.html,2021-22,2022,21.0,WAS,SF,SF,16.0,SF,82.0,8.0,1984.0,168.0,320.0,0.525,82.0,259.0,0.317,167.0,,44.0,373.0,0.503,250.0,579.0,0.432,103.0,136.0,0.757,52.0,190.0,685.0,152.0,59.0,87.0,425.0,0.0,2.0,3.9,0.525,1.0,3.2,0.317,2.0,,0.5,4.5,0.503,3.0,7.1,0.432,1.3,1.7,0.757,82.0,8.0,24.2,0.6,2.3,8.4,237.0,0.7,1.1,5.2,3.0,5.8,0.525,1.5,4.7,0.317,3.0,,0.8,6.8,0.503,4.5,10.5,0.432,1.9,2.5,0.757,82.0,8.0,1984.0,0.9,3.4,12.4,93.0,1.1,1.6,7.7,4.2,8.0,0.525,2.0,6.5,0.317,4.2,,1.1,9.3,113.0,0.503,6.2,14.4,0.432,2.6,3.4,0.757,82.0,8.0,1984.0,1.3,106.0,4.7,17.1,93.0,1.5,2.2,10.6,0.447,11.8,,1.9,-1.7,0.4,20.5,1.8,0.235,82.0,8.0,1984.0,-2.1,3.0,0.6,11.6,93.0,1.5,12.0,11.9,0.536,16.3,0.1,2.4,0.058,,4,104,2,50,82,8,11,39,387,1984,5.2,-0.7,0,24,0,69,7,93,55,20,1.0,0.0,,0.266,0.247,14.3,6.0,0.021,0.432,0.63,0.435,0.389,0.525,0.464,0.317,82.0,8.0,1984.0,0.583,0.927,0.219,0.04,0.031,0.553,0.261,0.447,93.0,-33.7,-38.2,,82.0,8.0,99.0,112.0,90.0,95.0,94.0,98.0,95.0,95.0,1984.0,93.0,0.525,0.447,0.317,0.503,0.432,0.757,0.235,0.536,,,,,,,,,,,,,,,,,,,,,,,,,,,,,,,,,,,,,,,,,,,,,,,,,,,,,,,,,,,,,,,,,,,,,,,,,,,,,,,,,,,,,,,,,,,,,,,,,,,,,,,,,,,,,,,,,,,,,,,,,,,,,,,,,,,,,,,,,,,,,,,,,,,,,,,,,,,,,,,,,,,,,,,,,,,,,,,,,,,,,,,,,,,,,,,,,,,,,,,,,,,,,
vassede01,Devin Vassell,https://www.basketball-reference.com/players/v/vassede01.html,2021-22,2022,21.0,SAS,SF,SF,17.0,SF,71.0,32.0,1937.0,189.0,384.0,0.492,137.0,380.0,0.361,136.0,,41.0,262.0,0.516,326.0,764.0,0.427,83.0,99.0,0.838,44.0,143.0,872.0,108.0,76.0,58.0,306.0,0.0,2.7,5.4,0.492,1.9,5.4,0.361,1.9,,0.6,3.7,0.516,4.6,10.8,0.427,1.2,1.4,0.838,71.0,32.0,27.3,0.6,2.0,12.3,129.0,1.1,0.8,4.3,3.5,7.1,0.492,2.5,7.1,0.361,2.5,,0.8,4.9,0.516,6.1,14.2,0.427,1.5,1.8,0.838,71.0,32.0,1937.0,0.8,2.7,16.2,101.0,1.4,1.1,5.7,4.7,9.5,0.492,3.4,9.4,0.361,3.4,,1.0,6.5,112.0,0.516,8.1,18.9,0.427,2.1,2.5,0.838,71.0,32.0,1937.0,1.1,109.0,3.5,21.6,101.0,1.9,1.4,7.6,0.497,9.7,,1.8,-0.5,0.0,14.3,2.0,0.13,71.0,32.0,1937.0,-0.5,2.4,1.3,13.3,101.0,1.9,6.7,8.3,0.54,18.9,0.7,3.3,0.082,,4,74,6,44,71,32,10,26,335,1937,1.2,0.7,0,9,1,61,29,101,29,18,1.0,0.0,,0.347,0.326,17.3,28.0,0.043,0.427,0.67,0.417,0.425,0.492,0.448,0.361,71.0,32.0,1937.0,0.672,0.971,0.131,0.151,0.096,0.503,0.126,0.497,101.0,-23.4,-42.2,,71.0,32.0,92.0,125.0,102.0,97.0,93.0,108.0,52.0,95.0,1937.0,101.0,0.492,0.497,0.361,0.516,0.427,0.838,0.13,0.54,,,,,,,,,,,,,,,,,,,,,,,,,,,,,,,,,,,,,,,,,,,,,,,,,,,,,,,,,,,,,,,,,,,,,,,,,,,,,,,,,,,,,,,,,,,,,,,,,,,,,,,,,,,,,,,,,,,,,,,,,,,,,,,,,,,,,,,,,,,,,,,,,,,,,,,,,,,,,,,,,,,,,,,,,,,,,,,,,,,,,,,,,,,,,,,,,,,,,,,,,,,,,
butleji01,Jimmy Butler,https://www.basketball-reference.com/players/b/butleji01.html,2021-22,2022,32.0,MIA,SF,SF,18.0,SF,57.0,57.0,1931.0,371.0,713.0,0.52,27.0,116.0,0.233,312.0,AS,27.0,234.0,0.496,398.0,829.0,0.48,396.0,455.0,0.87,102.0,88.0,1219.0,53.0,94.0,121.0,336.0,4.0,6.5,12.5,0.52,0.5,2.0,0.233,5.5,AS,0.5,4.1,0.496,7.0,14.5,0.48,6.9,8.0,0.87,57.0,57.0,33.9,1.8,1.5,21.4,29.0,1.6,2.1,5.9,6.9,13.3,0.52,0.5,2.2,0.233,5.8,AS,0.5,4.4,0.496,7.4,15.5,0.48,7.4,8.5,0.87,57.0,57.0,1931.0,1.9,1.6,22.7,102.0,1.8,2.3,6.3,9.6,18.5,0.52,0.7,3.0,0.233,8.1,AS,0.7,6.1,108.0,0.496,10.3,21.5,0.48,10.3,11.8,0.87,57.0,57.0,1931.0,2.6,124.0,2.3,31.6,102.0,2.4,3.1,8.7,0.14,26.4,AS,1.5,6.3,1.9,13.5,2.9,0.549,57.0,57.0,1931.0,4.5,6.1,6.2,23.6,102.0,2.4,10.5,9.9,0.592,26.5,4.0,9.2,0.228,AS,16,29,14,200,57,57,38,36,786,1931,2.3,5.8,0,32,0,67,0,102,65,31,2.0,0.0,AS,0.278,0.466,9.4,38.0,0.051,0.48,0.706,0.468,0.327,0.52,0.422,0.233,57.0,57.0,1931.0,0.369,0.778,0.296,0.191,0.066,0.86,0.286,0.14,102.0,-58.5,54.0,AS,57.0,57.0,98.0,35.0,66.0,93.0,104.0,112.0,221.0,105.0,1931.0,102.0,0.52,0.14,0.233,0.496,0.48,0.87,0.549,0.592,,17.0,17.0,103.0,52.0,96.0,102.0,110.0,109.0,162.0,107.0,629.0,13.0,0.55,0.207,0.338,0.541,0.506,0.841,0.402,0.604,0.207,23.5,,1.9,11.8,3.5,16.3,1.1,0.402,17.0,17.0,629.0,8.3,7.4,2.7,29.9,13.0,2.8,6.1,11.7,0.604,29.1,2.2,3.8,0.291,,2.0,11.0,3.0,66.0,17.0,17.0,25.0,13.0,197.0,629.0,12.5,7.5,0.0,43.0,0.0,57.0,0.0,13.0,11.0,6.0,11.6,21.1,0.55,1.9,5.5,0.338,6.3,,0.9,6.8,104.0,0.541,13.4,26.6,0.506,9.0,10.7,0.841,17.0,17.0,629.0,3.3,127.0,2.0,37.7,13.0,2.8,2.0,10.1,8.2,14.9,0.55,1.3,3.9,0.338,4.5,,0.6,4.8,0.541,9.5,18.8,0.506,6.4,7.6,0.841,17.0,17.0,629.0,2.3,1.4,26.7,13.0,2.0,1.4,7.2,8.4,15.3,0.55,1.4,4.0,0.338,4.6,,0.6,4.9,0.541,9.8,19.3,0.506,6.5,7.8,0.841,17.0,17.0,37.0,2.4,1.5,27.4,4.0,2.1,1.5,7.4,0.0,0.0,,0.364,0.324,11.1,24.0,0.079,0.506,0.716,0.5,0.378,0.55,0.463,0.338,17.0,17.0,629.0,0.378,0.522,0.29,0.146,0.113,0.793,0.244,0.207,13.0,143.0,260.0,0.55,23.0,68.0,0.338,78.0,,11.0,84.0,0.541,166.0,328.0,0.506,111.0,132.0,0.841,17.0,17.0,629.0,41.0,25.0,466.0,5.0,35.0,25.0,125.0,0.0
bullore01,Reggie Bullock,https://www.basketball-reference.com/players/b/bullore01.html,2021-22,2022,30.0,DAL,SF,SF,19.0,SF,68.0,37.0,1902.0,60.0,109.0,0.55,141.0,392.0,0.36,83.0,,14.0,208.0,0.542,201.0,501.0,0.401,40.0,48.0,0.833,33.0,111.0,583.0,195.0,41.0,40.0,241.0,0.0,0.9,1.6,0.55,2.1,5.8,0.36,1.2,,0.2,3.1,0.542,3.0,7.4,0.401,0.6,0.7,0.833,68.0,37.0,28.0,0.5,1.6,8.6,229.0,0.6,0.6,3.5,1.1,2.1,0.55,2.7,7.4,0.36,1.6,,0.3,3.9,0.542,3.8,9.5,0.401,0.8,0.9,0.833,68.0,37.0,1902.0,0.6,2.1,11.0,106.0,0.8,0.8,4.6,1.6,2.9,0.55,3.7,10.4,0.36,2.2,,0.4,5.5,112.0,0.542,5.3,13.3,0.401,1.1,1.3,0.833,68.0,37.0,1902.0,0.9,111.0,2.9,15.4,106.0,1.1,1.1,6.4,0.782,6.1,,0.7,-1.4,0.0,12.2,2.0,0.096,68.0,37.0,1902.0,-1.4,1.9,1.2,9.2,106.0,1.1,7.1,7.0,0.558,13.3,0.3,3.2,0.08,,4,44,5,11,68,37,4,16,200,1902,7.4,7.4,0,24,0,65,11,106,24,6,0.0,0.0,,0.406,0.446,20.9,2.0,0.004,0.401,0.688,0.688,0.429,0.55,0.292,0.36,68.0,37.0,1902.0,0.767,0.986,0.096,0.032,0.042,0.218,0.048,0.782,106.0,10.2,-8.0,,68.0,37.0,103.0,196.0,102.0,102.0,87.0,108.0,39.0,99.0,1902.0,106.0,0.55,0.782,0.36,0.542,0.401,0.833,0.096,0.558,,18.0,18.0,84.0,217.0,112.0,108.0,88.0,115.0,48.0,106.0,707.0,8.0,0.45,0.868,0.397,0.576,0.404,0.889,0.119,0.598,0.868,6.3,,0.1,0.4,0.9,12.5,0.4,0.119,18.0,18.0,707.0,-0.5,1.3,0.8,10.1,8.0,1.6,4.8,6.8,0.598,11.2,0.4,1.2,0.081,,4.0,15.0,4.0,3.0,18.0,18.0,2.0,6.0,79.0,707.0,3.1,1.1,0.0,18.0,0.0,79.0,3.0,8.0,3.0,0.0,0.7,1.5,0.45,3.8,9.6,0.397,2.2,,0.1,5.4,115.0,0.576,4.5,11.1,0.404,1.2,1.3,0.889,18.0,18.0,707.0,0.6,120.0,3.5,13.9,8.0,1.6,0.6,6.0,0.5,1.0,0.45,2.6,6.7,0.397,1.5,,0.1,3.8,0.576,3.1,7.7,0.404,0.8,0.9,0.889,18.0,18.0,707.0,0.4,2.4,9.7,8.0,1.1,0.4,4.2,0.5,1.1,0.45,2.9,7.3,0.397,1.7,,0.1,4.1,0.576,3.4,8.4,0.404,0.9,1.0,0.889,18.0,18.0,39.3,0.4,2.7,10.6,68.0,1.2,0.4,4.6,0.0,0.0,,0.411,0.427,22.4,1.0,0.007,0.404,0.778,0.333,0.5,0.45,0.0,0.397,18.0,18.0,707.0,0.778,0.962,0.06,0.02,0.013,0.132,0.04,0.868,8.0,9.0,20.0,0.45,52.0,131.0,0.397,30.0,,1.0,74.0,0.576,61.0,151.0,0.404,16.0,18.0,0.889,18.0,18.0,707.0,8.0,48.0,190.0,29.0,22.0,8.0,82.0,0.0
markkla01,Lauri Markkanen,https://www.basketball-reference.com/players/m/markkla01.html,2021-22,2022,24.0,CLE,SF,SF,20.0,SF,61.0,61.0,1878.0,177.0,323.0,0.548,136.0,380.0,0.358,81.0,,30.0,286.0,0.542,313.0,703.0,0.445,138.0,159.0,0.868,59.0,130.0,900.0,101.0,45.0,54.0,345.0,0.0,2.9,5.3,0.548,2.2,6.2,0.358,1.3,,0.5,4.7,0.542,5.1,11.5,0.445,2.3,2.6,0.868,61.0,61.0,30.8,1.0,2.1,14.8,96.0,0.7,0.9,5.7,3.4,6.2,0.548,2.6,7.3,0.358,1.6,,0.6,5.5,0.542,6.0,13.5,0.445,2.6,3.0,0.868,61.0,61.0,1878.0,1.1,2.5,17.3,110.0,0.9,1.0,6.6,4.7,8.6,0.548,3.6,10.1,0.358,2.2,,0.8,7.6,110.0,0.542,8.3,18.7,0.445,3.7,4.2,0.868,61.0,61.0,1878.0,1.6,117.0,3.5,23.9,110.0,1.2,1.4,9.2,0.541,6.6,,1.4,0.4,-0.1,16.5,2.3,0.226,61.0,61.0,1878.0,0.4,3.5,2.7,14.7,110.0,1.2,6.5,10.2,0.582,19.5,1.1,5.0,0.127,,6,74,6,66,61,61,14,46,190,1878,4.1,4.3,1,27,0,64,9,110,24,16,0.0,0.0,,0.342,0.2,16.4,51.0,0.08,0.445,0.675,0.326,0.5,0.548,0.45,0.358,61.0,61.0,1878.0,0.678,0.993,0.223,0.061,0.028,0.459,0.142,0.541,110.0,14.4,25.0,,61.0,61.0,103.0,135.0,101.0,102.0,97.0,112.0,91.0,103.0,1878.0,110.0,0.548,0.541,0.358,0.542,0.445,0.868,0.226,0.582,,,,,,,,,,,,,,,,,,,,,,,,,,,,,,,,,,,,,,,,,,,,,,,,,,,,,,,,,,,,,,,,,,,,,,,,,,,,,,,,,,,,,,,,,,,,,,,,,,,,,,,,,,,,,,,,,,,,,,,,,,,,,,,,,,,,,,,,,,,,,,,,,,,,,,,,,,,,,,,,,,,,,,,,,,,,,,,,,,,,,,,,,,,,,,,,,,,,,,,,,,,,,
ingrabr01,Brandon Ingram,https://www.basketball-reference.com/players/i/ingrabr01.html,2021-22,2022,24.0,NOP,SF,SF,21.0,SF,55.0,55.0,1869.0,379.0,757.0,0.501,74.0,226.0,0.327,307.0,,26.0,285.0,0.498,453.0,983.0,0.461,266.0,322.0,0.826,35.0,119.0,1246.0,51.0,34.0,151.0,320.0,0.0,6.9,13.8,0.501,1.3,4.1,0.327,5.6,,0.5,5.2,0.498,8.2,17.9,0.461,4.8,5.9,0.826,55.0,55.0,34.0,0.6,2.2,22.7,25.0,0.6,2.7,5.8,7.3,14.6,0.501,1.4,4.4,0.327,5.9,,0.5,5.5,0.498,8.7,18.9,0.461,5.1,6.2,0.826,55.0,55.0,1869.0,0.7,2.3,24.0,112.0,0.7,2.9,6.2,10.0,20.0,0.501,2.0,6.0,0.327,8.1,,0.7,7.5,115.0,0.498,12.0,26.0,0.461,7.0,8.5,0.826,55.0,55.0,1869.0,0.9,111.0,3.1,32.9,112.0,0.9,4.0,8.5,0.23,27.8,,1.3,2.0,-0.6,17.3,1.3,0.328,55.0,55.0,1869.0,2.6,2.0,2.5,18.7,112.0,0.9,11.8,9.5,0.554,29.3,1.9,3.9,0.099,,23,53,9,138,55,55,35,42,751,1869,8.1,3.2,0,17,0,60,23,112,67,48,3.0,1.0,,0.414,0.128,14.3,39.0,0.045,0.461,0.681,0.51,0.427,0.501,0.438,0.327,55.0,55.0,1869.0,0.396,0.851,0.14,0.245,0.222,0.77,0.149,0.23,112.0,-65.3,-27.1,,55.0,55.0,94.0,58.0,93.0,94.0,100.0,107.0,132.0,98.0,1869.0,112.0,0.501,0.23,0.327,0.498,0.461,0.826,0.328,0.554,,6.0,6.0,93.0,57.0,115.0,98.0,103.0,107.0,161.0,103.0,236.0,56.0,0.495,0.229,0.407,0.521,0.475,0.83,0.398,0.584,0.229,27.3,,0.7,3.9,-0.5,17.7,0.0,0.398,6.0,6.0,236.0,4.5,1.9,0.6,21.3,56.0,0.9,14.2,9.3,0.584,29.5,0.4,0.6,0.12,,4.0,4.0,0.0,15.0,6.0,6.0,4.0,4.0,84.0,236.0,10.7,-0.2,0.0,0.0,0.0,31.0,68.0,56.0,8.0,10.0,9.8,19.8,0.495,2.4,5.9,0.407,8.1,,0.4,7.2,121.0,0.521,12.2,25.7,0.475,8.5,10.2,0.83,6.0,6.0,236.0,0.9,117.0,2.4,35.3,56.0,0.9,5.0,8.1,6.9,13.9,0.495,1.7,4.1,0.407,5.6,,0.3,5.0,0.521,8.5,18.0,0.475,5.9,7.2,0.83,6.0,6.0,236.0,0.6,1.7,24.7,56.0,0.6,3.5,5.6,7.5,15.2,0.495,1.8,4.5,0.407,6.2,,0.3,5.5,0.521,9.3,19.7,0.475,6.5,7.8,0.83,6.0,6.0,39.3,0.7,1.8,27.0,7.0,0.7,3.8,6.2,1.0,0.0,,1.0,0.111,14.4,4.0,0.042,0.475,0.786,0.516,0.455,0.495,0.333,0.407,6.0,6.0,236.0,0.467,0.909,0.119,0.263,0.186,0.771,0.203,0.229,56.0,45.0,91.0,0.495,11.0,27.0,0.407,37.0,,2.0,33.0,0.521,56.0,118.0,0.475,39.0,47.0,0.83,6.0,6.0,236.0,4.0,11.0,162.0,34.0,4.0,23.0,37.0,0.0
greenje02,Jeff Green,https://www.basketball-reference.com/players/g/greenje02.html,2021-22,2022,35.0,DEN,PF,SF,22.0,SF,75.0,63.0,1849.0,224.0,361.0,0.62,53.0,168.0,0.315,96.0,,27.0,190.0,0.574,277.0,529.0,0.524,165.0,198.0,0.833,41.0,151.0,772.0,128.0,28.0,71.0,231.0,0.0,3.0,4.8,0.62,0.7,2.2,0.315,1.3,,0.4,2.5,0.574,3.7,7.1,0.524,2.2,2.6,0.833,75.0,63.0,24.7,0.5,2.0,10.3,174.0,0.4,0.9,3.1,4.4,7.0,0.62,1.0,3.3,0.315,1.9,,0.5,3.7,0.574,5.4,10.3,0.524,3.2,3.9,0.833,75.0,63.0,1849.0,0.8,2.9,15.0,116.0,0.5,1.4,4.5,5.9,9.6,0.62,1.4,4.5,0.315,2.5,,0.7,5.0,115.0,0.574,7.3,14.0,0.524,4.4,5.3,0.833,75.0,63.0,1849.0,1.1,119.0,4.0,20.5,116.0,0.7,1.9,6.1,0.318,7.3,,1.3,-2.5,-1.3,11.1,1.2,0.374,75.0,63.0,1849.0,-1.2,2.6,2.7,12.5,116.0,0.7,10.3,7.0,0.627,16.3,-0.2,3.9,0.101,,15,79,21,105,75,63,30,26,225,1849,-0.7,2.0,7,29,0,64,0,116,26,18,2.0,0.0,,0.315,0.548,11.3,74.0,0.153,0.524,0.79,0.415,0.188,0.62,0.496,0.315,75.0,63.0,1849.0,0.821,0.981,0.342,0.078,0.03,0.682,0.233,0.318,116.0,44.5,74.6,,75.0,63.0,117.0,80.0,89.0,108.0,114.0,108.0,151.0,111.0,1849.0,116.0,0.62,0.318,0.315,0.574,0.524,0.833,0.374,0.627,,5.0,5.0,63.0,118.0,106.0,83.0,77.0,103.0,119.0,87.0,113.0,123.0,0.333,0.471,0.375,0.441,0.353,0.8,0.294,0.495,0.471,2.3,,1.9,-3.3,-1.9,12.4,0.0,0.294,5.0,5.0,113.0,-1.4,7.4,0.1,7.6,123.0,1.3,9.4,9.9,0.495,8.2,0.0,0.0,0.012,,0.0,4.0,0.0,2.0,5.0,5.0,1.0,2.0,4.0,113.0,-0.8,-10.3,0.0,1.0,0.0,99.0,0.0,123.0,0.0,1.0,1.3,3.9,0.333,1.3,3.5,0.375,0.9,,0.9,4.8,123.0,0.441,2.6,7.5,0.353,1.8,2.2,0.8,5.0,5.0,113.0,3.1,114.0,2.6,8.3,123.0,1.3,0.9,7.9,1.0,2.9,0.333,1.0,2.5,0.375,0.6,,0.6,3.5,0.441,1.9,5.4,0.353,1.3,1.6,0.8,5.0,5.0,113.0,2.2,1.9,6.1,123.0,1.0,0.6,5.7,0.6,1.8,0.333,0.6,1.6,0.375,0.4,,0.4,2.2,0.441,1.2,3.4,0.353,0.8,1.0,0.8,5.0,5.0,22.6,1.4,1.2,3.8,142.0,0.6,0.4,3.6,0.0,0.0,,0.2,0.625,15.3,1.0,0.059,0.353,0.0,0.5,0.0,0.333,0.4,0.375,5.0,5.0,113.0,0.333,1.0,0.059,0.118,0.059,0.529,0.294,0.471,123.0,3.0,9.0,0.333,3.0,8.0,0.375,2.0,,2.0,11.0,0.441,6.0,17.0,0.353,4.0,5.0,0.8,5.0,5.0,113.0,7.0,6.0,19.0,153.0,3.0,2.0,18.0,0.0
kispeco01,Corey Kispert,https://www.basketball-reference.com/players/k/kispeco01.html,2021-22,2022,22.0,WAS,SF,SF,23.0,SF,77.0,36.0,1801.0,122.0,194.0,0.629,112.0,320.0,0.35,85.0,,22.0,156.0,0.564,234.0,514.0,0.455,54.0,62.0,0.871,53.0,93.0,634.0,174.0,35.0,50.0,209.0,0.0,1.6,2.5,0.629,1.5,4.2,0.35,1.1,,0.3,2.0,0.564,3.0,6.7,0.455,0.7,0.8,0.871,77.0,36.0,23.4,0.7,1.2,8.2,247.0,0.5,0.6,2.7,2.4,3.9,0.629,2.2,6.4,0.35,1.7,,0.4,3.1,0.564,4.7,10.3,0.455,1.1,1.2,0.871,77.0,36.0,1801.0,1.1,1.9,12.7,128.0,0.7,1.0,4.2,3.4,5.3,0.629,3.1,8.8,0.35,2.3,,0.6,4.3,118.0,0.564,6.4,14.1,0.455,1.5,1.7,0.871,77.0,36.0,1801.0,1.5,114.0,2.6,17.4,128.0,1.0,1.4,5.7,0.623,6.7,,1.0,-2.3,-1.5,9.4,0.7,0.121,77.0,36.0,1801.0,-0.8,3.3,1.6,10.9,128.0,1.0,8.5,6.4,0.586,14.6,-0.1,2.3,0.061,,7,48,6,26,77,36,6,20,198,1801,5.8,-0.1,0,2,0,62,35,128,21,13,0.0,0.0,,0.423,0.325,18.0,12.0,0.025,0.455,0.791,0.565,0.353,0.629,0.515,0.35,77.0,36.0,1801.0,0.803,0.982,0.167,0.045,0.033,0.377,0.132,0.623,128.0,33.4,21.3,,77.0,36.0,118.0,156.0,99.0,106.0,99.0,112.0,49.0,103.0,1801.0,128.0,0.629,0.623,0.35,0.564,0.455,0.871,0.121,0.586,,,,,,,,,,,,,,,,,,,,,,,,,,,,,,,,,,,,,,,,,,,,,,,,,,,,,,,,,,,,,,,,,,,,,,,,,,,,,,,,,,,,,,,,,,,,,,,,,,,,,,,,,,,,,,,,,,,,,,,,,,,,,,,,,,,,,,,,,,,,,,,,,,,,,,,,,,,,,,,,,,,,,,,,,,,,,,,,,,,,,,,,,,,,,,,,,,,,,,,,,,,,,
brownbr01,Bruce Brown,https://www.basketball-reference.com/players/b/brownbr01.html,2021-22,2022,25.0,BRK,SF,SF,24.0,SF,72.0,45.0,1774.0,218.0,412.0,0.529,38.0,94.0,0.404,148.0,,52.0,245.0,0.543,256.0,506.0,0.506,97.0,128.0,0.758,100.0,176.0,647.0,169.0,77.0,56.0,345.0,0.0,3.0,5.7,0.529,0.5,1.3,0.404,2.1,,0.7,3.4,0.543,3.6,7.0,0.506,1.3,1.8,0.758,72.0,45.0,24.6,1.4,2.4,9.0,215.0,1.1,0.8,4.8,4.4,8.4,0.529,0.8,1.9,0.404,3.0,,1.1,5.0,0.543,5.2,10.3,0.506,2.0,2.6,0.758,72.0,45.0,1774.0,2.0,3.6,13.1,134.0,1.6,1.1,7.0,6.0,11.3,0.529,1.0,2.6,0.404,4.0,,1.4,6.7,111.0,0.543,7.0,13.8,0.506,2.7,3.5,0.758,72.0,45.0,1774.0,2.7,121.0,4.8,17.7,134.0,2.1,1.5,9.4,0.186,11.5,,2.6,0.7,1.1,14.7,2.0,0.253,72.0,45.0,1774.0,-0.4,6.3,2.8,15.0,134.0,2.1,9.1,10.6,0.575,15.0,1.2,4.8,0.13,,8,92,6,70,72,45,22,37,364,1774,-1.6,0.5,0,9,0,65,26,134,26,16,0.0,0.0,,0.397,0.617,8.2,34.0,0.071,0.506,0.695,0.38,0.125,0.529,0.382,0.404,72.0,45.0,1774.0,0.743,0.921,0.389,0.099,0.016,0.814,0.3,0.186,134.0,11.9,10.5,,72.0,45.0,99.0,47.0,114.0,102.0,110.0,98.0,102.0,102.0,1774.0,134.0,0.529,0.186,0.404,0.543,0.506,0.758,0.253,0.575,,4.0,4.0,122.0,95.0,121.0,122.0,123.0,103.0,109.0,119.0,139.0,102.0,0.652,0.378,0.429,0.649,0.568,0.8,0.27,0.676,0.378,11.9,,2.1,2.4,0.3,12.3,0.0,0.27,4.0,4.0,139.0,2.1,5.6,0.3,15.4,102.0,1.8,17.9,8.9,0.676,16.6,0.2,0.2,0.078,,2.0,10.0,0.0,5.0,4.0,4.0,0.0,3.0,28.0,139.0,-10.0,-7.5,0.0,16.0,0.0,82.0,2.0,102.0,5.0,2.0,5.5,8.5,0.652,2.2,5.2,0.429,4.1,,1.1,4.8,122.0,0.649,7.7,13.6,0.568,2.9,3.7,0.8,4.0,4.0,139.0,2.2,121.0,5.9,20.6,102.0,1.8,3.3,7.0,3.9,6.0,0.652,1.6,3.6,0.429,2.8,,0.8,3.4,0.649,5.4,9.6,0.568,2.1,2.6,0.8,4.0,4.0,139.0,1.6,4.1,14.5,102.0,1.3,2.3,4.9,3.8,5.8,0.652,1.5,3.5,0.429,2.8,,0.8,3.3,0.649,5.3,9.3,0.568,2.0,2.5,0.8,4.0,4.0,34.8,1.5,4.0,14.0,48.0,1.3,2.3,4.8,0.0,0.0,,0.5,0.571,12.6,3.0,0.081,0.568,0.818,0.6,0.0,0.652,0.5,0.429,4.0,4.0,139.0,0.733,1.0,0.297,0.135,0.027,0.622,0.162,0.378,102.0,15.0,23.0,0.652,6.0,14.0,0.429,11.0,,3.0,13.0,0.649,21.0,37.0,0.568,8.0,10.0,0.8,4.0,4.0,139.0,6.0,16.0,56.0,97.0,5.0,9.0,19.0,0.0
anunoog01,OG Anunoby,https://www.basketball-reference.com/players/a/anunoog01.html,2021-22,2022,24.0,TOR,SF,SF,25.0,SF,48.0,48.0,1728.0,194.0,380.0,0.511,115.0,317.0,0.363,125.0,,25.0,190.0,0.526,309.0,697.0,0.443,89.0,118.0,0.754,74.0,131.0,822.0,119.0,71.0,80.0,264.0,0.0,4.0,7.9,0.511,2.4,6.6,0.363,2.6,,0.5,4.0,0.526,6.4,14.5,0.443,1.9,2.5,0.754,48.0,48.0,36.0,1.5,2.7,17.1,66.0,1.5,1.7,5.5,4.0,7.9,0.511,2.4,6.6,0.363,2.6,,0.5,4.0,0.526,6.4,14.5,0.443,1.9,2.5,0.754,48.0,48.0,1728.0,1.5,2.7,17.1,141.0,1.5,1.7,5.5,5.6,11.0,0.511,3.3,9.2,0.363,3.6,,0.7,5.5,111.0,0.526,8.9,20.2,0.443,2.6,3.4,0.754,48.0,48.0,1728.0,2.1,112.0,3.8,23.8,141.0,2.1,2.3,7.6,0.455,11.0,,1.4,0.5,0.1,12.6,1.9,0.169,48.0,48.0,1728.0,0.4,4.4,1.8,14.8,141.0,2.1,9.7,8.3,0.549,20.5,1.1,3.7,0.104,,11,54,5,45,48,48,9,47,309,1728,3.1,3.9,0,9,3,61,27,141,37,24,0.0,0.0,,0.478,0.29,14.7,62.0,0.109,0.443,0.691,0.393,0.283,0.511,0.354,0.363,48.0,48.0,1728.0,0.448,0.835,0.255,0.08,0.076,0.545,0.118,0.455,141.0,-8.2,-25.8,,48.0,48.0,96.0,114.0,103.0,99.0,96.0,97.0,68.0,97.0,1728.0,141.0,0.511,0.455,0.363,0.526,0.443,0.754,0.169,0.549,,6.0,6.0,114.0,125.0,97.0,106.0,103.0,97.0,79.0,103.0,217.0,63.0,0.61,0.5,0.341,0.561,0.476,0.75,0.195,0.584,0.5,11.4,,0.5,0.8,-0.4,10.7,-0.1,0.195,6.0,6.0,217.0,1.2,3.6,0.3,15.2,63.0,1.5,10.1,6.8,0.584,21.2,0.1,0.2,0.051,,2.0,7.0,3.0,7.0,6.0,6.0,2.0,6.0,32.0,217.0,3.4,-8.5,0.0,0.0,12.0,33.0,55.0,63.0,1.0,6.0,6.1,9.9,0.61,3.4,9.9,0.341,3.6,,0.2,4.1,123.0,0.561,9.5,19.9,0.476,2.9,3.9,0.75,6.0,6.0,217.0,1.7,114.0,4.4,25.2,63.0,1.5,2.4,5.8,4.1,6.8,0.61,2.3,6.8,0.341,2.5,,0.2,2.8,0.561,6.5,13.6,0.476,2.0,2.7,0.75,6.0,6.0,217.0,1.2,3.0,17.3,63.0,1.0,1.7,4.0,4.2,6.8,0.61,2.3,6.8,0.341,2.5,,0.2,2.8,0.561,6.5,13.7,0.476,2.0,2.7,0.75,6.0,6.0,36.2,1.2,3.0,17.3,33.0,1.0,1.7,4.0,1.0,0.0,,0.3,0.244,16.3,5.0,0.061,0.476,0.941,0.333,0.667,0.61,0.333,0.341,6.0,6.0,217.0,0.4,0.929,0.207,0.073,0.037,0.5,0.183,0.5,63.0,25.0,41.0,0.61,14.0,41.0,0.341,15.0,,1.0,17.0,0.561,39.0,82.0,0.476,12.0,16.0,0.75,6.0,6.0,217.0,7.0,18.0,104.0,60.0,6.0,10.0,24.0,0.0
mathega01,Garrison Mathews,https://www.basketball-reference.com/players/m/mathega01.html,2021-22,2022,25.0,HOU,SG,SF,26.0,SF,65.0,33.0,1712.0,45.0,75.0,0.6,139.0,386.0,0.36,64.0,,24.0,158.0,0.55,184.0,461.0,0.399,143.0,180.0,0.794,32.0,168.0,650.0,167.0,57.0,41.0,190.0,0.0,0.7,1.2,0.6,2.1,5.9,0.36,1.0,,0.4,2.4,0.55,2.8,7.1,0.399,2.2,2.8,0.794,65.0,33.0,26.3,0.5,2.6,10.0,186.0,0.9,0.6,2.9,0.9,1.6,0.6,2.9,8.1,0.36,1.3,,0.5,3.3,0.55,3.9,9.7,0.399,3.0,3.8,0.794,65.0,33.0,1712.0,0.7,3.5,13.7,144.0,1.2,0.9,4.0,1.3,2.1,0.6,3.9,10.7,0.36,1.8,,0.7,4.4,118.0,0.55,5.1,12.8,0.399,4.0,5.0,0.794,65.0,33.0,1712.0,0.9,120.0,4.7,18.1,144.0,1.6,1.1,5.3,0.837,5.3,,1.3,-2.3,-1.0,10.2,0.5,0.39,65.0,33.0,1712.0,-1.3,2.0,2.2,11.0,144.0,1.6,7.1,6.1,0.602,14.4,-0.1,2.8,0.077,,4,89,71,61,65,33,14,16,154,1712,3.5,-7.1,0,2,0,84,13,144,23,9,0.0,0.0,,0.33,0.244,22.5,10.0,0.024,0.399,0.771,0.25,0.25,0.6,0.316,0.36,65.0,33.0,1712.0,0.756,0.978,0.104,0.009,0.009,0.163,0.041,0.837,144.0,16.8,38.5,,65.0,33.0,113.0,210.0,102.0,103.0,87.0,103.0,157.0,106.0,1712.0,144.0,0.6,0.837,0.36,0.55,0.399,0.794,0.39,0.602,,,,,,,,,,,,,,,,,,,,,,,,,,,,,,,,,,,,,,,,,,,,,,,,,,,,,,,,,,,,,,,,,,,,,,,,,,,,,,,,,,,,,,,,,,,,,,,,,,,,,,,,,,,,,,,,,,,,,,,,,,,,,,,,,,,,,,,,,,,,,,,,,,,,,,,,,,,,,,,,,,,,,,,,,,,,,,,,,,,,,,,,,,,,,,,,,,,,,,,,,,,,,
giddejo01,Josh Giddey,https://www.basketball-reference.com/players/g/giddejo01.html,2021-22,2022,19.0,OKC,SF,SF,27.0,SF,54.0,54.0,1700.0,225.0,457.0,0.492,56.0,213.0,0.263,345.0,,20.0,323.0,0.461,281.0,670.0,0.419,56.0,79.0,0.709,98.0,88.0,674.0,157.0,51.0,171.0,421.0,4.0,4.2,8.5,0.492,1.0,3.9,0.263,6.4,,0.4,6.0,0.461,5.2,12.4,0.419,1.0,1.5,0.709,54.0,54.0,31.5,1.8,1.6,12.5,125.0,0.9,3.2,7.8,4.8,9.7,0.492,1.2,4.5,0.263,7.3,,0.4,6.8,0.461,6.0,14.2,0.419,1.2,1.7,0.709,54.0,54.0,1700.0,2.1,1.9,14.3,145.0,1.1,3.6,8.9,6.4,13.1,0.492,1.6,6.1,0.263,9.9,,0.6,9.3,112.0,0.461,8.1,19.2,0.419,1.6,2.3,0.709,54.0,54.0,1700.0,2.8,97.0,2.5,19.3,145.0,1.5,4.9,12.1,0.318,32.3,,1.1,-0.9,0.3,19.8,1.7,0.118,54.0,54.0,1700.0,-1.2,5.8,-1.3,13.3,145.0,1.5,19.5,12.7,0.478,22.2,0.5,0.4,0.01,,8,42,4,34,54,54,6,48,823,1700,-0.3,-8.5,0,29,0,66,5,145,106,38,0.0,0.0,,0.326,0.202,12.4,4.0,0.009,0.419,0.659,0.422,0.314,0.492,0.439,0.263,54.0,54.0,1700.0,0.302,0.786,0.193,0.096,0.052,0.682,0.33,0.318,145.0,-94.5,-123.8,,54.0,54.0,92.0,80.0,74.0,87.0,91.0,92.0,48.0,84.0,1700.0,145.0,0.492,0.318,0.263,0.461,0.419,0.709,0.118,0.478,,,,,,,,,,,,,,,,,,,,,,,,,,,,,,,,,,,,,,,,,,,,,,,,,,,,,,,,,,,,,,,,,,,,,,,,,,,,,,,,,,,,,,,,,,,,,,,,,,,,,,,,,,,,,,,,,,,,,,,,,,,,,,,,,,,,,,,,,,,,,,,,,,,,,,,,,,,,,,,,,,,,,,,,,,,,,,,,,,,,,,,,,,,,,,,,,,,,,,,,,,,,,
connapa01,Pat Connaughton,https://www.basketball-reference.com/players/c/connapa01.html,2021-22,2022,29.0,MIL,SF,SF,28.0,SF,65.0,19.0,1691.0,81.0,126.0,0.643,146.0,370.0,0.395,82.0,,15.0,228.0,0.605,227.0,496.0,0.458,45.0,54.0,0.833,45.0,86.0,645.0,171.0,59.0,35.0,273.0,0.0,1.2,1.9,0.643,2.2,5.7,0.395,1.3,,0.2,3.5,0.605,3.5,7.6,0.458,0.7,0.8,0.833,65.0,19.0,26.0,0.7,1.3,9.9,190.0,0.9,0.5,4.2,1.7,2.7,0.643,3.1,7.9,0.395,1.7,,0.3,4.9,0.605,4.8,10.6,0.458,1.0,1.1,0.833,65.0,19.0,1691.0,1.0,1.8,13.7,146.0,1.3,0.7,5.8,2.3,3.6,0.643,4.1,10.5,0.395,2.3,,0.4,6.5,113.0,0.605,6.4,14.1,0.458,1.3,1.5,0.833,65.0,19.0,1691.0,1.3,124.0,2.4,18.3,146.0,1.7,1.0,7.8,0.746,6.6,,0.9,1.2,0.3,14.0,1.6,0.109,65.0,19.0,1691.0,0.8,2.9,2.8,13.4,146.0,1.7,6.3,8.6,0.62,14.0,1.4,4.4,0.125,,4,46,16,20,65,19,5,13,202,1691,-7.2,-1.0,0,13,1,58,28,146,21,8,1.0,0.0,,0.448,0.284,19.7,8.0,0.018,0.458,0.744,0.636,0.0,0.643,0.5,0.395,65.0,19.0,1691.0,0.778,0.938,0.157,0.022,0.006,0.254,0.065,0.746,146.0,72.6,56.6,,65.0,19.0,121.0,187.0,112.0,114.0,99.0,108.0,44.0,110.0,1691.0,146.0,0.643,0.746,0.395,0.605,0.458,0.833,0.109,0.62,,12.0,0.0,133.0,182.0,110.0,116.0,104.0,129.0,23.0,112.0,318.0,47.0,0.708,0.727,0.391,0.619,0.477,1.0,0.057,0.632,0.727,5.2,,1.3,2.2,1.2,14.9,0.6,0.057,12.0,0.0,318.0,1.0,1.0,0.4,12.2,47.0,0.8,7.2,8.2,0.632,13.2,0.3,1.0,0.144,,1.0,11.0,5.0,1.0,12.0,0.0,0.0,1.0,27.0,318.0,1.1,1.8,0.0,24.0,0.0,70.0,6.0,47.0,4.0,1.0,2.6,3.7,0.708,3.8,9.8,0.391,1.7,,0.6,7.4,105.0,0.619,6.4,13.5,0.477,0.8,0.8,1.0,12.0,0.0,318.0,0.5,120.0,2.1,17.5,47.0,0.8,1.1,7.8,1.9,2.7,0.708,2.8,7.2,0.391,1.2,,0.5,5.4,0.619,4.8,10.0,0.477,0.6,0.6,1.0,12.0,0.0,318.0,0.3,1.6,12.9,47.0,0.6,0.8,5.8,1.4,2.0,0.708,2.1,5.3,0.391,0.9,,0.3,4.0,0.619,3.5,7.3,0.477,0.4,0.4,1.0,12.0,0.0,26.5,0.3,1.2,9.5,77.0,0.4,0.6,4.3,0.0,0.0,,0.5,0.344,19.8,1.0,0.011,0.477,0.846,0.0,0.0,0.708,0.75,0.391,12.0,0.0,318.0,0.824,1.0,0.148,0.011,0.023,0.273,0.091,0.727,47.0,17.0,24.0,0.708,25.0,64.0,0.391,11.0,,4.0,48.0,0.619,42.0,88.0,0.477,5.0,5.0,1.0,12.0,0.0,318.0,3.0,14.0,114.0,53.0,5.0,7.0,51.0,0.0
bouchch01,Chris Boucher,https://www.basketball-reference.com/players/b/bouchch01.html,2021-22,2022,29.0,TOR,SF,SF,29.0,SF,80.0,9.0,1690.0,200.0,348.0,0.575,68.0,229.0,0.297,25.0,,75.0,315.0,0.523,268.0,577.0,0.464,150.0,193.0,0.777,179.0,174.0,754.0,133.0,49.0,42.0,494.0,0.0,2.5,4.4,0.575,0.9,2.9,0.297,0.3,,0.9,3.9,0.523,3.4,7.2,0.464,1.9,2.4,0.777,80.0,9.0,21.1,2.2,2.2,9.4,197.0,0.6,0.5,6.2,4.3,7.4,0.575,1.4,4.9,0.297,0.5,,1.6,6.7,0.523,5.7,12.3,0.464,3.2,4.1,0.777,80.0,9.0,1690.0,3.8,3.7,16.1,147.0,1.0,0.9,10.5,5.9,10.3,0.575,2.0,6.8,0.297,0.7,,2.2,9.3,108.0,0.523,7.9,17.1,0.464,4.4,5.7,0.777,80.0,9.0,1690.0,5.3,124.0,5.1,22.3,147.0,1.4,1.2,14.6,0.397,2.2,,4.3,0.1,-0.4,21.3,2.4,0.334,80.0,9.0,1690.0,0.5,10.9,3.5,17.9,147.0,1.4,6.0,15.8,0.57,17.8,0.9,6.0,0.169,,7,119,22,90,80,9,21,43,64,1690,6.0,5.7,1,22,1,52,25,147,11,13,1.0,0.0,,0.429,0.275,12.0,67.0,0.128,0.464,0.659,0.4,0.211,0.575,0.4,0.297,80.0,9.0,1690.0,0.665,0.985,0.426,0.026,0.033,0.603,0.113,0.397,147.0,-9.6,4.7,,80.0,9.0,108.0,99.0,84.0,98.0,101.0,100.0,135.0,101.0,1690.0,147.0,0.575,0.397,0.297,0.523,0.464,0.777,0.334,0.57,,6.0,0.0,139.0,89.0,113.0,130.0,134.0,116.0,96.0,128.0,130.0,110.0,0.741,0.357,0.4,0.69,0.619,0.9,0.238,0.722,0.357,1.3,,5.9,5.3,0.4,24.1,0.0,0.238,6.0,0.0,130.0,4.8,10.4,0.5,24.5,110.0,0.4,4.1,16.6,0.722,17.3,0.2,0.6,0.209,,1.0,8.0,5.0,4.0,6.0,0.0,0.0,3.0,3.0,130.0,17.3,0.2,0.0,9.0,0.0,52.0,39.0,110.0,0.0,1.0,8.1,10.9,0.741,2.4,6.1,0.4,0.4,,2.8,9.3,119.0,0.69,10.5,17.0,0.619,3.6,4.0,0.9,6.0,0.0,130.0,4.9,146.0,5.3,27.1,110.0,0.4,0.8,14.2,5.5,7.5,0.741,1.7,4.2,0.4,0.3,,1.9,6.4,0.69,7.2,11.6,0.619,2.5,2.8,0.9,6.0,0.0,130.0,3.3,3.6,18.6,110.0,0.3,0.6,9.7,3.3,4.5,0.741,1.0,2.5,0.4,0.2,,1.2,3.8,0.69,4.3,7.0,0.619,1.5,1.7,0.9,6.0,0.0,21.7,2.0,2.2,11.2,62.0,0.2,0.3,5.8,0.0,0.0,,0.5,0.4,11.0,9.0,0.238,0.619,0.85,0.0,0.0,0.741,0.6,0.4,6.0,0.0,130.0,0.6,1.0,0.476,0.024,0.024,0.643,0.119,0.357,110.0,20.0,27.0,0.741,6.0,15.0,0.4,1.0,,7.0,23.0,0.69,26.0,42.0,0.619,9.0,10.0,0.9,6.0,0.0,130.0,12.0,13.0,67.0,87.0,1.0,2.0,35.0,0.0
thybuma01,Matisse Thybulle,https://www.basketball-reference.com/players/t/thybuma01.html,2021-22,2022,24.0,PHI,SG,SF,30.0,SF,66.0,50.0,1685.0,105.0,156.0,0.673,45.0,144.0,0.313,75.0,"DPOY-11,DEF2",71.0,109.0,0.575,150.0,300.0,0.5,34.0,43.0,0.791,42.0,158.0,379.0,270.0,115.0,39.0,151.0,0.0,1.6,2.4,0.673,0.7,2.2,0.313,1.1,"DPOY-11,DEF2",1.1,1.7,0.575,2.3,4.5,0.5,0.5,0.7,0.791,66.0,50.0,25.5,0.6,2.4,5.7,361.0,1.7,0.6,2.3,2.2,3.3,0.673,1.0,3.1,0.313,1.6,"DPOY-11,DEF2",1.5,2.3,0.575,3.2,6.4,0.5,0.7,0.9,0.791,66.0,50.0,1685.0,0.9,3.4,8.1,148.0,2.5,0.8,3.2,3.1,4.6,0.673,1.3,4.3,0.313,2.2,"DPOY-11,DEF2",2.1,3.2,108.0,0.575,4.4,8.9,0.5,1.0,1.3,0.791,66.0,50.0,1685.0,1.2,116.0,4.7,11.2,148.0,3.4,1.2,4.5,0.48,6.1,"DPOY-11,DEF2",3.8,1.1,3.3,7.1,2.5,0.143,66.0,50.0,1685.0,-2.2,2.8,1.2,11.2,148.0,3.4,10.9,5.0,0.594,9.5,1.3,3.7,0.107,"DPOY-11,DEF2",2,69,24,18,66,50,3,8,182,1685,3.0,4.4,0,0,9,49,41,148,25,11,0.0,0.0,"DPOY-11,DEF2",0.371,0.486,13.1,60.0,0.203,0.5,0.795,0.0,,0.673,0.276,0.313,66.0,50.0,1685.0,0.733,0.956,0.407,0.017,0.0,0.52,0.097,0.48,148.0,26.0,18.0,"DPOY-11,DEF2",66.0,50.0,126.0,120.0,88.0,108.0,108.0,102.0,58.0,105.0,1685.0,148.0,0.673,0.48,0.313,0.575,0.5,0.791,0.143,0.594,,9.0,0.0,131.0,146.0,81.0,102.0,99.0,43.0,50.0,94.0,137.0,105.0,0.7,0.583,0.286,0.542,0.458,0.333,0.125,0.533,0.583,4.3,,4.7,1.6,3.6,6.0,0.2,0.125,9.0,0.0,137.0,-2.0,1.9,0.0,8.9,105.0,2.7,7.3,4.0,0.533,9.4,0.1,0.2,0.069,,0.0,5.0,3.0,2.0,9.0,0.0,1.0,0.0,10.0,137.0,-15.3,-10.9,0.0,0.0,1.0,41.0,58.0,105.0,2.0,0.0,2.7,3.8,0.7,1.5,5.3,0.286,1.5,,2.7,2.7,110.0,0.542,4.2,9.1,0.458,0.4,1.1,0.333,9.0,0.0,137.0,0.8,107.0,5.7,10.3,105.0,2.7,0.8,3.4,1.8,2.6,0.7,1.1,3.7,0.286,1.1,,1.8,1.8,0.542,2.9,6.3,0.458,0.3,0.8,0.333,9.0,0.0,137.0,0.5,3.9,7.1,105.0,1.8,0.5,2.4,0.8,1.1,0.7,0.4,1.6,0.286,0.4,,0.8,0.8,0.542,1.2,2.7,0.458,0.1,0.3,0.333,9.0,0.0,15.2,0.2,1.7,3.0,155.0,0.8,0.2,1.0,0.0,0.0,,0.333,0.429,15.8,3.0,0.125,0.458,1.0,0.0,,0.7,0.333,0.286,9.0,0.0,137.0,0.857,1.0,0.25,0.042,0.0,0.417,0.125,0.583,105.0,7.0,10.0,0.7,4.0,14.0,0.286,4.0,,7.0,7.0,0.542,11.0,24.0,0.458,1.0,3.0,0.333,9.0,0.0,137.0,2.0,15.0,27.0,132.0,7.0,2.0,9.0,0.0
strusma01,Max Strus,https://www.basketball-reference.com/players/s/strusma01.html,2021-22,2022,25.0,MIA,SF,SF,31.0,SF,68.0,16.0,1587.0,68.0,122.0,0.557,181.0,442.0,0.41,92.0,,16.0,178.0,0.602,249.0,564.0,0.441,42.0,53.0,0.792,24.0,116.0,721.0,139.0,28.0,57.0,202.0,0.0,1.0,1.8,0.557,2.7,6.5,0.41,1.4,,0.2,2.6,0.602,3.7,8.3,0.441,0.6,0.8,0.792,68.0,16.0,23.3,0.4,1.7,10.6,168.0,0.4,0.8,3.0,1.5,2.8,0.557,4.1,10.0,0.41,2.1,,0.4,4.0,0.602,5.6,12.8,0.441,1.0,1.2,0.792,68.0,16.0,1587.0,0.5,2.6,16.4,165.0,0.6,1.3,4.6,2.1,3.8,0.557,5.7,13.9,0.41,2.9,,0.5,5.6,112.0,0.602,7.8,17.8,0.441,1.3,1.7,0.792,68.0,16.0,1587.0,0.8,116.0,3.7,22.7,165.0,0.9,1.8,6.4,0.784,8.8,,1.1,0.9,-0.4,12.5,1.7,0.094,68.0,16.0,1587.0,1.4,1.7,2.0,12.7,165.0,0.9,8.8,7.2,0.614,18.1,1.2,3.6,0.11,,3,71,20,21,68,16,6,14,223,1587,0.7,5.0,0,37,0,47,15,165,31,16,1.0,0.0,,0.504,0.256,20.9,7.0,0.016,0.441,0.667,0.222,0.429,0.557,0.433,0.41,68.0,16.0,1587.0,0.779,0.95,0.133,0.016,0.012,0.216,0.053,0.784,165.0,79.3,56.2,,68.0,16.0,105.0,196.0,116.0,113.0,96.0,102.0,38.0,108.0,1587.0,165.0,0.557,0.784,0.41,0.602,0.441,0.792,0.094,0.614,,18.0,18.0,99.0,195.0,94.0,95.0,81.0,93.0,40.0,91.0,523.0,18.0,0.525,0.78,0.331,0.503,0.374,0.722,0.099,0.516,0.78,11.0,,1.7,0.5,0.7,13.5,0.7,0.099,18.0,18.0,523.0,-0.2,3.3,0.1,10.4,18.0,1.4,9.5,8.2,0.516,17.9,0.3,0.8,0.076,,2.0,31.0,4.0,8.0,18.0,18.0,1.0,8.0,86.0,523.0,10.5,8.3,0.0,10.0,0.0,37.0,53.0,18.0,9.0,6.0,2.0,3.9,0.525,4.6,13.8,0.331,3.7,,0.8,5.6,108.0,0.503,6.6,17.7,0.374,1.3,1.8,0.722,18.0,18.0,523.0,1.5,105.0,5.4,19.1,18.0,1.4,1.9,7.1,1.4,2.8,0.525,3.2,9.8,0.331,2.6,,0.6,4.0,0.503,4.7,12.5,0.374,0.9,1.2,0.722,18.0,18.0,523.0,1.0,3.8,13.5,18.0,1.0,1.4,5.0,1.2,2.2,0.525,2.6,7.9,0.331,2.1,,0.4,3.2,0.503,3.8,10.1,0.374,0.7,1.0,0.722,18.0,18.0,29.1,0.8,3.1,10.9,65.0,0.8,1.1,4.1,0.0,0.0,,0.231,0.183,21.1,8.0,0.049,0.374,0.679,0.0,0.0,0.525,0.25,0.331,18.0,18.0,523.0,0.524,0.936,0.154,0.016,0.005,0.22,0.044,0.78,18.0,21.0,40.0,0.525,47.0,142.0,0.331,38.0,,8.0,58.0,0.503,68.0,182.0,0.374,13.0,18.0,0.722,18.0,18.0,523.0,15.0,55.0,196.0,27.0,14.0,20.0,73.0,0.0
huntede01,De'Andre Hunter,https://www.basketball-reference.com/players/h/huntede01.html,2021-22,2022,24.0,ATL,SF,SF,32.0,SF,53.0,52.0,1577.0,180.0,380.0,0.474,74.0,195.0,0.379,68.0,,21.0,150.0,0.506,254.0,575.0,0.442,127.0,166.0,0.765,26.0,155.0,709.0,142.0,36.0,69.0,176.0,0.0,3.4,7.2,0.474,1.4,3.7,0.379,1.3,,0.4,2.8,0.506,4.8,10.8,0.442,2.4,3.1,0.765,53.0,52.0,29.8,0.5,2.9,13.4,111.0,0.7,1.3,3.3,4.1,8.7,0.474,1.7,4.5,0.379,1.6,,0.5,3.4,0.506,5.8,13.1,0.442,2.9,3.8,0.765,53.0,52.0,1577.0,0.6,3.5,16.2,167.0,0.8,1.6,4.0,5.6,11.8,0.474,2.3,6.1,0.379,2.1,,0.7,4.7,117.0,0.506,7.9,17.9,0.442,4.0,5.2,0.765,53.0,52.0,1577.0,0.8,106.0,4.8,22.1,167.0,1.1,2.2,5.5,0.339,6.1,,1.2,-3.9,-1.5,10.4,0.7,0.289,53.0,52.0,1577.0,-2.4,1.8,0.4,10.6,167.0,1.1,9.6,6.1,0.547,19.9,-0.8,1.1,0.034,,13,53,16,68,53,52,15,34,173,1577,-1.6,0.9,0,35,0,65,0,167,17,27,0.0,0.0,,0.405,0.405,13.7,21.0,0.042,0.442,0.65,0.402,0.328,0.474,0.41,0.379,53.0,52.0,1577.0,0.644,0.919,0.214,0.151,0.106,0.661,0.174,0.339,167.0,-29.4,-24.6,,53.0,52.0,89.0,85.0,107.0,95.0,96.0,99.0,116.0,97.0,1577.0,167.0,0.474,0.339,0.379,0.506,0.442,0.765,0.289,0.547,,5.0,5.0,115.0,93.0,131.0,121.0,121.0,103.0,115.0,119.0,175.0,81.0,0.614,0.371,0.462,0.643,0.557,0.8,0.286,0.673,0.371,3.5,,0.6,2.9,0.8,12.0,0.1,0.286,5.0,5.0,175.0,2.1,1.4,0.3,16.8,81.0,1.2,12.2,6.6,0.673,23.6,0.2,0.4,0.108,,2.0,10.0,7.0,8.0,5.0,5.0,2.0,3.0,8.0,175.0,-30.5,-21.9,0.0,40.0,0.0,60.0,0.0,81.0,3.0,5.0,7.8,12.7,0.614,3.5,7.5,0.462,0.9,,0.3,4.9,116.0,0.643,11.2,20.2,0.557,4.6,5.8,0.8,5.0,5.0,175.0,0.6,117.0,5.8,30.5,81.0,1.2,3.2,5.5,5.6,9.1,0.614,2.5,5.3,0.462,0.6,,0.2,3.5,0.643,8.0,14.4,0.557,3.3,4.1,0.8,5.0,5.0,175.0,0.4,4.1,21.8,81.0,0.8,2.3,3.9,5.4,8.8,0.614,2.4,5.2,0.462,0.6,,0.2,3.4,0.643,7.8,14.0,0.557,3.2,4.0,0.8,5.0,5.0,35.0,0.4,4.0,21.2,20.0,0.8,2.2,3.8,0.0,0.0,,0.6,0.577,15.4,3.0,0.043,0.557,0.625,0.714,0.4,0.614,0.667,0.462,5.0,5.0,175.0,0.556,0.917,0.114,0.2,0.143,0.629,0.171,0.371,81.0,27.0,44.0,0.614,12.0,26.0,0.462,3.0,,1.0,17.0,0.643,39.0,70.0,0.557,16.0,20.0,0.8,5.0,5.0,175.0,2.0,20.0,106.0,57.0,4.0,11.0,19.0,0.0
haywago01,Gordon Hayward,https://www.basketball-reference.com/players/h/haywago01.html,2021-22,2022,31.0,CHO,SF,SF,33.0,SF,49.0,48.0,1564.0,197.0,397.0,0.496,86.0,220.0,0.391,177.0,,22.0,186.0,0.528,283.0,617.0,0.459,126.0,149.0,0.846,38.0,85.0,778.0,127.0,47.0,81.0,224.0,0.0,4.0,8.1,0.496,1.8,4.5,0.391,3.6,,0.4,3.8,0.528,5.8,12.6,0.459,2.6,3.0,0.846,49.0,48.0,31.9,0.8,1.7,15.9,80.0,1.0,1.7,4.6,4.5,9.1,0.496,2.0,5.1,0.391,4.1,,0.5,4.3,0.528,6.5,14.2,0.459,2.9,3.4,0.846,49.0,48.0,1564.0,0.9,2.0,17.9,171.0,1.1,1.9,5.2,6.0,12.2,0.496,2.6,6.8,0.391,5.4,,0.7,5.7,116.0,0.528,8.7,18.9,0.459,3.9,4.6,0.846,49.0,48.0,1564.0,1.2,113.0,2.6,23.9,171.0,1.4,2.5,6.9,0.357,16.1,,1.3,-0.7,-0.8,12.8,1.0,0.241,49.0,48.0,1564.0,0.1,2.5,1.9,15.1,171.0,1.4,10.6,7.6,0.57,20.7,0.5,2.8,0.087,,15,35,8,67,49,48,17,27,445,1564,-1.2,-0.2,0,18,0,78,3,171,42,22,0.0,0.0,,0.444,0.205,14.4,19.0,0.032,0.459,0.682,0.381,0.574,0.496,0.327,0.391,49.0,48.0,1564.0,0.579,0.872,0.214,0.157,0.099,0.643,0.173,0.357,171.0,-4.1,5.3,,49.0,48.0,93.0,89.0,111.0,99.0,99.0,109.0,97.0,101.0,1564.0,171.0,0.496,0.357,0.391,0.528,0.459,0.846,0.241,0.57,,,,,,,,,,,,,,,,,,,,,,,,,,,,,,,,,,,,,,,,,,,,,,,,,,,,,,,,,,,,,,,,,,,,,,,,,,,,,,,,,,,,,,,,,,,,,,,,,,,,,,,,,,,,,,,,,,,,,,,,,,,,,,,,,,,,,,,,,,,,,,,,,,,,,,,,,,,,,,,,,,,,,,,,,,,,,,,,,,,,,,,,,,,,,,,,,,,,,,,,,,,,,
morrima03,Marcus Morris,https://www.basketball-reference.com/players/m/morrima03.html,2021-22,2022,32.0,LAC,PF,SF,33.0,SF,54.0,54.0,1564.0,199.0,416.0,0.478,101.0,275.0,0.367,113.0,,18.0,213.0,0.507,300.0,691.0,0.434,129.0,148.0,0.872,26.0,115.0,830.0,118.0,28.0,69.0,239.0,0.0,3.7,7.7,0.478,1.9,5.1,0.367,2.1,,0.3,3.9,0.507,5.6,12.8,0.434,2.4,2.7,0.872,54.0,54.0,29.0,0.5,2.1,15.4,84.0,0.5,1.3,4.4,4.6,9.6,0.478,2.3,6.3,0.367,2.6,,0.4,4.9,0.507,6.9,15.9,0.434,3.0,3.4,0.872,54.0,54.0,1564.0,0.6,2.6,19.1,170.0,0.6,1.6,5.5,6.2,13.0,0.478,3.2,8.6,0.367,3.5,,0.6,6.7,112.0,0.507,9.4,21.6,0.434,4.0,4.6,0.872,54.0,54.0,1564.0,0.8,108.0,3.6,26.0,170.0,0.9,2.2,7.5,0.398,11.3,,1.0,-1.4,-1.0,14.0,1.5,0.214,54.0,54.0,1564.0,-0.3,1.8,0.9,13.7,170.0,0.9,8.4,8.1,0.549,23.2,0.3,2.4,0.074,,8,52,9,59,54,54,14,22,284,1564,-8.2,-4.9,4,40,0,49,7,170,32,19,2.0,0.0,,0.373,0.215,17.6,0.0,0.001,0.434,0.688,0.47,0.424,0.478,0.49,0.367,54.0,54.0,1564.0,0.327,0.901,0.046,0.24,0.171,0.602,0.145,0.398,170.0,-33.8,-25.9,,54.0,54.0,90.0,100.0,104.0,95.0,94.0,113.0,86.0,97.0,1564.0,170.0,0.478,0.398,0.367,0.507,0.434,0.872,0.214,0.549,,,,,,,,,,,,,,,,,,,,,,,,,,,,,,,,,,,,,,,,,,,,,,,,,,,,,,,,,,,,,,,,,,,,,,,,,,,,,,,,,,,,,,,,,,,,,,,,,,,,,,,,,,,,,,,,,,,,,,,,,,,,,,,,,,,,,,,,,,,,,,,,,,,,,,,,,,,,,,,,,,,,,,,,,,,,,,,,,,,,,,,,,,,,,,,,,,,,,,,,,,,,,
greenja02,Javonte Green,https://www.basketball-reference.com/players/g/greenja02.html,2021-22,2022,28.0,CHI,SF,SF,35.0,SF,65.0,45.0,1519.0,140.0,224.0,0.625,36.0,101.0,0.356,60.0,,32.0,185.0,0.597,176.0,325.0,0.542,80.0,96.0,0.833,91.0,132.0,468.0,236.0,67.0,30.0,276.0,0.0,2.2,3.4,0.625,0.6,1.6,0.356,0.9,,0.5,2.8,0.597,2.7,5.0,0.542,1.2,1.5,0.833,65.0,45.0,23.4,1.4,2.0,7.2,291.0,1.0,0.5,4.2,3.3,5.3,0.625,0.9,2.4,0.356,1.4,,0.8,4.4,0.597,4.2,7.7,0.542,1.9,2.3,0.833,65.0,45.0,1519.0,2.2,3.1,11.1,175.0,1.6,0.7,6.5,4.5,7.2,0.625,1.2,3.2,0.356,1.9,,1.0,5.9,112.0,0.597,5.7,10.4,0.542,2.6,3.1,0.833,65.0,45.0,1519.0,2.9,131.0,4.2,15.0,175.0,2.2,1.0,8.9,0.311,5.3,,1.8,0.1,0.7,13.6,1.5,0.295,65.0,45.0,1519.0,-0.6,6.8,2.9,14.0,175.0,2.2,7.6,10.2,0.637,11.5,0.8,4.4,0.139,,5,68,12,47,65,45,8,17,143,1519,3.4,1.8,0,19,0,68,13,175,9,10,0.0,0.0,,0.433,0.594,9.1,58.0,0.194,0.542,0.695,0.2,,0.625,0.425,0.356,65.0,45.0,1519.0,0.679,1.0,0.535,0.031,0.0,0.689,0.123,0.311,175.0,42.4,52.3,,65.0,45.0,117.0,78.0,101.0,112.0,117.0,108.0,119.0,113.0,1519.0,175.0,0.625,0.311,0.356,0.597,0.542,0.833,0.295,0.637,,5.0,1.0,51.0,88.0,0.0,33.0,38.0,65.0,47.0,35.0,72.0,142.0,0.273,0.353,0.0,0.176,0.176,0.5,0.118,0.196,0.353,3.9,,0.0,-6.3,1.5,10.6,0.2,0.118,5.0,1.0,72.0,-7.8,10.3,-0.3,4.1,142.0,6.0,18.3,10.4,0.196,13.3,-0.1,-0.1,-0.075,,0.0,4.0,2.0,1.0,5.0,1.0,0.0,1.0,4.0,72.0,25.2,3.8,0.0,10.0,0.0,46.0,44.0,142.0,2.0,1.0,2.0,7.3,0.273,0.0,4.0,0.0,1.3,,0.0,4.7,101.0,0.176,2.0,11.3,0.176,0.7,1.3,0.5,5.0,1.0,72.0,5.3,58.0,5.3,4.7,142.0,6.0,2.7,10.0,1.5,5.5,0.273,0.0,3.0,0.0,1.0,,0.0,3.5,0.176,1.5,8.5,0.176,0.5,1.0,0.5,5.0,1.0,72.0,4.0,4.0,3.5,142.0,4.5,2.0,7.5,0.6,2.2,0.273,0.0,1.2,0.0,0.4,,0.0,1.4,0.176,0.6,3.4,0.176,0.2,0.4,0.5,5.0,1.0,14.4,1.6,1.6,1.4,180.0,1.8,0.8,3.0,0.0,0.0,,0.0,0.167,10.3,0.0,0.0,0.176,0.375,,,0.273,0.0,0.0,5.0,1.0,72.0,0.333,,0.471,0.0,0.0,0.647,0.176,0.353,142.0,3.0,11.0,0.273,0.0,6.0,0.0,2.0,,0.0,7.0,0.176,3.0,17.0,0.176,1.0,2.0,0.5,5.0,1.0,72.0,8.0,8.0,7.0,178.0,9.0,4.0,15.0,0.0
hortota01,Talen Horton-Tucker,https://www.basketball-reference.com/players/h/hortota01.html,2021-22,2022,21.0,LAL,SG,SF,36.0,SF,60.0,19.0,1511.0,175.0,356.0,0.492,49.0,182.0,0.269,159.0,,29.0,156.0,0.462,224.0,538.0,0.416,100.0,125.0,0.8,37.0,148.0,597.0,189.0,59.0,82.0,193.0,0.0,2.9,5.9,0.492,0.8,3.0,0.269,2.7,,0.5,2.6,0.462,3.7,9.0,0.416,1.7,2.1,0.8,60.0,19.0,25.2,0.6,2.5,10.0,185.0,1.0,1.4,3.2,4.2,8.5,0.492,1.2,4.3,0.269,3.8,,0.7,3.7,0.462,5.3,12.8,0.416,2.4,3.0,0.8,60.0,19.0,1511.0,0.9,3.5,14.2,176.0,1.4,2.0,4.6,5.6,11.3,0.492,1.6,5.8,0.269,5.0,,0.9,4.9,114.0,0.462,7.1,17.1,0.416,3.2,4.0,0.8,60.0,19.0,1511.0,1.2,102.0,4.7,18.9,176.0,1.9,2.6,6.1,0.338,14.9,,1.7,-3.3,-0.2,11.1,1.2,0.232,60.0,19.0,1511.0,-3.2,2.6,-0.2,11.0,176.0,1.9,12.1,6.9,0.503,19.2,-0.5,1.1,0.033,,8,75,6,59,60,19,11,28,386,1511,0.7,-2.7,0,9,0,78,14,176,44,23,0.0,0.0,,0.324,0.187,12.8,16.0,0.035,0.416,0.613,0.389,0.344,0.492,0.409,0.269,60.0,19.0,1511.0,0.406,0.796,0.297,0.1,0.059,0.662,0.204,0.338,176.0,-75.1,-74.3,,60.0,19.0,92.0,85.0,76.0,87.0,90.0,103.0,94.0,89.0,1511.0,176.0,0.492,0.338,0.269,0.462,0.416,0.8,0.232,0.503,,,,,,,,,,,,,,,,,,,,,,,,,,,,,,,,,,,,,,,,,,,,,,,,,,,,,,,,,,,,,,,,,,,,,,,,,,,,,,,,,,,,,,,,,,,,,,,,,,,,,,,,,,,,,,,,,,,,,,,,,,,,,,,,,,,,,,,,,,,,,,,,,,,,,,,,,,,,,,,,,,,,,,,,,,,,,,,,,,,,,,,,,,,,,,,,,,,,,,,,,,,,,
riverau01,Austin Rivers,https://www.basketball-reference.com/players/r/riverau01.html,2021-22,2022,29.0,DEN,SG,SF,37.0,SF,67.0,18.0,1480.0,67.0,119.0,0.563,79.0,231.0,0.342,90.0,,6.0,95.0,0.53,146.0,350.0,0.417,32.0,44.0,0.727,19.0,121.0,403.0,262.0,51.0,54.0,114.0,0.0,1.0,1.8,0.563,1.2,3.4,0.342,1.3,,0.1,1.4,0.53,2.2,5.2,0.417,0.5,0.7,0.727,67.0,18.0,22.1,0.3,1.8,6.0,344.0,0.8,0.8,1.7,1.6,2.9,0.563,1.9,5.6,0.342,2.2,,0.1,2.3,0.53,3.6,8.5,0.417,0.8,1.1,0.727,67.0,18.0,1480.0,0.5,2.9,9.8,181.0,1.2,1.3,2.8,2.2,3.9,0.563,2.6,7.7,0.342,3.0,,0.2,3.1,115.0,0.53,4.8,11.6,0.417,1.1,1.5,0.727,67.0,18.0,1480.0,0.6,104.0,4.0,13.4,181.0,1.7,1.8,3.8,0.66,8.0,,0.4,-3.8,-0.3,6.9,1.1,0.126,67.0,18.0,1480.0,-3.5,1.5,0.1,7.2,181.0,1.7,12.8,4.3,0.546,12.6,-0.7,1.2,0.037,,3,54,4,17,67,18,4,13,232,1480,0.8,2.8,0,2,0,69,29,181,26,18,0.0,0.0,,0.471,0.45,17.9,2.0,0.006,0.417,0.75,0.143,0.0,0.563,0.453,0.342,67.0,18.0,1480.0,0.463,0.848,0.16,0.02,0.009,0.34,0.151,0.66,181.0,-1.2,-15.1,,67.0,18.0,106.0,165.0,97.0,100.0,90.0,94.0,51.0,96.0,1480.0,181.0,0.563,0.66,0.342,0.53,0.417,0.727,0.126,0.546,,5.0,0.0,125.0,167.0,94.0,104.0,96.0,129.0,22.0,101.0,108.0,128.0,0.667,0.667,0.333,0.556,0.444,1.0,0.056,0.569,0.667,7.4,,1.0,-2.4,1.1,3.5,0.0,0.056,5.0,0.0,108.0,-3.5,0.0,0.0,6.1,128.0,3.2,17.8,1.7,0.569,9.0,0.0,0.0,0.003,,0.0,8.0,4.0,1.0,5.0,0.0,1.0,2.0,15.0,108.0,10.6,-4.1,0.0,9.0,0.0,83.0,8.0,128.0,2.0,2.0,1.8,2.8,0.667,1.8,5.5,0.333,2.8,,0.5,1.4,120.0,0.556,3.7,8.3,0.444,0.5,0.5,1.0,5.0,0.0,108.0,0.0,103.0,6.9,9.6,128.0,3.2,1.8,1.4,1.3,2.0,0.667,1.3,4.0,0.333,2.0,,0.3,1.0,0.556,2.7,6.0,0.444,0.3,0.3,1.0,5.0,0.0,108.0,0.0,5.0,7.0,128.0,2.3,1.3,1.0,0.8,1.2,0.667,0.8,2.4,0.333,1.2,,0.2,0.6,0.556,1.6,3.6,0.444,0.2,0.2,1.0,5.0,0.0,21.6,0.0,3.0,4.2,132.0,1.4,0.8,0.6,1.0,0.0,,0.286,0.583,19.8,0.0,0.0,0.444,,,,0.667,0.667,0.333,5.0,0.0,108.0,0.25,1.0,0.0,0.0,0.0,0.333,0.333,0.667,128.0,4.0,6.0,0.667,4.0,12.0,0.333,6.0,,1.0,3.0,0.556,8.0,18.0,0.444,1.0,1.0,1.0,5.0,0.0,108.0,0.0,15.0,21.0,147.0,7.0,4.0,3.0,0.0
osmande01,Cedi Osman,https://www.basketball-reference.com/players/o/osmande01.html,2021-22,2022,26.0,CLE,SF,SF,38.0,SF,66.0,3.0,1462.0,119.0,213.0,0.559,128.0,359.0,0.357,135.0,,10.0,121.0,0.544,247.0,572.0,0.432,87.0,131.0,0.664,25.0,127.0,709.0,143.0,52.0,67.0,146.0,0.0,1.8,3.2,0.559,1.9,5.4,0.357,2.0,,0.2,1.8,0.544,3.7,8.7,0.432,1.3,2.0,0.664,66.0,3.0,22.2,0.4,1.9,10.7,163.0,0.8,1.0,2.2,2.9,5.2,0.559,3.2,8.8,0.357,3.3,,0.2,3.0,0.544,6.1,14.1,0.432,2.1,3.2,0.664,66.0,3.0,1462.0,0.6,3.1,17.5,185.0,1.3,1.6,3.6,4.1,7.3,0.559,4.4,12.3,0.357,4.6,,0.3,4.1,112.0,0.544,8.4,19.5,0.432,3.0,4.5,0.664,66.0,3.0,1462.0,0.9,111.0,4.3,24.2,185.0,1.8,2.3,5.0,0.628,14.1,,0.6,0.2,0.5,9.0,1.6,0.229,66.0,3.0,1462.0,-0.3,1.9,1.3,13.3,185.0,1.8,9.6,5.5,0.563,21.1,0.8,2.9,0.094,,8,48,10,55,66,3,15,26,330,1462,-6.3,-1.9,0,9,0,60,32,185,34,19,1.0,0.0,,0.415,0.181,17.9,8.0,0.014,0.432,0.654,0.2,0.417,0.559,0.443,0.357,66.0,3.0,1462.0,0.689,0.867,0.227,0.017,0.021,0.372,0.107,0.628,185.0,13.7,-3.7,,66.0,3.0,105.0,157.0,101.0,102.0,94.0,86.0,92.0,99.0,1462.0,185.0,0.559,0.628,0.357,0.544,0.432,0.664,0.229,0.563,,,,,,,,,,,,,,,,,,,,,,,,,,,,,,,,,,,,,,,,,,,,,,,,,,,,,,,,,,,,,,,,,,,,,,,,,,,,,,,,,,,,,,,,,,,,,,,,,,,,,,,,,,,,,,,,,,,,,,,,,,,,,,,,,,,,,,,,,,,,,,,,,,,,,,,,,,,,,,,,,,,,,,,,,,,,,,,,,,,,,,,,,,,,,,,,,,,,,,,,,,,,,
powelno01,Norman Powell,https://www.basketball-reference.com/players/p/powelno01.html,2021-22,2022,28.0,2TM,SF,SF,39.0,SF,45.0,41.0,1458.0,173.0,352.0,0.491,106.0,253.0,0.419,96.0,,21.0,125.0,0.549,279.0,605.0,0.461,189.0,233.0,0.811,20.0,106.0,853.0,113.0,42.0,69.0,145.0,0.0,3.8,7.8,0.491,2.4,5.6,0.419,2.1,,0.5,2.8,0.549,6.2,13.4,0.461,4.2,5.2,0.811,45.0,41.0,32.4,0.4,2.4,19.0,45.0,0.9,1.5,3.2,4.3,8.7,0.491,2.6,6.2,0.419,2.4,,0.5,3.1,0.549,6.9,14.9,0.461,4.7,5.8,0.811,45.0,41.0,1458.0,0.5,2.6,21.1,186.0,1.0,1.7,3.6,5.8,11.8,0.491,3.6,8.5,0.419,3.2,,0.7,4.2,119.0,0.549,9.4,20.3,0.461,6.3,7.8,0.811,45.0,41.0,1458.0,0.7,116.0,3.6,28.6,186.0,1.4,2.3,4.9,0.418,10.8,,1.4,-0.3,-1.5,9.7,0.4,0.385,45.0,41.0,1458.0,1.2,1.5,2.4,16.3,186.0,1.4,8.9,5.4,0.603,23.1,0.6,2.8,0.093,,4,48,6,107,45,41,21,32,233,1458,1.3,-7.4,0,6,4,68,21,186,30,29,0.0,0.0,,0.388,0.316,14.3,13.0,0.026,0.461,0.568,0.514,0.426,0.491,0.407,0.419,45.0,41.0,1458.0,0.509,0.877,0.256,0.058,0.089,0.582,0.179,0.418,186.0,20.6,52.1,,45.0,41.0,92.0,105.0,118.0,103.0,100.0,105.0,155.0,107.0,1458.0,186.0,0.491,0.418,0.419,0.549,0.461,0.811,0.385,0.603,,,,,,,,,,,,,,,,,,,,,,,,,,,,,,,,,,,,,,,,,,,,,,,,,,,,,,,,,,,,,,,,,,,,,,,,,,,,,,,,,,,,,,,,,,,,,,,,,,,,,,,,,,,,,,,,,,,,,,,,,,,,,,,,,,,,,,,,,,,,,,,,,,,,,,,,,,,,,,,,,,,,,,,,,,,,,,,,,,,,,,,,,,,,,,,,,,,,,,,,,,,,,
rosste01,Terrence Ross,https://www.basketball-reference.com/players/r/rosste01.html,2021-22,2022,30.0,ORL,SG,SF,40.0,SF,63.0,0.0,1448.0,143.0,290.0,0.493,77.0,264.0,0.292,116.0,,12.0,141.0,0.467,220.0,554.0,0.397,112.0,130.0,0.862,20.0,68.0,629.0,177.0,28.0,75.0,161.0,0.0,2.3,4.6,0.493,1.2,4.2,0.292,1.8,,0.2,2.2,0.467,3.5,8.8,0.397,1.8,2.1,0.862,63.0,0.0,23.0,0.3,1.1,10.0,187.0,0.4,1.2,2.6,3.6,7.2,0.493,1.9,6.6,0.292,2.9,,0.3,3.5,0.467,5.5,13.8,0.397,2.8,3.2,0.862,63.0,0.0,1448.0,0.5,1.7,15.6,189.0,0.7,1.9,4.0,4.8,9.7,0.493,2.6,8.8,0.292,3.9,,0.4,4.7,116.0,0.467,7.3,18.5,0.397,3.7,4.3,0.862,63.0,0.0,1448.0,0.7,100.0,2.3,21.0,189.0,0.9,2.5,5.4,0.477,12.5,,0.8,-3.7,-1.1,10.3,0.9,0.235,63.0,0.0,1448.0,-2.5,1.5,-0.5,10.0,189.0,0.9,10.9,5.9,0.515,20.5,-0.6,0.3,0.011,,8,20,5,55,63,0,18,24,273,1448,-7.1,-12.7,0,0,0,74,26,189,43,18,4.0,0.0,,0.314,0.133,18.0,10.0,0.023,0.397,0.7,0.523,0.347,0.493,0.435,0.292,63.0,0.0,1448.0,0.524,0.779,0.108,0.155,0.135,0.523,0.125,0.477,189.0,-72.1,-62.9,,63.0,0.0,93.0,119.0,82.0,88.0,86.0,111.0,95.0,91.0,1448.0,189.0,0.493,0.477,0.292,0.467,0.397,0.862,0.235,0.515,,,,,,,,,,,,,,,,,,,,,,,,,,,,,,,,,,,,,,,,,,,,,,,,,,,,,,,,,,,,,,,,,,,,,,,,,,,,,,,,,,,,,,,,,,,,,,,,,,,,,,,,,,,,,,,,,,,,,,,,,,,,,,,,,,,,,,,,,,,,,,,,,,,,,,,,,,,,,,,,,,,,,,,,,,,,,,,,,,,,,,,,,,,,,,,,,,,,,,,,,,,,,
korkmfu01,Furkan Korkmaz,https://www.basketball-reference.com/players/k/korkmfu01.html,2021-22,2022,24.0,PHI,SG,SF,41.0,SF,67.0,19.0,1414.0,105.0,204.0,0.515,77.0,266.0,0.289,127.0,,9.0,153.0,0.469,182.0,470.0,0.387,68.0,84.0,0.81,22.0,58.0,509.0,223.0,33.0,48.0,175.0,0.0,1.6,3.0,0.515,1.1,4.0,0.289,1.9,,0.1,2.3,0.469,2.7,7.0,0.387,1.0,1.3,0.81,67.0,19.0,21.1,0.3,0.9,7.6,269.0,0.5,0.7,2.6,2.7,5.2,0.515,2.0,6.8,0.289,3.2,,0.2,3.9,0.469,4.6,12.0,0.387,1.7,2.1,0.81,67.0,19.0,1414.0,0.6,1.5,13.0,195.0,0.8,1.2,4.5,3.7,7.2,0.515,2.7,9.4,0.289,4.5,,0.3,5.4,114.0,0.469,6.4,16.6,0.387,2.4,3.0,0.81,67.0,19.0,1414.0,0.8,104.0,2.0,18.0,195.0,1.2,1.7,6.2,0.566,13.1,,0.6,-3.1,-1.1,11.9,1.1,0.179,67.0,19.0,1414.0,-2.0,1.8,0.1,10.2,195.0,1.2,8.6,6.9,0.502,17.6,-0.4,1.2,0.041,,1,28,10,32,67,19,4,18,311,1414,-2.9,0.9,0,6,1,67,26,195,30,9,2.0,0.0,,0.283,0.199,17.4,8.0,0.021,0.387,0.739,0.5,0.292,0.515,0.314,0.289,67.0,19.0,1414.0,0.524,0.87,0.187,0.047,0.051,0.434,0.149,0.566,195.0,-58.8,-64.9,,67.0,19.0,97.0,142.0,82.0,88.0,84.0,105.0,72.0,89.0,1414.0,195.0,0.515,0.566,0.289,0.469,0.387,0.81,0.179,0.502,,9.0,0.0,101.0,109.0,113.0,106.0,104.0,129.0,35.0,104.0,61.0,150.0,0.538,0.435,0.4,0.565,0.478,1.0,0.087,0.586,0.435,11.5,,1.5,2.6,1.5,21.1,0.1,0.087,9.0,0.0,61.0,1.1,2.1,0.1,14.8,150.0,0.9,7.7,12.1,0.586,19.9,0.1,0.1,0.107,,1.0,1.0,0.0,1.0,9.0,0.0,0.0,0.0,9.0,61.0,-5.7,-4.3,0.0,18.0,0.0,74.0,8.0,150.0,1.0,0.0,6.0,11.1,0.538,3.4,8.5,0.4,3.4,,0.9,9.4,112.0,0.565,9.4,19.6,0.478,1.7,1.7,1.0,9.0,0.0,61.0,0.9,114.0,6.0,23.9,150.0,0.9,1.7,10.2,4.1,7.7,0.538,2.4,5.9,0.4,2.4,,0.6,6.5,0.565,6.5,13.6,0.478,1.2,1.2,1.0,9.0,0.0,61.0,0.6,4.1,16.5,150.0,0.6,1.2,7.1,0.8,1.4,0.538,0.4,1.1,0.4,0.4,,0.1,1.2,0.565,1.2,2.6,0.478,0.2,0.2,1.0,9.0,0.0,6.8,0.1,0.8,3.1,152.0,0.1,0.2,1.3,0.0,0.0,,0.25,0.4,15.0,0.0,0.0,0.478,0.667,0.667,0.0,0.538,0.333,0.4,9.0,0.0,61.0,0.286,0.75,0.261,0.13,0.043,0.565,0.13,0.435,150.0,7.0,13.0,0.538,4.0,10.0,0.4,4.0,,1.0,11.0,0.565,11.0,23.0,0.478,2.0,2.0,1.0,9.0,0.0,61.0,1.0,7.0,28.0,131.0,1.0,2.0,12.0,0.0
martica02,Caleb Martin,https://www.basketball-reference.com/players/m/martica02.html,2021-22,2022,26.0,MIA,SF,SF,42.0,SF,60.0,12.0,1372.0,144.0,255.0,0.565,64.0,155.0,0.413,64.0,,30.0,160.0,0.585,208.0,410.0,0.507,71.0,93.0,0.763,70.0,104.0,551.0,205.0,58.0,52.0,230.0,0.0,2.4,4.3,0.565,1.1,2.6,0.413,1.1,,0.5,2.7,0.585,3.5,6.8,0.507,1.2,1.6,0.763,60.0,12.0,22.9,1.2,1.7,9.2,205.0,1.0,0.9,3.8,3.8,6.7,0.565,1.7,4.1,0.413,1.7,,0.8,4.2,0.585,5.5,10.8,0.507,1.9,2.4,0.763,60.0,12.0,1372.0,1.8,2.7,14.5,202.0,1.5,1.4,6.0,5.3,9.3,0.565,2.3,5.7,0.413,2.3,,1.1,5.8,108.0,0.585,7.6,15.0,0.507,2.6,3.4,0.763,60.0,12.0,1372.0,2.6,119.0,3.8,20.1,202.0,2.1,1.9,8.4,0.378,7.0,,2.3,1.1,0.9,13.0,2.1,0.227,60.0,12.0,1372.0,0.1,5.9,1.9,14.8,202.0,2.1,10.3,9.5,0.611,16.3,1.1,4.0,0.139,,9,48,17,45,60,12,9,23,165,1372,3.7,7.0,0,22,0,58,20,202,21,12,1.0,0.0,,0.4,0.452,12.6,36.0,0.107,0.507,0.739,0.143,0.5,0.565,0.237,0.413,60.0,12.0,1372.0,0.604,0.906,0.373,0.034,0.068,0.622,0.144,0.378,202.0,44.0,40.6,,60.0,12.0,106.0,95.0,117.0,110.0,110.0,99.0,91.0,108.0,1372.0,202.0,0.565,0.378,0.413,0.585,0.507,0.763,0.227,0.611,,17.0,0.0,88.0,103.0,86.0,87.0,87.0,43.0,30.0,81.0,209.0,65.0,0.468,0.413,0.303,0.463,0.4,0.333,0.075,0.46,0.413,3.7,,1.0,-2.3,0.1,14.6,0.3,0.075,17.0,0.0,209.0,-2.4,6.5,-0.3,9.3,65.0,2.4,10.8,10.4,0.46,19.7,0.0,0.1,0.016,,2.0,9.0,4.0,5.0,17.0,0.0,4.0,8.0,15.0,209.0,-13.8,-6.4,0.0,33.0,0.0,52.0,15.0,65.0,4.0,4.0,5.4,11.5,0.468,2.4,8.0,0.303,1.2,,0.5,6.1,106.0,0.463,7.8,19.5,0.4,0.5,1.5,0.333,17.0,0.0,209.0,2.9,91.0,4.1,18.5,65.0,2.4,2.4,9.0,3.8,8.1,0.468,1.7,5.7,0.303,0.9,,0.3,4.3,0.463,5.5,13.8,0.4,0.3,1.0,0.333,17.0,0.0,209.0,2.1,2.9,13.1,65.0,1.7,1.7,6.4,1.3,2.8,0.468,0.6,1.9,0.303,0.3,,0.1,1.5,0.463,1.9,4.7,0.4,0.1,0.4,0.333,17.0,0.0,12.3,0.7,1.0,4.5,126.0,0.6,0.6,2.2,0.0,0.0,,0.286,0.424,13.6,3.0,0.038,0.4,0.652,0.167,0.0,0.468,0.462,0.303,17.0,0.0,209.0,0.409,1.0,0.288,0.075,0.063,0.588,0.163,0.413,65.0,22.0,47.0,0.468,10.0,33.0,0.303,5.0,,2.0,25.0,0.463,32.0,80.0,0.4,2.0,6.0,0.333,17.0,0.0,209.0,12.0,17.0,76.0,75.0,10.0,10.0,37.0,0.0
greenda02,Danny Green,https://www.basketball-reference.com/players/g/greenda02.html,2021-22,2022,34.0,PHI,SF,SF,43.0,SF,62.0,28.0,1353.0,23.0,49.0,0.469,103.0,271.0,0.38,64.0,,37.0,125.0,0.555,126.0,320.0,0.394,11.0,14.0,0.786,32.0,105.0,366.0,272.0,60.0,45.0,157.0,0.0,0.4,0.8,0.469,1.7,4.4,0.38,1.0,,0.6,2.0,0.555,2.0,5.2,0.394,0.2,0.2,0.786,62.0,28.0,21.8,0.5,1.7,5.9,347.0,1.0,0.7,2.5,0.6,1.3,0.469,2.7,7.2,0.38,1.7,,1.0,3.3,0.555,3.4,8.5,0.394,0.3,0.4,0.786,62.0,28.0,1353.0,0.9,2.8,9.7,205.0,1.6,1.2,4.2,0.8,1.8,0.469,3.8,10.0,0.38,2.4,,1.4,4.6,111.0,0.555,4.6,11.8,0.394,0.4,0.5,0.786,62.0,28.0,1353.0,1.2,106.0,3.9,13.5,205.0,2.2,1.7,5.8,0.847,6.5,,2.5,-0.5,0.8,10.1,1.6,0.044,62.0,28.0,1353.0,-1.4,2.7,0.3,9.5,205.0,2.2,12.1,6.5,0.561,12.3,0.5,1.9,0.067,,3,52,8,3,62,28,2,11,154,1353,-0.5,2.4,0,10,0,84,6,205,24,10,1.0,0.0,,0.402,0.487,21.8,1.0,0.003,0.394,0.682,0.5,0.333,0.469,0.2,0.38,62.0,28.0,1353.0,0.87,0.922,0.069,0.019,0.019,0.153,0.047,0.847,205.0,14.7,-3.2,,62.0,28.0,88.0,212.0,107.0,104.0,85.0,101.0,18.0,99.0,1353.0,205.0,0.469,0.847,0.38,0.555,0.394,0.786,0.044,0.561,,12.0,12.0,72.0,214.0,115.0,109.0,88.0,0.0,5.0,102.0,319.0,46.0,0.385,0.854,0.408,0.579,0.404,0.0,0.011,0.576,0.854,4.9,,1.2,1.3,0.9,10.3,0.3,0.011,12.0,12.0,319.0,0.4,3.6,0.0,9.9,46.0,2.0,12.7,7.1,0.576,15.1,0.3,0.3,0.049,,1.0,13.0,3.0,1.0,12.0,12.0,1.0,3.0,24.0,319.0,7.6,4.2,0.0,4.0,0.0,93.0,3.0,46.0,6.0,5.0,0.8,2.1,0.385,5.1,12.4,0.408,1.6,,0.7,4.6,113.0,0.579,5.9,14.5,0.404,0.0,0.2,0.0,12.0,12.0,319.0,1.5,104.0,3.8,16.8,46.0,2.0,2.1,6.0,0.6,1.5,0.385,3.5,8.6,0.408,1.1,,0.5,3.2,0.579,4.1,10.0,0.404,0.0,0.1,0.0,12.0,12.0,319.0,1.0,2.6,11.6,46.0,1.4,1.5,4.2,0.4,1.1,0.385,2.6,6.3,0.408,0.8,,0.3,2.3,0.579,3.0,7.4,0.404,0.0,0.1,0.0,12.0,12.0,26.6,0.8,1.9,8.6,87.0,1.0,1.1,3.1,1.0,0.0,,0.442,0.684,21.8,1.0,0.022,0.404,0.571,0.0,0.0,0.385,0.25,0.408,12.0,12.0,319.0,0.4,1.0,0.079,0.011,0.011,0.146,0.045,0.854,46.0,5.0,13.0,0.385,31.0,76.0,0.408,10.0,,4.0,28.0,0.579,36.0,89.0,0.404,0.0,1.0,0.0,12.0,12.0,319.0,9.0,23.0,103.0,62.0,12.0,13.0,37.0,0.0
willizi02,Ziaire Williams,https://www.basketball-reference.com/players/w/willizi02.html,2021-22,2022,20.0,MEM,SF,SF,44.0,SF,62.0,31.0,1346.0,115.0,182.0,0.632,76.0,242.0,0.314,65.0,,12.0,103.0,0.54,191.0,424.0,0.45,43.0,55.0,0.782,26.0,113.0,501.0,226.0,35.0,41.0,129.0,0.0,1.9,2.9,0.632,1.2,3.9,0.314,1.0,,0.2,1.7,0.54,3.1,6.8,0.45,0.7,0.9,0.782,62.0,31.0,21.7,0.4,1.8,8.1,254.0,0.6,0.7,2.1,3.1,4.9,0.632,2.0,6.5,0.314,1.7,,0.3,2.8,0.54,5.1,11.3,0.45,1.2,1.5,0.782,62.0,31.0,1346.0,0.7,3.0,13.4,206.0,0.9,1.1,3.5,4.1,6.5,0.632,2.7,8.6,0.314,2.3,,0.4,3.7,114.0,0.54,6.8,15.1,0.45,1.5,2.0,0.782,62.0,31.0,1346.0,0.9,113.0,4.0,17.8,206.0,1.2,1.5,4.6,0.571,6.3,,0.8,-3.0,-0.6,8.2,1.1,0.13,62.0,31.0,1346.0,-2.4,2.0,1.1,9.7,206.0,1.2,8.4,5.0,0.559,14.9,-0.3,2.2,0.08,,1,56,13,24,62,31,6,17,156,1346,-1.6,4.7,0,3,0,96,1,206,21,12,2.0,0.0,,0.321,0.463,17.0,44.0,0.104,0.45,0.855,0.343,0.64,0.632,0.478,0.314,62.0,31.0,1346.0,0.8,0.947,0.179,0.083,0.059,0.429,0.108,0.571,206.0,7.1,-6.4,,62.0,31.0,119.0,143.0,89.0,102.0,98.0,101.0,52.0,99.0,1346.0,206.0,0.632,0.571,0.314,0.54,0.45,0.782,0.13,0.559,,10.0,1.0,141.0,173.0,86.0,103.0,96.0,119.0,101.0,106.0,168.0,89.0,0.75,0.692,0.306,0.548,0.442,0.923,0.25,0.598,0.692,4.3,,0.0,-0.6,0.4,8.0,0.1,0.25,10.0,1.0,168.0,-0.9,2.4,0.3,11.8,89.0,1.4,3.3,5.0,0.598,14.6,0.1,0.4,0.126,,1.0,8.0,5.0,6.0,10.0,1.0,2.0,3.0,12.0,168.0,-14.0,-7.5,0.0,18.0,0.0,82.0,0.0,89.0,1.0,0.0,3.4,4.5,0.75,3.1,10.1,0.306,1.4,,0.0,3.4,112.0,0.548,6.4,14.6,0.442,3.4,3.6,0.923,10.0,1.0,168.0,1.1,125.0,3.9,19.3,89.0,1.4,0.6,4.5,2.6,3.4,0.75,2.4,7.7,0.306,1.1,,0.0,2.6,0.548,4.9,11.1,0.442,2.6,2.8,0.923,10.0,1.0,168.0,0.9,3.0,14.8,89.0,1.1,0.4,3.4,1.2,1.6,0.75,1.1,3.6,0.306,0.5,,0.0,1.2,0.548,2.3,5.2,0.442,1.2,1.3,0.923,10.0,1.0,16.8,0.4,1.4,6.9,100.0,0.5,0.2,1.6,0.0,0.0,,0.313,0.444,18.6,7.0,0.154,0.442,0.778,0.667,0.0,0.75,1.0,0.306,10.0,1.0,168.0,0.833,1.0,0.173,0.058,0.019,0.308,0.058,0.692,89.0,12.0,16.0,0.75,11.0,36.0,0.306,5.0,,0.0,12.0,0.548,23.0,52.0,0.442,12.0,13.0,0.923,10.0,1.0,168.0,4.0,14.0,69.0,86.0,5.0,2.0,16.0,0.0
wiggiaa01,Aaron Wiggins,https://www.basketball-reference.com/players/w/wiggiaa01.html,2021-22,2022,23.0,OKC,SG,SF,45.0,SF,50.0,35.0,1209.0,114.0,199.0,0.573,42.0,138.0,0.304,68.0,,10.0,127.0,0.525,156.0,337.0,0.463,62.0,85.0,0.729,51.0,93.0,416.0,255.0,30.0,54.0,178.0,0.0,2.3,4.0,0.573,0.8,2.8,0.304,1.4,,0.2,2.5,0.525,3.1,6.7,0.463,1.2,1.7,0.729,50.0,35.0,24.2,1.0,1.9,8.3,245.0,0.6,1.1,3.6,3.4,5.9,0.573,1.3,4.1,0.304,2.0,,0.3,3.8,0.525,4.6,10.0,0.463,1.8,2.5,0.729,50.0,35.0,1209.0,1.5,2.8,12.4,230.0,0.9,1.6,5.3,4.6,8.0,0.573,1.7,5.6,0.304,2.7,,0.4,5.1,116.0,0.525,6.3,13.6,0.463,2.5,3.4,0.729,50.0,35.0,1209.0,2.1,107.0,3.7,16.8,230.0,1.2,2.2,7.2,0.409,8.5,,0.8,-4.3,-0.9,11.0,0.8,0.252,50.0,35.0,1209.0,-3.4,4.3,0.5,10.3,230.0,1.2,12.6,7.6,0.556,15.3,-0.7,1.2,0.048,,2,47,0,39,50,35,12,21,161,1209,1.5,-7.2,0,4,4,49,43,230,30,13,0.0,0.0,,0.34,0.362,12.7,15.0,0.05,0.463,0.655,0.5,0.5,0.573,0.514,0.304,50.0,35.0,1209.0,0.561,0.976,0.249,0.018,0.006,0.591,0.318,0.409,230.0,-4.4,-7.8,,50.0,35.0,108.0,103.0,86.0,99.0,100.0,94.0,102.0,98.0,1209.0,230.0,0.573,0.409,0.304,0.525,0.463,0.729,0.252,0.556,,,,,,,,,,,,,,,,,,,,,,,,,,,,,,,,,,,,,,,,,,,,,,,,,,,,,,,,,,,,,,,,,,,,,,,,,,,,,,,,,,,,,,,,,,,,,,,,,,,,,,,,,,,,,,,,,,,,,,,,,,,,,,,,,,,,,,,,,,,,,,,,,,,,,,,,,,,,,,,,,,,,,,,,,,,,,,,,,,,,,,,,,,,,,,,,,,,,,,,,,,,,,
nworajo01,Jordan Nwora,https://www.basketball-reference.com/players/n/nworajo01.html,2021-22,2022,23.0,MIL,SF,SF,46.0,SF,62.0,13.0,1185.0,107.0,235.0,0.455,79.0,227.0,0.348,59.0,,17.0,184.0,0.488,186.0,462.0,0.403,36.0,43.0,0.837,37.0,78.0,487.0,231.0,25.0,57.0,221.0,0.0,1.7,3.8,0.455,1.3,3.7,0.348,1.0,,0.3,3.0,0.488,3.0,7.5,0.403,0.6,0.7,0.837,62.0,13.0,19.1,0.6,1.3,7.9,261.0,0.4,0.9,3.6,3.3,7.1,0.455,2.4,6.9,0.348,1.8,,0.5,5.6,0.488,5.7,14.0,0.403,1.1,1.3,0.837,62.0,13.0,1185.0,1.1,2.4,14.8,234.0,0.8,1.7,6.7,4.3,9.5,0.455,3.2,9.2,0.348,2.4,,0.7,7.5,113.0,0.488,7.5,18.7,0.403,1.5,1.7,0.837,62.0,13.0,1185.0,1.5,100.0,3.2,19.7,234.0,1.0,2.3,9.0,0.491,7.0,,1.4,-4.1,-1.5,16.1,1.1,0.093,62.0,13.0,1185.0,-2.7,3.4,-0.4,9.9,234.0,1.0,10.6,9.9,0.506,19.4,-0.6,0.6,0.025,,3,45,5,19,62,13,4,20,149,1185,-9.0,-3.1,5,43,1,46,5,234,26,17,0.0,0.0,,0.348,0.291,16.4,10.0,0.03,0.403,0.667,0.341,0.31,0.455,0.356,0.348,62.0,13.0,1185.0,0.617,0.709,0.188,0.095,0.091,0.509,0.128,0.491,234.0,-40.3,-57.4,,62.0,13.0,85.0,123.0,98.0,92.0,87.0,108.0,38.0,89.0,1185.0,234.0,0.455,0.491,0.348,0.488,0.403,0.837,0.093,0.506,,8.0,0.0,75.0,111.0,0.0,42.0,48.0,0.0,90.0,36.0,20.0,180.0,0.4,0.444,0.0,0.222,0.222,0.0,0.222,0.202,0.444,14.2,,0.0,-11.1,-2.9,14.8,0.0,0.222,8.0,0.0,20.0,-8.2,0.0,-0.1,-3.2,180.0,0.0,0.0,7.7,0.202,21.4,0.0,-0.1,-0.206,,0.0,0.0,0.0,1.0,8.0,0.0,0.0,0.0,5.0,20.0,-31.7,-29.3,21.0,79.0,0.0,0.0,0.0,180.0,0.0,0.0,4.9,12.2,0.4,0.0,9.8,0.0,4.9,,0.0,7.3,108.0,0.222,4.9,21.9,0.222,0.0,4.9,0.0,8.0,0.0,20.0,0.0,55.0,0.0,9.8,180.0,0.0,0.0,7.3,3.6,9.0,0.4,0.0,7.2,0.0,3.6,,0.0,5.4,0.222,3.6,16.2,0.222,0.0,3.6,0.0,8.0,0.0,20.0,0.0,0.0,7.2,180.0,0.0,0.0,5.4,0.3,0.6,0.4,0.0,0.5,0.0,0.3,,0.0,0.4,0.222,0.3,1.1,0.222,0.0,0.3,0.0,8.0,0.0,2.5,0.0,0.0,0.5,202.0,0.0,0.0,0.4,0.0,0.0,,,0.0,18.1,1.0,0.111,0.222,0.5,,0.333,0.4,,0.0,8.0,0.0,20.0,1.0,,0.222,0.0,0.333,0.556,0.0,0.444,180.0,2.0,5.0,0.4,0.0,4.0,0.0,2.0,,0.0,3.0,0.222,2.0,9.0,0.222,0.0,2.0,0.0,8.0,0.0,20.0,0.0,0.0,4.0,193.0,0.0,0.0,3.0,0.0
princta02,Taurean Prince,https://www.basketball-reference.com/players/p/princta02.html,2021-22,2022,27.0,MIN,PF,SF,47.0,SF,69.0,8.0,1177.0,91.0,161.0,0.565,86.0,229.0,0.376,68.0,,23.0,148.0,0.564,177.0,390.0,0.454,62.0,82.0,0.756,26.0,116.0,502.0,225.0,47.0,53.0,174.0,0.0,1.3,2.3,0.565,1.2,3.3,0.376,1.0,,0.3,2.1,0.564,2.6,5.7,0.454,0.9,1.2,0.756,69.0,8.0,17.1,0.4,1.7,7.3,287.0,0.7,0.8,2.5,2.8,4.9,0.565,2.6,7.0,0.376,2.1,,0.7,4.5,0.564,5.4,11.9,0.454,1.9,2.5,0.756,69.0,8.0,1177.0,0.8,3.5,15.4,237.0,1.4,1.6,5.3,3.7,6.5,0.565,3.5,9.3,0.376,2.7,,0.9,6.0,112.0,0.564,7.2,15.8,0.454,2.5,3.3,0.756,69.0,8.0,1177.0,1.1,112.0,4.7,20.3,237.0,1.9,2.1,7.0,0.587,8.1,,1.9,-0.9,0.0,13.8,1.2,0.21,69.0,8.0,1177.0,-1.0,2.3,1.0,12.4,237.0,1.9,11.1,7.9,0.589,17.0,0.3,2.2,0.09,,2,65,23,42,69,8,13,13,164,1177,-3.6,-0.1,0,45,0,53,1,237,24,14,2.0,0.0,,0.446,0.402,16.9,7.0,0.023,0.454,0.676,0.609,0.333,0.565,0.463,0.376,69.0,8.0,1177.0,0.681,0.942,0.174,0.059,0.038,0.413,0.138,0.587,237.0,25.3,19.7,,69.0,8.0,106.0,147.0,106.0,106.0,98.0,98.0,85.0,104.0,1177.0,237.0,0.565,0.587,0.376,0.564,0.454,0.756,0.21,0.589,,5.0,0.0,87.0,130.0,81.0,84.0,80.0,111.0,104.0,88.0,65.0,148.0,0.462,0.519,0.286,0.444,0.37,0.857,0.259,0.499,0.519,15.3,,1.3,-1.0,-0.3,11.4,0.0,0.259,5.0,0.0,65.0,-0.7,1.8,0.0,10.4,148.0,1.4,11.7,6.8,0.499,22.5,0.0,0.0,0.0,,1.0,3.0,3.0,4.0,5.0,0.0,1.0,1.0,14.0,65.0,-24.1,-23.0,0.0,46.0,0.0,54.0,0.0,148.0,1.0,1.0,4.3,9.4,0.462,2.9,10.1,0.286,4.3,,0.7,5.0,114.0,0.444,7.2,19.4,0.37,4.3,5.0,0.857,5.0,0.0,65.0,0.7,97.0,3.6,21.6,148.0,1.4,2.9,5.8,3.3,7.2,0.462,2.2,7.8,0.286,3.3,,0.6,3.9,0.444,5.5,15.0,0.37,3.3,3.9,0.857,5.0,0.0,65.0,0.6,2.8,16.6,148.0,1.1,2.2,4.4,1.2,2.6,0.462,0.8,2.8,0.286,1.2,,0.2,1.4,0.444,2.0,5.4,0.37,1.2,1.4,0.857,5.0,0.0,13.0,0.2,1.0,6.0,110.0,0.4,0.8,1.6,0.0,0.0,,0.333,0.643,14.3,0.0,0.0,0.37,0.5,0.0,,0.462,0.5,0.286,5.0,0.0,65.0,0.833,1.0,0.296,0.037,0.0,0.481,0.148,0.519,148.0,6.0,13.0,0.462,4.0,14.0,0.286,6.0,,1.0,7.0,0.444,10.0,27.0,0.37,6.0,7.0,0.857,5.0,0.0,65.0,1.0,5.0,30.0,129.0,2.0,4.0,8.0,0.0
ellebcj01,CJ Elleby,https://www.basketball-reference.com/players/e/ellebcj01.html,2021-22,2022,21.0,POR,SF,SF,48.0,SF,58.0,28.0,1174.0,84.0,182.0,0.462,37.0,126.0,0.294,87.0,,19.0,161.0,0.453,121.0,308.0,0.393,60.0,84.0,0.714,66.0,116.0,339.0,291.0,35.0,56.0,227.0,0.0,1.4,3.1,0.462,0.6,2.2,0.294,1.5,,0.3,2.8,0.453,2.1,5.3,0.393,1.0,1.4,0.714,58.0,28.0,20.2,1.1,2.0,5.8,351.0,0.6,1.0,3.9,2.6,5.6,0.462,1.1,3.9,0.294,2.7,,0.6,4.9,0.453,3.7,9.4,0.393,1.8,2.6,0.714,58.0,28.0,1174.0,2.0,3.6,10.4,239.0,1.1,1.7,7.0,3.5,7.6,0.462,1.5,5.2,0.294,3.6,,0.8,6.7,117.0,0.453,5.0,12.8,0.393,2.5,3.5,0.714,58.0,28.0,1174.0,2.7,102.0,4.8,14.1,239.0,1.5,2.3,9.4,0.409,10.6,,1.6,-5.3,-1.5,15.6,0.5,0.273,58.0,28.0,1174.0,-3.8,6.0,-0.1,9.2,239.0,1.5,14.0,10.6,0.491,14.8,-1.0,0.4,0.016,,3,57,6,41,58,28,8,12,200,1174,-8.4,-14.8,1,33,0,60,6,239,35,17,1.0,0.0,,0.225,0.317,13.3,10.0,0.036,0.393,0.615,0.478,0.182,0.462,0.231,0.294,58.0,28.0,1174.0,0.631,0.973,0.312,0.075,0.036,0.591,0.169,0.409,239.0,-48.5,-51.5,,58.0,28.0,87.0,102.0,83.0,85.0,85.0,92.0,110.0,87.0,1174.0,239.0,0.462,0.409,0.294,0.453,0.393,0.714,0.273,0.491,,,,,,,,,,,,,,,,,,,,,,,,,,,,,,,,,,,,,,,,,,,,,,,,,,,,,,,,,,,,,,,,,,,,,,,,,,,,,,,,,,,,,,,,,,,,,,,,,,,,,,,,,,,,,,,,,,,,,,,,,,,,,,,,,,,,,,,,,,,,,,,,,,,,,,,,,,,,,,,,,,,,,,,,,,,,,,,,,,,,,,,,,,,,,,,,,,,,,,,,,,,,,
inglejo01,Joe Ingles,https://www.basketball-reference.com/players/i/inglejo01.html,2021-22,2022,34.0,UTA,SF,SF,49.0,SF,45.0,15.0,1122.0,37.0,60.0,0.617,78.0,225.0,0.347,158.0,,5.0,119.0,0.54,115.0,285.0,0.404,17.0,22.0,0.773,12.0,82.0,325.0,299.0,23.0,46.0,131.0,0.0,0.8,1.3,0.617,1.7,5.0,0.347,3.5,,0.1,2.6,0.54,2.6,6.3,0.404,0.4,0.5,0.773,45.0,15.0,24.9,0.3,1.8,7.2,292.0,0.5,1.0,2.9,1.2,1.9,0.617,2.5,7.2,0.347,5.1,,0.2,3.8,0.54,3.7,9.1,0.404,0.5,0.7,0.773,45.0,15.0,1122.0,0.4,2.6,10.4,248.0,0.7,1.5,4.2,1.6,2.6,0.617,3.4,9.9,0.347,7.0,,0.2,5.2,114.0,0.54,5.1,12.6,0.404,0.7,1.0,0.773,45.0,15.0,1122.0,0.5,117.0,3.6,14.3,248.0,1.0,2.0,5.8,0.789,19.0,,0.4,-0.3,0.5,11.2,0.9,0.077,45.0,15.0,1122.0,-0.7,1.2,1.3,10.0,248.0,1.0,13.5,6.4,0.551,13.2,0.5,2.2,0.094,,4,15,4,6,45,15,1,8,383,1122,2.5,7.9,0,9,0,91,0,248,28,11,0.0,0.0,,0.405,0.187,21.3,0.0,0.0,0.404,0.818,0.25,0.333,0.617,0.619,0.347,45.0,15.0,1122.0,0.595,0.756,0.039,0.014,0.011,0.211,0.147,0.789,248.0,4.9,-8.6,,45.0,15.0,116.0,198.0,98.0,102.0,88.0,100.0,31.0,97.0,1122.0,248.0,0.617,0.789,0.347,0.54,0.404,0.773,0.077,0.551,,,,,,,,,,,,,,,,,,,,,,,,,,,,,,,,,,,,,,,,,,,,,,,,,,,,,,,,,,,,,,,,,,,,,,,,,,,,,,,,,,,,,,,,,,,,,,,,,,,,,,,,,,,,,,,,,,,,,,,,,,,,,,,,,,,,,,,,,,,,,,,,,,,,,,,,,,,,,,,,,,,,,,,,,,,,,,,,,,,,,,,,,,,,,,,,,,,,,,,,,,,,,
littlna01,Nassir Little,https://www.basketball-reference.com/players/l/littlna01.html,2021-22,2022,21.0,POR,SF,SF,50.0,SF,42.0,23.0,1088.0,94.0,161.0,0.584,51.0,154.0,0.331,54.0,,36.0,178.0,0.541,145.0,315.0,0.46,69.0,94.0,0.734,58.0,82.0,410.0,259.0,25.0,40.0,236.0,0.0,2.2,3.8,0.584,1.2,3.7,0.331,1.3,,0.9,4.2,0.541,3.5,7.5,0.46,1.6,2.2,0.734,42.0,23.0,25.9,1.4,2.0,9.8,193.0,0.6,1.0,5.6,3.1,5.3,0.584,1.7,5.1,0.331,1.8,,1.2,5.9,0.541,4.8,10.4,0.46,2.3,3.1,0.734,42.0,23.0,1088.0,1.9,2.7,13.6,252.0,0.8,1.3,7.8,4.2,7.2,0.584,2.3,6.9,0.331,2.4,,1.6,8.0,116.0,0.541,6.5,14.1,0.46,3.1,4.2,0.734,42.0,23.0,1088.0,2.6,115.0,3.7,18.4,252.0,1.1,1.8,10.6,0.489,7.4,,3.3,-1.4,-0.6,18.7,0.6,0.298,42.0,23.0,1088.0,-0.9,5.7,1.2,13.5,252.0,1.1,10.1,11.9,0.575,15.8,0.2,1.7,0.076,,5,47,4,42,42,23,11,14,147,1088,11.3,-0.7,0,35,0,64,0,252,15,12,0.0,0.0,,0.372,0.279,14.8,31.0,0.111,0.46,0.733,0.333,0.438,0.584,0.386,0.331,42.0,23.0,1088.0,0.67,0.922,0.273,0.038,0.051,0.511,0.14,0.489,252.0,6.0,6.6,,42.0,23.0,110.0,122.0,94.0,102.0,100.0,95.0,120.0,102.0,1088.0,252.0,0.584,0.489,0.331,0.541,0.46,0.734,0.298,0.575,,,,,,,,,,,,,,,,,,,,,,,,,,,,,,,,,,,,,,,,,,,,,,,,,,,,,,,,,,,,,,,,,,,,,,,,,,,,,,,,,,,,,,,,,,,,,,,,,,,,,,,,,,,,,,,,,,,,,,,,,,,,,,,,,,,,,,,,,,,,,,,,,,,,,,,,,,,,,,,,,,,,,,,,,,,,,,,,,,,,,,,,,,,,,,,,,,,,,,,,,,,,,
willike04,Kenrich Williams,https://www.basketball-reference.com/players/w/willike04.html,2021-22,2022,27.0,OKC,SF,SF,51.0,SF,49.0,0.0,1072.0,105.0,196.0,0.536,41.0,121.0,0.339,108.0,,10.0,145.0,0.525,146.0,317.0,0.461,30.0,55.0,0.545,75.0,81.0,363.0,277.0,44.0,46.0,220.0,0.0,2.1,4.0,0.536,0.8,2.5,0.339,2.2,,0.2,3.0,0.525,3.0,6.5,0.461,0.6,1.1,0.545,49.0,0.0,21.9,1.5,1.7,7.4,284.0,0.9,0.9,4.5,3.5,6.6,0.536,1.4,4.1,0.339,3.6,,0.3,4.9,0.525,4.9,10.6,0.461,1.0,1.8,0.545,49.0,0.0,1072.0,2.5,2.7,12.2,257.0,1.5,1.5,7.4,4.8,8.9,0.536,1.9,5.5,0.339,4.9,,0.5,6.6,113.0,0.525,6.6,14.4,0.461,1.4,2.5,0.545,49.0,0.0,1072.0,3.4,111.0,3.7,16.5,257.0,2.0,2.1,10.0,0.382,15.3,,0.9,-0.3,1.1,14.1,1.0,0.174,49.0,0.0,1072.0,-1.3,7.1,0.8,13.3,257.0,2.0,11.9,10.5,0.532,15.6,0.5,1.8,0.081,,4,38,21,27,49,0,3,18,257,1072,13.1,1.3,0,18,1,57,24,257,20,18,1.0,0.0,,0.35,0.331,13.5,23.0,0.082,0.461,0.645,0.48,0.409,0.536,0.479,0.339,49.0,0.0,1072.0,0.581,0.805,0.24,0.079,0.069,0.618,0.224,0.382,257.0,-4.1,-23.2,,49.0,0.0,101.0,96.0,96.0,99.0,100.0,70.0,70.0,94.0,1072.0,257.0,0.536,0.382,0.339,0.525,0.461,0.545,0.174,0.532,,,,,,,,,,,,,,,,,,,,,,,,,,,,,,,,,,,,,,,,,,,,,,,,,,,,,,,,,,,,,,,,,,,,,,,,,,,,,,,,,,,,,,,,,,,,,,,,,,,,,,,,,,,,,,,,,,,,,,,,,,,,,,,,,,,,,,,,,,,,,,,,,,,,,,,,,,,,,,,,,,,,,,,,,,,,,,,,,,,,,,,,,,,,,,,,,,,,,,,,,,,,,
browntr01,Troy Brown Jr.,https://www.basketball-reference.com/players/b/browntr01.html,2021-22,2022,22.0,CHI,SF,SF,52.0,SF,66.0,7.0,1055.0,61.0,125.0,0.488,47.0,133.0,0.353,66.0,,5.0,164.0,0.51,108.0,258.0,0.419,20.0,26.0,0.769,39.0,62.0,283.0,322.0,36.0,26.0,203.0,0.0,0.9,1.9,0.488,0.7,2.0,0.353,1.0,,0.1,2.5,0.51,1.6,3.9,0.419,0.3,0.4,0.769,66.0,7.0,16.0,0.6,0.9,4.3,411.0,0.5,0.4,3.1,2.1,4.3,0.488,1.6,4.5,0.353,2.3,,0.2,5.6,0.51,3.7,8.8,0.419,0.7,0.9,0.769,66.0,7.0,1055.0,1.3,2.1,9.7,260.0,1.2,0.9,6.9,2.8,5.8,0.488,2.2,6.2,0.353,3.1,,0.2,7.6,114.0,0.51,5.0,11.9,0.419,0.9,1.2,0.769,66.0,7.0,1055.0,1.8,110.0,2.9,13.1,260.0,1.7,1.2,9.4,0.516,8.2,,0.4,-1.8,-0.2,17.4,0.9,0.101,66.0,7.0,1055.0,-1.7,4.2,0.5,10.1,260.0,1.7,8.8,10.8,0.525,12.3,0.1,1.4,0.065,,1,33,4,14,66,7,5,25,160,1055,-1.4,-1.4,0,32,0,57,11,260,14,8,2.0,0.0,,0.342,0.594,15.0,5.0,0.027,0.419,0.562,0.143,0.455,0.488,0.412,0.353,66.0,7.0,1055.0,0.672,0.957,0.283,0.027,0.043,0.484,0.132,0.516,260.0,-11.4,-22.0,,66.0,7.0,92.0,129.0,100.0,96.0,91.0,99.0,41.0,93.0,1055.0,260.0,0.488,0.516,0.353,0.51,0.419,0.769,0.101,0.525,,3.0,0.0,94.0,162.0,51.0,66.0,64.0,,0.0,62.0,37.0,166.0,0.5,0.647,0.182,0.353,0.294,,0.0,0.353,0.647,13.0,,0.0,-7.0,-0.8,20.6,0.1,0.0,3.0,0.0,37.0,-6.2,2.5,-0.2,3.6,166.0,2.6,15.0,10.8,0.353,23.7,0.0,-0.1,-0.157,,1.0,1.0,0.0,0.0,3.0,0.0,0.0,0.0,8.0,37.0,14.4,-1.3,0.0,8.0,0.0,53.0,39.0,166.0,0.0,1.0,3.9,7.8,0.5,2.6,14.2,0.182,3.9,,0.0,9.1,107.0,0.353,6.5,22.0,0.294,0.0,0.0,,3.0,0.0,37.0,1.3,67.0,2.6,15.5,166.0,2.6,3.9,10.3,2.9,5.8,0.5,1.9,10.7,0.182,2.9,,0.0,6.8,0.353,4.9,16.5,0.294,0.0,0.0,,3.0,0.0,37.0,1.0,1.9,11.7,166.0,1.9,2.9,7.8,1.0,2.0,0.5,0.7,3.7,0.182,1.0,,0.0,2.3,0.353,1.7,5.7,0.294,0.0,0.0,,3.0,0.0,12.3,0.3,0.7,4.0,134.0,0.7,1.0,2.7,0.0,0.0,,0.5,0.364,21.4,0.0,0.0,0.294,1.0,0.5,0.0,0.5,,0.182,3.0,0.0,37.0,0.333,1.0,0.118,0.118,0.118,0.353,0.0,0.647,166.0,3.0,6.0,0.5,2.0,11.0,0.182,3.0,,0.0,7.0,0.353,5.0,17.0,0.294,0.0,0.0,,3.0,0.0,37.0,1.0,2.0,12.0,162.0,2.0,3.0,8.0,0.0
greenjo02,Josh Green,https://www.basketball-reference.com/players/g/greenjo02.html,2021-22,2022,21.0,DAL,SG,SF,53.0,SF,67.0,3.0,1039.0,102.0,178.0,0.573,28.0,78.0,0.359,79.0,,14.0,109.0,0.563,130.0,256.0,0.508,31.0,45.0,0.689,52.0,115.0,319.0,303.0,45.0,44.0,161.0,0.0,1.5,2.7,0.573,0.4,1.2,0.359,1.2,,0.2,1.6,0.563,1.9,3.8,0.508,0.5,0.7,0.689,67.0,3.0,15.5,0.8,1.7,4.8,389.0,0.7,0.7,2.4,3.5,6.2,0.573,1.0,2.7,0.359,2.7,,0.5,3.8,0.563,4.5,8.9,0.508,1.1,1.6,0.689,67.0,3.0,1039.0,1.8,4.0,11.1,263.0,1.6,1.5,5.6,4.9,8.6,0.573,1.4,3.8,0.359,3.8,,0.7,5.3,109.0,0.563,6.3,12.4,0.508,1.5,2.2,0.689,67.0,3.0,1039.0,2.5,114.0,5.6,15.5,263.0,2.2,2.1,7.8,0.305,11.0,,1.2,-1.0,1.4,11.7,1.4,0.176,67.0,3.0,1039.0,-2.4,5.6,1.0,11.9,263.0,2.2,13.8,8.6,0.578,13.9,0.3,2.4,0.111,,9,51,17,20,67,3,7,18,194,1039,-0.1,3.5,0,1,1,55,43,263,29,4,1.0,0.0,,0.396,0.679,11.1,20.0,0.082,0.508,0.786,0.4,0.273,0.573,0.397,0.359,67.0,3.0,1039.0,0.784,1.0,0.328,0.098,0.043,0.695,0.227,0.305,263.0,15.8,6.8,,67.0,3.0,108.0,76.0,102.0,106.0,110.0,89.0,71.0,102.0,1039.0,263.0,0.573,0.305,0.359,0.563,0.508,0.689,0.176,0.578,,16.0,0.0,94.0,197.0,64.0,71.0,62.0,32.0,115.0,64.0,121.0,118.0,0.5,0.786,0.227,0.375,0.286,0.25,0.286,0.365,0.786,8.4,,0.0,-5.0,0.3,10.9,0.1,0.286,16.0,0.0,121.0,-5.3,1.0,-0.1,4.0,118.0,2.1,0.0,5.8,0.365,12.3,-0.1,-0.1,-0.021,,0.0,8.0,2.0,1.0,16.0,0.0,0.0,1.0,20.0,121.0,-11.0,-8.9,0.0,6.0,0.0,57.0,37.0,118.0,0.0,0.0,1.3,2.6,0.5,2.1,9.4,0.227,3.0,,0.0,4.7,115.0,0.375,3.4,12.0,0.286,0.9,3.4,0.25,16.0,0.0,121.0,0.4,87.0,6.9,9.9,118.0,2.1,0.0,5.1,0.9,1.8,0.5,1.5,6.5,0.227,2.1,,0.0,3.3,0.375,2.4,8.3,0.286,0.6,2.4,0.25,16.0,0.0,121.0,0.3,4.8,6.8,118.0,1.5,0.0,3.6,0.2,0.4,0.5,0.3,1.4,0.227,0.4,,0.0,0.7,0.375,0.5,1.8,0.286,0.1,0.5,0.25,16.0,0.0,7.6,0.1,1.0,1.4,181.0,0.3,0.0,0.8,0.0,0.0,,0.143,0.636,20.8,0.0,0.0,0.286,0.0,0.0,1.0,0.5,1.0,0.227,16.0,0.0,121.0,0.667,1.0,0.036,0.071,0.036,0.214,0.071,0.786,118.0,3.0,6.0,0.5,5.0,22.0,0.227,7.0,,0.0,11.0,0.375,8.0,28.0,0.286,2.0,8.0,0.25,16.0,0.0,121.0,1.0,16.0,23.0,143.0,5.0,0.0,12.0,0.0
bembrde01,DeAndre' Bembry,https://www.basketball-reference.com/players/b/bembrde01.html,2021-22,2022,27.0,2TM,SF,SF,54.0,SF,56.0,20.0,1026.0,109.0,185.0,0.589,15.0,36.0,0.417,66.0,,25.0,121.0,0.595,124.0,221.0,0.561,21.0,35.0,0.6,42.0,113.0,284.0,321.0,49.0,31.0,163.0,0.0,1.9,3.3,0.589,0.3,0.6,0.417,1.2,,0.4,2.2,0.595,2.2,3.9,0.561,0.4,0.6,0.6,56.0,20.0,18.3,0.8,2.0,5.1,380.0,0.9,0.6,2.9,3.8,6.5,0.589,0.5,1.3,0.417,2.3,,0.9,4.2,0.595,4.4,7.8,0.561,0.7,1.2,0.6,56.0,20.0,1026.0,1.5,4.0,10.0,265.0,1.7,1.1,5.7,5.1,8.7,0.589,0.7,1.7,0.417,3.1,,1.2,5.7,112.0,0.595,5.9,10.4,0.561,1.0,1.7,0.6,56.0,20.0,1026.0,2.0,119.0,5.3,13.4,265.0,2.3,1.5,7.7,0.163,8.6,,2.2,-0.7,1.5,12.5,1.1,0.158,56.0,20.0,1026.0,-2.2,4.6,1.1,11.9,265.0,2.3,11.6,8.6,0.601,11.2,0.3,2.2,0.104,,4,45,8,17,56,20,3,22,157,1026,0.0,1.4,0,19,0,66,16,265,18,5,0.0,0.0,,0.545,0.611,5.2,20.0,0.104,0.561,0.669,,0.0,0.589,0.415,0.417,56.0,20.0,1026.0,0.716,1.0,0.575,0.0,0.005,0.837,0.24,0.163,265.0,28.0,16.4,,56.0,20.0,111.0,41.0,118.0,112.0,122.0,77.0,64.0,106.0,1026.0,265.0,0.589,0.163,0.417,0.595,0.561,0.6,0.158,0.601,,,,,,,,,,,,,,,,,,,,,,,,,,,,,,,,,,,,,,,,,,,,,,,,,,,,,,,,,,,,,,,,,,,,,,,,,,,,,,,,,,,,,,,,,,,,,,,,,,,,,,,,,,,,,,,,,,,,,,,,,,,,,,,,,,,,,,,,,,,,,,,,,,,,,,,,,,,,,,,,,,,,,,,,,,,,,,,,,,,,,,,,,,,,,,,,,,,,,,,,,,,,,
stevela01,Lamar Stevens,https://www.basketball-reference.com/players/s/stevela01.html,2021-22,2022,24.0,CLE,PF,SF,55.0,SF,63.0,13.0,1015.0,138.0,254.0,0.543,18.0,65.0,0.277,44.0,,18.0,117.0,0.517,156.0,319.0,0.489,53.0,75.0,0.707,47.0,106.0,383.0,268.0,31.0,41.0,164.0,0.0,2.2,4.0,0.543,0.3,1.0,0.277,0.7,,0.3,1.9,0.517,2.5,5.1,0.489,0.8,1.2,0.707,63.0,13.0,16.1,0.7,1.7,6.1,338.0,0.5,0.7,2.6,4.9,9.0,0.543,0.6,2.3,0.277,1.6,,0.6,4.1,0.517,5.5,11.3,0.489,1.9,2.7,0.707,63.0,13.0,1015.0,1.7,3.8,13.6,268.0,1.1,1.5,5.8,6.8,12.5,0.543,0.9,3.2,0.277,2.2,,0.9,5.8,110.0,0.517,7.7,15.7,0.489,2.6,3.7,0.707,63.0,13.0,1015.0,2.3,107.0,5.2,18.8,268.0,1.5,2.0,8.1,0.204,6.5,,1.6,-2.9,0.3,12.5,1.2,0.235,63.0,13.0,1015.0,-3.2,5.2,0.4,11.3,268.0,1.5,10.4,8.9,0.544,17.1,-0.2,1.6,0.078,,8,56,3,37,63,13,13,26,115,1015,-3.6,-0.6,5,38,0,51,5,268,13,19,0.0,0.0,,0.27,0.569,9.7,32.0,0.11,0.489,0.739,0.487,0.464,0.543,0.266,0.277,63.0,13.0,1015.0,0.601,1.0,0.373,0.122,0.088,0.796,0.201,0.204,268.0,-9.2,-15.5,,63.0,13.0,102.0,51.0,78.0,97.0,106.0,91.0,95.0,96.0,1015.0,268.0,0.543,0.204,0.277,0.517,0.489,0.707,0.235,0.544,,,,,,,,,,,,,,,,,,,,,,,,,,,,,,,,,,,,,,,,,,,,,,,,,,,,,,,,,,,,,,,,,,,,,,,,,,,,,,,,,,,,,,,,,,,,,,,,,,,,,,,,,,,,,,,,,,,,,,,,,,,,,,,,,,,,,,,,,,,,,,,,,,,,,,,,,,,,,,,,,,,,,,,,,,,,,,,,,,,,,,,,,,,,,,,,,,,,,,,,,,,,,
reddica01,Cam Reddish,https://www.basketball-reference.com/players/r/reddica01.html,2021-22,2022,22.0,2TM,SF,SF,56.0,SF,49.0,7.0,1012.0,99.0,224.0,0.442,66.0,184.0,0.359,48.0,,15.0,80.0,0.485,165.0,408.0,0.404,101.0,112.0,0.902,25.0,60.0,497.0,227.0,47.0,57.0,105.0,0.0,2.0,4.6,0.442,1.3,3.8,0.359,1.0,,0.3,1.6,0.485,3.4,8.3,0.404,2.1,2.3,0.902,49.0,7.0,20.7,0.5,1.2,10.1,180.0,1.0,1.2,2.1,3.5,8.0,0.442,2.3,6.5,0.359,1.7,,0.5,2.8,0.485,5.9,14.5,0.404,3.6,4.0,0.902,49.0,7.0,1012.0,0.9,2.1,17.7,269.0,1.7,2.0,3.7,4.8,10.9,0.442,3.2,9.0,0.359,2.3,,0.7,3.9,114.0,0.485,8.0,19.9,0.404,4.9,5.5,0.902,49.0,7.0,1012.0,1.2,105.0,2.9,24.2,269.0,2.3,2.8,5.1,0.451,7.0,,1.4,-1.3,-0.3,8.6,0.8,0.275,49.0,7.0,1012.0,-1.0,2.7,0.2,12.8,269.0,2.3,11.1,5.7,0.543,22.2,0.2,1.0,0.046,,4,29,6,52,49,7,9,23,115,1012,-13.2,-9.3,0,25,0,74,0,269,19,20,0.0,0.0,,0.46,0.272,15.3,13.0,0.042,0.404,0.593,0.279,0.279,0.442,0.471,0.359,49.0,7.0,1012.0,0.525,0.833,0.211,0.105,0.105,0.549,0.125,0.451,269.0,-37.8,-20.6,,49.0,7.0,83.0,113.0,101.0,91.0,88.0,116.0,111.0,96.0,1012.0,269.0,0.442,0.451,0.359,0.485,0.404,0.902,0.275,0.543,,,,,,,,,,,,,,,,,,,,,,,,,,,,,,,,,,,,,,,,,,,,,,,,,,,,,,,,,,,,,,,,,,,,,,,,,,,,,,,,,,,,,,,,,,,,,,,,,,,,,,,,,,,,,,,,,,,,,,,,,,,,,,,,,,,,,,,,,,,,,,,,,,,,,,,,,,,,,,,,,,,,,,,,,,,,,,,,,,,,,,,,,,,,,,,,,,,,,,,,,,,,,
toscaju01,Juan Toscano-Anderson,https://www.basketball-reference.com/players/t/toscaju01.html,2021-22,2022,28.0,GSW,SF,SF,57.0,SF,73.0,6.0,994.0,87.0,148.0,0.588,28.0,87.0,0.322,127.0,,17.0,148.0,0.549,115.0,235.0,0.489,40.0,70.0,0.571,28.0,115.0,298.0,313.0,48.0,68.0,176.0,0.0,1.2,2.0,0.588,0.4,1.2,0.322,1.7,,0.2,2.0,0.549,1.6,3.2,0.489,0.5,1.0,0.571,73.0,6.0,13.6,0.4,1.6,4.1,428.0,0.7,0.9,2.4,3.2,5.4,0.588,1.0,3.2,0.322,4.6,,0.6,5.4,0.549,4.2,8.5,0.489,1.4,2.5,0.571,73.0,6.0,994.0,1.0,4.2,10.8,273.0,1.7,2.5,6.4,4.3,7.3,0.588,1.4,4.3,0.322,6.2,,0.8,7.3,106.0,0.549,5.6,11.5,0.489,2.0,3.4,0.571,73.0,6.0,994.0,1.4,106.0,5.6,14.6,273.0,2.4,3.3,8.6,0.37,17.6,,1.6,-0.8,2.4,15.8,1.8,0.298,73.0,6.0,994.0,-3.3,3.2,0.3,11.0,273.0,2.4,20.4,9.7,0.561,14.7,0.3,2.0,0.098,,8,60,5,25,73,6,6,19,320,994,-1.4,4.7,2,33,0,60,6,273,37,12,1.0,0.0,,0.273,0.253,11.7,21.0,0.102,0.489,0.662,0.0,0.333,0.588,0.538,0.322,73.0,6.0,994.0,0.69,0.857,0.328,0.013,0.013,0.63,0.277,0.37,273.0,8.1,-2.9,,73.0,6.0,110.0,93.0,91.0,103.0,106.0,74.0,120.0,99.0,994.0,273.0,0.588,0.37,0.322,0.549,0.489,0.571,0.298,0.561,,14.0,0.0,75.0,125.0,113.0,94.0,87.0,43.0,121.0,86.0,49.0,161.0,0.4,0.5,0.4,0.5,0.4,0.333,0.3,0.486,0.5,20.9,,2.1,-4.4,1.1,22.3,0.1,0.3,14.0,0.0,49.0,-5.5,0.0,-0.2,4.6,161.0,2.0,41.4,11.4,0.486,17.3,0.0,-0.1,-0.084,,1.0,0.0,1.0,1.0,14.0,0.0,1.0,1.0,20.0,49.0,-27.7,-21.0,0.0,38.0,0.0,62.0,1.0,161.0,6.0,1.0,2.0,5.0,0.4,2.0,5.0,0.4,8.1,,1.0,10.1,107.0,0.5,4.0,10.1,0.4,1.0,3.0,0.333,14.0,0.0,49.0,0.0,74.0,3.0,11.1,161.0,2.0,8.1,10.1,1.5,3.7,0.4,1.5,3.7,0.4,5.9,,0.7,7.3,0.5,2.9,7.3,0.4,0.7,2.2,0.333,14.0,0.0,49.0,0.0,2.2,8.1,161.0,1.5,5.9,7.3,0.1,0.4,0.4,0.1,0.4,0.4,0.6,,0.1,0.7,0.5,0.3,0.7,0.4,0.1,0.2,0.333,14.0,0.0,3.5,0.0,0.2,0.8,196.0,0.1,0.6,0.7,0.0,0.0,,0.0,0.2,16.8,0.0,0.0,0.4,1.0,,0.0,0.4,0.333,0.4,14.0,0.0,49.0,0.5,1.0,0.1,0.0,0.1,0.5,0.3,0.5,161.0,2.0,5.0,0.4,2.0,5.0,0.4,8.0,,1.0,10.0,0.5,4.0,10.0,0.4,1.0,3.0,0.333,14.0,0.0,49.0,0.0,3.0,11.0,166.0,2.0,8.0,10.0,0.0
primojo01,Joshua Primo,https://www.basketball-reference.com/players/p/primojo01.html,2021-22,2022,19.0,SAS,SF,SF,58.0,SF,50.0,16.0,965.0,59.0,133.0,0.444,42.0,137.0,0.307,81.0,,23.0,81.0,0.452,101.0,270.0,0.374,44.0,59.0,0.746,32.0,79.0,288.0,316.0,20.0,57.0,113.0,0.0,1.2,2.7,0.444,0.8,2.7,0.307,1.6,,0.5,1.6,0.452,2.0,5.4,0.374,0.9,1.2,0.746,50.0,16.0,19.3,0.6,1.6,5.8,355.0,0.4,1.1,2.3,2.2,5.0,0.444,1.6,5.1,0.307,3.0,,0.9,3.0,0.452,3.8,10.1,0.374,1.6,2.2,0.746,50.0,16.0,965.0,1.2,2.9,10.7,284.0,0.7,2.1,4.2,2.9,6.6,0.444,2.1,6.8,0.307,4.0,,1.1,4.0,115.0,0.452,5.0,13.4,0.374,2.2,2.9,0.746,50.0,16.0,965.0,1.6,96.0,3.9,14.3,284.0,1.0,2.8,5.6,0.507,10.6,,2.0,-5.0,-1.1,8.9,0.6,0.219,50.0,16.0,965.0,-3.8,3.5,-0.6,7.1,284.0,1.0,16.1,6.1,0.487,15.4,-0.7,0.0,0.001,,5,51,10,24,50,16,4,10,187,965,-5.0,-3.7,0,16,0,77,7,284,40,7,1.0,0.0,,0.271,0.35,15.9,8.0,0.033,0.374,0.611,0.263,0.25,0.444,0.375,0.307,50.0,16.0,965.0,0.525,0.929,0.2,0.07,0.044,0.493,0.178,0.507,284.0,-43.1,-47.0,,50.0,16.0,83.0,127.0,87.0,85.0,81.0,96.0,88.0,86.0,965.0,284.0,0.444,0.507,0.307,0.452,0.374,0.746,0.219,0.487,,,,,,,,,,,,,,,,,,,,,,,,,,,,,,,,,,,,,,,,,,,,,,,,,,,,,,,,,,,,,,,,,,,,,,,,,,,,,,,,,,,,,,,,,,,,,,,,,,,,,,,,,,,,,,,,,,,,,,,,,,,,,,,,,,,,,,,,,,,,,,,,,,,,,,,,,,,,,,,,,,,,,,,,,,,,,,,,,,,,,,,,,,,,,,,,,,,,,,,,,,,,,
lambje01,Jeremy Lamb,https://www.basketball-reference.com/players/l/lambje01.html,2021-22,2022,29.0,2TM,SF,SF,59.0,SF,56.0,0.0,935.0,78.0,177.0,0.441,55.0,170.0,0.324,81.0,,22.0,128.0,0.463,133.0,347.0,0.383,89.0,106.0,0.84,26.0,59.0,410.0,260.0,31.0,37.0,154.0,0.0,1.4,3.2,0.441,1.0,3.0,0.324,1.4,,0.4,2.3,0.463,2.4,6.2,0.383,1.6,1.9,0.84,56.0,0.0,16.7,0.5,1.1,7.3,285.0,0.6,0.7,2.8,3.0,6.8,0.441,2.1,6.5,0.324,3.1,,0.8,4.9,0.463,5.1,13.4,0.383,3.4,4.1,0.84,56.0,0.0,935.0,1.0,2.3,15.8,293.0,1.2,1.4,5.9,4.1,9.2,0.441,2.9,8.9,0.324,4.2,,1.1,6.7,116.0,0.463,6.9,18.1,0.383,4.6,5.5,0.84,56.0,0.0,935.0,1.4,109.0,3.1,21.3,293.0,1.6,1.9,8.0,0.49,12.3,,2.0,-0.8,-0.5,15.3,0.6,0.305,56.0,0.0,935.0,-0.4,3.0,0.6,13.3,293.0,1.6,8.6,9.1,0.521,19.7,0.3,1.2,0.063,,1,24,3,42,56,0,13,10,190,935,5.0,-0.3,0,2,8,47,43,293,20,7,4.0,0.0,,0.313,0.188,16.9,0.0,0.0,0.383,0.581,0.412,0.391,0.441,0.412,0.324,56.0,0.0,935.0,0.346,0.8,0.089,0.147,0.066,0.51,0.196,0.49,293.0,-48.0,-35.6,,56.0,0.0,83.0,123.0,91.0,87.0,83.0,108.0,123.0,92.0,935.0,293.0,0.441,0.49,0.324,0.463,0.383,0.84,0.305,0.521,,,,,,,,,,,,,,,,,,,,,,,,,,,,,,,,,,,,,,,,,,,,,,,,,,,,,,,,,,,,,,,,,,,,,,,,,,,,,,,,,,,,,,,,,,,,,,,,,,,,,,,,,,,,,,,,,,,,,,,,,,,,,,,,,,,,,,,,,,,,,,,,,,,,,,,,,,,,,,,,,,,,,,,,,,,,,,,,,,,,,,,,,,,,,,,,,,,,,,,,,,,,,
brookdi01,Dillon Brooks,https://www.basketball-reference.com/players/b/brookdi01.html,2021-22,2022,26.0,MEM,SF,SF,60.0,SF,32.0,31.0,885.0,181.0,377.0,0.48,46.0,149.0,0.309,88.0,,8.0,73.0,0.475,227.0,526.0,0.432,90.0,106.0,0.849,29.0,105.0,590.0,191.0,36.0,50.0,102.0,0.0,5.7,11.8,0.48,1.4,4.7,0.309,2.8,,0.3,2.3,0.475,7.1,16.4,0.432,2.8,3.3,0.849,32.0,31.0,27.7,0.9,3.3,18.4,49.0,1.1,1.6,3.2,7.4,15.3,0.48,1.9,6.1,0.309,3.6,,0.3,3.0,0.475,9.2,21.4,0.432,3.7,4.3,0.849,32.0,31.0,885.0,1.2,4.3,24.0,302.0,1.5,2.0,4.1,9.8,20.4,0.48,2.5,8.1,0.309,4.8,,0.4,3.9,112.0,0.475,12.3,28.4,0.432,4.9,5.7,0.849,32.0,31.0,885.0,1.6,108.0,5.7,31.9,302.0,1.9,2.7,5.5,0.283,15.4,,0.8,-1.8,-0.8,8.8,0.9,0.202,32.0,31.0,885.0,-1.0,3.4,0.7,15.5,302.0,1.9,8.0,6.0,0.515,28.8,0.0,1.6,0.087,,8,46,18,50,32,31,14,27,199,885,7.4,11.5,0,3,0,84,13,302,10,24,3.0,0.0,,0.375,0.161,13.3,12.0,0.029,0.432,0.68,0.398,0.467,0.48,0.389,0.309,32.0,31.0,885.0,0.47,0.826,0.196,0.186,0.086,0.717,0.249,0.283,302.0,-59.3,-58.2,,32.0,31.0,90.0,71.0,87.0,89.0,94.0,110.0,81.0,91.0,885.0,302.0,0.48,0.283,0.309,0.475,0.432,0.849,0.202,0.515,,11.0,11.0,66.0,105.0,98.0,79.0,76.0,83.0,59.0,78.0,335.0,42.0,0.35,0.419,0.347,0.422,0.349,0.64,0.145,0.44,0.419,13.8,,0.9,-4.6,-1.3,7.3,0.3,0.145,11.0,11.0,335.0,-3.3,2.4,-0.6,6.9,42.0,1.5,10.7,4.7,0.44,25.1,-0.2,-0.3,-0.036,,2.0,14.0,6.0,11.0,11.0,11.0,2.0,11.0,69.0,335.0,8.0,5.6,0.0,6.0,0.0,85.0,9.0,42.0,11.0,6.0,4.9,14.0,0.35,3.5,10.1,0.347,4.2,,0.4,3.1,112.0,0.422,8.4,24.1,0.349,2.2,3.5,0.64,11.0,11.0,335.0,1.1,90.0,5.1,22.6,42.0,1.5,3.1,4.2,3.8,10.7,0.35,2.7,7.7,0.347,3.2,,0.3,2.4,0.422,6.4,18.5,0.349,1.7,2.7,0.64,11.0,11.0,335.0,0.9,3.9,17.3,42.0,1.2,2.4,3.2,3.2,9.1,0.35,2.3,6.5,0.347,2.7,,0.3,2.0,0.422,5.5,15.6,0.349,1.5,2.3,0.64,11.0,11.0,30.5,0.7,3.3,14.6,42.0,1.0,2.0,2.7,0.0,0.0,,0.364,0.153,15.3,1.0,0.006,0.349,0.63,0.231,0.273,0.35,0.25,0.347,11.0,11.0,335.0,0.571,0.84,0.157,0.151,0.064,0.581,0.209,0.419,42.0,35.0,100.0,0.35,25.0,72.0,0.347,30.0,,3.0,22.0,0.422,60.0,172.0,0.349,16.0,25.0,0.64,11.0,11.0,335.0,8.0,36.0,161.0,35.0,11.0,22.0,30.0,0.0
murphtr02,Trey Murphy III,https://www.basketball-reference.com/players/m/murphtr02.html,2021-22,2022,21.0,NOP,SF,SF,61.0,SF,62.0,1.0,864.0,38.0,91.0,0.418,71.0,186.0,0.382,38.0,,7.0,100.0,0.522,109.0,277.0,0.394,45.0,51.0,0.882,47.0,60.0,334.0,294.0,23.0,16.0,147.0,0.0,0.6,1.5,0.418,1.1,3.0,0.382,0.6,,0.1,1.6,0.522,1.8,4.5,0.394,0.7,0.8,0.882,62.0,1.0,13.9,0.8,1.0,5.4,372.0,0.4,0.3,2.4,1.6,3.8,0.418,3.0,7.7,0.382,1.6,,0.3,4.2,0.522,4.5,11.5,0.394,1.9,2.1,0.882,62.0,1.0,864.0,2.0,2.5,13.9,306.0,1.0,0.7,6.1,2.2,5.2,0.418,4.1,10.6,0.382,2.2,,0.4,5.7,115.0,0.522,6.2,15.8,0.394,2.6,2.9,0.882,62.0,1.0,864.0,2.7,120.0,3.4,19.1,306.0,1.3,0.9,8.4,0.671,6.2,,0.8,-1.2,-1.4,13.1,0.6,0.184,62.0,1.0,864.0,0.2,5.9,1.3,12.5,306.0,1.3,5.1,9.4,0.558,15.7,0.2,1.9,0.104,,1,30,9,24,62,1,6,12,94,864,-0.2,-1.2,2,47,0,50,2,306,8,5,1.0,0.0,,0.458,0.387,18.1,16.0,0.069,0.394,0.585,0.2,0.143,0.418,0.174,0.382,62.0,1.0,864.0,0.553,0.944,0.191,0.018,0.025,0.329,0.083,0.671,306.0,-5.6,-5.0,,62.0,1.0,78.0,168.0,108.0,98.0,85.0,114.0,74.0,99.0,864.0,306.0,0.418,0.671,0.382,0.522,0.394,0.882,0.184,0.558,,6.0,0.0,0.0,216.0,134.0,115.0,89.0,103.0,92.0,113.0,120.0,119.0,0.0,0.864,0.474,0.614,0.409,0.8,0.227,0.64,0.864,3.4,,0.7,0.5,0.1,12.6,0.0,0.227,6.0,0.0,120.0,0.5,2.8,0.2,10.2,119.0,1.3,4.0,7.4,0.64,9.0,0.1,0.2,0.09,,0.0,3.0,1.0,1.0,6.0,0.0,0.0,0.0,6.0,120.0,24.4,12.1,0.0,39.0,0.0,61.0,0.0,119.0,1.0,0.0,0.0,1.3,0.0,3.9,8.1,0.474,1.3,,0.4,5.1,120.0,0.614,3.9,9.4,0.409,1.7,2.1,0.8,6.0,0.0,120.0,1.3,142.0,3.9,13.3,119.0,1.3,0.4,6.4,0.0,0.9,0.0,2.7,5.7,0.474,0.9,,0.3,3.6,0.614,2.7,6.6,0.409,1.2,1.5,0.8,6.0,0.0,120.0,0.9,2.7,9.3,119.0,0.9,0.3,4.5,0.0,0.5,0.0,1.5,3.2,0.474,0.5,,0.2,2.0,0.614,1.5,3.7,0.409,0.7,0.8,0.8,6.0,0.0,20.0,0.5,1.5,5.2,118.0,0.5,0.2,2.5,0.0,0.0,,0.6,0.263,24.4,0.0,0.0,0.409,,0.0,0.0,0.0,0.0,0.474,6.0,0.0,120.0,,1.0,0.0,0.045,0.045,0.136,0.045,0.864,119.0,0.0,3.0,0.0,9.0,19.0,0.474,3.0,,1.0,12.0,0.614,9.0,22.0,0.409,4.0,5.0,0.8,6.0,0.0,120.0,3.0,9.0,31.0,128.0,3.0,1.0,15.0,0.0
harklma01,Maurice Harkless,https://www.basketball-reference.com/players/h/harklma01.html,2021-22,2022,28.0,SAC,SF,SF,62.0,SF,47.0,24.0,863.0,52.0,80.0,0.65,31.0,101.0,0.307,23.0,,24.0,100.0,0.544,83.0,181.0,0.459,20.0,28.0,0.714,12.0,77.0,217.0,348.0,29.0,31.0,112.0,0.0,1.1,1.7,0.65,0.7,2.1,0.307,0.5,,0.5,2.1,0.544,1.8,3.9,0.459,0.4,0.6,0.714,47.0,24.0,18.4,0.3,1.6,4.6,397.0,0.6,0.7,2.4,2.2,3.3,0.65,1.3,4.2,0.307,1.0,,1.0,4.2,0.544,3.5,7.6,0.459,0.8,1.2,0.714,47.0,24.0,863.0,0.5,3.2,9.1,307.0,1.2,1.3,4.7,2.9,4.5,0.65,1.7,5.6,0.307,1.3,,1.3,5.6,115.0,0.544,4.6,10.1,0.459,1.1,1.6,0.714,47.0,24.0,863.0,0.7,101.0,4.3,12.1,307.0,1.6,1.7,6.2,0.558,3.6,,2.4,-3.3,0.4,12.7,0.6,0.155,47.0,24.0,863.0,-3.7,1.5,-0.1,7.7,307.0,1.6,13.8,7.1,0.561,11.2,-0.3,0.5,0.026,,7,36,2,13,47,24,3,9,54,863,1.2,-4.5,0,24,0,75,2,307,12,6,0.0,0.0,,0.367,0.594,14.8,17.0,0.116,0.459,0.681,,0.333,0.65,0.643,0.307,47.0,24.0,863.0,0.769,1.0,0.26,0.0,0.017,0.442,0.155,0.558,307.0,4.5,-1.8,,47.0,24.0,122.0,140.0,87.0,102.0,99.0,92.0,62.0,99.0,863.0,307.0,0.65,0.558,0.307,0.544,0.459,0.714,0.155,0.561,,,,,,,,,,,,,,,,,,,,,,,,,,,,,,,,,,,,,,,,,,,,,,,,,,,,,,,,,,,,,,,,,,,,,,,,,,,,,,,,,,,,,,,,,,,,,,,,,,,,,,,,,,,,,,,,,,,,,,,,,,,,,,,,,,,,,,,,,,,,,,,,,,,,,,,,,,,,,,,,,,,,,,,,,,,,,,,,,,,,,,,,,,,,,,,,,,,,,,,,,,,,,
jacksjo02,Josh Jackson,https://www.basketball-reference.com/players/j/jacksjo02.html,2021-22,2022,24.0,2TM,SF,SF,63.0,SF,51.0,3.0,830.0,87.0,170.0,0.512,33.0,130.0,0.254,54.0,,22.0,120.0,0.455,120.0,300.0,0.4,55.0,77.0,0.714,21.0,88.0,328.0,298.0,26.0,47.0,141.0,0.0,1.7,3.3,0.512,0.6,2.5,0.254,1.1,,0.4,2.4,0.455,2.4,5.9,0.4,1.1,1.5,0.714,51.0,3.0,16.3,0.4,1.7,6.4,315.0,0.5,0.9,2.8,3.8,7.4,0.512,1.4,5.6,0.254,2.3,,1.0,5.2,0.455,5.2,13.0,0.4,2.4,3.3,0.714,51.0,3.0,830.0,0.9,3.8,14.2,312.0,1.1,2.0,6.1,5.1,10.0,0.512,1.9,7.6,0.254,3.2,,1.3,7.0,114.0,0.455,7.0,17.6,0.4,3.2,4.5,0.714,51.0,3.0,830.0,1.2,95.0,5.2,19.2,312.0,1.5,2.8,8.3,0.433,10.0,,2.4,-4.5,-0.4,16.4,0.7,0.257,51.0,3.0,830.0,-4.1,2.6,-0.7,9.5,312.0,1.5,12.3,9.2,0.491,19.7,-0.5,0.0,0.001,,3,41,16,39,51,3,12,22,127,830,-1.7,-9.2,0,47,0,51,2,312,33,8,0.0,0.0,,0.194,0.238,14.4,9.0,0.043,0.4,0.712,0.389,0.286,0.512,0.392,0.254,51.0,3.0,830.0,0.517,0.879,0.243,0.06,0.093,0.567,0.17,0.433,312.0,-46.0,-49.9,,51.0,3.0,96.0,109.0,72.0,86.0,87.0,92.0,103.0,87.0,830.0,312.0,0.512,0.433,0.254,0.455,0.4,0.714,0.257,0.491,,,,,,,,,,,,,,,,,,,,,,,,,,,,,,,,,,,,,,,,,,,,,,,,,,,,,,,,,,,,,,,,,,,,,,,,,,,,,,,,,,,,,,,,,,,,,,,,,,,,,,,,,,,,,,,,,,,,,,,,,,,,,,,,,,,,,,,,,,,,,,,,,,,,,,,,,,,,,,,,,,,,,,,,,,,,,,,,,,,,,,,,,,,,,,,,,,,,,,,,,,,,,
snellto01,Tony Snell,https://www.basketball-reference.com/players/s/snellto01.html,2021-22,2022,30.0,2TM,SG,SF,64.0,SF,53.0,12.0,823.0,24.0,43.0,0.558,45.0,128.0,0.352,28.0,,9.0,87.0,0.535,69.0,171.0,0.404,4.0,4.0,1.0,16.0,70.0,187.0,368.0,16.0,19.0,103.0,0.0,0.5,0.8,0.558,0.8,2.4,0.352,0.5,,0.2,1.6,0.535,1.3,3.2,0.404,0.1,0.1,1.0,53.0,12.0,15.5,0.3,1.3,3.5,453.0,0.3,0.4,1.9,1.0,1.9,0.558,2.0,5.6,0.352,1.2,,0.4,3.8,0.535,3.0,7.5,0.404,0.2,0.2,1.0,53.0,12.0,823.0,0.7,3.1,8.2,313.0,0.7,0.8,4.5,1.4,2.6,0.558,2.7,7.6,0.352,1.7,,0.5,5.2,119.0,0.535,4.1,10.2,0.404,0.2,0.2,1.0,53.0,12.0,823.0,1.0,106.0,4.2,11.1,313.0,1.0,1.1,6.1,0.749,4.7,,1.1,-4.2,-0.8,12.0,0.2,0.023,53.0,12.0,823.0,-3.4,2.1,0.2,6.3,313.0,1.0,9.9,6.9,0.541,10.1,-0.5,0.4,0.023,,1,37,0,3,53,12,2,4,70,823,-1.1,-7.1,0,6,2,62,30,313,12,4,0.0,0.0,,0.361,0.477,19.9,3.0,0.018,0.404,0.722,0.5,0.667,0.558,0.375,0.352,53.0,12.0,823.0,0.75,0.956,0.105,0.035,0.018,0.251,0.094,0.749,313.0,1.2,-8.6,,53.0,12.0,105.0,187.0,99.0,101.0,88.0,129.0,9.0,96.0,823.0,313.0,0.558,0.749,0.352,0.535,0.404,1.0,0.023,0.541,,,,,,,,,,,,,,,,,,,,,,,,,,,,,,,,,,,,,,,,,,,,,,,,,,,,,,,,,,,,,,,,,,,,,,,,,,,,,,,,,,,,,,,,,,,,,,,,,,,,,,,,,,,,,,,,,,,,,,,,,,,,,,,,,,,,,,,,,,,,,,,,,,,,,,,,,,,,,,,,,,,,,,,,,,,,,,,,,,,,,,,,,,,,,,,,,,,,,,,,,,,,,
langfro01,Romeo Langford,https://www.basketball-reference.com/players/l/langfro01.html,2021-22,2022,22.0,2TM,SG,SF,65.0,SF,48.0,5.0,771.0,54.0,106.0,0.509,29.0,85.0,0.341,21.0,,16.0,78.0,0.51,83.0,191.0,0.435,23.0,42.0,0.548,30.0,47.0,218.0,347.0,22.0,16.0,108.0,0.0,1.1,2.2,0.509,0.6,1.8,0.341,0.4,,0.3,1.6,0.51,1.7,4.0,0.435,0.5,0.9,0.548,48.0,5.0,16.1,0.6,1.0,4.5,399.0,0.5,0.3,2.3,2.5,4.9,0.509,1.4,4.0,0.341,1.0,,0.7,3.6,0.51,3.9,8.9,0.435,1.1,2.0,0.548,48.0,5.0,771.0,1.4,2.2,10.2,321.0,1.0,0.7,5.0,3.5,6.8,0.509,1.9,5.5,0.341,1.4,,1.0,5.0,109.0,0.51,5.3,12.3,0.435,1.5,2.7,0.548,48.0,5.0,771.0,1.9,108.0,3.0,14.0,321.0,1.4,1.0,6.9,0.445,3.7,,1.9,-1.4,1.0,10.7,1.0,0.22,48.0,5.0,771.0,-2.3,4.3,0.3,9.2,321.0,1.4,7.1,7.6,0.52,12.9,0.1,1.3,0.082,,1,28,5,19,48,5,6,14,53,771,-6.7,1.9,0,2,2,51,44,321,9,3,1.0,0.0,,0.318,0.518,13.4,8.0,0.047,0.435,0.718,0.467,0.333,0.509,0.37,0.341,48.0,5.0,771.0,0.722,0.966,0.204,0.079,0.031,0.555,0.241,0.445,321.0,-8.1,-19.1,,48.0,5.0,96.0,111.0,96.0,96.0,94.0,71.0,89.0,92.0,771.0,321.0,0.509,0.445,0.341,0.51,0.435,0.548,0.22,0.52,,,,,,,,,,,,,,,,,,,,,,,,,,,,,,,,,,,,,,,,,,,,,,,,,,,,,,,,,,,,,,,,,,,,,,,,,,,,,,,,,,,,,,,,,,,,,,,,,,,,,,,,,,,,,,,,,,,,,,,,,,,,,,,,,,,,,,,,,,,,,,,,,,,,,,,,,,,,,,,,,,,,,,,,,,,,,,,,,,,,,,,,,,,,,,,,,,,,,,,,,,,,,
bostobr01,Brandon Boston Jr.,https://www.basketball-reference.com/players/b/bostobr01.html,2021-22,2022,20.0,LAC,SG,SF,66.0,SF,51.0,0.0,760.0,91.0,214.0,0.425,34.0,111.0,0.306,51.0,,13.0,94.0,0.437,125.0,325.0,0.385,59.0,72.0,0.819,17.0,43.0,343.0,286.0,26.0,31.0,111.0,0.0,1.8,4.2,0.425,0.7,2.2,0.306,1.0,,0.3,1.8,0.437,2.5,6.4,0.385,1.2,1.4,0.819,51.0,0.0,14.9,0.3,0.8,6.7,307.0,0.5,0.6,2.2,4.3,10.1,0.425,1.6,5.3,0.306,2.4,,0.6,4.5,0.437,5.9,15.4,0.385,2.8,3.4,0.819,51.0,0.0,760.0,0.8,2.0,16.2,324.0,1.2,1.5,5.3,5.9,13.8,0.425,2.2,7.2,0.306,3.3,,0.8,6.1,111.0,0.437,8.1,21.0,0.385,3.8,4.6,0.819,51.0,0.0,760.0,1.1,98.0,2.8,22.1,324.0,1.7,2.0,7.2,0.342,10.1,,1.5,-3.3,-0.4,12.7,0.9,0.222,51.0,0.0,760.0,-3.0,2.4,-0.5,11.2,324.0,1.7,8.0,7.7,0.481,22.4,-0.3,0.4,0.026,,0,20,2,30,51,0,5,26,120,760,-2.9,-2.2,0,2,12,45,41,324,10,9,3.0,0.0,,0.391,0.207,14.7,15.0,0.062,0.385,0.631,0.45,0.306,0.425,0.122,0.306,51.0,0.0,760.0,0.615,0.588,0.258,0.123,0.151,0.658,0.126,0.342,324.0,-61.6,-60.8,,51.0,0.0,80.0,86.0,87.0,82.0,83.0,106.0,89.0,85.0,760.0,324.0,0.425,0.342,0.306,0.437,0.385,0.819,0.222,0.481,,,,,,,,,,,,,,,,,,,,,,,,,,,,,,,,,,,,,,,,,,,,,,,,,,,,,,,,,,,,,,,,,,,,,,,,,,,,,,,,,,,,,,,,,,,,,,,,,,,,,,,,,,,,,,,,,,,,,,,,,,,,,,,,,,,,,,,,,,,,,,,,,,,,,,,,,,,,,,,,,,,,,,,,,,,,,,,,,,,,,,,,,,,,,,,,,,,,,,,,,,,,,
marshna01,Naji Marshall,https://www.basketball-reference.com/players/m/marshna01.html,2021-22,2022,24.0,NOP,SF,SF,67.0,SF,55.0,4.0,735.0,88.0,164.0,0.537,21.0,105.0,0.2,62.0,,8.0,104.0,0.444,109.0,269.0,0.405,74.0,93.0,0.796,38.0,69.0,313.0,305.0,33.0,46.0,142.0,0.0,1.6,3.0,0.537,0.4,1.9,0.2,1.1,,0.1,1.9,0.444,2.0,4.9,0.405,1.3,1.7,0.796,55.0,4.0,13.4,0.7,1.3,5.7,360.0,0.6,0.8,2.6,4.3,8.0,0.537,1.0,5.1,0.2,3.0,,0.4,5.1,0.444,5.3,13.2,0.405,3.6,4.6,0.796,55.0,4.0,735.0,1.9,3.4,15.3,327.0,1.6,2.3,7.0,5.9,11.0,0.537,1.4,7.1,0.2,4.2,,0.5,7.0,112.0,0.444,7.3,18.1,0.405,5.0,6.2,0.796,55.0,4.0,735.0,2.6,103.0,4.6,21.0,327.0,2.2,3.1,9.5,0.39,12.3,,1.0,-3.2,-0.5,16.0,0.7,0.346,55.0,4.0,735.0,-2.7,5.6,0.0,12.3,327.0,2.2,12.9,10.7,0.505,20.8,-0.2,0.8,0.05,,7,30,5,44,55,4,5,18,144,735,-1.6,-2.4,1,20,0,56,24,327,24,9,0.0,0.0,,0.156,0.305,12.4,14.0,0.063,0.405,0.581,0.526,0.0,0.537,0.538,0.2,55.0,4.0,735.0,0.557,0.81,0.32,0.071,0.026,0.61,0.193,0.39,327.0,-47.0,-37.8,,55.0,4.0,101.0,98.0,57.0,84.0,88.0,103.0,139.0,89.0,735.0,327.0,0.537,0.39,0.2,0.444,0.405,0.796,0.346,0.505,,6.0,0.0,131.0,0.0,,132.0,152.0,129.0,161.0,135.0,56.0,158.0,0.7,0.0,,0.7,0.7,1.0,0.4,0.765,0.0,13.0,,1.5,3.0,1.6,6.8,0.0,0.4,6.0,0.0,56.0,1.4,5.9,0.1,15.0,158.0,0.9,20.3,6.3,0.765,11.3,0.1,0.1,0.113,,0.0,1.0,1.0,2.0,6.0,0.0,0.0,1.0,12.0,56.0,6.6,3.3,0.0,0.0,0.0,97.0,3.0,158.0,1.0,2.0,6.4,9.2,0.7,0.0,0.0,,4.6,,0.9,2.8,121.0,0.7,6.4,9.2,0.7,3.7,3.7,1.0,6.0,0.0,56.0,2.8,137.0,4.6,16.5,158.0,0.9,2.8,5.5,4.5,6.4,0.7,0.0,0.0,,3.2,,0.6,1.9,0.7,4.5,6.4,0.7,2.6,2.6,1.0,6.0,0.0,56.0,1.9,3.2,11.6,158.0,0.6,1.9,3.9,1.2,1.7,0.7,0.0,0.0,,0.8,,0.2,0.5,0.7,1.2,1.7,0.7,0.7,0.7,1.0,6.0,0.0,9.3,0.5,0.8,3.0,154.0,0.2,0.5,1.0,0.0,0.0,,,,3.7,1.0,0.2,0.7,0.833,1.0,,0.7,0.333,,6.0,0.0,56.0,0.429,,0.6,0.1,0.0,1.0,0.3,0.0,158.0,7.0,10.0,0.7,0.0,0.0,,5.0,,1.0,3.0,0.7,7.0,10.0,0.7,4.0,4.0,1.0,6.0,0.0,56.0,3.0,5.0,18.0,156.0,1.0,3.0,6.0,0.0
houseda01,Danuel House Jr.,https://www.basketball-reference.com/players/h/houseda01.html,2021-22,2022,28.0,3TM,SF,SF,68.0,SF,42.0,7.0,727.0,36.0,81.0,0.444,44.0,117.0,0.376,44.0,,17.0,93.0,0.515,80.0,198.0,0.404,44.0,58.0,0.759,18.0,51.0,248.0,335.0,21.0,33.0,111.0,0.0,0.9,1.9,0.444,1.0,2.8,0.376,1.0,,0.4,2.2,0.515,1.9,4.7,0.404,1.0,1.4,0.759,42.0,7.0,17.3,0.4,1.2,5.9,345.0,0.5,0.8,2.6,1.8,4.0,0.444,2.2,5.8,0.376,2.2,,0.8,4.6,0.515,4.0,9.8,0.404,2.2,2.9,0.759,42.0,7.0,727.0,0.9,2.5,12.3,329.0,1.0,1.6,5.5,2.4,5.4,0.444,3.0,7.9,0.376,3.0,,1.1,6.2,113.0,0.515,5.4,13.3,0.404,3.0,3.9,0.759,42.0,7.0,727.0,1.2,108.0,3.4,16.7,329.0,1.4,2.2,7.5,0.591,8.4,,2.1,-1.1,0.2,13.8,0.7,0.293,42.0,7.0,727.0,-1.3,2.8,0.4,10.6,329.0,1.4,12.9,8.4,0.555,15.2,0.2,1.0,0.068,,0,27,6,22,42,7,3,12,106,727,2.0,3.0,0,32,0,65,3,329,21,9,1.0,0.0,,0.377,0.521,20.0,7.0,0.061,0.404,0.634,0.333,0.375,0.444,0.174,0.376,42.0,7.0,727.0,0.75,0.932,0.207,0.045,0.04,0.409,0.116,0.591,329.0,-6.6,-5.0,,42.0,7.0,83.0,148.0,106.0,97.0,88.0,98.0,118.0,98.0,727.0,329.0,0.444,0.591,0.376,0.515,0.404,0.759,0.293,0.555,,6.0,0.0,110.0,114.0,57.0,85.0,89.0,97.0,147.0,90.0,112.0,125.0,0.583,0.455,0.2,0.455,0.409,0.75,0.364,0.509,0.455,5.5,,1.1,-3.4,-0.7,15.5,0.0,0.364,6.0,0.0,112.0,-2.7,2.1,-0.1,5.2,125.0,0.0,19.0,8.8,0.509,13.2,0.0,-0.1,-0.027,,1.0,3.0,1.0,3.0,6.0,0.0,0.0,0.0,11.0,112.0,24.2,9.0,0.0,11.0,0.0,88.0,2.0,125.0,3.0,2.0,3.3,5.7,0.583,0.9,4.7,0.2,1.9,,0.5,7.1,118.0,0.455,4.2,10.4,0.409,2.8,3.8,0.75,6.0,0.0,112.0,0.9,92.0,3.3,12.2,125.0,0.0,2.8,8.0,2.3,3.9,0.583,0.6,3.2,0.2,1.3,,0.3,4.8,0.455,2.9,7.1,0.409,1.9,2.6,0.75,6.0,0.0,112.0,0.6,2.3,8.4,125.0,0.0,1.9,5.5,1.2,2.0,0.583,0.3,1.7,0.2,0.7,,0.2,2.5,0.455,1.5,3.7,0.409,1.0,1.3,0.75,6.0,0.0,18.7,0.3,1.2,4.3,128.0,0.0,1.0,2.8,1.0,0.0,,0.333,0.6,14.7,2.0,0.091,0.409,0.8,,0.0,0.583,0.5,0.2,6.0,0.0,112.0,0.857,1.0,0.227,0.0,0.045,0.545,0.273,0.455,125.0,7.0,12.0,0.583,2.0,10.0,0.2,4.0,,1.0,15.0,0.455,9.0,22.0,0.409,6.0,8.0,0.75,6.0,0.0,112.0,2.0,7.0,26.0,133.0,0.0,6.0,17.0,0.0
mykhasv01,Svi Mykhailiuk,https://www.basketball-reference.com/players/m/mykhasv01.html,2021-22,2022,24.0,TOR,SF,SF,69.0,SF,56.0,5.0,716.0,50.0,100.0,0.5,41.0,134.0,0.306,45.0,,4.0,72.0,0.476,91.0,234.0,0.389,32.0,37.0,0.865,20.0,54.0,255.0,331.0,26.0,32.0,92.0,0.0,0.9,1.8,0.5,0.7,2.4,0.306,0.8,,0.1,1.3,0.476,1.6,4.2,0.389,0.6,0.7,0.865,56.0,5.0,12.8,0.4,1.0,4.6,398.0,0.5,0.6,1.6,2.5,5.0,0.5,2.1,6.7,0.306,2.3,,0.2,3.6,0.476,4.6,11.8,0.389,1.6,1.9,0.865,56.0,5.0,716.0,1.0,2.7,12.8,331.0,1.3,1.6,4.6,3.5,7.0,0.5,2.9,9.4,0.306,3.1,,0.3,5.0,113.0,0.476,6.4,16.3,0.389,2.2,2.6,0.865,56.0,5.0,716.0,1.4,104.0,3.8,17.8,331.0,1.8,2.2,6.4,0.573,8.8,,0.5,-2.9,-0.2,11.5,0.7,0.158,56.0,5.0,716.0,-2.7,2.9,0.1,9.6,331.0,1.8,11.3,7.0,0.509,16.9,-0.2,0.8,0.052,,2,24,6,15,56,5,2,11,110,716,-10.7,-6.5,1,5,3,54,37,331,14,11,0.0,0.0,,0.41,0.291,16.8,6.0,0.034,0.389,0.571,0.286,0.333,0.5,0.522,0.306,56.0,5.0,716.0,0.54,0.927,0.209,0.06,0.051,0.427,0.098,0.573,331.0,-25.8,-28.3,,56.0,5.0,94.0,143.0,87.0,90.0,84.0,112.0,64.0,90.0,716.0,331.0,0.5,0.573,0.306,0.476,0.389,0.865,0.158,0.509,,3.0,0.0,,250.0,0.0,0.0,0.0,129.0,201.0,36.0,5.0,208.0,,1.0,0.0,0.0,0.0,1.0,0.5,0.205,1.0,0.0,,0.0,-21.4,-5.0,27.3,0.0,0.5,3.0,0.0,5.0,-16.4,0.0,0.0,-9.0,208.0,0.0,0.0,12.3,0.205,22.6,0.0,0.0,-0.307,,0.0,0.0,0.0,0.0,3.0,0.0,0.0,0.0,0.0,5.0,-92.4,-100.0,0.0,100.0,0.0,0.0,0.0,208.0,0.0,0.0,0.0,0.0,,0.0,21.1,0.0,0.0,,0.0,10.5,122.0,0.0,0.0,21.1,0.0,10.5,10.5,1.0,3.0,0.0,5.0,0.0,49.0,10.5,10.5,208.0,0.0,0.0,10.5,0.0,0.0,,0.0,14.4,0.0,0.0,,0.0,7.2,0.0,0.0,14.4,0.0,7.2,7.2,1.0,3.0,0.0,5.0,0.0,7.2,7.2,208.0,0.0,0.0,7.2,0.0,0.0,,0.0,0.7,0.0,0.0,,0.0,0.3,0.0,0.0,0.7,0.0,0.3,0.3,1.0,3.0,0.0,1.7,0.0,0.3,0.3,203.0,0.0,0.0,0.3,0.0,0.0,,0.0,0.5,25.2,0.0,0.0,0.0,,,,,,0.0,3.0,0.0,5.0,,,0.0,0.0,0.0,0.0,0.0,1.0,208.0,0.0,0.0,,0.0,2.0,0.0,0.0,,0.0,1.0,0.0,0.0,2.0,0.0,1.0,1.0,1.0,3.0,0.0,5.0,0.0,1.0,1.0,205.0,0.0,0.0,1.0,0.0
krejcvi01,Vít Krejčí,https://www.basketball-reference.com/players/k/krejcvi01.html,2021-22,2022,21.0,OKC,SG,SF,70.0,SF,30.0,8.0,690.0,36.0,69.0,0.522,32.0,98.0,0.327,57.0,,8.0,83.0,0.503,68.0,167.0,0.407,19.0,22.0,0.864,18.0,65.0,187.0,367.0,19.0,29.0,101.0,0.0,1.2,2.3,0.522,1.1,3.3,0.327,1.9,,0.3,2.8,0.503,2.3,5.6,0.407,0.6,0.7,0.864,30.0,8.0,23.0,0.6,2.2,6.2,332.0,0.6,1.0,3.4,1.9,3.6,0.522,1.7,5.1,0.327,3.0,,0.4,4.3,0.503,3.5,8.7,0.407,1.0,1.1,0.864,30.0,8.0,690.0,0.9,3.4,9.8,340.0,1.0,1.5,5.3,2.5,4.9,0.522,2.3,6.9,0.327,4.0,,0.6,5.9,115.0,0.503,4.8,11.8,0.407,1.3,1.6,0.864,30.0,8.0,690.0,1.3,105.0,4.6,13.2,340.0,1.3,2.0,7.1,0.587,11.9,,1.1,-5.3,-1.0,12.6,0.5,0.132,30.0,8.0,690.0,-4.3,2.6,0.1,8.5,340.0,1.3,14.1,7.5,0.529,12.9,-0.6,0.6,0.042,,2,34,3,12,30,8,2,9,140,690,-4.8,-12.2,0,18,0,63,19,340,16,7,1.0,0.0,,0.474,0.194,17.5,5.0,0.03,0.407,0.824,0.0,0.429,0.522,0.442,0.327,30.0,8.0,690.0,0.556,0.906,0.102,0.012,0.042,0.413,0.257,0.587,340.0,-9.6,-13.0,,30.0,8.0,98.0,147.0,92.0,95.0,88.0,111.0,53.0,93.0,690.0,340.0,0.522,0.587,0.327,0.503,0.407,0.864,0.132,0.529,,,,,,,,,,,,,,,,,,,,,,,,,,,,,,,,,,,,,,,,,,,,,,,,,,,,,,,,,,,,,,,,,,,,,,,,,,,,,,,,,,,,,,,,,,,,,,,,,,,,,,,,,,,,,,,,,,,,,,,,,,,,,,,,,,,,,,,,,,,,,,,,,,,,,,,,,,,,,,,,,,,,,,,,,,,,,,,,,,,,,,,,,,,,,,,,,,,,,,,,,,,,,
luwawti01,Timothé Luwawu-Cabarrot,https://www.basketball-reference.com/players/l/luwawti01.html,2021-22,2022,26.0,ATL,SF,SF,71.0,SF,52.0,18.0,685.0,30.0,64.0,0.469,44.0,122.0,0.361,40.0,,6.0,65.0,0.516,74.0,186.0,0.398,35.0,41.0,0.854,17.0,76.0,227.0,344.0,18.0,20.0,82.0,0.0,0.6,1.2,0.469,0.8,2.3,0.361,0.8,,0.1,1.3,0.516,1.4,3.6,0.398,0.7,0.8,0.854,52.0,18.0,13.2,0.3,1.5,4.4,404.0,0.3,0.4,1.6,1.6,3.4,0.469,2.3,6.4,0.361,2.1,,0.3,3.4,0.516,3.9,9.8,0.398,1.8,2.2,0.854,52.0,18.0,685.0,0.9,4.0,11.9,342.0,0.9,1.1,4.3,2.2,4.6,0.469,3.2,8.8,0.361,2.9,,0.4,4.7,117.0,0.516,5.3,13.3,0.398,2.5,2.9,0.854,52.0,18.0,685.0,1.2,113.0,5.5,16.3,342.0,1.3,1.4,5.9,0.656,7.7,,0.8,-3.3,-1.0,10.3,0.3,0.22,52.0,18.0,685.0,-2.3,2.7,0.6,9.3,342.0,1.3,8.9,6.6,0.556,14.3,-0.2,0.9,0.061,,2,37,8,20,52,18,4,9,99,685,-5.4,-2.6,0,15,0,83,2,342,13,3,0.0,0.0,,0.464,0.459,17.5,6.0,0.032,0.398,0.512,0.429,0.333,0.469,0.385,0.361,52.0,18.0,685.0,0.7,0.977,0.22,0.038,0.016,0.344,0.07,0.656,342.0,-5.8,-4.0,,52.0,18.0,88.0,164.0,102.0,97.0,86.0,110.0,89.0,98.0,685.0,342.0,0.469,0.656,0.361,0.516,0.398,0.854,0.22,0.556,,4.0,0.0,188.0,188.0,94.0,118.0,108.0,,0.0,110.0,22.0,177.0,1.0,0.75,0.333,0.625,0.5,,0.0,0.625,0.75,14.5,,0.0,-4.5,1.0,16.8,0.0,0.0,4.0,0.0,22.0,-5.5,0.0,0.0,3.9,177.0,0.0,20.0,8.2,0.625,10.5,0.0,0.0,0.037,,1.0,3.0,0.0,0.0,4.0,0.0,0.0,0.0,6.0,22.0,11.5,-3.1,0.0,0.0,0.0,100.0,0.0,177.0,0.0,0.0,2.3,2.3,1.0,2.3,6.9,0.333,4.6,,0.0,6.9,118.0,0.625,4.6,9.2,0.5,0.0,0.0,,4.0,0.0,22.0,0.0,111.0,13.8,11.5,177.0,0.0,2.3,6.9,1.6,1.6,1.0,1.6,4.9,0.333,3.3,,0.0,4.9,0.625,3.3,6.5,0.5,0.0,0.0,,4.0,0.0,22.0,0.0,9.8,8.2,177.0,0.0,1.6,4.9,0.3,0.3,1.0,0.3,0.8,0.333,0.5,,0.0,0.8,0.625,0.5,1.0,0.5,0.0,0.0,,4.0,0.0,5.5,0.0,1.5,1.3,182.0,0.0,0.3,0.8,0.0,0.0,,0.5,0.667,18.5,0.0,0.0,0.5,1.0,,,1.0,,0.333,4.0,0.0,22.0,0.0,1.0,0.25,0.0,0.0,0.25,0.0,0.75,177.0,1.0,1.0,1.0,1.0,3.0,0.333,2.0,,0.0,3.0,0.625,2.0,4.0,0.5,0.0,0.0,,4.0,0.0,22.0,0.0,6.0,5.0,188.0,0.0,1.0,3.0,0.0
reedda01,Davon Reed,https://www.basketball-reference.com/players/r/reedda01.html,2021-22,2022,26.0,DEN,SG,SF,72.0,SF,48.0,5.0,668.0,44.0,75.0,0.587,37.0,86.0,0.43,53.0,,9.0,94.0,0.618,81.0,161.0,0.503,10.0,15.0,0.667,14.0,63.0,209.0,352.0,24.0,16.0,108.0,0.0,0.9,1.6,0.587,0.8,1.8,0.43,1.1,,0.2,2.0,0.618,1.7,3.4,0.503,0.2,0.3,0.667,48.0,5.0,13.9,0.3,1.3,4.4,407.0,0.5,0.3,2.3,2.4,4.0,0.587,2.0,4.6,0.43,2.9,,0.5,5.1,0.618,4.4,8.7,0.503,0.5,0.8,0.667,48.0,5.0,668.0,0.8,3.4,11.3,343.0,1.3,0.9,5.8,3.2,5.5,0.587,2.7,6.3,0.43,3.9,,0.7,6.9,112.0,0.618,5.9,11.8,0.503,0.7,1.1,0.667,48.0,5.0,668.0,1.0,123.0,4.6,15.3,343.0,1.8,1.2,7.9,0.534,10.7,,1.2,-0.3,0.3,15.2,0.7,0.093,48.0,5.0,668.0,-0.6,2.4,0.9,12.2,343.0,1.8,8.7,9.0,0.624,12.1,0.3,1.6,0.117,,2,37,0,7,48,5,3,4,134,668,-2.4,0.3,0,22,0,67,11,343,6,4,0.0,0.0,,0.385,0.302,18.0,2.0,0.025,0.503,0.688,0.583,0.619,0.587,0.5,0.43,48.0,5.0,668.0,0.591,0.919,0.099,0.075,0.13,0.466,0.161,0.534,343.0,27.8,19.3,,48.0,5.0,110.0,134.0,122.0,116.0,109.0,86.0,38.0,110.0,668.0,343.0,0.587,0.534,0.43,0.618,0.503,0.667,0.093,0.624,,,,,,,,,,,,,,,,,,,,,,,,,,,,,,,,,,,,,,,,,,,,,,,,,,,,,,,,,,,,,,,,,,,,,,,,,,,,,,,,,,,,,,,,,,,,,,,,,,,,,,,,,,,,,,,,,,,,,,,,,,,,,,,,,,,,,,,,,,,,,,,,,,,,,,,,,,,,,,,,,,,,,,,,,,,,,,,,,,,,,,,,,,,,,,,,,,,,,,,,,,,,,
brownst02,Sterling Brown,https://www.basketball-reference.com/players/b/brownst02.html,2021-22,2022,26.0,DAL,SG,SF,73.0,SF,49.0,3.0,628.0,31.0,63.0,0.492,28.0,92.0,0.304,34.0,,7.0,123.0,0.471,59.0,155.0,0.381,14.0,15.0,0.933,26.0,56.0,160.0,385.0,14.0,23.0,149.0,0.0,0.6,1.3,0.492,0.6,1.9,0.304,0.7,,0.1,2.5,0.471,1.2,3.2,0.381,0.3,0.3,0.933,49.0,3.0,12.8,0.5,1.1,3.3,467.0,0.3,0.5,3.0,1.8,3.6,0.492,1.6,5.3,0.304,1.9,,0.4,7.1,0.471,3.4,8.9,0.381,0.8,0.9,0.933,49.0,3.0,628.0,1.5,3.2,9.2,350.0,0.8,1.3,8.5,2.5,5.0,0.492,2.2,7.4,0.304,2.7,,0.6,9.9,109.0,0.471,4.7,12.4,0.381,1.1,1.2,0.933,49.0,3.0,628.0,2.1,102.0,4.5,12.8,350.0,1.1,1.8,11.9,0.594,7.5,,1.0,-2.9,0.5,21.8,0.9,0.097,49.0,3.0,628.0,-3.4,4.6,-0.1,8.4,350.0,1.1,12.5,13.2,0.495,13.2,-0.1,0.8,0.061,,2,26,1,6,49,3,1,13,83,628,-2.1,1.8,0,28,0,58,15,350,9,9,1.0,0.0,,0.239,0.5,17.1,0.0,0.013,0.381,0.625,0.333,0.571,0.492,0.278,0.304,49.0,3.0,628.0,0.774,0.857,0.206,0.039,0.045,0.406,0.116,0.594,350.0,-18.8,-22.9,,49.0,3.0,92.0,149.0,86.0,89.0,83.0,120.0,39.0,87.0,628.0,350.0,0.492,0.594,0.304,0.471,0.381,0.933,0.097,0.495,,9.0,0.0,94.0,100.0,0.0,56.0,65.0,92.0,282.0,74.0,26.0,171.0,0.5,0.4,0.0,0.3,0.3,0.714,0.7,0.42,0.4,18.0,,7.0,7.0,7.9,32.2,0.1,0.7,9.0,0.0,26.0,-0.9,4.5,-0.1,20.3,171.0,8.0,18.7,18.1,0.42,29.3,0.1,0.0,0.001,,0.0,0.0,1.0,2.0,9.0,0.0,1.0,1.0,8.0,26.0,-14.7,-13.6,0.0,55.0,0.0,44.0,1.0,171.0,1.0,2.0,6.0,12.0,0.5,0.0,8.0,0.0,6.0,,4.0,14.0,92.0,0.3,6.0,19.9,0.3,10.0,14.0,0.714,9.0,0.0,26.0,2.0,84.0,0.0,21.9,171.0,8.0,6.0,16.0,4.2,8.3,0.5,0.0,5.5,0.0,4.2,,2.8,9.7,0.3,4.2,13.8,0.3,6.9,9.7,0.714,9.0,0.0,26.0,1.4,0.0,15.2,171.0,5.5,4.2,11.1,0.3,0.7,0.5,0.0,0.4,0.0,0.3,,0.2,0.8,0.3,0.3,1.1,0.3,0.6,0.8,0.714,9.0,0.0,2.9,0.1,0.0,1.2,184.0,0.4,0.3,0.9,0.0,0.0,,0.0,0.25,13.6,0.0,0.0,0.3,1.0,,,0.5,0.4,0.0,9.0,0.0,26.0,1.0,,0.1,0.0,0.0,0.6,0.5,0.4,171.0,3.0,6.0,0.5,0.0,4.0,0.0,3.0,,2.0,7.0,0.3,3.0,10.0,0.3,5.0,7.0,0.714,9.0,0.0,26.0,1.0,0.0,11.0,164.0,4.0,3.0,8.0,0.0
nwabada01,David Nwaba,https://www.basketball-reference.com/players/n/nwabada01.html,2021-22,2022,29.0,HOU,SF,SF,74.0,SF,46.0,4.0,609.0,70.0,127.0,0.551,15.0,49.0,0.306,35.0,,20.0,110.0,0.526,85.0,176.0,0.483,48.0,67.0,0.716,41.0,55.0,233.0,340.0,28.0,21.0,151.0,0.0,1.5,2.8,0.551,0.3,1.1,0.306,0.8,,0.4,2.4,0.526,1.8,3.8,0.483,1.0,1.5,0.716,46.0,4.0,13.2,0.9,1.2,5.1,384.0,0.6,0.5,3.3,4.1,7.5,0.551,0.9,2.9,0.306,2.1,,1.2,6.5,0.526,5.0,10.4,0.483,2.8,4.0,0.716,46.0,4.0,609.0,2.4,3.3,13.8,355.0,1.7,1.2,8.9,5.5,9.9,0.551,1.2,3.8,0.306,2.7,,1.6,8.6,113.0,0.526,6.6,13.8,0.483,3.8,5.2,0.716,46.0,4.0,609.0,3.2,117.0,4.3,18.2,355.0,2.2,1.6,11.8,0.278,8.5,,2.9,-0.6,0.0,20.0,0.5,0.381,46.0,4.0,609.0,-0.6,7.4,0.8,15.3,355.0,2.2,9.3,13.6,0.567,15.8,0.2,1.3,0.105,,2,29,2,32,46,4,5,23,83,609,-0.4,-9.3,2,29,0,65,4,355,11,5,0.0,0.0,,0.3,0.408,9.0,22.0,0.125,0.483,0.656,0.333,,0.551,0.294,0.306,46.0,4.0,609.0,0.543,1.0,0.511,0.017,0.0,0.722,0.193,0.278,355.0,-2.2,0.4,,46.0,4.0,103.0,70.0,87.0,99.0,105.0,92.0,153.0,100.0,609.0,355.0,0.551,0.278,0.306,0.526,0.483,0.716,0.381,0.567,,,,,,,,,,,,,,,,,,,,,,,,,,,,,,,,,,,,,,,,,,,,,,,,,,,,,,,,,,,,,,,,,,,,,,,,,,,,,,,,,,,,,,,,,,,,,,,,,,,,,,,,,,,,,,,,,,,,,,,,,,,,,,,,,,,,,,,,,,,,,,,,,,,,,,,,,,,,,,,,,,,,,,,,,,,,,,,,,,,,,,,,,,,,,,,,,,,,,,,,,,,,,
iguodan01,Andre Iguodala,https://www.basketball-reference.com/players/i/iguodan01.html,2021-22,2022,38.0,GSW,SF,SF,75.0,SF,31.0,0.0,603.0,29.0,47.0,0.617,17.0,74.0,0.23,114.0,,22.0,79.0,0.45,46.0,121.0,0.38,15.0,20.0,0.75,21.0,34.0,124.0,410.0,27.0,28.0,100.0,0.0,0.9,1.5,0.617,0.5,2.4,0.23,3.7,,0.7,2.5,0.45,1.5,3.9,0.38,0.5,0.6,0.75,31.0,0.0,19.5,0.7,1.1,4.0,432.0,0.9,0.9,3.2,1.7,2.8,0.617,1.0,4.4,0.23,6.8,,1.3,4.7,0.45,2.7,7.2,0.38,0.9,1.2,0.75,31.0,0.0,603.0,1.3,2.0,7.4,358.0,1.6,1.7,6.0,2.3,3.8,0.617,1.4,6.0,0.23,9.2,,1.8,6.4,106.0,0.45,3.7,9.8,0.38,1.2,1.6,0.75,31.0,0.0,603.0,1.7,114.0,2.7,10.0,358.0,2.2,2.3,8.1,0.612,24.7,,3.5,2.7,3.7,13.9,1.1,0.165,31.0,0.0,603.0,-0.9,3.9,0.5,12.3,358.0,2.2,17.7,9.1,0.478,11.4,0.7,1.6,0.125,,0,19,8,6,31,0,0,2,275,603,5.2,10.2,1,21,1,64,13,358,22,4,3.0,0.0,,0.24,0.338,18.1,17.0,0.157,0.38,0.76,0.0,0.4,0.617,0.571,0.23,31.0,0.0,603.0,0.621,0.941,0.207,0.025,0.041,0.388,0.116,0.612,358.0,-19.7,-22.9,,31.0,0.0,116.0,153.0,65.0,85.0,82.0,97.0,67.0,84.0,603.0,358.0,0.617,0.612,0.23,0.45,0.38,0.75,0.165,0.478,,7.0,0.0,94.0,83.0,94.0,94.0,96.0,86.0,134.0,94.0,61.0,151.0,0.5,0.333,0.333,0.5,0.444,0.667,0.333,0.533,0.333,24.7,,3.3,-2.2,0.5,7.2,0.0,0.333,7.0,0.0,61.0,-2.7,5.7,0.1,8.0,151.0,0.0,27.9,6.4,0.533,10.3,0.0,0.1,0.077,,0.0,8.0,0.0,1.0,7.0,0.0,1.0,0.0,26.0,61.0,-16.2,-9.9,0.0,17.0,0.0,82.0,1.0,151.0,4.0,0.0,2.4,4.9,0.5,0.8,2.4,0.333,9.7,,1.6,3.2,115.0,0.5,3.2,7.3,0.444,1.6,2.4,0.667,7.0,0.0,61.0,2.4,116.0,8.9,8.9,151.0,0.0,3.2,5.7,1.8,3.5,0.5,0.6,1.8,0.333,7.1,,1.2,2.4,0.5,2.4,5.3,0.444,1.2,1.8,0.667,7.0,0.0,61.0,1.8,6.5,6.5,151.0,0.0,2.4,4.1,0.4,0.9,0.5,0.1,0.4,0.333,1.7,,0.3,0.6,0.5,0.6,1.3,0.444,0.3,0.4,0.667,7.0,0.0,8.7,0.4,1.6,1.6,176.0,0.0,0.6,1.0,0.0,0.0,,,0.0,17.0,2.0,0.222,0.444,1.0,0.0,0.5,0.5,1.0,0.333,7.0,0.0,61.0,0.667,1.0,0.111,0.222,0.222,0.667,0.111,0.333,151.0,3.0,6.0,0.5,1.0,3.0,0.333,12.0,,2.0,4.0,0.5,4.0,9.0,0.444,2.0,3.0,0.667,7.0,0.0,61.0,3.0,11.0,11.0,165.0,0.0,4.0,7.0,0.0
nesmiaa01,Aaron Nesmith,https://www.basketball-reference.com/players/n/nesmiaa01.html,2021-22,2022,22.0,BOS,SF,SF,76.0,SF,52.0,3.0,574.0,41.0,67.0,0.612,31.0,115.0,0.27,22.0,,5.0,74.0,0.481,72.0,182.0,0.396,21.0,26.0,0.808,15.0,70.0,196.0,363.0,20.0,31.0,89.0,0.0,0.8,1.3,0.612,0.6,2.2,0.27,0.4,,0.1,1.4,0.481,1.4,3.5,0.396,0.4,0.5,0.808,52.0,3.0,11.0,0.3,1.3,3.8,442.0,0.4,0.6,1.7,2.6,4.2,0.612,1.9,7.2,0.27,1.4,,0.3,4.6,0.481,4.5,11.4,0.396,1.3,1.6,0.808,52.0,3.0,574.0,0.9,4.4,12.3,361.0,1.3,1.9,5.6,3.5,5.8,0.612,2.7,10.0,0.27,1.9,,0.4,6.4,108.0,0.481,6.2,15.8,0.396,1.8,2.3,0.808,52.0,3.0,574.0,1.3,95.0,6.1,17.0,361.0,1.7,2.7,7.7,0.632,5.4,,0.8,-4.3,0.7,13.6,0.9,0.143,52.0,3.0,574.0,-4.9,2.9,-0.4,7.3,361.0,1.7,13.8,8.4,0.507,17.2,-0.3,0.4,0.038,,3,39,6,15,52,3,7,2,53,574,-3.8,4.5,0,7,1,63,30,361,17,5,0.0,0.0,,0.205,0.383,18.4,5.0,0.027,0.396,0.87,0.167,0.7,0.612,0.464,0.27,52.0,3.0,574.0,0.805,0.935,0.126,0.033,0.055,0.368,0.154,0.632,361.0,-18.5,-23.0,,52.0,3.0,115.0,158.0,76.0,90.0,86.0,104.0,58.0,90.0,574.0,361.0,0.612,0.632,0.27,0.481,0.396,0.808,0.143,0.507,,15.0,0.0,94.0,162.0,26.0,50.0,51.0,97.0,95.0,57.0,52.0,160.0,0.5,0.647,0.091,0.265,0.235,0.75,0.235,0.32,0.647,8.4,,7.0,-1.7,2.7,23.0,0.1,0.235,15.0,0.0,52.0,-4.5,9.0,-0.1,8.9,160.0,1.9,5.1,16.2,0.32,17.1,0.0,0.0,0.026,,0.0,4.0,0.0,0.0,15.0,0.0,0.0,2.0,6.0,52.0,-3.1,0.8,0.0,0.0,0.0,33.0,68.0,160.0,1.0,0.0,2.9,5.8,0.5,1.0,10.7,0.091,2.9,,3.9,10.7,101.0,0.265,3.9,16.5,0.235,2.9,3.9,0.75,15.0,0.0,52.0,3.9,85.0,5.8,11.6,160.0,1.9,1.0,14.5,2.1,4.2,0.5,0.7,7.6,0.091,2.1,,2.8,7.6,0.265,2.8,11.8,0.235,2.1,2.8,0.75,15.0,0.0,52.0,2.8,4.2,8.3,160.0,1.4,0.7,10.4,0.2,0.4,0.5,0.1,0.7,0.091,0.2,,0.3,0.7,0.265,0.3,1.1,0.235,0.2,0.3,0.75,15.0,0.0,3.5,0.3,0.4,0.8,194.0,0.1,0.1,1.0,0.0,0.0,,0.0,0.273,19.4,0.0,0.0,0.235,0.0,1.0,0.0,0.5,0.667,0.091,15.0,0.0,52.0,1.0,1.0,0.059,0.059,0.059,0.353,0.176,0.647,160.0,3.0,6.0,0.5,1.0,11.0,0.091,3.0,,4.0,11.0,0.265,4.0,17.0,0.235,3.0,4.0,0.75,15.0,0.0,52.0,4.0,6.0,12.0,163.0,2.0,1.0,15.0,0.0
bazemke01,Kent Bazemore,https://www.basketball-reference.com/players/b/bazemke01.html,2021-22,2022,32.0,LAL,SF,SF,77.0,SF,39.0,14.0,545.0,16.0,59.0,0.271,29.0,80.0,0.363,34.0,,9.0,56.0,0.428,45.0,139.0,0.324,13.0,17.0,0.765,13.0,70.0,132.0,403.0,25.0,21.0,69.0,0.0,0.4,1.5,0.271,0.7,2.1,0.363,0.9,,0.2,1.4,0.428,1.2,3.6,0.324,0.3,0.4,0.765,39.0,14.0,14.0,0.3,1.8,3.4,459.0,0.6,0.5,1.8,1.1,3.9,0.271,1.9,5.3,0.363,2.2,,0.6,3.7,0.428,3.0,9.2,0.324,0.9,1.1,0.765,39.0,14.0,545.0,0.9,4.6,8.7,367.0,1.7,1.4,4.6,1.4,5.2,0.271,2.6,7.0,0.363,3.0,,0.8,4.9,113.0,0.428,4.0,12.2,0.324,1.1,1.5,0.765,39.0,14.0,545.0,1.1,93.0,6.2,11.6,367.0,2.2,1.8,6.1,0.576,8.1,,1.5,-4.3,0.8,11.0,0.5,0.122,39.0,14.0,545.0,-5.1,2.6,-0.4,6.0,367.0,2.2,12.5,6.8,0.451,13.2,-0.3,0.1,0.006,,1,35,6,7,39,14,1,0,82,545,-7.0,-9.1,0,18,0,65,17,367,14,4,2.0,0.0,,0.368,0.475,17.2,1.0,0.014,0.324,0.304,0.125,0.214,0.271,0.308,0.363,39.0,14.0,545.0,0.75,0.828,0.165,0.058,0.101,0.424,0.094,0.576,367.0,-28.8,-33.8,,39.0,14.0,51.0,144.0,103.0,81.0,70.0,99.0,49.0,80.0,545.0,367.0,0.271,0.576,0.363,0.428,0.324,0.765,0.122,0.451,,,,,,,,,,,,,,,,,,,,,,,,,,,,,,,,,,,,,,,,,,,,,,,,,,,,,,,,,,,,,,,,,,,,,,,,,,,,,,,,,,,,,,,,,,,,,,,,,,,,,,,,,,,,,,,,,,,,,,,,,,,,,,,,,,,,,,,,,,,,,,,,,,,,,,,,,,,,,,,,,,,,,,,,,,,,,,,,,,,,,,,,,,,,,,,,,,,,,,,,,,,,,
brazdig01,Ignas Brazdeikis,https://www.basketball-reference.com/players/b/brazdig01.html,2021-22,2022,23.0,ORL,SF,SF,78.0,SF,42.0,1.0,536.0,54.0,101.0,0.535,27.0,87.0,0.31,37.0,,3.0,49.0,0.503,81.0,188.0,0.431,21.0,32.0,0.656,23.0,48.0,210.0,351.0,10.0,17.0,72.0,0.0,1.3,2.4,0.535,0.6,2.1,0.31,0.9,,0.1,1.2,0.503,1.9,4.5,0.431,0.5,0.8,0.656,42.0,1.0,12.8,0.5,1.1,5.0,385.0,0.2,0.4,1.7,3.6,6.8,0.535,1.8,5.8,0.31,2.5,,0.2,3.3,0.503,5.4,12.6,0.431,1.4,2.1,0.656,42.0,1.0,536.0,1.5,3.2,14.1,370.0,0.7,1.1,4.8,4.9,9.1,0.535,2.4,7.9,0.31,3.3,,0.3,4.4,116.0,0.503,7.3,17.0,0.431,1.9,2.9,0.656,42.0,1.0,536.0,2.1,106.0,4.3,19.0,370.0,0.9,1.5,6.5,0.463,10.7,,0.5,-4.3,-1.6,9.7,0.3,0.17,42.0,1.0,536.0,-2.7,4.5,0.2,10.2,370.0,0.9,7.8,7.1,0.52,17.7,-0.3,0.5,0.041,,3,27,5,14,42,1,2,12,93,536,-8.8,-15.8,0,13,2,61,24,370,8,2,0.0,0.0,,0.31,0.333,14.0,0.0,0.005,0.431,0.636,0.2,0.667,0.535,0.421,0.31,42.0,1.0,536.0,0.574,0.926,0.293,0.027,0.016,0.537,0.202,0.463,370.0,-10.9,-18.8,,42.0,1.0,100.0,116.0,88.0,95.0,93.0,85.0,69.0,92.0,536.0,370.0,0.535,0.463,0.31,0.503,0.431,0.656,0.17,0.52,,,,,,,,,,,,,,,,,,,,,,,,,,,,,,,,,,,,,,,,,,,,,,,,,,,,,,,,,,,,,,,,,,,,,,,,,,,,,,,,,,,,,,,,,,,,,,,,,,,,,,,,,,,,,,,,,,,,,,,,,,,,,,,,,,,,,,,,,,,,,,,,,,,,,,,,,,,,,,,,,,,,,,,,,,,,,,,,,,,,,,,,,,,,,,,,,,,,,,,,,,,,,
daviste02,Terence Davis,https://www.basketball-reference.com/players/d/daviste02.html,2021-22,2022,24.0,SAC,SG,SF,78.0,SF,30.0,11.0,536.0,64.0,118.0,0.542,49.0,149.0,0.329,40.0,,11.0,83.0,0.515,113.0,267.0,0.423,36.0,44.0,0.818,11.0,70.0,311.0,306.0,25.0,33.0,94.0,0.0,2.1,3.9,0.542,1.6,5.0,0.329,1.3,,0.4,2.8,0.515,3.8,8.9,0.423,1.2,1.5,0.818,30.0,11.0,17.9,0.4,2.3,10.4,171.0,0.8,1.1,3.1,4.3,7.9,0.542,3.3,10.0,0.329,2.7,,0.7,5.6,0.515,7.6,17.9,0.423,2.4,3.0,0.818,30.0,11.0,536.0,0.7,4.7,20.9,371.0,1.7,2.2,6.3,5.7,10.6,0.542,4.4,13.4,0.329,3.6,,1.0,7.5,113.0,0.515,10.1,24.0,0.423,3.2,3.9,0.818,30.0,11.0,536.0,1.0,103.0,6.3,27.9,371.0,2.2,3.0,8.4,0.558,11.9,,1.8,-0.9,-0.4,17.0,0.5,0.165,30.0,11.0,536.0,-0.6,2.2,0.0,14.6,371.0,2.2,10.3,9.5,0.543,25.6,0.2,0.5,0.044,,5,33,2,19,30,11,8,12,92,536,12.8,5.6,0,3,0,51,47,371,16,5,1.0,0.0,,0.367,0.201,15.8,7.0,0.037,0.423,0.712,0.375,0.5,0.542,0.375,0.329,30.0,11.0,536.0,0.563,0.796,0.221,0.03,0.03,0.442,0.15,0.558,371.0,-8.9,-13.2,,30.0,11.0,102.0,140.0,93.0,97.0,92.0,106.0,66.0,96.0,536.0,371.0,0.542,0.558,0.329,0.515,0.423,0.818,0.165,0.543,,,,,,,,,,,,,,,,,,,,,,,,,,,,,,,,,,,,,,,,,,,,,,,,,,,,,,,,,,,,,,,,,,,,,,,,,,,,,,,,,,,,,,,,,,,,,,,,,,,,,,,,,,,,,,,,,,,,,,,,,,,,,,,,,,,,,,,,,,,,,,,,,,,,,,,,,,,,,,,,,,,,,,,,,,,,,,,,,,,,,,,,,,,,,,,,,,,,,,,,,,,,,
okogijo01,Josh Okogie,https://www.basketball-reference.com/players/o/okogijo01.html,2021-22,2022,23.0,MIN,SG,SF,80.0,SF,49.0,6.0,516.0,28.0,57.0,0.491,14.0,47.0,0.298,25.0,,12.0,41.0,0.471,42.0,104.0,0.404,35.0,51.0,0.686,29.0,53.0,133.0,401.0,26.0,23.0,70.0,0.0,0.6,1.2,0.491,0.3,1.0,0.298,0.5,,0.2,0.8,0.471,0.9,2.1,0.404,0.7,1.0,0.686,49.0,6.0,10.5,0.6,1.1,2.7,498.0,0.5,0.5,1.4,2.0,4.0,0.491,1.0,3.3,0.298,1.7,,0.8,2.9,0.471,2.9,7.3,0.404,2.4,3.6,0.686,49.0,6.0,516.0,2.0,3.7,9.3,372.0,1.8,1.6,4.9,2.6,5.3,0.491,1.3,4.3,0.298,2.3,,1.1,3.8,112.0,0.471,3.9,9.6,0.404,3.2,4.7,0.686,49.0,6.0,516.0,2.7,107.0,4.9,12.3,372.0,2.4,2.1,6.5,0.452,6.2,,2.2,-2.7,0.9,8.7,0.5,0.49,49.0,6.0,516.0,-3.7,5.9,0.1,9.0,372.0,2.4,15.4,7.3,0.526,12.1,-0.1,0.7,0.062,,3,26,19,23,49,6,5,10,61,516,0.6,3.0,0,4,3,54,40,372,10,6,0.0,0.0,,0.182,0.468,12.3,9.0,0.115,0.404,0.526,0.0,,0.491,0.444,0.298,49.0,6.0,516.0,0.607,1.0,0.365,0.01,0.0,0.548,0.173,0.452,372.0,-12.6,-10.1,,49.0,6.0,92.0,113.0,84.0,89.0,88.0,89.0,198.0,93.0,516.0,372.0,0.491,0.452,0.298,0.471,0.404,0.686,0.49,0.526,,1.0,0.0,,,,,,,,,2.0,214.0,,,,,,,,,,0.0,,0.0,-4.8,-2.3,0.0,0.0,,1.0,0.0,2.0,-2.6,0.0,0.0,0.0,214.0,0.0,,0.0,,0.0,0.0,0.0,-0.01,,0.0,0.0,0.0,0.0,1.0,0.0,0.0,0.0,0.0,2.0,45.0,40.0,0.0,0.0,0.0,100.0,0.0,214.0,0.0,0.0,0.0,0.0,,0.0,0.0,,0.0,,0.0,0.0,122.0,,0.0,0.0,,0.0,0.0,,1.0,0.0,2.0,0.0,,0.0,0.0,214.0,0.0,0.0,0.0,0.0,0.0,,0.0,0.0,,0.0,,0.0,0.0,,0.0,0.0,,0.0,0.0,,1.0,0.0,2.0,0.0,0.0,0.0,214.0,0.0,0.0,0.0,0.0,0.0,,0.0,0.0,,0.0,,0.0,0.0,,0.0,0.0,,0.0,0.0,,1.0,0.0,2.0,0.0,0.0,0.0,214.0,0.0,0.0,0.0,0.0,0.0,,,,,0.0,,,,,,,,,1.0,0.0,2.0,,,,,,,,,214.0,0.0,0.0,,0.0,0.0,,0.0,,0.0,0.0,,0.0,0.0,,0.0,0.0,,1.0,0.0,2.0,0.0,0.0,0.0,214.0,0.0,0.0,0.0,0.0
antetth01,Thanasis Antetokounmpo,https://www.basketball-reference.com/players/a/antetth01.html,2021-22,2022,29.0,MIL,SF,SF,81.0,SF,48.0,6.0,473.0,68.0,114.0,0.596,2.0,14.0,0.143,22.0,,12.0,61.0,0.555,70.0,128.0,0.547,29.0,46.0,0.63,40.0,68.0,171.0,375.0,16.0,26.0,101.0,0.0,1.4,2.4,0.596,0.0,0.3,0.143,0.5,,0.3,1.3,0.555,1.5,2.7,0.547,0.6,1.0,0.63,48.0,6.0,9.9,0.8,1.4,3.6,451.0,0.3,0.5,2.1,5.2,8.7,0.596,0.2,1.1,0.143,1.7,,0.9,4.6,0.555,5.3,9.7,0.547,2.2,3.5,0.63,48.0,6.0,473.0,3.0,5.2,13.0,377.0,1.2,2.0,7.7,6.9,11.6,0.596,0.2,1.4,0.143,2.2,,1.2,6.2,112.0,0.555,7.1,13.0,0.547,2.9,4.7,0.63,48.0,6.0,473.0,4.1,113.0,6.9,17.4,377.0,1.6,2.6,10.3,0.109,6.5,,2.4,-3.5,-0.1,13.4,0.5,0.359,48.0,6.0,473.0,-3.5,9.2,0.4,12.5,377.0,1.6,14.9,11.3,0.577,15.7,-0.2,0.9,0.095,,4,33,6,20,48,6,2,12,53,473,-15.6,-10.6,1,21,0,56,22,377,8,6,1.0,0.0,,0.167,0.429,5.2,24.0,0.219,0.547,0.69,0.2,1.0,0.596,0.333,0.143,48.0,6.0,473.0,0.618,0.5,0.656,0.039,0.008,0.891,0.164,0.109,377.0,5.9,3.2,,48.0,6.0,112.0,27.0,40.0,104.0,119.0,81.0,145.0,102.0,473.0,377.0,0.596,0.109,0.143,0.555,0.547,0.63,0.359,0.577,,8.0,0.0,125.0,0.0,,125.0,145.0,43.0,403.0,102.0,20.0,179.0,0.667,0.0,,0.667,0.667,0.333,1.0,0.579,0.0,7.1,,0.0,-0.7,3.2,14.8,0.0,1.0,8.0,0.0,20.0,-3.9,5.3,0.0,11.2,179.0,2.4,0.0,10.2,0.579,9.4,0.0,0.1,0.178,,0.0,3.0,0.0,2.0,8.0,0.0,1.0,0.0,2.0,20.0,-23.6,-21.4,0.0,23.0,0.0,77.0,0.0,179.0,0.0,0.0,4.9,7.3,0.667,0.0,0.0,,2.4,,0.0,7.3,102.0,0.667,4.9,7.3,0.667,2.4,7.3,0.333,8.0,0.0,20.0,2.4,130.0,9.8,12.2,179.0,2.4,0.0,9.8,3.6,5.4,0.667,0.0,0.0,,1.8,,0.0,5.4,0.667,3.6,5.4,0.667,1.8,5.4,0.333,8.0,0.0,20.0,1.8,7.2,9.0,179.0,1.8,0.0,7.2,0.3,0.4,0.667,0.0,0.0,,0.1,,0.0,0.4,0.667,0.3,0.4,0.667,0.1,0.4,0.333,8.0,0.0,2.5,0.1,0.5,0.6,201.0,0.1,0.0,0.5,0.0,0.0,,,,1.3,2.0,0.667,0.667,0.667,,,0.667,,,8.0,0.0,20.0,1.0,,1.0,0.0,0.0,1.0,0.0,0.0,179.0,2.0,3.0,0.667,0.0,0.0,,1.0,,0.0,3.0,0.667,2.0,3.0,0.667,1.0,3.0,0.333,8.0,0.0,20.0,1.0,4.0,5.0,183.0,1.0,0.0,4.0,0.0
schofad01,Admiral Schofield,https://www.basketball-reference.com/players/s/schofad01.html,2021-22,2022,24.0,ORL,SF,SF,82.0,SF,38.0,1.0,469.0,28.0,50.0,0.56,26.0,79.0,0.329,25.0,,5.0,72.0,0.519,54.0,129.0,0.419,12.0,15.0,0.8,17.0,58.0,146.0,395.0,4.0,21.0,89.0,0.0,0.7,1.3,0.56,0.7,2.1,0.329,0.7,,0.1,1.9,0.519,1.4,3.4,0.419,0.3,0.4,0.8,38.0,1.0,12.3,0.4,1.5,3.8,444.0,0.1,0.6,2.3,2.1,3.8,0.56,2.0,6.1,0.329,1.9,,0.4,5.5,0.519,4.1,9.9,0.419,0.9,1.2,0.8,38.0,1.0,469.0,1.3,4.5,11.2,378.0,0.3,1.6,6.8,2.9,5.2,0.56,2.7,8.1,0.329,2.6,,0.5,7.4,115.0,0.519,5.6,13.3,0.419,1.2,1.5,0.8,38.0,1.0,469.0,1.8,102.0,6.0,15.1,378.0,0.4,2.2,9.2,0.612,7.9,,1.0,-5.4,-1.2,16.3,0.3,0.116,38.0,1.0,469.0,-4.2,3.8,-0.1,7.5,378.0,0.4,13.4,10.0,0.538,14.5,-0.4,0.3,0.027,,1,37,6,9,38,1,3,5,62,469,-4.5,-12.2,0,40,0,56,4,378,10,5,2.0,0.0,,0.345,0.367,17.6,1.0,0.023,0.419,0.632,0.667,1.0,0.56,0.481,0.329,38.0,1.0,469.0,0.714,0.962,0.147,0.023,0.008,0.388,0.209,0.612,378.0,-3.2,-7.5,,38.0,1.0,105.0,153.0,93.0,98.0,91.0,103.0,47.0,95.0,469.0,378.0,0.56,0.612,0.329,0.519,0.419,0.8,0.116,0.538,,,,,,,,,,,,,,,,,,,,,,,,,,,,,,,,,,,,,,,,,,,,,,,,,,,,,,,,,,,,,,,,,,,,,,,,,,,,,,,,,,,,,,,,,,,,,,,,,,,,,,,,,,,,,,,,,,,,,,,,,,,,,,,,,,,,,,,,,,,,,,,,,,,,,,,,,,,,,,,,,,,,,,,,,,,,,,,,,,,,,,,,,,,,,,,,,,,,,,,,,,,,,
waterli01,Lindy Waters III,https://www.basketball-reference.com/players/w/waterli01.html,2021-22,2022,24.0,OKC,SG,SF,83.0,SF,25.0,1.0,465.0,18.0,29.0,0.621,53.0,146.0,0.363,24.0,,8.0,67.0,0.557,71.0,175.0,0.406,4.0,5.0,0.8,6.0,31.0,199.0,359.0,19.0,11.0,73.0,0.0,0.7,1.2,0.621,2.1,5.8,0.363,1.0,,0.3,2.7,0.557,2.8,7.0,0.406,0.2,0.2,0.8,25.0,1.0,18.6,0.2,1.2,8.0,258.0,0.8,0.4,2.9,1.4,2.2,0.621,4.1,11.3,0.363,1.9,,0.6,5.2,0.557,5.5,13.5,0.406,0.3,0.4,0.8,25.0,1.0,465.0,0.5,2.4,15.4,379.0,1.5,0.9,5.7,1.9,3.0,0.621,5.6,15.3,0.363,2.5,,0.8,7.0,112.0,0.557,7.4,18.3,0.406,0.4,0.5,0.8,25.0,1.0,465.0,0.6,110.0,3.2,20.8,379.0,2.0,1.2,7.6,0.834,8.1,,1.6,-1.6,-0.8,15.0,0.5,0.029,25.0,1.0,465.0,-0.8,1.3,0.3,13.0,379.0,2.0,5.8,8.1,0.562,17.5,0.1,0.8,0.081,,1,20,1,2,25,1,0,2,60,465,3.8,-5.0,0,4,9,45,42,379,8,1,0.0,0.0,,0.306,0.247,22.4,4.0,0.023,0.406,0.714,0.25,1.0,0.621,0.647,0.363,25.0,1.0,465.0,0.722,0.887,0.04,0.023,0.006,0.166,0.097,0.834,379.0,8.9,-1.6,,25.0,1.0,117.0,209.0,103.0,105.0,88.0,103.0,12.0,99.0,465.0,379.0,0.621,0.834,0.363,0.557,0.406,0.8,0.029,0.562,,,,,,,,,,,,,,,,,,,,,,,,,,,,,,,,,,,,,,,,,,,,,,,,,,,,,,,,,,,,,,,,,,,,,,,,,,,,,,,,,,,,,,,,,,,,,,,,,,,,,,,,,,,,,,,,,,,,,,,,,,,,,,,,,,,,,,,,,,,,,,,,,,,,,,,,,,,,,,,,,,,,,,,,,,,,,,,,,,,,,,,,,,,,,,,,,,,,,,,,,,,,,
martike03,Kelan Martin,https://www.basketball-reference.com/players/m/martike03.html,2021-22,2022,26.0,2TM,SF,SF,84.0,SF,30.0,1.0,450.0,48.0,96.0,0.5,22.0,75.0,0.293,21.0,,9.0,38.0,0.474,70.0,171.0,0.409,9.0,13.0,0.692,17.0,36.0,171.0,377.0,13.0,14.0,55.0,0.0,1.6,3.2,0.5,0.7,2.5,0.293,0.7,,0.3,1.3,0.474,2.3,5.7,0.409,0.3,0.4,0.692,30.0,1.0,15.0,0.6,1.2,5.7,358.0,0.4,0.5,1.8,3.8,7.7,0.5,1.8,6.0,0.293,1.7,,0.7,3.0,0.474,5.6,13.7,0.409,0.7,1.0,0.692,30.0,1.0,450.0,1.4,2.9,13.7,385.0,1.0,1.1,4.4,5.2,10.5,0.5,2.4,8.2,0.293,2.3,,1.0,4.1,118.0,0.474,7.6,18.6,0.409,1.0,1.4,0.692,30.0,1.0,450.0,1.9,100.0,3.9,18.6,385.0,1.4,1.5,6.0,0.439,6.7,,1.7,-3.6,-1.0,9.6,0.2,0.076,30.0,1.0,450.0,-2.6,4.1,-0.1,9.4,385.0,1.4,7.3,6.8,0.484,18.1,-0.2,0.0,0.005,,1,17,0,7,30,1,1,10,51,450,-2.7,-6.4,1,28,0,68,4,385,9,1,1.0,0.0,,0.423,0.347,14.9,3.0,0.023,0.409,0.65,0.467,0.55,0.5,0.19,0.293,30.0,1.0,450.0,0.646,1.0,0.234,0.088,0.117,0.561,0.123,0.439,385.0,-19.8,-29.0,,30.0,1.0,94.0,110.0,83.0,89.0,89.0,89.0,31.0,85.0,450.0,385.0,0.5,0.439,0.293,0.474,0.409,0.692,0.076,0.484,,,,,,,,,,,,,,,,,,,,,,,,,,,,,,,,,,,,,,,,,,,,,,,,,,,,,,,,,,,,,,,,,,,,,,,,,,,,,,,,,,,,,,,,,,,,,,,,,,,,,,,,,,,,,,,,,,,,,,,,,,,,,,,,,,,,,,,,,,,,,,,,,,,,,,,,,,,,,,,,,,,,,,,,,,,,,,,,,,,,,,,,,,,,,,,,,,,,,,,,,,,,,
hugheel01,Elijah Hughes,https://www.basketball-reference.com/players/h/hugheel01.html,2021-22,2022,23.0,2TM,SG,SF,85.0,SF,36.0,4.0,434.0,22.0,49.0,0.449,25.0,95.0,0.263,22.0,,8.0,52.0,0.413,47.0,144.0,0.326,7.0,9.0,0.778,6.0,39.0,126.0,409.0,14.0,17.0,58.0,0.0,0.6,1.4,0.449,0.7,2.6,0.263,0.6,,0.2,1.4,0.413,1.3,4.0,0.326,0.2,0.3,0.778,36.0,4.0,12.1,0.2,1.1,3.5,454.0,0.4,0.5,1.6,1.8,4.1,0.449,2.1,7.9,0.263,1.8,,0.7,4.3,0.413,3.9,11.9,0.326,0.6,0.7,0.778,36.0,4.0,434.0,0.5,3.2,10.5,390.0,1.2,1.4,4.8,2.5,5.5,0.449,2.8,10.7,0.263,2.5,,0.9,5.9,116.0,0.413,5.3,16.3,0.326,0.8,1.0,0.778,36.0,4.0,434.0,0.7,87.0,4.4,14.2,390.0,1.6,1.9,6.5,0.66,7.2,,1.8,-6.9,-1.7,13.4,0.3,0.063,36.0,4.0,434.0,-5.2,1.5,-0.6,5.4,390.0,1.6,10.3,7.3,0.426,16.5,-0.5,-0.4,-0.043,,1,26,7,5,36,4,2,3,53,434,-20.9,-24.7,0,9,0,71,19,390,5,9,2.0,0.0,,0.231,0.274,20.4,2.0,0.021,0.326,0.692,0.278,0.0,0.449,0.615,0.263,36.0,4.0,434.0,0.5,0.84,0.09,0.125,0.035,0.34,0.09,0.66,390.0,-34.1,-41.4,,36.0,4.0,84.0,165.0,74.0,78.0,71.0,100.0,25.0,75.0,434.0,390.0,0.449,0.66,0.263,0.413,0.326,0.778,0.063,0.426,,,,,,,,,,,,,,,,,,,,,,,,,,,,,,,,,,,,,,,,,,,,,,,,,,,,,,,,,,,,,,,,,,,,,,,,,,,,,,,,,,,,,,,,,,,,,,,,,,,,,,,,,,,,,,,,,,,,,,,,,,,,,,,,,,,,,,,,,,,,,,,,,,,,,,,,,,,,,,,,,,,,,,,,,,,,,,,,,,,,,,,,,,,,,,,,,,,,,,,,,,,,,
harrijo01,Joe Harris,https://www.basketball-reference.com/players/h/harrijo01.html,2021-22,2022,30.0,BRK,SF,SF,86.0,SF,14.0,14.0,423.0,15.0,36.0,0.417,41.0,88.0,0.466,14.0,,2.0,51.0,0.617,56.0,124.0,0.452,5.0,6.0,0.833,5.0,31.0,158.0,386.0,7.0,16.0,56.0,0.0,1.1,2.6,0.417,2.9,6.3,0.466,1.0,,0.1,3.6,0.617,4.0,8.9,0.452,0.4,0.4,0.833,14.0,14.0,30.2,0.4,2.2,11.3,147.0,0.5,1.1,4.0,1.3,3.1,0.417,3.5,7.5,0.466,1.2,,0.2,4.3,0.617,4.8,10.6,0.452,0.4,0.5,0.833,14.0,14.0,423.0,0.4,2.6,13.4,391.0,0.6,1.4,4.8,1.7,4.1,0.417,4.7,10.1,0.466,1.6,,0.2,5.8,116.0,0.617,6.4,14.2,0.452,0.6,0.7,0.833,14.0,14.0,423.0,0.6,112.0,3.6,18.1,391.0,0.8,1.8,6.4,0.71,4.5,,0.4,-1.4,-0.5,12.8,0.2,0.048,14.0,14.0,423.0,-0.9,1.3,0.3,9.6,391.0,0.8,11.2,7.2,0.624,14.5,0.1,0.5,0.06,,3,9,0,2,14,14,1,6,33,423,0.5,1.8,0,10,0,83,7,391,7,3,0.0,0.0,,0.652,0.261,17.1,0.0,0.0,0.452,0.5,0.6,0.5,0.417,0.385,0.466,14.0,14.0,423.0,0.867,0.878,0.097,0.04,0.016,0.29,0.105,0.71,391.0,21.1,14.6,,14.0,14.0,78.0,178.0,132.0,116.0,98.0,108.0,19.0,110.0,423.0,391.0,0.417,0.71,0.466,0.617,0.452,0.833,0.048,0.624,,,,,,,,,,,,,,,,,,,,,,,,,,,,,,,,,,,,,,,,,,,,,,,,,,,,,,,,,,,,,,,,,,,,,,,,,,,,,,,,,,,,,,,,,,,,,,,,,,,,,,,,,,,,,,,,,,,,,,,,,,,,,,,,,,,,,,,,,,,,,,,,,,,,,,,,,,,,,,,,,,,,,,,,,,,,,,,,,,,,,,,,,,,,,,,,,,,,,,,,,,,,,
doziepj01,PJ Dozier,https://www.basketball-reference.com/players/d/doziepj01.html,2021-22,2022,25.0,DEN,SG,SF,87.0,SF,18.0,0.0,340.0,21.0,51.0,0.412,15.0,48.0,0.313,29.0,,6.0,49.0,0.439,36.0,99.0,0.364,10.0,13.0,0.769,14.0,33.0,97.0,425.0,11.0,13.0,63.0,0.0,1.2,2.8,0.412,0.8,2.7,0.313,1.6,,0.3,2.7,0.439,2.0,5.5,0.364,0.6,0.7,0.769,18.0,0.0,18.9,0.8,1.8,5.4,370.0,0.6,0.7,3.5,2.2,5.4,0.412,1.6,5.1,0.313,3.1,,0.6,5.2,0.439,3.8,10.5,0.364,1.1,1.4,0.769,18.0,0.0,340.0,1.5,3.5,10.3,417.0,1.2,1.4,6.7,3.0,7.4,0.412,2.2,6.9,0.313,4.2,,0.9,7.1,112.0,0.439,5.2,14.3,0.364,1.4,1.9,0.769,18.0,0.0,340.0,2.0,100.0,4.8,14.0,417.0,1.6,1.9,9.1,0.485,11.3,,1.6,-2.0,1.0,15.6,0.4,0.131,18.0,0.0,340.0,-3.0,4.8,-0.1,8.7,417.0,1.6,11.0,10.3,0.463,15.2,0.0,0.3,0.038,,0,16,5,7,18,0,1,5,70,340,-16.3,-12.6,0,25,0,60,16,417,10,1,0.0,0.0,,0.154,0.271,17.2,4.0,0.051,0.364,0.714,0.5,0.333,0.412,0.143,0.313,18.0,0.0,340.0,0.333,0.867,0.141,0.081,0.152,0.515,0.141,0.485,417.0,-18.3,-21.5,,18.0,0.0,77.0,121.0,88.0,83.0,79.0,99.0,53.0,82.0,340.0,417.0,0.412,0.485,0.313,0.439,0.364,0.769,0.131,0.463,,,,,,,,,,,,,,,,,,,,,,,,,,,,,,,,,,,,,,,,,,,,,,,,,,,,,,,,,,,,,,,,,,,,,,,,,,,,,,,,,,,,,,,,,,,,,,,,,,,,,,,,,,,,,,,,,,,,,,,,,,,,,,,,,,,,,,,,,,,,,,,,,,,,,,,,,,,,,,,,,,,,,,,,,,,,,,,,,,,,,,,,,,,,,,,,,,,,,,,,,,,,,
portemi01,Michael Porter Jr.,https://www.basketball-reference.com/players/p/portemi01.html,2021-22,2022,23.0,DEN,SF,SF,88.0,SF,9.0,9.0,265.0,27.0,55.0,0.491,10.0,48.0,0.208,17.0,,2.0,50.0,0.408,37.0,103.0,0.359,5.0,9.0,0.556,9.0,16.0,89.0,433.0,10.0,12.0,59.0,0.0,3.0,6.1,0.491,1.1,5.3,0.208,1.9,,0.2,5.6,0.408,4.1,11.4,0.359,0.6,1.0,0.556,9.0,9.0,29.4,1.0,1.8,9.9,191.0,1.1,1.3,6.6,3.7,7.5,0.491,1.4,6.5,0.208,2.3,,0.3,6.8,0.408,5.0,14.0,0.359,0.7,1.2,0.556,9.0,9.0,265.0,1.2,2.2,12.1,431.0,1.4,1.6,8.0,5.0,10.2,0.491,1.9,8.9,0.208,3.1,,0.4,9.3,111.0,0.408,6.8,19.1,0.359,0.9,1.7,0.556,9.0,9.0,265.0,1.7,87.0,3.0,16.5,431.0,1.9,2.2,10.9,0.466,8.9,,0.7,-3.5,0.5,20.4,0.3,0.087,9.0,9.0,265.0,-3.9,3.9,-0.5,7.5,431.0,1.9,10.1,12.4,0.416,19.7,-0.1,-0.2,-0.032,,4,6,0,5,9,9,3,4,38,265,7.7,9.6,0,9,0,91,0,431,5,2,1.0,0.0,,0.0,0.104,17.2,2.0,0.019,0.359,0.706,0.273,0.529,0.491,0.3,0.208,9.0,9.0,265.0,0.704,0.9,0.165,0.107,0.165,0.534,0.097,0.466,431.0,-25.5,-32.1,,9.0,9.0,92.0,117.0,59.0,77.0,78.0,72.0,35.0,74.0,265.0,431.0,0.491,0.466,0.208,0.408,0.359,0.556,0.087,0.416,,,,,,,,,,,,,,,,,,,,,,,,,,,,,,,,,,,,,,,,,,,,,,,,,,,,,,,,,,,,,,,,,,,,,,,,,,,,,,,,,,,,,,,,,,,,,,,,,,,,,,,,,,,,,,,,,,,,,,,,,,,,,,,,,,,,,,,,,,,,,,,,,,,,,,,,,,,,,,,,,,,,,,,,,,,,,,,,,,,,,,,,,,,,,,,,,,,,,,,,,,,,,
nixda01,Daishen Nix,https://www.basketball-reference.com/players/n/nixda01.html,2021-22,2022,19.0,HOU,SG,SF,89.0,SF,24.0,0.0,261.0,20.0,41.0,0.488,7.0,26.0,0.269,40.0,,0.0,26.0,0.455,27.0,67.0,0.403,16.0,30.0,0.533,7.0,21.0,77.0,445.0,15.0,26.0,33.0,0.0,0.8,1.7,0.488,0.3,1.1,0.269,1.7,,0.0,1.1,0.455,1.1,2.8,0.403,0.7,1.3,0.533,24.0,0.0,10.9,0.3,0.9,3.2,472.0,0.6,1.1,1.4,2.8,5.7,0.488,1.0,3.6,0.269,5.5,,0.0,3.6,0.455,3.7,9.2,0.403,2.2,4.1,0.533,24.0,0.0,261.0,1.0,2.9,10.6,433.0,2.1,3.6,4.6,3.6,7.5,0.488,1.3,4.7,0.269,7.3,,0.0,4.7,116.0,0.455,4.9,12.2,0.403,2.9,5.5,0.533,24.0,0.0,261.0,1.3,92.0,3.8,14.0,433.0,2.7,4.7,6.0,0.388,21.5,,0.0,-6.4,-1.0,11.0,0.1,0.448,24.0,0.0,261.0,-5.4,2.9,-0.3,8.1,433.0,2.7,24.5,6.9,0.48,17.3,-0.3,-0.2,-0.033,,1,10,0,15,24,0,2,8,95,261,1.2,-7.9,0,4,0,82,14,433,19,5,1.0,0.0,,0.25,0.154,12.7,3.0,0.045,0.403,0.667,,0.0,0.488,0.25,0.269,24.0,0.0,261.0,0.4,0.714,0.358,0.0,0.015,0.612,0.239,0.388,433.0,-10.2,-13.8,,24.0,0.0,92.0,97.0,76.0,86.0,87.0,69.0,180.0,85.0,261.0,433.0,0.488,0.388,0.269,0.455,0.403,0.533,0.448,0.48,,,,,,,,,,,,,,,,,,,,,,,,,,,,,,,,,,,,,,,,,,,,,,,,,,,,,,,,,,,,,,,,,,,,,,,,,,,,,,,,,,,,,,,,,,,,,,,,,,,,,,,,,,,,,,,,,,,,,,,,,,,,,,,,,,,,,,,,,,,,,,,,,,,,,,,,,,,,,,,,,,,,,,,,,,,,,,,,,,,,,,,,,,,,,,,,,,,,,,,,,,,,,
bolmale01,Leandro Bolmaro,https://www.basketball-reference.com/players/b/bolmale01.html,2021-22,2022,21.0,MIN,SF,SF,90.0,SF,35.0,2.0,241.0,12.0,36.0,0.333,5.0,18.0,0.278,21.0,,0.0,27.0,0.361,17.0,54.0,0.315,11.0,13.0,0.846,16.0,26.0,50.0,467.0,6.0,13.0,43.0,0.0,0.3,1.0,0.333,0.1,0.5,0.278,0.6,,0.0,0.8,0.361,0.5,1.5,0.315,0.3,0.4,0.846,35.0,2.0,6.9,0.5,0.7,1.4,549.0,0.2,0.4,1.2,1.8,5.4,0.333,0.7,2.7,0.278,3.1,,0.0,4.0,0.361,2.5,8.1,0.315,1.6,1.9,0.846,35.0,2.0,241.0,2.4,3.9,7.5,435.0,0.9,1.9,6.4,2.4,7.1,0.333,1.0,3.6,0.278,4.1,,0.0,5.3,115.0,0.361,3.4,10.7,0.315,2.2,2.6,0.846,35.0,2.0,241.0,3.2,96.0,5.1,9.9,435.0,1.2,2.6,8.5,0.333,11.0,,0.0,-5.8,-0.7,12.3,0.2,0.241,35.0,2.0,241.0,-5.1,6.9,-0.1,5.4,435.0,1.2,17.9,9.6,0.419,12.6,-0.2,0.0,0.004,,1,8,2,3,35,2,1,1,49,241,-2.2,0.4,0,15,0,56,30,435,8,1,1.0,0.0,,0.25,0.222,13.7,2.0,0.037,0.315,0.474,0.5,0.0,0.333,0.167,0.278,35.0,2.0,241.0,0.583,0.8,0.352,0.074,0.13,0.667,0.111,0.333,435.0,-18.4,-17.6,,35.0,2.0,63.0,83.0,79.0,68.0,68.0,109.0,97.0,74.0,241.0,435.0,0.333,0.333,0.278,0.361,0.315,0.846,0.241,0.419,,,,,,,,,,,,,,,,,,,,,,,,,,,,,,,,,,,,,,,,,,,,,,,,,,,,,,,,,,,,,,,,,,,,,,,,,,,,,,,,,,,,,,,,,,,,,,,,,,,,,,,,,,,,,,,,,,,,,,,,,,,,,,,,,,,,,,,,,,,,,,,,,,,,,,,,,,,,,,,,,,,,,,,,,,,,,,,,,,,,,,,,,,,,,,,,,,,,,,,,,,,,,
laymaja01,Jake Layman,https://www.basketball-reference.com/players/l/laymaja01.html,2021-22,2022,27.0,MIN,SF,SF,91.0,SF,34.0,1.0,231.0,22.0,38.0,0.579,8.0,35.0,0.229,9.0,,5.0,30.0,0.466,30.0,73.0,0.411,13.0,18.0,0.722,6.0,12.0,81.0,439.0,7.0,10.0,36.0,0.0,0.6,1.1,0.579,0.2,1.0,0.229,0.3,,0.1,0.9,0.466,0.9,2.1,0.411,0.4,0.5,0.722,34.0,1.0,6.8,0.2,0.4,2.4,510.0,0.2,0.3,1.1,3.4,5.9,0.579,1.2,5.5,0.229,1.4,,0.8,4.7,0.466,4.7,11.4,0.411,2.0,2.8,0.722,34.0,1.0,231.0,0.9,1.9,12.6,439.0,1.1,1.6,5.6,4.5,7.8,0.579,1.6,7.2,0.229,1.9,,1.0,6.2,113.0,0.466,6.2,15.0,0.411,2.7,3.7,0.722,34.0,1.0,231.0,1.2,99.0,2.5,16.7,439.0,1.4,2.1,7.4,0.479,5.3,,2.1,-3.9,-0.6,14.3,0.2,0.247,34.0,1.0,231.0,-3.3,2.7,-0.1,9.0,439.0,1.4,11.0,8.4,0.5,16.4,-0.1,0.1,0.024,,1,6,0,10,34,1,2,4,22,231,-4.8,-2.1,0,45,0,53,2,439,5,3,0.0,0.0,,0.235,0.486,14.4,6.0,0.096,0.411,0.773,0.25,0.667,0.579,0.222,0.229,34.0,1.0,231.0,0.682,1.0,0.301,0.055,0.041,0.521,0.123,0.479,439.0,-9.6,-10.6,,34.0,1.0,109.0,120.0,65.0,88.0,89.0,93.0,99.0,88.0,231.0,439.0,0.579,0.479,0.229,0.466,0.411,0.722,0.247,0.5,,,,,,,,,,,,,,,,,,,,,,,,,,,,,,,,,,,,,,,,,,,,,,,,,,,,,,,,,,,,,,,,,,,,,,,,,,,,,,,,,,,,,,,,,,,,,,,,,,,,,,,,,,,,,,,,,,,,,,,,,,,,,,,,,,,,,,,,,,,,,,,,,,,,,,,,,,,,,,,,,,,,,,,,,,,,,,,,,,,,,,,,,,,,,,,,,,,,,,,,,,,,,
hillma01,Malcolm Hill,https://www.basketball-reference.com/players/h/hillma01.html,2021-22,2022,26.0,2TM,SG,SF,92.0,SF,19.0,0.0,212.0,11.0,16.0,0.688,13.0,36.0,0.361,8.0,,3.0,24.0,0.587,24.0,52.0,0.462,11.0,14.0,0.786,11.0,24.0,72.0,449.0,7.0,3.0,35.0,0.0,0.6,0.8,0.688,0.7,1.9,0.361,0.4,,0.2,1.3,0.587,1.3,2.7,0.462,0.6,0.7,0.786,19.0,0.0,11.2,0.6,1.3,3.8,438.0,0.4,0.2,1.8,1.9,2.7,0.688,2.2,6.1,0.361,1.4,,0.5,4.1,0.587,4.1,8.8,0.462,1.9,2.4,0.786,19.0,0.0,212.0,1.9,4.1,12.2,444.0,1.2,0.5,5.9,2.5,3.7,0.688,3.0,8.3,0.361,1.8,,0.7,5.5,115.0,0.587,5.5,12.0,0.462,2.5,3.2,0.786,19.0,0.0,212.0,2.5,129.0,5.5,16.6,444.0,1.6,0.7,8.1,0.692,5.0,,1.2,-1.6,-0.5,12.6,0.2,0.269,19.0,0.0,212.0,-1.1,5.8,0.4,12.7,444.0,1.6,4.9,9.2,0.619,12.7,0.0,0.6,0.126,,0,12,2,6,19,0,1,2,18,212,-7.0,-6.5,0,28,0,64,9,444,1,1,0.0,0.0,,0.636,0.306,19.3,0.0,0.0,0.462,0.667,0.0,1.0,0.688,0.667,0.361,19.0,0.0,212.0,0.636,0.846,0.115,0.019,0.058,0.308,0.115,0.692,444.0,5.7,6.2,,19.0,0.0,129.0,173.0,102.0,110.0,100.0,101.0,108.0,109.0,212.0,444.0,0.688,0.692,0.361,0.587,0.462,0.786,0.269,0.619,,,,,,,,,,,,,,,,,,,,,,,,,,,,,,,,,,,,,,,,,,,,,,,,,,,,,,,,,,,,,,,,,,,,,,,,,,,,,,,,,,,,,,,,,,,,,,,,,,,,,,,,,,,,,,,,,,,,,,,,,,,,,,,,,,,,,,,,,,,,,,,,,,,,,,,,,,,,,,,,,,,,,,,,,,,,,,,,,,,,,,,,,,,,,,,,,,,,,,,,,,,,,
mckinal01,Alfonzo McKinnie,https://www.basketball-reference.com/players/m/mckinal01.html,2021-22,2022,29.0,CHI,SF,SF,93.0,SF,17.0,3.0,206.0,15.0,34.0,0.441,9.0,27.0,0.333,5.0,,3.0,20.0,0.467,24.0,61.0,0.393,2.0,8.0,0.25,13.0,26.0,59.0,460.0,2.0,7.0,33.0,0.0,0.9,2.0,0.441,0.5,1.6,0.333,0.3,,0.2,1.2,0.467,1.4,3.6,0.393,0.1,0.5,0.25,17.0,3.0,12.1,0.8,1.5,3.5,458.0,0.1,0.4,1.9,2.6,5.9,0.441,1.6,4.7,0.333,0.9,,0.5,3.5,0.467,4.2,10.7,0.393,0.3,1.4,0.25,17.0,3.0,206.0,2.3,4.5,10.3,446.0,0.3,1.2,5.8,3.6,8.1,0.441,2.1,6.4,0.333,1.2,,0.7,4.7,117.0,0.467,5.7,14.5,0.393,0.5,1.9,0.25,17.0,3.0,206.0,3.1,95.0,6.2,14.0,446.0,0.5,1.7,7.8,0.443,3.2,,1.3,-9.0,-3.4,10.9,0.1,0.131,17.0,3.0,206.0,-5.6,7.1,-0.2,5.6,446.0,0.5,9.8,9.0,0.457,15.3,-0.4,-0.1,-0.015,,1,14,1,3,17,3,0,4,10,206,-13.0,-12.7,0,47,0,47,6,446,2,1,0.0,0.0,,0.364,0.407,14.1,7.0,0.148,0.393,0.526,0.0,0.4,0.441,0.6,0.333,17.0,3.0,206.0,0.733,1.0,0.311,0.082,0.082,0.557,0.082,0.443,446.0,-7.9,-14.0,,17.0,3.0,83.0,111.0,94.0,88.0,85.0,32.0,53.0,81.0,206.0,446.0,0.441,0.443,0.333,0.467,0.393,0.25,0.131,0.457,,,,,,,,,,,,,,,,,,,,,,,,,,,,,,,,,,,,,,,,,,,,,,,,,,,,,,,,,,,,,,,,,,,,,,,,,,,,,,,,,,,,,,,,,,,,,,,,,,,,,,,,,,,,,,,,,,,,,,,,,,,,,,,,,,,,,,,,,,,,,,,,,,,,,,,,,,,,,,,,,,,,,,,,,,,,,,,,,,,,,,,,,,,,,,,,,,,,,,,,,,,,,
hausesa01,Sam Hauser,https://www.basketball-reference.com/players/h/hausesa01.html,2021-22,2022,24.0,BOS,SF,SF,94.0,SF,26.0,0.0,158.0,4.0,6.0,0.667,19.0,44.0,0.432,10.0,,2.0,24.0,0.65,23.0,50.0,0.46,0.0,0.0,,5.0,7.0,65.0,456.0,1.0,2.0,29.0,0.0,0.2,0.2,0.667,0.7,1.7,0.432,0.4,,0.1,0.9,0.65,0.9,1.9,0.46,0.0,0.0,,26.0,0.0,6.1,0.2,0.3,2.5,506.0,0.0,0.1,1.1,0.9,1.4,0.667,4.3,10.0,0.432,2.3,,0.5,5.5,0.65,5.2,11.4,0.46,0.0,0.0,,26.0,0.0,158.0,1.1,1.6,14.8,471.0,0.2,0.5,6.6,1.3,1.9,0.667,6.0,13.8,0.432,3.1,,0.6,7.5,110.0,0.65,7.2,15.7,0.46,0.0,0.0,,26.0,0.0,158.0,1.6,133.0,2.2,20.4,471.0,0.3,0.6,9.1,0.88,9.1,,1.2,2.3,-0.3,16.0,0.2,0.0,26.0,0.0,158.0,2.7,3.5,0.4,14.8,471.0,0.3,3.8,9.9,0.65,14.5,0.2,0.6,0.171,,0,2,0,0,26,0,0,1,24,158,-5.3,2.6,0,41,0,57,2,471,1,0,0.0,0.0,,0.571,0.318,22.7,0.0,0.0,0.46,0.8,,,0.667,0.0,0.432,26.0,0.0,158.0,0.75,1.0,0.1,0.0,0.0,0.12,0.02,0.88,471.0,11.8,8.4,,26.0,0.0,125.0,220.0,122.0,122.0,100.0,,0.0,115.0,158.0,471.0,0.667,0.88,0.432,0.65,0.46,,0.0,0.65,,7.0,0.0,0.0,188.0,94.0,71.0,54.0,129.0,201.0,91.0,15.0,187.0,0.0,0.75,0.333,0.375,0.25,1.0,0.5,0.512,0.75,19.1,,0.0,1.9,0.4,7.3,0.0,0.5,7.0,0.0,15.0,1.5,0.0,0.0,11.4,187.0,0.0,0.0,3.8,0.512,14.6,0.0,0.0,0.135,,0.0,0.0,0.0,1.0,7.0,0.0,0.0,1.0,6.0,15.0,30.8,34.3,0.0,1.0,0.0,100.0,0.0,187.0,0.0,0.0,0.0,3.4,0.0,3.4,10.1,0.333,6.7,,0.0,3.4,114.0,0.375,3.4,13.4,0.25,6.7,6.7,1.0,7.0,0.0,15.0,0.0,127.0,0.0,16.8,187.0,0.0,0.0,3.4,0.0,2.4,0.0,2.4,7.2,0.333,4.8,,0.0,2.4,0.375,2.4,9.6,0.25,4.8,4.8,1.0,7.0,0.0,15.0,0.0,0.0,12.0,187.0,0.0,0.0,2.4,0.0,0.1,0.0,0.1,0.4,0.333,0.3,,0.0,0.1,0.375,0.1,0.6,0.25,0.3,0.3,1.0,7.0,0.0,2.1,0.0,0.0,0.7,198.0,0.0,0.0,0.1,0.0,0.0,,1.0,0.333,23.1,0.0,0.0,0.25,,,0.0,0.0,,0.333,7.0,0.0,15.0,,1.0,0.0,0.0,0.25,0.25,0.0,0.75,187.0,0.0,1.0,0.0,1.0,3.0,0.333,2.0,,0.0,1.0,0.375,1.0,4.0,0.25,2.0,2.0,1.0,7.0,0.0,15.0,0.0,0.0,5.0,185.0,0.0,0.0,1.0,0.0
pinsoth01,Theo Pinson,https://www.basketball-reference.com/players/p/pinsoth01.html,2021-22,2022,26.0,DAL,SF,SF,95.0,SF,19.0,0.0,148.0,4.0,9.0,0.444,10.0,30.0,0.333,17.0,,2.0,19.0,0.487,14.0,39.0,0.359,10.0,10.0,1.0,2.0,12.0,48.0,473.0,5.0,5.0,21.0,0.0,0.2,0.5,0.444,0.5,1.6,0.333,0.9,,0.1,1.0,0.487,0.7,2.1,0.359,0.5,0.5,1.0,19.0,0.0,7.8,0.1,0.6,2.5,507.0,0.3,0.3,1.1,1.0,2.2,0.444,2.4,7.3,0.333,4.1,,0.5,4.6,0.487,3.4,9.5,0.359,2.4,2.4,1.0,19.0,0.0,148.0,0.5,2.9,11.7,475.0,1.2,1.2,5.1,1.4,3.1,0.444,3.4,10.2,0.333,5.8,,0.7,6.5,109.0,0.487,4.8,13.3,0.359,3.4,3.4,1.0,19.0,0.0,148.0,0.7,117.0,4.1,16.3,475.0,1.7,1.7,7.1,0.769,15.9,,1.2,-0.5,1.0,14.3,0.2,0.256,19.0,0.0,148.0,-1.5,1.5,0.2,11.9,475.0,1.7,10.3,7.9,0.553,14.7,0.1,0.4,0.122,,0,5,0,3,19,0,0,0,40,148,-15.2,-11.1,0,44,0,47,9,475,5,0,0.0,0.0,,0.667,0.1,21.9,1.0,0.026,0.359,0.5,0.0,0.667,0.444,0.333,0.333,19.0,0.0,148.0,0.25,0.9,0.051,0.026,0.077,0.231,0.077,0.769,475.0,-3.5,-1.1,,19.0,0.0,83.0,193.0,94.0,92.0,78.0,129.0,103.0,98.0,148.0,475.0,0.444,0.769,0.333,0.487,0.359,1.0,0.256,0.553,,,,,,,,,,,,,,,,,,,,,,,,,,,,,,,,,,,,,,,,,,,,,,,,,,,,,,,,,,,,,,,,,,,,,,,,,,,,,,,,,,,,,,,,,,,,,,,,,,,,,,,,,,,,,,,,,,,,,,,,,,,,,,,,,,,,,,,,,,,,,,,,,,,,,,,,,,,,,,,,,,,,,,,,,,,,,,,,,,,,,,,,,,,,,,,,,,,,,,,,,,,,,
naderab01,Abdel Nader,https://www.basketball-reference.com/players/n/naderab01.html,2021-22,2022,28.0,PHO,SF,SF,96.0,SF,14.0,0.0,145.0,8.0,21.0,0.381,4.0,14.0,0.286,7.0,,4.0,23.0,0.4,12.0,35.0,0.343,6.0,10.0,0.6,4.0,20.0,34.0,486.0,8.0,11.0,27.0,0.0,0.6,1.5,0.381,0.3,1.0,0.286,0.5,,0.3,1.6,0.4,0.9,2.5,0.343,0.4,0.7,0.6,14.0,0.0,10.4,0.3,1.4,2.4,511.0,0.6,0.8,1.9,2.0,5.2,0.381,1.0,3.5,0.286,1.7,,1.0,5.7,0.4,3.0,8.7,0.343,1.5,2.5,0.6,14.0,0.0,145.0,1.0,5.0,8.4,476.0,2.0,2.7,6.7,2.7,7.0,0.381,1.3,4.6,0.286,2.3,,1.3,7.6,104.0,0.4,4.0,11.6,0.343,2.0,3.3,0.6,14.0,0.0,145.0,1.3,79.0,6.6,11.3,476.0,2.7,3.7,9.0,0.4,5.9,,2.5,-4.9,2.2,16.6,0.3,0.286,14.0,0.0,145.0,-7.1,3.0,-0.3,4.9,476.0,2.7,21.8,10.0,0.431,15.0,-0.1,0.0,-0.009,,1,6,3,4,14,0,0,2,20,145,-9.7,-1.6,0,1,0,86,13,476,7,2,1.0,0.0,,0.2,0.357,12.8,1.0,0.029,0.343,0.778,,,0.381,0.0,0.286,14.0,0.0,145.0,0.375,1.0,0.257,0.0,0.0,0.6,0.286,0.4,476.0,-9.2,-10.6,,14.0,0.0,72.0,100.0,81.0,75.0,74.0,77.0,115.0,76.0,145.0,476.0,0.381,0.4,0.286,0.4,0.343,0.6,0.286,0.431,,,,,,,,,,,,,,,,,,,,,,,,,,,,,,,,,,,,,,,,,,,,,,,,,,,,,,,,,,,,,,,,,,,,,,,,,,,,,,,,,,,,,,,,,,,,,,,,,,,,,,,,,,,,,,,,,,,,,,,,,,,,,,,,,,,,,,,,,,,,,,,,,,,,,,,,,,,,,,,,,,,,,,,,,,,,,,,,,,,,,,,,,,,,,,,,,,,,,,,,,,,,,
hillso01,Solomon Hill,https://www.basketball-reference.com/players/h/hillso01.html,2021-22,2022,30.0,ATL,SF,SF,97.0,SF,13.0,1.0,139.0,1.0,7.0,0.143,2.0,13.0,0.154,12.0,,2.0,17.0,0.2,3.0,20.0,0.15,0.0,0.0,,6.0,16.0,8.0,540.0,4.0,1.0,23.0,0.0,0.1,0.5,0.143,0.2,1.0,0.154,0.9,,0.2,1.3,0.2,0.2,1.5,0.15,0.0,0.0,,13.0,1.0,10.7,0.5,1.2,0.6,574.0,0.3,0.1,1.8,0.3,1.8,0.143,0.5,3.4,0.154,3.1,,0.5,4.4,0.2,0.8,5.2,0.15,0.0,0.0,,13.0,1.0,139.0,1.6,4.1,2.1,478.0,1.0,0.3,6.0,0.4,2.5,0.143,0.7,4.6,0.154,4.2,,0.7,6.0,116.0,0.2,1.1,7.1,0.15,0.0,0.0,,13.0,1.0,139.0,2.1,87.0,5.7,2.8,478.0,1.4,0.4,8.1,0.65,10.3,,1.3,-4.0,1.2,13.3,0.1,0.0,13.0,1.0,139.0,-5.2,4.8,-0.1,3.3,478.0,1.4,4.8,9.1,0.2,6.6,-0.1,0.0,-0.006,,1,6,0,0,13,1,0,1,32,139,14.6,16.0,0,5,0,88,7,478,0,0,1.0,0.0,,0.333,0.231,17.9,0.0,0.0,0.15,0.2,,,0.143,0.0,0.154,13.0,1.0,139.0,1.0,1.0,0.25,0.0,0.0,0.35,0.1,0.65,478.0,-13.3,-14.6,,13.0,1.0,27.0,163.0,44.0,38.0,33.0,,0.0,35.0,139.0,478.0,0.143,0.65,0.154,0.2,0.15,,0.0,0.2,,,,,,,,,,,,,,,,,,,,,,,,,,,,,,,,,,,,,,,,,,,,,,,,,,,,,,,,,,,,,,,,,,,,,,,,,,,,,,,,,,,,,,,,,,,,,,,,,,,,,,,,,,,,,,,,,,,,,,,,,,,,,,,,,,,,,,,,,,,,,,,,,,,,,,,,,,,,,,,,,,,,,,,,,,,,,,,,,,,,,,,,,,,,,,,,,,,,,,,,,,,,,
louzama01,Didi Louzada,https://www.basketball-reference.com/players/l/louzama01.html,2021-22,2022,22.0,2TM,SF,SF,98.0,SF,9.0,1.0,129.0,3.0,10.0,0.3,9.0,23.0,0.391,5.0,,2.0,12.0,0.5,12.0,33.0,0.364,2.0,2.0,1.0,5.0,13.0,35.0,484.0,2.0,5.0,17.0,0.0,0.3,1.1,0.3,1.0,2.6,0.391,0.6,,0.2,1.3,0.5,1.3,3.7,0.364,0.2,0.2,1.0,9.0,1.0,14.3,0.6,1.4,3.9,436.0,0.2,0.6,1.9,0.8,2.8,0.3,2.5,6.4,0.391,1.4,,0.6,3.3,0.5,3.3,9.2,0.364,0.6,0.6,1.0,9.0,1.0,129.0,1.4,3.6,9.8,481.0,0.6,1.4,4.7,1.1,3.8,0.3,3.4,8.7,0.391,1.9,,0.8,4.5,120.0,0.5,4.5,12.5,0.364,0.8,0.8,1.0,9.0,1.0,129.0,1.9,100.0,4.9,13.3,481.0,0.8,1.9,6.4,0.697,5.3,,1.5,-7.5,-3.4,10.6,0.0,0.061,9.0,1.0,129.0,-4.1,4.1,0.0,6.4,481.0,0.8,12.9,7.2,0.517,13.0,-0.2,0.0,-0.005,,0,8,1,0,9,1,0,3,11,129,-24.4,-32.2,0,5,0,75,19,481,2,2,0.0,0.0,,0.5,0.174,22.3,0.0,0.0,0.364,0.5,0.0,1.0,0.3,0.0,0.391,9.0,1.0,129.0,0.333,1.0,0.061,0.061,0.061,0.303,0.121,0.697,481.0,-2.1,-3.4,,9.0,1.0,56.0,175.0,111.0,94.0,79.0,129.0,24.0,91.0,129.0,481.0,0.3,0.697,0.391,0.5,0.364,1.0,0.061,0.517,,,,,,,,,,,,,,,,,,,,,,,,,,,,,,,,,,,,,,,,,,,,,,,,,,,,,,,,,,,,,,,,,,,,,,,,,,,,,,,,,,,,,,,,,,,,,,,,,,,,,,,,,,,,,,,,,,,,,,,,,,,,,,,,,,,,,,,,,,,,,,,,,,,,,,,,,,,,,,,,,,,,,,,,,,,,,,,,,,,,,,,,,,,,,,,,,,,,,,,,,,,,,
brownch05,Chaundee Brown Jr.,https://www.basketball-reference.com/players/b/brownch05.html,2021-22,2022,23.0,2TM,SF,SF,99.0,SF,5.0,2.0,104.0,4.0,14.0,0.286,6.0,18.0,0.333,4.0,,0.0,15.0,0.406,10.0,32.0,0.313,5.0,6.0,0.833,1.0,7.0,31.0,492.0,2.0,1.0,16.0,0.0,0.8,2.8,0.286,1.2,3.6,0.333,0.8,,0.0,3.0,0.406,2.0,6.4,0.313,1.0,1.2,0.833,5.0,2.0,20.8,0.2,1.4,6.2,328.0,0.4,0.2,3.2,1.4,4.8,0.286,2.1,6.2,0.333,1.4,,0.0,5.2,0.406,3.5,11.1,0.313,1.7,2.1,0.833,5.0,2.0,104.0,0.3,2.4,10.7,495.0,0.7,0.3,5.5,1.9,6.6,0.286,2.8,8.5,0.333,1.9,,0.0,7.1,117.0,0.406,4.7,15.0,0.313,2.4,2.8,0.833,5.0,2.0,104.0,0.5,98.0,3.3,14.6,495.0,0.9,0.5,7.5,0.563,5.1,,0.0,-6.6,-2.4,15.7,0.0,0.188,5.0,2.0,104.0,-4.3,1.1,0.0,6.4,495.0,0.9,2.8,8.4,0.447,14.9,-0.1,0.0,0.002,,0,4,1,2,5,2,0,3,9,104,-8.7,-7.7,0,5,0,61,33,495,0,1,1.0,0.0,,0.25,0.222,16.2,0.0,0.0,0.313,0.5,0.2,,0.286,0.0,0.333,5.0,2.0,104.0,0.5,1.0,0.188,0.156,0.0,0.438,0.094,0.563,495.0,-8.0,-8.2,,5.0,2.0,54.0,141.0,94.0,76.0,68.0,108.0,76.0,79.0,104.0,495.0,0.286,0.563,0.333,0.406,0.313,0.833,0.188,0.447,,,,,,,,,,,,,,,,,,,,,,,,,,,,,,,,,,,,,,,,,,,,,,,,,,,,,,,,,,,,,,,,,,,,,,,,,,,,,,,,,,,,,,,,,,,,,,,,,,,,,,,,,,,,,,,,,,,,,,,,,,,,,,,,,,,,,,,,,,,,,,,,,,,,,,,,,,,,,,,,,,,,,,,,,,,,,,,,,,,,,,,,,,,,,,,,,,,,,,,,,,,,,
kinglo02,Louis King,https://www.basketball-reference.com/players/k/kinglo02.html,2021-22,2022,22.0,SAC,SF,SF,99.0,SF,10.0,0.0,104.0,7.0,20.0,0.35,8.0,27.0,0.296,9.0,,1.0,12.0,0.404,15.0,47.0,0.319,7.0,10.0,0.7,0.0,14.0,45.0,475.0,2.0,0.0,12.0,0.0,0.7,2.0,0.35,0.8,2.7,0.296,0.9,,0.1,1.2,0.404,1.5,4.7,0.319,0.7,1.0,0.7,10.0,0.0,10.4,0.0,1.4,4.5,402.0,0.2,0.0,1.2,2.4,6.9,0.35,2.8,9.3,0.296,3.1,,0.3,4.2,0.404,5.2,16.3,0.319,2.4,3.5,0.7,10.0,0.0,104.0,0.0,4.8,15.6,494.0,0.7,0.0,4.2,3.2,9.3,0.35,3.7,12.5,0.296,4.2,,0.5,5.6,118.0,0.404,6.9,21.7,0.319,3.2,4.6,0.7,10.0,0.0,104.0,0.0,100.0,6.5,20.8,494.0,0.9,0.0,5.6,0.574,12.5,,0.8,-4.6,-1.6,12.7,0.0,0.213,10.0,0.0,104.0,-3.0,0.0,0.0,8.1,494.0,0.9,0.0,6.3,0.438,21.2,-0.1,0.0,0.0,,0,7,2,5,10,0,1,1,21,104,-9.5,-14.7,1,35,0,56,8,494,0,0,0.0,0.0,,0.375,0.296,20.1,0.0,0.0,0.319,1.0,0.25,0.333,0.35,0.333,0.296,10.0,0.0,104.0,0.429,0.75,0.021,0.085,0.191,0.426,0.128,0.574,494.0,-12.0,-13.2,,10.0,0.0,66.0,144.0,84.0,76.0,69.0,90.0,86.0,77.0,104.0,494.0,0.35,0.574,0.296,0.404,0.319,0.7,0.213,0.438,,,,,,,,,,,,,,,,,,,,,,,,,,,,,,,,,,,,,,,,,,,,,,,,,,,,,,,,,,,,,,,,,,,,,,,,,,,,,,,,,,,,,,,,,,,,,,,,,,,,,,,,,,,,,,,,,,,,,,,,,,,,,,,,,,,,,,,,,,,,,,,,,,,,,,,,,,,,,,,,,,,,,,,,,,,,,,,,,,,,,,,,,,,,,,,,,,,,,,,,,,,,,
halibty01,Tyrese Haliburton,https://www.basketball-reference.com/players/h/halibty01.html,2021-22,2022,21.0,2TM,PG,SG,1.0,SG,77.0,77.0,2695.0,269.0,520.0,0.517,161.0,389.0,0.414,628.0,,49.0,250.0,0.562,430.0,909.0,0.473,160.0,190.0,0.842,61.0,121.0,1181.0,56.0,134.0,199.0,311.0,0.0,3.5,6.8,0.517,2.1,5.1,0.414,8.2,,0.6,3.2,0.562,5.6,11.8,0.473,2.1,2.5,0.842,77.0,77.0,35.0,0.8,1.6,15.3,85.0,1.7,2.6,4.0,3.6,6.9,0.517,2.2,5.2,0.414,8.4,,0.7,3.3,0.562,5.7,12.1,0.473,2.1,2.5,0.842,77.0,77.0,2695.0,0.8,1.6,15.8,6.0,1.8,2.7,4.2,4.8,9.3,0.517,2.9,7.0,0.414,11.3,,0.9,4.5,115.0,0.562,7.7,16.3,0.473,2.9,3.4,0.842,77.0,77.0,2695.0,1.1,119.0,2.2,21.2,6.0,2.4,3.6,5.6,0.428,34.1,,1.6,2.6,-0.1,10.3,1.8,0.209,77.0,77.0,2695.0,2.7,2.5,5.2,18.2,6.0,2.4,16.7,6.3,0.595,19.0,3.1,7.0,0.125,,9,52,11,81,77,77,18,36,1479,2695,-1.5,-6.0,0,0,33,4,63,6,136,34,9.0,0.0,,0.434,0.136,16.5,24.0,0.026,0.473,0.713,0.517,0.456,0.517,0.41,0.414,77.0,77.0,2695.0,0.279,0.571,0.127,0.157,0.099,0.572,0.183,0.428,6.0,54.4,57.4,,77.0,77.0,97.0,107.0,117.0,106.0,103.0,109.0,84.0,105.0,2695.0,6.0,0.517,0.428,0.414,0.562,0.473,0.842,0.209,0.595,,,,,,,,,,,,,,,,,,,,,,,,,,,,,,,,,,,,,,,,,,,,,,,,,,,,,,,,,,,,,,,,,,,,,,,,,,,,,,,,,,,,,,,,,,,,,,,,,,,,,,,,,,,,,,,,,,,,,,,,,,,,,,,,,,,,,,,,,,,,,,,,,,,,,,,,,,,,,,,,,,,,,,,,,,,,,,,,,,,,,,,,,,,,,,,,,,,,,,,,,,,,,
brunsja01,Jalen Brunson,https://www.basketball-reference.com/players/b/brunsja01.html,2021-22,2022,25.0,DAL,SG,SG,2.0,SG,79.0,61.0,2524.0,412.0,756.0,0.545,94.0,252.0,0.373,377.0,,3.0,266.0,0.549,506.0,1008.0,0.502,179.0,213.0,0.84,43.0,151.0,1285.0,40.0,66.0,124.0,309.0,0.0,5.2,9.6,0.545,1.2,3.2,0.373,4.8,,0.0,3.4,0.549,6.4,12.8,0.502,2.3,2.7,0.84,79.0,61.0,31.9,0.5,1.9,16.3,73.0,0.8,1.6,3.9,5.9,10.8,0.545,1.3,3.6,0.373,5.4,,0.0,3.8,0.549,7.2,14.4,0.502,2.6,3.0,0.84,79.0,61.0,2524.0,0.6,2.2,18.3,16.0,0.9,1.8,4.4,8.2,15.1,0.545,1.9,5.0,0.373,7.5,,0.1,5.3,112.0,0.549,10.1,20.1,0.502,3.6,4.2,0.84,79.0,61.0,2524.0,0.9,118.0,3.0,25.6,16.0,1.3,2.5,6.2,0.25,24.3,,0.1,0.9,0.0,11.7,2.7,0.211,79.0,61.0,2524.0,0.9,1.9,4.9,17.1,16.0,1.3,10.1,6.8,0.583,21.9,1.9,7.5,0.143,,14,60,44,83,79,61,26,38,945,2524,2.3,4.4,0,0,35,5,61,16,71,29,0.0,0.0,,0.507,0.298,13.1,5.0,0.005,0.502,0.703,0.518,0.449,0.545,0.524,0.373,79.0,61.0,2524.0,0.262,0.809,0.147,0.189,0.126,0.75,0.288,0.25,16.0,34.1,37.9,,79.0,61.0,102.0,63.0,105.0,103.0,109.0,108.0,85.0,103.0,2524.0,16.0,0.545,0.25,0.373,0.549,0.502,0.84,0.211,0.583,,18.0,18.0,95.0,60.0,98.0,96.0,101.0,103.0,117.0,98.0,629.0,12.0,0.504,0.241,0.347,0.508,0.466,0.8,0.289,0.553,0.241,20.0,,0.1,1.5,-0.5,12.9,0.3,0.289,18.0,18.0,629.0,2.0,2.8,1.3,20.1,12.0,1.2,5.1,7.8,0.553,27.8,0.6,1.6,0.123,,6.0,9.0,17.0,42.0,18.0,18.0,11.0,11.0,179.0,629.0,0.3,0.7,0.0,0.0,5.0,12.0,83.0,12.0,6.0,6.0,9.8,19.5,0.504,2.1,6.2,0.347,5.4,,0.1,5.6,116.0,0.508,12.0,25.6,0.466,5.9,7.4,0.8,18.0,18.0,629.0,1.2,115.0,3.1,32.0,12.0,1.2,1.6,6.8,6.8,13.5,0.504,1.5,4.3,0.347,3.8,,0.1,3.9,0.508,8.3,17.8,0.466,4.1,5.2,0.8,18.0,18.0,629.0,0.9,2.2,22.2,12.0,0.8,1.1,4.8,6.6,13.1,0.504,1.4,4.2,0.347,3.7,,0.1,3.8,0.508,8.1,17.3,0.466,4.0,5.0,0.8,18.0,18.0,34.9,0.8,2.1,21.6,18.0,0.8,1.1,4.6,1.0,0.0,,0.391,0.307,12.4,0.0,0.003,0.466,0.657,0.468,0.407,0.504,0.496,0.347,18.0,18.0,629.0,0.185,0.769,0.113,0.151,0.087,0.759,0.408,0.241,12.0,119.0,236.0,0.504,26.0,75.0,0.347,66.0,,1.0,68.0,0.508,145.0,311.0,0.466,72.0,90.0,0.8,18.0,18.0,629.0,15.0,38.0,388.0,7.0,14.0,19.0,83.0,0.0
roziete01,Terry Rozier,https://www.basketball-reference.com/players/r/roziete01.html,2021-22,2022,27.0,CHO,SG,SG,3.0,SG,73.0,73.0,2458.0,296.0,574.0,0.516,222.0,593.0,0.374,326.0,,25.0,259.0,0.539,518.0,1167.0,0.444,150.0,176.0,0.852,56.0,119.0,1408.0,26.0,93.0,96.0,315.0,1.0,4.1,7.9,0.516,3.0,8.1,0.374,4.5,,0.3,3.5,0.539,7.1,16.0,0.444,2.1,2.4,0.852,73.0,73.0,33.7,0.8,1.6,19.3,41.0,1.3,1.3,4.3,4.3,8.4,0.516,3.3,8.7,0.374,4.8,,0.4,3.8,0.539,7.6,17.1,0.444,2.2,2.6,0.852,73.0,73.0,2458.0,0.8,1.7,20.6,22.0,1.4,1.4,4.6,5.8,11.2,0.516,4.3,11.6,0.374,6.4,,0.5,5.1,115.0,0.539,10.1,22.8,0.444,2.9,3.4,0.852,73.0,73.0,2458.0,1.1,117.0,2.3,27.5,22.0,1.8,1.9,6.1,0.508,19.7,,1.0,1.7,-0.7,11.3,1.6,0.151,73.0,73.0,2458.0,2.4,2.4,4.3,17.6,22.0,1.8,7.2,6.8,0.566,23.2,2.3,5.9,0.115,,7,62,25,71,73,73,29,46,795,2458,1.6,1.2,0,0,31,0,69,22,60,22,3.0,0.0,,0.403,0.364,16.4,10.0,0.011,0.444,0.649,0.521,0.44,0.516,0.396,0.374,73.0,73.0,2458.0,0.439,0.838,0.181,0.082,0.064,0.492,0.165,0.508,22.0,17.0,-0.7,,73.0,73.0,97.0,127.0,106.0,101.0,96.0,110.0,61.0,100.0,2458.0,22.0,0.516,0.508,0.374,0.539,0.444,0.852,0.151,0.566,,,,,,,,,,,,,,,,,,,,,,,,,,,,,,,,,,,,,,,,,,,,,,,,,,,,,,,,,,,,,,,,,,,,,,,,,,,,,,,,,,,,,,,,,,,,,,,,,,,,,,,,,,,,,,,,,,,,,,,,,,,,,,,,,,,,,,,,,,,,,,,,,,,,,,,,,,,,,,,,,,,,,,,,,,,,,,,,,,,,,,,,,,,,,,,,,,,,,,,,,,,,,
trentga02,Gary Trent Jr.,https://www.basketball-reference.com/players/t/trentga02.html,2021-22,2022,23.0,TOR,SG,SG,4.0,SG,70.0,69.0,2448.0,241.0,541.0,0.445,209.0,545.0,0.383,141.0,,19.0,165.0,0.511,450.0,1086.0,0.414,174.0,204.0,0.853,26.0,144.0,1283.0,41.0,122.0,73.0,191.0,0.0,3.4,7.7,0.445,3.0,7.8,0.383,2.0,,0.3,2.4,0.511,6.4,15.5,0.414,2.5,2.9,0.853,70.0,69.0,35.0,0.4,2.1,18.3,51.0,1.7,1.0,2.7,3.5,8.0,0.445,3.1,8.0,0.383,2.1,,0.3,2.4,0.511,6.6,16.0,0.414,2.6,3.0,0.853,70.0,69.0,2448.0,0.4,2.1,18.9,23.0,1.8,1.1,2.8,4.9,11.0,0.445,4.3,11.1,0.383,2.9,,0.4,3.4,112.0,0.511,9.2,22.2,0.414,3.6,4.2,0.853,70.0,69.0,2448.0,0.5,114.0,2.9,26.2,23.0,2.5,1.5,3.9,0.502,8.8,,0.8,0.2,0.3,7.7,2.5,0.188,70.0,69.0,2448.0,-0.1,1.1,3.1,14.7,23.0,2.5,5.8,4.2,0.546,21.8,1.3,5.6,0.11,,16,48,16,67,70,69,13,44,351,2448,3.0,3.3,0,0,13,2,84,23,29,22,1.0,0.0,,0.377,0.194,18.3,14.0,0.015,0.414,0.579,0.484,0.379,0.445,0.41,0.383,70.0,69.0,2448.0,0.407,0.761,0.087,0.112,0.163,0.498,0.128,0.502,23.0,-45.8,-48.0,,70.0,69.0,84.0,126.0,108.0,96.0,90.0,110.0,76.0,96.0,2448.0,23.0,0.445,0.502,0.383,0.511,0.414,0.853,0.188,0.546,,6.0,6.0,79.0,119.0,94.0,86.0,82.0,116.0,93.0,90.0,199.0,69.0,0.419,0.476,0.333,0.457,0.378,0.895,0.232,0.509,0.476,6.4,,1.6,-1.4,-0.7,6.2,-0.1,0.232,6.0,6.0,199.0,-0.7,0.6,0.1,12.4,69.0,1.6,3.2,3.1,0.509,21.8,0.0,0.1,0.014,,1.0,5.0,1.0,9.0,6.0,6.0,1.0,3.0,19.0,199.0,-12.4,-13.4,0.0,0.0,54.0,0.0,46.0,69.0,1.0,0.0,4.8,11.4,0.419,3.4,10.3,0.333,2.1,,0.8,2.4,122.0,0.457,8.2,21.7,0.378,4.5,5.0,0.895,6.0,6.0,199.0,0.3,107.0,2.9,24.3,69.0,1.6,0.8,2.6,3.3,7.8,0.419,2.4,7.1,0.333,1.4,,0.5,1.6,0.457,5.6,14.8,0.378,3.1,3.4,0.895,6.0,6.0,199.0,0.2,2.0,16.6,69.0,1.1,0.5,1.8,3.0,7.2,0.419,2.2,6.5,0.333,1.3,,0.5,1.5,0.457,5.2,13.7,0.378,2.8,3.2,0.895,6.0,6.0,33.2,0.2,1.8,15.3,40.0,1.0,0.5,1.7,0.0,0.0,,1.0,0.077,18.9,2.0,0.024,0.378,0.6,0.5,0.476,0.419,0.182,0.333,6.0,6.0,199.0,0.389,0.923,0.061,0.073,0.256,0.524,0.134,0.476,69.0,18.0,43.0,0.419,13.0,39.0,0.333,8.0,,3.0,9.0,0.457,31.0,82.0,0.378,17.0,19.0,0.895,6.0,6.0,199.0,1.0,11.0,92.0,66.0,6.0,3.0,10.0,0.0
fournev01,Evan Fournier,https://www.basketball-reference.com/players/f/fournev01.html,2021-22,2022,29.0,NYK,SG,SG,5.0,SG,80.0,80.0,2358.0,161.0,346.0,0.465,241.0,619.0,0.389,171.0,,20.0,176.0,0.541,402.0,965.0,0.417,80.0,113.0,0.708,34.0,180.0,1125.0,65.0,79.0,105.0,210.0,0.0,2.0,4.3,0.465,3.0,7.7,0.389,2.1,,0.3,2.2,0.541,5.0,12.1,0.417,1.0,1.4,0.708,80.0,80.0,29.5,0.4,2.3,14.1,103.0,1.0,1.3,2.6,2.5,5.3,0.465,3.7,9.5,0.389,2.6,,0.3,2.7,0.541,6.1,14.7,0.417,1.2,1.7,0.708,80.0,80.0,2358.0,0.5,2.7,17.2,34.0,1.2,1.6,3.2,3.4,7.3,0.465,5.1,13.1,0.389,3.6,,0.4,3.7,113.0,0.541,8.5,20.5,0.417,1.7,2.4,0.708,80.0,80.0,2358.0,0.7,109.0,3.8,23.9,34.0,1.7,2.2,4.5,0.641,11.9,,0.8,-0.7,-0.3,8.2,2.2,0.117,80.0,80.0,2358.0,-0.4,1.5,1.5,12.3,34.0,1.7,9.4,4.8,0.554,20.8,0.7,3.7,0.075,,10,75,9,49,80,80,14,31,414,2358,-6.7,-2.4,0,0,34,9,57,34,55,33,2.0,0.0,,0.437,0.281,19.6,3.0,0.004,0.417,0.603,0.474,0.432,0.465,0.39,0.389,80.0,80.0,2358.0,0.478,0.88,0.081,0.079,0.077,0.359,0.122,0.641,34.0,18.8,-23.7,,80.0,80.0,87.0,161.0,110.0,102.0,90.0,91.0,47.0,98.0,2358.0,34.0,0.465,0.641,0.389,0.541,0.417,0.708,0.117,0.554,,,,,,,,,,,,,,,,,,,,,,,,,,,,,,,,,,,,,,,,,,,,,,,,,,,,,,,,,,,,,,,,,,,,,,,,,,,,,,,,,,,,,,,,,,,,,,,,,,,,,,,,,,,,,,,,,,,,,,,,,,,,,,,,,,,,,,,,,,,,,,,,,,,,,,,,,,,,,,,,,,,,,,,,,,,,,,,,,,,,,,,,,,,,,,,,,,,,,,,,,,,,,
millspa02,Patty Mills,https://www.basketball-reference.com/players/m/millspa02.html,2021-22,2022,33.0,BRK,SG,SG,6.0,SG,81.0,48.0,2346.0,97.0,226.0,0.429,227.0,568.0,0.4,183.0,,17.0,138.0,0.551,324.0,794.0,0.408,48.0,59.0,0.814,18.0,112.0,923.0,93.0,51.0,73.0,156.0,0.0,1.2,2.8,0.429,2.8,7.0,0.4,2.3,,0.2,1.7,0.551,4.0,9.8,0.408,0.6,0.7,0.814,81.0,48.0,29.0,0.2,1.4,11.4,144.0,0.6,0.9,1.9,1.5,3.5,0.429,3.5,8.7,0.4,2.8,,0.3,2.1,0.551,5.0,12.2,0.408,0.7,0.9,0.814,81.0,48.0,2346.0,0.3,1.7,14.2,35.0,0.8,1.1,2.4,2.0,4.7,0.429,4.7,11.7,0.4,3.8,,0.4,2.9,117.0,0.551,6.7,16.4,0.408,1.0,1.2,0.814,81.0,48.0,2346.0,0.4,112.0,2.3,19.1,35.0,1.1,1.5,3.2,0.715,10.6,,0.6,-1.7,-1.4,6.2,0.9,0.074,81.0,48.0,2346.0,-0.3,0.9,1.9,10.4,35.0,1.1,8.2,3.6,0.563,16.4,0.2,2.8,0.058,,6,39,36,19,81,48,6,25,414,2346,0.0,1.4,0,0,18,14,68,35,46,15,3.0,0.0,,0.403,0.254,21.2,0.0,0.0,0.408,0.74,0.365,0.37,0.429,0.207,0.4,81.0,48.0,2346.0,0.608,0.925,0.063,0.065,0.116,0.285,0.037,0.715,35.0,30.7,-5.2,,81.0,48.0,81.0,179.0,113.0,104.0,88.0,105.0,30.0,99.0,2346.0,35.0,0.429,0.715,0.4,0.551,0.408,0.814,0.074,0.563,,4.0,0.0,125.0,203.0,152.0,147.0,122.0,,0.0,138.0,72.0,143.0,0.667,0.813,0.538,0.781,0.563,,0.0,0.781,0.813,0.0,,1.3,0.6,-1.7,7.3,-0.1,0.0,4.0,0.0,72.0,2.3,0.0,0.1,10.7,143.0,0.0,5.9,3.6,0.781,10.8,0.0,0.1,0.046,,0.0,1.0,1.0,0.0,4.0,0.0,0.0,0.0,0.0,72.0,7.0,-0.3,0.0,3.0,0.0,54.0,43.0,143.0,1.0,0.0,1.4,2.1,0.667,5.0,9.2,0.538,0.0,,0.7,2.8,128.0,0.781,6.4,11.4,0.563,0.0,0.0,,4.0,0.0,72.0,0.0,139.0,3.6,17.8,143.0,0.0,0.7,2.8,1.0,1.5,0.667,3.5,6.5,0.538,0.0,,0.5,2.0,0.781,4.5,8.0,0.563,0.0,0.0,,4.0,0.0,72.0,0.0,2.5,12.5,143.0,0.0,0.5,2.0,0.5,0.8,0.667,1.8,3.3,0.538,0.0,,0.3,1.0,0.781,2.3,4.0,0.563,0.0,0.0,,4.0,0.0,18.0,0.0,1.3,6.3,104.0,0.0,0.3,1.0,0.0,0.0,,0.5,0.308,22.9,0.0,0.0,0.563,,0.0,1.0,0.667,,0.538,4.0,0.0,72.0,0.5,1.0,0.0,0.063,0.125,0.188,0.0,0.813,143.0,2.0,3.0,0.667,7.0,13.0,0.538,0.0,,1.0,4.0,0.781,9.0,16.0,0.563,0.0,0.0,,4.0,0.0,72.0,0.0,5.0,25.0,137.0,0.0,1.0,4.0,0.0
bookede01,Devin Booker,https://www.basketball-reference.com/players/b/bookede01.html,2021-22,2022,25.0,PHO,SG,SG,7.0,SG,68.0,68.0,2345.0,479.0,943.0,0.508,183.0,478.0,0.383,329.0,"MVP-4,AS,NBA1",26.0,297.0,0.53,662.0,1421.0,0.466,315.0,363.0,0.868,45.0,180.0,1822.0,8.0,77.0,162.0,342.0,0.0,7.0,13.9,0.508,2.7,7.0,0.383,4.8,"MVP-4,AS,NBA1",0.4,4.4,0.53,9.7,20.9,0.466,4.6,5.3,0.868,68.0,68.0,34.5,0.7,2.6,26.8,12.0,1.1,2.4,5.0,7.4,14.5,0.508,2.8,7.3,0.383,5.1,"MVP-4,AS,NBA1",0.4,4.6,0.53,10.2,21.8,0.466,4.8,5.6,0.868,68.0,68.0,2345.0,0.7,2.8,28.0,36.0,1.2,2.5,5.3,9.8,19.4,0.508,3.8,9.8,0.383,6.8,"MVP-4,AS,NBA1",0.5,6.1,109.0,0.53,13.6,29.2,0.466,6.5,7.4,0.868,68.0,68.0,2345.0,0.9,113.0,3.7,37.4,36.0,1.6,3.3,7.0,0.336,22.4,"MVP-4,AS,NBA1",1.0,4.1,0.2,13.2,3.3,0.255,68.0,68.0,2345.0,3.9,2.1,4.3,21.3,36.0,1.6,9.3,7.8,0.576,32.0,3.6,7.6,0.156,"MVP-4,AS,NBA1",16,76,9,132,68,68,37,56,788,2345,4.8,9.7,0,0,4,15,81,36,96,37,2.0,0.0,"MVP-4,AS,NBA1",0.362,0.121,15.8,21.0,0.016,0.466,0.699,0.468,0.473,0.508,0.475,0.383,68.0,68.0,2345.0,0.395,0.634,0.108,0.22,0.168,0.664,0.153,0.336,36.0,-4.1,32.6,"MVP-4,AS,NBA1",68.0,68.0,95.0,84.0,108.0,100.0,101.0,112.0,103.0,102.0,2345.0,36.0,0.508,0.336,0.383,0.53,0.466,0.868,0.255,0.576,,10.0,10.0,87.0,93.0,122.0,100.0,98.0,114.0,122.0,104.0,366.0,39.0,0.464,0.371,0.431,0.531,0.451,0.887,0.303,0.587,0.371,18.7,,1.1,1.9,-1.3,12.0,0.0,0.303,10.0,10.0,366.0,3.3,3.3,0.5,18.0,39.0,0.7,13.9,7.8,0.587,28.9,0.4,0.6,0.072,,5.0,12.0,3.0,19.0,10.0,10.0,3.0,6.0,103.0,366.0,-4.5,-3.1,0.0,0.0,3.0,4.0,93.0,39.0,17.0,9.0,7.2,15.5,0.464,3.9,9.2,0.431,6.2,,0.6,5.4,120.0,0.531,11.1,24.7,0.451,6.6,7.5,0.887,10.0,10.0,366.0,1.4,111.0,3.5,32.8,39.0,0.7,4.5,6.8,5.0,10.8,0.464,2.8,6.4,0.431,4.3,,0.4,3.7,0.531,7.8,17.2,0.451,4.6,5.2,0.887,10.0,10.0,366.0,1.0,2.5,22.9,39.0,0.5,3.1,4.7,5.1,11.0,0.464,2.8,6.5,0.431,4.4,,0.4,3.8,0.531,7.9,17.5,0.451,4.7,5.3,0.887,10.0,10.0,36.6,1.0,2.5,23.3,13.0,0.5,3.2,4.8,0.0,0.0,,0.6,0.077,16.0,2.0,0.011,0.451,0.682,0.436,0.381,0.464,0.393,0.431,10.0,10.0,366.0,0.294,0.679,0.126,0.223,0.12,0.629,0.16,0.371,39.0,51.0,110.0,0.464,28.0,65.0,0.431,44.0,,4.0,38.0,0.531,79.0,175.0,0.451,47.0,53.0,0.887,10.0,10.0,366.0,10.0,25.0,233.0,19.0,5.0,32.0,48.0,0.0
caldwke01,Kentavious Caldwell-Pope,https://www.basketball-reference.com/players/c/caldwke01.html,2021-22,2022,28.0,WAS,SG,SG,8.0,SG,77.0,77.0,2329.0,202.0,421.0,0.48,159.0,408.0,0.39,145.0,,26.0,220.0,0.531,361.0,829.0,0.435,137.0,154.0,0.89,41.0,139.0,1018.0,75.0,83.0,97.0,261.0,0.0,2.6,5.5,0.48,2.1,5.3,0.39,1.9,,0.3,2.9,0.531,4.7,10.8,0.435,1.8,2.0,0.89,77.0,77.0,30.2,0.5,1.8,13.2,115.0,1.1,1.3,3.4,3.1,6.5,0.48,2.5,6.3,0.39,2.2,,0.4,3.4,0.531,5.6,12.8,0.435,2.1,2.4,0.89,77.0,77.0,2329.0,0.6,2.1,15.7,41.0,1.3,1.5,4.0,4.3,8.9,0.48,3.4,8.7,0.39,3.1,,0.6,4.7,116.0,0.531,7.7,17.6,0.435,2.9,3.3,0.89,77.0,77.0,2329.0,0.9,109.0,3.0,21.6,41.0,1.8,2.1,5.5,0.492,9.1,,0.9,-1.5,-0.6,10.3,1.4,0.186,77.0,77.0,2329.0,-0.9,2.0,1.4,12.6,41.0,1.8,9.8,6.2,0.568,19.0,0.3,2.8,0.058,,6,66,30,62,77,77,15,22,327,2329,-3.1,-4.5,0,0,1,48,51,41,50,37,0.0,0.0,,0.46,0.336,18.0,6.0,0.011,0.435,0.678,0.43,0.465,0.48,0.365,0.39,77.0,77.0,2329.0,0.614,0.899,0.105,0.112,0.174,0.508,0.116,0.492,41.0,-0.5,2.9,,77.0,77.0,90.0,123.0,110.0,100.0,94.0,115.0,75.0,100.0,2329.0,41.0,0.48,0.492,0.39,0.531,0.435,0.89,0.186,0.568,,,,,,,,,,,,,,,,,,,,,,,,,,,,,,,,,,,,,,,,,,,,,,,,,,,,,,,,,,,,,,,,,,,,,,,,,,,,,,,,,,,,,,,,,,,,,,,,,,,,,,,,,,,,,,,,,,,,,,,,,,,,,,,,,,,,,,,,,,,,,,,,,,,,,,,,,,,,,,,,,,,,,,,,,,,,,,,,,,,,,,,,,,,,,,,,,,,,,,,,,,,,,
lavinza01,Zach LaVine,https://www.basketball-reference.com/players/l/lavinza01.html,2021-22,2022,26.0,CHI,SG,SG,9.0,SG,67.0,67.0,2328.0,380.0,711.0,0.534,185.0,475.0,0.389,303.0,AS,23.0,286.0,0.554,565.0,1186.0,0.476,320.0,375.0,0.853,22.0,120.0,1635.0,13.0,41.0,171.0,308.0,0.0,5.7,10.6,0.534,2.8,7.1,0.389,4.5,AS,0.3,4.3,0.554,8.4,17.7,0.476,4.8,5.6,0.853,67.0,67.0,34.7,0.3,1.8,24.4,17.0,0.6,2.6,4.6,5.9,11.0,0.534,2.9,7.3,0.389,4.7,AS,0.4,4.4,0.554,8.7,18.3,0.476,4.9,5.8,0.853,67.0,67.0,2328.0,0.3,1.9,25.3,42.0,0.6,2.6,4.8,8.0,14.9,0.534,3.9,10.0,0.389,6.4,AS,0.5,6.0,116.0,0.554,11.8,24.9,0.476,6.7,7.9,0.853,67.0,67.0,2328.0,0.5,115.0,2.5,34.3,42.0,0.9,3.6,6.5,0.401,20.8,AS,0.9,2.4,-1.5,13.8,1.3,0.316,67.0,67.0,2328.0,3.9,1.1,4.5,20.0,42.0,0.9,11.2,7.4,0.605,28.8,2.6,5.8,0.12,AS,14,61,1,154,67,67,35,61,702,2328,-0.7,-0.6,0,2,1,48,50,42,69,69,0.0,0.0,AS,0.53,0.139,15.2,62.0,0.055,0.476,0.7,0.343,0.408,0.534,0.451,0.389,67.0,67.0,2328.0,0.35,0.568,0.264,0.086,0.147,0.599,0.103,0.401,42.0,53.8,105.7,AS,67.0,67.0,100.0,100.0,110.0,104.0,103.0,110.0,127.0,107.0,2328.0,42.0,0.534,0.401,0.389,0.554,0.476,0.853,0.316,0.605,,4.0,4.0,87.0,95.0,106.0,94.0,93.0,120.0,96.0,98.0,153.0,97.0,0.462,0.381,0.375,0.5,0.429,0.933,0.238,0.553,0.381,27.0,,0.6,1.8,0.6,15.0,0.2,0.238,4.0,4.0,153.0,1.3,0.0,0.0,13.8,97.0,0.9,14.7,6.9,0.553,23.4,0.1,0.1,0.045,,2.0,3.0,0.0,7.0,4.0,4.0,3.0,5.0,56.0,153.0,1.8,-12.9,0.0,0.0,15.0,6.0,79.0,97.0,5.0,3.0,5.6,12.2,0.462,2.8,7.5,0.375,7.5,,0.3,6.6,112.0,0.5,8.4,19.7,0.429,4.4,4.7,0.933,4.0,4.0,153.0,0.0,102.0,2.8,24.1,97.0,0.9,3.8,6.6,4.2,9.2,0.462,2.1,5.6,0.375,5.6,,0.2,4.9,0.5,6.4,14.8,0.429,3.3,3.5,0.933,4.0,4.0,153.0,0.0,2.1,18.1,97.0,0.7,2.8,4.9,4.5,9.8,0.462,2.3,6.0,0.375,6.0,,0.3,5.3,0.5,6.8,15.8,0.429,3.5,3.8,0.933,4.0,4.0,38.3,0.0,2.3,19.3,24.0,0.8,3.0,5.3,0.0,0.0,,0.5,0.083,15.0,1.0,0.016,0.429,0.625,0.0,0.364,0.462,0.4,0.375,4.0,4.0,153.0,0.444,1.0,0.254,0.032,0.175,0.619,0.159,0.381,97.0,18.0,39.0,0.462,9.0,24.0,0.375,24.0,,1.0,21.0,0.5,27.0,63.0,0.429,14.0,15.0,0.933,4.0,4.0,153.0,0.0,9.0,77.0,73.0,3.0,12.0,21.0,0.0
burksal01,Alec Burks,https://www.basketball-reference.com/players/b/burksal01.html,2021-22,2022,30.0,NYK,SG,SG,10.0,SG,81.0,44.0,2318.0,128.0,339.0,0.378,157.0,389.0,0.404,239.0,,26.0,350.0,0.499,285.0,728.0,0.391,217.0,264.0,0.822,47.0,215.0,944.0,88.0,85.0,91.0,397.0,0.0,1.6,4.2,0.378,1.9,4.8,0.404,3.0,,0.3,4.3,0.499,3.5,9.0,0.391,2.7,3.3,0.822,81.0,44.0,28.6,0.6,2.7,11.7,139.0,1.0,1.1,4.9,2.0,5.3,0.378,2.4,6.0,0.404,3.7,,0.4,5.4,0.499,4.4,11.3,0.391,3.4,4.1,0.822,81.0,44.0,2318.0,0.7,3.3,14.7,43.0,1.3,1.4,6.2,2.8,7.3,0.378,3.4,8.4,0.404,5.2,,0.6,7.6,110.0,0.499,6.2,15.7,0.391,4.7,5.7,0.822,81.0,44.0,2318.0,1.0,117.0,4.6,20.4,43.0,1.8,2.0,8.6,0.534,15.7,,1.1,0.8,1.2,16.6,2.9,0.363,81.0,44.0,2318.0,-0.4,2.1,3.2,13.7,43.0,1.8,9.7,9.2,0.559,17.7,1.7,6.1,0.126,,11,95,23,112,81,44,25,28,579,2318,6.6,3.0,0,1,0,49,50,43,56,20,0.0,0.0,,0.432,0.226,17.4,3.0,0.004,0.391,0.444,0.358,0.375,0.378,0.342,0.404,81.0,44.0,2318.0,0.43,0.752,0.124,0.111,0.066,0.466,0.165,0.534,43.0,-47.1,-11.6,,81.0,44.0,71.0,134.0,114.0,94.0,85.0,106.0,146.0,99.0,2318.0,43.0,0.378,0.534,0.404,0.499,0.391,0.822,0.363,0.559,,,,,,,,,,,,,,,,,,,,,,,,,,,,,,,,,,,,,,,,,,,,,,,,,,,,,,,,,,,,,,,,,,,,,,,,,,,,,,,,,,,,,,,,,,,,,,,,,,,,,,,,,,,,,,,,,,,,,,,,,,,,,,,,,,,,,,,,,,,,,,,,,,,,,,,,,,,,,,,,,,,,,,,,,,,,,,,,,,,,,,,,,,,,,,,,,,,,,,,,,,,,,
poolejo01,Jordan Poole,https://www.basketball-reference.com/players/p/poolejo01.html,2021-22,2022,22.0,GSW,SG,SG,11.0,SG,76.0,51.0,2283.0,263.0,478.0,0.55,211.0,580.0,0.364,304.0,,23.0,226.0,0.548,474.0,1058.0,0.448,246.0,266.0,0.925,34.0,206.0,1405.0,27.0,60.0,187.0,260.0,0.0,3.5,6.3,0.55,2.8,7.6,0.364,4.0,,0.3,3.0,0.548,6.2,13.9,0.448,3.2,3.5,0.925,76.0,51.0,30.0,0.4,2.7,18.5,47.0,0.8,2.5,3.4,4.1,7.5,0.55,3.3,9.1,0.364,4.8,,0.4,3.6,0.548,7.5,16.7,0.448,3.9,4.2,0.925,76.0,51.0,2283.0,0.5,3.2,22.2,48.0,0.9,2.9,4.1,5.6,10.2,0.55,4.5,12.4,0.364,6.5,,0.5,4.8,110.0,0.548,10.1,22.6,0.448,5.3,5.7,0.925,76.0,51.0,2283.0,0.7,112.0,4.4,30.0,48.0,1.3,4.0,5.6,0.548,21.0,,1.0,1.0,-0.3,10.5,2.9,0.251,76.0,51.0,2283.0,1.3,1.7,3.1,16.1,48.0,1.3,13.7,6.2,0.598,26.0,1.7,6.0,0.126,,18,77,19,101,76,51,27,57,723,2283,1.4,6.3,0,0,33,5,62,48,95,49,5.0,1.0,,0.355,0.16,17.8,16.0,0.019,0.448,0.68,0.457,0.431,0.55,0.523,0.364,76.0,51.0,2283.0,0.414,0.706,0.142,0.066,0.061,0.452,0.182,0.548,48.0,33.9,74.9,,76.0,51.0,103.0,137.0,103.0,103.0,97.0,119.0,101.0,106.0,2283.0,48.0,0.55,0.548,0.364,0.548,0.448,0.925,0.251,0.598,,22.0,5.0,118.0,126.0,110.0,114.0,110.0,118.0,113.0,116.0,606.0,15.0,0.627,0.504,0.391,0.606,0.508,0.915,0.28,0.654,0.504,21.1,,1.3,2.8,0.4,9.4,0.5,0.28,22.0,5.0,606.0,2.4,1.9,1.4,18.8,15.0,1.4,15.7,5.7,0.654,24.5,0.7,1.9,0.151,,3.0,22.0,9.0,30.0,22.0,5.0,9.0,18.0,197.0,606.0,-5.5,3.1,0.0,0.0,34.0,8.0,59.0,15.0,23.0,21.0,6.4,10.3,0.627,4.1,10.4,0.391,6.8,,0.7,4.2,113.0,0.606,10.5,20.7,0.508,5.3,5.8,0.915,22.0,5.0,606.0,0.8,119.0,5.1,30.4,15.0,1.4,4.3,5.1,4.7,7.5,0.627,3.0,7.6,0.391,4.9,,0.5,3.1,0.606,7.7,15.1,0.508,3.9,4.2,0.915,22.0,5.0,606.0,0.6,3.7,22.2,15.0,1.0,3.1,3.7,3.6,5.7,0.627,2.3,5.8,0.391,3.8,,0.4,2.4,0.606,5.9,11.5,0.508,3.0,3.2,0.915,22.0,5.0,27.5,0.5,2.8,17.0,34.0,0.8,2.4,2.8,1.0,0.0,,0.412,0.133,17.0,4.0,0.016,0.508,0.786,0.273,0.647,0.627,0.614,0.391,22.0,5.0,606.0,0.342,0.66,0.11,0.043,0.067,0.496,0.276,0.504,15.0,79.0,126.0,0.627,50.0,128.0,0.391,83.0,,8.0,52.0,0.606,129.0,254.0,0.508,65.0,71.0,0.915,22.0,5.0,606.0,10.0,62.0,373.0,9.0,17.0,53.0,62.0,0.0
bartowi01,Will Barton,https://www.basketball-reference.com/players/b/bartowi01.html,2021-22,2022,31.0,DEN,SG,SG,12.0,SG,71.0,71.0,2277.0,235.0,466.0,0.504,157.0,430.0,0.365,276.0,,31.0,296.0,0.525,392.0,896.0,0.438,102.0,127.0,0.803,44.0,114.0,1043.0,71.0,55.0,127.0,340.0,0.0,3.3,6.6,0.504,2.2,6.1,0.365,3.9,,0.4,4.2,0.525,5.5,12.6,0.438,1.4,1.8,0.803,71.0,71.0,32.1,0.6,1.6,14.7,97.0,0.8,1.8,4.8,3.7,7.4,0.504,2.5,6.8,0.365,4.4,,0.5,4.7,0.525,6.2,14.2,0.438,1.6,2.0,0.803,71.0,71.0,2277.0,0.7,1.8,16.5,49.0,0.9,2.0,5.4,5.1,10.0,0.504,3.4,9.3,0.365,5.9,,0.7,6.4,114.0,0.525,8.4,19.3,0.438,2.2,2.7,0.803,71.0,71.0,2277.0,0.9,108.0,2.5,22.5,49.0,1.2,2.7,7.3,0.48,17.6,,1.2,-0.5,-0.9,14.1,1.9,0.142,71.0,71.0,2277.0,0.4,2.2,1.2,13.4,49.0,1.2,11.8,8.3,0.548,20.8,0.9,3.2,0.067,,10,62,8,59,71,71,11,47,646,2277,-1.2,1.8,0,0,1,15,84,49,64,45,1.0,0.0,,0.441,0.216,16.0,23.0,0.027,0.438,0.701,0.433,0.359,0.504,0.398,0.365,71.0,71.0,2277.0,0.498,0.771,0.186,0.067,0.087,0.52,0.18,0.48,49.0,-11.8,-34.5,,71.0,71.0,95.0,120.0,103.0,99.0,95.0,104.0,57.0,97.0,2277.0,49.0,0.504,0.48,0.365,0.525,0.438,0.803,0.142,0.548,,5.0,5.0,79.0,106.0,111.0,93.0,89.0,86.0,37.0,89.0,172.0,84.0,0.421,0.424,0.393,0.492,0.409,0.667,0.091,0.503,0.424,12.3,,0.6,-2.8,-2.3,17.1,-0.1,0.091,5.0,5.0,172.0,-0.5,3.5,0.0,9.9,84.0,1.2,12.7,10.1,0.503,19.9,0.0,-0.1,-0.027,,0.0,7.0,0.0,3.0,5.0,5.0,0.0,7.0,34.0,172.0,-12.4,-13.3,0.0,1.0,0.0,15.0,84.0,84.0,8.0,2.0,4.6,10.9,0.421,3.2,8.1,0.393,4.0,,0.3,6.6,123.0,0.492,7.8,19.0,0.409,1.2,1.7,0.667,5.0,5.0,172.0,1.4,100.0,3.2,19.9,84.0,1.2,2.9,8.1,3.3,8.0,0.421,2.3,5.9,0.393,2.9,,0.2,4.8,0.492,5.7,13.8,0.409,0.8,1.3,0.667,5.0,5.0,172.0,1.0,2.3,14.4,84.0,0.8,2.1,5.9,3.2,7.6,0.421,2.2,5.6,0.393,2.8,,0.2,4.6,0.492,5.4,13.2,0.409,0.8,1.2,0.667,5.0,5.0,34.4,1.0,2.2,13.8,50.0,0.8,2.0,5.6,1.0,0.0,,0.2,0.179,16.4,1.0,0.015,0.409,1.0,0.375,0.0,0.421,0.435,0.393,5.0,5.0,172.0,0.563,1.0,0.045,0.121,0.061,0.576,0.348,0.424,84.0,16.0,38.0,0.421,11.0,28.0,0.393,14.0,,1.0,23.0,0.492,27.0,66.0,0.409,4.0,6.0,0.667,5.0,5.0,172.0,5.0,11.0,69.0,83.0,4.0,10.0,28.0,0.0
banede01,Desmond Bane,https://www.basketball-reference.com/players/b/banede01.html,2021-22,2022,23.0,MEM,SG,SG,13.0,SG,76.0,76.0,2266.0,280.0,578.0,0.484,228.0,523.0,0.436,208.0,,29.0,288.0,0.565,508.0,1101.0,0.461,140.0,155.0,0.903,46.0,196.0,1384.0,29.0,92.0,111.0,334.0,0.0,3.7,7.6,0.484,3.0,6.9,0.436,2.7,,0.4,3.8,0.565,6.7,14.5,0.461,1.8,2.0,0.903,76.0,76.0,29.8,0.6,2.6,18.2,52.0,1.2,1.5,4.4,4.4,9.2,0.484,3.6,8.3,0.436,3.3,,0.5,4.6,0.565,8.1,17.5,0.461,2.2,2.5,0.903,76.0,76.0,2266.0,0.7,3.1,22.0,50.0,1.5,1.8,5.3,5.9,12.2,0.484,4.8,11.0,0.436,4.4,,0.6,6.1,110.0,0.565,10.7,23.2,0.461,3.0,3.3,0.903,76.0,76.0,2266.0,1.0,119.0,4.1,29.2,50.0,1.9,2.3,7.1,0.475,13.5,,1.1,2.7,0.3,13.6,2.7,0.141,76.0,76.0,2266.0,2.5,2.1,4.5,17.6,50.0,1.9,8.7,7.7,0.592,23.1,2.7,7.2,0.153,,17,92,2,53,76,76,16,67,518,2266,3.8,7.4,0,1,0,41,58,50,43,32,1.0,0.0,,0.383,0.18,16.6,6.0,0.005,0.461,0.673,0.437,0.413,0.484,0.376,0.436,76.0,76.0,2266.0,0.589,0.82,0.153,0.114,0.099,0.525,0.154,0.475,50.0,73.2,60.5,,76.0,76.0,91.0,119.0,123.0,106.0,100.0,117.0,57.0,105.0,2266.0,50.0,0.484,0.475,0.436,0.565,0.461,0.903,0.141,0.592,,12.0,12.0,87.0,139.0,138.0,115.0,104.0,111.0,89.0,114.0,428.0,30.0,0.465,0.553,0.489,0.613,0.478,0.857,0.22,0.645,0.553,9.3,,2.1,3.5,0.6,10.4,0.5,0.22,12.0,12.0,428.0,2.9,1.2,0.9,16.0,30.0,1.2,8.4,5.5,0.645,18.2,0.6,1.3,0.15,,3.0,10.0,3.0,13.0,12.0,12.0,4.0,17.0,64.0,428.0,34.1,11.0,0.0,0.0,1.0,28.0,71.0,30.0,9.0,4.0,3.6,7.8,0.465,4.7,9.7,0.489,2.9,,1.0,4.4,111.0,0.613,8.3,17.5,0.478,3.3,3.8,0.857,12.0,12.0,428.0,0.5,123.0,2.5,24.7,30.0,1.2,1.8,4.9,2.8,6.0,0.465,3.6,7.4,0.489,2.2,,0.8,3.4,0.613,6.4,13.4,0.478,2.5,2.9,0.857,12.0,12.0,428.0,0.4,1.9,18.9,30.0,0.9,1.3,3.8,2.8,5.9,0.465,3.6,7.3,0.489,2.2,,0.8,3.3,0.613,6.3,13.3,0.478,2.5,2.9,0.857,12.0,12.0,35.7,0.4,1.9,18.8,27.0,0.9,1.3,3.8,0.0,0.0,,0.476,0.239,17.6,1.0,0.006,0.478,0.545,0.143,0.636,0.465,0.5,0.489,12.0,12.0,428.0,0.727,0.884,0.138,0.088,0.069,0.447,0.151,0.553,30.0,33.0,71.0,0.465,43.0,88.0,0.489,26.0,,9.0,40.0,0.613,76.0,159.0,0.478,30.0,35.0,0.857,12.0,12.0,428.0,5.0,23.0,225.0,22.0,11.0,16.0,45.0,0.0
mitchdo01,Donovan Mitchell,https://www.basketball-reference.com/players/m/mitchdo01.html,2021-22,2022,25.0,UTA,SG,SG,13.0,SG,67.0,67.0,2266.0,385.0,722.0,0.533,232.0,654.0,0.355,358.0,AS,12.0,227.0,0.533,617.0,1376.0,0.448,267.0,313.0,0.853,55.0,164.0,1733.0,10.0,99.0,200.0,282.0,0.0,5.7,10.8,0.533,3.5,9.8,0.355,5.3,AS,0.2,3.4,0.533,9.2,20.5,0.448,4.0,4.7,0.853,67.0,67.0,33.8,0.8,2.4,25.9,13.0,1.5,3.0,4.2,6.1,11.5,0.533,3.7,10.4,0.355,5.7,AS,0.2,3.6,0.533,9.8,21.9,0.448,4.2,5.0,0.853,67.0,67.0,2266.0,0.9,2.6,27.5,51.0,1.6,3.2,4.5,8.4,15.7,0.533,5.1,14.3,0.355,7.8,AS,0.3,5.0,111.0,0.533,13.5,30.0,0.448,5.8,6.8,0.853,67.0,67.0,2266.0,1.2,114.0,3.6,37.8,51.0,2.2,4.4,6.2,0.475,27.7,AS,0.5,4.3,-0.3,10.6,2.5,0.227,67.0,67.0,2266.0,4.6,2.7,4.7,21.6,51.0,2.2,11.7,6.8,0.572,32.9,3.6,7.2,0.152,AS,17,56,12,137,67,67,43,47,892,2266,-0.8,5.8,0,0,11,7,81,51,95,79,2.0,0.0,AS,0.356,0.09,16.7,21.0,0.018,0.448,0.708,0.519,0.434,0.533,0.465,0.355,67.0,67.0,2266.0,0.177,0.483,0.14,0.077,0.072,0.525,0.236,0.475,51.0,2.8,19.5,AS,67.0,67.0,100.0,119.0,100.0,100.0,97.0,110.0,92.0,101.0,2266.0,51.0,0.533,0.475,0.355,0.533,0.448,0.853,0.227,0.572,,6.0,6.0,95.0,90.0,59.0,82.0,86.0,114.0,127.0,89.0,229.0,58.0,0.506,0.361,0.208,0.436,0.398,0.881,0.316,0.505,0.361,29.8,,1.6,2.8,-1.1,10.1,0.1,0.316,6.0,6.0,229.0,3.9,3.1,0.2,19.0,58.0,0.9,9.6,6.6,0.505,34.3,0.3,0.3,0.054,,1.0,4.0,1.0,13.0,6.0,6.0,4.0,4.0,79.0,229.0,-17.2,-9.2,0.0,0.0,6.0,9.0,85.0,58.0,7.0,6.0,9.9,19.6,0.506,2.3,11.1,0.208,7.8,,0.7,4.6,117.0,0.436,12.2,30.6,0.398,8.5,9.7,0.881,6.0,6.0,229.0,1.4,106.0,3.2,35.2,58.0,0.9,3.7,6.0,6.8,13.4,0.506,1.6,7.5,0.208,5.3,,0.5,3.1,0.436,8.3,20.9,0.398,5.8,6.6,0.881,6.0,6.0,229.0,0.9,2.2,24.1,58.0,0.6,2.5,4.1,7.2,14.2,0.506,1.7,8.0,0.208,5.7,,0.5,3.3,0.436,8.8,22.2,0.398,6.2,7.0,0.881,6.0,6.0,38.2,1.0,2.3,25.5,10.0,0.7,2.7,4.3,0.0,0.0,,0.333,0.063,13.7,3.0,0.03,0.398,0.667,0.474,0.0,0.506,0.486,0.208,6.0,6.0,229.0,0.186,0.3,0.18,0.143,0.038,0.639,0.278,0.361,58.0,43.0,85.0,0.506,10.0,48.0,0.208,34.0,,3.0,20.0,0.436,53.0,133.0,0.398,37.0,42.0,0.881,6.0,6.0,229.0,6.0,14.0,153.0,39.0,4.0,16.0,26.0,0.0
whitede01,Derrick White,https://www.basketball-reference.com/players/w/whitede01.html,2021-22,2022,27.0,2TM,SG,SG,15.0,SG,75.0,52.0,2199.0,222.0,431.0,0.515,115.0,369.0,0.312,366.0,,58.0,223.0,0.493,337.0,800.0,0.421,203.0,235.0,0.864,38.0,172.0,992.0,78.0,64.0,119.0,261.0,0.0,3.0,5.7,0.515,1.5,4.9,0.312,4.9,,0.8,3.0,0.493,4.5,10.7,0.421,2.7,3.1,0.864,75.0,52.0,29.3,0.5,2.3,13.2,114.0,0.9,1.6,3.5,3.6,7.1,0.515,1.9,6.0,0.312,6.0,,0.9,3.7,0.493,5.5,13.1,0.421,3.3,3.8,0.864,75.0,52.0,2199.0,0.6,2.8,16.2,59.0,1.0,1.9,4.3,4.9,9.5,0.515,2.5,8.1,0.312,8.1,,1.3,4.9,112.0,0.493,7.4,17.7,0.421,4.5,5.2,0.864,75.0,52.0,2199.0,0.8,114.0,3.8,21.9,59.0,1.4,2.6,5.8,0.461,22.9,,2.3,0.9,0.6,10.7,2.3,0.294,75.0,52.0,2199.0,0.4,1.8,2.8,14.8,59.0,1.4,11.6,6.3,0.549,19.9,1.6,5.1,0.111,,5,93,51,109,75,52,27,29,850,2199,3.2,4.9,0,0,15,5,80,59,67,36,1.0,0.0,,0.306,0.195,15.6,7.0,0.009,0.421,0.614,0.479,0.217,0.515,0.503,0.312,75.0,52.0,2199.0,0.401,0.835,0.159,0.12,0.029,0.539,0.231,0.461,59.0,-61.7,-30.6,,75.0,52.0,97.0,116.0,88.0,93.0,91.0,112.0,118.0,97.0,2199.0,59.0,0.515,0.461,0.312,0.493,0.421,0.864,0.294,0.549,,23.0,3.0,77.0,118.0,89.0,82.0,79.0,106.0,117.0,87.0,585.0,16.0,0.409,0.472,0.313,0.438,0.364,0.824,0.29,0.494,0.472,15.9,,2.0,-0.1,1.8,11.5,0.9,0.29,23.0,3.0,585.0,-2.0,1.6,-0.1,10.1,16.0,1.8,12.8,6.7,0.494,17.5,0.3,0.8,0.065,,3.0,19.0,10.0,21.0,23.0,3.0,5.0,12.0,141.0,585.0,-3.7,2.1,0.0,0.0,22.0,3.0,75.0,16.0,14.0,7.0,3.3,8.0,0.409,2.2,7.1,0.313,5.3,,1.1,5.3,108.0,0.438,5.5,15.1,0.364,3.6,4.4,0.824,23.0,3.0,585.0,0.7,101.0,4.0,16.9,16.0,1.8,2.5,6.0,2.3,5.7,0.409,1.6,5.1,0.313,3.8,,0.8,3.8,0.438,3.9,10.8,0.364,2.6,3.1,0.824,23.0,3.0,585.0,0.5,2.8,12.1,16.0,1.3,1.8,4.3,1.7,4.0,0.409,1.1,3.6,0.313,2.7,,0.6,2.7,0.438,2.8,7.7,0.364,1.8,2.2,0.824,23.0,3.0,25.4,0.3,2.0,8.5,90.0,0.9,1.3,3.0,0.0,0.0,,0.318,0.265,15.8,0.0,0.0,0.364,0.833,0.375,0.167,0.409,0.302,0.313,23.0,3.0,585.0,0.474,0.962,0.102,0.091,0.034,0.528,0.301,0.472,16.0,38.0,93.0,0.409,26.0,83.0,0.313,61.0,,13.0,62.0,0.438,64.0,176.0,0.364,42.0,51.0,0.824,23.0,3.0,585.0,8.0,46.0,196.0,28.0,21.0,29.0,70.0,0.0
huertke01,Kevin Huerter,https://www.basketball-reference.com/players/h/huertke01.html,2021-22,2022,23.0,ATL,SF,SG,16.0,SG,74.0,60.0,2188.0,185.0,349.0,0.53,160.0,411.0,0.389,203.0,,26.0,222.0,0.559,345.0,760.0,0.454,42.0,52.0,0.808,32.0,185.0,892.0,102.0,55.0,91.0,254.0,0.0,2.5,4.7,0.53,2.2,5.6,0.389,2.7,,0.4,3.0,0.559,4.7,10.3,0.454,0.6,0.7,0.808,74.0,60.0,29.6,0.4,2.5,12.1,131.0,0.7,1.2,3.4,3.0,5.7,0.53,2.6,6.8,0.389,3.3,,0.4,3.7,0.559,5.7,12.5,0.454,0.7,0.9,0.808,74.0,60.0,2188.0,0.5,3.0,14.7,60.0,0.9,1.5,4.2,4.2,7.8,0.53,3.6,9.2,0.389,4.6,,0.6,5.0,117.0,0.559,7.7,17.1,0.454,0.9,1.2,0.808,74.0,60.0,2188.0,0.7,112.0,4.2,20.0,60.0,1.2,2.0,5.7,0.541,13.2,,1.1,-1.2,-0.7,11.0,1.0,0.068,74.0,60.0,2188.0,-0.5,1.6,1.8,11.9,60.0,1.2,10.4,6.4,0.57,17.5,0.4,2.8,0.062,,5,82,6,20,74,60,5,23,484,2188,4.8,4.0,0,1,0,42,58,60,50,23,2.0,0.0,,0.453,0.258,17.8,3.0,0.004,0.454,0.667,0.505,0.467,0.53,0.49,0.389,74.0,60.0,2188.0,0.519,0.9,0.107,0.136,0.079,0.459,0.134,0.541,60.0,41.8,5.8,,74.0,60.0,100.0,135.0,110.0,105.0,98.0,104.0,28.0,101.0,2188.0,60.0,0.53,0.541,0.389,0.559,0.454,0.808,0.068,0.57,,5.0,5.0,94.0,165.0,82.0,86.0,78.0,97.0,34.0,83.0,154.0,95.0,0.5,0.66,0.29,0.457,0.362,0.75,0.085,0.472,0.66,20.3,,2.0,-0.8,1.1,11.2,0.1,0.085,5.0,5.0,154.0,-1.9,0.8,-0.2,7.7,95.0,2.0,18.4,5.9,0.472,17.9,0.0,-0.1,-0.017,,0.0,7.0,0.0,1.0,5.0,5.0,0.0,2.0,44.0,154.0,-20.3,-21.0,0.0,6.0,0.0,42.0,53.0,95.0,8.0,3.0,2.6,5.2,0.5,2.9,10.1,0.29,6.2,,1.0,4.6,114.0,0.457,5.6,15.4,0.362,1.0,1.3,0.75,5.0,5.0,154.0,0.3,92.0,4.9,15.1,95.0,2.0,3.6,4.9,1.9,3.7,0.5,2.1,7.2,0.29,4.4,,0.7,3.3,0.457,4.0,11.0,0.362,0.7,0.9,0.75,5.0,5.0,154.0,0.2,3.5,10.8,95.0,1.4,2.6,3.5,1.6,3.2,0.5,1.8,6.2,0.29,3.8,,0.6,2.8,0.457,3.4,9.4,0.362,0.6,0.8,0.75,5.0,5.0,30.8,0.2,3.0,9.2,82.0,1.2,2.2,3.0,0.0,0.0,,0.222,0.29,20.7,2.0,0.043,0.362,1.0,0.5,0.2,0.5,0.5,0.29,5.0,5.0,154.0,0.625,0.556,0.064,0.128,0.106,0.34,0.043,0.66,95.0,8.0,16.0,0.5,9.0,31.0,0.29,19.0,,3.0,14.0,0.457,17.0,47.0,0.362,3.0,4.0,0.75,5.0,5.0,154.0,1.0,15.0,46.0,112.0,6.0,11.0,15.0,0.0
herroty01,Tyler Herro,https://www.basketball-reference.com/players/h/herroty01.html,2021-22,2022,22.0,MIA,SG,SG,17.0,SG,66.0,10.0,2151.0,326.0,683.0,0.477,175.0,439.0,0.399,263.0,6MOY-1,8.0,297.0,0.525,501.0,1122.0,0.447,190.0,219.0,0.868,32.0,95.0,1367.0,33.0,44.0,174.0,329.0,0.0,4.9,10.3,0.477,2.7,6.7,0.399,4.0,6MOY-1,0.1,4.5,0.525,7.6,17.0,0.447,2.9,3.3,0.868,66.0,10.0,32.6,0.5,1.4,20.7,32.0,0.7,2.6,5.0,5.5,11.4,0.477,2.9,7.3,0.399,4.4,6MOY-1,0.1,5.0,0.525,8.4,18.8,0.447,3.2,3.7,0.868,66.0,10.0,2151.0,0.5,1.6,22.9,62.0,0.7,2.9,5.5,7.6,15.9,0.477,4.1,10.2,0.399,6.1,6MOY-1,0.2,6.9,111.0,0.525,11.7,26.1,0.447,4.4,5.1,0.868,66.0,10.0,2151.0,0.7,107.0,2.2,31.8,62.0,1.0,4.0,7.7,0.391,20.9,6MOY-1,0.4,0.7,-0.9,15.4,2.4,0.195,66.0,10.0,2151.0,1.6,1.7,1.3,16.2,62.0,1.0,12.5,8.7,0.561,28.8,1.5,3.8,0.084,6MOY-1,8,45,12,81,66,10,16,75,632,2151,2.5,5.7,0,0,23,11,66,62,91,52,5.0,0.0,6MOY-1,0.389,0.205,15.7,14.0,0.014,0.447,0.686,0.452,0.394,0.477,0.407,0.399,66.0,10.0,2151.0,0.328,0.709,0.136,0.15,0.122,0.609,0.191,0.391,62.0,-16.1,-12.2,6MOY-1,66.0,10.0,90.0,98.0,113.0,99.0,97.0,112.0,79.0,99.0,2151.0,62.0,0.477,0.391,0.399,0.525,0.447,0.868,0.195,0.561,,15.0,0.0,98.0,97.0,65.0,85.0,89.0,120.0,60.0,87.0,381.0,36.0,0.523,0.387,0.229,0.453,0.409,0.926,0.149,0.49,0.387,18.5,,1.7,-1.0,-0.5,16.3,0.5,0.149,15.0,0.0,381.0,-0.5,2.1,-0.3,12.6,36.0,1.2,12.3,9.0,0.49,25.7,0.1,0.2,0.03,,1.0,13.0,1.0,8.0,15.0,0.0,2.0,10.0,93.0,381.0,-22.7,-8.6,0.0,1.0,7.0,20.0,72.0,36.0,14.0,8.0,7.8,14.8,0.523,2.1,9.4,0.229,5.6,,0.8,6.8,108.0,0.453,9.9,24.2,0.409,3.3,3.6,0.926,15.0,0.0,381.0,0.9,97.0,2.8,25.3,36.0,1.2,3.6,7.8,5.5,10.5,0.523,1.5,6.6,0.229,4.0,,0.6,4.8,0.453,7.0,17.1,0.409,2.4,2.6,0.926,15.0,0.0,381.0,0.7,2.0,17.9,36.0,0.9,2.6,5.5,3.9,7.4,0.523,1.1,4.7,0.229,2.8,,0.4,3.4,0.453,4.9,12.1,0.409,1.7,1.8,0.926,15.0,0.0,25.4,0.5,1.4,12.6,55.0,0.6,1.8,3.9,0.0,0.0,,0.231,0.186,16.6,1.0,0.006,0.409,0.68,0.52,0.441,0.523,0.481,0.229,15.0,0.0,381.0,0.397,0.625,0.138,0.138,0.188,0.613,0.149,0.387,36.0,58.0,111.0,0.523,16.0,70.0,0.229,42.0,,6.0,51.0,0.453,74.0,181.0,0.409,25.0,27.0,0.926,15.0,0.0,381.0,7.0,21.0,189.0,30.0,9.0,27.0,58.0,0.0
mccolcj01,CJ McCollum,https://www.basketball-reference.com/players/m/mccolcj01.html,2021-22,2022,30.0,2TM,PG,SG,18.0,SG,62.0,62.0,2145.0,354.0,695.0,0.509,182.0,469.0,0.388,315.0,,22.0,216.0,0.539,536.0,1164.0,0.46,116.0,170.0,0.682,53.0,121.0,1370.0,31.0,70.0,127.0,269.0,0.0,5.7,11.2,0.509,2.9,7.6,0.388,5.1,,0.4,3.5,0.539,8.6,18.8,0.46,1.9,2.7,0.682,62.0,62.0,34.6,0.9,2.0,22.1,26.0,1.1,2.0,4.3,5.9,11.7,0.509,3.1,7.9,0.388,5.3,,0.4,3.6,0.539,9.0,19.5,0.46,1.9,2.9,0.682,62.0,62.0,2145.0,0.9,2.0,23.0,63.0,1.2,2.1,4.5,8.1,15.9,0.509,4.2,10.7,0.388,7.2,,0.5,4.9,117.0,0.539,12.3,26.6,0.46,2.7,3.9,0.682,62.0,62.0,2145.0,1.2,111.0,2.8,31.3,63.0,1.6,2.9,6.2,0.403,26.1,,1.0,1.9,-1.3,11.5,1.0,0.146,62.0,62.0,2145.0,3.2,2.6,2.6,18.3,63.0,1.6,9.3,6.9,0.553,27.5,2.1,3.6,0.081,,11,48,7,77,62,62,25,56,748,2145,6.3,-1.2,0,0,19,5,76,63,70,31,0.0,0.0,,0.368,0.122,15.9,4.0,0.003,0.46,0.646,0.505,0.486,0.509,0.445,0.388,62.0,62.0,2145.0,0.254,0.637,0.124,0.16,0.124,0.597,0.18,0.403,63.0,16.3,-32.3,,62.0,62.0,96.0,101.0,110.0,101.0,100.0,88.0,59.0,98.0,2145.0,63.0,0.509,0.403,0.388,0.539,0.46,0.682,0.146,0.553,,6.0,6.0,81.0,102.0,94.0,87.0,85.0,89.0,84.0,86.0,234.0,57.0,0.432,0.408,0.333,0.46,0.392,0.692,0.208,0.487,0.408,20.5,,1.8,0.6,-2.0,15.7,0.0,0.208,6.0,6.0,234.0,2.6,5.2,0.2,15.5,57.0,0.9,9.9,10.1,0.487,27.9,0.2,0.2,0.047,,4.0,3.0,0.0,9.0,6.0,6.0,1.0,5.0,70.0,234.0,-9.3,-3.8,0.0,0.0,49.0,0.0,51.0,57.0,7.0,4.0,7.0,16.3,0.432,3.7,11.2,0.333,6.4,,1.1,6.4,120.0,0.46,10.8,27.5,0.392,4.0,5.7,0.692,6.0,6.0,234.0,2.4,108.0,3.3,29.2,57.0,0.9,3.3,8.8,4.9,11.4,0.432,2.6,7.8,0.333,4.5,,0.8,4.5,0.46,7.5,19.2,0.392,2.8,4.0,0.692,6.0,6.0,234.0,1.7,2.3,20.5,57.0,0.6,2.3,6.2,5.3,12.3,0.432,2.8,8.5,0.333,4.8,,0.8,4.8,0.46,8.2,20.8,0.392,3.0,4.3,0.692,6.0,6.0,39.0,1.8,2.5,22.2,16.0,0.7,2.5,6.7,0.0,0.0,,0.0,0.059,16.8,1.0,0.008,0.392,0.5,0.36,0.412,0.432,0.5,0.333,6.0,6.0,234.0,0.25,0.588,0.128,0.2,0.136,0.592,0.128,0.408,57.0,32.0,74.0,0.432,17.0,51.0,0.333,29.0,,5.0,29.0,0.46,49.0,125.0,0.392,18.0,26.0,0.692,6.0,6.0,234.0,11.0,15.0,133.0,46.0,4.0,15.0,40.0,0.0
clarkjo01,Jordan Clarkson,https://www.basketball-reference.com/players/c/clarkjo01.html,2021-22,2022,29.0,UTA,SG,SG,19.0,SG,79.0,1.0,2141.0,276.0,516.0,0.535,190.0,597.0,0.318,194.0,6MOY-4,16.0,206.0,0.504,466.0,1113.0,0.419,144.0,174.0,0.828,67.0,149.0,1266.0,44.0,66.0,129.0,273.0,0.0,3.5,6.5,0.535,2.4,7.6,0.318,2.5,6MOY-4,0.2,2.6,0.504,5.9,14.1,0.419,1.8,2.2,0.828,79.0,1.0,27.1,0.8,1.9,16.0,78.0,0.8,1.6,3.5,4.6,8.7,0.535,3.2,10.0,0.318,3.3,6MOY-4,0.3,3.5,0.504,7.8,18.7,0.419,2.4,2.9,0.828,79.0,1.0,2141.0,1.1,2.5,21.3,64.0,1.1,2.2,4.6,6.4,11.9,0.535,4.4,13.8,0.318,4.5,6MOY-4,0.4,4.8,113.0,0.504,10.8,25.7,0.419,3.3,4.0,0.828,79.0,1.0,2141.0,1.5,108.0,3.4,29.2,64.0,1.5,3.0,6.3,0.536,14.5,6MOY-4,0.7,-0.6,-1.2,10.2,2.0,0.156,79.0,1.0,2141.0,0.5,3.5,1.5,14.9,64.0,1.5,9.8,7.0,0.532,26.8,0.7,3.5,0.079,6MOY-4,11,45,8,75,79,1,27,40,476,2141,4.7,8.2,0,0,41,4,55,64,52,48,2.0,0.0,6MOY-4,0.348,0.193,16.9,8.0,0.012,0.419,0.627,0.554,0.25,0.535,0.515,0.318,79.0,1.0,2141.0,0.221,0.674,0.099,0.075,0.018,0.464,0.272,0.536,64.0,-61.5,-80.6,6MOY-4,79.0,1.0,100.0,134.0,90.0,95.0,91.0,107.0,63.0,94.0,2141.0,64.0,0.535,0.536,0.318,0.504,0.419,0.828,0.156,0.532,,6.0,0.0,119.0,82.0,106.0,115.0,119.0,115.0,99.0,115.0,170.0,87.0,0.633,0.329,0.375,0.61,0.548,0.889,0.247,0.649,0.329,9.5,,0.7,4.3,0.7,9.5,0.1,0.247,6.0,0.0,170.0,3.6,3.4,0.4,19.8,87.0,0.9,11.0,6.5,0.649,25.0,0.3,0.5,0.133,,3.0,6.0,1.0,8.0,6.0,0.0,1.0,2.0,18.0,170.0,11.1,-1.3,0.0,0.0,56.0,0.0,44.0,87.0,5.0,1.0,9.6,15.2,0.633,2.8,7.4,0.375,2.5,,0.3,4.3,117.0,0.61,12.4,22.7,0.548,5.0,5.6,0.889,6.0,0.0,170.0,1.6,120.0,5.3,32.6,87.0,0.9,3.1,5.9,6.6,10.4,0.633,1.9,5.1,0.375,1.7,,0.2,3.0,0.61,8.5,15.5,0.548,3.4,3.8,0.889,6.0,0.0,170.0,1.1,3.6,22.2,87.0,0.6,2.1,4.0,5.2,8.2,0.633,1.5,4.0,0.375,1.3,,0.2,2.3,0.61,6.7,12.2,0.548,2.7,3.0,0.889,6.0,0.0,28.3,0.8,2.8,17.5,31.0,0.5,1.7,3.2,0.0,0.0,,0.75,0.167,13.7,1.0,0.014,0.548,0.75,0.778,1.0,0.633,0.548,0.375,6.0,0.0,170.0,0.129,0.889,0.11,0.123,0.014,0.671,0.425,0.329,87.0,31.0,49.0,0.633,9.0,24.0,0.375,8.0,,1.0,14.0,0.61,40.0,73.0,0.548,16.0,18.0,0.889,6.0,0.0,170.0,5.0,17.0,105.0,58.0,3.0,10.0,19.0,0.0
monkma01,Malik Monk,https://www.basketball-reference.com/players/m/monkma01.html,2021-22,2022,23.0,LAL,SG,SG,20.0,SG,76.0,37.0,2139.0,218.0,384.0,0.568,173.0,442.0,0.391,218.0,,29.0,219.0,0.578,391.0,826.0,0.473,93.0,117.0,0.795,37.0,138.0,1048.0,70.0,61.0,122.0,256.0,0.0,2.9,5.1,0.568,2.3,5.8,0.391,2.9,,0.4,2.9,0.578,5.1,10.9,0.473,1.2,1.5,0.795,76.0,37.0,28.1,0.5,1.8,13.8,104.0,0.8,1.6,3.4,3.7,6.5,0.568,2.9,7.4,0.391,3.7,,0.5,3.7,0.578,6.6,13.9,0.473,1.6,2.0,0.795,76.0,37.0,2139.0,0.6,2.3,17.6,66.0,1.0,2.1,4.3,4.9,8.6,0.568,3.9,9.9,0.391,4.9,,0.6,4.9,115.0,0.578,8.8,18.5,0.473,2.1,2.6,0.795,76.0,37.0,2139.0,0.8,112.0,3.1,23.5,66.0,1.4,2.7,5.7,0.535,15.2,,1.2,-0.5,-1.0,11.0,1.4,0.142,76.0,37.0,2139.0,0.5,1.9,2.3,14.4,66.0,1.4,12.2,6.4,0.597,20.1,0.8,3.6,0.081,,8,84,6,48,76,37,13,34,518,2139,6.3,-0.2,0,0,21,24,55,66,76,28,0.0,0.0,,0.4,0.17,16.1,52.0,0.067,0.473,0.72,0.393,0.303,0.568,0.448,0.391,76.0,37.0,2139.0,0.537,0.827,0.225,0.034,0.04,0.465,0.162,0.535,66.0,76.6,54.7,,76.0,37.0,107.0,134.0,111.0,109.0,103.0,103.0,57.0,106.0,2139.0,66.0,0.568,0.535,0.391,0.578,0.473,0.795,0.142,0.597,,,,,,,,,,,,,,,,,,,,,,,,,,,,,,,,,,,,,,,,,,,,,,,,,,,,,,,,,,,,,,,,,,,,,,,,,,,,,,,,,,,,,,,,,,,,,,,,,,,,,,,,,,,,,,,,,,,,,,,,,,,,,,,,,,,,,,,,,,,,,,,,,,,,,,,,,,,,,,,,,,,,,,,,,,,,,,,,,,,,,,,,,,,,,,,,,,,,,,,,,,,,,
greenja05,Jalen Green,https://www.basketball-reference.com/players/g/greenja05.html,2021-22,2022,19.0,HOU,SG,SG,21.0,SG,67.0,67.0,2138.0,249.0,496.0,0.502,157.0,458.0,0.343,176.0,ROY-4,18.0,193.0,0.508,406.0,954.0,0.426,188.0,236.0,0.797,33.0,103.0,1157.0,60.0,44.0,135.0,226.0,0.0,3.7,7.4,0.502,2.3,6.8,0.343,2.6,ROY-4,0.3,2.9,0.508,6.1,14.2,0.426,2.8,3.5,0.797,67.0,67.0,31.9,0.5,1.5,17.3,60.0,0.7,2.0,3.4,4.2,8.4,0.502,2.6,7.7,0.343,3.0,ROY-4,0.3,3.2,0.508,6.8,16.1,0.426,3.2,4.0,0.797,67.0,67.0,2138.0,0.6,1.7,19.5,68.0,0.7,2.3,3.8,5.5,11.0,0.502,3.5,10.2,0.343,3.9,ROY-4,0.4,4.3,120.0,0.508,9.0,21.2,0.426,4.2,5.3,0.797,67.0,67.0,2138.0,0.7,105.0,2.3,25.8,68.0,1.0,3.0,5.0,0.48,13.1,ROY-4,0.8,-2.9,-2.4,10.0,0.2,0.247,67.0,67.0,2138.0,-0.5,1.7,0.5,12.5,68.0,1.0,11.3,5.8,0.547,23.7,-0.5,0.7,0.015,ROY-4,10,49,22,105,67,67,24,91,421,2138,-6.7,-12.1,0,0,19,3,78,68,58,51,1.0,0.0,ROY-4,0.373,0.146,15.7,69.0,0.087,0.426,0.68,0.333,0.381,0.502,0.252,0.343,67.0,67.0,2138.0,0.438,0.662,0.271,0.031,0.088,0.52,0.129,0.48,68.0,-45.5,-40.5,ROY-4,67.0,67.0,94.0,120.0,97.0,96.0,92.0,103.0,100.0,97.0,2138.0,68.0,0.502,0.48,0.343,0.508,0.426,0.797,0.247,0.547,,,,,,,,,,,,,,,,,,,,,,,,,,,,,,,,,,,,,,,,,,,,,,,,,,,,,,,,,,,,,,,,,,,,,,,,,,,,,,,,,,,,,,,,,,,,,,,,,,,,,,,,,,,,,,,,,,,,,,,,,,,,,,,,,,,,,,,,,,,,,,,,,,,,,,,,,,,,,,,,,,,,,,,,,,,,,,,,,,,,,,,,,,,,,,,,,,,,,,,,,,,,,
curryse01,Seth Curry,https://www.basketball-reference.com/players/c/curryse01.html,2021-22,2022,31.0,2TM,SG,SG,22.0,SG,64.0,64.0,2135.0,202.0,365.0,0.553,158.0,374.0,0.422,230.0,,14.0,179.0,0.594,360.0,739.0,0.487,82.0,94.0,0.872,21.0,148.0,960.0,82.0,53.0,109.0,200.0,0.0,3.2,5.7,0.553,2.5,5.8,0.422,3.6,,0.2,2.8,0.594,5.6,11.5,0.487,1.3,1.5,0.872,64.0,64.0,33.4,0.3,2.3,15.0,90.0,0.8,1.7,3.1,3.4,6.2,0.553,2.7,6.3,0.422,3.9,,0.2,3.0,0.594,6.1,12.5,0.487,1.4,1.6,0.872,64.0,64.0,2135.0,0.4,2.5,16.2,70.0,0.9,1.8,3.4,4.7,8.5,0.553,3.7,8.7,0.422,5.3,,0.3,4.1,115.0,0.594,8.3,17.1,0.487,1.9,2.2,0.872,64.0,64.0,2135.0,0.5,115.0,3.4,22.3,70.0,1.2,2.5,4.6,0.506,16.3,,0.6,-0.6,-0.9,9.1,1.5,0.127,64.0,64.0,2135.0,0.3,1.1,2.7,13.7,70.0,1.2,12.3,5.2,0.615,18.5,0.8,4.2,0.095,,7,45,15,24,64,64,11,13,547,2135,1.6,3.7,0,0,31,2,67,70,59,22,0.0,0.0,,0.5,0.182,19.6,0.0,0.0,0.487,0.692,0.51,0.539,0.553,0.568,0.422,64.0,64.0,2135.0,0.465,0.829,0.053,0.133,0.208,0.494,0.1,0.506,70.0,92.1,76.6,,64.0,64.0,104.0,127.0,119.0,112.0,106.0,113.0,51.0,109.0,2135.0,70.0,0.553,0.506,0.422,0.594,0.487,0.872,0.127,0.615,,4.0,4.0,117.0,148.0,148.0,135.0,122.0,86.0,31.0,127.0,132.0,109.0,0.625,0.59,0.522,0.718,0.564,0.667,0.077,0.719,0.59,14.0,,2.2,3.0,-1.0,8.0,-0.1,0.077,4.0,4.0,132.0,4.0,2.0,0.4,16.4,109.0,0.4,6.9,4.9,0.719,15.1,0.2,0.3,0.12,,1.0,2.0,0.0,1.0,4.0,4.0,1.0,2.0,27.0,132.0,-1.8,-5.2,0.0,0.0,1.0,24.0,75.0,109.0,1.0,1.0,3.9,6.2,0.625,4.7,8.9,0.522,4.7,,1.2,3.1,127.0,0.718,8.5,15.1,0.564,0.8,1.2,0.667,4.0,4.0,132.0,0.8,141.0,5.8,22.5,109.0,0.4,1.2,3.9,2.7,4.4,0.625,3.3,6.3,0.522,3.3,,0.8,2.2,0.718,6.0,10.6,0.564,0.5,0.8,0.667,4.0,4.0,132.0,0.5,4.1,15.8,109.0,0.3,0.8,2.7,2.5,4.0,0.625,3.0,5.8,0.522,3.0,,0.8,2.0,0.718,5.5,9.8,0.564,0.5,0.8,0.667,4.0,4.0,33.0,0.5,3.8,14.5,43.0,0.3,0.8,2.5,0.0,0.0,,0.7,0.435,20.6,0.0,0.0,0.564,0.333,0.0,0.8,0.625,0.5,0.522,4.0,4.0,132.0,0.7,1.0,0.077,0.026,0.256,0.41,0.051,0.59,109.0,10.0,16.0,0.625,12.0,23.0,0.522,12.0,,3.0,8.0,0.718,22.0,39.0,0.564,2.0,3.0,0.667,4.0,4.0,132.0,2.0,15.0,58.0,93.0,1.0,3.0,10.0,0.0
dosunay01,Ayo Dosunmu,https://www.basketball-reference.com/players/d/dosunay01.html,2021-22,2022,22.0,CHI,SG,SG,23.0,SG,77.0,40.0,2110.0,208.0,349.0,0.596,70.0,186.0,0.376,256.0,,29.0,187.0,0.585,278.0,535.0,0.52,53.0,78.0,0.679,27.0,182.0,679.0,154.0,60.0,108.0,214.0,0.0,2.7,4.5,0.596,0.9,2.4,0.376,3.3,,0.4,2.4,0.585,3.6,6.9,0.52,0.7,1.0,0.679,77.0,40.0,27.4,0.4,2.4,8.8,222.0,0.8,1.4,2.8,3.5,6.0,0.596,1.2,3.2,0.376,4.4,,0.5,3.2,0.585,4.7,9.1,0.52,0.9,1.3,0.679,77.0,40.0,2110.0,0.5,3.1,11.6,75.0,1.0,1.8,3.7,4.8,8.1,0.596,1.6,4.3,0.376,5.9,,0.7,4.3,115.0,0.585,6.4,12.4,0.52,1.2,1.8,0.679,77.0,40.0,2110.0,0.6,113.0,4.2,15.7,75.0,1.4,2.5,5.0,0.348,16.5,,1.2,-2.0,-0.1,9.9,1.3,0.146,77.0,40.0,2110.0,-1.9,1.4,1.7,11.2,75.0,1.4,15.9,5.7,0.596,14.1,0.0,3.0,0.069,,6,81,5,35,77,40,12,35,578,2110,-8.7,-4.4,0,0,25,12,63,75,62,25,1.0,1.0,,0.407,0.489,12.3,20.0,0.045,0.52,0.701,0.481,0.564,0.596,0.377,0.376,77.0,40.0,2110.0,0.572,0.986,0.368,0.097,0.073,0.652,0.114,0.348,75.0,57.1,34.5,,77.0,40.0,112.0,87.0,106.0,110.0,113.0,88.0,59.0,105.0,2110.0,75.0,0.596,0.348,0.376,0.585,0.52,0.679,0.146,0.596,,5.0,1.0,72.0,125.0,65.0,69.0,67.0,129.0,15.0,67.0,86.0,136.0,0.385,0.5,0.231,0.365,0.308,1.0,0.038,0.378,0.5,19.2,,0.0,-5.3,-1.4,11.4,0.1,0.038,5.0,1.0,86.0,-3.9,4.3,-0.1,6.0,136.0,0.6,10.2,7.6,0.378,15.0,-0.1,-0.1,-0.029,,0.0,2.0,0.0,1.0,5.0,1.0,1.0,0.0,24.0,86.0,2.2,-12.2,0.0,0.0,24.0,11.0,65.0,136.0,2.0,0.0,2.8,7.2,0.385,1.7,7.2,0.231,6.1,,0.0,5.0,114.0,0.365,4.5,14.5,0.308,0.6,0.6,1.0,5.0,1.0,86.0,2.2,88.0,2.8,11.1,136.0,0.6,1.7,7.2,2.1,5.4,0.385,1.3,5.4,0.231,4.6,,0.0,3.8,0.365,3.3,10.9,0.308,0.4,0.4,1.0,5.0,1.0,86.0,1.7,2.1,8.4,136.0,0.4,1.3,5.4,1.0,2.6,0.385,0.6,2.6,0.231,2.2,,0.0,1.8,0.365,1.6,5.2,0.308,0.2,0.2,1.0,5.0,1.0,17.2,0.8,1.0,4.0,135.0,0.2,0.6,2.6,0.0,0.0,,0.5,0.462,17.6,0.0,0.0,0.308,0.333,0.6,0.0,0.385,0.5,0.231,5.0,1.0,86.0,0.4,1.0,0.115,0.192,0.115,0.5,0.077,0.5,136.0,5.0,13.0,0.385,3.0,13.0,0.231,11.0,,0.0,9.0,0.365,8.0,26.0,0.308,1.0,1.0,1.0,5.0,1.0,86.0,4.0,5.0,20.0,149.0,1.0,3.0,13.0,0.0
cunnica01,Cade Cunningham,https://www.basketball-reference.com/players/c/cunnica01.html,2021-22,2022,20.0,DET,SG,SG,24.0,SG,64.0,64.0,2088.0,315.0,668.0,0.472,114.0,363.0,0.314,356.0,ROY-3,43.0,296.0,0.471,429.0,1031.0,0.416,142.0,168.0,0.845,58.0,200.0,1114.0,66.0,78.0,234.0,354.0,2.0,4.9,10.4,0.472,1.8,5.7,0.314,5.6,ROY-3,0.7,4.6,0.471,6.7,16.1,0.416,2.2,2.6,0.845,64.0,64.0,32.6,0.9,3.1,17.4,59.0,1.2,3.7,5.5,5.4,11.5,0.472,2.0,6.3,0.314,6.1,ROY-3,0.7,5.1,0.471,7.4,17.8,0.416,2.4,2.9,0.845,64.0,64.0,2088.0,1.0,3.4,19.2,77.0,1.3,4.0,6.1,7.4,15.6,0.472,2.7,8.5,0.314,8.3,ROY-3,1.0,6.9,113.0,0.471,10.0,24.1,0.416,3.3,3.9,0.845,64.0,64.0,2088.0,1.4,96.0,4.7,26.0,77.0,1.8,5.5,8.3,0.352,29.1,ROY-3,1.9,-1.6,-0.5,16.2,1.9,0.163,64.0,64.0,2088.0,-1.1,2.9,-2.4,13.1,77.0,1.8,17.5,9.2,0.504,27.5,0.2,-0.5,-0.011,ROY-3,25,93,5,61,64,64,14,77,837,2088,2.7,-6.8,0,2,1,41,56,77,123,67,2.0,0.0,ROY-3,0.365,0.143,13.8,19.0,0.02,0.416,0.588,0.431,0.324,0.472,0.432,0.314,64.0,64.0,2088.0,0.235,0.711,0.214,0.113,0.072,0.648,0.249,0.352,77.0,-124.3,-136.8,ROY-3,64.0,64.0,89.0,88.0,89.0,89.0,90.0,109.0,66.0,89.0,2088.0,77.0,0.472,0.352,0.314,0.471,0.416,0.845,0.163,0.504,,,,,,,,,,,,,,,,,,,,,,,,,,,,,,,,,,,,,,,,,,,,,,,,,,,,,,,,,,,,,,,,,,,,,,,,,,,,,,,,,,,,,,,,,,,,,,,,,,,,,,,,,,,,,,,,,,,,,,,,,,,,,,,,,,,,,,,,,,,,,,,,,,,,,,,,,,,,,,,,,,,,,,,,,,,,,,,,,,,,,,,,,,,,,,,,,,,,,,,,,,,,,
robindu01,Duncan Robinson,https://www.basketball-reference.com/players/r/robindu01.html,2021-22,2022,27.0,MIA,SG,SG,25.0,SG,79.0,68.0,2043.0,58.0,102.0,0.569,232.0,624.0,0.372,129.0,,14.0,179.0,0.559,290.0,726.0,0.399,51.0,61.0,0.836,24.0,201.0,863.0,110.0,42.0,60.0,203.0,0.0,0.7,1.3,0.569,2.9,7.9,0.372,1.6,,0.2,2.3,0.559,3.7,9.2,0.399,0.6,0.8,0.836,79.0,68.0,25.9,0.3,2.5,10.9,156.0,0.5,0.8,2.6,1.0,1.8,0.569,4.1,11.0,0.372,2.3,,0.2,3.2,0.559,5.1,12.8,0.399,0.9,1.1,0.836,79.0,68.0,2043.0,0.4,3.5,15.2,87.0,0.7,1.1,3.6,1.4,2.5,0.569,5.7,15.3,0.372,3.2,,0.3,4.4,112.0,0.559,7.1,17.8,0.399,1.2,1.5,0.836,79.0,68.0,2043.0,0.6,113.0,4.9,21.1,87.0,1.0,1.5,5.0,0.86,9.3,,0.7,-0.6,-0.3,9.8,2.0,0.084,79.0,68.0,2043.0,-0.3,1.4,1.9,10.6,87.0,1.0,7.4,5.6,0.573,17.7,0.7,3.9,0.092,,8,99,19,17,79,68,4,19,303,2043,-4.7,2.3,0,1,2,37,61,87,27,12,0.0,0.0,,0.429,0.236,22.4,2.0,0.003,0.399,0.679,0.556,0.444,0.569,0.393,0.372,79.0,68.0,2043.0,0.828,0.953,0.077,0.012,0.012,0.14,0.039,0.86,87.0,40.0,10.8,,79.0,68.0,107.0,215.0,105.0,105.0,87.0,108.0,34.0,101.0,2043.0,87.0,0.569,0.86,0.372,0.559,0.399,0.836,0.084,0.573,,13.0,0.0,131.0,207.0,108.0,112.0,95.0,108.0,42.0,108.0,159.0,92.0,0.7,0.825,0.383,0.596,0.439,0.833,0.105,0.612,0.825,5.0,,0.7,2.8,2.0,16.1,0.2,0.105,13.0,0.0,159.0,0.8,1.4,0.3,13.2,92.0,1.3,4.8,8.5,0.612,17.5,0.2,0.5,0.142,,0.0,11.0,2.0,3.0,13.0,0.0,1.0,3.0,12.0,159.0,-3.1,1.6,0.0,1.0,0.0,69.0,30.0,92.0,0.0,1.0,2.2,3.2,0.7,5.8,15.1,0.383,1.6,,0.3,6.7,109.0,0.596,8.0,18.3,0.439,1.6,1.9,0.833,13.0,0.0,159.0,0.6,120.0,7.0,23.4,92.0,1.3,1.0,7.4,1.6,2.3,0.7,4.1,10.6,0.383,1.1,,0.2,4.8,0.596,5.7,12.9,0.439,1.1,1.4,0.833,13.0,0.0,159.0,0.5,5.0,16.5,92.0,0.9,0.7,5.2,0.5,0.8,0.7,1.4,3.6,0.383,0.4,,0.1,1.6,0.596,1.9,4.4,0.439,0.4,0.5,0.833,13.0,0.0,12.2,0.2,1.7,5.6,114.0,0.3,0.2,1.8,0.0,0.0,,0.5,0.085,21.9,0.0,0.0,0.439,0.714,,,0.7,0.667,0.383,13.0,0.0,159.0,1.0,0.944,0.123,0.0,0.0,0.175,0.053,0.825,92.0,7.0,10.0,0.7,18.0,47.0,0.383,5.0,,1.0,21.0,0.596,25.0,57.0,0.439,5.0,6.0,0.833,13.0,0.0,159.0,2.0,22.0,73.0,78.0,4.0,3.0,23.0,0.0
okorois01,Isaac Okoro,https://www.basketball-reference.com/players/o/okorois01.html,2021-22,2022,21.0,CLE,SF,SG,26.0,SG,67.0,61.0,1981.0,152.0,274.0,0.555,55.0,157.0,0.35,121.0,,22.0,129.0,0.544,207.0,431.0,0.48,119.0,155.0,0.768,72.0,164.0,588.0,193.0,56.0,58.0,201.0,0.0,2.3,4.1,0.555,0.8,2.3,0.35,1.8,,0.3,1.9,0.544,3.1,6.4,0.48,1.8,2.3,0.768,67.0,61.0,29.6,1.1,2.4,8.8,224.0,0.8,0.9,3.0,2.8,5.0,0.555,1.0,2.9,0.35,2.2,,0.4,2.3,0.544,3.8,7.8,0.48,2.2,2.8,0.768,67.0,61.0,1981.0,1.3,3.0,10.7,95.0,1.0,1.1,3.7,3.8,6.9,0.555,1.4,4.0,0.35,3.1,,0.6,3.3,113.0,0.544,5.2,10.9,0.48,3.0,3.9,0.768,67.0,61.0,1981.0,1.8,120.0,4.1,14.8,95.0,1.4,1.5,5.1,0.364,8.5,,1.0,-1.7,0.7,7.1,1.9,0.36,67.0,61.0,1981.0,-2.4,4.1,2.4,10.4,95.0,1.4,10.4,5.6,0.589,12.4,0.1,4.2,0.103,,9,70,22,77,67,61,15,31,301,1981,2.9,3.6,0,1,1,31,68,95,25,18,0.0,0.0,,0.348,0.732,10.4,36.0,0.09,0.48,0.648,0.25,0.143,0.555,0.264,0.35,67.0,61.0,1981.0,0.717,0.945,0.487,0.009,0.016,0.636,0.123,0.364,95.0,10.7,22.9,,67.0,61.0,104.0,91.0,99.0,102.0,104.0,99.0,145.0,104.0,1981.0,95.0,0.555,0.364,0.35,0.544,0.48,0.768,0.36,0.589,,,,,,,,,,,,,,,,,,,,,,,,,,,,,,,,,,,,,,,,,,,,,,,,,,,,,,,,,,,,,,,,,,,,,,,,,,,,,,,,,,,,,,,,,,,,,,,,,,,,,,,,,,,,,,,,,,,,,,,,,,,,,,,,,,,,,,,,,,,,,,,,,,,,,,,,,,,,,,,,,,,,,,,,,,,,,,,,,,,,,,,,,,,,,,,,,,,,,,,,,,,,,
beaslma01,Malik Beasley,https://www.basketball-reference.com/players/b/beaslma01.html,2021-22,2022,25.0,MIN,SG,SG,27.0,SG,79.0,18.0,1976.0,92.0,213.0,0.432,240.0,637.0,0.377,116.0,,12.0,201.0,0.532,332.0,850.0,0.391,49.0,60.0,0.817,26.0,88.0,953.0,84.0,43.0,43.0,227.0,0.0,1.2,2.7,0.432,3.0,8.1,0.377,1.5,,0.2,2.5,0.532,4.2,10.8,0.391,0.6,0.8,0.817,79.0,18.0,25.0,0.3,1.1,12.1,130.0,0.5,0.5,2.9,1.7,3.9,0.432,4.4,11.6,0.377,2.1,,0.2,3.7,0.532,6.0,15.5,0.391,0.9,1.1,0.817,79.0,18.0,1976.0,0.5,1.6,17.4,97.0,0.8,0.8,4.1,2.2,5.1,0.432,5.8,15.3,0.377,2.8,,0.3,4.8,116.0,0.532,8.0,20.5,0.391,1.2,1.4,0.817,79.0,18.0,1976.0,0.6,111.0,2.1,22.9,97.0,1.0,1.0,5.5,0.749,8.5,,0.6,-0.7,-1.5,11.2,1.2,0.071,79.0,18.0,1976.0,0.7,1.4,1.7,11.9,97.0,1.0,4.7,6.2,0.544,19.4,0.7,2.9,0.069,,7,46,5,15,79,18,3,34,289,1976,-2.9,1.0,0,0,15,10,76,97,12,19,4.0,0.0,,0.403,0.316,20.6,16.0,0.02,0.391,0.587,0.341,0.342,0.432,0.357,0.377,79.0,18.0,1976.0,0.652,0.896,0.088,0.052,0.045,0.251,0.066,0.749,97.0,0.1,-39.1,,79.0,18.0,81.0,188.0,107.0,100.0,85.0,105.0,28.0,96.0,1976.0,97.0,0.432,0.749,0.377,0.532,0.391,0.817,0.071,0.544,,6.0,0.0,109.0,142.0,91.0,98.0,94.0,108.0,55.0,97.0,119.0,120.0,0.579,0.568,0.32,0.523,0.432,0.833,0.136,0.547,0.568,5.6,,0.7,-2.6,-0.9,16.0,0.1,0.136,6.0,0.0,119.0,-1.7,2.0,-0.1,9.0,120.0,0.8,13.0,9.3,0.547,19.3,0.0,0.0,-0.001,,0.0,6.0,0.0,2.0,6.0,0.0,1.0,4.0,10.0,119.0,-16.2,-14.1,0.0,0.0,0.0,21.0,79.0,120.0,3.0,3.0,4.3,7.5,0.579,3.1,9.8,0.32,1.6,,0.4,7.1,115.0,0.523,7.5,17.3,0.432,2.0,2.4,0.833,6.0,0.0,119.0,0.8,96.0,3.5,20.1,120.0,0.8,2.8,7.9,3.3,5.7,0.579,2.4,7.6,0.32,1.2,,0.3,5.4,0.523,5.7,13.3,0.432,1.5,1.8,0.833,6.0,0.0,119.0,0.6,2.7,15.4,120.0,0.6,2.1,6.1,1.8,3.2,0.579,1.3,4.2,0.32,0.7,,0.2,3.0,0.523,3.2,7.3,0.432,0.8,1.0,0.833,6.0,0.0,19.8,0.3,1.5,8.5,89.0,0.3,1.2,3.3,0.0,0.0,,0.143,0.28,15.4,2.0,0.068,0.432,0.786,0.0,,0.579,0.0,0.32,6.0,0.0,119.0,0.545,1.0,0.318,0.023,0.0,0.432,0.091,0.568,120.0,11.0,19.0,0.579,8.0,25.0,0.32,4.0,,1.0,18.0,0.523,19.0,44.0,0.432,5.0,6.0,0.833,6.0,0.0,119.0,2.0,9.0,51.0,108.0,2.0,7.0,20.0,0.0
kennalu01,Luke Kennard,https://www.basketball-reference.com/players/k/kennalu01.html,2021-22,2022,25.0,LAC,SG,SG,28.0,SG,70.0,13.0,1919.0,97.0,216.0,0.449,190.0,423.0,0.449,146.0,6MOY-5,6.0,209.0,0.598,287.0,639.0,0.449,69.0,77.0,0.896,20.0,101.0,833.0,117.0,42.0,60.0,229.0,0.0,1.4,3.1,0.449,2.7,6.0,0.449,2.1,6MOY-5,0.1,3.0,0.598,4.1,9.1,0.449,1.0,1.1,0.896,70.0,13.0,27.4,0.3,1.4,11.9,136.0,0.6,0.9,3.3,1.8,4.1,0.449,3.6,7.9,0.449,2.7,6MOY-5,0.1,3.9,0.598,5.4,12.0,0.449,1.3,1.4,0.896,70.0,13.0,1919.0,0.4,1.9,15.6,104.0,0.8,1.1,4.3,2.5,5.5,0.449,4.9,10.8,0.449,3.7,6MOY-5,0.2,5.3,113.0,0.598,7.3,16.3,0.449,1.8,2.0,0.896,70.0,13.0,1919.0,0.5,119.0,2.6,21.3,104.0,1.1,1.5,5.8,0.662,11.2,6MOY-5,0.3,0.5,-0.3,11.2,1.7,0.121,70.0,13.0,1919.0,0.8,1.1,2.8,13.3,104.0,1.1,8.2,6.3,0.619,16.8,1.2,4.5,0.113,6MOY-5,6,37,2,23,70,13,8,17,353,1919,7.1,3.8,0,0,21,5,74,104,37,14,0.0,0.0,6MOY-5,0.475,0.139,20.5,0.0,0.0,0.449,0.625,0.416,0.392,0.449,0.455,0.449,70.0,13.0,1919.0,0.66,0.911,0.05,0.121,0.08,0.338,0.086,0.662,104.0,84.5,71.3,6MOY-5,70.0,13.0,84.0,166.0,127.0,112.0,97.0,116.0,49.0,109.0,1919.0,104.0,0.449,0.662,0.449,0.598,0.449,0.896,0.121,0.619,,,,,,,,,,,,,,,,,,,,,,,,,,,,,,,,,,,,,,,,,,,,,,,,,,,,,,,,,,,,,,,,,,,,,,,,,,,,,,,,,,,,,,,,,,,,,,,,,,,,,,,,,,,,,,,,,,,,,,,,,,,,,,,,,,,,,,,,,,,,,,,,,,,,,,,,,,,,,,,,,,,,,,,,,,,,,,,,,,,,,,,,,,,,,,,,,,,,,,,,,,,,,
martico01,Cody Martin,https://www.basketball-reference.com/players/m/martico01.html,2021-22,2022,26.0,CHO,SF,SG,29.0,SG,71.0,11.0,1866.0,143.0,264.0,0.542,61.0,159.0,0.384,179.0,,32.0,203.0,0.554,204.0,423.0,0.482,75.0,107.0,0.701,82.0,116.0,544.0,207.0,88.0,61.0,285.0,0.0,2.0,3.7,0.542,0.9,2.2,0.384,2.5,,0.5,2.9,0.554,2.9,6.0,0.482,1.1,1.5,0.701,71.0,11.0,26.3,1.2,1.6,7.7,265.0,1.2,0.9,4.0,2.8,5.1,0.542,1.2,3.1,0.384,3.5,,0.6,3.9,0.554,3.9,8.2,0.482,1.4,2.1,0.701,71.0,11.0,1866.0,1.6,2.2,10.5,113.0,1.7,1.2,5.5,3.7,6.8,0.542,1.6,4.1,0.384,4.6,,0.8,5.2,114.0,0.554,5.2,10.9,0.482,1.9,2.8,0.701,71.0,11.0,1866.0,2.1,120.0,3.0,14.0,113.0,2.3,1.6,7.3,0.376,12.4,,1.6,-0.5,0.7,11.7,1.5,0.253,71.0,11.0,1866.0,-1.2,4.6,2.4,12.7,113.0,2.3,11.5,8.1,0.579,12.1,0.7,3.9,0.101,,4,49,33,48,71,11,13,28,437,1866,0.0,0.5,0,1,6,28,65,113,34,17,1.0,0.0,,0.379,0.597,12.1,34.0,0.092,0.482,0.679,0.316,0.227,0.542,0.345,0.384,71.0,11.0,1866.0,0.636,0.885,0.39,0.045,0.052,0.624,0.137,0.376,113.0,19.2,11.9,,71.0,11.0,102.0,94.0,109.0,104.0,105.0,90.0,102.0,102.0,1866.0,113.0,0.542,0.376,0.384,0.554,0.482,0.701,0.253,0.579,,,,,,,,,,,,,,,,,,,,,,,,,,,,,,,,,,,,,,,,,,,,,,,,,,,,,,,,,,,,,,,,,,,,,,,,,,,,,,,,,,,,,,,,,,,,,,,,,,,,,,,,,,,,,,,,,,,,,,,,,,,,,,,,,,,,,,,,,,,,,,,,,,,,,,,,,,,,,,,,,,,,,,,,,,,,,,,,,,,,,,,,,,,,,,,,,,,,,,,,,,,,,
bogdabo01,Bogdan Bogdanović,https://www.basketball-reference.com/players/b/bogdabo01.html,2021-22,2022,29.0,ATL,SG,SG,30.0,SG,63.0,27.0,1848.0,173.0,335.0,0.516,169.0,459.0,0.368,194.0,6MOY-6,14.0,221.0,0.537,342.0,794.0,0.431,97.0,115.0,0.843,29.0,132.0,950.0,85.0,68.0,70.0,250.0,0.0,2.7,5.3,0.516,2.7,7.3,0.368,3.1,6MOY-6,0.2,3.5,0.537,5.4,12.6,0.431,1.5,1.8,0.843,63.0,27.0,29.3,0.5,2.1,15.1,88.0,1.1,1.1,4.0,3.4,6.5,0.516,3.3,8.9,0.368,3.8,6MOY-6,0.3,4.3,0.537,6.7,15.5,0.431,1.9,2.2,0.843,63.0,27.0,1848.0,0.6,2.6,18.5,118.0,1.3,1.4,4.9,4.6,8.9,0.516,4.5,12.2,0.368,5.2,6MOY-6,0.4,5.9,116.0,0.537,9.1,21.1,0.431,2.6,3.1,0.843,63.0,27.0,1848.0,0.8,114.0,3.5,25.3,118.0,1.8,1.9,6.6,0.578,15.5,6MOY-6,0.7,1.3,-0.2,13.0,1.2,0.145,63.0,27.0,1848.0,1.5,1.7,2.5,15.4,118.0,1.8,7.7,7.4,0.562,21.6,1.5,3.7,0.095,6MOY-6,3,42,4,42,63,27,7,26,452,1848,6.3,5.2,0,0,1,26,73,118,42,17,3.0,0.0,6MOY-6,0.462,0.227,18.4,3.0,0.005,0.431,0.625,0.524,0.478,0.516,0.444,0.368,63.0,27.0,1848.0,0.376,0.781,0.111,0.106,0.084,0.422,0.113,0.578,118.0,8.7,-6.1,6MOY-6,63.0,27.0,97.0,145.0,104.0,101.0,93.0,109.0,58.0,99.0,1848.0,118.0,0.516,0.578,0.368,0.537,0.431,0.843,0.145,0.562,,4.0,0.0,90.0,133.0,98.0,94.0,89.0,103.0,82.0,94.0,107.0,129.0,0.478,0.531,0.346,0.5,0.408,0.8,0.204,0.534,0.531,21.2,,1.0,1.1,-0.5,17.3,0.0,0.204,4.0,0.0,107.0,1.6,4.4,0.2,15.6,129.0,0.5,7.0,10.7,0.534,24.7,0.1,0.2,0.09,,0.0,7.0,0.0,2.0,4.0,0.0,0.0,2.0,29.0,107.0,12.7,-6.3,0.0,0.0,0.0,47.0,54.0,129.0,2.0,1.0,5.2,10.8,0.478,4.2,12.3,0.346,5.7,,0.5,7.1,116.0,0.5,9.4,23.1,0.408,3.8,4.7,0.8,4.0,0.0,107.0,1.9,113.0,5.7,26.9,129.0,0.5,1.9,9.0,3.7,7.7,0.478,3.0,8.7,0.346,4.0,,0.3,5.0,0.5,6.7,16.5,0.408,2.7,3.4,0.8,4.0,0.0,107.0,1.3,4.0,19.2,129.0,0.3,1.3,6.4,2.8,5.8,0.478,2.3,6.5,0.346,3.0,,0.3,3.8,0.5,5.0,12.3,0.408,2.0,2.5,0.8,4.0,0.0,26.8,1.0,3.0,14.3,46.0,0.3,1.0,4.8,0.0,0.0,,0.364,0.423,17.4,0.0,0.0,0.408,0.625,0.375,0.667,0.478,0.25,0.346,4.0,0.0,107.0,0.091,0.778,0.163,0.163,0.061,0.469,0.082,0.531,129.0,11.0,23.0,0.478,9.0,26.0,0.346,12.0,,1.0,15.0,0.5,20.0,49.0,0.408,8.0,10.0,0.8,4.0,0.0,107.0,4.0,12.0,57.0,96.0,1.0,4.0,19.0,0.0
allengr01,Grayson Allen,https://www.basketball-reference.com/players/a/allengr01.html,2021-22,2022,26.0,MIL,SG,SG,31.0,SG,66.0,61.0,1805.0,96.0,180.0,0.533,159.0,389.0,0.409,100.0,,18.0,190.0,0.588,255.0,569.0,0.448,64.0,74.0,0.865,32.0,96.0,733.0,138.0,46.0,43.0,222.0,0.0,1.5,2.7,0.533,2.4,5.9,0.409,1.5,,0.3,2.9,0.588,3.9,8.6,0.448,1.0,1.1,0.865,66.0,61.0,27.3,0.5,1.5,11.1,150.0,0.7,0.7,3.4,1.9,3.6,0.533,3.2,7.8,0.409,2.0,,0.4,3.8,0.588,5.1,11.3,0.448,1.3,1.5,0.865,66.0,61.0,1805.0,0.6,1.9,14.6,124.0,0.9,0.9,4.4,2.6,4.8,0.533,4.2,10.4,0.409,2.7,,0.5,5.1,114.0,0.588,6.8,15.1,0.448,1.7,2.0,0.865,66.0,61.0,1805.0,0.9,122.0,2.6,19.5,124.0,1.2,1.1,5.9,0.684,7.6,,1.0,0.4,-0.2,10.9,1.4,0.13,66.0,61.0,1805.0,0.6,1.9,2.8,12.7,124.0,1.2,6.7,6.5,0.609,15.2,1.1,4.2,0.11,,5,45,8,30,66,61,6,25,242,1805,4.4,5.6,0,0,6,11,84,124,27,7,0.0,0.0,,0.45,0.257,18.8,9.0,0.021,0.448,0.67,0.37,0.429,0.533,0.4,0.409,66.0,61.0,1805.0,0.625,0.893,0.155,0.047,0.012,0.316,0.097,0.684,124.0,63.9,52.0,,66.0,61.0,100.0,171.0,116.0,111.0,97.0,112.0,52.0,108.0,1805.0,124.0,0.533,0.684,0.409,0.588,0.448,0.865,0.13,0.609,,12.0,5.0,99.0,147.0,112.0,107.0,98.0,82.0,54.0,102.0,305.0,49.0,0.529,0.585,0.396,0.567,0.451,0.636,0.134,0.576,0.585,7.2,,1.3,0.2,1.2,9.7,0.5,0.134,12.0,5.0,305.0,-1.0,1.7,0.2,10.3,49.0,1.3,9.4,5.9,0.576,13.6,0.2,0.7,0.115,,0.0,13.0,4.0,7.0,12.0,5.0,4.0,4.0,36.0,305.0,-12.7,-4.6,0.0,0.0,2.0,18.0,81.0,49.0,6.0,2.0,2.9,5.4,0.529,3.0,7.7,0.396,2.4,,0.6,4.8,105.0,0.567,5.9,13.1,0.451,1.1,1.8,0.636,12.0,5.0,305.0,0.8,111.0,3.5,16.0,49.0,1.3,1.4,5.6,2.1,4.0,0.529,2.2,5.7,0.396,1.8,,0.5,3.5,0.567,4.4,9.7,0.451,0.8,1.3,0.636,12.0,5.0,305.0,0.6,2.6,11.8,49.0,0.9,1.1,4.1,1.5,2.8,0.529,1.6,4.0,0.396,1.3,,0.3,2.5,0.567,3.1,6.8,0.451,0.6,0.9,0.636,12.0,5.0,25.4,0.4,1.8,8.3,92.0,0.7,0.8,2.9,0.0,0.0,,0.5,0.208,17.2,0.0,0.0,0.451,0.75,0.75,1.0,0.529,0.154,0.396,12.0,5.0,305.0,0.444,1.0,0.195,0.049,0.012,0.415,0.159,0.585,49.0,18.0,34.0,0.529,19.0,48.0,0.396,15.0,,4.0,30.0,0.567,37.0,82.0,0.451,7.0,11.0,0.636,12.0,5.0,305.0,5.0,22.0,100.0,64.0,8.0,9.0,35.0,0.0
hartjo01,Josh Hart,https://www.basketball-reference.com/players/h/hartjo01.html,2021-22,2022,26.0,2TM,SG,SG,32.0,SG,54.0,53.0,1791.0,214.0,356.0,0.601,73.0,213.0,0.343,224.0,,13.0,326.0,0.569,287.0,569.0,0.504,160.0,211.0,0.758,62.0,150.0,807.0,122.0,61.0,114.0,388.0,0.0,4.0,6.6,0.601,1.4,3.9,0.343,4.1,,0.2,6.0,0.569,5.3,10.5,0.504,3.0,3.9,0.758,54.0,53.0,33.2,1.1,2.8,14.9,95.0,1.1,2.1,7.2,4.3,7.2,0.601,1.5,4.3,0.343,4.5,,0.3,6.6,0.569,5.8,11.4,0.504,3.2,4.2,0.758,54.0,53.0,1791.0,1.2,3.0,16.2,132.0,1.2,2.3,7.8,5.9,9.8,0.601,2.0,5.9,0.343,6.2,,0.4,9.0,113.0,0.569,7.9,15.6,0.504,4.4,5.8,0.758,54.0,53.0,1791.0,1.7,117.0,4.1,22.2,132.0,1.7,3.1,10.7,0.374,18.9,,0.7,0.9,0.5,20.7,1.5,0.371,54.0,53.0,1791.0,0.5,3.7,2.8,16.1,132.0,1.7,14.7,12.0,0.61,18.6,1.3,4.4,0.117,,6,65,12,105,54,53,26,39,534,1791,-3.5,-5.3,0,0,7,29,63,132,66,34,0.0,0.0,,0.583,0.169,13.0,19.0,0.035,0.504,0.705,0.382,0.421,0.601,0.434,0.343,54.0,53.0,1791.0,0.472,0.74,0.399,0.06,0.033,0.626,0.134,0.374,132.0,41.9,57.8,,54.0,53.0,113.0,94.0,97.0,107.0,109.0,98.0,149.0,108.0,1791.0,132.0,0.601,0.374,0.343,0.569,0.504,0.758,0.371,0.61,,,,,,,,,,,,,,,,,,,,,,,,,,,,,,,,,,,,,,,,,,,,,,,,,,,,,,,,,,,,,,,,,,,,,,,,,,,,,,,,,,,,,,,,,,,,,,,,,,,,,,,,,,,,,,,,,,,,,,,,,,,,,,,,,,,,,,,,,,,,,,,,,,,,,,,,,,,,,,,,,,,,,,,,,,,,,,,,,,,,,,,,,,,,,,,,,,,,,,,,,,,,,
leverca01,Caris LeVert,https://www.basketball-reference.com/players/l/leverca01.html,2021-22,2022,27.0,2TM,SG,SG,33.0,SG,58.0,49.0,1781.0,297.0,598.0,0.497,82.0,256.0,0.32,248.0,,23.0,171.0,0.492,379.0,854.0,0.444,146.0,193.0,0.756,43.0,131.0,986.0,81.0,51.0,108.0,214.0,0.0,5.1,10.3,0.497,1.4,4.4,0.32,4.3,,0.4,2.9,0.492,6.5,14.7,0.444,2.5,3.3,0.756,58.0,49.0,30.7,0.7,2.3,17.0,68.0,0.9,1.9,3.7,6.0,12.1,0.497,1.7,5.2,0.32,5.0,,0.5,3.5,0.492,7.7,17.3,0.444,3.0,3.9,0.756,58.0,49.0,1781.0,0.9,2.6,19.9,133.0,1.0,2.2,4.3,8.2,16.5,0.497,2.3,7.1,0.32,6.9,,0.6,4.7,116.0,0.492,10.5,23.6,0.444,4.0,5.3,0.756,58.0,49.0,1781.0,1.2,108.0,3.6,27.3,133.0,1.4,3.0,5.9,0.3,22.0,,1.1,-1.2,-1.2,10.7,1.0,0.226,58.0,49.0,1781.0,0.0,2.7,1.2,15.1,133.0,1.4,10.3,6.7,0.525,25.4,0.4,2.2,0.059,,8,57,16,93,58,49,19,52,602,1781,0.4,-2.2,0,0,7,22,71,133,45,42,0.0,0.0,,0.303,0.129,12.7,20.0,0.023,0.444,0.638,0.442,0.37,0.497,0.441,0.32,58.0,49.0,1781.0,0.303,0.634,0.207,0.201,0.032,0.7,0.26,0.3,133.0,-68.1,-76.8,,58.0,49.0,93.0,75.0,91.0,92.0,96.0,98.0,91.0,93.0,1781.0,133.0,0.497,0.3,0.32,0.492,0.444,0.756,0.226,0.525,,,,,,,,,,,,,,,,,,,,,,,,,,,,,,,,,,,,,,,,,,,,,,,,,,,,,,,,,,,,,,,,,,,,,,,,,,,,,,,,,,,,,,,,,,,,,,,,,,,,,,,,,,,,,,,,,,,,,,,,,,,,,,,,,,,,,,,,,,,,,,,,,,,,,,,,,,,,,,,,,,,,,,,,,,,,,,,,,,,,,,,,,,,,,,,,,,,,,,,,,,,,,
harriga01,Gary Harris,https://www.basketball-reference.com/players/h/harriga01.html,2021-22,2022,27.0,ORL,SG,SG,34.0,SG,61.0,30.0,1730.0,124.0,251.0,0.494,116.0,302.0,0.384,108.0,,9.0,86.0,0.539,240.0,553.0,0.434,83.0,95.0,0.874,36.0,112.0,679.0,155.0,59.0,61.0,122.0,0.0,2.0,4.1,0.494,1.9,5.0,0.384,1.8,,0.1,1.4,0.539,3.9,9.1,0.434,1.4,1.6,0.874,61.0,30.0,28.4,0.6,1.8,11.1,152.0,1.0,1.0,2.0,2.6,5.2,0.494,2.4,6.3,0.384,2.2,,0.2,1.8,0.539,5.0,11.5,0.434,1.7,2.0,0.874,61.0,30.0,1730.0,0.7,2.3,14.1,140.0,1.2,1.3,2.5,3.5,7.0,0.494,3.2,8.4,0.384,3.0,,0.3,2.4,116.0,0.539,6.7,15.5,0.434,2.3,2.7,0.874,61.0,30.0,1730.0,1.0,110.0,3.1,19.0,140.0,1.6,1.7,3.4,0.546,9.5,,0.5,-2.4,-0.4,5.3,1.0,0.172,61.0,30.0,1730.0,-2.0,2.2,1.1,10.9,140.0,1.6,9.3,3.7,0.571,16.4,-0.2,2.2,0.06,,7,39,14,39,61,30,9,30,264,1730,3.5,-6.2,0,0,3,15,82,140,28,17,0.0,0.0,,0.471,0.464,17.2,7.0,0.014,0.434,0.675,0.429,0.322,0.494,0.464,0.384,61.0,30.0,1730.0,0.589,0.931,0.145,0.051,0.107,0.454,0.152,0.546,140.0,8.0,5.7,,61.0,30.0,93.0,137.0,109.0,101.0,94.0,113.0,69.0,101.0,1730.0,140.0,0.494,0.546,0.384,0.539,0.434,0.874,0.172,0.571,,,,,,,,,,,,,,,,,,,,,,,,,,,,,,,,,,,,,,,,,,,,,,,,,,,,,,,,,,,,,,,,,,,,,,,,,,,,,,,,,,,,,,,,,,,,,,,,,,,,,,,,,,,,,,,,,,,,,,,,,,,,,,,,,,,,,,,,,,,,,,,,,,,,,,,,,,,,,,,,,,,,,,,,,,,,,,,,,,,,,,,,,,,,,,,,,,,,,,,,,,,,,
gordoer01,Eric Gordon,https://www.basketball-reference.com/players/g/gordoer01.html,2021-22,2022,33.0,HOU,SG,SG,35.0,SG,57.0,46.0,1670.0,144.0,263.0,0.548,124.0,301.0,0.412,154.0,,18.0,98.0,0.585,268.0,564.0,0.475,105.0,135.0,0.778,15.0,63.0,765.0,131.0,28.0,107.0,113.0,0.0,2.5,4.6,0.548,2.2,5.3,0.412,2.7,,0.3,1.7,0.585,4.7,9.9,0.475,1.8,2.4,0.778,57.0,46.0,29.3,0.3,1.1,13.4,110.0,0.5,1.9,2.0,3.1,5.7,0.548,2.7,6.5,0.412,3.3,,0.4,2.1,0.585,5.8,12.2,0.475,2.3,2.9,0.778,57.0,46.0,1670.0,0.3,1.4,16.5,152.0,0.6,2.3,2.4,4.1,7.5,0.548,3.5,8.6,0.412,4.4,,0.5,2.8,121.0,0.585,7.6,16.1,0.475,3.0,3.8,0.778,57.0,46.0,1670.0,0.4,111.0,1.8,21.8,152.0,0.8,3.1,3.2,0.534,14.1,,1.0,-2.3,-2.2,6.5,-0.1,0.239,57.0,46.0,1670.0,-0.1,1.0,1.5,12.1,152.0,0.8,14.6,3.7,0.614,18.6,-0.1,1.4,0.04,,6,28,3,58,57,46,12,25,378,1670,4.9,-6.2,0,0,15,38,46,152,56,37,0.0,0.0,,0.5,0.066,16.2,3.0,0.005,0.475,0.679,0.333,0.5,0.548,0.416,0.412,57.0,46.0,1670.0,0.34,0.718,0.238,0.021,0.007,0.466,0.2,0.534,152.0,60.3,59.3,,57.0,46.0,103.0,134.0,117.0,110.0,103.0,100.0,96.0,108.0,1670.0,152.0,0.548,0.534,0.412,0.585,0.475,0.778,0.239,0.614,,,,,,,,,,,,,,,,,,,,,,,,,,,,,,,,,,,,,,,,,,,,,,,,,,,,,,,,,,,,,,,,,,,,,,,,,,,,,,,,,,,,,,,,,,,,,,,,,,,,,,,,,,,,,,,,,,,,,,,,,,,,,,,,,,,,,,,,,,,,,,,,,,,,,,,,,,,,,,,,,,,,,,,,,,,,,,,,,,,,,,,,,,,,,,,,,,,,,,,,,,,,,
dortlu01,Luguentz Dort,https://www.basketball-reference.com/players/d/dortlu01.html,2021-22,2022,22.0,OKC,SG,SG,36.0,SG,51.0,51.0,1665.0,163.0,335.0,0.487,130.0,391.0,0.332,88.0,,18.0,174.0,0.493,293.0,726.0,0.404,161.0,191.0,0.843,38.0,149.0,877.0,105.0,46.0,88.0,212.0,0.0,3.2,6.6,0.487,2.5,7.7,0.332,1.7,,0.4,3.4,0.493,5.7,14.2,0.404,3.2,3.7,0.843,51.0,51.0,32.6,0.7,2.9,17.2,63.0,0.9,1.7,4.2,3.5,7.2,0.487,2.8,8.5,0.332,1.9,,0.4,3.8,0.493,6.3,15.7,0.404,3.5,4.1,0.843,51.0,51.0,1665.0,0.8,3.2,19.0,154.0,1.0,1.9,4.6,4.8,9.8,0.487,3.8,11.4,0.332,2.6,,0.5,5.1,115.0,0.493,8.6,21.2,0.404,4.7,5.6,0.843,51.0,51.0,1665.0,1.1,104.0,4.4,25.7,154.0,1.3,2.6,6.2,0.539,8.6,,1.0,-2.3,-0.7,10.9,1.1,0.263,51.0,51.0,1665.0,-1.5,2.3,0.2,12.3,154.0,1.3,9.8,6.5,0.541,23.3,-0.1,1.4,0.04,,17,57,41,78,51,51,14,48,217,1665,-0.3,-8.4,0,0,8,20,72,154,36,22,1.0,0.0,,0.436,0.141,16.2,22.0,0.034,0.404,0.618,0.238,0.348,0.487,0.425,0.332,51.0,51.0,1665.0,0.485,0.869,0.187,0.029,0.032,0.461,0.201,0.539,154.0,-56.0,-40.0,,51.0,51.0,91.0,135.0,94.0,93.0,88.0,109.0,106.0,96.0,1665.0,154.0,0.487,0.539,0.332,0.493,0.404,0.843,0.263,0.541,,,,,,,,,,,,,,,,,,,,,,,,,,,,,,,,,,,,,,,,,,,,,,,,,,,,,,,,,,,,,,,,,,,,,,,,,,,,,,,,,,,,,,,,,,,,,,,,,,,,,,,,,,,,,,,,,,,,,,,,,,,,,,,,,,,,,,,,,,,,,,,,,,,,,,,,,,,,,,,,,,,,,,,,,,,,,,,,,,,,,,,,,,,,,,,,,,,,,,,,,,,,,
meltode01,De'Anthony Melton,https://www.basketball-reference.com/players/m/meltode01.html,2021-22,2022,23.0,MEM,SG,SG,37.0,SG,73.0,15.0,1657.0,142.0,323.0,0.44,139.0,372.0,0.374,194.0,6MOY-8,39.0,264.0,0.504,281.0,695.0,0.404,90.0,120.0,0.75,64.0,128.0,791.0,124.0,104.0,112.0,328.0,0.0,1.9,4.4,0.44,1.9,5.1,0.374,2.7,6MOY-8,0.5,3.6,0.504,3.8,9.5,0.404,1.2,1.6,0.75,73.0,15.0,22.7,0.9,1.8,10.8,160.0,1.4,1.5,4.5,3.1,7.0,0.44,3.0,8.1,0.374,4.2,6MOY-8,0.8,5.7,0.504,6.1,15.1,0.404,2.0,2.6,0.75,73.0,15.0,1657.0,1.4,2.8,17.2,156.0,2.3,2.4,7.1,4.1,9.3,0.44,4.0,10.7,0.374,5.6,6MOY-8,1.1,7.6,107.0,0.504,8.1,20.1,0.404,2.6,3.5,0.75,73.0,15.0,1657.0,1.8,108.0,3.7,22.8,156.0,3.0,3.2,9.5,0.535,16.0,6MOY-8,2.1,1.9,1.6,17.1,2.8,0.173,73.0,15.0,1657.0,0.3,4.0,0.9,15.2,156.0,3.0,13.0,10.4,0.529,21.3,1.6,3.7,0.107,6MOY-8,7,66,7,44,73,15,8,32,457,1657,1.3,6.6,0,0,20,3,78,156,58,32,3.0,0.0,6MOY-8,0.5,0.156,17.0,21.0,0.037,0.404,0.605,0.383,0.289,0.44,0.368,0.374,73.0,15.0,1657.0,0.472,0.856,0.164,0.068,0.065,0.465,0.164,0.535,156.0,-38.0,-55.5,6MOY-8,73.0,15.0,83.0,134.0,106.0,95.0,88.0,97.0,70.0,93.0,1657.0,156.0,0.44,0.535,0.374,0.504,0.404,0.75,0.173,0.529,,10.0,0.0,89.0,170.0,71.0,77.0,70.0,97.0,25.0,74.0,170.0,86.0,0.476,0.677,0.25,0.408,0.323,0.75,0.062,0.419,0.677,13.4,,2.9,-2.4,0.3,14.4,0.3,0.062,10.0,0.0,170.0,-2.8,5.3,-0.3,8.5,86.0,2.8,17.3,9.6,0.419,19.4,0.0,0.0,-0.014,,2.0,2.0,0.0,2.0,10.0,0.0,1.0,3.0,39.0,170.0,0.0,2.2,0.0,0.0,26.0,8.0,66.0,86.0,7.0,3.0,2.8,5.8,0.476,3.0,12.2,0.25,4.4,,1.4,6.1,106.0,0.408,5.8,18.0,0.323,0.8,1.1,0.75,10.0,0.0,170.0,2.5,85.0,2.5,15.5,86.0,2.8,3.9,8.6,2.1,4.4,0.476,2.3,9.3,0.25,3.4,,1.1,4.7,0.408,4.4,13.8,0.323,0.6,0.8,0.75,10.0,0.0,170.0,1.9,1.9,11.9,86.0,2.1,3.0,6.6,1.0,2.1,0.476,1.1,4.4,0.25,1.6,,0.5,2.2,0.408,2.1,6.5,0.323,0.3,0.4,0.75,10.0,0.0,17.0,0.9,0.9,5.6,113.0,1.0,1.4,3.1,0.0,0.0,,0.3,0.227,19.5,1.0,0.015,0.323,0.8,0.0,0.0,0.476,0.5,0.25,10.0,0.0,170.0,0.8,0.909,0.077,0.015,0.046,0.323,0.185,0.677,86.0,10.0,21.0,0.476,11.0,44.0,0.25,16.0,,5.0,22.0,0.408,21.0,65.0,0.323,3.0,4.0,0.75,10.0,0.0,170.0,9.0,9.0,56.0,99.0,10.0,14.0,31.0,0.0
walkelo01,Lonnie Walker IV,https://www.basketball-reference.com/players/w/walkelo01.html,2021-22,2022,23.0,SAS,SG,SG,38.0,SG,70.0,6.0,1612.0,200.0,411.0,0.487,111.0,353.0,0.314,152.0,,19.0,163.0,0.48,311.0,764.0,0.407,116.0,148.0,0.784,18.0,98.0,849.0,114.0,44.0,71.0,181.0,0.0,2.9,5.9,0.487,1.6,5.0,0.314,2.2,,0.3,2.3,0.48,4.4,10.9,0.407,1.7,2.1,0.784,70.0,6.0,23.0,0.3,1.4,12.1,133.0,0.6,1.0,2.6,4.5,9.2,0.487,2.5,7.9,0.314,3.4,,0.4,3.6,0.48,6.9,17.1,0.407,2.6,3.3,0.784,70.0,6.0,1612.0,0.4,2.2,19.0,160.0,1.0,1.6,4.0,6.0,12.2,0.487,3.3,10.5,0.314,4.5,,0.6,4.9,115.0,0.48,9.3,22.7,0.407,3.5,4.4,0.784,70.0,6.0,1612.0,0.5,103.0,2.9,25.3,160.0,1.3,2.1,5.4,0.462,13.4,,1.0,-2.5,-1.3,10.7,1.1,0.194,70.0,6.0,1612.0,-1.2,1.2,0.1,12.3,160.0,1.3,7.9,5.9,0.512,23.6,-0.2,1.2,0.037,,3,50,1,69,70,6,10,27,363,1612,-3.7,-2.1,0,1,6,33,61,160,33,19,5.0,0.0,,0.362,0.195,17.0,21.0,0.029,0.407,0.693,0.366,0.383,0.487,0.43,0.314,70.0,6.0,1612.0,0.54,0.856,0.166,0.093,0.157,0.538,0.122,0.462,160.0,-79.4,-89.6,,70.0,6.0,91.0,116.0,89.0,90.0,88.0,101.0,78.0,90.0,1612.0,160.0,0.487,0.462,0.314,0.48,0.407,0.784,0.194,0.512,,,,,,,,,,,,,,,,,,,,,,,,,,,,,,,,,,,,,,,,,,,,,,,,,,,,,,,,,,,,,,,,,,,,,,,,,,,,,,,,,,,,,,,,,,,,,,,,,,,,,,,,,,,,,,,,,,,,,,,,,,,,,,,,,,,,,,,,,,,,,,,,,,,,,,,,,,,,,,,,,,,,,,,,,,,,,,,,,,,,,,,,,,,,,,,,,,,,,,,,,,,,,
richajo01,Josh Richardson,https://www.basketball-reference.com/players/r/richajo01.html,2021-22,2022,28.0,2TM,SG,SG,39.0,SG,65.0,7.0,1600.0,132.0,288.0,0.458,102.0,246.0,0.415,115.0,,29.0,143.0,0.534,234.0,534.0,0.438,96.0,108.0,0.889,42.0,116.0,666.0,160.0,56.0,66.0,185.0,0.0,2.0,4.4,0.458,1.6,3.8,0.415,1.8,,0.4,2.2,0.534,3.6,8.2,0.438,1.5,1.7,0.889,65.0,7.0,24.6,0.6,1.8,10.2,177.0,0.9,1.0,2.8,3.0,6.5,0.458,2.3,5.5,0.415,2.6,,0.7,3.2,0.534,5.3,12.0,0.438,2.2,2.4,0.889,65.0,7.0,1600.0,0.9,2.6,15.0,162.0,1.3,1.5,4.2,4.1,8.8,0.458,3.1,7.6,0.415,3.5,,0.9,4.4,110.0,0.534,7.2,16.4,0.438,2.9,3.3,0.889,65.0,7.0,1600.0,1.3,113.0,3.6,20.4,162.0,1.7,2.0,5.7,0.461,10.1,,1.6,0.1,0.7,9.4,2.0,0.202,65.0,7.0,1600.0,-0.6,2.8,1.6,12.8,162.0,1.7,10.2,6.2,0.573,17.6,0.9,3.5,0.106,,5,54,12,33,65,7,3,25,275,1600,-1.9,4.2,0,1,3,20,77,162,29,20,1.0,0.0,,0.422,0.183,17.2,8.0,0.017,0.438,0.655,0.432,0.396,0.458,0.39,0.415,65.0,7.0,1600.0,0.477,0.99,0.109,0.178,0.099,0.539,0.154,0.461,162.0,2.2,7.8,,65.0,7.0,86.0,115.0,117.0,100.0,95.0,115.0,81.0,101.0,1600.0,162.0,0.458,0.461,0.415,0.534,0.438,0.889,0.202,0.573,,,,,,,,,,,,,,,,,,,,,,,,,,,,,,,,,,,,,,,,,,,,,,,,,,,,,,,,,,,,,,,,,,,,,,,,,,,,,,,,,,,,,,,,,,,,,,,,,,,,,,,,,,,,,,,,,,,,,,,,,,,,,,,,,,,,,,,,,,,,,,,,,,,,,,,,,,,,,,,,,,,,,,,,,,,,,,,,,,,,,,,,,,,,,,,,,,,,,,,,,,,,,
coffeam01,Amir Coffey,https://www.basketball-reference.com/players/c/coffeam01.html,2021-22,2022,24.0,LAC,SG,SG,40.0,SG,69.0,30.0,1567.0,115.0,212.0,0.542,96.0,254.0,0.378,124.0,,15.0,171.0,0.556,211.0,466.0,0.453,101.0,117.0,0.863,26.0,87.0,619.0,180.0,38.0,45.0,197.0,0.0,1.7,3.1,0.542,1.4,3.7,0.378,1.8,,0.2,2.5,0.556,3.1,6.8,0.453,1.5,1.7,0.863,69.0,30.0,22.7,0.4,1.3,9.0,216.0,0.6,0.7,2.9,2.6,4.9,0.542,2.2,5.8,0.378,2.8,,0.3,3.9,0.556,4.8,10.7,0.453,2.3,2.7,0.863,69.0,30.0,1567.0,0.6,2.0,14.2,168.0,0.9,1.0,4.5,3.6,6.6,0.542,3.0,7.9,0.378,3.9,,0.5,5.3,113.0,0.556,6.6,14.6,0.453,3.2,3.7,0.863,69.0,30.0,1567.0,0.8,120.0,2.7,19.4,168.0,1.2,1.4,6.2,0.545,11.4,,0.8,-0.3,0.0,11.2,1.5,0.251,69.0,30.0,1567.0,-0.3,1.8,2.3,13.0,168.0,1.2,8.0,6.7,0.598,15.8,0.7,3.8,0.116,,4,41,11,57,69,30,14,28,307,1567,-1.1,-0.5,0,5,3,39,53,168,18,16,1.0,0.0,,0.365,0.291,16.8,14.0,0.034,0.453,0.779,0.417,0.238,0.542,0.449,0.378,69.0,30.0,1567.0,0.591,0.938,0.165,0.077,0.045,0.455,0.167,0.545,168.0,22.5,33.2,,69.0,30.0,102.0,137.0,107.0,105.0,98.0,111.0,101.0,106.0,1567.0,168.0,0.542,0.545,0.378,0.556,0.453,0.863,0.251,0.598,,,,,,,,,,,,,,,,,,,,,,,,,,,,,,,,,,,,,,,,,,,,,,,,,,,,,,,,,,,,,,,,,,,,,,,,,,,,,,,,,,,,,,,,,,,,,,,,,,,,,,,,,,,,,,,,,,,,,,,,,,,,,,,,,,,,,,,,,,,,,,,,,,,,,,,,,,,,,,,,,,,,,,,,,,,,,,,,,,,,,,,,,,,,,,,,,,,,,,,,,,,,,
duartch01,Chris Duarte,https://www.basketball-reference.com/players/d/duartch01.html,2021-22,2022,24.0,IND,SG,SG,41.0,SG,55.0,39.0,1541.0,174.0,366.0,0.475,94.0,255.0,0.369,114.0,,10.0,185.0,0.507,268.0,621.0,0.432,90.0,112.0,0.804,41.0,95.0,720.0,140.0,56.0,90.0,226.0,0.0,3.2,6.7,0.475,1.7,4.6,0.369,2.1,,0.2,3.4,0.507,4.9,11.3,0.432,1.6,2.0,0.804,55.0,39.0,28.0,0.7,1.7,13.1,117.0,1.0,1.6,4.1,4.1,8.6,0.475,2.2,6.0,0.369,2.7,,0.2,4.3,0.507,6.3,14.5,0.432,2.1,2.6,0.804,55.0,39.0,1541.0,1.0,2.2,16.8,173.0,1.3,2.1,5.3,5.5,11.6,0.475,3.0,8.1,0.369,3.6,,0.3,5.9,117.0,0.507,8.5,19.7,0.432,2.9,3.6,0.804,55.0,39.0,1541.0,1.3,104.0,3.0,22.9,173.0,1.8,2.9,7.2,0.411,10.9,,0.6,-2.3,-1.1,13.6,0.7,0.18,55.0,39.0,1541.0,-1.2,2.9,0.2,12.3,173.0,1.8,11.8,8.2,0.537,21.1,-0.1,0.9,0.029,,8,35,5,53,55,39,10,36,265,1541,3.0,-2.2,0,0,19,19,61,173,45,21,4.0,0.0,,0.377,0.271,15.2,14.0,0.026,0.432,0.631,0.371,0.453,0.475,0.373,0.369,55.0,39.0,1541.0,0.466,0.766,0.196,0.143,0.103,0.589,0.134,0.411,173.0,-30.4,-38.8,,55.0,39.0,89.0,103.0,104.0,95.0,94.0,104.0,73.0,95.0,1541.0,173.0,0.475,0.411,0.369,0.507,0.432,0.804,0.18,0.537,,,,,,,,,,,,,,,,,,,,,,,,,,,,,,,,,,,,,,,,,,,,,,,,,,,,,,,,,,,,,,,,,,,,,,,,,,,,,,,,,,,,,,,,,,,,,,,,,,,,,,,,,,,,,,,,,,,,,,,,,,,,,,,,,,,,,,,,,,,,,,,,,,,,,,,,,,,,,,,,,,,,,,,,,,,,,,,,,,,,,,,,,,,,,,,,,,,,,,,,,,,,,
alexani01,Nickeil Alexander-Walker,https://www.basketball-reference.com/players/a/alexani01.html,2021-22,2022,23.0,2TM,SG,SG,42.0,SG,65.0,21.0,1466.0,148.0,342.0,0.433,105.0,338.0,0.311,156.0,,23.0,150.0,0.449,253.0,680.0,0.372,81.0,109.0,0.743,37.0,103.0,692.0,150.0,46.0,93.0,187.0,0.0,2.3,5.3,0.433,1.6,5.2,0.311,2.4,,0.4,2.3,0.449,3.9,10.5,0.372,1.2,1.7,0.743,65.0,21.0,22.6,0.6,1.6,10.6,164.0,0.7,1.4,2.9,3.6,8.4,0.433,2.6,8.3,0.311,3.8,,0.6,3.7,0.449,6.2,16.7,0.372,2.0,2.7,0.743,65.0,21.0,1466.0,0.9,2.5,17.0,183.0,1.1,2.3,4.6,5.0,11.5,0.433,3.5,11.4,0.311,5.3,,0.8,5.1,114.0,0.449,8.5,22.9,0.372,2.7,3.7,0.743,65.0,21.0,1466.0,1.2,98.0,3.5,23.3,183.0,1.5,3.1,6.3,0.497,16.1,,1.5,-2.9,-1.1,11.5,1.1,0.16,65.0,21.0,1466.0,-1.8,2.7,-1.1,10.5,183.0,1.5,11.3,7.1,0.475,24.1,-0.3,0.1,0.003,,7,47,10,47,65,21,7,41,373,1466,-5.6,-4.1,0,14,3,41,42,183,63,18,2.0,0.0,,0.38,0.234,16.8,8.0,0.015,0.372,0.574,0.383,0.289,0.433,0.321,0.311,65.0,21.0,1466.0,0.385,0.876,0.207,0.069,0.056,0.503,0.16,0.497,183.0,-112.1,-132.0,,65.0,21.0,81.0,124.0,88.0,84.0,81.0,96.0,65.0,84.0,1466.0,183.0,0.433,0.497,0.311,0.449,0.372,0.743,0.16,0.475,,1.0,0.0,188.0,0.0,,188.0,217.0,129.0,201.0,181.0,5.0,209.0,1.0,0.0,,1.0,1.0,1.0,0.5,1.025,0.0,60.8,,0.0,50.1,22.3,23.1,0.0,0.5,1.0,0.0,5.0,27.8,0.0,0.1,66.5,209.0,10.6,0.0,11.6,1.025,22.9,0.1,0.1,0.81,,0.0,0.0,0.0,1.0,1.0,0.0,1.0,0.0,2.0,5.0,46.7,40.0,0.0,0.0,0.0,0.0,100.0,209.0,0.0,0.0,21.1,21.1,1.0,0.0,0.0,,10.6,,0.0,10.6,93.0,1.0,21.1,21.1,1.0,10.6,10.6,1.0,1.0,0.0,5.0,0.0,212.0,0.0,52.8,209.0,10.6,0.0,10.6,14.4,14.4,1.0,0.0,0.0,,7.2,,0.0,7.2,1.0,14.4,14.4,1.0,7.2,7.2,1.0,1.0,0.0,5.0,0.0,0.0,36.0,209.0,7.2,0.0,7.2,2.0,2.0,1.0,0.0,0.0,,1.0,,0.0,1.0,1.0,2.0,2.0,1.0,1.0,1.0,1.0,1.0,0.0,5.0,0.0,0.0,5.0,120.0,1.0,0.0,1.0,0.0,0.0,,,,5.6,0.0,0.0,1.0,,,,1.0,1.0,,1.0,0.0,5.0,0.0,,0.0,0.0,0.0,1.0,1.0,0.0,209.0,2.0,2.0,1.0,0.0,0.0,,1.0,,0.0,1.0,1.0,2.0,2.0,1.0,1.0,1.0,1.0,1.0,0.0,5.0,0.0,0.0,5.0,182.0,1.0,0.0,1.0,0.0
wrighde01,Delon Wright,https://www.basketball-reference.com/players/w/wrighde01.html,2021-22,2022,29.0,ATL,SG,SG,43.0,SG,77.0,8.0,1452.0,78.0,153.0,0.51,44.0,116.0,0.379,188.0,,19.0,170.0,0.535,122.0,269.0,0.454,54.0,63.0,0.857,50.0,56.0,342.0,287.0,93.0,45.0,220.0,0.0,1.0,2.0,0.51,0.6,1.5,0.379,2.4,,0.2,2.2,0.535,1.6,3.5,0.454,0.7,0.8,0.857,77.0,8.0,18.9,0.6,0.7,4.4,408.0,1.2,0.6,2.9,1.9,3.8,0.51,1.1,2.9,0.379,4.7,,0.5,4.2,0.535,3.0,6.7,0.454,1.3,1.6,0.857,77.0,8.0,1452.0,1.2,1.4,8.5,187.0,2.3,1.1,5.5,2.6,5.2,0.51,1.5,3.9,0.379,6.4,,0.6,5.8,112.0,0.535,4.1,9.1,0.454,1.8,2.1,0.857,77.0,8.0,1452.0,1.7,126.0,1.9,11.6,187.0,3.1,1.5,7.4,0.431,16.6,,1.2,2.2,2.4,12.7,1.5,0.234,77.0,8.0,1452.0,-0.2,3.8,2.2,13.8,187.0,3.1,13.2,8.3,0.576,10.3,1.6,3.6,0.121,,0,25,15,23,77,8,2,12,476,1452,1.9,3.1,0,0,34,1,65,187,26,14,3.0,0.0,,0.276,0.25,13.9,6.0,0.022,0.454,0.615,0.25,0.455,0.51,0.417,0.379,77.0,8.0,1452.0,0.436,0.818,0.29,0.045,0.041,0.569,0.178,0.431,187.0,2.0,6.1,,77.0,8.0,96.0,108.0,107.0,101.0,98.0,111.0,94.0,102.0,1452.0,187.0,0.51,0.431,0.379,0.535,0.454,0.857,0.234,0.576,,5.0,0.0,117.0,112.0,109.0,113.0,112.0,86.0,125.0,110.0,137.0,106.0,0.625,0.448,0.385,0.603,0.517,0.667,0.31,0.622,0.448,16.8,,0.7,4.8,1.5,11.7,0.1,0.31,5.0,0.0,137.0,3.3,9.5,0.3,15.9,106.0,1.5,13.2,10.6,0.622,12.8,0.2,0.4,0.13,,0.0,2.0,1.0,4.0,5.0,0.0,1.0,1.0,35.0,137.0,46.8,6.8,0.0,0.0,32.0,0.0,68.0,106.0,2.0,3.0,3.7,5.9,0.625,1.8,4.8,0.385,5.2,,0.4,4.8,116.0,0.603,5.5,10.7,0.517,2.2,3.3,0.667,5.0,0.0,137.0,4.0,129.0,0.7,15.1,106.0,1.5,1.8,8.8,2.6,4.2,0.625,1.3,3.4,0.385,3.7,,0.3,3.4,0.603,3.9,7.6,0.517,1.6,2.4,0.667,5.0,0.0,137.0,2.9,0.5,10.8,106.0,1.1,1.3,6.3,2.0,3.2,0.625,1.0,2.6,0.385,2.8,,0.2,2.6,0.603,3.0,5.8,0.517,1.2,1.8,0.667,5.0,0.0,27.4,2.2,0.4,8.2,93.0,0.8,1.0,4.8,0.0,0.0,,0.25,0.308,12.8,0.0,0.0,0.517,0.818,,,0.625,0.2,0.385,5.0,0.0,137.0,0.2,0.8,0.379,0.0,0.0,0.552,0.172,0.448,106.0,10.0,16.0,0.625,5.0,13.0,0.385,14.0,,1.0,13.0,0.603,15.0,29.0,0.517,6.0,9.0,0.667,5.0,0.0,137.0,11.0,2.0,41.0,120.0,4.0,5.0,24.0,0.0
bealbr01,Bradley Beal,https://www.basketball-reference.com/players/b/bealbr01.html,2021-22,2022,28.0,WAS,SG,SG,44.0,SG,40.0,40.0,1439.0,285.0,561.0,0.508,63.0,210.0,0.3,265.0,,15.0,151.0,0.492,348.0,771.0,0.451,169.0,203.0,0.833,38.0,95.0,928.0,91.0,36.0,135.0,189.0,0.0,7.1,14.0,0.508,1.6,5.3,0.3,6.6,,0.4,3.8,0.492,8.7,19.3,0.451,4.2,5.1,0.833,40.0,40.0,36.0,1.0,2.4,23.2,21.0,0.9,3.4,4.7,7.1,14.0,0.508,1.6,5.3,0.3,6.6,,0.4,3.8,0.492,8.7,19.3,0.451,4.2,5.1,0.833,40.0,40.0,1439.0,1.0,2.4,23.2,191.0,0.9,3.4,4.7,9.8,19.3,0.508,2.2,7.2,0.3,9.1,,0.5,5.2,117.0,0.492,12.0,26.5,0.451,5.8,7.0,0.833,40.0,40.0,1439.0,1.3,106.0,3.3,31.9,191.0,1.2,4.6,6.5,0.272,30.8,,0.9,0.8,-1.2,11.4,0.7,0.263,40.0,40.0,1439.0,2.0,3.0,0.6,17.5,191.0,1.2,13.6,7.3,0.539,30.8,1.0,1.4,0.046,,9,49,16,85,40,40,16,32,623,1439,0.1,-3.2,0,0,16,1,83,191,73,38,0.0,0.0,,0.396,0.229,12.6,13.0,0.017,0.451,0.693,0.473,0.462,0.508,0.415,0.3,40.0,40.0,1439.0,0.358,0.603,0.195,0.17,0.101,0.728,0.237,0.272,191.0,-60.9,-45.9,,40.0,40.0,95.0,68.0,85.0,93.0,98.0,107.0,106.0,95.0,1439.0,191.0,0.508,0.272,0.3,0.492,0.451,0.833,0.263,0.539,,,,,,,,,,,,,,,,,,,,,,,,,,,,,,,,,,,,,,,,,,,,,,,,,,,,,,,,,,,,,,,,,,,,,,,,,,,,,,,,,,,,,,,,,,,,,,,,,,,,,,,,,,,,,,,,,,,,,,,,,,,,,,,,,,,,,,,,,,,,,,,,,,,,,,,,,,,,,,,,,,,,,,,,,,,,,,,,,,,,,,,,,,,,,,,,,,,,,,,,,,,,,
shamela01,Landry Shamet,https://www.basketball-reference.com/players/s/shamela01.html,2021-22,2022,24.0,PHO,SG,SG,45.0,SG,69.0,14.0,1437.0,68.0,151.0,0.45,123.0,334.0,0.368,108.0,,9.0,110.0,0.521,191.0,485.0,0.394,68.0,81.0,0.84,16.0,92.0,573.0,198.0,28.0,41.0,126.0,0.0,1.0,2.2,0.45,1.8,4.8,0.368,1.6,,0.1,1.6,0.521,2.8,7.0,0.394,1.0,1.2,0.84,69.0,14.0,20.8,0.2,1.3,8.3,243.0,0.4,0.6,1.8,1.7,3.8,0.45,3.1,8.4,0.368,2.7,,0.2,2.8,0.521,4.8,12.2,0.394,1.7,2.0,0.84,69.0,14.0,1437.0,0.4,2.3,14.4,192.0,0.7,1.0,3.2,2.3,5.1,0.45,4.1,11.2,0.368,3.6,,0.3,3.7,112.0,0.521,6.4,16.2,0.394,2.3,2.7,0.84,69.0,14.0,1437.0,0.5,111.0,3.1,19.2,192.0,0.9,1.4,4.2,0.689,9.7,,0.6,-1.2,-0.4,8.0,1.5,0.167,69.0,14.0,1437.0,-0.9,1.2,1.1,10.2,192.0,0.9,7.3,4.7,0.55,16.8,0.3,2.6,0.085,,5,40,12,30,69,14,6,29,248,1437,-4.3,5.0,0,0,3,13,84,192,29,6,2.0,0.0,,0.396,0.302,20.0,13.0,0.029,0.394,0.643,0.393,0.444,0.45,0.34,0.368,69.0,14.0,1437.0,0.603,0.943,0.087,0.058,0.056,0.311,0.109,0.689,192.0,-10.7,-16.4,,69.0,14.0,85.0,172.0,104.0,98.0,85.0,108.0,67.0,97.0,1437.0,192.0,0.45,0.689,0.368,0.521,0.394,0.84,0.167,0.55,,12.0,0.0,85.0,136.0,98.0,92.0,86.0,92.0,59.0,90.0,192.0,75.0,0.455,0.542,0.346,0.49,0.396,0.714,0.146,0.509,0.542,10.3,,0.0,-1.5,0.1,10.2,0.0,0.146,12.0,0.0,192.0,-1.6,1.9,0.0,8.4,75.0,1.6,12.1,6.2,0.509,13.9,0.0,0.0,0.011,,0.0,5.0,1.0,4.0,12.0,0.0,1.0,4.0,33.0,192.0,-10.8,-8.6,0.0,0.0,12.0,5.0,83.0,75.0,4.0,2.0,2.7,5.9,0.455,2.4,7.0,0.346,4.0,,0.0,4.6,119.0,0.49,5.1,12.9,0.396,1.3,1.9,0.714,12.0,0.0,192.0,0.8,103.0,2.7,14.0,75.0,1.6,1.9,5.4,1.9,4.1,0.455,1.7,4.9,0.346,2.8,,0.0,3.2,0.49,3.6,9.0,0.396,0.9,1.3,0.714,12.0,0.0,192.0,0.6,1.9,9.7,75.0,1.1,1.3,3.7,0.8,1.8,0.455,0.8,2.2,0.346,1.3,,0.0,1.4,0.49,1.6,4.0,0.396,0.4,0.6,0.714,12.0,0.0,16.0,0.3,0.8,4.3,129.0,0.5,0.6,1.7,0.0,0.0,,0.429,0.269,18.5,4.0,0.083,0.396,1.0,0.5,0.167,0.455,0.429,0.346,12.0,0.0,192.0,0.7,0.889,0.063,0.125,0.125,0.458,0.146,0.542,75.0,10.0,22.0,0.455,9.0,26.0,0.346,15.0,,0.0,17.0,0.49,19.0,48.0,0.396,5.0,7.0,0.714,12.0,0.0,192.0,3.0,10.0,52.0,106.0,6.0,7.0,20.0,0.0
reaveau01,Austin Reaves,https://www.basketball-reference.com/players/r/reaveau01.html,2021-22,2022,23.0,LAL,SG,SG,46.0,SG,61.0,19.0,1418.0,93.0,151.0,0.616,53.0,167.0,0.317,110.0,,20.0,148.0,0.542,146.0,318.0,0.459,99.0,118.0,0.839,45.0,87.0,444.0,248.0,29.0,40.0,193.0,1.0,1.5,2.5,0.616,0.9,2.7,0.317,1.8,,0.3,2.4,0.542,2.4,5.2,0.459,1.6,1.9,0.839,61.0,19.0,23.2,0.7,1.4,7.3,288.0,0.5,0.7,3.2,2.4,3.8,0.616,1.3,4.2,0.317,2.8,,0.5,3.8,0.542,3.7,8.1,0.459,2.5,3.0,0.839,61.0,19.0,1418.0,1.1,2.2,11.3,194.0,0.7,1.0,4.9,3.1,5.1,0.616,1.8,5.6,0.317,3.7,,0.7,5.0,116.0,0.542,4.9,10.7,0.459,3.3,4.0,0.839,61.0,19.0,1418.0,1.5,123.0,2.9,15.0,194.0,1.0,1.4,6.5,0.525,10.3,,1.3,-1.9,-0.6,11.2,0.8,0.371,61.0,19.0,1418.0,-1.3,3.4,2.1,11.5,194.0,1.0,9.8,7.3,0.6,12.4,0.0,2.9,0.097,,2,40,33,51,61,19,14,11,271,1418,6.5,1.1,0,2,5,47,47,194,23,10,3.0,0.0,,0.362,0.281,16.3,6.0,0.019,0.459,0.746,0.571,0.182,0.616,0.56,0.317,61.0,19.0,1418.0,0.548,0.981,0.211,0.066,0.035,0.475,0.157,0.525,194.0,6.8,25.3,,61.0,19.0,116.0,132.0,90.0,102.0,100.0,108.0,150.0,106.0,1418.0,194.0,0.616,0.525,0.317,0.542,0.459,0.839,0.371,0.6,,,,,,,,,,,,,,,,,,,,,,,,,,,,,,,,,,,,,,,,,,,,,,,,,,,,,,,,,,,,,,,,,,,,,,,,,,,,,,,,,,,,,,,,,,,,,,,,,,,,,,,,,,,,,,,,,,,,,,,,,,,,,,,,,,,,,,,,,,,,,,,,,,,,,,,,,,,,,,,,,,,,,,,,,,,,,,,,,,,,,,,,,,,,,,,,,,,,,,,,,,,,,
bradlav01,Avery Bradley,https://www.basketball-reference.com/players/b/bradlav01.html,2021-22,2022,31.0,LAL,SG,SG,47.0,SG,62.0,45.0,1406.0,66.0,140.0,0.471,82.0,210.0,0.39,47.0,,9.0,105.0,0.54,148.0,350.0,0.423,16.0,18.0,0.889,31.0,118.0,394.0,264.0,53.0,38.0,136.0,0.0,1.1,2.3,0.471,1.3,3.4,0.39,0.8,,0.1,1.7,0.54,2.4,5.6,0.423,0.3,0.3,0.889,62.0,45.0,22.7,0.5,1.9,6.4,317.0,0.9,0.6,2.2,1.7,3.6,0.471,2.1,5.4,0.39,1.2,,0.2,2.7,0.54,3.8,9.0,0.423,0.4,0.5,0.889,62.0,45.0,1406.0,0.8,3.0,10.1,196.0,1.4,1.0,3.5,2.3,4.8,0.471,2.8,7.2,0.39,1.6,,0.3,3.6,116.0,0.54,5.0,11.9,0.423,0.5,0.6,0.889,62.0,45.0,1406.0,1.1,106.0,4.0,13.4,196.0,1.8,1.3,4.6,0.6,4.5,,0.6,-3.6,-0.1,8.0,0.9,0.051,62.0,45.0,1406.0,-3.5,2.4,0.3,7.8,196.0,1.8,9.6,5.2,0.55,12.1,-0.6,1.2,0.04,,3,43,11,6,62,45,1,18,111,1406,-2.5,-4.8,0,0,17,3,79,196,23,7,0.0,0.0,,0.375,0.533,17.8,1.0,0.003,0.423,0.6,0.483,0.452,0.471,0.281,0.39,62.0,45.0,1406.0,0.621,0.902,0.129,0.083,0.089,0.4,0.091,0.6,196.0,5.8,-11.2,,62.0,45.0,89.0,150.0,110.0,102.0,92.0,115.0,21.0,97.0,1406.0,196.0,0.471,0.6,0.39,0.54,0.423,0.889,0.051,0.55,,,,,,,,,,,,,,,,,,,,,,,,,,,,,,,,,,,,,,,,,,,,,,,,,,,,,,,,,,,,,,,,,,,,,,,,,,,,,,,,,,,,,,,,,,,,,,,,,,,,,,,,,,,,,,,,,,,,,,,,,,,,,,,,,,,,,,,,,,,,,,,,,,,,,,,,,,,,,,,,,,,,,,,,,,,,,,,,,,,,,,,,,,,,,,,,,,,,,,,,,,,,,
hamptrj01,R.J. Hampton,https://www.basketball-reference.com/players/h/hamptrj01.html,2021-22,2022,20.0,ORL,SG,SG,48.0,SG,64.0,14.0,1402.0,111.0,274.0,0.405,64.0,183.0,0.35,158.0,,13.0,171.0,0.453,175.0,457.0,0.383,75.0,117.0,0.641,23.0,101.0,489.0,230.0,42.0,87.0,194.0,0.0,1.7,4.3,0.405,1.0,2.9,0.35,2.5,,0.2,2.7,0.453,2.7,7.1,0.383,1.2,1.8,0.641,64.0,14.0,21.9,0.4,1.6,7.6,268.0,0.7,1.4,3.0,2.9,7.0,0.405,1.6,4.7,0.35,4.1,,0.3,4.4,0.453,4.5,11.7,0.383,1.9,3.0,0.641,64.0,14.0,1402.0,0.6,2.6,12.6,198.0,1.1,2.2,5.0,3.8,9.5,0.405,2.2,6.3,0.35,5.5,,0.4,5.9,114.0,0.453,6.0,15.8,0.383,2.6,4.0,0.641,64.0,14.0,1402.0,0.8,94.0,3.5,16.9,198.0,1.4,3.0,6.7,0.4,16.9,,0.8,-4.1,-0.1,12.9,1.1,0.256,64.0,14.0,1402.0,-4.0,1.7,-1.3,8.5,198.0,1.4,14.6,7.3,0.481,18.4,-0.7,-0.2,-0.005,,3,51,11,52,64,14,10,38,409,1402,-9.5,-14.3,0,0,20,4,76,198,52,21,1.0,0.0,,0.389,0.197,13.7,9.0,0.028,0.383,0.525,0.2,0.313,0.405,0.36,0.35,64.0,14.0,1402.0,0.333,0.906,0.217,0.044,0.035,0.6,0.304,0.4,198.0,-72.0,-86.6,,64.0,14.0,76.0,100.0,99.0,85.0,83.0,83.0,103.0,85.0,1402.0,198.0,0.405,0.4,0.35,0.453,0.383,0.641,0.256,0.481,,,,,,,,,,,,,,,,,,,,,,,,,,,,,,,,,,,,,,,,,,,,,,,,,,,,,,,,,,,,,,,,,,,,,,,,,,,,,,,,,,,,,,,,,,,,,,,,,,,,,,,,,,,,,,,,,,,,,,,,,,,,,,,,,,,,,,,,,,,,,,,,,,,,,,,,,,,,,,,,,,,,,,,,,,,,,,,,,,,,,,,,,,,,,,,,,,,,,,,,,,,,,
chrisjo01,Josh Christopher,https://www.basketball-reference.com/players/c/chrisjo01.html,2021-22,2022,20.0,HOU,SG,SG,49.0,SG,74.0,2.0,1334.0,168.0,311.0,0.54,56.0,189.0,0.296,150.0,,13.0,134.0,0.504,224.0,500.0,0.448,83.0,113.0,0.735,52.0,97.0,587.0,194.0,65.0,114.0,186.0,0.0,2.3,4.2,0.54,0.8,2.6,0.296,2.0,,0.2,1.8,0.504,3.0,6.8,0.448,1.1,1.5,0.735,74.0,2.0,18.0,0.7,1.3,7.9,260.0,0.9,1.5,2.5,4.5,8.4,0.54,1.5,5.1,0.296,4.0,,0.4,3.6,0.504,6.0,13.5,0.448,2.2,3.0,0.735,74.0,2.0,1334.0,1.4,2.6,15.8,207.0,1.8,3.1,5.0,6.0,11.1,0.54,2.0,6.7,0.296,5.4,,0.5,4.8,117.0,0.504,8.0,17.8,0.448,3.0,4.0,0.735,74.0,2.0,1334.0,1.9,101.0,3.5,20.9,207.0,2.3,4.1,6.6,0.378,17.3,,0.9,-3.5,-1.3,11.1,0.7,0.226,74.0,2.0,1334.0,-2.2,4.3,-0.4,12.2,207.0,2.3,17.2,7.7,0.534,21.1,-0.5,0.3,0.01,,6,42,7,47,74,2,10,34,361,1334,-2.3,-10.5,0,1,11,28,59,207,55,36,6.0,0.0,,0.317,0.217,13.3,35.0,0.078,0.448,0.647,0.333,0.2,0.54,0.532,0.296,74.0,2.0,1334.0,0.423,0.768,0.3,0.114,0.02,0.622,0.188,0.378,207.0,-27.7,-35.3,,74.0,2.0,101.0,95.0,84.0,95.0,97.0,95.0,91.0,94.0,1334.0,207.0,0.54,0.378,0.296,0.504,0.448,0.735,0.226,0.534,,,,,,,,,,,,,,,,,,,,,,,,,,,,,,,,,,,,,,,,,,,,,,,,,,,,,,,,,,,,,,,,,,,,,,,,,,,,,,,,,,,,,,,,,,,,,,,,,,,,,,,,,,,,,,,,,,,,,,,,,,,,,,,,,,,,,,,,,,,,,,,,,,,,,,,,,,,,,,,,,,,,,,,,,,,,,,,,,,,,,,,,,,,,,,,,,,,,,,,,,,,,,
suggsja01,Jalen Suggs,https://www.basketball-reference.com/players/s/suggsja01.html,2021-22,2022,20.0,ORL,PG,SG,50.0,SG,48.0,45.0,1307.0,156.0,352.0,0.443,42.0,196.0,0.214,209.0,,19.0,145.0,0.4,198.0,548.0,0.361,126.0,163.0,0.773,26.0,142.0,564.0,201.0,59.0,143.0,171.0,0.0,3.3,7.3,0.443,0.9,4.1,0.214,4.4,,0.4,3.0,0.4,4.1,11.4,0.361,2.6,3.4,0.773,48.0,45.0,27.2,0.5,3.0,11.8,137.0,1.2,3.0,3.6,4.3,9.7,0.443,1.2,5.4,0.214,5.8,,0.5,4.0,0.4,5.5,15.1,0.361,3.5,4.5,0.773,48.0,45.0,1307.0,0.7,3.9,15.5,210.0,1.6,3.9,4.7,5.8,13.0,0.443,1.6,7.3,0.214,7.7,,0.7,5.4,112.0,0.4,7.3,20.3,0.361,4.7,6.0,0.773,48.0,45.0,1307.0,1.0,88.0,5.3,20.9,210.0,2.2,5.3,6.3,0.358,24.9,,1.3,-5.6,-0.2,11.7,1.3,0.297,48.0,45.0,1307.0,-5.3,2.1,-3.0,8.6,210.0,2.2,18.7,6.9,0.455,25.3,-1.2,-1.6,-0.06,,17,63,23,72,48,45,11,48,518,1307,1.0,-7.6,0,0,46,0,54,210,67,48,1.0,0.0,,0.208,0.122,13.3,15.0,0.035,0.361,0.611,0.395,0.306,0.443,0.313,0.214,48.0,45.0,1307.0,0.365,0.667,0.263,0.069,0.066,0.642,0.245,0.358,210.0,-144.7,-137.5,,48.0,45.0,83.0,90.0,61.0,75.0,78.0,100.0,120.0,80.0,1307.0,210.0,0.443,0.358,0.214,0.4,0.361,0.773,0.297,0.455,,,,,,,,,,,,,,,,,,,,,,,,,,,,,,,,,,,,,,,,,,,,,,,,,,,,,,,,,,,,,,,,,,,,,,,,,,,,,,,,,,,,,,,,,,,,,,,,,,,,,,,,,,,,,,,,,,,,,,,,,,,,,,,,,,,,,,,,,,,,,,,,,,,,,,,,,,,,,,,,,,,,,,,,,,,,,,,,,,,,,,,,,,,,,,,,,,,,,,,,,,,,,
konchjo01,John Konchar,https://www.basketball-reference.com/players/k/konchjo01.html,2021-22,2022,25.0,MEM,SG,SG,51.0,SG,72.0,7.0,1292.0,83.0,136.0,0.61,52.0,126.0,0.413,109.0,,22.0,242.0,0.615,135.0,262.0,0.515,27.0,49.0,0.551,87.0,90.0,349.0,282.0,45.0,29.0,329.0,1.0,1.2,1.9,0.61,0.7,1.8,0.413,1.5,,0.3,3.4,0.615,1.9,3.6,0.515,0.4,0.7,0.551,72.0,7.0,17.9,1.2,1.3,4.8,390.0,0.6,0.4,4.6,2.3,3.8,0.61,1.4,3.5,0.413,3.0,,0.6,6.7,0.615,3.8,7.3,0.515,0.8,1.4,0.551,72.0,7.0,1292.0,2.4,2.5,9.7,211.0,1.3,0.8,9.2,3.1,5.0,0.61,1.9,4.7,0.413,4.0,,0.8,9.0,109.0,0.615,5.0,9.7,0.515,1.0,1.8,0.551,72.0,7.0,1292.0,3.2,133.0,3.3,12.9,211.0,1.7,1.1,12.2,0.481,10.6,,1.5,1.5,1.3,20.1,1.8,0.187,72.0,7.0,1292.0,0.2,6.9,2.4,14.0,211.0,1.7,9.3,13.3,0.615,9.9,1.2,4.2,0.155,,1,51,4,22,72,7,2,3,266,1292,-2.6,4.0,0,0,24,17,59,211,19,7,0.0,0.0,,0.439,0.452,14.0,18.0,0.08,0.515,0.741,0.429,0.1,0.61,0.458,0.413,72.0,7.0,1292.0,0.59,0.904,0.324,0.053,0.038,0.519,0.092,0.481,211.0,43.4,28.0,,72.0,7.0,115.0,120.0,117.0,116.0,112.0,71.0,75.0,109.0,1292.0,211.0,0.61,0.481,0.413,0.615,0.515,0.551,0.187,0.615,,8.0,0.0,75.0,137.0,47.0,60.0,59.0,129.0,73.0,67.0,56.0,156.0,0.4,0.545,0.167,0.318,0.273,1.0,0.182,0.379,0.545,11.5,,1.7,-1.3,2.8,31.9,0.1,0.182,8.0,0.0,56.0,-4.1,5.3,0.0,9.5,156.0,2.5,7.8,17.9,0.379,9.4,0.0,0.1,0.1,,0.0,4.0,1.0,1.0,8.0,0.0,0.0,0.0,11.0,56.0,-34.4,-29.1,0.0,0.0,7.0,4.0,89.0,156.0,1.0,0.0,1.7,4.2,0.4,0.8,5.0,0.167,4.2,,0.8,13.4,103.0,0.318,2.5,9.2,0.273,1.7,1.7,1.0,8.0,0.0,56.0,2.5,103.0,5.9,7.6,156.0,2.5,0.8,16.0,1.3,3.2,0.4,0.6,3.9,0.167,3.2,,0.6,10.3,0.318,1.9,7.1,0.273,1.3,1.3,1.0,8.0,0.0,56.0,1.9,4.5,5.8,156.0,1.9,0.6,12.2,0.3,0.6,0.4,0.1,0.8,0.167,0.6,,0.1,2.0,0.318,0.4,1.4,0.273,0.3,0.3,1.0,8.0,0.0,7.0,0.4,0.9,1.1,187.0,0.4,0.1,2.4,0.0,0.0,,0.0,0.333,14.9,1.0,0.182,0.273,1.0,,,0.4,0.0,0.167,8.0,0.0,56.0,1.0,1.0,0.182,0.0,0.0,0.455,0.273,0.545,156.0,2.0,5.0,0.4,1.0,6.0,0.167,5.0,,1.0,16.0,0.318,3.0,11.0,0.273,2.0,2.0,1.0,8.0,0.0,56.0,3.0,7.0,9.0,172.0,3.0,1.0,19.0,0.0
forbebr01,Bryn Forbes,https://www.basketball-reference.com/players/f/forbebr01.html,2021-22,2022,28.0,2TM,SG,SG,52.0,SG,75.0,2.0,1286.0,109.0,244.0,0.447,122.0,295.0,0.414,75.0,,5.0,83.0,0.542,231.0,539.0,0.429,79.0,87.0,0.908,10.0,95.0,663.0,162.0,25.0,56.0,93.0,0.0,1.5,3.3,0.447,1.6,3.9,0.414,1.0,,0.1,1.1,0.542,3.1,7.2,0.429,1.1,1.2,0.908,75.0,2.0,17.1,0.1,1.3,8.8,221.0,0.3,0.7,1.2,3.1,6.8,0.447,3.4,8.3,0.414,2.1,,0.1,2.3,0.542,6.5,15.1,0.429,2.2,2.4,0.908,75.0,2.0,1286.0,0.3,2.7,18.6,212.0,0.7,1.6,2.6,4.1,9.2,0.447,4.6,11.1,0.414,2.8,,0.2,3.1,117.0,0.542,8.7,20.3,0.429,3.0,3.3,0.908,75.0,2.0,1286.0,0.4,109.0,3.6,25.0,212.0,0.9,2.1,3.5,0.547,8.3,,0.3,-2.9,-2.2,6.9,0.6,0.161,75.0,2.0,1286.0,-0.7,0.9,0.8,11.5,212.0,0.9,8.8,3.9,0.574,21.2,-0.3,1.4,0.054,,7,46,3,36,75,2,8,29,183,1286,-1.1,0.3,0,0,15,7,79,212,24,17,0.0,0.0,,0.569,0.173,19.6,0.0,0.0,0.429,0.609,0.525,0.364,0.447,0.432,0.414,75.0,2.0,1286.0,0.697,0.959,0.043,0.109,0.163,0.453,0.137,0.547,212.0,10.8,9.5,,75.0,2.0,84.0,137.0,117.0,102.0,93.0,117.0,65.0,101.0,1286.0,212.0,0.447,0.547,0.414,0.542,0.429,0.908,0.161,0.574,,5.0,0.0,94.0,184.0,103.0,100.0,87.0,103.0,134.0,103.0,76.0,140.0,0.5,0.733,0.364,0.533,0.4,0.8,0.333,0.581,0.733,12.4,,0.0,-2.8,-1.9,3.4,-0.1,0.333,5.0,0.0,76.0,-0.8,1.6,0.1,7.8,140.0,0.7,10.4,2.4,0.581,11.0,0.0,0.0,0.028,,1.0,1.0,0.0,2.0,5.0,0.0,0.0,2.0,17.0,76.0,12.6,-1.2,0.0,0.0,0.0,9.0,91.0,140.0,1.0,0.0,1.3,2.6,0.5,2.6,7.2,0.364,4.6,,0.0,1.3,127.0,0.533,3.9,9.8,0.4,2.6,3.3,0.8,5.0,0.0,76.0,0.7,123.0,4.6,13.0,140.0,0.7,1.3,2.0,0.9,1.9,0.5,1.9,5.2,0.364,3.3,,0.0,0.9,0.533,2.8,7.1,0.4,1.9,2.4,0.8,5.0,0.0,76.0,0.5,3.3,9.5,140.0,0.5,0.9,1.4,0.4,0.8,0.5,0.8,2.2,0.364,1.4,,0.0,0.4,0.533,1.2,3.0,0.4,0.8,1.0,0.8,5.0,0.0,15.2,0.2,1.4,4.0,136.0,0.2,0.4,0.6,1.0,0.0,,0.667,0.273,24.9,0.0,0.0,0.4,,,1.0,0.5,0.0,0.364,5.0,0.0,76.0,0.5,0.75,0.0,0.0,0.133,0.267,0.133,0.733,140.0,2.0,4.0,0.5,4.0,11.0,0.364,7.0,,0.0,2.0,0.533,6.0,15.0,0.4,4.0,5.0,0.8,5.0,0.0,76.0,1.0,7.0,20.0,150.0,1.0,2.0,3.0,0.0
mclembe01,Ben McLemore,https://www.basketball-reference.com/players/m/mclembe01.html,2021-22,2022,28.0,POR,SG,SG,53.0,SG,64.0,6.0,1285.0,65.0,122.0,0.533,151.0,417.0,0.362,59.0,,10.0,91.0,0.541,216.0,539.0,0.401,72.0,88.0,0.818,12.0,103.0,655.0,163.0,38.0,55.0,103.0,0.0,1.0,1.9,0.533,2.4,6.5,0.362,0.9,,0.2,1.4,0.541,3.4,8.4,0.401,1.1,1.4,0.818,64.0,6.0,20.1,0.2,1.6,10.2,179.0,0.6,0.9,1.6,1.8,3.4,0.533,4.2,11.7,0.362,1.7,,0.3,2.5,0.541,6.1,15.1,0.401,2.0,2.5,0.818,64.0,6.0,1285.0,0.3,2.9,18.4,213.0,1.1,1.5,2.9,2.5,4.6,0.533,5.7,15.9,0.362,2.2,,0.4,3.5,120.0,0.541,8.2,20.5,0.401,2.7,3.3,0.818,64.0,6.0,1285.0,0.5,108.0,3.9,24.9,213.0,1.4,2.1,3.9,0.774,7.3,,0.8,-3.2,-2.5,8.1,0.2,0.163,64.0,6.0,1285.0,-0.7,1.0,0.7,11.7,213.0,1.4,8.7,4.4,0.567,21.3,-0.4,0.8,0.031,,2,62,9,29,64,6,5,21,146,1285,-6.7,-13.4,0,0,11,18,72,213,25,17,2.0,0.0,,0.488,0.309,21.9,8.0,0.017,0.401,0.694,0.333,0.442,0.533,0.389,0.362,64.0,6.0,1285.0,0.846,0.967,0.091,0.006,0.096,0.226,0.033,0.774,213.0,9.8,1.0,,64.0,6.0,100.0,194.0,102.0,102.0,87.0,106.0,66.0,100.0,1285.0,213.0,0.533,0.774,0.362,0.541,0.401,0.818,0.163,0.567,,,,,,,,,,,,,,,,,,,,,,,,,,,,,,,,,,,,,,,,,,,,,,,,,,,,,,,,,,,,,,,,,,,,,,,,,,,,,,,,,,,,,,,,,,,,,,,,,,,,,,,,,,,,,,,,,,,,,,,,,,,,,,,,,,,,,,,,,,,,,,,,,,,,,,,,,,,,,,,,,,,,,,,,,,,,,,,,,,,,,,,,,,,,,,,,,,,,,,,,,,,,,
diallha01,Hamidou Diallo,https://www.basketball-reference.com/players/d/diallha01.html,2021-22,2022,23.0,DET,SG,SG,54.0,SG,58.0,29.0,1269.0,238.0,433.0,0.55,23.0,93.0,0.247,73.0,,17.0,208.0,0.518,261.0,526.0,0.496,91.0,140.0,0.65,69.0,143.0,636.0,173.0,71.0,58.0,277.0,0.0,4.1,7.5,0.55,0.4,1.6,0.247,1.3,,0.3,3.6,0.518,4.5,9.1,0.496,1.6,2.4,0.65,58.0,29.0,21.9,1.2,2.5,11.0,153.0,1.2,1.0,4.8,6.8,12.3,0.55,0.7,2.6,0.247,2.1,,0.5,5.9,0.518,7.4,14.9,0.496,2.6,4.0,0.65,58.0,29.0,1269.0,2.0,4.1,18.0,216.0,2.0,1.6,7.9,9.2,16.6,0.55,0.9,3.6,0.247,2.8,,0.7,8.0,111.0,0.518,10.0,20.2,0.496,3.5,5.4,0.65,58.0,29.0,1269.0,2.7,107.0,5.5,24.5,216.0,2.7,2.2,10.7,0.177,9.8,,1.2,-0.5,0.7,18.7,1.5,0.266,58.0,29.0,1269.0,-1.2,5.6,0.6,15.7,216.0,2.7,9.0,11.8,0.541,21.8,0.5,2.1,0.079,,6,70,10,77,58,29,22,25,184,1269,-0.2,-8.2,0,3,0,40,57,216,26,15,2.0,0.0,,0.277,0.505,9.5,51.0,0.101,0.496,0.691,0.391,0.361,0.55,0.5,0.247,58.0,29.0,1269.0,0.517,0.913,0.333,0.122,0.068,0.823,0.3,0.177,216.0,-14.3,-29.2,,58.0,29.0,103.0,44.0,70.0,97.0,108.0,84.0,107.0,96.0,1269.0,216.0,0.55,0.177,0.247,0.518,0.496,0.65,0.266,0.541,,,,,,,,,,,,,,,,,,,,,,,,,,,,,,,,,,,,,,,,,,,,,,,,,,,,,,,,,,,,,,,,,,,,,,,,,,,,,,,,,,,,,,,,,,,,,,,,,,,,,,,,,,,,,,,,,,,,,,,,,,,,,,,,,,,,,,,,,,,,,,,,,,,,,,,,,,,,,,,,,,,,,,,,,,,,,,,,,,,,,,,,,,,,,,,,,,,,,,,,,,,,,
leeda03,Damion Lee,https://www.basketball-reference.com/players/l/leeda03.html,2021-22,2022,29.0,GSW,SG,SG,55.0,SG,63.0,5.0,1256.0,106.0,196.0,0.541,63.0,187.0,0.337,63.0,,6.0,176.0,0.523,169.0,383.0,0.441,66.0,75.0,0.88,27.0,95.0,467.0,238.0,39.0,38.0,203.0,0.0,1.7,3.1,0.541,1.0,3.0,0.337,1.0,,0.1,2.8,0.523,2.7,6.1,0.441,1.0,1.2,0.88,63.0,5.0,19.9,0.4,1.5,7.4,282.0,0.6,0.6,3.2,3.0,5.6,0.541,1.8,5.4,0.337,1.8,,0.2,5.0,0.523,4.8,11.0,0.441,1.9,2.1,0.88,63.0,5.0,1256.0,0.8,2.7,13.4,217.0,1.1,1.1,5.8,4.1,7.6,0.541,2.4,7.3,0.337,2.4,,0.2,6.8,109.0,0.523,6.6,14.9,0.441,2.6,2.9,0.88,63.0,5.0,1256.0,1.0,111.0,3.7,18.1,217.0,1.5,1.5,7.9,0.488,7.1,,0.5,-2.0,0.4,14.9,1.8,0.196,63.0,5.0,1256.0,-2.4,2.4,0.9,10.9,217.0,1.5,8.4,8.8,0.561,15.8,0.0,2.7,0.102,,10,50,16,23,63,5,5,12,160,1256,-4.3,2.8,0,3,2,40,55,217,9,11,2.0,0.0,,0.324,0.396,16.4,2.0,0.005,0.441,0.833,0.343,0.303,0.541,0.429,0.337,63.0,5.0,1256.0,0.736,0.984,0.188,0.091,0.086,0.512,0.146,0.488,217.0,-6.3,-3.9,,63.0,5.0,102.0,122.0,95.0,98.0,96.0,114.0,79.0,99.0,1256.0,217.0,0.541,0.488,0.337,0.523,0.441,0.88,0.196,0.561,,16.0,0.0,94.0,118.0,71.0,83.0,83.0,86.0,36.0,80.0,124.0,116.0,0.5,0.471,0.25,0.441,0.382,0.667,0.088,0.453,0.471,7.5,,0.0,-5.2,-1.1,18.5,0.1,0.088,16.0,0.0,124.0,-4.1,4.7,-0.1,5.8,116.0,0.4,14.5,11.8,0.453,14.6,-0.1,0.0,-0.005,,2.0,4.0,5.0,0.0,16.0,0.0,0.0,0.0,18.0,124.0,-16.5,-9.1,0.0,0.0,0.0,35.0,65.0,116.0,2.0,2.0,3.6,7.2,0.5,1.6,6.4,0.25,2.8,,0.0,8.4,114.0,0.441,5.2,13.5,0.382,0.8,1.2,0.667,16.0,0.0,124.0,2.0,92.0,3.2,12.8,116.0,0.4,2.4,10.4,2.6,5.2,0.5,1.2,4.6,0.25,2.0,,0.0,6.1,0.441,3.8,9.9,0.382,0.6,0.9,0.667,16.0,0.0,124.0,1.5,2.3,9.3,116.0,0.3,1.7,7.5,0.6,1.1,0.5,0.3,1.0,0.25,0.4,,0.0,1.3,0.441,0.8,2.1,0.382,0.1,0.2,0.667,16.0,0.0,7.8,0.3,0.5,2.0,167.0,0.1,0.4,1.6,0.0,0.0,,0.167,0.375,16.9,0.0,0.0,0.382,1.0,0.333,0.25,0.5,0.429,0.25,16.0,0.0,124.0,0.556,1.0,0.118,0.088,0.118,0.529,0.206,0.471,116.0,9.0,18.0,0.5,4.0,16.0,0.25,7.0,,0.0,21.0,0.441,13.0,34.0,0.382,2.0,3.0,0.667,16.0,0.0,124.0,5.0,8.0,32.0,126.0,1.0,6.0,26.0,0.0
paytoga02,Gary Payton II,https://www.basketball-reference.com/players/p/paytoga02.html,2021-22,2022,29.0,GSW,SG,SG,56.0,SG,71.0,16.0,1248.0,169.0,224.0,0.754,43.0,120.0,0.358,64.0,,22.0,175.0,0.679,212.0,344.0,0.616,35.0,58.0,0.603,72.0,131.0,502.0,224.0,96.0,40.0,247.0,0.0,2.4,3.2,0.754,0.6,1.7,0.358,0.9,,0.3,2.5,0.679,3.0,4.8,0.616,0.5,0.8,0.603,71.0,16.0,17.6,1.0,1.8,7.1,296.0,1.4,0.6,3.5,4.9,6.5,0.754,1.2,3.5,0.358,1.8,,0.6,5.0,0.679,6.1,9.9,0.616,1.0,1.7,0.603,71.0,16.0,1248.0,2.1,3.8,14.5,219.0,2.8,1.2,7.1,6.6,8.8,0.754,1.7,4.7,0.358,2.5,,0.9,6.8,103.0,0.679,8.3,13.5,0.616,1.4,2.3,0.603,71.0,16.0,1248.0,2.8,129.0,5.1,19.6,219.0,3.8,1.6,9.7,0.349,7.6,,1.7,3.7,3.4,14.9,2.6,0.169,71.0,16.0,1248.0,0.3,6.5,2.5,17.8,219.0,3.8,9.8,10.8,0.679,14.3,1.8,5.2,0.199,,8,34,5,27,71,16,6,9,157,1248,5.9,9.8,0,0,46,0,54,219,24,5,1.0,0.0,,0.403,0.6,10.4,55.0,0.18,0.616,0.825,0.0,0.5,0.754,0.655,0.358,71.0,16.0,1248.0,0.787,1.0,0.398,0.003,0.006,0.651,0.244,0.349,219.0,101.2,83.7,,71.0,16.0,142.0,87.0,101.0,128.0,134.0,78.0,68.0,120.0,1248.0,219.0,0.754,0.349,0.358,0.679,0.616,0.603,0.169,0.679,,12.0,2.0,136.0,85.0,151.0,141.0,143.0,86.0,165.0,133.0,203.0,66.0,0.724,0.341,0.533,0.75,0.659,0.667,0.409,0.751,0.341,11.0,,3.5,7.4,4.7,12.9,0.3,0.409,12.0,2.0,203.0,2.7,7.4,0.7,20.6,66.0,3.4,10.4,10.2,0.751,12.5,0.5,1.0,0.235,,3.0,7.0,2.0,6.0,12.0,2.0,0.0,3.0,39.0,203.0,11.9,15.0,0.0,0.0,30.0,0.0,70.0,66.0,1.0,2.0,5.1,7.1,0.724,1.9,3.7,0.533,3.9,,1.7,5.8,106.0,0.75,7.1,10.7,0.659,2.9,4.4,0.667,12.0,2.0,203.0,3.2,146.0,5.6,19.0,66.0,3.4,1.5,9.0,3.7,5.1,0.724,1.4,2.7,0.533,2.8,,1.2,4.3,0.75,5.1,7.8,0.659,2.1,3.2,0.667,12.0,2.0,203.0,2.3,4.1,13.8,66.0,2.5,1.1,6.6,1.8,2.4,0.724,0.7,1.3,0.533,1.3,,0.6,2.0,0.75,2.4,3.7,0.659,1.0,1.5,0.667,12.0,2.0,16.9,1.1,1.9,6.5,102.0,1.2,0.5,3.1,0.0,0.0,,0.556,0.6,10.9,5.0,0.182,0.659,0.917,,,0.724,0.588,0.533,12.0,2.0,203.0,0.619,1.0,0.273,0.0,0.0,0.659,0.386,0.341,66.0,21.0,29.0,0.724,8.0,15.0,0.533,16.0,,7.0,24.0,0.75,29.0,44.0,0.659,12.0,18.0,0.667,12.0,2.0,203.0,13.0,23.0,78.0,72.0,14.0,6.0,37.0,0.0
hardati02,Tim Hardaway Jr.,https://www.basketball-reference.com/players/h/hardati02.html,2021-22,2022,29.0,DAL,SG,SG,57.0,SG,42.0,20.0,1245.0,107.0,226.0,0.473,102.0,304.0,0.336,92.0,,6.0,143.0,0.491,209.0,530.0,0.394,78.0,103.0,0.757,13.0,74.0,598.0,188.0,38.0,34.0,156.0,0.0,2.5,5.4,0.473,2.4,7.2,0.336,2.2,,0.1,3.4,0.491,5.0,12.6,0.394,1.9,2.5,0.757,42.0,20.0,29.6,0.3,1.8,14.2,102.0,0.9,0.8,3.7,3.1,6.5,0.473,2.9,8.8,0.336,2.7,,0.2,4.1,0.491,6.0,15.3,0.394,2.3,3.0,0.757,42.0,20.0,1245.0,0.4,2.1,17.3,221.0,1.1,1.0,4.5,4.3,9.1,0.473,4.1,12.3,0.336,3.7,,0.2,5.8,111.0,0.491,8.4,21.4,0.394,3.2,4.2,0.757,42.0,20.0,1245.0,0.5,107.0,3.0,24.2,221.0,1.5,1.4,6.3,0.574,11.4,,0.4,-0.2,0.2,12.8,1.5,0.194,42.0,20.0,1245.0,-0.4,1.2,0.5,12.7,221.0,1.5,5.6,7.0,0.52,22.0,0.6,2.0,0.077,,1,26,13,43,42,20,9,18,220,1245,-3.3,1.3,0,2,0,48,50,221,17,12,4.0,0.0,,0.322,0.194,19.6,15.0,0.034,0.394,0.68,0.404,0.413,0.473,0.429,0.336,42.0,20.0,1245.0,0.664,0.804,0.094,0.098,0.142,0.426,0.092,0.574,221.0,-43.6,-53.3,,42.0,20.0,89.0,144.0,95.0,92.0,86.0,98.0,78.0,92.0,1245.0,221.0,0.473,0.574,0.336,0.491,0.394,0.757,0.194,0.52,,,,,,,,,,,,,,,,,,,,,,,,,,,,,,,,,,,,,,,,,,,,,,,,,,,,,,,,,,,,,,,,,,,,,,,,,,,,,,,,,,,,,,,,,,,,,,,,,,,,,,,,,,,,,,,,,,,,,,,,,,,,,,,,,,,,,,,,,,,,,,,,,,,,,,,,,,,,,,,,,,,,,,,,,,,,,,,,,,,,,,,,,,,,,,,,,,,,,,,,,,,,,
miltosh01,Shake Milton,https://www.basketball-reference.com/players/m/miltosh01.html,2021-22,2022,25.0,PHI,SG,SG,58.0,SG,55.0,6.0,1179.0,130.0,270.0,0.481,43.0,133.0,0.323,139.0,,17.0,112.0,0.483,173.0,403.0,0.429,61.0,73.0,0.836,30.0,99.0,450.0,245.0,28.0,44.0,142.0,0.0,2.4,4.9,0.481,0.8,2.4,0.323,2.5,,0.3,2.0,0.483,3.1,7.3,0.429,1.1,1.3,0.836,55.0,6.0,21.4,0.5,1.8,8.2,248.0,0.5,0.8,2.6,4.0,8.2,0.481,1.3,4.1,0.323,4.2,,0.5,3.4,0.483,5.3,12.3,0.429,1.9,2.2,0.836,55.0,6.0,1179.0,0.9,3.0,13.7,236.0,0.9,1.3,4.3,5.5,11.4,0.481,1.8,5.6,0.323,5.9,,0.7,4.7,114.0,0.483,7.3,17.0,0.429,2.6,3.1,0.836,55.0,6.0,1179.0,1.3,109.0,4.2,19.0,236.0,1.2,1.9,6.0,0.33,17.6,,1.3,-2.2,-0.6,10.4,1.0,0.181,55.0,6.0,1179.0,-1.6,2.9,0.7,11.9,236.0,1.2,9.2,6.7,0.517,18.3,-0.1,1.7,0.069,,10,47,5,37,55,6,15,20,332,1179,-5.7,-1.3,0,2,7,27,64,236,23,8,1.0,0.0,,0.355,0.233,13.4,1.0,0.005,0.429,0.7,0.4,0.304,0.481,0.402,0.323,55.0,6.0,1179.0,0.369,0.93,0.199,0.136,0.057,0.67,0.278,0.33,236.0,-39.5,-42.6,,55.0,6.0,90.0,83.0,91.0,91.0,93.0,108.0,73.0,91.0,1179.0,236.0,0.481,0.33,0.323,0.483,0.429,0.836,0.181,0.517,,12.0,0.0,82.0,99.0,151.0,109.0,103.0,103.0,212.0,113.0,158.0,93.0,0.435,0.395,0.533,0.579,0.474,0.8,0.526,0.641,0.395,10.9,,1.8,3.7,2.3,11.1,0.2,0.526,12.0,0.0,158.0,1.5,3.3,0.4,15.4,93.0,2.0,9.7,7.4,0.641,15.4,0.2,0.5,0.153,,1.0,5.0,1.0,6.0,12.0,0.0,1.0,1.0,27.0,158.0,4.1,3.8,0.0,1.0,0.0,52.0,47.0,93.0,2.0,2.0,3.3,7.6,0.435,2.6,4.9,0.533,3.6,,1.0,4.9,112.0,0.579,5.9,12.5,0.474,5.3,6.6,0.8,12.0,0.0,158.0,1.3,127.0,4.3,19.8,93.0,2.0,1.6,6.3,2.3,5.2,0.435,1.8,3.4,0.533,2.5,,0.7,3.4,0.579,4.1,8.7,0.474,3.6,4.6,0.8,12.0,0.0,158.0,0.9,3.0,13.7,93.0,1.4,1.1,4.3,0.8,1.9,0.435,0.7,1.3,0.533,0.9,,0.3,1.3,0.579,1.5,3.2,0.474,1.3,1.7,0.8,12.0,0.0,13.2,0.3,1.1,5.0,122.0,0.5,0.4,1.6,0.0,0.0,,0.4,0.333,15.1,0.0,0.0,0.474,0.333,0.444,0.0,0.435,0.571,0.533,12.0,0.0,158.0,0.7,0.875,0.158,0.237,0.026,0.605,0.184,0.395,93.0,10.0,23.0,0.435,8.0,15.0,0.533,11.0,,3.0,15.0,0.579,18.0,38.0,0.474,16.0,20.0,0.8,12.0,0.0,158.0,4.0,13.0,60.0,91.0,6.0,5.0,19.0,0.0
thomaca02,Cam Thomas,https://www.basketball-reference.com/players/t/thomaca02.html,2021-22,2022,20.0,BRK,SG,SG,59.0,SG,67.0,2.0,1176.0,171.0,329.0,0.52,47.0,174.0,0.27,78.0,,8.0,145.0,0.48,218.0,503.0,0.433,87.0,105.0,0.829,16.0,66.0,570.0,200.0,33.0,55.0,161.0,0.0,2.6,4.9,0.52,0.7,2.6,0.27,1.2,,0.1,2.2,0.48,3.3,7.5,0.433,1.3,1.6,0.829,67.0,2.0,17.6,0.2,1.0,8.5,235.0,0.5,0.8,2.4,5.2,10.1,0.52,1.4,5.3,0.27,2.4,,0.2,4.4,0.48,6.7,15.4,0.433,2.7,3.2,0.829,67.0,2.0,1176.0,0.5,2.0,17.4,238.0,1.0,1.7,4.9,7.0,13.6,0.52,1.9,7.2,0.27,3.2,,0.3,6.0,115.0,0.48,9.0,20.7,0.433,3.6,4.3,0.829,67.0,2.0,1176.0,0.7,103.0,2.7,23.5,238.0,1.4,2.3,6.6,0.346,9.7,,0.6,-3.4,-1.4,13.1,0.8,0.209,67.0,2.0,1176.0,-2.0,1.5,0.0,11.7,238.0,1.4,9.1,7.5,0.519,22.1,-0.4,0.8,0.033,,6,42,1,46,67,2,10,27,177,1176,-10.9,-6.2,0,3,1,43,53,238,23,19,0.0,0.0,,0.433,0.172,16.0,0.0,0.002,0.433,0.574,0.548,0.434,0.52,0.521,0.27,67.0,2.0,1176.0,0.415,0.702,0.107,0.25,0.151,0.654,0.145,0.346,238.0,-51.9,-51.7,,67.0,2.0,98.0,87.0,76.0,90.0,94.0,107.0,84.0,92.0,1176.0,238.0,0.52,0.346,0.27,0.48,0.433,0.829,0.209,0.519,,1.0,0.0,,,,,,,,,0.0,217.0,,,,,,,,,,,,,,,,0.0,,1.0,0.0,0.0,,,0.0,,217.0,,,,,,0.0,0.0,,,0.0,0.0,0.0,0.0,1.0,0.0,0.0,0.0,0.0,0.0,,,,,,,,217.0,0.0,0.0,,,,,,,,,,,,,,,,,,,1.0,0.0,0.0,,,,,217.0,,,,,,,,,,,,,,,,,,,,,1.0,0.0,0.0,,,,217.0,,,,0.0,0.0,,0.0,0.0,,0.0,,0.0,0.0,,0.0,0.0,,0.0,0.0,,1.0,0.0,0.0,0.0,0.0,0.0,217.0,0.0,0.0,0.0,0.0,0.0,,,,,0.0,,,,,,,,,1.0,0.0,0.0,,,,,,,,,217.0,0.0,0.0,,0.0,0.0,,0.0,,0.0,0.0,,0.0,0.0,,0.0,0.0,,1.0,0.0,0.0,0.0,0.0,0.0,217.0,0.0,0.0,0.0,0.0
jacksfr01,Frank Jackson,https://www.basketball-reference.com/players/j/jacksfr01.html,2021-22,2022,23.0,DET,PG,SG,60.0,SG,53.0,7.0,1164.0,108.0,204.0,0.529,86.0,279.0,0.308,55.0,,9.0,68.0,0.491,194.0,483.0,0.402,86.0,104.0,0.827,19.0,89.0,560.0,204.0,27.0,38.0,87.0,0.0,2.0,3.8,0.529,1.6,5.3,0.308,1.0,,0.2,1.3,0.491,3.7,9.1,0.402,1.6,2.0,0.827,53.0,7.0,22.0,0.4,1.7,10.6,166.0,0.5,0.7,1.6,3.3,6.3,0.529,2.7,8.6,0.308,1.7,,0.3,2.1,0.491,6.0,14.9,0.402,2.7,3.2,0.827,53.0,7.0,1164.0,0.6,2.8,17.3,241.0,0.8,1.2,2.7,4.5,8.6,0.529,3.6,11.7,0.308,2.3,,0.4,2.9,118.0,0.491,8.1,20.2,0.402,3.6,4.4,0.827,53.0,7.0,1164.0,0.8,106.0,3.7,23.5,241.0,1.1,1.6,3.6,0.578,7.6,,0.7,-3.5,-1.7,6.7,0.4,0.215,53.0,7.0,1164.0,-1.8,1.7,0.3,10.6,241.0,1.1,6.7,4.0,0.53,20.9,-0.4,0.7,0.031,,3,50,10,48,53,7,12,25,138,1164,1.1,-7.3,0,0,45,1,54,241,20,8,0.0,0.0,,0.402,0.33,17.4,5.0,0.01,0.402,0.725,0.515,0.5,0.529,0.338,0.308,53.0,7.0,1164.0,0.676,0.942,0.166,0.068,0.029,0.422,0.159,0.578,241.0,-39.6,-38.6,,53.0,7.0,99.0,145.0,87.0,92.0,87.0,107.0,87.0,94.0,1164.0,241.0,0.529,0.578,0.308,0.491,0.402,0.827,0.215,0.53,,,,,,,,,,,,,,,,,,,,,,,,,,,,,,,,,,,,,,,,,,,,,,,,,,,,,,,,,,,,,,,,,,,,,,,,,,,,,,,,,,,,,,,,,,,,,,,,,,,,,,,,,,,,,,,,,,,,,,,,,,,,,,,,,,,,,,,,,,,,,,,,,,,,,,,,,,,,,,,,,,,,,,,,,,,,,,,,,,,,,,,,,,,,,,,,,,,,,,,,,,,,,
carusal01,Alex Caruso,https://www.basketball-reference.com/players/c/carusal01.html,2021-22,2022,27.0,CHI,SG,SG,61.0,SG,41.0,18.0,1147.0,60.0,130.0,0.462,42.0,126.0,0.333,165.0,,15.0,115.0,0.48,102.0,256.0,0.398,58.0,73.0,0.795,33.0,106.0,304.0,311.0,71.0,57.0,148.0,0.0,1.5,3.2,0.462,1.0,3.1,0.333,4.0,,0.4,2.8,0.48,2.5,6.2,0.398,1.4,1.8,0.795,41.0,18.0,28.0,0.8,2.6,7.4,280.0,1.7,1.4,3.6,1.9,4.1,0.462,1.3,4.0,0.333,5.2,,0.5,3.6,0.48,3.2,8.0,0.398,1.8,2.3,0.795,41.0,18.0,1147.0,1.0,3.3,9.5,245.0,2.2,1.8,4.6,2.6,5.5,0.462,1.8,5.4,0.333,7.0,,0.6,4.9,112.0,0.48,4.3,10.9,0.398,2.5,3.1,0.795,41.0,18.0,1147.0,1.4,110.0,4.5,12.9,245.0,3.0,2.4,6.3,0.492,18.5,,1.1,0.2,2.3,11.2,1.2,0.285,41.0,18.0,1147.0,-2.2,3.3,0.7,11.7,245.0,3.0,16.5,7.3,0.528,13.3,0.6,2.0,0.082,,2,54,30,30,41,18,7,18,383,1147,7.4,4.9,0,0,36,4,60,245,39,14,2.0,0.0,,0.383,0.373,15.4,4.0,0.023,0.398,0.591,0.364,0.313,0.462,0.324,0.333,41.0,18.0,1147.0,0.567,0.929,0.258,0.043,0.063,0.508,0.145,0.492,245.0,-26.2,-22.1,,41.0,18.0,87.0,123.0,94.0,90.0,86.0,103.0,115.0,93.0,1147.0,245.0,0.462,0.492,0.333,0.48,0.398,0.795,0.285,0.528,,4.0,4.0,75.0,196.0,110.0,102.0,85.0,,0.0,96.0,113.0,124.0,0.4,0.783,0.389,0.543,0.391,,0.0,0.543,0.783,22.2,,3.5,3.3,3.9,8.7,0.2,0.0,4.0,4.0,113.0,-0.6,1.6,0.1,12.4,124.0,2.1,4.2,4.9,0.543,9.3,0.2,0.3,0.128,,0.0,5.0,6.0,0.0,4.0,4.0,0.0,1.0,38.0,113.0,8.4,-9.0,0.0,0.0,87.0,0.0,13.0,124.0,1.0,0.0,0.8,2.1,0.4,3.0,7.6,0.389,7.2,,1.7,3.8,108.0,0.543,3.8,9.7,0.391,0.0,0.0,,4.0,4.0,113.0,0.8,123.0,4.7,10.6,124.0,2.1,0.4,4.7,0.6,1.6,0.4,2.2,5.7,0.389,5.4,,1.3,2.9,0.543,2.9,7.3,0.391,0.0,0.0,,4.0,4.0,113.0,0.6,3.5,8.0,124.0,1.6,0.3,3.5,0.5,1.3,0.4,1.8,4.5,0.389,4.3,,1.0,2.3,0.543,2.3,5.8,0.391,0.0,0.0,,4.0,4.0,28.3,0.5,2.8,6.3,103.0,1.3,0.3,2.8,0.0,0.0,,0.333,0.5,20.3,0.0,0.0,0.391,0.667,0.0,,0.4,0.0,0.389,4.0,4.0,113.0,1.0,0.714,0.13,0.043,0.0,0.217,0.043,0.783,124.0,2.0,5.0,0.4,7.0,18.0,0.389,17.0,,4.0,9.0,0.543,9.0,23.0,0.391,0.0,0.0,,4.0,4.0,113.0,2.0,11.0,25.0,136.0,5.0,1.0,11.0,0.0
templga01,Garrett Temple,https://www.basketball-reference.com/players/t/templga01.html,2021-22,2022,35.0,NOP,SG,SG,62.0,SG,59.0,16.0,1098.0,52.0,110.0,0.473,59.0,185.0,0.319,74.0,,23.0,114.0,0.476,111.0,295.0,0.376,28.0,41.0,0.683,29.0,81.0,309.0,309.0,43.0,42.0,143.0,0.0,0.9,1.9,0.473,1.0,3.1,0.319,1.3,,0.4,1.9,0.476,1.9,5.0,0.376,0.5,0.7,0.683,59.0,16.0,18.6,0.5,1.4,5.2,378.0,0.7,0.7,2.4,1.7,3.6,0.473,1.9,6.1,0.319,2.4,,0.8,3.7,0.476,3.6,9.7,0.376,0.9,1.3,0.683,59.0,16.0,1098.0,1.0,2.7,10.1,249.0,1.4,1.4,4.7,2.3,4.9,0.473,2.7,8.3,0.319,3.3,,1.0,5.1,113.0,0.476,5.0,13.3,0.376,1.3,1.8,0.683,59.0,16.0,1098.0,1.3,101.0,3.6,13.9,249.0,1.9,1.9,6.4,0.627,9.2,,2.0,-2.5,0.3,11.8,1.0,0.139,59.0,16.0,1098.0,-2.8,2.9,-0.1,8.6,249.0,1.9,11.8,7.2,0.494,13.9,-0.1,0.8,0.037,,7,38,7,17,59,16,4,13,175,1098,-17.9,-14.1,0,0,17,3,81,249,21,11,0.0,0.0,,0.318,0.459,18.0,3.0,0.01,0.376,0.62,0.238,0.267,0.473,0.429,0.319,59.0,16.0,1098.0,0.596,0.983,0.169,0.071,0.051,0.373,0.071,0.627,249.0,-32.7,-45.4,,59.0,16.0,89.0,157.0,90.0,90.0,82.0,88.0,56.0,87.0,1098.0,249.0,0.473,0.627,0.319,0.476,0.376,0.683,0.139,0.494,,1.0,0.0,,,,,,,,,2.0,215.0,,,,,,,,,,0.0,,0.0,-2.2,2.5,63.2,0.0,,1.0,0.0,2.0,-4.7,0.0,0.0,6.2,215.0,0.0,,29.5,,0.0,0.0,0.0,0.024,,0.0,0.0,0.0,0.0,1.0,0.0,0.0,0.0,0.0,2.0,-8.1,-10.0,0.0,0.0,0.0,0.0,100.0,215.0,0.0,0.0,0.0,0.0,,0.0,0.0,,0.0,,0.0,25.7,116.0,,0.0,0.0,,0.0,0.0,,1.0,0.0,2.0,0.0,,0.0,0.0,215.0,0.0,0.0,25.7,0.0,0.0,,0.0,0.0,,0.0,,0.0,18.0,,0.0,0.0,,0.0,0.0,,1.0,0.0,2.0,0.0,0.0,0.0,215.0,0.0,0.0,18.0,0.0,0.0,,0.0,0.0,,0.0,,0.0,1.0,,0.0,0.0,,0.0,0.0,,1.0,0.0,2.0,0.0,0.0,0.0,216.0,0.0,0.0,1.0,0.0,0.0,,,,,0.0,,,,,,,,,1.0,0.0,2.0,,,,,,,,,215.0,0.0,0.0,,0.0,0.0,,0.0,,0.0,1.0,,0.0,0.0,,0.0,0.0,,1.0,0.0,2.0,0.0,0.0,0.0,216.0,0.0,0.0,1.0,0.0
divindo01,Donte DiVincenzo,https://www.basketball-reference.com/players/d/divindo01.html,2021-22,2022,25.0,2TM,SG,SG,63.0,SG,42.0,1.0,1006.0,44.0,118.0,0.373,74.0,218.0,0.339,118.0,,8.0,130.0,0.461,118.0,336.0,0.351,70.0,83.0,0.843,40.0,69.0,380.0,269.0,48.0,72.0,170.0,0.0,1.0,2.8,0.373,1.8,5.2,0.339,2.8,,0.2,3.1,0.461,2.8,8.0,0.351,1.7,2.0,0.843,42.0,1.0,24.0,1.0,1.6,9.0,213.0,1.1,1.7,4.0,1.6,4.2,0.373,2.6,7.8,0.339,4.2,,0.3,4.7,0.461,4.2,12.0,0.351,2.5,3.0,0.843,42.0,1.0,1006.0,1.4,2.5,13.6,270.0,1.7,2.6,6.1,2.1,5.6,0.373,3.5,10.4,0.339,5.6,,0.4,6.2,113.0,0.461,5.6,16.1,0.351,3.3,4.0,0.843,42.0,1.0,1006.0,1.9,102.0,3.3,18.2,270.0,2.3,3.4,8.1,0.649,16.1,,0.7,-2.3,-0.5,14.0,0.9,0.247,42.0,1.0,1006.0,-1.8,4.3,-0.1,11.3,270.0,2.3,16.2,9.1,0.51,18.9,-0.1,0.7,0.035,,4,35,16,19,42,1,2,11,269,1006,-2.4,-4.8,0,1,8,22,69,270,41,26,1.0,0.0,,0.426,0.216,18.5,2.0,0.009,0.351,0.538,0.444,0.091,0.373,0.239,0.339,42.0,1.0,1006.0,0.477,0.824,0.155,0.027,0.033,0.351,0.137,0.649,270.0,-47.3,-41.7,,42.0,1.0,70.0,162.0,96.0,87.0,76.0,109.0,100.0,90.0,1006.0,270.0,0.373,0.649,0.339,0.461,0.351,0.843,0.247,0.51,,,,,,,,,,,,,,,,,,,,,,,,,,,,,,,,,,,,,,,,,,,,,,,,,,,,,,,,,,,,,,,,,,,,,,,,,,,,,,,,,,,,,,,,,,,,,,,,,,,,,,,,,,,,,,,,,,,,,,,,,,,,,,,,,,,,,,,,,,,,,,,,,,,,,,,,,,,,,,,,,,,,,,,,,,,,,,,,,,,,,,,,,,,,,,,,,,,,,,,,,,,,,
matthwe02,Wesley Matthews,https://www.basketball-reference.com/players/m/matthwe02.html,2021-22,2022,35.0,MIL,SG,SG,64.0,SG,49.0,14.0,1002.0,34.0,63.0,0.54,53.0,157.0,0.338,36.0,,8.0,62.0,0.516,87.0,220.0,0.395,22.0,28.0,0.786,30.0,87.0,249.0,334.0,23.0,18.0,92.0,0.0,0.7,1.3,0.54,1.1,3.2,0.338,0.7,,0.2,1.3,0.516,1.8,4.5,0.395,0.4,0.6,0.786,49.0,14.0,20.4,0.6,1.8,5.1,383.0,0.5,0.4,1.9,1.2,2.3,0.54,1.9,5.6,0.338,1.3,,0.3,2.2,0.516,3.1,7.9,0.395,0.8,1.0,0.786,49.0,14.0,1002.0,1.1,3.1,8.9,271.0,0.8,0.6,3.3,1.6,3.0,0.54,2.5,7.5,0.338,1.7,,0.4,3.0,116.0,0.516,4.2,10.5,0.395,1.1,1.3,0.786,49.0,14.0,1002.0,1.4,113.0,4.2,11.9,271.0,1.1,0.9,4.4,0.714,4.6,,0.8,-3.3,-0.3,6.4,0.6,0.127,49.0,14.0,1002.0,-3.0,3.2,0.6,6.9,271.0,1.1,7.2,4.9,0.536,10.7,-0.3,1.2,0.056,,1,43,25,12,49,14,5,10,85,1002,6.8,8.3,0,1,8,40,51,271,11,5,0.0,0.0,,0.367,0.382,19.1,0.0,0.0,0.395,0.676,0.333,,0.54,0.4,0.338,49.0,14.0,1002.0,0.647,0.981,0.155,0.041,0.0,0.286,0.091,0.714,271.0,-6.9,-14.0,,49.0,14.0,101.0,179.0,95.0,97.0,86.0,101.0,51.0,95.0,1002.0,271.0,0.54,0.714,0.338,0.516,0.395,0.786,0.127,0.536,,12.0,12.0,69.0,176.0,113.0,100.0,85.0,86.0,57.0,96.0,345.0,40.0,0.368,0.703,0.4,0.531,0.391,0.667,0.141,0.544,0.703,5.6,,0.9,-0.3,1.8,8.0,0.6,0.141,12.0,12.0,345.0,-2.1,2.8,0.2,7.3,40.0,1.3,8.1,5.5,0.544,9.3,0.1,0.8,0.105,,0.0,11.0,11.0,3.0,12.0,12.0,0.0,8.0,35.0,345.0,7.2,4.3,0.0,1.0,0.0,45.0,54.0,40.0,1.0,3.0,1.0,2.7,0.368,2.5,6.4,0.4,2.0,,0.4,4.0,106.0,0.531,3.5,9.0,0.391,0.8,1.3,0.667,12.0,12.0,345.0,1.3,112.0,3.8,10.5,40.0,1.3,0.8,5.2,0.7,2.0,0.368,1.9,4.7,0.4,1.5,,0.3,2.9,0.531,2.6,6.7,0.391,0.6,0.9,0.667,12.0,12.0,345.0,0.9,2.8,7.7,40.0,0.9,0.6,3.9,0.6,1.6,0.368,1.5,3.8,0.4,1.2,,0.3,2.3,0.531,2.1,5.3,0.391,0.5,0.8,0.667,12.0,12.0,28.8,0.8,2.3,6.2,105.0,0.8,0.5,3.1,0.0,0.0,,0.526,0.422,19.0,0.0,0.0,0.391,0.625,,,0.368,0.182,0.4,12.0,12.0,345.0,0.857,1.0,0.125,0.0,0.0,0.297,0.172,0.703,40.0,7.0,19.0,0.368,18.0,45.0,0.4,14.0,,3.0,28.0,0.531,25.0,64.0,0.391,6.0,9.0,0.667,12.0,12.0,345.0,9.0,27.0,74.0,76.0,9.0,6.0,37.0,0.0
nowelja01,Jaylen Nowell,https://www.basketball-reference.com/players/n/nowelja01.html,2021-22,2022,22.0,MIN,SG,SG,65.0,SG,62.0,1.0,975.0,133.0,253.0,0.526,63.0,160.0,0.394,130.0,,10.0,101.0,0.551,196.0,413.0,0.475,72.0,92.0,0.783,22.0,73.0,527.0,216.0,27.0,36.0,123.0,0.0,2.1,4.1,0.526,1.0,2.6,0.394,2.1,,0.2,1.6,0.551,3.2,6.7,0.475,1.2,1.5,0.783,62.0,1.0,15.7,0.4,1.2,8.5,233.0,0.4,0.6,2.0,4.9,9.3,0.526,2.3,5.9,0.394,4.8,,0.4,3.7,0.551,7.2,15.2,0.475,2.7,3.4,0.783,62.0,1.0,975.0,0.8,2.7,19.5,279.0,1.0,1.3,4.5,6.5,12.3,0.526,3.1,7.8,0.394,6.3,,0.5,4.9,115.0,0.551,9.6,20.2,0.475,3.5,4.5,0.783,62.0,1.0,975.0,1.1,121.0,3.6,25.7,279.0,1.3,1.8,6.0,0.387,20.2,,1.0,0.8,-0.7,11.4,0.7,0.223,62.0,1.0,975.0,1.5,2.4,2.1,16.8,279.0,1.3,7.4,6.8,0.581,21.0,0.7,2.8,0.138,,1,48,5,46,62,1,15,16,313,975,0.7,3.0,0,0,14,30,56,279,21,9,2.0,0.0,,0.407,0.169,14.1,8.0,0.022,0.475,0.679,0.508,0.353,0.526,0.43,0.394,62.0,1.0,975.0,0.429,0.778,0.203,0.143,0.041,0.613,0.225,0.387,279.0,15.8,13.7,,62.0,1.0,99.0,97.0,111.0,104.0,103.0,101.0,90.0,103.0,975.0,279.0,0.526,0.387,0.394,0.551,0.475,0.783,0.223,0.581,,1.0,0.0,113.0,125.0,0.0,56.0,65.0,,0.0,53.0,12.0,192.0,0.6,0.5,0.0,0.3,0.3,,0.0,0.3,0.5,16.4,,0.0,-9.6,-3.8,0.0,0.0,0.0,1.0,0.0,12.0,-5.8,0.0,-0.1,1.6,192.0,3.9,0.0,0.0,0.3,35.7,0.0,-0.1,-0.293,,0.0,1.0,0.0,0.0,1.0,0.0,0.0,0.0,3.0,12.0,27.8,21.9,0.0,0.0,0.0,34.0,66.0,192.0,0.0,0.0,11.7,19.5,0.6,0.0,19.5,0.0,3.9,,0.0,0.0,113.0,0.3,11.7,39.0,0.3,0.0,0.0,,1.0,0.0,12.0,0.0,67.0,3.9,23.4,192.0,3.9,0.0,0.0,9.0,15.0,0.6,0.0,15.0,0.0,3.0,,0.0,0.0,0.3,9.0,30.0,0.3,0.0,0.0,,1.0,0.0,12.0,0.0,3.0,18.0,192.0,3.0,0.0,0.0,3.0,5.0,0.6,0.0,5.0,0.0,1.0,,0.0,0.0,0.3,3.0,10.0,0.3,0.0,0.0,,1.0,0.0,12.0,0.0,1.0,6.0,109.0,1.0,0.0,0.0,0.0,0.0,,0.0,0.4,16.9,1.0,0.1,0.3,1.0,,0.0,0.6,1.0,0.0,1.0,0.0,12.0,0.333,,0.2,0.0,0.2,0.5,0.1,0.5,192.0,3.0,5.0,0.6,0.0,5.0,0.0,1.0,,0.0,0.0,0.3,3.0,10.0,0.3,0.0,0.0,,1.0,0.0,12.0,0.0,1.0,6.0,180.0,1.0,0.0,0.0,0.0
rubiori01,Ricky Rubio,https://www.basketball-reference.com/players/r/rubiori01.html,2021-22,2022,31.0,CLE,PG,SG,66.0,SG,34.0,8.0,970.0,90.0,237.0,0.38,59.0,174.0,0.339,225.0,,7.0,126.0,0.434,149.0,411.0,0.363,88.0,103.0,0.854,15.0,75.0,445.0,247.0,49.0,90.0,141.0,0.0,2.6,7.0,0.38,1.7,5.1,0.339,6.6,,0.2,3.7,0.434,4.4,12.1,0.363,2.6,3.0,0.854,34.0,8.0,28.5,0.4,2.2,13.1,118.0,1.4,2.6,4.1,3.3,8.8,0.38,2.2,6.5,0.339,8.4,,0.3,4.7,0.434,5.5,15.3,0.363,3.3,3.8,0.854,34.0,8.0,970.0,0.6,2.8,16.5,282.0,1.8,3.3,5.2,4.6,12.2,0.38,3.0,9.0,0.339,11.6,,0.4,6.5,108.0,0.434,7.7,21.2,0.363,4.5,5.3,0.854,34.0,8.0,970.0,0.8,102.0,3.9,22.9,282.0,2.5,4.6,7.3,0.423,34.6,,0.6,0.2,1.2,14.1,1.4,0.251,34.0,8.0,970.0,-1.0,1.7,-0.1,14.0,282.0,2.5,16.5,8.0,0.488,24.9,0.5,1.3,0.064,,6,18,14,29,34,8,5,26,527,970,9.0,8.8,0,0,47,0,53,282,59,16,2.0,0.0,,0.306,0.282,15.1,0.0,0.0,0.363,0.474,0.358,0.29,0.38,0.299,0.339,34.0,8.0,970.0,0.256,0.661,0.185,0.129,0.075,0.577,0.163,0.423,282.0,-80.0,-71.6,,34.0,8.0,71.0,106.0,96.0,82.0,79.0,110.0,101.0,86.0,970.0,282.0,0.38,0.423,0.339,0.434,0.363,0.854,0.251,0.488,,,,,,,,,,,,,,,,,,,,,,,,,,,,,,,,,,,,,,,,,,,,,,,,,,,,,,,,,,,,,,,,,,,,,,,,,,,,,,,,,,,,,,,,,,,,,,,,,,,,,,,,,,,,,,,,,,,,,,,,,,,,,,,,,,,,,,,,,,,,,,,,,,,,,,,,,,,,,,,,,,,,,,,,,,,,,,,,,,,,,,,,,,,,,,,,,,,,,,,,,,,,,
thompkl01,Klay Thompson,https://www.basketball-reference.com/players/t/thompkl01.html,2021-22,2022,31.0,GSW,SG,SG,67.0,SG,32.0,32.0,941.0,132.0,277.0,0.477,114.0,296.0,0.385,88.0,,17.0,110.0,0.529,246.0,573.0,0.429,46.0,51.0,0.902,15.0,54.0,652.0,166.0,16.0,43.0,125.0,0.0,4.1,8.7,0.477,3.6,9.3,0.385,2.8,,0.5,3.4,0.529,7.7,17.9,0.429,1.4,1.6,0.902,32.0,32.0,29.4,0.5,1.7,20.4,33.0,0.5,1.3,3.9,5.0,10.6,0.477,4.4,11.3,0.385,3.4,,0.7,4.2,0.529,9.4,21.9,0.429,1.8,2.0,0.902,32.0,32.0,941.0,0.6,2.1,24.9,292.0,0.6,1.6,4.8,6.8,14.4,0.477,5.9,15.3,0.385,4.6,,0.9,5.7,110.0,0.529,12.7,29.7,0.429,2.4,2.6,0.902,32.0,32.0,941.0,0.8,107.0,2.8,33.8,292.0,0.8,2.2,6.5,0.517,16.1,,1.7,1.1,-1.6,12.4,1.2,0.089,32.0,32.0,941.0,2.6,1.8,0.6,16.7,292.0,0.8,6.7,7.3,0.547,29.6,0.7,1.8,0.091,,1,32,1,21,32,32,3,13,210,941,-2.9,3.5,0,4,1,46,49,292,20,13,1.0,0.0,,0.367,0.166,18.9,5.0,0.009,0.429,0.714,0.409,0.44,0.477,0.486,0.385,32.0,32.0,941.0,0.636,0.886,0.061,0.162,0.131,0.483,0.129,0.517,292.0,-3.3,-22.0,,32.0,32.0,89.0,129.0,109.0,99.0,93.0,116.0,36.0,97.0,941.0,292.0,0.477,0.517,0.385,0.529,0.429,0.902,0.089,0.547,,22.0,22.0,91.0,136.0,109.0,100.0,93.0,112.0,33.0,97.0,792.0,4.0,0.482,0.543,0.385,0.534,0.429,0.867,0.082,0.55,0.543,9.5,,1.9,0.7,-0.4,10.9,0.7,0.082,22.0,22.0,792.0,1.1,1.0,0.6,14.1,4.0,1.5,6.8,6.1,0.55,22.7,0.6,1.3,0.079,,2.0,25.0,0.0,14.0,22.0,22.0,2.0,11.0,122.0,792.0,-11.7,2.4,0.0,2.0,0.0,47.0,51.0,4.0,11.0,9.0,5.1,10.5,0.482,4.8,12.5,0.385,3.1,,0.9,4.9,112.0,0.534,9.9,23.0,0.429,1.6,1.9,0.867,22.0,22.0,792.0,0.4,108.0,2.9,26.1,4.0,1.5,1.7,5.4,3.7,7.6,0.482,3.5,9.1,0.385,2.3,,0.7,3.6,0.534,7.2,16.7,0.429,1.2,1.4,0.867,22.0,22.0,792.0,0.3,2.1,19.0,4.0,1.1,1.3,3.9,3.7,7.6,0.482,3.5,9.1,0.385,2.3,,0.7,3.6,0.534,7.2,16.7,0.429,1.2,1.4,0.867,22.0,22.0,36.0,0.3,2.1,19.0,26.0,1.1,1.3,3.9,0.0,0.0,,0.333,0.195,18.7,5.0,0.014,0.429,0.667,0.464,0.447,0.482,0.44,0.385,22.0,22.0,792.0,0.728,0.935,0.065,0.152,0.103,0.457,0.136,0.543,4.0,81.0,168.0,0.482,77.0,200.0,0.385,50.0,,15.0,79.0,0.534,158.0,368.0,0.429,26.0,30.0,0.867,22.0,22.0,792.0,7.0,47.0,419.0,6.0,24.0,28.0,86.0,0.0
satorto01,Tomáš Satoranský,https://www.basketball-reference.com/players/s/satorto01.html,2021-22,2022,30.0,3TM,SG,SG,68.0,SG,55.0,13.0,906.0,61.0,138.0,0.442,11.0,53.0,0.208,184.0,,5.0,99.0,0.406,72.0,191.0,0.377,43.0,54.0,0.796,27.0,71.0,198.0,362.0,29.0,46.0,126.0,0.0,1.1,2.5,0.442,0.2,1.0,0.208,3.3,,0.1,1.8,0.406,1.3,3.5,0.377,0.8,1.0,0.796,55.0,13.0,16.5,0.5,1.3,3.6,450.0,0.5,0.8,2.3,2.4,5.5,0.442,0.4,2.1,0.208,7.3,,0.2,3.9,0.406,2.9,7.6,0.377,1.7,2.1,0.796,55.0,13.0,906.0,1.1,2.8,7.9,296.0,1.2,1.8,5.0,3.3,7.5,0.442,0.6,2.9,0.208,10.0,,0.3,5.4,115.0,0.406,3.9,10.4,0.377,2.3,2.9,0.796,55.0,13.0,906.0,1.5,109.0,3.9,10.8,296.0,1.6,2.5,6.9,0.277,27.0,,0.5,-3.7,-0.3,12.1,0.6,0.283,55.0,13.0,906.0,-3.3,3.3,0.5,10.2,296.0,1.6,17.6,7.7,0.461,12.6,-0.4,1.0,0.055,,2,23,10,27,55,13,6,11,440,906,-6.6,-7.9,0,6,34,25,35,296,32,10,3.0,0.0,,0.091,0.208,13.0,6.0,0.037,0.377,0.63,0.379,0.333,0.442,0.333,0.208,55.0,13.0,906.0,0.443,1.0,0.241,0.152,0.094,0.723,0.236,0.277,296.0,-48.1,-45.1,,55.0,13.0,83.0,69.0,59.0,76.0,82.0,103.0,105.0,81.0,906.0,296.0,0.442,0.277,0.208,0.406,0.377,0.796,0.283,0.461,,,,,,,,,,,,,,,,,,,,,,,,,,,,,,,,,,,,,,,,,,,,,,,,,,,,,,,,,,,,,,,,,,,,,,,,,,,,,,,,,,,,,,,,,,,,,,,,,,,,,,,,,,,,,,,,,,,,,,,,,,,,,,,,,,,,,,,,,,,,,,,,,,,,,,,,,,,,,,,,,,,,,,,,,,,,,,,,,,,,,,,,,,,,,,,,,,,,,,,,,,,,,
stephla01,Lance Stephenson,https://www.basketball-reference.com/players/s/stephla01.html,2021-22,2022,31.0,2TM,SG,SG,69.0,SG,46.0,1.0,814.0,120.0,233.0,0.515,27.0,90.0,0.3,165.0,,4.0,115.0,0.497,147.0,323.0,0.455,63.0,80.0,0.788,12.0,96.0,384.0,266.0,24.0,72.0,127.0,0.0,2.6,5.1,0.515,0.6,2.0,0.3,3.6,,0.1,2.5,0.497,3.2,7.0,0.455,1.4,1.7,0.788,46.0,1.0,17.7,0.3,2.1,8.3,238.0,0.5,1.6,2.8,5.3,10.3,0.515,1.2,4.0,0.3,7.3,,0.2,5.1,0.497,6.5,14.3,0.455,2.8,3.5,0.788,46.0,1.0,814.0,0.5,4.2,17.0,314.0,1.1,3.2,5.6,7.2,14.0,0.515,1.6,5.4,0.3,9.9,,0.2,6.9,117.0,0.497,8.8,19.4,0.455,3.8,4.8,0.788,46.0,1.0,814.0,0.7,107.0,5.8,23.1,314.0,1.4,4.3,7.6,0.279,30.2,,0.4,-3.2,-1.6,16.0,0.4,0.248,46.0,1.0,814.0,-1.6,1.6,0.4,13.6,314.0,1.4,16.7,8.7,0.536,22.6,-0.2,0.8,0.048,,11,38,6,36,46,1,6,18,398,814,-4.4,-7.1,0,2,21,25,52,314,39,15,0.0,0.0,,0.375,0.178,14.9,1.0,0.003,0.455,0.662,0.423,0.398,0.515,0.547,0.3,46.0,1.0,814.0,0.2,0.593,0.22,0.08,0.257,0.721,0.164,0.279,314.0,-22.4,-21.5,,46.0,1.0,97.0,70.0,85.0,93.0,99.0,102.0,100.0,95.0,814.0,314.0,0.515,0.279,0.3,0.497,0.455,0.788,0.248,0.536,,,,,,,,,,,,,,,,,,,,,,,,,,,,,,,,,,,,,,,,,,,,,,,,,,,,,,,,,,,,,,,,,,,,,,,,,,,,,,,,,,,,,,,,,,,,,,,,,,,,,,,,,,,,,,,,,,,,,,,,,,,,,,,,,,,,,,,,,,,,,,,,,,,,,,,,,,,,,,,,,,,,,,,,,,,,,,,,,,,,,,,,,,,,,,,,,,,,,,,,,,,,,
ellinwa01,Wayne Ellington,https://www.basketball-reference.com/players/e/ellinwa01.html,2021-22,2022,34.0,LAL,SG,SG,70.0,SG,43.0,9.0,810.0,16.0,26.0,0.615,82.0,211.0,0.389,30.0,,5.0,67.0,0.586,98.0,237.0,0.414,9.0,11.0,0.818,10.0,42.0,287.0,318.0,23.0,19.0,77.0,0.0,0.4,0.6,0.615,1.9,4.9,0.389,0.7,,0.1,1.6,0.586,2.3,5.5,0.414,0.2,0.3,0.818,43.0,9.0,18.8,0.2,1.0,6.7,308.0,0.5,0.4,1.8,0.7,1.2,0.615,3.6,9.4,0.389,1.3,,0.2,3.0,0.586,4.4,10.5,0.414,0.4,0.5,0.818,43.0,9.0,810.0,0.4,1.9,12.8,315.0,1.0,0.8,3.4,0.9,1.5,0.615,4.9,12.5,0.389,1.8,,0.3,4.0,116.0,0.586,5.8,14.0,0.414,0.5,0.7,0.818,43.0,9.0,810.0,0.6,113.0,2.5,17.0,315.0,1.4,1.1,4.6,0.89,5.0,,0.5,-1.4,-0.6,8.9,0.4,0.046,43.0,9.0,810.0,-0.7,1.3,0.6,9.9,315.0,1.4,7.3,5.1,0.593,13.8,0.1,1.0,0.062,,1,22,5,1,43,9,0,4,73,810,-1.0,-3.9,0,3,10,43,45,315,16,1,0.0,0.0,,0.475,0.28,23.4,0.0,0.0,0.414,0.8,0.429,0.333,0.615,0.667,0.389,43.0,9.0,810.0,0.875,0.951,0.042,0.03,0.013,0.11,0.025,0.89,315.0,26.0,13.2,,43.0,9.0,116.0,223.0,110.0,110.0,90.0,106.0,19.0,105.0,810.0,315.0,0.615,0.89,0.389,0.586,0.414,0.818,0.046,0.593,,,,,,,,,,,,,,,,,,,,,,,,,,,,,,,,,,,,,,,,,,,,,,,,,,,,,,,,,,,,,,,,,,,,,,,,,,,,,,,,,,,,,,,,,,,,,,,,,,,,,,,,,,,,,,,,,,,,,,,,,,,,,,,,,,,,,,,,,,,,,,,,,,,,,,,,,,,,,,,,,,,,,,,,,,,,,,,,,,,,,,,,,,,,,,,,,,,,,,,,,,,,,
jeromty01,Ty Jerome,https://www.basketball-reference.com/players/j/jeromty01.html,2021-22,2022,24.0,OKC,SG,SG,71.0,SG,48.0,4.0,801.0,70.0,142.0,0.493,54.0,186.0,0.29,109.0,,5.0,59.0,0.46,124.0,328.0,0.378,38.0,47.0,0.809,19.0,73.0,340.0,288.0,30.0,37.0,78.0,0.0,1.5,3.0,0.493,1.1,3.9,0.29,2.3,,0.1,1.2,0.46,2.6,6.8,0.378,0.8,1.0,0.809,48.0,4.0,16.7,0.4,1.5,7.1,293.0,0.6,0.8,1.6,3.1,6.4,0.493,2.4,8.4,0.29,4.9,,0.2,2.7,0.46,5.6,14.7,0.378,1.7,2.1,0.809,48.0,4.0,801.0,0.9,3.3,15.3,317.0,1.3,1.7,3.5,4.3,8.6,0.493,3.3,11.3,0.29,6.6,,0.3,3.6,115.0,0.46,7.5,19.9,0.378,2.3,2.9,0.809,48.0,4.0,801.0,1.2,103.0,4.4,20.7,317.0,1.8,2.2,4.7,0.567,21.3,,0.6,-2.3,-0.2,7.7,0.5,0.143,48.0,4.0,801.0,-2.2,2.4,0.0,11.3,317.0,1.8,9.6,5.0,0.488,20.8,-0.1,0.5,0.032,,2,26,4,20,48,4,4,18,276,801,6.2,-3.3,0,0,31,5,65,317,19,12,1.0,0.0,,0.414,0.156,17.9,0.0,0.0,0.378,0.478,0.568,0.2,0.493,0.481,0.29,48.0,4.0,801.0,0.3,0.796,0.07,0.113,0.015,0.433,0.235,0.567,317.0,-46.8,-54.7,,48.0,4.0,93.0,142.0,82.0,87.0,82.0,104.0,58.0,86.0,801.0,317.0,0.493,0.567,0.29,0.46,0.378,0.809,0.143,0.488,,,,,,,,,,,,,,,,,,,,,,,,,,,,,,,,,,,,,,,,,,,,,,,,,,,,,,,,,,,,,,,,,,,,,,,,,,,,,,,,,,,,,,,,,,,,,,,,,,,,,,,,,,,,,,,,,,,,,,,,,,,,,,,,,,,,,,,,,,,,,,,,,,,,,,,,,,,,,,,,,,,,,,,,,,,,,,,,,,,,,,,,,,,,,,,,,,,,,,,,,,,,,
grimequ01,Quentin Grimes,https://www.basketball-reference.com/players/g/grimequ01.html,2021-22,2022,21.0,NYK,SG,SG,72.0,SG,46.0,6.0,786.0,23.0,46.0,0.5,72.0,189.0,0.381,44.0,,11.0,70.0,0.557,95.0,235.0,0.404,13.0,19.0,0.684,24.0,72.0,275.0,324.0,31.0,28.0,94.0,0.0,0.5,1.0,0.5,1.6,4.1,0.381,1.0,,0.2,1.5,0.557,2.1,5.1,0.404,0.3,0.4,0.684,46.0,6.0,17.1,0.5,1.6,6.0,340.0,0.7,0.6,2.0,1.1,2.1,0.5,3.3,8.7,0.381,2.0,,0.5,3.2,0.557,4.4,10.8,0.404,0.6,0.9,0.684,46.0,6.0,786.0,1.1,3.3,12.6,319.0,1.4,1.3,4.3,1.5,2.9,0.5,4.6,12.0,0.381,2.8,,0.7,4.5,111.0,0.557,6.0,15.0,0.404,0.8,1.2,0.684,46.0,6.0,786.0,1.5,111.0,4.6,17.5,319.0,2.0,1.8,6.0,0.804,8.5,,1.4,-0.3,0.9,9.8,0.9,0.081,46.0,6.0,786.0,-1.2,3.2,0.6,10.7,319.0,2.0,10.3,6.4,0.565,15.1,0.3,1.4,0.087,,2,30,5,4,46,6,3,2,108,786,-1.7,-1.1,0,0,14,10,76,319,16,4,0.0,0.0,,0.468,0.249,22.1,3.0,0.013,0.404,0.714,0.2,0.438,0.5,0.0,0.381,46.0,6.0,786.0,0.609,0.958,0.089,0.021,0.068,0.196,0.017,0.804,319.0,12.1,-0.5,,46.0,6.0,94.0,201.0,108.0,105.0,88.0,88.0,33.0,100.0,786.0,319.0,0.5,0.804,0.381,0.557,0.404,0.684,0.081,0.565,,,,,,,,,,,,,,,,,,,,,,,,,,,,,,,,,,,,,,,,,,,,,,,,,,,,,,,,,,,,,,,,,,,,,,,,,,,,,,,,,,,,,,,,,,,,,,,,,,,,,,,,,,,,,,,,,,,,,,,,,,,,,,,,,,,,,,,,,,,,,,,,,,,,,,,,,,,,,,,,,,,,,,,,,,,,,,,,,,,,,,,,,,,,,,,,,,,,,,,,,,,,,
mcgruro01,Rodney McGruder,https://www.basketball-reference.com/players/m/mcgruro01.html,2021-22,2022,30.0,DET,SG,SG,73.0,SG,51.0,2.0,754.0,40.0,79.0,0.506,58.0,146.0,0.397,48.0,,7.0,80.0,0.564,98.0,225.0,0.436,19.0,26.0,0.731,31.0,58.0,273.0,326.0,21.0,24.0,111.0,0.0,0.8,1.5,0.506,1.1,2.9,0.397,0.9,,0.1,1.6,0.564,1.9,4.4,0.436,0.4,0.5,0.731,51.0,2.0,14.8,0.6,1.1,5.4,371.0,0.4,0.5,2.2,1.9,3.8,0.506,2.8,7.0,0.397,2.3,,0.3,3.8,0.564,4.7,10.7,0.436,0.9,1.2,0.731,51.0,2.0,754.0,1.5,2.8,13.0,325.0,1.0,1.1,5.3,2.6,5.1,0.506,3.8,9.4,0.397,3.1,,0.5,5.2,116.0,0.564,6.3,14.6,0.436,1.2,1.7,0.731,51.0,2.0,754.0,2.0,115.0,3.8,17.7,325.0,1.4,1.6,7.2,0.649,9.6,,0.8,-1.4,-0.7,12.1,0.4,0.116,51.0,2.0,754.0,-0.7,4.2,0.7,11.6,325.0,1.4,9.2,8.0,0.577,14.8,0.1,1.2,0.075,,4,28,4,12,51,2,2,15,117,754,5.9,-3.3,0,1,2,41,56,325,10,8,1.0,0.0,,0.418,0.459,18.2,1.0,0.009,0.436,0.605,0.4,0.75,0.506,0.37,0.397,51.0,2.0,754.0,0.65,1.0,0.169,0.044,0.018,0.351,0.12,0.649,325.0,14.7,5.4,,51.0,2.0,95.0,163.0,112.0,106.0,94.0,94.0,47.0,102.0,754.0,325.0,0.506,0.649,0.397,0.564,0.436,0.731,0.116,0.577,,,,,,,,,,,,,,,,,,,,,,,,,,,,,,,,,,,,,,,,,,,,,,,,,,,,,,,,,,,,,,,,,,,,,,,,,,,,,,,,,,,,,,,,,,,,,,,,,,,,,,,,,,,,,,,,,,,,,,,,,,,,,,,,,,,,,,,,,,,,,,,,,,,,,,,,,,,,,,,,,,,,,,,,,,,,,,,,,,,,,,,,,,,,,,,,,,,,,,,,,,,,,
johnske07,Keon Johnson,https://www.basketball-reference.com/players/j/johnske07.html,2021-22,2022,19.0,2TM,SG,SG,74.0,SG,37.0,12.0,697.0,62.0,172.0,0.36,34.0,100.0,0.34,76.0,,12.0,57.0,0.415,96.0,272.0,0.353,41.0,51.0,0.804,24.0,69.0,267.0,329.0,28.0,46.0,81.0,0.0,1.7,4.6,0.36,0.9,2.7,0.34,2.1,,0.3,1.5,0.415,2.6,7.4,0.353,1.1,1.4,0.804,37.0,12.0,18.8,0.6,1.9,7.2,289.0,0.8,1.2,2.2,3.2,8.9,0.36,1.8,5.2,0.34,3.9,,0.6,2.9,0.415,5.0,14.0,0.353,2.1,2.6,0.804,37.0,12.0,697.0,1.2,3.6,13.8,338.0,1.4,2.4,4.2,4.3,12.1,0.36,2.4,7.0,0.34,5.3,,0.8,4.0,116.0,0.415,6.7,19.1,0.353,2.9,3.6,0.804,37.0,12.0,697.0,1.7,94.0,4.8,18.7,338.0,2.0,3.2,5.7,0.368,16.3,,1.7,-5.9,-2.0,9.1,0.4,0.188,37.0,12.0,697.0,-4.0,3.7,-0.8,8.7,338.0,2.0,13.5,6.3,0.453,21.2,-0.7,-0.5,-0.031,,1,43,5,19,37,12,4,23,178,697,-14.4,-19.6,0,0,17,18,65,338,22,17,0.0,0.0,,0.167,0.18,12.4,12.0,0.044,0.353,0.507,0.214,0.0,0.36,0.353,0.34,37.0,12.0,697.0,0.484,0.559,0.276,0.103,0.066,0.632,0.188,0.368,338.0,-63.2,-66.3,,37.0,12.0,68.0,92.0,96.0,78.0,77.0,104.0,76.0,80.0,697.0,338.0,0.36,0.368,0.34,0.415,0.353,0.804,0.188,0.453,,,,,,,,,,,,,,,,,,,,,,,,,,,,,,,,,,,,,,,,,,,,,,,,,,,,,,,,,,,,,,,,,,,,,,,,,,,,,,,,,,,,,,,,,,,,,,,,,,,,,,,,,,,,,,,,,,,,,,,,,,,,,,,,,,,,,,,,,,,,,,,,,,,,,,,,,,,,,,,,,,,,,,,,,,,,,,,,,,,,,,,,,,,,,,,,,,,,,,,,,,,,,
ntilila01,Frank Ntilikina,https://www.basketball-reference.com/players/n/ntilila01.html,2021-22,2022,23.0,DAL,SG,SG,75.0,SG,58.0,5.0,685.0,51.0,112.0,0.455,38.0,111.0,0.342,69.0,,7.0,67.0,0.484,89.0,223.0,0.399,24.0,25.0,0.96,12.0,61.0,240.0,337.0,27.0,31.0,79.0,0.0,0.9,1.9,0.455,0.7,1.9,0.342,1.2,,0.1,1.2,0.484,1.5,3.8,0.399,0.4,0.4,0.96,58.0,5.0,11.8,0.2,1.1,4.1,427.0,0.5,0.5,1.4,2.7,5.9,0.455,2.0,5.8,0.342,3.6,,0.4,3.5,0.484,4.7,11.7,0.399,1.3,1.3,0.96,58.0,5.0,685.0,0.6,3.2,12.6,341.0,1.4,1.6,4.2,3.7,8.2,0.455,2.8,8.2,0.342,5.1,,0.5,4.9,110.0,0.484,6.5,16.4,0.399,1.8,1.8,0.96,58.0,5.0,685.0,0.9,104.0,4.5,17.6,341.0,2.0,2.3,5.8,0.498,14.7,,0.9,-1.9,0.9,10.9,0.9,0.112,58.0,5.0,685.0,-2.8,1.9,0.1,10.4,341.0,2.0,11.7,6.4,0.513,17.4,0.0,0.9,0.065,,5,29,8,10,58,5,2,10,160,685,1.1,4.5,0,0,6,11,83,341,24,2,1.0,0.0,,0.343,0.315,17.5,1.0,0.013,0.399,0.462,0.429,0.5,0.455,0.429,0.342,58.0,5.0,685.0,0.529,0.895,0.117,0.094,0.135,0.502,0.157,0.498,341.0,-21.1,-24.9,,58.0,5.0,86.0,125.0,97.0,91.0,87.0,124.0,45.0,91.0,685.0,341.0,0.455,0.498,0.342,0.484,0.399,0.96,0.112,0.513,,12.0,0.0,94.0,209.0,85.0,86.0,72.0,129.0,17.0,83.0,125.0,115.0,0.5,0.833,0.3,0.458,0.333,1.0,0.042,0.471,0.833,10.4,,0.7,-3.7,2.0,9.6,0.1,0.042,12.0,0.0,125.0,-5.7,1.9,-0.1,5.7,115.0,3.3,19.7,5.7,0.471,11.5,-0.1,0.0,0.007,,2.0,9.0,2.0,1.0,12.0,0.0,1.0,0.0,23.0,125.0,-3.7,-2.6,0.0,2.0,1.0,83.0,14.0,115.0,3.0,1.0,0.8,1.7,0.5,2.5,8.3,0.3,3.7,,0.4,4.1,112.0,0.458,3.3,10.0,0.333,0.4,0.4,1.0,12.0,0.0,125.0,0.8,91.0,7.9,9.5,115.0,3.3,2.5,5.0,0.6,1.2,0.5,1.7,5.8,0.3,2.6,,0.3,2.9,0.458,2.3,6.9,0.333,0.3,0.3,1.0,12.0,0.0,125.0,0.6,5.5,6.6,115.0,2.3,1.7,3.5,0.2,0.3,0.5,0.5,1.7,0.3,0.8,,0.1,0.8,0.458,0.7,2.0,0.333,0.1,0.1,1.0,12.0,0.0,10.4,0.2,1.6,1.9,171.0,0.7,0.5,1.0,0.0,0.0,,0.5,0.3,22.2,0.0,0.0,0.333,1.0,1.0,0.0,0.5,0.0,0.3,12.0,0.0,125.0,0.5,1.0,0.042,0.042,0.042,0.167,0.042,0.833,115.0,2.0,4.0,0.5,6.0,20.0,0.3,9.0,,1.0,10.0,0.458,8.0,24.0,0.333,1.0,1.0,1.0,12.0,0.0,125.0,2.0,19.0,23.0,144.0,8.0,6.0,12.0,0.0
rosede01,Derrick Rose,https://www.basketball-reference.com/players/r/rosede01.html,2021-22,2022,33.0,NYK,PG,SG,76.0,SG,26.0,4.0,636.0,85.0,182.0,0.467,37.0,92.0,0.402,103.0,,12.0,57.0,0.513,122.0,274.0,0.445,30.0,31.0,0.968,21.0,15.0,311.0,307.0,22.0,39.0,78.0,0.0,3.3,7.0,0.467,1.4,3.5,0.402,4.0,,0.5,2.2,0.513,4.7,10.5,0.445,1.2,1.2,0.968,26.0,4.0,24.5,0.8,0.6,12.0,134.0,0.8,1.5,3.0,4.8,10.3,0.467,2.1,5.2,0.402,5.8,,0.7,3.2,0.513,6.9,15.5,0.445,1.7,1.8,0.968,26.0,4.0,636.0,1.2,0.8,17.6,349.0,1.2,2.2,4.4,6.7,14.3,0.467,2.9,7.2,0.402,8.1,,0.9,4.5,112.0,0.513,9.6,21.6,0.445,2.4,2.4,0.968,26.0,4.0,636.0,1.7,112.0,1.2,24.5,349.0,1.7,3.1,6.1,0.336,27.5,,1.9,2.3,0.0,9.8,0.7,0.113,26.0,4.0,636.0,2.3,3.5,0.8,16.9,349.0,1.7,11.9,6.6,0.541,22.5,0.7,1.4,0.108,,0,6,4,15,26,4,3,17,245,636,7.2,6.3,0,0,35,0,65,349,25,13,1.0,0.0,,0.353,0.185,13.4,0.0,0.0,0.445,0.582,0.292,0.25,0.467,0.508,0.402,26.0,4.0,636.0,0.259,0.757,0.245,0.088,0.102,0.664,0.23,0.336,349.0,-10.4,-14.6,,26.0,4.0,88.0,84.0,114.0,96.0,97.0,125.0,46.0,96.0,636.0,349.0,0.467,0.336,0.402,0.513,0.445,0.968,0.113,0.541,,,,,,,,,,,,,,,,,,,,,,,,,,,,,,,,,,,,,,,,,,,,,,,,,,,,,,,,,,,,,,,,,,,,,,,,,,,,,,,,,,,,,,,,,,,,,,,,,,,,,,,,,,,,,,,,,,,,,,,,,,,,,,,,,,,,,,,,,,,,,,,,,,,,,,,,,,,,,,,,,,,,,,,,,,,,,,,,,,,,,,,,,,,,,,,,,,,,,,,,,,,,,
moodymo01,Moses Moody,https://www.basketball-reference.com/players/m/moodymo01.html,2021-22,2022,19.0,GSW,SG,SG,77.0,SG,52.0,11.0,607.0,40.0,73.0,0.548,40.0,110.0,0.364,23.0,,10.0,63.0,0.546,80.0,183.0,0.437,28.0,36.0,0.778,17.0,43.0,228.0,343.0,7.0,13.0,80.0,0.0,0.8,1.4,0.548,0.8,2.1,0.364,0.4,,0.2,1.2,0.546,1.5,3.5,0.437,0.5,0.7,0.778,52.0,11.0,11.7,0.3,0.8,4.4,405.0,0.1,0.3,1.5,2.4,4.3,0.548,2.4,6.5,0.364,1.4,,0.6,3.7,0.546,4.7,10.9,0.437,1.7,2.1,0.778,52.0,11.0,607.0,1.0,2.6,13.5,356.0,0.4,0.8,4.7,3.2,5.9,0.548,3.2,8.8,0.364,1.8,,0.8,5.1,111.0,0.546,6.4,14.7,0.437,2.2,2.9,0.778,52.0,11.0,607.0,1.4,115.0,3.5,18.3,356.0,0.6,1.0,6.4,0.601,5.3,,1.6,-2.5,-1.1,11.0,0.7,0.197,52.0,11.0,607.0,-1.4,3.2,0.6,10.5,356.0,0.6,6.1,7.2,0.573,15.2,-0.1,1.3,0.101,,2,25,6,17,52,11,6,3,56,607,-10.2,-2.9,0,2,3,28,67,356,9,1,0.0,0.0,,0.243,0.336,17.5,11.0,0.06,0.437,0.641,0.667,0.2,0.548,0.467,0.364,52.0,11.0,607.0,0.7,1.0,0.213,0.049,0.055,0.399,0.082,0.601,356.0,5.4,2.9,,52.0,11.0,103.0,151.0,103.0,103.0,95.0,100.0,79.0,101.0,607.0,356.0,0.548,0.601,0.364,0.546,0.437,0.778,0.197,0.573,,13.0,0.0,100.0,116.0,152.0,124.0,116.0,86.0,86.0,118.0,105.0,130.0,0.533,0.464,0.538,0.661,0.536,0.667,0.214,0.669,0.464,5.3,,2.9,1.7,0.4,6.2,0.1,0.214,13.0,0.0,105.0,1.4,2.2,0.2,14.0,130.0,1.4,8.9,4.3,0.669,14.1,0.1,0.3,0.119,,0.0,4.0,0.0,3.0,13.0,0.0,0.0,3.0,10.0,105.0,-5.6,0.3,0.0,0.0,26.0,8.0,66.0,130.0,1.0,1.0,3.8,7.1,0.533,3.3,6.1,0.538,1.9,,1.4,2.8,113.0,0.661,7.1,13.2,0.536,1.9,2.8,0.667,13.0,0.0,105.0,0.9,124.0,1.9,19.3,130.0,1.4,1.4,3.8,2.7,5.1,0.533,2.4,4.5,0.538,1.4,,1.0,2.1,0.661,5.1,9.6,0.536,1.4,2.1,0.667,13.0,0.0,105.0,0.7,1.4,14.1,130.0,1.0,1.0,2.7,0.6,1.2,0.533,0.5,1.0,0.538,0.3,,0.2,0.5,0.661,1.2,2.2,0.536,0.3,0.5,0.667,13.0,0.0,8.1,0.2,0.3,3.2,150.0,0.2,0.2,0.6,0.0,0.0,,0.6,0.385,15.4,3.0,0.107,0.536,0.75,0.5,0.333,0.533,0.5,0.538,13.0,0.0,105.0,0.75,1.0,0.143,0.071,0.107,0.536,0.214,0.464,130.0,8.0,15.0,0.533,7.0,13.0,0.538,4.0,,3.0,6.0,0.661,15.0,28.0,0.536,4.0,6.0,0.667,13.0,0.0,105.0,2.0,4.0,41.0,119.0,3.0,3.0,8.0,0.0
windldy01,Dylan Windler,https://www.basketball-reference.com/players/w/windldy01.html,2021-22,2022,25.0,CLE,SF,SG,78.0,SG,50.0,0.0,459.0,16.0,28.0,0.571,21.0,70.0,0.3,34.0,,3.0,68.0,0.485,37.0,98.0,0.378,15.0,18.0,0.833,21.0,47.0,110.0,415.0,14.0,16.0,89.0,0.0,0.3,0.6,0.571,0.4,1.4,0.3,0.7,,0.1,1.4,0.485,0.7,2.0,0.378,0.3,0.4,0.833,50.0,0.0,9.2,0.4,0.9,2.2,519.0,0.3,0.3,1.8,1.3,2.2,0.571,1.6,5.5,0.3,2.7,,0.2,5.3,0.485,2.9,7.7,0.378,1.2,1.4,0.833,50.0,0.0,459.0,1.6,3.7,8.6,383.0,1.1,1.3,7.0,1.7,3.0,0.571,2.3,7.6,0.3,3.7,,0.3,7.4,110.0,0.485,4.0,10.7,0.378,1.6,2.0,0.833,50.0,0.0,459.0,2.3,110.0,5.1,12.0,383.0,1.5,1.7,9.7,0.714,10.0,,0.6,-1.7,1.2,16.0,0.6,0.184,50.0,0.0,459.0,-3.0,5.2,0.2,8.8,383.0,1.5,13.1,10.7,0.519,11.8,0.0,0.8,0.084,,2,28,1,8,50,0,2,4,81,459,-2.4,-0.1,0,1,0,37,62,383,8,2,0.0,0.0,,0.333,0.429,18.7,3.0,0.041,0.378,0.632,0.0,,0.571,0.5,0.3,50.0,0.0,459.0,0.813,0.952,0.194,0.01,0.0,0.286,0.082,0.714,383.0,-9.2,-9.9,,50.0,0.0,107.0,179.0,85.0,91.0,82.0,108.0,74.0,92.0,459.0,383.0,0.571,0.714,0.3,0.485,0.378,0.833,0.184,0.519,,,,,,,,,,,,,,,,,,,,,,,,,,,,,,,,,,,,,,,,,,,,,,,,,,,,,,,,,,,,,,,,,,,,,,,,,,,,,,,,,,,,,,,,,,,,,,,,,,,,,,,,,,,,,,,,,,,,,,,,,,,,,,,,,,,,,,,,,,,,,,,,,,,,,,,,,,,,,,,,,,,,,,,,,,,,,,,,,,,,,,,,,,,,,,,,,,,,,,,,,,,,,
butleja02,Jared Butler,https://www.basketball-reference.com/players/b/butleja02.html,2021-22,2022,21.0,UTA,SG,SG,79.0,SG,42.0,1.0,360.0,33.0,63.0,0.524,28.0,88.0,0.318,63.0,,8.0,40.0,0.497,61.0,151.0,0.404,11.0,16.0,0.688,5.0,47.0,161.0,382.0,17.0,33.0,45.0,0.0,0.8,1.5,0.524,0.7,2.1,0.318,1.5,,0.2,1.0,0.497,1.5,3.6,0.404,0.3,0.4,0.688,42.0,1.0,8.6,0.1,1.1,3.8,439.0,0.4,0.8,1.1,3.3,6.3,0.524,2.8,8.8,0.318,6.3,,0.8,4.0,0.497,6.1,15.1,0.404,1.1,1.6,0.688,42.0,1.0,360.0,0.5,4.7,16.1,406.0,1.7,3.3,4.5,4.5,8.6,0.524,3.8,12.1,0.318,8.6,,1.1,5.5,109.0,0.497,8.4,20.7,0.404,1.5,2.2,0.688,42.0,1.0,360.0,0.7,102.0,6.5,22.1,406.0,2.3,4.5,6.2,0.583,26.0,,2.0,-1.6,0.7,11.8,0.5,0.106,42.0,1.0,360.0,-2.3,1.6,0.0,12.1,406.0,2.3,17.3,6.8,0.509,23.1,0.0,0.4,0.057,,2,22,0,5,42,1,1,5,154,360,-6.9,-0.2,0,0,25,8,67,406,16,14,1.0,0.0,,0.3,0.114,18.4,0.0,0.0,0.404,0.6,0.6,0.75,0.524,0.429,0.318,42.0,1.0,360.0,0.182,0.5,0.066,0.066,0.053,0.417,0.232,0.583,406.0,-10.6,-17.9,,42.0,1.0,98.0,146.0,90.0,93.0,88.0,89.0,43.0,90.0,360.0,406.0,0.524,0.583,0.318,0.497,0.404,0.688,0.106,0.509,,1.0,0.0,0.0,0.0,,0.0,0.0,,0.0,0.0,5.0,210.0,0.0,0.0,,0.0,0.0,,0.0,0.0,0.0,0.0,,0.0,-18.6,-5.4,23.1,0.0,0.0,1.0,0.0,5.0,-13.3,0.0,0.0,-15.2,210.0,0.0,0.0,11.6,0.0,18.7,0.0,0.0,-0.445,,0.0,0.0,0.0,0.0,1.0,0.0,0.0,0.0,0.0,5.0,46.7,40.0,0.0,0.0,100.0,0.0,0.0,210.0,0.0,0.0,0.0,21.1,0.0,0.0,0.0,,0.0,,0.0,10.6,118.0,0.0,0.0,21.1,0.0,0.0,0.0,,1.0,0.0,5.0,0.0,0.0,0.0,0.0,210.0,0.0,0.0,10.6,0.0,14.4,0.0,0.0,0.0,,0.0,,0.0,7.2,0.0,0.0,14.4,0.0,0.0,0.0,,1.0,0.0,5.0,0.0,0.0,0.0,210.0,0.0,0.0,7.2,0.0,2.0,0.0,0.0,0.0,,0.0,,0.0,1.0,0.0,0.0,2.0,0.0,0.0,0.0,,1.0,0.0,5.0,0.0,0.0,0.0,207.0,0.0,0.0,1.0,0.0,0.0,,,,12.8,0.0,0.0,0.0,,,0.0,0.0,0.0,,1.0,0.0,5.0,,,0.0,0.0,0.5,1.0,0.5,0.0,210.0,0.0,2.0,0.0,0.0,0.0,,0.0,,0.0,1.0,0.0,0.0,2.0,0.0,0.0,0.0,,1.0,0.0,5.0,0.0,0.0,0.0,207.0,0.0,0.0,1.0,0.0
culveja01,Jarrett Culver,https://www.basketball-reference.com/players/c/culveja01.html,2021-22,2022,22.0,MEM,SG,SG,80.0,SG,37.0,0.0,338.0,39.0,88.0,0.443,12.0,47.0,0.255,33.0,,5.0,35.0,0.422,51.0,135.0,0.378,16.0,34.0,0.471,13.0,42.0,130.0,405.0,20.0,20.0,48.0,0.0,1.1,2.4,0.443,0.3,1.3,0.255,0.9,,0.1,0.9,0.422,1.4,3.6,0.378,0.4,0.9,0.471,37.0,0.0,9.1,0.4,1.1,3.5,456.0,0.5,0.5,1.3,4.2,9.4,0.443,1.3,5.0,0.255,3.5,,0.5,3.7,0.422,5.4,14.4,0.378,1.7,3.6,0.471,37.0,0.0,338.0,1.4,4.5,13.8,418.0,2.1,2.1,5.1,5.5,12.5,0.443,1.7,6.7,0.255,4.7,,0.7,5.0,109.0,0.422,7.2,19.1,0.378,2.3,4.8,0.471,37.0,0.0,338.0,1.8,93.0,5.9,18.4,418.0,2.8,2.8,6.8,0.348,13.0,,1.3,-5.4,0.3,11.1,0.5,0.252,37.0,0.0,338.0,-5.7,3.9,-0.4,8.7,418.0,2.8,11.8,7.4,0.433,20.6,-0.3,0.1,0.012,,4,21,0,17,37,0,4,9,75,338,-9.3,-2.7,0,0,4,26,71,418,8,6,0.0,0.0,,0.25,0.17,13.1,4.0,0.044,0.378,0.543,0.364,0.438,0.443,0.346,0.255,37.0,0.0,338.0,0.41,0.833,0.259,0.081,0.119,0.652,0.193,0.348,418.0,-29.6,-39.8,,37.0,0.0,83.0,87.0,72.0,79.0,82.0,61.0,101.0,77.0,338.0,418.0,0.443,0.348,0.255,0.422,0.378,0.471,0.252,0.433,,3.0,0.0,70.0,50.0,0.0,56.0,65.0,65.0,81.0,57.0,22.0,178.0,0.375,0.2,0.0,0.3,0.3,0.5,0.2,0.322,0.2,6.6,,0.0,-11.5,0.8,25.4,0.0,0.2,3.0,0.0,22.0,-12.4,9.1,-0.1,3.6,178.0,4.3,15.5,16.8,0.322,24.0,-0.1,-0.1,-0.111,,1.0,1.0,0.0,1.0,3.0,0.0,0.0,1.0,2.0,22.0,-45.7,-41.7,0.0,0.0,0.0,85.0,15.0,178.0,0.0,0.0,6.4,17.1,0.375,0.0,4.3,0.0,2.1,,0.0,10.7,101.0,0.3,6.4,21.4,0.3,2.1,4.3,0.5,3.0,0.0,22.0,4.3,70.0,8.5,15.0,178.0,4.3,4.3,15.0,4.9,13.1,0.375,0.0,3.3,0.0,1.6,,0.0,8.2,0.3,4.9,16.4,0.3,1.6,3.3,0.5,3.0,0.0,22.0,3.3,6.5,11.5,178.0,3.3,3.3,11.5,1.0,2.7,0.375,0.0,0.7,0.0,0.3,,0.0,1.7,0.3,1.0,3.3,0.3,0.3,0.7,0.5,3.0,0.0,7.3,0.7,1.3,2.3,160.0,0.7,0.7,2.3,0.0,0.0,,,0.0,11.9,1.0,0.1,0.3,1.0,0.0,0.0,0.375,0.5,0.0,3.0,0.0,22.0,0.333,,0.1,0.2,0.1,0.8,0.4,0.2,178.0,3.0,8.0,0.375,0.0,2.0,0.0,1.0,,0.0,5.0,0.3,3.0,10.0,0.3,1.0,2.0,0.5,3.0,0.0,22.0,2.0,4.0,7.0,177.0,2.0,2.0,7.0,0.0
sextoco01,Collin Sexton,https://www.basketball-reference.com/players/s/sextoco01.html,2021-22,2022,23.0,CLE,SG,SG,81.0,SG,11.0,11.0,316.0,57.0,106.0,0.538,11.0,45.0,0.244,23.0,,0.0,23.0,0.487,68.0,151.0,0.45,29.0,39.0,0.744,13.0,25.0,176.0,374.0,10.0,31.0,36.0,0.0,5.2,9.6,0.538,1.0,4.1,0.244,2.1,,0.0,2.1,0.487,6.2,13.7,0.45,2.6,3.5,0.744,11.0,11.0,28.7,1.2,2.3,16.0,79.0,0.9,2.8,3.3,6.5,12.1,0.538,1.3,5.1,0.244,2.6,,0.0,2.6,0.487,7.7,17.2,0.45,3.3,4.4,0.744,11.0,11.0,316.0,1.5,2.8,20.1,422.0,1.1,3.5,4.1,9.0,16.8,0.538,1.7,7.1,0.244,3.6,,0.0,3.6,113.0,0.487,10.7,23.9,0.45,4.6,6.2,0.744,11.0,11.0,316.0,2.1,96.0,4.0,27.8,422.0,1.6,4.9,5.7,0.298,11.9,,0.0,-4.1,-0.7,7.9,0.3,0.258,11.0,11.0,316.0,-3.5,4.6,-0.4,11.2,422.0,1.6,15.6,6.3,0.523,27.9,-0.2,-0.1,-0.009,,3,5,3,18,11,11,4,16,57,316,-9.0,-6.2,0,0,8,6,86,422,11,9,0.0,0.0,,0.286,0.156,10.6,1.0,0.007,0.45,0.694,0.4,0.333,0.538,0.371,0.244,11.0,11.0,316.0,0.316,0.818,0.238,0.066,0.06,0.702,0.232,0.298,422.0,-13.6,-14.4,,11.0,11.0,101.0,75.0,69.0,92.0,98.0,96.0,104.0,92.0,316.0,422.0,0.538,0.298,0.244,0.487,0.45,0.744,0.258,0.523,,,,,,,,,,,,,,,,,,,,,,,,,,,,,,,,,,,,,,,,,,,,,,,,,,,,,,,,,,,,,,,,,,,,,,,,,,,,,,,,,,,,,,,,,,,,,,,,,,,,,,,,,,,,,,,,,,,,,,,,,,,,,,,,,,,,,,,,,,,,,,,,,,,,,,,,,,,,,,,,,,,,,,,,,,,,,,,,,,,,,,,,,,,,,,,,,,,,,,,,,,,,,
bouknja01,James Bouknight,https://www.basketball-reference.com/players/b/bouknja01.html,2021-22,2022,21.0,CHO,SG,SG,82.0,SG,31.0,0.0,304.0,32.0,92.0,0.348,17.0,49.0,0.347,26.0,,1.0,30.0,0.408,49.0,141.0,0.348,27.0,31.0,0.871,22.0,29.0,142.0,396.0,7.0,15.0,52.0,0.0,1.0,3.0,0.348,0.5,1.6,0.347,0.8,,0.0,1.0,0.408,1.6,4.5,0.348,0.9,1.0,0.871,31.0,0.0,9.8,0.7,0.9,4.6,396.0,0.2,0.5,1.7,3.8,10.9,0.348,2.0,5.8,0.347,3.1,,0.1,3.6,0.408,5.8,16.7,0.348,3.2,3.7,0.871,31.0,0.0,304.0,2.6,3.4,16.8,424.0,0.8,1.8,6.2,5.1,14.5,0.348,2.7,7.7,0.347,4.1,,0.2,4.7,117.0,0.408,7.7,22.3,0.348,4.3,4.9,0.871,31.0,0.0,304.0,3.5,100.0,4.6,22.4,424.0,1.1,2.4,8.2,0.348,11.9,,0.3,-7.1,-3.7,10.6,0.1,0.22,31.0,0.0,304.0,-3.4,7.6,-0.1,10.1,424.0,1.1,8.8,9.1,0.459,23.7,-0.4,0.0,0.001,,2,12,4,12,31,0,2,17,62,304,-8.9,-7.7,0,0,30,12,58,424,3,6,0.0,0.0,,0.364,0.224,12.0,4.0,0.028,0.348,0.553,0.0,0.2,0.348,0.147,0.347,31.0,0.0,304.0,0.438,0.765,0.333,0.043,0.035,0.652,0.241,0.348,424.0,-34.9,-33.1,,31.0,0.0,65.0,87.0,98.0,77.0,75.0,112.0,89.0,81.0,304.0,424.0,0.348,0.348,0.347,0.408,0.348,0.871,0.22,0.459,,,,,,,,,,,,,,,,,,,,,,,,,,,,,,,,,,,,,,,,,,,,,,,,,,,,,,,,,,,,,,,,,,,,,,,,,,,,,,,,,,,,,,,,,,,,,,,,,,,,,,,,,,,,,,,,,,,,,,,,,,,,,,,,,,,,,,,,,,,,,,,,,,,,,,,,,,,,,,,,,,,,,,,,,,,,,,,,,,,,,,,,,,,,,,,,,,,,,,,,,,,,,
champju01,Justin Champagnie,https://www.basketball-reference.com/players/c/champju01.html,2021-22,2022,20.0,TOR,SF,SG,83.0,SG,36.0,0.0,281.0,21.0,39.0,0.538,10.0,28.0,0.357,11.0,,4.0,35.0,0.537,31.0,67.0,0.463,9.0,9.0,1.0,37.0,32.0,81.0,438.0,8.0,8.0,72.0,0.0,0.6,1.1,0.538,0.3,0.8,0.357,0.3,,0.1,1.0,0.537,0.9,1.9,0.463,0.3,0.3,1.0,36.0,0.0,7.8,1.0,0.9,2.3,514.0,0.2,0.2,2.0,2.7,5.0,0.538,1.3,3.6,0.357,1.4,,0.5,4.5,0.537,4.0,8.6,0.463,1.2,1.2,1.0,36.0,0.0,281.0,4.7,4.1,10.4,429.0,1.0,1.0,9.2,3.7,6.9,0.538,1.8,5.0,0.357,2.0,,0.7,6.2,112.0,0.537,5.5,11.9,0.463,1.6,1.6,1.0,36.0,0.0,281.0,6.6,128.0,5.7,14.4,429.0,1.4,1.4,12.8,0.418,5.4,,1.4,-2.0,-0.7,14.3,0.3,0.134,36.0,0.0,281.0,-1.3,13.5,0.5,13.6,429.0,1.4,10.1,13.9,0.571,12.0,0.0,0.8,0.138,,1,15,1,4,36,0,1,4,28,281,6.4,8.1,0,0,9,36,54,429,1,2,0.0,0.0,,0.333,0.536,11.7,3.0,0.06,0.463,0.625,0.0,,0.538,0.429,0.357,36.0,0.0,281.0,0.571,1.0,0.358,0.015,0.0,0.582,0.209,0.418,429.0,0.8,0.7,,36.0,0.0,101.0,105.0,101.0,101.0,100.0,129.0,54.0,101.0,281.0,429.0,0.538,0.418,0.357,0.537,0.463,1.0,0.134,0.571,,,,,,,,,,,,,,,,,,,,,,,,,,,,,,,,,,,,,,,,,,,,,,,,,,,,,,,,,,,,,,,,,,,,,,,,,,,,,,,,,,,,,,,,,,,,,,,,,,,,,,,,,,,,,,,,,,,,,,,,,,,,,,,,,,,,,,,,,,,,,,,,,,,,,,,,,,,,,,,,,,,,,,,,,,,,,,,,,,,,,,,,,,,,,,,,,,,,,,,,,,,,,
valende01,Denzel Valentine,https://www.basketball-reference.com/players/v/valende01.html,2021-22,2022,28.0,2TM,SG,SG,84.0,SG,24.0,0.0,222.0,6.0,19.0,0.316,19.0,47.0,0.404,11.0,,0.0,33.0,0.523,25.0,66.0,0.379,0.0,0.0,,9.0,20.0,69.0,451.0,8.0,12.0,42.0,0.0,0.3,0.8,0.316,0.8,2.0,0.404,0.5,,0.0,1.4,0.523,1.0,2.8,0.379,0.0,0.0,,24.0,0.0,9.3,0.4,0.8,2.9,493.0,0.3,0.5,1.8,1.0,3.1,0.316,3.1,7.6,0.404,1.8,,0.0,5.4,0.523,4.1,10.7,0.379,0.0,0.0,,24.0,0.0,222.0,1.5,3.2,11.2,440.0,1.3,1.9,6.8,1.3,4.3,0.316,4.3,10.6,0.404,2.5,,0.0,7.4,110.0,0.523,5.6,14.8,0.379,0.0,0.0,,24.0,0.0,222.0,2.0,98.0,4.5,15.5,440.0,1.8,2.7,9.4,0.712,7.0,,0.0,-2.7,0.4,16.1,0.3,0.0,24.0,0.0,222.0,-3.1,4.6,-0.1,8.1,440.0,1.8,15.4,10.4,0.523,15.5,0.0,0.2,0.039,,0,7,0,0,24,0,0,1,29,222,-7.7,-4.9,0,0,5,31,65,440,4,6,0.0,0.0,,0.45,0.426,21.1,1.0,0.015,0.379,0.75,0.143,0.0,0.316,0.333,0.404,24.0,0.0,222.0,0.333,0.895,0.061,0.106,0.03,0.288,0.091,0.712,440.0,-1.2,-5.7,,24.0,0.0,59.0,178.0,114.0,98.0,82.0,,0.0,92.0,222.0,440.0,0.316,0.712,0.404,0.523,0.379,,0.0,0.523,,,,,,,,,,,,,,,,,,,,,,,,,,,,,,,,,,,,,,,,,,,,,,,,,,,,,,,,,,,,,,,,,,,,,,,,,,,,,,,,,,,,,,,,,,,,,,,,,,,,,,,,,,,,,,,,,,,,,,,,,,,,,,,,,,,,,,,,,,,,,,,,,,,,,,,,,,,,,,,,,,,,,,,,,,,,,,,,,,,,,,,,,,,,,,,,,,,,,,,,,,,,,
mayssk01,Skylar Mays,https://www.basketball-reference.com/players/m/mayssk01.html,2021-22,2022,24.0,ATL,SG,SG,85.0,SG,28.0,5.0,220.0,24.0,39.0,0.615,8.0,25.0,0.32,17.0,,0.0,20.0,0.563,32.0,64.0,0.5,8.0,9.0,0.889,5.0,9.0,80.0,441.0,7.0,10.0,25.0,0.0,0.9,1.4,0.615,0.3,0.9,0.32,0.6,,0.0,0.7,0.563,1.1,2.3,0.5,0.3,0.3,0.889,28.0,5.0,7.9,0.2,0.3,2.9,492.0,0.3,0.4,0.9,3.9,6.4,0.615,1.3,4.1,0.32,2.8,,0.0,3.3,0.563,5.2,10.5,0.5,1.3,1.5,0.889,28.0,5.0,220.0,0.8,1.5,13.1,442.0,1.1,1.6,4.1,5.4,8.7,0.615,1.8,5.6,0.32,3.8,,0.0,4.5,117.0,0.563,7.1,14.3,0.5,1.8,2.0,0.889,28.0,5.0,220.0,1.1,113.0,2.0,17.9,442.0,1.6,2.2,5.6,0.391,10.8,,0.0,-2.0,-0.8,9.9,0.1,0.141,28.0,5.0,220.0,-1.2,2.5,0.2,11.7,442.0,1.6,12.8,6.2,0.589,15.5,0.0,0.3,0.061,,1,5,2,4,28,5,3,5,47,220,-14.3,-11.7,0,0,28,13,59,442,6,2,0.0,0.0,,0.222,0.36,12.1,2.0,0.031,0.5,0.667,0.0,0.75,0.615,0.429,0.32,28.0,5.0,220.0,0.417,1.0,0.422,0.016,0.063,0.609,0.109,0.391,442.0,3.9,3.1,,28.0,5.0,116.0,98.0,91.0,106.0,108.0,115.0,57.0,104.0,220.0,442.0,0.615,0.391,0.32,0.563,0.5,0.889,0.141,0.589,,2.0,0.0,188.0,0.0,,188.0,217.0,,0.0,177.0,9.0,198.0,1.0,0.0,,1.0,1.0,,0.0,1.0,0.0,18.3,,0.0,8.2,8.1,13.7,0.0,0.0,2.0,0.0,9.0,0.1,0.0,0.0,18.6,198.0,5.6,0.0,6.7,1.0,5.1,0.0,0.0,0.24,,0.0,0.0,0.0,0.0,2.0,0.0,0.0,0.0,3.0,9.0,32.6,17.7,0.0,0.0,100.0,0.0,0.0,198.0,0.0,0.0,5.6,5.6,1.0,0.0,0.0,,5.6,,0.0,5.6,106.0,1.0,5.6,5.6,1.0,0.0,0.0,,2.0,0.0,9.0,0.0,208.0,5.6,11.2,198.0,5.6,0.0,5.6,4.0,4.0,1.0,0.0,0.0,,4.0,,0.0,4.0,1.0,4.0,4.0,1.0,0.0,0.0,,2.0,0.0,9.0,0.0,4.0,8.0,198.0,4.0,0.0,4.0,0.5,0.5,1.0,0.0,0.0,,0.5,,0.0,0.5,1.0,0.5,0.5,1.0,0.0,0.0,,2.0,0.0,4.5,0.0,0.5,1.0,189.0,0.5,0.0,0.5,0.0,0.0,,,,2.3,0.0,0.0,1.0,1.0,,,1.0,,,2.0,0.0,9.0,0.0,,1.0,0.0,0.0,1.0,0.0,0.0,198.0,1.0,1.0,1.0,0.0,0.0,,1.0,,0.0,1.0,1.0,1.0,1.0,1.0,0.0,0.0,,2.0,0.0,9.0,0.0,1.0,2.0,202.0,1.0,0.0,1.0,0.0
wieskjo01,Joe Wieskamp,https://www.basketball-reference.com/players/w/wieskjo01.html,2021-22,2022,22.0,SAS,SG,SG,86.0,SG,29.0,0.0,205.0,6.0,13.0,0.462,14.0,43.0,0.326,9.0,,3.0,10.0,0.482,20.0,56.0,0.357,7.0,13.0,0.538,4.0,14.0,61.0,458.0,4.0,2.0,14.0,0.0,0.2,0.4,0.462,0.5,1.5,0.326,0.3,,0.1,0.3,0.482,0.7,1.9,0.357,0.2,0.4,0.538,29.0,0.0,7.1,0.1,0.5,2.1,522.0,0.1,0.1,0.5,1.1,2.3,0.462,2.5,7.6,0.326,1.6,,0.5,1.8,0.482,3.5,9.8,0.357,1.2,2.3,0.538,29.0,0.0,205.0,0.7,2.5,10.7,447.0,0.7,0.4,2.5,1.4,3.0,0.462,3.3,10.1,0.326,2.1,,0.7,2.3,117.0,0.482,4.7,13.1,0.357,1.6,3.0,0.538,29.0,0.0,205.0,0.9,107.0,3.3,14.3,447.0,0.9,0.5,3.3,0.768,5.5,,1.2,-3.9,-1.1,5.2,0.1,0.232,29.0,0.0,205.0,-2.9,2.0,0.1,7.1,447.0,0.9,3.1,3.6,0.494,13.1,-0.1,0.1,0.035,,0,8,1,6,29,0,0,2,22,205,-1.2,-1.1,0,2,5,35,59,447,2,0,0.0,0.0,,0.111,0.209,21.5,0.0,0.0,0.357,0.75,0.5,0.25,0.462,0.333,0.326,29.0,0.0,205.0,0.5,0.929,0.071,0.036,0.071,0.232,0.054,0.768,447.0,-5.5,-8.9,,29.0,0.0,87.0,192.0,92.0,91.0,77.0,70.0,94.0,87.0,205.0,447.0,0.462,0.768,0.326,0.482,0.357,0.538,0.232,0.494,,,,,,,,,,,,,,,,,,,,,,,,,,,,,,,,,,,,,,,,,,,,,,,,,,,,,,,,,,,,,,,,,,,,,,,,,,,,,,,,,,,,,,,,,,,,,,,,,,,,,,,,,,,,,,,,,,,,,,,,,,,,,,,,,,,,,,,,,,,,,,,,,,,,,,,,,,,,,,,,,,,,,,,,,,,,,,,,,,,,,,,,,,,,,,,,,,,,,,,,,,,,,
brownch02,Charlie Brown Jr.,https://www.basketball-reference.com/players/b/brownch02.html,2021-22,2022,24.0,2TM,SG,SG,87.0,SG,22.0,2.0,177.0,9.0,27.0,0.333,1.0,12.0,0.083,6.0,,4.0,18.0,0.269,10.0,39.0,0.256,9.0,10.0,0.9,14.0,18.0,30.0,495.0,10.0,5.0,32.0,0.0,0.4,1.2,0.333,0.0,0.5,0.083,0.3,,0.2,0.8,0.269,0.5,1.8,0.256,0.4,0.5,0.9,22.0,2.0,8.0,0.6,0.8,1.4,548.0,0.5,0.2,1.5,1.8,5.5,0.333,0.2,2.4,0.083,1.2,,0.8,3.7,0.269,2.0,7.9,0.256,1.8,2.0,0.9,22.0,2.0,177.0,2.8,3.7,6.1,460.0,2.0,1.0,6.5,2.5,7.6,0.333,0.3,3.4,0.083,1.7,,1.1,5.1,109.0,0.269,2.8,11.0,0.256,2.5,2.8,0.9,22.0,2.0,177.0,3.9,88.0,5.1,8.5,460.0,2.8,1.4,9.0,0.308,4.5,,2.0,-4.8,0.4,11.2,0.2,0.256,22.0,2.0,177.0,-5.2,9.0,-0.2,6.5,460.0,2.8,10.3,10.1,0.346,12.3,-0.1,0.0,0.012,,0,11,0,4,22,2,2,5,15,177,-3.2,-0.6,0,1,5,38,56,460,4,1,0.0,0.0,,0.0,0.167,13.6,2.0,0.077,0.256,0.467,0.0,0.0,0.333,0.25,0.083,22.0,2.0,177.0,0.444,1.0,0.385,0.077,0.026,0.692,0.205,0.308,460.0,-20.5,-19.2,,22.0,2.0,63.0,77.0,24.0,51.0,56.0,116.0,103.0,61.0,177.0,460.0,0.333,0.308,0.083,0.269,0.256,0.9,0.256,0.346,,,,,,,,,,,,,,,,,,,,,,,,,,,,,,,,,,,,,,,,,,,,,,,,,,,,,,,,,,,,,,,,,,,,,,,,,,,,,,,,,,,,,,,,,,,,,,,,,,,,,,,,,,,,,,,,,,,,,,,,,,,,,,,,,,,,,,,,,,,,,,,,,,,,,,,,,,,,,,,,,,,,,,,,,,,,,,,,,,,,,,,,,,,,,,,,,,,,,,,,,,,,,
howarma02,Markus Howard,https://www.basketball-reference.com/players/h/howarma02.html,2021-22,2022,22.0,DEN,SG,SG,88.0,SG,31.0,0.0,176.0,11.0,31.0,0.355,28.0,70.0,0.4,7.0,,0.0,10.0,0.525,39.0,101.0,0.386,20.0,23.0,0.87,2.0,17.0,126.0,408.0,9.0,7.0,12.0,0.0,0.4,1.0,0.355,0.9,2.3,0.4,0.2,,0.0,0.3,0.525,1.3,3.3,0.386,0.6,0.7,0.87,31.0,0.0,5.7,0.1,0.5,4.1,426.0,0.3,0.2,0.4,2.3,6.3,0.355,5.7,14.3,0.4,1.4,,0.0,2.0,0.525,8.0,20.7,0.386,4.1,4.7,0.87,31.0,0.0,176.0,0.4,3.5,25.8,461.0,1.8,1.4,2.5,3.1,8.6,0.355,7.8,19.5,0.4,2.0,,0.0,2.8,113.0,0.525,10.9,28.2,0.386,5.6,6.4,0.87,31.0,0.0,176.0,0.6,108.0,4.7,35.1,461.0,2.5,2.0,3.3,0.693,6.2,,0.0,-1.2,-2.0,6.1,0.2,0.228,31.0,0.0,176.0,0.8,1.3,0.1,16.1,461.0,2.5,5.9,3.8,0.567,29.4,0.0,0.3,0.082,,1,9,4,5,31,0,1,9,18,176,-7.3,-4.7,0,0,26,4,70,461,5,0,0.0,0.0,,0.529,0.243,20.2,0.0,0.0,0.386,0.333,0.25,0.333,0.355,0.417,0.4,31.0,0.0,176.0,0.545,0.821,0.089,0.04,0.059,0.307,0.119,0.693,461.0,-1.4,0.2,,31.0,0.0,67.0,174.0,113.0,99.0,84.0,112.0,92.0,100.0,176.0,461.0,0.355,0.693,0.4,0.525,0.386,0.87,0.228,0.567,,,,,,,,,,,,,,,,,,,,,,,,,,,,,,,,,,,,,,,,,,,,,,,,,,,,,,,,,,,,,,,,,,,,,,,,,,,,,,,,,,,,,,,,,,,,,,,,,,,,,,,,,,,,,,,,,,,,,,,,,,,,,,,,,,,,,,,,,,,,,,,,,,,,,,,,,,,,,,,,,,,,,,,,,,,,,,,,,,,,,,,,,,,,,,,,,,,,,,,,,,,,,
oladivi01,Victor Oladipo,https://www.basketball-reference.com/players/o/oladivi01.html,2021-22,2022,29.0,MIA,SG,SG,89.0,SG,8.0,1.0,173.0,20.0,37.0,0.541,15.0,36.0,0.417,28.0,,1.0,20.0,0.582,35.0,73.0,0.479,14.0,19.0,0.737,3.0,13.0,99.0,422.0,5.0,16.0,23.0,0.0,2.5,4.6,0.541,1.9,4.5,0.417,3.5,,0.1,2.5,0.582,4.4,9.1,0.479,1.8,2.4,0.737,8.0,1.0,21.6,0.4,1.6,12.4,128.0,0.6,2.0,2.9,4.2,7.7,0.541,3.1,7.5,0.417,5.8,,0.2,4.2,0.582,7.3,15.2,0.479,2.9,4.0,0.737,8.0,1.0,173.0,0.6,2.7,20.6,465.0,1.0,3.3,4.8,5.8,10.7,0.541,4.3,10.4,0.417,8.1,,0.3,5.8,111.0,0.582,10.1,21.1,0.479,4.0,5.5,0.737,8.0,1.0,173.0,0.9,113.0,3.8,28.6,465.0,1.4,4.6,6.7,0.493,26.3,,0.6,1.3,-0.5,12.9,0.2,0.26,8.0,1.0,173.0,1.8,2.0,0.2,16.8,465.0,1.4,16.4,7.5,0.608,25.1,0.1,0.4,0.124,,0,8,5,7,8,1,2,3,68,173,-6.3,-1.4,0,0,31,11,58,465,9,6,1.0,0.0,,0.8,0.139,16.9,2.0,0.027,0.479,0.667,0.667,0.333,0.541,0.286,0.417,8.0,1.0,173.0,0.25,0.467,0.247,0.082,0.082,0.507,0.096,0.493,465.0,7.4,6.9,,8.0,1.0,101.0,124.0,118.0,109.0,104.0,95.0,105.0,107.0,173.0,465.0,0.541,0.493,0.417,0.582,0.479,0.737,0.26,0.608,,15.0,1.0,84.0,114.0,78.0,81.0,80.0,102.0,157.0,88.0,368.0,38.0,0.446,0.456,0.274,0.43,0.368,0.792,0.39,0.499,0.456,12.8,,1.2,-0.3,1.3,15.6,0.6,0.39,15.0,1.0,368.0,-1.6,1.2,-0.2,11.5,38.0,2.6,13.6,8.2,0.499,22.3,0.2,0.4,0.051,,0.0,13.0,3.0,22.0,15.0,1.0,1.0,9.0,71.0,368.0,-4.2,1.7,0.0,0.0,44.0,5.0,52.0,38.0,12.0,8.0,4.6,10.2,0.446,2.4,8.6,0.274,4.3,,0.6,6.5,105.0,0.43,6.9,18.8,0.368,5.8,7.3,0.792,15.0,1.0,368.0,0.6,97.0,4.0,22.0,38.0,2.6,3.5,7.1,3.2,7.2,0.446,1.7,6.1,0.274,3.0,,0.4,4.6,0.43,4.9,13.3,0.368,4.1,5.2,0.792,15.0,1.0,368.0,0.4,2.8,15.6,38.0,1.9,2.4,5.0,2.2,4.9,0.446,1.1,4.1,0.274,2.1,,0.3,3.1,0.43,3.3,9.1,0.368,2.8,3.5,0.792,15.0,1.0,24.5,0.3,1.9,10.6,71.0,1.3,1.7,3.4,0.0,0.0,,0.167,0.194,16.8,0.0,0.007,0.368,0.478,0.529,0.25,0.446,0.5,0.274,15.0,1.0,368.0,0.394,0.765,0.169,0.125,0.118,0.544,0.132,0.456,38.0,33.0,74.0,0.446,17.0,62.0,0.274,31.0,,4.0,47.0,0.43,50.0,136.0,0.368,42.0,53.0,0.792,15.0,1.0,368.0,4.0,29.0,159.0,36.0,19.0,25.0,51.0,0.0
stanlca01,Cassius Stanley,https://www.basketball-reference.com/players/s/stanlca01.html,2021-22,2022,22.0,DET,SG,SG,90.0,SG,9.0,1.0,155.0,15.0,29.0,0.517,4.0,17.0,0.235,4.0,,2.0,14.0,0.457,19.0,46.0,0.413,10.0,10.0,1.0,5.0,17.0,52.0,465.0,5.0,6.0,19.0,0.0,1.7,3.2,0.517,0.4,1.9,0.235,0.4,,0.2,1.6,0.457,2.1,5.1,0.413,1.1,1.1,1.0,9.0,1.0,17.2,0.6,1.9,5.8,356.0,0.6,0.7,2.1,3.5,6.7,0.517,0.9,3.9,0.235,0.9,,0.5,3.3,0.457,4.4,10.7,0.413,2.3,2.3,1.0,9.0,1.0,155.0,1.2,3.9,12.1,473.0,1.2,1.4,4.4,4.7,9.1,0.517,1.3,5.4,0.235,1.3,,0.6,4.4,116.0,0.457,6.0,14.5,0.413,3.1,3.1,1.0,9.0,1.0,155.0,1.6,101.0,5.4,16.4,473.0,1.6,1.9,6.0,0.37,3.9,,1.2,-5.8,-1.0,10.3,0.1,0.217,9.0,1.0,155.0,-4.9,3.3,0.0,8.0,473.0,1.6,10.6,6.6,0.516,15.6,-0.2,0.1,0.021,,1,9,2,5,9,1,2,2,10,155,3.8,-4.4,0,0,5,40,55,473,3,2,0.0,0.0,,0.25,0.471,12.5,0.0,0.022,0.413,0.571,0.5,0.0,0.517,0.526,0.235,9.0,1.0,155.0,0.6,1.0,0.152,0.043,0.022,0.63,0.413,0.37,473.0,-6.9,-5.1,,9.0,1.0,97.0,93.0,67.0,86.0,90.0,129.0,88.0,91.0,155.0,473.0,0.517,0.37,0.235,0.457,0.413,1.0,0.217,0.516,,,,,,,,,,,,,,,,,,,,,,,,,,,,,,,,,,,,,,,,,,,,,,,,,,,,,,,,,,,,,,,,,,,,,,,,,,,,,,,,,,,,,,,,,,,,,,,,,,,,,,,,,,,,,,,,,,,,,,,,,,,,,,,,,,,,,,,,,,,,,,,,,,,,,,,,,,,,,,,,,,,,,,,,,,,,,,,,,,,,,,,,,,,,,,,,,,,,,,,,,,,,,
ramseja01,Jahmi'us Ramsey,https://www.basketball-reference.com/players/r/ramseja01.html,2021-22,2022,20.0,SAC,SG,SG,91.0,SG,19.0,0.0,134.0,19.0,40.0,0.475,5.0,18.0,0.278,7.0,,1.0,9.0,0.457,24.0,58.0,0.414,7.0,14.0,0.5,4.0,10.0,60.0,459.0,1.0,5.0,13.0,0.0,1.0,2.1,0.475,0.3,0.9,0.278,0.4,,0.1,0.5,0.457,1.3,3.1,0.414,0.4,0.7,0.5,19.0,0.0,7.1,0.2,0.5,3.2,473.0,0.1,0.3,0.7,5.1,10.7,0.475,1.3,4.8,0.278,1.9,,0.3,2.4,0.457,6.4,15.6,0.414,1.9,3.8,0.5,19.0,0.0,134.0,1.1,2.7,16.1,480.0,0.3,1.3,3.5,6.8,14.4,0.475,1.8,6.5,0.278,2.5,,0.4,3.2,121.0,0.457,8.6,20.8,0.414,2.5,5.0,0.5,19.0,0.0,134.0,1.4,95.0,3.6,21.5,480.0,0.4,1.8,4.7,0.31,7.9,,0.6,-6.9,-3.4,7.4,0.0,0.241,19.0,0.0,134.0,-3.5,3.2,-0.1,7.9,480.0,0.4,7.2,5.3,0.468,22.2,-0.2,-0.1,-0.048,,1,4,0,6,19,0,0,3,16,134,-4.0,-9.3,0,0,27,7,66,480,0,4,0.0,0.0,,0.333,0.167,12.4,2.0,0.034,0.414,0.667,0.25,0.6,0.475,0.231,0.278,19.0,0.0,134.0,0.579,0.8,0.31,0.069,0.086,0.69,0.224,0.31,480.0,-8.7,-12.6,,19.0,0.0,89.0,78.0,79.0,86.0,90.0,65.0,97.0,83.0,134.0,480.0,0.475,0.31,0.278,0.457,0.414,0.5,0.241,0.468,,,,,,,,,,,,,,,,,,,,,,,,,,,,,,,,,,,,,,,,,,,,,,,,,,,,,,,,,,,,,,,,,,,,,,,,,,,,,,,,,,,,,,,,,,,,,,,,,,,,,,,,,,,,,,,,,,,,,,,,,,,,,,,,,,,,,,,,,,,,,,,,,,,,,,,,,,,,,,,,,,,,,,,,,,,,,,,,,,,,,,,,,,,,,,,,,,,,,,,,,,,,,
garrema01,Marcus Garrett,https://www.basketball-reference.com/players/g/garrema01.html,2021-22,2022,23.0,MIA,SG,SG,92.0,SG,12.0,0.0,128.0,4.0,17.0,0.235,1.0,4.0,0.25,7.0,,3.0,14.0,0.262,5.0,21.0,0.238,2.0,5.0,0.4,9.0,16.0,13.0,530.0,5.0,2.0,23.0,0.0,0.3,1.4,0.235,0.1,0.3,0.25,0.6,,0.3,1.2,0.262,0.4,1.8,0.238,0.2,0.4,0.4,12.0,0.0,10.7,0.8,1.3,1.1,556.0,0.4,0.2,1.9,1.1,4.8,0.235,0.3,1.1,0.25,2.0,,0.8,3.9,0.262,1.4,5.9,0.238,0.6,1.4,0.4,12.0,0.0,128.0,2.5,4.5,3.7,483.0,1.4,0.6,6.5,1.6,6.6,0.235,0.4,1.6,0.25,2.7,,1.2,5.5,108.0,0.262,2.0,8.2,0.238,0.8,2.0,0.4,12.0,0.0,128.0,3.5,89.0,6.3,5.1,483.0,2.0,0.8,9.0,0.19,7.0,,2.5,-5.4,1.0,12.2,0.2,0.238,12.0,0.0,128.0,-6.4,8.1,-0.1,4.7,483.0,2.0,7.9,10.2,0.28,8.8,-0.1,0.1,0.032,,0,8,1,3,12,0,1,3,17,128,5.1,9.6,0,1,2,36,62,483,1,1,0.0,0.0,,0.0,0.5,9.3,0.0,0.0,0.238,0.2,0.0,0.5,0.235,0.333,0.25,12.0,0.0,128.0,0.5,1.0,0.476,0.095,0.095,0.81,0.143,0.19,483.0,-11.3,-13.3,,12.0,0.0,44.0,48.0,71.0,49.0,52.0,52.0,96.0,50.0,128.0,483.0,0.235,0.19,0.25,0.262,0.238,0.4,0.238,0.28,,,,,,,,,,,,,,,,,,,,,,,,,,,,,,,,,,,,,,,,,,,,,,,,,,,,,,,,,,,,,,,,,,,,,,,,,,,,,,,,,,,,,,,,,,,,,,,,,,,,,,,,,,,,,,,,,,,,,,,,,,,,,,,,,,,,,,,,,,,,,,,,,,,,,,,,,,,,,,,,,,,,,,,,,,,,,,,,,,,,,,,,,,,,,,,,,,,,,,,,,,,,,
scrubja01,Jay Scrubb,https://www.basketball-reference.com/players/s/scrubja01.html,2021-22,2022,21.0,LAC,SG,SG,93.0,SG,18.0,0.0,121.0,12.0,25.0,0.48,6.0,21.0,0.286,8.0,,3.0,14.0,0.457,18.0,46.0,0.391,7.0,10.0,0.7,2.0,9.0,49.0,471.0,4.0,7.0,16.0,0.0,0.7,1.4,0.48,0.3,1.2,0.286,0.4,,0.2,0.8,0.457,1.0,2.6,0.391,0.4,0.6,0.7,18.0,0.0,6.7,0.1,0.5,2.7,499.0,0.2,0.4,0.9,3.6,7.4,0.48,1.8,6.2,0.286,2.4,,0.9,4.2,0.457,5.4,13.7,0.391,2.1,3.0,0.7,18.0,0.0,121.0,0.6,2.7,14.6,484.0,1.2,2.1,4.8,4.9,10.1,0.48,2.4,8.5,0.286,3.2,,1.2,5.7,111.0,0.457,7.3,18.6,0.391,2.8,4.0,0.7,18.0,0.0,121.0,0.8,93.0,3.6,19.8,484.0,1.6,2.8,6.5,0.457,9.7,,2.1,-4.8,-0.4,11.9,0.1,0.217,18.0,0.0,121.0,-4.4,1.8,-0.1,9.3,484.0,1.6,12.2,7.0,0.486,20.8,-0.1,0.0,0.002,,0,4,1,3,18,0,2,0,17,121,6.1,6.0,0,0,25,16,60,484,4,2,0.0,0.0,,0.667,0.143,16.2,1.0,0.043,0.391,0.545,0.5,0.25,0.48,0.5,0.286,18.0,0.0,121.0,0.333,0.667,0.239,0.13,0.087,0.543,0.087,0.457,484.0,-6.9,-8.1,,18.0,0.0,90.0,114.0,81.0,86.0,85.0,90.0,88.0,86.0,121.0,484.0,0.48,0.457,0.286,0.457,0.391,0.7,0.217,0.486,,,,,,,,,,,,,,,,,,,,,,,,,,,,,,,,,,,,,,,,,,,,,,,,,,,,,,,,,,,,,,,,,,,,,,,,,,,,,,,,,,,,,,,,,,,,,,,,,,,,,,,,,,,,,,,,,,,,,,,,,,,,,,,,,,,,,,,,,,,,,,,,,,,,,,,,,,,,,,,,,,,,,,,,,,,,,,,,,,,,,,,,,,,,,,,,,,,,,,,,,,,,,
frazime01,Melvin Frazier,https://www.basketball-reference.com/players/f/frazime01.html,2021-22,2022,25.0,OKC,SG,SG,94.0,SG,3.0,0.0,120.0,12.0,27.0,0.444,1.0,21.0,0.048,1.0,,0.0,8.0,0.281,13.0,48.0,0.271,5.0,7.0,0.714,5.0,8.0,32.0,488.0,1.0,3.0,13.0,0.0,4.0,9.0,0.444,0.3,7.0,0.048,0.3,,0.0,2.7,0.281,4.3,16.0,0.271,1.7,2.3,0.714,3.0,0.0,40.0,1.7,2.7,10.7,162.0,0.3,1.0,4.3,3.6,8.1,0.444,0.3,6.3,0.048,0.3,,0.0,2.4,0.281,3.9,14.4,0.271,1.5,2.1,0.714,3.0,0.0,120.0,1.5,2.4,9.6,488.0,0.3,0.9,3.9,4.9,11.0,0.444,0.4,8.5,0.048,0.4,,0.0,3.2,119.0,0.281,5.3,19.5,0.271,2.0,2.8,0.714,3.0,0.0,120.0,2.0,70.0,3.2,13.0,488.0,0.4,1.2,5.3,0.438,1.2,,0.0,-16.4,-6.7,7.0,0.0,0.146,3.0,0.0,120.0,-9.7,4.2,-0.4,-0.4,488.0,0.4,5.5,5.6,0.313,19.5,-0.4,-0.4,-0.16,,0,6,1,4,3,0,1,5,3,120,-31.4,-38.7,0,0,11,0,89,488,1,1,0.0,0.0,,0.071,0.667,12.4,1.0,0.021,0.271,0.667,,,0.444,0.267,0.048,3.0,0.0,120.0,0.75,1.0,0.25,0.0,0.0,0.563,0.313,0.438,488.0,-24.0,-25.8,,3.0,0.0,83.0,110.0,13.0,53.0,59.0,92.0,59.0,55.0,120.0,488.0,0.444,0.438,0.048,0.281,0.271,0.714,0.146,0.313,,,,,,,,,,,,,,,,,,,,,,,,,,,,,,,,,,,,,,,,,,,,,,,,,,,,,,,,,,,,,,,,,,,,,,,,,,,,,,,,,,,,,,,,,,,,,,,,,,,,,,,,,,,,,,,,,,,,,,,,,,,,,,,,,,,,,,,,,,,,,,,,,,,,,,,,,,,,,,,,,,,,,,,,,,,,,,,,,,,,,,,,,,,,,,,,,,,,,,,,,,,,,
edwarca01,Carsen Edwards,https://www.basketball-reference.com/players/e/edwarca01.html,2021-22,2022,23.0,DET,SG,SG,95.0,SG,4.0,0.0,79.0,5.0,14.0,0.357,4.0,16.0,0.25,14.0,,0.0,4.0,0.367,9.0,30.0,0.3,1.0,1.0,1.0,2.0,4.0,23.0,504.0,2.0,5.0,6.0,0.0,1.3,3.5,0.357,1.0,4.0,0.25,3.5,,0.0,1.0,0.367,2.3,7.5,0.3,0.3,0.3,1.0,4.0,0.0,19.8,0.5,1.0,5.8,350.0,0.5,1.3,1.5,2.3,6.4,0.357,1.8,7.3,0.25,6.4,,0.0,1.8,0.367,4.1,13.7,0.3,0.5,0.5,1.0,4.0,0.0,79.0,0.9,1.8,10.5,503.0,0.9,2.3,2.7,3.1,8.6,0.357,2.5,9.9,0.25,8.6,,0.0,2.5,118.0,0.367,5.6,18.5,0.3,0.6,0.6,1.0,4.0,0.0,79.0,1.2,87.0,2.5,14.2,503.0,1.2,3.1,3.7,0.533,26.2,,0.0,-9.3,-3.4,5.8,0.0,0.033,4.0,0.0,79.0,-6.0,2.6,-0.1,5.5,503.0,1.2,14.1,4.1,0.378,19.2,-0.1,-0.1,-0.075,,0,2,0,1,4,0,1,5,34,79,-0.8,-8.8,0,0,19,12,69,503,3,0,0.0,0.0,,1.0,0.063,17.6,0.0,0.0,0.3,0.286,0.333,1.0,0.357,0.0,0.25,4.0,0.0,79.0,0.4,0.25,0.233,0.1,0.067,0.467,0.067,0.533,503.0,-9.9,-11.5,,4.0,0.0,67.0,134.0,71.0,69.0,65.0,129.0,13.0,67.0,79.0,503.0,0.357,0.533,0.25,0.367,0.3,1.0,0.033,0.378,,,,,,,,,,,,,,,,,,,,,,,,,,,,,,,,,,,,,,,,,,,,,,,,,,,,,,,,,,,,,,,,,,,,,,,,,,,,,,,,,,,,,,,,,,,,,,,,,,,,,,,,,,,,,,,,,,,,,,,,,,,,,,,,,,,,,,,,,,,,,,,,,,,,,,,,,,,,,,,,,,,,,,,,,,,,,,,,,,,,,,,,,,,,,,,,,,,,,,,,,,,,,
arcidry01,Ryan Arcidiacono,https://www.basketball-reference.com/players/a/arcidry01.html,2021-22,2022,27.0,NYK,PG,SG,96.0,SG,10.0,0.0,76.0,2.0,3.0,0.667,4.0,9.0,0.444,4.0,,0.0,8.0,0.667,6.0,12.0,0.5,0.0,0.0,,0.0,5.0,16.0,521.0,1.0,3.0,8.0,0.0,0.2,0.3,0.667,0.4,0.9,0.444,0.4,,0.0,0.8,0.667,0.6,1.2,0.5,0.0,0.0,,10.0,0.0,7.6,0.0,0.5,1.6,543.0,0.1,0.3,0.8,0.9,1.4,0.667,1.9,4.3,0.444,1.9,,0.0,3.8,0.667,2.8,5.7,0.5,0.0,0.0,,10.0,0.0,76.0,0.0,2.4,7.6,504.0,0.5,1.4,3.8,1.3,2.0,0.667,2.6,5.9,0.444,2.6,,0.0,5.3,115.0,0.667,3.9,7.9,0.5,0.0,0.0,,10.0,0.0,76.0,0.0,111.0,3.3,10.5,504.0,0.7,2.0,5.3,0.75,7.5,,0.0,-4.6,0.0,11.5,0.1,0.0,10.0,0.0,76.0,-4.6,0.0,0.0,6.1,504.0,0.7,20.0,5.7,0.667,8.6,-0.1,0.1,0.052,,0,1,4,0,10,0,0,0,9,76,-7.7,-7.3,0,0,15,34,51,504,3,0,0.0,0.0,,0.5,0.222,21.5,0.0,0.0,0.5,,0.5,,0.667,1.0,0.444,10.0,0.0,76.0,1.0,1.0,0.0,0.167,0.0,0.25,0.083,0.75,504.0,3.2,2.4,,10.0,0.0,125.0,188.0,126.0,125.0,108.0,,0.0,118.0,76.0,504.0,0.667,0.75,0.444,0.667,0.5,,0.0,0.667,,,,,,,,,,,,,,,,,,,,,,,,,,,,,,,,,,,,,,,,,,,,,,,,,,,,,,,,,,,,,,,,,,,,,,,,,,,,,,,,,,,,,,,,,,,,,,,,,,,,,,,,,,,,,,,,,,,,,,,,,,,,,,,,,,,,,,,,,,,,,,,,,,,,,,,,,,,,,,,,,,,,,,,,,,,,,,,,,,,,,,,,,,,,,,,,,,,,,,,,,,,,,
wallaty01,Tyrone Wallace,https://www.basketball-reference.com/players/w/wallaty01.html,2021-22,2022,27.0,NOP,SG,SG,97.0,SG,6.0,0.0,75.0,5.0,12.0,0.417,2.0,8.0,0.25,1.0,,1.0,8.0,0.4,7.0,20.0,0.35,1.0,5.0,0.2,0.0,7.0,17.0,519.0,3.0,2.0,8.0,0.0,0.8,2.0,0.417,0.3,1.3,0.25,0.2,,0.2,1.3,0.4,1.2,3.3,0.35,0.2,0.8,0.2,6.0,0.0,12.5,0.0,1.2,2.8,496.0,0.5,0.3,1.3,2.4,5.8,0.417,1.0,3.8,0.25,0.5,,0.5,3.8,0.4,3.4,9.6,0.35,0.5,2.4,0.2,6.0,0.0,75.0,0.0,3.4,8.2,505.0,1.4,1.0,3.8,3.3,7.9,0.417,1.3,5.3,0.25,0.7,,0.7,5.3,114.0,0.4,4.6,13.2,0.35,0.7,3.3,0.2,6.0,0.0,75.0,0.0,75.0,4.6,11.2,505.0,2.0,1.3,5.3,0.4,1.8,,1.3,-8.2,-0.6,12.1,0.1,0.25,6.0,0.0,75.0,-7.7,0.0,-0.2,2.5,505.0,2.0,8.3,5.9,0.383,13.9,-0.1,-0.1,-0.057,,0,5,0,2,6,0,1,1,3,75,-5.3,-6.3,0,0,9,0,91,505,1,0,0.0,0.0,,0.333,0.375,13.0,0.0,0.0,0.35,0.714,0.0,0.0,0.417,0.0,0.25,6.0,0.0,75.0,1.0,1.0,0.35,0.05,0.05,0.6,0.15,0.4,505.0,-5.3,-8.1,,6.0,0.0,78.0,100.0,71.0,75.0,76.0,26.0,101.0,68.0,75.0,505.0,0.417,0.4,0.25,0.4,0.35,0.2,0.25,0.383,,,,,,,,,,,,,,,,,,,,,,,,,,,,,,,,,,,,,,,,,,,,,,,,,,,,,,,,,,,,,,,,,,,,,,,,,,,,,,,,,,,,,,,,,,,,,,,,,,,,,,,,,,,,,,,,,,,,,,,,,,,,,,,,,,,,,,,,,,,,,,,,,,,,,,,,,,,,,,,,,,,,,,,,,,,,,,,,,,,,,,,,,,,,,,,,,,,,,,,,,,,,,
queentr01,Trevelin Queen,https://www.basketball-reference.com/players/q/queentr01.html,2021-22,2022,24.0,HOU,SG,SG,98.0,SG,10.0,0.0,74.0,6.0,9.0,0.667,9.0,24.0,0.375,4.0,,1.0,9.0,0.591,15.0,33.0,0.455,4.0,4.0,1.0,7.0,6.0,43.0,479.0,5.0,7.0,16.0,0.0,0.6,0.9,0.667,0.9,2.4,0.375,0.4,,0.1,0.9,0.591,1.5,3.3,0.455,0.4,0.4,1.0,10.0,0.0,7.4,0.7,0.6,4.3,415.0,0.5,0.7,1.6,2.9,4.4,0.667,4.4,11.7,0.375,1.9,,0.5,4.4,0.591,7.3,16.1,0.455,1.9,1.9,1.0,10.0,0.0,74.0,3.4,2.9,20.9,507.0,2.4,3.4,7.8,3.9,5.8,0.667,5.8,15.4,0.375,2.6,,0.6,5.8,114.0,0.591,9.6,21.2,0.455,2.6,2.6,1.0,10.0,0.0,74.0,4.5,109.0,3.9,27.7,507.0,3.2,4.5,10.3,0.727,8.8,,1.2,1.9,-0.8,13.4,0.1,0.121,10.0,0.0,74.0,2.7,10.3,0.1,18.2,507.0,3.2,16.8,11.9,0.619,23.9,0.1,0.1,0.08,,1,4,1,3,10,0,2,0,10,74,12.9,3.6,0,0,37,1,62,507,2,4,0.0,0.0,,0.5,0.167,19.6,1.0,0.03,0.455,0.75,,,0.667,0.0,0.375,10.0,0.0,74.0,0.5,0.556,0.242,0.0,0.0,0.273,0.03,0.727,507.0,3.9,3.7,,10.0,0.0,125.0,182.0,106.0,111.0,99.0,129.0,49.0,109.0,74.0,507.0,0.667,0.727,0.375,0.591,0.455,1.0,0.121,0.619,,,,,,,,,,,,,,,,,,,,,,,,,,,,,,,,,,,,,,,,,,,,,,,,,,,,,,,,,,,,,,,,,,,,,,,,,,,,,,,,,,,,,,,,,,,,,,,,,,,,,,,,,,,,,,,,,,,,,,,,,,,,,,,,,,,,,,,,,,,,,,,,,,,,,,,,,,,,,,,,,,,,,,,,,,,,,,,,,,,,,,,,,,,,,,,,,,,,,,,,,,,,,
weathqu01,Quinndary Weatherspoon,https://www.basketball-reference.com/players/w/weathqu01.html,2021-22,2022,25.0,GSW,SG,SG,99.0,SG,11.0,0.0,73.0,11.0,16.0,0.688,1.0,5.0,0.2,5.0,,1.0,12.0,0.595,12.0,21.0,0.571,5.0,5.0,1.0,2.0,15.0,30.0,493.0,1.0,3.0,14.0,0.0,1.0,1.5,0.688,0.1,0.5,0.2,0.5,,0.1,1.1,0.595,1.1,1.9,0.571,0.5,0.5,1.0,11.0,0.0,6.6,0.2,1.4,2.7,500.0,0.1,0.3,1.3,5.4,7.9,0.688,0.5,2.5,0.2,2.5,,0.5,5.9,0.595,5.9,10.4,0.571,2.5,2.5,1.0,11.0,0.0,73.0,1.0,7.4,14.8,509.0,0.5,1.5,6.9,7.3,10.7,0.688,0.7,3.3,0.2,3.3,,0.7,8.0,109.0,0.595,8.0,14.0,0.571,3.3,3.3,1.0,11.0,0.0,73.0,1.3,123.0,10.0,20.0,509.0,0.7,2.0,9.4,0.238,10.1,,1.3,-4.4,0.1,17.4,0.1,0.238,11.0,0.0,73.0,-4.5,3.1,0.1,12.0,509.0,0.7,11.5,10.5,0.647,15.7,0.0,0.2,0.148,,1,6,0,4,11,0,3,0,12,73,-12.8,-6.8,0,0,29,14,57,509,2,0,0.0,0.0,,0.0,0.2,8.5,1.0,0.048,0.571,0.8,0.0,,0.688,0.6,0.2,11.0,0.0,73.0,0.818,1.0,0.476,0.048,0.0,0.762,0.238,0.238,509.0,2.7,3.7,,11.0,0.0,129.0,60.0,57.0,112.0,124.0,129.0,96.0,114.0,73.0,509.0,0.688,0.238,0.2,0.595,0.571,1.0,0.238,0.647,,,,,,,,,,,,,,,,,,,,,,,,,,,,,,,,,,,,,,,,,,,,,,,,,,,,,,,,,,,,,,,,,,,,,,,,,,,,,,,,,,,,,,,,,,,,,,,,,,,,,,,,,,,,,,,,,,,,,,,,,,,,,,,,,,,,,,,,,,,,,,,,,,,,,,,,,,,,,,,,,,,,,,,,,,,,,,,,,,,,,,,,,,,,,,,,,,,,,,,,,,,,,
tuckera01,Rayjon Tucker,https://www.basketball-reference.com/players/t/tuckera01.html,2021-22,2022,24.0,2TM,SG,SG,100.0,SG,5.0,0.0,71.0,2.0,4.0,0.5,4.0,5.0,0.8,10.0,,0.0,5.0,0.889,6.0,9.0,0.667,5.0,7.0,0.714,3.0,5.0,21.0,511.0,4.0,1.0,8.0,0.0,0.4,0.8,0.5,0.8,1.0,0.8,2.0,,0.0,1.0,0.889,1.2,1.8,0.667,1.0,1.4,0.714,5.0,0.0,14.2,0.6,1.0,4.2,417.0,0.8,0.2,1.6,1.0,2.0,0.5,2.0,2.5,0.8,5.1,,0.0,2.5,0.889,3.0,4.6,0.667,2.5,3.5,0.714,5.0,0.0,71.0,1.5,2.5,10.6,511.0,2.0,0.5,4.1,1.4,2.7,0.5,2.7,3.4,0.8,6.8,,0.0,3.4,112.0,0.889,4.1,6.1,0.667,3.4,4.8,0.714,5.0,0.0,71.0,2.0,178.0,3.4,14.3,511.0,2.7,0.7,5.5,0.556,18.1,,0.0,3.5,1.2,7.5,0.1,0.778,5.0,0.0,71.0,2.3,4.7,0.3,17.7,511.0,2.7,7.6,6.1,0.869,7.9,0.1,0.4,0.243,,0,1,1,2,5,0,0,0,25,71,-7.4,-4.5,0,0,9,26,64,511,0,1,0.0,0.0,,1.0,0.2,20.9,1.0,0.111,0.667,1.0,0.0,0.0,0.5,,0.8,5.0,0.0,71.0,0.0,0.5,0.222,0.111,0.111,0.444,0.0,0.556,511.0,6.5,7.3,,5.0,0.0,94.0,139.0,226.0,167.0,145.0,92.0,313.0,154.0,71.0,511.0,0.5,0.556,0.8,0.889,0.667,0.714,0.778,0.869,,8.0,0.0,94.0,83.0,0.0,63.0,72.0,,0.0,59.0,19.0,183.0,0.5,0.333,0.0,0.333,0.333,,0.0,0.333,0.333,0.0,,0.0,-7.8,-0.6,10.4,0.0,0.0,8.0,0.0,19.0,-7.3,5.6,0.0,1.7,183.0,0.0,0.0,8.1,0.333,6.8,0.0,0.0,0.035,,0.0,1.0,0.0,0.0,8.0,0.0,0.0,0.0,0.0,19.0,-25.1,-22.9,0.0,0.0,0.0,23.0,77.0,183.0,0.0,0.0,2.6,5.1,0.5,0.0,2.6,0.0,0.0,,0.0,5.1,109.0,0.333,2.6,7.7,0.333,0.0,0.0,,8.0,0.0,19.0,2.6,88.0,5.1,5.1,183.0,0.0,0.0,7.7,1.9,3.8,0.5,0.0,1.9,0.0,0.0,,0.0,3.8,0.333,1.9,5.7,0.333,0.0,0.0,,8.0,0.0,19.0,1.9,3.8,3.8,183.0,0.0,0.0,5.7,0.1,0.3,0.5,0.0,0.1,0.0,0.0,,0.0,0.3,0.333,0.1,0.4,0.333,0.0,0.0,,8.0,0.0,2.4,0.1,0.3,0.3,204.0,0.0,0.0,0.4,0.0,0.0,,0.0,1.0,13.9,0.0,0.0,0.333,1.0,0.0,,0.5,,0.0,8.0,0.0,19.0,0.0,,0.333,0.333,0.0,0.667,0.0,0.333,183.0,1.0,2.0,0.5,0.0,1.0,0.0,0.0,,0.0,2.0,0.333,1.0,3.0,0.333,0.0,0.0,,8.0,0.0,19.0,1.0,2.0,2.0,203.0,0.0,0.0,3.0,0.0
