player_id,player,player_url,season,season_end_year,age,team,listed_pos,primary_position,position_minutes_rank,qualified_positions,g,gs,mp,totals_2p,totals_2pa,totals_2ppct,totals_3p,totals_3pa,totals_3ppct,totals_ast,totals_awards,totals_blk,totals_drb,totals_efgpct,totals_fg,totals_fga,totals_fgpct,totals_ft,totals_fta,totals_ftpct,totals_orb,totals_pf,totals_pts,totals_rk,totals_stl,totals_tov,totals_trb,totals_trp_dbl,per_game_2p,per_game_2pa,per_game_2ppct,per_game_3p,per_game_3pa,per_game_3ppct,per_game_ast,per_game_awards,per_game_blk,per_game_drb,per_game_efgpct,per_game_fg,per_game_fga,per_game_fgpct,per_game_ft,per_game_fta,per_game_ftpct,per_game_g,per_game_gs,per_game_mp,per_game_orb,per_game_pf,per_game_pts,per_game_rk,per_game_stl,per_game_tov,per_game_trb,per_36_2p,per_36_2pa,per_36_2ppct,per_36_3p,per_36_3pa,per_36_3ppct,per_36_ast,per_36_awards,per_36_blk,per_36_drb,per_36_efgpct,per_36_fg,per_36_fga,per_36_fgpct,per_36_ft,per_36_fta,per_36_ftpct,per_36_g,per_36_gs,per_36_mp,per_36_orb,per_36_pf,per_36_pts,per_36_rk,per_36_stl,per_36_tov,per_36_trb,per_100_2p,per_100_2pa,per_100_2ppct,per_100_3p,per_100_3pa,per_100_3ppct,per_100_ast,per_100_awards,per_100_blk,per_100_drb,per_100_drtg,per_100_efgpct,per_100_fg,per_100_fga,per_100_fgpct,per_100_ft,per_100_fta,per_100_ftpct,per_100_g,per_100_gs,per_100_mp,per_100_orb,per_100_ortg,per_100_pf,per_100_pts,per_100_rk,per_100_stl,per_100_tov,per_100_trb,advanced_3par,advanced_astpct,advanced_awards,advanced_blkpct,advanced_bpm,advanced_dbpm,advanced_drbpct,advanced_dws,advanced_ftr,advanced_g,advanced_gs,advanced_mp,advanced_obpm,advanced_orbpct,advanced_ows,advanced_per,advanced_rk,advanced_stlpct,advanced_tovpct,advanced_trbpct,advanced_tspct,advanced_usgpct,advanced_vorp,advanced_ws,advanced_ws_48,pbp_awards,pbp_fouls_committed_off,pbp_fouls_committed_shoot,pbp_fouls_drawn_off,pbp_fouls_drawn_shoot,pbp_g,pbp_gs,pbp_misc_and1,pbp_misc_blkd,pbp_misc_pga,pbp_mp,pbp_plus_per_100_poss_on_off,pbp_plus_per_100_poss_oncourt,pbp_position_estimate_cpct,pbp_position_estimate_pfpct,pbp_position_estimate_pgpct,pbp_position_estimate_sfpct,pbp_position_estimate_sgpct,pbp_rk,pbp_turnovers_badpass,pbp_turnovers_lostball,shooting_1_2_court_att,shooting_1_2_court_md,shooting_awards,shooting_corner_3s_3ppct,shooting_corner_3s_pct3pa,shooting_dist,shooting_dunks,shooting_dunks_pctfga,shooting_fgpct,shooting_fgpct_by_distance_0_3,shooting_fgpct_by_distance_10_16,shooting_fgpct_by_distance_16_3p,shooting_fgpct_by_distance_2p,shooting_fgpct_by_distance_3_10,shooting_fgpct_by_distance_3p,shooting_g,shooting_gs,shooting_mp,shooting_pct_of_fg_astd_2p,shooting_pct_of_fg_astd_3p,shooting_pct_of_fga_by_distance_0_3,shooting_pct_of_fga_by_distance_10_16,shooting_pct_of_fga_by_distance_16_3p,shooting_pct_of_fga_by_distance_2p,shooting_pct_of_fga_by_distance_3_10,shooting_pct_of_fga_by_distance_3p,shooting_rk,adj_shooting_added_fg_add,adj_shooting_added_ts_add,adj_shooting_awards,adj_shooting_g,adj_shooting_gs,adj_shooting_league_adjusted_2pplus,adj_shooting_league_adjusted_3parplus,adj_shooting_league_adjusted_3pplus,adj_shooting_league_adjusted_efgplus,adj_shooting_league_adjusted_fgplus,adj_shooting_league_adjusted_ftplus,adj_shooting_league_adjusted_ftrplus,adj_shooting_league_adjusted_tsplus,adj_shooting_mp,adj_shooting_rk,adj_shooting_shooting_pct_2ppct,adj_shooting_shooting_pct_3par,adj_shooting_shooting_pct_3ppct,adj_shooting_shooting_pct_efgpct,adj_shooting_shooting_pct_fgpct,adj_shooting_shooting_pct_ftpct,adj_shooting_shooting_pct_ftr,adj_shooting_shooting_pct_tspct,playoffs_adj_shooting_awards,playoffs_adj_shooting_g,playoffs_adj_shooting_gs,playoffs_adj_shooting_league_adjusted_2pplus,playoffs_adj_shooting_league_adjusted_3parplus,playoffs_adj_shooting_league_adjusted_3pplus,playoffs_adj_shooting_league_adjusted_efgplus,playoffs_adj_shooting_league_adjusted_fgplus,playoffs_adj_shooting_league_adjusted_ftplus,playoffs_adj_shooting_league_adjusted_ftrplus,playoffs_adj_shooting_league_adjusted_tsplus,playoffs_adj_shooting_mp,playoffs_adj_shooting_rk,playoffs_adj_shooting_shooting_pct_2ppct,playoffs_adj_shooting_shooting_pct_3par,playoffs_adj_shooting_shooting_pct_3ppct,playoffs_adj_shooting_shooting_pct_efgpct,playoffs_adj_shooting_shooting_pct_fgpct,playoffs_adj_shooting_shooting_pct_ftpct,playoffs_adj_shooting_shooting_pct_ftr,playoffs_adj_shooting_shooting_pct_tspct,playoffs_advanced_3par,playoffs_advanced_astpct,playoffs_advanced_awards,playoffs_advanced_blkpct,playoffs_advanced_bpm,playoffs_advanced_dbpm,playoffs_advanced_drbpct,playoffs_advanced_dws,playoffs_advanced_ftr,playoffs_advanced_g,playoffs_advanced_gs,playoffs_advanced_mp,playoffs_advanced_obpm,playoffs_advanced_orbpct,playoffs_advanced_ows,playoffs_advanced_per,playoffs_advanced_rk,playoffs_advanced_stlpct,playoffs_advanced_tovpct,playoffs_advanced_trbpct,playoffs_advanced_tspct,playoffs_advanced_usgpct,playoffs_advanced_vorp,playoffs_advanced_ws,playoffs_advanced_ws_48,playoffs_pbp_awards,playoffs_pbp_fouls_committed_off,playoffs_pbp_fouls_committed_shoot,playoffs_pbp_fouls_drawn_off,playoffs_pbp_fouls_drawn_shoot,playoffs_pbp_g,playoffs_pbp_gs,playoffs_pbp_misc_and1,playoffs_pbp_misc_blkd,playoffs_pbp_misc_pga,playoffs_pbp_mp,playoffs_pbp_plus_per_100_poss_on_off,playoffs_pbp_plus_per_100_poss_oncourt,playoffs_pbp_position_estimate_cpct,playoffs_pbp_position_estimate_pfpct,playoffs_pbp_position_estimate_pgpct,playoffs_pbp_position_estimate_sfpct,playoffs_pbp_position_estimate_sgpct,playoffs_pbp_rk,playoffs_pbp_turnovers_badpass,playoffs_pbp_turnovers_lostball,playoffs_per_100_2p,playoffs_per_100_2pa,playoffs_per_100_2ppct,playoffs_per_100_3p,playoffs_per_100_3pa,playoffs_per_100_3ppct,playoffs_per_100_ast,playoffs_per_100_awards,playoffs_per_100_blk,playoffs_per_100_drb,playoffs_per_100_drtg,playoffs_per_100_efgpct,playoffs_per_100_fg,playoffs_per_100_fga,playoffs_per_100_fgpct,playoffs_per_100_ft,playoffs_per_100_fta,playoffs_per_100_ftpct,playoffs_per_100_g,playoffs_per_100_gs,playoffs_per_100_mp,playoffs_per_100_orb,playoffs_per_100_ortg,playoffs_per_100_pf,playoffs_per_100_pts,playoffs_per_100_rk,playoffs_per_100_stl,playoffs_per_100_tov,playoffs_per_100_trb,playoffs_per_36_2p,playoffs_per_36_2pa,playoffs_per_36_2ppct,playoffs_per_36_3p,playoffs_per_36_3pa,playoffs_per_36_3ppct,playoffs_per_36_ast,playoffs_per_36_awards,playoffs_per_36_blk,playoffs_per_36_drb,playoffs_per_36_efgpct,playoffs_per_36_fg,playoffs_per_36_fga,playoffs_per_36_fgpct,playoffs_per_36_ft,playoffs_per_36_fta,playoffs_per_36_ftpct,playoffs_per_36_g,playoffs_per_36_gs,playoffs_per_36_mp,playoffs_per_36_orb,playoffs_per_36_pf,playoffs_per_36_pts,playoffs_per_36_rk,playoffs_per_36_stl,playoffs_per_36_tov,playoffs_per_36_trb,playoffs_per_game_2p,playoffs_per_game_2pa,playoffs_per_game_2ppct,playoffs_per_game_3p,playoffs_per_game_3pa,playoffs_per_game_3ppct,playoffs_per_game_ast,playoffs_per_game_awards,playoffs_per_game_blk,playoffs_per_game_drb,playoffs_per_game_efgpct,playoffs_per_game_fg,playoffs_per_game_fga,playoffs_per_game_fgpct,playoffs_per_game_ft,playoffs_per_game_fta,playoffs_per_game_ftpct,playoffs_per_game_g,playoffs_per_game_gs,playoffs_per_game_mp,playoffs_per_game_orb,playoffs_per_game_pf,playoffs_per_game_pts,playoffs_per_game_rk,playoffs_per_game_stl,playoffs_per_game_tov,playoffs_per_game_trb,playoffs_shooting_1_2_court_att,playoffs_shooting_1_2_court_md,playoffs_shooting_awards,playoffs_shooting_corner_3s_3ppct,playoffs_shooting_corner_3s_pct3pa,playoffs_shooting_dist,playoffs_shooting_dunks,playoffs_shooting_dunks_pctfga,playoffs_shooting_fgpct,playoffs_shooting_fgpct_by_distance_0_3,playoffs_shooting_fgpct_by_distance_10_16,playoffs_shooting_fgpct_by_distance_16_3p,playoffs_shooting_fgpct_by_distance_2p,playoffs_shooting_fgpct_by_distance_3_10,playoffs_shooting_fgpct_by_distance_3p,playoffs_shooting_g,playoffs_shooting_gs,playoffs_shooting_mp,playoffs_shooting_pct_of_fg_astd_2p,playoffs_shooting_pct_of_fg_astd_3p,playoffs_shooting_pct_of_fga_by_distance_0_3,playoffs_shooting_pct_of_fga_by_distance_10_16,playoffs_shooting_pct_of_fga_by_distance_16_3p,playoffs_shooting_pct_of_fga_by_distance_2p,playoffs_shooting_pct_of_fga_by_distance_3_10,playoffs_shooting_pct_of_fga_by_distance_3p,playoffs_shooting_rk,playoffs_totals_2p,playoffs_totals_2pa,playoffs_totals_2ppct,playoffs_totals_3p,playoffs_totals_3pa,playoffs_totals_3ppct,playoffs_totals_ast,playoffs_totals_awards,playoffs_totals_blk,playoffs_totals_drb,playoffs_totals_efgpct,playoffs_totals_fg,playoffs_totals_fga,playoffs_totals_fgpct,playoffs_totals_ft,playoffs_totals_fta,playoffs_totals_ftpct,playoffs_totals_g,playoffs_totals_gs,playoffs_totals_mp,playoffs_totals_orb,playoffs_totals_pf,playoffs_totals_pts,playoffs_totals_rk,playoffs_totals_stl,playoffs_totals_tov,playoffs_totals_trb,playoffs_totals_trp_dbl
sabondo01,Domantas Sabonis,https://www.basketball-reference.com/players/s/sabondo01.html,2023-24,2024,27.0,SAC,C,C,1.0,C,82.0,82.0,2928.0,601.0,981.0,0.613,33.0,87.0,0.379,673.0,"MVP-8,DPOY-10,NBA3",48.0,826.0,0.609,634.0,1068.0,0.594,292.0,415.0,0.704,294.0,250.0,1593.0,26.0,74.0,272.0,1120.0,26.0,7.3,12.0,0.613,0.4,1.1,0.379,8.2,"MVP-8,DPOY-10,NBA3",0.6,10.1,0.609,7.7,13.0,0.594,3.6,5.1,0.704,82.0,82.0,35.7,3.6,3.0,19.4,58.0,0.9,3.3,13.7,7.4,12.1,0.613,0.4,1.1,0.379,8.3,"MVP-8,DPOY-10,NBA3",0.6,10.2,0.609,7.8,13.1,0.594,3.6,5.1,0.704,82.0,82.0,2928.0,3.6,3.1,19.6,2.0,0.9,3.3,13.8,10.0,16.3,0.613,0.5,1.4,0.379,11.2,"MVP-8,DPOY-10,NBA3",0.8,13.7,112.0,0.609,10.5,17.7,0.594,4.8,6.9,0.704,82.0,82.0,2928.0,4.9,127.0,4.1,26.4,2.0,1.2,4.5,18.6,0.081,33.9,"MVP-8,DPOY-10,NBA3",1.5,6.5,2.4,32.3,4.0,0.389,82.0,82.0,2928.0,4.0,11.0,8.6,23.2,2.0,1.2,17.9,21.4,0.637,22.2,6.2,12.6,0.206,"MVP-8,DPOY-10,NBA3",48,123,7,210,82,82,56,86,1679,2928,-2.1,0.7,100,0,0,0,0,2,90,100,0.0,0.0,"MVP-8,DPOY-10,NBA3",0.2,0.057,6.2,111.0,0.113,0.594,0.722,0.467,0.471,0.613,0.516,0.379,82.0,82.0,2928.0,0.607,0.909,0.455,0.07,0.032,0.919,0.361,0.081,2.0,133.6,142.3,"MVP-8,DPOY-10,NBA3",82.0,82.0,112.0,21.0,104.0,111.0,125.0,90.0,159.0,110.0,2928.0,2.0,0.613,0.081,0.379,0.609,0.594,0.704,0.389,0.637,,,,,,,,,,,,,,,,,,,,,,,,,,,,,,,,,,,,,,,,,,,,,,,,,,,,,,,,,,,,,,,,,,,,,,,,,,,,,,,,,,,,,,,,,,,,,,,,,,,,,,,,,,,,,,,,,,,,,,,,,,,,,,,,,,,,,,,,,,,,,,,,,,,,,,,,,,,,,,,,,,,,,,,,,,,,,,,,,,,,,,,,,,,,,,,,,,,,,,,,,,,,,
jokicni01,Nikola Jokić,https://www.basketball-reference.com/players/j/jokicni01.html,2023-24,2024,28.0,DEN,C,C,2.0,C,79.0,79.0,2737.0,739.0,1180.0,0.626,83.0,231.0,0.359,708.0,"MVP-1,CPOY-4,AS,NBA1",68.0,753.0,0.612,822.0,1411.0,0.583,358.0,438.0,0.817,223.0,194.0,2085.0,5.0,108.0,237.0,976.0,25.0,9.4,14.9,0.626,1.1,2.9,0.359,9.0,"MVP-1,CPOY-4,AS,NBA1",0.9,9.5,0.612,10.4,17.9,0.583,4.5,5.5,0.817,79.0,79.0,34.6,2.8,2.5,26.4,12.0,1.4,3.0,12.4,9.7,15.5,0.626,1.1,3.0,0.359,9.3,"MVP-1,CPOY-4,AS,NBA1",0.9,9.9,0.612,10.8,18.6,0.583,4.7,5.8,0.817,79.0,79.0,2737.0,2.9,2.6,27.4,9.0,1.4,3.1,12.8,13.4,21.4,0.626,1.5,4.2,0.359,12.8,"MVP-1,CPOY-4,AS,NBA1",1.2,13.6,108.0,0.612,14.9,25.6,0.583,6.5,7.9,0.817,79.0,79.0,2737.0,4.0,131.0,3.5,37.8,9.0,2.0,4.3,17.7,0.164,42.0,"MVP-1,CPOY-4,AS,NBA1",2.1,13.2,4.2,29.6,5.1,0.31,79.0,79.0,2737.0,9.0,9.3,12.0,31.0,9.0,2.0,12.9,19.8,0.65,29.3,10.6,17.0,0.299,"MVP-1,CPOY-4,AS,NBA1",21,97,5,181,79,79,59,68,1662,2737,20.0,11.6,100,0,0,0,0,9,143,66,8.0,0.0,"MVP-1,CPOY-4,AS,NBA1",0.25,0.035,9.7,17.0,0.013,0.583,0.741,0.537,0.37,0.626,0.614,0.359,79.0,79.0,2737.0,0.572,0.807,0.26,0.115,0.057,0.836,0.404,0.164,9.0,184.7,224.7,"MVP-1,CPOY-4,AS,NBA1",79.0,79.0,115.0,41.0,98.0,112.0,123.0,104.0,127.0,112.0,2737.0,9.0,0.626,0.164,0.359,0.612,0.583,0.817,0.31,0.65,,12.0,12.0,114.0,55.0,72.0,105.0,115.0,115.0,119.0,108.0,482.0,21.0,0.623,0.217,0.264,0.574,0.545,0.901,0.291,0.625,0.217,40.3,,1.5,12.8,3.8,28.7,0.7,0.291,12.0,12.0,482.0,9.0,9.9,1.9,30.0,21.0,1.8,12.7,19.0,0.625,30.0,1.8,2.6,0.259,,3.0,16.0,1.0,35.0,12.0,12.0,16.0,17.0,245.0,482.0,20.8,0.7,100.0,0.0,0.0,0.0,0.0,21.0,21.0,10.0,12.8,20.6,0.623,1.5,5.7,0.264,11.2,,0.9,12.7,109.0,0.574,14.3,26.3,0.545,6.9,7.7,0.901,12.0,12.0,482.0,4.6,126.0,3.4,37.1,21.0,1.8,4.3,17.4,8.9,14.3,0.623,1.0,4.0,0.264,7.8,,0.6,8.8,0.574,9.9,18.2,0.545,4.8,5.3,0.901,12.0,12.0,482.0,3.2,2.4,25.7,21.0,1.3,3.0,12.0,9.9,15.9,0.623,1.2,4.4,0.264,8.7,,0.7,9.8,0.574,11.1,20.3,0.545,5.3,5.9,0.901,12.0,12.0,40.2,3.6,2.7,28.7,8.0,1.4,3.3,13.4,2.0,0.0,,1.0,0.019,10.3,10.0,0.041,0.545,0.787,0.526,0.375,0.623,0.563,0.264,12.0,12.0,482.0,0.521,0.857,0.25,0.078,0.033,0.783,0.422,0.217,21.0,119.0,191.0,0.623,14.0,53.0,0.264,104.0,,8.0,118.0,0.574,133.0,244.0,0.545,64.0,71.0,0.901,12.0,12.0,482.0,43.0,32.0,344.0,8.0,17.0,40.0,161.0,2.0
davisan02,Anthony Davis,https://www.basketball-reference.com/players/d/davisan02.html,2023-24,2024,30.0,LAL,C,C,3.0,C,76.0,76.0,2700.0,684.0,1176.0,0.582,29.0,107.0,0.271,266.0,"DPOY-4,AS,NBA2,DEF1",178.0,722.0,0.567,713.0,1283.0,0.556,421.0,516.0,0.816,239.0,177.0,1876.0,12.0,91.0,159.0,961.0,2.0,9.0,15.5,0.582,0.4,1.4,0.271,3.5,"DPOY-4,AS,NBA2,DEF1",2.3,9.5,0.567,9.4,16.9,0.556,5.5,6.8,0.816,76.0,76.0,35.5,3.1,2.3,24.7,19.0,1.2,2.1,12.6,9.1,15.7,0.582,0.4,1.4,0.271,3.5,"DPOY-4,AS,NBA2,DEF1",2.4,9.6,0.567,9.5,17.1,0.556,5.6,6.9,0.816,76.0,76.0,2700.0,3.2,2.4,25.0,12.0,1.2,2.1,12.8,12.0,20.7,0.582,0.5,1.9,0.271,4.7,"DPOY-4,AS,NBA2,DEF1",3.1,12.7,109.0,0.567,12.6,22.6,0.556,7.4,9.1,0.816,76.0,76.0,2700.0,4.2,124.0,3.1,33.0,12.0,1.6,2.8,16.9,0.083,15.5,"DPOY-4,AS,NBA2,DEF1",5.7,5.1,1.7,28.3,4.7,0.402,76.0,76.0,2700.0,3.5,10.4,7.2,25.8,12.0,1.6,9.5,19.8,0.621,26.7,4.9,11.8,0.21,"DPOY-4,AS,NBA2,DEF1",22,117,4,221,76,76,60,80,625,2700,6.0,2.3,97,3,0,0,0,12,53,60,0.0,0.0,"DPOY-4,AS,NBA2,DEF1",0.125,0.15,8.0,196.0,0.162,0.556,0.774,0.432,0.365,0.582,0.487,0.271,76.0,76.0,2700.0,0.67,0.966,0.369,0.15,0.09,0.917,0.309,0.083,12.0,52.6,124.4,"DPOY-4,AS,NBA2,DEF1",76.0,76.0,107.0,21.0,74.0,104.0,117.0,104.0,165.0,107.0,2700.0,12.0,0.582,0.083,0.271,0.567,0.556,0.816,0.402,0.621,,5.0,5.0,123.0,14.0,0.0,116.0,134.0,103.0,114.0,115.0,208.0,64.0,0.67,0.054,0.0,0.634,0.634,0.808,0.28,0.665,0.054,16.5,,3.3,7.3,2.7,32.7,0.3,0.28,5.0,5.0,208.0,4.6,8.2,0.7,26.9,64.0,0.5,9.5,20.8,0.665,25.6,0.5,1.0,0.239,,1.0,11.0,1.0,13.0,5.0,5.0,5.0,4.0,46.0,208.0,2.0,-1.3,98.0,2.0,0.0,0.0,0.0,64.0,3.0,6.0,14.3,21.3,0.67,0.0,1.2,0.0,4.8,,1.9,15.3,109.0,0.634,14.3,22.5,0.634,5.1,6.3,0.808,5.0,5.0,208.0,3.6,129.0,4.6,33.7,64.0,0.5,2.7,18.9,10.2,15.2,0.67,0.0,0.9,0.0,3.5,,1.4,10.9,0.634,10.2,16.1,0.634,3.6,4.5,0.808,5.0,5.0,208.0,2.6,3.3,24.1,64.0,0.3,1.9,13.5,11.8,17.6,0.67,0.0,1.0,0.0,4.0,,1.6,12.6,0.634,11.8,18.6,0.634,4.2,5.2,0.808,5.0,5.0,41.6,3.0,3.8,27.8,9.0,0.4,2.2,15.6,0.0,0.0,,0.0,0.2,6.6,12.0,0.129,0.634,0.842,0.5,0.5,0.67,0.559,0.0,5.0,5.0,208.0,0.661,,0.409,0.129,0.043,0.946,0.366,0.054,64.0,59.0,88.0,0.67,0.0,5.0,0.0,20.0,,8.0,63.0,0.634,59.0,93.0,0.634,21.0,26.0,0.808,5.0,5.0,208.0,15.0,19.0,139.0,43.0,2.0,11.0,78.0,0.0
vucevni01,Nikola Vučević,https://www.basketball-reference.com/players/v/vucevni01.html,2023-24,2024,33.0,CHI,C,C,4.0,C,76.0,74.0,2610.0,494.0,898.0,0.55,92.0,313.0,0.294,254.0,,60.0,591.0,0.522,586.0,1211.0,0.484,106.0,129.0,0.822,210.0,190.0,1370.0,41.0,50.0,120.0,801.0,0.0,6.5,11.8,0.55,1.2,4.1,0.294,3.3,,0.8,7.8,0.522,7.7,15.9,0.484,1.4,1.7,0.822,76.0,74.0,34.3,2.8,2.5,18.0,66.0,0.7,1.6,10.5,6.8,12.4,0.55,1.3,4.3,0.294,3.5,,0.8,8.2,0.522,8.1,16.7,0.484,1.5,1.8,0.822,76.0,74.0,2610.0,2.9,2.6,18.9,20.0,0.7,1.7,11.0,9.4,17.2,0.55,1.8,6.0,0.294,4.9,,1.1,11.3,115.0,0.522,11.2,23.1,0.484,2.0,2.5,0.822,76.0,74.0,2610.0,4.0,114.0,3.6,26.2,20.0,1.0,2.3,15.3,0.258,15.2,,2.4,0.1,-0.7,25.8,2.8,0.107,76.0,74.0,2610.0,0.8,8.8,2.7,17.7,20.0,1.0,8.6,17.1,0.54,23.3,1.4,5.4,0.1,,19,124,3,59,76,74,19,48,623,2610,-6.3,-3.6,92,8,0,0,0,20,54,37,0.0,0.0,,0.294,0.054,12.1,31.0,0.031,0.484,0.645,0.477,0.404,0.55,0.552,0.294,76.0,74.0,2610.0,0.745,1.0,0.225,0.128,0.086,0.742,0.302,0.258,20.0,-59.7,-100.6,,76.0,74.0,101.0,65.0,80.0,95.0,102.0,105.0,44.0,93.0,2610.0,20.0,0.55,0.258,0.294,0.522,0.484,0.822,0.107,0.54,,,,,,,,,,,,,,,,,,,,,,,,,,,,,,,,,,,,,,,,,,,,,,,,,,,,,,,,,,,,,,,,,,,,,,,,,,,,,,,,,,,,,,,,,,,,,,,,,,,,,,,,,,,,,,,,,,,,,,,,,,,,,,,,,,,,,,,,,,,,,,,,,,,,,,,,,,,,,,,,,,,,,,,,,,,,,,,,,,,,,,,,,,,,,,,,,,,,,,,,,,,,,
goberru01,Rudy Gobert,https://www.basketball-reference.com/players/g/goberru01.html,2023-24,2024,31.0,MIN,C,C,5.0,C,76.0,76.0,2593.0,406.0,611.0,0.664,0.0,3.0,0.0,102.0,"DPOY-1,DEF1",162.0,697.0,0.661,406.0,614.0,0.661,249.0,390.0,0.638,285.0,238.0,1061.0,85.0,52.0,118.0,982.0,0.0,5.3,8.0,0.664,0.0,0.0,0.0,1.3,"DPOY-1,DEF1",2.1,9.2,0.661,5.3,8.1,0.661,3.3,5.1,0.638,76.0,76.0,34.1,3.8,3.1,14.0,106.0,0.7,1.6,12.9,5.6,8.5,0.664,0.0,0.0,0.0,1.4,"DPOY-1,DEF1",2.2,9.7,0.661,5.6,8.5,0.661,3.5,5.4,0.638,76.0,76.0,2593.0,4.0,3.3,14.7,22.0,0.7,1.6,13.6,7.7,11.6,0.664,0.0,0.1,0.0,1.9,"DPOY-1,DEF1",3.1,13.3,104.0,0.661,7.7,11.7,0.661,4.7,7.4,0.638,76.0,76.0,2593.0,5.4,131.0,4.5,20.2,22.0,1.0,2.2,18.7,0.005,5.6,"DPOY-1,DEF1",5.5,1.8,1.7,29.2,5.8,0.635,76.0,76.0,2593.0,0.1,13.1,5.8,19.3,22.0,1.0,13.1,21.5,0.675,15.4,2.5,11.6,0.216,"DPOY-1,DEF1",38,120,14,166,76,76,42,55,265,2593,5.2,8.4,100,0,0,0,0,22,32,30,1.0,0.0,"DPOY-1,DEF1",,0.0,2.7,248.0,0.441,0.661,0.755,0.222,0.375,0.664,0.4,0.0,76.0,76.0,2593.0,0.685,,0.757,0.029,0.013,0.995,0.195,0.005,22.0,140.9,149.7,"DPOY-1,DEF1",76.0,76.0,122.0,1.0,0.0,121.0,139.0,81.0,260.0,116.0,2593.0,22.0,0.664,0.005,0.0,0.661,0.661,0.638,0.635,0.675,,15.0,15.0,113.0,0.0,,113.0,130.0,86.0,311.0,112.0,512.0,20.0,0.615,0.0,,0.615,0.615,0.671,0.76,0.652,0.0,6.9,,2.8,1.1,2.1,24.7,0.7,0.76,15.0,15.0,512.0,-1.0,9.3,1.0,16.2,20.0,1.4,14.2,17.0,0.652,14.4,0.4,1.7,0.16,,5.0,24.0,0.0,39.0,15.0,15.0,10.0,13.0,58.0,512.0,16.0,9.9,100.0,0.0,0.0,0.0,0.0,20.0,8.0,9.0,6.5,10.6,0.615,0.0,0.0,,2.4,,1.5,10.9,110.0,0.615,6.5,10.6,0.615,5.4,8.1,0.671,15.0,15.0,512.0,4.1,127.0,5.6,18.5,20.0,1.4,2.3,15.0,4.5,7.3,0.615,0.0,0.0,,1.7,,1.1,7.5,0.615,4.5,7.3,0.615,3.7,5.6,0.671,15.0,15.0,512.0,2.8,3.9,12.7,20.0,1.0,1.6,10.3,4.3,6.9,0.615,0.0,0.0,,1.6,,1.0,7.1,0.615,4.3,6.9,0.615,3.5,5.3,0.671,15.0,15.0,34.1,2.7,3.7,12.1,60.0,0.9,1.5,9.8,0.0,0.0,,,,2.7,32.0,0.346,0.615,0.671,0.714,,0.615,0.333,,15.0,15.0,512.0,0.734,,0.76,0.067,0.0,1.0,0.173,0.0,20.0,64.0,104.0,0.615,0.0,0.0,,24.0,,15.0,107.0,0.615,64.0,104.0,0.615,53.0,79.0,0.671,15.0,15.0,512.0,40.0,55.0,181.0,32.0,14.0,23.0,147.0,0.0
allenja01,Jarrett Allen,https://www.basketball-reference.com/players/a/allenja01.html,2023-24,2024,25.0,CLE,C,C,6.0,C,77.0,77.0,2442.0,519.0,813.0,0.638,0.0,6.0,0.0,210.0,DPOY-10,81.0,568.0,0.634,519.0,819.0,0.634,233.0,314.0,0.742,243.0,147.0,1271.0,59.0,53.0,121.0,811.0,0.0,6.7,10.6,0.638,0.0,0.1,0.0,2.7,DPOY-10,1.1,7.4,0.634,6.7,10.6,0.634,3.0,4.1,0.742,77.0,77.0,31.7,3.2,1.9,16.5,79.0,0.7,1.6,10.5,7.7,12.0,0.638,0.0,0.1,0.0,3.1,DPOY-10,1.2,8.4,0.634,7.7,12.1,0.634,3.4,4.6,0.742,77.0,77.0,2442.0,3.6,2.2,18.7,36.0,0.8,1.8,12.0,10.5,16.4,0.638,0.0,0.1,0.0,4.2,DPOY-10,1.6,11.5,110.0,0.634,10.5,16.6,0.634,4.7,6.4,0.742,77.0,77.0,2442.0,4.9,131.0,3.0,25.7,36.0,1.1,2.4,16.4,0.007,13.2,DPOY-10,3.0,3.0,0.9,25.8,3.9,0.383,77.0,77.0,2442.0,2.1,11.3,6.8,21.8,36.0,1.1,11.2,18.7,0.664,19.4,3.1,10.7,0.21,DPOY-10,21,87,15,142,77,77,31,75,499,2442,6.1,5.0,100,1,0,0,0,36,67,28,0.0,0.0,DPOY-10,0.0,0.333,4.2,170.0,0.243,0.634,0.738,0.5,0.25,0.638,0.531,0.0,77.0,77.0,2442.0,0.823,,0.554,0.081,0.02,0.993,0.338,0.007,36.0,142.8,160.7,DPOY-10,77.0,77.0,117.0,2.0,0.0,116.0,134.0,95.0,157.0,114.0,2442.0,36.0,0.638,0.007,0.0,0.634,0.634,0.742,0.383,0.664,,4.0,4.0,124.0,0.0,,124.0,142.0,88.0,288.0,121.0,127.0,107.0,0.676,0.0,,0.676,0.676,0.692,0.703,0.702,0.0,6.8,,3.2,8.4,2.5,35.9,0.3,0.703,4.0,4.0,127.0,5.8,13.7,0.5,27.2,107.0,2.0,9.4,24.9,0.702,19.6,0.3,0.8,0.285,,1.0,1.0,0.0,10.0,4.0,4.0,2.0,3.0,11.0,127.0,2.6,-5.0,100.0,0.0,0.0,0.0,0.0,107.0,2.0,1.0,10.2,15.1,0.676,0.0,0.0,,2.0,,1.6,16.3,103.0,0.676,10.2,15.1,0.676,7.3,10.6,0.692,4.0,4.0,127.0,6.1,137.0,3.3,27.7,107.0,2.0,2.0,22.4,7.1,10.5,0.676,0.0,0.0,,1.4,,1.1,11.3,0.676,7.1,10.5,0.676,5.1,7.4,0.692,4.0,4.0,127.0,4.3,2.3,19.3,107.0,1.4,1.4,15.6,6.3,9.3,0.676,0.0,0.0,,1.3,,1.0,10.0,0.676,6.3,9.3,0.676,4.5,6.5,0.692,4.0,4.0,31.8,3.8,2.0,17.0,31.0,1.3,1.3,13.8,0.0,0.0,,,,4.0,10.0,0.297,0.676,0.75,0.0,0.0,0.676,0.778,,4.0,4.0,127.0,0.96,,0.649,0.054,0.054,1.0,0.243,0.0,107.0,25.0,37.0,0.676,0.0,0.0,,5.0,,4.0,40.0,0.676,25.0,37.0,0.676,18.0,26.0,0.692,4.0,4.0,127.0,15.0,8.0,68.0,77.0,5.0,5.0,55.0,0.0
adebaba01,Bam Adebayo,https://www.basketball-reference.com/players/a/adebaba01.html,2023-24,2024,26.0,MIA,C,C,7.0,C,71.0,71.0,2416.0,515.0,975.0,0.528,15.0,42.0,0.357,278.0,"DPOY-3,AS,DEF1",66.0,578.0,0.529,530.0,1017.0,0.521,292.0,387.0,0.755,159.0,159.0,1367.0,43.0,81.0,162.0,737.0,2.0,7.3,13.7,0.528,0.2,0.6,0.357,3.9,"DPOY-3,AS,DEF1",0.9,8.1,0.529,7.5,14.3,0.521,4.1,5.5,0.755,71.0,71.0,34.0,2.2,2.2,19.3,59.0,1.1,2.3,10.4,7.7,14.5,0.528,0.2,0.6,0.357,4.1,"DPOY-3,AS,DEF1",1.0,8.6,0.529,7.9,15.2,0.521,4.4,5.8,0.755,71.0,71.0,2416.0,2.4,2.4,20.4,39.0,1.2,2.4,11.0,10.6,20.1,0.528,0.3,0.9,0.357,5.7,"DPOY-3,AS,DEF1",1.4,11.9,109.0,0.529,10.9,21.0,0.521,6.0,8.0,0.755,71.0,71.0,2416.0,3.3,115.0,3.3,28.2,39.0,1.7,3.3,15.2,0.041,18.9,"DPOY-3,AS,DEF1",2.7,2.4,1.7,27.3,4.3,0.381,71.0,71.0,2416.0,0.8,7.4,2.9,19.8,39.0,1.7,12.0,17.3,0.576,24.9,2.7,7.2,0.144,"DPOY-3,AS,DEF1",32,81,6,179,71,71,35,46,678,2416,-3.1,0.8,100,0,0,0,0,39,63,44,0.0,0.0,"DPOY-3,AS,DEF1",0.429,0.167,8.5,134.0,0.148,0.521,0.727,0.406,0.386,0.528,0.515,0.357,71.0,71.0,2416.0,0.573,1.0,0.245,0.278,0.069,0.959,0.367,0.041,39.0,-36.7,-10.2,"DPOY-3,AS,DEF1",71.0,71.0,97.0,10.0,98.0,97.0,110.0,96.0,156.0,99.0,2416.0,39.0,0.528,0.041,0.357,0.529,0.521,0.755,0.381,0.576,,5.0,5.0,97.0,26.0,55.0,92.0,104.0,91.0,89.0,92.0,192.0,70.0,0.529,0.103,0.2,0.505,0.495,0.714,0.216,0.532,0.103,20.1,,0.0,2.1,0.4,22.7,0.1,0.216,5.0,5.0,192.0,1.7,6.5,0.1,18.2,70.0,0.6,7.0,14.4,0.532,29.1,0.2,0.2,0.047,,2.0,4.0,1.0,12.0,5.0,5.0,4.0,3.0,48.0,192.0,30.1,-10.1,100.0,0.0,0.0,0.0,0.0,70.0,3.0,3.0,12.7,24.0,0.529,0.6,2.8,0.2,5.2,,0.0,9.9,119.0,0.505,13.2,26.7,0.495,4.1,5.8,0.714,5.0,5.0,192.0,3.0,108.0,4.1,31.1,70.0,0.6,2.2,12.9,8.6,16.3,0.529,0.4,1.9,0.2,3.6,,0.0,6.8,0.505,9.0,18.2,0.495,2.8,3.9,0.714,5.0,5.0,192.0,2.1,2.8,21.2,70.0,0.4,1.5,8.8,9.2,17.4,0.529,0.4,2.0,0.2,3.8,,0.0,7.2,0.505,9.6,19.4,0.495,3.0,4.2,0.714,5.0,5.0,38.4,2.2,3.0,22.6,18.0,0.4,1.6,9.4,0.0,0.0,,,0.0,10.8,7.0,0.072,0.495,0.75,0.483,0.333,0.529,0.541,0.2,5.0,5.0,192.0,0.543,1.0,0.124,0.299,0.093,0.897,0.381,0.103,70.0,46.0,87.0,0.529,2.0,10.0,0.2,19.0,,0.0,36.0,0.505,48.0,97.0,0.495,15.0,21.0,0.714,5.0,5.0,192.0,11.0,15.0,113.0,53.0,2.0,8.0,47.0,0.0
holmgch01,Chet Holmgren,https://www.basketball-reference.com/players/h/holmgch01.html,2023-24,2024,21.0,OKC,C,C,8.0,C,82.0,82.0,2413.0,376.0,604.0,0.623,129.0,349.0,0.37,200.0,ROY-2,190.0,519.0,0.598,505.0,953.0,0.53,218.0,275.0,0.793,129.0,197.0,1357.0,44.0,53.0,131.0,648.0,0.0,4.6,7.4,0.623,1.6,4.3,0.37,2.4,ROY-2,2.3,6.3,0.598,6.2,11.6,0.53,2.7,3.4,0.793,82.0,82.0,29.4,1.6,2.4,16.5,80.0,0.6,1.6,7.9,5.6,9.0,0.623,1.9,5.2,0.37,3.0,ROY-2,2.8,7.7,0.598,7.5,14.2,0.53,3.3,4.1,0.793,82.0,82.0,2413.0,1.9,2.9,20.2,40.0,0.8,2.0,9.7,7.5,12.0,0.623,2.6,7.0,0.37,4.0,ROY-2,3.8,10.3,108.0,0.598,10.1,19.0,0.53,4.3,5.5,0.793,82.0,82.0,2413.0,2.6,122.0,3.9,27.0,40.0,1.1,2.6,12.9,0.366,11.6,ROY-2,7.3,3.4,1.5,23.1,4.4,0.289,82.0,82.0,2413.0,1.8,6.2,4.6,20.4,40.0,1.1,10.9,15.0,0.632,21.6,3.3,8.9,0.178,ROY-2,20,126,12,135,82,82,30,65,474,2413,2.2,8.8,100,0,0,0,0,40,39,59,2.0,0.0,ROY-2,0.324,0.106,12.8,137.0,0.156,0.53,0.77,0.461,0.343,0.623,0.535,0.37,82.0,82.0,2413.0,0.652,0.977,0.296,0.093,0.037,0.634,0.208,0.366,40.0,97.3,111.2,ROY-2,82.0,82.0,114.0,93.0,101.0,109.0,112.0,101.0,118.0,109.0,2413.0,40.0,0.623,0.366,0.37,0.598,0.53,0.793,0.289,0.632,,10.0,10.0,122.0,106.0,71.0,101.0,105.0,97.0,114.0,101.0,345.0,44.0,0.667,0.42,0.26,0.55,0.496,0.758,0.277,0.584,0.42,9.4,,6.8,2.1,2.5,17.9,0.8,0.277,10.0,10.0,345.0,-0.3,4.7,0.2,16.4,44.0,1.0,12.5,11.5,0.584,20.2,0.4,1.0,0.14,,0.0,18.0,3.0,13.0,10.0,10.0,3.0,8.0,53.0,345.0,14.1,9.8,100.0,0.0,0.0,0.0,0.0,44.0,6.0,11.0,6.8,10.2,0.667,1.9,7.4,0.26,3.1,,3.7,8.6,103.0,0.55,8.7,17.6,0.496,3.7,4.9,0.758,10.0,10.0,345.0,2.1,111.0,3.8,23.0,44.0,1.0,2.8,10.6,4.8,7.2,0.667,1.4,5.2,0.26,2.2,,2.6,6.1,0.55,6.2,12.4,0.496,2.6,3.4,0.758,10.0,10.0,345.0,1.5,2.7,16.3,44.0,0.7,2.0,7.5,4.6,6.9,0.667,1.3,5.0,0.26,2.1,,2.5,5.8,0.55,5.9,11.9,0.496,2.5,3.3,0.758,10.0,10.0,34.5,1.4,2.6,15.6,42.0,0.7,1.9,7.2,0.0,0.0,,0.286,0.14,13.6,19.0,0.202,0.496,0.821,0.636,0.5,0.667,0.333,0.26,10.0,10.0,345.0,0.717,1.0,0.328,0.092,0.034,0.58,0.126,0.42,44.0,46.0,69.0,0.667,13.0,50.0,0.26,21.0,,25.0,58.0,0.55,59.0,119.0,0.496,25.0,33.0,0.758,10.0,10.0,345.0,14.0,26.0,156.0,40.0,7.0,19.0,72.0,0.0
lopezbr01,Brook Lopez,https://www.basketball-reference.com/players/l/lopezbr01.html,2023-24,2024,35.0,MIL,C,C,9.0,C,79.0,79.0,2411.0,218.0,351.0,0.621,148.0,404.0,0.366,127.0,,189.0,292.0,0.583,366.0,755.0,0.485,110.0,134.0,0.821,117.0,191.0,990.0,98.0,43.0,79.0,409.0,0.0,2.8,4.4,0.621,1.9,5.1,0.366,1.6,,2.4,3.7,0.583,4.6,9.6,0.485,1.4,1.7,0.821,79.0,79.0,30.5,1.5,2.4,12.5,130.0,0.5,1.0,5.2,3.3,5.2,0.621,2.2,6.0,0.366,1.9,,2.8,4.4,0.583,5.5,11.3,0.485,1.6,2.0,0.821,79.0,79.0,2411.0,1.7,2.9,14.8,41.0,0.6,1.2,6.1,4.3,7.0,0.621,2.9,8.1,0.366,2.5,,3.8,5.8,114.0,0.583,7.3,15.0,0.485,2.2,2.7,0.821,79.0,79.0,2411.0,2.3,121.0,3.8,19.7,41.0,0.9,1.6,8.2,0.535,7.1,,6.7,1.0,0.8,13.0,2.8,0.177,79.0,79.0,2411.0,0.2,5.4,3.1,14.8,41.0,0.9,8.8,9.3,0.608,16.0,1.8,5.9,0.117,,32,113,3,66,79,79,20,22,306,2411,6.3,5.2,100,0,0,0,0,41,22,19,0.0,0.0,,0.404,0.141,16.6,42.0,0.058,0.485,0.786,0.431,0.571,0.621,0.413,0.366,79.0,79.0,2411.0,0.739,1.0,0.248,0.077,0.019,0.465,0.122,0.535,41.0,54.7,45.8,,79.0,79.0,114.0,136.0,100.0,107.0,102.0,105.0,73.0,105.0,2411.0,41.0,0.621,0.535,0.366,0.583,0.485,0.821,0.177,0.608,,6.0,6.0,120.0,78.0,119.0,120.0,124.0,68.0,82.0,112.0,200.0,67.0,0.654,0.307,0.435,0.653,0.587,0.533,0.2,0.65,0.307,8.9,,3.9,1.4,-0.2,8.4,0.0,0.2,6.0,6.0,200.0,1.6,6.2,0.4,18.2,67.0,0.0,9.9,7.3,0.65,20.8,0.2,0.4,0.106,,3.0,4.0,0.0,7.0,6.0,6.0,1.0,3.0,27.0,200.0,-19.9,-9.7,100.0,0.0,0.0,0.0,0.0,67.0,2.0,3.0,8.7,13.4,0.654,2.6,5.9,0.435,2.8,,2.1,3.9,122.0,0.653,11.3,19.3,0.587,2.1,3.9,0.533,6.0,6.0,200.0,2.8,123.0,2.6,27.3,67.0,0.0,2.3,6.7,6.1,9.4,0.654,1.8,4.1,0.435,2.0,,1.4,2.7,0.653,7.9,13.5,0.587,1.4,2.7,0.533,6.0,6.0,200.0,2.0,1.8,19.1,67.0,0.0,1.6,4.7,5.7,8.7,0.654,1.7,3.8,0.435,1.8,,1.3,2.5,0.653,7.3,12.5,0.587,1.3,2.5,0.533,6.0,6.0,33.3,1.8,1.7,17.7,30.0,0.0,1.5,4.3,0.0,0.0,,0.0,0.043,12.7,8.0,0.107,0.587,0.75,0.462,0.0,0.654,0.722,0.435,6.0,6.0,200.0,0.706,1.0,0.267,0.173,0.013,0.693,0.24,0.307,67.0,34.0,52.0,0.654,10.0,23.0,0.435,11.0,,8.0,15.0,0.653,44.0,75.0,0.587,8.0,15.0,0.533,6.0,6.0,200.0,11.0,10.0,106.0,60.0,0.0,9.0,26.0,0.0
jacksja02,Jaren Jackson Jr.,https://www.basketball-reference.com/players/j/jacksja02.html,2023-24,2024,24.0,MEM,C,C,10.0,C,66.0,66.0,2124.0,399.0,796.0,0.501,117.0,366.0,0.32,154.0,,106.0,280.0,0.494,516.0,1162.0,0.444,337.0,417.0,0.808,85.0,235.0,1486.0,31.0,80.0,160.0,365.0,0.0,6.0,12.1,0.501,1.8,5.5,0.32,2.3,,1.6,4.2,0.494,7.8,17.6,0.444,5.1,6.3,0.808,66.0,66.0,32.2,1.3,3.6,22.5,33.0,1.2,2.4,5.5,6.8,13.5,0.501,2.0,6.2,0.32,2.6,,1.8,4.7,0.494,8.7,19.7,0.444,5.7,7.1,0.808,66.0,66.0,2124.0,1.4,4.0,25.2,77.0,1.4,2.7,6.2,9.2,18.3,0.501,2.7,8.4,0.32,3.5,,2.4,6.4,113.0,0.494,11.9,26.7,0.444,7.8,9.6,0.808,66.0,66.0,2124.0,2.0,107.0,5.4,34.2,77.0,1.8,3.7,8.4,0.315,13.1,,4.7,0.4,0.4,15.0,2.8,0.359,66.0,66.0,2124.0,0.0,4.2,0.2,17.4,77.0,1.8,10.6,9.4,0.552,30.4,1.3,3.0,0.067,,46,108,31,196,66,66,50,122,406,2124,-2.0,-8.2,99,2,0,0,0,77,34,71,8.0,0.0,,0.309,0.15,11.9,34.0,0.034,0.444,0.63,0.455,0.333,0.501,0.439,0.32,66.0,66.0,2124.0,0.491,0.932,0.221,0.066,0.008,0.685,0.39,0.315,77.0,-121.1,-74.7,,66.0,66.0,92.0,80.0,87.0,90.0,94.0,103.0,147.0,95.0,2124.0,77.0,0.501,0.315,0.32,0.494,0.444,0.808,0.359,0.552,,,,,,,,,,,,,,,,,,,,,,,,,,,,,,,,,,,,,,,,,,,,,,,,,,,,,,,,,,,,,,,,,,,,,,,,,,,,,,,,,,,,,,,,,,,,,,,,,,,,,,,,,,,,,,,,,,,,,,,,,,,,,,,,,,,,,,,,,,,,,,,,,,,,,,,,,,,,,,,,,,,,,,,,,,,,,,,,,,,,,,,,,,,,,,,,,,,,,,,,,,,,,
claxtni01,Nic Claxton,https://www.basketball-reference.com/players/c/claxtni01.html,2023-24,2024,24.0,BRK,C,C,11.0,C,71.0,71.0,2116.0,365.0,577.0,0.633,1.0,5.0,0.2,147.0,,146.0,513.0,0.63,366.0,582.0,0.629,108.0,196.0,0.551,193.0,175.0,841.0,132.0,46.0,93.0,706.0,0.0,5.1,8.1,0.633,0.0,0.1,0.2,2.1,,2.1,7.2,0.63,5.2,8.2,0.629,1.5,2.8,0.551,71.0,71.0,29.8,2.7,2.5,11.8,142.0,0.6,1.3,9.9,6.2,9.8,0.633,0.0,0.1,0.2,2.5,,2.5,8.7,0.63,6.2,9.9,0.629,1.8,3.3,0.551,71.0,71.0,2116.0,3.3,3.0,14.3,79.0,0.8,1.6,12.0,8.5,13.5,0.633,0.0,0.1,0.2,3.4,,3.4,12.0,111.0,0.63,8.6,13.6,0.629,2.5,4.6,0.551,71.0,71.0,2116.0,4.5,124.0,4.1,19.7,79.0,1.1,2.2,16.5,0.009,10.4,,6.2,1.2,1.5,27.3,3.2,0.337,71.0,71.0,2116.0,-0.3,9.7,3.5,18.7,79.0,1.1,12.2,18.2,0.629,15.6,1.7,6.7,0.152,,31,75,13,89,71,71,24,41,349,2116,-5.7,-5.7,100,0,0,0,0,79,23,25,0.0,0.0,,0.25,0.8,3.6,172.0,0.328,0.629,0.769,0.345,0.6,0.633,0.434,0.2,71.0,71.0,2116.0,0.729,1.0,0.596,0.05,0.009,0.991,0.337,0.009,79.0,96.8,65.9,,71.0,71.0,116.0,2.0,55.0,115.0,133.0,70.0,138.0,108.0,2116.0,79.0,0.633,0.009,0.2,0.63,0.629,0.551,0.337,0.629,,,,,,,,,,,,,,,,,,,,,,,,,,,,,,,,,,,,,,,,,,,,,,,,,,,,,,,,,,,,,,,,,,,,,,,,,,,,,,,,,,,,,,,,,,,,,,,,,,,,,,,,,,,,,,,,,,,,,,,,,,,,,,,,,,,,,,,,,,,,,,,,,,,,,,,,,,,,,,,,,,,,,,,,,,,,,,,,,,,,,,,,,,,,,,,,,,,,,,,,,,,,,
wembavi01,Victor Wembanyama,https://www.basketball-reference.com/players/w/wembavi01.html,2023-24,2024,20.0,SAS,C,C,12.0,C,71.0,71.0,2106.0,423.0,792.0,0.534,128.0,394.0,0.325,274.0,"ROY-1,DPOY-2,DEF1",254.0,594.0,0.519,551.0,1186.0,0.465,292.0,367.0,0.796,161.0,153.0,1522.0,28.0,88.0,260.0,755.0,2.0,6.0,11.2,0.534,1.8,5.5,0.325,3.9,"ROY-1,DPOY-2,DEF1",3.6,8.4,0.519,7.8,16.7,0.465,4.1,5.2,0.796,71.0,71.0,29.7,2.3,2.2,21.4,39.0,1.2,3.7,10.6,7.2,13.5,0.534,2.2,6.7,0.325,4.7,"ROY-1,DPOY-2,DEF1",4.3,10.2,0.519,9.4,20.3,0.465,5.0,6.3,0.796,71.0,71.0,2106.0,2.8,2.6,26.0,82.0,1.5,4.4,12.9,9.5,17.9,0.534,2.9,8.9,0.325,6.2,"ROY-1,DPOY-2,DEF1",5.7,13.4,106.0,0.519,12.4,26.7,0.465,6.6,8.3,0.796,71.0,71.0,2106.0,3.6,104.0,3.4,34.3,82.0,2.0,5.9,17.0,0.332,21.5,"ROY-1,DPOY-2,DEF1",10.0,5.2,3.3,30.7,4.4,0.309,71.0,71.0,2106.0,1.9,8.2,-0.7,23.1,82.0,2.0,16.2,19.4,0.565,32.2,3.8,3.7,0.085,"ROY-1,DPOY-2,DEF1",17,90,17,173,71,71,45,27,620,2106,7.0,-3.1,100,0,0,0,0,82,123,90,1.0,0.0,"ROY-1,DPOY-2,DEF1",0.545,0.056,13.0,165.0,0.158,0.465,0.706,0.321,0.33,0.534,0.463,0.325,71.0,71.0,2106.0,0.728,0.797,0.293,0.089,0.082,0.668,0.204,0.332,82.0,-66.4,-41.0,"ROY-1,DPOY-2,DEF1",71.0,71.0,98.0,84.0,89.0,95.0,98.0,101.0,127.0,97.0,2106.0,82.0,0.534,0.332,0.325,0.519,0.465,0.796,0.309,0.565,,,,,,,,,,,,,,,,,,,,,,,,,,,,,,,,,,,,,,,,,,,,,,,,,,,,,,,,,,,,,,,,,,,,,,,,,,,,,,,,,,,,,,,,,,,,,,,,,,,,,,,,,,,,,,,,,,,,,,,,,,,,,,,,,,,,,,,,,,,,,,,,,,,,,,,,,,,,,,,,,,,,,,,,,,,,,,,,,,,,,,,,,,,,,,,,,,,,,,,,,,,,,
nurkiju01,Jusuf Nurkić,https://www.basketball-reference.com/players/n/nurkiju01.html,2023-24,2024,29.0,PHO,C,C,13.0,C,76.0,76.0,2078.0,298.0,537.0,0.555,22.0,90.0,0.244,301.0,,80.0,613.0,0.528,320.0,627.0,0.51,167.0,261.0,0.64,224.0,254.0,829.0,137.0,81.0,175.0,837.0,0.0,3.9,7.1,0.555,0.3,1.2,0.244,4.0,,1.1,8.1,0.528,4.2,8.3,0.51,2.2,3.4,0.64,76.0,76.0,27.3,2.9,3.3,10.9,161.0,1.1,2.3,11.0,5.2,9.3,0.555,0.4,1.6,0.244,5.2,,1.4,10.6,0.528,5.5,10.9,0.51,2.9,4.5,0.64,76.0,76.0,2078.0,3.9,4.4,14.4,86.0,1.4,3.0,14.5,7.0,12.6,0.555,0.5,2.1,0.244,7.1,,1.9,14.4,108.0,0.528,7.5,14.7,0.51,3.9,6.1,0.64,76.0,76.0,2078.0,5.3,114.0,6.0,19.5,86.0,1.9,4.1,19.7,0.144,19.9,,3.4,1.1,2.1,31.7,3.8,0.416,76.0,76.0,2078.0,-1.0,12.8,2.0,17.4,86.0,1.9,19.1,22.8,0.559,19.1,1.6,5.8,0.133,,42,126,1,120,76,76,27,58,690,2078,12.8,9.3,100,0,0,0,0,86,76,47,0.0,0.0,,0.111,0.1,6.5,56.0,0.104,0.51,0.63,0.526,0.286,0.555,0.446,0.244,76.0,76.0,2078.0,0.651,1.0,0.504,0.03,0.011,0.856,0.311,0.144,86.0,-23.4,-31.5,,76.0,76.0,102.0,36.0,67.0,97.0,108.0,82.0,170.0,96.0,2078.0,86.0,0.555,0.144,0.244,0.528,0.51,0.64,0.416,0.559,,4.0,4.0,99.0,19.0,0.0,91.0,105.0,58.0,173.0,87.0,104.0,123.0,0.542,0.077,0.0,0.5,0.5,0.455,0.423,0.503,0.077,17.4,,5.3,1.7,1.7,23.7,0.1,0.423,4.0,4.0,104.0,0.1,15.1,0.1,16.7,123.0,3.0,16.3,19.3,0.503,16.6,0.1,0.1,0.056,,0.0,10.0,0.0,5.0,4.0,4.0,1.0,0.0,24.0,104.0,-2.9,-17.6,100.0,0.0,0.0,0.0,0.0,123.0,5.0,1.0,6.4,11.8,0.542,0.0,1.0,0.0,5.4,,3.0,9.9,118.0,0.5,6.4,12.8,0.5,2.5,5.4,0.455,4.0,4.0,104.0,6.4,110.0,7.4,15.3,123.0,3.0,3.0,16.3,4.5,8.3,0.542,0.0,0.7,0.0,3.8,,2.1,6.9,0.5,4.5,9.0,0.5,1.7,3.8,0.455,4.0,4.0,104.0,4.5,5.2,10.7,123.0,2.1,2.1,11.4,3.3,6.0,0.542,0.0,0.5,0.0,2.8,,1.5,5.0,0.5,3.3,6.5,0.5,1.3,2.8,0.455,4.0,4.0,26.0,3.3,3.8,7.8,89.0,1.5,1.5,8.3,0.0,0.0,,,0.0,5.5,3.0,0.115,0.5,0.733,0.0,0.0,0.542,0.286,0.0,4.0,4.0,104.0,0.923,,0.577,0.038,0.038,0.923,0.269,0.077,123.0,13.0,24.0,0.542,0.0,2.0,0.0,11.0,,6.0,20.0,0.5,13.0,26.0,0.5,5.0,11.0,0.455,4.0,4.0,104.0,13.0,15.0,31.0,120.0,6.0,6.0,33.0,0.0
turnemy01,Myles Turner,https://www.basketball-reference.com/players/t/turnemy01.html,2023-24,2024,27.0,IND,C,C,14.0,C,77.0,77.0,2076.0,360.0,585.0,0.615,116.0,324.0,0.358,100.0,,144.0,420.0,0.587,476.0,909.0,0.524,245.0,317.0,0.773,113.0,232.0,1313.0,55.0,39.0,109.0,533.0,0.0,4.7,7.6,0.615,1.5,4.2,0.358,1.3,,1.9,5.5,0.587,6.2,11.8,0.524,3.2,4.1,0.773,77.0,77.0,27.0,1.5,3.0,17.1,73.0,0.5,1.4,6.9,6.2,10.1,0.615,2.0,5.6,0.358,1.7,,2.5,7.3,0.587,8.3,15.8,0.524,4.2,5.5,0.773,77.0,77.0,2076.0,2.0,4.0,22.8,87.0,0.7,1.9,9.2,8.2,13.3,0.615,2.6,7.4,0.358,2.3,,3.3,9.5,115.0,0.587,10.8,20.7,0.524,5.6,7.2,0.773,77.0,77.0,2076.0,2.6,120.0,5.3,29.8,87.0,0.9,2.5,12.1,0.356,6.4,,5.5,0.9,-0.1,22.9,2.2,0.349,77.0,77.0,2076.0,1.0,6.2,3.6,19.3,87.0,0.9,9.4,14.5,0.626,23.4,1.5,5.8,0.134,,43,133,10,165,77,77,45,42,233,2076,3.5,4.7,100,0,0,0,0,87,21,34,1.0,0.0,,0.317,0.127,13.2,66.0,0.077,0.524,0.761,0.568,0.618,0.615,0.487,0.358,77.0,77.0,2076.0,0.8,0.991,0.249,0.081,0.061,0.644,0.253,0.356,87.0,74.4,96.8,,77.0,77.0,113.0,90.0,98.0,107.0,110.0,99.0,143.0,108.0,2076.0,87.0,0.615,0.356,0.358,0.587,0.524,0.773,0.349,0.626,,17.0,17.0,103.0,106.0,124.0,112.0,109.0,97.0,100.0,110.0,550.0,14.0,0.563,0.42,0.453,0.612,0.517,0.76,0.244,0.637,0.42,9.0,,4.2,1.8,0.0,18.2,0.3,0.244,17.0,17.0,550.0,1.8,5.7,0.9,17.5,14.0,0.7,12.7,12.1,0.637,21.4,0.5,1.2,0.104,,10.0,19.0,1.0,24.0,17.0,17.0,5.0,8.0,88.0,550.0,6.5,3.2,100.0,0.0,0.0,0.0,0.0,14.0,11.0,9.0,6.2,11.1,0.563,3.6,8.0,0.453,3.4,,2.3,8.1,118.0,0.612,9.9,19.1,0.517,3.5,4.7,0.76,17.0,17.0,550.0,2.4,118.0,4.1,26.9,14.0,0.7,3.1,10.5,4.4,7.8,0.563,2.6,5.6,0.453,2.4,,1.6,5.7,0.612,6.9,13.4,0.517,2.5,3.3,0.76,17.0,17.0,550.0,1.7,2.9,18.9,14.0,0.5,2.2,7.4,3.9,7.0,0.563,2.3,5.1,0.453,2.1,,1.5,5.1,0.612,6.2,12.1,0.517,2.2,2.9,0.76,17.0,17.0,32.4,1.5,2.6,17.0,32.0,0.5,1.9,6.6,0.0,0.0,,0.615,0.151,15.2,17.0,0.098,0.517,0.64,0.545,0.278,0.563,0.621,0.453,17.0,17.0,550.0,0.761,0.974,0.244,0.107,0.088,0.58,0.141,0.42,14.0,67.0,119.0,0.563,39.0,86.0,0.453,36.0,,25.0,87.0,0.612,106.0,205.0,0.517,38.0,50.0,0.76,17.0,17.0,550.0,26.0,44.0,289.0,13.0,8.0,33.0,113.0,0.0
sengual01,Alperen Şengün,https://www.basketball-reference.com/players/s/sengual01.html,2023-24,2024,21.0,HOU,C,C,15.0,C,63.0,63.0,2046.0,494.0,871.0,0.567,33.0,111.0,0.297,312.0,,46.0,406.0,0.553,527.0,982.0,0.537,244.0,352.0,0.693,183.0,211.0,1331.0,52.0,76.0,162.0,589.0,2.0,7.8,13.8,0.567,0.5,1.8,0.297,5.0,,0.7,6.4,0.553,8.4,15.6,0.537,3.9,5.6,0.693,63.0,63.0,32.5,2.9,3.3,21.1,41.0,1.2,2.6,9.3,8.7,15.3,0.567,0.6,2.0,0.297,5.5,,0.8,7.1,0.553,9.3,17.3,0.537,4.3,6.2,0.693,63.0,63.0,2046.0,3.2,3.7,23.4,94.0,1.3,2.9,10.4,11.7,20.6,0.567,0.8,2.6,0.297,7.4,,1.1,9.6,111.0,0.553,12.5,23.3,0.537,5.8,8.3,0.693,63.0,63.0,2046.0,4.3,118.0,5.0,31.6,94.0,1.8,3.8,14.0,0.113,25.2,,2.1,4.9,1.7,21.5,3.1,0.358,63.0,63.0,2046.0,3.1,9.5,3.8,22.0,94.0,1.8,12.5,15.4,0.585,27.0,3.5,6.9,0.163,,20,118,22,158,63,63,40,75,759,2046,-1.7,0.4,100,0,0,0,0,94,60,59,2.0,0.0,,0.0,0.018,7.9,64.0,0.075,0.537,0.69,0.513,0.385,0.567,0.496,0.297,63.0,63.0,2046.0,0.626,1.0,0.338,0.115,0.04,0.887,0.394,0.113,94.0,13.6,12.2,,63.0,63.0,104.0,29.0,81.0,101.0,113.0,88.0,147.0,101.0,2046.0,94.0,0.567,0.113,0.297,0.553,0.537,0.693,0.358,0.585,,,,,,,,,,,,,,,,,,,,,,,,,,,,,,,,,,,,,,,,,,,,,,,,,,,,,,,,,,,,,,,,,,,,,,,,,,,,,,,,,,,,,,,,,,,,,,,,,,,,,,,,,,,,,,,,,,,,,,,,,,,,,,,,,,,,,,,,,,,,,,,,,,,,,,,,,,,,,,,,,,,,,,,,,,,,,,,,,,,,,,,,,,,,,,,,,,,,,,,,,,,,,
valanjo01,Jonas Valančiūnas,https://www.basketball-reference.com/players/v/valanjo01.html,2023-24,2024,31.0,NOP,C,C,16.0,C,82.0,82.0,1925.0,365.0,599.0,0.609,37.0,120.0,0.308,173.0,,68.0,535.0,0.585,402.0,719.0,0.559,161.0,205.0,0.785,186.0,218.0,1002.0,95.0,32.0,111.0,721.0,0.0,4.5,7.3,0.609,0.5,1.5,0.308,2.1,,0.8,6.5,0.585,4.9,8.8,0.559,2.0,2.5,0.785,82.0,82.0,23.5,2.3,2.7,12.2,138.0,0.4,1.4,8.8,6.8,11.2,0.609,0.7,2.2,0.308,3.2,,1.3,10.0,0.585,7.5,13.4,0.559,3.0,3.8,0.785,82.0,82.0,1925.0,3.5,4.1,18.7,118.0,0.6,2.1,13.5,9.3,15.3,0.609,0.9,3.1,0.308,4.4,,1.7,13.6,110.0,0.585,10.2,18.3,0.559,4.1,5.2,0.785,82.0,82.0,1925.0,4.7,123.0,5.6,25.5,118.0,0.8,2.8,18.4,0.167,13.3,,3.5,1.2,0.5,30.6,3.1,0.285,82.0,82.0,1925.0,0.7,10.9,3.9,19.8,118.0,0.8,12.1,20.9,0.619,20.8,1.6,7.1,0.177,,41,116,2,100,82,82,17,47,403,1925,-1.0,4.2,100,0,0,0,0,118,30,22,0.0,0.0,,0.167,0.2,8.9,54.0,0.083,0.559,0.729,0.542,0.486,0.609,0.526,0.308,82.0,82.0,1925.0,0.619,1.0,0.344,0.115,0.051,0.833,0.323,0.167,118.0,55.1,63.3,,82.0,82.0,112.0,42.0,84.0,107.0,118.0,100.0,117.0,107.0,1925.0,118.0,0.609,0.167,0.308,0.585,0.559,0.785,0.285,0.619,,4.0,4.0,98.0,6.0,0.0,96.0,110.0,105.0,166.0,101.0,90.0,127.0,0.537,0.024,0.0,0.524,0.524,0.824,0.405,0.586,0.024,12.3,,0.0,3.2,-0.2,34.0,0.1,0.405,4.0,4.0,90.0,3.4,20.1,0.1,23.6,127.0,1.1,16.8,26.5,0.586,29.0,0.1,0.2,0.107,,5.0,2.0,0.0,8.0,4.0,4.0,0.0,2.0,13.0,90.0,-0.6,-17.9,100.0,0.0,0.0,0.0,0.0,127.0,1.0,3.0,12.4,23.2,0.537,0.0,0.6,0.0,2.8,,0.0,14.7,111.0,0.524,12.4,23.8,0.524,7.9,9.6,0.824,4.0,4.0,90.0,10.2,110.0,5.1,32.8,127.0,1.1,5.7,24.9,8.8,16.4,0.537,0.0,0.4,0.0,2.0,,0.0,10.4,0.524,8.8,16.8,0.524,5.6,6.8,0.824,4.0,4.0,90.0,7.2,3.6,23.2,127.0,0.8,4.0,17.6,5.5,10.3,0.537,0.0,0.3,0.0,1.3,,0.0,6.5,0.524,5.5,10.5,0.524,3.5,4.3,0.824,4.0,4.0,22.5,4.5,2.3,14.5,48.0,0.5,2.5,11.0,0.0,0.0,,,0.0,5.0,1.0,0.024,0.524,0.5,0.333,1.0,0.537,0.556,0.0,4.0,4.0,90.0,0.545,,0.429,0.071,0.048,0.976,0.429,0.024,127.0,22.0,41.0,0.537,0.0,1.0,0.0,5.0,,0.0,26.0,0.524,22.0,42.0,0.524,14.0,17.0,0.824,4.0,4.0,90.0,18.0,9.0,58.0,86.0,2.0,10.0,44.0,0.0
harteis01,Isaiah Hartenstein,https://www.basketball-reference.com/players/h/harteis01.html,2023-24,2024,25.0,NYK,C,C,17.0,C,75.0,49.0,1896.0,234.0,362.0,0.646,1.0,3.0,0.333,188.0,,85.0,382.0,0.645,235.0,365.0,0.644,111.0,157.0,0.707,244.0,210.0,582.0,189.0,87.0,93.0,626.0,0.0,3.1,4.8,0.646,0.0,0.0,0.333,2.5,,1.1,5.1,0.645,3.1,4.9,0.644,1.5,2.1,0.707,75.0,49.0,25.3,3.3,2.8,7.8,233.0,1.2,1.2,8.3,4.4,6.9,0.646,0.0,0.1,0.333,3.6,,1.6,7.3,0.645,4.5,6.9,0.644,2.1,3.0,0.707,75.0,49.0,1896.0,4.6,4.0,11.1,124.0,1.7,1.8,11.9,6.2,9.6,0.646,0.0,0.1,0.333,5.0,,2.3,10.2,108.0,0.645,6.2,9.7,0.644,3.0,4.2,0.707,75.0,49.0,1896.0,6.5,136.0,5.6,15.5,124.0,2.3,2.5,16.6,0.008,13.5,,4.2,3.5,2.8,22.7,3.5,0.43,75.0,49.0,1896.0,0.7,14.4,4.6,18.9,124.0,2.3,17.6,18.5,0.67,12.0,2.6,8.1,0.204,,22,111,3,79,75,49,29,29,446,1896,11.0,10.4,100,0,0,0,0,124,54,12,0.0,0.0,,,0.0,3.5,86.0,0.258,0.644,0.709,0.387,1.0,0.646,0.568,0.333,75.0,49.0,1896.0,0.654,1.0,0.641,0.085,0.005,0.992,0.26,0.008,124.0,72.0,78.5,,75.0,49.0,119.0,2.0,91.0,118.0,136.0,90.0,176.0,116.0,1896.0,124.0,0.646,0.008,0.333,0.645,0.644,0.707,0.43,0.67,,13.0,13.0,109.0,7.0,137.0,110.0,125.0,110.0,118.0,111.0,388.0,35.0,0.595,0.026,0.5,0.599,0.592,0.864,0.289,0.642,0.026,16.8,,2.8,1.3,1.4,16.7,0.0,0.289,13.0,13.0,388.0,-0.1,14.2,1.0,16.4,35.0,0.5,18.2,15.4,0.642,11.9,0.3,1.0,0.126,,3.0,28.0,2.0,9.0,13.0,13.0,0.0,5.0,109.0,388.0,-19.9,-9.5,100.0,0.0,0.0,0.0,0.0,35.0,12.0,3.0,5.9,10.0,0.595,0.1,0.3,0.5,6.2,,1.6,7.1,122.0,0.599,6.1,10.2,0.592,2.6,3.0,0.864,13.0,13.0,388.0,6.6,135.0,5.5,14.8,35.0,0.5,2.6,13.7,4.1,6.9,0.595,0.1,0.2,0.5,4.3,,1.1,4.9,0.599,4.2,7.1,0.592,1.8,2.0,0.864,13.0,13.0,388.0,4.5,3.8,10.2,35.0,0.4,1.8,9.5,3.4,5.7,0.595,0.1,0.2,0.5,3.5,,0.9,4.1,0.599,3.5,5.8,0.592,1.5,1.7,0.864,13.0,13.0,29.8,3.8,3.2,8.5,82.0,0.3,1.5,7.8,2.0,1.0,,,0.0,7.5,12.0,0.211,0.592,0.6,0.529,0.75,0.595,0.609,0.5,13.0,13.0,388.0,0.773,1.0,0.395,0.224,0.053,0.974,0.303,0.026,35.0,44.0,74.0,0.595,1.0,2.0,0.5,46.0,,12.0,53.0,0.599,45.0,76.0,0.592,19.0,22.0,0.864,13.0,13.0,388.0,49.0,41.0,110.0,56.0,4.0,19.0,102.0,0.0
capelca01,Clint Capela,https://www.basketball-reference.com/players/c/capelca01.html,2023-24,2024,29.0,ATL,C,C,18.0,C,73.0,73.0,1883.0,353.0,617.0,0.572,0.0,1.0,0.0,91.0,,106.0,441.0,0.571,353.0,618.0,0.571,130.0,206.0,0.631,335.0,164.0,836.0,135.0,43.0,74.0,776.0,0.0,4.8,8.5,0.572,0.0,0.0,0.0,1.2,,1.5,6.0,0.571,4.8,8.5,0.571,1.8,2.8,0.631,73.0,73.0,25.8,4.6,2.2,11.5,147.0,0.6,1.0,10.6,6.7,11.8,0.572,0.0,0.0,0.0,1.7,,2.0,8.4,0.571,6.7,11.8,0.571,2.5,3.9,0.631,73.0,73.0,1883.0,6.4,3.1,16.0,128.0,0.8,1.4,14.8,9.0,15.7,0.572,0.0,0.0,0.0,2.3,,2.7,11.2,115.0,0.571,9.0,15.7,0.571,3.3,5.2,0.631,73.0,73.0,1883.0,8.5,128.0,4.2,21.3,128.0,1.1,1.9,19.8,0.002,6.9,,5.1,0.1,-1.0,26.5,1.9,0.333,73.0,73.0,1883.0,1.0,18.7,4.4,20.7,128.0,1.1,9.5,22.4,0.59,17.3,1.0,6.3,0.161,,16,86,17,108,73,73,22,69,227,1883,3.1,-0.6,100,0,0,0,0,128,24,23,1.0,0.0,,,0.0,2.5,144.0,0.252,0.571,0.636,0.429,0.0,0.572,0.433,0.0,73.0,73.0,1883.0,0.68,,0.693,0.011,0.003,0.998,0.291,0.002,128.0,30.5,14.0,,73.0,73.0,105.0,0.0,0.0,105.0,120.0,80.0,136.0,102.0,1883.0,128.0,0.572,0.002,0.0,0.571,0.571,0.631,0.333,0.59,,,,,,,,,,,,,,,,,,,,,,,,,,,,,,,,,,,,,,,,,,,,,,,,,,,,,,,,,,,,,,,,,,,,,,,,,,,,,,,,,,,,,,,,,,,,,,,,,,,,,,,,,,,,,,,,,,,,,,,,,,,,,,,,,,,,,,,,,,,,,,,,,,,,,,,,,,,,,,,,,,,,,,,,,,,,,,,,,,,,,,,,,,,,,,,,,,,,,,,,,,,,,
gaffoda01,Daniel Gafford,https://www.basketball-reference.com/players/g/gaffoda01.html,2023-24,2024,25.0,2TM,C,C,19.0,C,74.0,66.0,1815.0,348.0,480.0,0.725,0.0,0.0,,115.0,,153.0,367.0,0.725,348.0,480.0,0.725,118.0,175.0,0.674,195.0,227.0,814.0,139.0,65.0,74.0,562.0,0.0,4.7,6.5,0.725,0.0,0.0,,1.6,,2.1,5.0,0.725,4.7,6.5,0.725,1.6,2.4,0.674,74.0,66.0,24.5,2.6,3.1,11.0,155.0,0.9,1.0,7.6,6.9,9.5,0.725,0.0,0.0,,2.3,,3.0,7.3,0.725,6.9,9.5,0.725,2.3,3.5,0.674,74.0,66.0,1815.0,3.9,4.5,16.1,141.0,1.3,1.5,11.1,9.0,12.5,0.725,0.0,0.0,,3.0,,4.0,9.5,112.0,0.725,9.0,12.5,0.725,3.1,4.5,0.674,74.0,66.0,1815.0,5.1,140.0,5.9,21.2,141.0,1.7,1.9,14.6,0.0,9.1,,7.1,2.6,1.9,22.1,2.5,0.365,74.0,66.0,1815.0,0.7,11.4,5.2,21.7,141.0,1.7,11.7,16.7,0.731,14.7,2.1,7.8,0.205,,22,159,16,88,74,66,20,34,254,1815,3.3,-2.8,96,4,0,0,0,141,25,21,0.0,0.0,,,,2.7,177.0,0.392,0.725,0.813,0.385,0.5,0.725,0.566,,74.0,66.0,1815.0,0.761,,0.667,0.027,0.004,1.0,0.302,0.0,141.0,171.3,167.9,,74.0,66.0,133.0,0.0,,133.0,153.0,86.0,149.0,126.0,1815.0,141.0,0.725,0.0,,0.725,0.725,0.674,0.365,0.731,,22.0,22.0,116.0,0.0,,116.0,134.0,80.0,216.0,112.0,445.0,26.0,0.634,0.0,,0.634,0.634,0.631,0.528,0.65,0.0,5.3,,7.1,2.7,1.2,20.4,0.7,0.528,22.0,22.0,445.0,1.5,10.9,1.0,20.4,26.0,0.7,11.1,15.7,0.65,17.4,0.5,1.7,0.187,,7.0,17.0,1.0,33.0,22.0,22.0,5.0,10.0,37.0,445.0,-13.8,-4.4,91.0,10.0,0.0,0.0,0.0,26.0,4.0,7.0,9.1,14.4,0.634,0.0,0.0,,1.8,,3.9,9.3,109.0,0.634,9.1,14.4,0.634,4.8,7.6,0.631,22.0,22.0,445.0,4.9,128.0,4.4,23.0,26.0,0.7,2.2,14.2,6.3,10.0,0.634,0.0,0.0,,1.2,,2.7,6.5,0.634,6.3,10.0,0.634,3.3,5.3,0.631,22.0,22.0,445.0,3.4,3.1,15.9,26.0,0.5,1.5,9.9,3.5,5.6,0.634,0.0,0.0,,0.7,,1.5,3.6,0.634,3.5,5.6,0.634,1.9,3.0,0.631,22.0,22.0,20.2,1.9,1.7,9.0,77.0,0.3,0.9,5.5,0.0,0.0,,,,2.7,46.0,0.415,0.634,0.725,0.333,0.0,0.634,0.407,,22.0,22.0,445.0,0.821,,0.74,0.024,0.016,1.0,0.22,0.0,26.0,78.0,123.0,0.634,0.0,0.0,,15.0,,33.0,80.0,0.634,78.0,123.0,0.634,41.0,65.0,0.631,22.0,22.0,445.0,42.0,38.0,197.0,23.0,6.0,19.0,122.0,0.0
zubaciv01,Ivica Zubac,https://www.basketball-reference.com/players/z/zubaciv01.html,2023-24,2024,26.0,LAC,C,C,20.0,C,68.0,68.0,1794.0,337.0,519.0,0.649,0.0,0.0,,93.0,,83.0,430.0,0.649,337.0,519.0,0.649,120.0,166.0,0.723,196.0,180.0,794.0,141.0,22.0,79.0,626.0,0.0,5.0,7.6,0.649,0.0,0.0,,1.4,,1.2,6.3,0.649,5.0,7.6,0.649,1.8,2.4,0.723,68.0,68.0,26.4,2.9,2.6,11.7,144.0,0.3,1.2,9.2,6.8,10.4,0.649,0.0,0.0,,1.9,,1.7,8.6,0.649,6.8,10.4,0.649,2.4,3.3,0.723,68.0,68.0,1794.0,3.9,3.6,15.9,142.0,0.4,1.6,12.6,9.3,14.3,0.649,0.0,0.0,,2.6,,2.3,11.8,113.0,0.649,9.3,14.3,0.649,3.3,4.6,0.723,68.0,68.0,1794.0,5.4,132.0,5.0,21.9,142.0,0.6,2.2,17.2,0.0,7.5,,4.2,0.8,0.0,26.2,2.3,0.32,68.0,68.0,1794.0,0.8,12.8,4.5,19.3,142.0,0.6,11.8,19.7,0.671,16.4,1.3,6.8,0.182,,24,129,3,78,68,68,10,40,227,1794,2.1,4.8,100,0,0,0,0,142,30,18,0.0,0.0,,,,3.7,112.0,0.245,0.649,0.711,0.476,,0.649,0.599,,68.0,68.0,1794.0,0.772,,0.493,0.04,0.0,1.0,0.466,0.0,142.0,106.7,107.2,,68.0,68.0,119.0,0.0,,119.0,137.0,92.0,131.0,116.0,1794.0,142.0,0.649,0.0,,0.649,0.649,0.723,0.32,0.671,,6.0,6.0,110.0,0.0,,110.0,126.0,83.0,117.0,106.0,192.0,69.0,0.6,0.0,,0.6,0.6,0.65,0.286,0.615,0.0,6.0,,1.6,1.4,0.3,22.2,0.2,0.286,6.0,6.0,192.0,1.2,10.8,0.4,19.6,69.0,1.4,9.2,16.6,0.615,20.6,0.2,0.6,0.141,,4.0,13.0,0.0,11.0,6.0,6.0,3.0,5.0,14.0,192.0,13.6,-3.1,100.0,0.0,0.0,0.0,0.0,69.0,4.0,0.0,11.5,19.2,0.6,0.0,0.0,,1.6,,0.8,10.4,115.0,0.6,11.5,19.2,0.6,3.6,5.5,0.65,6.0,6.0,192.0,4.9,122.0,5.8,26.7,69.0,1.4,2.2,15.4,7.9,13.1,0.6,0.0,0.0,,1.1,,0.6,7.1,0.6,7.9,13.1,0.6,2.4,3.7,0.65,6.0,6.0,192.0,3.4,3.9,18.2,69.0,0.9,1.5,10.5,7.0,11.7,0.6,0.0,0.0,,1.0,,0.5,6.3,0.6,7.0,11.7,0.6,2.2,3.3,0.65,6.0,6.0,32.0,3.0,3.5,16.2,38.0,0.8,1.3,9.3,0.0,0.0,,,,4.0,10.0,0.186,0.6,0.69,0.0,0.0,0.6,0.579,,6.0,6.0,192.0,0.69,,0.414,0.014,0.029,1.0,0.543,0.0,69.0,42.0,70.0,0.6,0.0,0.0,,6.0,,3.0,38.0,0.6,42.0,70.0,0.6,13.0,20.0,0.65,6.0,6.0,192.0,18.0,21.0,97.0,65.0,5.0,8.0,56.0,0.0
aytonde01,Deandre Ayton,https://www.basketball-reference.com/players/a/aytonde01.html,2023-24,2024,25.0,POR,C,C,21.0,C,55.0,55.0,1784.0,426.0,739.0,0.576,1.0,10.0,0.1,90.0,,42.0,433.0,0.571,427.0,749.0,0.57,65.0,79.0,0.823,176.0,109.0,920.0,111.0,56.0,99.0,609.0,0.0,7.7,13.4,0.576,0.0,0.2,0.1,1.6,,0.8,7.9,0.571,7.8,13.6,0.57,1.2,1.4,0.823,55.0,55.0,32.4,3.2,2.0,16.7,76.0,1.0,1.8,11.1,8.6,14.9,0.576,0.0,0.2,0.1,1.8,,0.8,8.7,0.571,8.6,15.1,0.57,1.3,1.6,0.823,55.0,55.0,1784.0,3.6,2.2,18.6,143.0,1.1,2.0,12.3,11.8,20.5,0.576,0.0,0.3,0.1,2.5,,1.2,12.0,114.0,0.571,11.8,20.7,0.57,1.8,2.2,0.823,55.0,55.0,1784.0,4.9,115.0,3.0,25.5,143.0,1.5,2.7,16.9,0.013,8.8,,2.1,0.3,-0.2,28.9,2.1,0.105,55.0,55.0,1784.0,0.5,10.4,1.8,18.9,143.0,1.5,11.2,19.1,0.587,21.1,1.0,3.9,0.106,,14,75,3,40,55,55,11,41,222,1784,1.3,-8.7,100,0,0,0,0,143,28,42,1.0,0.0,,0.25,0.4,8.9,80.0,0.117,0.57,0.764,0.453,0.552,0.576,0.541,0.1,55.0,55.0,1784.0,0.749,1.0,0.255,0.268,0.155,0.987,0.308,0.013,143.0,36.3,10.9,,55.0,55.0,106.0,3.0,27.0,104.0,120.0,105.0,43.0,101.0,1784.0,143.0,0.576,0.013,0.1,0.571,0.57,0.823,0.105,0.587,,,,,,,,,,,,,,,,,,,,,,,,,,,,,,,,,,,,,,,,,,,,,,,,,,,,,,,,,,,,,,,,,,,,,,,,,,,,,,,,,,,,,,,,,,,,,,,,,,,,,,,,,,,,,,,,,,,,,,,,,,,,,,,,,,,,,,,,,,,,,,,,,,,,,,,,,,,,,,,,,,,,,,,,,,,,,,,,,,,,,,,,,,,,,,,,,,,,,,,,,,,,,
durenja01,Jalen Duren,https://www.basketball-reference.com/players/d/durenja01.html,2023-24,2024,20.0,DET,C,C,22.0,C,61.0,60.0,1777.0,349.0,560.0,0.623,0.0,4.0,0.0,147.0,,47.0,517.0,0.619,349.0,564.0,0.619,143.0,181.0,0.79,192.0,192.0,841.0,133.0,33.0,129.0,709.0,0.0,5.7,9.2,0.623,0.0,0.1,0.0,2.4,,0.8,8.5,0.619,5.7,9.2,0.619,2.3,3.0,0.79,61.0,60.0,29.1,3.1,3.1,13.8,111.0,0.5,2.1,11.6,7.1,11.3,0.623,0.0,0.1,0.0,3.0,,1.0,10.5,0.619,7.1,11.4,0.619,2.9,3.7,0.79,61.0,60.0,1777.0,3.9,3.9,17.0,146.0,0.7,2.6,14.4,9.4,15.2,0.623,0.0,0.1,0.0,4.0,,1.3,14.0,115.0,0.619,9.4,15.3,0.619,3.9,4.9,0.79,61.0,60.0,1777.0,5.2,122.0,5.2,22.8,146.0,0.9,3.5,19.2,0.007,12.7,,2.3,-0.1,0.1,33.0,1.8,0.321,61.0,60.0,1777.0,-0.2,11.8,3.0,18.7,146.0,0.9,16.7,22.2,0.653,18.5,0.9,4.8,0.13,,37,102,1,95,61,60,29,47,334,1777,1.1,-8.3,100,0,0,0,0,146,48,37,0.0,0.0,,,0.0,3.9,156.0,0.296,0.619,0.741,0.29,0.182,0.623,0.536,0.0,61.0,60.0,1777.0,0.676,,0.521,0.055,0.02,0.993,0.397,0.007,146.0,81.5,94.4,,61.0,60.0,114.0,2.0,0.0,113.0,130.0,101.0,131.0,113.0,1777.0,146.0,0.623,0.007,0.0,0.619,0.619,0.79,0.321,0.653,,,,,,,,,,,,,,,,,,,,,,,,,,,,,,,,,,,,,,,,,,,,,,,,,,,,,,,,,,,,,,,,,,,,,,,,,,,,,,,,,,,,,,,,,,,,,,,,,,,,,,,,,,,,,,,,,,,,,,,,,,,,,,,,,,,,,,,,,,,,,,,,,,,,,,,,,,,,,,,,,,,,,,,,,,,,,,,,,,,,,,,,,,,,,,,,,,,,,,,,,,,,,
olynyke01,Kelly Olynyk,https://www.basketball-reference.com/players/o/olynyke01.html,2023-24,2024,32.0,2TM,C,C,23.0,C,78.0,27.0,1759.0,216.0,342.0,0.632,60.0,155.0,0.387,347.0,,30.0,303.0,0.616,276.0,497.0,0.555,150.0,180.0,0.833,108.0,230.0,762.0,151.0,74.0,152.0,411.0,0.0,2.8,4.4,0.632,0.8,2.0,0.387,4.4,,0.4,3.9,0.616,3.5,6.4,0.555,1.9,2.3,0.833,78.0,27.0,22.6,1.4,2.9,9.8,188.0,0.9,1.9,5.3,4.4,7.0,0.632,1.2,3.2,0.387,7.1,,0.6,6.2,0.616,5.6,10.2,0.555,3.1,3.7,0.833,78.0,27.0,1759.0,2.2,4.7,15.6,150.0,1.5,3.1,8.4,5.9,9.4,0.632,1.6,4.3,0.387,9.5,,0.8,8.3,118.0,0.616,7.6,13.6,0.555,4.1,4.9,0.833,78.0,27.0,1759.0,3.0,124.0,6.3,20.9,150.0,2.0,4.2,11.3,0.312,27.6,,1.5,1.8,1.1,19.0,1.4,0.362,78.0,27.0,1759.0,0.7,6.7,3.5,17.4,150.0,2.0,20.9,12.9,0.661,17.5,1.7,4.9,0.133,,18,109,23,75,78,27,19,22,786,1759,-2.7,-7.8,77,23,0,0,0,150,82,33,0.0,0.0,,0.448,0.187,11.6,8.0,0.016,0.555,0.76,0.406,0.444,0.632,0.545,0.387,78.0,27.0,1759.0,0.537,0.967,0.344,0.064,0.054,0.688,0.225,0.312,150.0,68.8,93.6,,78.0,27.0,116.0,79.0,106.0,113.0,117.0,106.0,148.0,114.0,1759.0,150.0,0.632,0.312,0.387,0.616,0.555,0.833,0.362,0.661,,,,,,,,,,,,,,,,,,,,,,,,,,,,,,,,,,,,,,,,,,,,,,,,,,,,,,,,,,,,,,,,,,,,,,,,,,,,,,,,,,,,,,,,,,,,,,,,,,,,,,,,,,,,,,,,,,,,,,,,,,,,,,,,,,,,,,,,,,,,,,,,,,,,,,,,,,,,,,,,,,,,,,,,,,,,,,,,,,,,,,,,,,,,,,,,,,,,,,,,,,,,,
richani01,Nick Richards,https://www.basketball-reference.com/players/r/richani01.html,2023-24,2024,26.0,CHO,C,C,23.0,C,67.0,51.0,1759.0,260.0,375.0,0.693,0.0,1.0,0.0,54.0,,74.0,367.0,0.691,260.0,376.0,0.691,132.0,179.0,0.737,172.0,176.0,652.0,173.0,26.0,73.0,539.0,0.0,3.9,5.6,0.693,0.0,0.0,0.0,0.8,,1.1,5.5,0.691,3.9,5.6,0.691,2.0,2.7,0.737,67.0,51.0,26.3,2.6,2.6,9.7,190.0,0.4,1.1,8.0,5.3,7.7,0.693,0.0,0.0,0.0,1.1,,1.5,7.5,0.691,5.3,7.7,0.691,2.7,3.7,0.737,67.0,51.0,1759.0,3.5,3.6,13.3,149.0,0.5,1.5,11.0,7.3,10.5,0.693,0.0,0.0,0.0,1.5,,2.1,10.3,118.0,0.691,7.3,10.5,0.691,3.7,5.0,0.737,67.0,51.0,1759.0,4.8,134.0,4.9,18.3,149.0,0.7,2.0,15.1,0.003,4.5,,3.9,-2.3,-0.7,24.2,1.3,0.476,67.0,51.0,1759.0,-1.6,10.7,3.8,16.7,149.0,0.7,13.8,17.2,0.717,13.3,-0.1,5.1,0.14,,32,87,8,91,67,51,17,38,125,1759,-3.1,-12.3,100,0,0,0,0,149,17,19,0.0,0.0,,,0.0,3.1,120.0,0.354,0.691,0.782,0.364,0.25,0.693,0.543,0.0,67.0,51.0,1759.0,0.681,,0.684,0.059,0.011,0.997,0.245,0.003,149.0,109.0,124.5,,67.0,51.0,127.0,1.0,0.0,127.0,146.0,94.0,195.0,124.0,1759.0,149.0,0.693,0.003,0.0,0.691,0.691,0.737,0.476,0.717,,,,,,,,,,,,,,,,,,,,,,,,,,,,,,,,,,,,,,,,,,,,,,,,,,,,,,,,,,,,,,,,,,,,,,,,,,,,,,,,,,,,,,,,,,,,,,,,,,,,,,,,,,,,,,,,,,,,,,,,,,,,,,,,,,,,,,,,,,,,,,,,,,,,,,,,,,,,,,,,,,,,,,,,,,,,,,,,,,,,,,,,,,,,,,,,,,,,,,,,,,,,,
porzikr01,Kristaps Porziņģis,https://www.basketball-reference.com/players/p/porzikr01.html,2023-24,2024,28.0,BOS,C,C,25.0,C,57.0,57.0,1690.0,278.0,459.0,0.606,110.0,293.0,0.375,115.0,,111.0,312.0,0.589,388.0,752.0,0.516,259.0,302.0,0.858,97.0,156.0,1145.0,73.0,42.0,89.0,409.0,0.0,4.9,8.1,0.606,1.9,5.1,0.375,2.0,,1.9,5.5,0.589,6.8,13.2,0.516,4.5,5.3,0.858,57.0,57.0,29.6,1.7,2.7,20.1,49.0,0.7,1.6,7.2,5.9,9.8,0.606,2.3,6.2,0.375,2.4,,2.4,6.6,0.589,8.3,16.0,0.516,5.5,6.4,0.858,57.0,57.0,1690.0,2.1,3.3,24.4,162.0,0.9,1.9,8.7,8.1,13.4,0.606,3.2,8.6,0.375,3.4,,3.2,9.1,109.0,0.589,11.3,22.0,0.516,7.6,8.8,0.858,57.0,57.0,1690.0,2.8,128.0,4.6,33.5,162.0,1.2,2.6,12.0,0.39,10.0,,5.8,5.1,1.6,19.1,3.0,0.402,57.0,57.0,1690.0,3.5,6.5,4.9,23.2,162.0,1.2,9.1,13.1,0.647,25.1,3.0,7.9,0.226,,23,89,7,127,57,57,27,18,281,1690,-1.2,10.6,95,5,0,0,0,162,36,23,2.0,0.0,,0.143,0.024,14.6,89.0,0.128,0.516,0.751,0.505,0.395,0.606,0.538,0.375,57.0,57.0,1690.0,0.716,0.991,0.251,0.126,0.057,0.61,0.176,0.39,162.0,64.0,118.6,,57.0,57.0,111.0,99.0,103.0,108.0,109.0,109.0,164.0,112.0,1690.0,162.0,0.606,0.39,0.375,0.589,0.516,0.858,0.402,0.647,,7.0,4.0,106.0,122.0,94.0,101.0,98.0,116.0,150.0,106.0,165.0,88.0,0.581,0.483,0.345,0.55,0.467,0.909,0.367,0.617,0.483,7.5,,6.1,4.6,2.5,19.1,0.3,0.367,7.0,4.0,165.0,2.0,2.9,0.4,19.6,88.0,1.6,6.7,11.0,0.617,21.0,0.3,0.7,0.204,,1.0,9.0,2.0,8.0,7.0,4.0,0.0,1.0,20.0,165.0,2.4,10.7,100.0,0.0,0.0,0.0,0.0,88.0,2.0,2.0,5.7,9.8,0.581,3.2,9.2,0.345,2.5,,3.5,8.5,105.0,0.55,8.9,19.0,0.467,6.3,7.0,0.909,7.0,4.0,165.0,1.3,124.0,4.7,27.2,88.0,1.6,1.6,9.8,3.9,6.8,0.581,2.2,6.3,0.345,1.7,,2.4,5.9,0.55,6.1,13.1,0.467,4.4,4.8,0.909,7.0,4.0,165.0,0.9,3.3,18.8,88.0,1.1,1.1,6.8,2.6,4.4,0.581,1.4,4.1,0.345,1.1,,1.6,3.9,0.55,4.0,8.6,0.467,2.9,3.1,0.909,7.0,4.0,23.6,0.6,2.1,12.3,58.0,0.7,0.7,4.4,0.0,0.0,,,0.0,18.8,5.0,0.083,0.467,0.833,0.538,0.4,0.581,0.571,0.345,7.0,4.0,165.0,0.5,0.9,0.1,0.217,0.083,0.517,0.117,0.483,88.0,18.0,31.0,0.581,10.0,29.0,0.345,8.0,,11.0,27.0,0.55,28.0,60.0,0.467,20.0,22.0,0.909,7.0,4.0,165.0,4.0,15.0,86.0,69.0,5.0,5.0,31.0,0.0
achiupr01,Precious Achiuwa,https://www.basketball-reference.com/players/a/achiupr01.html,2023-24,2024,24.0,2TM,C,C,26.0,C,74.0,18.0,1624.0,209.0,372.0,0.562,26.0,97.0,0.268,97.0,,68.0,296.0,0.529,235.0,469.0,0.501,69.0,112.0,0.616,191.0,143.0,565.0,194.0,46.0,83.0,487.0,0.0,2.8,5.0,0.562,0.4,1.3,0.268,1.3,,0.9,4.0,0.529,3.2,6.3,0.501,0.9,1.5,0.616,74.0,18.0,21.9,2.6,1.9,7.6,238.0,0.6,1.1,6.6,4.6,8.2,0.562,0.6,2.2,0.268,2.2,,1.5,6.6,0.529,5.2,10.4,0.501,1.5,2.5,0.616,74.0,18.0,1624.0,4.2,3.2,12.5,171.0,1.0,1.8,10.8,6.4,11.4,0.562,0.8,3.0,0.268,3.0,,2.1,9.1,112.0,0.529,7.2,14.4,0.501,2.1,3.4,0.616,74.0,18.0,1624.0,5.9,114.0,4.4,17.3,171.0,1.4,2.5,14.9,0.207,8.4,,3.9,-1.4,0.3,20.5,2.2,0.239,74.0,18.0,1624.0,-1.7,13.0,1.2,14.6,171.0,1.4,13.8,16.7,0.545,15.9,0.2,3.4,0.102,,13,87,4,54,74,18,10,39,234,1624,-3.5,-0.7,53,47,0,1,0,171,34,23,0.0,0.0,,0.304,0.474,8.0,62.0,0.145,0.501,0.697,0.273,0.2,0.562,0.317,0.268,74.0,18.0,1624.0,0.593,0.962,0.52,0.047,0.011,0.793,0.215,0.207,171.0,-16.6,-36.2,,74.0,18.0,103.0,52.0,73.0,97.0,106.0,79.0,98.0,94.0,1624.0,171.0,0.562,0.207,0.268,0.529,0.501,0.616,0.239,0.545,,9.0,2.0,96.0,18.0,0.0,89.0,103.0,49.0,124.0,83.0,184.0,76.0,0.525,0.07,0.0,0.488,0.488,0.385,0.302,0.482,0.07,3.8,,6.0,-3.5,-0.1,10.6,0.1,0.302,9.0,2.0,184.0,-3.4,13.5,0.1,12.4,76.0,1.1,7.6,12.1,0.482,12.6,-0.1,0.2,0.053,,2.0,13.0,1.0,7.0,9.0,2.0,1.0,8.0,13.0,184.0,-2.9,-3.7,53.0,46.0,0.0,1.0,0.0,76.0,1.0,0.0,6.0,11.4,0.525,0.0,0.9,0.0,1.4,,3.4,4.5,120.0,0.488,6.0,12.2,0.488,1.4,3.7,0.385,9.0,2.0,184.0,6.2,115.0,5.7,13.3,76.0,1.1,1.1,10.8,4.1,7.8,0.525,0.0,0.6,0.0,1.0,,2.3,3.1,0.488,4.1,8.4,0.488,1.0,2.5,0.385,9.0,2.0,184.0,4.3,3.9,9.2,76.0,0.8,0.8,7.4,2.3,4.4,0.525,0.0,0.3,0.0,0.6,,1.3,1.8,0.488,2.3,4.8,0.488,0.6,1.4,0.385,9.0,2.0,20.4,2.4,2.2,5.2,113.0,0.4,0.4,4.2,0.0,0.0,,0.0,1.0,4.1,8.0,0.233,0.488,0.704,,,0.525,0.154,0.0,9.0,2.0,184.0,0.619,,0.628,0.0,0.0,0.93,0.302,0.07,76.0,21.0,40.0,0.525,0.0,3.0,0.0,5.0,,12.0,16.0,0.488,21.0,43.0,0.488,5.0,13.0,0.385,9.0,2.0,184.0,22.0,20.0,47.0,98.0,4.0,4.0,38.0,0.0
reedpa01,Paul Reed,https://www.basketball-reference.com/players/r/reedpa01.html,2023-24,2024,24.0,PHI,C,C,27.0,C,82.0,24.0,1590.0,238.0,423.0,0.563,21.0,57.0,0.368,109.0,,84.0,295.0,0.561,259.0,480.0,0.54,61.0,85.0,0.718,193.0,198.0,600.0,185.0,67.0,67.0,488.0,0.0,2.9,5.2,0.563,0.3,0.7,0.368,1.3,,1.0,3.6,0.561,3.2,5.9,0.54,0.7,1.0,0.718,82.0,24.0,19.4,2.4,2.4,7.3,246.0,0.8,0.8,6.0,5.4,9.6,0.563,0.5,1.3,0.368,2.5,,1.9,6.7,0.561,5.9,10.9,0.54,1.4,1.9,0.718,82.0,24.0,1590.0,4.4,4.5,13.6,175.0,1.5,1.5,11.0,7.4,13.1,0.563,0.6,1.8,0.368,3.4,,2.6,9.1,110.0,0.561,8.0,14.9,0.54,1.9,2.6,0.718,82.0,24.0,1590.0,6.0,123.0,6.1,18.6,175.0,2.1,2.1,15.1,0.119,9.8,,4.8,0.4,1.0,20.9,2.6,0.177,82.0,24.0,1590.0,-0.6,13.2,2.5,17.4,175.0,2.1,11.5,16.9,0.58,15.9,0.9,5.1,0.154,,12,114,7,51,82,24,19,41,253,1590,0.9,3.5,98,2,0,0,0,175,23,21,0.0,0.0,,0.294,0.298,7.1,45.0,0.106,0.54,0.674,0.511,0.5,0.563,0.394,0.368,82.0,24.0,1590.0,0.643,0.857,0.473,0.094,0.05,0.881,0.265,0.119,175.0,14.3,-0.2,,82.0,24.0,103.0,30.0,101.0,103.0,114.0,92.0,72.0,100.0,1590.0,175.0,0.563,0.119,0.368,0.561,0.54,0.718,0.177,0.58,,6.0,0.0,82.0,0.0,,81.0,94.0,64.0,91.0,79.0,43.0,151.0,0.444,0.0,,0.444,0.444,0.5,0.222,0.455,0.0,7.0,,5.9,-4.3,-1.1,17.7,0.0,0.222,6.0,0.0,43.0,-3.3,24.5,0.0,13.2,151.0,1.2,23.3,21.0,0.455,13.8,0.0,0.1,0.067,,1.0,1.0,0.0,1.0,6.0,0.0,0.0,3.0,4.0,43.0,-56.8,-50.2,100.0,0.0,0.0,0.0,0.0,151.0,0.0,2.0,4.9,11.0,0.444,0.0,0.0,,2.5,,3.7,8.6,113.0,0.444,4.9,11.0,0.444,1.2,2.5,0.5,6.0,0.0,43.0,11.0,108.0,8.6,11.0,151.0,1.2,3.7,19.6,3.3,7.5,0.444,0.0,0.0,,1.7,,2.5,5.9,0.444,3.3,7.5,0.444,0.8,1.7,0.5,6.0,0.0,43.0,7.5,5.9,7.5,151.0,0.8,2.5,13.4,0.7,1.5,0.444,0.0,0.0,,0.3,,0.5,1.2,0.444,0.7,1.5,0.444,0.2,0.3,0.5,6.0,0.0,7.2,1.5,1.2,1.5,168.0,0.2,0.5,2.7,0.0,0.0,,,,4.7,1.0,0.111,0.444,0.8,,0.0,0.444,0.0,,6.0,0.0,43.0,0.25,,0.556,0.0,0.111,1.0,0.333,0.0,151.0,4.0,9.0,0.444,0.0,0.0,,2.0,,3.0,7.0,0.444,4.0,9.0,0.444,1.0,2.0,0.5,6.0,0.0,43.0,9.0,7.0,9.0,158.0,1.0,3.0,16.0,0.0
colliza01,Zach Collins,https://www.basketball-reference.com/players/c/colliza01.html,2023-24,2024,26.0,SAS,C,C,28.0,C,69.0,29.0,1526.0,240.0,435.0,0.552,58.0,181.0,0.32,194.0,,52.0,252.0,0.531,298.0,616.0,0.484,122.0,162.0,0.753,118.0,206.0,776.0,146.0,34.0,132.0,370.0,0.0,3.5,6.3,0.552,0.8,2.6,0.32,2.8,,0.8,3.7,0.531,4.3,8.9,0.484,1.8,2.3,0.753,69.0,29.0,22.1,1.7,3.0,11.2,151.0,0.5,1.9,5.4,5.7,10.3,0.552,1.4,4.3,0.32,4.6,,1.2,5.9,0.531,7.0,14.5,0.484,2.9,3.8,0.753,69.0,29.0,1526.0,2.8,4.9,18.3,184.0,0.8,3.1,8.7,7.5,13.5,0.552,1.8,5.6,0.32,6.0,,1.6,7.8,116.0,0.531,9.3,19.2,0.484,3.8,5.0,0.753,69.0,29.0,1526.0,3.7,108.0,6.4,24.1,184.0,1.1,4.1,11.5,0.294,18.9,,2.8,-2.0,-0.1,18.0,1.5,0.263,69.0,29.0,1526.0,-2.0,8.3,0.4,14.3,184.0,1.1,16.1,13.1,0.565,22.7,0.0,1.8,0.057,,28,132,8,69,69,29,20,39,442,1526,-9.6,-12.3,73,27,0,0,0,184,63,28,0.0,0.0,,0.333,0.099,11.5,25.0,0.042,0.484,0.726,0.463,0.208,0.552,0.472,0.32,69.0,29.0,1526.0,0.713,1.0,0.266,0.088,0.039,0.706,0.313,0.294,184.0,-19.3,-21.2,,69.0,29.0,101.0,74.0,88.0,97.0,102.0,96.0,108.0,97.0,1526.0,184.0,0.552,0.294,0.32,0.531,0.484,0.753,0.263,0.565,,,,,,,,,,,,,,,,,,,,,,,,,,,,,,,,,,,,,,,,,,,,,,,,,,,,,,,,,,,,,,,,,,,,,,,,,,,,,,,,,,,,,,,,,,,,,,,,,,,,,,,,,,,,,,,,,,,,,,,,,,,,,,,,,,,,,,,,,,,,,,,,,,,,,,,,,,,,,,,,,,,,,,,,,,,,,,,,,,,,,,,,,,,,,,,,,,,,,,,,,,,,,
kesslwa01,Walker Kessler,https://www.basketball-reference.com/players/k/kesslwa01.html,2023-24,2024,22.0,UTA,C,C,29.0,C,64.0,22.0,1493.0,225.0,331.0,0.68,4.0,19.0,0.211,60.0,,154.0,316.0,0.66,229.0,350.0,0.654,56.0,93.0,0.602,165.0,132.0,518.0,213.0,30.0,66.0,481.0,0.0,3.5,5.2,0.68,0.1,0.3,0.211,0.9,,2.4,4.9,0.66,3.6,5.5,0.654,0.9,1.5,0.602,64.0,22.0,23.3,2.6,2.1,8.1,224.0,0.5,1.0,7.5,5.4,8.0,0.68,0.1,0.5,0.211,1.4,,3.7,7.6,0.66,5.5,8.4,0.654,1.4,2.2,0.602,64.0,22.0,1493.0,4.0,3.2,12.5,186.0,0.7,1.6,11.6,7.3,10.7,0.68,0.1,0.6,0.211,1.9,,5.0,10.2,114.0,0.66,7.4,11.3,0.654,1.8,3.0,0.602,64.0,22.0,1493.0,5.3,128.0,4.3,16.7,186.0,1.0,2.1,15.5,0.054,5.6,,9.2,0.9,1.3,23.1,1.7,0.266,64.0,22.0,1493.0,-0.4,12.3,2.4,18.0,186.0,1.0,14.4,17.7,0.663,12.8,1.1,4.1,0.131,,23,79,5,43,64,22,11,32,156,1493,0.6,-4.5,100,0,0,0,0,186,19,18,0.0,0.0,,0.211,1.0,3.4,124.0,0.363,0.654,0.752,0.0,0.0,0.68,0.511,0.211,64.0,22.0,1493.0,0.742,1.0,0.68,0.003,0.006,0.946,0.257,0.054,186.0,79.4,64.5,,64.0,22.0,125.0,14.0,58.0,121.0,138.0,77.0,109.0,114.0,1493.0,186.0,0.68,0.054,0.211,0.66,0.654,0.602,0.266,0.663,,,,,,,,,,,,,,,,,,,,,,,,,,,,,,,,,,,,,,,,,,,,,,,,,,,,,,,,,,,,,,,,,,,,,,,,,,,,,,,,,,,,,,,,,,,,,,,,,,,,,,,,,,,,,,,,,,,,,,,,,,,,,,,,,,,,,,,,,,,,,,,,,,,,,,,,,,,,,,,,,,,,,,,,,,,,,,,,,,,,,,,,,,,,,,,,,,,,,,,,,,,,,
wagnemo01,Moritz Wagner,https://www.basketball-reference.com/players/w/wagnemo01.html,2023-24,2024,26.0,ORL,C,C,30.0,C,80.0,1.0,1415.0,294.0,437.0,0.673,38.0,115.0,0.33,96.0,,21.0,230.0,0.636,332.0,552.0,0.601,166.0,204.0,0.814,117.0,160.0,868.0,122.0,39.0,97.0,347.0,0.0,3.7,5.5,0.673,0.5,1.4,0.33,1.2,,0.3,2.9,0.636,4.2,6.9,0.601,2.1,2.6,0.814,80.0,1.0,17.7,1.5,2.0,10.9,163.0,0.5,1.2,4.3,7.5,11.1,0.673,1.0,2.9,0.33,2.4,,0.5,5.9,0.636,8.4,14.0,0.601,4.2,5.2,0.814,80.0,1.0,1415.0,3.0,4.1,22.1,199.0,1.0,2.5,8.8,10.3,15.3,0.673,1.3,4.0,0.33,3.4,,0.7,8.0,112.0,0.636,11.6,19.3,0.601,5.8,7.1,0.814,80.0,1.0,1415.0,4.1,126.0,5.6,30.4,199.0,1.4,3.4,12.1,0.208,11.2,,1.4,2.0,0.3,19.3,2.0,0.37,80.0,1.0,1415.0,1.7,9.6,3.5,20.6,199.0,1.4,13.1,14.4,0.676,22.8,1.4,5.6,0.188,,33,62,27,112,80,1,36,40,235,1415,1.1,2.5,100,1,0,0,0,199,19,34,1.0,0.0,,0.324,0.322,7.6,48.0,0.091,0.601,0.799,0.333,0.4,0.673,0.46,0.33,80.0,1.0,1415.0,0.796,0.974,0.504,0.005,0.009,0.792,0.272,0.208,199.0,98.6,123.6,,80.0,1.0,123.0,53.0,90.0,116.0,127.0,104.0,151.0,117.0,1415.0,199.0,0.673,0.208,0.33,0.636,0.601,0.814,0.37,0.676,,7.0,0.0,95.0,63.0,61.0,86.0,94.0,75.0,193.0,87.0,105.0,122.0,0.519,0.25,0.222,0.472,0.444,0.588,0.472,0.506,0.25,3.3,,2.7,-2.5,1.5,22.2,0.3,0.472,7.0,0.0,105.0,-4.0,11.2,-0.1,12.4,122.0,2.9,15.5,16.5,0.506,21.5,0.0,0.2,0.102,,2.0,7.0,2.0,7.0,7.0,0.0,1.0,5.0,4.0,105.0,17.0,17.5,100.0,0.0,0.0,0.0,0.0,122.0,4.0,1.0,6.8,13.0,0.519,1.0,4.3,0.222,1.0,,1.4,9.7,97.0,0.472,7.7,17.4,0.444,4.8,8.2,0.588,7.0,0.0,105.0,5.3,98.0,10.1,21.3,122.0,2.9,3.9,15.0,4.8,9.3,0.519,0.7,3.1,0.222,0.7,,1.0,6.9,0.472,5.5,12.3,0.444,3.4,5.8,0.588,7.0,0.0,105.0,3.8,7.2,15.1,122.0,2.1,2.7,10.6,2.0,3.9,0.519,0.3,1.3,0.222,0.3,,0.4,2.9,0.472,2.3,5.1,0.444,1.4,2.4,0.588,7.0,0.0,15.0,1.6,3.0,6.3,100.0,0.9,1.1,4.4,0.0,0.0,,0.0,0.778,7.8,4.0,0.111,0.444,0.55,,,0.519,0.429,0.222,7.0,0.0,105.0,0.429,1.0,0.556,0.0,0.0,0.75,0.194,0.25,122.0,14.0,27.0,0.519,2.0,9.0,0.222,2.0,,3.0,20.0,0.472,16.0,36.0,0.444,10.0,17.0,0.588,7.0,0.0,105.0,11.0,21.0,44.0,103.0,6.0,8.0,31.0,0.0
cartewe01,Wendell Carter Jr.,https://www.basketball-reference.com/players/c/cartewe01.html,2023-24,2024,24.0,ORL,C,C,31.0,C,55.0,48.0,1406.0,159.0,254.0,0.626,64.0,171.0,0.374,95.0,,28.0,269.0,0.6,223.0,425.0,0.525,93.0,134.0,0.694,112.0,121.0,603.0,182.0,35.0,68.0,381.0,0.0,2.9,4.6,0.626,1.2,3.1,0.374,1.7,,0.5,4.9,0.6,4.1,7.7,0.525,1.7,2.4,0.694,55.0,48.0,25.6,2.0,2.2,11.0,156.0,0.6,1.2,6.9,4.1,6.5,0.626,1.6,4.4,0.374,2.4,,0.7,6.9,0.6,5.7,10.9,0.525,2.4,3.4,0.694,55.0,48.0,1406.0,2.9,3.1,15.4,201.0,0.9,1.7,9.8,5.6,8.9,0.626,2.3,6.0,0.374,3.3,,1.0,9.5,111.0,0.6,7.9,15.0,0.525,3.3,4.7,0.694,55.0,48.0,1406.0,3.9,122.0,4.3,21.2,201.0,1.2,2.4,13.4,0.402,9.9,,1.9,0.9,0.4,22.7,2.1,0.315,55.0,48.0,1406.0,0.5,9.3,2.2,15.9,201.0,1.2,12.3,15.9,0.623,17.2,1.0,4.4,0.149,,22,67,10,56,55,48,12,23,225,1406,0.1,1.9,95,5,0,0,0,201,18,17,0.0,0.0,,0.338,0.415,12.6,71.0,0.186,0.525,0.809,0.44,0.286,0.626,0.395,0.374,55.0,48.0,1406.0,0.736,0.984,0.332,0.059,0.016,0.598,0.191,0.402,201.0,45.4,41.6,,55.0,48.0,115.0,102.0,102.0,110.0,111.0,88.0,129.0,107.0,1406.0,201.0,0.626,0.402,0.374,0.6,0.525,0.694,0.315,0.623,,7.0,5.0,100.0,135.0,77.0,88.0,85.0,93.0,96.0,88.0,185.0,73.0,0.545,0.532,0.28,0.479,0.404,0.727,0.234,0.511,0.532,7.7,,2.0,-0.2,1.8,22.1,0.5,0.234,7.0,5.0,185.0,-2.0,5.2,0.1,10.5,73.0,1.4,8.8,13.3,0.511,13.5,0.1,0.5,0.138,,3.0,6.0,0.0,5.0,7.0,5.0,1.0,3.0,22.0,185.0,2.2,6.6,94.0,6.0,0.0,0.0,0.0,73.0,1.0,1.0,3.3,6.0,0.545,1.9,6.9,0.28,2.5,,1.1,9.6,101.0,0.479,5.2,12.9,0.404,2.2,3.0,0.727,7.0,5.0,185.0,2.5,110.0,5.5,14.5,73.0,1.4,1.4,12.1,2.3,4.3,0.545,1.4,4.9,0.28,1.8,,0.8,6.8,0.479,3.7,9.1,0.404,1.6,2.1,0.727,7.0,5.0,185.0,1.8,3.9,10.3,73.0,1.0,1.0,8.6,1.7,3.1,0.545,1.0,3.6,0.28,1.3,,0.6,5.0,0.479,2.7,6.7,0.404,1.1,1.6,0.727,7.0,5.0,26.4,1.3,2.9,7.6,90.0,0.7,0.7,6.3,0.0,0.0,,0.222,0.36,16.0,5.0,0.128,0.404,0.75,0.5,0.5,0.545,0.0,0.28,7.0,5.0,185.0,0.667,1.0,0.255,0.085,0.043,0.468,0.085,0.532,73.0,12.0,22.0,0.545,7.0,25.0,0.28,9.0,,4.0,35.0,0.479,19.0,47.0,0.404,8.0,11.0,0.727,7.0,5.0,185.0,9.0,20.0,53.0,93.0,5.0,5.0,44.0,0.0
okongon01,Onyeka Okongwu,https://www.basketball-reference.com/players/o/okongon01.html,2023-24,2024,23.0,ATL,C,C,32.0,C,55.0,8.0,1405.0,200.0,296.0,0.676,23.0,69.0,0.333,74.0,,60.0,231.0,0.642,223.0,365.0,0.611,92.0,116.0,0.793,145.0,162.0,561.0,197.0,26.0,45.0,376.0,0.0,3.6,5.4,0.676,0.4,1.3,0.333,1.3,,1.1,4.2,0.642,4.1,6.6,0.611,1.7,2.1,0.793,55.0,8.0,25.5,2.6,2.9,10.2,177.0,0.5,0.8,6.8,5.1,7.6,0.676,0.6,1.8,0.333,1.9,,1.5,5.9,0.642,5.7,9.4,0.611,2.4,3.0,0.793,55.0,8.0,1405.0,3.7,4.2,14.4,202.0,0.7,1.2,9.6,6.8,10.1,0.676,0.8,2.4,0.333,2.5,,2.0,7.9,118.0,0.642,7.6,12.5,0.611,3.1,4.0,0.793,55.0,8.0,1405.0,4.9,138.0,5.5,19.2,202.0,0.9,1.5,12.8,0.189,7.2,,3.8,-0.4,-0.5,18.6,1.0,0.318,55.0,8.0,1405.0,0.0,10.8,3.5,16.9,202.0,0.9,9.8,14.6,0.674,13.7,0.5,4.5,0.153,,13,110,0,62,55,8,14,27,177,1405,1.3,-1.4,91,9,0,0,0,202,13,11,1.0,0.0,,0.431,0.739,6.8,78.0,0.244,0.611,0.74,0.4,1.0,0.676,0.529,0.333,55.0,8.0,1405.0,0.775,1.0,0.559,0.014,0.005,0.811,0.233,0.189,202.0,70.0,78.4,,55.0,8.0,124.0,48.0,91.0,118.0,129.0,101.0,130.0,116.0,1405.0,202.0,0.676,0.189,0.333,0.642,0.611,0.793,0.318,0.674,,,,,,,,,,,,,,,,,,,,,,,,,,,,,,,,,,,,,,,,,,,,,,,,,,,,,,,,,,,,,,,,,,,,,,,,,,,,,,,,,,,,,,,,,,,,,,,,,,,,,,,,,,,,,,,,,,,,,,,,,,,,,,,,,,,,,,,,,,,,,,,,,,,,,,,,,,,,,,,,,,,,,,,,,,,,,,,,,,,,,,,,,,,,,,,,,,,,,,,,,,,,,
drumman01,Andre Drummond,https://www.basketball-reference.com/players/d/drumman01.html,2023-24,2024,30.0,CHI,C,C,33.0,C,79.0,10.0,1351.0,267.0,477.0,0.56,0.0,3.0,0.0,37.0,,48.0,443.0,0.556,267.0,480.0,0.556,129.0,218.0,0.592,265.0,140.0,663.0,167.0,73.0,81.0,708.0,0.0,3.4,6.0,0.56,0.0,0.0,0.0,0.5,,0.6,5.6,0.556,3.4,6.1,0.556,1.6,2.8,0.592,79.0,10.0,17.1,3.4,1.8,8.4,217.0,0.9,1.0,9.0,7.1,12.7,0.56,0.0,0.1,0.0,1.0,,1.3,11.8,0.556,7.1,12.8,0.556,3.4,5.8,0.592,79.0,10.0,1351.0,7.1,3.7,17.7,206.0,1.9,2.2,18.9,9.9,17.6,0.56,0.0,0.1,0.0,1.4,,1.8,16.3,107.0,0.556,9.9,17.7,0.556,4.8,8.0,0.592,79.0,10.0,1351.0,9.8,119.0,5.2,24.5,206.0,2.7,3.0,26.1,0.006,4.1,,3.6,0.1,-0.7,37.4,2.6,0.454,79.0,10.0,1351.0,0.8,21.5,2.3,23.0,206.0,2.7,12.3,29.3,0.576,21.3,0.7,4.9,0.175,,25,54,4,102,79,10,16,42,87,1351,3.4,0.9,100,0,0,0,0,206,23,16,3.0,0.0,,,0.0,2.8,65.0,0.16,0.556,0.614,0.5,,0.56,0.416,0.0,79.0,10.0,1351.0,0.558,,0.713,0.021,0.0,0.994,0.26,0.006,206.0,9.3,-5.1,,79.0,10.0,103.0,2.0,0.0,102.0,117.0,75.0,186.0,99.0,1351.0,206.0,0.56,0.006,0.0,0.556,0.556,0.592,0.454,0.576,,,,,,,,,,,,,,,,,,,,,,,,,,,,,,,,,,,,,,,,,,,,,,,,,,,,,,,,,,,,,,,,,,,,,,,,,,,,,,,,,,,,,,,,,,,,,,,,,,,,,,,,,,,,,,,,,,,,,,,,,,,,,,,,,,,,,,,,,,,,,,,,,,,,,,,,,,,,,,,,,,,,,,,,,,,,,,,,,,,,,,,,,,,,,,,,,,,,,,,,,,,,,
poeltja01,Jakob Poeltl,https://www.basketball-reference.com/players/p/poeltja01.html,2023-24,2024,28.0,TOR,C,C,34.0,C,50.0,50.0,1319.0,248.0,378.0,0.656,0.0,0.0,,127.0,,76.0,283.0,0.656,248.0,378.0,0.656,59.0,107.0,0.551,146.0,149.0,555.0,201.0,35.0,77.0,429.0,0.0,5.0,7.6,0.656,0.0,0.0,,2.5,,1.5,5.7,0.656,5.0,7.6,0.656,1.2,2.1,0.551,50.0,50.0,26.4,2.9,3.0,11.1,153.0,0.7,1.5,8.6,6.8,10.3,0.656,0.0,0.0,,3.5,,2.1,7.7,0.656,6.8,10.3,0.656,1.6,2.9,0.551,50.0,50.0,1319.0,4.0,4.1,15.1,210.0,1.0,2.1,11.7,9.1,13.8,0.656,0.0,0.0,,4.6,,2.8,10.4,115.0,0.656,9.1,13.8,0.656,2.2,3.9,0.551,50.0,50.0,1319.0,5.3,125.0,5.5,20.3,210.0,1.3,2.8,15.7,0.0,14.0,,5.1,0.7,1.0,24.1,1.4,0.283,50.0,50.0,1319.0,-0.3,11.9,2.4,18.9,210.0,1.3,15.3,17.9,0.653,16.2,0.9,3.8,0.138,,22,84,3,53,50,50,17,37,281,1319,9.0,-0.5,100,0,0,0,0,210,28,17,0.0,0.0,,,,3.9,26.0,0.074,0.656,0.786,0.5,,0.656,0.5,,50.0,50.0,1319.0,0.798,,0.545,0.106,0.0,1.0,0.349,0.0,210.0,82.8,61.9,,50.0,50.0,120.0,0.0,,120.0,138.0,70.0,116.0,113.0,1319.0,210.0,0.656,0.0,,0.656,0.656,0.551,0.283,0.653,,,,,,,,,,,,,,,,,,,,,,,,,,,,,,,,,,,,,,,,,,,,,,,,,,,,,,,,,,,,,,,,,,,,,,,,,,,,,,,,,,,,,,,,,,,,,,,,,,,,,,,,,,,,,,,,,,,,,,,,,,,,,,,,,,,,,,,,,,,,,,,,,,,,,,,,,,,,,,,,,,,,,,,,,,,,,,,,,,,,,,,,,,,,,,,,,,,,,,,,,,,,,
embiijo01,Joel Embiid,https://www.basketball-reference.com/players/e/embiijo01.html,2023-24,2024,29.0,PHI,C,C,35.0,C,39.0,39.0,1309.0,396.0,712.0,0.556,54.0,139.0,0.388,219.0,AS,66.0,335.0,0.561,450.0,851.0,0.529,399.0,452.0,0.883,95.0,112.0,1353.0,48.0,46.0,150.0,430.0,2.0,10.2,18.3,0.556,1.4,3.6,0.388,5.6,AS,1.7,8.6,0.561,11.5,21.8,0.529,10.2,11.6,0.883,39.0,39.0,33.6,2.4,2.9,34.7,1.0,1.2,3.8,11.0,10.9,19.6,0.556,1.5,3.8,0.388,6.0,AS,1.8,9.2,0.561,12.4,23.4,0.529,11.0,12.4,0.883,39.0,39.0,1309.0,2.6,3.1,37.2,211.0,1.3,4.1,11.8,14.9,26.8,0.556,2.0,5.2,0.388,8.2,AS,2.5,12.6,109.0,0.561,16.9,32.0,0.529,15.0,17.0,0.883,39.0,39.0,1309.0,3.6,124.0,4.2,50.9,211.0,1.7,5.6,16.2,0.163,32.4,AS,4.6,11.6,3.1,28.8,2.3,0.531,39.0,39.0,1309.0,8.5,7.9,5.2,34.1,211.0,1.7,12.5,18.1,0.644,39.6,4.5,7.5,0.275,AS,27,66,2,198,39,39,35,52,549,1309,10.0,9.6,100,0,0,0,0,211,58,57,2.0,0.0,AS,0.571,0.05,12.3,19.0,0.026,0.529,0.749,0.473,0.516,0.556,0.472,0.388,39.0,39.0,1309.0,0.533,0.833,0.224,0.243,0.18,0.837,0.189,0.163,211.0,23.8,135.2,AS,39.0,39.0,102.0,41.0,106.0,103.0,111.0,113.0,217.0,111.0,1309.0,211.0,0.556,0.163,0.388,0.561,0.529,0.883,0.531,0.644,,6.0,6.0,90.0,74.0,91.0,90.0,94.0,110.0,240.0,102.0,248.0,54.0,0.489,0.293,0.333,0.492,0.444,0.859,0.586,0.592,0.293,26.4,,3.1,8.4,1.6,20.1,0.3,0.586,6.0,6.0,248.0,6.8,9.0,0.7,26.3,54.0,1.5,13.0,14.8,0.592,35.7,0.7,1.0,0.193,,5.0,8.0,0.0,39.0,6.0,6.0,7.0,15.0,84.0,248.0,58.0,7.3,100.0,0.0,0.0,0.0,0.0,54.0,12.0,6.0,9.8,20.0,0.489,2.8,8.3,0.333,7.2,,1.9,9.8,114.0,0.492,12.6,28.3,0.444,14.3,16.6,0.859,6.0,6.0,248.0,4.0,119.0,4.3,42.1,54.0,1.5,5.3,13.8,6.7,13.6,0.489,1.9,5.7,0.333,4.9,,1.3,6.7,0.492,8.6,19.3,0.444,9.7,11.3,0.859,6.0,6.0,248.0,2.8,2.9,28.7,54.0,1.0,3.6,9.4,7.7,15.7,0.489,2.2,6.5,0.333,5.7,,1.5,7.7,0.492,9.8,22.2,0.444,11.2,13.0,0.859,6.0,6.0,41.3,3.2,3.3,33.0,1.0,1.2,4.2,10.8,2.0,0.0,,0.0,0.051,14.8,2.0,0.015,0.444,0.519,0.545,0.5,0.489,0.381,0.333,6.0,6.0,248.0,0.565,1.0,0.203,0.165,0.18,0.707,0.158,0.293,54.0,46.0,94.0,0.489,13.0,39.0,0.333,34.0,,9.0,46.0,0.492,59.0,133.0,0.444,67.0,78.0,0.859,6.0,6.0,248.0,19.0,20.0,198.0,22.0,7.0,25.0,65.0,1.0
livelde01,Dereck Lively II,https://www.basketball-reference.com/players/l/livelde01.html,2023-24,2024,19.0,DAL,C,C,36.0,C,55.0,42.0,1294.0,221.0,294.0,0.752,0.0,2.0,0.0,60.0,ROY-6,77.0,243.0,0.747,221.0,296.0,0.747,41.0,81.0,0.506,135.0,144.0,483.0,229.0,36.0,50.0,378.0,0.0,4.0,5.3,0.752,0.0,0.0,0.0,1.1,ROY-6,1.4,4.4,0.747,4.0,5.4,0.747,0.7,1.5,0.506,55.0,42.0,23.5,2.5,2.6,8.8,206.0,0.7,0.9,6.9,6.1,8.2,0.752,0.0,0.1,0.0,1.7,ROY-6,2.1,6.8,0.747,6.1,8.2,0.747,1.1,2.3,0.506,55.0,42.0,1294.0,3.8,4.0,13.4,215.0,1.0,1.4,10.5,8.2,10.9,0.752,0.0,0.1,0.0,2.2,ROY-6,2.9,9.0,112.0,0.747,8.2,11.0,0.747,1.5,3.0,0.506,55.0,42.0,1294.0,5.0,139.0,5.3,17.9,215.0,1.3,1.9,14.0,0.007,6.4,ROY-6,5.2,0.5,0.8,20.4,1.8,0.274,55.0,42.0,1294.0,-0.3,11.4,3.1,18.1,215.0,1.3,13.1,16.0,0.728,12.6,0.8,4.9,0.183,ROY-6,15,92,2,40,55,42,11,20,150,1294,5.5,5.8,100,0,0,0,0,215,16,11,0.0,0.0,ROY-6,0.0,1.0,2.4,141.0,0.527,0.747,0.833,0.0,1.0,0.752,0.515,0.0,55.0,42.0,1294.0,0.81,,0.75,0.01,0.003,0.993,0.23,0.007,215.0,118.5,98.3,ROY-6,55.0,42.0,138.0,2.0,0.0,137.0,157.0,65.0,112.0,126.0,1294.0,215.0,0.752,0.007,0.0,0.747,0.747,0.506,0.274,0.728,,21.0,0.0,123.0,3.0,273.0,124.0,142.0,75.0,263.0,117.0,462.0,24.0,0.67,0.011,1.0,0.679,0.674,0.59,0.642,0.677,0.011,8.7,,4.2,3.2,1.9,24.4,0.7,0.642,21.0,0.0,462.0,1.3,14.3,1.2,19.3,24.0,1.0,14.7,19.3,0.677,14.1,0.6,1.9,0.2,,8.0,25.0,0.0,20.0,21.0,0.0,6.0,12.0,68.0,462.0,14.0,11.5,100.0,0.0,0.0,0.0,0.0,24.0,7.0,3.0,7.1,10.6,0.67,0.1,0.1,1.0,3.0,,2.3,11.1,109.0,0.679,7.2,10.7,0.674,4.1,6.9,0.59,21.0,0.0,462.0,6.4,134.0,5.4,18.6,24.0,1.0,2.4,17.6,4.9,7.3,0.67,0.1,0.1,1.0,2.1,,1.6,7.7,0.679,5.0,7.4,0.674,2.8,4.8,0.59,21.0,0.0,462.0,4.4,3.7,12.9,24.0,0.7,1.6,12.2,3.0,4.5,0.67,0.0,0.0,1.0,1.3,,1.0,4.7,0.679,3.0,4.5,0.674,1.7,2.9,0.59,21.0,0.0,22.0,2.7,2.3,7.9,87.0,0.4,1.0,7.4,0.0,0.0,,1.0,1.0,2.3,51.0,0.611,0.674,0.773,,,0.67,0.263,1.0,21.0,0.0,462.0,0.889,1.0,0.789,0.0,0.0,0.989,0.2,0.011,24.0,63.0,94.0,0.67,1.0,1.0,1.0,27.0,,20.0,99.0,0.679,64.0,95.0,0.674,36.0,61.0,0.59,21.0,0.0,462.0,57.0,48.0,165.0,39.0,9.0,21.0,156.0,0.0
nancela02,Larry Nance Jr.,https://www.basketball-reference.com/players/n/nancela02.html,2023-24,2024,31.0,NOP,C,C,37.0,C,61.0,0.0,1216.0,111.0,176.0,0.631,27.0,65.0,0.415,113.0,,19.0,213.0,0.629,138.0,241.0,0.573,47.0,61.0,0.77,94.0,98.0,350.0,271.0,61.0,49.0,307.0,0.0,1.8,2.9,0.631,0.4,1.1,0.415,1.9,,0.3,3.5,0.629,2.3,4.0,0.573,0.8,1.0,0.77,61.0,0.0,19.9,1.5,1.6,5.7,310.0,1.0,0.8,5.0,3.3,5.2,0.631,0.8,1.9,0.415,3.3,,0.6,6.3,0.629,4.1,7.1,0.573,1.4,1.8,0.77,61.0,0.0,1216.0,2.8,2.9,10.4,225.0,1.8,1.5,9.1,4.5,7.1,0.631,1.1,2.6,0.415,4.6,,0.8,8.6,111.0,0.629,5.6,9.7,0.573,1.9,2.5,0.77,61.0,0.0,1216.0,3.8,131.0,4.0,14.1,225.0,2.5,2.0,12.4,0.27,12.1,,1.5,2.0,2.2,19.3,1.9,0.253,61.0,0.0,1216.0,-0.2,8.7,2.1,14.9,225.0,2.5,15.5,14.1,0.653,11.3,1.2,4.1,0.16,,11,44,15,28,61,0,7,15,272,1216,-1.6,3.5,99,1,0,0,0,225,25,9,3.0,0.0,,0.421,0.585,9.8,46.0,0.22,0.573,0.727,0.4,0.667,0.631,0.525,0.415,61.0,0.0,1216.0,0.766,0.963,0.411,0.062,0.012,0.73,0.245,0.27,225.0,39.6,39.3,,61.0,0.0,116.0,68.0,114.0,115.0,121.0,98.0,104.0,113.0,1216.0,225.0,0.631,0.27,0.415,0.629,0.573,0.77,0.253,0.653,,4.0,0.0,127.0,60.0,68.0,113.0,124.0,85.0,144.0,110.0,84.0,130.0,0.692,0.235,0.25,0.618,0.588,0.667,0.353,0.636,0.235,14.4,,0.0,1.7,1.3,25.2,0.1,0.353,4.0,0.0,84.0,0.4,18.0,0.1,15.9,130.0,1.2,26.3,21.3,0.636,13.9,0.1,0.2,0.097,,3.0,3.0,0.0,3.0,4.0,0.0,2.0,2.0,19.0,84.0,10.6,-11.8,100.0,0.0,0.0,0.0,0.0,130.0,2.0,2.0,5.5,7.9,0.692,0.6,2.4,0.25,4.2,,0.0,10.9,113.0,0.618,6.1,10.3,0.588,2.4,3.6,0.667,4.0,0.0,84.0,9.1,115.0,5.5,15.2,130.0,1.2,4.2,20.0,3.9,5.6,0.692,0.4,1.7,0.25,3.0,,0.0,7.7,0.618,4.3,7.3,0.588,1.7,2.6,0.667,4.0,0.0,84.0,6.4,3.9,10.7,130.0,0.9,3.0,14.1,2.3,3.3,0.692,0.3,1.0,0.25,1.8,,0.0,4.5,0.618,2.5,4.3,0.588,1.0,1.5,0.667,4.0,0.0,21.0,3.8,2.3,6.3,99.0,0.5,1.8,8.3,1.0,0.0,,0.5,0.5,9.7,4.0,0.294,0.588,0.889,0.0,,0.692,0.333,0.25,4.0,0.0,84.0,0.556,1.0,0.529,0.059,0.0,0.765,0.176,0.235,130.0,9.0,13.0,0.692,1.0,4.0,0.25,7.0,,0.0,18.0,0.618,10.0,17.0,0.588,4.0,6.0,0.667,4.0,0.0,84.0,15.0,9.0,25.0,126.0,2.0,7.0,33.0,0.0
reathdu01,Duop Reath,https://www.basketball-reference.com/players/r/reathdu01.html,2023-24,2024,27.0,POR,C,C,38.0,C,68.0,20.0,1214.0,142.0,254.0,0.559,88.0,245.0,0.359,67.0,,38.0,157.0,0.549,230.0,499.0,0.461,69.0,93.0,0.742,93.0,161.0,617.0,179.0,33.0,52.0,250.0,0.0,2.1,3.7,0.559,1.3,3.6,0.359,1.0,,0.6,2.3,0.549,3.4,7.3,0.461,1.0,1.4,0.742,68.0,20.0,17.9,1.4,2.4,9.1,202.0,0.5,0.8,3.7,4.2,7.5,0.559,2.6,7.3,0.359,2.0,,1.1,4.7,0.549,6.8,14.8,0.461,2.0,2.8,0.742,68.0,20.0,1214.0,2.8,4.8,18.3,226.0,1.0,1.5,7.4,5.8,10.3,0.559,3.6,10.0,0.359,2.7,,1.5,6.4,117.0,0.549,9.4,20.3,0.461,2.8,3.8,0.742,68.0,20.0,1214.0,3.8,116.0,6.5,25.1,226.0,1.3,2.1,10.2,0.491,8.9,,2.8,-0.9,-0.7,15.4,1.0,0.186,68.0,20.0,1214.0,-0.2,8.1,1.4,15.1,226.0,1.3,8.8,11.5,0.571,20.7,0.3,2.4,0.095,,14,96,8,49,68,20,12,35,155,1214,1.5,-8.3,96,4,0,0,0,226,15,17,0.0,0.0,,0.455,0.18,14.5,23.0,0.052,0.461,0.687,0.545,0.333,0.559,0.413,0.359,68.0,20.0,1214.0,0.697,0.989,0.263,0.022,0.006,0.509,0.218,0.491,226.0,2.6,-9.3,,68.0,20.0,103.0,124.0,98.0,100.0,97.0,95.0,76.0,99.0,1214.0,226.0,0.559,0.491,0.359,0.549,0.461,0.742,0.186,0.571,,,,,,,,,,,,,,,,,,,,,,,,,,,,,,,,,,,,,,,,,,,,,,,,,,,,,,,,,,,,,,,,,,,,,,,,,,,,,,,,,,,,,,,,,,,,,,,,,,,,,,,,,,,,,,,,,,,,,,,,,,,,,,,,,,,,,,,,,,,,,,,,,,,,,,,,,,,,,,,,,,,,,,,,,,,,,,,,,,,,,,,,,,,,,,,,,,,,,,,,,,,,,
looneke01,Kevon Looney,https://www.basketball-reference.com/players/l/looneke01.html,2023-24,2024,27.0,GSW,C,C,39.0,C,74.0,36.0,1195.0,139.0,232.0,0.599,0.0,1.0,0.0,133.0,,29.0,276.0,0.597,139.0,233.0,0.597,56.0,83.0,0.675,143.0,155.0,334.0,275.0,28.0,50.0,419.0,0.0,1.9,3.1,0.599,0.0,0.0,0.0,1.8,,0.4,3.7,0.597,1.9,3.1,0.597,0.8,1.1,0.675,74.0,36.0,16.1,1.9,2.1,4.5,364.0,0.4,0.7,5.7,4.2,7.0,0.599,0.0,0.0,0.0,4.0,,0.9,8.3,0.597,4.2,7.0,0.597,1.7,2.5,0.675,74.0,36.0,1195.0,4.3,4.7,10.1,228.0,0.8,1.5,12.6,5.6,9.4,0.599,0.0,0.0,0.0,5.4,,1.2,11.2,113.0,0.597,5.6,9.4,0.597,2.3,3.4,0.675,74.0,36.0,1195.0,5.8,134.0,6.3,13.5,228.0,1.1,2.0,17.0,0.004,14.1,,2.2,0.6,1.4,24.6,1.6,0.356,74.0,36.0,1195.0,-0.8,13.1,2.5,15.1,228.0,1.1,15.6,18.9,0.62,11.3,0.8,4.0,0.162,,15,82,1,41,74,36,11,24,330,1195,-0.7,2.3,86,14,0,0,0,228,17,15,1.0,0.0,,,0.0,4.2,24.0,0.12,0.597,0.681,0.429,0.429,0.599,0.541,0.0,74.0,36.0,1195.0,0.676,,0.485,0.06,0.03,0.996,0.421,0.004,228.0,23.3,21.4,,74.0,36.0,110.0,1.0,0.0,109.0,126.0,86.0,146.0,107.0,1195.0,228.0,0.599,0.004,0.0,0.597,0.597,0.675,0.356,0.62,,,,,,,,,,,,,,,,,,,,,,,,,,,,,,,,,,,,,,,,,,,,,,,,,,,,,,,,,,,,,,,,,,,,,,,,,,,,,,,,,,,,,,,,,,,,,,,,,,,,,,,,,,,,,,,,,,,,,,,,,,,,,,,,,,,,,,,,,,,,,,,,,,,,,,,,,,,,,,,,,,,,,,,,,,,,,,,,,,,,,,,,,,,,,,,,,,,,,,,,,,,,,
eubandr01,Drew Eubanks,https://www.basketball-reference.com/players/e/eubandr01.html,2023-24,2024,26.0,PHO,C,C,40.0,C,75.0,6.0,1169.0,149.0,250.0,0.596,3.0,3.0,1.0,63.0,,61.0,219.0,0.607,152.0,253.0,0.601,72.0,93.0,0.774,103.0,115.0,379.0,255.0,27.0,61.0,322.0,0.0,2.0,3.3,0.596,0.0,0.0,1.0,0.8,,0.8,2.9,0.607,2.0,3.4,0.601,1.0,1.2,0.774,75.0,6.0,15.6,1.4,1.5,5.1,339.0,0.4,0.8,4.3,4.6,7.7,0.596,0.1,0.1,1.0,1.9,,1.9,6.7,0.607,4.7,7.8,0.601,2.2,2.9,0.774,75.0,6.0,1169.0,3.2,3.5,11.7,233.0,0.8,1.9,9.9,6.2,10.4,0.596,0.1,0.1,1.0,2.6,,2.5,9.1,113.0,0.607,6.3,10.6,0.601,3.0,3.9,0.774,75.0,6.0,1169.0,4.3,123.0,4.8,15.8,233.0,1.1,2.5,13.4,0.012,7.2,,4.6,-1.2,0.8,20.1,1.6,0.368,75.0,6.0,1169.0,-2.0,10.5,1.6,14.4,233.0,1.1,17.2,15.6,0.645,13.2,0.2,3.1,0.129,,21,58,5,40,75,6,8,23,156,1169,-11.3,-4.8,100,0,0,0,0,233,22,12,0.0,0.0,,1.0,1.0,4.3,66.0,0.336,0.601,0.742,0.286,0.0,0.596,0.49,1.0,75.0,6.0,1169.0,0.805,1.0,0.506,0.055,0.024,0.988,0.403,0.012,233.0,30.5,38.1,,75.0,6.0,109.0,3.0,273.0,111.0,127.0,99.0,150.0,111.0,1169.0,233.0,0.596,0.012,1.0,0.607,0.601,0.774,0.368,0.645,,3.0,0.0,107.0,0.0,,107.0,123.0,128.0,102.0,110.0,37.0,155.0,0.583,0.0,,0.583,0.583,1.0,0.25,0.638,0.0,0.0,,2.5,-1.7,1.1,13.3,0.0,0.25,3.0,0.0,37.0,-2.8,0.0,0.0,13.1,155.0,2.8,13.1,6.6,0.638,19.4,0.0,0.0,0.007,,1.0,2.0,1.0,2.0,3.0,0.0,1.0,1.0,0.0,37.0,-5.2,-20.3,100.0,0.0,0.0,0.0,0.0,155.0,1.0,0.0,9.7,16.6,0.583,0.0,0.0,,0.0,,1.4,5.5,124.0,0.583,9.7,16.6,0.583,4.2,4.2,1.0,3.0,0.0,37.0,0.0,107.0,8.3,23.6,155.0,2.8,2.8,5.5,6.8,11.7,0.583,0.0,0.0,,0.0,,1.0,3.9,0.583,6.8,11.7,0.583,2.9,2.9,1.0,3.0,0.0,37.0,0.0,5.8,16.5,155.0,1.9,1.9,3.9,2.3,4.0,0.583,0.0,0.0,,0.0,,0.3,1.3,0.583,2.3,4.0,0.583,1.0,1.0,1.0,3.0,0.0,12.3,0.0,2.0,5.7,107.0,0.7,0.7,1.3,0.0,0.0,,,,3.4,5.0,0.417,0.583,0.857,,,0.583,0.2,,3.0,0.0,37.0,1.0,,0.583,0.0,0.0,1.0,0.417,0.0,155.0,7.0,12.0,0.583,0.0,0.0,,0.0,,1.0,4.0,0.583,7.0,12.0,0.583,3.0,3.0,1.0,3.0,0.0,37.0,0.0,6.0,17.0,137.0,2.0,2.0,4.0,0.0
jackstr02,Trayce Jackson-Davis,https://www.basketball-reference.com/players/j/jackstr02.html,2023-24,2024,23.0,GSW,PF,C,41.0,C,68.0,16.0,1130.0,233.0,331.0,0.704,0.0,1.0,0.0,82.0,,76.0,206.0,0.702,233.0,332.0,0.702,74.0,132.0,0.561,135.0,108.0,540.0,203.0,29.0,49.0,341.0,0.0,3.4,4.9,0.704,0.0,0.0,0.0,1.2,,1.1,3.0,0.702,3.4,4.9,0.702,1.1,1.9,0.561,68.0,16.0,16.6,2.0,1.6,7.9,230.0,0.4,0.7,5.0,7.4,10.5,0.704,0.0,0.0,0.0,2.6,,2.4,6.6,0.702,7.4,10.6,0.702,2.4,4.2,0.561,68.0,16.0,1130.0,4.3,3.4,17.2,240.0,0.9,1.6,10.9,10.0,14.2,0.704,0.0,0.0,0.0,3.5,,3.3,8.8,112.0,0.702,10.0,14.2,0.702,3.2,5.7,0.561,68.0,16.0,1130.0,5.8,136.0,4.6,23.1,240.0,1.2,2.1,14.6,0.003,10.4,,6.1,2.8,1.2,19.4,1.6,0.398,68.0,16.0,1130.0,1.5,13.1,3.2,21.6,240.0,1.2,11.2,16.3,0.692,16.4,1.4,4.8,0.205,,14,76,1,73,68,16,22,39,204,1130,-1.0,2.0,79,21,0,0,0,240,23,10,0.0,0.0,,,0.0,2.5,112.0,0.373,0.702,0.777,1.0,,0.704,0.561,0.0,68.0,16.0,1130.0,0.751,,0.648,0.006,0.0,0.997,0.343,0.003,240.0,103.1,87.5,,68.0,16.0,129.0,1.0,0.0,128.0,148.0,71.0,163.0,119.0,1130.0,240.0,0.704,0.003,0.0,0.702,0.702,0.561,0.398,0.692,,,,,,,,,,,,,,,,,,,,,,,,,,,,,,,,,,,,,,,,,,,,,,,,,,,,,,,,,,,,,,,,,,,,,,,,,,,,,,,,,,,,,,,,,,,,,,,,,,,,,,,,,,,,,,,,,,,,,,,,,,,,,,,,,,,,,,,,,,,,,,,,,,,,,,,,,,,,,,,,,,,,,,,,,,,,,,,,,,,,,,,,,,,,,,,,,,,,,,,,,,,,,
saricda01,Dario Šarić,https://www.basketball-reference.com/players/s/saricda01.html,2023-24,2024,29.0,GSW,C,C,42.0,C,64.0,9.0,1098.0,107.0,191.0,0.56,74.0,197.0,0.376,144.0,,10.0,210.0,0.562,181.0,388.0,0.466,79.0,93.0,0.849,73.0,112.0,515.0,215.0,31.0,78.0,283.0,0.0,1.7,3.0,0.56,1.2,3.1,0.376,2.3,,0.2,3.3,0.562,2.8,6.1,0.466,1.2,1.5,0.849,64.0,9.0,17.2,1.1,1.8,8.0,229.0,0.5,1.2,4.4,3.5,6.3,0.56,2.4,6.5,0.376,4.7,,0.3,6.9,0.562,5.9,12.7,0.466,2.6,3.0,0.849,64.0,9.0,1098.0,2.4,3.7,16.9,245.0,1.0,2.6,9.3,4.7,8.4,0.56,3.3,8.7,0.376,6.3,,0.4,9.3,115.0,0.562,8.0,17.1,0.466,3.5,4.1,0.849,64.0,9.0,1098.0,3.2,119.0,4.9,22.7,245.0,1.4,3.4,12.5,0.508,17.8,,0.8,1.0,0.4,20.4,1.2,0.24,64.0,9.0,1098.0,0.6,7.3,1.6,15.3,245.0,1.4,15.4,13.9,0.6,19.5,0.9,2.8,0.123,,10,75,6,42,64,9,9,25,344,1098,-5.3,-1.1,100,0,0,0,0,245,40,19,0.0,0.0,,0.261,0.117,16.1,1.0,0.003,0.466,0.797,0.375,0.357,0.56,0.48,0.376,64.0,9.0,1098.0,0.654,1.0,0.152,0.041,0.036,0.492,0.263,0.508,245.0,11.9,17.5,,64.0,9.0,103.0,129.0,103.0,103.0,98.0,108.0,98.0,104.0,1098.0,245.0,0.56,0.508,0.376,0.562,0.466,0.849,0.24,0.6,,,,,,,,,,,,,,,,,,,,,,,,,,,,,,,,,,,,,,,,,,,,,,,,,,,,,,,,,,,,,,,,,,,,,,,,,,,,,,,,,,,,,,,,,,,,,,,,,,,,,,,,,,,,,,,,,,,,,,,,,,,,,,,,,,,,,,,,,,,,,,,,,,,,,,,,,,,,,,,,,,,,,,,,,,,,,,,,,,,,,,,,,,,,,,,,,,,,,,,,,,,,,
wisemja01,James Wiseman,https://www.basketball-reference.com/players/w/wisemja01.html,2023-24,2024,22.0,DET,C,C,43.0,C,63.0,6.0,1091.0,187.0,303.0,0.617,0.0,2.0,0.0,54.0,,39.0,226.0,0.613,187.0,305.0,0.613,72.0,102.0,0.706,110.0,141.0,446.0,236.0,12.0,66.0,336.0,0.0,3.0,4.8,0.617,0.0,0.0,0.0,0.9,,0.6,3.6,0.613,3.0,4.8,0.613,1.1,1.6,0.706,63.0,6.0,17.3,1.7,2.2,7.1,254.0,0.2,1.0,5.3,6.2,10.0,0.617,0.0,0.1,0.0,1.8,,1.3,7.5,0.613,6.2,10.1,0.613,2.4,3.4,0.706,63.0,6.0,1091.0,3.6,4.7,14.7,246.0,0.4,2.2,11.1,8.2,13.4,0.617,0.0,0.1,0.0,2.4,,1.7,10.0,118.0,0.613,8.2,13.4,0.613,3.2,4.5,0.706,63.0,6.0,1091.0,4.9,119.0,6.2,19.7,246.0,0.5,2.9,14.8,0.007,7.3,,3.1,-3.5,-0.9,23.5,0.8,0.334,63.0,6.0,1091.0,-2.6,11.0,1.3,14.8,246.0,0.5,15.9,17.2,0.637,16.3,-0.4,2.1,0.094,,29,87,2,53,63,6,18,20,123,1091,-7.2,-14.1,100,0,0,0,0,246,13,14,1.0,0.0,,,0.0,4.8,81.0,0.282,0.613,0.787,0.375,0.273,0.617,0.515,0.0,63.0,6.0,1091.0,0.706,,0.446,0.079,0.036,0.993,0.433,0.007,246.0,40.6,40.1,,63.0,6.0,113.0,2.0,0.0,112.0,129.0,90.0,137.0,110.0,1091.0,246.0,0.617,0.007,0.0,0.613,0.613,0.706,0.334,0.637,,,,,,,,,,,,,,,,,,,,,,,,,,,,,,,,,,,,,,,,,,,,,,,,,,,,,,,,,,,,,,,,,,,,,,,,,,,,,,,,,,,,,,,,,,,,,,,,,,,,,,,,,,,,,,,,,,,,,,,,,,,,,,,,,,,,,,,,,,,,,,,,,,,,,,,,,,,,,,,,,,,,,,,,,,,,,,,,,,,,,,,,,,,,,,,,,,,,,,,,,,,,,
baglema01,Marvin Bagley III,https://www.basketball-reference.com/players/b/baglema01.html,2023-24,2024,24.0,2TM,C,C,44.0,C,50.0,25.0,1053.0,230.0,385.0,0.597,9.0,23.0,0.391,55.0,,33.0,182.0,0.597,239.0,408.0,0.586,96.0,126.0,0.762,130.0,81.0,583.0,188.0,20.0,59.0,312.0,0.0,4.6,7.7,0.597,0.2,0.5,0.391,1.1,,0.7,3.6,0.597,4.8,8.2,0.586,1.9,2.5,0.762,50.0,25.0,21.1,2.6,1.6,11.7,143.0,0.4,1.2,6.2,7.9,13.2,0.597,0.3,0.8,0.391,1.9,,1.1,6.2,0.597,8.2,13.9,0.586,3.3,4.3,0.762,50.0,25.0,1053.0,4.4,2.8,19.9,252.0,0.7,2.0,10.7,10.3,17.3,0.597,0.4,1.0,0.391,2.5,,1.5,8.2,119.0,0.597,10.8,18.4,0.586,4.3,5.7,0.762,50.0,25.0,1053.0,5.8,122.0,3.6,26.2,252.0,0.9,2.7,14.0,0.056,8.1,,2.6,-0.4,-1.4,19.2,0.7,0.309,50.0,25.0,1053.0,1.0,13.1,2.0,19.4,252.0,0.9,11.3,16.1,0.629,21.0,0.4,2.7,0.122,,18,43,10,64,50,25,15,38,128,1053,2.8,-6.7,100,0,0,0,0,252,19,13,0.0,0.0,,0.429,0.304,5.1,71.0,0.189,0.586,0.721,0.405,0.143,0.597,0.454,0.391,50.0,25.0,1053.0,0.665,1.0,0.544,0.091,0.017,0.944,0.292,0.056,252.0,41.1,45.4,,50.0,25.0,110.0,14.0,107.0,109.0,123.0,97.0,126.0,108.0,1053.0,252.0,0.597,0.056,0.391,0.597,0.586,0.762,0.309,0.629,,,,,,,,,,,,,,,,,,,,,,,,,,,,,,,,,,,,,,,,,,,,,,,,,,,,,,,,,,,,,,,,,,,,,,,,,,,,,,,,,,,,,,,,,,,,,,,,,,,,,,,,,,,,,,,,,,,,,,,,,,,,,,,,,,,,,,,,,,,,,,,,,,,,,,,,,,,,,,,,,,,,,,,,,,,,,,,,,,,,,,,,,,,,,,,,,,,,,,,,,,,,,
smithja04,Jalen Smith,https://www.basketball-reference.com/players/s/smithja04.html,2023-24,2024,23.0,IND,C,C,45.0,C,61.0,14.0,1047.0,173.0,251.0,0.689,61.0,144.0,0.424,63.0,,38.0,225.0,0.67,234.0,395.0,0.592,72.0,104.0,0.692,112.0,124.0,601.0,183.0,17.0,44.0,337.0,0.0,2.8,4.1,0.689,1.0,2.4,0.424,1.0,,0.6,3.7,0.67,3.8,6.5,0.592,1.2,1.7,0.692,61.0,14.0,17.2,1.8,2.0,9.9,186.0,0.3,0.7,5.5,5.9,8.6,0.689,2.1,5.0,0.424,2.2,,1.3,7.7,0.67,8.0,13.6,0.592,2.5,3.6,0.692,61.0,14.0,1047.0,3.9,4.3,20.7,254.0,0.6,1.5,11.6,7.8,11.3,0.689,2.7,6.5,0.424,2.8,,1.7,10.1,117.0,0.67,10.5,17.8,0.592,3.2,4.7,0.692,61.0,14.0,1047.0,5.0,133.0,5.6,27.1,254.0,0.8,2.0,15.2,0.365,8.0,,2.9,2.4,-0.8,24.3,0.9,0.263,61.0,14.0,1047.0,3.2,12.1,3.1,20.7,254.0,0.8,9.1,18.2,0.682,19.4,1.2,4.0,0.182,,8,82,5,48,61,14,16,13,139,1047,-4.3,-0.1,83,17,0,0,0,254,13,17,1.0,0.0,,0.417,0.167,11.7,49.0,0.129,0.592,0.765,0.833,0.385,0.689,0.557,0.424,61.0,14.0,1047.0,0.671,1.0,0.41,0.015,0.033,0.635,0.177,0.365,254.0,97.2,89.7,,61.0,14.0,126.0,92.0,116.0,123.0,125.0,88.0,108.0,118.0,1047.0,254.0,0.689,0.365,0.424,0.67,0.592,0.692,0.263,0.682,,7.0,0.0,46.0,127.0,137.0,91.0,79.0,80.0,409.0,97.0,42.0,153.0,0.25,0.5,0.5,0.5,0.375,0.625,1.0,0.564,0.5,5.6,,2.2,-4.4,-1.0,19.2,0.0,1.0,7.0,0.0,42.0,-3.4,20.0,0.0,12.5,153.0,2.4,25.8,19.6,0.564,16.7,0.0,0.1,0.072,,0.0,5.0,0.0,3.0,7.0,0.0,0.0,2.0,4.0,42.0,-48.5,-44.8,100.0,0.0,0.0,0.0,0.0,153.0,2.0,2.0,1.2,4.9,0.25,2.4,4.9,0.5,2.4,,1.2,8.5,115.0,0.5,3.7,9.8,0.375,6.1,9.8,0.625,7.0,0.0,42.0,8.5,110.0,9.8,15.9,153.0,2.4,4.9,17.1,0.9,3.4,0.25,1.7,3.4,0.5,1.7,,0.9,6.0,0.5,2.6,6.9,0.375,4.3,6.9,0.625,7.0,0.0,42.0,6.0,6.9,11.1,153.0,1.7,3.4,12.0,0.1,0.6,0.25,0.3,0.6,0.5,0.3,,0.1,1.0,0.5,0.4,1.1,0.375,0.7,1.1,0.625,7.0,0.0,6.0,1.0,1.1,1.9,159.0,0.3,0.6,2.0,0.0,0.0,,,0.0,14.9,0.0,0.0,0.375,0.0,,,0.25,0.333,0.5,7.0,0.0,42.0,1.0,0.5,0.125,0.0,0.0,0.5,0.375,0.5,153.0,1.0,4.0,0.25,2.0,4.0,0.5,2.0,,1.0,7.0,0.5,3.0,8.0,0.375,5.0,8.0,0.625,7.0,0.0,42.0,7.0,8.0,13.0,146.0,2.0,4.0,14.0,0.0
theisda01,Daniel Theis,https://www.basketball-reference.com/players/t/theisda01.html,2023-24,2024,31.0,2TM,C,C,46.0,C,60.0,3.0,1015.0,130.0,222.0,0.586,26.0,71.0,0.366,61.0,,51.0,159.0,0.577,156.0,293.0,0.532,38.0,50.0,0.76,85.0,127.0,376.0,259.0,21.0,42.0,244.0,0.0,2.2,3.7,0.586,0.4,1.2,0.366,1.0,,0.9,2.7,0.577,2.6,4.9,0.532,0.6,0.8,0.76,60.0,3.0,16.9,1.4,2.1,6.3,291.0,0.4,0.7,4.1,4.6,7.9,0.586,0.9,2.5,0.366,2.2,,1.8,5.6,0.577,5.5,10.4,0.532,1.3,1.8,0.76,60.0,3.0,1015.0,3.0,4.5,13.3,262.0,0.7,1.5,8.7,6.3,10.8,0.586,1.3,3.5,0.366,3.0,,2.5,7.7,114.0,0.577,7.6,14.2,0.532,1.8,2.4,0.76,60.0,3.0,1015.0,4.1,121.0,6.2,18.3,262.0,1.0,2.0,11.9,0.242,8.3,,4.5,-1.6,0.1,17.1,1.2,0.171,60.0,3.0,1015.0,-1.7,9.8,1.4,14.4,262.0,1.0,11.8,13.6,0.597,15.4,0.1,2.5,0.119,,14,76,9,20,60,3,4,27,148,1015,0.3,3.8,98,2,0,0,0,262,11,8,1.0,0.0,,0.353,0.239,9.5,42.0,0.157,0.532,0.719,0.483,0.0,0.586,0.426,0.366,60.0,3.0,1015.0,0.792,1.0,0.413,0.099,0.014,0.758,0.232,0.242,262.0,17.7,10.6,,60.0,3.0,107.0,61.0,100.0,106.0,112.0,97.0,70.0,103.0,1015.0,262.0,0.586,0.242,0.366,0.577,0.532,0.76,0.171,0.597,,1.0,0.0,,253.0,273.0,274.0,211.0,,0.0,259.0,4.0,207.0,,1.0,1.0,1.5,1.0,,0.0,1.5,1.0,0.0,,0.0,21.0,3.4,28.0,0.0,0.0,1.0,0.0,4.0,17.6,0.0,0.0,35.8,207.0,0.0,0.0,14.2,1.5,11.4,0.0,0.0,0.267,,0.0,0.0,0.0,0.0,1.0,0.0,0.0,0.0,0.0,4.0,33.3,25.0,100.0,0.0,0.0,0.0,0.0,207.0,0.0,0.0,0.0,0.0,,13.2,13.2,1.0,0.0,,0.0,13.2,117.0,1.5,13.2,13.2,1.0,0.0,0.0,,1.0,0.0,4.0,0.0,300.0,0.0,39.6,207.0,0.0,0.0,13.2,0.0,0.0,,9.0,9.0,1.0,0.0,,0.0,9.0,1.5,9.0,9.0,1.0,0.0,0.0,,1.0,0.0,4.0,0.0,0.0,27.0,207.0,0.0,0.0,9.0,0.0,0.0,,1.0,1.0,1.0,0.0,,0.0,1.0,1.5,1.0,1.0,1.0,0.0,0.0,,1.0,0.0,4.0,0.0,0.0,3.0,143.0,0.0,0.0,1.0,0.0,0.0,,,0.0,27.0,0.0,0.0,1.0,,,,,,1.0,1.0,0.0,4.0,,1.0,0.0,0.0,0.0,0.0,0.0,1.0,207.0,0.0,0.0,,1.0,1.0,1.0,0.0,,0.0,1.0,1.5,1.0,1.0,1.0,0.0,0.0,,1.0,0.0,4.0,0.0,0.0,3.0,188.0,0.0,0.0,1.0,0.0
kornelu01,Luke Kornet,https://www.basketball-reference.com/players/k/kornelu01.html,2023-24,2024,28.0,BOS,C,C,47.0,C,63.0,7.0,983.0,141.0,202.0,0.698,1.0,1.0,1.0,67.0,,61.0,143.0,0.702,142.0,203.0,0.7,49.0,54.0,0.907,118.0,77.0,334.0,274.0,23.0,21.0,261.0,0.0,2.2,3.2,0.698,0.0,0.0,1.0,1.1,,1.0,2.3,0.702,2.3,3.2,0.7,0.8,0.9,0.907,63.0,7.0,15.6,1.9,1.2,5.3,330.0,0.4,0.3,4.1,5.2,7.4,0.698,0.0,0.0,1.0,2.5,,2.2,5.2,0.702,5.2,7.4,0.7,1.8,2.0,0.907,63.0,7.0,983.0,4.3,2.8,12.2,272.0,0.8,0.8,9.6,7.1,10.2,0.698,0.1,0.1,1.0,3.4,,3.1,7.2,110.0,0.702,7.1,10.2,0.7,2.5,2.7,0.907,63.0,7.0,983.0,5.9,157.0,3.9,16.8,272.0,1.2,1.1,13.1,0.005,8.9,,5.5,3.4,1.8,15.1,1.6,0.266,63.0,7.0,983.0,1.6,13.5,3.5,19.8,272.0,1.2,8.5,14.3,0.736,11.0,1.3,5.1,0.248,,5,54,2,26,63,7,6,12,174,983,-0.1,11.2,100,0,0,0,0,272,11,5,0.0,0.0,,,0.0,2.1,72.0,0.404,0.7,0.79,0.5,,0.698,0.372,1.0,63.0,7.0,983.0,0.709,1.0,0.773,0.01,0.0,0.995,0.212,0.005,272.0,63.1,71.0,,63.0,7.0,128.0,1.0,273.0,128.0,147.0,116.0,109.0,127.0,983.0,272.0,0.698,0.005,1.0,0.702,0.7,0.907,0.266,0.736,,13.0,0.0,122.0,0.0,,122.0,141.0,108.0,253.0,126.0,133.0,102.0,0.667,0.0,,0.667,0.667,0.846,0.619,0.73,0.0,7.4,,3.5,1.7,0.8,19.3,0.2,0.619,13.0,0.0,133.0,0.8,16.9,0.4,17.5,102.0,0.4,18.3,18.1,0.73,11.4,0.1,0.6,0.22,,1.0,9.0,0.0,5.0,13.0,0.0,0.0,2.0,19.0,133.0,-20.0,-8.4,100.0,0.0,0.0,0.0,0.0,102.0,3.0,0.0,5.5,8.2,0.667,0.0,0.0,,2.7,,2.0,8.6,109.0,0.667,5.5,8.2,0.667,4.3,5.1,0.846,13.0,0.0,133.0,7.5,144.0,4.3,15.3,102.0,0.4,2.4,16.1,3.8,5.7,0.667,0.0,0.0,,1.9,,1.4,6.0,0.667,3.8,5.7,0.667,3.0,3.5,0.846,13.0,0.0,133.0,5.1,3.0,10.6,102.0,0.3,1.6,11.1,1.1,1.6,0.667,0.0,0.0,,0.5,,0.4,1.7,0.667,1.1,1.6,0.667,0.8,1.0,0.846,13.0,0.0,10.2,1.5,0.8,3.0,140.0,0.1,0.5,3.2,0.0,0.0,,,,1.8,9.0,0.476,0.667,0.667,0.0,,0.667,1.0,,13.0,0.0,133.0,0.5,,0.857,0.048,0.0,1.0,0.095,0.0,102.0,14.0,21.0,0.667,0.0,0.0,,7.0,,5.0,22.0,0.667,14.0,21.0,0.667,11.0,13.0,0.846,13.0,0.0,133.0,19.0,11.0,39.0,110.0,1.0,6.0,41.0,0.0
tillmxa01,Xavier Tillman Sr.,https://www.basketball-reference.com/players/t/tillmxa01.html,2023-24,2024,25.0,2TM,PF,C,48.0,C,54.0,15.0,974.0,101.0,198.0,0.51,20.0,81.0,0.247,77.0,,44.0,141.0,0.47,121.0,279.0,0.434,22.0,50.0,0.44,70.0,75.0,284.0,299.0,51.0,34.0,211.0,0.0,1.9,3.7,0.51,0.4,1.5,0.247,1.4,,0.8,2.6,0.47,2.2,5.2,0.434,0.4,0.9,0.44,54.0,15.0,18.0,1.3,1.4,5.3,328.0,0.9,0.6,3.9,3.7,7.3,0.51,0.7,3.0,0.247,2.8,,1.6,5.2,0.47,4.5,10.3,0.434,0.8,1.8,0.44,54.0,15.0,974.0,2.6,2.8,10.5,274.0,1.9,1.3,7.8,5.1,10.0,0.51,1.0,4.1,0.247,3.9,,2.2,7.1,110.0,0.47,6.1,14.0,0.434,1.1,2.5,0.44,54.0,15.0,974.0,3.5,105.0,3.8,14.3,274.0,2.6,1.7,10.6,0.29,11.3,,4.2,-1.2,1.9,16.1,1.6,0.179,54.0,15.0,974.0,-3.1,7.7,-0.1,12.2,274.0,2.6,10.1,11.8,0.472,14.8,0.2,1.4,0.071,,8,43,0,22,54,15,4,23,195,974,0.6,-1.6,57,43,0,0,0,274,14,10,0.0,0.0,,0.18,0.617,11.2,16.0,0.065,0.434,0.617,0.412,0.4,0.51,0.415,0.247,54.0,15.0,974.0,0.812,1.0,0.337,0.061,0.018,0.71,0.294,0.29,274.0,-42.9,-65.1,,54.0,15.0,94.0,74.0,68.0,86.0,91.0,56.0,73.0,81.0,974.0,274.0,0.51,0.29,0.247,0.47,0.434,0.44,0.179,0.472,,8.0,0.0,105.0,32.0,273.0,126.0,132.0,128.0,51.0,123.0,69.0,132.0,0.571,0.125,1.0,0.688,0.625,1.0,0.125,0.711,0.125,5.9,,4.0,0.6,3.2,16.9,0.1,0.125,8.0,0.0,69.0,-2.6,6.9,0.1,11.2,132.0,2.3,26.2,11.9,0.711,7.7,0.0,0.2,0.138,,1.0,5.0,0.0,1.0,8.0,0.0,1.0,2.0,7.0,69.0,10.5,18.4,66.0,34.0,0.0,0.0,0.0,132.0,1.0,1.0,3.0,5.3,0.571,0.8,0.8,1.0,2.3,,2.3,7.6,105.0,0.688,3.8,6.1,0.625,0.8,0.8,1.0,8.0,0.0,69.0,3.0,122.0,5.3,9.1,132.0,2.3,2.3,10.6,2.1,3.7,0.571,0.5,0.5,1.0,1.6,,1.6,5.2,0.688,2.6,4.2,0.625,0.5,0.5,1.0,8.0,0.0,69.0,2.1,3.7,6.3,132.0,1.6,1.6,7.3,0.5,0.9,0.571,0.1,0.1,1.0,0.4,,0.4,1.3,0.688,0.6,1.0,0.625,0.1,0.1,1.0,8.0,0.0,8.6,0.5,0.9,1.5,170.0,0.4,0.4,1.8,0.0,0.0,,1.0,1.0,6.2,0.0,0.0,0.625,0.667,,,0.571,0.5,1.0,8.0,0.0,69.0,0.5,1.0,0.375,0.0,0.0,0.875,0.5,0.125,132.0,4.0,7.0,0.571,1.0,1.0,1.0,3.0,,3.0,10.0,0.688,5.0,8.0,0.625,1.0,1.0,1.0,8.0,0.0,69.0,4.0,7.0,12.0,149.0,3.0,3.0,14.0,0.0
bitadgo01,Goga Bitadze,https://www.basketball-reference.com/players/b/bitadgo01.html,2023-24,2024,24.0,ORL,C,C,49.0,C,62.0,33.0,957.0,124.0,195.0,0.636,2.0,14.0,0.143,79.0,,72.0,177.0,0.608,126.0,209.0,0.603,57.0,87.0,0.655,109.0,107.0,311.0,285.0,32.0,44.0,286.0,0.0,2.0,3.1,0.636,0.0,0.2,0.143,1.3,,1.2,2.9,0.608,2.0,3.4,0.603,0.9,1.4,0.655,62.0,33.0,15.4,1.8,1.7,5.0,343.0,0.5,0.7,4.6,4.7,7.3,0.636,0.1,0.5,0.143,3.0,,2.7,6.7,0.608,4.7,7.9,0.603,2.1,3.3,0.655,62.0,33.0,957.0,4.1,4.0,11.7,276.0,1.2,1.7,10.8,6.4,10.1,0.636,0.1,0.7,0.143,4.1,,3.7,9.2,107.0,0.608,6.5,10.8,0.603,2.9,4.5,0.655,62.0,33.0,957.0,5.6,128.0,5.5,16.1,276.0,1.7,2.3,14.8,0.067,11.7,,7.0,2.1,2.8,21.9,1.9,0.416,62.0,33.0,957.0,-0.7,13.3,1.8,17.8,276.0,1.7,15.1,17.5,0.629,13.3,1.0,3.7,0.186,,12,49,1,35,62,33,10,16,188,957,-1.9,0.3,100,0,0,0,0,276,20,6,0.0,0.0,,0.0,0.286,3.8,51.0,0.273,0.603,0.715,0.0,0.0,0.636,0.438,0.143,62.0,33.0,957.0,0.637,1.0,0.689,0.005,0.01,0.933,0.23,0.067,276.0,25.5,24.2,,62.0,33.0,117.0,17.0,39.0,111.0,127.0,84.0,170.0,108.0,957.0,276.0,0.636,0.067,0.143,0.608,0.603,0.655,0.416,0.629,,2.0,0.0,0.0,0.0,,0.0,0.0,,0.0,0.0,10.0,195.0,0.0,0.0,,0.0,0.0,,0.0,0.0,0.0,27.2,,0.0,-5.3,1.2,23.3,0.0,0.0,2.0,0.0,10.0,-6.5,10.7,0.0,-0.4,195.0,0.0,33.3,16.7,0.0,13.2,0.0,0.0,-0.136,,0.0,0.0,0.0,0.0,2.0,0.0,0.0,0.0,5.0,10.0,-43.1,-36.3,100.0,0.0,0.0,0.0,0.0,195.0,1.0,0.0,0.0,10.1,0.0,0.0,0.0,,10.1,,0.0,10.1,105.0,0.0,0.0,10.1,0.0,0.0,0.0,,2.0,0.0,10.0,5.1,52.0,0.0,0.0,195.0,0.0,5.1,15.2,0.0,7.2,0.0,0.0,0.0,,7.2,,0.0,7.2,0.0,0.0,7.2,0.0,0.0,0.0,,2.0,0.0,10.0,3.6,0.0,0.0,195.0,0.0,3.6,10.8,0.0,1.0,0.0,0.0,0.0,,1.0,,0.0,1.0,0.0,0.0,1.0,0.0,0.0,0.0,,2.0,0.0,5.0,0.5,0.0,0.0,199.0,0.0,0.5,1.5,0.0,0.0,,,,8.4,0.0,0.5,0.0,0.0,,0.0,0.0,,,2.0,0.0,10.0,,,0.5,0.0,0.5,1.0,0.0,0.0,195.0,0.0,2.0,0.0,0.0,0.0,,2.0,,0.0,2.0,0.0,0.0,2.0,0.0,0.0,0.0,,2.0,0.0,10.0,1.0,0.0,0.0,199.0,0.0,1.0,3.0,0.0
loveke01,Kevin Love,https://www.basketball-reference.com/players/l/loveke01.html,2023-24,2024,35.0,MIA,PF,C,50.0,C,55.0,5.0,924.0,74.0,115.0,0.643,84.0,244.0,0.344,115.0,,10.0,279.0,0.557,158.0,359.0,0.44,85.0,108.0,0.787,59.0,97.0,485.0,227.0,18.0,48.0,338.0,0.0,1.3,2.1,0.643,1.5,4.4,0.344,2.1,,0.2,5.1,0.557,2.9,6.5,0.44,1.5,2.0,0.787,55.0,5.0,16.8,1.1,1.8,8.8,207.0,0.3,0.9,6.1,2.9,4.5,0.643,3.3,9.5,0.344,4.5,,0.4,10.9,0.557,6.2,14.0,0.44,3.3,4.2,0.787,55.0,5.0,924.0,2.3,3.8,18.9,278.0,0.7,1.9,13.2,4.0,6.2,0.643,4.5,13.2,0.344,6.2,,0.5,15.1,109.0,0.557,8.5,19.4,0.44,4.6,5.8,0.787,55.0,5.0,924.0,3.2,121.0,5.2,26.2,278.0,1.0,2.6,18.2,0.68,19.0,,1.1,3.6,1.0,34.5,1.6,0.301,55.0,5.0,924.0,2.7,7.2,1.7,18.5,278.0,1.0,10.6,20.7,0.597,21.9,1.3,3.3,0.17,,2,56,15,38,55,5,7,9,260,924,6.4,6.9,67,33,0,0,0,278,34,6,1.0,0.0,,0.273,0.135,19.4,0.0,0.003,0.44,0.78,0.75,0.3,0.643,0.569,0.344,55.0,5.0,924.0,0.622,0.988,0.139,0.011,0.028,0.32,0.142,0.68,278.0,7.6,13.4,,55.0,5.0,118.0,172.0,94.0,102.0,93.0,100.0,123.0,103.0,924.0,278.0,0.643,0.68,0.344,0.557,0.44,0.787,0.301,0.597,,5.0,0.0,110.0,113.0,68.0,91.0,94.0,,0.0,86.0,32.0,159.0,0.6,0.444,0.25,0.5,0.444,,0.0,0.5,0.444,20.3,,0.0,0.4,1.4,49.2,0.0,0.0,5.0,0.0,32.0,-1.0,3.6,0.0,11.6,159.0,0.0,18.2,25.7,0.5,16.8,0.0,0.0,0.008,,0.0,0.0,0.0,0.0,5.0,0.0,0.0,1.0,9.0,32.0,-44.0,-54.0,61.0,39.0,0.0,0.0,0.0,159.0,1.0,1.0,5.0,8.3,0.6,1.7,6.6,0.25,6.6,,0.0,21.5,113.0,0.5,6.6,14.9,0.444,0.0,0.0,,5.0,0.0,32.0,1.7,96.0,3.3,14.9,159.0,0.0,3.3,23.1,3.4,5.6,0.6,1.1,4.5,0.25,4.5,,0.0,14.6,0.5,4.5,10.1,0.444,0.0,0.0,,5.0,0.0,32.0,1.1,2.3,10.1,159.0,0.0,2.3,15.8,0.6,1.0,0.6,0.2,0.8,0.25,0.8,,0.0,2.6,0.5,0.8,1.8,0.444,0.0,0.0,,5.0,0.0,6.4,0.2,0.4,1.8,162.0,0.0,0.4,2.8,0.0,0.0,,0.0,0.25,15.0,0.0,0.0,0.444,1.0,1.0,,0.6,0.333,0.25,5.0,0.0,32.0,0.333,1.0,0.111,0.111,0.0,0.556,0.333,0.444,159.0,3.0,5.0,0.6,1.0,4.0,0.25,4.0,,0.0,13.0,0.5,4.0,9.0,0.444,0.0,0.0,,5.0,0.0,32.0,1.0,2.0,9.0,157.0,0.0,2.0,14.0,0.0
sharpda01,Day'Ron Sharpe,https://www.basketball-reference.com/players/s/sharpda01.html,2023-24,2024,22.0,BRK,C,C,51.0,C,61.0,1.0,921.0,164.0,279.0,0.588,4.0,15.0,0.267,85.0,,44.0,228.0,0.578,168.0,294.0,0.571,75.0,123.0,0.61,161.0,131.0,415.0,248.0,24.0,70.0,389.0,0.0,2.7,4.6,0.588,0.1,0.2,0.267,1.4,,0.7,3.7,0.578,2.8,4.8,0.571,1.2,2.0,0.61,61.0,1.0,15.1,2.6,2.1,6.8,271.0,0.4,1.1,6.4,6.4,10.9,0.588,0.2,0.6,0.267,3.3,,1.7,8.9,0.578,6.6,11.5,0.571,2.9,4.8,0.61,61.0,1.0,921.0,6.3,5.1,16.2,279.0,0.9,2.7,15.2,8.8,15.0,0.588,0.2,0.8,0.267,4.6,,2.4,12.3,112.0,0.578,9.0,15.8,0.571,4.0,6.6,0.61,61.0,1.0,921.0,8.7,120.0,7.0,22.3,279.0,1.3,3.8,20.9,0.051,14.0,,4.3,0.0,0.4,27.9,1.3,0.418,61.0,1.0,921.0,-0.4,18.6,1.6,20.0,279.0,1.3,16.7,23.1,0.596,19.7,0.5,2.9,0.152,,18,62,1,64,61,1,19,29,198,921,10.0,4.7,100,0,0,0,0,279,30,16,0.0,0.0,,0.25,0.267,3.7,44.0,0.167,0.571,0.688,0.0,0.0,0.588,0.4,0.267,61.0,1.0,921.0,0.616,1.0,0.643,0.014,0.003,0.949,0.289,0.051,279.0,18.6,11.2,,61.0,1.0,108.0,13.0,73.0,106.0,120.0,78.0,171.0,103.0,921.0,279.0,0.588,0.051,0.267,0.578,0.571,0.61,0.418,0.596,,,,,,,,,,,,,,,,,,,,,,,,,,,,,,,,,,,,,,,,,,,,,,,,,,,,,,,,,,,,,,,,,,,,,,,,,,,,,,,,,,,,,,,,,,,,,,,,,,,,,,,,,,,,,,,,,,,,,,,,,,,,,,,,,,,,,,,,,,,,,,,,,,,,,,,,,,,,,,,,,,,,,,,,,,,,,,,,,,,,,,,,,,,,,,,,,,,,,,,,,,,,,
willija07,Jaylin Williams,https://www.basketball-reference.com/players/w/willija07.html,2023-24,2024,21.0,OKC,C,C,52.0,C,69.0,1.0,897.0,42.0,84.0,0.5,53.0,144.0,0.368,110.0,,27.0,198.0,0.533,95.0,228.0,0.417,33.0,41.0,0.805,36.0,98.0,276.0,303.0,28.0,34.0,234.0,0.0,0.6,1.2,0.5,0.8,2.1,0.368,1.6,,0.4,2.9,0.533,1.4,3.3,0.417,0.5,0.6,0.805,69.0,1.0,13.0,0.5,1.4,4.0,406.0,0.4,0.5,3.4,1.7,3.4,0.5,2.1,5.8,0.368,4.4,,1.1,7.9,0.533,3.8,9.2,0.417,1.3,1.6,0.805,69.0,1.0,897.0,1.4,3.9,11.1,283.0,1.1,1.4,9.4,2.3,4.5,0.5,2.8,7.7,0.368,5.9,,1.4,10.6,110.0,0.533,5.1,12.2,0.417,1.8,2.2,0.805,69.0,1.0,897.0,1.9,119.0,5.3,14.8,283.0,1.5,1.8,12.5,0.632,15.0,,2.8,1.1,1.9,23.7,1.5,0.18,69.0,1.0,897.0,-0.8,4.7,1.0,12.7,283.0,1.5,12.1,14.5,0.561,13.5,0.7,2.4,0.13,,7,55,20,19,69,1,5,10,269,897,-0.9,7.2,90,10,0,0,0,283,21,4,0.0,0.0,,0.355,0.215,17.9,5.0,0.026,0.417,0.61,0.333,0.5,0.5,0.407,0.368,69.0,1.0,897.0,0.833,1.0,0.18,0.053,0.018,0.368,0.118,0.632,283.0,-6.2,-9.4,,69.0,1.0,92.0,160.0,101.0,98.0,88.0,103.0,74.0,97.0,897.0,283.0,0.5,0.632,0.368,0.533,0.417,0.805,0.18,0.561,,10.0,0.0,117.0,169.0,112.0,114.0,102.0,96.0,50.0,109.0,127.0,106.0,0.636,0.667,0.409,0.621,0.485,0.75,0.121,0.633,0.667,17.0,,2.2,6.5,4.1,23.5,0.3,0.121,10.0,0.0,127.0,2.4,3.6,0.3,16.5,106.0,1.6,7.9,13.9,0.633,13.6,0.3,0.6,0.214,,1.0,4.0,4.0,1.0,10.0,0.0,0.0,2.0,34.0,127.0,-23.6,-11.6,89.0,11.0,0.0,0.0,0.0,106.0,1.0,0.0,2.8,4.4,0.636,3.6,8.8,0.409,6.0,,1.2,11.2,103.0,0.621,6.4,13.2,0.485,1.2,1.6,0.75,10.0,0.0,127.0,1.6,131.0,4.4,17.6,106.0,1.6,1.2,12.8,2.0,3.1,0.636,2.6,6.2,0.409,4.3,,0.9,7.9,0.621,4.5,9.4,0.485,0.9,1.1,0.75,10.0,0.0,127.0,1.1,3.1,12.5,106.0,1.1,0.9,9.1,0.7,1.1,0.636,0.9,2.2,0.409,1.5,,0.3,2.8,0.621,1.6,3.3,0.485,0.3,0.4,0.75,10.0,0.0,12.7,0.4,1.1,4.4,122.0,0.4,0.3,3.2,0.0,0.0,,0.375,0.364,18.4,2.0,0.091,0.485,0.667,1.0,1.0,0.636,0.0,0.409,10.0,0.0,127.0,0.857,1.0,0.182,0.061,0.03,0.333,0.061,0.667,106.0,7.0,11.0,0.636,9.0,22.0,0.409,15.0,,3.0,28.0,0.621,16.0,33.0,0.485,3.0,4.0,0.75,10.0,0.0,127.0,4.0,11.0,44.0,104.0,4.0,3.0,32.0,0.0
hayesja02,Jaxson Hayes,https://www.basketball-reference.com/players/h/hayesja02.html,2023-24,2024,23.0,LAL,C,C,53.0,C,70.0,5.0,877.0,126.0,167.0,0.754,0.0,8.0,0.0,33.0,,29.0,142.0,0.72,126.0,175.0,0.72,51.0,82.0,0.622,69.0,123.0,303.0,288.0,34.0,43.0,211.0,0.0,1.8,2.4,0.754,0.0,0.1,0.0,0.5,,0.4,2.0,0.72,1.8,2.5,0.72,0.7,1.2,0.622,70.0,5.0,12.5,1.0,1.8,4.3,380.0,0.5,0.6,3.0,5.2,6.9,0.754,0.0,0.3,0.0,1.4,,1.2,5.8,0.72,5.2,7.2,0.72,2.1,3.4,0.622,70.0,5.0,877.0,2.8,5.0,12.4,287.0,1.4,1.8,8.7,6.8,9.1,0.754,0.0,0.4,0.0,1.8,,1.6,7.7,113.0,0.72,6.8,9.5,0.72,2.8,4.4,0.622,70.0,5.0,877.0,3.7,128.0,6.7,16.4,287.0,1.8,2.3,11.4,0.046,5.0,,2.9,-1.9,0.9,17.1,1.1,0.469,70.0,5.0,877.0,-2.8,9.2,1.4,14.0,287.0,1.8,16.9,13.4,0.718,12.5,0.0,2.5,0.135,,23,78,2,38,70,5,13,16,79,877,-6.3,-4.5,98,3,0,0,0,287,11,5,1.0,0.0,,0.0,0.125,4.0,75.0,0.469,0.72,0.857,,0.5,0.754,0.5,0.0,70.0,5.0,877.0,0.849,,0.68,0.0,0.011,0.954,0.263,0.046,287.0,60.7,58.2,,70.0,5.0,138.0,12.0,0.0,132.0,152.0,79.0,192.0,124.0,877.0,287.0,0.754,0.046,0.0,0.72,0.72,0.622,0.469,0.718,,4.0,0.0,0.0,0.0,,0.0,0.0,64.0,409.0,30.0,24.0,168.0,0.0,0.0,,0.0,0.0,0.5,1.0,0.174,0.0,4.8,,0.0,-12.3,-0.7,40.5,0.0,1.0,4.0,0.0,24.0,-11.6,14.2,-0.1,0.0,168.0,0.0,41.0,27.7,0.174,9.4,-0.1,0.0,-0.05,,1.0,4.0,0.0,1.0,4.0,0.0,0.0,0.0,2.0,24.0,13.5,10.7,100.0,0.0,0.0,0.0,0.0,168.0,0.0,1.0,0.0,4.2,0.0,0.0,0.0,,2.1,,0.0,18.9,110.0,0.0,0.0,4.2,0.0,2.1,4.2,0.5,4.0,0.0,24.0,6.3,69.0,14.7,2.1,168.0,0.0,4.2,25.2,0.0,3.0,0.0,0.0,0.0,,1.5,,0.0,13.5,0.0,0.0,3.0,0.0,1.5,3.0,0.5,4.0,0.0,24.0,4.5,10.5,1.5,168.0,0.0,3.0,18.0,0.0,0.5,0.0,0.0,0.0,,0.3,,0.0,2.3,0.0,0.0,0.5,0.0,0.3,0.5,0.5,4.0,0.0,6.0,0.8,1.8,0.3,196.0,0.0,0.5,3.0,0.0,0.0,,,,6.6,0.0,0.0,0.0,,,,0.0,0.0,,4.0,0.0,24.0,,,0.0,0.0,0.0,1.0,1.0,0.0,168.0,0.0,2.0,0.0,0.0,0.0,,1.0,,0.0,9.0,0.0,0.0,2.0,0.0,1.0,2.0,0.5,4.0,0.0,24.0,3.0,7.0,1.0,195.0,0.0,2.0,12.0,0.0
klebima01,Maxi Kleber,https://www.basketball-reference.com/players/k/klebima01.html,2023-24,2024,32.0,DAL,C,C,54.0,C,43.0,7.0,871.0,31.0,54.0,0.574,32.0,92.0,0.348,68.0,,30.0,113.0,0.541,63.0,146.0,0.432,33.0,47.0,0.702,30.0,79.0,191.0,347.0,17.0,28.0,143.0,0.0,0.7,1.3,0.574,0.7,2.1,0.348,1.6,,0.7,2.6,0.541,1.5,3.4,0.432,0.8,1.1,0.702,43.0,7.0,20.3,0.7,1.8,4.4,374.0,0.4,0.7,3.3,1.3,2.2,0.574,1.3,3.8,0.348,2.8,,1.2,4.7,0.541,2.6,6.0,0.432,1.4,1.9,0.702,43.0,7.0,871.0,1.2,3.3,7.9,292.0,0.7,1.2,5.9,1.7,3.0,0.574,1.8,5.1,0.348,3.7,,1.7,6.2,116.0,0.541,3.5,8.0,0.432,1.8,2.6,0.702,43.0,7.0,871.0,1.7,118.0,4.4,10.5,292.0,0.9,1.5,7.9,0.63,9.5,,3.0,-1.3,1.0,14.1,0.8,0.322,43.0,7.0,871.0,-2.3,3.8,0.6,8.8,292.0,0.9,14.4,9.0,0.573,9.6,0.2,1.4,0.08,,7,46,13,16,43,7,3,4,171,871,5.9,6.8,73,27,0,0,0,292,13,7,0.0,0.0,,0.219,0.348,18.0,6.0,0.041,0.432,0.769,0.583,0.2,0.574,0.273,0.348,43.0,7.0,871.0,0.839,0.969,0.178,0.082,0.034,0.37,0.075,0.63,292.0,-1.6,-2.3,,43.0,7.0,105.0,160.0,95.0,99.0,91.0,90.0,132.0,99.0,871.0,292.0,0.574,0.63,0.348,0.541,0.432,0.702,0.322,0.573,,13.0,0.0,67.0,182.0,117.0,103.0,86.0,85.0,63.0,99.0,219.0,61.0,0.364,0.718,0.429,0.564,0.41,0.667,0.154,0.576,0.718,8.1,,1.8,-0.3,1.5,10.9,0.2,0.154,13.0,0.0,219.0,-1.8,2.1,0.2,7.7,61.0,0.7,10.7,6.5,0.576,9.7,0.1,0.4,0.079,,2.0,11.0,3.0,1.0,13.0,0.0,0.0,3.0,31.0,219.0,-0.8,3.1,60.0,40.0,0.0,0.0,0.0,61.0,1.0,1.0,0.9,2.6,0.364,2.8,6.6,0.429,3.1,,0.9,5.0,115.0,0.564,3.8,9.3,0.41,0.9,1.4,0.667,13.0,0.0,219.0,0.9,119.0,4.7,11.4,61.0,0.7,1.2,5.9,0.7,1.8,0.364,2.0,4.6,0.429,2.1,,0.7,3.5,0.564,2.6,6.4,0.41,0.7,1.0,0.667,13.0,0.0,219.0,0.7,3.3,7.9,61.0,0.5,0.8,4.1,0.3,0.8,0.364,0.9,2.2,0.429,1.0,,0.3,1.6,0.564,1.2,3.0,0.41,0.3,0.5,0.667,13.0,0.0,16.8,0.3,1.5,3.7,131.0,0.2,0.4,1.9,1.0,0.0,,0.875,0.286,20.9,0.0,0.0,0.41,0.333,,0.0,0.364,0.429,0.429,13.0,0.0,219.0,1.0,1.0,0.077,0.0,0.026,0.282,0.179,0.718,61.0,4.0,11.0,0.364,12.0,28.0,0.429,13.0,,4.0,21.0,0.564,16.0,39.0,0.41,4.0,6.0,0.667,13.0,0.0,219.0,4.0,20.0,48.0,97.0,3.0,5.0,25.0,0.0
poweldw01,Dwight Powell,https://www.basketball-reference.com/players/p/poweldw01.html,2023-24,2024,32.0,DAL,C,C,55.0,C,63.0,9.0,836.0,71.0,103.0,0.689,1.0,3.0,0.333,84.0,,20.0,117.0,0.684,72.0,106.0,0.679,63.0,89.0,0.708,97.0,113.0,208.0,340.0,26.0,32.0,214.0,0.0,1.1,1.6,0.689,0.0,0.0,0.333,1.3,,0.3,1.9,0.684,1.1,1.7,0.679,1.0,1.4,0.708,63.0,9.0,13.3,1.5,1.8,3.3,437.0,0.4,0.5,3.4,3.1,4.4,0.689,0.0,0.1,0.333,3.6,,0.9,5.0,0.684,3.1,4.6,0.679,2.7,3.8,0.708,63.0,9.0,836.0,4.2,4.9,9.0,297.0,1.1,1.4,9.2,4.1,5.9,0.689,0.1,0.2,0.333,4.8,,1.1,6.7,115.0,0.684,4.1,6.1,0.679,3.6,5.1,0.708,63.0,9.0,836.0,5.6,147.0,6.5,11.9,297.0,1.5,1.8,12.3,0.028,12.4,,2.1,-0.3,0.8,15.2,0.9,0.84,63.0,9.0,836.0,-1.1,12.7,2.2,14.5,297.0,1.5,18.1,14.0,0.716,9.1,0.4,3.1,0.181,,9,73,5,37,63,9,8,12,206,836,-2.5,0.2,100,0,0,0,0,297,10,10,0.0,0.0,,0.5,0.667,2.4,18.0,0.217,0.679,0.767,,,0.689,0.294,0.333,63.0,9.0,836.0,0.62,1.0,0.811,0.0,0.0,0.972,0.16,0.028,297.0,29.1,39.6,,63.0,9.0,126.0,7.0,91.0,125.0,143.0,90.0,344.0,124.0,836.0,297.0,0.689,0.028,0.333,0.684,0.679,0.708,0.84,0.716,,13.0,0.0,61.0,0.0,,61.0,70.0,85.0,819.0,92.0,44.0,150.0,0.333,0.0,,0.333,0.333,0.667,2.0,0.532,0.0,8.7,,0.0,-6.0,1.0,23.3,0.1,2.0,13.0,0.0,44.0,-7.0,7.9,0.0,5.1,150.0,1.2,34.7,15.6,0.532,8.9,0.0,0.0,0.049,,2.0,5.0,0.0,2.0,13.0,0.0,0.0,0.0,8.0,44.0,9.4,12.7,100.0,0.0,0.0,0.0,0.0,150.0,1.0,0.0,1.2,3.5,0.333,0.0,0.0,,3.5,,0.0,10.6,112.0,0.333,1.2,3.5,0.333,4.7,7.1,0.667,13.0,0.0,44.0,3.5,100.0,10.6,7.1,150.0,1.2,3.5,14.2,0.8,2.5,0.333,0.0,0.0,,2.5,,0.0,7.4,0.333,0.8,2.5,0.333,3.3,4.9,0.667,13.0,0.0,44.0,2.5,7.4,4.9,150.0,0.8,2.5,9.8,0.1,0.2,0.333,0.0,0.0,,0.2,,0.0,0.7,0.333,0.1,0.2,0.333,0.3,0.5,0.667,13.0,0.0,3.4,0.2,0.7,0.5,195.0,0.1,0.2,0.9,0.0,0.0,,,,2.1,1.0,0.333,0.333,0.333,,,0.333,,,13.0,0.0,44.0,1.0,,1.0,0.0,0.0,1.0,0.0,0.0,150.0,1.0,3.0,0.333,0.0,0.0,,3.0,,0.0,9.0,0.333,1.0,3.0,0.333,4.0,6.0,0.667,13.0,0.0,44.0,3.0,9.0,6.0,172.0,1.0,3.0,12.0,0.0
jacksis01,Isaiah Jackson,https://www.basketball-reference.com/players/j/jacksis01.html,2023-24,2024,22.0,IND,C,C,56.0,C,59.0,3.0,771.0,155.0,229.0,0.677,0.0,4.0,0.0,50.0,,61.0,144.0,0.665,155.0,233.0,0.665,73.0,102.0,0.716,94.0,137.0,383.0,252.0,34.0,39.0,238.0,0.0,2.6,3.9,0.677,0.0,0.1,0.0,0.8,,1.0,2.4,0.665,2.6,3.9,0.665,1.2,1.7,0.716,59.0,3.0,13.1,1.6,2.3,6.5,285.0,0.6,0.7,4.0,7.2,10.7,0.677,0.0,0.2,0.0,2.3,,2.8,6.7,0.665,7.2,10.9,0.665,3.4,4.8,0.716,59.0,3.0,771.0,4.4,6.4,17.9,305.0,1.6,1.8,11.1,9.5,14.0,0.677,0.0,0.2,0.0,3.1,,3.7,8.8,112.0,0.665,9.5,14.3,0.665,4.5,6.2,0.716,59.0,3.0,771.0,5.8,135.0,8.4,23.4,305.0,2.1,2.4,14.6,0.017,8.3,,6.3,1.7,1.4,21.2,1.1,0.438,59.0,3.0,771.0,0.3,13.8,2.2,21.5,305.0,2.1,12.3,17.5,0.689,17.2,0.7,3.3,0.204,,19,71,4,49,59,3,13,22,111,771,-1.0,2.2,94,6,0,0,0,305,12,3,0.0,0.0,,0.0,0.5,3.1,72.0,0.352,0.665,0.795,0.571,0.667,0.677,0.397,0.0,59.0,3.0,771.0,0.755,,0.67,0.03,0.013,0.983,0.27,0.017,305.0,55.3,60.7,,59.0,3.0,124.0,4.0,0.0,122.0,140.0,91.0,179.0,119.0,771.0,305.0,0.677,0.017,0.0,0.665,0.665,0.716,0.438,0.689,,15.0,0.0,98.0,0.0,,98.0,113.0,78.0,171.0,97.0,154.0,92.0,0.535,0.0,,0.535,0.535,0.611,0.419,0.56,0.0,5.9,,7.7,-1.2,-0.3,20.2,0.2,0.419,15.0,0.0,154.0,-0.9,16.4,0.3,18.1,92.0,1.0,7.3,18.3,0.56,16.1,0.0,0.5,0.149,,2.0,15.0,0.0,11.0,15.0,0.0,4.0,4.0,14.0,154.0,-3.5,-1.8,88.0,12.0,0.0,0.0,0.0,92.0,1.0,1.0,7.7,14.3,0.535,0.0,0.0,,2.3,,4.3,9.0,114.0,0.535,7.7,14.3,0.535,3.7,6.0,0.611,15.0,0.0,154.0,7.0,126.0,8.0,19.0,92.0,1.0,1.3,16.0,5.4,10.1,0.535,0.0,0.0,,1.6,,3.0,6.3,0.535,5.4,10.1,0.535,2.6,4.2,0.611,15.0,0.0,154.0,4.9,5.6,13.3,92.0,0.7,0.9,11.2,1.5,2.9,0.535,0.0,0.0,,0.5,,0.9,1.8,0.535,1.5,2.9,0.535,0.7,1.2,0.611,15.0,0.0,10.3,1.4,1.6,3.8,128.0,0.2,0.3,3.2,0.0,0.0,,,,3.1,8.0,0.279,0.535,0.667,,0.0,0.535,0.333,,15.0,0.0,154.0,0.87,,0.628,0.0,0.023,1.0,0.349,0.0,92.0,23.0,43.0,0.535,0.0,0.0,,7.0,,13.0,27.0,0.535,23.0,43.0,0.535,11.0,18.0,0.611,15.0,0.0,154.0,21.0,24.0,57.0,88.0,3.0,4.0,48.0,0.0
robinmi01,Mitchell Robinson,https://www.basketball-reference.com/players/r/robinmi01.html,2023-24,2024,25.0,NYK,C,C,57.0,C,31.0,21.0,768.0,73.0,127.0,0.575,0.0,0.0,,18.0,,35.0,121.0,0.575,73.0,127.0,0.575,27.0,66.0,0.409,142.0,55.0,173.0,358.0,37.0,25.0,263.0,0.0,2.4,4.1,0.575,0.0,0.0,,0.6,,1.1,3.9,0.575,2.4,4.1,0.575,0.9,2.1,0.409,31.0,21.0,24.8,4.6,1.8,5.6,313.0,1.2,0.8,8.5,3.4,6.0,0.575,0.0,0.0,,0.8,,1.6,5.7,0.575,3.4,6.0,0.575,1.3,3.1,0.409,31.0,21.0,768.0,6.7,2.6,8.1,306.0,1.7,1.2,12.3,4.8,8.3,0.575,0.0,0.0,,1.2,,2.3,7.9,109.0,0.575,4.8,8.3,0.575,1.8,4.3,0.409,31.0,21.0,768.0,9.3,128.0,3.6,11.4,306.0,2.4,1.6,17.3,0.0,3.1,,4.3,0.0,0.4,17.7,1.3,0.52,31.0,21.0,768.0,-0.3,20.7,1.2,16.1,306.0,2.4,13.8,19.2,0.554,10.2,0.4,2.5,0.155,,5,33,2,25,31,21,4,13,43,768,-4.7,0.9,100,0,0,0,0,306,1,14,0.0,0.0,,,,1.0,45.0,0.409,0.575,0.602,,,0.575,0.222,,31.0,21.0,768.0,0.479,,0.929,0.0,0.0,1.0,0.071,0.0,306.0,7.2,-8.0,,31.0,21.0,105.0,0.0,,105.0,121.0,52.0,213.0,96.0,768.0,306.0,0.575,0.0,,0.575,0.575,0.409,0.52,0.554,,6.0,0.0,92.0,0.0,,91.0,105.0,48.0,234.0,84.0,115.0,116.0,0.5,0.0,,0.5,0.5,0.375,0.571,0.485,0.0,3.4,,5.6,0.0,1.6,19.1,0.1,0.571,6.0,0.0,115.0,-1.6,22.5,0.2,15.5,116.0,2.7,14.6,20.9,0.485,7.9,0.1,0.3,0.118,,0.0,8.0,3.0,1.0,6.0,0.0,0.0,1.0,7.0,115.0,19.2,14.0,100.0,0.0,0.0,0.0,0.0,116.0,2.0,1.0,3.2,6.4,0.5,0.0,0.0,,1.4,,3.2,8.2,114.0,0.5,3.2,6.4,0.5,1.4,3.6,0.375,6.0,0.0,115.0,10.4,129.0,6.8,7.7,116.0,2.7,1.4,18.6,2.2,4.4,0.5,0.0,0.0,,0.9,,2.2,5.6,0.5,2.2,4.4,0.5,0.9,2.5,0.375,6.0,0.0,115.0,7.2,4.7,5.3,116.0,1.9,0.9,12.8,1.2,2.3,0.5,0.0,0.0,,0.5,,1.2,3.0,0.5,1.2,2.3,0.5,0.5,1.3,0.375,6.0,0.0,19.2,3.8,2.5,2.8,148.0,1.0,0.5,6.8,0.0,0.0,,,,0.9,5.0,0.357,0.5,0.538,,,0.5,0.0,,6.0,0.0,115.0,0.571,,0.929,0.0,0.0,1.0,0.071,0.0,116.0,7.0,14.0,0.5,0.0,0.0,,3.0,,7.0,18.0,0.5,7.0,14.0,0.5,3.0,8.0,0.375,6.0,0.0,115.0,23.0,15.0,17.0,139.0,6.0,3.0,41.0,0.0
landajo01,Jock Landale,https://www.basketball-reference.com/players/l/landajo01.html,2023-24,2024,28.0,HOU,C,C,58.0,C,56.0,3.0,763.0,96.0,166.0,0.578,10.0,40.0,0.25,65.0,,33.0,84.0,0.539,106.0,206.0,0.515,52.0,65.0,0.8,88.0,74.0,274.0,304.0,20.0,31.0,172.0,0.0,1.7,3.0,0.578,0.2,0.7,0.25,1.2,,0.6,1.5,0.539,1.9,3.7,0.515,0.9,1.2,0.8,56.0,3.0,13.6,1.6,1.3,4.9,350.0,0.4,0.6,3.1,4.5,7.8,0.578,0.5,1.9,0.25,3.1,,1.6,4.0,0.539,5.0,9.7,0.515,2.5,3.1,0.8,56.0,3.0,763.0,4.2,3.5,12.9,307.0,0.9,1.5,8.1,6.1,10.6,0.578,0.6,2.5,0.25,4.1,,2.1,5.3,114.0,0.539,6.7,13.1,0.515,3.3,4.1,0.8,56.0,3.0,763.0,5.6,126.0,4.7,17.4,307.0,1.3,2.0,10.9,0.194,11.8,,4.0,-0.1,0.4,11.9,0.9,0.316,56.0,3.0,763.0,-0.5,12.2,1.4,15.6,307.0,1.3,11.7,12.1,0.584,14.8,0.4,2.3,0.146,,11,39,3,31,56,3,7,22,156,763,10.5,9.6,97,3,0,0,0,307,8,7,0.0,0.0,,0.25,0.1,9.0,20.0,0.117,0.515,0.638,0.625,0.25,0.578,0.519,0.25,56.0,3.0,763.0,0.75,1.0,0.388,0.117,0.039,0.806,0.262,0.194,307.0,-3.2,1.9,,56.0,3.0,106.0,49.0,68.0,99.0,108.0,102.0,129.0,101.0,763.0,307.0,0.578,0.194,0.25,0.539,0.515,0.8,0.316,0.584,,,,,,,,,,,,,,,,,,,,,,,,,,,,,,,,,,,,,,,,,,,,,,,,,,,,,,,,,,,,,,,,,,,,,,,,,,,,,,,,,,,,,,,,,,,,,,,,,,,,,,,,,,,,,,,,,,,,,,,,,,,,,,,,,,,,,,,,,,,,,,,,,,,,,,,,,,,,,,,,,,,,,,,,,,,,,,,,,,,,,,,,,,,,,,,,,,,,,,,,,,,,,
bambamo01,Mo Bamba,https://www.basketball-reference.com/players/b/bambamo01.html,2023-24,2024,25.0,PHI,C,C,59.0,C,57.0,17.0,740.0,72.0,134.0,0.537,25.0,64.0,0.391,41.0,,60.0,161.0,0.553,97.0,198.0,0.49,34.0,50.0,0.68,77.0,101.0,253.0,311.0,22.0,39.0,238.0,0.0,1.3,2.4,0.537,0.4,1.1,0.391,0.7,,1.1,2.8,0.553,1.7,3.5,0.49,0.6,0.9,0.68,57.0,17.0,13.0,1.4,1.8,4.4,370.0,0.4,0.7,4.2,3.5,6.5,0.537,1.2,3.1,0.391,2.0,,2.9,7.8,0.553,4.7,9.6,0.49,1.7,2.4,0.68,57.0,17.0,740.0,3.7,4.9,12.3,312.0,1.1,1.9,11.6,4.8,8.9,0.537,1.7,4.3,0.391,2.7,,4.0,10.7,109.0,0.553,6.5,13.2,0.49,2.3,3.3,0.68,57.0,17.0,740.0,5.1,116.0,6.7,16.8,312.0,1.5,2.6,15.8,0.323,7.6,,7.4,-1.0,1.4,24.5,1.3,0.253,57.0,17.0,740.0,-2.3,11.3,0.6,15.4,312.0,1.5,15.1,17.8,0.575,15.1,0.2,2.0,0.128,,19,55,2,25,57,17,5,12,102,740,-8.2,-3.7,100,0,0,0,0,312,12,5,0.0,0.0,,0.125,0.125,10.6,33.0,0.187,0.49,0.617,0.75,0.143,0.537,0.345,0.391,57.0,17.0,740.0,0.611,1.0,0.475,0.02,0.035,0.677,0.146,0.323,312.0,2.6,-2.2,,57.0,17.0,99.0,82.0,107.0,101.0,103.0,87.0,103.0,99.0,740.0,312.0,0.537,0.323,0.391,0.553,0.49,0.68,0.253,0.575,,,,,,,,,,,,,,,,,,,,,,,,,,,,,,,,,,,,,,,,,,,,,,,,,,,,,,,,,,,,,,,,,,,,,,,,,,,,,,,,,,,,,,,,,,,,,,,,,,,,,,,,,,,,,,,,,,,,,,,,,,,,,,,,,,,,,,,,,,,,,,,,,,,,,,,,,,,,,,,,,,,,,,,,,,,,,,,,,,,,,,,,,,,,,,,,,,,,,,,,,,,,,
fernabr01,Bruno Fernando,https://www.basketball-reference.com/players/f/fernabr01.html,2023-24,2024,25.0,ATL,C,C,60.0,C,45.0,2.0,682.0,109.0,183.0,0.596,0.0,4.0,0.0,46.0,,28.0,134.0,0.583,109.0,187.0,0.583,64.0,96.0,0.667,59.0,107.0,282.0,300.0,25.0,44.0,193.0,0.0,2.4,4.1,0.596,0.0,0.1,0.0,1.0,,0.6,3.0,0.583,2.4,4.2,0.583,1.4,2.1,0.667,45.0,2.0,15.2,1.3,2.4,6.3,290.0,0.6,1.0,4.3,5.8,9.7,0.596,0.0,0.2,0.0,2.4,,1.5,7.1,0.583,5.8,9.9,0.583,3.4,5.1,0.667,45.0,2.0,682.0,3.1,5.6,14.9,320.0,1.3,2.3,10.2,7.7,12.9,0.596,0.0,0.3,0.0,3.2,,2.0,9.4,116.0,0.583,7.7,13.2,0.583,4.5,6.8,0.667,45.0,2.0,682.0,4.1,118.0,7.5,19.8,320.0,1.8,3.1,13.6,0.021,9.3,,3.7,-2.3,0.9,22.2,0.7,0.513,45.0,2.0,682.0,-3.1,9.1,0.8,15.2,320.0,1.8,16.1,15.4,0.615,16.7,-0.1,1.5,0.103,,19,61,2,49,45,2,11,23,114,682,-4.0,-5.6,100,0,0,0,0,320,15,8,0.0,0.0,,,0.0,3.7,38.0,0.219,0.583,0.755,0.286,0.0,0.596,0.391,0.0,45.0,2.0,682.0,0.817,,0.567,0.037,0.005,0.979,0.369,0.021,320.0,13.6,16.1,,45.0,2.0,109.0,5.0,0.0,107.0,123.0,85.0,210.0,106.0,682.0,320.0,0.596,0.021,0.0,0.583,0.583,0.667,0.513,0.615,,,,,,,,,,,,,,,,,,,,,,,,,,,,,,,,,,,,,,,,,,,,,,,,,,,,,,,,,,,,,,,,,,,,,,,,,,,,,,,,,,,,,,,,,,,,,,,,,,,,,,,,,,,,,,,,,,,,,,,,,,,,,,,,,,,,,,,,,,,,,,,,,,,,,,,,,,,,,,,,,,,,,,,,,,,,,,,,,,,,,,,,,,,,,,,,,,,,,,,,,,,,,
plumlma01,Mason Plumlee,https://www.basketball-reference.com/players/p/plumlma01.html,2023-24,2024,33.0,LAC,C,C,61.0,C,46.0,11.0,674.0,87.0,147.0,0.592,0.0,6.0,0.0,55.0,,17.0,174.0,0.569,87.0,153.0,0.569,70.0,99.0,0.707,60.0,68.0,244.0,317.0,14.0,36.0,234.0,0.0,1.9,3.2,0.592,0.0,0.1,0.0,1.2,,0.4,3.8,0.569,1.9,3.3,0.569,1.5,2.2,0.707,46.0,11.0,14.7,1.3,1.5,5.3,332.0,0.3,0.8,5.1,4.6,7.9,0.592,0.0,0.3,0.0,2.9,,0.9,9.3,0.569,4.6,8.2,0.569,3.7,5.3,0.707,46.0,11.0,674.0,3.2,3.6,13.0,323.0,0.7,1.9,12.5,6.4,10.8,0.592,0.0,0.4,0.0,4.0,,1.2,12.7,113.0,0.569,6.4,11.2,0.569,5.1,7.3,0.707,46.0,11.0,674.0,4.4,125.0,5.0,17.9,323.0,1.0,2.6,17.1,0.039,10.8,,2.3,-0.8,0.4,28.2,0.9,0.647,46.0,11.0,674.0,-1.1,10.4,1.2,15.8,323.0,1.0,15.5,19.6,0.621,15.1,0.2,2.0,0.146,,4,38,6,50,46,11,9,14,127,674,-4.3,0.0,100,0,0,0,0,323,18,13,0.0,0.0,,0.0,0.667,3.8,38.0,0.268,0.569,0.698,0.0,,0.592,0.466,0.0,46.0,11.0,674.0,0.736,,0.562,0.02,0.0,0.961,0.379,0.039,323.0,6.8,16.0,,46.0,11.0,109.0,10.0,0.0,104.0,120.0,90.0,265.0,107.0,674.0,323.0,0.592,0.039,0.0,0.569,0.569,0.707,0.647,0.621,,6.0,0.0,71.0,0.0,,71.0,82.0,80.0,182.0,76.0,66.0,137.0,0.389,0.0,,0.389,0.389,0.625,0.444,0.441,0.0,9.5,,3.1,-2.4,1.3,22.1,0.1,0.444,6.0,0.0,66.0,-3.7,12.3,0.0,12.1,137.0,2.4,8.5,17.2,0.441,16.3,0.0,0.1,0.07,,0.0,12.0,0.0,4.0,6.0,0.0,0.0,6.0,10.0,66.0,0.0,-7.8,100.0,0.0,0.0,0.0,0.0,137.0,0.0,1.0,5.6,14.4,0.389,0.0,0.0,,3.2,,1.6,10.4,111.0,0.389,5.6,14.4,0.389,4.0,6.4,0.625,6.0,0.0,66.0,5.6,106.0,10.4,15.2,137.0,2.4,1.6,16.0,3.8,9.8,0.389,0.0,0.0,,2.2,,1.1,7.1,0.389,3.8,9.8,0.389,2.7,4.4,0.625,6.0,0.0,66.0,3.8,7.1,10.4,137.0,1.6,1.1,10.9,1.2,3.0,0.389,0.0,0.0,,0.7,,0.3,2.2,0.389,1.2,3.0,0.389,0.8,1.3,0.625,6.0,0.0,11.0,1.2,2.2,3.2,137.0,0.5,0.3,3.3,0.0,0.0,,,,2.4,3.0,0.278,0.389,0.6,,,0.389,0.125,,6.0,0.0,66.0,0.429,,0.556,0.0,0.0,1.0,0.444,0.0,137.0,7.0,18.0,0.389,0.0,0.0,,4.0,,2.0,13.0,0.389,7.0,18.0,0.389,5.0,8.0,0.625,6.0,0.0,66.0,7.0,13.0,19.0,133.0,3.0,2.0,20.0,0.0
gallida01,Danilo Gallinari,https://www.basketball-reference.com/players/g/gallida01.html,2023-24,2024,35.0,3TM,SF,C,62.0,C,49.0,0.0,630.0,53.0,97.0,0.546,30.0,93.0,0.323,55.0,,6.0,88.0,0.516,83.0,190.0,0.437,84.0,98.0,0.857,20.0,50.0,280.0,301.0,14.0,23.0,108.0,0.0,1.1,2.0,0.546,0.6,1.9,0.323,1.1,,0.1,1.8,0.516,1.7,3.9,0.437,1.7,2.0,0.857,49.0,0.0,12.9,0.4,1.0,5.7,307.0,0.3,0.5,2.2,3.0,5.5,0.546,1.7,5.3,0.323,3.1,,0.3,5.0,0.516,4.7,10.9,0.437,4.8,5.6,0.857,49.0,0.0,630.0,1.1,2.9,16.0,330.0,0.8,1.3,6.2,4.0,7.3,0.546,2.3,7.0,0.323,4.1,,0.5,6.6,120.0,0.516,6.2,14.3,0.437,6.3,7.4,0.857,49.0,0.0,630.0,1.5,122.0,3.8,21.0,330.0,1.1,1.7,8.1,0.489,11.6,,0.8,-1.9,-1.0,15.3,0.3,0.516,49.0,0.0,630.0,-0.8,3.4,1.0,13.4,330.0,1.1,9.0,9.3,0.601,17.2,0.0,1.3,0.098,,1,30,2,36,49,0,7,8,134,630,-3.3,-9.3,63,27,0,10,0,330,7,14,0.0,0.0,,0.556,0.097,17.2,8.0,0.053,0.437,0.852,0.517,0.316,0.546,0.409,0.323,49.0,0.0,630.0,0.528,0.867,0.142,0.153,0.1,0.511,0.116,0.489,330.0,-11.6,9.6,,49.0,0.0,100.0,124.0,88.0,94.0,92.0,109.0,211.0,104.0,630.0,330.0,0.546,0.489,0.323,0.516,0.437,0.857,0.516,0.601,,3.0,0.0,122.0,63.0,0.0,91.0,105.0,96.0,205.0,97.0,37.0,156.0,0.667,0.25,0.0,0.5,0.5,0.75,0.5,0.564,0.25,7.4,,0.0,-4.0,-0.5,24.3,0.0,0.5,3.0,0.0,37.0,-3.6,3.1,0.0,11.5,156.0,0.0,9.3,13.7,0.564,13.4,0.0,0.0,0.054,,0.0,0.0,0.0,2.0,3.0,0.0,0.0,0.0,5.0,37.0,0.2,-3.3,16.0,84.0,0.0,0.0,0.0,156.0,0.0,1.0,5.6,8.3,0.667,0.0,2.8,0.0,2.8,,0.0,11.1,120.0,0.5,5.6,11.1,0.5,4.2,5.6,0.75,3.0,0.0,37.0,1.4,116.0,0.0,15.3,156.0,0.0,1.4,12.5,3.9,5.8,0.667,0.0,1.9,0.0,1.9,,0.0,7.8,0.5,3.9,7.8,0.5,2.9,3.9,0.75,3.0,0.0,37.0,1.0,0.0,10.7,156.0,0.0,1.0,8.8,1.3,2.0,0.667,0.0,0.7,0.0,0.7,,0.0,2.7,0.5,1.3,2.7,0.5,1.0,1.3,0.75,3.0,0.0,12.3,0.3,0.0,3.7,129.0,0.0,0.3,3.0,0.0,0.0,,0.0,0.5,15.3,0.0,0.0,0.5,,0.6,,0.667,1.0,0.0,3.0,0.0,37.0,0.5,,0.0,0.625,0.0,0.75,0.125,0.25,156.0,4.0,6.0,0.667,0.0,2.0,0.0,2.0,,0.0,8.0,0.5,4.0,8.0,0.5,3.0,4.0,0.75,3.0,0.0,37.0,1.0,0.0,11.0,150.0,0.0,1.0,9.0,0.0
muscami01,Mike Muscala,https://www.basketball-reference.com/players/m/muscami01.html,2023-24,2024,32.0,3TM,C,C,63.0,C,53.0,6.0,600.0,28.0,60.0,0.467,28.0,96.0,0.292,36.0,,13.0,86.0,0.449,56.0,156.0,0.359,17.0,25.0,0.68,39.0,52.0,157.0,368.0,9.0,22.0,125.0,0.0,0.5,1.1,0.467,0.5,1.8,0.292,0.7,,0.2,1.6,0.449,1.1,2.9,0.359,0.3,0.5,0.68,53.0,6.0,11.3,0.7,1.0,3.0,452.0,0.2,0.4,2.4,1.7,3.6,0.467,1.7,5.8,0.292,2.2,,0.8,5.2,0.449,3.4,9.4,0.359,1.0,1.5,0.68,53.0,6.0,600.0,2.3,3.1,9.4,337.0,0.5,1.3,7.5,2.2,4.7,0.467,2.2,7.6,0.292,2.8,,1.0,6.8,120.0,0.449,4.4,12.3,0.359,1.3,2.0,0.68,53.0,6.0,600.0,3.1,102.0,4.1,12.4,337.0,0.7,1.7,9.9,0.615,7.6,,1.8,-5.3,-1.4,15.8,0.3,0.16,53.0,6.0,600.0,-3.9,7.0,-0.2,7.5,337.0,0.7,11.6,11.3,0.47,13.4,-0.5,0.1,0.009,,3,32,4,9,53,6,2,10,93,600,-1.0,-7.3,86,14,0,0,0,337,11,6,0.0,0.0,,0.391,0.24,17.9,4.0,0.032,0.359,0.615,0.333,0.333,0.467,0.375,0.292,53.0,6.0,600.0,0.643,1.0,0.167,0.058,0.058,0.385,0.103,0.615,337.0,-30.5,-36.7,,53.0,6.0,86.0,156.0,80.0,82.0,76.0,87.0,66.0,81.0,600.0,337.0,0.467,0.615,0.292,0.449,0.359,0.68,0.16,0.47,,,,,,,,,,,,,,,,,,,,,,,,,,,,,,,,,,,,,,,,,,,,,,,,,,,,,,,,,,,,,,,,,,,,,,,,,,,,,,,,,,,,,,,,,,,,,,,,,,,,,,,,,,,,,,,,,,,,,,,,,,,,,,,,,,,,,,,,,,,,,,,,,,,,,,,,,,,,,,,,,,,,,,,,,,,,,,,,,,,,,,,,,,,,,,,,,,,,,,,,,,,,,
simsje01,Jericho Sims,https://www.basketball-reference.com/players/s/simsje01.html,2023-24,2024,25.0,NYK,C,C,64.0,C,45.0,11.0,585.0,38.0,55.0,0.691,0.0,0.0,,25.0,,19.0,91.0,0.691,38.0,55.0,0.691,16.0,24.0,0.667,56.0,45.0,92.0,413.0,8.0,16.0,147.0,0.0,0.8,1.2,0.691,0.0,0.0,,0.6,,0.4,2.0,0.691,0.8,1.2,0.691,0.4,0.5,0.667,45.0,11.0,13.0,1.2,1.0,2.0,504.0,0.2,0.4,3.3,2.3,3.4,0.691,0.0,0.0,,1.5,,1.2,5.6,0.691,2.3,3.4,0.691,1.0,1.5,0.667,45.0,11.0,585.0,3.4,2.8,5.7,338.0,0.5,1.0,9.0,3.3,4.7,0.691,0.0,0.0,,2.2,,1.6,7.8,114.0,0.691,3.3,4.7,0.691,1.4,2.1,0.667,45.0,11.0,585.0,4.8,141.0,3.9,7.9,338.0,0.7,1.4,12.7,0.0,5.4,,3.0,-1.8,0.7,17.5,0.7,0.436,45.0,11.0,585.0,-2.4,10.7,0.9,10.9,338.0,0.7,19.6,14.1,0.702,6.0,0.0,1.5,0.127,,7,23,2,13,45,11,6,2,60,585,-6.5,-0.8,100,0,0,0,0,338,6,3,0.0,0.0,,,,2.1,26.0,0.582,0.691,0.795,0.0,,0.691,0.3,,45.0,11.0,585.0,0.632,,0.8,0.018,0.0,1.0,0.182,0.0,338.0,15.9,16.0,,45.0,11.0,127.0,0.0,,126.0,146.0,85.0,179.0,121.0,585.0,338.0,0.691,0.0,,0.691,0.691,0.667,0.436,0.702,,5.0,0.0,183.0,0.0,,183.0,211.0,96.0,819.0,160.0,27.0,165.0,1.0,0.0,,1.0,1.0,0.75,2.0,0.931,0.0,5.0,,3.4,6.7,4.3,22.6,0.0,2.0,5.0,0.0,27.0,2.5,12.5,0.1,23.0,165.0,3.9,0.0,17.4,0.931,6.1,0.1,0.1,0.258,,0.0,0.0,0.0,1.0,5.0,0.0,0.0,0.0,2.0,27.0,15.1,12.8,100.0,0.0,0.0,0.0,0.0,165.0,0.0,0.0,3.9,3.9,1.0,0.0,0.0,,1.9,,1.9,9.7,112.0,1.0,3.9,3.9,1.0,5.8,7.7,0.75,5.0,0.0,27.0,5.8,202.0,1.9,13.5,165.0,3.9,0.0,15.5,2.7,2.7,1.0,0.0,0.0,,1.3,,1.3,6.7,1.0,2.7,2.7,1.0,4.0,5.3,0.75,5.0,0.0,27.0,4.0,1.3,9.3,165.0,2.7,0.0,10.7,0.4,0.4,1.0,0.0,0.0,,0.2,,0.2,1.0,1.0,0.4,0.4,1.0,0.6,0.8,0.75,5.0,0.0,5.4,0.6,0.2,1.4,171.0,0.4,0.0,1.6,0.0,0.0,,,,0.3,1.0,0.5,1.0,1.0,,,1.0,,,5.0,0.0,27.0,0.5,,1.0,0.0,0.0,1.0,0.0,0.0,165.0,2.0,2.0,1.0,0.0,0.0,,1.0,,1.0,5.0,1.0,2.0,2.0,1.0,3.0,4.0,0.75,5.0,0.0,27.0,3.0,1.0,7.0,166.0,2.0,0.0,8.0,0.0
nnajize01,Zeke Nnaji,https://www.basketball-reference.com/players/n/nnajize01.html,2023-24,2024,23.0,DEN,PF,C,65.0,C,58.0,0.0,576.0,63.0,126.0,0.5,6.0,23.0,0.261,32.0,,38.0,65.0,0.483,69.0,149.0,0.463,42.0,62.0,0.677,61.0,81.0,186.0,351.0,15.0,27.0,126.0,0.0,1.1,2.2,0.5,0.1,0.4,0.261,0.6,,0.7,1.1,0.483,1.2,2.6,0.463,0.7,1.1,0.677,58.0,0.0,9.9,1.1,1.4,3.2,445.0,0.3,0.5,2.2,3.9,7.9,0.5,0.4,1.4,0.261,2.0,,2.4,4.1,0.483,4.3,9.3,0.463,2.6,3.9,0.677,58.0,0.0,576.0,3.8,5.1,11.6,343.0,0.9,1.7,7.9,5.4,10.8,0.5,0.5,2.0,0.261,2.8,,3.3,5.6,112.0,0.483,5.9,12.8,0.463,3.6,5.3,0.677,58.0,0.0,576.0,5.2,113.0,7.0,16.0,343.0,1.3,2.3,10.8,0.154,7.0,,5.6,-3.7,0.1,12.2,0.8,0.416,58.0,0.0,576.0,-3.8,12.1,0.4,12.4,343.0,1.3,13.3,12.1,0.528,15.4,-0.2,1.2,0.099,,13,47,0,26,58,0,6,23,78,576,-21.4,-12.7,91,9,0,0,0,343,6,7,0.0,0.0,,0.222,0.391,6.1,24.0,0.181,0.463,0.584,0.25,0.0,0.5,0.313,0.261,58.0,0.0,576.0,0.619,1.0,0.597,0.027,0.007,0.846,0.215,0.154,343.0,-18.9,-18.5,,58.0,0.0,92.0,39.0,71.0,88.0,98.0,86.0,170.0,91.0,576.0,343.0,0.5,0.154,0.261,0.483,0.463,0.677,0.416,0.528,,3.0,0.0,122.0,0.0,,122.0,141.0,64.0,273.0,111.0,14.0,180.0,0.667,0.0,,0.667,0.667,0.5,0.667,0.644,0.0,0.0,,6.7,-5.2,-1.2,0.0,0.0,0.667,3.0,0.0,14.0,-4.0,15.8,0.0,9.9,180.0,0.0,34.0,8.1,0.644,19.3,0.0,0.0,-0.029,,1.0,0.0,0.0,1.0,3.0,0.0,0.0,0.0,0.0,14.0,-20.0,-22.1,100.0,0.0,0.0,0.0,0.0,180.0,1.0,0.0,7.4,11.1,0.667,0.0,0.0,,0.0,,3.7,0.0,116.0,0.667,7.4,11.1,0.667,3.7,7.4,0.5,3.0,0.0,14.0,7.4,93.0,3.7,18.6,180.0,0.0,7.4,7.4,5.1,7.7,0.667,0.0,0.0,,0.0,,2.6,0.0,0.667,5.1,7.7,0.667,2.6,5.1,0.5,3.0,0.0,14.0,5.1,2.6,12.9,180.0,0.0,5.1,5.1,0.7,1.0,0.667,0.0,0.0,,0.0,,0.3,0.0,0.667,0.7,1.0,0.667,0.3,0.7,0.5,3.0,0.0,4.7,0.7,0.3,1.7,165.0,0.0,0.7,0.7,0.0,0.0,,,,4.3,1.0,0.333,0.667,1.0,0.0,,0.667,,,3.0,0.0,14.0,0.5,,0.667,0.333,0.0,1.0,0.0,0.0,180.0,2.0,3.0,0.667,0.0,0.0,,0.0,,1.0,0.0,0.667,2.0,3.0,0.667,1.0,2.0,0.5,3.0,0.0,14.0,2.0,1.0,5.0,176.0,0.0,2.0,2.0,0.0
jemistr01,Trey Jemison,https://www.basketball-reference.com/players/j/jemistr01.html,2023-24,2024,24.0,2TM,C,C,66.0,C,25.0,14.0,573.0,75.0,136.0,0.551,0.0,0.0,,27.0,,28.0,70.0,0.551,75.0,136.0,0.551,21.0,25.0,0.84,64.0,69.0,171.0,359.0,12.0,34.0,134.0,0.0,3.0,5.4,0.551,0.0,0.0,,1.1,,1.1,2.8,0.551,3.0,5.4,0.551,0.8,1.0,0.84,25.0,14.0,22.9,2.6,2.8,6.8,267.0,0.5,1.4,5.4,4.7,8.5,0.551,0.0,0.0,,1.7,,1.8,4.4,0.551,4.7,8.5,0.551,1.3,1.6,0.84,25.0,14.0,573.0,4.0,4.3,10.7,344.0,0.8,2.1,8.4,6.4,11.6,0.551,0.0,0.0,,2.3,,2.4,6.0,115.0,0.551,6.4,11.6,0.551,1.8,2.1,0.84,25.0,14.0,573.0,5.5,111.0,5.9,14.6,344.0,1.0,2.9,11.4,0.0,7.1,,4.6,-5.1,-0.4,13.9,0.6,0.184,25.0,14.0,573.0,-4.7,11.7,0.3,11.8,344.0,1.0,18.8,12.8,0.582,13.5,-0.5,0.9,0.073,,9,42,2,14,25,14,3,16,64,573,-2.2,-9.2,100,0,0,0,0,344,11,11,0.0,0.0,,,,4.1,18.0,0.162,0.551,0.663,0.5,0.0,0.551,0.368,,25.0,14.0,573.0,0.56,,0.588,0.118,0.015,1.0,0.279,0.0,344.0,1.3,0.5,,25.0,14.0,101.0,0.0,,101.0,116.0,107.0,75.0,100.0,573.0,344.0,0.551,0.0,,0.551,0.551,0.84,0.184,0.582,,,,,,,,,,,,,,,,,,,,,,,,,,,,,,,,,,,,,,,,,,,,,,,,,,,,,,,,,,,,,,,,,,,,,,,,,,,,,,,,,,,,,,,,,,,,,,,,,,,,,,,,,,,,,,,,,,,,,,,,,,,,,,,,,,,,,,,,,,,,,,,,,,,,,,,,,,,,,,,,,,,,,,,,,,,,,,,,,,,,,,,,,,,,,,,,,,,,,,,,,,,,,
holmeri01,Richaun Holmes,https://www.basketball-reference.com/players/h/holmeri01.html,2023-24,2024,30.0,2TM,C,C,67.0,C,40.0,10.0,555.0,81.0,144.0,0.563,1.0,3.0,0.333,25.0,,19.0,111.0,0.561,82.0,147.0,0.558,34.0,47.0,0.723,71.0,74.0,199.0,344.0,11.0,24.0,182.0,0.0,2.0,3.6,0.563,0.0,0.1,0.333,0.6,,0.5,2.8,0.561,2.1,3.7,0.558,0.9,1.2,0.723,40.0,10.0,13.9,1.8,1.9,5.0,341.0,0.3,0.6,4.6,5.3,9.3,0.563,0.1,0.2,0.333,1.6,,1.2,7.2,0.561,5.3,9.5,0.558,2.2,3.0,0.723,40.0,10.0,555.0,4.6,4.8,12.9,349.0,0.7,1.6,11.8,6.9,12.3,0.563,0.1,0.3,0.333,2.1,,1.6,9.5,116.0,0.561,7.0,12.5,0.558,2.9,4.0,0.723,40.0,10.0,555.0,6.0,123.0,6.3,16.9,349.0,0.9,2.0,15.5,0.02,6.0,,2.9,-3.3,-0.8,21.8,0.5,0.32,40.0,10.0,555.0,-2.4,13.7,0.8,14.5,349.0,0.9,12.5,17.7,0.593,14.7,-0.2,1.3,0.114,,10,36,4,19,40,10,5,18,61,555,-3.6,-7.8,97,3,0,0,0,349,5,6,0.0,0.0,,0.5,0.667,3.7,28.0,0.204,0.558,0.694,0.167,,0.563,0.396,0.333,40.0,10.0,555.0,0.716,1.0,0.578,0.041,0.0,0.98,0.361,0.02,349.0,4.3,4.5,,40.0,10.0,103.0,5.0,91.0,103.0,118.0,92.0,131.0,102.0,555.0,349.0,0.563,0.02,0.333,0.561,0.558,0.723,0.32,0.593,,,,,,,,,,,,,,,,,,,,,,,,,,,,,,,,,,,,,,,,,,,,,,,,,,,,,,,,,,,,,,,,,,,,,,,,,,,,,,,,,,,,,,,,,,,,,,,,,,,,,,,,,,,,,,,,,,,,,,,,,,,,,,,,,,,,,,,,,,,,,,,,,,,,,,,,,,,,,,,,,,,,,,,,,,,,,,,,,,,,,,,,,,,,,,,,,,,,,,,,,,,,,
thomptr01,Tristan Thompson,https://www.basketball-reference.com/players/t/thomptr01.html,2023-24,2024,32.0,CLE,C,C,68.0,C,49.0,0.0,549.0,73.0,119.0,0.613,0.0,1.0,0.0,51.0,,14.0,101.0,0.608,73.0,120.0,0.608,15.0,52.0,0.288,73.0,59.0,161.0,367.0,12.0,29.0,174.0,0.0,1.5,2.4,0.613,0.0,0.0,0.0,1.0,,0.3,2.1,0.608,1.5,2.4,0.608,0.3,1.1,0.288,49.0,0.0,11.2,1.5,1.2,3.3,440.0,0.2,0.6,3.6,4.8,7.8,0.613,0.0,0.1,0.0,3.3,,0.9,6.6,0.608,4.8,7.9,0.608,1.0,3.4,0.288,49.0,0.0,549.0,4.8,3.9,10.6,350.0,0.8,1.9,11.4,6.6,10.7,0.613,0.0,0.1,0.0,4.6,,1.3,9.1,112.0,0.608,6.6,10.8,0.608,1.3,4.7,0.288,49.0,0.0,549.0,6.6,118.0,5.3,14.5,350.0,1.1,2.6,15.7,0.008,12.7,,2.3,-1.4,0.6,20.4,0.8,0.433,49.0,0.0,549.0,-2.1,15.1,0.6,13.9,350.0,1.1,16.9,17.8,0.563,13.8,0.1,1.4,0.119,,9,23,0,16,49,0,3,12,129,549,-2.6,0.4,87,13,0,0,0,350,6,8,1.0,0.0,,,0.0,3.4,20.0,0.2,0.608,0.684,0.5,,0.613,0.472,0.0,49.0,0.0,549.0,0.548,,0.658,0.033,0.0,0.992,0.3,0.008,350.0,14.8,-4.7,,49.0,0.0,113.0,2.0,0.0,111.0,128.0,37.0,177.0,97.0,549.0,350.0,0.613,0.008,0.0,0.608,0.608,0.288,0.433,0.563,,10.0,0.0,80.0,0.0,,80.0,92.0,64.0,51.0,77.0,87.0,128.0,0.438,0.0,,0.438,0.438,0.5,0.125,0.444,0.0,16.4,,5.8,0.5,1.9,13.1,0.1,0.125,10.0,0.0,87.0,-1.4,13.4,0.1,12.5,128.0,0.6,10.6,13.2,0.444,10.1,0.1,0.2,0.106,,1.0,5.0,0.0,0.0,10.0,0.0,0.0,2.0,23.0,87.0,-17.0,-21.5,98.0,3.0,0.0,0.0,0.0,128.0,1.0,0.0,4.2,9.5,0.438,0.0,0.0,,6.0,,3.0,6.0,112.0,0.438,4.2,9.5,0.438,0.6,1.2,0.5,10.0,0.0,87.0,6.0,119.0,5.4,8.9,128.0,0.6,1.2,11.9,2.9,6.6,0.438,0.0,0.0,,4.1,,2.1,4.1,0.438,2.9,6.6,0.438,0.4,0.8,0.5,10.0,0.0,87.0,4.1,3.7,6.2,128.0,0.4,0.8,8.3,0.7,1.6,0.438,0.0,0.0,,1.0,,0.5,1.0,0.438,0.7,1.6,0.438,0.1,0.2,0.5,10.0,0.0,8.7,1.0,0.9,1.5,169.0,0.1,0.2,2.0,0.0,0.0,,,,4.6,3.0,0.25,0.438,0.5,0.5,,0.438,0.375,,10.0,0.0,87.0,0.714,,0.375,0.125,0.0,1.0,0.5,0.0,128.0,7.0,16.0,0.438,0.0,0.0,,10.0,,5.0,10.0,0.438,7.0,16.0,0.438,1.0,2.0,0.5,10.0,0.0,87.0,10.0,9.0,15.0,142.0,1.0,2.0,20.0,0.0
yurtsom01,Omer Yurtseven,https://www.basketball-reference.com/players/y/yurtsom01.html,2023-24,2024,25.0,UTA,C,C,69.0,C,48.0,12.0,545.0,94.0,160.0,0.588,5.0,24.0,0.208,29.0,,18.0,136.0,0.552,99.0,184.0,0.538,19.0,28.0,0.679,72.0,52.0,222.0,331.0,8.0,37.0,208.0,0.0,2.0,3.3,0.588,0.1,0.5,0.208,0.6,,0.4,2.8,0.552,2.1,3.8,0.538,0.4,0.6,0.679,48.0,12.0,11.4,1.5,1.1,4.6,360.0,0.2,0.8,4.3,6.2,10.6,0.588,0.3,1.6,0.208,1.9,,1.2,9.0,0.552,6.5,12.2,0.538,1.3,1.8,0.679,48.0,12.0,545.0,4.8,3.4,14.7,352.0,0.5,2.4,13.7,8.3,14.2,0.588,0.4,2.1,0.208,2.6,,1.6,12.0,118.0,0.552,8.8,16.3,0.538,1.7,2.5,0.679,48.0,12.0,545.0,6.4,112.0,4.6,19.7,352.0,0.7,3.3,18.4,0.13,7.7,,2.9,-3.0,-1.5,27.3,0.4,0.152,48.0,12.0,545.0,-1.6,14.7,0.3,15.0,352.0,0.7,15.9,21.0,0.565,17.9,-0.1,0.7,0.062,,12,27,0,14,48,12,6,12,69,545,-10.4,-13.8,100,0,0,0,0,352,12,11,0.0,0.0,,0.273,0.458,7.4,29.0,0.185,0.538,0.738,0.444,0.5,0.588,0.5,0.208,48.0,12.0,545.0,0.66,1.0,0.332,0.049,0.022,0.87,0.467,0.13,352.0,1.9,-5.7,,48.0,12.0,108.0,33.0,57.0,101.0,113.0,87.0,62.0,97.0,545.0,352.0,0.588,0.13,0.208,0.552,0.538,0.679,0.152,0.565,,,,,,,,,,,,,,,,,,,,,,,,,,,,,,,,,,,,,,,,,,,,,,,,,,,,,,,,,,,,,,,,,,,,,,,,,,,,,,,,,,,,,,,,,,,,,,,,,,,,,,,,,,,,,,,,,,,,,,,,,,,,,,,,,,,,,,,,,,,,,,,,,,,,,,,,,,,,,,,,,,,,,,,,,,,,,,,,,,,,,,,,,,,,,,,,,,,,,,,,,,,,,
willima07,Mark Williams,https://www.basketball-reference.com/players/w/willima07.html,2023-24,2024,22.0,CHO,C,C,70.0,C,19.0,19.0,508.0,98.0,151.0,0.649,0.0,0.0,,22.0,,20.0,108.0,0.649,98.0,151.0,0.649,46.0,64.0,0.719,76.0,50.0,242.0,318.0,16.0,17.0,184.0,0.0,5.2,7.9,0.649,0.0,0.0,,1.2,,1.1,5.7,0.649,5.2,7.9,0.649,2.4,3.4,0.719,19.0,19.0,26.7,4.0,2.6,12.7,127.0,0.8,0.9,9.7,6.9,10.7,0.649,0.0,0.0,,1.6,,1.4,7.7,0.649,6.9,10.7,0.649,3.3,4.5,0.719,19.0,19.0,508.0,5.4,3.5,17.1,359.0,1.1,1.2,13.0,9.5,14.7,0.649,0.0,0.0,,2.1,,1.9,10.5,116.0,0.649,9.5,14.7,0.649,4.5,6.2,0.719,19.0,19.0,508.0,7.4,138.0,4.9,23.5,359.0,1.6,1.7,17.9,0.0,6.8,,3.7,0.8,-0.8,24.6,0.5,0.424,19.0,19.0,508.0,1.6,16.3,1.6,22.5,359.0,1.6,8.7,20.4,0.675,17.1,0.3,2.1,0.198,,7,26,0,30,19,19,4,18,57,508,11.3,-0.8,100,0,0,0,0,359,5,2,0.0,0.0,,,,2.6,47.0,0.331,0.649,0.741,0.5,,0.649,0.378,,19.0,19.0,508.0,0.633,,0.742,0.013,0.0,1.0,0.245,0.0,359.0,30.9,34.2,,19.0,19.0,119.0,0.0,,119.0,137.0,92.0,173.0,116.0,508.0,359.0,0.649,0.0,,0.649,0.649,0.719,0.424,0.675,,,,,,,,,,,,,,,,,,,,,,,,,,,,,,,,,,,,,,,,,,,,,,,,,,,,,,,,,,,,,,,,,,,,,,,,,,,,,,,,,,,,,,,,,,,,,,,,,,,,,,,,,,,,,,,,,,,,,,,,,,,,,,,,,,,,,,,,,,,,,,,,,,,,,,,,,,,,,,,,,,,,,,,,,,,,,,,,,,,,,,,,,,,,,,,,,,,,,,,,,,,,,
gillan01,Anthony Gill,https://www.basketball-reference.com/players/g/gillan01.html,2023-24,2024,31.0,WAS,PF,C,71.0,C,50.0,3.0,466.0,65.0,119.0,0.546,10.0,41.0,0.244,34.0,,11.0,57.0,0.5,75.0,160.0,0.469,29.0,36.0,0.806,37.0,48.0,189.0,350.0,13.0,23.0,94.0,0.0,1.3,2.4,0.546,0.2,0.8,0.244,0.7,,0.2,1.1,0.5,1.5,3.2,0.469,0.6,0.7,0.806,50.0,3.0,9.3,0.7,1.0,3.8,411.0,0.3,0.5,1.9,5.0,9.2,0.546,0.8,3.2,0.244,2.6,,0.8,4.4,0.5,5.8,12.4,0.469,2.2,2.8,0.806,50.0,3.0,466.0,2.9,3.7,14.6,368.0,1.0,1.8,7.3,6.5,11.9,0.546,1.0,4.1,0.244,3.4,,1.1,5.7,120.0,0.5,7.5,16.1,0.469,2.9,3.6,0.806,50.0,3.0,466.0,3.7,109.0,4.8,19.0,368.0,1.3,2.3,9.4,0.256,10.0,,1.9,-4.1,-1.5,13.4,0.2,0.225,50.0,3.0,466.0,-2.6,8.3,0.1,12.1,368.0,1.3,11.6,10.8,0.537,18.0,-0.3,0.4,0.038,,3,25,2,13,50,3,2,16,86,466,10.4,-0.1,70,29,0,2,0,368,14,5,0.0,0.0,,0.083,0.293,9.5,5.0,0.038,0.469,0.667,0.429,1.0,0.546,0.426,0.244,50.0,3.0,466.0,0.692,1.0,0.356,0.044,0.006,0.744,0.338,0.256,368.0,-14.9,-15.0,,50.0,3.0,100.0,65.0,67.0,91.0,99.0,103.0,92.0,93.0,466.0,368.0,0.546,0.256,0.244,0.5,0.469,0.806,0.225,0.537,,,,,,,,,,,,,,,,,,,,,,,,,,,,,,,,,,,,,,,,,,,,,,,,,,,,,,,,,,,,,,,,,,,,,,,,,,,,,,,,,,,,,,,,,,,,,,,,,,,,,,,,,,,,,,,,,,,,,,,,,,,,,,,,,,,,,,,,,,,,,,,,,,,,,,,,,,,,,,,,,,,,,,,,,,,,,,,,,,,,,,,,,,,,,,,,,,,,,,,,,,,,,
lenal01,Alex Len,https://www.basketball-reference.com/players/l/lenal01.html,2023-24,2024,30.0,SAC,C,C,72.0,C,48.0,0.0,444.0,50.0,78.0,0.641,0.0,3.0,0.0,50.0,,33.0,82.0,0.617,50.0,81.0,0.617,20.0,34.0,0.588,46.0,66.0,120.0,394.0,11.0,27.0,128.0,0.0,1.0,1.6,0.641,0.0,0.1,0.0,1.0,,0.7,1.7,0.617,1.0,1.7,0.617,0.4,0.7,0.588,48.0,0.0,9.3,1.0,1.4,2.5,473.0,0.2,0.6,2.7,4.1,6.3,0.641,0.0,0.2,0.0,4.1,,2.7,6.6,0.617,4.1,6.6,0.617,1.6,2.8,0.588,48.0,0.0,444.0,3.7,5.4,9.7,372.0,0.9,2.2,10.4,5.5,8.5,0.641,0.0,0.3,0.0,5.5,,3.6,9.0,111.0,0.617,5.5,8.9,0.617,2.2,3.7,0.588,48.0,0.0,444.0,5.0,123.0,7.2,13.1,372.0,1.2,3.0,14.0,0.037,14.4,,6.8,0.2,2.9,21.2,0.7,0.42,48.0,0.0,444.0,-2.7,11.3,0.6,14.7,372.0,1.2,22.0,16.1,0.625,11.8,0.2,1.3,0.138,,14,37,1,16,48,0,4,10,126,444,14.7,14.4,100,0,0,0,0,372,5,6,0.0,0.0,,0.0,0.333,4.9,20.0,0.321,0.617,0.805,0.4,1.0,0.641,0.433,0.0,48.0,0.0,444.0,0.72,,0.506,0.062,0.025,0.963,0.37,0.037,372.0,11.5,8.7,,48.0,0.0,118.0,9.0,0.0,113.0,130.0,75.0,172.0,108.0,444.0,372.0,0.641,0.037,0.0,0.617,0.617,0.588,0.42,0.625,,,,,,,,,,,,,,,,,,,,,,,,,,,,,,,,,,,,,,,,,,,,,,,,,,,,,,,,,,,,,,,,,,,,,,,,,,,,,,,,,,,,,,,,,,,,,,,,,,,,,,,,,,,,,,,,,,,,,,,,,,,,,,,,,,,,,,,,,,,,,,,,,,,,,,,,,,,,,,,,,,,,,,,,,,,,,,,,,,,,,,,,,,,,,,,,,,,,,,,,,,,,,
bryanth01,Thomas Bryant,https://www.basketball-reference.com/players/b/bryanth01.html,2023-24,2024,26.0,MIA,C,C,73.0,C,38.0,4.0,441.0,82.0,127.0,0.646,4.0,22.0,0.182,23.0,,16.0,101.0,0.591,86.0,149.0,0.577,41.0,47.0,0.872,40.0,46.0,217.0,333.0,10.0,21.0,141.0,0.0,2.2,3.3,0.646,0.1,0.6,0.182,0.6,,0.4,2.7,0.591,2.3,3.9,0.577,1.1,1.2,0.872,38.0,4.0,11.6,1.1,1.2,5.7,308.0,0.3,0.6,3.7,6.7,10.4,0.646,0.3,1.8,0.182,1.9,,1.3,8.2,0.591,7.0,12.2,0.577,3.3,3.8,0.872,38.0,4.0,441.0,3.3,3.8,17.7,373.0,0.8,1.7,11.5,9.3,14.4,0.646,0.5,2.5,0.182,2.6,,1.8,11.4,109.0,0.591,9.7,16.9,0.577,4.6,5.3,0.872,38.0,4.0,441.0,4.5,125.0,5.2,24.5,373.0,1.1,2.4,16.0,0.148,8.3,,3.5,-0.4,0.2,26.2,0.8,0.315,38.0,4.0,441.0,-0.6,10.2,0.9,19.0,373.0,1.1,11.0,18.1,0.639,19.3,0.2,1.6,0.177,,10,26,0,24,38,4,5,10,59,441,0.2,2.2,98,2,0,0,0,373,2,2,0.0,0.0,,0.333,0.273,7.5,34.0,0.248,0.577,0.766,0.444,0.143,0.646,0.596,0.182,38.0,4.0,441.0,0.695,1.0,0.43,0.06,0.047,0.852,0.315,0.148,373.0,13.1,20.2,,38.0,4.0,118.0,37.0,50.0,108.0,122.0,111.0,129.0,110.0,441.0,373.0,0.646,0.148,0.182,0.591,0.577,0.872,0.315,0.639,,2.0,0.0,183.0,72.0,0.0,131.0,151.0,85.0,175.0,124.0,18.0,174.0,1.0,0.286,0.0,0.714,0.714,0.667,0.429,0.721,0.286,12.0,,0.0,4.4,0.5,20.2,0.0,0.429,2.0,0.0,18.0,3.9,12.6,0.0,23.4,174.0,0.0,19.4,16.3,0.721,28.1,0.0,0.0,0.107,,0.0,0.0,0.0,2.0,2.0,0.0,1.0,0.0,2.0,18.0,9.8,-6.9,86.0,14.0,0.0,0.0,0.0,174.0,2.0,0.0,14.7,14.7,1.0,0.0,5.9,0.0,2.9,,0.0,8.8,121.0,0.714,14.7,20.6,0.714,5.9,8.8,0.667,2.0,0.0,18.0,5.9,117.0,2.9,35.3,174.0,0.0,5.9,14.7,10.0,10.0,1.0,0.0,4.0,0.0,2.0,,0.0,6.0,0.714,10.0,14.0,0.714,4.0,6.0,0.667,2.0,0.0,18.0,4.0,2.0,24.0,174.0,0.0,4.0,10.0,2.5,2.5,1.0,0.0,1.0,0.0,0.5,,0.0,1.5,0.714,2.5,3.5,0.714,1.0,1.5,0.667,2.0,0.0,9.0,1.0,0.5,6.0,105.0,0.0,1.0,2.5,0.0,0.0,,0.0,0.5,10.0,0.0,0.0,0.714,1.0,,,1.0,1.0,0.0,2.0,0.0,18.0,0.4,,0.429,0.0,0.0,0.714,0.286,0.286,174.0,5.0,5.0,1.0,0.0,2.0,0.0,1.0,,0.0,3.0,0.714,5.0,7.0,0.714,2.0,3.0,0.667,2.0,0.0,18.0,2.0,1.0,12.0,147.0,0.0,2.0,5.0,0.0
youngth01,Thaddeus Young,https://www.basketball-reference.com/players/y/youngth01.html,2023-24,2024,35.0,2TM,PF,C,74.0,C,33.0,6.0,439.0,64.0,101.0,0.634,1.0,7.0,0.143,57.0,,5.0,57.0,0.606,65.0,108.0,0.602,6.0,15.0,0.4,46.0,49.0,137.0,384.0,23.0,15.0,103.0,0.0,1.9,3.1,0.634,0.0,0.2,0.143,1.7,,0.2,1.7,0.606,2.0,3.3,0.602,0.2,0.5,0.4,33.0,6.0,13.3,1.4,1.5,4.2,384.0,0.7,0.5,3.1,5.2,8.3,0.634,0.1,0.6,0.143,4.7,,0.4,4.7,0.606,5.3,8.9,0.602,0.5,1.2,0.4,33.0,6.0,439.0,3.8,4.0,11.2,374.0,1.9,1.2,8.4,7.1,11.1,0.634,0.1,0.8,0.143,6.3,,0.6,6.3,116.0,0.606,7.2,11.9,0.602,0.7,1.7,0.4,33.0,6.0,439.0,5.1,130.0,5.4,15.1,374.0,2.5,1.7,11.4,0.065,17.9,,1.0,0.3,0.8,14.5,0.4,0.139,33.0,6.0,439.0,-0.5,11.7,0.9,15.9,374.0,2.5,11.6,13.0,0.598,12.6,0.2,1.3,0.138,,1,30,4,6,33,6,3,10,126,439,-0.2,-4.8,81,17,0,2,0,374,7,6,0.0,0.0,,0.25,0.571,4.6,5.0,0.046,0.602,0.667,0.429,1.0,0.634,0.611,0.143,33.0,6.0,439.0,0.734,1.0,0.528,0.065,0.009,0.935,0.333,0.065,374.0,12.9,4.1,,33.0,6.0,116.0,16.0,39.0,111.0,127.0,51.0,57.0,103.0,439.0,374.0,0.634,0.065,0.143,0.606,0.602,0.4,0.139,0.598,,1.0,0.0,,,,,,,,,4.0,209.0,,,,,,,,,,0.0,,0.0,-6.3,-3.1,0.0,0.0,,1.0,0.0,4.0,-3.2,0.0,0.0,0.0,209.0,0.0,,0.0,,0.0,0.0,0.0,-0.073,,0.0,0.0,0.0,0.0,1.0,0.0,0.0,0.0,0.0,4.0,-63.7,-78.6,0.0,100.0,0.0,0.0,0.0,209.0,0.0,0.0,0.0,0.0,,0.0,0.0,,0.0,,0.0,0.0,136.0,,0.0,0.0,,0.0,0.0,,1.0,0.0,4.0,0.0,,0.0,0.0,209.0,0.0,0.0,0.0,0.0,0.0,,0.0,0.0,,0.0,,0.0,0.0,,0.0,0.0,,0.0,0.0,,1.0,0.0,4.0,0.0,0.0,0.0,209.0,0.0,0.0,0.0,0.0,0.0,,0.0,0.0,,0.0,,0.0,0.0,,0.0,0.0,,0.0,0.0,,1.0,0.0,4.0,0.0,0.0,0.0,214.0,0.0,0.0,0.0,0.0,0.0,,,,,0.0,,,,,,,,,1.0,0.0,4.0,,,,,,,,,209.0,0.0,0.0,,0.0,0.0,,0.0,,0.0,0.0,,0.0,0.0,,0.0,0.0,,1.0,0.0,4.0,0.0,0.0,0.0,214.0,0.0,0.0,0.0,0.0
barlodo01,Dominick Barlow,https://www.basketball-reference.com/players/b/barlodo01.html,2023-24,2024,20.0,SAS,PF,C,75.0,C,33.0,1.0,420.0,53.0,104.0,0.51,3.0,9.0,0.333,36.0,,14.0,68.0,0.509,56.0,113.0,0.496,29.0,42.0,0.69,45.0,47.0,144.0,378.0,12.0,9.0,113.0,0.0,1.6,3.2,0.51,0.1,0.3,0.333,1.1,,0.4,2.1,0.509,1.7,3.4,0.496,0.9,1.3,0.69,33.0,1.0,12.7,1.4,1.4,4.4,371.0,0.4,0.3,3.4,4.5,8.9,0.51,0.3,0.8,0.333,3.1,,1.2,5.8,0.509,4.8,9.7,0.496,2.5,3.6,0.69,33.0,1.0,420.0,3.9,4.0,12.3,377.0,1.0,0.8,9.7,6.0,11.8,0.51,0.3,1.0,0.333,4.1,,1.6,7.7,116.0,0.509,6.3,12.8,0.496,3.3,4.7,0.69,33.0,1.0,420.0,5.1,125.0,5.3,16.3,377.0,1.4,1.0,12.8,0.08,11.7,,2.8,-1.7,0.0,17.7,0.4,0.372,33.0,1.0,420.0,-1.7,11.5,0.7,14.6,377.0,1.4,6.4,14.5,0.548,14.1,0.0,1.1,0.126,,3,30,2,18,33,1,2,8,85,420,1.8,-4.7,78,21,0,2,0,377,5,0,0.0,0.0,,0.375,0.889,7.4,9.0,0.088,0.496,0.578,0.48,0.2,0.51,0.483,0.333,33.0,1.0,420.0,0.698,1.0,0.398,0.221,0.044,0.92,0.257,0.08,377.0,-8.5,-8.5,,33.0,1.0,93.0,20.0,91.0,93.0,104.0,88.0,152.0,94.0,420.0,377.0,0.51,0.08,0.333,0.509,0.496,0.69,0.372,0.548,,,,,,,,,,,,,,,,,,,,,,,,,,,,,,,,,,,,,,,,,,,,,,,,,,,,,,,,,,,,,,,,,,,,,,,,,,,,,,,,,,,,,,,,,,,,,,,,,,,,,,,,,,,,,,,,,,,,,,,,,,,,,,,,,,,,,,,,,,,,,,,,,,,,,,,,,,,,,,,,,,,,,,,,,,,,,,,,,,,,,,,,,,,,,,,,,,,,,,,,,,,,,
pokusal01,Aleksej Pokusevski,https://www.basketball-reference.com/players/p/pokusal01.html,2023-24,2024,22.0,2TM,PF,C,76.0,C,28.0,0.0,405.0,31.0,66.0,0.47,18.0,55.0,0.327,35.0,,13.0,72.0,0.479,49.0,121.0,0.405,30.0,41.0,0.732,17.0,22.0,146.0,377.0,15.0,19.0,89.0,0.0,1.1,2.4,0.47,0.6,2.0,0.327,1.3,,0.5,2.6,0.479,1.8,4.3,0.405,1.1,1.5,0.732,28.0,0.0,14.5,0.6,0.8,5.2,334.0,0.5,0.7,3.2,2.8,5.9,0.47,1.6,4.9,0.327,3.1,,1.2,6.4,0.479,4.4,10.8,0.405,2.7,3.6,0.732,28.0,0.0,405.0,1.5,2.0,13.0,383.0,1.3,1.7,7.9,3.8,8.0,0.47,2.2,6.7,0.327,4.2,,1.6,8.7,116.0,0.479,5.9,14.7,0.405,3.6,5.0,0.732,28.0,0.0,405.0,2.1,107.0,2.7,17.7,383.0,1.8,2.3,10.8,0.455,12.0,,3.0,-1.9,-0.1,20.4,0.4,0.339,28.0,0.0,405.0,-1.8,4.6,0.0,12.7,383.0,1.8,12.0,12.3,0.525,17.2,0.0,0.4,0.05,,1,10,2,21,28,0,3,4,87,405,-0.4,-8.7,58,42,0,0,0,383,12,3,0.0,0.0,,0.188,0.291,16.8,6.0,0.05,0.405,0.786,0.5,0.0,0.47,0.28,0.327,28.0,0.0,405.0,0.774,1.0,0.231,0.033,0.074,0.545,0.207,0.455,383.0,-16.3,-15.3,,28.0,0.0,86.0,115.0,89.0,88.0,85.0,93.0,139.0,91.0,405.0,383.0,0.47,0.455,0.327,0.479,0.405,0.732,0.339,0.525,,,,,,,,,,,,,,,,,,,,,,,,,,,,,,,,,,,,,,,,,,,,,,,,,,,,,,,,,,,,,,,,,,,,,,,,,,,,,,,,,,,,,,,,,,,,,,,,,,,,,,,,,,,,,,,,,,,,,,,,,,,,,,,,,,,,,,,,,,,,,,,,,,,,,,,,,,,,,,,,,,,,,,,,,,,,,,,,,,,,,,,,,,,,,,,,,,,,,,,,,,,,,
jordade01,DeAndre Jordan,https://www.basketball-reference.com/players/j/jordade01.html,2023-24,2024,35.0,DEN,C,C,77.0,C,36.0,2.0,396.0,58.0,93.0,0.624,0.0,0.0,,26.0,,16.0,103.0,0.624,58.0,93.0,0.624,26.0,53.0,0.491,54.0,56.0,142.0,381.0,6.0,23.0,157.0,0.0,1.6,2.6,0.624,0.0,0.0,,0.7,,0.4,2.9,0.624,1.6,2.6,0.624,0.7,1.5,0.491,36.0,2.0,11.0,1.5,1.6,3.9,409.0,0.2,0.6,4.4,5.3,8.5,0.624,0.0,0.0,,2.4,,1.5,9.4,0.624,5.3,8.5,0.624,2.4,4.8,0.491,36.0,2.0,396.0,4.9,5.1,12.9,387.0,0.5,2.1,14.3,7.3,11.6,0.624,0.0,0.0,,3.3,,2.0,12.9,110.0,0.624,7.3,11.6,0.624,3.3,6.6,0.491,36.0,2.0,396.0,6.8,121.0,7.0,17.8,387.0,0.8,2.9,19.7,0.0,8.5,,3.4,-1.7,-0.1,28.0,0.6,0.57,36.0,2.0,396.0,-1.7,15.6,0.6,16.0,387.0,0.8,16.5,22.0,0.61,15.4,0.0,1.2,0.147,,11,32,1,24,36,2,7,11,58,396,-16.2,-9.1,100,0,0,0,0,387,7,3,0.0,0.0,,,,2.0,37.0,0.441,0.624,0.675,0.0,,0.624,0.4,,36.0,2.0,396.0,0.724,,0.828,0.011,0.0,1.0,0.161,0.0,387.0,14.3,7.1,,36.0,2.0,114.0,0.0,,114.0,131.0,63.0,233.0,105.0,396.0,387.0,0.624,0.0,,0.624,0.624,0.491,0.57,0.61,,2.0,0.0,92.0,0.0,,91.0,105.0,128.0,409.0,120.0,13.0,184.0,0.5,0.0,,0.5,0.5,1.0,1.0,0.694,0.0,0.0,,7.2,-0.3,4.7,18.0,0.0,1.0,2.0,0.0,13.0,-5.0,8.5,0.0,17.3,184.0,4.0,0.0,13.1,0.694,10.2,0.0,0.1,0.268,,0.0,2.0,0.0,1.0,2.0,0.0,0.0,1.0,0.0,13.0,-79.2,-80.0,100.0,0.0,0.0,0.0,0.0,184.0,0.0,0.0,4.0,8.0,0.5,0.0,0.0,,0.0,,4.0,8.0,102.0,0.5,4.0,8.0,0.5,8.0,8.0,1.0,2.0,0.0,13.0,4.0,159.0,16.0,16.0,184.0,4.0,0.0,12.0,2.8,5.5,0.5,0.0,0.0,,0.0,,2.8,5.5,0.5,2.8,5.5,0.5,5.5,5.5,1.0,2.0,0.0,13.0,2.8,11.1,11.1,184.0,2.8,0.0,8.3,0.5,1.0,0.5,0.0,0.0,,0.0,,0.5,1.0,0.5,0.5,1.0,0.5,1.0,1.0,1.0,2.0,0.0,6.5,0.5,2.0,2.0,157.0,0.5,0.0,1.5,0.0,0.0,,,,1.6,1.0,1.0,0.5,0.5,,,0.5,,,2.0,0.0,13.0,1.0,,1.0,0.0,0.0,1.0,0.0,0.0,184.0,1.0,2.0,0.5,0.0,0.0,,0.0,,1.0,2.0,0.5,1.0,2.0,0.5,2.0,2.0,1.0,2.0,0.0,13.0,1.0,4.0,4.0,179.0,1.0,0.0,3.0,0.0
portejo01,Jontay Porter,https://www.basketball-reference.com/players/p/portejo01.html,2023-24,2024,24.0,TOR,PF,C,78.0,C,26.0,5.0,360.0,20.0,44.0,0.455,20.0,60.0,0.333,60.0,,20.0,56.0,0.481,40.0,104.0,0.385,15.0,18.0,0.833,26.0,35.0,115.0,397.0,20.0,21.0,82.0,0.0,0.8,1.7,0.455,0.8,2.3,0.333,2.3,,0.8,2.2,0.481,1.5,4.0,0.385,0.6,0.7,0.833,26.0,5.0,13.8,1.0,1.3,4.4,375.0,0.8,0.8,3.2,2.0,4.4,0.455,2.0,6.0,0.333,6.0,,2.0,5.6,0.481,4.0,10.4,0.385,1.5,1.8,0.833,26.0,5.0,360.0,2.6,3.5,11.5,397.0,2.0,2.1,8.2,2.7,5.9,0.455,2.7,8.0,0.333,8.0,,2.7,7.5,114.0,0.481,5.4,14.0,0.385,2.0,2.4,0.833,26.0,5.0,360.0,3.5,112.0,4.7,15.4,397.0,2.7,2.8,11.0,0.577,21.8,,4.9,1.7,1.9,17.5,0.4,0.173,26.0,5.0,360.0,-0.3,7.8,0.2,14.9,397.0,2.7,15.8,12.5,0.514,15.8,0.3,0.7,0.089,,3,17,1,7,26,5,0,3,140,360,-3.2,-9.4,97,3,0,0,0,397,16,2,0.0,0.0,,0.6,0.083,16.8,2.0,0.038,0.385,0.542,0.0,0.5,0.455,0.6,0.333,26.0,5.0,360.0,0.65,1.0,0.231,0.077,0.019,0.423,0.096,0.577,397.0,-13.7,-14.8,,26.0,5.0,83.0,146.0,91.0,88.0,81.0,106.0,71.0,89.0,360.0,397.0,0.455,0.577,0.333,0.481,0.385,0.833,0.173,0.514,,,,,,,,,,,,,,,,,,,,,,,,,,,,,,,,,,,,,,,,,,,,,,,,,,,,,,,,,,,,,,,,,,,,,,,,,,,,,,,,,,,,,,,,,,,,,,,,,,,,,,,,,,,,,,,,,,,,,,,,,,,,,,,,,,,,,,,,,,,,,,,,,,,,,,,,,,,,,,,,,,,,,,,,,,,,,,,,,,,,,,,,,,,,,,,,,,,,,,,,,,,,,
mcgeeja01,JaVale McGee,https://www.basketball-reference.com/players/m/mcgeeja01.html,2023-24,2024,36.0,SAC,C,C,79.0,C,46.0,0.0,339.0,78.0,125.0,0.624,1.0,7.0,0.143,17.0,,20.0,84.0,0.602,79.0,132.0,0.598,26.0,45.0,0.578,42.0,46.0,185.0,352.0,14.0,34.0,126.0,0.0,1.7,2.7,0.624,0.0,0.2,0.143,0.4,,0.4,1.8,0.602,1.7,2.9,0.598,0.6,1.0,0.578,46.0,0.0,7.4,0.9,1.0,4.0,402.0,0.3,0.7,2.7,8.3,13.3,0.624,0.1,0.7,0.143,1.8,,2.1,8.9,0.602,8.4,14.0,0.598,2.8,4.8,0.578,46.0,0.0,339.0,4.5,4.9,19.6,401.0,1.5,3.6,13.4,11.2,17.9,0.624,0.1,1.0,0.143,2.4,,2.9,12.0,109.0,0.602,11.3,18.9,0.598,3.7,6.4,0.578,46.0,0.0,339.0,6.0,109.0,6.6,26.5,401.0,2.0,4.9,18.1,0.053,7.6,,5.4,-1.3,0.6,28.4,0.6,0.341,46.0,0.0,339.0,-1.9,13.6,0.1,19.0,401.0,2.0,18.3,20.8,0.609,23.4,0.1,0.7,0.101,,12,17,1,25,46,0,7,5,40,339,-3.9,-2.2,100,0,0,0,0,401,12,7,0.0,0.0,,,0.0,4.9,35.0,0.303,0.598,0.769,0.0,0.0,0.624,0.509,0.143,46.0,0.0,339.0,0.769,1.0,0.492,0.03,0.008,0.947,0.417,0.053,401.0,14.7,8.9,,46.0,0.0,114.0,13.0,39.0,110.0,126.0,74.0,140.0,105.0,339.0,401.0,0.624,0.053,0.143,0.602,0.598,0.578,0.341,0.609,,,,,,,,,,,,,,,,,,,,,,,,,,,,,,,,,,,,,,,,,,,,,,,,,,,,,,,,,,,,,,,,,,,,,,,,,,,,,,,,,,,,,,,,,,,,,,,,,,,,,,,,,,,,,,,,,,,,,,,,,,,,,,,,,,,,,,,,,,,,,,,,,,,,,,,,,,,,,,,,,,,,,,,,,,,,,,,,,,,,,,,,,,,,,,,,,,,,,,,,,,,,,
quetane01,Neemias Queta,https://www.basketball-reference.com/players/q/quetane01.html,2023-24,2024,24.0,BOS,C,C,80.0,C,28.0,0.0,333.0,67.0,104.0,0.644,0.0,0.0,,20.0,,21.0,69.0,0.644,67.0,104.0,0.644,20.0,28.0,0.714,53.0,50.0,154.0,371.0,13.0,13.0,122.0,0.0,2.4,3.7,0.644,0.0,0.0,,0.7,,0.8,2.5,0.644,2.4,3.7,0.644,0.7,1.0,0.714,28.0,0.0,11.9,1.9,1.8,5.5,318.0,0.5,0.5,4.4,7.2,11.2,0.644,0.0,0.0,,2.2,,2.3,7.5,0.644,7.2,11.2,0.644,2.2,3.0,0.714,28.0,0.0,333.0,5.7,5.4,16.6,404.0,1.4,1.4,13.2,9.9,15.4,0.644,0.0,0.0,,3.0,,3.1,10.2,106.0,0.644,9.9,15.4,0.644,3.0,4.2,0.714,28.0,0.0,333.0,7.9,139.0,7.4,22.8,404.0,1.9,1.9,18.1,0.0,8.5,,5.5,1.5,1.1,21.5,0.7,0.269,28.0,0.0,333.0,0.4,17.9,1.1,22.9,404.0,1.9,10.1,19.8,0.662,16.9,0.3,1.8,0.259,,6,34,1,15,28,0,4,12,54,333,9.4,19.9,93,7,0,0,0,404,2,2,0.0,0.0,,,,3.2,28.0,0.288,0.644,0.78,0.4,1.0,0.644,0.462,,28.0,0.0,333.0,0.701,,0.567,0.048,0.01,1.0,0.375,0.0,404.0,20.3,19.1,,28.0,0.0,118.0,0.0,,118.0,136.0,91.0,110.0,114.0,333.0,404.0,0.644,0.0,,0.644,0.644,0.714,0.269,0.662,,3.0,0.0,122.0,0.0,,122.0,141.0,,0.0,115.0,13.0,183.0,0.667,0.0,,0.667,0.667,,0.0,0.667,0.0,0.0,,7.1,0.5,-0.5,17.9,0.0,0.0,3.0,0.0,13.0,1.0,9.1,0.0,17.4,183.0,0.0,0.0,13.5,0.667,10.7,0.0,0.1,0.189,,0.0,0.0,0.0,0.0,3.0,0.0,0.0,0.0,0.0,13.0,38.2,46.3,100.0,0.0,0.0,0.0,0.0,183.0,0.0,0.0,8.0,12.1,0.667,0.0,0.0,,0.0,,4.0,8.0,108.0,0.667,8.0,12.1,0.667,0.0,0.0,,3.0,0.0,13.0,4.0,144.0,0.0,16.1,183.0,0.0,0.0,12.1,5.5,8.3,0.667,0.0,0.0,,0.0,,2.8,5.5,0.667,5.5,8.3,0.667,0.0,0.0,,3.0,0.0,13.0,2.8,0.0,11.1,183.0,0.0,0.0,8.3,0.7,1.0,0.667,0.0,0.0,,0.0,,0.3,0.7,0.667,0.7,1.0,0.667,0.0,0.0,,3.0,0.0,4.3,0.3,0.0,1.3,177.0,0.0,0.0,1.0,0.0,0.0,,,,3.2,1.0,0.333,0.667,1.0,,,0.667,0.0,,3.0,0.0,13.0,1.0,,0.667,0.0,0.0,1.0,0.333,0.0,183.0,2.0,3.0,0.667,0.0,0.0,,0.0,,1.0,2.0,0.667,2.0,3.0,0.667,0.0,0.0,,3.0,0.0,13.0,1.0,0.0,4.0,182.0,0.0,0.0,3.0,0.0
zelleco01,Cody Zeller,https://www.basketball-reference.com/players/z/zelleco01.html,2023-24,2024,31.0,NOP,C,C,81.0,C,43.0,0.0,320.0,25.0,59.0,0.424,1.0,3.0,0.333,39.0,,5.0,64.0,0.427,26.0,62.0,0.419,23.0,38.0,0.605,48.0,45.0,76.0,429.0,9.0,16.0,112.0,0.0,0.6,1.4,0.424,0.0,0.1,0.333,0.9,,0.1,1.5,0.427,0.6,1.4,0.419,0.5,0.9,0.605,43.0,0.0,7.4,1.1,1.0,1.8,509.0,0.2,0.4,2.6,2.8,6.6,0.424,0.1,0.3,0.333,4.4,,0.6,7.2,0.427,2.9,7.0,0.419,2.6,4.3,0.605,43.0,0.0,320.0,5.4,5.1,8.6,406.0,1.0,1.8,12.6,3.8,9.0,0.424,0.2,0.5,0.333,6.0,,0.8,9.8,112.0,0.427,4.0,9.5,0.419,3.5,5.8,0.605,43.0,0.0,320.0,7.4,119.0,6.9,11.6,406.0,1.4,2.5,17.2,0.048,15.2,,1.5,-2.6,0.3,22.0,0.4,0.613,43.0,0.0,320.0,-2.9,16.9,0.4,12.8,406.0,1.4,16.9,19.5,0.483,12.9,0.0,0.8,0.124,,6,24,4,14,43,0,3,10,92,320,2.9,7.3,100,0,0,0,0,406,6,2,0.0,0.0,,,0.0,3.8,9.0,0.145,0.419,0.512,0.0,0.0,0.424,0.25,0.333,43.0,0.0,320.0,0.56,1.0,0.661,0.016,0.016,0.952,0.258,0.048,406.0,-14.8,-15.3,,43.0,0.0,78.0,12.0,91.0,78.0,88.0,77.0,251.0,83.0,320.0,406.0,0.424,0.048,0.333,0.427,0.419,0.605,0.613,0.483,,,,,,,,,,,,,,,,,,,,,,,,,,,,,,,,,,,,,,,,,,,,,,,,,,,,,,,,,,,,,,,,,,,,,,,,,,,,,,,,,,,,,,,,,,,,,,,,,,,,,,,,,,,,,,,,,,,,,,,,,,,,,,,,,,,,,,,,,,,,,,,,,,,,,,,,,,,,,,,,,,,,,,,,,,,,,,,,,,,,,,,,,,,,,,,,,,,,,,,,,,,,,
mensana01,Nathan Mensah,https://www.basketball-reference.com/players/m/mensana01.html,2023-24,2024,25.0,CHO,C,C,82.0,C,25.0,0.0,307.0,12.0,28.0,0.429,0.0,0.0,,9.0,,14.0,36.0,0.429,12.0,28.0,0.429,9.0,12.0,0.75,29.0,64.0,33.0,481.0,6.0,14.0,65.0,0.0,0.5,1.1,0.429,0.0,0.0,,0.4,,0.6,1.4,0.429,0.5,1.1,0.429,0.4,0.5,0.75,25.0,0.0,12.3,1.2,2.6,1.3,534.0,0.2,0.6,2.6,1.4,3.3,0.429,0.0,0.0,,1.1,,1.6,4.2,0.429,1.4,3.3,0.429,1.1,1.4,0.75,25.0,0.0,307.0,3.4,7.5,3.9,411.0,0.7,1.6,7.6,1.9,4.5,0.429,0.0,0.0,,1.4,,2.3,5.8,119.0,0.429,1.9,4.5,0.429,1.4,1.9,0.75,25.0,0.0,307.0,4.7,104.0,10.3,5.3,411.0,1.0,2.3,10.4,0.0,3.7,,4.3,-8.8,-0.1,13.6,0.2,0.429,25.0,0.0,307.0,-8.7,10.3,0.0,5.0,411.0,1.0,29.6,11.9,0.496,6.8,-0.5,0.1,0.023,,10,39,10,5,25,0,0,2,22,307,-12.1,-21.8,100,0,0,0,0,411,0,3,0.0,0.0,,,,4.0,3.0,0.107,0.429,0.545,,,0.429,0.353,,25.0,0.0,307.0,0.667,,0.393,0.0,0.0,1.0,0.607,0.0,411.0,-6.6,-5.6,,25.0,0.0,79.0,0.0,,78.0,90.0,96.0,175.0,85.0,307.0,411.0,0.429,0.0,,0.429,0.429,0.75,0.429,0.496,,,,,,,,,,,,,,,,,,,,,,,,,,,,,,,,,,,,,,,,,,,,,,,,,,,,,,,,,,,,,,,,,,,,,,,,,,,,,,,,,,,,,,,,,,,,,,,,,,,,,,,,,,,,,,,,,,,,,,,,,,,,,,,,,,,,,,,,,,,,,,,,,,,,,,,,,,,,,,,,,,,,,,,,,,,,,,,,,,,,,,,,,,,,,,,,,,,,,,,,,,,,,
robinor01,Orlando Robinson,https://www.basketball-reference.com/players/r/robinor01.html,2023-24,2024,23.0,MIA,C,C,83.0,C,36.0,7.0,304.0,28.0,57.0,0.491,8.0,15.0,0.533,34.0,,8.0,56.0,0.556,36.0,72.0,0.5,19.0,25.0,0.76,28.0,35.0,99.0,407.0,7.0,18.0,84.0,0.0,0.8,1.6,0.491,0.2,0.4,0.533,0.9,,0.2,1.6,0.556,1.0,2.0,0.5,0.5,0.7,0.76,36.0,7.0,8.4,0.8,1.0,2.8,461.0,0.2,0.5,2.3,3.3,6.8,0.491,0.9,1.8,0.533,4.0,,0.9,6.6,0.556,4.3,8.5,0.5,2.3,3.0,0.76,36.0,7.0,304.0,3.3,4.1,11.7,413.0,0.8,2.1,9.9,4.6,9.4,0.491,1.3,2.5,0.533,5.6,,1.3,9.2,111.0,0.556,5.9,11.8,0.5,3.1,4.1,0.76,36.0,7.0,304.0,4.6,120.0,5.7,16.2,413.0,1.1,3.0,13.8,0.208,15.8,,2.6,-1.1,0.8,21.0,0.5,0.347,36.0,7.0,304.0,-1.9,10.4,0.4,14.0,413.0,1.1,17.8,15.7,0.596,14.8,0.1,0.9,0.135,,5,22,0,11,36,7,3,7,84,304,-0.4,1.7,100,0,0,0,0,413,9,2,0.0,0.0,,1.0,0.2,9.1,5.0,0.097,0.5,0.692,0.0,0.0,0.491,0.4,0.533,36.0,7.0,304.0,0.607,1.0,0.361,0.056,0.028,0.792,0.347,0.208,413.0,1.3,2.7,,36.0,7.0,90.0,53.0,146.0,102.0,105.0,97.0,142.0,103.0,304.0,413.0,0.491,0.208,0.533,0.556,0.5,0.76,0.347,0.596,,1.0,0.0,,253.0,0.0,0.0,0.0,,0.0,0.0,2.0,213.0,,1.0,0.0,0.0,0.0,,0.0,0.0,1.0,67.4,,0.0,2.0,5.8,60.6,0.0,0.0,1.0,0.0,2.0,-3.8,0.0,0.0,2.3,213.0,0.0,0.0,29.3,0.0,24.5,0.0,0.0,-0.362,,0.0,0.0,0.0,0.0,1.0,0.0,0.0,0.0,3.0,2.0,91.8,75.0,100.0,0.0,0.0,0.0,0.0,213.0,0.0,0.0,0.0,0.0,,0.0,26.4,0.0,26.4,,0.0,26.4,111.0,0.0,0.0,26.4,0.0,0.0,0.0,,1.0,0.0,2.0,0.0,51.0,0.0,0.0,213.0,0.0,0.0,26.4,0.0,0.0,,0.0,18.0,0.0,18.0,,0.0,18.0,0.0,0.0,18.0,0.0,0.0,0.0,,1.0,0.0,2.0,0.0,0.0,0.0,213.0,0.0,0.0,18.0,0.0,0.0,,0.0,1.0,0.0,1.0,,0.0,1.0,0.0,0.0,1.0,0.0,0.0,0.0,,1.0,0.0,2.0,0.0,0.0,0.0,208.0,0.0,0.0,1.0,0.0,0.0,,0.0,1.0,23.8,0.0,0.0,0.0,,,,,,0.0,1.0,0.0,2.0,,,0.0,0.0,0.0,0.0,0.0,1.0,213.0,0.0,0.0,,0.0,1.0,0.0,1.0,,0.0,1.0,0.0,0.0,1.0,0.0,0.0,0.0,,1.0,0.0,2.0,0.0,0.0,0.0,208.0,0.0,0.0,1.0,0.0
jonesda03,Damian Jones,https://www.basketball-reference.com/players/j/jonesda03.html,2023-24,2024,28.0,CLE,C,C,84.0,C,39.0,0.0,270.0,40.0,58.0,0.69,3.0,14.0,0.214,15.0,,13.0,42.0,0.618,43.0,72.0,0.597,18.0,21.0,0.857,20.0,27.0,107.0,403.0,7.0,13.0,62.0,0.0,1.0,1.5,0.69,0.1,0.4,0.214,0.4,,0.3,1.1,0.618,1.1,1.8,0.597,0.5,0.5,0.857,39.0,0.0,6.9,0.5,0.7,2.7,464.0,0.2,0.3,1.6,5.3,7.7,0.69,0.4,1.9,0.214,2.0,,1.7,5.6,0.618,5.7,9.6,0.597,2.4,2.8,0.857,39.0,0.0,270.0,2.7,3.6,14.3,421.0,0.9,1.7,8.3,7.3,10.6,0.69,0.5,2.6,0.214,2.7,,2.4,7.7,111.0,0.618,7.9,13.2,0.597,3.3,3.8,0.857,39.0,0.0,270.0,3.7,125.0,4.9,19.6,421.0,1.3,2.4,11.3,0.194,7.9,,4.3,-0.5,1.2,17.3,0.4,0.292,39.0,0.0,270.0,-1.7,8.4,0.4,15.8,421.0,1.3,13.8,12.9,0.659,15.4,0.1,0.8,0.15,,5,14,0,14,39,0,7,3,40,270,-22.6,-18.4,100,0,0,0,0,421,4,2,0.0,0.0,,0.333,0.429,8.2,17.0,0.25,0.597,0.795,0.8,0.25,0.69,0.4,0.214,39.0,0.0,270.0,0.775,1.0,0.542,0.069,0.056,0.806,0.139,0.194,421.0,10.3,12.8,,39.0,0.0,126.0,49.0,59.0,113.0,126.0,109.0,119.0,114.0,270.0,421.0,0.69,0.194,0.214,0.618,0.597,0.857,0.292,0.659,,2.0,0.0,,,,,,,,,9.0,200.0,,,,,,,,,,28.5,,11.1,-1.7,4.1,12.6,0.0,,2.0,0.0,9.0,-5.9,12.9,0.0,5.7,200.0,0.0,100.0,12.8,,10.3,0.0,0.0,-0.111,,0.0,0.0,0.0,0.0,2.0,0.0,0.0,0.0,4.0,9.0,-15.5,-22.2,100.0,0.0,0.0,0.0,0.0,200.0,2.0,0.0,0.0,0.0,,0.0,0.0,,11.5,,5.8,5.8,111.0,,0.0,0.0,,0.0,0.0,,2.0,0.0,9.0,5.8,65.0,0.0,0.0,200.0,0.0,11.5,11.5,0.0,0.0,,0.0,0.0,,8.0,,4.0,4.0,,0.0,0.0,,0.0,0.0,,2.0,0.0,9.0,4.0,0.0,0.0,200.0,0.0,8.0,8.0,0.0,0.0,,0.0,0.0,,1.0,,0.5,0.5,,0.0,0.0,,0.0,0.0,,2.0,0.0,4.5,0.5,0.0,0.0,203.0,0.0,1.0,1.0,0.0,0.0,,,,,0.0,,,,,,,,,2.0,0.0,9.0,,,,,,,,,200.0,0.0,0.0,,0.0,0.0,,2.0,,1.0,1.0,,0.0,0.0,,0.0,0.0,,2.0,0.0,9.0,1.0,0.0,0.0,203.0,0.0,2.0,2.0,0.0
badjiib01,Ibou Badji,https://www.basketball-reference.com/players/b/badjiib01.html,2023-24,2024,21.0,POR,C,C,85.0,C,22.0,1.0,226.0,14.0,22.0,0.636,0.0,0.0,,13.0,,20.0,31.0,0.636,14.0,22.0,0.636,6.0,12.0,0.5,20.0,46.0,34.0,474.0,3.0,15.0,51.0,0.0,0.6,1.0,0.636,0.0,0.0,,0.6,,0.9,1.4,0.636,0.6,1.0,0.636,0.3,0.5,0.5,22.0,1.0,10.3,0.9,2.1,1.5,522.0,0.1,0.7,2.3,2.2,3.5,0.636,0.0,0.0,,2.1,,3.2,4.9,0.636,2.2,3.5,0.636,1.0,1.9,0.5,22.0,1.0,226.0,3.2,7.3,5.4,428.0,0.5,2.4,8.1,3.1,4.8,0.636,0.0,0.0,,2.8,,4.4,6.8,115.0,0.636,3.1,4.8,0.636,1.3,2.6,0.5,22.0,1.0,226.0,4.4,104.0,10.0,7.4,428.0,0.7,3.3,11.1,0.0,7.7,,8.0,-5.8,1.9,16.3,0.2,0.545,22.0,1.0,226.0,-7.7,9.4,0.0,8.1,428.0,0.7,35.5,12.6,0.623,8.0,-0.2,0.2,0.046,,4,30,1,5,22,1,0,3,28,226,-11.3,-20.0,100,0,0,0,0,428,2,7,0.0,0.0,,,,4.2,7.0,0.409,0.636,0.769,0.667,1.0,0.636,0.2,,22.0,1.0,226.0,0.5,,0.591,0.136,0.045,1.0,0.227,0.0,428.0,4.0,2.4,,22.0,1.0,117.0,0.0,,116.0,134.0,64.0,223.0,107.0,226.0,428.0,0.636,0.0,,0.636,0.636,0.5,0.545,0.623,,,,,,,,,,,,,,,,,,,,,,,,,,,,,,,,,,,,,,,,,,,,,,,,,,,,,,,,,,,,,,,,,,,,,,,,,,,,,,,,,,,,,,,,,,,,,,,,,,,,,,,,,,,,,,,,,,,,,,,,,,,,,,,,,,,,,,,,,,,,,,,,,,,,,,,,,,,,,,,,,,,,,,,,,,,,,,,,,,,,,,,,,,,,,,,,,,,,,,,,,,,,,
morrima02,Markieff Morris,https://www.basketball-reference.com/players/m/morrima02.html,2023-24,2024,34.0,DAL,PF,C,86.0,C,26.0,1.0,216.0,8.0,26.0,0.308,15.0,42.0,0.357,16.0,,3.0,35.0,0.449,23.0,68.0,0.338,5.0,6.0,0.833,4.0,12.0,66.0,435.0,5.0,12.0,39.0,0.0,0.3,1.0,0.308,0.6,1.6,0.357,0.6,,0.1,1.3,0.449,0.9,2.6,0.338,0.2,0.2,0.833,26.0,1.0,8.3,0.2,0.5,2.5,474.0,0.2,0.5,1.5,1.3,4.3,0.308,2.5,7.0,0.357,2.7,,0.5,5.8,0.449,3.8,11.3,0.338,0.8,1.0,0.833,26.0,1.0,216.0,0.7,2.0,11.0,431.0,0.8,2.0,6.5,1.8,5.8,0.308,3.3,9.3,0.357,3.6,,0.7,7.8,116.0,0.449,5.1,15.1,0.338,1.1,1.3,0.833,26.0,1.0,216.0,0.9,92.0,2.7,14.7,431.0,1.1,2.7,8.7,0.618,9.4,,1.2,-5.3,-1.3,17.6,0.2,0.088,26.0,1.0,216.0,-4.0,2.0,-0.3,6.6,431.0,1.1,14.5,9.9,0.467,16.4,-0.2,-0.1,-0.014,,1,6,0,3,26,1,0,2,39,216,-17.5,-14.4,57,43,0,0,0,431,6,4,0.0,0.0,,0.5,0.238,20.4,0.0,0.0,0.338,0.333,0.25,0.25,0.308,0.429,0.357,26.0,1.0,216.0,0.5,0.867,0.044,0.118,0.118,0.382,0.103,0.618,431.0,-13.3,-15.9,,26.0,1.0,56.0,156.0,98.0,82.0,71.0,106.0,36.0,81.0,216.0,431.0,0.308,0.618,0.357,0.449,0.338,0.833,0.088,0.467,,1.0,0.0,0.0,152.0,91.0,55.0,42.0,,0.0,52.0,12.0,187.0,0.0,0.6,0.333,0.3,0.2,,0.0,0.3,0.6,0.0,,0.0,-12.9,-1.4,37.9,0.0,0.0,1.0,0.0,12.0,-11.6,0.0,-0.1,-4.2,187.0,0.0,16.7,19.1,0.3,22.7,0.0,-0.1,-0.217,,0.0,1.0,0.0,0.0,1.0,0.0,0.0,0.0,0.0,12.0,21.6,25.0,45.0,55.0,0.0,0.0,0.0,187.0,0.0,1.0,0.0,8.7,0.0,4.3,13.0,0.333,0.0,,0.0,17.3,110.0,0.3,4.3,21.7,0.2,0.0,0.0,,1.0,0.0,12.0,0.0,54.0,4.3,13.0,187.0,0.0,4.3,17.3,0.0,6.0,0.0,3.0,9.0,0.333,0.0,,0.0,12.0,0.3,3.0,15.0,0.2,0.0,0.0,,1.0,0.0,12.0,0.0,3.0,9.0,187.0,0.0,3.0,12.0,0.0,2.0,0.0,1.0,3.0,0.333,0.0,,0.0,4.0,0.3,1.0,5.0,0.2,0.0,0.0,,1.0,0.0,12.0,0.0,1.0,3.0,141.0,0.0,1.0,4.0,0.0,0.0,,0.5,0.667,21.6,0.0,0.0,0.2,,,0.0,0.0,,0.333,1.0,0.0,12.0,,1.0,0.0,0.0,0.4,0.4,0.0,0.6,187.0,0.0,2.0,0.0,1.0,3.0,0.333,0.0,,0.0,4.0,0.3,1.0,5.0,0.2,0.0,0.0,,1.0,0.0,12.0,0.0,1.0,3.0,187.0,0.0,1.0,4.0,0.0
bassech01,Charles Bassey,https://www.basketball-reference.com/players/b/bassech01.html,2023-24,2024,23.0,SAS,C,C,87.0,C,19.0,0.0,205.0,29.0,39.0,0.744,0.0,1.0,0.0,21.0,,17.0,53.0,0.725,29.0,40.0,0.725,5.0,6.0,0.833,23.0,31.0,63.0,437.0,8.0,15.0,76.0,0.0,1.5,2.1,0.744,0.0,0.1,0.0,1.1,,0.9,2.8,0.725,1.5,2.1,0.725,0.3,0.3,0.833,19.0,0.0,10.8,1.2,1.6,3.3,435.0,0.4,0.8,4.0,5.1,6.8,0.744,0.0,0.2,0.0,3.7,,3.0,9.3,0.725,5.1,7.0,0.725,0.9,1.1,0.833,19.0,0.0,205.0,4.0,5.4,11.1,434.0,1.4,2.6,13.3,6.7,9.0,0.744,0.0,0.2,0.0,4.9,,3.9,12.3,109.0,0.725,6.7,9.3,0.725,1.2,1.4,0.833,19.0,0.0,205.0,5.3,126.0,7.2,14.6,434.0,1.9,3.5,17.6,0.025,14.1,,6.9,1.3,3.1,28.2,0.4,0.15,19.0,0.0,205.0,-1.8,12.0,0.3,17.7,434.0,1.9,26.0,20.0,0.739,11.9,0.2,0.7,0.157,,2,20,0,3,19,0,2,1,52,205,-4.4,-10.5,63,37,0,0,0,434,10,2,0.0,0.0,,,0.0,5.0,10.0,0.25,0.725,0.846,0.5,0.0,0.744,0.75,0.0,19.0,0.0,205.0,0.793,,0.65,0.2,0.025,0.975,0.1,0.025,434.0,14.3,13.5,,19.0,0.0,136.0,6.0,0.0,133.0,153.0,106.0,61.0,127.0,205.0,434.0,0.744,0.025,0.0,0.725,0.725,0.833,0.15,0.739,,,,,,,,,,,,,,,,,,,,,,,,,,,,,,,,,,,,,,,,,,,,,,,,,,,,,,,,,,,,,,,,,,,,,,,,,,,,,,,,,,,,,,,,,,,,,,,,,,,,,,,,,,,,,,,,,,,,,,,,,,,,,,,,,,,,,,,,,,,,,,,,,,,,,,,,,,,,,,,,,,,,,,,,,,,,,,,,,,,,,,,,,,,,,,,,,,,,,,,,,,,,,
gibsota01,Taj Gibson,https://www.basketball-reference.com/players/g/gibsota01.html,2023-24,2024,38.0,2TM,PF,C,88.0,C,20.0,1.0,204.0,13.0,27.0,0.481,2.0,10.0,0.2,11.0,,7.0,25.0,0.432,15.0,37.0,0.405,2.0,2.0,1.0,12.0,31.0,34.0,479.0,3.0,5.0,37.0,0.0,0.7,1.4,0.481,0.1,0.5,0.2,0.6,,0.4,1.3,0.432,0.8,1.9,0.405,0.1,0.1,1.0,20.0,1.0,10.2,0.6,1.6,1.7,510.0,0.2,0.3,1.9,2.3,4.8,0.481,0.4,1.8,0.2,1.9,,1.2,4.4,0.432,2.6,6.5,0.405,0.4,0.4,1.0,20.0,1.0,204.0,2.1,5.5,6.0,435.0,0.5,0.9,6.5,3.2,6.6,0.481,0.5,2.4,0.2,2.7,,1.7,6.1,116.0,0.432,3.7,9.1,0.405,0.5,0.5,1.0,20.0,1.0,204.0,2.9,105.0,7.6,8.3,435.0,0.7,1.2,9.1,0.27,6.9,,3.2,-5.3,0.1,13.8,0.2,0.054,20.0,1.0,204.0,-5.3,6.6,0.0,5.9,435.0,0.7,11.7,10.2,0.449,9.0,-0.2,0.2,0.044,,3,18,0,1,20,1,0,3,26,204,-9.5,-6.9,56,44,0,0,0,435,0,2,0.0,0.0,,0.125,0.8,10.8,1.0,0.054,0.405,0.462,1.0,0.667,0.481,0.25,0.2,20.0,1.0,204.0,0.615,1.0,0.351,0.081,0.081,0.73,0.216,0.27,435.0,-8.4,-9.9,,20.0,1.0,88.0,68.0,55.0,79.0,85.0,128.0,22.0,77.0,204.0,435.0,0.481,0.27,0.2,0.432,0.405,1.0,0.054,0.449,,,,,,,,,,,,,,,,,,,,,,,,,,,,,,,,,,,,,,,,,,,,,,,,,,,,,,,,,,,,,,,,,,,,,,,,,,,,,,,,,,,,,,,,,,,,,,,,,,,,,,,,,,,,,,,,,,,,,,,,,,,,,,,,,,,,,,,,,,,,,,,,,,,,,,,,,,,,,,,,,,,,,,,,,,,,,,,,,,,,,,,,,,,,,,,,,,,,,,,,,,,,,
brownmo01,Moses Brown,https://www.basketball-reference.com/players/b/brownmo01.html,2023-24,2024,24.0,POR,C,C,89.0,C,22.0,5.0,200.0,33.0,65.0,0.508,0.0,0.0,,7.0,,7.0,49.0,0.508,33.0,65.0,0.508,9.0,31.0,0.29,37.0,27.0,75.0,430.0,5.0,11.0,86.0,0.0,1.5,3.0,0.508,0.0,0.0,,0.3,,0.3,2.2,0.508,1.5,3.0,0.508,0.4,1.4,0.29,22.0,5.0,9.1,1.7,1.2,3.4,430.0,0.2,0.5,3.9,5.9,11.7,0.508,0.0,0.0,,1.3,,1.3,8.8,0.508,5.9,11.7,0.508,1.6,5.6,0.29,22.0,5.0,200.0,6.7,4.9,13.5,436.0,0.9,2.0,15.5,8.1,16.0,0.508,0.0,0.0,,1.7,,1.7,12.1,114.0,0.508,8.1,16.0,0.508,2.2,7.7,0.29,22.0,5.0,200.0,9.1,103.0,6.7,18.5,436.0,1.2,2.7,21.2,0.0,5.4,,3.2,-6.5,-2.4,29.2,0.2,0.477,22.0,5.0,200.0,-4.1,19.6,-0.1,14.5,436.0,1.2,12.3,24.1,0.477,19.1,-0.2,0.2,0.044,,2,20,0,16,22,5,3,12,14,200,-8.1,-17.1,100,0,0,0,0,436,3,4,0.0,0.0,,,,3.3,15.0,0.262,0.508,0.656,0.0,0.0,0.508,0.4,,22.0,5.0,200.0,0.697,,0.492,0.031,0.015,1.0,0.462,0.0,436.0,-5.0,-16.2,,22.0,5.0,93.0,0.0,,93.0,107.0,37.0,195.0,82.0,200.0,436.0,0.508,0.0,,0.508,0.508,0.29,0.477,0.477,,,,,,,,,,,,,,,,,,,,,,,,,,,,,,,,,,,,,,,,,,,,,,,,,,,,,,,,,,,,,,,,,,,,,,,,,,,,,,,,,,,,,,,,,,,,,,,,,,,,,,,,,,,,,,,,,,,,,,,,,,,,,,,,,,,,,,,,,,,,,,,,,,,,,,,,,,,,,,,,,,,,,,,,,,,,,,,,,,,,,,,,,,,,,,,,,,,,,,,,,,,,,
antetth01,Thanasis Antetokounmpo,https://www.basketball-reference.com/players/a/antetth01.html,2023-24,2024,31.0,MIL,PF,C,90.0,C,34.0,0.0,155.0,16.0,29.0,0.552,0.0,1.0,0.0,17.0,,4.0,6.0,0.533,16.0,30.0,0.533,0.0,2.0,0.0,7.0,24.0,32.0,483.0,7.0,14.0,13.0,0.0,0.5,0.9,0.552,0.0,0.0,0.0,0.5,,0.1,0.2,0.533,0.5,0.9,0.533,0.0,0.1,0.0,34.0,0.0,4.6,0.2,0.7,0.9,548.0,0.2,0.4,0.4,3.7,6.7,0.552,0.0,0.2,0.0,3.9,,0.9,1.4,0.533,3.7,7.0,0.533,0.0,0.5,0.0,34.0,0.0,155.0,1.6,5.6,7.4,449.0,1.6,3.3,3.0,5.0,9.0,0.552,0.0,0.3,0.0,5.3,,1.2,1.9,117.0,0.533,5.0,9.3,0.533,0.0,0.6,0.0,34.0,0.0,155.0,2.2,92.0,7.4,9.9,449.0,2.2,4.3,4.0,0.033,13.9,,2.2,-6.4,0.3,4.2,0.1,0.067,34.0,0.0,155.0,-6.7,5.1,-0.2,5.5,449.0,2.2,31.2,4.6,0.518,12.5,-0.2,0.0,-0.01,,1,11,1,1,34,0,0,3,44,155,-15.1,-11.8,58,34,0,9,0,449,4,5,0.0,0.0,,0.0,1.0,3.7,7.0,0.333,0.533,0.609,,0.0,0.552,0.4,0.0,34.0,0.0,155.0,0.75,,0.767,0.0,0.033,0.967,0.167,0.033,449.0,-0.8,-3.8,,34.0,0.0,101.0,8.0,0.0,98.0,112.0,0.0,27.0,89.0,155.0,449.0,0.552,0.033,0.0,0.533,0.533,0.0,0.067,0.518,,2.0,0.0,,,,,,,,,5.0,205.0,,,,,,,,,,0.0,,19.7,12.1,15.8,0.0,0.0,,2.0,0.0,5.0,-3.6,0.0,0.0,15.7,205.0,10.3,,0.0,,0.0,0.0,0.0,0.18,,0.0,1.0,0.0,0.0,2.0,0.0,0.0,0.0,0.0,5.0,23.9,20.0,99.0,1.0,0.0,0.0,0.0,205.0,0.0,0.0,0.0,0.0,,0.0,0.0,,0.0,,10.3,0.0,90.0,,0.0,0.0,,0.0,0.0,,2.0,0.0,5.0,0.0,,10.3,0.0,205.0,10.3,0.0,0.0,0.0,0.0,,0.0,0.0,,0.0,,7.2,0.0,,0.0,0.0,,0.0,0.0,,2.0,0.0,5.0,0.0,7.2,0.0,205.0,7.2,0.0,0.0,0.0,0.0,,0.0,0.0,,0.0,,0.5,0.0,,0.0,0.0,,0.0,0.0,,2.0,0.0,2.5,0.0,0.5,0.0,198.0,0.5,0.0,0.0,0.0,0.0,,,,,0.0,,,,,,,,,2.0,0.0,5.0,,,,,,,,,205.0,0.0,0.0,,0.0,0.0,,0.0,,1.0,0.0,,0.0,0.0,,0.0,0.0,,2.0,0.0,5.0,0.0,1.0,0.0,198.0,1.0,0.0,0.0,0.0
vukcetr01,Tristan Vukcevic,https://www.basketball-reference.com/players/v/vukcetr01.html,2023-24,2024,20.0,WAS,C,C,91.0,C,10.0,4.0,153.0,19.0,31.0,0.613,10.0,36.0,0.278,13.0,,7.0,30.0,0.507,29.0,67.0,0.433,17.0,22.0,0.773,6.0,28.0,85.0,421.0,5.0,10.0,36.0,0.0,1.9,3.1,0.613,1.0,3.6,0.278,1.3,,0.7,3.0,0.507,2.9,6.7,0.433,1.7,2.2,0.773,10.0,4.0,15.3,0.6,2.8,8.5,215.0,0.5,1.0,3.6,4.5,7.3,0.613,2.4,8.5,0.278,3.1,,1.6,7.1,0.507,6.8,15.8,0.433,4.0,5.2,0.773,10.0,4.0,153.0,1.4,6.6,20.0,450.0,1.2,2.4,8.5,5.8,9.5,0.613,3.1,11.0,0.278,4.0,,2.1,9.2,116.0,0.507,8.9,20.5,0.433,5.2,6.7,0.773,10.0,4.0,153.0,1.8,106.0,8.6,26.0,450.0,1.5,3.1,11.0,0.537,12.1,,3.7,-3.6,-0.1,21.5,0.1,0.328,10.0,4.0,153.0,-3.5,4.1,0.0,13.9,450.0,1.5,11.5,12.6,0.554,23.9,-0.1,0.1,0.045,,2,16,1,12,10,4,4,3,31,153,20.8,10.7,86,14,0,0,0,450,4,2,0.0,0.0,,0.0,0.083,16.8,3.0,0.06,0.433,0.929,0.5,0.0,0.613,0.364,0.278,10.0,4.0,153.0,0.842,0.9,0.209,0.06,0.03,0.463,0.164,0.537,450.0,-5.2,-3.9,,10.0,4.0,112.0,136.0,76.0,93.0,91.0,99.0,134.0,96.0,153.0,450.0,0.613,0.537,0.278,0.507,0.433,0.773,0.328,0.554,,,,,,,,,,,,,,,,,,,,,,,,,,,,,,,,,,,,,,,,,,,,,,,,,,,,,,,,,,,,,,,,,,,,,,,,,,,,,,,,,,,,,,,,,,,,,,,,,,,,,,,,,,,,,,,,,,,,,,,,,,,,,,,,,,,,,,,,,,,,,,,,,,,,,,,,,,,,,,,,,,,,,,,,,,,,,,,,,,,,,,,,,,,,,,,,,,,,,,,,,,,,,
garzalu01,Luka Garza,https://www.basketball-reference.com/players/g/garzalu01.html,2023-24,2024,25.0,MIN,C,C,92.0,C,25.0,0.0,122.0,27.0,43.0,0.628,9.0,32.0,0.281,4.0,,1.0,12.0,0.54,36.0,75.0,0.48,18.0,25.0,0.72,19.0,24.0,99.0,406.0,4.0,6.0,31.0,0.0,1.1,1.7,0.628,0.4,1.3,0.281,0.2,,0.0,0.5,0.54,1.4,3.0,0.48,0.7,1.0,0.72,25.0,0.0,4.9,0.8,1.0,4.0,398.0,0.2,0.2,1.2,8.0,12.7,0.628,2.7,9.4,0.281,1.2,,0.3,3.5,0.54,10.6,22.1,0.48,5.3,7.4,0.72,25.0,0.0,122.0,5.6,7.1,29.2,463.0,1.2,1.8,9.1,10.9,17.4,0.628,3.6,13.0,0.281,1.6,,0.4,4.9,111.0,0.54,14.6,30.4,0.48,7.3,10.1,0.72,25.0,0.0,122.0,7.7,117.0,9.7,40.1,463.0,1.6,2.4,12.6,0.427,5.9,,0.7,-2.1,-2.7,10.7,0.2,0.333,25.0,0.0,122.0,0.6,18.6,0.2,21.8,463.0,1.6,6.5,14.4,0.576,33.3,0.0,0.4,0.166,,0,13,5,12,25,0,3,5,10,122,-5.8,0.9,100,0,0,0,0,463,3,3,0.0,0.0,,0.0,0.031,13.6,2.0,0.027,0.48,0.714,1.0,,0.628,0.538,0.281,25.0,0.0,122.0,0.556,1.0,0.187,0.04,0.0,0.573,0.347,0.427,463.0,-1.0,-0.8,,25.0,0.0,115.0,108.0,77.0,99.0,101.0,92.0,136.0,99.0,122.0,463.0,0.628,0.427,0.281,0.54,0.48,0.72,0.333,0.576,,7.0,0.0,163.0,63.0,182.0,168.0,176.0,112.0,273.0,161.0,26.0,166.0,0.889,0.25,0.667,0.917,0.833,0.875,0.667,0.934,0.25,9.1,,0.0,24.3,4.6,18.2,0.0,0.667,7.0,0.0,26.0,19.7,9.1,0.3,48.4,166.0,0.0,0.0,13.7,0.934,27.2,0.2,0.3,0.518,,0.0,0.0,0.0,2.0,7.0,0.0,0.0,1.0,3.0,26.0,40.6,43.7,100.0,0.0,0.0,0.0,0.0,166.0,0.0,0.0,16.1,18.1,0.889,4.0,6.0,0.667,2.0,,0.0,8.0,117.0,0.917,20.1,24.1,0.833,14.1,16.1,0.875,7.0,0.0,26.0,4.0,190.0,0.0,58.3,166.0,0.0,0.0,12.1,11.1,12.5,0.889,2.8,4.2,0.667,1.4,,0.0,5.5,0.917,13.8,16.6,0.833,9.7,11.1,0.875,7.0,0.0,26.0,2.8,0.0,40.2,166.0,0.0,0.0,8.3,1.1,1.3,0.889,0.3,0.4,0.667,0.1,,0.0,0.6,0.917,1.4,1.7,0.833,1.0,1.1,0.875,7.0,0.0,3.7,0.3,0.0,4.1,127.0,0.0,0.0,0.9,0.0,0.0,,,0.0,8.7,1.0,0.083,0.833,0.857,1.0,,0.889,1.0,0.667,7.0,0.0,26.0,0.75,1.0,0.583,0.083,0.0,0.75,0.083,0.25,166.0,8.0,9.0,0.889,2.0,3.0,0.667,1.0,,0.0,4.0,0.917,10.0,12.0,0.833,7.0,8.0,0.875,7.0,0.0,26.0,2.0,0.0,29.0,121.0,0.0,0.0,6.0,0.0
boldema01,Marques Bolden,https://www.basketball-reference.com/players/b/boldema01.html,2023-24,2024,25.0,2TM,C,C,93.0,C,11.0,2.0,121.0,17.0,24.0,0.708,0.0,1.0,0.0,4.0,,7.0,24.0,0.68,17.0,25.0,0.68,3.0,4.0,0.75,10.0,10.0,37.0,471.0,3.0,3.0,34.0,0.0,1.5,2.2,0.708,0.0,0.1,0.0,0.4,,0.6,2.2,0.68,1.5,2.3,0.68,0.3,0.4,0.75,11.0,2.0,11.0,0.9,0.9,3.4,426.0,0.3,0.3,3.1,5.1,7.1,0.708,0.0,0.3,0.0,1.2,,2.1,7.1,0.68,5.1,7.4,0.68,0.9,1.2,0.75,11.0,2.0,121.0,3.0,3.0,11.0,466.0,0.9,0.9,10.1,6.9,9.8,0.708,0.0,0.4,0.0,1.6,,2.9,9.8,116.0,0.68,6.9,10.2,0.68,1.2,1.6,0.75,11.0,2.0,121.0,4.1,136.0,4.1,15.1,466.0,1.2,1.2,13.9,0.04,4.8,,5.4,-2.7,-0.5,22.8,0.1,0.16,11.0,2.0,121.0,-2.1,9.0,0.2,16.0,466.0,1.2,10.1,15.8,0.691,10.9,0.0,0.3,0.134,,2,7,0,1,11,2,0,0,11,121,3.7,-6.6,100,0,0,0,0,466,0,0,0.0,0.0,,,0.0,5.4,5.0,0.2,0.68,0.818,0.2,,0.708,0.875,0.0,11.0,2.0,121.0,0.824,,0.44,0.2,0.0,0.96,0.32,0.04,466.0,6.7,6.0,,11.0,2.0,130.0,10.0,0.0,124.0,143.0,96.0,65.0,119.0,121.0,466.0,0.708,0.04,0.0,0.68,0.68,0.75,0.16,0.691,,,,,,,,,,,,,,,,,,,,,,,,,,,,,,,,,,,,,,,,,,,,,,,,,,,,,,,,,,,,,,,,,,,,,,,,,,,,,,,,,,,,,,,,,,,,,,,,,,,,,,,,,,,,,,,,,,,,,,,,,,,,,,,,,,,,,,,,,,,,,,,,,,,,,,,,,,,,,,,,,,,,,,,,,,,,,,,,,,,,,,,,,,,,,,,,,,,,,,,,,,,,,
gueyemo01,Mouhamadou Gueye,https://www.basketball-reference.com/players/g/gueyemo01.html,2023-24,2024,25.0,TOR,PF,C,94.0,C,11.0,0.0,120.0,11.0,35.0,0.314,0.0,3.0,0.0,5.0,,18.0,11.0,0.289,11.0,38.0,0.289,4.0,9.0,0.444,12.0,15.0,26.0,492.0,3.0,12.0,23.0,0.0,1.0,3.2,0.314,0.0,0.3,0.0,0.5,,1.6,1.0,0.289,1.0,3.5,0.289,0.4,0.8,0.444,11.0,0.0,10.9,1.1,1.4,2.4,477.0,0.3,1.1,2.1,3.3,10.5,0.314,0.0,0.9,0.0,1.5,,5.4,3.3,0.289,3.3,11.4,0.289,1.2,2.7,0.444,11.0,0.0,120.0,3.6,4.5,7.8,467.0,0.9,3.6,6.9,4.4,14.1,0.314,0.0,1.2,0.0,2.0,,7.2,4.4,113.0,0.289,4.4,15.3,0.289,1.6,3.6,0.444,11.0,0.0,120.0,4.8,67.0,6.0,10.5,467.0,1.2,4.8,9.3,0.079,5.3,,13.2,-11.9,-0.9,10.3,0.2,0.237,11.0,0.0,120.0,-11.0,10.8,-0.5,4.6,467.0,1.2,22.2,10.5,0.31,19.2,-0.3,-0.4,-0.147,,1,13,1,2,11,0,1,6,14,120,-26.1,-31.7,91,10,0,0,0,467,7,2,0.0,0.0,,,0.0,6.0,6.0,0.211,0.289,0.467,0.0,0.0,0.314,0.222,0.0,11.0,0.0,120.0,0.727,,0.395,0.026,0.026,0.921,0.474,0.079,467.0,-19.5,-22.7,,11.0,0.0,58.0,20.0,0.0,53.0,61.0,57.0,97.0,53.0,120.0,467.0,0.314,0.079,0.0,0.289,0.289,0.444,0.237,0.31,,,,,,,,,,,,,,,,,,,,,,,,,,,,,,,,,,,,,,,,,,,,,,,,,,,,,,,,,,,,,,,,,,,,,,,,,,,,,,,,,,,,,,,,,,,,,,,,,,,,,,,,,,,,,,,,,,,,,,,,,,,,,,,,,,,,,,,,,,,,,,,,,,,,,,,,,,,,,,,,,,,,,,,,,,,,,,,,,,,,,,,,,,,,,,,,,,,,,,,,,,,,,
williro04,Robert Williams,https://www.basketball-reference.com/players/w/williro04.html,2023-24,2024,26.0,POR,C,C,95.0,C,6.0,0.0,119.0,17.0,26.0,0.654,0.0,0.0,,5.0,,7.0,27.0,0.654,17.0,26.0,0.654,7.0,9.0,0.778,11.0,17.0,41.0,466.0,7.0,7.0,38.0,0.0,2.8,4.3,0.654,0.0,0.0,,0.8,,1.2,4.5,0.654,2.8,4.3,0.654,1.2,1.5,0.778,6.0,0.0,19.8,1.8,2.8,6.8,273.0,1.2,1.2,6.3,5.1,7.9,0.654,0.0,0.0,,1.5,,2.1,8.2,0.654,5.1,7.9,0.654,2.1,2.7,0.778,6.0,0.0,119.0,3.3,5.1,12.4,469.0,2.1,2.1,11.5,7.1,10.8,0.654,0.0,0.0,,2.1,,2.9,11.2,109.0,0.654,7.1,10.8,0.654,2.9,3.7,0.778,6.0,0.0,119.0,4.6,122.0,7.1,17.0,469.0,2.9,2.9,15.8,0.0,6.3,,5.3,0.7,2.9,27.0,0.2,0.346,6.0,0.0,119.0,-2.2,9.8,0.2,17.2,469.0,2.9,18.9,17.9,0.684,13.2,0.1,0.4,0.144,,2,12,0,5,6,0,3,4,12,119,-3.0,-12.2,82,18,0,0,0,469,2,2,0.0,0.0,,,,5.8,5.0,0.269,0.654,0.769,1.0,0.6,0.654,0.429,,6.0,0.0,119.0,0.529,,0.5,0.038,0.192,1.0,0.269,0.0,469.0,5.6,6.2,,6.0,0.0,120.0,0.0,,120.0,138.0,99.0,142.0,118.0,119.0,469.0,0.654,0.0,,0.654,0.654,0.778,0.346,0.684,,,,,,,,,,,,,,,,,,,,,,,,,,,,,,,,,,,,,,,,,,,,,,,,,,,,,,,,,,,,,,,,,,,,,,,,,,,,,,,,,,,,,,,,,,,,,,,,,,,,,,,,,,,,,,,,,,,,,,,,,,,,,,,,,,,,,,,,,,,,,,,,,,,,,,,,,,,,,,,,,,,,,,,,,,,,,,,,,,,,,,,,,,,,,,,,,,,,,,,,,,,,,
hurtma01,Matthew Hurt,https://www.basketball-reference.com/players/h/hurtma01.html,2023-24,2024,23.0,MEM,PF,C,96.0,C,8.0,0.0,113.0,7.0,14.0,0.5,5.0,20.0,0.25,4.0,,3.0,7.0,0.426,12.0,34.0,0.353,3.0,3.0,1.0,9.0,8.0,32.0,484.0,3.0,2.0,16.0,0.0,0.9,1.8,0.5,0.6,2.5,0.25,0.5,,0.4,0.9,0.426,1.5,4.3,0.353,0.4,0.4,1.0,8.0,0.0,14.1,1.1,1.0,4.0,401.0,0.4,0.3,2.0,2.2,4.5,0.5,1.6,6.4,0.25,1.3,,1.0,2.2,0.426,3.8,10.8,0.353,1.0,1.0,1.0,8.0,0.0,113.0,2.9,2.5,10.2,472.0,1.0,0.6,5.1,3.0,6.1,0.5,2.2,8.7,0.25,1.7,,1.3,3.0,117.0,0.426,5.2,14.7,0.353,1.3,1.3,1.0,8.0,0.0,113.0,3.9,104.0,3.5,13.8,472.0,1.3,0.9,6.9,0.588,5.1,,2.5,-3.7,-0.7,7.1,0.1,0.088,8.0,0.0,113.0,-3.0,8.4,0.0,8.4,472.0,1.3,5.4,7.7,0.453,14.2,-0.1,0.1,0.031,,1,6,0,1,8,0,0,1,10,113,-0.9,-8.1,47,43,0,10,0,472,1,0,0.0,0.0,,0.4,0.25,19.5,0.0,0.0,0.353,0.667,0.0,0.5,0.5,0.5,0.25,8.0,0.0,113.0,0.571,1.0,0.088,0.029,0.176,0.412,0.118,0.588,472.0,-8.2,-9.0,,8.0,0.0,92.0,149.0,68.0,78.0,74.0,128.0,36.0,78.0,113.0,472.0,0.5,0.588,0.25,0.426,0.353,1.0,0.088,0.453,,,,,,,,,,,,,,,,,,,,,,,,,,,,,,,,,,,,,,,,,,,,,,,,,,,,,,,,,,,,,,,,,,,,,,,,,,,,,,,,,,,,,,,,,,,,,,,,,,,,,,,,,,,,,,,,,,,,,,,,,,,,,,,,,,,,,,,,,,,,,,,,,,,,,,,,,,,,,,,,,,,,,,,,,,,,,,,,,,,,,,,,,,,,,,,,,,,,,,,,,,,,,
azubuud01,Udoka Azubuike,https://www.basketball-reference.com/players/a/azubuud01.html,2023-24,2024,24.0,PHO,C,C,96.0,C,16.0,0.0,113.0,16.0,23.0,0.696,0.0,0.0,,3.0,,6.0,21.0,0.696,16.0,23.0,0.696,3.0,13.0,0.231,11.0,17.0,35.0,473.0,1.0,4.0,32.0,0.0,1.0,1.4,0.696,0.0,0.0,,0.2,,0.4,1.3,0.696,1.0,1.4,0.696,0.2,0.8,0.231,16.0,0.0,7.1,0.7,1.1,2.2,488.0,0.1,0.3,2.0,5.1,7.3,0.696,0.0,0.0,,1.0,,1.9,6.7,0.696,5.1,7.3,0.696,1.0,4.1,0.231,16.0,0.0,113.0,3.5,5.4,11.2,471.0,0.3,1.3,10.2,6.9,9.9,0.696,0.0,0.0,,1.3,,2.6,9.1,114.0,0.696,6.9,9.9,0.696,1.3,5.6,0.231,16.0,0.0,113.0,4.8,118.0,7.3,15.1,471.0,0.4,1.7,13.8,0.0,3.6,,4.7,-3.2,-0.1,20.0,0.1,0.565,16.0,0.0,113.0,-3.0,11.6,0.1,12.3,471.0,0.4,12.2,16.0,0.609,12.6,0.0,0.2,0.1,,2,12,1,6,16,0,1,3,6,113,-21.0,-17.1,100,0,0,0,0,471,0,2,0.0,0.0,,,,2.7,10.0,0.522,0.696,0.813,0.0,,0.696,0.5,,16.0,0.0,113.0,0.563,,0.696,0.043,0.0,1.0,0.261,0.0,471.0,6.9,1.7,,16.0,0.0,128.0,0.0,,127.0,147.0,29.0,231.0,105.0,113.0,471.0,0.696,0.0,,0.696,0.696,0.231,0.565,0.609,,,,,,,,,,,,,,,,,,,,,,,,,,,,,,,,,,,,,,,,,,,,,,,,,,,,,,,,,,,,,,,,,,,,,,,,,,,,,,,,,,,,,,,,,,,,,,,,,,,,,,,,,,,,,,,,,,,,,,,,,,,,,,,,,,,,,,,,,,,,,,,,,,,,,,,,,,,,,,,,,,,,,,,,,,,,,,,,,,,,,,,,,,,,,,,,,,,,,,,,,,,,,
willima11,Malik Williams,https://www.basketball-reference.com/players/w/willima11.html,2023-24,2024,25.0,TOR,C,C,98.0,C,7.0,2.0,107.0,8.0,29.0,0.276,1.0,5.0,0.2,2.0,,4.0,23.0,0.279,9.0,34.0,0.265,0.0,2.0,0.0,15.0,15.0,19.0,510.0,3.0,3.0,38.0,0.0,1.1,4.1,0.276,0.1,0.7,0.2,0.3,,0.6,3.3,0.279,1.3,4.9,0.265,0.0,0.3,0.0,7.0,2.0,15.3,2.1,2.1,2.7,465.0,0.4,0.4,5.4,2.7,9.8,0.276,0.3,1.7,0.2,0.7,,1.3,7.7,0.279,3.0,11.4,0.265,0.0,0.7,0.0,7.0,2.0,107.0,5.0,5.0,6.4,475.0,1.0,1.0,12.8,3.6,13.1,0.276,0.5,2.3,0.2,0.9,,1.8,10.4,116.0,0.279,4.1,15.3,0.265,0.0,0.9,0.0,7.0,2.0,107.0,6.8,79.0,6.8,8.6,475.0,1.4,1.4,17.1,0.147,2.4,,3.3,-11.5,-3.7,24.1,0.1,0.059,7.0,2.0,107.0,-7.8,15.1,-0.3,4.9,475.0,1.4,7.9,19.5,0.272,15.1,-0.3,-0.2,-0.069,,2,7,0,1,7,2,0,7,5,107,-17.6,-23.6,100,0,0,0,0,475,1,0,0.0,0.0,,0.0,0.2,7.4,2.0,0.118,0.265,0.375,0.0,0.0,0.276,0.25,0.2,7.0,2.0,107.0,0.5,1.0,0.471,0.118,0.029,0.853,0.235,0.147,475.0,-18.2,-21.5,,7.0,2.0,51.0,37.0,55.0,51.0,56.0,0.0,24.0,47.0,107.0,475.0,0.276,0.147,0.2,0.279,0.265,0.0,0.059,0.272,,,,,,,,,,,,,,,,,,,,,,,,,,,,,,,,,,,,,,,,,,,,,,,,,,,,,,,,,,,,,,,,,,,,,,,,,,,,,,,,,,,,,,,,,,,,,,,,,,,,,,,,,,,,,,,,,,,,,,,,,,,,,,,,,,,,,,,,,,,,,,,,,,,,,,,,,,,,,,,,,,,,,,,,,,,,,,,,,,,,,,,,,,,,,,,,,,,,,,,,,,,,,
sarrol01,Olivier Sarr,https://www.basketball-reference.com/players/s/sarrol01.html,2023-24,2024,24.0,OKC,C,C,99.0,C,15.0,0.0,98.0,9.0,13.0,0.692,2.0,6.0,0.333,2.0,,7.0,26.0,0.632,11.0,19.0,0.579,10.0,15.0,0.667,10.0,18.0,34.0,477.0,0.0,3.0,36.0,0.0,0.6,0.9,0.692,0.1,0.4,0.333,0.1,,0.5,1.7,0.632,0.7,1.3,0.579,0.7,1.0,0.667,15.0,0.0,6.5,0.7,1.2,2.3,485.0,0.0,0.2,2.4,3.3,4.8,0.692,0.7,2.2,0.333,0.7,,2.6,9.6,0.632,4.0,7.0,0.579,3.7,5.5,0.667,15.0,0.0,98.0,3.7,6.6,12.5,479.0,0.0,1.1,13.2,4.4,6.4,0.692,1.0,2.9,0.333,1.0,,3.4,12.8,109.0,0.632,5.4,9.3,0.579,4.9,7.4,0.667,15.0,0.0,98.0,4.9,135.0,8.8,16.7,479.0,0.0,1.5,17.7,0.316,2.5,,6.6,-2.6,-0.1,28.5,0.2,0.789,15.0,0.0,98.0,-2.6,11.8,0.2,14.8,479.0,0.0,10.5,20.5,0.664,12.7,0.0,0.4,0.186,,1,11,0,7,15,0,1,0,6,98,-7.0,1.1,100,0,0,0,0,479,0,2,0.0,0.0,,0.667,0.5,8.9,5.0,0.263,0.579,0.818,,,0.692,0.0,0.333,15.0,0.0,98.0,0.889,1.0,0.579,0.0,0.0,0.684,0.105,0.316,479.0,3.2,4.3,,15.0,0.0,127.0,80.0,91.0,116.0,122.0,85.0,323.0,114.0,98.0,479.0,0.692,0.316,0.333,0.632,0.579,0.667,0.789,0.664,,,,,,,,,,,,,,,,,,,,,,,,,,,,,,,,,,,,,,,,,,,,,,,,,,,,,,,,,,,,,,,,,,,,,,,,,,,,,,,,,,,,,,,,,,,,,,,,,,,,,,,,,,,,,,,,,,,,,,,,,,,,,,,,,,,,,,,,,,,,,,,,,,,,,,,,,,,,,,,,,,,,,,,,,,,,,,,,,,,,,,,,,,,,,,,,,,,,,,,,,,,,,
marjabo01,Boban Marjanović,https://www.basketball-reference.com/players/m/marjabo01.html,2023-24,2024,35.0,HOU,C,C,100.0,C,14.0,0.0,71.0,18.0,32.0,0.563,0.0,2.0,0.0,6.0,,2.0,25.0,0.529,18.0,34.0,0.529,9.0,14.0,0.643,7.0,5.0,45.0,456.0,1.0,5.0,32.0,0.0,1.3,2.3,0.563,0.0,0.1,0.0,0.4,,0.1,1.8,0.529,1.3,2.4,0.529,0.6,1.0,0.643,14.0,0.0,5.1,0.5,0.4,3.2,444.0,0.1,0.4,2.3,9.1,16.2,0.563,0.0,1.0,0.0,3.0,,1.0,12.7,0.529,9.1,17.2,0.529,4.6,7.1,0.643,14.0,0.0,71.0,3.5,2.5,22.8,497.0,0.5,2.5,16.2,12.3,21.9,0.563,0.0,1.4,0.0,4.1,,1.4,17.1,109.0,0.529,12.3,23.2,0.529,6.1,9.6,0.643,14.0,0.0,71.0,4.8,112.0,3.4,30.7,497.0,0.7,3.4,21.9,0.059,13.9,,2.6,-0.3,-0.5,38.2,0.1,0.412,14.0,0.0,71.0,0.2,10.5,0.1,21.1,497.0,0.7,11.1,24.2,0.56,27.0,0.0,0.2,0.128,,0,5,0,8,14,0,4,3,14,71,-11.7,-10.3,100,0,0,0,0,497,5,0,0.0,0.0,,,0.0,6.7,7.0,0.206,0.529,0.9,0.333,0.0,0.563,0.444,0.0,14.0,0.0,71.0,0.722,,0.294,0.088,0.029,0.941,0.529,0.059,497.0,-1.2,-1.6,,14.0,0.0,103.0,15.0,0.0,97.0,112.0,82.0,169.0,97.0,71.0,497.0,0.563,0.059,0.0,0.529,0.529,0.643,0.412,0.56,,,,,,,,,,,,,,,,,,,,,,,,,,,,,,,,,,,,,,,,,,,,,,,,,,,,,,,,,,,,,,,,,,,,,,,,,,,,,,,,,,,,,,,,,,,,,,,,,,,,,,,,,,,,,,,,,,,,,,,,,,,,,,,,,,,,,,,,,,,,,,,,,,,,,,,,,,,,,,,,,,,,,,,,,,,,,,,,,,,,,,,,,,,,,,,,,,,,,,,,,,,,,
banchpa01,Paolo Banchero,https://www.basketball-reference.com/players/b/banchpa01.html,2023-24,2024,21.0,ORL,PF,PF,1.0,PF,80.0,80.0,2799.0,521.0,1056.0,0.493,119.0,351.0,0.339,431.0,AS,47.0,472.0,0.497,640.0,1407.0,0.455,405.0,559.0,0.725,82.0,153.0,1804.0,16.0,71.0,247.0,554.0,2.0,6.5,13.2,0.493,1.5,4.4,0.339,5.4,AS,0.6,5.9,0.497,8.0,17.6,0.455,5.1,7.0,0.725,80.0,80.0,35.0,1.0,1.9,22.6,30.0,0.9,3.1,6.9,6.7,13.6,0.493,1.5,4.5,0.339,5.5,AS,0.6,6.1,0.497,8.2,18.1,0.455,5.2,7.2,0.725,80.0,80.0,2799.0,1.1,2.0,23.2,5.0,0.9,3.2,7.1,9.2,18.7,0.493,2.1,6.2,0.339,7.6,AS,0.8,8.3,112.0,0.497,11.3,24.9,0.455,7.2,9.9,0.725,80.0,80.0,2799.0,1.5,109.0,2.7,31.9,5.0,1.3,4.4,9.8,0.249,25.2,AS,1.6,1.3,0.0,20.0,4.0,0.397,80.0,80.0,2799.0,1.3,3.4,1.3,17.3,5.0,1.3,13.0,11.6,0.546,29.7,2.3,5.3,0.09,AS,21,92,0,269,80,80,51,87,1054,2799,-7.3,-0.3,7,93,0,0,0,5,114,91,2.0,0.0,AS,0.25,0.068,12.6,80.0,0.063,0.455,0.703,0.395,0.421,0.493,0.403,0.339,80.0,80.0,2799.0,0.363,0.655,0.225,0.183,0.108,0.751,0.235,0.249,5.0,-139.0,-113.4,AS,80.0,80.0,90.0,63.0,93.0,91.0,96.0,92.0,163.0,94.0,2799.0,5.0,0.493,0.249,0.339,0.497,0.455,0.725,0.397,0.546,,7.0,7.0,87.0,68.0,109.0,93.0,96.0,96.0,135.0,96.0,262.0,52.0,0.477,0.268,0.4,0.51,0.456,0.755,0.329,0.554,0.268,22.5,,1.4,4.7,1.4,20.5,0.6,0.329,7.0,7.0,262.0,3.3,5.7,0.0,18.9,52.0,1.5,15.8,12.8,0.554,33.9,0.4,0.6,0.109,,3.0,7.0,0.0,22.0,7.0,7.0,5.0,11.0,74.0,262.0,-9.1,3.8,18.0,82.0,0.0,0.0,0.0,52.0,12.0,16.0,10.1,21.1,0.477,3.1,7.7,0.4,5.4,,0.8,8.9,101.0,0.51,13.2,28.9,0.456,7.2,9.5,0.755,7.0,7.0,262.0,2.7,104.0,2.7,36.6,52.0,1.5,6.2,11.6,7.1,15.0,0.477,2.2,5.5,0.4,3.8,,0.5,6.3,0.51,9.3,20.5,0.456,5.1,6.7,0.755,7.0,7.0,262.0,1.9,1.9,26.0,52.0,1.1,4.4,8.2,7.4,15.6,0.477,2.3,5.7,0.4,4.0,,0.6,6.6,0.51,9.7,21.3,0.456,5.3,7.0,0.755,7.0,7.0,37.4,2.0,2.0,27.0,13.0,1.1,4.6,8.6,0.0,0.0,,0.333,0.075,13.8,3.0,0.027,0.456,0.576,0.447,0.632,0.477,0.211,0.4,7.0,7.0,262.0,0.346,0.813,0.221,0.255,0.128,0.732,0.128,0.268,52.0,52.0,109.0,0.477,16.0,40.0,0.4,28.0,,4.0,46.0,0.51,68.0,149.0,0.456,37.0,49.0,0.755,7.0,7.0,262.0,14.0,14.0,189.0,26.0,8.0,32.0,60.0,0.0
duranke01,Kevin Durant,https://www.basketball-reference.com/players/d/duranke01.html,2023-24,2024,35.0,PHO,PF,PF,2.0,PF,75.0,75.0,2791.0,583.0,1029.0,0.567,168.0,407.0,0.413,378.0,"MVP-9,AS,NBA2",91.0,454.0,0.581,751.0,1436.0,0.523,362.0,423.0,0.856,41.0,133.0,2032.0,7.0,69.0,244.0,495.0,1.0,7.8,13.7,0.567,2.2,5.4,0.413,5.0,"MVP-9,AS,NBA2",1.2,6.1,0.581,10.0,19.1,0.523,4.8,5.6,0.856,75.0,75.0,37.2,0.5,1.8,27.1,7.0,0.9,3.3,6.6,7.5,13.3,0.567,2.2,5.2,0.413,4.9,"MVP-9,AS,NBA2",1.2,5.9,0.581,9.7,18.5,0.523,4.7,5.5,0.856,75.0,75.0,2791.0,0.5,1.7,26.2,6.0,0.9,3.1,6.4,10.2,18.0,0.567,2.9,7.1,0.413,6.6,"MVP-9,AS,NBA2",1.6,7.9,114.0,0.581,13.1,25.1,0.523,6.3,7.4,0.856,75.0,75.0,2791.0,0.7,118.0,2.3,35.5,6.0,1.2,4.3,8.7,0.283,22.2,"MVP-9,AS,NBA2",2.9,4.0,0.1,17.5,3.2,0.295,75.0,75.0,2791.0,4.0,1.7,5.1,21.2,6.0,1.2,13.1,10.0,0.626,29.0,4.3,8.3,0.142,"MVP-9,AS,NBA2",14,68,11,180,75,75,46,49,895,2791,6.7,5.2,9,85,0,6,0,6,118,94,0.0,0.0,"MVP-9,AS,NBA2",0.463,0.165,15.0,75.0,0.054,0.523,0.827,0.491,0.53,0.567,0.53,0.413,75.0,75.0,2791.0,0.511,0.815,0.125,0.279,0.16,0.717,0.153,0.283,6.0,100.3,150.4,"MVP-9,AS,NBA2",75.0,75.0,104.0,72.0,113.0,106.0,110.0,109.0,121.0,108.0,2791.0,6.0,0.567,0.283,0.413,0.581,0.523,0.856,0.295,0.626,,4.0,4.0,107.0,45.0,114.0,108.0,116.0,105.0,208.0,113.0,168.0,85.0,0.582,0.179,0.417,0.59,0.552,0.824,0.507,0.653,0.179,15.1,,3.3,3.8,-1.0,18.3,-0.1,0.507,4.0,4.0,168.0,4.9,0.7,0.4,20.9,85.0,0.6,10.9,9.4,0.653,25.7,0.2,0.3,0.093,,0.0,6.0,1.0,13.0,4.0,4.0,2.0,0.0,30.0,168.0,-43.2,-21.5,27.0,71.0,0.0,2.0,0.0,85.0,5.0,5.0,9.8,16.8,0.582,1.5,3.7,0.417,4.0,,1.8,7.6,126.0,0.59,11.3,20.5,0.552,8.6,10.4,0.824,4.0,4.0,168.0,0.3,122.0,2.4,32.7,85.0,0.6,3.1,7.9,6.9,11.8,0.582,1.1,2.6,0.417,2.8,,1.3,5.4,0.59,7.9,14.4,0.552,6.0,7.3,0.824,4.0,4.0,168.0,0.2,1.7,22.9,85.0,0.4,2.1,5.6,8.0,13.8,0.582,1.3,3.0,0.417,3.3,,1.5,6.3,0.59,9.3,16.8,0.552,7.0,8.5,0.824,4.0,4.0,42.0,0.3,2.0,26.8,14.0,0.5,2.5,6.5,0.0,0.0,,0.667,0.25,12.9,5.0,0.075,0.552,0.643,0.56,0.375,0.582,0.75,0.417,4.0,4.0,168.0,0.281,0.8,0.209,0.373,0.119,0.821,0.119,0.179,85.0,32.0,55.0,0.582,5.0,12.0,0.417,13.0,,6.0,25.0,0.59,37.0,67.0,0.552,28.0,34.0,0.824,4.0,4.0,168.0,1.0,8.0,107.0,59.0,2.0,10.0,26.0,0.0
siakapa01,Pascal Siakam,https://www.basketball-reference.com/players/s/siakapa01.html,2023-24,2024,29.0,2TM,PF,PF,3.0,PF,80.0,80.0,2657.0,596.0,1025.0,0.581,85.0,246.0,0.346,342.0,,25.0,426.0,0.569,681.0,1271.0,0.536,290.0,396.0,0.732,139.0,193.0,1737.0,19.0,63.0,141.0,565.0,1.0,7.5,12.8,0.581,1.1,3.1,0.346,4.3,,0.3,5.3,0.569,8.5,15.9,0.536,3.6,5.0,0.732,80.0,80.0,33.2,1.7,2.4,21.7,38.0,0.8,1.8,7.1,8.1,13.9,0.581,1.2,3.3,0.346,4.6,,0.3,5.8,0.569,9.2,17.2,0.536,3.9,5.4,0.732,80.0,80.0,2657.0,1.9,2.6,23.5,15.0,0.9,1.9,7.7,10.7,18.4,0.581,1.5,4.4,0.346,6.1,,0.4,7.7,119.0,0.569,12.2,22.8,0.536,5.2,7.1,0.732,80.0,80.0,2657.0,2.5,121.0,3.5,31.2,15.0,1.1,2.5,10.2,0.194,19.4,,0.8,1.9,-0.7,18.1,1.5,0.312,80.0,80.0,2657.0,2.6,5.8,5.4,19.7,15.0,1.1,8.9,11.9,0.601,25.3,2.7,6.9,0.124,,25,70,8,209,80,80,65,47,843,2657,5.3,1.7,8,87,0,5,0,15,57,40,0.0,0.0,,0.466,0.297,9.9,40.0,0.033,0.536,0.739,0.445,0.423,0.581,0.515,0.346,80.0,80.0,2657.0,0.507,0.976,0.304,0.129,0.061,0.806,0.312,0.194,15.0,57.7,60.5,,80.0,80.0,107.0,49.0,94.0,104.0,113.0,93.0,128.0,104.0,2657.0,15.0,0.581,0.194,0.346,0.569,0.536,0.732,0.312,0.601,,17.0,17.0,108.0,41.0,81.0,103.0,114.0,79.0,89.0,100.0,603.0,10.0,0.588,0.162,0.298,0.566,0.541,0.619,0.217,0.578,0.162,16.1,,1.1,2.3,-0.8,16.4,0.2,0.217,17.0,17.0,603.0,3.1,8.4,1.5,20.7,10.0,1.1,5.6,12.5,0.578,25.2,0.7,1.8,0.14,,3.0,20.0,0.0,32.0,17.0,17.0,11.0,15.0,156.0,603.0,8.2,3.4,0.0,90.0,0.0,10.0,0.0,10.0,7.0,8.0,12.1,20.6,0.588,1.2,4.0,0.298,5.4,,0.6,7.3,119.0,0.566,13.3,24.6,0.541,3.3,5.4,0.619,17.0,17.0,603.0,3.6,123.0,4.1,31.2,10.0,1.1,1.6,10.9,8.5,14.5,0.588,0.8,2.8,0.298,3.8,,0.4,5.1,0.566,9.4,17.3,0.541,2.3,3.8,0.619,17.0,17.0,603.0,2.5,2.9,21.9,10.0,0.8,1.1,7.6,8.4,14.3,0.588,0.8,2.8,0.298,3.8,,0.4,5.1,0.566,9.2,17.1,0.541,2.3,3.7,0.619,17.0,17.0,35.5,2.5,2.8,21.6,20.0,0.8,1.1,7.5,1.0,0.0,,0.467,0.319,10.9,11.0,0.038,0.541,0.685,0.64,0.463,0.588,0.532,0.298,17.0,17.0,603.0,0.566,1.0,0.252,0.172,0.141,0.838,0.272,0.162,10.0,143.0,243.0,0.588,14.0,47.0,0.298,64.0,,7.0,86.0,0.566,157.0,290.0,0.541,39.0,63.0,0.619,17.0,17.0,603.0,42.0,48.0,367.0,7.0,13.0,19.0,128.0,0.0
tatumja01,Jayson Tatum,https://www.basketball-reference.com/players/t/tatumja01.html,2023-24,2024,25.0,BOS,PF,PF,4.0,PF,74.0,74.0,2645.0,443.0,817.0,0.542,229.0,609.0,0.376,364.0,"MVP-6,CPOY-9,AS,NBA1",43.0,534.0,0.552,672.0,1426.0,0.471,414.0,497.0,0.833,67.0,145.0,1987.0,8.0,75.0,188.0,601.0,0.0,6.0,11.0,0.542,3.1,8.2,0.376,4.9,"MVP-6,CPOY-9,AS,NBA1",0.6,7.2,0.552,9.1,19.3,0.471,5.6,6.7,0.833,74.0,74.0,35.7,0.9,2.0,26.9,8.0,1.0,2.5,8.1,6.0,11.1,0.542,3.1,8.3,0.376,5.0,"MVP-6,CPOY-9,AS,NBA1",0.6,7.3,0.552,9.1,19.4,0.471,5.6,6.8,0.833,74.0,74.0,2645.0,0.9,2.0,27.0,16.0,1.0,2.6,8.2,8.3,15.3,0.542,4.3,11.4,0.376,6.8,"MVP-6,CPOY-9,AS,NBA1",0.8,10.0,111.0,0.552,12.6,26.6,0.471,7.7,9.3,0.833,74.0,74.0,2645.0,1.3,121.0,2.7,37.1,16.0,1.4,3.5,11.2,0.427,21.0,"MVP-6,CPOY-9,AS,NBA1",1.4,5.1,0.6,20.9,4.1,0.349,74.0,74.0,2645.0,4.5,2.9,6.4,22.3,16.0,1.4,10.3,12.3,0.604,30.2,4.7,10.4,0.189,"MVP-6,CPOY-9,AS,NBA1",32,54,4,208,74,74,44,61,922,2645,-1.2,10.9,2,72,0,26,0,16,91,53,0.0,0.0,"MVP-6,CPOY-9,AS,NBA1",0.361,0.059,15.4,86.0,0.065,0.471,0.741,0.389,0.397,0.542,0.441,0.376,74.0,74.0,2645.0,0.357,0.485,0.222,0.092,0.092,0.573,0.167,0.427,16.0,14.3,79.2,"MVP-6,CPOY-9,AS,NBA1",74.0,74.0,99.0,108.0,103.0,101.0,99.0,106.0,143.0,104.0,2645.0,16.0,0.542,0.427,0.376,0.552,0.471,0.833,0.349,0.604,,19.0,19.0,94.0,94.0,77.0,88.0,90.0,110.0,151.0,95.0,768.0,4.0,0.513,0.371,0.283,0.48,0.427,0.861,0.368,0.549,0.371,25.5,,1.6,3.7,1.4,25.3,1.3,0.368,19.0,19.0,768.0,2.3,2.6,1.3,20.1,4.0,1.4,10.4,14.1,0.549,29.2,1.1,2.7,0.167,,8.0,13.0,2.0,65.0,19.0,19.0,17.0,15.0,299.0,768.0,6.0,9.6,3.0,93.0,0.0,4.0,0.0,4.0,22.0,18.0,8.2,15.9,0.513,2.7,9.4,0.283,8.1,,0.9,11.4,108.0,0.48,10.8,25.3,0.427,8.0,9.3,0.861,19.0,19.0,768.0,1.2,115.0,3.7,32.3,4.0,1.4,3.4,12.5,5.6,11.0,0.513,1.8,6.5,0.283,5.6,,0.6,7.8,0.48,7.5,17.4,0.427,5.5,6.4,0.861,19.0,19.0,768.0,0.8,2.5,22.3,4.0,0.9,2.3,8.6,6.3,12.3,0.513,2.1,7.3,0.283,6.3,,0.7,8.8,0.48,8.4,19.6,0.427,6.2,7.2,0.861,19.0,19.0,40.4,0.9,2.8,25.0,15.0,1.1,2.6,9.7,0.0,0.0,,0.1,0.072,14.5,19.0,0.062,0.427,0.739,0.375,0.447,0.513,0.338,0.283,19.0,19.0,768.0,0.442,0.538,0.237,0.108,0.102,0.629,0.183,0.371,4.0,120.0,234.0,0.513,39.0,138.0,0.283,119.0,,13.0,167.0,0.48,159.0,372.0,0.427,118.0,137.0,0.861,19.0,19.0,768.0,17.0,54.0,475.0,3.0,20.0,50.0,184.0,1.0
antetgi01,Giannis Antetokounmpo,https://www.basketball-reference.com/players/a/antetgi01.html,2023-24,2024,29.0,MIL,PF,PF,5.0,PF,73.0,73.0,2567.0,803.0,1245.0,0.645,34.0,124.0,0.274,476.0,"MVP-4,DPOY-9,CPOY-12,AS,NBA1",79.0,645.0,0.624,837.0,1369.0,0.611,514.0,782.0,0.657,196.0,210.0,2222.0,3.0,87.0,250.0,841.0,10.0,11.0,17.1,0.645,0.5,1.7,0.274,6.5,"MVP-4,DPOY-9,CPOY-12,AS,NBA1",1.1,8.8,0.624,11.5,18.8,0.611,7.0,10.7,0.657,73.0,73.0,35.2,2.7,2.9,30.4,3.0,1.2,3.4,11.5,11.3,17.5,0.645,0.5,1.7,0.274,6.7,"MVP-4,DPOY-9,CPOY-12,AS,NBA1",1.1,9.0,0.624,11.7,19.2,0.611,7.2,11.0,0.657,73.0,73.0,2567.0,2.7,2.9,31.2,26.0,1.2,3.5,11.8,15.0,23.3,0.645,0.6,2.3,0.274,8.9,"MVP-4,DPOY-9,CPOY-12,AS,NBA1",1.5,12.1,112.0,0.624,15.7,25.6,0.611,9.6,14.6,0.657,73.0,73.0,2567.0,3.7,126.0,3.9,41.6,26.0,1.6,4.7,15.7,0.091,32.7,"MVP-4,DPOY-9,CPOY-12,AS,NBA1",2.6,9.0,2.4,27.0,3.7,0.571,73.0,73.0,2567.0,6.7,8.6,9.5,29.9,26.0,1.6,12.7,17.9,0.649,33.0,7.2,13.2,0.246,"MVP-4,DPOY-9,CPOY-12,AS,NBA1",45,83,7,377,73,73,105,90,1242,2567,10.0,6.2,41,59,0,0,0,26,75,72,1.0,0.0,"MVP-4,DPOY-9,CPOY-12,AS,NBA1",0.0,0.024,6.7,251.0,0.193,0.611,0.818,0.323,0.374,0.645,0.452,0.274,73.0,73.0,2567.0,0.509,0.5,0.519,0.068,0.072,0.909,0.251,0.091,26.0,211.6,234.9,"MVP-4,DPOY-9,CPOY-12,AS,NBA1",73.0,73.0,118.0,23.0,75.0,114.0,129.0,84.0,234.0,112.0,2567.0,26.0,0.645,0.091,0.274,0.624,0.611,0.657,0.571,0.649,,,,,,,,,,,,,,,,,,,,,,,,,,,,,,,,,,,,,,,,,,,,,,,,,,,,,,,,,,,,,,,,,,,,,,,,,,,,,,,,,,,,,,,,,,,,,,,,,,,,,,,,,,,,,,,,,,,,,,,,,,,,,,,,,,,,,,,,,,,,,,,,,,,,,,,,,,,,,,,,,,,,,,,,,,,,,,,,,,,,,,,,,,,,,,,,,,,,,,,,,,,,,
jamesle01,LeBron James,https://www.basketball-reference.com/players/j/jamesle01.html,2023-24,2024,39.0,LAL,PF,PF,6.0,PF,71.0,71.0,2504.0,536.0,906.0,0.592,149.0,363.0,0.41,589.0,"CPOY-10,AS,NBA3",38.0,457.0,0.599,685.0,1269.0,0.54,303.0,404.0,0.75,61.0,78.0,1822.0,14.0,89.0,245.0,518.0,5.0,7.5,12.8,0.592,2.1,5.1,0.41,8.3,"CPOY-10,AS,NBA3",0.5,6.4,0.599,9.6,17.9,0.54,4.3,5.7,0.75,71.0,71.0,35.3,0.9,1.1,25.7,15.0,1.3,3.5,7.3,7.7,13.0,0.592,2.1,5.2,0.41,8.5,"CPOY-10,AS,NBA3",0.5,6.6,0.599,9.8,18.2,0.54,4.4,5.8,0.75,71.0,71.0,2504.0,0.9,1.1,26.2,30.0,1.3,3.5,7.4,10.2,17.2,0.592,2.8,6.9,0.41,11.2,"CPOY-10,AS,NBA3",0.7,8.7,114.0,0.599,13.0,24.1,0.54,5.8,7.7,0.75,71.0,71.0,2504.0,1.2,120.0,1.5,34.6,30.0,1.7,4.7,9.8,0.286,37.5,"CPOY-10,AS,NBA3",1.3,6.5,0.9,19.3,2.8,0.318,71.0,71.0,2504.0,5.5,2.8,5.7,23.7,30.0,1.7,14.5,11.5,0.63,29.2,5.4,8.5,0.164,"CPOY-10,AS,NBA3",14,35,12,217,71,71,74,59,1364,2504,9.9,4.1,13,86,0,1,0,30,160,59,1.0,0.0,"CPOY-10,AS,NBA3",0.457,0.096,11.6,84.0,0.071,0.54,0.772,0.313,0.366,0.592,0.482,0.41,71.0,71.0,2504.0,0.435,0.685,0.345,0.078,0.073,0.714,0.217,0.286,30.0,131.9,143.8,"CPOY-10,AS,NBA3",71.0,71.0,109.0,72.0,112.0,110.0,114.0,96.0,130.0,109.0,2504.0,30.0,0.592,0.286,0.41,0.599,0.54,0.75,0.318,0.63,,5.0,5.0,116.0,67.0,105.0,113.0,119.0,94.0,95.0,110.0,204.0,66.0,0.63,0.263,0.385,0.616,0.566,0.739,0.232,0.637,0.263,36.4,,2.1,10.6,4.0,15.9,0.3,0.232,5.0,5.0,204.0,6.6,2.2,0.5,26.0,66.0,3.0,14.8,9.2,0.637,29.0,0.7,0.8,0.185,,2.0,3.0,2.0,15.0,5.0,5.0,7.0,7.0,98.0,204.0,1.7,-1.3,6.0,94.0,0.0,0.0,0.0,66.0,10.0,7.0,11.4,18.0,0.63,2.5,6.4,0.385,10.9,,1.2,7.4,110.0,0.616,13.8,24.4,0.566,4.2,5.7,0.739,5.0,5.0,204.0,1.0,118.0,2.7,34.3,66.0,3.0,4.7,8.4,8.1,12.9,0.63,1.8,4.6,0.385,7.8,,0.9,5.3,0.616,9.9,17.5,0.566,3.0,4.1,0.739,5.0,5.0,204.0,0.7,1.9,24.5,66.0,2.1,3.4,6.0,9.2,14.6,0.63,2.0,5.2,0.385,8.8,,1.0,6.0,0.616,11.2,19.8,0.566,3.4,4.6,0.739,5.0,5.0,40.8,0.8,2.2,27.8,10.0,2.4,3.8,6.8,0.0,0.0,,0.0,0.038,10.5,6.0,0.061,0.566,0.674,0.6,0.5,0.63,0.538,0.385,5.0,5.0,204.0,0.348,0.8,0.465,0.101,0.04,0.737,0.131,0.263,66.0,46.0,73.0,0.63,10.0,26.0,0.385,44.0,,5.0,30.0,0.616,56.0,99.0,0.566,17.0,23.0,0.739,5.0,5.0,204.0,4.0,11.0,139.0,44.0,12.0,19.0,34.0,0.0
georgpa01,Paul George,https://www.basketball-reference.com/players/g/georgpa01.html,2023-24,2024,33.0,LAC,PF,PF,7.0,PF,74.0,74.0,2502.0,339.0,648.0,0.523,243.0,588.0,0.413,262.0,AS,37.0,351.0,0.569,582.0,1236.0,0.471,264.0,291.0,0.907,37.0,202.0,1671.0,20.0,113.0,153.0,388.0,0.0,4.6,8.8,0.523,3.3,7.9,0.413,3.5,AS,0.5,4.7,0.569,7.9,16.7,0.471,3.6,3.9,0.907,74.0,74.0,33.8,0.5,2.7,22.6,31.0,1.5,2.1,5.2,4.9,9.3,0.523,3.5,8.5,0.413,3.8,AS,0.5,5.1,0.569,8.4,17.8,0.471,3.8,4.2,0.907,74.0,74.0,2502.0,0.5,2.9,24.0,31.0,1.6,2.2,5.6,6.7,12.8,0.523,4.8,11.6,0.413,5.2,AS,0.7,6.9,114.0,0.569,11.5,24.4,0.471,5.2,5.7,0.907,74.0,74.0,2502.0,0.7,119.0,4.0,33.0,31.0,2.2,3.0,7.7,0.476,16.1,AS,1.3,3.2,0.2,15.3,2.8,0.235,74.0,74.0,2502.0,2.9,1.7,4.4,19.3,31.0,2.2,10.1,8.8,0.613,26.6,3.3,7.3,0.14,AS,24,88,19,117,74,74,28,55,619,2502,14.3,8.9,11,86,0,3,0,31,82,36,1.0,0.0,AS,0.457,0.138,17.7,29.0,0.032,0.471,0.703,0.523,0.432,0.523,0.448,0.413,74.0,74.0,2502.0,0.448,0.733,0.128,0.122,0.15,0.524,0.125,0.476,31.0,56.0,88.7,AS,74.0,74.0,96.0,120.0,113.0,104.0,99.0,116.0,96.0,106.0,2502.0,31.0,0.523,0.476,0.413,0.569,0.471,0.907,0.235,0.613,,6.0,6.0,84.0,131.0,100.0,92.0,87.0,107.0,108.0,95.0,222.0,60.0,0.457,0.516,0.367,0.505,0.411,0.84,0.263,0.552,0.516,23.0,,1.4,3.2,1.4,19.2,0.2,0.263,6.0,6.0,222.0,1.8,1.6,0.2,16.1,60.0,1.7,11.7,10.5,0.552,24.7,0.3,0.4,0.092,,2.0,11.0,3.0,5.0,6.0,6.0,2.0,8.0,69.0,222.0,5.4,-6.5,10.0,90.0,0.0,0.0,0.0,60.0,7.0,4.0,5.0,10.9,0.457,4.3,11.6,0.367,6.9,,0.7,9.0,115.0,0.505,9.3,22.6,0.411,5.0,5.9,0.84,6.0,6.0,222.0,0.7,112.0,5.2,27.8,60.0,1.7,3.3,9.7,3.4,7.5,0.457,2.9,7.9,0.367,4.7,,0.5,6.2,0.505,6.3,15.4,0.411,3.4,4.1,0.84,6.0,6.0,222.0,0.5,3.6,19.0,60.0,1.1,2.3,6.6,3.5,7.7,0.457,3.0,8.2,0.367,4.8,,0.5,6.3,0.505,6.5,15.8,0.411,3.5,4.2,0.84,6.0,6.0,37.0,0.5,3.7,19.5,23.0,1.2,2.3,6.8,0.0,0.0,,0.5,0.163,18.0,3.0,0.053,0.411,0.6,0.4,0.385,0.457,0.462,0.367,6.0,6.0,222.0,0.476,0.556,0.105,0.105,0.137,0.484,0.137,0.516,60.0,21.0,46.0,0.457,18.0,49.0,0.367,29.0,,3.0,38.0,0.505,39.0,95.0,0.411,21.0,25.0,0.84,6.0,6.0,222.0,3.0,22.0,117.0,50.0,7.0,14.0,41.0,0.0
smithja05,Jabari Smith Jr.,https://www.basketball-reference.com/players/s/smithja05.html,2023-24,2024,20.0,HOU,PF,PF,8.0,PF,76.0,76.0,2424.0,240.0,453.0,0.53,138.0,380.0,0.363,121.0,,61.0,477.0,0.537,378.0,833.0,0.454,150.0,185.0,0.811,139.0,200.0,1044.0,88.0,52.0,89.0,616.0,0.0,3.2,6.0,0.53,1.8,5.0,0.363,1.6,,0.8,6.3,0.537,5.0,11.0,0.454,2.0,2.4,0.811,76.0,76.0,31.9,1.8,2.6,13.7,114.0,0.7,1.2,8.1,3.6,6.7,0.53,2.0,5.6,0.363,1.8,,0.9,7.1,0.537,5.6,12.4,0.454,2.2,2.7,0.811,76.0,76.0,2424.0,2.1,3.0,15.5,37.0,0.8,1.3,9.1,4.8,9.1,0.53,2.8,7.6,0.363,2.4,,1.2,9.5,113.0,0.537,7.6,16.7,0.454,3.0,3.7,0.811,76.0,76.0,2424.0,2.8,116.0,4.0,20.9,37.0,1.0,1.8,12.3,0.456,7.1,,2.3,-0.4,0.1,21.3,3.2,0.222,76.0,76.0,2424.0,-0.5,6.1,2.4,13.8,37.0,1.0,8.9,13.6,0.571,17.6,1.0,5.6,0.111,,13,110,3,89,76,76,19,56,295,2424,-8.2,-2.1,32,68,0,0,0,37,35,29,5.0,0.0,,0.464,0.182,16.1,46.0,0.066,0.454,0.686,0.458,0.371,0.53,0.479,0.363,76.0,76.0,2424.0,0.617,0.949,0.187,0.142,0.074,0.544,0.14,0.456,37.0,-16.5,-16.7,,76.0,76.0,97.0,116.0,99.0,98.0,96.0,103.0,91.0,98.0,2424.0,37.0,0.53,0.456,0.363,0.537,0.454,0.811,0.222,0.571,,,,,,,,,,,,,,,,,,,,,,,,,,,,,,,,,,,,,,,,,,,,,,,,,,,,,,,,,,,,,,,,,,,,,,,,,,,,,,,,,,,,,,,,,,,,,,,,,,,,,,,,,,,,,,,,,,,,,,,,,,,,,,,,,,,,,,,,,,,,,,,,,,,,,,,,,,,,,,,,,,,,,,,,,,,,,,,,,,,,,,,,,,,,,,,,,,,,,,,,,,,,,
millebr02,Brandon Miller,https://www.basketball-reference.com/players/m/millebr02.html,2023-24,2024,21.0,CHO,SF,PF,9.0,PF,74.0,68.0,2383.0,292.0,590.0,0.495,184.0,493.0,0.373,175.0,ROY-3,42.0,255.0,0.524,476.0,1083.0,0.44,143.0,173.0,0.827,60.0,184.0,1279.0,57.0,66.0,132.0,315.0,0.0,3.9,8.0,0.495,2.5,6.7,0.373,2.4,ROY-3,0.6,3.4,0.524,6.4,14.6,0.44,1.9,2.3,0.827,74.0,68.0,32.2,0.8,2.5,17.3,70.0,0.9,1.8,4.3,4.4,8.9,0.495,2.8,7.4,0.373,2.6,ROY-3,0.6,3.9,0.524,7.2,16.4,0.44,2.2,2.6,0.827,74.0,68.0,2383.0,0.9,2.8,19.3,44.0,1.0,2.0,4.8,6.0,12.2,0.495,3.8,10.2,0.373,3.6,ROY-3,0.9,5.3,121.0,0.524,9.9,22.4,0.44,3.0,3.6,0.827,74.0,68.0,2383.0,1.2,105.0,3.8,26.5,44.0,1.4,2.7,6.5,0.455,11.6,ROY-3,1.6,-2.6,-1.6,12.4,1.0,0.16,74.0,68.0,2383.0,-0.9,2.7,-0.3,13.0,44.0,1.4,10.2,7.4,0.552,23.9,-0.3,0.8,0.015,ROY-3,20,105,21,85,74,68,26,45,430,2383,-0.6,-10.8,0,50,0,42,9,44,70,24,4.0,0.0,ROY-3,0.393,0.181,16.7,39.0,0.039,0.44,0.673,0.426,0.494,0.495,0.412,0.373,74.0,68.0,2383.0,0.493,0.908,0.141,0.163,0.073,0.545,0.168,0.455,44.0,-47.8,-65.6,ROY-3,74.0,68.0,91.0,115.0,102.0,96.0,93.0,105.0,65.0,95.0,2383.0,44.0,0.495,0.455,0.373,0.524,0.44,0.827,0.16,0.552,,,,,,,,,,,,,,,,,,,,,,,,,,,,,,,,,,,,,,,,,,,,,,,,,,,,,,,,,,,,,,,,,,,,,,,,,,,,,,,,,,,,,,,,,,,,,,,,,,,,,,,,,,,,,,,,,,,,,,,,,,,,,,,,,,,,,,,,,,,,,,,,,,,,,,,,,,,,,,,,,,,,,,,,,,,,,,,,,,,,,,,,,,,,,,,,,,,,,,,,,,,,,
barneha02,Harrison Barnes,https://www.basketball-reference.com/players/b/barneha02.html,2023-24,2024,31.0,SAC,PF,PF,10.0,PF,82.0,82.0,2381.0,198.0,347.0,0.571,149.0,385.0,0.387,99.0,,12.0,182.0,0.576,347.0,732.0,0.474,157.0,196.0,0.801,67.0,98.0,1000.0,96.0,54.0,58.0,249.0,0.0,2.4,4.2,0.571,1.8,4.7,0.387,1.2,,0.1,2.2,0.576,4.2,8.9,0.474,1.9,2.4,0.801,82.0,82.0,29.0,0.8,1.2,12.2,133.0,0.7,0.7,3.0,3.0,5.2,0.571,2.3,5.8,0.387,1.5,,0.2,2.8,0.576,5.2,11.1,0.474,2.4,3.0,0.801,82.0,82.0,2381.0,1.0,1.5,15.1,45.0,0.8,0.9,3.8,4.0,7.1,0.571,3.0,7.9,0.387,2.0,,0.2,3.7,119.0,0.576,7.1,14.9,0.474,3.2,4.0,0.801,82.0,82.0,2381.0,1.4,122.0,2.0,20.4,45.0,1.1,1.2,5.1,0.526,5.6,,0.5,-1.8,-1.2,8.8,1.5,0.268,82.0,82.0,2381.0,-0.6,3.1,3.1,11.9,45.0,1.1,6.6,5.9,0.611,15.7,0.1,4.7,0.094,,5,60,12,86,82,82,19,27,238,2381,-7.8,-1.8,1,90,0,10,0,45,23,23,0.0,0.0,,0.42,0.421,15.9,21.0,0.034,0.474,0.684,0.421,0.538,0.571,0.515,0.387,82.0,82.0,2381.0,0.631,0.966,0.182,0.052,0.018,0.474,0.223,0.526,45.0,42.9,50.9,,82.0,82.0,105.0,133.0,106.0,105.0,100.0,102.0,110.0,105.0,2381.0,45.0,0.571,0.526,0.387,0.576,0.474,0.801,0.268,0.611,,,,,,,,,,,,,,,,,,,,,,,,,,,,,,,,,,,,,,,,,,,,,,,,,,,,,,,,,,,,,,,,,,,,,,,,,,,,,,,,,,,,,,,,,,,,,,,,,,,,,,,,,,,,,,,,,,,,,,,,,,,,,,,,,,,,,,,,,,,,,,,,,,,,,,,,,,,,,,,,,,,,,,,,,,,,,,,,,,,,,,,,,,,,,,,,,,,,,,,,,,,,,
harrito02,Tobias Harris,https://www.basketball-reference.com/players/h/harrito02.html,2023-24,2024,31.0,PHI,PF,PF,11.0,PF,70.0,70.0,2368.0,372.0,693.0,0.537,91.0,258.0,0.353,217.0,,46.0,373.0,0.535,463.0,951.0,0.487,187.0,213.0,0.878,80.0,115.0,1204.0,65.0,70.0,93.0,453.0,0.0,5.3,9.9,0.537,1.3,3.7,0.353,3.1,,0.7,5.3,0.535,6.6,13.6,0.487,2.7,3.0,0.878,70.0,70.0,33.8,1.1,1.6,17.2,71.0,1.0,1.3,6.5,5.7,10.5,0.537,1.4,3.9,0.353,3.3,,0.7,5.7,0.535,7.0,14.5,0.487,2.8,3.2,0.878,70.0,70.0,2368.0,1.2,1.7,18.3,47.0,1.1,1.4,6.9,7.7,14.4,0.537,1.9,5.4,0.353,4.5,,1.0,7.8,114.0,0.535,9.6,19.8,0.487,3.9,4.4,0.878,70.0,70.0,2368.0,1.7,118.0,2.4,25.0,47.0,1.5,1.9,9.4,0.271,13.8,,1.8,0.9,-0.1,17.7,2.7,0.224,70.0,70.0,2368.0,1.0,3.7,3.2,16.5,47.0,1.5,8.2,10.6,0.576,20.7,1.7,5.9,0.121,,14,69,6,107,70,70,27,76,534,2368,3.2,4.3,4,63,0,33,0,47,36,28,0.0,0.0,,0.403,0.26,11.9,39.0,0.043,0.487,0.686,0.511,0.394,0.537,0.431,0.353,70.0,70.0,2368.0,0.444,0.956,0.268,0.14,0.069,0.729,0.251,0.271,47.0,-22.5,-7.9,,70.0,70.0,98.0,69.0,96.0,98.0,103.0,112.0,92.0,99.0,2368.0,47.0,0.537,0.271,0.353,0.535,0.487,0.878,0.224,0.576,,6.0,6.0,89.0,89.0,91.0,90.0,91.0,128.0,32.0,88.0,218.0,62.0,0.485,0.353,0.333,0.49,0.431,1.0,0.078,0.512,0.353,6.3,,1.2,-2.9,-1.4,16.9,0.1,0.078,6.0,6.0,218.0,-1.5,4.8,0.1,9.0,62.0,0.2,5.4,11.1,0.512,11.8,-0.1,0.2,0.051,,2.0,6.0,0.0,1.0,6.0,6.0,0.0,2.0,24.0,218.0,0.2,-1.6,0.0,56.0,0.0,44.0,0.0,62.0,1.0,0.0,3.9,8.0,0.485,1.5,4.4,0.333,2.2,,0.7,8.2,119.0,0.49,5.3,12.3,0.431,1.0,1.0,1.0,6.0,6.0,218.0,2.2,114.0,2.7,13.1,62.0,0.2,0.7,10.4,2.6,5.4,0.485,1.0,3.0,0.333,1.5,,0.5,5.6,0.49,3.6,8.4,0.431,0.7,0.7,1.0,6.0,6.0,218.0,1.5,1.8,8.9,62.0,0.2,0.5,7.1,2.7,5.5,0.485,1.0,3.0,0.333,1.5,,0.5,5.7,0.49,3.7,8.5,0.431,0.7,0.7,1.0,6.0,6.0,36.3,1.5,1.8,9.0,78.0,0.2,0.5,7.2,0.0,0.0,,0.6,0.556,13.1,2.0,0.039,0.431,0.714,0.0,0.5,0.485,0.444,0.333,6.0,6.0,218.0,0.625,1.0,0.275,0.118,0.078,0.647,0.176,0.353,62.0,16.0,33.0,0.485,6.0,18.0,0.333,9.0,,3.0,34.0,0.49,22.0,51.0,0.431,4.0,4.0,1.0,6.0,6.0,218.0,9.0,11.0,54.0,91.0,1.0,3.0,43.0,0.0
gordoaa01,Aaron Gordon,https://www.basketball-reference.com/players/g/gordoaa01.html,2023-24,2024,28.0,DEN,PF,PF,12.0,PF,73.0,73.0,2297.0,358.0,578.0,0.619,40.0,138.0,0.29,259.0,,45.0,297.0,0.584,398.0,716.0,0.556,177.0,269.0,0.658,174.0,142.0,1013.0,93.0,56.0,105.0,471.0,0.0,4.9,7.9,0.619,0.5,1.9,0.29,3.5,,0.6,4.1,0.584,5.5,9.8,0.556,2.4,3.7,0.658,73.0,73.0,31.5,2.4,1.9,13.9,109.0,0.8,1.4,6.5,5.6,9.1,0.619,0.6,2.2,0.29,4.1,,0.7,4.7,0.584,6.2,11.2,0.556,2.8,4.2,0.658,73.0,73.0,2297.0,2.7,2.2,15.9,55.0,0.9,1.6,7.4,7.7,12.5,0.619,0.9,3.0,0.29,5.6,,1.0,6.4,114.0,0.584,8.6,15.5,0.556,3.8,5.8,0.658,73.0,73.0,2297.0,3.8,125.0,3.1,21.9,55.0,1.2,2.3,10.2,0.193,15.2,,1.7,1.3,0.1,13.9,2.6,0.376,73.0,73.0,2297.0,1.2,8.6,4.5,16.8,55.0,1.2,11.2,11.4,0.607,17.8,1.9,7.1,0.148,,20,87,7,140,73,73,41,57,630,2297,8.5,9.1,10,90,0,0,0,55,44,29,1.0,0.0,,0.352,0.391,7.4,171.0,0.256,0.556,0.738,0.263,0.417,0.619,0.382,0.29,73.0,73.0,2297.0,0.642,0.85,0.554,0.053,0.017,0.807,0.183,0.193,55.0,53.4,45.2,,73.0,73.0,114.0,49.0,79.0,107.0,117.0,84.0,154.0,105.0,2297.0,55.0,0.619,0.193,0.29,0.584,0.556,0.658,0.376,0.607,,12.0,12.0,117.0,58.0,111.0,116.0,123.0,105.0,97.0,114.0,445.0,27.0,0.637,0.229,0.407,0.631,0.585,0.821,0.237,0.66,0.229,18.2,,1.5,4.5,1.4,13.4,0.4,0.237,12.0,12.0,445.0,3.1,8.9,1.2,18.2,27.0,1.2,12.1,11.1,0.66,15.3,0.7,1.6,0.175,,2.0,12.0,5.0,12.0,12.0,12.0,2.0,5.0,133.0,445.0,-10.2,-4.9,15.0,85.0,0.0,0.0,0.0,27.0,10.0,3.0,6.8,10.6,0.637,1.3,3.2,0.407,6.2,,0.8,6.0,114.0,0.631,8.1,13.8,0.585,2.7,3.3,0.821,12.0,12.0,445.0,4.2,133.0,3.3,20.1,27.0,1.2,2.1,10.2,4.7,7.4,0.637,0.9,2.2,0.407,4.3,,0.6,4.1,0.631,5.6,9.5,0.585,1.9,2.3,0.821,12.0,12.0,445.0,2.9,2.3,13.9,27.0,0.8,1.5,7.0,4.8,7.6,0.637,0.9,2.3,0.407,4.4,,0.6,4.3,0.631,5.8,9.8,0.585,1.9,2.3,0.821,12.0,12.0,37.1,3.0,2.3,14.3,49.0,0.8,1.5,7.3,0.0,0.0,,0.389,0.667,8.5,30.0,0.297,0.585,0.698,0.625,0.333,0.637,0.5,0.407,12.0,12.0,445.0,0.655,1.0,0.534,0.068,0.051,0.771,0.119,0.229,27.0,58.0,91.0,0.637,11.0,27.0,0.407,53.0,,7.0,51.0,0.631,69.0,118.0,0.585,23.0,28.0,0.821,12.0,12.0,445.0,36.0,28.0,172.0,38.0,10.0,18.0,87.0,0.0
kuzmaky01,Kyle Kuzma,https://www.basketball-reference.com/players/k/kuzmaky01.html,2023-24,2024,28.0,WAS,PF,PF,13.0,PF,70.0,70.0,2281.0,457.0,863.0,0.53,151.0,450.0,0.336,296.0,,49.0,402.0,0.521,608.0,1313.0,0.463,186.0,240.0,0.775,62.0,153.0,1553.0,27.0,37.0,192.0,464.0,0.0,6.5,12.3,0.53,2.2,6.4,0.336,4.2,,0.7,5.7,0.521,8.7,18.8,0.463,2.7,3.4,0.775,70.0,70.0,32.6,0.9,2.2,22.2,36.0,0.5,2.7,6.6,7.2,13.6,0.53,2.4,7.1,0.336,4.7,,0.8,6.3,0.521,9.6,20.7,0.463,2.9,3.8,0.775,70.0,70.0,2281.0,1.0,2.4,24.5,57.0,0.6,3.0,7.3,9.4,17.7,0.53,3.1,9.2,0.336,6.1,,1.0,8.2,120.0,0.521,12.5,26.9,0.463,3.8,4.9,0.775,70.0,70.0,2281.0,1.3,103.0,3.1,31.8,57.0,0.8,3.9,9.5,0.343,20.7,,1.8,-1.1,-1.6,19.3,1.1,0.183,70.0,70.0,2281.0,0.5,2.8,-1.0,15.7,57.0,0.8,11.9,10.9,0.547,29.7,0.5,0.2,0.004,,24,86,10,124,70,70,36,52,702,2281,-4.7,-11.2,19,81,0,0,0,57,77,63,1.0,0.0,,0.41,0.222,13.7,57.0,0.046,0.463,0.789,0.357,0.341,0.53,0.451,0.336,70.0,70.0,2281.0,0.538,0.788,0.206,0.117,0.062,0.657,0.272,0.343,57.0,-68.2,-92.5,,70.0,70.0,97.0,87.0,92.0,95.0,98.0,99.0,75.0,94.0,2281.0,57.0,0.53,0.343,0.336,0.521,0.463,0.775,0.183,0.547,,,,,,,,,,,,,,,,,,,,,,,,,,,,,,,,,,,,,,,,,,,,,,,,,,,,,,,,,,,,,,,,,,,,,,,,,,,,,,,,,,,,,,,,,,,,,,,,,,,,,,,,,,,,,,,,,,,,,,,,,,,,,,,,,,,,,,,,,,,,,,,,,,,,,,,,,,,,,,,,,,,,,,,,,,,,,,,,,,,,,,,,,,,,,,,,,,,,,,,,,,,,,
willija06,Jalen Williams,https://www.basketball-reference.com/players/w/willija06.html,2023-24,2024,22.0,OKC,PF,PF,14.0,PF,71.0,71.0,2223.0,433.0,752.0,0.576,103.0,241.0,0.427,322.0,CPOY-12,45.0,245.0,0.592,536.0,993.0,0.54,180.0,221.0,0.814,37.0,175.0,1355.0,47.0,80.0,123.0,282.0,0.0,6.1,10.6,0.576,1.5,3.4,0.427,4.5,CPOY-12,0.6,3.5,0.592,7.5,14.0,0.54,2.5,3.1,0.814,71.0,71.0,31.3,0.5,2.5,19.1,61.0,1.1,1.7,4.0,7.0,12.2,0.576,1.7,3.9,0.427,5.2,CPOY-12,0.7,4.0,0.592,8.7,16.1,0.54,2.9,3.6,0.814,71.0,71.0,2223.0,0.6,2.8,21.9,65.0,1.3,2.0,4.6,9.4,16.3,0.576,2.2,5.2,0.427,7.0,CPOY-12,1.0,5.3,114.0,0.592,11.6,21.5,0.54,3.9,4.8,0.814,71.0,71.0,2223.0,0.8,122.0,3.8,29.3,65.0,1.7,2.7,6.1,0.243,21.3,CPOY-12,1.9,2.3,0.3,11.8,2.7,0.223,71.0,71.0,2223.0,2.0,1.9,4.5,19.1,65.0,1.7,10.1,7.1,0.621,23.7,2.4,7.3,0.157,CPOY-12,12,85,21,105,71,71,22,51,783,2223,1.5,8.6,2,83,0,14,1,65,56,42,0.0,0.0,CPOY-12,0.52,0.104,11.9,63.0,0.075,0.54,0.73,0.529,0.488,0.576,0.473,0.427,71.0,71.0,2223.0,0.404,0.748,0.261,0.171,0.085,0.757,0.241,0.243,65.0,89.6,90.3,CPOY-12,71.0,71.0,106.0,61.0,117.0,108.0,114.0,104.0,91.0,107.0,2223.0,65.0,0.576,0.243,0.427,0.592,0.54,0.814,0.223,0.621,,10.0,10.0,91.0,62.0,105.0,94.0,99.0,104.0,69.0,94.0,377.0,38.0,0.496,0.244,0.385,0.516,0.469,0.815,0.169,0.544,0.244,23.0,,1.3,3.8,2.3,15.6,0.8,0.169,10.0,10.0,377.0,1.4,4.0,0.4,17.8,38.0,2.3,10.0,10.0,0.544,23.1,0.6,1.2,0.152,,0.0,9.0,7.0,12.0,10.0,10.0,3.0,13.0,132.0,377.0,10.8,8.3,3.0,92.0,0.0,5.0,0.0,38.0,10.0,8.0,8.1,16.3,0.496,2.0,5.3,0.385,7.3,,0.7,7.4,105.0,0.516,10.1,21.6,0.469,3.0,3.6,0.815,10.0,10.0,377.0,1.8,113.0,2.8,25.2,38.0,2.3,2.6,9.2,5.7,11.6,0.496,1.4,3.7,0.385,5.2,,0.5,5.3,0.516,7.2,15.3,0.469,2.1,2.6,0.815,10.0,10.0,377.0,1.2,2.0,17.9,38.0,1.6,1.8,6.5,6.0,12.1,0.496,1.5,3.9,0.385,5.4,,0.5,5.5,0.516,7.5,16.0,0.469,2.2,2.7,0.815,10.0,10.0,37.7,1.3,2.1,18.7,27.0,1.7,1.9,6.8,2.0,0.0,,0.2,0.128,11.9,13.0,0.081,0.469,0.608,0.5,0.167,0.496,0.441,0.385,10.0,10.0,377.0,0.483,0.867,0.319,0.15,0.075,0.756,0.213,0.244,38.0,60.0,121.0,0.496,15.0,39.0,0.385,54.0,,5.0,55.0,0.516,75.0,160.0,0.469,22.0,27.0,0.815,10.0,10.0,377.0,13.0,21.0,187.0,30.0,17.0,19.0,68.0,0.0
washipj01,P.J. Washington,https://www.basketball-reference.com/players/w/washipj01.html,2023-24,2024,25.0,2TM,PF,PF,15.0,PF,73.0,45.0,2221.0,222.0,398.0,0.558,132.0,413.0,0.32,141.0,,59.0,326.0,0.518,354.0,811.0,0.436,99.0,145.0,0.683,85.0,169.0,939.0,107.0,72.0,96.0,411.0,0.0,3.0,5.5,0.558,1.8,5.7,0.32,1.9,,0.8,4.5,0.518,4.8,11.1,0.436,1.4,2.0,0.683,73.0,45.0,30.4,1.2,2.3,12.9,123.0,1.0,1.3,5.6,3.6,6.5,0.558,2.1,6.7,0.32,2.3,,1.0,5.3,0.518,5.7,13.1,0.436,1.6,2.4,0.683,73.0,45.0,2221.0,1.4,2.7,15.2,66.0,1.2,1.6,6.7,4.9,8.7,0.558,2.9,9.1,0.32,3.1,,1.3,7.2,117.0,0.518,7.8,17.8,0.436,2.2,3.2,0.683,73.0,45.0,2221.0,1.9,106.0,3.7,20.6,66.0,1.6,2.1,9.0,0.509,9.3,,2.4,-2.1,-0.4,16.5,1.9,0.179,73.0,45.0,2221.0,-1.7,4.2,0.0,12.2,66.0,1.6,9.9,10.3,0.537,19.1,-0.1,1.9,0.04,,15,109,9,72,73,45,22,42,336,2221,2.8,-3.0,17,80,0,2,0,66,50,24,2.0,0.0,,0.245,0.266,15.5,45.0,0.06,0.436,0.722,0.438,0.3,0.558,0.454,0.32,73.0,45.0,2221.0,0.797,0.955,0.2,0.039,0.012,0.491,0.239,0.509,66.0,-46.5,-75.7,,73.0,45.0,102.0,129.0,87.0,95.0,92.0,87.0,73.0,93.0,2221.0,66.0,0.558,0.509,0.32,0.518,0.436,0.683,0.179,0.537,,22.0,22.0,98.0,146.0,95.0,97.0,90.0,90.0,96.0,95.0,785.0,3.0,0.535,0.577,0.348,0.528,0.427,0.709,0.235,0.554,0.577,5.8,,2.1,0.1,0.9,16.2,0.9,0.235,22.0,22.0,785.0,-0.9,4.9,0.4,11.3,3.0,1.1,11.0,10.6,0.554,16.8,0.4,1.3,0.081,,4.0,32.0,2.0,23.0,22.0,22.0,3.0,12.0,75.0,785.0,1.3,4.0,1.0,95.0,0.0,3.0,0.0,3.0,11.0,10.0,3.5,6.6,0.535,3.1,8.9,0.348,2.1,,1.1,7.4,113.0,0.528,6.6,15.5,0.427,2.6,3.6,0.709,22.0,22.0,785.0,2.2,110.0,4.4,18.9,3.0,1.1,2.1,9.6,2.4,4.5,0.535,2.2,6.2,0.348,1.4,,0.8,5.1,0.528,4.6,10.7,0.427,1.8,2.5,0.709,22.0,22.0,785.0,1.5,3.1,13.1,3.0,0.7,1.5,6.6,2.4,4.5,0.535,2.1,6.1,0.348,1.4,,0.8,5.1,0.528,4.5,10.6,0.427,1.8,2.5,0.709,22.0,22.0,35.7,1.5,3.0,13.0,55.0,0.7,1.5,6.6,1.0,0.0,,0.403,0.533,16.1,15.0,0.077,0.427,0.721,0.333,,0.535,0.404,0.348,22.0,22.0,785.0,0.717,0.979,0.184,0.038,0.0,0.423,0.201,0.577,3.0,53.0,99.0,0.535,47.0,135.0,0.348,31.0,,17.0,112.0,0.528,100.0,234.0,0.427,39.0,55.0,0.709,22.0,22.0,785.0,33.0,67.0,286.0,14.0,16.0,32.0,145.0,0.0
willizi01,Zion Williamson,https://www.basketball-reference.com/players/w/willizi01.html,2023-24,2024,23.0,NOP,PF,PF,16.0,PF,70.0,70.0,2207.0,618.0,1076.0,0.574,6.0,18.0,0.333,352.0,,47.0,284.0,0.573,624.0,1094.0,0.57,347.0,494.0,0.702,122.0,159.0,1601.0,25.0,77.0,193.0,406.0,0.0,8.8,15.4,0.574,0.1,0.3,0.333,5.0,,0.7,4.1,0.573,8.9,15.6,0.57,5.0,7.1,0.702,70.0,70.0,31.5,1.7,2.3,22.9,28.0,1.1,2.8,5.8,10.1,17.6,0.574,0.1,0.3,0.333,5.7,,0.8,4.6,0.573,10.2,17.8,0.57,5.7,8.1,0.702,70.0,70.0,2207.0,2.0,2.6,26.1,69.0,1.3,3.1,6.6,13.7,23.9,0.574,0.1,0.4,0.333,7.8,,1.0,6.3,113.0,0.573,13.9,24.3,0.57,7.7,11.0,0.702,70.0,70.0,2207.0,2.7,119.0,3.5,35.6,69.0,1.7,4.3,9.0,0.016,26.5,,2.1,3.8,0.6,14.2,2.8,0.452,70.0,70.0,2207.0,3.3,6.2,4.7,22.8,69.0,1.7,12.8,10.2,0.61,29.7,3.3,7.5,0.164,,28,90,3,271,70,70,79,121,924,2207,-5.2,2.4,14,86,0,1,0,69,78,75,0.0,0.0,,1.0,0.111,4.0,78.0,0.08,0.57,0.717,0.394,0.333,0.574,0.396,0.333,70.0,70.0,2207.0,0.474,0.833,0.547,0.03,0.003,0.984,0.404,0.016,69.0,58.2,79.8,,70.0,70.0,105.0,4.0,91.0,105.0,120.0,90.0,185.0,105.0,2207.0,69.0,0.574,0.016,0.333,0.573,0.57,0.702,0.452,0.61,,,,,,,,,,,,,,,,,,,,,,,,,,,,,,,,,,,,,,,,,,,,,,,,,,,,,,,,,,,,,,,,,,,,,,,,,,,,,,,,,,,,,,,,,,,,,,,,,,,,,,,,,,,,,,,,,,,,,,,,,,,,,,,,,,,,,,,,,,,,,,,,,,,,,,,,,,,,,,,,,,,,,,,,,,,,,,,,,,,,,,,,,,,,,,,,,,,,,,,,,,,,,
sochaje01,Jeremy Sochan,https://www.basketball-reference.com/players/s/sochaje01.html,2023-24,2024,20.0,SAS,PF,PF,17.0,PF,74.0,73.0,2193.0,270.0,549.0,0.492,70.0,227.0,0.308,249.0,,40.0,339.0,0.483,340.0,776.0,0.438,111.0,144.0,0.771,137.0,168.0,861.0,125.0,62.0,140.0,476.0,0.0,3.6,7.4,0.492,0.9,3.1,0.308,3.4,,0.5,4.6,0.483,4.6,10.5,0.438,1.5,1.9,0.771,74.0,73.0,29.6,1.9,2.3,11.6,146.0,0.8,1.9,6.4,4.4,9.0,0.492,1.1,3.7,0.308,4.1,,0.7,5.6,0.483,5.6,12.7,0.438,1.8,2.4,0.771,74.0,73.0,2193.0,2.2,2.8,14.1,71.0,1.0,2.3,7.8,5.8,11.9,0.492,1.5,4.9,0.308,5.4,,0.9,7.3,117.0,0.483,7.4,16.8,0.438,2.4,3.1,0.771,74.0,73.0,2193.0,3.0,104.0,3.6,18.6,71.0,1.3,3.0,10.3,0.293,16.0,,1.5,-3.4,-0.6,16.9,1.9,0.186,74.0,73.0,2193.0,-2.8,6.7,-0.5,11.4,71.0,1.3,14.3,11.7,0.513,18.8,-0.8,1.4,0.03,,12,82,15,71,74,73,14,67,603,2193,-2.4,-7.4,3,84,0,13,0,71,66,40,4.0,0.0,,0.319,0.317,11.0,68.0,0.098,0.438,0.659,0.292,0.333,0.492,0.362,0.308,74.0,73.0,2193.0,0.596,0.986,0.332,0.084,0.035,0.707,0.256,0.293,71.0,-98.2,-112.6,,74.0,73.0,90.0,74.0,84.0,88.0,92.0,98.0,76.0,88.0,2193.0,71.0,0.492,0.293,0.308,0.483,0.438,0.771,0.186,0.513,,,,,,,,,,,,,,,,,,,,,,,,,,,,,,,,,,,,,,,,,,,,,,,,,,,,,,,,,,,,,,,,,,,,,,,,,,,,,,,,,,,,,,,,,,,,,,,,,,,,,,,,,,,,,,,,,,,,,,,,,,,,,,,,,,,,,,,,,,,,,,,,,,,,,,,,,,,,,,,,,,,,,,,,,,,,,,,,,,,,,,,,,,,,,,,,,,,,,,,,,,,,,
willigr01,Grant Williams,https://www.basketball-reference.com/players/w/willigr01.html,2023-24,2024,25.0,2TM,PF,PF,18.0,PF,76.0,43.0,2130.0,150.0,269.0,0.558,126.0,336.0,0.375,174.0,,39.0,232.0,0.56,276.0,605.0,0.456,106.0,140.0,0.757,86.0,226.0,784.0,145.0,44.0,109.0,318.0,0.0,2.0,3.5,0.558,1.7,4.4,0.375,2.3,,0.5,3.1,0.56,3.6,8.0,0.456,1.4,1.8,0.757,76.0,43.0,28.0,1.1,3.0,10.3,172.0,0.6,1.4,4.2,2.5,4.5,0.558,2.1,5.7,0.375,2.9,,0.7,3.9,0.56,4.7,10.2,0.456,1.8,2.4,0.757,76.0,43.0,2130.0,1.5,3.8,13.3,76.0,0.7,1.8,5.4,3.4,6.1,0.558,2.9,7.7,0.375,4.0,,0.9,5.3,119.0,0.56,6.3,13.8,0.456,2.4,3.2,0.757,76.0,43.0,2130.0,2.0,113.0,5.2,17.9,76.0,1.0,2.5,7.2,0.555,11.3,,1.6,-2.6,-0.7,12.2,1.3,0.231,76.0,43.0,2130.0,-1.9,4.4,1.3,10.6,76.0,1.0,14.1,8.3,0.588,15.9,-0.3,2.6,0.059,,26,111,30,57,76,43,16,28,424,2130,-3.0,-5.1,20,67,0,13,0,76,39,29,1.0,0.0,,0.346,0.318,16.4,10.0,0.02,0.456,0.793,0.375,0.4,0.558,0.4,0.375,76.0,43.0,2130.0,0.74,0.952,0.183,0.079,0.017,0.445,0.165,0.555,76.0,16.7,10.7,,76.0,43.0,102.0,141.0,103.0,103.0,96.0,97.0,95.0,101.0,2130.0,76.0,0.558,0.555,0.375,0.56,0.456,0.757,0.231,0.588,,,,,,,,,,,,,,,,,,,,,,,,,,,,,,,,,,,,,,,,,,,,,,,,,,,,,,,,,,,,,,,,,,,,,,,,,,,,,,,,,,,,,,,,,,,,,,,,,,,,,,,,,,,,,,,,,,,,,,,,,,,,,,,,,,,,,,,,,,,,,,,,,,,,,,,,,,,,,,,,,,,,,,,,,,,,,,,,,,,,,,,,,,,,,,,,,,,,,,,,,,,,,
butleji01,Jimmy Butler,https://www.basketball-reference.com/players/b/butleji01.html,2023-24,2024,34.0,MIA,PF,PF,19.0,PF,60.0,60.0,2042.0,336.0,648.0,0.519,60.0,145.0,0.414,298.0,,17.0,213.0,0.537,396.0,793.0,0.499,394.0,459.0,0.858,105.0,68.0,1246.0,63.0,79.0,102.0,318.0,1.0,5.6,10.8,0.519,1.0,2.4,0.414,5.0,,0.3,3.6,0.537,6.6,13.2,0.499,6.6,7.7,0.858,60.0,60.0,34.0,1.8,1.1,20.8,44.0,1.3,1.7,5.3,5.9,11.4,0.519,1.1,2.6,0.414,5.3,,0.3,3.8,0.537,7.0,14.0,0.499,6.9,8.1,0.858,60.0,60.0,2042.0,1.9,1.2,22.0,95.0,1.4,1.8,5.6,8.2,15.8,0.519,1.5,3.5,0.414,7.3,,0.4,5.2,113.0,0.537,9.7,19.4,0.499,9.6,11.2,0.858,60.0,60.0,2042.0,2.6,129.0,1.7,30.4,95.0,1.9,2.5,7.8,0.183,23.1,,0.8,4.6,0.7,11.9,2.7,0.579,60.0,60.0,2042.0,3.9,5.8,6.4,22.0,95.0,1.9,9.3,8.8,0.626,24.0,3.4,9.1,0.214,,10,30,5,205,60,60,46,63,768,2042,7.1,5.5,0,74,0,25,0,95,56,31,0.0,0.0,,0.443,0.483,9.7,41.0,0.057,0.499,0.679,0.391,0.409,0.519,0.465,0.414,60.0,60.0,2042.0,0.452,0.8,0.267,0.139,0.055,0.817,0.356,0.183,95.0,-14.8,91.9,,60.0,60.0,95.0,46.0,113.0,98.0,105.0,109.0,237.0,108.0,2042.0,95.0,0.519,0.183,0.414,0.537,0.499,0.858,0.579,0.626,,,,,,,,,,,,,,,,,,,,,,,,,,,,,,,,,,,,,,,,,,,,,,,,,,,,,,,,,,,,,,,,,,,,,,,,,,,,,,,,,,,,,,,,,,,,,,,,,,,,,,,,,,,,,,,,,,,,,,,,,,,,,,,,,,,,,,,,,,,,,,,,,,,,,,,,,,,,,,,,,,,,,,,,,,,,,,,,,,,,,,,,,,,,,,,,,,,,,,,,,,,,,
townska01,Karl-Anthony Towns,https://www.basketball-reference.com/players/t/townska01.html,2023-24,2024,28.0,MIN,PF,PF,20.0,PF,62.0,62.0,2026.0,343.0,624.0,0.55,136.0,327.0,0.416,189.0,AS,41.0,421.0,0.575,479.0,951.0,0.504,255.0,292.0,0.873,94.0,204.0,1349.0,49.0,43.0,177.0,515.0,0.0,5.5,10.1,0.55,2.2,5.3,0.416,3.0,AS,0.7,6.8,0.575,7.7,15.3,0.504,4.1,4.7,0.873,62.0,62.0,32.7,1.5,3.3,21.8,37.0,0.7,2.9,8.3,6.1,11.1,0.55,2.4,5.8,0.416,3.4,AS,0.7,7.5,0.575,8.5,16.9,0.504,4.5,5.2,0.873,62.0,62.0,2026.0,1.7,3.6,24.0,100.0,0.8,3.1,9.2,8.4,15.2,0.55,3.3,8.0,0.416,4.6,AS,1.0,10.3,109.0,0.575,11.7,23.2,0.504,6.2,7.1,0.873,62.0,62.0,2026.0,2.3,115.0,5.0,32.9,100.0,1.0,4.3,12.6,0.344,15.1,AS,1.8,2.5,0.9,22.6,3.6,0.307,62.0,62.0,2026.0,1.6,5.5,2.6,18.8,100.0,1.0,14.1,14.4,0.625,27.4,2.3,6.3,0.148,AS,52,105,10,138,62,62,39,67,434,2026,-0.2,6.4,37,63,0,0,0,100,72,36,1.0,0.0,AS,0.414,0.089,12.7,35.0,0.043,0.504,0.69,0.45,0.395,0.55,0.471,0.416,62.0,62.0,2026.0,0.641,0.971,0.258,0.063,0.045,0.656,0.29,0.344,100.0,54.5,96.8,AS,62.0,62.0,101.0,87.0,114.0,105.0,106.0,111.0,126.0,108.0,2026.0,100.0,0.55,0.344,0.416,0.575,0.504,0.873,0.307,0.625,,16.0,16.0,96.0,91.0,99.0,97.0,98.0,109.0,122.0,100.0,522.0,17.0,0.523,0.358,0.361,0.53,0.466,0.855,0.297,0.581,0.358,13.4,,0.5,2.8,0.6,24.7,0.6,0.297,16.0,16.0,522.0,2.2,8.0,1.1,19.2,17.0,1.2,9.3,16.3,0.581,25.2,0.6,1.7,0.155,,8.0,21.0,3.0,31.0,16.0,16.0,8.0,21.0,94.0,522.0,-12.7,0.4,6.0,92.0,0.0,2.0,0.0,17.0,11.0,5.0,7.8,14.9,0.523,3.0,8.3,0.361,4.2,,0.3,10.9,112.0,0.53,10.8,23.2,0.466,5.9,6.9,0.855,16.0,16.0,522.0,3.5,119.0,5.5,30.5,17.0,1.2,2.7,14.4,5.4,10.3,0.523,2.1,5.7,0.361,2.9,,0.2,7.5,0.53,7.4,16.0,0.466,4.1,4.8,0.855,16.0,16.0,522.0,2.4,3.8,21.0,17.0,0.8,1.9,9.9,4.9,9.3,0.523,1.9,5.2,0.361,2.6,,0.2,6.8,0.53,6.8,14.5,0.466,3.7,4.3,0.855,16.0,16.0,32.6,2.2,3.4,19.1,24.0,0.8,1.7,9.0,1.0,0.0,,0.368,0.229,12.9,5.0,0.034,0.466,0.627,0.353,0.5,0.523,0.478,0.361,16.0,16.0,522.0,0.654,1.0,0.254,0.073,0.026,0.642,0.289,0.358,17.0,78.0,149.0,0.523,30.0,83.0,0.361,42.0,,3.0,109.0,0.53,108.0,232.0,0.466,59.0,69.0,0.855,16.0,16.0,522.0,35.0,55.0,305.0,10.0,12.0,27.0,144.0,0.0
portibo01,Bobby Portis,https://www.basketball-reference.com/players/p/portibo01.html,2023-24,2024,28.0,MIL,PF,PF,21.0,PF,82.0,4.0,2008.0,366.0,672.0,0.545,100.0,246.0,0.407,104.0,6MOY-3,34.0,465.0,0.562,466.0,918.0,0.508,98.0,124.0,0.79,142.0,189.0,1130.0,76.0,68.0,91.0,607.0,0.0,4.5,8.2,0.545,1.2,3.0,0.407,1.3,6MOY-3,0.4,5.7,0.562,5.7,11.2,0.508,1.2,1.5,0.79,82.0,4.0,24.5,1.7,2.3,13.8,112.0,0.8,1.1,7.4,6.6,12.0,0.545,1.8,4.4,0.407,1.9,6MOY-3,0.6,8.3,0.562,8.4,16.5,0.508,1.8,2.2,0.79,82.0,4.0,2008.0,2.5,3.4,20.3,104.0,1.2,1.6,10.9,8.8,16.1,0.545,2.4,5.9,0.407,2.5,6MOY-3,0.8,11.1,113.0,0.562,11.2,22.0,0.508,2.3,3.0,0.79,82.0,4.0,2008.0,3.4,115.0,4.5,27.0,104.0,1.6,2.2,14.5,0.268,7.8,6MOY-3,1.4,-0.8,-0.8,24.8,2.6,0.135,82.0,4.0,2008.0,0.0,7.9,2.1,17.5,104.0,1.6,8.6,16.6,0.581,22.9,0.6,4.7,0.112,6MOY-3,22,95,4,56,82,4,14,33,263,2008,-4.8,0.4,16,83,0,2,0,104,17,35,0.0,0.0,6MOY-3,0.408,0.419,12.9,22.0,0.028,0.508,0.731,0.478,0.409,0.545,0.485,0.407,82.0,4.0,2008.0,0.552,0.98,0.215,0.198,0.101,0.732,0.218,0.268,104.0,28.6,1.9,6MOY-3,82.0,4.0,100.0,68.0,111.0,103.0,107.0,101.0,55.0,100.0,2008.0,104.0,0.545,0.268,0.407,0.562,0.508,0.79,0.135,0.581,,6.0,6.0,95.0,33.0,68.0,91.0,102.0,78.0,58.0,88.0,187.0,72.0,0.519,0.132,0.25,0.5,0.484,0.615,0.143,0.512,0.132,5.3,,0.5,-3.4,-1.9,31.2,0.1,0.143,6.0,6.0,187.0,-1.6,9.7,0.0,16.3,72.0,0.8,8.5,20.5,0.512,26.0,-0.1,0.1,0.032,,3.0,5.0,0.0,7.0,6.0,6.0,3.0,5.0,17.0,187.0,30.2,7.8,40.0,60.0,0.0,0.0,0.0,72.0,2.0,2.0,11.3,21.7,0.519,0.8,3.3,0.25,1.7,,0.3,14.3,116.0,0.5,12.1,25.0,0.484,2.2,3.6,0.615,6.0,6.0,187.0,4.4,104.0,3.6,27.2,72.0,0.8,2.5,18.7,7.9,15.2,0.519,0.6,2.3,0.25,1.2,,0.2,10.0,0.5,8.5,17.5,0.484,1.5,2.5,0.615,6.0,6.0,187.0,3.1,2.5,19.1,72.0,0.6,1.7,13.1,6.8,13.2,0.519,0.5,2.0,0.25,1.0,,0.2,8.7,0.5,7.3,15.2,0.484,1.3,2.2,0.615,6.0,6.0,31.2,2.7,2.2,16.5,37.0,0.5,1.5,11.3,0.0,0.0,,0.5,0.167,10.9,2.0,0.033,0.484,0.615,0.478,0.5,0.519,0.438,0.25,6.0,6.0,187.0,0.561,1.0,0.286,0.253,0.154,0.868,0.176,0.132,72.0,41.0,79.0,0.519,3.0,12.0,0.25,6.0,,1.0,52.0,0.5,44.0,91.0,0.484,8.0,13.0,0.615,6.0,6.0,187.0,16.0,13.0,99.0,63.0,3.0,9.0,68.0,0.0
reidna01,Naz Reid,https://www.basketball-reference.com/players/r/reidna01.html,2023-24,2024,24.0,MIN,PF,PF,22.0,PF,81.0,14.0,1964.0,237.0,443.0,0.535,169.0,408.0,0.414,106.0,6MOY-1,73.0,350.0,0.576,406.0,851.0,0.477,109.0,148.0,0.736,73.0,172.0,1090.0,82.0,63.0,111.0,423.0,0.0,2.9,5.5,0.535,2.1,5.0,0.414,1.3,6MOY-1,0.9,4.3,0.576,5.0,10.5,0.477,1.3,1.8,0.736,81.0,14.0,24.2,0.9,2.1,13.5,118.0,0.8,1.4,5.2,4.3,8.1,0.535,3.1,7.5,0.414,1.9,6MOY-1,1.3,6.4,0.576,7.4,15.6,0.477,2.0,2.7,0.736,81.0,14.0,1964.0,1.3,3.2,20.0,110.0,1.2,2.0,7.8,6.0,11.1,0.535,4.3,10.3,0.414,2.7,6MOY-1,1.8,8.8,107.0,0.576,10.2,21.4,0.477,2.7,3.7,0.736,81.0,14.0,1964.0,1.8,111.0,4.3,27.4,110.0,1.6,2.8,10.6,0.479,8.3,6MOY-1,3.3,1.5,1.1,19.3,3.8,0.174,81.0,14.0,1964.0,0.4,4.4,1.1,16.0,110.0,1.6,10.8,12.2,0.595,23.1,1.7,4.9,0.12,6MOY-1,12,104,3,74,81,14,16,64,260,1964,-1.2,5.9,20,79,0,1,0,110,32,52,2.0,0.0,6MOY-1,0.411,0.275,14.5,39.0,0.049,0.477,0.717,0.484,0.0,0.535,0.403,0.414,81.0,14.0,1964.0,0.624,1.0,0.212,0.036,0.001,0.521,0.271,0.479,110.0,50.8,27.3,6MOY-1,81.0,14.0,98.0,121.0,113.0,105.0,101.0,94.0,71.0,103.0,1964.0,110.0,0.535,0.479,0.414,0.576,0.477,0.736,0.174,0.595,,16.0,0.0,100.0,123.0,99.0,100.0,97.0,90.0,89.0,98.0,361.0,39.0,0.548,0.486,0.362,0.546,0.458,0.71,0.218,0.569,0.486,7.1,,3.2,0.8,1.0,16.4,0.4,0.218,16.0,0.0,361.0,-0.2,3.0,0.3,14.4,39.0,1.2,8.3,9.7,0.569,21.4,0.3,0.7,0.095,,1.0,19.0,2.0,17.0,16.0,0.0,3.0,4.0,44.0,361.0,-13.0,-2.3,55.0,45.0,0.0,0.0,0.0,39.0,5.0,7.0,5.8,10.6,0.548,3.6,10.0,0.362,2.3,,1.7,7.2,112.0,0.546,9.4,20.6,0.458,3.2,4.5,0.71,16.0,0.0,361.0,1.3,112.0,4.6,25.6,39.0,1.2,2.0,8.5,4.0,7.3,0.548,2.5,6.9,0.362,1.6,,1.2,5.0,0.546,6.5,14.2,0.458,2.2,3.1,0.71,16.0,0.0,361.0,0.9,3.2,17.7,39.0,0.8,1.4,5.9,2.5,4.6,0.548,1.6,4.3,0.362,1.0,,0.8,3.1,0.546,4.1,8.9,0.458,1.4,1.9,0.71,16.0,0.0,22.6,0.6,2.0,11.1,66.0,0.5,0.9,3.7,0.0,0.0,,0.308,0.377,14.2,9.0,0.063,0.458,0.719,0.167,,0.548,0.457,0.362,16.0,0.0,361.0,0.725,1.0,0.225,0.042,0.0,0.514,0.246,0.486,39.0,40.0,73.0,0.548,25.0,69.0,0.362,16.0,,12.0,50.0,0.546,65.0,142.0,0.458,22.0,31.0,0.71,16.0,0.0,361.0,9.0,32.0,177.0,35.0,8.0,14.0,59.0,0.0
kuminjo01,Jonathan Kuminga,https://www.basketball-reference.com/players/k/kuminjo01.html,2023-24,2024,21.0,GSW,PF,PF,23.0,PF,74.0,46.0,1949.0,403.0,697.0,0.578,53.0,165.0,0.321,163.0,,36.0,263.0,0.56,456.0,862.0,0.529,223.0,299.0,0.746,92.0,169.0,1188.0,68.0,55.0,122.0,355.0,0.0,5.4,9.4,0.578,0.7,2.2,0.321,2.2,,0.5,3.6,0.56,6.2,11.6,0.529,3.0,4.0,0.746,74.0,46.0,26.3,1.2,2.3,16.1,81.0,0.7,1.6,4.8,7.4,12.9,0.578,1.0,3.0,0.321,3.0,,0.7,4.9,0.56,8.4,15.9,0.529,4.1,5.5,0.746,74.0,46.0,1949.0,1.7,3.1,21.9,113.0,1.0,2.3,6.6,10.0,17.3,0.578,1.3,4.1,0.321,4.0,,0.9,6.5,116.0,0.56,11.3,21.4,0.529,5.5,7.4,0.746,74.0,46.0,1949.0,2.3,117.0,4.2,29.5,113.0,1.4,3.0,8.8,0.191,12.5,,1.7,-0.4,-0.4,14.4,1.9,0.347,74.0,46.0,1949.0,0.0,5.2,2.7,17.0,113.0,1.4,10.9,9.8,0.598,24.1,0.8,4.6,0.113,,17,64,12,160,74,46,38,73,414,1949,3.0,4.2,34,65,0,2,0,113,49,37,1.0,0.0,,0.435,0.279,9.4,138.0,0.182,0.529,0.749,0.394,0.353,0.578,0.519,0.321,74.0,46.0,1949.0,0.615,0.906,0.296,0.109,0.039,0.809,0.364,0.191,113.0,22.8,35.5,,74.0,46.0,106.0,48.0,88.0,102.0,112.0,95.0,142.0,103.0,1949.0,113.0,0.578,0.191,0.321,0.56,0.529,0.746,0.347,0.598,,,,,,,,,,,,,,,,,,,,,,,,,,,,,,,,,,,,,,,,,,,,,,,,,,,,,,,,,,,,,,,,,,,,,,,,,,,,,,,,,,,,,,,,,,,,,,,,,,,,,,,,,,,,,,,,,,,,,,,,,,,,,,,,,,,,,,,,,,,,,,,,,,,,,,,,,,,,,,,,,,,,,,,,,,,,,,,,,,,,,,,,,,,,,,,,,,,,,,,,,,,,,
finnedo01,Dorian Finney-Smith,https://www.basketball-reference.com/players/f/finnedo01.html,2023-24,2024,30.0,BRK,PF,PF,24.0,PF,68.0,56.0,1934.0,98.0,175.0,0.56,117.0,336.0,0.348,107.0,,38.0,208.0,0.535,215.0,511.0,0.421,33.0,46.0,0.717,109.0,150.0,580.0,190.0,56.0,59.0,317.0,0.0,1.4,2.6,0.56,1.7,4.9,0.348,1.6,,0.6,3.1,0.535,3.2,7.5,0.421,0.5,0.7,0.717,68.0,56.0,28.4,1.6,2.2,8.5,214.0,0.8,0.9,4.7,1.8,3.3,0.56,2.2,6.3,0.348,2.0,,0.7,3.9,0.535,4.0,9.5,0.421,0.6,0.9,0.717,68.0,56.0,1934.0,2.0,2.8,10.8,116.0,1.0,1.1,5.9,2.5,4.5,0.56,3.0,8.6,0.348,2.7,,1.0,5.3,117.0,0.535,5.5,13.1,0.421,0.8,1.2,0.717,68.0,56.0,1934.0,2.8,113.0,3.8,14.9,116.0,1.4,1.5,8.1,0.658,7.6,,1.8,-2.0,-0.1,12.1,1.6,0.09,68.0,56.0,1934.0,-2.0,6.0,1.0,10.1,116.0,1.4,10.0,9.0,0.546,13.2,0.0,2.6,0.065,,9,71,1,18,68,56,2,18,263,1934,2.8,-1.5,14,45,0,39,2,116,29,12,2.0,0.0,,0.35,0.348,17.6,24.0,0.057,0.421,0.687,0.667,0.0,0.56,0.306,0.348,68.0,56.0,1934.0,0.745,0.974,0.225,0.012,0.01,0.342,0.096,0.658,116.0,-11.6,-36.2,,68.0,56.0,103.0,167.0,95.0,98.0,89.0,91.0,37.0,94.0,1934.0,116.0,0.56,0.658,0.348,0.535,0.421,0.717,0.09,0.546,,,,,,,,,,,,,,,,,,,,,,,,,,,,,,,,,,,,,,,,,,,,,,,,,,,,,,,,,,,,,,,,,,,,,,,,,,,,,,,,,,,,,,,,,,,,,,,,,,,,,,,,,,,,,,,,,,,,,,,,,,,,,,,,,,,,,,,,,,,,,,,,,,,,,,,,,,,,,,,,,,,,,,,,,,,,,,,,,,,,,,,,,,,,,,,,,,,,,,,,,,,,,
collijo01,John Collins,https://www.basketball-reference.com/players/c/collijo01.html,2023-24,2024,26.0,UTA,PF,PF,25.0,PF,68.0,66.0,1901.0,311.0,514.0,0.605,86.0,232.0,0.371,77.0,,61.0,418.0,0.59,397.0,746.0,0.532,147.0,185.0,0.795,157.0,191.0,1027.0,91.0,40.0,98.0,575.0,0.0,4.6,7.6,0.605,1.3,3.4,0.371,1.1,,0.9,6.1,0.59,5.8,11.0,0.532,2.2,2.7,0.795,68.0,66.0,28.0,2.3,2.8,15.1,96.0,0.6,1.4,8.5,5.9,9.7,0.605,1.6,4.4,0.371,1.5,,1.2,7.9,0.59,7.5,14.1,0.532,2.8,3.5,0.795,68.0,66.0,1901.0,3.0,3.6,19.4,122.0,0.8,1.9,10.9,7.9,13.0,0.605,2.2,5.9,0.371,2.0,,1.5,10.6,118.0,0.59,10.1,18.9,0.532,3.7,4.7,0.795,68.0,66.0,1901.0,4.0,121.0,4.8,26.1,122.0,1.0,2.5,14.6,0.311,6.1,,2.9,-0.9,-1.4,24.0,1.3,0.248,68.0,66.0,1901.0,0.5,9.2,3.1,17.5,122.0,1.0,10.6,16.7,0.621,20.4,0.5,4.4,0.11,,15,122,14,87,68,66,23,73,185,1901,-4.7,-7.3,13,70,0,17,0,122,36,32,0.0,0.0,,0.37,0.431,11.0,106.0,0.15,0.532,0.783,0.438,0.276,0.605,0.493,0.371,68.0,66.0,1901.0,0.73,0.988,0.303,0.043,0.039,0.689,0.304,0.311,122.0,64.6,67.2,,68.0,66.0,111.0,79.0,101.0,108.0,112.0,101.0,102.0,107.0,1901.0,122.0,0.605,0.311,0.371,0.59,0.532,0.795,0.248,0.621,,,,,,,,,,,,,,,,,,,,,,,,,,,,,,,,,,,,,,,,,,,,,,,,,,,,,,,,,,,,,,,,,,,,,,,,,,,,,,,,,,,,,,,,,,,,,,,,,,,,,,,,,,,,,,,,,,,,,,,,,,,,,,,,,,,,,,,,,,,,,,,,,,,,,,,,,,,,,,,,,,,,,,,,,,,,,,,,,,,,,,,,,,,,,,,,,,,,,,,,,,,,,
johnsja05,Jalen Johnson,https://www.basketball-reference.com/players/j/johnsja05.html,2023-24,2024,22.0,ATL,SF,PF,26.0,PF,56.0,52.0,1889.0,288.0,502.0,0.574,71.0,200.0,0.355,203.0,,47.0,414.0,0.562,359.0,702.0,0.511,107.0,147.0,0.728,74.0,133.0,896.0,113.0,67.0,101.0,488.0,1.0,5.1,9.0,0.574,1.3,3.6,0.355,3.6,,0.8,7.4,0.562,6.4,12.5,0.511,1.9,2.6,0.728,56.0,52.0,33.7,1.3,2.4,16.0,82.0,1.2,1.8,8.7,5.5,9.6,0.574,1.4,3.8,0.355,3.9,,0.9,7.9,0.562,6.8,13.4,0.511,2.0,2.8,0.728,56.0,52.0,1889.0,1.4,2.5,17.1,126.0,1.3,1.9,9.3,7.3,12.7,0.574,1.8,5.1,0.355,5.2,,1.2,10.5,116.0,0.562,9.1,17.8,0.511,2.7,3.7,0.728,56.0,52.0,1889.0,1.9,117.0,3.4,22.7,126.0,1.7,2.6,12.4,0.285,15.4,,2.2,1.2,0.8,24.8,1.7,0.209,56.0,52.0,1889.0,0.4,4.1,2.1,16.3,126.0,1.7,11.6,14.1,0.584,19.1,1.5,3.8,0.098,,11,75,10,77,56,52,23,51,486,1889,1.9,-1.3,5,94,0,0,0,126,56,19,1.0,0.0,,0.298,0.285,10.6,98.0,0.15,0.511,0.696,0.431,0.462,0.574,0.471,0.355,56.0,52.0,1889.0,0.705,0.972,0.342,0.083,0.019,0.715,0.272,0.285,126.0,21.7,6.7,,56.0,52.0,105.0,72.0,97.0,103.0,108.0,93.0,86.0,101.0,1889.0,126.0,0.574,0.285,0.355,0.562,0.511,0.728,0.209,0.584,,,,,,,,,,,,,,,,,,,,,,,,,,,,,,,,,,,,,,,,,,,,,,,,,,,,,,,,,,,,,,,,,,,,,,,,,,,,,,,,,,,,,,,,,,,,,,,,,,,,,,,,,,,,,,,,,,,,,,,,,,,,,,,,,,,,,,,,,,,,,,,,,,,,,,,,,,,,,,,,,,,,,,,,,,,,,,,,,,,,,,,,,,,,,,,,,,,,,,,,,,,,,
niangge01,Georges Niang,https://www.basketball-reference.com/players/n/niangge01.html,2023-24,2024,30.0,CLE,PF,PF,27.0,PF,82.0,10.0,1831.0,135.0,236.0,0.572,149.0,396.0,0.376,98.0,,18.0,256.0,0.567,284.0,632.0,0.449,51.0,60.0,0.85,22.0,192.0,768.0,149.0,30.0,72.0,278.0,0.0,1.6,2.9,0.572,1.8,4.8,0.376,1.2,,0.2,3.1,0.567,3.5,7.7,0.449,0.6,0.7,0.85,82.0,10.0,22.3,0.3,2.3,9.4,195.0,0.4,0.9,3.4,2.7,4.6,0.572,2.9,7.8,0.376,1.9,,0.4,5.0,0.567,5.6,12.4,0.449,1.0,1.2,0.85,82.0,10.0,1831.0,0.4,3.8,15.1,134.0,0.6,1.4,5.5,3.6,6.4,0.572,4.0,10.7,0.376,2.6,,0.5,6.9,115.0,0.567,7.7,17.1,0.449,1.4,1.6,0.85,82.0,10.0,1831.0,0.6,109.0,5.2,20.7,134.0,0.8,1.9,7.5,0.627,7.5,,0.9,-2.9,-0.4,15.5,2.0,0.095,82.0,10.0,1831.0,-2.5,1.4,0.5,9.9,134.0,0.8,9.9,8.5,0.583,17.6,-0.4,2.4,0.064,,8,114,9,28,82,10,6,16,245,1831,-4.4,0.3,1,78,0,20,1,134,34,20,0.0,0.0,,0.343,0.354,17.9,0.0,0.0,0.449,0.684,0.548,0.2,0.572,0.524,0.376,82.0,10.0,1831.0,0.741,0.973,0.12,0.049,0.008,0.373,0.196,0.627,134.0,26.2,4.3,,82.0,10.0,105.0,159.0,103.0,104.0,95.0,108.0,39.0,101.0,1831.0,134.0,0.572,0.627,0.376,0.567,0.449,0.85,0.095,0.583,,10.0,0.0,61.0,142.0,36.0,47.0,46.0,112.0,80.0,54.0,121.0,112.0,0.333,0.561,0.13,0.256,0.22,0.875,0.195,0.314,0.561,4.7,,1.7,-10.8,-1.4,8.5,0.1,0.195,10.0,0.0,121.0,-9.3,2.9,-0.5,-1.1,112.0,1.7,13.6,5.7,0.314,19.8,-0.3,-0.4,-0.164,,2.0,5.0,2.0,3.0,10.0,0.0,0.0,2.0,8.0,121.0,-3.6,-9.8,0.0,86.0,0.0,12.0,2.0,112.0,2.0,2.0,2.6,7.7,0.333,1.3,9.8,0.13,1.7,,0.9,3.9,114.0,0.256,3.9,17.5,0.22,3.0,3.4,0.875,10.0,0.0,121.0,1.3,65.0,7.7,12.0,112.0,1.7,3.0,5.1,1.8,5.4,0.333,0.9,6.8,0.13,1.2,,0.6,2.7,0.256,2.7,12.2,0.22,2.1,2.4,0.875,10.0,0.0,121.0,0.9,5.4,8.3,112.0,1.2,2.1,3.6,0.6,1.8,0.333,0.3,2.3,0.13,0.4,,0.2,0.9,0.256,0.9,4.1,0.22,0.7,0.8,0.875,10.0,0.0,12.1,0.3,1.8,2.8,147.0,0.4,0.7,1.2,0.0,0.0,,0.0,0.304,17.3,0.0,0.0,0.22,0.0,0.333,1.0,0.333,0.333,0.13,10.0,0.0,121.0,0.5,1.0,0.049,0.073,0.024,0.439,0.293,0.561,112.0,6.0,18.0,0.333,3.0,23.0,0.13,4.0,,2.0,9.0,0.256,9.0,41.0,0.22,7.0,8.0,0.875,10.0,0.0,121.0,3.0,18.0,28.0,122.0,4.0,7.0,12.0,0.0
grantje01,Jerami Grant,https://www.basketball-reference.com/players/g/grantje01.html,2023-24,2024,29.0,POR,PF,PF,28.0,PF,54.0,54.0,1830.0,272.0,574.0,0.474,111.0,276.0,0.402,152.0,,34.0,154.0,0.516,383.0,850.0,0.451,255.0,312.0,0.817,37.0,117.0,1132.0,75.0,45.0,116.0,191.0,0.0,5.0,10.6,0.474,2.1,5.1,0.402,2.8,,0.6,2.9,0.516,7.1,15.7,0.451,4.7,5.8,0.817,54.0,54.0,33.9,0.7,2.2,21.0,43.0,0.8,2.1,3.5,5.4,11.3,0.474,2.2,5.4,0.402,3.0,,0.7,3.0,0.516,7.5,16.7,0.451,5.0,6.1,0.817,54.0,54.0,1830.0,0.7,2.3,22.3,135.0,0.9,2.3,3.8,7.3,15.5,0.474,3.0,7.4,0.402,4.1,,0.9,4.2,120.0,0.516,10.3,22.9,0.451,6.9,8.4,0.817,54.0,54.0,1830.0,1.0,113.0,3.2,30.5,135.0,1.2,3.1,5.2,0.325,13.8,,1.7,-0.1,-1.1,10.0,1.0,0.367,54.0,54.0,1830.0,1.0,2.1,1.7,15.4,135.0,1.2,10.5,5.8,0.573,25.7,0.9,2.7,0.071,,14,66,14,136,54,54,27,64,380,1830,-0.5,-9.6,6,53,0,41,0,135,47,47,0.0,0.0,,0.467,0.333,13.2,18.0,0.028,0.451,0.599,0.415,0.441,0.474,0.406,0.402,54.0,54.0,1830.0,0.445,0.973,0.214,0.096,0.109,0.675,0.255,0.325,135.0,-52.1,-13.2,,54.0,54.0,87.0,82.0,110.0,94.0,95.0,104.0,150.0,99.0,1830.0,135.0,0.474,0.325,0.402,0.516,0.451,0.817,0.367,0.573,,,,,,,,,,,,,,,,,,,,,,,,,,,,,,,,,,,,,,,,,,,,,,,,,,,,,,,,,,,,,,,,,,,,,,,,,,,,,,,,,,,,,,,,,,,,,,,,,,,,,,,,,,,,,,,,,,,,,,,,,,,,,,,,,,,,,,,,,,,,,,,,,,,,,,,,,,,,,,,,,,,,,,,,,,,,,,,,,,,,,,,,,,,,,,,,,,,,,,,,,,,,,
hachiru01,Rui Hachimura,https://www.basketball-reference.com/players/h/hachiru01.html,2023-24,2024,25.0,LAL,PF,PF,29.0,PF,68.0,39.0,1826.0,265.0,444.0,0.597,98.0,232.0,0.422,81.0,,25.0,236.0,0.609,363.0,676.0,0.537,99.0,134.0,0.739,58.0,101.0,923.0,110.0,41.0,46.0,294.0,0.0,3.9,6.5,0.597,1.4,3.4,0.422,1.2,,0.4,3.5,0.609,5.3,9.9,0.537,1.5,2.0,0.739,68.0,39.0,26.9,0.9,1.5,13.6,116.0,0.6,0.7,4.3,5.2,8.8,0.597,1.9,4.6,0.422,1.6,,0.5,4.7,0.609,7.2,13.3,0.537,2.0,2.6,0.739,68.0,39.0,1826.0,1.1,2.0,18.2,136.0,0.8,0.9,5.8,6.9,11.6,0.597,2.6,6.0,0.422,2.1,,0.7,6.1,117.0,0.609,9.5,17.6,0.537,2.6,3.5,0.739,68.0,39.0,1826.0,1.5,121.0,2.6,24.0,136.0,1.1,1.2,7.7,0.343,6.3,,1.2,-0.9,-0.9,13.7,1.5,0.198,68.0,39.0,1826.0,0.0,3.7,2.7,15.0,136.0,1.1,5.9,8.9,0.628,18.5,0.5,4.1,0.108,,9,53,5,65,68,39,13,42,209,1826,5.3,3.3,5,49,0,46,0,136,13,19,0.0,0.0,,0.443,0.457,12.6,77.0,0.127,0.537,0.81,0.525,0.367,0.597,0.398,0.422,68.0,39.0,1826.0,0.796,0.99,0.296,0.09,0.072,0.657,0.197,0.343,136.0,85.1,70.5,,68.0,39.0,109.0,87.0,116.0,112.0,113.0,94.0,81.0,108.0,1826.0,136.0,0.597,0.343,0.422,0.609,0.537,0.739,0.198,0.628,,5.0,5.0,76.0,93.0,98.0,84.0,83.0,64.0,86.0,81.0,152.0,94.0,0.417,0.368,0.357,0.461,0.395,0.5,0.211,0.47,0.368,3.4,,0.0,-5.6,-2.3,9.2,0.0,0.211,5.0,5.0,152.0,-3.3,4.5,0.0,5.8,94.0,0.0,4.6,6.9,0.47,13.2,-0.1,0.0,0.0,,1.0,2.0,0.0,4.0,5.0,5.0,0.0,0.0,9.0,152.0,-11.1,-5.8,0.0,20.0,0.0,80.0,0.0,94.0,0.0,1.0,3.3,8.0,0.417,1.7,4.6,0.357,1.3,,0.0,4.3,120.0,0.461,5.0,12.6,0.395,1.3,2.7,0.5,5.0,5.0,152.0,2.0,100.0,2.7,12.9,94.0,0.0,0.7,6.3,2.4,5.7,0.417,1.2,3.3,0.357,0.9,,0.0,3.1,0.461,3.6,9.0,0.395,0.9,1.9,0.5,5.0,5.0,152.0,1.4,1.9,9.2,94.0,0.0,0.5,4.5,2.0,4.8,0.417,1.0,2.8,0.357,0.8,,0.0,2.6,0.461,3.0,7.6,0.395,0.8,1.6,0.5,5.0,5.0,30.4,1.2,1.6,7.8,88.0,0.0,0.4,3.8,0.0,0.0,,0.3,0.714,11.9,3.0,0.105,0.395,0.385,0.0,0.5,0.417,0.571,0.357,5.0,5.0,152.0,0.9,1.0,0.342,0.053,0.053,0.632,0.184,0.368,94.0,10.0,24.0,0.417,5.0,14.0,0.357,4.0,,0.0,13.0,0.461,15.0,38.0,0.395,4.0,8.0,0.5,5.0,5.0,152.0,6.0,8.0,39.0,109.0,0.0,2.0,19.0,0.0
markkla01,Lauri Markkanen,https://www.basketball-reference.com/players/m/markkla01.html,2023-24,2024,26.0,UTA,PF,PF,30.0,PF,55.0,55.0,1820.0,252.0,451.0,0.559,175.0,439.0,0.399,110.0,,26.0,327.0,0.578,427.0,890.0,0.48,249.0,277.0,0.899,122.0,100.0,1278.0,58.0,50.0,77.0,449.0,0.0,4.6,8.2,0.559,3.2,8.0,0.399,2.0,,0.5,5.9,0.578,7.8,16.2,0.48,4.5,5.0,0.899,55.0,55.0,33.1,2.2,1.8,23.2,26.0,0.9,1.4,8.2,5.0,8.9,0.559,3.5,8.7,0.399,2.2,,0.5,6.5,0.578,8.4,17.6,0.48,4.9,5.5,0.899,55.0,55.0,1820.0,2.4,2.0,25.3,138.0,1.0,1.5,8.9,6.7,12.0,0.559,4.6,11.6,0.399,2.9,,0.7,8.7,120.0,0.578,11.3,23.6,0.48,6.6,7.3,0.899,55.0,55.0,1820.0,3.2,128.0,2.7,33.9,138.0,1.3,2.0,11.9,0.493,9.5,,1.3,3.6,-1.5,19.6,0.9,0.311,55.0,55.0,1820.0,5.1,7.4,5.2,21.5,138.0,1.3,7.1,13.6,0.631,25.0,2.6,6.2,0.163,,15,60,9,102,55,55,17,45,275,1820,9.6,0.3,44,54,0,3,0,138,30,23,1.0,0.0,,0.436,0.178,15.7,77.0,0.098,0.48,0.724,0.389,0.407,0.559,0.5,0.399,55.0,55.0,1820.0,0.742,0.983,0.175,0.061,0.03,0.507,0.24,0.493,138.0,56.2,104.2,,55.0,55.0,102.0,125.0,109.0,106.0,101.0,115.0,127.0,109.0,1820.0,138.0,0.559,0.493,0.399,0.578,0.48,0.899,0.311,0.631,,,,,,,,,,,,,,,,,,,,,,,,,,,,,,,,,,,,,,,,,,,,,,,,,,,,,,,,,,,,,,,,,,,,,,,,,,,,,,,,,,,,,,,,,,,,,,,,,,,,,,,,,,,,,,,,,,,,,,,,,,,,,,,,,,,,,,,,,,,,,,,,,,,,,,,,,,,,,,,,,,,,,,,,,,,,,,,,,,,,,,,,,,,,,,,,,,,,,,,,,,,,,
horfoal01,Al Horford,https://www.basketball-reference.com/players/h/horfoal01.html,2023-24,2024,37.0,BOS,C,PF,31.0,PF,65.0,33.0,1740.0,106.0,161.0,0.658,108.0,258.0,0.419,168.0,,62.0,331.0,0.64,214.0,419.0,0.511,26.0,30.0,0.867,82.0,93.0,562.0,195.0,38.0,48.0,413.0,0.0,1.6,2.5,0.658,1.7,4.0,0.419,2.6,,1.0,5.1,0.64,3.3,6.4,0.511,0.4,0.5,0.867,65.0,33.0,26.8,1.3,1.4,8.6,211.0,0.6,0.7,6.4,2.2,3.3,0.658,2.2,5.3,0.419,3.5,,1.3,6.8,0.64,4.4,8.7,0.511,0.5,0.6,0.867,65.0,33.0,1740.0,1.7,1.9,11.6,153.0,0.8,1.0,8.5,3.0,4.6,0.658,3.1,7.3,0.419,4.8,,1.8,9.4,111.0,0.64,6.1,11.9,0.511,0.7,0.9,0.867,65.0,33.0,1740.0,2.3,135.0,2.6,16.0,153.0,1.1,1.4,11.7,0.616,12.3,,3.1,3.6,2.0,19.7,2.7,0.072,65.0,33.0,1740.0,1.7,5.3,3.5,15.0,153.0,1.1,10.0,12.8,0.65,12.0,2.5,6.2,0.172,,13,54,1,9,65,33,2,11,426,1740,0.3,11.4,49,51,0,0,0,153,20,11,0.0,0.0,,0.424,0.384,17.2,18.0,0.045,0.511,0.818,0.6,0.333,0.658,0.523,0.419,65.0,33.0,1740.0,0.726,1.0,0.184,0.024,0.021,0.384,0.155,0.616,153.0,78.0,60.7,,65.0,33.0,121.0,156.0,114.0,117.0,108.0,111.0,29.0,112.0,1740.0,153.0,0.658,0.616,0.419,0.64,0.511,0.867,0.072,0.65,,19.0,15.0,132.0,174.0,101.0,111.0,101.0,81.0,33.0,105.0,575.0,11.0,0.721,0.688,0.368,0.605,0.478,0.636,0.08,0.609,0.688,9.9,,2.6,3.1,1.6,19.9,1.0,0.08,19.0,15.0,575.0,1.4,7.2,1.1,15.0,11.0,1.4,7.7,13.6,0.609,12.5,0.7,2.0,0.17,,3.0,13.0,0.0,4.0,19.0,15.0,1.0,0.0,99.0,575.0,11.0,12.8,92.0,8.0,0.0,0.0,0.0,11.0,5.0,2.0,2.8,3.9,0.721,3.2,8.6,0.368,3.6,,1.5,8.9,108.0,0.605,6.0,12.5,0.478,0.6,1.0,0.636,19.0,15.0,575.0,3.2,130.0,2.5,15.8,11.0,1.4,1.1,12.1,1.9,2.7,0.721,2.2,5.9,0.368,2.5,,1.0,6.1,0.605,4.1,8.6,0.478,0.4,0.7,0.636,19.0,15.0,575.0,2.2,1.8,10.9,11.0,0.9,0.8,8.3,1.6,2.3,0.721,1.8,5.0,0.368,2.1,,0.8,5.2,0.605,3.5,7.3,0.478,0.4,0.6,0.636,19.0,15.0,30.3,1.8,1.5,9.2,75.0,0.8,0.6,7.0,1.0,0.0,,0.429,0.368,18.9,8.0,0.058,0.478,0.833,0.667,1.0,0.721,0.619,0.368,19.0,15.0,575.0,0.71,1.0,0.13,0.022,0.007,0.312,0.152,0.688,11.0,31.0,43.0,0.721,35.0,95.0,0.368,40.0,,16.0,98.0,0.605,66.0,138.0,0.478,7.0,11.0,0.636,19.0,15.0,575.0,35.0,28.0,174.0,37.0,15.0,12.0,133.0,0.0
camarto01,Toumani Camara,https://www.basketball-reference.com/players/c/camarto01.html,2023-24,2024,23.0,POR,PF,PF,32.0,PF,70.0,49.0,1739.0,139.0,266.0,0.523,58.0,172.0,0.337,87.0,,33.0,204.0,0.516,197.0,438.0,0.45,75.0,99.0,0.758,139.0,174.0,527.0,209.0,66.0,84.0,343.0,0.0,2.0,3.8,0.523,0.8,2.5,0.337,1.2,,0.5,2.9,0.516,2.8,6.3,0.45,1.1,1.4,0.758,70.0,49.0,24.8,2.0,2.5,7.5,239.0,0.9,1.2,4.9,2.9,5.5,0.523,1.2,3.6,0.337,1.8,,0.7,4.2,0.516,4.1,9.1,0.45,1.6,2.0,0.758,70.0,49.0,1739.0,2.9,3.6,10.9,154.0,1.4,1.7,7.1,3.9,7.6,0.523,1.6,4.9,0.337,2.5,,0.9,5.8,117.0,0.516,5.6,12.4,0.45,2.1,2.8,0.758,70.0,49.0,1739.0,3.9,110.0,4.9,15.0,154.0,1.9,2.4,9.7,0.393,7.2,,1.7,-3.1,0.0,14.0,1.4,0.226,70.0,49.0,1739.0,-3.1,8.4,0.6,10.6,154.0,1.9,14.9,11.0,0.547,13.8,-0.5,2.0,0.055,,13,92,34,44,70,49,10,27,213,1739,8.2,-4.8,16,84,0,0,0,154,38,19,0.0,0.0,,0.351,0.448,11.6,24.0,0.068,0.45,0.643,0.3,0.25,0.523,0.367,0.337,70.0,49.0,1739.0,0.504,1.0,0.352,0.023,0.009,0.607,0.224,0.393,154.0,-26.8,-31.6,,70.0,49.0,96.0,99.0,92.0,94.0,95.0,97.0,93.0,94.0,1739.0,154.0,0.523,0.393,0.337,0.516,0.45,0.758,0.226,0.547,,,,,,,,,,,,,,,,,,,,,,,,,,,,,,,,,,,,,,,,,,,,,,,,,,,,,,,,,,,,,,,,,,,,,,,,,,,,,,,,,,,,,,,,,,,,,,,,,,,,,,,,,,,,,,,,,,,,,,,,,,,,,,,,,,,,,,,,,,,,,,,,,,,,,,,,,,,,,,,,,,,,,,,,,,,,,,,,,,,,,,,,,,,,,,,,,,,,,,,,,,,,,
toppiob01,Obi Toppin,https://www.basketball-reference.com/players/t/toppiob01.html,2023-24,2024,25.0,IND,PF,PF,33.0,PF,82.0,28.0,1730.0,230.0,326.0,0.706,102.0,253.0,0.403,128.0,,43.0,235.0,0.661,332.0,579.0,0.573,77.0,100.0,0.77,85.0,143.0,843.0,130.0,47.0,69.0,320.0,0.0,2.8,4.0,0.706,1.2,3.1,0.403,1.6,,0.5,2.9,0.661,4.0,7.1,0.573,0.9,1.2,0.77,82.0,28.0,21.1,1.0,1.7,10.3,173.0,0.6,0.8,3.9,4.8,6.8,0.706,2.1,5.3,0.403,2.7,,0.9,4.9,0.661,6.9,12.0,0.573,1.6,2.1,0.77,82.0,28.0,1730.0,1.8,3.0,17.5,155.0,1.0,1.4,6.7,6.3,8.9,0.706,2.8,6.9,0.403,3.5,,1.2,6.4,119.0,0.661,9.1,15.8,0.573,2.1,2.7,0.77,82.0,28.0,1730.0,2.3,129.0,3.9,23.0,155.0,1.3,1.9,8.7,0.437,9.4,,2.0,1.5,-0.3,15.4,1.1,0.173,82.0,28.0,1730.0,1.8,5.6,3.6,16.5,155.0,1.3,10.0,10.5,0.677,16.8,1.5,4.8,0.132,,14,76,4,49,82,28,16,30,297,1730,1.9,4.0,11,89,0,0,0,155,32,15,3.0,0.0,,0.398,0.368,12.7,101.0,0.193,0.573,0.808,0.4,0.0,0.706,0.516,0.403,82.0,28.0,1730.0,0.796,0.99,0.378,0.026,0.002,0.563,0.157,0.437,155.0,133.1,120.3,,82.0,28.0,129.0,111.0,110.0,121.0,121.0,98.0,71.0,117.0,1730.0,155.0,0.706,0.437,0.403,0.661,0.573,0.77,0.173,0.677,,17.0,0.0,123.0,105.0,98.0,112.0,114.0,97.0,76.0,109.0,343.0,45.0,0.671,0.415,0.357,0.615,0.541,0.76,0.185,0.634,0.415,11.9,,1.6,2.6,0.0,21.8,0.2,0.185,17.0,0.0,343.0,2.7,3.5,0.7,18.5,45.0,0.9,8.8,12.8,0.634,21.1,0.4,0.9,0.125,,1.0,11.0,2.0,10.0,17.0,0.0,4.0,5.0,63.0,343.0,-3.3,-0.8,28.0,72.0,0.0,0.0,0.0,45.0,5.0,3.0,7.9,11.8,0.671,3.0,8.4,0.357,4.3,,0.9,9.7,118.0,0.615,10.9,20.2,0.541,2.8,3.7,0.76,17.0,0.0,343.0,1.5,123.0,3.1,27.6,45.0,0.9,2.1,11.2,5.6,8.3,0.671,2.1,5.9,0.357,3.0,,0.6,6.8,0.615,7.7,14.2,0.541,2.0,2.6,0.76,17.0,0.0,343.0,1.0,2.2,19.4,45.0,0.6,1.5,7.9,3.1,4.6,0.671,1.2,3.3,0.357,1.7,,0.4,3.8,0.615,4.3,7.9,0.541,1.1,1.5,0.76,17.0,0.0,20.2,0.6,1.2,10.9,68.0,0.4,0.8,4.4,1.0,0.0,,0.333,0.321,13.5,15.0,0.119,0.541,0.762,0.6,0.6,0.671,0.556,0.357,17.0,0.0,343.0,0.887,0.9,0.311,0.037,0.037,0.585,0.2,0.415,45.0,53.0,79.0,0.671,20.0,56.0,0.357,29.0,,6.0,65.0,0.615,73.0,135.0,0.541,19.0,25.0,0.76,17.0,0.0,343.0,10.0,21.0,185.0,31.0,6.0,14.0,75.0,0.0
walkeja01,Jabari Walker,https://www.basketball-reference.com/players/w/walkeja01.html,2023-24,2024,21.0,POR,PF,PF,34.0,PF,72.0,23.0,1700.0,193.0,370.0,0.522,41.0,139.0,0.295,71.0,,22.0,357.0,0.5,234.0,509.0,0.46,129.0,171.0,0.754,151.0,173.0,638.0,176.0,42.0,66.0,508.0,0.0,2.7,5.1,0.522,0.6,1.9,0.295,1.0,,0.3,5.0,0.5,3.3,7.1,0.46,1.8,2.4,0.754,72.0,23.0,23.6,2.1,2.4,8.9,205.0,0.6,0.9,7.1,4.1,7.8,0.522,0.9,2.9,0.295,1.5,,0.5,7.6,0.5,5.0,10.8,0.46,2.7,3.6,0.754,72.0,23.0,1700.0,3.2,3.7,13.5,158.0,0.9,1.4,10.8,5.6,10.7,0.522,1.2,4.0,0.295,2.1,,0.6,10.4,116.0,0.5,6.8,14.8,0.46,3.7,5.0,0.754,72.0,23.0,1700.0,4.4,115.0,5.0,18.5,158.0,1.2,1.9,14.8,0.273,6.2,,1.2,-3.3,-0.9,25.0,1.6,0.336,72.0,23.0,1700.0,-2.4,9.4,1.4,13.0,158.0,1.2,10.2,16.7,0.546,16.3,-0.6,2.9,0.083,,13,80,13,81,72,23,21,63,168,1700,-2.5,-10.8,6,58,0,35,2,158,17,26,2.0,0.0,,0.29,0.446,9.8,17.0,0.055,0.46,0.67,0.2,0.545,0.522,0.358,0.295,72.0,23.0,1700.0,0.617,1.0,0.393,0.049,0.022,0.727,0.263,0.273,158.0,-47.4,-39.7,,72.0,23.0,96.0,69.0,81.0,91.0,97.0,96.0,138.0,94.0,1700.0,158.0,0.522,0.273,0.295,0.5,0.46,0.754,0.336,0.546,,,,,,,,,,,,,,,,,,,,,,,,,,,,,,,,,,,,,,,,,,,,,,,,,,,,,,,,,,,,,,,,,,,,,,,,,,,,,,,,,,,,,,,,,,,,,,,,,,,,,,,,,,,,,,,,,,,,,,,,,,,,,,,,,,,,,,,,,,,,,,,,,,,,,,,,,,,,,,,,,,,,,,,,,,,,,,,,,,,,,,,,,,,,,,,,,,,,,,,,,,,,,
huntede01,De'Andre Hunter,https://www.basketball-reference.com/players/h/huntede01.html,2023-24,2024,26.0,ATL,SF,PF,35.0,PF,57.0,37.0,1681.0,187.0,359.0,0.521,117.0,304.0,0.385,87.0,,16.0,191.0,0.547,304.0,663.0,0.459,166.0,196.0,0.847,31.0,146.0,891.0,114.0,40.0,83.0,222.0,0.0,3.3,6.3,0.521,2.1,5.3,0.385,1.5,,0.3,3.4,0.547,5.3,11.6,0.459,2.9,3.4,0.847,57.0,37.0,29.5,0.5,2.6,15.6,88.0,0.7,1.5,3.9,4.0,7.7,0.521,2.5,6.5,0.385,1.9,,0.3,4.1,0.547,6.5,14.2,0.459,3.6,4.2,0.847,57.0,37.0,1681.0,0.7,3.1,19.1,165.0,0.9,1.8,4.8,5.3,10.2,0.521,3.3,8.7,0.385,2.5,,0.5,5.4,121.0,0.547,8.7,18.9,0.459,4.7,5.6,0.847,57.0,37.0,1681.0,0.9,115.0,4.2,25.4,165.0,1.1,2.4,6.3,0.459,7.3,,0.9,-2.4,-1.5,12.9,0.6,0.296,57.0,37.0,1681.0,-0.9,1.9,1.6,12.7,165.0,1.1,10.0,7.2,0.595,20.6,-0.2,2.2,0.062,,13,63,29,93,57,37,28,29,213,1681,1.2,-1.5,0,67,0,33,0,165,25,30,0.0,0.0,,0.398,0.322,16.1,13.0,0.027,0.459,0.682,0.429,0.424,0.521,0.485,0.385,57.0,37.0,1681.0,0.674,0.906,0.166,0.137,0.089,0.541,0.149,0.459,165.0,0.3,21.9,,57.0,37.0,96.0,116.0,105.0,100.0,97.0,108.0,121.0,103.0,1681.0,165.0,0.521,0.459,0.385,0.547,0.459,0.847,0.296,0.595,,,,,,,,,,,,,,,,,,,,,,,,,,,,,,,,,,,,,,,,,,,,,,,,,,,,,,,,,,,,,,,,,,,,,,,,,,,,,,,,,,,,,,,,,,,,,,,,,,,,,,,,,,,,,,,,,,,,,,,,,,,,,,,,,,,,,,,,,,,,,,,,,,,,,,,,,,,,,,,,,,,,,,,,,,,,,,,,,,,,,,,,,,,,,,,,,,,,,,,,,,,,,
randlju01,Julius Randle,https://www.basketball-reference.com/players/r/randlju01.html,2023-24,2024,29.0,NYK,PF,PF,36.0,PF,46.0,46.0,1630.0,319.0,592.0,0.539,76.0,244.0,0.311,229.0,AS,12.0,324.0,0.518,395.0,836.0,0.472,236.0,302.0,0.781,99.0,125.0,1102.0,81.0,25.0,159.0,423.0,1.0,6.9,12.9,0.539,1.7,5.3,0.311,5.0,AS,0.3,7.0,0.518,8.6,18.2,0.472,5.1,6.6,0.781,46.0,46.0,35.4,2.2,2.7,24.0,22.0,0.5,3.5,9.2,7.0,13.1,0.539,1.7,5.4,0.311,5.1,AS,0.3,7.2,0.518,8.7,18.5,0.472,5.2,6.7,0.781,46.0,46.0,1630.0,2.2,2.8,24.3,170.0,0.6,3.5,9.3,9.9,18.3,0.539,2.4,7.5,0.311,7.1,AS,0.4,10.0,114.0,0.518,12.2,25.9,0.472,7.3,9.3,0.781,46.0,46.0,1630.0,3.1,113.0,3.9,34.1,170.0,0.8,4.9,13.1,0.292,22.8,AS,0.7,1.9,-0.3,22.4,1.9,0.361,46.0,46.0,1630.0,2.2,6.8,1.9,18.9,170.0,0.8,14.1,14.6,0.569,29.9,1.6,3.8,0.113,AS,30,50,1,134,46,46,31,64,604,1630,2.0,5.9,10,90,0,0,0,170,56,55,0.0,0.0,AS,0.528,0.148,11.7,24.0,0.032,0.472,0.689,0.406,0.419,0.539,0.469,0.311,46.0,46.0,1630.0,0.423,0.868,0.266,0.115,0.037,0.708,0.291,0.292,170.0,-47.8,-21.9,AS,46.0,46.0,99.0,74.0,85.0,95.0,100.0,100.0,148.0,98.0,1630.0,170.0,0.539,0.292,0.311,0.518,0.472,0.781,0.361,0.569,,,,,,,,,,,,,,,,,,,,,,,,,,,,,,,,,,,,,,,,,,,,,,,,,,,,,,,,,,,,,,,,,,,,,,,,,,,,,,,,,,,,,,,,,,,,,,,,,,,,,,,,,,,,,,,,,,,,,,,,,,,,,,,,,,,,,,,,,,,,,,,,,,,,,,,,,,,,,,,,,,,,,,,,,,,,,,,,,,,,,,,,,,,,,,,,,,,,,,,,,,,,,
aldamsa01,Santi Aldama,https://www.basketball-reference.com/players/a/aldamsa01.html,2023-24,2024,23.0,MEM,PF,PF,37.0,PF,61.0,35.0,1618.0,141.0,264.0,0.534,106.0,304.0,0.349,138.0,,54.0,280.0,0.528,247.0,568.0,0.435,54.0,87.0,0.621,72.0,89.0,654.0,172.0,43.0,69.0,352.0,0.0,2.3,4.3,0.534,1.7,5.0,0.349,2.3,,0.9,4.6,0.528,4.0,9.3,0.435,0.9,1.4,0.621,61.0,35.0,26.5,1.2,1.5,10.7,166.0,0.7,1.1,5.8,3.1,5.9,0.534,2.4,6.8,0.349,3.1,,1.2,6.2,0.528,5.5,12.6,0.435,1.2,1.9,0.621,61.0,35.0,1618.0,1.6,2.0,14.6,172.0,1.0,1.5,7.8,4.3,8.0,0.534,3.2,9.2,0.349,4.2,,1.6,8.5,114.0,0.528,7.5,17.2,0.435,1.6,2.6,0.621,61.0,35.0,1618.0,2.2,109.0,2.7,19.8,172.0,1.3,2.1,10.6,0.535,13.3,,3.1,-0.2,0.4,19.7,2.0,0.153,61.0,35.0,1618.0,-0.7,4.7,0.4,13.1,172.0,1.3,10.2,11.9,0.539,17.9,0.7,2.4,0.07,,5,52,3,41,61,35,16,26,342,1618,-2.7,-8.9,14,82,0,5,0,172,35,18,0.0,0.0,,0.3,0.296,15.8,34.0,0.067,0.435,0.692,0.393,0.333,0.534,0.411,0.349,61.0,35.0,1618.0,0.674,0.962,0.211,0.049,0.016,0.465,0.188,0.535,172.0,-20.9,-49.3,,61.0,35.0,98.0,136.0,95.0,97.0,92.0,79.0,63.0,93.0,1618.0,172.0,0.534,0.535,0.349,0.528,0.435,0.621,0.153,0.539,,,,,,,,,,,,,,,,,,,,,,,,,,,,,,,,,,,,,,,,,,,,,,,,,,,,,,,,,,,,,,,,,,,,,,,,,,,,,,,,,,,,,,,,,,,,,,,,,,,,,,,,,,,,,,,,,,,,,,,,,,,,,,,,,,,,,,,,,,,,,,,,,,,,,,,,,,,,,,,,,,,,,,,,,,,,,,,,,,,,,,,,,,,,,,,,,,,,,,,,,,,,,
johnsca02,Cameron Johnson,https://www.basketball-reference.com/players/j/johnsca02.html,2023-24,2024,27.0,BRK,PF,PF,38.0,PF,58.0,47.0,1599.0,138.0,266.0,0.519,138.0,353.0,0.391,138.0,,15.0,196.0,0.557,276.0,619.0,0.446,86.0,109.0,0.789,55.0,105.0,776.0,147.0,49.0,57.0,251.0,0.0,2.4,4.6,0.519,2.4,6.1,0.391,2.4,,0.3,3.4,0.557,4.8,10.7,0.446,1.5,1.9,0.789,58.0,47.0,27.6,0.9,1.8,13.4,119.0,0.8,1.0,4.3,3.1,6.0,0.519,3.1,7.9,0.391,3.1,,0.3,4.4,0.557,6.2,13.9,0.446,1.9,2.5,0.789,58.0,47.0,1599.0,1.2,2.4,17.5,173.0,1.1,1.3,5.7,4.3,8.2,0.519,4.3,10.9,0.391,4.3,,0.5,6.1,117.0,0.557,8.5,19.2,0.446,2.7,3.4,0.789,58.0,47.0,1599.0,1.7,118.0,3.3,24.0,173.0,1.5,1.8,7.8,0.57,12.9,,0.8,0.4,-0.5,13.8,1.3,0.176,58.0,47.0,1599.0,0.9,3.7,2.0,14.5,173.0,1.5,7.9,8.6,0.582,19.6,1.0,3.3,0.1,,4,52,6,50,58,47,13,34,348,1599,-3.2,-4.9,11,76,0,11,2,173,39,12,1.0,0.0,,0.462,0.331,17.5,18.0,0.034,0.446,0.724,0.378,0.342,0.519,0.41,0.391,58.0,47.0,1599.0,0.601,0.957,0.17,0.073,0.061,0.43,0.126,0.57,173.0,13.4,2.3,,58.0,47.0,95.0,144.0,107.0,102.0,94.0,101.0,72.0,100.0,1599.0,173.0,0.519,0.57,0.391,0.557,0.446,0.789,0.176,0.582,,,,,,,,,,,,,,,,,,,,,,,,,,,,,,,,,,,,,,,,,,,,,,,,,,,,,,,,,,,,,,,,,,,,,,,,,,,,,,,,,,,,,,,,,,,,,,,,,,,,,,,,,,,,,,,,,,,,,,,,,,,,,,,,,,,,,,,,,,,,,,,,,,,,,,,,,,,,,,,,,,,,,,,,,,,,,,,,,,,,,,,,,,,,,,,,,,,,,,,,,,,,,
mobleev01,Evan Mobley,https://www.basketball-reference.com/players/m/mobleev01.html,2023-24,2024,22.0,CLE,PF,PF,39.0,PF,50.0,50.0,1532.0,298.0,493.0,0.604,22.0,59.0,0.373,160.0,,72.0,357.0,0.6,320.0,552.0,0.58,123.0,171.0,0.719,111.0,134.0,785.0,144.0,45.0,90.0,468.0,0.0,6.0,9.9,0.604,0.4,1.2,0.373,3.2,,1.4,7.1,0.6,6.4,11.0,0.58,2.5,3.4,0.719,50.0,50.0,30.6,2.2,2.7,15.7,87.0,0.9,1.8,9.4,7.0,11.6,0.604,0.5,1.4,0.373,3.8,,1.7,8.4,0.6,7.5,13.0,0.58,2.9,4.0,0.719,50.0,50.0,1532.0,2.6,3.1,18.4,180.0,1.1,2.1,11.0,9.6,15.9,0.604,0.7,1.9,0.373,5.2,,2.3,11.5,109.0,0.6,10.3,17.8,0.58,4.0,5.5,0.719,50.0,50.0,1532.0,3.6,122.0,4.3,25.3,180.0,1.5,2.9,15.1,0.107,15.9,,4.2,2.9,2.0,25.9,2.7,0.31,50.0,50.0,1532.0,0.9,8.2,2.8,20.1,180.0,1.5,12.5,17.2,0.626,20.6,1.9,5.5,0.174,,9,98,3,84,50,50,21,39,389,1532,-2.2,1.3,47,54,0,0,0,180,28,34,0.0,0.0,,0.36,0.424,6.5,129.0,0.239,0.58,0.77,0.361,0.133,0.604,0.462,0.373,50.0,50.0,1532.0,0.725,1.0,0.464,0.065,0.027,0.893,0.337,0.107,180.0,58.6,57.4,,50.0,50.0,111.0,27.0,102.0,110.0,122.0,92.0,127.0,108.0,1532.0,180.0,0.604,0.107,0.373,0.6,0.58,0.719,0.31,0.626,,12.0,12.0,109.0,31.0,76.0,105.0,117.0,89.0,101.0,102.0,422.0,31.0,0.594,0.123,0.278,0.572,0.555,0.694,0.247,0.593,0.123,11.3,,6.2,3.3,2.1,21.8,0.7,0.247,12.0,12.0,422.0,1.2,8.3,0.5,18.9,31.0,1.2,12.0,15.1,0.593,20.3,0.6,1.2,0.136,,3.0,25.0,2.0,17.0,12.0,12.0,4.0,12.0,68.0,422.0,13.4,-3.5,81.0,19.0,0.0,0.0,0.0,31.0,8.0,8.0,9.3,15.7,0.594,0.6,2.2,0.278,3.4,,3.2,9.9,108.0,0.572,9.9,17.9,0.555,3.1,4.4,0.694,12.0,12.0,422.0,3.7,114.0,4.2,23.6,31.0,1.2,2.7,13.6,6.5,10.9,0.594,0.4,1.5,0.278,2.4,,2.2,6.9,0.572,6.9,12.5,0.555,2.1,3.1,0.694,12.0,12.0,422.0,2.6,2.9,16.4,31.0,0.9,1.9,9.5,6.3,10.7,0.594,0.4,1.5,0.278,2.3,,2.2,6.8,0.572,6.8,12.2,0.555,2.1,3.0,0.694,12.0,12.0,35.2,2.5,2.8,16.0,39.0,0.8,1.8,9.3,0.0,0.0,,0.2,0.278,6.8,31.0,0.226,0.555,0.754,0.364,0.0,0.594,0.426,0.278,12.0,12.0,422.0,0.789,1.0,0.473,0.075,0.007,0.877,0.322,0.123,31.0,76.0,128.0,0.594,5.0,18.0,0.278,28.0,,26.0,81.0,0.572,81.0,146.0,0.555,25.0,36.0,0.694,12.0,12.0,422.0,30.0,34.0,192.0,25.0,10.0,22.0,111.0,0.0
batumni01,Nicolas Batum,https://www.basketball-reference.com/players/b/batumni01.html,2023-24,2024,35.0,2TM,PF,PF,40.0,PF,60.0,38.0,1529.0,43.0,71.0,0.606,73.0,185.0,0.395,128.0,,38.0,178.0,0.596,116.0,256.0,0.453,15.0,21.0,0.714,70.0,109.0,320.0,281.0,48.0,40.0,248.0,0.0,0.7,1.2,0.606,1.2,3.1,0.395,2.1,,0.6,3.0,0.596,1.9,4.3,0.453,0.3,0.4,0.714,60.0,38.0,25.5,1.2,1.8,5.3,329.0,0.8,0.7,4.1,1.0,1.7,0.606,1.7,4.4,0.395,3.0,,0.9,4.2,0.596,2.7,6.0,0.453,0.4,0.5,0.714,60.0,38.0,1529.0,1.6,2.6,7.5,183.0,1.1,0.9,5.8,1.4,2.3,0.606,2.3,6.0,0.395,4.1,,1.2,5.7,115.0,0.596,3.7,8.2,0.453,0.5,0.7,0.714,60.0,38.0,1529.0,2.3,126.0,3.5,10.3,183.0,1.5,1.3,8.0,0.723,10.7,,2.3,-0.4,0.8,13.1,1.6,0.082,60.0,38.0,1529.0,-1.3,5.0,1.7,10.2,183.0,1.5,13.1,9.0,0.603,8.6,0.6,3.3,0.103,,2,44,2,8,60,38,1,2,290,1529,4.3,5.7,11,89,0,0,0,183,31,5,1.0,0.0,,0.434,0.535,20.5,9.0,0.035,0.453,0.653,0.429,0.25,0.606,0.636,0.395,60.0,38.0,1529.0,0.628,1.0,0.191,0.027,0.016,0.277,0.043,0.723,183.0,25.2,12.3,,60.0,38.0,111.0,183.0,108.0,109.0,96.0,91.0,34.0,104.0,1529.0,183.0,0.606,0.723,0.395,0.596,0.453,0.714,0.082,0.603,,6.0,0.0,79.0,192.0,112.0,104.0,87.0,80.0,113.0,101.0,170.0,84.0,0.429,0.759,0.409,0.569,0.414,0.625,0.276,0.584,0.759,6.8,,2.5,-0.4,0.2,16.6,0.1,0.276,6.0,0.0,170.0,-0.5,6.2,0.2,9.4,84.0,0.3,13.3,11.6,0.584,10.2,0.1,0.2,0.068,,0.0,6.0,0.0,2.0,6.0,0.0,0.0,2.0,21.0,170.0,-18.3,-8.9,1.0,99.0,0.0,0.0,0.0,84.0,5.0,0.0,0.9,2.2,0.429,2.8,6.8,0.409,2.5,,1.6,8.1,118.0,0.569,3.7,9.0,0.414,1.6,2.5,0.625,6.0,0.0,170.0,2.8,119.0,4.0,11.8,84.0,0.3,1.6,10.9,0.6,1.5,0.429,1.9,4.7,0.409,1.7,,1.1,5.5,0.569,2.5,6.1,0.414,1.1,1.7,0.625,6.0,0.0,170.0,1.9,2.8,8.0,84.0,0.2,1.1,7.4,0.5,1.2,0.429,1.5,3.7,0.409,1.3,,0.8,4.3,0.569,2.0,4.8,0.414,0.8,1.3,0.625,6.0,0.0,28.3,1.5,2.2,6.3,97.0,0.2,0.8,5.8,0.0,0.0,,0.2,0.455,19.5,1.0,0.069,0.414,0.333,,1.0,0.429,,0.409,6.0,0.0,170.0,0.333,1.0,0.207,0.0,0.034,0.241,0.0,0.759,84.0,3.0,7.0,0.429,9.0,22.0,0.409,8.0,,5.0,26.0,0.569,12.0,29.0,0.414,5.0,8.0,0.625,6.0,0.0,170.0,9.0,13.0,38.0,111.0,1.0,5.0,35.0,0.0
greendr01,Draymond Green,https://www.basketball-reference.com/players/g/greendr01.html,2023-24,2024,33.0,GSW,PF,PF,41.0,PF,55.0,52.0,1490.0,134.0,243.0,0.551,51.0,129.0,0.395,332.0,,47.0,322.0,0.566,185.0,372.0,0.497,54.0,74.0,0.73,76.0,166.0,475.0,230.0,55.0,135.0,398.0,1.0,2.4,4.4,0.551,0.9,2.3,0.395,6.0,,0.9,5.9,0.566,3.4,6.8,0.497,1.0,1.3,0.73,55.0,52.0,27.1,1.4,3.0,8.6,210.0,1.0,2.5,7.2,3.2,5.9,0.551,1.2,3.1,0.395,8.0,,1.1,7.8,0.566,4.5,9.0,0.497,1.3,1.8,0.73,55.0,52.0,1490.0,1.8,4.0,11.5,187.0,1.3,3.3,9.6,4.4,7.9,0.551,1.7,4.2,0.395,10.8,,1.5,10.5,112.0,0.566,6.0,12.1,0.497,1.8,2.4,0.73,55.0,52.0,1490.0,2.5,116.0,5.4,15.4,187.0,1.8,4.4,12.9,0.347,28.6,,2.9,2.4,3.0,23.0,2.2,0.199,55.0,52.0,1490.0,-0.6,5.6,1.4,14.5,187.0,1.8,25.0,14.4,0.587,15.3,1.6,3.6,0.116,,21,83,29,33,55,52,7,18,789,1490,4.6,5.6,17,80,0,3,0,187,101,11,0.0,0.0,,0.425,0.31,11.6,7.0,0.022,0.497,0.67,0.143,1.0,0.551,0.5,0.395,55.0,52.0,1490.0,0.769,0.941,0.293,0.056,0.008,0.653,0.296,0.347,187.0,14.4,5.7,,55.0,52.0,101.0,88.0,108.0,104.0,105.0,93.0,81.0,101.0,1490.0,187.0,0.551,0.347,0.395,0.566,0.497,0.73,0.199,0.587,,,,,,,,,,,,,,,,,,,,,,,,,,,,,,,,,,,,,,,,,,,,,,,,,,,,,,,,,,,,,,,,,,,,,,,,,,,,,,,,,,,,,,,,,,,,,,,,,,,,,,,,,,,,,,,,,,,,,,,,,,,,,,,,,,,,,,,,,,,,,,,,,,,,,,,,,,,,,,,,,,,,,,,,,,,,,,,,,,,,,,,,,,,,,,,,,,,,,,,,,,,,,
watsope01,Peyton Watson,https://www.basketball-reference.com/players/w/watsope01.html,2023-24,2024,21.0,DEN,SF,PF,42.0,PF,80.0,4.0,1488.0,163.0,295.0,0.553,45.0,152.0,0.296,86.0,,88.0,202.0,0.516,208.0,447.0,0.465,71.0,106.0,0.67,56.0,143.0,532.0,207.0,42.0,58.0,258.0,0.0,2.0,3.7,0.553,0.6,1.9,0.296,1.1,,1.1,2.5,0.516,2.6,5.6,0.465,0.9,1.3,0.67,80.0,4.0,18.6,0.7,1.8,6.7,276.0,0.5,0.7,3.2,3.9,7.1,0.553,1.1,3.7,0.296,2.1,,2.1,4.9,0.516,5.0,10.8,0.465,1.7,2.6,0.67,80.0,4.0,1488.0,1.4,3.5,12.9,188.0,1.0,1.4,6.2,5.4,9.8,0.553,1.5,5.1,0.296,2.9,,2.9,6.7,111.0,0.516,6.9,14.9,0.465,2.4,3.5,0.67,80.0,4.0,1488.0,1.9,108.0,4.8,17.7,188.0,1.4,1.9,8.6,0.34,7.4,,5.0,-2.2,0.8,14.6,2.2,0.237,80.0,4.0,1488.0,-3.0,4.3,0.3,11.8,188.0,1.4,10.5,9.6,0.539,16.2,-0.1,2.5,0.079,,9,94,2,54,80,4,8,32,205,1488,-9.2,-0.2,0,61,0,37,1,188,22,19,6.0,0.0,,0.273,0.434,12.0,58.0,0.143,0.465,0.66,0.525,0.364,0.553,0.407,0.296,80.0,4.0,1488.0,0.785,0.978,0.342,0.089,0.025,0.66,0.204,0.34,188.0,-27.6,-40.6,,80.0,4.0,101.0,86.0,81.0,94.0,98.0,85.0,97.0,93.0,1488.0,188.0,0.553,0.34,0.296,0.516,0.465,0.67,0.237,0.539,,10.0,0.0,46.0,127.0,68.0,57.0,53.0,64.0,102.0,58.0,90.0,126.0,0.25,0.5,0.25,0.313,0.25,0.5,0.25,0.338,0.5,6.0,,6.2,-6.6,-0.1,16.9,0.1,0.25,10.0,0.0,90.0,-6.5,2.5,-0.2,3.1,126.0,0.0,10.1,9.5,0.338,15.1,-0.1,-0.1,-0.065,,1.0,3.0,0.0,3.0,10.0,0.0,0.0,1.0,10.0,90.0,-17.6,-17.4,0.0,49.0,0.0,51.0,0.0,126.0,1.0,0.0,1.7,6.9,0.25,1.7,6.9,0.25,2.3,,3.5,7.5,112.0,0.313,3.5,13.9,0.25,1.7,3.5,0.5,10.0,0.0,90.0,1.2,74.0,5.2,10.4,126.0,0.0,1.7,8.7,1.2,4.8,0.25,1.2,4.8,0.25,1.6,,2.4,5.2,0.313,2.4,9.6,0.25,1.2,2.4,0.5,10.0,0.0,90.0,0.8,3.6,7.2,126.0,0.0,1.2,6.0,0.3,1.2,0.25,0.3,1.2,0.25,0.4,,0.6,1.3,0.313,0.6,2.4,0.25,0.3,0.6,0.5,10.0,0.0,9.0,0.2,0.9,1.8,163.0,0.0,0.3,1.5,0.0,0.0,,0.25,0.667,15.1,0.0,0.0,0.25,0.25,0.333,,0.25,0.2,0.25,10.0,0.0,90.0,0.667,1.0,0.167,0.125,0.0,0.5,0.208,0.5,126.0,3.0,12.0,0.25,3.0,12.0,0.25,4.0,,6.0,13.0,0.313,6.0,24.0,0.25,3.0,6.0,0.5,10.0,0.0,90.0,2.0,9.0,18.0,135.0,0.0,3.0,15.0,0.0
bogdabo02,Bojan Bogdanović,https://www.basketball-reference.com/players/b/bogdabo02.html,2023-24,2024,34.0,2TM,PF,PF,43.0,PF,57.0,27.0,1478.0,176.0,347.0,0.507,133.0,334.0,0.398,97.0,6MOY-9,5.0,130.0,0.551,309.0,681.0,0.454,117.0,149.0,0.785,22.0,95.0,868.0,123.0,30.0,101.0,152.0,0.0,3.1,6.1,0.507,2.3,5.9,0.398,1.7,6MOY-9,0.1,2.3,0.551,5.4,11.9,0.454,2.1,2.6,0.785,57.0,27.0,25.9,0.4,1.7,15.2,93.0,0.5,1.8,2.7,4.3,8.5,0.507,3.2,8.1,0.398,2.4,6MOY-9,0.1,3.2,0.551,7.5,16.6,0.454,2.8,3.6,0.785,57.0,27.0,1478.0,0.5,2.3,21.1,191.0,0.7,2.5,3.7,5.8,11.5,0.507,4.4,11.1,0.398,3.2,6MOY-9,0.2,4.3,120.0,0.551,10.2,22.6,0.454,3.9,4.9,0.785,57.0,27.0,1478.0,0.7,108.0,3.1,28.8,191.0,1.0,3.3,5.0,0.49,10.3,6MOY-9,0.3,-3.2,-2.5,10.0,0.7,0.219,57.0,27.0,1478.0,-0.7,1.6,0.3,12.6,191.0,1.0,11.9,5.7,0.581,24.6,-0.4,1.1,0.034,6MOY-9,6,52,5,63,57,27,13,45,237,1478,-9.5,-11.6,1,63,0,35,1,191,58,29,0.0,0.0,6MOY-9,0.435,0.275,16.7,4.0,0.006,0.454,0.625,0.484,0.429,0.507,0.48,0.398,57.0,27.0,1478.0,0.648,0.872,0.117,0.14,0.072,0.51,0.181,0.49,191.0,6.6,2.0,6MOY-9,57.0,27.0,93.0,124.0,109.0,101.0,96.0,100.0,90.0,100.0,1478.0,191.0,0.507,0.49,0.398,0.551,0.454,0.785,0.219,0.581,,4.0,0.0,20.0,158.0,109.0,76.0,61.0,73.0,119.0,76.0,51.0,147.0,0.111,0.625,0.4,0.417,0.292,0.571,0.292,0.443,0.625,11.5,,1.8,-1.5,-1.0,26.3,0.0,0.292,4.0,0.0,51.0,-0.5,2.2,0.0,10.3,147.0,0.0,3.6,13.8,0.443,24.3,0.0,0.0,0.006,,0.0,1.0,0.0,3.0,4.0,0.0,0.0,3.0,11.0,51.0,41.1,36.0,0.0,75.0,0.0,25.0,0.0,147.0,0.0,0.0,1.0,9.2,0.111,6.1,15.4,0.4,4.1,,1.0,11.3,121.0,0.417,7.2,24.6,0.292,4.1,7.2,0.571,4.0,0.0,51.0,1.0,104.0,3.1,24.6,147.0,0.0,1.0,12.3,0.7,6.4,0.111,4.2,10.6,0.4,2.8,,0.7,7.8,0.417,4.9,16.9,0.292,2.8,4.9,0.571,4.0,0.0,51.0,0.7,2.1,16.9,147.0,0.0,0.7,8.5,0.3,2.3,0.111,1.5,3.8,0.4,1.0,,0.3,2.8,0.417,1.8,6.0,0.292,1.0,1.8,0.571,4.0,0.0,12.8,0.3,0.8,6.0,104.0,0.0,0.3,3.0,0.0,0.0,,0.167,0.4,19.1,0.0,0.0,0.292,0.0,0.2,,0.111,0.0,0.4,4.0,0.0,51.0,1.0,0.833,0.042,0.208,0.0,0.375,0.125,0.625,147.0,1.0,9.0,0.111,6.0,15.0,0.4,4.0,,1.0,11.0,0.417,7.0,24.0,0.292,4.0,7.0,0.571,4.0,0.0,51.0,1.0,3.0,24.0,127.0,0.0,1.0,12.0,0.0
stewais01,Isaiah Stewart,https://www.basketball-reference.com/players/s/stewais01.html,2023-24,2024,22.0,DET,PF,PF,44.0,PF,46.0,45.0,1423.0,119.0,207.0,0.575,67.0,175.0,0.383,73.0,,38.0,231.0,0.575,186.0,382.0,0.487,64.0,85.0,0.753,74.0,99.0,503.0,222.0,17.0,66.0,305.0,0.0,2.6,4.5,0.575,1.5,3.8,0.383,1.6,,0.8,5.0,0.575,4.0,8.3,0.487,1.4,1.8,0.753,46.0,45.0,30.9,1.6,2.2,10.9,162.0,0.4,1.4,6.6,3.0,5.2,0.575,1.7,4.4,0.383,1.8,,1.0,5.8,0.575,4.7,9.7,0.487,1.6,2.2,0.753,46.0,45.0,1423.0,1.9,2.5,12.7,198.0,0.4,1.7,7.7,4.0,7.0,0.575,2.3,5.9,0.383,2.5,,1.3,7.8,119.0,0.575,6.3,12.9,0.487,2.2,2.9,0.753,46.0,45.0,1423.0,2.5,114.0,3.3,17.0,198.0,0.6,2.2,10.3,0.458,7.1,,2.3,-2.3,-0.7,18.4,0.8,0.223,46.0,45.0,1423.0,-1.6,5.7,0.9,11.3,198.0,0.6,13.6,11.9,0.6,14.5,-0.1,1.7,0.056,,14,42,4,43,46,45,10,17,170,1423,7.4,-4.1,24,76,0,0,0,198,13,18,0.0,0.0,,0.361,0.349,13.5,21.0,0.071,0.487,0.635,0.429,0.25,0.575,0.519,0.383,46.0,45.0,1423.0,0.723,1.0,0.301,0.018,0.01,0.542,0.212,0.458,198.0,21.4,16.5,,46.0,45.0,105.0,116.0,105.0,105.0,103.0,96.0,91.0,103.0,1423.0,198.0,0.575,0.458,0.383,0.575,0.487,0.753,0.223,0.6,,,,,,,,,,,,,,,,,,,,,,,,,,,,,,,,,,,,,,,,,,,,,,,,,,,,,,,,,,,,,,,,,,,,,,,,,,,,,,,,,,,,,,,,,,,,,,,,,,,,,,,,,,,,,,,,,,,,,,,,,,,,,,,,,,,,,,,,,,,,,,,,,,,,,,,,,,,,,,,,,,,,,,,,,,,,,,,,,,,,,,,,,,,,,,,,,,,,,,,,,,,,,
greenje02,Jeff Green,https://www.basketball-reference.com/players/g/greenje02.html,2023-24,2024,37.0,HOU,PF,PF,45.0,PF,78.0,6.0,1307.0,114.0,206.0,0.553,53.0,160.0,0.331,70.0,,31.0,132.0,0.529,167.0,366.0,0.456,122.0,149.0,0.819,46.0,100.0,509.0,219.0,16.0,46.0,178.0,0.0,1.5,2.6,0.553,0.7,2.1,0.331,0.9,,0.4,1.7,0.529,2.1,4.7,0.456,1.6,1.9,0.819,78.0,6.0,16.8,0.6,1.3,6.5,284.0,0.2,0.6,2.3,3.1,5.7,0.553,1.5,4.4,0.331,1.9,,0.9,3.6,0.529,4.6,10.1,0.456,3.4,4.1,0.819,78.0,6.0,1307.0,1.3,2.8,14.0,212.0,0.4,1.3,4.9,4.2,7.6,0.553,2.0,5.9,0.331,2.6,,1.2,4.9,117.0,0.529,6.2,13.6,0.456,4.5,5.5,0.819,78.0,6.0,1307.0,1.7,119.0,3.7,18.9,212.0,0.6,1.7,6.6,0.437,7.3,,2.2,-2.1,-0.4,10.9,1.2,0.407,78.0,6.0,1307.0,-1.6,3.7,1.4,11.3,212.0,0.6,9.6,7.3,0.59,15.5,0.0,2.6,0.095,,20,63,4,74,78,6,16,16,171,1307,-4.6,-1.9,23,69,0,9,0,212,10,8,4.0,0.0,,0.347,0.45,14.5,20.0,0.068,0.456,0.767,0.5,0.1,0.553,0.453,0.331,78.0,6.0,1307.0,0.737,0.943,0.199,0.077,0.027,0.563,0.26,0.437,212.0,-13.1,8.4,,78.0,6.0,101.0,111.0,91.0,97.0,96.0,104.0,167.0,102.0,1307.0,212.0,0.553,0.437,0.331,0.529,0.456,0.819,0.407,0.59,,,,,,,,,,,,,,,,,,,,,,,,,,,,,,,,,,,,,,,,,,,,,,,,,,,,,,,,,,,,,,,,,,,,,,,,,,,,,,,,,,,,,,,,,,,,,,,,,,,,,,,,,,,,,,,,,,,,,,,,,,,,,,,,,,,,,,,,,,,,,,,,,,,,,,,,,,,,,,,,,,,,,,,,,,,,,,,,,,,,,,,,,,,,,,,,,,,,,,,,,,,,,
osmande01,Cedi Osman,https://www.basketball-reference.com/players/o/osmande01.html,2023-24,2024,28.0,SAS,SF,PF,46.0,PF,72.0,3.0,1269.0,98.0,163.0,0.601,86.0,221.0,0.389,119.0,,11.0,155.0,0.591,184.0,384.0,0.479,35.0,52.0,0.673,25.0,107.0,489.0,224.0,36.0,47.0,180.0,0.0,1.4,2.3,0.601,1.2,3.1,0.389,1.7,,0.2,2.2,0.591,2.6,5.3,0.479,0.5,0.7,0.673,72.0,3.0,17.6,0.3,1.5,6.8,270.0,0.5,0.7,2.5,2.8,4.6,0.601,2.4,6.3,0.389,3.4,,0.3,4.4,0.591,5.2,10.9,0.479,1.0,1.5,0.673,72.0,3.0,1269.0,0.7,3.0,13.9,218.0,1.0,1.3,5.1,3.7,6.1,0.601,3.2,8.3,0.389,4.5,,0.4,5.8,118.0,0.591,6.9,14.4,0.479,1.3,1.9,0.673,72.0,3.0,1269.0,0.9,115.0,4.0,18.3,218.0,1.3,1.8,6.7,0.576,13.0,,0.7,-2.1,-0.3,13.3,0.9,0.135,72.0,3.0,1269.0,-1.7,2.1,1.0,11.2,218.0,1.3,10.4,7.7,0.601,15.1,0.0,1.9,0.071,,6,53,18,25,72,3,10,18,280,1269,-9.2,-12.6,0,56,0,41,4,218,23,15,0.0,0.0,,0.462,0.235,16.7,2.0,0.005,0.479,0.776,0.154,0.571,0.601,0.448,0.389,72.0,3.0,1269.0,0.724,0.965,0.221,0.034,0.018,0.424,0.151,0.576,218.0,34.3,17.0,,72.0,3.0,110.0,146.0,106.0,108.0,101.0,86.0,55.0,104.0,1269.0,218.0,0.601,0.576,0.389,0.591,0.479,0.673,0.135,0.601,,,,,,,,,,,,,,,,,,,,,,,,,,,,,,,,,,,,,,,,,,,,,,,,,,,,,,,,,,,,,,,,,,,,,,,,,,,,,,,,,,,,,,,,,,,,,,,,,,,,,,,,,,,,,,,,,,,,,,,,,,,,,,,,,,,,,,,,,,,,,,,,,,,,,,,,,,,,,,,,,,,,,,,,,,,,,,,,,,,,,,,,,,,,,,,,,,,,,,,,,,,,,
jacksgg01,GG Jackson II,https://www.basketball-reference.com/players/j/jacksgg01.html,2023-24,2024,19.0,MEM,PF,PF,47.0,PF,48.0,18.0,1233.0,139.0,277.0,0.502,102.0,286.0,0.357,59.0,,24.0,143.0,0.519,241.0,563.0,0.428,115.0,153.0,0.752,53.0,64.0,699.0,161.0,28.0,65.0,196.0,0.0,2.9,5.8,0.502,2.1,6.0,0.357,1.2,,0.5,3.0,0.519,5.0,11.7,0.428,2.4,3.2,0.752,48.0,18.0,25.7,1.1,1.3,14.6,101.0,0.6,1.4,4.1,4.1,8.1,0.502,3.0,8.4,0.357,1.7,,0.7,4.2,0.519,7.0,16.4,0.428,3.4,4.5,0.752,48.0,18.0,1233.0,1.5,1.9,20.4,223.0,0.8,1.9,5.7,5.5,11.0,0.502,4.0,11.3,0.357,2.3,,1.0,5.7,117.0,0.519,9.6,22.3,0.428,4.6,6.1,0.752,48.0,18.0,1233.0,2.1,107.0,2.5,27.7,223.0,1.1,2.6,7.8,0.508,8.0,,1.8,-2.0,-1.8,13.2,1.1,0.272,48.0,18.0,1233.0,-0.2,4.5,0.2,13.7,223.0,1.1,9.3,8.7,0.554,24.2,0.0,1.2,0.048,,4,37,2,72,48,18,11,40,140,1233,-1.4,-8.2,16,56,0,27,1,223,19,25,1.0,0.0,,0.484,0.224,15.7,38.0,0.076,0.428,0.676,0.227,0.261,0.502,0.333,0.357,48.0,18.0,1233.0,0.576,0.863,0.263,0.039,0.041,0.492,0.149,0.508,223.0,-31.4,-32.2,,48.0,18.0,92.0,129.0,98.0,95.0,90.0,96.0,111.0,96.0,1233.0,223.0,0.502,0.508,0.357,0.519,0.428,0.752,0.272,0.554,,,,,,,,,,,,,,,,,,,,,,,,,,,,,,,,,,,,,,,,,,,,,,,,,,,,,,,,,,,,,,,,,,,,,,,,,,,,,,,,,,,,,,,,,,,,,,,,,,,,,,,,,,,,,,,,,,,,,,,,,,,,,,,,,,,,,,,,,,,,,,,,,,,,,,,,,,,,,,,,,,,,,,,,,,,,,,,,,,,,,,,,,,,,,,,,,,,,,,,,,,,,,
willipa01,Patrick Williams,https://www.basketball-reference.com/players/w/willipa01.html,2023-24,2024,22.0,CHI,PF,PF,48.0,PF,43.0,30.0,1174.0,100.0,211.0,0.474,59.0,148.0,0.399,66.0,,33.0,120.0,0.525,159.0,359.0,0.443,52.0,66.0,0.788,46.0,87.0,429.0,239.0,40.0,57.0,166.0,0.0,2.3,4.9,0.474,1.4,3.4,0.399,1.5,,0.8,2.8,0.525,3.7,8.3,0.443,1.2,1.5,0.788,43.0,30.0,27.3,1.1,2.0,10.0,183.0,0.9,1.3,3.9,3.1,6.5,0.474,1.8,4.5,0.399,2.0,,1.0,3.7,0.525,4.9,11.0,0.443,1.6,2.0,0.788,43.0,30.0,1174.0,1.4,2.7,13.2,231.0,1.2,1.7,5.1,4.2,9.0,0.474,2.5,6.3,0.399,2.8,,1.4,5.1,117.0,0.525,6.8,15.2,0.443,2.2,2.8,0.788,43.0,30.0,1174.0,2.0,107.0,3.7,18.2,231.0,1.7,2.4,7.0,0.412,7.7,,2.9,-2.3,-0.1,11.7,1.0,0.184,43.0,30.0,1174.0,-2.1,4.3,0.1,11.0,231.0,1.7,12.8,7.9,0.553,16.6,-0.1,1.2,0.048,,4,45,2,33,43,30,4,28,166,1174,1.1,-0.7,7,93,0,0,0,231,25,22,0.0,0.0,,0.422,0.304,14.6,29.0,0.109,0.443,0.573,0.485,0.389,0.474,0.326,0.399,43.0,30.0,1174.0,0.55,0.966,0.267,0.092,0.1,0.588,0.128,0.412,231.0,-15.4,-21.1,,43.0,30.0,87.0,104.0,109.0,96.0,93.0,100.0,75.0,95.0,1174.0,231.0,0.474,0.412,0.399,0.525,0.443,0.788,0.184,0.553,,,,,,,,,,,,,,,,,,,,,,,,,,,,,,,,,,,,,,,,,,,,,,,,,,,,,,,,,,,,,,,,,,,,,,,,,,,,,,,,,,,,,,,,,,,,,,,,,,,,,,,,,,,,,,,,,,,,,,,,,,,,,,,,,,,,,,,,,,,,,,,,,,,,,,,,,,,,,,,,,,,,,,,,,,,,,,,,,,,,,,,,,,,,,,,,,,,,,,,,,,,,,
lylestr01,Trey Lyles,https://www.basketball-reference.com/players/l/lylestr01.html,2023-24,2024,28.0,SAC,PF,PF,49.0,PF,58.0,0.0,1158.0,59.0,102.0,0.578,84.0,219.0,0.384,72.0,,19.0,196.0,0.576,143.0,321.0,0.445,49.0,70.0,0.7,61.0,86.0,419.0,247.0,17.0,38.0,257.0,0.0,1.0,1.8,0.578,1.4,3.8,0.384,1.2,,0.3,3.4,0.576,2.5,5.5,0.445,0.8,1.2,0.7,58.0,0.0,20.0,1.1,1.5,7.2,250.0,0.3,0.7,4.4,1.8,3.2,0.578,2.6,6.8,0.384,2.2,,0.6,6.1,0.576,4.4,10.0,0.445,1.5,2.2,0.7,58.0,0.0,1158.0,1.9,2.7,13.0,237.0,0.5,1.2,8.0,2.5,4.3,0.578,3.5,9.2,0.384,3.0,,0.8,8.2,116.0,0.576,6.0,13.5,0.445,2.1,2.9,0.7,58.0,0.0,1158.0,2.6,120.0,3.6,17.6,237.0,0.7,1.6,10.8,0.682,8.1,,1.5,-1.1,-0.7,19.4,1.0,0.218,58.0,0.0,1158.0,-0.4,5.8,1.3,11.9,237.0,0.7,9.7,12.4,0.596,14.4,0.3,2.4,0.098,,5,46,8,34,58,0,12,15,178,1158,8.0,7.0,17,82,0,0,0,237,22,9,3.0,0.0,,0.369,0.384,18.8,6.0,0.025,0.445,0.754,0.571,0.0,0.578,0.375,0.384,58.0,0.0,1158.0,0.729,1.0,0.178,0.022,0.019,0.318,0.1,0.682,237.0,19.1,10.9,,58.0,0.0,106.0,173.0,105.0,105.0,94.0,89.0,89.0,103.0,1158.0,237.0,0.578,0.682,0.384,0.576,0.445,0.7,0.218,0.596,,,,,,,,,,,,,,,,,,,,,,,,,,,,,,,,,,,,,,,,,,,,,,,,,,,,,,,,,,,,,,,,,,,,,,,,,,,,,,,,,,,,,,,,,,,,,,,,,,,,,,,,,,,,,,,,,,,,,,,,,,,,,,,,,,,,,,,,,,,,,,,,,,,,,,,,,,,,,,,,,,,,,,,,,,,,,,,,,,,,,,,,,,,,,,,,,,,,,,,,,,,,,
wadede01,Dean Wade,https://www.basketball-reference.com/players/w/wadede01.html,2023-24,2024,27.0,CLE,PF,PF,50.0,PF,54.0,32.0,1108.0,17.0,30.0,0.567,79.0,202.0,0.391,43.0,,25.0,181.0,0.584,96.0,232.0,0.414,20.0,26.0,0.769,37.0,93.0,291.0,293.0,40.0,20.0,218.0,0.0,0.3,0.6,0.567,1.5,3.7,0.391,0.8,,0.5,3.4,0.584,1.8,4.3,0.414,0.4,0.5,0.769,54.0,32.0,20.5,0.7,1.7,5.4,326.0,0.7,0.4,4.0,0.6,1.0,0.567,2.6,6.6,0.391,1.4,,0.8,5.9,0.584,3.1,7.5,0.414,0.6,0.8,0.769,54.0,32.0,1108.0,1.2,3.0,9.5,242.0,1.3,0.6,7.1,0.8,1.3,0.567,3.5,9.0,0.391,1.9,,1.1,8.1,111.0,0.584,4.3,10.3,0.414,0.9,1.2,0.769,54.0,32.0,1108.0,1.6,121.0,4.1,13.0,242.0,1.8,0.9,9.7,0.871,5.0,,2.0,0.1,1.8,18.2,1.6,0.112,54.0,32.0,1108.0,-1.7,3.8,0.9,10.2,242.0,1.8,7.6,11.1,0.598,10.5,0.6,2.5,0.11,,1,53,12,10,54,32,2,3,106,1108,10.5,10.1,5,88,0,7,0,242,8,8,0.0,0.0,,0.408,0.351,22.6,6.0,0.03,0.414,0.765,0.5,0.333,0.567,0.0,0.391,54.0,32.0,1108.0,0.647,0.987,0.073,0.017,0.026,0.129,0.013,0.871,242.0,17.4,8.6,,54.0,32.0,104.0,221.0,107.0,107.0,87.0,98.0,46.0,103.0,1108.0,242.0,0.567,0.871,0.391,0.584,0.414,0.769,0.112,0.598,,3.0,1.0,61.0,195.0,82.0,77.0,65.0,,0.0,73.0,63.0,139.0,0.333,0.769,0.3,0.423,0.308,,0.0,0.423,0.769,11.1,,3.2,-3.1,0.9,9.0,0.1,0.0,3.0,1.0,63.0,-3.9,1.8,-0.1,5.3,139.0,0.8,13.3,5.5,0.423,11.1,0.0,0.0,-0.003,,0.0,2.0,1.0,0.0,3.0,1.0,0.0,0.0,12.0,63.0,-7.5,-13.7,10.0,90.0,0.0,0.0,0.0,139.0,1.0,0.0,0.8,2.5,0.333,2.5,8.2,0.3,4.1,,1.6,4.1,115.0,0.423,3.3,10.7,0.308,0.0,0.0,,3.0,1.0,63.0,0.8,90.0,3.3,9.0,139.0,0.8,1.6,4.9,0.6,1.7,0.333,1.7,5.7,0.3,2.9,,1.1,2.9,0.423,2.3,7.4,0.308,0.0,0.0,,3.0,1.0,63.0,0.6,2.3,6.3,139.0,0.6,1.1,3.4,0.3,1.0,0.333,1.0,3.3,0.3,1.7,,0.7,1.7,0.423,1.3,4.3,0.308,0.0,0.0,,3.0,1.0,21.0,0.3,1.3,3.7,132.0,0.3,0.7,2.0,0.0,0.0,,0.0,0.2,20.8,0.0,0.0,0.308,0.5,0.0,,0.333,,0.3,3.0,1.0,63.0,1.0,1.0,0.154,0.077,0.0,0.231,0.0,0.769,139.0,1.0,3.0,0.333,3.0,10.0,0.3,5.0,,2.0,5.0,0.423,4.0,13.0,0.308,0.0,0.0,,3.0,1.0,63.0,1.0,4.0,11.0,155.0,1.0,2.0,6.0,0.0
craigto01,Torrey Craig,https://www.basketball-reference.com/players/c/craigto01.html,2023-24,2024,33.0,CHI,SF,PF,51.0,PF,53.0,14.0,1049.0,48.0,98.0,0.49,60.0,153.0,0.392,58.0,,21.0,148.0,0.55,108.0,251.0,0.43,27.0,36.0,0.75,69.0,110.0,303.0,287.0,30.0,32.0,217.0,0.0,0.9,1.8,0.49,1.1,2.9,0.392,1.1,,0.4,2.8,0.55,2.0,4.7,0.43,0.5,0.7,0.75,53.0,14.0,19.8,1.3,2.1,5.7,309.0,0.6,0.6,4.1,1.6,3.4,0.49,2.1,5.3,0.392,2.0,,0.7,5.1,0.55,3.7,8.6,0.43,0.9,1.2,0.75,53.0,14.0,1049.0,2.4,3.8,10.4,253.0,1.0,1.1,7.4,2.3,4.7,0.49,2.9,7.3,0.392,2.8,,1.0,7.0,117.0,0.55,5.1,11.9,0.43,1.3,1.7,0.75,53.0,14.0,1049.0,3.3,119.0,5.2,14.4,253.0,1.4,1.5,10.3,0.61,7.3,,2.1,-2.0,-0.2,16.1,0.9,0.143,53.0,14.0,1049.0,-1.8,7.2,1.0,10.8,253.0,1.4,10.7,11.6,0.568,12.5,0.0,1.9,0.087,,3,60,5,16,53,14,6,8,131,1049,-7.9,-7.2,2,81,0,17,0,253,17,9,0.0,0.0,,0.362,0.451,16.8,3.0,0.02,0.43,0.582,0.2,0.286,0.49,0.419,0.392,53.0,14.0,1049.0,0.583,0.967,0.219,0.02,0.028,0.39,0.124,0.61,253.0,1.6,-6.5,,53.0,14.0,90.0,154.0,107.0,101.0,91.0,96.0,59.0,98.0,1049.0,253.0,0.49,0.61,0.392,0.55,0.43,0.75,0.143,0.568,,,,,,,,,,,,,,,,,,,,,,,,,,,,,,,,,,,,,,,,,,,,,,,,,,,,,,,,,,,,,,,,,,,,,,,,,,,,,,,,,,,,,,,,,,,,,,,,,,,,,,,,,,,,,,,,,,,,,,,,,,,,,,,,,,,,,,,,,,,,,,,,,,,,,,,,,,,,,,,,,,,,,,,,,,,,,,,,,,,,,,,,,,,,,,,,,,,,,,,,,,,,,
willike04,Kenrich Williams,https://www.basketball-reference.com/players/w/willike04.html,2023-24,2024,29.0,OKC,PF,PF,52.0,PF,69.0,1.0,1029.0,75.0,139.0,0.54,56.0,141.0,0.397,93.0,,9.0,148.0,0.568,131.0,280.0,0.468,7.0,14.0,0.5,61.0,101.0,325.0,279.0,38.0,32.0,209.0,0.0,1.1,2.0,0.54,0.8,2.0,0.397,1.3,,0.1,2.1,0.568,1.9,4.1,0.468,0.1,0.2,0.5,69.0,1.0,14.9,0.9,1.5,4.7,356.0,0.6,0.5,3.0,2.6,4.9,0.54,2.0,4.9,0.397,3.3,,0.3,5.2,0.568,4.6,9.8,0.468,0.2,0.5,0.5,69.0,1.0,1029.0,2.1,3.5,11.4,258.0,1.3,1.1,7.3,3.5,6.5,0.54,2.6,6.6,0.397,4.3,,0.4,6.9,113.0,0.568,6.1,13.1,0.468,0.3,0.7,0.5,69.0,1.0,1029.0,2.9,120.0,4.7,15.2,258.0,1.8,1.5,9.8,0.504,11.4,,0.8,-0.8,0.3,15.4,1.3,0.05,69.0,1.0,1029.0,-1.1,6.9,1.1,11.9,258.0,1.8,10.1,11.3,0.568,13.4,0.3,2.5,0.115,,4,59,18,3,69,1,0,18,230,1029,3.0,10.2,33,60,0,5,1,258,19,8,1.0,0.0,,0.409,0.312,15.4,7.0,0.032,0.468,0.699,0.182,0.25,0.54,0.379,0.397,69.0,1.0,1029.0,0.733,0.964,0.296,0.039,0.057,0.496,0.104,0.504,258.0,11.9,-6.9,,69.0,1.0,99.0,128.0,109.0,104.0,99.0,64.0,20.0,98.0,1029.0,258.0,0.54,0.504,0.397,0.568,0.468,0.5,0.05,0.568,,7.0,0.0,122.0,158.0,0.0,46.0,53.0,,0.0,43.0,32.0,158.0,0.667,0.625,0.0,0.25,0.25,,0.0,0.25,0.625,12.4,,0.0,-4.7,1.8,23.3,0.1,0.0,7.0,0.0,32.0,-6.5,3.6,-0.1,4.6,158.0,1.6,0.0,13.8,0.25,11.4,0.0,0.0,0.023,,0.0,3.0,0.0,0.0,7.0,0.0,0.0,0.0,7.0,32.0,-13.5,-6.7,34.0,46.0,0.0,20.0,0.0,158.0,0.0,0.0,3.2,4.8,0.667,0.0,8.0,0.0,4.8,,0.0,11.1,104.0,0.25,3.2,12.7,0.25,0.0,0.0,,7.0,0.0,32.0,1.6,80.0,4.8,6.4,158.0,1.6,0.0,12.7,2.3,3.4,0.667,0.0,5.6,0.0,3.4,,0.0,7.9,0.25,2.3,9.0,0.25,0.0,0.0,,7.0,0.0,32.0,1.1,3.4,4.5,158.0,1.1,0.0,9.0,0.3,0.4,0.667,0.0,0.7,0.0,0.4,,0.0,1.0,0.25,0.3,1.1,0.25,0.0,0.0,,7.0,0.0,4.6,0.1,0.4,0.6,192.0,0.1,0.0,1.1,0.0,0.0,,0.0,0.4,17.9,0.0,0.0,0.25,1.0,,0.0,0.667,,0.0,7.0,0.0,32.0,0.5,,0.25,0.0,0.125,0.375,0.0,0.625,158.0,2.0,3.0,0.667,0.0,5.0,0.0,3.0,,0.0,7.0,0.25,2.0,8.0,0.25,0.0,0.0,,7.0,0.0,32.0,1.0,3.0,4.0,184.0,1.0,0.0,8.0,0.0
isaacjo01,Jonathan Isaac,https://www.basketball-reference.com/players/i/isaacjo01.html,2023-24,2024,26.0,ORL,PF,PF,53.0,PF,58.0,2.0,914.0,104.0,174.0,0.598,42.0,112.0,0.375,30.0,6MOY-9,70.0,187.0,0.584,146.0,286.0,0.51,59.0,82.0,0.72,73.0,64.0,393.0,251.0,43.0,27.0,260.0,0.0,1.8,3.0,0.598,0.7,1.9,0.375,0.5,6MOY-9,1.2,3.2,0.584,2.5,4.9,0.51,1.0,1.4,0.72,58.0,2.0,15.8,1.3,1.1,6.8,269.0,0.7,0.5,4.5,4.1,6.9,0.598,1.7,4.4,0.375,1.2,6MOY-9,2.8,7.4,0.584,5.8,11.3,0.51,2.3,3.2,0.72,58.0,2.0,914.0,2.9,2.5,15.5,280.0,1.7,1.1,10.2,5.6,9.4,0.598,2.3,6.1,0.375,1.6,6MOY-9,3.8,10.1,105.0,0.584,7.9,15.5,0.51,3.2,4.4,0.72,58.0,2.0,914.0,4.0,124.0,3.5,21.3,280.0,2.3,1.5,14.1,0.392,4.8,6MOY-9,7.1,3.8,2.4,24.2,2.1,0.287,58.0,2.0,914.0,1.4,9.3,1.5,19.2,280.0,2.3,7.7,16.7,0.61,16.7,1.4,3.6,0.188,6MOY-9,2,37,5,39,58,2,11,16,68,914,12.7,11.6,0,87,0,13,0,280,7,10,1.0,0.0,6MOY-9,0.455,0.491,12.6,52.0,0.203,0.51,0.717,0.375,0.368,0.598,0.385,0.375,58.0,2.0,914.0,0.654,0.976,0.395,0.056,0.066,0.608,0.091,0.392,280.0,21.4,19.4,6MOY-9,58.0,2.0,110.0,99.0,103.0,107.0,108.0,92.0,117.0,105.0,914.0,280.0,0.598,0.392,0.375,0.584,0.51,0.72,0.287,0.61,,7.0,3.0,92.0,175.0,101.0,99.0,86.0,128.0,21.0,95.0,147.0,97.0,0.5,0.692,0.37,0.538,0.41,1.0,0.051,0.552,0.692,3.3,,5.7,2.6,2.2,19.0,0.4,0.051,7.0,3.0,147.0,0.4,7.3,0.1,13.6,97.0,1.7,9.1,12.9,0.552,13.1,0.2,0.5,0.165,,0.0,2.0,1.0,1.0,7.0,3.0,0.0,2.0,7.0,147.0,-2.6,4.2,0.0,65.0,0.0,35.0,0.0,97.0,1.0,3.0,2.1,4.1,0.5,3.5,9.3,0.37,1.0,,3.1,8.3,98.0,0.538,5.5,13.5,0.41,0.7,0.7,1.0,7.0,3.0,147.0,3.5,114.0,2.4,15.2,97.0,1.7,1.4,11.7,1.5,2.9,0.5,2.4,6.6,0.37,0.7,,2.2,5.9,0.538,3.9,9.6,0.41,0.5,0.5,1.0,7.0,3.0,147.0,2.4,1.7,10.8,97.0,1.2,1.0,8.3,0.9,1.7,0.5,1.4,3.9,0.37,0.4,,1.3,3.4,0.538,2.3,5.6,0.41,0.3,0.3,1.0,7.0,3.0,21.0,1.4,1.0,6.3,98.0,0.7,0.6,4.9,0.0,0.0,,0.444,0.667,18.0,3.0,0.103,0.41,0.625,0.333,,0.5,0.0,0.37,7.0,3.0,147.0,0.167,1.0,0.205,0.077,0.0,0.308,0.026,0.692,97.0,6.0,12.0,0.5,10.0,27.0,0.37,3.0,,9.0,24.0,0.538,16.0,39.0,0.41,2.0,2.0,1.0,7.0,3.0,147.0,10.0,7.0,44.0,102.0,5.0,4.0,34.0,0.0
jovicni01,Nikola Jović,https://www.basketball-reference.com/players/j/jovicni01.html,2023-24,2024,20.0,MIA,PF,PF,54.0,PF,46.0,38.0,896.0,62.0,118.0,0.525,65.0,163.0,0.399,90.0,,14.0,167.0,0.568,127.0,281.0,0.452,33.0,47.0,0.702,25.0,82.0,352.0,269.0,25.0,42.0,192.0,0.0,1.3,2.6,0.525,1.4,3.5,0.399,2.0,,0.3,3.6,0.568,2.8,6.1,0.452,0.7,1.0,0.702,46.0,38.0,19.5,0.5,1.8,7.7,237.0,0.5,0.9,4.2,2.5,4.7,0.525,2.6,6.5,0.399,3.6,,0.6,6.7,0.568,5.1,11.3,0.452,1.3,1.9,0.702,46.0,38.0,896.0,1.0,3.3,14.1,284.0,1.0,1.7,7.7,3.5,6.6,0.525,3.6,9.1,0.399,5.0,,0.8,9.3,111.0,0.568,7.1,15.6,0.452,1.8,2.6,0.702,46.0,38.0,896.0,1.4,113.0,4.6,19.6,284.0,1.4,2.3,10.7,0.58,14.7,,1.5,0.3,1.3,21.3,1.3,0.167,46.0,38.0,896.0,-0.9,3.1,0.6,12.8,284.0,1.4,12.2,12.1,0.583,17.1,0.5,1.9,0.103,,5,39,6,22,46,38,4,8,223,896,8.1,8.3,19,81,0,0,0,284,26,8,0.0,0.0,,0.468,0.288,16.7,2.0,0.007,0.452,0.6,0.222,0.5,0.525,0.509,0.399,46.0,38.0,896.0,0.694,0.892,0.178,0.032,0.014,0.42,0.196,0.58,284.0,11.8,2.1,,46.0,38.0,96.0,147.0,109.0,104.0,95.0,90.0,68.0,101.0,896.0,284.0,0.525,0.58,0.399,0.568,0.452,0.702,0.167,0.583,,5.0,5.0,92.0,155.0,112.0,104.0,94.0,109.0,80.0,104.0,128.0,105.0,0.5,0.611,0.409,0.569,0.444,0.857,0.194,0.601,0.611,13.9,,2.7,3.9,3.4,29.4,0.2,0.194,5.0,5.0,128.0,0.4,1.8,0.1,15.2,105.0,2.1,13.3,15.1,0.601,17.2,0.2,0.2,0.082,,0.0,7.0,1.0,3.0,5.0,5.0,1.0,1.0,27.0,128.0,-13.5,-22.3,8.0,90.0,0.0,2.0,0.0,105.0,4.0,2.0,2.9,5.8,0.5,3.7,9.1,0.409,4.5,,1.2,12.8,112.0,0.569,6.6,14.9,0.444,2.5,2.9,0.857,5.0,5.0,128.0,0.8,109.0,3.7,19.4,105.0,2.1,2.5,13.6,2.0,3.9,0.5,2.5,6.2,0.409,3.1,,0.8,8.7,0.569,4.5,10.1,0.444,1.7,2.0,0.857,5.0,5.0,128.0,0.6,2.5,13.2,105.0,1.4,1.7,9.3,1.4,2.8,0.5,1.8,4.4,0.409,2.2,,0.6,6.2,0.569,3.2,7.2,0.444,1.2,1.4,0.857,5.0,5.0,25.6,0.4,1.8,9.4,73.0,1.0,1.2,6.6,0.0,0.0,,0.5,0.273,18.3,0.0,0.0,0.444,0.667,0.0,0.0,0.5,0.714,0.409,5.0,5.0,128.0,0.571,1.0,0.083,0.083,0.028,0.389,0.194,0.611,105.0,7.0,14.0,0.5,9.0,22.0,0.409,11.0,,3.0,31.0,0.569,16.0,36.0,0.444,6.0,7.0,0.857,5.0,5.0,128.0,2.0,9.0,47.0,99.0,5.0,6.0,33.0,0.0
woodch01,Christian Wood,https://www.basketball-reference.com/players/w/woodch01.html,2023-24,2024,28.0,LAL,PF,PF,55.0,PF,50.0,1.0,872.0,88.0,150.0,0.587,35.0,114.0,0.307,49.0,,33.0,215.0,0.532,123.0,264.0,0.466,66.0,94.0,0.702,39.0,72.0,347.0,272.0,16.0,50.0,254.0,0.0,1.8,3.0,0.587,0.7,2.3,0.307,1.0,,0.7,4.3,0.532,2.5,5.3,0.466,1.3,1.9,0.702,50.0,1.0,17.4,0.8,1.4,6.9,266.0,0.3,1.0,5.1,3.6,6.2,0.587,1.4,4.7,0.307,2.0,,1.4,8.9,0.532,5.1,10.9,0.466,2.7,3.9,0.702,50.0,1.0,872.0,1.6,3.0,14.3,290.0,0.7,2.1,10.5,4.8,8.2,0.587,1.9,6.2,0.307,2.7,,1.8,11.7,113.0,0.532,6.7,14.4,0.466,3.6,5.1,0.702,50.0,1.0,872.0,2.1,107.0,3.9,18.9,290.0,0.9,2.7,13.9,0.432,7.4,,3.3,-2.8,-0.2,26.1,1.1,0.356,50.0,1.0,872.0,-2.6,5.2,0.0,12.3,290.0,0.9,14.1,16.2,0.568,17.6,-0.2,1.2,0.064,,12,48,2,43,50,1,10,12,110,872,0.0,0.4,3,51,0,46,0,290,16,18,0.0,0.0,,0.346,0.228,13.8,24.0,0.102,0.466,0.812,0.455,0.182,0.587,0.424,0.307,50.0,1.0,872.0,0.761,0.971,0.261,0.042,0.042,0.568,0.223,0.432,290.0,-7.6,-7.2,,50.0,1.0,108.0,109.0,84.0,97.0,98.0,90.0,146.0,98.0,872.0,290.0,0.587,0.432,0.307,0.532,0.466,0.702,0.356,0.568,,,,,,,,,,,,,,,,,,,,,,,,,,,,,,,,,,,,,,,,,,,,,,,,,,,,,,,,,,,,,,,,,,,,,,,,,,,,,,,,,,,,,,,,,,,,,,,,,,,,,,,,,,,,,,,,,,,,,,,,,,,,,,,,,,,,,,,,,,,,,,,,,,,,,,,,,,,,,,,,,,,,,,,,,,,,,,,,,,,,,,,,,,,,,,,,,,,,,,,,,,,,,
metuch01,Chimezie Metu,https://www.basketball-reference.com/players/m/metuch01.html,2023-24,2024,26.0,2TM,C,PF,56.0,PF,51.0,12.0,859.0,95.0,150.0,0.633,28.0,94.0,0.298,46.0,,16.0,153.0,0.561,123.0,244.0,0.504,58.0,64.0,0.906,41.0,71.0,332.0,276.0,43.0,52.0,194.0,0.0,1.9,2.9,0.633,0.5,1.8,0.298,0.9,,0.3,3.0,0.561,2.4,4.8,0.504,1.1,1.3,0.906,51.0,12.0,16.8,0.8,1.4,6.5,280.0,0.8,1.0,3.8,4.0,6.3,0.633,1.2,3.9,0.298,1.9,,0.7,6.4,0.561,5.2,10.2,0.504,2.4,2.7,0.906,51.0,12.0,859.0,1.7,3.0,13.9,294.0,1.8,2.2,8.1,5.4,8.5,0.633,1.6,5.3,0.298,2.6,,0.9,8.6,114.0,0.561,6.9,13.8,0.504,3.3,3.6,0.906,51.0,12.0,859.0,2.3,112.0,4.0,18.7,294.0,2.4,2.9,10.9,0.385,7.4,,1.6,-1.3,0.8,19.6,1.1,0.262,51.0,12.0,859.0,-2.1,5.5,0.5,13.3,294.0,2.4,16.0,12.7,0.61,16.2,0.2,1.5,0.085,,4,44,3,35,51,12,6,16,111,859,-2.8,-5.0,35,65,0,0,0,294,20,23,0.0,0.0,,0.333,0.319,12.7,34.0,0.156,0.504,0.803,0.4,0.333,0.633,0.491,0.298,51.0,12.0,859.0,0.737,0.929,0.311,0.061,0.025,0.615,0.217,0.385,294.0,7.3,16.3,,51.0,12.0,116.0,98.0,81.0,103.0,106.0,116.0,107.0,105.0,859.0,294.0,0.633,0.385,0.298,0.561,0.504,0.906,0.262,0.61,,,,,,,,,,,,,,,,,,,,,,,,,,,,,,,,,,,,,,,,,,,,,,,,,,,,,,,,,,,,,,,,,,,,,,,,,,,,,,,,,,,,,,,,,,,,,,,,,,,,,,,,,,,,,,,,,,,,,,,,,,,,,,,,,,,,,,,,,,,,,,,,,,,,,,,,,,,,,,,,,,,,,,,,,,,,,,,,,,,,,,,,,,,,,,,,,,,,,,,,,,,,,
hendrta01,Taylor Hendricks,https://www.basketball-reference.com/players/h/hendrta01.html,2023-24,2024,20.0,UTA,PF,PF,57.0,PF,40.0,23.0,856.0,55.0,100.0,0.55,53.0,140.0,0.379,32.0,,30.0,139.0,0.56,108.0,240.0,0.45,23.0,29.0,0.793,46.0,77.0,292.0,292.0,28.0,27.0,185.0,0.0,1.4,2.5,0.55,1.3,3.5,0.379,0.8,,0.8,3.5,0.56,2.7,6.0,0.45,0.6,0.7,0.793,40.0,23.0,21.4,1.2,1.9,7.3,245.0,0.7,0.7,4.6,2.3,4.2,0.55,2.2,5.9,0.379,1.3,,1.3,5.8,0.56,4.5,10.1,0.45,1.0,1.2,0.793,40.0,23.0,856.0,1.9,3.2,12.3,296.0,1.2,1.1,7.8,3.1,5.6,0.55,3.0,7.9,0.379,1.8,,1.7,7.8,119.0,0.56,6.1,13.5,0.45,1.3,1.6,0.793,40.0,23.0,856.0,2.6,117.0,4.3,16.5,296.0,1.6,1.5,10.4,0.583,5.0,,3.1,-1.6,-0.4,17.7,0.6,0.121,40.0,23.0,856.0,-1.3,6.0,0.7,11.8,296.0,1.6,9.7,11.9,0.578,13.7,0.1,1.2,0.07,,3,52,1,14,40,23,4,12,74,856,-3.6,-7.7,1,56,0,43,0,296,8,7,0.0,0.0,,0.458,0.514,16.5,20.0,0.092,0.45,0.737,0.667,0.0,0.55,0.447,0.379,40.0,23.0,856.0,0.545,1.0,0.158,0.038,0.025,0.417,0.196,0.583,296.0,6.7,-1.2,,40.0,23.0,101.0,148.0,104.0,103.0,95.0,101.0,49.0,100.0,856.0,296.0,0.55,0.583,0.379,0.56,0.45,0.793,0.121,0.578,,,,,,,,,,,,,,,,,,,,,,,,,,,,,,,,,,,,,,,,,,,,,,,,,,,,,,,,,,,,,,,,,,,,,,,,,,,,,,,,,,,,,,,,,,,,,,,,,,,,,,,,,,,,,,,,,,,,,,,,,,,,,,,,,,,,,,,,,,,,,,,,,,,,,,,,,,,,,,,,,,,,,,,,,,,,,,,,,,,,,,,,,,,,,,,,,,,,,,,,,,,,,
watfotr01,Trendon Watford,https://www.basketball-reference.com/players/w/watfotr01.html,2023-24,2024,23.0,BRK,PF,PF,57.0,PF,63.0,2.0,856.0,137.0,243.0,0.564,27.0,68.0,0.397,81.0,,19.0,142.0,0.571,164.0,311.0,0.527,77.0,97.0,0.794,52.0,106.0,432.0,237.0,23.0,63.0,194.0,0.0,2.2,3.9,0.564,0.4,1.1,0.397,1.3,,0.3,2.3,0.571,2.6,4.9,0.527,1.2,1.5,0.794,63.0,2.0,13.6,0.8,1.7,6.9,264.0,0.4,1.0,3.1,5.8,10.2,0.564,1.1,2.9,0.397,3.4,,0.8,6.0,0.571,6.9,13.1,0.527,3.2,4.1,0.794,63.0,2.0,856.0,2.2,4.5,18.2,295.0,1.0,2.6,8.2,7.9,14.1,0.564,1.6,3.9,0.397,4.7,,1.1,8.2,115.0,0.571,9.5,18.0,0.527,4.5,5.6,0.794,63.0,2.0,856.0,3.0,115.0,6.1,25.0,295.0,1.3,3.6,11.2,0.219,14.6,,2.0,-0.5,0.4,18.7,0.9,0.312,63.0,2.0,856.0,-0.9,6.5,0.9,15.7,295.0,1.3,15.1,12.4,0.611,21.1,0.3,1.8,0.1,,11,58,4,48,63,2,14,25,186,856,-1.0,-3.8,29,67,0,4,0,295,28,17,0.0,0.0,,0.304,0.338,9.5,7.0,0.023,0.527,0.705,0.421,0.286,0.564,0.492,0.397,63.0,2.0,856.0,0.431,0.963,0.305,0.061,0.023,0.781,0.392,0.219,295.0,15.1,21.7,,63.0,2.0,103.0,55.0,109.0,104.0,111.0,101.0,128.0,105.0,856.0,295.0,0.564,0.219,0.397,0.571,0.527,0.794,0.312,0.611,,,,,,,,,,,,,,,,,,,,,,,,,,,,,,,,,,,,,,,,,,,,,,,,,,,,,,,,,,,,,,,,,,,,,,,,,,,,,,,,,,,,,,,,,,,,,,,,,,,,,,,,,,,,,,,,,,,,,,,,,,,,,,,,,,,,,,,,,,,,,,,,,,,,,,,,,,,,,,,,,,,,,,,,,,,,,,,,,,,,,,,,,,,,,,,,,,,,,,,,,,,,,
morrima03,Marcus Morris,https://www.basketball-reference.com/players/m/morrima03.html,2023-24,2024,34.0,2TM,PF,PF,59.0,PF,49.0,7.0,817.0,68.0,145.0,0.469,48.0,119.0,0.403,36.0,,13.0,111.0,0.53,116.0,264.0,0.439,36.0,44.0,0.818,23.0,74.0,316.0,283.0,15.0,30.0,134.0,0.0,1.4,3.0,0.469,1.0,2.4,0.403,0.7,,0.3,2.3,0.53,2.4,5.4,0.439,0.7,0.9,0.818,49.0,7.0,16.7,0.5,1.5,6.4,286.0,0.3,0.6,2.7,3.0,6.4,0.469,2.1,5.2,0.403,1.6,,0.6,4.9,0.53,5.1,11.6,0.439,1.6,1.9,0.818,49.0,7.0,817.0,1.0,3.3,13.9,299.0,0.7,1.3,5.9,4.1,8.7,0.469,2.9,7.2,0.403,2.2,,0.8,6.7,116.0,0.53,7.0,15.9,0.439,2.2,2.7,0.818,49.0,7.0,817.0,1.4,109.0,4.5,19.1,299.0,0.9,1.8,8.1,0.451,6.1,,1.4,-3.8,-1.3,15.2,0.8,0.167,49.0,7.0,817.0,-2.5,3.1,0.2,9.9,299.0,0.9,9.6,9.1,0.558,16.6,-0.4,1.0,0.06,,6,43,0,18,49,7,4,6,82,817,-9.0,-5.1,4,58,0,38,0,299,15,4,1.0,0.0,,0.429,0.294,18.5,2.0,0.008,0.439,0.684,0.511,0.404,0.469,0.375,0.403,49.0,7.0,817.0,0.471,0.938,0.072,0.178,0.178,0.549,0.121,0.451,299.0,-8.6,-12.7,,49.0,7.0,86.0,114.0,110.0,97.0,93.0,104.0,68.0,96.0,817.0,299.0,0.469,0.451,0.403,0.53,0.439,0.818,0.167,0.558,,9.0,1.0,95.0,121.0,107.0,101.0,97.0,85.0,26.0,96.0,138.0,101.0,0.52,0.479,0.391,0.552,0.458,0.667,0.063,0.558,0.479,3.5,,0.0,-0.1,0.1,19.0,0.2,0.063,9.0,1.0,138.0,-0.2,1.7,0.0,11.7,101.0,1.5,5.7,10.4,0.558,17.7,0.1,0.2,0.064,,1.0,5.0,2.0,2.0,9.0,1.0,1.0,2.0,6.0,138.0,-13.8,-17.6,5.0,86.0,0.0,9.0,0.0,101.0,1.0,0.0,4.9,9.4,0.52,3.4,8.6,0.391,1.1,,0.0,8.6,112.0,0.552,8.3,18.0,0.458,0.8,1.1,0.667,9.0,1.0,138.0,0.8,106.0,3.0,20.6,101.0,1.5,1.1,9.4,3.4,6.5,0.52,2.3,6.0,0.391,0.8,,0.0,6.0,0.552,5.7,12.5,0.458,0.5,0.8,0.667,9.0,1.0,138.0,0.5,2.1,14.3,101.0,1.0,0.8,6.5,1.4,2.8,0.52,1.0,2.6,0.391,0.3,,0.0,2.6,0.552,2.4,5.3,0.458,0.2,0.3,0.667,9.0,1.0,15.3,0.2,0.9,6.1,103.0,0.4,0.3,2.8,2.0,0.0,,0.333,0.261,19.8,0.0,0.0,0.458,0.4,0.667,0.429,0.52,0.5,0.391,9.0,1.0,138.0,0.615,0.889,0.104,0.188,0.146,0.521,0.083,0.479,101.0,13.0,25.0,0.52,9.0,23.0,0.391,3.0,,0.0,23.0,0.552,22.0,48.0,0.458,2.0,3.0,0.667,9.0,1.0,138.0,2.0,8.0,55.0,90.0,4.0,3.0,25.0,0.0
biyombi01,Bismack Biyombo,https://www.basketball-reference.com/players/b/biyombi01.html,2023-24,2024,31.0,2TM,C,PF,60.0,PF,40.0,27.0,791.0,74.0,131.0,0.565,0.0,0.0,,53.0,,37.0,147.0,0.565,74.0,131.0,0.565,26.0,54.0,0.481,62.0,89.0,174.0,355.0,11.0,42.0,209.0,0.0,1.9,3.3,0.565,0.0,0.0,,1.3,,0.9,3.7,0.565,1.9,3.3,0.565,0.7,1.4,0.481,40.0,27.0,19.8,1.6,2.2,4.4,367.0,0.3,1.1,5.2,3.4,6.0,0.565,0.0,0.0,,2.4,,1.7,6.7,0.565,3.4,6.0,0.565,1.2,2.5,0.481,40.0,27.0,791.0,2.8,4.1,7.9,303.0,0.5,1.9,9.5,4.6,8.1,0.565,0.0,0.0,,3.3,,2.3,9.1,114.0,0.565,4.6,8.1,0.565,1.6,3.3,0.481,40.0,27.0,791.0,3.8,108.0,5.5,10.7,303.0,0.7,2.6,12.9,0.0,9.5,,4.4,-3.4,1.4,21.1,1.0,0.412,40.0,27.0,791.0,-4.8,8.3,0.1,9.9,303.0,0.7,21.3,14.5,0.562,10.7,-0.3,1.1,0.066,,13,45,4,16,40,27,4,13,129,791,2.9,-3.6,41,59,0,0,0,303,14,9,0.0,0.0,,,,3.5,24.0,0.198,0.565,0.719,0.0,,0.565,0.424,,40.0,27.0,791.0,0.757,,0.489,0.008,0.0,1.0,0.504,0.0,303.0,4.8,-5.5,,40.0,27.0,104.0,0.0,,103.0,119.0,61.0,169.0,97.0,791.0,303.0,0.565,0.0,,0.565,0.565,0.481,0.412,0.562,,,,,,,,,,,,,,,,,,,,,,,,,,,,,,,,,,,,,,,,,,,,,,,,,,,,,,,,,,,,,,,,,,,,,,,,,,,,,,,,,,,,,,,,,,,,,,,,,,,,,,,,,,,,,,,,,,,,,,,,,,,,,,,,,,,,,,,,,,,,,,,,,,,,,,,,,,,,,,,,,,,,,,,,,,,,,,,,,,,,,,,,,,,,,,,,,,,,,,,,,,,,,
thorjt01,JT Thor,https://www.basketball-reference.com/players/t/thorjt01.html,2023-24,2024,21.0,CHO,PF,PF,61.0,PF,63.0,3.0,781.0,52.0,102.0,0.51,28.0,81.0,0.346,29.0,,27.0,103.0,0.514,80.0,183.0,0.437,11.0,20.0,0.55,43.0,60.0,199.0,343.0,11.0,15.0,146.0,0.0,0.8,1.6,0.51,0.4,1.3,0.346,0.5,,0.4,1.6,0.514,1.3,2.9,0.437,0.2,0.3,0.55,63.0,3.0,12.4,0.7,1.0,3.2,447.0,0.2,0.2,2.3,2.4,4.7,0.51,1.3,3.7,0.346,1.3,,1.2,4.7,0.514,3.7,8.4,0.437,0.5,0.9,0.55,63.0,3.0,781.0,2.0,2.8,9.2,304.0,0.5,0.7,6.7,3.3,6.4,0.51,1.8,5.1,0.346,1.8,,1.7,6.5,121.0,0.514,5.1,11.6,0.437,0.7,1.3,0.55,63.0,3.0,781.0,2.7,110.0,3.8,12.6,304.0,0.7,0.9,9.2,0.443,5.1,,3.2,-4.5,-1.1,15.3,0.3,0.109,63.0,3.0,781.0,-3.5,6.0,0.2,9.1,304.0,0.7,7.3,10.5,0.519,11.7,-0.5,0.6,0.034,,1,49,1,10,63,3,2,15,73,781,8.6,-3.7,28,64,0,7,1,304,4,6,0.0,0.0,,0.333,0.519,13.6,16.0,0.104,0.437,0.651,0.364,0.375,0.51,0.2,0.346,63.0,3.0,781.0,0.712,1.0,0.344,0.06,0.044,0.557,0.109,0.443,304.0,-12.0,-23.5,,63.0,3.0,94.0,112.0,95.0,94.0,92.0,70.0,45.0,89.0,781.0,304.0,0.51,0.443,0.346,0.514,0.437,0.55,0.109,0.519,,,,,,,,,,,,,,,,,,,,,,,,,,,,,,,,,,,,,,,,,,,,,,,,,,,,,,,,,,,,,,,,,,,,,,,,,,,,,,,,,,,,,,,,,,,,,,,,,,,,,,,,,,,,,,,,,,,,,,,,,,,,,,,,,,,,,,,,,,,,,,,,,,,,,,,,,,,,,,,,,,,,,,,,,,,,,,,,,,,,,,,,,,,,,,,,,,,,,,,,,,,,,
nworajo01,Jordan Nwora,https://www.basketball-reference.com/players/n/nworajo01.html,2023-24,2024,25.0,2TM,SF,PF,62.0,PF,52.0,1.0,712.0,94.0,168.0,0.56,44.0,131.0,0.336,62.0,,13.0,121.0,0.535,138.0,299.0,0.462,44.0,53.0,0.83,28.0,48.0,364.0,263.0,26.0,53.0,149.0,0.0,1.8,3.2,0.56,0.8,2.5,0.336,1.2,,0.3,2.3,0.535,2.7,5.8,0.462,0.8,1.0,0.83,52.0,1.0,13.7,0.5,0.9,7.0,256.0,0.5,1.0,2.9,4.8,8.5,0.56,2.2,6.6,0.336,3.1,,0.7,6.1,0.535,7.0,15.1,0.462,2.2,2.7,0.83,52.0,1.0,712.0,1.4,2.4,18.4,316.0,1.3,2.7,7.5,6.3,11.3,0.56,3.0,8.8,0.336,4.2,,0.9,8.2,117.0,0.535,9.3,20.2,0.462,3.0,3.6,0.83,52.0,1.0,712.0,1.9,105.0,3.2,24.5,316.0,1.8,3.6,10.0,0.438,12.3,,1.6,-2.5,-1.5,19.1,0.6,0.177,52.0,1.0,712.0,-1.1,4.3,-0.1,13.7,316.0,1.8,14.1,11.6,0.565,22.4,-0.1,0.5,0.034,,3,26,2,27,52,1,9,18,139,712,-10.9,-13.6,4,54,0,41,1,316,29,12,2.0,0.0,,0.359,0.298,14.3,9.0,0.033,0.462,0.663,0.389,0.182,0.56,0.542,0.336,52.0,1.0,712.0,0.585,0.841,0.268,0.06,0.037,0.562,0.197,0.438,316.0,-6.8,-9.9,,52.0,1.0,103.0,111.0,92.0,98.0,97.0,106.0,73.0,97.0,712.0,316.0,0.56,0.438,0.336,0.535,0.462,0.83,0.177,0.565,,,,,,,,,,,,,,,,,,,,,,,,,,,,,,,,,,,,,,,,,,,,,,,,,,,,,,,,,,,,,,,,,,,,,,,,,,,,,,,,,,,,,,,,,,,,,,,,,,,,,,,,,,,,,,,,,,,,,,,,,,,,,,,,,,,,,,,,,,,,,,,,,,,,,,,,,,,,,,,,,,,,,,,,,,,,,,,,,,,,,,,,,,,,,,,,,,,,,,,,,,,,,
bouchch01,Chris Boucher,https://www.basketball-reference.com/players/b/bouchch01.html,2023-24,2024,31.0,TOR,PF,PF,63.0,PF,50.0,0.0,705.0,79.0,123.0,0.642,31.0,94.0,0.33,23.0,,24.0,145.0,0.578,110.0,217.0,0.507,71.0,92.0,0.772,62.0,68.0,322.0,280.0,14.0,28.0,207.0,0.0,1.6,2.5,0.642,0.6,1.9,0.33,0.5,,0.5,2.9,0.578,2.2,4.3,0.507,1.4,1.8,0.772,50.0,0.0,14.1,1.2,1.4,6.4,288.0,0.3,0.6,4.1,4.0,6.3,0.642,1.6,4.8,0.33,1.2,,1.2,7.4,0.578,5.6,11.1,0.507,3.6,4.7,0.772,50.0,0.0,705.0,3.2,3.5,16.4,318.0,0.7,1.4,10.6,5.4,8.4,0.642,2.1,6.4,0.33,1.6,,1.6,9.9,117.0,0.578,7.5,14.9,0.507,4.9,6.3,0.772,50.0,0.0,705.0,4.2,124.0,4.7,22.1,318.0,1.0,1.9,14.2,0.433,4.5,,3.0,-1.7,-1.4,23.1,0.6,0.424,50.0,0.0,705.0,-0.3,9.5,1.2,16.0,318.0,1.0,9.8,16.1,0.625,17.3,0.1,1.7,0.119,,4,46,12,50,50,0,12,14,53,705,11.2,2.8,34,55,0,12,0,318,6,11,0.0,0.0,,0.256,0.415,12.4,18.0,0.092,0.507,0.765,0.5,0.25,0.642,0.417,0.33,50.0,0.0,705.0,0.595,1.0,0.373,0.009,0.018,0.567,0.166,0.433,318.0,13.8,23.3,,50.0,0.0,118.0,110.0,90.0,106.0,107.0,98.0,174.0,108.0,705.0,318.0,0.642,0.433,0.33,0.578,0.507,0.772,0.424,0.625,,,,,,,,,,,,,,,,,,,,,,,,,,,,,,,,,,,,,,,,,,,,,,,,,,,,,,,,,,,,,,,,,,,,,,,,,,,,,,,,,,,,,,,,,,,,,,,,,,,,,,,,,,,,,,,,,,,,,,,,,,,,,,,,,,,,,,,,,,,,,,,,,,,,,,,,,,,,,,,,,,,,,,,,,,,,,,,,,,,,,,,,,,,,,,,,,,,,,,,,,,,,,
bertada01,Dāvis Bertāns,https://www.basketball-reference.com/players/b/bertada01.html,2023-24,2024,31.0,2TM,PF,PF,64.0,PF,43.0,1.0,674.0,16.0,34.0,0.471,76.0,200.0,0.38,35.0,,12.0,52.0,0.556,92.0,234.0,0.393,30.0,33.0,0.909,9.0,56.0,290.0,294.0,26.0,18.0,61.0,0.0,0.4,0.8,0.471,1.8,4.7,0.38,0.8,,0.3,1.2,0.556,2.1,5.4,0.393,0.7,0.8,0.909,43.0,1.0,15.7,0.2,1.3,6.7,274.0,0.6,0.4,1.4,0.9,1.8,0.471,4.1,10.7,0.38,1.9,,0.6,2.8,0.556,4.9,12.5,0.393,1.6,1.8,0.909,43.0,1.0,674.0,0.5,3.0,15.5,324.0,1.4,1.0,3.3,1.2,2.5,0.471,5.5,14.6,0.38,2.6,,0.9,3.8,120.0,0.556,6.7,17.1,0.393,2.2,2.4,0.909,43.0,1.0,674.0,0.7,114.0,4.1,21.2,324.0,1.9,1.3,4.5,0.855,7.2,,1.7,-1.4,-0.6,8.8,0.4,0.141,43.0,1.0,674.0,-0.8,1.5,0.5,11.6,324.0,1.9,6.8,5.1,0.583,17.4,0.1,0.9,0.061,,5,24,5,11,43,1,2,8,83,674,0.7,-7.6,35,54,0,12,0,324,9,3,1.0,0.0,,0.333,0.225,23.8,3.0,0.017,0.393,0.6,0.0,0.333,0.471,0.444,0.38,43.0,1.0,674.0,0.938,0.961,0.064,0.004,0.038,0.145,0.038,0.855,324.0,4.2,1.7,,43.0,1.0,86.0,216.0,104.0,102.0,83.0,116.0,58.0,101.0,674.0,324.0,0.471,0.855,0.38,0.556,0.393,0.909,0.141,0.583,,,,,,,,,,,,,,,,,,,,,,,,,,,,,,,,,,,,,,,,,,,,,,,,,,,,,,,,,,,,,,,,,,,,,,,,,,,,,,,,,,,,,,,,,,,,,,,,,,,,,,,,,,,,,,,,,,,,,,,,,,,,,,,,,,,,,,,,,,,,,,,,,,,,,,,,,,,,,,,,,,,,,,,,,,,,,,,,,,,,,,,,,,,,,,,,,,,,,,,,,,,,,
wilsoja03,Jalen Wilson,https://www.basketball-reference.com/players/w/wilsoja03.html,2023-24,2024,23.0,BRK,PF,PF,65.0,PF,43.0,3.0,664.0,52.0,105.0,0.495,24.0,74.0,0.324,45.0,,4.0,84.0,0.492,76.0,179.0,0.425,38.0,46.0,0.826,47.0,48.0,214.0,336.0,11.0,19.0,131.0,0.0,1.2,2.4,0.495,0.6,1.7,0.324,1.0,,0.1,2.0,0.492,1.8,4.2,0.425,0.9,1.1,0.826,43.0,3.0,15.4,1.1,1.1,5.0,349.0,0.3,0.4,3.0,2.8,5.7,0.495,1.3,4.0,0.324,2.4,,0.2,4.6,0.492,4.1,9.7,0.425,2.1,2.5,0.826,43.0,3.0,664.0,2.5,2.6,11.6,326.0,0.6,1.0,7.1,3.9,7.8,0.495,1.8,5.5,0.324,3.4,,0.3,6.3,119.0,0.492,5.7,13.4,0.425,2.8,3.4,0.826,43.0,3.0,664.0,3.5,118.0,3.6,16.0,326.0,0.8,1.4,9.8,0.413,9.3,,0.5,-2.9,-1.1,14.2,0.4,0.257,43.0,3.0,664.0,-1.8,7.5,0.6,10.8,326.0,0.8,8.7,10.8,0.537,14.3,-0.2,1.1,0.077,,4,29,2,17,43,3,5,11,108,664,3.8,0.2,5,48,0,38,8,326,3,8,2.0,0.0,,0.379,0.392,14.0,0.0,0.0,0.425,0.683,0.4,0.5,0.495,0.356,0.324,43.0,3.0,664.0,0.615,1.0,0.229,0.084,0.022,0.587,0.251,0.413,326.0,-19.7,-17.1,,43.0,3.0,91.0,105.0,89.0,90.0,90.0,105.0,105.0,93.0,664.0,326.0,0.495,0.413,0.324,0.492,0.425,0.826,0.257,0.537,,,,,,,,,,,,,,,,,,,,,,,,,,,,,,,,,,,,,,,,,,,,,,,,,,,,,,,,,,,,,,,,,,,,,,,,,,,,,,,,,,,,,,,,,,,,,,,,,,,,,,,,,,,,,,,,,,,,,,,,,,,,,,,,,,,,,,,,,,,,,,,,,,,,,,,,,,,,,,,,,,,,,,,,,,,,,,,,,,,,,,,,,,,,,,,,,,,,,,,,,,,,,
stevela01,Lamar Stevens,https://www.basketball-reference.com/players/s/stevela01.html,2023-24,2024,26.0,2TM,PF,PF,66.0,PF,38.0,3.0,559.0,94.0,194.0,0.485,14.0,46.0,0.304,28.0,,22.0,91.0,0.479,108.0,240.0,0.45,42.0,54.0,0.778,36.0,45.0,272.0,305.0,23.0,24.0,127.0,0.0,2.5,5.1,0.485,0.4,1.2,0.304,0.7,,0.6,2.4,0.479,2.8,6.3,0.45,1.1,1.4,0.778,38.0,3.0,14.7,0.9,1.2,7.2,247.0,0.6,0.6,3.3,6.1,12.5,0.485,0.9,3.0,0.304,1.8,,1.4,5.9,0.479,7.0,15.5,0.45,2.7,3.5,0.778,38.0,3.0,559.0,2.3,2.9,17.5,348.0,1.5,1.5,8.2,8.2,17.0,0.485,1.2,4.0,0.304,2.5,,1.9,8.0,111.0,0.479,9.5,21.0,0.45,3.7,4.7,0.778,38.0,3.0,559.0,3.2,106.0,3.9,23.8,348.0,2.0,2.1,11.1,0.192,7.9,,3.6,-2.2,-0.1,18.2,0.8,0.225,38.0,3.0,559.0,-2.2,6.9,0.0,14.6,348.0,2.0,8.3,12.4,0.516,22.2,0.0,0.8,0.068,,2,24,2,26,38,3,8,21,66,559,4.9,1.0,7,32,0,31,30,348,11,10,1.0,0.0,,0.231,0.565,9.8,21.0,0.1,0.45,0.622,0.4,0.353,0.485,0.414,0.304,38.0,3.0,559.0,0.543,1.0,0.308,0.188,0.071,0.808,0.242,0.192,348.0,-32.3,-33.9,,38.0,3.0,89.0,49.0,83.0,88.0,95.0,99.0,92.0,89.0,559.0,348.0,0.485,0.192,0.304,0.479,0.45,0.778,0.225,0.516,,,,,,,,,,,,,,,,,,,,,,,,,,,,,,,,,,,,,,,,,,,,,,,,,,,,,,,,,,,,,,,,,,,,,,,,,,,,,,,,,,,,,,,,,,,,,,,,,,,,,,,,,,,,,,,,,,,,,,,,,,,,,,,,,,,,,,,,,,,,,,,,,,,,,,,,,,,,,,,,,,,,,,,,,,,,,,,,,,,,,,,,,,,,,,,,,,,,,,,,,,,,,
mcdanja01,Jalen McDaniels,https://www.basketball-reference.com/players/m/mcdanja01.html,2023-24,2024,26.0,TOR,SF,PF,67.0,PF,50.0,1.0,538.0,53.0,118.0,0.449,12.0,71.0,0.169,37.0,,6.0,61.0,0.376,65.0,189.0,0.344,27.0,37.0,0.73,18.0,52.0,169.0,360.0,19.0,30.0,79.0,0.0,1.1,2.4,0.449,0.2,1.4,0.169,0.7,,0.1,1.2,0.376,1.3,3.8,0.344,0.5,0.7,0.73,50.0,1.0,10.8,0.4,1.0,3.4,433.0,0.4,0.6,1.6,3.5,7.9,0.449,0.8,4.8,0.169,2.5,,0.4,4.1,0.376,4.3,12.6,0.344,1.8,2.5,0.73,50.0,1.0,538.0,1.2,3.5,11.3,355.0,1.3,2.0,5.3,4.8,10.6,0.449,1.1,6.4,0.169,3.3,,0.5,5.5,120.0,0.376,5.8,17.0,0.344,2.4,3.3,0.73,50.0,1.0,538.0,1.6,86.0,4.7,15.2,355.0,1.7,2.7,7.1,0.376,9.1,,1.0,-9.0,-1.8,12.7,0.3,0.196,50.0,1.0,538.0,-7.2,3.6,-1.1,5.0,355.0,1.7,12.8,8.1,0.412,18.7,-1.0,-0.8,-0.074,,3,25,2,19,50,1,5,18,90,538,-9.2,-14.4,12,66,0,19,2,355,14,11,0.0,0.0,,0.286,0.296,12.9,7.0,0.042,0.344,0.553,0.25,0.0,0.449,0.453,0.169,50.0,1.0,538.0,0.679,0.917,0.201,0.063,0.021,0.624,0.339,0.376,355.0,-64.6,-69.1,,50.0,1.0,82.0,95.0,46.0,69.0,73.0,93.0,80.0,71.0,538.0,355.0,0.449,0.376,0.169,0.376,0.344,0.73,0.196,0.412,,,,,,,,,,,,,,,,,,,,,,,,,,,,,,,,,,,,,,,,,,,,,,,,,,,,,,,,,,,,,,,,,,,,,,,,,,,,,,,,,,,,,,,,,,,,,,,,,,,,,,,,,,,,,,,,,,,,,,,,,,,,,,,,,,,,,,,,,,,,,,,,,,,,,,,,,,,,,,,,,,,,,,,,,,,,,,,,,,,,,,,,,,,,,,,,,,,,,,,,,,,,,
vezenal01,Sasha Vezenkov,https://www.basketball-reference.com/players/v/vezenal01.html,2023-24,2024,28.0,SAC,PF,PF,68.0,PF,42.0,0.0,511.0,39.0,71.0,0.549,45.0,120.0,0.375,19.0,,7.0,66.0,0.558,84.0,191.0,0.44,12.0,15.0,0.8,30.0,42.0,225.0,327.0,20.0,12.0,96.0,0.0,0.9,1.7,0.549,1.1,2.9,0.375,0.5,,0.2,1.6,0.558,2.0,4.5,0.44,0.3,0.4,0.8,42.0,0.0,12.2,0.7,1.0,5.4,325.0,0.5,0.3,2.3,2.7,5.0,0.549,3.2,8.5,0.375,1.3,,0.5,4.6,0.558,5.9,13.5,0.44,0.8,1.1,0.8,42.0,0.0,511.0,2.1,3.0,15.9,357.0,1.4,0.8,6.8,3.7,6.7,0.549,4.3,11.4,0.375,1.8,,0.7,6.3,115.0,0.558,8.0,18.2,0.44,1.1,1.4,0.8,42.0,0.0,511.0,2.9,117.0,4.0,21.4,357.0,1.9,1.1,9.1,0.628,5.1,,1.3,-0.9,-0.7,14.8,0.5,0.079,42.0,0.0,511.0,-0.2,6.4,0.5,13.3,357.0,1.9,5.7,10.5,0.569,17.5,0.1,1.0,0.098,,2,16,2,7,42,0,1,9,49,511,-0.7,0.7,6,64,0,30,0,357,4,4,1.0,0.0,,0.432,0.308,17.7,1.0,0.005,0.44,0.763,0.0,0.5,0.549,0.333,0.375,42.0,0.0,511.0,0.795,0.978,0.199,0.021,0.01,0.372,0.141,0.628,357.0,4.2,-4.2,,42.0,0.0,101.0,159.0,103.0,102.0,93.0,102.0,32.0,98.0,511.0,357.0,0.549,0.628,0.375,0.558,0.44,0.8,0.079,0.569,,,,,,,,,,,,,,,,,,,,,,,,,,,,,,,,,,,,,,,,,,,,,,,,,,,,,,,,,,,,,,,,,,,,,,,,,,,,,,,,,,,,,,,,,,,,,,,,,,,,,,,,,,,,,,,,,,,,,,,,,,,,,,,,,,,,,,,,,,,,,,,,,,,,,,,,,,,,,,,,,,,,,,,,,,,,,,,,,,,,,,,,,,,,,,,,,,,,,,,,,,,,,
baldwpa01,Patrick Baldwin Jr.,https://www.basketball-reference.com/players/b/baldwpa01.html,2023-24,2024,21.0,WAS,SF,PF,69.0,PF,38.0,7.0,493.0,28.0,58.0,0.483,31.0,97.0,0.32,29.0,,15.0,106.0,0.481,59.0,155.0,0.381,19.0,28.0,0.679,17.0,56.0,168.0,361.0,18.0,19.0,123.0,0.0,0.7,1.5,0.483,0.8,2.6,0.32,0.8,,0.4,2.8,0.481,1.6,4.1,0.381,0.5,0.7,0.679,38.0,7.0,13.0,0.4,1.5,4.4,369.0,0.5,0.5,3.2,2.0,4.2,0.483,2.3,7.1,0.32,2.1,,1.1,7.7,0.481,4.3,11.3,0.381,1.4,2.0,0.679,38.0,7.0,493.0,1.2,4.1,12.3,361.0,1.3,1.4,9.0,2.7,5.5,0.483,2.9,9.2,0.32,2.8,,1.4,10.1,116.0,0.481,5.6,14.7,0.381,1.8,2.7,0.679,38.0,7.0,493.0,1.6,100.0,5.3,15.9,361.0,1.7,1.8,11.7,0.626,7.6,,2.5,-4.6,-0.6,23.5,0.5,0.181,38.0,7.0,493.0,-4.0,3.6,-0.3,9.7,361.0,1.7,10.2,13.3,0.502,15.9,-0.3,0.2,0.019,,4,37,2,15,38,7,8,4,74,493,7.2,-2.9,33,61,0,6,0,361,6,7,0.0,0.0,,0.375,0.165,18.0,9.0,0.058,0.381,0.676,0.25,0.0,0.483,0.267,0.32,38.0,7.0,493.0,0.714,1.0,0.219,0.026,0.032,0.374,0.097,0.626,361.0,-20.4,-26.1,,38.0,7.0,89.0,158.0,87.0,88.0,80.0,87.0,74.0,87.0,493.0,361.0,0.483,0.626,0.32,0.481,0.381,0.679,0.181,0.502,,,,,,,,,,,,,,,,,,,,,,,,,,,,,,,,,,,,,,,,,,,,,,,,,,,,,,,,,,,,,,,,,,,,,,,,,,,,,,,,,,,,,,,,,,,,,,,,,,,,,,,,,,,,,,,,,,,,,,,,,,,,,,,,,,,,,,,,,,,,,,,,,,,,,,,,,,,,,,,,,,,,,,,,,,,,,,,,,,,,,,,,,,,,,,,,,,,,,,,,,,,,,
easonta01,Tari Eason,https://www.basketball-reference.com/players/e/easonta01.html,2023-24,2024,22.0,HOU,PF,PF,70.0,PF,22.0,0.0,480.0,70.0,139.0,0.504,18.0,50.0,0.36,27.0,,19.0,107.0,0.513,88.0,189.0,0.466,21.0,33.0,0.636,46.0,51.0,215.0,335.0,31.0,20.0,153.0,0.0,3.2,6.3,0.504,0.8,2.3,0.36,1.2,,0.9,4.9,0.513,4.0,8.6,0.466,1.0,1.5,0.636,22.0,0.0,21.8,2.1,2.3,9.8,189.0,1.4,0.9,7.0,5.2,10.4,0.504,1.4,3.7,0.36,2.0,,1.4,8.0,0.513,6.6,14.2,0.466,1.6,2.5,0.636,22.0,0.0,480.0,3.4,3.8,16.1,364.0,2.3,1.5,11.5,7.1,14.0,0.504,1.8,5.1,0.36,2.7,,1.9,10.8,106.0,0.513,8.9,19.1,0.466,2.1,3.3,0.636,22.0,0.0,480.0,4.6,111.0,5.2,21.7,364.0,3.1,2.0,15.5,0.265,8.3,,3.6,1.6,2.0,24.2,1.0,0.175,22.0,0.0,480.0,-0.4,10.2,0.3,17.1,364.0,3.1,8.9,17.1,0.528,19.8,0.4,1.3,0.125,,2,31,2,16,22,0,5,17,65,480,10.9,10.7,0,59,0,40,1,364,9,3,0.0,0.0,,0.267,0.3,9.9,20.0,0.122,0.466,0.561,0.462,0.556,0.504,0.371,0.36,22.0,0.0,480.0,0.471,1.0,0.434,0.069,0.048,0.735,0.185,0.265,364.0,-12.6,-21.1,,22.0,0.0,92.0,67.0,98.0,94.0,98.0,81.0,71.0,91.0,480.0,364.0,0.504,0.265,0.36,0.513,0.466,0.636,0.175,0.528,,,,,,,,,,,,,,,,,,,,,,,,,,,,,,,,,,,,,,,,,,,,,,,,,,,,,,,,,,,,,,,,,,,,,,,,,,,,,,,,,,,,,,,,,,,,,,,,,,,,,,,,,,,,,,,,,,,,,,,,,,,,,,,,,,,,,,,,,,,,,,,,,,,,,,,,,,,,,,,,,,,,,,,,,,,,,,,,,,,,,,,,,,,,,,,,,,,,,,,,,,,,,
bolbo01,Bol Bol,https://www.basketball-reference.com/players/b/bolbo01.html,2023-24,2024,24.0,PHO,PF,PF,71.0,PF,43.0,0.0,469.0,71.0,99.0,0.717,22.0,52.0,0.423,17.0,,25.0,105.0,0.689,93.0,151.0,0.616,15.0,19.0,0.789,32.0,42.0,223.0,329.0,10.0,19.0,137.0,0.0,1.7,2.3,0.717,0.5,1.2,0.423,0.4,,0.6,2.4,0.689,2.2,3.5,0.616,0.3,0.4,0.789,43.0,0.0,10.9,0.7,1.0,5.2,335.0,0.2,0.4,3.2,5.4,7.6,0.717,1.7,4.0,0.423,1.3,,1.9,8.1,0.689,7.1,11.6,0.616,1.2,1.5,0.789,43.0,0.0,469.0,2.5,3.2,17.1,366.0,0.8,1.5,10.5,7.4,10.3,0.717,2.3,5.4,0.423,1.8,,2.6,10.9,112.0,0.689,9.7,15.7,0.616,1.6,2.0,0.789,43.0,0.0,469.0,3.3,130.0,4.4,23.2,366.0,1.0,2.0,14.3,0.344,5.3,,4.7,2.1,0.8,24.1,0.7,0.126,43.0,0.0,469.0,1.4,8.1,1.0,18.7,366.0,1.0,10.7,16.5,0.7,16.5,0.5,1.6,0.168,,0,29,0,9,43,0,5,3,41,469,-0.7,2.7,20,79,0,1,0,366,7,8,0.0,0.0,,0.419,0.596,13.4,15.0,0.106,0.616,0.929,0.591,0.5,0.717,0.683,0.423,43.0,0.0,469.0,0.789,1.0,0.185,0.146,0.053,0.656,0.272,0.344,366.0,42.9,38.1,,43.0,0.0,132.0,87.0,116.0,126.0,130.0,101.0,52.0,121.0,469.0,366.0,0.717,0.344,0.423,0.689,0.616,0.789,0.126,0.7,,3.0,0.0,61.0,0.0,,61.0,70.0,,0.0,57.0,13.0,182.0,0.333,0.0,,0.333,0.333,,0.0,0.333,0.0,0.0,,0.0,-6.8,-1.2,37.9,0.0,0.0,3.0,0.0,13.0,-5.6,0.0,0.0,5.6,182.0,3.9,0.0,18.8,0.333,10.8,0.0,0.0,-0.044,,0.0,1.0,0.0,0.0,3.0,0.0,0.0,0.0,0.0,13.0,4.8,-11.5,31.0,69.0,0.0,0.0,0.0,182.0,0.0,0.0,3.9,11.8,0.333,0.0,0.0,,0.0,,0.0,15.8,113.0,0.333,3.9,11.8,0.333,0.0,0.0,,3.0,0.0,13.0,0.0,69.0,7.9,7.9,182.0,3.9,0.0,15.8,2.8,8.3,0.333,0.0,0.0,,0.0,,0.0,11.1,0.333,2.8,8.3,0.333,0.0,0.0,,3.0,0.0,13.0,0.0,5.5,5.5,182.0,2.8,0.0,11.1,0.3,1.0,0.333,0.0,0.0,,0.0,,0.0,1.3,0.333,0.3,1.0,0.333,0.0,0.0,,3.0,0.0,4.3,0.0,0.7,0.7,188.0,0.3,0.0,1.3,0.0,0.0,,,,4.0,1.0,0.333,0.333,0.5,,,0.333,0.0,,3.0,0.0,13.0,1.0,,0.667,0.0,0.0,1.0,0.333,0.0,182.0,1.0,3.0,0.333,0.0,0.0,,0.0,,0.0,4.0,0.333,1.0,3.0,0.333,0.0,0.0,,3.0,0.0,13.0,0.0,2.0,2.0,189.0,1.0,0.0,4.0,0.0
liveris01,Isaiah Livers,https://www.basketball-reference.com/players/l/liveris01.html,2023-24,2024,25.0,DET,PF,PF,71.0,PF,23.0,6.0,469.0,18.0,39.0,0.462,22.0,77.0,0.286,25.0,,5.0,33.0,0.44,40.0,116.0,0.345,12.0,18.0,0.667,15.0,43.0,114.0,400.0,13.0,16.0,48.0,0.0,0.8,1.7,0.462,1.0,3.3,0.286,1.1,,0.2,1.4,0.44,1.7,5.0,0.345,0.5,0.8,0.667,23.0,6.0,20.4,0.7,1.9,5.0,346.0,0.6,0.7,2.1,1.4,3.0,0.462,1.7,5.9,0.286,1.9,,0.4,2.5,0.44,3.1,8.9,0.345,0.9,1.4,0.667,23.0,6.0,469.0,1.2,3.3,8.8,367.0,1.0,1.2,3.7,1.8,4.0,0.462,2.3,7.9,0.286,2.6,,0.5,3.4,121.0,0.44,4.1,11.9,0.345,1.2,1.8,0.667,23.0,6.0,469.0,1.5,96.0,4.4,11.7,367.0,1.3,1.6,4.9,0.664,7.0,,0.9,-6.5,-1.5,8.0,0.2,0.155,23.0,6.0,469.0,-5.0,3.5,-0.3,5.1,367.0,1.3,11.4,5.7,0.46,12.7,-0.5,-0.1,-0.015,,1,34,0,7,23,6,1,8,60,469,-11.0,-18.5,3,90,0,8,0,367,6,4,1.0,0.0,,0.286,0.364,19.2,4.0,0.034,0.345,0.667,0.0,0.333,0.462,0.3,0.286,23.0,6.0,469.0,0.778,1.0,0.155,0.017,0.078,0.336,0.086,0.664,367.0,-24.8,-29.7,,23.0,6.0,85.0,168.0,78.0,80.0,73.0,85.0,64.0,79.0,469.0,367.0,0.462,0.664,0.286,0.44,0.345,0.667,0.155,0.46,,,,,,,,,,,,,,,,,,,,,,,,,,,,,,,,,,,,,,,,,,,,,,,,,,,,,,,,,,,,,,,,,,,,,,,,,,,,,,,,,,,,,,,,,,,,,,,,,,,,,,,,,,,,,,,,,,,,,,,,,,,,,,,,,,,,,,,,,,,,,,,,,,,,,,,,,,,,,,,,,,,,,,,,,,,,,,,,,,,,,,,,,,,,,,,,,,,,,,,,,,,,,
mamuksa01,Sandro Mamukelashvili,https://www.basketball-reference.com/players/m/mamuksa01.html,2023-24,2024,24.0,SAS,C,PF,73.0,PF,46.0,5.0,451.0,54.0,91.0,0.593,19.0,64.0,0.297,49.0,,12.0,102.0,0.532,73.0,155.0,0.471,25.0,34.0,0.735,45.0,35.0,190.0,349.0,7.0,19.0,147.0,0.0,1.2,2.0,0.593,0.4,1.4,0.297,1.1,,0.3,2.2,0.532,1.6,3.4,0.471,0.5,0.7,0.735,46.0,5.0,9.8,1.0,0.8,4.1,392.0,0.2,0.4,3.2,4.3,7.3,0.593,1.5,5.1,0.297,3.9,,1.0,8.1,0.532,5.8,12.4,0.471,2.0,2.7,0.735,46.0,5.0,451.0,3.6,2.8,15.2,371.0,0.6,1.5,11.7,5.7,9.6,0.593,2.0,6.7,0.297,5.2,,1.3,10.7,116.0,0.532,7.7,16.3,0.471,2.6,3.6,0.735,46.0,5.0,451.0,4.7,119.0,3.7,20.0,371.0,0.7,2.0,15.5,0.413,15.4,,2.2,-0.5,-0.4,24.7,0.4,0.219,46.0,5.0,451.0,-0.1,10.7,0.6,15.8,371.0,0.7,10.1,17.6,0.559,17.7,0.2,1.0,0.11,,2,17,1,17,46,5,2,11,116,451,12.7,4.9,46,54,0,0,0,371,9,6,3.0,0.0,,0.263,0.297,13.4,10.0,0.077,0.471,0.66,0.429,1.0,0.593,0.515,0.297,46.0,5.0,451.0,0.611,1.0,0.323,0.045,0.006,0.587,0.213,0.413,371.0,-4.4,-7.2,,46.0,5.0,109.0,105.0,81.0,97.0,99.0,94.0,90.0,96.0,451.0,371.0,0.593,0.413,0.297,0.532,0.471,0.735,0.219,0.559,,,,,,,,,,,,,,,,,,,,,,,,,,,,,,,,,,,,,,,,,,,,,,,,,,,,,,,,,,,,,,,,,,,,,,,,,,,,,,,,,,,,,,,,,,,,,,,,,,,,,,,,,,,,,,,,,,,,,,,,,,,,,,,,,,,,,,,,,,,,,,,,,,,,,,,,,,,,,,,,,,,,,,,,,,,,,,,,,,,,,,,,,,,,,,,,,,,,,,,,,,,,,
samanlu01,Luka Šamanić,https://www.basketball-reference.com/players/s/samanlu01.html,2023-24,2024,24.0,UTA,PF,PF,74.0,PF,43.0,7.0,404.0,47.0,94.0,0.5,13.0,64.0,0.203,19.0,,7.0,80.0,0.421,60.0,158.0,0.38,44.0,56.0,0.786,22.0,32.0,177.0,354.0,5.0,28.0,102.0,0.0,1.1,2.2,0.5,0.3,1.5,0.203,0.4,,0.2,1.9,0.421,1.4,3.7,0.38,1.0,1.3,0.786,43.0,7.0,9.4,0.5,0.7,4.1,393.0,0.1,0.7,2.4,4.2,8.4,0.5,1.2,5.7,0.203,1.7,,0.6,7.1,0.421,5.3,14.1,0.38,3.9,5.0,0.786,43.0,7.0,404.0,2.0,2.9,15.8,384.0,0.4,2.5,9.1,5.6,11.2,0.5,1.6,7.6,0.203,2.3,,0.8,9.6,121.0,0.421,7.2,18.9,0.38,5.3,6.7,0.786,43.0,7.0,404.0,2.6,97.0,3.8,21.1,384.0,0.6,3.3,12.2,0.405,6.5,,1.5,-7.8,-2.9,21.6,0.2,0.354,43.0,7.0,404.0,-4.9,6.0,-0.4,8.9,384.0,0.6,13.3,13.9,0.485,21.8,-0.6,-0.2,-0.029,,5,21,1,28,43,7,10,17,44,404,-1.3,-6.1,35,59,0,6,0,384,8,11,0.0,0.0,,0.261,0.359,12.5,9.0,0.063,0.38,0.735,1.0,,0.5,0.356,0.203,43.0,7.0,404.0,0.681,1.0,0.215,0.006,0.0,0.595,0.373,0.405,384.0,-39.7,-34.9,,43.0,7.0,92.0,103.0,56.0,77.0,80.0,100.0,145.0,84.0,404.0,384.0,0.5,0.405,0.203,0.421,0.38,0.786,0.354,0.485,,,,,,,,,,,,,,,,,,,,,,,,,,,,,,,,,,,,,,,,,,,,,,,,,,,,,,,,,,,,,,,,,,,,,,,,,,,,,,,,,,,,,,,,,,,,,,,,,,,,,,,,,,,,,,,,,,,,,,,,,,,,,,,,,,,,,,,,,,,,,,,,,,,,,,,,,,,,,,,,,,,,,,,,,,,,,,,,,,,,,,,,,,,,,,,,,,,,,,,,,,,,,
brownko01,Kobe Brown,https://www.basketball-reference.com/players/b/brownko01.html,2023-24,2024,24.0,LAC,PF,PF,75.0,PF,44.0,0.0,394.0,23.0,42.0,0.548,14.0,48.0,0.292,25.0,,6.0,42.0,0.489,37.0,90.0,0.411,1.0,2.0,0.5,20.0,49.0,89.0,414.0,12.0,9.0,62.0,0.0,0.5,1.0,0.548,0.3,1.1,0.292,0.6,,0.1,1.0,0.489,0.8,2.0,0.411,0.0,0.0,0.5,44.0,0.0,9.0,0.5,1.1,2.0,497.0,0.3,0.2,1.4,2.1,3.8,0.548,1.3,4.4,0.292,2.3,,0.5,3.8,0.489,3.4,8.2,0.411,0.1,0.2,0.5,44.0,0.0,394.0,1.8,4.5,8.1,388.0,1.1,0.8,5.7,2.9,5.3,0.548,1.8,6.0,0.292,3.1,,0.8,5.3,117.0,0.489,4.6,11.3,0.411,0.1,0.3,0.5,44.0,0.0,394.0,2.5,111.0,6.1,11.2,388.0,1.5,1.1,7.8,0.533,8.1,,1.4,-3.8,0.2,11.6,0.3,0.022,44.0,0.0,394.0,-4.0,5.9,0.1,7.6,388.0,1.5,9.0,8.9,0.49,11.1,-0.2,0.5,0.055,,2,29,1,1,44,0,0,6,61,394,-14.3,-9.2,10,89,0,1,0,388,3,3,0.0,0.0,,0.214,0.292,15.5,7.0,0.078,0.411,0.654,0.2,1.0,0.548,0.4,0.292,44.0,0.0,394.0,0.652,1.0,0.289,0.056,0.011,0.467,0.111,0.533,388.0,-10.4,-16.4,,44.0,0.0,100.0,135.0,80.0,89.0,87.0,64.0,9.0,84.0,394.0,388.0,0.548,0.533,0.292,0.489,0.411,0.5,0.022,0.49,,3.0,0.0,,,,,,,,,10.0,194.0,,,,,,,,,,0.0,,0.0,-4.7,-0.8,11.2,0.0,,3.0,0.0,10.0,-3.9,11.6,0.0,3.9,194.0,0.0,,11.4,,0.0,0.0,0.0,0.051,,0.0,1.0,0.0,0.0,3.0,0.0,0.0,0.0,0.0,10.0,17.2,8.8,26.0,74.0,0.0,0.0,0.0,194.0,0.0,0.0,0.0,0.0,,0.0,0.0,,0.0,,0.0,5.3,122.0,,0.0,0.0,,0.0,0.0,,3.0,0.0,10.0,5.3,228.0,5.3,0.0,194.0,0.0,0.0,10.6,0.0,0.0,,0.0,0.0,,0.0,,0.0,3.6,,0.0,0.0,,0.0,0.0,,3.0,0.0,10.0,3.6,3.6,0.0,194.0,0.0,0.0,7.2,0.0,0.0,,0.0,0.0,,0.0,,0.0,0.3,,0.0,0.0,,0.0,0.0,,3.0,0.0,3.3,0.3,0.3,0.0,200.0,0.0,0.0,0.7,0.0,0.0,,,,,0.0,,,,,,,,,3.0,0.0,10.0,,,,,,,,,194.0,0.0,0.0,,0.0,0.0,,0.0,,0.0,1.0,,0.0,0.0,,0.0,0.0,,3.0,0.0,10.0,1.0,1.0,0.0,200.0,0.0,0.0,2.0,0.0
omorueu01,Eugene Omoruyi,https://www.basketball-reference.com/players/o/omorueu01.html,2023-24,2024,26.0,WAS,SF,PF,76.0,PF,43.0,0.0,393.0,68.0,121.0,0.562,13.0,46.0,0.283,35.0,,5.0,50.0,0.524,81.0,167.0,0.485,32.0,49.0,0.653,35.0,62.0,207.0,341.0,27.0,21.0,85.0,0.0,1.6,2.8,0.562,0.3,1.1,0.283,0.8,,0.1,1.2,0.524,1.9,3.9,0.485,0.7,1.1,0.653,43.0,0.0,9.1,0.8,1.4,4.8,355.0,0.6,0.5,2.0,6.2,11.1,0.562,1.2,4.2,0.283,3.2,,0.5,4.6,0.524,7.4,15.3,0.485,2.9,4.5,0.653,43.0,0.0,393.0,3.2,5.7,19.0,390.0,2.5,1.9,7.8,8.1,14.4,0.562,1.5,5.5,0.283,4.2,,0.6,5.9,116.0,0.524,9.6,19.9,0.485,3.8,5.8,0.653,43.0,0.0,393.0,4.2,111.0,7.4,24.6,390.0,3.2,2.5,10.1,0.275,13.0,,1.0,-2.3,-0.4,13.9,0.4,0.293,43.0,0.0,393.0,-1.9,9.3,0.2,16.0,390.0,3.2,10.0,11.6,0.549,22.5,0.0,0.6,0.074,,5,29,9,27,43,0,7,17,76,393,-7.1,-15.6,12,66,0,22,0,390,10,4,0.0,0.0,,0.0,0.174,9.9,11.0,0.066,0.485,0.671,0.333,0.333,0.562,0.422,0.283,43.0,0.0,393.0,0.618,0.923,0.419,0.018,0.018,0.725,0.269,0.275,390.0,-7.5,-11.7,,43.0,0.0,103.0,70.0,77.0,96.0,102.0,83.0,120.0,95.0,393.0,390.0,0.562,0.275,0.283,0.524,0.485,0.653,0.293,0.549,,,,,,,,,,,,,,,,,,,,,,,,,,,,,,,,,,,,,,,,,,,,,,,,,,,,,,,,,,,,,,,,,,,,,,,,,,,,,,,,,,,,,,,,,,,,,,,,,,,,,,,,,,,,,,,,,,,,,,,,,,,,,,,,,,,,,,,,,,,,,,,,,,,,,,,,,,,,,,,,,,,,,,,,,,,,,,,,,,,,,,,,,,,,,,,,,,,,,,,,,,,,,
clownno01,Noah Clowney,https://www.basketball-reference.com/players/c/clownno01.html,2023-24,2024,19.0,BRK,PF,PF,77.0,PF,23.0,4.0,370.0,38.0,60.0,0.633,12.0,33.0,0.364,18.0,,16.0,55.0,0.602,50.0,93.0,0.538,21.0,30.0,0.7,26.0,25.0,133.0,387.0,8.0,15.0,81.0,0.0,1.7,2.6,0.633,0.5,1.4,0.364,0.8,,0.7,2.4,0.602,2.2,4.0,0.538,0.9,1.3,0.7,23.0,4.0,16.1,1.1,1.1,5.8,305.0,0.3,0.7,3.5,3.7,5.8,0.633,1.2,3.2,0.364,1.8,,1.6,5.4,0.602,4.9,9.0,0.538,2.0,2.9,0.7,23.0,4.0,370.0,2.5,2.4,12.9,394.0,0.8,1.5,7.9,5.1,8.0,0.633,1.6,4.4,0.364,2.4,,2.1,7.4,115.0,0.602,6.7,12.4,0.538,2.8,4.0,0.7,23.0,4.0,370.0,3.5,122.0,3.3,17.8,394.0,1.1,2.0,10.8,0.355,6.9,,3.9,-0.7,0.1,16.7,0.4,0.323,23.0,4.0,370.0,-0.8,7.5,0.5,14.2,394.0,1.1,12.4,12.0,0.626,14.2,0.1,0.9,0.111,,2,15,1,13,23,4,4,8,46,370,-3.4,-6.0,25,44,0,31,0,394,5,7,0.0,0.0,,0.45,0.606,10.5,11.0,0.118,0.538,0.795,1.0,,0.633,0.3,0.364,23.0,4.0,370.0,0.763,1.0,0.419,0.011,0.0,0.645,0.215,0.355,394.0,10.3,9.8,,23.0,4.0,116.0,90.0,99.0,110.0,113.0,89.0,132.0,108.0,370.0,394.0,0.633,0.355,0.364,0.602,0.538,0.7,0.323,0.626,,,,,,,,,,,,,,,,,,,,,,,,,,,,,,,,,,,,,,,,,,,,,,,,,,,,,,,,,,,,,,,,,,,,,,,,,,,,,,,,,,,,,,,,,,,,,,,,,,,,,,,,,,,,,,,,,,,,,,,,,,,,,,,,,,,,,,,,,,,,,,,,,,,,,,,,,,,,,,,,,,,,,,,,,,,,,,,,,,,,,,,,,,,,,,,,,,,,,,,,,,,,,
evbuoto01,Tosan Evbuomwan,https://www.basketball-reference.com/players/e/evbuoto01.html,2023-24,2024,22.0,2TM,SF,PF,78.0,PF,17.0,8.0,367.0,24.0,39.0,0.615,12.0,32.0,0.375,16.0,,5.0,42.0,0.592,36.0,71.0,0.507,17.0,25.0,0.68,18.0,23.0,101.0,405.0,6.0,9.0,60.0,0.0,1.4,2.3,0.615,0.7,1.9,0.375,0.9,,0.3,2.5,0.592,2.1,4.2,0.507,1.0,1.5,0.68,17.0,8.0,21.6,1.1,1.4,5.9,301.0,0.4,0.5,3.5,2.4,3.8,0.615,1.2,3.1,0.375,1.6,,0.5,4.1,0.592,3.5,7.0,0.507,1.7,2.5,0.68,17.0,8.0,367.0,1.8,2.3,9.9,395.0,0.6,0.9,5.9,3.2,5.1,0.615,1.6,4.2,0.375,2.1,,0.7,5.5,120.0,0.592,4.7,9.3,0.507,2.2,3.3,0.68,17.0,8.0,367.0,2.4,123.0,3.0,13.3,395.0,0.8,1.2,7.9,0.451,5.9,,1.2,-3.0,-0.7,13.0,0.2,0.352,17.0,8.0,367.0,-2.4,5.3,0.4,9.9,395.0,0.8,9.9,9.1,0.616,10.6,-0.1,0.5,0.071,,1,17,2,13,17,8,1,5,41,367,-8.0,-16.1,0,71,0,26,3,395,5,2,0.0,0.0,,0.435,0.719,13.2,1.0,0.014,0.507,0.722,,,0.615,0.524,0.375,17.0,8.0,367.0,0.833,1.0,0.254,0.0,0.0,0.549,0.296,0.451,395.0,6.4,5.9,,17.0,8.0,113.0,114.0,103.0,108.0,107.0,87.0,144.0,106.0,367.0,395.0,0.615,0.451,0.375,0.592,0.507,0.68,0.352,0.616,,,,,,,,,,,,,,,,,,,,,,,,,,,,,,,,,,,,,,,,,,,,,,,,,,,,,,,,,,,,,,,,,,,,,,,,,,,,,,,,,,,,,,,,,,,,,,,,,,,,,,,,,,,,,,,,,,,,,,,,,,,,,,,,,,,,,,,,,,,,,,,,,,,,,,,,,,,,,,,,,,,,,,,,,,,,,,,,,,,,,,,,,,,,,,,,,,,,,,,,,,,,,
diengou01,Ousmane Dieng,https://www.basketball-reference.com/players/d/diengou01.html,2023-24,2024,20.0,OKC,PF,PF,79.0,PF,33.0,0.0,365.0,28.0,46.0,0.609,21.0,70.0,0.3,37.0,,5.0,41.0,0.513,49.0,116.0,0.422,14.0,16.0,0.875,10.0,22.0,133.0,388.0,8.0,19.0,51.0,0.0,0.8,1.4,0.609,0.6,2.1,0.3,1.1,,0.2,1.2,0.513,1.5,3.5,0.422,0.4,0.5,0.875,33.0,0.0,11.1,0.3,0.7,4.0,397.0,0.2,0.6,1.5,2.8,4.5,0.609,2.1,6.9,0.3,3.6,,0.5,4.0,0.513,4.8,11.4,0.422,1.4,1.6,0.875,33.0,0.0,365.0,1.0,2.2,13.1,396.0,0.8,1.9,5.0,3.7,6.1,0.609,2.8,9.2,0.3,4.9,,0.7,5.4,115.0,0.513,6.5,15.3,0.422,1.8,2.1,0.875,33.0,0.0,365.0,1.3,107.0,2.9,17.5,396.0,1.1,2.5,6.7,0.603,12.9,,1.3,-3.0,-0.7,12.0,0.4,0.138,33.0,0.0,365.0,-2.3,3.2,0.0,10.1,396.0,1.1,13.4,7.8,0.54,16.9,-0.1,0.4,0.055,,1,13,1,8,33,0,2,3,93,365,-7.4,1.2,18,68,0,14,0,396,9,9,0.0,0.0,,0.5,0.314,17.5,13.0,0.112,0.422,0.818,0.4,0.75,0.609,0.333,0.3,33.0,0.0,365.0,0.857,1.0,0.19,0.043,0.034,0.397,0.129,0.603,396.0,-7.8,-9.7,,33.0,0.0,112.0,153.0,82.0,94.0,89.0,112.0,56.0,93.0,365.0,396.0,0.609,0.603,0.3,0.513,0.422,0.875,0.138,0.54,,4.0,0.0,183.0,127.0,0.0,91.0,105.0,,0.0,86.0,7.0,201.0,1.0,0.5,0.0,0.5,0.5,,0.0,0.5,0.5,0.0,,0.0,-4.8,-1.7,0.0,0.0,0.0,4.0,0.0,7.0,-3.1,0.0,0.0,5.4,201.0,0.0,0.0,0.0,0.5,13.0,0.0,0.0,0.021,,0.0,0.0,0.0,0.0,4.0,0.0,0.0,1.0,0.0,7.0,-23.1,-16.8,0.0,100.0,0.0,0.0,0.0,201.0,0.0,0.0,7.3,7.3,1.0,0.0,7.3,0.0,0.0,,0.0,0.0,116.0,0.5,7.3,14.5,0.5,0.0,0.0,,4.0,0.0,7.0,0.0,100.0,0.0,14.5,201.0,0.0,0.0,0.0,5.1,5.1,1.0,0.0,5.1,0.0,0.0,,0.0,0.0,0.5,5.1,10.3,0.5,0.0,0.0,,4.0,0.0,7.0,0.0,0.0,10.3,201.0,0.0,0.0,0.0,0.3,0.3,1.0,0.0,0.3,0.0,0.0,,0.0,0.0,0.5,0.3,0.5,0.5,0.0,0.0,,4.0,0.0,1.8,0.0,0.0,0.5,194.0,0.0,0.0,0.0,0.0,0.0,,,0.0,17.6,0.0,0.0,0.5,,,,1.0,1.0,0.0,4.0,0.0,7.0,1.0,,0.0,0.0,0.0,0.5,0.5,0.5,201.0,1.0,1.0,1.0,0.0,1.0,0.0,0.0,,0.0,0.0,0.5,1.0,2.0,0.5,0.0,0.0,,4.0,0.0,7.0,0.0,0.0,2.0,191.0,0.0,0.0,0.0,0.0
walkeja02,Jarace Walker,https://www.basketball-reference.com/players/w/walkeja02.html,2023-24,2024,20.0,IND,PF,PF,80.0,PF,33.0,0.0,340.0,23.0,55.0,0.418,22.0,55.0,0.4,40.0,,11.0,51.0,0.509,45.0,110.0,0.409,8.0,9.0,0.889,12.0,29.0,120.0,395.0,15.0,17.0,63.0,0.0,0.7,1.7,0.418,0.7,1.7,0.4,1.2,,0.3,1.5,0.509,1.4,3.3,0.409,0.2,0.3,0.889,33.0,0.0,10.3,0.4,0.9,3.6,421.0,0.5,0.5,1.9,2.4,5.8,0.418,2.3,5.8,0.4,4.2,,1.2,5.4,0.509,4.8,11.6,0.409,0.8,1.0,0.889,33.0,0.0,340.0,1.3,3.1,12.7,400.0,1.6,1.8,6.7,3.2,7.6,0.418,3.1,7.6,0.4,5.6,,1.5,7.1,116.0,0.509,6.2,15.3,0.409,1.1,1.2,0.889,33.0,0.0,340.0,1.7,109.0,4.0,16.7,400.0,2.1,2.4,8.7,0.5,13.9,,2.6,0.2,0.7,17.0,0.3,0.082,33.0,0.0,340.0,-0.5,4.0,0.1,11.8,400.0,2.1,13.0,10.5,0.527,16.1,0.2,0.4,0.058,,0,17,2,3,33,0,1,1,89,340,0.4,3.3,7,67,0,27,0,400,12,5,0.0,0.0,,0.3,0.182,17.4,4.0,0.036,0.409,0.5,0.556,0.385,0.418,0.267,0.4,33.0,0.0,340.0,0.565,0.818,0.164,0.082,0.118,0.5,0.136,0.5,400.0,-8.2,-12.2,,33.0,0.0,77.0,127.0,109.0,93.0,86.0,113.0,33.0,91.0,340.0,400.0,0.418,0.5,0.4,0.509,0.409,0.889,0.082,0.527,,9.0,0.0,79.0,76.0,0.0,55.0,63.0,85.0,123.0,61.0,31.0,160.0,0.429,0.3,0.0,0.3,0.3,0.667,0.3,0.353,0.3,15.6,,3.0,-10.9,-0.8,11.1,0.0,0.3,9.0,0.0,31.0,-10.1,3.9,-0.2,0.6,160.0,3.3,34.6,7.6,0.353,25.3,-0.1,-0.2,-0.262,,0.0,1.0,0.0,2.0,9.0,0.0,1.0,0.0,8.0,31.0,-33.9,-31.6,0.0,29.0,0.0,71.0,0.0,160.0,4.0,2.0,5.0,11.6,0.429,0.0,5.0,0.0,6.6,,1.7,5.0,115.0,0.3,5.0,16.5,0.3,3.3,5.0,0.667,9.0,0.0,31.0,1.7,63.0,3.3,13.2,160.0,3.3,9.9,6.6,3.5,8.1,0.429,0.0,3.5,0.0,4.6,,1.2,3.5,0.3,3.5,11.6,0.3,2.3,3.5,0.667,9.0,0.0,31.0,1.2,2.3,9.3,160.0,2.3,7.0,4.6,0.3,0.8,0.429,0.0,0.3,0.0,0.4,,0.1,0.3,0.3,0.3,1.1,0.3,0.2,0.3,0.667,9.0,0.0,3.4,0.1,0.2,0.9,186.0,0.2,0.7,0.4,0.0,0.0,,,0.0,19.8,0.0,0.0,0.3,,1.0,0.2,0.429,,0.0,9.0,0.0,31.0,0.333,,0.0,0.2,0.5,0.7,0.0,0.3,160.0,3.0,7.0,0.429,0.0,3.0,0.0,4.0,,1.0,3.0,0.3,3.0,10.0,0.3,2.0,3.0,0.667,9.0,0.0,31.0,1.0,2.0,8.0,161.0,2.0,6.0,4.0,0.0
prospol01,Olivier-Maxence Prosper,https://www.basketball-reference.com/players/p/prospol01.html,2023-24,2024,21.0,DAL,PF,PF,81.0,PF,40.0,1.0,336.0,27.0,59.0,0.458,13.0,45.0,0.289,22.0,,4.0,54.0,0.447,40.0,104.0,0.385,28.0,41.0,0.683,25.0,20.0,121.0,393.0,7.0,8.0,79.0,0.0,0.7,1.5,0.458,0.3,1.1,0.289,0.6,,0.1,1.4,0.447,1.0,2.6,0.385,0.7,1.0,0.683,40.0,1.0,8.4,0.6,0.5,3.0,455.0,0.2,0.2,2.0,2.9,6.3,0.458,1.4,4.8,0.289,2.4,,0.4,5.8,0.447,4.3,11.1,0.385,3.0,4.4,0.683,40.0,1.0,336.0,2.7,2.1,13.0,402.0,0.7,0.9,8.5,3.9,8.4,0.458,1.9,6.4,0.289,3.1,,0.6,7.7,116.0,0.447,5.7,14.8,0.385,4.0,5.9,0.683,40.0,1.0,336.0,3.6,113.0,2.9,17.3,402.0,1.0,1.1,11.3,0.433,8.4,,1.0,-2.9,-1.3,17.5,0.3,0.394,40.0,1.0,336.0,-1.7,8.2,0.2,11.6,402.0,1.0,6.2,12.8,0.496,16.6,-0.1,0.5,0.076,,1,12,3,19,40,1,3,6,56,336,-15.7,-12.2,12,78,0,10,0,402,3,3,0.0,0.0,,0.25,0.533,12.8,13.0,0.125,0.385,0.595,0.0,0.5,0.458,0.214,0.289,40.0,1.0,336.0,0.704,1.0,0.356,0.038,0.038,0.567,0.135,0.433,402.0,-20.7,-20.6,,40.0,1.0,84.0,110.0,79.0,82.0,81.0,87.0,161.0,85.0,336.0,402.0,0.458,0.433,0.289,0.447,0.385,0.683,0.394,0.496,,3.0,0.0,0.0,0.0,,0.0,0.0,,0.0,0.0,9.0,198.0,0.0,0.0,,0.0,0.0,,0.0,0.0,0.0,13.7,,0.0,-6.6,0.9,37.9,0.0,0.0,3.0,0.0,9.0,-7.5,0.0,0.0,-1.1,198.0,0.0,0.0,19.1,0.0,10.1,0.0,0.0,-0.121,,0.0,0.0,0.0,0.0,3.0,0.0,0.0,1.0,2.0,9.0,-41.5,-37.5,0.0,100.0,0.0,0.0,0.0,198.0,0.0,0.0,0.0,11.6,0.0,0.0,0.0,,5.8,,0.0,17.3,110.0,0.0,0.0,11.6,0.0,0.0,0.0,,3.0,0.0,9.0,0.0,34.0,0.0,0.0,198.0,0.0,0.0,17.3,0.0,8.0,0.0,0.0,0.0,,4.0,,0.0,12.0,0.0,0.0,8.0,0.0,0.0,0.0,,3.0,0.0,9.0,0.0,0.0,0.0,198.0,0.0,0.0,12.0,0.0,0.7,0.0,0.0,0.0,,0.3,,0.0,1.0,0.0,0.0,0.7,0.0,0.0,0.0,,3.0,0.0,3.0,0.0,0.0,0.0,207.0,0.0,0.0,1.0,0.0,0.0,,,,8.3,0.0,0.0,0.0,,0.0,,0.0,0.0,,3.0,0.0,9.0,,,0.0,0.5,0.0,1.0,0.5,0.0,198.0,0.0,2.0,0.0,0.0,0.0,,1.0,,0.0,3.0,0.0,0.0,2.0,0.0,0.0,0.0,,3.0,0.0,9.0,0.0,0.0,0.0,207.0,0.0,0.0,3.0,0.0
robinje02,Jeremiah Robinson-Earl,https://www.basketball-reference.com/players/r/robinje02.html,2023-24,2024,23.0,NOP,PF,PF,82.0,PF,39.0,1.0,334.0,32.0,56.0,0.571,13.0,39.0,0.333,21.0,,4.0,53.0,0.542,45.0,95.0,0.474,12.0,16.0,0.75,23.0,24.0,115.0,398.0,10.0,16.0,76.0,0.0,0.8,1.4,0.571,0.3,1.0,0.333,0.5,,0.1,1.4,0.542,1.2,2.4,0.474,0.3,0.4,0.75,39.0,1.0,8.6,0.6,0.6,2.9,457.0,0.3,0.4,1.9,3.4,6.0,0.571,1.4,4.2,0.333,2.3,,0.4,5.7,0.542,4.9,10.2,0.474,1.3,1.7,0.75,39.0,1.0,334.0,2.5,2.6,12.4,403.0,1.1,1.7,8.2,4.7,8.2,0.571,1.9,5.7,0.333,3.1,,0.6,7.8,113.0,0.542,6.6,13.9,0.474,1.8,2.3,0.75,39.0,1.0,334.0,3.4,112.0,3.5,16.9,403.0,1.5,2.3,11.2,0.411,8.4,,1.2,-2.2,-0.3,17.5,0.4,0.168,39.0,1.0,334.0,-1.9,7.8,0.2,11.8,403.0,1.5,13.6,12.7,0.564,15.4,0.0,0.6,0.086,,0,12,2,9,39,1,2,3,49,334,-6.1,-0.9,45,55,0,0,0,403,9,6,0.0,0.0,,0.4,0.513,13.0,7.0,0.084,0.474,0.63,0.833,0.0,0.571,0.5,0.333,39.0,1.0,334.0,0.75,1.0,0.284,0.063,0.032,0.589,0.211,0.411,403.0,-0.8,-3.4,,39.0,1.0,105.0,104.0,91.0,99.0,100.0,96.0,69.0,97.0,334.0,403.0,0.571,0.411,0.333,0.542,0.474,0.75,0.168,0.564,,1.0,0.0,92.0,0.0,,91.0,105.0,0.0,409.0,60.0,5.0,206.0,0.5,0.0,,0.5,0.5,0.0,1.0,0.347,0.0,40.2,,0.0,-0.1,-4.5,0.0,0.0,1.0,1.0,0.0,5.0,4.4,20.1,0.0,14.0,206.0,0.0,0.0,10.8,0.347,25.2,0.0,0.0,-0.066,,0.0,0.0,0.0,0.0,1.0,0.0,0.0,1.0,2.0,5.0,-2.4,-20.0,100.0,0.0,0.0,0.0,0.0,206.0,0.0,0.0,10.2,20.4,0.5,0.0,0.0,,10.2,,0.0,0.0,121.0,0.5,10.2,20.4,0.5,0.0,20.4,0.0,1.0,0.0,5.0,10.2,95.0,0.0,20.4,206.0,0.0,0.0,10.2,7.2,14.4,0.5,0.0,0.0,,7.2,,0.0,0.0,0.5,7.2,14.4,0.5,0.0,14.4,0.0,1.0,0.0,5.0,7.2,0.0,14.4,206.0,0.0,0.0,7.2,1.0,2.0,0.5,0.0,0.0,,1.0,,0.0,0.0,0.5,1.0,2.0,0.5,0.0,2.0,0.0,1.0,0.0,5.0,1.0,0.0,2.0,158.0,0.0,0.0,1.0,0.0,0.0,,,,2.0,1.0,0.5,0.5,0.5,,,0.5,,,1.0,0.0,5.0,1.0,,1.0,0.0,0.0,1.0,0.0,0.0,206.0,1.0,2.0,0.5,0.0,0.0,,1.0,,0.0,0.0,0.5,1.0,2.0,0.5,0.0,2.0,0.0,1.0,0.0,5.0,1.0,0.0,2.0,193.0,0.0,0.0,1.0,0.0
phillju01,Julian Phillips,https://www.basketball-reference.com/players/p/phillju01.html,2023-24,2024,20.0,CHI,SF,PF,83.0,PF,40.0,0.0,323.0,20.0,39.0,0.513,12.0,38.0,0.316,13.0,,7.0,24.0,0.494,32.0,77.0,0.416,13.0,19.0,0.684,12.0,40.0,89.0,416.0,7.0,10.0,36.0,0.0,0.5,1.0,0.513,0.3,1.0,0.316,0.3,,0.2,0.6,0.494,0.8,1.9,0.416,0.3,0.5,0.684,40.0,0.0,8.1,0.3,1.0,2.2,493.0,0.2,0.3,0.9,2.2,4.3,0.513,1.3,4.2,0.316,1.4,,0.8,2.7,0.494,3.6,8.6,0.416,1.4,2.1,0.684,40.0,0.0,323.0,1.3,4.5,9.9,405.0,0.8,1.1,4.0,3.1,6.0,0.513,1.9,5.9,0.316,2.0,,1.1,3.7,119.0,0.494,4.9,11.9,0.416,2.0,2.9,0.684,40.0,0.0,323.0,1.9,107.0,6.2,13.7,405.0,1.1,1.5,5.6,0.494,5.3,,2.2,-5.3,-0.6,8.5,0.2,0.247,40.0,0.0,323.0,-4.7,4.1,0.0,7.0,405.0,1.1,10.5,6.2,0.521,13.0,-0.3,0.2,0.031,,0,29,3,12,40,0,5,7,30,323,-1.2,-2.5,0,57,0,41,1,405,3,3,0.0,0.0,,0.455,0.579,13.6,4.0,0.091,0.416,0.467,1.0,0.5,0.513,0.667,0.316,40.0,0.0,323.0,0.75,1.0,0.39,0.013,0.026,0.506,0.078,0.494,405.0,-8.2,-10.0,,40.0,0.0,94.0,125.0,86.0,90.0,88.0,87.0,101.0,90.0,323.0,405.0,0.513,0.494,0.316,0.494,0.416,0.684,0.247,0.521,,,,,,,,,,,,,,,,,,,,,,,,,,,,,,,,,,,,,,,,,,,,,,,,,,,,,,,,,,,,,,,,,,,,,,,,,,,,,,,,,,,,,,,,,,,,,,,,,,,,,,,,,,,,,,,,,,,,,,,,,,,,,,,,,,,,,,,,,,,,,,,,,,,,,,,,,,,,,,,,,,,,,,,,,,,,,,,,,,,,,,,,,,,,,,,,,,,,,,,,,,,,,
blackle01,Leaky Black,https://www.basketball-reference.com/players/b/blackle01.html,2023-24,2024,24.0,CHO,SF,PF,84.0,PF,26.0,3.0,284.0,16.0,32.0,0.5,9.0,20.0,0.45,24.0,,11.0,39.0,0.567,25.0,52.0,0.481,10.0,15.0,0.667,9.0,19.0,69.0,433.0,8.0,6.0,48.0,0.0,0.6,1.2,0.5,0.3,0.8,0.45,0.9,,0.4,1.5,0.567,1.0,2.0,0.481,0.4,0.6,0.667,26.0,3.0,10.9,0.3,0.7,2.7,463.0,0.3,0.2,1.8,2.0,4.1,0.5,1.1,2.5,0.45,3.0,,1.4,4.9,0.567,3.2,6.6,0.481,1.3,1.9,0.667,26.0,3.0,284.0,1.1,2.4,8.7,418.0,1.0,0.8,6.1,2.8,5.6,0.5,1.6,3.5,0.45,4.2,,1.9,6.8,119.0,0.567,4.3,9.0,0.481,1.7,2.6,0.667,26.0,3.0,284.0,1.6,124.0,3.3,12.0,418.0,1.4,1.0,8.3,0.385,11.4,,3.6,-2.4,0.3,15.9,0.2,0.288,26.0,3.0,284.0,-2.6,3.5,0.3,11.5,418.0,1.4,9.3,9.5,0.589,10.1,0.0,0.5,0.084,,2,9,2,5,26,3,1,5,61,284,4.6,-6.3,0,54,0,45,0,418,3,1,0.0,0.0,,0.556,0.45,12.4,4.0,0.077,0.481,0.75,0.5,0.333,0.5,0.182,0.45,26.0,3.0,284.0,0.688,1.0,0.308,0.038,0.058,0.615,0.212,0.385,418.0,2.2,1.0,,26.0,3.0,92.0,97.0,123.0,104.0,101.0,85.0,118.0,102.0,284.0,418.0,0.5,0.385,0.45,0.567,0.481,0.667,0.288,0.589,,,,,,,,,,,,,,,,,,,,,,,,,,,,,,,,,,,,,,,,,,,,,,,,,,,,,,,,,,,,,,,,,,,,,,,,,,,,,,,,,,,,,,,,,,,,,,,,,,,,,,,,,,,,,,,,,,,,,,,,,,,,,,,,,,,,,,,,,,,,,,,,,,,,,,,,,,,,,,,,,,,,,,,,,,,,,,,,,,,,,,,,,,,,,,,,,,,,,,,,,,,,,
cainja01,Jamal Cain,https://www.basketball-reference.com/players/c/cainja01.html,2023-24,2024,24.0,MIA,PF,PF,85.0,PF,26.0,1.0,259.0,23.0,48.0,0.479,11.0,31.0,0.355,10.0,,5.0,22.0,0.5,34.0,79.0,0.43,18.0,23.0,0.783,15.0,22.0,97.0,408.0,10.0,8.0,37.0,0.0,0.9,1.8,0.479,0.4,1.2,0.355,0.4,,0.2,0.8,0.5,1.3,3.0,0.43,0.7,0.9,0.783,26.0,1.0,10.0,0.6,0.8,3.7,415.0,0.4,0.3,1.4,3.2,6.7,0.479,1.5,4.3,0.355,1.4,,0.7,3.1,0.5,4.7,11.0,0.43,2.5,3.2,0.783,26.0,1.0,259.0,2.1,3.1,13.5,424.0,1.4,1.1,5.1,4.4,9.2,0.479,2.1,6.0,0.355,1.9,,1.0,4.2,113.0,0.5,6.5,15.2,0.43,3.5,4.4,0.783,26.0,1.0,259.0,2.9,112.0,4.2,18.7,424.0,1.9,1.5,7.1,0.392,5.6,,1.9,-2.3,0.2,9.7,0.3,0.291,26.0,1.0,259.0,-2.5,6.5,0.1,11.5,424.0,1.9,8.2,8.1,0.544,16.7,0.0,0.5,0.089,,0,10,1,12,26,1,1,3,24,259,-6.8,-4.3,0,65,0,35,0,424,2,2,0.0,0.0,,0.278,0.581,13.2,5.0,0.076,0.43,0.647,0.375,0.667,0.479,0.35,0.355,26.0,1.0,259.0,0.652,0.727,0.215,0.101,0.038,0.608,0.253,0.392,424.0,-7.4,-6.4,,26.0,1.0,88.0,99.0,97.0,91.0,91.0,100.0,119.0,94.0,259.0,424.0,0.479,0.392,0.355,0.5,0.43,0.783,0.291,0.544,,,,,,,,,,,,,,,,,,,,,,,,,,,,,,,,,,,,,,,,,,,,,,,,,,,,,,,,,,,,,,,,,,,,,,,,,,,,,,,,,,,,,,,,,,,,,,,,,,,,,,,,,,,,,,,,,,,,,,,,,,,,,,,,,,,,,,,,,,,,,,,,,,,,,,,,,,,,,,,,,,,,,,,,,,,,,,,,,,,,,,,,,,,,,,,,,,,,,,,,,,,,,
loftoke01,Kenneth Lofton Jr.,https://www.basketball-reference.com/players/l/loftoke01.html,2023-24,2024,21.0,3TM,PF,PF,86.0,PF,21.0,0.0,199.0,29.0,54.0,0.537,7.0,24.0,0.292,33.0,,5.0,26.0,0.506,36.0,78.0,0.462,17.0,26.0,0.654,12.0,24.0,96.0,410.0,6.0,14.0,38.0,0.0,1.4,2.6,0.537,0.3,1.1,0.292,1.6,,0.2,1.2,0.506,1.7,3.7,0.462,0.8,1.2,0.654,21.0,0.0,9.5,0.6,1.1,4.6,357.0,0.3,0.7,1.8,5.2,9.8,0.537,1.3,4.3,0.292,6.0,,0.9,4.7,0.506,6.5,14.1,0.462,3.1,4.7,0.654,21.0,0.0,199.0,2.2,4.3,17.4,437.0,1.1,2.5,6.9,7.1,13.2,0.537,1.7,5.9,0.292,8.1,,1.2,6.4,117.0,0.506,8.8,19.1,0.462,4.2,6.4,0.654,21.0,0.0,199.0,2.9,111.0,5.9,23.4,437.0,1.5,3.4,9.3,0.308,25.7,,2.3,-0.3,0.3,14.6,0.2,0.333,21.0,0.0,199.0,-0.6,6.6,0.1,14.7,437.0,1.5,13.5,10.5,0.537,22.1,0.1,0.3,0.068,,5,12,1,15,21,0,6,7,81,199,4.4,-1.5,43,57,0,0,0,437,4,5,0.0,0.0,,0.25,0.167,13.2,4.0,0.051,0.462,0.8,0.3,0.444,0.537,0.5,0.292,21.0,0.0,199.0,0.517,1.0,0.192,0.128,0.115,0.692,0.256,0.308,437.0,-6.3,-7.8,,21.0,0.0,98.0,78.0,80.0,93.0,97.0,83.0,136.0,93.0,199.0,437.0,0.537,0.308,0.292,0.506,0.462,0.654,0.333,0.537,,,,,,,,,,,,,,,,,,,,,,,,,,,,,,,,,,,,,,,,,,,,,,,,,,,,,,,,,,,,,,,,,,,,,,,,,,,,,,,,,,,,,,,,,,,,,,,,,,,,,,,,,,,,,,,,,,,,,,,,,,,,,,,,,,,,,,,,,,,,,,,,,,,,,,,,,,,,,,,,,,,,,,,,,,,,,,,,,,,,,,,,,,,,,,,,,,,,,,,,,,,,,
santogu01,Gui Santos,https://www.basketball-reference.com/players/s/santogu01.html,2023-24,2024,21.0,GSW,PF,PF,87.0,PF,23.0,0.0,192.0,18.0,28.0,0.643,10.0,27.0,0.37,14.0,,2.0,32.0,0.6,28.0,55.0,0.509,16.0,17.0,0.941,17.0,23.0,82.0,424.0,4.0,7.0,49.0,0.0,0.8,1.2,0.643,0.4,1.2,0.37,0.6,,0.1,1.4,0.6,1.2,2.4,0.509,0.7,0.7,0.941,23.0,0.0,8.3,0.7,1.0,3.6,420.0,0.2,0.3,2.1,3.4,5.2,0.643,1.9,5.1,0.37,2.6,,0.4,6.0,0.6,5.2,10.3,0.509,3.0,3.2,0.941,23.0,0.0,192.0,3.2,4.3,15.4,440.0,0.7,1.3,9.2,4.5,7.1,0.643,2.5,6.8,0.37,3.5,,0.5,8.1,116.0,0.6,7.1,13.9,0.509,4.0,4.3,0.941,23.0,0.0,192.0,4.3,135.0,5.8,20.7,440.0,1.0,1.8,12.3,0.491,9.6,,0.9,-0.5,-0.5,17.7,0.2,0.309,23.0,0.0,192.0,0.0,9.7,0.5,15.6,440.0,1.0,10.1,13.8,0.656,15.2,0.1,0.7,0.169,,0,18,0,8,23,0,1,4,32,192,1.7,4.4,9,64,0,28,0,440,5,1,0.0,0.0,,0.5,0.296,13.9,2.0,0.036,0.509,0.737,,,0.643,0.444,0.37,23.0,0.0,192.0,0.667,0.9,0.345,0.0,0.0,0.509,0.164,0.491,440.0,5.9,9.5,,23.0,0.0,118.0,124.0,101.0,110.0,107.0,120.0,127.0,113.0,192.0,440.0,0.643,0.491,0.37,0.6,0.509,0.941,0.309,0.656,,,,,,,,,,,,,,,,,,,,,,,,,,,,,,,,,,,,,,,,,,,,,,,,,,,,,,,,,,,,,,,,,,,,,,,,,,,,,,,,,,,,,,,,,,,,,,,,,,,,,,,,,,,,,,,,,,,,,,,,,,,,,,,,,,,,,,,,,,,,,,,,,,,,,,,,,,,,,,,,,,,,,,,,,,,,,,,,,,,,,,,,,,,,,,,,,,,,,,,,,,,,,
taylote01,Terry Taylor,https://www.basketball-reference.com/players/t/taylote01.html,2023-24,2024,24.0,CHI,PF,PF,88.0,PF,31.0,0.0,188.0,18.0,30.0,0.6,2.0,9.0,0.222,10.0,,2.0,20.0,0.538,20.0,39.0,0.513,4.0,5.0,0.8,17.0,17.0,46.0,454.0,5.0,7.0,37.0,0.0,0.6,1.0,0.6,0.1,0.3,0.222,0.3,,0.1,0.6,0.538,0.6,1.3,0.513,0.1,0.2,0.8,31.0,0.0,6.1,0.5,0.5,1.5,525.0,0.2,0.2,1.2,3.4,5.7,0.6,0.4,1.7,0.222,1.9,,0.4,3.8,0.538,3.8,7.5,0.513,0.8,1.0,0.8,31.0,0.0,188.0,3.3,3.3,8.8,441.0,1.0,1.3,7.1,4.8,8.0,0.6,0.5,2.4,0.222,2.7,,0.5,5.3,118.0,0.538,5.3,10.3,0.513,1.1,1.3,0.8,31.0,0.0,188.0,4.5,117.0,4.5,12.2,441.0,1.3,1.9,9.8,0.231,7.0,,1.1,-3.2,-0.1,12.1,0.1,0.128,31.0,0.0,188.0,-3.1,9.9,0.1,10.1,441.0,1.3,14.5,11.0,0.558,11.3,0.0,0.3,0.07,,2,10,0,3,31,0,1,2,26,188,6.0,4.3,36,65,0,0,0,441,2,2,0.0,0.0,,0.286,0.778,7.5,1.0,0.051,0.513,0.636,0.0,,0.6,0.571,0.222,31.0,0.0,188.0,0.667,1.0,0.564,0.026,0.0,0.769,0.179,0.231,441.0,-0.6,-1.8,,31.0,0.0,110.0,58.0,61.0,99.0,108.0,102.0,52.0,96.0,188.0,441.0,0.6,0.231,0.222,0.538,0.513,0.8,0.128,0.558,,,,,,,,,,,,,,,,,,,,,,,,,,,,,,,,,,,,,,,,,,,,,,,,,,,,,,,,,,,,,,,,,,,,,,,,,,,,,,,,,,,,,,,,,,,,,,,,,,,,,,,,,,,,,,,,,,,,,,,,,,,,,,,,,,,,,,,,,,,,,,,,,,,,,,,,,,,,,,,,,,,,,,,,,,,,,,,,,,,,,,,,,,,,,,,,,,,,,,,,,,,,,
pottemi01,Micah Potter,https://www.basketball-reference.com/players/p/pottemi01.html,2023-24,2024,25.0,UTA,PF,PF,89.0,PF,16.0,0.0,186.0,10.0,19.0,0.526,9.0,21.0,0.429,6.0,,6.0,33.0,0.588,19.0,40.0,0.475,6.0,8.0,0.75,10.0,14.0,53.0,444.0,4.0,5.0,43.0,0.0,0.6,1.2,0.526,0.6,1.3,0.429,0.4,,0.4,2.1,0.588,1.2,2.5,0.475,0.4,0.5,0.75,16.0,0.0,11.6,0.6,0.9,3.3,436.0,0.3,0.3,2.7,1.9,3.7,0.526,1.7,4.1,0.429,1.2,,1.2,6.4,0.588,3.7,7.7,0.475,1.2,1.5,0.75,16.0,0.0,186.0,1.9,2.7,10.3,442.0,0.8,1.0,8.3,2.6,4.9,0.526,2.3,5.4,0.429,1.6,,1.6,8.6,120.0,0.588,4.9,10.4,0.475,1.6,2.1,0.75,16.0,0.0,186.0,2.6,123.0,3.6,13.7,442.0,1.0,1.3,11.2,0.525,4.2,,2.9,-2.3,-0.9,19.4,0.1,0.2,16.0,0.0,186.0,-1.4,6.0,0.2,11.0,442.0,1.0,10.3,12.7,0.609,10.9,0.0,0.3,0.075,,2,7,0,4,16,0,2,1,13,186,-3.1,-7.8,35,62,0,3,0,442,3,0,0.0,0.0,,0.571,0.667,14.4,3.0,0.075,0.475,0.625,,,0.526,0.455,0.429,16.0,0.0,186.0,0.6,1.0,0.2,0.0,0.0,0.475,0.275,0.525,442.0,3.3,2.5,,16.0,0.0,97.0,133.0,117.0,107.0,100.0,96.0,82.0,105.0,186.0,442.0,0.526,0.525,0.429,0.588,0.475,0.75,0.2,0.609,,,,,,,,,,,,,,,,,,,,,,,,,,,,,,,,,,,,,,,,,,,,,,,,,,,,,,,,,,,,,,,,,,,,,,,,,,,,,,,,,,,,,,,,,,,,,,,,,,,,,,,,,,,,,,,,,,,,,,,,,,,,,,,,,,,,,,,,,,,,,,,,,,,,,,,,,,,,,,,,,,,,,,,,,,,,,,,,,,,,,,,,,,,,,,,,,,,,,,,,,,,,,
bazleda01,Darius Bazley,https://www.basketball-reference.com/players/b/bazleda01.html,2023-24,2024,23.0,2TM,PF,PF,90.0,PF,9.0,0.0,152.0,16.0,22.0,0.727,2.0,8.0,0.25,7.0,,7.0,20.0,0.633,18.0,30.0,0.6,10.0,12.0,0.833,8.0,3.0,48.0,450.0,6.0,8.0,28.0,0.0,1.8,2.4,0.727,0.2,0.9,0.25,0.8,,0.8,2.2,0.633,2.0,3.3,0.6,1.1,1.3,0.833,9.0,0.0,16.9,0.9,0.3,5.3,327.0,0.7,0.9,3.1,3.8,5.2,0.727,0.5,1.9,0.25,1.7,,1.7,4.7,0.633,4.3,7.1,0.6,2.4,2.8,0.833,9.0,0.0,152.0,1.9,0.7,11.4,451.0,1.4,1.9,6.6,5.1,7.0,0.727,0.6,2.5,0.25,2.2,,2.2,6.4,118.0,0.633,5.7,9.5,0.6,3.2,3.8,0.833,9.0,0.0,152.0,2.5,121.0,1.0,15.3,451.0,1.9,2.5,8.9,0.267,6.0,,4.1,-0.4,0.5,14.4,0.1,0.4,9.0,0.0,152.0,-0.9,5.8,0.2,13.9,451.0,1.9,18.5,10.1,0.68,11.9,0.1,0.3,0.084,,0,2,0,6,9,0,2,4,19,152,-4.2,-8.4,5,71,0,24,0,451,3,4,0.0,0.0,,0.4,0.625,5.5,6.0,0.233,0.6,0.9,0.5,,0.727,0.6,0.25,9.0,0.0,152.0,0.5,1.0,0.333,0.067,0.0,0.733,0.333,0.267,451.0,5.2,7.0,,9.0,0.0,133.0,68.0,68.0,116.0,126.0,106.0,164.0,117.0,152.0,451.0,0.727,0.267,0.25,0.633,0.6,0.833,0.4,0.68,,,,,,,,,,,,,,,,,,,,,,,,,,,,,,,,,,,,,,,,,,,,,,,,,,,,,,,,,,,,,,,,,,,,,,,,,,,,,,,,,,,,,,,,,,,,,,,,,,,,,,,,,,,,,,,,,,,,,,,,,,,,,,,,,,,,,,,,,,,,,,,,,,,,,,,,,,,,,,,,,,,,,,,,,,,,,,,,,,,,,,,,,,,,,,,,,,,,,,,,,,,,,
warretj01,T.J. Warren,https://www.basketball-reference.com/players/w/warretj01.html,2023-24,2024,30.0,MIN,SF,PF,91.0,PF,11.0,0.0,125.0,16.0,28.0,0.571,2.0,13.0,0.154,9.0,,1.0,17.0,0.463,18.0,41.0,0.439,3.0,4.0,0.75,5.0,11.0,41.0,465.0,4.0,4.0,22.0,0.0,1.5,2.5,0.571,0.2,1.2,0.154,0.8,,0.1,1.5,0.463,1.6,3.7,0.439,0.3,0.4,0.75,11.0,0.0,11.4,0.5,1.0,3.7,417.0,0.4,0.4,2.0,4.6,8.1,0.571,0.6,3.7,0.154,2.6,,0.3,4.9,0.463,5.2,11.8,0.439,0.9,1.2,0.75,11.0,0.0,125.0,1.4,3.2,11.8,460.0,1.2,1.2,6.3,6.3,11.1,0.571,0.8,5.1,0.154,3.6,,0.4,6.7,110.0,0.463,7.1,16.2,0.439,1.2,1.6,0.75,11.0,0.0,125.0,2.0,102.0,4.3,16.2,460.0,1.6,1.6,8.7,0.317,10.1,,0.7,-4.5,0.5,14.8,0.2,0.098,11.0,0.0,125.0,-5.0,4.8,0.0,9.2,460.0,1.6,8.6,10.0,0.479,16.5,-0.1,0.2,0.06,,1,6,0,2,11,0,0,1,22,125,13.3,19.4,0,69,0,28,3,460,1,0,0.0,0.0,,0.25,0.308,13.5,0.0,0.0,0.439,1.0,0.3,0.75,0.571,0.429,0.154,11.0,0.0,125.0,0.813,1.0,0.171,0.244,0.098,0.683,0.171,0.317,460.0,-6.8,-8.6,,11.0,0.0,105.0,80.0,42.0,85.0,93.0,96.0,40.0,83.0,125.0,460.0,0.571,0.317,0.154,0.463,0.439,0.75,0.098,0.479,,3.0,0.0,0.0,127.0,0.0,0.0,0.0,,0.0,0.0,11.0,190.0,0.0,0.5,0.0,0.0,0.0,,0.0,0.0,0.5,11.3,,0.0,-4.6,-2.7,10.8,0.0,0.0,3.0,0.0,11.0,-2.0,21.6,0.0,4.1,190.0,0.0,0.0,16.2,0.0,8.3,0.0,0.0,-0.033,,0.0,0.0,0.0,0.0,3.0,0.0,0.0,0.0,2.0,11.0,23.9,28.1,0.0,100.0,0.0,0.0,0.0,190.0,0.0,0.0,0.0,4.8,0.0,0.0,4.8,0.0,4.8,,0.0,4.8,119.0,0.0,0.0,9.5,0.0,0.0,0.0,,3.0,0.0,11.0,9.5,87.0,0.0,0.0,190.0,0.0,0.0,14.3,0.0,3.3,0.0,0.0,3.3,0.0,3.3,,0.0,3.3,0.0,0.0,6.5,0.0,0.0,0.0,,3.0,0.0,11.0,6.5,0.0,0.0,190.0,0.0,0.0,9.8,0.0,0.3,0.0,0.0,0.3,0.0,0.3,,0.0,0.3,0.0,0.0,0.7,0.0,0.0,0.0,,3.0,0.0,3.7,0.7,0.0,0.0,212.0,0.0,0.0,1.0,0.0,0.0,,0.0,1.0,12.6,0.0,0.0,0.0,0.0,,,0.0,,0.0,3.0,0.0,11.0,,,0.5,0.0,0.0,0.5,0.0,0.5,190.0,0.0,1.0,0.0,0.0,1.0,0.0,1.0,,0.0,1.0,0.0,0.0,2.0,0.0,0.0,0.0,,3.0,0.0,11.0,2.0,0.0,0.0,212.0,0.0,0.0,3.0,0.0
windldy01,Dylan Windler,https://www.basketball-reference.com/players/w/windldy01.html,2023-24,2024,27.0,3TM,SF,PF,92.0,PF,17.0,0.0,108.0,2.0,3.0,0.667,13.0,27.0,0.481,10.0,,0.0,13.0,0.717,15.0,30.0,0.5,0.0,0.0,,3.0,6.0,43.0,459.0,2.0,2.0,16.0,0.0,0.1,0.2,0.667,0.8,1.6,0.481,0.6,,0.0,0.8,0.717,0.9,1.8,0.5,0.0,0.0,,17.0,0.0,6.4,0.2,0.4,2.5,470.0,0.1,0.1,0.9,0.7,1.0,0.667,4.3,9.0,0.481,3.3,,0.0,4.3,0.717,5.0,10.0,0.5,0.0,0.0,,17.0,0.0,108.0,1.0,2.0,14.3,474.0,0.7,0.7,5.3,0.9,1.3,0.667,5.8,12.0,0.481,4.4,,0.0,5.8,121.0,0.717,6.7,13.3,0.5,0.0,0.0,,17.0,0.0,108.0,1.3,143.0,2.7,19.1,474.0,0.9,0.9,7.1,0.9,12.3,,0.0,0.7,-1.0,13.4,0.0,0.0,17.0,0.0,108.0,1.7,2.9,0.3,14.2,474.0,0.9,6.3,8.1,0.717,12.5,0.1,0.3,0.14,,0,5,0,0,17,0,0,0,24,108,-7.3,-8.2,0,74,0,24,2,474,1,0,0.0,0.0,,0.4,0.37,23.8,0.0,0.0,0.5,1.0,0.0,,0.667,,0.481,17.0,0.0,108.0,1.0,0.846,0.067,0.033,0.0,0.1,0.0,0.9,474.0,10.2,8.3,,17.0,0.0,122.0,228.0,132.0,131.0,105.0,,0.0,124.0,108.0,474.0,0.667,0.9,0.481,0.717,0.5,,0.0,0.717,,,,,,,,,,,,,,,,,,,,,,,,,,,,,,,,,,,,,,,,,,,,,,,,,,,,,,,,,,,,,,,,,,,,,,,,,,,,,,,,,,,,,,,,,,,,,,,,,,,,,,,,,,,,,,,,,,,,,,,,,,,,,,,,,,,,,,,,,,,,,,,,,,,,,,,,,,,,,,,,,,,,,,,,,,,,,,,,,,,,,,,,,,,,,,,,,,,,,,,,,,,,,
gilesha01,Harry Giles,https://www.basketball-reference.com/players/g/gilesha01.html,2023-24,2024,25.0,2TM,C,PF,93.0,PF,23.0,0.0,100.0,20.0,36.0,0.556,3.0,14.0,0.214,6.0,,3.0,18.0,0.49,23.0,50.0,0.46,7.0,13.0,0.538,12.0,15.0,56.0,442.0,2.0,6.0,30.0,0.0,0.9,1.6,0.556,0.1,0.6,0.214,0.3,,0.1,0.8,0.49,1.0,2.2,0.46,0.3,0.6,0.538,23.0,0.0,4.3,0.5,0.7,2.4,475.0,0.1,0.3,1.3,7.2,13.0,0.556,1.1,5.0,0.214,2.2,,1.1,6.5,0.49,8.3,18.0,0.46,2.5,4.7,0.538,23.0,0.0,100.0,4.3,5.4,20.2,478.0,0.7,2.2,10.8,9.8,17.7,0.556,1.5,6.9,0.214,2.9,,1.5,8.8,115.0,0.49,11.3,24.6,0.46,3.4,6.4,0.538,23.0,0.0,100.0,5.9,103.0,7.4,27.5,478.0,1.0,2.9,14.7,0.28,10.5,,2.7,-4.8,-2.0,20.0,0.1,0.26,23.0,0.0,100.0,-2.7,12.8,0.0,14.8,478.0,1.0,9.7,16.4,0.503,26.7,-0.1,0.1,0.027,,2,12,0,8,23,0,3,2,14,100,-18.8,-21.0,50,50,0,0,0,478,2,2,0.0,0.0,,0.2,0.357,12.5,5.0,0.12,0.46,0.667,0.333,0.5,0.556,0.462,0.214,23.0,0.0,100.0,0.7,1.0,0.36,0.06,0.04,0.72,0.26,0.28,478.0,-5.7,-8.7,,23.0,0.0,102.0,71.0,59.0,90.0,97.0,69.0,106.0,87.0,100.0,478.0,0.556,0.28,0.214,0.49,0.46,0.538,0.26,0.503,,,,,,,,,,,,,,,,,,,,,,,,,,,,,,,,,,,,,,,,,,,,,,,,,,,,,,,,,,,,,,,,,,,,,,,,,,,,,,,,,,,,,,,,,,,,,,,,,,,,,,,,,,,,,,,,,,,,,,,,,,,,,,,,,,,,,,,,,,,,,,,,,,,,,,,,,,,,,,,,,,,,,,,,,,,,,,,,,,,,,,,,,,,,,,,,,,,,,,,,,,,,,
minotjo01,Josh Minott,https://www.basketball-reference.com/players/m/minotjo01.html,2023-24,2024,21.0,MIN,SF,PF,94.0,PF,32.0,0.0,91.0,13.0,26.0,0.5,4.0,10.0,0.4,8.0,,5.0,13.0,0.528,17.0,36.0,0.472,12.0,14.0,0.857,4.0,10.0,50.0,449.0,5.0,2.0,17.0,0.0,0.4,0.8,0.5,0.1,0.3,0.4,0.3,,0.2,0.4,0.528,0.5,1.1,0.472,0.4,0.4,0.857,32.0,0.0,2.8,0.1,0.3,1.6,520.0,0.2,0.1,0.5,5.1,10.3,0.5,1.6,4.0,0.4,3.2,,2.0,5.1,0.528,6.7,14.2,0.472,4.7,5.5,0.857,32.0,0.0,91.0,1.6,4.0,19.8,481.0,2.0,0.8,6.7,7.1,14.1,0.5,2.2,5.4,0.4,4.3,,2.7,7.1,105.0,0.528,9.2,19.6,0.472,6.5,7.6,0.857,32.0,0.0,91.0,2.2,127.0,5.4,27.2,481.0,2.7,1.1,9.2,0.278,13.2,,4.9,5.1,3.3,15.5,0.2,0.389,32.0,0.0,91.0,1.8,5.2,0.2,20.4,481.0,2.7,4.5,10.6,0.593,21.4,0.2,0.4,0.222,,0,6,0,7,32,0,3,3,17,91,2.4,8.9,14,45,0,33,9,481,0,1,0.0,0.0,,0.333,0.3,9.1,4.0,0.139,0.472,0.625,,,0.5,0.3,0.4,32.0,0.0,91.0,0.615,1.0,0.444,0.0,0.0,0.722,0.278,0.278,481.0,-1.4,1.1,,32.0,0.0,92.0,70.0,109.0,97.0,100.0,109.0,159.0,102.0,91.0,481.0,0.5,0.278,0.4,0.528,0.472,0.857,0.389,0.593,,5.0,0.0,0.0,141.0,109.0,61.0,47.0,,0.0,57.0,18.0,173.0,0.0,0.556,0.4,0.333,0.222,,0.0,0.333,0.556,23.9,,0.0,-2.3,-0.7,26.3,0.0,0.0,5.0,0.0,18.0,-1.6,6.6,0.0,7.2,173.0,0.0,0.0,16.5,0.333,22.8,0.0,0.0,-0.005,,0.0,1.0,1.0,0.0,5.0,0.0,0.0,2.0,6.0,18.0,27.4,31.3,0.0,30.0,0.0,70.0,0.0,173.0,0.0,0.0,0.0,11.6,0.0,5.8,14.5,0.4,8.7,,0.0,11.6,115.0,0.333,5.8,26.1,0.222,0.0,0.0,,5.0,0.0,18.0,2.9,97.0,5.8,17.4,173.0,0.0,0.0,14.5,0.0,8.0,0.0,4.0,10.0,0.4,6.0,,0.0,8.0,0.333,4.0,18.0,0.222,0.0,0.0,,5.0,0.0,18.0,2.0,4.0,12.0,173.0,0.0,0.0,10.0,0.0,0.8,0.0,0.4,1.0,0.4,0.6,,0.0,0.8,0.333,0.4,1.8,0.222,0.0,0.0,,5.0,0.0,3.6,0.2,0.4,1.2,178.0,0.0,0.0,1.0,0.0,0.0,,0.0,0.2,16.6,0.0,0.0,0.222,,0.0,,0.0,0.0,0.4,5.0,0.0,18.0,,1.0,0.0,0.111,0.0,0.444,0.333,0.556,173.0,0.0,4.0,0.0,2.0,5.0,0.4,3.0,,0.0,4.0,0.333,2.0,9.0,0.222,0.0,0.0,,5.0,0.0,18.0,1.0,2.0,6.0,170.0,0.0,0.0,5.0,0.0
livinch01,Chris Livingston,https://www.basketball-reference.com/players/l/livinch01.html,2023-24,2024,20.0,MIL,SF,PF,95.0,PF,21.0,0.0,90.0,10.0,17.0,0.588,1.0,5.0,0.2,5.0,,0.0,18.0,0.523,11.0,22.0,0.5,3.0,4.0,0.75,3.0,15.0,26.0,493.0,2.0,5.0,21.0,0.0,0.5,0.8,0.588,0.0,0.2,0.2,0.2,,0.0,0.9,0.523,0.5,1.0,0.5,0.1,0.2,0.75,21.0,0.0,4.3,0.1,0.7,1.2,539.0,0.1,0.2,1.0,4.0,6.8,0.588,0.4,2.0,0.2,2.0,,0.0,7.2,0.523,4.4,8.8,0.5,1.2,1.6,0.75,21.0,0.0,90.0,1.2,6.0,10.4,482.0,0.8,2.0,8.4,5.3,9.1,0.588,0.5,2.7,0.2,2.7,,0.0,9.6,116.0,0.523,5.9,11.7,0.5,1.6,2.1,0.75,21.0,0.0,90.0,1.6,101.0,8.0,13.9,482.0,1.1,2.7,11.2,0.227,7.2,,0.0,-8.0,-1.0,21.5,0.1,0.182,21.0,0.0,90.0,-7.0,3.7,0.0,6.9,482.0,1.1,17.4,12.8,0.547,13.8,-0.1,0.1,0.027,,1,10,0,2,21,0,0,3,11,90,-14.6,-11.5,4,48,0,35,13,482,1,3,0.0,0.0,,0.333,0.6,7.9,1.0,0.045,0.5,0.667,,,0.588,0.4,0.2,21.0,0.0,90.0,0.5,1.0,0.545,0.0,0.0,0.773,0.227,0.227,482.0,-1.0,-1.6,,21.0,0.0,108.0,58.0,55.0,96.0,105.0,96.0,74.0,94.0,90.0,482.0,0.588,0.227,0.2,0.523,0.5,0.75,0.182,0.547,,2.0,0.0,183.0,0.0,,183.0,211.0,0.0,1228.0,74.0,6.0,204.0,1.0,0.0,,1.0,1.0,0.0,3.0,0.431,0.0,0.0,,0.0,-9.3,-4.3,0.0,0.0,3.0,2.0,0.0,6.0,-4.9,0.0,0.0,3.3,204.0,0.0,0.0,0.0,0.431,17.8,0.0,0.0,-0.179,,0.0,0.0,0.0,2.0,2.0,0.0,1.0,0.0,0.0,6.0,12.8,9.1,60.0,40.0,0.0,0.0,0.0,204.0,0.0,0.0,8.6,8.6,1.0,0.0,0.0,,0.0,,0.0,0.0,127.0,1.0,8.6,8.6,1.0,0.0,25.7,0.0,2.0,0.0,6.0,0.0,68.0,0.0,17.1,204.0,0.0,0.0,0.0,6.0,6.0,1.0,0.0,0.0,,0.0,,0.0,0.0,1.0,6.0,6.0,1.0,0.0,18.0,0.0,2.0,0.0,6.0,0.0,0.0,12.0,204.0,0.0,0.0,0.0,0.5,0.5,1.0,0.0,0.0,,0.0,,0.0,0.0,1.0,0.5,0.5,1.0,0.0,1.5,0.0,2.0,0.0,3.0,0.0,0.0,1.0,183.0,0.0,0.0,0.0,0.0,0.0,,,,5.2,0.0,0.0,1.0,,,,1.0,1.0,,2.0,0.0,6.0,1.0,,0.0,0.0,0.0,1.0,1.0,0.0,204.0,1.0,1.0,1.0,0.0,0.0,,0.0,,0.0,0.0,1.0,1.0,1.0,1.0,0.0,3.0,0.0,2.0,0.0,6.0,0.0,0.0,2.0,192.0,0.0,0.0,0.0,0.0
schofad01,Admiral Schofield,https://www.basketball-reference.com/players/s/schofad01.html,2023-24,2024,26.0,ORL,PF,PF,96.0,PF,23.0,0.0,84.0,4.0,10.0,0.4,6.0,16.0,0.375,7.0,,0.0,14.0,0.5,10.0,26.0,0.385,0.0,2.0,0.0,3.0,9.0,26.0,494.0,1.0,5.0,17.0,0.0,0.2,0.4,0.4,0.3,0.7,0.375,0.3,,0.0,0.6,0.5,0.4,1.1,0.385,0.0,0.1,0.0,23.0,0.0,3.7,0.1,0.4,1.1,542.0,0.0,0.2,0.7,1.7,4.3,0.4,2.6,6.9,0.375,3.0,,0.0,6.0,0.5,4.3,11.1,0.385,0.0,0.9,0.0,23.0,0.0,84.0,1.3,3.9,11.1,484.0,0.4,2.1,7.3,2.4,5.9,0.4,3.5,9.4,0.375,4.1,,0.0,8.3,114.0,0.5,5.9,15.3,0.385,0.0,1.2,0.0,23.0,0.0,84.0,1.8,95.0,5.3,15.3,484.0,0.6,2.9,10.0,0.615,11.6,,0.0,-4.9,-0.8,19.7,0.1,0.077,23.0,0.0,84.0,-4.1,4.2,-0.1,6.0,484.0,0.6,15.7,11.9,0.484,16.6,-0.1,0.0,0.006,,2,5,2,1,23,0,0,3,17,84,-9.7,-7.7,48,52,0,0,0,484,1,2,0.0,0.0,,0.5,0.25,18.2,2.0,0.154,0.385,0.6,,0.5,0.4,0.0,0.375,23.0,0.0,84.0,0.5,1.0,0.192,0.0,0.077,0.385,0.115,0.615,484.0,-2.4,-5.2,,23.0,0.0,73.0,156.0,103.0,91.0,81.0,0.0,31.0,83.0,84.0,484.0,0.4,0.615,0.375,0.5,0.385,0.0,0.077,0.484,,,,,,,,,,,,,,,,,,,,,,,,,,,,,,,,,,,,,,,,,,,,,,,,,,,,,,,,,,,,,,,,,,,,,,,,,,,,,,,,,,,,,,,,,,,,,,,,,,,,,,,,,,,,,,,,,,,,,,,,,,,,,,,,,,,,,,,,,,,,,,,,,,,,,,,,,,,,,,,,,,,,,,,,,,,,,,,,,,,,,,,,,,,,,,,,,,,,,,,,,,,,,
gueyemo02,Mouhamed Gueye,https://www.basketball-reference.com/players/g/gueyemo02.html,2023-24,2024,21.0,ATL,PF,PF,97.0,PF,6.0,0.0,73.0,5.0,14.0,0.357,3.0,9.0,0.333,4.0,,4.0,12.0,0.413,8.0,23.0,0.348,5.0,6.0,0.833,10.0,13.0,24.0,497.0,5.0,1.0,22.0,0.0,0.8,2.3,0.357,0.5,1.5,0.333,0.7,,0.7,2.0,0.413,1.3,3.8,0.348,0.8,1.0,0.833,6.0,0.0,12.2,1.7,2.2,4.0,399.0,0.8,0.2,3.7,2.5,6.9,0.357,1.5,4.4,0.333,2.0,,2.0,5.9,0.413,3.9,11.3,0.348,2.5,3.0,0.833,6.0,0.0,73.0,4.9,6.4,11.8,495.0,2.5,0.5,10.8,3.3,9.2,0.357,2.0,5.9,0.333,2.6,,2.6,7.9,112.0,0.413,5.3,15.1,0.348,3.3,3.9,0.833,6.0,0.0,73.0,6.6,120.0,8.5,15.8,495.0,3.3,0.7,14.5,0.391,7.0,,4.9,-1.5,0.6,18.6,0.1,0.261,6.0,0.0,73.0,-2.1,14.4,0.1,15.0,495.0,3.3,3.8,16.4,0.468,15.2,0.0,0.2,0.127,,0,6,0,2,6,0,0,3,10,73,-27.1,-28.8,40,60,0,0,0,495,1,0,0.0,0.0,,0.0,0.444,11.6,3.0,0.174,0.348,0.5,0.0,,0.357,0.2,0.333,6.0,0.0,73.0,1.0,1.0,0.348,0.043,0.0,0.609,0.217,0.391,495.0,-6.1,-5.7,,6.0,0.0,66.0,99.0,91.0,76.0,73.0,106.0,107.0,81.0,73.0,495.0,0.357,0.391,0.333,0.413,0.348,0.833,0.261,0.468,,,,,,,,,,,,,,,,,,,,,,,,,,,,,,,,,,,,,,,,,,,,,,,,,,,,,,,,,,,,,,,,,,,,,,,,,,,,,,,,,,,,,,,,,,,,,,,,,,,,,,,,,,,,,,,,,,,,,,,,,,,,,,,,,,,,,,,,,,,,,,,,,,,,,,,,,,,,,,,,,,,,,,,,,,,,,,,,,,,,,,,,,,,,,,,,,,,,,,,,,,,,,
mobleis01,Isaiah Mobley,https://www.basketball-reference.com/players/m/mobleis01.html,2023-24,2024,24.0,CLE,PF,PF,98.0,PF,10.0,0.0,72.0,7.0,14.0,0.5,3.0,10.0,0.3,6.0,,0.0,7.0,0.479,10.0,24.0,0.417,0.0,1.0,0.0,3.0,6.0,23.0,501.0,2.0,2.0,10.0,0.0,0.7,1.4,0.5,0.3,1.0,0.3,0.6,,0.0,0.7,0.479,1.0,2.4,0.417,0.0,0.1,0.0,10.0,0.0,7.2,0.3,0.6,2.3,483.0,0.2,0.2,1.0,3.5,7.0,0.5,1.5,5.0,0.3,3.0,,0.0,3.5,0.479,5.0,12.0,0.417,0.0,0.5,0.0,10.0,0.0,72.0,1.5,3.0,11.5,496.0,1.0,1.0,5.0,4.8,9.6,0.5,2.1,6.9,0.3,4.1,,0.0,4.8,116.0,0.479,6.9,16.5,0.417,0.0,0.7,0.0,10.0,0.0,72.0,2.1,102.0,4.1,15.8,496.0,1.4,1.4,6.9,0.417,11.5,,0.0,-6.6,-2.1,10.8,0.1,0.042,10.0,0.0,72.0,-4.5,4.7,0.0,8.1,496.0,1.4,7.6,7.8,0.471,16.2,-0.1,0.0,0.032,,1,4,0,1,10,0,1,2,17,72,-24.8,-21.7,0,67,0,22,11,496,0,1,0.0,0.0,,0.25,0.4,12.3,2.0,0.083,0.417,0.778,0.0,,0.5,0.0,0.3,10.0,0.0,72.0,0.429,1.0,0.375,0.042,0.0,0.583,0.167,0.417,496.0,-3.2,-5.3,,10.0,0.0,92.0,106.0,82.0,88.0,88.0,0.0,17.0,81.0,72.0,496.0,0.5,0.417,0.3,0.479,0.417,0.0,0.042,0.471,,,,,,,,,,,,,,,,,,,,,,,,,,,,,,,,,,,,,,,,,,,,,,,,,,,,,,,,,,,,,,,,,,,,,,,,,,,,,,,,,,,,,,,,,,,,,,,,,,,,,,,,,,,,,,,,,,,,,,,,,,,,,,,,,,,,,,,,,,,,,,,,,,,,,,,,,,,,,,,,,,,,,,,,,,,,,,,,,,,,,,,,,,,,,,,,,,,,,,,,,,,,,
howarje01,Jett Howard,https://www.basketball-reference.com/players/h/howarje01.html,2023-24,2024,20.0,ORL,SF,PF,99.0,PF,18.0,0.0,67.0,3.0,5.0,0.6,7.0,25.0,0.28,6.0,,2.0,6.0,0.45,10.0,30.0,0.333,2.0,4.0,0.5,1.0,4.0,29.0,488.0,2.0,3.0,7.0,0.0,0.2,0.3,0.6,0.4,1.4,0.28,0.3,,0.1,0.3,0.45,0.6,1.7,0.333,0.1,0.2,0.5,18.0,0.0,3.7,0.1,0.2,1.6,517.0,0.1,0.2,0.4,1.6,2.7,0.6,3.8,13.4,0.28,3.2,,1.1,3.2,0.45,5.4,16.1,0.333,1.1,2.1,0.5,18.0,0.0,67.0,0.5,2.1,15.6,499.0,1.1,1.6,3.8,2.2,3.7,0.6,5.2,18.5,0.28,4.4,,1.5,4.4,113.0,0.45,7.4,22.2,0.333,1.5,3.0,0.5,18.0,0.0,67.0,0.7,96.0,3.0,21.4,499.0,1.5,2.2,5.2,0.833,13.0,,2.8,-1.8,-0.3,10.6,0.1,0.133,18.0,0.0,67.0,-1.4,1.7,-0.1,8.6,499.0,1.5,8.6,6.1,0.457,22.7,0.0,0.0,0.005,,0,1,0,1,18,0,0,0,16,67,-0.3,1.4,5,74,0,21,0,499,2,1,0.0,0.0,,0.0,0.08,23.7,0.0,0.0,0.333,0.0,1.0,0.0,0.6,1.0,0.28,18.0,0.0,67.0,1.0,0.714,0.033,0.033,0.033,0.167,0.067,0.833,499.0,-5.8,-7.8,,18.0,0.0,110.0,211.0,77.0,82.0,70.0,64.0,55.0,79.0,67.0,499.0,0.6,0.833,0.28,0.45,0.333,0.5,0.133,0.457,,2.0,0.0,92.0,84.0,273.0,152.0,141.0,,0.0,144.0,10.0,196.0,0.5,0.333,1.0,0.833,0.667,,0.0,0.833,0.333,18.7,,0.0,-1.2,1.3,11.7,0.0,0.0,2.0,0.0,10.0,-2.5,0.0,0.0,9.0,196.0,0.0,40.0,5.6,0.833,21.9,0.0,0.0,0.012,,0.0,1.0,0.0,0.0,2.0,0.0,0.0,0.0,2.0,10.0,-43.1,-36.3,0.0,100.0,0.0,0.0,0.0,196.0,0.0,1.0,5.1,10.1,0.5,5.1,5.1,1.0,5.1,,0.0,5.1,108.0,0.833,10.1,15.2,0.667,0.0,0.0,,2.0,0.0,10.0,0.0,93.0,5.1,25.4,196.0,0.0,10.1,5.1,3.6,7.2,0.5,3.6,3.6,1.0,3.6,,0.0,3.6,0.833,7.2,10.8,0.667,0.0,0.0,,2.0,0.0,10.0,0.0,3.6,18.0,196.0,0.0,7.2,3.6,0.5,1.0,0.5,0.5,0.5,1.0,0.5,,0.0,0.5,0.833,1.0,1.5,0.667,0.0,0.0,,2.0,0.0,5.0,0.0,0.5,2.5,150.0,0.0,1.0,0.5,0.0,0.0,,,0.0,14.6,0.0,0.0,0.667,,0.0,,0.5,1.0,1.0,2.0,0.0,10.0,1.0,1.0,0.0,0.333,0.0,0.667,0.333,0.333,196.0,1.0,2.0,0.5,1.0,1.0,1.0,1.0,,0.0,1.0,0.833,2.0,3.0,0.667,0.0,0.0,,2.0,0.0,10.0,0.0,1.0,5.0,174.0,0.0,2.0,1.0,0.0
whiteja03,Jack White,https://www.basketball-reference.com/players/w/whiteja03.html,2023-24,2024,26.0,MEM,SF,PF,100.0,PF,4.0,0.0,64.0,0.0,6.0,0.0,2.0,10.0,0.2,1.0,,1.0,8.0,0.188,2.0,16.0,0.125,0.0,0.0,,4.0,3.0,6.0,543.0,4.0,2.0,12.0,0.0,0.0,1.5,0.0,0.5,2.5,0.2,0.3,,0.3,2.0,0.188,0.5,4.0,0.125,0.0,0.0,,4.0,0.0,16.0,1.0,0.8,1.5,526.0,1.0,0.5,3.0,0.0,3.4,0.0,1.1,5.6,0.2,0.6,,0.6,4.5,0.188,1.1,9.0,0.125,0.0,0.0,,4.0,0.0,64.0,2.3,1.7,3.4,506.0,2.3,1.1,6.8,0.0,4.6,0.0,1.5,7.6,0.2,0.8,,0.8,6.1,112.0,0.188,1.5,12.2,0.125,0.0,0.0,,4.0,0.0,64.0,3.1,54.0,2.3,4.6,506.0,3.1,1.5,9.2,0.625,2.0,,1.5,-10.3,-1.2,14.2,0.1,0.0,4.0,0.0,64.0,-9.1,6.6,-0.2,1.1,506.0,3.1,11.1,10.3,0.188,12.1,-0.1,-0.1,-0.1,,0,3,0,0,4,0,0,0,3,64,-15.2,-22.3,9,45,0,39,7,506,2,0,0.0,0.0,,0.0,0.2,17.1,0.0,0.0,0.125,0.0,0.0,,0.0,0.0,0.2,4.0,0.0,64.0,,1.0,0.25,0.063,0.0,0.375,0.063,0.625,506.0,-11.5,-12.6,,4.0,0.0,0.0,158.0,55.0,34.0,26.0,,0.0,32.0,64.0,506.0,0.0,0.625,0.2,0.188,0.125,,0.0,0.188,,,,,,,,,,,,,,,,,,,,,,,,,,,,,,,,,,,,,,,,,,,,,,,,,,,,,,,,,,,,,,,,,,,,,,,,,,,,,,,,,,,,,,,,,,,,,,,,,,,,,,,,,,,,,,,,,,,,,,,,,,,,,,,,,,,,,,,,,,,,,,,,,,,,,,,,,,,,,,,,,,,,,,,,,,,,,,,,,,,,,,,,,,,,,,,,,,,,,,,,,,,,,
whiteco01,Coby White,https://www.basketball-reference.com/players/w/whiteco01.html,2023-24,2024,23.0,CHI,PG,PG,1.0,PG,79.0,78.0,2881.0,332.0,653.0,0.508,209.0,556.0,0.376,405.0,,18.0,314.0,0.534,541.0,1209.0,0.447,218.0,260.0,0.838,44.0,186.0,1509.0,29.0,53.0,166.0,358.0,0.0,4.2,8.3,0.508,2.6,7.0,0.376,5.1,,0.2,4.0,0.534,6.8,15.3,0.447,2.8,3.3,0.838,79.0,78.0,36.5,0.6,2.4,19.1,60.0,0.7,2.1,4.5,4.1,8.2,0.508,2.6,6.9,0.376,5.1,,0.2,3.9,0.534,6.8,15.1,0.447,2.7,3.2,0.838,79.0,78.0,2881.0,0.5,2.3,18.9,3.0,0.7,2.1,4.5,5.7,11.3,0.508,3.6,9.6,0.376,7.0,,0.3,5.4,120.0,0.534,9.4,20.9,0.447,3.8,4.5,0.838,79.0,78.0,2881.0,0.8,115.0,3.2,26.1,3.0,0.9,2.9,6.2,0.46,20.8,,0.6,-0.7,-1.3,12.4,1.6,0.215,79.0,78.0,2881.0,0.7,1.7,3.1,14.5,3.0,0.9,11.1,6.9,0.57,22.7,0.9,4.7,0.078,,12,99,50,113,79,78,25,66,983,2881,2.1,-0.8,0,0,85,0,15,3,73,58,4.0,0.0,,0.4,0.126,15.5,14.0,0.012,0.447,0.656,0.485,0.267,0.508,0.362,0.376,79.0,78.0,2881.0,0.289,0.833,0.25,0.085,0.05,0.54,0.156,0.46,3.0,-30.5,-26.1,,79.0,78.0,93.0,116.0,103.0,98.0,94.0,107.0,88.0,98.0,2881.0,3.0,0.508,0.46,0.376,0.534,0.447,0.838,0.215,0.57,,,,,,,,,,,,,,,,,,,,,,,,,,,,,,,,,,,,,,,,,,,,,,,,,,,,,,,,,,,,,,,,,,,,,,,,,,,,,,,,,,,,,,,,,,,,,,,,,,,,,,,,,,,,,,,,,,,,,,,,,,,,,,,,,,,,,,,,,,,,,,,,,,,,,,,,,,,,,,,,,,,,,,,,,,,,,,,,,,,,,,,,,,,,,,,,,,,,,,,,,,,,,
brunsja01,Jalen Brunson,https://www.basketball-reference.com/players/b/brunsja01.html,2023-24,2024,27.0,NYK,PG,PG,2.0,PG,77.0,77.0,2726.0,579.0,1122.0,0.516,211.0,526.0,0.401,519.0,"MVP-5,CPOY-5,AS,NBA2",13.0,235.0,0.543,790.0,1648.0,0.479,421.0,497.0,0.847,43.0,144.0,2212.0,4.0,70.0,186.0,278.0,0.0,7.5,14.6,0.516,2.7,6.8,0.401,6.7,"MVP-5,CPOY-5,AS,NBA2",0.2,3.1,0.543,10.3,21.4,0.479,5.5,6.5,0.847,77.0,77.0,35.4,0.6,1.9,28.7,5.0,0.9,2.4,3.6,7.6,14.8,0.516,2.8,6.9,0.401,6.9,"MVP-5,CPOY-5,AS,NBA2",0.2,3.1,0.543,10.4,21.8,0.479,5.6,6.6,0.847,77.0,77.0,2726.0,0.6,1.9,29.2,10.0,0.9,2.5,3.7,10.7,20.8,0.516,3.9,9.7,0.401,9.6,"MVP-5,CPOY-5,AS,NBA2",0.2,4.3,117.0,0.543,14.6,30.5,0.479,7.8,9.2,0.847,77.0,77.0,2726.0,0.8,124.0,2.7,40.9,10.0,1.3,3.4,5.1,0.319,33.5,"MVP-5,CPOY-5,AS,NBA2",0.4,5.8,-0.4,9.7,2.4,0.302,77.0,77.0,2726.0,6.3,1.8,8.8,23.4,10.0,1.3,9.1,5.7,0.592,32.5,5.4,11.2,0.198,"MVP-5,CPOY-5,AS,NBA2",13,74,75,222,77,77,86,64,1269,2726,11.8,8.3,0,0,100,0,0,10,96,67,1.0,0.0,"MVP-5,CPOY-5,AS,NBA2",0.464,0.131,14.3,3.0,0.002,0.479,0.636,0.474,0.426,0.516,0.519,0.401,77.0,77.0,2726.0,0.23,0.583,0.127,0.189,0.09,0.681,0.275,0.319,10.0,-10.4,46.7,"MVP-5,CPOY-5,AS,NBA2",77.0,77.0,95.0,81.0,110.0,99.0,101.0,108.0,123.0,102.0,2726.0,10.0,0.516,0.319,0.401,0.543,0.479,0.847,0.302,0.592,,13.0,13.0,90.0,63.0,85.0,88.0,94.0,99.0,144.0,92.0,518.0,19.0,0.488,0.247,0.31,0.482,0.444,0.775,0.353,0.536,0.247,35.3,,0.4,3.8,-1.2,8.3,-0.1,0.353,13.0,13.0,518.0,5.0,1.7,1.4,22.1,19.0,1.0,8.2,4.9,0.536,36.4,0.8,1.2,0.115,,4.0,9.0,9.0,51.0,13.0,13.0,18.0,16.0,235.0,518.0,13.5,0.8,0.0,0.0,100.0,0.0,0.0,19.0,17.0,11.0,12.6,25.8,0.488,2.6,8.5,0.31,9.8,,0.2,3.5,125.0,0.482,15.2,34.3,0.444,9.4,12.1,0.775,13.0,13.0,518.0,0.8,117.0,2.6,42.5,19.0,1.0,3.5,4.3,8.7,17.8,0.488,1.8,5.8,0.31,6.7,,0.1,2.4,0.482,10.5,23.6,0.444,6.5,8.3,0.775,13.0,13.0,518.0,0.6,1.8,29.3,19.0,0.7,2.4,3.0,9.6,19.7,0.488,2.0,6.5,0.31,7.5,,0.2,2.7,0.482,11.6,26.2,0.444,7.2,9.2,0.775,13.0,13.0,39.8,0.6,2.0,32.4,2.0,0.8,2.7,3.3,0.0,0.0,,0.333,0.107,13.2,1.0,0.003,0.444,0.72,0.466,0.4,0.488,0.419,0.31,13.0,13.0,518.0,0.16,0.462,0.147,0.215,0.118,0.753,0.274,0.247,19.0,125.0,256.0,0.488,26.0,84.0,0.31,97.0,,2.0,35.0,0.482,151.0,340.0,0.444,93.0,120.0,0.775,13.0,13.0,518.0,8.0,26.0,421.0,6.0,10.0,35.0,43.0,0.0
vanvlfr01,Fred VanVleet,https://www.basketball-reference.com/players/v/vanvlfr01.html,2023-24,2024,29.0,HOU,PG,PG,3.0,PG,73.0,73.0,2684.0,196.0,432.0,0.454,227.0,586.0,0.387,589.0,,59.0,245.0,0.527,423.0,1018.0,0.416,197.0,229.0,0.86,33.0,183.0,1270.0,60.0,101.0,126.0,278.0,0.0,2.7,5.9,0.454,3.1,8.0,0.387,8.1,,0.8,3.4,0.527,5.8,13.9,0.416,2.7,3.1,0.86,73.0,73.0,36.8,0.5,2.5,17.4,69.0,1.4,1.7,3.8,2.6,5.8,0.454,3.0,7.9,0.387,7.9,,0.8,3.3,0.527,5.7,13.7,0.416,2.6,3.1,0.86,73.0,73.0,2684.0,0.4,2.5,17.0,13.0,1.4,1.7,3.7,3.5,7.8,0.454,4.1,10.6,0.387,10.6,,1.1,4.4,114.0,0.527,7.6,18.4,0.416,3.6,4.1,0.86,73.0,73.0,2684.0,0.6,123.0,3.3,22.9,13.0,1.8,2.3,5.0,0.576,31.1,,2.0,3.4,0.8,9.9,3.1,0.225,73.0,73.0,2684.0,2.6,1.3,5.3,16.7,13.0,1.8,10.1,5.6,0.568,19.7,3.6,8.4,0.15,,8,85,27,82,73,73,18,32,1391,2684,5.4,3.0,0,0,84,0,16,13,84,30,8.0,0.0,,0.491,0.09,19.9,0.0,0.0,0.416,0.505,0.459,0.478,0.454,0.384,0.387,73.0,73.0,2684.0,0.219,0.568,0.093,0.073,0.136,0.424,0.123,0.576,13.0,-39.7,-27.7,,73.0,73.0,83.0,146.0,106.0,96.0,88.0,110.0,92.0,98.0,2684.0,13.0,0.454,0.576,0.387,0.527,0.416,0.86,0.225,0.568,,,,,,,,,,,,,,,,,,,,,,,,,,,,,,,,,,,,,,,,,,,,,,,,,,,,,,,,,,,,,,,,,,,,,,,,,,,,,,,,,,,,,,,,,,,,,,,,,,,,,,,,,,,,,,,,,,,,,,,,,,,,,,,,,,,,,,,,,,,,,,,,,,,,,,,,,,,,,,,,,,,,,,,,,,,,,,,,,,,,,,,,,,,,,,,,,,,,,,,,,,,,,
foxde01,De'Aaron Fox,https://www.basketball-reference.com/players/f/foxde01.html,2023-24,2024,26.0,SAC,PG,PG,4.0,PG,74.0,74.0,2659.0,506.0,969.0,0.522,214.0,580.0,0.369,418.0,CPOY-12,31.0,273.0,0.534,720.0,1549.0,0.465,312.0,423.0,0.738,67.0,193.0,1966.0,9.0,150.0,194.0,340.0,0.0,6.8,13.1,0.522,2.9,7.8,0.369,5.6,CPOY-12,0.4,3.7,0.534,9.7,20.9,0.465,4.2,5.7,0.738,74.0,74.0,35.9,0.9,2.6,26.6,9.0,2.0,2.6,4.6,6.9,13.1,0.522,2.9,7.9,0.369,5.7,CPOY-12,0.4,3.7,0.534,9.7,21.0,0.465,4.2,5.7,0.738,74.0,74.0,2659.0,0.9,2.6,26.6,14.0,2.0,2.6,4.6,9.2,17.7,0.522,3.9,10.6,0.369,7.6,CPOY-12,0.6,5.0,114.0,0.534,13.2,28.3,0.465,5.7,7.7,0.738,74.0,74.0,2659.0,1.2,113.0,3.5,35.9,14.0,2.7,3.5,6.2,0.374,25.2,CPOY-12,1.1,2.7,0.1,11.8,3.2,0.273,74.0,74.0,2659.0,2.6,2.8,3.3,20.1,14.0,2.7,10.1,7.2,0.567,31.0,3.2,6.5,0.117,CPOY-12,10,88,21,186,74,74,44,68,1031,2659,5.5,3.1,0,0,100,0,0,14,106,71,1.0,0.0,CPOY-12,0.436,0.134,15.0,24.0,0.017,0.465,0.72,0.423,0.351,0.522,0.534,0.369,74.0,74.0,2659.0,0.198,0.626,0.134,0.172,0.072,0.626,0.248,0.374,14.0,-39.2,-46.7,CPOY-12,74.0,74.0,96.0,95.0,101.0,98.0,98.0,94.0,112.0,98.0,2659.0,14.0,0.522,0.374,0.369,0.534,0.465,0.738,0.273,0.567,,,,,,,,,,,,,,,,,,,,,,,,,,,,,,,,,,,,,,,,,,,,,,,,,,,,,,,,,,,,,,,,,,,,,,,,,,,,,,,,,,,,,,,,,,,,,,,,,,,,,,,,,,,,,,,,,,,,,,,,,,,,,,,,,,,,,,,,,,,,,,,,,,,,,,,,,,,,,,,,,,,,,,,,,,,,,,,,,,,,,,,,,,,,,,,,,,,,,,,,,,,,,
maxeyty01,Tyrese Maxey,https://www.basketball-reference.com/players/m/maxeyty01.html,2023-24,2024,23.0,PHI,PG,PG,5.0,PG,70.0,70.0,2626.0,426.0,850.0,0.501,212.0,569.0,0.373,433.0,"MIP-1,AS",33.0,222.0,0.524,638.0,1419.0,0.45,328.0,378.0,0.868,36.0,151.0,1816.0,15.0,69.0,116.0,258.0,0.0,6.1,12.1,0.501,3.0,8.1,0.373,6.2,"MIP-1,AS",0.5,3.2,0.524,9.1,20.3,0.45,4.7,5.4,0.868,70.0,70.0,37.5,0.5,2.2,25.9,14.0,1.0,1.7,3.7,5.8,11.7,0.501,2.9,7.8,0.373,5.9,"MIP-1,AS",0.5,3.0,0.524,8.7,19.5,0.45,4.5,5.2,0.868,70.0,70.0,2626.0,0.5,2.1,24.9,18.0,0.9,1.6,3.5,8.0,15.9,0.501,4.0,10.7,0.373,8.1,"MIP-1,AS",0.6,4.2,117.0,0.524,12.0,26.6,0.45,6.1,7.1,0.868,70.0,70.0,2626.0,0.7,121.0,2.8,34.0,18.0,1.3,2.2,4.8,0.401,26.7,"MIP-1,AS",1.1,3.1,-1.0,9.5,2.1,0.266,70.0,70.0,2626.0,4.1,1.5,5.9,19.8,18.0,1.3,6.8,5.4,0.573,28.0,3.4,8.1,0.147,"MIP-1,AS",9,67,11,173,70,70,54,90,1045,2626,5.0,4.7,0,0,60,1,39,18,60,35,3.0,0.0,"MIP-1,AS",0.61,0.072,14.7,6.0,0.004,0.45,0.667,0.392,0.413,0.501,0.406,0.373,70.0,70.0,2626.0,0.343,0.599,0.222,0.092,0.056,0.599,0.229,0.401,18.0,-63.1,-22.9,"MIP-1,AS",70.0,70.0,92.0,102.0,102.0,96.0,95.0,111.0,109.0,99.0,2626.0,18.0,0.501,0.401,0.373,0.524,0.45,0.868,0.266,0.573,,6.0,6.0,97.0,101.0,109.0,102.0,101.0,114.0,83.0,103.0,267.0,50.0,0.53,0.399,0.4,0.558,0.478,0.893,0.203,0.595,0.399,30.1,,0.6,5.0,-0.2,12.2,0.1,0.203,6.0,6.0,267.0,5.2,0.4,0.8,20.7,50.0,1.0,8.0,6.5,0.595,28.2,0.5,0.9,0.155,,1.0,8.0,1.0,10.0,6.0,6.0,5.0,10.0,103.0,267.0,-20.5,-3.5,0.0,0.0,24.0,0.0,76.0,50.0,4.0,8.0,8.7,16.4,0.53,4.3,10.9,0.4,8.1,,0.4,5.9,119.0,0.558,13.0,27.3,0.478,4.9,5.5,0.893,6.0,6.0,267.0,0.2,123.0,3.2,35.4,50.0,1.0,2.6,6.1,5.9,11.2,0.53,3.0,7.4,0.4,5.5,,0.3,4.0,0.558,8.9,18.6,0.478,3.4,3.8,0.893,6.0,6.0,267.0,0.1,2.2,24.1,50.0,0.7,1.8,4.2,7.3,13.8,0.53,3.7,9.2,0.4,6.8,,0.3,5.0,0.558,11.0,23.0,0.478,4.2,4.7,0.893,6.0,6.0,44.5,0.2,2.7,29.8,5.0,0.8,2.2,5.2,0.0,0.0,,0.667,0.109,13.6,2.0,0.014,0.478,0.563,0.5,0.667,0.53,0.412,0.4,6.0,6.0,267.0,0.341,0.591,0.348,0.087,0.043,0.601,0.123,0.399,50.0,44.0,83.0,0.53,22.0,55.0,0.4,41.0,,2.0,30.0,0.558,66.0,138.0,0.478,25.0,28.0,0.893,6.0,6.0,267.0,1.0,16.0,179.0,33.0,5.0,13.0,31.0,0.0
doncilu01,Luka Dončić,https://www.basketball-reference.com/players/d/doncilu01.html,2023-24,2024,24.0,DAL,PG,PG,6.0,PG,70.0,70.0,2624.0,520.0,908.0,0.573,284.0,744.0,0.382,686.0,"MVP-3,CPOY-6,AS,NBA1",38.0,588.0,0.573,804.0,1652.0,0.487,478.0,608.0,0.786,59.0,149.0,2370.0,1.0,99.0,282.0,647.0,21.0,7.4,13.0,0.573,4.1,10.6,0.382,9.8,"MVP-3,CPOY-6,AS,NBA1",0.5,8.4,0.573,11.5,23.6,0.487,6.8,8.7,0.786,70.0,70.0,37.5,0.8,2.1,33.9,2.0,1.4,4.0,9.2,7.1,12.5,0.573,3.9,10.2,0.382,9.4,"MVP-3,CPOY-6,AS,NBA1",0.5,8.1,0.573,11.0,22.7,0.487,6.6,8.3,0.786,70.0,70.0,2624.0,0.8,2.0,32.5,19.0,1.4,3.9,8.9,9.5,16.6,0.573,5.2,13.6,0.382,12.5,"MVP-3,CPOY-6,AS,NBA1",0.7,10.8,113.0,0.573,14.7,30.2,0.487,8.7,11.1,0.786,70.0,70.0,2624.0,1.1,122.0,2.7,43.3,19.0,1.8,5.2,11.8,0.45,44.3,"MVP-3,CPOY-6,AS,NBA1",1.3,9.9,1.7,24.4,3.5,0.368,70.0,70.0,2624.0,8.3,2.5,8.5,28.1,19.0,1.8,12.8,13.5,0.617,36.0,8.0,12.0,0.22,"MVP-3,CPOY-6,AS,NBA1",7,77,12,283,70,70,78,50,1636,2624,9.4,5.3,0,0,74,0,26,19,200,61,5.0,0.0,"MVP-3,CPOY-6,AS,NBA1",0.25,0.032,16.9,2.0,0.001,0.487,0.838,0.442,0.422,0.573,0.569,0.382,70.0,70.0,2624.0,0.177,0.299,0.123,0.152,0.082,0.55,0.192,0.45,19.0,86.2,143.4,"MVP-3,CPOY-6,AS,NBA1",70.0,70.0,105.0,114.0,104.0,105.0,103.0,100.0,151.0,106.0,2624.0,19.0,0.573,0.45,0.382,0.573,0.487,0.786,0.368,0.617,,22.0,22.0,98.0,106.0,88.0,94.0,94.0,98.0,124.0,96.0,900.0,1.0,0.536,0.419,0.322,0.514,0.446,0.765,0.304,0.556,0.419,35.3,,0.9,7.6,2.4,24.2,1.5,0.304,22.0,22.0,900.0,5.1,2.1,1.3,22.5,1.0,2.4,13.6,13.2,0.556,33.4,2.2,2.8,0.149,,4.0,17.0,6.0,73.0,22.0,22.0,19.0,12.0,415.0,900.0,7.0,4.8,0.0,0.0,93.0,0.0,7.0,1.0,49.0,31.0,9.1,16.9,0.536,3.9,12.2,0.322,10.3,,0.5,11.1,108.0,0.514,13.0,29.1,0.446,6.8,8.8,0.765,22.0,22.0,900.0,0.9,112.0,3.2,36.7,1.0,2.4,5.2,12.0,6.3,11.7,0.536,2.7,8.4,0.322,7.1,,0.3,7.7,0.514,9.0,20.2,0.446,4.7,6.1,0.765,22.0,22.0,900.0,0.6,2.2,25.4,1.0,1.6,3.6,8.3,7.1,13.3,0.536,3.1,9.6,0.322,8.1,,0.4,8.7,0.514,10.2,22.9,0.446,5.3,7.0,0.765,22.0,22.0,40.9,0.7,2.5,28.9,7.0,1.9,4.1,9.5,1.0,0.0,,0.143,0.033,16.9,0.0,0.0,0.446,0.841,0.423,0.558,0.536,0.487,0.322,22.0,22.0,900.0,0.121,0.294,0.087,0.155,0.103,0.581,0.236,0.419,1.0,157.0,293.0,0.536,68.0,211.0,0.322,178.0,,8.0,192.0,0.514,225.0,504.0,0.446,117.0,153.0,0.765,22.0,22.0,900.0,16.0,56.0,635.0,1.0,41.0,90.0,208.0,7.0
lillada01,Damian Lillard,https://www.basketball-reference.com/players/l/lillada01.html,2023-24,2024,33.0,MIL,PG,PG,7.0,PG,73.0,73.0,2579.0,321.0,655.0,0.49,220.0,622.0,0.354,508.0,"CPOY-11,AS",18.0,284.0,0.51,541.0,1277.0,0.424,473.0,514.0,0.92,36.0,134.0,1775.0,17.0,72.0,193.0,320.0,0.0,4.4,9.0,0.49,3.0,8.5,0.354,7.0,"CPOY-11,AS",0.2,3.9,0.51,7.4,17.5,0.424,6.5,7.0,0.92,73.0,73.0,35.3,0.5,1.8,24.3,20.0,1.0,2.6,4.4,4.5,9.1,0.49,3.1,8.7,0.354,7.1,"CPOY-11,AS",0.3,4.0,0.51,7.6,17.8,0.424,6.6,7.2,0.92,73.0,73.0,2579.0,0.5,1.9,24.8,25.0,1.0,2.7,4.5,6.0,12.2,0.49,4.1,11.6,0.354,9.5,"CPOY-11,AS",0.3,5.3,118.0,0.51,10.1,23.8,0.424,8.8,9.6,0.92,73.0,73.0,2579.0,0.7,120.0,2.5,33.1,25.0,1.3,3.6,6.0,0.487,28.8,"CPOY-11,AS",0.6,2.1,-1.3,11.8,1.9,0.403,73.0,73.0,2579.0,3.4,1.6,5.8,19.6,25.0,1.3,11.4,6.8,0.59,28.4,2.7,7.7,0.143,"CPOY-11,AS",7,58,14,185,73,73,35,85,1223,2579,12.3,7.0,0,0,91,0,9,25,138,39,7.0,0.0,"CPOY-11,AS",0.278,0.058,17.2,8.0,0.01,0.424,0.677,0.404,0.45,0.49,0.314,0.354,73.0,73.0,2579.0,0.196,0.509,0.194,0.078,0.094,0.513,0.147,0.487,25.0,-93.9,31.4,"CPOY-11,AS",73.0,73.0,90.0,123.0,97.0,93.0,89.0,117.0,165.0,102.0,2579.0,25.0,0.49,0.487,0.354,0.51,0.424,0.92,0.403,0.59,,4.0,4.0,78.0,150.0,114.0,99.0,88.0,124.0,192.0,110.0,156.0,91.0,0.424,0.593,0.417,0.543,0.42,0.974,0.469,0.64,0.593,20.7,,0.0,7.3,-0.2,7.9,0.0,0.469,4.0,4.0,156.0,7.5,1.5,0.6,24.8,91.0,1.3,8.4,4.7,0.64,31.4,0.4,0.6,0.2,,0.0,6.0,2.0,17.0,4.0,4.0,3.0,3.0,44.0,156.0,-19.3,-12.5,0.0,0.0,20.0,0.0,80.0,91.0,6.0,2.0,4.6,10.9,0.424,6.6,15.8,0.417,6.6,,0.0,3.6,122.0,0.543,11.2,26.7,0.42,12.2,12.5,0.974,4.0,4.0,156.0,0.7,128.0,2.6,41.2,91.0,1.3,3.0,4.3,3.2,7.6,0.424,4.6,11.1,0.417,4.6,,0.0,2.5,0.543,7.8,18.7,0.42,8.5,8.8,0.974,4.0,4.0,156.0,0.5,1.8,28.8,91.0,0.9,2.1,3.0,3.5,8.3,0.424,5.0,12.0,0.417,5.0,,0.0,2.8,0.543,8.5,20.3,0.42,9.3,9.5,0.974,4.0,4.0,39.0,0.5,2.0,31.3,3.0,1.0,2.3,3.3,0.0,0.0,,1.0,0.042,20.2,0.0,0.0,0.42,0.615,0.167,0.333,0.424,0.4,0.417,4.0,4.0,156.0,0.143,0.3,0.16,0.074,0.111,0.407,0.062,0.593,91.0,14.0,33.0,0.424,20.0,48.0,0.417,20.0,,0.0,11.0,0.543,34.0,81.0,0.42,37.0,38.0,0.974,4.0,4.0,156.0,2.0,8.0,125.0,48.0,4.0,9.0,13.0,0.0
gilgesh01,Shai Gilgeous-Alexander,https://www.basketball-reference.com/players/g/gilgesh01.html,2023-24,2024,25.0,OKC,PG,PG,8.0,PG,75.0,75.0,2553.0,701.0,1218.0,0.576,95.0,269.0,0.353,465.0,"MVP-2,DPOY-7,CPOY-3,AS,NBA1",67.0,350.0,0.567,796.0,1487.0,0.535,567.0,649.0,0.874,65.0,184.0,2254.0,2.0,150.0,162.0,415.0,0.0,9.3,16.2,0.576,1.3,3.6,0.353,6.2,"MVP-2,DPOY-7,CPOY-3,AS,NBA1",0.9,4.7,0.567,10.6,19.8,0.535,7.6,8.7,0.874,75.0,75.0,34.0,0.9,2.5,30.1,4.0,2.0,2.2,5.5,9.9,17.2,0.576,1.3,3.8,0.353,6.6,"MVP-2,DPOY-7,CPOY-3,AS,NBA1",0.9,4.9,0.567,11.2,21.0,0.535,8.0,9.2,0.874,75.0,75.0,2553.0,0.9,2.6,31.8,28.0,2.1,2.3,5.9,13.2,22.9,0.576,1.8,5.1,0.353,8.8,"MVP-2,DPOY-7,CPOY-3,AS,NBA1",1.3,6.6,110.0,0.567,15.0,28.0,0.535,10.7,12.2,0.874,75.0,75.0,2553.0,1.2,129.0,3.5,42.4,28.0,2.8,3.1,7.8,0.181,29.8,"MVP-2,DPOY-7,CPOY-3,AS,NBA1",2.4,9.0,2.3,14.7,4.2,0.436,75.0,75.0,2553.0,6.7,3.0,10.5,29.3,28.0,2.8,8.4,9.1,0.636,32.8,7.1,14.6,0.275,"MVP-2,DPOY-7,CPOY-3,AS,NBA1",14,99,11,272,75,75,74,77,1175,2553,11.4,11.9,0,0,98,0,2,28,67,57,0.0,0.0,"MVP-2,DPOY-7,CPOY-3,AS,NBA1",0.5,0.059,11.3,37.0,0.027,0.535,0.731,0.53,0.472,0.576,0.492,0.353,75.0,75.0,2553.0,0.223,0.368,0.252,0.26,0.083,0.819,0.224,0.181,28.0,61.6,197.9,"MVP-2,DPOY-7,CPOY-3,AS,NBA1",75.0,75.0,106.0,46.0,97.0,104.0,113.0,111.0,179.0,110.0,2553.0,28.0,0.576,0.181,0.353,0.567,0.535,0.874,0.436,0.636,,10.0,10.0,93.0,42.0,118.0,97.0,104.0,101.0,148.0,100.0,399.0,34.0,0.508,0.165,0.432,0.531,0.496,0.79,0.362,0.582,0.165,29.6,,4.0,9.2,3.3,17.1,0.9,0.362,10.0,10.0,399.0,5.9,2.3,1.1,25.5,34.0,1.7,7.8,10.0,0.582,32.2,1.1,1.9,0.233,,4.0,11.0,1.0,32.0,10.0,10.0,4.0,16.0,163.0,399.0,-2.2,5.6,0.0,0.0,100.0,0.0,0.0,34.0,12.0,5.0,12.1,23.8,0.508,2.0,4.7,0.432,8.2,,2.2,8.2,104.0,0.531,14.2,28.6,0.496,8.2,10.3,0.79,10.0,10.0,399.0,1.0,119.0,4.0,38.5,34.0,1.7,2.8,9.2,8.6,16.9,0.508,1.4,3.3,0.432,5.8,,1.5,5.8,0.531,10.0,20.2,0.496,5.8,7.3,0.79,10.0,10.0,399.0,0.7,2.8,27.2,34.0,1.2,2.0,6.5,9.5,18.7,0.508,1.6,3.7,0.432,6.4,,1.7,6.4,0.531,11.1,22.4,0.496,6.4,8.1,0.79,10.0,10.0,39.9,0.8,3.1,30.2,4.0,1.3,2.2,7.2,0.0,0.0,,0.286,0.189,12.1,2.0,0.009,0.496,0.622,0.592,0.4,0.508,0.326,0.432,10.0,10.0,399.0,0.137,0.25,0.201,0.317,0.112,0.835,0.205,0.165,34.0,95.0,187.0,0.508,16.0,37.0,0.432,64.0,,17.0,64.0,0.531,111.0,224.0,0.496,64.0,81.0,0.79,10.0,10.0,399.0,8.0,31.0,302.0,11.0,13.0,22.0,72.0,0.0
schrode01,Dennis Schröder,https://www.basketball-reference.com/players/s/schrode01.html,2023-24,2024,30.0,2TM,PG,PG,9.0,PG,80.0,58.0,2486.0,265.0,559.0,0.474,138.0,368.0,0.375,488.0,,17.0,203.0,0.509,403.0,927.0,0.435,178.0,213.0,0.836,39.0,164.0,1122.0,77.0,63.0,153.0,242.0,0.0,3.3,7.0,0.474,1.7,4.6,0.375,6.1,,0.2,2.5,0.509,5.0,11.6,0.435,2.2,2.7,0.836,80.0,58.0,31.1,0.5,2.1,14.0,105.0,0.8,1.9,3.0,3.8,8.1,0.474,2.0,5.3,0.375,7.1,,0.2,2.9,0.509,5.8,13.4,0.435,2.6,3.1,0.836,80.0,58.0,2486.0,0.6,2.4,16.2,32.0,0.9,2.2,3.5,5.2,11.0,0.474,2.7,7.2,0.375,9.6,,0.3,4.0,121.0,0.509,7.9,18.2,0.435,3.5,4.2,0.836,80.0,58.0,2486.0,0.8,114.0,3.2,22.0,32.0,1.2,3.0,4.7,0.397,28.0,,0.6,-1.8,-1.3,9.2,1.0,0.23,80.0,58.0,2486.0,-0.5,1.7,2.3,13.3,32.0,1.2,13.0,5.3,0.55,20.3,0.1,3.3,0.063,,10,56,25,77,80,58,16,66,1168,2486,3.6,-3.2,0,0,100,0,0,32,95,38,5.0,0.0,,0.387,0.168,15.2,0.0,0.0,0.435,0.609,0.445,0.422,0.474,0.375,0.375,80.0,58.0,2486.0,0.332,0.812,0.193,0.148,0.09,0.603,0.173,0.397,32.0,-69.3,-62.0,,80.0,58.0,87.0,101.0,103.0,93.0,92.0,107.0,94.0,95.0,2486.0,32.0,0.474,0.397,0.375,0.509,0.435,0.836,0.23,0.55,,,,,,,,,,,,,,,,,,,,,,,,,,,,,,,,,,,,,,,,,,,,,,,,,,,,,,,,,,,,,,,,,,,,,,,,,,,,,,,,,,,,,,,,,,,,,,,,,,,,,,,,,,,,,,,,,,,,,,,,,,,,,,,,,,,,,,,,,,,,,,,,,,,,,,,,,,,,,,,,,,,,,,,,,,,,,,,,,,,,,,,,,,,,,,,,,,,,,,,,,,,,,
russeda01,D'Angelo Russell,https://www.basketball-reference.com/players/r/russeda01.html,2023-24,2024,27.0,LAL,PG,PG,10.0,PG,76.0,69.0,2484.0,266.0,535.0,0.497,226.0,545.0,0.415,482.0,,36.0,208.0,0.56,492.0,1080.0,0.456,159.0,192.0,0.828,28.0,156.0,1369.0,42.0,69.0,156.0,236.0,0.0,3.5,7.0,0.497,3.0,7.2,0.415,6.3,,0.5,2.7,0.56,6.5,14.2,0.456,2.1,2.5,0.828,76.0,69.0,32.7,0.4,2.1,18.0,65.0,0.9,2.1,3.1,3.9,7.8,0.497,3.3,7.9,0.415,7.0,,0.5,3.0,0.56,7.1,15.7,0.456,2.3,2.8,0.828,76.0,69.0,2484.0,0.4,2.3,19.8,33.0,1.0,2.3,3.4,5.1,10.2,0.497,4.3,10.4,0.415,9.2,,0.7,4.0,118.0,0.56,9.4,20.7,0.456,3.0,3.7,0.828,76.0,69.0,2484.0,0.5,116.0,3.0,26.2,33.0,1.3,3.0,4.5,0.505,27.6,,1.3,0.9,-0.8,8.9,1.8,0.178,76.0,69.0,2484.0,1.7,1.3,3.3,16.0,33.0,1.3,11.8,5.3,0.588,23.0,1.8,5.1,0.099,,10,75,20,76,76,69,17,35,1111,2484,5.7,2.5,0,0,100,0,0,33,106,30,5.0,0.0,,0.406,0.127,17.4,1.0,0.001,0.456,0.788,0.46,0.375,0.497,0.403,0.415,76.0,69.0,2484.0,0.383,0.735,0.109,0.115,0.067,0.495,0.205,0.505,33.0,29.5,18.2,,76.0,69.0,91.0,128.0,113.0,102.0,96.0,106.0,73.0,101.0,2484.0,33.0,0.497,0.505,0.415,0.56,0.456,0.828,0.178,0.588,,5.0,5.0,89.0,153.0,87.0,88.0,81.0,64.0,11.0,83.0,185.0,75.0,0.483,0.603,0.318,0.479,0.384,0.5,0.027,0.481,0.603,15.9,,0.5,-3.3,-1.6,7.6,0.1,0.027,5.0,5.0,185.0,-1.7,0.6,-0.2,8.8,75.0,1.1,10.9,4.2,0.481,20.7,-0.1,-0.1,-0.028,,0.0,2.0,0.0,1.0,5.0,5.0,0.0,1.0,52.0,185.0,30.7,5.7,0.0,0.0,100.0,0.0,0.0,75.0,6.0,3.0,3.8,7.9,0.483,3.8,12.0,0.318,5.7,,0.3,3.5,118.0,0.479,7.6,19.9,0.384,0.3,0.5,0.5,5.0,5.0,185.0,0.3,94.0,1.6,19.3,75.0,1.1,2.5,3.8,2.7,5.6,0.483,2.7,8.6,0.318,4.1,,0.2,2.5,0.479,5.4,14.2,0.384,0.2,0.4,0.5,5.0,5.0,185.0,0.2,1.2,13.8,75.0,0.8,1.8,2.7,2.8,5.8,0.483,2.8,8.8,0.318,4.2,,0.2,2.6,0.479,5.6,14.6,0.384,0.2,0.4,0.5,5.0,5.0,37.0,0.2,1.2,14.2,51.0,0.8,1.8,2.8,0.0,0.0,,0.4,0.114,18.6,0.0,0.0,0.384,0.8,0.143,0.5,0.483,0.375,0.318,5.0,5.0,185.0,0.5,0.714,0.137,0.096,0.055,0.397,0.11,0.603,75.0,14.0,29.0,0.483,14.0,44.0,0.318,21.0,,1.0,13.0,0.479,28.0,73.0,0.384,1.0,2.0,0.5,5.0,5.0,185.0,1.0,6.0,71.0,76.0,4.0,9.0,14.0,0.0
hardeja01,James Harden,https://www.basketball-reference.com/players/h/hardeja01.html,2023-24,2024,34.0,LAC,PG,PG,11.0,PG,72.0,72.0,2470.0,166.0,334.0,0.497,186.0,488.0,0.381,614.0,,57.0,335.0,0.541,352.0,822.0,0.428,302.0,344.0,0.878,34.0,127.0,1192.0,66.0,77.0,185.0,369.0,3.0,2.3,4.6,0.497,2.6,6.8,0.381,8.5,,0.8,4.7,0.541,4.9,11.4,0.428,4.2,4.8,0.878,72.0,72.0,34.3,0.5,1.8,16.6,78.0,1.1,2.6,5.1,2.4,4.9,0.497,2.7,7.1,0.381,8.9,,0.8,4.9,0.541,5.1,12.0,0.428,4.4,5.0,0.878,72.0,72.0,2470.0,0.5,1.9,17.4,34.0,1.1,2.7,5.4,3.3,6.7,0.497,3.7,9.8,0.381,12.3,,1.1,6.7,116.0,0.541,7.0,16.4,0.428,6.0,6.9,0.878,72.0,72.0,2470.0,0.7,125.0,2.5,23.8,34.0,1.5,3.7,7.4,0.594,33.6,,2.1,4.1,0.3,14.8,2.5,0.418,72.0,72.0,2470.0,3.8,1.6,5.9,18.6,34.0,1.5,16.0,8.4,0.612,20.6,3.8,8.4,0.163,,15,62,7,140,72,72,33,42,1429,2470,6.0,5.9,0,0,72,0,28,34,120,42,0.0,0.0,,0.378,0.076,18.5,2.0,0.002,0.428,0.703,0.457,0.318,0.497,0.345,0.381,72.0,72.0,2470.0,0.157,0.462,0.144,0.099,0.027,0.406,0.137,0.594,34.0,-8.5,62.9,,72.0,72.0,91.0,150.0,104.0,99.0,90.0,112.0,171.0,106.0,2470.0,34.0,0.497,0.594,0.381,0.541,0.428,0.878,0.418,0.612,,6.0,6.0,96.0,134.0,105.0,101.0,95.0,116.0,147.0,106.0,242.0,55.0,0.524,0.528,0.383,0.551,0.449,0.906,0.36,0.616,0.528,34.3,,2.5,7.7,1.6,11.1,0.1,0.36,6.0,6.0,242.0,6.0,1.4,0.8,20.5,55.0,1.3,12.0,6.4,0.616,22.1,0.6,0.9,0.173,,1.0,6.0,1.0,13.0,6.0,6.0,4.0,5.0,111.0,242.0,-13.8,-10.2,0.0,0.0,67.0,0.0,33.0,55.0,7.0,6.0,4.8,9.2,0.524,3.9,10.3,0.383,10.5,,1.3,5.2,118.0,0.551,8.7,19.4,0.449,6.3,7.0,0.906,6.0,6.0,242.0,0.7,128.0,2.8,27.7,55.0,1.3,3.1,5.9,3.3,6.2,0.524,2.7,7.0,0.383,7.1,,0.9,3.6,0.551,6.0,13.2,0.449,4.3,4.8,0.906,6.0,6.0,242.0,0.4,1.9,18.9,55.0,0.9,2.1,4.0,3.7,7.0,0.524,3.0,7.8,0.383,8.0,,1.0,4.0,0.551,6.7,14.8,0.449,4.8,5.3,0.906,6.0,6.0,40.3,0.5,2.2,21.2,21.0,1.0,2.3,4.5,0.0,0.0,,0.333,0.064,17.4,1.0,0.011,0.449,0.5,0.727,,0.524,0.44,0.383,6.0,6.0,242.0,0.182,0.222,0.067,0.124,0.0,0.472,0.281,0.528,55.0,22.0,42.0,0.524,18.0,47.0,0.383,48.0,,6.0,24.0,0.551,40.0,89.0,0.449,29.0,32.0,0.906,6.0,6.0,242.0,3.0,13.0,127.0,47.0,6.0,14.0,27.0,0.0
bookede01,Devin Booker,https://www.basketball-reference.com/players/b/bookede01.html,2023-24,2024,27.0,PHO,PG,PG,12.0,PG,68.0,68.0,2447.0,490.0,887.0,0.552,152.0,418.0,0.364,472.0,"AS,NBA3",28.0,252.0,0.55,642.0,1305.0,0.492,405.0,457.0,0.886,56.0,206.0,1841.0,13.0,61.0,178.0,308.0,0.0,7.2,13.0,0.552,2.2,6.1,0.364,6.9,"AS,NBA3",0.4,3.7,0.55,9.4,19.2,0.492,6.0,6.7,0.886,68.0,68.0,36.0,0.8,3.0,27.1,6.0,0.9,2.6,4.5,7.2,13.0,0.552,2.2,6.1,0.364,6.9,"AS,NBA3",0.4,3.7,0.55,9.4,19.2,0.492,6.0,6.7,0.886,68.0,68.0,2447.0,0.8,3.0,27.1,35.0,0.9,2.6,4.5,9.8,17.7,0.552,3.0,8.3,0.364,9.4,"AS,NBA3",0.6,5.0,117.0,0.55,12.8,26.0,0.492,8.1,9.1,0.886,68.0,68.0,2447.0,1.1,124.0,4.1,36.7,35.0,1.2,3.6,6.1,0.32,31.2,"AS,NBA3",1.0,3.0,-1.0,11.1,2.0,0.35,68.0,68.0,2447.0,4.0,2.7,7.2,21.9,35.0,1.2,10.6,7.1,0.611,29.8,3.1,9.2,0.181,"AS,NBA3",17,88,14,174,68,68,39,48,1168,2447,6.4,5.7,0,0,91,0,10,35,102,50,0.0,0.0,"AS,NBA3",0.452,0.074,15.4,14.0,0.013,0.492,0.76,0.551,0.472,0.552,0.447,0.364,68.0,68.0,2447.0,0.373,0.612,0.14,0.231,0.151,0.68,0.158,0.32,35.0,9.5,94.0,"AS,NBA3",68.0,68.0,101.0,81.0,99.0,101.0,104.0,113.0,143.0,105.0,2447.0,35.0,0.552,0.32,0.364,0.55,0.492,0.886,0.35,0.611,,4.0,4.0,102.0,78.0,96.0,100.0,104.0,121.0,258.0,114.0,166.0,87.0,0.556,0.308,0.35,0.546,0.492,0.951,0.631,0.662,0.308,26.7,,0.6,4.5,-0.3,8.9,-0.1,0.631,4.0,4.0,166.0,4.7,0.7,0.6,22.2,87.0,2.2,11.7,4.8,0.662,26.6,0.3,0.5,0.145,,2.0,5.0,0.0,12.0,4.0,4.0,1.0,7.0,58.0,166.0,18.0,-13.9,0.0,0.0,100.0,0.0,0.0,87.0,4.0,5.0,7.7,13.9,0.556,2.2,6.2,0.35,7.4,,0.3,3.7,128.0,0.546,9.9,20.1,0.492,12.1,12.7,0.951,4.0,4.0,166.0,0.3,128.0,5.6,34.0,87.0,2.2,3.4,4.0,5.4,9.8,0.556,1.5,4.3,0.35,5.2,,0.2,2.6,0.546,6.9,14.1,0.492,8.5,8.9,0.951,4.0,4.0,166.0,0.2,3.9,23.9,87.0,1.5,2.4,2.8,6.3,11.3,0.556,1.8,5.0,0.35,6.0,,0.3,3.0,0.546,8.0,16.3,0.492,9.8,10.3,0.951,4.0,4.0,41.5,0.3,4.5,27.5,12.0,1.8,2.8,3.3,0.0,0.0,,0.0,0.05,13.2,3.0,0.062,0.492,0.778,0.556,0.444,0.556,0.222,0.35,4.0,4.0,166.0,0.4,0.571,0.277,0.138,0.138,0.692,0.138,0.308,87.0,25.0,45.0,0.556,7.0,20.0,0.35,24.0,,1.0,12.0,0.546,32.0,65.0,0.492,39.0,41.0,0.951,4.0,4.0,166.0,1.0,18.0,110.0,55.0,7.0,11.0,13.0,0.0
curryst01,Stephen Curry,https://www.basketball-reference.com/players/c/curryst01.html,2023-24,2024,35.0,GSW,PG,PG,13.0,PG,74.0,74.0,2421.0,293.0,569.0,0.515,357.0,876.0,0.408,379.0,"CPOY-1,AS,NBA3",28.0,293.0,0.573,650.0,1445.0,0.45,299.0,324.0,0.923,37.0,117.0,1956.0,10.0,54.0,210.0,330.0,0.0,4.0,7.7,0.515,4.8,11.8,0.408,5.1,"CPOY-1,AS,NBA3",0.4,4.0,0.573,8.8,19.5,0.45,4.0,4.4,0.923,74.0,74.0,32.7,0.5,1.6,26.4,11.0,0.7,2.8,4.5,4.4,8.5,0.515,5.3,13.0,0.408,5.6,"CPOY-1,AS,NBA3",0.4,4.4,0.573,9.7,21.5,0.45,4.4,4.8,0.923,74.0,74.0,2421.0,0.6,1.7,29.1,38.0,0.8,3.1,4.9,5.9,11.4,0.515,7.1,17.5,0.408,7.6,"CPOY-1,AS,NBA3",0.6,5.9,117.0,0.573,13.0,28.9,0.45,6.0,6.5,0.923,74.0,74.0,2421.0,0.7,119.0,2.3,39.1,38.0,1.1,4.2,6.6,0.606,24.7,"CPOY-1,AS,NBA3",1.0,5.2,-1.1,12.9,2.0,0.224,74.0,74.0,2421.0,6.3,1.7,5.2,20.6,38.0,1.1,11.7,7.4,0.616,31.3,4.4,7.2,0.142,"CPOY-1,AS,NBA3",15,62,15,123,74,74,36,51,872,2421,-0.6,2.5,0,0,75,0,25,38,115,61,2.0,0.0,"CPOY-1,AS,NBA3",0.557,0.08,19.8,0.0,0.0,0.45,0.692,0.426,0.441,0.515,0.508,0.408,74.0,74.0,2421.0,0.399,0.611,0.074,0.065,0.082,0.394,0.173,0.606,38.0,77.5,114.5,"CPOY-1,AS,NBA3",74.0,74.0,94.0,154.0,111.0,105.0,95.0,118.0,92.0,106.0,2421.0,38.0,0.515,0.606,0.408,0.573,0.45,0.923,0.224,0.616,,,,,,,,,,,,,,,,,,,,,,,,,,,,,,,,,,,,,,,,,,,,,,,,,,,,,,,,,,,,,,,,,,,,,,,,,,,,,,,,,,,,,,,,,,,,,,,,,,,,,,,,,,,,,,,,,,,,,,,,,,,,,,,,,,,,,,,,,,,,,,,,,,,,,,,,,,,,,,,,,,,,,,,,,,,,,,,,,,,,,,,,,,,,,,,,,,,,,,,,,,,,,
holidjr01,Jrue Holiday,https://www.basketball-reference.com/players/h/holidjr01.html,2023-24,2024,33.0,BOS,PG,PG,14.0,PG,69.0,69.0,2263.0,193.0,367.0,0.526,138.0,322.0,0.429,333.0,"DPOY-6,DEF2",53.0,289.0,0.581,331.0,689.0,0.48,60.0,72.0,0.833,84.0,108.0,860.0,127.0,61.0,124.0,373.0,0.0,2.8,5.3,0.526,2.0,4.7,0.429,4.8,"DPOY-6,DEF2",0.8,4.2,0.581,4.8,10.0,0.48,0.9,1.0,0.833,69.0,69.0,32.8,1.2,1.6,12.5,129.0,0.9,1.8,5.4,3.1,5.8,0.526,2.2,5.1,0.429,5.3,"DPOY-6,DEF2",0.8,4.6,0.581,5.3,11.0,0.48,1.0,1.1,0.833,69.0,69.0,2263.0,1.3,1.7,13.7,58.0,1.0,2.0,5.9,4.2,8.0,0.526,3.0,7.0,0.429,7.3,"DPOY-6,DEF2",1.2,6.3,113.0,0.581,7.2,15.0,0.48,1.3,1.6,0.833,69.0,69.0,2263.0,1.8,121.0,2.4,18.8,58.0,1.3,2.7,8.1,0.467,19.3,"DPOY-6,DEF2",2.1,2.1,1.1,13.2,3.0,0.104,69.0,69.0,2263.0,1.0,4.2,3.3,14.4,58.0,1.3,14.7,8.9,0.597,16.3,2.4,6.3,0.133,"DPOY-6,DEF2",4,56,21,29,69,69,7,28,822,2263,-4.1,9.5,0,0,69,0,31,58,70,37,1.0,0.0,"DPOY-6,DEF2",0.619,0.261,15.7,5.0,0.01,0.48,0.688,0.397,0.417,0.526,0.49,0.429,69.0,69.0,2263.0,0.461,0.754,0.163,0.099,0.052,0.533,0.219,0.467,58.0,46.9,24.0,"DPOY-6,DEF2",69.0,69.0,96.0,118.0,117.0,106.0,101.0,106.0,43.0,103.0,2263.0,58.0,0.526,0.467,0.429,0.581,0.48,0.833,0.104,0.597,,19.0,19.0,107.0,114.0,110.0,109.0,106.0,122.0,47.0,106.0,720.0,5.0,0.585,0.451,0.402,0.593,0.503,0.955,0.114,0.617,0.451,17.0,,1.5,2.8,1.6,12.8,1.0,0.114,19.0,19.0,720.0,1.1,6.1,1.5,15.4,5.0,1.5,12.5,9.5,0.617,15.0,0.9,2.5,0.167,,1.0,19.0,6.0,9.0,19.0,19.0,2.0,1.0,202.0,720.0,10.3,10.9,0.0,0.0,70.0,0.0,30.0,5.0,15.0,9.0,4.5,7.7,0.585,2.5,6.3,0.402,6.0,,0.9,5.7,110.0,0.593,7.0,14.0,0.503,1.5,1.6,0.955,19.0,19.0,720.0,2.7,127.0,2.9,18.1,5.0,1.5,2.1,8.4,3.1,5.3,0.585,1.7,4.3,0.402,4.1,,0.6,4.0,0.593,4.8,9.6,0.503,1.0,1.1,0.955,19.0,19.0,720.0,1.8,2.0,12.5,5.0,1.0,1.4,5.8,3.3,5.6,0.585,1.8,4.6,0.402,4.4,,0.6,4.2,0.593,5.1,10.2,0.503,1.1,1.2,0.955,19.0,19.0,37.9,1.9,2.1,13.2,52.0,1.1,1.5,6.1,0.0,0.0,,0.36,0.287,14.3,2.0,0.01,0.503,0.767,0.273,1.0,0.585,0.49,0.402,19.0,19.0,720.0,0.597,0.657,0.223,0.057,0.005,0.549,0.264,0.451,5.0,62.0,106.0,0.585,35.0,87.0,0.402,83.0,,12.0,79.0,0.593,97.0,193.0,0.503,21.0,22.0,0.955,19.0,19.0,720.0,37.0,40.0,250.0,17.0,21.0,29.0,116.0,0.0
halibty01,Tyrese Haliburton,https://www.basketball-reference.com/players/h/halibty01.html,2023-24,2024,23.0,IND,PG,PG,15.0,PG,69.0,68.0,2224.0,305.0,513.0,0.595,195.0,535.0,0.364,752.0,"AS,NBA3",48.0,236.0,0.57,500.0,1048.0,0.477,194.0,227.0,0.855,35.0,75.0,1389.0,38.0,83.0,159.0,271.0,1.0,4.4,7.4,0.595,2.8,7.8,0.364,10.9,"AS,NBA3",0.7,3.4,0.57,7.2,15.2,0.477,2.8,3.3,0.855,69.0,68.0,32.2,0.5,1.1,20.1,48.0,1.2,2.3,3.9,4.9,8.3,0.595,3.2,8.7,0.364,12.2,"AS,NBA3",0.8,3.8,0.57,8.1,17.0,0.477,3.1,3.7,0.855,69.0,68.0,2224.0,0.6,1.2,22.5,64.0,1.3,2.6,4.4,6.5,10.9,0.595,4.1,11.3,0.364,16.0,"AS,NBA3",1.0,5.0,119.0,0.57,10.6,22.2,0.477,4.1,4.8,0.855,69.0,68.0,2224.0,0.7,129.0,1.6,29.5,64.0,1.8,3.4,5.7,0.51,44.9,"AS,NBA3",1.7,6.9,-0.4,12.0,1.5,0.217,69.0,68.0,2224.0,7.3,1.8,7.6,23.3,64.0,1.8,12.2,6.9,0.605,24.6,5.0,9.0,0.195,"AS,NBA3",5,49,7,97,69,68,42,57,1782,2224,5.7,5.5,0,0,90,0,10,64,121,19,4.0,0.0,"AS,NBA3",0.326,0.08,17.6,27.0,0.026,0.477,0.66,0.56,0.506,0.595,0.592,0.364,69.0,68.0,2224.0,0.315,0.472,0.155,0.087,0.077,0.49,0.171,0.51,64.0,49.5,57.5,"AS,NBA3",69.0,68.0,109.0,129.0,100.0,104.0,101.0,109.0,89.0,104.0,2224.0,64.0,0.595,0.51,0.364,0.57,0.477,0.855,0.217,0.605,,15.0,15.0,127.0,165.0,104.0,112.0,103.0,108.0,38.0,108.0,522.0,18.0,0.693,0.651,0.379,0.612,0.488,0.85,0.093,0.626,0.651,32.7,,1.8,6.2,-0.3,13.2,0.3,0.093,15.0,15.0,522.0,6.4,2.8,1.6,22.0,18.0,1.9,12.2,8.1,0.626,22.1,1.1,1.8,0.169,,1.0,8.0,2.0,8.0,15.0,15.0,4.0,5.0,289.0,522.0,8.6,4.3,0.0,0.0,77.0,0.0,23.0,18.0,18.0,8.0,5.1,7.4,0.693,5.2,13.7,0.379,12.1,,1.0,5.9,118.0,0.612,10.3,21.1,0.488,1.7,2.0,0.85,15.0,15.0,522.0,1.2,127.0,1.4,27.5,18.0,1.9,3.0,7.1,3.6,5.2,0.693,3.7,9.7,0.379,8.5,,0.7,4.1,0.612,7.2,14.8,0.488,1.2,1.4,0.85,15.0,15.0,522.0,0.8,1.0,19.3,18.0,1.3,2.1,5.0,3.5,5.0,0.693,3.5,9.3,0.379,8.2,,0.7,4.0,0.612,7.0,14.3,0.488,1.1,1.3,0.85,15.0,15.0,34.8,0.8,0.9,18.7,26.0,1.3,2.1,4.8,0.0,0.0,,0.429,0.05,20.2,8.0,0.037,0.488,0.889,0.75,0.571,0.693,0.5,0.379,15.0,15.0,522.0,0.404,0.585,0.126,0.056,0.065,0.349,0.102,0.651,18.0,52.0,75.0,0.693,53.0,140.0,0.379,123.0,,10.0,60.0,0.612,105.0,215.0,0.488,17.0,20.0,0.85,15.0,15.0,522.0,12.0,14.0,280.0,15.0,19.0,31.0,72.0,1.0
conlemi01,Mike Conley,https://www.basketball-reference.com/players/c/conlemi01.html,2023-24,2024,36.0,MIN,PG,PG,16.0,PG,76.0,76.0,2193.0,115.0,239.0,0.481,179.0,405.0,0.442,449.0,,17.0,181.0,0.595,294.0,644.0,0.457,102.0,112.0,0.911,37.0,128.0,869.0,120.0,88.0,102.0,218.0,0.0,1.5,3.1,0.481,2.4,5.3,0.442,5.9,,0.2,2.4,0.595,3.9,8.5,0.457,1.3,1.5,0.911,76.0,76.0,28.9,0.5,1.7,11.4,148.0,1.2,1.3,2.9,1.9,3.9,0.481,2.9,6.6,0.442,7.4,,0.3,3.0,0.595,4.8,10.6,0.457,1.7,1.8,0.911,76.0,76.0,2193.0,0.6,2.1,14.3,70.0,1.4,1.7,3.6,2.6,5.4,0.481,4.0,9.1,0.442,10.1,,0.4,4.1,111.0,0.595,6.6,14.5,0.457,2.3,2.5,0.911,76.0,76.0,2193.0,0.8,129.0,2.9,19.6,70.0,2.0,2.3,4.9,0.629,28.4,,0.7,3.4,1.4,9.0,3.3,0.174,76.0,76.0,2193.0,2.0,2.0,5.0,15.8,70.0,2.0,12.8,5.6,0.627,16.0,3.0,8.2,0.18,,2,57,27,37,76,76,9,15,1049,2193,-2.6,5.4,0,0,100,0,0,70,81,13,0.0,0.0,,0.484,0.225,18.8,0.0,0.0,0.457,0.648,0.362,0.348,0.481,0.49,0.442,76.0,76.0,2193.0,0.461,0.804,0.084,0.09,0.036,0.371,0.161,0.629,70.0,63.1,64.8,,76.0,76.0,88.0,159.0,121.0,109.0,96.0,116.0,71.0,108.0,2193.0,70.0,0.481,0.629,0.442,0.595,0.457,0.911,0.174,0.627,,15.0,15.0,85.0,133.0,108.0,97.0,90.0,91.0,79.0,95.0,474.0,22.0,0.464,0.524,0.395,0.531,0.428,0.714,0.193,0.553,0.524,26.8,,0.6,2.8,2.3,12.0,0.5,0.193,15.0,15.0,474.0,0.5,2.5,0.8,15.0,22.0,2.3,11.3,7.3,0.553,17.0,0.6,1.3,0.134,,1.0,17.0,8.0,6.0,15.0,15.0,1.0,10.0,200.0,474.0,1.4,5.1,0.0,0.0,100.0,0.0,0.0,22.0,14.0,5.0,3.5,7.6,0.464,3.3,8.4,0.395,9.5,,0.3,5.3,113.0,0.531,6.8,16.0,0.428,2.2,3.1,0.714,15.0,15.0,474.0,1.1,121.0,4.2,19.2,22.0,2.3,2.2,6.4,2.4,5.2,0.464,2.3,5.8,0.395,6.5,,0.2,3.6,0.531,4.7,11.0,0.428,1.5,2.1,0.714,15.0,15.0,474.0,0.8,2.9,13.2,22.0,1.6,1.5,4.4,2.1,4.6,0.464,2.0,5.1,0.395,5.7,,0.2,3.2,0.531,4.1,9.7,0.428,1.3,1.9,0.714,15.0,15.0,31.6,0.7,2.5,11.6,63.0,1.4,1.3,3.9,1.0,0.0,,0.5,0.237,16.5,0.0,0.0,0.428,0.48,0.4,1.0,0.464,0.464,0.395,15.0,15.0,474.0,0.406,0.633,0.172,0.103,0.007,0.476,0.193,0.524,22.0,32.0,69.0,0.464,30.0,76.0,0.395,86.0,,3.0,48.0,0.531,62.0,145.0,0.428,20.0,28.0,0.714,15.0,15.0,474.0,10.0,38.0,174.0,36.0,21.0,20.0,58.0,0.0
mccolcj01,CJ McCollum,https://www.basketball-reference.com/players/m/mccolcj01.html,2023-24,2024,32.0,NOP,PG,PG,17.0,PG,66.0,66.0,2159.0,245.0,498.0,0.492,239.0,557.0,0.429,305.0,,41.0,247.0,0.572,484.0,1055.0,0.459,115.0,139.0,0.827,39.0,126.0,1322.0,54.0,62.0,110.0,286.0,0.0,3.7,7.5,0.492,3.6,8.4,0.429,4.6,,0.6,3.7,0.572,7.3,16.0,0.459,1.7,2.1,0.827,66.0,66.0,32.7,0.6,1.9,20.0,50.0,0.9,1.7,4.3,4.1,8.3,0.492,4.0,9.3,0.429,5.1,,0.7,4.1,0.572,8.1,17.6,0.459,1.9,2.3,0.827,66.0,66.0,2159.0,0.7,2.1,22.0,73.0,1.0,1.8,4.8,5.6,11.3,0.492,5.4,12.6,0.429,6.9,,0.9,5.6,114.0,0.572,11.0,24.0,0.459,2.6,3.2,0.827,66.0,66.0,2159.0,0.9,118.0,2.9,30.0,73.0,1.4,2.5,6.5,0.528,21.4,,1.9,3.1,-0.3,12.6,2.4,0.132,66.0,66.0,2159.0,3.3,2.0,3.5,17.9,73.0,1.4,9.0,7.4,0.592,24.7,2.8,5.9,0.132,,6,68,6,65,66,66,14,41,705,2159,-2.3,3.6,0,0,88,0,12,73,61,30,0.0,0.0,,0.448,0.12,17.5,5.0,0.005,0.459,0.584,0.477,0.443,0.492,0.464,0.429,66.0,66.0,2159.0,0.392,0.741,0.107,0.121,0.058,0.472,0.186,0.528,73.0,53.8,27.3,,66.0,66.0,90.0,134.0,117.0,105.0,97.0,105.0,54.0,102.0,2159.0,73.0,0.492,0.528,0.429,0.572,0.459,0.827,0.132,0.592,,4.0,4.0,98.0,99.0,66.0,85.0,88.0,128.0,11.0,82.0,148.0,96.0,0.533,0.392,0.241,0.466,0.419,1.0,0.027,0.474,0.392,26.3,,2.0,0.2,1.5,13.5,0.2,0.027,4.0,4.0,148.0,-1.4,1.4,-0.4,9.9,96.0,2.4,17.6,7.0,0.474,26.9,0.1,-0.2,-0.059,,4.0,5.0,1.0,1.0,4.0,4.0,0.0,2.0,46.0,148.0,-9.6,-20.0,0.0,0.0,77.0,0.0,23.0,96.0,7.0,5.0,8.3,15.5,0.533,2.4,10.0,0.241,6.5,,1.0,5.8,111.0,0.466,10.7,25.5,0.419,0.7,0.7,1.0,4.0,4.0,148.0,0.7,88.0,4.8,24.4,96.0,2.4,5.5,6.5,5.8,10.9,0.533,1.7,7.1,0.241,4.6,,0.7,4.1,0.466,7.5,18.0,0.419,0.5,0.5,1.0,4.0,4.0,148.0,0.5,3.4,17.3,96.0,1.7,3.9,4.6,6.0,11.3,0.533,1.8,7.3,0.241,4.8,,0.8,4.3,0.466,7.8,18.5,0.419,0.5,0.5,1.0,4.0,4.0,37.0,0.5,3.5,17.8,29.0,1.8,4.0,4.8,0.0,0.0,,0.222,0.31,15.2,1.0,0.014,0.419,0.7,0.5,0.4,0.533,0.5,0.241,4.0,4.0,148.0,0.292,0.857,0.135,0.189,0.068,0.608,0.216,0.392,96.0,24.0,45.0,0.533,7.0,29.0,0.241,19.0,,3.0,17.0,0.466,31.0,74.0,0.419,2.0,2.0,1.0,4.0,4.0,148.0,2.0,14.0,71.0,75.0,7.0,16.0,19.0,0.0
dinwisp01,Spencer Dinwiddie,https://www.basketball-reference.com/players/d/dinwisp01.html,2023-24,2024,30.0,2TM,PG,PG,18.0,PG,76.0,52.0,2152.0,127.0,272.0,0.467,124.0,368.0,0.337,356.0,,22.0,175.0,0.489,251.0,640.0,0.392,169.0,210.0,0.805,30.0,138.0,795.0,140.0,51.0,91.0,205.0,0.0,1.7,3.6,0.467,1.6,4.8,0.337,4.7,,0.3,2.3,0.489,3.3,8.4,0.392,2.2,2.8,0.805,76.0,52.0,28.3,0.4,1.8,10.5,168.0,0.7,1.2,2.7,2.1,4.6,0.467,2.1,6.2,0.337,6.0,,0.4,2.9,0.489,4.2,10.7,0.392,2.8,3.5,0.805,76.0,52.0,2152.0,0.5,2.3,13.3,74.0,0.9,1.5,3.4,2.9,6.2,0.467,2.8,8.4,0.337,8.1,,0.5,4.0,119.0,0.489,5.7,14.5,0.392,3.8,4.8,0.805,76.0,52.0,2152.0,0.7,117.0,3.1,18.1,74.0,1.2,2.1,4.7,0.575,22.7,,0.9,-1.9,-0.6,9.0,1.3,0.328,76.0,52.0,2152.0,-1.3,1.5,2.3,11.7,74.0,1.2,11.1,5.2,0.543,16.6,0.1,3.6,0.081,,12,61,11,100,76,52,23,18,882,2152,3.9,1.0,0,0,74,1,25,74,57,15,2.0,0.0,,0.511,0.25,17.9,8.0,0.017,0.392,0.642,0.325,0.267,0.467,0.426,0.337,76.0,52.0,2152.0,0.157,0.782,0.127,0.063,0.023,0.425,0.213,0.575,74.0,-73.5,-54.6,,76.0,52.0,86.0,146.0,92.0,89.0,83.0,103.0,134.0,94.0,2152.0,74.0,0.467,0.575,0.337,0.489,0.392,0.805,0.328,0.543,,5.0,0.0,92.0,145.0,68.0,78.0,75.0,64.0,175.0,78.0,73.0,131.0,0.5,0.571,0.25,0.429,0.357,0.5,0.429,0.451,0.571,13.7,,1.2,-1.5,1.7,8.9,0.1,0.429,5.0,0.0,73.0,-3.3,1.6,0.0,7.5,131.0,1.4,5.7,5.3,0.451,11.2,0.0,0.1,0.041,,0.0,1.0,0.0,3.0,5.0,0.0,0.0,0.0,17.0,73.0,-12.0,-9.9,0.0,0.0,27.0,7.0,66.0,131.0,1.0,0.0,2.1,4.1,0.5,1.4,5.5,0.25,5.5,,0.7,4.1,116.0,0.429,3.5,9.7,0.357,2.1,4.1,0.5,5.0,0.0,73.0,0.7,106.0,4.8,10.4,131.0,1.4,0.7,4.8,1.5,3.0,0.5,1.0,3.9,0.25,3.9,,0.5,3.0,0.429,2.5,6.9,0.357,1.5,3.0,0.5,5.0,0.0,73.0,0.5,3.5,7.4,131.0,1.0,0.5,3.5,0.6,1.2,0.5,0.4,1.6,0.25,1.6,,0.2,1.2,0.429,1.0,2.8,0.357,0.6,1.2,0.5,5.0,0.0,14.6,0.2,1.4,3.0,139.0,0.4,0.2,1.4,0.0,0.0,,0.667,0.375,16.0,0.0,0.0,0.357,1.0,,,0.5,0.25,0.25,5.0,0.0,73.0,0.667,1.0,0.143,0.0,0.0,0.429,0.286,0.571,131.0,3.0,6.0,0.5,2.0,8.0,0.25,8.0,,1.0,6.0,0.429,5.0,14.0,0.357,3.0,6.0,0.5,5.0,0.0,73.0,1.0,7.0,15.0,141.0,2.0,1.0,7.0,0.0
jonestr01,Tre Jones,https://www.basketball-reference.com/players/j/jonestr01.html,2023-24,2024,24.0,SAS,PG,PG,19.0,PG,77.0,48.0,2138.0,239.0,409.0,0.584,64.0,191.0,0.335,478.0,,9.0,231.0,0.558,303.0,600.0,0.505,101.0,118.0,0.856,58.0,92.0,771.0,148.0,78.0,116.0,289.0,1.0,3.1,5.3,0.584,0.8,2.5,0.335,6.2,,0.1,3.0,0.558,3.9,7.8,0.505,1.3,1.5,0.856,77.0,48.0,27.8,0.8,1.2,10.0,181.0,1.0,1.5,3.8,4.0,6.9,0.584,1.1,3.2,0.335,8.0,,0.2,3.9,0.558,5.1,10.1,0.505,1.7,2.0,0.856,77.0,48.0,2138.0,1.0,1.5,13.0,75.0,1.3,2.0,4.9,5.3,9.1,0.584,1.4,4.2,0.335,10.6,,0.2,5.1,118.0,0.558,6.7,13.3,0.505,2.2,2.6,0.856,77.0,48.0,2138.0,1.3,123.0,2.0,17.1,75.0,1.7,2.6,6.4,0.318,30.8,,0.3,-0.4,0.1,11.8,1.6,0.197,77.0,48.0,2138.0,-0.4,2.9,3.4,14.7,75.0,1.7,15.1,7.3,0.591,15.2,0.9,4.9,0.111,,4,37,35,38,77,48,7,30,1164,2138,12.6,-0.5,0,0,100,0,0,75,86,20,2.0,0.0,,0.377,0.403,11.5,1.0,0.003,0.505,0.726,0.367,0.286,0.584,0.497,0.335,77.0,48.0,2138.0,0.406,0.906,0.328,0.1,0.012,0.682,0.242,0.318,75.0,14.2,14.8,,77.0,48.0,107.0,81.0,92.0,102.0,106.0,109.0,81.0,102.0,2138.0,75.0,0.584,0.318,0.335,0.558,0.505,0.856,0.197,0.591,,,,,,,,,,,,,,,,,,,,,,,,,,,,,,,,,,,,,,,,,,,,,,,,,,,,,,,,,,,,,,,,,,,,,,,,,,,,,,,,,,,,,,,,,,,,,,,,,,,,,,,,,,,,,,,,,,,,,,,,,,,,,,,,,,,,,,,,,,,,,,,,,,,,,,,,,,,,,,,,,,,,,,,,,,,,,,,,,,,,,,,,,,,,,,,,,,,,,,,,,,,,,
cunnica01,Cade Cunningham,https://www.basketball-reference.com/players/c/cunnica01.html,2023-24,2024,22.0,DET,PG,PG,20.0,PG,62.0,62.0,2074.0,405.0,832.0,0.487,119.0,335.0,0.355,464.0,,22.0,235.0,0.5,524.0,1167.0,0.449,238.0,274.0,0.869,33.0,153.0,1405.0,37.0,56.0,212.0,268.0,0.0,6.5,13.4,0.487,1.9,5.4,0.355,7.5,,0.4,3.8,0.5,8.5,18.8,0.449,3.8,4.4,0.869,62.0,62.0,33.5,0.5,2.5,22.7,29.0,0.9,3.4,4.3,7.0,14.4,0.487,2.1,5.8,0.355,8.1,,0.4,4.1,0.5,9.1,20.3,0.449,4.1,4.8,0.869,62.0,62.0,2074.0,0.6,2.7,24.4,90.0,1.0,3.7,4.7,9.4,19.3,0.487,2.8,7.8,0.355,10.8,,0.5,5.5,120.0,0.5,12.2,27.1,0.449,5.5,6.4,0.869,62.0,62.0,2074.0,0.8,108.0,3.5,32.6,90.0,1.3,4.9,6.2,0.287,37.5,,0.9,0.3,-1.6,12.9,1.0,0.235,62.0,62.0,2074.0,2.0,1.7,0.7,17.1,90.0,1.3,14.1,7.2,0.546,30.8,1.2,1.8,0.041,,13,81,6,109,62,62,21,92,1076,2074,1.6,-8.1,0,0,65,3,32,90,126,59,5.0,0.0,,0.359,0.116,13.5,23.0,0.022,0.449,0.618,0.528,0.427,0.487,0.402,0.355,62.0,62.0,2074.0,0.262,0.706,0.177,0.154,0.106,0.713,0.275,0.287,90.0,-108.6,-88.5,,62.0,62.0,89.0,73.0,97.0,91.0,95.0,111.0,96.0,94.0,2074.0,90.0,0.487,0.287,0.355,0.5,0.449,0.869,0.235,0.546,,,,,,,,,,,,,,,,,,,,,,,,,,,,,,,,,,,,,,,,,,,,,,,,,,,,,,,,,,,,,,,,,,,,,,,,,,,,,,,,,,,,,,,,,,,,,,,,,,,,,,,,,,,,,,,,,,,,,,,,,,,,,,,,,,,,,,,,,,,,,,,,,,,,,,,,,,,,,,,,,,,,,,,,,,,,,,,,,,,,,,,,,,,,,,,,,,,,,,,,,,,,,
roziete01,Terry Rozier,https://www.basketball-reference.com/players/r/roziete01.html,2023-24,2024,29.0,2TM,SG,PG,21.0,PG,61.0,60.0,2040.0,293.0,588.0,0.498,149.0,410.0,0.363,342.0,,21.0,212.0,0.518,442.0,998.0,0.443,172.0,198.0,0.869,35.0,101.0,1205.0,64.0,63.0,106.0,247.0,0.0,4.8,9.6,0.498,2.4,6.7,0.363,5.6,,0.3,3.5,0.518,7.2,16.4,0.443,2.8,3.2,0.869,61.0,60.0,33.4,0.6,1.7,19.8,52.0,1.0,1.7,4.0,5.2,10.4,0.498,2.6,7.2,0.363,6.0,,0.4,3.7,0.518,7.8,17.6,0.443,3.0,3.5,0.869,61.0,60.0,2040.0,0.6,1.8,21.3,97.0,1.1,1.9,4.4,7.1,14.3,0.498,3.6,10.0,0.363,8.3,,0.5,5.2,118.0,0.518,10.7,24.3,0.443,4.2,4.8,0.869,61.0,60.0,2040.0,0.9,114.0,2.5,29.3,97.0,1.5,2.6,6.0,0.411,27.5,,1.0,1.5,-0.7,12.0,1.6,0.198,61.0,60.0,2040.0,2.2,1.9,2.3,17.3,97.0,1.5,8.9,6.8,0.555,25.9,1.8,3.9,0.091,,8,44,33,80,61,60,17,58,825,2040,-3.0,-6.8,0,0,82,0,18,97,66,27,2.0,0.0,,0.383,0.28,15.2,2.0,0.002,0.443,0.563,0.411,0.467,0.498,0.509,0.363,61.0,60.0,2040.0,0.29,0.651,0.16,0.112,0.092,0.589,0.224,0.411,97.0,-57.9,-53.7,,61.0,60.0,91.0,104.0,99.0,95.0,93.0,111.0,81.0,96.0,2040.0,97.0,0.498,0.411,0.363,0.518,0.443,0.869,0.198,0.555,,,,,,,,,,,,,,,,,,,,,,,,,,,,,,,,,,,,,,,,,,,,,,,,,,,,,,,,,,,,,,,,,,,,,,,,,,,,,,,,,,,,,,,,,,,,,,,,,,,,,,,,,,,,,,,,,,,,,,,,,,,,,,,,,,,,,,,,,,,,,,,,,,,,,,,,,,,,,,,,,,,,,,,,,,,,,,,,,,,,,,,,,,,,,,,,,,,,,,,,,,,,,
georgke01,Keyonte George,https://www.basketball-reference.com/players/g/georgke01.html,2023-24,2024,20.0,UTA,PG,PG,22.0,PG,75.0,44.0,2023.0,172.0,375.0,0.459,147.0,440.0,0.334,332.0,,7.0,196.0,0.482,319.0,815.0,0.391,189.0,223.0,0.848,15.0,91.0,974.0,100.0,36.0,188.0,211.0,0.0,2.3,5.0,0.459,2.0,5.9,0.334,4.4,,0.1,2.6,0.482,4.3,10.9,0.391,2.5,3.0,0.848,75.0,44.0,27.0,0.2,1.2,13.0,122.0,0.5,2.5,2.8,3.1,6.7,0.459,2.6,7.8,0.334,5.9,,0.1,3.5,0.482,5.7,14.5,0.391,3.4,4.0,0.848,75.0,44.0,2023.0,0.3,1.6,17.3,102.0,0.6,3.3,3.8,4.1,8.9,0.459,3.5,10.5,0.334,7.9,,0.2,4.7,124.0,0.482,7.6,19.4,0.391,4.5,5.3,0.848,75.0,44.0,2023.0,0.4,104.0,2.2,23.2,102.0,0.9,4.5,5.0,0.54,23.1,,0.3,-4.4,-2.9,10.6,0.1,0.274,75.0,44.0,2023.0,-1.5,0.8,-0.4,10.4,102.0,0.9,17.1,5.7,0.533,22.8,-1.2,-0.3,-0.008,,9,31,24,103,75,44,24,51,794,2023,-8.1,-8.9,0,0,99,0,2,102,115,47,3.0,0.0,,0.357,0.127,17.9,12.0,0.015,0.391,0.689,0.447,0.302,0.459,0.425,0.334,75.0,44.0,2023.0,0.366,0.701,0.075,0.104,0.053,0.46,0.228,0.54,102.0,-105.9,-85.2,,75.0,44.0,84.0,137.0,91.0,88.0,83.0,108.0,112.0,92.0,2023.0,102.0,0.459,0.54,0.334,0.482,0.391,0.848,0.274,0.533,,,,,,,,,,,,,,,,,,,,,,,,,,,,,,,,,,,,,,,,,,,,,,,,,,,,,,,,,,,,,,,,,,,,,,,,,,,,,,,,,,,,,,,,,,,,,,,,,,,,,,,,,,,,,,,,,,,,,,,,,,,,,,,,,,,,,,,,,,,,,,,,,,,,,,,,,,,,,,,,,,,,,,,,,,,,,,,,,,,,,,,,,,,,,,,,,,,,,,,,,,,,,
quickim01,Immanuel Quickley,https://www.basketball-reference.com/players/q/quickim01.html,2023-24,2024,24.0,2TM,SG,PG,23.0,PG,68.0,38.0,1985.0,217.0,461.0,0.471,171.0,433.0,0.395,331.0,,10.0,242.0,0.53,388.0,894.0,0.434,209.0,245.0,0.853,17.0,119.0,1156.0,72.0,50.0,101.0,259.0,0.0,3.2,6.8,0.471,2.5,6.4,0.395,4.9,,0.1,3.6,0.53,5.7,13.1,0.434,3.1,3.6,0.853,68.0,38.0,29.2,0.3,1.8,17.0,74.0,0.7,1.5,3.8,3.9,8.4,0.471,3.1,7.9,0.395,6.0,,0.2,4.4,0.53,7.0,16.2,0.434,3.8,4.4,0.853,68.0,38.0,1985.0,0.3,2.2,21.0,108.0,0.9,1.8,4.7,5.4,11.4,0.471,4.2,10.7,0.395,8.2,,0.2,6.0,119.0,0.53,9.6,22.1,0.434,5.2,6.1,0.853,68.0,38.0,1985.0,0.4,119.0,2.9,28.6,108.0,1.2,2.5,6.4,0.484,24.6,,0.5,1.3,-0.9,13.7,1.2,0.274,68.0,38.0,1985.0,2.2,0.9,3.5,16.7,108.0,1.2,9.2,7.2,0.577,23.8,1.7,4.7,0.115,,6,62,17,108,68,38,20,45,780,1985,1.9,-0.8,0,0,69,0,31,108,59,26,0.0,0.0,,0.293,0.189,16.8,5.0,0.006,0.434,0.696,0.446,0.319,0.471,0.405,0.395,68.0,38.0,1985.0,0.387,0.667,0.114,0.125,0.053,0.516,0.224,0.484,108.0,-30.2,-6.1,,68.0,38.0,86.0,123.0,108.0,97.0,91.0,109.0,112.0,99.0,1985.0,108.0,0.471,0.484,0.395,0.53,0.434,0.853,0.274,0.577,,,,,,,,,,,,,,,,,,,,,,,,,,,,,,,,,,,,,,,,,,,,,,,,,,,,,,,,,,,,,,,,,,,,,,,,,,,,,,,,,,,,,,,,,,,,,,,,,,,,,,,,,,,,,,,,,,,,,,,,,,,,,,,,,,,,,,,,,,,,,,,,,,,,,,,,,,,,,,,,,,,,,,,,,,,,,,,,,,,,,,,,,,,,,,,,,,,,,,,,,,,,,
mitchdo01,Donovan Mitchell,https://www.basketball-reference.com/players/m/mitchdo01.html,2023-24,2024,27.0,CLE,SG,PG,24.0,PG,55.0,55.0,1942.0,321.0,595.0,0.539,182.0,494.0,0.368,333.0,AS,30.0,234.0,0.545,503.0,1089.0,0.462,275.0,318.0,0.865,46.0,118.0,1463.0,33.0,101.0,154.0,280.0,0.0,5.8,10.8,0.539,3.3,9.0,0.368,6.1,AS,0.5,4.3,0.545,9.1,19.8,0.462,5.0,5.8,0.865,55.0,55.0,35.3,0.8,2.1,26.6,10.0,1.8,2.8,5.1,6.0,11.0,0.539,3.4,9.2,0.368,6.2,AS,0.6,4.3,0.545,9.3,20.2,0.462,5.1,5.9,0.865,55.0,55.0,1942.0,0.9,2.2,27.1,114.0,1.9,2.9,5.2,8.2,15.1,0.539,4.6,12.6,0.368,8.5,AS,0.8,6.0,111.0,0.545,12.8,27.7,0.462,7.0,8.1,0.865,55.0,55.0,1942.0,1.2,117.0,3.0,37.2,114.0,2.6,3.9,7.1,0.454,28.3,AS,1.4,5.8,1.2,13.4,2.9,0.292,55.0,55.0,1942.0,4.6,2.7,3.6,22.1,114.0,2.6,11.1,8.1,0.595,31.4,3.9,6.4,0.159,AS,6,55,4,122,55,55,26,54,808,1942,9.1,7.2,0,0,58,0,42,114,87,52,1.0,0.0,AS,0.32,0.051,16.4,18.0,0.019,0.462,0.702,0.462,0.455,0.539,0.411,0.368,55.0,55.0,1942.0,0.249,0.56,0.209,0.097,0.101,0.546,0.139,0.454,114.0,-2.4,37.5,AS,55.0,55.0,99.0,115.0,101.0,100.0,97.0,110.0,120.0,103.0,1942.0,114.0,0.539,0.454,0.368,0.545,0.462,0.865,0.292,0.595,,10.0,10.0,100.0,92.0,97.0,99.0,100.0,104.0,118.0,101.0,382.0,36.0,0.545,0.364,0.354,0.54,0.476,0.815,0.289,0.584,0.364,24.6,,0.8,7.2,1.4,14.3,0.4,0.289,10.0,10.0,382.0,5.8,1.8,0.5,22.2,36.0,1.8,9.9,8.1,0.584,34.3,0.9,1.0,0.12,,1.0,16.0,2.0,29.0,10.0,10.0,8.0,11.0,107.0,382.0,15.0,-2.1,0.0,0.0,29.0,0.0,71.0,36.0,14.0,12.0,10.6,19.4,0.545,3.9,11.1,0.354,6.4,,0.4,6.5,112.0,0.54,14.5,30.5,0.476,7.2,8.8,0.815,10.0,10.0,382.0,0.8,111.0,3.9,40.1,36.0,1.8,3.8,7.3,7.4,13.5,0.545,2.7,7.7,0.354,4.4,,0.3,4.5,0.54,10.1,21.2,0.476,5.0,6.1,0.815,10.0,10.0,382.0,0.6,2.7,27.9,36.0,1.2,2.6,5.1,7.8,14.3,0.545,2.9,8.2,0.354,4.7,,0.3,4.8,0.54,10.7,22.5,0.476,5.3,6.5,0.815,10.0,10.0,38.2,0.6,2.9,29.6,6.0,1.3,2.8,5.4,1.0,0.0,,0.0,0.024,14.7,3.0,0.013,0.476,0.712,0.5,0.346,0.545,0.489,0.354,10.0,10.0,382.0,0.205,0.172,0.231,0.08,0.116,0.636,0.209,0.364,36.0,78.0,143.0,0.545,29.0,82.0,0.354,47.0,,3.0,48.0,0.54,107.0,225.0,0.476,53.0,65.0,0.815,10.0,10.0,382.0,6.0,29.0,296.0,12.0,13.0,28.0,54.0,0.0
youngtr01,Trae Young,https://www.basketball-reference.com/players/y/youngtr01.html,2023-24,2024,25.0,ATL,PG,PG,24.0,PG,54.0,54.0,1942.0,258.0,539.0,0.479,175.0,469.0,0.373,583.0,AS,11.0,126.0,0.516,433.0,1008.0,0.43,348.0,407.0,0.855,23.0,109.0,1389.0,39.0,72.0,235.0,149.0,0.0,4.8,10.0,0.479,3.2,8.7,0.373,10.8,AS,0.2,2.3,0.516,8.0,18.7,0.43,6.4,7.5,0.855,54.0,54.0,36.0,0.4,2.0,25.7,16.0,1.3,4.4,2.8,4.8,10.0,0.479,3.2,8.7,0.373,10.8,AS,0.2,2.3,0.516,8.0,18.7,0.43,6.5,7.5,0.855,54.0,54.0,1942.0,0.4,2.0,25.7,115.0,1.3,4.4,2.8,6.4,13.3,0.479,4.3,11.6,0.373,14.4,AS,0.3,3.1,122.0,0.516,10.7,24.9,0.43,8.6,10.1,0.855,54.0,54.0,1942.0,0.6,117.0,2.7,34.3,115.0,1.8,5.8,3.7,0.465,45.1,AS,0.5,2.6,-2.3,7.3,0.6,0.404,54.0,54.0,1942.0,4.9,1.2,4.0,20.3,115.0,1.8,16.5,4.2,0.585,30.5,2.2,4.6,0.114,AS,7,49,35,131,54,54,30,54,1382,1942,-0.3,-2.4,0,0,100,0,0,115,174,41,5.0,0.0,AS,0.48,0.053,17.6,0.0,0.001,0.43,0.598,0.456,0.471,0.479,0.424,0.373,54.0,54.0,1942.0,0.252,0.337,0.121,0.157,0.067,0.535,0.189,0.465,115.0,-60.8,12.0,AS,54.0,54.0,88.0,118.0,102.0,94.0,91.0,109.0,165.0,101.0,1942.0,115.0,0.479,0.465,0.373,0.516,0.43,0.855,0.404,0.585,,,,,,,,,,,,,,,,,,,,,,,,,,,,,,,,,,,,,,,,,,,,,,,,,,,,,,,,,,,,,,,,,,,,,,,,,,,,,,,,,,,,,,,,,,,,,,,,,,,,,,,,,,,,,,,,,,,,,,,,,,,,,,,,,,,,,,,,,,,,,,,,,,,,,,,,,,,,,,,,,,,,,,,,,,,,,,,,,,,,,,,,,,,,,,,,,,,,,,,,,,,,,
jonesty01,Tyus Jones,https://www.basketball-reference.com/players/j/jonesty01.html,2023-24,2024,27.0,WAS,PG,PG,26.0,PG,66.0,66.0,1933.0,220.0,410.0,0.537,106.0,256.0,0.414,485.0,,18.0,159.0,0.569,326.0,666.0,0.489,32.0,40.0,0.8,20.0,48.0,790.0,142.0,71.0,66.0,179.0,1.0,3.3,6.2,0.537,1.6,3.9,0.414,7.3,,0.3,2.4,0.569,4.9,10.1,0.489,0.5,0.6,0.8,66.0,66.0,29.3,0.3,0.7,12.0,140.0,1.1,1.0,2.7,4.1,7.6,0.537,2.0,4.8,0.414,9.0,,0.3,3.0,0.569,6.1,12.4,0.489,0.6,0.7,0.8,66.0,66.0,1933.0,0.4,0.9,14.7,117.0,1.3,1.2,3.3,5.3,9.9,0.537,2.6,6.2,0.414,11.7,,0.4,3.8,121.0,0.569,7.9,16.1,0.489,0.8,1.0,0.8,66.0,66.0,1933.0,0.5,126.0,1.2,19.1,117.0,1.7,1.6,4.3,0.384,34.6,,0.8,0.7,-0.9,9.0,0.7,0.06,66.0,66.0,1933.0,1.5,1.1,3.9,16.5,117.0,1.7,8.8,5.0,0.578,16.3,1.3,4.5,0.113,,2,19,12,19,66,66,6,23,1155,1933,-6.1,-12.4,0,0,100,0,0,117,55,8,0.0,0.0,,0.476,0.246,14.8,0.0,0.0,0.489,0.635,0.56,0.5,0.537,0.49,0.414,66.0,66.0,1933.0,0.418,0.792,0.111,0.174,0.033,0.616,0.297,0.384,117.0,30.0,-3.0,,66.0,66.0,98.0,97.0,113.0,104.0,103.0,102.0,25.0,100.0,1933.0,117.0,0.537,0.384,0.414,0.569,0.489,0.8,0.06,0.578,,,,,,,,,,,,,,,,,,,,,,,,,,,,,,,,,,,,,,,,,,,,,,,,,,,,,,,,,,,,,,,,,,,,,,,,,,,,,,,,,,,,,,,,,,,,,,,,,,,,,,,,,,,,,,,,,,,,,,,,,,,,,,,,,,,,,,,,,,,,,,,,,,,,,,,,,,,,,,,,,,,,,,,,,,,,,,,,,,,,,,,,,,,,,,,,,,,,,,,,,,,,,
garlada01,Darius Garland,https://www.basketball-reference.com/players/g/garlada01.html,2023-24,2024,24.0,CLE,PG,PG,27.0,PG,57.0,57.0,1901.0,243.0,485.0,0.501,132.0,356.0,0.371,373.0,,7.0,122.0,0.524,375.0,841.0,0.446,146.0,175.0,0.834,30.0,95.0,1028.0,90.0,74.0,176.0,152.0,0.0,4.3,8.5,0.501,2.3,6.2,0.371,6.5,,0.1,2.1,0.524,6.6,14.8,0.446,2.6,3.1,0.834,57.0,57.0,33.4,0.5,1.7,18.0,64.0,1.3,3.1,2.7,4.6,9.2,0.501,2.5,6.7,0.371,7.1,,0.1,2.3,0.524,7.1,15.9,0.446,2.8,3.3,0.834,57.0,57.0,1901.0,0.6,1.8,19.5,123.0,1.4,3.3,2.9,6.3,12.6,0.501,3.4,9.3,0.371,9.7,,0.2,3.2,115.0,0.524,9.7,21.9,0.446,3.8,4.5,0.834,57.0,57.0,1901.0,0.8,108.0,2.5,26.7,123.0,1.9,4.6,4.0,0.423,29.4,,0.3,-1.0,-1.2,7.1,2.0,0.208,57.0,57.0,1901.0,0.2,1.8,0.7,14.5,123.0,1.9,16.1,4.5,0.56,25.3,0.5,2.7,0.067,,9,36,16,72,57,57,15,48,878,1901,-1.6,1.8,0,0,100,0,0,123,104,40,0.0,0.0,,0.44,0.14,15.7,0.0,0.0,0.446,0.643,0.505,0.446,0.501,0.406,0.371,57.0,57.0,1901.0,0.346,0.652,0.17,0.115,0.077,0.577,0.214,0.423,123.0,-37.3,-36.9,,57.0,57.0,92.0,107.0,101.0,96.0,94.0,106.0,85.0,97.0,1901.0,123.0,0.501,0.423,0.371,0.524,0.446,0.834,0.208,0.56,,12.0,12.0,88.0,105.0,96.0,91.0,90.0,103.0,50.0,90.0,432.0,30.0,0.48,0.415,0.352,0.5,0.427,0.81,0.123,0.522,0.415,26.2,,0.5,-0.9,0.0,11.1,0.4,0.123,12.0,12.0,432.0,-0.9,0.3,-0.1,12.4,30.0,1.6,13.0,5.7,0.522,22.3,0.1,0.3,0.037,,1.0,15.0,5.0,7.0,12.0,12.0,2.0,8.0,159.0,432.0,-13.8,-10.5,0.0,0.0,100.0,0.0,0.0,30.0,16.0,9.0,5.8,12.0,0.48,3.0,8.5,0.352,8.3,,0.2,5.0,114.0,0.5,8.7,20.5,0.427,2.0,2.5,0.81,12.0,12.0,432.0,0.1,103.0,4.0,22.5,30.0,1.6,3.2,5.2,4.0,8.3,0.48,2.1,5.9,0.352,5.7,,0.2,3.5,0.5,6.1,14.2,0.427,1.4,1.7,0.81,12.0,12.0,432.0,0.1,2.7,15.7,30.0,1.1,2.3,3.6,4.0,8.3,0.48,2.1,5.9,0.352,5.8,,0.2,3.5,0.5,6.1,14.3,0.427,1.4,1.8,0.81,12.0,12.0,36.0,0.1,2.8,15.7,41.0,1.1,2.3,3.6,0.0,0.0,,0.111,0.127,15.6,0.0,0.0,0.427,0.645,0.579,0.286,0.48,0.361,0.352,12.0,12.0,432.0,0.313,0.4,0.181,0.111,0.082,0.585,0.211,0.415,30.0,48.0,100.0,0.48,25.0,71.0,0.352,69.0,,2.0,42.0,0.5,73.0,171.0,0.427,17.0,21.0,0.81,12.0,12.0,432.0,1.0,33.0,188.0,29.0,13.0,27.0,43.0,0.0
murraja01,Jamal Murray,https://www.basketball-reference.com/players/m/murraja01.html,2023-24,2024,26.0,DEN,PG,PG,28.0,PG,59.0,59.0,1861.0,329.0,645.0,0.51,145.0,341.0,0.425,384.0,,39.0,200.0,0.554,474.0,986.0,0.481,157.0,184.0,0.853,42.0,104.0,1250.0,62.0,57.0,125.0,242.0,0.0,5.6,10.9,0.51,2.5,5.8,0.425,6.5,,0.7,3.4,0.554,8.0,16.7,0.481,2.7,3.1,0.853,59.0,59.0,31.5,0.7,1.8,21.2,40.0,1.0,2.1,4.1,6.4,12.5,0.51,2.8,6.6,0.425,7.4,,0.8,3.9,0.554,9.2,19.1,0.481,3.0,3.6,0.853,59.0,59.0,1861.0,0.8,2.0,24.2,132.0,1.1,2.4,4.7,8.8,17.2,0.51,3.9,9.1,0.425,10.2,,1.0,5.3,114.0,0.554,12.6,26.3,0.481,4.2,4.9,0.853,59.0,59.0,1861.0,1.1,119.0,2.8,33.3,132.0,1.5,3.3,6.4,0.346,31.2,,1.8,4.1,-0.4,11.6,2.1,0.187,59.0,59.0,1861.0,4.5,2.6,3.8,20.7,132.0,1.5,10.5,7.2,0.586,27.9,2.9,5.9,0.153,,4,71,7,65,59,59,16,51,875,1861,5.7,8.6,0,0,83,0,17,132,86,33,2.0,0.0,,0.289,0.111,15.2,19.0,0.019,0.481,0.652,0.455,0.47,0.51,0.461,0.425,59.0,59.0,1861.0,0.337,0.6,0.166,0.169,0.151,0.654,0.167,0.346,132.0,15.2,12.3,,59.0,59.0,94.0,88.0,116.0,101.0,101.0,109.0,76.0,101.0,1861.0,132.0,0.51,0.346,0.425,0.554,0.481,0.853,0.187,0.586,,12.0,12.0,80.0,74.0,86.0,82.0,85.0,118.0,43.0,82.0,462.0,25.0,0.438,0.293,0.315,0.448,0.402,0.923,0.104,0.474,0.293,24.4,,1.2,-1.4,-1.7,10.9,0.4,0.104,12.0,12.0,462.0,0.2,2.2,-0.5,12.2,25.0,1.1,10.6,6.4,0.474,29.0,0.1,-0.1,-0.012,,1.0,15.0,1.0,11.0,12.0,12.0,3.0,16.0,155.0,462.0,-6.5,-3.9,0.0,0.0,97.0,0.0,3.0,25.0,20.0,10.0,8.7,19.8,0.438,2.6,8.2,0.315,7.5,,0.7,4.8,115.0,0.448,11.2,28.0,0.402,2.7,2.9,0.923,12.0,12.0,462.0,1.0,98.0,3.1,27.8,25.0,1.1,3.5,5.8,6.0,13.7,0.438,1.8,5.7,0.315,5.2,,0.5,3.4,0.448,7.8,19.4,0.402,1.9,2.0,0.923,12.0,12.0,462.0,0.7,2.2,19.2,25.0,0.8,2.4,4.1,6.4,14.7,0.438,1.9,6.1,0.315,5.6,,0.5,3.6,0.448,8.3,20.8,0.402,2.0,2.2,0.923,12.0,12.0,38.5,0.8,2.3,20.6,22.0,0.8,2.6,4.3,2.0,1.0,,0.385,0.178,13.8,4.0,0.024,0.402,0.582,0.472,0.324,0.438,0.333,0.315,12.0,12.0,462.0,0.338,0.565,0.221,0.145,0.149,0.707,0.193,0.293,25.0,77.0,176.0,0.438,23.0,73.0,0.315,67.0,,6.0,43.0,0.448,100.0,249.0,0.402,24.0,26.0,0.923,12.0,12.0,462.0,9.0,28.0,247.0,18.0,10.0,31.0,52.0,0.0
pritcpa01,Payton Pritchard,https://www.basketball-reference.com/players/p/pritcpa01.html,2023-24,2024,26.0,BOS,PG,PG,29.0,PG,82.0,5.0,1825.0,150.0,253.0,0.593,147.0,382.0,0.385,281.0,,6.0,195.0,0.583,297.0,635.0,0.468,46.0,56.0,0.821,70.0,106.0,787.0,143.0,39.0,61.0,265.0,0.0,1.8,3.1,0.593,1.8,4.7,0.385,3.4,,0.1,2.4,0.583,3.6,7.7,0.468,0.6,0.7,0.821,82.0,5.0,22.3,0.9,1.3,9.6,192.0,0.5,0.7,3.2,3.0,5.0,0.593,2.9,7.5,0.385,5.5,,0.1,3.8,0.583,5.9,12.5,0.468,0.9,1.1,0.821,82.0,5.0,1825.0,1.4,2.1,15.5,137.0,0.8,1.2,5.2,4.1,6.8,0.593,4.0,10.3,0.385,7.6,,0.2,5.3,115.0,0.583,8.0,17.2,0.468,1.2,1.5,0.821,82.0,5.0,1825.0,1.9,129.0,2.9,21.3,137.0,1.1,1.7,7.2,0.602,20.7,,0.3,1.0,-0.2,11.1,1.9,0.088,82.0,5.0,1825.0,1.3,4.3,4.2,15.3,137.0,1.1,8.5,7.8,0.597,17.2,1.4,6.1,0.16,,5,37,7,23,82,5,4,27,696,1825,1.3,11.9,0,0,100,0,0,137,31,12,5.0,1.0,,0.438,0.251,19.1,0.0,0.0,0.468,0.762,0.566,0.476,0.593,0.486,0.385,82.0,5.0,1825.0,0.273,0.85,0.132,0.083,0.066,0.398,0.117,0.602,137.0,46.9,21.8,,82.0,5.0,109.0,152.0,105.0,107.0,99.0,105.0,36.0,103.0,1825.0,137.0,0.593,0.602,0.385,0.583,0.468,0.821,0.088,0.597,,19.0,0.0,86.0,145.0,105.0,97.0,88.0,117.0,47.0,95.0,355.0,40.0,0.467,0.571,0.383,0.529,0.419,0.917,0.114,0.553,0.571,16.3,,0.0,-1.5,-1.0,7.5,0.3,0.114,19.0,0.0,355.0,-0.5,4.7,0.4,10.9,40.0,0.6,11.3,6.1,0.553,16.3,0.0,0.8,0.103,,1.0,6.0,0.0,2.0,19.0,0.0,0.0,0.0,103.0,355.0,-8.4,3.5,0.0,0.0,100.0,0.0,0.0,40.0,4.0,3.0,3.1,6.6,0.467,3.4,8.8,0.383,5.9,,0.0,3.4,114.0,0.529,6.5,15.4,0.419,1.6,1.8,0.917,19.0,0.0,355.0,2.1,117.0,3.2,18.0,40.0,0.6,2.1,5.4,2.1,4.6,0.467,2.3,6.1,0.383,4.1,,0.0,2.3,0.529,4.5,10.6,0.419,1.1,1.2,0.917,19.0,0.0,355.0,1.4,2.2,12.4,40.0,0.4,1.4,3.8,1.1,2.4,0.467,1.2,3.2,0.383,2.1,,0.0,1.2,0.529,2.3,5.5,0.419,0.6,0.6,0.917,19.0,0.0,18.7,0.7,1.2,6.4,96.0,0.2,0.7,1.9,3.0,1.0,,0.417,0.2,20.0,0.0,0.0,0.419,0.846,0.2,0.0,0.467,0.533,0.383,19.0,0.0,355.0,0.19,0.696,0.124,0.095,0.067,0.429,0.143,0.571,40.0,21.0,45.0,0.467,23.0,60.0,0.383,40.0,,0.0,23.0,0.529,44.0,105.0,0.419,11.0,12.0,0.917,19.0,0.0,355.0,14.0,22.0,122.0,49.0,4.0,14.0,37.0,0.0
anthoco01,Cole Anthony,https://www.basketball-reference.com/players/a/anthoco01.html,2023-24,2024,23.0,ORL,PG,PG,30.0,PG,81.0,0.0,1817.0,239.0,488.0,0.49,93.0,275.0,0.338,236.0,,37.0,247.0,0.496,332.0,763.0,0.435,180.0,218.0,0.826,64.0,175.0,937.0,108.0,64.0,126.0,311.0,0.0,3.0,6.0,0.49,1.1,3.4,0.338,2.9,,0.5,3.0,0.496,4.1,9.4,0.435,2.2,2.7,0.826,81.0,0.0,22.4,0.8,2.2,11.6,145.0,0.8,1.6,3.8,4.7,9.7,0.49,1.8,5.4,0.338,4.7,,0.7,4.9,0.496,6.6,15.1,0.435,3.6,4.3,0.826,81.0,0.0,1817.0,1.3,3.5,18.6,140.0,1.3,2.5,6.2,6.5,13.3,0.49,2.5,7.5,0.338,6.4,,1.0,6.7,111.0,0.496,9.0,20.8,0.435,4.9,5.9,0.826,81.0,0.0,1817.0,1.7,110.0,4.8,25.5,140.0,1.7,3.4,8.5,0.36,19.8,,1.9,0.1,0.7,16.1,2.7,0.286,81.0,0.0,1817.0,-0.6,4.1,0.9,14.6,140.0,1.7,12.8,10.1,0.545,23.7,1.0,3.6,0.096,,7,88,11,87,81,0,15,32,569,1817,0.3,1.9,0,0,100,0,0,140,68,39,3.0,0.0,,0.321,0.204,14.9,9.0,0.014,0.435,0.647,0.434,0.316,0.49,0.484,0.338,81.0,0.0,1817.0,0.28,0.892,0.152,0.169,0.075,0.64,0.244,0.36,140.0,-77.0,-59.3,,81.0,0.0,90.0,91.0,92.0,91.0,92.0,105.0,117.0,94.0,1817.0,140.0,0.49,0.36,0.338,0.496,0.435,0.826,0.286,0.545,,7.0,0.0,72.0,80.0,42.0,62.0,67.0,113.0,90.0,69.0,103.0,125.0,0.393,0.317,0.154,0.341,0.317,0.889,0.22,0.4,0.317,14.4,,0.9,-4.8,1.2,14.7,0.2,0.22,7.0,0.0,103.0,-6.0,2.1,-0.2,5.9,125.0,2.0,10.0,8.1,0.4,21.3,-0.1,0.0,0.021,,1.0,4.0,2.0,3.0,7.0,0.0,0.0,3.0,21.0,103.0,0.8,6.2,0.0,0.0,100.0,0.0,0.0,125.0,3.0,0.0,5.4,13.8,0.393,1.0,6.4,0.154,4.4,,0.5,6.4,102.0,0.341,6.4,20.2,0.317,3.9,4.4,0.889,7.0,0.0,103.0,1.0,88.0,7.9,17.7,125.0,2.0,2.5,7.4,3.8,9.8,0.393,0.7,4.5,0.154,3.1,,0.3,4.5,0.341,4.5,14.3,0.317,2.8,3.1,0.889,7.0,0.0,103.0,0.7,5.6,12.6,125.0,1.4,1.7,5.2,1.6,4.0,0.393,0.3,1.9,0.154,1.3,,0.1,1.9,0.341,1.9,5.9,0.317,1.1,1.3,0.889,7.0,0.0,14.7,0.3,2.3,5.1,115.0,0.6,0.7,2.1,0.0,0.0,,1.0,0.077,14.1,0.0,0.0,0.317,0.571,0.2,0.5,0.393,0.444,0.154,7.0,0.0,103.0,0.091,1.0,0.171,0.244,0.049,0.683,0.22,0.317,125.0,11.0,28.0,0.393,2.0,13.0,0.154,9.0,,1.0,13.0,0.341,13.0,41.0,0.317,8.0,9.0,0.889,7.0,0.0,103.0,2.0,16.0,36.0,114.0,4.0,5.0,15.0,0.0
jacksre01,Reggie Jackson,https://www.basketball-reference.com/players/j/jacksre01.html,2023-24,2024,33.0,DEN,PG,PG,30.0,PG,82.0,23.0,1817.0,224.0,472.0,0.475,102.0,284.0,0.359,308.0,,13.0,122.0,0.499,326.0,756.0,0.431,79.0,98.0,0.806,33.0,149.0,833.0,136.0,44.0,106.0,155.0,0.0,2.7,5.8,0.475,1.2,3.5,0.359,3.8,,0.2,1.5,0.499,4.0,9.2,0.431,1.0,1.2,0.806,82.0,23.0,22.2,0.4,1.8,10.2,175.0,0.5,1.3,1.9,4.4,9.4,0.475,2.0,5.6,0.359,6.1,,0.3,2.4,0.499,6.5,15.0,0.431,1.6,1.9,0.806,82.0,23.0,1817.0,0.7,3.0,16.5,139.0,0.9,2.1,3.1,6.1,12.9,0.475,2.8,7.7,0.359,8.4,,0.4,3.3,117.0,0.499,8.9,20.6,0.431,2.2,2.7,0.806,82.0,23.0,1817.0,0.9,109.0,4.1,22.7,139.0,1.2,2.9,4.2,0.376,23.0,,0.6,-3.2,-1.5,7.2,1.5,0.13,82.0,23.0,1817.0,-1.8,2.1,0.6,11.7,139.0,1.2,11.7,4.7,0.521,21.7,-0.6,2.1,0.056,,17,69,13,36,82,23,8,33,720,1817,-7.9,1.3,0,0,100,0,0,139,61,19,4.0,0.0,,0.397,0.204,14.6,6.0,0.011,0.431,0.61,0.433,0.39,0.475,0.422,0.359,82.0,23.0,1817.0,0.402,0.775,0.187,0.089,0.102,0.624,0.247,0.376,139.0,-72.4,-94.0,,82.0,23.0,87.0,95.0,98.0,91.0,91.0,103.0,53.0,90.0,1817.0,139.0,0.475,0.376,0.359,0.499,0.431,0.806,0.13,0.521,,12.0,0.0,59.0,121.0,95.0,76.0,70.0,128.0,17.0,74.0,117.0,115.0,0.32,0.479,0.348,0.417,0.333,1.0,0.042,0.43,0.479,15.2,,0.8,-7.0,-1.9,13.0,0.1,0.042,12.0,0.0,117.0,-5.0,1.9,-0.3,5.1,115.0,0.9,14.1,7.3,0.43,22.3,-0.1,-0.2,-0.074,,1.0,7.0,3.0,0.0,12.0,0.0,0.0,2.0,27.0,117.0,2.6,-0.5,0.0,0.0,100.0,0.0,0.0,115.0,4.0,2.0,3.6,11.1,0.32,3.6,10.2,0.348,5.3,,0.4,5.8,115.0,0.417,7.1,21.3,0.333,0.9,0.9,1.0,12.0,0.0,117.0,0.9,85.0,5.3,18.6,115.0,0.9,3.6,6.7,2.5,7.7,0.32,2.5,7.1,0.348,3.7,,0.3,4.0,0.417,4.9,14.8,0.333,0.6,0.6,1.0,12.0,0.0,117.0,0.6,3.7,12.9,115.0,0.6,2.5,4.6,0.7,2.1,0.32,0.7,1.9,0.348,1.0,,0.1,1.1,0.417,1.3,4.0,0.333,0.2,0.2,1.0,12.0,0.0,9.8,0.2,1.0,3.5,134.0,0.2,0.7,1.3,1.0,0.0,,0.25,0.174,16.8,1.0,0.021,0.333,0.3,0.0,0.4,0.32,0.375,0.348,12.0,0.0,117.0,0.25,0.75,0.208,0.042,0.104,0.521,0.167,0.479,115.0,8.0,25.0,0.32,8.0,23.0,0.348,12.0,,1.0,13.0,0.417,16.0,48.0,0.333,2.0,2.0,1.0,12.0,0.0,117.0,2.0,12.0,42.0,106.0,2.0,8.0,15.0,0.0
hendesc01,Scoot Henderson,https://www.basketball-reference.com/players/h/hendesc01.html,2023-24,2024,19.0,POR,PG,PG,32.0,PG,62.0,32.0,1765.0,220.0,529.0,0.416,87.0,268.0,0.325,336.0,,13.0,141.0,0.44,307.0,797.0,0.385,167.0,204.0,0.819,53.0,195.0,868.0,121.0,48.0,212.0,194.0,0.0,3.5,8.5,0.416,1.4,4.3,0.325,5.4,,0.2,2.3,0.44,5.0,12.9,0.385,2.7,3.3,0.819,62.0,32.0,28.5,0.9,3.1,14.0,107.0,0.8,3.4,3.1,4.5,10.8,0.416,1.8,5.5,0.325,6.9,,0.3,2.9,0.44,6.3,16.3,0.385,3.4,4.2,0.819,62.0,32.0,1765.0,1.1,4.0,17.7,148.0,1.0,4.3,4.0,6.2,14.8,0.416,2.4,7.5,0.325,9.4,,0.4,3.9,120.0,0.44,8.6,22.3,0.385,4.7,5.7,0.819,62.0,32.0,1765.0,1.5,97.0,5.5,24.3,148.0,1.3,5.9,5.4,0.336,29.9,,0.7,-5.8,-2.3,9.5,0.9,0.256,62.0,32.0,1765.0,-3.5,3.2,-2.5,9.5,148.0,1.3,19.3,6.2,0.489,26.5,-1.7,-1.7,-0.045,,22,85,21,93,62,32,16,50,823,1765,-8.2,-13.9,0,0,99,0,1,148,123,49,4.0,0.0,,0.333,0.123,14.0,14.0,0.024,0.385,0.503,0.451,0.318,0.416,0.312,0.325,62.0,32.0,1765.0,0.277,0.598,0.237,0.167,0.083,0.664,0.177,0.336,148.0,-170.2,-160.6,,62.0,32.0,76.0,85.0,89.0,80.0,81.0,104.0,105.0,84.0,1765.0,148.0,0.416,0.336,0.325,0.44,0.385,0.819,0.256,0.489,,,,,,,,,,,,,,,,,,,,,,,,,,,,,,,,,,,,,,,,,,,,,,,,,,,,,,,,,,,,,,,,,,,,,,,,,,,,,,,,,,,,,,,,,,,,,,,,,,,,,,,,,,,,,,,,,,,,,,,,,,,,,,,,,,,,,,,,,,,,,,,,,,,,,,,,,,,,,,,,,,,,,,,,,,,,,,,,,,,,,,,,,,,,,,,,,,,,,,,,,,,,,
lowryky01,Kyle Lowry,https://www.basketball-reference.com/players/l/lowryky01.html,2023-24,2024,37.0,2TM,PG,PG,33.0,PG,60.0,55.0,1690.0,65.0,127.0,0.512,98.0,250.0,0.392,253.0,,21.0,160.0,0.562,163.0,377.0,0.432,63.0,75.0,0.84,34.0,146.0,487.0,226.0,59.0,85.0,194.0,0.0,1.1,2.1,0.512,1.6,4.2,0.392,4.2,,0.4,2.7,0.562,2.7,6.3,0.432,1.1,1.3,0.84,60.0,55.0,28.2,0.6,2.4,8.1,223.0,1.0,1.4,3.2,1.4,2.7,0.512,2.1,5.3,0.392,5.4,,0.4,3.4,0.562,3.5,8.0,0.432,1.3,1.6,0.84,60.0,55.0,1690.0,0.7,3.1,10.4,163.0,1.3,1.8,4.1,1.9,3.7,0.512,2.9,7.3,0.392,7.4,,0.6,4.7,114.0,0.562,4.8,11.1,0.432,1.8,2.2,0.84,60.0,55.0,1690.0,1.0,118.0,4.3,14.3,163.0,1.7,2.5,5.7,0.663,20.1,,1.2,-1.0,0.9,10.8,1.9,0.199,60.0,55.0,1690.0,-1.9,2.2,1.6,10.9,163.0,1.7,17.2,6.4,0.594,12.9,0.4,3.5,0.1,,5,77,30,27,60,55,5,17,604,1690,-3.1,-0.1,0,0,100,0,0,163,57,14,2.0,0.0,,0.452,0.248,19.7,0.0,0.0,0.432,0.628,0.333,0.533,0.512,0.5,0.392,60.0,55.0,1690.0,0.477,0.806,0.114,0.072,0.04,0.337,0.111,0.663,163.0,11.9,11.4,,60.0,55.0,94.0,168.0,107.0,103.0,91.0,107.0,81.0,102.0,1690.0,163.0,0.512,0.663,0.392,0.562,0.432,0.84,0.199,0.594,,6.0,6.0,69.0,190.0,91.0,86.0,72.0,102.0,192.0,94.0,175.0,81.0,0.375,0.75,0.333,0.469,0.344,0.8,0.469,0.544,0.75,19.7,,1.9,0.6,1.7,9.3,0.1,0.469,6.0,6.0,175.0,-1.1,4.0,0.3,11.4,81.0,1.8,9.4,6.8,0.544,11.2,0.1,0.4,0.111,,0.0,10.0,2.0,4.0,6.0,6.0,1.0,1.0,61.0,175.0,16.8,5.2,0.0,0.0,100.0,0.0,0.0,81.0,4.0,0.0,0.9,2.4,0.375,2.4,7.2,0.333,7.2,,1.2,4.5,118.0,0.469,3.3,9.7,0.344,3.6,4.5,0.8,6.0,6.0,175.0,1.8,129.0,6.9,12.7,81.0,1.8,1.2,6.3,0.6,1.6,0.375,1.6,4.9,0.333,4.9,,0.8,3.1,0.469,2.3,6.6,0.344,2.5,3.1,0.8,6.0,6.0,175.0,1.2,4.7,8.6,81.0,1.2,0.8,4.3,0.5,1.3,0.375,1.3,4.0,0.333,4.0,,0.7,2.5,0.469,1.8,5.3,0.344,2.0,2.5,0.8,6.0,6.0,29.2,1.0,3.8,7.0,93.0,1.0,0.7,3.5,1.0,0.0,,0.8,0.208,22.2,0.0,0.0,0.344,0.667,0.0,0.5,0.375,0.0,0.333,6.0,6.0,175.0,0.333,1.0,0.094,0.031,0.063,0.25,0.063,0.75,81.0,3.0,8.0,0.375,8.0,24.0,0.333,24.0,,4.0,15.0,0.469,11.0,32.0,0.344,12.0,15.0,0.8,6.0,6.0,175.0,6.0,23.0,42.0,107.0,6.0,4.0,21.0,0.0
branhma01,Malaki Branham,https://www.basketball-reference.com/players/b/branhma01.html,2023-24,2024,20.0,SAS,PG,PG,34.0,PG,75.0,29.0,1594.0,178.0,360.0,0.494,93.0,268.0,0.347,156.0,,8.0,120.0,0.506,271.0,628.0,0.432,55.0,63.0,0.873,28.0,94.0,690.0,164.0,27.0,91.0,148.0,0.0,2.4,4.8,0.494,1.2,3.6,0.347,2.1,,0.1,1.6,0.506,3.6,8.4,0.432,0.7,0.8,0.873,75.0,29.0,21.3,0.4,1.3,9.2,198.0,0.4,1.2,2.0,4.0,8.1,0.494,2.1,6.1,0.347,3.5,,0.2,2.7,0.506,6.1,14.2,0.432,1.2,1.4,0.873,75.0,29.0,1594.0,0.6,2.1,15.6,174.0,0.6,2.1,3.3,5.3,10.7,0.494,2.8,8.0,0.347,4.6,,0.2,3.6,121.0,0.506,8.1,18.7,0.432,1.6,1.9,0.873,75.0,29.0,1594.0,0.8,101.0,2.8,20.5,174.0,0.8,2.7,4.4,0.427,14.0,,0.4,-5.6,-2.2,8.2,0.6,0.1,75.0,29.0,1594.0,-3.4,1.9,-0.9,8.7,174.0,0.8,12.2,5.0,0.526,19.8,-1.5,-0.3,-0.008,,2,49,15,30,75,29,9,41,377,1594,-7.3,-10.7,0,0,62,2,36,174,62,24,0.0,0.0,,0.384,0.272,15.1,12.0,0.019,0.432,0.744,0.5,0.25,0.494,0.328,0.347,75.0,29.0,1594.0,0.657,0.968,0.186,0.134,0.064,0.573,0.189,0.427,174.0,-51.4,-70.6,,75.0,29.0,91.0,108.0,95.0,93.0,91.0,111.0,41.0,91.0,1594.0,174.0,0.494,0.427,0.347,0.506,0.432,0.873,0.1,0.526,,,,,,,,,,,,,,,,,,,,,,,,,,,,,,,,,,,,,,,,,,,,,,,,,,,,,,,,,,,,,,,,,,,,,,,,,,,,,,,,,,,,,,,,,,,,,,,,,,,,,,,,,,,,,,,,,,,,,,,,,,,,,,,,,,,,,,,,,,,,,,,,,,,,,,,,,,,,,,,,,,,,,,,,,,,,,,,,,,,,,,,,,,,,,,,,,,,,,,,,,,,,,
paulch01,Chris Paul,https://www.basketball-reference.com/players/p/paulch01.html,2023-24,2024,38.0,GSW,PG,PG,35.0,PG,58.0,18.0,1531.0,128.0,257.0,0.498,78.0,210.0,0.371,393.0,,6.0,207.0,0.525,206.0,467.0,0.441,43.0,52.0,0.827,18.0,108.0,533.0,205.0,70.0,76.0,225.0,0.0,2.2,4.4,0.498,1.3,3.6,0.371,6.8,,0.1,3.6,0.525,3.6,8.1,0.441,0.7,0.9,0.827,58.0,18.0,26.4,0.3,1.9,9.2,200.0,1.2,1.3,3.9,3.0,6.0,0.498,1.8,4.9,0.371,9.2,,0.1,4.9,0.525,4.8,11.0,0.441,1.0,1.2,0.827,58.0,18.0,1531.0,0.4,2.5,12.5,181.0,1.6,1.8,5.3,4.0,8.1,0.498,2.5,6.6,0.371,12.4,,0.2,6.5,115.0,0.525,6.5,14.8,0.441,1.4,1.6,0.827,58.0,18.0,1531.0,0.6,124.0,3.4,16.8,181.0,2.2,2.4,7.1,0.45,33.4,,0.4,1.0,1.2,14.4,1.7,0.111,58.0,18.0,1531.0,-0.2,1.3,2.6,14.7,181.0,2.2,13.4,7.9,0.544,15.6,1.2,4.3,0.136,,2,46,6,11,58,18,4,12,949,1531,1.2,3.4,0,0,100,0,0,181,51,14,4.0,0.0,,0.243,0.176,19.0,0.0,0.0,0.441,0.8,0.514,0.379,0.498,0.608,0.371,58.0,18.0,1531.0,0.164,0.679,0.021,0.233,0.186,0.55,0.109,0.45,181.0,-20.5,-35.3,,58.0,18.0,91.0,114.0,102.0,96.0,93.0,105.0,46.0,94.0,1531.0,181.0,0.498,0.45,0.371,0.525,0.441,0.827,0.111,0.544,,,,,,,,,,,,,,,,,,,,,,,,,,,,,,,,,,,,,,,,,,,,,,,,,,,,,,,,,,,,,,,,,,,,,,,,,,,,,,,,,,,,,,,,,,,,,,,,,,,,,,,,,,,,,,,,,,,,,,,,,,,,,,,,,,,,,,,,,,,,,,,,,,,,,,,,,,,,,,,,,,,,,,,,,,,,,,,,,,,,,,,,,,,,,,,,,,,,,,,,,,,,,
westbru01,Russell Westbrook,https://www.basketball-reference.com/players/w/westbru01.html,2023-24,2024,35.0,LAC,PG,PG,36.0,PG,68.0,11.0,1529.0,259.0,509.0,0.509,42.0,154.0,0.273,306.0,6MOY-7,23.0,250.0,0.486,301.0,663.0,0.454,110.0,160.0,0.688,93.0,121.0,754.0,154.0,74.0,144.0,343.0,1.0,3.8,7.5,0.509,0.6,2.3,0.273,4.5,6MOY-7,0.3,3.7,0.486,4.4,9.8,0.454,1.6,2.4,0.688,68.0,11.0,22.5,1.4,1.8,11.1,154.0,1.1,2.1,5.0,6.1,12.0,0.509,1.0,3.6,0.273,7.2,6MOY-7,0.5,5.9,0.486,7.1,15.6,0.454,2.6,3.8,0.688,68.0,11.0,1529.0,2.2,2.8,17.8,182.0,1.7,3.4,8.1,8.4,16.4,0.509,1.4,5.0,0.273,9.9,6MOY-7,0.7,8.1,113.0,0.486,9.7,21.4,0.454,3.6,5.2,0.688,68.0,11.0,1529.0,3.0,107.0,3.9,24.3,182.0,2.4,4.6,11.1,0.232,29.2,6MOY-7,1.4,0.5,0.7,17.8,1.9,0.241,68.0,11.0,1529.0,-0.2,7.1,0.2,16.2,182.0,2.4,16.4,12.7,0.514,25.2,1.0,2.1,0.066,6MOY-7,6,47,6,81,68,11,19,43,697,1529,1.4,4.4,0,0,93,0,7,182,95,35,0.0,0.0,6MOY-7,0.29,0.403,9.6,38.0,0.075,0.454,0.655,0.367,0.346,0.509,0.363,0.273,68.0,11.0,1529.0,0.378,0.857,0.385,0.074,0.039,0.768,0.27,0.232,182.0,-80.7,-96.7,6MOY-7,68.0,11.0,93.0,59.0,75.0,89.0,96.0,88.0,99.0,89.0,1529.0,182.0,0.509,0.232,0.273,0.486,0.454,0.688,0.241,0.514,,6.0,0.0,50.0,86.0,64.0,55.0,55.0,78.0,106.0,59.0,114.0,117.0,0.273,0.34,0.235,0.3,0.26,0.615,0.26,0.341,0.34,13.9,,2.7,-5.7,0.2,18.7,0.1,0.26,6.0,0.0,114.0,-5.8,6.1,-0.5,5.2,117.0,3.2,15.2,12.5,0.341,26.3,-0.1,-0.3,-0.146,,0.0,4.0,1.0,6.0,6.0,0.0,1.0,5.0,26.0,114.0,12.8,-0.2,0.0,0.0,100.0,0.0,0.0,117.0,7.0,3.0,4.2,15.3,0.273,1.9,7.9,0.235,4.6,,1.4,8.8,111.0,0.3,6.0,23.1,0.26,3.7,6.0,0.615,6.0,0.0,114.0,2.8,75.0,5.1,17.6,117.0,3.2,4.6,11.6,2.8,10.4,0.273,1.3,5.4,0.235,3.2,,0.9,6.0,0.3,4.1,15.8,0.26,2.5,4.1,0.615,6.0,0.0,114.0,1.9,3.5,12.0,117.0,2.2,3.2,7.9,1.5,5.5,0.273,0.7,2.8,0.235,1.7,,0.5,3.2,0.3,2.2,8.3,0.26,1.3,2.2,0.615,6.0,0.0,19.0,1.0,1.8,6.3,101.0,1.2,1.7,4.2,0.0,0.0,,0.2,0.588,12.0,2.0,0.04,0.26,0.533,0.0,0.0,0.273,0.083,0.235,6.0,0.0,114.0,0.444,1.0,0.3,0.06,0.06,0.66,0.24,0.34,117.0,9.0,33.0,0.273,4.0,17.0,0.235,10.0,,3.0,19.0,0.3,13.0,50.0,0.26,8.0,13.0,0.615,6.0,0.0,114.0,6.0,11.0,38.0,112.0,7.0,10.0,25.0,0.0
beverpa01,Patrick Beverley,https://www.basketball-reference.com/players/b/beverpa01.html,2023-24,2024,35.0,2TM,PG,PG,37.0,PG,73.0,13.0,1462.0,97.0,198.0,0.49,61.0,181.0,0.337,212.0,,31.0,190.0,0.497,158.0,379.0,0.417,74.0,90.0,0.822,49.0,128.0,451.0,235.0,43.0,65.0,239.0,0.0,1.3,2.7,0.49,0.8,2.5,0.337,2.9,,0.4,2.6,0.497,2.2,5.2,0.417,1.0,1.2,0.822,73.0,13.0,20.0,0.7,1.8,6.2,293.0,0.6,0.9,3.3,2.4,4.9,0.49,1.5,4.5,0.337,5.2,,0.8,4.7,0.497,3.9,9.3,0.417,1.8,2.2,0.822,73.0,13.0,1462.0,1.2,3.2,11.1,193.0,1.1,1.6,5.9,3.2,6.6,0.49,2.0,6.0,0.337,7.1,,1.0,6.3,115.0,0.497,5.3,12.6,0.417,2.5,3.0,0.822,73.0,13.0,1462.0,1.6,116.0,4.3,15.0,193.0,1.4,2.2,8.0,0.478,19.0,,1.9,-1.1,0.5,14.3,1.5,0.237,73.0,13.0,1462.0,-1.5,3.7,1.2,11.6,193.0,1.4,13.4,9.0,0.539,14.3,0.3,2.7,0.09,,1,55,16,32,73,13,9,14,509,1462,-4.3,-0.6,0,0,100,0,0,193,45,10,0.0,0.0,,0.464,0.309,15.4,1.0,0.003,0.417,0.672,0.32,0.25,0.49,0.441,0.337,73.0,13.0,1462.0,0.361,0.852,0.153,0.066,0.011,0.522,0.293,0.478,193.0,-37.2,-34.6,,73.0,13.0,90.0,121.0,92.0,91.0,88.0,105.0,97.0,93.0,1462.0,193.0,0.49,0.478,0.337,0.497,0.417,0.822,0.237,0.539,,6.0,6.0,79.0,71.0,99.0,84.0,86.0,111.0,157.0,93.0,210.0,63.0,0.429,0.282,0.364,0.462,0.41,0.867,0.385,0.537,0.282,20.7,,1.9,0.8,2.1,8.6,0.1,0.385,6.0,6.0,210.0,-1.4,2.2,0.3,11.5,63.0,1.5,11.6,5.4,0.537,11.3,0.1,0.4,0.081,,2.0,6.0,0.0,7.0,6.0,6.0,2.0,2.0,77.0,210.0,7.5,-1.2,0.0,0.0,100.0,0.0,0.0,63.0,1.0,1.0,2.9,6.9,0.429,1.0,2.7,0.364,8.1,,1.0,3.9,120.0,0.462,3.9,9.6,0.41,3.2,3.7,0.867,6.0,6.0,210.0,1.0,123.0,3.9,12.0,63.0,1.5,1.5,4.9,2.1,4.8,0.429,0.7,1.9,0.364,5.7,,0.7,2.7,0.462,2.7,6.7,0.41,2.2,2.6,0.867,6.0,6.0,210.0,0.7,2.7,8.4,63.0,1.0,1.0,3.4,2.0,4.7,0.429,0.7,1.8,0.364,5.5,,0.7,2.7,0.462,2.7,6.5,0.41,2.2,2.5,0.867,6.0,6.0,35.0,0.7,2.7,8.2,83.0,1.0,1.0,3.3,0.0,0.0,,0.5,0.182,12.2,0.0,0.0,0.41,0.75,0.375,,0.429,0.375,0.364,6.0,6.0,210.0,0.25,1.0,0.103,0.205,0.0,0.718,0.41,0.282,63.0,12.0,28.0,0.429,4.0,11.0,0.364,33.0,,4.0,16.0,0.462,16.0,39.0,0.41,13.0,15.0,0.867,6.0,6.0,210.0,4.0,16.0,49.0,96.0,6.0,6.0,20.0,0.0
herroty01,Tyler Herro,https://www.basketball-reference.com/players/h/herroty01.html,2023-24,2024,24.0,MIA,SG,PG,38.0,PG,42.0,40.0,1407.0,192.0,402.0,0.478,132.0,333.0,0.396,188.0,,3.0,203.0,0.531,324.0,735.0,0.441,95.0,111.0,0.856,19.0,63.0,875.0,118.0,30.0,93.0,222.0,0.0,4.6,9.6,0.478,3.1,7.9,0.396,4.5,,0.1,4.8,0.531,7.7,17.5,0.441,2.3,2.6,0.856,42.0,40.0,33.5,0.5,1.5,20.8,45.0,0.7,2.2,5.3,4.9,10.3,0.478,3.4,8.5,0.396,4.8,,0.1,5.2,0.531,8.3,18.8,0.441,2.4,2.8,0.856,42.0,40.0,1407.0,0.5,1.6,22.4,200.0,0.8,2.4,5.7,6.8,14.3,0.478,4.7,11.8,0.396,6.7,,0.1,7.2,114.0,0.531,11.5,26.1,0.441,3.4,3.9,0.856,42.0,40.0,1407.0,0.7,108.0,2.2,31.0,200.0,1.1,3.3,7.9,0.453,22.4,,0.2,0.8,-0.7,16.5,1.6,0.151,42.0,40.0,1407.0,1.5,1.5,0.4,15.7,200.0,1.1,10.6,8.9,0.558,27.8,1.0,2.0,0.068,,4,31,1,48,42,40,11,43,451,1407,-2.3,0.6,0,0,51,1,48,200,54,29,1.0,0.0,,0.475,0.12,17.0,4.0,0.008,0.441,0.587,0.467,0.375,0.478,0.49,0.396,42.0,40.0,1407.0,0.417,0.811,0.086,0.166,0.098,0.547,0.197,0.453,200.0,-23.4,-34.2,,42.0,40.0,88.0,115.0,108.0,97.0,93.0,109.0,62.0,96.0,1407.0,200.0,0.478,0.453,0.396,0.531,0.441,0.856,0.151,0.558,,5.0,5.0,79.0,140.0,95.0,88.0,81.0,115.0,52.0,88.0,185.0,74.0,0.429,0.551,0.349,0.481,0.385,0.9,0.128,0.51,0.551,25.2,,0.0,-1.4,-0.8,11.8,0.0,0.128,5.0,5.0,185.0,-0.6,0.0,-0.3,10.2,74.0,0.6,14.5,5.7,0.51,25.5,0.0,-0.2,-0.059,,1.0,4.0,2.0,3.0,5.0,5.0,1.0,5.0,68.0,185.0,21.4,-11.4,0.0,0.0,58.0,14.0,29.0,74.0,4.0,5.0,4.3,10.0,0.429,4.3,12.3,0.349,7.7,,0.0,5.1,121.0,0.481,8.6,22.3,0.385,2.6,2.9,0.9,5.0,5.0,185.0,0.0,95.0,2.9,24.0,74.0,0.6,4.0,5.1,2.9,6.8,0.429,2.9,8.4,0.349,5.3,,0.0,3.5,0.481,5.8,15.2,0.385,1.8,1.9,0.9,5.0,5.0,185.0,0.0,1.9,16.3,74.0,0.4,2.7,3.5,3.0,7.0,0.429,3.0,8.6,0.349,5.4,,0.0,3.6,0.481,6.0,15.6,0.385,1.8,2.0,0.9,5.0,5.0,37.0,0.0,2.0,16.8,33.0,0.4,2.8,3.6,0.0,0.0,,0.5,0.093,19.1,0.0,0.0,0.385,1.0,0.3,0.333,0.429,0.438,0.349,5.0,5.0,185.0,0.2,0.733,0.038,0.128,0.077,0.449,0.205,0.551,74.0,15.0,35.0,0.429,15.0,43.0,0.349,27.0,,0.0,18.0,0.481,30.0,78.0,0.385,9.0,10.0,0.9,5.0,5.0,185.0,0.0,10.0,84.0,70.0,2.0,14.0,18.0,0.0
sassema01,Marcus Sasser,https://www.basketball-reference.com/players/s/sassema01.html,2023-24,2024,23.0,DET,PG,PG,39.0,PG,71.0,11.0,1351.0,129.0,272.0,0.474,90.0,240.0,0.375,236.0,,12.0,114.0,0.516,219.0,512.0,0.428,58.0,66.0,0.879,11.0,103.0,586.0,187.0,44.0,90.0,125.0,0.0,1.8,3.8,0.474,1.3,3.4,0.375,3.3,,0.2,1.6,0.516,3.1,7.2,0.428,0.8,0.9,0.879,71.0,11.0,19.0,0.2,1.5,8.3,219.0,0.6,1.3,1.8,3.4,7.2,0.474,2.4,6.4,0.375,6.3,,0.3,3.0,0.516,5.8,13.6,0.428,1.5,1.8,0.879,71.0,11.0,1351.0,0.3,2.7,15.6,207.0,1.2,2.4,3.3,4.6,9.7,0.474,3.2,8.5,0.375,8.4,,0.4,4.1,120.0,0.516,7.8,18.2,0.428,2.1,2.4,0.879,71.0,11.0,1351.0,0.4,108.0,3.7,20.9,207.0,1.6,3.2,4.5,0.469,25.4,,0.8,-2.6,-1.1,9.6,0.6,0.129,71.0,11.0,1351.0,-1.5,0.9,0.3,11.8,207.0,1.6,14.3,5.2,0.542,19.9,-0.2,0.9,0.033,,3,57,12,25,71,11,5,24,573,1351,-0.9,-9.5,0,0,94,0,6,207,48,28,0.0,0.0,,0.432,0.154,17.7,1.0,0.002,0.428,0.644,0.482,0.362,0.474,0.452,0.375,71.0,11.0,1351.0,0.318,0.644,0.088,0.166,0.113,0.531,0.164,0.469,207.0,-31.7,-41.6,,71.0,11.0,87.0,119.0,103.0,94.0,90.0,112.0,53.0,93.0,1351.0,207.0,0.474,0.469,0.375,0.516,0.428,0.879,0.129,0.542,,,,,,,,,,,,,,,,,,,,,,,,,,,,,,,,,,,,,,,,,,,,,,,,,,,,,,,,,,,,,,,,,,,,,,,,,,,,,,,,,,,,,,,,,,,,,,,,,,,,,,,,,,,,,,,,,,,,,,,,,,,,,,,,,,,,,,,,,,,,,,,,,,,,,,,,,,,,,,,,,,,,,,,,,,,,,,,,,,,,,,,,,,,,,,,,,,,,,,,,,,,,,
mcbrimi01,Miles McBride,https://www.basketball-reference.com/players/m/mcbrimi01.html,2023-24,2024,23.0,NYK,PG,PG,40.0,PG,68.0,14.0,1328.0,96.0,188.0,0.511,109.0,266.0,0.41,114.0,,7.0,69.0,0.572,205.0,454.0,0.452,43.0,50.0,0.86,31.0,108.0,562.0,196.0,50.0,30.0,100.0,0.0,1.4,2.8,0.511,1.6,3.9,0.41,1.7,,0.1,1.0,0.572,3.0,6.7,0.452,0.6,0.7,0.86,68.0,14.0,19.5,0.5,1.6,8.3,218.0,0.7,0.4,1.5,2.6,5.1,0.511,3.0,7.2,0.41,3.1,,0.2,1.9,0.572,5.6,12.3,0.452,1.2,1.4,0.86,68.0,14.0,1328.0,0.8,2.9,15.2,209.0,1.4,0.8,2.7,3.6,7.1,0.511,4.1,10.1,0.41,4.3,,0.3,2.6,116.0,0.572,7.8,17.2,0.452,1.6,1.9,0.86,68.0,14.0,1328.0,1.2,126.0,4.1,21.3,209.0,1.9,1.1,3.8,0.586,12.2,,0.5,-0.1,0.4,5.9,1.3,0.11,68.0,14.0,1328.0,-0.4,2.6,2.4,13.1,209.0,1.9,5.9,4.2,0.59,16.4,0.6,3.6,0.131,,1,52,19,19,68,14,5,21,288,1328,-6.8,0.2,0,0,62,0,39,209,21,4,3.0,0.0,,0.457,0.395,17.8,12.0,0.035,0.452,0.679,0.444,0.357,0.511,0.351,0.41,68.0,14.0,1328.0,0.375,0.899,0.172,0.099,0.062,0.414,0.081,0.586,209.0,22.7,9.8,,68.0,14.0,94.0,148.0,112.0,105.0,95.0,110.0,45.0,102.0,1328.0,209.0,0.511,0.586,0.41,0.572,0.452,0.86,0.11,0.59,,13.0,2.0,95.0,139.0,101.0,98.0,92.0,106.0,40.0,95.0,347.0,43.0,0.518,0.548,0.368,0.536,0.435,0.833,0.097,0.553,0.548,10.8,,0.5,-1.6,-0.2,7.7,-0.1,0.097,13.0,2.0,347.0,-1.4,2.3,0.4,11.2,43.0,1.1,7.8,4.9,0.553,17.8,0.0,0.3,0.047,,0.0,19.0,2.0,6.0,13.0,2.0,1.0,7.0,66.0,347.0,-3.1,-3.1,0.0,0.0,30.0,0.0,70.0,43.0,8.0,3.0,4.4,8.4,0.518,3.8,10.2,0.368,3.8,,0.3,3.3,124.0,0.536,8.1,18.7,0.435,1.5,1.8,0.833,13.0,2.0,347.0,1.1,117.0,4.5,21.5,43.0,1.1,1.7,4.4,3.0,5.8,0.518,2.6,7.1,0.368,2.6,,0.2,2.3,0.536,5.6,12.9,0.435,1.0,1.2,0.833,13.0,2.0,347.0,0.7,3.1,14.8,43.0,0.7,1.1,3.0,2.2,4.3,0.518,1.9,5.2,0.368,1.9,,0.2,1.7,0.536,4.2,9.5,0.435,0.8,0.9,0.833,13.0,2.0,26.7,0.5,2.3,11.0,67.0,0.5,0.8,2.2,1.0,0.0,,0.167,0.265,17.4,2.0,0.024,0.435,0.625,0.353,0.5,0.518,0.588,0.368,13.0,2.0,347.0,0.448,0.8,0.129,0.137,0.048,0.452,0.137,0.548,43.0,29.0,56.0,0.518,25.0,68.0,0.368,25.0,,2.0,22.0,0.536,54.0,124.0,0.435,10.0,12.0,0.833,13.0,2.0,347.0,7.0,30.0,143.0,42.0,7.0,11.0,29.0,0.0
payneca01,Cameron Payne,https://www.basketball-reference.com/players/p/payneca01.html,2023-24,2024,29.0,2TM,PG,PG,41.0,PG,78.0,10.0,1304.0,104.0,214.0,0.486,104.0,267.0,0.39,205.0,,11.0,96.0,0.541,208.0,481.0,0.432,58.0,67.0,0.866,21.0,126.0,578.0,192.0,42.0,66.0,117.0,0.0,1.3,2.7,0.486,1.3,3.4,0.39,2.6,,0.1,1.2,0.541,2.7,6.2,0.432,0.7,0.9,0.866,78.0,10.0,16.7,0.3,1.6,7.4,242.0,0.5,0.8,1.5,2.9,5.9,0.486,2.9,7.4,0.39,5.7,,0.3,2.7,0.541,5.7,13.3,0.432,1.6,1.8,0.866,78.0,10.0,1304.0,0.6,3.5,16.0,213.0,1.2,1.8,3.2,3.9,8.0,0.486,3.9,9.9,0.39,7.6,,0.4,3.6,118.0,0.541,7.7,17.9,0.432,2.2,2.5,0.866,78.0,10.0,1304.0,0.8,116.0,4.7,21.5,213.0,1.6,2.5,4.4,0.555,21.9,,0.8,-1.1,-0.6,8.1,1.0,0.139,78.0,10.0,1304.0,-0.5,1.8,1.4,12.8,213.0,1.6,11.4,4.9,0.566,19.1,0.3,2.4,0.089,,0,62,17,31,78,10,6,24,487,1304,-3.9,-0.4,0,0,80,0,20,213,42,11,1.0,0.0,,0.265,0.127,17.9,0.0,0.0,0.432,0.485,0.533,0.444,0.486,0.47,0.39,78.0,10.0,1304.0,0.452,0.788,0.141,0.094,0.037,0.445,0.173,0.555,213.0,-5.8,-14.2,,78.0,10.0,89.0,141.0,107.0,99.0,91.0,110.0,57.0,98.0,1304.0,213.0,0.486,0.555,0.39,0.541,0.432,0.866,0.139,0.566,,5.0,0.0,52.0,182.0,122.0,102.0,84.0,,0.0,97.0,61.0,141.0,0.286,0.72,0.444,0.56,0.4,,0.0,0.56,0.72,19.3,,5.6,1.6,0.9,10.7,0.0,0.0,5.0,0.0,61.0,0.7,0.0,0.0,12.7,141.0,0.9,10.7,5.5,0.56,21.1,0.1,0.1,0.059,,0.0,1.0,1.0,0.0,5.0,0.0,0.0,2.0,18.0,61.0,-10.5,-9.9,0.0,0.0,87.0,0.0,13.0,141.0,1.0,1.0,1.7,6.1,0.286,6.9,15.6,0.444,6.1,,3.5,5.2,117.0,0.56,8.7,21.6,0.4,0.0,0.0,,5.0,0.0,61.0,0.0,110.0,8.7,24.2,141.0,0.9,2.6,5.2,1.2,4.1,0.286,4.7,10.6,0.444,4.1,,2.4,3.5,0.56,5.9,14.8,0.4,0.0,0.0,,5.0,0.0,61.0,0.0,5.9,16.5,141.0,0.6,1.8,3.5,0.4,1.4,0.286,1.6,3.6,0.444,1.4,,0.8,1.2,0.56,2.0,5.0,0.4,0.0,0.0,,5.0,0.0,12.2,0.0,2.0,5.6,108.0,0.2,0.6,1.2,0.0,0.0,,0.0,0.056,21.4,0.0,0.0,0.4,,1.0,0.0,0.286,0.2,0.444,5.0,0.0,61.0,0.0,0.625,0.0,0.04,0.04,0.28,0.2,0.72,141.0,2.0,7.0,0.286,8.0,18.0,0.444,7.0,,4.0,6.0,0.56,10.0,25.0,0.4,0.0,0.0,,5.0,0.0,61.0,0.0,10.0,28.0,123.0,1.0,3.0,6.0,0.0
mccontj01,T.J. McConnell,https://www.basketball-reference.com/players/m/mccontj01.html,2023-24,2024,31.0,IND,PG,PG,42.0,PG,71.0,4.0,1291.0,312.0,549.0,0.568,18.0,44.0,0.409,390.0,6MOY-7,8.0,155.0,0.572,330.0,593.0,0.556,49.0,62.0,0.79,36.0,79.0,727.0,157.0,72.0,108.0,191.0,0.0,4.4,7.7,0.568,0.3,0.6,0.409,5.5,6MOY-7,0.1,2.2,0.572,4.6,8.4,0.556,0.7,0.9,0.79,71.0,4.0,18.2,0.5,1.1,10.2,176.0,1.0,1.5,2.7,8.7,15.3,0.568,0.5,1.2,0.409,10.9,6MOY-7,0.2,4.3,0.572,9.2,16.5,0.556,1.4,1.7,0.79,71.0,4.0,1291.0,1.0,2.2,20.3,216.0,2.0,3.0,5.3,11.4,20.1,0.568,0.7,1.6,0.409,14.3,6MOY-7,0.3,5.7,117.0,0.572,12.1,21.7,0.556,1.8,2.3,0.79,71.0,4.0,1291.0,1.3,121.0,2.9,26.6,216.0,2.6,3.9,7.0,0.074,41.8,6MOY-7,0.5,3.0,0.1,13.6,1.1,0.105,71.0,4.0,1291.0,2.9,3.2,2.8,20.9,216.0,2.6,14.8,8.4,0.586,23.7,1.6,3.9,0.143,6MOY-7,3,42,36,33,71,4,12,39,935,1291,2.3,4.6,0,0,100,0,0,216,61,28,1.0,0.0,6MOY-7,0.667,0.205,8.5,0.0,0.0,0.556,0.741,0.493,0.333,0.568,0.527,0.409,71.0,4.0,1291.0,0.317,0.778,0.241,0.256,0.025,0.926,0.403,0.074,216.0,29.8,7.5,6MOY-7,71.0,4.0,104.0,19.0,112.0,105.0,117.0,101.0,43.0,101.0,1291.0,216.0,0.568,0.074,0.409,0.572,0.556,0.79,0.105,0.586,,17.0,0.0,96.0,36.0,74.0,92.0,103.0,111.0,33.0,90.0,348.0,42.0,0.522,0.141,0.269,0.505,0.486,0.867,0.081,0.522,0.141,37.3,,0.5,1.7,-0.5,13.6,0.2,0.081,17.0,0.0,348.0,2.2,3.8,0.6,20.0,42.0,2.2,9.9,8.8,0.522,27.6,0.3,0.8,0.104,,1.0,15.0,4.0,7.0,17.0,0.0,3.0,10.0,205.0,348.0,1.6,2.0,0.0,0.0,100.0,0.0,0.0,42.0,13.0,5.0,12.2,23.4,0.522,1.0,3.8,0.269,12.7,,0.3,6.0,118.0,0.505,13.2,27.2,0.486,1.9,2.2,0.867,17.0,0.0,348.0,1.6,115.0,3.8,29.4,42.0,2.2,3.1,7.7,8.6,16.4,0.522,0.7,2.7,0.269,8.9,,0.2,4.2,0.505,9.3,19.1,0.486,1.3,1.6,0.867,17.0,0.0,348.0,1.1,2.7,20.7,42.0,1.6,2.2,5.4,4.9,9.4,0.522,0.4,1.5,0.269,5.1,,0.1,2.4,0.505,5.3,10.9,0.486,0.8,0.9,0.867,17.0,0.0,20.5,0.6,1.5,11.8,62.0,0.9,1.2,3.1,2.0,0.0,,0.571,0.269,10.2,0.0,0.0,0.486,0.659,0.487,0.5,0.522,0.455,0.269,17.0,0.0,348.0,0.41,0.857,0.238,0.211,0.054,0.859,0.357,0.141,42.0,83.0,159.0,0.522,7.0,26.0,0.269,86.0,,2.0,41.0,0.505,90.0,185.0,0.486,13.0,15.0,0.867,17.0,0.0,348.0,11.0,26.0,200.0,21.0,15.0,21.0,52.0,0.0
holidaa01,Aaron Holiday,https://www.basketball-reference.com/players/h/holidaa01.html,2023-24,2024,27.0,HOU,PG,PG,43.0,PG,78.0,1.0,1269.0,102.0,200.0,0.51,84.0,217.0,0.387,140.0,,6.0,100.0,0.547,186.0,417.0,0.446,58.0,63.0,0.921,23.0,125.0,514.0,216.0,42.0,53.0,123.0,0.0,1.3,2.6,0.51,1.1,2.8,0.387,1.8,,0.1,1.3,0.547,2.4,5.3,0.446,0.7,0.8,0.921,78.0,1.0,16.3,0.3,1.6,6.6,278.0,0.5,0.7,1.6,2.9,5.7,0.51,2.4,6.2,0.387,4.0,,0.2,2.8,0.547,5.3,11.8,0.446,1.6,1.8,0.921,78.0,1.0,1269.0,0.7,3.5,14.6,217.0,1.2,1.5,3.5,3.9,7.6,0.51,3.2,8.3,0.387,5.4,,0.2,3.8,116.0,0.547,7.1,15.9,0.446,2.2,2.4,0.921,78.0,1.0,1269.0,0.9,117.0,4.8,19.6,217.0,1.6,2.0,4.7,0.52,15.4,,0.4,-1.5,0.3,8.5,1.2,0.151,78.0,1.0,1269.0,-1.8,1.9,1.3,11.5,217.0,1.6,10.6,5.2,0.578,16.7,0.2,2.5,0.094,,3,59,14,22,78,1,5,20,350,1269,4.4,4.2,0,0,100,0,0,217,28,14,1.0,0.0,,0.478,0.212,17.3,2.0,0.005,0.446,0.647,0.534,0.35,0.51,0.437,0.387,78.0,1.0,1269.0,0.255,0.81,0.122,0.139,0.048,0.48,0.17,0.52,217.0,0.2,-1.9,,78.0,1.0,94.0,132.0,106.0,100.0,94.0,117.0,62.0,100.0,1269.0,217.0,0.51,0.52,0.387,0.547,0.446,0.921,0.151,0.578,,,,,,,,,,,,,,,,,,,,,,,,,,,,,,,,,,,,,,,,,,,,,,,,,,,,,,,,,,,,,,,,,,,,,,,,,,,,,,,,,,,,,,,,,,,,,,,,,,,,,,,,,,,,,,,,,,,,,,,,,,,,,,,,,,,,,,,,,,,,,,,,,,,,,,,,,,,,,,,,,,,,,,,,,,,,,,,,,,,,,,,,,,,,,,,,,,,,,,,,,,,,,
dunnkr01,Kris Dunn,https://www.basketball-reference.com/players/d/dunnkr01.html,2023-24,2024,29.0,UTA,PG,PG,44.0,PG,66.0,32.0,1249.0,106.0,202.0,0.525,41.0,111.0,0.369,254.0,,28.0,139.0,0.535,147.0,313.0,0.47,22.0,32.0,0.688,50.0,135.0,357.0,266.0,68.0,79.0,189.0,0.0,1.6,3.1,0.525,0.6,1.7,0.369,3.8,,0.4,2.1,0.535,2.2,4.7,0.47,0.3,0.5,0.688,66.0,32.0,18.9,0.8,2.0,5.4,320.0,1.0,1.2,2.9,3.1,5.8,0.525,1.2,3.2,0.369,7.3,,0.8,4.0,0.535,4.2,9.0,0.47,0.6,0.9,0.688,66.0,32.0,1249.0,1.4,3.9,10.3,221.0,2.0,2.3,5.4,4.1,7.8,0.525,1.6,4.3,0.369,9.8,,1.1,5.4,118.0,0.535,5.7,12.1,0.47,0.8,1.2,0.688,66.0,32.0,1249.0,1.9,116.0,5.2,13.8,221.0,2.6,3.1,7.3,0.355,27.1,,2.0,-0.1,1.4,12.2,0.9,0.102,66.0,32.0,1249.0,-1.5,4.4,1.1,12.8,221.0,2.6,19.5,8.3,0.546,13.6,0.6,2.0,0.076,,6,69,4,14,66,32,2,19,623,1249,7.5,0.2,0,0,73,1,26,221,49,17,1.0,0.0,,0.41,0.351,12.6,17.0,0.054,0.47,0.686,0.389,0.5,0.525,0.481,0.369,66.0,32.0,1249.0,0.274,0.951,0.163,0.058,0.006,0.645,0.419,0.355,221.0,-7.1,-22.4,,66.0,32.0,96.0,90.0,101.0,98.0,99.0,88.0,42.0,94.0,1249.0,221.0,0.525,0.355,0.369,0.535,0.47,0.688,0.102,0.546,,,,,,,,,,,,,,,,,,,,,,,,,,,,,,,,,,,,,,,,,,,,,,,,,,,,,,,,,,,,,,,,,,,,,,,,,,,,,,,,,,,,,,,,,,,,,,,,,,,,,,,,,,,,,,,,,,,,,,,,,,,,,,,,,,,,,,,,,,,,,,,,,,,,,,,,,,,,,,,,,,,,,,,,,,,,,,,,,,,,,,,,,,,,,,,,,,,,,,,,,,,,,
micicva01,Vasilije Micić,https://www.basketball-reference.com/players/m/micicva01.html,2023-24,2024,30.0,2TM,PG,PG,45.0,PG,60.0,21.0,1176.0,116.0,216.0,0.537,43.0,154.0,0.279,262.0,,7.0,74.0,0.488,159.0,370.0,0.43,61.0,75.0,0.813,14.0,68.0,422.0,244.0,31.0,99.0,88.0,0.0,1.9,3.6,0.537,0.7,2.6,0.279,4.4,,0.1,1.2,0.488,2.7,6.2,0.43,1.0,1.3,0.813,60.0,21.0,19.6,0.2,1.1,7.0,255.0,0.5,1.7,1.5,3.6,6.6,0.537,1.3,4.7,0.279,8.0,,0.2,2.3,0.488,4.9,11.3,0.43,1.9,2.3,0.813,60.0,21.0,1176.0,0.4,2.1,12.9,230.0,0.9,3.0,2.7,4.8,9.0,0.537,1.8,6.4,0.279,10.9,,0.3,3.1,121.0,0.488,6.6,15.4,0.43,2.5,3.1,0.813,60.0,21.0,1176.0,0.6,105.0,2.8,17.6,230.0,1.3,4.1,3.7,0.416,31.1,,0.6,-4.6,-2.2,7.1,0.4,0.203,60.0,21.0,1176.0,-2.5,1.3,-0.1,10.7,230.0,1.3,19.7,4.2,0.524,18.8,-0.8,0.4,0.015,,2,32,6,33,60,21,7,33,637,1176,1.6,-3.4,0,0,69,0,31,230,63,21,0.0,0.0,,0.154,0.084,15.1,1.0,0.003,0.43,0.706,0.469,0.464,0.537,0.296,0.279,60.0,21.0,1176.0,0.353,0.605,0.276,0.086,0.076,0.584,0.146,0.416,230.0,-43.5,-45.5,,60.0,21.0,98.0,105.0,76.0,89.0,91.0,104.0,83.0,90.0,1176.0,230.0,0.537,0.416,0.279,0.488,0.43,0.813,0.203,0.524,,,,,,,,,,,,,,,,,,,,,,,,,,,,,,,,,,,,,,,,,,,,,,,,,,,,,,,,,,,,,,,,,,,,,,,,,,,,,,,,,,,,,,,,,,,,,,,,,,,,,,,,,,,,,,,,,,,,,,,,,,,,,,,,,,,,,,,,,,,,,,,,,,,,,,,,,,,,,,,,,,,,,,,,,,,,,,,,,,,,,,,,,,,,,,,,,,,,,,,,,,,,,
blackan01,Anthony Black,https://www.basketball-reference.com/players/b/blackan01.html,2023-24,2024,20.0,ORL,PG,PG,46.0,PG,69.0,33.0,1164.0,78.0,153.0,0.51,37.0,94.0,0.394,91.0,,21.0,106.0,0.54,115.0,247.0,0.466,49.0,80.0,0.613,33.0,110.0,316.0,282.0,35.0,56.0,139.0,0.0,1.1,2.2,0.51,0.5,1.4,0.394,1.3,,0.3,1.5,0.54,1.7,3.6,0.466,0.7,1.2,0.613,69.0,33.0,16.9,0.5,1.6,4.6,358.0,0.5,0.8,2.0,2.4,4.7,0.51,1.1,2.9,0.394,2.8,,0.6,3.3,0.54,3.6,7.6,0.466,1.5,2.5,0.613,69.0,33.0,1164.0,1.0,3.4,9.8,235.0,1.1,1.7,4.3,3.3,6.5,0.51,1.6,4.0,0.394,3.9,,0.9,4.5,113.0,0.54,4.9,10.5,0.466,2.1,3.4,0.613,69.0,33.0,1164.0,1.4,108.0,4.7,13.4,235.0,1.5,2.4,5.9,0.381,10.6,,1.7,-3.0,0.8,10.8,1.5,0.324,69.0,33.0,1164.0,-3.8,3.3,0.1,8.4,235.0,1.5,16.6,7.0,0.56,12.7,-0.3,1.6,0.067,,1,65,19,33,69,33,8,16,219,1164,-4.4,-1.3,0,0,68,2,30,235,40,7,0.0,0.0,,0.404,0.5,13.0,25.0,0.109,0.466,0.684,0.286,0.25,0.51,0.4,0.394,69.0,33.0,1164.0,0.731,0.919,0.308,0.085,0.065,0.619,0.162,0.381,235.0,-3.0,-11.3,,69.0,33.0,94.0,96.0,108.0,99.0,98.0,78.0,133.0,97.0,1164.0,235.0,0.51,0.381,0.394,0.54,0.466,0.613,0.324,0.56,,2.0,0.0,110.0,72.0,0.0,78.0,90.0,,0.0,74.0,11.0,191.0,0.6,0.286,0.0,0.429,0.429,,0.0,0.429,0.286,39.3,,0.0,-1.1,3.0,10.6,0.0,0.0,2.0,0.0,11.0,-4.1,9.7,0.0,16.2,191.0,4.6,12.5,10.1,0.429,31.9,0.0,0.0,0.039,,0.0,1.0,0.0,0.0,2.0,0.0,0.0,1.0,5.0,11.0,-34.8,-28.1,0.0,0.0,88.0,12.0,0.0,191.0,1.0,0.0,13.8,23.1,0.6,0.0,9.2,0.0,9.2,,0.0,4.6,98.0,0.429,13.8,32.3,0.429,0.0,0.0,,2.0,0.0,11.0,4.6,94.0,4.6,27.7,191.0,4.6,4.6,9.2,9.8,16.4,0.6,0.0,6.5,0.0,6.5,,0.0,3.3,0.429,9.8,22.9,0.429,0.0,0.0,,2.0,0.0,11.0,3.3,3.3,19.6,191.0,3.3,3.3,6.5,1.5,2.5,0.6,0.0,1.0,0.0,1.0,,0.0,0.5,0.429,1.5,3.5,0.429,0.0,0.0,,2.0,0.0,5.5,0.5,0.5,3.0,138.0,0.5,0.5,1.0,0.0,0.0,,,0.0,16.5,0.0,0.0,0.429,1.0,0.0,0.5,0.6,1.0,0.0,2.0,0.0,11.0,0.333,,0.143,0.143,0.286,0.714,0.143,0.286,191.0,3.0,5.0,0.6,0.0,2.0,0.0,2.0,,0.0,1.0,0.429,3.0,7.0,0.429,0.0,0.0,,2.0,0.0,11.0,1.0,1.0,6.0,169.0,1.0,1.0,2.0,0.0
brogdma01,Malcolm Brogdon,https://www.basketball-reference.com/players/b/brogdma01.html,2023-24,2024,31.0,POR,PG,PG,47.0,PG,39.0,25.0,1121.0,136.0,297.0,0.458,82.0,199.0,0.412,214.0,,8.0,120.0,0.522,218.0,496.0,0.44,95.0,116.0,0.819,28.0,58.0,613.0,180.0,27.0,60.0,148.0,0.0,3.5,7.6,0.458,2.1,5.1,0.412,5.5,,0.2,3.1,0.522,5.6,12.7,0.44,2.4,3.0,0.819,39.0,25.0,28.7,0.7,1.5,15.7,85.0,0.7,1.5,3.8,4.4,9.5,0.458,2.6,6.4,0.412,6.9,,0.3,3.9,0.522,7.0,15.9,0.44,3.1,3.7,0.819,39.0,25.0,1121.0,0.9,1.9,19.7,241.0,0.9,1.9,4.8,6.0,13.1,0.458,3.6,8.8,0.412,9.4,,0.4,5.3,120.0,0.522,9.6,21.8,0.44,4.2,5.1,0.819,39.0,25.0,1121.0,1.2,120.0,2.6,27.0,241.0,1.2,2.6,6.5,0.401,30.9,,0.6,2.0,-0.7,12.8,0.6,0.234,39.0,25.0,1121.0,2.7,2.6,2.0,17.0,241.0,1.2,9.9,7.4,0.56,23.0,1.1,2.6,0.111,,4,32,8,50,39,25,12,29,517,1121,8.0,-3.6,0,0,61,0,39,241,34,17,0.0,0.0,,0.5,0.121,15.4,0.0,0.002,0.44,0.608,0.431,0.322,0.458,0.385,0.412,39.0,25.0,1121.0,0.257,0.756,0.206,0.117,0.119,0.599,0.157,0.401,241.0,-24.2,-21.6,,39.0,25.0,84.0,102.0,113.0,96.0,93.0,104.0,96.0,97.0,1121.0,241.0,0.458,0.401,0.412,0.522,0.44,0.819,0.234,0.56,,,,,,,,,,,,,,,,,,,,,,,,,,,,,,,,,,,,,,,,,,,,,,,,,,,,,,,,,,,,,,,,,,,,,,,,,,,,,,,,,,,,,,,,,,,,,,,,,,,,,,,,,,,,,,,,,,,,,,,,,,,,,,,,,,,,,,,,,,,,,,,,,,,,,,,,,,,,,,,,,,,,,,,,,,,,,,,,,,,,,,,,,,,,,,,,,,,,,,,,,,,,,
mitchda01,Davion Mitchell,https://www.basketball-reference.com/players/m/mitchda01.html,2023-24,2024,25.0,SAC,PG,PG,48.0,PG,72.0,4.0,1101.0,89.0,165.0,0.539,57.0,158.0,0.361,134.0,,3.0,76.0,0.54,146.0,323.0,0.452,30.0,42.0,0.714,19.0,85.0,379.0,257.0,17.0,43.0,95.0,0.0,1.2,2.3,0.539,0.8,2.2,0.361,1.9,,0.0,1.1,0.54,2.0,4.5,0.452,0.4,0.6,0.714,72.0,4.0,15.3,0.3,1.2,5.3,331.0,0.2,0.6,1.3,2.9,5.4,0.539,1.9,5.2,0.361,4.4,,0.1,2.5,0.54,4.8,10.6,0.452,1.0,1.4,0.714,72.0,4.0,1101.0,0.6,2.8,12.4,244.0,0.6,1.4,3.1,3.9,7.3,0.539,2.5,7.0,0.361,5.9,,0.1,3.4,120.0,0.54,6.4,14.2,0.452,1.3,1.9,0.714,72.0,4.0,1101.0,0.8,114.0,3.7,16.7,244.0,0.7,1.9,4.2,0.489,16.0,,0.2,-3.4,-1.0,7.9,0.6,0.13,72.0,4.0,1101.0,-2.4,1.9,0.8,9.3,244.0,0.7,11.2,4.8,0.555,14.9,-0.4,1.3,0.059,,0,41,17,18,72,4,6,10,330,1101,-4.6,-2.1,0,0,75,0,25,244,20,16,0.0,0.0,,0.457,0.291,16.2,0.0,0.0,0.452,0.76,0.31,0.458,0.539,0.5,0.361,72.0,4.0,1101.0,0.472,0.965,0.155,0.09,0.074,0.511,0.192,0.489,244.0,-4.1,-17.1,,72.0,4.0,99.0,124.0,99.0,99.0,95.0,91.0,53.0,96.0,1101.0,244.0,0.539,0.489,0.361,0.54,0.452,0.714,0.13,0.555,,,,,,,,,,,,,,,,,,,,,,,,,,,,,,,,,,,,,,,,,,,,,,,,,,,,,,,,,,,,,,,,,,,,,,,,,,,,,,,,,,,,,,,,,,,,,,,,,,,,,,,,,,,,,,,,,,,,,,,,,,,,,,,,,,,,,,,,,,,,,,,,,,,,,,,,,,,,,,,,,,,,,,,,,,,,,,,,,,,,,,,,,,,,,,,,,,,,,,,,,,,,,
exumda01,Danté Exum,https://www.basketball-reference.com/players/e/exumda01.html,2023-24,2024,28.0,DAL,PG,PG,49.0,PG,55.0,17.0,1088.0,108.0,194.0,0.557,53.0,108.0,0.491,157.0,,5.0,124.0,0.621,161.0,302.0,0.533,53.0,68.0,0.779,25.0,85.0,428.0,241.0,22.0,49.0,149.0,0.0,2.0,3.5,0.557,1.0,2.0,0.491,2.9,,0.1,2.3,0.621,2.9,5.5,0.533,1.0,1.2,0.779,55.0,17.0,19.8,0.5,1.5,7.8,231.0,0.4,0.9,2.7,3.6,6.4,0.557,1.8,3.6,0.491,5.2,,0.2,4.1,0.621,5.3,10.0,0.533,1.8,2.3,0.779,55.0,17.0,1088.0,0.8,2.8,14.2,247.0,0.7,1.6,4.9,4.8,8.6,0.557,2.3,4.8,0.491,6.9,,0.2,5.5,118.0,0.621,7.1,13.3,0.533,2.3,3.0,0.779,55.0,17.0,1088.0,1.1,128.0,3.7,18.9,247.0,1.0,2.2,6.6,0.358,19.3,,0.4,-0.6,-0.3,12.4,0.8,0.225,55.0,17.0,1088.0,-0.3,2.5,2.1,13.7,247.0,1.0,12.9,7.5,0.645,15.0,0.4,2.9,0.127,,3,37,20,31,55,17,5,18,380,1088,12.0,10.8,0,0,100,0,0,247,22,20,2.0,0.0,,0.457,0.426,11.9,14.0,0.056,0.533,0.697,0.688,0.143,0.557,0.375,0.491,55.0,17.0,1088.0,0.528,0.981,0.328,0.053,0.023,0.642,0.238,0.358,247.0,44.9,43.0,,55.0,17.0,102.0,91.0,134.0,114.0,112.0,99.0,92.0,111.0,1088.0,247.0,0.557,0.358,0.491,0.621,0.533,0.779,0.225,0.645,,21.0,0.0,69.0,115.0,96.0,81.0,77.0,85.0,56.0,79.0,144.0,99.0,0.375,0.455,0.35,0.443,0.364,0.667,0.136,0.461,0.455,11.9,,0.7,-3.1,-0.5,11.1,0.1,0.136,21.0,0.0,144.0,-2.6,2.4,-0.1,7.7,99.0,1.1,9.7,6.8,0.461,16.3,0.0,0.1,0.024,,1.0,5.0,2.0,2.0,21.0,0.0,0.0,3.0,30.0,144.0,-6.0,-1.5,0.0,0.0,100.0,0.0,0.0,99.0,2.0,1.0,3.2,8.7,0.375,2.5,7.2,0.35,4.3,,0.4,5.1,115.0,0.443,5.8,15.9,0.364,1.4,2.2,0.667,21.0,0.0,144.0,1.1,101.0,3.2,15.5,99.0,1.1,1.8,6.1,2.3,6.0,0.375,1.7,5.0,0.35,3.0,,0.2,3.5,0.443,4.0,11.0,0.364,1.0,1.5,0.667,21.0,0.0,144.0,0.7,2.3,10.7,99.0,0.7,1.2,4.2,0.4,1.1,0.375,0.3,1.0,0.35,0.6,,0.0,0.7,0.443,0.8,2.1,0.364,0.2,0.3,0.667,21.0,0.0,6.9,0.1,0.4,2.0,155.0,0.1,0.2,0.8,0.0,0.0,,0.167,0.3,15.9,1.0,0.045,0.364,0.6,0.6,0.0,0.375,0.273,0.35,21.0,0.0,144.0,0.222,0.857,0.114,0.114,0.068,0.545,0.25,0.455,99.0,9.0,24.0,0.375,7.0,20.0,0.35,12.0,,1.0,14.0,0.443,16.0,44.0,0.364,4.0,6.0,0.667,21.0,0.0,144.0,3.0,9.0,43.0,105.0,3.0,5.0,17.0,0.0
smithde03,Dennis Smith Jr.,https://www.basketball-reference.com/players/s/smithde03.html,2023-24,2024,26.0,BRK,PG,PG,50.0,PG,56.0,2.0,1059.0,115.0,229.0,0.502,32.0,109.0,0.294,203.0,,12.0,114.0,0.482,147.0,338.0,0.435,43.0,58.0,0.741,50.0,121.0,369.0,261.0,68.0,68.0,164.0,0.0,2.1,4.1,0.502,0.6,1.9,0.294,3.6,,0.2,2.0,0.482,2.6,6.0,0.435,0.8,1.0,0.741,56.0,2.0,18.9,0.9,2.2,6.6,279.0,1.2,1.2,2.9,3.9,7.8,0.502,1.1,3.7,0.294,6.9,,0.4,3.9,0.482,5.0,11.5,0.435,1.5,2.0,0.741,56.0,2.0,1059.0,1.7,4.1,12.5,249.0,2.3,2.3,5.6,5.4,10.7,0.502,1.5,5.1,0.294,9.5,,0.6,5.3,114.0,0.482,6.9,15.8,0.435,2.0,2.7,0.741,56.0,2.0,1059.0,2.3,110.0,5.7,17.3,249.0,3.2,3.2,7.7,0.322,27.3,,1.0,-0.8,1.8,12.1,1.3,0.172,56.0,2.0,1059.0,-2.6,5.0,0.5,13.4,249.0,3.2,15.8,8.5,0.508,17.7,0.3,1.8,0.08,,9,57,6,25,56,2,6,24,491,1059,5.0,0.7,0,0,88,0,12,249,36,15,1.0,0.0,,0.342,0.349,11.5,25.0,0.083,0.435,0.672,0.267,0.318,0.502,0.299,0.294,56.0,2.0,1059.0,0.426,0.875,0.37,0.044,0.065,0.678,0.198,0.322,249.0,-43.5,-52.7,,56.0,2.0,92.0,82.0,80.0,88.0,92.0,95.0,70.0,88.0,1059.0,249.0,0.502,0.322,0.294,0.482,0.435,0.741,0.172,0.508,,,,,,,,,,,,,,,,,,,,,,,,,,,,,,,,,,,,,,,,,,,,,,,,,,,,,,,,,,,,,,,,,,,,,,,,,,,,,,,,,,,,,,,,,,,,,,,,,,,,,,,,,,,,,,,,,,,,,,,,,,,,,,,,,,,,,,,,,,,,,,,,,,,,,,,,,,,,,,,,,,,,,,,,,,,,,,,,,,,,,,,,,,,,,,,,,,,,,,,,,,,,,
goodwjo01,Jordan Goodwin,https://www.basketball-reference.com/players/g/goodwjo01.html,2023-24,2024,25.0,2TM,PG,PG,51.0,PG,57.0,12.0,1055.0,99.0,241.0,0.411,42.0,141.0,0.298,155.0,,18.0,165.0,0.424,141.0,382.0,0.369,44.0,59.0,0.746,88.0,76.0,368.0,262.0,48.0,56.0,253.0,0.0,1.7,4.2,0.411,0.7,2.5,0.298,2.7,,0.3,2.9,0.424,2.5,6.7,0.369,0.8,1.0,0.746,57.0,12.0,18.5,1.5,1.3,6.5,281.0,0.8,1.0,4.4,3.4,8.2,0.411,1.4,4.8,0.298,5.3,,0.6,5.6,0.424,4.8,13.0,0.369,1.5,2.0,0.746,57.0,12.0,1055.0,3.0,2.6,12.6,251.0,1.6,1.9,8.6,4.6,11.2,0.411,1.9,6.5,0.298,7.2,,0.8,7.6,113.0,0.424,6.5,17.7,0.369,2.0,2.7,0.746,57.0,12.0,1055.0,4.1,105.0,3.5,17.0,251.0,2.2,2.6,11.7,0.369,20.9,,1.6,-1.0,0.5,17.3,1.4,0.154,57.0,12.0,1055.0,-1.5,9.3,-0.2,12.6,251.0,2.2,12.1,13.3,0.451,19.0,0.3,1.2,0.054,,2,48,2,23,57,12,5,28,367,1055,-2.7,-4.1,0,0,81,2,17,251,36,15,0.0,0.0,,0.343,0.248,14.0,1.0,0.008,0.369,0.561,0.365,0.345,0.411,0.308,0.298,57.0,12.0,1055.0,0.293,0.857,0.215,0.136,0.076,0.631,0.204,0.369,251.0,-93.6,-105.2,,57.0,12.0,75.0,93.0,81.0,78.0,78.0,95.0,63.0,78.0,1055.0,251.0,0.411,0.369,0.298,0.424,0.369,0.746,0.154,0.451,,,,,,,,,,,,,,,,,,,,,,,,,,,,,,,,,,,,,,,,,,,,,,,,,,,,,,,,,,,,,,,,,,,,,,,,,,,,,,,,,,,,,,,,,,,,,,,,,,,,,,,,,,,,,,,,,,,,,,,,,,,,,,,,,,,,,,,,,,,,,,,,,,,,,,,,,,,,,,,,,,,,,,,,,,,,,,,,,,,,,,,,,,,,,,,,,,,,,,,,,,,,,
alvarjo01,Jose Alvarado,https://www.basketball-reference.com/players/a/alvarjo01.html,2023-24,2024,25.0,NOP,PG,PG,52.0,PG,56.0,0.0,1028.0,64.0,138.0,0.464,78.0,207.0,0.377,117.0,6MOY-6,15.0,103.0,0.525,142.0,345.0,0.412,35.0,52.0,0.673,25.0,89.0,397.0,250.0,59.0,40.0,128.0,0.0,1.1,2.5,0.464,1.4,3.7,0.377,2.1,6MOY-6,0.3,1.8,0.525,2.5,6.2,0.412,0.6,0.9,0.673,56.0,0.0,18.4,0.4,1.6,7.1,251.0,1.1,0.7,2.3,2.2,4.8,0.464,2.7,7.2,0.377,4.1,6MOY-6,0.5,3.6,0.525,5.0,12.1,0.412,1.2,1.8,0.673,56.0,0.0,1028.0,0.9,3.1,13.9,259.0,2.1,1.4,4.5,3.1,6.6,0.464,3.7,9.9,0.377,5.6,6MOY-6,0.7,4.9,112.0,0.525,6.8,16.5,0.412,1.7,2.5,0.673,56.0,0.0,1028.0,1.2,112.0,4.2,18.9,259.0,2.8,1.9,6.1,0.6,15.3,6MOY-6,1.4,-0.1,1.5,11.0,1.5,0.151,56.0,0.0,1028.0,-1.5,2.7,0.6,12.5,259.0,2.8,9.8,6.9,0.54,17.3,0.5,2.1,0.097,6MOY-6,1,27,12,19,56,0,1,22,275,1028,10.4,12.3,0,0,100,0,0,259,25,10,1.0,0.0,6MOY-6,0.483,0.28,17.7,0.0,0.0,0.412,0.617,0.304,0.333,0.464,0.415,0.377,56.0,0.0,1028.0,0.578,0.885,0.136,0.067,0.009,0.4,0.188,0.6,259.0,-15.1,-29.7,6MOY-6,56.0,0.0,85.0,152.0,103.0,96.0,87.0,86.0,62.0,93.0,1028.0,259.0,0.464,0.6,0.377,0.525,0.412,0.673,0.151,0.54,,4.0,0.0,61.0,177.0,20.0,32.0,32.0,,0.0,30.0,62.0,140.0,0.333,0.7,0.071,0.175,0.15,,0.0,0.175,0.7,22.3,,1.6,-6.0,1.9,7.6,0.1,0.0,4.0,0.0,62.0,-7.8,0.0,-0.3,-0.2,140.0,4.1,16.7,3.5,0.175,17.0,-0.1,-0.2,-0.177,,1.0,1.0,2.0,0.0,4.0,0.0,0.0,1.0,22.0,62.0,-6.7,-22.3,0.0,0.0,100.0,0.0,0.0,140.0,2.0,1.0,1.6,4.9,0.333,0.8,11.5,0.071,7.4,,0.8,3.3,109.0,0.175,2.5,16.4,0.15,0.0,0.0,,4.0,0.0,62.0,0.0,51.0,2.5,5.7,140.0,4.1,3.3,3.3,1.2,3.5,0.333,0.6,8.1,0.071,5.2,,0.6,2.3,0.175,1.7,11.6,0.15,0.0,0.0,,4.0,0.0,62.0,0.0,1.7,4.1,140.0,2.9,2.3,2.3,0.5,1.5,0.333,0.3,3.5,0.071,2.3,,0.3,1.0,0.175,0.8,5.0,0.15,0.0,0.0,,4.0,0.0,15.5,0.0,0.8,1.8,160.0,1.3,1.0,1.0,0.0,0.0,,0.0,0.286,19.7,0.0,0.0,0.15,1.0,0.0,,0.333,0.25,0.071,4.0,0.0,62.0,0.5,1.0,0.05,0.05,0.0,0.3,0.2,0.7,140.0,2.0,6.0,0.333,1.0,14.0,0.071,9.0,,1.0,4.0,0.175,3.0,20.0,0.15,0.0,0.0,,4.0,0.0,62.0,0.0,3.0,7.0,163.0,5.0,4.0,4.0,0.0
hortota01,Talen Horton-Tucker,https://www.basketball-reference.com/players/h/hortota01.html,2023-24,2024,23.0,UTA,PG,PG,53.0,PG,51.0,11.0,1009.0,124.0,283.0,0.438,60.0,182.0,0.33,177.0,,19.0,100.0,0.46,184.0,465.0,0.396,88.0,109.0,0.807,21.0,94.0,516.0,214.0,45.0,65.0,121.0,0.0,2.4,5.5,0.438,1.2,3.6,0.33,3.5,,0.4,2.0,0.46,3.6,9.1,0.396,1.7,2.1,0.807,51.0,11.0,19.8,0.4,1.8,10.1,180.0,0.9,1.3,2.4,4.4,10.1,0.438,2.1,6.5,0.33,6.3,,0.7,3.6,0.46,6.6,16.6,0.396,3.1,3.9,0.807,51.0,11.0,1009.0,0.7,3.4,18.4,264.0,1.6,2.3,4.3,5.9,13.5,0.438,2.9,8.7,0.33,8.5,,0.9,4.8,120.0,0.46,8.8,22.2,0.396,4.2,5.2,0.807,51.0,11.0,1009.0,1.0,108.0,4.5,24.7,264.0,2.2,3.1,5.8,0.391,25.5,,1.7,-1.2,-0.4,10.8,0.5,0.234,51.0,11.0,1009.0,-0.9,2.3,0.3,13.4,264.0,2.2,11.2,6.6,0.503,24.0,0.2,0.8,0.039,,7,44,3,60,51,11,15,27,440,1009,0.7,-4.3,0,1,57,4,39,264,34,21,2.0,0.0,,0.351,0.203,13.8,12.0,0.037,0.396,0.621,0.237,0.154,0.438,0.407,0.33,51.0,11.0,1009.0,0.242,0.8,0.187,0.082,0.028,0.609,0.312,0.391,264.0,-80.3,-79.0,,51.0,11.0,80.0,99.0,90.0,84.0,83.0,103.0,96.0,87.0,1009.0,264.0,0.438,0.391,0.33,0.46,0.396,0.807,0.234,0.503,,,,,,,,,,,,,,,,,,,,,,,,,,,,,,,,,,,,,,,,,,,,,,,,,,,,,,,,,,,,,,,,,,,,,,,,,,,,,,,,,,,,,,,,,,,,,,,,,,,,,,,,,,,,,,,,,,,,,,,,,,,,,,,,,,,,,,,,,,,,,,,,,,,,,,,,,,,,,,,,,,,,,,,,,,,,,,,,,,,,,,,,,,,,,,,,,,,,,,,,,,,,,
hayeski01,Killian Hayes,https://www.basketball-reference.com/players/h/hayeski01.html,2023-24,2024,22.0,DET,PG,PG,54.0,PG,42.0,31.0,1008.0,95.0,209.0,0.455,22.0,74.0,0.297,205.0,,20.0,108.0,0.452,117.0,283.0,0.413,33.0,50.0,0.66,11.0,75.0,289.0,295.0,36.0,51.0,119.0,0.0,2.3,5.0,0.455,0.5,1.8,0.297,4.9,,0.5,2.6,0.452,2.8,6.7,0.413,0.8,1.2,0.66,42.0,31.0,24.0,0.3,1.8,6.9,261.0,0.9,1.2,2.8,3.4,7.5,0.455,0.8,2.6,0.297,7.3,,0.7,3.9,0.452,4.2,10.1,0.413,1.2,1.8,0.66,42.0,31.0,1008.0,0.4,2.7,10.3,265.0,1.3,1.8,4.2,4.5,10.0,0.455,1.1,3.5,0.297,9.8,,1.0,5.2,119.0,0.452,5.6,13.5,0.413,1.6,2.4,0.66,42.0,31.0,1008.0,0.5,106.0,3.6,13.8,265.0,1.7,2.4,5.7,0.261,27.8,,1.7,-2.7,0.2,12.2,0.7,0.177,42.0,31.0,1008.0,-2.9,1.2,0.0,10.5,265.0,1.7,14.3,6.6,0.474,15.1,-0.2,0.7,0.032,,5,33,8,17,42,31,7,12,490,1008,-2.5,-10.7,0,0,81,0,19,265,29,10,0.0,0.0,,0.381,0.284,14.7,5.0,0.018,0.413,0.706,0.423,0.387,0.455,0.469,0.297,42.0,31.0,1008.0,0.484,0.864,0.06,0.343,0.11,0.739,0.226,0.261,265.0,-53.3,-64.8,,42.0,31.0,83.0,66.0,81.0,83.0,87.0,84.0,72.0,82.0,1008.0,265.0,0.455,0.261,0.297,0.452,0.413,0.66,0.177,0.474,,,,,,,,,,,,,,,,,,,,,,,,,,,,,,,,,,,,,,,,,,,,,,,,,,,,,,,,,,,,,,,,,,,,,,,,,,,,,,,,,,,,,,,,,,,,,,,,,,,,,,,,,,,,,,,,,,,,,,,,,,,,,,,,,,,,,,,,,,,,,,,,,,,,,,,,,,,,,,,,,,,,,,,,,,,,,,,,,,,,,,,,,,,,,,,,,,,,,,,,,,,,,
carteje01,Jevon Carter,https://www.basketball-reference.com/players/c/carteje01.html,2023-24,2024,28.0,CHI,PG,PG,55.0,PG,72.0,0.0,1004.0,61.0,131.0,0.466,77.0,234.0,0.329,94.0,,16.0,49.0,0.484,138.0,365.0,0.378,4.0,7.0,0.571,11.0,71.0,357.0,265.0,37.0,36.0,60.0,0.0,0.8,1.8,0.466,1.1,3.3,0.329,1.3,,0.2,0.7,0.484,1.9,5.1,0.378,0.1,0.1,0.571,72.0,0.0,13.9,0.2,1.0,5.0,344.0,0.5,0.5,0.8,2.2,4.7,0.466,2.8,8.4,0.329,3.4,,0.6,1.8,0.484,4.9,13.1,0.378,0.1,0.3,0.571,72.0,0.0,1004.0,0.4,2.5,12.8,266.0,1.3,1.3,2.2,3.0,6.5,0.466,3.8,11.6,0.329,4.7,,0.8,2.4,119.0,0.484,6.9,18.1,0.378,0.2,0.3,0.571,72.0,0.0,1004.0,0.5,101.0,3.5,17.7,266.0,1.8,1.8,3.0,0.641,12.9,,1.6,-4.0,-0.7,5.6,0.7,0.019,72.0,0.0,1004.0,-3.3,1.2,-0.5,8.5,266.0,1.8,8.9,3.3,0.485,17.7,-0.5,0.2,0.009,,4,27,4,2,72,0,1,6,222,1004,4.0,1.6,0,0,100,0,0,266,19,6,1.0,0.0,,0.39,0.252,20.4,0.0,0.0,0.378,0.333,0.469,0.543,0.466,0.438,0.329,72.0,0.0,1004.0,0.689,0.87,0.041,0.134,0.096,0.359,0.088,0.641,266.0,-46.0,-70.0,,72.0,0.0,85.0,162.0,90.0,88.0,80.0,73.0,8.0,84.0,1004.0,266.0,0.466,0.641,0.329,0.484,0.378,0.571,0.019,0.485,,,,,,,,,,,,,,,,,,,,,,,,,,,,,,,,,,,,,,,,,,,,,,,,,,,,,,,,,,,,,,,,,,,,,,,,,,,,,,,,,,,,,,,,,,,,,,,,,,,,,,,,,,,,,,,,,,,,,,,,,,,,,,,,,,,,,,,,,,,,,,,,,,,,,,,,,,,,,,,,,,,,,,,,,,,,,,,,,,,,,,,,,,,,,,,,,,,,,,,,,,,,,
manntr01,Tre Mann,https://www.basketball-reference.com/players/m/manntr01.html,2023-24,2024,22.0,2TM,PG,PG,56.0,PG,41.0,28.0,987.0,98.0,190.0,0.516,47.0,126.0,0.373,165.0,,3.0,129.0,0.533,145.0,316.0,0.459,45.0,59.0,0.763,20.0,48.0,382.0,253.0,51.0,65.0,149.0,0.0,2.4,4.6,0.516,1.1,3.1,0.373,4.0,,0.1,3.1,0.533,3.5,7.7,0.459,1.1,1.4,0.763,41.0,28.0,24.1,0.5,1.2,9.3,197.0,1.2,1.6,3.6,3.6,6.9,0.516,1.7,4.6,0.373,6.0,,0.1,4.7,0.533,5.3,11.5,0.459,1.6,2.2,0.763,41.0,28.0,987.0,0.7,1.8,13.9,270.0,1.9,2.4,5.4,4.9,9.5,0.516,2.3,6.3,0.373,8.2,,0.1,6.4,118.0,0.533,7.2,15.7,0.459,2.2,2.9,0.763,41.0,28.0,987.0,1.0,110.0,2.4,19.0,270.0,2.5,3.2,7.4,0.399,24.1,,0.3,-1.3,0.4,15.0,0.8,0.187,41.0,28.0,987.0,-1.7,2.2,0.4,13.7,270.0,2.5,16.0,8.5,0.559,18.2,0.2,1.2,0.058,,3,25,9,28,41,28,11,17,401,987,3.2,-6.1,0,0,100,0,0,270,39,19,0.0,0.0,,0.44,0.198,15.1,4.0,0.022,0.459,0.667,0.424,0.333,0.516,0.433,0.373,41.0,28.0,987.0,0.194,0.766,0.237,0.104,0.047,0.601,0.212,0.399,270.0,-8.4,-14.7,,41.0,28.0,95.0,101.0,102.0,98.0,97.0,97.0,76.0,96.0,987.0,270.0,0.516,0.399,0.373,0.533,0.459,0.763,0.187,0.559,,,,,,,,,,,,,,,,,,,,,,,,,,,,,,,,,,,,,,,,,,,,,,,,,,,,,,,,,,,,,,,,,,,,,,,,,,,,,,,,,,,,,,,,,,,,,,,,,,,,,,,,,,,,,,,,,,,,,,,,,,,,,,,,,,,,,,,,,,,,,,,,,,,,,,,,,,,,,,,,,,,,,,,,,,,,,,,,,,,,,,,,,,,,,,,,,,,,,,,,,,,,,
fultzma01,Markelle Fultz,https://www.basketball-reference.com/players/f/fultzma01.html,2023-24,2024,25.0,ORL,PG,PG,57.0,PG,43.0,18.0,910.0,150.0,308.0,0.487,4.0,18.0,0.222,120.0,,15.0,82.0,0.479,154.0,326.0,0.472,23.0,33.0,0.697,56.0,65.0,335.0,273.0,42.0,50.0,138.0,0.0,3.5,7.2,0.487,0.1,0.4,0.222,2.8,,0.3,1.9,0.479,3.6,7.6,0.472,0.5,0.8,0.697,43.0,18.0,21.2,1.3,1.5,7.8,232.0,1.0,1.2,3.2,5.9,12.2,0.487,0.2,0.7,0.222,4.7,,0.6,3.2,0.479,6.1,12.9,0.472,0.9,1.3,0.697,43.0,18.0,910.0,2.2,2.6,13.3,281.0,1.7,2.0,5.5,8.2,16.8,0.487,0.2,1.0,0.222,6.5,,0.8,4.5,112.0,0.479,8.4,17.7,0.472,1.3,1.8,0.697,43.0,18.0,910.0,3.0,106.0,3.5,18.2,281.0,2.3,2.7,7.5,0.055,19.7,,1.5,-1.4,1.2,10.7,1.3,0.101,43.0,18.0,910.0,-2.6,7.2,0.0,12.6,281.0,2.3,12.8,8.9,0.492,18.8,0.1,1.3,0.069,,5,33,2,18,43,18,7,27,291,910,-1.5,0.6,0,0,59,0,41,281,29,14,1.0,0.0,,0.231,0.722,7.4,11.0,0.043,0.472,0.626,0.361,0.353,0.487,0.435,0.222,43.0,18.0,910.0,0.42,1.0,0.353,0.187,0.052,0.945,0.353,0.055,281.0,-44.3,-60.0,,43.0,18.0,89.0,14.0,61.0,88.0,100.0,89.0,41.0,85.0,910.0,281.0,0.487,0.055,0.222,0.479,0.472,0.697,0.101,0.492,,7.0,0.0,111.0,7.0,0.0,108.0,124.0,71.0,108.0,102.0,106.0,121.0,0.606,0.029,0.0,0.588,0.588,0.556,0.265,0.593,0.029,13.8,,0.0,-1.6,1.5,7.7,0.2,0.265,7.0,0.0,106.0,-3.1,7.0,0.0,12.6,121.0,1.4,17.4,7.4,0.593,19.0,0.0,0.2,0.113,,3.0,5.0,0.0,4.0,7.0,0.0,1.0,2.0,23.0,106.0,18.3,18.3,0.0,0.0,42.0,0.0,58.0,121.0,3.0,2.0,9.6,15.8,0.606,0.0,0.5,0.0,3.8,,0.0,3.4,106.0,0.588,9.6,16.3,0.588,2.4,4.3,0.556,7.0,0.0,106.0,3.4,108.0,5.7,21.5,121.0,1.4,3.8,6.7,6.8,11.2,0.606,0.0,0.3,0.0,2.7,,0.0,2.4,0.588,6.8,11.5,0.588,1.7,3.1,0.556,7.0,0.0,106.0,2.4,4.1,15.3,121.0,1.0,2.7,4.8,2.9,4.7,0.606,0.0,0.1,0.0,1.1,,0.0,1.0,0.588,2.9,4.9,0.588,0.7,1.3,0.556,7.0,0.0,15.1,1.0,1.7,6.4,94.0,0.4,1.1,2.0,0.0,0.0,,0.0,1.0,8.0,1.0,0.029,0.588,0.615,0.5,0.6,0.606,0.714,0.0,7.0,0.0,106.0,0.35,,0.382,0.235,0.147,0.971,0.206,0.029,121.0,20.0,33.0,0.606,0.0,1.0,0.0,8.0,,0.0,7.0,0.588,20.0,34.0,0.588,5.0,9.0,0.556,7.0,0.0,106.0,7.0,12.0,45.0,101.0,3.0,8.0,14.0,0.0
flynnma01,Malachi Flynn,https://www.basketball-reference.com/players/f/flynnma01.html,2023-24,2024,25.0,3TM,PG,PG,58.0,PG,69.0,0.0,876.0,80.0,156.0,0.513,56.0,169.0,0.331,130.0,,8.0,93.0,0.505,136.0,325.0,0.418,52.0,71.0,0.732,21.0,66.0,380.0,254.0,38.0,63.0,114.0,0.0,1.2,2.3,0.513,0.8,2.4,0.331,1.9,,0.1,1.3,0.505,2.0,4.7,0.418,0.8,1.0,0.732,69.0,0.0,12.7,0.3,1.0,5.5,314.0,0.6,0.9,1.7,3.3,6.4,0.513,2.3,6.9,0.331,5.3,,0.3,3.8,0.505,5.6,13.4,0.418,2.1,2.9,0.732,69.0,0.0,876.0,0.9,2.7,15.6,289.0,1.6,2.6,4.7,4.4,8.6,0.513,3.1,9.3,0.331,7.2,,0.4,5.1,119.0,0.505,7.5,17.9,0.418,2.9,3.9,0.732,69.0,0.0,876.0,1.2,105.0,3.6,21.0,289.0,2.1,3.5,6.3,0.52,21.1,,0.8,-2.2,-0.2,12.0,0.6,0.218,69.0,0.0,876.0,-2.0,2.6,-0.1,11.9,289.0,2.1,15.0,7.2,0.533,20.4,0.0,0.5,0.029,,7,25,3,27,69,0,5,19,313,876,-3.5,-9.9,0,0,94,0,6,289,35,16,0.0,0.0,,0.44,0.148,17.2,0.0,0.0,0.418,0.623,0.469,0.545,0.513,0.408,0.331,69.0,0.0,876.0,0.275,0.714,0.163,0.098,0.068,0.48,0.151,0.52,289.0,-27.3,-33.2,,69.0,0.0,94.0,132.0,91.0,92.0,88.0,93.0,89.0,92.0,876.0,289.0,0.513,0.52,0.331,0.505,0.418,0.732,0.218,0.533,,,,,,,,,,,,,,,,,,,,,,,,,,,,,,,,,,,,,,,,,,,,,,,,,,,,,,,,,,,,,,,,,,,,,,,,,,,,,,,,,,,,,,,,,,,,,,,,,,,,,,,,,,,,,,,,,,,,,,,,,,,,,,,,,,,,,,,,,,,,,,,,,,,,,,,,,,,,,,,,,,,,,,,,,,,,,,,,,,,,,,,,,,,,,,,,,,,,,,,,,,,,,
wrighde01,Delon Wright,https://www.basketball-reference.com/players/w/wrighde01.html,2023-24,2024,31.0,2TM,PG,PG,59.0,PG,47.0,1.0,742.0,49.0,120.0,0.408,25.0,68.0,0.368,119.0,,11.0,67.0,0.46,74.0,188.0,0.394,37.0,45.0,0.822,19.0,32.0,210.0,339.0,54.0,14.0,86.0,0.0,1.0,2.6,0.408,0.5,1.4,0.368,2.5,,0.2,1.4,0.46,1.6,4.0,0.394,0.8,1.0,0.822,47.0,1.0,15.8,0.4,0.7,4.5,362.0,1.1,0.3,1.8,2.4,5.8,0.408,1.2,3.3,0.368,5.8,,0.5,3.3,0.46,3.6,9.1,0.394,1.8,2.2,0.822,47.0,1.0,742.0,0.9,1.6,10.2,310.0,2.6,0.7,4.2,3.2,7.7,0.408,1.6,4.4,0.368,7.7,,0.7,4.3,114.0,0.46,4.8,12.1,0.394,2.4,2.9,0.822,47.0,1.0,742.0,1.2,120.0,2.1,13.6,310.0,3.5,0.9,5.6,0.362,20.8,,1.3,0.4,2.5,10.0,0.9,0.239,47.0,1.0,742.0,-2.0,2.7,0.8,13.6,310.0,3.5,6.3,6.3,0.505,12.8,0.5,1.7,0.109,,2,19,6,18,47,1,3,11,297,742,7.3,1.8,0,0,86,0,14,310,5,7,1.0,0.0,,0.25,0.235,13.4,1.0,0.005,0.394,0.634,0.273,0.111,0.408,0.322,0.368,47.0,1.0,742.0,0.429,0.88,0.218,0.059,0.048,0.638,0.314,0.362,310.0,-32.5,-31.0,,47.0,1.0,75.0,92.0,101.0,84.0,83.0,105.0,98.0,87.0,742.0,310.0,0.408,0.362,0.368,0.46,0.394,0.822,0.239,0.505,,4.0,1.0,110.0,127.0,164.0,137.0,126.0,128.0,41.0,132.0,107.0,120.0,0.6,0.5,0.6,0.75,0.6,1.0,0.1,0.766,0.5,10.4,,1.1,3.9,3.8,11.3,0.1,0.1,4.0,1.0,107.0,0.1,2.1,0.3,15.5,120.0,2.0,0.0,6.6,0.766,9.6,0.2,0.4,0.158,,0.0,4.0,2.0,0.0,4.0,1.0,0.0,2.0,19.0,107.0,10.5,-10.2,0.0,0.0,68.0,0.0,32.0,120.0,0.0,0.0,3.0,4.9,0.6,3.0,4.9,0.6,3.5,,0.5,4.9,118.0,0.75,5.9,9.9,0.6,1.0,1.0,1.0,4.0,1.0,107.0,1.0,156.0,2.5,15.8,120.0,2.0,0.0,5.9,2.0,3.4,0.6,2.0,3.4,0.6,2.4,,0.3,3.4,0.75,4.0,6.7,0.6,0.7,0.7,1.0,4.0,1.0,107.0,0.7,1.7,10.8,120.0,1.3,0.0,4.0,1.5,2.5,0.6,1.5,2.5,0.6,1.8,,0.3,2.5,0.75,3.0,5.0,0.6,0.5,0.5,1.0,4.0,1.0,26.8,0.5,1.3,8.0,86.0,1.0,0.0,3.0,0.0,0.0,,0.6,0.5,14.7,0.0,0.0,0.6,0.75,,,0.6,0.5,0.6,4.0,1.0,107.0,0.333,0.833,0.2,0.0,0.0,0.5,0.3,0.5,120.0,6.0,10.0,0.6,6.0,10.0,0.6,7.0,,1.0,10.0,0.75,12.0,20.0,0.6,2.0,2.0,1.0,4.0,1.0,107.0,2.0,5.0,32.0,119.0,4.0,0.0,12.0,0.0
smithis01,Ish Smith,https://www.basketball-reference.com/players/s/smithis01.html,2023-24,2024,35.0,CHO,PG,PG,60.0,PG,43.0,5.0,741.0,62.0,150.0,0.413,4.0,8.0,0.5,145.0,,4.0,65.0,0.43,66.0,158.0,0.418,3.0,4.0,0.75,11.0,49.0,139.0,382.0,17.0,47.0,76.0,0.0,1.4,3.5,0.413,0.1,0.2,0.5,3.4,,0.1,1.5,0.43,1.5,3.7,0.418,0.1,0.1,0.75,43.0,5.0,17.2,0.3,1.1,3.2,446.0,0.4,1.1,1.8,3.0,7.3,0.413,0.2,0.4,0.5,7.0,,0.2,3.2,0.43,3.2,7.7,0.418,0.1,0.2,0.75,43.0,5.0,741.0,0.5,2.4,6.8,311.0,0.8,2.3,3.7,4.1,10.0,0.413,0.3,0.5,0.5,9.7,,0.3,4.3,123.0,0.43,4.4,10.5,0.418,0.2,0.3,0.75,43.0,5.0,741.0,0.7,97.0,3.3,9.3,311.0,1.1,3.1,5.1,0.051,26.4,,0.5,-6.8,-1.2,10.2,0.2,0.025,43.0,5.0,741.0,-5.6,1.6,-0.5,6.8,311.0,1.1,22.7,5.8,0.435,12.3,-0.9,-0.4,-0.025,,1,40,7,1,43,5,0,7,346,741,-9.6,-18.4,0,0,100,0,0,311,33,11,1.0,0.0,,1.0,0.125,10.3,0.0,0.0,0.418,0.457,0.306,0.455,0.413,0.477,0.5,43.0,5.0,741.0,0.387,0.75,0.222,0.31,0.139,0.949,0.278,0.051,311.0,-36.7,-46.3,,43.0,5.0,76.0,13.0,137.0,79.0,88.0,96.0,10.0,75.0,741.0,311.0,0.413,0.051,0.5,0.43,0.418,0.75,0.025,0.435,,,,,,,,,,,,,,,,,,,,,,,,,,,,,,,,,,,,,,,,,,,,,,,,,,,,,,,,,,,,,,,,,,,,,,,,,,,,,,,,,,,,,,,,,,,,,,,,,,,,,,,,,,,,,,,,,,,,,,,,,,,,,,,,,,,,,,,,,,,,,,,,,,,,,,,,,,,,,,,,,,,,,,,,,,,,,,,,,,,,,,,,,,,,,,,,,,,,,,,,,,,,,
ballla01,LaMelo Ball,https://www.basketball-reference.com/players/b/ballla01.html,2023-24,2024,22.0,CHO,PG,PG,61.0,PG,22.0,22.0,711.0,113.0,226.0,0.5,70.0,197.0,0.355,176.0,,4.0,84.0,0.515,183.0,423.0,0.433,90.0,104.0,0.865,29.0,79.0,526.0,210.0,40.0,83.0,113.0,1.0,5.1,10.3,0.5,3.2,9.0,0.355,8.0,,0.2,3.8,0.515,8.3,19.2,0.433,4.1,4.7,0.865,22.0,22.0,32.3,1.3,3.6,23.9,23.0,1.8,3.8,5.1,5.7,11.4,0.5,3.5,10.0,0.355,8.9,,0.2,4.3,0.515,9.3,21.4,0.433,4.6,5.3,0.865,22.0,22.0,711.0,1.5,4.0,26.6,317.0,2.0,4.2,5.7,7.8,15.7,0.5,4.9,13.7,0.355,12.2,,0.3,5.8,118.0,0.515,12.7,29.4,0.433,6.2,7.2,0.865,22.0,22.0,711.0,2.0,110.0,5.5,36.5,317.0,2.8,5.8,7.8,0.466,43.1,,0.5,3.3,-0.5,13.7,0.5,0.246,22.0,22.0,711.0,3.8,4.4,0.6,20.8,317.0,2.8,15.0,8.9,0.561,34.3,1.0,1.1,0.074,,11,26,5,40,22,22,7,14,396,711,1.7,-9.2,0,0,69,1,29,317,37,22,0.0,0.0,,0.484,0.157,15.4,0.0,0.002,0.433,0.654,0.348,0.1,0.5,0.455,0.355,22.0,22.0,711.0,0.159,0.586,0.191,0.054,0.024,0.534,0.265,0.466,317.0,-26.4,-17.8,,22.0,22.0,92.0,118.0,97.0,94.0,91.0,110.0,101.0,97.0,711.0,317.0,0.5,0.466,0.355,0.515,0.433,0.865,0.246,0.561,,,,,,,,,,,,,,,,,,,,,,,,,,,,,,,,,,,,,,,,,,,,,,,,,,,,,,,,,,,,,,,,,,,,,,,,,,,,,,,,,,,,,,,,,,,,,,,,,,,,,,,,,,,,,,,,,,,,,,,,,,,,,,,,,,,,,,,,,,,,,,,,,,,,,,,,,,,,,,,,,,,,,,,,,,,,,,,,,,,,,,,,,,,,,,,,,,,,,,,,,,,,,
gilyaja01,Jacob Gilyard,https://www.basketball-reference.com/players/g/gilyaja01.html,2023-24,2024,25.0,2TM,PG,PG,62.0,PG,41.0,14.0,699.0,9.0,24.0,0.375,51.0,126.0,0.405,137.0,,5.0,37.0,0.57,60.0,150.0,0.4,2.0,2.0,1.0,9.0,39.0,173.0,357.0,33.0,30.0,46.0,0.0,0.2,0.6,0.375,1.2,3.1,0.405,3.3,,0.1,0.9,0.57,1.5,3.7,0.4,0.0,0.0,1.0,41.0,14.0,17.0,0.2,1.0,4.2,385.0,0.8,0.7,1.1,0.5,1.2,0.375,2.6,6.5,0.405,7.1,,0.3,1.9,0.57,3.1,7.7,0.4,0.1,0.1,1.0,41.0,14.0,699.0,0.5,2.0,8.9,319.0,1.7,1.5,2.4,0.6,1.7,0.375,3.6,8.8,0.405,9.6,,0.3,2.6,117.0,0.57,4.2,10.5,0.4,0.1,0.1,1.0,41.0,14.0,699.0,0.6,122.0,2.7,12.1,319.0,2.3,2.1,3.2,0.84,27.7,,0.7,-1.4,0.6,6.0,0.6,0.013,41.0,14.0,699.0,-2.0,1.4,0.8,11.1,319.0,2.3,16.6,3.6,0.573,11.1,0.1,1.4,0.095,,0,18,2,1,41,14,1,5,344,699,-6.2,-12.3,0,0,100,0,0,319,25,3,2.0,0.0,,0.5,0.238,27.5,0.0,0.0,0.4,0.25,0.0,0.417,0.375,0.5,0.405,41.0,14.0,699.0,0.111,0.824,0.027,0.013,0.08,0.16,0.04,0.84,319.0,7.0,-2.1,,41.0,14.0,69.0,213.0,111.0,104.0,84.0,128.0,5.0,99.0,699.0,319.0,0.375,0.84,0.405,0.57,0.4,1.0,0.013,0.573,,,,,,,,,,,,,,,,,,,,,,,,,,,,,,,,,,,,,,,,,,,,,,,,,,,,,,,,,,,,,,,,,,,,,,,,,,,,,,,,,,,,,,,,,,,,,,,,,,,,,,,,,,,,,,,,,,,,,,,,,,,,,,,,,,,,,,,,,,,,,,,,,,,,,,,,,,,,,,,,,,,,,,,,,,,,,,,,,,,,,,,,,,,,,,,,,,,,,,,,,,,,,
portecr01,Craig Porter Jr.,https://www.basketball-reference.com/players/p/portecr01.html,2023-24,2024,23.0,CLE,PG,PG,63.0,PG,51.0,6.0,649.0,104.0,194.0,0.536,12.0,34.0,0.353,118.0,,15.0,88.0,0.535,116.0,228.0,0.509,41.0,56.0,0.732,21.0,40.0,285.0,297.0,21.0,45.0,109.0,0.0,2.0,3.8,0.536,0.2,0.7,0.353,2.3,,0.3,1.7,0.535,2.3,4.5,0.509,0.8,1.1,0.732,51.0,6.0,12.7,0.4,0.8,5.6,312.0,0.4,0.9,2.1,5.8,10.8,0.536,0.7,1.9,0.353,6.5,,0.8,4.9,0.535,6.4,12.6,0.509,2.3,3.1,0.732,51.0,6.0,649.0,1.2,2.2,15.8,327.0,1.2,2.5,6.0,7.9,14.8,0.536,0.9,2.6,0.353,9.0,,1.1,6.7,113.0,0.535,8.8,17.4,0.509,3.1,4.3,0.732,51.0,6.0,649.0,1.6,114.0,3.0,21.7,327.0,1.6,3.4,8.3,0.149,26.5,,2.1,0.5,1.1,15.1,0.9,0.246,51.0,6.0,649.0,-0.6,3.7,0.6,15.4,327.0,1.6,15.1,9.4,0.564,20.2,0.4,1.5,0.108,,1,30,1,28,51,6,8,16,291,649,-5.4,-1.9,0,0,87,0,13,327,31,8,1.0,0.0,,0.167,0.176,10.2,9.0,0.044,0.509,0.644,0.455,0.5,0.536,0.473,0.353,51.0,6.0,649.0,0.385,0.833,0.32,0.193,0.096,0.851,0.241,0.149,327.0,-5.2,-8.1,,51.0,6.0,98.0,38.0,97.0,98.0,107.0,93.0,101.0,97.0,649.0,327.0,0.536,0.149,0.353,0.535,0.509,0.732,0.246,0.564,,,,,,,,,,,,,,,,,,,,,,,,,,,,,,,,,,,,,,,,,,,,,,,,,,,,,,,,,,,,,,,,,,,,,,,,,,,,,,,,,,,,,,,,,,,,,,,,,,,,,,,,,,,,,,,,,,,,,,,,,,,,,,,,,,,,,,,,,,,,,,,,,,,,,,,,,,,,,,,,,,,,,,,,,,,,,,,,,,,,,,,,,,,,,,,,,,,,,,,,,,,,,
mclaujo01,Jordan McLaughlin,https://www.basketball-reference.com/players/m/mclaujo01.html,2023-24,2024,27.0,MIN,PG,PG,64.0,PG,56.0,0.0,626.0,28.0,56.0,0.5,42.0,89.0,0.472,110.0,,7.0,54.0,0.628,70.0,145.0,0.483,13.0,18.0,0.722,18.0,31.0,195.0,346.0,35.0,19.0,72.0,0.0,0.5,1.0,0.5,0.8,1.6,0.472,2.0,,0.1,1.0,0.628,1.3,2.6,0.483,0.2,0.3,0.722,56.0,0.0,11.2,0.3,0.6,3.5,425.0,0.6,0.3,1.3,1.6,3.2,0.5,2.4,5.1,0.472,6.3,,0.4,3.1,0.628,4.0,8.3,0.483,0.7,1.0,0.722,56.0,0.0,626.0,1.0,1.8,11.2,331.0,2.0,1.1,4.1,2.2,4.4,0.5,3.3,7.0,0.472,8.7,,0.6,4.3,109.0,0.628,5.5,11.4,0.483,1.0,1.4,0.722,56.0,0.0,626.0,1.4,136.0,2.4,15.4,331.0,2.8,1.5,5.7,0.614,23.7,,1.0,4.2,2.9,9.4,1.1,0.124,56.0,0.0,626.0,1.4,3.4,1.4,15.5,331.0,2.8,11.1,6.5,0.638,12.1,1.0,2.5,0.193,,2,16,11,4,56,0,0,5,267,626,7.2,12.6,0,0,66,0,34,331,13,4,1.0,1.0,,0.432,0.494,17.0,0.0,0.0,0.483,0.613,0.0,0.75,0.5,0.353,0.472,56.0,0.0,626.0,0.643,0.976,0.214,0.028,0.028,0.386,0.117,0.614,331.0,23.5,17.6,,56.0,0.0,92.0,155.0,129.0,115.0,102.0,92.0,51.0,110.0,626.0,331.0,0.5,0.614,0.472,0.628,0.483,0.722,0.124,0.638,,6.0,0.0,92.0,141.0,0.0,41.0,47.0,0.0,91.0,35.0,30.0,163.0,0.5,0.556,0.0,0.222,0.222,0.0,0.222,0.202,0.556,9.0,,0.0,-16.3,-3.7,15.8,0.0,0.222,6.0,0.0,30.0,-12.6,0.0,-0.2,-5.8,163.0,0.0,16.8,7.9,0.202,18.0,-0.1,-0.2,-0.254,,0.0,1.0,1.0,1.0,6.0,0.0,0.0,0.0,5.0,30.0,23.8,27.4,0.0,0.0,100.0,0.0,0.0,163.0,0.0,2.0,3.5,7.0,0.5,0.0,8.7,0.0,3.5,,0.0,7.0,118.0,0.222,3.5,15.7,0.222,0.0,3.5,0.0,6.0,0.0,30.0,0.0,46.0,1.7,7.0,163.0,0.0,3.5,7.0,2.4,4.8,0.5,0.0,6.0,0.0,2.4,,0.0,4.8,0.222,2.4,10.8,0.222,0.0,2.4,0.0,6.0,0.0,30.0,0.0,1.2,4.8,163.0,0.0,2.4,4.8,0.3,0.7,0.5,0.0,0.8,0.0,0.3,,0.0,0.7,0.222,0.3,1.5,0.222,0.0,0.3,0.0,6.0,0.0,5.0,0.0,0.2,0.7,189.0,0.0,0.3,0.7,0.0,0.0,,0.0,0.8,16.8,0.0,0.0,0.222,1.0,0.5,,0.5,0.0,0.0,6.0,0.0,30.0,1.0,,0.111,0.222,0.0,0.444,0.111,0.556,163.0,2.0,4.0,0.5,0.0,5.0,0.0,2.0,,0.0,4.0,0.222,2.0,9.0,0.222,0.0,2.0,0.0,6.0,0.0,30.0,0.0,1.0,4.0,180.0,0.0,2.0,4.0,0.0
smartma01,Marcus Smart,https://www.basketball-reference.com/players/s/smartma01.html,2023-24,2024,29.0,MEM,PG,PG,65.0,PG,20.0,20.0,605.0,60.0,103.0,0.583,42.0,134.0,0.313,86.0,,5.0,47.0,0.519,102.0,237.0,0.43,43.0,56.0,0.768,6.0,53.0,289.0,296.0,41.0,62.0,53.0,0.0,3.0,5.2,0.583,2.1,6.7,0.313,4.3,,0.3,2.4,0.519,5.1,11.9,0.43,2.2,2.8,0.768,20.0,20.0,30.3,0.3,2.7,14.5,103.0,2.1,3.1,2.7,3.6,6.1,0.583,2.5,8.0,0.313,5.1,,0.3,2.8,0.519,6.1,14.1,0.43,2.6,3.3,0.768,20.0,20.0,605.0,0.4,3.2,17.2,336.0,2.4,3.7,3.2,4.8,8.3,0.583,3.4,10.8,0.313,6.9,,0.4,3.8,113.0,0.519,8.2,19.1,0.43,3.5,4.5,0.768,20.0,20.0,605.0,0.5,100.0,4.3,23.4,336.0,3.3,5.0,4.3,0.565,22.7,,0.8,-2.4,0.9,8.9,0.7,0.236,20.0,20.0,605.0,-3.3,1.0,-0.5,11.8,336.0,3.3,19.2,4.8,0.552,22.9,0.0,0.2,0.02,,8,16,12,16,20,20,5,5,210,605,7.2,-1.2,0,0,66,0,34,336,34,12,2.0,0.0,,0.357,0.209,18.1,0.0,0.0,0.43,0.68,0.571,0.5,0.583,0.548,0.313,20.0,20.0,605.0,0.25,0.905,0.105,0.118,0.034,0.435,0.177,0.565,336.0,-13.1,-14.5,,20.0,20.0,107.0,143.0,86.0,95.0,91.0,98.0,97.0,95.0,605.0,336.0,0.583,0.565,0.313,0.519,0.43,0.768,0.236,0.552,,,,,,,,,,,,,,,,,,,,,,,,,,,,,,,,,,,,,,,,,,,,,,,,,,,,,,,,,,,,,,,,,,,,,,,,,,,,,,,,,,,,,,,,,,,,,,,,,,,,,,,,,,,,,,,,,,,,,,,,,,,,,,,,,,,,,,,,,,,,,,,,,,,,,,,,,,,,,,,,,,,,,,,,,,,,,,,,,,,,,,,,,,,,,,,,,,,,,,,,,,,,,
butleja02,Jared Butler,https://www.basketball-reference.com/players/b/butleja02.html,2023-24,2024,23.0,WAS,SG,PG,66.0,PG,40.0,0.0,566.0,74.0,123.0,0.602,24.0,78.0,0.308,126.0,,8.0,49.0,0.547,98.0,201.0,0.488,31.0,36.0,0.861,9.0,58.0,251.0,315.0,29.0,50.0,58.0,0.0,1.9,3.1,0.602,0.6,2.0,0.308,3.2,,0.2,1.2,0.547,2.5,5.0,0.488,0.8,0.9,0.861,40.0,0.0,14.2,0.2,1.5,6.3,289.0,0.7,1.3,1.5,4.7,7.8,0.602,1.5,5.0,0.308,8.0,,0.5,3.1,0.547,6.2,12.8,0.488,2.0,2.3,0.861,40.0,0.0,566.0,0.6,3.7,16.0,346.0,1.8,3.2,3.7,6.1,10.2,0.602,2.0,6.4,0.308,10.4,,0.7,4.0,119.0,0.547,8.1,16.6,0.488,2.6,3.0,0.861,40.0,0.0,566.0,0.7,111.0,4.8,20.7,346.0,2.4,4.1,4.8,0.388,30.9,,1.2,-2.1,-0.5,9.5,0.3,0.179,40.0,0.0,566.0,-1.5,1.7,0.3,14.1,346.0,2.4,18.7,5.5,0.579,19.9,0.0,0.6,0.054,,2,36,9,16,40,0,5,13,295,566,4.6,-5.3,0,0,95,0,5,346,35,11,3.0,0.0,,0.5,0.154,13.9,2.0,0.01,0.488,0.86,0.7,0.5,0.602,0.424,0.308,40.0,0.0,566.0,0.365,0.667,0.214,0.05,0.02,0.612,0.328,0.388,346.0,0.3,-0.5,,40.0,0.0,110.0,98.0,84.0,100.0,103.0,110.0,73.0,100.0,566.0,346.0,0.602,0.388,0.308,0.547,0.488,0.861,0.179,0.579,,,,,,,,,,,,,,,,,,,,,,,,,,,,,,,,,,,,,,,,,,,,,,,,,,,,,,,,,,,,,,,,,,,,,,,,,,,,,,,,,,,,,,,,,,,,,,,,,,,,,,,,,,,,,,,,,,,,,,,,,,,,,,,,,,,,,,,,,,,,,,,,,,,,,,,,,,,,,,,,,,,,,,,,,,,,,,,,,,,,,,,,,,,,,,,,,,,,,,,,,,,,,
krejcvi01,Vít Krejčí,https://www.basketball-reference.com/players/k/krejcvi01.html,2023-24,2024,23.0,ATL,PG,PG,67.0,PG,22.0,14.0,541.0,23.0,36.0,0.639,28.0,68.0,0.412,50.0,,6.0,41.0,0.625,51.0,104.0,0.49,5.0,6.0,0.833,11.0,48.0,135.0,386.0,13.0,20.0,52.0,0.0,1.0,1.6,0.639,1.3,3.1,0.412,2.3,,0.3,1.9,0.625,2.3,4.7,0.49,0.2,0.3,0.833,22.0,14.0,24.6,0.5,2.2,6.1,297.0,0.6,0.9,2.4,1.5,2.4,0.639,1.9,4.5,0.412,3.3,,0.4,2.7,0.625,3.4,6.9,0.49,0.3,0.4,0.833,22.0,14.0,541.0,0.7,3.2,9.0,353.0,0.9,1.3,3.5,2.0,3.2,0.639,2.5,6.0,0.412,4.4,,0.5,3.6,122.0,0.625,4.5,9.2,0.49,0.4,0.5,0.833,22.0,14.0,541.0,1.0,122.0,4.3,12.0,353.0,1.2,1.8,4.6,0.654,11.6,,1.0,-3.7,-0.4,8.6,0.1,0.058,22.0,14.0,541.0,-3.3,2.1,0.5,8.4,353.0,1.2,15.8,5.2,0.633,9.8,-0.2,0.6,0.056,,1,27,3,3,22,14,1,7,127,541,0.6,-1.7,0,0,96,0,4,353,12,6,0.0,0.0,,0.368,0.279,18.8,4.0,0.038,0.49,0.667,0.714,0.5,0.639,0.583,0.412,22.0,14.0,541.0,0.696,0.929,0.144,0.067,0.019,0.346,0.115,0.654,353.0,16.3,11.3,,22.0,14.0,117.0,166.0,113.0,114.0,103.0,106.0,24.0,109.0,541.0,353.0,0.639,0.654,0.412,0.625,0.49,0.833,0.058,0.633,,,,,,,,,,,,,,,,,,,,,,,,,,,,,,,,,,,,,,,,,,,,,,,,,,,,,,,,,,,,,,,,,,,,,,,,,,,,,,,,,,,,,,,,,,,,,,,,,,,,,,,,,,,,,,,,,,,,,,,,,,,,,,,,,,,,,,,,,,,,,,,,,,,,,,,,,,,,,,,,,,,,,,,,,,,,,,,,,,,,,,,,,,,,,,,,,,,,,,,,,,,,,
hylanbo01,Bones Hyland,https://www.basketball-reference.com/players/h/hylanbo01.html,2023-24,2024,23.0,LAC,PG,PG,68.0,PG,37.0,5.0,540.0,53.0,116.0,0.457,44.0,135.0,0.326,93.0,,4.0,50.0,0.474,97.0,251.0,0.386,18.0,23.0,0.783,5.0,51.0,256.0,310.0,26.0,44.0,55.0,0.0,1.4,3.1,0.457,1.2,3.6,0.326,2.5,,0.1,1.4,0.474,2.6,6.8,0.386,0.5,0.6,0.783,37.0,5.0,14.6,0.1,1.4,6.9,262.0,0.7,1.2,1.5,3.5,7.7,0.457,2.9,9.0,0.326,6.2,,0.3,3.3,0.474,6.5,16.7,0.386,1.2,1.5,0.783,37.0,5.0,540.0,0.3,3.4,17.1,354.0,1.7,2.9,3.7,4.8,10.6,0.457,4.0,12.3,0.326,8.5,,0.4,4.6,116.0,0.474,8.9,22.9,0.386,1.6,2.1,0.783,37.0,5.0,540.0,0.5,100.0,4.7,23.4,354.0,2.4,4.0,5.0,0.538,24.5,,0.7,-3.6,-0.8,10.1,0.5,0.092,37.0,5.0,540.0,-2.8,1.1,-0.5,10.8,354.0,2.4,14.4,5.7,0.49,24.8,-0.2,0.0,0.003,,5,14,0,9,37,5,1,20,214,540,-12.4,-7.1,0,0,100,0,0,354,21,13,1.0,0.0,,0.353,0.126,17.5,2.0,0.008,0.386,0.647,0.333,0.3,0.457,0.412,0.326,37.0,5.0,540.0,0.302,0.5,0.135,0.084,0.04,0.462,0.203,0.538,354.0,-36.4,-46.9,,37.0,5.0,84.0,136.0,89.0,87.0,81.0,100.0,38.0,85.0,540.0,354.0,0.457,0.538,0.326,0.474,0.386,0.783,0.092,0.49,,3.0,0.0,183.0,181.0,55.0,91.0,90.0,128.0,234.0,108.0,12.0,186.0,1.0,0.714,0.2,0.5,0.429,1.0,0.571,0.628,0.714,67.6,,0.0,16.3,2.4,18.7,0.0,0.571,3.0,0.0,12.0,14.0,0.0,0.1,34.0,186.0,0.0,10.2,9.5,0.628,37.1,0.1,0.1,0.346,,0.0,0.0,0.0,1.0,3.0,0.0,0.0,0.0,10.0,12.0,5.4,-2.7,0.0,0.0,100.0,0.0,0.0,186.0,1.0,0.0,8.8,8.8,1.0,4.4,22.0,0.2,17.6,,0.0,8.8,120.0,0.5,13.2,30.8,0.429,17.6,17.6,1.0,3.0,0.0,12.0,0.0,135.0,0.0,48.4,186.0,0.0,4.4,8.8,6.0,6.0,1.0,3.0,15.0,0.2,12.0,,0.0,6.0,0.5,9.0,21.0,0.429,12.0,12.0,1.0,3.0,0.0,12.0,0.0,0.0,33.0,186.0,0.0,3.0,6.0,0.7,0.7,1.0,0.3,1.7,0.2,1.3,,0.0,0.7,0.5,1.0,2.3,0.429,1.3,1.3,1.0,3.0,0.0,4.0,0.0,0.0,3.7,130.0,0.0,0.3,0.7,0.0,0.0,,,0.0,22.9,0.0,0.0,0.429,,1.0,,1.0,,0.2,3.0,0.0,12.0,0.0,1.0,0.0,0.286,0.0,0.286,0.0,0.714,186.0,2.0,2.0,1.0,1.0,5.0,0.2,4.0,,0.0,2.0,0.5,3.0,7.0,0.429,4.0,4.0,1.0,3.0,0.0,12.0,0.0,0.0,11.0,151.0,0.0,1.0,2.0,0.0
pippesc02,Scotty Pippen Jr.,https://www.basketball-reference.com/players/p/pippesc02.html,2023-24,2024,23.0,MEM,PG,PG,69.0,PG,21.0,16.0,527.0,70.0,131.0,0.534,30.0,72.0,0.417,98.0,,10.0,45.0,0.567,100.0,203.0,0.493,41.0,55.0,0.745,22.0,60.0,271.0,306.0,36.0,56.0,67.0,0.0,3.3,6.2,0.534,1.4,3.4,0.417,4.7,,0.5,2.1,0.567,4.8,9.7,0.493,2.0,2.6,0.745,21.0,16.0,25.1,1.0,2.9,12.9,124.0,1.7,2.7,3.2,4.8,8.9,0.534,2.0,4.9,0.417,6.7,,0.7,3.1,0.567,6.8,13.9,0.493,2.8,3.8,0.745,21.0,16.0,527.0,1.5,4.1,18.5,356.0,2.5,3.8,4.6,6.5,12.2,0.534,2.8,6.7,0.417,9.1,,0.9,4.2,112.0,0.567,9.3,18.8,0.493,3.8,5.1,0.745,21.0,16.0,527.0,2.0,110.0,5.6,25.1,356.0,3.3,5.2,6.2,0.355,30.7,,1.8,1.3,1.4,9.7,0.7,0.271,21.0,16.0,527.0,-0.1,4.4,0.3,16.4,356.0,3.3,19.8,7.0,0.596,23.0,0.4,1.0,0.09,,3,25,13,25,21,16,4,12,246,527,-0.3,-7.5,0,0,81,0,19,356,33,14,0.0,0.0,,0.571,0.097,12.6,4.0,0.025,0.493,0.646,0.417,0.4,0.534,0.432,0.417,21.0,16.0,527.0,0.414,0.833,0.32,0.118,0.025,0.645,0.182,0.355,356.0,8.1,7.5,,21.0,16.0,98.0,90.0,114.0,104.0,104.0,95.0,111.0,103.0,527.0,356.0,0.534,0.355,0.417,0.567,0.493,0.745,0.271,0.596,,,,,,,,,,,,,,,,,,,,,,,,,,,,,,,,,,,,,,,,,,,,,,,,,,,,,,,,,,,,,,,,,,,,,,,,,,,,,,,,,,,,,,,,,,,,,,,,,,,,,,,,,,,,,,,,,,,,,,,,,,,,,,,,,,,,,,,,,,,,,,,,,,,,,,,,,,,,,,,,,,,,,,,,,,,,,,,,,,,,,,,,,,,,,,,,,,,,,,,,,,,,,
morrimo01,Monte Morris,https://www.basketball-reference.com/players/m/morrimo01.html,2023-24,2024,28.0,2TM,PG,PG,70.0,PG,33.0,0.0,476.0,35.0,83.0,0.422,27.0,70.0,0.386,69.0,,9.0,50.0,0.493,62.0,153.0,0.405,13.0,19.0,0.684,7.0,14.0,164.0,364.0,19.0,7.0,57.0,0.0,1.1,2.5,0.422,0.8,2.1,0.386,2.1,,0.3,1.5,0.493,1.9,4.6,0.405,0.4,0.6,0.684,33.0,0.0,14.4,0.2,0.4,5.0,342.0,0.6,0.2,1.7,2.6,6.3,0.422,2.0,5.3,0.386,5.2,,0.7,3.8,0.493,4.7,11.6,0.405,1.0,1.4,0.684,33.0,0.0,476.0,0.5,1.1,12.4,365.0,1.4,0.5,4.3,3.6,8.6,0.422,2.8,7.2,0.386,7.1,,0.9,5.2,111.0,0.493,6.4,15.8,0.405,1.3,2.0,0.684,33.0,0.0,476.0,0.7,118.0,1.4,17.0,365.0,2.0,0.7,5.9,0.458,20.0,,1.7,0.7,1.5,11.5,0.7,0.124,33.0,0.0,476.0,-0.8,1.7,0.5,13.2,365.0,2.0,4.2,6.8,0.508,15.5,0.3,1.2,0.123,,0,7,4,7,33,0,2,6,174,476,4.8,8.8,0,0,73,1,25,365,6,1,2.0,0.0,,0.476,0.3,17.5,0.0,0.0,0.405,0.588,0.419,0.45,0.422,0.2,0.386,33.0,0.0,476.0,0.314,0.926,0.111,0.203,0.131,0.542,0.098,0.458,365.0,-16.3,-23.2,,33.0,0.0,77.0,116.0,105.0,90.0,85.0,87.0,51.0,88.0,476.0,365.0,0.422,0.458,0.386,0.493,0.405,0.684,0.124,0.508,,9.0,0.0,92.0,118.0,20.0,58.0,63.0,128.0,27.0,59.0,67.0,135.0,0.5,0.467,0.071,0.317,0.3,1.0,0.067,0.34,0.467,20.0,,1.4,-5.7,0.4,8.8,0.1,0.067,9.0,0.0,67.0,-6.0,1.8,-0.1,6.6,135.0,1.6,0.0,5.3,0.34,21.0,-0.1,0.0,-0.027,,0.0,3.0,0.0,0.0,9.0,0.0,0.0,0.0,20.0,67.0,-2.6,2.2,0.0,0.0,49.0,0.0,51.0,135.0,0.0,0.0,6.2,12.5,0.5,0.8,10.9,0.071,7.0,,0.8,3.9,115.0,0.317,7.0,23.4,0.3,1.6,1.6,1.0,9.0,0.0,67.0,0.8,92.0,4.7,16.4,135.0,1.6,0.0,4.7,4.3,8.6,0.5,0.5,7.5,0.071,4.8,,0.5,2.7,0.317,4.8,16.1,0.3,1.1,1.1,1.0,9.0,0.0,67.0,0.5,3.2,11.3,135.0,1.1,0.0,3.2,0.9,1.8,0.5,0.1,1.6,0.071,1.0,,0.1,0.6,0.317,1.0,3.3,0.3,0.2,0.2,1.0,9.0,0.0,7.4,0.1,0.7,2.3,153.0,0.2,0.0,0.7,0.0,0.0,,0.0,0.214,17.4,0.0,0.0,0.3,0.75,0.75,0.167,0.5,0.5,0.071,9.0,0.0,67.0,0.625,1.0,0.133,0.133,0.2,0.533,0.067,0.467,135.0,8.0,16.0,0.5,1.0,14.0,0.071,9.0,,1.0,5.0,0.317,9.0,30.0,0.3,2.0,2.0,1.0,9.0,0.0,67.0,1.0,6.0,21.0,131.0,2.0,0.0,6.0,0.0
mayssk01,Skylar Mays,https://www.basketball-reference.com/players/m/mayssk01.html,2023-24,2024,26.0,2TM,PG,PG,71.0,PG,38.0,5.0,433.0,47.0,105.0,0.448,16.0,54.0,0.296,85.0,,4.0,33.0,0.447,63.0,159.0,0.396,13.0,17.0,0.765,10.0,26.0,155.0,370.0,21.0,20.0,43.0,0.0,1.2,2.8,0.448,0.4,1.4,0.296,2.2,,0.1,0.9,0.447,1.7,4.2,0.396,0.3,0.4,0.765,38.0,5.0,11.4,0.3,0.7,4.1,391.0,0.6,0.5,1.1,3.9,8.7,0.448,1.3,4.5,0.296,7.1,,0.3,2.7,0.447,5.2,13.2,0.396,1.1,1.4,0.765,38.0,5.0,433.0,0.8,2.2,12.9,375.0,1.7,1.7,3.6,5.3,11.9,0.448,1.8,6.1,0.296,9.6,,0.5,3.7,118.0,0.447,7.1,18.0,0.396,1.5,1.9,0.765,38.0,5.0,433.0,1.1,107.0,2.9,17.6,375.0,2.4,2.3,4.9,0.34,29.1,,0.8,-2.0,0.1,8.9,0.3,0.107,38.0,5.0,433.0,-2.1,2.5,0.1,12.0,375.0,2.4,10.7,5.6,0.466,18.4,0.0,0.4,0.044,,0,14,3,7,38,5,2,10,204,433,-6.5,-13.7,0,0,86,0,14,375,13,4,0.0,0.0,,0.25,0.148,12.4,4.0,0.038,0.396,0.406,0.375,0.714,0.448,0.476,0.296,38.0,5.0,433.0,0.277,0.875,0.201,0.151,0.044,0.66,0.264,0.34,375.0,-31.8,-38.2,,38.0,5.0,82.0,86.0,81.0,82.0,84.0,98.0,44.0,80.0,433.0,375.0,0.448,0.34,0.296,0.447,0.396,0.765,0.107,0.466,,,,,,,,,,,,,,,,,,,,,,,,,,,,,,,,,,,,,,,,,,,,,,,,,,,,,,,,,,,,,,,,,,,,,,,,,,,,,,,,,,,,,,,,,,,,,,,,,,,,,,,,,,,,,,,,,,,,,,,,,,,,,,,,,,,,,,,,,,,,,,,,,,,,,,,,,,,,,,,,,,,,,,,,,,,,,,,,,,,,,,,,,,,,,,,,,,,,,,,,,,,,,
millspa02,Patty Mills,https://www.basketball-reference.com/players/m/millspa02.html,2023-24,2024,35.0,2TM,PG,PG,72.0,PG,32.0,5.0,415.0,22.0,44.0,0.5,24.0,87.0,0.276,34.0,,1.0,26.0,0.443,46.0,131.0,0.351,11.0,11.0,1.0,9.0,32.0,127.0,391.0,20.0,16.0,35.0,0.0,0.7,1.4,0.5,0.8,2.7,0.276,1.1,,0.0,0.8,0.443,1.4,4.1,0.351,0.3,0.3,1.0,32.0,5.0,13.0,0.3,1.0,4.0,395.0,0.6,0.5,1.1,1.9,3.8,0.5,2.1,7.5,0.276,2.9,,0.1,2.3,0.443,4.0,11.4,0.351,1.0,1.0,1.0,32.0,5.0,415.0,0.8,2.8,11.0,379.0,1.7,1.4,3.0,2.6,5.2,0.5,2.8,10.3,0.276,4.0,,0.1,3.1,117.0,0.443,5.4,15.4,0.351,1.3,1.3,1.0,32.0,5.0,415.0,1.1,98.0,3.8,15.0,379.0,2.4,1.9,4.1,0.664,11.1,,0.2,-4.6,0.4,7.1,0.4,0.084,32.0,5.0,415.0,-5.0,2.3,-0.3,7.2,379.0,2.4,10.5,4.7,0.467,15.9,-0.3,0.1,0.009,,2,14,7,3,32,5,1,4,86,415,1.2,1.1,0,0,62,0,38,379,11,3,0.0,0.0,,0.375,0.276,20.2,0.0,0.0,0.351,0.833,0.556,0.538,0.5,0.313,0.276,32.0,5.0,415.0,0.545,0.958,0.046,0.069,0.099,0.336,0.122,0.664,379.0,-27.1,-30.6,,32.0,5.0,92.0,168.0,75.0,81.0,74.0,128.0,34.0,81.0,415.0,379.0,0.5,0.664,0.276,0.443,0.351,1.0,0.084,0.467,,3.0,0.0,92.0,164.0,75.0,81.0,74.0,96.0,96.0,83.0,52.0,146.0,0.5,0.647,0.273,0.441,0.353,0.75,0.235,0.48,0.647,9.2,,0.0,-2.1,0.2,0.0,0.0,0.235,3.0,0.0,52.0,-2.3,2.2,0.0,7.7,146.0,1.0,5.1,1.1,0.48,18.6,0.0,0.0,-0.036,,0.0,0.0,2.0,2.0,3.0,0.0,1.0,1.0,6.0,52.0,9.6,-8.4,0.0,0.0,100.0,0.0,0.0,146.0,0.0,1.0,3.1,6.1,0.5,3.1,11.2,0.273,3.1,,0.0,0.0,123.0,0.441,6.1,17.3,0.353,3.1,4.1,0.75,3.0,0.0,52.0,1.0,98.0,2.0,18.3,146.0,1.0,1.0,1.0,2.1,4.2,0.5,2.1,7.6,0.273,2.1,,0.0,0.0,0.441,4.2,11.8,0.353,2.1,2.8,0.75,3.0,0.0,52.0,0.7,1.4,12.5,146.0,0.7,0.7,0.7,1.0,2.0,0.5,1.0,3.7,0.273,1.0,,0.0,0.0,0.441,2.0,5.7,0.353,1.0,1.3,0.75,3.0,0.0,17.3,0.3,0.7,6.0,106.0,0.3,0.3,0.3,0.0,0.0,,1.0,0.091,20.0,0.0,0.0,0.353,,,0.5,0.5,0.5,0.273,3.0,0.0,52.0,0.333,1.0,0.0,0.0,0.118,0.353,0.235,0.647,146.0,3.0,6.0,0.5,3.0,11.0,0.273,3.0,,0.0,0.0,0.441,6.0,17.0,0.353,3.0,4.0,0.75,3.0,0.0,52.0,1.0,2.0,18.0,134.0,1.0,1.0,1.0,0.0
freemja01,Javon Freeman-Liberty,https://www.basketball-reference.com/players/f/freemja01.html,2023-24,2024,24.0,TOR,PG,PG,73.0,PG,22.0,6.0,403.0,45.0,82.0,0.549,10.0,42.0,0.238,40.0,,4.0,54.0,0.484,55.0,124.0,0.444,33.0,36.0,0.917,16.0,28.0,153.0,372.0,10.0,25.0,70.0,0.0,2.0,3.7,0.549,0.5,1.9,0.238,1.8,,0.2,2.5,0.484,2.5,5.6,0.444,1.5,1.6,0.917,22.0,6.0,18.3,0.7,1.3,7.0,258.0,0.5,1.1,3.2,4.0,7.3,0.549,0.9,3.8,0.238,3.6,,0.4,4.8,0.484,4.9,11.1,0.444,2.9,3.2,0.917,22.0,6.0,403.0,1.4,2.5,13.7,385.0,0.9,2.2,6.3,5.4,9.8,0.549,1.2,5.0,0.238,4.8,,0.5,6.5,120.0,0.484,6.6,14.9,0.444,4.0,4.3,0.917,22.0,6.0,403.0,1.9,107.0,3.4,18.3,385.0,1.2,3.0,8.4,0.339,13.4,,0.9,-5.2,-2.0,15.1,0.2,0.29,22.0,6.0,403.0,-3.1,4.3,0.1,10.7,385.0,1.2,15.2,9.6,0.547,17.5,-0.3,0.2,0.029,,4,12,2,15,22,6,1,15,96,403,-13.2,-18.3,0,0,88,0,12,385,13,6,0.0,0.0,,0.364,0.262,12.2,3.0,0.032,0.444,0.579,0.727,0.5,0.549,0.448,0.238,22.0,6.0,403.0,0.467,1.0,0.306,0.089,0.032,0.661,0.234,0.339,385.0,-15.5,-9.2,,22.0,6.0,101.0,86.0,65.0,89.0,94.0,117.0,119.0,94.0,403.0,385.0,0.549,0.339,0.238,0.484,0.444,0.917,0.29,0.547,,,,,,,,,,,,,,,,,,,,,,,,,,,,,,,,,,,,,,,,,,,,,,,,,,,,,,,,,,,,,,,,,,,,,,,,,,,,,,,,,,,,,,,,,,,,,,,,,,,,,,,,,,,,,,,,,,,,,,,,,,,,,,,,,,,,,,,,,,,,,,,,,,,,,,,,,,,,,,,,,,,,,,,,,,,,,,,,,,,,,,,,,,,,,,,,,,,,,,,,,,,,,
rosede01,Derrick Rose,https://www.basketball-reference.com/players/r/rosede01.html,2023-24,2024,35.0,MEM,PG,PG,74.0,PG,24.0,7.0,399.0,61.0,124.0,0.492,15.0,41.0,0.366,78.0,,2.0,38.0,0.506,76.0,165.0,0.461,24.0,27.0,0.889,7.0,21.0,191.0,348.0,8.0,31.0,45.0,0.0,2.5,5.2,0.492,0.6,1.7,0.366,3.3,,0.1,1.6,0.506,3.2,6.9,0.461,1.0,1.1,0.889,24.0,7.0,16.6,0.3,0.9,8.0,228.0,0.3,1.3,1.9,5.5,11.2,0.492,1.4,3.7,0.366,7.0,,0.2,3.4,0.506,6.9,14.9,0.461,2.2,2.4,0.889,24.0,7.0,399.0,0.6,1.9,17.2,386.0,0.7,2.8,4.1,7.5,15.2,0.492,1.8,5.0,0.366,9.6,,0.2,4.7,119.0,0.506,9.3,20.2,0.461,2.9,3.3,0.889,24.0,7.0,399.0,0.9,108.0,2.6,23.4,386.0,1.0,3.8,5.5,0.248,32.3,,0.5,-2.8,-1.5,10.9,0.3,0.164,24.0,7.0,399.0,-1.3,1.8,0.1,13.1,386.0,1.0,14.9,6.2,0.54,22.3,-0.1,0.4,0.046,,1,11,8,15,24,7,3,15,187,399,3.8,-3.9,0,0,99,0,1,386,24,4,0.0,0.0,,0.5,0.341,11.6,0.0,0.0,0.461,0.652,0.333,0.769,0.492,0.318,0.366,24.0,7.0,399.0,0.426,0.867,0.279,0.127,0.079,0.752,0.267,0.248,386.0,-13.4,-14.2,,24.0,7.0,90.0,63.0,100.0,93.0,97.0,113.0,67.0,93.0,399.0,386.0,0.492,0.248,0.366,0.506,0.461,0.889,0.164,0.54,,,,,,,,,,,,,,,,,,,,,,,,,,,,,,,,,,,,,,,,,,,,,,,,,,,,,,,,,,,,,,,,,,,,,,,,,,,,,,,,,,,,,,,,,,,,,,,,,,,,,,,,,,,,,,,,,,,,,,,,,,,,,,,,,,,,,,,,,,,,,,,,,,,,,,,,,,,,,,,,,,,,,,,,,,,,,,,,,,,,,,,,,,,,,,,,,,,,,,,,,,,,,
simmobe01,Ben Simmons,https://www.basketball-reference.com/players/s/simmobe01.html,2023-24,2024,27.0,BRK,PG,PG,75.0,PG,15.0,12.0,359.0,43.0,74.0,0.581,0.0,0.0,,86.0,,9.0,88.0,0.581,43.0,74.0,0.581,6.0,15.0,0.4,31.0,36.0,92.0,412.0,12.0,27.0,119.0,0.0,2.9,4.9,0.581,0.0,0.0,,5.7,,0.6,5.9,0.581,2.9,4.9,0.581,0.4,1.0,0.4,15.0,12.0,23.9,2.1,2.4,6.1,299.0,0.8,1.8,7.9,4.3,7.4,0.581,0.0,0.0,,8.6,,0.9,8.8,0.581,4.3,7.4,0.581,0.6,1.5,0.4,15.0,12.0,359.0,3.1,3.6,9.2,398.0,1.2,2.7,11.9,5.9,10.2,0.581,0.0,0.0,,11.9,,1.2,12.1,112.0,0.581,5.9,10.2,0.581,0.8,2.1,0.4,15.0,12.0,359.0,4.3,121.0,5.0,12.7,398.0,1.7,3.7,16.4,0.0,33.2,,2.3,2.4,2.9,27.6,0.5,0.203,15.0,12.0,359.0,-0.5,9.2,0.5,16.3,398.0,1.7,25.1,18.1,0.571,13.0,0.4,1.0,0.133,,4,15,3,5,15,12,1,3,217,359,-0.2,-3.1,0,0,61,1,38,398,17,4,0.0,0.0,,,,3.2,11.0,0.149,0.581,0.75,0.25,,0.581,0.273,,15.0,12.0,359.0,0.581,,0.649,0.054,0.0,1.0,0.297,0.0,398.0,5.1,-1.5,,15.0,12.0,107.0,0.0,,106.0,123.0,51.0,83.0,98.0,359.0,398.0,0.581,0.0,,0.581,0.581,0.4,0.203,0.571,,,,,,,,,,,,,,,,,,,,,,,,,,,,,,,,,,,,,,,,,,,,,,,,,,,,,,,,,,,,,,,,,,,,,,,,,,,,,,,,,,,,,,,,,,,,,,,,,,,,,,,,,,,,,,,,,,,,,,,,,,,,,,,,,,,,,,,,,,,,,,,,,,,,,,,,,,,,,,,,,,,,,,,,,,,,,,,,,,,,,,,,,,,,,,,,,,,,,,,,,,,,,
moranja01,Ja Morant,https://www.basketball-reference.com/players/m/moranja01.html,2023-24,2024,24.0,MEM,PG,PG,76.0,PG,9.0,9.0,318.0,66.0,119.0,0.555,14.0,51.0,0.275,73.0,,5.0,44.0,0.512,80.0,170.0,0.471,52.0,64.0,0.813,6.0,19.0,226.0,325.0,7.0,27.0,50.0,0.0,7.3,13.2,0.555,1.6,5.7,0.275,8.1,,0.6,4.9,0.512,8.9,18.9,0.471,5.8,7.1,0.813,9.0,9.0,35.3,0.7,2.1,25.1,18.0,0.8,3.0,5.6,7.5,13.5,0.555,1.6,5.8,0.275,8.3,,0.6,5.0,0.512,9.1,19.2,0.471,5.9,7.2,0.813,9.0,9.0,318.0,0.7,2.2,25.6,407.0,0.8,3.1,5.7,10.1,18.3,0.555,2.2,7.8,0.275,11.2,,0.8,6.8,116.0,0.512,12.3,26.1,0.471,8.0,9.8,0.813,9.0,9.0,318.0,0.9,116.0,2.9,34.7,407.0,1.1,4.2,7.7,0.3,42.2,,1.5,3.1,0.4,15.8,0.3,0.376,9.0,9.0,318.0,2.7,2.0,0.5,20.6,407.0,1.1,12.0,8.6,0.57,30.4,0.4,0.8,0.124,,1,7,5,29,9,9,7,16,172,318,8.3,0.3,0,0,100,0,0,407,16,10,0.0,0.0,,0.2,0.098,11.9,6.0,0.047,0.471,0.714,0.267,0.5,0.555,0.49,0.275,9.0,9.0,318.0,0.288,0.5,0.288,0.088,0.035,0.7,0.288,0.3,407.0,-11.8,-3.9,,9.0,9.0,102.0,76.0,75.0,94.0,99.0,104.0,154.0,98.0,318.0,407.0,0.555,0.3,0.275,0.512,0.471,0.813,0.376,0.57,,,,,,,,,,,,,,,,,,,,,,,,,,,,,,,,,,,,,,,,,,,,,,,,,,,,,,,,,,,,,,,,,,,,,,,,,,,,,,,,,,,,,,,,,,,,,,,,,,,,,,,,,,,,,,,,,,,,,,,,,,,,,,,,,,,,,,,,,,,,,,,,,,,,,,,,,,,,,,,,,,,,,,,,,,,,,,,,,,,,,,,,,,,,,,,,,,,,,,,,,,,,,
haganas01,Ashton Hagans,https://www.basketball-reference.com/players/h/haganas01.html,2023-24,2024,24.0,POR,PG,PG,77.0,PG,19.0,1.0,316.0,21.0,46.0,0.457,8.0,25.0,0.32,54.0,,9.0,31.0,0.465,29.0,71.0,0.408,14.0,17.0,0.824,14.0,40.0,80.0,428.0,11.0,30.0,45.0,0.0,1.1,2.4,0.457,0.4,1.3,0.32,2.8,,0.5,1.6,0.465,1.5,3.7,0.408,0.7,0.9,0.824,19.0,1.0,16.6,0.7,2.1,4.2,389.0,0.6,1.6,2.4,2.4,5.2,0.457,0.9,2.8,0.32,6.2,,1.0,3.5,0.465,3.3,8.1,0.408,1.6,1.9,0.824,19.0,1.0,316.0,1.6,4.6,9.1,408.0,1.3,3.4,5.1,3.3,7.2,0.457,1.3,3.9,0.32,8.4,,1.4,4.8,117.0,0.465,4.5,11.1,0.408,2.2,2.7,0.824,19.0,1.0,316.0,2.2,99.0,6.3,12.5,408.0,1.7,4.7,7.0,0.352,23.7,,2.6,-3.5,0.9,11.7,0.3,0.239,19.0,1.0,316.0,-4.4,4.7,-0.2,8.5,408.0,1.7,27.7,8.0,0.51,14.6,-0.1,0.0,0.006,,2,23,1,7,19,1,1,9,126,316,6.8,-3.1,0,0,100,0,0,408,19,6,0.0,0.0,,0.667,0.12,11.8,0.0,0.0,0.408,0.778,0.25,,0.457,0.25,0.32,19.0,1.0,316.0,0.429,1.0,0.254,0.056,0.0,0.648,0.338,0.352,408.0,-11.6,-11.0,,19.0,1.0,84.0,89.0,88.0,85.0,86.0,105.0,98.0,88.0,316.0,408.0,0.457,0.352,0.32,0.465,0.408,0.824,0.239,0.51,,,,,,,,,,,,,,,,,,,,,,,,,,,,,,,,,,,,,,,,,,,,,,,,,,,,,,,,,,,,,,,,,,,,,,,,,,,,,,,,,,,,,,,,,,,,,,,,,,,,,,,,,,,,,,,,,,,,,,,,,,,,,,,,,,,,,,,,,,,,,,,,,,,,,,,,,,,,,,,,,,,,,,,,,,,,,,,,,,,,,,,,,,,,,,,,,,,,,,,,,,,,,
grahade01,Devonte' Graham,https://www.basketball-reference.com/players/g/grahade01.html,2023-24,2024,28.0,SAS,PG,PG,78.0,PG,23.0,0.0,313.0,13.0,25.0,0.52,25.0,83.0,0.301,49.0,,2.0,31.0,0.468,38.0,108.0,0.352,13.0,16.0,0.813,5.0,14.0,114.0,399.0,9.0,17.0,36.0,0.0,0.6,1.1,0.52,1.1,3.6,0.301,2.1,,0.1,1.3,0.468,1.7,4.7,0.352,0.6,0.7,0.813,23.0,0.0,13.6,0.2,0.6,5.0,345.0,0.4,0.7,1.6,1.5,2.9,0.52,2.9,9.5,0.301,5.6,,0.2,3.6,0.468,4.4,12.4,0.352,1.5,1.8,0.813,23.0,0.0,313.0,0.6,1.6,13.1,409.0,1.0,2.0,4.1,2.0,3.8,0.52,3.8,12.6,0.301,7.4,,0.3,4.7,119.0,0.468,5.8,16.4,0.352,2.0,2.4,0.813,23.0,0.0,313.0,0.8,104.0,2.1,17.3,409.0,1.4,2.6,5.5,0.769,21.0,,0.5,-3.9,-0.9,10.8,0.2,0.148,23.0,0.0,313.0,-3.0,1.7,-0.1,9.4,409.0,1.4,12.9,6.2,0.495,17.8,-0.1,0.1,0.018,,0,7,1,8,23,0,4,4,116,313,11.7,4.4,0,0,62,0,38,409,13,1,1.0,0.0,,0.25,0.145,21.9,0.0,0.0,0.352,0.667,0.375,0.5,0.52,0.5,0.301,23.0,0.0,313.0,0.385,0.72,0.083,0.074,0.037,0.231,0.037,0.769,409.0,-17.1,-19.4,,23.0,0.0,95.0,195.0,82.0,86.0,74.0,104.0,61.0,85.0,313.0,409.0,0.52,0.769,0.301,0.468,0.352,0.813,0.148,0.495,,,,,,,,,,,,,,,,,,,,,,,,,,,,,,,,,,,,,,,,,,,,,,,,,,,,,,,,,,,,,,,,,,,,,,,,,,,,,,,,,,,,,,,,,,,,,,,,,,,,,,,,,,,,,,,,,,,,,,,,,,,,,,,,,,,,,,,,,,,,,,,,,,,,,,,,,,,,,,,,,,,,,,,,,,,,,,,,,,,,,,,,,,,,,,,,,,,,,,,,,,,,,
josepco01,Cory Joseph,https://www.basketball-reference.com/players/j/josepco01.html,2023-24,2024,32.0,GSW,PG,PG,79.0,PG,26.0,0.0,296.0,10.0,22.0,0.455,13.0,42.0,0.31,42.0,,3.0,24.0,0.461,23.0,64.0,0.359,4.0,7.0,0.571,6.0,25.0,63.0,438.0,4.0,12.0,30.0,0.0,0.4,0.8,0.455,0.5,1.6,0.31,1.6,,0.1,0.9,0.461,0.9,2.5,0.359,0.2,0.3,0.571,26.0,0.0,11.4,0.2,1.0,2.4,479.0,0.2,0.5,1.2,1.2,2.7,0.455,1.6,5.1,0.31,5.1,,0.4,2.9,0.461,2.8,7.8,0.359,0.5,0.9,0.571,26.0,0.0,296.0,0.7,3.0,7.7,415.0,0.5,1.5,3.6,1.6,3.6,0.455,2.1,6.9,0.31,6.9,,0.5,3.9,119.0,0.461,3.8,10.5,0.359,0.7,1.1,0.571,26.0,0.0,296.0,1.0,108.0,4.1,10.3,415.0,0.7,2.0,4.9,0.656,17.2,,0.9,-4.7,-0.7,8.6,0.2,0.109,26.0,0.0,296.0,-4.0,2.2,0.0,6.2,415.0,0.7,15.2,5.5,0.47,11.3,-0.2,0.2,0.034,,1,15,3,1,26,0,0,2,109,296,-3.4,-0.4,0,0,85,1,15,415,6,2,1.0,0.0,,0.4,0.238,20.4,0.0,0.0,0.359,0.0,0.4,0.2,0.455,0.7,0.31,26.0,0.0,296.0,0.6,0.923,0.031,0.078,0.078,0.344,0.156,0.656,415.0,-11.0,-14.8,,26.0,0.0,83.0,166.0,85.0,84.0,76.0,73.0,45.0,81.0,296.0,415.0,0.455,0.656,0.31,0.461,0.359,0.571,0.109,0.47,,,,,,,,,,,,,,,,,,,,,,,,,,,,,,,,,,,,,,,,,,,,,,,,,,,,,,,,,,,,,,,,,,,,,,,,,,,,,,,,,,,,,,,,,,,,,,,,,,,,,,,,,,,,,,,,,,,,,,,,,,,,,,,,,,,,,,,,,,,,,,,,,,,,,,,,,,,,,,,,,,,,,,,,,,,,,,,,,,,,,,,,,,,,,,,,,,,,,,,,,,,,,
lewiski01,Kira Lewis Jr.,https://www.basketball-reference.com/players/l/lewiski01.html,2023-24,2024,22.0,3TM,PG,PG,80.0,PG,28.0,0.0,265.0,30.0,59.0,0.508,4.0,33.0,0.121,37.0,,2.0,17.0,0.391,34.0,92.0,0.37,17.0,20.0,0.85,9.0,13.0,89.0,417.0,9.0,14.0,26.0,0.0,1.1,2.1,0.508,0.1,1.2,0.121,1.3,,0.1,0.6,0.391,1.2,3.3,0.37,0.6,0.7,0.85,28.0,0.0,9.5,0.3,0.5,3.2,442.0,0.3,0.5,0.9,4.1,8.0,0.508,0.5,4.5,0.121,5.0,,0.3,2.3,0.391,4.6,12.5,0.37,2.3,2.7,0.85,28.0,0.0,265.0,1.2,1.8,12.1,423.0,1.2,1.9,3.5,5.5,10.8,0.508,0.7,6.1,0.121,6.8,,0.4,3.1,119.0,0.391,6.2,16.9,0.37,3.1,3.7,0.85,28.0,0.0,265.0,1.7,100.0,2.4,16.3,423.0,1.7,2.6,4.8,0.359,18.8,,0.7,-5.8,-1.4,7.0,0.2,0.217,28.0,0.0,265.0,-4.4,3.8,-0.2,8.6,423.0,1.7,12.2,5.4,0.441,18.5,-0.3,0.0,-0.005,,1,7,1,12,28,0,4,5,91,265,-14.0,-13.3,0,0,95,0,5,423,9,1,0.0,0.0,,0.0,0.212,13.1,1.0,0.011,0.37,0.609,0.429,0.0,0.508,0.542,0.121,28.0,0.0,265.0,0.433,0.75,0.25,0.076,0.054,0.641,0.261,0.359,423.0,-28.5,-27.9,,28.0,0.0,93.0,91.0,33.0,72.0,78.0,108.0,89.0,76.0,265.0,423.0,0.508,0.359,0.121,0.391,0.37,0.85,0.217,0.441,,,,,,,,,,,,,,,,,,,,,,,,,,,,,,,,,,,,,,,,,,,,,,,,,,,,,,,,,,,,,,,,,,,,,,,,,,,,,,,,,,,,,,,,,,,,,,,,,,,,,,,,,,,,,,,,,,,,,,,,,,,,,,,,,,,,,,,,,,,,,,,,,,,,,,,,,,,,,,,,,,,,,,,,,,,,,,,,,,,,,,,,,,,,,,,,,,,,,,,,,,,,,
gilleco01,Collin Gillespie,https://www.basketball-reference.com/players/g/gilleco01.html,2023-24,2024,24.0,DEN,PG,PG,81.0,PG,24.0,0.0,225.0,17.0,31.0,0.548,15.0,38.0,0.395,27.0,,0.0,20.0,0.572,32.0,69.0,0.464,8.0,12.0,0.667,1.0,24.0,87.0,420.0,13.0,14.0,21.0,0.0,0.7,1.3,0.548,0.6,1.6,0.395,1.1,,0.0,0.8,0.572,1.3,2.9,0.464,0.3,0.5,0.667,24.0,0.0,9.4,0.0,1.0,3.6,419.0,0.5,0.6,0.9,2.7,5.0,0.548,2.4,6.1,0.395,4.3,,0.0,3.2,0.572,5.1,11.0,0.464,1.3,1.9,0.667,24.0,0.0,225.0,0.2,3.8,13.9,429.0,2.1,2.2,3.4,3.7,6.8,0.548,3.3,8.4,0.395,5.9,,0.0,4.4,113.0,0.572,7.0,15.2,0.464,1.8,2.6,0.667,24.0,0.0,225.0,0.2,109.0,5.3,19.2,429.0,2.9,3.1,4.6,0.551,15.5,,0.0,-2.7,0.9,9.6,0.3,0.174,24.0,0.0,225.0,-3.7,0.5,0.1,11.0,429.0,2.9,15.9,5.2,0.586,17.1,0.0,0.4,0.076,,2,10,2,6,24,0,2,3,64,225,-1.1,4.5,0,0,100,0,0,429,7,1,0.0,0.0,,0.5,0.105,17.9,1.0,0.014,0.464,0.538,1.0,0.429,0.548,0.556,0.395,24.0,0.0,225.0,0.353,0.933,0.188,0.029,0.101,0.449,0.13,0.551,429.0,3.6,0.8,,24.0,0.0,101.0,139.0,108.0,105.0,98.0,85.0,71.0,101.0,225.0,429.0,0.548,0.551,0.395,0.572,0.464,0.667,0.174,0.586,,,,,,,,,,,,,,,,,,,,,,,,,,,,,,,,,,,,,,,,,,,,,,,,,,,,,,,,,,,,,,,,,,,,,,,,,,,,,,,,,,,,,,,,,,,,,,,,,,,,,,,,,,,,,,,,,,,,,,,,,,,,,,,,,,,,,,,,,,,,,,,,,,,,,,,,,,,,,,,,,,,,,,,,,,,,,,,,,,,,,,,,,,,,,,,,,,,,,,,,,,,,,
nowelja01,Jaylen Nowell,https://www.basketball-reference.com/players/n/nowelja01.html,2023-24,2024,24.0,2TM,SG,PG,82.0,PG,13.0,1.0,214.0,28.0,49.0,0.571,6.0,29.0,0.207,19.0,,2.0,18.0,0.474,34.0,78.0,0.436,7.0,9.0,0.778,6.0,15.0,81.0,426.0,4.0,7.0,24.0,0.0,2.2,3.8,0.571,0.5,2.2,0.207,1.5,,0.2,1.4,0.474,2.6,6.0,0.436,0.5,0.7,0.778,13.0,1.0,16.5,0.5,1.2,6.2,292.0,0.3,0.5,1.8,4.7,8.2,0.571,1.0,4.9,0.207,3.2,,0.3,3.0,0.474,5.7,13.1,0.436,1.2,1.5,0.778,13.0,1.0,214.0,1.0,2.5,13.6,432.0,0.7,1.2,4.0,6.4,11.1,0.571,1.4,6.6,0.207,4.3,,0.5,4.1,120.0,0.474,7.7,17.7,0.436,1.6,2.0,0.778,13.0,1.0,214.0,1.4,104.0,3.4,18.4,432.0,0.9,1.6,5.5,0.372,13.6,,0.8,-5.4,-1.4,9.6,0.1,0.115,13.0,1.0,214.0,-4.1,3.0,0.0,9.2,432.0,0.9,7.9,6.2,0.494,17.8,-0.2,0.1,0.016,,0,8,1,5,13,1,1,2,52,214,-0.7,-8.5,0,0,63,8,29,432,6,0,1.0,0.0,,0.2,0.172,14.5,1.0,0.013,0.436,0.625,0.7,0.7,0.571,0.429,0.207,13.0,1.0,214.0,0.536,1.0,0.103,0.128,0.128,0.628,0.269,0.372,432.0,-11.2,-14.0,,13.0,1.0,105.0,94.0,57.0,87.0,92.0,99.0,47.0,85.0,214.0,432.0,0.571,0.372,0.207,0.474,0.436,0.778,0.115,0.494,,,,,,,,,,,,,,,,,,,,,,,,,,,,,,,,,,,,,,,,,,,,,,,,,,,,,,,,,,,,,,,,,,,,,,,,,,,,,,,,,,,,,,,,,,,,,,,,,,,,,,,,,,,,,,,,,,,,,,,,,,,,,,,,,,,,,,,,,,,,,,,,,,,,,,,,,,,,,,,,,,,,,,,,,,,,,,,,,,,,,,,,,,,,,,,,,,,,,,,,,,,,,
maledth01,Théo Maledon,https://www.basketball-reference.com/players/m/maledth01.html,2023-24,2024,22.0,2TM,PG,PG,83.0,PG,17.0,1.0,213.0,15.0,40.0,0.375,5.0,30.0,0.167,28.0,,0.0,20.0,0.321,20.0,70.0,0.286,14.0,15.0,0.933,4.0,21.0,59.0,441.0,7.0,18.0,24.0,0.0,0.9,2.4,0.375,0.3,1.8,0.167,1.6,,0.0,1.2,0.321,1.2,4.1,0.286,0.8,0.9,0.933,17.0,1.0,12.5,0.2,1.2,3.5,423.0,0.4,1.1,1.4,2.5,6.8,0.375,0.8,5.1,0.167,4.7,,0.0,3.4,0.321,3.4,11.8,0.286,2.4,2.5,0.933,17.0,1.0,213.0,0.7,3.5,10.0,433.0,1.2,3.0,4.1,3.5,9.3,0.375,1.2,6.9,0.167,6.5,,0.0,4.6,121.0,0.321,4.6,16.2,0.286,3.2,3.5,0.933,17.0,1.0,213.0,0.9,81.0,4.9,13.7,433.0,1.6,4.2,5.6,0.429,17.8,,0.0,-10.3,-2.1,10.8,0.1,0.214,17.0,1.0,213.0,-8.3,2.0,-0.6,3.2,433.0,1.6,19.0,6.3,0.385,19.6,-0.5,-0.5,-0.122,,1,13,5,8,17,1,3,7,66,213,-5.2,-14.8,0,0,89,0,11,433,11,3,2.0,0.0,,0.286,0.233,10.2,0.0,0.0,0.286,0.533,0.333,0.0,0.375,0.313,0.167,17.0,1.0,213.0,0.6,1.0,0.214,0.086,0.043,0.571,0.229,0.429,433.0,-31.5,-29.9,,17.0,1.0,69.0,109.0,46.0,59.0,60.0,119.0,88.0,66.0,213.0,433.0,0.375,0.429,0.167,0.321,0.286,0.933,0.214,0.385,,,,,,,,,,,,,,,,,,,,,,,,,,,,,,,,,,,,,,,,,,,,,,,,,,,,,,,,,,,,,,,,,,,,,,,,,,,,,,,,,,,,,,,,,,,,,,,,,,,,,,,,,,,,,,,,,,,,,,,,,,,,,,,,,,,,,,,,,,,,,,,,,,,,,,,,,,,,,,,,,,,,,,,,,,,,,,,,,,,,,,,,,,,,,,,,,,,,,,,,,,,,,
bufkiko01,Kobe Bufkin,https://www.basketball-reference.com/players/b/bufkiko01.html,2023-24,2024,20.0,ATL,SG,PG,84.0,PG,17.0,0.0,196.0,25.0,52.0,0.481,9.0,40.0,0.225,27.0,,5.0,27.0,0.418,34.0,92.0,0.37,4.0,8.0,0.5,6.0,20.0,81.0,425.0,7.0,10.0,33.0,0.0,1.5,3.1,0.481,0.5,2.4,0.225,1.6,,0.3,1.6,0.418,2.0,5.4,0.37,0.2,0.5,0.5,17.0,0.0,11.5,0.4,1.2,4.8,353.0,0.4,0.6,1.9,4.6,9.6,0.481,1.7,7.3,0.225,5.0,,0.9,5.0,0.418,6.2,16.9,0.37,0.7,1.5,0.5,17.0,0.0,196.0,1.1,3.7,14.9,438.0,1.3,1.8,6.1,6.1,12.7,0.481,2.2,9.8,0.225,6.6,,1.2,6.6,118.0,0.418,8.3,22.5,0.37,1.0,2.0,0.5,17.0,0.0,196.0,1.5,95.0,4.9,19.8,438.0,1.7,2.4,8.1,0.435,19.3,,2.3,-4.5,-0.2,15.6,0.1,0.087,17.0,0.0,196.0,-4.3,3.2,-0.3,9.1,438.0,1.7,9.5,9.2,0.424,22.4,-0.1,-0.1,-0.031,,0,11,0,4,17,0,2,7,58,196,-6.8,-8.7,0,0,62,0,38,438,7,0,0.0,0.0,,0.1,0.25,17.5,0.0,0.0,0.37,0.556,0.467,0.467,0.481,0.462,0.225,17.0,0.0,196.0,0.32,0.667,0.098,0.163,0.163,0.565,0.141,0.435,438.0,-23.6,-29.8,,17.0,0.0,88.0,110.0,62.0,77.0,78.0,64.0,36.0,73.0,196.0,438.0,0.481,0.435,0.225,0.418,0.37,0.5,0.087,0.424,,,,,,,,,,,,,,,,,,,,,,,,,,,,,,,,,,,,,,,,,,,,,,,,,,,,,,,,,,,,,,,,,,,,,,,,,,,,,,,,,,,,,,,,,,,,,,,,,,,,,,,,,,,,,,,,,,,,,,,,,,,,,,,,,,,,,,,,,,,,,,,,,,,,,,,,,,,,,,,,,,,,,,,,,,,,,,,,,,,,,,,,,,,,,,,,,,,,,,,,,,,,,
leesa01,Saben Lee,https://www.basketball-reference.com/players/l/leesa01.html,2023-24,2024,24.0,PHO,PG,PG,85.0,PG,24.0,0.0,185.0,18.0,39.0,0.462,2.0,16.0,0.125,30.0,,3.0,22.0,0.382,20.0,55.0,0.364,29.0,39.0,0.744,9.0,13.0,71.0,432.0,7.0,8.0,31.0,0.0,0.8,1.6,0.462,0.1,0.7,0.125,1.3,,0.1,0.9,0.382,0.8,2.3,0.364,1.2,1.6,0.744,24.0,0.0,7.7,0.4,0.5,3.0,454.0,0.3,0.3,1.3,3.5,7.6,0.462,0.4,3.1,0.125,5.8,,0.6,4.3,0.382,3.9,10.7,0.364,5.6,7.6,0.744,24.0,0.0,185.0,1.8,2.5,13.8,443.0,1.4,1.6,6.0,4.8,10.3,0.462,0.5,4.2,0.125,7.9,,0.8,5.8,115.0,0.382,5.3,14.5,0.364,7.7,10.3,0.744,24.0,0.0,185.0,2.4,115.0,3.4,18.7,443.0,1.8,2.1,8.2,0.291,21.0,,1.4,-1.4,0.6,12.8,0.2,0.709,24.0,0.0,185.0,-2.0,5.8,0.2,13.5,443.0,1.8,10.0,9.5,0.492,18.8,0.0,0.4,0.099,,1,7,2,19,24,0,1,7,70,185,2.1,5.2,0,0,97,0,3,443,4,0,0.0,0.0,,0.1,0.625,9.6,4.0,0.109,0.364,0.571,,0.0,0.462,0.353,0.125,24.0,0.0,185.0,0.5,1.0,0.382,0.0,0.018,0.709,0.309,0.291,443.0,-18.1,-12.7,,24.0,0.0,85.0,74.0,34.0,70.0,77.0,95.0,290.0,85.0,185.0,443.0,0.462,0.291,0.125,0.382,0.364,0.744,0.709,0.492,,,,,,,,,,,,,,,,,,,,,,,,,,,,,,,,,,,,,,,,,,,,,,,,,,,,,,,,,,,,,,,,,,,,,,,,,,,,,,,,,,,,,,,,,,,,,,,,,,,,,,,,,,,,,,,,,,,,,,,,,,,,,,,,,,,,,,,,,,,,,,,,,,,,,,,,,,,,,,,,,,,,,,,,,,,,,,,,,,,,,,,,,,,,,,,,,,,,,,,,,,,,,
simpsza01,Zavier Simpson,https://www.basketball-reference.com/players/s/simpsza01.html,2023-24,2024,26.0,MEM,PG,PG,86.0,PG,7.0,0.0,161.0,12.0,37.0,0.324,5.0,17.0,0.294,25.0,,3.0,16.0,0.361,17.0,54.0,0.315,3.0,4.0,0.75,4.0,11.0,42.0,462.0,7.0,10.0,20.0,0.0,1.7,5.3,0.324,0.7,2.4,0.294,3.6,,0.4,2.3,0.361,2.4,7.7,0.315,0.4,0.6,0.75,7.0,0.0,23.0,0.6,1.6,6.0,300.0,1.0,1.4,2.9,2.7,8.3,0.324,1.1,3.8,0.294,5.6,,0.7,3.6,0.361,3.8,12.1,0.315,0.7,0.9,0.75,7.0,0.0,161.0,0.9,2.5,9.4,448.0,1.6,2.2,4.5,3.6,11.2,0.324,1.5,5.2,0.294,7.6,,0.9,4.9,115.0,0.361,5.2,16.4,0.315,0.9,1.2,0.75,7.0,0.0,161.0,1.2,86.0,3.3,12.8,448.0,2.1,3.0,6.1,0.315,22.5,,1.7,-5.9,0.3,11.3,0.2,0.074,7.0,0.0,161.0,-6.2,2.6,-0.3,6.3,448.0,2.1,15.2,6.8,0.377,17.5,-0.2,-0.2,-0.046,,0,8,0,2,7,0,0,7,63,161,-2.2,-9.4,0,0,100,0,0,448,8,2,0.0,0.0,,0.0,0.118,13.4,0.0,0.019,0.315,0.667,0.0,0.4,0.324,0.222,0.294,7.0,0.0,161.0,0.25,0.8,0.167,0.093,0.093,0.685,0.333,0.315,448.0,-20.0,-22.7,,7.0,0.0,59.0,80.0,80.0,66.0,66.0,96.0,30.0,65.0,161.0,448.0,0.324,0.315,0.294,0.361,0.315,0.75,0.074,0.377,,,,,,,,,,,,,,,,,,,,,,,,,,,,,,,,,,,,,,,,,,,,,,,,,,,,,,,,,,,,,,,,,,,,,,,,,,,,,,,,,,,,,,,,,,,,,,,,,,,,,,,,,,,,,,,,,,,,,,,,,,,,,,,,,,,,,,,,,,,,,,,,,,,,,,,,,,,,,,,,,,,,,,,,,,,,,,,,,,,,,,,,,,,,,,,,,,,,,,,,,,,,,
jarrede01,DeJon Jarreau,https://www.basketball-reference.com/players/j/jarrede01.html,2023-24,2024,26.0,MEM,SG,PG,87.0,PG,9.0,0.0,150.0,13.0,37.0,0.351,4.0,13.0,0.308,26.0,,2.0,36.0,0.38,17.0,50.0,0.34,5.0,11.0,0.455,8.0,14.0,43.0,458.0,6.0,9.0,44.0,0.0,1.4,4.1,0.351,0.4,1.4,0.308,2.9,,0.2,4.0,0.38,1.9,5.6,0.34,0.6,1.2,0.455,9.0,0.0,16.7,0.9,1.6,4.8,354.0,0.7,1.0,4.9,3.1,8.9,0.351,1.0,3.1,0.308,6.2,,0.5,8.6,0.38,4.1,12.0,0.34,1.2,2.6,0.455,9.0,0.0,150.0,1.9,3.4,10.3,452.0,1.4,2.2,10.6,4.2,12.1,0.351,1.3,4.2,0.308,8.5,,0.7,11.7,111.0,0.38,5.5,16.3,0.34,1.6,3.6,0.455,9.0,0.0,150.0,2.6,93.0,4.6,14.0,452.0,2.0,2.9,14.3,0.26,25.4,,1.2,-4.0,0.7,27.3,0.2,0.22,9.0,0.0,150.0,-4.6,5.6,-0.2,9.6,452.0,2.0,14.1,16.0,0.392,18.3,-0.1,0.0,0.002,,0,4,1,5,9,0,1,1,60,150,1.7,-5.7,0,0,83,0,17,452,7,1,0.0,0.0,,0.0,0.154,12.5,2.0,0.04,0.34,0.538,0.4,0.0,0.351,0.286,0.308,9.0,0.0,150.0,0.077,1.0,0.26,0.1,0.1,0.74,0.28,0.26,452.0,-16.7,-20.6,,9.0,0.0,64.0,66.0,84.0,70.0,72.0,58.0,90.0,68.0,150.0,452.0,0.351,0.26,0.308,0.38,0.34,0.455,0.22,0.392,,,,,,,,,,,,,,,,,,,,,,,,,,,,,,,,,,,,,,,,,,,,,,,,,,,,,,,,,,,,,,,,,,,,,,,,,,,,,,,,,,,,,,,,,,,,,,,,,,,,,,,,,,,,,,,,,,,,,,,,,,,,,,,,,,,,,,,,,,,,,,,,,,,,,,,,,,,,,,,,,,,,,,,,,,,,,,,,,,,,,,,,,,,,,,,,,,,,,,,,,,,,,
dowtije01,Jeff Dowtin Jr.,https://www.basketball-reference.com/players/d/dowtije01.html,2023-24,2024,26.0,PHI,PG,PG,88.0,PG,12.0,0.0,142.0,11.0,17.0,0.647,9.0,19.0,0.474,27.0,,1.0,17.0,0.681,20.0,36.0,0.556,3.0,4.0,0.75,3.0,1.0,52.0,445.0,7.0,5.0,20.0,0.0,0.9,1.4,0.647,0.8,1.6,0.474,2.3,,0.1,1.4,0.681,1.7,3.0,0.556,0.3,0.3,0.75,12.0,0.0,11.8,0.3,0.1,4.3,379.0,0.6,0.4,1.7,2.8,4.3,0.647,2.3,4.8,0.474,6.8,,0.3,4.3,0.681,5.1,9.1,0.556,0.8,1.0,0.75,12.0,0.0,142.0,0.8,0.3,13.2,454.0,1.8,1.3,5.1,3.8,5.9,0.647,3.1,6.6,0.474,9.4,,0.3,5.9,114.0,0.681,6.9,12.5,0.556,1.0,1.4,0.75,12.0,0.0,142.0,1.0,141.0,0.3,18.0,454.0,2.4,1.7,6.9,0.528,26.4,,0.6,3.3,1.3,13.5,0.2,0.111,12.0,0.0,142.0,2.0,2.3,0.4,18.2,454.0,2.4,11.7,7.8,0.689,13.0,0.2,0.6,0.193,,1,0,2,3,12,0,2,2,65,142,3.0,5.9,0,0,52,5,42,454,2,2,0.0,0.0,,0.5,0.105,15.5,1.0,0.028,0.556,0.818,0.667,,0.647,0.0,0.474,12.0,0.0,142.0,0.455,0.556,0.306,0.083,0.0,0.472,0.083,0.528,454.0,9.6,8.2,,12.0,0.0,119.0,134.0,130.0,125.0,117.0,96.0,45.0,119.0,142.0,454.0,0.647,0.528,0.474,0.681,0.556,0.75,0.111,0.689,,,,,,,,,,,,,,,,,,,,,,,,,,,,,,,,,,,,,,,,,,,,,,,,,,,,,,,,,,,,,,,,,,,,,,,,,,,,,,,,,,,,,,,,,,,,,,,,,,,,,,,,,,,,,,,,,,,,,,,,,,,,,,,,,,,,,,,,,,,,,,,,,,,,,,,,,,,,,,,,,,,,,,,,,,,,,,,,,,,,,,,,,,,,,,,,,,,,,,,,,,,,,
smithdr01,Dru Smith,https://www.basketball-reference.com/players/s/smithdr01.html,2023-24,2024,26.0,MIA,SG,PG,89.0,PG,9.0,0.0,131.0,8.0,16.0,0.5,7.0,17.0,0.412,14.0,,3.0,8.0,0.561,15.0,33.0,0.455,2.0,2.0,1.0,6.0,12.0,39.0,470.0,9.0,5.0,14.0,0.0,0.9,1.8,0.5,0.8,1.9,0.412,1.6,,0.3,0.9,0.561,1.7,3.7,0.455,0.2,0.2,1.0,9.0,0.0,14.6,0.7,1.3,4.3,383.0,1.0,0.6,1.6,2.2,4.4,0.5,1.9,4.7,0.412,3.8,,0.8,2.2,0.561,4.1,9.1,0.455,0.5,0.5,1.0,9.0,0.0,131.0,1.6,3.3,10.7,458.0,2.5,1.4,3.8,3.0,6.1,0.5,2.7,6.5,0.412,5.3,,1.1,3.0,110.0,0.561,5.7,12.6,0.455,0.8,0.8,1.0,9.0,0.0,131.0,2.3,118.0,4.6,14.9,458.0,3.4,1.9,5.3,0.515,15.0,,2.2,1.4,3.2,7.0,0.2,0.061,9.0,0.0,131.0,-1.8,5.1,0.1,12.8,458.0,3.4,12.9,6.1,0.576,13.2,0.1,0.3,0.125,,0,6,3,1,9,0,0,1,33,131,-16.7,-14.1,0,0,72,0,28,458,5,0,0.0,0.0,,0.75,0.235,15.4,0.0,0.0,0.455,0.667,0.0,0.0,0.5,0.5,0.412,9.0,0.0,131.0,0.5,0.857,0.273,0.061,0.03,0.485,0.121,0.515,458.0,0.9,-0.3,,9.0,0.0,92.0,130.0,113.0,103.0,96.0,128.0,25.0,99.0,131.0,458.0,0.5,0.515,0.412,0.561,0.455,1.0,0.061,0.576,,,,,,,,,,,,,,,,,,,,,,,,,,,,,,,,,,,,,,,,,,,,,,,,,,,,,,,,,,,,,,,,,,,,,,,,,,,,,,,,,,,,,,,,,,,,,,,,,,,,,,,,,,,,,,,,,,,,,,,,,,,,,,,,,,,,,,,,,,,,,,,,,,,,,,,,,,,,,,,,,,,,,,,,,,,,,,,,,,,,,,,,,,,,,,,,,,,,,,,,,,,,,
pickeja02,Jalen Pickett,https://www.basketball-reference.com/players/p/pickeja02.html,2023-24,2024,24.0,DEN,SG,PG,90.0,PG,27.0,0.0,122.0,6.0,10.0,0.6,9.0,25.0,0.36,21.0,,0.0,13.0,0.557,15.0,35.0,0.429,3.0,4.0,0.75,1.0,13.0,42.0,461.0,4.0,9.0,14.0,0.0,0.2,0.4,0.6,0.3,0.9,0.36,0.8,,0.0,0.5,0.557,0.6,1.3,0.429,0.1,0.1,0.75,27.0,0.0,4.5,0.0,0.5,1.6,521.0,0.1,0.3,0.5,1.8,3.0,0.6,2.7,7.4,0.36,6.2,,0.0,3.8,0.557,4.4,10.3,0.429,0.9,1.2,0.75,27.0,0.0,122.0,0.3,3.8,12.4,462.0,1.2,2.7,4.1,2.4,4.1,0.6,3.7,10.2,0.36,8.5,,0.0,5.3,115.0,0.557,6.1,14.2,0.429,1.2,1.6,0.75,27.0,0.0,122.0,0.4,109.0,5.3,17.1,462.0,1.6,3.7,5.7,0.714,21.7,,0.0,-3.3,-0.5,11.5,0.1,0.114,27.0,0.0,122.0,-2.7,0.9,0.0,9.7,462.0,1.6,19.7,6.4,0.571,16.4,0.0,0.2,0.065,,0,9,1,1,27,0,0,1,52,122,-8.1,-2.3,0,0,85,0,15,462,5,1,1.0,0.0,,0.0,0.04,22.6,0.0,0.0,0.429,1.0,0.333,0.75,0.6,0.5,0.36,27.0,0.0,122.0,0.5,0.778,0.029,0.086,0.114,0.286,0.057,0.714,462.0,0.7,-0.6,,27.0,0.0,110.0,181.0,98.0,102.0,90.0,96.0,47.0,98.0,122.0,462.0,0.6,0.714,0.36,0.557,0.429,0.75,0.114,0.571,,3.0,0.0,183.0,84.0,0.0,122.0,141.0,,0.0,115.0,11.0,188.0,1.0,0.333,0.0,0.667,0.667,,0.0,0.667,0.333,14.5,,8.5,7.2,4.3,10.6,0.0,0.0,3.0,0.0,11.0,2.9,0.0,0.0,17.0,188.0,0.0,0.0,5.2,0.667,12.5,0.0,0.0,0.173,,0.0,1.0,0.0,0.0,3.0,0.0,0.0,0.0,2.0,11.0,-11.3,-13.6,0.0,0.0,100.0,0.0,0.0,188.0,0.0,0.0,9.4,9.4,1.0,0.0,4.7,0.0,4.7,,4.7,4.7,112.0,0.667,9.4,14.2,0.667,0.0,0.0,,3.0,0.0,11.0,0.0,141.0,4.7,18.9,188.0,0.0,0.0,4.7,6.5,6.5,1.0,0.0,3.3,0.0,3.3,,3.3,3.3,0.667,6.5,9.8,0.667,0.0,0.0,,3.0,0.0,11.0,0.0,3.3,13.1,188.0,0.0,0.0,3.3,0.7,0.7,1.0,0.0,0.3,0.0,0.3,,0.3,0.3,0.667,0.7,1.0,0.667,0.0,0.0,,3.0,0.0,3.7,0.0,0.3,1.3,176.0,0.0,0.0,0.3,0.0,0.0,,,0.0,18.4,0.0,0.0,0.667,,1.0,1.0,1.0,,0.0,3.0,0.0,11.0,0.0,,0.0,0.333,0.333,0.667,0.0,0.333,188.0,2.0,2.0,1.0,0.0,1.0,0.0,1.0,,1.0,1.0,0.667,2.0,3.0,0.667,0.0,0.0,,3.0,0.0,11.0,0.0,1.0,4.0,181.0,0.0,0.0,1.0,0.0
moonxa01,Xavier Moon,https://www.basketball-reference.com/players/m/moonxa01.html,2023-24,2024,29.0,LAC,SG,PG,91.0,PG,14.0,1.0,119.0,13.0,29.0,0.448,2.0,17.0,0.118,21.0,,3.0,10.0,0.348,15.0,46.0,0.326,1.0,2.0,0.5,8.0,8.0,33.0,482.0,3.0,5.0,18.0,0.0,0.9,2.1,0.448,0.1,1.2,0.118,1.5,,0.2,0.7,0.348,1.1,3.3,0.326,0.1,0.1,0.5,14.0,1.0,8.5,0.6,0.6,2.4,480.0,0.2,0.4,1.3,3.9,8.8,0.448,0.6,5.1,0.118,6.4,,0.9,3.0,0.348,4.5,13.9,0.326,0.3,0.6,0.5,14.0,1.0,119.0,2.4,2.4,10.0,468.0,0.9,1.5,5.4,5.4,12.0,0.448,0.8,7.1,0.118,8.7,,1.2,4.1,118.0,0.348,6.2,19.1,0.326,0.4,0.8,0.5,14.0,1.0,119.0,3.3,95.0,3.3,13.7,468.0,1.2,2.1,7.5,0.37,23.4,,2.3,-6.1,-1.4,9.2,0.1,0.043,14.0,1.0,119.0,-4.7,7.9,-0.2,8.1,468.0,1.2,9.6,8.5,0.352,19.1,-0.1,-0.1,-0.026,,0,6,0,0,14,1,0,0,49,119,-21.8,-17.5,0,0,68,0,32,468,4,1,0.0,0.0,,0.0,0.059,16.2,0.0,0.0,0.326,0.0,0.6,0.5,0.448,0.4,0.118,14.0,1.0,119.0,0.308,0.5,0.065,0.217,0.13,0.63,0.217,0.37,468.0,-18.3,-21.4,,14.0,1.0,82.0,94.0,32.0,64.0,69.0,64.0,18.0,61.0,119.0,468.0,0.448,0.37,0.118,0.348,0.326,0.5,0.043,0.352,,,,,,,,,,,,,,,,,,,,,,,,,,,,,,,,,,,,,,,,,,,,,,,,,,,,,,,,,,,,,,,,,,,,,,,,,,,,,,,,,,,,,,,,,,,,,,,,,,,,,,,,,,,,,,,,,,,,,,,,,,,,,,,,,,,,,,,,,,,,,,,,,,,,,,,,,,,,,,,,,,,,,,,,,,,,,,,,,,,,,,,,,,,,,,,,,,,,,,,,,,,,,
willibr03,Brandon Williams,https://www.basketball-reference.com/players/w/willibr03.html,2023-24,2024,24.0,DAL,PG,PG,92.0,PG,17.0,0.0,113.0,17.0,39.0,0.436,3.0,15.0,0.2,17.0,,1.0,9.0,0.398,20.0,54.0,0.37,11.0,17.0,0.647,4.0,4.0,54.0,443.0,1.0,7.0,13.0,0.0,1.0,2.3,0.436,0.2,0.9,0.2,1.0,,0.1,0.5,0.398,1.2,3.2,0.37,0.6,1.0,0.647,17.0,0.0,6.6,0.2,0.2,3.2,448.0,0.1,0.4,0.8,5.4,12.4,0.436,1.0,4.8,0.2,5.4,,0.3,2.9,0.398,6.4,17.2,0.37,3.5,5.4,0.647,17.0,0.0,113.0,1.3,1.3,17.2,470.0,0.3,2.2,4.1,7.2,16.6,0.436,1.3,6.4,0.2,7.2,,0.4,3.8,120.0,0.398,8.5,22.9,0.37,4.7,7.2,0.647,17.0,0.0,113.0,1.7,97.0,1.7,22.9,470.0,0.4,3.0,5.5,0.278,20.9,,0.8,-5.5,-2.8,8.7,0.1,0.315,17.0,0.0,113.0,-2.7,3.9,-0.2,9.3,470.0,0.4,10.2,6.3,0.439,26.0,-0.1,-0.1,-0.044,,0,4,3,10,17,0,3,5,38,113,-25.5,-22.6,0,0,100,0,0,470,5,1,0.0,0.0,,0.0,0.133,12.2,1.0,0.037,0.37,0.571,0.4,0.5,0.436,0.286,0.2,17.0,0.0,113.0,0.353,0.667,0.259,0.093,0.111,0.722,0.259,0.278,470.0,-16.0,-17.3,,17.0,0.0,80.0,70.0,55.0,73.0,78.0,83.0,129.0,76.0,113.0,470.0,0.436,0.278,0.2,0.398,0.37,0.647,0.315,0.439,,,,,,,,,,,,,,,,,,,,,,,,,,,,,,,,,,,,,,,,,,,,,,,,,,,,,,,,,,,,,,,,,,,,,,,,,,,,,,,,,,,,,,,,,,,,,,,,,,,,,,,,,,,,,,,,,,,,,,,,,,,,,,,,,,,,,,,,,,,,,,,,,,,,,,,,,,,,,,,,,,,,,,,,,,,,,,,,,,,,,,,,,,,,,,,,,,,,,,,,,,,,,
brookar01,Armoni Brooks,https://www.basketball-reference.com/players/b/brookar01.html,2023-24,2024,25.0,BRK,PG,PG,93.0,PG,10.0,0.0,104.0,4.0,14.0,0.286,11.0,32.0,0.344,5.0,,1.0,11.0,0.446,15.0,46.0,0.326,1.0,2.0,0.5,7.0,3.0,42.0,460.0,1.0,3.0,18.0,0.0,0.4,1.4,0.286,1.1,3.2,0.344,0.5,,0.1,1.1,0.446,1.5,4.6,0.326,0.1,0.2,0.5,10.0,0.0,10.4,0.7,0.3,4.2,386.0,0.1,0.3,1.8,1.4,4.8,0.286,3.8,11.1,0.344,1.7,,0.3,3.8,0.446,5.2,15.9,0.326,0.3,0.7,0.5,10.0,0.0,104.0,2.4,1.0,14.5,476.0,0.3,1.0,6.2,1.9,6.7,0.286,5.2,15.2,0.344,2.4,,0.5,5.2,120.0,0.446,7.1,21.9,0.326,0.5,1.0,0.5,10.0,0.0,104.0,3.3,98.0,1.4,20.0,476.0,0.5,1.4,8.6,0.696,6.9,,0.9,-5.8,-3.7,11.9,0.1,0.043,10.0,0.0,104.0,-2.2,7.2,-0.1,8.3,476.0,0.5,6.0,9.5,0.448,20.8,-0.1,0.0,-0.018,,0,1,0,1,10,0,1,4,10,104,14.4,11.0,0,0,72,0,28,476,3,0,0.0,0.0,,0.0,0.063,20.0,0.0,0.0,0.326,0.0,0.0,0.0,0.286,0.571,0.344,10.0,0.0,104.0,0.75,0.909,0.109,0.022,0.022,0.304,0.152,0.696,476.0,-9.3,-12.4,,10.0,0.0,52.0,176.0,94.0,82.0,69.0,64.0,18.0,77.0,104.0,476.0,0.286,0.696,0.344,0.446,0.326,0.5,0.043,0.448,,,,,,,,,,,,,,,,,,,,,,,,,,,,,,,,,,,,,,,,,,,,,,,,,,,,,,,,,,,,,,,,,,,,,,,,,,,,,,,,,,,,,,,,,,,,,,,,,,,,,,,,,,,,,,,,,,,,,,,,,,,,,,,,,,,,,,,,,,,,,,,,,,,,,,,,,,,,,,,,,,,,,,,,,,,,,,,,,,,,,,,,,,,,,,,,,,,,,,,,,,,,,
bouyeja01,Jamaree Bouyea,https://www.basketball-reference.com/players/b/bouyeja01.html,2023-24,2024,24.0,2TM,PG,PG,94.0,PG,9.0,0.0,95.0,9.0,19.0,0.474,1.0,9.0,0.111,11.0,,0.0,16.0,0.375,10.0,28.0,0.357,0.0,0.0,,3.0,10.0,21.0,506.0,1.0,9.0,19.0,0.0,1.0,2.1,0.474,0.1,1.0,0.111,1.2,,0.0,1.8,0.375,1.1,3.1,0.357,0.0,0.0,,9.0,0.0,10.6,0.3,1.1,2.3,481.0,0.1,1.0,2.1,3.4,7.2,0.474,0.4,3.4,0.111,4.2,,0.0,6.1,0.375,3.8,10.6,0.357,0.0,0.0,,9.0,0.0,95.0,1.1,3.8,8.0,480.0,0.4,3.4,7.2,4.6,9.7,0.474,0.5,4.6,0.111,5.6,,0.0,8.2,120.0,0.375,5.1,14.3,0.357,0.0,0.0,,9.0,0.0,95.0,1.5,73.0,5.1,10.7,480.0,0.5,4.6,9.7,0.321,15.9,,0.0,-12.3,-2.0,19.2,0.1,0.0,9.0,0.0,95.0,-10.2,3.4,-0.3,1.5,480.0,0.5,24.3,11.0,0.375,16.5,-0.2,-0.3,-0.129,,1,7,1,0,9,0,0,2,29,95,0.1,-8.0,0,0,95,0,5,480,4,3,1.0,0.0,,,0.0,11.7,0.0,0.0,0.357,0.625,1.0,1.0,0.474,0.222,0.111,9.0,0.0,95.0,0.444,1.0,0.286,0.036,0.036,0.679,0.321,0.321,480.0,-9.7,-11.5,,9.0,0.0,87.0,81.0,30.0,69.0,75.0,,0.0,65.0,95.0,480.0,0.474,0.321,0.111,0.375,0.357,,0.0,0.375,,,,,,,,,,,,,,,,,,,,,,,,,,,,,,,,,,,,,,,,,,,,,,,,,,,,,,,,,,,,,,,,,,,,,,,,,,,,,,,,,,,,,,,,,,,,,,,,,,,,,,,,,,,,,,,,,,,,,,,,,,,,,,,,,,,,,,,,,,,,,,,,,,,,,,,,,,,,,,,,,,,,,,,,,,,,,,,,,,,,,,,,,,,,,,,,,,,,,,,,,,,,,
smithte01,Terquavion Smith,https://www.basketball-reference.com/players/s/smithte01.html,2023-24,2024,21.0,PHI,PG,PG,95.0,PG,16.0,0.0,84.0,5.0,11.0,0.455,13.0,35.0,0.371,12.0,,0.0,4.0,0.533,18.0,46.0,0.391,3.0,5.0,0.6,0.0,8.0,52.0,446.0,8.0,7.0,4.0,0.0,0.3,0.7,0.455,0.8,2.2,0.371,0.8,,0.0,0.3,0.533,1.1,2.9,0.391,0.2,0.3,0.6,16.0,0.0,5.3,0.0,0.5,3.3,438.0,0.5,0.4,0.3,2.1,4.7,0.455,5.6,15.0,0.371,5.1,,0.0,1.7,0.533,7.7,19.7,0.391,1.3,2.1,0.6,16.0,0.0,84.0,0.0,3.4,22.3,485.0,3.4,3.0,1.7,2.9,6.4,0.455,7.6,20.5,0.371,7.0,,0.0,2.3,111.0,0.533,10.5,26.9,0.391,1.8,2.9,0.6,16.0,0.0,84.0,0.0,103.0,4.7,30.5,485.0,4.7,4.1,2.3,0.761,22.1,,0.0,0.8,0.5,5.4,0.1,0.109,16.0,0.0,84.0,0.3,0.0,0.0,14.8,485.0,4.7,12.7,2.6,0.539,28.4,0.1,0.1,0.05,,0,4,0,2,16,0,1,3,26,84,-8.1,-5.0,0,0,99,0,2,485,5,2,0.0,0.0,,0.333,0.086,21.1,2.0,0.043,0.391,0.625,0.0,0.0,0.455,0.0,0.371,16.0,0.0,84.0,0.2,0.846,0.174,0.022,0.022,0.239,0.022,0.761,485.0,-1.3,-3.9,,16.0,0.0,83.0,193.0,102.0,97.0,82.0,77.0,44.0,93.0,84.0,485.0,0.455,0.761,0.371,0.533,0.391,0.6,0.109,0.539,,,,,,,,,,,,,,,,,,,,,,,,,,,,,,,,,,,,,,,,,,,,,,,,,,,,,,,,,,,,,,,,,,,,,,,,,,,,,,,,,,,,,,,,,,,,,,,,,,,,,,,,,,,,,,,,,,,,,,,,,,,,,,,,,,,,,,,,,,,,,,,,,,,,,,,,,,,,,,,,,,,,,,,,,,,,,,,,,,,,,,,,,,,,,,,,,,,,,,,,,,,,,
rolliry01,Ryan Rollins,https://www.basketball-reference.com/players/r/rolliry01.html,2023-24,2024,21.0,2TM,PG,PG,96.0,PG,13.0,0.0,78.0,11.0,23.0,0.478,3.0,4.0,0.75,14.0,,3.0,11.0,0.574,14.0,27.0,0.519,13.0,17.0,0.765,2.0,8.0,44.0,457.0,10.0,8.0,13.0,0.0,0.8,1.8,0.478,0.2,0.3,0.75,1.1,,0.2,0.8,0.574,1.1,2.1,0.519,1.0,1.3,0.765,13.0,0.0,6.0,0.2,0.6,3.4,427.0,0.8,0.6,1.0,5.1,10.6,0.478,1.4,1.8,0.75,6.5,,1.4,5.1,0.574,6.5,12.5,0.519,6.0,7.8,0.765,13.0,0.0,78.0,0.9,3.7,20.3,491.0,4.6,3.7,6.0,6.6,13.8,0.478,1.8,2.4,0.75,8.4,,1.8,6.6,108.0,0.574,8.4,16.3,0.519,7.8,10.2,0.765,13.0,0.0,78.0,1.2,116.0,4.8,26.5,491.0,6.0,4.8,7.8,0.148,25.0,,3.1,5.7,5.1,15.4,0.1,0.63,13.0,0.0,78.0,0.6,2.7,0.1,22.0,491.0,6.0,18.8,8.9,0.638,23.0,0.2,0.3,0.155,,0,3,3,9,13,0,3,2,32,78,45.0,36.8,0,0,100,0,0,491,3,5,0.0,0.0,,1.0,0.25,12.8,0.0,0.0,0.519,0.75,0.333,,0.478,0.333,0.75,13.0,0.0,78.0,0.091,0.667,0.296,0.222,0.0,0.852,0.333,0.148,491.0,1.5,4.0,,13.0,0.0,88.0,38.0,205.0,105.0,109.0,98.0,258.0,110.0,78.0,491.0,0.478,0.148,0.75,0.574,0.519,0.765,0.63,0.638,,,,,,,,,,,,,,,,,,,,,,,,,,,,,,,,,,,,,,,,,,,,,,,,,,,,,,,,,,,,,,,,,,,,,,,,,,,,,,,,,,,,,,,,,,,,,,,,,,,,,,,,,,,,,,,,,,,,,,,,,,,,,,,,,,,,,,,,,,,,,,,,,,,,,,,,,,,,,,,,,,,,,,,,,,,,,,,,,,,,,,,,,,,,,,,,,,,,,,,,,,,,,
hamptrj01,R.J. Hampton,https://www.basketball-reference.com/players/h/hamptrj01.html,2023-24,2024,22.0,MIA,PG,PG,97.0,PG,8.0,2.0,76.0,3.0,6.0,0.5,1.0,8.0,0.125,8.0,,0.0,4.0,0.321,4.0,14.0,0.286,1.0,2.0,0.5,2.0,8.0,10.0,535.0,0.0,3.0,6.0,0.0,0.4,0.8,0.5,0.1,1.0,0.125,1.0,,0.0,0.5,0.321,0.5,1.8,0.286,0.1,0.3,0.5,8.0,2.0,9.5,0.3,1.0,1.3,533.0,0.0,0.4,0.8,1.4,2.8,0.5,0.5,3.8,0.125,3.8,,0.0,1.9,0.321,1.9,6.6,0.286,0.5,0.9,0.5,8.0,2.0,76.0,0.9,3.8,4.7,492.0,0.0,1.4,2.8,2.0,3.9,0.5,0.7,5.3,0.125,5.3,,0.0,2.6,119.0,0.321,2.6,9.2,0.286,0.7,1.3,0.5,8.0,2.0,76.0,1.3,84.0,5.3,6.6,492.0,0.0,2.0,3.9,0.571,13.6,,0.0,-9.5,-1.4,6.0,0.0,0.143,8.0,2.0,76.0,-8.1,3.0,-0.1,0.9,492.0,0.0,16.8,4.5,0.336,10.5,-0.1,-0.1,-0.038,,0,6,0,1,8,2,0,1,20,76,7.4,9.2,0,0,91,0,9,492,3,0,0.0,0.0,,0.0,0.375,17.0,0.0,0.0,0.286,0.5,0.5,,0.5,0.5,0.125,8.0,2.0,76.0,0.333,1.0,0.143,0.143,0.0,0.429,0.143,0.571,492.0,-6.3,-7.3,,8.0,2.0,92.0,145.0,34.0,59.0,60.0,64.0,58.0,58.0,76.0,492.0,0.5,0.571,0.125,0.321,0.286,0.5,0.143,0.336,,,,,,,,,,,,,,,,,,,,,,,,,,,,,,,,,,,,,,,,,,,,,,,,,,,,,,,,,,,,,,,,,,,,,,,,,,,,,,,,,,,,,,,,,,,,,,,,,,,,,,,,,,,,,,,,,,,,,,,,,,,,,,,,,,,,,,,,,,,,,,,,,,,,,,,,,,,,,,,,,,,,,,,,,,,,,,,,,,,,,,,,,,,,,,,,,,,,,,,,,,,,,
prestja01,Jason Preston,https://www.basketball-reference.com/players/p/prestja01.html,2023-24,2024,24.0,UTA,PG,PG,98.0,PG,7.0,0.0,71.0,6.0,16.0,0.375,0.0,3.0,0.0,16.0,,1.0,11.0,0.316,6.0,19.0,0.316,0.0,0.0,,6.0,3.0,12.0,529.0,2.0,2.0,17.0,0.0,0.9,2.3,0.375,0.0,0.4,0.0,2.3,,0.1,1.6,0.316,0.9,2.7,0.316,0.0,0.0,,7.0,0.0,10.1,0.9,0.4,1.7,514.0,0.3,0.3,2.4,3.0,8.1,0.375,0.0,1.5,0.0,8.1,,0.5,5.6,0.316,3.0,9.6,0.316,0.0,0.0,,7.0,0.0,71.0,3.0,1.5,6.1,498.0,1.0,1.0,8.6,4.1,10.9,0.375,0.0,2.0,0.0,10.9,,0.7,7.5,121.0,0.316,4.1,12.9,0.316,0.0,0.0,,7.0,0.0,71.0,4.1,107.0,2.0,8.2,498.0,1.4,1.4,11.6,0.158,28.7,,1.3,-2.6,-0.1,16.9,0.0,0.0,7.0,0.0,71.0,-2.5,9.4,0.0,10.5,498.0,1.4,9.5,13.2,0.316,12.4,0.0,0.0,0.026,,0,2,0,0,7,0,0,2,40,71,18.5,13.3,0,0,92,0,8,498,2,0,0.0,0.0,,0.0,0.333,9.9,0.0,0.0,0.316,0.5,0.667,,0.375,0.273,0.0,7.0,0.0,71.0,0.333,,0.105,0.158,0.0,0.842,0.579,0.158,498.0,-8.8,-10.0,,7.0,0.0,69.0,40.0,0.0,58.0,67.0,,0.0,54.0,71.0,498.0,0.375,0.158,0.0,0.316,0.316,,0.0,0.316,,,,,,,,,,,,,,,,,,,,,,,,,,,,,,,,,,,,,,,,,,,,,,,,,,,,,,,,,,,,,,,,,,,,,,,,,,,,,,,,,,,,,,,,,,,,,,,,,,,,,,,,,,,,,,,,,,,,,,,,,,,,,,,,,,,,,,,,,,,,,,,,,,,,,,,,,,,,,,,,,,,,,,,,,,,,,,,,,,,,,,,,,,,,,,,,,,,,,,,,,,,,,
simmoko01,Kobi Simmons,https://www.basketball-reference.com/players/s/simmoko01.html,2023-24,2024,26.0,TOR,PG,PG,99.0,PG,4.0,0.0,67.0,7.0,13.0,0.538,2.0,8.0,0.25,12.0,,2.0,6.0,0.476,9.0,21.0,0.429,0.0,0.0,,1.0,5.0,20.0,508.0,6.0,1.0,7.0,0.0,1.8,3.3,0.538,0.5,2.0,0.25,3.0,,0.5,1.5,0.476,2.3,5.3,0.429,0.0,0.0,,4.0,0.0,16.8,0.3,1.3,5.0,347.0,1.5,0.3,1.8,3.8,7.0,0.538,1.1,4.3,0.25,6.4,,1.1,3.2,0.476,4.8,11.3,0.429,0.0,0.0,,4.0,0.0,67.0,0.5,2.7,10.7,500.0,3.2,0.5,3.8,5.0,9.4,0.538,1.4,5.8,0.25,8.6,,1.4,4.3,113.0,0.476,6.5,15.1,0.429,0.0,0.0,,4.0,0.0,67.0,0.7,116.0,3.6,14.4,500.0,4.3,0.7,5.0,0.381,24.2,,2.6,-1.0,1.6,10.1,0.1,0.0,4.0,0.0,67.0,-2.6,1.6,0.1,14.5,500.0,4.3,4.5,5.7,0.476,14.0,0.0,0.1,0.098,,0,2,2,0,4,0,0,2,28,67,-18.4,-24.6,0,0,86,0,14,500,1,0,0.0,0.0,,0.0,0.5,13.1,1.0,0.048,0.429,0.5,1.0,0.0,0.538,0.5,0.25,4.0,0.0,67.0,0.429,1.0,0.286,0.095,0.048,0.619,0.19,0.381,500.0,-3.0,-4.4,,4.0,0.0,99.0,96.0,68.0,87.0,90.0,,0.0,82.0,67.0,500.0,0.538,0.381,0.25,0.476,0.429,,0.0,0.476,,,,,,,,,,,,,,,,,,,,,,,,,,,,,,,,,,,,,,,,,,,,,,,,,,,,,,,,,,,,,,,,,,,,,,,,,,,,,,,,,,,,,,,,,,,,,,,,,,,,,,,,,,,,,,,,,,,,,,,,,,,,,,,,,,,,,,,,,,,,,,,,,,,,,,,,,,,,,,,,,,,,,,,,,,,,,,,,,,,,,,,,,,,,,,,,,,,,,,,,,,,,,
baileam01,Amari Bailey,https://www.basketball-reference.com/players/b/baileam01.html,2023-24,2024,19.0,CHO,PG,PG,100.0,PG,10.0,0.0,65.0,7.0,16.0,0.438,1.0,8.0,0.125,7.0,,0.0,3.0,0.354,8.0,24.0,0.333,6.0,7.0,0.857,6.0,2.0,23.0,498.0,3.0,4.0,9.0,0.0,0.7,1.6,0.438,0.1,0.8,0.125,0.7,,0.0,0.3,0.354,0.8,2.4,0.333,0.6,0.7,0.857,10.0,0.0,6.5,0.6,0.2,2.3,482.0,0.3,0.4,0.9,3.9,8.9,0.438,0.6,4.4,0.125,3.9,,0.0,1.7,0.354,4.4,13.3,0.333,3.3,3.9,0.857,10.0,0.0,65.0,3.3,1.1,12.7,504.0,1.7,2.2,5.0,5.3,12.1,0.438,0.8,6.1,0.125,5.3,,0.0,2.3,122.0,0.354,6.1,18.2,0.333,4.6,5.3,0.857,10.0,0.0,65.0,4.6,96.0,1.5,17.5,504.0,2.3,3.0,6.8,0.333,15.2,,0.0,-8.3,-3.1,5.3,0.0,0.292,10.0,0.0,65.0,-5.2,10.1,-0.1,9.7,504.0,2.3,12.9,7.8,0.425,21.1,-0.1,-0.1,-0.044,,0,1,0,3,10,0,1,0,18,65,16.5,5.6,0,0,73,0,27,504,3,1,0.0,0.0,,1.0,0.125,13.5,2.0,0.125,0.333,0.5,0.25,0.333,0.438,1.0,0.125,10.0,0.0,65.0,0.286,1.0,0.333,0.167,0.125,0.667,0.042,0.333,504.0,-9.2,-8.4,,10.0,0.0,80.0,84.0,34.0,65.0,70.0,109.0,119.0,73.0,65.0,504.0,0.438,0.333,0.125,0.354,0.333,0.857,0.292,0.425,,,,,,,,,,,,,,,,,,,,,,,,,,,,,,,,,,,,,,,,,,,,,,,,,,,,,,,,,,,,,,,,,,,,,,,,,,,,,,,,,,,,,,,,,,,,,,,,,,,,,,,,,,,,,,,,,,,,,,,,,,,,,,,,,,,,,,,,,,,,,,,,,,,,,,,,,,,,,,,,,,,,,,,,,,,,,,,,,,,,,,,,,,,,,,,,,,,,,,,,,,,,,
derozde01,DeMar DeRozan,https://www.basketball-reference.com/players/d/derozde01.html,2023-24,2024,34.0,CHI,SF,SF,1.0,SF,79.0,79.0,2989.0,575.0,1130.0,0.509,75.0,225.0,0.333,421.0,CPOY-2,45.0,297.0,0.507,650.0,1355.0,0.48,522.0,612.0,0.853,43.0,161.0,1897.0,11.0,90.0,135.0,340.0,0.0,7.3,14.3,0.509,0.9,2.8,0.333,5.3,CPOY-2,0.6,3.8,0.507,8.2,17.2,0.48,6.6,7.7,0.853,79.0,79.0,37.8,0.5,2.0,24.0,21.0,1.1,1.7,4.3,6.9,13.6,0.509,0.9,2.7,0.333,5.1,CPOY-2,0.5,3.6,0.507,7.8,16.3,0.48,6.3,7.4,0.853,79.0,79.0,2989.0,0.5,1.9,22.8,1.0,1.1,1.6,4.1,9.6,18.8,0.509,1.3,3.8,0.333,7.0,CPOY-2,0.8,5.0,118.0,0.507,10.8,22.6,0.48,8.7,10.2,0.853,79.0,79.0,2989.0,0.7,122.0,2.7,31.6,1.0,1.5,2.3,5.7,0.166,21.8,CPOY-2,1.5,1.8,-0.3,11.3,2.2,0.452,79.0,79.0,2989.0,2.1,1.6,7.0,19.7,1.0,1.5,7.7,6.4,0.584,25.8,2.8,9.2,0.147,CPOY-2,10,87,15,277,79,79,71,75,1044,2989,0.8,-1.2,0,45,0,52,2,1,79,36,1.0,0.0,CPOY-2,0.394,0.316,13.2,18.0,0.019,0.48,0.684,0.49,0.402,0.509,0.494,0.333,79.0,79.0,2989.0,0.282,0.853,0.182,0.25,0.23,0.834,0.172,0.166,1.0,-106.1,12.9,CPOY-2,79.0,79.0,93.0,42.0,91.0,93.0,101.0,109.0,185.0,101.0,2989.0,1.0,0.509,0.166,0.333,0.507,0.48,0.853,0.452,0.584,,,,,,,,,,,,,,,,,,,,,,,,,,,,,,,,,,,,,,,,,,,,,,,,,,,,,,,,,,,,,,,,,,,,,,,,,,,,,,,,,,,,,,,,,,,,,,,,,,,,,,,,,,,,,,,,,,,,,,,,,,,,,,,,,,,,,,,,,,,,,,,,,,,,,,,,,,,,,,,,,,,,,,,,,,,,,,,,,,,,,,,,,,,,,,,,,,,,,,,,,,,,,
bridgmi01,Mikal Bridges,https://www.basketball-reference.com/players/b/bridgmi01.html,2023-24,2024,27.0,BRK,SF,SF,2.0,SF,82.0,82.0,2854.0,344.0,702.0,0.49,220.0,592.0,0.372,299.0,,30.0,304.0,0.521,564.0,1294.0,0.436,258.0,317.0,0.814,68.0,116.0,1606.0,24.0,81.0,164.0,372.0,0.0,4.2,8.6,0.49,2.7,7.2,0.372,3.6,,0.4,3.7,0.521,6.9,15.8,0.436,3.1,3.9,0.814,82.0,82.0,34.8,0.8,1.4,19.6,54.0,1.0,2.0,4.5,4.3,8.9,0.49,2.8,7.5,0.372,3.8,,0.4,3.8,0.521,7.1,16.3,0.436,3.3,4.0,0.814,82.0,82.0,2854.0,0.9,1.5,20.3,4.0,1.0,2.1,4.7,6.0,12.2,0.49,3.8,10.3,0.372,5.2,,0.5,5.3,118.0,0.521,9.8,22.5,0.436,4.5,5.5,0.814,82.0,82.0,2854.0,1.2,112.0,2.0,27.9,4.0,1.4,2.8,6.5,0.457,16.3,,0.9,-0.4,-1.0,12.0,2.1,0.245,82.0,82.0,2854.0,0.7,2.5,2.1,14.9,4.0,1.4,10.3,7.1,0.56,24.3,1.2,4.2,0.07,,6,55,23,127,82,82,30,54,748,2854,-2.2,-3.6,1,20,1,50,28,4,82,60,5.0,1.0,,0.405,0.338,15.9,20.0,0.016,0.436,0.668,0.468,0.292,0.49,0.398,0.372,82.0,82.0,2854.0,0.494,0.882,0.165,0.158,0.056,0.543,0.163,0.457,4.0,-66.4,-56.8,,82.0,82.0,90.0,116.0,102.0,95.0,92.0,104.0,100.0,97.0,2854.0,4.0,0.49,0.457,0.372,0.521,0.436,0.814,0.245,0.56,,,,,,,,,,,,,,,,,,,,,,,,,,,,,,,,,,,,,,,,,,,,,,,,,,,,,,,,,,,,,,,,,,,,,,,,,,,,,,,,,,,,,,,,,,,,,,,,,,,,,,,,,,,,,,,,,,,,,,,,,,,,,,,,,,,,,,,,,,,,,,,,,,,,,,,,,,,,,,,,,,,,,,,,,,,,,,,,,,,,,,,,,,,,,,,,,,,,,,,,,,,,,
hartjo01,Josh Hart,https://www.basketball-reference.com/players/h/hartjo01.html,2023-24,2024,28.0,NYK,SF,SF,3.0,SF,81.0,42.0,2707.0,215.0,421.0,0.511,80.0,258.0,0.31,331.0,,23.0,547.0,0.493,295.0,679.0,0.434,91.0,115.0,0.791,128.0,171.0,761.0,152.0,75.0,118.0,675.0,6.0,2.7,5.2,0.511,1.0,3.2,0.31,4.1,,0.3,6.8,0.493,3.6,8.4,0.434,1.1,1.4,0.791,81.0,42.0,33.4,1.6,2.1,9.4,194.0,0.9,1.5,8.3,2.9,5.6,0.511,1.1,3.4,0.31,4.4,,0.3,7.3,0.493,3.9,9.0,0.434,1.2,1.5,0.791,81.0,42.0,2707.0,1.7,2.3,10.1,11.0,1.0,1.6,9.0,4.0,7.8,0.511,1.5,4.8,0.31,6.2,,0.4,10.2,113.0,0.493,5.5,12.6,0.434,1.7,2.1,0.791,81.0,42.0,2707.0,2.4,115.0,3.2,14.2,11.0,1.4,2.2,12.6,0.38,16.3,,0.8,0.0,1.4,22.8,3.6,0.169,81.0,42.0,2707.0,-1.3,5.3,2.0,11.8,11.0,1.4,13.9,14.0,0.522,13.5,1.4,5.7,0.1,,10,86,9,53,81,42,15,55,824,2707,5.5,6.5,0,28,0,69,3,11,71,28,1.0,0.0,,0.339,0.24,12.8,10.0,0.016,0.434,0.661,0.382,0.3,0.511,0.339,0.31,81.0,42.0,2707.0,0.633,0.888,0.321,0.1,0.029,0.62,0.169,0.38,11.0,-72.2,-85.3,,81.0,42.0,94.0,96.0,85.0,90.0,92.0,101.0,69.0,90.0,2707.0,11.0,0.511,0.38,0.31,0.493,0.434,0.791,0.169,0.522,,13.0,13.0,89.0,100.0,102.0,94.0,93.0,93.0,131.0,95.0,548.0,15.0,0.484,0.393,0.373,0.513,0.44,0.729,0.32,0.552,0.393,15.3,,1.7,0.9,1.5,25.2,0.2,0.32,13.0,13.0,548.0,-0.6,7.6,0.5,14.1,15.0,1.2,16.6,16.0,0.552,16.5,0.4,0.8,0.069,,3.0,15.0,0.0,21.0,13.0,13.0,6.0,14.0,146.0,548.0,-16.9,-3.9,0.0,30.0,0.0,68.0,2.0,15.0,17.0,8.0,4.2,8.7,0.484,2.1,5.6,0.373,5.6,,1.0,10.8,119.0,0.513,6.3,14.3,0.44,3.3,4.6,0.729,13.0,13.0,548.0,3.5,114.0,3.9,18.0,15.0,1.2,3.2,14.3,2.9,6.0,0.484,1.4,3.9,0.373,3.9,,0.7,7.4,0.513,4.3,9.9,0.44,2.3,3.2,0.729,13.0,13.0,548.0,2.4,2.7,12.4,15.0,0.9,2.2,9.9,3.4,7.0,0.484,1.7,4.5,0.373,4.5,,0.8,8.7,0.513,5.1,11.5,0.44,2.7,3.7,0.729,13.0,13.0,42.2,2.8,3.2,14.5,47.0,1.0,2.6,11.5,0.0,0.0,,0.25,0.271,12.4,1.0,0.007,0.44,0.567,0.25,0.25,0.484,0.368,0.373,13.0,13.0,548.0,0.568,0.864,0.4,0.053,0.027,0.607,0.127,0.393,15.0,44.0,91.0,0.484,22.0,59.0,0.373,59.0,,10.0,113.0,0.513,66.0,150.0,0.44,35.0,48.0,0.729,13.0,13.0,548.0,37.0,41.0,189.0,27.0,13.0,34.0,150.0,0.0
murrake02,Keegan Murray,https://www.basketball-reference.com/players/m/murrake02.html,2023-24,2024,23.0,SAC,SF,SF,4.0,SF,77.0,77.0,2588.0,260.0,464.0,0.56,183.0,511.0,0.358,129.0,,59.0,314.0,0.548,443.0,975.0,0.454,103.0,124.0,0.831,106.0,205.0,1172.0,70.0,79.0,64.0,420.0,0.0,3.4,6.0,0.56,2.4,6.6,0.358,1.7,,0.8,4.1,0.548,5.8,12.7,0.454,1.3,1.6,0.831,77.0,77.0,33.6,1.4,2.7,15.2,94.0,1.0,0.8,5.5,3.6,6.5,0.56,2.5,7.1,0.358,1.8,,0.8,4.4,0.548,6.2,13.6,0.454,1.4,1.7,0.831,77.0,77.0,2588.0,1.5,2.9,16.3,23.0,1.1,0.9,5.8,4.9,8.7,0.56,3.4,9.6,0.358,2.4,,1.1,5.9,116.0,0.548,8.3,18.3,0.454,1.9,2.3,0.831,77.0,77.0,2588.0,2.0,117.0,3.8,22.0,23.0,1.5,1.2,7.9,0.524,6.9,,2.1,-0.9,-0.5,13.9,2.6,0.127,77.0,77.0,2588.0,-0.4,4.5,2.6,13.3,23.0,1.5,5.9,9.1,0.569,18.1,0.8,5.2,0.096,,7,113,18,56,77,77,11,40,319,2588,2.6,2.2,0,15,0,83,2,23,31,21,1.0,0.0,,0.326,0.252,17.3,72.0,0.084,0.454,0.728,0.477,0.378,0.56,0.559,0.358,77.0,77.0,2588.0,0.746,0.978,0.139,0.112,0.076,0.476,0.149,0.524,23.0,3.3,-22.3,,77.0,77.0,103.0,133.0,98.0,100.0,96.0,106.0,52.0,98.0,2588.0,23.0,0.56,0.524,0.358,0.548,0.454,0.831,0.127,0.569,,,,,,,,,,,,,,,,,,,,,,,,,,,,,,,,,,,,,,,,,,,,,,,,,,,,,,,,,,,,,,,,,,,,,,,,,,,,,,,,,,,,,,,,,,,,,,,,,,,,,,,,,,,,,,,,,,,,,,,,,,,,,,,,,,,,,,,,,,,,,,,,,,,,,,,,,,,,,,,,,,,,,,,,,,,,,,,,,,,,,,,,,,,,,,,,,,,,,,,,,,,,,
bridgmi02,Miles Bridges,https://www.basketball-reference.com/players/b/bridgmi02.html,2023-24,2024,25.0,CHO,SF,SF,5.0,SF,69.0,67.0,2581.0,402.0,760.0,0.529,157.0,450.0,0.349,231.0,,33.0,434.0,0.527,559.0,1210.0,0.462,174.0,211.0,0.825,71.0,118.0,1449.0,35.0,65.0,138.0,505.0,0.0,5.8,11.0,0.529,2.3,6.5,0.349,3.3,,0.5,6.3,0.527,8.1,17.5,0.462,2.5,3.1,0.825,69.0,67.0,37.4,1.0,1.7,21.0,42.0,0.9,2.0,7.3,5.6,10.6,0.529,2.2,6.3,0.349,3.2,,0.5,6.1,0.527,7.8,16.9,0.462,2.4,2.9,0.825,69.0,67.0,2581.0,1.0,1.6,20.2,24.0,0.9,1.9,7.0,7.7,14.5,0.529,3.0,8.6,0.349,4.4,,0.6,8.3,120.0,0.527,10.7,23.1,0.462,3.3,4.0,0.825,69.0,67.0,2581.0,1.4,108.0,2.3,27.7,24.0,1.2,2.6,9.7,0.372,14.6,,1.2,-1.1,-1.3,19.5,1.4,0.174,69.0,67.0,2581.0,0.2,3.0,0.7,15.4,24.0,1.2,9.6,11.0,0.556,24.7,0.6,2.2,0.04,,9,67,9,111,69,67,40,64,574,2581,-3.9,-12.0,0,15,0,61,24,24,69,49,7.0,0.0,,0.341,0.196,13.6,66.0,0.058,0.462,0.696,0.343,0.347,0.529,0.424,0.349,69.0,67.0,2581.0,0.555,0.879,0.283,0.058,0.081,0.628,0.207,0.372,24.0,-47.6,-62.3,,69.0,67.0,97.0,94.0,95.0,96.0,97.0,105.0,71.0,96.0,2581.0,24.0,0.529,0.372,0.349,0.527,0.462,0.825,0.174,0.556,,,,,,,,,,,,,,,,,,,,,,,,,,,,,,,,,,,,,,,,,,,,,,,,,,,,,,,,,,,,,,,,,,,,,,,,,,,,,,,,,,,,,,,,,,,,,,,,,,,,,,,,,,,,,,,,,,,,,,,,,,,,,,,,,,,,,,,,,,,,,,,,,,,,,,,,,,,,,,,,,,,,,,,,,,,,,,,,,,,,,,,,,,,,,,,,,,,,,,,,,,,,,
portemi01,Michael Porter Jr.,https://www.basketball-reference.com/players/p/portemi01.html,2023-24,2024,25.0,DEN,SF,SF,6.0,SF,81.0,81.0,2565.0,302.0,525.0,0.575,220.0,554.0,0.397,122.0,,53.0,459.0,0.586,522.0,1079.0,0.484,92.0,110.0,0.836,106.0,148.0,1356.0,46.0,42.0,92.0,565.0,0.0,3.7,6.5,0.575,2.7,6.8,0.397,1.5,,0.7,5.7,0.586,6.4,13.3,0.484,1.1,1.4,0.836,81.0,81.0,31.7,1.3,1.8,16.7,77.0,0.5,1.1,7.0,4.2,7.4,0.575,3.1,7.8,0.397,1.7,,0.7,6.4,0.586,7.3,15.1,0.484,1.3,1.5,0.836,81.0,81.0,2565.0,1.5,2.1,19.0,27.0,0.6,1.3,7.9,5.8,10.1,0.575,4.3,10.7,0.397,2.4,,1.0,8.9,114.0,0.586,10.1,20.9,0.484,1.8,2.1,0.836,81.0,81.0,2565.0,2.0,117.0,2.9,26.2,27.0,0.8,1.8,10.9,0.513,6.7,,1.8,0.1,-1.2,19.3,3.1,0.102,81.0,81.0,2565.0,1.2,4.7,3.1,15.5,27.0,0.8,7.5,12.2,0.601,20.7,1.3,6.2,0.115,,9,88,1,52,81,81,16,39,280,2565,8.0,8.3,0,30,0,70,0,27,38,29,1.0,0.0,,0.436,0.211,17.5,49.0,0.055,0.484,0.725,0.477,0.544,0.575,0.414,0.397,81.0,81.0,2565.0,0.758,0.964,0.179,0.08,0.136,0.487,0.092,0.513,27.0,84.6,48.2,,81.0,81.0,106.0,130.0,109.0,107.0,102.0,107.0,42.0,104.0,2565.0,27.0,0.575,0.513,0.397,0.586,0.484,0.836,0.102,0.601,,12.0,12.0,99.0,141.0,111.0,106.0,98.0,98.0,73.0,103.0,443.0,28.0,0.538,0.555,0.407,0.579,0.466,0.769,0.178,0.6,0.555,4.5,,2.1,0.6,0.3,19.6,0.5,0.178,12.0,12.0,443.0,0.3,2.0,0.2,13.1,28.0,1.3,10.3,10.5,0.6,18.2,0.3,0.8,0.081,,4.0,13.0,1.0,12.0,12.0,12.0,2.0,7.0,31.0,443.0,0.1,-2.7,0.0,28.0,0.0,72.0,0.0,28.0,9.0,4.0,4.1,7.6,0.538,3.9,9.5,0.407,1.5,,1.2,8.7,112.0,0.579,8.0,17.1,0.466,2.3,3.0,0.769,12.0,12.0,443.0,0.9,110.0,3.2,22.2,28.0,1.3,2.1,9.6,2.8,5.3,0.538,2.7,6.6,0.407,1.1,,0.8,6.0,0.579,5.5,11.9,0.466,1.6,2.1,0.769,12.0,12.0,443.0,0.7,2.2,15.4,28.0,0.9,1.5,6.7,2.9,5.4,0.538,2.8,6.8,0.407,1.1,,0.8,6.2,0.579,5.7,12.2,0.466,1.7,2.2,0.769,12.0,12.0,36.9,0.7,2.3,15.8,40.0,0.9,1.5,6.8,0.0,0.0,,0.25,0.148,17.6,10.0,0.075,0.466,0.808,0.0,0.421,0.538,0.353,0.407,12.0,12.0,443.0,0.857,0.97,0.178,0.021,0.13,0.445,0.116,0.555,28.0,35.0,65.0,0.538,33.0,81.0,0.407,13.0,,10.0,74.0,0.579,68.0,146.0,0.466,20.0,26.0,0.769,12.0,12.0,443.0,8.0,27.0,189.0,28.0,11.0,18.0,82.0,0.0
brownja02,Jaylen Brown,https://www.basketball-reference.com/players/b/brownja02.html,2023-24,2024,27.0,BOS,SF,SF,7.0,SF,70.0,70.0,2343.0,482.0,846.0,0.57,145.0,410.0,0.354,249.0,AS,37.0,303.0,0.557,627.0,1256.0,0.499,211.0,300.0,0.703,84.0,185.0,1610.0,22.0,83.0,166.0,387.0,1.0,6.9,12.1,0.57,2.1,5.9,0.354,3.6,AS,0.5,4.3,0.557,9.0,17.9,0.499,3.0,4.3,0.703,70.0,70.0,33.5,1.2,2.6,23.0,27.0,1.2,2.4,5.5,7.4,13.0,0.57,2.2,6.3,0.354,3.8,AS,0.6,4.7,0.557,9.6,19.3,0.499,3.2,4.6,0.703,70.0,70.0,2343.0,1.3,2.8,24.7,50.0,1.3,2.6,5.9,10.2,17.8,0.57,3.1,8.6,0.354,5.3,AS,0.8,6.4,112.0,0.557,13.2,26.5,0.499,4.4,6.3,0.703,70.0,70.0,2343.0,1.8,113.0,3.9,34.0,50.0,1.8,3.5,8.2,0.326,16.6,AS,1.4,0.7,-0.1,13.4,3.2,0.239,70.0,70.0,2343.0,0.9,4.0,2.7,18.6,50.0,1.8,10.7,8.9,0.58,28.9,1.6,5.9,0.121,AS,27,74,10,156,70,70,46,72,619,2343,-7.7,8.2,0,2,1,68,30,50,64,61,0.0,0.0,AS,0.381,0.205,13.0,76.0,0.075,0.499,0.723,0.52,0.398,0.57,0.487,0.354,70.0,70.0,2343.0,0.429,0.634,0.247,0.119,0.07,0.674,0.237,0.326,50.0,26.1,-0.1,AS,70.0,70.0,104.0,83.0,97.0,102.0,105.0,90.0,98.0,100.0,2343.0,50.0,0.57,0.326,0.354,0.557,0.499,0.703,0.239,0.58,Finals MVP-1,19.0,19.0,111.0,82.0,89.0,104.0,109.0,84.0,124.0,102.0,707.0,6.0,0.607,0.324,0.327,0.569,0.516,0.66,0.304,0.591,0.324,15.5,Finals MVP-1,1.6,1.8,0.8,15.0,1.1,0.304,19.0,19.0,707.0,1.0,3.7,0.9,19.1,6.0,1.7,11.7,9.4,0.591,28.6,0.7,2.0,0.133,Finals MVP-1,11.0,15.0,6.0,45.0,19.0,19.0,5.0,16.0,160.0,707.0,-7.5,7.0,0.0,3.0,0.0,83.0,14.0,6.0,17.0,17.0,10.3,16.9,0.607,2.7,8.1,0.327,4.6,Finals MVP-1,0.9,6.7,109.0,0.569,12.9,25.0,0.516,5.0,7.6,0.66,19.0,19.0,707.0,1.6,112.0,3.8,33.5,6.0,1.7,3.8,8.3,7.1,11.7,0.607,1.8,5.6,0.327,3.2,Finals MVP-1,0.6,4.6,0.569,8.9,17.3,0.516,3.5,5.2,0.66,19.0,19.0,707.0,1.1,2.6,23.1,6.0,1.2,2.6,5.8,7.3,12.1,0.607,1.9,5.8,0.327,3.3,Finals MVP-1,0.6,4.8,0.569,9.2,17.8,0.516,3.6,5.4,0.66,19.0,19.0,37.2,1.2,2.7,23.9,17.0,1.2,2.7,5.9,1.0,0.0,Finals MVP-1,0.423,0.236,12.6,24.0,0.077,0.516,0.814,0.486,0.444,0.607,0.489,0.327,19.0,19.0,707.0,0.511,0.694,0.254,0.103,0.053,0.676,0.265,0.324,6.0,139.0,229.0,0.607,36.0,110.0,0.327,62.0,Finals MVP-1,12.0,91.0,0.569,175.0,339.0,0.516,68.0,103.0,0.66,19.0,19.0,707.0,22.0,51.0,454.0,4.0,23.0,51.0,113.0,0.0
wagnefr01,Franz Wagner,https://www.basketball-reference.com/players/w/wagnefr01.html,2023-24,2024,22.0,ORL,SF,SF,8.0,SF,72.0,72.0,2337.0,434.0,762.0,0.57,94.0,334.0,0.281,269.0,,28.0,309.0,0.525,528.0,1096.0,0.482,271.0,319.0,0.85,72.0,168.0,1421.0,36.0,76.0,137.0,381.0,0.0,6.0,10.6,0.57,1.3,4.6,0.281,3.7,,0.4,4.3,0.525,7.3,15.2,0.482,3.8,4.4,0.85,72.0,72.0,32.5,1.0,2.3,19.7,53.0,1.1,1.9,5.3,6.7,11.7,0.57,1.4,5.1,0.281,4.1,,0.4,4.8,0.525,8.1,16.9,0.482,4.2,4.9,0.85,72.0,72.0,2337.0,1.1,2.6,21.9,52.0,1.2,2.1,5.9,9.2,16.1,0.57,2.0,7.1,0.281,5.7,,0.6,6.5,112.0,0.525,11.2,23.2,0.482,5.7,6.8,0.85,72.0,72.0,2337.0,1.5,116.0,3.6,30.1,52.0,1.6,2.9,8.1,0.305,18.8,,1.1,1.2,0.3,15.7,3.2,0.291,72.0,72.0,2337.0,0.9,3.6,3.1,17.6,52.0,1.6,10.0,9.6,0.575,25.7,1.9,6.4,0.131,,18,74,34,143,72,72,34,77,635,2337,6.2,4.3,0,11,0,85,4,52,61,48,4.0,0.0,,0.225,0.12,11.3,65.0,0.06,0.482,0.716,0.442,0.292,0.57,0.459,0.281,72.0,72.0,2337.0,0.419,0.787,0.315,0.039,0.022,0.695,0.32,0.305,52.0,-48.0,-13.2,,72.0,72.0,104.0,77.0,77.0,96.0,102.0,108.0,119.0,99.0,2337.0,52.0,0.57,0.305,0.281,0.525,0.482,0.85,0.291,0.575,,7.0,7.0,88.0,84.0,72.0,83.0,86.0,113.0,175.0,93.0,259.0,53.0,0.478,0.33,0.265,0.451,0.408,0.886,0.427,0.539,0.33,20.9,,3.3,4.9,2.6,17.1,0.6,0.427,7.0,7.0,259.0,2.3,4.1,0.5,17.7,53.0,1.0,6.9,10.3,0.539,22.2,0.5,1.1,0.203,,1.0,10.0,1.0,21.0,7.0,7.0,4.0,9.0,76.0,259.0,3.5,6.4,0.0,1.0,0.0,85.0,14.0,53.0,1.0,5.0,6.5,13.5,0.478,1.8,6.7,0.265,6.1,,1.8,7.4,102.0,0.451,8.2,20.2,0.408,7.6,8.6,0.886,7.0,7.0,259.0,2.0,119.0,3.9,25.9,53.0,1.0,1.8,9.4,4.6,9.6,0.478,1.3,4.7,0.265,4.3,,1.3,5.3,0.451,5.8,14.3,0.408,5.4,6.1,0.886,7.0,7.0,259.0,1.4,2.8,18.3,53.0,0.7,1.3,6.7,4.7,9.9,0.478,1.3,4.9,0.265,4.4,,1.3,5.4,0.451,6.0,14.7,0.408,5.6,6.3,0.886,7.0,7.0,37.0,1.4,2.9,18.9,25.0,0.7,1.3,6.9,0.0,0.0,,0.4,0.147,12.5,0.0,0.01,0.408,0.625,0.625,0.0,0.478,0.371,0.265,7.0,7.0,259.0,0.333,0.778,0.233,0.078,0.019,0.67,0.34,0.33,53.0,33.0,69.0,0.478,9.0,34.0,0.265,31.0,,9.0,38.0,0.451,42.0,103.0,0.408,39.0,44.0,0.886,7.0,7.0,259.0,10.0,20.0,132.0,46.0,5.0,9.0,48.0,0.0
leonaka01,Kawhi Leonard,https://www.basketball-reference.com/players/l/leonaka01.html,2023-24,2024,32.0,LAC,SF,SF,9.0,SF,68.0,68.0,2330.0,470.0,826.0,0.569,140.0,336.0,0.417,244.0,"AS,NBA2",59.0,332.0,0.585,610.0,1162.0,0.525,253.0,286.0,0.885,84.0,97.0,1613.0,21.0,111.0,119.0,416.0,1.0,6.9,12.1,0.569,2.1,4.9,0.417,3.6,"AS,NBA2",0.9,4.9,0.585,9.0,17.1,0.525,3.7,4.2,0.885,68.0,68.0,34.3,1.2,1.4,23.7,25.0,1.6,1.8,6.1,7.3,12.8,0.569,2.2,5.2,0.417,3.8,"AS,NBA2",0.9,5.1,0.585,9.4,18.0,0.525,3.9,4.4,0.885,68.0,68.0,2330.0,1.3,1.5,24.9,53.0,1.7,1.8,6.4,10.0,17.5,0.569,3.0,7.1,0.417,5.2,"AS,NBA2",1.3,7.0,114.0,0.585,12.9,24.6,0.525,5.4,6.1,0.885,68.0,68.0,2330.0,1.8,124.0,2.1,34.2,53.0,2.4,2.5,8.8,0.289,16.9,"AS,NBA2",2.3,5.5,0.6,15.6,2.9,0.246,68.0,68.0,2330.0,4.8,4.2,6.0,23.2,53.0,2.4,8.5,10.1,0.626,26.5,4.4,8.9,0.184,"AS,NBA2",12,44,9,122,68,68,44,30,607,2330,11.9,8.5,2,32,0,62,5,53,53,38,0.0,0.0,"AS,NBA2",0.446,0.193,13.9,76.0,0.072,0.525,0.79,0.5,0.425,0.569,0.539,0.417,68.0,68.0,2330.0,0.451,0.657,0.168,0.246,0.097,0.711,0.2,0.289,53.0,89.9,119.1,"AS,NBA2",68.0,68.0,104.0,73.0,114.0,107.0,111.0,113.0,101.0,108.0,2330.0,53.0,0.569,0.289,0.417,0.585,0.525,0.885,0.246,0.626,,2.0,2.0,106.0,53.0,0.0,84.0,97.0,85.0,51.0,82.0,59.0,144.0,0.579,0.208,0.0,0.458,0.458,0.667,0.125,0.474,0.208,12.2,,1.7,2.6,3.1,24.7,0.1,0.125,2.0,2.0,59.0,-0.6,5.9,-0.1,14.3,144.0,3.6,13.6,15.4,0.474,22.7,0.1,0.0,0.011,,0.0,1.0,0.0,2.0,2.0,2.0,1.0,0.0,11.0,59.0,-5.2,-11.9,0.0,33.0,0.0,67.0,0.0,144.0,1.0,3.0,9.8,17.0,0.579,0.0,4.5,0.0,3.6,,0.9,11.6,109.0,0.458,9.8,21.5,0.458,1.8,2.7,0.667,2.0,2.0,59.0,2.7,94.0,2.7,21.5,144.0,3.6,3.6,14.3,6.7,11.6,0.579,0.0,3.1,0.0,2.4,,0.6,7.9,0.458,6.7,14.6,0.458,1.2,1.8,0.667,2.0,2.0,59.0,1.8,1.8,14.6,144.0,2.4,2.4,9.8,5.5,9.5,0.579,0.0,2.5,0.0,2.0,,0.5,6.5,0.458,5.5,12.0,0.458,1.0,1.5,0.667,2.0,2.0,29.5,1.5,1.5,12.0,61.0,2.0,2.0,8.0,0.0,0.0,,0.0,0.4,11.1,3.0,0.125,0.458,0.857,0.6,0.0,0.579,0.4,0.0,2.0,2.0,59.0,0.364,,0.292,0.208,0.083,0.792,0.208,0.208,144.0,11.0,19.0,0.579,0.0,5.0,0.0,4.0,,1.0,13.0,0.458,11.0,24.0,0.458,2.0,3.0,0.667,2.0,2.0,59.0,3.0,3.0,24.0,129.0,4.0,4.0,16.0,0.0
joneshe01,Herbert Jones,https://www.basketball-reference.com/players/j/joneshe01.html,2023-24,2024,25.0,NOP,SF,SF,10.0,SF,76.0,76.0,2321.0,179.0,315.0,0.568,114.0,273.0,0.418,199.0,"DPOY-5,DEF1",62.0,198.0,0.595,293.0,588.0,0.498,137.0,158.0,0.867,74.0,224.0,837.0,134.0,105.0,93.0,272.0,0.0,2.4,4.1,0.568,1.5,3.6,0.418,2.6,"DPOY-5,DEF1",0.8,2.6,0.595,3.9,7.7,0.498,1.8,2.1,0.867,76.0,76.0,30.5,1.0,2.9,11.0,158.0,1.4,1.2,3.6,2.8,4.9,0.568,1.8,4.2,0.418,3.1,"DPOY-5,DEF1",1.0,3.1,0.595,4.5,9.1,0.498,2.1,2.5,0.867,76.0,76.0,2321.0,1.1,3.5,13.0,54.0,1.6,1.4,4.2,3.8,6.7,0.568,2.4,5.8,0.418,4.2,"DPOY-5,DEF1",1.3,4.2,113.0,0.595,6.2,12.4,0.498,2.9,3.3,0.867,76.0,76.0,2321.0,1.6,124.0,4.7,17.7,54.0,2.2,2.0,5.7,0.464,11.3,"DPOY-5,DEF1",2.6,0.6,1.5,9.4,3.0,0.269,76.0,76.0,2321.0,-0.9,3.6,3.3,13.2,54.0,2.2,12.4,6.5,0.636,14.1,1.6,6.3,0.131,"DPOY-5,DEF1",16,112,20,68,76,76,11,42,469,2321,2.9,5.8,1,45,0,54,0,54,40,25,1.0,0.0,"DPOY-5,DEF1",0.479,0.527,13.8,39.0,0.07,0.498,0.705,0.231,0.417,0.568,0.389,0.418,76.0,76.0,2321.0,0.609,0.965,0.311,0.022,0.041,0.536,0.162,0.464,54.0,57.3,74.3,"DPOY-5,DEF1",76.0,76.0,104.0,118.0,114.0,109.0,105.0,111.0,110.0,110.0,2321.0,54.0,0.568,0.464,0.418,0.595,0.498,0.867,0.269,0.636,,4.0,4.0,86.0,148.0,91.0,89.0,82.0,128.0,120.0,97.0,141.0,100.0,0.471,0.585,0.333,0.488,0.39,1.0,0.293,0.562,0.585,12.1,,0.7,-0.2,1.3,11.7,0.1,0.293,4.0,4.0,141.0,-1.5,4.3,0.0,9.8,100.0,1.8,19.2,7.7,0.562,17.8,0.1,0.1,0.036,,3.0,4.0,1.0,6.0,4.0,4.0,1.0,2.0,23.0,141.0,4.7,-16.4,8.0,93.0,0.0,0.0,0.0,100.0,4.0,3.0,2.9,6.1,0.471,2.9,8.7,0.333,3.6,,0.4,5.1,114.0,0.488,5.8,14.8,0.39,4.3,4.3,1.0,4.0,4.0,141.0,2.2,102.0,5.4,18.8,100.0,1.8,4.0,7.2,2.0,4.3,0.471,2.0,6.1,0.333,2.6,,0.3,3.6,0.488,4.1,10.5,0.39,3.1,3.1,1.0,4.0,4.0,141.0,1.5,3.8,13.3,100.0,1.3,2.8,5.1,2.0,4.3,0.471,2.0,6.0,0.333,2.5,,0.3,3.5,0.488,4.0,10.3,0.39,3.0,3.0,1.0,4.0,4.0,35.3,1.5,3.8,13.0,54.0,1.3,2.8,5.0,0.0,0.0,,0.385,0.542,15.0,1.0,0.049,0.39,0.5,,,0.471,0.0,0.333,4.0,4.0,141.0,0.5,1.0,0.39,0.0,0.0,0.415,0.024,0.585,100.0,8.0,17.0,0.471,8.0,24.0,0.333,10.0,,1.0,14.0,0.488,16.0,41.0,0.39,12.0,12.0,1.0,4.0,4.0,141.0,6.0,15.0,52.0,94.0,5.0,11.0,20.0,0.0
thompkl01,Klay Thompson,https://www.basketball-reference.com/players/t/thompkl01.html,2023-24,2024,33.0,GSW,SF,SF,11.0,SF,77.0,63.0,2284.0,222.0,441.0,0.503,268.0,692.0,0.387,176.0,,35.0,219.0,0.551,490.0,1133.0,0.432,127.0,137.0,0.927,35.0,127.0,1375.0,40.0,50.0,117.0,254.0,0.0,2.9,5.7,0.503,3.5,9.0,0.387,2.3,,0.5,2.8,0.551,6.4,14.7,0.432,1.6,1.8,0.927,77.0,63.0,29.7,0.5,1.6,17.9,67.0,0.6,1.5,3.3,3.5,7.0,0.503,4.2,10.9,0.387,2.8,,0.6,3.5,0.551,7.7,17.9,0.432,2.0,2.2,0.927,77.0,63.0,2284.0,0.6,2.0,21.7,56.0,0.8,1.8,4.0,4.7,9.3,0.503,5.7,14.7,0.387,3.7,,0.7,4.6,118.0,0.551,10.4,24.0,0.432,2.7,2.9,0.927,77.0,63.0,2284.0,0.7,113.0,2.7,29.1,56.0,1.1,2.5,5.4,0.611,11.2,,1.4,-0.4,-1.5,10.2,1.7,0.121,77.0,63.0,2284.0,1.1,1.7,1.8,13.9,56.0,1.1,8.9,6.0,0.576,24.2,0.9,3.6,0.075,,15,78,2,58,77,63,15,27,404,2284,-7.6,-0.5,0,10,0,61,29,56,65,24,2.0,0.0,,0.396,0.132,20.3,2.0,0.002,0.432,0.724,0.463,0.464,0.503,0.484,0.387,77.0,63.0,2284.0,0.721,0.937,0.051,0.107,0.124,0.389,0.108,0.611,56.0,9.5,-9.2,,77.0,63.0,92.0,155.0,106.0,101.0,91.0,118.0,49.0,99.0,2284.0,56.0,0.503,0.611,0.387,0.551,0.432,0.927,0.121,0.576,,,,,,,,,,,,,,,,,,,,,,,,,,,,,,,,,,,,,,,,,,,,,,,,,,,,,,,,,,,,,,,,,,,,,,,,,,,,,,,,,,,,,,,,,,,,,,,,,,,,,,,,,,,,,,,,,,,,,,,,,,,,,,,,,,,,,,,,,,,,,,,,,,,,,,,,,,,,,,,,,,,,,,,,,,,,,,,,,,,,,,,,,,,,,,,,,,,,,,,,,,,,,
avdijde01,Deni Avdija,https://www.basketball-reference.com/players/a/avdijde01.html,2023-24,2024,23.0,WAS,SF,SF,12.0,SF,75.0,75.0,2257.0,318.0,568.0,0.56,88.0,235.0,0.374,286.0,,36.0,456.0,0.56,406.0,803.0,0.506,202.0,273.0,0.74,84.0,185.0,1102.0,80.0,60.0,160.0,540.0,0.0,4.2,7.6,0.56,1.2,3.1,0.374,3.8,,0.5,6.1,0.56,5.4,10.7,0.506,2.7,3.6,0.74,75.0,75.0,30.1,1.1,2.5,14.7,100.0,0.8,2.1,7.2,5.1,9.1,0.56,1.4,3.7,0.374,4.6,,0.6,7.3,0.56,6.5,12.8,0.506,3.2,4.4,0.74,75.0,75.0,2257.0,1.3,3.0,17.6,59.0,1.0,2.6,8.6,6.6,11.8,0.56,1.8,4.9,0.374,5.9,,0.7,9.4,119.0,0.56,8.4,16.6,0.506,4.2,5.7,0.74,75.0,75.0,2257.0,1.7,112.0,3.8,22.8,59.0,1.2,3.3,11.2,0.293,17.8,,1.3,-0.9,-0.2,22.1,1.5,0.34,75.0,75.0,2257.0,-0.7,3.9,1.7,14.9,59.0,1.2,14.8,12.8,0.597,20.2,0.6,3.2,0.068,,18,93,12,144,75,75,45,76,672,2257,6.9,-6.3,4,43,0,53,0,59,87,45,3.0,0.0,,0.484,0.272,10.9,42.0,0.057,0.506,0.737,0.171,0.458,0.56,0.427,0.374,75.0,75.0,2257.0,0.569,0.852,0.336,0.044,0.03,0.707,0.298,0.293,59.0,22.3,31.2,,75.0,75.0,103.0,74.0,102.0,103.0,107.0,94.0,139.0,103.0,2257.0,59.0,0.56,0.293,0.374,0.56,0.506,0.74,0.34,0.597,,,,,,,,,,,,,,,,,,,,,,,,,,,,,,,,,,,,,,,,,,,,,,,,,,,,,,,,,,,,,,,,,,,,,,,,,,,,,,,,,,,,,,,,,,,,,,,,,,,,,,,,,,,,,,,,,,,,,,,,,,,,,,,,,,,,,,,,,,,,,,,,,,,,,,,,,,,,,,,,,,,,,,,,,,,,,,,,,,,,,,,,,,,,,,,,,,,,,,,,,,,,,
dortlu01,Luguentz Dort,https://www.basketball-reference.com/players/d/dortlu01.html,2023-24,2024,24.0,OKC,SF,SF,13.0,SF,79.0,79.0,2246.0,132.0,261.0,0.506,156.0,396.0,0.394,113.0,,47.0,210.0,0.557,288.0,657.0,0.438,128.0,155.0,0.826,74.0,228.0,860.0,126.0,72.0,74.0,284.0,0.0,1.7,3.3,0.506,2.0,5.0,0.394,1.4,,0.6,2.7,0.557,3.6,8.3,0.438,1.6,2.0,0.826,79.0,79.0,28.4,0.9,2.9,10.9,160.0,0.9,0.9,3.6,2.1,4.2,0.506,2.5,6.3,0.394,1.8,,0.8,3.4,0.557,4.6,10.5,0.438,2.1,2.5,0.826,79.0,79.0,2246.0,1.2,3.7,13.8,61.0,1.2,1.2,4.6,2.8,5.6,0.506,3.3,8.5,0.394,2.4,,1.0,4.5,114.0,0.557,6.2,14.1,0.438,2.7,3.3,0.826,79.0,79.0,2246.0,1.6,117.0,4.9,18.4,61.0,1.5,1.6,6.1,0.603,6.3,,1.9,-1.6,-0.2,10.0,2.5,0.236,79.0,79.0,2246.0,-1.4,3.8,2.0,11.1,61.0,1.5,9.3,7.0,0.593,15.4,0.2,4.6,0.097,,15,105,56,73,79,79,14,31,275,2246,1.7,8.7,0,23,0,70,7,61,29,22,0.0,0.0,,0.409,0.278,17.4,23.0,0.041,0.438,0.612,0.424,0.308,0.506,0.397,0.394,79.0,79.0,2246.0,0.636,0.994,0.212,0.05,0.04,0.397,0.096,0.603,61.0,13.9,18.8,,79.0,79.0,93.0,153.0,108.0,102.0,92.0,105.0,97.0,102.0,2246.0,61.0,0.506,0.603,0.394,0.557,0.438,0.826,0.236,0.593,,10.0,10.0,54.0,178.0,107.0,91.0,76.0,107.0,85.0,93.0,350.0,41.0,0.296,0.703,0.391,0.5,0.363,0.842,0.209,0.538,0.703,7.9,,0.5,-0.5,1.3,8.2,0.6,0.209,10.0,10.0,350.0,-1.8,6.2,0.2,9.6,41.0,1.9,10.0,7.3,0.538,14.4,0.1,0.8,0.111,,1.0,16.0,11.0,8.0,10.0,10.0,1.0,7.0,49.0,350.0,-5.2,4.6,0.0,10.0,0.0,83.0,6.0,41.0,5.0,3.0,1.2,3.9,0.296,3.6,9.3,0.391,2.9,,0.3,3.9,108.0,0.5,4.8,13.2,0.363,2.3,2.8,0.842,10.0,10.0,350.0,2.8,112.0,6.1,15.6,41.0,1.9,1.6,6.7,0.8,2.8,0.296,2.6,6.6,0.391,2.1,,0.2,2.8,0.5,3.4,9.4,0.363,1.6,2.0,0.842,10.0,10.0,350.0,2.0,4.3,11.0,41.0,1.3,1.1,4.7,0.8,2.7,0.296,2.5,6.4,0.391,2.0,,0.2,2.7,0.5,3.3,9.1,0.363,1.6,1.9,0.842,10.0,10.0,35.0,1.9,4.2,10.7,69.0,1.3,1.1,4.6,0.0,0.0,,0.333,0.281,18.6,3.0,0.033,0.363,0.389,0.0,1.0,0.296,0.0,0.391,10.0,10.0,350.0,0.75,1.0,0.198,0.022,0.011,0.297,0.066,0.703,41.0,8.0,27.0,0.296,25.0,64.0,0.391,20.0,,2.0,27.0,0.5,33.0,91.0,0.363,16.0,19.0,0.842,10.0,10.0,350.0,19.0,42.0,107.0,58.0,13.0,11.0,46.0,0.0
strusma01,Max Strus,https://www.basketball-reference.com/players/s/strusma01.html,2023-24,2024,27.0,CLE,SF,SF,14.0,SF,70.0,70.0,2239.0,136.0,249.0,0.546,168.0,479.0,0.351,283.0,,29.0,272.0,0.533,304.0,728.0,0.418,77.0,97.0,0.794,66.0,170.0,853.0,129.0,64.0,112.0,338.0,1.0,1.9,3.6,0.546,2.4,6.8,0.351,4.0,,0.4,3.9,0.533,4.3,10.4,0.418,1.1,1.4,0.794,70.0,70.0,32.0,0.9,2.4,12.2,137.0,0.9,1.6,4.8,2.2,4.0,0.546,2.7,7.7,0.351,4.6,,0.5,4.4,0.533,4.9,11.7,0.418,1.2,1.6,0.794,70.0,70.0,2239.0,1.1,2.7,13.7,62.0,1.0,1.8,5.4,3.0,5.5,0.546,3.7,10.6,0.351,6.2,,0.6,6.0,114.0,0.533,6.7,16.1,0.418,1.7,2.1,0.794,70.0,70.0,2239.0,1.5,112.0,3.8,18.8,62.0,1.4,2.5,7.5,0.658,17.3,,1.2,-0.6,0.5,13.5,2.6,0.133,70.0,70.0,2239.0,-1.1,3.4,1.2,11.7,62.0,1.4,12.7,8.5,0.553,17.4,0.8,3.9,0.083,,9,88,19,36,70,70,9,42,656,2239,6.8,5.6,0,5,2,60,34,62,58,26,3.0,1.0,,0.336,0.23,18.3,22.0,0.036,0.418,0.607,0.667,0.429,0.546,0.351,0.351,70.0,70.0,2239.0,0.684,0.964,0.238,0.016,0.01,0.342,0.078,0.658,62.0,-19.8,-41.0,,70.0,70.0,100.0,167.0,96.0,98.0,88.0,101.0,55.0,95.0,2239.0,62.0,0.546,0.658,0.351,0.533,0.418,0.794,0.133,0.553,,12.0,12.0,101.0,177.0,95.0,97.0,86.0,128.0,20.0,93.0,434.0,29.0,0.548,0.699,0.347,0.529,0.408,1.0,0.049,0.542,0.699,11.8,,0.0,-1.9,0.6,14.7,0.4,0.049,12.0,12.0,434.0,-2.5,2.1,0.0,8.1,29.0,1.1,12.5,8.5,0.542,12.9,0.0,0.5,0.051,,2.0,20.0,3.0,1.0,12.0,12.0,0.0,5.0,81.0,434.0,8.6,-4.9,0.0,9.0,0.0,80.0,10.0,29.0,7.0,3.0,2.0,3.7,0.548,3.0,8.6,0.347,4.2,,0.0,6.7,114.0,0.529,5.0,12.3,0.408,0.6,0.6,1.0,12.0,12.0,434.0,1.0,106.0,4.9,13.6,29.0,1.1,1.8,7.6,1.4,2.6,0.548,2.1,6.0,0.347,2.9,,0.0,4.6,0.529,3.5,8.5,0.408,0.4,0.4,1.0,12.0,12.0,434.0,0.7,3.4,9.5,29.0,0.7,1.2,5.3,1.4,2.6,0.548,2.1,6.0,0.347,2.9,,0.0,4.7,0.529,3.5,8.6,0.408,0.4,0.4,1.0,12.0,12.0,36.2,0.7,3.4,9.5,72.0,0.8,1.3,5.3,0.0,0.0,,0.417,0.167,19.3,2.0,0.019,0.408,0.55,0.0,0.0,0.548,0.75,0.347,12.0,12.0,434.0,0.824,0.96,0.194,0.019,0.01,0.301,0.078,0.699,29.0,17.0,31.0,0.548,25.0,72.0,0.347,35.0,,0.0,56.0,0.529,42.0,103.0,0.408,5.0,5.0,1.0,12.0,12.0,434.0,8.0,41.0,114.0,52.0,9.0,15.0,64.0,0.0
brookdi01,Dillon Brooks,https://www.basketball-reference.com/players/b/brookdi01.html,2023-24,2024,28.0,HOU,SF,SF,15.0,SF,72.0,72.0,2227.0,196.0,398.0,0.492,133.0,370.0,0.359,119.0,,10.0,193.0,0.515,329.0,768.0,0.428,124.0,147.0,0.844,53.0,241.0,915.0,112.0,64.0,88.0,246.0,0.0,2.7,5.5,0.492,1.8,5.1,0.359,1.7,,0.1,2.7,0.515,4.6,10.7,0.428,1.7,2.0,0.844,72.0,72.0,30.9,0.7,3.3,12.7,126.0,0.9,1.2,3.4,3.2,6.4,0.492,2.1,6.0,0.359,1.9,,0.2,3.1,0.515,5.3,12.4,0.428,2.0,2.4,0.844,72.0,72.0,2227.0,0.9,3.9,14.8,63.0,1.0,1.4,4.0,4.3,8.7,0.492,2.9,8.1,0.359,2.6,,0.2,4.2,116.0,0.515,7.2,16.7,0.428,2.7,3.2,0.844,72.0,72.0,2227.0,1.2,109.0,5.2,19.9,63.0,1.4,1.9,5.4,0.482,7.5,,0.4,-3.6,-0.3,9.4,2.1,0.191,72.0,72.0,2227.0,-3.3,2.5,0.6,9.4,63.0,1.4,9.6,5.9,0.549,17.6,-0.9,2.7,0.058,,10,124,23,69,72,72,11,31,285,2227,-2.9,-0.1,0,9,1,73,17,63,41,29,2.0,0.0,,0.421,0.154,15.7,14.0,0.021,0.428,0.707,0.422,0.462,0.492,0.36,0.359,72.0,72.0,2227.0,0.587,0.962,0.173,0.083,0.034,0.518,0.228,0.482,63.0,-48.5,-50.9,,72.0,72.0,90.0,122.0,98.0,94.0,90.0,108.0,78.0,95.0,2227.0,63.0,0.492,0.482,0.359,0.515,0.428,0.844,0.191,0.549,,,,,,,,,,,,,,,,,,,,,,,,,,,,,,,,,,,,,,,,,,,,,,,,,,,,,,,,,,,,,,,,,,,,,,,,,,,,,,,,,,,,,,,,,,,,,,,,,,,,,,,,,,,,,,,,,,,,,,,,,,,,,,,,,,,,,,,,,,,,,,,,,,,,,,,,,,,,,,,,,,,,,,,,,,,,,,,,,,,,,,,,,,,,,,,,,,,,,,,,,,,,,
hardati02,Tim Hardaway Jr.,https://www.basketball-reference.com/players/h/hardati02.html,2023-24,2024,31.0,DAL,SF,SF,16.0,SF,79.0,12.0,2120.0,181.0,379.0,0.478,211.0,597.0,0.353,139.0,6MOY-9,6.0,232.0,0.51,392.0,976.0,0.402,144.0,169.0,0.852,22.0,106.0,1139.0,74.0,42.0,69.0,254.0,0.0,2.3,4.8,0.478,2.7,7.6,0.353,1.8,6MOY-9,0.1,2.9,0.51,5.0,12.4,0.402,1.8,2.1,0.852,79.0,12.0,26.8,0.3,1.3,14.4,104.0,0.5,0.9,3.2,3.1,6.4,0.478,3.6,10.1,0.353,2.4,6MOY-9,0.1,3.9,0.51,6.7,16.6,0.402,2.4,2.9,0.852,79.0,12.0,2120.0,0.4,1.8,19.3,78.0,0.7,1.2,4.3,4.1,8.6,0.478,4.8,13.5,0.353,3.1,6MOY-9,0.1,5.3,119.0,0.51,8.9,22.1,0.402,3.3,3.8,0.852,79.0,12.0,2120.0,0.5,109.0,2.4,25.8,78.0,1.0,1.6,5.7,0.612,9.2,6MOY-9,0.2,-2.9,-2.1,11.9,1.4,0.173,79.0,12.0,2120.0,-0.8,1.1,0.8,12.1,78.0,1.0,6.2,6.5,0.542,22.6,-0.5,2.2,0.05,6MOY-9,6,46,35,69,79,12,21,33,336,2120,-5.4,-0.3,0,18,0,69,13,78,33,24,3.0,0.0,6MOY-9,0.391,0.253,19.7,15.0,0.016,0.402,0.725,0.45,0.379,0.478,0.365,0.353,79.0,12.0,2120.0,0.685,0.858,0.093,0.102,0.106,0.388,0.087,0.612,78.0,-71.8,-79.4,6MOY-9,79.0,12.0,88.0,155.0,97.0,93.0,85.0,109.0,71.0,93.0,2120.0,78.0,0.478,0.612,0.353,0.51,0.402,0.852,0.173,0.542,,14.0,0.0,79.0,162.0,96.0,90.0,80.0,64.0,56.0,85.0,178.0,79.0,0.429,0.638,0.351,0.491,0.379,0.5,0.138,0.496,0.638,4.1,,0.5,-1.7,0.4,14.7,0.2,0.138,14.0,0.0,178.0,-2.1,1.3,0.0,9.1,79.0,1.5,3.1,8.0,0.496,16.2,0.0,0.2,0.056,,0.0,6.0,0.0,4.0,14.0,0.0,1.0,3.0,11.0,178.0,-15.5,-9.1,0.0,10.0,0.0,81.0,8.0,79.0,1.0,1.0,2.6,6.1,0.429,3.8,10.8,0.351,1.5,,0.3,6.7,113.0,0.491,6.4,16.9,0.379,1.2,2.3,0.5,14.0,0.0,178.0,0.6,106.0,2.9,17.8,79.0,1.5,0.6,7.3,1.8,4.2,0.429,2.6,7.5,0.351,1.0,,0.2,4.7,0.491,4.4,11.7,0.379,0.8,1.6,0.5,14.0,0.0,178.0,0.4,2.0,12.3,79.0,1.0,0.4,5.1,0.6,1.5,0.429,0.9,2.6,0.351,0.4,,0.1,1.6,0.491,1.6,4.1,0.379,0.3,0.6,0.5,14.0,0.0,12.7,0.1,0.7,4.4,121.0,0.4,0.1,1.8,0.0,0.0,,0.333,0.324,19.5,0.0,0.0,0.379,0.75,0.5,0.0,0.429,0.5,0.351,14.0,0.0,178.0,0.889,0.769,0.069,0.103,0.086,0.362,0.103,0.638,79.0,9.0,21.0,0.429,13.0,37.0,0.351,5.0,,1.0,23.0,0.491,22.0,58.0,0.379,4.0,8.0,0.5,14.0,0.0,178.0,2.0,10.0,61.0,84.0,5.0,2.0,25.0,0.0
jaqueja01,Jaime Jaquez Jr.,https://www.basketball-reference.com/players/j/jaqueja01.html,2023-24,2024,22.0,MIA,SF,SF,17.0,SF,75.0,20.0,2113.0,276.0,495.0,0.558,65.0,202.0,0.322,195.0,"ROY-4,6MOY-9",20.0,203.0,0.536,341.0,697.0,0.489,142.0,175.0,0.811,82.0,167.0,889.0,116.0,77.0,110.0,285.0,0.0,3.7,6.6,0.558,0.9,2.7,0.322,2.6,"ROY-4,6MOY-9",0.3,2.7,0.536,4.5,9.3,0.489,1.9,2.3,0.811,75.0,20.0,28.2,1.1,2.2,11.9,141.0,1.0,1.5,3.8,4.7,8.4,0.558,1.1,3.4,0.322,3.3,"ROY-4,6MOY-9",0.3,3.5,0.536,5.8,11.9,0.489,2.4,3.0,0.811,75.0,20.0,2113.0,1.4,2.8,15.1,80.0,1.3,1.9,4.9,6.5,11.7,0.558,1.5,4.8,0.322,4.6,"ROY-4,6MOY-9",0.5,4.8,113.0,0.536,8.1,16.5,0.489,3.4,4.1,0.811,75.0,20.0,2113.0,1.9,112.0,3.9,21.0,80.0,1.8,2.6,6.7,0.29,13.9,"ROY-4,6MOY-9",0.9,-1.9,0.3,11.0,2.7,0.251,75.0,20.0,2113.0,-2.2,4.4,1.4,12.9,80.0,1.8,12.4,7.6,0.574,18.7,0.1,4.0,0.092,"ROY-4,6MOY-9",7,100,7,86,75,20,20,63,469,2113,3.0,3.4,0,9,4,51,37,80,61,29,4.0,0.0,"ROY-4,6MOY-9",0.32,0.51,10.9,29.0,0.05,0.489,0.668,0.438,0.231,0.558,0.506,0.322,75.0,20.0,2113.0,0.533,0.969,0.286,0.069,0.019,0.71,0.337,0.29,80.0,-14.9,-8.8,"ROY-4,6MOY-9",75.0,20.0,102.0,73.0,88.0,98.0,103.0,103.0,103.0,99.0,2113.0,80.0,0.558,0.29,0.322,0.536,0.489,0.811,0.251,0.574,,4.0,4.0,85.0,63.0,63.0,79.0,85.0,109.0,55.0,80.0,123.0,111.0,0.462,0.25,0.231,0.433,0.404,0.857,0.135,0.463,0.25,17.1,,1.8,-3.9,-0.2,10.8,0.1,0.135,4.0,4.0,123.0,-3.7,1.8,-0.3,9.8,111.0,1.3,11.3,6.2,0.463,24.7,-0.1,-0.2,-0.079,,1.0,4.0,0.0,4.0,4.0,4.0,1.0,7.0,30.0,123.0,9.5,-11.1,0.0,8.0,0.0,71.0,22.0,111.0,5.0,1.0,7.7,16.8,0.462,1.3,5.6,0.231,5.2,,0.9,4.7,119.0,0.433,9.0,22.4,0.404,2.6,3.0,0.857,4.0,4.0,123.0,0.9,90.0,2.6,21.9,111.0,1.3,3.0,5.6,5.3,11.4,0.462,0.9,3.8,0.231,3.5,,0.6,3.2,0.433,6.1,15.2,0.404,1.8,2.0,0.857,4.0,4.0,123.0,0.6,1.8,14.9,111.0,0.9,2.0,3.8,4.5,9.8,0.462,0.8,3.3,0.231,3.0,,0.5,2.8,0.433,5.3,13.0,0.404,1.5,1.8,0.857,4.0,4.0,30.8,0.5,1.5,12.8,56.0,0.8,1.8,3.3,0.0,0.0,,0.0,0.231,11.5,1.0,0.038,0.404,0.8,0.3,,0.462,0.368,0.231,4.0,4.0,123.0,0.556,1.0,0.192,0.192,0.0,0.75,0.365,0.25,111.0,18.0,39.0,0.462,3.0,13.0,0.231,12.0,,2.0,11.0,0.433,21.0,52.0,0.404,6.0,7.0,0.857,4.0,4.0,123.0,2.0,6.0,51.0,95.0,3.0,7.0,13.0,0.0
princta02,Taurean Prince,https://www.basketball-reference.com/players/p/princta02.html,2023-24,2024,29.0,LAL,PF,SF,18.0,SF,78.0,49.0,2108.0,112.0,216.0,0.519,141.0,356.0,0.396,119.0,,35.0,209.0,0.566,253.0,572.0,0.442,50.0,68.0,0.735,21.0,146.0,697.0,162.0,58.0,73.0,230.0,0.0,1.4,2.8,0.519,1.8,4.6,0.396,1.5,,0.4,2.7,0.566,3.2,7.3,0.442,0.6,0.9,0.735,78.0,49.0,27.0,0.3,1.9,8.9,204.0,0.7,0.9,2.9,1.9,3.7,0.519,2.4,6.1,0.396,2.0,,0.6,3.6,0.566,4.3,9.8,0.442,0.9,1.2,0.735,78.0,49.0,2108.0,0.4,2.5,11.9,81.0,1.0,1.2,3.9,2.5,4.9,0.519,3.2,8.0,0.396,2.7,,0.8,4.7,118.0,0.566,5.7,12.9,0.442,1.1,1.5,0.735,78.0,49.0,2108.0,0.5,108.0,3.3,15.7,81.0,1.3,1.6,5.2,0.622,7.2,,1.4,-2.8,-0.2,10.5,1.7,0.119,78.0,49.0,2108.0,-2.6,1.2,0.3,8.8,81.0,1.3,10.8,6.1,0.579,13.8,-0.4,1.9,0.043,,3,84,21,30,78,49,9,28,277,2108,-6.7,-2.7,0,9,1,70,20,81,42,18,3.0,0.0,,0.363,0.41,17.8,7.0,0.014,0.442,0.699,0.441,0.308,0.519,0.438,0.396,78.0,49.0,2108.0,0.866,0.943,0.128,0.059,0.023,0.378,0.168,0.622,81.0,21.8,-1.2,,78.0,49.0,95.0,158.0,108.0,103.0,93.0,94.0,49.0,100.0,2108.0,81.0,0.519,0.622,0.396,0.566,0.442,0.735,0.119,0.579,,5.0,0.0,107.0,148.0,80.0,91.0,87.0,128.0,113.0,98.0,111.0,119.0,0.583,0.586,0.294,0.5,0.414,1.0,0.276,0.569,0.586,3.6,,1.5,-1.5,0.6,10.7,0.1,0.276,5.0,0.0,111.0,-2.0,1.0,0.1,9.5,119.0,0.5,3.0,6.0,0.569,14.0,0.0,0.2,0.07,,0.0,5.0,0.0,3.0,5.0,0.0,0.0,1.0,8.0,111.0,0.5,-1.3,0.0,12.0,0.0,87.0,0.0,119.0,1.0,0.0,3.2,5.4,0.583,2.3,7.7,0.294,1.4,,0.9,5.0,117.0,0.5,5.4,13.2,0.414,3.6,3.6,1.0,5.0,0.0,111.0,0.5,116.0,4.1,16.8,119.0,0.5,0.5,5.4,2.3,3.9,0.583,1.6,5.5,0.294,1.0,,0.6,3.6,0.5,3.9,9.4,0.414,2.6,2.6,1.0,5.0,0.0,111.0,0.3,2.9,12.0,119.0,0.3,0.3,3.9,1.4,2.4,0.583,1.0,3.4,0.294,0.6,,0.4,2.2,0.5,2.4,5.8,0.414,1.6,1.6,1.0,5.0,0.0,22.2,0.2,1.8,7.4,91.0,0.2,0.2,2.4,0.0,0.0,,0.333,0.353,17.4,0.0,0.0,0.414,0.75,0.0,,0.583,0.667,0.294,5.0,0.0,111.0,0.857,0.8,0.138,0.069,0.0,0.414,0.207,0.586,119.0,7.0,12.0,0.583,5.0,17.0,0.294,3.0,,2.0,11.0,0.5,12.0,29.0,0.414,8.0,8.0,1.0,5.0,0.0,111.0,1.0,9.0,37.0,113.0,1.0,1.0,12.0,0.0
mcdanja02,Jaden McDaniels,https://www.basketball-reference.com/players/m/mcdanja02.html,2023-24,2024,23.0,MIN,SF,SF,19.0,SF,72.0,71.0,2105.0,221.0,373.0,0.592,86.0,255.0,0.337,101.0,DEF2,42.0,168.0,0.557,307.0,628.0,0.489,57.0,79.0,0.722,56.0,219.0,757.0,153.0,63.0,87.0,224.0,0.0,3.1,5.2,0.592,1.2,3.5,0.337,1.4,DEF2,0.6,2.3,0.557,4.3,8.7,0.489,0.8,1.1,0.722,72.0,71.0,29.2,0.8,3.0,10.5,169.0,0.9,1.2,3.1,3.8,6.4,0.592,1.5,4.4,0.337,1.7,DEF2,0.7,2.9,0.557,5.3,10.7,0.489,1.0,1.4,0.722,72.0,71.0,2105.0,1.0,3.7,12.9,83.0,1.1,1.5,3.8,5.2,8.8,0.592,2.0,6.0,0.337,2.4,DEF2,1.0,3.9,112.0,0.557,7.2,14.7,0.489,1.3,1.9,0.722,72.0,71.0,2105.0,1.3,108.0,5.1,17.8,83.0,1.5,2.0,5.3,0.406,6.8,DEF2,1.8,-2.6,0.7,8.7,3.1,0.126,72.0,71.0,2105.0,-3.3,3.2,0.3,9.4,83.0,1.5,11.6,6.0,0.571,15.7,-0.3,3.4,0.077,DEF2,3,109,13,40,72,71,14,28,244,2105,-5.6,3.9,0,9,0,84,7,83,38,28,2.0,0.0,DEF2,0.361,0.608,13.6,49.0,0.092,0.489,0.783,0.507,0.263,0.592,0.497,0.337,72.0,71.0,2105.0,0.62,0.988,0.22,0.107,0.03,0.594,0.237,0.406,83.0,13.6,-11.8,DEF2,72.0,71.0,109.0,103.0,92.0,102.0,103.0,92.0,51.0,98.0,2105.0,83.0,0.592,0.406,0.337,0.557,0.489,0.722,0.126,0.571,,16.0,16.0,105.0,101.0,117.0,110.0,108.0,98.0,102.0,108.0,537.0,16.0,0.571,0.4,0.429,0.6,0.514,0.771,0.25,0.627,0.4,5.0,,3.2,1.6,2.0,7.3,0.5,0.25,16.0,16.0,537.0,-0.4,6.2,0.8,13.1,16.0,1.4,9.9,6.7,0.627,14.6,0.5,1.4,0.121,,3.0,20.0,3.0,16.0,16.0,16.0,4.0,8.0,43.0,537.0,9.0,7.3,0.0,6.0,0.0,85.0,9.0,16.0,6.0,5.0,4.7,8.2,0.571,2.3,5.5,0.429,1.8,,1.8,3.2,114.0,0.6,7.0,13.6,0.514,2.6,3.4,0.771,16.0,16.0,537.0,2.7,123.0,5.3,19.0,16.0,1.4,1.7,5.9,3.2,5.6,0.571,1.6,3.8,0.429,1.2,,1.2,2.2,0.6,4.8,9.4,0.514,1.8,2.3,0.771,16.0,16.0,537.0,1.9,3.6,13.1,16.0,0.9,1.1,4.1,3.0,5.3,0.571,1.5,3.5,0.429,1.1,,1.1,2.1,0.6,4.5,8.8,0.514,1.7,2.2,0.771,16.0,16.0,33.6,1.8,3.4,12.2,59.0,0.9,1.1,3.8,0.0,0.0,,0.432,0.661,12.6,18.0,0.129,0.514,0.721,0.5,0.167,0.571,0.444,0.429,16.0,16.0,537.0,0.646,1.0,0.307,0.057,0.043,0.6,0.193,0.4,16.0,48.0,84.0,0.571,24.0,56.0,0.429,18.0,,18.0,33.0,0.6,72.0,140.0,0.514,27.0,35.0,0.771,16.0,16.0,537.0,28.0,54.0,195.0,24.0,14.0,17.0,61.0,0.0
barnesc01,Scottie Barnes,https://www.basketball-reference.com/players/b/barnesc01.html,2023-24,2024,22.0,TOR,SG,SF,20.0,SF,60.0,60.0,2094.0,346.0,646.0,0.536,101.0,296.0,0.341,363.0,AS,88.0,353.0,0.528,447.0,942.0,0.475,196.0,251.0,0.781,141.0,118.0,1191.0,67.0,75.0,165.0,494.0,4.0,5.8,10.8,0.536,1.7,4.9,0.341,6.1,AS,1.5,5.9,0.528,7.5,15.7,0.475,3.3,4.2,0.781,60.0,60.0,34.9,2.4,2.0,19.9,51.0,1.3,2.8,8.2,5.9,11.1,0.536,1.7,5.1,0.341,6.2,AS,1.5,6.1,0.528,7.7,16.2,0.475,3.4,4.3,0.781,60.0,60.0,2094.0,2.4,2.0,20.5,85.0,1.3,2.8,8.5,8.0,14.9,0.536,2.3,6.8,0.341,8.4,AS,2.0,8.1,116.0,0.528,10.3,21.7,0.475,4.5,5.8,0.781,60.0,60.0,2094.0,3.3,114.0,2.7,27.5,85.0,1.7,3.8,11.4,0.314,26.2,AS,3.7,3.7,0.8,18.9,2.0,0.266,60.0,60.0,2094.0,2.9,7.3,2.3,19.5,85.0,1.7,13.6,13.0,0.566,24.8,3.0,4.3,0.098,AS,16,40,16,111,60,60,30,48,865,2094,7.0,-3.1,2,33,0,33,31,85,104,31,1.0,0.0,AS,0.364,0.149,12.4,73.0,0.084,0.475,0.733,0.297,0.446,0.536,0.429,0.341,60.0,60.0,2094.0,0.462,0.911,0.271,0.079,0.069,0.686,0.268,0.314,85.0,-34.7,-29.8,AS,60.0,60.0,98.0,80.0,93.0,97.0,100.0,100.0,109.0,98.0,2094.0,85.0,0.536,0.314,0.341,0.528,0.475,0.781,0.266,0.566,,,,,,,,,,,,,,,,,,,,,,,,,,,,,,,,,,,,,,,,,,,,,,,,,,,,,,,,,,,,,,,,,,,,,,,,,,,,,,,,,,,,,,,,,,,,,,,,,,,,,,,,,,,,,,,,,,,,,,,,,,,,,,,,,,,,,,,,,,,,,,,,,,,,,,,,,,,,,,,,,,,,,,,,,,,,,,,,,,,,,,,,,,,,,,,,,,,,,,,,,,,,,
kispeco01,Corey Kispert,https://www.basketball-reference.com/players/k/kispeco01.html,2023-24,2024,24.0,WAS,SF,SF,21.0,SF,80.0,22.0,2067.0,202.0,314.0,0.643,184.0,480.0,0.383,156.0,,16.0,195.0,0.602,386.0,794.0,0.486,114.0,157.0,0.726,30.0,141.0,1070.0,84.0,41.0,98.0,225.0,0.0,2.5,3.9,0.643,2.3,6.0,0.383,2.0,,0.2,2.4,0.602,4.8,9.9,0.486,1.4,2.0,0.726,80.0,22.0,25.8,0.4,1.8,13.4,120.0,0.5,1.2,2.8,3.5,5.5,0.643,3.2,8.4,0.383,2.7,,0.3,3.4,0.602,6.7,13.8,0.486,2.0,2.7,0.726,80.0,22.0,2067.0,0.5,2.5,18.6,91.0,0.7,1.7,3.9,4.6,7.1,0.643,4.2,10.9,0.383,3.5,,0.4,4.4,123.0,0.602,8.7,18.0,0.486,2.6,3.6,0.726,80.0,22.0,2067.0,0.7,114.0,3.2,24.2,91.0,0.9,2.2,5.1,0.605,10.7,,0.6,-2.1,-2.0,10.3,0.4,0.198,80.0,22.0,2067.0,-0.2,1.5,1.7,12.8,91.0,0.9,10.2,5.8,0.62,19.6,-0.1,2.1,0.048,,12,83,6,75,80,22,26,48,371,2067,-3.4,-10.9,0,16,0,66,18,91,28,40,2.0,0.0,,0.379,0.215,17.7,18.0,0.03,0.486,0.78,0.4,0.571,0.643,0.525,0.383,80.0,22.0,2067.0,0.752,0.967,0.2,0.038,0.009,0.395,0.149,0.605,91.0,88.1,68.8,,80.0,22.0,118.0,153.0,105.0,110.0,102.0,93.0,81.0,107.0,2067.0,91.0,0.643,0.605,0.383,0.602,0.486,0.726,0.198,0.62,,,,,,,,,,,,,,,,,,,,,,,,,,,,,,,,,,,,,,,,,,,,,,,,,,,,,,,,,,,,,,,,,,,,,,,,,,,,,,,,,,,,,,,,,,,,,,,,,,,,,,,,,,,,,,,,,,,,,,,,,,,,,,,,,,,,,,,,,,,,,,,,,,,,,,,,,,,,,,,,,,,,,,,,,,,,,,,,,,,,,,,,,,,,,,,,,,,,,,,,,,,,,
beysa01,Saddiq Bey,https://www.basketball-reference.com/players/b/beysa01.html,2023-24,2024,24.0,ATL,SF,SF,22.0,SF,63.0,51.0,2062.0,177.0,339.0,0.522,113.0,358.0,0.316,92.0,,11.0,244.0,0.497,290.0,697.0,0.416,170.0,203.0,0.837,167.0,88.0,863.0,124.0,51.0,54.0,411.0,0.0,2.8,5.4,0.522,1.8,5.7,0.316,1.5,,0.2,3.9,0.497,4.6,11.1,0.416,2.7,3.2,0.837,63.0,51.0,32.7,2.7,1.4,13.7,113.0,0.8,0.9,6.5,3.1,5.9,0.522,2.0,6.3,0.316,1.6,,0.2,4.3,0.497,5.1,12.2,0.416,3.0,3.5,0.837,63.0,51.0,2062.0,2.9,1.5,15.1,92.0,0.9,0.9,7.2,4.1,7.9,0.522,2.6,8.3,0.316,2.1,,0.3,5.7,121.0,0.497,6.7,16.2,0.416,4.0,4.7,0.837,63.0,51.0,2062.0,3.9,120.0,2.0,20.1,92.0,1.2,1.3,9.6,0.514,6.0,,0.5,-1.8,-2.0,13.4,0.7,0.291,63.0,51.0,2062.0,0.1,8.5,2.8,13.1,92.0,1.2,6.4,10.9,0.549,17.0,0.1,3.5,0.081,,2,39,3,108,63,51,27,49,222,2062,2.6,-1.0,0,29,0,70,1,92,20,10,1.0,0.0,,0.29,0.453,14.5,44.0,0.066,0.416,0.645,0.261,0.375,0.522,0.361,0.316,63.0,51.0,2062.0,0.492,0.982,0.287,0.033,0.011,0.486,0.155,0.514,92.0,-68.9,-49.1,,63.0,51.0,96.0,130.0,86.0,91.0,88.0,107.0,119.0,95.0,2062.0,92.0,0.522,0.514,0.316,0.497,0.416,0.837,0.291,0.549,,,,,,,,,,,,,,,,,,,,,,,,,,,,,,,,,,,,,,,,,,,,,,,,,,,,,,,,,,,,,,,,,,,,,,,,,,,,,,,,,,,,,,,,,,,,,,,,,,,,,,,,,,,,,,,,,,,,,,,,,,,,,,,,,,,,,,,,,,,,,,,,,,,,,,,,,,,,,,,,,,,,,,,,,,,,,,,,,,,,,,,,,,,,,,,,,,,,,,,,,,,,,
oubreke01,Kelly Oubre Jr.,https://www.basketball-reference.com/players/o/oubreke01.html,2023-24,2024,28.0,PHI,SF,SF,23.0,SF,68.0,52.0,2055.0,286.0,553.0,0.517,101.0,325.0,0.311,101.0,,47.0,247.0,0.498,387.0,878.0,0.441,174.0,232.0,0.75,94.0,194.0,1049.0,87.0,77.0,87.0,341.0,0.0,4.2,8.1,0.517,1.5,4.8,0.311,1.5,,0.7,3.6,0.498,5.7,12.9,0.441,2.6,3.4,0.75,68.0,52.0,30.2,1.4,2.9,15.4,92.0,1.1,1.3,5.0,5.0,9.7,0.517,1.8,5.7,0.311,1.8,,0.8,4.3,0.498,6.8,15.4,0.441,3.0,4.1,0.75,68.0,52.0,2055.0,1.6,3.4,18.4,93.0,1.3,1.5,6.0,6.8,13.2,0.517,2.4,7.8,0.311,2.4,,1.1,5.9,114.0,0.498,9.3,21.0,0.441,4.2,5.6,0.75,68.0,52.0,2055.0,2.3,109.0,4.6,25.1,93.0,1.8,2.1,8.2,0.37,7.3,,2.1,-2.3,-0.7,13.5,2.4,0.264,68.0,52.0,2055.0,-1.5,5.0,0.6,13.5,93.0,1.8,8.2,9.2,0.535,22.4,-0.1,3.0,0.07,,16,86,17,120,68,52,29,89,248,2055,-6.5,-0.1,2,21,0,60,18,93,33,25,0.0,0.0,,0.33,0.308,12.4,86.0,0.117,0.441,0.693,0.35,0.267,0.517,0.356,0.311,68.0,52.0,2055.0,0.552,0.851,0.308,0.068,0.017,0.63,0.237,0.37,93.0,-84.7,-87.9,,68.0,52.0,95.0,94.0,85.0,91.0,93.0,96.0,108.0,92.0,2055.0,93.0,0.517,0.37,0.311,0.498,0.441,0.75,0.264,0.535,,6.0,6.0,98.0,91.0,107.0,101.0,102.0,93.0,70.0,99.0,224.0,59.0,0.537,0.359,0.391,0.555,0.484,0.727,0.172,0.574,0.359,7.2,,2.7,0.8,1.5,7.3,0.2,0.172,6.0,6.0,224.0,-0.6,4.7,0.2,12.5,59.0,2.6,10.4,6.0,0.574,15.8,0.2,0.3,0.071,,0.0,16.0,2.0,6.0,6.0,6.0,1.0,8.0,21.0,224.0,26.1,4.6,0.0,1.0,0.0,87.0,12.0,59.0,3.0,3.0,5.2,9.7,0.537,2.1,5.4,0.391,2.4,,1.6,3.5,117.0,0.555,7.3,15.1,0.484,1.9,2.6,0.727,6.0,6.0,224.0,2.1,113.0,5.7,18.6,59.0,2.6,1.9,5.7,3.5,6.6,0.537,1.4,3.7,0.391,1.6,,1.1,2.4,0.555,5.0,10.3,0.484,1.3,1.8,0.727,6.0,6.0,224.0,1.4,3.9,12.7,59.0,1.8,1.3,3.9,3.7,6.8,0.537,1.5,3.8,0.391,1.7,,1.2,2.5,0.555,5.2,10.7,0.484,1.3,1.8,0.727,6.0,6.0,37.3,1.5,4.0,13.2,53.0,1.8,1.3,4.0,0.0,0.0,,0.429,0.304,11.4,10.0,0.156,0.484,0.68,0.0,0.0,0.537,0.385,0.391,6.0,6.0,224.0,0.682,0.889,0.391,0.031,0.016,0.641,0.203,0.359,59.0,22.0,41.0,0.537,9.0,23.0,0.391,10.0,,7.0,15.0,0.555,31.0,64.0,0.484,8.0,11.0,0.727,6.0,6.0,224.0,9.0,24.0,79.0,73.0,11.0,8.0,24.0,0.0
johnske04,Keldon Johnson,https://www.basketball-reference.com/players/j/johnske04.html,2023-24,2024,24.0,SAS,SF,SF,24.0,SF,69.0,27.0,2038.0,264.0,495.0,0.533,127.0,367.0,0.346,195.0,,20.0,282.0,0.527,391.0,862.0,0.454,175.0,221.0,0.792,95.0,149.0,1084.0,83.0,51.0,100.0,377.0,0.0,3.8,7.2,0.533,1.8,5.3,0.346,2.8,,0.3,4.1,0.527,5.7,12.5,0.454,2.5,3.2,0.792,69.0,27.0,29.5,1.4,2.2,15.7,86.0,0.7,1.4,5.5,4.7,8.7,0.533,2.2,6.5,0.346,3.4,,0.4,5.0,0.527,6.9,15.2,0.454,3.1,3.9,0.792,69.0,27.0,2038.0,1.7,2.6,19.1,98.0,0.9,1.8,6.7,6.1,11.5,0.533,3.0,8.5,0.346,4.5,,0.5,6.6,118.0,0.527,9.1,20.1,0.454,4.1,5.1,0.792,69.0,27.0,2038.0,2.2,112.0,3.5,25.2,98.0,1.2,2.3,8.8,0.426,14.2,,0.8,-1.7,-1.4,15.1,1.5,0.256,69.0,27.0,2038.0,-0.3,5.0,1.5,14.2,98.0,1.2,9.4,10.0,0.565,21.9,0.2,3.0,0.071,,9,72,10,113,69,27,28,56,464,2038,-3.8,-8.2,0,3,4,63,31,98,51,34,1.0,0.0,,0.327,0.3,13.4,28.0,0.038,0.454,0.636,0.485,0.5,0.533,0.439,0.346,69.0,27.0,2038.0,0.492,0.906,0.261,0.038,0.019,0.574,0.256,0.426,98.0,-33.2,-28.7,,69.0,27.0,98.0,108.0,95.0,96.0,96.0,101.0,105.0,97.0,2038.0,98.0,0.533,0.426,0.346,0.527,0.454,0.792,0.256,0.565,,,,,,,,,,,,,,,,,,,,,,,,,,,,,,,,,,,,,,,,,,,,,,,,,,,,,,,,,,,,,,,,,,,,,,,,,,,,,,,,,,,,,,,,,,,,,,,,,,,,,,,,,,,,,,,,,,,,,,,,,,,,,,,,,,,,,,,,,,,,,,,,,,,,,,,,,,,,,,,,,,,,,,,,,,,,,,,,,,,,,,,,,,,,,,,,,,,,,,,,,,,,,
nesmiaa01,Aaron Nesmith,https://www.basketball-reference.com/players/n/nesmiaa01.html,2023-24,2024,24.0,IND,SF,SF,25.0,SF,72.0,47.0,1995.0,175.0,301.0,0.581,140.0,334.0,0.419,108.0,,49.0,212.0,0.606,315.0,635.0,0.496,107.0,137.0,0.781,63.0,241.0,877.0,117.0,65.0,64.0,275.0,0.0,2.4,4.2,0.581,1.9,4.6,0.419,1.5,,0.7,2.9,0.606,4.4,8.8,0.496,1.5,1.9,0.781,72.0,47.0,27.7,0.9,3.3,12.2,136.0,0.9,0.9,3.8,3.2,5.4,0.581,2.5,6.0,0.419,1.9,,0.9,3.8,0.606,5.7,11.5,0.496,1.9,2.5,0.781,72.0,47.0,1995.0,1.1,4.3,15.8,105.0,1.2,1.2,5.0,4.1,7.1,0.581,3.3,7.9,0.419,2.6,,1.2,5.0,119.0,0.606,7.4,15.0,0.496,2.5,3.2,0.781,72.0,47.0,1995.0,1.5,123.0,5.7,20.7,105.0,1.5,1.5,6.5,0.526,6.6,,2.0,-0.5,-0.2,12.0,1.3,0.216,72.0,47.0,1995.0,-0.3,3.6,2.8,12.8,105.0,1.5,8.4,7.8,0.631,16.0,0.8,4.1,0.098,,13,142,39,63,72,47,22,51,251,1995,1.2,3.6,0,13,0,75,12,105,31,11,0.0,0.0,,0.436,0.419,15.2,31.0,0.052,0.496,0.699,0.485,0.667,0.581,0.434,0.419,72.0,47.0,1995.0,0.697,0.986,0.246,0.052,0.009,0.474,0.167,0.526,105.0,75.9,70.5,,72.0,47.0,107.0,133.0,115.0,111.0,105.0,100.0,88.0,109.0,1995.0,105.0,0.581,0.526,0.419,0.606,0.496,0.781,0.216,0.631,,17.0,17.0,115.0,142.0,76.0,93.0,91.0,117.0,107.0,98.0,559.0,12.0,0.629,0.56,0.278,0.511,0.433,0.919,0.262,0.566,0.56,8.1,,1.5,-3.2,-0.6,13.4,0.2,0.262,17.0,17.0,559.0,-2.6,4.1,0.4,9.6,12.0,1.0,12.8,8.8,0.566,14.6,-0.2,0.6,0.049,,5.0,35.0,14.0,12.0,17.0,17.0,3.0,5.0,87.0,559.0,-0.8,0.9,0.0,2.0,0.0,95.0,3.0,12.0,8.0,8.0,3.6,5.7,0.629,2.0,7.2,0.278,3.4,,0.8,6.0,120.0,0.511,5.6,12.9,0.433,3.1,3.4,0.919,17.0,17.0,559.0,1.7,113.0,6.0,16.3,12.0,1.0,2.1,7.7,2.5,4.0,0.629,1.4,5.1,0.278,2.4,,0.6,4.2,0.511,3.9,9.1,0.433,2.2,2.4,0.919,17.0,17.0,559.0,1.2,4.3,11.5,12.0,0.7,1.5,5.4,2.3,3.6,0.629,1.3,4.6,0.278,2.2,,0.5,3.8,0.511,3.6,8.3,0.433,2.0,2.2,0.919,17.0,17.0,32.9,1.1,3.9,10.5,70.0,0.6,1.4,4.9,0.0,0.0,,0.259,0.342,16.8,2.0,0.014,0.433,0.655,0.5,0.8,0.629,0.611,0.278,17.0,17.0,559.0,0.769,1.0,0.206,0.071,0.035,0.44,0.128,0.56,12.0,39.0,62.0,0.629,22.0,79.0,0.278,37.0,,9.0,65.0,0.511,61.0,141.0,0.433,34.0,37.0,0.919,17.0,17.0,559.0,19.0,66.0,178.0,34.0,11.0,23.0,84.0,0.0
onealro01,Royce O'Neale,https://www.basketball-reference.com/players/o/onealro01.html,2023-24,2024,30.0,2TM,SF,SF,26.0,SF,79.0,14.0,1954.0,58.0,117.0,0.496,156.0,422.0,0.37,219.0,,44.0,317.0,0.542,214.0,539.0,0.397,24.0,35.0,0.686,60.0,174.0,608.0,181.0,59.0,73.0,377.0,0.0,0.7,1.5,0.496,2.0,5.3,0.37,2.8,,0.6,4.0,0.542,2.7,6.8,0.397,0.3,0.4,0.686,79.0,14.0,24.7,0.8,2.2,7.7,235.0,0.7,0.9,4.8,1.1,2.2,0.496,2.9,7.8,0.37,4.0,,0.8,5.8,0.542,3.9,9.9,0.397,0.4,0.6,0.686,79.0,14.0,1954.0,1.1,3.2,11.2,112.0,1.1,1.3,6.9,1.5,2.9,0.496,3.9,10.6,0.37,5.5,,1.1,8.0,115.0,0.542,5.4,13.6,0.397,0.6,0.9,0.686,79.0,14.0,1954.0,1.5,115.0,4.4,15.3,112.0,1.5,1.8,9.5,0.783,15.0,,2.0,0.0,1.0,17.9,2.1,0.065,79.0,14.0,1954.0,-1.0,3.4,1.3,11.1,112.0,1.5,11.6,10.7,0.548,13.9,1.0,3.4,0.085,,10,105,12,14,79,14,0,16,519,1954,4.7,3.0,1,22,2,55,21,112,43,17,7.0,0.0,,0.443,0.166,21.5,3.0,0.007,0.397,0.627,0.5,0.5,0.496,0.326,0.37,79.0,14.0,1954.0,0.672,0.936,0.109,0.019,0.004,0.217,0.085,0.783,112.0,-5.1,-35.1,,79.0,14.0,91.0,198.0,101.0,99.0,84.0,87.0,27.0,95.0,1954.0,112.0,0.496,0.783,0.37,0.542,0.397,0.686,0.065,0.548,,4.0,2.0,46.0,207.0,91.0,83.0,67.0,,0.0,78.0,104.0,124.0,0.25,0.818,0.333,0.455,0.318,,0.0,0.455,0.818,5.8,,0.0,-5.5,-3.2,16.6,-0.1,0.0,4.0,2.0,104.0,-2.3,5.8,0.0,5.1,124.0,0.5,8.3,11.1,0.455,10.8,-0.1,-0.1,-0.047,,0.0,5.0,1.0,0.0,4.0,2.0,0.0,0.0,10.0,104.0,-11.1,-21.3,1.0,39.0,0.0,59.0,0.0,124.0,0.0,2.0,0.5,2.0,0.25,3.0,8.9,0.333,2.0,,0.0,6.9,129.0,0.455,3.5,10.9,0.318,0.0,0.0,,4.0,2.0,104.0,2.5,100.0,5.4,9.9,124.0,0.5,1.0,9.4,0.3,1.4,0.25,2.1,6.2,0.333,1.4,,0.0,4.8,0.455,2.4,7.6,0.318,0.0,0.0,,4.0,2.0,104.0,1.7,3.8,6.9,124.0,0.3,0.7,6.6,0.3,1.0,0.25,1.5,4.5,0.333,1.0,,0.0,3.5,0.455,1.8,5.5,0.318,0.0,0.0,,4.0,2.0,26.0,1.3,2.8,5.0,118.0,0.3,0.5,4.8,1.0,0.0,,0.5,0.111,22.9,0.0,0.0,0.318,0.0,,,0.25,0.5,0.333,4.0,2.0,104.0,1.0,1.0,0.091,0.0,0.0,0.182,0.091,0.818,124.0,1.0,4.0,0.25,6.0,18.0,0.333,4.0,,0.0,14.0,0.455,7.0,22.0,0.318,0.0,0.0,,4.0,2.0,104.0,5.0,11.0,20.0,132.0,1.0,2.0,19.0,0.0
wiggian01,Andrew Wiggins,https://www.basketball-reference.com/players/w/wiggian01.html,2023-24,2024,28.0,GSW,SF,SF,27.0,SF,71.0,59.0,1920.0,262.0,526.0,0.498,91.0,254.0,0.358,119.0,,41.0,213.0,0.511,353.0,780.0,0.453,142.0,189.0,0.751,108.0,147.0,939.0,106.0,42.0,87.0,321.0,0.0,3.7,7.4,0.498,1.3,3.6,0.358,1.7,,0.6,3.0,0.511,5.0,11.0,0.453,2.0,2.7,0.751,71.0,59.0,27.0,1.5,2.1,13.2,121.0,0.6,1.2,4.5,4.9,9.9,0.498,1.7,4.8,0.358,2.2,,0.8,4.0,0.511,6.6,14.6,0.453,2.7,3.5,0.751,71.0,59.0,1920.0,2.0,2.8,17.6,120.0,0.8,1.6,6.0,6.6,13.3,0.498,2.3,6.4,0.358,3.0,,1.0,5.4,117.0,0.511,8.9,19.7,0.453,3.6,4.8,0.751,71.0,59.0,1920.0,2.7,112.0,3.7,23.7,120.0,1.1,2.2,8.1,0.326,8.6,,1.9,-2.5,-1.2,11.8,1.6,0.242,71.0,59.0,1920.0,-1.4,6.2,1.2,12.7,120.0,1.1,9.2,9.0,0.544,20.9,-0.3,2.8,0.07,,9,77,11,95,71,59,13,45,312,1920,-6.5,-0.6,0,34,0,66,0,120,33,34,1.0,0.0,,0.35,0.157,13.2,37.0,0.049,0.453,0.639,0.338,0.36,0.498,0.491,0.358,71.0,59.0,1920.0,0.592,0.901,0.203,0.083,0.096,0.674,0.292,0.326,120.0,-55.6,-62.2,,71.0,59.0,91.0,82.0,98.0,93.0,95.0,96.0,99.0,94.0,1920.0,120.0,0.498,0.326,0.358,0.511,0.453,0.751,0.242,0.544,,,,,,,,,,,,,,,,,,,,,,,,,,,,,,,,,,,,,,,,,,,,,,,,,,,,,,,,,,,,,,,,,,,,,,,,,,,,,,,,,,,,,,,,,,,,,,,,,,,,,,,,,,,,,,,,,,,,,,,,,,,,,,,,,,,,,,,,,,,,,,,,,,,,,,,,,,,,,,,,,,,,,,,,,,,,,,,,,,,,,,,,,,,,,,,,,,,,,,,,,,,,,
robindu01,Duncan Robinson,https://www.basketball-reference.com/players/r/robindu01.html,2023-24,2024,29.0,MIA,SF,SF,28.0,SF,68.0,36.0,1905.0,117.0,202.0,0.579,187.0,473.0,0.395,192.0,,16.0,158.0,0.589,304.0,675.0,0.45,80.0,90.0,0.889,15.0,163.0,875.0,119.0,46.0,95.0,173.0,0.0,1.7,3.0,0.579,2.8,7.0,0.395,2.8,,0.2,2.3,0.589,4.5,9.9,0.45,1.2,1.3,0.889,68.0,36.0,28.0,0.2,2.4,12.9,125.0,0.7,1.4,2.5,2.2,3.8,0.579,3.5,8.9,0.395,3.6,,0.3,3.0,0.589,5.7,12.8,0.45,1.5,1.7,0.889,68.0,36.0,1905.0,0.3,3.1,16.5,121.0,0.9,1.8,3.3,3.1,5.3,0.579,4.9,12.4,0.395,5.0,,0.4,4.1,115.0,0.589,8.0,17.7,0.45,2.1,2.4,0.889,68.0,36.0,1905.0,0.4,114.0,4.3,22.9,121.0,1.2,2.5,4.5,0.701,15.1,,0.8,-0.9,-0.4,9.5,2.0,0.133,68.0,36.0,1905.0,-0.5,0.9,1.6,12.2,121.0,1.2,11.7,5.1,0.612,19.0,0.6,3.6,0.091,,6,91,8,29,68,36,5,25,443,1905,-4.0,0.0,0,23,0,53,25,121,53,18,2.0,0.0,,0.419,0.222,19.6,3.0,0.004,0.45,0.695,0.444,0.2,0.579,0.526,0.395,68.0,36.0,1905.0,0.752,0.914,0.121,0.027,0.007,0.299,0.144,0.701,121.0,57.2,46.1,,68.0,36.0,106.0,177.0,108.0,108.0,95.0,113.0,55.0,106.0,1905.0,121.0,0.579,0.701,0.395,0.589,0.45,0.889,0.133,0.612,,5.0,0.0,122.0,206.0,63.0,74.0,66.0,,0.0,70.0,60.0,143.0,0.667,0.813,0.231,0.406,0.313,,0.0,0.406,0.813,15.2,,0.0,-9.7,-1.3,10.1,0.0,0.0,5.0,0.0,60.0,-8.4,0.0,-0.2,1.7,143.0,1.8,23.8,4.9,0.406,17.1,-0.1,-0.2,-0.141,,1.0,2.0,0.0,0.0,5.0,0.0,0.0,2.0,13.0,60.0,-29.6,-38.1,0.0,9.0,0.0,71.0,21.0,143.0,3.0,1.0,1.8,2.6,0.667,2.6,11.5,0.231,5.3,,0.0,4.4,119.0,0.406,4.4,14.1,0.313,0.0,0.0,,5.0,0.0,60.0,0.0,71.0,5.3,11.5,143.0,1.8,4.4,4.4,1.2,1.8,0.667,1.8,7.8,0.231,3.6,,0.0,3.0,0.406,3.0,9.6,0.313,0.0,0.0,,5.0,0.0,60.0,0.0,3.6,7.8,143.0,1.2,3.0,3.0,0.4,0.6,0.667,0.6,2.6,0.231,1.2,,0.0,1.0,0.406,1.0,3.2,0.313,0.0,0.0,,5.0,0.0,12.0,0.0,1.2,2.6,149.0,0.4,1.0,1.0,0.0,0.0,,0.0,0.077,22.1,0.0,0.0,0.313,1.0,,,0.667,0.5,0.231,5.0,0.0,60.0,1.0,0.667,0.063,0.0,0.0,0.188,0.125,0.813,143.0,2.0,3.0,0.667,3.0,13.0,0.231,6.0,,0.0,5.0,0.406,5.0,16.0,0.313,0.0,0.0,,5.0,0.0,60.0,0.0,6.0,13.0,145.0,2.0,5.0,5.0,0.0
okorois01,Isaac Okoro,https://www.basketball-reference.com/players/o/okorois01.html,2023-24,2024,23.0,CLE,SF,SF,29.0,SF,69.0,42.0,1887.0,151.0,265.0,0.57,84.0,215.0,0.391,132.0,,34.0,139.0,0.577,235.0,480.0,0.49,93.0,137.0,0.679,67.0,140.0,647.0,174.0,57.0,54.0,206.0,0.0,2.2,3.8,0.57,1.2,3.1,0.391,1.9,,0.5,2.0,0.577,3.4,7.0,0.49,1.3,2.0,0.679,69.0,42.0,27.3,1.0,2.0,9.4,196.0,0.8,0.8,3.0,2.9,5.1,0.57,1.6,4.1,0.391,2.5,,0.6,2.7,0.577,4.5,9.2,0.49,1.8,2.6,0.679,69.0,42.0,1887.0,1.3,2.7,12.3,127.0,1.1,1.0,3.9,4.0,6.9,0.57,2.2,5.6,0.391,3.5,,0.9,3.6,115.0,0.577,6.2,12.6,0.49,2.4,3.6,0.679,69.0,42.0,1887.0,1.8,121.0,3.7,16.9,127.0,1.5,1.4,5.4,0.448,9.5,,1.6,-1.1,0.7,8.2,2.0,0.285,69.0,42.0,1887.0,-1.8,4.0,2.1,11.4,127.0,1.5,9.1,6.1,0.599,13.9,0.4,4.2,0.106,,10,62,15,73,69,42,21,37,313,1887,1.9,3.6,0,16,1,78,5,127,19,20,1.0,0.0,,0.399,0.642,12.5,18.0,0.046,0.49,0.64,0.0,1.0,0.57,0.403,0.391,69.0,42.0,1887.0,0.795,0.976,0.388,0.008,0.006,0.552,0.15,0.448,127.0,29.3,20.3,,69.0,42.0,105.0,113.0,107.0,106.0,103.0,87.0,117.0,103.0,1887.0,127.0,0.57,0.448,0.391,0.577,0.49,0.679,0.285,0.599,,12.0,7.0,84.0,127.0,70.0,77.0,75.0,99.0,53.0,77.0,263.0,51.0,0.457,0.5,0.257,0.421,0.357,0.778,0.129,0.446,0.5,7.2,,1.5,-4.2,0.8,6.9,0.3,0.129,12.0,7.0,263.0,-5.0,2.2,-0.4,5.4,51.0,2.2,12.9,4.6,0.446,15.0,-0.1,-0.1,-0.02,,2.0,12.0,2.0,2.0,12.0,7.0,1.0,9.0,32.0,263.0,5.8,-4.0,0.0,63.0,0.0,36.0,1.0,51.0,3.0,2.0,3.1,6.9,0.457,1.8,6.9,0.257,2.6,,0.8,3.1,113.0,0.421,4.9,13.8,0.357,1.4,1.8,0.778,12.0,7.0,263.0,1.0,87.0,5.9,13.0,51.0,2.2,2.2,4.1,2.2,4.8,0.457,1.2,4.8,0.257,1.8,,0.5,2.2,0.421,3.4,9.6,0.357,1.0,1.2,0.778,12.0,7.0,263.0,0.7,4.1,9.0,51.0,1.5,1.5,2.9,1.3,2.9,0.457,0.8,2.9,0.257,1.1,,0.3,1.3,0.421,2.1,5.8,0.357,0.6,0.8,0.778,12.0,7.0,21.9,0.4,2.5,5.5,110.0,0.9,0.9,1.8,2.0,0.0,,0.25,0.343,14.5,2.0,0.029,0.357,0.56,0.0,,0.457,0.222,0.257,12.0,7.0,263.0,0.875,1.0,0.357,0.014,0.0,0.5,0.129,0.5,51.0,16.0,35.0,0.457,9.0,35.0,0.257,13.0,,4.0,16.0,0.421,25.0,70.0,0.357,7.0,9.0,0.778,12.0,7.0,263.0,5.0,30.0,66.0,79.0,11.0,11.0,21.0,0.0
barrerj01,RJ Barrett,https://www.basketball-reference.com/players/b/barrerj01.html,2023-24,2024,23.0,2TM,SG,SF,30.0,SF,58.0,58.0,1838.0,346.0,630.0,0.549,90.0,250.0,0.36,193.0,,22.0,262.0,0.547,436.0,880.0,0.495,208.0,291.0,0.715,53.0,129.0,1170.0,71.0,31.0,126.0,315.0,0.0,6.0,10.9,0.549,1.6,4.3,0.36,3.3,,0.4,4.5,0.547,7.5,15.2,0.495,3.6,5.0,0.715,58.0,58.0,31.7,0.9,2.2,20.2,47.0,0.5,2.2,5.4,6.8,12.3,0.549,1.8,4.9,0.36,3.8,,0.4,5.1,0.547,8.5,17.2,0.495,4.1,5.7,0.715,58.0,58.0,1838.0,1.0,2.5,22.9,133.0,0.6,2.5,6.2,9.3,16.8,0.549,2.4,6.7,0.36,5.2,,0.6,7.0,119.0,0.547,11.7,23.5,0.495,5.6,7.8,0.715,58.0,58.0,1838.0,1.4,112.0,3.5,31.3,133.0,0.8,3.4,8.4,0.284,16.7,,1.1,-0.8,-1.5,16.0,1.2,0.331,58.0,58.0,1838.0,0.7,3.1,1.6,16.4,133.0,0.8,11.1,9.5,0.58,26.5,0.6,2.9,0.075,,14,67,8,152,58,58,30,90,472,1838,-1.8,-3.3,0,22,0,69,9,133,64,33,0.0,0.0,,0.409,0.352,10.4,39.0,0.05,0.495,0.694,0.3,0.412,0.549,0.42,0.36,58.0,58.0,1838.0,0.592,0.989,0.364,0.057,0.019,0.716,0.276,0.284,133.0,0.1,0.7,,58.0,58.0,101.0,72.0,98.0,100.0,104.0,91.0,135.0,100.0,1838.0,133.0,0.549,0.284,0.36,0.547,0.495,0.715,0.331,0.58,,,,,,,,,,,,,,,,,,,,,,,,,,,,,,,,,,,,,,,,,,,,,,,,,,,,,,,,,,,,,,,,,,,,,,,,,,,,,,,,,,,,,,,,,,,,,,,,,,,,,,,,,,,,,,,,,,,,,,,,,,,,,,,,,,,,,,,,,,,,,,,,,,,,,,,,,,,,,,,,,,,,,,,,,,,,,,,,,,,,,,,,,,,,,,,,,,,,,,,,,,,,,
jonesde02,Derrick Jones Jr.,https://www.basketball-reference.com/players/j/jonesde02.html,2023-24,2024,26.0,DAL,SF,SF,31.0,SF,76.0,66.0,1783.0,157.0,256.0,0.613,82.0,239.0,0.343,75.0,,51.0,168.0,0.566,239.0,495.0,0.483,97.0,136.0,0.713,82.0,121.0,657.0,169.0,53.0,65.0,250.0,0.0,2.1,3.4,0.613,1.1,3.1,0.343,1.0,,0.7,2.2,0.566,3.1,6.5,0.483,1.3,1.8,0.713,76.0,66.0,23.5,1.1,1.6,8.6,212.0,0.7,0.9,3.3,3.2,5.2,0.613,1.7,4.8,0.343,1.5,,1.0,3.4,0.566,4.8,10.0,0.483,2.0,2.7,0.713,76.0,66.0,1783.0,1.7,2.4,13.3,144.0,1.1,1.3,5.0,4.2,6.9,0.613,2.2,6.4,0.343,2.0,,1.4,4.5,116.0,0.566,6.4,13.3,0.483,2.6,3.7,0.713,76.0,66.0,1783.0,2.2,116.0,3.3,17.7,144.0,1.4,1.7,6.7,0.483,5.5,,2.5,-1.5,-0.3,10.3,1.6,0.275,76.0,66.0,1783.0,-1.3,5.0,1.5,11.7,144.0,1.4,10.5,7.7,0.592,14.9,0.2,3.1,0.083,,7,68,21,73,76,66,19,24,190,1783,-0.6,1.8,1,49,0,50,0,144,22,26,0.0,0.0,,0.343,0.586,13.2,62.0,0.158,0.483,0.691,0.444,0.0,0.613,0.494,0.343,76.0,66.0,1783.0,0.764,0.988,0.327,0.018,0.004,0.517,0.168,0.483,144.0,18.9,13.4,,76.0,66.0,112.0,122.0,94.0,103.0,102.0,91.0,112.0,102.0,1783.0,144.0,0.613,0.483,0.343,0.566,0.483,0.713,0.275,0.592,,22.0,22.0,102.0,103.0,101.0,102.0,101.0,94.0,77.0,100.0,647.0,9.0,0.558,0.406,0.369,0.556,0.481,0.733,0.188,0.577,0.406,6.0,,3.1,0.4,0.9,7.6,0.6,0.188,22.0,22.0,647.0,-0.5,5.9,0.7,11.2,9.0,0.9,9.4,6.7,0.577,13.4,0.4,1.3,0.095,,0.0,28.0,6.0,14.0,22.0,22.0,4.0,15.0,68.0,647.0,3.9,5.2,0.0,19.0,0.0,81.0,0.0,9.0,10.0,7.0,4.3,7.6,0.558,1.9,5.2,0.369,2.2,,1.7,3.5,115.0,0.556,6.2,12.9,0.481,1.8,2.4,0.733,22.0,22.0,647.0,2.7,119.0,4.3,16.1,9.0,0.9,1.4,6.1,2.9,5.3,0.558,1.3,3.6,0.369,1.5,,1.2,2.4,0.556,4.3,8.9,0.481,1.2,1.7,0.733,22.0,22.0,647.0,1.8,3.0,11.1,9.0,0.6,1.0,4.2,2.4,4.3,0.558,1.1,3.0,0.369,1.2,,1.0,2.0,0.556,3.5,7.3,0.481,1.0,1.4,0.733,22.0,22.0,29.4,1.5,2.5,9.1,76.0,0.5,0.8,3.5,1.0,0.0,,0.45,0.615,12.0,24.0,0.2,0.481,0.672,0.5,0.0,0.558,0.382,0.369,22.0,22.0,647.0,0.811,1.0,0.363,0.013,0.006,0.594,0.213,0.406,9.0,53.0,95.0,0.558,24.0,65.0,0.369,27.0,,21.0,43.0,0.556,77.0,160.0,0.481,22.0,30.0,0.733,22.0,22.0,647.0,33.0,54.0,200.0,20.0,11.0,18.0,76.0,0.0
anderky01,Kyle Anderson,https://www.basketball-reference.com/players/a/anderky01.html,2023-24,2024,30.0,MIN,PF,SF,32.0,SF,79.0,10.0,1782.0,188.0,385.0,0.488,11.0,48.0,0.229,331.0,,47.0,213.0,0.472,199.0,433.0,0.46,97.0,137.0,0.708,60.0,128.0,506.0,220.0,71.0,91.0,273.0,0.0,2.4,4.9,0.488,0.1,0.6,0.229,4.2,,0.6,2.7,0.472,2.5,5.5,0.46,1.2,1.7,0.708,79.0,10.0,22.6,0.8,1.6,6.4,287.0,0.9,1.2,3.5,3.8,7.8,0.488,0.2,1.0,0.229,6.7,,0.9,4.3,0.472,4.0,8.7,0.46,2.0,2.8,0.708,79.0,10.0,1782.0,1.2,2.6,10.2,145.0,1.4,1.8,5.5,5.2,10.7,0.488,0.3,1.3,0.229,9.2,,1.3,5.9,109.0,0.472,5.5,12.0,0.46,2.7,3.8,0.708,79.0,10.0,1782.0,1.7,114.0,3.6,14.0,145.0,2.0,2.5,7.6,0.111,25.0,,2.3,1.1,2.7,13.0,3.1,0.316,79.0,10.0,1782.0,-1.6,4.0,1.4,12.7,145.0,2.0,15.6,8.7,0.513,14.5,1.4,4.5,0.121,,6,57,7,65,79,10,11,20,781,1782,-1.7,5.6,4,42,0,55,0,145,57,20,1.0,0.0,,0.303,0.688,9.0,10.0,0.025,0.46,0.627,0.476,0.5,0.488,0.438,0.229,79.0,10.0,1782.0,0.511,1.0,0.192,0.189,0.028,0.889,0.48,0.111,145.0,-64.3,-66.2,,79.0,10.0,90.0,28.0,63.0,86.0,97.0,90.0,130.0,88.0,1782.0,145.0,0.488,0.111,0.229,0.472,0.46,0.708,0.316,0.513,,15.0,1.0,90.0,36.0,68.0,87.0,96.0,106.0,86.0,89.0,231.0,57.0,0.49,0.14,0.25,0.474,0.456,0.833,0.211,0.514,0.14,23.7,,2.1,2.3,3.0,11.3,0.3,0.211,15.0,1.0,231.0,-0.7,9.2,0.4,14.5,57.0,2.3,13.8,10.3,0.514,14.2,0.3,0.6,0.132,,1.0,11.0,2.0,4.0,15.0,1.0,0.0,4.0,90.0,231.0,-15.1,-6.0,0.0,31.0,0.0,69.0,1.0,57.0,4.0,3.0,5.4,11.1,0.49,0.5,1.8,0.25,8.6,,1.1,5.0,112.0,0.474,5.9,12.9,0.456,2.3,2.7,0.833,15.0,1.0,231.0,4.1,121.0,5.9,14.5,57.0,2.3,2.3,9.0,3.7,7.6,0.49,0.3,1.2,0.25,5.9,,0.8,3.4,0.474,4.1,8.9,0.456,1.6,1.9,0.833,15.0,1.0,231.0,2.8,4.1,10.0,57.0,1.6,1.6,6.2,1.6,3.3,0.49,0.1,0.5,0.25,2.5,,0.3,1.5,0.474,1.7,3.8,0.456,0.7,0.8,0.833,15.0,1.0,15.4,1.2,1.7,4.3,123.0,0.7,0.7,2.7,0.0,0.0,,0.286,0.875,10.3,1.0,0.018,0.456,0.4,0.538,1.0,0.49,0.435,0.25,15.0,1.0,231.0,0.708,1.0,0.175,0.228,0.053,0.86,0.404,0.14,57.0,24.0,49.0,0.49,2.0,8.0,0.25,38.0,,5.0,22.0,0.474,26.0,57.0,0.456,10.0,12.0,0.833,15.0,1.0,231.0,18.0,26.0,64.0,80.0,10.0,10.0,40.0,0.0
bealbr01,Bradley Beal,https://www.basketball-reference.com/players/b/bealbr01.html,2023-24,2024,30.0,PHO,SG,SF,33.0,SF,53.0,53.0,1767.0,276.0,500.0,0.552,101.0,235.0,0.43,265.0,,27.0,178.0,0.582,377.0,735.0,0.513,109.0,134.0,0.813,54.0,127.0,964.0,102.0,52.0,131.0,232.0,0.0,5.2,9.4,0.552,1.9,4.4,0.43,5.0,,0.5,3.4,0.582,7.1,13.9,0.513,2.1,2.5,0.813,53.0,53.0,33.3,1.0,2.4,18.2,63.0,1.0,2.5,4.4,5.6,10.2,0.552,2.1,4.8,0.43,5.4,,0.6,3.6,0.582,7.7,15.0,0.513,2.2,2.7,0.813,53.0,53.0,1767.0,1.1,2.6,19.6,147.0,1.1,2.7,4.7,7.6,13.8,0.552,2.8,6.5,0.43,7.3,,0.7,4.9,117.0,0.582,10.4,20.3,0.513,3.0,3.7,0.813,53.0,53.0,1767.0,1.5,117.0,3.5,26.6,147.0,1.4,3.6,6.4,0.32,22.5,,1.3,0.4,-0.6,10.8,1.5,0.182,53.0,53.0,1767.0,0.9,3.6,2.4,16.3,147.0,1.4,14.2,7.4,0.607,22.7,1.1,3.9,0.107,,14,70,13,65,53,53,13,37,643,1767,0.0,3.2,0,4,2,60,35,147,67,33,0.0,0.0,,0.438,0.311,13.5,22.0,0.034,0.513,0.725,0.474,0.433,0.552,0.472,0.43,53.0,53.0,1767.0,0.442,0.861,0.233,0.132,0.122,0.68,0.193,0.32,147.0,51.6,43.0,,53.0,53.0,101.0,81.0,118.0,106.0,108.0,104.0,75.0,105.0,1767.0,147.0,0.552,0.32,0.43,0.582,0.513,0.813,0.182,0.607,,4.0,4.0,82.0,99.0,119.0,96.0,93.0,102.0,35.0,93.0,154.0,93.0,0.444,0.39,0.435,0.525,0.441,0.8,0.085,0.539,0.39,20.7,,0.6,-3.8,-3.5,4.0,-0.2,0.085,4.0,4.0,154.0,-0.3,4.7,-0.1,9.9,93.0,1.0,17.5,4.4,0.539,22.6,-0.1,-0.3,-0.078,,1.0,9.0,2.0,3.0,4.0,4.0,1.0,1.0,43.0,154.0,-2.7,-16.8,0.0,0.0,0.0,70.0,30.0,93.0,6.0,4.0,5.3,12.0,0.444,3.3,7.7,0.435,6.0,,0.3,1.7,132.0,0.525,8.7,19.7,0.441,1.3,1.7,0.8,4.0,4.0,154.0,2.0,100.0,5.0,22.0,93.0,1.0,4.3,3.7,3.7,8.4,0.444,2.3,5.4,0.435,4.2,,0.2,1.2,0.525,6.1,13.8,0.441,0.9,1.2,0.8,4.0,4.0,154.0,1.4,3.5,15.4,93.0,0.7,3.0,2.6,4.0,9.0,0.444,2.5,5.8,0.435,4.5,,0.3,1.3,0.525,6.5,14.8,0.441,1.0,1.3,0.8,4.0,4.0,38.5,1.5,3.8,16.5,36.0,0.8,3.3,2.8,0.0,0.0,,0.375,0.348,13.9,0.0,0.034,0.441,0.769,0.429,0.0,0.444,0.231,0.435,4.0,4.0,154.0,0.375,0.7,0.22,0.119,0.051,0.61,0.22,0.39,93.0,16.0,36.0,0.444,10.0,23.0,0.435,18.0,,1.0,5.0,0.525,26.0,59.0,0.441,4.0,5.0,0.8,4.0,4.0,154.0,6.0,15.0,66.0,78.0,3.0,13.0,11.0,0.0
hausesa01,Sam Hauser,https://www.basketball-reference.com/players/h/hausesa01.html,2023-24,2024,26.0,BOS,SF,SF,34.0,SF,79.0,13.0,1741.0,52.0,93.0,0.559,197.0,465.0,0.424,82.0,,25.0,231.0,0.623,249.0,558.0,0.446,17.0,19.0,0.895,45.0,99.0,712.0,160.0,40.0,32.0,276.0,0.0,0.7,1.2,0.559,2.5,5.9,0.424,1.0,,0.3,2.9,0.623,3.2,7.1,0.446,0.2,0.2,0.895,79.0,13.0,22.0,0.6,1.3,9.0,203.0,0.5,0.4,3.5,1.1,1.9,0.559,4.1,9.6,0.424,1.7,,0.5,4.8,0.623,5.1,11.5,0.446,0.4,0.4,0.895,79.0,13.0,1741.0,0.9,2.0,14.7,152.0,0.8,0.7,5.7,1.5,2.6,0.559,5.6,13.2,0.424,2.3,,0.7,6.6,114.0,0.623,7.1,15.8,0.446,0.5,0.5,0.895,79.0,13.0,1741.0,1.3,126.0,2.8,20.2,152.0,1.1,0.9,7.8,0.833,6.2,,1.3,1.2,0.0,13.7,2.1,0.034,79.0,13.0,1741.0,1.2,2.9,2.7,13.0,152.0,1.1,5.3,8.6,0.629,15.0,1.4,4.9,0.134,,3,56,5,4,79,13,0,11,211,1741,3.9,13.4,1,33,0,54,12,152,17,8,2.0,0.0,,0.518,0.241,22.7,9.0,0.016,0.446,0.675,0.467,0.636,0.559,0.407,0.424,79.0,13.0,1741.0,0.731,0.975,0.072,0.027,0.02,0.167,0.048,0.833,152.0,85.1,55.0,,79.0,13.0,103.0,211.0,116.0,114.0,94.0,114.0,14.0,108.0,1741.0,152.0,0.559,0.833,0.424,0.623,0.446,0.895,0.034,0.629,,19.0,0.0,127.0,214.0,104.0,108.0,90.0,128.0,19.0,104.0,283.0,48.0,0.692,0.845,0.38,0.589,0.429,1.0,0.048,0.601,0.845,5.7,,1.0,1.1,0.4,13.6,0.4,0.048,19.0,0.0,283.0,0.7,3.3,0.4,12.1,48.0,0.9,3.4,8.5,0.601,14.6,0.2,0.8,0.136,,1.0,10.0,1.0,1.0,19.0,0.0,0.0,1.0,27.0,283.0,6.2,13.0,1.0,30.0,0.0,69.0,0.0,48.0,2.0,0.0,1.7,2.4,0.692,5.0,13.1,0.38,2.0,,0.6,6.1,112.0,0.589,6.6,15.5,0.429,0.7,0.7,1.0,19.0,0.0,283.0,1.5,125.0,3.7,19.0,48.0,0.9,0.6,7.6,1.1,1.7,0.692,3.4,9.0,0.38,1.4,,0.4,4.2,0.589,4.6,10.7,0.429,0.5,0.5,1.0,19.0,0.0,283.0,1.0,2.5,13.1,48.0,0.6,0.4,5.2,0.5,0.7,0.692,1.4,3.7,0.38,0.6,,0.2,1.7,0.589,1.9,4.4,0.429,0.2,0.2,1.0,19.0,0.0,14.9,0.4,1.1,5.4,112.0,0.3,0.2,2.2,0.0,0.0,,0.407,0.38,22.8,1.0,0.012,0.429,0.8,1.0,0.5,0.692,0.0,0.38,19.0,0.0,283.0,1.0,0.963,0.06,0.048,0.024,0.155,0.024,0.845,48.0,9.0,13.0,0.692,27.0,71.0,0.38,11.0,,3.0,33.0,0.589,36.0,84.0,0.429,4.0,4.0,1.0,19.0,0.0,283.0,8.0,20.0,103.0,61.0,5.0,3.0,41.0,0.0
anunoog01,OG Anunoby,https://www.basketball-reference.com/players/a/anunoog01.html,2023-24,2024,26.0,2TM,SF,SF,35.0,SF,50.0,50.0,1702.0,180.0,310.0,0.581,102.0,267.0,0.382,107.0,,36.0,161.0,0.577,282.0,577.0,0.489,67.0,89.0,0.753,47.0,119.0,733.0,156.0,68.0,81.0,208.0,0.0,3.6,6.2,0.581,2.0,5.3,0.382,2.1,,0.7,3.2,0.577,5.6,11.5,0.489,1.3,1.8,0.753,50.0,50.0,34.0,0.9,2.4,14.7,99.0,1.4,1.6,4.2,3.8,6.6,0.581,2.2,5.6,0.382,2.3,,0.8,3.4,0.577,6.0,12.2,0.489,1.4,1.9,0.753,50.0,50.0,1702.0,1.0,2.5,15.5,157.0,1.4,1.7,4.4,5.2,9.0,0.581,3.0,7.7,0.382,3.1,,1.0,4.7,117.0,0.577,8.2,16.7,0.489,1.9,2.6,0.753,50.0,50.0,1702.0,1.4,113.0,3.4,21.2,157.0,2.0,2.3,6.0,0.463,9.0,,1.9,-0.6,0.5,10.6,1.5,0.154,50.0,50.0,1702.0,-1.0,3.0,1.1,12.8,157.0,2.0,11.6,6.8,0.595,17.6,0.6,2.6,0.073,,15,58,4,47,50,50,15,41,252,1702,16.2,11.6,1,34,0,64,1,157,33,19,0.0,0.0,,0.457,0.476,13.9,75.0,0.144,0.489,0.721,0.368,0.522,0.581,0.357,0.382,50.0,50.0,1702.0,0.689,0.961,0.31,0.066,0.04,0.537,0.121,0.463,157.0,35.3,18.3,,50.0,50.0,106.0,117.0,104.0,106.0,103.0,96.0,63.0,103.0,1702.0,157.0,0.581,0.463,0.382,0.577,0.489,0.753,0.154,0.595,,9.0,9.0,102.0,89.0,112.0,105.0,106.0,78.0,48.0,100.0,324.0,47.0,0.556,0.351,0.41,0.577,0.505,0.615,0.117,0.583,0.351,4.8,,2.5,0.4,1.1,17.7,0.1,0.117,9.0,9.0,324.0,-0.7,2.4,0.3,13.9,47.0,1.3,7.9,9.8,0.583,17.2,0.2,0.4,0.064,,0.0,9.0,0.0,5.0,9.0,9.0,1.0,7.0,23.0,324.0,5.2,0.9,1.0,97.0,0.0,3.0,0.0,47.0,1.0,7.0,6.4,11.6,0.556,2.6,6.3,0.41,1.6,,1.5,7.6,120.0,0.577,9.0,17.9,0.505,1.3,2.1,0.615,9.0,9.0,324.0,1.1,116.0,2.4,21.9,47.0,1.3,1.6,8.7,4.4,8.0,0.556,1.8,4.3,0.41,1.1,,1.0,5.2,0.577,6.2,12.3,0.505,0.9,1.4,0.615,9.0,9.0,324.0,0.8,1.7,15.1,47.0,0.9,1.1,6.0,4.4,8.0,0.556,1.8,4.3,0.41,1.1,,1.0,5.2,0.577,6.2,12.3,0.505,0.9,1.4,0.615,9.0,9.0,36.0,0.8,1.7,15.1,43.0,0.9,1.1,6.0,0.0,0.0,,0.5,0.359,12.9,14.0,0.153,0.505,0.667,0.3,0.727,0.556,0.25,0.41,9.0,9.0,324.0,0.6,1.0,0.351,0.09,0.099,0.649,0.108,0.351,47.0,40.0,72.0,0.556,16.0,39.0,0.41,10.0,,9.0,47.0,0.577,56.0,111.0,0.505,8.0,13.0,0.615,9.0,9.0,324.0,7.0,15.0,136.0,45.0,8.0,10.0,54.0,0.0
murphtr02,Trey Murphy III,https://www.basketball-reference.com/players/m/murphtr02.html,2023-24,2024,23.0,NOP,SF,SF,36.0,SF,57.0,23.0,1690.0,106.0,176.0,0.602,169.0,445.0,0.38,124.0,,28.0,238.0,0.579,275.0,621.0,0.443,123.0,151.0,0.815,42.0,70.0,842.0,131.0,51.0,34.0,280.0,0.0,1.9,3.1,0.602,3.0,7.8,0.38,2.2,,0.5,4.2,0.579,4.8,10.9,0.443,2.2,2.6,0.815,57.0,23.0,29.6,0.7,1.2,14.8,98.0,0.9,0.6,4.9,2.3,3.7,0.602,3.6,9.5,0.38,2.6,,0.6,5.1,0.579,5.9,13.2,0.443,2.6,3.2,0.815,57.0,23.0,1690.0,0.9,1.5,17.9,161.0,1.1,0.7,6.0,3.1,5.1,0.602,4.9,12.9,0.38,3.6,,0.8,6.9,114.0,0.579,8.0,18.0,0.443,3.6,4.4,0.815,57.0,23.0,1690.0,1.2,127.0,2.0,24.4,161.0,1.5,1.0,8.1,0.717,10.2,,1.6,2.5,0.0,15.5,2.0,0.243,57.0,23.0,1690.0,2.5,2.8,3.4,16.3,161.0,1.5,4.7,9.2,0.612,18.6,1.9,5.4,0.154,,2,42,8,57,57,23,12,16,304,1690,4.6,7.3,0,26,0,52,22,161,18,11,1.0,0.0,,0.404,0.2,20.3,38.0,0.068,0.443,0.795,0.471,0.222,0.602,0.419,0.38,57.0,23.0,1690.0,0.679,0.893,0.142,0.027,0.014,0.283,0.1,0.717,161.0,40.2,44.6,,57.0,23.0,110.0,181.0,104.0,106.0,93.0,104.0,100.0,106.0,1690.0,161.0,0.602,0.717,0.38,0.579,0.443,0.815,0.243,0.612,,4.0,4.0,82.0,158.0,91.0,88.0,79.0,,0.0,83.0,168.0,86.0,0.444,0.625,0.333,0.479,0.375,,0.0,0.479,0.625,9.1,,3.6,-0.4,1.5,16.1,0.2,0.0,4.0,4.0,168.0,-1.9,1.8,-0.2,7.7,86.0,1.5,14.3,8.4,0.479,14.6,0.1,0.0,0.008,,0.0,7.0,0.0,0.0,4.0,4.0,0.0,3.0,18.0,168.0,-7.3,-18.6,0.0,27.0,0.0,73.0,0.0,86.0,5.0,3.0,2.4,5.5,0.444,3.0,9.1,0.333,2.7,,1.8,7.0,111.0,0.479,5.5,14.5,0.375,0.0,0.0,,4.0,4.0,168.0,0.9,91.0,3.6,13.9,86.0,1.5,2.4,7.9,1.7,3.9,0.444,2.1,6.4,0.333,1.9,,1.3,4.9,0.479,3.9,10.3,0.375,0.0,0.0,,4.0,4.0,168.0,0.6,2.6,9.9,86.0,1.1,1.7,5.6,2.0,4.5,0.444,2.5,7.5,0.333,2.3,,1.5,5.8,0.479,4.5,12.0,0.375,0.0,0.0,,4.0,4.0,42.0,0.8,3.0,11.5,65.0,1.3,2.0,6.5,1.0,0.0,,0.0,0.133,19.1,2.0,0.083,0.375,0.5,0.5,1.0,0.444,0.0,0.333,4.0,4.0,168.0,0.625,1.0,0.208,0.083,0.021,0.375,0.063,0.625,86.0,8.0,18.0,0.444,10.0,30.0,0.333,9.0,,6.0,23.0,0.479,18.0,48.0,0.375,0.0,0.0,,4.0,4.0,168.0,3.0,12.0,46.0,100.0,5.0,8.0,26.0,0.0
connapa01,Pat Connaughton,https://www.basketball-reference.com/players/c/connapa01.html,2023-24,2024,31.0,MIL,SF,SF,37.0,SF,76.0,3.0,1676.0,69.0,109.0,0.633,82.0,238.0,0.345,161.0,,19.0,188.0,0.553,151.0,347.0,0.435,44.0,58.0,0.759,51.0,99.0,428.0,240.0,40.0,49.0,239.0,0.0,0.9,1.4,0.633,1.1,3.1,0.345,2.1,,0.3,2.5,0.553,2.0,4.6,0.435,0.6,0.8,0.759,76.0,3.0,22.1,0.7,1.3,5.6,311.0,0.5,0.6,3.1,1.5,2.3,0.633,1.8,5.1,0.345,3.5,,0.4,4.0,0.553,3.2,7.5,0.435,0.9,1.2,0.759,76.0,3.0,1676.0,1.1,2.1,9.2,166.0,0.9,1.1,5.1,2.0,3.1,0.633,2.4,6.8,0.345,4.6,,0.5,5.4,118.0,0.553,4.3,9.9,0.435,1.3,1.7,0.759,76.0,3.0,1676.0,1.5,120.0,2.8,12.3,166.0,1.1,1.4,6.9,0.686,12.0,,1.0,-1.6,0.0,12.0,1.2,0.167,76.0,3.0,1676.0,-1.6,3.4,1.6,9.6,166.0,1.1,11.6,7.8,0.574,10.9,0.2,2.8,0.08,,4,62,9,20,76,3,6,10,395,1676,-6.9,-1.2,0,2,2,56,41,166,30,13,0.0,0.0,,0.406,0.403,18.2,3.0,0.017,0.435,0.789,0.0,1.0,0.633,0.333,0.345,76.0,3.0,1676.0,0.667,0.963,0.205,0.003,0.003,0.314,0.104,0.686,166.0,4.7,-4.1,,76.0,3.0,116.0,174.0,94.0,101.0,92.0,97.0,68.0,99.0,1676.0,166.0,0.633,0.686,0.345,0.553,0.435,0.759,0.167,0.574,,6.0,0.0,105.0,111.0,75.0,91.0,93.0,128.0,33.0,90.0,124.0,110.0,0.571,0.44,0.273,0.5,0.44,1.0,0.08,0.522,0.44,14.0,,0.8,0.5,2.7,18.1,0.1,0.08,6.0,0.0,124.0,-2.2,2.7,0.1,11.7,110.0,2.5,10.4,10.5,0.522,10.7,0.1,0.2,0.073,,0.0,4.0,0.0,1.0,6.0,0.0,1.0,3.0,29.0,124.0,6.9,0.5,0.0,14.0,0.0,61.0,26.0,110.0,2.0,1.0,3.3,5.8,0.571,1.2,4.6,0.273,5.4,,0.4,8.3,116.0,0.5,4.6,10.4,0.44,0.8,0.8,1.0,6.0,0.0,124.0,1.2,116.0,2.5,11.2,110.0,2.5,1.2,9.5,2.3,4.1,0.571,0.9,3.2,0.273,3.8,,0.3,5.8,0.5,3.2,7.3,0.44,0.6,0.6,1.0,6.0,0.0,124.0,0.9,1.7,7.8,110.0,1.7,0.9,6.7,1.3,2.3,0.571,0.5,1.8,0.273,2.2,,0.2,3.3,0.5,1.8,4.2,0.44,0.3,0.3,1.0,6.0,0.0,20.7,0.5,1.0,4.5,120.0,1.0,0.5,3.8,0.0,0.0,,0.333,0.273,12.9,0.0,0.0,0.44,0.6,,,0.571,0.5,0.273,6.0,0.0,124.0,0.125,1.0,0.4,0.0,0.0,0.56,0.16,0.44,110.0,8.0,14.0,0.571,3.0,11.0,0.273,13.0,,1.0,20.0,0.5,11.0,25.0,0.44,2.0,2.0,1.0,6.0,0.0,124.0,3.0,6.0,27.0,124.0,6.0,3.0,23.0,0.0
braunch01,Christian Braun,https://www.basketball-reference.com/players/b/braunch01.html,2023-24,2024,22.0,DEN,SG,SF,38.0,SF,82.0,4.0,1655.0,159.0,319.0,0.498,63.0,164.0,0.384,132.0,,35.0,227.0,0.525,222.0,483.0,0.46,93.0,134.0,0.694,79.0,137.0,600.0,184.0,42.0,55.0,306.0,0.0,1.9,3.9,0.498,0.8,2.0,0.384,1.6,,0.4,2.8,0.525,2.7,5.9,0.46,1.1,1.6,0.694,82.0,4.0,20.2,1.0,1.7,7.3,243.0,0.5,0.7,3.7,3.5,6.9,0.498,1.4,3.6,0.384,2.9,,0.8,4.9,0.525,4.8,10.5,0.46,2.0,2.9,0.694,82.0,4.0,1655.0,1.7,3.0,13.1,167.0,0.9,1.2,6.7,4.8,9.6,0.498,1.9,4.9,0.384,4.0,,1.0,6.8,114.0,0.525,6.6,14.5,0.46,2.8,4.0,0.694,82.0,4.0,1655.0,2.4,116.0,4.1,18.0,167.0,1.3,1.6,9.2,0.34,10.2,,1.8,-1.9,-0.2,14.8,2.0,0.277,82.0,4.0,1655.0,-1.7,5.4,1.5,12.1,167.0,1.3,9.2,10.2,0.554,15.7,0.0,3.4,0.1,,13,70,4,67,82,4,14,46,315,1655,-7.5,1.2,0,1,1,57,41,167,20,15,1.0,0.0,,0.304,0.341,11.4,30.0,0.068,0.46,0.667,0.083,0.333,0.498,0.339,0.384,82.0,4.0,1655.0,0.692,0.937,0.342,0.025,0.031,0.66,0.263,0.34,167.0,-21.0,-28.7,,82.0,4.0,91.0,86.0,105.0,96.0,97.0,88.0,114.0,95.0,1655.0,167.0,0.498,0.34,0.384,0.525,0.46,0.694,0.277,0.554,,12.0,0.0,97.0,84.0,61.0,85.0,90.0,88.0,121.0,86.0,204.0,65.0,0.528,0.333,0.222,0.463,0.426,0.688,0.296,0.5,0.333,6.3,,2.3,-2.2,-0.3,13.2,0.2,0.296,12.0,0.0,204.0,-1.9,4.9,0.1,10.0,65.0,0.5,1.6,8.9,0.5,14.0,0.0,0.3,0.076,,0.0,13.0,0.0,9.0,12.0,0.0,2.0,8.0,22.0,204.0,6.2,1.6,0.0,8.0,0.0,75.0,17.0,65.0,0.0,0.0,4.8,9.2,0.528,1.0,4.6,0.222,2.3,,1.3,5.9,115.0,0.463,5.9,13.8,0.426,2.8,4.1,0.688,12.0,0.0,204.0,2.3,114.0,4.6,15.5,65.0,0.5,0.3,8.1,3.4,6.4,0.528,0.7,3.2,0.222,1.6,,0.9,4.1,0.463,4.1,9.5,0.426,1.9,2.8,0.688,12.0,0.0,204.0,1.6,3.2,10.8,65.0,0.4,0.2,5.6,1.6,3.0,0.528,0.3,1.5,0.222,0.8,,0.4,1.9,0.463,1.9,4.5,0.426,0.9,1.3,0.688,12.0,0.0,17.0,0.8,1.5,5.1,116.0,0.2,0.1,2.7,0.0,0.0,,0.2,0.278,10.8,4.0,0.074,0.426,0.609,0.333,0.0,0.528,0.444,0.222,12.0,0.0,204.0,0.789,1.0,0.426,0.056,0.019,0.667,0.167,0.333,65.0,19.0,36.0,0.528,4.0,18.0,0.222,9.0,,5.0,23.0,0.463,23.0,54.0,0.426,11.0,16.0,0.688,12.0,0.0,204.0,9.0,18.0,61.0,83.0,2.0,1.0,32.0,0.0
fontesi01,Simone Fontecchio,https://www.basketball-reference.com/players/f/fontesi01.html,2023-24,2024,28.0,2TM,SF,SF,39.0,SF,66.0,43.0,1644.0,118.0,214.0,0.551,134.0,334.0,0.401,101.0,,23.0,182.0,0.582,252.0,548.0,0.46,54.0,66.0,0.818,64.0,110.0,692.0,163.0,44.0,68.0,246.0,0.0,1.8,3.2,0.551,2.0,5.1,0.401,1.5,,0.3,2.8,0.582,3.8,8.3,0.46,0.8,1.0,0.818,66.0,43.0,24.9,1.0,1.7,10.5,167.0,0.7,1.0,3.7,2.6,4.7,0.551,2.9,7.3,0.401,2.2,,0.5,4.0,0.582,5.5,12.0,0.46,1.2,1.4,0.818,66.0,43.0,1644.0,1.4,2.4,15.2,168.0,1.0,1.5,5.4,3.5,6.3,0.551,3.9,9.8,0.401,3.0,,0.7,5.3,121.0,0.582,7.4,16.1,0.46,1.6,1.9,0.818,66.0,43.0,1644.0,1.9,117.0,3.2,20.3,168.0,1.3,2.0,7.2,0.609,8.7,,1.2,-1.0,-1.0,12.2,0.6,0.12,66.0,43.0,1644.0,0.0,4.3,1.5,12.1,168.0,1.3,10.5,8.3,0.6,16.5,0.4,2.1,0.061,,8,50,6,33,66,43,9,35,233,1644,6.9,-0.8,0,26,0,74,0,168,33,19,0.0,0.0,,0.428,0.434,16.8,21.0,0.049,0.46,0.656,0.389,0.667,0.551,0.474,0.401,66.0,43.0,1644.0,0.729,0.978,0.17,0.033,0.011,0.391,0.177,0.609,168.0,39.0,22.6,,66.0,43.0,101.0,154.0,110.0,107.0,97.0,104.0,49.0,103.0,1644.0,168.0,0.551,0.609,0.401,0.582,0.46,0.818,0.12,0.6,,,,,,,,,,,,,,,,,,,,,,,,,,,,,,,,,,,,,,,,,,,,,,,,,,,,,,,,,,,,,,,,,,,,,,,,,,,,,,,,,,,,,,,,,,,,,,,,,,,,,,,,,,,,,,,,,,,,,,,,,,,,,,,,,,,,,,,,,,,,,,,,,,,,,,,,,,,,,,,,,,,,,,,,,,,,,,,,,,,,,,,,,,,,,,,,,,,,,,,,,,,,,
agbajoc01,Ochai Agbaji,https://www.basketball-reference.com/players/a/agbajoc01.html,2023-24,2024,23.0,2TM,SG,SF,40.0,SF,78.0,28.0,1641.0,116.0,222.0,0.523,62.0,211.0,0.294,83.0,,44.0,142.0,0.483,178.0,433.0,0.411,37.0,56.0,0.661,74.0,117.0,455.0,234.0,47.0,64.0,216.0,0.0,1.5,2.8,0.523,0.8,2.7,0.294,1.1,,0.6,1.8,0.483,2.3,5.6,0.411,0.5,0.7,0.661,78.0,28.0,21.0,0.9,1.5,5.8,304.0,0.6,0.8,2.8,2.5,4.9,0.523,1.4,4.6,0.294,1.8,,1.0,3.1,0.483,3.9,9.5,0.411,0.8,1.2,0.661,78.0,28.0,1641.0,1.6,2.6,10.0,169.0,1.0,1.4,4.7,3.4,6.5,0.523,1.8,6.2,0.294,2.4,,1.3,4.2,121.0,0.483,5.2,12.7,0.411,1.1,1.6,0.661,78.0,28.0,1641.0,2.2,102.0,3.4,13.4,169.0,1.4,1.9,6.4,0.487,6.6,,2.4,-4.4,-0.9,9.6,0.6,0.129,78.0,28.0,1641.0,-3.5,4.9,-0.5,7.7,169.0,1.4,12.3,7.2,0.497,13.4,-1.0,0.1,0.002,,11,61,3,30,78,28,13,41,201,1641,-1.6,-6.8,0,4,0,76,19,169,25,18,1.0,0.0,,0.365,0.455,13.7,31.0,0.085,0.411,0.664,0.438,0.2,0.523,0.329,0.294,78.0,28.0,1641.0,0.75,0.984,0.289,0.037,0.012,0.513,0.176,0.487,169.0,-55.3,-75.8,,78.0,28.0,96.0,123.0,80.0,88.0,87.0,84.0,53.0,86.0,1641.0,169.0,0.523,0.487,0.294,0.483,0.411,0.661,0.129,0.497,,,,,,,,,,,,,,,,,,,,,,,,,,,,,,,,,,,,,,,,,,,,,,,,,,,,,,,,,,,,,,,,,,,,,,,,,,,,,,,,,,,,,,,,,,,,,,,,,,,,,,,,,,,,,,,,,,,,,,,,,,,,,,,,,,,,,,,,,,,,,,,,,,,,,,,,,,,,,,,,,,,,,,,,,,,,,,,,,,,,,,,,,,,,,,,,,,,,,,,,,,,,,
thompau01,Ausar Thompson,https://www.basketball-reference.com/players/t/thompau01.html,2023-24,2024,21.0,DET,SF,SF,41.0,SF,63.0,38.0,1583.0,211.0,367.0,0.575,21.0,113.0,0.186,120.0,,59.0,273.0,0.505,232.0,480.0,0.483,71.0,119.0,0.597,129.0,175.0,556.0,200.0,68.0,84.0,402.0,0.0,3.3,5.8,0.575,0.3,1.8,0.186,1.9,,0.9,4.3,0.505,3.7,7.6,0.483,1.1,1.9,0.597,63.0,38.0,25.1,2.0,2.8,8.8,209.0,1.1,1.3,6.4,4.8,8.3,0.575,0.5,2.6,0.186,2.7,,1.3,6.2,0.505,5.3,10.9,0.483,1.6,2.7,0.597,63.0,38.0,1583.0,2.9,4.0,12.6,176.0,1.5,1.9,9.1,6.4,11.2,0.575,0.6,3.4,0.186,3.6,,1.8,8.3,115.0,0.505,7.1,14.6,0.483,2.2,3.6,0.597,63.0,38.0,1583.0,3.9,107.0,5.3,16.9,176.0,2.1,2.6,12.2,0.235,10.8,,3.2,-2.2,0.6,19.6,1.7,0.248,63.0,38.0,1583.0,-2.8,8.9,0.1,12.8,176.0,2.1,13.6,14.2,0.522,16.6,-0.1,1.8,0.053,,5,75,23,61,63,38,15,33,288,1583,5.5,-5.6,0,28,0,70,2,176,36,35,4.0,0.0,,0.231,0.575,9.8,79.0,0.183,0.483,0.652,0.458,0.308,0.575,0.544,0.186,63.0,38.0,1583.0,0.673,0.952,0.377,0.05,0.054,0.765,0.283,0.235,176.0,-39.7,-61.5,,63.0,38.0,105.0,60.0,51.0,92.0,102.0,76.0,101.0,90.0,1583.0,176.0,0.575,0.235,0.186,0.505,0.483,0.597,0.248,0.522,,,,,,,,,,,,,,,,,,,,,,,,,,,,,,,,,,,,,,,,,,,,,,,,,,,,,,,,,,,,,,,,,,,,,,,,,,,,,,,,,,,,,,,,,,,,,,,,,,,,,,,,,,,,,,,,,,,,,,,,,,,,,,,,,,,,,,,,,,,,,,,,,,,,,,,,,,,,,,,,,,,,,,,,,,,,,,,,,,,,,,,,,,,,,,,,,,,,,,,,,,,,,
mathube01,Bennedict Mathurin,https://www.basketball-reference.com/players/m/mathube01.html,2023-24,2024,21.0,IND,SF,SF,42.0,SF,59.0,19.0,1538.0,216.0,449.0,0.481,80.0,214.0,0.374,119.0,,14.0,174.0,0.507,296.0,663.0,0.446,184.0,224.0,0.821,60.0,117.0,856.0,128.0,35.0,97.0,234.0,0.0,3.7,7.6,0.481,1.4,3.6,0.374,2.0,,0.2,2.9,0.507,5.0,11.2,0.446,3.1,3.8,0.821,59.0,19.0,26.1,1.0,2.0,14.5,102.0,0.6,1.6,4.0,5.1,10.5,0.481,1.9,5.0,0.374,2.8,,0.3,4.1,0.507,6.9,15.5,0.446,4.3,5.2,0.821,59.0,19.0,1538.0,1.4,2.7,20.0,179.0,0.8,2.3,5.5,6.6,13.8,0.481,2.5,6.6,0.374,3.7,,0.4,5.3,121.0,0.507,9.1,20.3,0.446,5.6,6.9,0.821,59.0,19.0,1538.0,1.8,110.0,3.6,26.3,179.0,1.1,3.0,7.2,0.323,9.8,,0.7,-3.4,-2.3,12.8,0.7,0.338,59.0,19.0,1538.0,-1.2,4.4,0.8,13.0,179.0,1.1,11.3,8.6,0.562,23.4,-0.6,1.4,0.045,,14,64,9,113,59,19,27,74,290,1538,-8.7,-2.3,0,26,0,70,4,179,43,26,0.0,0.0,,0.435,0.107,12.4,17.0,0.03,0.446,0.582,0.458,0.425,0.481,0.393,0.374,59.0,19.0,1538.0,0.583,0.75,0.275,0.089,0.06,0.677,0.253,0.323,179.0,-52.7,-27.4,,59.0,19.0,88.0,82.0,102.0,93.0,94.0,105.0,138.0,97.0,1538.0,179.0,0.481,0.323,0.374,0.507,0.446,0.821,0.338,0.562,,,,,,,,,,,,,,,,,,,,,,,,,,,,,,,,,,,,,,,,,,,,,,,,,,,,,,,,,,,,,,,,,,,,,,,,,,,,,,,,,,,,,,,,,,,,,,,,,,,,,,,,,,,,,,,,,,,,,,,,,,,,,,,,,,,,,,,,,,,,,,,,,,,,,,,,,,,,,,,,,,,,,,,,,,,,,,,,,,,,,,,,,,,,,,,,,,,,,,,,,,,,,
greenjo02,Josh Green,https://www.basketball-reference.com/players/g/greenjo02.html,2023-24,2024,23.0,DAL,SG,SF,43.0,SF,57.0,33.0,1505.0,107.0,187.0,0.572,72.0,187.0,0.385,130.0,,9.0,144.0,0.575,179.0,374.0,0.479,39.0,57.0,0.684,40.0,107.0,469.0,231.0,47.0,60.0,184.0,0.0,1.9,3.3,0.572,1.3,3.3,0.385,2.3,,0.2,2.5,0.575,3.1,6.6,0.479,0.7,1.0,0.684,57.0,33.0,26.4,0.7,1.9,8.2,220.0,0.8,1.1,3.2,2.6,4.5,0.572,1.7,4.5,0.385,3.1,,0.2,3.4,0.575,4.3,8.9,0.479,0.9,1.4,0.684,57.0,33.0,1505.0,1.0,2.6,11.2,185.0,1.1,1.4,4.4,3.4,6.0,0.572,2.3,6.0,0.385,4.1,,0.3,4.6,117.0,0.575,5.7,11.9,0.479,1.2,1.8,0.684,57.0,33.0,1505.0,1.3,115.0,3.4,15.0,185.0,1.5,1.9,5.9,0.5,11.1,,0.5,-2.7,-0.3,10.4,1.2,0.152,57.0,33.0,1505.0,-2.4,2.9,1.0,9.9,185.0,1.5,13.1,6.7,0.588,13.1,-0.3,2.2,0.071,,12,45,29,22,57,33,6,30,320,1505,-6.9,-2.1,0,2,1,60,37,185,32,15,0.0,0.0,,0.385,0.626,14.5,31.0,0.091,0.479,0.768,0.294,0.5,0.572,0.339,0.385,57.0,33.0,1505.0,0.748,0.958,0.265,0.045,0.032,0.5,0.158,0.5,185.0,21.2,6.1,,57.0,33.0,105.0,127.0,105.0,105.0,101.0,87.0,62.0,101.0,1505.0,185.0,0.572,0.5,0.385,0.575,0.479,0.684,0.152,0.588,,22.0,0.0,92.0,176.0,107.0,102.0,89.0,94.0,91.0,101.0,399.0,33.0,0.5,0.694,0.39,0.559,0.424,0.737,0.224,0.584,0.694,8.0,,0.7,2.4,2.1,10.0,0.4,0.224,22.0,0.0,399.0,0.3,6.1,0.6,12.0,33.0,2.2,7.0,8.0,0.584,11.4,0.4,1.1,0.13,,2.0,12.0,6.0,8.0,22.0,0.0,1.0,4.0,59.0,399.0,-0.2,3.6,0.0,6.0,0.0,77.0,17.0,33.0,3.0,2.0,1.7,3.4,0.5,3.0,7.7,0.39,3.0,,0.4,4.6,113.0,0.559,4.7,11.1,0.424,1.8,2.5,0.737,22.0,0.0,399.0,2.7,128.0,3.8,14.2,33.0,2.2,0.9,7.3,1.2,2.3,0.5,2.1,5.3,0.39,2.1,,0.3,3.2,0.559,3.2,7.7,0.424,1.3,1.7,0.737,22.0,0.0,399.0,1.9,2.6,9.8,33.0,1.5,0.6,5.1,0.6,1.2,0.5,1.0,2.7,0.39,1.0,,0.1,1.6,0.559,1.6,3.9,0.424,0.6,0.9,0.737,22.0,0.0,18.1,1.0,1.3,5.0,117.0,0.8,0.3,2.5,0.0,0.0,,0.366,0.695,17.9,2.0,0.059,0.424,0.714,0.5,0.0,0.5,0.222,0.39,22.0,0.0,399.0,0.538,1.0,0.165,0.024,0.012,0.306,0.106,0.694,33.0,13.0,26.0,0.5,23.0,59.0,0.39,23.0,,3.0,35.0,0.559,36.0,85.0,0.424,14.0,19.0,0.737,22.0,0.0,399.0,21.0,29.0,109.0,57.0,17.0,7.0,56.0,0.0
middlkh01,Khris Middleton,https://www.basketball-reference.com/players/m/middlkh01.html,2023-24,2024,32.0,MIL,SF,SF,44.0,SF,55.0,55.0,1487.0,223.0,396.0,0.563,94.0,247.0,0.381,292.0,,15.0,217.0,0.566,317.0,643.0,0.493,100.0,120.0,0.833,40.0,141.0,828.0,138.0,51.0,127.0,257.0,1.0,4.1,7.2,0.563,1.7,4.5,0.381,5.3,,0.3,3.9,0.566,5.8,11.7,0.493,1.8,2.2,0.833,55.0,55.0,27.0,0.7,2.6,15.1,97.0,0.9,2.3,4.7,5.4,9.6,0.563,2.3,6.0,0.381,7.1,,0.4,5.3,0.566,7.7,15.6,0.493,2.4,2.9,0.833,55.0,55.0,1487.0,1.0,3.4,20.0,190.0,1.2,3.1,6.2,7.2,12.8,0.563,3.0,8.0,0.381,9.4,,0.5,7.0,116.0,0.566,10.2,20.8,0.493,3.2,3.9,0.833,55.0,55.0,1487.0,1.3,115.0,4.6,26.8,190.0,1.6,4.1,8.3,0.384,28.9,,0.9,1.1,0.0,15.7,1.4,0.187,55.0,55.0,1487.0,1.1,3.0,1.9,17.0,190.0,1.6,15.4,9.5,0.595,23.9,1.2,3.4,0.109,,6,67,11,48,55,55,9,26,666,1487,1.8,3.9,0,9,0,89,3,190,72,44,0.0,0.0,,0.413,0.186,16.7,2.0,0.005,0.493,0.708,0.517,0.578,0.563,0.51,0.381,55.0,55.0,1487.0,0.372,0.702,0.101,0.187,0.17,0.616,0.159,0.384,190.0,25.2,20.9,,55.0,55.0,103.0,97.0,104.0,104.0,104.0,106.0,76.0,103.0,1487.0,190.0,0.563,0.384,0.381,0.566,0.493,0.833,0.187,0.595,,6.0,6.0,97.0,69.0,97.0,97.0,102.0,115.0,108.0,100.0,230.0,58.0,0.53,0.272,0.355,0.531,0.482,0.9,0.263,0.582,0.272,20.4,,0.4,0.5,-0.6,21.0,0.1,0.263,6.0,6.0,230.0,1.1,5.9,0.5,20.4,58.0,0.7,9.9,13.5,0.582,28.2,0.1,0.6,0.123,,3.0,9.0,2.0,13.0,6.0,6.0,3.0,6.0,67.0,230.0,14.9,-0.2,0.0,36.0,0.0,64.0,0.0,58.0,7.0,3.0,9.8,18.6,0.53,2.5,6.9,0.355,6.3,,0.2,9.6,119.0,0.531,12.3,25.5,0.482,6.0,6.7,0.9,6.0,6.0,230.0,2.7,118.0,5.6,33.1,58.0,0.7,3.1,12.3,6.9,13.0,0.53,1.7,4.9,0.355,4.4,,0.2,6.7,0.531,8.6,17.8,0.482,4.2,4.7,0.9,6.0,6.0,230.0,1.9,3.9,23.2,58.0,0.5,2.2,8.6,7.3,13.8,0.53,1.8,5.2,0.355,4.7,,0.2,7.2,0.531,9.2,19.0,0.482,4.5,5.0,0.9,6.0,6.0,38.3,2.0,4.2,24.7,16.0,0.5,2.3,9.2,0.0,0.0,,0.4,0.161,15.2,0.0,0.0,0.482,0.875,0.323,0.579,0.53,0.64,0.355,6.0,6.0,230.0,0.409,0.455,0.07,0.272,0.167,0.728,0.219,0.272,58.0,44.0,83.0,0.53,11.0,31.0,0.355,28.0,,1.0,43.0,0.531,55.0,114.0,0.482,27.0,30.0,0.9,6.0,6.0,230.0,12.0,25.0,148.0,41.0,3.0,14.0,55.0,0.0
thybuma01,Matisse Thybulle,https://www.basketball-reference.com/players/t/thybuma01.html,2023-24,2024,26.0,POR,SF,SF,44.0,SF,65.0,19.0,1487.0,46.0,86.0,0.535,80.0,231.0,0.346,90.0,,49.0,106.0,0.524,126.0,317.0,0.397,22.0,29.0,0.759,30.0,93.0,354.0,268.0,113.0,40.0,136.0,0.0,0.7,1.3,0.535,1.2,3.6,0.346,1.4,,0.8,1.6,0.524,1.9,4.9,0.397,0.3,0.4,0.759,65.0,19.0,22.9,0.5,1.4,5.4,324.0,1.7,0.6,2.1,1.1,2.1,0.535,1.9,5.6,0.346,2.2,,1.2,2.6,0.524,3.1,7.7,0.397,0.5,0.7,0.759,65.0,19.0,1487.0,0.7,2.3,8.6,189.0,2.7,1.0,3.3,1.5,2.9,0.535,2.7,7.7,0.346,3.0,,1.6,3.5,114.0,0.524,4.2,10.5,0.397,0.7,1.0,0.759,65.0,19.0,1487.0,1.0,111.0,3.1,11.8,189.0,3.8,1.3,4.5,0.729,8.3,,3.0,0.6,3.4,8.5,1.8,0.091,65.0,19.0,1487.0,-2.8,2.1,0.4,10.4,189.0,3.8,10.8,5.1,0.537,10.6,0.9,2.2,0.072,,3,47,14,14,65,19,2,12,212,1487,3.1,-7.5,0,5,0,65,30,189,24,9,1.0,0.0,,0.382,0.385,19.3,8.0,0.025,0.397,0.643,0.75,0.0,0.535,0.421,0.346,65.0,19.0,1487.0,0.63,1.0,0.132,0.013,0.006,0.271,0.12,0.729,189.0,-14.5,-28.5,,65.0,19.0,98.0,185.0,95.0,96.0,84.0,97.0,37.0,93.0,1487.0,189.0,0.535,0.729,0.346,0.524,0.397,0.759,0.091,0.537,,,,,,,,,,,,,,,,,,,,,,,,,,,,,,,,,,,,,,,,,,,,,,,,,,,,,,,,,,,,,,,,,,,,,,,,,,,,,,,,,,,,,,,,,,,,,,,,,,,,,,,,,,,,,,,,,,,,,,,,,,,,,,,,,,,,,,,,,,,,,,,,,,,,,,,,,,,,,,,,,,,,,,,,,,,,,,,,,,,,,,,,,,,,,,,,,,,,,,,,,,,,,
champju02,Julian Champagnie,https://www.basketball-reference.com/players/c/champju02.html,2023-24,2024,22.0,SAS,SF,SF,46.0,SF,74.0,59.0,1468.0,63.0,125.0,0.504,101.0,277.0,0.365,103.0,,42.0,164.0,0.534,164.0,402.0,0.408,75.0,92.0,0.815,42.0,77.0,504.0,221.0,48.0,57.0,206.0,0.0,0.9,1.7,0.504,1.4,3.7,0.365,1.4,,0.6,2.2,0.534,2.2,5.4,0.408,1.0,1.2,0.815,74.0,59.0,19.8,0.6,1.0,6.8,268.0,0.6,0.8,2.8,1.5,3.1,0.504,2.5,6.8,0.365,2.5,,1.0,4.0,0.534,4.0,9.9,0.408,1.8,2.3,0.815,74.0,59.0,1468.0,1.0,1.9,12.4,192.0,1.2,1.4,5.1,2.0,4.0,0.504,3.3,9.0,0.365,3.3,,1.4,5.3,117.0,0.534,5.3,13.0,0.408,2.4,3.0,0.815,74.0,59.0,1468.0,1.4,111.0,2.5,16.3,192.0,1.6,1.8,6.7,0.689,9.3,,2.4,-1.9,-0.1,12.2,1.3,0.229,74.0,59.0,1468.0,-1.8,3.1,0.6,10.6,192.0,1.6,11.4,7.6,0.57,14.4,0.0,1.8,0.059,,3,46,5,42,74,59,6,20,242,1468,3.7,-4.0,0,28,0,68,4,192,31,10,0.0,0.0,,0.363,0.329,18.4,19.0,0.067,0.408,0.641,0.0,0.333,0.504,0.306,0.365,74.0,59.0,1468.0,0.857,0.98,0.194,0.012,0.015,0.311,0.09,0.689,192.0,-10.4,-9.3,,74.0,59.0,92.0,175.0,100.0,98.0,86.0,104.0,94.0,98.0,1468.0,192.0,0.504,0.689,0.365,0.534,0.408,0.815,0.229,0.57,,,,,,,,,,,,,,,,,,,,,,,,,,,,,,,,,,,,,,,,,,,,,,,,,,,,,,,,,,,,,,,,,,,,,,,,,,,,,,,,,,,,,,,,,,,,,,,,,,,,,,,,,,,,,,,,,,,,,,,,,,,,,,,,,,,,,,,,,,,,,,,,,,,,,,,,,,,,,,,,,,,,,,,,,,,,,,,,,,,,,,,,,,,,,,,,,,,,,,,,,,,,,
coffeam01,Amir Coffey,https://www.basketball-reference.com/players/c/coffeam01.html,2023-24,2024,26.0,LAC,SF,SF,47.0,SF,70.0,13.0,1460.0,96.0,168.0,0.571,70.0,184.0,0.38,76.0,,14.0,119.0,0.571,166.0,352.0,0.472,61.0,71.0,0.859,29.0,102.0,463.0,233.0,41.0,33.0,148.0,0.0,1.4,2.4,0.571,1.0,2.6,0.38,1.1,,0.2,1.7,0.571,2.4,5.0,0.472,0.9,1.0,0.859,70.0,13.0,20.9,0.4,1.5,6.6,277.0,0.6,0.5,2.1,2.4,4.1,0.571,1.7,4.5,0.38,1.9,,0.3,2.9,0.571,4.1,8.7,0.472,1.5,1.8,0.859,70.0,13.0,1460.0,0.7,2.5,11.4,194.0,1.0,0.8,3.6,3.2,5.7,0.571,2.4,6.2,0.38,2.6,,0.5,4.0,118.0,0.571,5.6,11.9,0.472,2.1,2.4,0.859,70.0,13.0,1460.0,1.0,122.0,3.4,15.7,194.0,1.4,1.1,5.0,0.523,6.8,,0.9,-2.2,-0.3,8.9,1.0,0.202,70.0,13.0,1460.0,-1.9,2.3,1.6,10.0,194.0,1.4,7.9,5.7,0.604,12.5,-0.1,2.6,0.084,,5,58,7,34,70,13,12,20,190,1460,-10.3,-2.8,1,25,0,69,6,194,16,9,3.0,0.0,,0.424,0.5,16.6,7.0,0.023,0.472,0.774,0.489,0.357,0.571,0.5,0.38,70.0,13.0,1460.0,0.771,0.971,0.151,0.128,0.04,0.477,0.159,0.523,194.0,17.2,18.4,,70.0,13.0,105.0,132.0,104.0,104.0,99.0,110.0,83.0,104.0,1460.0,194.0,0.571,0.523,0.38,0.571,0.472,0.859,0.202,0.604,,6.0,3.0,67.0,127.0,75.0,71.0,67.0,,0.0,67.0,112.0,118.0,0.364,0.5,0.273,0.386,0.318,,0.0,0.386,0.5,2.6,,0.9,-7.1,-1.0,8.0,0.0,0.0,6.0,3.0,112.0,-6.1,2.1,-0.2,1.2,118.0,0.9,18.5,5.1,0.386,11.0,-0.1,-0.2,-0.084,,1.0,2.0,0.0,0.0,6.0,3.0,0.0,2.0,6.0,112.0,-13.0,-15.7,1.0,27.0,0.0,72.0,0.0,118.0,1.0,1.0,1.9,5.2,0.364,1.4,5.2,0.273,0.9,,0.5,3.8,121.0,0.386,3.3,10.4,0.318,0.0,0.0,,6.0,3.0,112.0,0.9,73.0,2.8,8.0,118.0,0.9,2.4,4.7,1.3,3.5,0.364,1.0,3.5,0.273,0.6,,0.3,2.6,0.386,2.3,7.1,0.318,0.0,0.0,,6.0,3.0,112.0,0.6,1.9,5.5,118.0,0.6,1.6,3.2,0.7,1.8,0.364,0.5,1.8,0.273,0.3,,0.2,1.3,0.386,1.2,3.7,0.318,0.0,0.0,,6.0,3.0,18.7,0.3,1.0,2.8,145.0,0.3,0.8,1.7,0.0,0.0,,0.167,0.545,15.9,0.0,0.0,0.318,0.5,0.667,,0.364,0.167,0.273,6.0,3.0,112.0,0.75,1.0,0.091,0.136,0.0,0.5,0.273,0.5,118.0,4.0,11.0,0.364,3.0,11.0,0.273,2.0,,1.0,8.0,0.386,7.0,22.0,0.318,0.0,0.0,,6.0,3.0,112.0,2.0,6.0,17.0,136.0,2.0,5.0,10.0,0.0
thompam01,Amen Thompson,https://www.basketball-reference.com/players/t/thompam01.html,2023-24,2024,21.0,HOU,SF,SF,48.0,SF,62.0,23.0,1388.0,231.0,388.0,0.595,8.0,58.0,0.138,163.0,,38.0,261.0,0.545,239.0,446.0,0.536,106.0,155.0,0.684,148.0,141.0,592.0,186.0,78.0,90.0,409.0,1.0,3.7,6.3,0.595,0.1,0.9,0.138,2.6,,0.6,4.2,0.545,3.9,7.2,0.536,1.7,2.5,0.684,62.0,23.0,22.4,2.4,2.3,9.5,193.0,1.3,1.5,6.6,6.0,10.1,0.595,0.2,1.5,0.138,4.2,,1.0,6.8,0.545,6.2,11.6,0.536,2.7,4.0,0.684,62.0,23.0,1388.0,3.8,3.7,15.4,203.0,2.0,2.3,10.6,8.1,13.6,0.595,0.3,2.0,0.138,5.7,,1.3,9.1,109.0,0.545,8.4,15.6,0.536,3.7,5.4,0.684,62.0,23.0,1388.0,5.2,118.0,4.9,20.7,203.0,2.7,3.1,14.3,0.13,17.0,,2.5,1.8,1.9,20.4,2.4,0.348,62.0,23.0,1388.0,-0.1,11.3,1.9,18.2,203.0,2.7,14.9,15.8,0.576,18.5,1.3,4.3,0.149,,9,63,12,82,62,23,27,38,395,1388,1.9,2.4,0,31,0,46,22,203,40,32,1.0,0.0,,0.118,0.293,6.9,88.0,0.217,0.536,0.714,0.292,0.333,0.595,0.464,0.138,62.0,23.0,1388.0,0.481,0.875,0.518,0.054,0.047,0.87,0.251,0.13,203.0,-1.5,-4.5,,62.0,23.0,109.0,33.0,38.0,100.0,113.0,87.0,142.0,99.0,1388.0,203.0,0.595,0.13,0.138,0.545,0.536,0.684,0.348,0.576,,,,,,,,,,,,,,,,,,,,,,,,,,,,,,,,,,,,,,,,,,,,,,,,,,,,,,,,,,,,,,,,,,,,,,,,,,,,,,,,,,,,,,,,,,,,,,,,,,,,,,,,,,,,,,,,,,,,,,,,,,,,,,,,,,,,,,,,,,,,,,,,,,,,,,,,,,,,,,,,,,,,,,,,,,,,,,,,,,,,,,,,,,,,,,,,,,,,,,,,,,,,,
highsha01,Haywood Highsmith,https://www.basketball-reference.com/players/h/highsha01.html,2023-24,2024,27.0,MIA,PF,SF,49.0,SF,66.0,26.0,1366.0,77.0,137.0,0.562,76.0,192.0,0.396,70.0,,30.0,145.0,0.581,153.0,329.0,0.465,23.0,36.0,0.639,65.0,117.0,405.0,249.0,53.0,34.0,210.0,0.0,1.2,2.1,0.562,1.2,2.9,0.396,1.1,,0.5,2.2,0.581,2.3,5.0,0.465,0.3,0.5,0.639,66.0,26.0,20.7,1.0,1.8,6.1,296.0,0.8,0.5,3.2,2.0,3.6,0.562,2.0,5.1,0.396,1.8,,0.8,3.8,0.581,4.0,8.7,0.465,0.6,0.9,0.639,66.0,26.0,1366.0,1.7,3.1,10.7,204.0,1.4,0.9,5.5,2.8,5.0,0.562,2.8,7.0,0.396,2.6,,1.1,5.3,112.0,0.581,5.6,12.0,0.465,0.8,1.3,0.639,66.0,26.0,1366.0,2.4,118.0,4.3,14.8,204.0,1.9,1.2,7.7,0.584,7.2,,2.1,-0.7,1.1,12.1,1.9,0.109,66.0,26.0,1366.0,-1.8,5.3,1.1,11.1,204.0,1.9,9.0,8.7,0.587,12.4,0.5,3.1,0.108,,5,68,5,13,66,26,4,14,175,1366,-0.9,1.4,0,43,0,55,2,204,20,4,0.0,0.0,,0.438,0.417,16.6,16.0,0.055,0.465,0.667,0.667,0.167,0.562,0.475,0.396,66.0,26.0,1366.0,0.636,0.987,0.191,0.027,0.018,0.416,0.179,0.584,204.0,22.4,5.0,,66.0,26.0,103.0,148.0,108.0,106.0,98.0,81.0,45.0,101.0,1366.0,204.0,0.562,0.584,0.396,0.581,0.465,0.639,0.109,0.587,,5.0,0.0,107.0,145.0,51.0,75.0,75.0,128.0,15.0,73.0,126.0,108.0,0.583,0.571,0.188,0.411,0.357,1.0,0.036,0.422,0.571,9.6,,0.9,-6.4,0.0,11.5,0.0,0.036,5.0,0.0,126.0,-6.4,1.8,-0.2,3.4,108.0,0.4,12.3,6.5,0.422,12.6,-0.1,-0.2,-0.06,,0.0,11.0,0.0,1.0,5.0,0.0,1.0,1.0,19.0,126.0,-14.8,-23.1,0.0,59.0,0.0,39.0,2.0,108.0,4.0,0.0,2.9,5.0,0.583,1.3,6.7,0.188,3.4,,0.4,5.0,121.0,0.411,4.2,11.8,0.357,0.4,0.4,1.0,5.0,0.0,126.0,0.8,85.0,5.9,10.1,108.0,0.4,1.7,5.9,2.0,3.4,0.583,0.9,4.6,0.188,2.3,,0.3,3.4,0.411,2.9,8.0,0.357,0.3,0.3,1.0,5.0,0.0,126.0,0.6,4.0,6.9,108.0,0.3,1.1,4.0,1.4,2.4,0.583,0.6,3.2,0.188,1.6,,0.2,2.4,0.411,2.0,5.6,0.357,0.2,0.2,1.0,5.0,0.0,25.2,0.4,2.8,4.8,119.0,0.2,0.8,2.8,1.0,0.0,,0.0,0.188,17.6,1.0,0.036,0.357,0.5,,,0.583,0.625,0.188,5.0,0.0,126.0,0.571,1.0,0.143,0.0,0.0,0.429,0.286,0.571,108.0,7.0,12.0,0.583,3.0,16.0,0.188,8.0,,1.0,12.0,0.411,10.0,28.0,0.357,1.0,1.0,1.0,5.0,0.0,126.0,2.0,14.0,24.0,128.0,1.0,4.0,14.0,0.0
murrakr01,Kris Murray,https://www.basketball-reference.com/players/m/murrakr01.html,2023-24,2024,23.0,POR,SF,SF,50.0,SF,62.0,29.0,1348.0,96.0,183.0,0.525,49.0,183.0,0.268,80.0,,21.0,139.0,0.463,145.0,366.0,0.396,37.0,56.0,0.661,85.0,92.0,376.0,258.0,53.0,55.0,224.0,0.0,1.5,3.0,0.525,0.8,3.0,0.268,1.3,,0.3,2.2,0.463,2.3,5.9,0.396,0.6,0.9,0.661,62.0,29.0,21.7,1.4,1.5,6.1,298.0,0.9,0.9,3.6,2.6,4.9,0.525,1.3,4.9,0.268,2.1,,0.6,3.7,0.463,3.9,9.8,0.396,1.0,1.5,0.661,62.0,29.0,1348.0,2.3,2.5,10.0,208.0,1.4,1.5,6.0,3.5,6.7,0.525,1.8,6.7,0.268,2.9,,0.8,5.1,118.0,0.463,5.3,13.4,0.396,1.4,2.1,0.661,62.0,29.0,1348.0,3.1,103.0,3.4,13.8,208.0,1.9,2.0,8.2,0.5,8.4,,1.4,-3.6,-0.2,12.3,1.0,0.153,62.0,29.0,1348.0,-3.5,6.7,-0.4,9.0,208.0,1.9,12.3,9.3,0.481,14.1,-0.6,0.7,0.024,,4,50,5,31,62,29,10,26,200,1348,4.6,-6.3,1,26,0,64,9,208,34,14,1.0,0.0,,0.299,0.475,14.1,21.0,0.06,0.396,0.657,0.455,0.0,0.525,0.333,0.268,62.0,29.0,1348.0,0.5,0.98,0.287,0.03,0.003,0.5,0.18,0.5,208.0,-61.1,-77.1,,62.0,29.0,96.0,127.0,73.0,85.0,84.0,84.0,63.0,83.0,1348.0,208.0,0.525,0.5,0.268,0.463,0.396,0.661,0.153,0.481,,,,,,,,,,,,,,,,,,,,,,,,,,,,,,,,,,,,,,,,,,,,,,,,,,,,,,,,,,,,,,,,,,,,,,,,,,,,,,,,,,,,,,,,,,,,,,,,,,,,,,,,,,,,,,,,,,,,,,,,,,,,,,,,,,,,,,,,,,,,,,,,,,,,,,,,,,,,,,,,,,,,,,,,,,,,,,,,,,,,,,,,,,,,,,,,,,,,,,,,,,,,,
dickgr01,Gradey Dick,https://www.basketball-reference.com/players/d/dickgr01.html,2023-24,2024,20.0,TOR,SG,SF,51.0,SF,60.0,17.0,1268.0,101.0,204.0,0.495,88.0,241.0,0.365,68.0,,2.0,105.0,0.524,189.0,445.0,0.425,44.0,51.0,0.863,27.0,87.0,510.0,217.0,34.0,50.0,132.0,0.0,1.7,3.4,0.495,1.5,4.0,0.365,1.1,,0.0,1.8,0.524,3.2,7.4,0.425,0.7,0.9,0.863,60.0,17.0,21.1,0.5,1.5,8.5,213.0,0.6,0.8,2.2,2.9,5.8,0.495,2.5,6.8,0.365,1.9,,0.1,3.0,0.524,5.4,12.6,0.425,1.2,1.4,0.863,60.0,17.0,1268.0,0.8,2.5,14.5,219.0,1.0,1.4,3.7,3.8,7.8,0.495,3.4,9.2,0.365,2.6,,0.1,4.0,122.0,0.524,7.2,16.9,0.425,1.7,1.9,0.863,60.0,17.0,1268.0,1.0,105.0,3.3,19.4,219.0,1.3,1.9,5.0,0.542,7.4,,0.1,-5.4,-2.2,9.3,0.4,0.115,60.0,17.0,1268.0,-3.2,2.3,-0.1,8.9,219.0,1.3,9.7,5.7,0.546,17.4,-1.1,0.3,0.01,,3,50,8,19,60,17,4,26,169,1268,-11.7,-14.4,0,28,1,46,25,219,26,16,3.0,0.0,,0.462,0.378,17.2,13.0,0.034,0.425,0.638,0.344,0.412,0.495,0.431,0.365,60.0,17.0,1268.0,0.842,0.977,0.18,0.072,0.076,0.458,0.13,0.542,219.0,-20.4,-32.2,,60.0,17.0,91.0,137.0,100.0,96.0,90.0,110.0,47.0,94.0,1268.0,219.0,0.495,0.542,0.365,0.524,0.425,0.863,0.115,0.546,,,,,,,,,,,,,,,,,,,,,,,,,,,,,,,,,,,,,,,,,,,,,,,,,,,,,,,,,,,,,,,,,,,,,,,,,,,,,,,,,,,,,,,,,,,,,,,,,,,,,,,,,,,,,,,,,,,,,,,,,,,,,,,,,,,,,,,,,,,,,,,,,,,,,,,,,,,,,,,,,,,,,,,,,,,,,,,,,,,,,,,,,,,,,,,,,,,,,,,,,,,,,
marshna01,Naji Marshall,https://www.basketball-reference.com/players/m/marshna01.html,2023-24,2024,26.0,NOP,SF,SF,52.0,SF,66.0,1.0,1257.0,112.0,217.0,0.516,58.0,150.0,0.387,128.0,,12.0,187.0,0.542,170.0,367.0,0.463,68.0,86.0,0.791,53.0,91.0,466.0,232.0,49.0,65.0,240.0,0.0,1.7,3.3,0.516,0.9,2.3,0.387,1.9,,0.2,2.8,0.542,2.6,5.6,0.463,1.0,1.3,0.791,66.0,1.0,19.0,0.8,1.4,7.1,252.0,0.7,1.0,3.6,3.2,6.2,0.516,1.7,4.3,0.387,3.7,,0.3,5.4,0.542,4.9,10.5,0.463,1.9,2.5,0.791,66.0,1.0,1257.0,1.5,2.6,13.3,220.0,1.4,1.9,6.9,4.4,8.5,0.516,2.3,5.9,0.387,5.0,,0.5,7.3,113.0,0.542,6.6,14.3,0.463,2.7,3.4,0.791,66.0,1.0,1257.0,2.1,115.0,3.5,18.2,220.0,1.9,2.5,9.4,0.409,13.6,,0.9,-0.7,0.5,16.4,1.6,0.234,66.0,1.0,1257.0,-1.3,4.8,1.0,12.7,220.0,1.9,13.8,10.6,0.576,16.3,0.4,2.6,0.1,,4,46,4,41,66,1,8,21,304,1257,6.8,9.3,0,20,1,53,26,220,36,14,8.0,1.0,,0.42,0.54,14.3,9.0,0.027,0.463,0.65,0.467,0.429,0.516,0.43,0.387,66.0,1.0,1257.0,0.563,0.966,0.218,0.082,0.038,0.591,0.253,0.409,220.0,-3.2,-3.6,,66.0,1.0,95.0,104.0,106.0,99.0,98.0,101.0,96.0,99.0,1257.0,220.0,0.516,0.409,0.387,0.542,0.463,0.791,0.234,0.576,,4.0,0.0,85.0,136.0,109.0,98.0,90.0,128.0,88.0,101.0,84.0,129.0,0.462,0.536,0.4,0.536,0.429,1.0,0.214,0.587,0.536,10.7,,2.4,3.7,1.8,11.2,0.1,0.214,4.0,0.0,84.0,1.9,3.6,0.1,13.9,129.0,1.2,6.1,7.1,0.587,17.0,0.1,0.2,0.124,,0.0,3.0,0.0,3.0,4.0,0.0,0.0,1.0,12.0,84.0,-5.0,-20.6,0.0,18.0,0.0,58.0,24.0,129.0,2.0,0.0,3.6,7.9,0.462,3.6,9.1,0.4,3.0,,1.2,4.8,114.0,0.536,7.3,17.0,0.429,3.6,3.6,1.0,4.0,0.0,84.0,1.8,122.0,5.5,21.8,129.0,1.2,1.2,6.7,2.6,5.6,0.462,2.6,6.4,0.4,2.1,,0.9,3.4,0.536,5.1,12.0,0.429,2.6,2.6,1.0,4.0,0.0,84.0,1.3,3.9,15.4,129.0,0.9,0.9,4.7,1.5,3.3,0.462,1.5,3.8,0.4,1.3,,0.5,2.0,0.536,3.0,7.0,0.429,1.5,1.5,1.0,4.0,0.0,21.0,0.8,2.3,9.0,79.0,0.5,0.5,2.8,0.0,0.0,,0.3,0.667,15.6,1.0,0.036,0.429,0.833,0.0,,0.462,0.25,0.4,4.0,0.0,84.0,0.333,1.0,0.214,0.107,0.0,0.464,0.143,0.536,129.0,6.0,13.0,0.462,6.0,15.0,0.4,5.0,,2.0,8.0,0.536,12.0,28.0,0.429,6.0,6.0,1.0,4.0,0.0,84.0,3.0,9.0,36.0,115.0,2.0,2.0,11.0,0.0
roddyda01,David Roddy,https://www.basketball-reference.com/players/r/roddyda01.html,2023-24,2024,22.0,2TM,PF,SF,53.0,SF,65.0,13.0,1177.0,117.0,245.0,0.478,48.0,164.0,0.293,80.0,,11.0,158.0,0.462,165.0,409.0,0.403,47.0,68.0,0.691,53.0,72.0,425.0,243.0,27.0,57.0,211.0,0.0,1.8,3.8,0.478,0.7,2.5,0.293,1.2,,0.2,2.4,0.462,2.5,6.3,0.403,0.7,1.0,0.691,65.0,13.0,18.1,0.8,1.1,6.5,282.0,0.4,0.9,3.2,3.6,7.5,0.478,1.5,5.0,0.293,2.4,,0.3,4.8,0.462,5.0,12.5,0.403,1.4,2.1,0.691,65.0,13.0,1177.0,1.6,2.2,13.0,229.0,0.8,1.7,6.5,4.9,10.2,0.478,2.0,6.8,0.293,3.3,,0.5,6.6,117.0,0.462,6.9,17.0,0.403,2.0,2.8,0.691,65.0,13.0,1177.0,2.2,98.0,3.0,17.6,229.0,1.1,2.4,8.8,0.401,10.3,,0.9,-5.0,-1.0,15.2,1.0,0.166,65.0,13.0,1177.0,-4.0,4.8,-0.9,8.7,229.0,1.1,11.5,9.8,0.484,18.1,-0.9,0.1,0.004,,3,37,5,37,65,13,8,33,201,1177,-2.7,-8.8,1,39,0,55,5,229,20,28,1.0,0.0,,0.373,0.311,12.2,12.0,0.042,0.403,0.639,0.25,0.0,0.478,0.356,0.293,65.0,13.0,1177.0,0.598,0.979,0.291,0.049,0.012,0.599,0.247,0.401,229.0,-69.0,-84.1,,65.0,13.0,88.0,102.0,80.0,85.0,85.0,88.0,68.0,83.0,1177.0,229.0,0.478,0.401,0.293,0.462,0.403,0.691,0.166,0.484,,2.0,0.0,,,,,,,,,3.0,210.0,,,,,,,,,,0.0,,0.0,-4.0,-1.2,0.0,0.0,,2.0,0.0,3.0,-2.8,0.0,0.0,0.0,210.0,0.0,,0.0,,0.0,0.0,0.0,-0.073,,0.0,0.0,0.0,0.0,2.0,0.0,0.0,0.0,0.0,3.0,117.1,100.0,0.0,17.0,0.0,83.0,0.0,210.0,0.0,0.0,0.0,0.0,,0.0,0.0,,0.0,,0.0,0.0,136.0,,0.0,0.0,,0.0,0.0,,2.0,0.0,3.0,0.0,,0.0,0.0,210.0,0.0,0.0,0.0,0.0,0.0,,0.0,0.0,,0.0,,0.0,0.0,,0.0,0.0,,0.0,0.0,,2.0,0.0,3.0,0.0,0.0,0.0,210.0,0.0,0.0,0.0,0.0,0.0,,0.0,0.0,,0.0,,0.0,0.0,,0.0,0.0,,0.0,0.0,,2.0,0.0,1.5,0.0,0.0,0.0,209.0,0.0,0.0,0.0,0.0,0.0,,,,,0.0,,,,,,,,,2.0,0.0,3.0,,,,,,,,,210.0,0.0,0.0,,0.0,0.0,,0.0,,0.0,0.0,,0.0,0.0,,0.0,0.0,,2.0,0.0,3.0,0.0,0.0,0.0,209.0,0.0,0.0,0.0,0.0
konchjo01,John Konchar,https://www.basketball-reference.com/players/k/konchjo01.html,2023-24,2024,27.0,MEM,SF,SF,54.0,SF,55.0,23.0,1173.0,50.0,88.0,0.568,38.0,120.0,0.317,110.0,,51.0,185.0,0.514,88.0,208.0,0.423,21.0,25.0,0.84,72.0,76.0,235.0,321.0,51.0,46.0,257.0,0.0,0.9,1.6,0.568,0.7,2.2,0.317,2.0,,0.9,3.4,0.514,1.6,3.8,0.423,0.4,0.5,0.84,55.0,23.0,21.3,1.3,1.4,4.3,382.0,0.9,0.8,4.7,1.5,2.7,0.568,1.2,3.7,0.317,3.4,,1.6,5.7,0.514,2.7,6.4,0.423,0.6,0.8,0.84,55.0,23.0,1173.0,2.2,2.3,7.2,232.0,1.6,1.4,7.9,2.1,3.7,0.568,1.6,5.0,0.317,4.6,,2.1,7.7,112.0,0.514,3.7,8.7,0.423,0.9,1.0,0.84,55.0,23.0,1173.0,3.0,114.0,3.2,9.8,232.0,2.1,1.9,10.7,0.577,13.0,,4.1,-0.4,2.2,18.0,1.7,0.12,55.0,23.0,1173.0,-2.6,6.5,0.5,11.4,232.0,2.1,17.4,12.0,0.537,9.7,0.5,2.2,0.091,,1,45,7,9,55,23,3,13,277,1173,1.9,-6.0,0,3,6,49,43,232,29,12,0.0,0.0,,0.271,0.492,15.1,3.0,0.014,0.423,0.657,0.0,,0.568,0.316,0.317,55.0,23.0,1173.0,0.68,1.0,0.322,0.01,0.0,0.423,0.091,0.577,232.0,-13.4,-19.0,,55.0,23.0,104.0,146.0,87.0,94.0,89.0,107.0,49.0,93.0,1173.0,232.0,0.568,0.577,0.317,0.514,0.423,0.84,0.12,0.537,,,,,,,,,,,,,,,,,,,,,,,,,,,,,,,,,,,,,,,,,,,,,,,,,,,,,,,,,,,,,,,,,,,,,,,,,,,,,,,,,,,,,,,,,,,,,,,,,,,,,,,,,,,,,,,,,,,,,,,,,,,,,,,,,,,,,,,,,,,,,,,,,,,,,,,,,,,,,,,,,,,,,,,,,,,,,,,,,,,,,,,,,,,,,,,,,,,,,,,,,,,,,
inglejo01,Joe Ingles,https://www.basketball-reference.com/players/i/inglejo01.html,2023-24,2024,36.0,ORL,SF,SF,55.0,SF,68.0,0.0,1169.0,29.0,66.0,0.439,70.0,161.0,0.435,203.0,,5.0,124.0,0.59,99.0,227.0,0.436,28.0,34.0,0.824,18.0,88.0,296.0,291.0,43.0,67.0,142.0,0.0,0.4,1.0,0.439,1.0,2.4,0.435,3.0,,0.1,1.8,0.59,1.5,3.3,0.436,0.4,0.5,0.824,68.0,0.0,17.2,0.3,1.3,4.4,373.0,0.6,1.0,2.1,0.9,2.0,0.439,2.2,5.0,0.435,6.3,,0.2,3.8,0.59,3.0,7.0,0.436,0.9,1.0,0.824,68.0,0.0,1169.0,0.6,2.7,9.1,234.0,1.3,2.1,4.4,1.2,2.8,0.439,3.0,6.8,0.435,8.6,,0.2,5.3,113.0,0.59,4.2,9.6,0.436,1.2,1.4,0.824,68.0,0.0,1169.0,0.8,119.0,3.7,12.5,234.0,1.8,2.8,6.0,0.709,23.0,,0.4,-0.5,1.2,12.6,1.5,0.15,68.0,0.0,1169.0,-1.7,1.8,1.1,10.6,234.0,1.8,21.7,7.1,0.612,11.6,0.5,2.6,0.108,,9,32,4,6,68,0,1,5,447,1169,5.2,5.5,0,6,0,76,18,234,43,14,2.0,0.0,,0.469,0.199,19.9,0.0,0.0,0.436,0.778,0.0,1.0,0.439,0.311,0.435,68.0,0.0,1169.0,0.448,0.929,0.079,0.009,0.004,0.291,0.198,0.709,234.0,19.9,15.3,,68.0,0.0,81.0,180.0,119.0,108.0,92.0,105.0,61.0,105.0,1169.0,234.0,0.439,0.709,0.435,0.59,0.436,0.824,0.15,0.612,,7.0,0.0,73.0,148.0,78.0,76.0,70.0,64.0,68.0,74.0,68.0,134.0,0.4,0.583,0.286,0.417,0.333,0.5,0.167,0.427,0.583,26.1,,0.0,2.6,4.0,18.9,0.2,0.167,7.0,0.0,68.0,-1.3,3.1,0.1,12.1,134.0,2.2,0.0,10.7,0.427,8.3,0.1,0.3,0.181,,0.0,1.0,0.0,0.0,7.0,0.0,0.0,0.0,29.0,68.0,3.4,8.4,0.0,1.0,3.0,75.0,22.0,134.0,0.0,0.0,1.5,3.7,0.4,1.5,5.2,0.286,9.0,,0.0,8.2,101.0,0.417,3.0,9.0,0.333,0.7,1.5,0.5,7.0,0.0,68.0,1.5,128.0,2.2,8.2,134.0,2.2,0.0,9.7,1.1,2.6,0.4,1.1,3.7,0.286,6.4,,0.0,5.8,0.417,2.1,6.4,0.333,0.5,1.1,0.5,7.0,0.0,68.0,1.1,1.6,5.8,134.0,1.6,0.0,6.9,0.3,0.7,0.4,0.3,1.0,0.286,1.7,,0.0,1.6,0.417,0.6,1.7,0.333,0.1,0.3,0.5,7.0,0.0,9.7,0.3,0.4,1.6,167.0,0.4,0.0,1.9,0.0,0.0,,,0.0,17.2,0.0,0.0,0.333,0.0,1.0,,0.4,1.0,0.286,7.0,0.0,68.0,0.5,1.0,0.25,0.083,0.0,0.417,0.083,0.583,134.0,2.0,5.0,0.4,2.0,7.0,0.286,12.0,,0.0,11.0,0.417,4.0,12.0,0.333,1.0,2.0,0.5,7.0,0.0,68.0,2.0,3.0,11.0,152.0,3.0,0.0,13.0,0.0
crowdja01,Jae Crowder,https://www.basketball-reference.com/players/c/crowdja01.html,2023-24,2024,33.0,MIL,PF,SF,56.0,SF,50.0,25.0,1156.0,56.0,104.0,0.538,58.0,166.0,0.349,66.0,,9.0,130.0,0.53,114.0,270.0,0.422,26.0,36.0,0.722,31.0,74.0,312.0,284.0,38.0,23.0,161.0,0.0,1.1,2.1,0.538,1.2,3.3,0.349,1.3,,0.2,2.6,0.53,2.3,5.4,0.422,0.5,0.7,0.722,50.0,25.0,23.1,0.6,1.5,6.2,294.0,0.8,0.5,3.2,1.7,3.2,0.538,1.8,5.2,0.349,2.1,,0.3,4.0,0.53,3.6,8.4,0.422,0.8,1.1,0.722,50.0,25.0,1156.0,1.0,2.3,9.7,239.0,1.2,0.7,5.0,2.3,4.3,0.538,2.4,6.9,0.349,2.7,,0.4,5.4,117.0,0.53,4.7,11.2,0.422,1.1,1.5,0.722,50.0,25.0,1156.0,1.3,114.0,3.1,13.0,239.0,1.6,1.0,6.7,0.615,7.2,,0.7,-2.6,0.0,12.1,1.0,0.133,50.0,25.0,1156.0,-2.6,3.0,0.6,8.9,239.0,1.6,7.4,7.6,0.546,11.5,-0.2,1.6,0.065,,3,39,7,11,50,25,1,8,164,1156,-7.5,-2.5,1,32,0,67,0,239,13,5,1.0,0.0,,0.4,0.452,18.6,0.0,0.0,0.422,0.714,0.5,0.45,0.538,0.475,0.349,50.0,25.0,1156.0,0.893,0.966,0.104,0.059,0.074,0.385,0.148,0.615,239.0,-9.1,-19.6,,50.0,25.0,99.0,156.0,96.0,97.0,89.0,92.0,55.0,94.0,1156.0,239.0,0.538,0.615,0.349,0.53,0.422,0.722,0.133,0.546,,4.0,0.0,73.0,148.0,39.0,53.0,53.0,128.0,68.0,60.0,42.0,154.0,0.4,0.583,0.143,0.292,0.25,1.0,0.167,0.349,0.583,6.2,,4.7,-7.8,-1.7,10.7,0.0,0.167,4.0,0.0,42.0,-6.1,5.4,0.0,5.5,154.0,0.0,0.0,8.1,0.349,14.1,-0.1,0.0,-0.033,,0.0,1.0,0.0,1.0,4.0,0.0,0.0,0.0,5.0,42.0,-28.7,-28.0,9.0,91.0,0.0,1.0,0.0,154.0,0.0,0.0,2.4,6.1,0.4,1.2,8.6,0.143,2.4,,2.4,4.9,121.0,0.292,3.7,14.7,0.25,2.4,2.4,1.0,4.0,0.0,42.0,2.4,93.0,4.9,11.0,154.0,0.0,0.0,7.3,1.7,4.3,0.4,0.9,6.0,0.143,1.7,,1.7,3.4,0.292,2.6,10.3,0.25,1.7,1.7,1.0,4.0,0.0,42.0,1.7,3.4,7.7,154.0,0.0,0.0,5.1,0.5,1.3,0.4,0.3,1.8,0.143,0.5,,0.5,1.0,0.292,0.8,3.0,0.25,0.5,0.5,1.0,4.0,0.0,10.5,0.5,1.0,2.3,152.0,0.0,0.0,1.5,0.0,0.0,,0.2,0.714,16.7,0.0,0.0,0.25,0.5,,0.0,0.4,,0.143,4.0,0.0,42.0,1.0,1.0,0.333,0.0,0.083,0.417,0.0,0.583,154.0,2.0,5.0,0.4,1.0,7.0,0.143,2.0,,2.0,4.0,0.292,3.0,12.0,0.25,2.0,2.0,1.0,4.0,0.0,42.0,2.0,4.0,9.0,156.0,0.0,0.0,6.0,0.0
moodymo01,Moses Moody,https://www.basketball-reference.com/players/m/moodymo01.html,2023-24,2024,21.0,GSW,SG,SF,56.0,SF,66.0,9.0,1156.0,122.0,220.0,0.555,72.0,200.0,0.36,57.0,,24.0,131.0,0.548,194.0,420.0,0.462,73.0,93.0,0.785,65.0,90.0,533.0,204.0,42.0,44.0,196.0,0.0,1.8,3.3,0.555,1.1,3.0,0.36,0.9,,0.4,2.0,0.548,2.9,6.4,0.462,1.1,1.4,0.785,66.0,9.0,17.5,1.0,1.4,8.1,225.0,0.6,0.7,3.0,3.8,6.9,0.555,2.2,6.2,0.36,1.8,,0.7,4.1,0.548,6.0,13.1,0.462,2.3,2.9,0.785,66.0,9.0,1156.0,2.0,2.8,16.6,238.0,1.3,1.4,6.1,5.1,9.2,0.555,3.0,8.4,0.36,2.4,,1.0,5.5,115.0,0.548,8.1,17.6,0.462,3.1,3.9,0.785,66.0,9.0,1156.0,2.7,117.0,3.8,22.3,238.0,1.8,1.8,8.2,0.476,6.7,,1.9,-0.1,0.1,12.1,1.2,0.221,66.0,9.0,1156.0,-0.2,6.2,1.2,13.7,238.0,1.8,8.7,9.2,0.578,18.4,0.6,2.4,0.101,,6,42,13,48,66,9,13,30,141,1156,0.7,3.3,0,5,0,56,39,238,20,13,0.0,0.0,,0.315,0.27,15.2,17.0,0.05,0.462,0.733,0.481,0.353,0.555,0.475,0.36,66.0,9.0,1156.0,0.582,0.903,0.179,0.064,0.04,0.524,0.24,0.476,238.0,0.9,-1.7,,66.0,9.0,102.0,121.0,98.0,100.0,97.0,100.0,91.0,100.0,1156.0,238.0,0.555,0.476,0.36,0.548,0.462,0.785,0.221,0.578,,,,,,,,,,,,,,,,,,,,,,,,,,,,,,,,,,,,,,,,,,,,,,,,,,,,,,,,,,,,,,,,,,,,,,,,,,,,,,,,,,,,,,,,,,,,,,,,,,,,,,,,,,,,,,,,,,,,,,,,,,,,,,,,,,,,,,,,,,,,,,,,,,,,,,,,,,,,,,,,,,,,,,,,,,,,,,,,,,,,,,,,,,,,,,,,,,,,,,,,,,,,,
willizi02,Ziaire Williams,https://www.basketball-reference.com/players/w/willizi02.html,2023-24,2024,22.0,MEM,SF,SF,58.0,SF,51.0,15.0,1038.0,92.0,189.0,0.487,58.0,189.0,0.307,75.0,,9.0,145.0,0.474,150.0,378.0,0.397,62.0,75.0,0.827,35.0,85.0,420.0,246.0,36.0,66.0,180.0,0.0,1.8,3.7,0.487,1.1,3.7,0.307,1.5,,0.2,2.8,0.474,2.9,7.4,0.397,1.2,1.5,0.827,51.0,15.0,20.4,0.7,1.7,8.2,222.0,0.7,1.3,3.5,3.2,6.6,0.487,2.0,6.6,0.307,2.6,,0.3,5.0,0.474,5.2,13.1,0.397,2.2,2.6,0.827,51.0,15.0,1038.0,1.2,2.9,14.6,256.0,1.2,2.3,6.2,4.3,8.9,0.487,2.7,8.9,0.307,3.5,,0.4,6.8,115.0,0.474,7.1,17.8,0.397,2.9,3.5,0.827,51.0,15.0,1038.0,1.6,98.0,4.0,19.8,256.0,1.7,3.1,8.5,0.5,11.1,,0.8,-4.5,-0.4,15.9,1.1,0.198,51.0,15.0,1038.0,-4.0,3.5,-0.9,9.3,256.0,1.7,13.8,9.5,0.511,19.7,-0.6,0.2,0.01,,4,46,20,33,51,15,6,27,178,1038,-4.9,-10.9,0,8,0,69,23,256,30,21,2.0,0.0,,0.357,0.37,15.9,32.0,0.095,0.397,0.747,0.281,0.346,0.487,0.25,0.307,51.0,15.0,1038.0,0.641,0.897,0.22,0.085,0.069,0.5,0.127,0.5,256.0,-55.2,-56.8,,51.0,15.0,89.0,127.0,84.0,87.0,84.0,105.0,81.0,88.0,1038.0,256.0,0.487,0.5,0.307,0.474,0.397,0.827,0.198,0.511,,,,,,,,,,,,,,,,,,,,,,,,,,,,,,,,,,,,,,,,,,,,,,,,,,,,,,,,,,,,,,,,,,,,,,,,,,,,,,,,,,,,,,,,,,,,,,,,,,,,,,,,,,,,,,,,,,,,,,,,,,,,,,,,,,,,,,,,,,,,,,,,,,,,,,,,,,,,,,,,,,,,,,,,,,,,,,,,,,,,,,,,,,,,,,,,,,,,,,,,,,,,,
tateja01,Jae'Sean Tate,https://www.basketball-reference.com/players/t/tateja01.html,2023-24,2024,28.0,HOU,SF,SF,59.0,SF,65.0,9.0,1031.0,85.0,152.0,0.559,23.0,77.0,0.299,64.0,,15.0,136.0,0.522,108.0,229.0,0.472,26.0,39.0,0.667,61.0,137.0,265.0,308.0,42.0,37.0,197.0,0.0,1.3,2.3,0.559,0.4,1.2,0.299,1.0,,0.2,2.1,0.522,1.7,3.5,0.472,0.4,0.6,0.667,65.0,9.0,15.9,0.9,2.1,4.1,394.0,0.6,0.6,3.0,3.0,5.3,0.559,0.8,2.7,0.299,2.2,,0.5,4.7,0.522,3.8,8.0,0.472,0.9,1.4,0.667,65.0,9.0,1031.0,2.1,4.8,9.3,257.0,1.5,1.3,6.9,4.0,7.2,0.559,1.1,3.6,0.299,3.0,,0.7,6.4,113.0,0.522,5.1,10.8,0.472,1.2,1.8,0.667,65.0,9.0,1031.0,2.9,112.0,6.4,12.5,257.0,2.0,1.7,9.3,0.336,8.2,,1.3,-2.3,1.5,14.3,1.3,0.17,65.0,9.0,1031.0,-3.7,6.3,0.4,9.3,257.0,2.0,13.1,10.2,0.538,11.7,-0.1,1.8,0.082,,7,68,14,19,65,9,5,17,164,1031,5.6,5.3,0,1,3,63,33,257,15,8,0.0,0.0,,0.333,0.545,10.8,4.0,0.026,0.472,0.61,0.0,0.0,0.559,0.551,0.299,65.0,9.0,1031.0,0.506,1.0,0.336,0.009,0.017,0.664,0.301,0.336,257.0,-11.3,-20.5,,65.0,9.0,103.0,85.0,82.0,95.0,99.0,85.0,70.0,93.0,1031.0,257.0,0.559,0.336,0.299,0.522,0.472,0.667,0.17,0.538,,,,,,,,,,,,,,,,,,,,,,,,,,,,,,,,,,,,,,,,,,,,,,,,,,,,,,,,,,,,,,,,,,,,,,,,,,,,,,,,,,,,,,,,,,,,,,,,,,,,,,,,,,,,,,,,,,,,,,,,,,,,,,,,,,,,,,,,,,,,,,,,,,,,,,,,,,,,,,,,,,,,,,,,,,,,,,,,,,,,,,,,,,,,,,,,,,,,,,,,,,,,,
okogijo01,Josh Okogie,https://www.basketball-reference.com/players/o/okogijo01.html,2023-24,2024,25.0,PHO,SG,SF,60.0,SF,60.0,11.0,960.0,57.0,112.0,0.509,29.0,94.0,0.309,64.0,,24.0,80.0,0.488,86.0,206.0,0.417,76.0,102.0,0.745,74.0,68.0,277.0,302.0,48.0,36.0,154.0,0.0,1.0,1.9,0.509,0.5,1.6,0.309,1.1,,0.4,1.3,0.488,1.4,3.4,0.417,1.3,1.7,0.745,60.0,11.0,16.0,1.2,1.1,4.6,359.0,0.8,0.6,2.6,2.1,4.2,0.509,1.1,3.5,0.309,2.4,,0.9,3.0,0.488,3.2,7.7,0.417,2.8,3.8,0.745,60.0,11.0,960.0,2.8,2.5,10.4,275.0,1.8,1.4,5.8,2.9,5.7,0.509,1.5,4.8,0.309,3.3,,1.2,4.1,114.0,0.488,4.4,10.5,0.417,3.9,5.2,0.745,60.0,11.0,960.0,3.8,119.0,3.5,14.1,275.0,2.4,1.8,7.8,0.456,8.4,,2.2,-0.5,0.8,9.0,1.1,0.495,60.0,11.0,960.0,-1.3,9.2,1.0,12.0,275.0,2.4,12.5,9.1,0.552,13.0,0.4,2.1,0.104,,3,28,27,49,60,11,13,18,154,960,-3.1,0.9,0,6,1,71,23,275,22,7,0.0,0.0,,0.3,0.638,12.7,13.0,0.068,0.417,0.569,0.5,0.0,0.509,0.394,0.309,60.0,11.0,960.0,0.632,0.966,0.35,0.029,0.005,0.544,0.16,0.456,275.0,-24.2,-14.0,,60.0,11.0,93.0,116.0,84.0,89.0,88.0,95.0,203.0,95.0,960.0,275.0,0.509,0.456,0.309,0.488,0.417,0.745,0.495,0.552,,4.0,0.0,122.0,84.0,91.0,112.0,117.0,64.0,273.0,104.0,29.0,164.0,0.667,0.333,0.333,0.611,0.556,0.5,0.667,0.601,0.333,12.3,,0.0,-3.6,1.1,17.0,0.0,0.667,4.0,0.0,29.0,-4.6,0.0,0.0,12.5,164.0,3.5,14.7,8.4,0.601,22.1,0.0,0.0,0.006,,1.0,2.0,0.0,2.0,4.0,0.0,0.0,0.0,5.0,29.0,29.1,8.4,0.0,37.0,8.0,42.0,13.0,164.0,0.0,1.0,7.1,10.6,0.667,1.8,5.3,0.333,3.5,,0.0,7.1,122.0,0.611,8.8,15.9,0.556,5.3,10.6,0.5,4.0,0.0,29.0,0.0,105.0,12.4,24.8,164.0,3.5,3.5,7.1,5.0,7.4,0.667,1.2,3.7,0.333,2.5,,0.0,5.0,0.611,6.2,11.2,0.556,3.7,7.4,0.5,4.0,0.0,29.0,0.0,8.7,17.4,164.0,2.5,2.5,5.0,1.0,1.5,0.667,0.3,0.8,0.333,0.5,,0.0,1.0,0.611,1.3,2.3,0.556,0.8,1.5,0.5,4.0,0.0,7.3,0.0,1.8,3.5,135.0,0.5,0.5,1.0,0.0,0.0,,,0.0,11.1,3.0,0.333,0.556,1.0,0.0,,0.667,0.0,0.333,4.0,0.0,29.0,0.75,1.0,0.444,0.111,0.0,0.667,0.111,0.333,164.0,4.0,6.0,0.667,1.0,3.0,0.333,2.0,,0.0,4.0,0.611,5.0,9.0,0.556,3.0,6.0,0.5,4.0,0.0,29.0,0.0,7.0,14.0,143.0,2.0,2.0,4.0,0.0
mcderdo01,Doug McDermott,https://www.basketball-reference.com/players/m/mcderdo01.html,2023-24,2024,32.0,2TM,SF,SF,61.0,SF,64.0,0.0,904.0,29.0,55.0,0.527,94.0,229.0,0.41,70.0,,2.0,49.0,0.599,123.0,284.0,0.433,11.0,19.0,0.579,10.0,64.0,351.0,270.0,16.0,28.0,59.0,0.0,0.5,0.9,0.527,1.5,3.6,0.41,1.1,,0.0,0.8,0.599,1.9,4.4,0.433,0.2,0.3,0.579,64.0,0.0,14.1,0.2,1.0,5.5,315.0,0.3,0.4,0.9,1.2,2.2,0.527,3.7,9.1,0.41,2.8,,0.1,2.0,0.599,4.9,11.3,0.433,0.4,0.8,0.579,64.0,0.0,904.0,0.4,2.5,14.0,282.0,0.6,1.1,2.3,1.5,2.9,0.527,4.9,12.0,0.41,3.7,,0.1,2.6,122.0,0.599,6.4,14.9,0.433,0.6,1.0,0.579,64.0,0.0,904.0,0.5,114.0,3.4,18.4,282.0,0.8,1.5,3.1,0.806,10.3,,0.2,-3.4,-1.9,6.0,0.3,0.067,64.0,0.0,904.0,-1.5,1.2,0.6,9.1,282.0,0.8,8.7,3.6,0.6,14.9,-0.3,0.9,0.046,,3,37,0,8,64,0,1,6,168,904,-5.8,-9.1,0,6,1,71,21,282,18,2,0.0,0.0,,0.408,0.214,22.0,6.0,0.021,0.433,0.607,0.571,0.5,0.527,0.333,0.41,64.0,0.0,904.0,0.931,0.979,0.099,0.025,0.028,0.194,0.042,0.806,282.0,29.6,11.8,,64.0,0.0,97.0,204.0,112.0,110.0,91.0,74.0,27.0,103.0,904.0,282.0,0.527,0.806,0.41,0.599,0.433,0.579,0.067,0.6,,10.0,0.0,122.0,184.0,103.0,108.0,96.0,,0.0,102.0,64.0,138.0,0.667,0.727,0.375,0.591,0.455,,0.0,0.591,0.727,13.0,,2.9,0.5,0.3,1.8,0.0,0.0,10.0,0.0,64.0,0.1,3.8,0.1,8.6,138.0,0.0,8.3,2.8,0.591,8.5,0.0,0.1,0.063,,0.0,3.0,0.0,0.0,10.0,0.0,0.0,0.0,17.0,64.0,-21.4,-18.6,0.0,0.0,0.0,60.0,40.0,138.0,1.0,0.0,1.6,2.4,0.667,2.4,6.4,0.375,5.6,,1.6,0.8,125.0,0.591,4.0,8.8,0.455,0.0,0.0,,10.0,0.0,64.0,1.6,134.0,4.0,10.4,138.0,0.0,0.8,2.4,1.1,1.7,0.667,1.7,4.5,0.375,3.9,,1.1,0.6,0.591,2.8,6.2,0.455,0.0,0.0,,10.0,0.0,64.0,1.1,2.8,7.3,138.0,0.0,0.6,1.7,0.2,0.3,0.667,0.3,0.8,0.375,0.7,,0.2,0.1,0.591,0.5,1.1,0.455,0.0,0.0,,10.0,0.0,6.4,0.2,0.5,1.3,174.0,0.0,0.1,0.3,0.0,0.0,,0.0,0.375,19.7,0.0,0.0,0.455,1.0,,,0.667,0.5,0.375,10.0,0.0,64.0,0.5,1.0,0.091,0.0,0.0,0.273,0.182,0.727,138.0,2.0,3.0,0.667,3.0,8.0,0.375,7.0,,2.0,1.0,0.591,5.0,11.0,0.455,0.0,0.0,,10.0,0.0,64.0,2.0,5.0,13.0,144.0,0.0,1.0,3.0,0.0
whitmca01,Cam Whitmore,https://www.basketball-reference.com/players/w/whitmca01.html,2023-24,2024,19.0,HOU,SF,SF,62.0,SF,47.0,2.0,880.0,133.0,247.0,0.538,79.0,220.0,0.359,33.0,,17.0,136.0,0.539,212.0,467.0,0.454,76.0,112.0,0.679,44.0,64.0,579.0,191.0,30.0,46.0,180.0,0.0,2.8,5.3,0.538,1.7,4.7,0.359,0.7,,0.4,2.9,0.539,4.5,9.9,0.454,1.6,2.4,0.679,47.0,2.0,18.7,0.9,1.4,12.3,132.0,0.6,1.0,3.8,5.4,10.1,0.538,3.2,9.0,0.359,1.4,,0.7,5.6,0.539,8.7,19.1,0.454,3.1,4.6,0.679,47.0,2.0,880.0,1.8,2.6,23.7,286.0,1.2,1.9,7.4,7.3,13.6,0.538,4.4,12.1,0.359,1.8,,0.9,7.5,113.0,0.539,11.7,25.7,0.454,4.2,6.2,0.679,47.0,2.0,880.0,2.4,109.0,3.5,31.9,286.0,1.7,2.5,9.9,0.471,6.0,,1.8,0.1,-0.9,16.7,1.1,0.24,47.0,2.0,880.0,1.0,5.3,0.4,16.6,286.0,1.7,8.2,11.0,0.561,27.1,0.5,1.5,0.082,,6,34,1,55,47,2,8,33,74,880,-3.5,-1.5,3,46,0,49,2,286,16,20,2.0,0.0,,0.342,0.173,14.9,40.0,0.107,0.454,0.642,0.5,0.368,0.538,0.448,0.359,47.0,2.0,880.0,0.579,0.937,0.257,0.026,0.041,0.529,0.206,0.471,286.0,-7.5,-19.9,,47.0,2.0,99.0,119.0,98.0,99.0,96.0,87.0,98.0,97.0,880.0,286.0,0.538,0.471,0.359,0.539,0.454,0.679,0.24,0.561,,,,,,,,,,,,,,,,,,,,,,,,,,,,,,,,,,,,,,,,,,,,,,,,,,,,,,,,,,,,,,,,,,,,,,,,,,,,,,,,,,,,,,,,,,,,,,,,,,,,,,,,,,,,,,,,,,,,,,,,,,,,,,,,,,,,,,,,,,,,,,,,,,,,,,,,,,,,,,,,,,,,,,,,,,,,,,,,,,,,,,,,,,,,,,,,,,,,,,,,,,,,,
lavinza01,Zach LaVine,https://www.basketball-reference.com/players/l/lavinza01.html,2023-24,2024,28.0,CHI,SG,SF,63.0,SF,25.0,23.0,872.0,111.0,207.0,0.536,59.0,169.0,0.349,98.0,,8.0,121.0,0.531,170.0,376.0,0.452,88.0,103.0,0.854,8.0,57.0,487.0,225.0,21.0,52.0,129.0,0.0,4.4,8.3,0.536,2.4,6.8,0.349,3.9,,0.3,4.8,0.531,6.8,15.0,0.452,3.5,4.1,0.854,25.0,23.0,34.9,0.3,2.3,19.5,56.0,0.8,2.1,5.2,4.6,8.5,0.536,2.4,7.0,0.349,4.0,,0.3,5.0,0.531,7.0,15.5,0.452,3.6,4.3,0.854,25.0,23.0,872.0,0.3,2.4,20.1,291.0,0.9,2.1,5.3,6.3,11.8,0.536,3.4,9.7,0.349,5.6,,0.5,6.9,118.0,0.531,9.7,21.5,0.452,5.0,5.9,0.854,25.0,23.0,872.0,0.5,113.0,3.3,27.8,291.0,1.2,3.0,7.4,0.449,16.8,,0.9,0.1,-0.7,15.8,0.6,0.274,25.0,23.0,872.0,0.8,1.0,0.8,15.1,291.0,1.2,11.0,8.3,0.578,23.8,0.5,1.5,0.08,,6,24,2,45,25,23,11,20,237,872,-4.9,-5.2,0,2,0,57,41,291,21,19,0.0,0.0,,0.452,0.183,15.7,13.0,0.04,0.452,0.64,0.5,0.468,0.536,0.431,0.349,25.0,23.0,872.0,0.396,0.525,0.237,0.053,0.125,0.551,0.136,0.449,291.0,-12.0,-1.7,,25.0,23.0,98.0,114.0,95.0,97.0,95.0,109.0,112.0,100.0,872.0,291.0,0.536,0.449,0.349,0.531,0.452,0.854,0.274,0.578,,,,,,,,,,,,,,,,,,,,,,,,,,,,,,,,,,,,,,,,,,,,,,,,,,,,,,,,,,,,,,,,,,,,,,,,,,,,,,,,,,,,,,,,,,,,,,,,,,,,,,,,,,,,,,,,,,,,,,,,,,,,,,,,,,,,,,,,,,,,,,,,,,,,,,,,,,,,,,,,,,,,,,,,,,,,,,,,,,,,,,,,,,,,,,,,,,,,,,,,,,,,,
browntr01,Troy Brown Jr.,https://www.basketball-reference.com/players/b/browntr01.html,2023-24,2024,24.0,2TM,SF,SF,64.0,SF,59.0,15.0,827.0,37.0,85.0,0.435,47.0,141.0,0.333,60.0,,3.0,119.0,0.476,84.0,226.0,0.372,32.0,37.0,0.865,25.0,42.0,247.0,316.0,24.0,30.0,144.0,0.0,0.6,1.4,0.435,0.8,2.4,0.333,1.0,,0.1,2.0,0.476,1.4,3.8,0.372,0.5,0.6,0.865,59.0,15.0,14.0,0.4,0.7,4.2,387.0,0.4,0.5,2.4,1.6,3.7,0.435,2.0,6.1,0.333,2.6,,0.1,5.2,0.476,3.7,9.8,0.372,1.4,1.6,0.865,59.0,15.0,827.0,1.1,1.8,10.8,298.0,1.0,1.3,6.3,2.2,5.0,0.435,2.8,8.3,0.333,3.5,,0.2,7.0,115.0,0.476,5.0,13.3,0.372,1.9,2.2,0.865,59.0,15.0,827.0,1.5,105.0,2.5,14.6,298.0,1.4,1.8,8.5,0.624,9.7,,0.3,-2.6,0.2,16.0,0.9,0.164,59.0,15.0,827.0,-2.8,3.5,0.0,8.8,298.0,1.4,11.0,9.8,0.51,14.3,-0.1,0.8,0.048,,3,27,2,12,59,15,1,15,146,827,-6.6,-7.2,0,19,0,63,18,298,19,6,2.0,0.0,,0.295,0.312,18.8,3.0,0.018,0.372,0.586,0.429,0.529,0.435,0.25,0.333,59.0,15.0,827.0,0.459,0.915,0.128,0.031,0.075,0.376,0.142,0.624,298.0,-32.1,-34.0,,59.0,15.0,80.0,158.0,91.0,87.0,78.0,110.0,67.0,88.0,827.0,298.0,0.435,0.624,0.333,0.476,0.372,0.865,0.164,0.51,,,,,,,,,,,,,,,,,,,,,,,,,,,,,,,,,,,,,,,,,,,,,,,,,,,,,,,,,,,,,,,,,,,,,,,,,,,,,,,,,,,,,,,,,,,,,,,,,,,,,,,,,,,,,,,,,,,,,,,,,,,,,,,,,,,,,,,,,,,,,,,,,,,,,,,,,,,,,,,,,,,,,,,,,,,,,,,,,,,,,,,,,,,,,,,,,,,,,,,,,,,,,
houstca01,Caleb Houstan,https://www.basketball-reference.com/players/h/houstca01.html,2023-24,2024,21.0,ORL,SF,SF,65.0,SF,59.0,13.0,815.0,8.0,13.0,0.615,72.0,193.0,0.373,29.0,,4.0,56.0,0.563,80.0,206.0,0.388,21.0,26.0,0.808,28.0,61.0,253.0,312.0,15.0,16.0,84.0,0.0,0.1,0.2,0.615,1.2,3.3,0.373,0.5,,0.1,0.9,0.563,1.4,3.5,0.388,0.4,0.4,0.808,59.0,13.0,13.8,0.5,1.0,4.3,381.0,0.3,0.3,1.4,0.4,0.6,0.615,3.2,8.5,0.373,1.3,,0.2,2.5,0.563,3.5,9.1,0.388,0.9,1.1,0.808,59.0,13.0,815.0,1.2,2.7,11.2,300.0,0.7,0.7,3.7,0.5,0.8,0.615,4.4,11.7,0.373,1.8,,0.2,3.4,116.0,0.563,4.9,12.5,0.388,1.3,1.6,0.808,59.0,13.0,815.0,1.7,119.0,3.7,15.4,300.0,0.9,1.0,5.1,0.937,4.8,,0.5,-1.9,-0.5,8.1,0.8,0.126,59.0,13.0,815.0,-1.4,4.0,0.7,8.3,300.0,0.9,6.9,6.1,0.582,12.5,0.0,1.5,0.089,,1,30,1,8,59,13,1,1,79,815,-4.7,-1.9,0,7,0,64,28,300,8,3,0.0,0.0,,0.397,0.378,23.9,0.0,0.0,0.388,0.5,1.0,0.0,0.615,0.75,0.373,59.0,13.0,815.0,0.5,0.986,0.019,0.015,0.01,0.063,0.019,0.937,300.0,6.8,0.8,,59.0,13.0,113.0,237.0,102.0,103.0,82.0,103.0,52.0,100.0,815.0,300.0,0.615,0.937,0.373,0.563,0.388,0.808,0.126,0.582,,3.0,0.0,,253.0,137.0,137.0,105.0,,0.0,129.0,14.0,179.0,,1.0,0.5,0.75,0.5,,0.0,0.75,1.0,0.0,,0.0,1.9,0.6,8.3,0.0,0.0,3.0,0.0,14.0,1.4,7.6,0.0,9.9,179.0,0.0,0.0,8.0,0.75,6.3,0.0,0.1,0.173,,0.0,0.0,0.0,0.0,3.0,0.0,0.0,0.0,0.0,14.0,-52.8,-45.0,0.0,7.0,0.0,72.0,21.0,179.0,0.0,0.0,0.0,0.0,,3.6,7.2,0.5,0.0,,0.0,3.6,109.0,0.75,3.6,7.2,0.5,0.0,0.0,,3.0,0.0,14.0,3.6,162.0,0.0,10.9,179.0,0.0,0.0,7.2,0.0,0.0,,2.6,5.1,0.5,0.0,,0.0,2.6,0.75,2.6,5.1,0.5,0.0,0.0,,3.0,0.0,14.0,2.6,0.0,7.7,179.0,0.0,0.0,5.1,0.0,0.0,,0.3,0.7,0.5,0.0,,0.0,0.3,0.75,0.3,0.7,0.5,0.0,0.0,,3.0,0.0,4.7,0.3,0.0,1.0,181.0,0.0,0.0,0.7,0.0,0.0,,0.5,1.0,24.0,0.0,0.0,0.5,,,,,,0.5,3.0,0.0,14.0,,1.0,0.0,0.0,0.0,0.0,0.0,1.0,179.0,0.0,0.0,,1.0,2.0,0.5,0.0,,0.0,1.0,0.75,1.0,2.0,0.5,0.0,0.0,,3.0,0.0,14.0,1.0,0.0,3.0,186.0,0.0,0.0,2.0,0.0
laravja01,Jake LaRavia,https://www.basketball-reference.com/players/l/laravja01.html,2023-24,2024,22.0,MEM,PF,SF,66.0,SF,35.0,6.0,806.0,65.0,147.0,0.442,53.0,156.0,0.34,58.0,,12.0,77.0,0.477,118.0,303.0,0.389,90.0,109.0,0.826,51.0,69.0,379.0,256.0,29.0,45.0,128.0,0.0,1.9,4.2,0.442,1.5,4.5,0.34,1.7,,0.3,2.2,0.477,3.4,8.7,0.389,2.6,3.1,0.826,35.0,6.0,23.0,1.5,2.0,10.8,165.0,0.8,1.3,3.7,2.9,6.6,0.442,2.4,7.0,0.34,2.6,,0.5,3.4,0.477,5.3,13.5,0.389,4.0,4.9,0.826,35.0,6.0,806.0,2.3,3.1,16.9,302.0,1.3,2.0,5.7,3.9,8.9,0.442,3.2,9.5,0.34,3.5,,0.7,4.7,116.0,0.477,7.2,18.4,0.389,5.5,6.6,0.826,35.0,6.0,806.0,3.1,109.0,4.2,23.0,302.0,1.8,2.7,7.8,0.515,11.1,,1.4,-2.5,-1.0,10.9,0.8,0.36,35.0,6.0,806.0,-1.4,6.7,0.3,12.6,302.0,1.8,11.4,8.7,0.54,21.1,-0.1,1.0,0.062,,6,40,1,47,35,6,7,23,136,806,0.5,-6.9,6,36,0,51,8,302,21,14,1.0,0.0,,0.462,0.167,15.7,8.0,0.026,0.389,0.591,0.571,0.25,0.442,0.303,0.34,35.0,6.0,806.0,0.569,0.887,0.218,0.023,0.026,0.485,0.218,0.515,302.0,-42.2,-28.1,,35.0,6.0,81.0,130.0,93.0,87.0,82.0,105.0,147.0,93.0,806.0,302.0,0.442,0.515,0.34,0.477,0.389,0.826,0.36,0.54,,,,,,,,,,,,,,,,,,,,,,,,,,,,,,,,,,,,,,,,,,,,,,,,,,,,,,,,,,,,,,,,,,,,,,,,,,,,,,,,,,,,,,,,,,,,,,,,,,,,,,,,,,,,,,,,,,,,,,,,,,,,,,,,,,,,,,,,,,,,,,,,,,,,,,,,,,,,,,,,,,,,,,,,,,,,,,,,,,,,,,,,,,,,,,,,,,,,,,,,,,,,,
martike04,KJ Martin,https://www.basketball-reference.com/players/m/martike04.html,2023-24,2024,23.0,2TM,SF,SF,67.0,SF,60.0,2.0,746.0,89.0,153.0,0.582,8.0,28.0,0.286,51.0,,12.0,90.0,0.558,97.0,181.0,0.536,22.0,41.0,0.537,41.0,100.0,224.0,328.0,22.0,32.0,131.0,0.0,1.5,2.6,0.582,0.1,0.5,0.286,0.9,,0.2,1.5,0.558,1.6,3.0,0.536,0.4,0.7,0.537,60.0,2.0,12.4,0.7,1.7,3.7,412.0,0.4,0.5,2.2,4.3,7.4,0.582,0.4,1.4,0.286,2.5,,0.6,4.3,0.558,4.7,8.7,0.536,1.1,2.0,0.537,60.0,2.0,746.0,2.0,4.8,10.8,309.0,1.1,1.5,6.3,5.9,10.1,0.582,0.5,1.8,0.286,3.4,,0.8,5.9,115.0,0.558,6.4,11.9,0.536,1.5,2.7,0.537,60.0,2.0,746.0,2.7,112.0,6.6,14.8,309.0,1.5,2.1,8.6,0.155,9.4,,1.5,-4.1,-0.1,13.6,0.8,0.227,60.0,2.0,746.0,-4.0,6.0,0.3,9.9,309.0,1.5,13.9,9.7,0.563,13.4,-0.4,1.1,0.071,,12,38,2,22,60,2,7,29,129,746,-3.7,-0.1,3,21,0,60,16,309,7,9,0.0,0.0,,0.4,0.536,9.4,34.0,0.227,0.536,0.649,,0.0,0.582,0.415,0.286,60.0,2.0,746.0,0.787,1.0,0.613,0.0,0.006,0.845,0.227,0.155,309.0,4.2,-6.9,,60.0,2.0,107.0,39.0,78.0,102.0,113.0,68.0,93.0,97.0,746.0,309.0,0.582,0.155,0.286,0.558,0.536,0.537,0.227,0.563,,,,,,,,,,,,,,,,,,,,,,,,,,,,,,,,,,,,,,,,,,,,,,,,,,,,,,,,,,,,,,,,,,,,,,,,,,,,,,,,,,,,,,,,,,,,,,,,,,,,,,,,,,,,,,,,,,,,,,,,,,,,,,,,,,,,,,,,,,,,,,,,,,,,,,,,,,,,,,,,,,,,,,,,,,,,,,,,,,,,,,,,,,,,,,,,,,,,,,,,,,,,,
duartch01,Chris Duarte,https://www.basketball-reference.com/players/d/duartch01.html,2023-24,2024,26.0,SAC,SF,SF,68.0,SF,59.0,11.0,719.0,36.0,83.0,0.434,44.0,127.0,0.346,44.0,,8.0,80.0,0.486,80.0,210.0,0.381,26.0,33.0,0.788,26.0,80.0,230.0,323.0,28.0,26.0,106.0,0.0,0.6,1.4,0.434,0.7,2.2,0.346,0.7,,0.1,1.4,0.486,1.4,3.6,0.381,0.4,0.6,0.788,59.0,11.0,12.2,0.4,1.4,3.9,408.0,0.5,0.4,1.8,1.8,4.2,0.434,2.2,6.4,0.346,2.2,,0.4,4.0,0.486,4.0,10.5,0.381,1.3,1.7,0.788,59.0,11.0,719.0,1.3,4.0,11.5,315.0,1.4,1.3,5.3,2.4,5.6,0.434,3.0,8.6,0.346,3.0,,0.5,5.4,116.0,0.486,5.4,14.2,0.381,1.8,2.2,0.788,59.0,11.0,719.0,1.8,106.0,5.4,15.5,315.0,1.9,1.8,7.2,0.605,7.8,,1.0,-3.4,0.1,12.7,0.7,0.157,59.0,11.0,719.0,-3.5,4.0,0.0,8.4,315.0,1.9,10.4,8.3,0.512,14.9,-0.2,0.7,0.047,,2,38,14,13,59,11,2,11,101,719,-5.3,-3.1,0,3,0,63,34,315,10,8,1.0,0.0,,0.386,0.346,18.3,4.0,0.024,0.381,0.656,0.429,0.0,0.434,0.36,0.346,59.0,11.0,719.0,0.667,0.886,0.152,0.067,0.057,0.395,0.119,0.605,315.0,-25.5,-30.4,,59.0,11.0,80.0,153.0,95.0,89.0,80.0,100.0,64.0,88.0,719.0,315.0,0.434,0.605,0.346,0.486,0.381,0.788,0.157,0.512,,,,,,,,,,,,,,,,,,,,,,,,,,,,,,,,,,,,,,,,,,,,,,,,,,,,,,,,,,,,,,,,,,,,,,,,,,,,,,,,,,,,,,,,,,,,,,,,,,,,,,,,,,,,,,,,,,,,,,,,,,,,,,,,,,,,,,,,,,,,,,,,,,,,,,,,,,,,,,,,,,,,,,,,,,,,,,,,,,,,,,,,,,,,,,,,,,,,,,,,,,,,,
terryda01,Dalen Terry,https://www.basketball-reference.com/players/t/terryda01.html,2023-24,2024,21.0,CHI,SG,SF,69.0,SF,59.0,2.0,681.0,52.0,83.0,0.627,17.0,74.0,0.23,81.0,,18.0,84.0,0.494,69.0,157.0,0.439,25.0,43.0,0.581,29.0,81.0,180.0,353.0,27.0,32.0,113.0,0.0,0.9,1.4,0.627,0.3,1.3,0.23,1.4,,0.3,1.4,0.494,1.2,2.7,0.439,0.4,0.7,0.581,59.0,2.0,11.5,0.5,1.4,3.1,450.0,0.5,0.5,1.9,2.7,4.4,0.627,0.9,3.9,0.23,4.3,,1.0,4.4,0.494,3.6,8.3,0.439,1.3,2.3,0.581,59.0,2.0,681.0,1.5,4.3,9.5,321.0,1.4,1.7,6.0,3.8,6.1,0.627,1.2,5.4,0.23,5.9,,1.3,6.1,115.0,0.494,5.1,11.5,0.439,1.8,3.1,0.581,59.0,2.0,681.0,2.1,109.0,5.9,13.2,321.0,2.0,2.3,8.3,0.471,15.6,,2.7,-2.3,1.1,14.1,0.7,0.274,59.0,2.0,681.0,-3.4,4.7,0.1,10.2,321.0,2.0,15.4,9.3,0.512,13.4,0.0,0.8,0.06,,3,41,3,17,59,2,3,5,188,681,4.8,2.6,0,7,1,56,36,321,19,4,1.0,0.0,,0.333,0.446,13.2,16.0,0.115,0.439,0.679,0.0,,0.627,0.583,0.23,59.0,2.0,681.0,0.462,0.941,0.357,0.019,0.0,0.529,0.153,0.471,321.0,-16.6,-24.1,,59.0,2.0,115.0,119.0,63.0,90.0,93.0,74.0,112.0,88.0,681.0,321.0,0.627,0.471,0.23,0.494,0.439,0.581,0.274,0.512,,,,,,,,,,,,,,,,,,,,,,,,,,,,,,,,,,,,,,,,,,,,,,,,,,,,,,,,,,,,,,,,,,,,,,,,,,,,,,,,,,,,,,,,,,,,,,,,,,,,,,,,,,,,,,,,,,,,,,,,,,,,,,,,,,,,,,,,,,,,,,,,,,,,,,,,,,,,,,,,,,,,,,,,,,,,,,,,,,,,,,,,,,,,,,,,,,,,,,,,,,,,,
bateske01,Keita Bates-Diop,https://www.basketball-reference.com/players/b/bateske01.html,2023-24,2024,28.0,2TM,SF,SF,70.0,SF,53.0,8.0,665.0,51.0,97.0,0.526,21.0,69.0,0.304,38.0,,22.0,79.0,0.497,72.0,166.0,0.434,32.0,42.0,0.762,31.0,35.0,197.0,345.0,25.0,15.0,110.0,0.0,1.0,1.8,0.526,0.4,1.3,0.304,0.7,,0.4,1.5,0.497,1.4,3.1,0.434,0.6,0.8,0.762,53.0,8.0,12.5,0.6,0.7,3.7,413.0,0.5,0.3,2.1,2.8,5.3,0.526,1.1,3.7,0.304,2.1,,1.2,4.3,0.497,3.9,9.0,0.434,1.7,2.3,0.762,53.0,8.0,665.0,1.7,1.9,10.7,325.0,1.4,0.8,6.0,3.8,7.1,0.526,1.5,5.1,0.304,2.8,,1.6,5.8,114.0,0.497,5.3,12.2,0.434,2.4,3.1,0.762,53.0,8.0,665.0,2.3,116.0,2.6,14.5,325.0,1.8,1.1,8.1,0.416,7.4,,2.9,-1.0,0.4,12.8,0.8,0.253,53.0,8.0,665.0,-1.5,5.5,0.5,11.5,325.0,1.8,7.5,9.3,0.534,13.0,0.2,1.3,0.091,,1,23,0,21,53,8,8,16,92,665,-7.9,-4.3,1,42,0,47,10,325,4,7,0.0,0.0,,0.326,0.623,11.7,15.0,0.096,0.434,0.632,0.5,,0.526,0.333,0.304,53.0,8.0,665.0,0.627,0.952,0.343,0.06,0.0,0.584,0.181,0.416,325.0,-16.5,-17.0,,53.0,8.0,96.0,105.0,83.0,91.0,91.0,97.0,104.0,92.0,665.0,325.0,0.526,0.416,0.304,0.497,0.434,0.762,0.253,0.534,,,,,,,,,,,,,,,,,,,,,,,,,,,,,,,,,,,,,,,,,,,,,,,,,,,,,,,,,,,,,,,,,,,,,,,,,,,,,,,,,,,,,,,,,,,,,,,,,,,,,,,,,,,,,,,,,,,,,,,,,,,,,,,,,,,,,,,,,,,,,,,,,,,,,,,,,,,,,,,,,,,,,,,,,,,,,,,,,,,,,,,,,,,,,,,,,,,,,,,,,,,,,
brissos01,Oshae Brissett,https://www.basketball-reference.com/players/b/brissos01.html,2023-24,2024,25.0,BOS,SF,SF,71.0,SF,55.0,1.0,630.0,53.0,98.0,0.541,15.0,55.0,0.273,44.0,,8.0,99.0,0.493,68.0,153.0,0.444,50.0,83.0,0.602,61.0,54.0,201.0,342.0,19.0,20.0,160.0,0.0,1.0,1.8,0.541,0.3,1.0,0.273,0.8,,0.1,1.8,0.493,1.2,2.8,0.444,0.9,1.5,0.602,55.0,1.0,11.5,1.1,1.0,3.7,414.0,0.3,0.4,2.9,3.0,5.6,0.541,0.9,3.1,0.273,2.5,,0.5,5.7,0.493,3.9,8.7,0.444,2.9,4.7,0.602,55.0,1.0,630.0,3.5,3.1,11.5,329.0,1.1,1.1,9.1,4.2,7.7,0.541,1.2,4.3,0.273,3.5,,0.6,7.8,112.0,0.493,5.3,12.0,0.444,3.9,6.5,0.602,55.0,1.0,630.0,4.8,121.0,4.2,15.8,329.0,1.5,1.6,12.5,0.359,8.7,,1.1,-1.8,0.2,16.3,0.9,0.542,55.0,1.0,630.0,-2.0,10.9,0.8,12.8,329.0,1.5,9.5,13.7,0.53,14.5,0.0,1.7,0.131,,2,29,0,40,55,1,6,9,116,630,-1.0,10.4,1,29,0,56,15,329,8,7,0.0,0.0,,0.333,0.436,11.4,20.0,0.144,0.444,0.673,0.5,0.25,0.541,0.4,0.273,55.0,1.0,630.0,0.66,1.0,0.34,0.013,0.026,0.641,0.261,0.359,329.0,-16.2,-18.8,,55.0,1.0,99.0,91.0,75.0,90.0,94.0,77.0,222.0,91.0,630.0,329.0,0.541,0.359,0.273,0.493,0.444,0.602,0.542,0.53,,10.0,0.0,82.0,46.0,273.0,116.0,115.0,64.0,149.0,108.0,55.0,145.0,0.444,0.182,1.0,0.636,0.545,0.5,0.364,0.627,0.182,0.0,,3.3,2.7,2.5,23.3,0.1,0.364,10.0,0.0,55.0,0.2,6.4,0.1,15.3,145.0,2.8,7.3,14.9,0.627,11.6,0.1,0.2,0.164,,0.0,2.0,0.0,2.0,10.0,0.0,0.0,0.0,0.0,55.0,-1.2,7.6,2.0,50.0,0.0,43.0,5.0,145.0,0.0,0.0,3.8,8.5,0.444,1.9,1.9,1.0,0.0,,1.9,10.4,103.0,0.636,5.7,10.4,0.545,1.9,3.8,0.5,10.0,0.0,55.0,2.8,124.0,1.9,15.2,145.0,2.8,0.9,13.3,2.6,5.9,0.444,1.3,1.3,1.0,0.0,,1.3,7.2,0.636,3.9,7.2,0.545,1.3,2.6,0.5,10.0,0.0,55.0,2.0,1.3,10.5,145.0,2.0,0.7,9.2,0.4,0.9,0.444,0.2,0.2,1.0,0.0,,0.2,1.1,0.636,0.6,1.1,0.545,0.2,0.4,0.5,10.0,0.0,5.5,0.3,0.2,1.6,166.0,0.3,0.1,1.4,0.0,0.0,,,0.0,7.3,2.0,0.182,0.545,0.6,,,0.444,0.25,1.0,10.0,0.0,55.0,0.5,1.0,0.455,0.0,0.0,0.818,0.364,0.182,145.0,4.0,9.0,0.444,2.0,2.0,1.0,0.0,,2.0,11.0,0.636,6.0,11.0,0.545,2.0,4.0,0.5,10.0,0.0,55.0,3.0,2.0,16.0,140.0,3.0,1.0,14.0,0.0
beaucma01,MarJon Beauchamp,https://www.basketball-reference.com/players/b/beaucma01.html,2023-24,2024,23.0,MIL,SF,SF,72.0,SF,48.0,1.0,608.0,51.0,91.0,0.56,30.0,75.0,0.4,31.0,,7.0,77.0,0.578,81.0,166.0,0.488,19.0,28.0,0.679,22.0,54.0,211.0,337.0,13.0,27.0,99.0,0.0,1.1,1.9,0.56,0.6,1.6,0.4,0.6,,0.1,1.6,0.578,1.7,3.5,0.488,0.4,0.6,0.679,48.0,1.0,12.7,0.5,1.1,4.4,372.0,0.3,0.6,2.1,3.0,5.4,0.56,1.8,4.4,0.4,1.8,,0.4,4.6,0.578,4.8,9.8,0.488,1.1,1.7,0.679,48.0,1.0,608.0,1.3,3.2,12.5,335.0,0.8,1.6,5.9,4.0,7.2,0.56,2.4,5.9,0.4,2.5,,0.6,6.1,118.0,0.578,6.4,13.1,0.488,1.5,2.2,0.679,48.0,1.0,608.0,1.7,111.0,4.3,16.7,335.0,1.0,2.1,7.8,0.452,6.7,,1.0,-3.2,-0.9,13.6,0.5,0.169,48.0,1.0,608.0,-2.3,4.1,0.2,9.7,335.0,1.0,13.2,8.9,0.592,14.6,-0.2,0.7,0.056,,1,28,1,14,48,1,1,17,72,608,-4.3,-0.9,0,10,0,69,21,335,11,10,0.0,0.0,,0.448,0.387,14.8,12.0,0.096,0.488,0.63,0.556,0.467,0.56,0.476,0.4,48.0,1.0,608.0,0.588,0.967,0.277,0.054,0.09,0.548,0.127,0.452,335.0,10.6,4.2,,48.0,1.0,103.0,114.0,109.0,106.0,103.0,87.0,69.0,102.0,608.0,335.0,0.56,0.452,0.4,0.578,0.488,0.679,0.169,0.592,,4.0,0.0,92.0,127.0,0.0,46.0,53.0,64.0,205.0,53.0,10.0,192.0,0.5,0.5,0.0,0.25,0.25,0.5,0.5,0.307,0.5,27.2,,0.0,-14.8,-3.6,11.2,0.0,0.5,4.0,0.0,10.0,-11.2,0.0,-0.1,-0.9,192.0,0.0,17.0,5.6,0.307,27.0,0.0,-0.1,-0.263,,0.0,0.0,0.0,1.0,4.0,0.0,0.0,1.0,4.0,10.0,20.8,16.7,0.0,74.0,0.0,26.0,0.0,192.0,0.0,1.0,5.1,10.3,0.5,0.0,10.3,0.0,10.3,,0.0,5.1,124.0,0.25,5.1,20.6,0.25,5.1,10.3,0.5,4.0,0.0,10.0,0.0,71.0,5.1,15.4,192.0,0.0,5.1,5.1,3.6,7.2,0.5,0.0,7.2,0.0,7.2,,0.0,3.6,0.25,3.6,14.4,0.25,3.6,7.2,0.5,4.0,0.0,10.0,0.0,3.6,10.8,192.0,0.0,3.6,3.6,0.3,0.5,0.5,0.0,0.5,0.0,0.5,,0.0,0.3,0.25,0.3,1.0,0.25,0.3,0.5,0.5,4.0,0.0,2.5,0.0,0.3,0.8,187.0,0.0,0.3,0.3,0.0,0.0,,,0.0,20.5,0.0,0.0,0.25,,,1.0,0.5,0.0,0.0,4.0,0.0,10.0,1.0,,0.0,0.0,0.25,0.5,0.25,0.5,192.0,1.0,2.0,0.5,0.0,2.0,0.0,2.0,,0.0,1.0,0.25,1.0,4.0,0.25,1.0,2.0,0.5,4.0,0.0,10.0,0.0,1.0,3.0,185.0,0.0,1.0,1.0,0.0
sensabr01,Brice Sensabaugh,https://www.basketball-reference.com/players/s/sensabr01.html,2023-24,2024,20.0,UTA,SF,SF,73.0,SF,32.0,11.0,584.0,51.0,103.0,0.495,34.0,115.0,0.296,55.0,,6.0,86.0,0.468,85.0,218.0,0.39,37.0,41.0,0.902,16.0,43.0,241.0,319.0,13.0,47.0,102.0,0.0,1.6,3.2,0.495,1.1,3.6,0.296,1.7,,0.2,2.7,0.468,2.7,6.8,0.39,1.2,1.3,0.902,32.0,11.0,18.3,0.5,1.3,7.5,241.0,0.4,1.5,3.2,3.1,6.3,0.495,2.1,7.1,0.296,3.4,,0.4,5.3,0.468,5.2,13.4,0.39,2.3,2.5,0.902,32.0,11.0,584.0,1.0,2.7,14.9,339.0,0.8,2.9,6.3,4.2,8.5,0.495,2.8,9.5,0.296,4.5,,0.5,7.1,122.0,0.468,7.0,18.0,0.39,3.1,3.4,0.902,32.0,11.0,584.0,1.3,99.0,3.6,19.9,339.0,1.1,3.9,8.4,0.528,13.0,,0.9,-5.5,-2.1,16.1,0.2,0.188,32.0,11.0,584.0,-3.3,3.0,-0.5,8.6,339.0,1.1,16.6,9.6,0.511,20.3,-0.5,-0.3,-0.024,,5,26,4,18,32,11,3,13,129,584,-10.5,-13.8,0,12,0,76,12,339,19,18,0.0,0.0,,0.353,0.296,17.3,2.0,0.009,0.39,0.667,0.567,0.3,0.495,0.463,0.296,32.0,11.0,584.0,0.51,0.794,0.041,0.138,0.046,0.472,0.248,0.528,339.0,-34.3,-32.8,,32.0,11.0,91.0,134.0,81.0,86.0,82.0,115.0,77.0,88.0,584.0,339.0,0.495,0.528,0.296,0.468,0.39,0.902,0.188,0.511,,,,,,,,,,,,,,,,,,,,,,,,,,,,,,,,,,,,,,,,,,,,,,,,,,,,,,,,,,,,,,,,,,,,,,,,,,,,,,,,,,,,,,,,,,,,,,,,,,,,,,,,,,,,,,,,,,,,,,,,,,,,,,,,,,,,,,,,,,,,,,,,,,,,,,,,,,,,,,,,,,,,,,,,,,,,,,,,,,,,,,,,,,,,,,,,,,,,,,,,,,,,,
vandeja01,Jarred Vanderbilt,https://www.basketball-reference.com/players/v/vandeja01.html,2023-24,2024,24.0,LAL,PF,SF,74.0,SF,29.0,6.0,581.0,51.0,87.0,0.586,8.0,27.0,0.296,36.0,,5.0,97.0,0.553,59.0,114.0,0.518,24.0,36.0,0.667,41.0,43.0,150.0,376.0,36.0,28.0,138.0,0.0,1.8,3.0,0.586,0.3,0.9,0.296,1.2,,0.2,3.3,0.553,2.0,3.9,0.518,0.8,1.2,0.667,29.0,6.0,20.0,1.4,1.5,5.2,337.0,1.2,1.0,4.8,3.2,5.4,0.586,0.5,1.7,0.296,2.2,,0.3,6.0,0.553,3.7,7.1,0.518,1.5,2.2,0.667,29.0,6.0,581.0,2.5,2.7,9.3,340.0,2.2,1.7,8.6,4.2,7.1,0.586,0.7,2.2,0.296,2.9,,0.4,7.9,112.0,0.553,4.8,9.3,0.518,2.0,2.9,0.667,29.0,6.0,581.0,3.4,113.0,3.5,12.3,340.0,2.9,2.3,11.3,0.237,7.7,,0.7,-1.6,1.3,17.7,0.8,0.316,29.0,6.0,581.0,-2.9,8.3,0.3,11.6,340.0,2.9,17.7,13.2,0.578,11.7,0.0,1.1,0.089,,5,22,11,20,29,6,6,13,86,581,4.9,4.6,1,18,0,68,14,340,11,7,1.0,0.0,,0.316,0.704,8.1,21.0,0.193,0.518,0.685,0.0,,0.586,0.452,0.296,29.0,6.0,581.0,0.706,1.0,0.474,0.018,0.0,0.763,0.272,0.237,340.0,1.4,-0.6,,29.0,6.0,108.0,60.0,81.0,101.0,109.0,85.0,129.0,100.0,581.0,340.0,0.586,0.237,0.296,0.553,0.518,0.667,0.316,0.578,,,,,,,,,,,,,,,,,,,,,,,,,,,,,,,,,,,,,,,,,,,,,,,,,,,,,,,,,,,,,,,,,,,,,,,,,,,,,,,,,,,,,,,,,,,,,,,,,,,,,,,,,,,,,,,,,,,,,,,,,,,,,,,,,,,,,,,,,,,,,,,,,,,,,,,,,,,,,,,,,,,,,,,,,,,,,,,,,,,,,,,,,,,,,,,,,,,,,,,,,,,,,
fournev01,Evan Fournier,https://www.basketball-reference.com/players/f/fournev01.html,2023-24,2024,31.0,2TM,SG,SF,75.0,SF,32.0,0.0,580.0,46.0,91.0,0.505,33.0,130.0,0.254,48.0,,7.0,53.0,0.432,79.0,221.0,0.357,29.0,36.0,0.806,5.0,48.0,220.0,332.0,29.0,21.0,58.0,0.0,1.4,2.8,0.505,1.0,4.1,0.254,1.5,,0.2,1.7,0.432,2.5,6.9,0.357,0.9,1.1,0.806,32.0,0.0,18.1,0.2,1.5,6.9,259.0,0.9,0.7,1.8,2.9,5.6,0.505,2.0,8.1,0.254,3.0,,0.4,3.3,0.432,4.9,13.7,0.357,1.8,2.2,0.806,32.0,0.0,580.0,0.3,3.0,13.7,342.0,1.8,1.3,3.6,3.8,7.6,0.505,2.7,10.8,0.254,4.0,,0.6,4.4,118.0,0.432,6.6,18.4,0.357,2.4,3.0,0.806,32.0,0.0,580.0,0.4,98.0,4.0,18.3,342.0,2.4,1.7,4.8,0.588,11.6,,1.0,-4.3,0.3,10.4,0.4,0.163,32.0,0.0,580.0,-4.7,0.9,-0.5,8.5,342.0,2.4,8.1,5.6,0.464,19.0,-0.3,-0.1,-0.005,,0,29,2,13,32,0,2,6,109,580,-4.9,-12.3,0,0,0,56,44,342,11,8,0.0,0.0,,0.231,0.3,20.0,0.0,0.0,0.357,0.563,0.652,0.294,0.505,0.486,0.254,32.0,0.0,580.0,0.609,0.848,0.072,0.104,0.077,0.412,0.158,0.588,342.0,-50.6,-54.7,,32.0,0.0,93.0,149.0,69.0,79.0,75.0,103.0,67.0,80.0,580.0,342.0,0.505,0.588,0.254,0.432,0.357,0.806,0.163,0.464,,,,,,,,,,,,,,,,,,,,,,,,,,,,,,,,,,,,,,,,,,,,,,,,,,,,,,,,,,,,,,,,,,,,,,,,,,,,,,,,,,,,,,,,,,,,,,,,,,,,,,,,,,,,,,,,,,,,,,,,,,,,,,,,,,,,,,,,,,,,,,,,,,,,,,,,,,,,,,,,,,,,,,,,,,,,,,,,,,,,,,,,,,,,,,,,,,,,,,,,,,,,,
knoxke01,Kevin Knox,https://www.basketball-reference.com/players/k/knoxke01.html,2023-24,2024,24.0,DET,SF,SF,76.0,SF,31.0,11.0,560.0,55.0,92.0,0.598,31.0,94.0,0.33,23.0,,7.0,57.0,0.546,86.0,186.0,0.462,20.0,22.0,0.909,18.0,50.0,223.0,330.0,13.0,22.0,75.0,0.0,1.8,3.0,0.598,1.0,3.0,0.33,0.7,,0.2,1.8,0.546,2.8,6.0,0.462,0.6,0.7,0.909,31.0,11.0,18.1,0.6,1.6,7.2,249.0,0.4,0.7,2.4,3.5,5.9,0.598,2.0,6.0,0.33,1.5,,0.5,3.7,0.546,5.5,12.0,0.462,1.3,1.4,0.909,31.0,11.0,560.0,1.2,3.2,14.3,347.0,0.8,1.4,4.8,4.7,7.9,0.598,2.7,8.1,0.33,2.0,,0.6,4.9,121.0,0.546,7.4,16.0,0.462,1.7,1.9,0.909,31.0,11.0,560.0,1.5,109.0,4.3,19.2,347.0,1.1,1.9,6.4,0.505,5.9,,1.1,-4.6,-1.8,11.5,0.2,0.118,31.0,11.0,560.0,-2.8,3.5,0.1,9.9,347.0,1.1,10.1,7.5,0.57,16.6,-0.4,0.4,0.033,,1,31,2,13,31,11,5,12,54,560,1.9,-7.2,0,14,0,79,7,347,11,4,0.0,0.0,,0.343,0.372,15.6,20.0,0.124,0.462,0.686,0.6,0.167,0.598,0.583,0.33,31.0,11.0,560.0,0.782,0.968,0.188,0.081,0.032,0.495,0.194,0.505,347.0,-0.3,-4.0,,31.0,11.0,110.0,128.0,90.0,100.0,97.0,116.0,48.0,98.0,560.0,347.0,0.598,0.505,0.33,0.546,0.462,0.909,0.118,0.57,,,,,,,,,,,,,,,,,,,,,,,,,,,,,,,,,,,,,,,,,,,,,,,,,,,,,,,,,,,,,,,,,,,,,,,,,,,,,,,,,,,,,,,,,,,,,,,,,,,,,,,,,,,,,,,,,,,,,,,,,,,,,,,,,,,,,,,,,,,,,,,,,,,,,,,,,,,,,,,,,,,,,,,,,,,,,,,,,,,,,,,,,,,,,,,,,,,,,,,,,,,,,
strawju01,Julian Strawther,https://www.basketball-reference.com/players/s/strawju01.html,2023-24,2024,21.0,DEN,SF,SF,77.0,SF,50.0,0.0,545.0,41.0,84.0,0.488,41.0,138.0,0.297,47.0,,7.0,56.0,0.462,82.0,222.0,0.369,22.0,31.0,0.71,5.0,54.0,227.0,324.0,17.0,23.0,61.0,0.0,0.8,1.7,0.488,0.8,2.8,0.297,0.9,,0.1,1.1,0.462,1.6,4.4,0.369,0.4,0.6,0.71,50.0,0.0,10.9,0.1,1.1,4.5,366.0,0.3,0.5,1.2,2.7,5.5,0.488,2.7,9.1,0.297,3.1,,0.5,3.7,0.462,5.4,14.7,0.369,1.5,2.0,0.71,50.0,0.0,545.0,0.3,3.6,15.0,351.0,1.1,1.5,4.0,3.7,7.6,0.488,3.7,12.6,0.297,4.3,,0.6,5.1,115.0,0.462,7.5,20.2,0.369,2.0,2.8,0.71,50.0,0.0,545.0,0.5,99.0,4.9,20.6,351.0,1.5,2.1,5.5,0.622,11.3,,1.1,-6.0,-1.4,11.1,0.6,0.14,50.0,0.0,545.0,-4.6,1.0,-0.4,8.2,351.0,1.5,8.9,6.2,0.482,20.7,-0.6,0.2,0.015,,8,26,2,9,50,0,2,9,111,545,-16.3,-8.4,0,9,0,77,14,351,4,8,0.0,0.0,,0.375,0.116,18.6,2.0,0.009,0.369,0.621,0.368,0.25,0.488,0.469,0.297,50.0,0.0,545.0,0.659,0.951,0.131,0.086,0.018,0.378,0.144,0.622,351.0,-37.7,-46.3,,50.0,0.0,90.0,157.0,81.0,84.0,78.0,90.0,57.0,83.0,545.0,351.0,0.488,0.622,0.297,0.462,0.369,0.71,0.14,0.482,,3.0,0.0,92.0,169.0,68.0,76.0,70.0,64.0,273.0,78.0,16.0,176.0,0.5,0.667,0.25,0.417,0.333,0.5,0.667,0.451,0.667,0.0,,0.0,-6.2,0.9,14.6,0.0,0.667,3.0,0.0,16.0,-7.1,0.0,0.0,4.3,176.0,3.2,11.4,7.1,0.451,25.1,0.0,0.0,-0.077,,0.0,2.0,0.0,2.0,3.0,0.0,0.0,0.0,0.0,16.0,-38.5,-40.0,0.0,0.0,0.0,13.0,87.0,176.0,1.0,0.0,3.2,6.5,0.5,3.2,13.0,0.25,0.0,,0.0,6.5,110.0,0.417,6.5,19.5,0.333,6.5,13.0,0.5,3.0,0.0,16.0,0.0,81.0,9.7,22.7,176.0,3.2,3.2,6.5,2.3,4.5,0.5,2.3,9.0,0.25,0.0,,0.0,4.5,0.417,4.5,13.5,0.333,4.5,9.0,0.5,3.0,0.0,16.0,0.0,6.8,15.8,176.0,2.3,2.3,4.5,0.3,0.7,0.5,0.3,1.3,0.25,0.0,,0.0,0.7,0.417,0.7,2.0,0.333,0.7,1.3,0.5,3.0,0.0,5.3,0.0,1.0,2.3,154.0,0.3,0.3,0.7,0.0,0.0,,,0.0,19.6,0.0,0.0,0.333,,,,0.5,0.5,0.25,3.0,0.0,16.0,1.0,1.0,0.0,0.0,0.0,0.333,0.333,0.667,176.0,1.0,2.0,0.5,1.0,4.0,0.25,0.0,,0.0,2.0,0.417,2.0,6.0,0.333,2.0,4.0,0.5,3.0,0.0,16.0,0.0,3.0,7.0,167.0,1.0,1.0,2.0,0.0
houseda01,Danuel House Jr.,https://www.basketball-reference.com/players/h/houseda01.html,2023-24,2024,30.0,PHI,SF,SF,78.0,SF,34.0,4.0,509.0,32.0,55.0,0.582,15.0,50.0,0.3,28.0,,5.0,42.0,0.519,47.0,105.0,0.448,35.0,46.0,0.761,16.0,45.0,144.0,379.0,15.0,19.0,58.0,0.0,0.9,1.6,0.582,0.4,1.5,0.3,0.8,,0.1,1.2,0.519,1.4,3.1,0.448,1.0,1.4,0.761,34.0,4.0,15.0,0.5,1.3,4.2,390.0,0.4,0.6,1.7,2.3,3.9,0.582,1.1,3.5,0.3,2.0,,0.4,3.0,0.519,3.3,7.4,0.448,2.5,3.3,0.761,34.0,4.0,509.0,1.1,3.2,10.2,358.0,1.1,1.3,4.1,3.1,5.3,0.582,1.5,4.8,0.3,2.7,,0.5,4.1,117.0,0.519,4.5,10.2,0.448,3.4,4.4,0.761,34.0,4.0,509.0,1.5,114.0,4.4,13.9,358.0,1.5,1.8,5.6,0.476,7.2,,0.9,-4.0,-0.5,9.3,0.4,0.438,34.0,4.0,509.0,-3.4,3.4,0.3,8.5,358.0,1.5,13.2,6.3,0.575,12.2,-0.3,0.7,0.066,,1,30,3,26,34,4,8,7,65,509,-1.4,1.8,1,12,0,48,39,358,11,3,2.0,0.0,,0.375,0.48,14.5,4.0,0.038,0.448,0.694,1.0,0.25,0.582,0.308,0.3,34.0,4.0,509.0,0.719,0.933,0.343,0.019,0.038,0.524,0.124,0.476,358.0,-5.8,-1.3,,34.0,4.0,107.0,121.0,82.0,95.0,94.0,97.0,179.0,99.0,509.0,358.0,0.582,0.476,0.3,0.519,0.448,0.761,0.438,0.575,,,,,,,,,,,,,,,,,,,,,,,,,,,,,,,,,,,,,,,,,,,,,,,,,,,,,,,,,,,,,,,,,,,,,,,,,,,,,,,,,,,,,,,,,,,,,,,,,,,,,,,,,,,,,,,,,,,,,,,,,,,,,,,,,,,,,,,,,,,,,,,,,,,,,,,,,,,,,,,,,,,,,,,,,,,,,,,,,,,,,,,,,,,,,,,,,,,,,,,,,,,,,
covinro01,Robert Covington,https://www.basketball-reference.com/players/c/covinro01.html,2023-24,2024,33.0,2TM,SF,SF,79.0,SF,29.0,6.0,488.0,24.0,42.0,0.571,19.0,56.0,0.339,24.0,,18.0,66.0,0.536,43.0,98.0,0.439,22.0,26.0,0.846,31.0,56.0,127.0,390.0,39.0,11.0,97.0,0.0,0.8,1.4,0.571,0.7,1.9,0.339,0.8,,0.6,2.3,0.536,1.5,3.4,0.439,0.8,0.9,0.846,29.0,6.0,16.8,1.1,1.9,4.4,368.0,1.3,0.4,3.3,1.8,3.1,0.571,1.4,4.1,0.339,1.8,,1.3,4.9,0.536,3.2,7.2,0.439,1.6,1.9,0.846,29.0,6.0,488.0,2.3,4.1,9.4,362.0,2.9,0.8,7.2,2.4,4.2,0.571,1.9,5.6,0.339,2.4,,1.8,6.7,108.0,0.536,4.3,9.9,0.439,2.2,2.6,0.846,29.0,6.0,488.0,3.1,125.0,5.6,12.8,362.0,3.9,1.1,9.8,0.571,6.3,,3.4,2.2,3.2,15.2,0.9,0.265,29.0,6.0,488.0,-1.1,6.9,0.6,13.6,362.0,3.9,9.1,11.0,0.58,10.7,0.5,1.5,0.145,,3,22,2,12,29,6,2,7,57,488,9.3,11.7,0,15,0,65,20,362,2,4,0.0,0.0,,0.467,0.268,19.0,3.0,0.031,0.439,0.625,0.333,0.0,0.571,0.571,0.339,29.0,6.0,488.0,0.75,1.0,0.245,0.031,0.01,0.429,0.143,0.571,362.0,-2.1,0.0,,29.0,6.0,105.0,145.0,93.0,98.0,93.0,108.0,109.0,100.0,488.0,362.0,0.571,0.571,0.339,0.536,0.439,0.846,0.265,0.58,,,,,,,,,,,,,,,,,,,,,,,,,,,,,,,,,,,,,,,,,,,,,,,,,,,,,,,,,,,,,,,,,,,,,,,,,,,,,,,,,,,,,,,,,,,,,,,,,,,,,,,,,,,,,,,,,,,,,,,,,,,,,,,,,,,,,,,,,,,,,,,,,,,,,,,,,,,,,,,,,,,,,,,,,,,,,,,,,,,,,,,,,,,,,,,,,,,,,,,,,,,,,
tuckepj01,P.J. Tucker,https://www.basketball-reference.com/players/t/tuckepj01.html,2023-24,2024,38.0,2TM,PF,SF,80.0,SF,31.0,10.0,486.0,5.0,15.0,0.333,13.0,35.0,0.371,16.0,,7.0,57.0,0.49,18.0,50.0,0.36,3.0,3.0,1.0,28.0,54.0,52.0,447.0,16.0,8.0,85.0,0.0,0.2,0.5,0.333,0.4,1.1,0.371,0.5,,0.2,1.8,0.49,0.6,1.6,0.36,0.1,0.1,1.0,31.0,10.0,15.7,0.9,1.7,1.7,511.0,0.5,0.3,2.7,0.4,1.1,0.333,1.0,2.6,0.371,1.2,,0.5,4.2,0.49,1.3,3.7,0.36,0.2,0.2,1.0,31.0,10.0,486.0,2.1,4.0,3.9,363.0,1.2,0.6,6.3,0.5,1.5,0.333,1.3,3.6,0.371,1.6,,0.7,5.8,116.0,0.49,1.8,5.1,0.36,0.3,0.3,1.0,31.0,10.0,486.0,2.8,120.0,5.5,5.3,363.0,1.6,0.8,8.6,0.7,3.9,,1.3,-3.6,0.4,12.9,0.5,0.06,31.0,10.0,486.0,-4.0,6.7,0.2,5.9,363.0,1.6,13.5,9.8,0.507,5.3,-0.2,0.7,0.068,,1,29,5,2,31,10,1,2,42,486,-4.5,-0.2,6,44,0,50,0,363,5,0,0.0,0.0,,0.382,0.971,20.5,0.0,0.0,0.36,0.571,0.0,0.5,0.333,0.0,0.371,31.0,10.0,486.0,0.6,1.0,0.14,0.02,0.04,0.3,0.1,0.7,363.0,-5.7,-7.5,,31.0,10.0,61.0,177.0,102.0,90.0,76.0,128.0,25.0,87.0,486.0,363.0,0.333,0.7,0.371,0.49,0.36,1.0,0.06,0.507,,2.0,1.0,92.0,169.0,205.0,168.0,141.0,,0.0,158.0,31.0,161.0,0.5,0.667,0.75,0.917,0.667,,0.0,0.917,0.667,0.0,,0.0,-3.6,-1.7,0.0,0.0,0.0,2.0,1.0,31.0,-1.9,11.2,0.0,8.3,161.0,0.0,33.3,5.5,0.917,13.2,0.0,0.0,0.019,,2.0,3.0,0.0,0.0,2.0,1.0,0.0,0.0,0.0,31.0,-37.0,-40.9,0.0,44.0,0.0,56.0,0.0,161.0,0.0,0.0,1.7,3.4,0.5,5.1,6.8,0.75,0.0,,0.0,0.0,126.0,0.917,6.8,10.2,0.667,0.0,0.0,,2.0,1.0,31.0,5.1,114.0,10.2,18.7,161.0,0.0,5.1,5.1,1.2,2.3,0.5,3.5,4.6,0.75,0.0,,0.0,0.0,0.917,4.6,7.0,0.667,0.0,0.0,,2.0,1.0,31.0,3.5,7.0,12.8,161.0,0.0,3.5,3.5,0.5,1.0,0.5,1.5,2.0,0.75,0.0,,0.0,0.0,0.917,2.0,3.0,0.667,0.0,0.0,,2.0,1.0,15.5,1.5,3.0,5.5,111.0,0.0,1.5,1.5,0.0,0.0,,0.75,1.0,17.3,0.0,0.0,0.667,1.0,,,0.5,0.0,0.75,2.0,1.0,31.0,1.0,1.0,0.167,0.0,0.0,0.333,0.167,0.667,161.0,1.0,2.0,0.5,3.0,4.0,0.75,0.0,,0.0,0.0,0.917,4.0,6.0,0.667,0.0,0.0,,2.0,1.0,31.0,3.0,6.0,11.0,154.0,0.0,3.0,3.0,0.0
watanyu01,Yuta Watanabe,https://www.basketball-reference.com/players/w/watanyu01.html,2023-24,2024,29.0,2TM,SF,SF,81.0,SF,34.0,0.0,464.0,16.0,31.0,0.516,25.0,85.0,0.294,15.0,,7.0,43.0,0.461,41.0,116.0,0.353,10.0,17.0,0.588,11.0,39.0,117.0,396.0,12.0,19.0,54.0,0.0,0.5,0.9,0.516,0.7,2.5,0.294,0.4,,0.2,1.3,0.461,1.2,3.4,0.353,0.3,0.5,0.588,34.0,0.0,13.6,0.3,1.1,3.4,428.0,0.4,0.6,1.6,1.2,2.4,0.516,1.9,6.6,0.294,1.2,,0.5,3.3,0.461,3.2,9.0,0.353,0.8,1.3,0.588,34.0,0.0,464.0,0.9,3.0,9.1,369.0,0.9,1.5,4.2,1.7,3.3,0.516,2.6,8.9,0.294,1.6,,0.7,4.5,117.0,0.461,4.3,12.2,0.353,1.1,1.8,0.588,34.0,0.0,464.0,1.2,92.0,4.1,12.3,369.0,1.3,2.0,5.7,0.733,4.2,,1.3,-6.4,-1.1,10.1,0.4,0.147,34.0,0.0,464.0,-5.3,2.8,-0.5,4.7,369.0,1.3,13.3,6.5,0.474,13.3,-0.5,-0.1,-0.009,,0,32,2,7,34,0,1,6,36,464,-10.7,-8.5,0,43,2,45,11,369,12,5,0.0,0.0,,0.286,0.412,18.7,5.0,0.043,0.353,0.818,0.6,0.0,0.516,0.333,0.294,34.0,0.0,464.0,0.563,1.0,0.095,0.043,0.026,0.267,0.103,0.733,369.0,-19.8,-26.3,,34.0,0.0,95.0,186.0,80.0,84.0,75.0,75.0,60.0,82.0,464.0,369.0,0.516,0.733,0.294,0.461,0.353,0.588,0.147,0.474,,,,,,,,,,,,,,,,,,,,,,,,,,,,,,,,,,,,,,,,,,,,,,,,,,,,,,,,,,,,,,,,,,,,,,,,,,,,,,,,,,,,,,,,,,,,,,,,,,,,,,,,,,,,,,,,,,,,,,,,,,,,,,,,,,,,,,,,,,,,,,,,,,,,,,,,,,,,,,,,,,,,,,,,,,,,,,,,,,,,,,,,,,,,,,,,,,,,,,,,,,,,,
littlna01,Nassir Little,https://www.basketball-reference.com/players/l/littlna01.html,2023-24,2024,23.0,PHO,SF,SF,82.0,SF,45.0,2.0,458.0,36.0,54.0,0.667,21.0,70.0,0.3,21.0,,10.0,61.0,0.544,57.0,124.0,0.46,17.0,20.0,0.85,14.0,39.0,152.0,374.0,10.0,14.0,75.0,0.0,0.8,1.2,0.667,0.5,1.6,0.3,0.5,,0.2,1.4,0.544,1.3,2.8,0.46,0.4,0.4,0.85,45.0,2.0,10.2,0.3,0.9,3.4,432.0,0.2,0.3,1.7,2.8,4.2,0.667,1.7,5.5,0.3,1.7,,0.8,4.8,0.544,4.5,9.7,0.46,1.3,1.6,0.85,45.0,2.0,458.0,1.1,3.1,11.9,370.0,0.8,1.1,5.9,3.8,5.8,0.667,2.2,7.5,0.3,2.2,,1.1,6.5,116.0,0.544,6.1,13.2,0.46,1.8,2.1,0.85,45.0,2.0,458.0,1.5,114.0,4.2,16.2,370.0,1.1,1.5,8.0,0.565,6.1,,1.9,-3.0,-0.6,14.3,0.4,0.161,45.0,2.0,458.0,-2.4,3.6,0.3,9.9,370.0,1.1,9.5,9.3,0.572,13.9,-0.1,0.7,0.074,,1,26,2,7,45,2,3,6,54,458,-11.3,-6.8,1,17,1,65,17,370,9,3,0.0,0.0,,0.32,0.357,16.4,12.0,0.097,0.46,0.769,0.25,0.75,0.667,0.6,0.3,45.0,2.0,458.0,0.722,1.0,0.21,0.032,0.032,0.435,0.161,0.565,370.0,-0.5,-2.0,,45.0,2.0,122.0,143.0,82.0,100.0,97.0,108.0,66.0,99.0,458.0,370.0,0.667,0.565,0.3,0.544,0.46,0.85,0.161,0.572,,4.0,0.0,183.0,152.0,91.0,128.0,126.0,,0.0,121.0,14.0,178.0,1.0,0.6,0.333,0.7,0.6,,0.0,0.7,0.6,0.0,,0.0,-0.2,-2.1,8.8,0.0,0.0,4.0,0.0,14.0,1.9,0.0,0.0,13.4,178.0,0.0,0.0,4.4,0.7,16.8,0.0,0.0,0.042,,0.0,2.0,0.0,0.0,4.0,0.0,0.0,0.0,0.0,14.0,-9.0,-24.7,1.0,52.0,0.0,30.0,17.0,178.0,0.0,0.0,7.3,7.3,1.0,3.7,11.0,0.333,0.0,,0.0,3.7,133.0,0.7,11.0,18.3,0.6,0.0,0.0,,4.0,0.0,14.0,0.0,131.0,7.3,25.7,178.0,0.0,0.0,3.7,5.1,5.1,1.0,2.6,7.7,0.333,0.0,,0.0,2.6,0.7,7.7,12.9,0.6,0.0,0.0,,4.0,0.0,14.0,0.0,5.1,18.0,178.0,0.0,0.0,2.6,0.5,0.5,1.0,0.3,0.8,0.333,0.0,,0.0,0.3,0.7,0.8,1.3,0.6,0.0,0.0,,4.0,0.0,3.5,0.0,0.5,1.8,161.0,0.0,0.0,0.3,0.0,0.0,,0.0,0.333,18.9,0.0,0.0,0.6,,1.0,,1.0,1.0,0.333,4.0,0.0,14.0,0.0,0.0,0.0,0.2,0.0,0.4,0.2,0.6,178.0,2.0,2.0,1.0,1.0,3.0,0.333,0.0,,0.0,1.0,0.7,3.0,5.0,0.6,0.0,0.0,,4.0,0.0,14.0,0.0,2.0,7.0,164.0,0.0,0.0,1.0,0.0
bullore01,Reggie Bullock,https://www.basketball-reference.com/players/b/bullore01.html,2023-24,2024,32.0,HOU,SF,SF,83.0,SF,44.0,0.0,417.0,7.0,15.0,0.467,27.0,67.0,0.403,15.0,,5.0,67.0,0.579,34.0,82.0,0.415,1.0,1.0,1.0,6.0,29.0,96.0,409.0,12.0,10.0,73.0,0.0,0.2,0.3,0.467,0.6,1.5,0.403,0.3,,0.1,1.5,0.579,0.8,1.9,0.415,0.0,0.0,1.0,44.0,0.0,9.5,0.1,0.7,2.2,489.0,0.3,0.2,1.7,0.6,1.3,0.467,2.3,5.8,0.403,1.3,,0.4,5.8,0.579,2.9,7.1,0.415,0.1,0.1,1.0,44.0,0.0,417.0,0.5,2.5,8.3,378.0,1.0,0.9,6.3,0.8,1.7,0.467,3.1,7.8,0.403,1.7,,0.6,7.8,114.0,0.579,4.0,9.5,0.415,0.1,0.1,1.0,44.0,0.0,417.0,0.7,112.0,3.4,11.2,378.0,1.4,1.2,8.5,0.817,4.6,,1.1,-2.4,0.5,17.4,0.5,0.012,44.0,0.0,417.0,-2.9,1.5,0.1,7.7,378.0,1.4,10.8,9.4,0.582,9.4,0.0,0.6,0.072,,1,12,0,1,44,0,1,2,33,417,-7.9,-5.9,0,11,7,47,35,378,9,0,0.0,0.0,,0.552,0.433,22.1,0.0,0.0,0.415,1.0,0.25,0.25,0.467,0.333,0.403,44.0,0.0,417.0,1.0,0.963,0.049,0.049,0.049,0.183,0.037,0.817,378.0,5.4,0.4,,44.0,0.0,86.0,207.0,110.0,106.0,87.0,128.0,5.0,100.0,417.0,378.0,0.467,0.817,0.403,0.579,0.415,1.0,0.012,0.582,,,,,,,,,,,,,,,,,,,,,,,,,,,,,,,,,,,,,,,,,,,,,,,,,,,,,,,,,,,,,,,,,,,,,,,,,,,,,,,,,,,,,,,,,,,,,,,,,,,,,,,,,,,,,,,,,,,,,,,,,,,,,,,,,,,,,,,,,,,,,,,,,,,,,,,,,,,,,,,,,,,,,,,,,,,,,,,,,,,,,,,,,,,,,,,,,,,,,,,,,,,,,
mykhasv01,Svi Mykhailiuk,https://www.basketball-reference.com/players/m/mykhasv01.html,2023-24,2024,26.0,BOS,SF,SF,84.0,SF,41.0,2.0,413.0,15.0,29.0,0.517,42.0,108.0,0.389,35.0,,1.0,40.0,0.569,57.0,137.0,0.416,6.0,9.0,0.667,11.0,19.0,162.0,366.0,11.0,12.0,51.0,0.0,0.4,0.7,0.517,1.0,2.6,0.389,0.9,,0.0,1.0,0.569,1.4,3.3,0.416,0.1,0.2,0.667,41.0,2.0,10.1,0.3,0.5,4.0,403.0,0.3,0.3,1.2,1.3,2.5,0.517,3.7,9.4,0.389,3.1,,0.1,3.5,0.569,5.0,11.9,0.416,0.5,0.8,0.667,41.0,2.0,413.0,1.0,1.7,14.1,381.0,1.0,1.0,4.4,1.8,3.5,0.517,5.0,12.9,0.389,4.2,,0.1,4.8,115.0,0.569,6.8,16.4,0.416,0.7,1.1,0.667,41.0,2.0,413.0,1.3,119.0,2.3,19.4,381.0,1.3,1.4,6.1,0.788,11.0,,0.2,-1.8,-0.9,10.0,0.4,0.066,41.0,2.0,413.0,-0.9,3.0,0.5,11.7,381.0,1.3,7.8,6.7,0.575,16.1,0.0,0.9,0.106,,1,15,4,4,41,2,1,4,81,413,6.3,16.9,0,2,0,50,48,381,11,0,1.0,0.0,,0.533,0.278,21.9,3.0,0.036,0.416,0.667,0.143,0.0,0.517,0.8,0.389,41.0,2.0,413.0,0.733,0.929,0.109,0.051,0.015,0.212,0.036,0.788,381.0,6.2,-1.5,,41.0,2.0,95.0,200.0,106.0,104.0,88.0,85.0,27.0,99.0,413.0,381.0,0.517,0.788,0.389,0.569,0.416,0.667,0.066,0.575,,8.0,0.0,61.0,190.0,61.0,61.0,53.0,,0.0,57.0,32.0,157.0,0.333,0.75,0.222,0.333,0.25,,0.0,0.333,0.75,4.3,,0.0,-9.5,-1.6,14.6,0.0,0.0,8.0,0.0,32.0,-7.9,3.7,-0.1,-0.2,157.0,1.6,14.3,9.2,0.333,20.3,-0.1,-0.1,-0.125,,1.0,1.0,0.0,0.0,8.0,0.0,0.0,0.0,2.0,32.0,-31.0,-21.3,0.0,0.0,0.0,42.0,58.0,157.0,1.0,0.0,1.6,4.9,0.333,3.3,14.7,0.222,1.6,,0.0,6.5,110.0,0.333,4.9,19.6,0.25,0.0,0.0,,8.0,0.0,32.0,1.6,68.0,4.9,13.1,157.0,1.6,3.3,8.2,1.1,3.4,0.333,2.3,10.1,0.222,1.1,,0.0,4.5,0.333,3.4,13.5,0.25,0.0,0.0,,8.0,0.0,32.0,1.1,3.4,9.0,157.0,1.1,2.3,5.6,0.1,0.4,0.333,0.3,1.1,0.222,0.1,,0.0,0.5,0.333,0.4,1.5,0.25,0.0,0.0,,8.0,0.0,4.0,0.1,0.4,1.0,184.0,0.1,0.3,0.6,0.0,0.0,,1.0,0.111,20.8,0.0,0.0,0.25,0.0,,,0.333,0.5,0.222,8.0,0.0,32.0,1.0,1.0,0.083,0.0,0.0,0.25,0.167,0.75,157.0,1.0,3.0,0.333,2.0,9.0,0.222,1.0,,0.0,4.0,0.333,3.0,12.0,0.25,0.0,0.0,,8.0,0.0,32.0,1.0,3.0,8.0,160.0,1.0,2.0,5.0,0.0
matthwe02,Wesley Matthews,https://www.basketball-reference.com/players/m/matthwe02.html,2023-24,2024,37.0,ATL,SG,SF,84.0,SF,36.0,3.0,413.0,10.0,28.0,0.357,24.0,69.0,0.348,23.0,,11.0,44.0,0.474,34.0,97.0,0.351,18.0,24.0,0.75,9.0,43.0,110.0,402.0,16.0,8.0,53.0,0.0,0.3,0.8,0.357,0.7,1.9,0.348,0.6,,0.3,1.2,0.474,0.9,2.7,0.351,0.5,0.7,0.75,36.0,3.0,11.5,0.3,1.2,3.1,449.0,0.4,0.2,1.5,0.9,2.4,0.357,2.1,6.0,0.348,2.0,,1.0,3.8,0.474,3.0,8.5,0.351,1.6,2.1,0.75,36.0,3.0,413.0,0.8,3.7,9.6,382.0,1.4,0.7,4.6,1.2,3.3,0.357,2.8,8.0,0.348,2.7,,1.3,5.1,119.0,0.474,3.9,11.3,0.351,2.1,2.8,0.75,36.0,3.0,413.0,1.0,112.0,5.0,12.8,382.0,1.9,0.9,6.2,0.711,6.9,,2.4,-2.8,0.3,12.1,0.3,0.247,36.0,3.0,413.0,-3.1,2.3,0.2,8.2,382.0,1.9,6.9,7.0,0.511,11.7,-0.1,0.4,0.049,,2,23,6,8,36,3,1,6,56,413,-4.6,-6.4,0,26,0,72,2,382,3,3,0.0,0.0,,0.444,0.391,19.7,0.0,0.0,0.351,0.455,0.25,0.0,0.357,0.375,0.348,36.0,3.0,413.0,0.9,0.958,0.113,0.082,0.01,0.289,0.082,0.711,382.0,-14.0,-14.8,,36.0,3.0,66.0,180.0,95.0,87.0,74.0,96.0,101.0,88.0,413.0,382.0,0.357,0.711,0.348,0.474,0.351,0.75,0.247,0.511,,,,,,,,,,,,,,,,,,,,,,,,,,,,,,,,,,,,,,,,,,,,,,,,,,,,,,,,,,,,,,,,,,,,,,,,,,,,,,,,,,,,,,,,,,,,,,,,,,,,,,,,,,,,,,,,,,,,,,,,,,,,,,,,,,,,,,,,,,,,,,,,,,,,,,,,,,,,,,,,,,,,,,,,,,,,,,,,,,,,,,,,,,,,,,,,,,,,,,,,,,,,,
ryanma01,Matt Ryan,https://www.basketball-reference.com/players/r/ryanma01.html,2023-24,2024,26.0,NOP,SF,SF,86.0,SF,28.0,1.0,390.0,8.0,22.0,0.364,41.0,91.0,0.451,18.0,,1.0,34.0,0.615,49.0,113.0,0.434,13.0,14.0,0.929,6.0,32.0,152.0,375.0,6.0,19.0,40.0,0.0,0.3,0.8,0.364,1.5,3.3,0.451,0.6,,0.0,1.2,0.615,1.8,4.0,0.434,0.5,0.5,0.929,28.0,1.0,13.9,0.2,1.1,5.4,323.0,0.2,0.7,1.4,0.7,2.0,0.364,3.8,8.4,0.451,1.7,,0.1,3.1,0.615,4.5,10.4,0.434,1.2,1.3,0.929,28.0,1.0,390.0,0.6,3.0,14.0,391.0,0.6,1.8,3.7,1.0,2.8,0.364,5.2,11.4,0.451,2.3,,0.1,4.3,118.0,0.615,6.2,14.2,0.434,1.6,1.8,0.929,28.0,1.0,390.0,0.8,113.0,4.0,19.1,391.0,0.8,2.4,5.0,0.805,6.1,,0.3,-2.7,-1.3,9.6,0.3,0.124,28.0,1.0,390.0,-1.4,1.7,0.2,9.0,391.0,0.8,13.8,5.7,0.638,15.4,-0.1,0.5,0.065,,2,17,1,5,28,1,2,1,42,390,-3.4,1.6,0,10,10,60,20,391,8,4,0.0,0.0,,0.552,0.319,22.6,0.0,0.0,0.434,0.667,0.222,0.333,0.364,0.5,0.451,28.0,1.0,390.0,1.0,0.927,0.027,0.08,0.053,0.195,0.035,0.805,391.0,15.5,13.8,,28.0,1.0,67.0,204.0,123.0,113.0,91.0,118.0,51.0,110.0,390.0,391.0,0.364,0.805,0.451,0.615,0.434,0.929,0.124,0.638,,1.0,0.0,,253.0,0.0,0.0,0.0,,0.0,0.0,3.0,212.0,,1.0,0.0,0.0,0.0,,0.0,0.0,1.0,0.0,,0.0,-13.3,10.5,39.3,0.0,0.0,1.0,0.0,3.0,-23.8,0.0,-0.1,-9.1,212.0,17.0,50.0,18.1,0.0,29.2,0.0,0.0,-0.575,,0.0,0.0,0.0,0.0,1.0,0.0,0.0,0.0,0.0,3.0,44.9,26.7,0.0,100.0,0.0,0.0,0.0,212.0,1.0,0.0,0.0,0.0,,0.0,17.0,0.0,0.0,,0.0,17.0,74.0,0.0,0.0,17.0,0.0,0.0,0.0,,1.0,0.0,3.0,0.0,0.0,0.0,0.0,212.0,17.0,17.0,17.0,0.0,0.0,,0.0,12.0,0.0,0.0,,0.0,12.0,0.0,0.0,12.0,0.0,0.0,0.0,,1.0,0.0,3.0,0.0,0.0,0.0,212.0,12.0,12.0,12.0,0.0,0.0,,0.0,1.0,0.0,0.0,,0.0,1.0,0.0,0.0,1.0,0.0,0.0,0.0,,1.0,0.0,3.0,0.0,0.0,0.0,210.0,1.0,1.0,1.0,0.0,0.0,,,0.0,24.8,0.0,0.0,0.0,,,,,,0.0,1.0,0.0,3.0,,,0.0,0.0,0.0,0.0,0.0,1.0,212.0,0.0,0.0,,0.0,1.0,0.0,0.0,,0.0,1.0,0.0,0.0,1.0,0.0,0.0,0.0,,1.0,0.0,3.0,0.0,0.0,0.0,210.0,1.0,1.0,1.0,0.0
minayju01,Justin Minaya,https://www.basketball-reference.com/players/m/minayju01.html,2023-24,2024,24.0,POR,SF,SF,87.0,SF,34.0,1.0,381.0,10.0,25.0,0.4,12.0,49.0,0.245,21.0,,10.0,26.0,0.378,22.0,74.0,0.297,5.0,9.0,0.556,30.0,35.0,61.0,440.0,9.0,9.0,56.0,0.0,0.3,0.7,0.4,0.4,1.4,0.245,0.6,,0.3,0.8,0.378,0.6,2.2,0.297,0.1,0.3,0.556,34.0,1.0,11.2,0.9,1.0,1.8,507.0,0.3,0.3,1.6,0.9,2.4,0.4,1.1,4.6,0.245,2.0,,0.9,2.5,0.378,2.1,7.0,0.297,0.5,0.9,0.556,34.0,1.0,381.0,2.8,3.3,5.8,392.0,0.9,0.9,5.3,1.3,3.2,0.4,1.6,6.4,0.245,2.7,,1.3,3.4,120.0,0.378,2.9,9.6,0.297,0.6,1.2,0.556,34.0,1.0,381.0,3.9,100.0,4.5,7.9,392.0,1.2,1.2,7.3,0.662,7.3,,2.4,-5.6,-0.5,8.1,0.2,0.122,34.0,1.0,381.0,-5.1,8.3,-0.1,5.8,392.0,1.2,10.3,8.2,0.391,9.7,-0.3,0.1,0.009,,1,18,4,3,34,1,1,5,50,381,-0.4,-9.8,0,11,1,60,29,392,3,2,0.0,0.0,,0.333,0.245,17.5,2.0,0.041,0.297,0.556,0.0,,0.4,0.0,0.245,34.0,1.0,381.0,0.4,0.917,0.243,0.014,0.0,0.338,0.081,0.662,392.0,-24.9,-29.4,,34.0,1.0,73.0,168.0,67.0,69.0,63.0,71.0,50.0,67.0,381.0,392.0,0.4,0.662,0.245,0.378,0.297,0.556,0.122,0.391,,,,,,,,,,,,,,,,,,,,,,,,,,,,,,,,,,,,,,,,,,,,,,,,,,,,,,,,,,,,,,,,,,,,,,,,,,,,,,,,,,,,,,,,,,,,,,,,,,,,,,,,,,,,,,,,,,,,,,,,,,,,,,,,,,,,,,,,,,,,,,,,,,,,,,,,,,,,,,,,,,,,,,,,,,,,,,,,,,,,,,,,,,,,,,,,,,,,,,,,,,,,,
juzanjo01,Johnny Juzang,https://www.basketball-reference.com/players/j/juzanjo01.html,2023-24,2024,22.0,UTA,SG,SF,88.0,SF,20.0,5.0,372.0,19.0,33.0,0.576,32.0,77.0,0.416,23.0,,2.0,29.0,0.609,51.0,110.0,0.464,10.0,14.0,0.714,7.0,29.0,144.0,380.0,4.0,13.0,36.0,0.0,1.0,1.7,0.576,1.6,3.9,0.416,1.2,,0.1,1.5,0.609,2.6,5.5,0.464,0.5,0.7,0.714,20.0,5.0,18.6,0.4,1.5,7.2,248.0,0.2,0.7,1.8,1.8,3.2,0.576,3.1,7.5,0.416,2.2,,0.2,2.8,0.609,4.9,10.6,0.464,1.0,1.4,0.714,20.0,5.0,372.0,0.7,2.8,13.9,393.0,0.4,1.3,3.5,2.5,4.3,0.576,4.2,10.0,0.416,3.0,,0.3,3.8,125.0,0.609,6.6,14.3,0.464,1.3,1.8,0.714,20.0,5.0,372.0,0.9,120.0,3.8,18.7,393.0,0.5,1.7,4.7,0.7,8.4,,0.5,-3.7,-2.2,8.5,0.0,0.127,20.0,5.0,372.0,-1.5,2.1,0.4,9.6,393.0,0.5,10.1,5.3,0.62,14.5,-0.2,0.4,0.047,,2,17,2,7,20,5,1,4,55,372,2.5,-2.6,0,11,0,53,36,393,5,4,0.0,0.0,,0.382,0.442,19.3,1.0,0.009,0.464,1.0,0.5,0.5,0.576,0.538,0.416,20.0,5.0,372.0,0.789,1.0,0.027,0.018,0.018,0.3,0.236,0.7,393.0,13.8,9.3,,20.0,5.0,106.0,177.0,114.0,111.0,98.0,91.0,52.0,107.0,372.0,393.0,0.576,0.7,0.416,0.609,0.464,0.714,0.127,0.62,,,,,,,,,,,,,,,,,,,,,,,,,,,,,,,,,,,,,,,,,,,,,,,,,,,,,,,,,,,,,,,,,,,,,,,,,,,,,,,,,,,,,,,,,,,,,,,,,,,,,,,,,,,,,,,,,,,,,,,,,,,,,,,,,,,,,,,,,,,,,,,,,,,,,,,,,,,,,,,,,,,,,,,,,,,,,,,,,,,,,,,,,,,,,,,,,,,,,,,,,,,,,
lawsoaj01,A.J. Lawson,https://www.basketball-reference.com/players/l/lawsoaj01.html,2023-24,2024,23.0,DAL,SG,SF,89.0,SF,42.0,0.0,311.0,41.0,71.0,0.577,13.0,50.0,0.26,20.0,,3.0,36.0,0.5,54.0,121.0,0.446,15.0,23.0,0.652,14.0,22.0,136.0,385.0,10.0,14.0,50.0,0.0,1.0,1.7,0.577,0.3,1.2,0.26,0.5,,0.1,0.9,0.5,1.3,2.9,0.446,0.4,0.5,0.652,42.0,0.0,7.4,0.3,0.5,3.2,443.0,0.2,0.3,1.2,4.7,8.2,0.577,1.5,5.8,0.26,2.3,,0.3,4.2,0.5,6.3,14.0,0.446,1.7,2.7,0.652,42.0,0.0,311.0,1.6,2.5,15.7,410.0,1.2,1.6,5.8,6.3,11.0,0.577,2.0,7.7,0.26,3.1,,0.5,5.6,117.0,0.5,8.3,18.7,0.446,2.3,3.5,0.652,42.0,0.0,311.0,2.2,105.0,3.4,21.0,410.0,1.5,2.2,7.7,0.413,8.9,,0.8,-4.6,-1.5,12.6,0.3,0.19,42.0,0.0,311.0,-3.1,4.9,0.0,11.2,410.0,1.5,9.6,8.8,0.519,20.0,-0.2,0.2,0.036,,1,16,0,12,42,0,2,8,51,311,0.6,2.7,0,3,6,51,41,410,7,2,0.0,0.0,,0.25,0.64,11.8,12.0,0.107,0.446,0.773,0.0,1.0,0.577,0.208,0.26,42.0,0.0,311.0,0.61,1.0,0.364,0.008,0.017,0.587,0.198,0.413,410.0,-11.3,-16.1,,42.0,0.0,106.0,105.0,71.0,91.0,94.0,83.0,78.0,89.0,311.0,410.0,0.577,0.413,0.26,0.5,0.446,0.652,0.19,0.519,,10.0,0.0,122.0,169.0,91.0,102.0,94.0,64.0,91.0,96.0,30.0,162.0,0.667,0.667,0.333,0.556,0.444,0.5,0.222,0.557,0.667,0.0,,3.2,0.1,-0.3,7.6,0.0,0.222,10.0,0.0,30.0,0.3,3.9,0.0,11.1,162.0,0.0,0.0,5.7,0.557,15.0,0.0,0.1,0.087,,0.0,0.0,0.0,1.0,10.0,0.0,0.0,0.0,0.0,30.0,-13.8,-9.7,0.0,0.0,0.0,70.0,30.0,162.0,0.0,0.0,3.5,5.2,0.667,3.5,10.4,0.333,0.0,,1.7,3.5,117.0,0.556,6.9,15.6,0.444,1.7,3.5,0.5,10.0,0.0,30.0,1.7,120.0,1.7,19.1,162.0,0.0,0.0,5.2,2.4,3.6,0.667,2.4,7.2,0.333,0.0,,1.2,2.4,0.556,4.8,10.8,0.444,1.2,2.4,0.5,10.0,0.0,30.0,1.2,1.2,13.2,162.0,0.0,0.0,3.6,0.2,0.3,0.667,0.2,0.6,0.333,0.0,,0.1,0.2,0.556,0.4,0.9,0.444,0.1,0.2,0.5,10.0,0.0,3.0,0.1,0.1,1.1,180.0,0.0,0.0,0.3,0.0,0.0,,0.5,0.667,17.1,1.0,0.111,0.444,1.0,,,0.667,0.0,0.333,10.0,0.0,30.0,1.0,1.0,0.222,0.0,0.0,0.333,0.111,0.667,162.0,2.0,3.0,0.667,2.0,6.0,0.333,0.0,,1.0,2.0,0.556,4.0,9.0,0.444,1.0,2.0,0.5,10.0,0.0,30.0,1.0,1.0,11.0,153.0,0.0,0.0,3.0,0.0
umudest01,Stanley Umude,https://www.basketball-reference.com/players/u/umudest01.html,2023-24,2024,24.0,DET,SG,SF,90.0,SF,24.0,2.0,307.0,13.0,31.0,0.419,24.0,53.0,0.453,11.0,,7.0,43.0,0.583,37.0,84.0,0.44,29.0,32.0,0.906,8.0,40.0,127.0,389.0,8.0,14.0,51.0,0.0,0.5,1.3,0.419,1.0,2.2,0.453,0.5,,0.3,1.8,0.583,1.5,3.5,0.44,1.2,1.3,0.906,24.0,2.0,12.8,0.3,1.7,5.3,333.0,0.3,0.6,2.1,1.5,3.6,0.419,2.8,6.2,0.453,1.3,,0.8,5.0,0.583,4.3,9.9,0.44,3.4,3.8,0.906,24.0,2.0,307.0,0.9,4.7,14.9,412.0,0.9,1.6,6.0,2.0,4.9,0.419,3.8,8.3,0.453,1.7,,1.1,6.7,119.0,0.583,5.8,13.2,0.44,4.5,5.0,0.906,24.0,2.0,307.0,1.3,119.0,6.3,19.9,412.0,1.3,2.2,8.0,0.631,4.9,,2.0,-1.6,-0.1,15.9,0.2,0.381,24.0,2.0,307.0,-1.5,2.9,0.3,11.4,412.0,1.3,12.5,9.3,0.647,15.6,0.0,0.5,0.085,,1,26,4,13,24,2,3,4,24,307,-1.9,-10.6,0,21,0,66,13,412,7,4,0.0,0.0,,0.483,0.547,18.3,2.0,0.024,0.44,0.714,0.2,0.0,0.419,0.412,0.453,24.0,2.0,307.0,0.846,1.0,0.083,0.06,0.024,0.369,0.202,0.631,412.0,6.2,13.2,,24.0,2.0,77.0,160.0,124.0,107.0,93.0,116.0,156.0,112.0,307.0,412.0,0.419,0.631,0.453,0.583,0.44,0.906,0.381,0.647,,,,,,,,,,,,,,,,,,,,,,,,,,,,,,,,,,,,,,,,,,,,,,,,,,,,,,,,,,,,,,,,,,,,,,,,,,,,,,,,,,,,,,,,,,,,,,,,,,,,,,,,,,,,,,,,,,,,,,,,,,,,,,,,,,,,,,,,,,,,,,,,,,,,,,,,,,,,,,,,,,,,,,,,,,,,,,,,,,,,,,,,,,,,,,,,,,,,,,,,,,,,,
councri01,Ricky Council IV,https://www.basketball-reference.com/players/c/councri01.html,2023-24,2024,22.0,PHI,SG,SF,91.0,SF,32.0,0.0,289.0,42.0,80.0,0.525,12.0,32.0,0.375,16.0,,1.0,32.0,0.536,54.0,112.0,0.482,53.0,71.0,0.746,14.0,17.0,173.0,356.0,8.0,5.0,46.0,0.0,1.3,2.5,0.525,0.4,1.0,0.375,0.5,,0.0,1.0,0.536,1.7,3.5,0.482,1.7,2.2,0.746,32.0,0.0,9.0,0.4,0.5,5.4,319.0,0.3,0.2,1.4,5.2,10.0,0.525,1.5,4.0,0.375,2.0,,0.1,4.0,0.536,6.7,14.0,0.482,6.6,8.8,0.746,32.0,0.0,289.0,1.7,2.1,21.6,416.0,1.0,0.6,5.7,7.2,13.6,0.525,2.0,5.4,0.375,2.7,,0.2,5.4,117.0,0.536,9.2,19.1,0.482,9.0,12.1,0.746,32.0,0.0,289.0,2.4,129.0,2.9,29.5,416.0,1.4,0.9,7.8,0.286,8.2,,0.3,1.3,-0.8,12.4,0.3,0.634,32.0,0.0,289.0,2.1,5.3,0.8,18.6,416.0,1.4,3.4,8.8,0.604,22.1,0.2,1.0,0.173,,1,9,0,35,32,0,9,6,38,289,-0.2,2.8,0,14,0,59,27,416,2,0,0.0,0.0,,0.4,0.313,10.6,8.0,0.08,0.482,0.639,0.5,0.667,0.525,0.405,0.375,32.0,0.0,289.0,0.667,1.0,0.321,0.036,0.027,0.714,0.33,0.286,416.0,-2.4,6.8,,32.0,0.0,96.0,72.0,103.0,98.0,102.0,95.0,259.0,104.0,289.0,416.0,0.525,0.286,0.375,0.536,0.482,0.746,0.634,0.604,,,,,,,,,,,,,,,,,,,,,,,,,,,,,,,,,,,,,,,,,,,,,,,,,,,,,,,,,,,,,,,,,,,,,,,,,,,,,,,,,,,,,,,,,,,,,,,,,,,,,,,,,,,,,,,,,,,,,,,,,,,,,,,,,,,,,,,,,,,,,,,,,,,,,,,,,,,,,,,,,,,,,,,,,,,,,,,,,,,,,,,,,,,,,,,,,,,,,,,,,,,,,
edwarke02,Kessler Edwards,https://www.basketball-reference.com/players/e/edwarke02.html,2023-24,2024,23.0,SAC,SF,SF,92.0,SF,54.0,0.0,275.0,14.0,30.0,0.467,20.0,52.0,0.385,15.0,,4.0,33.0,0.537,34.0,82.0,0.415,5.0,9.0,0.556,9.0,26.0,93.0,411.0,10.0,4.0,42.0,0.0,0.3,0.6,0.467,0.4,1.0,0.385,0.3,,0.1,0.6,0.537,0.6,1.5,0.415,0.1,0.2,0.556,54.0,0.0,5.1,0.2,0.5,1.7,512.0,0.2,0.1,0.8,1.8,3.9,0.467,2.6,6.8,0.385,2.0,,0.5,4.3,0.537,4.5,10.7,0.415,0.7,1.2,0.556,54.0,0.0,275.0,1.2,3.4,12.2,420.0,1.3,0.5,5.5,2.5,5.3,0.467,3.5,9.2,0.385,2.6,,0.7,5.8,115.0,0.537,6.0,14.5,0.415,0.9,1.6,0.556,54.0,0.0,275.0,1.6,115.0,4.6,16.4,420.0,1.8,0.7,7.4,0.634,7.1,,1.3,-1.5,0.1,13.7,0.3,0.11,54.0,0.0,275.0,-1.6,3.6,0.2,10.3,420.0,1.8,4.4,8.5,0.541,14.0,0.0,0.5,0.083,,0,17,4,5,54,0,1,6,38,275,-6.1,-4.4,3,40,0,54,3,420,3,0,0.0,0.0,,0.409,0.423,18.3,2.0,0.037,0.415,0.643,0.0,0.4,0.467,0.3,0.385,54.0,0.0,275.0,0.643,1.0,0.171,0.012,0.061,0.366,0.122,0.634,420.0,-1.6,-6.7,,54.0,0.0,86.0,161.0,105.0,98.0,87.0,71.0,45.0,93.0,275.0,420.0,0.467,0.634,0.385,0.537,0.415,0.556,0.11,0.541,,,,,,,,,,,,,,,,,,,,,,,,,,,,,,,,,,,,,,,,,,,,,,,,,,,,,,,,,,,,,,,,,,,,,,,,,,,,,,,,,,,,,,,,,,,,,,,,,,,,,,,,,,,,,,,,,,,,,,,,,,,,,,,,,,,,,,,,,,,,,,,,,,,,,,,,,,,,,,,,,,,,,,,,,,,,,,,,,,,,,,,,,,,,,,,,,,,,,,,,,,,,,
bitimon01,Onuralp Bitim,https://www.basketball-reference.com/players/b/bitimon01.html,2023-24,2024,24.0,CHI,SG,SF,93.0,SF,23.0,1.0,268.0,20.0,40.0,0.5,12.0,44.0,0.273,13.0,,2.0,26.0,0.452,32.0,84.0,0.381,4.0,5.0,0.8,6.0,24.0,80.0,427.0,3.0,10.0,32.0,0.0,0.9,1.7,0.5,0.5,1.9,0.273,0.6,,0.1,1.1,0.452,1.4,3.7,0.381,0.2,0.2,0.8,23.0,1.0,11.7,0.3,1.0,3.5,424.0,0.1,0.4,1.4,2.7,5.4,0.5,1.6,5.9,0.273,1.7,,0.3,3.5,0.452,4.3,11.3,0.381,0.5,0.7,0.8,23.0,1.0,268.0,0.8,3.2,10.7,422.0,0.4,1.3,4.3,3.7,7.4,0.5,2.2,8.2,0.273,2.4,,0.4,4.8,121.0,0.452,6.0,15.6,0.381,0.7,0.9,0.8,23.0,1.0,268.0,1.1,94.0,4.5,14.9,422.0,0.6,1.9,6.0,0.524,6.5,,0.8,-7.4,-2.0,11.1,0.1,0.06,23.0,1.0,268.0,-5.4,2.5,-0.3,5.0,422.0,0.6,10.4,6.7,0.464,15.8,-0.4,-0.1,-0.027,,1,17,2,1,23,1,1,5,31,268,-5.9,-6.9,0,15,0,66,19,422,6,1,0.0,0.0,,0.267,0.341,16.2,3.0,0.06,0.381,0.706,0.571,0.25,0.5,0.25,0.273,23.0,1.0,268.0,0.75,1.0,0.202,0.083,0.048,0.476,0.143,0.524,422.0,-15.8,-20.0,,23.0,1.0,92.0,133.0,75.0,83.0,80.0,102.0,24.0,80.0,268.0,422.0,0.5,0.524,0.273,0.452,0.381,0.8,0.06,0.464,,,,,,,,,,,,,,,,,,,,,,,,,,,,,,,,,,,,,,,,,,,,,,,,,,,,,,,,,,,,,,,,,,,,,,,,,,,,,,,,,,,,,,,,,,,,,,,,,,,,,,,,,,,,,,,,,,,,,,,,,,,,,,,,,,,,,,,,,,,,,,,,,,,,,,,,,,,,,,,,,,,,,,,,,,,,,,,,,,,,,,,,,,,,,,,,,,,,,,,,,,,,,
rhodeja01,Jared Rhoden,https://www.basketball-reference.com/players/r/rhodeja01.html,2023-24,2024,24.0,DET,SG,SF,94.0,SF,17.0,0.0,245.0,21.0,35.0,0.6,12.0,31.0,0.387,14.0,,13.0,30.0,0.591,33.0,66.0,0.5,5.0,8.0,0.625,3.0,28.0,83.0,423.0,3.0,7.0,33.0,0.0,1.2,2.1,0.6,0.7,1.8,0.387,0.8,,0.8,1.8,0.591,1.9,3.9,0.5,0.3,0.5,0.625,17.0,0.0,14.4,0.2,1.6,4.9,352.0,0.2,0.4,1.9,3.1,5.1,0.6,1.8,4.6,0.387,2.1,,1.9,4.4,0.591,4.8,9.7,0.5,0.7,1.2,0.625,17.0,0.0,245.0,0.4,4.1,12.2,425.0,0.4,1.0,4.8,4.1,6.9,0.6,2.4,6.1,0.387,2.7,,2.6,5.9,119.0,0.591,6.5,13.0,0.5,1.0,1.6,0.625,17.0,0.0,245.0,0.6,115.0,5.5,16.3,425.0,0.6,1.4,6.5,0.47,8.0,,4.5,-2.5,0.4,13.9,0.2,0.121,17.0,0.0,245.0,-2.9,1.3,0.1,10.3,425.0,0.6,9.1,7.5,0.597,13.3,0.0,0.3,0.06,,0,19,2,4,17,0,0,3,31,245,2.0,-7.0,0,12,0,72,16,425,4,3,1.0,0.0,,0.429,0.452,17.9,4.0,0.076,0.5,0.8,0.571,0.375,0.6,0.75,0.387,17.0,0.0,245.0,0.762,1.0,0.076,0.212,0.121,0.53,0.121,0.47,425.0,5.9,2.4,,17.0,0.0,110.0,119.0,106.0,108.0,105.0,80.0,50.0,103.0,245.0,425.0,0.6,0.47,0.387,0.591,0.5,0.625,0.121,0.597,,,,,,,,,,,,,,,,,,,,,,,,,,,,,,,,,,,,,,,,,,,,,,,,,,,,,,,,,,,,,,,,,,,,,,,,,,,,,,,,,,,,,,,,,,,,,,,,,,,,,,,,,,,,,,,,,,,,,,,,,,,,,,,,,,,,,,,,,,,,,,,,,,,,,,,,,,,,,,,,,,,,,,,,,,,,,,,,,,,,,,,,,,,,,,,,,,,,,,,,,,,,,
champju01,Justin Champagnie,https://www.basketball-reference.com/players/c/champju01.html,2023-24,2024,22.0,WAS,SF,SF,95.0,SF,15.0,1.0,235.0,19.0,33.0,0.576,13.0,45.0,0.289,19.0,,9.0,34.0,0.494,32.0,78.0,0.41,12.0,15.0,0.8,19.0,14.0,89.0,415.0,10.0,10.0,53.0,0.0,1.3,2.2,0.576,0.9,3.0,0.289,1.3,,0.6,2.3,0.494,2.1,5.2,0.41,0.8,1.0,0.8,15.0,1.0,15.7,1.3,0.9,5.9,302.0,0.7,0.7,3.5,2.9,5.1,0.576,2.0,6.9,0.289,2.9,,1.4,5.2,0.494,4.9,11.9,0.41,1.8,2.3,0.8,15.0,1.0,235.0,2.9,2.1,13.6,426.0,1.5,1.5,8.1,3.8,6.6,0.576,2.6,9.0,0.289,3.8,,1.8,6.8,117.0,0.494,6.4,15.5,0.41,2.4,3.0,0.8,15.0,1.0,235.0,3.8,110.0,2.8,17.7,426.0,2.0,2.0,10.5,0.577,10.7,,3.1,-1.8,-0.8,15.8,0.2,0.192,15.0,1.0,235.0,-1.1,8.5,0.1,13.6,426.0,2.0,10.6,12.1,0.526,17.0,0.0,0.3,0.058,,0,10,0,5,15,1,1,6,41,235,-4.1,-13.1,0,10,0,49,42,426,8,2,1.0,1.0,,0.25,0.444,16.0,3.0,0.038,0.41,0.739,,0.0,0.576,0.222,0.289,15.0,1.0,235.0,0.737,1.0,0.295,0.0,0.013,0.423,0.115,0.577,426.0,-8.3,-9.1,,15.0,1.0,106.0,146.0,79.0,90.0,86.0,102.0,79.0,91.0,235.0,426.0,0.576,0.577,0.289,0.494,0.41,0.8,0.192,0.526,,,,,,,,,,,,,,,,,,,,,,,,,,,,,,,,,,,,,,,,,,,,,,,,,,,,,,,,,,,,,,,,,,,,,,,,,,,,,,,,,,,,,,,,,,,,,,,,,,,,,,,,,,,,,,,,,,,,,,,,,,,,,,,,,,,,,,,,,,,,,,,,,,,,,,,,,,,,,,,,,,,,,,,,,,,,,,,,,,,,,,,,,,,,,,,,,,,,,,,,,,,,,
greenja02,Javonte Green,https://www.basketball-reference.com/players/g/greenja02.html,2023-24,2024,30.0,CHI,SF,SF,96.0,SF,9.0,5.0,230.0,35.0,48.0,0.729,10.0,27.0,0.37,5.0,,8.0,47.0,0.667,45.0,75.0,0.6,10.0,13.0,0.769,20.0,19.0,110.0,401.0,10.0,7.0,67.0,0.0,3.9,5.3,0.729,1.1,3.0,0.37,0.6,,0.9,5.2,0.667,5.0,8.3,0.6,1.1,1.4,0.769,9.0,5.0,25.6,2.2,2.1,12.2,135.0,1.1,0.8,7.4,5.5,7.5,0.729,1.6,4.2,0.37,0.8,,1.3,7.4,0.667,7.0,11.7,0.6,1.6,2.0,0.769,9.0,5.0,230.0,3.1,3.0,17.2,427.0,1.6,1.1,10.5,7.6,10.4,0.729,2.2,5.9,0.37,1.1,,1.7,10.2,112.0,0.667,9.8,16.3,0.6,2.2,2.8,0.769,9.0,5.0,230.0,4.3,132.0,4.1,23.8,427.0,2.2,1.5,14.5,0.36,3.3,,3.6,2.0,0.1,23.3,0.3,0.173,9.0,5.0,230.0,1.9,9.5,0.5,20.2,427.0,2.2,8.0,16.3,0.681,16.7,0.2,0.9,0.18,,0,12,0,7,9,5,3,4,12,230,8.5,6.6,0,19,0,78,3,427,2,3,0.0,0.0,,0.353,0.63,10.2,11.0,0.173,0.6,0.73,1.0,,0.729,0.7,0.37,9.0,5.0,230.0,0.686,1.0,0.493,0.013,0.0,0.64,0.133,0.36,427.0,18.0,16.4,,9.0,5.0,134.0,91.0,101.0,122.0,126.0,98.0,71.0,117.0,230.0,427.0,0.729,0.36,0.37,0.667,0.6,0.769,0.173,0.681,,,,,,,,,,,,,,,,,,,,,,,,,,,,,,,,,,,,,,,,,,,,,,,,,,,,,,,,,,,,,,,,,,,,,,,,,,,,,,,,,,,,,,,,,,,,,,,,,,,,,,,,,,,,,,,,,,,,,,,,,,,,,,,,,,,,,,,,,,,,,,,,,,,,,,,,,,,,,,,,,,,,,,,,,,,,,,,,,,,,,,,,,,,,,,,,,,,,,,,,,,,,,
porteot01,Otto Porter Jr.,https://www.basketball-reference.com/players/p/porteot01.html,2023-24,2024,30.0,TOR,SF,SF,97.0,SF,15.0,1.0,174.0,6.0,10.0,0.6,8.0,23.0,0.348,8.0,,5.0,23.0,0.545,14.0,33.0,0.424,3.0,3.0,1.0,6.0,19.0,39.0,469.0,5.0,2.0,29.0,0.0,0.4,0.7,0.6,0.5,1.5,0.348,0.5,,0.3,1.5,0.545,0.9,2.2,0.424,0.2,0.2,1.0,15.0,1.0,11.6,0.4,1.3,2.6,468.0,0.3,0.1,1.9,1.2,2.1,0.6,1.7,4.8,0.348,1.7,,1.0,4.8,0.545,2.9,6.8,0.424,0.6,0.6,1.0,15.0,1.0,174.0,1.2,3.9,8.1,444.0,1.0,0.4,6.0,1.7,2.8,0.6,2.2,6.4,0.348,2.2,,1.4,6.4,119.0,0.545,3.9,9.2,0.424,0.8,0.8,1.0,15.0,1.0,174.0,1.7,123.0,5.3,10.8,444.0,1.4,0.6,8.0,0.697,5.8,,2.5,-3.2,0.3,14.8,0.1,0.091,15.0,1.0,174.0,-3.5,3.7,0.1,8.7,444.0,1.4,5.5,9.2,0.568,8.9,-0.1,0.3,0.07,,1,11,0,2,15,1,1,2,18,174,11.1,4.2,2,22,0,63,12,444,1,0,0.0,0.0,,0.444,0.391,18.9,0.0,0.03,0.424,0.5,0.667,,0.6,1.0,0.348,15.0,1.0,174.0,1.0,0.875,0.182,0.091,0.0,0.303,0.03,0.697,444.0,-0.1,-0.8,,15.0,1.0,110.0,177.0,95.0,100.0,89.0,128.0,37.0,98.0,174.0,444.0,0.6,0.697,0.348,0.545,0.424,1.0,0.091,0.568,,,,,,,,,,,,,,,,,,,,,,,,,,,,,,,,,,,,,,,,,,,,,,,,,,,,,,,,,,,,,,,,,,,,,,,,,,,,,,,,,,,,,,,,,,,,,,,,,,,,,,,,,,,,,,,,,,,,,,,,,,,,,,,,,,,,,,,,,,,,,,,,,,,,,,,,,,,,,,,,,,,,,,,,,,,,,,,,,,,,,,,,,,,,,,,,,,,,,,,,,,,,,
griffaj01,AJ Griffin,https://www.basketball-reference.com/players/g/griffaj01.html,2023-24,2024,20.0,ATL,SF,SF,98.0,SF,20.0,0.0,171.0,8.0,23.0,0.348,10.0,39.0,0.256,5.0,,2.0,16.0,0.371,18.0,62.0,0.29,2.0,2.0,1.0,2.0,6.0,48.0,451.0,1.0,8.0,18.0,0.0,0.4,1.2,0.348,0.5,2.0,0.256,0.3,,0.1,0.8,0.371,0.9,3.1,0.29,0.1,0.1,1.0,20.0,0.0,8.6,0.1,0.3,2.4,476.0,0.1,0.4,0.9,1.7,4.8,0.348,2.1,8.2,0.256,1.1,,0.4,3.4,0.371,3.8,13.1,0.29,0.4,0.4,1.0,20.0,0.0,171.0,0.4,1.3,10.1,445.0,0.2,1.7,3.8,2.2,6.5,0.348,2.8,10.9,0.256,1.4,,0.6,4.5,124.0,0.371,5.0,17.4,0.29,0.6,0.6,1.0,20.0,0.0,171.0,0.6,77.0,1.7,13.5,445.0,0.3,2.2,5.0,0.629,3.7,,1.1,-9.6,-3.5,10.6,0.0,0.032,20.0,0.0,171.0,-6.0,1.2,-0.4,1.2,445.0,0.3,11.3,5.7,0.382,17.3,-0.3,-0.4,-0.12,,0,3,0,1,20,0,0,3,13,171,-12.0,-13.7,1,36,0,58,5,445,4,3,0.0,0.0,,0.25,0.205,19.5,1.0,0.016,0.29,0.667,0.5,0.25,0.348,0.25,0.256,20.0,0.0,171.0,0.75,0.8,0.048,0.065,0.065,0.371,0.194,0.629,445.0,-21.8,-24.9,,20.0,0.0,64.0,159.0,70.0,68.0,61.0,128.0,13.0,66.0,171.0,445.0,0.348,0.629,0.256,0.371,0.29,1.0,0.032,0.382,,,,,,,,,,,,,,,,,,,,,,,,,,,,,,,,,,,,,,,,,,,,,,,,,,,,,,,,,,,,,,,,,,,,,,,,,,,,,,,,,,,,,,,,,,,,,,,,,,,,,,,,,,,,,,,,,,,,,,,,,,,,,,,,,,,,,,,,,,,,,,,,,,,,,,,,,,,,,,,,,,,,,,,,,,,,,,,,,,,,,,,,,,,,,,,,,,,,,,,,,,,,,
harrijo01,Joe Harris,https://www.basketball-reference.com/players/h/harrijo01.html,2023-24,2024,32.0,DET,SG,SF,99.0,SF,16.0,0.0,170.0,4.0,9.0,0.444,10.0,30.0,0.333,10.0,,2.0,10.0,0.487,14.0,39.0,0.359,1.0,2.0,0.5,3.0,19.0,39.0,468.0,3.0,4.0,13.0,0.0,0.3,0.6,0.444,0.6,1.9,0.333,0.6,,0.1,0.6,0.487,0.9,2.4,0.359,0.1,0.1,0.5,16.0,0.0,10.6,0.2,1.2,2.4,478.0,0.2,0.3,0.8,0.8,1.9,0.444,2.1,6.4,0.333,2.1,,0.4,2.1,0.487,3.0,8.3,0.359,0.2,0.4,0.5,16.0,0.0,170.0,0.6,4.0,8.3,446.0,0.6,0.8,2.8,1.1,2.5,0.444,2.8,8.5,0.333,2.8,,0.6,2.8,122.0,0.487,4.0,11.0,0.359,0.3,0.6,0.5,16.0,0.0,170.0,0.8,102.0,5.4,11.0,446.0,0.8,1.1,3.7,0.769,7.7,,1.0,-5.9,-1.1,6.7,0.0,0.051,16.0,0.0,170.0,-4.7,1.9,0.0,4.6,446.0,0.8,9.1,4.3,0.489,11.0,-0.2,0.0,0.001,,1,9,2,1,16,0,0,4,24,170,-5.1,-13.8,0,47,0,53,1,446,3,0,0.0,0.0,,0.5,0.467,20.3,0.0,0.0,0.359,0.5,,,0.444,0.4,0.333,16.0,0.0,170.0,1.0,1.0,0.103,0.0,0.0,0.231,0.128,0.769,446.0,-4.6,-7.3,,16.0,0.0,82.0,195.0,91.0,89.0,76.0,64.0,21.0,84.0,170.0,446.0,0.444,0.769,0.333,0.487,0.359,0.5,0.051,0.489,,,,,,,,,,,,,,,,,,,,,,,,,,,,,,,,,,,,,,,,,,,,,,,,,,,,,,,,,,,,,,,,,,,,,,,,,,,,,,,,,,,,,,,,,,,,,,,,,,,,,,,,,,,,,,,,,,,,,,,,,,,,,,,,,,,,,,,,,,,,,,,,,,,,,,,,,,,,,,,,,,,,,,,,,,,,,,,,,,,,,,,,,,,,,,,,,,,,,,,,,,,,,
cissosi01,Sidy Cissoko,https://www.basketball-reference.com/players/c/cissosi01.html,2023-24,2024,19.0,SAS,SF,SF,100.0,SF,12.0,0.0,141.0,15.0,21.0,0.714,1.0,12.0,0.083,10.0,,3.0,14.0,0.5,16.0,33.0,0.485,12.0,15.0,0.8,8.0,18.0,45.0,455.0,7.0,3.0,22.0,0.0,1.3,1.8,0.714,0.1,1.0,0.083,0.8,,0.3,1.2,0.5,1.3,2.8,0.485,1.0,1.3,0.8,12.0,0.0,11.8,0.7,1.5,3.8,410.0,0.6,0.3,1.8,3.8,5.4,0.714,0.3,3.1,0.083,2.6,,0.8,3.6,0.5,4.1,8.4,0.485,3.1,3.8,0.8,12.0,0.0,141.0,2.0,4.6,11.5,455.0,1.8,0.8,5.6,5.1,7.1,0.714,0.3,4.0,0.083,3.4,,1.0,4.7,116.0,0.5,5.4,11.1,0.485,4.0,5.1,0.8,12.0,0.0,141.0,2.7,124.0,6.1,15.2,455.0,2.4,1.0,7.4,0.364,9.4,,1.8,-2.7,1.4,10.8,0.1,0.455,12.0,0.0,141.0,-4.0,6.1,0.2,12.0,455.0,2.4,7.0,8.4,0.568,12.7,0.0,0.3,0.11,,0,7,0,8,12,0,1,2,26,141,16.0,9.1,0,37,0,63,0,455,0,2,0.0,0.0,,0.167,0.5,10.4,10.0,0.333,0.485,0.857,,,0.714,0.429,0.083,12.0,0.0,141.0,0.8,1.0,0.424,0.0,0.0,0.636,0.212,0.364,455.0,-3.1,-0.9,,12.0,0.0,131.0,92.0,23.0,91.0,102.0,102.0,186.0,98.0,141.0,455.0,0.714,0.364,0.083,0.5,0.485,0.8,0.455,0.568,,,,,,,,,,,,,,,,,,,,,,,,,,,,,,,,,,,,,,,,,,,,,,,,,,,,,,,,,,,,,,,,,,,,,,,,,,,,,,,,,,,,,,,,,,,,,,,,,,,,,,,,,,,,,,,,,,,,,,,,,,,,,,,,,,,,,,,,,,,,,,,,,,,,,,,,,,,,,,,,,,,,,,,,,,,,,,,,,,,,,,,,,,,,,,,,,,,,,,,,,,,,,
murrade01,Dejounte Murray,https://www.basketball-reference.com/players/m/murrade01.html,2023-24,2024,27.0,ATL,SG,SG,1.0,SG,78.0,78.0,2783.0,471.0,909.0,0.518,201.0,554.0,0.363,502.0,,24.0,354.0,0.528,672.0,1463.0,0.459,208.0,262.0,0.794,62.0,138.0,1753.0,18.0,111.0,201.0,416.0,1.0,6.0,11.7,0.518,2.6,7.1,0.363,6.4,,0.3,4.5,0.528,8.6,18.8,0.459,2.7,3.4,0.794,78.0,78.0,35.7,0.8,1.8,22.5,34.0,1.4,2.6,5.3,6.1,11.8,0.518,2.6,7.2,0.363,6.5,,0.3,4.6,0.528,8.7,18.9,0.459,2.7,3.4,0.794,78.0,78.0,2783.0,0.8,1.8,22.7,7.0,1.4,2.6,5.4,8.1,15.7,0.518,3.5,9.5,0.363,8.7,,0.4,6.1,119.0,0.528,11.6,25.2,0.459,3.6,4.5,0.794,78.0,78.0,2783.0,1.1,114.0,2.4,30.2,7.0,1.9,3.5,7.2,0.379,27.9,,0.8,1.7,-0.6,14.4,1.6,0.179,78.0,78.0,2783.0,2.3,2.3,3.3,17.7,7.0,1.9,11.3,8.1,0.555,26.6,2.6,4.9,0.084,,14,57,8,116,78,78,29,69,1221,2783,-3.1,-3.2,0,0,38,0,62,7,117,59,1.0,0.0,,0.431,0.222,14.9,14.0,0.011,0.459,0.581,0.521,0.509,0.518,0.464,0.363,78.0,78.0,2783.0,0.261,0.706,0.17,0.181,0.079,0.621,0.191,0.379,7.0,-54.2,-77.8,,78.0,78.0,95.0,96.0,99.0,97.0,97.0,101.0,73.0,96.0,2783.0,7.0,0.518,0.379,0.363,0.528,0.459,0.794,0.179,0.555,,,,,,,,,,,,,,,,,,,,,,,,,,,,,,,,,,,,,,,,,,,,,,,,,,,,,,,,,,,,,,,,,,,,,,,,,,,,,,,,,,,,,,,,,,,,,,,,,,,,,,,,,,,,,,,,,,,,,,,,,,,,,,,,,,,,,,,,,,,,,,,,,,,,,,,,,,,,,,,,,,,,,,,,,,,,,,,,,,,,,,,,,,,,,,,,,,,,,,,,,,,,,
edwaran01,Anthony Edwards,https://www.basketball-reference.com/players/e/edwaran01.html,2023-24,2024,22.0,MIN,SG,SG,2.0,SG,79.0,78.0,2770.0,528.0,1026.0,0.515,190.0,532.0,0.357,405.0,"MVP-7,CPOY-8,AS,NBA2",42.0,378.0,0.522,718.0,1558.0,0.461,423.0,506.0,0.836,52.0,141.0,2049.0,6.0,101.0,241.0,430.0,0.0,6.7,13.0,0.515,2.4,6.7,0.357,5.1,"MVP-7,CPOY-8,AS,NBA2",0.5,4.8,0.522,9.1,19.7,0.461,5.4,6.4,0.836,79.0,78.0,35.1,0.7,1.8,25.9,13.0,1.3,3.1,5.4,6.9,13.3,0.515,2.5,6.9,0.357,5.3,"MVP-7,CPOY-8,AS,NBA2",0.5,4.9,0.522,9.3,20.2,0.461,5.5,6.6,0.836,79.0,78.0,2770.0,0.7,1.8,26.6,8.0,1.3,3.1,5.6,9.4,18.3,0.515,3.4,9.5,0.357,7.2,"MVP-7,CPOY-8,AS,NBA2",0.7,6.7,110.0,0.522,12.8,27.8,0.461,7.5,9.0,0.836,79.0,78.0,2770.0,0.9,112.0,2.5,36.6,8.0,1.8,4.3,7.7,0.341,24.6,"MVP-7,CPOY-8,AS,NBA2",1.3,3.3,0.5,14.8,4.7,0.325,79.0,78.0,2770.0,2.7,2.2,2.9,19.7,8.0,1.8,11.9,8.8,0.575,32.3,3.7,7.5,0.13,"MVP-7,CPOY-8,AS,NBA2",15,61,1,240,79,78,69,56,1024,2770,2.8,7.4,0,0,3,24,73,8,112,91,5.0,0.0,"MVP-7,CPOY-8,AS,NBA2",0.348,0.086,14.1,67.0,0.051,0.461,0.707,0.446,0.333,0.515,0.438,0.357,79.0,78.0,2770.0,0.331,0.558,0.228,0.125,0.114,0.659,0.192,0.341,8.0,-77.0,-16.5,"MVP-7,CPOY-8,AS,NBA2",79.0,78.0,94.0,86.0,98.0,95.0,97.0,107.0,133.0,99.0,2770.0,8.0,0.515,0.341,0.357,0.522,0.461,0.836,0.325,0.575,,16.0,16.0,97.0,90.0,109.0,101.0,102.0,104.0,129.0,103.0,649.0,8.0,0.526,0.355,0.4,0.552,0.481,0.814,0.315,0.598,0.355,28.3,,1.3,6.7,2.1,17.1,0.8,0.315,16.0,16.0,649.0,4.6,3.3,1.5,22.5,8.0,1.9,12.4,10.2,0.598,29.5,1.4,2.3,0.172,,6.0,9.0,0.0,43.0,16.0,16.0,7.0,12.0,257.0,649.0,1.4,4.8,0.0,0.0,6.0,16.0,78.0,8.0,28.0,15.0,8.9,16.8,0.526,3.7,9.3,0.4,8.4,,0.7,7.6,112.0,0.552,12.6,26.1,0.481,6.7,8.2,0.814,16.0,16.0,649.0,1.4,118.0,3.0,35.5,8.0,1.9,4.2,9.0,6.1,11.6,0.526,2.6,6.4,0.4,5.8,,0.5,5.2,0.552,8.7,18.0,0.481,4.6,5.7,0.814,16.0,16.0,649.0,1.0,2.1,24.5,8.0,1.3,2.9,6.2,6.9,13.1,0.526,2.9,7.2,0.4,6.5,,0.6,5.9,0.552,9.8,20.3,0.481,5.2,6.4,0.814,16.0,16.0,40.6,1.1,2.3,27.6,11.0,1.5,3.3,7.0,1.0,0.0,,0.545,0.096,14.3,15.0,0.052,0.481,0.663,0.463,0.483,0.526,0.324,0.4,16.0,16.0,649.0,0.236,0.435,0.275,0.167,0.09,0.645,0.114,0.355,8.0,110.0,209.0,0.526,46.0,115.0,0.4,104.0,,9.0,94.0,0.552,156.0,324.0,0.481,83.0,102.0,0.814,16.0,16.0,649.0,18.0,37.0,441.0,5.0,24.0,52.0,112.0,0.0
reaveau01,Austin Reaves,https://www.basketball-reference.com/players/r/reaveau01.html,2023-24,2024,25.0,LAL,SG,SG,3.0,SG,82.0,57.0,2629.0,303.0,520.0,0.583,154.0,420.0,0.367,450.0,,25.0,295.0,0.568,457.0,940.0,0.486,232.0,272.0,0.853,57.0,153.0,1300.0,56.0,66.0,174.0,352.0,1.0,3.7,6.3,0.583,1.9,5.1,0.367,5.5,,0.3,3.6,0.568,5.6,11.5,0.486,2.8,3.3,0.853,82.0,57.0,32.1,0.7,1.9,15.9,83.0,0.8,2.1,4.3,4.1,7.1,0.583,2.1,5.8,0.367,6.2,,0.3,4.0,0.568,6.3,12.9,0.486,3.2,3.7,0.853,82.0,57.0,2629.0,0.8,2.1,17.8,17.0,0.9,2.4,4.8,5.5,9.4,0.583,2.8,7.6,0.367,8.1,,0.5,5.3,118.0,0.568,8.3,17.0,0.486,4.2,4.9,0.853,82.0,57.0,2629.0,1.0,119.0,2.8,23.5,17.0,1.2,3.1,6.4,0.447,23.5,,0.8,0.4,-0.4,11.9,2.0,0.289,82.0,57.0,2629.0,0.9,2.5,3.9,15.5,17.0,1.2,14.1,7.4,0.613,20.3,1.6,5.9,0.108,,11,86,34,98,82,57,31,48,1061,2629,-4.0,-0.9,0,0,34,7,60,17,105,50,3.0,0.0,,0.317,0.143,16.1,13.0,0.014,0.486,0.81,0.45,0.383,0.583,0.519,0.367,82.0,57.0,2629.0,0.409,0.675,0.179,0.118,0.064,0.553,0.193,0.447,17.0,40.5,70.8,,82.0,57.0,107.0,113.0,100.0,104.0,102.0,109.0,118.0,106.0,2629.0,17.0,0.583,0.447,0.367,0.568,0.486,0.853,0.289,0.613,,5.0,5.0,114.0,105.0,74.0,97.0,100.0,114.0,123.0,101.0,174.0,82.0,0.622,0.413,0.269,0.532,0.476,0.895,0.302,0.589,0.413,14.9,,1.5,3.8,1.6,8.7,0.2,0.302,5.0,5.0,174.0,2.2,3.3,0.4,18.0,82.0,2.0,5.3,6.1,0.589,20.0,0.3,0.5,0.144,,0.0,2.0,2.0,6.0,5.0,5.0,1.0,3.0,40.0,174.0,-0.1,-1.6,0.0,0.0,0.0,9.0,90.0,82.0,3.0,1.0,6.7,10.7,0.622,2.0,7.5,0.269,5.2,,0.9,4.1,114.0,0.532,8.7,18.2,0.476,4.9,5.5,0.895,5.0,5.0,174.0,1.4,123.0,2.3,24.3,82.0,2.0,1.2,5.5,4.8,7.7,0.622,1.4,5.4,0.269,3.7,,0.6,2.9,0.532,6.2,13.0,0.476,3.5,3.9,0.895,5.0,5.0,174.0,1.0,1.7,17.4,82.0,1.4,0.8,3.9,4.6,7.4,0.622,1.4,5.2,0.269,3.6,,0.6,2.8,0.532,6.0,12.6,0.476,3.4,3.8,0.895,5.0,5.0,34.8,1.0,1.6,16.8,34.0,1.4,0.8,3.8,2.0,0.0,,0.0,0.115,16.5,0.0,0.0,0.476,0.667,0.692,,0.622,0.556,0.269,5.0,5.0,174.0,0.261,0.714,0.095,0.206,0.0,0.587,0.286,0.413,82.0,23.0,37.0,0.622,7.0,26.0,0.269,18.0,,3.0,14.0,0.532,30.0,63.0,0.476,17.0,19.0,0.895,5.0,5.0,174.0,5.0,8.0,84.0,71.0,7.0,4.0,19.0,0.0
greenja05,Jalen Green,https://www.basketball-reference.com/players/g/greenja05.html,2023-24,2024,21.0,HOU,SG,SG,4.0,SG,82.0,82.0,2601.0,362.0,727.0,0.498,201.0,605.0,0.332,291.0,,28.0,382.0,0.498,563.0,1332.0,0.423,283.0,352.0,0.804,41.0,115.0,1610.0,23.0,66.0,191.0,423.0,1.0,4.4,8.9,0.498,2.5,7.4,0.332,3.5,,0.3,4.7,0.498,6.9,16.2,0.423,3.5,4.3,0.804,82.0,82.0,31.7,0.5,1.4,19.6,55.0,0.8,2.3,5.2,5.0,10.1,0.498,2.8,8.4,0.332,4.0,,0.4,5.3,0.498,7.8,18.4,0.423,3.9,4.9,0.804,82.0,82.0,2601.0,0.6,1.6,22.3,21.0,0.9,2.6,5.9,6.8,13.6,0.498,3.7,11.3,0.332,5.4,,0.5,7.1,115.0,0.498,10.5,24.8,0.423,5.3,6.6,0.804,82.0,82.0,2601.0,0.8,107.0,2.1,30.0,21.0,1.2,3.6,7.9,0.454,17.3,,1.0,-0.5,-0.9,15.9,2.9,0.264,82.0,82.0,2601.0,0.4,1.7,0.2,14.7,21.0,1.2,11.4,8.7,0.541,27.4,1.0,3.1,0.056,,16,58,6,162,82,82,45,108,688,2601,-4.7,-0.5,0,0,12,3,85,21,81,82,3.0,0.0,,0.37,0.089,15.8,48.0,0.042,0.423,0.692,0.353,0.424,0.498,0.344,0.332,82.0,82.0,2601.0,0.34,0.552,0.217,0.064,0.099,0.546,0.166,0.454,21.0,-129.0,-114.8,,82.0,82.0,91.0,115.0,91.0,91.0,89.0,103.0,108.0,93.0,2601.0,21.0,0.498,0.454,0.332,0.498,0.423,0.804,0.264,0.541,,,,,,,,,,,,,,,,,,,,,,,,,,,,,,,,,,,,,,,,,,,,,,,,,,,,,,,,,,,,,,,,,,,,,,,,,,,,,,,,,,,,,,,,,,,,,,,,,,,,,,,,,,,,,,,,,,,,,,,,,,,,,,,,,,,,,,,,,,,,,,,,,,,,,,,,,,,,,,,,,,,,,,,,,,,,,,,,,,,,,,,,,,,,,,,,,,,,,,,,,,,,,
allengr01,Grayson Allen,https://www.basketball-reference.com/players/a/allengr01.html,2023-24,2024,28.0,PHO,SG,SG,5.0,SG,75.0,74.0,2513.0,135.0,237.0,0.57,205.0,445.0,0.461,227.0,,45.0,247.0,0.649,340.0,682.0,0.499,129.0,147.0,0.878,48.0,157.0,1014.0,92.0,69.0,95.0,295.0,0.0,1.8,3.2,0.57,2.7,5.9,0.461,3.0,,0.6,3.3,0.649,4.5,9.1,0.499,1.7,2.0,0.878,75.0,74.0,33.5,0.6,2.1,13.5,117.0,0.9,1.3,3.9,1.9,3.4,0.57,2.9,6.4,0.461,3.3,,0.6,3.5,0.649,4.9,9.8,0.499,1.8,2.1,0.878,75.0,74.0,2513.0,0.7,2.2,14.5,29.0,1.0,1.4,4.2,2.6,4.6,0.57,4.0,8.6,0.461,4.4,,0.9,4.8,117.0,0.649,6.6,13.3,0.499,2.5,2.9,0.878,75.0,74.0,2513.0,0.9,130.0,3.1,19.7,29.0,1.3,1.8,5.7,0.652,12.1,,1.6,1.3,0.1,10.6,2.2,0.216,75.0,74.0,2513.0,1.1,2.3,4.7,13.8,29.0,1.3,11.3,6.6,0.679,14.5,2.0,6.9,0.132,,8,75,19,63,75,74,15,26,546,2513,4.3,4.8,0,0,26,2,72,29,56,16,0.0,0.0,,0.473,0.294,18.2,17.0,0.031,0.499,0.687,0.375,0.0,0.57,0.438,0.461,75.0,74.0,2513.0,0.57,0.912,0.192,0.023,0.001,0.348,0.13,0.652,29.0,139.5,147.9,,75.0,74.0,104.0,165.0,126.0,119.0,105.0,112.0,88.0,117.0,2513.0,29.0,0.57,0.652,0.461,0.649,0.499,0.878,0.216,0.679,,2.0,2.0,,253.0,55.0,55.0,42.0,128.0,327.0,89.0,43.0,152.0,,1.0,0.2,0.3,0.2,1.0,0.8,0.518,1.0,6.5,,0.0,-5.5,-1.2,17.2,0.0,0.8,2.0,2.0,43.0,-4.3,5.6,0.0,4.5,152.0,1.2,30.7,11.3,0.518,10.6,0.0,-0.1,-0.062,,1.0,1.0,0.0,1.0,2.0,2.0,0.0,0.0,5.0,43.0,21.5,0.5,0.0,0.0,25.0,0.0,75.0,152.0,1.0,1.0,0.0,0.0,,1.2,6.0,0.2,2.4,,0.0,7.2,127.0,0.3,1.2,6.0,0.2,4.8,4.8,1.0,2.0,2.0,43.0,2.4,93.0,4.8,8.4,152.0,1.2,3.6,9.5,0.0,0.0,,0.8,4.2,0.2,1.7,,0.0,5.0,0.3,0.8,4.2,0.2,3.3,3.3,1.0,2.0,2.0,43.0,1.7,3.3,5.9,152.0,0.8,2.5,6.7,0.0,0.0,,0.5,2.5,0.2,1.0,,0.0,3.0,0.3,0.5,2.5,0.2,2.0,2.0,1.0,2.0,2.0,21.5,1.0,2.0,3.5,133.0,0.5,1.5,4.0,0.0,0.0,,1.0,0.2,24.9,0.0,0.0,0.2,,,,,,0.2,2.0,2.0,43.0,,1.0,0.0,0.0,0.0,0.0,0.0,1.0,152.0,0.0,0.0,,1.0,5.0,0.2,2.0,,0.0,6.0,0.3,1.0,5.0,0.2,4.0,4.0,1.0,2.0,2.0,43.0,2.0,4.0,7.0,162.0,1.0,3.0,8.0,0.0
caldwke01,Kentavious Caldwell-Pope,https://www.basketball-reference.com/players/c/caldwke01.html,2023-24,2024,30.0,DEN,SG,SG,6.0,SG,76.0,76.0,2402.0,145.0,279.0,0.52,125.0,308.0,0.406,183.0,,42.0,152.0,0.566,270.0,587.0,0.46,101.0,113.0,0.894,31.0,151.0,766.0,150.0,98.0,75.0,183.0,0.0,1.9,3.7,0.52,1.6,4.1,0.406,2.4,,0.6,2.0,0.566,3.6,7.7,0.46,1.3,1.5,0.894,76.0,76.0,31.6,0.4,2.0,10.1,178.0,1.3,1.0,2.4,2.2,4.2,0.52,1.9,4.6,0.406,2.7,,0.6,2.3,0.566,4.0,8.8,0.46,1.5,1.7,0.894,76.0,76.0,2402.0,0.5,2.3,11.5,42.0,1.5,1.1,2.7,3.0,5.8,0.52,2.6,6.4,0.406,3.8,,0.9,3.1,115.0,0.566,5.6,12.1,0.46,2.1,2.3,0.894,76.0,76.0,2402.0,0.6,119.0,3.1,15.8,42.0,2.0,1.5,3.8,0.525,9.5,,1.5,-1.4,0.7,6.8,2.6,0.193,76.0,76.0,2402.0,-2.1,1.5,2.2,10.7,42.0,2.0,10.5,4.2,0.602,12.9,0.4,4.8,0.096,,4,87,19,34,76,76,7,14,420,2402,15.8,11.7,0,0,6,7,87,42,53,14,0.0,0.0,,0.426,0.373,17.2,12.0,0.02,0.46,0.615,0.423,0.507,0.52,0.44,0.406,76.0,76.0,2402.0,0.745,0.944,0.177,0.089,0.124,0.475,0.085,0.525,42.0,23.4,27.4,,76.0,76.0,95.0,133.0,111.0,104.0,97.0,114.0,79.0,104.0,2402.0,42.0,0.52,0.525,0.406,0.566,0.46,0.894,0.193,0.602,,12.0,12.0,95.0,162.0,89.0,91.0,83.0,128.0,52.0,92.0,420.0,32.0,0.516,0.64,0.327,0.5,0.395,1.0,0.128,0.534,0.64,10.1,,1.1,-1.4,1.7,8.4,0.4,0.128,12.0,12.0,420.0,-3.1,1.3,0.1,8.4,32.0,2.1,9.9,4.7,0.534,11.0,0.1,0.6,0.067,,2.0,21.0,6.0,2.0,12.0,12.0,0.0,2.0,70.0,420.0,10.6,0.3,0.0,0.0,0.0,13.0,87.0,32.0,6.0,2.0,2.0,3.8,0.516,2.2,6.8,0.327,3.8,,0.6,3.7,113.0,0.5,4.2,10.6,0.395,1.4,1.4,1.0,12.0,12.0,420.0,0.6,110.0,4.6,12.0,32.0,2.1,1.2,4.3,1.4,2.7,0.516,1.5,4.7,0.327,2.7,,0.4,2.6,0.5,2.9,7.4,0.395,0.9,0.9,1.0,12.0,12.0,420.0,0.4,3.2,8.3,32.0,1.5,0.9,3.0,1.3,2.6,0.516,1.5,4.6,0.327,2.6,,0.4,2.5,0.5,2.8,7.2,0.395,0.9,0.9,1.0,12.0,12.0,35.0,0.4,3.1,8.1,84.0,1.4,0.8,2.9,0.0,0.0,,0.417,0.436,19.5,3.0,0.035,0.395,0.75,0.625,0.444,0.516,0.167,0.327,12.0,12.0,420.0,0.625,1.0,0.093,0.093,0.105,0.36,0.07,0.64,32.0,16.0,31.0,0.516,18.0,55.0,0.327,31.0,,5.0,30.0,0.5,34.0,86.0,0.395,11.0,11.0,1.0,12.0,12.0,420.0,5.0,37.0,97.0,64.0,17.0,10.0,35.0,0.0
bogdabo01,Bogdan Bogdanović,https://www.basketball-reference.com/players/b/bogdabo01.html,2023-24,2024,31.0,ATL,SG,SG,7.0,SG,79.0,33.0,2401.0,231.0,459.0,0.503,240.0,641.0,0.374,247.0,6MOY-5,26.0,219.0,0.537,471.0,1100.0,0.428,151.0,164.0,0.921,53.0,179.0,1333.0,50.0,96.0,112.0,272.0,0.0,2.9,5.8,0.503,3.0,8.1,0.374,3.1,6MOY-5,0.3,2.8,0.537,6.0,13.9,0.428,1.9,2.1,0.921,79.0,33.0,30.4,0.7,2.3,16.9,75.0,1.2,1.4,3.4,3.5,6.9,0.503,3.6,9.6,0.374,3.7,6MOY-5,0.4,3.3,0.537,7.1,16.5,0.428,2.3,2.5,0.921,79.0,33.0,2401.0,0.8,2.7,20.0,43.0,1.4,1.7,4.1,4.6,9.2,0.503,4.8,12.8,0.374,4.9,6MOY-5,0.5,4.4,120.0,0.537,9.4,22.0,0.428,3.0,3.3,0.921,79.0,33.0,2401.0,1.1,116.0,3.6,26.6,43.0,1.9,2.2,5.4,0.583,14.9,6MOY-5,1.0,0.2,-0.7,10.3,1.2,0.149,79.0,33.0,2401.0,0.9,2.3,2.8,14.7,43.0,1.9,8.7,6.2,0.569,22.3,1.4,3.9,0.079,6MOY-5,9,94,7,68,79,33,13,51,585,2401,10.3,1.9,0,2,0,47,51,43,65,30,5.0,0.0,6MOY-5,0.42,0.204,18.4,7.0,0.008,0.428,0.563,0.514,0.464,0.503,0.46,0.374,79.0,33.0,2401.0,0.558,0.863,0.123,0.095,0.051,0.417,0.148,0.583,43.0,-20.4,-26.7,6MOY-5,79.0,33.0,92.0,148.0,102.0,98.0,90.0,117.0,61.0,98.0,2401.0,43.0,0.503,0.583,0.374,0.537,0.428,0.921,0.149,0.569,,,,,,,,,,,,,,,,,,,,,,,,,,,,,,,,,,,,,,,,,,,,,,,,,,,,,,,,,,,,,,,,,,,,,,,,,,,,,,,,,,,,,,,,,,,,,,,,,,,,,,,,,,,,,,,,,,,,,,,,,,,,,,,,,,,,,,,,,,,,,,,,,,,,,,,,,,,,,,,,,,,,,,,,,,,,,,,,,,,,,,,,,,,,,,,,,,,,,,,,,,,,,
whitede01,Derrick White,https://www.basketball-reference.com/players/w/whitede01.html,2023-24,2024,29.0,BOS,SG,SG,8.0,SG,73.0,73.0,2381.0,191.0,344.0,0.555,196.0,495.0,0.396,377.0,"DPOY-8,DEF2",87.0,259.0,0.578,387.0,839.0,0.461,137.0,152.0,0.901,51.0,152.0,1107.0,79.0,74.0,112.0,310.0,1.0,2.6,4.7,0.555,2.7,6.8,0.396,5.2,"DPOY-8,DEF2",1.2,3.5,0.578,5.3,11.5,0.461,1.9,2.1,0.901,73.0,73.0,32.6,0.7,2.1,15.2,95.0,1.0,1.5,4.2,2.9,5.2,0.555,3.0,7.5,0.396,5.7,"DPOY-8,DEF2",1.3,3.9,0.578,5.9,12.7,0.461,2.1,2.3,0.901,73.0,73.0,2381.0,0.8,2.3,16.7,46.0,1.1,1.7,4.7,4.0,7.1,0.555,4.1,10.3,0.396,7.8,"DPOY-8,DEF2",1.8,5.4,112.0,0.578,8.0,17.4,0.461,2.8,3.2,0.901,73.0,73.0,2381.0,1.1,126.0,3.2,23.0,46.0,1.5,2.3,6.4,0.59,21.2,"DPOY-8,DEF2",3.2,3.8,1.4,11.3,3.3,0.181,73.0,73.0,2381.0,2.4,2.4,5.2,16.9,46.0,1.5,11.0,7.0,0.611,18.6,3.5,8.5,0.171,"DPOY-8,DEF2",13,79,27,73,73,73,19,28,910,2381,2.9,12.4,0,0,20,4,77,46,69,21,0.0,0.0,"DPOY-8,DEF2",0.42,0.202,18.0,13.0,0.015,0.461,0.771,0.373,0.5,0.555,0.509,0.396,73.0,73.0,2381.0,0.419,0.801,0.114,0.08,0.024,0.41,0.192,0.59,46.0,52.9,56.2,"DPOY-8,DEF2",73.0,73.0,102.0,149.0,108.0,106.0,97.0,115.0,74.0,105.0,2381.0,46.0,0.555,0.59,0.396,0.578,0.461,0.901,0.181,0.611,,19.0,19.0,101.0,169.0,110.0,107.0,95.0,117.0,65.0,106.0,676.0,7.0,0.55,0.668,0.404,0.587,0.452,0.921,0.158,0.617,0.668,17.4,,3.1,5.3,1.7,10.7,1.0,0.158,19.0,19.0,676.0,3.6,3.3,1.9,18.3,7.0,1.4,5.8,7.0,0.617,18.8,1.3,2.9,0.205,,0.0,22.0,6.0,14.0,19.0,19.0,1.0,4.0,176.0,676.0,-8.8,6.4,0.0,0.0,7.0,9.0,84.0,7.0,11.0,4.0,3.4,6.2,0.55,5.0,12.4,0.404,5.9,,1.8,4.8,109.0,0.587,8.4,18.6,0.452,2.7,2.9,0.921,19.0,19.0,676.0,1.5,131.0,3.4,24.6,7.0,1.4,1.2,6.3,2.3,4.3,0.55,3.5,8.6,0.404,4.1,,1.2,3.3,0.587,5.8,12.8,0.452,1.9,2.0,0.921,19.0,19.0,676.0,1.0,2.3,16.9,7.0,1.0,0.9,4.3,2.3,4.2,0.55,3.4,8.5,0.404,4.1,,1.2,3.3,0.587,5.7,12.7,0.452,1.8,2.0,0.921,19.0,19.0,35.6,1.0,2.3,16.7,35.0,0.9,0.8,4.3,0.0,0.0,,0.267,0.186,20.2,6.0,0.025,0.452,0.769,0.188,0.444,0.55,0.586,0.404,19.0,19.0,676.0,0.455,0.815,0.108,0.066,0.037,0.332,0.12,0.668,7.0,44.0,80.0,0.55,65.0,161.0,0.404,77.0,,23.0,62.0,0.587,109.0,241.0,0.452,35.0,38.0,0.921,19.0,19.0,676.0,19.0,44.0,318.0,9.0,18.0,16.0,81.0,0.0
divindo01,Donte DiVincenzo,https://www.basketball-reference.com/players/d/divindo01.html,2023-24,2024,27.0,NYK,SG,SG,9.0,SG,81.0,63.0,2360.0,162.0,299.0,0.542,283.0,705.0,0.401,216.0,,36.0,234.0,0.584,445.0,1004.0,0.443,86.0,114.0,0.754,63.0,166.0,1259.0,61.0,107.0,113.0,297.0,0.0,2.0,3.7,0.542,3.5,8.7,0.401,2.7,,0.4,2.9,0.584,5.5,12.4,0.443,1.1,1.4,0.754,81.0,63.0,29.1,0.8,2.0,15.5,89.0,1.3,1.4,3.7,2.5,4.6,0.542,4.3,10.8,0.401,3.3,,0.5,3.6,0.584,6.8,15.3,0.443,1.3,1.7,0.754,81.0,63.0,2360.0,1.0,2.5,19.2,48.0,1.6,1.7,4.5,3.5,6.4,0.542,6.0,15.1,0.401,4.6,,0.8,5.0,113.0,0.584,9.5,21.5,0.443,1.8,2.4,0.754,81.0,63.0,2360.0,1.3,120.0,3.5,26.9,48.0,2.3,2.4,6.3,0.702,13.7,,1.4,3.4,0.9,11.2,3.0,0.114,81.0,63.0,2360.0,2.5,3.0,3.6,16.0,48.0,2.3,9.7,7.1,0.597,21.3,3.2,6.6,0.135,,12,76,18,40,81,63,8,32,504,2360,-4.1,3.1,0,0,1,21,77,48,61,25,3.0,1.0,,0.446,0.251,19.2,20.0,0.025,0.443,0.603,0.556,0.5,0.542,0.407,0.401,81.0,63.0,2360.0,0.636,0.919,0.178,0.027,0.012,0.298,0.081,0.702,48.0,75.6,36.2,,81.0,63.0,99.0,178.0,110.0,107.0,93.0,96.0,46.0,103.0,2360.0,48.0,0.542,0.702,0.401,0.584,0.443,0.754,0.114,0.597,,13.0,13.0,76.0,141.0,116.0,98.0,88.0,111.0,64.0,98.0,466.0,23.0,0.412,0.555,0.425,0.537,0.419,0.867,0.157,0.566,0.555,11.2,,2.4,2.0,0.4,10.2,0.1,0.157,13.0,13.0,466.0,1.7,3.1,0.8,15.7,23.0,1.8,7.3,6.5,0.566,20.8,0.5,0.9,0.093,,2.0,10.0,6.0,11.0,13.0,13.0,3.0,15.0,77.0,466.0,-19.7,-6.8,0.0,0.0,0.0,24.0,76.0,23.0,7.0,5.0,3.9,9.5,0.412,5.0,11.9,0.425,3.8,,1.3,4.4,121.0,0.537,9.0,21.4,0.419,2.9,3.4,0.867,13.0,13.0,466.0,1.5,120.0,3.3,25.9,23.0,1.8,1.8,5.8,2.7,6.6,0.412,3.5,8.2,0.425,2.6,,0.9,3.0,0.537,6.2,14.8,0.419,2.0,2.3,0.867,13.0,13.0,466.0,1.0,2.2,17.8,23.0,1.2,1.2,4.0,2.7,6.5,0.412,3.5,8.2,0.425,2.6,,0.9,3.0,0.537,6.2,14.7,0.419,2.0,2.3,0.867,13.0,13.0,35.8,1.0,2.2,17.8,28.0,1.2,1.2,4.0,1.0,0.0,,0.45,0.189,16.6,6.0,0.031,0.419,0.521,0.375,0.4,0.412,0.208,0.425,13.0,13.0,466.0,0.686,0.867,0.251,0.042,0.026,0.445,0.126,0.555,23.0,35.0,85.0,0.412,45.0,106.0,0.425,34.0,,12.0,39.0,0.537,80.0,191.0,0.419,26.0,30.0,0.867,13.0,13.0,466.0,13.0,29.0,231.0,19.0,16.0,16.0,52.0,0.0
poolejo01,Jordan Poole,https://www.basketball-reference.com/players/p/poolejo01.html,2023-24,2024,24.0,WAS,SG,SG,10.0,SG,78.0,66.0,2346.0,306.0,622.0,0.492,184.0,564.0,0.326,343.0,,25.0,180.0,0.491,490.0,1186.0,0.413,192.0,219.0,0.877,32.0,244.0,1356.0,45.0,86.0,188.0,212.0,0.0,3.9,8.0,0.492,2.4,7.2,0.326,4.4,,0.3,2.3,0.491,6.3,15.2,0.413,2.5,2.8,0.877,78.0,66.0,30.1,0.4,3.1,17.4,68.0,1.1,2.4,2.7,4.7,9.5,0.492,2.8,8.7,0.326,5.3,,0.4,2.8,0.491,7.5,18.2,0.413,2.9,3.4,0.877,78.0,66.0,2346.0,0.5,3.7,20.8,49.0,1.3,2.9,3.3,6.1,12.4,0.492,3.7,11.2,0.326,6.8,,0.5,3.6,121.0,0.491,9.8,23.6,0.413,3.8,4.4,0.877,78.0,66.0,2346.0,0.6,102.0,4.9,27.0,49.0,1.7,3.7,4.2,0.476,21.4,,0.9,-3.9,-1.9,8.4,0.8,0.185,78.0,66.0,2346.0,-2.0,1.4,-1.5,12.1,49.0,1.7,12.8,4.8,0.529,26.4,-1.2,-0.6,-0.013,,15,106,14,95,78,66,28,75,811,2346,-5.4,-11.5,0,0,27,5,68,49,85,57,4.0,0.0,,0.344,0.108,17.1,9.0,0.008,0.413,0.714,0.387,0.425,0.492,0.394,0.326,78.0,66.0,2346.0,0.408,0.668,0.156,0.116,0.073,0.524,0.18,0.476,49.0,-132.4,-131.5,,78.0,66.0,90.0,120.0,89.0,90.0,87.0,112.0,76.0,91.0,2346.0,49.0,0.492,0.476,0.326,0.491,0.413,0.877,0.185,0.529,,,,,,,,,,,,,,,,,,,,,,,,,,,,,,,,,,,,,,,,,,,,,,,,,,,,,,,,,,,,,,,,,,,,,,,,,,,,,,,,,,,,,,,,,,,,,,,,,,,,,,,,,,,,,,,,,,,,,,,,,,,,,,,,,,,,,,,,,,,,,,,,,,,,,,,,,,,,,,,,,,,,,,,,,,,,,,,,,,,,,,,,,,,,,,,,,,,,,,,,,,,,,
beaslma01,Malik Beasley,https://www.basketball-reference.com/players/b/beaslma01.html,2023-24,2024,27.0,MIL,SG,SG,11.0,SG,79.0,77.0,2337.0,96.0,180.0,0.533,224.0,542.0,0.413,108.0,,9.0,249.0,0.598,320.0,722.0,0.443,25.0,35.0,0.714,41.0,158.0,889.0,115.0,59.0,54.0,290.0,0.0,1.2,2.3,0.533,2.8,6.9,0.413,1.4,,0.1,3.2,0.598,4.1,9.1,0.443,0.3,0.4,0.714,79.0,77.0,29.6,0.5,2.0,11.3,149.0,0.7,0.7,3.7,1.5,2.8,0.533,3.5,8.3,0.413,1.7,,0.1,3.8,0.598,4.9,11.1,0.443,0.4,0.5,0.714,79.0,77.0,2337.0,0.6,2.4,13.7,51.0,0.9,0.8,4.5,2.0,3.7,0.533,4.6,11.1,0.413,2.2,,0.2,5.1,118.0,0.598,6.6,14.8,0.443,0.5,0.7,0.714,79.0,77.0,2337.0,0.8,117.0,3.2,18.3,51.0,1.2,1.1,6.0,0.751,6.1,,0.3,-1.8,-0.8,11.4,1.6,0.048,79.0,77.0,2337.0,-1.0,2.0,1.9,10.3,51.0,1.2,6.8,6.8,0.603,14.6,0.1,3.5,0.073,,1,75,7,11,79,77,3,27,264,2337,9.2,6.5,0,0,9,5,87,51,26,18,0.0,0.0,,0.472,0.399,20.7,5.0,0.008,0.443,0.736,0.414,0.423,0.533,0.472,0.413,79.0,77.0,2337.0,0.688,0.951,0.073,0.04,0.036,0.249,0.1,0.751,51.0,74.8,33.6,,79.0,77.0,98.0,190.0,113.0,109.0,93.0,91.0,20.0,104.0,2337.0,51.0,0.533,0.751,0.413,0.598,0.443,0.714,0.048,0.603,,6.0,2.0,115.0,154.0,120.0,118.0,108.0,,0.0,111.0,131.0,103.0,0.625,0.61,0.44,0.646,0.512,,0.0,0.646,0.61,4.5,,0.0,-0.5,0.6,12.0,0.0,0.0,6.0,2.0,131.0,-1.1,0.9,0.2,12.8,103.0,1.6,6.8,6.5,0.646,15.4,0.1,0.2,0.077,,0.0,4.0,0.0,0.0,6.0,2.0,0.0,3.0,9.0,131.0,-22.3,-15.3,0.0,0.0,28.0,17.0,55.0,103.0,2.0,0.0,3.9,6.3,0.625,4.3,9.8,0.44,1.6,,0.0,5.5,120.0,0.646,8.2,16.1,0.512,0.0,0.0,,6.0,2.0,131.0,0.4,121.0,3.5,20.8,103.0,1.6,1.2,5.9,2.7,4.4,0.625,3.0,6.9,0.44,1.1,,0.0,3.8,0.646,5.8,11.3,0.512,0.0,0.0,,6.0,2.0,131.0,0.3,2.5,14.6,103.0,1.1,0.8,4.1,1.7,2.7,0.625,1.8,4.2,0.44,0.7,,0.0,2.3,0.646,3.5,6.8,0.512,0.0,0.0,,6.0,2.0,21.8,0.2,1.5,8.8,80.0,0.7,0.5,2.5,1.0,0.0,,0.5,0.24,19.3,0.0,0.024,0.512,0.4,0.333,1.0,0.625,0.833,0.44,6.0,2.0,131.0,0.6,0.909,0.122,0.073,0.049,0.39,0.146,0.61,103.0,10.0,16.0,0.625,11.0,25.0,0.44,4.0,,0.0,14.0,0.646,21.0,41.0,0.512,0.0,0.0,,6.0,2.0,131.0,1.0,9.0,53.0,92.0,4.0,3.0,15.0,0.0
vassede01,Devin Vassell,https://www.basketball-reference.com/players/v/vassede01.html,2023-24,2024,23.0,SAS,SG,SG,12.0,SG,68.0,62.0,2248.0,332.0,610.0,0.544,166.0,446.0,0.372,277.0,,23.0,234.0,0.55,498.0,1056.0,0.472,161.0,201.0,0.801,27.0,74.0,1323.0,53.0,73.0,108.0,261.0,0.0,4.9,9.0,0.544,2.4,6.6,0.372,4.1,,0.3,3.4,0.55,7.3,15.5,0.472,2.4,3.0,0.801,68.0,62.0,33.1,0.4,1.1,19.5,57.0,1.1,1.6,3.8,5.3,9.8,0.544,2.7,7.1,0.372,4.4,,0.4,3.7,0.55,8.0,16.9,0.472,2.6,3.2,0.801,68.0,62.0,2248.0,0.4,1.2,21.2,60.0,1.2,1.7,4.2,7.0,12.9,0.544,3.5,9.4,0.372,5.8,,0.5,4.9,118.0,0.55,10.5,22.3,0.472,3.4,4.2,0.801,68.0,62.0,2248.0,0.6,113.0,1.6,27.9,60.0,1.5,2.3,5.5,0.422,19.1,,0.8,0.0,-0.9,11.3,1.6,0.19,68.0,62.0,2248.0,0.9,1.3,2.0,15.7,60.0,1.5,8.6,6.3,0.578,23.5,1.1,3.6,0.077,,7,34,8,98,68,62,31,34,667,2248,-0.2,-6.4,0,0,9,9,82,60,64,28,2.0,0.0,,0.512,0.188,16.4,49.0,0.05,0.472,0.715,0.548,0.358,0.544,0.511,0.372,68.0,62.0,2248.0,0.602,0.837,0.163,0.159,0.13,0.578,0.126,0.422,60.0,7.7,-4.5,,68.0,62.0,100.0,107.0,102.0,101.0,99.0,102.0,78.0,100.0,2248.0,60.0,0.544,0.422,0.372,0.55,0.472,0.801,0.19,0.578,,,,,,,,,,,,,,,,,,,,,,,,,,,,,,,,,,,,,,,,,,,,,,,,,,,,,,,,,,,,,,,,,,,,,,,,,,,,,,,,,,,,,,,,,,,,,,,,,,,,,,,,,,,,,,,,,,,,,,,,,,,,,,,,,,,,,,,,,,,,,,,,,,,,,,,,,,,,,,,,,,,,,,,,,,,,,,,,,,,,,,,,,,,,,,,,,,,,,,,,,,,,,
iveyja01,Jaden Ivey,https://www.basketball-reference.com/players/i/iveyja01.html,2023-24,2024,21.0,DET,SG,SG,13.0,SG,77.0,61.0,2217.0,293.0,604.0,0.485,124.0,369.0,0.336,296.0,,41.0,178.0,0.492,417.0,973.0,0.429,227.0,303.0,0.749,86.0,204.0,1185.0,69.0,57.0,190.0,264.0,0.0,3.8,7.8,0.485,1.6,4.8,0.336,3.8,,0.5,2.3,0.492,5.4,12.6,0.429,2.9,3.9,0.749,77.0,61.0,28.8,1.1,2.6,15.4,90.0,0.7,2.5,3.4,4.8,9.8,0.485,2.0,6.0,0.336,4.8,,0.7,2.9,0.492,6.8,15.8,0.429,3.7,4.9,0.749,77.0,61.0,2217.0,1.4,3.3,19.2,67.0,0.9,3.1,4.3,6.4,13.1,0.485,2.7,8.0,0.336,6.4,,0.9,3.9,121.0,0.492,9.0,21.1,0.429,4.9,6.6,0.749,77.0,61.0,2217.0,1.9,104.0,4.4,25.7,67.0,1.2,4.1,5.7,0.379,20.2,,1.6,-3.1,-1.7,9.1,1.0,0.311,77.0,61.0,2217.0,-1.4,4.3,-0.5,12.4,67.0,1.2,14.7,6.6,0.536,24.9,-0.6,0.5,0.01,,15,95,11,154,77,61,33,88,705,2217,2.4,-7.8,0,0,4,8,88,67,97,59,6.0,0.0,,0.337,0.225,13.8,14.0,0.015,0.429,0.657,0.339,0.387,0.485,0.413,0.336,77.0,61.0,2217.0,0.423,0.895,0.222,0.118,0.032,0.621,0.249,0.379,67.0,-105.6,-98.3,,77.0,61.0,89.0,96.0,92.0,90.0,90.0,96.0,127.0,92.0,2217.0,67.0,0.485,0.379,0.336,0.492,0.429,0.749,0.311,0.536,,,,,,,,,,,,,,,,,,,,,,,,,,,,,,,,,,,,,,,,,,,,,,,,,,,,,,,,,,,,,,,,,,,,,,,,,,,,,,,,,,,,,,,,,,,,,,,,,,,,,,,,,,,,,,,,,,,,,,,,,,,,,,,,,,,,,,,,,,,,,,,,,,,,,,,,,,,,,,,,,,,,,,,,,,,,,,,,,,,,,,,,,,,,,,,,,,,,,,,,,,,,,
dosunay01,Ayo Dosunmu,https://www.basketball-reference.com/players/d/dosunay01.html,2023-24,2024,24.0,CHI,SG,SG,14.0,SG,76.0,37.0,2212.0,241.0,424.0,0.568,119.0,295.0,0.403,242.0,,36.0,162.0,0.583,360.0,719.0,0.501,85.0,105.0,0.81,54.0,166.0,924.0,109.0,68.0,103.0,216.0,0.0,3.2,5.6,0.568,1.6,3.9,0.403,3.2,,0.5,2.1,0.583,4.7,9.5,0.501,1.1,1.4,0.81,76.0,37.0,29.1,0.7,2.2,12.2,134.0,0.9,1.4,2.8,3.9,6.9,0.568,1.9,4.8,0.403,3.9,,0.6,2.6,0.583,5.9,11.7,0.501,1.4,1.7,0.81,76.0,37.0,2212.0,0.9,2.7,15.0,68.0,1.1,1.7,3.5,5.4,9.6,0.568,2.7,6.6,0.403,5.5,,0.8,3.7,119.0,0.583,8.1,16.2,0.501,1.9,2.4,0.81,76.0,37.0,2212.0,1.2,118.0,3.7,20.8,68.0,1.5,2.3,4.9,0.41,15.6,,1.7,-0.8,-0.2,8.3,1.5,0.146,76.0,37.0,2212.0,-0.6,2.7,2.6,13.4,68.0,1.5,11.9,5.5,0.604,17.2,0.7,4.1,0.089,,7,80,6,51,76,37,10,59,573,2212,-3.9,-3.1,0,1,9,35,56,68,50,32,1.0,0.0,,0.385,0.485,13.0,13.0,0.019,0.501,0.654,0.361,0.533,0.568,0.466,0.403,76.0,37.0,2212.0,0.548,0.891,0.334,0.05,0.042,0.59,0.164,0.41,68.0,53.1,36.4,,76.0,37.0,104.0,104.0,110.0,107.0,106.0,103.0,60.0,104.0,2212.0,68.0,0.568,0.41,0.403,0.583,0.501,0.81,0.146,0.604,,,,,,,,,,,,,,,,,,,,,,,,,,,,,,,,,,,,,,,,,,,,,,,,,,,,,,,,,,,,,,,,,,,,,,,,,,,,,,,,,,,,,,,,,,,,,,,,,,,,,,,,,,,,,,,,,,,,,,,,,,,,,,,,,,,,,,,,,,,,,,,,,,,,,,,,,,,,,,,,,,,,,,,,,,,,,,,,,,,,,,,,,,,,,,,,,,,,,,,,,,,,,
hieldbu01,Buddy Hield,https://www.basketball-reference.com/players/h/hieldbu01.html,2023-24,2024,31.0,2TM,SF,SG,15.0,SG,84.0,42.0,2160.0,152.0,282.0,0.539,219.0,568.0,0.386,236.0,,42.0,208.0,0.565,371.0,850.0,0.436,52.0,59.0,0.881,61.0,169.0,1013.0,94.0,70.0,103.0,269.0,0.0,1.8,3.4,0.539,2.6,6.8,0.386,2.8,,0.5,2.5,0.565,4.4,10.1,0.436,0.6,0.7,0.881,84.0,42.0,25.7,0.7,2.0,12.1,139.0,0.8,1.2,3.2,2.5,4.7,0.539,3.6,9.5,0.386,3.9,,0.7,3.5,0.565,6.2,14.2,0.436,0.9,1.0,0.881,84.0,42.0,2160.0,1.0,2.8,16.9,72.0,1.2,1.7,4.5,3.4,6.3,0.539,4.9,12.6,0.386,5.2,,0.9,4.6,118.0,0.565,8.2,18.9,0.436,1.2,1.3,0.881,84.0,42.0,2160.0,1.4,114.0,3.8,22.5,72.0,1.6,2.3,6.0,0.668,14.5,,1.6,0.4,-0.6,10.9,1.6,0.069,84.0,42.0,2160.0,1.0,3.1,1.9,13.3,72.0,1.6,10.5,7.0,0.578,19.2,1.3,3.5,0.077,,4,95,1,16,84,42,3,33,553,2160,-3.0,0.7,0,0,0,38,62,72,63,29,0.0,0.0,,0.436,0.178,19.1,6.0,0.008,0.436,0.657,0.346,0.444,0.539,0.446,0.386,84.0,42.0,2160.0,0.671,0.918,0.161,0.031,0.042,0.332,0.098,0.668,72.0,31.9,-3.1,,84.0,42.0,99.0,169.0,105.0,103.0,92.0,112.0,28.0,100.0,2160.0,72.0,0.539,0.668,0.386,0.565,0.436,0.881,0.069,0.578,,4.0,0.0,46.0,194.0,126.0,108.0,87.0,128.0,48.0,106.0,51.0,148.0,0.25,0.765,0.462,0.588,0.412,1.0,0.118,0.615,0.765,6.3,,1.7,-1.3,-2.8,6.4,0.0,0.118,4.0,0.0,51.0,1.5,4.6,0.1,11.4,148.0,0.0,10.1,5.5,0.615,18.0,0.0,0.1,0.058,,0.0,1.0,0.0,1.0,4.0,0.0,0.0,0.0,6.0,51.0,-10.3,-10.2,0.0,0.0,0.0,0.0,100.0,148.0,1.0,1.0,1.0,4.1,0.25,6.2,13.5,0.462,2.1,,1.0,3.1,123.0,0.588,7.2,17.6,0.412,2.1,2.1,1.0,4.0,0.0,51.0,2.1,118.0,4.1,22.8,148.0,0.0,2.1,5.2,0.7,2.8,0.25,4.2,9.2,0.462,1.4,,0.7,2.1,0.588,4.9,12.0,0.412,1.4,1.4,1.0,4.0,0.0,51.0,1.4,2.8,15.5,148.0,0.0,1.4,3.5,0.3,1.0,0.25,1.5,3.3,0.462,0.5,,0.3,0.8,0.588,1.8,4.3,0.412,0.5,0.5,1.0,4.0,0.0,12.8,0.5,1.0,5.5,109.0,0.0,0.5,1.3,0.0,0.0,,0.5,0.308,20.4,0.0,0.0,0.412,0.333,,0.0,0.25,,0.462,4.0,0.0,51.0,1.0,1.0,0.176,0.0,0.059,0.235,0.0,0.765,148.0,1.0,4.0,0.25,6.0,13.0,0.462,2.0,,1.0,3.0,0.588,7.0,17.0,0.412,2.0,2.0,1.0,4.0,0.0,51.0,2.0,4.0,22.0,130.0,0.0,2.0,5.0,0.0
ingrabr01,Brandon Ingram,https://www.basketball-reference.com/players/i/ingrabr01.html,2023-24,2024,26.0,NOP,SF,SG,16.0,SG,64.0,64.0,2103.0,414.0,775.0,0.534,86.0,242.0,0.355,363.0,,40.0,281.0,0.534,500.0,1017.0,0.492,246.0,307.0,0.801,43.0,145.0,1332.0,51.0,50.0,163.0,324.0,1.0,6.5,12.1,0.534,1.3,3.8,0.355,5.7,,0.6,4.4,0.534,7.8,15.9,0.492,3.8,4.8,0.801,64.0,64.0,32.9,0.7,2.3,20.8,46.0,0.8,2.5,5.1,7.1,13.3,0.534,1.5,4.1,0.355,6.2,,0.7,4.8,0.534,8.6,17.4,0.492,4.2,5.3,0.801,64.0,64.0,2103.0,0.7,2.5,22.8,84.0,0.9,2.8,5.5,9.7,18.1,0.534,2.0,5.6,0.355,8.5,,0.9,6.6,114.0,0.534,11.7,23.7,0.492,5.7,7.2,0.801,64.0,64.0,2103.0,1.0,115.0,3.4,31.1,84.0,1.2,3.8,7.6,0.238,26.7,,1.9,1.2,-0.3,14.7,2.4,0.302,64.0,64.0,2103.0,1.4,2.3,2.7,18.2,84.0,1.2,12.4,8.6,0.578,27.2,1.7,5.1,0.117,,27,73,5,129,64,64,25,47,874,2103,-1.9,3.8,0,3,3,26,68,84,69,52,2.0,0.0,,0.355,0.128,14.4,35.0,0.034,0.492,0.753,0.512,0.462,0.534,0.449,0.355,64.0,64.0,2103.0,0.415,0.779,0.147,0.28,0.179,0.762,0.155,0.238,84.0,-25.7,-4.4,,64.0,64.0,98.0,60.0,97.0,98.0,104.0,102.0,124.0,100.0,2103.0,84.0,0.534,0.238,0.355,0.534,0.492,0.801,0.302,0.578,,4.0,4.0,66.0,37.0,68.0,67.0,73.0,114.0,141.0,78.0,145.0,98.0,0.362,0.145,0.25,0.364,0.345,0.895,0.345,0.45,0.145,15.8,,3.5,-1.3,0.7,13.8,0.2,0.345,4.0,4.0,145.0,-1.9,0.7,-0.2,9.1,98.0,1.4,12.4,6.7,0.45,21.9,0.0,-0.1,-0.017,,3.0,1.0,0.0,8.0,4.0,4.0,1.0,7.0,34.0,145.0,14.7,-14.6,0.0,0.0,8.0,6.0,86.0,98.0,3.0,3.0,6.0,16.5,0.362,0.7,2.8,0.25,4.6,,1.8,6.0,112.0,0.364,6.7,19.3,0.345,6.0,6.7,0.895,4.0,4.0,145.0,0.4,92.0,2.8,20.0,98.0,1.4,3.2,6.3,4.2,11.7,0.362,0.5,2.0,0.25,3.2,,1.2,4.2,0.364,4.7,13.7,0.345,4.2,4.7,0.895,4.0,4.0,145.0,0.2,2.0,14.2,98.0,1.0,2.2,4.5,4.3,11.8,0.362,0.5,2.0,0.25,3.3,,1.3,4.3,0.364,4.8,13.8,0.345,4.3,4.8,0.895,4.0,4.0,36.3,0.3,2.0,14.3,50.0,1.0,2.3,4.5,1.0,0.0,,0.0,0.375,14.0,0.0,0.0,0.345,0.5,0.364,0.364,0.362,0.25,0.25,4.0,4.0,145.0,0.471,0.5,0.109,0.4,0.2,0.855,0.145,0.145,98.0,17.0,47.0,0.362,2.0,8.0,0.25,13.0,,5.0,17.0,0.364,19.0,55.0,0.345,17.0,19.0,0.895,4.0,4.0,145.0,1.0,8.0,57.0,87.0,4.0,9.0,18.0,0.0
thomaca02,Cam Thomas,https://www.basketball-reference.com/players/t/thomaca02.html,2023-24,2024,22.0,BRK,SG,SG,17.0,SG,66.0,51.0,2075.0,382.0,794.0,0.481,144.0,396.0,0.364,192.0,,16.0,186.0,0.503,526.0,1190.0,0.442,286.0,334.0,0.856,28.0,138.0,1482.0,32.0,45.0,124.0,214.0,0.0,5.8,12.0,0.481,2.2,6.0,0.364,2.9,,0.2,2.8,0.503,8.0,18.0,0.442,4.3,5.1,0.856,66.0,51.0,31.4,0.4,2.1,22.5,35.0,0.7,1.9,3.2,6.6,13.8,0.481,2.5,6.9,0.364,3.3,,0.3,3.2,0.503,9.1,20.6,0.442,5.0,5.8,0.856,66.0,51.0,2075.0,0.5,2.4,25.7,89.0,0.8,2.2,3.7,9.1,19.0,0.481,3.4,9.5,0.364,4.6,,0.4,4.4,119.0,0.503,12.6,28.4,0.442,6.8,8.0,0.856,66.0,51.0,2075.0,0.7,110.0,3.3,35.4,89.0,1.1,3.0,5.1,0.333,15.7,,0.7,-1.2,-1.9,10.1,1.2,0.281,66.0,51.0,2075.0,0.7,1.4,1.3,16.1,89.0,1.1,8.5,5.6,0.554,30.5,0.4,2.5,0.058,,9,69,15,155,66,51,35,78,458,2075,-6.7,-6.2,0,1,10,21,68,89,44,40,1.0,0.0,,0.5,0.126,14.8,2.0,0.002,0.442,0.646,0.462,0.41,0.481,0.433,0.364,66.0,51.0,2075.0,0.432,0.674,0.138,0.187,0.117,0.667,0.225,0.333,89.0,-104.8,-68.8,,66.0,51.0,88.0,84.0,99.0,92.0,93.0,109.0,115.0,96.0,2075.0,89.0,0.481,0.333,0.364,0.503,0.442,0.856,0.281,0.554,,,,,,,,,,,,,,,,,,,,,,,,,,,,,,,,,,,,,,,,,,,,,,,,,,,,,,,,,,,,,,,,,,,,,,,,,,,,,,,,,,,,,,,,,,,,,,,,,,,,,,,,,,,,,,,,,,,,,,,,,,,,,,,,,,,,,,,,,,,,,,,,,,,,,,,,,,,,,,,,,,,,,,,,,,,,,,,,,,,,,,,,,,,,,,,,,,,,,,,,,,,,,
sextoco01,Collin Sexton,https://www.basketball-reference.com/players/s/sextoco01.html,2023-24,2024,25.0,UTA,SG,SG,17.0,SG,78.0,51.0,2075.0,378.0,713.0,0.53,128.0,325.0,0.394,383.0,,18.0,134.0,0.549,506.0,1038.0,0.487,318.0,370.0,0.859,71.0,154.0,1458.0,34.0,62.0,165.0,205.0,0.0,4.8,9.1,0.53,1.6,4.2,0.394,4.9,,0.2,1.7,0.549,6.5,13.3,0.487,4.1,4.7,0.859,78.0,51.0,26.6,0.9,2.0,18.7,62.0,0.8,2.1,2.6,6.6,12.4,0.53,2.2,5.6,0.394,6.6,,0.3,2.3,0.549,8.8,18.0,0.487,5.5,6.4,0.859,78.0,51.0,2075.0,1.2,2.7,25.3,88.0,1.1,2.9,3.6,8.8,16.6,0.53,3.0,7.6,0.394,8.9,,0.4,3.1,123.0,0.549,11.8,24.1,0.487,7.4,8.6,0.859,78.0,51.0,2075.0,1.7,122.0,3.6,33.9,88.0,1.4,3.8,4.8,0.313,29.5,,0.8,1.9,-1.9,7.1,0.3,0.356,78.0,51.0,2075.0,3.8,3.8,5.2,19.9,88.0,1.4,12.1,5.4,0.607,27.5,2.0,5.5,0.127,,16,70,26,161,78,51,42,113,931,2075,4.0,-3.0,0,0,14,8,78,88,67,52,2.0,0.0,,0.435,0.212,12.3,23.0,0.027,0.487,0.744,0.402,0.439,0.53,0.451,0.394,78.0,51.0,2075.0,0.418,0.805,0.203,0.098,0.039,0.687,0.346,0.313,88.0,5.4,65.1,,78.0,51.0,97.0,79.0,108.0,100.0,103.0,110.0,146.0,105.0,2075.0,88.0,0.53,0.313,0.394,0.549,0.487,0.859,0.356,0.607,,,,,,,,,,,,,,,,,,,,,,,,,,,,,,,,,,,,,,,,,,,,,,,,,,,,,,,,,,,,,,,,,,,,,,,,,,,,,,,,,,,,,,,,,,,,,,,,,,,,,,,,,,,,,,,,,,,,,,,,,,,,,,,,,,,,,,,,,,,,,,,,,,,,,,,,,,,,,,,,,,,,,,,,,,,,,,,,,,,,,,,,,,,,,,,,,,,,,,,,,,,,,
carusal01,Alex Caruso,https://www.basketball-reference.com/players/c/carusal01.html,2023-24,2024,29.0,CHI,SG,SG,19.0,SG,71.0,57.0,2040.0,117.0,208.0,0.563,136.0,333.0,0.408,247.0,"DPOY-10,DEF2",70.0,211.0,0.593,253.0,541.0,0.468,73.0,96.0,0.76,62.0,181.0,715.0,159.0,120.0,102.0,273.0,0.0,1.6,2.9,0.563,1.9,4.7,0.408,3.5,"DPOY-10,DEF2",1.0,3.0,0.593,3.6,7.6,0.468,1.0,1.4,0.76,71.0,57.0,28.7,0.9,2.5,10.1,179.0,1.7,1.4,3.8,2.1,3.7,0.563,2.4,5.9,0.408,4.4,"DPOY-10,DEF2",1.2,3.7,0.593,4.5,9.5,0.468,1.3,1.7,0.76,71.0,57.0,2040.0,1.1,3.2,12.6,96.0,2.1,1.8,4.8,2.9,5.1,0.563,3.3,8.1,0.408,6.0,"DPOY-10,DEF2",1.7,5.2,113.0,0.593,6.2,13.2,0.468,1.8,2.3,0.76,71.0,57.0,2040.0,1.5,119.0,4.4,17.5,96.0,2.9,2.5,6.7,0.616,16.4,"DPOY-10,DEF2",3.5,2.5,2.3,11.8,2.6,0.177,71.0,57.0,2040.0,0.2,3.3,2.3,14.5,96.0,2.9,14.9,7.5,0.613,14.7,2.3,4.9,0.115,"DPOY-10,DEF2",2,82,42,37,71,57,5,25,558,2040,3.4,0.3,0,0,17,5,78,96,72,24,0.0,0.0,"DPOY-10,DEF2",0.397,0.363,17.1,15.0,0.031,0.468,0.675,0.667,0.353,0.563,0.387,0.408,71.0,57.0,2040.0,0.436,0.89,0.216,0.022,0.031,0.384,0.115,0.616,96.0,50.6,38.5,"DPOY-10,DEF2",71.0,57.0,103.0,156.0,112.0,109.0,99.0,97.0,73.0,106.0,2040.0,96.0,0.563,0.616,0.408,0.593,0.468,0.76,0.177,0.613,,,,,,,,,,,,,,,,,,,,,,,,,,,,,,,,,,,,,,,,,,,,,,,,,,,,,,,,,,,,,,,,,,,,,,,,,,,,,,,,,,,,,,,,,,,,,,,,,,,,,,,,,,,,,,,,,,,,,,,,,,,,,,,,,,,,,,,,,,,,,,,,,,,,,,,,,,,,,,,,,,,,,,,,,,,,,,,,,,,,,,,,,,,,,,,,,,,,,,,,,,,,,
irvinky01,Kyrie Irving,https://www.basketball-reference.com/players/i/irvinky01.html,2023-24,2024,31.0,DAL,SG,SG,20.0,SG,58.0,58.0,2030.0,389.0,710.0,0.548,173.0,421.0,0.411,299.0,CPOY-7,28.0,246.0,0.573,562.0,1131.0,0.497,190.0,210.0,0.905,44.0,112.0,1487.0,30.0,74.0,106.0,290.0,0.0,6.7,12.2,0.548,3.0,7.3,0.411,5.2,CPOY-7,0.5,4.2,0.573,9.7,19.5,0.497,3.3,3.6,0.905,58.0,58.0,35.0,0.8,1.9,25.6,17.0,1.3,1.8,5.0,6.9,12.6,0.548,3.1,7.5,0.411,5.3,CPOY-7,0.5,4.4,0.573,10.0,20.1,0.497,3.4,3.7,0.905,58.0,58.0,2030.0,0.8,2.0,26.4,99.0,1.3,1.9,5.1,9.2,16.8,0.548,4.1,9.9,0.411,7.1,CPOY-7,0.7,5.8,116.0,0.573,13.3,26.7,0.497,4.5,5.0,0.905,58.0,58.0,2030.0,1.0,122.0,2.6,35.1,99.0,1.7,2.5,6.9,0.372,23.8,CPOY-7,1.2,4.9,0.1,13.2,2.0,0.186,58.0,58.0,2030.0,4.8,2.4,4.9,21.9,99.0,1.7,8.0,7.8,0.608,28.1,3.6,6.9,0.163,CPOY-7,6,57,12,85,58,58,26,39,719,2030,7.9,6.0,0,0,23,10,68,99,52,38,1.0,0.0,CPOY-7,0.514,0.166,15.1,6.0,0.006,0.497,0.675,0.518,0.449,0.548,0.527,0.411,58.0,58.0,2030.0,0.375,0.653,0.144,0.171,0.087,0.628,0.226,0.372,99.0,60.7,67.9,CPOY-7,58.0,58.0,100.0,94.0,112.0,105.0,105.0,115.0,76.0,105.0,2030.0,99.0,0.548,0.372,0.411,0.573,0.497,0.905,0.186,0.608,,22.0,22.0,93.0,87.0,107.0,98.0,99.0,108.0,75.0,98.0,879.0,2.0,0.508,0.342,0.39,0.534,0.467,0.849,0.183,0.566,0.342,21.5,,0.8,2.4,-0.2,7.6,0.7,0.183,22.0,22.0,879.0,2.6,2.9,1.4,16.6,2.0,1.4,10.6,5.3,0.566,24.9,1.0,2.1,0.116,,3.0,25.0,5.0,26.0,22.0,22.0,7.0,29.0,264.0,879.0,17.0,6.5,0.0,0.0,7.0,3.0,90.0,2.0,25.0,15.0,7.9,15.5,0.508,3.1,8.0,0.39,6.7,,0.4,3.5,115.0,0.534,11.0,23.5,0.467,3.7,4.3,0.849,22.0,22.0,879.0,1.3,116.0,3.7,28.8,2.0,1.4,3.0,4.8,5.4,10.7,0.508,2.2,5.6,0.39,4.6,,0.3,2.4,0.534,7.6,16.3,0.467,2.5,3.0,0.849,22.0,22.0,879.0,0.9,2.5,19.9,2.0,0.9,2.1,3.3,6.0,11.9,0.508,2.4,6.2,0.39,5.1,,0.3,2.7,0.534,8.5,18.1,0.467,2.8,3.3,0.849,22.0,22.0,40.0,1.0,2.8,22.1,19.0,1.0,2.3,3.7,0.0,0.0,,0.353,0.125,14.4,1.0,0.003,0.467,0.68,0.458,0.636,0.508,0.439,0.39,22.0,22.0,879.0,0.271,0.453,0.126,0.209,0.055,0.658,0.269,0.342,2.0,133.0,262.0,0.508,53.0,136.0,0.39,113.0,,7.0,59.0,0.534,186.0,398.0,0.467,62.0,73.0,0.849,22.0,22.0,879.0,22.0,62.0,487.0,2.0,23.0,51.0,81.0,0.0
suggsja01,Jalen Suggs,https://www.basketball-reference.com/players/s/suggsja01.html,2023-24,2024,22.0,ORL,SG,SG,21.0,SG,75.0,75.0,2025.0,183.0,329.0,0.556,153.0,385.0,0.397,205.0,"DPOY-10,DEF2",47.0,181.0,0.578,336.0,714.0,0.471,118.0,156.0,0.756,48.0,205.0,943.0,104.0,106.0,132.0,229.0,0.0,2.4,4.4,0.556,2.0,5.1,0.397,2.7,"DPOY-10,DEF2",0.6,2.4,0.578,4.5,9.5,0.471,1.6,2.1,0.756,75.0,75.0,27.0,0.6,2.7,12.6,128.0,1.4,1.8,3.1,3.3,5.8,0.556,2.7,6.8,0.397,3.6,"DPOY-10,DEF2",0.8,3.2,0.578,6.0,12.7,0.471,2.1,2.8,0.756,75.0,75.0,2025.0,0.9,3.6,16.8,101.0,1.9,2.3,4.1,4.5,8.0,0.556,3.7,9.4,0.397,5.0,"DPOY-10,DEF2",1.1,4.4,110.0,0.578,8.2,17.5,0.471,2.9,3.8,0.756,75.0,75.0,2025.0,1.2,113.0,5.0,23.1,101.0,2.6,3.2,5.6,0.539,15.0,"DPOY-10,DEF2",2.2,1.0,1.6,10.6,3.2,0.218,75.0,75.0,2025.0,-0.6,2.8,1.5,14.1,101.0,2.6,14.4,6.6,0.602,19.7,1.5,4.7,0.112,"DPOY-10,DEF2",13,105,35,65,75,75,16,26,491,2025,-1.6,1.0,0,0,14,8,79,101,68,33,1.0,0.0,"DPOY-10,DEF2",0.392,0.252,16.7,26.0,0.048,0.471,0.712,0.321,0.483,0.556,0.48,0.397,75.0,75.0,2025.0,0.486,0.869,0.204,0.078,0.041,0.461,0.137,0.539,101.0,44.5,35.2,"DPOY-10,DEF2",75.0,75.0,102.0,137.0,109.0,106.0,99.0,96.0,89.0,104.0,2025.0,101.0,0.556,0.539,0.397,0.578,0.471,0.756,0.218,0.602,,7.0,7.0,102.0,148.0,80.0,89.0,85.0,98.0,150.0,93.0,232.0,56.0,0.559,0.585,0.292,0.488,0.402,0.767,0.366,0.541,0.585,16.7,,1.2,1.5,1.8,12.6,0.5,0.366,7.0,7.0,232.0,-0.3,5.1,0.0,12.6,56.0,2.0,17.4,8.6,0.541,21.8,0.2,0.5,0.104,,2.0,7.0,5.0,12.0,7.0,7.0,5.0,4.0,55.0,232.0,5.9,7.4,0.0,0.0,14.0,1.0,85.0,56.0,12.0,5.0,4.2,7.4,0.559,3.1,10.5,0.292,5.0,,0.7,5.5,102.0,0.488,7.2,17.9,0.402,5.0,6.6,0.767,7.0,7.0,232.0,2.4,103.0,3.9,22.5,56.0,2.0,4.4,7.9,2.9,5.3,0.559,2.2,7.4,0.292,3.6,,0.5,3.9,0.488,5.1,12.7,0.402,3.6,4.7,0.767,7.0,7.0,232.0,1.7,2.8,16.0,56.0,1.4,3.1,5.6,2.7,4.9,0.559,2.0,6.9,0.292,3.3,,0.4,3.6,0.488,4.7,11.7,0.402,3.3,4.3,0.767,7.0,7.0,33.1,1.6,2.6,14.7,46.0,1.3,2.9,5.1,0.0,0.0,,0.25,0.083,18.0,4.0,0.049,0.402,0.647,0.5,1.0,0.559,0.333,0.292,7.0,7.0,232.0,0.684,0.857,0.207,0.073,0.024,0.415,0.11,0.585,56.0,19.0,34.0,0.559,14.0,48.0,0.292,23.0,,3.0,25.0,0.488,33.0,82.0,0.402,23.0,30.0,0.767,7.0,7.0,232.0,11.0,18.0,103.0,62.0,9.0,20.0,36.0,0.0
giddejo01,Josh Giddey,https://www.basketball-reference.com/players/g/giddejo01.html,2023-24,2024,21.0,OKC,SG,SG,22.0,SG,80.0,80.0,2011.0,320.0,604.0,0.53,82.0,243.0,0.337,386.0,,44.0,403.0,0.523,402.0,847.0,0.475,100.0,124.0,0.806,111.0,111.0,986.0,99.0,51.0,168.0,514.0,3.0,4.0,7.6,0.53,1.0,3.0,0.337,4.8,,0.6,5.0,0.523,5.0,10.6,0.475,1.3,1.6,0.806,80.0,80.0,25.1,1.4,1.4,12.3,131.0,0.6,2.1,6.4,5.7,10.8,0.53,1.5,4.4,0.337,6.9,,0.8,7.2,0.523,7.2,15.2,0.475,1.8,2.2,0.806,80.0,80.0,2011.0,2.0,2.0,17.7,103.0,0.9,3.0,9.2,7.7,14.4,0.53,2.0,5.8,0.337,9.2,,1.1,9.6,112.0,0.523,9.6,20.3,0.475,2.4,3.0,0.806,80.0,80.0,2011.0,2.7,111.0,2.7,23.6,103.0,1.2,4.0,12.3,0.287,26.6,,2.0,1.5,0.4,21.5,2.9,0.146,80.0,80.0,2011.0,1.0,6.4,1.4,16.6,103.0,1.2,15.7,14.2,0.547,23.1,1.8,4.3,0.102,,12,63,3,63,80,80,21,70,915,2011,0.5,8.2,0,5,1,34,60,103,92,50,0.0,0.0,,0.367,0.37,10.9,4.0,0.006,0.475,0.671,0.519,0.4,0.53,0.425,0.337,80.0,80.0,2011.0,0.522,0.963,0.283,0.064,0.03,0.713,0.336,0.287,103.0,-39.8,-59.8,,80.0,80.0,97.0,73.0,92.0,96.0,100.0,103.0,60.0,94.0,2011.0,103.0,0.53,0.287,0.337,0.523,0.475,0.806,0.146,0.547,,10.0,8.0,98.0,115.0,97.0,98.0,96.0,112.0,44.0,96.0,181.0,77.0,0.537,0.453,0.353,0.533,0.453,0.875,0.107,0.554,0.453,18.3,,2.1,2.3,0.9,17.1,0.3,0.107,10.0,8.0,181.0,1.4,4.4,0.1,14.8,77.0,0.6,13.3,11.0,0.554,22.8,0.2,0.4,0.101,,2.0,6.0,0.0,4.0,10.0,8.0,0.0,5.0,50.0,181.0,7.2,10.4,0.0,8.0,2.0,30.0,61.0,77.0,6.0,3.0,6.2,11.5,0.537,3.4,9.6,0.353,5.9,,1.1,8.2,107.0,0.533,9.6,21.1,0.453,2.0,2.2,0.875,10.0,8.0,181.0,2.0,107.0,2.5,24.5,77.0,0.6,3.4,10.1,4.4,8.2,0.537,2.4,6.8,0.353,4.2,,0.8,5.8,0.533,6.8,14.9,0.453,1.4,1.6,0.875,10.0,8.0,181.0,1.4,1.8,17.3,77.0,0.4,2.4,7.2,2.2,4.1,0.537,1.2,3.4,0.353,2.1,,0.4,2.9,0.533,3.4,7.5,0.453,0.7,0.8,0.875,10.0,8.0,18.1,0.7,0.9,8.7,81.0,0.2,1.2,3.6,0.0,0.0,,0.4,0.588,14.2,0.0,0.0,0.453,0.688,0.667,0.25,0.537,0.444,0.353,10.0,8.0,181.0,0.636,1.0,0.213,0.04,0.053,0.547,0.24,0.453,77.0,22.0,41.0,0.537,12.0,34.0,0.353,21.0,,4.0,29.0,0.533,34.0,75.0,0.453,7.0,8.0,0.875,10.0,8.0,181.0,7.0,9.0,87.0,68.0,2.0,12.0,36.0,0.0
trentga02,Gary Trent Jr.,https://www.basketball-reference.com/players/t/trentga02.html,2023-24,2024,25.0,TOR,SG,SG,23.0,SG,71.0,41.0,1994.0,183.0,394.0,0.464,178.0,453.0,0.393,119.0,,10.0,163.0,0.531,361.0,847.0,0.426,74.0,96.0,0.771,25.0,96.0,974.0,101.0,77.0,47.0,188.0,0.0,2.6,5.5,0.464,2.5,6.4,0.393,1.7,,0.1,2.3,0.531,5.1,11.9,0.426,1.0,1.4,0.771,71.0,41.0,28.1,0.4,1.4,13.7,115.0,1.1,0.7,2.6,3.3,7.1,0.464,3.2,8.2,0.393,2.1,,0.2,2.9,0.531,6.5,15.3,0.426,1.3,1.7,0.771,71.0,41.0,1994.0,0.5,1.7,17.6,106.0,1.4,0.8,3.4,4.4,9.5,0.464,4.3,11.0,0.393,2.9,,0.2,3.9,121.0,0.531,8.7,20.5,0.426,1.8,2.3,0.771,71.0,41.0,1994.0,0.6,110.0,2.3,23.6,106.0,1.9,1.1,4.6,0.535,8.6,,0.4,-2.6,-1.4,9.2,0.9,0.113,71.0,41.0,1994.0,-1.2,1.4,0.8,12.0,106.0,1.9,5.0,5.2,0.548,20.0,-0.3,1.7,0.04,,8,41,7,41,71,41,13,31,275,1994,2.5,-5.2,0,1,4,19,76,106,21,10,0.0,0.0,,0.378,0.163,18.4,8.0,0.012,0.426,0.667,0.365,0.387,0.464,0.441,0.393,71.0,41.0,1994.0,0.574,0.904,0.113,0.1,0.131,0.465,0.12,0.535,106.0,-25.8,-57.5,,71.0,41.0,85.0,135.0,107.0,97.0,90.0,98.0,46.0,94.0,1994.0,106.0,0.464,0.535,0.393,0.531,0.426,0.771,0.113,0.548,,,,,,,,,,,,,,,,,,,,,,,,,,,,,,,,,,,,,,,,,,,,,,,,,,,,,,,,,,,,,,,,,,,,,,,,,,,,,,,,,,,,,,,,,,,,,,,,,,,,,,,,,,,,,,,,,,,,,,,,,,,,,,,,,,,,,,,,,,,,,,,,,,,,,,,,,,,,,,,,,,,,,,,,,,,,,,,,,,,,,,,,,,,,,,,,,,,,,,,,,,,,,
powelno01,Norman Powell,https://www.basketball-reference.com/players/p/powelno01.html,2023-24,2024,30.0,LAC,SG,SG,24.0,SG,76.0,3.0,1990.0,206.0,384.0,0.536,167.0,384.0,0.435,82.0,6MOY-4,22.0,179.0,0.594,373.0,768.0,0.486,143.0,172.0,0.831,16.0,137.0,1056.0,86.0,43.0,66.0,195.0,0.0,2.7,5.1,0.536,2.2,5.1,0.435,1.1,6MOY-4,0.3,2.4,0.594,4.9,10.1,0.486,1.9,2.3,0.831,76.0,3.0,26.2,0.2,1.8,13.9,110.0,0.6,0.9,2.6,3.7,6.9,0.536,3.0,6.9,0.435,1.5,6MOY-4,0.4,3.2,0.594,6.7,13.9,0.486,2.6,3.1,0.831,76.0,3.0,1990.0,0.3,2.5,19.1,107.0,0.8,1.2,3.5,5.1,9.5,0.536,4.1,9.5,0.435,2.0,6MOY-4,0.5,4.4,119.0,0.594,9.3,19.1,0.486,3.5,4.3,0.831,76.0,3.0,1990.0,0.4,120.0,3.4,26.2,107.0,1.1,1.6,4.8,0.5,5.9,6MOY-4,1.0,-0.8,-1.2,9.8,1.3,0.224,76.0,3.0,1990.0,0.4,0.9,2.8,13.9,107.0,1.1,7.3,5.5,0.626,20.0,0.6,4.1,0.099,6MOY-4,5,73,8,79,76,3,16,37,194,1990,3.0,5.1,0,0,3,24,72,107,29,18,2.0,0.0,6MOY-4,0.545,0.32,16.4,15.0,0.023,0.486,0.736,0.429,0.4,0.536,0.482,0.435,76.0,3.0,1990.0,0.689,0.916,0.143,0.091,0.052,0.5,0.214,0.5,107.0,73.5,77.3,6MOY-4,76.0,3.0,98.0,127.0,119.0,109.0,102.0,106.0,92.0,108.0,1990.0,107.0,0.536,0.5,0.435,0.594,0.486,0.831,0.224,0.626,,6.0,0.0,75.0,120.0,123.0,97.0,90.0,102.0,101.0,98.0,179.0,78.0,0.406,0.475,0.448,0.533,0.426,0.8,0.246,0.57,0.475,1.9,,0.0,-2.6,-1.0,8.8,0.0,0.246,6.0,0.0,179.0,-1.6,1.9,0.1,9.1,78.0,0.9,9.4,5.4,0.57,19.0,0.0,0.1,0.029,,5.0,9.0,1.0,5.0,6.0,0.0,0.0,2.0,5.0,179.0,-0.9,-8.1,0.0,0.0,0.0,36.0,64.0,78.0,1.0,1.0,3.8,9.4,0.406,3.8,8.6,0.448,0.6,,0.0,4.1,121.0,0.533,7.7,18.0,0.426,3.5,4.4,0.8,6.0,0.0,179.0,0.9,109.0,5.9,22.7,78.0,0.9,2.1,5.0,2.6,6.4,0.406,2.6,5.8,0.448,0.4,,0.0,2.8,0.533,5.2,12.3,0.426,2.4,3.0,0.8,6.0,0.0,179.0,0.6,4.0,15.5,78.0,0.6,1.4,3.4,2.2,5.3,0.406,2.2,4.8,0.448,0.3,,0.0,2.3,0.533,4.3,10.2,0.426,2.0,2.5,0.8,6.0,0.0,29.8,0.5,3.3,12.8,57.0,0.5,1.2,2.8,0.0,0.0,,0.333,0.207,15.6,1.0,0.016,0.426,0.308,0.5,0.667,0.406,0.4,0.448,6.0,0.0,179.0,0.769,1.0,0.213,0.098,0.049,0.525,0.164,0.475,78.0,13.0,32.0,0.406,13.0,29.0,0.448,2.0,,0.0,14.0,0.533,26.0,61.0,0.426,12.0,15.0,0.8,6.0,0.0,179.0,3.0,20.0,77.0,74.0,3.0,7.0,17.0,0.0
podzibr01,Brandin Podziemski,https://www.basketball-reference.com/players/p/podzibr01.html,2023-24,2024,20.0,GSW,SG,SG,25.0,SG,74.0,28.0,1968.0,181.0,363.0,0.499,90.0,234.0,0.385,273.0,ROY-5,14.0,309.0,0.529,271.0,597.0,0.454,50.0,79.0,0.633,118.0,122.0,682.0,166.0,61.0,88.0,427.0,0.0,2.4,4.9,0.499,1.2,3.2,0.385,3.7,ROY-5,0.2,4.2,0.529,3.7,8.1,0.454,0.7,1.1,0.633,74.0,28.0,26.6,1.6,1.6,9.2,201.0,0.8,1.2,5.8,3.3,6.6,0.499,1.6,4.3,0.385,5.0,ROY-5,0.3,5.7,0.529,5.0,10.9,0.454,0.9,1.4,0.633,74.0,28.0,1968.0,2.2,2.2,12.5,109.0,1.1,1.6,7.8,4.5,8.9,0.499,2.2,5.8,0.385,6.7,ROY-5,0.3,7.6,115.0,0.529,6.7,14.7,0.454,1.2,1.9,0.633,74.0,28.0,1968.0,2.9,118.0,3.0,16.8,109.0,1.5,2.2,10.5,0.392,18.1,ROY-5,0.6,-0.1,0.4,16.7,2.0,0.132,74.0,28.0,1968.0,-0.5,6.6,2.1,13.0,109.0,1.5,12.2,11.7,0.54,15.4,0.9,4.1,0.1,ROY-5,6,60,41,37,74,28,13,35,660,1968,8.7,7.2,0,0,13,13,75,109,54,19,1.0,0.0,ROY-5,0.422,0.192,13.8,4.0,0.008,0.454,0.685,0.333,0.333,0.499,0.443,0.385,74.0,28.0,1968.0,0.552,0.767,0.186,0.07,0.03,0.608,0.322,0.392,109.0,-20.6,-50.8,ROY-5,74.0,28.0,91.0,99.0,105.0,97.0,96.0,81.0,54.0,93.0,1968.0,109.0,0.499,0.392,0.385,0.529,0.454,0.633,0.132,0.54,,,,,,,,,,,,,,,,,,,,,,,,,,,,,,,,,,,,,,,,,,,,,,,,,,,,,,,,,,,,,,,,,,,,,,,,,,,,,,,,,,,,,,,,,,,,,,,,,,,,,,,,,,,,,,,,,,,,,,,,,,,,,,,,,,,,,,,,,,,,,,,,,,,,,,,,,,,,,,,,,,,,,,,,,,,,,,,,,,,,,,,,,,,,,,,,,,,,,,,,,,,,,
leverca01,Caris LeVert,https://www.basketball-reference.com/players/l/leverca01.html,2023-24,2024,29.0,CLE,SG,SG,26.0,SG,68.0,10.0,1958.0,237.0,488.0,0.486,108.0,332.0,0.325,346.0,,34.0,241.0,0.487,345.0,820.0,0.421,154.0,201.0,0.766,39.0,121.0,952.0,103.0,76.0,117.0,280.0,0.0,3.5,7.2,0.486,1.6,4.9,0.325,5.1,,0.5,3.5,0.487,5.1,12.1,0.421,2.3,3.0,0.766,68.0,10.0,28.8,0.6,1.8,14.0,108.0,1.1,1.7,4.1,4.4,9.0,0.486,2.0,6.1,0.325,6.4,,0.6,4.4,0.487,6.3,15.1,0.421,2.8,3.7,0.766,68.0,10.0,1958.0,0.7,2.2,17.5,111.0,1.4,2.2,5.1,6.0,12.3,0.486,2.7,8.4,0.325,8.7,,0.9,6.1,113.0,0.487,8.7,20.7,0.421,3.9,5.1,0.766,68.0,10.0,1958.0,1.0,110.0,3.1,24.0,111.0,1.9,3.0,7.1,0.405,25.7,,1.6,0.2,0.8,13.7,2.6,0.245,68.0,10.0,1958.0,-0.6,2.3,1.0,14.6,111.0,1.9,11.4,8.0,0.524,23.1,1.1,3.6,0.088,,6,64,13,92,68,10,13,48,843,1958,0.7,3.0,0,0,6,27,67,111,63,34,1.0,0.0,,0.328,0.175,13.6,33.0,0.043,0.421,0.617,0.389,0.4,0.486,0.379,0.325,68.0,10.0,1958.0,0.414,0.769,0.261,0.11,0.012,0.595,0.212,0.405,111.0,-98.3,-101.8,,68.0,10.0,89.0,103.0,89.0,89.0,89.0,98.0,100.0,90.0,1958.0,111.0,0.486,0.405,0.325,0.487,0.421,0.766,0.245,0.524,,11.0,1.0,101.0,82.0,50.0,84.0,91.0,83.0,104.0,84.0,278.0,49.0,0.551,0.324,0.182,0.461,0.431,0.654,0.255,0.489,0.324,14.5,,2.2,-1.0,0.7,13.1,0.3,0.255,11.0,1.0,278.0,-1.7,3.3,-0.2,11.9,49.0,1.7,11.0,8.3,0.489,21.4,0.1,0.1,0.019,,3.0,5.0,0.0,12.0,11.0,1.0,4.0,4.0,58.0,278.0,-1.9,-8.0,0.0,3.0,1.0,35.0,62.0,49.0,6.0,4.0,7.1,12.8,0.551,1.1,6.1,0.182,4.7,,1.1,6.0,112.0,0.461,8.2,19.0,0.431,3.2,4.8,0.654,11.0,1.0,278.0,1.5,98.0,2.6,20.7,49.0,1.7,2.6,7.4,4.9,8.9,0.551,0.8,4.3,0.182,3.2,,0.8,4.1,0.461,5.7,13.2,0.431,2.2,3.4,0.654,11.0,1.0,278.0,1.0,1.8,14.4,49.0,1.2,1.8,5.2,3.5,6.3,0.551,0.5,3.0,0.182,2.3,,0.5,2.9,0.461,4.0,9.3,0.431,1.5,2.4,0.654,11.0,1.0,25.3,0.7,1.3,10.1,71.0,0.8,1.3,3.6,0.0,0.0,,0.0,0.152,12.6,3.0,0.029,0.431,0.774,0.5,0.0,0.551,0.313,0.182,11.0,1.0,278.0,0.447,0.333,0.304,0.176,0.039,0.676,0.157,0.324,49.0,38.0,69.0,0.551,6.0,33.0,0.182,25.0,,6.0,32.0,0.461,44.0,102.0,0.431,17.0,26.0,0.654,11.0,1.0,278.0,8.0,14.0,111.0,54.0,9.0,14.0,40.0,0.0
alexani01,Nickeil Alexander-Walker,https://www.basketball-reference.com/players/a/alexani01.html,2023-24,2024,25.0,MIN,SG,SG,27.0,SG,82.0,20.0,1921.0,105.0,203.0,0.517,131.0,335.0,0.391,204.0,,42.0,132.0,0.56,236.0,538.0,0.439,52.0,65.0,0.8,35.0,143.0,655.0,170.0,64.0,76.0,167.0,0.0,1.3,2.5,0.517,1.6,4.1,0.391,2.5,,0.5,1.6,0.56,2.9,6.6,0.439,0.6,0.8,0.8,82.0,20.0,23.4,0.4,1.7,8.0,226.0,0.8,0.9,2.0,2.0,3.8,0.517,2.5,6.3,0.391,3.8,,0.8,2.5,0.56,4.4,10.1,0.439,1.0,1.2,0.8,82.0,20.0,1921.0,0.7,2.7,12.3,119.0,1.2,1.4,3.1,2.7,5.2,0.517,3.4,8.6,0.391,5.2,,1.1,3.4,111.0,0.56,6.1,13.8,0.439,1.3,1.7,0.8,82.0,20.0,1921.0,0.9,115.0,3.7,16.9,119.0,1.6,2.0,4.3,0.623,14.5,,1.9,0.2,1.3,7.5,2.8,0.121,82.0,20.0,1921.0,-1.1,2.2,1.5,10.9,119.0,1.6,11.8,4.9,0.578,14.8,1.1,4.3,0.107,,4,80,29,24,82,20,4,29,496,1921,4.3,8.7,0,0,43,9,48,119,51,16,2.0,0.0,,0.452,0.469,17.7,9.0,0.02,0.439,0.65,0.44,0.35,0.517,0.449,0.391,82.0,20.0,1921.0,0.581,0.977,0.149,0.046,0.037,0.377,0.145,0.623,119.0,14.9,-2.2,,82.0,20.0,95.0,158.0,107.0,103.0,92.0,102.0,49.0,100.0,1921.0,119.0,0.517,0.623,0.391,0.56,0.439,0.8,0.121,0.578,,16.0,1.0,101.0,183.0,81.0,87.0,77.0,128.0,37.0,86.0,378.0,37.0,0.548,0.723,0.296,0.473,0.366,1.0,0.089,0.498,0.723,14.0,,1.8,-1.3,0.8,7.2,0.3,0.089,16.0,1.0,378.0,-2.1,1.6,0.0,8.7,37.0,1.4,11.4,4.4,0.498,15.8,0.1,0.3,0.042,,1.0,16.0,4.0,4.0,16.0,1.0,2.0,6.0,86.0,378.0,-3.5,2.8,0.0,0.0,52.0,3.0,46.0,37.0,9.0,4.0,2.4,4.3,0.548,3.3,11.2,0.296,5.1,,1.0,3.2,115.0,0.473,5.7,15.5,0.366,1.4,1.4,1.0,16.0,1.0,378.0,0.7,105.0,3.3,16.0,37.0,1.4,2.1,3.9,1.6,3.0,0.548,2.3,7.7,0.296,3.5,,0.7,2.2,0.473,3.9,10.7,0.366,1.0,1.0,1.0,16.0,1.0,378.0,0.5,2.3,11.0,37.0,1.0,1.4,2.7,1.1,1.9,0.548,1.5,5.1,0.296,2.3,,0.4,1.4,0.473,2.6,7.0,0.366,0.6,0.6,1.0,16.0,1.0,23.6,0.3,1.5,7.3,92.0,0.6,0.9,1.8,0.0,0.0,,0.382,0.42,19.6,1.0,0.009,0.366,0.571,0.25,0.667,0.548,0.6,0.296,16.0,1.0,378.0,0.529,0.917,0.125,0.036,0.027,0.277,0.089,0.723,37.0,17.0,31.0,0.548,24.0,81.0,0.296,37.0,,7.0,23.0,0.473,41.0,112.0,0.366,10.0,10.0,1.0,16.0,1.0,378.0,5.0,24.0,116.0,51.0,10.0,15.0,28.0,0.0
gordoer01,Eric Gordon,https://www.basketball-reference.com/players/g/gordoer01.html,2023-24,2024,35.0,PHO,SG,SG,28.0,SG,68.0,24.0,1893.0,124.0,221.0,0.561,150.0,397.0,0.378,139.0,,30.0,106.0,0.565,274.0,618.0,0.443,51.0,64.0,0.797,16.0,79.0,749.0,155.0,66.0,73.0,122.0,0.0,1.8,3.3,0.561,2.2,5.8,0.378,2.0,,0.4,1.6,0.565,4.0,9.1,0.443,0.8,0.9,0.797,68.0,24.0,27.8,0.2,1.2,11.0,157.0,1.0,1.1,1.8,2.4,4.2,0.561,2.9,7.5,0.378,2.6,,0.6,2.0,0.565,5.2,11.8,0.443,1.0,1.2,0.797,68.0,24.0,1893.0,0.3,1.5,14.2,125.0,1.3,1.4,2.3,3.2,5.7,0.561,3.9,10.2,0.378,3.6,,0.8,2.7,117.0,0.565,7.1,15.9,0.443,1.3,1.7,0.797,68.0,24.0,1893.0,0.4,112.0,2.0,19.3,125.0,1.7,1.9,3.1,0.642,10.0,,1.4,-1.7,-0.5,6.0,1.5,0.104,68.0,24.0,1893.0,-1.3,1.0,1.0,10.8,125.0,1.7,10.2,3.6,0.58,16.5,0.1,2.5,0.063,,6,46,3,31,68,24,9,40,330,1893,0.7,3.6,0,0,17,36,48,125,40,16,1.0,0.0,,0.413,0.202,18.4,1.0,0.002,0.443,0.731,0.5,0.2,0.561,0.391,0.378,68.0,24.0,1893.0,0.653,0.933,0.175,0.026,0.008,0.358,0.149,0.642,125.0,22.5,-0.5,,68.0,24.0,103.0,163.0,103.0,103.0,93.0,102.0,42.0,100.0,1893.0,125.0,0.561,0.642,0.378,0.565,0.443,0.797,0.104,0.58,,4.0,0.0,33.0,154.0,113.0,82.0,68.0,112.0,117.0,88.0,118.0,114.0,0.182,0.607,0.412,0.446,0.321,0.875,0.286,0.508,0.607,6.4,,1.6,-2.3,-1.1,6.3,-0.1,0.286,4.0,0.0,118.0,-1.2,1.0,-0.1,7.6,114.0,2.2,11.3,3.6,0.508,14.1,0.0,-0.1,-0.053,,0.0,3.0,0.0,2.0,4.0,0.0,0.0,2.0,12.0,118.0,9.3,-12.8,0.0,0.0,8.0,0.0,92.0,114.0,2.0,1.0,0.9,4.8,0.182,3.0,7.4,0.412,2.2,,0.9,2.6,128.0,0.446,3.9,12.2,0.321,3.0,3.5,0.875,4.0,0.0,118.0,0.4,98.0,2.2,13.9,114.0,2.2,1.7,3.0,0.6,3.4,0.182,2.1,5.2,0.412,1.5,,0.6,1.8,0.446,2.7,8.5,0.321,2.1,2.4,0.875,4.0,0.0,118.0,0.3,1.5,9.8,114.0,1.5,1.2,2.1,0.5,2.8,0.182,1.8,4.3,0.412,1.3,,0.5,1.5,0.446,2.3,7.0,0.321,1.8,2.0,0.875,4.0,0.0,29.5,0.3,1.3,8.0,85.0,1.3,1.0,1.8,0.0,0.0,,0.0,0.294,17.6,1.0,0.036,0.321,0.286,0.0,,0.182,0.0,0.412,4.0,0.0,118.0,0.5,0.857,0.25,0.107,0.0,0.393,0.036,0.607,114.0,2.0,11.0,0.182,7.0,17.0,0.412,5.0,,2.0,6.0,0.446,9.0,28.0,0.321,7.0,8.0,0.875,4.0,0.0,118.0,1.0,5.0,32.0,118.0,5.0,4.0,7.0,0.0
mannte01,Terance Mann,https://www.basketball-reference.com/players/m/mannte01.html,2023-24,2024,27.0,LAC,SG,SG,29.0,SG,75.0,71.0,1873.0,183.0,289.0,0.633,71.0,204.0,0.348,119.0,,15.0,167.0,0.587,254.0,493.0,0.515,79.0,95.0,0.832,87.0,145.0,658.0,168.0,43.0,48.0,254.0,0.0,2.4,3.9,0.633,0.9,2.7,0.348,1.6,,0.2,2.2,0.587,3.4,6.6,0.515,1.1,1.3,0.832,75.0,71.0,25.0,1.2,1.9,8.8,208.0,0.6,0.6,3.4,3.5,5.6,0.633,1.4,3.9,0.348,2.3,,0.3,3.2,0.587,4.9,9.5,0.515,1.5,1.8,0.832,75.0,71.0,1873.0,1.7,2.8,12.6,129.0,0.8,0.9,4.9,4.8,7.6,0.633,1.9,5.4,0.348,3.1,,0.4,4.4,119.0,0.587,6.7,13.0,0.515,2.1,2.5,0.832,75.0,71.0,1873.0,2.3,127.0,3.8,17.3,129.0,1.1,1.3,6.7,0.414,8.5,,0.7,-1.5,-0.7,9.7,1.2,0.193,75.0,71.0,1873.0,-0.8,5.4,3.0,12.0,129.0,1.1,8.2,7.7,0.615,13.6,0.2,4.2,0.106,,9,53,7,47,75,71,11,29,286,1873,-2.1,2.5,0,2,2,27,70,129,17,22,1.0,0.0,,0.381,0.515,13.1,45.0,0.105,0.515,0.833,0.405,0.25,0.633,0.463,0.348,75.0,71.0,1873.0,0.639,0.944,0.292,0.085,0.016,0.586,0.193,0.414,129.0,40.1,37.6,,75.0,71.0,116.0,105.0,95.0,107.0,109.0,106.0,79.0,106.0,1873.0,129.0,0.633,0.414,0.348,0.587,0.515,0.832,0.193,0.615,,6.0,6.0,69.0,121.0,124.0,95.0,87.0,128.0,71.0,97.0,187.0,71.0,0.375,0.478,0.455,0.522,0.413,1.0,0.174,0.565,0.478,9.2,,0.0,-1.2,-1.3,7.8,0.0,0.174,6.0,6.0,187.0,0.1,10.5,0.3,10.4,71.0,0.0,9.2,9.1,0.565,13.3,0.0,0.3,0.075,,0.0,6.0,1.0,4.0,6.0,6.0,0.0,5.0,26.0,187.0,1.2,-7.4,0.0,9.0,0.0,45.0,46.0,71.0,2.0,3.0,2.5,6.8,0.375,2.8,6.2,0.455,3.1,,0.0,3.7,124.0,0.522,5.4,13.0,0.413,2.3,2.3,1.0,6.0,6.0,187.0,4.8,125.0,5.4,15.8,71.0,0.0,1.4,8.5,1.7,4.6,0.375,1.9,4.2,0.455,2.1,,0.0,2.5,0.522,3.7,8.9,0.413,1.5,1.5,1.0,6.0,6.0,187.0,3.3,3.7,10.8,71.0,0.0,1.0,5.8,1.5,4.0,0.375,1.7,3.7,0.455,1.8,,0.0,2.2,0.522,3.2,7.7,0.413,1.3,1.3,1.0,6.0,6.0,31.2,2.8,3.2,9.3,74.0,0.0,0.8,5.0,0.0,0.0,,0.467,0.682,13.7,2.0,0.065,0.413,0.429,0.0,,0.375,0.375,0.455,6.0,6.0,187.0,0.444,1.0,0.304,0.043,0.0,0.522,0.174,0.478,71.0,9.0,24.0,0.375,10.0,22.0,0.455,11.0,,0.0,13.0,0.522,19.0,46.0,0.413,8.0,8.0,1.0,6.0,6.0,187.0,17.0,19.0,56.0,89.0,0.0,5.0,30.0,0.0
monkma01,Malik Monk,https://www.basketball-reference.com/players/m/monkma01.html,2023-24,2024,25.0,SAC,SG,SG,30.0,SG,72.0,0.0,1872.0,248.0,470.0,0.528,148.0,423.0,0.35,370.0,"CPOY-12,6MOY-2",39.0,184.0,0.526,396.0,893.0,0.443,170.0,205.0,0.829,28.0,156.0,1110.0,78.0,45.0,150.0,212.0,0.0,3.4,6.5,0.528,2.1,5.9,0.35,5.1,"CPOY-12,6MOY-2",0.5,2.6,0.526,5.5,12.4,0.443,2.4,2.8,0.829,72.0,0.0,26.0,0.4,2.2,15.4,91.0,0.6,2.1,2.9,4.8,9.0,0.528,2.8,8.1,0.35,7.1,"CPOY-12,6MOY-2",0.7,3.5,0.526,7.6,17.2,0.443,3.3,3.9,0.829,72.0,0.0,1872.0,0.5,3.0,21.3,130.0,0.9,2.9,4.1,6.4,12.2,0.528,3.8,11.0,0.35,9.6,"CPOY-12,6MOY-2",1.0,4.8,117.0,0.526,10.3,23.2,0.443,4.4,5.3,0.829,72.0,0.0,1872.0,0.7,113.0,4.0,28.8,130.0,1.2,3.9,5.5,0.474,28.9,"CPOY-12,6MOY-2",1.9,0.6,-1.0,11.3,1.6,0.23,72.0,0.0,1872.0,1.5,1.6,1.9,16.0,130.0,1.2,13.2,6.3,0.564,25.9,1.2,3.5,0.09,"CPOY-12,6MOY-2",6,82,12,77,72,0,14,55,870,1872,-5.4,-1.6,0,0,16,4,80,130,104,31,0.0,0.0,"CPOY-12,6MOY-2",0.429,0.132,16.2,41.0,0.049,0.443,0.656,0.5,0.444,0.528,0.456,0.35,72.0,0.0,1872.0,0.464,0.784,0.169,0.108,0.06,0.526,0.189,0.474,130.0,-36.1,-30.5,"CPOY-12,6MOY-2",72.0,0.0,97.0,120.0,96.0,96.0,93.0,106.0,94.0,97.0,1872.0,130.0,0.528,0.474,0.35,0.526,0.443,0.829,0.23,0.564,,,,,,,,,,,,,,,,,,,,,,,,,,,,,,,,,,,,,,,,,,,,,,,,,,,,,,,,,,,,,,,,,,,,,,,,,,,,,,,,,,,,,,,,,,,,,,,,,,,,,,,,,,,,,,,,,,,,,,,,,,,,,,,,,,,,,,,,,,,,,,,,,,,,,,,,,,,,,,,,,,,,,,,,,,,,,,,,,,,,,,,,,,,,,,,,,,,,,,,,,,,,,
brownbr01,Bruce Brown,https://www.basketball-reference.com/players/b/brownbr01.html,2023-24,2024,27.0,2TM,SG,SG,31.0,SG,67.0,44.0,1866.0,225.0,418.0,0.538,53.0,164.0,0.323,192.0,,17.0,231.0,0.523,278.0,582.0,0.478,117.0,142.0,0.824,53.0,148.0,726.0,158.0,59.0,86.0,284.0,0.0,3.4,6.2,0.538,0.8,2.4,0.323,2.9,,0.3,3.4,0.523,4.1,8.7,0.478,1.7,2.1,0.824,67.0,44.0,27.9,0.8,2.2,10.8,164.0,0.9,1.3,4.2,4.3,8.1,0.538,1.0,3.2,0.323,3.7,,0.3,4.5,0.523,5.4,11.2,0.478,2.3,2.7,0.824,67.0,44.0,1866.0,1.0,2.9,14.0,131.0,1.1,1.7,5.5,5.8,10.7,0.538,1.4,4.2,0.323,4.9,,0.4,5.9,120.0,0.523,7.1,14.9,0.478,3.0,3.6,0.824,67.0,44.0,1866.0,1.4,113.0,3.8,18.6,131.0,1.5,2.2,7.3,0.282,13.2,,0.8,-3.3,-1.0,14.0,1.0,0.244,67.0,44.0,1866.0,-2.4,3.1,1.2,11.6,131.0,1.5,11.8,8.5,0.563,16.5,-0.6,2.2,0.058,,7,77,1,68,67,44,20,41,456,1866,-5.3,-5.6,0,0,17,5,78,131,36,32,1.0,0.0,,0.344,0.39,11.6,12.0,0.021,0.478,0.718,0.477,0.375,0.538,0.44,0.323,67.0,44.0,1866.0,0.618,0.925,0.244,0.148,0.041,0.718,0.285,0.282,131.0,-27.1,-21.6,,67.0,44.0,99.0,71.0,88.0,96.0,101.0,105.0,100.0,97.0,1866.0,131.0,0.538,0.282,0.323,0.523,0.478,0.824,0.244,0.563,,,,,,,,,,,,,,,,,,,,,,,,,,,,,,,,,,,,,,,,,,,,,,,,,,,,,,,,,,,,,,,,,,,,,,,,,,,,,,,,,,,,,,,,,,,,,,,,,,,,,,,,,,,,,,,,,,,,,,,,,,,,,,,,,,,,,,,,,,,,,,,,,,,,,,,,,,,,,,,,,,,,,,,,,,,,,,,,,,,,,,,,,,,,,,,,,,,,,,,,,,,,,
martica02,Caleb Martin,https://www.basketball-reference.com/players/m/martica02.html,2023-24,2024,28.0,MIA,SF,SG,32.0,SG,64.0,23.0,1756.0,160.0,327.0,0.489,81.0,232.0,0.349,143.0,,29.0,207.0,0.504,241.0,559.0,0.431,77.0,99.0,0.778,74.0,126.0,640.0,175.0,47.0,77.0,281.0,0.0,2.5,5.1,0.489,1.3,3.6,0.349,2.2,,0.5,3.2,0.504,3.8,8.7,0.431,1.2,1.5,0.778,64.0,23.0,27.4,1.2,2.0,10.0,182.0,0.7,1.2,4.4,3.3,6.7,0.489,1.7,4.8,0.349,2.9,,0.6,4.2,0.504,4.9,11.5,0.431,1.6,2.0,0.778,64.0,23.0,1756.0,1.5,2.6,13.1,151.0,1.0,1.6,5.8,4.5,9.3,0.489,2.3,6.6,0.349,4.1,,0.8,5.9,113.0,0.504,6.8,15.9,0.431,2.2,2.8,0.778,64.0,23.0,1756.0,2.1,107.0,3.6,18.2,151.0,1.3,2.2,8.0,0.415,11.8,,1.6,-2.0,0.2,13.5,2.2,0.177,64.0,23.0,1756.0,-2.2,4.7,0.2,10.8,151.0,1.3,11.3,9.1,0.531,17.3,0.0,2.4,0.066,,7,58,21,50,64,23,15,40,359,1756,1.2,2.7,0,1,11,23,66,151,36,21,2.0,0.0,,0.329,0.353,14.5,18.0,0.036,0.431,0.598,0.325,0.409,0.489,0.463,0.349,64.0,23.0,1756.0,0.581,0.926,0.218,0.072,0.079,0.585,0.216,0.415,151.0,-48.0,-59.0,,64.0,23.0,90.0,105.0,95.0,92.0,91.0,99.0,72.0,92.0,1756.0,151.0,0.489,0.415,0.349,0.504,0.431,0.778,0.177,0.531,,5.0,5.0,92.0,141.0,120.0,108.0,98.0,128.0,45.0,106.0,176.0,80.0,0.5,0.556,0.44,0.589,0.467,1.0,0.111,0.614,0.556,6.4,,0.0,-0.9,0.3,9.0,0.0,0.111,5.0,5.0,176.0,-1.2,3.2,0.2,10.6,80.0,0.9,6.0,6.0,0.614,14.0,0.0,0.2,0.059,,0.0,4.0,1.0,2.0,5.0,5.0,1.0,3.0,16.0,176.0,7.2,-14.0,0.0,12.0,5.0,20.0,63.0,80.0,2.0,1.0,3.0,6.0,0.5,3.3,7.5,0.44,2.1,,0.0,3.9,121.0,0.589,6.3,13.5,0.467,1.5,1.5,1.0,5.0,5.0,176.0,1.5,119.0,4.2,17.4,80.0,0.9,0.9,5.4,2.0,4.1,0.5,2.3,5.1,0.44,1.4,,0.0,2.7,0.589,4.3,9.2,0.467,1.0,1.0,1.0,5.0,5.0,176.0,1.0,2.9,11.9,80.0,0.6,0.6,3.7,2.0,4.0,0.5,2.2,5.0,0.44,1.4,,0.0,2.6,0.589,4.2,9.0,0.467,1.0,1.0,1.0,5.0,5.0,35.2,1.0,2.8,11.6,64.0,0.6,0.6,3.6,0.0,0.0,,0.429,0.28,18.5,0.0,0.0,0.467,0.833,0.0,0.5,0.5,0.4,0.44,5.0,5.0,176.0,0.4,0.818,0.133,0.067,0.133,0.444,0.111,0.556,80.0,10.0,20.0,0.5,11.0,25.0,0.44,7.0,,0.0,13.0,0.589,21.0,45.0,0.467,5.0,5.0,1.0,5.0,5.0,176.0,5.0,14.0,58.0,85.0,3.0,3.0,18.0,0.0
coulibi01,Bilal Coulibaly,https://www.basketball-reference.com/players/c/coulibi01.html,2023-24,2024,19.0,WAS,SF,SG,33.0,SG,63.0,15.0,1715.0,124.0,247.0,0.502,64.0,185.0,0.346,110.0,,48.0,200.0,0.509,188.0,432.0,0.435,92.0,131.0,0.702,56.0,137.0,532.0,206.0,57.0,87.0,256.0,0.0,2.0,3.9,0.502,1.0,2.9,0.346,1.7,,0.8,3.2,0.509,3.0,6.9,0.435,1.5,2.1,0.702,63.0,15.0,27.2,0.9,2.2,8.4,216.0,0.9,1.4,4.1,2.6,5.2,0.502,1.3,3.9,0.346,2.3,,1.0,4.2,0.509,3.9,9.1,0.435,1.9,2.7,0.702,63.0,15.0,1715.0,1.2,2.9,11.2,156.0,1.2,1.8,5.4,3.4,6.7,0.502,1.7,5.0,0.346,3.0,,1.3,5.5,120.0,0.509,5.1,11.8,0.435,2.5,3.6,0.702,63.0,15.0,1715.0,1.5,103.0,3.7,14.5,156.0,1.6,2.4,7.0,0.428,8.2,,2.3,-4.2,-0.5,12.8,0.9,0.303,63.0,15.0,1715.0,-3.6,3.4,-0.5,8.9,156.0,1.6,15.1,8.0,0.543,14.2,-0.9,0.4,0.013,,5,67,3,68,63,15,19,43,268,1715,-4.4,-11.8,0,1,1,49,49,156,52,20,0.0,0.0,,0.393,0.481,13.2,51.0,0.134,0.435,0.667,0.133,0.25,0.502,0.346,0.346,63.0,15.0,1715.0,0.621,0.953,0.313,0.035,0.037,0.572,0.188,0.428,156.0,-32.2,-36.0,,63.0,15.0,92.0,108.0,95.0,93.0,92.0,90.0,124.0,94.0,1715.0,156.0,0.502,0.428,0.346,0.509,0.435,0.702,0.303,0.543,,,,,,,,,,,,,,,,,,,,,,,,,,,,,,,,,,,,,,,,,,,,,,,,,,,,,,,,,,,,,,,,,,,,,,,,,,,,,,,,,,,,,,,,,,,,,,,,,,,,,,,,,,,,,,,,,,,,,,,,,,,,,,,,,,,,,,,,,,,,,,,,,,,,,,,,,,,,,,,,,,,,,,,,,,,,,,,,,,,,,,,,,,,,,,,,,,,,,,,,,,,,,
nembhan01,Andrew Nembhard,https://www.basketball-reference.com/players/n/nembhan01.html,2023-24,2024,24.0,IND,PG,SG,34.0,SG,68.0,47.0,1697.0,199.0,351.0,0.567,61.0,171.0,0.357,280.0,,6.0,105.0,0.557,260.0,522.0,0.498,45.0,56.0,0.804,36.0,143.0,626.0,178.0,63.0,101.0,141.0,0.0,2.9,5.2,0.567,0.9,2.5,0.357,4.1,,0.1,1.5,0.557,3.8,7.7,0.498,0.7,0.8,0.804,68.0,47.0,25.0,0.5,2.1,9.2,199.0,0.9,1.5,2.1,4.2,7.4,0.567,1.3,3.6,0.357,5.9,,0.1,2.2,0.557,5.5,11.1,0.498,1.0,1.2,0.804,68.0,47.0,1697.0,0.8,3.0,13.3,159.0,1.3,2.1,3.0,5.5,9.8,0.567,1.7,4.8,0.357,7.8,,0.2,2.9,121.0,0.557,7.2,14.5,0.498,1.3,1.6,0.804,68.0,47.0,1697.0,1.0,114.0,4.0,17.4,159.0,1.8,2.8,3.9,0.328,20.0,,0.3,-2.2,-0.5,7.0,0.7,0.107,68.0,47.0,1697.0,-1.6,2.4,1.3,11.3,159.0,1.8,15.6,4.7,0.573,16.0,-0.1,2.0,0.057,,8,66,18,28,68,47,6,21,669,1697,-1.5,2.1,0,0,31,0,68,159,50,29,0.0,0.0,,0.528,0.31,14.1,1.0,0.002,0.498,0.737,0.534,0.488,0.567,0.472,0.357,68.0,47.0,1697.0,0.412,0.918,0.19,0.197,0.079,0.672,0.207,0.328,159.0,10.4,-8.1,,68.0,47.0,104.0,83.0,98.0,102.0,105.0,102.0,44.0,99.0,1697.0,159.0,0.567,0.328,0.357,0.557,0.498,0.804,0.107,0.573,,17.0,17.0,110.0,83.0,132.0,117.0,118.0,98.0,58.0,113.0,554.0,13.0,0.598,0.33,0.483,0.64,0.56,0.769,0.143,0.654,0.33,23.0,,0.7,1.2,-0.3,8.7,0.0,0.143,17.0,17.0,554.0,1.5,3.0,1.6,16.6,13.0,0.6,10.6,5.9,0.654,17.7,0.5,1.6,0.135,,2.0,24.0,5.0,12.0,17.0,17.0,4.0,10.0,220.0,554.0,3.7,2.4,0.0,0.0,10.0,2.0,88.0,13.0,12.0,7.0,6.8,11.3,0.598,2.7,5.5,0.483,8.7,,0.4,3.9,123.0,0.64,9.4,16.8,0.56,1.8,2.4,0.769,17.0,17.0,554.0,1.3,132.0,5.2,23.4,13.0,0.6,2.1,5.2,4.7,7.9,0.598,1.9,3.9,0.483,6.1,,0.3,2.7,0.64,6.6,11.8,0.56,1.3,1.7,0.769,17.0,17.0,554.0,0.9,3.6,16.4,13.0,0.4,1.5,3.6,4.3,7.2,0.598,1.7,3.5,0.483,5.5,,0.2,2.5,0.64,6.0,10.7,0.56,1.2,1.5,0.769,17.0,17.0,32.6,0.8,3.3,14.9,44.0,0.4,1.4,3.3,0.0,0.0,,0.5,0.3,14.1,0.0,0.0,0.56,0.771,0.448,0.609,0.598,0.543,0.483,17.0,17.0,554.0,0.466,0.897,0.192,0.159,0.126,0.67,0.192,0.33,13.0,73.0,122.0,0.598,29.0,60.0,0.483,94.0,,4.0,42.0,0.64,102.0,182.0,0.56,20.0,26.0,0.769,17.0,17.0,554.0,14.0,56.0,253.0,16.0,6.0,23.0,56.0,0.0
wallaca01,Cason Wallace,https://www.basketball-reference.com/players/w/wallaca01.html,2023-24,2024,20.0,OKC,SG,SG,35.0,SG,82.0,13.0,1692.0,119.0,208.0,0.572,98.0,234.0,0.419,120.0,,37.0,135.0,0.602,217.0,442.0,0.491,29.0,37.0,0.784,52.0,129.0,561.0,198.0,76.0,45.0,187.0,0.0,1.5,2.5,0.572,1.2,2.9,0.419,1.5,,0.5,1.6,0.602,2.6,5.4,0.491,0.4,0.5,0.784,82.0,13.0,20.6,0.6,1.6,6.8,272.0,0.9,0.5,2.3,2.5,4.4,0.572,2.1,5.0,0.419,2.6,,0.8,2.9,0.602,4.6,9.4,0.491,0.6,0.8,0.784,82.0,13.0,1692.0,1.1,2.7,11.9,160.0,1.6,1.0,4.0,3.4,5.9,0.572,2.8,6.6,0.419,3.4,,1.1,3.8,113.0,0.602,6.2,12.6,0.491,0.8,1.1,0.784,82.0,13.0,1692.0,1.5,122.0,3.7,15.9,160.0,2.2,1.3,5.3,0.529,8.9,,2.0,0.1,1.0,8.6,2.1,0.084,82.0,13.0,1692.0,-0.9,3.6,1.9,12.0,160.0,2.2,8.9,6.2,0.612,12.9,0.9,4.0,0.115,,2,71,3,20,82,13,3,23,282,1692,-3.9,5.7,0,1,29,34,36,160,22,14,0.0,0.0,,0.474,0.496,16.0,19.0,0.054,0.491,0.752,0.5,0.357,0.572,0.377,0.419,82.0,13.0,1692.0,0.655,0.969,0.229,0.059,0.063,0.471,0.12,0.529,160.0,48.9,29.4,,82.0,13.0,105.0,134.0,115.0,110.0,104.0,100.0,34.0,106.0,1692.0,160.0,0.572,0.529,0.419,0.602,0.491,0.784,0.084,0.612,,10.0,0.0,99.0,173.0,88.0,91.0,82.0,64.0,20.0,86.0,198.0,68.0,0.538,0.683,0.321,0.5,0.39,0.5,0.049,0.501,0.683,6.8,,1.0,-1.4,1.5,3.2,0.3,0.049,10.0,0.0,198.0,-2.9,4.1,0.0,7.6,68.0,2.3,8.7,3.6,0.501,10.6,0.0,0.3,0.082,,0.0,7.0,1.0,1.0,10.0,0.0,0.0,1.0,25.0,198.0,4.5,8.6,0.0,0.0,25.0,30.0,45.0,68.0,4.0,0.0,1.8,3.3,0.538,2.3,7.2,0.321,2.6,,0.5,1.5,109.0,0.5,4.1,10.5,0.39,0.3,0.5,0.5,10.0,0.0,198.0,1.8,107.0,3.6,10.8,68.0,2.3,1.0,3.3,1.3,2.4,0.538,1.6,5.1,0.321,1.8,,0.4,1.1,0.5,2.9,7.5,0.39,0.2,0.4,0.5,10.0,0.0,198.0,1.3,2.5,7.6,68.0,1.6,0.7,2.4,0.7,1.3,0.538,0.9,2.8,0.321,1.0,,0.2,0.6,0.5,1.6,4.1,0.39,0.1,0.2,0.5,10.0,0.0,19.8,0.7,1.4,4.2,126.0,0.9,0.4,1.3,1.0,0.0,,0.375,0.571,19.3,0.0,0.0,0.39,0.667,0.333,1.0,0.538,0.333,0.321,10.0,0.0,198.0,0.286,1.0,0.146,0.073,0.024,0.317,0.073,0.683,68.0,7.0,13.0,0.538,9.0,28.0,0.321,10.0,,2.0,6.0,0.5,16.0,41.0,0.39,1.0,2.0,0.5,10.0,0.0,198.0,7.0,14.0,42.0,108.0,9.0,4.0,13.0,0.0
clarkjo01,Jordan Clarkson,https://www.basketball-reference.com/players/c/clarkjo01.html,2023-24,2024,31.0,UTA,SG,SG,36.0,SG,55.0,19.0,1682.0,246.0,507.0,0.485,91.0,309.0,0.294,277.0,,6.0,139.0,0.469,337.0,816.0,0.413,177.0,201.0,0.881,49.0,81.0,942.0,105.0,35.0,146.0,188.0,1.0,4.5,9.2,0.485,1.7,5.6,0.294,5.0,,0.1,2.5,0.469,6.1,14.8,0.413,3.2,3.7,0.881,55.0,19.0,30.6,0.9,1.5,17.1,72.0,0.6,2.7,3.4,5.3,10.9,0.485,1.9,6.6,0.294,5.9,,0.1,3.0,0.469,7.2,17.5,0.413,3.8,4.3,0.881,55.0,19.0,1682.0,1.0,1.7,20.2,164.0,0.7,3.1,4.0,7.1,14.5,0.485,2.6,8.9,0.294,7.9,,0.2,4.0,124.0,0.469,9.7,23.4,0.413,5.1,5.8,0.881,55.0,19.0,1682.0,1.4,107.0,2.3,27.0,164.0,1.0,4.2,5.4,0.379,24.6,,0.3,-4.5,-3.2,9.0,0.1,0.246,55.0,19.0,1682.0,-1.3,3.2,0.1,12.7,164.0,1.0,13.9,6.2,0.521,26.1,-1.1,0.2,0.006,,11,39,3,81,55,19,16,51,672,1682,-1.5,-5.7,0,1,0,27,72,164,70,54,8.0,0.0,,0.415,0.133,14.9,13.0,0.017,0.413,0.598,0.412,0.5,0.485,0.473,0.294,55.0,19.0,1682.0,0.37,0.703,0.113,0.125,0.044,0.621,0.339,0.379,164.0,-126.9,-107.1,,55.0,19.0,89.0,96.0,81.0,86.0,87.0,112.0,101.0,90.0,1682.0,164.0,0.485,0.379,0.294,0.469,0.413,0.881,0.246,0.521,,,,,,,,,,,,,,,,,,,,,,,,,,,,,,,,,,,,,,,,,,,,,,,,,,,,,,,,,,,,,,,,,,,,,,,,,,,,,,,,,,,,,,,,,,,,,,,,,,,,,,,,,,,,,,,,,,,,,,,,,,,,,,,,,,,,,,,,,,,,,,,,,,,,,,,,,,,,,,,,,,,,,,,,,,,,,,,,,,,,,,,,,,,,,,,,,,,,,,,,,,,,,
simonan01,Anfernee Simons,https://www.basketball-reference.com/players/s/simonan01.html,2023-24,2024,24.0,POR,SG,SG,37.0,SG,46.0,46.0,1582.0,204.0,432.0,0.472,156.0,405.0,0.385,255.0,,5.0,145.0,0.523,360.0,837.0,0.43,163.0,178.0,0.916,22.0,98.0,1039.0,89.0,23.0,126.0,167.0,0.0,4.4,9.4,0.472,3.4,8.8,0.385,5.5,,0.1,3.2,0.523,7.8,18.2,0.43,3.5,3.9,0.916,46.0,46.0,34.4,0.5,2.1,22.6,32.0,0.5,2.7,3.6,4.6,9.8,0.472,3.5,9.2,0.385,5.8,,0.1,3.3,0.523,8.2,19.0,0.43,3.7,4.1,0.916,46.0,46.0,1582.0,0.5,2.2,23.6,177.0,0.5,2.9,3.8,6.4,13.5,0.472,4.9,12.6,0.385,8.0,,0.2,4.5,121.0,0.523,11.2,26.1,0.43,5.1,5.6,0.916,46.0,46.0,1582.0,0.7,113.0,3.1,32.4,177.0,0.7,3.9,5.2,0.484,27.6,,0.3,0.2,-2.5,10.9,0.5,0.213,46.0,46.0,1582.0,2.7,1.5,1.7,15.9,177.0,0.7,12.1,5.9,0.568,28.0,0.8,2.2,0.068,,9,56,4,74,46,46,15,51,595,1582,-1.6,-10.3,0,0,24,7,69,177,64,42,0.0,0.0,,0.29,0.077,17.1,14.0,0.018,0.43,0.658,0.477,0.338,0.472,0.392,0.385,46.0,46.0,1582.0,0.162,0.622,0.14,0.105,0.088,0.516,0.183,0.484,177.0,-38.9,-22.8,,46.0,46.0,87.0,123.0,105.0,96.0,91.0,117.0,87.0,98.0,1582.0,177.0,0.472,0.484,0.385,0.523,0.43,0.916,0.213,0.568,,,,,,,,,,,,,,,,,,,,,,,,,,,,,,,,,,,,,,,,,,,,,,,,,,,,,,,,,,,,,,,,,,,,,,,,,,,,,,,,,,,,,,,,,,,,,,,,,,,,,,,,,,,,,,,,,,,,,,,,,,,,,,,,,,,,,,,,,,,,,,,,,,,,,,,,,,,,,,,,,,,,,,,,,,,,,,,,,,,,,,,,,,,,,,,,,,,,,,,,,,,,,
huertke01,Kevin Huerter,https://www.basketball-reference.com/players/h/huertke01.html,2023-24,2024,25.0,SAC,SG,SG,38.0,SG,64.0,59.0,1562.0,125.0,219.0,0.571,123.0,341.0,0.361,166.0,,23.0,186.0,0.553,248.0,560.0,0.443,36.0,47.0,0.766,38.0,135.0,655.0,171.0,45.0,53.0,224.0,0.0,2.0,3.4,0.571,1.9,5.3,0.361,2.6,,0.4,2.9,0.553,3.9,8.8,0.443,0.6,0.7,0.766,64.0,59.0,24.4,0.6,2.1,10.2,174.0,0.7,0.8,3.5,2.9,5.0,0.571,2.8,7.9,0.361,3.8,,0.5,4.3,0.553,5.7,12.9,0.443,0.8,1.1,0.766,64.0,59.0,1562.0,0.9,3.1,15.1,178.0,1.0,1.2,5.2,3.9,6.8,0.571,3.8,10.6,0.361,5.2,,0.7,5.8,116.0,0.553,7.7,17.4,0.443,1.1,1.5,0.766,64.0,59.0,1562.0,1.2,116.0,4.2,20.4,178.0,1.4,1.6,7.0,0.609,14.4,,1.3,-0.8,-0.4,13.6,1.4,0.084,64.0,59.0,1562.0,-0.5,2.7,1.5,12.4,178.0,1.4,8.4,8.0,0.564,17.3,0.5,2.9,0.089,,5,66,5,21,64,59,3,15,392,1562,0.3,1.5,0,1,0,28,72,178,30,10,0.0,0.0,,0.424,0.173,18.2,9.0,0.02,0.443,0.732,0.381,0.2,0.571,0.553,0.361,64.0,59.0,1562.0,0.808,0.951,0.146,0.075,0.018,0.391,0.152,0.609,178.0,6.9,-18.6,,64.0,59.0,105.0,154.0,99.0,101.0,93.0,98.0,34.0,97.0,1562.0,178.0,0.571,0.609,0.361,0.553,0.443,0.766,0.084,0.564,,,,,,,,,,,,,,,,,,,,,,,,,,,,,,,,,,,,,,,,,,,,,,,,,,,,,,,,,,,,,,,,,,,,,,,,,,,,,,,,,,,,,,,,,,,,,,,,,,,,,,,,,,,,,,,,,,,,,,,,,,,,,,,,,,,,,,,,,,,,,,,,,,,,,,,,,,,,,,,,,,,,,,,,,,,,,,,,,,,,,,,,,,,,,,,,,,,,,,,,,,,,,
joeis01,Isaiah Joe,https://www.basketball-reference.com/players/j/joeis01.html,2023-24,2024,24.0,OKC,SG,SG,39.0,SG,78.0,1.0,1445.0,75.0,132.0,0.568,147.0,353.0,0.416,99.0,,22.0,148.0,0.609,222.0,485.0,0.458,45.0,52.0,0.865,32.0,87.0,636.0,177.0,46.0,47.0,180.0,0.0,1.0,1.7,0.568,1.9,4.5,0.416,1.3,,0.3,1.9,0.609,2.8,6.2,0.458,0.6,0.7,0.865,78.0,1.0,18.5,0.4,1.1,8.2,221.0,0.6,0.6,2.3,1.9,3.3,0.568,3.7,8.8,0.416,2.5,,0.5,3.7,0.609,5.5,12.1,0.458,1.1,1.3,0.865,78.0,1.0,1445.0,0.8,2.2,15.8,195.0,1.1,1.2,4.5,2.5,4.4,0.568,4.9,11.7,0.416,3.3,,0.7,4.9,115.0,0.609,7.4,16.1,0.458,1.5,1.7,0.865,78.0,1.0,1445.0,1.1,121.0,2.9,21.2,195.0,1.5,1.6,6.0,0.728,8.9,,1.4,0.9,-0.3,11.0,1.6,0.107,78.0,1.0,1445.0,1.1,2.6,1.9,13.4,195.0,1.5,8.5,6.9,0.626,16.6,1.0,3.5,0.116,,3,45,34,19,78,1,6,15,245,1445,1.1,8.7,0,0,20,2,77,195,26,11,2.0,0.0,,0.413,0.212,21.3,15.0,0.039,0.458,0.773,0.5,0.471,0.568,0.4,0.416,78.0,1.0,1445.0,0.76,0.966,0.091,0.07,0.07,0.272,0.041,0.728,195.0,60.9,46.9,,78.0,1.0,104.0,184.0,114.0,111.0,96.0,110.0,44.0,108.0,1445.0,195.0,0.568,0.728,0.416,0.609,0.458,0.865,0.107,0.626,,10.0,2.0,98.0,183.0,112.0,108.0,94.0,,0.0,102.0,173.0,83.0,0.533,0.722,0.41,0.593,0.444,,0.0,0.593,0.722,8.5,,0.0,0.9,0.7,11.1,0.3,0.0,10.0,2.0,173.0,0.2,2.7,0.1,11.5,83.0,1.5,8.5,7.0,0.593,15.6,0.1,0.4,0.116,,0.0,4.0,4.0,0.0,10.0,2.0,0.0,2.0,25.0,173.0,-10.9,-1.0,0.0,0.0,6.0,0.0,94.0,83.0,3.0,2.0,2.4,4.4,0.533,4.7,11.5,0.41,2.9,,0.0,5.3,109.0,0.593,7.1,15.9,0.444,0.0,0.0,,10.0,2.0,173.0,1.2,114.0,2.9,18.8,83.0,1.5,1.5,6.5,1.7,3.1,0.533,3.3,8.1,0.41,2.1,,0.0,3.7,0.593,5.0,11.2,0.444,0.0,0.0,,10.0,2.0,173.0,0.8,2.1,13.3,83.0,1.0,1.0,4.6,0.8,1.5,0.533,1.6,3.9,0.41,1.0,,0.0,1.8,0.593,2.4,5.4,0.444,0.0,0.0,,10.0,2.0,17.3,0.4,1.0,6.4,95.0,0.5,0.5,2.2,0.0,0.0,,0.538,0.333,21.2,1.0,0.019,0.444,0.8,0.333,0.5,0.533,0.0,0.41,10.0,2.0,173.0,0.75,1.0,0.093,0.056,0.111,0.278,0.019,0.722,83.0,8.0,15.0,0.533,16.0,39.0,0.41,10.0,,0.0,18.0,0.593,24.0,54.0,0.444,0.0,0.0,,10.0,2.0,173.0,4.0,10.0,64.0,81.0,5.0,5.0,22.0,0.0
banede01,Desmond Bane,https://www.basketball-reference.com/players/b/banede01.html,2023-24,2024,25.0,MEM,SG,SG,40.0,SG,42.0,42.0,1443.0,223.0,416.0,0.536,137.0,360.0,0.381,230.0,,22.0,149.0,0.552,360.0,776.0,0.464,140.0,161.0,0.87,36.0,120.0,997.0,97.0,43.0,112.0,185.0,0.0,5.3,9.9,0.536,3.3,8.6,0.381,5.5,,0.5,3.5,0.552,8.6,18.5,0.464,3.3,3.8,0.87,42.0,42.0,34.4,0.9,2.9,23.7,24.0,1.0,2.7,4.4,5.6,10.4,0.536,3.4,9.0,0.381,5.7,,0.5,3.7,0.552,9.0,19.4,0.464,3.5,4.0,0.87,42.0,42.0,1443.0,0.9,3.0,24.9,196.0,1.1,2.8,4.6,7.6,14.1,0.536,4.6,12.2,0.381,7.8,,0.7,5.0,116.0,0.552,12.2,26.3,0.464,4.7,5.5,0.87,42.0,42.0,1443.0,1.2,114.0,4.1,33.8,196.0,1.5,3.8,6.3,0.464,29.2,,1.4,2.8,-0.3,11.8,1.3,0.207,42.0,42.0,1443.0,3.1,2.6,1.8,18.5,196.0,1.5,11.7,7.0,0.589,28.5,1.7,3.1,0.102,,18,57,10,61,42,42,13,61,568,1443,-0.7,-7.7,0,3,13,34,50,196,47,31,2.0,0.0,,0.442,0.144,15.9,7.0,0.009,0.464,0.72,0.553,0.38,0.536,0.377,0.381,42.0,42.0,1443.0,0.404,0.613,0.216,0.061,0.091,0.536,0.168,0.464,196.0,8.8,14.7,,42.0,42.0,98.0,117.0,104.0,101.0,98.0,111.0,85.0,101.0,1443.0,196.0,0.536,0.464,0.381,0.552,0.464,0.87,0.207,0.589,,,,,,,,,,,,,,,,,,,,,,,,,,,,,,,,,,,,,,,,,,,,,,,,,,,,,,,,,,,,,,,,,,,,,,,,,,,,,,,,,,,,,,,,,,,,,,,,,,,,,,,,,,,,,,,,,,,,,,,,,,,,,,,,,,,,,,,,,,,,,,,,,,,,,,,,,,,,,,,,,,,,,,,,,,,,,,,,,,,,,,,,,,,,,,,,,,,,,,,,,,,,,
willivi01,Vince Williams Jr.,https://www.basketball-reference.com/players/w/willivi01.html,2023-24,2024,23.0,MEM,SG,SG,41.0,SG,52.0,33.0,1436.0,90.0,170.0,0.529,79.0,209.0,0.378,175.0,,34.0,231.0,0.55,169.0,379.0,0.446,104.0,130.0,0.8,59.0,135.0,521.0,212.0,47.0,92.0,290.0,0.0,1.7,3.3,0.529,1.5,4.0,0.378,3.4,,0.7,4.4,0.55,3.3,7.3,0.446,2.0,2.5,0.8,52.0,33.0,27.6,1.1,2.6,10.0,184.0,0.9,1.8,5.6,2.3,4.3,0.529,2.0,5.2,0.378,4.4,,0.9,5.8,0.55,4.2,9.5,0.446,2.6,3.3,0.8,52.0,33.0,1436.0,1.5,3.4,13.1,197.0,1.2,2.3,7.3,3.1,5.8,0.529,2.7,7.1,0.378,6.0,,1.2,7.9,114.0,0.55,5.8,12.9,0.446,3.5,4.4,0.8,52.0,33.0,1436.0,2.0,114.0,4.6,17.7,197.0,1.6,3.1,9.9,0.551,18.0,,2.2,-0.7,1.0,18.3,1.7,0.343,52.0,33.0,1436.0,-1.7,4.3,1.1,12.8,197.0,1.6,17.4,11.0,0.597,15.8,0.5,2.8,0.093,,6,49,28,45,52,33,5,22,430,1436,6.3,-3.3,0,0,43,2,55,197,48,27,0.0,0.0,,0.343,0.335,15.7,9.0,0.024,0.446,0.667,0.353,0.0,0.529,0.407,0.378,52.0,33.0,1436.0,0.511,0.924,0.245,0.045,0.016,0.449,0.142,0.551,197.0,2.7,15.0,,52.0,33.0,97.0,140.0,103.0,101.0,94.0,102.0,140.0,103.0,1436.0,197.0,0.529,0.551,0.378,0.55,0.446,0.8,0.343,0.597,,,,,,,,,,,,,,,,,,,,,,,,,,,,,,,,,,,,,,,,,,,,,,,,,,,,,,,,,,,,,,,,,,,,,,,,,,,,,,,,,,,,,,,,,,,,,,,,,,,,,,,,,,,,,,,,,,,,,,,,,,,,,,,,,,,,,,,,,,,,,,,,,,,,,,,,,,,,,,,,,,,,,,,,,,,,,,,,,,,,,,,,,,,,,,,,,,,,,,,,,,,,,
daniedy01,Dyson Daniels,https://www.basketball-reference.com/players/d/daniedy01.html,2023-24,2024,20.0,NOP,PG,SG,42.0,SG,61.0,16.0,1358.0,97.0,176.0,0.551,42.0,135.0,0.311,164.0,,25.0,174.0,0.514,139.0,311.0,0.447,34.0,53.0,0.642,62.0,101.0,354.0,267.0,85.0,59.0,236.0,0.0,1.6,2.9,0.551,0.7,2.2,0.311,2.7,,0.4,2.9,0.514,2.3,5.1,0.447,0.6,0.9,0.642,61.0,16.0,22.3,1.0,1.7,5.8,306.0,1.4,1.0,3.9,2.6,4.7,0.551,1.1,3.6,0.311,4.3,,0.7,4.6,0.514,3.7,8.2,0.447,0.9,1.4,0.642,61.0,16.0,1358.0,1.6,2.7,9.4,205.0,2.3,1.6,6.3,3.5,6.4,0.551,1.5,4.9,0.311,5.9,,0.9,6.3,110.0,0.514,5.0,11.2,0.447,1.2,1.9,0.642,61.0,16.0,1358.0,2.2,113.0,3.6,12.8,205.0,3.1,2.1,8.5,0.434,15.4,,1.8,0.6,2.5,14.1,2.2,0.17,61.0,16.0,1358.0,-1.9,5.1,0.7,12.0,205.0,3.1,15.0,9.7,0.529,12.6,0.9,2.9,0.103,,4,51,5,23,61,16,3,14,384,1358,-0.5,4.3,0,0,41,8,51,205,31,16,4.0,0.0,,0.408,0.363,14.2,13.0,0.055,0.447,0.635,0.393,0.5,0.551,0.528,0.311,61.0,16.0,1358.0,0.526,1.0,0.238,0.09,0.006,0.566,0.232,0.434,205.0,-19.9,-33.8,,61.0,16.0,101.0,110.0,85.0,94.0,94.0,82.0,70.0,91.0,1358.0,205.0,0.551,0.434,0.311,0.514,0.447,0.642,0.17,0.529,,3.0,0.0,92.0,84.0,0.0,61.0,70.0,,0.0,57.0,17.0,175.0,0.5,0.333,0.0,0.333,0.333,,0.0,0.333,0.333,0.0,,0.0,-4.6,2.3,13.9,0.0,0.0,3.0,0.0,17.0,-6.8,0.0,-0.1,4.4,175.0,6.0,14.3,6.4,0.333,18.0,0.0,0.0,-0.107,,0.0,0.0,0.0,0.0,3.0,0.0,0.0,0.0,0.0,17.0,-29.8,-44.9,0.0,0.0,1.0,17.0,82.0,175.0,1.0,0.0,6.0,12.0,0.5,0.0,6.0,0.0,0.0,,0.0,6.0,104.0,0.333,6.0,18.0,0.333,0.0,0.0,,3.0,0.0,17.0,0.0,59.0,0.0,12.0,175.0,6.0,3.0,6.0,4.2,8.5,0.5,0.0,4.2,0.0,0.0,,0.0,4.2,0.333,4.2,12.7,0.333,0.0,0.0,,3.0,0.0,17.0,0.0,0.0,8.5,175.0,4.2,2.1,4.2,0.7,1.3,0.5,0.0,0.7,0.0,0.0,,0.0,0.7,0.333,0.7,2.0,0.333,0.0,0.0,,3.0,0.0,5.7,0.0,0.0,1.3,173.0,0.7,0.3,0.7,0.0,0.0,,0.0,0.5,11.2,0.0,0.0,0.333,0.5,,,0.5,0.5,0.0,3.0,0.0,17.0,0.0,,0.333,0.0,0.0,0.667,0.333,0.333,175.0,2.0,4.0,0.5,0.0,2.0,0.0,0.0,,0.0,2.0,0.333,2.0,6.0,0.333,0.0,0.0,,3.0,0.0,17.0,0.0,0.0,4.0,178.0,2.0,1.0,2.0,0.0
harriga01,Gary Harris,https://www.basketball-reference.com/players/h/harriga01.html,2023-24,2024,29.0,ORL,SG,SG,43.0,SG,54.0,27.0,1297.0,55.0,92.0,0.598,76.0,205.0,0.371,87.0,,14.0,67.0,0.569,131.0,297.0,0.441,34.0,45.0,0.756,24.0,91.0,372.0,260.0,49.0,31.0,91.0,0.0,1.0,1.7,0.598,1.4,3.8,0.371,1.6,,0.3,1.2,0.569,2.4,5.5,0.441,0.6,0.8,0.756,54.0,27.0,24.0,0.4,1.7,6.9,260.0,0.9,0.6,1.7,1.5,2.6,0.598,2.1,5.7,0.371,2.4,,0.4,1.9,0.569,3.6,8.2,0.441,0.9,1.2,0.756,54.0,27.0,1297.0,0.7,2.5,10.3,214.0,1.4,0.9,2.5,2.1,3.5,0.598,2.9,7.8,0.371,3.3,,0.5,2.6,114.0,0.569,5.0,11.3,0.441,1.3,1.7,0.756,54.0,27.0,1297.0,0.9,120.0,3.5,14.2,214.0,1.9,1.2,3.5,0.69,9.1,,1.0,-1.2,1.1,6.1,1.5,0.152,54.0,27.0,1297.0,-2.3,2.2,1.1,9.4,214.0,1.9,8.9,4.1,0.587,11.7,0.3,2.7,0.099,,2,44,8,12,54,27,3,8,203,1297,1.4,2.7,0,0,39,2,59,214,18,4,1.0,0.0,,0.409,0.429,19.4,4.0,0.02,0.441,0.686,0.636,0.4,0.598,0.556,0.371,54.0,27.0,1297.0,0.727,0.974,0.118,0.037,0.034,0.31,0.121,0.69,214.0,13.4,4.5,,54.0,27.0,110.0,175.0,101.0,104.0,93.0,96.0,62.0,101.0,1297.0,214.0,0.598,0.69,0.371,0.569,0.441,0.756,0.152,0.587,,6.0,6.0,31.0,199.0,87.0,75.0,60.0,128.0,29.0,75.0,159.0,89.0,0.167,0.786,0.318,0.411,0.286,1.0,0.071,0.433,0.786,3.7,,1.8,-2.0,2.7,5.1,0.4,0.071,6.0,6.0,159.0,-4.7,3.4,0.0,4.9,89.0,2.2,6.5,4.2,0.433,8.5,0.0,0.3,0.096,,1.0,5.0,1.0,0.0,6.0,6.0,0.0,2.0,9.0,159.0,-7.1,1.9,0.0,0.0,91.0,0.0,9.0,89.0,0.0,1.0,0.3,1.9,0.167,2.2,7.0,0.318,1.3,,1.0,2.2,103.0,0.411,2.6,8.9,0.286,0.6,0.6,1.0,6.0,6.0,159.0,1.6,100.0,5.7,8.0,89.0,2.2,0.6,3.8,0.2,1.4,0.167,1.6,5.0,0.318,0.9,,0.7,1.6,0.411,1.8,6.3,0.286,0.5,0.5,1.0,6.0,6.0,159.0,1.1,4.1,5.7,89.0,1.6,0.5,2.7,0.2,1.0,0.167,1.2,3.7,0.318,0.7,,0.5,1.2,0.411,1.3,4.7,0.286,0.3,0.3,1.0,6.0,6.0,26.5,0.8,3.0,4.2,125.0,1.2,0.3,2.0,0.0,0.0,,0.25,0.364,21.7,0.0,0.0,0.286,0.333,,0.0,0.167,0.0,0.318,6.0,6.0,159.0,1.0,1.0,0.107,0.0,0.071,0.214,0.036,0.786,89.0,1.0,6.0,0.167,7.0,22.0,0.318,4.0,,3.0,7.0,0.411,8.0,28.0,0.286,2.0,2.0,1.0,6.0,6.0,159.0,5.0,18.0,25.0,125.0,7.0,2.0,12.0,0.0
haywago01,Gordon Hayward,https://www.basketball-reference.com/players/h/haywago01.html,2023-24,2024,33.0,2TM,SF,SG,44.0,SG,51.0,28.0,1245.0,150.0,313.0,0.479,37.0,90.0,0.411,158.0,,13.0,143.0,0.51,187.0,403.0,0.464,89.0,120.0,0.742,38.0,67.0,500.0,223.0,40.0,66.0,181.0,0.0,2.9,6.1,0.479,0.7,1.8,0.411,3.1,,0.3,2.8,0.51,3.7,7.9,0.464,1.7,2.4,0.742,51.0,28.0,24.4,0.7,1.3,9.8,187.0,0.8,1.3,3.5,4.3,9.1,0.479,1.1,2.6,0.411,4.6,,0.4,4.1,0.51,5.4,11.7,0.464,2.6,3.5,0.742,51.0,28.0,1245.0,1.1,1.9,14.5,222.0,1.2,1.9,5.2,5.9,12.3,0.479,1.5,3.5,0.411,6.2,,0.5,5.6,118.0,0.51,7.3,15.8,0.464,3.5,4.7,0.742,51.0,28.0,1245.0,1.5,111.0,2.6,19.6,222.0,1.6,2.6,7.1,0.223,18.3,,1.0,-2.1,-0.5,13.0,0.9,0.298,51.0,28.0,1245.0,-1.6,3.4,0.6,12.8,222.0,1.6,12.6,8.1,0.548,18.4,0.0,1.5,0.058,,6,31,1,63,51,28,16,18,375,1245,-1.3,-5.3,1,18,0,37,45,222,28,25,0.0,0.0,,0.429,0.311,12.1,19.0,0.052,0.464,0.674,0.451,0.294,0.479,0.406,0.411,51.0,28.0,1245.0,0.607,0.946,0.236,0.176,0.127,0.777,0.238,0.223,222.0,-29.5,-28.8,,51.0,28.0,88.0,57.0,112.0,93.0,98.0,95.0,122.0,95.0,1245.0,222.0,0.479,0.223,0.411,0.51,0.464,0.742,0.298,0.548,,7.0,0.0,0.0,0.0,,0.0,0.0,,0.0,0.0,46.0,149.0,0.0,0.0,,0.0,0.0,,0.0,0.0,0.0,7.9,,2.1,-1.9,3.4,27.8,0.1,0.0,7.0,0.0,46.0,-5.3,2.5,0.0,5.0,149.0,1.1,0.0,15.6,0.0,3.0,0.0,0.1,0.078,,0.0,1.0,0.0,0.0,7.0,0.0,0.0,0.0,8.0,46.0,13.0,17.8,0.0,83.0,0.0,17.0,0.0,149.0,0.0,0.0,0.0,3.3,0.0,0.0,0.0,,3.3,,1.1,13.3,102.0,0.0,0.0,3.3,0.0,0.0,0.0,,7.0,0.0,46.0,1.1,73.0,2.2,0.0,149.0,1.1,0.0,14.4,0.0,2.3,0.0,0.0,0.0,,2.3,,0.8,9.4,0.0,0.0,2.3,0.0,0.0,0.0,,7.0,0.0,46.0,0.8,1.6,0.0,149.0,0.8,0.0,10.2,0.0,0.4,0.0,0.0,0.0,,0.4,,0.1,1.7,0.0,0.0,0.4,0.0,0.0,0.0,,7.0,0.0,6.6,0.1,0.3,0.0,202.0,0.1,0.0,1.9,0.0,0.0,,,,8.0,0.0,0.0,0.0,0.0,,0.0,0.0,0.0,,7.0,0.0,46.0,,,0.333,0.0,0.333,1.0,0.333,0.0,149.0,0.0,3.0,0.0,0.0,0.0,,3.0,,1.0,12.0,0.0,0.0,3.0,0.0,0.0,0.0,,7.0,0.0,46.0,1.0,2.0,0.0,202.0,1.0,0.0,13.0,0.0
wiggiaa01,Aaron Wiggins,https://www.basketball-reference.com/players/w/wiggiaa01.html,2023-24,2024,25.0,OKC,SG,SG,45.0,SG,78.0,4.0,1228.0,150.0,251.0,0.598,62.0,126.0,0.492,86.0,,19.0,126.0,0.645,212.0,377.0,0.562,56.0,71.0,0.789,60.0,91.0,542.0,202.0,56.0,56.0,186.0,0.0,1.9,3.2,0.598,0.8,1.6,0.492,1.1,,0.2,1.6,0.645,2.7,4.8,0.562,0.7,0.9,0.789,78.0,4.0,15.7,0.8,1.2,6.9,265.0,0.7,0.7,2.4,4.4,7.4,0.598,1.8,3.7,0.492,2.5,,0.6,3.7,0.645,6.2,11.1,0.562,1.6,2.1,0.789,78.0,4.0,1228.0,1.8,2.7,15.9,224.0,1.6,1.6,5.5,5.9,9.8,0.598,2.4,4.9,0.492,3.4,,0.7,4.9,113.0,0.645,8.3,14.8,0.562,2.2,2.8,0.789,78.0,4.0,1228.0,2.3,125.0,3.6,21.2,224.0,2.2,2.2,7.3,0.334,9.3,,1.4,0.7,0.4,11.0,1.6,0.188,78.0,4.0,1228.0,0.4,5.7,2.1,15.6,224.0,2.2,12.1,8.4,0.664,16.4,0.8,3.7,0.144,,5,57,5,38,78,4,9,33,201,1228,-0.6,7.5,0,10,13,28,49,224,24,21,0.0,0.0,,0.404,0.413,10.7,12.0,0.042,0.562,0.698,0.467,0.0,0.598,0.457,0.492,78.0,4.0,1228.0,0.667,0.968,0.422,0.04,0.019,0.666,0.186,0.334,224.0,73.9,68.5,,78.0,4.0,110.0,85.0,135.0,118.0,119.0,101.0,77.0,114.0,1228.0,224.0,0.598,0.334,0.492,0.645,0.562,0.789,0.188,0.664,,10.0,0.0,115.0,108.0,82.0,101.0,103.0,116.0,96.0,103.0,157.0,90.0,0.63,0.426,0.3,0.553,0.489,0.909,0.234,0.598,0.426,9.4,,1.8,2.2,2.1,15.6,0.3,0.234,10.0,0.0,157.0,0.1,6.6,0.1,14.9,90.0,1.9,14.8,11.3,0.598,17.7,0.2,0.5,0.139,,0.0,5.0,1.0,5.0,10.0,0.0,1.0,1.0,23.0,157.0,6.6,10.5,0.0,6.0,13.0,25.0,56.0,90.0,8.0,1.0,5.5,8.8,0.63,1.9,6.5,0.3,3.2,,1.0,7.5,105.0,0.553,7.5,15.2,0.489,3.2,3.6,0.909,10.0,0.0,157.0,2.9,113.0,2.6,20.1,90.0,1.9,2.9,10.4,3.9,6.2,0.63,1.4,4.6,0.3,2.3,,0.7,5.3,0.553,5.3,10.8,0.489,2.3,2.5,0.909,10.0,0.0,157.0,2.1,1.8,14.2,90.0,1.4,2.1,7.3,1.7,2.7,0.63,0.6,2.0,0.3,1.0,,0.3,2.3,0.553,2.3,4.7,0.489,1.0,1.1,0.909,10.0,0.0,15.7,0.9,0.8,6.2,102.0,0.6,0.9,3.2,0.0,0.0,,0.2,0.5,12.8,1.0,0.021,0.489,0.706,0.0,0.0,0.63,0.714,0.3,10.0,0.0,157.0,0.765,1.0,0.362,0.021,0.043,0.574,0.149,0.426,90.0,17.0,27.0,0.63,6.0,20.0,0.3,10.0,,3.0,23.0,0.553,23.0,47.0,0.489,10.0,11.0,0.909,10.0,0.0,157.0,9.0,8.0,62.0,82.0,6.0,9.0,32.0,0.0
burksal01,Alec Burks,https://www.basketball-reference.com/players/b/burksal01.html,2023-24,2024,32.0,2TM,SG,SG,46.0,SG,66.0,1.0,1212.0,86.0,239.0,0.36,124.0,330.0,0.376,88.0,,12.0,126.0,0.478,210.0,569.0,0.369,145.0,167.0,0.868,24.0,75.0,689.0,165.0,28.0,48.0,150.0,0.0,1.3,3.6,0.36,1.9,5.0,0.376,1.3,,0.2,1.9,0.478,3.2,8.6,0.369,2.2,2.5,0.868,66.0,1.0,18.4,0.4,1.1,10.4,170.0,0.4,0.7,2.3,2.6,7.1,0.36,3.7,9.8,0.376,2.6,,0.4,3.7,0.478,6.2,16.9,0.369,4.3,5.0,0.868,66.0,1.0,1212.0,0.7,2.2,20.5,227.0,0.8,1.4,4.5,3.5,9.6,0.36,5.0,13.3,0.376,3.5,,0.5,5.1,120.0,0.478,8.4,22.9,0.369,5.8,6.7,0.868,66.0,1.0,1212.0,1.0,111.0,3.0,27.7,227.0,1.1,1.9,6.0,0.58,10.7,,0.9,-2.3,-2.0,11.8,0.7,0.293,66.0,1.0,1212.0,-0.3,2.2,0.7,12.9,227.0,1.1,7.0,6.9,0.536,24.4,-0.1,1.4,0.054,,3,37,15,67,66,1,9,21,213,1212,-5.4,-10.2,0,2,0,38,60,227,27,15,0.0,0.0,,0.366,0.282,18.2,0.0,0.0,0.369,0.469,0.38,0.295,0.36,0.307,0.376,66.0,1.0,1212.0,0.5,0.782,0.086,0.125,0.077,0.42,0.132,0.58,227.0,-78.0,-56.2,,66.0,1.0,66.0,147.0,103.0,87.0,78.0,111.0,120.0,92.0,1212.0,227.0,0.36,0.58,0.376,0.478,0.369,0.868,0.293,0.536,,6.0,0.0,108.0,142.0,117.0,113.0,105.0,108.0,262.0,120.0,121.0,113.0,0.591,0.56,0.429,0.62,0.5,0.844,0.64,0.694,0.56,8.1,,0.8,8.3,1.7,16.2,0.0,0.64,6.0,0.0,121.0,6.6,3.7,0.7,26.5,113.0,0.4,0.0,9.7,0.694,23.3,0.3,0.7,0.285,,0.0,0.0,0.0,16.0,6.0,0.0,5.0,4.0,14.0,121.0,-9.9,-9.7,0.0,8.0,0.0,91.0,1.0,113.0,0.0,0.0,5.6,9.5,0.591,5.2,12.1,0.429,2.6,,0.4,6.9,124.0,0.62,10.8,21.6,0.5,11.7,13.8,0.844,6.0,0.0,121.0,1.7,154.0,2.6,38.4,113.0,0.4,0.0,8.6,3.9,6.5,0.591,3.6,8.3,0.429,1.8,,0.3,4.8,0.62,7.4,14.9,0.5,8.0,9.5,0.844,6.0,0.0,121.0,1.2,1.8,26.5,113.0,0.3,0.0,6.0,2.2,3.7,0.591,2.0,4.7,0.429,1.0,,0.2,2.7,0.62,4.2,8.3,0.5,4.5,5.3,0.844,6.0,0.0,20.2,0.7,1.0,14.8,45.0,0.2,0.0,3.3,0.0,0.0,,0.5,0.286,18.2,0.0,0.0,0.5,0.667,0.75,0.333,0.591,0.4,0.429,6.0,0.0,121.0,0.769,0.833,0.12,0.16,0.06,0.44,0.1,0.56,113.0,13.0,22.0,0.591,12.0,28.0,0.429,6.0,,1.0,16.0,0.62,25.0,50.0,0.5,27.0,32.0,0.844,6.0,0.0,121.0,4.0,6.0,89.0,66.0,1.0,0.0,20.0,0.0
hawkijo01,Jordan Hawkins,https://www.basketball-reference.com/players/h/hawkijo01.html,2023-24,2024,21.0,NOP,SG,SG,47.0,SG,67.0,10.0,1160.0,65.0,158.0,0.411,109.0,298.0,0.366,70.0,,7.0,119.0,0.501,174.0,456.0,0.382,67.0,80.0,0.838,29.0,72.0,524.0,211.0,19.0,40.0,148.0,0.0,1.0,2.4,0.411,1.6,4.4,0.366,1.0,,0.1,1.8,0.501,2.6,6.8,0.382,1.0,1.2,0.838,67.0,10.0,17.3,0.4,1.1,7.8,234.0,0.3,0.6,2.2,2.0,4.9,0.411,3.4,9.2,0.366,2.2,,0.2,3.7,0.501,5.4,14.2,0.382,2.1,2.5,0.838,67.0,10.0,1160.0,0.9,2.2,16.3,236.0,0.6,1.2,4.6,2.7,6.7,0.411,4.6,12.6,0.366,3.0,,0.3,5.0,117.0,0.501,7.4,19.3,0.382,2.8,3.4,0.838,67.0,10.0,1160.0,1.2,109.0,3.0,22.1,236.0,0.8,1.7,6.3,0.654,8.2,,0.6,-3.1,-1.7,11.3,1.0,0.175,67.0,10.0,1160.0,-1.3,2.8,0.3,10.2,236.0,0.8,7.5,7.1,0.533,19.9,-0.3,1.3,0.053,,3,41,6,26,67,10,1,17,167,1160,-7.6,-0.7,0,1,17,20,62,236,14,17,2.0,0.0,,0.466,0.245,20.3,7.0,0.024,0.382,0.526,0.353,0.408,0.411,0.351,0.366,67.0,10.0,1160.0,0.738,0.991,0.083,0.075,0.107,0.346,0.081,0.654,236.0,-41.4,-45.8,,67.0,10.0,75.0,166.0,100.0,92.0,80.0,107.0,72.0,92.0,1160.0,236.0,0.411,0.654,0.366,0.501,0.382,0.838,0.175,0.533,,3.0,0.0,0.0,190.0,0.0,0.0,0.0,,0.0,0.0,12.0,185.0,0.0,0.75,0.0,0.0,0.0,,0.0,0.0,0.75,0.0,,0.0,-20.2,-5.4,19.6,0.0,0.0,3.0,0.0,12.0,-14.8,0.0,-0.1,-12.4,185.0,0.0,0.0,9.0,0.0,14.6,-0.1,-0.1,-0.322,,0.0,1.0,0.0,0.0,3.0,0.0,0.0,0.0,0.0,12.0,15.5,-3.0,0.0,0.0,32.0,68.0,0.0,185.0,0.0,0.0,0.0,4.2,0.0,0.0,12.7,0.0,0.0,,0.0,8.5,117.0,0.0,0.0,17.0,0.0,0.0,0.0,,3.0,0.0,12.0,0.0,0.0,4.2,0.0,185.0,0.0,0.0,8.5,0.0,3.0,0.0,0.0,9.0,0.0,0.0,,0.0,6.0,0.0,0.0,12.0,0.0,0.0,0.0,,3.0,0.0,12.0,0.0,3.0,0.0,185.0,0.0,0.0,6.0,0.0,0.3,0.0,0.0,1.0,0.0,0.0,,0.0,0.7,0.0,0.0,1.3,0.0,0.0,0.0,,3.0,0.0,4.0,0.0,0.3,0.0,201.0,0.0,0.0,0.7,0.0,0.0,,0.0,0.333,19.9,0.0,0.0,0.0,0.0,,,0.0,,0.0,3.0,0.0,12.0,,,0.25,0.0,0.0,0.25,0.0,0.75,185.0,0.0,1.0,0.0,0.0,3.0,0.0,0.0,,0.0,2.0,0.0,0.0,4.0,0.0,0.0,0.0,,3.0,0.0,12.0,0.0,1.0,0.0,201.0,0.0,0.0,2.0,0.0
richajo01,Josh Richardson,https://www.basketball-reference.com/players/r/richajo01.html,2023-24,2024,30.0,MIA,SG,SG,48.0,SG,43.0,6.0,1103.0,88.0,157.0,0.561,66.0,190.0,0.347,105.0,,14.0,103.0,0.539,154.0,347.0,0.444,51.0,54.0,0.944,18.0,76.0,425.0,242.0,24.0,36.0,121.0,0.0,2.0,3.7,0.561,1.5,4.4,0.347,2.4,,0.3,2.4,0.539,3.6,8.1,0.444,1.2,1.3,0.944,43.0,6.0,25.7,0.4,1.8,9.9,185.0,0.6,0.8,2.8,2.9,5.1,0.561,2.2,6.2,0.347,3.4,,0.5,3.4,0.539,5.0,11.3,0.444,1.7,1.8,0.944,43.0,6.0,1103.0,0.6,2.5,13.9,243.0,0.8,1.2,3.9,4.0,7.1,0.561,3.0,8.6,0.347,4.7,,0.6,4.7,115.0,0.539,7.0,15.7,0.444,2.3,2.4,0.944,43.0,6.0,1103.0,0.8,115.0,3.4,19.2,243.0,1.1,1.6,5.5,0.548,13.9,,1.2,-1.3,0.0,10.7,1.2,0.156,43.0,6.0,1103.0,-1.3,1.8,0.9,11.4,243.0,1.1,8.9,6.2,0.573,16.5,0.2,2.1,0.093,,5,35,6,16,43,6,4,9,249,1103,-8.7,-4.2,0,0,44,6,51,243,23,1,1.0,0.0,,0.395,0.226,17.9,7.0,0.023,0.444,0.683,0.457,0.462,0.561,0.582,0.347,43.0,6.0,1103.0,0.511,0.97,0.118,0.101,0.075,0.452,0.159,0.548,243.0,-5.3,-5.1,,43.0,6.0,103.0,139.0,95.0,99.0,94.0,120.0,64.0,99.0,1103.0,243.0,0.561,0.548,0.347,0.539,0.444,0.944,0.156,0.573,,,,,,,,,,,,,,,,,,,,,,,,,,,,,,,,,,,,,,,,,,,,,,,,,,,,,,,,,,,,,,,,,,,,,,,,,,,,,,,,,,,,,,,,,,,,,,,,,,,,,,,,,,,,,,,,,,,,,,,,,,,,,,,,,,,,,,,,,,,,,,,,,,,,,,,,,,,,,,,,,,,,,,,,,,,,,,,,,,,,,,,,,,,,,,,,,,,,,,,,,,,,,
merrisa01,Sam Merrill,https://www.basketball-reference.com/players/m/merrisa01.html,2023-24,2024,27.0,CLE,SG,SG,49.0,SG,61.0,1.0,1069.0,15.0,39.0,0.385,143.0,354.0,0.404,108.0,,4.0,98.0,0.584,158.0,393.0,0.402,26.0,28.0,0.929,22.0,72.0,485.0,228.0,19.0,19.0,120.0,0.0,0.2,0.6,0.385,2.3,5.8,0.404,1.8,,0.1,1.6,0.584,2.6,6.4,0.402,0.4,0.5,0.929,61.0,1.0,17.5,0.4,1.2,8.0,227.0,0.3,0.3,2.0,0.5,1.3,0.385,4.8,11.9,0.404,3.6,,0.1,3.3,0.584,5.3,13.2,0.402,0.9,0.9,0.929,61.0,1.0,1069.0,0.7,2.4,16.3,248.0,0.6,0.6,4.0,0.7,1.8,0.385,6.6,16.4,0.404,5.0,,0.2,4.5,117.0,0.584,7.3,18.2,0.402,1.2,1.3,0.929,61.0,1.0,1069.0,1.0,125.0,3.3,22.4,248.0,0.9,0.9,5.5,0.901,14.1,,0.3,0.5,-0.8,10.2,0.9,0.071,61.0,1.0,1069.0,1.3,2.3,1.9,13.1,248.0,0.9,4.5,6.3,0.598,17.5,0.7,2.8,0.125,,3,32,20,8,61,1,2,13,263,1069,-4.5,-0.6,0,0,18,4,79,248,10,2,1.0,0.0,,0.449,0.195,23.6,0.0,0.0,0.402,0.5,0.0,0.0,0.385,0.467,0.404,61.0,1.0,1069.0,0.8,0.965,0.041,0.015,0.005,0.099,0.038,0.901,248.0,29.4,14.8,,61.0,1.0,71.0,228.0,110.0,107.0,85.0,118.0,29.0,103.0,1069.0,248.0,0.385,0.901,0.404,0.584,0.402,0.929,0.071,0.598,,10.0,0.0,0.0,236.0,101.0,95.0,73.0,128.0,42.0,94.0,125.0,109.0,0.0,0.931,0.37,0.517,0.345,1.0,0.103,0.544,0.931,10.3,,0.0,-2.6,-1.5,9.1,0.1,0.103,10.0,0.0,125.0,-1.2,1.9,0.1,8.0,109.0,0.0,0.0,5.5,0.544,11.3,0.0,0.2,0.079,,0.0,3.0,2.0,0.0,10.0,0.0,0.0,2.0,19.0,125.0,-1.0,-7.8,0.0,0.0,26.0,7.0,67.0,109.0,0.0,0.0,0.0,0.8,0.0,4.1,11.2,0.37,3.7,,0.0,4.1,118.0,0.517,4.1,12.0,0.345,1.2,1.2,1.0,10.0,0.0,125.0,0.8,123.0,3.7,13.7,109.0,0.0,0.0,5.0,0.0,0.6,0.0,2.9,7.8,0.37,2.6,,0.0,2.9,0.517,2.9,8.4,0.345,0.9,0.9,1.0,10.0,0.0,125.0,0.6,2.6,9.5,109.0,0.0,0.0,3.5,0.0,0.2,0.0,1.0,2.7,0.37,0.9,,0.0,1.0,0.517,1.0,2.9,0.345,0.3,0.3,1.0,10.0,0.0,12.5,0.2,0.9,3.3,136.0,0.0,0.0,1.2,0.0,0.0,,0.333,0.111,24.9,0.0,0.0,0.345,0.0,0.0,,0.0,,0.37,10.0,0.0,125.0,,0.9,0.034,0.034,0.0,0.069,0.0,0.931,109.0,0.0,2.0,0.0,10.0,27.0,0.37,9.0,,0.0,10.0,0.517,10.0,29.0,0.345,3.0,3.0,1.0,10.0,0.0,125.0,2.0,9.0,33.0,117.0,0.0,0.0,12.0,0.0
sharpsh01,Shaedon Sharpe,https://www.basketball-reference.com/players/s/sharpsh01.html,2023-24,2024,20.0,POR,SG,SG,50.0,SG,32.0,25.0,1059.0,116.0,254.0,0.457,60.0,180.0,0.333,94.0,,12.0,118.0,0.475,176.0,434.0,0.406,98.0,119.0,0.824,42.0,88.0,510.0,218.0,28.0,72.0,160.0,0.0,3.6,7.9,0.457,1.9,5.6,0.333,2.9,,0.4,3.7,0.475,5.5,13.6,0.406,3.1,3.7,0.824,32.0,25.0,33.1,1.3,2.8,15.9,84.0,0.9,2.3,5.0,3.9,8.6,0.457,2.0,6.1,0.333,3.2,,0.4,4.0,0.475,6.0,14.8,0.406,3.3,4.0,0.824,32.0,25.0,1059.0,1.4,3.0,17.3,250.0,1.0,2.4,5.4,5.4,11.8,0.457,2.8,8.4,0.333,4.4,,0.6,5.5,119.0,0.475,8.2,20.2,0.406,4.6,5.5,0.824,32.0,25.0,1059.0,2.0,105.0,4.1,23.8,250.0,1.3,3.4,7.5,0.415,13.8,,1.0,-2.8,-0.9,13.3,0.6,0.274,32.0,25.0,1059.0,-1.9,4.2,-0.2,11.4,250.0,1.3,12.9,8.5,0.524,22.4,-0.2,0.5,0.022,,9,28,9,52,32,25,12,33,232,1059,-1.8,-10.7,0,0,5,18,77,250,39,20,3.0,0.0,,0.393,0.156,14.9,26.0,0.071,0.406,0.569,0.372,0.417,0.457,0.37,0.333,32.0,25.0,1059.0,0.466,0.717,0.235,0.099,0.083,0.585,0.168,0.415,250.0,-62.4,-54.2,,32.0,25.0,84.0,105.0,91.0,87.0,85.0,105.0,112.0,90.0,1059.0,250.0,0.457,0.415,0.333,0.475,0.406,0.824,0.274,0.524,,,,,,,,,,,,,,,,,,,,,,,,,,,,,,,,,,,,,,,,,,,,,,,,,,,,,,,,,,,,,,,,,,,,,,,,,,,,,,,,,,,,,,,,,,,,,,,,,,,,,,,,,,,,,,,,,,,,,,,,,,,,,,,,,,,,,,,,,,,,,,,,,,,,,,,,,,,,,,,,,,,,,,,,,,,,,,,,,,,,,,,,,,,,,,,,,,,,,,,,,,,,,
bantoda01,Dalano Banton,https://www.basketball-reference.com/players/b/bantoda01.html,2023-24,2024,24.0,2TM,PG,SG,51.0,SG,54.0,9.0,1047.0,143.0,301.0,0.475,59.0,199.0,0.296,127.0,,20.0,137.0,0.463,202.0,500.0,0.404,94.0,120.0,0.783,41.0,64.0,557.0,199.0,33.0,77.0,178.0,0.0,2.6,5.6,0.475,1.1,3.7,0.296,2.4,,0.4,2.5,0.463,3.7,9.3,0.404,1.7,2.2,0.783,54.0,9.0,19.4,0.8,1.2,10.3,171.0,0.6,1.4,3.3,4.9,10.3,0.475,2.0,6.8,0.296,4.4,,0.7,4.7,0.463,6.9,17.2,0.404,3.2,4.1,0.783,54.0,9.0,1047.0,1.4,2.2,19.2,255.0,1.1,2.6,6.1,6.7,14.2,0.475,2.8,9.4,0.296,6.0,,0.9,6.5,117.0,0.463,9.5,23.6,0.404,4.4,5.7,0.783,54.0,9.0,1047.0,1.9,103.0,3.0,26.3,255.0,1.6,3.6,8.4,0.398,19.4,,1.7,-1.3,-0.6,15.2,0.9,0.24,54.0,9.0,1047.0,-0.7,4.2,-0.4,13.3,255.0,1.6,12.2,9.5,0.504,25.7,0.2,0.5,0.024,,8,40,1,58,54,9,13,35,306,1047,-6.4,-11.2,0,0,41,1,57,255,47,19,0.0,0.0,,0.345,0.146,12.6,17.0,0.034,0.404,0.655,0.294,0.235,0.475,0.396,0.296,54.0,9.0,1047.0,0.336,0.847,0.232,0.068,0.034,0.602,0.268,0.398,255.0,-83.5,-84.3,,54.0,9.0,87.0,101.0,81.0,85.0,85.0,100.0,98.0,87.0,1047.0,255.0,0.475,0.398,0.296,0.463,0.404,0.783,0.24,0.504,,,,,,,,,,,,,,,,,,,,,,,,,,,,,,,,,,,,,,,,,,,,,,,,,,,,,,,,,,,,,,,,,,,,,,,,,,,,,,,,,,,,,,,,,,,,,,,,,,,,,,,,,,,,,,,,,,,,,,,,,,,,,,,,,,,,,,,,,,,,,,,,,,,,,,,,,,,,,,,,,,,,,,,,,,,,,,,,,,,,,,,,,,,,,,,,,,,,,,,,,,,,,
grimequ01,Quentin Grimes,https://www.basketball-reference.com/players/g/grimequ01.html,2023-24,2024,23.0,2TM,SG,SG,52.0,SG,51.0,18.0,1025.0,41.0,88.0,0.466,81.0,240.0,0.338,66.0,,7.0,85.0,0.495,122.0,328.0,0.372,34.0,45.0,0.756,15.0,75.0,359.0,264.0,35.0,28.0,100.0,0.0,0.8,1.7,0.466,1.6,4.7,0.338,1.3,,0.1,1.7,0.495,2.4,6.4,0.372,0.7,0.9,0.756,51.0,18.0,20.1,0.3,1.5,7.0,257.0,0.7,0.5,2.0,1.4,3.1,0.466,2.8,8.4,0.338,2.3,,0.2,3.0,0.495,4.3,11.5,0.372,1.2,1.6,0.756,51.0,18.0,1025.0,0.5,2.6,12.6,260.0,1.2,1.0,3.5,2.0,4.3,0.466,4.0,11.7,0.338,3.2,,0.3,4.2,116.0,0.495,6.0,16.0,0.372,1.7,2.2,0.756,51.0,18.0,1025.0,0.7,109.0,3.7,17.6,260.0,1.7,1.4,4.9,0.732,8.7,,0.6,-2.2,0.4,9.3,1.0,0.137,51.0,18.0,1025.0,-2.6,1.6,0.3,8.9,260.0,1.7,7.5,5.5,0.516,15.8,-0.1,1.3,0.06,,0,43,3,22,51,18,5,15,164,1025,-4.9,-0.8,0,1,0,17,82,260,14,9,0.0,0.0,,0.355,0.317,19.4,4.0,0.021,0.372,0.582,0.167,0.182,0.466,0.375,0.338,51.0,18.0,1025.0,0.732,0.963,0.168,0.018,0.034,0.268,0.049,0.732,260.0,-33.5,-44.4,,51.0,18.0,85.0,185.0,92.0,91.0,78.0,96.0,56.0,89.0,1025.0,260.0,0.466,0.732,0.338,0.495,0.372,0.756,0.137,0.516,,,,,,,,,,,,,,,,,,,,,,,,,,,,,,,,,,,,,,,,,,,,,,,,,,,,,,,,,,,,,,,,,,,,,,,,,,,,,,,,,,,,,,,,,,,,,,,,,,,,,,,,,,,,,,,,,,,,,,,,,,,,,,,,,,,,,,,,,,,,,,,,,,,,,,,,,,,,,,,,,,,,,,,,,,,,,,,,,,,,,,,,,,,,,,,,,,,,,,,,,,,,,
meltode01,De'Anthony Melton,https://www.basketball-reference.com/players/m/meltode01.html,2023-24,2024,25.0,PHI,SG,SG,53.0,SG,38.0,33.0,1023.0,62.0,146.0,0.425,77.0,214.0,0.36,114.0,,16.0,113.0,0.493,139.0,360.0,0.386,66.0,79.0,0.835,28.0,84.0,421.0,245.0,60.0,39.0,141.0,0.0,1.6,3.8,0.425,2.0,5.6,0.36,3.0,,0.4,3.0,0.493,3.7,9.5,0.386,1.7,2.1,0.835,38.0,33.0,26.9,0.7,2.2,11.1,152.0,1.6,1.0,3.7,2.2,5.1,0.425,2.7,7.5,0.36,4.0,,0.6,4.0,0.493,4.9,12.7,0.386,2.3,2.8,0.835,38.0,33.0,1023.0,1.0,3.0,14.8,261.0,2.1,1.4,5.0,3.0,7.0,0.425,3.7,10.3,0.36,5.5,,0.8,5.4,113.0,0.493,6.7,17.3,0.386,3.2,3.8,0.835,38.0,33.0,1023.0,1.3,113.0,4.0,20.3,261.0,2.9,1.9,6.8,0.594,15.4,,1.4,0.5,1.2,12.4,1.4,0.219,38.0,33.0,1023.0,-0.7,3.0,0.8,13.4,261.0,2.9,9.0,7.6,0.533,18.3,0.7,2.1,0.099,,3,33,2,30,38,33,7,22,261,1023,9.0,9.6,0,0,5,6,90,261,21,8,0.0,0.0,,0.342,0.178,17.6,10.0,0.028,0.386,0.538,0.273,0.333,0.425,0.345,0.36,38.0,33.0,1023.0,0.484,0.792,0.181,0.031,0.042,0.406,0.153,0.594,261.0,-38.5,-36.9,,38.0,33.0,78.0,151.0,98.0,90.0,81.0,107.0,90.0,92.0,1023.0,261.0,0.425,0.594,0.36,0.493,0.386,0.835,0.219,0.533,,1.0,0.0,,253.0,0.0,0.0,0.0,,0.0,0.0,7.0,203.0,,1.0,0.0,0.0,0.0,,0.0,0.0,1.0,18.9,,0.0,-13.9,-1.7,15.5,0.0,0.0,1.0,0.0,7.0,-12.2,0.0,0.0,-7.3,203.0,0.0,0.0,8.0,0.0,13.2,0.0,0.0,-0.234,,0.0,1.0,0.0,0.0,1.0,0.0,0.0,0.0,2.0,7.0,-5.1,-6.7,0.0,0.0,0.0,32.0,68.0,203.0,0.0,0.0,0.0,0.0,,0.0,15.1,0.0,7.5,,0.0,7.5,120.0,0.0,0.0,15.1,0.0,0.0,0.0,,1.0,0.0,7.0,0.0,34.0,7.5,0.0,203.0,0.0,0.0,7.5,0.0,0.0,,0.0,10.3,0.0,5.1,,0.0,5.1,0.0,0.0,10.3,0.0,0.0,0.0,,1.0,0.0,7.0,0.0,5.1,0.0,203.0,0.0,0.0,5.1,0.0,0.0,,0.0,2.0,0.0,1.0,,0.0,1.0,0.0,0.0,2.0,0.0,0.0,0.0,,1.0,0.0,7.0,0.0,1.0,0.0,205.0,0.0,0.0,1.0,0.0,0.0,,,0.0,26.5,0.0,0.0,0.0,,,,,,0.0,1.0,0.0,7.0,,,0.0,0.0,0.0,0.0,0.0,1.0,203.0,0.0,0.0,,0.0,2.0,0.0,1.0,,0.0,1.0,0.0,0.0,2.0,0.0,0.0,0.0,,1.0,0.0,7.0,0.0,1.0,0.0,205.0,0.0,0.0,1.0,0.0
walkelo01,Lonnie Walker IV,https://www.basketball-reference.com/players/w/walkelo01.html,2023-24,2024,25.0,BRK,SG,SG,54.0,SG,58.0,0.0,1011.0,104.0,221.0,0.471,104.0,271.0,0.384,74.0,,20.0,114.0,0.528,208.0,492.0,0.423,45.0,59.0,0.763,13.0,71.0,565.0,193.0,32.0,51.0,127.0,0.0,1.8,3.8,0.471,1.8,4.7,0.384,1.3,,0.3,2.0,0.528,3.6,8.5,0.423,0.8,1.0,0.763,58.0,0.0,17.4,0.2,1.2,9.7,191.0,0.6,0.9,2.2,3.7,7.9,0.471,3.7,9.6,0.384,2.6,,0.7,4.1,0.528,7.4,17.5,0.423,1.6,2.1,0.763,58.0,0.0,1011.0,0.5,2.5,20.1,263.0,1.1,1.8,4.5,5.1,10.8,0.471,5.1,13.3,0.384,3.6,,1.0,5.6,117.0,0.528,10.2,24.1,0.423,2.2,2.9,0.763,58.0,0.0,1011.0,0.6,105.0,3.5,27.7,263.0,1.6,2.5,6.2,0.551,11.5,,1.8,-1.4,-1.0,12.7,0.9,0.12,58.0,0.0,1011.0,-0.4,1.4,-0.1,13.1,263.0,1.6,9.0,6.9,0.545,24.4,0.2,0.8,0.038,,4,40,3,26,58,0,5,23,182,1011,4.3,0.2,0,0,20,13,67,263,17,14,1.0,0.0,,0.452,0.229,17.7,5.0,0.018,0.423,0.663,0.387,0.354,0.471,0.355,0.384,58.0,0.0,1011.0,0.462,0.712,0.163,0.063,0.098,0.449,0.126,0.551,263.0,-17.8,-35.8,,58.0,0.0,86.0,139.0,105.0,97.0,89.0,97.0,49.0,94.0,1011.0,263.0,0.471,0.551,0.384,0.528,0.423,0.763,0.12,0.545,,,,,,,,,,,,,,,,,,,,,,,,,,,,,,,,,,,,,,,,,,,,,,,,,,,,,,,,,,,,,,,,,,,,,,,,,,,,,,,,,,,,,,,,,,,,,,,,,,,,,,,,,,,,,,,,,,,,,,,,,,,,,,,,,,,,,,,,,,,,,,,,,,,,,,,,,,,,,,,,,,,,,,,,,,,,,,,,,,,,,,,,,,,,,,,,,,,,,,,,,,,,,
kennalu01,Luke Kennard,https://www.basketball-reference.com/players/k/kennalu01.html,2023-24,2024,27.0,MEM,SG,SG,55.0,SG,39.0,22.0,999.0,34.0,77.0,0.442,107.0,238.0,0.45,136.0,,2.0,102.0,0.617,141.0,315.0,0.448,40.0,45.0,0.889,11.0,39.0,429.0,238.0,20.0,54.0,113.0,0.0,0.9,2.0,0.442,2.7,6.1,0.45,3.5,,0.1,2.6,0.617,3.6,8.1,0.448,1.0,1.2,0.889,39.0,22.0,25.6,0.3,1.0,11.0,159.0,0.5,1.4,2.9,1.2,2.8,0.442,3.9,8.6,0.45,4.9,,0.1,3.7,0.617,5.1,11.4,0.448,1.4,1.6,0.889,39.0,22.0,999.0,0.4,1.4,15.5,267.0,0.7,1.9,4.1,1.7,3.8,0.442,5.2,11.6,0.45,6.7,,0.1,5.0,119.0,0.617,6.9,15.4,0.448,2.0,2.2,0.889,39.0,22.0,999.0,0.5,121.0,1.9,21.0,267.0,1.0,2.6,5.5,0.756,20.8,,0.2,-0.3,-0.9,11.6,0.7,0.143,39.0,22.0,999.0,0.6,1.2,1.4,13.1,267.0,1.0,13.9,6.2,0.641,16.7,0.4,2.1,0.099,,1,24,2,9,39,22,2,11,324,999,-3.6,-10.0,0,0,12,16,72,267,37,11,0.0,0.0,,0.393,0.118,21.8,0.0,0.0,0.448,0.684,0.44,0.375,0.442,0.235,0.45,39.0,22.0,999.0,0.765,0.944,0.06,0.079,0.051,0.244,0.054,0.756,267.0,44.7,40.6,,39.0,22.0,81.0,191.0,123.0,113.0,94.0,113.0,58.0,110.0,999.0,267.0,0.442,0.756,0.45,0.617,0.448,0.889,0.143,0.641,,,,,,,,,,,,,,,,,,,,,,,,,,,,,,,,,,,,,,,,,,,,,,,,,,,,,,,,,,,,,,,,,,,,,,,,,,,,,,,,,,,,,,,,,,,,,,,,,,,,,,,,,,,,,,,,,,,,,,,,,,,,,,,,,,,,,,,,,,,,,,,,,,,,,,,,,,,,,,,,,,,,,,,,,,,,,,,,,,,,,,,,,,,,,,,,,,,,,,,,,,,,,
mathega01,Garrison Mathews,https://www.basketball-reference.com/players/m/mathega01.html,2023-24,2024,27.0,ATL,SG,SG,56.0,SG,66.0,5.0,992.0,18.0,33.0,0.545,85.0,193.0,0.44,37.0,,8.0,75.0,0.644,103.0,226.0,0.456,34.0,42.0,0.81,17.0,115.0,325.0,278.0,20.0,19.0,92.0,0.0,0.3,0.5,0.545,1.3,2.9,0.44,0.6,,0.1,1.1,0.644,1.6,3.4,0.456,0.5,0.6,0.81,66.0,5.0,15.0,0.3,1.7,4.9,351.0,0.3,0.3,1.4,0.7,1.2,0.545,3.1,7.0,0.44,1.3,,0.3,2.7,0.644,3.7,8.2,0.456,1.2,1.5,0.81,66.0,5.0,992.0,0.6,4.2,11.8,268.0,0.7,0.7,3.3,0.9,1.6,0.545,4.1,9.3,0.44,1.8,,0.4,3.6,123.0,0.644,5.0,10.9,0.456,1.6,2.0,0.81,66.0,5.0,992.0,0.8,131.0,5.6,15.7,268.0,1.0,0.9,4.4,0.854,4.8,,0.7,-3.0,-0.9,8.6,0.2,0.186,66.0,5.0,992.0,-2.1,1.8,1.4,8.9,268.0,1.0,7.2,5.1,0.665,11.1,-0.2,1.6,0.077,,0,74,38,19,66,5,6,5,92,992,-2.6,-4.2,0,1,0,36,64,268,8,6,0.0,0.0,,0.459,0.316,22.6,0.0,0.0,0.456,0.8,0.583,0.75,0.545,0.0,0.44,66.0,5.0,992.0,0.722,0.976,0.044,0.053,0.018,0.146,0.031,0.854,268.0,44.0,41.4,,66.0,5.0,100.0,216.0,120.0,118.0,96.0,103.0,76.0,115.0,992.0,268.0,0.545,0.854,0.44,0.644,0.456,0.81,0.186,0.665,,,,,,,,,,,,,,,,,,,,,,,,,,,,,,,,,,,,,,,,,,,,,,,,,,,,,,,,,,,,,,,,,,,,,,,,,,,,,,,,,,,,,,,,,,,,,,,,,,,,,,,,,,,,,,,,,,,,,,,,,,,,,,,,,,,,,,,,,,,,,,,,,,,,,,,,,,,,,,,,,,,,,,,,,,,,,,,,,,,,,,,,,,,,,,,,,,,,,,,,,,,,,
hardyja02,Jaden Hardy,https://www.basketball-reference.com/players/h/hardyja02.html,2023-24,2024,21.0,DAL,SG,SG,57.0,SG,73.0,7.0,989.0,114.0,255.0,0.447,81.0,224.0,0.362,109.0,,4.0,111.0,0.492,195.0,479.0,0.407,59.0,76.0,0.776,20.0,80.0,530.0,208.0,22.0,62.0,131.0,0.0,1.6,3.5,0.447,1.1,3.1,0.362,1.5,,0.1,1.5,0.492,2.7,6.6,0.407,0.8,1.0,0.776,73.0,7.0,13.5,0.3,1.1,7.3,244.0,0.3,0.8,1.8,4.1,9.3,0.447,2.9,8.2,0.362,4.0,,0.1,4.0,0.492,7.1,17.4,0.407,2.1,2.8,0.776,73.0,7.0,989.0,0.7,2.9,19.3,269.0,0.8,2.3,4.8,5.5,12.4,0.447,3.9,10.9,0.362,5.3,,0.2,5.4,118.0,0.492,9.5,23.2,0.407,2.9,3.7,0.776,73.0,7.0,989.0,1.0,103.0,3.9,25.7,269.0,1.1,3.0,6.4,0.468,15.7,,0.4,-4.1,-2.1,12.2,0.7,0.159,73.0,7.0,989.0,-2.0,2.2,-0.4,11.2,269.0,1.1,10.8,7.2,0.517,24.9,-0.5,0.3,0.014,,8,44,12,35,73,7,7,28,261,989,-11.8,-6.7,0,0,13,18,69,269,32,19,4.0,0.0,,0.351,0.254,16.4,9.0,0.023,0.407,0.568,0.435,0.366,0.447,0.344,0.362,73.0,7.0,989.0,0.404,0.84,0.184,0.129,0.086,0.532,0.134,0.468,269.0,-52.6,-64.4,,73.0,7.0,82.0,118.0,99.0,90.0,86.0,99.0,65.0,89.0,989.0,269.0,0.447,0.468,0.362,0.492,0.407,0.776,0.159,0.517,,19.0,0.0,81.0,101.0,111.0,93.0,90.0,94.0,90.0,92.0,129.0,104.0,0.439,0.397,0.407,0.507,0.426,0.733,0.221,0.536,0.397,22.5,,0.0,1.0,0.0,11.5,0.1,0.221,19.0,0.0,129.0,1.0,1.8,0.1,16.1,104.0,1.2,8.6,6.7,0.536,28.8,0.1,0.3,0.095,,1.0,4.0,0.0,7.0,19.0,0.0,1.0,4.0,42.0,129.0,-13.0,-7.7,0.0,0.0,8.0,9.0,83.0,104.0,4.0,1.0,7.3,16.5,0.439,4.4,10.9,0.407,6.8,,0.0,5.2,115.0,0.507,11.7,27.4,0.426,4.4,6.0,0.733,19.0,0.0,129.0,0.8,112.0,5.2,32.2,104.0,1.2,2.8,6.0,5.0,11.4,0.439,3.1,7.5,0.407,4.7,,0.0,3.6,0.507,8.1,19.0,0.426,3.1,4.2,0.733,19.0,0.0,129.0,0.6,3.6,22.3,104.0,0.8,2.0,4.2,0.9,2.2,0.439,0.6,1.4,0.407,0.9,,0.0,0.7,0.507,1.5,3.6,0.426,0.6,0.8,0.733,19.0,0.0,6.8,0.1,0.7,4.2,124.0,0.2,0.4,0.8,0.0,0.0,,0.375,0.296,14.3,1.0,0.044,0.426,0.615,0.429,0.4,0.439,0.313,0.407,19.0,0.0,129.0,0.278,1.0,0.191,0.103,0.074,0.603,0.235,0.397,104.0,18.0,41.0,0.439,11.0,27.0,0.407,17.0,,0.0,13.0,0.507,29.0,68.0,0.426,11.0,15.0,0.733,19.0,0.0,129.0,2.0,13.0,80.0,72.0,3.0,7.0,15.0,0.0
reddica01,Cam Reddish,https://www.basketball-reference.com/players/r/reddica01.html,2023-24,2024,24.0,LAL,SF,SG,58.0,SG,48.0,26.0,984.0,54.0,124.0,0.435,37.0,110.0,0.336,48.0,,14.0,72.0,0.468,91.0,234.0,0.389,41.0,54.0,0.759,27.0,64.0,260.0,309.0,47.0,31.0,99.0,0.0,1.1,2.6,0.435,0.8,2.3,0.336,1.0,,0.3,1.5,0.468,1.9,4.9,0.389,0.9,1.1,0.759,48.0,26.0,20.5,0.6,1.3,5.4,322.0,1.0,0.6,2.1,2.0,4.5,0.435,1.4,4.0,0.336,1.8,,0.5,2.6,0.468,3.3,8.6,0.389,1.5,2.0,0.759,48.0,26.0,984.0,1.0,2.3,9.5,271.0,1.7,1.1,3.6,2.6,6.0,0.435,1.8,5.3,0.336,2.3,,0.7,3.5,116.0,0.468,4.4,11.3,0.389,2.0,2.6,0.759,48.0,26.0,984.0,1.3,102.0,3.1,12.6,271.0,2.3,1.5,4.8,0.47,6.0,,1.2,-3.2,0.8,7.7,0.9,0.231,48.0,26.0,984.0,-4.0,3.2,-0.3,7.7,271.0,2.3,10.7,5.6,0.504,12.7,-0.3,0.6,0.03,,2,35,3,23,48,26,2,18,111,984,-4.9,-3.2,0,2,3,36,58,271,8,18,0.0,0.0,,0.365,0.573,14.0,10.0,0.056,0.389,0.629,0.143,0.091,0.435,0.295,0.336,48.0,26.0,984.0,0.722,1.0,0.265,0.03,0.047,0.53,0.188,0.47,271.0,-36.8,-39.0,,48.0,26.0,80.0,119.0,92.0,86.0,82.0,97.0,94.0,87.0,984.0,271.0,0.435,0.47,0.336,0.468,0.389,0.759,0.231,0.504,,,,,,,,,,,,,,,,,,,,,,,,,,,,,,,,,,,,,,,,,,,,,,,,,,,,,,,,,,,,,,,,,,,,,,,,,,,,,,,,,,,,,,,,,,,,,,,,,,,,,,,,,,,,,,,,,,,,,,,,,,,,,,,,,,,,,,,,,,,,,,,,,,,,,,,,,,,,,,,,,,,,,,,,,,,,,,,,,,,,,,,,,,,,,,,,,,,,,,,,,,,,,
elliske01,Keon Ellis,https://www.basketball-reference.com/players/e/elliske01.html,2023-24,2024,24.0,SAC,SG,SG,59.0,SG,57.0,21.0,978.0,37.0,64.0,0.578,70.0,168.0,0.417,85.0,,29.0,92.0,0.612,107.0,232.0,0.461,26.0,35.0,0.743,32.0,112.0,310.0,286.0,51.0,37.0,124.0,0.0,0.6,1.1,0.578,1.2,2.9,0.417,1.5,,0.5,1.6,0.612,1.9,4.1,0.461,0.5,0.6,0.743,57.0,21.0,17.2,0.6,2.0,5.4,321.0,0.9,0.6,2.2,1.4,2.4,0.578,2.6,6.2,0.417,3.1,,1.1,3.4,0.612,3.9,8.5,0.461,1.0,1.3,0.743,57.0,21.0,978.0,1.2,4.1,11.4,273.0,1.9,1.4,4.6,1.8,3.2,0.578,3.5,8.3,0.417,4.2,,1.4,4.6,113.0,0.612,5.3,11.5,0.461,1.3,1.7,0.743,57.0,21.0,978.0,1.6,122.0,5.6,15.4,273.0,2.5,1.8,6.2,0.724,11.1,,2.7,1.2,2.1,10.8,1.2,0.151,57.0,21.0,978.0,-0.9,3.6,1.1,12.0,273.0,2.5,13.0,7.1,0.627,12.4,0.8,2.3,0.114,,2,63,8,12,57,21,2,6,212,978,5.5,5.5,0,0,13,24,63,273,22,8,1.0,0.0,,0.36,0.298,20.5,7.0,0.03,0.461,0.667,0.625,0.3,0.578,0.591,0.417,57.0,21.0,978.0,0.649,0.943,0.103,0.034,0.043,0.276,0.095,0.724,273.0,30.4,23.0,,57.0,21.0,106.0,183.0,114.0,112.0,97.0,95.0,62.0,108.0,978.0,273.0,0.578,0.724,0.417,0.612,0.461,0.743,0.151,0.627,,,,,,,,,,,,,,,,,,,,,,,,,,,,,,,,,,,,,,,,,,,,,,,,,,,,,,,,,,,,,,,,,,,,,,,,,,,,,,,,,,,,,,,,,,,,,,,,,,,,,,,,,,,,,,,,,,,,,,,,,,,,,,,,,,,,,,,,,,,,,,,,,,,,,,,,,,,,,,,,,,,,,,,,,,,,,,,,,,,,,,,,,,,,,,,,,,,,,,,,,,,,,
chrisma02,Max Christie,https://www.basketball-reference.com/players/c/chrisma02.html,2023-24,2024,20.0,LAL,SG,SG,60.0,SG,67.0,7.0,944.0,61.0,123.0,0.496,42.0,118.0,0.356,60.0,,17.0,127.0,0.515,103.0,241.0,0.427,36.0,46.0,0.783,15.0,57.0,284.0,298.0,20.0,35.0,142.0,0.0,0.9,1.8,0.496,0.6,1.8,0.356,0.9,,0.3,1.9,0.515,1.5,3.6,0.427,0.5,0.7,0.783,67.0,7.0,14.1,0.2,0.9,4.2,388.0,0.3,0.5,2.1,2.3,4.7,0.496,1.6,4.5,0.356,2.3,,0.6,4.8,0.515,3.9,9.2,0.427,1.4,1.8,0.783,67.0,7.0,944.0,0.6,2.2,10.8,277.0,0.8,1.3,5.4,3.1,6.2,0.496,2.1,5.9,0.356,3.0,,0.9,6.4,117.0,0.515,5.2,12.1,0.427,1.8,2.3,0.783,67.0,7.0,944.0,0.8,105.0,2.9,14.3,277.0,1.0,1.8,7.2,0.49,8.0,,1.6,-3.6,-0.4,14.2,0.8,0.191,67.0,7.0,944.0,-3.2,1.9,-0.1,8.4,277.0,1.0,11.8,8.4,0.544,13.6,-0.4,0.7,0.036,,4,33,1,19,67,7,2,21,152,944,-1.2,-0.5,0,0,10,17,74,277,26,5,1.0,0.0,,0.449,0.415,16.3,16.0,0.075,0.427,0.6,0.533,0.533,0.496,0.342,0.356,67.0,7.0,944.0,0.639,0.976,0.166,0.124,0.062,0.51,0.158,0.49,277.0,-15.4,-19.0,,67.0,7.0,91.0,124.0,97.0,94.0,90.0,100.0,78.0,94.0,944.0,277.0,0.496,0.49,0.356,0.515,0.427,0.783,0.191,0.544,,,,,,,,,,,,,,,,,,,,,,,,,,,,,,,,,,,,,,,,,,,,,,,,,,,,,,,,,,,,,,,,,,,,,,,,,,,,,,,,,,,,,,,,,,,,,,,,,,,,,,,,,,,,,,,,,,,,,,,,,,,,,,,,,,,,,,,,,,,,,,,,,,,,,,,,,,,,,,,,,,,,,,,,,,,,,,,,,,,,,,,,,,,,,,,,,,,,,,,,,,,,,
mcgowbr01,Bryce McGowens,https://www.basketball-reference.com/players/m/mcgowbr01.html,2023-24,2024,21.0,CHO,SG,SG,61.0,SG,59.0,14.0,882.0,67.0,128.0,0.523,34.0,102.0,0.333,51.0,,10.0,85.0,0.513,101.0,230.0,0.439,66.0,85.0,0.776,17.0,74.0,302.0,289.0,21.0,30.0,102.0,0.0,1.1,2.2,0.523,0.6,1.7,0.333,0.9,,0.2,1.4,0.513,1.7,3.9,0.439,1.1,1.4,0.776,59.0,14.0,14.9,0.3,1.3,5.1,340.0,0.4,0.5,1.7,2.7,5.2,0.523,1.4,4.2,0.333,2.1,,0.4,3.5,0.513,4.1,9.4,0.439,2.7,3.5,0.776,59.0,14.0,882.0,0.7,3.0,12.3,285.0,0.9,1.2,4.2,3.7,7.2,0.523,1.9,5.7,0.333,2.9,,0.6,4.8,122.0,0.513,5.7,12.9,0.439,3.7,4.8,0.776,59.0,14.0,882.0,1.0,111.0,4.1,16.9,285.0,1.2,1.7,5.7,0.443,8.1,,1.1,-4.9,-1.1,11.2,0.3,0.37,59.0,14.0,882.0,-3.7,2.1,0.4,9.3,285.0,1.2,10.1,6.5,0.565,14.9,-0.6,0.6,0.034,,3,38,10,45,59,14,9,16,124,882,-3.5,-13.3,0,1,5,34,61,285,15,5,0.0,0.0,,0.41,0.382,13.9,7.0,0.03,0.439,0.58,0.571,0.273,0.523,0.488,0.333,59.0,14.0,882.0,0.493,0.971,0.3,0.03,0.048,0.557,0.178,0.443,285.0,-15.4,-8.2,,59.0,14.0,96.0,112.0,91.0,94.0,93.0,99.0,151.0,97.0,882.0,285.0,0.523,0.443,0.333,0.513,0.439,0.776,0.37,0.565,,,,,,,,,,,,,,,,,,,,,,,,,,,,,,,,,,,,,,,,,,,,,,,,,,,,,,,,,,,,,,,,,,,,,,,,,,,,,,,,,,,,,,,,,,,,,,,,,,,,,,,,,,,,,,,,,,,,,,,,,,,,,,,,,,,,,,,,,,,,,,,,,,,,,,,,,,,,,,,,,,,,,,,,,,,,,,,,,,,,,,,,,,,,,,,,,,,,,,,,,,,,,
weslebl01,Blake Wesley,https://www.basketball-reference.com/players/w/weslebl01.html,2023-24,2024,20.0,SAS,SG,SG,62.0,SG,61.0,3.0,876.0,90.0,160.0,0.563,12.0,55.0,0.218,166.0,,9.0,76.0,0.502,102.0,215.0,0.474,52.0,78.0,0.667,18.0,89.0,268.0,307.0,29.0,55.0,94.0,0.0,1.5,2.6,0.563,0.2,0.9,0.218,2.7,,0.1,1.2,0.502,1.7,3.5,0.474,0.9,1.3,0.667,61.0,3.0,14.4,0.3,1.5,4.4,378.0,0.5,0.9,1.5,3.7,6.6,0.563,0.5,2.3,0.218,6.8,,0.4,3.1,0.502,4.2,8.8,0.474,2.1,3.2,0.667,61.0,3.0,876.0,0.7,3.7,11.0,288.0,1.2,2.3,3.9,4.9,8.7,0.563,0.7,3.0,0.218,9.0,,0.5,4.1,118.0,0.502,5.5,11.7,0.474,2.8,4.2,0.667,61.0,3.0,876.0,1.0,110.0,4.8,14.5,288.0,1.6,3.0,5.1,0.256,25.3,,0.9,-4.0,0.1,9.5,0.6,0.363,61.0,3.0,876.0,-4.0,2.2,0.3,10.1,288.0,1.6,18.1,5.8,0.537,14.7,-0.4,0.9,0.05,,3,51,0,41,61,3,6,15,415,876,-1.9,-7.9,0,0,37,6,57,288,38,9,2.0,0.0,,0.412,0.309,9.8,22.0,0.116,0.474,0.624,0.267,0.2,0.563,0.574,0.218,61.0,3.0,876.0,0.556,1.0,0.433,0.07,0.023,0.744,0.219,0.256,288.0,-19.0,-21.2,,61.0,3.0,103.0,65.0,60.0,92.0,100.0,85.0,148.0,93.0,876.0,288.0,0.563,0.256,0.218,0.502,0.474,0.667,0.363,0.537,,,,,,,,,,,,,,,,,,,,,,,,,,,,,,,,,,,,,,,,,,,,,,,,,,,,,,,,,,,,,,,,,,,,,,,,,,,,,,,,,,,,,,,,,,,,,,,,,,,,,,,,,,,,,,,,,,,,,,,,,,,,,,,,,,,,,,,,,,,,,,,,,,,,,,,,,,,,,,,,,,,,,,,,,,,,,,,,,,,,,,,,,,,,,,,,,,,,,,,,,,,,,
holidju01,Justin Holiday,https://www.basketball-reference.com/players/h/holidju01.html,2023-24,2024,34.0,DEN,SG,SG,63.0,SG,58.0,9.0,862.0,33.0,58.0,0.569,55.0,136.0,0.404,67.0,,9.0,62.0,0.595,88.0,194.0,0.454,3.0,4.0,0.75,9.0,69.0,234.0,322.0,36.0,14.0,71.0,0.0,0.6,1.0,0.569,0.9,2.3,0.404,1.2,,0.2,1.1,0.595,1.5,3.3,0.454,0.1,0.1,0.75,58.0,9.0,14.9,0.2,1.2,4.0,400.0,0.6,0.2,1.2,1.4,2.4,0.569,2.3,5.7,0.404,2.8,,0.4,2.6,0.595,3.7,8.1,0.454,0.1,0.2,0.75,58.0,9.0,862.0,0.4,2.9,9.8,293.0,1.5,0.6,3.0,1.9,3.3,0.569,3.2,7.8,0.404,3.9,,0.5,3.6,115.0,0.595,5.1,11.2,0.454,0.2,0.2,0.75,58.0,9.0,862.0,0.5,124.0,4.0,13.5,293.0,2.1,0.8,4.1,0.701,9.5,,0.9,-1.6,0.9,7.8,0.9,0.021,58.0,9.0,862.0,-2.5,1.2,0.9,9.7,293.0,2.1,6.7,4.6,0.598,10.6,0.1,1.8,0.101,,1,45,2,2,58,9,0,4,156,862,-3.2,3.1,0,0,9,3,89,293,10,3,0.0,0.0,,0.5,0.485,19.9,10.0,0.057,0.454,0.692,0.75,0.455,0.569,0.333,0.404,58.0,9.0,862.0,0.788,0.964,0.134,0.021,0.113,0.299,0.031,0.701,293.0,18.9,6.9,,58.0,9.0,104.0,178.0,111.0,109.0,96.0,96.0,8.0,103.0,862.0,293.0,0.569,0.701,0.404,0.595,0.454,0.75,0.021,0.598,,12.0,0.0,0.0,210.0,104.0,86.0,66.0,64.0,47.0,82.0,150.0,95.0,0.0,0.829,0.379,0.471,0.314,0.5,0.114,0.476,0.829,3.6,,0.0,-3.9,0.9,14.8,0.2,0.114,12.0,0.0,150.0,-4.8,0.7,-0.1,5.3,95.0,2.1,7.5,7.6,0.476,12.2,-0.1,0.1,0.021,,0.0,7.0,2.0,1.0,12.0,0.0,0.0,2.0,11.0,150.0,14.2,8.0,0.0,0.0,0.0,1.0,98.0,95.0,1.0,0.0,0.0,2.1,0.0,3.8,10.0,0.379,1.4,,0.0,6.6,113.0,0.471,3.8,12.1,0.314,0.7,1.4,0.5,12.0,0.0,150.0,0.3,94.0,5.5,12.1,95.0,2.1,1.0,6.9,0.0,1.4,0.0,2.6,7.0,0.379,1.0,,0.0,4.6,0.471,2.6,8.4,0.314,0.5,1.0,0.5,12.0,0.0,150.0,0.2,3.8,8.4,95.0,1.4,0.7,4.8,0.0,0.5,0.0,0.9,2.4,0.379,0.3,,0.0,1.6,0.471,0.9,2.9,0.314,0.2,0.3,0.5,12.0,0.0,12.5,0.1,1.3,2.9,144.0,0.5,0.3,1.7,0.0,0.0,,0.438,0.552,21.6,0.0,0.0,0.314,0.0,0.0,0.0,0.0,0.0,0.379,12.0,0.0,150.0,,1.0,0.029,0.029,0.029,0.171,0.086,0.829,95.0,0.0,6.0,0.0,11.0,29.0,0.379,4.0,,0.0,19.0,0.471,11.0,35.0,0.314,2.0,4.0,0.5,12.0,0.0,150.0,1.0,16.0,35.0,116.0,6.0,3.0,20.0,0.0
sheppbe01,Ben Sheppard,https://www.basketball-reference.com/players/s/sheppbe01.html,2023-24,2024,22.0,IND,SG,SG,64.0,SG,57.0,1.0,814.0,41.0,73.0,0.562,49.0,156.0,0.314,53.0,,2.0,74.0,0.5,90.0,229.0,0.393,23.0,26.0,0.885,15.0,88.0,252.0,314.0,33.0,15.0,89.0,0.0,0.7,1.3,0.562,0.9,2.7,0.314,0.9,,0.0,1.3,0.5,1.6,4.0,0.393,0.4,0.5,0.885,57.0,1.0,14.3,0.3,1.5,4.4,377.0,0.6,0.3,1.6,1.8,3.2,0.562,2.2,6.9,0.314,2.3,,0.1,3.3,0.5,4.0,10.1,0.393,1.0,1.1,0.885,57.0,1.0,814.0,0.7,3.9,11.1,301.0,1.5,0.7,3.9,2.4,4.2,0.562,2.8,9.0,0.314,3.1,,0.1,4.3,120.0,0.5,5.2,13.3,0.393,1.3,1.5,0.885,57.0,1.0,814.0,0.9,112.0,5.1,14.6,301.0,1.9,0.9,5.2,0.681,7.5,,0.2,-3.4,-0.1,10.3,0.4,0.114,57.0,1.0,814.0,-3.3,2.1,0.3,8.1,301.0,1.9,5.9,6.2,0.524,13.2,-0.3,0.8,0.046,,3,50,5,10,57,1,3,14,124,814,3.0,5.4,0,0,10,23,68,301,8,3,0.0,0.0,,0.38,0.506,18.1,5.0,0.026,0.393,0.676,0.5,1.0,0.562,0.385,0.314,57.0,1.0,814.0,0.659,0.98,0.162,0.035,0.009,0.319,0.114,0.681,301.0,-21.3,-26.9,,57.0,1.0,103.0,173.0,86.0,91.0,83.0,113.0,46.0,90.0,814.0,301.0,0.562,0.681,0.314,0.5,0.393,0.885,0.114,0.524,,17.0,2.0,105.0,178.0,104.0,104.0,92.0,99.0,52.0,101.0,335.0,46.0,0.571,0.704,0.38,0.57,0.437,0.778,0.127,0.587,0.704,6.1,,0.3,-2.5,0.0,14.1,0.1,0.127,17.0,2.0,335.0,-2.5,3.6,0.2,8.3,46.0,1.2,12.8,8.9,0.587,11.6,0.0,0.3,0.042,,1.0,20.0,1.0,5.0,17.0,2.0,3.0,6.0,38.0,335.0,7.5,5.5,0.0,0.0,2.0,48.0,51.0,46.0,7.0,1.0,1.8,3.2,0.571,2.9,7.6,0.38,2.6,,0.2,6.3,120.0,0.57,4.7,10.9,0.437,1.1,1.4,0.778,17.0,2.0,335.0,1.5,114.0,4.9,13.5,46.0,1.2,1.7,7.8,1.3,2.3,0.571,2.0,5.4,0.38,1.8,,0.1,4.4,0.57,3.3,7.6,0.437,0.8,1.0,0.778,17.0,2.0,335.0,1.1,3.4,9.5,46.0,0.9,1.2,5.5,0.7,1.2,0.571,1.1,2.9,0.38,1.0,,0.1,2.4,0.57,1.8,4.2,0.437,0.4,0.5,0.778,17.0,2.0,19.7,0.6,1.9,5.2,114.0,0.5,0.6,3.0,0.0,0.0,,0.375,0.64,18.2,0.0,0.014,0.437,0.667,1.0,0.0,0.571,0.25,0.38,17.0,2.0,335.0,0.75,0.947,0.211,0.014,0.014,0.296,0.056,0.704,46.0,12.0,21.0,0.571,19.0,50.0,0.38,17.0,,1.0,41.0,0.57,31.0,71.0,0.437,7.0,9.0,0.778,17.0,2.0,335.0,10.0,32.0,88.0,67.0,8.0,11.0,51.0,0.0
martico01,Cody Martin,https://www.basketball-reference.com/players/m/martico01.html,2023-24,2024,28.0,CHO,SF,SG,65.0,SG,28.0,22.0,753.0,55.0,129.0,0.426,27.0,86.0,0.314,104.0,,18.0,90.0,0.444,82.0,215.0,0.381,20.0,33.0,0.606,19.0,48.0,211.0,338.0,32.0,44.0,109.0,0.0,2.0,4.6,0.426,1.0,3.1,0.314,3.7,,0.6,3.2,0.444,2.9,7.7,0.381,0.7,1.2,0.606,28.0,22.0,26.9,0.7,1.7,7.5,240.0,1.1,1.6,3.9,2.6,6.2,0.426,1.3,4.1,0.314,5.0,,0.9,4.3,0.444,3.9,10.3,0.381,1.0,1.6,0.606,28.0,22.0,753.0,0.9,2.3,10.1,308.0,1.5,2.1,5.2,3.6,8.5,0.426,1.8,5.6,0.314,6.8,,1.2,5.9,118.0,0.444,5.4,14.1,0.381,1.3,2.2,0.606,28.0,22.0,753.0,1.2,96.0,3.1,13.8,308.0,2.1,2.9,7.1,0.4,19.1,,2.2,-3.5,0.6,13.9,0.5,0.153,28.0,22.0,753.0,-4.1,2.8,-0.7,9.2,308.0,2.1,16.1,8.1,0.46,16.1,-0.3,-0.2,-0.012,,0,30,8,17,28,22,4,19,249,753,1.4,-9.5,0,0,13,24,63,308,26,15,0.0,0.0,,0.355,0.36,14.8,5.0,0.033,0.381,0.667,0.381,0.077,0.426,0.382,0.314,28.0,22.0,753.0,0.436,0.704,0.223,0.098,0.121,0.6,0.158,0.4,308.0,-44.0,-55.2,,28.0,22.0,78.0,101.0,86.0,81.0,80.0,77.0,63.0,79.0,753.0,308.0,0.426,0.4,0.314,0.444,0.381,0.606,0.153,0.46,,,,,,,,,,,,,,,,,,,,,,,,,,,,,,,,,,,,,,,,,,,,,,,,,,,,,,,,,,,,,,,,,,,,,,,,,,,,,,,,,,,,,,,,,,,,,,,,,,,,,,,,,,,,,,,,,,,,,,,,,,,,,,,,,,,,,,,,,,,,,,,,,,,,,,,,,,,,,,,,,,,,,,,,,,,,,,,,,,,,,,,,,,,,,,,,,,,,,,,,,,,,,
smithni01,Nick Smith Jr.,https://www.basketball-reference.com/players/s/smithni01.html,2023-24,2024,19.0,CHO,SG,SG,66.0,SG,51.0,0.0,729.0,50.0,143.0,0.35,63.0,146.0,0.432,59.0,,7.0,54.0,0.5,113.0,289.0,0.391,13.0,15.0,0.867,18.0,55.0,302.0,290.0,10.0,39.0,72.0,0.0,1.0,2.8,0.35,1.2,2.9,0.432,1.2,,0.1,1.1,0.5,2.2,5.7,0.391,0.3,0.3,0.867,51.0,0.0,14.3,0.4,1.1,5.9,303.0,0.2,0.8,1.4,2.5,7.1,0.35,3.1,7.2,0.432,2.9,,0.3,2.7,0.5,5.6,14.3,0.391,0.6,0.7,0.867,51.0,0.0,729.0,0.9,2.7,14.9,313.0,0.5,1.9,3.6,3.4,9.7,0.35,4.3,9.9,0.432,4.0,,0.5,3.7,124.0,0.5,7.6,19.6,0.391,0.9,1.0,0.867,51.0,0.0,729.0,1.2,98.0,3.7,20.4,313.0,0.7,2.6,4.9,0.505,12.0,,0.9,-5.9,-2.8,8.6,0.1,0.052,51.0,0.0,729.0,-3.1,2.7,-0.6,8.1,313.0,0.7,11.7,5.5,0.511,20.3,-0.7,-0.5,-0.036,,2,30,3,7,51,0,1,12,149,729,-4.1,-14.0,0,0,39,5,56,313,23,8,1.0,0.0,,0.559,0.233,18.5,2.0,0.007,0.391,0.385,0.4,0.189,0.35,0.425,0.432,51.0,0.0,729.0,0.38,0.841,0.09,0.138,0.128,0.495,0.138,0.505,313.0,-26.9,-40.9,,51.0,0.0,64.0,128.0,118.0,91.0,82.0,111.0,21.0,88.0,729.0,313.0,0.35,0.505,0.432,0.5,0.391,0.867,0.052,0.511,,,,,,,,,,,,,,,,,,,,,,,,,,,,,,,,,,,,,,,,,,,,,,,,,,,,,,,,,,,,,,,,,,,,,,,,,,,,,,,,,,,,,,,,,,,,,,,,,,,,,,,,,,,,,,,,,,,,,,,,,,,,,,,,,,,,,,,,,,,,,,,,,,,,,,,,,,,,,,,,,,,,,,,,,,,,,,,,,,,,,,,,,,,,,,,,,,,,,,,,,,,,,
shamela01,Landry Shamet,https://www.basketball-reference.com/players/s/shamela01.html,2023-24,2024,26.0,WAS,SG,SG,67.0,SG,46.0,5.0,726.0,65.0,117.0,0.556,53.0,157.0,0.338,54.0,,10.0,46.0,0.527,118.0,274.0,0.431,38.0,46.0,0.826,16.0,76.0,327.0,277.0,25.0,30.0,62.0,0.0,1.4,2.5,0.556,1.2,3.4,0.338,1.2,,0.2,1.0,0.527,2.6,6.0,0.431,0.8,1.0,0.826,46.0,5.0,15.8,0.3,1.7,7.1,253.0,0.5,0.7,1.3,3.2,5.8,0.556,2.6,7.8,0.338,2.7,,0.5,2.3,0.527,5.9,13.6,0.431,1.9,2.3,0.826,46.0,5.0,726.0,0.8,3.8,16.2,314.0,1.2,1.5,3.1,4.2,7.5,0.556,3.4,10.1,0.338,3.5,,0.6,3.0,122.0,0.527,7.6,17.6,0.431,2.4,3.0,0.826,46.0,5.0,726.0,1.0,107.0,4.9,21.1,314.0,1.6,1.9,4.0,0.573,10.2,,1.1,-4.0,-1.3,6.9,0.2,0.168,46.0,5.0,726.0,-2.7,2.3,0.1,10.5,314.0,1.6,9.3,4.6,0.556,18.8,-0.4,0.3,0.022,,2,39,7,24,46,5,11,21,136,726,-0.2,-9.4,0,0,36,1,64,314,16,9,0.0,0.0,,0.419,0.274,17.8,8.0,0.044,0.431,0.69,0.55,0.556,0.556,0.405,0.338,46.0,5.0,726.0,0.738,0.925,0.153,0.073,0.066,0.427,0.135,0.573,314.0,-10.5,-14.3,,46.0,5.0,102.0,145.0,92.0,96.0,91.0,105.0,69.0,96.0,726.0,314.0,0.556,0.573,0.338,0.527,0.431,0.826,0.168,0.556,,,,,,,,,,,,,,,,,,,,,,,,,,,,,,,,,,,,,,,,,,,,,,,,,,,,,,,,,,,,,,,,,,,,,,,,,,,,,,,,,,,,,,,,,,,,,,,,,,,,,,,,,,,,,,,,,,,,,,,,,,,,,,,,,,,,,,,,,,,,,,,,,,,,,,,,,,,,,,,,,,,,,,,,,,,,,,,,,,,,,,,,,,,,,,,,,,,,,,,,,,,,,
paytoga02,Gary Payton II,https://www.basketball-reference.com/players/p/paytoga02.html,2023-24,2024,31.0,GSW,SG,SG,68.0,SG,44.0,0.0,680.0,83.0,128.0,0.648,20.0,55.0,0.364,48.0,,18.0,67.0,0.617,103.0,183.0,0.563,14.0,23.0,0.609,46.0,77.0,240.0,320.0,39.0,27.0,113.0,0.0,1.9,2.9,0.648,0.5,1.3,0.364,1.1,,0.4,1.5,0.617,2.3,4.2,0.563,0.3,0.5,0.609,44.0,0.0,15.5,1.0,1.8,5.5,317.0,0.9,0.6,2.6,4.4,6.8,0.648,1.1,2.9,0.364,2.5,,1.0,3.5,0.617,5.5,9.7,0.563,0.7,1.2,0.609,44.0,0.0,680.0,2.4,4.1,12.7,322.0,2.1,1.4,6.0,5.9,9.1,0.648,1.4,3.9,0.364,3.4,,1.3,4.8,113.0,0.617,7.3,13.0,0.563,1.0,1.6,0.609,44.0,0.0,680.0,3.3,123.0,5.5,17.1,322.0,2.8,1.9,8.0,0.301,9.4,,2.4,0.9,2.2,10.5,0.9,0.126,44.0,0.0,680.0,-1.3,7.4,0.9,13.9,322.0,2.8,12.3,9.0,0.621,13.6,0.5,1.8,0.125,,6,39,2,11,44,0,3,12,119,680,5.7,7.5,0,0,8,15,78,322,12,6,0.0,0.0,,0.343,0.636,9.4,20.0,0.126,0.563,0.718,0.0,,0.648,0.571,0.364,44.0,0.0,680.0,0.819,1.0,0.388,0.005,0.0,0.699,0.306,0.301,322.0,26.0,16.0,,44.0,0.0,119.0,76.0,99.0,113.0,119.0,78.0,51.0,107.0,680.0,322.0,0.648,0.301,0.364,0.617,0.563,0.609,0.126,0.621,,,,,,,,,,,,,,,,,,,,,,,,,,,,,,,,,,,,,,,,,,,,,,,,,,,,,,,,,,,,,,,,,,,,,,,,,,,,,,,,,,,,,,,,,,,,,,,,,,,,,,,,,,,,,,,,,,,,,,,,,,,,,,,,,,,,,,,,,,,,,,,,,,,,,,,,,,,,,,,,,,,,,,,,,,,,,,,,,,,,,,,,,,,,,,,,,,,,,,,,,,,,,
ruperra01,Rayan Rupert,https://www.basketball-reference.com/players/r/ruperra01.html,2023-24,2024,19.0,POR,SG,SG,69.0,SG,39.0,12.0,633.0,26.0,83.0,0.313,28.0,78.0,0.359,62.0,,3.0,68.0,0.422,54.0,161.0,0.335,19.0,25.0,0.76,24.0,56.0,155.0,369.0,12.0,31.0,92.0,0.0,0.7,2.1,0.313,0.7,2.0,0.359,1.6,,0.1,1.7,0.422,1.4,4.1,0.335,0.5,0.6,0.76,39.0,12.0,16.2,0.6,1.4,4.0,404.0,0.3,0.8,2.4,1.5,4.7,0.313,1.6,4.4,0.359,3.5,,0.2,3.9,0.422,3.1,9.2,0.335,1.1,1.4,0.76,39.0,12.0,633.0,1.4,3.2,8.8,328.0,0.7,1.8,5.2,2.0,6.5,0.313,2.2,6.1,0.359,4.8,,0.2,5.3,120.0,0.422,4.2,12.6,0.335,1.5,2.0,0.76,39.0,12.0,633.0,1.9,98.0,4.4,12.1,328.0,0.9,2.4,7.2,0.484,13.5,,0.4,-6.7,-1.2,12.8,0.3,0.155,39.0,12.0,633.0,-5.6,4.0,-0.4,5.8,328.0,0.9,15.3,8.1,0.451,13.6,-0.8,-0.1,-0.009,,3,38,3,11,39,12,1,21,154,633,-1.2,-10.4,0,0,5,43,51,328,14,11,0.0,0.0,,0.37,0.346,15.2,2.0,0.012,0.335,0.478,0.133,0.0,0.313,0.295,0.359,39.0,12.0,633.0,0.538,0.857,0.143,0.093,0.006,0.516,0.273,0.484,328.0,-40.0,-44.5,,39.0,12.0,57.0,123.0,98.0,77.0,71.0,97.0,64.0,78.0,633.0,328.0,0.313,0.484,0.359,0.422,0.335,0.76,0.155,0.451,,,,,,,,,,,,,,,,,,,,,,,,,,,,,,,,,,,,,,,,,,,,,,,,,,,,,,,,,,,,,,,,,,,,,,,,,,,,,,,,,,,,,,,,,,,,,,,,,,,,,,,,,,,,,,,,,,,,,,,,,,,,,,,,,,,,,,,,,,,,,,,,,,,,,,,,,,,,,,,,,,,,,,,,,,,,,,,,,,,,,,,,,,,,,,,,,,,,,,,,,,,,,
curryse01,Seth Curry,https://www.basketball-reference.com/players/c/curryse01.html,2023-24,2024,33.0,2TM,SG,SG,70.0,SG,44.0,4.0,616.0,42.0,96.0,0.438,38.0,108.0,0.352,44.0,,6.0,50.0,0.485,80.0,204.0,0.392,28.0,31.0,0.903,18.0,39.0,226.0,326.0,22.0,21.0,68.0,0.0,1.0,2.2,0.438,0.9,2.5,0.352,1.0,,0.1,1.1,0.485,1.8,4.6,0.392,0.6,0.7,0.903,44.0,4.0,14.0,0.4,0.9,5.1,338.0,0.5,0.5,1.5,2.5,5.6,0.438,2.2,6.3,0.352,2.6,,0.4,2.9,0.485,4.7,11.9,0.392,1.6,1.8,0.903,44.0,4.0,616.0,1.1,2.3,13.2,332.0,1.3,1.2,4.0,3.3,7.5,0.438,3.0,8.5,0.352,3.5,,0.5,3.9,118.0,0.485,6.3,16.0,0.392,2.2,2.4,0.903,44.0,4.0,616.0,1.4,107.0,3.1,17.7,332.0,1.7,1.6,5.3,0.529,9.7,,0.9,-3.3,-0.6,9.0,0.4,0.152,44.0,4.0,616.0,-2.6,3.2,0.1,9.9,332.0,1.7,8.8,6.1,0.519,16.8,-0.2,0.5,0.04,,3,16,7,12,44,4,6,9,107,616,5.0,3.3,0,0,30,13,57,332,10,4,1.0,0.0,,0.457,0.324,19.5,0.0,0.0,0.392,0.833,0.133,0.396,0.438,0.524,0.352,44.0,4.0,616.0,0.5,0.868,0.059,0.074,0.235,0.471,0.103,0.529,332.0,-25.0,-26.5,,44.0,4.0,80.0,134.0,96.0,89.0,83.0,115.0,62.0,90.0,616.0,332.0,0.438,0.529,0.352,0.485,0.392,0.903,0.152,0.519,,,,,,,,,,,,,,,,,,,,,,,,,,,,,,,,,,,,,,,,,,,,,,,,,,,,,,,,,,,,,,,,,,,,,,,,,,,,,,,,,,,,,,,,,,,,,,,,,,,,,,,,,,,,,,,,,,,,,,,,,,,,,,,,,,,,,,,,,,,,,,,,,,,,,,,,,,,,,,,,,,,,,,,,,,,,,,,,,,,,,,,,,,,,,,,,,,,,,,,,,,,,,
greenaj01,A.J. Green,https://www.basketball-reference.com/players/g/greenaj01.html,2023-24,2024,24.0,MIL,SG,SG,71.0,SG,56.0,0.0,614.0,14.0,27.0,0.519,69.0,169.0,0.408,30.0,,4.0,55.0,0.599,83.0,196.0,0.423,17.0,19.0,0.895,9.0,49.0,252.0,313.0,9.0,12.0,64.0,0.0,0.3,0.5,0.519,1.2,3.0,0.408,0.5,,0.1,1.0,0.599,1.5,3.5,0.423,0.3,0.3,0.895,56.0,0.0,11.0,0.2,0.9,4.5,363.0,0.2,0.2,1.1,0.8,1.6,0.519,4.0,9.9,0.408,1.8,,0.2,3.2,0.599,4.9,11.5,0.423,1.0,1.1,0.895,56.0,0.0,614.0,0.5,2.9,14.8,333.0,0.5,0.7,3.8,1.1,2.1,0.519,5.4,13.2,0.408,2.3,,0.3,4.3,120.0,0.599,6.5,15.3,0.423,1.3,1.5,0.895,56.0,0.0,614.0,0.7,122.0,3.8,19.7,333.0,0.7,0.9,5.0,0.862,6.4,,0.6,-2.1,-1.7,9.6,0.3,0.097,56.0,0.0,614.0,-0.4,1.6,0.7,10.5,333.0,0.7,5.5,5.7,0.617,15.2,0.0,1.1,0.084,,0,24,8,4,56,0,2,3,72,614,2.3,4.8,0,0,20,15,65,333,7,3,0.0,0.0,,0.447,0.225,24.1,0.0,0.0,0.423,1.0,0.333,0.5,0.519,0.25,0.408,56.0,0.0,614.0,0.857,0.942,0.026,0.031,0.061,0.138,0.02,0.862,333.0,20.8,14.9,,56.0,0.0,95.0,218.0,112.0,110.0,89.0,114.0,40.0,106.0,614.0,333.0,0.519,0.862,0.408,0.599,0.423,0.895,0.097,0.617,,6.0,0.0,147.0,174.0,50.0,80.0,79.0,128.0,77.0,85.0,67.0,136.0,0.8,0.688,0.182,0.438,0.375,1.0,0.188,0.491,0.688,4.0,,0.0,-9.5,-2.1,15.1,0.0,0.188,6.0,0.0,67.0,-7.4,0.0,0.0,4.4,136.0,0.0,5.5,7.6,0.491,12.6,-0.1,0.0,-0.009,,0.0,6.0,1.0,1.0,6.0,0.0,1.0,0.0,4.0,67.0,1.5,-2.3,0.0,2.0,24.0,29.0,45.0,136.0,1.0,0.0,3.1,3.8,0.8,1.5,8.4,0.182,1.5,,0.0,6.9,122.0,0.438,4.6,12.3,0.375,2.3,2.3,1.0,6.0,0.0,67.0,0.0,101.0,6.9,13.0,136.0,0.0,0.8,6.9,2.1,2.7,0.8,1.1,5.9,0.182,1.1,,0.0,4.8,0.438,3.2,8.6,0.375,1.6,1.6,1.0,6.0,0.0,67.0,0.0,4.8,9.1,136.0,0.0,0.5,4.8,0.7,0.8,0.8,0.3,1.8,0.182,0.3,,0.0,1.5,0.438,1.0,2.7,0.375,0.5,0.5,1.0,6.0,0.0,11.2,0.0,1.5,2.8,146.0,0.0,0.2,1.5,0.0,0.0,,0.0,0.364,21.0,0.0,0.0,0.375,1.0,1.0,1.0,0.8,0.0,0.182,6.0,0.0,67.0,0.75,1.0,0.063,0.125,0.063,0.313,0.063,0.688,136.0,4.0,5.0,0.8,2.0,11.0,0.182,2.0,,0.0,9.0,0.438,6.0,16.0,0.375,3.0,3.0,1.0,6.0,0.0,67.0,0.0,9.0,17.0,138.0,0.0,1.0,9.0,0.0
davisjo06,Johnny Davis,https://www.basketball-reference.com/players/d/davisjo06.html,2023-24,2024,21.0,WAS,SG,SG,72.0,SG,50.0,6.0,613.0,48.0,114.0,0.421,14.0,40.0,0.35,32.0,,10.0,54.0,0.448,62.0,154.0,0.403,14.0,24.0,0.583,18.0,57.0,152.0,373.0,18.0,13.0,72.0,0.0,1.0,2.3,0.421,0.3,0.8,0.35,0.6,,0.2,1.1,0.448,1.2,3.1,0.403,0.3,0.5,0.583,50.0,6.0,12.3,0.4,1.1,3.0,453.0,0.4,0.3,1.4,2.8,6.7,0.421,0.8,2.3,0.35,1.9,,0.6,3.2,0.448,3.6,9.0,0.403,0.8,1.4,0.583,50.0,6.0,613.0,1.1,3.3,8.9,334.0,1.1,0.8,4.2,3.7,8.7,0.421,1.1,3.1,0.35,2.4,,0.8,4.1,121.0,0.448,4.7,11.7,0.403,1.1,1.8,0.583,50.0,6.0,613.0,1.4,98.0,4.3,11.6,334.0,1.4,1.0,5.5,0.26,6.6,,1.3,-6.6,-1.1,9.6,0.2,0.156,50.0,6.0,613.0,-5.5,3.1,-0.3,6.2,334.0,1.4,7.3,6.3,0.462,12.2,-0.7,-0.1,-0.009,,2,29,5,7,50,6,1,13,77,613,-1.8,-10.8,0,0,12,19,69,334,3,8,1.0,0.0,,0.389,0.45,11.0,7.0,0.045,0.403,0.644,0.25,0.0,0.421,0.333,0.35,50.0,6.0,613.0,0.604,1.0,0.292,0.13,0.045,0.74,0.273,0.26,334.0,-30.3,-38.9,,50.0,6.0,77.0,66.0,96.0,82.0,85.0,74.0,64.0,80.0,613.0,334.0,0.421,0.26,0.35,0.448,0.403,0.583,0.156,0.462,,,,,,,,,,,,,,,,,,,,,,,,,,,,,,,,,,,,,,,,,,,,,,,,,,,,,,,,,,,,,,,,,,,,,,,,,,,,,,,,,,,,,,,,,,,,,,,,,,,,,,,,,,,,,,,,,,,,,,,,,,,,,,,,,,,,,,,,,,,,,,,,,,,,,,,,,,,,,,,,,,,,,,,,,,,,,,,,,,,,,,,,,,,,,,,,,,,,,,,,,,,,,
miltosh01,Shake Milton,https://www.basketball-reference.com/players/m/miltosh01.html,2023-24,2024,27.0,3TM,SG,SG,73.0,SG,48.0,0.0,581.0,61.0,131.0,0.466,18.0,64.0,0.281,60.0,,6.0,61.0,0.451,79.0,195.0,0.405,40.0,49.0,0.816,14.0,54.0,216.0,334.0,19.0,31.0,75.0,0.0,1.3,2.7,0.466,0.4,1.3,0.281,1.3,,0.1,1.3,0.451,1.6,4.1,0.405,0.8,1.0,0.816,48.0,0.0,12.1,0.3,1.1,4.5,361.0,0.4,0.6,1.6,3.8,8.1,0.466,1.1,4.0,0.281,3.7,,0.4,3.8,0.451,4.9,12.1,0.405,2.5,3.0,0.816,48.0,0.0,581.0,0.9,3.3,13.4,341.0,1.2,1.9,4.6,5.2,11.1,0.466,1.5,5.4,0.281,5.1,,0.5,5.2,112.0,0.451,6.7,16.6,0.405,3.4,4.2,0.816,48.0,0.0,581.0,1.2,102.0,4.6,18.3,341.0,1.6,2.6,6.4,0.328,14.4,,0.9,-3.7,0.6,11.5,0.8,0.251,48.0,0.0,581.0,-4.3,2.8,-0.2,9.2,341.0,1.6,12.5,7.3,0.499,18.7,-0.3,0.6,0.048,,2,36,7,23,48,0,6,17,139,581,-10.2,-4.2,0,0,21,8,71,341,20,7,1.0,0.0,,0.4,0.391,12.6,0.0,0.0,0.405,0.69,0.4,0.6,0.466,0.295,0.281,48.0,0.0,581.0,0.639,0.944,0.215,0.205,0.026,0.672,0.226,0.328,341.0,-37.1,-35.3,,48.0,0.0,85.0,83.0,77.0,83.0,85.0,104.0,103.0,86.0,581.0,341.0,0.466,0.328,0.281,0.451,0.405,0.816,0.251,0.499,,4.0,0.0,0.0,84.0,0.0,0.0,0.0,106.0,409.0,50.0,22.0,169.0,0.0,0.333,0.0,0.0,0.0,0.833,1.0,0.289,0.333,11.1,,0.0,-6.8,-0.8,5.6,0.0,1.0,4.0,0.0,22.0,-6.1,0.0,0.0,3.9,169.0,2.4,0.0,2.7,0.289,17.3,0.0,0.0,-0.082,,0.0,0.0,0.0,2.0,4.0,0.0,0.0,1.0,4.0,22.0,28.9,26.2,0.0,0.0,25.0,14.0,61.0,169.0,0.0,0.0,0.0,9.5,0.0,0.0,4.7,0.0,4.7,,0.0,2.4,123.0,0.0,0.0,14.2,0.0,11.9,14.2,0.833,4.0,0.0,22.0,0.0,85.0,0.0,11.9,169.0,2.4,0.0,2.4,0.0,6.5,0.0,0.0,3.3,0.0,3.3,,0.0,1.6,0.0,0.0,9.8,0.0,8.2,9.8,0.833,4.0,0.0,22.0,0.0,0.0,8.2,169.0,1.6,0.0,1.6,0.0,1.0,0.0,0.0,0.5,0.0,0.5,,0.0,0.3,0.0,0.0,1.5,0.0,1.3,1.5,0.833,4.0,0.0,5.5,0.0,0.0,1.3,175.0,0.3,0.0,0.3,0.0,0.0,,,0.0,12.6,0.0,0.0,0.0,,0.0,,0.0,0.0,0.0,4.0,0.0,22.0,,,0.0,0.167,0.0,0.667,0.5,0.333,169.0,0.0,4.0,0.0,0.0,2.0,0.0,2.0,,0.0,1.0,0.0,0.0,6.0,0.0,5.0,6.0,0.833,4.0,0.0,22.0,0.0,0.0,5.0,175.0,1.0,0.0,1.0,0.0
jacksan01,Andre Jackson Jr.,https://www.basketball-reference.com/players/j/jacksan01.html,2023-24,2024,22.0,MIL,SG,SG,74.0,SG,57.0,8.0,572.0,33.0,54.0,0.611,17.0,46.0,0.37,50.0,,6.0,70.0,0.585,50.0,100.0,0.5,8.0,11.0,0.727,43.0,92.0,125.0,392.0,16.0,28.0,113.0,0.0,0.6,0.9,0.611,0.3,0.8,0.37,0.9,,0.1,1.2,0.585,0.9,1.8,0.5,0.1,0.2,0.727,57.0,8.0,10.0,0.8,1.6,2.2,492.0,0.3,0.5,2.0,2.1,3.4,0.611,1.1,2.9,0.37,3.1,,0.4,4.4,0.585,3.1,6.3,0.5,0.5,0.7,0.727,57.0,8.0,572.0,2.7,5.8,7.9,345.0,1.0,1.8,7.1,2.8,4.5,0.611,1.4,3.9,0.37,4.2,,0.5,5.9,117.0,0.585,4.2,8.4,0.5,0.7,0.9,0.727,57.0,8.0,572.0,3.6,119.0,7.7,10.5,345.0,1.3,2.4,9.5,0.46,10.8,,0.9,-3.6,0.0,13.1,0.5,0.11,57.0,8.0,572.0,-3.6,8.4,0.5,8.5,345.0,1.3,21.1,10.8,0.596,10.0,-0.2,1.0,0.081,,4,36,3,5,57,8,0,3,126,572,-10.8,-6.5,0,1,10,30,59,345,17,5,0.0,0.0,,0.345,0.63,13.8,16.0,0.16,0.5,0.741,0.7,1.0,0.611,0.267,0.37,57.0,8.0,572.0,0.515,1.0,0.27,0.1,0.02,0.54,0.15,0.46,345.0,7.7,3.4,,57.0,8.0,112.0,116.0,101.0,107.0,105.0,93.0,45.0,103.0,572.0,345.0,0.611,0.46,0.37,0.585,0.5,0.727,0.11,0.596,,5.0,0.0,110.0,138.0,91.0,100.0,96.0,,0.0,94.0,60.0,142.0,0.6,0.545,0.333,0.545,0.455,,0.0,0.545,0.545,22.1,,1.6,2.5,4.2,11.2,0.1,0.0,5.0,0.0,60.0,-1.7,9.5,0.1,14.2,142.0,4.3,21.4,10.4,0.545,10.7,0.1,0.2,0.123,,0.0,4.0,0.0,0.0,5.0,0.0,0.0,1.0,24.0,60.0,22.9,14.8,0.0,1.0,0.0,44.0,55.0,142.0,1.0,2.0,2.6,4.3,0.6,1.7,5.1,0.333,8.6,,0.9,5.1,112.0,0.545,4.3,9.4,0.455,0.0,0.0,,5.0,0.0,60.0,4.3,122.0,8.6,10.3,142.0,4.3,2.6,9.4,1.8,3.0,0.6,1.2,3.6,0.333,6.0,,0.6,3.6,0.545,3.0,6.6,0.455,0.0,0.0,,5.0,0.0,60.0,3.0,6.0,7.2,142.0,3.0,1.8,6.6,0.6,1.0,0.6,0.4,1.2,0.333,2.0,,0.2,1.2,0.545,1.0,2.2,0.455,0.0,0.0,,5.0,0.0,12.0,1.0,2.0,2.4,151.0,1.0,0.6,2.2,0.0,0.0,,0.25,0.667,14.3,1.0,0.091,0.455,0.667,,,0.6,0.5,0.333,5.0,0.0,60.0,0.333,1.0,0.273,0.0,0.0,0.455,0.182,0.545,142.0,3.0,5.0,0.6,2.0,6.0,0.333,10.0,,1.0,6.0,0.545,5.0,11.0,0.455,0.0,0.0,,5.0,0.0,60.0,5.0,10.0,12.0,148.0,5.0,3.0,11.0,0.0
sprinja01,Jaden Springer,https://www.basketball-reference.com/players/s/sprinja01.html,2023-24,2024,21.0,2TM,SG,SG,75.0,SG,49.0,2.0,507.0,49.0,100.0,0.49,10.0,48.0,0.208,44.0,,15.0,45.0,0.432,59.0,148.0,0.399,35.0,42.0,0.833,33.0,66.0,163.0,365.0,36.0,34.0,78.0,0.0,1.0,2.0,0.49,0.2,1.0,0.208,0.9,,0.3,0.9,0.432,1.2,3.0,0.399,0.7,0.9,0.833,49.0,2.0,10.3,0.7,1.3,3.3,434.0,0.7,0.7,1.6,3.5,7.1,0.49,0.7,3.4,0.208,3.1,,1.1,3.2,0.432,4.2,10.5,0.399,2.5,3.0,0.833,49.0,2.0,507.0,2.3,4.7,11.6,360.0,2.6,2.4,5.5,4.8,9.7,0.49,1.0,4.7,0.208,4.3,,1.5,4.4,110.0,0.432,5.7,14.4,0.399,3.4,4.1,0.833,49.0,2.0,507.0,3.2,101.0,6.4,15.8,360.0,3.5,3.3,7.6,0.324,11.5,,2.7,-3.4,1.5,9.8,0.8,0.284,49.0,2.0,507.0,-4.9,7.1,-0.3,10.7,360.0,3.5,17.0,8.4,0.49,17.1,-0.2,0.6,0.052,,7,34,10,19,49,2,2,16,104,507,-6.2,-0.4,0,0,22,14,64,360,11,10,0.0,0.0,,0.238,0.438,12.5,8.0,0.054,0.399,0.69,0.412,0.4,0.49,0.306,0.208,49.0,2.0,507.0,0.429,0.9,0.284,0.115,0.034,0.676,0.243,0.324,360.0,-33.8,-30.1,,49.0,2.0,90.0,82.0,57.0,79.0,84.0,106.0,116.0,84.0,507.0,360.0,0.49,0.324,0.208,0.432,0.399,0.833,0.284,0.49,,4.0,0.0,122.0,0.0,,122.0,141.0,,0.0,115.0,22.0,170.0,0.667,0.0,,0.667,0.667,,0.0,0.667,0.0,6.3,,4.2,-3.9,1.4,15.9,0.0,0.0,4.0,0.0,22.0,-5.3,0.0,0.0,4.9,170.0,0.0,40.0,8.0,0.667,10.6,0.0,0.0,-0.006,,0.0,0.0,0.0,0.0,4.0,0.0,0.0,0.0,3.0,22.0,3.7,12.3,0.0,0.0,22.0,0.0,78.0,170.0,0.0,1.0,4.7,7.1,0.667,0.0,0.0,,2.4,,2.4,7.1,111.0,0.667,4.7,7.1,0.667,0.0,0.0,,4.0,0.0,22.0,0.0,80.0,2.4,9.5,170.0,0.0,4.7,7.1,3.3,4.9,0.667,0.0,0.0,,1.6,,1.6,4.9,0.667,3.3,4.9,0.667,0.0,0.0,,4.0,0.0,22.0,0.0,1.6,6.5,170.0,0.0,3.3,4.9,0.5,0.8,0.667,0.0,0.0,,0.3,,0.3,0.8,0.667,0.5,0.8,0.667,0.0,0.0,,4.0,0.0,5.5,0.0,0.3,1.0,185.0,0.0,0.5,0.8,0.0,0.0,,,,2.7,0.0,0.0,0.667,0.5,,,0.667,1.0,,4.0,0.0,22.0,0.0,,0.667,0.0,0.0,1.0,0.333,0.0,170.0,2.0,3.0,0.667,0.0,0.0,,1.0,,1.0,3.0,0.667,2.0,3.0,0.667,0.0,0.0,,4.0,0.0,22.0,0.0,1.0,4.0,183.0,0.0,2.0,3.0,0.0
okekech01,Chuma Okeke,https://www.basketball-reference.com/players/o/okekech01.html,2023-24,2024,25.0,ORL,SF,SG,76.0,SG,47.0,8.0,432.0,17.0,30.0,0.567,23.0,82.0,0.28,20.0,,7.0,62.0,0.46,40.0,112.0,0.357,4.0,7.0,0.571,18.0,19.0,107.0,404.0,9.0,16.0,80.0,0.0,0.4,0.6,0.567,0.5,1.7,0.28,0.4,,0.1,1.3,0.46,0.9,2.4,0.357,0.1,0.1,0.571,47.0,8.0,9.2,0.4,0.4,2.3,484.0,0.2,0.3,1.7,1.4,2.5,0.567,1.9,6.8,0.28,1.7,,0.6,5.2,0.46,3.3,9.3,0.357,0.3,0.6,0.571,47.0,8.0,432.0,1.5,1.6,8.9,376.0,0.7,1.3,6.7,1.9,3.4,0.567,2.6,9.4,0.28,2.3,,0.8,7.1,113.0,0.46,4.6,12.8,0.357,0.5,0.8,0.571,47.0,8.0,432.0,2.1,97.0,2.2,12.3,376.0,1.0,1.8,9.2,0.732,6.2,,1.5,-3.4,-0.2,17.0,0.6,0.063,47.0,8.0,432.0,-3.2,4.9,-0.3,6.9,376.0,1.0,12.2,10.9,0.465,13.3,-0.2,0.3,0.029,,1,8,0,3,47,8,1,2,52,432,-11.9,-8.8,0,5,1,34,61,376,8,3,1.0,0.0,,0.375,0.293,20.2,4.0,0.045,0.357,0.917,0.0,0.333,0.567,0.385,0.28,47.0,8.0,432.0,0.765,0.957,0.107,0.018,0.027,0.268,0.116,0.732,376.0,-19.4,-26.5,,47.0,8.0,104.0,185.0,77.0,84.0,75.0,73.0,26.0,80.0,432.0,376.0,0.567,0.732,0.28,0.46,0.357,0.571,0.063,0.465,,2.0,0.0,183.0,169.0,137.0,152.0,141.0,128.0,136.0,150.0,10.0,197.0,1.0,0.667,0.5,0.833,0.667,1.0,0.333,0.872,0.667,18.7,,0.0,13.4,4.1,0.0,0.0,0.333,2.0,0.0,10.0,9.3,0.0,0.1,23.9,197.0,0.0,0.0,0.0,0.872,15.1,0.0,0.1,0.362,,0.0,0.0,0.0,1.0,2.0,0.0,1.0,0.0,3.0,10.0,-43.1,-36.3,0.0,0.0,0.0,0.0,100.0,197.0,0.0,0.0,5.1,5.1,1.0,5.1,10.1,0.5,5.1,,0.0,0.0,111.0,0.833,10.1,15.2,0.667,5.1,5.1,1.0,2.0,0.0,10.0,0.0,183.0,0.0,30.4,197.0,0.0,0.0,0.0,3.6,3.6,1.0,3.6,7.2,0.5,3.6,,0.0,0.0,0.833,7.2,10.8,0.667,3.6,3.6,1.0,2.0,0.0,10.0,0.0,0.0,21.6,197.0,0.0,0.0,0.0,0.5,0.5,1.0,0.5,1.0,0.5,0.5,,0.0,0.0,0.833,1.0,1.5,0.667,0.5,0.5,1.0,2.0,0.0,5.0,0.0,0.0,3.0,142.0,0.0,0.0,0.0,0.0,0.0,,,0.0,18.4,0.0,0.0,0.667,1.0,,,1.0,,0.5,2.0,0.0,10.0,1.0,1.0,0.333,0.0,0.0,0.333,0.0,0.667,197.0,1.0,1.0,1.0,1.0,2.0,0.5,1.0,,0.0,0.0,0.833,2.0,3.0,0.667,1.0,1.0,1.0,2.0,0.0,10.0,0.0,0.0,6.0,171.0,0.0,0.0,0.0,0.0
forretr01,Trent Forrest,https://www.basketball-reference.com/players/f/forretr01.html,2023-24,2024,25.0,ATL,SG,SG,77.0,SG,38.0,0.0,414.0,32.0,80.0,0.4,2.0,10.0,0.2,92.0,,3.0,40.0,0.389,34.0,90.0,0.378,13.0,17.0,0.765,11.0,25.0,83.0,422.0,11.0,20.0,51.0,0.0,0.8,2.1,0.4,0.1,0.3,0.2,2.4,,0.1,1.1,0.389,0.9,2.4,0.378,0.3,0.4,0.765,38.0,0.0,10.9,0.3,0.7,2.2,490.0,0.3,0.5,1.3,2.8,7.0,0.4,0.2,0.9,0.2,8.0,,0.3,3.5,0.389,3.0,7.8,0.378,1.1,1.5,0.765,38.0,0.0,414.0,1.0,2.2,7.2,380.0,1.0,1.7,4.4,3.7,9.3,0.4,0.2,1.2,0.2,10.7,,0.3,4.6,122.0,0.389,3.9,10.4,0.378,1.5,2.0,0.765,38.0,0.0,414.0,1.3,109.0,2.9,9.6,380.0,1.3,2.3,5.9,0.111,27.6,,0.7,-4.4,-0.7,10.9,0.1,0.189,38.0,0.0,414.0,-3.8,2.8,0.1,8.9,380.0,1.3,17.0,6.7,0.426,11.8,-0.3,0.2,0.027,,1,17,2,6,38,0,1,5,223,414,-9.4,-10.7,0,0,40,6,54,380,11,6,0.0,0.0,,0.0,0.4,8.4,1.0,0.011,0.378,0.591,0.563,,0.4,0.238,0.2,38.0,0.0,414.0,0.281,1.0,0.244,0.178,0.0,0.889,0.467,0.111,380.0,-28.4,-30.1,,38.0,0.0,73.0,28.0,55.0,71.0,80.0,98.0,77.0,73.0,414.0,380.0,0.4,0.111,0.2,0.389,0.378,0.765,0.189,0.426,,,,,,,,,,,,,,,,,,,,,,,,,,,,,,,,,,,,,,,,,,,,,,,,,,,,,,,,,,,,,,,,,,,,,,,,,,,,,,,,,,,,,,,,,,,,,,,,,,,,,,,,,,,,,,,,,,,,,,,,,,,,,,,,,,,,,,,,,,,,,,,,,,,,,,,,,,,,,,,,,,,,,,,,,,,,,,,,,,,,,,,,,,,,,,,,,,,,,,,,,,,,,
quinole01,Lester Quiñones,https://www.basketball-reference.com/players/q/quinole01.html,2023-24,2024,23.0,GSW,SG,SG,78.0,SG,37.0,0.0,394.0,24.0,53.0,0.453,32.0,88.0,0.364,36.0,,2.0,51.0,0.511,56.0,141.0,0.397,20.0,29.0,0.69,21.0,44.0,164.0,363.0,6.0,17.0,72.0,0.0,0.6,1.4,0.453,0.9,2.4,0.364,1.0,,0.1,1.4,0.511,1.5,3.8,0.397,0.5,0.8,0.69,37.0,0.0,10.6,0.6,1.2,4.4,376.0,0.2,0.5,1.9,2.2,4.8,0.453,2.9,8.0,0.364,3.3,,0.2,4.7,0.511,5.1,12.9,0.397,1.8,2.6,0.69,37.0,0.0,394.0,1.9,4.0,15.0,389.0,0.5,1.6,6.6,2.9,6.5,0.453,3.9,10.8,0.364,4.4,,0.2,6.3,118.0,0.511,6.9,17.3,0.397,2.5,3.6,0.69,37.0,0.0,394.0,2.6,113.0,5.4,20.1,389.0,0.7,2.1,8.8,0.624,12.0,,0.5,-3.3,-1.3,13.8,0.3,0.206,37.0,0.0,394.0,-2.0,5.8,0.3,10.3,389.0,0.7,10.0,9.9,0.533,18.3,-0.1,0.6,0.068,,3,21,9,13,37,0,1,8,82,394,-1.1,1.7,0,8,2,44,45,389,9,1,2.0,1.0,,0.5,0.182,19.1,3.0,0.021,0.397,0.625,0.357,,0.453,0.391,0.364,37.0,0.0,394.0,0.458,0.938,0.113,0.099,0.0,0.376,0.163,0.624,389.0,-10.1,-14.4,,37.0,0.0,83.0,158.0,99.0,93.0,84.0,88.0,84.0,92.0,394.0,389.0,0.453,0.624,0.364,0.511,0.397,0.69,0.206,0.533,,,,,,,,,,,,,,,,,,,,,,,,,,,,,,,,,,,,,,,,,,,,,,,,,,,,,,,,,,,,,,,,,,,,,,,,,,,,,,,,,,,,,,,,,,,,,,,,,,,,,,,,,,,,,,,,,,,,,,,,,,,,,,,,,,,,,,,,,,,,,,,,,,,,,,,,,,,,,,,,,,,,,,,,,,,,,,,,,,,,,,,,,,,,,,,,,,,,,,,,,,,,,
bostobr01,Brandon Boston Jr.,https://www.basketball-reference.com/players/b/bostobr01.html,2023-24,2024,22.0,LAC,SF,SG,79.0,SG,32.0,0.0,345.0,51.0,109.0,0.468,14.0,52.0,0.269,13.0,,8.0,33.0,0.447,65.0,161.0,0.404,23.0,33.0,0.697,19.0,40.0,167.0,362.0,11.0,24.0,52.0,0.0,1.6,3.4,0.468,0.4,1.6,0.269,0.4,,0.3,1.0,0.447,2.0,5.0,0.404,0.7,1.0,0.697,32.0,0.0,10.8,0.6,1.3,5.2,336.0,0.3,0.8,1.6,5.3,11.4,0.468,1.5,5.4,0.269,1.4,,0.8,3.4,0.447,6.8,16.8,0.404,2.4,3.4,0.697,32.0,0.0,345.0,2.0,4.2,17.4,399.0,1.1,2.5,5.4,7.3,15.6,0.468,2.0,7.4,0.269,1.9,,1.1,4.7,117.0,0.447,9.3,23.0,0.404,3.3,4.7,0.697,32.0,0.0,345.0,2.7,93.0,5.7,23.9,399.0,1.6,3.4,7.4,0.323,5.4,,2.1,-9.0,-2.7,10.4,0.3,0.205,32.0,0.0,345.0,-6.2,6.4,-0.6,8.7,399.0,1.6,12.0,8.5,0.476,25.4,-0.6,-0.3,-0.04,,4,26,3,14,32,0,1,13,29,345,-20.6,-15.2,2,7,2,43,46,399,4,11,0.0,0.0,,0.385,0.25,13.9,11.0,0.068,0.404,0.636,0.5,0.333,0.468,0.296,0.269,32.0,0.0,345.0,0.588,0.786,0.205,0.211,0.093,0.677,0.168,0.323,399.0,-32.0,-36.6,,32.0,0.0,86.0,82.0,74.0,82.0,85.0,89.0,84.0,82.0,345.0,399.0,0.468,0.323,0.269,0.447,0.404,0.697,0.205,0.476,,3.0,0.0,92.0,0.0,,91.0,105.0,64.0,205.0,88.0,10.0,193.0,0.5,0.0,,0.5,0.5,0.5,0.5,0.512,0.0,18.4,,0.0,-0.8,-0.1,11.2,0.0,0.5,3.0,0.0,10.0,-0.7,11.6,0.0,16.0,193.0,0.0,0.0,11.4,0.512,22.3,0.0,0.0,0.121,,0.0,1.0,0.0,1.0,3.0,0.0,0.0,0.0,3.0,10.0,20.2,11.7,0.0,0.0,0.0,13.0,87.0,193.0,0.0,0.0,10.6,21.1,0.5,0.0,0.0,,5.3,,0.0,5.3,122.0,0.5,10.6,21.1,0.5,5.3,10.6,0.5,3.0,0.0,10.0,5.3,123.0,10.6,26.4,193.0,0.0,0.0,10.6,7.2,14.4,0.5,0.0,0.0,,3.6,,0.0,3.6,0.5,7.2,14.4,0.5,3.6,7.2,0.5,3.0,0.0,10.0,3.6,7.2,18.0,193.0,0.0,0.0,7.2,0.7,1.3,0.5,0.0,0.0,,0.3,,0.0,0.3,0.5,0.7,1.3,0.5,0.3,0.7,0.5,3.0,0.0,3.3,0.3,0.7,1.7,164.0,0.0,0.0,0.7,0.0,0.0,,,,7.3,0.0,0.0,0.5,0.5,,1.0,0.5,0.0,,3.0,0.0,10.0,0.0,,0.5,0.0,0.25,1.0,0.25,0.0,193.0,2.0,4.0,0.5,0.0,0.0,,1.0,,0.0,1.0,0.5,2.0,4.0,0.5,1.0,2.0,0.5,3.0,0.0,10.0,1.0,2.0,5.0,173.0,0.0,0.0,2.0,0.0
korkmfu01,Furkan Korkmaz,https://www.basketball-reference.com/players/k/korkmfu01.html,2023-24,2024,26.0,PHI,SG,SG,80.0,SG,35.0,0.0,300.0,16.0,36.0,0.444,14.0,40.0,0.35,25.0,,3.0,26.0,0.487,30.0,76.0,0.395,14.0,20.0,0.7,4.0,17.0,88.0,418.0,14.0,10.0,30.0,0.0,0.5,1.0,0.444,0.4,1.1,0.35,0.7,,0.1,0.7,0.487,0.9,2.2,0.395,0.4,0.6,0.7,35.0,0.0,8.6,0.1,0.5,2.5,472.0,0.4,0.3,0.9,1.9,4.3,0.444,1.7,4.8,0.35,3.0,,0.4,3.1,0.487,3.6,9.1,0.395,1.7,2.4,0.7,35.0,0.0,300.0,0.5,2.0,10.6,414.0,1.7,1.2,3.6,2.6,5.9,0.444,2.3,6.6,0.35,4.1,,0.5,4.3,115.0,0.487,4.9,12.5,0.395,2.3,3.3,0.7,35.0,0.0,300.0,0.7,108.0,2.8,14.4,414.0,2.3,1.6,4.9,0.526,11.0,,0.9,-2.7,0.4,9.7,0.3,0.263,35.0,0.0,300.0,-3.2,1.4,0.0,9.2,414.0,2.3,10.5,5.5,0.519,13.6,-0.1,0.4,0.057,,1,13,2,10,35,0,6,2,57,300,3.3,6.0,0,8,13,30,48,414,5,3,0.0,0.0,,0.5,0.1,17.4,2.0,0.026,0.395,0.643,0.0,0.2,0.444,0.462,0.35,35.0,0.0,300.0,0.75,0.714,0.184,0.053,0.066,0.474,0.171,0.526,414.0,-9.1,-10.4,,35.0,0.0,82.0,133.0,96.0,89.0,83.0,89.0,108.0,89.0,300.0,414.0,0.444,0.526,0.35,0.487,0.395,0.7,0.263,0.519,,,,,,,,,,,,,,,,,,,,,,,,,,,,,,,,,,,,,,,,,,,,,,,,,,,,,,,,,,,,,,,,,,,,,,,,,,,,,,,,,,,,,,,,,,,,,,,,,,,,,,,,,,,,,,,,,,,,,,,,,,,,,,,,,,,,,,,,,,,,,,,,,,,,,,,,,,,,,,,,,,,,,,,,,,,,,,,,,,,,,,,,,,,,,,,,,,,,,,,,,,,,,
templga01,Garrett Temple,https://www.basketball-reference.com/players/t/templga01.html,2023-24,2024,37.0,TOR,SG,SG,81.0,SG,27.0,2.0,289.0,17.0,38.0,0.447,12.0,40.0,0.3,28.0,,3.0,27.0,0.449,29.0,78.0,0.372,18.0,22.0,0.818,18.0,28.0,88.0,419.0,12.0,14.0,45.0,0.0,0.6,1.4,0.447,0.4,1.5,0.3,1.0,,0.1,1.0,0.449,1.1,2.9,0.372,0.7,0.8,0.818,27.0,2.0,10.7,0.7,1.0,3.3,439.0,0.4,0.5,1.7,2.1,4.7,0.447,1.5,5.0,0.3,3.5,,0.4,3.4,0.449,3.6,9.7,0.372,2.2,2.7,0.818,27.0,2.0,289.0,2.2,3.5,11.0,417.0,1.5,1.7,5.6,2.8,6.3,0.447,2.0,6.7,0.3,4.7,,0.5,4.5,120.0,0.449,4.8,13.0,0.372,3.0,3.7,0.818,27.0,2.0,289.0,3.0,107.0,4.7,14.7,417.0,2.0,2.3,7.5,0.513,12.5,,0.9,-4.7,-1.2,10.5,0.2,0.282,27.0,2.0,289.0,-3.4,6.7,0.0,9.5,417.0,2.0,13.8,8.6,0.502,15.0,-0.2,0.2,0.032,,1,18,2,7,27,2,0,5,69,289,-8.4,-14.2,0,0,13,26,62,417,9,2,0.0,0.0,,0.381,0.525,14.5,2.0,0.026,0.372,0.625,0.0,0.0,0.447,0.2,0.3,27.0,2.0,289.0,0.471,1.0,0.308,0.013,0.038,0.487,0.128,0.513,417.0,-15.3,-13.7,,27.0,2.0,82.0,130.0,82.0,82.0,78.0,104.0,115.0,87.0,289.0,417.0,0.447,0.513,0.3,0.449,0.372,0.818,0.282,0.502,,,,,,,,,,,,,,,,,,,,,,,,,,,,,,,,,,,,,,,,,,,,,,,,,,,,,,,,,,,,,,,,,,,,,,,,,,,,,,,,,,,,,,,,,,,,,,,,,,,,,,,,,,,,,,,,,,,,,,,,,,,,,,,,,,,,,,,,,,,,,,,,,,,,,,,,,,,,,,,,,,,,,,,,,,,,,,,,,,,,,,,,,,,,,,,,,,,,,,,,,,,,,
waterli01,Lindy Waters III,https://www.basketball-reference.com/players/w/waterli01.html,2023-24,2024,26.0,OKC,SG,SG,82.0,SG,38.0,0.0,280.0,12.0,19.0,0.632,37.0,85.0,0.435,24.0,,7.0,33.0,0.649,49.0,104.0,0.471,2.0,2.0,1.0,7.0,23.0,137.0,383.0,5.0,7.0,40.0,0.0,0.3,0.5,0.632,1.0,2.2,0.435,0.6,,0.2,0.9,0.649,1.3,2.7,0.471,0.1,0.1,1.0,38.0,0.0,7.4,0.2,0.6,3.6,422.0,0.1,0.2,1.1,1.5,2.4,0.632,4.8,10.9,0.435,3.1,,0.9,4.2,0.649,6.3,13.4,0.471,0.3,0.3,1.0,38.0,0.0,280.0,0.9,3.0,17.6,419.0,0.6,0.9,5.1,2.1,3.3,0.632,6.4,14.6,0.435,4.1,,1.2,5.7,115.0,0.649,8.4,17.9,0.471,0.3,0.3,1.0,38.0,0.0,280.0,1.2,128.0,3.9,23.5,419.0,0.9,1.2,6.9,0.817,11.5,,2.3,1.9,-0.5,12.6,0.3,0.019,38.0,0.0,280.0,2.4,2.9,0.6,15.3,419.0,0.9,6.3,8.0,0.653,17.3,0.3,0.9,0.15,,0,15,0,1,38,0,1,1,62,280,-16.6,-7.5,0,15,9,33,44,419,4,1,0.0,0.0,,0.522,0.271,22.4,1.0,0.01,0.471,0.714,1.0,0.429,0.632,0.75,0.435,38.0,0.0,280.0,0.667,0.919,0.067,0.01,0.067,0.183,0.038,0.817,419.0,21.3,15.3,,38.0,0.0,116.0,207.0,119.0,119.0,99.0,128.0,8.0,113.0,280.0,419.0,0.632,0.817,0.435,0.649,0.471,1.0,0.019,0.653,,3.0,0.0,,253.0,0.0,0.0,0.0,,0.0,0.0,9.0,199.0,,1.0,0.0,0.0,0.0,,0.0,0.0,1.0,0.0,,0.0,-12.0,-2.8,11.9,0.0,0.0,3.0,0.0,9.0,-9.2,0.0,0.0,-3.0,199.0,0.0,0.0,6.1,0.0,5.1,0.0,0.0,-0.067,,0.0,0.0,0.0,0.0,3.0,0.0,0.0,0.0,0.0,9.0,-31.5,-25.0,0.0,0.0,0.0,25.0,75.0,199.0,0.0,0.0,0.0,0.0,,0.0,5.7,0.0,0.0,,0.0,5.7,112.0,0.0,0.0,5.7,0.0,0.0,0.0,,3.0,0.0,9.0,0.0,0.0,0.0,0.0,199.0,0.0,0.0,5.7,0.0,0.0,,0.0,4.0,0.0,0.0,,0.0,4.0,0.0,0.0,4.0,0.0,0.0,0.0,,3.0,0.0,9.0,0.0,0.0,0.0,199.0,0.0,0.0,4.0,0.0,0.0,,0.0,0.3,0.0,0.0,,0.0,0.3,0.0,0.0,0.3,0.0,0.0,0.0,,3.0,0.0,3.0,0.0,0.0,0.0,213.0,0.0,0.0,0.3,0.0,0.0,,,0.0,24.6,0.0,0.0,0.0,,,,,,0.0,3.0,0.0,9.0,,,0.0,0.0,0.0,0.0,0.0,1.0,199.0,0.0,0.0,,0.0,1.0,0.0,0.0,,0.0,1.0,0.0,0.0,1.0,0.0,0.0,0.0,,3.0,0.0,9.0,0.0,0.0,0.0,213.0,0.0,0.0,1.0,0.0
vincega01,Gabe Vincent,https://www.basketball-reference.com/players/v/vincega01.html,2023-24,2024,27.0,LAL,PG,SG,83.0,SG,11.0,0.0,218.0,12.0,21.0,0.571,3.0,28.0,0.107,21.0,,0.0,5.0,0.337,15.0,49.0,0.306,1.0,2.0,0.5,4.0,19.0,34.0,478.0,9.0,5.0,9.0,0.0,1.1,1.9,0.571,0.3,2.5,0.107,1.9,,0.0,0.5,0.337,1.4,4.5,0.306,0.1,0.2,0.5,11.0,0.0,19.8,0.4,1.7,3.1,451.0,0.8,0.5,0.8,2.0,3.5,0.571,0.5,4.6,0.107,3.5,,0.0,0.8,0.337,2.5,8.1,0.306,0.2,0.3,0.5,11.0,0.0,218.0,0.7,3.1,5.6,430.0,1.5,0.8,1.5,2.6,4.6,0.571,0.7,6.1,0.107,4.6,,0.0,1.1,119.0,0.337,3.3,10.7,0.306,0.2,0.4,0.5,11.0,0.0,218.0,0.9,86.0,4.1,7.4,430.0,2.0,1.1,2.0,0.571,11.6,,0.0,-6.5,0.4,2.4,0.1,0.041,11.0,0.0,218.0,-6.9,2.1,-0.3,3.1,430.0,2.0,9.1,2.3,0.341,10.9,-0.2,-0.1,-0.033,,0,10,3,1,11,0,0,2,48,218,6.2,6.3,0,0,38,0,62,430,3,2,0.0,0.0,,0.0,0.179,18.8,0.0,0.0,0.306,0.667,0.5,0.429,0.571,0.667,0.107,11.0,0.0,218.0,0.5,0.667,0.122,0.041,0.143,0.429,0.122,0.571,430.0,-20.6,-23.9,,11.0,0.0,105.0,145.0,29.0,62.0,65.0,64.0,17.0,59.0,218.0,430.0,0.571,0.571,0.107,0.337,0.306,0.5,0.041,0.341,,5.0,0.0,73.0,148.0,39.0,53.0,53.0,,0.0,50.0,69.0,133.0,0.4,0.583,0.143,0.292,0.25,,0.0,0.292,0.583,5.3,,0.0,-8.3,1.3,11.0,0.1,0.0,5.0,0.0,69.0,-9.6,1.6,-0.2,-0.4,133.0,1.5,20.0,6.4,0.292,10.0,-0.1,-0.1,-0.085,,1.0,4.0,0.0,0.0,5.0,0.0,0.0,0.0,7.0,69.0,-10.0,-8.6,0.0,0.0,51.0,0.0,49.0,133.0,2.0,0.0,1.5,3.7,0.4,0.7,5.1,0.143,2.2,,0.0,5.1,116.0,0.292,2.2,8.8,0.25,0.0,0.0,,5.0,0.0,69.0,0.7,61.0,5.8,5.1,133.0,1.5,2.2,5.8,1.0,2.6,0.4,0.5,3.7,0.143,1.6,,0.0,3.7,0.292,1.6,6.3,0.25,0.0,0.0,,5.0,0.0,69.0,0.5,4.2,3.7,133.0,1.0,1.6,4.2,0.4,1.0,0.4,0.2,1.4,0.143,0.6,,0.0,1.4,0.292,0.6,2.4,0.25,0.0,0.0,,5.0,0.0,13.8,0.2,1.6,1.4,172.0,0.4,0.6,1.6,1.0,0.0,,0.2,0.714,20.3,0.0,0.0,0.25,1.0,0.0,1.0,0.4,0.0,0.143,5.0,0.0,69.0,1.0,1.0,0.083,0.083,0.083,0.417,0.167,0.583,133.0,2.0,5.0,0.4,1.0,7.0,0.143,3.0,,0.0,7.0,0.292,3.0,12.0,0.25,0.0,0.0,,5.0,0.0,69.0,1.0,8.0,7.0,168.0,2.0,3.0,8.0,0.0
jonesco02,Colby Jones,https://www.basketball-reference.com/players/j/jonesco02.html,2023-24,2024,21.0,SAC,SG,SG,84.0,SG,30.0,0.0,192.0,26.0,49.0,0.531,2.0,22.0,0.091,20.0,,5.0,23.0,0.408,28.0,71.0,0.394,6.0,11.0,0.545,17.0,29.0,64.0,436.0,7.0,10.0,40.0,0.0,0.9,1.6,0.531,0.1,0.7,0.091,0.7,,0.2,0.8,0.408,0.9,2.4,0.394,0.2,0.4,0.545,30.0,0.0,6.4,0.6,1.0,2.1,495.0,0.2,0.3,1.3,4.9,9.2,0.531,0.4,4.1,0.091,3.7,,0.9,4.3,0.408,5.2,13.3,0.394,1.1,2.1,0.545,30.0,0.0,192.0,3.2,5.4,12.0,439.0,1.3,1.9,7.5,6.6,12.4,0.531,0.5,5.6,0.091,5.1,,1.3,5.8,115.0,0.408,7.1,18.0,0.394,1.5,2.8,0.545,30.0,0.0,192.0,4.3,97.0,7.3,16.2,439.0,1.8,2.5,10.1,0.31,13.9,,2.4,-5.0,0.4,13.7,0.2,0.155,30.0,0.0,192.0,-5.4,9.7,-0.2,8.9,439.0,1.8,11.6,11.7,0.422,19.1,-0.1,0.0,0.007,,0,16,1,5,30,0,1,4,47,192,1.7,3.0,0,0,6,23,71,439,6,2,0.0,0.0,,0.125,0.364,12.1,1.0,0.014,0.394,0.462,0.455,1.0,0.531,0.583,0.091,30.0,0.0,192.0,0.538,1.0,0.183,0.155,0.014,0.69,0.338,0.31,439.0,-19.6,-24.0,,30.0,0.0,97.0,78.0,25.0,75.0,83.0,70.0,63.0,73.0,192.0,439.0,0.531,0.31,0.091,0.408,0.394,0.545,0.155,0.422,,,,,,,,,,,,,,,,,,,,,,,,,,,,,,,,,,,,,,,,,,,,,,,,,,,,,,,,,,,,,,,,,,,,,,,,,,,,,,,,,,,,,,,,,,,,,,,,,,,,,,,,,,,,,,,,,,,,,,,,,,,,,,,,,,,,,,,,,,,,,,,,,,,,,,,,,,,,,,,,,,,,,,,,,,,,,,,,,,,,,,,,,,,,,,,,,,,,,,,,,,,,,
queentr01,Trevelin Queen,https://www.basketball-reference.com/players/q/queentr01.html,2023-24,2024,26.0,ORL,SG,SG,85.0,SG,14.0,0.0,165.0,11.0,21.0,0.524,3.0,17.0,0.176,18.0,,5.0,17.0,0.408,14.0,38.0,0.368,9.0,12.0,0.75,3.0,15.0,40.0,467.0,7.0,7.0,20.0,0.0,0.8,1.5,0.524,0.2,1.2,0.176,1.3,,0.4,1.2,0.408,1.0,2.7,0.368,0.6,0.9,0.75,14.0,0.0,11.8,0.2,1.1,2.9,456.0,0.5,0.5,1.4,2.4,4.6,0.524,0.7,3.7,0.176,3.9,,1.1,3.7,0.408,3.1,8.3,0.368,2.0,2.6,0.75,14.0,0.0,165.0,0.7,3.3,8.7,447.0,1.5,1.5,4.4,3.3,6.3,0.524,0.9,5.1,0.176,5.4,,1.5,5.1,111.0,0.408,4.2,11.4,0.368,2.7,3.6,0.75,14.0,0.0,165.0,0.9,101.0,4.5,12.0,447.0,2.1,2.1,6.0,0.447,14.5,,2.8,-3.4,1.4,12.2,0.3,0.316,14.0,0.0,165.0,-4.7,2.1,-0.1,8.3,447.0,2.1,13.9,7.1,0.462,13.3,-0.1,0.2,0.056,,0,8,1,6,14,0,2,0,48,165,-1.2,0.6,0,0,12,30,59,447,5,2,0.0,0.0,,0.167,0.353,14.0,5.0,0.132,0.368,0.778,0.0,0.5,0.524,0.375,0.176,14.0,0.0,165.0,0.727,0.667,0.237,0.053,0.053,0.553,0.211,0.447,447.0,-10.5,-10.2,,14.0,0.0,96.0,113.0,48.0,75.0,78.0,96.0,129.0,80.0,165.0,447.0,0.524,0.447,0.176,0.408,0.368,0.75,0.316,0.462,,,,,,,,,,,,,,,,,,,,,,,,,,,,,,,,,,,,,,,,,,,,,,,,,,,,,,,,,,,,,,,,,,,,,,,,,,,,,,,,,,,,,,,,,,,,,,,,,,,,,,,,,,,,,,,,,,,,,,,,,,,,,,,,,,,,,,,,,,,,,,,,,,,,,,,,,,,,,,,,,,,,,,,,,,,,,,,,,,,,,,,,,,,,,,,,,,,,,,,,,,,,,
bernaju01,Jules Bernard,https://www.basketball-reference.com/players/b/bernaju01.html,2023-24,2024,24.0,WAS,SG,SG,86.0,SG,19.0,0.0,149.0,18.0,35.0,0.514,11.0,29.0,0.379,16.0,,1.0,16.0,0.539,29.0,64.0,0.453,5.0,9.0,0.556,10.0,14.0,74.0,431.0,3.0,8.0,26.0,0.0,0.9,1.8,0.514,0.6,1.5,0.379,0.8,,0.1,0.8,0.539,1.5,3.4,0.453,0.3,0.5,0.556,19.0,0.0,7.8,0.5,0.7,3.9,407.0,0.2,0.4,1.4,4.3,8.5,0.514,2.7,7.0,0.379,3.9,,0.2,3.9,0.539,7.0,15.5,0.453,1.2,2.2,0.556,19.0,0.0,149.0,2.4,3.4,17.9,453.0,0.7,1.9,6.3,5.6,11.0,0.514,3.5,9.1,0.379,5.0,,0.3,5.0,122.0,0.539,9.1,20.1,0.453,1.6,2.8,0.556,19.0,0.0,149.0,3.1,109.0,4.4,23.2,453.0,0.9,2.5,8.2,0.453,15.4,,0.5,-3.0,-2.5,11.8,0.0,0.141,19.0,0.0,149.0,-0.6,7.0,0.0,12.7,453.0,0.9,10.5,9.3,0.544,21.5,0.0,0.1,0.026,,1,8,2,6,19,0,3,2,39,149,14.5,4.7,0,0,2,36,63,453,3,3,0.0,0.0,,0.6,0.172,14.0,1.0,0.016,0.453,0.571,0.5,0.0,0.514,0.455,0.379,19.0,0.0,149.0,0.278,0.909,0.328,0.031,0.016,0.547,0.172,0.453,453.0,-1.0,-4.8,,19.0,0.0,94.0,115.0,104.0,99.0,96.0,71.0,58.0,94.0,149.0,453.0,0.514,0.453,0.379,0.539,0.453,0.556,0.141,0.544,,,,,,,,,,,,,,,,,,,,,,,,,,,,,,,,,,,,,,,,,,,,,,,,,,,,,,,,,,,,,,,,,,,,,,,,,,,,,,,,,,,,,,,,,,,,,,,,,,,,,,,,,,,,,,,,,,,,,,,,,,,,,,,,,,,,,,,,,,,,,,,,,,,,,,,,,,,,,,,,,,,,,,,,,,,,,,,,,,,,,,,,,,,,,,,,,,,,,,,,,,,,,
willije02,Nate Williams,https://www.basketball-reference.com/players/w/willije02.html,2023-24,2024,24.0,HOU,SG,SG,87.0,SG,22.0,0.0,129.0,25.0,45.0,0.556,2.0,5.0,0.4,7.0,,1.0,11.0,0.56,27.0,50.0,0.54,7.0,13.0,0.538,12.0,10.0,63.0,439.0,4.0,4.0,23.0,0.0,1.1,2.0,0.556,0.1,0.2,0.4,0.3,,0.0,0.5,0.56,1.2,2.3,0.54,0.3,0.6,0.538,22.0,0.0,5.9,0.5,0.5,2.9,458.0,0.2,0.2,1.0,7.0,12.6,0.556,0.6,1.4,0.4,2.0,,0.3,3.1,0.56,7.5,14.0,0.54,2.0,3.6,0.538,22.0,0.0,129.0,3.3,2.8,17.6,459.0,1.1,1.1,6.4,9.4,16.9,0.556,0.8,1.9,0.4,2.6,,0.4,4.1,116.0,0.56,10.2,18.8,0.54,2.6,4.9,0.538,22.0,0.0,129.0,4.5,118.0,3.8,23.7,459.0,1.5,1.5,8.6,0.1,8.3,,0.7,-1.6,-0.8,9.2,0.1,0.26,22.0,0.0,129.0,-0.8,9.9,0.2,15.6,459.0,1.5,6.7,9.6,0.565,19.7,0.0,0.3,0.11,,0,7,0,8,22,0,3,8,16,129,8.8,9.6,0,0,23,3,74,459,2,0,0.0,0.0,,0.25,0.8,5.9,5.0,0.1,0.54,0.826,0.0,0.0,0.556,0.316,0.4,22.0,0.0,129.0,0.4,1.0,0.46,0.04,0.02,0.9,0.38,0.1,459.0,1.3,-1.6,,22.0,0.0,102.0,25.0,109.0,102.0,114.0,69.0,106.0,97.0,129.0,459.0,0.556,0.1,0.4,0.56,0.54,0.538,0.26,0.565,,,,,,,,,,,,,,,,,,,,,,,,,,,,,,,,,,,,,,,,,,,,,,,,,,,,,,,,,,,,,,,,,,,,,,,,,,,,,,,,,,,,,,,,,,,,,,,,,,,,,,,,,,,,,,,,,,,,,,,,,,,,,,,,,,,,,,,,,,,,,,,,,,,,,,,,,,,,,,,,,,,,,,,,,,,,,,,,,,,,,,,,,,,,,,,,,,,,,,,,,,,,,
ramseja01,Jahmi'us Ramsey,https://www.basketball-reference.com/players/r/ramseja01.html,2023-24,2024,22.0,TOR,SG,SG,88.0,SG,7.0,1.0,121.0,12.0,19.0,0.632,6.0,22.0,0.273,8.0,,0.0,18.0,0.512,18.0,41.0,0.439,5.0,6.0,0.833,4.0,10.0,47.0,453.0,7.0,7.0,22.0,0.0,1.7,2.7,0.632,0.9,3.1,0.273,1.1,,0.0,2.6,0.512,2.6,5.9,0.439,0.7,0.9,0.833,7.0,1.0,17.3,0.6,1.4,6.7,275.0,1.0,1.0,3.1,3.6,5.7,0.632,1.8,6.5,0.273,2.4,,0.0,5.4,0.512,5.4,12.2,0.439,1.5,1.8,0.833,7.0,1.0,121.0,1.2,3.0,14.0,465.0,2.1,2.1,6.5,4.8,7.6,0.632,2.4,8.8,0.273,3.2,,0.0,7.2,117.0,0.512,7.2,16.4,0.439,2.0,2.4,0.833,7.0,1.0,121.0,1.6,102.0,4.0,18.8,465.0,2.8,2.8,8.8,0.537,9.1,,0.0,-4.4,-0.5,16.7,0.1,0.146,7.0,1.0,121.0,-3.9,3.6,-0.1,10.6,465.0,2.8,13.8,10.0,0.538,17.9,-0.1,0.1,0.021,,0,6,1,3,7,1,0,2,19,121,-3.5,-9.8,0,0,27,19,54,465,6,0,0.0,0.0,,0.333,0.273,15.9,4.0,0.098,0.439,0.75,0.667,1.0,0.632,0.0,0.273,7.0,1.0,121.0,0.583,1.0,0.293,0.073,0.024,0.463,0.073,0.537,465.0,-2.8,-3.6,,7.0,1.0,116.0,136.0,75.0,94.0,93.0,106.0,60.0,93.0,121.0,465.0,0.632,0.537,0.273,0.512,0.439,0.833,0.146,0.538,,,,,,,,,,,,,,,,,,,,,,,,,,,,,,,,,,,,,,,,,,,,,,,,,,,,,,,,,,,,,,,,,,,,,,,,,,,,,,,,,,,,,,,,,,,,,,,,,,,,,,,,,,,,,,,,,,,,,,,,,,,,,,,,,,,,,,,,,,,,,,,,,,,,,,,,,,,,,,,,,,,,,,,,,,,,,,,,,,,,,,,,,,,,,,,,,,,,,,,,,,,,,
hoodsja01,Jalen Hood-Schifino,https://www.basketball-reference.com/players/h/hoodsja01.html,2023-24,2024,20.0,LAL,SG,SG,89.0,SG,21.0,0.0,109.0,8.0,30.0,0.267,2.0,15.0,0.133,8.0,,2.0,11.0,0.244,10.0,45.0,0.222,12.0,20.0,0.6,2.0,13.0,34.0,476.0,3.0,9.0,13.0,0.0,0.4,1.4,0.267,0.1,0.7,0.133,0.4,,0.1,0.5,0.244,0.5,2.1,0.222,0.6,1.0,0.6,21.0,0.0,5.2,0.1,0.6,1.6,516.0,0.1,0.4,0.6,2.6,9.9,0.267,0.7,5.0,0.133,2.6,,0.7,3.6,0.244,3.3,14.9,0.222,4.0,6.6,0.6,21.0,0.0,109.0,0.7,4.3,11.2,473.0,1.0,3.0,4.3,3.5,13.1,0.267,0.9,6.5,0.133,3.5,,0.9,4.8,117.0,0.244,4.4,19.6,0.222,5.2,8.7,0.6,21.0,0.0,109.0,0.9,66.0,5.7,14.8,473.0,1.3,3.9,5.7,0.333,9.1,,1.6,-16.1,-3.7,10.7,0.1,0.444,21.0,0.0,109.0,-12.4,2.1,-0.6,-1.5,473.0,1.3,14.3,6.6,0.316,24.9,-0.4,-0.5,-0.222,,0,7,0,8,21,0,0,5,19,109,-24.8,-23.7,0,0,2,28,70,473,6,3,0.0,0.0,,0.0,0.067,16.1,1.0,0.022,0.222,0.6,0.25,0.273,0.267,0.1,0.133,21.0,0.0,109.0,0.625,1.0,0.111,0.089,0.244,0.667,0.222,0.333,473.0,-27.2,-28.4,,21.0,0.0,49.0,84.0,36.0,45.0,47.0,77.0,182.0,54.0,109.0,473.0,0.267,0.333,0.133,0.244,0.222,0.6,0.444,0.316,,,,,,,,,,,,,,,,,,,,,,,,,,,,,,,,,,,,,,,,,,,,,,,,,,,,,,,,,,,,,,,,,,,,,,,,,,,,,,,,,,,,,,,,,,,,,,,,,,,,,,,,,,,,,,,,,,,,,,,,,,,,,,,,,,,,,,,,,,,,,,,,,,,,,,,,,,,,,,,,,,,,,,,,,,,,,,,,,,,,,,,,,,,,,,,,,,,,,,,,,,,,,
swideco01,Cole Swider,https://www.basketball-reference.com/players/s/swideco01.html,2023-24,2024,24.0,MIA,SF,SG,90.0,SG,18.0,0.0,87.0,5.0,8.0,0.625,10.0,30.0,0.333,5.0,,1.0,6.0,0.526,15.0,38.0,0.395,2.0,2.0,1.0,1.0,4.0,42.0,463.0,1.0,8.0,7.0,0.0,0.3,0.4,0.625,0.6,1.7,0.333,0.3,,0.1,0.3,0.526,0.8,2.1,0.395,0.1,0.1,1.0,18.0,0.0,4.8,0.1,0.2,2.3,487.0,0.1,0.4,0.4,2.1,3.3,0.625,4.1,12.4,0.333,2.1,,0.4,2.5,0.526,6.2,15.7,0.395,0.8,0.8,1.0,18.0,0.0,87.0,0.4,1.7,17.4,483.0,0.4,3.3,2.9,2.9,4.6,0.625,5.7,17.2,0.333,2.9,,0.6,3.4,117.0,0.526,8.6,21.8,0.395,1.1,1.1,1.0,18.0,0.0,87.0,0.6,91.0,2.3,24.1,483.0,0.6,4.6,4.0,0.789,8.8,,1.1,-4.5,-2.4,7.9,0.1,0.053,18.0,0.0,87.0,-2.1,1.3,-0.2,7.1,483.0,0.6,17.1,4.6,0.54,24.0,-0.1,-0.1,-0.05,,0,3,0,1,18,0,0,0,10,87,-16.1,-13.7,0,11,0,40,49,483,3,4,0.0,0.0,,0.5,0.267,22.1,2.0,0.053,0.395,1.0,1.0,0.5,0.625,0.0,0.333,18.0,0.0,87.0,0.8,1.0,0.079,0.026,0.053,0.211,0.053,0.789,483.0,-1.5,-3.1,,18.0,0.0,115.0,200.0,91.0,96.0,83.0,128.0,22.0,93.0,87.0,483.0,0.625,0.789,0.333,0.526,0.395,1.0,0.053,0.54,,,,,,,,,,,,,,,,,,,,,,,,,,,,,,,,,,,,,,,,,,,,,,,,,,,,,,,,,,,,,,,,,,,,,,,,,,,,,,,,,,,,,,,,,,,,,,,,,,,,,,,,,,,,,,,,,,,,,,,,,,,,,,,,,,,,,,,,,,,,,,,,,,,,,,,,,,,,,,,,,,,,,,,,,,,,,,,,,,,,,,,,,,,,,,,,,,,,,,,,,,,,,
bouknja01,James Bouknight,https://www.basketball-reference.com/players/b/bouknja01.html,2023-24,2024,23.0,CHO,SG,SG,91.0,SG,14.0,0.0,81.0,5.0,11.0,0.455,13.0,30.0,0.433,6.0,,1.0,8.0,0.598,18.0,41.0,0.439,1.0,2.0,0.5,1.0,3.0,50.0,448.0,1.0,2.0,9.0,0.0,0.4,0.8,0.455,0.9,2.1,0.433,0.4,,0.1,0.6,0.598,1.3,2.9,0.439,0.1,0.1,0.5,14.0,0.0,5.8,0.1,0.2,3.6,418.0,0.1,0.1,0.6,2.2,4.9,0.455,5.8,13.3,0.433,2.7,,0.4,3.6,0.598,8.0,18.2,0.439,0.4,0.9,0.5,14.0,0.0,81.0,0.4,1.3,22.2,489.0,0.4,0.9,4.0,3.0,6.7,0.455,7.9,18.3,0.433,3.7,,0.6,4.9,123.0,0.598,11.0,25.0,0.439,0.6,1.2,0.5,14.0,0.0,81.0,0.6,115.0,1.8,30.5,489.0,0.6,1.2,5.5,0.732,12.2,,1.2,2.2,-2.2,11.4,0.0,0.049,14.0,0.0,81.0,4.4,1.3,0.1,15.9,489.0,0.6,4.6,6.2,0.597,23.9,0.1,0.1,0.062,,0,3,0,1,14,0,0,2,14,81,0.1,-10.5,0,0,0,28,72,489,2,0,0.0,0.0,,0.286,0.233,20.2,1.0,0.024,0.439,0.714,0.0,0.0,0.455,0.0,0.433,14.0,0.0,81.0,0.4,0.538,0.171,0.024,0.024,0.268,0.049,0.732,489.0,4.2,1.4,,14.0,0.0,83.0,185.0,118.0,109.0,93.0,64.0,20.0,103.0,81.0,489.0,0.455,0.732,0.433,0.598,0.439,0.5,0.049,0.597,,,,,,,,,,,,,,,,,,,,,,,,,,,,,,,,,,,,,,,,,,,,,,,,,,,,,,,,,,,,,,,,,,,,,,,,,,,,,,,,,,,,,,,,,,,,,,,,,,,,,,,,,,,,,,,,,,,,,,,,,,,,,,,,,,,,,,,,,,,,,,,,,,,,,,,,,,,,,,,,,,,,,,,,,,,,,,,,,,,,,,,,,,,,,,,,,,,,,,,,,,,,,
robinje01,Jerome Robinson,https://www.basketball-reference.com/players/r/robinje01.html,2023-24,2024,26.0,GSW,SG,SG,91.0,SG,22.0,0.0,81.0,9.0,16.0,0.563,2.0,17.0,0.118,5.0,,3.0,5.0,0.364,11.0,33.0,0.333,7.0,11.0,0.636,1.0,5.0,31.0,486.0,1.0,2.0,6.0,0.0,0.4,0.7,0.563,0.1,0.8,0.118,0.2,,0.1,0.2,0.364,0.5,1.5,0.333,0.3,0.5,0.636,22.0,0.0,3.7,0.0,0.2,1.4,530.0,0.0,0.1,0.3,4.0,7.1,0.563,0.9,7.6,0.118,2.2,,1.3,2.2,0.364,4.9,14.7,0.333,3.1,4.9,0.636,22.0,0.0,81.0,0.4,2.2,13.8,488.0,0.4,0.9,2.7,5.4,9.6,0.563,1.2,10.2,0.118,3.0,,1.8,3.0,118.0,0.364,6.6,19.7,0.333,4.2,6.6,0.636,22.0,0.0,81.0,0.6,92.0,3.0,18.5,488.0,0.6,1.2,3.6,0.515,8.0,,3.3,-8.3,-2.2,6.6,0.1,0.333,22.0,0.0,81.0,-6.1,1.4,-0.1,5.7,488.0,0.6,5.0,4.0,0.41,20.7,-0.1,-0.1,-0.04,,0,3,1,4,22,0,1,0,11,81,13.2,15.7,0,0,39,0,62,488,1,0,0.0,0.0,,0.0,0.235,15.5,2.0,0.061,0.333,0.75,,0.0,0.563,0.429,0.118,22.0,0.0,81.0,1.0,1.0,0.242,0.0,0.03,0.485,0.212,0.515,488.0,-12.1,-12.9,,22.0,0.0,103.0,130.0,32.0,67.0,70.0,81.0,136.0,71.0,81.0,488.0,0.563,0.515,0.118,0.364,0.333,0.636,0.333,0.41,,,,,,,,,,,,,,,,,,,,,,,,,,,,,,,,,,,,,,,,,,,,,,,,,,,,,,,,,,,,,,,,,,,,,,,,,,,,,,,,,,,,,,,,,,,,,,,,,,,,,,,,,,,,,,,,,,,,,,,,,,,,,,,,,,,,,,,,,,,,,,,,,,,,,,,,,,,,,,,,,,,,,,,,,,,,,,,,,,,,,,,,,,,,,,,,,,,,,,,,,,,,,
hintona01,Nate Hinton,https://www.basketball-reference.com/players/h/hintona01.html,2023-24,2024,24.0,HOU,SG,SG,93.0,SG,15.0,0.0,75.0,4.0,12.0,0.333,7.0,14.0,0.5,10.0,,2.0,15.0,0.558,11.0,26.0,0.423,4.0,5.0,0.8,7.0,11.0,33.0,480.0,3.0,3.0,22.0,0.0,0.3,0.8,0.333,0.5,0.9,0.5,0.7,,0.1,1.0,0.558,0.7,1.7,0.423,0.3,0.3,0.8,15.0,0.0,5.0,0.5,0.7,2.2,491.0,0.2,0.2,1.5,1.9,5.8,0.333,3.4,6.7,0.5,4.8,,1.0,7.2,0.558,5.3,12.5,0.423,1.9,2.4,0.8,15.0,0.0,75.0,3.4,5.3,15.8,494.0,1.4,1.4,10.6,2.6,7.8,0.333,4.5,9.1,0.5,6.5,,1.3,9.7,110.0,0.558,7.1,16.8,0.423,2.6,3.2,0.8,15.0,0.0,75.0,4.5,128.0,7.1,21.3,494.0,1.9,1.9,14.2,0.538,18.6,,2.5,3.6,1.7,21.7,0.1,0.192,15.0,0.0,75.0,1.9,9.9,0.2,17.6,494.0,1.9,9.6,15.7,0.585,17.7,0.1,0.3,0.187,,0,5,1,3,15,0,1,2,21,75,8.3,9.3,0,0,24,13,63,494,3,0,0.0,0.0,,0.0,0.143,16.0,0.0,0.0,0.423,0.429,,0.0,0.333,0.333,0.5,15.0,0.0,75.0,0.25,0.714,0.269,0.0,0.077,0.462,0.115,0.538,494.0,0.6,0.3,,15.0,0.0,61.0,136.0,137.0,102.0,89.0,102.0,79.0,101.0,75.0,494.0,0.333,0.538,0.5,0.558,0.423,0.8,0.192,0.585,,,,,,,,,,,,,,,,,,,,,,,,,,,,,,,,,,,,,,,,,,,,,,,,,,,,,,,,,,,,,,,,,,,,,,,,,,,,,,,,,,,,,,,,,,,,,,,,,,,,,,,,,,,,,,,,,,,,,,,,,,,,,,,,,,,,,,,,,,,,,,,,,,,,,,,,,,,,,,,,,,,,,,,,,,,,,,,,,,,,,,,,,,,,,,,,,,,,,,,,,,,,,
moorewe01,Wendell Moore Jr.,https://www.basketball-reference.com/players/m/moorewe01.html,2023-24,2024,22.0,MIN,SG,SG,93.0,SG,25.0,0.0,75.0,9.0,12.0,0.75,0.0,6.0,0.0,6.0,,1.0,12.0,0.5,9.0,18.0,0.5,0.0,0.0,,0.0,5.0,18.0,513.0,5.0,4.0,12.0,0.0,0.4,0.5,0.75,0.0,0.2,0.0,0.2,,0.0,0.5,0.5,0.4,0.7,0.5,0.0,0.0,,25.0,0.0,3.0,0.0,0.2,0.7,554.0,0.2,0.2,0.5,4.3,5.8,0.75,0.0,2.9,0.0,2.9,,0.5,5.8,0.5,4.3,8.6,0.5,0.0,0.0,,25.0,0.0,75.0,0.0,2.4,8.6,493.0,2.4,1.9,5.8,5.9,7.9,0.75,0.0,4.0,0.0,4.0,,0.7,7.9,106.0,0.5,5.9,11.9,0.5,0.0,0.0,,25.0,0.0,75.0,0.0,92.0,3.3,11.9,493.0,3.3,2.6,7.9,0.333,10.9,,1.2,-2.8,3.3,17.4,0.2,0.0,25.0,0.0,75.0,-6.1,0.0,-0.1,8.6,493.0,3.3,18.2,9.1,0.5,13.0,0.0,0.1,0.052,,0,2,0,0,25,0,0,0,14,75,-8.3,-1.6,0,5,13,33,49,493,1,2,0.0,0.0,,0.0,0.333,13.0,1.0,0.056,0.5,1.0,0.75,0.0,0.75,0.667,0.0,25.0,0.0,75.0,0.556,,0.222,0.222,0.056,0.667,0.167,0.333,493.0,-1.7,-2.9,,25.0,0.0,138.0,84.0,0.0,91.0,105.0,,0.0,86.0,75.0,493.0,0.75,0.333,0.0,0.5,0.5,,0.0,0.5,,6.0,0.0,122.0,145.0,68.0,91.0,90.0,,0.0,86.0,18.0,172.0,0.667,0.571,0.25,0.5,0.429,,0.0,0.5,0.571,17.3,,0.0,-1.4,4.2,13.1,0.0,0.0,6.0,0.0,18.0,-5.6,0.0,0.0,9.3,172.0,2.9,12.5,6.6,0.5,20.2,0.0,0.0,0.031,,0.0,2.0,0.0,0.0,6.0,0.0,0.0,0.0,5.0,18.0,26.0,29.9,0.0,0.0,0.0,64.0,37.0,172.0,0.0,1.0,5.8,8.7,0.667,2.9,11.6,0.25,5.8,,0.0,5.8,111.0,0.5,8.7,20.3,0.429,0.0,0.0,,6.0,0.0,18.0,0.0,99.0,8.7,20.3,172.0,2.9,2.9,5.8,4.0,6.0,0.667,2.0,8.0,0.25,4.0,,0.0,4.0,0.5,6.0,14.0,0.429,0.0,0.0,,6.0,0.0,18.0,0.0,6.0,14.0,172.0,2.0,2.0,4.0,0.3,0.5,0.667,0.2,0.7,0.25,0.3,,0.0,0.3,0.5,0.5,1.2,0.429,0.0,0.0,,6.0,0.0,3.0,0.0,0.5,1.2,179.0,0.2,0.2,0.3,0.0,0.0,,,0.0,18.9,0.0,0.0,0.429,1.0,0.0,,0.667,1.0,0.25,6.0,0.0,18.0,0.0,0.0,0.143,0.143,0.0,0.429,0.143,0.571,172.0,2.0,3.0,0.667,1.0,4.0,0.25,2.0,,0.0,2.0,0.5,3.0,7.0,0.429,0.0,0.0,,6.0,0.0,18.0,0.0,3.0,7.0,165.0,1.0,1.0,2.0,0.0
brownke03,Kendall Brown,https://www.basketball-reference.com/players/b/brownke03.html,2023-24,2024,20.0,IND,SG,SG,95.0,SG,15.0,0.0,63.0,8.0,13.0,0.615,0.0,2.0,0.0,5.0,,0.0,2.0,0.533,8.0,15.0,0.533,5.0,8.0,0.625,3.0,9.0,21.0,505.0,0.0,2.0,5.0,0.0,0.5,0.9,0.615,0.0,0.1,0.0,0.3,,0.0,0.1,0.533,0.5,1.0,0.533,0.3,0.5,0.625,15.0,0.0,4.2,0.2,0.6,1.4,528.0,0.0,0.1,0.3,4.6,7.4,0.615,0.0,1.1,0.0,2.9,,0.0,1.1,0.533,4.6,8.6,0.533,2.9,4.6,0.625,15.0,0.0,63.0,1.7,5.1,12.0,507.0,0.0,1.1,2.9,6.0,9.7,0.615,0.0,1.5,0.0,3.7,,0.0,1.5,126.0,0.533,6.0,11.2,0.533,3.7,6.0,0.625,15.0,0.0,63.0,2.2,119.0,6.7,15.7,507.0,0.0,1.5,3.7,0.133,9.3,,0.0,-6.8,-2.6,3.6,0.0,0.533,15.0,0.0,63.0,-4.2,5.4,0.1,7.6,507.0,0.0,9.7,4.5,0.567,13.7,-0.1,0.1,0.045,,1,5,1,4,15,0,0,0,11,63,-22.5,-19.2,0,3,9,30,58,507,1,0,0.0,0.0,,0.0,0.5,7.0,3.0,0.2,0.533,0.667,0.0,,0.615,0.8,0.0,15.0,0.0,63.0,0.75,,0.4,0.133,0.0,0.867,0.333,0.133,507.0,-0.4,-0.5,,15.0,0.0,113.0,34.0,0.0,98.0,112.0,80.0,218.0,98.0,63.0,507.0,0.615,0.133,0.0,0.533,0.533,0.625,0.533,0.567,,7.0,0.0,61.0,0.0,,61.0,70.0,,0.0,57.0,25.0,167.0,0.333,0.0,,0.333,0.333,,0.0,0.333,0.0,9.5,,3.7,-12.2,-2.5,13.8,0.0,0.0,7.0,0.0,25.0,-9.7,0.0,-0.1,-2.2,167.0,0.0,33.3,7.0,0.333,16.3,-0.1,-0.1,-0.212,,0.0,1.0,0.0,0.0,7.0,0.0,0.0,1.0,4.0,25.0,-50.3,-47.7,0.0,0.0,60.0,11.0,29.0,167.0,2.0,1.0,4.1,12.3,0.333,0.0,0.0,,4.1,,2.0,6.1,121.0,0.333,4.1,12.3,0.333,0.0,0.0,,7.0,0.0,25.0,0.0,56.0,4.1,8.2,167.0,0.0,6.1,6.1,2.9,8.6,0.333,0.0,0.0,,2.9,,1.4,4.3,0.333,2.9,8.6,0.333,0.0,0.0,,7.0,0.0,25.0,0.0,2.9,5.8,167.0,0.0,4.3,4.3,0.3,0.9,0.333,0.0,0.0,,0.3,,0.1,0.4,0.333,0.3,0.9,0.333,0.0,0.0,,7.0,0.0,3.6,0.0,0.3,0.6,191.0,0.0,0.4,0.4,0.0,0.0,,,,5.3,0.0,0.0,0.333,0.5,0.0,,0.333,0.333,,7.0,0.0,25.0,0.5,,0.333,0.167,0.0,1.0,0.5,0.0,167.0,2.0,6.0,0.333,0.0,0.0,,2.0,,1.0,3.0,0.333,2.0,6.0,0.333,0.0,0.0,,7.0,0.0,25.0,0.0,2.0,4.0,177.0,0.0,3.0,3.0,0.0
johnske07,Keon Johnson,https://www.basketball-reference.com/players/j/johnske07.html,2023-24,2024,21.0,BRK,SG,SG,96.0,SG,5.0,0.0,61.0,4.0,11.0,0.364,4.0,10.0,0.4,3.0,,1.0,4.0,0.476,8.0,21.0,0.381,11.0,12.0,0.917,3.0,5.0,31.0,485.0,3.0,5.0,7.0,0.0,0.8,2.2,0.364,0.8,2.0,0.4,0.6,,0.2,0.8,0.476,1.6,4.2,0.381,2.2,2.4,0.917,5.0,0.0,12.2,0.6,1.0,6.2,295.0,0.6,1.0,1.4,2.4,6.5,0.364,2.4,5.9,0.4,1.8,,0.6,2.4,0.476,4.7,12.4,0.381,6.5,7.1,0.917,5.0,0.0,61.0,1.8,3.0,18.3,509.0,1.8,3.0,4.1,3.2,8.9,0.364,3.2,8.1,0.4,2.4,,0.8,3.2,116.0,0.476,6.5,17.0,0.381,8.9,9.7,0.917,5.0,0.0,61.0,2.4,110.0,4.1,25.2,509.0,2.4,4.1,5.7,0.476,6.9,,1.5,-2.7,-1.1,7.4,0.1,0.571,5.0,0.0,61.0,-1.6,5.2,0.0,13.1,509.0,2.4,16.0,6.3,0.59,22.2,0.0,0.1,0.068,,0,3,0,4,5,0,0,1,8,61,-15.2,-18.0,0,0,23,0,77,509,4,0,0.0,0.0,,1.0,0.1,17.5,1.0,0.048,0.381,0.5,0.0,0.25,0.364,0.5,0.4,5.0,0.0,61.0,0.75,1.0,0.19,0.048,0.19,0.524,0.095,0.476,509.0,-3.0,0.5,,5.0,0.0,67.0,121.0,109.0,87.0,80.0,117.0,234.0,102.0,61.0,509.0,0.364,0.476,0.4,0.476,0.381,0.917,0.571,0.59,,,,,,,,,,,,,,,,,,,,,,,,,,,,,,,,,,,,,,,,,,,,,,,,,,,,,,,,,,,,,,,,,,,,,,,,,,,,,,,,,,,,,,,,,,,,,,,,,,,,,,,,,,,,,,,,,,,,,,,,,,,,,,,,,,,,,,,,,,,,,,,,,,,,,,,,,,,,,,,,,,,,,,,,,,,,,,,,,,,,,,,,,,,,,,,,,,,,,,,,,,,,,
seabrde01,Dereon Seabron,https://www.basketball-reference.com/players/s/seabrde01.html,2023-24,2024,23.0,NOP,SG,SG,97.0,SG,6.0,0.0,55.0,3.0,11.0,0.273,1.0,2.0,0.5,5.0,,1.0,6.0,0.346,4.0,13.0,0.308,5.0,6.0,0.833,1.0,4.0,14.0,522.0,2.0,0.0,7.0,0.0,0.5,1.8,0.273,0.2,0.3,0.5,0.8,,0.2,1.0,0.346,0.7,2.2,0.308,0.8,1.0,0.833,6.0,0.0,9.2,0.2,0.7,2.3,486.0,0.3,0.0,1.2,2.0,7.2,0.273,0.7,1.3,0.5,3.3,,0.7,3.9,0.346,2.6,8.5,0.308,3.3,3.9,0.833,6.0,0.0,55.0,0.7,2.6,9.2,514.0,1.3,0.0,4.6,2.7,9.8,0.273,0.9,1.8,0.5,4.5,,0.9,5.3,114.0,0.346,3.6,11.6,0.308,4.5,5.3,0.833,6.0,0.0,55.0,0.9,115.0,3.6,12.5,514.0,1.8,0.0,6.2,0.154,11.2,,1.8,-1.5,1.2,12.0,0.1,0.462,6.0,0.0,55.0,-2.7,2.0,0.0,9.2,514.0,1.8,0.0,7.1,0.448,12.4,0.0,0.1,0.087,,0,2,1,3,6,0,0,1,12,55,19.6,23.9,0,5,0,24,72,514,0,0,0.0,0.0,,0.0,0.5,7.9,0.0,0.0,0.308,0.4,0.333,,0.273,0.0,0.5,6.0,0.0,55.0,0.0,1.0,0.385,0.231,0.0,0.846,0.231,0.154,514.0,-5.2,-4.1,,6.0,0.0,50.0,39.0,137.0,63.0,65.0,106.0,189.0,77.0,55.0,514.0,0.273,0.154,0.5,0.346,0.308,0.833,0.462,0.448,,,,,,,,,,,,,,,,,,,,,,,,,,,,,,,,,,,,,,,,,,,,,,,,,,,,,,,,,,,,,,,,,,,,,,,,,,,,,,,,,,,,,,,,,,,,,,,,,,,,,,,,,,,,,,,,,,,,,,,,,,,,,,,,,,,,,,,,,,,,,,,,,,,,,,,,,,,,,,,,,,,,,,,,,,,,,,,,,,,,,,,,,,,,,,,,,,,,,,,,,,,,,
arcidry01,Ryan Arcidiacono,https://www.basketball-reference.com/players/a/arcidry01.html,2023-24,2024,29.0,NYK,PG,SG,98.0,SG,20.0,0.0,45.0,0.0,0.0,,0.0,6.0,0.0,4.0,,0.0,8.0,0.0,0.0,6.0,0.0,0.0,0.0,,0.0,5.0,0.0,563.0,2.0,2.0,8.0,0.0,0.0,0.0,,0.0,0.3,0.0,0.2,,0.0,0.4,0.0,0.0,0.3,0.0,0.0,0.0,,20.0,0.0,2.3,0.0,0.3,0.0,563.0,0.1,0.1,0.4,0.0,0.0,,0.0,4.8,0.0,3.2,,0.0,6.4,0.0,0.0,4.8,0.0,0.0,0.0,,20.0,0.0,45.0,0.0,4.0,0.0,524.0,1.6,1.6,6.4,0.0,0.0,,0.0,6.7,0.0,4.5,,0.0,9.0,112.0,0.0,0.0,6.7,0.0,0.0,0.0,,20.0,0.0,45.0,0.0,33.0,5.6,0.0,524.0,2.2,2.2,9.0,1.0,10.4,,0.0,-9.6,1.9,20.0,0.1,0.0,20.0,0.0,45.0,-11.5,0.0,-0.1,-2.0,524.0,2.2,25.0,10.0,0.0,7.7,-0.1,-0.1,-0.089,,0,3,2,0,20,0,0,0,11,45,2.9,7.6,0,0,0,36,65,524,2,0,0.0,0.0,,,0.0,26.3,0.0,0.0,0.0,,,,,,0.0,20.0,0.0,45.0,,,0.0,0.0,0.0,0.0,0.0,1.0,524.0,-6.6,-7.0,,20.0,0.0,,253.0,0.0,0.0,0.0,,0.0,0.0,45.0,524.0,,1.0,0.0,0.0,0.0,,0.0,0.0,,,,,,,,,,,,,,,,,,,,,,,,,,,,,,,,,,,,,,,,,,,,,,,,,,,,,,,,,,,,,,,,,,,,,,,,,,,,,,,,,,,,,,,,,,,,,,,,,,,,,,,,,,,,,,,,,,,,,,,,,,,,,,,,,,,,,,,,,,,,,,,,,,,,,,,,,,,,,,,,,,,,,,,,,,,,,,,,,,,,,,,,,,,,,,,,,,,,,,,,,,,,,
ntilila01,Frank Ntilikina,https://www.basketball-reference.com/players/n/ntilila01.html,2023-24,2024,25.0,CHO,PG,SG,99.0,SG,5.0,0.0,43.0,0.0,1.0,0.0,1.0,8.0,0.125,4.0,,0.0,5.0,0.167,1.0,9.0,0.111,2.0,2.0,1.0,1.0,4.0,5.0,545.0,0.0,1.0,6.0,0.0,0.0,0.2,0.0,0.2,1.6,0.125,0.8,,0.0,1.0,0.167,0.2,1.8,0.111,0.4,0.4,1.0,5.0,0.0,8.6,0.2,0.8,1.0,546.0,0.0,0.2,1.2,0.0,0.8,0.0,0.8,6.7,0.125,3.3,,0.0,4.2,0.167,0.8,7.5,0.111,1.7,1.7,1.0,5.0,0.0,43.0,0.8,3.3,4.2,525.0,0.0,0.8,5.0,0.0,1.1,0.0,1.1,9.2,0.125,4.6,,0.0,5.7,125.0,0.167,1.1,10.3,0.111,2.3,2.3,1.0,5.0,0.0,43.0,1.1,75.0,4.6,5.7,525.0,0.0,1.1,6.9,0.889,11.5,,0.0,-13.4,-3.4,13.5,0.0,0.222,5.0,0.0,43.0,-10.0,2.5,-0.1,0.0,525.0,0.0,9.2,7.8,0.253,11.2,-0.1,-0.1,-0.099,,0,2,0,1,5,0,0,0,10,43,3.6,-7.0,0,0,14,0,86,525,0,1,0.0,0.0,,0.0,0.375,24.2,0.0,0.0,0.111,,,0.0,0.0,,0.125,5.0,0.0,43.0,,1.0,0.0,0.0,0.111,0.111,0.0,0.889,525.0,-6.8,-6.5,,5.0,0.0,0.0,225.0,34.0,30.0,23.0,128.0,91.0,44.0,43.0,525.0,0.0,0.889,0.125,0.167,0.111,1.0,0.222,0.253,,,,,,,,,,,,,,,,,,,,,,,,,,,,,,,,,,,,,,,,,,,,,,,,,,,,,,,,,,,,,,,,,,,,,,,,,,,,,,,,,,,,,,,,,,,,,,,,,,,,,,,,,,,,,,,,,,,,,,,,,,,,,,,,,,,,,,,,,,,,,,,,,,,,,,,,,,,,,,,,,,,,,,,,,,,,,,,,,,,,,,,,,,,,,,,,,,,,,,,,,,,,,
mooreta02,Taze Moore,https://www.basketball-reference.com/players/m/mooreta02.html,2023-24,2024,25.0,POR,SG,SG,100.0,SG,4.0,0.0,40.0,7.0,12.0,0.583,1.0,7.0,0.143,5.0,,0.0,4.0,0.447,8.0,19.0,0.421,1.0,2.0,0.5,4.0,4.0,18.0,512.0,2.0,3.0,8.0,0.0,1.8,3.0,0.583,0.3,1.8,0.143,1.3,,0.0,1.0,0.447,2.0,4.8,0.421,0.3,0.5,0.5,4.0,0.0,10.0,1.0,1.0,4.5,365.0,0.5,0.8,2.0,6.3,10.8,0.583,0.9,6.3,0.143,4.5,,0.0,3.6,0.447,7.2,17.1,0.421,0.9,1.8,0.5,4.0,0.0,40.0,3.6,3.6,16.2,529.0,1.8,2.7,7.2,8.6,14.8,0.583,1.2,8.6,0.143,6.2,,0.0,4.9,117.0,0.447,9.9,23.5,0.421,1.2,2.5,0.5,4.0,0.0,40.0,4.9,98.0,4.9,22.2,529.0,2.5,3.7,9.9,0.368,20.4,,0.0,-3.1,-0.6,11.9,0.0,0.105,4.0,0.0,40.0,-2.5,10.6,0.0,11.8,529.0,2.5,13.1,11.2,0.453,24.3,0.0,0.0,-0.017,,0,2,1,1,4,0,0,0,13,40,-11.8,-21.1,0,0,36,0,64,529,2,1,0.0,0.0,,0.0,0.286,11.9,2.0,0.105,0.421,1.0,,0.0,0.583,0.0,0.143,4.0,0.0,40.0,0.429,1.0,0.368,0.0,0.053,0.632,0.211,0.368,529.0,-3.8,-5.1,,4.0,0.0,107.0,93.0,39.0,82.0,89.0,64.0,43.0,78.0,40.0,529.0,0.583,0.368,0.143,0.447,0.421,0.5,0.105,0.453,,,,,,,,,,,,,,,,,,,,,,,,,,,,,,,,,,,,,,,,,,,,,,,,,,,,,,,,,,,,,,,,,,,,,,,,,,,,,,,,,,,,,,,,,,,,,,,,,,,,,,,,,,,,,,,,,,,,,,,,,,,,,,,,,,,,,,,,,,,,,,,,,,,,,,,,,,,,,,,,,,,,,,,,,,,,,,,,,,,,,,,,,,,,,,,,,,,,,,,,,,,,,
