season,player_display_name,player_name,player_id,recent_team,ppr_position,position,position_ppr_rank,games,fantasy_points_ppr,ppr_per_game,fantasy_points,standard_to_ppr_gap,receptions,targets,receiving_yards,receiving_tds,target_share,air_yards_share,wopr,carries,rushing_yards,rushing_tds,completions,attempts,passing_yards,passing_tds,passing_interceptions,offense_snaps,offense_snap_pct,ppr_per_offense_snap,ppr_avg,ppr_std,ppr_best_week,weeks_20plus_ppr,position_group,headshot_url,season_type,sacks_suffered,sack_yards_lost,sack_fumbles,sack_fumbles_lost,passing_air_yards,passing_yards_after_catch,passing_first_downs,passing_epa,passing_cpoe,passing_2pt_conversions,pacr,passing_10,passing_16,passing_20,passing_40,rushing_fumbles,rushing_fumbles_lost,rushing_first_downs,rushing_epa,rushing_2pt_conversions,rushing_10,rushing_12,rushing_20,rushing_40,receiving_fumbles,receiving_fumbles_lost,receiving_air_yards,receiving_yards_after_catch,receiving_first_downs,receiving_epa,receiving_2pt_conversions,receiving_10,receiving_16,receiving_20,receiving_40,racr,special_teams_tds,def_tackles_solo,def_tackles_with_assist,def_tackle_assists,def_tackles_for_loss,def_tackles_for_loss_yards,def_fumbles_forced,def_sacks,def_sack_yards,def_qb_hits,def_interceptions,def_interception_yards,def_pass_defended,def_tds,def_fumbles,def_safeties,def_punt_blocks,def_pat_blocks,def_fg_blocks,def_2pt_atts,def_2pt_made,misc_yards,fumble_recovery_own,fumble_recovery_yards_own,fumble_recovery_opp,fumble_recovery_yards_opp,fumble_recovery_tds,penalties,penalty_yards,fumbles_forced_by_opp,fumbles_not_forced,fumbles_out_of_bounds,fumbles_total,fumbles_lost_total,punt_returns,punt_return_yards,kickoff_returns,kickoff_return_yards,fg_made,fg_att,fg_missed,fg_blocked,fg_long,fg_pct,fg_made_0_19,fg_made_20_29,fg_made_30_39,fg_made_40_49,fg_made_50_59,fg_made_60_,fg_missed_0_19,fg_missed_20_29,fg_missed_30_39,fg_missed_40_49,fg_missed_50_59,fg_missed_60_,fg_made_list,fg_missed_list,fg_blocked_list,fg_made_distance,fg_missed_distance,fg_blocked_distance,pat_made,pat_att,pat_missed,pat_blocked,pat_pct,gwfg_made,gwfg_att,gwfg_missed,gwfg_blocked,gwfg_distance_list,pt_att,pt_blocked,pt_long,pt_yards,pt_inside_20,pt_out_of_bounds,pt_downed,pt_touchback,pt_fair_caught,pt_returned,pt_return_yards,pt_return_tds,pt_net_yards,playoff_player_name,playoff_player_display_name,playoff_position,playoff_position_group,playoff_headshot_url,playoff_season,playoff_season_type,playoff_recent_team,playoff_games,playoff_completions,playoff_attempts,playoff_passing_yards,playoff_passing_tds,playoff_passing_interceptions,playoff_sacks_suffered,playoff_sack_yards_lost,playoff_sack_fumbles,playoff_sack_fumbles_lost,playoff_passing_air_yards,playoff_passing_yards_after_catch,playoff_passing_first_downs,playoff_passing_epa,playoff_passing_cpoe,playoff_passing_2pt_conversions,playoff_pacr,playoff_passing_10,playoff_passing_16,playoff_passing_20,playoff_passing_40,playoff_carries,playoff_rushing_yards,playoff_rushing_tds,playoff_rushing_fumbles,playoff_rushing_fumbles_lost,playoff_rushing_first_downs,playoff_rushing_epa,playoff_rushing_2pt_conversions,playoff_rushing_10,playoff_rushing_12,playoff_rushing_20,playoff_rushing_40,playoff_receptions,playoff_targets,playoff_receiving_yards,playoff_receiving_tds,playoff_receiving_fumbles,playoff_receiving_fumbles_lost,playoff_receiving_air_yards,playoff_receiving_yards_after_catch,playoff_receiving_first_downs,playoff_receiving_epa,playoff_receiving_2pt_conversions,playoff_receiving_10,playoff_receiving_16,playoff_receiving_20,playoff_receiving_40,playoff_racr,playoff_target_share,playoff_air_yards_share,playoff_wopr,playoff_special_teams_tds,playoff_def_tackles_solo,playoff_def_tackles_with_assist,playoff_def_tackle_assists,playoff_def_tackles_for_loss,playoff_def_tackles_for_loss_yards,playoff_def_fumbles_forced,playoff_def_sacks,playoff_def_sack_yards,playoff_def_qb_hits,playoff_def_interceptions,playoff_def_interception_yards,playoff_def_pass_defended,playoff_def_tds,playoff_def_fumbles,playoff_def_safeties,playoff_def_punt_blocks,playoff_def_pat_blocks,playoff_def_fg_blocks,playoff_def_2pt_atts,playoff_def_2pt_made,playoff_misc_yards,playoff_fumble_recovery_own,playoff_fumble_recovery_yards_own,playoff_fumble_recovery_opp,playoff_fumble_recovery_yards_opp,playoff_fumble_recovery_tds,playoff_penalties,playoff_penalty_yards,playoff_fumbles_forced_by_opp,playoff_fumbles_not_forced,playoff_fumbles_out_of_bounds,playoff_fumbles_total,playoff_fumbles_lost_total,playoff_punt_returns,playoff_punt_return_yards,playoff_kickoff_returns,playoff_kickoff_return_yards,playoff_fg_made,playoff_fg_att,playoff_fg_missed,playoff_fg_blocked,playoff_fg_long,playoff_fg_pct,playoff_fg_made_0_19,playoff_fg_made_20_29,playoff_fg_made_30_39,playoff_fg_made_40_49,playoff_fg_made_50_59,playoff_fg_made_60_,playoff_fg_missed_0_19,playoff_fg_missed_20_29,playoff_fg_missed_30_39,playoff_fg_missed_40_49,playoff_fg_missed_50_59,playoff_fg_missed_60_,playoff_fg_made_list,playoff_fg_missed_list,playoff_fg_blocked_list,playoff_fg_made_distance,playoff_fg_missed_distance,playoff_fg_blocked_distance,playoff_pat_made,playoff_pat_att,playoff_pat_missed,playoff_pat_blocked,playoff_pat_pct,playoff_gwfg_made,playoff_gwfg_att,playoff_gwfg_missed,playoff_gwfg_blocked,playoff_gwfg_distance_list,playoff_pt_att,playoff_pt_blocked,playoff_pt_long,playoff_pt_yards,playoff_pt_inside_20,playoff_pt_out_of_bounds,playoff_pt_downed,playoff_pt_touchback,playoff_pt_fair_caught,playoff_pt_returned,playoff_pt_return_yards,playoff_pt_return_tds,playoff_pt_net_yards,playoff_fantasy_points,playoff_fantasy_points_ppr,gsis_id,pfr_id,espn_id,display_name,birth_date,height,weight,college_name,draft_year,draft_round,draft_pick,draft_team,rookie_season,years_of_experience,snap_games,defense_snaps,st_snaps,defense_snap_pct,st_snap_pct,pfr_rec_season,pfr_rec_player,pfr_rec_tm,pfr_rec_age,pfr_rec_pos,pfr_rec_g,pfr_rec_gs,pfr_rec_tgt,pfr_rec_rec,pfr_rec_yds,pfr_rec_td,pfr_rec_x1d,pfr_rec_ybc,pfr_rec_ybc_r,pfr_rec_yac,pfr_rec_yac_r,pfr_rec_adot,pfr_rec_brk_tkl,pfr_rec_rec_br,pfr_rec_drop,pfr_rec_drop_percent,pfr_rec_int,pfr_rec_rat,pfr_rec_loaded,pfr_rush_season,pfr_rush_player,pfr_rush_tm,pfr_rush_age,pfr_rush_pos,pfr_rush_g,pfr_rush_gs,pfr_rush_att,pfr_rush_yds,pfr_rush_td,pfr_rush_x1d,pfr_rush_ybc,pfr_rush_ybc_att,pfr_rush_yac,pfr_rush_yac_att,pfr_rush_brk_tkl,pfr_rush_att_br,pfr_rush_loaded,pfr_pass_player,pfr_pass_team,pfr_pass_pass_attempts,pfr_pass_throwaways,pfr_pass_spikes,pfr_pass_drops,pfr_pass_drop_pct,pfr_pass_bad_throws,pfr_pass_bad_throw_pct,pfr_pass_season,pfr_pass_pocket_time,pfr_pass_times_blitzed,pfr_pass_times_hurried,pfr_pass_times_hit,pfr_pass_times_pressured,pfr_pass_pressure_pct,pfr_pass_batted_balls,pfr_pass_on_tgt_throws,pfr_pass_on_tgt_pct,pfr_pass_rpo_plays,pfr_pass_rpo_yards,pfr_pass_rpo_pass_att,pfr_pass_rpo_pass_yards,pfr_pass_rpo_rush_att,pfr_pass_rpo_rush_yards,pfr_pass_pa_pass_att,pfr_pass_pa_pass_yards,pfr_pass_intended_air_yards,pfr_pass_intended_air_yards_per_pass_attempt,pfr_pass_completed_air_yards,pfr_pass_completed_air_yards_per_completion,pfr_pass_completed_air_yards_per_pass_attempt,pfr_pass_pass_yards_after_catch,pfr_pass_pass_yards_after_catch_per_completion,pfr_pass_scrambles,pfr_pass_scramble_yards_per_attempt,qbr_season,qbr_season_type,qbr_game_week,qbr_team_abb,qbr_name_short,qbr_rank,qbr_qbr_total,qbr_pts_added,qbr_qb_plays,qbr_epa_total,qbr_pass,qbr_run,qbr_exp_sack,qbr_penalty,qbr_qbr_raw,qbr_sack,qbr_name_first,qbr_name_last,qbr_name_display,qbr_headshot_href,qbr_team,qbr_qualified,weekly_games,ppr_median,ppr_worst_week,weeks_10plus_ppr,weeks_15plus_ppr,weeks_25plus_ppr
2022,Patrick Mahomes,P.Mahomes,00-0033873,KC,QB,QB,1.0,17,417.4,24.552941176470586,416.4,1.0,1,1,6,0,0.0016286644951140066,-0.0019100169779286927,0.0011059848581209252,61,358,4,435,648,5250,41,12,1131.0,0.9835294117647058,0.3690539345711759,24.552941176470586,6.466389801026808,34.9,10,QB,"https://static.www.nfl.com/image/upload/f_auto,q_auto/league/wdckwtob1lybvkmxnf7p",REG,26,-188,0,0,4715,2830,272,193.13120477679908,3.5721681097525426,2,1.1134676564156947,210,114,73,13,4,0,25,24.309492984170184,1,16,12,1,0,0,0,-9,15,0,0.3510209037922323,0,0,0,0,0,0.0,0,1,0,1,0,0,0,0.0,0.0,0,0,0,0,0,0,0,0,0,0,0,0,0,4,-6,0,0,0,0,0,1,4,0,5,0,0,0,0,0,0,0,0,0,,,0,0,0,0,0,0,0,0,0,0,0,0,,,,0,0,0,0,0,0,0,,0,0,0,0,,0,0,,0,0,0,0,0,0,0,0,0,0,P.Mahomes,Patrick Mahomes,QB,QB,"https://static.www.nfl.com/image/upload/f_auto,q_auto/league/wdckwtob1lybvkmxnf7p",2022.0,POST,KC,3.0,72.0,100.0,703.0,7.0,0.0,3.0,-11.0,1.0,1.0,618.0,352.0,40.0,29.47696544374101,7.536140559835637,0.0,1.1375404530744337,32.0,13.0,6.0,0.0,12.0,60.0,0.0,0.0,0.0,4.0,0.6372905131542481,0.0,2.0,2.0,1.0,0.0,0.0,0.0,0.0,0.0,0.0,0.0,0.0,0.0,0.0,,0.0,0.0,0.0,0.0,0.0,,0.0,0.0,0.0,0.0,0.0,0.0,0.0,0.0,0.0,0.0,0.0,0.0,0.0,0.0,0.0,0.0,0.0,0.0,0.0,0.0,0.0,0.0,0.0,0.0,0.0,1.0,0.0,0.0,0.0,0.0,0.0,0.0,0.0,1.0,0.0,1.0,1.0,0.0,0.0,0.0,0.0,0.0,0.0,0.0,0.0,,,0.0,0.0,0.0,0.0,0.0,0.0,0.0,0.0,0.0,0.0,0.0,0.0,,,,0.0,0.0,0.0,0.0,0.0,0.0,0.0,,0.0,0.0,0.0,0.0,,0.0,0.0,,0.0,0.0,0.0,0.0,0.0,0.0,0.0,0.0,0.0,0.0,60.120000000000005,60.120000000000005,00-0033873,MahoPa00,3139477.0,Patrick Mahomes,1995-09-17,74.0,225.0,Texas Tech,2017.0,1.0,10.0,KC,2017,10,17.0,0.0,0.0,0.0,0.0,2022.0,Patrick Mahomes,KC,27.0,QB,17.0,17.0,1.0,1.0,6.0,0.0,0.0,-9.0,-9.0,15.0,15.0,-9.0,0.0,,0.0,0.0,0.0,91.7,2023-08-28,2022.0,Patrick Mahomes,KC,27.0,QB,17.0,17.0,61.0,358.0,4.0,25.0,345.0,5.7,13.0,0.2,0.0,,2023-08-28,Patrick Mahomes,KC,648.0,33.0,0.0,33.0,5.4,95.0,15.4,2022.0,2.6,160.0,58.0,56.0,140.0,19.4,8.0,474.0,77.1,91.0,713.0,86.0,692.0,4.0,21.0,143.0,1394.0,,,,,,,,,,2022.0,Regular,Season Total,KC,P. Mahomes,1.0,79.0,71.4,763.0,132.8,106.5,24.9,0.0,1.5,79.0,-10.7,Patrick,Mahomes,Patrick Mahomes,https://a.espncdn.com/i/headshots/nfl/players/full/3139477.png,Chiefs,True,17,23.76,14.98,17,16,8
2022,Josh Allen,J.Allen,00-0034857,BUF,QB,QB,2.0,16,395.52,24.72,395.52,0.0,0,0,0,0,0.0,0.0,0.0,124,762,7,359,567,4283,35,14,1061.0,0.9762500000000001,0.3727803958529689,24.72,6.594247998571686,35.86,12,QB,"https://static.www.nfl.com/image/upload/f_auto,q_auto/league/mjwbioajzldkq1vzoz2d",REG,33,-162,6,3,5229,1588,212,101.72242584986512,1.0026066509239815,1,0.8190858672786384,162,88,51,12,7,2,55,40.40278244318234,1,26,17,8,1,0,0,0,0,0,,0,0,0,0,0,,0,2,1,0,0,0,0,0.0,0.0,0,0,0,0,0,0,0,0,0,0,0,0,0,5,-5,0,0,0,1,15,7,6,0,13,5,0,0,0,0,0,0,0,0,,,0,0,0,0,0,0,0,0,0,0,0,0,,,,0,0,0,0,0,0,0,,0,0,0,0,,0,0,,0,0,0,0,0,0,0,0,0,0,J.Allen,Josh Allen,QB,QB,"https://static.www.nfl.com/image/upload/f_auto,q_auto/league/mjwbioajzldkq1vzoz2d",2022.0,POST,BUF,2.0,48.0,81.0,616.0,3.0,3.0,8.0,-39.0,2.0,1.0,990.0,181.0,30.0,-13.564710701164326,3.1717830664151676,0.0,0.6222222222222222,24.0,15.0,9.0,1.0,12.0,46.0,1.0,1.0,0.0,5.0,3.9082747605862096,0.0,1.0,1.0,0.0,0.0,0.0,0.0,0.0,0.0,0.0,0.0,0.0,0.0,0.0,,0.0,0.0,0.0,0.0,0.0,,0.0,0.0,0.0,0.0,0.0,0.0,0.0,0.0,0.0,0.0,0.0,0.0,0.0,0.0,0.0,0.0,0.0,0.0,0.0,0.0,0.0,0.0,0.0,0.0,0.0,0.0,0.0,0.0,0.0,0.0,0.0,0.0,3.0,0.0,1.0,3.0,1.0,0.0,0.0,0.0,0.0,0.0,0.0,0.0,0.0,,,0.0,0.0,0.0,0.0,0.0,0.0,0.0,0.0,0.0,0.0,0.0,0.0,,,,0.0,0.0,0.0,0.0,0.0,0.0,0.0,,0.0,0.0,0.0,0.0,,0.0,0.0,,0.0,0.0,0.0,0.0,0.0,0.0,0.0,0.0,0.0,0.0,39.24,39.24,00-0034857,AlleJo02,3918298.0,Josh Allen,1996-05-21,77.0,237.0,Wyoming; Reedley,2018.0,1.0,7.0,BUF,2018,9,16.0,0.0,0.0,0.0,0.0,,,,,,,,,,,,,,,,,,,,,,,,,2022.0,Josh Allen,BUF,26.0,QB,16.0,16.0,124.0,762.0,7.0,55.0,592.0,4.8,170.0,1.4,5.0,24.8,2023-08-28,Josh Allen,BUF,567.0,18.0,1.0,37.0,6.8,91.0,16.6,2022.0,2.5,144.0,41.0,40.0,114.0,17.4,14.0,404.0,73.7,69.0,493.0,62.0,471.0,5.0,22.0,145.0,1235.0,,,,,,,,,,2022.0,Regular,Season Total,BUF,J. Allen,2.0,73.4,60.0,746.0,120.1,74.1,43.9,0.0,2.2,75.7,-12.1,Josh,Allen,Josh Allen,https://a.espncdn.com/i/headshots/nfl/players/full/3918298.png,Bills,True,16,24.159999999999997,12.579999999999998,16,15,7
2022,Jalen Hurts,J.Hurts,00-0036389,PHI,QB,QB,3.0,15,378.03999999999996,25.202666666666666,378.03999999999996,0.0,0,0,0,0,0.0,0.0,0.0,165,760,13,306,460,3701,22,6,1028.0,0.9746666666666667,0.36774319066147854,25.20266666666667,7.466059839286685,34.7,12,QB,"https://static.www.nfl.com/image/upload/f_auto,q_auto/league/xow5yvxjeqa6witmofmp",REG,38,-231,4,2,3725,1782,165,71.2700870482575,2.717287321200316,0,0.9935570469798658,152,80,52,11,5,0,67,49.743342914217926,2,26,17,7,1,0,0,0,0,0,,0,0,0,0,0,,0,2,0,0,0,0,0,0.0,0.0,0,0,0,0,0,0,0,0,0,0,0,0,0,2,-16,0,0,0,1,5,5,4,1,9,2,0,0,0,0,0,0,0,0,,,0,0,0,0,0,0,0,0,0,0,0,0,,,,0,0,0,0,0,0,0,,0,0,0,0,,0,0,,0,0,0,0,0,0,0,0,0,0,J.Hurts,Jalen Hurts,QB,QB,"https://static.www.nfl.com/image/upload/f_auto,q_auto/league/xow5yvxjeqa6witmofmp",2022.0,POST,PHI,3.0,58.0,87.0,579.0,3.0,0.0,4.0,-8.0,1.0,0.0,791.0,249.0,25.0,18.126640159880488,3.806078652056252,0.0,0.7319848293299621,18.0,11.0,7.0,3.0,35.0,143.0,5.0,1.0,1.0,17.0,7.551538869665936,1.0,5.0,4.0,1.0,0.0,0.0,0.0,0.0,0.0,0.0,0.0,0.0,0.0,0.0,,0.0,0.0,0.0,0.0,0.0,,0.0,0.0,0.0,0.0,0.0,0.0,0.0,0.0,0.0,0.0,0.0,0.0,0.0,0.0,0.0,0.0,0.0,0.0,0.0,0.0,0.0,0.0,0.0,0.0,0.0,1.0,0.0,0.0,0.0,0.0,0.0,0.0,1.0,1.0,0.0,2.0,1.0,0.0,0.0,0.0,0.0,0.0,0.0,0.0,0.0,,,0.0,0.0,0.0,0.0,0.0,0.0,0.0,0.0,0.0,0.0,0.0,0.0,,,,0.0,0.0,0.0,0.0,0.0,0.0,0.0,,0.0,0.0,0.0,0.0,,0.0,0.0,,0.0,0.0,0.0,0.0,0.0,0.0,0.0,0.0,0.0,0.0,79.46,79.46,00-0036389,HurtJa00,4040715.0,Jalen Hurts,1998-08-07,73.0,223.0,Oklahoma; Alabama,2020.0,2.0,53.0,PHI,2020,7,15.0,0.0,0.0,0.0,0.0,,,,,,,,,,,,,,,,,,,,,,,,,2022.0,Jalen Hurts,PHI,24.0,QB,15.0,15.0,165.0,760.0,13.0,67.0,627.0,3.8,133.0,0.8,8.0,20.6,2023-08-28,Jalen Hurts,PHI,460.0,23.0,0.0,22.0,5.0,62.0,14.2,2022.0,2.3,172.0,39.0,22.0,99.0,18.3,13.0,340.0,77.8,148.0,1156.0,122.0,1068.0,21.0,88.0,133.0,1094.0,,,,,,,,,,2022.0,Regular,Season Total,PHI,J. Hurts,4.0,68.3,42.8,683.0,95.7,54.7,38.7,0.0,2.3,70.8,-13.9,Jalen,Hurts,Jalen Hurts,https://a.espncdn.com/i/headshots/nfl/players/full/4040715.png,Eagles,True,15,27.6,8.46,14,14,8
2022,Joe Burrow,J.Burrow,00-0036442,CIN,QB,QB,4.0,16,350.7,21.91875,350.7,0.0,0,0,0,0,0.0,0.0,0.0,75,257,5,414,606,4475,35,12,1091.0,0.98625,0.3214482126489459,21.91875,7.3464457392673905,39.24,8,QB,"https://static.www.nfl.com/image/upload/f_auto,q_auto/league/gnnvcgui1cijybukk2w7",REG,41,-259,6,3,4142,2135,219,89.21103731591246,2.729947165412418,3,1.0803959439884114,175,82,53,10,0,0,27,2.737210092251189,0,9,8,2,0,0,0,0,0,0,,0,0,0,0,0,,0,0,0,0,0,0,0,0.0,0.0,0,0,0,0,0,0,0,0,0,0,0,0,0,1,0,0,0,0,1,13,6,0,0,6,3,0,0,0,0,0,0,0,0,,,0,0,0,0,0,0,0,0,0,0,0,0,,,,0,0,0,0,0,0,0,,0,0,0,0,,0,0,,0,0,0,0,0,0,0,0,0,0,J.Burrow,Joe Burrow,QB,QB,"https://static.www.nfl.com/image/upload/f_auto,q_auto/league/gnnvcgui1cijybukk2w7",2022.0,POST,CIN,3.0,72.0,109.0,721.0,4.0,2.0,10.0,-60.0,0.0,0.0,747.0,341.0,36.0,16.009902525826757,5.32461810525101,1.0,0.965194109772423,32.0,12.0,7.0,0.0,15.0,70.0,1.0,0.0,0.0,6.0,4.099038010957884,0.0,3.0,2.0,1.0,0.0,0.0,0.0,0.0,0.0,0.0,0.0,0.0,0.0,0.0,,0.0,0.0,0.0,0.0,0.0,,0.0,0.0,0.0,0.0,0.0,0.0,0.0,0.0,0.0,0.0,0.0,0.0,0.0,0.0,0.0,0.0,0.0,0.0,0.0,0.0,0.0,0.0,0.0,0.0,0.0,0.0,0.0,0.0,0.0,0.0,1.0,9.0,0.0,0.0,0.0,0.0,0.0,0.0,0.0,0.0,0.0,0.0,0.0,0.0,0.0,,,0.0,0.0,0.0,0.0,0.0,0.0,0.0,0.0,0.0,0.0,0.0,0.0,,,,0.0,0.0,0.0,0.0,0.0,0.0,0.0,,0.0,0.0,0.0,0.0,,0.0,0.0,,0.0,0.0,0.0,0.0,0.0,0.0,0.0,0.0,0.0,0.0,55.84,55.84,00-0036442,BurrJo01,3915511.0,Joe Burrow,1996-12-10,76.0,215.0,LSU; Ohio State,2020.0,1.0,1.0,CIN,2020,7,16.0,0.0,0.0,0.0,0.0,,,,,,,,,,,,,,,,,,,,,,,,,2022.0,Joe Burrow,CIN,26.0,QB,16.0,16.0,75.0,257.0,5.0,28.0,220.0,2.9,37.0,0.5,0.0,,2023-08-28,Joe Burrow,CIN,606.0,17.0,1.0,34.0,5.8,76.0,12.9,2022.0,2.2,110.0,22.0,48.0,111.0,16.5,24.0,465.0,79.1,65.0,432.0,58.0,414.0,2.0,18.0,95.0,619.0,,,,,,,,,,2022.0,Regular,Season Total,CIN,J. Burrow,10.0,60.8,19.3,750.0,79.6,63.5,13.3,0.0,2.8,59.0,-16.0,Joe,Burrow,Joe Burrow,https://a.espncdn.com/i/headshots/nfl/players/full/3915511.png,Bengals,True,16,19.61,11.6,16,14,4
2022,Geno Smith,G.Smith,00-0030565,SEA,QB,QB,5.0,17,303.88,17.87529411764706,303.88,0.0,0,0,0,0,0.0,0.0,0.0,68,366,1,399,572,4282,30,11,1093.0,1.0,0.2780237877401647,17.87529411764706,5.721881375088812,31.700000000000003,5,QB,"https://static.www.nfl.com/image/upload/f_auto,q_auto/league/zppfqqcyjfma14jjif3a",REG,46,-348,5,2,4311,1780,206,26.879135374029335,5.622158285932264,0,0.9932730225005799,176,82,50,6,3,2,24,1.3382587222828481,0,14,12,2,0,0,0,0,0,0,,0,0,0,0,0,,0,1,0,0,0,0,0,0.0,0.0,0,0,0,0,0,0,0,0,0,0,0,0,0,2,-4,0,0,0,5,51,4,4,0,8,4,0,0,0,0,0,0,0,0,,,0,0,0,0,0,0,0,0,0,0,0,0,,,,0,0,0,0,0,0,0,,0,0,0,0,,0,0,,0,0,0,0,0,0,0,0,0,0,G.Smith,Geno Smith,QB,QB,"https://static.www.nfl.com/image/upload/f_auto,q_auto/league/zppfqqcyjfma14jjif3a",2022.0,POST,SEA,1.0,25.0,35.0,253.0,2.0,1.0,3.0,-25.0,1.0,1.0,326.0,77.0,14.0,2.813331615631003,10.690565407276154,0.0,0.7760736196319018,10.0,3.0,3.0,1.0,4.0,28.0,0.0,0.0,0.0,2.0,1.251745910807073,0.0,1.0,0.0,0.0,0.0,0.0,0.0,0.0,0.0,0.0,0.0,0.0,0.0,0.0,,0.0,0.0,0.0,0.0,0.0,,0.0,0.0,0.0,0.0,0.0,0.0,0.0,0.0,0.0,0.0,0.0,0.0,0.0,0.0,0.0,0.0,0.0,0.0,0.0,0.0,0.0,0.0,0.0,0.0,0.0,0.0,0.0,0.0,0.0,0.0,0.0,0.0,1.0,0.0,0.0,1.0,1.0,0.0,0.0,0.0,0.0,0.0,0.0,0.0,0.0,,,0.0,0.0,0.0,0.0,0.0,0.0,0.0,0.0,0.0,0.0,0.0,0.0,,,,0.0,0.0,0.0,0.0,0.0,0.0,0.0,,0.0,0.0,0.0,0.0,,0.0,0.0,,0.0,0.0,0.0,0.0,0.0,0.0,0.0,0.0,0.0,0.0,16.92,16.92,00-0030565,SmitGe00,15864.0,Geno Smith,1990-10-10,75.0,221.0,West Virginia,2013.0,2.0,39.0,NYJ,2013,14,17.0,0.0,0.0,0.0,0.0,,,,,,,,,,,,,,,,,,,,,,,,,2022.0,Geno Smith,SEA,32.0,QB,17.0,17.0,68.0,366.0,1.0,24.0,326.0,4.8,40.0,0.6,2.0,34.0,2023-08-28,Geno Smith,SEA,572.0,20.0,1.0,18.0,3.3,65.0,11.8,2022.0,2.4,170.0,37.0,64.0,147.0,22.5,11.0,434.0,78.8,37.0,283.0,34.0,278.0,2.0,5.0,135.0,1150.0,,,,,,,,,,2022.0,Regular,Season Total,SEA,G. Smith,7.0,62.8,30.5,725.0,89.7,76.1,11.5,0.0,2.0,64.5,-18.9,Geno,Smith,Geno Smith,https://a.espncdn.com/i/headshots/nfl/players/full/15864.png,Seahawks,True,17,18.9,6.08,16,12,1
2022,Justin Fields,J.Fields,00-0036945,CHI,QB,QB,6.0,15,295.98,19.732000000000003,295.98,0.0,0,0,0,0,0.0,0.0,0.0,160,1143,8,192,318,2242,17,11,917.0,0.9906666666666666,0.32276990185387133,19.732000000000003,10.613077647075665,42.72,6,QB,"https://static.www.nfl.com/image/upload/f_auto,q_auto/league/npjrombgxkc5vjkctcgy",REG,55,-359,7,2,2889,958,91,-67.55924912026882,-2.4806598871454546,1,0.7760470751124957,89,51,32,7,8,0,65,65.18292775351817,0,33,28,10,4,0,0,0,0,0,,0,0,0,0,0,,0,0,0,0,0,0,0,0.0,0.0,0,0,0,0,0,0,0,0,0,0,0,0,0,8,-20,0,0,0,1,5,8,8,2,16,2,0,0,0,0,0,0,0,0,,,0,0,0,0,0,0,0,0,0,0,0,0,,,,0,0,0,0,0,0,0,,0,0,0,0,,0,0,,0,0,0,0,0,0,0,0,0,0,,,,,,,,,,,,,,,,,,,,,,,,,,,,,,,,,,,,,,,,,,,,,,,,,,,,,,,,,,,,,,,,,,,,,,,,,,,,,,,,,,,,,,,,,,,,,,,,,,,,,,,,,,,,,,,,,,,,,,,,,,,,,,,,,,,,,,,,,,,,,,,,,,,,00-0036945,FielJu00,4362887.0,Justin Fields,1999-03-05,75.0,227.0,Ohio State,2021.0,1.0,11.0,CHI,2021,6,15.0,0.0,0.0,0.0,0.0,,,,,,,,,,,,,,,,,,,,,,,,,2022.0,Justin Fields,CHI,23.0,QB,15.0,15.0,160.0,1143.0,8.0,65.0,856.0,5.4,287.0,1.8,10.0,16.0,2023-08-28,Justin Fields,CHI,318.0,13.0,0.0,16.0,5.2,59.0,19.3,2022.0,2.7,102.0,33.0,31.0,119.0,26.9,12.0,217.0,71.1,90.0,475.0,61.0,368.0,25.0,107.0,83.0,759.0,,,,,,,,,,2022.0,Regular,Season Total,CHI,J. Fields,15.5,56.3,13.4,556.0,59.2,10.0,46.5,0.0,2.8,58.5,-20.9,Justin,Fields,Justin Fields,https://a.espncdn.com/i/headshots/nfl/players/full/4362887.png,Bears,True,15,18.400000000000002,4.94,12,10,3
2022,Trevor Lawrence,T.Lawrence,00-0036971,JAX,QB,QB,7.0,17,295.62,17.389411764705883,295.62,0.0,0,0,0,0,0.0,0.0,0.0,62,291,5,387,584,4113,25,8,1096.0,0.9752941176470588,0.2697262773722628,17.389411764705883,8.183642580315501,33.42,6,QB,"https://static.www.nfl.com/image/upload/f_auto,q_auto/league/k9uzdernqkx7oquy7dkg",REG,27,-184,7,5,4294,2017,206,83.8436579103014,1.426955309839011,3,0.9578481602235678,168,83,55,3,5,4,27,-5.21947004223272,0,10,8,1,0,0,0,0,0,0,,0,0,0,0,0,,0,2,0,0,0,0,0,0.0,0.0,0,0,0,0,0,0,0,0,0,0,0,0,0,0,-17,0,0,0,3,36,7,5,0,12,9,0,0,0,0,0,0,0,0,,,0,0,0,0,0,0,0,0,0,0,0,0,,,,0,0,0,0,0,0,0,,0,0,0,0,,0,0,,0,0,0,0,0,0,0,0,0,0,T.Lawrence,Trevor Lawrence,QB,QB,"https://static.www.nfl.com/image/upload/f_auto,q_auto/league/k9uzdernqkx7oquy7dkg",2022.0,POST,JAX,2.0,52.0,86.0,505.0,5.0,5.0,4.0,-27.0,0.0,0.0,656.0,227.0,29.0,-5.897281231291322,-4.83578887014162,0.0,0.7698170731707317,20.0,9.0,5.0,0.0,4.0,34.0,0.0,0.0,0.0,3.0,4.74394796013087,1.0,2.0,1.0,0.0,0.0,0.0,0.0,0.0,0.0,0.0,0.0,0.0,0.0,0.0,,0.0,0.0,0.0,0.0,0.0,,0.0,0.0,0.0,0.0,0.0,0.0,0.0,0.0,0.0,0.0,0.0,0.0,0.0,0.0,0.0,0.0,0.0,0.0,0.0,0.0,0.0,0.0,0.0,0.0,0.0,0.0,0.0,0.0,0.0,0.0,0.0,0.0,0.0,0.0,0.0,0.0,0.0,0.0,0.0,0.0,0.0,0.0,0.0,0.0,0.0,,,0.0,0.0,0.0,0.0,0.0,0.0,0.0,0.0,0.0,0.0,0.0,0.0,,,,0.0,0.0,0.0,0.0,0.0,0.0,0.0,,0.0,0.0,0.0,0.0,,0.0,0.0,,0.0,0.0,0.0,0.0,0.0,0.0,0.0,0.0,0.0,0.0,35.6,35.6,00-0036971,LawrTr00,4360310.0,Trevor Lawrence,1999-10-06,78.0,220.0,Clemson,2021.0,1.0,1.0,JAX,2021,6,17.0,0.0,0.0,0.0,0.0,,,,,,,,,,,,,,,,,,,,,,,,,2022.0,Trevor Lawrence,JAX,23.0,QB,17.0,17.0,62.0,291.0,5.0,27.0,255.0,4.1,36.0,0.6,3.0,20.7,2023-08-28,Trevor Lawrence,JAX,584.0,16.0,2.0,40.0,7.1,85.0,15.0,2022.0,2.2,158.0,45.0,39.0,111.0,17.5,17.0,431.0,76.1,64.0,449.0,56.0,434.0,4.0,15.0,140.0,1265.0,,,,,,,,,,2022.0,Regular,Season Total,JAX,T. Lawrence,17.0,56.1,11.7,711.0,69.6,66.0,1.6,0.0,2.0,55.8,-11.7,Trevor,Lawrence,Trevor Lawrence,https://a.espncdn.com/i/headshots/nfl/players/full/4360310.png,Jaguars,True,17,18.26,4.48,14,11,3
2022,Kirk Cousins,K.Cousins,00-0029604,MIN,QB,QB,8.0,17,291.58,17.151764705882353,291.58,0.0,0,0,0,0,0.0,0.0,0.0,31,97,2,424,643,4547,29,14,1114.0,0.9511764705882354,0.2617414721723519,17.151764705882353,7.424422734541486,32.400000000000006,6,QB,"https://static.www.nfl.com/image/upload/f_auto,q_auto/league/za7cynvpwlsro1tsaijk",REG,46,-329,5,3,4821,1967,230,20.676406551715793,1.3006687115610036,3,0.9431653183986725,188,83,47,10,2,0,11,1.2276068408497767,0,6,5,0,0,0,0,0,0,0,,0,0,0,0,0,,0,0,0,1,0,0,0,0.0,0.0,0,0,0,0,0,0,0,0,0,0,0,0,0,0,-7,0,0,0,1,10,5,2,0,7,3,0,0,0,0,0,0,0,0,,,0,0,0,0,0,0,0,0,0,0,0,0,,,,0,0,0,0,0,0,0,,0,0,0,0,,0,0,,0,0,0,0,0,0,0,0,0,0,K.Cousins,Kirk Cousins,QB,QB,"https://static.www.nfl.com/image/upload/f_auto,q_auto/league/za7cynvpwlsro1tsaijk",2022.0,POST,MIN,1.0,31.0,39.0,273.0,2.0,0.0,0.0,0.0,0.0,0.0,268.0,127.0,16.0,12.248063637001906,13.684575965529994,0.0,1.0186567164179106,12.0,5.0,3.0,0.0,1.0,1.0,1.0,0.0,0.0,1.0,0.6226605533156544,0.0,0.0,0.0,0.0,0.0,1.0,1.0,-2.0,0.0,0.0,0.0,-6.0,4.0,0.0,-2.3801986994221807,0.0,0.0,0.0,0.0,0.0,0.0,0.02564102564102564,-0.022900763358778626,0.022431004110393428,0.0,0.0,0.0,0.0,0.0,0.0,0.0,0.0,0.0,0.0,0.0,0.0,0.0,0.0,0.0,0.0,0.0,0.0,0.0,0.0,0.0,0.0,0.0,0.0,0.0,0.0,0.0,0.0,0.0,0.0,0.0,0.0,0.0,0.0,0.0,0.0,0.0,0.0,0.0,0.0,0.0,0.0,,,0.0,0.0,0.0,0.0,0.0,0.0,0.0,0.0,0.0,0.0,0.0,0.0,,,,0.0,0.0,0.0,0.0,0.0,0.0,0.0,,0.0,0.0,0.0,0.0,,0.0,0.0,,0.0,0.0,0.0,0.0,0.0,0.0,0.0,0.0,0.0,0.0,24.82,25.82,00-0029604,CousKi00,14880.0,Kirk Cousins,1988-08-19,75.0,209.0,Michigan State,2012.0,4.0,102.0,WAS,2012,15,17.0,0.0,0.0,0.0,0.0,,,,,,,,,,,,,,,,,,,,,,,,,2022.0,Kirk Cousins,MIN,34.0,QB,17.0,17.0,31.0,97.0,2.0,11.0,66.0,2.1,31.0,1.0,0.0,,2023-08-28,Kirk Cousins,MIN,643.0,27.0,3.0,25.0,4.1,93.0,15.2,2022.0,2.5,159.0,36.0,84.0,166.0,23.7,14.0,469.0,76.5,20.0,175.0,19.0,175.0,0.0,0.0,191.0,1283.0,,,,,,,,,,2022.0,Regular,Season Total,MIN,K. Cousins,22.5,52.3,9.1,771.0,71.5,63.8,4.7,0.0,3.0,54.1,-17.0,Kirk,Cousins,Kirk Cousins,https://a.espncdn.com/i/headshots/nfl/players/full/14880.png,Vikings,True,17,16.5,2.2,14,11,2
2022,Daniel Jones,D.Jones,00-0035710,NYG,QB,QB,9.0,16,289.0,18.0625,289.0,0.0,0,0,0,0,0.0,0.0,0.0,120,708,7,317,472,3205,15,5,1040.0,0.96875,0.2778846153846154,18.0625,7.163320924450243,36.18,5,QB,"https://static.www.nfl.com/image/upload/f_auto,q_auto/league/ohvvctuykzwrpqer7xgl",REG,44,-243,4,2,3031,1596,156,21.108247770812454,2.3300755171958802,2,1.0574067964368195,133,59,27,5,2,1,57,39.27639706202617,0,27,17,4,0,0,0,0,0,0,,0,0,0,0,0,,0,0,0,0,0,0,0,0.0,0.0,0,0,0,0,0,0,0,0,0,0,0,0,0,2,0,0,0,0,2,21,6,0,0,6,3,0,0,0,0,0,0,0,0,,,0,0,0,0,0,0,0,0,0,0,0,0,,,,0,0,0,0,0,0,0,,0,0,0,0,,0,0,,0,0,0,0,0,0,0,0,0,0,D.Jones,Daniel Jones,QB,QB,"https://static.www.nfl.com/image/upload/f_auto,q_auto/league/ohvvctuykzwrpqer7xgl",2022.0,POST,NYG,2.0,39.0,62.0,436.0,2.0,1.0,8.0,-38.0,1.0,0.0,415.0,233.0,23.0,-0.8918564021480693,-5.351567874520512,0.0,1.0506024096385542,18.0,9.0,4.0,1.0,23.0,102.0,0.0,0.0,0.0,9.0,9.667339208128396,0.0,4.0,3.0,0.0,0.0,0.0,0.0,0.0,0.0,0.0,0.0,0.0,0.0,0.0,,0.0,0.0,0.0,0.0,0.0,,0.0,0.0,0.0,0.0,0.0,0.0,0.0,0.0,0.0,0.0,0.0,0.0,0.0,0.0,0.0,0.0,0.0,0.0,0.0,0.0,0.0,0.0,0.0,0.0,0.0,0.0,0.0,0.0,0.0,0.0,0.0,0.0,1.0,0.0,0.0,1.0,0.0,0.0,0.0,0.0,0.0,0.0,0.0,0.0,0.0,,,0.0,0.0,0.0,0.0,0.0,0.0,0.0,0.0,0.0,0.0,0.0,0.0,,,,0.0,0.0,0.0,0.0,0.0,0.0,0.0,,0.0,0.0,0.0,0.0,,0.0,0.0,,0.0,0.0,0.0,0.0,0.0,0.0,0.0,0.0,0.0,0.0,33.64,33.64,00-0035710,JoneDa05,3917792.0,Daniel Jones,1997-05-27,77.0,230.0,Duke,2019.0,1.0,6.0,NYG,2019,8,16.0,0.0,0.0,0.0,0.0,,,,,,,,,,,,,,,,,,,,,,,,,2022.0,Daniel Jones,NYG,25.0,QB,16.0,16.0,120.0,708.0,7.0,57.0,562.0,4.7,146.0,1.2,2.0,60.0,2023-08-28,Daniel Jones,NYG,472.0,24.0,5.0,29.0,6.5,54.0,12.2,2022.0,2.5,137.0,46.0,53.0,143.0,25.1,11.0,359.0,81.0,49.0,310.0,39.0,240.0,9.0,70.0,141.0,984.0,,,,,,,,,,2022.0,Regular,Season Total,NYG,D. Jones,6.0,62.9,27.5,665.0,81.1,53.0,26.8,0.0,1.3,64.2,-15.4,Daniel,Jones,Daniel Jones,https://a.espncdn.com/i/headshots/nfl/players/full/3917792.png,Giants,True,16,16.560000000000002,9.04,14,9,2
2022,Jared Goff,J.Goff,00-0033106,DET,QB,QB,10.0,17,284.32,16.72470588235294,283.32,1.0,1,1,5,0,0.0017761989342806395,-0.0009673518742442564,0.00198715208944998,29,73,0,382,587,4438,29,7,1133.0,0.9923529411764707,0.2509443954104148,16.72470588235294,8.452010202939194,33.22,6,QB,"https://static.www.nfl.com/image/upload/f_auto,q_auto/league/kaicbot8qhzrvddilbtp",REG,23,-156,5,3,4129,2285,227,102.01767571744925,-1.484926882799834,1,1.0748365221603293,181,86,57,12,2,1,5,-16.04031808448769,1,3,1,0,0,0,0,-4,9,0,-0.10016044188523665,0,0,0,0,0,0.0,0,2,0,0,0,0,0,0.0,0.0,0,0,0,0,0,0,0,0,0,0,0,0,0,2,-9,0,0,0,0,0,4,3,0,7,4,0,0,0,0,0,0,0,0,,,0,0,0,0,0,0,0,0,0,0,0,0,,,,0,0,0,0,0,0,0,,0,0,0,0,,0,0,,0,0,0,0,0,0,0,0,0,0,,,,,,,,,,,,,,,,,,,,,,,,,,,,,,,,,,,,,,,,,,,,,,,,,,,,,,,,,,,,,,,,,,,,,,,,,,,,,,,,,,,,,,,,,,,,,,,,,,,,,,,,,,,,,,,,,,,,,,,,,,,,,,,,,,,,,,,,,,,,,,,,,,,,00-0033106,GoffJa00,3046779.0,Jared Goff,1994-10-14,76.0,217.0,California,2016.0,1.0,1.0,LA,2016,11,17.0,0.0,0.0,0.0,0.0,2022.0,Jared Goff,DET,28.0,QB,17.0,17.0,1.0,1.0,5.0,0.0,0.0,0.0,0.0,5.0,5.0,0.0,0.0,,0.0,0.0,0.0,87.5,2023-08-28,2022.0,Jared Goff,DET,28.0,QB,17.0,17.0,29.0,73.0,0.0,5.0,67.0,2.3,6.0,0.2,0.0,,2023-08-28,Jared Goff,DET,587.0,27.0,1.0,34.0,6.1,94.0,16.8,2022.0,2.4,186.0,43.0,53.0,119.0,19.1,11.0,426.0,76.2,20.0,108.0,20.0,108.0,0.0,0.0,154.0,1445.0,,,,,,,,,,2022.0,Regular,Season Total,DET,J. Goff,5.0,63.3,28.8,668.0,78.5,79.1,-3.9,0.0,3.2,64.8,-9.9,Jared,Goff,Jared Goff,https://a.espncdn.com/i/headshots/nfl/players/full/3046779.png,Lions,True,17,15.500000000000002,1.5200000000000014,13,9,4
2022,Justin Herbert,J.Herbert,00-0036355,LAC,QB,QB,11.0,17,281.26,16.54470588235294,279.26,2.0,2,2,-10,0,0.002911208151382824,-0.0033178500331785005,0.0020443172038492855,54,147,0,477,699,4739,25,10,1162.0,0.973529411764706,0.24204819277108433,16.54470588235294,6.12908855137436,28.76,4,QB,"https://static.www.nfl.com/image/upload/f_auto,q_auto/league/jnkspnntgebegzp4ghve",REG,38,-206,4,3,4504,2489,228,24.511502653806414,1.3160363501972623,1,1.0521758436944937,197,90,50,7,3,0,17,10.19071269541746,0,6,4,1,0,0,0,-15,5,0,-2.787758179299999,0,0,0,0,0,0.0,0,1,0,0,0,0,0,0.0,0.0,0,0,0,0,0,0,0,0,0,0,0,0,0,4,-1,0,0,0,0,0,5,3,0,8,3,0,0,0,0,0,0,0,0,,,0,0,0,0,0,0,0,0,0,0,0,0,,,,0,0,0,0,0,0,0,,0,0,0,0,,0,0,,0,0,0,0,0,0,0,0,0,0,J.Herbert,Justin Herbert,QB,QB,"https://static.www.nfl.com/image/upload/f_auto,q_auto/league/jnkspnntgebegzp4ghve",2022.0,POST,LAC,1.0,25.0,43.0,273.0,1.0,0.0,3.0,-20.0,0.0,0.0,239.0,150.0,13.0,7.645669385090526,-7.855833783036187,0.0,1.1422594142259415,11.0,6.0,5.0,0.0,3.0,12.0,0.0,1.0,0.0,1.0,-0.09141912055201828,0.0,1.0,1.0,0.0,0.0,0.0,0.0,0.0,0.0,0.0,0.0,0.0,0.0,0.0,,0.0,0.0,0.0,0.0,0.0,,0.0,0.0,0.0,0.0,0.0,0.0,0.0,0.0,0.0,0.0,0.0,0.0,0.0,0.0,0.0,0.0,0.0,0.0,0.0,0.0,0.0,0.0,0.0,0.0,0.0,0.0,-10.0,0.0,0.0,0.0,0.0,0.0,0.0,1.0,0.0,1.0,0.0,0.0,0.0,0.0,0.0,0.0,0.0,0.0,0.0,,,0.0,0.0,0.0,0.0,0.0,0.0,0.0,0.0,0.0,0.0,0.0,0.0,,,,0.0,0.0,0.0,0.0,0.0,0.0,0.0,,0.0,0.0,0.0,0.0,,0.0,0.0,,0.0,0.0,0.0,0.0,0.0,0.0,0.0,0.0,0.0,0.0,16.12,16.12,00-0036355,HerbJu00,4038941.0,Justin Herbert,1998-03-10,78.0,236.0,Oregon,2020.0,1.0,6.0,LAC,2020,7,17.0,0.0,0.0,0.0,0.0,2022.0,Justin Herbert,LAC,24.0,QB,17.0,17.0,2.0,2.0,-10.0,0.0,0.0,-15.0,-7.5,5.0,2.5,-7.5,0.0,,0.0,0.0,0.0,79.2,2023-08-28,2022.0,Justin Herbert,LAC,24.0,QB,17.0,17.0,54.0,147.0,0.0,17.0,138.0,2.6,9.0,0.2,0.0,,2023-08-28,Justin Herbert,LAC,699.0,25.0,2.0,39.0,5.8,87.0,12.9,2022.0,2.5,182.0,50.0,72.0,160.0,21.1,23.0,508.0,75.6,41.0,328.0,41.0,328.0,0.0,0.0,188.0,1435.0,,,,,,,,,,2022.0,Regular,Season Total,LAC,J. Herbert,11.0,60.2,27.3,812.0,95.2,90.9,2.5,0.0,1.8,61.7,-15.5,Justin,Herbert,Justin Herbert,https://a.espncdn.com/i/headshots/nfl/players/full/4038941.png,Chargers,True,17,18.099999999999998,5.5,14,10,1
2022,Tom Brady,T.Brady,00-0019596,TB,QB,QB,12.0,17,271.65999999999997,15.979999999999999,271.65999999999997,0.0,0,1,0,0,0.0013812154696132596,0.0030995738086013174,0.004241524870440811,29,-1,1,490,733,4694,25,9,1192.0,0.9741176470588234,0.22790268456375837,15.979999999999999,7.121144570923974,37.68,2,QB,"https://static.www.nfl.com/image/private/f_auto,q_auto/league/q7dpdlxyu5rs05rgh1le",REG,22,-160,3,2,5027,2292,237,60.22426977165676,0.5095926483584597,2,0.9337577083747762,179,73,50,8,2,2,5,-20.469320752095932,0,0,0,0,0,0,0,16,0,0,-4.726016435190104,0,0,0,0,0,0.0,0,1,0,0,0,0,0,0.0,0.0,0,0,0,0,0,0,0,0,0,0,0,0,0,1,0,0,0,0,2,15,3,2,0,5,4,0,0,0,0,0,0,0,0,,,0,0,0,0,0,0,0,0,0,0,0,0,,,,0,0,0,0,0,0,0,,0,0,0,0,,0,0,,0,0,0,0,0,0,0,0,0,0,T.Brady,Tom Brady,QB,QB,"https://static.www.nfl.com/image/private/f_auto,q_auto/league/q7dpdlxyu5rs05rgh1le",2022.0,POST,TB,1.0,35.0,66.0,351.0,2.0,1.0,2.0,-17.0,0.0,0.0,360.0,192.0,20.0,-3.578787126374431,-13.038897172349397,1.0,0.975,16.0,5.0,2.0,0.0,0.0,0.0,0.0,0.0,0.0,0.0,,0.0,0.0,0.0,0.0,0.0,0.0,0.0,0.0,0.0,0.0,0.0,0.0,0.0,0.0,,0.0,0.0,0.0,0.0,0.0,,0.0,0.0,0.0,0.0,0.0,0.0,0.0,0.0,0.0,0.0,0.0,0.0,0.0,0.0,0.0,0.0,0.0,0.0,0.0,0.0,0.0,0.0,0.0,0.0,0.0,1.0,0.0,0.0,0.0,0.0,0.0,0.0,0.0,1.0,0.0,1.0,0.0,0.0,0.0,0.0,0.0,0.0,0.0,0.0,0.0,,,0.0,0.0,0.0,0.0,0.0,0.0,0.0,0.0,0.0,0.0,0.0,0.0,,,,0.0,0.0,0.0,0.0,0.0,0.0,0.0,,0.0,0.0,0.0,0.0,,0.0,0.0,,0.0,0.0,0.0,0.0,0.0,0.0,0.0,0.0,0.0,0.0,22.04,22.04,00-0019596,BradTo00,2330.0,Tom Brady,1977-08-03,76.0,225.0,Michigan,2000.0,6.0,199.0,NE,2000,23,17.0,0.0,0.0,0.0,0.0,2022.0,Tom Brady,TB,45.0,QB,17.0,17.0,1.0,0.0,0.0,0.0,0.0,0.0,,0.0,,16.0,0.0,,0.0,0.0,1.0,0.0,2023-08-28,2022.0,Tom Brady,TB,45.0,QB,17.0,17.0,29.0,-1.0,1.0,5.0,-6.0,-0.2,5.0,0.2,0.0,,2023-08-28,Tom Brady,TB,733.0,22.0,4.0,32.0,4.5,116.0,16.4,2022.0,2.2,130.0,23.0,55.0,100.0,13.2,11.0,545.0,77.1,23.0,160.0,23.0,160.0,0.0,0.0,123.0,948.0,,,,,,,,,,2022.0,Regular,Season Total,TB,T. Brady,18.0,54.6,10.7,823.0,77.0,77.5,-3.4,0.0,3.0,54.6,-10.4,Tom,Brady,Tom Brady,https://a.espncdn.com/i/headshots/nfl/players/full/2330.png,Buccaneers,True,17,15.200000000000001,7.359999999999999,15,9,2
2022,Aaron Rodgers,A.Rodgers,00-0023459,GB,QB,QB,13.0,17,239.20000000000002,14.07058823529412,239.20000000000002,0.0,0,0,0,0,0.0,0.0,0.0,34,94,1,350,542,3695,26,12,1068.0,0.9741176470588234,0.22397003745318353,14.070588235294117,3.8555487135235285,19.36,0,QB,"https://static.www.nfl.com/image/upload/f_auto,q_auto/league/dypvakakxhccxs67tb0y",REG,32,-258,4,2,4327,1893,177,-5.150945535983277,0.5470411479473114,2,0.8539403743933441,138,72,53,6,2,2,9,-7.814973868954614,0,4,3,0,0,0,0,0,0,0,,0,0,0,0,0,,0,0,0,0,0,0,0,0.0,0.0,0,0,0,0,0,0,0,0,0,0,0,0,0,0,6,0,0,0,1,9,4,4,1,8,4,0,0,0,0,0,0,0,0,,,0,0,0,0,0,0,0,0,0,0,0,0,,,,0,0,0,0,0,0,0,,0,0,0,0,,0,0,,0,0,0,0,0,0,0,0,0,0,,,,,,,,,,,,,,,,,,,,,,,,,,,,,,,,,,,,,,,,,,,,,,,,,,,,,,,,,,,,,,,,,,,,,,,,,,,,,,,,,,,,,,,,,,,,,,,,,,,,,,,,,,,,,,,,,,,,,,,,,,,,,,,,,,,,,,,,,,,,,,,,,,,,00-0023459,RodgAa00,8439.0,Aaron Rodgers,1983-12-02,74.0,223.0,California; Butte College,2005.0,1.0,24.0,GB,2005,22,17.0,0.0,0.0,0.0,0.0,,,,,,,,,,,,,,,,,,,,,,,,,2022.0,Aaron Rodgers,GB,39.0,QB,17.0,17.0,34.0,94.0,1.0,9.0,82.0,2.4,12.0,0.4,0.0,,2023-08-28,Aaron Rodgers,GB,542.0,25.0,2.0,40.0,7.8,76.0,14.8,2022.0,2.4,136.0,37.0,39.0,108.0,18.4,8.0,415.0,80.6,62.0,417.0,58.0,413.0,1.0,4.0,136.0,994.0,,,,,,,,,,2022.0,Regular,Season Total,GB,A. Rodgers,26.0,41.3,-10.6,624.0,42.6,36.5,2.4,0.0,3.7,44.0,-16.4,Aaron,Rodgers,Aaron Rodgers,https://a.espncdn.com/i/headshots/nfl/players/full/8439.png,Packers,True,17,15.22,3.7,15,9,0
2022,Lamar Jackson,L.Jackson,00-0034796,BAL,QB,QB,14.0,12,236.08,19.673333333333336,236.08,0.0,0,0,0,0,0.0,0.0,0.0,112,764,3,203,326,2242,17,7,728.0,0.9283333333333333,0.3242857142857143,19.673333333333336,11.491196103051582,42.62,5,QB,"https://static.www.nfl.com/image/upload/f_auto,q_auto/league/eno6s5qzl9grbfbfwhoa",REG,26,-114,1,1,2754,974,105,10.480335525684675,-0.617372073401911,1,0.8140885984023238,94,48,24,4,2,1,47,39.77210110162841,0,31,19,5,1,0,0,0,0,0,,0,0,0,0,0,,0,1,0,0,0,0,0,0.0,0.0,0,0,0,0,0,0,0,0,0,0,0,0,0,2,-5,0,0,0,1,20,2,3,0,5,2,0,0,0,0,0,0,0,0,,,0,0,0,0,0,0,0,0,0,0,0,0,,,,0,0,0,0,0,0,0,,0,0,0,0,,0,0,,0,0,0,0,0,0,0,0,0,0,,,,,,,,,,,,,,,,,,,,,,,,,,,,,,,,,,,,,,,,,,,,,,,,,,,,,,,,,,,,,,,,,,,,,,,,,,,,,,,,,,,,,,,,,,,,,,,,,,,,,,,,,,,,,,,,,,,,,,,,,,,,,,,,,,,,,,,,,,,,,,,,,,,,00-0034796,JackLa00,3916387.0,Lamar Jackson,1997-01-07,74.0,205.0,Louisville,2018.0,1.0,32.0,BAL,2018,9,12.0,0.0,0.0,0.0,0.0,,,,,,,,,,,,,,,,,,,,,,,,,2022.0,Lamar Jackson,BAL,25.0,QB,12.0,12.0,112.0,764.0,3.0,47.0,542.0,4.8,222.0,2.0,14.0,8.0,2023-08-28,Lamar Jackson,BAL,326.0,16.0,1.0,26.0,8.4,56.0,18.1,2022.0,2.6,125.0,32.0,15.0,73.0,19.4,8.0,233.0,75.4,110.0,919.0,72.0,587.0,35.0,332.0,99.0,814.0,,,,,,,,,,2022.0,Regular,Season Total,BAL,L. Jackson,9.0,61.1,11.9,478.0,53.0,29.8,22.2,0.0,1.0,58.7,-8.9,Lamar,Jackson,Lamar Jackson,https://a.espncdn.com/i/headshots/nfl/players/full/3916387.png,Ravens,True,12,16.810000000000002,1.34,11,8,2
2022,Tua Tagovailoa,T.Tagovailoa,00-0036212,MIA,QB,QB,15.0,13,230.92000000000002,17.763076923076923,230.92000000000002,0.0,0,0,0,0,0.0,0.0,0.0,24,70,0,259,400,3548,25,8,705.0,0.916923076923077,0.32754609929078016,17.763076923076923,9.287675870578338,38.86000000000001,4,QB,"https://static.www.nfl.com/image/upload/f_auto,q_auto/league/tmm4ohds7qci0vqoobhm",REG,21,-163,4,1,3833,1274,162,96.42123342997455,1.432570229821119,0,0.9256457083224628,143,84,50,12,2,0,4,-9.164482240914367,0,2,2,0,0,0,0,0,0,0,,0,0,0,0,0,,0,0,0,0,0,0,0,0.0,0.0,0,0,0,0,0,0,0,0,0,0,0,0,0,3,-11,0,0,0,1,10,4,2,0,6,1,0,0,0,0,0,0,0,0,,,0,0,0,0,0,0,0,0,0,0,0,0,,,,0,0,0,0,0,0,0,,0,0,0,0,,0,0,,0,0,0,0,0,0,0,0,0,0,,,,,,,,,,,,,,,,,,,,,,,,,,,,,,,,,,,,,,,,,,,,,,,,,,,,,,,,,,,,,,,,,,,,,,,,,,,,,,,,,,,,,,,,,,,,,,,,,,,,,,,,,,,,,,,,,,,,,,,,,,,,,,,,,,,,,,,,,,,,,,,,,,,,00-0036212,TagoTu00,4241479.0,Tua Tagovailoa,1998-03-02,73.0,225.0,Alabama,2020.0,1.0,5.0,MIA,2020,7,13.0,0.0,0.0,0.0,0.0,,,,,,,,,,,,,,,,,,,,,,,,,2022.0,Tua Tagovailoa,MIA,24.0,QB,13.0,13.0,23.0,70.0,0.0,4.0,61.0,2.7,9.0,0.4,0.0,,2023-08-28,Tua Tagovailoa,MIA,400.0,13.0,1.0,26.0,6.7,61.0,15.8,2022.0,2.3,86.0,40.0,25.0,86.0,20.0,6.0,296.0,76.7,74.0,622.0,71.0,615.0,1.0,7.0,159.0,1431.0,,,,,,,,,,2022.0,Regular,Season Total,MIA,T. Tagovailoa,3.0,70.6,27.5,456.0,63.5,57.4,3.4,0.0,2.8,70.1,-8.9,Tua,Tagovailoa,Tua Tagovailoa,https://a.espncdn.com/i/headshots/nfl/players/full/4241479.png,Dolphins,True,13,15.94,2.4000000000000004,12,7,2
2022,Russell Wilson,R.Wilson,00-0029263,DEN,QB,QB,16.0,15,225.76000000000002,15.050666666666668,224.76000000000002,1.0,1,1,1,0,0.0018484288354898336,-0.00020008003201280514,0.002632587230825787,55,277,3,292,483,3524,16,11,961.0,0.974,0.2349219562955255,15.050666666666668,6.753445117299833,27.48,4,QB,"https://static.www.nfl.com/image/upload/f_auto,q_auto/league/vkstxj0evgkjiycu4glc",REG,55,-368,4,2,4264,1720,142,-56.944009727900315,-1.1704484370048875,0,0.8264540337711069,126,81,54,11,2,0,21,15.226056107818474,0,12,9,0,0,0,0,-1,2,0,-0.38463787781074643,0,0,0,0,0,0.0,0,0,0,0,0,0,0,0.0,0.0,0,0,0,0,0,0,0,0,0,0,0,0,0,4,-4,0,0,0,1,5,4,2,0,6,2,0,0,0,0,0,0,0,0,,,0,0,0,0,0,0,0,0,0,0,0,0,,,,0,0,0,0,0,0,0,,0,0,0,0,,0,0,,0,0,0,0,0,0,0,0,0,0,,,,,,,,,,,,,,,,,,,,,,,,,,,,,,,,,,,,,,,,,,,,,,,,,,,,,,,,,,,,,,,,,,,,,,,,,,,,,,,,,,,,,,,,,,,,,,,,,,,,,,,,,,,,,,,,,,,,,,,,,,,,,,,,,,,,,,,,,,,,,,,,,,,,00-0029263,WilsRu00,14881.0,Russell Wilson,1988-11-29,71.0,206.0,Wisconsin; N.C. State,2012.0,3.0,75.0,SEA,2012,14,15.0,0.0,0.0,0.0,0.0,2022.0,Russell Wilson,DEN,34.0,QB,15.0,15.0,1.0,1.0,1.0,0.0,0.0,-1.0,-1.0,2.0,2.0,-1.0,0.0,,0.0,0.0,0.0,79.2,2023-08-28,2022.0,Russell Wilson,DEN,34.0,QB,15.0,15.0,55.0,277.0,3.0,21.0,256.0,4.7,21.0,0.4,0.0,,2023-08-28,Russell Wilson,DEN,483.0,32.0,1.0,30.0,6.7,70.0,15.6,2022.0,2.5,138.0,42.0,65.0,162.0,28.6,19.0,330.0,73.3,29.0,188.0,25.0,165.0,4.0,23.0,112.0,814.0,,,,,,,,,,2022.0,Regular,Season Total,DEN,R. Wilson,27.0,38.7,-18.5,642.0,37.3,20.0,11.9,0.0,5.5,40.0,-24.0,Russell,Wilson,Russell Wilson,https://a.espncdn.com/i/headshots/nfl/players/full/14881.png,Broncos,True,15,13.780000000000001,8.260000000000002,10,5,2
2022,Derek Carr,D.Carr,00-0031280,LV,QB,QB,17.0,15,219.07999999999998,14.605333333333332,219.07999999999998,0.0,0,0,0,0,0.0,0.0,0.0,24,102,0,305,502,3522,24,14,946.0,0.982,0.2315856236786469,14.605333333333334,6.3293171225729585,20.8,2,QB,"https://static.www.nfl.com/image/upload/f_auto,q_auto/league/qsz1pyrlu6bmvby6maaf",REG,27,-191,3,0,4602,1509,161,26.454583846643775,-2.8706469951065015,0,0.7653194263363755,140,71,47,8,1,0,10,1.731023923435714,0,2,1,1,0,0,0,0,0,0,,0,0,0,0,0,,0,0,0,0,0,0,0,0.0,0.0,0,0,0,0,0,0,0,0,0,0,0,0,0,1,-6,0,0,0,1,8,3,1,0,4,0,0,0,0,0,0,0,0,0,,,0,0,0,0,0,0,0,0,0,0,0,0,,,,0,0,0,0,0,0,0,,0,0,0,0,,0,0,,0,0,0,0,0,0,0,0,0,0,,,,,,,,,,,,,,,,,,,,,,,,,,,,,,,,,,,,,,,,,,,,,,,,,,,,,,,,,,,,,,,,,,,,,,,,,,,,,,,,,,,,,,,,,,,,,,,,,,,,,,,,,,,,,,,,,,,,,,,,,,,,,,,,,,,,,,,,,,,,,,,,,,,,00-0031280,CarrDe02,16757.0,Derek Carr,1991-03-28,75.0,215.0,Fresno State,2014.0,2.0,36.0,LV,2014,11,15.0,0.0,0.0,0.0,0.0,,,,,,,,,,,,,,,,,,,,,,,,,2022.0,Derek Carr,LV,31.0,QB,15.0,15.0,24.0,102.0,0.0,10.0,90.0,3.8,12.0,0.5,0.0,,2023-08-28,Derek Carr,LVR,502.0,27.0,0.0,25.0,5.3,95.0,20.0,2022.0,2.6,119.0,33.0,40.0,100.0,18.4,11.0,341.0,71.8,17.0,92.0,17.0,92.0,0.0,0.0,108.0,906.0,,,,,,,,,,2022.0,Regular,Season Total,LV,D. Carr,14.0,57.6,11.2,591.0,62.3,55.0,4.7,0.0,2.6,56.7,-11.6,Derek,Carr,Derek Carr,https://a.espncdn.com/i/headshots/nfl/players/full/16757.png,Raiders,True,15,17.92,1.94,12,9,0
2022,Kyler Murray,K.Murray,00-0035228,ARI,QB,QB,18.0,11,200.52,18.22909090909091,200.52,0.0,0,0,0,0,0.0,0.0,0.0,67,418,3,259,390,2368,14,7,719.0,0.9018181818181819,0.2788873435326843,18.22909090909091,7.249746829435432,25.880000000000003,5,QB,"https://static.www.nfl.com/image/upload/f_auto,q_auto/league/btfruyf33adgnjzpcuen",REG,25,-192,2,0,2678,1254,119,-17.928843285701486,-0.8062973137824766,3,0.8842419716206124,96,42,27,0,4,2,23,12.536747347064555,1,15,10,3,1,0,0,0,0,0,,0,0,0,0,0,,0,0,0,0,0,0,0,0.0,0.0,0,0,0,0,0,0,0,0,0,0,0,0,0,6,-5,0,0,0,1,15,4,4,1,8,2,0,0,0,0,0,0,0,0,,,0,0,0,0,0,0,0,0,0,0,0,0,,,,0,0,0,0,0,0,0,,0,0,0,0,,0,0,,0,0,0,0,0,0,0,0,0,0,,,,,,,,,,,,,,,,,,,,,,,,,,,,,,,,,,,,,,,,,,,,,,,,,,,,,,,,,,,,,,,,,,,,,,,,,,,,,,,,,,,,,,,,,,,,,,,,,,,,,,,,,,,,,,,,,,,,,,,,,,,,,,,,,,,,,,,,,,,,,,,,,,,,00-0035228,MurrKy00,3917315.0,Kyler Murray,1997-08-07,70.0,207.0,Oklahoma; Texas A&M,2019.0,1.0,1.0,ARI,2019,8,11.0,0.0,0.0,0.0,0.0,,,,,,,,,,,,,,,,,,,,,,,,,2022.0,Kyler Murray,ARI,25.0,QB,11.0,11.0,67.0,418.0,3.0,23.0,395.0,5.9,23.0,0.3,2.0,33.5,2023-08-28,Kyler Murray,ARI,390.0,16.0,3.0,22.0,5.9,44.0,11.9,2022.0,2.2,89.0,42.0,15.0,82.0,18.5,9.0,289.0,77.9,50.0,393.0,43.0,336.0,7.0,57.0,61.0,440.0,,,,,,,,,,2022.0,Regular,Season Total,ARI,K. Murray,19.5,53.6,7.7,512.0,49.0,30.0,19.2,0.0,-0.2,55.3,-10.3,Kyler,Murray,Kyler Murray,https://a.espncdn.com/i/headshots/nfl/players/full/3917315.png,Cardinals,True,11,19.0,0.66,10,8,2
2022,Dak Prescott,D.Prescott,00-0033077,DAL,QB,QB,19.0,12,198.6,16.55,198.6,0.0,0,0,0,0,0.0,0.0,0.0,45,182,1,261,394,2860,23,15,821.0,0.9608333333333333,0.24190012180267964,16.55,6.661228387944947,27.980000000000004,4,QB,"https://static.www.nfl.com/image/upload/f_auto,q_auto/league/yvscmqq1qki8zfsemmcd",REG,20,-126,2,0,3223,1212,142,42.084686123317965,0.0204461559499662,0,0.8873720136518771,118,51,37,3,1,1,19,5.523948678805027,0,7,5,1,0,0,0,0,0,0,,0,0,0,0,0,,0,0,0,0,0,0,0,0.0,0.0,0,0,0,0,0,0,0,0,0,0,0,0,0,1,-2,0,0,0,1,11,2,2,0,4,1,0,0,0,0,0,0,0,0,,,0,0,0,0,0,0,0,0,0,0,0,0,,,,0,0,0,0,0,0,0,,0,0,0,0,,0,0,,0,0,0,0,0,0,0,0,0,0,D.Prescott,Dak Prescott,QB,QB,"https://static.www.nfl.com/image/upload/f_auto,q_auto/league/yvscmqq1qki8zfsemmcd",2022.0,POST,DAL,2.0,48.0,70.0,511.0,5.0,2.0,2.0,-8.0,0.0,0.0,571.0,206.0,25.0,17.573182431267803,3.465368652689284,0.0,0.8949211908931699,18.0,10.0,7.0,1.0,11.0,46.0,1.0,0.0,0.0,4.0,7.825216292229015,0.0,2.0,0.0,0.0,0.0,0.0,0.0,0.0,0.0,0.0,0.0,0.0,0.0,0.0,,0.0,0.0,0.0,0.0,0.0,,0.0,0.0,0.0,0.0,0.0,0.0,0.0,0.0,0.0,0.0,0.0,0.0,0.0,0.0,0.0,0.0,0.0,0.0,0.0,0.0,0.0,0.0,0.0,0.0,0.0,0.0,0.0,0.0,0.0,0.0,0.0,0.0,0.0,0.0,0.0,0.0,0.0,0.0,0.0,0.0,0.0,0.0,0.0,0.0,0.0,,,0.0,0.0,0.0,0.0,0.0,0.0,0.0,0.0,0.0,0.0,0.0,0.0,,,,0.0,0.0,0.0,0.0,0.0,0.0,0.0,,0.0,0.0,0.0,0.0,,0.0,0.0,,0.0,0.0,0.0,0.0,0.0,0.0,0.0,0.0,0.0,0.0,47.04,47.04,00-0033077,PresDa01,2577417.0,Dak Prescott,1993-07-29,74.0,230.0,Mississippi State,2016.0,4.0,135.0,DAL,2016,11,12.0,0.0,0.0,0.0,0.0,,,,,,,,,,,,,,,,,,,,,,,,,2022.0,Dak Prescott,DAL,29.0,QB,12.0,12.0,45.0,182.0,1.0,19.0,132.0,2.9,50.0,1.1,1.0,45.0,2023-08-28,Dak Prescott,DAL,394.0,6.0,0.0,24.0,6.2,67.0,17.3,2022.0,2.5,102.0,29.0,37.0,86.0,20.0,4.0,296.0,76.3,46.0,324.0,40.0,288.0,5.0,36.0,94.0,663.0,,,,,,,,,,2022.0,Regular,Season Total,DAL,D. Prescott,12.0,59.9,16.7,480.0,56.6,48.5,5.3,0.0,2.7,62.0,-8.3,Dak,Prescott,Dak Prescott,https://a.espncdn.com/i/headshots/nfl/players/full/2577417.png,Cowboys,True,12,15.82,4.460000000000001,10,6,2
2022,Marcus Mariota,M.Mariota,00-0032268,ATL,QB,QB,20.0,13,196.56,15.120000000000001,196.56,0.0,0,0,0,0,0.0,0.0,0.0,85,438,4,184,300,2219,15,9,776.0,1.0,0.2532989690721649,15.120000000000001,5.767714740981331,24.16,2,QB,"https://static.www.nfl.com/image/upload/f_auto,q_auto/league/grx6m1fmu1odltjo3y31",REG,28,-195,3,1,3093,912,111,8.159635507238567,-0.64611305450571,2,0.7174264468153896,95,48,30,4,4,2,30,9.893773447169224,0,17,9,4,0,0,0,0,0,0,,0,0,0,0,0,,0,0,1,0,0,0,0,0.0,0.0,0,0,0,0,0,0,0,0,0,0,0,0,0,4,0,0,0,0,0,0,4,4,0,8,3,0,0,0,0,0,0,0,0,,,0,0,0,0,0,0,0,0,0,0,0,0,,,,0,0,0,0,0,0,0,,0,0,0,0,,0,0,,0,0,0,0,0,0,0,0,0,0,,,,,,,,,,,,,,,,,,,,,,,,,,,,,,,,,,,,,,,,,,,,,,,,,,,,,,,,,,,,,,,,,,,,,,,,,,,,,,,,,,,,,,,,,,,,,,,,,,,,,,,,,,,,,,,,,,,,,,,,,,,,,,,,,,,,,,,,,,,,,,,,,,,,00-0032268,MariMa01,2576980.0,Marcus Mariota,1993-10-30,76.0,222.0,Oregon,2015.0,1.0,2.0,TEN,2015,12,13.0,0.0,0.0,0.0,0.0,,,,,,,,,,,,,,,,,,,,,,,,,2022.0,Marcus Mariota,ATL,29.0,QB,13.0,13.0,85.0,438.0,4.0,30.0,333.0,3.9,105.0,1.2,1.0,85.0,2023-08-28,Marcus Mariota,ATL,300.0,7.0,4.0,8.0,2.8,65.0,22.5,2022.0,2.6,101.0,13.0,33.0,74.0,20.9,3.0,204.0,70.6,133.0,1044.0,90.0,803.0,37.0,241.0,68.0,564.0,,,,,,,,,,2022.0,Regular,Season Total,ATL,M. Mariota,13.0,57.7,8.7,430.0,44.7,32.2,9.9,0.0,2.6,57.1,-12.2,Marcus,Mariota,Marcus Mariota,https://a.espncdn.com/i/headshots/nfl/players/full/2576980.png,Falcons,True,13,15.560000000000002,3.8600000000000003,11,7,0
2022,Davis Mills,D.Mills,00-0036898,HOU,QB,QB,21.0,15,181.52,12.101333333333335,181.52,0.0,0,0,0,0,0.0,0.0,0.0,32,108,2,292,479,3118,17,15,855.0,0.9179999999999999,0.21230409356725147,12.101333333333335,5.053968549094671,22.520000000000003,1,QB,"https://static.www.nfl.com/image/upload/f_auto,q_auto/league/jh9e97vjzmeafx8jz0sn",REG,31,-244,5,2,3734,1524,135,-74.22938193844655,-3.776847637111631,1,0.8350294590251741,106,71,50,7,3,1,8,2.1491521729541274,0,3,2,0,0,0,0,0,0,0,,0,0,0,0,0,,0,2,0,0,0,0,0,0.0,0.0,0,0,0,0,0,0,0,0,0,0,0,0,0,2,-1,0,0,0,0,0,7,1,0,8,3,0,0,0,0,0,0,0,0,,,0,0,0,0,0,0,0,0,0,0,0,0,,,,0,0,0,0,0,0,0,,0,0,0,0,,0,0,,0,0,0,0,0,0,0,0,0,0,,,,,,,,,,,,,,,,,,,,,,,,,,,,,,,,,,,,,,,,,,,,,,,,,,,,,,,,,,,,,,,,,,,,,,,,,,,,,,,,,,,,,,,,,,,,,,,,,,,,,,,,,,,,,,,,,,,,,,,,,,,,,,,,,,,,,,,,,,,,,,,,,,,,00-0036898,MillDa02,4242546.0,Davis Mills,1998-10-21,76.0,225.0,Stanford,2021.0,3.0,67.0,HOU,2021,6,15.0,0.0,0.0,0.0,0.0,,,,,,,,,,,,,,,,,,,,,,,,,2022.0,Davis Mills,HOU,24.0,QB,15.0,15.0,32.0,108.0,2.0,8.0,107.0,3.3,1.0,0.0,0.0,,2023-08-28,Davis Mills,HOU,479.0,12.0,1.0,18.0,3.9,108.0,23.2,2022.0,2.3,127.0,34.0,59.0,124.0,23.6,13.0,329.0,70.6,21.0,143.0,20.0,142.0,1.0,1.0,117.0,931.0,,,,,,,,,,2022.0,Regular,Season Total,HOU,D. Mills,29.0,35.0,-23.3,573.0,24.8,23.1,-1.2,0.0,2.9,36.0,-12.7,Davis,Mills,Davis Mills,https://a.espncdn.com/i/headshots/nfl/players/full/4242546.png,Texans,True,15,9.920000000000002,5.2,7,4,0
2022,Andy Dalton,A.Dalton,00-0027973,NO,QB,QB,22.0,14,174.24,12.445714285714287,174.24,0.0,0,0,0,0,0.0,0.0,0.0,30,54,0,252,378,2871,18,9,736.0,0.8585714285714285,0.23673913043478262,12.445714285714287,6.381672935096991,26.54,2,QB,"https://static.www.nfl.com/image/upload/f_auto,q_auto/league/sfsneh0bn46e2kwve7sr",REG,25,-189,2,1,2981,1318,135,19.04359704006993,0.6179992027662613,1,0.9630996309963099,117,55,28,7,1,0,6,-8.735762504770781,0,2,1,0,0,0,0,0,0,0,,0,0,0,0,0,,0,0,0,1,0,0,0,0.0,0.0,0,0,0,0,0,0,0,0,0,0,0,0,0,4,-4,0,0,0,2,15,2,3,0,5,1,0,0,0,0,0,0,0,0,,,0,0,0,0,0,0,0,0,0,0,0,0,,,,0,0,0,0,0,0,0,,0,0,0,0,,0,0,,0,0,0,0,0,0,0,0,0,0,,,,,,,,,,,,,,,,,,,,,,,,,,,,,,,,,,,,,,,,,,,,,,,,,,,,,,,,,,,,,,,,,,,,,,,,,,,,,,,,,,,,,,,,,,,,,,,,,,,,,,,,,,,,,,,,,,,,,,,,,,,,,,,,,,,,,,,,,,,,,,,,,,,,00-0027973,DaltAn00,14012.0,Andy Dalton,1987-10-29,74.0,220.0,TCU,2011.0,2.0,35.0,CIN,2011,16,14.0,0.0,0.0,0.0,0.0,,,,,,,,,,,,,,,,,,,,,,,,,2022.0,Andy Dalton,NO,35.0,QB,14.0,14.0,30.0,54.0,0.0,6.0,45.0,1.5,9.0,0.3,0.0,,2023-08-28,Andy Dalton,NO,378.0,14.0,0.0,25.0,6.9,45.0,12.4,2022.0,2.3,99.0,15.0,21.0,61.0,14.7,10.0,284.0,78.0,9.0,63.0,8.0,60.0,1.0,3.0,61.0,611.0,,,,,,,,,,2022.0,Regular,Season Total,NO,A. Dalton,21.0,53.1,2.7,453.0,39.7,40.5,-2.0,0.0,1.2,52.1,-12.4,Andy,Dalton,Andy Dalton,https://a.espncdn.com/i/headshots/nfl/players/full/14012.png,Saints,True,14,10.969999999999999,1.58,10,3,1
2022,Mac Jones,M.Jones,00-0036972,NE,QB,QB,23.0,14,170.07999999999998,12.148571428571428,170.07999999999998,0.0,0,0,0,0,0.0,0.0,0.0,47,102,1,288,442,2997,14,11,830.0,0.9535714285714285,0.2049156626506024,12.14857142857143,5.517288711430165,23.28,1,QB,"https://static.www.nfl.com/image/upload/f_auto,q_auto/league/mbdwfwiuhl0ib5ajtmzq",REG,34,-231,2,1,3459,1431,127,-30.19419021346796,-0.4410114771914932,1,0.8664353859496965,114,58,42,7,2,0,12,-4.270541903754311,0,3,2,0,0,0,0,0,0,0,,0,0,0,0,0,,0,0,0,0,0,0,0,0.0,0.0,0,0,0,0,0,0,0,0,0,0,0,0,0,2,-5,0,0,0,4,45,2,3,0,5,1,0,0,0,0,0,0,0,0,,,0,0,0,0,0,0,0,0,0,0,0,0,,,,0,0,0,0,0,0,0,,0,0,0,0,,0,0,,0,0,0,0,0,0,0,0,0,0,,,,,,,,,,,,,,,,,,,,,,,,,,,,,,,,,,,,,,,,,,,,,,,,,,,,,,,,,,,,,,,,,,,,,,,,,,,,,,,,,,,,,,,,,,,,,,,,,,,,,,,,,,,,,,,,,,,,,,,,,,,,,,,,,,,,,,,,,,,,,,,,,,,,00-0036972,JoneMa05,4241464.0,Mac Jones,1998-09-05,75.0,220.0,Alabama,2021.0,1.0,15.0,NE,2021,6,14.0,0.0,0.0,0.0,0.0,,,,,,,,,,,,,,,,,,,,,,,,,2022.0,Mac Jones,NE,24.0,QB,14.0,14.0,47.0,102.0,1.0,12.0,91.0,1.9,11.0,0.2,0.0,,2023-08-28,Mac Jones,NE,442.0,16.0,2.0,28.0,6.6,57.0,13.4,2022.0,2.2,94.0,34.0,27.0,95.0,19.2,8.0,318.0,75.0,21.0,121.0,19.0,121.0,0.0,0.0,80.0,640.0,,,,,,,,,,2022.0,Regular,Season Total,NE,M. Jones,28.0,38.4,-18.8,538.0,27.9,25.6,2.3,0.0,0.0,37.9,-14.5,Mac,Jones,Mac Jones,https://a.espncdn.com/i/headshots/nfl/players/full/4241464.png,Patriots,True,14,12.08,0.9200000000000004,9,5,0
2022,Jacoby Brissett,J.Brissett,00-0033119,CLE,QB,QB,24.0,14,168.62,12.044285714285715,168.62,0.0,0,0,0,0,0.0,0.0,0.0,49,243,2,236,369,2608,12,6,787.0,0.693125,0.2142566709021601,12.044285714285715,7.746396397219622,25.86,2,QB,"https://static.www.nfl.com/image/upload/f_auto,q_auto/league/qjswiunczrn5xmdiqhlz",REG,24,-160,5,3,3221,1063,129,18.745632323502797,2.8882097527172492,0,0.8096864327848494,108,48,32,4,1,1,28,19.836409262672532,0,9,7,3,0,0,0,0,0,0,,0,0,0,0,0,,0,0,0,1,0,0,0,0.0,0.0,0,0,0,0,0,0,0,0,0,0,0,0,0,1,-1,0,0,0,0,0,4,2,1,6,4,0,0,0,0,0,0,0,0,,,0,0,0,0,0,0,0,0,0,0,0,0,,,,0,0,0,0,0,0,0,,0,0,0,0,,0,0,,0,0,0,0,0,0,0,0,0,0,,,,,,,,,,,,,,,,,,,,,,,,,,,,,,,,,,,,,,,,,,,,,,,,,,,,,,,,,,,,,,,,,,,,,,,,,,,,,,,,,,,,,,,,,,,,,,,,,,,,,,,,,,,,,,,,,,,,,,,,,,,,,,,,,,,,,,,,,,,,,,,,,,,,00-0033119,BrisJa00,2578570.0,Jacoby Brissett,1992-12-11,76.0,235.0,N.C. State; Florida,2016.0,3.0,91.0,NE,2016,11,16.0,0.0,0.0,0.0,0.0,,,,,,,,,,,,,,,,,,,,,,,,,2022.0,Jacoby Brissett,CLE,30.0,QB,16.0,11.0,49.0,243.0,2.0,28.0,170.0,3.5,73.0,1.5,2.0,24.5,2023-08-28,Jacoby Brissett,CLE,369.0,16.0,3.0,25.0,7.1,48.0,13.7,2022.0,2.5,101.0,39.0,39.0,102.0,24.5,5.0,265.0,75.7,11.0,36.0,11.0,36.0,0.0,0.0,76.0,700.0,,,,,,,,,,2022.0,Regular,Season Total,CLE,J. Brissett,8.0,62.0,15.3,466.0,51.5,35.5,12.5,0.0,3.6,61.4,-9.2,Jacoby,Brissett,Jacoby Brissett,https://a.espncdn.com/i/headshots/nfl/players/full/2578570.png,Browns,True,14,13.750000000000002,0.0,10,5,1
2022,Jimmy Garoppolo,J.Garoppolo,00-0031345,SF,QB,QB,25.0,11,164.78000000000003,14.980000000000002,164.78000000000003,0.0,0,0,0,0,0.0,0.0,0.0,23,33,2,207,308,2437,16,4,614.0,0.8754545454545455,0.26837133550488607,14.98,5.866542422926813,25.42,1,QB,"https://static.www.nfl.com/image/upload/f_auto,q_auto/league/ivz3zwvjxvgcu4dzabur",REG,18,-100,1,1,2124,1443,114,75.50642052189109,-1.0454820067274804,0,1.1473634651600753,106,48,31,2,1,1,11,-3.066392077616431,0,0,0,0,0,0,0,0,0,0,,0,0,0,0,0,,0,0,0,0,0,0,0,0.0,0.0,0,0,0,0,0,0,0,0,0,0,0,0,0,0,0,0,0,0,0,0,1,2,0,3,2,0,0,0,0,0,0,0,0,,,0,0,0,0,0,0,0,0,0,0,0,0,,,,0,0,0,0,0,0,0,,0,0,0,0,,0,0,,0,0,0,0,0,0,0,0,0,0,,,,,,,,,,,,,,,,,,,,,,,,,,,,,,,,,,,,,,,,,,,,,,,,,,,,,,,,,,,,,,,,,,,,,,,,,,,,,,,,,,,,,,,,,,,,,,,,,,,,,,,,,,,,,,,,,,,,,,,,,,,,,,,,,,,,,,,,,,,,,,,,,,,,00-0031345,GaroJi00,16760.0,Jimmy Garoppolo,1991-11-02,74.0,225.0,Eastern Illinois,2014.0,2.0,62.0,NE,2014,12,11.0,0.0,0.0,0.0,0.0,,,,,,,,,,,,,,,,,,,,,,,,,2022.0,Jimmy Garoppolo,SF,31.0,QB,11.0,10.0,23.0,33.0,2.0,12.0,14.0,0.6,19.0,0.8,0.0,,2023-08-28,Jimmy Garoppolo,SF,308.0,2.0,0.0,21.0,6.9,39.0,12.7,2022.0,2.3,87.0,9.0,24.0,51.0,15.5,10.0,228.0,74.5,32.0,190.0,29.0,189.0,1.0,1.0,52.0,420.0,,,,,,,,,,2022.0,Regular,Season Total,SF,J. Garoppolo,15.5,56.3,8.7,367.0,38.5,38.8,-2.0,0.0,1.8,58.3,-9.2,Jimmy,Garoppolo,Jimmy Garoppolo,https://a.espncdn.com/i/headshots/nfl/players/full/16760.png,49ers,True,11,16.32,2.24,9,7,1
2022,Ryan Tannehill,R.Tannehill,00-0029701,TEN,QB,QB,26.0,12,161.24,13.436666666666667,161.24,0.0,0,0,0,0,0.0,0.0,0.0,34,98,2,212,325,2536,13,6,686.0,0.9433333333333334,0.23504373177842566,13.436666666666667,6.109240889212361,19.400000000000002,0,QB,"https://static.www.nfl.com/image/private/f_auto,q_auto/league/yvwju12dl6haf3r8uzrm",REG,33,-238,2,1,2532,1179,116,20.770154413364573,0.5387725232151405,1,1.0015797788309637,90,53,35,10,1,1,12,-3.553960902703693,0,2,1,0,0,0,0,0,0,0,,0,0,0,0,0,,0,2,0,0,0,0,0,0.0,0.0,0,0,0,0,0,0,0,0,0,0,0,0,0,0,-1,0,0,0,1,5,2,1,0,3,2,0,0,0,0,0,0,0,0,,,0,0,0,0,0,0,0,0,0,0,0,0,,,,0,0,0,0,0,0,0,,0,0,0,0,,0,0,,0,0,0,0,0,0,0,0,0,0,,,,,,,,,,,,,,,,,,,,,,,,,,,,,,,,,,,,,,,,,,,,,,,,,,,,,,,,,,,,,,,,,,,,,,,,,,,,,,,,,,,,,,,,,,,,,,,,,,,,,,,,,,,,,,,,,,,,,,,,,,,,,,,,,,,,,,,,,,,,,,,,,,,,00-0029701,TannRy00,14876.0,Ryan Tannehill,1988-07-27,76.0,217.0,Texas A&M,2012.0,1.0,8.0,MIA,2012,12,12.0,0.0,0.0,0.0,0.0,,,,,,,,,,,,,,,,,,,,,,,,,2022.0,Ryan Tannehill,TEN,34.0,QB,12.0,12.0,34.0,98.0,2.0,12.0,77.0,2.3,21.0,0.6,1.0,34.0,2023-08-28,Ryan Tannehill,TEN,325.0,7.0,1.0,20.0,6.3,38.0,12.0,2022.0,2.5,105.0,22.0,35.0,90.0,24.3,11.0,235.0,74.1,28.0,198.0,25.0,172.0,2.0,26.0,84.0,1052.0,,,,,,,,,,2022.0,Regular,Season Total,TEN,R. Tannehill,24.0,51.2,1.4,416.0,36.2,30.0,5.3,0.0,0.9,51.2,-14.3,Ryan,Tannehill,Ryan Tannehill,https://a.espncdn.com/i/headshots/nfl/players/full/14876.png,Titans,True,12,13.71,0.8799999999999997,10,5,0
2022,Matt Ryan,M.Ryan,00-0026143,IND,QB,QB,27.0,12,155.28,12.94,155.28,0.0,0,0,0,0,0.0,0.0,0.0,27,70,1,309,461,3057,14,13,846.0,0.9966666666666667,0.18354609929078014,12.94,7.104646366991111,27.160000000000004,2,QB,"https://static.www.nfl.com/image/private/f_auto,q_auto/league/s6zam4ekrrnonsck6vak",REG,38,-287,11,3,2772,1405,156,-28.548005779762065,-0.09865554427231635,0,1.102813852813853,131,57,33,2,3,2,9,-11.035300253523976,0,3,2,1,0,0,0,0,0,0,,0,0,0,0,0,,0,1,0,0,0,0,0,0.0,0.0,0,0,0,0,0,0,0,0,0,0,0,0,0,3,-11,0,0,0,1,10,11,4,0,15,5,0,0,0,0,0,0,0,0,,,0,0,0,0,0,0,0,0,0,0,0,0,,,,0,0,0,0,0,0,0,,0,0,0,0,,0,0,,0,0,0,0,0,0,0,0,0,0,,,,,,,,,,,,,,,,,,,,,,,,,,,,,,,,,,,,,,,,,,,,,,,,,,,,,,,,,,,,,,,,,,,,,,,,,,,,,,,,,,,,,,,,,,,,,,,,,,,,,,,,,,,,,,,,,,,,,,,,,,,,,,,,,,,,,,,,,,,,,,,,,,,,00-0026143,RyanMa00,11237.0,Matt Ryan,1985-05-17,76.0,220.0,Boston College,2008.0,1.0,3.0,ATL,2008,15,12.0,0.0,0.0,0.0,0.0,,,,,,,,,,,,,,,,,,,,,,,,,2022.0,Matt Ryan,IND,37.0,QB,12.0,12.0,27.0,70.0,1.0,9.0,59.0,2.2,11.0,0.4,0.0,,2023-08-28,Matt Ryan,IND,461.0,17.0,1.0,19.0,4.3,60.0,13.5,2022.0,2.3,145.0,33.0,51.0,122.0,24.0,12.0,340.0,76.7,33.0,212.0,30.0,212.0,0.0,0.0,80.0,494.0,,,,,,,,,,2022.0,Regular,Season Total,IND,M. Ryan,25.0,44.9,-8.0,554.0,39.0,38.5,-0.4,0.0,0.9,44.9,-17.0,Matt,Ryan,Matt Ryan,https://a.espncdn.com/i/headshots/nfl/players/full/11237.png,Colts,True,12,10.72,1.7999999999999998,7,5,1
2022,Kenny Pickett,K.Pickett,00-0038102,PIT,QB,QB,28.0,13,149.86,11.527692307692309,149.86,0.0,0,0,0,0,0.0,0.0,0.0,55,237,3,245,389,2404,7,9,804.0,0.8623076923076923,0.18639303482587066,11.527692307692309,4.2484156926360095,19.060000000000002,0,QB,"https://static.www.nfl.com/image/upload/f_auto,q_auto/league/gw6lyiuevyuspfkglnmj",REG,27,-182,1,1,2957,1042,123,-8.959706766791422,0.8181290695983866,2,0.8129861345958742,101,36,28,1,3,0,23,9.780994230386568,0,8,5,1,0,0,0,0,0,0,,0,0,0,0,0,,0,2,0,0,0,0,0,0.0,0.0,0,0,0,0,0,0,0,0,0,0,0,0,0,0,-7,0,0,0,1,5,2,2,1,4,1,0,0,0,0,0,0,0,0,,,0,0,0,0,0,0,0,0,0,0,0,0,,,,0,0,0,0,0,0,0,,0,0,0,0,,0,0,,0,0,0,0,0,0,0,0,0,0,,,,,,,,,,,,,,,,,,,,,,,,,,,,,,,,,,,,,,,,,,,,,,,,,,,,,,,,,,,,,,,,,,,,,,,,,,,,,,,,,,,,,,,,,,,,,,,,,,,,,,,,,,,,,,,,,,,,,,,,,,,,,,,,,,,,,,,,,,,,,,,,,,,,00-0038102,PickKe00,4240703.0,Kenny Pickett,1998-06-06,75.0,220.0,Pittsburgh,2022.0,1.0,20.0,PIT,2022,5,13.0,0.0,0.0,0.0,0.0,,,,,,,,,,,,,,,,,,,,,,,,,2022.0,Kenny Pickett,PIT,24.0,QB,13.0,12.0,55.0,237.0,3.0,23.0,207.0,3.8,30.0,0.5,0.0,,2023-08-28,Kenny Pickett,PIT,389.0,19.0,1.0,16.0,4.3,67.0,18.2,2022.0,2.5,95.0,34.0,32.0,93.0,21.0,8.0,266.0,72.1,34.0,152.0,29.0,135.0,4.0,17.0,65.0,315.0,,,,,,,,,,2022.0,Regular,Season Total,PIT,K. Pickett,19.5,53.6,3.4,496.0,43.2,36.5,5.2,0.0,1.6,52.4,-9.6,Kenny,Pickett,Kenny Pickett,https://a.espncdn.com/i/headshots/nfl/players/full/4240703.png,Steelers,True,13,12.16,1.6,10,2,0
2022,Baker Mayfield,B.Mayfield,00-0034855,LA,QB,QB,29.0,12,121.42,10.118333333333334,121.42,0.0,0,0,0,0,0.0,0.0,0.0,31,89,1,201,335,2163,10,8,649.0,0.9491666666666667,0.1870878274268105,10.118333333333334,5.0975606168464775,18.0,0,QB,"https://static.www.nfl.com/image/upload/f_auto,q_auto/league/gjb8e69jtt1ffqf1afue",REG,36,-217,3,1,2276,1127,94,-51.288697183107516,-7.015253307286256,0,0.9503514938488576,85,46,29,3,5,1,7,-7.133565690585934,0,3,1,0,0,0,0,0,0,0,,0,0,0,0,0,,0,1,0,0,0,0,0,0.0,0.0,0,0,0,0,0,0,0,0,0,0,0,0,0,5,-19,0,0,0,1,12,4,5,1,9,2,0,0,0,0,0,0,0,0,,,0,0,0,0,0,0,0,0,0,0,0,0,,,,0,0,0,0,0,0,0,,0,0,0,0,,0,0,,0,0,0,0,0,0,0,0,0,0,,,,,,,,,,,,,,,,,,,,,,,,,,,,,,,,,,,,,,,,,,,,,,,,,,,,,,,,,,,,,,,,,,,,,,,,,,,,,,,,,,,,,,,,,,,,,,,,,,,,,,,,,,,,,,,,,,,,,,,,,,,,,,,,,,,,,,,,,,,,,,,,,,,,00-0034855,MayfBa00,3052587.0,Baker Mayfield,1995-04-14,73.0,215.0,Oklahoma; Texas Tech,2018.0,1.0,1.0,CLE,2018,9,12.0,0.0,0.0,0.0,0.0,,,,,,,,,,,,,,,,,,,,,,,,,2022.0,Baker Mayfield,2TM,27.0,,12.0,10.0,31.0,89.0,1.0,7.0,70.0,2.3,19.0,0.6,1.0,31.0,2023-08-28,Baker Mayfield,2TM,335.0,15.0,1.0,17.0,5.3,60.0,18.8,2022.0,,110.0,23.0,21.0,80.0,20.7,16.0,226.0,70.8,20.0,74.0,19.0,68.0,1.0,6.0,97.0,657.0,,,,,,,,,,2022.0,Regular,Season Total,LAR,B. Mayfield,31.0,26.3,-31.0,417.0,6.0,5.7,-0.9,0.0,1.2,25.9,-14.5,Baker,Mayfield,Baker Mayfield,https://a.espncdn.com/i/headshots/nfl/players/full/3052587.png,Rams,True,12,8.65,4.08,6,2,0
2022,Taylor Heinicke,T.Heinicke,00-0031800,WAS,QB,QB,30.0,9,115.96000000000001,12.884444444444446,115.96000000000001,0.0,0,0,0,0,0.0,0.0,0.0,28,96,1,161,259,1859,12,6,614.0,0.9711111111111111,0.1888599348534202,12.884444444444446,4.994915192250793,22.060000000000002,1,QB,"https://static.www.nfl.com/image/upload/f_auto,q_auto/league/fz9e0aufjyyo5raclwji",REG,19,-141,6,5,2146,772,93,-12.71099375171722,1.7015570782339622,0,0.8662628145386766,83,42,20,5,1,0,6,-4.391686998074874,0,1,1,0,0,0,0,0,0,0,,0,0,0,0,0,,0,1,0,0,0,0,1,0.0,0.0,0,0,0,0,0,0,0,0,0,0,0,0,0,2,-9,0,0,0,0,0,6,1,0,7,5,0,0,0,0,0,0,0,0,,,0,0,0,0,0,0,0,0,0,0,0,0,,,,0,0,0,0,0,0,0,,0,0,0,0,,0,0,,0,0,0,0,0,0,0,0,0,0,,,,,,,,,,,,,,,,,,,,,,,,,,,,,,,,,,,,,,,,,,,,,,,,,,,,,,,,,,,,,,,,,,,,,,,,,,,,,,,,,,,,,,,,,,,,,,,,,,,,,,,,,,,,,,,,,,,,,,,,,,,,,,,,,,,,,,,,,,,,,,,,,,,,00-0031800,HeinTa00,2565969.0,Taylor Heinicke,1993-03-15,73.0,210.0,Old Dominion,,,,,2015,10,9.0,0.0,0.0,0.0,0.0,,,,,,,,,,,,,,,,,,,,,,,,,2022.0,Taylor Heinicke,WAS,29.0,QB,9.0,9.0,28.0,96.0,1.0,6.0,71.0,2.5,25.0,0.9,1.0,28.0,2023-08-28,Taylor Heinicke,WAS,259.0,14.0,2.0,6.0,2.5,44.0,18.1,2022.0,2.5,63.0,22.0,40.0,81.0,27.7,7.0,177.0,72.8,44.0,340.0,38.0,338.0,3.0,2.0,75.0,658.0,,,,,,,,,,,,,,,,,,,,,,,,,,,,,,,,9,13.260000000000002,5.4399999999999995,7,2,0
2022,Carson Wentz,C.Wentz,00-0032950,WAS,QB,QB,31.0,8,112.8,14.1,112.8,0.0,0,0,0,0,0.0,0.0,0.0,22,86,1,172,276,1755,11,9,510.0,0.9075,0.22117647058823528,14.1,9.953710004673775,27.78,3,QB,"https://static.www.nfl.com/image/upload/f_auto,q_auto/league/vuolixdvigc8axelug66",REG,26,-159,3,1,2147,826,85,-39.92165213974798,-3.7503710554705725,2,0.8174196553330229,61,29,22,4,2,0,4,6.074985710269046,0,2,2,0,0,0,0,0,0,0,,0,0,0,0,0,,0,1,0,0,0,0,0,0.0,0.0,0,0,0,0,0,0,0,0,0,0,0,0,0,4,-2,0,0,0,3,38,3,3,1,6,1,0,0,0,0,0,0,0,0,,,0,0,0,0,0,0,0,0,0,0,0,0,,,,0,0,0,0,0,0,0,,0,0,0,0,,0,0,,0,0,0,0,0,0,0,0,0,0,,,,,,,,,,,,,,,,,,,,,,,,,,,,,,,,,,,,,,,,,,,,,,,,,,,,,,,,,,,,,,,,,,,,,,,,,,,,,,,,,,,,,,,,,,,,,,,,,,,,,,,,,,,,,,,,,,,,,,,,,,,,,,,,,,,,,,,,,,,,,,,,,,,,00-0032950,WentCa00,2573079.0,Carson Wentz,1992-12-30,77.0,237.0,North Dakota State,2016.0,1.0,2.0,PHI,2016,11,8.0,0.0,0.0,0.0,0.0,,,,,,,,,,,,,,,,,,,,,,,,,2022.0,Carson Wentz,WAS,30.0,QB,8.0,7.0,22.0,86.0,1.0,4.0,65.0,3.0,21.0,1.0,1.0,22.0,2023-08-28,Carson Wentz,WAS,276.0,6.0,0.0,16.0,5.9,54.0,20.0,2022.0,2.3,84.0,15.0,29.0,70.0,22.3,8.0,192.0,71.1,39.0,221.0,34.0,215.0,2.0,6.0,65.0,431.0,,,,,,,,,,2022.0,Regular,Season Total,WSH,C. Wentz,30.0,34.4,-14.3,352.0,14.1,9.8,3.5,0.0,0.7,36.0,-11.4,Carson,Wentz,Carson Wentz,https://a.espncdn.com/i/headshots/nfl/players/full/2573079.png,Commanders,True,8,8.780000000000001,4.16,3,3,2
2022,Matthew Stafford,M.Stafford,00-0026498,LA,QB,QB,32.0,9,108.38000000000001,12.042222222222223,108.38000000000001,0.0,0,0,0,0,0.0,0.0,0.0,13,9,1,206,303,2087,10,8,534.0,0.9522222222222223,0.20295880149812737,12.042222222222223,4.145303902543751,18.880000000000003,0,QB,"https://static.www.nfl.com/image/upload/f_auto,q_auto/league/jwpkjfrkzufdyh8u1mg7",REG,29,-208,4,3,2027,1119,105,-24.03734681550175,-0.038738553789821835,0,1.029600394671929,75,36,21,4,1,0,3,-2.5026393159641884,0,0,0,0,0,0,0,0,0,0,,0,0,0,0,0,,0,1,0,0,0,0,0,0.0,0.0,0,0,0,0,0,0,0,0,0,0,0,0,0,2,-5,0,0,0,1,10,3,2,0,5,3,0,0,0,0,0,0,0,0,,,0,0,0,0,0,0,0,0,0,0,0,0,,,,0,0,0,0,0,0,0,,0,0,0,0,,0,0,,0,0,0,0,0,0,0,0,0,0,,,,,,,,,,,,,,,,,,,,,,,,,,,,,,,,,,,,,,,,,,,,,,,,,,,,,,,,,,,,,,,,,,,,,,,,,,,,,,,,,,,,,,,,,,,,,,,,,,,,,,,,,,,,,,,,,,,,,,,,,,,,,,,,,,,,,,,,,,,,,,,,,,,,00-0026498,StafMa00,12483.0,Matthew Stafford,1988-02-07,75.0,214.0,Georgia,2009.0,1.0,1.0,DET,2009,18,9.0,0.0,0.0,0.0,0.0,,,,,,,,,,,,,,,,,,,,,,,,,2022.0,Matthew Stafford,LA,34.0,QB,9.0,9.0,13.0,9.0,1.0,3.0,3.0,0.2,6.0,0.5,1.0,13.0,2023-08-28,Matthew Stafford,LAR,303.0,6.0,1.0,11.0,3.7,54.0,18.2,2022.0,2.3,77.0,23.0,27.0,79.0,23.4,3.0,224.0,75.7,14.0,146.0,14.0,146.0,0.0,0.0,68.0,614.0,,,,,,,,,,2022.0,Regular,Season Total,LAR,M. Stafford,22.5,52.3,-1.7,362.0,27.4,26.5,0.3,0.0,0.5,48.3,-11.0,Matthew,Stafford,Matthew Stafford,https://a.espncdn.com/i/headshots/nfl/players/full/12483.png,Rams,True,9,10.500000000000002,6.76,7,2,0
2022,Brock Purdy,B.Purdy,00-0037834,SF,QB,QB,33.0,9,106.26,11.806666666666667,106.26,0.0,0,0,0,0,0.0,0.0,0.0,22,13,1,114,170,1374,13,4,380.0,0.6455555555555555,0.27963157894736845,11.806666666666665,8.885656981900663,21.700000000000003,1,QB,"https://static.www.nfl.com/image/upload/f_auto,q_auto/league/xs2fyj1sqdgwvt9ihbri",REG,11,-84,0,0,1117,706,66,36.553111985589894,-0.7158398628234863,0,1.2300805729632946,54,28,20,3,0,0,5,-10.471993213137766,0,1,1,0,0,0,0,0,0,0,,0,0,0,0,0,,0,0,0,0,0,0,0,0.0,0.0,0,0,0,0,0,0,0,0,0,0,0,0,0,0,0,0,0,0,0,0,0,0,0,0,0,0,0,0,0,0,0,0,0,,,0,0,0,0,0,0,0,0,0,0,0,0,,,,0,0,0,0,0,0,0,,0,0,0,0,,0,0,,0,0,0,0,0,0,0,0,0,0,B.Purdy,Brock Purdy,QB,QB,"https://static.www.nfl.com/image/upload/f_auto,q_auto/league/xs2fyj1sqdgwvt9ihbri",2022.0,POST,SF,3.0,41.0,63.0,569.0,3.0,0.0,4.0,-23.0,1.0,1.0,635.0,282.0,27.0,21.34028024537857,5.9194279344458325,1.0,0.8960629921259843,22.0,16.0,9.0,1.0,7.0,24.0,1.0,0.0,0.0,3.0,-1.4751359815550962,0.0,1.0,1.0,0.0,0.0,0.0,0.0,0.0,0.0,0.0,0.0,0.0,0.0,0.0,,0.0,0.0,0.0,0.0,0.0,,0.0,0.0,0.0,0.0,0.0,0.0,0.0,0.0,0.0,0.0,0.0,0.0,0.0,0.0,0.0,0.0,0.0,0.0,0.0,0.0,0.0,0.0,0.0,0.0,0.0,0.0,0.0,0.0,0.0,0.0,0.0,0.0,1.0,0.0,0.0,1.0,1.0,0.0,0.0,0.0,0.0,0.0,0.0,0.0,0.0,,,0.0,0.0,0.0,0.0,0.0,0.0,0.0,0.0,0.0,0.0,0.0,0.0,,,,0.0,0.0,0.0,0.0,0.0,0.0,0.0,,0.0,0.0,0.0,0.0,,0.0,0.0,,0.0,0.0,0.0,0.0,0.0,0.0,0.0,0.0,0.0,0.0,43.160000000000004,43.160000000000004,00-0037834,PurdBr00,4361741.0,Brock Purdy,1999-12-27,73.0,220.0,Iowa State,2022.0,7.0,262.0,SF,2022,5,9.0,0.0,0.0,0.0,0.0,,,,,,,,,,,,,,,,,,,,,,,,,2022.0,Brock Purdy,SF,23.0,QB,9.0,5.0,22.0,13.0,1.0,5.0,6.0,0.3,7.0,0.3,0.0,,2023-08-28,Brock Purdy,SF,170.0,5.0,0.0,13.0,7.9,20.0,12.1,2022.0,2.3,54.0,5.0,15.0,31.0,16.6,7.0,127.0,77.0,9.0,102.0,9.0,102.0,0.0,0.0,37.0,288.0,,,,,,,,,,2022.0,Regular,Season Total,SF,B. Purdy,,67.5,13.3,211.0,28.6,26.2,0.6,0.0,1.8,70.9,-5.2,Brock,Purdy,Brock Purdy,https://a.espncdn.com/i/headshots/nfl/players/full/4361741.png,49ers,False,9,15.959999999999999,-0.1,6,5,0
2022,Zach Wilson,Z.Wilson,00-0037013,NYJ,QB,QB,34.0,9,98.92,10.991111111111111,97.92,1.0,1,1,2,1,0.0017006802721088435,0.00038662284941040013,0.0028216564027505452,28,102,1,132,242,1688,6,7,504.0,0.9433333333333334,0.19626984126984126,10.991111111111111,6.54564825751515,19.38,0,QB,"https://static.www.nfl.com/image/upload/f_auto,q_auto/league/i17xpbsar7evcypbhtel",REG,23,-175,1,1,2189,810,73,-36.21105495186014,-5.555372587426215,0,0.7711283691183188,59,35,26,6,0,0,7,-0.10348644226128911,0,3,3,0,0,0,0,2,0,1,1.1844526951317675,0,0,0,0,0,1.0,0,1,0,0,0,0,0,0.0,0.0,0,0,0,0,0,0,0,0,0,0,0,0,0,1,0,0,0,0,1,10,1,0,0,1,1,0,0,0,0,0,0,0,0,,,0,0,0,0,0,0,0,0,0,0,0,0,,,,0,0,0,0,0,0,0,,0,0,0,0,,0,0,,0,0,0,0,0,0,0,0,0,0,,,,,,,,,,,,,,,,,,,,,,,,,,,,,,,,,,,,,,,,,,,,,,,,,,,,,,,,,,,,,,,,,,,,,,,,,,,,,,,,,,,,,,,,,,,,,,,,,,,,,,,,,,,,,,,,,,,,,,,,,,,,,,,,,,,,,,,,,,,,,,,,,,,,00-0037013,WilsZa00,4361259.0,Zach Wilson,1999-08-03,74.0,214.0,BYU,2021.0,1.0,2.0,NYJ,2021,6,9.0,0.0,0.0,0.0,0.0,2022.0,Zach Wilson,NYJ,23.0,QB,9.0,9.0,1.0,1.0,2.0,1.0,1.0,2.0,2.0,0.0,0.0,2.0,0.0,,0.0,0.0,0.0,118.7,2023-08-28,2022.0,Zach Wilson,NYJ,23.0,QB,9.0,9.0,28.0,102.0,1.0,7.0,98.0,3.5,4.0,0.1,0.0,,2023-08-28,Zach Wilson,NYJ,242.0,20.0,0.0,11.0,5.0,56.0,25.2,2022.0,2.5,94.0,36.0,15.0,74.0,26.6,5.0,149.0,67.1,35.0,226.0,32.0,224.0,1.0,2.0,54.0,375.0,,,,,,,,,,,,,,,,,,,,,,,,,,,,,,,,9,10.56,1.7800000000000002,5,3,0
2022,Sam Darnold,S.Darnold,00-0034869,CAR,QB,QB,35.0,6,86.32,14.386666666666665,86.32,0.0,0,0,0,0,0.0,0.0,0.0,26,106,2,82,140,1143,7,3,377.0,1.0,0.22896551724137928,14.386666666666665,7.805492083569534,21.9,2,QB,"https://static.www.nfl.com/image/upload/f_auto,q_auto/league/fyay8vruj0cqmhopufzk",REG,10,-78,1,1,1138,553,57,21.07268539986399,4.892835021018982,0,1.0043936731107206,46,27,17,6,4,1,10,-4.00550188154991,0,5,3,1,0,0,0,0,0,0,,0,0,0,0,0,,0,0,0,0,0,0,0,0.0,0.0,0,0,0,0,0,0,0,0,0,0,0,0,0,3,-7,0,0,0,1,5,3,3,0,6,2,0,0,0,0,0,0,0,0,,,0,0,0,0,0,0,0,0,0,0,0,0,,,,0,0,0,0,0,0,0,,0,0,0,0,,0,0,,0,0,0,0,0,0,0,0,0,0,,,,,,,,,,,,,,,,,,,,,,,,,,,,,,,,,,,,,,,,,,,,,,,,,,,,,,,,,,,,,,,,,,,,,,,,,,,,,,,,,,,,,,,,,,,,,,,,,,,,,,,,,,,,,,,,,,,,,,,,,,,,,,,,,,,,,,,,,,,,,,,,,,,,00-0034869,DarnSa00,3912547.0,Sam Darnold,1997-06-05,75.0,225.0,USC,2018.0,1.0,3.0,NYJ,2018,9,6.0,0.0,0.0,0.0,0.0,,,,,,,,,,,,,,,,,,,,,,,,,2022.0,Sam Darnold,CAR,25.0,QB,6.0,6.0,26.0,106.0,2.0,10.0,82.0,3.2,24.0,0.9,0.0,,2023-08-28,Sam Darnold,CAR,140.0,19.0,3.0,7.0,5.9,16.0,13.6,2022.0,2.7,49.0,13.0,9.0,32.0,20.1,3.0,91.0,77.1,17.0,100.0,15.0,100.0,2.0,0.0,52.0,414.0,,,,,,,,,,,,,,,,,,,,,,,,,,,,,,,,6,15.03,0.9199999999999999,5,3,0
2022,Deshaun Watson,D.Watson,00-0033537,CLE,QB,QB,36.0,6,85.58,14.263333333333334,85.58,0.0,0,0,0,0,0.0,0.0,0.0,36,175,1,99,170,1102,7,5,387.0,0.985,0.22113695090439275,14.263333333333334,5.683033227658155,21.86,1,QB,"https://static.www.nfl.com/image/private/f_auto,q_auto/league/otfs2docj6eahaebo5xn",REG,20,-106,0,0,1214,530,53,-23.890652044285638,-3.3266800065194406,0,0.9077429983525536,51,19,12,1,1,0,10,6.220824425690807,0,5,4,2,0,0,0,0,0,0,,0,0,0,0,0,,0,1,0,0,0,0,0,0.0,0.0,0,0,0,0,0,0,0,0,0,0,0,0,0,1,0,0,0,0,1,5,0,1,0,1,0,0,0,0,0,0,0,0,0,,,0,0,0,0,0,0,0,0,0,0,0,0,,,,0,0,0,0,0,0,0,,0,0,0,0,,0,0,,0,0,0,0,0,0,0,0,0,0,,,,,,,,,,,,,,,,,,,,,,,,,,,,,,,,,,,,,,,,,,,,,,,,,,,,,,,,,,,,,,,,,,,,,,,,,,,,,,,,,,,,,,,,,,,,,,,,,,,,,,,,,,,,,,,,,,,,,,,,,,,,,,,,,,,,,,,,,,,,,,,,,,,,00-0033537,WatsDe00,3122840.0,Deshaun Watson,1995-09-14,75.0,223.0,Clemson,2017.0,1.0,12.0,HOU,2017,10,6.0,0.0,0.0,0.0,0.0,,,,,,,,,,,,,,,,,,,,,,,,,2022.0,Deshaun Watson,CLE,27.0,QB,6.0,6.0,36.0,175.0,1.0,10.0,140.0,3.9,35.0,1.0,0.0,,2023-08-28,Deshaun Watson,CLE,170.0,12.0,2.0,12.0,7.7,22.0,14.1,2022.0,2.9,35.0,5.0,12.0,37.0,18.1,4.0,116.0,74.4,26.0,227.0,19.0,169.0,6.0,58.0,51.0,403.0,,,,,,,,,,,,,,,,,,,,,,,,,,,,,,,,6,14.49,5.34,5,3,0
2022,Mitchell Trubisky,M.Trubisky,00-0033869,PIT,QB,QB,37.0,7,73.88,10.554285714285713,73.88,0.0,0,0,0,0,0.0,0.0,0.0,19,38,2,117,180,1252,4,5,356.0,0.8271428571428572,0.20752808988764043,10.554285714285713,4.511950269904937,14.979999999999999,0,QB,"https://static.www.nfl.com/image/upload/f_auto,q_auto/league/yxs7ix2pmcfv5k1qn1sk",REG,11,-68,0,0,1754,378,65,8.783268376912256,1.608036702635598,1,0.7137970353477765,52,22,16,2,0,0,7,-3.26305165985832,0,0,0,0,0,0,0,0,0,0,,0,0,0,0,0,,0,0,0,0,0,0,0,0.0,0.0,0,0,0,0,0,0,0,0,0,0,0,0,0,1,0,0,0,0,0,0,0,0,0,0,0,0,0,0,0,0,0,0,0,,,0,0,0,0,0,0,0,0,0,0,0,0,,,,0,0,0,0,0,0,0,,0,0,0,0,,0,0,,0,0,0,0,0,0,0,0,0,0,,,,,,,,,,,,,,,,,,,,,,,,,,,,,,,,,,,,,,,,,,,,,,,,,,,,,,,,,,,,,,,,,,,,,,,,,,,,,,,,,,,,,,,,,,,,,,,,,,,,,,,,,,,,,,,,,,,,,,,,,,,,,,,,,,,,,,,,,,,,,,,,,,,,00-0033869,TrubMi00,3039707.0,Mitchell Trubisky,1994-08-20,74.0,222.0,North Carolina,2017.0,1.0,2.0,CHI,2017,10,7.0,0.0,0.0,0.0,0.0,,,,,,,,,,,,,,,,,,,,,,,,,2022.0,Mitchell Trubisky,PIT,28.0,QB,7.0,5.0,19.0,38.0,2.0,7.0,23.0,1.2,15.0,0.8,1.0,19.0,2023-08-28,Mitchell Trubisky,PIT,180.0,2.0,1.0,7.0,4.0,25.0,14.1,2022.0,2.3,43.0,9.0,10.0,30.0,15.4,4.0,130.0,73.4,13.0,103.0,11.0,96.0,2.0,7.0,29.0,287.0,,,,,,,,,,2022.0,Regular,Season Total,PIT,M. Trubisky,,58.5,3.1,218.0,22.3,21.7,0.2,0.0,0.4,55.0,-4.6,Mitch,Trubisky,Mitch Trubisky,https://a.espncdn.com/i/headshots/nfl/players/full/3039707.png,Steelers,False,7,11.419999999999998,1.46,5,0,0
2022,Cooper Rush,C.Rush,00-0033662,DAL,QB,QB,38.0,8,56.64,7.08,56.64,0.0,0,0,0,0,0.0,0.0,0.0,9,6,0,94,162,1051,5,3,341.0,0.6077777777777778,0.16609970674486804,7.08,6.541760357230198,17.62,0,QB,"https://static.www.nfl.com/image/upload/f_auto,q_auto/league/mwrtykpswz7nbfisqlmj",REG,7,-49,2,0,1247,455,52,-9.40141764110182,-6.849936818241313,0,0.842822774659182,45,22,13,2,0,0,1,-3.2891339077396897,0,0,0,0,0,0,0,0,0,0,,0,0,0,0,0,,0,0,0,0,0,0,0,0.0,0.0,0,0,0,0,0,0,0,0,0,0,0,0,0,1,0,0,0,0,1,13,2,0,0,2,0,0,0,0,0,0,0,0,0,,,0,0,0,0,0,0,0,0,0,0,0,0,,,,0,0,0,0,0,0,0,,0,0,0,0,,0,0,,0,0,0,0,0,0,0,0,0,0,,,,,,,,,,,,,,,,,,,,,,,,,,,,,,,,,,,,,,,,,,,,,,,,,,,,,,,,,,,,,,,,,,,,,,,,,,,,,,,,,,,,,,,,,,,,,,,,,,,,,,,,,,,,,,,,,,,,,,,,,,,,,,,,,,,,,,,,,,,,,,,,,,,,00-0033662,RushCo00,2972515.0,Cooper Rush,1993-11-21,75.0,225.0,Central Michigan; Tarrant County JC,,,,,2017,9,9.0,0.0,0.0,0.0,0.0,,,,,,,,,,,,,,,,,,,,,,,,,2022.0,Cooper Rush,DAL,29.0,QB,9.0,5.0,9.0,6.0,0.0,1.0,6.0,0.7,0.0,0.0,0.0,,2023-08-28,Cooper Rush,DAL,162.0,2.0,1.0,9.0,5.7,33.0,20.8,2022.0,2.2,47.0,14.0,17.0,38.0,22.2,8.0,106.0,66.7,7.0,56.0,6.0,54.0,1.0,2.0,45.0,383.0,,,,,,,,,,2022.0,Regular,Season Total,DAL,C. Rush,,60.8,4.4,184.0,17.9,16.8,-0.4,0.0,1.5,58.3,-3.0,Cooper,Rush,Cooper Rush,https://a.espncdn.com/i/headshots/nfl/players/full/2972515.png,Cowboys,False,8,4.61,0.0,3,1,0
2022,Mike White,M.White,00-0034401,NYJ,QB,QB,39.0,4,56.58,14.145,56.58,0.0,0,0,0,0,0.0,0.0,0.0,6,9,1,103,175,1192,3,4,285.0,0.9775,0.1985263157894737,14.145,9.081958305710653,24.8,1,QB,"https://static.www.nfl.com/image/upload/f_auto,q_auto/league/ctdcazjooi8u5iyf82vr",REG,9,-76,2,1,1303,568,56,-7.627866973863522,-6.184591097239206,0,0.9148119723714505,46,22,13,3,0,0,3,2.5758212814689614,0,0,0,0,0,0,0,0,0,0,,0,0,0,0,0,,0,0,0,0,0,0,0,0.0,0.0,0,0,0,0,0,0,0,0,0,0,0,0,0,0,0,0,0,0,0,0,2,0,0,2,1,0,0,0,0,0,0,0,0,,,0,0,0,0,0,0,0,0,0,0,0,0,,,,0,0,0,0,0,0,0,,0,0,0,0,,0,0,,0,0,0,0,0,0,0,0,0,0,,,,,,,,,,,,,,,,,,,,,,,,,,,,,,,,,,,,,,,,,,,,,,,,,,,,,,,,,,,,,,,,,,,,,,,,,,,,,,,,,,,,,,,,,,,,,,,,,,,,,,,,,,,,,,,,,,,,,,,,,,,,,,,,,,,,,,,,,,,,,,,,,,,,00-0034401,WhitMi01,3051381.0,Mike White,1995-03-25,77.0,216.0,Western Kentucky; University of South Florida,2018.0,5.0,171.0,DAL,2018,7,4.0,0.0,0.0,0.0,0.0,,,,,,,,,,,,,,,,,,,,,,,,,2022.0,Mike White,NYJ,27.0,QB,4.0,4.0,6.0,9.0,1.0,3.0,7.0,1.2,2.0,0.3,0.0,,2023-08-28,Mike White,NYJ,175.0,6.0,0.0,3.0,1.8,38.0,22.5,2022.0,2.3,28.0,5.0,16.0,30.0,16.2,6.0,113.0,66.9,16.0,212.0,14.0,212.0,0.0,0.0,29.0,216.0,,,,,,,,,,,,,,,,,,,,,,,,,,,,,,,,4,14.09,3.5999999999999996,3,2,0
2022,Tyler Huntley,T.Huntley,00-0035993,BAL,QB,QB,40.0,5,50.02,10.004000000000001,50.02,0.0,0,0,0,0,0.0,0.0,0.0,43,137,1,75,112,658,2,3,268.0,0.7483333333333334,0.18664179104477613,10.004000000000001,4.4091132895402,15.580000000000002,0,QB,"https://static.www.nfl.com/image/upload/f_auto,q_auto/league/fxyjf9d5qkwqjdd8ypvv",REG,7,-34,0,0,830,250,31,-7.1703310971201795,3.180938207100485,0,0.7927710843373494,27,11,5,1,3,0,12,-2.7932816396851816,1,3,1,0,0,0,0,0,0,0,,0,0,0,0,0,,0,0,0,0,0,0,0,0.0,0.0,0,0,0,0,0,0,0,0,0,0,0,0,0,1,-4,0,0,0,0,0,1,2,0,3,0,0,0,0,0,0,0,0,0,,,0,0,0,0,0,0,0,0,0,0,0,0,,,,0,0,0,0,0,0,0,,0,0,0,0,,0,0,,0,0,0,0,0,0,0,0,0,0,T.Huntley,Tyler Huntley,QB,QB,"https://static.www.nfl.com/image/upload/f_auto,q_auto/league/fxyjf9d5qkwqjdd8ypvv",2022.0,POST,BAL,1.0,17.0,29.0,226.0,2.0,1.0,2.0,-17.0,0.0,0.0,191.0,126.0,11.0,3.425004780988383,-4.344289217676435,0.0,1.1832460732984293,9.0,5.0,4.0,1.0,9.0,54.0,0.0,1.0,1.0,3.0,-8.494047214859165,0.0,1.0,1.0,1.0,0.0,0.0,0.0,0.0,0.0,0.0,0.0,0.0,0.0,0.0,,0.0,0.0,0.0,0.0,0.0,,0.0,0.0,0.0,0.0,0.0,0.0,0.0,0.0,0.0,0.0,0.0,0.0,0.0,0.0,0.0,0.0,0.0,0.0,0.0,0.0,0.0,0.0,0.0,0.0,0.0,1.0,0.0,0.0,0.0,0.0,0.0,0.0,1.0,0.0,0.0,1.0,1.0,0.0,0.0,0.0,0.0,0.0,0.0,0.0,0.0,,,0.0,0.0,0.0,0.0,0.0,0.0,0.0,0.0,0.0,0.0,0.0,0.0,,,,0.0,0.0,0.0,0.0,0.0,0.0,0.0,,0.0,0.0,0.0,0.0,,0.0,0.0,,0.0,0.0,0.0,0.0,0.0,0.0,0.0,0.0,0.0,0.0,18.439999999999998,18.439999999999998,00-0035993,HuntTy01,4035671.0,Tyler Huntley,1998-02-03,73.0,204.0,Utah,,,,,2020,7,6.0,0.0,0.0,0.0,0.0,,,,,,,,,,,,,,,,,,,,,,,,,2022.0,Tyler Huntley,BAL,24.0,QB,6.0,4.0,43.0,137.0,1.0,12.0,132.0,3.1,5.0,0.1,0.0,,2023-08-28,Tyler Huntley,BAL,112.0,4.0,2.0,3.0,2.8,15.0,14.2,2022.0,1.9,27.0,8.0,3.0,18.0,13.4,0.0,83.0,78.3,27.0,127.0,20.0,110.0,6.0,17.0,13.0,67.0,,,,,,,,,,,,,,,,,,,,,,,,,,,,,,,,5,9.6,5.0200000000000005,2,1,0
2022,Joe Flacco,J.Flacco,00-0026158,NYJ,QB,QB,41.0,5,48.339999999999996,9.668,48.339999999999996,0.0,0,0,-3,0,0.0,0.0,0.0,3,6,0,110,191,1051,5,3,295.0,0.818,0.163864406779661,9.668000000000001,11.27863112261413,26.880000000000003,1,QB,"https://static.www.nfl.com/image/upload/f_auto,q_auto/league/dre1d2f2d6dxqohzn5l2",REG,10,-66,5,4,1537,432,55,-25.36170515305042,-4.0900764884529535,0,0.6837996096291477,46,20,7,1,0,0,1,-0.13692106335656717,0,0,0,0,0,0,0,0,-3,0,,0,0,0,0,0,0.0,0,1,0,0,0,0,0,0.0,0.0,0,0,0,0,0,0,0,0,0,0,0,0,0,0,0,0,0,0,2,24,5,0,0,5,4,0,0,0,0,0,0,0,0,,,0,0,0,0,0,0,0,0,0,0,0,0,,,,0,0,0,0,0,0,0,,0,0,0,0,,0,0,,0,0,0,0,0,0,0,0,0,0,,,,,,,,,,,,,,,,,,,,,,,,,,,,,,,,,,,,,,,,,,,,,,,,,,,,,,,,,,,,,,,,,,,,,,,,,,,,,,,,,,,,,,,,,,,,,,,,,,,,,,,,,,,,,,,,,,,,,,,,,,,,,,,,,,,,,,,,,,,,,,,,,,,,00-0026158,FlacJo00,11252.0,Joe Flacco,1985-01-16,78.0,245.0,Delaware; Pittsburgh,2008.0,1.0,18.0,BAL,2008,19,5.0,0.0,0.0,0.0,0.0,,,,,,,,,,,,,,,,,,,,,,,,,2022.0,Joe Flacco,NYJ,37.0,QB,5.0,4.0,3.0,6.0,0.0,1.0,6.0,2.0,0.0,0.0,0.0,,2023-08-28,Joe Flacco,NYJ,191.0,6.0,0.0,13.0,7.0,38.0,20.5,2022.0,2.4,55.0,16.0,26.0,52.0,25.7,5.0,127.0,68.6,8.0,47.0,7.0,47.0,0.0,0.0,33.0,244.0,,,,,,,,,,,,,,,,,,,,,,,,,,,,,,,,5,5.66,-1.96,2,1,1
2022,Jameis Winston,J.Winston,00-0031503,NO,QB,QB,42.0,3,43.92,14.64,43.92,0.0,0,0,0,0,0.0,0.0,0.0,5,16,0,73,115,858,4,5,196.0,0.9899999999999999,0.22408163265306125,14.64,7.010021397970193,21.659999999999997,1,QB,"https://static.www.nfl.com/image/upload/f_auto,q_auto/league/e5qyxnibbyawi0pvfpjl",REG,11,-74,1,0,1315,202,35,-5.959922977354352,2.7460298962421246,1,0.6524714828897339,34,15,13,4,2,0,0,-3.2193307182751596,0,0,0,0,0,0,0,0,0,0,,0,0,0,0,0,,0,0,0,0,0,0,0,0.0,0.0,0,0,0,0,0,0,0,0,0,0,0,0,0,2,-2,0,0,0,1,10,1,2,0,3,0,0,0,0,0,0,0,0,0,,,0,0,0,0,0,0,0,0,0,0,0,0,,,,0,0,0,0,0,0,0,,0,0,0,0,,0,0,,0,0,0,0,0,0,0,0,0,0,,,,,,,,,,,,,,,,,,,,,,,,,,,,,,,,,,,,,,,,,,,,,,,,,,,,,,,,,,,,,,,,,,,,,,,,,,,,,,,,,,,,,,,,,,,,,,,,,,,,,,,,,,,,,,,,,,,,,,,,,,,,,,,,,,,,,,,,,,,,,,,,,,,,00-0031503,WinsJa00,2969939.0,Jameis Winston,1994-01-06,76.0,231.0,Florida State,2015.0,1.0,1.0,TB,2015,12,3.0,0.0,0.0,0.0,0.0,,,,,,,,,,,,,,,,,,,,,,,,,2022.0,Jameis Winston,NO,28.0,QB,3.0,3.0,5.0,16.0,0.0,0.0,7.0,1.4,9.0,1.8,0.0,,2023-08-28,Jameis Winston,NO,115.0,2.0,2.0,3.0,2.7,23.0,20.7,2022.0,2.5,41.0,9.0,11.0,31.0,24.0,2.0,81.0,73.0,2.0,21.0,2.0,21.0,0.0,0.0,11.0,32.0,,,,,,,,,,,,,,,,,,,,,,,,,,,,,,,,3,14.620000000000001,7.64,2,1,0
2022,Jarrett Stidham,J.Stidham,00-0035264,LV,QB,QB,43.0,3,42.64,14.213333333333333,42.64,0.0,0,0,0,0,0.0,0.0,0.0,14,84,0,53,83,656,4,3,156.0,0.454,0.2733333333333333,14.213333333333333,11.56666474543692,26.0,1,QB,"https://static.www.nfl.com/image/upload/f_auto,q_auto/league/uzdn86skeienyyqxyiuw",REG,7,-47,2,1,763,261,32,-5.130124091908549,1.5498789428155633,0,0.8597640891218873,29,14,11,2,1,0,7,4.824725395592395,0,3,0,0,0,0,0,0,0,0,,0,0,0,0,0,,0,2,0,0,0,0,0,0.0,0.0,0,0,0,0,0,0,0,0,0,0,0,0,0,1,-1,0,0,0,1,11,2,1,0,3,1,0,0,0,0,0,0,0,0,,,0,0,0,0,0,0,0,0,0,0,0,0,,,,0,0,0,0,0,0,0,,0,0,0,0,,0,0,,0,0,0,0,0,0,0,0,0,0,,,,,,,,,,,,,,,,,,,,,,,,,,,,,,,,,,,,,,,,,,,,,,,,,,,,,,,,,,,,,,,,,,,,,,,,,,,,,,,,,,,,,,,,,,,,,,,,,,,,,,,,,,,,,,,,,,,,,,,,,,,,,,,,,,,,,,,,,,,,,,,,,,,,00-0035264,StidJa00,3892775.0,Jarrett Stidham,1996-08-08,75.0,215.0,Auburn; McLennan CC; Baylor,2019.0,4.0,133.0,NE,2019,7,5.0,0.0,0.0,0.0,0.0,,,,,,,,,,,,,,,,,,,,,,,,,2022.0,Jarrett Stidham,LV,26.0,QB,5.0,2.0,14.0,84.0,0.0,7.0,79.0,5.6,5.0,0.4,0.0,,2023-08-28,Jarrett Stidham,LVR,83.0,4.0,0.0,5.0,6.3,13.0,16.5,2022.0,2.7,18.0,6.0,17.0,30.0,29.7,2.0,59.0,74.7,6.0,28.0,6.0,28.0,0.0,0.0,18.0,189.0,,,,,,,,,,2022.0,Regular,Season Total,LV,J. Stidham,,59.7,3.3,111.0,10.0,6.6,3.0,0.0,0.4,60.5,-1.8,Jarrett,Stidham,Jarrett Stidham,https://a.espncdn.com/i/headshots/nfl/players/full/3892775.png,Raiders,False,3,13.76,2.88,2,1,1
2022,Bailey Zappe,B.Zappe,00-0038108,NE,QB,QB,44.0,4,39.64,9.91,38.64,1.0,1,1,-6,0,0.0019305019305019305,-0.0019459985405010946,0.00153355391740213,10,0,0,65,92,781,5,3,207.0,0.8475,0.1914975845410628,9.91,6.007473123812817,18.36,0,QB,"https://static.www.nfl.com/image/upload/f_auto,q_auto/league/b6ntwwdcbjnzv2gml8tk",REG,6,-40,2,2,624,384,37,7.685017908631561,5.7530369609594345,0,1.251602564102564,34,19,14,2,2,1,0,-6.099722969860593,0,0,0,0,0,0,0,-8,2,0,-1.2425923743285239,0,0,0,0,0,0.0,0,0,0,0,0,0,0,0.0,0.0,0,0,0,0,0,0,0,0,0,0,0,0,0,0,-6,0,0,0,1,16,2,2,0,4,3,0,0,0,0,0,0,0,0,,,0,0,0,0,0,0,0,0,0,0,0,0,,,,0,0,0,0,0,0,0,,0,0,0,0,,0,0,,0,0,0,0,0,0,0,0,0,0,,,,,,,,,,,,,,,,,,,,,,,,,,,,,,,,,,,,,,,,,,,,,,,,,,,,,,,,,,,,,,,,,,,,,,,,,,,,,,,,,,,,,,,,,,,,,,,,,,,,,,,,,,,,,,,,,,,,,,,,,,,,,,,,,,,,,,,,,,,,,,,,,,,,00-0038108,ZappBa00,4250360.0,Bailey Zappe,1999-04-26,73.0,215.0,Western Kentucky; Houston Christian University,2022.0,4.0,137.0,NE,2022,4,4.0,0.0,0.0,0.0,0.0,2022.0,Bailey Zappe,NE,23.0,QB,4.0,2.0,1.0,1.0,-6.0,0.0,0.0,-8.0,-8.0,2.0,2.0,-8.0,0.0,,0.0,0.0,0.0,79.2,2023-08-28,2022.0,Bailey Zappe,NE,23.0,QB,4.0,2.0,10.0,0.0,0.0,0.0,0.0,0.0,0.0,0.0,0.0,,2023-08-28,Bailey Zappe,NE,92.0,4.0,0.0,3.0,3.4,11.0,12.5,2022.0,2.5,36.0,5.0,2.0,13.0,13.1,5.0,69.0,78.4,8.0,77.0,7.0,72.0,1.0,5.0,24.0,389.0,,,,,,,,,,,,,,,,,,,,,,,,,,,,,,,,4,7.99,5.300000000000001,2,1,0
2022,PJ Walker,P.Walker,00-0033275,CAR,QB,QB,45.0,6,39.14,6.523333333333333,39.14,0.0,0,0,0,0,0.0,0.0,0.0,6,39,0,63,106,731,3,3,260.0,0.7233333333333333,0.15053846153846154,6.523333333333333,7.788652429442892,16.68,0,QB,"https://static.www.nfl.com/image/upload/f_auto,q_auto/league/rfbfapksdwh1o4othraq",REG,7,-46,0,0,837,408,30,-19.93191203595649,-7.613056969074976,0,0.8733572281959379,26,19,14,2,0,0,3,1.431855617382098,0,1,1,1,0,0,0,0,0,0,,0,0,0,0,0,,0,0,0,0,0,0,0,0.0,0.0,0,0,0,0,0,0,0,0,0,0,0,0,0,0,0,0,0,0,0,0,0,0,0,0,0,0,0,0,0,0,0,0,0,,,0,0,0,0,0,0,0,0,0,0,0,0,,,,0,0,0,0,0,0,0,,0,0,0,0,,0,0,,0,0,0,0,0,0,0,0,0,0,,,,,,,,,,,,,,,,,,,,,,,,,,,,,,,,,,,,,,,,,,,,,,,,,,,,,,,,,,,,,,,,,,,,,,,,,,,,,,,,,,,,,,,,,,,,,,,,,,,,,,,,,,,,,,,,,,,,,,,,,,,,,,,,,,,,,,,,,,,,,,,,,,,,00-0033275,WalkPh00,3051308.0,PJ Walker,1995-02-26,71.0,210.0,Temple,,,,,2017,4,6.0,0.0,0.0,0.0,0.0,,,,,,,,,,,,,,,,,,,,,,,,,2022.0,PJ Walker,CAR,27.0,QB,6.0,5.0,6.0,39.0,0.0,3.0,28.0,4.7,11.0,1.8,1.0,6.0,2023-08-28,P.J. Walker,CAR,106.0,1.0,0.0,7.0,6.7,21.0,20.0,2022.0,2.2,28.0,4.0,4.0,15.0,13.0,1.0,69.0,65.7,14.0,60.0,12.0,52.0,1.0,8.0,32.0,168.0,,,,,,,,,,,,,,,,,,,,,,,,,,,,,,,,6,4.0600000000000005,-3.04,2,2,0
2022,Desmond Ridder,D.Ridder,00-0038122,ATL,QB,QB,46.0,4,38.72,9.68,38.72,0.0,0,0,0,0,0.0,0.0,0.0,16,64,0,73,115,708,2,0,271.0,0.985,0.1428782287822878,9.68,4.411288549467907,15.86,0,QB,"https://static.www.nfl.com/image/upload/f_auto,q_auto/league/rhpusa7pfgd82d9ui6y7",REG,9,-33,1,1,940,328,37,4.537197660166862,-1.3211507688869129,0,0.7531914893617021,33,11,7,1,2,1,4,-12.282527674773817,0,1,1,0,0,0,0,0,0,0,,0,0,0,0,0,,0,0,0,0,0,0,0,0.0,0.0,0,0,0,0,0,0,0,0,0,0,0,0,0,1,-1,0,0,0,2,23,0,3,0,3,2,0,0,0,0,0,0,0,0,,,0,0,0,0,0,0,0,0,0,0,0,0,,,,0,0,0,0,0,0,0,,0,0,0,0,,0,0,,0,0,0,0,0,0,0,0,0,0,,,,,,,,,,,,,,,,,,,,,,,,,,,,,,,,,,,,,,,,,,,,,,,,,,,,,,,,,,,,,,,,,,,,,,,,,,,,,,,,,,,,,,,,,,,,,,,,,,,,,,,,,,,,,,,,,,,,,,,,,,,,,,,,,,,,,,,,,,,,,,,,,,,,00-0038122,RiddDe00,4239086.0,Desmond Ridder,1999-08-31,75.0,207.0,Cincinnati,2022.0,3.0,74.0,ATL,2022,4,4.0,0.0,0.0,0.0,0.0,,,,,,,,,,,,,,,,,,,,,,,,,2022.0,Desmond Ridder,ATL,23.0,QB,4.0,4.0,16.0,64.0,0.0,4.0,49.0,3.1,15.0,0.9,0.0,,2023-08-28,Desmond Ridder,ATL,115.0,5.0,0.0,1.0,0.9,20.0,18.2,2022.0,2.7,41.0,1.0,8.0,18.0,13.3,1.0,83.0,75.5,34.0,127.0,30.0,119.0,3.0,8.0,18.0,148.0,,,,,,,,,,2022.0,Regular,Season Total,ATL,D. Ridder,,52.0,-0.7,149.0,12.4,13.7,-2.9,0.0,1.6,48.4,-3.0,Desmond,Ridder,Desmond Ridder,https://a.espncdn.com/i/headshots/nfl/players/full/4239086.png,Falcons,False,4,8.600000000000001,5.66,1,1,0
2022,Teddy Bridgewater,T.Bridgewater,00-0031237,MIA,QB,QB,47.0,5,38.02,7.604000000000001,38.02,0.0,0,0,0,0,0.0,0.0,0.0,3,27,0,49,79,683,4,4,141.0,0.4,0.26964539007092203,7.604000000000001,7.737498303715484,18.16,0,QB,"https://static.www.nfl.com/image/upload/f_auto,q_auto/league/wggyfg1dgyiwcgxafoen",REG,7,-45,0,0,704,307,32,-0.5638175600222451,1.561234136422475,0,0.9701704545454546,32,14,7,2,0,0,2,3.3702399597968906,0,2,0,0,0,0,0,0,0,0,,0,0,0,0,0,,0,0,0,0,0,0,0,0.0,0.0,0,0,0,0,0,0,0,0,0,0,0,0,0,0,0,0,0,0,3,33,0,0,0,0,0,0,0,0,0,0,0,0,0,,,0,0,0,0,0,0,0,0,0,0,0,0,,,,0,0,0,0,0,0,0,,0,0,0,0,,0,0,,0,0,0,0,0,0,0,0,0,0,,,,,,,,,,,,,,,,,,,,,,,,,,,,,,,,,,,,,,,,,,,,,,,,,,,,,,,,,,,,,,,,,,,,,,,,,,,,,,,,,,,,,,,,,,,,,,,,,,,,,,,,,,,,,,,,,,,,,,,,,,,,,,,,,,,,,,,,,,,,,,,,,,,,00-0031237,BridTe00,16728.0,Teddy Bridgewater,1992-11-10,74.0,210.0,Louisville,2014.0,1.0,32.0,MIN,2014,11,5.0,0.0,0.0,0.0,0.0,,,,,,,,,,,,,,,,,,,,,,,,,2022.0,Teddy Bridgewater,MIA,30.0,QB,5.0,2.0,3.0,27.0,0.0,2.0,25.0,8.3,2.0,0.7,0.0,,2023-08-28,Teddy Bridgewater,MIA,79.0,4.0,0.0,2.0,2.7,16.0,21.3,2022.0,2.7,7.0,5.0,13.0,25.0,28.1,1.0,56.0,74.7,12.0,151.0,12.0,151.0,0.0,0.0,17.0,208.0,,,,,,,,,,,,,,,,,,,,,,,,,,,,,,,,5,9.040000000000001,0.0,2,1,0
2022,Gardner Minshew,G.Minshew,00-0035289,PHI,QB,QB,48.0,5,36.81999999999999,7.363999999999999,36.81999999999999,0.0,0,0,0,0,0.0,0.0,0.0,7,3,1,44,76,663,3,3,151.0,0.476,0.24384105960264896,7.364000000000002,10.16101766556874,22.700000000000003,1,QB,"https://static.www.nfl.com/image/upload/f_auto,q_auto/league/knlacyr7rqfkcxiriudj",REG,6,-28,1,0,717,251,30,7.425531540988396,-1.7784587400300162,0,0.9246861924686193,27,15,11,2,1,1,1,-11.374384821262467,0,0,0,0,0,0,0,0,0,0,,0,0,0,0,0,,0,1,0,0,0,0,0,0.0,0.0,0,0,0,0,0,0,0,0,0,0,0,0,0,2,-3,0,0,0,0,0,1,2,0,3,1,0,0,0,0,0,0,0,0,,,0,0,0,0,0,0,0,0,0,0,0,0,,,,0,0,0,0,0,0,0,,0,0,0,0,,0,0,,0,0,0,0,0,0,0,0,0,0,G.Minshew,Gardner Minshew,QB,QB,"https://static.www.nfl.com/image/upload/f_auto,q_auto/league/knlacyr7rqfkcxiriudj",2022.0,POST,PHI,1.0,0.0,0.0,0.0,0.0,0.0,0.0,0.0,0.0,0.0,0.0,0.0,0.0,,,0.0,,0.0,0.0,0.0,0.0,2.0,-2.0,0.0,0.0,0.0,0.0,-4.454107846831903,0.0,0.0,0.0,0.0,0.0,0.0,0.0,0.0,0.0,0.0,0.0,0.0,0.0,0.0,,0.0,0.0,0.0,0.0,0.0,,0.0,0.0,0.0,0.0,0.0,0.0,0.0,0.0,0.0,0.0,0.0,0.0,0.0,0.0,0.0,0.0,0.0,0.0,0.0,0.0,0.0,0.0,0.0,0.0,0.0,0.0,0.0,0.0,0.0,0.0,0.0,0.0,0.0,0.0,0.0,0.0,0.0,0.0,0.0,0.0,0.0,0.0,0.0,0.0,0.0,,,0.0,0.0,0.0,0.0,0.0,0.0,0.0,0.0,0.0,0.0,0.0,0.0,,,,0.0,0.0,0.0,0.0,0.0,0.0,0.0,,0.0,0.0,0.0,0.0,,0.0,0.0,,0.0,0.0,0.0,0.0,0.0,0.0,0.0,0.0,0.0,0.0,-0.2,-0.2,00-0035289,MinsGa00,4038524.0,Gardner Minshew,1996-05-16,73.0,225.0,Washington State,2019.0,6.0,178.0,JAX,2019,8,5.0,0.0,0.0,0.0,0.0,,,,,,,,,,,,,,,,,,,,,,,,,2022.0,Gardner Minshew,PHI,26.0,QB,5.0,2.0,7.0,3.0,1.0,1.0,3.0,0.4,0.0,0.0,0.0,,2023-08-28,Gardner Minshew II,PHI,76.0,5.0,1.0,2.0,2.9,14.0,20.0,2022.0,2.5,15.0,4.0,2.0,12.0,14.3,2.0,51.0,72.9,18.0,214.0,14.0,213.0,1.0,1.0,6.0,98.0,,,,,,,,,,,,,,,,,,,,,,,,,,,,,,,,5,0.8200000000000001,-0.1,2,1,0
2022,Sam Ehlinger,S.Ehlinger,00-0036879,IND,QB,QB,49.0,4,35.620000000000005,8.905000000000001,35.620000000000005,0.0,0,0,0,0,0.0,0.0,0.0,17,87,0,64,101,573,3,3,222.0,0.875,0.16045045045045048,8.905000000000001,3.7748068383251954,14.459999999999999,0,QB,"https://static.www.nfl.com/image/upload/f_auto,q_auto/league/imtb2ia03w2ujrl9dprs",REG,14,-87,1,1,722,294,28,-40.58373256801548,-3.4684592124187583,0,0.7936288088642659,20,10,7,1,1,0,5,5.581816673982425,0,2,2,0,0,0,0,0,0,0,,0,0,0,0,0,,0,0,0,0,0,0,0,0.0,0.0,0,0,0,0,0,0,0,0,0,0,0,0,0,0,-2,0,0,0,0,0,0,2,0,2,1,0,0,0,0,0,0,0,0,,,0,0,0,0,0,0,0,0,0,0,0,0,,,,0,0,0,0,0,0,0,,0,0,0,0,,0,0,,0,0,0,0,0,0,0,0,0,0,,,,,,,,,,,,,,,,,,,,,,,,,,,,,,,,,,,,,,,,,,,,,,,,,,,,,,,,,,,,,,,,,,,,,,,,,,,,,,,,,,,,,,,,,,,,,,,,,,,,,,,,,,,,,,,,,,,,,,,,,,,,,,,,,,,,,,,,,,,,,,,,,,,,00-0036879,EhliSa00,4241820.0,Sam Ehlinger,1998-09-30,73.0,222.0,Texas,2021.0,6.0,218.0,IND,2021,6,4.0,0.0,0.0,0.0,0.0,,,,,,,,,,,,,,,,,,,,,,,,,2022.0,Sam Ehlinger,IND,24.0,QB,4.0,3.0,17.0,87.0,0.0,5.0,80.0,4.7,7.0,0.4,0.0,,2023-08-28,Sam Ehlinger,IND,101.0,1.0,0.0,6.0,6.0,18.0,18.0,2022.0,2.5,23.0,8.0,7.0,29.0,23.0,2.0,74.0,74.0,12.0,100.0,10.0,97.0,1.0,3.0,22.0,156.0,,,,,,,,,,,,,,,,,,,,,,,,,,,,,,,,4,7.57,6.0200000000000005,1,0,0
2022,Colt McCoy,C.McCoy,00-0027688,ARI,QB,QB,50.0,4,32.800000000000004,8.200000000000001,32.800000000000004,0.0,0,0,0,0,0.0,0.0,0.0,14,36,0,90,132,780,1,3,229.0,0.815,0.14323144104803495,8.2,5.322555777068007,13.92,0,QB,"https://static.www.nfl.com/image/private/f_auto,q_auto/league/jqdwuhtcovhdnqno0mhg",REG,13,-97,0,0,801,368,34,-30.08398090360831,-0.2532497394916623,0,0.9737827715355806,27,11,6,1,2,0,5,1.2108905086566115,0,0,0,0,0,0,0,0,0,0,,0,0,0,0,0,,0,0,0,0,0,0,0,0.0,0.0,0,0,0,0,0,0,0,0,0,0,0,0,0,0,-2,0,0,0,1,12,0,2,0,2,0,0,0,0,0,0,0,0,0,,,0,0,0,0,0,0,0,0,0,0,0,0,,,,0,0,0,0,0,0,0,,0,0,0,0,,0,0,,0,0,0,0,0,0,0,0,0,0,,,,,,,,,,,,,,,,,,,,,,,,,,,,,,,,,,,,,,,,,,,,,,,,,,,,,,,,,,,,,,,,,,,,,,,,,,,,,,,,,,,,,,,,,,,,,,,,,,,,,,,,,,,,,,,,,,,,,,,,,,,,,,,,,,,,,,,,,,,,,,,,,,,,00-0027688,McCoCo00,13199.0,Colt McCoy,1986-09-05,73.0,212.0,Texas,2010.0,3.0,85.0,CLE,2010,13,4.0,0.0,0.0,0.0,0.0,,,,,,,,,,,,,,,,,,,,,,,,,2022.0,Colt McCoy,ARI,36.0,QB,4.0,3.0,14.0,36.0,0.0,5.0,16.0,1.1,20.0,1.4,1.0,14.0,2023-08-28,Colt McCoy,ARI,132.0,3.0,0.0,11.0,8.5,22.0,17.1,2022.0,2.1,25.0,4.0,15.0,32.0,20.9,2.0,102.0,79.1,32.0,205.0,27.0,202.0,3.0,3.0,22.0,151.0,,,,,,,,,,,,,,,,,,,,,,,,,,,,,,,,4,8.780000000000001,1.32,2,0,0
2022,Joshua Dobbs,J.Dobbs,00-0033949,TEN,QB,QB,51.0,2,20.840000000000003,10.420000000000002,20.840000000000003,0.0,0,0,0,0,0.0,0.0,0.0,8,44,0,40,68,411,2,2,139.0,0.995,0.14992805755395686,10.42,0.0848528137423864,10.48,0,QB,"https://static.www.nfl.com/image/upload/f_auto,q_auto/league/twaqqjexyi0vgyfbvzis",REG,6,-26,3,2,538,213,25,-8.974636538833105,-1.597306957611671,0,0.7639405204460966,17,6,5,0,0,0,4,1.7875308629591018,0,2,0,0,0,0,0,0,0,0,,0,0,0,0,0,,0,0,0,0,0,0,0,0.0,0.0,0,0,0,0,0,0,0,0,0,0,0,0,0,2,0,0,0,0,0,0,4,0,0,4,2,0,0,0,0,0,0,0,0,,,0,0,0,0,0,0,0,0,0,0,0,0,,,,0,0,0,0,0,0,0,,0,0,0,0,,0,0,,0,0,0,0,0,0,0,0,0,0,,,,,,,,,,,,,,,,,,,,,,,,,,,,,,,,,,,,,,,,,,,,,,,,,,,,,,,,,,,,,,,,,,,,,,,,,,,,,,,,,,,,,,,,,,,,,,,,,,,,,,,,,,,,,,,,,,,,,,,,,,,,,,,,,,,,,,,,,,,,,,,,,,,,00-0033949,DobbJo00,3044720.0,Joshua Dobbs,1995-01-26,75.0,216.0,Tennessee,2017.0,4.0,135.0,PIT,2017,10,2.0,0.0,0.0,0.0,0.0,,,,,,,,,,,,,,,,,,,,,,,,,2022.0,Joshua Dobbs,TEN,27.0,QB,2.0,2.0,8.0,44.0,0.0,4.0,37.0,4.6,7.0,0.9,0.0,,2023-08-28,Joshua Dobbs,TEN,68.0,3.0,0.0,3.0,4.6,14.0,21.5,2022.0,2.5,25.0,11.0,16.0,33.0,42.9,2.0,43.0,66.2,12.0,94.0,7.0,70.0,4.0,24.0,16.0,125.0,,,,,,,,,,2022.0,Regular,Season Total,TEN,J. Dobbs,,52.8,0.5,86.0,7.8,7.2,0.8,0.0,-0.2,52.2,-2.1,Joshua,Dobbs,Joshua Dobbs,https://a.espncdn.com/i/headshots/nfl/players/full/3044720.png,Titans,False,2,10.42,10.36,2,0,0
2022,Davis Webb,D.Webb,00-0033550,NYG,QB,QB,52.0,1,20.82,20.82,20.82,0.0,0,0,0,0,0.0,0.0,0.0,6,41,1,23,40,168,1,0,63.0,1.0,0.3304761904761905,20.82,,20.82,1,QB,"https://static.www.nfl.com/image/private/f_auto,q_auto/league/rxvilxbyuvwvorzzxhxf",REG,0,0,0,0,204,76,11,-2.4633255358413764,-6.994058034921947,0,0.8235294117647058,8,2,1,0,0,0,2,6.875743090349715,0,1,1,0,0,0,0,0,0,0,,0,0,0,0,0,,0,0,0,0,0,0,0,0.0,0.0,0,0,0,0,0,0,0,0,0,0,0,0,0,0,0,0,0,0,1,16,0,0,0,0,0,0,0,0,0,0,0,0,0,,,0,0,0,0,0,0,0,0,0,0,0,0,,,,0,0,0,0,0,0,0,,0,0,0,0,,0,0,,0,0,0,0,0,0,0,0,0,0,,,,,,,,,,,,,,,,,,,,,,,,,,,,,,,,,,,,,,,,,,,,,,,,,,,,,,,,,,,,,,,,,,,,,,,,,,,,,,,,,,,,,,,,,,,,,,,,,,,,,,,,,,,,,,,,,,,,,,,,,,,,,,,,,,,,,,,,,,,,,,,,,,,,00-0033550,WebbDa00,3052600.0,Davis Webb,1995-01-22,77.0,225.0,California; Texas Tech,2017.0,3.0,87.0,NYG,2017,3,1.0,0.0,0.0,0.0,0.0,,,,,,,,,,,,,,,,,,,,,,,,,2022.0,Davis Webb,NYG,27.0,QB,1.0,1.0,6.0,41.0,1.0,2.0,41.0,6.8,0.0,0.0,0.0,,2023-08-28,Davis Webb,NYG,40.0,2.0,0.0,0.0,0.0,7.0,18.4,2022.0,1.8,8.0,5.0,7.0,12.0,28.6,2.0,23.0,60.5,3.0,4.0,3.0,4.0,0.0,0.0,11.0,19.0,,,,,,,,,,2022.0,Regular,Season Total,NYG,D. Webb,,76.9,2.4,54.0,6.1,4.1,2.3,0.0,-0.2,65.3,0.0,Davis,Webb,Davis Webb,https://a.espncdn.com/i/headshots/nfl/players/full/3052600.png,Giants,False,1,20.82,20.82,1,1,0
2022,Malik Willis,M.Willis,00-0038128,TEN,QB,QB,53.0,7,19.340000000000003,2.7628571428571433,19.340000000000003,0.0,0,0,0,0,0.0,0.0,0.0,27,123,1,31,61,276,0,3,211.0,0.46375,0.09165876777251186,2.762857142857143,4.397975724829603,10.26,0,QB,"https://static.www.nfl.com/image/upload/f_auto,q_auto/league/txvgdbwbryzyyqq6gfet",REG,10,-49,0,0,498,144,11,-38.837689051219954,-10.553293273999142,0,0.5542168674698795,11,4,1,1,2,2,8,-6.886302529376104,0,3,3,0,0,0,0,0,0,0,,0,0,0,0,0,,0,1,0,0,0,0,0,0.0,0.0,0,0,0,0,0,0,0,0,0,0,0,0,0,1,0,0,0,0,0,0,1,2,0,3,2,0,0,0,0,0,0,0,0,,,0,0,0,0,0,0,0,0,0,0,0,0,,,,0,0,0,0,0,0,0,,0,0,0,0,,0,0,,0,0,0,0,0,0,0,0,0,0,,,,,,,,,,,,,,,,,,,,,,,,,,,,,,,,,,,,,,,,,,,,,,,,,,,,,,,,,,,,,,,,,,,,,,,,,,,,,,,,,,,,,,,,,,,,,,,,,,,,,,,,,,,,,,,,,,,,,,,,,,,,,,,,,,,,,,,,,,,,,,,,,,,,00-0038128,WillMa12,4242512.0,Malik Willis,1999-05-25,73.0,225.0,Liberty; Auburn,2022.0,3.0,86.0,TEN,2022,5,8.0,0.0,0.0,0.0,0.0,,,,,,,,,,,,,,,,,,,,,,,,,2022.0,Malik Willis,TEN,23.0,QB,8.0,3.0,27.0,123.0,1.0,8.0,89.0,3.3,34.0,1.3,3.0,9.0,2023-08-28,Malik Willis,TEN,61.0,7.0,0.0,4.0,7.4,12.0,22.2,2022.0,2.7,18.0,11.0,2.0,23.0,28.8,2.0,36.0,66.7,17.0,159.0,5.0,93.0,11.0,66.0,13.0,42.0,,,,,,,,,,,,,,,,,,,,,,,,,,,,,,,,7,1.44,-2.4,1,0,0
2022,David Blough,D.Blough,00-0035040,ARI,QB,QB,54.0,2,18.580000000000002,9.290000000000001,18.580000000000002,0.0,0,0,0,0,0.0,0.0,0.0,4,5,0,38,58,402,2,2,109.0,0.835,0.1704587155963303,9.29,6.066976182580579,13.58,0,QB,"https://static.www.nfl.com/image/private/f_auto,q_auto/league/enumsdgbnfykd6znzeck",REG,5,-24,1,1,481,225,18,-4.8270291654770485,0.6323942648512977,0,0.8357588357588358,16,7,3,1,0,0,0,-5.008354439632967,0,0,0,0,0,0,0,0,0,0,,0,0,0,0,0,,0,0,0,0,0,0,0,0.0,0.0,0,0,0,0,0,0,0,0,0,0,0,0,0,0,0,0,0,0,0,0,1,0,0,1,1,0,0,0,0,0,0,0,0,,,0,0,0,0,0,0,0,0,0,0,0,0,,,,0,0,0,0,0,0,0,,0,0,0,0,,0,0,,0,0,0,0,0,0,0,0,0,0,,,,,,,,,,,,,,,,,,,,,,,,,,,,,,,,,,,,,,,,,,,,,,,,,,,,,,,,,,,,,,,,,,,,,,,,,,,,,,,,,,,,,,,,,,,,,,,,,,,,,,,,,,,,,,,,,,,,,,,,,,,,,,,,,,,,,,,,,,,,,,,,,,,,00-0035040,BlouDa00,3116188.0,David Blough,1995-07-31,73.0,207.0,Purdue,,,,,2019,4,2.0,0.0,0.0,0.0,0.0,,,,,,,,,,,,,,,,,,,,,,,,,2022.0,David Blough,ARI,27.0,QB,2.0,2.0,4.0,5.0,0.0,0.0,5.0,1.3,0.0,0.0,0.0,,2023-08-28,David Blough,ARI,58.0,2.0,0.0,2.0,3.6,10.0,17.9,2022.0,2.2,15.0,0.0,7.0,12.0,18.5,0.0,43.0,76.8,16.0,188.0,15.0,188.0,0.0,0.0,14.0,166.0,,,,,,,,,,,,,,,,,,,,,,,,,,,,,,,,2,9.29,4.999999999999999,1,0,0
2022,Sam Howell,S.Howell,00-0037077,WAS,QB,QB,55.0,1,18.259999999999998,18.259999999999998,18.259999999999998,0.0,0,0,0,0,0.0,0.0,0.0,5,35,1,11,19,169,1,1,66.0,1.0,0.2766666666666666,18.259999999999998,,18.259999999999998,0,QB,"https://static.www.nfl.com/image/upload/f_auto,q_auto/league/sx77bippywnl0dx6m8q9",REG,3,-11,0,0,160,75,6,-7.461784537902072,-4.900194704532623,0,1.05625,6,5,4,1,0,0,4,5.526881414349191,0,1,0,0,0,0,0,0,0,0,,0,0,0,0,0,,0,0,0,0,0,0,0,0.0,0.0,0,0,0,0,0,0,0,0,0,0,0,0,0,0,0,0,0,0,0,0,0,0,0,0,0,0,0,0,0,0,0,0,0,,,0,0,0,0,0,0,0,0,0,0,0,0,,,,0,0,0,0,0,0,0,,0,0,0,0,,0,0,,0,0,0,0,0,0,0,0,0,0,,,,,,,,,,,,,,,,,,,,,,,,,,,,,,,,,,,,,,,,,,,,,,,,,,,,,,,,,,,,,,,,,,,,,,,,,,,,,,,,,,,,,,,,,,,,,,,,,,,,,,,,,,,,,,,,,,,,,,,,,,,,,,,,,,,,,,,,,,,,,,,,,,,,00-0037077,HoweSa00,4426875.0,Sam Howell,2000-09-16,73.0,225.0,North Carolina,2022.0,5.0,144.0,WAS,2022,5,1.0,0.0,0.0,0.0,0.0,,,,,,,,,,,,,,,,,,,,,,,,,2022.0,Sam Howell,WAS,22.0,QB,1.0,1.0,5.0,35.0,1.0,4.0,30.0,6.0,5.0,1.0,0.0,,2023-08-28,Sam Howell,WAS,19.0,1.0,0.0,2.0,11.1,3.0,16.7,2022.0,2.7,1.0,1.0,0.0,4.0,16.0,1.0,13.0,72.2,2.0,-2.0,2.0,-2.0,0.0,0.0,4.0,-2.0,,,,,,,,,,,,,,,,,,,,,,,,,,,,,,,,1,18.259999999999998,18.259999999999998,1,1,0
2022,Brett Rypien,B.Rypien,00-0034955,DEN,QB,QB,56.0,4,18.02,4.505,18.02,0.0,0,0,0,0,0.0,0.0,0.0,6,7,0,53,88,483,2,4,175.0,0.5975,0.10297142857142857,4.505,3.967446702015458,7.9,0,QB,"https://static.www.nfl.com/image/upload/f_auto,q_auto/league/aagqym9xmd5rligbbacq",REG,8,-47,1,1,734,267,24,-29.228848063780024,-3.6552880687275153,0,0.6580381471389646,22,7,1,1,1,0,2,-0.5416464465088211,0,0,0,0,0,0,0,0,0,0,,0,0,0,0,0,,0,0,0,0,0,0,0,0.0,0.0,0,0,0,0,0,0,0,0,0,0,0,0,0,3,-5,0,0,0,0,0,1,3,0,4,1,0,0,0,0,0,0,0,0,,,0,0,0,0,0,0,0,0,0,0,0,0,,,,0,0,0,0,0,0,0,,0,0,0,0,,0,0,,0,0,0,0,0,0,0,0,0,0,,,,,,,,,,,,,,,,,,,,,,,,,,,,,,,,,,,,,,,,,,,,,,,,,,,,,,,,,,,,,,,,,,,,,,,,,,,,,,,,,,,,,,,,,,,,,,,,,,,,,,,,,,,,,,,,,,,,,,,,,,,,,,,,,,,,,,,,,,,,,,,,,,,,00-0034955,RypiBr00,3722362.0,Brett Rypien,1996-07-09,74.0,210.0,Boise State,,,,,2019,7,4.0,0.0,0.0,0.0,0.0,,,,,,,,,,,,,,,,,,,,,,,,,2022.0,Brett Rypien,DEN,26.0,QB,4.0,2.0,6.0,7.0,0.0,2.0,6.0,1.0,1.0,0.2,0.0,,2023-08-28,Brett Rypien,DEN,88.0,1.0,0.0,2.0,2.3,19.0,21.8,2022.0,2.4,22.0,2.0,9.0,19.0,19.6,2.0,63.0,72.4,4.0,9.0,4.0,9.0,0.0,0.0,17.0,66.0,,,,,,,,,,,,,,,,,,,,,,,,,,,,,,,,4,5.16,-0.19999999999999996,0,0,0
2022,Skylar Thompson,S.Thompson,00-0037327,MIA,QB,QB,57.0,7,17.46,2.494285714285714,17.46,0.0,0,0,0,0,0.0,0.0,0.0,14,21,0,60,105,534,1,3,211.0,0.44,0.08274881516587679,2.494285714285714,3.490438640738711,6.5600000000000005,0,QB,"https://static.www.nfl.com/image/upload/f_auto,q_auto/league/estx7utxpnqif0lto9cq",REG,6,-40,1,1,783,208,26,-32.73230369350694,-5.247683957219124,0,0.6819923371647509,19,11,5,0,1,1,1,-11.108908463618718,0,0,0,0,0,0,0,0,0,0,,0,0,0,0,0,,0,0,0,0,0,0,0,0.0,0.0,0,0,0,0,0,0,0,0,0,0,0,0,0,1,-1,0,0,0,0,0,1,1,0,2,2,0,0,0,0,0,0,0,0,,,0,0,0,0,0,0,0,0,0,0,0,0,,,,0,0,0,0,0,0,0,,0,0,0,0,,0,0,,0,0,0,0,0,0,0,0,0,0,S.Thompson,Skylar Thompson,QB,QB,"https://static.www.nfl.com/image/upload/f_auto,q_auto/league/estx7utxpnqif0lto9cq",2022.0,POST,MIA,1.0,18.0,45.0,220.0,1.0,2.0,4.0,-31.0,0.0,0.0,497.0,106.0,12.0,-9.625856898304903,-17.009518614837102,1.0,0.4426559356136821,12.0,4.0,3.0,0.0,2.0,3.0,0.0,0.0,0.0,0.0,-0.7131497942027636,0.0,0.0,0.0,0.0,0.0,0.0,0.0,0.0,0.0,0.0,0.0,0.0,0.0,0.0,,0.0,0.0,0.0,0.0,0.0,,0.0,0.0,0.0,0.0,0.0,0.0,0.0,0.0,0.0,0.0,0.0,0.0,0.0,0.0,0.0,0.0,0.0,0.0,0.0,0.0,0.0,0.0,0.0,0.0,0.0,0.0,0.0,0.0,0.0,0.0,0.0,0.0,0.0,0.0,0.0,0.0,0.0,0.0,0.0,0.0,0.0,0.0,0.0,0.0,0.0,,,0.0,0.0,0.0,0.0,0.0,0.0,0.0,0.0,0.0,0.0,0.0,0.0,,,,0.0,0.0,0.0,0.0,0.0,0.0,0.0,,0.0,0.0,0.0,0.0,,0.0,0.0,,0.0,0.0,0.0,0.0,0.0,0.0,0.0,0.0,0.0,0.0,11.100000000000001,11.100000000000001,00-0037327,ThomSk00,4036419.0,Skylar Thompson,1997-06-04,74.0,210.0,Kansas State,2022.0,7.0,247.0,MIA,2022,5,7.0,0.0,0.0,0.0,0.0,,,,,,,,,,,,,,,,,,,,,,,,,2022.0,Skylar Thompson,MIA,25.0,QB,7.0,2.0,14.0,21.0,0.0,1.0,20.0,1.4,1.0,0.1,0.0,,2023-08-28,Skylar Thompson,MIA,105.0,4.0,0.0,8.0,7.9,22.0,21.8,2022.0,2.6,15.0,16.0,25.0,47.0,40.5,2.0,70.0,69.3,17.0,87.0,14.0,81.0,2.0,6.0,20.0,72.0,,,,,,,,,,,,,,,,,,,,,,,,,,,,,,,,7,2.6400000000000006,-2.0,0,0,0
2022,Jeff Driskel,J.Driskel,00-0032436,HOU,QB,QB,58.0,7,17.22,2.46,16.22,1.0,1,1,4,0,0.0017921146953405018,-0.0006883891693437356,0.002206299624470138,20,75,0,14,20,108,1,0,96.0,0.20714285714285713,0.17937499999999998,2.46,3.0596731851621013,9.12,0,QB,"https://static.www.nfl.com/image/upload/f_auto,q_auto/league/qvyjv4da7ya6erhqx67m",REG,2,-13,0,0,45,79,5,-2.0113410300109535,-4.304479925256026,0,2.4,6,1,1,0,0,0,4,-9.0451984051615,0,2,0,0,0,0,0,-3,7,0,-0.1066632519941777,0,0,0,0,0,0.0,0,0,0,0,0,0,0,0.0,0.0,0,0,0,0,0,0,0,0,0,0,0,0,0,0,0,0,0,0,0,0,0,0,0,0,0,0,0,0,0,0,0,0,0,,,0,0,0,0,0,0,0,0,0,0,0,0,,,,0,0,0,0,0,0,0,,0,0,0,0,,0,0,,0,0,0,0,0,0,0,0,0,0,,,,,,,,,,,,,,,,,,,,,,,,,,,,,,,,,,,,,,,,,,,,,,,,,,,,,,,,,,,,,,,,,,,,,,,,,,,,,,,,,,,,,,,,,,,,,,,,,,,,,,,,,,,,,,,,,,,,,,,,,,,,,,,,,,,,,,,,,,,,,,,,,,,,00-0032436,DrisJe00,2574630.0,Jeff Driskel,1993-04-23,76.0,231.0,Louisiana Tech; Florida,2016.0,6.0,207.0,SF,2016,9,7.0,0.0,0.0,0.0,0.0,2022.0,Jeff Driskel,HOU,29.0,QB,7.0,2.0,1.0,1.0,4.0,0.0,0.0,-3.0,-3.0,7.0,7.0,-3.0,0.0,,0.0,0.0,0.0,83.3,2023-08-28,2022.0,Jeff Driskel,HOU,29.0,QB,7.0,2.0,20.0,75.0,0.0,4.0,50.0,2.5,25.0,1.3,1.0,20.0,2023-08-28,Jeff Driskel,HOU,20.0,1.0,0.0,1.0,5.3,0.0,0.0,2022.0,1.8,4.0,2.0,1.0,5.0,20.0,3.0,15.0,78.9,13.0,73.0,10.0,66.0,3.0,7.0,7.0,26.0,,,,,,,,,,,,,,,,,,,,,,,,,,,,,,,,7,1.12,0.5,0,0,0
2022,Kyle Allen,K.Allen,00-0034577,HOU,QB,QB,59.0,2,15.940000000000001,7.970000000000001,15.940000000000001,0.0,0,0,0,0,0.0,0.0,0.0,6,13,0,46,78,416,2,4,126.0,1.0,0.1265079365079365,7.970000000000001,2.588010819142764,9.8,0,QB,"https://static.www.nfl.com/image/upload/f_auto,q_auto/league/s3vbqdcoc6oc6yh460v9",REG,5,-41,2,0,560,239,19,-35.89856570365411,-9.108849247296652,0,0.7428571428571429,17,6,4,0,2,1,2,-6.142968632047996,0,0,0,0,0,0,0,0,0,0,,0,0,0,0,0,,0,0,0,0,0,0,0,0.0,0.0,0,0,0,0,0,0,0,0,0,0,0,0,0,1,-4,0,0,0,0,0,3,1,0,4,1,0,0,0,0,0,0,0,0,,,0,0,0,0,0,0,0,0,0,0,0,0,,,,0,0,0,0,0,0,0,,0,0,0,0,,0,0,,0,0,0,0,0,0,0,0,0,0,,,,,,,,,,,,,,,,,,,,,,,,,,,,,,,,,,,,,,,,,,,,,,,,,,,,,,,,,,,,,,,,,,,,,,,,,,,,,,,,,,,,,,,,,,,,,,,,,,,,,,,,,,,,,,,,,,,,,,,,,,,,,,,,,,,,,,,,,,,,,,,,,,,,00-0034577,AlleKy00,3115293.0,Kyle Allen,1996-03-08,75.0,210.0,Houston; Texas A&M,,,,,2018,8,2.0,0.0,0.0,0.0,0.0,,,,,,,,,,,,,,,,,,,,,,,,,2022.0,Kyle Allen,HOU,26.0,QB,2.0,2.0,6.0,13.0,0.0,2.0,12.0,2.0,1.0,0.2,0.0,,2023-08-28,Kyle Allen,HOU,78.0,3.0,0.0,4.0,5.3,14.0,18.7,2022.0,2.0,22.0,2.0,7.0,14.0,16.5,4.0,52.0,69.3,1.0,13.0,1.0,13.0,0.0,0.0,28.0,148.0,,,,,,,,,,,,,,,,,,,,,,,,,,,,,,,,2,7.970000000000001,6.140000000000001,0,0,0
2022,Bryce Perkins,B.Perkins,00-0035939,LA,QB,QB,60.0,5,15.440000000000001,3.088,15.440000000000001,0.0,0,0,0,0,0.0,0.0,0.0,19,90,0,19,34,161,1,2,90.0,0.314,0.17155555555555557,3.0880000000000005,4.030548349790634,8.4,0,QB,"https://static.www.nfl.com/image/private/f_auto,q_auto/league/mouuxpmyg8wgcrtfc0tr",REG,6,-50,0,0,196,65,10,-18.650931321044094,-11.778709021481601,0,0.8214285714285714,7,3,1,0,0,0,6,2.466565743670799,0,3,2,1,0,0,0,0,0,0,,0,0,0,0,0,,0,0,0,1,0,0,0,0.0,0.0,0,0,0,0,0,0,0,0,0,0,0,0,0,0,0,0,0,0,0,0,0,0,0,0,0,0,0,0,0,0,0,0,0,,,0,0,0,0,0,0,0,0,0,0,0,0,,,,0,0,0,0,0,0,0,,0,0,0,0,,0,0,,0,0,0,0,0,0,0,0,0,0,,,,,,,,,,,,,,,,,,,,,,,,,,,,,,,,,,,,,,,,,,,,,,,,,,,,,,,,,,,,,,,,,,,,,,,,,,,,,,,,,,,,,,,,,,,,,,,,,,,,,,,,,,,,,,,,,,,,,,,,,,,,,,,,,,,,,,,,,,,,,,,,,,,,00-0035939,PerkBr02,3675812.0,Bryce Perkins,1996-12-20,75.0,215.0,Virginia,,,,,2020,2,5.0,0.0,0.0,0.0,0.0,,,,,,,,,,,,,,,,,,,,,,,,,2022.0,Bryce Perkins,LA,26.0,QB,5.0,1.0,19.0,90.0,0.0,6.0,53.0,2.8,37.0,1.9,0.0,,2023-08-28,Bryce Perkins,LAR,34.0,0.0,1.0,1.0,3.0,4.0,12.1,2022.0,2.7,7.0,6.0,3.0,15.0,34.1,5.0,21.0,63.6,4.0,38.0,1.0,15.0,2.0,23.0,7.0,48.0,,,,,,,,,,,,,,,,,,,,,,,,,,,,,,,,5,0.5,-0.2,0,0,0
2022,John Wolford,J.Wolford,00-0034899,LA,QB,QB,61.0,2,14.8,7.4,14.8,0.0,0,0,0,0,0.0,0.0,0.0,8,32,0,38,62,390,1,3,121.0,0.65,0.12231404958677687,7.4,1.9516147160748714,8.780000000000001,0,QB,"https://static.www.nfl.com/image/upload/f_auto,q_auto/league/rx1z0on3krils5gvkgj4",REG,7,-49,2,1,504,198,19,-19.748739064894636,-5.71844069684138,0,0.7738095238095238,17,7,4,0,1,0,2,2.0556980341789313,0,1,1,0,0,0,0,0,0,0,,0,0,0,0,0,,0,0,0,0,0,0,0,0.0,0.0,0,0,0,0,0,0,0,0,0,0,0,0,0,0,0,0,0,0,0,0,2,1,0,3,1,0,0,0,0,0,0,0,0,,,0,0,0,0,0,0,0,0,0,0,0,0,,,,0,0,0,0,0,0,0,,0,0,0,0,,0,0,,0,0,0,0,0,0,0,0,0,0,,,,,,,,,,,,,,,,,,,,,,,,,,,,,,,,,,,,,,,,,,,,,,,,,,,,,,,,,,,,,,,,,,,,,,,,,,,,,,,,,,,,,,,,,,,,,,,,,,,,,,,,,,,,,,,,,,,,,,,,,,,,,,,,,,,,,,,,,,,,,,,,,,,,00-0034899,WolfJo00,3124092.0,John Wolford,1995-10-16,73.0,218.0,Wake Forest,,,,,2019,5,3.0,0.0,0.0,0.0,0.0,,,,,,,,,,,,,,,,,,,,,,,,,2022.0,John Wolford,LA,27.0,QB,3.0,3.0,8.0,32.0,0.0,2.0,25.0,3.1,7.0,0.9,0.0,,2023-08-28,John Wolford,LAR,62.0,1.0,0.0,1.0,1.6,10.0,16.4,2022.0,2.7,19.0,7.0,14.0,28.0,37.8,2.0,50.0,82.0,8.0,44.0,8.0,44.0,0.0,0.0,24.0,199.0,,,,,,,,,,,,,,,,,,,,,,,,,,,,,,,,2,7.4,6.0200000000000005,0,0,0
2022,Trey Lance,T.Lance,00-0037012,SF,QB,QB,62.0,2,12.46,6.23,12.46,0.0,0,0,0,0,0.0,0.0,0.0,16,67,0,15,31,194,0,1,84.0,0.605,0.14833333333333334,6.23,5.2750165876516455,9.96,0,QB,"https://static.www.nfl.com/image/upload/f_auto,q_auto/league/j3psmvvxo13kmbgi60ej",REG,2,-9,0,0,210,80,6,-9.725712290665724,-16.525788348296594,0,0.9238095238095239,6,4,4,1,1,0,7,4.870055550651159,0,1,1,0,0,0,0,0,0,0,,0,0,0,0,0,,0,1,0,0,0,0,0,0.0,0.0,0,0,0,0,0,0,0,0,0,0,0,0,0,1,0,0,0,0,0,0,0,1,0,1,0,0,0,0,0,0,0,0,0,,,0,0,0,0,0,0,0,0,0,0,0,0,,,,0,0,0,0,0,0,0,,0,0,0,0,,0,0,,0,0,0,0,0,0,0,0,0,0,,,,,,,,,,,,,,,,,,,,,,,,,,,,,,,,,,,,,,,,,,,,,,,,,,,,,,,,,,,,,,,,,,,,,,,,,,,,,,,,,,,,,,,,,,,,,,,,,,,,,,,,,,,,,,,,,,,,,,,,,,,,,,,,,,,,,,,,,,,,,,,,,,,,00-0037012,LancTr00,4383351.0,Trey Lance,2000-05-09,76.0,226.0,North Dakota State,2021.0,1.0,3.0,SF,2021,6,2.0,0.0,0.0,0.0,0.0,,,,,,,,,,,,,,,,,,,,,,,,,2022.0,Trey Lance,SF,22.0,QB,2.0,2.0,16.0,67.0,0.0,7.0,50.0,3.1,17.0,1.1,2.0,8.0,2023-08-28,Trey Lance,SF,31.0,1.0,0.0,3.0,10.0,10.0,33.3,2022.0,2.7,4.0,4.0,2.0,8.0,21.6,0.0,19.0,63.3,4.0,6.0,1.0,0.0,3.0,6.0,6.0,51.0,,,,,,,,,,,,,,,,,,,,,,,,,,,,,,,,2,6.23,2.5,0,0,0
2022,Nick Mullens,N.Mullens,00-0033319,MIN,QB,QB,63.0,4,11.760000000000002,2.9400000000000004,11.760000000000002,0.0,0,0,0,0,0.0,0.0,0.0,4,8,0,21,25,224,1,1,54.0,0.20750000000000002,0.21777777777777782,2.94,2.6694318996121003,6.28,0,QB,"https://static.www.nfl.com/image/upload/f_auto,q_auto/league/haxwyajgngz6quuyqg19",REG,0,0,0,0,170,117,11,12.437495140812455,15.490880846977234,0,1.3176470588235294,11,3,2,0,0,0,1,-0.7301603048690595,0,0,0,0,0,0,0,0,0,0,,0,0,0,0,0,,0,0,0,0,0,0,0,0.0,0.0,0,0,0,0,0,0,0,0,0,0,0,0,0,0,0,0,0,0,0,0,0,0,0,0,0,0,0,0,0,0,0,0,0,,,0,0,0,0,0,0,0,0,0,0,0,0,,,,0,0,0,0,0,0,0,,0,0,0,0,,0,0,,0,0,0,0,0,0,0,0,0,0,,,,,,,,,,,,,,,,,,,,,,,,,,,,,,,,,,,,,,,,,,,,,,,,,,,,,,,,,,,,,,,,,,,,,,,,,,,,,,,,,,,,,,,,,,,,,,,,,,,,,,,,,,,,,,,,,,,,,,,,,,,,,,,,,,,,,,,,,,,,,,,,,,,,00-0033319,MullNi00,3059989.0,Nick Mullens,1995-03-21,73.0,210.0,Southern Mississippi,,,,,2017,8,4.0,0.0,0.0,0.0,0.0,,,,,,,,,,,,,,,,,,,,,,,,,2022.0,Nick Mullens,MIN,27.0,QB,4.0,0.0,4.0,8.0,0.0,1.0,7.0,1.8,1.0,0.3,0.0,,2023-08-28,Nick Mullens,MIN,25.0,0.0,0.0,0.0,0.0,2.0,8.0,2022.0,2.4,3.0,0.0,4.0,4.0,14.8,0.0,23.0,92.0,1.0,2.0,0.0,0.0,1.0,2.0,10.0,87.0,,,,,,,,,,2022.0,Regular,Season Total,MIN,N. Mullens,,58.3,1.3,33.0,2.6,3.0,-0.2,0.0,-0.1,63.4,0.0,Nick,Mullens,Nick Mullens,https://a.espncdn.com/i/headshots/nfl/players/full/3059989.png,Vikings,False,4,2.8,-0.12,0,0,0
2022,Jordan Love,J.Love,00-0036264,GB,QB,QB,64.0,4,11.700000000000001,2.9250000000000003,11.700000000000001,0.0,0,0,0,0,0.0,0.0,0.0,1,-1,0,14,21,195,1,0,26.0,0.11,0.45000000000000007,2.925,3.885781774623995,8.52,0,QB,"https://static.www.nfl.com/image/upload/f_auto,q_auto/league/thz8stjkbjwddxqnozi5",REG,0,0,0,0,151,117,9,3.5308599969274166,-0.6790311634540558,0,1.2913907284768211,7,3,2,1,0,0,0,0.0,0,0,0,0,0,0,0,0,0,0,,0,0,0,0,0,,0,0,0,0,0,0,0,0.0,0.0,0,0,0,0,0,0,0,0,0,0,0,0,0,0,0,0,0,0,0,0,0,0,0,0,0,0,0,0,0,0,0,0,0,,,0,0,0,0,0,0,0,0,0,0,0,0,,,,0,0,0,0,0,0,0,,0,0,0,0,,0,0,,0,0,0,0,0,0,0,0,0,0,,,,,,,,,,,,,,,,,,,,,,,,,,,,,,,,,,,,,,,,,,,,,,,,,,,,,,,,,,,,,,,,,,,,,,,,,,,,,,,,,,,,,,,,,,,,,,,,,,,,,,,,,,,,,,,,,,,,,,,,,,,,,,,,,,,,,,,,,,,,,,,,,,,,00-0036264,LoveJo03,4036378.0,Jordan Love,1998-11-02,76.0,219.0,Utah State,2020.0,1.0,26.0,GB,2020,7,4.0,0.0,0.0,0.0,0.0,,,,,,,,,,,,,,,,,,,,,,,,,2022.0,Jordan Love,GB,24.0,QB,4.0,0.0,1.0,-1.0,0.0,0.0,-1.0,-1.0,0.0,0.0,0.0,,2023-08-28,Jordan Love,GB,21.0,0.0,1.0,1.0,5.0,3.0,15.0,2022.0,2.1,1.0,0.0,0.0,0.0,0.0,0.0,16.0,80.0,0.0,0.0,0.0,0.0,0.0,0.0,1.0,63.0,,,,,,,,,,2022.0,Regular,Season Total,GB,J. Love,,83.2,1.8,20.0,1.5,1.5,0.0,0.0,0.0,77.7,0.0,Jordan,Love,Jordan Love,https://a.espncdn.com/i/headshots/nfl/players/full/4036378.png,Packers,False,4,1.46,0.26,0,0,0
2022,Tyrod Taylor,T.Taylor,00-0028118,NYG,QB,QB,65.0,2,11.32,5.66,11.32,0.0,0,0,0,0,0.0,0.0,0.0,5,70,0,6,8,58,1,1,32.0,0.16666666666666666,0.35375,5.659999999999999,5.96798123321446,9.879999999999999,0,QB,"https://static.www.nfl.com/image/upload/f_auto,q_auto/league/whpztm9akd7yefplp37r",REG,3,-18,1,1,99,26,3,-3.332336910490878,9.576836973428726,1,0.5858585858585859,3,1,0,0,1,0,5,9.137094320147298,0,2,2,1,0,0,0,0,0,0,,0,0,0,0,0,,0,0,0,0,0,0,0,0.0,0.0,0,0,0,0,0,0,0,0,0,0,0,0,0,0,0,0,0,0,0,0,2,0,1,2,1,0,0,0,0,0,0,0,0,,,0,0,0,0,0,0,0,0,0,0,0,0,,,,0,0,0,0,0,0,0,,0,0,0,0,,0,0,,0,0,0,0,0,0,0,0,0,0,,,,,,,,,,,,,,,,,,,,,,,,,,,,,,,,,,,,,,,,,,,,,,,,,,,,,,,,,,,,,,,,,,,,,,,,,,,,,,,,,,,,,,,,,,,,,,,,,,,,,,,,,,,,,,,,,,,,,,,,,,,,,,,,,,,,,,,,,,,,,,,,,,,,00-0028118,TaylTy00,14163.0,Tyrod Taylor,1989-08-03,73.0,217.0,Virginia Tech,2011.0,6.0,180.0,BAL,2011,16,3.0,0.0,0.0,0.0,0.0,,,,,,,,,,,,,,,,,,,,,,,,,2022.0,Tyrod Taylor,NYG,33.0,QB,3.0,0.0,5.0,70.0,0.0,5.0,64.0,12.8,6.0,1.2,0.0,,2023-08-28,Tyrod Taylor,NYG,8.0,0.0,0.0,1.0,12.5,0.0,0.0,2022.0,2.6,1.0,0.0,1.0,4.0,26.7,0.0,7.0,87.5,1.0,0.0,1.0,0.0,0.0,0.0,2.0,0.0,,,,,,,,,,,,,,,,,,,,,,,,,,,,,,,,2,5.659999999999999,1.44,0,0,0
2022,Trevor Siemian,T.Siemian,00-0032156,CHI,QB,QB,66.0,2,10.16,5.08,10.16,0.0,0,0,0,0,0.0,0.0,0.0,4,8,0,15,26,184,1,1,60.0,0.52,0.16933333333333334,5.08,6.901362184380704,9.96,0,QB,"https://static.www.nfl.com/image/private/f_auto,q_auto/league/vmksfbms9zefxezf39sb",REG,2,-14,0,0,171,116,7,-7.1543913324834385,-5.781436920166016,0,1.0760233918128654,6,4,4,0,0,0,1,-0.8665187659207731,0,0,0,0,0,0,0,0,0,0,,0,0,0,0,0,,0,0,0,0,0,0,0,0.0,0.0,0,0,0,0,0,0,0,0,0,0,0,0,0,0,0,0,0,0,0,0,0,0,0,0,0,0,0,0,0,0,0,0,0,,,0,0,0,0,0,0,0,0,0,0,0,0,,,,0,0,0,0,0,0,0,,0,0,0,0,,0,0,,0,0,0,0,0,0,0,0,0,0,,,,,,,,,,,,,,,,,,,,,,,,,,,,,,,,,,,,,,,,,,,,,,,,,,,,,,,,,,,,,,,,,,,,,,,,,,,,,,,,,,,,,,,,,,,,,,,,,,,,,,,,,,,,,,,,,,,,,,,,,,,,,,,,,,,,,,,,,,,,,,,,,,,,00-0032156,SiemTr00,2511109.0,Trevor Siemian,1991-12-26,75.0,220.0,Northwestern,2015.0,7.0,250.0,DEN,2015,9,2.0,0.0,0.0,0.0,0.0,,,,,,,,,,,,,,,,,,,,,,,,,2022.0,Trevor Siemian,CHI,31.0,QB,2.0,1.0,4.0,8.0,0.0,1.0,8.0,2.0,0.0,0.0,0.0,,2023-08-28,Trevor Siemian,CHI,26.0,1.0,0.0,0.0,0.0,5.0,20.0,2022.0,1.5,4.0,2.0,2.0,6.0,20.7,0.0,15.0,60.0,4.0,36.0,4.0,36.0,0.0,0.0,6.0,44.0,,,,,,,,,,,,,,,,,,,,,,,,,,,,,,,,2,5.08,0.2,0,0,0
2022,Chris Streveler,C.Streveler,00-0035752,NYJ,QB,QB,67.0,1,9.0,9.0,9.0,0.0,0,0,0,0,0.0,0.0,0.0,9,54,0,10,15,90,0,0,31.0,0.265,0.2903225806451613,9.0,,9.0,0,QB,"https://static.www.nfl.com/image/private/f_auto,q_auto/league/epyvfplm9neqqvzsj2q8",REG,0,0,0,0,131,17,5,1.7202607482904568,6.250468293825786,0,0.6870229007633588,2,1,1,0,1,0,1,1.4987127127242275,0,2,1,0,0,0,0,0,0,0,,0,0,0,0,0,,0,0,0,0,0,0,0,0.0,0.0,0,0,0,0,0,0,0,0,0,0,0,0,0,0,0,0,0,0,0,0,1,0,1,1,0,0,0,0,0,0,0,0,0,,,0,0,0,0,0,0,0,0,0,0,0,0,,,,0,0,0,0,0,0,0,,0,0,0,0,,0,0,,0,0,0,0,0,0,0,0,0,0,,,,,,,,,,,,,,,,,,,,,,,,,,,,,,,,,,,,,,,,,,,,,,,,,,,,,,,,,,,,,,,,,,,,,,,,,,,,,,,,,,,,,,,,,,,,,,,,,,,,,,,,,,,,,,,,,,,,,,,,,,,,,,,,,,,,,,,,,,,,,,,,,,,,00-0035752,StreCh00,3040206.0,Chris Streveler,1995-01-06,73.0,216.0,South Dakota; Minnesota,,,,,2020,3,2.0,0.0,7.0,0.0,0.14,,,,,,,,,,,,,,,,,,,,,,,,,2022.0,Chris Streveler,NYJ,27.0,QB,2.0,1.0,9.0,54.0,0.0,1.0,42.0,4.7,12.0,1.3,0.0,,2023-08-28,Chris Streveler,NYJ,15.0,0.0,0.0,1.0,6.7,2.0,13.3,2022.0,2.5,6.0,0.0,4.0,4.0,21.1,0.0,10.0,66.7,0.0,0.0,0.0,0.0,0.0,0.0,2.0,37.0,,,,,,,,,,2022.0,Regular,Season Total,NYJ,C. Streveler,,73.9,2.6,26.0,3.1,2.2,1.0,0.0,-0.1,80.6,0.0,Chris,Streveler,Chris Streveler,https://a.espncdn.com/i/headshots/nfl/players/full/3040206.png,Jets,False,1,9.0,9.0,0,0,0
2022,Trace McSorley,T.McSorley,00-0035146,ARI,QB,QB,68.0,5,8.580000000000002,1.7160000000000004,8.580000000000002,0.0,0,0,0,0,0.0,0.0,0.0,15,61,0,45,83,412,0,5,148.0,0.35833333333333334,0.057972972972972985,1.716,1.5465057387543055,4.08,0,QB,"https://static.www.nfl.com/image/private/f_auto,q_auto/league/gfl6nhrkzshnhcsxfvqy",REG,3,-27,1,1,644,207,17,-37.3351795077863,-10.618916521598766,0,0.639751552795031,15,10,4,1,1,1,3,-6.190193126511879,0,1,1,0,0,0,0,0,0,0,,0,0,0,0,0,,0,0,0,0,0,0,0,0.0,0.0,0,0,0,0,0,0,0,0,0,0,0,0,0,1,-3,0,0,0,1,11,1,1,0,2,2,0,0,0,0,0,0,0,0,,,0,0,0,0,0,0,0,0,0,0,0,0,,,,0,0,0,0,0,0,0,,0,0,0,0,,0,0,,0,0,0,0,0,0,0,0,0,0,,,,,,,,,,,,,,,,,,,,,,,,,,,,,,,,,,,,,,,,,,,,,,,,,,,,,,,,,,,,,,,,,,,,,,,,,,,,,,,,,,,,,,,,,,,,,,,,,,,,,,,,,,,,,,,,,,,,,,,,,,,,,,,,,,,,,,,,,,,,,,,,,,,,00-0035146,McSoTr00,3116172.0,Trace McSorley,1995-08-23,72.0,202.0,Penn State,2019.0,6.0,197.0,BAL,2019,5,6.0,0.0,0.0,0.0,0.0,,,,,,,,,,,,,,,,,,,,,,,,,2022.0,Trace McSorley,ARI,27.0,QB,6.0,1.0,15.0,61.0,0.0,3.0,56.0,3.7,5.0,0.3,0.0,,2023-08-28,Trace McSorley,ARI,83.0,5.0,1.0,2.0,2.6,21.0,27.3,2022.0,2.2,24.0,5.0,8.0,16.0,17.4,1.0,50.0,64.9,8.0,58.0,7.0,57.0,1.0,1.0,13.0,83.0,,,,,,,,,,,,,,,,,,,,,,,,,,,,,,,,5,0.96,0.45999999999999996,0,0,0
2022,Chase Daniel,C.Daniel,00-0026544,LAC,QB,QB,69.0,3,8.48,2.8266666666666667,8.48,0.0,0,0,0,0,0.0,0.0,0.0,1,4,0,8,12,52,1,0,30.0,0.1125,0.2826666666666667,2.8266666666666667,3.997265732139075,7.4,0,QB,"https://static.www.nfl.com/image/private/f_auto,q_auto/league/jt8fvgeyuhsbpo9m9t4x",REG,1,-1,0,0,17,63,4,2.4290408995098574,-5.072335650523503,1,3.0588235294117645,2,0,0,0,0,0,0,-0.8076155539602041,0,0,0,0,0,0,0,0,0,0,,0,0,0,0,0,,0,0,0,0,0,0,0,0.0,0.0,0,0,0,0,0,0,0,0,0,0,0,0,0,0,0,0,0,0,0,0,0,0,0,0,0,0,0,0,0,0,0,0,0,,,0,0,0,0,0,0,0,0,0,0,0,0,,,,0,0,0,0,0,0,0,,0,0,0,0,,0,0,,0,0,0,0,0,0,0,0,0,0,,,,,,,,,,,,,,,,,,,,,,,,,,,,,,,,,,,,,,,,,,,,,,,,,,,,,,,,,,,,,,,,,,,,,,,,,,,,,,,,,,,,,,,,,,,,,,,,,,,,,,,,,,,,,,,,,,,,,,,,,,,,,,,,,,,,,,,,,,,,,,,,,,,,00-0026544,DaniCh00,12471.0,Chase Daniel,1986-10-07,72.0,229.0,Missouri,,,,,2009,13,4.0,0.0,0.0,0.0,0.0,,,,,,,,,,,,,,,,,,,,,,,,,2022.0,Chase Daniel,LAC,36.0,QB,4.0,0.0,1.0,4.0,0.0,0.0,4.0,4.0,0.0,0.0,0.0,,2023-08-28,Chase Daniel,LAC,12.0,0.0,0.0,1.0,8.3,3.0,25.0,2022.0,1.8,4.0,0.0,1.0,2.0,14.3,0.0,9.0,75.0,0.0,0.0,0.0,0.0,0.0,0.0,0.0,0.0,,,,,,,,,,2022.0,Regular,Season Total,LAC,C. Daniel,,59.9,0.1,16.0,1.3,1.8,-0.4,0.0,-0.1,51.5,-0.1,Chase,Daniel,Chase Daniel,https://a.espncdn.com/i/headshots/nfl/players/full/12471.png,Chargers,False,3,1.08,0.0,0,0,0
2022,Nathan Peterman,N.Peterman,00-0033958,CHI,QB,QB,70.0,3,8.26,2.7533333333333334,8.26,0.0,0,0,0,0,0.0,0.0,0.0,2,7,0,14,25,139,1,1,44.0,0.2833333333333333,0.18772727272727271,2.7533333333333334,5.657078162208237,9.26,0,QB,"https://static.www.nfl.com/image/private/f_auto,q_auto/league/owifll49p0mmsjgf7rhn",REG,1,-6,0,0,265,44,9,-5.093470546009485,-5.5388713660447495,0,0.5245283018867924,6,2,2,0,0,0,0,-0.23472769581712782,0,0,0,0,0,0,0,0,0,0,,0,0,0,0,0,,0,0,0,0,0,0,0,0.0,0.0,0,0,0,0,0,0,0,0,0,0,0,0,0,0,0,0,0,0,0,0,0,0,0,0,0,0,0,0,0,0,0,0,0,,,0,0,0,0,0,0,0,0,0,0,0,0,,,,0,0,0,0,0,0,0,,0,0,0,0,,0,0,,0,0,0,0,0,0,0,0,0,0,,,,,,,,,,,,,,,,,,,,,,,,,,,,,,,,,,,,,,,,,,,,,,,,,,,,,,,,,,,,,,,,,,,,,,,,,,,,,,,,,,,,,,,,,,,,,,,,,,,,,,,,,,,,,,,,,,,,,,,,,,,,,,,,,,,,,,,,,,,,,,,,,,,,00-0033958,PeteNa00,2972236.0,Nathan Peterman,1994-05-04,74.0,225.0,Pittsburgh; Tennessee,2017.0,5.0,171.0,BUF,2017,8,3.0,0.0,0.0,0.0,0.0,,,,,,,,,,,,,,,,,,,,,,,,,2022.0,Nathan Peterman,CHI,28.0,QB,3.0,1.0,2.0,7.0,0.0,0.0,6.0,3.0,1.0,0.5,0.0,,2023-08-28,Nathan Peterman,CHI,25.0,0.0,1.0,2.0,8.3,5.0,20.8,2022.0,2.5,5.0,1.0,1.0,3.0,10.7,0.0,17.0,70.8,1.0,20.0,1.0,20.0,0.0,0.0,4.0,52.0,,,,,,,,,,,,,,,,,,,,,,,,,,,,,,,,3,0.0,-1.0,0,0,0
2022,Anthony Brown,A.Brown,00-0037175,BAL,QB,QB,71.0,2,5.58,2.79,5.58,0.0,0,0,0,0,0.0,0.0,0.0,3,-5,0,22,49,302,0,2,101.0,0.69,0.05524752475247525,2.7899999999999996,3.7476659402887016,5.4399999999999995,0,QB,"https://static.www.nfl.com/image/private/f_auto,q_auto/league/wsbie1tqhz6uwtf49tmj",REG,5,-14,1,1,401,142,13,-16.465219842051994,-19.272943950713948,0,0.7531172069825436,14,4,4,1,0,0,0,0.0,0,0,0,0,0,0,0,0,0,0,,0,0,0,0,0,,0,0,0,0,0,0,0,0.0,0.0,0,0,0,0,0,0,0,0,0,0,0,0,0,0,0,0,0,0,0,0,1,0,0,1,1,0,0,0,0,0,0,0,0,,,0,0,0,0,0,0,0,0,0,0,0,0,,,,0,0,0,0,0,0,0,,0,0,0,0,,0,0,,0,0,0,0,0,0,0,0,0,0,,,,,,,,,,,,,,,,,,,,,,,,,,,,,,,,,,,,,,,,,,,,,,,,,,,,,,,,,,,,,,,,,,,,,,,,,,,,,,,,,,,,,,,,,,,,,,,,,,,,,,,,,,,,,,,,,,,,,,,,,,,,,,,,,,,,,,,,,,,,,,,,,,,,00-0037175,BrowAn06,4035312.0,Anthony Brown,1998-07-27,73.0,223.0,Oregon; Boston College,,,,,2022,2,2.0,0.0,0.0,0.0,0.0,,,,,,,,,,,,,,,,,,,,,,,,,2022.0,Anthony Brown,BAL,24.0,QB,2.0,1.0,3.0,-5.0,0.0,0.0,-5.0,-1.7,0.0,0.0,0.0,,2023-08-28,Anthony Brown,BAL,49.0,1.0,2.0,3.0,6.5,12.0,26.1,2022.0,2.3,21.0,2.0,4.0,11.0,20.4,2.0,28.0,60.9,2.0,12.0,2.0,12.0,0.0,0.0,12.0,74.0,,,,,,,,,,,,,,,,,,,,,,,,,,,,,,,,2,2.7899999999999996,0.14,0,0,0
2022,Blaine Gabbert,B.Gabbert,00-0027948,TB,QB,QB,72.0,1,5.16,5.16,5.16,0.0,0,0,0,0,0.0,0.0,0.0,0,0,0,6,8,29,1,0,14.0,0.25,0.3685714285714286,5.16,,5.16,0,QB,"https://static.www.nfl.com/image/private/f_auto,q_auto/league/fphhd3wedamgkps6e0dl",REG,0,0,0,0,20,37,2,0.2152441979269497,3.490244224667549,0,1.45,1,0,0,0,0,0,0,,0,0,0,0,0,0,0,0,0,0,,0,0,0,0,0,,0,0,0,0,0,0,0,0.0,0.0,0,0,0,0,0,0,0,0,0,0,0,0,0,0,0,0,0,0,0,0,0,0,0,0,0,0,0,0,0,0,0,0,0,,,0,0,0,0,0,0,0,0,0,0,0,0,,,,0,0,0,0,0,0,0,,0,0,0,0,,0,0,,0,0,0,0,0,0,0,0,0,0,,,,,,,,,,,,,,,,,,,,,,,,,,,,,,,,,,,,,,,,,,,,,,,,,,,,,,,,,,,,,,,,,,,,,,,,,,,,,,,,,,,,,,,,,,,,,,,,,,,,,,,,,,,,,,,,,,,,,,,,,,,,,,,,,,,,,,,,,,,,,,,,,,,,00-0027948,GabbBl00,13987.0,Blaine Gabbert,1989-10-15,77.0,235.0,Missouri,2011.0,1.0,10.0,JAX,2011,12,1.0,0.0,0.0,0.0,0.0,,,,,,,,,,,,,,,,,,,,,,,,,,,,,,,,,,,,,,,,,,,Blaine Gabbert,TB,8.0,0.0,0.0,1.0,12.5,0.0,0.0,2022.0,1.7,2.0,0.0,0.0,0.0,0.0,0.0,8.0,100.0,2.0,20.0,2.0,20.0,0.0,0.0,1.0,7.0,,,,,,,,,,2022.0,Regular,Season Total,TB,B. Gabbert,,59.9,0.4,8.0,1.1,1.1,0.0,0.0,0.0,66.0,0.0,Blaine,Gabbert,Blaine Gabbert,https://a.espncdn.com/i/headshots/nfl/players/full/13987.png,Buccaneers,False,1,5.16,5.16,0,0,0
2022,Nick Foles,N.Foles,00-0029567,IND,QB,QB,73.0,2,1.8,0.9,1.8,0.0,0,0,0,0,0.0,0.0,0.0,2,8,0,25,42,225,0,4,83.0,0.5133333333333333,0.021686746987951807,0.8999999999999999,1.6122034611053286,2.04,0,QB,"https://static.www.nfl.com/image/private/f_auto,q_auto/league/dxuz2ir773wylutxo7zs",REG,8,-48,0,0,343,91,9,-34.17122693501303,-8.23449877704062,0,0.6559766763848397,10,3,1,1,0,0,0,-4.255645770346746,0,0,0,0,0,0,0,0,0,0,,0,0,0,0,0,,0,0,0,0,0,0,0,0.0,0.0,0,0,0,0,0,0,0,0,0,0,0,0,0,0,0,0,0,0,0,0,0,0,0,0,0,0,0,0,0,0,0,0,0,,,0,0,0,0,0,0,0,0,0,0,0,0,,,,0,0,0,0,0,0,0,,0,0,0,0,,0,0,,0,0,0,0,0,0,0,0,0,0,,,,,,,,,,,,,,,,,,,,,,,,,,,,,,,,,,,,,,,,,,,,,,,,,,,,,,,,,,,,,,,,,,,,,,,,,,,,,,,,,,,,,,,,,,,,,,,,,,,,,,,,,,,,,,,,,,,,,,,,,,,,,,,,,,,,,,,,,,,,,,,,,,,,00-0029567,FoleNi00,14877.0,Nick Foles,1989-01-20,78.0,243.0,Arizona; Michigan State,2012.0,3.0,88.0,PHI,2012,11,3.0,0.0,0.0,0.0,0.0,,,,,,,,,,,,,,,,,,,,,,,,,2022.0,Nick Foles,IND,33.0,QB,3.0,2.0,2.0,8.0,0.0,0.0,8.0,4.0,0.0,0.0,0.0,,2023-08-28,Nick Foles,IND,42.0,1.0,0.0,2.0,4.9,9.0,22.0,2022.0,2.4,13.0,4.0,3.0,15.0,29.4,0.0,27.0,65.9,4.0,32.0,3.0,32.0,0.0,0.0,7.0,35.0,,,,,,,,,,,,,,,,,,,,,,,,,,,,,,,,2,0.8999999999999999,-0.2400000000000002,0,0,0
2022,Brian Hoyer,B.Hoyer,00-0026625,NE,QB,QB,74.0,1,1.48,1.48,1.48,0.0,0,0,0,0,0.0,0.0,0.0,0,0,0,5,6,37,0,0,15.0,0.26,0.09866666666666667,1.48,,1.48,0,QB,"https://static.www.nfl.com/image/private/f_auto,q_auto/league/japt3mj2xctm7saqndxn",REG,1,-8,0,0,28,22,2,-2.126523873504231,12.952211002508799,0,1.3214285714285714,1,1,1,0,0,0,0,,0,0,0,0,0,0,0,0,0,0,,0,0,0,0,0,,0,0,0,0,0,0,0,0.0,0.0,0,0,0,0,0,0,0,0,0,0,0,0,0,0,0,0,0,0,0,0,0,0,0,0,0,0,0,0,0,0,0,0,0,,,0,0,0,0,0,0,0,0,0,0,0,0,,,,0,0,0,0,0,0,0,,0,0,0,0,,0,0,,0,0,0,0,0,0,0,0,0,0,,,,,,,,,,,,,,,,,,,,,,,,,,,,,,,,,,,,,,,,,,,,,,,,,,,,,,,,,,,,,,,,,,,,,,,,,,,,,,,,,,,,,,,,,,,,,,,,,,,,,,,,,,,,,,,,,,,,,,,,,,,,,,,,,,,,,,,,,,,,,,,,,,,,00-0026625,HoyeBr00,12477.0,Brian Hoyer,1985-10-13,74.0,216.0,Michigan State,,,,,2009,15,1.0,0.0,0.0,0.0,0.0,,,,,,,,,,,,,,,,,,,,,,,,,,,,,,,,,,,,,,,,,,,Brian Hoyer,NE,6.0,0.0,0.0,0.0,0.0,1.0,16.7,2022.0,1.6,4.0,0.0,1.0,2.0,28.6,0.0,5.0,83.3,0.0,0.0,0.0,0.0,0.0,0.0,2.0,26.0,,,,,,,,,,,,,,,,,,,,,,,,,,,,,,,,1,1.48,1.48,0,0,0
2022,Kyle Trask,K.Trask,00-0036928,TB,QB,QB,75.0,1,0.92,0.92,0.92,0.0,0,0,0,0,0.0,0.0,0.0,0,0,0,3,9,23,0,0,10.0,0.18,0.092,0.92,,0.92,0,QB,"https://static.www.nfl.com/image/upload/f_auto,q_auto/league/xd0hbsqzz2xhh392woow",REG,0,0,0,0,99,20,1,-5.332559636328369,-22.49189428985119,0,0.23232323232323232,0,0,0,0,0,0,0,,0,0,0,0,0,0,0,0,0,0,,0,0,0,0,0,,0,0,0,0,0,0,0,0.0,0.0,0,0,0,0,0,0,0,0,0,0,0,0,0,0,0,0,0,0,0,0,0,0,0,0,0,0,0,0,0,0,0,0,0,,,0,0,0,0,0,0,0,0,0,0,0,0,,,,0,0,0,0,0,0,0,,0,0,0,0,,0,0,,0,0,0,0,0,0,0,0,0,0,,,,,,,,,,,,,,,,,,,,,,,,,,,,,,,,,,,,,,,,,,,,,,,,,,,,,,,,,,,,,,,,,,,,,,,,,,,,,,,,,,,,,,,,,,,,,,,,,,,,,,,,,,,,,,,,,,,,,,,,,,,,,,,,,,,,,,,,,,,,,,,,,,,,00-0036928,TrasKy00,4034946.0,Kyle Trask,1998-03-06,77.0,236.0,Florida,2021.0,2.0,64.0,TB,2021,5,1.0,0.0,0.0,0.0,0.0,,,,,,,,,,,,,,,,,,,,,,,,,,,,,,,,,,,,,,,,,,,Kyle Trask,TB,9.0,1.0,0.0,0.0,0.0,2.0,25.0,2022.0,2.3,2.0,0.0,2.0,2.0,22.2,0.0,5.0,62.5,0.0,0.0,0.0,0.0,0.0,0.0,0.0,0.0,,,,,,,,,,,,,,,,,,,,,,,,,,,,,,,,1,0.92,0.92,0,0,0
2022,Brandon Allen,B.Allen,00-0032434,CIN,QB,QB,76.0,1,0.78,0.78,0.78,0.0,0,0,0,0,0.0,0.0,0.0,3,-1,0,3,3,22,0,0,16.0,0.22,0.04875,0.78,,0.78,0,QB,"https://static.www.nfl.com/image/upload/f_auto,q_auto/league/zljq6177ohvxucfq7fl9",REG,1,0,0,0,10,12,1,-0.6882539251500881,26.575076580047607,0,2.2,1,0,0,0,0,0,1,0.46789629268459976,0,0,0,0,0,0,0,0,0,0,,0,0,0,0,0,,0,0,0,0,0,0,0,0.0,0.0,0,0,0,0,0,0,0,0,0,0,0,0,0,0,0,0,0,0,0,0,0,0,0,0,0,0,0,0,0,0,0,0,0,,,0,0,0,0,0,0,0,0,0,0,0,0,,,,0,0,0,0,0,0,0,,0,0,0,0,,0,0,,0,0,0,0,0,0,0,0,0,0,,,,,,,,,,,,,,,,,,,,,,,,,,,,,,,,,,,,,,,,,,,,,,,,,,,,,,,,,,,,,,,,,,,,,,,,,,,,,,,,,,,,,,,,,,,,,,,,,,,,,,,,,,,,,,,,,,,,,,,,,,,,,,,,,,,,,,,,,,,,,,,,,,,,00-0032434,AlleBr00,2574511.0,Brandon Allen,1992-09-05,74.0,209.0,Arkansas,2016.0,6.0,201.0,JAX,2016,9,1.0,0.0,0.0,0.0,0.0,,,,,,,,,,,,,,,,,,,,,,,,,2022.0,Brandon Allen,CIN,30.0,QB,1.0,0.0,3.0,-1.0,0.0,1.0,-1.0,-0.3,0.0,0.0,0.0,,2023-08-28,Brandon Allen,CIN,3.0,0.0,0.0,0.0,0.0,0.0,0.0,2022.0,2.5,3.0,0.0,0.0,1.0,25.0,0.0,3.0,100.0,0.0,0.0,0.0,0.0,0.0,0.0,0.0,0.0,,,,,,,,,,,,,,,,,,,,,,,,,,,,,,,,1,0.78,0.78,0,0,0
2022,Josh Johnson,J.Johnson,00-0026300,SF,QB,QB,77.0,1,0.7000000000000001,0.7000000000000001,0.7000000000000001,0.0,0,0,0,0,0.0,0.0,0.0,2,3,0,1,2,10,0,0,22.0,0.175,0.03181818181818182,0.7000000000000001,,0.7000000000000001,0,QB,"https://static.www.nfl.com/image/upload/f_auto,q_auto/league/sijqkai2yy1cbw3rwndh",REG,0,0,0,0,2,4,1,-0.8358491185936145,-26.861384510993958,0,5.0,1,0,0,0,0,0,0,-3.6153255199315026,0,0,0,0,0,0,0,0,0,0,,0,0,0,0,0,,0,0,0,0,0,0,0,0.0,0.0,0,0,0,0,0,0,0,0,0,0,0,0,0,0,0,0,0,0,0,0,0,0,0,0,0,0,0,0,0,0,0,0,0,,,0,0,0,0,0,0,0,0,0,0,0,0,,,,0,0,0,0,0,0,0,,0,0,0,0,,0,0,,0,0,0,0,0,0,0,0,0,0,J.Johnson,Josh Johnson,QB,QB,"https://static.www.nfl.com/image/upload/f_auto,q_auto/league/sijqkai2yy1cbw3rwndh",2022.0,POST,SF,1.0,7.0,13.0,74.0,0.0,0.0,2.0,-14.0,0.0,0.0,67.0,52.0,3.0,-2.0255670020123944,-5.467761375687339,0.0,1.1044776119402986,3.0,1.0,1.0,0.0,2.0,2.0,0.0,1.0,1.0,1.0,-4.591172740329057,0.0,0.0,0.0,0.0,0.0,0.0,0.0,0.0,0.0,0.0,0.0,0.0,0.0,0.0,,0.0,0.0,0.0,0.0,0.0,,0.0,0.0,0.0,0.0,0.0,0.0,0.0,0.0,0.0,0.0,0.0,0.0,0.0,0.0,0.0,0.0,0.0,0.0,0.0,0.0,0.0,0.0,0.0,0.0,0.0,0.0,-6.0,0.0,0.0,0.0,0.0,0.0,0.0,1.0,0.0,1.0,1.0,0.0,0.0,0.0,0.0,0.0,0.0,0.0,0.0,,,0.0,0.0,0.0,0.0,0.0,0.0,0.0,0.0,0.0,0.0,0.0,0.0,,,,0.0,0.0,0.0,0.0,0.0,0.0,0.0,,0.0,0.0,0.0,0.0,,0.0,0.0,,0.0,0.0,0.0,0.0,0.0,0.0,0.0,0.0,0.0,0.0,1.1600000000000001,1.1600000000000001,00-0026300,JohnJo05,11394.0,Josh Johnson,1986-05-15,75.0,219.0,San Diego,2008.0,5.0,160.0,TB,2008,14,2.0,0.0,0.0,0.0,0.0,,,,,,,,,,,,,,,,,,,,,,,,,2022.0,Josh Johnson,SF,36.0,QB,2.0,0.0,2.0,3.0,0.0,0.0,-1.0,-0.5,4.0,2.0,0.0,,2023-08-28,Josh Johnson,SF,2.0,0.0,0.0,0.0,0.0,0.0,0.0,2022.0,1.4,2.0,0.0,0.0,0.0,0.0,1.0,1.0,50.0,0.0,0.0,0.0,0.0,0.0,0.0,0.0,0.0,,,,,,,,,,,,,,,,,,,,,,,,,,,,,,,,1,0.7000000000000001,0.7000000000000001,0,0,0
2022,Jacob Eason,J.Eason,00-0036226,CAR,QB,QB,78.0,1,0.3599999999999999,0.3599999999999999,0.3599999999999999,0.0,0,0,0,0,0.0,0.0,0.0,0,0,0,3,5,59,0,1,7.0,0.16,0.051428571428571414,0.3599999999999999,,0.3599999999999999,0,QB,"https://static.www.nfl.com/image/private/f_auto,q_auto/league/e2qgyhtngjk0llvaswxe",REG,0,0,0,0,20,50,2,-2.261281799641438,-5.314946174621582,0,2.95,1,1,1,1,0,0,0,,0,0,0,0,0,0,0,0,0,0,,0,0,0,0,0,,0,0,0,0,0,0,0,0.0,0.0,0,0,0,0,0,0,0,0,0,0,0,0,0,0,0,0,0,0,0,0,0,0,0,0,0,0,0,0,0,0,0,0,0,,,0,0,0,0,0,0,0,0,0,0,0,0,,,,0,0,0,0,0,0,0,,0,0,0,0,,0,0,,0,0,0,0,0,0,0,0,0,0,,,,,,,,,,,,,,,,,,,,,,,,,,,,,,,,,,,,,,,,,,,,,,,,,,,,,,,,,,,,,,,,,,,,,,,,,,,,,,,,,,,,,,,,,,,,,,,,,,,,,,,,,,,,,,,,,,,,,,,,,,,,,,,,,,,,,,,,,,,,,,,,,,,,00-0036226,EasoJa00,4035003.0,Jacob Eason,1997-11-17,78.0,231.0,Washington,2020.0,4.0,122.0,IND,2020,3,1.0,0.0,0.0,0.0,0.0,,,,,,,,,,,,,,,,,,,,,,,,,,,,,,,,,,,,,,,,,,,Jacob Eason,CAR,5.0,0.0,0.0,0.0,0.0,1.0,20.0,2022.0,2.2,0.0,0.0,1.0,1.0,20.0,0.0,4.0,80.0,0.0,0.0,0.0,0.0,0.0,0.0,0.0,0.0,,,,,,,,,,,,,,,,,,,,,,,,,,,,,,,,1,0.3599999999999999,0.3599999999999999,0,0,0
2022,Case Keenum,C.Keenum,00-0028986,BUF,QB,QB,79.0,2,0.32,0.16,0.32,0.0,0,0,0,0,0.0,0.0,0.0,5,0,0,2,7,8,0,0,24.0,0.19,0.013333333333333334,0.16,0.05656854249492382,0.2,0,QB,"https://static.www.nfl.com/image/upload/f_auto,q_auto/league/weixhyzal4ntsyszyepu",REG,0,0,0,0,57,5,0,-5.786273917416111,-38.657933473587036,0,0.14035087719298245,0,0,0,0,0,0,0,-5.391547637234908,0,0,0,0,0,0,0,0,0,0,,0,0,0,0,0,,0,0,0,0,0,0,0,0.0,0.0,0,0,0,0,0,0,0,0,0,0,0,0,0,0,0,0,0,0,0,0,0,0,0,0,0,0,0,0,0,0,0,0,0,,,0,0,0,0,0,0,0,0,0,0,0,0,,,,0,0,0,0,0,0,0,,0,0,0,0,,0,0,,0,0,0,0,0,0,0,0,0,0,,,,,,,,,,,,,,,,,,,,,,,,,,,,,,,,,,,,,,,,,,,,,,,,,,,,,,,,,,,,,,,,,,,,,,,,,,,,,,,,,,,,,,,,,,,,,,,,,,,,,,,,,,,,,,,,,,,,,,,,,,,,,,,,,,,,,,,,,,,,,,,,,,,,00-0028986,KeenCa00,15168.0,Case Keenum,1988-02-17,73.0,220.0,Houston,,,,,2012,14,2.0,0.0,0.0,0.0,0.0,,,,,,,,,,,,,,,,,,,,,,,,,2022.0,Case Keenum,BUF,34.0,QB,2.0,0.0,5.0,0.0,0.0,,0.0,0.0,0.0,0.0,0.0,,2023-08-28,Case Keenum,BUF,7.0,0.0,0.0,1.0,14.3,2.0,28.6,2022.0,1.7,6.0,0.0,0.0,0.0,0.0,0.0,3.0,42.9,2.0,4.0,1.0,0.0,1.0,4.0,1.0,0.0,,,,,,,,,,,,,,,,,,,,,,,,,,,,,,,,2,0.16,0.12,0,0,0
2022,Nate Sudfeld,N.Sudfeld,00-0032792,DET,QB,QB,80.0,2,-0.4,-0.2,-0.4,0.0,0,0,0,0,0.0,0.0,0.0,5,-4,0,0,0,0,0,0,9.0,0.065,-0.044444444444444446,-0.2,0.14142135623730953,-0.1,0,QB,"https://static.www.nfl.com/image/upload/f_auto,q_auto/league/l1acxbghxcms27qi59nq",REG,1,-7,0,0,0,0,0,-0.8987278068009172,,0,,0,0,0,0,0,0,0,-3.4812826914712787,0,0,0,0,0,0,0,0,0,0,,0,0,0,0,0,,0,0,0,0,0,0,0,0.0,0.0,0,0,0,0,0,0,0,0,0,0,0,0,0,0,0,0,0,0,0,0,0,0,0,0,0,0,0,0,0,0,0,0,0,,,0,0,0,0,0,0,0,0,0,0,0,0,,,,0,0,0,0,0,0,0,,0,0,0,0,,0,0,,0,0,0,0,0,0,0,0,0,0,,,,,,,,,,,,,,,,,,,,,,,,,,,,,,,,,,,,,,,,,,,,,,,,,,,,,,,,,,,,,,,,,,,,,,,,,,,,,,,,,,,,,,,,,,,,,,,,,,,,,,,,,,,,,,,,,,,,,,,,,,,,,,,,,,,,,,,,,,,,,,,,,,,,00-0032792,SudfNa00,2979501.0,Nate Sudfeld,1993-10-07,78.0,230.0,Indiana,2016.0,6.0,187.0,WAS,2016,7,2.0,0.0,0.0,0.0,0.0,,,,,,,,,,,,,,,,,,,,,,,,,2022.0,Nate Sudfeld,DET,29.0,QB,2.0,0.0,5.0,-4.0,0.0,,-4.0,-0.8,0.0,0.0,0.0,,2023-08-28,,,,,,,,,,,,,,,,,,,,,,,,,,,,,,,,,,,,,,,,,,,,,,,,,,,,,,,,,,,2,-0.2,-0.30000000000000004,0,0,0
2022,Chad Henne,C.Henne,00-0026197,KC,QB,QB,81.0,3,-0.5,-0.16666666666666666,-0.5,0.0,0,0,0,0,0.0,0.0,0.0,5,-5,0,0,2,0,0,0,18.0,0.09333333333333334,-0.027777777777777776,-0.16666666666666666,0.1527525231651947,0.0,0,QB,"https://static.www.nfl.com/image/private/f_auto,q_auto/league/ornr9pcnzveqlntqc7jx",REG,0,0,0,0,-4,0,0,-1.8915138673619367,-69.61029171943665,0,0.0,0,0,0,0,0,0,0,-5.122464370040689,0,0,0,0,0,0,0,0,0,0,,0,0,0,0,0,,0,0,0,0,0,0,0,0.0,0.0,0,0,0,0,0,0,0,0,0,0,0,0,0,1,0,0,0,0,0,0,0,1,0,1,0,0,0,0,0,0,0,0,0,,,0,0,0,0,0,0,0,0,0,0,0,0,,,,0,0,0,0,0,0,0,,0,0,0,0,,0,0,,0,0,0,0,0,0,0,0,0,0,C.Henne,Chad Henne,QB,QB,"https://static.www.nfl.com/image/private/f_auto,q_auto/league/ornr9pcnzveqlntqc7jx",2022.0,POST,KC,1.0,5.0,7.0,23.0,1.0,0.0,0.0,0.0,0.0,0.0,32.0,12.0,3.0,2.7069520716322586,-2.6884479182107106,0.0,0.71875,0.0,0.0,0.0,0.0,1.0,-1.0,0.0,0.0,0.0,0.0,0.0,0.0,0.0,0.0,0.0,0.0,0.0,0.0,0.0,0.0,0.0,0.0,0.0,0.0,0.0,,0.0,0.0,0.0,0.0,0.0,,0.0,0.0,0.0,0.0,0.0,0.0,0.0,0.0,0.0,0.0,0.0,0.0,0.0,0.0,0.0,0.0,0.0,0.0,0.0,0.0,0.0,0.0,0.0,0.0,0.0,0.0,0.0,0.0,0.0,0.0,0.0,0.0,0.0,0.0,0.0,0.0,0.0,0.0,0.0,0.0,0.0,0.0,0.0,0.0,0.0,,,0.0,0.0,0.0,0.0,0.0,0.0,0.0,0.0,0.0,0.0,0.0,0.0,,,,0.0,0.0,0.0,0.0,0.0,0.0,0.0,,0.0,0.0,0.0,0.0,,0.0,0.0,,0.0,0.0,0.0,0.0,0.0,0.0,0.0,0.0,0.0,0.0,4.82,4.82,00-0026197,HennCh01,11291.0,Chad Henne,1985-07-02,75.0,230.0,Michigan,2008.0,2.0,57.0,MIA,2008,15,3.0,0.0,0.0,0.0,0.0,,,,,,,,,,,,,,,,,,,,,,,,,2022.0,Chad Henne,KC,37.0,QB,3.0,0.0,5.0,-5.0,0.0,,-5.0,-1.0,0.0,0.0,0.0,,2023-08-28,Chad Henne,KC,2.0,0.0,0.0,1.0,50.0,0.0,0.0,2022.0,1.8,0.0,0.0,0.0,0.0,0.0,1.0,0.0,0.0,0.0,0.0,0.0,0.0,0.0,0.0,0.0,0.0,,,,,,,,,,,,,,,,,,,,,,,,,,,,,,,,3,-0.2,-0.30000000000000004,0,0,0
2022,C.J. Beathard,C.Beathard,00-0033936,JAX,QB,QB,82.0,4,-0.9999999999999999,-0.24999999999999997,-0.9999999999999999,0.0,0,0,0,0,0.0,0.0,0.0,4,-4,0,7,11,35,0,1,27.0,0.105,-0.037037037037037035,-0.25000000000000006,0.4521061822182927,0.24,0,QB,"https://static.www.nfl.com/image/private/f_auto,q_auto/league/yw8euaevcvwswbx5w27w",REG,1,-5,0,0,57,20,2,-11.601140725440802,-7.354573770002886,0,0.6140350877192983,2,0,0,0,0,0,0,0.0,0,0,0,0,0,0,0,0,0,0,,0,0,0,0,0,,0,0,0,0,0,0,0,0.0,0.0,0,0,0,0,0,0,0,0,0,0,0,0,0,0,0,0,0,0,0,0,0,0,0,0,0,0,0,0,0,0,0,0,0,,,0,0,0,0,0,0,0,0,0,0,0,0,,,,0,0,0,0,0,0,0,,0,0,0,0,,0,0,,0,0,0,0,0,0,0,0,0,0,,,,,,,,,,,,,,,,,,,,,,,,,,,,,,,,,,,,,,,,,,,,,,,,,,,,,,,,,,,,,,,,,,,,,,,,,,,,,,,,,,,,,,,,,,,,,,,,,,,,,,,,,,,,,,,,,,,,,,,,,,,,,,,,,,,,,,,,,,,,,,,,,,,,00-0033936,BeatC.00,2979520.0,C.J. Beathard,1993-11-16,74.0,215.0,Iowa,2017.0,3.0,104.0,SF,2017,9,4.0,0.0,0.0,0.0,0.0,,,,,,,,,,,,,,,,,,,,,,,,,2022.0,CJ Beathard,JAX,29.0,QB,4.0,0.0,4.0,-4.0,0.0,0.0,-4.0,-1.0,0.0,0.0,0.0,,2023-08-28,C.J. Beathard,JAX,11.0,0.0,0.0,1.0,9.1,2.0,18.2,2022.0,1.8,1.0,0.0,2.0,3.0,25.0,0.0,8.0,72.7,0.0,0.0,0.0,0.0,0.0,0.0,3.0,17.0,,,,,,,,,,,,,,,,,,,,,,,,,,,,,,,,4,-0.2,-0.8400000000000001,0,0,0
2022,Tim Boyle,T.Boyle,00-0034177,CHI,QB,QB,83.0,1,-2.88,-2.88,-2.88,0.0,0,0,0,0,0.0,0.0,0.0,2,-2,0,2,8,33,0,2,13.0,0.25,-0.22153846153846152,-2.88,,-2.88,0,QB,"https://static.www.nfl.com/image/upload/f_auto,q_auto/league/zmfyonfo6ohn5bxqwaxg",REG,0,0,0,0,101,32,2,-5.456478976833634,-37.26350553333759,0,0.32673267326732675,2,2,0,0,0,0,0,0.0,0,0,0,0,0,0,0,0,0,0,,0,0,0,0,0,,0,0,0,0,0,0,0,0.0,0.0,0,0,0,0,0,0,0,0,0,0,0,0,0,0,0,0,0,0,0,0,0,0,0,0,0,0,0,0,0,0,0,0,0,,,0,0,0,0,0,0,0,0,0,0,0,0,,,,0,0,0,0,0,0,0,,0,0,0,0,,0,0,,0,0,0,0,0,0,0,0,0,0,,,,,,,,,,,,,,,,,,,,,,,,,,,,,,,,,,,,,,,,,,,,,,,,,,,,,,,,,,,,,,,,,,,,,,,,,,,,,,,,,,,,,,,,,,,,,,,,,,,,,,,,,,,,,,,,,,,,,,,,,,,,,,,,,,,,,,,,,,,,,,,,,,,,00-0034177,BoylTi00,3045169.0,Tim Boyle,1994-10-03,76.0,232.0,Eastern Kentucky,,,,,2018,6,1.0,0.0,0.0,0.0,0.0,,,,,,,,,,,,,,,,,,,,,,,,,2022.0,Tim Boyle,CHI,28.0,QB,1.0,0.0,2.0,-2.0,0.0,0.0,-2.0,-1.0,0.0,0.0,0.0,,2023-08-28,Tim Boyle,CHI,8.0,0.0,0.0,0.0,0.0,3.0,37.5,2022.0,2.4,1.0,0.0,1.0,1.0,12.5,0.0,5.0,62.5,2.0,0.0,2.0,0.0,0.0,0.0,3.0,16.0,,,,,,,,,,,,,,,,,,,,,,,,,,,,,,,,1,-2.88,-2.88,0,0,0
2022,Austin Ekeler,A.Ekeler,00-0033699,LAC,RB,RB,1.0,17,372.70000000000005,21.923529411764708,265.70000000000005,107.0,107,127,722,5,0.1848617176128093,-0.022340190223401904,0.2616544432628326,204,915,13,0,0,0,0,0,734.0,0.6152941176470588,0.5077656675749319,21.923529411764704,9.007325450138119,36.7,9,RB,"https://static.www.nfl.com/image/upload/f_auto,q_auto/league/sldndpn2zwt4uhkj2zks",REG,0,0,0,0,0,0,0,,,0,,0,0,0,0,3,2,46,-2.5742008631736737,0,22,13,4,2,2,1,-101,857,36,12.586065592543006,0,32,9,4,0,-7.148514851485149,0,4,0,0,0,0,0,0.0,0.0,0,0,0,0,0,0,0,0,0,0,0,0,0,1,0,0,0,0,0,0,4,1,0,5,3,0,0,0,0,0,0,0,0,,,0,0,0,0,0,0,0,0,0,0,0,0,,,,0,0,0,0,0,0,0,,0,0,0,0,,0,0,,0,0,0,0,0,0,0,0,0,0,A.Ekeler,Austin Ekeler,RB,RB,"https://static.www.nfl.com/image/upload/f_auto,q_auto/league/sldndpn2zwt4uhkj2zks",2022.0,POST,LAC,1.0,0.0,0.0,0.0,0.0,0.0,0.0,0.0,0.0,0.0,0.0,0.0,0.0,,,0.0,,0.0,0.0,0.0,0.0,13.0,35.0,2.0,0.0,0.0,3.0,-0.9143051443970762,0.0,1.0,1.0,0.0,0.0,2.0,4.0,8.0,0.0,0.0,0.0,-10.0,16.0,0.0,-3.3014705938403495,0.0,0.0,0.0,0.0,0.0,-0.8,0.09523809523809523,-0.04184100418410042,0.11356843992827256,0.0,0.0,0.0,0.0,0.0,0.0,0.0,0.0,0.0,0.0,0.0,0.0,0.0,0.0,0.0,0.0,0.0,0.0,0.0,0.0,0.0,0.0,0.0,0.0,0.0,0.0,0.0,0.0,0.0,0.0,0.0,0.0,0.0,0.0,0.0,0.0,0.0,0.0,0.0,0.0,0.0,0.0,,,0.0,0.0,0.0,0.0,0.0,0.0,0.0,0.0,0.0,0.0,0.0,0.0,,,,0.0,0.0,0.0,0.0,0.0,0.0,0.0,,0.0,0.0,0.0,0.0,,0.0,0.0,,0.0,0.0,0.0,0.0,0.0,0.0,0.0,0.0,0.0,0.0,16.3,18.3,00-0033699,EkelAu00,3068267.0,Austin Ekeler,1995-05-17,70.0,200.0,Western State,,,,,2017,9,17.0,0.0,0.0,0.0,0.0,2022.0,Austin Ekeler,LAC,27.0,RB,17.0,17.0,127.0,107.0,722.0,5.0,36.0,-121.0,-1.1,843.0,7.9,-0.8,11.0,9.7,9.0,0.071,0.0,103.5,2023-08-28,2022.0,Austin Ekeler,LAC,27.0,RB,17.0,17.0,204.0,915.0,13.0,46.0,529.0,2.6,386.0,1.9,5.0,40.8,2023-08-28,,,,,,,,,,,,,,,,,,,,,,,,,,,,,,,,,,,,,2022.0,Regular,Season Total,LAC,A. Ekeler,,95.4,0.2,1.0,0.3,0.0,0.3,0.0,0.0,97.1,0.0,Austin,Ekeler,Austin Ekeler,https://a.espncdn.com/i/headshots/nfl/players/full/3068267.png,Chargers,False,17,23.9,9.0,16,12,5
2022,Christian McCaffrey,C.McCaffrey,00-0033280,SF,RB,RB,2.0,17,356.36,20.962352941176473,271.36,85.0,85,108,741,5,0.2529274004683841,0.04004817825956037,0.40742482548426834,244,1139,8,1,1,34,1,0,777.0,0.7435294117647059,0.45863577863577865,20.962352941176473,8.522299813879295,40.260000000000005,8,RB,"https://static.www.nfl.com/image/upload/f_auto,q_auto/league/st82s2ytyzanatcmkqck",REG,0,0,0,0,31,3,1,3.771136244176887,67.72915422916412,0,1.096774193548387,1,1,1,0,1,0,59,2.0011984689225994,0,28,22,9,1,0,0,133,695,36,20.571559599504575,0,27,10,8,1,5.571428571428571,0,0,0,0,0,0,0,0.0,0.0,0,0,0,0,0,0,0,0,0,0,0,0,0,1,28,0,0,0,0,0,1,0,0,1,0,0,0,0,0,0,0,0,0,,,0,0,0,0,0,0,0,0,0,0,0,0,,,,0,0,0,0,0,0,0,,0,0,0,0,,0,0,,0,0,0,0,0,0,0,0,0,0,C.McCaffrey,Christian McCaffrey,RB,RB,"https://static.www.nfl.com/image/upload/f_auto,q_auto/league/st82s2ytyzanatcmkqck",2022.0,POST,SF,3.0,0.0,1.0,0.0,0.0,0.0,0.0,0.0,0.0,0.0,39.0,0.0,0.0,-0.5373300365172327,-26.9904762506485,0.0,0.0,0.0,0.0,0.0,0.0,40.0,238.0,2.0,0.0,0.0,14.0,4.9438299807797,0.0,5.0,4.0,2.0,1.0,12.0,14.0,61.0,1.0,0.0,0.0,19.0,61.0,4.0,0.1296729056048207,0.0,1.0,0.0,0.0,0.0,3.210526315789474,0.20588235294117646,0.02564102564102564,0.32677224736048266,0.0,0.0,0.0,0.0,0.0,0.0,0.0,0.0,0.0,0.0,0.0,0.0,0.0,0.0,0.0,0.0,0.0,0.0,0.0,0.0,0.0,0.0,0.0,0.0,0.0,0.0,0.0,0.0,0.0,0.0,0.0,0.0,0.0,0.0,0.0,0.0,0.0,0.0,0.0,0.0,0.0,0.0,,,0.0,0.0,0.0,0.0,0.0,0.0,0.0,0.0,0.0,0.0,0.0,0.0,,,,0.0,0.0,0.0,0.0,0.0,0.0,0.0,,0.0,0.0,0.0,0.0,,0.0,0.0,,0.0,0.0,0.0,0.0,0.0,0.0,0.0,0.0,0.0,0.0,47.900000000000006,59.900000000000006,00-0033280,McCaCh01,3117251.0,Christian McCaffrey,1996-06-07,71.0,210.0,Stanford,2017.0,1.0,8.0,CAR,2017,10,17.0,0.0,3.0,0.0,0.006470588235294118,2022.0,Christian McCaffrey,2TM,26.0,RB,17.0,16.0,108.0,85.0,741.0,5.0,36.0,46.0,0.5,695.0,8.2,1.2,8.0,10.6,6.0,0.055999999999999994,1.0,106.8,2023-08-28,2022.0,Christian McCaffrey,2TM,26.0,RB,17.0,16.0,244.0,1139.0,8.0,59.0,683.0,2.8,456.0,1.9,10.0,24.4,2023-08-28,Christian McCaffrey,2TM,1.0,0.0,0.0,0.0,0.0,0.0,0.0,2022.0,,0.0,0.0,0.0,0.0,0.0,0.0,1.0,100.0,4.0,10.0,0.0,0.0,4.0,10.0,0.0,0.0,,,,,,,,,,2022.0,Regular,Season Total,SF,C. McCaffrey,,100.0,1.1,1.0,1.2,1.2,0.0,0.0,0.0,100.0,0.0,Christian,McCaffrey,Christian McCaffrey,https://a.espncdn.com/i/headshots/nfl/players/full/3117251.png,49ers,False,17,17.7,8.2,15,13,6
2022,Josh Jacobs,J.Jacobs,00-0035700,LV,RB,RB,3.0,17,328.3,19.311764705882354,275.3,53.0,53,64,400,0,0.11469534050179211,0.006531069229333831,0.17661475921322187,340,1653,12,0,0,0,0,0,821.0,0.7411764705882353,0.3998781973203411,19.311764705882354,12.031826666852231,48.3,6,RB,"https://static.www.nfl.com/image/upload/f_auto,q_auto/league/uceokxeo0uqrqms3e3vl",REG,0,0,0,0,0,0,0,,,0,,0,0,0,0,2,0,93,-1.681085212900102,0,41,31,7,2,1,1,35,374,16,2.3078707481733183,0,14,3,2,1,11.428571428571429,0,2,0,1,0,0,0,0.0,0.0,0,0,0,0,0,0,0,0,0,0,0,0,0,1,0,0,0,0,0,0,2,1,1,3,1,0,0,0,0,0,0,0,0,,,0,0,0,0,0,0,0,0,0,0,0,0,,,,0,0,0,0,0,0,0,,0,0,0,0,,0,0,,0,0,0,0,0,0,0,0,0,0,,,,,,,,,,,,,,,,,,,,,,,,,,,,,,,,,,,,,,,,,,,,,,,,,,,,,,,,,,,,,,,,,,,,,,,,,,,,,,,,,,,,,,,,,,,,,,,,,,,,,,,,,,,,,,,,,,,,,,,,,,,,,,,,,,,,,,,,,,,,,,,,,,,,00-0035700,JacoJo01,4047365.0,Josh Jacobs,1998-02-11,70.0,223.0,Alabama,2019.0,1.0,24.0,LV,2019,8,17.0,0.0,0.0,0.0,0.0,2022.0,Josh Jacobs,LV,24.0,RB,17.0,17.0,64.0,53.0,400.0,0.0,16.0,26.0,0.5,374.0,7.1,0.5,2.0,26.5,4.0,0.063,0.0,92.7,2023-08-28,2022.0,Josh Jacobs,LV,24.0,RB,17.0,17.0,340.0,1653.0,12.0,93.0,832.0,2.4,821.0,2.4,31.0,11.0,2023-08-28,,,,,,,,,,,,,,,,,,,,,,,,,,,,,,,,,,,,,,,,,,,,,,,,,,,,,,,,,,,17,19.0,6.0,12,9,4
2022,Derrick Henry,D.Henry,00-0032764,TEN,RB,RB,4.0,16,302.76,18.9225,269.76,33.0,33,41,398,0,0.09403669724770643,-0.0019624334174376226,0.13968134247935332,349,1538,13,2,2,4,1,0,648.0,0.665,0.4672222222222222,18.9225,8.505502140771387,35.8,8,RB,"https://static.www.nfl.com/image/upload/f_auto,q_auto/league/tm79x0iknqg6hms3ypyt",REG,0,0,0,0,-1,5,1,0.46645660075591877,33.935800194740295,0,0.0,0,0,0,0,4,2,65,-22.311296168132685,0,37,27,10,4,2,1,-7,397,11,14.124216125208529,0,11,9,6,2,-56.857142857142854,0,0,0,0,0,0,0,0.0,0.0,0,0,0,0,0,0,0,0,0,0,0,0,0,1,-8,0,0,0,1,5,4,2,0,6,3,0,0,0,0,0,0,0,0,,,0,0,0,0,0,0,0,0,0,0,0,0,,,,0,0,0,0,0,0,0,,0,0,0,0,,0,0,,0,0,0,0,0,0,0,0,0,0,,,,,,,,,,,,,,,,,,,,,,,,,,,,,,,,,,,,,,,,,,,,,,,,,,,,,,,,,,,,,,,,,,,,,,,,,,,,,,,,,,,,,,,,,,,,,,,,,,,,,,,,,,,,,,,,,,,,,,,,,,,,,,,,,,,,,,,,,,,,,,,,,,,,00-0032764,HenrDe00,3043078.0,Derrick Henry,1994-01-04,75.0,252.0,Alabama,2016.0,2.0,45.0,TEN,2016,11,16.0,0.0,0.0,0.0,0.0,2022.0,Derrick Henry,TEN,28.0,RB,16.0,16.0,41.0,33.0,398.0,0.0,11.0,12.0,0.4,386.0,11.7,0.1,2.0,16.5,5.0,0.122,0.0,107.1,2023-08-28,2022.0,Derrick Henry,TEN,28.0,RB,16.0,16.0,349.0,1538.0,13.0,65.0,739.0,2.1,799.0,2.3,35.0,10.0,2023-08-28,Derrick Henry,TEN,2.0,0.0,0.0,0.0,0.0,0.0,0.0,2022.0,1.4,2.0,0.0,0.0,0.0,0.0,0.0,2.0,100.0,11.0,43.0,1.0,3.0,10.0,40.0,0.0,0.0,,,,,,,,,,,,,,,,,,,,,,,,,,,,,,,,16,19.55,5.800000000000001,12,10,5
2022,Saquon Barkley,S.Barkley,00-0034844,NYG,RB,RB,5.0,16,284.0,17.75,227.0,57.0,57,76,338,0,0.1554192229038855,-0.004799040191961607,0.22976950622145512,295,1312,10,0,0,0,0,0,856.0,0.7975,0.3317757009345794,17.75,7.52072691522125,33.400000000000006,5,RB,"https://static.www.nfl.com/image/upload/f_auto,q_auto/league/qcayrzjpura2zydszonh",REG,0,0,0,0,0,0,0,,,0,,0,0,0,0,1,0,62,-15.511169139729072,0,32,27,9,2,0,0,-16,434,10,-12.5992434311378,1,7,4,2,1,-21.125,0,0,0,0,0,0,0,0.0,0.0,0,0,0,0,0,0,0,0,0,0,0,0,0,0,0,0,0,0,0,0,1,0,1,1,0,0,0,0,0,0,0,0,0,,,0,0,0,0,0,0,0,0,0,0,0,0,,,,0,0,0,0,0,0,0,,0,0,0,0,,0,0,,0,0,0,0,0,0,0,0,0,0,S.Barkley,Saquon Barkley,RB,RB,"https://static.www.nfl.com/image/upload/f_auto,q_auto/league/qcayrzjpura2zydszonh",2022.0,POST,NYG,2.0,0.0,0.0,0.0,0.0,0.0,0.0,0.0,0.0,0.0,0.0,0.0,0.0,,,0.0,,0.0,0.0,0.0,0.0,18.0,114.0,2.0,0.0,0.0,4.0,1.6747078147600405,0.0,3.0,3.0,2.0,0.0,7.0,9.0,77.0,0.0,0.0,0.0,-11.0,92.0,5.0,5.320696935028536,0.0,4.0,2.0,1.0,0.0,-7.0,0.15254237288135594,-0.02650602409638554,0.210259342454564,0.0,0.0,0.0,0.0,0.0,0.0,0.0,0.0,0.0,0.0,0.0,0.0,0.0,0.0,0.0,0.0,0.0,0.0,0.0,0.0,0.0,0.0,0.0,0.0,0.0,0.0,0.0,0.0,0.0,0.0,0.0,0.0,0.0,0.0,0.0,0.0,0.0,0.0,0.0,0.0,0.0,0.0,,,0.0,0.0,0.0,0.0,0.0,0.0,0.0,0.0,0.0,0.0,0.0,0.0,,,,0.0,0.0,0.0,0.0,0.0,0.0,0.0,,0.0,0.0,0.0,0.0,,0.0,0.0,,0.0,0.0,0.0,0.0,0.0,0.0,0.0,0.0,0.0,0.0,31.1,38.1,00-0034844,BarkSa00,3929630.0,Saquon Barkley,1997-02-09,72.0,232.0,Penn State,2018.0,1.0,2.0,NYG,2018,9,16.0,0.0,2.0,0.0,0.004375,2022.0,Saquon Barkley,NYG,25.0,RB,16.0,16.0,76.0,57.0,338.0,0.0,10.0,-96.0,-1.7,434.0,7.6,-0.2,3.0,19.0,6.0,0.079,1.0,77.6,2023-08-28,2022.0,Saquon Barkley,NYG,25.0,RB,16.0,16.0,295.0,1312.0,10.0,62.0,749.0,2.5,563.0,1.9,12.0,24.6,2023-08-28,,,,,,,,,,,,,,,,,,,,,,,,,,,,,,,,,,,,,2022.0,Regular,Season Total,NYG,S. Barkley,,88.6,1.5,10.0,2.4,0.0,2.6,0.0,-0.2,89.4,0.0,Saquon,Barkley,Saquon Barkley,https://a.espncdn.com/i/headshots/nfl/players/full/3929630.png,Giants,False,16,18.35,5.5,13,12,2
2022,Nick Chubb,N.Chubb,00-0034791,CLE,RB,RB,6.0,17,281.4,16.552941176470586,254.39999999999998,27.0,27,37,239,1,0.07297830374753451,0.0,0.10946745562130178,302,1525,12,0,0,0,0,0,660.0,0.5641176470588235,0.42636363636363633,16.552941176470586,7.2298096142860855,32.3,6,RB,"https://static.www.nfl.com/image/upload/f_auto,q_auto/league/h5y74trx6l8ivpkbmrkt",REG,0,0,0,0,0,0,0,,,0,,0,0,0,0,1,1,69,14.278027110340307,1,47,35,13,1,0,0,0,259,12,7.96462639622041,0,11,4,1,0,0.0,0,0,0,0,0,0,0,0.0,0.0,0,0,0,0,0,0,0,0,0,0,0,0,0,0,0,0,0,0,0,0,1,0,0,1,1,0,0,0,0,0,0,0,0,,,0,0,0,0,0,0,0,0,0,0,0,0,,,,0,0,0,0,0,0,0,,0,0,0,0,,0,0,,0,0,0,0,0,0,0,0,0,0,,,,,,,,,,,,,,,,,,,,,,,,,,,,,,,,,,,,,,,,,,,,,,,,,,,,,,,,,,,,,,,,,,,,,,,,,,,,,,,,,,,,,,,,,,,,,,,,,,,,,,,,,,,,,,,,,,,,,,,,,,,,,,,,,,,,,,,,,,,,,,,,,,,,00-0034791,ChubNi00,3128720.0,Nick Chubb,1995-12-27,71.0,227.0,Georgia,2018.0,2.0,35.0,CLE,2018,8,17.0,0.0,0.0,0.0,0.0,2022.0,Nick Chubb,CLE,27.0,RB,17.0,17.0,37.0,27.0,239.0,1.0,12.0,-20.0,-0.7,259.0,9.6,0.0,3.0,9.0,4.0,0.10800000000000001,0.0,98.8,2023-08-28,2022.0,Nick Chubb,CLE,27.0,RB,17.0,17.0,302.0,1525.0,12.0,69.0,830.0,2.7,695.0,2.3,28.0,10.8,2023-08-28,,,,,,,,,,,,,,,,,,,,,,,,,,,,,,,,,,,,,,,,,,,,,,,,,,,,,,,,,,,17,15.3,8.0,12,10,3
2022,Rhamondre Stevenson,R.Stevenson,00-0036875,NE,RB,RB,7.0,17,249.1,14.652941176470588,180.1,69.0,69,88,421,1,0.16988416988416988,-0.0034054974458769156,0.25244240661414097,210,1040,5,0,0,0,0,0,699.0,0.668235294117647,0.3563662374821173,14.65294117647059,7.606585768846858,25.1,6,RB,"https://static.www.nfl.com/image/upload/f_auto,q_auto/league/zmpuirvuw4r04inxth5i",REG,0,0,0,0,0,0,0,,,0,,0,0,0,0,2,1,49,-9.571355603227145,0,30,22,7,1,2,0,-14,488,13,-11.773535558235244,0,12,5,3,1,-30.071428571428573,0,3,0,0,0,0,0,0.0,0.0,0,0,0,0,0,0,0,0,0,0,0,0,0,2,0,0,0,0,0,0,4,0,1,4,1,0,0,0,0,0,0,0,0,,,0,0,0,0,0,0,0,0,0,0,0,0,,,,0,0,0,0,0,0,0,,0,0,0,0,,0,0,,0,0,0,0,0,0,0,0,0,0,,,,,,,,,,,,,,,,,,,,,,,,,,,,,,,,,,,,,,,,,,,,,,,,,,,,,,,,,,,,,,,,,,,,,,,,,,,,,,,,,,,,,,,,,,,,,,,,,,,,,,,,,,,,,,,,,,,,,,,,,,,,,,,,,,,,,,,,,,,,,,,,,,,,00-0036875,StevRh00,4569173.0,Rhamondre Stevenson,1998-02-23,72.0,227.0,Oklahoma; Cerritos College,2021.0,4.0,120.0,NE,2021,6,17.0,0.0,2.0,0.0,0.004705882352941177,2022.0,Rhamondre Stevenson,NE,24.0,RB,17.0,7.0,88.0,69.0,421.0,1.0,13.0,-53.0,-0.8,474.0,6.9,0.0,11.0,6.3,7.0,0.08,0.0,90.4,2023-08-28,2022.0,Rhamondre Stevenson,NE,24.0,RB,17.0,7.0,210.0,1040.0,5.0,49.0,601.0,2.9,439.0,2.1,24.0,8.8,2023-08-28,,,,,,,,,,,,,,,,,,,,,,,,,,,,,,,,,,,,,,,,,,,,,,,,,,,,,,,,,,,17,14.200000000000001,3.0,12,8,1
2022,Tony Pollard,T.Pollard,00-0035261,DAL,RB,RB,8.0,16,248.8,15.55,209.8,39.0,39,55,371,3,0.10091743119266056,0.016778523489932886,0.16312111323194387,193,1007,9,0,0,0,0,0,569.0,0.516875,0.4372583479789104,15.55,10.439220916013483,36.900000000000006,5,RB,"https://static.www.nfl.com/image/upload/f_auto,q_auto/league/mb2xdrqiys6ktlcuah2n",REG,0,0,0,0,0,0,0,,,0,,0,0,0,0,0,0,46,4.520954054623515,0,31,23,9,3,0,0,75,347,18,6.240905504866463,0,13,5,3,2,4.946666666666666,0,1,0,0,0,0,0,0.0,0.0,0,0,0,0,0,0,0,0,0,0,0,0,0,0,0,0,0,0,0,0,0,0,0,0,0,0,0,0,0,0,0,0,0,,,0,0,0,0,0,0,0,0,0,0,0,0,,,,0,0,0,0,0,0,0,,0,0,0,0,,0,0,,0,0,0,0,0,0,0,0,0,0,T.Pollard,Tony Pollard,RB,RB,"https://static.www.nfl.com/image/upload/f_auto,q_auto/league/mb2xdrqiys6ktlcuah2n",2022.0,POST,DAL,2.0,0.0,0.0,0.0,0.0,0.0,0.0,0.0,0.0,0.0,0.0,0.0,0.0,,,0.0,,0.0,0.0,0.0,0.0,21.0,99.0,0.0,0.0,0.0,3.0,-1.984485206194222,0.0,4.0,2.0,0.0,0.0,5.0,6.0,23.0,0.0,0.0,0.0,-2.0,24.0,1.0,-0.5027505974285305,0.0,0.0,0.0,0.0,0.0,-11.5,0.08695652173913043,-0.0035026269702276708,0.12798294372953628,0.0,0.0,0.0,0.0,0.0,0.0,0.0,0.0,0.0,0.0,0.0,0.0,0.0,0.0,0.0,0.0,0.0,0.0,0.0,0.0,0.0,0.0,0.0,0.0,0.0,0.0,0.0,0.0,0.0,0.0,0.0,0.0,0.0,0.0,0.0,0.0,0.0,0.0,0.0,0.0,0.0,0.0,,,0.0,0.0,0.0,0.0,0.0,0.0,0.0,0.0,0.0,0.0,0.0,0.0,,,,0.0,0.0,0.0,0.0,0.0,0.0,0.0,,0.0,0.0,0.0,0.0,,0.0,0.0,,0.0,0.0,0.0,0.0,0.0,0.0,0.0,0.0,0.0,0.0,12.200000000000001,17.200000000000003,00-0035261,PollTo00,3916148.0,Tony Pollard,1997-04-30,72.0,209.0,Memphis,2019.0,4.0,128.0,DAL,2019,8,16.0,0.0,6.0,0.0,0.01375,2022.0,Tony Pollard,DAL,25.0,RB,16.0,4.0,55.0,39.0,371.0,3.0,18.0,24.0,0.6,347.0,8.9,1.4,2.0,19.5,3.0,0.055,0.0,107.5,2023-08-28,2022.0,Tony Pollard,DAL,25.0,RB,16.0,4.0,193.0,1007.0,9.0,46.0,504.0,2.6,503.0,2.6,11.0,17.5,2023-08-28,,,,,,,,,,,,,,,,,,,,,,,,,,,,,,,,,,,,,,,,,,,,,,,,,,,,,,,,,,,16,14.3,1.8,11,6,2
2022,Aaron Jones,A.Jones,00-0033293,GB,RB,RB,9.0,17,248.6,14.623529411764705,189.6,59.0,59,72,395,5,0.13333333333333333,-0.003573023671281822,0.19749888343010275,213,1121,2,0,0,0,0,0,630.0,0.5823529411764706,0.39460317460317457,14.623529411764707,8.093865687340376,32.0,4,RB,"https://static.www.nfl.com/image/upload/f_auto,q_auto/league/bktkfvgfwujkdbzkcfim",REG,0,0,0,0,0,0,0,,,0,,0,0,0,0,3,1,54,12.084998125123093,0,31,20,6,0,2,2,-16,477,19,-2.262273565338152,1,12,5,5,0,-24.6875,0,0,0,0,0,0,0,0.0,0.0,0,0,0,0,0,0,0,0,0,0,0,0,0,2,0,0,0,0,0,0,5,0,0,5,3,0,0,0,0,0,0,0,0,,,0,0,0,0,0,0,0,0,0,0,0,0,,,,0,0,0,0,0,0,0,,0,0,0,0,,0,0,,0,0,0,0,0,0,0,0,0,0,,,,,,,,,,,,,,,,,,,,,,,,,,,,,,,,,,,,,,,,,,,,,,,,,,,,,,,,,,,,,,,,,,,,,,,,,,,,,,,,,,,,,,,,,,,,,,,,,,,,,,,,,,,,,,,,,,,,,,,,,,,,,,,,,,,,,,,,,,,,,,,,,,,,00-0033293,JoneAa00,3042519.0,Aaron Jones,1994-12-02,69.0,208.0,Texas-El Paso,2017.0,5.0,182.0,GB,2017,10,17.0,0.0,3.0,0.0,0.006470588235294119,2022.0,Aaron Jones,GB,28.0,RB,17.0,17.0,72.0,59.0,395.0,5.0,19.0,-52.0,-0.9,447.0,7.6,0.2,1.0,59.0,6.0,0.083,0.0,112.7,2023-08-28,2022.0,Aaron Jones,GB,28.0,RB,17.0,17.0,213.0,1121.0,2.0,54.0,645.0,3.0,476.0,2.2,13.0,16.4,2023-08-28,,,,,,,,,,,,,,,,,,,,,,,,,,,,,,,,,,,,,,,,,,,,,,,,,,,,,,,,,,,17,13.3,5.4,12,6,2
2022,Joe Mixon,J.Mixon,00-0033897,CIN,RB,RB,10.0,14,239.5,17.107142857142858,179.5,60.0,60,75,441,2,0.12626262626262627,-0.0035945363048166786,0.1868777639805677,210,814,7,0,0,0,0,0,624.0,0.6471428571428571,0.3838141025641026,17.107142857142858,11.696578348172814,55.1,2,RB,"https://static.www.nfl.com/image/upload/f_auto,q_auto/league/gwyhozfhjgedwdmmjjcf",REG,0,0,0,0,0,0,0,,,0,,0,0,0,0,0,0,47,-11.59523736968028,0,16,11,4,1,0,0,-15,468,17,11.331125587833561,0,16,6,4,0,-29.4,0,1,0,0,0,0,0,0.0,0.0,0,0,0,0,0,0,0,0,0,0,0,0,0,1,0,0,0,0,0,0,0,0,0,0,0,0,0,0,0,0,0,0,0,,,0,0,0,0,0,0,0,0,0,0,0,0,,,,0,0,0,0,0,0,0,,0,0,0,0,,0,0,,0,0,0,0,0,0,0,0,0,0,J.Mixon,Joe Mixon,RB,RB,"https://static.www.nfl.com/image/upload/f_auto,q_auto/league/gwyhozfhjgedwdmmjjcf",2022.0,POST,CIN,3.0,0.0,0.0,0.0,0.0,0.0,0.0,0.0,0.0,0.0,0.0,0.0,0.0,,,0.0,,0.0,0.0,0.0,0.0,39.0,163.0,1.0,0.0,0.0,11.0,0.8702414796527571,0.0,5.0,2.0,0.0,0.0,8.0,10.0,50.0,0.0,0.0,0.0,-16.0,62.0,1.0,0.6494575923425145,0.0,1.0,0.0,0.0,0.0,-3.125,0.09900990099009901,-0.0214190093708166,0.1335215449255769,0.0,0.0,0.0,0.0,0.0,0.0,0.0,0.0,0.0,0.0,0.0,0.0,0.0,0.0,0.0,0.0,0.0,0.0,0.0,0.0,0.0,0.0,0.0,0.0,0.0,0.0,0.0,0.0,0.0,0.0,0.0,0.0,0.0,0.0,0.0,0.0,0.0,0.0,0.0,0.0,0.0,0.0,,,0.0,0.0,0.0,0.0,0.0,0.0,0.0,0.0,0.0,0.0,0.0,0.0,,,,0.0,0.0,0.0,0.0,0.0,0.0,0.0,,0.0,0.0,0.0,0.0,,0.0,0.0,,0.0,0.0,0.0,0.0,0.0,0.0,0.0,0.0,0.0,0.0,27.3,35.3,00-0033897,MixoJo00,3116385.0,Joe Mixon,1996-07-24,73.0,220.0,Oklahoma,2017.0,2.0,48.0,CIN,2017,9,14.0,0.0,0.0,0.0,0.0,2022.0,Joe Mixon,CIN,26.0,RB,14.0,14.0,75.0,60.0,441.0,2.0,17.0,-27.0,-0.5,468.0,7.8,-0.2,6.0,10.0,3.0,0.04,0.0,100.1,2023-08-28,2022.0,Joe Mixon,CIN,26.0,RB,14.0,14.0,210.0,814.0,7.0,47.0,505.0,2.4,309.0,1.5,8.0,26.3,2023-08-28,,,,,,,,,,,,,,,,,,,,,,,,,,,,,,,,,,,,,,,,,,,,,,,,,,,,,,,,,,,14,14.850000000000001,6.800000000000001,12,7,1
2022,Dalvin Cook,D.Cook,00-0033893,MIN,RB,RB,11.0,17,237.8,13.988235294117647,198.8,39.0,39,56,295,2,0.0873634945397816,-0.006779661016949152,0.12629947909780798,264,1173,8,0,0,0,0,0,841.0,0.72,0.2827586206896552,13.988235294117647,7.423516884952608,27.0,4,RB,"https://static.www.nfl.com/image/upload/f_auto,q_auto/league/uurolop9ktcloxqh4fid",REG,1,-5,1,1,0,0,0,-6.88789240695769,,0,,0,0,0,0,3,3,50,-48.55650332735415,0,30,19,5,3,0,0,-34,331,16,6.475425905337565,0,12,3,2,1,-8.676470588235293,0,2,0,0,0,0,0,0.0,0.0,0,0,0,0,0,0,0,0,0,0,0,0,0,3,7,0,0,0,1,15,3,1,0,4,4,0,0,0,0,0,0,0,0,,,0,0,0,0,0,0,0,0,0,0,0,0,,,,0,0,0,0,0,0,0,,0,0,0,0,,0,0,,0,0,0,0,0,0,0,0,0,0,D.Cook,Dalvin Cook,RB,RB,"https://static.www.nfl.com/image/upload/f_auto,q_auto/league/uurolop9ktcloxqh4fid",2022.0,POST,MIN,1.0,0.0,0.0,0.0,0.0,0.0,0.0,0.0,0.0,0.0,0.0,0.0,0.0,,,0.0,,0.0,0.0,0.0,0.0,15.0,60.0,0.0,0.0,0.0,2.0,-0.9501194923068397,0.0,1.0,0.0,0.0,0.0,6.0,7.0,10.0,0.0,0.0,0.0,-19.0,27.0,1.0,-2.3163645219174214,0.0,0.0,0.0,0.0,0.0,-0.5263157894736842,0.1794871794871795,-0.07251908396946564,0.21846741045214327,0.0,0.0,0.0,0.0,0.0,0.0,0.0,0.0,0.0,0.0,0.0,0.0,0.0,0.0,0.0,0.0,0.0,0.0,0.0,0.0,0.0,0.0,0.0,0.0,0.0,0.0,0.0,0.0,0.0,0.0,0.0,0.0,0.0,0.0,0.0,0.0,0.0,0.0,0.0,0.0,0.0,0.0,,,0.0,0.0,0.0,0.0,0.0,0.0,0.0,0.0,0.0,0.0,0.0,0.0,,,,0.0,0.0,0.0,0.0,0.0,0.0,0.0,,0.0,0.0,0.0,0.0,,0.0,0.0,,0.0,0.0,0.0,0.0,0.0,0.0,0.0,0.0,0.0,0.0,7.0,13.0,00-0033893,CookDa01,3116593.0,Dalvin Cook,1995-08-10,70.0,210.0,Florida State,2017.0,2.0,41.0,MIN,2017,8,17.0,0.0,0.0,0.0,0.0,2022.0,Dalvin Cook,MIN,27.0,RB,17.0,17.0,56.0,39.0,295.0,2.0,16.0,-36.0,-0.9,331.0,8.5,-0.5,4.0,9.8,5.0,0.08900000000000001,0.0,94.0,2023-08-28,2022.0,Dalvin Cook,MIN,27.0,RB,17.0,17.0,264.0,1173.0,8.0,50.0,692.0,2.6,481.0,1.8,12.0,22.0,2023-08-28,,,,,,,,,,,,,,,,,,,,,,,,,,,,,,,,,,,,,,,,,,,,,,,,,,,,,,,,,,,17,13.600000000000001,2.7,11,6,3
2022,Leonard Fournette,L.Fournette,00-0033856,TB,RB,RB,12.0,16,226.10000000000002,14.131250000000001,153.10000000000002,73.0,73,83,523,3,0.11464088397790055,-0.009492444788841535,0.16531661461466174,189,668,3,0,1,0,0,1,689.0,0.59875,0.3281567489114659,14.13125,8.291418756762921,35.9,3,RB,"https://static.www.nfl.com/image/private/f_auto,q_auto/league/atxppoc7zqcjnbnk0awz",REG,0,0,0,0,16,0,0,-4.726016435190104,-44.61696743965149,0,0.0,0,0,0,0,0,0,39,-37.12463744228285,0,14,9,1,0,0,0,-49,563,26,13.675018606606653,0,21,4,3,1,-10.673469387755102,0,1,0,0,0,0,0,0.0,0.0,0,0,0,0,0,0,0,0,0,0,0,0,0,0,0,0,0,0,1,5,0,0,0,0,0,0,0,0,0,0,0,0,0,,,0,0,0,0,0,0,0,0,0,0,0,0,,,,0,0,0,0,0,0,0,,0,0,0,0,,0,0,,0,0,0,0,0,0,0,0,0,0,L.Fournette,Leonard Fournette,RB,RB,"https://static.www.nfl.com/image/private/f_auto,q_auto/league/atxppoc7zqcjnbnk0awz",2022.0,POST,TB,1.0,0.0,0.0,0.0,0.0,0.0,0.0,0.0,0.0,0.0,0.0,0.0,0.0,,,0.0,,0.0,0.0,0.0,0.0,5.0,11.0,0.0,0.0,0.0,1.0,-2.0047206559684128,0.0,0.0,0.0,0.0,0.0,1.0,1.0,6.0,0.0,0.0,0.0,-6.0,12.0,1.0,0.5837855760473758,0.0,0.0,0.0,0.0,0.0,-1.0,0.01639344262295082,-0.016666666666666666,0.012923497267759564,0.0,0.0,0.0,0.0,0.0,0.0,0.0,0.0,0.0,0.0,0.0,0.0,0.0,0.0,0.0,0.0,0.0,0.0,0.0,0.0,0.0,0.0,0.0,0.0,0.0,0.0,0.0,0.0,0.0,0.0,0.0,0.0,0.0,0.0,0.0,0.0,0.0,0.0,0.0,0.0,0.0,0.0,,,0.0,0.0,0.0,0.0,0.0,0.0,0.0,0.0,0.0,0.0,0.0,0.0,,,,0.0,0.0,0.0,0.0,0.0,0.0,0.0,,0.0,0.0,0.0,0.0,,0.0,0.0,,0.0,0.0,0.0,0.0,0.0,0.0,0.0,0.0,0.0,0.0,1.7000000000000002,2.7,00-0033856,FourLe00,3115364.0,Leonard Fournette,1995-01-18,72.0,228.0,LSU,2017.0,1.0,4.0,JAX,2017,7,16.0,0.0,0.0,0.0,0.0,2022.0,Leonard Fournette,TB,27.0,RB,16.0,9.0,83.0,73.0,523.0,3.0,26.0,-40.0,-0.5,563.0,7.7,-0.6,13.0,5.6,4.0,0.048,0.0,105.0,2023-08-28,2022.0,Leonard Fournette,TB,27.0,RB,16.0,9.0,189.0,668.0,3.0,39.0,382.0,2.0,286.0,1.5,4.0,47.3,2023-08-28,Leonard Fournette,TB,1.0,0.0,0.0,0.0,0.0,0.0,0.0,2022.0,1.8,0.0,0.0,0.0,0.0,0.0,0.0,0.0,0.0,10.0,40.0,0.0,0.0,10.0,40.0,0.0,0.0,,,,,,,,,,,,,,,,,,,,,,,,,,,,,,,,16,11.7,1.4,12,5,2
2022,Jamaal Williams,Ja.Williams,00-0033948,DET,RB,RB,13.0,17,225.9,13.288235294117648,213.9,12.0,12,16,73,0,0.028419182948490232,0.007013301088270859,0.04753808518452495,262,1066,17,0,0,0,0,0,459.0,0.4011764705882353,0.49215686274509807,13.288235294117648,8.068293062425067,24.700000000000003,5,RB,"https://static.www.nfl.com/image/upload/f_auto,q_auto/league/yxrxpgcwq5qwp88vqnp3",REG,0,0,0,0,0,0,0,,,0,,0,0,0,0,3,2,65,-24.973520815387733,1,22,18,4,2,0,0,29,65,4,-1.974092585442122,0,3,1,0,0,2.5172413793103448,0,0,0,0,0,0,0,0.0,0.0,0,0,0,0,0,0,0,0,0,0,0,0,0,0,0,0,0,0,1,15,3,0,0,3,2,0,0,0,0,0,0,0,0,,,0,0,0,0,0,0,0,0,0,0,0,0,,,,0,0,0,0,0,0,0,,0,0,0,0,,0,0,,0,0,0,0,0,0,0,0,0,0,,,,,,,,,,,,,,,,,,,,,,,,,,,,,,,,,,,,,,,,,,,,,,,,,,,,,,,,,,,,,,,,,,,,,,,,,,,,,,,,,,,,,,,,,,,,,,,,,,,,,,,,,,,,,,,,,,,,,,,,,,,,,,,,,,,,,,,,,,,,,,,,,,,,00-0033948,WillJa06,2980453.0,Jamaal Williams,1995-04-03,72.0,224.0,BYU,2017.0,4.0,134.0,GB,2017,8,17.0,0.0,0.0,0.0,0.0,2022.0,Jamaal Williams,DET,27.0,RB,17.0,9.0,16.0,12.0,73.0,0.0,4.0,8.0,0.7,65.0,5.4,1.8,2.0,6.0,3.0,0.188,0.0,83.6,2023-08-28,2022.0,Jamaal Williams,DET,27.0,RB,17.0,9.0,262.0,1066.0,17.0,65.0,626.0,2.4,440.0,1.7,13.0,20.2,2023-08-28,,,,,,,,,,,,,,,,,,,,,,,,,,,,,,,,,,,,,,,,,,,,,,,,,,,,,,,,,,,17,10.600000000000001,3.3000000000000003,10,7,0
2022,Najee Harris,N.Harris,00-0036893,PIT,RB,RB,14.0,17,225.46,13.262352941176472,184.46,41.0,41,53,229,3,0.09671532846715329,0.02017841971112999,0.15919788649852093,272,1034,7,1,1,4,0,0,763.0,0.658235294117647,0.29549148099606815,13.262352941176472,4.907529329270184,27.6,2,RB,"https://static.www.nfl.com/image/upload/f_auto,q_auto/league/grfxgbvqnzz40r7rdtvk",REG,0,0,0,0,-4,8,0,-0.06479255756130442,16.83255434036255,0,0.0,0,0,0,0,2,1,45,-28.651573496008865,0,20,14,1,0,0,0,95,207,16,2.451341061009292,0,10,2,0,0,2.4105263157894736,0,1,1,0,0,0,0,0.0,0.0,0,0,0,0,0,0,0,0,0,0,0,0,0,0,0,0,0,0,1,10,2,1,0,3,2,0,0,0,0,0,0,0,0,,,0,0,0,0,0,0,0,0,0,0,0,0,,,,0,0,0,0,0,0,0,,0,0,0,0,,0,0,,0,0,0,0,0,0,0,0,0,0,,,,,,,,,,,,,,,,,,,,,,,,,,,,,,,,,,,,,,,,,,,,,,,,,,,,,,,,,,,,,,,,,,,,,,,,,,,,,,,,,,,,,,,,,,,,,,,,,,,,,,,,,,,,,,,,,,,,,,,,,,,,,,,,,,,,,,,,,,,,,,,,,,,,00-0036893,HarrNa00,4241457.0,Najee Harris,1998-03-09,73.0,232.0,Alabama,2021.0,1.0,24.0,PIT,2021,6,17.0,0.0,1.0,0.0,0.0023529411764705885,2022.0,Najee Harris,PIT,24.0,RB,17.0,17.0,53.0,41.0,229.0,3.0,16.0,18.0,0.4,211.0,5.1,1.7,4.0,10.3,3.0,0.057,0.0,103.4,2023-08-28,2022.0,Najee Harris,PIT,24.0,RB,17.0,17.0,272.0,1034.0,7.0,45.0,577.0,2.1,457.0,1.7,21.0,13.0,2023-08-28,Najee Harris,PIT,1.0,0.0,0.0,0.0,0.0,0.0,0.0,2022.0,0.8,0.0,0.0,0.0,0.0,0.0,0.0,1.0,100.0,8.0,32.0,0.0,0.0,8.0,32.0,0.0,0.0,,,,,,,,,,,,,,,,,,,,,,,,,,,,,,,,17,12.9,6.6,14,4,1
2022,Miles Sanders,M.Sanders,00-0035243,PHI,RB,RB,15.0,17,216.70000000000002,12.747058823529413,196.70000000000002,20.0,20,26,78,0,0.05148514851485148,0.005177847816298964,0.0808522162436865,259,1269,11,0,0,0,0,0,673.0,0.5694117647058823,0.3219910846953938,12.747058823529413,9.289719966652575,31.0,3,RB,"https://static.www.nfl.com/image/upload/f_auto,q_auto/league/niyjjkzmxjmesftgjs8y",REG,0,0,0,0,0,0,0,,,0,,0,0,0,0,1,1,62,12.698613178494387,0,34,25,9,1,1,1,23,103,2,-11.284990536165424,0,3,1,0,0,3.391304347826087,0,0,0,0,0,0,0,0.0,0.0,0,0,0,0,0,0,0,0,0,0,0,0,0,3,0,0,0,0,0,0,2,0,0,2,2,0,0,0,0,0,0,0,0,,,0,0,0,0,0,0,0,0,0,0,0,0,,,,0,0,0,0,0,0,0,,0,0,0,0,,0,0,,0,0,0,0,0,0,0,0,0,0,M.Sanders,Miles Sanders,RB,RB,"https://static.www.nfl.com/image/upload/f_auto,q_auto/league/niyjjkzmxjmesftgjs8y",2022.0,POST,PHI,3.0,0.0,0.0,0.0,0.0,0.0,0.0,0.0,0.0,0.0,0.0,0.0,0.0,,,0.0,,0.0,0.0,0.0,0.0,35.0,148.0,2.0,1.0,0.0,7.0,-0.5978735272656195,0.0,5.0,4.0,0.0,0.0,1.0,2.0,3.0,0.0,0.0,0.0,0.0,0.0,0.0,-0.9728636522777379,0.0,0.0,0.0,0.0,0.0,0.0,0.024390243902439025,0.0,0.03658536585365854,0.0,0.0,0.0,0.0,0.0,0.0,0.0,0.0,0.0,0.0,0.0,0.0,0.0,0.0,0.0,0.0,0.0,0.0,0.0,0.0,0.0,0.0,0.0,0.0,0.0,0.0,0.0,0.0,0.0,1.0,0.0,1.0,1.0,0.0,0.0,0.0,0.0,0.0,0.0,0.0,0.0,0.0,,,0.0,0.0,0.0,0.0,0.0,0.0,0.0,0.0,0.0,0.0,0.0,0.0,,,,0.0,0.0,0.0,0.0,0.0,0.0,0.0,,0.0,0.0,0.0,0.0,,0.0,0.0,,0.0,0.0,0.0,0.0,0.0,0.0,0.0,0.0,0.0,0.0,27.1,28.1,00-0035243,SandMi01,4045163.0,Miles Sanders,1997-05-01,71.0,211.0,Penn State,2019.0,2.0,53.0,PHI,2019,7,17.0,0.0,0.0,0.0,0.0,2022.0,Miles Sanders,PHI,25.0,RB,17.0,15.0,26.0,20.0,78.0,0.0,2.0,-19.0,-1.0,97.0,4.9,0.9,2.0,10.0,2.0,0.077,0.0,78.7,2023-08-28,2022.0,Miles Sanders,PHI,25.0,RB,17.0,15.0,259.0,1269.0,11.0,62.0,837.0,3.2,432.0,1.7,13.0,19.9,2023-08-28,,,,,,,,,,,,,,,,,,,,,,,,,,,,,,,,,,,,,,,,,,,,,,,,,,,,,,,,,,,17,11.6,1.9000000000000004,9,5,3
2022,Alvin Kamara,A.Kamara,00-0033906,NO,RB,RB,16.0,15,211.70000000000002,14.113333333333335,154.70000000000002,57.0,57,77,490,2,0.15618661257606492,0.016043956043956045,0.24551068809486662,223,897,2,0,0,0,0,0,642.0,0.6973333333333332,0.3297507788161994,14.113333333333333,9.546941669356489,42.8,2,RB,"https://static.www.nfl.com/image/upload/f_auto,q_auto/league/yxebpuskandivlh2iil4",REG,0,0,0,0,0,0,0,,,0,,0,0,0,0,2,2,40,-41.05023815162713,0,20,15,3,0,2,2,73,461,17,-3.4010880035233573,0,15,5,3,1,6.712328767123288,0,0,0,0,0,0,0,0.0,0.0,0,0,0,0,0,0,0,0,0,0,0,0,0,1,12,0,0,0,0,0,4,0,0,4,4,0,0,0,0,0,0,0,0,,,0,0,0,0,0,0,0,0,0,0,0,0,,,,0,0,0,0,0,0,0,,0,0,0,0,,0,0,,0,0,0,0,0,0,0,0,0,0,,,,,,,,,,,,,,,,,,,,,,,,,,,,,,,,,,,,,,,,,,,,,,,,,,,,,,,,,,,,,,,,,,,,,,,,,,,,,,,,,,,,,,,,,,,,,,,,,,,,,,,,,,,,,,,,,,,,,,,,,,,,,,,,,,,,,,,,,,,,,,,,,,,,00-0033906,KamaAl00,3054850.0,Alvin Kamara,1995-07-25,70.0,215.0,Tennessee; Hutchinson CC; Alabama,2017.0,3.0,67.0,NO,2017,10,15.0,0.0,1.0,0.0,0.002,2022.0,Alvin Kamara,NO,27.0,RB,15.0,13.0,77.0,57.0,490.0,2.0,17.0,25.0,0.4,465.0,8.2,0.9,4.0,14.3,5.0,0.065,0.0,98.9,2023-08-28,2022.0,Alvin Kamara,NO,27.0,RB,15.0,13.0,223.0,897.0,2.0,40.0,450.0,2.0,447.0,2.0,7.0,31.9,2023-08-28,,,,,,,,,,,,,,,,,,,,,,,,,,,,,,,,,,,,,,,,,,,,,,,,,,,,,,,,,,,15,12.0,5.7,8,5,1
2022,Travis Etienne,T.Etienne,00-0036973,JAX,RB,RB,17.0,17,205.1,12.064705882352941,170.1,35.0,35,45,316,0,0.078397212543554,0.0009191176470588235,0.11823920116827218,220,1125,5,0,0,0,0,0,669.0,0.5923529411764706,0.30657698056801197,12.064705882352941,7.7194511767734,26.6,3,RB,"https://static.www.nfl.com/image/upload/f_auto,q_auto/league/pwko5dybmjie8qqo4qz2",REG,0,0,0,0,0,0,0,,,0,,0,0,0,0,3,3,52,-8.693548405039433,1,26,21,8,4,1,0,4,352,16,4.731911048451366,0,14,7,6,0,79.0,0,0,0,0,0,0,0,0.0,0.0,0,0,0,0,0,0,0,0,0,0,0,0,0,1,0,0,0,0,0,0,3,2,1,5,3,0,0,0,0,0,0,0,0,,,0,0,0,0,0,0,0,0,0,0,0,0,,,,0,0,0,0,0,0,0,,0,0,0,0,,0,0,,0,0,0,0,0,0,0,0,0,0,T.Etienne,Travis Etienne,RB,RB,"https://static.www.nfl.com/image/upload/f_auto,q_auto/league/pwko5dybmjie8qqo4qz2",2022.0,POST,JAX,2.0,0.0,0.0,0.0,0.0,0.0,0.0,0.0,0.0,0.0,0.0,0.0,0.0,,,0.0,,0.0,0.0,0.0,0.0,30.0,171.0,1.0,0.0,0.0,9.0,6.5057236076286244,0.0,4.0,4.0,1.0,0.0,4.0,4.0,30.0,0.0,0.0,0.0,-16.0,46.0,2.0,2.966768376820255,0.0,1.0,0.0,0.0,0.0,-1.875,0.047619047619047616,-0.024390243902439025,0.054355400696864106,0.0,0.0,0.0,0.0,0.0,0.0,0.0,0.0,0.0,0.0,0.0,0.0,0.0,0.0,0.0,0.0,0.0,0.0,0.0,0.0,0.0,0.0,0.0,0.0,0.0,0.0,0.0,0.0,0.0,0.0,0.0,0.0,0.0,0.0,0.0,0.0,0.0,0.0,0.0,0.0,0.0,0.0,,,0.0,0.0,0.0,0.0,0.0,0.0,0.0,0.0,0.0,0.0,0.0,0.0,,,,0.0,0.0,0.0,0.0,0.0,0.0,0.0,,0.0,0.0,0.0,0.0,,0.0,0.0,,0.0,0.0,0.0,0.0,0.0,0.0,0.0,0.0,0.0,0.0,26.1,30.1,00-0036973,EtieTr00,4239996.0,Travis Etienne,1999-01-26,70.0,215.0,Clemson,2021.0,1.0,25.0,JAX,2021,6,17.0,0.0,0.0,0.0,0.0,2022.0,Travis Etienne,JAX,23.0,RB,17.0,12.0,45.0,35.0,316.0,0.0,16.0,-36.0,-1.0,352.0,10.1,0.3,0.0,,3.0,0.067,0.0,95.9,2023-08-28,2022.0,Travis Etienne,JAX,23.0,RB,17.0,12.0,220.0,1125.0,5.0,52.0,738.0,3.4,387.0,1.8,14.0,15.7,2023-08-28,,,,,,,,,,,,,,,,,,,,,,,,,,,,,,,,,,,,,,,,,,,,,,,,,,,,,,,,,,,17,10.5,0.30000000000000004,10,4,2
2022,Kenneth Walker III,K.Walker,00-0038134,SEA,RB,RB,18.0,15,202.5,13.5,175.5,27.0,27,35,165,0,0.06329113924050633,-0.017365130817318823,0.08278111728863632,228,1050,9,0,0,0,0,0,575.0,0.586,0.3521739130434783,13.5,7.755182598937122,28.7,2,RB,"https://static.www.nfl.com/image/upload/f_auto,q_auto/league/vk6nruaqdewdglofcwwg",REG,0,0,0,0,0,0,0,,,0,,0,0,0,0,0,0,51,-14.810521597673741,0,29,24,10,3,0,0,-75,221,6,-11.958612450398505,0,6,2,2,0,-2.2,0,1,0,0,0,0,0,0.0,0.0,0,0,0,0,0,0,0,0,0,0,0,0,0,0,0,0,0,0,1,10,0,0,0,0,0,0,0,0,0,0,0,0,0,,,0,0,0,0,0,0,0,0,0,0,0,0,,,,0,0,0,0,0,0,0,,0,0,0,0,,0,0,,0,0,0,0,0,0,0,0,0,0,K.Walker,Kenneth Walker III,RB,RB,"https://static.www.nfl.com/image/upload/f_auto,q_auto/league/vk6nruaqdewdglofcwwg",2022.0,POST,SEA,1.0,0.0,0.0,0.0,0.0,0.0,0.0,0.0,0.0,0.0,0.0,0.0,0.0,,,0.0,,0.0,0.0,0.0,0.0,15.0,63.0,1.0,0.0,0.0,4.0,1.7530219843029045,0.0,0.0,0.0,0.0,0.0,1.0,1.0,3.0,0.0,0.0,0.0,0.0,3.0,0.0,-0.3099294740241021,0.0,0.0,0.0,0.0,0.0,0.0,0.029411764705882353,0.0,0.044117647058823525,0.0,0.0,0.0,0.0,0.0,0.0,0.0,0.0,0.0,0.0,0.0,0.0,0.0,0.0,0.0,0.0,0.0,0.0,0.0,0.0,0.0,0.0,0.0,0.0,0.0,0.0,0.0,0.0,0.0,0.0,0.0,0.0,0.0,0.0,0.0,0.0,0.0,0.0,0.0,0.0,0.0,0.0,,,0.0,0.0,0.0,0.0,0.0,0.0,0.0,0.0,0.0,0.0,0.0,0.0,,,,0.0,0.0,0.0,0.0,0.0,0.0,0.0,,0.0,0.0,0.0,0.0,,0.0,0.0,,0.0,0.0,0.0,0.0,0.0,0.0,0.0,0.0,0.0,0.0,12.600000000000001,13.600000000000001,00-0038134,WalkKe00,4567048.0,Kenneth Walker III,2000-10-20,69.0,211.0,Michigan State; Wake Forest,2022.0,2.0,41.0,SEA,2022,5,15.0,0.0,0.0,0.0,0.0,2022.0,Kenneth Walker,SEA,22.0,RB,15.0,11.0,35.0,27.0,165.0,0.0,6.0,-56.0,-2.1,221.0,8.2,-2.1,3.0,9.0,2.0,0.057,1.0,74.1,2023-08-28,2022.0,Kenneth Walker,SEA,22.0,RB,15.0,11.0,228.0,1050.0,9.0,51.0,623.0,2.7,427.0,1.9,12.0,19.0,2023-08-28,,,,,,,,,,,,,,,,,,,,,,,,,,,,,,,,,,,,,2022.0,Regular,Season Total,SEA,K. Walker III,,53.0,0.0,2.0,0.2,0.0,0.2,0.0,0.0,49.1,0.0,Kenneth,Walker III,Kenneth Walker III,https://a.espncdn.com/i/headshots/nfl/players/full/4567048.png,Seahawks,False,15,13.2,3.4000000000000004,11,5,2
2022,James Conner,J.Conner,00-0033553,ARI,RB,RB,19.0,13,200.2,15.399999999999999,154.2,46.0,46,58,300,1,0.09133858267716535,-0.010208514335360555,0.12986191398099567,183,782,7,0,0,0,0,0,663.0,0.7176923076923077,0.30196078431372547,15.399999999999999,6.368542481081,25.0,4,RB,"https://static.www.nfl.com/image/upload/f_auto,q_auto/league/ka8wlhtteg8hsowsdofk",REG,0,0,0,0,0,0,0,,,0,,0,0,0,0,3,1,48,-2.474908148971243,0,15,10,3,0,0,0,-47,376,13,-6.053288363213288,0,7,3,2,0,-6.382978723404255,0,1,0,0,0,0,0,0.0,0.0,0,0,0,0,0,0,0,0,0,0,0,0,0,4,0,0,0,0,1,10,3,0,1,3,1,0,0,0,0,0,0,0,0,,,0,0,0,0,0,0,0,0,0,0,0,0,,,,0,0,0,0,0,0,0,,0,0,0,0,,0,0,,0,0,0,0,0,0,0,0,0,0,,,,,,,,,,,,,,,,,,,,,,,,,,,,,,,,,,,,,,,,,,,,,,,,,,,,,,,,,,,,,,,,,,,,,,,,,,,,,,,,,,,,,,,,,,,,,,,,,,,,,,,,,,,,,,,,,,,,,,,,,,,,,,,,,,,,,,,,,,,,,,,,,,,,00-0033553,ConnJa00,3045147.0,James Conner,1995-05-05,73.0,233.0,Pittsburgh,2017.0,3.0,105.0,PIT,2017,10,13.0,0.0,0.0,0.0,0.0,2022.0,James Conner,ARI,27.0,RB,13.0,13.0,58.0,46.0,300.0,1.0,13.0,-76.0,-1.7,376.0,8.2,-0.8,6.0,7.7,7.0,0.121,1.0,86.8,2023-08-28,2022.0,James Conner,ARI,27.0,RB,13.0,13.0,183.0,782.0,7.0,48.0,444.0,2.4,338.0,1.8,5.0,36.6,2023-08-28,,,,,,,,,,,,,,,,,,,,,,,,,,,,,,,,,,,,,,,,,,,,,,,,,,,,,,,,,,,13,14.0,7.1000000000000005,10,6,1
2022,Jerick McKinnon,J.McKinnon,00-0031376,KC,RB,RB,20.0,17,196.3,11.547058823529412,140.3,56.0,56,71,512,9,0.11563517915309446,0.010186757215619695,0.18058349878057547,72,291,1,0,0,0,0,0,535.0,0.4617647058823529,0.3669158878504673,11.547058823529412,9.696785398204064,34.2,3,RB,"https://static.www.nfl.com/image/private/f_auto,q_auto/league/yezxe2j778cndbhkxwez",REG,0,0,0,0,0,0,0,,,0,,0,0,0,0,0,0,12,-9.96355854565627,0,5,4,2,0,1,1,48,541,28,23.65451935874825,1,20,12,6,1,10.666666666666666,0,1,1,0,0,0,0,0.0,0.0,0,0,0,0,0,0,0,0,0,0,0,0,0,0,0,0,0,0,3,35,1,0,0,1,1,0,0,0,0,0,0,0,0,,,0,0,0,0,0,0,0,0,0,0,0,0,,,,0,0,0,0,0,0,0,,0,0,0,0,,0,0,,0,0,0,0,0,0,0,0,0,0,J.McKinnon,Jerick McKinnon,RB,RB,"https://static.www.nfl.com/image/private/f_auto,q_auto/league/yezxe2j778cndbhkxwez",2022.0,POST,KC,3.0,0.0,0.0,0.0,0.0,0.0,0.0,0.0,0.0,0.0,0.0,0.0,0.0,,,0.0,,0.0,0.0,0.0,0.0,19.0,60.0,0.0,0.0,0.0,3.0,-2.6484806915395893,0.0,1.0,1.0,0.0,0.0,5.0,7.0,32.0,0.0,0.0,0.0,-2.0,29.0,1.0,-0.8780050535569899,0.0,1.0,0.0,0.0,0.0,-16.0,0.06930693069306931,-0.003076923076923077,0.10180654988575781,0.0,0.0,0.0,0.0,0.0,0.0,0.0,0.0,0.0,0.0,0.0,0.0,0.0,0.0,0.0,0.0,0.0,0.0,0.0,0.0,0.0,0.0,1.0,0.0,0.0,0.0,0.0,0.0,0.0,0.0,0.0,0.0,0.0,0.0,0.0,0.0,0.0,0.0,0.0,0.0,0.0,0.0,,,0.0,0.0,0.0,0.0,0.0,0.0,0.0,0.0,0.0,0.0,0.0,0.0,,,,0.0,0.0,0.0,0.0,0.0,0.0,0.0,,0.0,0.0,0.0,0.0,,0.0,0.0,,0.0,0.0,0.0,0.0,0.0,0.0,0.0,0.0,0.0,0.0,9.200000000000001,14.200000000000001,00-0031376,McKiJe00,16782.0,Jerick McKinnon,1992-05-03,69.0,209.0,Georgia Southern,2014.0,3.0,96.0,MIN,2014,10,17.0,0.0,128.0,0.0,0.27941176470588236,2022.0,Jerick McKinnon,KC,30.0,RB,17.0,0.0,71.0,56.0,512.0,9.0,28.0,-29.0,-0.5,541.0,9.7,0.7,4.0,14.0,4.0,0.055999999999999994,1.0,130.4,2023-08-28,2022.0,Jerick McKinnon,KC,30.0,RB,17.0,0.0,72.0,291.0,1.0,12.0,180.0,2.5,111.0,1.5,6.0,12.0,2023-08-28,,,,,,,,,,,,,,,,,,,,,,,,,,,,,,,,,,,,,,,,,,,,,,,,,,,,,,,,,,,17,9.2,1.0,7,3,2
2022,D'Andre Swift,D.Swift,00-0036275,DET,RB,RB,21.0,14,191.10000000000002,13.650000000000002,143.10000000000002,48.0,48,70,389,3,0.12433392539964476,0.007738814993954051,0.19191805859523497,99,542,5,0,0,0,0,0,393.0,0.4164285714285714,0.48625954198473287,13.65,7.301290718348787,27.700000000000003,3,RB,"https://static.www.nfl.com/image/upload/f_auto,q_auto/league/owpmwzoilitcodc6cmxo",REG,0,0,0,0,0,0,0,,,0,,0,0,0,0,0,0,21,6.569174910386924,1,13,9,3,2,1,0,32,454,17,8.104379366221766,0,13,6,5,0,12.15625,0,0,0,0,0,0,0,0.0,0.0,0,0,0,0,0,0,0,0,0,0,0,0,0,1,0,0,0,0,0,0,1,0,0,1,0,0,0,0,0,0,0,0,0,,,0,0,0,0,0,0,0,0,0,0,0,0,,,,0,0,0,0,0,0,0,,0,0,0,0,,0,0,,0,0,0,0,0,0,0,0,0,0,,,,,,,,,,,,,,,,,,,,,,,,,,,,,,,,,,,,,,,,,,,,,,,,,,,,,,,,,,,,,,,,,,,,,,,,,,,,,,,,,,,,,,,,,,,,,,,,,,,,,,,,,,,,,,,,,,,,,,,,,,,,,,,,,,,,,,,,,,,,,,,,,,,,00-0036275,SwifDA00,4259545.0,D'Andre Swift,1999-01-14,68.0,204.0,Georgia,2020.0,2.0,35.0,DET,2020,7,14.0,0.0,0.0,0.0,0.0,2022.0,DAndre Swift,DET,23.0,RB,14.0,8.0,70.0,48.0,389.0,3.0,17.0,-51.0,-1.1,440.0,9.2,0.5,3.0,16.0,3.0,0.043,0.0,96.7,2023-08-28,2022.0,DAndre Swift,DET,23.0,RB,14.0,8.0,99.0,542.0,5.0,21.0,369.0,3.7,173.0,1.7,5.0,19.8,2023-08-28,,,,,,,,,,,,,,,,,,,,,,,,,,,,,,,,,,,,,,,,,,,,,,,,,,,,,,,,,,,14,12.35,3.5,9,5,2
2022,Ezekiel Elliott,E.Elliott,00-0033045,DAL,RB,RB,22.0,15,185.8,12.386666666666667,168.8,17.0,17,23,92,0,0.04220183486238532,0.0,0.06330275229357799,231,876,12,0,0,0,0,0,558.0,0.55,0.33297491039426524,12.386666666666667,5.333166664062418,18.1,0,RB,"https://static.www.nfl.com/image/upload/f_auto,q_auto/league/d4yr6htg4dbs0bgcfqnd",REG,0,0,0,0,0,0,0,,,0,,0,0,0,0,0,0,52,-11.69969886045182,0,17,12,5,0,0,0,0,88,4,-3.6794642015593126,0,2,1,1,0,0.0,0,1,0,0,0,0,0,0.0,0.0,0,0,0,0,0,0,0,0,0,0,0,0,0,0,0,0,0,0,0,0,0,0,0,0,0,0,0,0,0,0,0,0,0,,,0,0,0,0,0,0,0,0,0,0,0,0,,,,0,0,0,0,0,0,0,,0,0,0,0,,0,0,,0,0,0,0,0,0,0,0,0,0,E.Elliott,Ezekiel Elliott,RB,RB,"https://static.www.nfl.com/image/upload/f_auto,q_auto/league/d4yr6htg4dbs0bgcfqnd",2022.0,POST,DAL,2.0,0.0,0.0,0.0,0.0,0.0,0.0,0.0,0.0,0.0,0.0,0.0,0.0,,,0.0,,0.0,0.0,0.0,0.0,23.0,53.0,0.0,0.0,0.0,5.0,-5.173426146269776,0.0,0.0,0.0,0.0,0.0,3.0,6.0,16.0,0.0,0.0,0.0,4.0,19.0,0.0,-1.812009878498102,0.0,0.0,0.0,0.0,0.0,4.0,0.08695652173913043,0.0070052539404553416,0.13533846036701438,0.0,1.0,0.0,0.0,0.0,0.0,0.0,0.0,0.0,0.0,0.0,0.0,0.0,0.0,0.0,0.0,0.0,0.0,0.0,0.0,0.0,0.0,0.0,0.0,0.0,0.0,0.0,0.0,0.0,0.0,0.0,0.0,0.0,0.0,0.0,0.0,0.0,0.0,0.0,0.0,0.0,0.0,,,0.0,0.0,0.0,0.0,0.0,0.0,0.0,0.0,0.0,0.0,0.0,0.0,,,,0.0,0.0,0.0,0.0,0.0,0.0,0.0,,0.0,0.0,0.0,0.0,,0.0,0.0,,0.0,0.0,0.0,0.0,0.0,0.0,0.0,0.0,0.0,0.0,6.9,9.9,00-0033045,ElliEz00,3051392.0,Ezekiel Elliott,1995-07-22,72.0,226.0,Ohio State,2016.0,1.0,4.0,DAL,2016,9,15.0,0.0,0.0,0.0,0.0,2022.0,Ezekiel Elliott,DAL,27.0,RB,15.0,14.0,23.0,17.0,92.0,0.0,4.0,4.0,0.2,88.0,5.2,0.0,1.0,17.0,2.0,0.087,0.0,80.3,2023-08-28,2022.0,Ezekiel Elliott,DAL,27.0,RB,15.0,14.0,231.0,876.0,12.0,52.0,520.0,2.3,356.0,1.5,9.0,25.7,2023-08-28,,,,,,,,,,,,,,,,,,,,,,,,,,,,,,,,,,,,,,,,,,,,,,,,,,,,,,,,,,,15,14.5,1.0,10,7,0
2022,Devin Singletary,D.Singletary,00-0035250,BUF,RB,RB,23.0,16,177.9,11.11875,139.9,38.0,38,52,280,1,0.09437386569872959,0.001513431706394249,0.14262020074257037,177,819,5,0,0,0,0,0,709.0,0.648125,0.250916784203103,11.11875,6.054994494905287,24.1,2,RB,"https://static.www.nfl.com/image/upload/f_auto,q_auto/league/xy2r2msxjqneml2c1cdc",REG,0,0,0,0,0,0,0,,,0,,0,0,0,0,3,3,42,-16.777221589029068,0,21,17,5,0,0,0,8,261,15,6.943242392261537,0,10,4,1,0,35.0,0,2,0,1,0,0,0,0.0,0.0,0,0,0,0,0,0,0,0,0,0,0,0,0,0,0,0,0,0,0,0,3,0,0,3,3,0,0,0,0,0,0,0,0,,,0,0,0,0,0,0,0,0,0,0,0,0,,,,0,0,0,0,0,0,0,,0,0,0,0,,0,0,,0,0,0,0,0,0,0,0,0,0,D.Singletary,Devin Singletary,RB,RB,"https://static.www.nfl.com/image/upload/f_auto,q_auto/league/xy2r2msxjqneml2c1cdc",2022.0,POST,BUF,2.0,0.0,0.0,0.0,0.0,0.0,0.0,0.0,0.0,0.0,0.0,0.0,0.0,,,0.0,,0.0,0.0,0.0,0.0,16.0,73.0,0.0,0.0,0.0,6.0,1.4876158522092737,0.0,1.0,1.0,0.0,0.0,5.0,8.0,37.0,0.0,0.0,0.0,-9.0,45.0,1.0,-1.9188210621359758,0.0,1.0,1.0,0.0,0.0,-4.111111111111111,0.1038961038961039,-0.00909090909090909,0.1494805194805195,0.0,1.0,0.0,0.0,0.0,0.0,0.0,0.0,0.0,0.0,0.0,0.0,0.0,0.0,0.0,0.0,0.0,0.0,0.0,0.0,0.0,0.0,0.0,0.0,0.0,0.0,0.0,0.0,0.0,0.0,0.0,0.0,0.0,0.0,0.0,0.0,0.0,0.0,0.0,0.0,0.0,0.0,,,0.0,0.0,0.0,0.0,0.0,0.0,0.0,0.0,0.0,0.0,0.0,0.0,,,,0.0,0.0,0.0,0.0,0.0,0.0,0.0,,0.0,0.0,0.0,0.0,,0.0,0.0,,0.0,0.0,0.0,0.0,0.0,0.0,0.0,0.0,0.0,0.0,11.0,16.0,00-0035250,SingDe00,4040761.0,Devin Singletary,1997-09-03,67.0,203.0,Florida Atlantic,2019.0,3.0,74.0,BUF,2019,8,16.0,0.0,0.0,0.0,0.0,2022.0,Devin Singletary,BUF,25.0,RB,16.0,16.0,52.0,38.0,280.0,1.0,15.0,23.0,0.6,257.0,6.8,0.2,2.0,19.0,6.0,0.115,0.0,91.8,2023-08-28,2022.0,Devin Singletary,BUF,25.0,RB,16.0,16.0,177.0,819.0,5.0,43.0,546.0,3.1,273.0,1.5,9.0,19.7,2023-08-28,,,,,,,,,,,,,,,,,,,,,,,,,,,,,,,,,,,,,,,,,,,,,,,,,,,,,,,,,,,16,9.65,2.2,8,4,0
2022,David Montgomery,D.Montgomery,00-0035685,CHI,RB,RB,24.0,16,177.7,11.10625,143.7,34.0,34,40,316,1,0.11142061281337047,0.0148861646234676,0.17755123445648302,201,801,5,0,0,0,0,0,629.0,0.6475,0.2825119236883943,11.106250000000001,6.7328516741917515,24.1,2,RB,"https://static.www.nfl.com/image/upload/f_auto,q_auto/league/csz0c9roa4pqsccothxg",REG,0,0,0,0,0,0,0,,,0,,0,0,0,0,1,1,41,-15.313396949485165,0,17,11,2,0,1,1,51,283,10,6.722303724278838,0,11,6,5,0,6.196078431372549,0,0,0,0,0,0,0,0.0,0.0,0,0,0,0,0,0,0,0,0,0,0,0,0,2,0,0,0,0,0,0,2,0,0,2,2,0,0,0,0,0,0,0,0,,,0,0,0,0,0,0,0,0,0,0,0,0,,,,0,0,0,0,0,0,0,,0,0,0,0,,0,0,,0,0,0,0,0,0,0,0,0,0,,,,,,,,,,,,,,,,,,,,,,,,,,,,,,,,,,,,,,,,,,,,,,,,,,,,,,,,,,,,,,,,,,,,,,,,,,,,,,,,,,,,,,,,,,,,,,,,,,,,,,,,,,,,,,,,,,,,,,,,,,,,,,,,,,,,,,,,,,,,,,,,,,,,00-0035685,MontDa01,4035538.0,David Montgomery,1997-06-07,71.0,230.0,Iowa State,2019.0,3.0,73.0,CHI,2019,8,16.0,0.0,0.0,0.0,0.0,2022.0,David Montgomery,CHI,25.0,RB,16.0,16.0,40.0,34.0,316.0,1.0,10.0,33.0,1.0,283.0,8.3,1.3,6.0,5.7,1.0,0.025,1.0,97.5,2023-08-28,2022.0,David Montgomery,CHI,25.0,RB,16.0,16.0,201.0,801.0,5.0,41.0,405.0,2.0,396.0,2.0,20.0,10.1,2023-08-28,,,,,,,,,,,,,,,,,,,,,,,,,,,,,,,,,,,,,,,,,,,,,,,,,,,,,,,,,,,16,9.7,1.1,8,5,0
2022,Raheem Mostert,R.Mostert,00-0031687,MIA,RB,RB,25.0,16,168.3,10.51875,137.3,31.0,31,42,202,2,0.07473309608540925,0.009022556390977444,0.11841543360179808,181,891,3,0,0,0,0,0,552.0,0.5675,0.30489130434782613,10.51875,6.968234472710191,23.1,2,RB,"https://static.www.nfl.com/image/upload/f_auto,q_auto/league/fas5rkweusx2hl7abtzh",REG,0,0,0,0,0,0,0,,,0,,0,0,0,0,1,1,44,-0.9878382243332453,0,27,21,6,1,0,0,48,179,11,1.4352303486020002,0,7,5,2,0,4.208333333333333,0,1,0,0,0,0,0,0.0,0.0,0,0,0,0,0,0,0,0,0,0,0,0,0,0,0,0,0,0,0,0,1,0,0,1,1,0,0,25,502,0,0,0,0,,,0,0,0,0,0,0,0,0,0,0,0,0,,,,0,0,0,0,0,0,0,,0,0,0,0,,0,0,,0,0,0,0,0,0,0,0,0,0,,,,,,,,,,,,,,,,,,,,,,,,,,,,,,,,,,,,,,,,,,,,,,,,,,,,,,,,,,,,,,,,,,,,,,,,,,,,,,,,,,,,,,,,,,,,,,,,,,,,,,,,,,,,,,,,,,,,,,,,,,,,,,,,,,,,,,,,,,,,,,,,,,,,00-0031687,MostRa00,2576414.0,Raheem Mostert,1992-04-09,70.0,212.0,Purdue,,,,,2015,11,16.0,0.0,75.0,0.0,0.17375,2022.0,Raheem Mostert,MIA,30.0,RB,16.0,14.0,42.0,31.0,202.0,2.0,11.0,23.0,0.7,179.0,5.8,1.1,8.0,3.9,2.0,0.048,1.0,89.6,2023-08-28,2022.0,Raheem Mostert,MIA,30.0,RB,16.0,14.0,181.0,891.0,3.0,44.0,512.0,2.8,379.0,2.1,16.0,11.3,2023-08-28,,,,,,,,,,,,,,,,,,,,,,,,,,,,,,,,,,,,,,,,,,,,,,,,,,,,,,,,,,,16,8.350000000000001,1.1,7,5,0
2022,AJ Dillon,A.Dillon,00-0036265,GB,RB,RB,26.0,17,167.60000000000002,9.858823529411765,139.60000000000002,28.0,28,43,206,0,0.07962962962962963,0.003796337650736936,0.1221018807999603,186,770,7,0,0,0,0,0,537.0,0.4870588235294117,0.3121042830540038,9.858823529411765,6.603035175539485,22.1,3,RB,"https://static.www.nfl.com/image/upload/f_auto,q_auto/league/imxxt8yrbrxptoxr1hw5",REG,0,0,0,0,0,0,0,,,0,,0,0,0,0,0,0,47,2.279668071002535,0,15,9,3,0,1,0,17,203,9,-5.830161560658805,0,9,2,0,0,12.117647058823529,0,1,0,0,0,0,0,0.0,0.0,0,0,0,0,0,0,0,0,0,0,0,0,0,2,0,0,0,0,0,0,1,0,1,1,0,0,0,0,0,0,0,0,0,,,0,0,0,0,0,0,0,0,0,0,0,0,,,,0,0,0,0,0,0,0,,0,0,0,0,,0,0,,0,0,0,0,0,0,0,0,0,0,,,,,,,,,,,,,,,,,,,,,,,,,,,,,,,,,,,,,,,,,,,,,,,,,,,,,,,,,,,,,,,,,,,,,,,,,,,,,,,,,,,,,,,,,,,,,,,,,,,,,,,,,,,,,,,,,,,,,,,,,,,,,,,,,,,,,,,,,,,,,,,,,,,,00-0036265,DillAJ00,4239934.0,AJ Dillon,1998-05-02,72.0,247.0,Boston College,2020.0,2.0,62.0,GB,2020,7,17.0,0.0,10.0,0.0,0.024705882352941178,2022.0,AJ Dillon,GB,24.0,RB,17.0,3.0,43.0,28.0,206.0,0.0,9.0,9.0,0.3,197.0,7.0,0.5,3.0,9.3,7.0,0.163,0.0,76.3,2023-08-28,2022.0,AJ Dillon,GB,24.0,RB,17.0,3.0,186.0,770.0,7.0,47.0,453.0,2.4,317.0,1.7,6.0,31.0,2023-08-28,,,,,,,,,,,,,,,,,,,,,,,,,,,,,,,,,,,,,,,,,,,,,,,,,,,,,,,,,,,17,7.7,1.5,6,4,0
2022,Dameon Pierce,D.Pierce,00-0037258,HOU,RB,RB,27.0,13,166.4,12.8,136.4,30.0,30,39,165,1,0.06989247311827956,-0.0025240936209270305,0.10307184414277043,220,939,4,0,0,0,0,0,508.0,0.643846153846154,0.32755905511811023,12.8,6.441920003642806,25.9,2,RB,"https://static.www.nfl.com/image/upload/f_auto,q_auto/league/oai3defivyfyofxxh4ux",REG,0,0,0,0,0,0,0,,,0,,0,0,0,0,4,2,54,-27.940390278073693,0,22,14,7,2,0,0,-11,197,7,-8.824130490393145,0,6,1,0,0,-15.0,0,1,0,0,0,0,0,0.0,0.0,0,0,0,0,0,0,0,0,0,0,0,0,0,0,0,0,0,0,0,0,4,0,0,4,2,0,0,0,0,0,0,0,0,,,0,0,0,0,0,0,0,0,0,0,0,0,,,,0,0,0,0,0,0,0,,0,0,0,0,,0,0,,0,0,0,0,0,0,0,0,0,0,,,,,,,,,,,,,,,,,,,,,,,,,,,,,,,,,,,,,,,,,,,,,,,,,,,,,,,,,,,,,,,,,,,,,,,,,,,,,,,,,,,,,,,,,,,,,,,,,,,,,,,,,,,,,,,,,,,,,,,,,,,,,,,,,,,,,,,,,,,,,,,,,,,,00-0037258,PierDa01,4360238.0,Dameon Pierce,2000-02-19,70.0,215.0,Florida,2022.0,4.0,107.0,HOU,2022,5,13.0,0.0,0.0,0.0,0.0,2022.0,Dameon Pierce,HOU,22.0,RB,13.0,13.0,39.0,30.0,165.0,1.0,7.0,-32.0,-1.1,197.0,6.6,-0.3,8.0,3.8,3.0,0.077,1.0,81.7,2023-08-28,2022.0,Dameon Pierce,HOU,22.0,RB,13.0,13.0,220.0,939.0,4.0,54.0,433.0,2.0,506.0,2.3,27.0,8.1,2023-08-28,,,,,,,,,,,,,,,,,,,,,,,,,,,,,,,,,,,,,,,,,,,,,,,,,,,,,,,,,,,13,12.5,3.7,9,4,1
2022,Antonio Gibson,A.Gibson,00-0036328,WAS,RB,RB,28.0,15,165.9,11.06,119.9,46.0,46,58,353,2,0.10922787193973635,0.01549517179429598,0.1746884281656117,149,546,3,0,0,0,0,0,489.0,0.45999999999999996,0.3392638036809816,11.06,5.10473169856024,20.7,2,RB,"https://static.www.nfl.com/image/upload/f_auto,q_auto/league/j7ixpkm7u4tdoqwzmbt4",REG,0,0,0,0,0,0,0,,,0,,0,0,0,0,1,0,32,-15.689292970686962,0,11,5,1,0,0,0,69,297,18,3.035976645553124,0,15,5,2,0,5.115942028985507,0,0,0,0,0,0,0,0.0,0.0,0,0,0,0,0,0,0,0,0,0,0,0,0,1,0,0,0,0,0,0,1,0,0,1,0,0,0,21,486,0,0,0,0,,,0,0,0,0,0,0,0,0,0,0,0,0,,,,0,0,0,0,0,0,0,,0,0,0,0,,0,0,,0,0,0,0,0,0,0,0,0,0,,,,,,,,,,,,,,,,,,,,,,,,,,,,,,,,,,,,,,,,,,,,,,,,,,,,,,,,,,,,,,,,,,,,,,,,,,,,,,,,,,,,,,,,,,,,,,,,,,,,,,,,,,,,,,,,,,,,,,,,,,,,,,,,,,,,,,,,,,,,,,,,,,,,00-0036328,GibsAn00,4360294.0,Antonio Gibson,1998-06-23,72.0,228.0,Memphis; East Central JC,2020.0,3.0,66.0,WAS,2020,6,15.0,0.0,42.0,0.0,0.10533333333333333,2022.0,Antonio Gibson,WAS,24.0,RB,15.0,6.0,58.0,46.0,353.0,2.0,18.0,56.0,1.2,297.0,6.5,1.2,5.0,9.2,3.0,0.052000000000000005,1.0,96.3,2023-08-28,2022.0,Antonio Gibson,WAS,24.0,RB,15.0,6.0,149.0,546.0,3.0,32.0,326.0,2.2,220.0,1.5,5.0,29.8,2023-08-28,,,,,,,,,,,,,,,,,,,,,,,,,,,,,,,,,,,,,,,,,,,,,,,,,,,,,,,,,,,15,9.3,4.7,7,3,0
2022,Tyler Allgeier,T.Allgeier,00-0037263,ATL,RB,RB,29.0,16,159.4,9.9625,143.4,16.0,16,17,139,1,0.0425,-0.007934540044631788,0.05819582196875775,210,1035,3,0,0,0,0,0,497.0,0.50875,0.3207243460764588,9.9625,6.0604592785255695,22.6,1,RB,"https://static.www.nfl.com/image/upload/f_auto,q_auto/league/sp9lhhmpv4qy3xy2msxd",REG,0,0,0,0,0,0,0,,,0,,0,0,0,0,0,0,53,11.342579630698204,1,21,19,6,3,0,0,-32,168,8,7.1253192272852175,0,6,5,4,0,-4.34375,0,1,1,1,0,0,0,0.0,0.0,0,0,0,0,0,0,0,0,0,0,0,0,0,1,0,0,0,0,0,0,0,0,0,0,0,0,0,0,0,0,0,0,0,,,0,0,0,0,0,0,0,0,0,0,0,0,,,,0,0,0,0,0,0,0,,0,0,0,0,,0,0,,0,0,0,0,0,0,0,0,0,0,,,,,,,,,,,,,,,,,,,,,,,,,,,,,,,,,,,,,,,,,,,,,,,,,,,,,,,,,,,,,,,,,,,,,,,,,,,,,,,,,,,,,,,,,,,,,,,,,,,,,,,,,,,,,,,,,,,,,,,,,,,,,,,,,,,,,,,,,,,,,,,,,,,,00-0037263,AllgTy00,4373626.0,Tyler Allgeier,2000-04-15,70.0,225.0,BYU,2022.0,5.0,151.0,ATL,2022,5,16.0,0.0,30.0,0.0,0.075625,2022.0,Tyler Allgeier,ATL,22.0,RB,16.0,7.0,17.0,16.0,139.0,1.0,8.0,-25.0,-1.6,164.0,10.3,-1.6,1.0,16.0,0.0,0.0,0.0,120.3,2023-08-28,2022.0,Tyler Allgeier,ATL,22.0,RB,16.0,7.0,210.0,1035.0,3.0,53.0,609.0,2.9,426.0,2.0,5.0,42.0,2023-08-28,,,,,,,,,,,,,,,,,,,,,,,,,,,,,,,,,,,,,,,,,,,,,,,,,,,,,,,,,,,16,9.2,3.0,8,4,0
2022,Jeff Wilson,J.Wilson,00-0034115,MIA,RB,RB,30.0,16,158.5,9.90625,136.5,22.0,22,37,185,1,0.07341269841269842,0.02640642939150402,0.12860354819310044,176,860,5,0,0,0,0,0,525.0,0.525,0.3019047619047619,9.90625,6.4555370290420715,22.3,2,RB,"https://static.www.nfl.com/image/private/f_auto,q_auto/league/zorqrtlrizlltgd6pnob",REG,0,0,0,0,0,0,0,,,0,,0,0,0,0,2,1,44,7.632931600141033,0,24,20,7,1,1,1,92,141,7,-8.737561003082606,0,9,1,0,0,2.010869565217391,0,2,0,0,0,0,0,0.0,0.0,0,0,0,0,0,0,0,0,0,0,0,0,0,1,0,0,0,0,1,5,3,0,0,3,2,0,0,0,0,0,0,0,0,,,0,0,0,0,0,0,0,0,0,0,0,0,,,,0,0,0,0,0,0,0,,0,0,0,0,,0,0,,0,0,0,0,0,0,0,0,0,0,J.Wilson,Jeff Wilson,RB,RB,"https://static.www.nfl.com/image/private/f_auto,q_auto/league/zorqrtlrizlltgd6pnob",2022.0,POST,MIA,1.0,0.0,0.0,0.0,0.0,0.0,0.0,0.0,0.0,0.0,0.0,0.0,0.0,,,0.0,,0.0,0.0,0.0,0.0,10.0,23.0,1.0,0.0,0.0,1.0,-2.962588521040743,0.0,0.0,0.0,0.0,0.0,1.0,4.0,13.0,0.0,0.0,0.0,9.0,16.0,1.0,1.2479267118414574,0.0,1.0,0.0,0.0,0.0,1.4444444444444444,0.09523809523809523,0.018108651911468814,0.15553319919517103,0.0,0.0,0.0,0.0,0.0,0.0,0.0,0.0,0.0,0.0,0.0,0.0,0.0,0.0,0.0,0.0,0.0,0.0,0.0,0.0,0.0,0.0,0.0,0.0,0.0,0.0,0.0,0.0,0.0,0.0,0.0,0.0,0.0,0.0,0.0,0.0,0.0,0.0,0.0,0.0,0.0,0.0,,,0.0,0.0,0.0,0.0,0.0,0.0,0.0,0.0,0.0,0.0,0.0,0.0,,,,0.0,0.0,0.0,0.0,0.0,0.0,0.0,,0.0,0.0,0.0,0.0,,0.0,0.0,,0.0,0.0,0.0,0.0,0.0,0.0,0.0,0.0,0.0,0.0,9.6,10.6,00-0034115,WilsJe01,3122976.0,Jeff Wilson,1995-11-16,72.0,205.0,North Texas,,,,,2018,8,16.0,0.0,14.0,0.0,0.034375,2022.0,Jeff Wilson,2TM,27.0,RB,16.0,7.0,37.0,22.0,185.0,1.0,7.0,49.0,2.2,136.0,6.2,2.6,0.0,,3.0,0.081,1.0,70.2,2023-08-28,2022.0,Jeff Wilson,2TM,27.0,RB,16.0,7.0,176.0,860.0,5.0,43.0,582.0,3.3,278.0,1.6,9.0,19.6,2023-08-28,,,,,,,,,,,,,,,,,,,,,,,,,,,,,,,,,,,,,,,,,,,,,,,,,,,,,,,,,,,16,10.8,0.30000000000000004,9,3,0
2022,Cordarrelle Patterson,C.Patterson,00-0030578,ATL,RB,RB,31.0,13,154.7,11.899999999999999,133.7,21.0,21,31,122,0,0.0775,0.018596578229605754,0.12926760476072402,144,695,8,0,0,0,0,0,382.0,0.46846153846153843,0.40497382198952875,11.900000000000002,6.971967680169877,22.6,3,RB,"https://static.www.nfl.com/image/upload/f_auto,q_auto/league/jktdrwmujfuqp94csnav",REG,0,0,0,0,0,0,0,,,0,,0,0,0,0,1,1,39,-0.25217030422188547,0,18,14,4,1,0,0,75,116,6,-18.13727469034199,0,6,1,0,0,1.6266666666666667,1,1,0,0,0,0,0,0.0,0.0,0,0,0,0,0,0,0,0,0,0,0,0,0,0,0,0,0,0,0,0,1,0,0,1,1,0,0,9,284,0,0,0,0,,,0,0,0,0,0,0,0,0,0,0,0,0,,,,0,0,0,0,0,0,0,,0,0,0,0,,0,0,,0,0,0,0,0,0,0,0,0,0,,,,,,,,,,,,,,,,,,,,,,,,,,,,,,,,,,,,,,,,,,,,,,,,,,,,,,,,,,,,,,,,,,,,,,,,,,,,,,,,,,,,,,,,,,,,,,,,,,,,,,,,,,,,,,,,,,,,,,,,,,,,,,,,,,,,,,,,,,,,,,,,,,,,00-0030578,PattCo00,15807.0,Cordarrelle Patterson,1991-03-17,74.0,220.0,Tennessee; Hutchinson CC,2013.0,1.0,29.0,MIN,2013,12,13.0,0.0,60.0,0.0,0.18307692307692308,2022.0,Cordarrelle Patterson,ATL,31.0,RB,13.0,11.0,31.0,21.0,122.0,0.0,6.0,6.0,0.3,116.0,5.5,2.5,0.0,,1.0,0.032,2.0,48.1,2023-08-28,2022.0,Cordarrelle Patterson,ATL,31.0,RB,13.0,11.0,144.0,695.0,8.0,39.0,414.0,2.9,281.0,2.0,4.0,36.0,2023-08-28,,,,,,,,,,,,,,,,,,,,,,,,,,,,,,,,,,,,,,,,,,,,,,,,,,,,,,,,,,,13,10.100000000000001,3.0,7,4,0
2022,Latavius Murray,L.Murray,00-0030513,DEN,RB,RB,32.0,13,154.2,11.86153846153846,127.2,26.999999999999986,27,35,132,0,0.07099391480730223,-0.013846153846153847,0.09679856451864566,171,760,6,0,0,0,0,0,447.0,0.5284615384615384,0.3449664429530201,11.86153846153846,4.732606480847959,21.200000000000003,1,RB,"https://static.www.nfl.com/image/private/f_auto,q_auto/league/zepm7ghltyeqydn0qxcg",REG,0,0,0,0,0,0,0,,,0,,0,0,0,0,1,0,44,-4.875463628557195,1,16,9,5,1,0,0,-63,188,4,-8.963229830212427,0,4,0,0,0,-2.0952380952380953,0,0,0,0,0,0,0,0.0,0.0,0,0,0,0,0,0,0,0,0,0,0,0,0,0,-15,0,0,0,1,5,0,1,0,1,0,0,0,0,0,0,0,0,0,,,0,0,0,0,0,0,0,0,0,0,0,0,,,,0,0,0,0,0,0,0,,0,0,0,0,,0,0,,0,0,0,0,0,0,0,0,0,0,,,,,,,,,,,,,,,,,,,,,,,,,,,,,,,,,,,,,,,,,,,,,,,,,,,,,,,,,,,,,,,,,,,,,,,,,,,,,,,,,,,,,,,,,,,,,,,,,,,,,,,,,,,,,,,,,,,,,,,,,,,,,,,,,,,,,,,,,,,,,,,,,,,,00-0030513,MurrLa00,15920.0,Latavius Murray,1990-01-18,75.0,230.0,UCF,2013.0,6.0,181.0,LV,2013,10,13.0,0.0,0.0,0.0,0.0,2022.0,Latavius Murray,2TM,32.0,RB,13.0,7.0,35.0,27.0,132.0,0.0,4.0,-56.0,-2.1,188.0,7.0,-1.8,0.0,,0.0,0.0,0.0,82.1,2023-08-28,2022.0,Latavius Murray,2TM,32.0,RB,13.0,7.0,171.0,760.0,6.0,44.0,478.0,2.8,282.0,1.6,5.0,34.2,2023-08-28,,,,,,,,,,,,,,,,,,,,,,,,,,,,,,,,,,,,,,,,,,,,,,,,,,,,,,,,,,,13,10.8,6.1,9,3,0
2022,Jonathan Taylor,J.Taylor,00-0036223,IND,RB,RB,33.0,11,146.4,13.30909090909091,118.4,28.0,28,40,143,0,0.0690846286701209,-0.019025280166796978,0.09030924688842347,192,861,4,0,0,0,0,0,524.0,0.7127272727272728,0.27938931297709924,13.30909090909091,8.276890061545405,27.5,2,RB,"https://static.www.nfl.com/image/upload/f_auto,q_auto/league/yw46ky6akdm7h7siofu8",REG,0,0,0,0,0,0,0,,,0,,0,0,0,0,3,3,39,-28.65480715998774,0,21,16,5,1,0,0,-73,208,4,-17.546411304245186,0,3,1,0,0,-1.9589041095890412,0,0,0,0,0,0,0,0.0,0.0,0,0,0,0,0,0,0,0,0,0,0,0,0,1,0,0,0,0,0,0,3,0,0,3,3,0,0,0,0,0,0,0,0,,,0,0,0,0,0,0,0,0,0,0,0,0,,,,0,0,0,0,0,0,0,,0,0,0,0,,0,0,,0,0,0,0,0,0,0,0,0,0,,,,,,,,,,,,,,,,,,,,,,,,,,,,,,,,,,,,,,,,,,,,,,,,,,,,,,,,,,,,,,,,,,,,,,,,,,,,,,,,,,,,,,,,,,,,,,,,,,,,,,,,,,,,,,,,,,,,,,,,,,,,,,,,,,,,,,,,,,,,,,,,,,,,00-0036223,TaylJo02,4242335.0,Jonathan Taylor,1999-01-19,70.0,226.0,Wisconsin,2020.0,2.0,41.0,IND,2020,7,11.0,0.0,0.0,0.0,0.0,2022.0,Jonathan Taylor,IND,23.0,RB,11.0,11.0,40.0,28.0,143.0,0.0,4.0,-61.0,-2.2,204.0,7.3,-1.7,3.0,9.3,1.0,0.025,1.0,64.9,2023-08-28,2022.0,Jonathan Taylor,IND,23.0,RB,11.0,11.0,192.0,861.0,4.0,39.0,481.0,2.5,380.0,2.0,24.0,8.0,2023-08-28,,,,,,,,,,,,,,,,,,,,,,,,,,,,,,,,,,,,,,,,,,,,,,,,,,,,,,,,,,,11,13.3,2.3,7,5,1
2022,Samaje Perine,S.Perine,00-0033526,CIN,RB,RB,34.0,16,142.10000000000002,8.881250000000001,104.10000000000001,38.000000000000014,38,51,287,4,0.08585858585858586,0.002875629043853343,0.13080081911857613,95,394,2,0,0,0,0,0,448.0,0.40249999999999997,0.31718750000000007,8.88125,8.34930885363174,30.200000000000003,2,RB,"https://static.www.nfl.com/image/upload/f_auto,q_auto/league/fllwhcdovol5i7xxahf6",REG,0,0,0,0,0,0,0,,,0,,0,0,0,0,0,0,19,-3.9261898886725737,0,5,2,1,0,0,0,12,321,11,6.449811524648911,0,10,3,2,0,23.916666666666668,0,4,0,3,0,0,1,0.0,0.0,0,0,0,0,0,0,0,0,0,0,0,0,0,1,0,0,0,0,0,0,0,0,0,0,0,0,0,0,0,0,0,0,0,,,0,0,0,0,0,0,0,0,0,0,0,0,,,,0,0,0,0,0,0,0,,0,0,0,0,,0,0,,0,0,0,0,0,0,0,0,0,0,S.Perine,Samaje Perine,RB,RB,"https://static.www.nfl.com/image/upload/f_auto,q_auto/league/fllwhcdovol5i7xxahf6",2022.0,POST,CIN,3.0,0.0,0.0,0.0,0.0,0.0,0.0,0.0,0.0,0.0,0.0,0.0,0.0,,,0.0,,0.0,0.0,0.0,0.0,14.0,58.0,1.0,0.0,0.0,7.0,1.081561878498178,0.0,1.0,0.0,0.0,0.0,8.0,10.0,35.0,0.0,0.0,0.0,-13.0,51.0,2.0,-4.462379373726435,0.0,1.0,0.0,0.0,0.0,-2.6923076923076925,0.09900990099009901,-0.01740294511378849,0.1363327899054966,0.0,1.0,0.0,0.0,0.0,0.0,0.0,0.0,0.0,0.0,0.0,0.0,0.0,0.0,0.0,0.0,0.0,0.0,0.0,0.0,0.0,0.0,0.0,0.0,0.0,0.0,0.0,0.0,0.0,0.0,0.0,0.0,0.0,0.0,0.0,0.0,0.0,0.0,0.0,0.0,0.0,0.0,,,0.0,0.0,0.0,0.0,0.0,0.0,0.0,0.0,0.0,0.0,0.0,0.0,,,,0.0,0.0,0.0,0.0,0.0,0.0,0.0,,0.0,0.0,0.0,0.0,,0.0,0.0,,0.0,0.0,0.0,0.0,0.0,0.0,0.0,0.0,0.0,0.0,15.3,23.3,00-0033526,PeriSa00,3116389.0,Samaje Perine,1995-09-16,70.0,240.0,Oklahoma,2017.0,4.0,114.0,WAS,2017,10,16.0,0.0,186.0,0.0,0.42875,2022.0,Samaje Perine,CIN,27.0,RB,16.0,2.0,51.0,38.0,287.0,4.0,11.0,-34.0,-0.9,321.0,8.4,0.2,5.0,7.6,5.0,0.098,0.0,113.8,2023-08-28,2022.0,Samaje Perine,CIN,27.0,RB,16.0,2.0,95.0,394.0,2.0,19.0,232.0,2.4,162.0,1.7,5.0,19.0,2023-08-28,,,,,,,,,,,,,,,,,,,,,,,,,,,,,,,,,,,,,,,,,,,,,,,,,,,,,,,,,,,16,5.800000000000001,0.0,4,3,1
2022,Cam Akers,C.Akers,00-0036414,LA,RB,RB,35.0,15,141.3,9.42,128.3,13.0,13,18,117,0,0.03481624758220503,0.009159482758620689,0.05863600930434203,188,786,7,0,0,0,0,0,428.0,0.48533333333333334,0.33014018691588787,9.42,9.185874248773805,34.7,1,RB,"https://static.www.nfl.com/image/upload/f_auto,q_auto/league/dutj0wamu7giwghnmr4m",REG,0,0,0,0,0,0,0,,,0,,0,0,0,0,2,2,39,-13.24717545931344,0,17,14,3,1,0,0,34,136,8,4.1208708513224295,0,7,2,0,0,3.4411764705882355,0,0,0,0,0,0,0,0.0,0.0,0,0,0,0,0,0,0,0,0,0,0,0,0,0,0,0,0,0,0,0,2,0,0,2,2,0,0,0,0,0,0,0,0,,,0,0,0,0,0,0,0,0,0,0,0,0,,,,0,0,0,0,0,0,0,,0,0,0,0,,0,0,,0,0,0,0,0,0,0,0,0,0,,,,,,,,,,,,,,,,,,,,,,,,,,,,,,,,,,,,,,,,,,,,,,,,,,,,,,,,,,,,,,,,,,,,,,,,,,,,,,,,,,,,,,,,,,,,,,,,,,,,,,,,,,,,,,,,,,,,,,,,,,,,,,,,,,,,,,,,,,,,,,,,,,,,00-0036414,AkerCa00,4240021.0,Cam Akers,1999-06-22,70.0,217.0,Florida State,2020.0,2.0,52.0,LA,2020,5,15.0,0.0,0.0,0.0,0.0,2022.0,Cam Akers,LA,23.0,RB,15.0,9.0,18.0,13.0,117.0,0.0,8.0,-19.0,-1.5,136.0,10.5,1.9,4.0,3.3,0.0,0.0,0.0,89.4,2023-08-28,2022.0,Cam Akers,LA,23.0,RB,15.0,9.0,188.0,786.0,7.0,39.0,379.0,2.0,407.0,2.2,13.0,14.5,2023-08-28,,,,,,,,,,,,,,,,,,,,,,,,,,,,,,,,,,,,,,,,,,,,,,,,,,,,,,,,,,,15,8.2,0.0,6,3,1
2022,Rachaad White,R.White,00-0037256,TB,RB,RB,36.0,17,141.10000000000002,8.3,91.10000000000001,50.000000000000014,50,58,290,2,0.08011049723756906,-0.003487020534676482,0.11772483148208006,129,481,1,0,0,0,0,0,469.0,0.37823529411764706,0.3008528784648188,8.299999999999999,6.020278232772967,19.9,0,RB,"https://static.www.nfl.com/image/upload/f_auto,q_auto/league/wtdhs50gcl2p6vngsnre",REG,0,0,0,0,0,0,0,,,0,,0,0,0,0,1,1,27,-17.957170644760364,0,8,5,2,0,1,1,-18,319,13,6.972407211520476,0,7,1,1,0,-16.11111111111111,0,4,0,2,0,0,0,0.0,0.0,0,0,0,0,0,0,0,0,0,0,0,0,0,0,0,0,0,0,0,0,3,0,0,3,3,0,0,11,244,0,0,0,0,,,0,0,0,0,0,0,0,0,0,0,0,0,,,,0,0,0,0,0,0,0,,0,0,0,0,,0,0,,0,0,0,0,0,0,0,0,0,0,R.White,Rachaad White,RB,RB,"https://static.www.nfl.com/image/upload/f_auto,q_auto/league/wtdhs50gcl2p6vngsnre",2022.0,POST,TB,1.0,0.0,0.0,0.0,0.0,0.0,0.0,0.0,0.0,0.0,0.0,0.0,0.0,,,0.0,,0.0,0.0,0.0,0.0,7.0,41.0,0.0,0.0,0.0,3.0,1.5891141209867783,0.0,1.0,1.0,0.0,0.0,4.0,6.0,36.0,0.0,0.0,0.0,-14.0,37.0,2.0,2.9063514147419482,0.0,2.0,0.0,0.0,0.0,-2.5714285714285716,0.09836065573770492,-0.03888888888888889,0.12031876138433516,0.0,0.0,0.0,0.0,0.0,0.0,0.0,0.0,0.0,0.0,0.0,0.0,0.0,0.0,0.0,0.0,0.0,0.0,0.0,0.0,0.0,0.0,0.0,0.0,0.0,0.0,0.0,0.0,0.0,0.0,0.0,0.0,0.0,0.0,0.0,0.0,0.0,0.0,0.0,0.0,0.0,0.0,,,0.0,0.0,0.0,0.0,0.0,0.0,0.0,0.0,0.0,0.0,0.0,0.0,,,,0.0,0.0,0.0,0.0,0.0,0.0,0.0,,0.0,0.0,0.0,0.0,,0.0,0.0,,0.0,0.0,0.0,0.0,0.0,0.0,0.0,0.0,0.0,0.0,7.7,11.7,00-0037256,WhitRa01,4697815.0,Rachaad White,1999-01-12,72.0,214.0,Arizona State; Mt. San Antonio; Kearney State,2022.0,3.0,91.0,TB,2022,5,17.0,0.0,120.0,0.0,0.2658823529411765,2022.0,Rachaad White,TB,23.0,RB,17.0,8.0,58.0,50.0,290.0,2.0,13.0,-19.0,-0.4,309.0,6.2,-0.3,3.0,16.7,2.0,0.034,0.0,99.0,2023-08-28,2022.0,Rachaad White,TB,23.0,RB,17.0,8.0,129.0,481.0,1.0,27.0,315.0,2.4,166.0,1.3,4.0,32.3,2023-08-28,,,,,,,,,,,,,,,,,,,,,,,,,,,,,,,,,,,,,,,,,,,,,,,,,,,,,,,,,,,17,7.2,0.0,6,4,0
2022,Isiah Pacheco,I.Pacheco,00-0037197,KC,RB,RB,37.0,17,135.0,7.9411764705882355,122.0,13.0,13,14,130,0,0.02280130293159609,-0.0019100169779286927,0.03286494251284405,170,830,5,0,0,0,0,0,351.0,0.31235294117647056,0.38461538461538464,7.9411764705882355,5.362259181484215,16.200000000000003,0,RB,"https://static.www.nfl.com/image/upload/f_auto,q_auto/league/hkqb4imkum3vxxkwuetl",REG,0,0,0,0,0,0,0,,,0,,0,0,0,0,3,2,37,-3.838218867450715,0,15,10,3,0,0,0,-9,157,7,5.313610231271014,0,6,4,1,0,-14.444444444444445,0,2,0,1,0,0,0,0.0,0.0,0,0,0,0,0,0,0,0,0,0,0,0,0,2,0,0,0,0,0,0,3,1,0,4,2,0,0,29,597,0,0,0,0,,,0,0,0,0,0,0,0,0,0,0,0,0,,,,0,0,0,0,0,0,0,,0,0,0,0,,0,0,,0,0,0,0,0,0,0,0,0,0,I.Pacheco,Isiah Pacheco,RB,RB,"https://static.www.nfl.com/image/upload/f_auto,q_auto/league/hkqb4imkum3vxxkwuetl",2022.0,POST,KC,3.0,0.0,0.0,0.0,0.0,0.0,0.0,0.0,0.0,0.0,0.0,0.0,0.0,,,0.0,,0.0,0.0,0.0,0.0,37.0,197.0,1.0,0.0,0.0,8.0,2.015757637855131,0.0,5.0,3.0,2.0,0.0,6.0,7.0,65.0,0.0,0.0,0.0,-21.0,89.0,3.0,4.417445147642866,0.0,3.0,3.0,0.0,0.0,-3.0952380952380953,0.06930693069306931,-0.03230769230769231,0.08134501142421935,0.0,0.0,0.0,0.0,0.0,0.0,0.0,0.0,0.0,0.0,0.0,0.0,0.0,0.0,0.0,0.0,0.0,0.0,0.0,0.0,0.0,0.0,0.0,0.0,0.0,0.0,0.0,0.0,0.0,0.0,0.0,0.0,0.0,0.0,0.0,0.0,2.0,45.0,0.0,0.0,0.0,0.0,,,0.0,0.0,0.0,0.0,0.0,0.0,0.0,0.0,0.0,0.0,0.0,0.0,,,,0.0,0.0,0.0,0.0,0.0,0.0,0.0,,0.0,0.0,0.0,0.0,,0.0,0.0,,0.0,0.0,0.0,0.0,0.0,0.0,0.0,0.0,0.0,0.0,32.2,38.2,00-0037197,PachIs00,4361529.0,Isiah Pacheco,1999-03-02,70.0,210.0,Rutgers,2022.0,7.0,251.0,KC,2022,5,17.0,0.0,124.0,0.0,0.2664705882352941,2022.0,Isiah Pacheco,KC,23.0,RB,17.0,11.0,14.0,13.0,130.0,0.0,7.0,-27.0,-2.1,157.0,12.1,-0.6,1.0,13.0,0.0,0.0,0.0,105.4,2023-08-28,2022.0,Isiah Pacheco,KC,23.0,RB,17.0,11.0,170.0,830.0,5.0,37.0,537.0,3.2,293.0,1.7,4.0,42.5,2023-08-28,,,,,,,,,,,,,,,,,,,,,,,,,,,,,,,,,,,,,,,,,,,,,,,,,,,,,,,,,,,17,8.700000000000001,0.0,8,2,0
2022,D'Onta Foreman,D.Foreman,00-0033925,CAR,RB,RB,38.0,16,131.0,8.1875,126.0,5.0,5,9,26,0,0.02107728337236534,-0.0009033423667570009,0.030983585401818108,203,914,5,0,0,0,0,0,353.0,0.3347058823529412,0.37110481586402266,8.1875,9.538474720834563,31.8,2,RB,"https://static.www.nfl.com/image/upload/f_auto,q_auto/league/shlxaet74pmn8arznphw",REG,0,0,0,0,0,0,0,,,0,,0,0,0,0,1,0,45,4.035043358247359,1,21,15,8,1,0,0,-3,27,1,-10.932217505602033,0,1,1,1,0,-8.666666666666666,0,0,0,0,0,0,0,0.0,0.0,0,0,0,0,0,0,0,0,0,0,0,0,0,0,0,0,0,0,0,0,1,0,0,1,0,0,0,0,0,0,0,0,0,,,0,0,0,0,0,0,0,0,0,0,0,0,,,,0,0,0,0,0,0,0,,0,0,0,0,,0,0,,0,0,0,0,0,0,0,0,0,0,,,,,,,,,,,,,,,,,,,,,,,,,,,,,,,,,,,,,,,,,,,,,,,,,,,,,,,,,,,,,,,,,,,,,,,,,,,,,,,,,,,,,,,,,,,,,,,,,,,,,,,,,,,,,,,,,,,,,,,,,,,,,,,,,,,,,,,,,,,,,,,,,,,,00-0033925,ForeDO00,3125116.0,D'Onta Foreman,1996-04-24,73.0,236.0,Texas,2017.0,3.0,89.0,HOU,2017,6,17.0,0.0,0.0,0.0,0.0,2022.0,DOnta Foreman,CAR,26.0,RB,17.0,9.0,9.0,5.0,26.0,0.0,1.0,-1.0,-0.2,27.0,5.4,-0.3,2.0,2.5,0.0,0.0,1.0,21.3,2023-08-28,2022.0,DOnta Foreman,CAR,26.0,RB,17.0,9.0,203.0,914.0,5.0,45.0,505.0,2.5,409.0,2.0,10.0,20.3,2023-08-28,,,,,,,,,,,,,,,,,,,,,,,,,,,,,,,,,,,,,,,,,,,,,,,,,,,,,,,,,,,16,3.8,0.2,5,4,1
2022,Kareem Hunt,K.Hunt,00-0033923,CLE,RB,RB,39.0,17,126.8,7.458823529411765,91.8,35.0,35,44,210,1,0.08678500986193294,-0.002694812485964518,0.12829114605272424,123,468,3,0,0,0,0,0,492.0,0.4158823529411765,0.2577235772357723,7.458823529411765,5.489769897674379,23.0,1,RB,"https://static.www.nfl.com/image/upload/f_auto,q_auto/league/hktvzf8hiupoycyg1kmc",REG,0,0,0,0,0,0,0,,,0,,0,0,0,0,1,0,30,-11.557620754056018,0,14,7,2,0,0,0,-12,235,11,-2.4749615233686106,0,11,1,1,0,-17.5,0,0,0,0,0,0,0,0.0,0.0,0,0,0,0,0,0,0,0,0,0,0,0,0,1,0,0,0,0,1,7,1,0,0,1,0,0,0,0,0,0,0,0,0,,,0,0,0,0,0,0,0,0,0,0,0,0,,,,0,0,0,0,0,0,0,,0,0,0,0,,0,0,,0,0,0,0,0,0,0,0,0,0,,,,,,,,,,,,,,,,,,,,,,,,,,,,,,,,,,,,,,,,,,,,,,,,,,,,,,,,,,,,,,,,,,,,,,,,,,,,,,,,,,,,,,,,,,,,,,,,,,,,,,,,,,,,,,,,,,,,,,,,,,,,,,,,,,,,,,,,,,,,,,,,,,,,00-0033923,HuntKa00,3059915.0,Kareem Hunt,1995-08-06,71.0,216.0,Toledo,2017.0,3.0,86.0,KC,2017,9,17.0,0.0,0.0,0.0,0.0,2022.0,Kareem Hunt,CLE,27.0,RB,17.0,0.0,44.0,35.0,210.0,1.0,11.0,-33.0,-0.9,243.0,6.9,-0.5,7.0,5.0,4.0,0.091,0.0,94.1,2023-08-28,2022.0,Kareem Hunt,CLE,27.0,RB,17.0,0.0,123.0,468.0,3.0,30.0,233.0,1.9,235.0,1.9,6.0,20.5,2023-08-28,,,,,,,,,,,,,,,,,,,,,,,,,,,,,,,,,,,,,,,,,,,,,,,,,,,,,,,,,,,17,7.4,0.9,3,1,0
2022,Michael Carter,Mi.Carter,00-0036924,NYJ,RB,RB,40.0,16,126.0,7.875,85.0,41.0,41,54,288,0,0.09183673469387756,0.005992654165861202,0.14194995995691917,114,402,3,0,0,0,0,0,496.0,0.48,0.2540322580645161,7.875,5.1289375118049545,17.3,0,RB,"https://static.www.nfl.com/image/upload/f_auto,q_auto/league/cwqrxzouk4gkhfziyqre",REG,0,0,0,0,0,0,0,,,0,,0,0,0,0,1,1,14,-21.690917342174952,0,7,6,3,0,0,0,31,274,12,-4.484687012154609,0,9,3,1,0,9.290322580645162,0,1,0,0,0,0,0,0.0,0.0,0,0,0,0,0,0,0,0,0,0,0,0,0,0,0,0,0,0,1,5,1,1,0,2,1,0,0,0,0,0,0,0,0,,,0,0,0,0,0,0,0,0,0,0,0,0,,,,0,0,0,0,0,0,0,,0,0,0,0,,0,0,,0,0,0,0,0,0,0,0,0,0,,,,,,,,,,,,,,,,,,,,,,,,,,,,,,,,,,,,,,,,,,,,,,,,,,,,,,,,,,,,,,,,,,,,,,,,,,,,,,,,,,,,,,,,,,,,,,,,,,,,,,,,,,,,,,,,,,,,,,,,,,,,,,,,,,,,,,,,,,,,,,,,,,,,00-0036924,CartMi03,4240657.0,Michael Carter,1999-05-07,68.0,201.0,North Carolina,2021.0,4.0,107.0,NYJ,2021,5,16.0,0.0,2.0,0.0,0.004375,2022.0,Michael Carter,NYJ,23.0,RB,16.0,10.0,54.0,41.0,288.0,0.0,12.0,14.0,0.3,274.0,6.7,0.6,3.0,13.7,2.0,0.037000000000000005,0.0,87.6,2023-08-28,2022.0,Michael Carter,NYJ,23.0,RB,16.0,10.0,114.0,402.0,3.0,14.0,270.0,2.4,132.0,1.2,7.0,16.3,2023-08-28,,,,,,,,,,,,,,,,,,,,,,,,,,,,,,,,,,,,,,,,,,,,,,,,,,,,,,,,,,,16,5.65,2.5,6,3,0
2022,Khalil Herbert,K.Herbert,00-0036906,CHI,RB,RB,41.0,13,117.80000000000001,9.061538461538463,108.80000000000001,9.0,9,12,57,1,0.033426183844011144,-0.008464681844716871,0.04421399847471491,129,731,4,0,0,0,0,0,301.0,0.37461538461538463,0.3913621262458472,9.061538461538463,8.200766068030726,30.900000000000002,1,RB,"https://static.www.nfl.com/image/upload/f_auto,q_auto/league/gjwksf9ygntjmtceeerh",REG,0,0,0,0,0,0,0,,,0,,0,0,0,0,0,0,26,1.1719680123734584,0,22,15,4,2,0,0,-29,81,2,-0.86384978224863,0,2,2,2,0,-1.9655172413793103,0,4,0,0,0,0,0,0.0,0.0,0,0,0,0,0,0,0,0,0,0,0,0,0,0,0,0,0,0,0,0,0,0,0,0,0,0,0,5,146,0,0,0,0,,,0,0,0,0,0,0,0,0,0,0,0,0,,,,0,0,0,0,0,0,0,,0,0,0,0,,0,0,,0,0,0,0,0,0,0,0,0,0,,,,,,,,,,,,,,,,,,,,,,,,,,,,,,,,,,,,,,,,,,,,,,,,,,,,,,,,,,,,,,,,,,,,,,,,,,,,,,,,,,,,,,,,,,,,,,,,,,,,,,,,,,,,,,,,,,,,,,,,,,,,,,,,,,,,,,,,,,,,,,,,,,,,00-0036906,HerbKh00,4035886.0,Khalil Herbert,1998-04-21,69.0,212.0,Virginia Tech,2021.0,6.0,217.0,CHI,2021,5,13.0,0.0,69.0,0.0,0.22,2022.0,Khalil Herbert,CHI,24.0,RB,13.0,1.0,12.0,9.0,57.0,1.0,2.0,-24.0,-2.7,81.0,9.0,-2.4,0.0,,1.0,0.083,0.0,112.2,2023-08-28,2022.0,Khalil Herbert,CHI,24.0,RB,13.0,1.0,129.0,731.0,4.0,26.0,404.0,3.1,327.0,2.5,9.0,14.3,2023-08-28,,,,,,,,,,,,,,,,,,,,,,,,,,,,,,,,,,,,,,,,,,,,,,,,,,,,,,,,,,,13,5.9,1.1,5,3,1
2022,Breece Hall,Br.Hall,00-0038120,NYJ,RB,RB,42.0,7,115.10000000000001,16.442857142857143,96.10000000000001,19.0,19,31,218,1,0.05272108843537415,0.02938333655519041,0.09964996824169452,80,463,4,0,0,0,0,0,233.0,0.4928571428571429,0.4939914163090129,16.442857142857143,5.840335932934323,27.700000000000003,2,RB,"https://static.www.nfl.com/image/upload/f_auto,q_auto/league/i01xtqbfajfq68lb6orh",REG,0,0,0,0,0,0,0,,,0,,0,0,0,0,0,0,20,13.889109682873823,0,15,12,3,1,1,1,152,166,8,-1.4326923048441054,0,6,4,2,1,1.4342105263157894,0,1,0,0,0,0,0,0.0,0.0,0,0,0,0,0,0,0,0,0,0,0,0,0,0,0,0,0,0,0,0,1,0,0,1,1,0,0,0,0,0,0,0,0,,,0,0,0,0,0,0,0,0,0,0,0,0,,,,0,0,0,0,0,0,0,,0,0,0,0,,0,0,,0,0,0,0,0,0,0,0,0,0,,,,,,,,,,,,,,,,,,,,,,,,,,,,,,,,,,,,,,,,,,,,,,,,,,,,,,,,,,,,,,,,,,,,,,,,,,,,,,,,,,,,,,,,,,,,,,,,,,,,,,,,,,,,,,,,,,,,,,,,,,,,,,,,,,,,,,,,,,,,,,,,,,,,00-0038120,HallBr03,4427366.0,Breece Hall,2001-05-31,71.0,217.0,Iowa State,2022.0,2.0,36.0,NYJ,2022,5,7.0,0.0,0.0,0.0,0.0,2022.0,Breece Hall,NYJ,21.0,RB,7.0,2.0,31.0,19.0,218.0,1.0,8.0,47.0,2.5,171.0,9.0,4.7,2.0,9.5,5.0,0.161,1.0,79.8,2023-08-28,2022.0,Breece Hall,NYJ,21.0,RB,7.0,2.0,80.0,463.0,4.0,20.0,332.0,4.2,131.0,1.6,3.0,26.7,2023-08-28,,,,,,,,,,,,,,,,,,,,,,,,,,,,,,,,,,,,,,,,,,,,,,,,,,,,,,,,,,,7,15.200000000000001,10.100000000000001,7,4,1
2022,Brian Robinson,B.Robinson,00-0037746,WAS,RB,RB,43.0,12,112.7,9.391666666666667,103.7,9.0,9,12,60,1,0.022598870056497175,-0.0024702447788008085,0.032169133739585194,205,797,2,0,0,0,0,0,351.0,0.42250000000000004,0.3210826210826211,9.391666666666667,5.4282859061390525,20.5,1,RB,"https://static.www.nfl.com/image/upload/f_auto,q_auto/league/n1xhex1ytisxcbcggqu7",REG,0,0,0,0,0,0,0,,,0,,0,0,0,0,2,0,49,-6.235397119598929,0,18,11,2,0,0,0,-11,72,3,-2.0604672269546427,0,3,1,0,0,-5.454545454545454,0,1,0,0,0,0,0,0.0,0.0,0,0,0,0,0,0,0,0,0,0,0,0,0,0,0,0,0,0,0,0,2,0,2,2,0,0,0,0,0,0,0,0,0,,,0,0,0,0,0,0,0,0,0,0,0,0,,,,0,0,0,0,0,0,0,,0,0,0,0,,0,0,,0,0,0,0,0,0,0,0,0,0,,,,,,,,,,,,,,,,,,,,,,,,,,,,,,,,,,,,,,,,,,,,,,,,,,,,,,,,,,,,,,,,,,,,,,,,,,,,,,,,,,,,,,,,,,,,,,,,,,,,,,,,,,,,,,,,,,,,,,,,,,,,,,,,,,,,,,,,,,,,,,,,,,,,00-0037746,RobiBr01,4241474.0,Brian Robinson,1999-03-22,73.0,225.0,Alabama,2022.0,3.0,98.0,WAS,2022,3,12.0,0.0,0.0,0.0,0.0,2022.0,Brian Robinson,WAS,23.0,RB,12.0,9.0,12.0,9.0,60.0,1.0,3.0,-12.0,-1.3,72.0,8.0,-0.9,2.0,4.5,1.0,0.083,1.0,78.5,2023-08-28,2022.0,Brian Robinson,WAS,23.0,RB,12.0,9.0,205.0,797.0,2.0,49.0,457.0,2.2,340.0,1.7,8.0,25.6,2023-08-28,,,,,,,,,,,,,,,,,,,,,,,,,,,,,,,,,,,,,,,,,,,,,,,,,,,,,,,,,,,12,9.65,2.0,6,1,0
2022,James Cook,J.Cook,00-0037248,BUF,RB,RB,44.0,16,105.7,6.60625,84.7,21.0,21,32,180,1,0.05807622504537205,0.015512674990541053,0.0979732100614368,89,507,2,0,0,0,0,0,269.0,0.251875,0.3929368029739777,6.60625,5.556673915212229,17.8,0,RB,"https://static.www.nfl.com/image/upload/f_auto,q_auto/league/anjbznqb9i21wzcgrtbs",REG,0,0,0,0,0,0,0,,,0,,0,0,0,0,1,1,24,6.5008755439776,0,12,11,6,0,0,0,82,132,5,3.8727364157707544,0,4,1,1,1,2.1951219512195124,0,1,0,0,0,0,0,0.0,0.0,0,0,0,0,0,0,0,0,0,0,0,0,0,0,0,0,0,0,2,20,1,0,0,1,1,0,0,0,0,0,0,0,0,,,0,0,0,0,0,0,0,0,0,0,0,0,,,,0,0,0,0,0,0,0,,0,0,0,0,,0,0,,0,0,0,0,0,0,0,0,0,0,J.Cook,James Cook,RB,RB,"https://static.www.nfl.com/image/upload/f_auto,q_auto/league/anjbznqb9i21wzcgrtbs",2022.0,POST,BUF,2.0,0.0,0.0,0.0,0.0,0.0,0.0,0.0,0.0,0.0,0.0,0.0,0.0,,,0.0,,0.0,0.0,0.0,0.0,17.0,52.0,1.0,0.0,0.0,2.0,-4.131125355896074,0.0,2.0,2.0,0.0,0.0,0.0,0.0,0.0,0.0,0.0,0.0,0.0,0.0,0.0,,0.0,0.0,0.0,0.0,0.0,,0.0,0.0,0.0,0.0,0.0,0.0,0.0,0.0,0.0,0.0,0.0,0.0,0.0,0.0,0.0,0.0,0.0,0.0,0.0,0.0,0.0,0.0,0.0,0.0,0.0,0.0,0.0,0.0,0.0,0.0,0.0,0.0,0.0,0.0,0.0,0.0,0.0,0.0,0.0,0.0,0.0,0.0,0.0,0.0,0.0,,,0.0,0.0,0.0,0.0,0.0,0.0,0.0,0.0,0.0,0.0,0.0,0.0,,,,0.0,0.0,0.0,0.0,0.0,0.0,0.0,,0.0,0.0,0.0,0.0,,0.0,0.0,,0.0,0.0,0.0,0.0,0.0,0.0,0.0,0.0,0.0,0.0,11.2,11.2,00-0037248,CookJa01,4379399.0,James Cook,1999-09-25,71.0,190.0,Georgia,2022.0,2.0,63.0,BUF,2022,5,16.0,0.0,1.0,0.0,0.003125,2022.0,James Cook,BUF,23.0,RB,16.0,0.0,32.0,21.0,180.0,1.0,5.0,48.0,2.3,132.0,6.3,2.4,0.0,,3.0,0.094,1.0,77.6,2023-08-28,2022.0,James Cook,BUF,23.0,RB,16.0,0.0,89.0,507.0,2.0,25.0,329.0,3.7,178.0,2.0,3.0,29.7,2023-08-28,,,,,,,,,,,,,,,,,,,,,,,,,,,,,,,,,,,,,,,,,,,,,,,,,,,,,,,,,,,16,6.200000000000001,-1.8,3,2,0
2022,Kenyan Drake,K.Drake,00-0033118,BAL,RB,RB,45.0,12,104.1,8.674999999999999,87.1,17.0,17,26,89,1,0.05591397849462366,-0.003986048829098156,0.08108073356156678,109,482,4,0,0,0,0,0,366.0,0.45416666666666666,0.2844262295081967,8.675,8.444484482892854,24.9,1,RB,"https://static.www.nfl.com/image/private/f_auto,q_auto/league/rp5apwel9vuk49b4lykn",REG,0,0,0,0,0,0,0,,,0,,0,0,0,0,1,0,21,-12.499559383956058,0,11,11,5,1,0,0,-16,125,7,-5.923722070280285,0,4,0,0,0,-5.5625,0,0,0,0,0,0,0,0.0,0.0,0,0,0,0,0,0,0,0,0,0,0,0,0,0,0,0,0,0,0,0,1,0,0,1,0,0,0,0,0,0,0,0,0,,,0,0,0,0,0,0,0,0,0,0,0,0,,,,0,0,0,0,0,0,0,,0,0,0,0,,0,0,,0,0,0,0,0,0,0,0,0,0,,,,,,,,,,,,,,,,,,,,,,,,,,,,,,,,,,,,,,,,,,,,,,,,,,,,,,,,,,,,,,,,,,,,,,,,,,,,,,,,,,,,,,,,,,,,,,,,,,,,,,,,,,,,,,,,,,,,,,,,,,,,,,,,,,,,,,,,,,,,,,,,,,,,00-0033118,DrakKe00,2979843.0,Kenyan Drake,1994-01-26,73.0,216.0,Alabama,2016.0,3.0,73.0,MIA,2016,8,12.0,0.0,6.0,0.0,0.018333333333333333,2022.0,Kenyan Drake,BAL,28.0,RB,12.0,5.0,26.0,17.0,89.0,1.0,7.0,-36.0,-2.1,125.0,7.4,-0.5,2.0,8.5,4.0,0.154,1.0,67.6,2023-08-28,2022.0,Kenyan Drake,BAL,28.0,RB,12.0,5.0,109.0,482.0,4.0,21.0,355.0,3.3,127.0,1.2,0.0,,2023-08-28,,,,,,,,,,,,,,,,,,,,,,,,,,,,,,,,,,,,,,,,,,,,,,,,,,,,,,,,,,,12,6.1000000000000005,0.2,4,4,0
2022,Clyde Edwards-Helaire,C.Edwards-Helaire,00-0036360,KC,RB,RB,46.0,10,98.30000000000001,9.830000000000002,81.30000000000001,17.0,17,23,151,3,0.03745928338762215,0.0021222410865874364,0.057674493842044434,71,302,3,0,0,0,0,0,224.0,0.322,0.43883928571428577,9.83,8.536724586553477,22.4,2,RB,"https://static.www.nfl.com/image/upload/f_auto,q_auto/league/er6tfnyxampiwn74zrui",REG,0,0,0,0,0,0,0,,,0,,0,0,0,0,0,0,15,1.9969222918880405,0,5,4,2,1,0,0,10,144,11,10.229611164977541,0,7,3,2,0,15.1,0,0,0,0,0,0,0,0.0,0.0,0,0,0,0,0,0,0,0,0,0,0,0,0,1,0,0,0,0,0,0,0,0,0,0,0,0,0,0,0,0,0,0,0,,,0,0,0,0,0,0,0,0,0,0,0,0,,,,0,0,0,0,0,0,0,,0,0,0,0,,0,0,,0,0,0,0,0,0,0,0,0,0,,,,,,,,,,,,,,,,,,,,,,,,,,,,,,,,,,,,,,,,,,,,,,,,,,,,,,,,,,,,,,,,,,,,,,,,,,,,,,,,,,,,,,,,,,,,,,,,,,,,,,,,,,,,,,,,,,,,,,,,,,,,,,,,,,,,,,,,,,,,,,,,,,,,00-0036360,EdwaCl00,4242214.0,Clyde Edwards-Helaire,1999-04-11,67.0,207.0,LSU,2020.0,1.0,32.0,KC,2020,6,10.0,0.0,0.0,0.0,0.0,2022.0,Clyde Edwards-Helaire,KC,23.0,RB,10.0,6.0,23.0,17.0,151.0,3.0,11.0,7.0,0.4,144.0,8.5,0.4,3.0,5.7,1.0,0.043,0.0,130.6,2023-08-28,2022.0,Clyde Edwards-Helaire,KC,23.0,RB,10.0,6.0,71.0,302.0,3.0,15.0,134.0,1.9,168.0,2.4,3.0,23.7,2023-08-28,,,,,,,,,,,,,,,,,,,,,,,,,,,,,,,,,,,,,,,,,,,,,,,,,,,,,,,,,,,10,7.85,0.0,4,3,0
2022,Jaylen Warren,J.Warren,00-0037228,PIT,RB,RB,47.0,16,93.30000000000001,5.831250000000001,65.30000000000001,28.0,28,33,214,0,0.060218978102189784,-0.0033984706881903144,0.08794953767155145,77,379,1,0,0,0,0,0,342.0,0.311875,0.27280701754385966,5.83125,4.141613011054188,12.8,0,RB,"https://static.www.nfl.com/image/upload/f_auto,q_auto/league/dkiteytgnxar1mpaxcxv",REG,0,0,0,0,0,0,0,,,0,,0,0,0,0,1,0,20,8.390191187240063,0,11,8,3,0,0,0,-16,225,14,10.611172143913953,0,10,1,1,0,-13.375,0,3,1,1,0,0,0,0.0,0.0,0,0,0,0,0,0,0,0,0,0,0,0,0,1,0,0,0,0,0,0,1,0,0,1,0,0,0,0,0,0,0,0,0,,,0,0,0,0,0,0,0,0,0,0,0,0,,,,0,0,0,0,0,0,0,,0,0,0,0,,0,0,,0,0,0,0,0,0,0,0,0,0,,,,,,,,,,,,,,,,,,,,,,,,,,,,,,,,,,,,,,,,,,,,,,,,,,,,,,,,,,,,,,,,,,,,,,,,,,,,,,,,,,,,,,,,,,,,,,,,,,,,,,,,,,,,,,,,,,,,,,,,,,,,,,,,,,,,,,,,,,,,,,,,,,,,00-0037228,WarrJa01,4569987.0,Jaylen Warren,1998-11-01,68.0,215.0,Oklahoma State,,,,,2022,5,16.0,0.0,127.0,0.0,0.31625,2022.0,Jaylen Warren,PIT,24.0,RB,16.0,0.0,33.0,28.0,214.0,0.0,14.0,-11.0,-0.4,225.0,8.0,-0.5,3.0,9.3,3.0,0.091,0.0,93.7,2023-08-28,2022.0,Jaylen Warren,PIT,24.0,RB,16.0,0.0,77.0,379.0,1.0,20.0,242.0,3.1,137.0,1.8,5.0,15.4,2023-08-28,,,,,,,,,,,,,,,,,,,,,,,,,,,,,,,,,,,,,,,,,,,,,,,,,,,,,,,,,,,16,4.3500000000000005,0.2,5,0,0
2022,Damien Harris,D.Harris,00-0035657,NE,RB,RB,48.0,11,90.9,8.263636363636364,73.9,17.0,17,23,97,0,0.0444015444015444,0.006081245439065921,0.07085918840966275,106,462,3,0,0,0,0,0,238.0,0.3409090909090909,0.38193277310924373,8.263636363636364,5.256096027903739,16.700000000000003,0,RB,"https://static.www.nfl.com/image/private/f_auto,q_auto/league/s0cagglk6qh9ciuddjmu",REG,0,0,0,0,0,0,0,,,0,,0,0,0,0,0,0,23,-3.7160809281631373,0,11,8,2,0,0,0,25,86,4,-5.194687074952526,0,3,0,0,0,3.88,0,0,0,0,0,0,0,0.0,0.0,0,0,0,0,0,0,0,0,0,0,0,0,0,0,0,0,0,0,0,0,0,0,0,0,0,0,0,0,0,0,0,0,0,,,0,0,0,0,0,0,0,0,0,0,0,0,,,,0,0,0,0,0,0,0,,0,0,0,0,,0,0,,0,0,0,0,0,0,0,0,0,0,,,,,,,,,,,,,,,,,,,,,,,,,,,,,,,,,,,,,,,,,,,,,,,,,,,,,,,,,,,,,,,,,,,,,,,,,,,,,,,,,,,,,,,,,,,,,,,,,,,,,,,,,,,,,,,,,,,,,,,,,,,,,,,,,,,,,,,,,,,,,,,,,,,,00-0035657,HarrDa06,3925347.0,Damien Harris,1997-02-11,71.0,213.0,Alabama,2019.0,3.0,87.0,NE,2019,5,11.0,0.0,0.0,0.0,0.0,2022.0,Damien Harris,NE,25.0,RB,11.0,9.0,23.0,17.0,97.0,0.0,4.0,11.0,0.6,86.0,5.1,1.1,3.0,5.7,2.0,0.087,1.0,63.1,2023-08-28,2022.0,Damien Harris,NE,25.0,RB,11.0,9.0,106.0,462.0,3.0,23.0,304.0,2.9,158.0,1.5,5.0,21.2,2023-08-28,,,,,,,,,,,,,,,,,,,,,,,,,,,,,,,,,,,,,,,,,,,,,,,,,,,,,,,,,,,11,7.800000000000001,1.6,4,2,0
2022,Chuba Hubbard,C.Hubbard,00-0036555,CAR,RB,RB,49.0,14,89.7,6.4071428571428575,75.7,14.0,14,17,171,0,0.03981264637002342,0.0027100271002710027,0.06161598852522483,95,466,2,0,0,0,0,0,275.0,0.30666666666666664,0.3261818181818182,6.4071428571428575,6.066739624405326,18.9,0,RB,"https://static.www.nfl.com/image/upload/f_auto,q_auto/league/rzsvnt0pxsaize2ndhxm",REG,0,0,0,0,0,0,0,,,0,,0,0,0,0,0,0,23,1.7931845982690928,0,10,9,3,0,0,0,9,166,5,1.7687346039204956,0,6,4,2,1,19.0,0,2,1,0,0,0,0,0.0,0.0,0,0,0,0,0,0,0,0,0,0,0,0,0,0,0,0,0,0,2,30,1,1,0,2,1,0,0,5,104,0,0,0,0,,,0,0,0,0,0,0,0,0,0,0,0,0,,,,0,0,0,0,0,0,0,,0,0,0,0,,0,0,,0,0,0,0,0,0,0,0,0,0,,,,,,,,,,,,,,,,,,,,,,,,,,,,,,,,,,,,,,,,,,,,,,,,,,,,,,,,,,,,,,,,,,,,,,,,,,,,,,,,,,,,,,,,,,,,,,,,,,,,,,,,,,,,,,,,,,,,,,,,,,,,,,,,,,,,,,,,,,,,,,,,,,,,00-0036555,HubbCh01,4241416.0,Chuba Hubbard,1999-06-11,73.0,210.0,Oklahoma State,2021.0,4.0,126.0,CAR,2021,6,15.0,0.0,145.0,0.0,0.35533333333333333,2022.0,Chuba Hubbard,CAR,23.0,RB,15.0,2.0,17.0,14.0,171.0,0.0,5.0,29.0,2.1,142.0,10.1,0.5,1.0,14.0,1.0,0.059000000000000004,0.0,108.6,2023-08-28,2022.0,Chuba Hubbard,CAR,23.0,RB,15.0,2.0,95.0,466.0,2.0,23.0,295.0,3.1,171.0,1.8,4.0,23.8,2023-08-28,,,,,,,,,,,,,,,,,,,,,,,,,,,,,,,,,,,,,,,,,,,,,,,,,,,,,,,,,,,14,5.5,0.0,3,2,0
2022,Eno Benjamin,E.Benjamin,00-0036383,NO,RB,RB,50.0,13,89.6,6.892307692307692,64.6,25.0,25,34,193,0,0.05354330708661417,-0.009122502172024326,0.07392920910950423,77,313,2,0,0,0,0,0,339.0,0.31333333333333335,0.26430678466076696,6.892307692307693,6.529989987034377,23.3,1,RB,"https://static.www.nfl.com/image/private/f_auto,q_auto/league/ibizpqkleka4az4mprvz",REG,0,0,0,0,0,0,0,,,0,,0,0,0,0,0,0,14,-0.8726402818136849,1,5,4,1,1,0,0,-42,234,10,3.4273173853957766,0,8,3,1,0,-4.595238095238095,0,1,0,0,0,0,0,0.0,0.0,0,0,0,0,0,0,0,0,0,0,0,0,0,0,0,0,0,0,1,15,0,0,0,0,0,0,0,8,180,0,0,0,0,,,0,0,0,0,0,0,0,0,0,0,0,0,,,,0,0,0,0,0,0,0,,0,0,0,0,,0,0,,0,0,0,0,0,0,0,0,0,0,,,,,,,,,,,,,,,,,,,,,,,,,,,,,,,,,,,,,,,,,,,,,,,,,,,,,,,,,,,,,,,,,,,,,,,,,,,,,,,,,,,,,,,,,,,,,,,,,,,,,,,,,,,,,,,,,,,,,,,,,,,,,,,,,,,,,,,,,,,,,,,,,,,,00-0036383,BenjEn00,4242873.0,Eno Benjamin,1999-04-13,69.0,207.0,Arizona State,2020.0,7.0,222.0,ARI,2020,4,15.0,0.0,52.0,0.0,0.14266666666666666,2022.0,Eno Benjamin,3TM,23.0,,15.0,3.0,34.0,25.0,193.0,0.0,10.0,-41.0,-1.6,234.0,9.4,-1.2,3.0,8.3,3.0,0.08800000000000001,0.0,87.0,2023-08-28,2022.0,Eno Benjamin,3TM,23.0,,15.0,3.0,77.0,313.0,2.0,14.0,160.0,2.1,153.0,2.0,7.0,11.0,2023-08-28,,,,,,,,,,,,,,,,,,,,,,,,,,,,,,,,,,,,,,,,,,,,,,,,,,,,,,,,,,,13,5.5,0.0,2,1,0
2022,James Robinson,J.Robinson,00-0035831,NYJ,RB,RB,51.0,11,88.6,8.054545454545455,77.6,11.0,11,14,51,2,0.024390243902439025,0.00022977941176470588,0.036746211441893835,110,425,3,0,0,0,0,0,272.0,0.37545454545454543,0.325735294117647,8.054545454545455,7.897007488455819,20.6,1,RB,"https://static.www.nfl.com/image/upload/f_auto,q_auto/league/htviio8mhknq9cennrdq",REG,0,0,0,0,0,0,0,,,0,,0,0,0,0,1,0,22,-14.688569113553967,0,9,7,4,1,0,0,1,63,5,1.595253336126916,0,2,0,0,0,51.0,0,0,0,0,0,0,0,0.0,0.0,0,0,0,0,0,0,0,0,0,0,0,0,0,0,0,0,0,0,0,0,1,0,0,1,0,0,0,0,0,0,0,0,0,,,0,0,0,0,0,0,0,0,0,0,0,0,,,,0,0,0,0,0,0,0,,0,0,0,0,,0,0,,0,0,0,0,0,0,0,0,0,0,,,,,,,,,,,,,,,,,,,,,,,,,,,,,,,,,,,,,,,,,,,,,,,,,,,,,,,,,,,,,,,,,,,,,,,,,,,,,,,,,,,,,,,,,,,,,,,,,,,,,,,,,,,,,,,,,,,,,,,,,,,,,,,,,,,,,,,,,,,,,,,,,,,,00-0035831,RobiJa00,4052042.0,James Robinson,1998-08-09,69.0,219.0,Illinois State,,,,,2020,4,11.0,0.0,0.0,0.0,0.0,2022.0,James Robinson,2TM,24.0,RB,11.0,5.0,14.0,11.0,51.0,2.0,5.0,-6.0,-0.5,57.0,5.2,0.5,0.0,,0.0,0.0,0.0,121.4,2023-08-28,2022.0,James Robinson,2TM,24.0,RB,11.0,5.0,110.0,425.0,3.0,22.0,288.0,2.6,137.0,1.2,6.0,18.3,2023-08-28,,,,,,,,,,,,,,,,,,,,,,,,,,,,,,,,,,,,,,,,,,,,,,,,,,,,,,,,,,,11,5.9,0.0,4,3,0
2022,Alexander Mattison,A.Mattison,00-0034972,MIN,RB,RB,52.0,17,88.4,5.2,73.4,15.0,15,18,91,1,0.028081123244929798,-0.006580259222333001,0.037515503411761596,74,283,5,0,0,0,0,0,297.0,0.25470588235294117,0.29764309764309765,5.2,5.204565303654092,19.0,0,RB,"https://static.www.nfl.com/image/upload/f_auto,q_auto/league/mbcaep8diu9yuo3qrtiz",REG,0,0,0,0,0,0,0,,,0,,0,0,0,0,0,0,21,0.3825849905551877,0,9,4,0,0,0,0,-33,121,4,4.290313577837184,0,3,1,0,0,-2.757575757575758,0,0,0,0,0,0,0,0.0,0.0,0,0,0,0,0,0,0,0,0,0,0,0,0,0,0,0,0,0,0,0,0,0,0,0,0,0,0,0,0,0,0,0,0,,,0,0,0,0,0,0,0,0,0,0,0,0,,,,0,0,0,0,0,0,0,,0,0,0,0,,0,0,,0,0,0,0,0,0,0,0,0,0,A.Mattison,Alexander Mattison,RB,RB,"https://static.www.nfl.com/image/upload/f_auto,q_auto/league/mbcaep8diu9yuo3qrtiz",2022.0,POST,MIN,1.0,0.0,0.0,0.0,0.0,0.0,0.0,0.0,0.0,0.0,0.0,0.0,0.0,,,0.0,,0.0,0.0,0.0,0.0,0.0,0.0,0.0,0.0,0.0,0.0,,0.0,0.0,0.0,0.0,0.0,1.0,1.0,2.0,0.0,0.0,0.0,-5.0,7.0,0.0,-0.16415667347609997,0.0,0.0,0.0,0.0,0.0,-0.4,0.02564102564102564,-0.019083969465648856,0.025102759835584264,0.0,0.0,0.0,0.0,0.0,0.0,0.0,0.0,0.0,0.0,0.0,0.0,0.0,0.0,0.0,0.0,0.0,0.0,0.0,0.0,0.0,0.0,0.0,0.0,0.0,0.0,0.0,0.0,0.0,0.0,0.0,0.0,0.0,0.0,0.0,0.0,0.0,0.0,0.0,0.0,0.0,0.0,,,0.0,0.0,0.0,0.0,0.0,0.0,0.0,0.0,0.0,0.0,0.0,0.0,,,,0.0,0.0,0.0,0.0,0.0,0.0,0.0,,0.0,0.0,0.0,0.0,,0.0,0.0,,0.0,0.0,0.0,0.0,0.0,0.0,0.0,0.0,0.0,0.0,0.2,1.2,00-0034972,MattAl01,4048244.0,Alexander Mattison,1998-06-19,71.0,220.0,Boise State,2019.0,3.0,102.0,MIN,2019,7,17.0,0.0,47.0,0.0,0.09352941176470589,2022.0,Alexander Mattison,MIN,24.0,RB,17.0,0.0,18.0,15.0,91.0,1.0,4.0,-30.0,-2.0,121.0,8.1,-1.8,2.0,7.5,2.0,0.111,0.0,106.2,2023-08-28,2022.0,Alexander Mattison,MIN,24.0,RB,17.0,0.0,74.0,283.0,5.0,21.0,171.0,2.3,112.0,1.5,6.0,12.3,2023-08-28,,,,,,,,,,,,,,,,,,,,,,,,,,,,,,,,,,,,,,,,,,,,,,,,,,,,,,,,,,,17,3.6,-0.1,3,1,0
2022,Kenny Gainwell,K.Gainwell,00-0036919,PHI,RB,RB,53.0,17,87.9,5.170588235294118,64.9,23.0,23,29,169,0,0.05742574257425743,0.007879333633498424,0.09165414740483505,53,240,4,0,0,0,0,0,331.0,0.27999999999999997,0.265558912386707,5.170588235294118,4.264352926570799,12.8,0,RB,"https://static.www.nfl.com/image/upload/f_auto,q_auto/league/eo62l8ec8e3lzt86ihth",REG,0,0,0,0,0,0,0,,,0,,0,0,0,0,0,0,17,7.87665731620579,0,7,1,0,0,0,0,35,146,7,-5.372129849546853,0,6,1,1,0,4.828571428571428,0,0,0,0,0,0,0,0.0,0.0,0,0,0,0,0,0,0,0,0,0,0,0,0,0,0,0,0,0,0,0,0,0,0,0,0,0,0,0,0,0,0,0,0,,,0,0,0,0,0,0,0,0,0,0,0,0,,,,0,0,0,0,0,0,0,,0,0,0,0,,0,0,,0,0,0,0,0,0,0,0,0,0,K.Gainwell,Kenny Gainwell,RB,RB,"https://static.www.nfl.com/image/upload/f_auto,q_auto/league/eo62l8ec8e3lzt86ihth",2022.0,POST,PHI,3.0,0.0,0.0,0.0,0.0,0.0,0.0,0.0,0.0,0.0,0.0,0.0,0.0,,,0.0,,0.0,0.0,0.0,0.0,33.0,181.0,1.0,0.0,0.0,13.0,13.508517261602469,0.0,7.0,7.0,1.0,0.0,7.0,9.0,55.0,0.0,0.0,0.0,-7.0,53.0,1.0,4.477978044164624,0.0,1.0,1.0,0.0,0.0,-7.857142857142857,0.10975609756097561,-0.008849557522123894,0.1584394560759767,0.0,0.0,0.0,0.0,0.0,0.0,0.0,0.0,0.0,0.0,0.0,0.0,0.0,0.0,0.0,0.0,0.0,0.0,0.0,0.0,0.0,0.0,0.0,0.0,0.0,0.0,0.0,0.0,0.0,0.0,0.0,0.0,0.0,0.0,0.0,0.0,1.0,11.0,0.0,0.0,0.0,0.0,,,0.0,0.0,0.0,0.0,0.0,0.0,0.0,0.0,0.0,0.0,0.0,0.0,,,,0.0,0.0,0.0,0.0,0.0,0.0,0.0,,0.0,0.0,0.0,0.0,,0.0,0.0,,0.0,0.0,0.0,0.0,0.0,0.0,0.0,0.0,0.0,0.0,29.6,36.6,00-0036919,GainKe00,4371733.0,Kenny Gainwell,1999-03-14,69.0,200.0,Memphis,2021.0,5.0,150.0,PHI,2021,6,17.0,0.0,43.0,0.0,0.0976470588235294,2022.0,Kenneth Gainwell,PHI,23.0,RB,17.0,0.0,29.0,23.0,169.0,0.0,7.0,28.0,1.2,141.0,6.1,1.4,3.0,7.7,2.0,0.069,1.0,76.6,2023-08-28,2022.0,Kenneth Gainwell,PHI,23.0,RB,17.0,0.0,53.0,240.0,4.0,17.0,169.0,3.2,71.0,1.3,2.0,26.5,2023-08-28,,,,,,,,,,,,,,,,,,,,,,,,,,,,,,,,,,,,,,,,,,,,,,,,,,,,,,,,,,,17,3.4000000000000004,0.0,3,0,0
2022,Melvin Gordon,M.Gordon,00-0032144,DEN,RB,RB,54.0,10,87.1,8.709999999999999,62.099999999999994,25.0,25,32,223,0,0.059149722735674676,0.004601840736294518,0.09194587261891818,90,318,2,0,0,0,0,0,284.0,0.40800000000000003,0.3066901408450704,8.709999999999999,5.771086937869195,16.5,0,RB,"https://static.www.nfl.com/image/private/f_auto,q_auto/league/i4g8x7yotpgszlyanow0",REG,0,0,0,0,0,0,0,,,0,,0,0,0,0,4,2,15,-29.615228895578124,0,4,2,0,0,1,0,23,206,11,1.0003796159971676,0,10,4,3,0,9.695652173913043,0,0,0,0,0,0,0,0.0,0.0,0,0,0,0,0,0,0,0,0,0,0,0,0,1,0,0,0,0,2,25,5,0,0,5,2,0,0,0,0,0,0,0,0,,,0,0,0,0,0,0,0,0,0,0,0,0,,,,0,0,0,0,0,0,0,,0,0,0,0,,0,0,,0,0,0,0,0,0,0,0,0,0,,,,,,,,,,,,,,,,,,,,,,,,,,,,,,,,,,,,,,,,,,,,,,,,,,,,,,,,,,,,,,,,,,,,,,,,,,,,,,,,,,,,,,,,,,,,,,,,,,,,,,,,,,,,,,,,,,,,,,,,,,,,,,,,,,,,,,,,,,,,,,,,,,,,00-0032144,GordMe00,2576434.0,Melvin Gordon,1993-04-13,73.0,215.0,Wisconsin,2015.0,1.0,15.0,LAC,2015,9,10.0,0.0,0.0,0.0,0.0,2022.0,Melvin Gordon,DEN,29.0,RB,10.0,6.0,32.0,25.0,223.0,0.0,11.0,17.0,0.7,206.0,8.2,0.7,1.0,25.0,3.0,0.094,0.0,95.7,2023-08-28,2022.0,Melvin Gordon,DEN,29.0,RB,10.0,6.0,90.0,318.0,2.0,15.0,168.0,1.9,150.0,1.7,5.0,18.0,2023-08-28,,,,,,,,,,,,,,,,,,,,,,,,,,,,,,,,,,,,,,,,,,,,,,,,,,,,,,,,,,,10,9.1,-1.2,5,1,0
2022,Deon Jackson,D.Jackson,00-0036493,IND,RB,RB,55.0,12,84.5,7.041666666666667,54.5,30.0,30,34,209,1,0.05872193436960276,-0.004430544696377378,0.08498152026693997,68,236,1,0,0,0,0,0,250.0,0.22,0.338,7.041666666666667,8.742940875444324,28.1,1,RB,"https://static.www.nfl.com/image/private/f_auto,q_auto/league/wvi0pz27h6t7gfjujxis",REG,0,0,0,0,0,0,0,,,0,,0,0,0,0,1,1,13,-15.613186295582791,0,6,5,0,0,0,0,-17,228,10,-8.54644934029784,0,9,5,4,0,-12.294117647058824,0,1,0,0,0,0,0,0.0,0.0,0,0,0,0,0,0,0,0,0,0,0,0,0,0,0,0,0,0,1,10,1,0,0,1,1,0,0,0,0,0,0,0,0,,,0,0,0,0,0,0,0,0,0,0,0,0,,,,0,0,0,0,0,0,0,,0,0,0,0,,0,0,,0,0,0,0,0,0,0,0,0,0,,,,,,,,,,,,,,,,,,,,,,,,,,,,,,,,,,,,,,,,,,,,,,,,,,,,,,,,,,,,,,,,,,,,,,,,,,,,,,,,,,,,,,,,,,,,,,,,,,,,,,,,,,,,,,,,,,,,,,,,,,,,,,,,,,,,,,,,,,,,,,,,,,,,00-0036493,JackDe02,4240455.0,Deon Jackson,1999-02-18,72.0,218.0,Duke,,,,,2021,3,16.0,0.0,140.0,0.0,0.33625,2022.0,Deon Jackson,IND,23.0,RB,16.0,2.0,34.0,30.0,209.0,1.0,10.0,-19.0,-0.6,228.0,7.6,-0.5,3.0,10.0,1.0,0.028999999999999998,1.0,89.8,2023-08-28,2022.0,Deon Jackson,IND,23.0,RB,16.0,2.0,68.0,236.0,1.0,13.0,136.0,2.0,100.0,1.5,1.0,68.0,2023-08-28,,,,,,,,,,,,,,,,,,,,,,,,,,,,,,,,,,,,,,,,,,,,,,,,,,,,,,,,,,,12,4.45,-0.4,4,2,1
2022,Nyheim Hines,N.Hines,00-0034367,BUF,RB,RB,56.0,16,81.4,5.0875,51.400000000000006,30.0,30,37,241,1,0.06390328151986183,0.03023195204586917,0.11701728871190116,24,33,1,0,0,0,0,0,208.0,0.193125,0.3913461538461539,5.0875,4.676448082323449,12.9,0,RB,"https://static.www.nfl.com/image/upload/f_auto,q_auto/league/ud1q6gh3tlkiy2w90gvm",REG,0,0,0,0,0,0,0,,,0,,0,0,0,0,0,0,2,-13.298094816379058,0,0,0,0,0,0,0,116,190,11,12.350093609122894,0,7,3,2,0,2.0775862068965516,2,2,0,0,0,0,0,0.0,0.0,0,0,0,0,0,2,0,0,0,0,0,0,0,2,0,0,0,0,0,0,1,1,0,2,0,27,264,19,554,0,0,0,0,,,0,0,0,0,0,0,0,0,0,0,0,0,,,,0,0,0,0,0,0,0,,0,0,0,0,,0,0,,0,0,0,0,0,0,0,0,0,0,N.Hines,Nyheim Hines,RB,RB,"https://static.www.nfl.com/image/upload/f_auto,q_auto/league/ud1q6gh3tlkiy2w90gvm",2022.0,POST,BUF,2.0,0.0,0.0,0.0,0.0,0.0,0.0,0.0,0.0,0.0,0.0,0.0,0.0,,,0.0,,0.0,0.0,0.0,0.0,0.0,0.0,0.0,0.0,0.0,0.0,,0.0,0.0,0.0,0.0,0.0,2.0,3.0,11.0,0.0,0.0,0.0,14.0,4.0,0.0,-0.05876888753846288,0.0,0.0,0.0,0.0,0.0,0.7857142857142857,0.03896103896103896,0.014141414141414142,0.06834054834054834,0.0,0.0,0.0,0.0,0.0,0.0,0.0,0.0,0.0,0.0,0.0,0.0,0.0,0.0,1.0,0.0,0.0,0.0,0.0,0.0,0.0,0.0,0.0,0.0,0.0,0.0,0.0,0.0,0.0,0.0,1.0,0.0,1.0,0.0,3.0,17.0,6.0,146.0,0.0,0.0,0.0,0.0,,,0.0,0.0,0.0,0.0,0.0,0.0,0.0,0.0,0.0,0.0,0.0,0.0,,,,0.0,0.0,0.0,0.0,0.0,0.0,0.0,,0.0,0.0,0.0,0.0,,0.0,0.0,,0.0,0.0,0.0,0.0,0.0,0.0,0.0,0.0,0.0,0.0,1.1,3.1,00-0034367,HineNy00,3916430.0,Nyheim Hines,1996-11-12,69.0,196.0,N.C. State,2018.0,4.0,104.0,IND,2018,6,16.0,0.0,113.0,0.0,0.255625,2022.0,Nyheim Hines,2TM,26.0,RB,16.0,5.0,37.0,30.0,241.0,1.0,11.0,51.0,1.7,190.0,6.3,3.1,3.0,10.0,2.0,0.054000000000000006,0.0,102.8,2023-08-28,2022.0,Nyheim Hines,2TM,26.0,RB,16.0,5.0,24.0,33.0,1.0,2.0,24.0,1.0,9.0,0.4,0.0,,2023-08-28,,,,,,,,,,,,,,,,,,,,,,,,,,,,,,,,,,,,,,,,,,,,,,,,,,,,,,,,,,,16,2.55,-0.8,3,0,0
2022,J.K. Dobbins,J.Dobbins,00-0036158,BAL,RB,RB,57.0,8,81.2,10.15,74.2,7.0,7,8,42,1,0.017204301075268817,0.000996512207274539,0.026504010157995403,92,520,2,0,0,0,0,0,202.0,0.41875,0.401980198019802,10.15,7.235428706816796,22.3,1,RB,"https://static.www.nfl.com/image/upload/f_auto,q_auto/league/cevotvl3ho5h1mioruyg",REG,0,0,0,0,0,0,0,,,0,,0,0,0,0,0,0,26,9.095251672691354,0,16,14,4,1,0,0,4,39,3,0.11823163681676263,0,2,1,1,0,10.5,0,0,0,0,0,0,0,0.0,0.0,0,0,0,0,0,0,0,0,0,0,0,0,0,0,0,0,0,0,0,0,0,0,0,0,0,0,0,0,0,0,0,0,0,,,0,0,0,0,0,0,0,0,0,0,0,0,,,,0,0,0,0,0,0,0,,0,0,0,0,,0,0,,0,0,0,0,0,0,0,0,0,0,J.Dobbins,J.K. Dobbins,RB,RB,"https://static.www.nfl.com/image/upload/f_auto,q_auto/league/cevotvl3ho5h1mioruyg",2022.0,POST,BAL,1.0,0.0,0.0,0.0,0.0,0.0,0.0,0.0,0.0,0.0,0.0,0.0,0.0,,,0.0,,0.0,0.0,0.0,0.0,13.0,62.0,0.0,0.0,0.0,3.0,-0.7594846017891541,0.0,3.0,2.0,0.0,0.0,4.0,5.0,43.0,1.0,0.0,0.0,6.0,39.0,3.0,4.415074426971842,0.0,2.0,1.0,1.0,0.0,7.166666666666667,0.17857142857142858,0.031413612565445025,0.28984667165295436,0.0,0.0,0.0,0.0,0.0,0.0,0.0,0.0,0.0,0.0,0.0,0.0,0.0,0.0,0.0,0.0,0.0,0.0,0.0,0.0,0.0,0.0,0.0,0.0,0.0,0.0,0.0,0.0,0.0,0.0,0.0,0.0,0.0,0.0,0.0,0.0,0.0,0.0,0.0,0.0,0.0,0.0,,,0.0,0.0,0.0,0.0,0.0,0.0,0.0,0.0,0.0,0.0,0.0,0.0,,,,0.0,0.0,0.0,0.0,0.0,0.0,0.0,,0.0,0.0,0.0,0.0,,0.0,0.0,,0.0,0.0,0.0,0.0,0.0,0.0,0.0,0.0,0.0,0.0,16.5,20.5,00-0036158,DobbJK00,4241985.0,J.K. Dobbins,1998-12-17,70.0,212.0,Ohio State,2020.0,2.0,55.0,BAL,2020,7,8.0,0.0,0.0,0.0,0.0,2022.0,JK Dobbins,BAL,24.0,RB,8.0,8.0,8.0,7.0,42.0,1.0,3.0,3.0,0.4,39.0,5.6,0.5,1.0,7.0,0.0,0.0,0.0,128.1,2023-08-28,2022.0,JK Dobbins,BAL,24.0,RB,8.0,8.0,92.0,520.0,2.0,26.0,319.0,3.5,201.0,2.2,9.0,10.2,2023-08-28,,,,,,,,,,,,,,,,,,,,,,,,,,,,,,,,,,,,,,,,,,,,,,,,,,,,,,,,,,,8,7.65,1.5,3,2,0
2022,Dontrell Hilliard,D.Hilliard,00-0034253,TEN,RB,RB,58.0,12,77.2,6.433333333333334,56.2,21.0,21,26,177,4,0.05963302752293578,0.010933557611438183,0.0971030316124104,22,145,0,0,0,0,0,0,200.0,0.2816666666666667,0.386,6.433333333333334,6.240240865592133,21.9,1,RB,"https://static.www.nfl.com/image/private/f_auto,q_auto/league/ukhyslngeuojxkjqfq9f",REG,0,0,0,0,0,0,0,,,0,,0,0,0,0,0,0,4,0.6072782963523635,0,5,2,2,0,0,0,39,151,8,5.730506802088248,0,7,3,3,0,4.538461538461538,0,3,1,3,0,0,0,0.0,0.0,0,0,0,0,0,0,0,0,0,0,0,0,0,0,0,0,0,0,1,9,0,0,0,0,0,2,4,1,23,0,0,0,0,,,0,0,0,0,0,0,0,0,0,0,0,0,,,,0,0,0,0,0,0,0,,0,0,0,0,,0,0,,0,0,0,0,0,0,0,0,0,0,,,,,,,,,,,,,,,,,,,,,,,,,,,,,,,,,,,,,,,,,,,,,,,,,,,,,,,,,,,,,,,,,,,,,,,,,,,,,,,,,,,,,,,,,,,,,,,,,,,,,,,,,,,,,,,,,,,,,,,,,,,,,,,,,,,,,,,,,,,,,,,,,,,,00-0034253,HillDo00,3126246.0,Dontrell Hilliard,1995-02-26,71.0,202.0,Tulane,,,,,2018,5,12.0,0.0,117.0,0.0,0.35833333333333334,2022.0,Dontrell Hilliard,TEN,27.0,RB,12.0,1.0,26.0,21.0,177.0,4.0,8.0,26.0,1.2,151.0,7.2,1.5,0.0,,3.0,0.115,0.0,134.6,2023-08-28,2022.0,Dontrell Hilliard,TEN,27.0,RB,12.0,1.0,22.0,145.0,0.0,4.0,109.0,5.0,36.0,1.6,0.0,,2023-08-28,,,,,,,,,,,,,,,,,,,,,,,,,,,,,,,,,,,,,,,,,,,,,,,,,,,,,,,,,,,12,5.15,0.0,3,1,0
2022,Chase Edmonds,C.Edmonds,00-0034681,DEN,RB,RB,59.0,13,74.2,5.707692307692308,58.2,16.0,16,24,157,1,0.042704626334519574,0.009398496240601503,0.07063588687020042,68,245,2,0,0,0,0,0,297.0,0.3507692307692307,0.24983164983164985,5.707692307692308,4.775887620547887,15.7,0,RB,"https://static.www.nfl.com/image/upload/f_auto,q_auto/league/nbnqxhjafvg2vg6lc2ls",REG,0,0,0,0,0,0,0,,,0,,0,0,0,0,0,0,8,-15.705972078634659,0,5,3,3,0,0,0,50,113,7,5.059574326597328,0,7,2,1,0,3.14,0,1,0,0,0,0,0,0.0,0.0,0,0,0,0,0,0,0,0,0,0,0,0,0,0,0,0,0,0,1,10,0,0,0,0,0,0,0,0,0,0,0,0,0,,,0,0,0,0,0,0,0,0,0,0,0,0,,,,0,0,0,0,0,0,0,,0,0,0,0,,0,0,,0,0,0,0,0,0,0,0,0,0,,,,,,,,,,,,,,,,,,,,,,,,,,,,,,,,,,,,,,,,,,,,,,,,,,,,,,,,,,,,,,,,,,,,,,,,,,,,,,,,,,,,,,,,,,,,,,,,,,,,,,,,,,,,,,,,,,,,,,,,,,,,,,,,,,,,,,,,,,,,,,,,,,,,00-0034681,EdmoCh00,3119195.0,Chase Edmonds,1996-04-13,69.0,201.0,Fordham,2018.0,4.0,134.0,ARI,2018,8,13.0,0.0,10.0,0.0,0.02692307692307692,2022.0,Chase Edmonds,2TM,26.0,RB,13.0,3.0,24.0,16.0,157.0,1.0,7.0,44.0,2.8,113.0,7.1,2.1,4.0,4.0,4.0,0.16699999999999998,0.0,98.8,2023-08-28,2022.0,Chase Edmonds,2TM,26.0,RB,13.0,3.0,68.0,245.0,2.0,8.0,154.0,2.3,91.0,1.3,0.0,,2023-08-28,,,,,,,,,,,,,,,,,,,,,,,,,,,,,,,,,,,,,,,,,,,,,,,,,,,,,,,,,,,13,5.1,0.1,4,1,0
2022,Darrell Henderson,D.Henderson,00-0035664,LA,RB,RB,60.0,10,73.5,7.35,56.5,17.0,17,22,102,0,0.0425531914893617,0.007543103448275862,0.06910995964783564,70,283,3,0,0,0,0,0,331.0,0.5279999999999999,0.22205438066465258,7.35,4.2230189306808565,13.2,0,RB,"https://static.www.nfl.com/image/private/f_auto,q_auto/league/trvk8n0wjne7edxbajgw",REG,0,0,0,0,0,0,0,,,0,,0,0,0,0,0,0,14,1.4412576951340257,0,5,4,1,0,0,0,28,110,5,-2.261365839134669,0,3,0,0,0,3.642857142857143,0,1,0,0,0,0,0,0.0,0.0,0,0,0,0,0,0,0,0,0,0,0,0,0,1,0,0,0,0,0,0,0,0,0,0,0,0,0,0,0,0,0,0,0,,,0,0,0,0,0,0,0,0,0,0,0,0,,,,0,0,0,0,0,0,0,,0,0,0,0,,0,0,,0,0,0,0,0,0,0,0,0,0,,,,,,,,,,,,,,,,,,,,,,,,,,,,,,,,,,,,,,,,,,,,,,,,,,,,,,,,,,,,,,,,,,,,,,,,,,,,,,,,,,,,,,,,,,,,,,,,,,,,,,,,,,,,,,,,,,,,,,,,,,,,,,,,,,,,,,,,,,,,,,,,,,,,00-0035664,HendDa00,4039359.0,Darrell Henderson,1997-08-19,68.0,208.0,Memphis,2019.0,3.0,70.0,LA,2019,5,10.0,0.0,0.0,0.0,0.0,2022.0,Darrell Henderson,LA,25.0,RB,10.0,7.0,22.0,17.0,102.0,0.0,5.0,-8.0,-0.5,110.0,6.5,1.3,0.0,,0.0,0.0,0.0,85.8,2023-08-28,2022.0,Darrell Henderson,LA,25.0,RB,10.0,7.0,70.0,283.0,3.0,14.0,185.0,2.6,98.0,1.4,2.0,35.0,2023-08-28,,,,,,,,,,,,,,,,,,,,,,,,,,,,,,,,,,,,,,,,,,,,,,,,,,,,,,,,,,,10,6.95,0.9,4,0,0
2022,Rex Burkhead,R.Burkhead,00-0030288,HOU,RB,RB,61.0,15,71.4,4.760000000000001,34.400000000000006,37.0,37,51,204,1,0.0913978494623656,0.01720972923359339,0.14914358465706376,26,80,0,0,1,0,0,0,260.0,0.25875,0.27461538461538465,4.760000000000001,4.042417946865818,14.9,0,RB,"https://static.www.nfl.com/image/private/f_auto,q_auto/league/ysgdnkasvp07qmrkasve",REG,0,0,0,0,7,0,0,-0.45197261590510607,-65.9179151058197,0,0.0,0,0,0,0,0,0,4,-6.8097426585736685,0,0,0,0,0,0,0,75,214,8,-23.890382683779666,0,4,1,0,0,2.72,0,2,0,0,0,0,0,0.0,0.0,0,0,0,0,0,0,0,0,0,0,0,0,0,1,0,0,0,1,0,0,0,0,0,0,0,0,0,0,0,0,0,0,0,,,0,0,0,0,0,0,0,0,0,0,0,0,,,,0,0,0,0,0,0,0,,0,0,0,0,,0,0,,0,0,0,0,0,0,0,0,0,0,,,,,,,,,,,,,,,,,,,,,,,,,,,,,,,,,,,,,,,,,,,,,,,,,,,,,,,,,,,,,,,,,,,,,,,,,,,,,,,,,,,,,,,,,,,,,,,,,,,,,,,,,,,,,,,,,,,,,,,,,,,,,,,,,,,,,,,,,,,,,,,,,,,,00-0030288,BurkRe00,15971.0,Rex Burkhead,1990-07-02,70.0,215.0,Nebraska,2013.0,6.0,190.0,CIN,2013,10,16.0,0.0,17.0,0.0,0.037500000000000006,2022.0,Rex Burkhead,HOU,32.0,RB,16.0,0.0,51.0,37.0,204.0,1.0,8.0,0.0,0.0,204.0,5.5,1.3,1.0,37.0,1.0,0.02,1.0,77.6,2023-08-28,2022.0,Rex Burkhead,HOU,32.0,RB,16.0,0.0,26.0,80.0,0.0,4.0,49.0,1.9,31.0,1.2,2.0,13.0,2023-08-28,Rex Burkhead,HOU,1.0,0.0,0.0,0.0,0.0,1.0,100.0,2022.0,1.0,1.0,0.0,0.0,0.0,0.0,0.0,0.0,0.0,0.0,0.0,0.0,0.0,0.0,0.0,1.0,0.0,,,,,,,,,,,,,,,,,,,,,,,,,,,,,,,,15,3.7,1.1,2,0,0
2022,JaMycal Hasty,J.Hasty,00-0035806,JAX,RB,RB,62.0,14,70.0,5.0,50.0,20.0,20,26,126,1,0.04529616724738676,-0.0078125,0.062475500871080135,46,194,2,0,0,0,0,0,222.0,0.20470588235294118,0.3153153153153153,5.0,6.651546957142896,20.5,1,RB,"https://static.www.nfl.com/image/upload/f_auto,q_auto/league/stvclosmy6zi864kfxw7",REG,0,0,0,0,0,0,0,,,0,,0,0,0,0,0,0,7,-7.001697056461126,0,6,4,1,1,0,0,-34,134,7,5.571410241699992,0,5,2,2,0,-3.7058823529411766,0,0,0,1,0,0,0,0.0,0.0,0,0,0,0,0,0,0,0,0,0,0,0,0,0,0,0,0,0,1,5,0,0,0,0,0,0,0,4,97,0,0,0,0,,,0,0,0,0,0,0,0,0,0,0,0,0,,,,0,0,0,0,0,0,0,,0,0,0,0,,0,0,,0,0,0,0,0,0,0,0,0,0,J.Hasty,JaMycal Hasty,RB,RB,"https://static.www.nfl.com/image/upload/f_auto,q_auto/league/stvclosmy6zi864kfxw7",2022.0,POST,JAX,1.0,0.0,0.0,0.0,0.0,0.0,0.0,0.0,0.0,0.0,0.0,0.0,0.0,,,0.0,,0.0,0.0,0.0,0.0,4.0,36.0,0.0,0.0,0.0,1.0,1.3147479417966679,0.0,1.0,1.0,1.0,0.0,1.0,2.0,7.0,0.0,0.0,0.0,3.0,13.0,1.0,-0.8122375895618461,0.0,0.0,0.0,0.0,0.0,2.3333333333333335,0.023809523809523808,0.004573170731707317,0.03891550522648084,0.0,0.0,0.0,0.0,0.0,0.0,0.0,0.0,0.0,0.0,0.0,0.0,0.0,0.0,0.0,0.0,0.0,0.0,0.0,0.0,0.0,0.0,0.0,0.0,0.0,0.0,0.0,0.0,0.0,0.0,0.0,0.0,0.0,0.0,0.0,0.0,0.0,0.0,0.0,0.0,0.0,0.0,,,0.0,0.0,0.0,0.0,0.0,0.0,0.0,0.0,0.0,0.0,0.0,0.0,,,,0.0,0.0,0.0,0.0,0.0,0.0,0.0,,0.0,0.0,0.0,0.0,,0.0,0.0,,0.0,0.0,0.0,0.0,0.0,0.0,0.0,0.0,0.0,0.0,4.3,5.3,00-0035806,HastJa02,3928925.0,JaMycal Hasty,1996-09-12,68.0,205.0,Baylor,,,,,2020,6,17.0,0.0,156.0,0.0,0.3723529411764706,2022.0,JaMycal Hasty,JAX,26.0,RB,17.0,0.0,26.0,20.0,126.0,1.0,7.0,-3.0,-0.2,129.0,6.5,-1.1,4.0,5.0,3.0,0.115,0.0,99.2,2023-08-28,2022.0,JaMycal Hasty,JAX,26.0,RB,17.0,0.0,46.0,194.0,2.0,7.0,145.0,3.2,49.0,1.1,5.0,9.2,2023-08-28,,,,,,,,,,,,,,,,,,,,,,,,,,,,,,,,,,,,,,,,,,,,,,,,,,,,,,,,,,,14,2.3,0.0,3,2,0
2022,Joshua Kelley,J.Kelley,00-0036370,LAC,RB,RB,63.0,12,64.80000000000001,5.400000000000001,50.800000000000004,14.000000000000007,14,25,101,0,0.036390101892285295,0.010617120106171201,0.06201713691274778,69,287,2,0,0,0,0,0,270.0,0.2946153846153846,0.24000000000000005,5.400000000000001,4.042726352801581,16.200000000000003,0,RB,"https://static.www.nfl.com/image/private/f_auto,q_auto/league/fsu6gqcltgnofaakmq6u",REG,0,0,0,0,0,0,0,,,0,,0,0,0,0,0,0,16,2.519012289121747,0,6,5,1,0,0,0,48,88,4,-5.558088115241844,0,3,1,1,0,2.1041666666666665,0,0,0,0,0,0,0,0.0,0.0,0,0,0,0,0,0,0,0,0,0,0,0,0,0,0,0,0,0,1,9,0,0,0,0,0,0,0,1,15,0,0,0,0,,,0,0,0,0,0,0,0,0,0,0,0,0,,,,0,0,0,0,0,0,0,,0,0,0,0,,0,0,,0,0,0,0,0,0,0,0,0,0,J.Kelley,Joshua Kelley,RB,RB,"https://static.www.nfl.com/image/private/f_auto,q_auto/league/fsu6gqcltgnofaakmq6u",2022.0,POST,LAC,1.0,0.0,0.0,0.0,0.0,0.0,0.0,0.0,0.0,0.0,0.0,0.0,0.0,,,0.0,,0.0,0.0,0.0,0.0,7.0,20.0,0.0,0.0,0.0,0.0,-1.666861970210448,0.0,0.0,0.0,0.0,0.0,1.0,1.0,8.0,0.0,0.0,0.0,4.0,4.0,0.0,0.01192688848823309,0.0,0.0,0.0,0.0,0.0,2.0,0.023809523809523808,0.016736401673640166,0.04742976688583383,0.0,0.0,0.0,0.0,0.0,0.0,0.0,0.0,0.0,0.0,0.0,0.0,0.0,0.0,0.0,0.0,0.0,0.0,0.0,0.0,0.0,0.0,0.0,0.0,0.0,0.0,0.0,0.0,0.0,0.0,0.0,0.0,0.0,0.0,0.0,0.0,0.0,0.0,0.0,0.0,0.0,0.0,,,0.0,0.0,0.0,0.0,0.0,0.0,0.0,0.0,0.0,0.0,0.0,0.0,,,,0.0,0.0,0.0,0.0,0.0,0.0,0.0,,0.0,0.0,0.0,0.0,,0.0,0.0,,0.0,0.0,0.0,0.0,0.0,0.0,0.0,0.0,0.0,0.0,2.8000000000000003,3.8000000000000003,00-0036370,KellJo01,3910544.0,Joshua Kelley,1997-11-20,71.0,212.0,UCLA,2020.0,4.0,112.0,LAC,2020,5,13.0,0.0,164.0,0.0,0.4623076923076923,2022.0,Joshua Kelley,LAC,25.0,RB,13.0,1.0,25.0,14.0,101.0,0.0,4.0,13.0,0.9,88.0,6.3,1.9,0.0,,5.0,0.2,0.0,65.6,2023-08-28,2022.0,Joshua Kelley,LAC,25.0,RB,13.0,1.0,69.0,287.0,2.0,16.0,165.0,2.4,122.0,1.8,4.0,17.3,2023-08-28,,,,,,,,,,,,,,,,,,,,,,,,,,,,,,,,,,,,,,,,,,,,,,,,,,,,,,,,,,,12,4.25,1.5,2,1,0
2022,Zack Moss,Z.Moss,00-0036251,IND,RB,RB,64.0,13,64.5,4.961538461538462,53.5,11.0,11,13,39,0,0.023593466424682397,-0.0009458948164964056,0.03472807326547611,93,456,1,0,0,0,0,0,249.0,0.29307692307692307,0.25903614457831325,4.961538461538462,5.869630661512197,21.1,1,RB,"https://static.www.nfl.com/image/upload/f_auto,q_auto/league/oxrltdgoquiabhihhgnk",REG,0,0,0,0,0,0,0,,,0,,0,0,0,0,1,1,18,-10.21395823892725,0,11,7,2,1,0,0,-5,42,2,-6.41049449815182,0,0,0,0,0,-7.8,0,0,0,1,0,0,0,0.0,0.0,0,0,0,0,0,0,0,0,0,0,0,0,0,0,0,0,0,0,0,0,1,0,0,1,1,0,0,0,0,0,0,0,0,,,0,0,0,0,0,0,0,0,0,0,0,0,,,,0,0,0,0,0,0,0,,0,0,0,0,,0,0,,0,0,0,0,0,0,0,0,0,0,,,,,,,,,,,,,,,,,,,,,,,,,,,,,,,,,,,,,,,,,,,,,,,,,,,,,,,,,,,,,,,,,,,,,,,,,,,,,,,,,,,,,,,,,,,,,,,,,,,,,,,,,,,,,,,,,,,,,,,,,,,,,,,,,,,,,,,,,,,,,,,,,,,,00-0036251,MossZa00,4035676.0,Zack Moss,1997-12-15,70.0,220.0,Utah,2020.0,3.0,86.0,BUF,2020,5,13.0,0.0,0.0,0.0,0.0,2022.0,Zack Moss,2TM,25.0,RB,13.0,3.0,13.0,11.0,39.0,0.0,2.0,-3.0,-0.3,42.0,3.8,-0.4,2.0,5.5,1.0,0.077,0.0,79.2,2023-08-28,2022.0,Zack Moss,2TM,25.0,RB,13.0,3.0,93.0,456.0,1.0,18.0,263.0,2.8,193.0,2.1,8.0,11.6,2023-08-28,,,,,,,,,,,,,,,,,,,,,,,,,,,,,,,,,,,,,,,,,,,,,,,,,,,,,,,,,,,13,1.8,0.2,1,1,0
2022,Matt Breida,M.Breida,00-0033308,NYG,RB,RB,65.0,17,59.800000000000004,3.51764705882353,39.800000000000004,20.0,20,25,118,0,0.05112474437627812,0.014097180563887222,0.08655514295913823,54,220,1,0,0,0,0,0,264.0,0.2364705882352941,0.22651515151515153,3.5176470588235293,3.1990692580260056,11.0,0,RB,"https://static.www.nfl.com/image/private/f_auto,q_auto/league/rc4m1xw0xmtsrxswd0bg",REG,0,0,0,0,0,0,0,,,0,,0,0,0,0,0,0,13,0.5888761513342615,0,5,4,0,0,0,0,47,100,5,-1.187818937141506,0,5,1,0,0,2.5106382978723403,0,1,1,1,0,0,0,0.0,0.0,0,0,0,0,0,0,0,0,0,0,0,0,0,0,0,0,0,0,2,13,0,0,0,0,0,0,0,0,0,0,0,0,0,,,0,0,0,0,0,0,0,0,0,0,0,0,,,,0,0,0,0,0,0,0,,0,0,0,0,,0,0,,0,0,0,0,0,0,0,0,0,0,M.Breida,Matt Breida,RB,RB,"https://static.www.nfl.com/image/private/f_auto,q_auto/league/rc4m1xw0xmtsrxswd0bg",2022.0,POST,NYG,2.0,0.0,0.0,0.0,0.0,0.0,0.0,0.0,0.0,0.0,0.0,0.0,0.0,,,0.0,,0.0,0.0,0.0,0.0,7.0,31.0,1.0,0.0,0.0,2.0,2.1130745010450482,0.0,0.0,0.0,0.0,0.0,1.0,1.0,19.0,0.0,0.0,0.0,19.0,0.0,1.0,1.159241748508066,0.0,1.0,1.0,0.0,0.0,1.0,0.01694915254237288,0.04578313253012048,0.057471921584643655,0.0,0.0,0.0,0.0,0.0,0.0,0.0,0.0,0.0,0.0,0.0,0.0,0.0,0.0,0.0,0.0,0.0,0.0,0.0,0.0,0.0,0.0,0.0,0.0,0.0,0.0,0.0,0.0,0.0,0.0,0.0,0.0,0.0,0.0,0.0,0.0,0.0,0.0,0.0,0.0,0.0,0.0,,,0.0,0.0,0.0,0.0,0.0,0.0,0.0,0.0,0.0,0.0,0.0,0.0,,,,0.0,0.0,0.0,0.0,0.0,0.0,0.0,,0.0,0.0,0.0,0.0,,0.0,0.0,,0.0,0.0,0.0,0.0,0.0,0.0,0.0,0.0,0.0,0.0,11.0,12.0,00-0033308,BreiMa00,3049916.0,Matt Breida,1995-02-28,70.0,190.0,Georgia Southern,,,,,2017,7,17.0,0.0,178.0,0.0,0.3788235294117647,2022.0,Matt Breida,NYG,27.0,RB,17.0,1.0,25.0,20.0,118.0,0.0,5.0,18.0,0.9,100.0,5.0,1.9,1.0,20.0,1.0,0.04,0.0,86.3,2023-08-28,2022.0,Matt Breida,NYG,27.0,RB,17.0,1.0,54.0,220.0,1.0,13.0,151.0,2.8,69.0,1.3,2.0,27.0,2023-08-28,,,,,,,,,,,,,,,,,,,,,,,,,,,,,,,,,,,,,,,,,,,,,,,,,,,,,,,,,,,17,2.5,-0.4,1,0,0
2022,Gus Edwards,G.Edwards,00-0034184,BAL,RB,RB,66.0,9,59.300000000000004,6.5888888888888895,59.300000000000004,0.0,0,2,0,0,0.004301075268817204,0.0014947683109118087,0.007497950720864072,87,433,3,0,0,0,0,0,159.0,0.27222222222222225,0.3729559748427673,6.5888888888888895,5.678786059635556,18.6,0,RB,"https://static.www.nfl.com/image/upload/f_auto,q_auto/league/dyobqe3w5eypevsk3f2b",REG,0,0,0,0,0,0,0,,,0,,0,0,0,0,1,1,30,-0.02994282904546708,0,13,8,3,0,0,0,6,0,0,-1.012467852095142,0,0,0,0,0,0.0,0,0,0,0,0,0,0,0.0,0.0,0,0,0,0,0,0,0,0,0,0,0,0,0,0,0,0,0,0,0,0,1,0,0,1,1,0,0,0,0,0,0,0,0,,,0,0,0,0,0,0,0,0,0,0,0,0,,,,0,0,0,0,0,0,0,,0,0,0,0,,0,0,,0,0,0,0,0,0,0,0,0,0,G.Edwards,Gus Edwards,RB,RB,"https://static.www.nfl.com/image/upload/f_auto,q_auto/league/dyobqe3w5eypevsk3f2b",2022.0,POST,BAL,1.0,0.0,0.0,0.0,0.0,0.0,0.0,0.0,0.0,0.0,0.0,0.0,0.0,,,0.0,,0.0,0.0,0.0,0.0,12.0,39.0,0.0,0.0,0.0,4.0,1.2542776351911016,0.0,0.0,0.0,0.0,0.0,1.0,1.0,13.0,0.0,0.0,0.0,-5.0,18.0,1.0,1.374897418776527,0.0,1.0,0.0,0.0,0.0,-2.6,0.03571428571428571,-0.02617801047120419,0.03524682124158564,0.0,0.0,0.0,0.0,0.0,0.0,0.0,0.0,0.0,0.0,0.0,0.0,0.0,0.0,0.0,0.0,0.0,0.0,0.0,0.0,0.0,0.0,0.0,0.0,0.0,0.0,0.0,0.0,0.0,0.0,0.0,0.0,0.0,0.0,0.0,0.0,0.0,0.0,0.0,0.0,0.0,0.0,,,0.0,0.0,0.0,0.0,0.0,0.0,0.0,0.0,0.0,0.0,0.0,0.0,,,,0.0,0.0,0.0,0.0,0.0,0.0,0.0,,0.0,0.0,0.0,0.0,,0.0,0.0,,0.0,0.0,0.0,0.0,0.0,0.0,0.0,0.0,0.0,0.0,5.2,6.2,00-0034184,EdwaGu00,3051926.0,Gus Edwards,1995-04-13,73.0,238.0,Rutgers; Miami,,,,,2018,7,9.0,0.0,0.0,0.0,0.0,2022.0,Gus Edwards,BAL,27.0,RB,9.0,4.0,2.0,0.0,0.0,0.0,0.0,0.0,,0.0,,3.0,0.0,,0.0,0.0,0.0,39.6,2023-08-28,2022.0,Gus Edwards,BAL,27.0,RB,9.0,4.0,87.0,433.0,3.0,30.0,248.0,2.9,185.0,2.1,6.0,14.5,2023-08-28,,,,,,,,,,,,,,,,,,,,,,,,,,,,,,,,,,,,,,,,,,,,,,,,,,,,,,,,,,,9,6.5,0.2,1,1,0
2022,Bam Knight,Z.Knight,00-0037157,NYJ,RB,RB,67.0,7,59.0,8.428571428571429,46.0,13.0,13,14,100,0,0.023809523809523808,-0.005799342741156002,0.03165474579547651,85,300,1,0,0,0,0,0,198.0,0.41428571428571426,0.29797979797979796,8.428571428571429,6.642217071057496,16.8,0,RB,"https://static.www.nfl.com/image/upload/f_auto,q_auto/league/mjxnlzlnnwlfqayeybut",REG,0,0,0,0,0,0,0,,,0,,0,0,0,0,1,0,14,-13.8350112856757,0,7,5,1,1,1,0,-30,132,5,4.006584078888409,0,4,1,0,0,-3.3333333333333335,0,0,0,0,0,0,0,0.0,0.0,0,0,0,0,0,0,0,0,0,0,0,0,0,1,0,0,0,0,0,0,1,1,1,2,0,0,0,1,18,0,0,0,0,,,0,0,0,0,0,0,0,0,0,0,0,0,,,,0,0,0,0,0,0,0,,0,0,0,0,,0,0,,0,0,0,0,0,0,0,0,0,0,,,,,,,,,,,,,,,,,,,,,,,,,,,,,,,,,,,,,,,,,,,,,,,,,,,,,,,,,,,,,,,,,,,,,,,,,,,,,,,,,,,,,,,,,,,,,,,,,,,,,,,,,,,,,,,,,,,,,,,,,,,,,,,,,,,,,,,,,,,,,,,,,,,,00-0037157,KnigZo00,4427728.0,Bam Knight,2001-04-11,71.0,209.0,N.C. State,,,,,2022,4,7.0,0.0,16.0,0.0,0.09428571428571428,2022.0,Zonovan Knight,NYJ,21.0,RB,7.0,4.0,14.0,13.0,100.0,0.0,5.0,-32.0,-2.5,132.0,10.2,-2.1,3.0,4.3,0.0,0.0,0.0,96.4,2023-08-28,2022.0,Zonovan Knight,NYJ,21.0,RB,7.0,4.0,85.0,300.0,1.0,14.0,214.0,2.5,86.0,1.0,2.0,42.5,2023-08-28,,,,,,,,,,,,,,,,,,,,,,,,,,,,,,,,,,,,,,,,,,,,,,,,,,,,,,,,,,,7,6.4,2.2,3,2,0
2022,J.D. McKissic,J.McKissic,00-0032602,WAS,RB,RB,68.0,8,55.8,6.975,28.8,26.999999999999996,27,40,173,0,0.07532956685499058,0.011228385358185492,0.1208542200332157,22,95,0,0,0,0,0,0,221.0,0.39125,0.2524886877828054,6.9750000000000005,4.265057360190398,13.3,0,RB,"https://static.www.nfl.com/image/private/f_auto,q_auto/league/zi77vkqwrmklt5ic6lc6",REG,0,0,0,0,0,0,0,,,0,,0,0,0,0,0,0,5,-3.983118694392033,0,2,2,1,0,0,0,50,152,7,-17.796239091711353,1,5,0,0,0,3.46,0,1,0,0,0,0,0,0.0,0.0,0,0,0,0,0,0,0,0,0,0,0,0,0,0,0,0,0,0,0,0,0,0,0,0,0,0,0,0,0,0,0,0,0,,,0,0,0,0,0,0,0,0,0,0,0,0,,,,0,0,0,0,0,0,0,,0,0,0,0,,0,0,,0,0,0,0,0,0,0,0,0,0,,,,,,,,,,,,,,,,,,,,,,,,,,,,,,,,,,,,,,,,,,,,,,,,,,,,,,,,,,,,,,,,,,,,,,,,,,,,,,,,,,,,,,,,,,,,,,,,,,,,,,,,,,,,,,,,,,,,,,,,,,,,,,,,,,,,,,,,,,,,,,,,,,,,00-0032602,McKiJ.00,2572861.0,J.D. McKissic,1993-08-15,70.0,195.0,Arkansas State,,,,,2016,6,8.0,0.0,2.0,0.0,0.00875,2022.0,JD McKissic,WAS,29.0,RB,8.0,0.0,40.0,27.0,173.0,0.0,7.0,21.0,0.8,152.0,5.6,1.3,2.0,13.5,1.0,0.025,2.0,55.5,2023-08-28,2022.0,JD McKissic,WAS,29.0,RB,8.0,0.0,22.0,95.0,0.0,5.0,64.0,2.9,31.0,1.4,1.0,22.0,2023-08-28,,,,,,,,,,,,,,,,,,,,,,,,,,,,,,,,,,,,,,,,,,,,,,,,,,,,,,,,,,,8,8.200000000000001,0.4,2,0,0
2022,Ameer Abdullah,A.Abdullah,00-0032104,LV,RB,RB,69.0,16,54.1,3.38125,29.1,25.0,25,32,211,1,0.05734767025089606,0.017727187908191826,0.09843053691207837,4,20,0,0,0,0,0,0,175.0,0.1611764705882353,0.30914285714285716,3.38125,3.7596486981277035,14.5,0,RB,"https://static.www.nfl.com/image/upload/f_auto,q_auto/league/k8teyeiqchljlm0h5te4",REG,0,0,0,0,0,0,0,,,0,,0,0,0,0,0,0,2,-0.3118092714165157,0,0,0,0,0,0,0,95,195,8,-1.7838534197261198,0,9,3,1,0,2.221052631578947,0,3,1,4,0,0,0,0.0,0.0,0,0,0,0,0,0,0,0,0,0,0,0,0,0,0,0,0,0,1,15,0,0,0,0,0,0,0,26,543,0,0,0,0,,,0,0,0,0,0,0,0,0,0,0,0,0,,,,0,0,0,0,0,0,0,,0,0,0,0,,0,0,,0,0,0,0,0,0,0,0,0,0,,,,,,,,,,,,,,,,,,,,,,,,,,,,,,,,,,,,,,,,,,,,,,,,,,,,,,,,,,,,,,,,,,,,,,,,,,,,,,,,,,,,,,,,,,,,,,,,,,,,,,,,,,,,,,,,,,,,,,,,,,,,,,,,,,,,,,,,,,,,,,,,,,,,00-0032104,AbduAm00,2576336.0,Ameer Abdullah,1993-06-13,69.0,203.0,Nebraska,2015.0,2.0,54.0,DET,2015,12,17.0,0.0,225.0,0.0,0.49470588235294116,2022.0,Ameer Abdullah,LV,29.0,RB,17.0,0.0,32.0,25.0,211.0,1.0,8.0,16.0,0.6,195.0,7.8,3.0,2.0,12.5,1.0,0.031,0.0,104.6,2023-08-28,2022.0,Ameer Abdullah,LV,29.0,RB,17.0,0.0,4.0,20.0,0.0,2.0,13.0,3.3,7.0,1.8,0.0,,2023-08-28,,,,,,,,,,,,,,,,,,,,,,,,,,,,,,,,,,,,,,,,,,,,,,,,,,,,,,,,,,,16,3.0,0.0,1,0,0
2022,Kyle Juszczyk,K.Juszczyk,00-0029892,SF,RB,FB,70.0,13,53.6,4.1230769230769235,34.6,19.0,19,23,200,1,0.04563492063492063,0.018082663605051664,0.08111024547591711,7,26,1,0,0,0,0,0,522.0,0.501875,0.10268199233716475,4.1230769230769235,2.966803511681061,10.2,0,RB,"https://static.www.nfl.com/image/upload/f_auto,q_auto/league/tsejiiddtouukwyyqr9q",REG,0,0,0,0,0,0,0,,,0,,0,0,0,0,0,0,5,1.9088444688240997,0,0,0,0,0,0,0,63,149,9,6.573157199949492,0,7,5,3,0,3.1746031746031744,0,1,0,0,0,0,1,0.0,0.0,0,0,0,0,0,0,0,0,0,0,0,0,0,0,0,0,0,0,1,5,0,0,0,0,0,0,0,0,0,0,0,0,0,,,0,0,0,0,0,0,0,0,0,0,0,0,,,,0,0,0,0,0,0,0,,0,0,0,0,,0,0,,0,0,0,0,0,0,0,0,0,0,K.Juszczyk,Kyle Juszczyk,FB,RB,"https://static.www.nfl.com/image/upload/f_auto,q_auto/league/tsejiiddtouukwyyqr9q",2022.0,POST,SF,2.0,0.0,0.0,0.0,0.0,0.0,0.0,0.0,0.0,0.0,0.0,0.0,0.0,,,0.0,,0.0,0.0,0.0,0.0,1.0,8.0,0.0,0.0,0.0,0.0,0.7953671695431694,0.0,0.0,0.0,0.0,0.0,1.0,1.0,6.0,0.0,0.0,0.0,3.0,3.0,0.0,0.2455187775194645,0.0,0.0,0.0,0.0,0.0,2.0,0.014705882352941176,0.004048582995951417,0.024892831626577756,0.0,0.0,0.0,0.0,0.0,0.0,0.0,0.0,0.0,0.0,0.0,0.0,0.0,0.0,0.0,0.0,0.0,0.0,0.0,0.0,0.0,0.0,0.0,0.0,0.0,0.0,0.0,0.0,0.0,0.0,0.0,0.0,0.0,0.0,0.0,0.0,0.0,0.0,0.0,0.0,0.0,0.0,,,0.0,0.0,0.0,0.0,0.0,0.0,0.0,0.0,0.0,0.0,0.0,0.0,,,,0.0,0.0,0.0,0.0,0.0,0.0,0.0,,0.0,0.0,0.0,0.0,,0.0,0.0,,0.0,0.0,0.0,0.0,0.0,0.0,0.0,0.0,0.0,0.0,1.4000000000000001,2.4000000000000004,00-0029892,JuszKy00,16002.0,Kyle Juszczyk,1991-04-23,74.0,235.0,Harvard,2013.0,4.0,130.0,BAL,2013,14,16.0,0.0,95.0,0.0,0.231875,2022.0,Kyle Juszczyk,SF,31.0,FB,16.0,12.0,23.0,19.0,200.0,1.0,9.0,51.0,2.7,149.0,7.8,2.7,2.0,9.5,1.0,0.043,0.0,117.4,2023-08-28,2022.0,Kyle Juszczyk,SF,31.0,FB,16.0,12.0,7.0,26.0,1.0,5.0,12.0,1.7,14.0,2.0,0.0,,2023-08-28,,,,,,,,,,,,,,,,,,,,,,,,,,,,,,,,,,,,,,,,,,,,,,,,,,,,,,,,,,,13,3.9000000000000004,0.0,1,0,0
2022,Rashaad Penny,R.Penny,00-0034750,SEA,RB,RB,71.0,5,52.2,10.440000000000001,48.2,4.0,4,5,16,0,0.009041591320072333,-0.0027784209307710117,0.011617492328568792,57,346,2,0,0,0,0,0,170.0,0.5519999999999999,0.3070588235294118,10.440000000000001,10.58574513201598,28.700000000000003,1,RB,"https://static.www.nfl.com/image/private/f_auto,q_auto/league/mwvzwst6cfcwifblqtsj",REG,0,0,0,0,0,0,0,,,0,,0,0,0,0,1,0,15,13.144489079655614,0,10,8,5,1,0,0,-12,28,2,1.0691364296362735,0,0,0,0,0,-1.3333333333333333,0,0,0,0,0,0,0,0.0,0.0,0,0,0,0,0,0,0,0,0,0,0,0,0,0,0,0,0,0,0,0,1,0,0,1,0,0,0,0,0,0,0,0,0,,,0,0,0,0,0,0,0,0,0,0,0,0,,,,0,0,0,0,0,0,0,,0,0,0,0,,0,0,,0,0,0,0,0,0,0,0,0,0,,,,,,,,,,,,,,,,,,,,,,,,,,,,,,,,,,,,,,,,,,,,,,,,,,,,,,,,,,,,,,,,,,,,,,,,,,,,,,,,,,,,,,,,,,,,,,,,,,,,,,,,,,,,,,,,,,,,,,,,,,,,,,,,,,,,,,,,,,,,,,,,,,,,00-0034750,PennRa00,3139925.0,Rashaad Penny,1996-02-02,71.0,220.0,San Diego State,2018.0,1.0,27.0,SEA,2018,6,5.0,0.0,0.0,0.0,0.0,2022.0,Rashaad Penny,SEA,26.0,RB,5.0,5.0,5.0,4.0,16.0,0.0,2.0,-12.0,-3.0,28.0,7.0,-2.4,0.0,,0.0,0.0,0.0,80.0,2023-08-28,2022.0,Rashaad Penny,SEA,26.0,RB,5.0,5.0,57.0,346.0,2.0,15.0,169.0,3.0,177.0,3.1,2.0,28.5,2023-08-28,,,,,,,,,,,,,,,,,,,,,,,,,,,,,,,,,,,,,,,,,,,,,,,,,,,,,,,,,,,5,7.9,1.5,1,1,1
2022,Justin Jackson,J.Jackson,00-0034440,DET,RB,RB,72.0,15,51.1,3.4066666666666667,39.1,12.0,12,19,101,1,0.03374777975133215,0.004594921402660218,0.05383811460886038,42,170,1,0,0,0,0,0,187.0,0.17375000000000002,0.2732620320855615,3.4066666666666667,3.487214743411519,10.1,0,RB,"https://static.www.nfl.com/image/private/f_auto,q_auto/league/n7pvb1trbn9rtttlw7df",REG,0,0,0,0,0,0,0,,,0,,0,0,0,0,0,0,8,-10.846264283158117,0,6,2,1,0,0,0,19,110,7,3.8189392282890378,0,6,0,0,0,5.315789473684211,0,2,1,2,0,0,0,0.0,0.0,0,0,0,0,0,0,0,0,0,0,0,0,0,0,0,0,0,0,2,15,0,0,0,0,0,0,0,23,613,0,0,0,0,,,0,0,0,0,0,0,0,0,0,0,0,0,,,,0,0,0,0,0,0,0,,0,0,0,0,,0,0,,0,0,0,0,0,0,0,0,0,0,,,,,,,,,,,,,,,,,,,,,,,,,,,,,,,,,,,,,,,,,,,,,,,,,,,,,,,,,,,,,,,,,,,,,,,,,,,,,,,,,,,,,,,,,,,,,,,,,,,,,,,,,,,,,,,,,,,,,,,,,,,,,,,,,,,,,,,,,,,,,,,,,,,,00-0034440,JackJu01,3116136.0,Justin Jackson,1996-04-22,72.0,200.0,Northwestern,2018.0,7.0,251.0,LAC,2018,5,16.0,0.0,253.0,0.0,0.5975,2022.0,Justin Jackson,DET,26.0,RB,16.0,0.0,19.0,12.0,101.0,1.0,7.0,-9.0,-0.8,110.0,9.2,1.0,1.0,12.0,3.0,0.158,0.0,94.4,2023-08-28,2022.0,Justin Jackson,DET,26.0,RB,16.0,0.0,42.0,170.0,1.0,8.0,90.0,2.1,80.0,1.9,3.0,14.0,2023-08-28,,,,,,,,,,,,,,,,,,,,,,,,,,,,,,,,,,,,,,,,,,,,,,,,,,,,,,,,,,,15,2.7,-0.1,1,0,0
2022,Mark Ingram,M.Ingram,00-0027966,NO,RB,RB,73.0,10,50.1,5.01,34.1,16.0,16,18,68,0,0.036511156186612576,-0.0037362637362637363,0.05215134966453425,62,233,1,0,0,0,0,0,205.0,0.314,0.24439024390243902,5.01,3.1157128665309752,9.9,0,RB,"https://static.www.nfl.com/image/private/f_auto,q_auto/league/qyju9wutyssrf0b26ran",REG,0,0,0,0,0,0,0,,,0,,0,0,0,0,1,1,12,-10.923762006073725,1,4,4,0,0,1,1,-17,78,2,-8.766475274111144,0,2,0,0,0,-4.0,0,0,0,0,0,0,0,0.0,0.0,0,0,0,0,0,0,0,0,0,0,0,0,0,0,0,0,0,0,1,15,2,0,0,2,2,0,0,0,0,0,0,0,0,,,0,0,0,0,0,0,0,0,0,0,0,0,,,,0,0,0,0,0,0,0,,0,0,0,0,,0,0,,0,0,0,0,0,0,0,0,0,0,,,,,,,,,,,,,,,,,,,,,,,,,,,,,,,,,,,,,,,,,,,,,,,,,,,,,,,,,,,,,,,,,,,,,,,,,,,,,,,,,,,,,,,,,,,,,,,,,,,,,,,,,,,,,,,,,,,,,,,,,,,,,,,,,,,,,,,,,,,,,,,,,,,,00-0027966,IngrMa01,13981.0,Mark Ingram,1989-12-21,69.0,215.0,Alabama,2011.0,1.0,28.0,NO,2011,12,10.0,0.0,0.0,0.0,0.0,2022.0,Mark Ingram,NO,33.0,RB,10.0,3.0,18.0,16.0,68.0,0.0,2.0,-10.0,-0.6,78.0,4.9,-0.9,1.0,16.0,0.0,0.0,0.0,82.4,2023-08-28,2022.0,Mark Ingram,NO,33.0,RB,10.0,3.0,62.0,233.0,1.0,12.0,139.0,2.2,94.0,1.5,4.0,15.5,2023-08-28,,,,,,,,,,,,,,,,,,,,,,,,,,,,,,,,,,,,,,,,,,,,,,,,,,,,,,,,,,,10,5.65,1.0,0,0,0
2022,Dare Ogunbowale,D.Ogunbowale,00-0033854,HOU,RB,RB,74.0,15,48.7,3.246666666666667,28.700000000000003,20.0,20,26,104,0,0.04659498207885305,-0.0025240936209270305,0.06812560758363066,42,123,1,0,0,0,0,0,183.0,0.16705882352941176,0.266120218579235,3.246666666666667,3.640813619168634,11.2,0,RB,"https://static.www.nfl.com/image/upload/f_auto,q_auto/league/bsm0k0jkytuiej2riudv",REG,0,0,0,0,0,0,0,,,0,,0,0,0,0,0,0,10,-7.219083778888103,0,1,0,0,0,0,0,-11,124,5,-12.237651202012785,0,2,1,1,0,-9.454545454545455,0,7,2,2,0,0,0,0.0,0.0,0,0,0,0,0,0,0,0,0,0,0,0,0,0,0,1,0,0,0,0,0,0,0,0,0,0,0,2,46,0,0,0,0,,,0,0,0,0,0,0,0,0,0,0,0,0,,,,0,0,0,0,0,0,0,,0,0,0,0,,0,0,,0,0,0,0,0,0,0,0,0,0,,,,,,,,,,,,,,,,,,,,,,,,,,,,,,,,,,,,,,,,,,,,,,,,,,,,,,,,,,,,,,,,,,,,,,,,,,,,,,,,,,,,,,,,,,,,,,,,,,,,,,,,,,,,,,,,,,,,,,,,,,,,,,,,,,,,,,,,,,,,,,,,,,,,00-0033854,OgunDa00,2983509.0,Dare Ogunbowale,1994-05-04,71.0,205.0,Wisconsin,,,,,2017,8,17.0,0.0,281.0,0.0,0.6070588235294118,2022.0,Dare Ogunbowale,HOU,28.0,RB,17.0,4.0,26.0,20.0,104.0,0.0,5.0,-20.0,-1.0,124.0,6.2,-0.4,2.0,10.0,0.0,0.0,1.0,66.8,2023-08-28,2022.0,Dare Ogunbowale,HOU,28.0,RB,17.0,4.0,42.0,123.0,1.0,10.0,87.0,2.1,36.0,0.9,0.0,,2023-08-28,,,,,,,,,,,,,,,,,,,,,,,,,,,,,,,,,,,,,,,,,,,,,,,,,,,,,,,,,,,15,2.1,0.0,1,0,0
2022,Boston Scott,B.Scott,00-0034414,PHI,RB,RB,75.0,15,46.2,3.08,41.2,5.0,5,6,15,0,0.011881188118811881,-0.0022512381809995496,0.01624591545151814,54,217,3,0,0,0,0,0,170.0,0.168,0.27176470588235296,3.08,3.7244750349162348,11.4,0,RB,"https://static.www.nfl.com/image/upload/f_auto,q_auto/league/drf1wvqkjdvtu1rtxvfe",REG,0,0,0,0,0,0,0,,,0,,0,0,0,0,0,0,12,-2.530565278371796,0,6,4,1,0,0,0,-10,20,0,-3.9425144935958087,0,0,0,0,0,-1.5,0,1,1,0,0,0,0,0.0,0.0,0,0,0,0,0,0,0,0,0,0,0,0,0,0,0,0,0,0,0,0,0,0,0,0,0,0,0,15,406,0,0,0,0,,,0,0,0,0,0,0,0,0,0,0,0,0,,,,0,0,0,0,0,0,0,,0,0,0,0,,0,0,,0,0,0,0,0,0,0,0,0,0,B.Scott,Boston Scott,RB,RB,"https://static.www.nfl.com/image/upload/f_auto,q_auto/league/drf1wvqkjdvtu1rtxvfe",2022.0,POST,PHI,3.0,0.0,0.0,0.0,0.0,0.0,0.0,0.0,0.0,0.0,0.0,0.0,0.0,,,0.0,,0.0,0.0,0.0,0.0,15.0,61.0,2.0,0.0,0.0,4.0,1.392693919246085,0.0,2.0,0.0,0.0,0.0,1.0,1.0,9.0,0.0,0.0,0.0,-5.0,14.0,0.0,0.7794358681421727,0.0,0.0,0.0,0.0,0.0,-1.8,0.012195121951219513,-0.006321112515802781,0.013867904165767324,0.0,0.0,0.0,0.0,0.0,0.0,0.0,0.0,0.0,0.0,0.0,0.0,0.0,0.0,0.0,0.0,0.0,0.0,0.0,0.0,0.0,0.0,0.0,0.0,0.0,0.0,0.0,0.0,0.0,0.0,0.0,0.0,0.0,0.0,0.0,0.0,1.0,29.0,0.0,0.0,0.0,0.0,,,0.0,0.0,0.0,0.0,0.0,0.0,0.0,0.0,0.0,0.0,0.0,0.0,,,,0.0,0.0,0.0,0.0,0.0,0.0,0.0,,0.0,0.0,0.0,0.0,,0.0,0.0,,0.0,0.0,0.0,0.0,0.0,0.0,0.0,0.0,0.0,0.0,19.0,20.0,00-0034414,ScotBo02,3051439.0,Boston Scott,1995-04-27,66.0,203.0,Louisiana Tech,2018.0,6.0,201.0,NO,2018,6,15.0,0.0,84.0,0.0,0.20133333333333334,2022.0,Boston Scott,PHI,27.0,RB,15.0,2.0,6.0,5.0,15.0,0.0,0.0,-5.0,-1.0,20.0,4.0,-1.7,0.0,,0.0,0.0,0.0,79.2,2023-08-28,2022.0,Boston Scott,PHI,27.0,RB,15.0,2.0,54.0,217.0,3.0,12.0,170.0,3.1,47.0,0.9,2.0,27.0,2023-08-28,,,,,,,,,,,,,,,,,,,,,,,,,,,,,,,,,,,,,,,,,,,,,,,,,,,,,,,,,,,15,2.1,0.0,2,0,0
2022,DeeJay Dallas,D.Dallas,00-0036425,SEA,RB,RB,75.0,15,46.2,3.08,29.200000000000003,17.0,17,19,126,0,0.034358047016274866,0.0023153507756425097,0.05315781606736205,35,186,0,0,1,0,0,1,196.0,0.19133333333333333,0.23571428571428574,3.08,4.170508704839598,12.8,0,RB,"https://static.www.nfl.com/image/upload/f_auto,q_auto/league/qrvemj4m3g2mqlbgy352",REG,0,0,0,0,8,0,0,-4.867112466075923,-43.53819787502289,0,0.0,0,0,0,0,0,0,9,3.086083561705891,0,4,3,1,0,0,0,10,126,5,0.11279492192708274,0,2,1,1,1,12.6,0,3,2,3,0,0,1,0.0,0.0,0,0,0,0,0,1,0,0,0,0,0,0,0,1,0,0,0,0,0,0,0,1,0,1,0,14,102,12,270,0,0,0,0,,,0,0,0,0,0,0,0,0,0,0,0,0,,,,0,0,0,0,0,0,0,,0,0,0,0,,0,0,,0,0,0,0,0,0,0,0,0,0,D.Dallas,DeeJay Dallas,RB,RB,"https://static.www.nfl.com/image/upload/f_auto,q_auto/league/qrvemj4m3g2mqlbgy352",2022.0,POST,SEA,1.0,0.0,0.0,0.0,0.0,0.0,0.0,0.0,0.0,0.0,0.0,0.0,0.0,,,0.0,,0.0,0.0,0.0,0.0,6.0,13.0,0.0,0.0,0.0,0.0,-1.5552587261772715,0.0,0.0,0.0,0.0,0.0,0.0,0.0,0.0,0.0,0.0,0.0,0.0,0.0,0.0,,0.0,0.0,0.0,0.0,0.0,,0.0,0.0,0.0,0.0,0.0,0.0,0.0,0.0,0.0,0.0,0.0,0.0,0.0,0.0,0.0,0.0,0.0,0.0,0.0,0.0,0.0,0.0,0.0,0.0,0.0,0.0,0.0,0.0,0.0,0.0,0.0,0.0,0.0,0.0,0.0,0.0,0.0,1.0,0.0,0.0,0.0,0.0,0.0,0.0,0.0,,,0.0,0.0,0.0,0.0,0.0,0.0,0.0,0.0,0.0,0.0,0.0,0.0,,,,0.0,0.0,0.0,0.0,0.0,0.0,0.0,,0.0,0.0,0.0,0.0,,0.0,0.0,,0.0,0.0,0.0,0.0,0.0,0.0,0.0,0.0,0.0,0.0,1.3,1.3,00-0036425,DallDe00,4240631.0,DeeJay Dallas,1998-09-16,70.0,225.0,Miami,2020.0,4.0,144.0,SEA,2020,7,15.0,0.0,227.0,0.0,0.5533333333333333,2022.0,DeeJay Dallas,SEA,24.0,RB,15.0,0.0,19.0,17.0,126.0,0.0,5.0,0.0,0.0,126.0,7.4,1.1,0.0,,0.0,0.0,0.0,94.3,2023-08-28,2022.0,DeeJay Dallas,SEA,24.0,RB,15.0,0.0,35.0,186.0,0.0,9.0,131.0,3.7,55.0,1.6,3.0,11.7,2023-08-28,DeeJay Dallas,SEA,1.0,0.0,0.0,0.0,0.0,1.0,100.0,2022.0,2.9,0.0,0.0,0.0,0.0,0.0,0.0,0.0,0.0,1.0,8.0,0.0,0.0,1.0,8.0,1.0,0.0,,,,,,,,,,,,,,,,,,,,,,,,,,,,,,,,15,2.0,-2.0,2,0,0
2022,Raheem Blackshear,R.Blackshear,00-0037429,CAR,RB,RB,77.0,13,45.0,3.4615384615384617,35.0,10.0,10,12,93,0,0.02810304449648712,-0.00662451068955134,0.03751740926204474,23,77,3,0,0,0,0,0,79.0,0.10153846153846155,0.569620253164557,3.4615384615384617,5.159705815505774,15.3,0,RB,"https://static.www.nfl.com/image/upload/f_auto,q_auto/league/hzdyiuzm78dpedlcicwy",REG,0,0,0,0,0,0,0,,,0,,0,0,0,0,0,0,7,1.269818546163151,0,2,2,0,0,0,0,-22,105,3,0.9206660046766046,0,5,2,1,0,-4.2272727272727275,0,1,0,0,0,0,0,0.0,0.0,0,0,0,0,0,1,0,0,0,0,0,0,0,0,0,0,0,0,1,15,0,1,0,1,1,6,55,19,513,0,0,0,0,,,0,0,0,0,0,0,0,0,0,0,0,0,,,,0,0,0,0,0,0,0,,0,0,0,0,,0,0,,0,0,0,0,0,0,0,0,0,0,,,,,,,,,,,,,,,,,,,,,,,,,,,,,,,,,,,,,,,,,,,,,,,,,,,,,,,,,,,,,,,,,,,,,,,,,,,,,,,,,,,,,,,,,,,,,,,,,,,,,,,,,,,,,,,,,,,,,,,,,,,,,,,,,,,,,,,,,,,,,,,,,,,,00-0037429,BlacRa00,4259308.0,Raheem Blackshear,1998-06-05,69.0,190.0,Virginia Tech,,,,,2022,4,13.0,0.0,113.0,0.0,0.3215384615384615,2022.0,Raheem Blackshear,CAR,23.0,RB,13.0,1.0,12.0,10.0,93.0,0.0,3.0,-12.0,-1.2,105.0,10.5,-1.8,1.0,10.0,1.0,0.083,1.0,64.2,2023-08-28,2022.0,Raheem Blackshear,CAR,23.0,RB,13.0,1.0,23.0,77.0,3.0,7.0,38.0,1.7,39.0,1.7,1.0,23.0,2023-08-28,,,,,,,,,,,,,,,,,,,,,,,,,,,,,,,,,,,,,,,,,,,,,,,,,,,,,,,,,,,13,0.9,-0.5,2,1,0
2022,Caleb Huntley,C.Huntley,00-0036829,ATL,RB,RB,78.0,12,44.9,3.7416666666666667,42.9,2.0,2,2,3,0,0.005,-0.0014877262583684603,0.0064585916191420775,76,366,1,0,0,0,0,0,120.0,0.16666666666666666,0.37416666666666665,3.741666666666667,3.480454080441316,11.600000000000001,0,RB,"https://static.www.nfl.com/image/private/f_auto,q_auto/league/xzzb2fcp1ovzekumnjga",REG,0,0,0,0,0,0,0,,,0,,0,0,0,0,1,0,18,3.9809974686359055,0,8,6,2,0,0,0,-6,9,0,-0.7645436585880816,0,0,0,0,0,-0.5,0,0,0,0,0,0,0,0.0,0.0,0,0,0,0,0,0,0,0,0,0,0,0,0,1,0,0,0,0,0,0,1,0,0,1,0,0,0,0,0,0,0,0,0,,,0,0,0,0,0,0,0,0,0,0,0,0,,,,0,0,0,0,0,0,0,,0,0,0,0,,0,0,,0,0,0,0,0,0,0,0,0,0,,,,,,,,,,,,,,,,,,,,,,,,,,,,,,,,,,,,,,,,,,,,,,,,,,,,,,,,,,,,,,,,,,,,,,,,,,,,,,,,,,,,,,,,,,,,,,,,,,,,,,,,,,,,,,,,,,,,,,,,,,,,,,,,,,,,,,,,,,,,,,,,,,,,00-0036829,HuntCa02,4244732.0,Caleb Huntley,1998-09-15,70.0,229.0,Ball State,,,,,2021,1,12.0,0.0,0.0,0.0,0.0,2022.0,Caleb Huntley,ATL,24.0,RB,12.0,0.0,2.0,2.0,3.0,0.0,0.0,-6.0,-3.0,9.0,4.5,-3.0,0.0,,0.0,0.0,0.0,79.2,2023-08-28,2022.0,Caleb Huntley,ATL,24.0,RB,12.0,0.0,76.0,366.0,1.0,18.0,219.0,2.9,147.0,1.9,0.0,,2023-08-28,,,,,,,,,,,,,,,,,,,,,,,,,,,,,,,,,,,,,,,,,,,,,,,,,,,,,,,,,,,12,2.75,0.2,1,0,0
2022,Elijah Mitchell,E.Mitchell,00-0036567,SF,RB,RB,79.0,5,43.6,8.72,40.6,3.0,3,4,7,0,0.007936507936507936,-0.0020091848450057405,0.010498332513257887,45,279,2,0,0,0,0,0,80.0,0.238,0.545,8.72,5.324659613533996,17.5,0,RB,"https://static.www.nfl.com/image/upload/f_auto,q_auto/league/xf383ph8bz6dpp0u9lcd",REG,0,0,0,0,0,0,0,,,0,,0,0,0,0,0,0,15,9.759580156276975,0,8,5,1,0,0,0,-7,16,0,-2.0129036577418447,0,0,0,0,0,-1.0,0,0,0,0,0,0,0,0.0,0.0,0,0,0,0,0,0,0,0,0,0,0,0,0,0,0,0,0,0,1,5,0,0,0,0,0,0,0,0,0,0,0,0,0,,,0,0,0,0,0,0,0,0,0,0,0,0,,,,0,0,0,0,0,0,0,,0,0,0,0,,0,0,,0,0,0,0,0,0,0,0,0,0,E.Mitchell,Elijah Mitchell,RB,RB,"https://static.www.nfl.com/image/upload/f_auto,q_auto/league/xf383ph8bz6dpp0u9lcd",2022.0,POST,SF,2.0,0.0,0.0,0.0,0.0,0.0,0.0,0.0,0.0,0.0,0.0,0.0,0.0,,,0.0,,0.0,0.0,0.0,0.0,23.0,53.0,0.0,0.0,0.0,3.0,-7.123915790754836,0.0,1.0,1.0,0.0,0.0,2.0,3.0,25.0,1.0,0.0,0.0,0.0,22.0,2.0,4.008618733845651,0.0,1.0,1.0,0.0,0.0,0.0,0.04411764705882353,0.0,0.0661764705882353,0.0,0.0,0.0,0.0,0.0,0.0,0.0,0.0,0.0,0.0,0.0,0.0,0.0,0.0,0.0,0.0,0.0,0.0,0.0,0.0,0.0,0.0,0.0,0.0,0.0,0.0,0.0,0.0,0.0,0.0,0.0,0.0,0.0,0.0,0.0,0.0,0.0,0.0,0.0,0.0,0.0,0.0,,,0.0,0.0,0.0,0.0,0.0,0.0,0.0,0.0,0.0,0.0,0.0,0.0,,,,0.0,0.0,0.0,0.0,0.0,0.0,0.0,,0.0,0.0,0.0,0.0,,0.0,0.0,,0.0,0.0,0.0,0.0,0.0,0.0,0.0,0.0,0.0,0.0,13.8,15.8,00-0036567,MitcEl00,4241555.0,Elijah Mitchell,1998-05-02,70.0,200.0,Louisiana-Lafayette,2021.0,6.0,194.0,SF,2021,5,5.0,0.0,0.0,0.0,0.0,2022.0,Elijah Mitchell,SF,24.0,RB,5.0,1.0,4.0,3.0,7.0,0.0,0.0,-9.0,-3.0,16.0,5.3,-1.8,0.0,,0.0,0.0,0.0,77.1,2023-08-28,2022.0,Elijah Mitchell,SF,24.0,RB,5.0,1.0,45.0,279.0,2.0,15.0,170.0,3.8,109.0,2.4,2.0,22.5,2023-08-28,,,,,,,,,,,,,,,,,,,,,,,,,,,,,,,,,,,,,,,,,,,,,,,,,,,,,,,,,,,5,6.3,4.1000000000000005,1,1,0
2022,Travis Homer,T.Homer,00-0035594,SEA,RB,RB,80.0,10,43.1,4.3100000000000005,27.1,16.0,16,18,157,1,0.0325497287522604,0.00717758740449178,0.05384890431153485,19,74,0,0,0,0,0,0,165.0,0.286,0.26121212121212123,4.3100000000000005,4.324465284864708,13.3,0,RB,"https://static.www.nfl.com/image/upload/f_auto,q_auto/league/dyyclvfaagspov2ydf3i",REG,0,0,0,0,0,0,0,,,0,,0,0,0,0,0,0,4,-2.4190399509097915,0,1,1,0,0,1,1,31,129,7,-5.407553273020312,0,6,5,3,0,5.064516129032258,0,4,0,5,0,0,1,0.0,0.0,0,0,0,0,0,0,0,0,0,0,0,0,0,0,0,0,0,0,0,0,1,0,0,1,1,0,0,0,0,0,0,0,0,,,0,0,0,0,0,0,0,0,0,0,0,0,,,,0,0,0,0,0,0,0,,0,0,0,0,,0,0,,0,0,0,0,0,0,0,0,0,0,,,,,,,,,,,,,,,,,,,,,,,,,,,,,,,,,,,,,,,,,,,,,,,,,,,,,,,,,,,,,,,,,,,,,,,,,,,,,,,,,,,,,,,,,,,,,,,,,,,,,,,,,,,,,,,,,,,,,,,,,,,,,,,,,,,,,,,,,,,,,,,,,,,,00-0035594,HomeTr00,4037457.0,Travis Homer,1998-08-07,70.0,202.0,Miami,2019.0,6.0,204.0,SEA,2019,8,10.0,0.0,130.0,0.0,0.5,2022.0,Travis Homer,SEA,24.0,RB,10.0,1.0,18.0,16.0,157.0,1.0,7.0,35.0,2.2,122.0,7.6,2.1,0.0,,0.0,0.0,0.0,121.5,2023-08-28,2022.0,Travis Homer,SEA,24.0,RB,10.0,1.0,19.0,74.0,0.0,4.0,42.0,2.2,32.0,1.7,1.0,19.0,2023-08-28,,,,,,,,,,,,,,,,,,,,,,,,,,,,,,,,,,,,,,,,,,,,,,,,,,,,,,,,,,,10,4.55,0.0,1,0,0
2022,Ty Johnson,T.Johnson,00-0035537,NYJ,RB,RB,81.0,12,42.8,3.5666666666666664,30.8,11.999999999999996,12,24,88,0,0.04081632653061224,0.009278948385849604,0.06771975366601309,30,160,1,0,0,0,0,0,173.0,0.15941176470588236,0.24739884393063583,3.566666666666667,4.700161183567554,14.8,0,RB,"https://static.www.nfl.com/image/upload/f_auto,q_auto/league/zruhihypizhtgpvsaj3c",REG,0,0,0,0,0,0,0,,,0,,0,0,0,0,0,0,5,-4.094281139135319,0,6,6,2,0,0,0,48,73,3,-11.452373819895591,0,3,1,0,0,1.8333333333333333,0,1,1,0,0,0,0,0.0,0.0,0,0,0,0,0,0,0,0,0,0,0,0,0,0,0,0,0,0,0,0,0,0,0,0,0,0,0,3,39,0,0,0,0,,,0,0,0,0,0,0,0,0,0,0,0,0,,,,0,0,0,0,0,0,0,,0,0,0,0,,0,0,,0,0,0,0,0,0,0,0,0,0,,,,,,,,,,,,,,,,,,,,,,,,,,,,,,,,,,,,,,,,,,,,,,,,,,,,,,,,,,,,,,,,,,,,,,,,,,,,,,,,,,,,,,,,,,,,,,,,,,,,,,,,,,,,,,,,,,,,,,,,,,,,,,,,,,,,,,,,,,,,,,,,,,,,00-0035537,JohnTy02,3915411.0,Ty Johnson,1997-09-17,70.0,210.0,Maryland,2019.0,6.0,186.0,DET,2019,8,17.0,0.0,192.0,0.0,0.41470588235294115,2022.0,Ty Johnson,NYJ,25.0,RB,17.0,1.0,24.0,12.0,88.0,0.0,3.0,15.0,1.3,73.0,6.1,2.0,1.0,12.0,1.0,0.042,1.0,41.7,2023-08-28,2022.0,Ty Johnson,NYJ,25.0,RB,17.0,1.0,30.0,160.0,1.0,5.0,72.0,2.4,88.0,2.9,7.0,4.3,2023-08-28,,,,,,,,,,,,,,,,,,,,,,,,,,,,,,,,,,,,,,,,,,,,,,,,,,,,,,,,,,,12,1.55,0.0,2,0,0
2022,Javonte Williams,J.Williams,00-0036997,DEN,RB,RB,82.0,4,42.0,10.5,26.0,16.0,16,22,76,0,0.04066543438077634,-0.004801920768307323,0.057636807033349384,47,204,0,0,0,0,0,0,142.0,0.5325,0.29577464788732394,10.5,6.7325082002673176,19.8,0,RB,"https://static.www.nfl.com/image/upload/f_auto,q_auto/league/xvwroirev2kie6oiphtz",REG,0,0,0,0,0,0,0,,,0,,0,0,0,0,1,1,9,-6.311366795620415,0,7,5,0,0,0,0,-24,118,4,-6.4097511438229375,0,3,0,0,0,-3.1666666666666665,0,0,0,0,0,0,0,0.0,0.0,0,0,0,0,0,0,0,0,0,0,0,0,0,0,0,0,0,0,1,5,1,0,0,1,1,0,0,0,0,0,0,0,0,,,0,0,0,0,0,0,0,0,0,0,0,0,,,,0,0,0,0,0,0,0,,0,0,0,0,,0,0,,0,0,0,0,0,0,0,0,0,0,,,,,,,,,,,,,,,,,,,,,,,,,,,,,,,,,,,,,,,,,,,,,,,,,,,,,,,,,,,,,,,,,,,,,,,,,,,,,,,,,,,,,,,,,,,,,,,,,,,,,,,,,,,,,,,,,,,,,,,,,,,,,,,,,,,,,,,,,,,,,,,,,,,,00-0036997,WillJa10,4361579.0,Javonte Williams,2000-04-25,70.0,220.0,North Carolina,2021.0,2.0,35.0,DEN,2021,6,4.0,0.0,0.0,0.0,0.0,2022.0,Javonte Williams,DEN,22.0,RB,4.0,4.0,22.0,16.0,76.0,0.0,4.0,-42.0,-2.6,118.0,7.4,-1.1,2.0,8.0,1.0,0.045,0.0,77.1,2023-08-28,2022.0,Javonte Williams,DEN,22.0,RB,4.0,4.0,47.0,204.0,0.0,9.0,94.0,2.0,110.0,2.3,6.0,7.8,2023-08-28,,,,,,,,,,,,,,,,,,,,,,,,,,,,,,,,,,,,,,,,,,,,,,,,,,,,,,,,,,,4,9.25,3.7,1,1,0
2022,Justice Hill,J.Hill,00-0034975,BAL,RB,RB,82.0,15,42.0,2.8,30.0,12.0,12,12,58,0,0.025806451612903226,-0.00622820129546587,0.03434993651252873,49,262,0,0,0,0,0,0,264.0,0.27266666666666667,0.1590909090909091,2.8,2.4041630560342617,7.7,0,RB,"https://static.www.nfl.com/image/upload/f_auto,q_auto/league/fuodbrwvianete2gy5ag",REG,0,0,0,0,0,0,0,,,0,,0,0,0,0,1,1,15,-3.185981451330008,0,9,6,1,0,1,0,-25,83,2,2.079712545440998,0,2,0,0,0,-2.32,0,6,0,0,0,0,0,0.0,0.0,0,0,0,0,0,0,0,0,0,0,0,0,0,0,0,0,0,0,2,10,2,0,1,2,1,0,0,10,247,0,0,0,0,,,0,0,0,0,0,0,0,0,0,0,0,0,,,,0,0,0,0,0,0,0,,0,0,0,0,,0,0,,0,0,0,0,0,0,0,0,0,0,J.Hill,Justice Hill,RB,RB,"https://static.www.nfl.com/image/upload/f_auto,q_auto/league/fuodbrwvianete2gy5ag",2022.0,POST,BAL,1.0,0.0,0.0,0.0,0.0,0.0,0.0,0.0,0.0,0.0,0.0,0.0,0.0,,,0.0,,0.0,0.0,0.0,0.0,0.0,0.0,0.0,0.0,0.0,0.0,,0.0,0.0,0.0,0.0,0.0,2.0,2.0,10.0,0.0,0.0,0.0,1.0,9.0,0.0,-0.12078160361852497,0.0,0.0,0.0,0.0,0.0,10.0,0.07142857142857142,0.005235602094240838,0.11080777860882572,0.0,1.0,0.0,0.0,0.0,0.0,1.0,0.0,0.0,0.0,0.0,0.0,0.0,0.0,0.0,0.0,0.0,0.0,0.0,0.0,0.0,0.0,0.0,0.0,0.0,0.0,0.0,0.0,0.0,0.0,0.0,0.0,0.0,0.0,0.0,0.0,3.0,65.0,0.0,0.0,0.0,0.0,,,0.0,0.0,0.0,0.0,0.0,0.0,0.0,0.0,0.0,0.0,0.0,0.0,,,,0.0,0.0,0.0,0.0,0.0,0.0,0.0,,0.0,0.0,0.0,0.0,,0.0,0.0,,0.0,0.0,0.0,0.0,0.0,0.0,0.0,0.0,0.0,0.0,1.0,3.0,00-0034975,HillJu00,4038441.0,Justice Hill,1997-11-14,70.0,195.0,Oklahoma State,2019.0,4.0,113.0,BAL,2019,8,15.0,0.0,214.0,0.0,0.5606666666666666,2022.0,Justice Hill,BAL,25.0,RB,15.0,0.0,12.0,12.0,58.0,0.0,2.0,-25.0,-2.1,83.0,6.9,-2.1,0.0,,0.0,0.0,0.0,86.8,2023-08-28,2022.0,Justice Hill,BAL,25.0,RB,15.0,0.0,49.0,262.0,0.0,15.0,176.0,3.6,86.0,1.8,7.0,7.0,2023-08-28,,,,,,,,,,,,,,,,,,,,,,,,,,,,,,,,,,,,,,,,,,,,,,,,,,,,,,,,,,,15,2.8,0.0,0,0,0
2022,Alec Ingold,A.Ingold,00-0035125,MIA,RB,FB,84.0,12,38.3,3.1916666666666664,23.3,14.999999999999996,15,23,105,1,0.04092526690391459,0.010150375939849625,0.06849316351376662,6,8,1,0,0,0,0,0,418.0,0.4005882352941177,0.0916267942583732,3.1916666666666664,4.240810028399021,14.5,0,RB,"https://static.www.nfl.com/image/upload/f_auto,q_auto/league/saqgxmq3xrr68byket0r",REG,0,0,0,0,0,0,0,,,0,,0,0,0,0,0,0,5,3.4833224643662106,0,0,0,0,0,0,0,54,93,4,-1.518532288086135,0,3,1,0,0,1.9444444444444444,0,4,0,0,0,0,0,0.0,0.0,0,0,0,0,0,0,0,0,0,0,0,0,0,0,0,0,0,0,1,10,0,0,0,0,0,0,0,2,20,0,0,0,0,,,0,0,0,0,0,0,0,0,0,0,0,0,,,,0,0,0,0,0,0,0,,0,0,0,0,,0,0,,0,0,0,0,0,0,0,0,0,0,A.Ingold,Alec Ingold,FB,RB,"https://static.www.nfl.com/image/upload/f_auto,q_auto/league/saqgxmq3xrr68byket0r",2022.0,POST,MIA,1.0,0.0,0.0,0.0,0.0,0.0,0.0,0.0,0.0,0.0,0.0,0.0,0.0,,,0.0,,0.0,0.0,0.0,0.0,0.0,0.0,0.0,0.0,0.0,0.0,,0.0,0.0,0.0,0.0,0.0,0.0,0.0,0.0,0.0,0.0,0.0,0.0,0.0,0.0,,0.0,0.0,0.0,0.0,0.0,,0.0,0.0,0.0,0.0,1.0,0.0,0.0,0.0,0.0,0.0,0.0,0.0,0.0,0.0,0.0,0.0,0.0,0.0,0.0,0.0,0.0,0.0,0.0,0.0,0.0,0.0,0.0,0.0,0.0,0.0,0.0,0.0,0.0,0.0,0.0,0.0,0.0,0.0,0.0,0.0,0.0,0.0,0.0,0.0,0.0,,,0.0,0.0,0.0,0.0,0.0,0.0,0.0,0.0,0.0,0.0,0.0,0.0,,,,0.0,0.0,0.0,0.0,0.0,0.0,0.0,,0.0,0.0,0.0,0.0,,0.0,0.0,,0.0,0.0,0.0,0.0,0.0,0.0,0.0,0.0,0.0,0.0,0.0,0.0,00-0035125,IngoAl01,3917668.0,Alec Ingold,1996-07-09,73.0,240.0,Wisconsin,,,,,2019,8,17.0,0.0,134.0,0.0,0.2923529411764706,2022.0,Alec Ingold,MIA,26.0,FB,17.0,14.0,23.0,15.0,105.0,1.0,4.0,12.0,0.8,93.0,6.2,2.3,3.0,5.0,5.0,0.217,0.0,89.9,2023-08-28,2022.0,Alec Ingold,MIA,26.0,FB,17.0,14.0,6.0,8.0,1.0,5.0,3.0,0.5,5.0,0.8,0.0,,2023-08-28,,,,,,,,,,,,,,,,,,,,,,,,,,,,,,,,,,,,,2022.0,Regular,Season Total,MIA,A. Ingold,,95.7,0.4,2.0,0.6,0.0,0.6,0.0,0.0,96.0,0.0,Alec,Ingold,Alec Ingold,https://a.espncdn.com/i/headshots/nfl/players/full/3917668.png,Dolphins,False,12,1.95,0.0,1,0,0
2022,Marlon Mack,M.Mack,00-0033951,DEN,RB,RB,84.0,7,38.3,5.471428571428571,30.3,7.9999999999999964,8,10,99,1,0.01984126984126984,-0.004592422502870264,0.026547209009895576,16,84,1,0,0,0,0,0,64.0,0.11875,0.5984375,5.471428571428572,7.25619603872311,16.3,0,RB,"https://static.www.nfl.com/image/private/f_auto,q_auto/league/d3sdoo1yiey5oiyblulk",REG,0,0,0,0,0,0,0,,,0,,0,0,0,0,0,0,4,-0.8917646022746339,0,1,1,0,0,0,0,-16,114,2,3.4456127349282784,0,2,1,1,1,-6.1875,0,0,0,0,0,0,0,0.0,0.0,0,0,0,0,0,0,0,0,0,0,0,0,0,1,0,0,0,0,0,0,0,0,0,0,0,0,0,1,20,0,0,0,0,,,0,0,0,0,0,0,0,0,0,0,0,0,,,,0,0,0,0,0,0,0,,0,0,0,0,,0,0,,0,0,0,0,0,0,0,0,0,0,,,,,,,,,,,,,,,,,,,,,,,,,,,,,,,,,,,,,,,,,,,,,,,,,,,,,,,,,,,,,,,,,,,,,,,,,,,,,,,,,,,,,,,,,,,,,,,,,,,,,,,,,,,,,,,,,,,,,,,,,,,,,,,,,,,,,,,,,,,,,,,,,,,,00-0033951,MackMa00,3139605.0,Marlon Mack,1996-03-07,71.0,210.0,University of South Florida,2017.0,4.0,143.0,IND,2017,7,8.0,0.0,6.0,0.0,0.0275,2022.0,Marlon Mack,2TM,26.0,,8.0,0.0,10.0,8.0,99.0,1.0,2.0,-15.0,-1.9,114.0,14.3,-1.6,1.0,8.0,0.0,0.0,0.0,141.2,2023-08-28,2022.0,Marlon Mack,2TM,26.0,,8.0,0.0,16.0,84.0,1.0,4.0,61.0,3.8,23.0,1.4,2.0,8.0,2023-08-28,,,,,,,,,,,,,,,,,,,,,,,,,,,,,,,,,,,,,,,,,,,,,,,,,,,,,,,,,,,7,2.2,0.0,2,2,0
2022,Avery Williams,A.Williams,00-0036950,ATL,RB,RB,86.0,17,36.0,2.1176470588235294,23.0,13.0,13,14,61,0,0.035,-0.006694768162658071,0.047813662286139355,22,109,1,0,0,0,0,0,141.0,0.13,0.2553191489361702,2.1176470588235294,2.4318807778439835,10.1,0,RB,"https://static.www.nfl.com/image/upload/f_auto,q_auto/league/udxcy5ukuuppfhemywfn",REG,0,0,0,0,0,0,0,,,0,,0,0,0,0,0,0,6,0.22057749633677304,0,4,4,1,0,0,0,-27,85,3,-1.088607817532521,0,1,0,0,0,-2.259259259259259,0,0,0,3,0,0,0,0.0,0.0,0,0,0,0,0,1,0,0,0,0,0,0,0,0,0,0,0,0,0,0,1,0,0,1,1,18,292,16,313,0,0,0,0,,,0,0,0,0,0,0,0,0,0,0,0,0,,,,0,0,0,0,0,0,0,,0,0,0,0,,0,0,,0,0,0,0,0,0,0,0,0,0,,,,,,,,,,,,,,,,,,,,,,,,,,,,,,,,,,,,,,,,,,,,,,,,,,,,,,,,,,,,,,,,,,,,,,,,,,,,,,,,,,,,,,,,,,,,,,,,,,,,,,,,,,,,,,,,,,,,,,,,,,,,,,,,,,,,,,,,,,,,,,,,,,,,00-0036950,WillAv02,4048259.0,Avery Williams,1998-07-15,69.0,195.0,Boise State,2021.0,5.0,183.0,ATL,2021,5,17.0,1.0,318.0,0.0011764705882352942,0.7364705882352941,2022.0,Avery Williams,ATL,24.0,RB,17.0,3.0,14.0,13.0,61.0,0.0,3.0,-18.0,-1.4,79.0,6.1,-1.5,1.0,13.0,0.0,0.0,0.0,84.8,2023-08-28,2022.0,Avery Williams,ATL,24.0,RB,17.0,3.0,22.0,109.0,1.0,6.0,83.0,3.8,26.0,1.2,0.0,,2023-08-28,,,,,,,,,,,,,,,,,,,,,,,,,,,,,,,,,,,,,,,,,,,,,,,,,,,,,,,,,,,17,1.6,0.0,1,0,0
2022,Connor Heyward,Co.Heyward,00-0037304,PIT,RB,FB,87.0,15,35.8,2.3866666666666663,23.8,11.999999999999996,12,17,151,1,0.03102189781021898,0.01954120645709431,0.06021169123529448,2,27,0,0,0,0,0,0,174.0,0.14941176470588236,0.20574712643678159,2.386666666666667,3.0981253932629893,8.7,0,RB,"https://static.www.nfl.com/image/upload/f_auto,q_auto/league/nbbhxtutzvbj0ejljyyp",REG,0,0,0,0,0,0,0,,,0,,0,0,0,0,0,0,2,0.7536367559223436,0,1,1,1,0,0,0,92,62,6,4.051125594036421,0,4,3,2,1,1.641304347826087,0,3,0,6,0,0,0,0.0,0.0,0,0,0,0,0,0,0,0,0,0,0,0,0,0,0,0,0,0,1,10,0,0,0,0,0,0,0,0,0,0,0,0,0,,,0,0,0,0,0,0,0,0,0,0,0,0,,,,0,0,0,0,0,0,0,,0,0,0,0,,0,0,,0,0,0,0,0,0,0,0,0,0,,,,,,,,,,,,,,,,,,,,,,,,,,,,,,,,,,,,,,,,,,,,,,,,,,,,,,,,,,,,,,,,,,,,,,,,,,,,,,,,,,,,,,,,,,,,,,,,,,,,,,,,,,,,,,,,,,,,,,,,,,,,,,,,,,,,,,,,,,,,,,,,,,,,00-0037304,HeywCo00,4241961.0,Connor Heyward,1999-01-22,72.0,230.0,Michigan State,2022.0,6.0,208.0,PIT,2022,5,17.0,0.0,284.0,0.0,0.648235294117647,2022.0,Connor Heyward,PIT,23.0,TE,17.0,0.0,17.0,12.0,151.0,1.0,6.0,89.0,7.4,62.0,5.2,5.4,0.0,,0.0,0.0,1.0,93.0,2023-08-28,2022.0,Connor Heyward,PIT,23.0,TE,17.0,0.0,2.0,27.0,0.0,2.0,24.0,12.0,3.0,1.5,0.0,,2023-08-28,,,,,,,,,,,,,,,,,,,,,,,,,,,,,,,,,,,,,,,,,,,,,,,,,,,,,,,,,,,15,1.6,0.0,0,0,0
2022,Malik Davis,M.Davis,00-0037563,DAL,RB,RB,88.0,6,34.400000000000006,5.733333333333334,28.400000000000002,6.0000000000000036,6,7,63,0,0.012844036697247707,-0.0015659955257270694,0.01816985817786261,38,161,1,0,0,0,0,0,79.0,0.09250000000000001,0.4354430379746836,5.733333333333333,2.635652986769439,8.9,0,RB,"https://static.www.nfl.com/image/upload/f_auto,q_auto/league/zvranxxyt8qeihn8c2q9",REG,0,0,0,0,0,0,0,,,0,,0,0,0,0,0,0,6,-3.502202397179076,0,4,4,2,0,0,0,-7,65,5,6.7910221974307206,0,3,1,0,0,-9.0,0,2,0,0,0,0,0,0.0,0.0,0,0,0,0,0,0,0,0,0,0,0,0,0,0,0,0,0,0,0,0,0,0,0,0,0,0,0,0,0,0,0,0,0,,,0,0,0,0,0,0,0,0,0,0,0,0,,,,0,0,0,0,0,0,0,,0,0,0,0,,0,0,,0,0,0,0,0,0,0,0,0,0,,,,,,,,,,,,,,,,,,,,,,,,,,,,,,,,,,,,,,,,,,,,,,,,,,,,,,,,,,,,,,,,,,,,,,,,,,,,,,,,,,,,,,,,,,,,,,,,,,,,,,,,,,,,,,,,,,,,,,,,,,,,,,,,,,,,,,,,,,,,,,,,,,,,00-0037563,DaviMa02,4240603.0,Malik Davis,1998-11-26,71.0,205.0,Florida,,,,,2022,3,12.0,0.0,176.0,0.0,0.5283333333333333,2022.0,Malik Davis,DAL,24.0,RB,12.0,0.0,7.0,6.0,63.0,0.0,5.0,-2.0,-0.3,65.0,10.8,-1.0,1.0,6.0,0.0,0.0,0.0,104.2,2023-08-28,2022.0,Malik Davis,DAL,24.0,RB,12.0,0.0,38.0,161.0,1.0,6.0,119.0,3.1,42.0,1.1,2.0,19.0,2023-08-28,,,,,,,,,,,,,,,,,,,,,,,,,,,,,,,,,,,,,,,,,,,,,,,,,,,,,,,,,,,6,5.800000000000001,1.9000000000000001,0,0,0
2022,Jordan Mason,J.Mason,00-0037525,SF,RB,RB,89.0,12,31.8,2.65,31.8,0.0,0,0,0,0,0.0,0.0,0.0,43,258,1,0,0,0,0,0,82.0,0.0775,0.3878048780487805,2.65,2.7615871589293786,7.3,0,RB,"https://static.www.nfl.com/image/upload/f_auto,q_auto/league/qeeucinnxl8mpzaw23hc",REG,0,0,0,0,0,0,0,,,0,,0,0,0,0,0,0,10,2.957644493551925,0,7,5,1,1,0,0,0,0,0,,0,0,0,0,0,,0,2,0,4,0,0,0,0.0,0.0,0,0,0,0,0,0,0,0,0,0,0,0,0,0,0,0,0,0,1,10,0,0,0,0,0,0,0,0,0,0,0,0,0,,,0,0,0,0,0,0,0,0,0,0,0,0,,,,0,0,0,0,0,0,0,,0,0,0,0,,0,0,,0,0,0,0,0,0,0,0,0,0,J.Mason,Jordan Mason,RB,RB,"https://static.www.nfl.com/image/upload/f_auto,q_auto/league/qeeucinnxl8mpzaw23hc",2022.0,POST,SF,2.0,0.0,0.0,0.0,0.0,0.0,0.0,0.0,0.0,0.0,0.0,0.0,0.0,,,0.0,,0.0,0.0,0.0,0.0,2.0,12.0,0.0,0.0,0.0,1.0,-0.14472376432968304,0.0,0.0,0.0,0.0,0.0,0.0,0.0,0.0,0.0,0.0,0.0,0.0,0.0,0.0,,0.0,0.0,0.0,0.0,0.0,,0.0,0.0,0.0,0.0,0.0,0.0,1.0,0.0,0.0,0.0,0.0,0.0,0.0,0.0,0.0,0.0,0.0,0.0,0.0,0.0,0.0,0.0,0.0,0.0,0.0,0.0,0.0,0.0,0.0,0.0,1.0,15.0,0.0,0.0,0.0,0.0,0.0,0.0,0.0,0.0,0.0,0.0,0.0,0.0,0.0,,,0.0,0.0,0.0,0.0,0.0,0.0,0.0,0.0,0.0,0.0,0.0,0.0,,,,0.0,0.0,0.0,0.0,0.0,0.0,0.0,,0.0,0.0,0.0,0.0,,0.0,0.0,,0.0,0.0,0.0,0.0,0.0,0.0,0.0,0.0,0.0,0.0,1.2000000000000002,1.2000000000000002,00-0037525,MasoJo00,4360569.0,Jordan Mason,1999-05-24,71.0,230.0,Georgia Tech,,,,,2022,5,16.0,0.0,246.0,0.0,0.6012500000000001,,,,,,,,,,,,,,,,,,,,,,,,,2022.0,Jordan Mason,SF,23.0,RB,16.0,0.0,43.0,258.0,1.0,10.0,123.0,2.9,135.0,3.1,3.0,14.3,2023-08-28,,,,,,,,,,,,,,,,,,,,,,,,,,,,,,,,,,,,,,,,,,,,,,,,,,,,,,,,,,,12,1.9500000000000002,0.0,0,0,0
2022,C.J. Ham,C.Ham,00-0032918,MIN,RB,FB,90.0,11,31.3,2.8454545454545457,21.3,10.0,10,12,86,0,0.0187207488299532,0.012562313060817547,0.03687474238750208,4,7,2,0,0,0,0,0,169.0,0.14705882352941177,0.18520710059171597,2.8454545454545452,3.2144559839461593,8.7,0,RB,"https://static.www.nfl.com/image/upload/f_auto,q_auto/league/evssvutwjy6szq7dpelm",REG,0,0,0,0,0,0,0,,,0,,0,0,0,0,0,0,3,1.085244546935428,0,0,0,0,0,0,0,63,56,7,5.690742364502512,0,4,1,0,0,1.3650793650793651,0,7,1,0,0,0,0,0.0,0.0,0,0,0,0,0,0,0,0,0,0,0,0,0,0,0,0,0,0,0,0,0,0,0,0,0,0,0,0,0,0,0,0,0,,,0,0,0,0,0,0,0,0,0,0,0,0,,,,0,0,0,0,0,0,0,,0,0,0,0,,0,0,,0,0,0,0,0,0,0,0,0,0,,,,,,,,,,,,,,,,,,,,,,,,,,,,,,,,,,,,,,,,,,,,,,,,,,,,,,,,,,,,,,,,,,,,,,,,,,,,,,,,,,,,,,,,,,,,,,,,,,,,,,,,,,,,,,,,,,,,,,,,,,,,,,,,,,,,,,,,,,,,,,,,,,,,00-0032918,HamxC.00,4012556.0,C.J. Ham,1993-07-22,71.0,250.0,Augustana (SD),,,,,2016,9,17.0,0.0,324.0,0.0,0.658235294117647,2022.0,CJ Ham,MIN,29.0,FB,17.0,4.0,12.0,10.0,86.0,0.0,7.0,30.0,3.0,56.0,5.6,5.2,1.0,10.0,1.0,0.083,0.0,96.5,2023-08-28,2022.0,CJ Ham,MIN,29.0,FB,17.0,4.0,4.0,7.0,2.0,3.0,5.0,1.3,2.0,0.5,0.0,,2023-08-28,,,,,,,,,,,,,,,,,,,,,,,,,,,,,,,,,,,,,,,,,,,,,,,,,,,,,,,,,,,11,1.6,0.0,0,0,0
2022,Craig Reynolds,C.Reynolds,00-0035567,DET,RB,RB,91.0,6,30.8,5.133333333333334,21.8,9.0,9,10,116,0,0.017761989342806393,0.002902055622732769,0.028674422950122527,23,102,0,0,0,0,0,0,116.0,0.1922222222222222,0.2655172413793104,5.133333333333334,3.932259740488498,12.200000000000001,0,RB,"https://static.www.nfl.com/image/upload/f_auto,q_auto/league/f5zuttg3hinfqgronrsg",REG,0,0,0,0,0,0,0,,,0,,0,0,0,0,0,0,4,-4.250259068678133,0,3,2,1,0,0,0,12,108,5,5.997502274305266,0,5,2,2,0,9.666666666666666,0,0,0,0,0,0,0,0.0,0.0,0,0,0,0,0,0,0,0,0,0,0,0,0,0,0,0,0,0,0,0,0,0,0,0,0,0,0,0,0,0,0,0,0,,,0,0,0,0,0,0,0,0,0,0,0,0,,,,0,0,0,0,0,0,0,,0,0,0,0,,0,0,,0,0,0,0,0,0,0,0,0,0,,,,,,,,,,,,,,,,,,,,,,,,,,,,,,,,,,,,,,,,,,,,,,,,,,,,,,,,,,,,,,,,,,,,,,,,,,,,,,,,,,,,,,,,,,,,,,,,,,,,,,,,,,,,,,,,,,,,,,,,,,,,,,,,,,,,,,,,,,,,,,,,,,,,00-0035567,ReynCr00,4421446.0,Craig Reynolds,1996-06-15,71.0,225.0,Kutztown,,,,,2019,7,9.0,0.0,105.0,0.0,0.4444444444444444,2022.0,Craig Reynolds,DET,26.0,RB,9.0,0.0,10.0,9.0,116.0,0.0,5.0,4.0,0.4,112.0,12.4,0.8,1.0,9.0,0.0,0.0,0.0,115.0,2023-08-28,2022.0,Craig Reynolds,DET,26.0,RB,9.0,0.0,23.0,102.0,0.0,4.0,68.0,3.0,34.0,1.5,0.0,,2023-08-28,,,,,,,,,,,,,,,,,,,,,,,,,,,,,,,,,,,,,,,,,,,,,,,,,,,,,,,,,,,6,4.550000000000001,0.7000000000000001,1,0,0
2022,Kyren Williams,K.Williams,00-0037840,LA,RB,RB,92.0,8,30.5,3.8125,21.5,9.0,9,12,76,0,0.02321083172147002,0.0045797413793103444,0.03802206654772227,35,139,0,0,0,0,0,0,141.0,0.23700000000000002,0.21631205673758866,3.8125,3.1160586368955623,9.0,0,RB,"https://static.www.nfl.com/image/upload/f_auto,q_auto/league/xti3pek6rmojqchakxpy",REG,0,0,0,0,0,0,0,,,0,,0,0,0,0,0,0,6,-4.252235418397443,0,1,1,0,0,0,0,17,80,5,-1.672804807005642,0,4,0,0,0,4.470588235294118,0,2,0,0,0,0,0,0.0,0.0,0,0,0,0,0,0,0,0,0,0,0,0,0,0,0,0,0,0,0,0,0,0,0,0,0,0,0,0,0,0,0,0,0,,,0,0,0,0,0,0,0,0,0,0,0,0,,,,0,0,0,0,0,0,0,,0,0,0,0,,0,0,,0,0,0,0,0,0,0,0,0,0,,,,,,,,,,,,,,,,,,,,,,,,,,,,,,,,,,,,,,,,,,,,,,,,,,,,,,,,,,,,,,,,,,,,,,,,,,,,,,,,,,,,,,,,,,,,,,,,,,,,,,,,,,,,,,,,,,,,,,,,,,,,,,,,,,,,,,,,,,,,,,,,,,,,00-0037840,WillKy02,4430737.0,Kyren Williams,2000-08-26,69.0,207.0,Notre Dame,2022.0,5.0,164.0,LA,2022,5,10.0,0.0,53.0,0.0,0.193,2022.0,Kyren Williams,LA,22.0,RB,10.0,0.0,12.0,9.0,76.0,0.0,5.0,-4.0,-0.4,80.0,8.9,1.4,1.0,9.0,0.0,0.0,1.0,56.2,2023-08-28,2022.0,Kyren Williams,LA,22.0,RB,10.0,0.0,35.0,139.0,0.0,6.0,80.0,2.3,59.0,1.7,0.0,,2023-08-28,,,,,,,,,,,,,,,,,,,,,,,,,,,,,,,,,,,,,,,,,,,,,,,,,,,,,,,,,,,8,3.5,0.6000000000000001,0,0,0
2022,Gary Brightwell,G.Brightwell,00-0036569,NYG,RB,RB,93.0,15,29.0,1.9333333333333333,24.0,5.0,5,8,39,0,0.016359918200409,0.0020995800839832034,0.026009583359401744,31,141,1,0,0,0,0,0,87.0,0.07941176470588236,0.3333333333333333,1.9333333333333333,3.0127506811328857,7.300000000000001,0,RB,"https://static.www.nfl.com/image/upload/f_auto,q_auto/league/cwvxh10m5jw2gkbahtck",REG,0,0,0,0,0,0,0,,,0,,0,0,0,0,0,0,9,-4.4235599027417525,0,6,5,1,0,0,0,7,35,4,1.4398451957094949,0,2,0,0,0,5.571428571428571,0,0,0,4,0,0,0,0.0,0.0,0,0,0,0,0,0,0,0,0,0,0,0,0,0,0,1,0,0,0,0,0,0,0,0,0,0,0,26,555,0,0,0,0,,,0,0,0,0,0,0,0,0,0,0,0,0,,,,0,0,0,0,0,0,0,,0,0,0,0,,0,0,,0,0,0,0,0,0,0,0,0,0,G.Brightwell,Gary Brightwell,RB,RB,"https://static.www.nfl.com/image/upload/f_auto,q_auto/league/cwvxh10m5jw2gkbahtck",2022.0,POST,NYG,2.0,0.0,0.0,0.0,0.0,0.0,0.0,0.0,0.0,0.0,0.0,0.0,0.0,,,0.0,,0.0,0.0,0.0,0.0,1.0,10.0,0.0,0.0,0.0,1.0,-0.3894724195706658,0.0,1.0,0.0,0.0,0.0,0.0,0.0,0.0,0.0,0.0,0.0,0.0,0.0,0.0,,0.0,0.0,0.0,0.0,0.0,,0.0,0.0,0.0,0.0,0.0,0.0,0.0,0.0,0.0,0.0,0.0,0.0,0.0,0.0,0.0,0.0,0.0,0.0,0.0,0.0,0.0,0.0,0.0,0.0,0.0,0.0,0.0,0.0,0.0,0.0,0.0,0.0,1.0,0.0,1.0,1.0,0.0,0.0,0.0,6.0,149.0,0.0,0.0,0.0,0.0,,,0.0,0.0,0.0,0.0,0.0,0.0,0.0,0.0,0.0,0.0,0.0,0.0,,,,0.0,0.0,0.0,0.0,0.0,0.0,0.0,,0.0,0.0,0.0,0.0,,0.0,0.0,,0.0,0.0,0.0,0.0,0.0,0.0,0.0,0.0,0.0,0.0,1.0,1.0,00-0036569,BrigGa00,4245645.0,Gary Brightwell,1998-02-28,73.0,218.0,Arizona,2021.0,6.0,196.0,NYG,2021,4,17.0,0.0,295.0,0.0,0.6252941176470589,2022.0,Gary Brightwell,NYG,23.0,RB,17.0,0.0,8.0,5.0,39.0,0.0,4.0,4.0,0.8,35.0,7.0,0.9,1.0,5.0,0.0,0.0,0.0,74.5,2023-08-28,2022.0,Gary Brightwell,NYG,23.0,RB,17.0,0.0,31.0,141.0,1.0,9.0,82.0,2.6,59.0,1.9,1.0,31.0,2023-08-28,,,,,,,,,,,,,,,,,,,,,,,,,,,,,,,,,,,,,,,,,,,,,,,,,,,,,,,,,,,15,0.0,-0.1,0,0,0
2022,Mike Boone,M.Boone,00-0034208,DEN,RB,RB,94.0,8,28.8,3.6,19.8,9.0,9,15,96,0,0.027726432532347505,0.00900360144057623,0.047892169806924616,24,102,0,0,0,0,0,0,126.0,0.21777777777777776,0.22857142857142856,3.6000000000000005,3.5745129538362086,11.5,0,RB,"https://static.www.nfl.com/image/upload/f_auto,q_auto/league/yeoyrlaf9hlvowj6fdio",REG,0,0,0,0,0,0,0,,,0,,0,0,0,0,0,0,6,-3.6902199581488917,0,4,3,0,0,0,0,45,81,2,-7.14867603957688,0,2,2,2,0,2.1333333333333333,0,2,0,0,0,0,0,0.0,0.0,0,0,0,0,0,0,0,0,0,0,0,0,0,0,0,0,0,0,0,0,0,0,0,0,0,0,0,0,0,0,0,0,0,,,0,0,0,0,0,0,0,0,0,0,0,0,,,,0,0,0,0,0,0,0,,0,0,0,0,,0,0,,0,0,0,0,0,0,0,0,0,0,,,,,,,,,,,,,,,,,,,,,,,,,,,,,,,,,,,,,,,,,,,,,,,,,,,,,,,,,,,,,,,,,,,,,,,,,,,,,,,,,,,,,,,,,,,,,,,,,,,,,,,,,,,,,,,,,,,,,,,,,,,,,,,,,,,,,,,,,,,,,,,,,,,,00-0034208,BoonMi00,3139033.0,Mike Boone,1995-07-30,70.0,206.0,Cincinnati,,,,,2018,7,9.0,0.0,77.0,0.0,0.31222222222222223,2022.0,Mike Boone,DEN,27.0,RB,9.0,0.0,15.0,9.0,96.0,0.0,2.0,15.0,1.7,81.0,9.0,3.0,0.0,,2.0,0.133,0.0,78.7,2023-08-28,2022.0,Mike Boone,DEN,27.0,RB,9.0,0.0,24.0,102.0,0.0,6.0,69.0,2.9,33.0,1.4,3.0,8.0,2023-08-28,,,,,,,,,,,,,,,,,,,,,,,,,,,,,,,,,,,,,,,,,,,,,,,,,,,,,,,,,,,8,2.95,0.0,1,0,0
2022,Brandon Bolden,B.Bolden,00-0029239,LV,RB,RB,95.0,13,27.3,2.1,18.3,9.0,9,9,57,1,0.016129032258064516,0.005598059339428998,0.02811218992469707,17,66,0,0,0,0,0,0,82.0,0.08,0.3329268292682927,2.1,3.295704274759292,10.8,0,RB,"https://static.www.nfl.com/image/private/f_auto,q_auto/league/kqqwz35z9brhkzbs4bcn",REG,0,0,0,0,0,0,0,,,0,,0,0,0,0,0,0,3,-6.284645778941922,0,2,1,0,0,0,0,30,27,2,1.0231501434346801,0,3,1,0,0,1.9,0,4,1,3,0,0,0,0.0,0.0,0,0,0,0,0,0,0,0,0,0,0,0,0,0,0,0,0,0,1,15,0,0,0,0,0,0,0,1,32,0,0,0,0,,,0,0,0,0,0,0,0,0,0,0,0,0,,,,0,0,0,0,0,0,0,,0,0,0,0,,0,0,,0,0,0,0,0,0,0,0,0,0,,,,,,,,,,,,,,,,,,,,,,,,,,,,,,,,,,,,,,,,,,,,,,,,,,,,,,,,,,,,,,,,,,,,,,,,,,,,,,,,,,,,,,,,,,,,,,,,,,,,,,,,,,,,,,,,,,,,,,,,,,,,,,,,,,,,,,,,,,,,,,,,,,,,00-0029239,BoldBr00,15478.0,Brandon Bolden,1990-01-26,71.0,220.0,Mississippi,,,,,2012,11,16.0,0.0,257.0,0.0,0.600625,2022.0,Brandon Bolden,LV,32.0,RB,16.0,0.0,9.0,9.0,57.0,1.0,2.0,30.0,3.3,27.0,3.0,3.3,1.0,9.0,0.0,0.0,0.0,130.1,2023-08-28,2022.0,Brandon Bolden,LV,32.0,RB,16.0,0.0,17.0,66.0,0.0,3.0,50.0,2.9,16.0,0.9,0.0,,2023-08-28,,,,,,,,,,,,,,,,,,,,,,,,,,,,,,,,,,,,,,,,,,,,,,,,,,,,,,,,,,,13,0.5,0.0,1,0,0
2022,Pierre Strong,P.Strong,00-0038098,NE,RB,RB,96.0,10,27.200000000000003,2.72,20.200000000000003,7.0,7,7,42,0,0.013513513513513514,0.0009729992702505473,0.020951369759445653,10,100,1,0,0,0,0,0,51.0,0.05466666666666667,0.5333333333333334,2.7199999999999998,5.468658173832245,17.0,0,RB,"https://static.www.nfl.com/image/upload/f_auto,q_auto/league/aa0nufst85vutgor1fqv",REG,0,0,0,0,0,0,0,,,0,,0,0,0,0,0,0,5,5.737182787328493,0,3,3,1,1,0,0,4,38,3,1.0002188019570895,0,2,1,0,0,10.5,0,3,2,1,0,0,0,0.0,0.0,0,0,0,0,0,0,0,0,0,0,0,0,0,0,0,0,0,0,2,16,0,0,0,0,0,0,0,5,115,0,0,0,0,,,0,0,0,0,0,0,0,0,0,0,0,0,,,,0,0,0,0,0,0,0,,0,0,0,0,,0,0,,0,0,0,0,0,0,0,0,0,0,,,,,,,,,,,,,,,,,,,,,,,,,,,,,,,,,,,,,,,,,,,,,,,,,,,,,,,,,,,,,,,,,,,,,,,,,,,,,,,,,,,,,,,,,,,,,,,,,,,,,,,,,,,,,,,,,,,,,,,,,,,,,,,,,,,,,,,,,,,,,,,,,,,,00-0038098,StroPi00,4249836.0,Pierre Strong,1998-12-10,71.0,207.0,South Dakota State,2022.0,4.0,127.0,NE,2022,4,15.0,0.0,143.0,0.0,0.33399999999999996,2022.0,Pierre Strong,NE,24.0,RB,15.0,0.0,7.0,7.0,42.0,0.0,3.0,4.0,0.6,38.0,5.4,0.6,0.0,,0.0,0.0,0.0,91.7,2023-08-28,2022.0,Pierre Strong,NE,24.0,RB,15.0,0.0,10.0,100.0,1.0,5.0,81.0,8.1,19.0,1.9,0.0,,2023-08-28,,,,,,,,,,,,,,,,,,,,,,,,,,,,,,,,,,,,,,,,,,,,,,,,,,,,,,,,,,,10,0.0,0.0,1,1,0
2022,Jonathan Williams,J.Williams,00-0032975,WAS,RB,RB,97.0,9,26.200000000000003,2.9111111111111114,19.200000000000003,7.0,7,10,40,0,0.018832391713747645,-0.00022456770716370987,0.02809139017560687,37,152,0,0,0,0,0,0,99.0,0.10923076923076923,0.2646464646464647,2.9111111111111114,2.874214868639976,6.300000000000001,0,RB,"https://static.www.nfl.com/image/private/f_auto,q_auto/league/dnlboggtjcflj9fxauub",REG,0,0,0,0,0,0,0,,,0,,0,0,0,0,0,0,6,-7.741189730470069,0,3,3,1,0,0,0,-1,38,2,-2.8658409002118517,0,1,1,1,0,-40.0,0,3,0,1,0,0,0,0.0,0.0,0,0,0,0,0,0,0,0,0,0,0,0,0,0,0,0,0,0,0,0,0,0,0,0,0,0,0,1,19,0,0,0,0,,,0,0,0,0,0,0,0,0,0,0,0,0,,,,0,0,0,0,0,0,0,,0,0,0,0,,0,0,,0,0,0,0,0,0,0,0,0,0,,,,,,,,,,,,,,,,,,,,,,,,,,,,,,,,,,,,,,,,,,,,,,,,,,,,,,,,,,,,,,,,,,,,,,,,,,,,,,,,,,,,,,,,,,,,,,,,,,,,,,,,,,,,,,,,,,,,,,,,,,,,,,,,,,,,,,,,,,,,,,,,,,,,00-0032975,WillJo07,2980077.0,Jonathan Williams,1994-02-02,72.0,217.0,Arkansas,2016.0,5.0,156.0,BUF,2016,7,13.0,0.0,171.0,0.0,0.4761538461538462,2022.0,Jonathan Williams,WAS,28.0,RB,13.0,2.0,10.0,7.0,40.0,0.0,2.0,2.0,0.3,38.0,5.4,-0.1,0.0,,2.0,0.2,0.0,77.1,2023-08-28,2022.0,Jonathan Williams,WAS,28.0,RB,13.0,2.0,37.0,152.0,0.0,6.0,62.0,1.7,90.0,2.4,1.0,37.0,2023-08-28,,,,,,,,,,,,,,,,,,,,,,,,,,,,,,,,,,,,,,,,,,,,,,,,,,,,,,,,,,,9,2.2,0.0,0,0,0
2022,Hassan Haskins,H.Haskins,00-0037617,TEN,RB,RB,98.0,14,26.0,1.8571428571428572,15.0,11.0,11,12,57,0,0.027522935779816515,-0.001682085786375105,0.040106943619262196,25,93,0,0,0,0,0,0,155.0,0.16733333333333336,0.16774193548387098,1.8571428571428572,2.339202456365873,7.300000000000001,0,RB,"https://static.www.nfl.com/image/upload/f_auto,q_auto/league/n9jwsfxyo1xppmhscpik",REG,0,0,0,0,0,0,0,,,0,,0,0,0,0,0,0,5,-2.4526689894264564,0,1,1,0,0,0,0,-6,58,2,-3.6413219461683184,0,1,0,0,0,-9.5,0,9,0,4,0,0,0,0.0,0.0,0,0,0,0,0,0,0,0,0,0,0,0,0,0,0,0,0,0,0,0,0,0,0,0,0,0,0,19,414,0,0,0,0,,,0,0,0,0,0,0,0,0,0,0,0,0,,,,0,0,0,0,0,0,0,,0,0,0,0,,0,0,,0,0,0,0,0,0,0,0,0,0,,,,,,,,,,,,,,,,,,,,,,,,,,,,,,,,,,,,,,,,,,,,,,,,,,,,,,,,,,,,,,,,,,,,,,,,,,,,,,,,,,,,,,,,,,,,,,,,,,,,,,,,,,,,,,,,,,,,,,,,,,,,,,,,,,,,,,,,,,,,,,,,,,,,00-0037617,HaskHa00,4372071.0,Hassan Haskins,1999-11-26,74.0,228.0,Michigan,2022.0,4.0,131.0,TEN,2022,5,15.0,0.0,234.0,0.0,0.5920000000000001,2022.0,Hassan Haskins,TEN,23.0,RB,15.0,1.0,12.0,11.0,57.0,0.0,2.0,-1.0,-0.1,58.0,5.3,-0.5,2.0,5.5,1.0,0.083,0.0,86.5,2023-08-28,2022.0,Hassan Haskins,TEN,23.0,RB,15.0,1.0,25.0,93.0,0.0,5.0,31.0,1.2,62.0,2.5,2.0,12.5,2023-08-28,,,,,,,,,,,,,,,,,,,,,,,,,,,,,,,,,,,,,,,,,,,,,,,,,,,,,,,,,,,14,0.75,0.0,0,0,0
2022,Sony Michel,S.Michel,00-0034845,LAC,RB,RB,99.0,10,24.9,2.4899999999999998,15.9,8.999999999999998,9,13,53,0,0.018922852983988356,0.004866180048661801,0.0317906055100458,36,106,0,0,0,0,0,0,125.0,0.174,0.1992,2.49,2.4892881624182355,7.2,0,RB,"https://static.www.nfl.com/image/private/f_auto,q_auto/league/eydtwcqcaegkuwivq0ln",REG,0,0,0,0,0,0,0,,,0,,0,0,0,0,0,0,8,-2.808980143337976,0,1,1,0,0,0,0,22,46,1,-6.602370128559414,0,0,0,0,0,2.409090909090909,0,0,0,0,0,0,0,0.0,0.0,0,0,0,0,0,0,0,0,0,0,0,0,0,0,0,0,0,0,1,5,0,0,0,0,0,0,0,0,0,0,0,0,0,,,0,0,0,0,0,0,0,0,0,0,0,0,,,,0,0,0,0,0,0,0,,0,0,0,0,,0,0,,0,0,0,0,0,0,0,0,0,0,,,,,,,,,,,,,,,,,,,,,,,,,,,,,,,,,,,,,,,,,,,,,,,,,,,,,,,,,,,,,,,,,,,,,,,,,,,,,,,,,,,,,,,,,,,,,,,,,,,,,,,,,,,,,,,,,,,,,,,,,,,,,,,,,,,,,,,,,,,,,,,,,,,,00-0034845,MichSo00,3128721.0,Sony Michel,1995-02-17,71.0,215.0,Georgia,2018.0,1.0,31.0,NE,2018,5,10.0,0.0,0.0,0.0,0.0,2022.0,Sony Michel,LAC,27.0,RB,10.0,0.0,13.0,9.0,53.0,0.0,1.0,7.0,0.8,46.0,5.1,1.7,0.0,,2.0,0.154,1.0,44.7,2023-08-28,2022.0,Sony Michel,LAC,27.0,RB,10.0,0.0,36.0,106.0,0.0,8.0,42.0,1.2,64.0,1.8,3.0,12.0,2023-08-28,,,,,,,,,,,,,,,,,,,,,,,,,,,,,,,,,,,,,,,,,,,,,,,,,,,,,,,,,,,10,1.75,0.0,0,0,0
2022,Malcolm Brown,M.Brown,00-0031806,LA,RB,RB,100.0,7,22.8,3.257142857142857,17.8,5.0,5,6,37,0,0.01160541586073501,-0.0005387931034482759,0.017030968618688722,18,81,1,0,0,0,0,0,95.0,0.14636363636363636,0.24000000000000002,3.257142857142857,2.6387226346960273,8.3,0,RB,"https://static.www.nfl.com/image/private/f_auto,q_auto/league/zxnjheichwlnvvu5qdyl",REG,0,0,0,0,0,0,0,,,0,,0,0,0,0,0,0,3,-0.4935055369561123,0,3,2,1,0,0,0,-2,37,2,1.2174231585762127,0,2,0,0,0,-18.5,0,0,0,1,0,0,0,0.0,0.0,0,0,0,0,0,0,0,0,0,0,0,0,0,0,0,0,0,0,0,0,0,0,0,0,0,0,0,0,0,0,0,0,0,,,0,0,0,0,0,0,0,0,0,0,0,0,,,,0,0,0,0,0,0,0,,0,0,0,0,,0,0,,0,0,0,0,0,0,0,0,0,0,,,,,,,,,,,,,,,,,,,,,,,,,,,,,,,,,,,,,,,,,,,,,,,,,,,,,,,,,,,,,,,,,,,,,,,,,,,,,,,,,,,,,,,,,,,,,,,,,,,,,,,,,,,,,,,,,,,,,,,,,,,,,,,,,,,,,,,,,,,,,,,,,,,,00-0031806,BrowMa03,2570986.0,Malcolm Brown,1993-05-15,71.0,225.0,Texas,,,,,2015,7,11.0,0.0,88.0,0.0,0.30454545454545456,2022.0,Malcolm Brown,LA,29.0,RB,11.0,0.0,6.0,5.0,37.0,0.0,2.0,0.0,0.0,37.0,7.4,-0.3,0.0,,0.0,0.0,0.0,92.4,2023-08-28,2022.0,Malcolm Brown,LA,29.0,RB,11.0,0.0,18.0,81.0,1.0,3.0,62.0,3.4,19.0,1.1,2.0,9.0,2023-08-28,,,,,,,,,,,,,,,,,,,,,,,,,,,,,,,,,,,,,,,,,,,,,,,,,,,,,,,,,,,7,3.1,0.0,0,0,0
2022,Justin Jefferson,J.Jefferson,00-0036322,MIN,WR,WR,1.0,17,368.66,21.685882352941178,240.66000000000003,128.0,128,184,1809,8,0.2870514820592824,0.3722831505483549,0.691175428472772,4,24,1,2,2,34,0,0,1079.0,0.9205882352941177,0.34166821130676556,21.685882352941178,12.039156458626747,39.400000000000006,9,WR,"https://static.www.nfl.com/image/upload/f_auto,q_auto/league/htjevkugzk6ietrjysny",REG,0,0,0,0,3,31,2,3.05308636976406,20.008227229118347,0,11.333333333333334,2,1,1,0,0,0,2,2.2767023705528118,0,1,0,0,0,0,0,1867,613,80,75.37003681422581,1,74,43,28,6,0.9689341189073379,0,2,0,0,0,0,0,0.0,0.0,0,0,0,0,0,0,0,0,0,0,0,0,0,1,0,0,0,0,3,25,0,0,0,0,0,0,0,0,0,0,0,0,0,,,0,0,0,0,0,0,0,0,0,0,0,0,,,,0,0,0,0,0,0,0,,0,0,0,0,,0,0,,0,0,0,0,0,0,0,0,0,0,J.Jefferson,Justin Jefferson,WR,WR,"https://static.www.nfl.com/image/upload/f_auto,q_auto/league/htjevkugzk6ietrjysny",2022.0,POST,MIN,1.0,1.0,1.0,-2.0,0.0,0.0,0.0,0.0,0.0,0.0,-6.0,4.0,0.0,-2.3801986994221807,10.839778184890747,0.0,0.0,0.0,0.0,0.0,0.0,0.0,0.0,0.0,0.0,0.0,0.0,,0.0,0.0,0.0,0.0,0.0,7.0,9.0,47.0,0.0,0.0,0.0,99.0,7.0,3.0,0.58880978502566,0.0,2.0,0.0,0.0,0.0,0.47474747474747475,0.23076923076923078,0.37786259541984735,0.6106576629477393,0.0,0.0,0.0,0.0,0.0,0.0,0.0,0.0,0.0,0.0,0.0,0.0,0.0,0.0,0.0,0.0,0.0,0.0,0.0,0.0,0.0,0.0,0.0,0.0,0.0,0.0,0.0,0.0,0.0,0.0,0.0,0.0,0.0,0.0,0.0,0.0,0.0,0.0,0.0,0.0,0.0,0.0,,,0.0,0.0,0.0,0.0,0.0,0.0,0.0,0.0,0.0,0.0,0.0,0.0,,,,0.0,0.0,0.0,0.0,0.0,0.0,0.0,,0.0,0.0,0.0,0.0,,0.0,0.0,,0.0,0.0,0.0,0.0,0.0,0.0,0.0,0.0,0.0,0.0,4.62,11.620000000000001,00-0036322,JeffJu00,4262921.0,Justin Jefferson,1999-06-16,73.0,195.0,LSU,2020.0,1.0,22.0,MIN,2020,7,17.0,0.0,0.0,0.0,0.0,2022.0,Justin Jefferson,MIN,23.0,WR,17.0,17.0,184.0,128.0,1809.0,8.0,80.0,1185.0,9.3,624.0,4.9,10.1,6.0,21.3,5.0,0.027000000000000003,5.0,104.2,2023-08-28,2022.0,Justin Jefferson,MIN,23.0,WR,17.0,17.0,4.0,24.0,1.0,2.0,21.0,5.3,3.0,0.8,0.0,,2023-08-28,Justin Jefferson,MIN,2.0,0.0,0.0,0.0,0.0,0.0,0.0,2022.0,1.9,1.0,0.0,0.0,0.0,0.0,0.0,2.0,100.0,1.0,11.0,1.0,11.0,0.0,0.0,1.0,11.0,,,,,,,,,,2022.0,Regular,Season Total,MIN,J. Jefferson,,95.2,0.7,3.0,0.9,0.7,0.2,0.0,0.0,95.9,0.0,Justin,Jefferson,Justin Jefferson,https://a.espncdn.com/i/headshots/nfl/players/full/4262921.png,Vikings,False,17,25.5,2.5,13,12,9
2022,Tyreek Hill,T.Hill,00-0033040,MIA,WR,WR,2.0,17,341.20000000000005,20.07058823529412,222.20000000000002,119.00000000000003,119,170,1710,7,0.302491103202847,0.3960526315789474,0.7309734969095336,7,32,1,0,0,0,0,0,800.0,0.7629411764705882,0.42650000000000005,20.070588235294117,9.823744493946945,42.0,7,WR,"https://static.www.nfl.com/image/upload/f_auto,q_auto/league/gg73gnfivrn80oyqwazl",REG,0,0,0,0,0,0,0,,,0,,0,0,0,0,0,0,3,2.0270215682685375,0,1,0,0,0,1,0,2107,482,77,64.06243745761115,0,69,45,25,7,0.8115804461319411,0,4,0,0,0,0,0,0.0,0.0,0,0,0,0,0,0,0,0,0,0,0,0,0,1,57,0,0,1,4,17,1,0,1,1,0,2,-4,0,0,0,0,0,0,,,0,0,0,0,0,0,0,0,0,0,0,0,,,,0,0,0,0,0,0,0,,0,0,0,0,,0,0,,0,0,0,0,0,0,0,0,0,0,T.Hill,Tyreek Hill,WR,WR,"https://static.www.nfl.com/image/upload/f_auto,q_auto/league/gg73gnfivrn80oyqwazl",2022.0,POST,MIA,1.0,0.0,0.0,0.0,0.0,0.0,0.0,0.0,0.0,0.0,0.0,0.0,0.0,,,0.0,,0.0,0.0,0.0,0.0,2.0,5.0,0.0,0.0,0.0,1.0,-0.2314269887865521,0.0,0.0,0.0,0.0,0.0,7.0,15.0,69.0,0.0,0.0,0.0,156.0,35.0,4.0,-1.851538619419327,1.0,4.0,1.0,0.0,0.0,0.4423076923076923,0.35714285714285715,0.31388329979879276,0.7554325955734407,0.0,0.0,0.0,0.0,0.0,0.0,0.0,0.0,0.0,0.0,0.0,0.0,0.0,0.0,0.0,0.0,0.0,0.0,0.0,0.0,0.0,0.0,0.0,0.0,0.0,0.0,0.0,0.0,0.0,0.0,0.0,0.0,0.0,0.0,0.0,0.0,0.0,0.0,0.0,0.0,0.0,0.0,,,0.0,0.0,0.0,0.0,0.0,0.0,0.0,0.0,0.0,0.0,0.0,0.0,,,,0.0,0.0,0.0,0.0,0.0,0.0,0.0,,0.0,0.0,0.0,0.0,,0.0,0.0,,0.0,0.0,0.0,0.0,0.0,0.0,0.0,0.0,0.0,0.0,9.4,16.4,00-0033040,HillTy00,3116406.0,Tyreek Hill,1994-03-01,70.0,191.0,West Alabama; Garden City CC; Oklahoma State,2016.0,5.0,165.0,KC,2016,10,17.0,0.0,7.0,0.0,0.014705882352941176,2022.0,Tyreek Hill,MIA,28.0,WR,17.0,17.0,170.0,119.0,1710.0,7.0,77.0,1228.0,10.3,482.0,4.1,12.2,5.0,23.8,8.0,0.047,6.0,101.3,2023-08-28,2022.0,Tyreek Hill,MIA,28.0,WR,17.0,17.0,7.0,32.0,1.0,3.0,26.0,3.7,6.0,0.9,1.0,7.0,2023-08-28,,,,,,,,,,,,,,,,,,,,,,,,,,,,,,,,,,,,,,,,,,,,,,,,,,,,,,,,,,,17,18.0,4.300000000000001,15,12,6
2022,Davante Adams,D.Adams,00-0031381,LV,WR,WR,3.0,17,335.5,19.735294117647058,235.5,100.0,100,180,1516,14,0.3225806451612903,0.3972756111214779,0.7619638955269701,3,-1,0,0,0,0,0,0,1044.0,0.9464705882352941,0.321360153256705,19.735294117647058,12.051086111657664,37.7,7,WR,"https://static.www.nfl.com/image/upload/f_auto,q_auto/league/tdzluk4xau3arxqk9zsl",REG,1,-10,0,0,0,0,0,-1.8045640784548596,,0,,0,0,0,0,0,0,0,-3.830479648313485,0,0,0,0,0,1,0,2129,493,65,34.0245853953429,0,61,34,24,7,0.7120713950211367,0,1,0,1,0,0,0,0.0,0.0,0,0,0,0,0,0,0,0,0,0,0,0,0,1,0,0,0,0,2,25,1,0,1,1,0,0,0,0,0,0,0,0,0,,,0,0,0,0,0,0,0,0,0,0,0,0,,,,0,0,0,0,0,0,0,,0,0,0,0,,0,0,,0,0,0,0,0,0,0,0,0,0,,,,,,,,,,,,,,,,,,,,,,,,,,,,,,,,,,,,,,,,,,,,,,,,,,,,,,,,,,,,,,,,,,,,,,,,,,,,,,,,,,,,,,,,,,,,,,,,,,,,,,,,,,,,,,,,,,,,,,,,,,,,,,,,,,,,,,,,,,,,,,,,,,,,00-0031381,AdamDa01,16800.0,Davante Adams,1992-12-24,73.0,204.0,Fresno State,2014.0,2.0,53.0,GB,2014,13,17.0,0.0,1.0,0.0,0.0023529411764705885,2022.0,Davante Adams,LV,30.0,WR,17.0,17.0,180.0,100.0,1516.0,14.0,65.0,1023.0,10.2,493.0,4.9,11.8,9.0,11.1,7.0,0.039,6.0,95.5,2023-08-28,2022.0,Davante Adams,LV,30.0,WR,17.0,17.0,3.0,-1.0,0.0,0.0,-1.0,-0.3,0.0,0.0,1.0,3.0,2023-08-28,,,,,,,,,,,,,,,,,,,,,,,,,,,,,,,,,,,,,,,,,,,,,,,,,,,,,,,,,,,17,17.5,1.2,13,9,7
2022,Stefon Diggs,S.Diggs,00-0031588,BUF,WR,WR,4.0,16,316.6,19.7875,208.6,108.00000000000003,108,154,1429,11,0.279491833030853,0.32709042754445705,0.6482010488273995,1,-3,0,0,0,0,0,0,836.0,0.76875,0.3787081339712919,19.7875,10.081922766351004,44.8,9,WR,"https://static.www.nfl.com/image/upload/f_auto,q_auto/league/cemcexmscsarpvwhafln",REG,0,0,0,0,0,0,0,,,0,,0,0,0,0,0,0,0,-1.292416772339493,0,0,0,0,0,1,0,1729,419,72,75.10441460938806,0,56,35,17,6,0.8264893001735107,0,0,0,0,0,0,0,0.0,0.0,0,0,0,0,0,0,0,0,0,0,0,0,0,1,0,0,0,0,3,20,1,0,0,1,0,0,0,0,0,0,0,0,0,,,0,0,0,0,0,0,0,0,0,0,0,0,,,,0,0,0,0,0,0,0,,0,0,0,0,,0,0,,0,0,0,0,0,0,0,0,0,0,S.Diggs,Stefon Diggs,WR,WR,"https://static.www.nfl.com/image/upload/f_auto,q_auto/league/cemcexmscsarpvwhafln",2022.0,POST,BUF,2.0,0.0,0.0,0.0,0.0,0.0,0.0,0.0,0.0,0.0,0.0,0.0,0.0,,,0.0,,0.0,0.0,0.0,0.0,0.0,0.0,0.0,0.0,0.0,0.0,,0.0,0.0,0.0,0.0,0.0,11.0,19.0,149.0,0.0,0.0,0.0,299.0,20.0,6.0,5.693285267319746,0.0,5.0,3.0,2.0,1.0,0.4983277591973244,0.24675324675324675,0.302020202020202,0.5815440115440116,0.0,0.0,0.0,0.0,0.0,0.0,0.0,0.0,0.0,0.0,0.0,0.0,0.0,0.0,0.0,0.0,0.0,0.0,0.0,0.0,0.0,0.0,0.0,0.0,0.0,0.0,0.0,0.0,0.0,0.0,0.0,0.0,0.0,0.0,0.0,0.0,0.0,0.0,0.0,0.0,0.0,0.0,,,0.0,0.0,0.0,0.0,0.0,0.0,0.0,0.0,0.0,0.0,0.0,0.0,,,,0.0,0.0,0.0,0.0,0.0,0.0,0.0,,0.0,0.0,0.0,0.0,,0.0,0.0,,0.0,0.0,0.0,0.0,0.0,0.0,0.0,0.0,0.0,0.0,14.9,25.9,00-0031588,DiggSt00,2976212.0,Stefon Diggs,1993-11-29,72.0,191.0,Maryland,2015.0,5.0,146.0,MIN,2015,12,16.0,0.0,4.0,0.0,0.00875,2022.0,Stefon Diggs,BUF,29.0,WR,16.0,16.0,154.0,108.0,1429.0,11.0,74.0,1010.0,9.4,419.0,3.9,11.2,2.0,54.0,8.0,0.052000000000000005,1.0,120.3,2023-08-28,2022.0,Stefon Diggs,BUF,29.0,WR,16.0,16.0,1.0,-3.0,0.0,0.0,-3.0,-3.0,0.0,0.0,0.0,,2023-08-28,,,,,,,,,,,,,,,,,,,,,,,,,,,,,,,,,,,,,,,,,,,,,,,,,,,,,,,,,,,16,21.950000000000003,4.6,14,9,3
2022,CeeDee Lamb,C.Lamb,00-0036358,DAL,WR,WR,5.0,17,301.6,17.741176470588236,194.6,107.00000000000003,107,156,1359,9,0.28623853211009176,0.35011185682326623,0.674436097941424,10,47,0,0,0,0,0,0,1015.0,0.8752941176470588,0.29714285714285715,17.741176470588236,8.663000261422814,38.0,6,WR,"https://static.www.nfl.com/image/upload/f_auto,q_auto/league/mbblzwtynxr15ovzkevi",REG,0,0,0,0,0,0,0,-0.947,,0,,0,0,0,0,0,0,3,0.05972498160554096,0,2,2,0,0,0,0,1565,494,67,61.797073013132525,0,60,33,24,0,0.868370607028754,0,2,0,0,0,0,0,0.0,0.0,0,0,0,0,0,0,0,0,0,0,0,0,0,0,0,0,0,0,3,20,0,0,0,0,0,0,0,0,0,0,0,0,0,,,0,0,0,0,0,0,0,0,0,0,0,0,,,,0,0,0,0,0,0,0,,0,0,0,0,,0,0,,0,0,0,0,0,0,0,0,0,0,C.Lamb,CeeDee Lamb,WR,WR,"https://static.www.nfl.com/image/upload/f_auto,q_auto/league/mbblzwtynxr15ovzkevi",2022.0,POST,DAL,2.0,0.0,0.0,0.0,0.0,0.0,0.0,0.0,0.0,0.0,0.0,0.0,0.0,,,0.0,,0.0,0.0,0.0,0.0,2.0,6.0,0.0,0.0,0.0,1.0,1.3240000465302728,0.0,0.0,0.0,0.0,0.0,14.0,19.0,185.0,1.0,0.0,0.0,164.0,58.0,8.0,6.943012527391607,0.0,6.0,5.0,3.0,1.0,1.1280487804878048,0.2753623188405797,0.287215411558669,0.6140942663519379,0.0,1.0,0.0,0.0,0.0,0.0,0.0,0.0,0.0,0.0,0.0,0.0,0.0,0.0,0.0,0.0,0.0,0.0,0.0,0.0,0.0,0.0,0.0,0.0,0.0,0.0,0.0,0.0,0.0,0.0,0.0,0.0,0.0,0.0,0.0,0.0,0.0,0.0,0.0,0.0,0.0,0.0,,,0.0,0.0,0.0,0.0,0.0,0.0,0.0,0.0,0.0,0.0,0.0,0.0,,,,0.0,0.0,0.0,0.0,0.0,0.0,0.0,,0.0,0.0,0.0,0.0,,0.0,0.0,,0.0,0.0,0.0,0.0,0.0,0.0,0.0,0.0,0.0,0.0,25.1,39.1,00-0036358,LambCe00,4241389.0,CeeDee Lamb,1999-04-08,74.0,198.0,Oklahoma,2020.0,1.0,17.0,DAL,2020,7,17.0,0.0,1.0,0.0,0.0023529411764705885,2022.0,CeeDee Lamb,DAL,23.0,WR,17.0,17.0,156.0,107.0,1359.0,9.0,67.0,873.0,8.2,486.0,4.5,10.1,10.0,10.7,6.0,0.038,4.0,104.1,2023-08-28,2022.0,CeeDee Lamb,DAL,23.0,WR,17.0,17.0,10.0,47.0,0.0,3.0,36.0,3.6,11.0,1.1,1.0,10.0,2023-08-28,,,,,,,,,,,,,,,,,,,,,,,,,,,,,,,,,,,,,,,,,,,,,,,,,,,,,,,,,,,17,17.700000000000003,4.9,14,11,2
2022,A.J. Brown,A.Brown,00-0035676,PHI,WR,WR,6.0,17,299.6,17.623529411764707,211.6,88.00000000000003,88,145,1496,11,0.2871287128712871,0.3939666816749212,0.7064697464793754,0,0,0,0,0,0,0,0,1004.0,0.8488235294117646,0.29840637450199203,17.623529411764707,9.33658994305233,39.6,4,WR,"https://static.www.nfl.com/image/upload/f_auto,q_auto/league/qfhvjyssf0lwsh0kienp",REG,0,0,0,0,0,0,0,,,0,,0,0,0,0,0,0,0,,0,0,0,0,0,2,2,1750,552,59,55.87002713848922,0,58,32,23,6,0.8548571428571429,0,2,0,0,0,0,0,0.0,0.0,0,0,0,0,0,0,0,0,0,0,0,0,0,0,0,0,0,0,2,25,2,0,0,2,2,0,0,0,0,0,0,0,0,,,0,0,0,0,0,0,0,0,0,0,0,0,,,,0,0,0,0,0,0,0,,0,0,0,0,,0,0,,0,0,0,0,0,0,0,0,0,0,A.Brown,A.J. Brown,WR,WR,"https://static.www.nfl.com/image/upload/f_auto,q_auto/league/qfhvjyssf0lwsh0kienp",2022.0,POST,PHI,3.0,0.0,0.0,0.0,0.0,0.0,0.0,0.0,0.0,0.0,0.0,0.0,0.0,,,0.0,,0.0,0.0,0.0,0.0,0.0,0.0,0.0,0.0,0.0,0.0,,0.0,0.0,0.0,0.0,0.0,13.0,22.0,146.0,1.0,0.0,0.0,290.0,51.0,8.0,5.198656605032738,0.0,6.0,2.0,2.0,1.0,0.503448275862069,0.2682926829268293,0.3666245259165613,0.6590761925318368,0.0,0.0,0.0,0.0,0.0,0.0,0.0,0.0,0.0,0.0,0.0,0.0,0.0,0.0,0.0,0.0,0.0,0.0,0.0,0.0,0.0,0.0,0.0,0.0,0.0,0.0,0.0,0.0,0.0,0.0,0.0,0.0,0.0,0.0,0.0,0.0,0.0,0.0,0.0,0.0,0.0,0.0,,,0.0,0.0,0.0,0.0,0.0,0.0,0.0,0.0,0.0,0.0,0.0,0.0,,,,0.0,0.0,0.0,0.0,0.0,0.0,0.0,,0.0,0.0,0.0,0.0,,0.0,0.0,,0.0,0.0,0.0,0.0,0.0,0.0,0.0,0.0,0.0,0.0,20.6,33.6,00-0035676,BrowAJ00,4047646.0,A.J. Brown,1997-06-30,73.0,226.0,Mississippi,2019.0,2.0,51.0,TEN,2019,8,17.0,0.0,6.0,0.0,0.011764705882352941,2022.0,AJ Brown,PHI,25.0,WR,17.0,16.0,145.0,88.0,1496.0,11.0,59.0,948.0,10.8,548.0,6.2,12.1,7.0,12.6,5.0,0.034,3.0,112.3,2023-08-28,,,,,,,,,,,,,,,,,,,,,,,,,,,,,,,,,,,,,,,,,,,,,,,,,,,,,,,,,,,,,,,,,,,,,,,,,,,,,17,16.3,1.7000000000000002,14,10,4
2022,Amon-Ra St. Brown,A.St. Brown,00-0036963,DET,WR,WR,7.0,16,267.6,16.725,161.60000000000002,106.0,106,146,1161,6,0.25932504440497334,0.22563482466747278,0.5469319438746909,9,95,0,0,0,0,0,0,832.0,0.775625,0.3216346153846154,16.725,10.081170566953029,39.400000000000006,5,WR,"https://static.www.nfl.com/image/upload/f_auto,q_auto/league/fd8nwhm6pvxfyzphzl6i",REG,0,0,0,0,0,0,0,,,0,,0,0,0,0,0,0,3,4.856911282578949,0,2,1,1,1,0,0,933,531,68,57.19009879805758,0,58,16,11,1,1.2443729903536977,0,0,0,0,0,0,0,0.0,0.0,0,0,0,0,0,0,0,0,0,0,0,0,0,0,0,0,0,0,0,0,0,0,0,0,0,0,0,0,0,0,0,0,0,,,0,0,0,0,0,0,0,0,0,0,0,0,,,,0,0,0,0,0,0,0,,0,0,0,0,,0,0,,0,0,0,0,0,0,0,0,0,0,,,,,,,,,,,,,,,,,,,,,,,,,,,,,,,,,,,,,,,,,,,,,,,,,,,,,,,,,,,,,,,,,,,,,,,,,,,,,,,,,,,,,,,,,,,,,,,,,,,,,,,,,,,,,,,,,,,,,,,,,,,,,,,,,,,,,,,,,,,,,,,,,,,,00-0036963,StxxAm00,4374302.0,Amon-Ra St. Brown,1999-10-24,72.0,202.0,USC,2021.0,4.0,112.0,DET,2021,6,16.0,0.0,3.0,0.0,0.00625,2022.0,Amon-Ra St Brown,DET,23.0,WR,16.0,16.0,146.0,106.0,1161.0,6.0,68.0,645.0,6.1,516.0,4.9,6.3,7.0,15.1,4.0,0.027000000000000003,1.0,106.6,2023-08-28,2022.0,Amon-Ra St Brown,DET,23.0,WR,16.0,16.0,9.0,95.0,0.0,3.0,80.0,8.9,15.0,1.7,0.0,,2023-08-28,,,,,,,,,,,,,,,,,,,,,,,,,,,,,,,,,,,,,,,,,,,,,,,,,,,,,,,,,,,16,14.25,1.4,13,7,3
2022,Jaylen Waddle,J.Waddle,00-0036613,MIA,WR,WR,8.0,17,259.20000000000005,15.247058823529414,184.20000000000002,75.00000000000003,75,117,1356,8,0.20818505338078291,0.26597744360902253,0.4984617905974901,3,26,0,0,0,0,0,0,785.0,0.7382352941176471,0.33019108280254783,15.24705882352941,9.93743664426715,40.1,4,WR,"https://static.www.nfl.com/image/upload/f_auto,q_auto/league/gkh7m1jedon9mwn5jlf1",REG,0,0,0,0,0,0,0,,,0,,0,0,0,0,0,0,0,1.9743942550267093,0,0,0,0,0,1,1,1415,510,60,75.9575872573306,0,54,33,21,6,0.958303886925795,0,1,0,0,0,0,0,0.0,0.0,0,0,0,0,0,0,0,0,0,0,0,0,0,0,0,0,0,0,1,5,1,0,0,1,1,0,0,0,0,0,0,0,0,,,0,0,0,0,0,0,0,0,0,0,0,0,,,,0,0,0,0,0,0,0,,0,0,0,0,,0,0,,0,0,0,0,0,0,0,0,0,0,J.Waddle,Jaylen Waddle,WR,WR,"https://static.www.nfl.com/image/upload/f_auto,q_auto/league/gkh7m1jedon9mwn5jlf1",2022.0,POST,MIA,1.0,0.0,0.0,0.0,0.0,0.0,0.0,0.0,0.0,0.0,0.0,0.0,0.0,,,0.0,,0.0,0.0,0.0,0.0,1.0,8.0,0.0,0.0,0.0,1.0,1.861422278539976,0.0,0.0,0.0,0.0,0.0,3.0,7.0,44.0,0.0,0.0,0.0,151.0,6.0,1.0,-1.3515516526908113,0.0,2.0,1.0,1.0,0.0,0.2913907284768212,0.16666666666666666,0.3038229376257545,0.46267605633802816,0.0,0.0,0.0,0.0,0.0,0.0,0.0,0.0,0.0,0.0,0.0,0.0,0.0,0.0,0.0,0.0,0.0,0.0,0.0,0.0,0.0,0.0,0.0,0.0,0.0,0.0,0.0,0.0,0.0,0.0,0.0,0.0,0.0,0.0,0.0,0.0,0.0,0.0,0.0,0.0,0.0,0.0,,,0.0,0.0,0.0,0.0,0.0,0.0,0.0,0.0,0.0,0.0,0.0,0.0,,,,0.0,0.0,0.0,0.0,0.0,0.0,0.0,,0.0,0.0,0.0,0.0,,0.0,0.0,,0.0,0.0,0.0,0.0,0.0,0.0,0.0,0.0,0.0,0.0,5.2,8.2,00-0036613,WaddJa00,4372016.0,Jaylen Waddle,1998-11-25,70.0,185.0,Alabama,2021.0,1.0,6.0,MIA,2021,6,17.0,0.0,3.0,0.0,0.007058823529411764,2022.0,Jaylen Waddle,MIA,24.0,WR,17.0,17.0,117.0,75.0,1356.0,8.0,60.0,846.0,11.3,510.0,6.8,11.8,4.0,18.8,7.0,0.06,2.0,119.5,2023-08-28,2022.0,Jaylen Waddle,MIA,24.0,WR,17.0,17.0,3.0,26.0,0.0,0.0,16.0,5.3,10.0,3.3,0.0,,2023-08-28,,,,,,,,,,,,,,,,,,,,,,,,,,,,,,,,,,,,,,,,,,,,,,,,,,,,,,,,,,,17,13.5,1.9,12,8,3
2022,DeVonta Smith,D.Smith,00-0036912,PHI,WR,WR,9.0,17,256.6,15.094117647058825,161.60000000000002,95.0,95,136,1196,7,0.2693069306930693,0.2960378208014408,0.6111868706006125,0,0,0,0,0,0,0,0,1083.0,0.9170588235294117,0.23693444136657435,15.094117647058825,8.516048862899632,31.3,4,WR,"https://static.www.nfl.com/image/upload/f_auto,q_auto/league/k724kq3hyv7jc0y9s03x",REG,0,0,0,0,0,0,0,,,0,,0,0,0,0,0,0,0,,0,0,0,0,0,0,0,1315,476,57,59.69536659034412,0,53,27,18,4,0.9095057034220533,0,0,0,0,0,0,0,0.0,0.0,0,0,0,0,0,0,0,0,0,0,0,0,0,0,0,0,0,0,1,10,0,1,0,1,1,2,15,0,0,0,0,0,0,,,0,0,0,0,0,0,0,0,0,0,0,0,,,,0,0,0,0,0,0,0,,0,0,0,0,,0,0,,0,0,0,0,0,0,0,0,0,0,D.Smith,DeVonta Smith,WR,WR,"https://static.www.nfl.com/image/upload/f_auto,q_auto/league/k724kq3hyv7jc0y9s03x",2022.0,POST,PHI,3.0,0.0,0.0,0.0,0.0,0.0,0.0,0.0,0.0,0.0,0.0,0.0,0.0,,,0.0,,0.0,0.0,0.0,0.0,0.0,0.0,0.0,0.0,0.0,0.0,,0.0,0.0,0.0,0.0,0.0,15.0,22.0,197.0,1.0,0.0,0.0,251.0,69.0,8.0,7.851847479883304,0.0,5.0,4.0,4.0,2.0,0.7848605577689243,0.2682926829268293,0.3173198482932996,0.6245629181955537,0.0,0.0,0.0,0.0,0.0,0.0,0.0,0.0,0.0,0.0,0.0,0.0,0.0,0.0,0.0,0.0,0.0,0.0,0.0,0.0,0.0,0.0,0.0,0.0,0.0,0.0,0.0,0.0,0.0,0.0,0.0,0.0,0.0,0.0,0.0,0.0,0.0,0.0,0.0,0.0,0.0,0.0,,,0.0,0.0,0.0,0.0,0.0,0.0,0.0,0.0,0.0,0.0,0.0,0.0,,,,0.0,0.0,0.0,0.0,0.0,0.0,0.0,,0.0,0.0,0.0,0.0,,0.0,0.0,,0.0,0.0,0.0,0.0,0.0,0.0,0.0,0.0,0.0,0.0,25.700000000000003,40.7,00-0036912,SmitDe07,4241478.0,DeVonta Smith,1998-11-14,72.0,170.0,Alabama,2021.0,1.0,10.0,PHI,2021,6,17.0,0.0,9.0,0.0,0.018823529411764708,2022.0,DeVonta Smith,PHI,24.0,WR,17.0,17.0,136.0,95.0,1196.0,7.0,57.0,706.0,7.4,490.0,5.2,9.6,5.0,19.0,8.0,0.059000000000000004,1.0,111.0,2023-08-28,,,,,,,,,,,,,,,,,,,,,,,,,,,,,,,,,,,,,,,,,,,,,,,,,,,,,,,,,,,,,,,,,,,,,,,,,,,,,17,15.4,0.0,12,10,2
2022,Amari Cooper,A.Cooper,00-0031544,CLE,WR,WR,10.0,17,246.0,14.470588235294118,168.0,78.0,78,132,1160,9,0.2603550295857988,0.3687401751628116,0.6486506669926664,0,0,0,0,1,0,0,1,978.0,0.8323529411764706,0.25153374233128833,14.470588235294118,8.72609339179641,31.3,6,WR,"https://static.www.nfl.com/image/upload/f_auto,q_auto/league/zmtzqznqui37unmo5xv9",REG,0,0,0,0,18,0,0,-4.980502444552258,-43.07703375816345,0,0.0,0,0,0,0,0,0,0,,0,0,0,0,0,0,0,1642,299,61,52.517987040827116,0,50,25,18,4,0.7064555420219245,0,2,0,0,0,0,0,0.0,0.0,0,0,0,0,0,0,0,0,0,0,0,0,0,0,0,0,0,0,5,25,0,0,0,0,0,0,0,0,0,0,0,0,0,,,0,0,0,0,0,0,0,0,0,0,0,0,,,,0,0,0,0,0,0,0,,0,0,0,0,,0,0,,0,0,0,0,0,0,0,0,0,0,,,,,,,,,,,,,,,,,,,,,,,,,,,,,,,,,,,,,,,,,,,,,,,,,,,,,,,,,,,,,,,,,,,,,,,,,,,,,,,,,,,,,,,,,,,,,,,,,,,,,,,,,,,,,,,,,,,,,,,,,,,,,,,,,,,,,,,,,,,,,,,,,,,,00-0031544,CoopAm00,2976499.0,Amari Cooper,1994-06-17,73.0,210.0,Alabama,2015.0,1.0,4.0,LV,2015,10,17.0,0.0,5.0,0.0,0.011176470588235295,2022.0,Amari Cooper,CLE,28.0,WR,17.0,17.0,132.0,78.0,1160.0,9.0,61.0,835.0,10.7,325.0,4.2,12.1,4.0,19.5,12.0,0.091,3.0,101.2,2023-08-28,,,,,,,,,,,,,,,,,,,Amari Cooper,CLE,1.0,0.0,0.0,0.0,0.0,1.0,100.0,2022.0,1.2,1.0,0.0,1.0,1.0,100.0,0.0,0.0,0.0,0.0,0.0,0.0,0.0,0.0,0.0,1.0,0.0,,,,,,,,,,,,,,,,,,,,,,,,,,,,,,,,17,13.2,1.9,10,7,3
2022,Ja'Marr Chase,J.Chase,00-0036900,CIN,WR,WR,11.0,12,242.4,20.2,155.4,87.0,87,134,1046,9,0.2255892255892256,0.2923556194584232,0.5430327720047347,5,8,0,0,0,0,0,0,793.0,0.9391666666666666,0.3056746532156368,20.2,8.469302858505587,33.0,5,WR,"https://static.www.nfl.com/image/upload/f_auto,q_auto/league/qya3dtjb5kgofcuj2tuw",REG,1,-9,0,0,0,0,0,-1.6040139043470845,,0,,0,0,0,0,0,0,0,-6.022194173652679,0,0,0,0,0,2,2,1220,421,58,30.303484140081736,0,45,17,13,3,0.8573770491803279,0,4,0,0,0,0,0,0.0,0.0,0,0,0,0,0,0,0,0,0,0,0,0,0,0,0,0,0,0,3,40,1,1,0,2,2,0,0,0,0,0,0,0,0,,,0,0,0,0,0,0,0,0,0,0,0,0,,,,0,0,0,0,0,0,0,,0,0,0,0,,0,0,,0,0,0,0,0,0,0,0,0,0,J.Chase,Ja'Marr Chase,WR,WR,"https://static.www.nfl.com/image/upload/f_auto,q_auto/league/qya3dtjb5kgofcuj2tuw",2022.0,POST,CIN,3.0,0.0,0.0,0.0,0.0,0.0,0.0,0.0,0.0,0.0,0.0,0.0,0.0,,,0.0,,0.0,0.0,0.0,0.0,1.0,3.0,0.0,0.0,0.0,0.0,-0.13517144171055406,0.0,0.0,0.0,0.0,0.0,20.0,28.0,220.0,2.0,0.0,0.0,249.0,99.0,11.0,18.83853715959998,0.0,9.0,4.0,2.0,0.0,0.8835341365461847,0.27722772277227725,0.3333333333333333,0.6491749174917492,0.0,0.0,0.0,0.0,0.0,0.0,0.0,0.0,0.0,0.0,0.0,0.0,0.0,0.0,0.0,0.0,0.0,0.0,0.0,0.0,0.0,0.0,0.0,0.0,0.0,0.0,0.0,1.0,5.0,0.0,0.0,0.0,0.0,0.0,0.0,0.0,0.0,0.0,0.0,0.0,0.0,0.0,,,0.0,0.0,0.0,0.0,0.0,0.0,0.0,0.0,0.0,0.0,0.0,0.0,,,,0.0,0.0,0.0,0.0,0.0,0.0,0.0,,0.0,0.0,0.0,0.0,,0.0,0.0,,0.0,0.0,0.0,0.0,0.0,0.0,0.0,0.0,0.0,0.0,34.3,54.3,00-0036900,ChasJa00,4362628.0,Ja'Marr Chase,2000-03-01,72.0,205.0,LSU,2021.0,1.0,5.0,CIN,2021,6,12.0,0.0,0.0,0.0,0.0,2022.0,JaMarr Chase,CIN,22.0,WR,12.0,12.0,134.0,87.0,1046.0,9.0,58.0,608.0,7.0,438.0,5.0,9.0,10.0,8.7,11.0,0.08199999999999999,4.0,98.7,2023-08-28,2022.0,JaMarr Chase,CIN,22.0,WR,12.0,12.0,5.0,8.0,0.0,0.0,6.0,1.2,2.0,0.4,0.0,,2023-08-28,,,,,,,,,,,,,,,,,,,,,,,,,,,,,,,,,,,,,,,,,,,,,,,,,,,,,,,,,,,12,17.85,10.8,12,7,4
2022,Christian Kirk,C.Kirk,00-0034775,JAX,WR,WR,12.0,17,241.9,14.229411764705883,157.9,84.0,84,133,1108,8,0.23170731707317074,0.27941176470588236,0.5431492109038738,5,11,0,0,1,0,0,0,991.0,0.8847058823529411,0.24409687184661957,14.229411764705883,8.21308138778333,31.5,4,WR,"https://static.www.nfl.com/image/upload/f_auto,q_auto/league/ffp75mtwnqgrv0qz0txz",REG,0,0,0,0,1,0,0,-0.32680640323087573,-83.19438695907593,0,0.0,0,0,0,0,0,0,0,-0.8311991388909519,0,0,0,0,0,1,1,1216,371,54,31.983595938659242,0,45,25,18,2,0.9111842105263158,0,1,0,0,0,0,0,0.0,0.0,0,0,0,0,0,0,0,0,0,0,0,0,0,2,-6,0,0,0,1,5,1,0,0,1,1,4,25,0,0,0,0,0,0,,,0,0,0,0,0,0,0,0,0,0,0,0,,,,0,0,0,0,0,0,0,,0,0,0,0,,0,0,,0,0,0,0,0,0,0,0,0,0,C.Kirk,Christian Kirk,WR,WR,"https://static.www.nfl.com/image/upload/f_auto,q_auto/league/ffp75mtwnqgrv0qz0txz",2022.0,POST,JAX,2.0,0.0,0.0,0.0,0.0,0.0,0.0,0.0,0.0,0.0,0.0,0.0,0.0,,,0.0,,0.0,0.0,0.0,0.0,1.0,18.0,0.0,0.0,0.0,1.0,1.385409202775918,0.0,1.0,1.0,0.0,0.0,15.0,28.0,130.0,2.0,0.0,0.0,247.0,39.0,8.0,-3.9905162019331097,0.0,6.0,1.0,0.0,0.0,0.5263157894736842,0.3333333333333333,0.37652439024390244,0.7635670731707317,0.0,0.0,0.0,0.0,0.0,0.0,0.0,0.0,0.0,0.0,0.0,0.0,0.0,0.0,0.0,0.0,0.0,0.0,0.0,0.0,0.0,0.0,0.0,0.0,0.0,0.0,0.0,0.0,0.0,0.0,0.0,0.0,0.0,0.0,0.0,0.0,0.0,0.0,0.0,0.0,0.0,0.0,,,0.0,0.0,0.0,0.0,0.0,0.0,0.0,0.0,0.0,0.0,0.0,0.0,,,,0.0,0.0,0.0,0.0,0.0,0.0,0.0,,0.0,0.0,0.0,0.0,,0.0,0.0,,0.0,0.0,0.0,0.0,0.0,0.0,0.0,0.0,0.0,0.0,26.8,41.8,00-0034775,KirkCh01,3895856.0,Christian Kirk,1996-11-18,71.0,200.0,Texas A&M,2018.0,2.0,47.0,ARI,2018,9,17.0,0.0,9.0,0.0,0.021176470588235293,2022.0,Christian Kirk,JAX,26.0,WR,17.0,17.0,133.0,84.0,1108.0,8.0,55.0,737.0,8.8,371.0,4.4,9.1,5.0,16.8,7.0,0.053,4.0,96.9,2023-08-28,2022.0,Christian Kirk,JAX,26.0,WR,17.0,17.0,5.0,11.0,0.0,0.0,4.0,0.8,7.0,1.4,1.0,5.0,2023-08-28,Christian Kirk,JAX,1.0,0.0,0.0,0.0,0.0,1.0,100.0,2022.0,1.1,0.0,0.0,0.0,0.0,0.0,0.0,0.0,0.0,1.0,0.0,1.0,0.0,0.0,0.0,1.0,0.0,,,,,,,,,,,,,,,,,,,,,,,,,,,,,,,,17,15.200000000000001,2.1,10,9,2
2022,Tyler Lockett,T.Lockett,00-0032211,SEA,WR,WR,13.0,16,239.3,14.95625,155.3,84.0,84,117,1033,9,0.2115732368896926,0.2875665663347997,0.5186564517688987,0,0,0,0,0,0,0,0,799.0,0.7975,0.29949937421777223,14.95625,6.908542417423037,27.8,2,WR,"https://static.www.nfl.com/image/upload/f_auto,q_auto/league/gyhvviyep9iigeaobxmi",REG,0,0,0,0,0,0,0,,,0,,0,0,0,0,0,0,0,,0,0,0,0,0,1,1,1242,272,50,38.25288152779134,0,42,20,14,1,0.8317230273752013,0,2,0,0,0,0,0,0.0,0.0,0,0,0,0,0,1,0,0,0,0,0,0,0,0,0,0,0,0,2,10,2,0,0,2,2,1,7,0,0,0,0,0,0,,,0,0,0,0,0,0,0,0,0,0,0,0,,,,0,0,0,0,0,0,0,,0,0,0,0,,0,0,,0,0,0,0,0,0,0,0,0,0,T.Lockett,Tyler Lockett,WR,WR,"https://static.www.nfl.com/image/upload/f_auto,q_auto/league/gyhvviyep9iigeaobxmi",2022.0,POST,SEA,1.0,0.0,0.0,0.0,0.0,0.0,0.0,0.0,0.0,0.0,0.0,0.0,0.0,,,0.0,,0.0,0.0,0.0,0.0,0.0,0.0,0.0,0.0,0.0,0.0,,0.0,0.0,0.0,0.0,0.0,6.0,8.0,39.0,0.0,0.0,0.0,56.0,6.0,3.0,-1.169480791024398,0.0,1.0,0.0,0.0,0.0,0.6964285714285714,0.23529411764705882,0.17177914110429449,0.4731865752435943,0.0,1.0,0.0,0.0,0.0,0.0,0.0,0.0,0.0,0.0,0.0,0.0,0.0,0.0,0.0,0.0,0.0,0.0,0.0,0.0,0.0,0.0,0.0,0.0,0.0,0.0,0.0,0.0,0.0,0.0,0.0,0.0,0.0,0.0,0.0,0.0,0.0,0.0,0.0,0.0,0.0,0.0,,,0.0,0.0,0.0,0.0,0.0,0.0,0.0,0.0,0.0,0.0,0.0,0.0,,,,0.0,0.0,0.0,0.0,0.0,0.0,0.0,,0.0,0.0,0.0,0.0,,0.0,0.0,,0.0,0.0,0.0,0.0,0.0,0.0,0.0,0.0,0.0,0.0,3.9000000000000004,9.9,00-0032211,LockTy00,2577327.0,Tyler Lockett,1992-09-28,70.0,182.0,Kansas State,2015.0,3.0,69.0,SEA,2015,11,16.0,0.0,28.0,0.0,0.06125,2022.0,Tyler Lockett,SEA,30.0,WR,16.0,16.0,117.0,84.0,1033.0,9.0,50.0,759.0,9.0,274.0,3.3,10.6,1.0,84.0,2.0,0.017,5.0,106.5,2023-08-28,,,,,,,,,,,,,,,,,,,,,,,,,,,,,,,,,,,,,,,,,,,,,,,,,,,,,,,,,,,,,,,,,,,,,,,,,,,,,16,15.350000000000001,3.5,13,10,2
2022,Terry McLaurin,T.McLaurin,00-0035659,WAS,WR,WR,14.0,17,229.0,13.470588235294118,152.0,77.0,77,120,1191,5,0.22598870056497175,0.3478553783965866,0.5824818157250682,7,29,0,0,0,0,0,0,1063.0,0.8947058823529412,0.2154280338664158,13.470588235294118,5.438837732673493,24.5,2,WR,"https://static.www.nfl.com/image/upload/f_auto,q_auto/league/tmfl2zruajmkrtcg4zxp",REG,0,0,0,0,0,0,0,,,0,,0,0,0,0,1,0,2,1.287610150524415,0,1,1,0,0,0,0,1549,382,56,48.660015074449284,0,48,28,16,6,0.7688831504196255,0,3,0,0,0,0,0,0.0,0.0,0,0,0,0,0,0,0,0,0,0,0,0,0,1,0,0,0,0,1,5,1,0,0,1,0,0,0,0,0,0,0,0,0,,,0,0,0,0,0,0,0,0,0,0,0,0,,,,0,0,0,0,0,0,0,,0,0,0,0,,0,0,,0,0,0,0,0,0,0,0,0,0,,,,,,,,,,,,,,,,,,,,,,,,,,,,,,,,,,,,,,,,,,,,,,,,,,,,,,,,,,,,,,,,,,,,,,,,,,,,,,,,,,,,,,,,,,,,,,,,,,,,,,,,,,,,,,,,,,,,,,,,,,,,,,,,,,,,,,,,,,,,,,,,,,,,00-0035659,McLaTe00,3121422.0,Terry McLaurin,1995-09-15,72.0,210.0,Ohio State,2019.0,3.0,76.0,WAS,2019,8,17.0,0.0,0.0,0.0,0.0,2022.0,Terry McLaurin,WAS,27.0,WR,17.0,17.0,120.0,77.0,1191.0,5.0,56.0,797.0,10.4,394.0,5.1,12.8,7.0,11.0,3.0,0.025,2.0,103.9,2023-08-28,2022.0,Terry McLaurin,WAS,27.0,WR,17.0,17.0,7.0,29.0,0.0,2.0,23.0,3.3,6.0,0.9,0.0,,2023-08-28,,,,,,,,,,,,,,,,,,,,,,,,,,,,,,,,,,,,,,,,,,,,,,,,,,,,,,,,,,,17,13.0,3.5,12,7,0
2022,Brandon Aiyuk,B.Aiyuk,00-0036261,SF,WR,WR,15.0,17,227.8,13.4,149.8,78.0,78,114,1015,8,0.2261904761904762,0.32807118254879447,0.5689355420698704,2,23,0,0,0,0,0,0,1002.0,0.91,0.22734530938123754,13.4,6.5130637951735135,28.3,3,WR,"https://static.www.nfl.com/image/upload/f_auto,q_auto/league/avzzxycxyculxxqce5k7",REG,0,0,0,0,0,0,0,,,0,,0,0,0,0,0,0,1,1.5236328177852556,0,1,1,0,0,1,1,1143,375,47,41.961446469648976,0,47,24,17,1,0.8880139982502188,0,3,0,0,0,0,0,0.0,0.0,0,0,0,0,0,0,0,0,0,0,0,0,0,0,0,0,0,0,2,20,1,0,0,1,1,0,0,0,0,0,0,0,0,,,0,0,0,0,0,0,0,0,0,0,0,0,,,,0,0,0,0,0,0,0,,0,0,0,0,,0,0,,0,0,0,0,0,0,0,0,0,0,B.Aiyuk,Brandon Aiyuk,WR,WR,"https://static.www.nfl.com/image/upload/f_auto,q_auto/league/avzzxycxyculxxqce5k7",2022.0,POST,SF,3.0,0.0,0.0,0.0,0.0,0.0,0.0,0.0,0.0,0.0,0.0,0.0,0.0,,,0.0,,0.0,0.0,0.0,0.0,0.0,0.0,0.0,0.0,0.0,0.0,,0.0,0.0,0.0,0.0,0.0,6.0,10.0,109.0,0.0,0.0,0.0,185.0,24.0,6.0,6.071176680146368,0.0,5.0,4.0,2.0,0.0,0.5891891891891892,0.14705882352941177,0.2496626180836707,0.3953520679526871,0.0,0.0,0.0,0.0,0.0,0.0,0.0,0.0,0.0,0.0,0.0,0.0,0.0,0.0,0.0,0.0,0.0,0.0,0.0,0.0,0.0,0.0,0.0,0.0,0.0,0.0,0.0,0.0,0.0,0.0,0.0,0.0,0.0,0.0,0.0,0.0,0.0,0.0,0.0,0.0,0.0,0.0,,,0.0,0.0,0.0,0.0,0.0,0.0,0.0,0.0,0.0,0.0,0.0,0.0,,,,0.0,0.0,0.0,0.0,0.0,0.0,0.0,,0.0,0.0,0.0,0.0,,0.0,0.0,,0.0,0.0,0.0,0.0,0.0,0.0,0.0,0.0,0.0,0.0,10.9,16.9,00-0036261,AiyuBr00,4360438.0,Brandon Aiyuk,1998-03-17,72.0,200.0,Arizona State; Sierra JC,2020.0,1.0,25.0,SF,2020,6,17.0,0.0,0.0,0.0,0.0,2022.0,Brandon Aiyuk,SF,24.0,WR,17.0,17.0,114.0,78.0,1015.0,8.0,47.0,627.0,8.0,388.0,5.0,9.9,4.0,19.5,7.0,0.061,1.0,115.9,2023-08-28,2022.0,Brandon Aiyuk,SF,24.0,WR,17.0,17.0,2.0,23.0,0.0,1.0,15.0,7.5,8.0,4.0,0.0,,2023-08-28,,,,,,,,,,,,,,,,,,,,,,,,,,,,,,,,,,,,,,,,,,,,,,,,,,,,,,,,,,,17,12.4,3.9000000000000004,11,5,2
2022,DK Metcalf,D.Metcalf,00-0035640,SEA,WR,WR,16.0,17,226.8,13.341176470588236,136.8,90.0,90,141,1048,6,0.2549728752260398,0.3660569576290808,0.6386991831794162,0,0,0,0,0,0,0,0,893.0,0.8247058823529412,0.25397536394176934,13.341176470588236,7.102117538411468,26.700000000000003,3,WR,"https://static.www.nfl.com/image/upload/f_auto,q_auto/league/kxql4sjfelubhxawu2zh",REG,0,0,0,0,0,0,0,,,0,,0,0,0,0,0,0,0,,0,0,0,0,0,2,2,1581,216,47,7.048705952152498,0,43,17,11,3,0.6628716002530044,0,1,0,0,0,0,0,0.0,0.0,0,0,0,0,0,0,0,0,0,0,0,0,0,0,0,0,0,0,7,80,2,0,0,2,2,0,0,0,0,0,0,0,0,,,0,0,0,0,0,0,0,0,0,0,0,0,,,,0,0,0,0,0,0,0,,0,0,0,0,,0,0,,0,0,0,0,0,0,0,0,0,0,D.Metcalf,DK Metcalf,WR,WR,"https://static.www.nfl.com/image/upload/f_auto,q_auto/league/kxql4sjfelubhxawu2zh",2022.0,POST,SEA,1.0,0.0,0.0,0.0,0.0,0.0,0.0,0.0,0.0,0.0,0.0,0.0,0.0,,,0.0,,0.0,0.0,0.0,0.0,0.0,0.0,0.0,0.0,0.0,0.0,,0.0,0.0,0.0,0.0,0.0,10.0,13.0,136.0,2.0,0.0,0.0,179.0,45.0,7.0,11.399863517304883,0.0,5.0,2.0,2.0,1.0,0.7597765363128491,0.38235294117647056,0.549079754601227,0.9578852399855647,0.0,0.0,0.0,0.0,0.0,0.0,0.0,0.0,0.0,0.0,0.0,0.0,0.0,0.0,0.0,0.0,0.0,0.0,0.0,0.0,0.0,0.0,0.0,0.0,0.0,0.0,0.0,0.0,0.0,0.0,0.0,0.0,0.0,0.0,0.0,0.0,0.0,0.0,0.0,0.0,0.0,0.0,,,0.0,0.0,0.0,0.0,0.0,0.0,0.0,0.0,0.0,0.0,0.0,0.0,,,,0.0,0.0,0.0,0.0,0.0,0.0,0.0,,0.0,0.0,0.0,0.0,,0.0,0.0,,0.0,0.0,0.0,0.0,0.0,0.0,0.0,0.0,0.0,0.0,25.6,35.6,00-0035640,MetcDK00,4047650.0,DK Metcalf,1997-12-14,76.0,235.0,Mississippi,2019.0,2.0,64.0,SEA,2019,8,17.0,0.0,2.0,0.0,0.00411764705882353,2022.0,DK Metcalf,SEA,25.0,WR,17.0,17.0,141.0,90.0,1048.0,6.0,47.0,831.0,9.2,217.0,2.4,11.2,1.0,90.0,7.0,0.05,4.0,88.6,2023-08-28,,,,,,,,,,,,,,,,,,,,,,,,,,,,,,,,,,,,,,,,,,,,,,,,,,,,,,,,,,,,,,,,,,,,,,,,,,,,,17,14.7,1.3,11,8,1
2022,Mike Evans,M.Evans,00-0031408,TB,WR,WR,17.0,15,225.4,15.026666666666667,148.4,77.0,77,127,1124,6,0.17541436464088397,0.32487407981402555,0.4905334028311438,0,0,0,0,0,0,0,0,927.0,0.8446666666666667,0.24314994606256743,15.026666666666667,11.348786383616199,48.7,2,WR,"https://static.www.nfl.com/image/upload/f_auto,q_auto/league/zc4ujpmndyxrbiyyjomz",REG,0,0,0,0,0,0,0,,,0,,0,0,0,0,0,0,0,,0,0,0,0,0,0,0,1677,216,53,26.091298192754156,0,43,26,19,5,0.6702444841979726,0,4,0,0,0,0,0,0.0,0.0,0,0,0,0,0,0,0,0,0,0,0,0,0,0,0,0,0,0,3,20,0,0,0,0,0,0,0,0,0,0,0,0,0,,,0,0,0,0,0,0,0,0,0,0,0,0,,,,0,0,0,0,0,0,0,,0,0,0,0,,0,0,,0,0,0,0,0,0,0,0,0,0,M.Evans,Mike Evans,WR,WR,"https://static.www.nfl.com/image/upload/f_auto,q_auto/league/zc4ujpmndyxrbiyyjomz",2022.0,POST,TB,1.0,0.0,0.0,0.0,0.0,0.0,0.0,0.0,0.0,0.0,0.0,0.0,0.0,,,0.0,,0.0,0.0,0.0,0.0,0.0,0.0,0.0,0.0,0.0,0.0,,0.0,0.0,0.0,0.0,0.0,6.0,11.0,74.0,0.0,0.0,0.0,145.0,17.0,4.0,3.934298235792201,1.0,4.0,2.0,1.0,0.0,0.5103448275862069,0.18032786885245902,0.4027777777777778,0.552436247723133,0.0,0.0,0.0,0.0,0.0,0.0,0.0,0.0,0.0,0.0,0.0,0.0,0.0,0.0,0.0,0.0,0.0,0.0,0.0,0.0,0.0,0.0,0.0,0.0,0.0,0.0,0.0,0.0,0.0,0.0,0.0,0.0,0.0,0.0,0.0,0.0,0.0,0.0,0.0,0.0,0.0,0.0,,,0.0,0.0,0.0,0.0,0.0,0.0,0.0,0.0,0.0,0.0,0.0,0.0,,,,0.0,0.0,0.0,0.0,0.0,0.0,0.0,,0.0,0.0,0.0,0.0,,0.0,0.0,,0.0,0.0,0.0,0.0,0.0,0.0,0.0,0.0,0.0,0.0,9.4,15.4,00-0031408,EvanMi00,16737.0,Mike Evans,1993-08-21,77.0,231.0,Texas A&M,2014.0,1.0,7.0,TB,2014,13,15.0,0.0,3.0,0.0,0.008666666666666666,2022.0,Mike Evans,TB,29.0,WR,15.0,15.0,127.0,77.0,1124.0,6.0,53.0,908.0,11.8,216.0,2.8,12.6,2.0,38.5,4.0,0.031,6.0,85.5,2023-08-28,,,,,,,,,,,,,,,,,,,,,,,,,,,,,,,,,,,,,,,,,,,,,,,,,,,,,,,,,,,,,,,,,,,,,,,,,,,,,15,10.4,5.1,8,5,2
2022,Chris Godwin Jr.,C.Godwin,00-0033921,TB,WR,WR,18.0,15,222.8,14.853333333333333,118.80000000000001,104.0,104,142,1023,3,0.19613259668508287,0.1588531576908175,0.40539610541119653,3,5,0,0,0,0,0,0,880.0,0.8026666666666666,0.2531818181818182,14.853333333333333,5.802446118007556,29.0,3,WR,"https://static.www.nfl.com/image/upload/f_auto,q_auto/league/ilkheljdx4hbjpisulke",REG,0,0,0,0,0,0,0,,,0,,0,0,0,0,0,0,0,-1.5077545003732666,0,0,0,0,0,2,2,820,514,53,29.798729561303464,1,40,16,10,1,1.247560975609756,0,1,0,1,0,0,0,0.0,0.0,0,0,0,0,0,0,0,0,0,0,0,0,0,1,0,0,0,0,4,45,2,0,0,2,2,0,0,0,0,0,0,0,0,,,0,0,0,0,0,0,0,0,0,0,0,0,,,,0,0,0,0,0,0,0,,0,0,0,0,,0,0,,0,0,0,0,0,0,0,0,0,0,C.Godwin,Chris Godwin Jr.,WR,WR,"https://static.www.nfl.com/image/upload/f_auto,q_auto/league/ilkheljdx4hbjpisulke",2022.0,POST,TB,1.0,0.0,0.0,0.0,0.0,0.0,0.0,0.0,0.0,0.0,0.0,0.0,0.0,,,0.0,,0.0,0.0,0.0,0.0,0.0,0.0,0.0,0.0,0.0,0.0,,0.0,0.0,0.0,0.0,0.0,10.0,13.0,85.0,0.0,0.0,0.0,43.0,53.0,5.0,1.7782863173489458,0.0,4.0,1.0,0.0,0.0,1.9767441860465116,0.21311475409836064,0.11944444444444445,0.4032832422586521,0.0,0.0,0.0,0.0,0.0,0.0,0.0,0.0,0.0,0.0,0.0,0.0,0.0,0.0,0.0,0.0,0.0,0.0,0.0,0.0,0.0,0.0,0.0,0.0,0.0,0.0,0.0,0.0,0.0,0.0,0.0,0.0,0.0,0.0,0.0,0.0,0.0,0.0,0.0,0.0,0.0,0.0,,,0.0,0.0,0.0,0.0,0.0,0.0,0.0,0.0,0.0,0.0,0.0,0.0,,,,0.0,0.0,0.0,0.0,0.0,0.0,0.0,,0.0,0.0,0.0,0.0,,0.0,0.0,,0.0,0.0,0.0,0.0,0.0,0.0,0.0,0.0,0.0,0.0,8.5,18.5,00-0033921,GodwCh00,3116165.0,Chris Godwin Jr.,1996-02-27,73.0,209.0,Penn State,2017.0,3.0,84.0,TB,2017,10,15.0,0.0,3.0,0.0,0.008666666666666666,2022.0,Chris Godwin,TB,26.0,WR,15.0,13.0,142.0,104.0,1023.0,3.0,53.0,496.0,4.8,527.0,5.1,5.7,4.0,26.0,3.0,0.021,1.0,97.2,2023-08-28,2022.0,Chris Godwin,TB,26.0,WR,15.0,13.0,3.0,5.0,0.0,0.0,4.0,1.3,1.0,0.3,0.0,,2023-08-28,,,,,,,,,,,,,,,,,,,,,,,,,,,,,,,,,,,,,,,,,,,,,,,,,,,,,,,,,,,15,13.5,6.5,13,5,1
2022,Tee Higgins,T.Higgins,00-0036410,CIN,WR,WR,19.0,14,220.9,15.778571428571428,146.9,74.0,74,109,1029,7,0.1835016835016835,0.2839683680805176,0.47403038290888755,0,0,0,0,0,0,0,0,757.0,0.696875,0.2918097754293263,15.778571428571428,7.53006063633044,26.8,4,WR,"https://static.www.nfl.com/image/upload/f_auto,q_auto/league/gpwtyv3viwy9q4ewderl",REG,0,0,0,0,0,0,0,,,0,,0,0,0,0,0,0,0,,0,0,0,0,0,0,0,1185,286,46,54.56832947387763,1,42,24,14,3,0.8683544303797468,0,0,0,0,0,0,0,0.0,0.0,0,0,0,0,0,0,0,0,0,0,0,0,0,0,0,0,0,0,1,10,0,0,0,0,0,0,0,0,0,0,0,0,0,,,0,0,0,0,0,0,0,0,0,0,0,0,,,,0,0,0,0,0,0,0,,0,0,0,0,,0,0,,0,0,0,0,0,0,0,0,0,0,T.Higgins,Tee Higgins,WR,WR,"https://static.www.nfl.com/image/upload/f_auto,q_auto/league/gpwtyv3viwy9q4ewderl",2022.0,POST,CIN,3.0,0.0,0.0,0.0,0.0,0.0,0.0,0.0,0.0,0.0,0.0,0.0,0.0,,,0.0,,0.0,0.0,0.0,0.0,0.0,0.0,0.0,0.0,0.0,0.0,,0.0,0.0,0.0,0.0,0.0,13.0,21.0,148.0,1.0,0.0,0.0,243.0,34.0,8.0,3.7525232976317673,1.0,8.0,2.0,2.0,0.0,0.6090534979423868,0.2079207920792079,0.3253012048192771,0.5395920314923058,0.0,1.0,0.0,0.0,0.0,0.0,0.0,0.0,0.0,0.0,0.0,0.0,0.0,0.0,0.0,0.0,0.0,0.0,0.0,0.0,0.0,0.0,0.0,0.0,0.0,0.0,0.0,0.0,0.0,0.0,0.0,0.0,0.0,0.0,0.0,0.0,0.0,0.0,0.0,0.0,0.0,0.0,,,0.0,0.0,0.0,0.0,0.0,0.0,0.0,0.0,0.0,0.0,0.0,0.0,,,,0.0,0.0,0.0,0.0,0.0,0.0,0.0,,0.0,0.0,0.0,0.0,,0.0,0.0,,0.0,0.0,0.0,0.0,0.0,0.0,0.0,0.0,0.0,0.0,22.8,35.8,00-0036410,HiggTe00,4239993.0,Tee Higgins,1999-01-18,76.0,219.0,Clemson,2020.0,2.0,33.0,CIN,2020,7,16.0,0.0,3.0,0.0,0.00625,2022.0,Tee Higgins,CIN,23.0,WR,16.0,14.0,109.0,74.0,1029.0,7.0,47.0,743.0,10.0,286.0,3.9,10.9,2.0,37.0,8.0,0.073,1.0,115.6,2023-08-28,,,,,,,,,,,,,,,,,,,,,,,,,,,,,,,,,,,,,,,,,,,,,,,,,,,,,,,,,,,,,,,,,,,,,,,,,,,,,14,14.3,1.7000000000000002,12,6,2
2022,Michael Pittman,M.Pittman,00-0036252,IND,WR,WR,20.0,16,216.5,13.53125,117.5,99.0,99,141,925,4,0.24352331606217617,0.2567109721136304,0.5449826545728056,3,30,0,0,0,0,0,0,1065.0,0.9662499999999999,0.20328638497652582,13.53125,6.837223486182093,27.1,2,WR,"https://static.www.nfl.com/image/upload/f_auto,q_auto/league/q1ythn05kwcmdr4mwzll",REG,0,0,0,0,0,0,0,,,0,,0,0,0,0,0,0,2,1.5096065041725524,0,2,1,0,0,2,1,985,344,51,20.614269010726332,0,40,16,8,0,0.9390862944162437,0,4,0,0,0,0,0,0.0,0.0,0,0,0,0,0,0,0,0,0,0,0,0,0,2,0,0,0,0,1,10,2,0,0,2,1,0,0,0,0,0,0,0,0,,,0,0,0,0,0,0,0,0,0,0,0,0,,,,0,0,0,0,0,0,0,,0,0,0,0,,0,0,,0,0,0,0,0,0,0,0,0,0,,,,,,,,,,,,,,,,,,,,,,,,,,,,,,,,,,,,,,,,,,,,,,,,,,,,,,,,,,,,,,,,,,,,,,,,,,,,,,,,,,,,,,,,,,,,,,,,,,,,,,,,,,,,,,,,,,,,,,,,,,,,,,,,,,,,,,,,,,,,,,,,,,,,00-0036252,PittMi01,4035687.0,Michael Pittman,1997-10-05,76.0,223.0,USC,2020.0,2.0,34.0,IND,2020,7,16.0,0.0,1.0,0.0,0.0025,2022.0,Michael Pittman,IND,25.0,WR,16.0,16.0,141.0,99.0,925.0,4.0,51.0,568.0,5.7,357.0,3.6,6.9,4.0,24.8,6.0,0.043,3.0,88.5,2023-08-28,2022.0,Michael Pittman,IND,25.0,WR,16.0,16.0,3.0,30.0,0.0,2.0,24.0,8.0,6.0,2.0,0.0,,2023-08-28,,,,,,,,,,,,,,,,,,,,,,,,,,,,,,,,,,,,,,,,,,,,,,,,,,,,,,,,,,,16,12.3,3.6,11,6,2
2022,Garrett Wilson,G.Wilson,00-0037740,NYJ,WR,WR,21.0,17,215.7,12.688235294117646,132.7,83.0,83,147,1103,4,0.25,0.2992460854436497,0.5844722598105547,4,4,0,0,1,0,0,0,884.0,0.7988235294117647,0.24400452488687782,12.688235294117646,8.567809109753581,30.0,3,WR,"https://static.www.nfl.com/image/upload/f_auto,q_auto/league/upxwxmhdd8xluztgqwhe",REG,0,0,0,0,9,0,0,-0.4925385075621307,,0,0.0,0,0,0,0,1,0,0,-2.266002023476176,0,0,0,0,0,1,1,1548,384,56,33.51924622376474,0,48,21,13,3,0.712532299741602,0,1,0,0,0,0,0,0.0,0.0,0,0,0,0,0,0,0,0,0,0,0,0,0,2,0,0,0,0,4,25,1,1,0,2,1,0,0,0,0,0,0,0,0,,,0,0,0,0,0,0,0,0,0,0,0,0,,,,0,0,0,0,0,0,0,,0,0,0,0,,0,0,,0,0,0,0,0,0,0,0,0,0,,,,,,,,,,,,,,,,,,,,,,,,,,,,,,,,,,,,,,,,,,,,,,,,,,,,,,,,,,,,,,,,,,,,,,,,,,,,,,,,,,,,,,,,,,,,,,,,,,,,,,,,,,,,,,,,,,,,,,,,,,,,,,,,,,,,,,,,,,,,,,,,,,,,00-0037740,WilsGa00,4569618.0,Garrett Wilson,2000-07-22,72.0,183.0,Ohio State,2022.0,1.0,10.0,NYJ,2022,5,17.0,0.0,0.0,0.0,0.0,2022.0,Garrett Wilson,NYJ,22.0,WR,17.0,12.0,147.0,83.0,1103.0,4.0,56.0,719.0,8.7,384.0,4.6,10.5,10.0,8.3,5.0,0.034,1.0,86.6,2023-08-28,2022.0,Garrett Wilson,NYJ,22.0,WR,17.0,12.0,4.0,4.0,0.0,0.0,4.0,1.0,0.0,0.0,0.0,,2023-08-28,Garrett Wilson,NYJ,1.0,1.0,0.0,0.0,0.0,0.0,0.0,2022.0,4.3,0.0,0.0,0.0,0.0,0.0,0.0,0.0,0.0,1.0,0.0,1.0,0.0,0.0,0.0,0.0,0.0,,,,,,,,,,,,,,,,,,,,,,,,,,,,,,,,17,12.0,1.8,9,6,2
2022,Jerry Jeudy,J.Jeudy,00-0036407,DEN,WR,WR,22.0,15,204.2,13.613333333333333,137.2,67.0,67,100,972,6,0.18484288354898337,0.22929171668667467,0.4377685270041473,4,40,0,0,0,0,0,0,713.0,0.7146666666666667,0.2863955119214586,13.613333333333335,8.79706661065954,33.3,3,WR,"https://static.www.nfl.com/image/upload/f_auto,q_auto/league/szca1v9butuqkjs7ekpm",REG,0,0,0,0,0,0,0,,,0,,0,0,0,0,0,0,4,1.5015500135486946,0,3,3,0,0,0,0,1146,396,41,47.38234580733356,0,37,25,14,5,0.8481675392670157,0,1,0,0,0,0,0,0.0,0.0,0,0,0,0,0,0,0,0,0,0,0,0,0,1,0,0,0,0,1,5,0,0,0,0,0,0,0,0,0,0,0,0,0,,,0,0,0,0,0,0,0,0,0,0,0,0,,,,0,0,0,0,0,0,0,,0,0,0,0,,0,0,,0,0,0,0,0,0,0,0,0,0,,,,,,,,,,,,,,,,,,,,,,,,,,,,,,,,,,,,,,,,,,,,,,,,,,,,,,,,,,,,,,,,,,,,,,,,,,,,,,,,,,,,,,,,,,,,,,,,,,,,,,,,,,,,,,,,,,,,,,,,,,,,,,,,,,,,,,,,,,,,,,,,,,,,00-0036407,JeudJe00,4241463.0,Jerry Jeudy,1999-04-24,73.0,195.0,Alabama,2020.0,1.0,15.0,DEN,2020,7,15.0,0.0,0.0,0.0,0.0,2022.0,Jerry Jeudy,DEN,23.0,WR,15.0,14.0,100.0,67.0,972.0,6.0,41.0,580.0,8.7,392.0,5.9,11.5,3.0,22.3,5.0,0.05,2.0,110.1,2023-08-28,2022.0,Jerry Jeudy,DEN,23.0,WR,15.0,14.0,4.0,40.0,0.0,4.0,35.0,8.8,5.0,1.3,0.0,,2023-08-28,,,,,,,,,,,,,,,,,,,,,,,,,,,,,,,,,,,,,,,,,,,,,,,,,,,,,,,,,,,15,14.600000000000001,0.0,10,7,1
2022,Cooper Kupp,C.Kupp,00-0033908,LA,WR,WR,23.0,9,201.4,22.37777777777778,126.4,75.0,75,98,812,6,0.1895551257253385,0.19207974137931033,0.418788507553525,9,52,1,0,1,0,0,0,530.0,0.9500000000000001,0.38,22.37777777777778,9.163484296076708,31.8,6,WR,"https://static.www.nfl.com/image/upload/f_auto,q_auto/league/kjixprihktsfog6wx9sq",REG,0,0,0,0,25,0,0,-0.46752027643378824,-32.619112730026245,0,0.0,0,0,0,0,0,0,4,1.3107369058998302,0,2,2,1,0,2,1,713,413,42,16.34206747923786,0,29,16,11,2,1.1388499298737729,0,2,0,0,0,0,0,0.0,0.0,0,0,0,0,0,0,0,0,0,0,0,0,0,0,7,0,0,0,0,0,1,1,0,2,1,0,0,0,0,0,0,0,0,,,0,0,0,0,0,0,0,0,0,0,0,0,,,,0,0,0,0,0,0,0,,0,0,0,0,,0,0,,0,0,0,0,0,0,0,0,0,0,,,,,,,,,,,,,,,,,,,,,,,,,,,,,,,,,,,,,,,,,,,,,,,,,,,,,,,,,,,,,,,,,,,,,,,,,,,,,,,,,,,,,,,,,,,,,,,,,,,,,,,,,,,,,,,,,,,,,,,,,,,,,,,,,,,,,,,,,,,,,,,,,,,,00-0033908,KuppCo00,2977187.0,Cooper Kupp,1993-06-15,74.0,205.0,Eastern Washington,2017.0,3.0,69.0,LA,2017,10,9.0,0.0,3.0,0.0,0.014444444444444446,2022.0,Cooper Kupp,LA,29.0,WR,9.0,9.0,98.0,75.0,812.0,6.0,42.0,390.0,5.2,422.0,5.6,7.2,3.0,25.0,2.0,0.02,4.0,103.8,2023-08-28,2022.0,Cooper Kupp,LA,29.0,WR,9.0,9.0,9.0,52.0,1.0,4.0,44.0,4.9,8.0,0.9,0.0,,2023-08-28,Cooper Kupp,LAR,1.0,0.0,0.0,0.0,0.0,1.0,100.0,2022.0,3.2,0.0,0.0,1.0,1.0,100.0,0.0,0.0,0.0,0.0,0.0,0.0,0.0,0.0,0.0,0.0,0.0,,,,,,,,,,,,,,,,,,,,,,,,,,,,,,,,9,25.9,2.9,8,8,5
2022,DJ Moore,D.Moore,00-0034827,CAR,WR,WR,24.0,17,199.10000000000002,11.711764705882354,136.10000000000002,63.0,63,118,888,7,0.27634660421545665,0.4595001505570611,0.7361700117131278,10,53,0,0,0,0,0,0,978.0,0.9647058823529411,0.2035787321063395,11.711764705882354,8.453910511779533,27.5,4,WR,"https://static.www.nfl.com/image/upload/f_auto,q_auto/league/lsavpxtqoqu25emwcnvy",REG,0,0,0,0,0,0,0,,,0,,0,0,0,0,0,0,3,1.8353156147059053,0,1,0,0,0,0,0,1526,186,44,17.145477958878896,0,36,23,17,4,0.581913499344692,0,1,0,0,0,0,0,0.0,0.0,0,0,0,0,0,0,0,0,0,0,0,0,0,0,0,0,0,0,4,28,0,0,0,0,0,0,0,0,0,0,0,0,0,,,0,0,0,0,0,0,0,0,0,0,0,0,,,,0,0,0,0,0,0,0,,0,0,0,0,,0,0,,0,0,0,0,0,0,0,0,0,0,,,,,,,,,,,,,,,,,,,,,,,,,,,,,,,,,,,,,,,,,,,,,,,,,,,,,,,,,,,,,,,,,,,,,,,,,,,,,,,,,,,,,,,,,,,,,,,,,,,,,,,,,,,,,,,,,,,,,,,,,,,,,,,,,,,,,,,,,,,,,,,,,,,,00-0034827,MoorD.00,3915416.0,DJ Moore,1997-04-14,72.0,213.0,Maryland,2018.0,1.0,24.0,CAR,2018,9,17.0,0.0,8.0,0.0,0.015882352941176472,2022.0,DJ Moore,CAR,25.0,WR,17.0,17.0,118.0,63.0,888.0,7.0,44.0,706.0,11.2,182.0,2.9,13.0,4.0,15.8,7.0,0.059000000000000004,5.0,80.0,2023-08-28,2022.0,DJ Moore,CAR,25.0,WR,17.0,17.0,10.0,53.0,0.0,3.0,37.0,3.7,16.0,1.6,0.0,,2023-08-28,,,,,,,,,,,,,,,,,,,,,,,,,,,,,,,,,,,,,,,,,,,,,,,,,,,,,,,,,,,17,10.7,0.6000000000000001,9,6,1
2022,Chris Olave,C.Olave,00-0037239,NO,WR,WR,25.0,15,198.2,13.213333333333333,126.19999999999999,72.0,72,119,1042,4,0.2413793103448276,0.37054945054945054,0.6214535809018568,0,0,0,0,0,0,0,0,607.0,0.66,0.32652388797364085,13.213333333333335,4.952180856763538,23.700000000000003,2,WR,"https://static.www.nfl.com/image/upload/f_auto,q_auto/league/onmxufsprtvglhejg94o",REG,0,0,0,0,0,0,0,,,0,,0,0,0,0,0,0,0,,0,0,0,0,0,2,2,1686,210,48,24.856349911270897,1,49,21,13,4,0.6180308422301305,0,3,0,0,0,0,1,0.0,0.0,0,0,0,0,0,0,0,0,0,0,0,0,0,0,0,0,0,0,1,5,1,1,0,2,2,0,0,0,0,0,0,0,0,,,0,0,0,0,0,0,0,0,0,0,0,0,,,,0,0,0,0,0,0,0,,0,0,0,0,,0,0,,0,0,0,0,0,0,0,0,0,0,,,,,,,,,,,,,,,,,,,,,,,,,,,,,,,,,,,,,,,,,,,,,,,,,,,,,,,,,,,,,,,,,,,,,,,,,,,,,,,,,,,,,,,,,,,,,,,,,,,,,,,,,,,,,,,,,,,,,,,,,,,,,,,,,,,,,,,,,,,,,,,,,,,,00-0037239,OlavCh00,4361370.0,Chris Olave,2000-06-27,72.0,187.0,Ohio State,2022.0,1.0,11.0,NO,2022,5,15.0,0.0,0.0,0.0,0.0,2022.0,Chris Olave,NO,22.0,WR,15.0,9.0,119.0,72.0,1042.0,4.0,48.0,832.0,11.6,210.0,2.9,14.2,2.0,36.0,7.0,0.059000000000000004,5.0,82.7,2023-08-28,,,,,,,,,,,,,,,,,,,,,,,,,,,,,,,,,,,,,,,,,,,,,,,,,,,,,,,,,,,,,,,,,,,,,,,,,,,,,15,11.2,7.0,11,6,0
2022,Zay Jones,Z.Jones,00-0033891,JAX,WR,WR,26.0,16,198.10000000000002,12.381250000000001,116.10000000000001,82.00000000000001,82,121,823,5,0.21080139372822299,0.2339154411764706,0.4799428994158639,4,18,0,0,0,0,0,0,930.0,0.8674999999999999,0.21301075268817207,12.38125,9.736407191567123,34.9,4,WR,"https://static.www.nfl.com/image/upload/f_auto,q_auto/league/qihjjzfk0vwzoyrzztkq",REG,0,0,0,0,0,0,0,,,0,,0,0,0,0,0,0,1,0.5186655742581934,0,1,1,0,0,0,0,1018,293,44,41.48386222549859,1,32,13,7,1,0.8084479371316307,0,0,0,0,0,0,0,0.0,0.0,0,0,0,0,0,0,0,0,0,0,0,0,0,0,0,0,0,0,0,0,0,0,0,0,0,0,0,0,0,0,0,0,0,,,0,0,0,0,0,0,0,0,0,0,0,0,,,,0,0,0,0,0,0,0,,0,0,0,0,,0,0,,0,0,0,0,0,0,0,0,0,0,Z.Jones,Zay Jones,WR,WR,"https://static.www.nfl.com/image/upload/f_auto,q_auto/league/qihjjzfk0vwzoyrzztkq",2022.0,POST,JAX,2.0,0.0,0.0,0.0,0.0,0.0,0.0,0.0,0.0,0.0,0.0,0.0,0.0,,,0.0,,0.0,0.0,0.0,0.0,0.0,0.0,0.0,0.0,0.0,0.0,,0.0,0.0,0.0,0.0,0.0,13.0,20.0,157.0,1.0,0.0,0.0,217.0,20.0,5.0,-1.4628897064393387,0.0,5.0,3.0,2.0,0.0,0.7235023041474654,0.23809523809523808,0.3307926829268293,0.5886977351916376,0.0,0.0,0.0,0.0,0.0,0.0,0.0,0.0,0.0,0.0,0.0,0.0,0.0,0.0,0.0,0.0,0.0,0.0,0.0,0.0,0.0,0.0,0.0,0.0,0.0,0.0,0.0,0.0,0.0,0.0,0.0,0.0,0.0,0.0,0.0,0.0,0.0,0.0,0.0,0.0,0.0,0.0,,,0.0,0.0,0.0,0.0,0.0,0.0,0.0,0.0,0.0,0.0,0.0,0.0,,,,0.0,0.0,0.0,0.0,0.0,0.0,0.0,,0.0,0.0,0.0,0.0,,0.0,0.0,,0.0,0.0,0.0,0.0,0.0,0.0,0.0,0.0,0.0,0.0,21.700000000000003,34.7,00-0033891,JoneZa00,3059722.0,Zay Jones,1995-03-30,74.0,200.0,East Carolina,2017.0,2.0,37.0,BUF,2017,9,16.0,0.0,1.0,0.0,0.0025,2022.0,Zay Jones,JAX,27.0,WR,16.0,15.0,121.0,82.0,823.0,5.0,44.0,541.0,6.6,282.0,3.4,8.6,2.0,41.0,13.0,0.107,2.0,93.8,2023-08-28,2022.0,Zay Jones,JAX,27.0,WR,16.0,15.0,4.0,18.0,0.0,1.0,16.0,4.0,2.0,0.5,0.0,,2023-08-28,,,,,,,,,,,,,,,,,,,,,,,,,,,,,,,,,,,,,,,,,,,,,,,,,,,,,,,,,,,16,9.1,2.1,7,4,2
2022,JuJu Smith-Schuster,J.Smith-Schuster,00-0033857,KC,WR,WR,27.0,16,185.3,11.58125,107.30000000000001,78.0,78,101,933,3,0.16449511400651465,0.15916808149405773,0.3581603280556124,0,0,0,0,0,0,0,0,765.0,0.704375,0.24222222222222223,11.58125,7.360635728884654,25.4,3,WR,"https://static.www.nfl.com/image/upload/f_auto,q_auto/league/fmjrhk2zt9z22uifctv0",REG,0,0,0,0,0,0,0,,,0,,0,0,0,0,0,0,0,,0,0,0,0,0,3,2,750,457,47,48.642162269153296,0,38,16,9,4,1.244,0,2,0,2,0,0,0,0.0,0.0,0,0,0,0,0,0,0,0,0,0,0,0,0,0,0,0,0,0,2,25,3,0,1,3,2,0,0,0,0,0,0,0,0,,,0,0,0,0,0,0,0,0,0,0,0,0,,,,0,0,0,0,0,0,0,,0,0,0,0,,0,0,,0,0,0,0,0,0,0,0,0,0,J.Smith-Schuster,JuJu Smith-Schuster,WR,WR,"https://static.www.nfl.com/image/upload/f_auto,q_auto/league/fmjrhk2zt9z22uifctv0",2022.0,POST,KC,3.0,0.0,0.0,0.0,0.0,0.0,0.0,0.0,0.0,0.0,0.0,0.0,0.0,,,0.0,,0.0,0.0,0.0,0.0,0.0,0.0,0.0,0.0,0.0,0.0,,0.0,0.0,0.0,0.0,0.0,10.0,12.0,89.0,0.0,0.0,0.0,86.0,20.0,7.0,3.9016294087050483,0.0,5.0,1.0,0.0,0.0,1.0348837209302326,0.1188118811881188,0.13230769230769232,0.2708332063975628,0.0,0.0,0.0,0.0,0.0,0.0,0.0,0.0,0.0,0.0,0.0,0.0,0.0,0.0,0.0,0.0,0.0,0.0,0.0,0.0,0.0,0.0,0.0,0.0,0.0,0.0,0.0,1.0,10.0,0.0,0.0,0.0,0.0,0.0,0.0,0.0,0.0,0.0,0.0,0.0,0.0,0.0,,,0.0,0.0,0.0,0.0,0.0,0.0,0.0,0.0,0.0,0.0,0.0,0.0,,,,0.0,0.0,0.0,0.0,0.0,0.0,0.0,,0.0,0.0,0.0,0.0,,0.0,0.0,,0.0,0.0,0.0,0.0,0.0,0.0,0.0,0.0,0.0,0.0,8.9,18.9,00-0033857,SmitJu00,3120348.0,JuJu Smith-Schuster,1996-11-22,73.0,215.0,USC,2017.0,2.0,62.0,PIT,2017,9,16.0,0.0,0.0,0.0,0.0,2022.0,JuJu Smith-Schuster,KC,26.0,WR,16.0,14.0,101.0,78.0,933.0,3.0,47.0,468.0,6.0,465.0,6.0,7.3,3.0,26.0,6.0,0.059000000000000004,3.0,102.5,2023-08-28,,,,,,,,,,,,,,,,,,,,,,,,,,,,,,,,,,,,,,,,,,,,,,,,,,,,,,,,,,,,,,,,,,,,,,,,,,,,,16,8.200000000000001,4.0,7,5,1
2022,Jakobi Meyers,J.Meyers,00-0034960,NE,WR,WR,28.0,14,182.3,13.021428571428572,115.30000000000001,67.0,67,96,804,6,0.18532818532818532,0.231087326684505,0.4397534066714315,2,-11,0,0,0,0,0,0,690.0,0.7914285714285715,0.26420289855072465,13.021428571428572,5.99206893400686,24.1,3,WR,"https://static.www.nfl.com/image/upload/f_auto,q_auto/league/zrs4ij8mvw7wr1uujwew",REG,0,0,0,0,0,0,0,,,0,,0,0,0,0,0,0,2,1.0388926968444139,0,0,0,0,0,1,1,950,238,38,37.045144056010734,1,34,19,14,1,0.8463157894736842,0,1,0,0,0,0,0,0.0,0.0,0,0,0,0,0,0,0,0,0,0,0,0,0,0,0,0,0,0,3,25,1,1,0,2,2,0,0,0,0,0,0,0,0,,,0,0,0,0,0,0,0,0,0,0,0,0,,,,0,0,0,0,0,0,0,,0,0,0,0,,0,0,,0,0,0,0,0,0,0,0,0,0,,,,,,,,,,,,,,,,,,,,,,,,,,,,,,,,,,,,,,,,,,,,,,,,,,,,,,,,,,,,,,,,,,,,,,,,,,,,,,,,,,,,,,,,,,,,,,,,,,,,,,,,,,,,,,,,,,,,,,,,,,,,,,,,,,,,,,,,,,,,,,,,,,,,00-0034960,MeyeJa01,3916433.0,Jakobi Meyers,1996-11-09,74.0,200.0,N.C. State,,,,,2019,8,14.0,0.0,2.0,0.0,0.0064285714285714285,2022.0,Jakobi Meyers,NE,26.0,WR,14.0,13.0,96.0,67.0,804.0,6.0,38.0,568.0,8.5,236.0,3.5,9.9,1.0,67.0,4.0,0.042,0.0,116.0,2023-08-28,2022.0,Jakobi Meyers,NE,26.0,WR,14.0,13.0,2.0,-11.0,0.0,2.0,-15.0,-7.5,4.0,2.0,0.0,,2023-08-28,,,,,,,,,,,,,,,,,,,,,,,,,,,,,,,,,,,,,,,,,,,,,,,,,,,,,,,,,,,14,10.8,5.2,9,5,0
2022,Diontae Johnson,D.Johnson,00-0035216,PIT,WR,WR,29.0,17,180.7,10.629411764705882,94.7,85.99999999999999,86,147,882,0,0.26824817518248173,0.3183942225998301,0.6252482185936037,7,25,0,0,0,0,0,0,1042.0,0.8976470588235294,0.17341650671785028,10.629411764705882,3.9803838863045535,20.0,1,WR,"https://static.www.nfl.com/image/upload/f_auto,q_auto/league/rjtil6ilydmwoy0btlt7",REG,0,0,0,0,0,0,0,,,0,,0,0,0,0,0,0,1,0.42401486361632124,0,0,0,0,0,1,0,1499,236,45,-4.805297742808783,2,38,11,7,0,0.5883922615076718,0,2,0,0,0,0,0,0.0,0.0,0,0,0,0,0,0,0,0,0,0,0,0,0,1,0,0,0,0,5,40,1,0,1,1,0,0,0,0,0,0,0,0,0,,,0,0,0,0,0,0,0,0,0,0,0,0,,,,0,0,0,0,0,0,0,,0,0,0,0,,0,0,,0,0,0,0,0,0,0,0,0,0,,,,,,,,,,,,,,,,,,,,,,,,,,,,,,,,,,,,,,,,,,,,,,,,,,,,,,,,,,,,,,,,,,,,,,,,,,,,,,,,,,,,,,,,,,,,,,,,,,,,,,,,,,,,,,,,,,,,,,,,,,,,,,,,,,,,,,,,,,,,,,,,,,,,00-0035216,JohnDi01,3932905.0,Diontae Johnson,1996-07-05,70.0,183.0,Toledo,2019.0,3.0,66.0,PIT,2019,6,17.0,0.0,1.0,0.0,0.0023529411764705885,2022.0,Diontae Johnson,PIT,26.0,WR,17.0,17.0,147.0,86.0,882.0,0.0,45.0,647.0,7.5,235.0,2.7,10.2,8.0,10.8,7.0,0.048,6.0,58.8,2023-08-28,2022.0,Diontae Johnson,PIT,26.0,WR,17.0,17.0,7.0,25.0,0.0,1.0,19.0,2.7,6.0,0.9,0.0,,2023-08-28,,,,,,,,,,,,,,,,,,,,,,,,,,,,,,,,,,,,,,,,,,,,,,,,,,,,,,,,,,,17,10.3,4.2,9,2,0
2022,Adam Thielen,A.Thielen,00-0030035,MIN,WR,WR,30.0,17,180.0,10.588235294117647,110.0,70.0,70,107,716,6,0.1669266770670827,0.206580259222333,0.3949961970562571,1,4,0,0,0,0,0,0,1042.0,0.8899999999999999,0.1727447216890595,10.588235294117647,5.894794563101963,21.1,1,WR,"https://static.www.nfl.com/image/upload/f_auto,q_auto/league/pv6gajxtt6zhum2unnsl",REG,0,0,0,0,0,0,0,,,0,,0,0,0,0,0,0,0,-0.13352352380752563,0,0,0,0,0,0,0,1036,152,45,11.184383340258071,1,34,14,7,0,0.6911196911196911,0,1,0,0,0,0,0,0.0,0.0,0,0,0,0,0,0,0,0,0,0,0,0,0,0,0,0,0,0,1,9,0,0,0,0,0,0,0,0,0,0,0,0,0,,,0,0,0,0,0,0,0,0,0,0,0,0,,,,0,0,0,0,0,0,0,,0,0,0,0,,0,0,,0,0,0,0,0,0,0,0,0,0,A.Thielen,Adam Thielen,WR,WR,"https://static.www.nfl.com/image/upload/f_auto,q_auto/league/pv6gajxtt6zhum2unnsl",2022.0,POST,MIN,1.0,0.0,0.0,0.0,0.0,0.0,0.0,0.0,0.0,0.0,0.0,0.0,0.0,,,0.0,,0.0,0.0,0.0,0.0,0.0,0.0,0.0,0.0,0.0,0.0,,0.0,0.0,0.0,0.0,0.0,3.0,4.0,50.0,0.0,0.0,0.0,72.0,5.0,3.0,3.4089982530567795,0.0,3.0,1.0,1.0,0.0,0.6944444444444444,0.10256410256410256,0.2748091603053435,0.3462125660598943,0.0,0.0,0.0,0.0,0.0,0.0,0.0,0.0,0.0,0.0,0.0,0.0,0.0,0.0,0.0,0.0,0.0,0.0,0.0,0.0,0.0,0.0,0.0,0.0,0.0,0.0,0.0,0.0,0.0,0.0,0.0,0.0,0.0,0.0,0.0,0.0,0.0,0.0,0.0,0.0,0.0,0.0,,,0.0,0.0,0.0,0.0,0.0,0.0,0.0,0.0,0.0,0.0,0.0,0.0,,,,0.0,0.0,0.0,0.0,0.0,0.0,0.0,,0.0,0.0,0.0,0.0,,0.0,0.0,,0.0,0.0,0.0,0.0,0.0,0.0,0.0,0.0,0.0,0.0,5.0,8.0,00-0030035,ThieAd00,16460.0,Adam Thielen,1990-08-22,74.0,200.0,Minnesota State,,,,,2013,12,17.0,0.0,2.0,0.0,0.003529411764705882,2022.0,Adam Thielen,MIN,32.0,WR,17.0,17.0,107.0,70.0,716.0,6.0,45.0,564.0,8.1,152.0,2.2,9.7,1.0,70.0,2.0,0.019,3.0,91.5,2023-08-28,2022.0,Adam Thielen,MIN,32.0,WR,17.0,17.0,1.0,4.0,0.0,0.0,3.0,3.0,1.0,1.0,0.0,,2023-08-28,,,,,,,,,,,,,,,,,,,,,,,,,,,,,,,,,,,,,,,,,,,,,,,,,,,,,,,,,,,17,9.7,1.6,7,5,0
2022,Drake London,D.London,00-0037238,ATL,WR,WR,31.0,17,178.60000000000002,10.505882352941178,106.60000000000001,72.00000000000001,72,117,866,4,0.2925,0.3022563848251922,0.6503294693776345,0,0,0,0,0,0,0,0,819.0,0.7811764705882352,0.2180708180708181,10.505882352941176,6.042399211844093,24.6,1,WR,"https://static.www.nfl.com/image/upload/f_auto,q_auto/league/mcllowcfrmmdeo4zy3g1",REG,0,0,0,0,0,0,0,,,0,,0,0,0,0,0,0,0,,0,0,0,0,0,3,3,1219,224,48,12.79535431805301,1,41,14,10,1,0.7104183757178015,0,2,0,1,0,0,0,0.0,0.0,0,0,0,0,0,0,0,0,0,0,0,0,0,0,0,0,0,0,1,15,3,0,0,3,3,0,0,0,0,0,0,0,0,,,0,0,0,0,0,0,0,0,0,0,0,0,,,,0,0,0,0,0,0,0,,0,0,0,0,,0,0,,0,0,0,0,0,0,0,0,0,0,,,,,,,,,,,,,,,,,,,,,,,,,,,,,,,,,,,,,,,,,,,,,,,,,,,,,,,,,,,,,,,,,,,,,,,,,,,,,,,,,,,,,,,,,,,,,,,,,,,,,,,,,,,,,,,,,,,,,,,,,,,,,,,,,,,,,,,,,,,,,,,,,,,,00-0037238,LondDr00,4426502.0,Drake London,2001-07-24,76.0,215.0,USC,2022.0,1.0,8.0,ATL,2022,5,17.0,0.0,0.0,0.0,0.0,2022.0,Drake London,ATL,21.0,WR,17.0,15.0,117.0,72.0,866.0,4.0,48.0,635.0,8.8,231.0,3.2,10.4,1.0,72.0,3.0,0.026000000000000002,3.0,84.9,2023-08-28,,,,,,,,,,,,,,,,,,,,,,,,,,,,,,,,,,,,,,,,,,,,,,,,,,,,,,,,,,,,,,,,,,,,,,,,,,,,,17,9.7,1.9,8,3,0
2022,Mike Williams,M.Williams,00-0033536,LAC,WR,WR,32.0,13,176.5,13.576923076923077,113.5,63.0,63,93,895,4,0.13537117903930132,0.24574209245742093,0.37507623327914663,0,0,0,0,0,0,0,0,703.0,0.7553846153846154,0.25106685633001424,13.576923076923077,8.40080887436381,25.3,4,WR,"https://static.www.nfl.com/image/upload/f_auto,q_auto/league/atprqcuqsl4spdak76fy",REG,0,0,0,0,0,0,0,,,0,,0,0,0,0,0,0,0,,0,0,0,0,0,0,0,1111,324,39,31.584319500410423,0,38,22,11,2,0.8055805580558055,0,0,0,0,0,0,0,0.0,0.0,0,0,0,0,0,0,0,0,0,0,0,0,0,0,0,0,0,0,0,0,0,0,0,0,0,0,0,0,0,0,0,0,0,,,0,0,0,0,0,0,0,0,0,0,0,0,,,,0,0,0,0,0,0,0,,0,0,0,0,,0,0,,0,0,0,0,0,0,0,0,0,0,,,,,,,,,,,,,,,,,,,,,,,,,,,,,,,,,,,,,,,,,,,,,,,,,,,,,,,,,,,,,,,,,,,,,,,,,,,,,,,,,,,,,,,,,,,,,,,,,,,,,,,,,,,,,,,,,,,,,,,,,,,,,,,,,,,,,,,,,,,,,,,,,,,,00-0033536,WillMi07,3045138.0,Mike Williams,1994-10-04,76.0,218.0,Clemson,2017.0,1.0,7.0,LAC,2017,9,13.0,0.0,0.0,0.0,0.0,2022.0,Mike Williams,LAC,28.0,WR,13.0,13.0,93.0,63.0,895.0,4.0,39.0,576.0,9.1,319.0,5.1,12.0,0.0,,1.0,0.011000000000000001,2.0,104.0,2023-08-28,,,,,,,,,,,,,,,,,,,,,,,,,,,,,,,,,,,,,,,,,,,,,,,,,,,,,,,,,,,,,,,,,,,,,,,,,,,,,13,11.600000000000001,2.5,8,6,1
2022,Curtis Samuel,C.Samuel,00-0033282,WAS,WR,WR,33.0,17,176.3,10.370588235294118,112.30000000000001,64.0,64,92,656,4,0.17325800376647835,0.13810913990568155,0.3565634035836946,38,187,1,0,0,0,0,0,850.0,0.7147058823529412,0.20741176470588238,10.370588235294118,6.638972502003072,22.9,1,WR,"https://static.www.nfl.com/image/upload/f_auto,q_auto/league/vyibrxegz375ntjby5zs",REG,0,0,0,0,0,0,0,,,0,,0,0,0,0,1,1,11,-2.2834938880987465,0,8,5,2,0,0,0,615,289,36,24.736758419933494,0,29,12,10,1,1.0666666666666667,0,2,0,0,0,0,0,0.0,0.0,0,0,0,0,0,0,0,0,0,0,0,0,0,0,0,0,0,0,1,10,1,0,0,1,1,0,0,0,0,0,0,0,0,,,0,0,0,0,0,0,0,0,0,0,0,0,,,,0,0,0,0,0,0,0,,0,0,0,0,,0,0,,0,0,0,0,0,0,0,0,0,0,,,,,,,,,,,,,,,,,,,,,,,,,,,,,,,,,,,,,,,,,,,,,,,,,,,,,,,,,,,,,,,,,,,,,,,,,,,,,,,,,,,,,,,,,,,,,,,,,,,,,,,,,,,,,,,,,,,,,,,,,,,,,,,,,,,,,,,,,,,,,,,,,,,,00-0033282,SamuCu00,3121427.0,Curtis Samuel,1996-08-11,71.0,195.0,Ohio State,2017.0,2.0,40.0,CAR,2017,9,17.0,0.0,0.0,0.0,0.0,2022.0,Curtis Samuel,WAS,26.0,WR,17.0,12.0,92.0,64.0,656.0,4.0,36.0,367.0,5.7,289.0,4.5,6.7,8.0,8.0,5.0,0.054000000000000006,2.0,95.2,2023-08-28,2022.0,Curtis Samuel,WAS,26.0,WR,17.0,12.0,38.0,187.0,1.0,11.0,121.0,3.2,66.0,1.7,1.0,38.0,2023-08-28,,,,,,,,,,,,,,,,,,,,,,,,,,,,,,,,,,,,,2022.0,Regular,Season Total,WSH,C. Samuel,,65.7,0.0,1.0,0.1,0.0,0.1,0.0,0.0,52.1,0.0,Curtis,Samuel,Curtis Samuel,https://a.espncdn.com/i/headshots/nfl/players/full/3121427.png,Commanders,False,17,10.9,0.3999999999999999,9,4,0
2022,Allen Lazard,A.Lazard,00-0034521,GB,WR,WR,34.0,15,174.8,11.653333333333334,114.80000000000001,60.0,60,100,788,6,0.18518518518518517,0.27891916033943726,0.4730211900153839,2,0,0,0,0,0,0,0,863.0,0.8886666666666667,0.2025492468134415,11.653333333333334,4.737067608110479,18.700000000000003,0,WR,"https://static.www.nfl.com/image/upload/f_auto,q_auto/league/b05f33npu1zjtpozfgdk",REG,0,0,0,0,0,0,0,,,0,,0,0,0,0,0,0,0,-4.003901810385287,0,0,0,0,0,0,0,1249,248,45,11.311200733877264,0,30,18,13,2,0.6309047237790232,0,2,0,0,0,0,0,0.0,0.0,0,0,0,0,0,0,0,0,0,0,0,0,0,0,0,0,0,0,4,35,0,0,0,0,0,0,0,0,0,0,0,0,0,,,0,0,0,0,0,0,0,0,0,0,0,0,,,,0,0,0,0,0,0,0,,0,0,0,0,,0,0,,0,0,0,0,0,0,0,0,0,0,,,,,,,,,,,,,,,,,,,,,,,,,,,,,,,,,,,,,,,,,,,,,,,,,,,,,,,,,,,,,,,,,,,,,,,,,,,,,,,,,,,,,,,,,,,,,,,,,,,,,,,,,,,,,,,,,,,,,,,,,,,,,,,,,,,,,,,,,,,,,,,,,,,,00-0034521,LazaAl00,3128390.0,Allen Lazard,1995-12-11,77.0,227.0,Iowa State,,,,,2018,7,15.0,0.0,3.0,0.0,0.007333333333333334,2022.0,Allen Lazard,GB,27.0,WR,15.0,15.0,100.0,60.0,788.0,6.0,45.0,540.0,9.0,248.0,4.1,12.5,1.0,60.0,6.0,0.06,5.0,84.1,2023-08-28,2022.0,Allen Lazard,GB,27.0,WR,15.0,15.0,2.0,0.0,0.0,0.0,-1.0,-0.5,1.0,0.5,0.0,,2023-08-28,,,,,,,,,,,,,,,,,,,,,,,,,,,,,,,,,,,,,,,,,,,,,,,,,,,,,,,,,,,15,11.5,1.7000000000000002,11,3,0
2022,Gabe Davis,G.Davis,00-0036196,BUF,WR,WR,35.0,15,171.60000000000002,11.440000000000001,123.60000000000001,48.000000000000014,48,93,836,7,0.16878402903811252,0.27014755959137343,0.44227933527113017,0,0,0,0,0,0,0,0,926.0,0.908,0.18531317494600436,11.44,7.798699525287168,32.1,2,WR,"https://static.www.nfl.com/image/upload/f_auto,q_auto/league/rlmgjtfct5qjtbwcjqg6",REG,0,0,0,0,0,0,0,,,0,,0,0,0,0,0,0,0,,0,0,0,0,0,1,1,1428,142,35,14.69005783379474,0,33,21,11,3,0.5854341736694678,0,2,0,0,0,0,0,0.0,0.0,0,0,0,0,0,0,0,0,0,0,0,0,0,0,0,0,0,0,3,35,1,0,0,1,1,0,0,0,0,0,0,0,0,,,0,0,0,0,0,0,0,0,0,0,0,0,,,,0,0,0,0,0,0,0,,0,0,0,0,,0,0,,0,0,0,0,0,0,0,0,0,0,G.Davis,Gabe Davis,WR,WR,"https://static.www.nfl.com/image/upload/f_auto,q_auto/league/rlmgjtfct5qjtbwcjqg6",2022.0,POST,BUF,2.0,0.0,0.0,0.0,0.0,0.0,0.0,0.0,0.0,0.0,0.0,0.0,0.0,,,0.0,,0.0,0.0,0.0,0.0,0.0,0.0,0.0,0.0,0.0,0.0,,0.0,0.0,0.0,0.0,0.0,8.0,13.0,147.0,1.0,0.0,0.0,270.0,7.0,7.0,2.87763409348554,0.0,6.0,5.0,3.0,0.0,0.5444444444444444,0.16883116883116883,0.2727272727272727,0.4441558441558442,0.0,0.0,0.0,0.0,0.0,0.0,0.0,0.0,0.0,0.0,0.0,0.0,0.0,0.0,0.0,0.0,0.0,0.0,0.0,0.0,0.0,0.0,0.0,0.0,0.0,0.0,0.0,0.0,0.0,0.0,0.0,0.0,0.0,0.0,0.0,0.0,0.0,0.0,0.0,0.0,0.0,0.0,,,0.0,0.0,0.0,0.0,0.0,0.0,0.0,0.0,0.0,0.0,0.0,0.0,,,,0.0,0.0,0.0,0.0,0.0,0.0,0.0,,0.0,0.0,0.0,0.0,,0.0,0.0,,0.0,0.0,0.0,0.0,0.0,0.0,0.0,0.0,0.0,0.0,20.700000000000003,28.700000000000003,00-0036196,DaviGa01,4243537.0,Gabe Davis,1999-03-01,74.0,225.0,UCF,2020.0,4.0,128.0,BUF,2020,6,15.0,0.0,4.0,0.0,0.009333333333333334,2022.0,Gabriel Davis,BUF,23.0,WR,15.0,15.0,93.0,48.0,836.0,7.0,35.0,690.0,14.4,146.0,3.0,15.3,0.0,,9.0,0.09699999999999999,6.0,80.8,2023-08-28,,,,,,,,,,,,,,,,,,,,,,,,,,,,,,,,,,,,,,,,,,,,,,,,,,,,,,,,,,,,,,,,,,,,,,,,,,,,,15,9.5,2.3,6,4,1
2022,Josh Palmer,J.Palmer,00-0036988,LAC,WR,WR,36.0,16,169.3,10.58125,97.30000000000001,72.0,72,107,769,3,0.15574963609898107,0.20548551205485513,0.3774643125868702,1,4,0,0,0,0,0,0,898.0,0.800625,0.18853006681514478,10.58125,7.380263658343561,30.6,1,WR,"https://static.www.nfl.com/image/upload/f_auto,q_auto/league/woswdfrtxnsfgzsjvsxx",REG,0,0,0,0,0,0,0,,,0,,0,0,0,0,0,0,1,0.7268566800048575,0,0,0,0,0,1,0,929,252,39,23.628483592745216,1,33,14,7,2,0.8277717976318623,0,1,0,0,0,0,1,0.0,0.0,0,0,0,0,0,0,0,0,0,0,0,0,0,0,0,0,0,0,1,5,1,0,0,1,0,0,0,0,0,0,0,0,0,,,0,0,0,0,0,0,0,0,0,0,0,0,,,,0,0,0,0,0,0,0,,0,0,0,0,,0,0,,0,0,0,0,0,0,0,0,0,0,J.Palmer,Josh Palmer,WR,WR,"https://static.www.nfl.com/image/upload/f_auto,q_auto/league/woswdfrtxnsfgzsjvsxx",2022.0,POST,LAC,1.0,0.0,0.0,0.0,0.0,0.0,0.0,0.0,0.0,0.0,0.0,0.0,0.0,,,0.0,,0.0,0.0,0.0,0.0,0.0,0.0,0.0,0.0,0.0,0.0,,0.0,0.0,0.0,0.0,0.0,2.0,6.0,31.0,0.0,0.0,0.0,70.0,9.0,2.0,-0.5921984984158115,0.0,2.0,1.0,0.0,0.0,0.44285714285714284,0.14285714285714285,0.2928870292887029,0.4193066347878063,0.0,0.0,0.0,0.0,0.0,0.0,0.0,0.0,0.0,0.0,0.0,0.0,0.0,0.0,0.0,0.0,0.0,0.0,0.0,0.0,0.0,0.0,0.0,0.0,0.0,0.0,0.0,0.0,0.0,0.0,0.0,0.0,0.0,0.0,0.0,0.0,0.0,0.0,0.0,0.0,0.0,0.0,,,0.0,0.0,0.0,0.0,0.0,0.0,0.0,0.0,0.0,0.0,0.0,0.0,,,,0.0,0.0,0.0,0.0,0.0,0.0,0.0,,0.0,0.0,0.0,0.0,,0.0,0.0,,0.0,0.0,0.0,0.0,0.0,0.0,0.0,0.0,0.0,0.0,3.1,5.1,00-0036988,PalmJo00,4242433.0,Josh Palmer,1999-09-22,73.0,210.0,Tennessee,2021.0,3.0,77.0,LAC,2021,6,16.0,0.0,2.0,0.0,0.004375,2022.0,Josh Palmer,LAC,24.0,WR,16.0,11.0,107.0,72.0,769.0,3.0,39.0,514.0,7.1,255.0,3.5,8.7,1.0,72.0,6.0,0.055999999999999994,2.0,89.7,2023-08-28,2022.0,Josh Palmer,LAC,24.0,WR,16.0,11.0,1.0,4.0,0.0,1.0,1.0,1.0,3.0,3.0,0.0,,2023-08-28,,,,,,,,,,,,,,,,,,,,,,,,,,,,,,,,,,,,,,,,,,,,,,,,,,,,,,,,,,,16,9.9,0.0,7,3,1
2022,Deebo Samuel Sr.,D.Samuel,00-0035719,SF,WR,WR,37.0,13,168.4,12.953846153846154,112.4,56.0,56,94,632,2,0.1865079365079365,0.11366245694603903,0.3593256246241321,42,232,3,0,0,0,0,0,659.0,0.7576923076923077,0.2555386949924128,12.953846153846154,5.588621682283772,23.700000000000003,2,WR,"https://static.www.nfl.com/image/upload/f_auto,q_auto/league/ntgyhqg6hq7fanhhsqiw",REG,0,0,0,0,0,0,0,,,0,,0,0,0,0,3,2,8,-8.38175346760545,0,6,5,3,1,0,0,396,493,25,8.942731833136001,0,24,13,7,1,1.595959595959596,0,1,0,0,0,0,0,0.0,0.0,0,0,0,0,0,0,0,0,0,0,0,0,0,1,0,0,0,0,1,10,3,0,0,3,2,0,0,0,0,0,0,0,0,,,0,0,0,0,0,0,0,0,0,0,0,0,,,,0,0,0,0,0,0,0,,0,0,0,0,,0,0,,0,0,0,0,0,0,0,0,0,0,D.Samuel,Deebo Samuel Sr.,WR,WR,"https://static.www.nfl.com/image/upload/f_auto,q_auto/league/ntgyhqg6hq7fanhhsqiw",2022.0,POST,SF,3.0,0.0,0.0,0.0,0.0,0.0,0.0,0.0,0.0,0.0,0.0,0.0,0.0,,,0.0,,0.0,0.0,0.0,0.0,13.0,34.0,0.0,1.0,1.0,1.0,-8.347689274232835,0.0,1.0,1.0,1.0,0.0,13.0,22.0,211.0,1.0,0.0,0.0,166.0,155.0,7.0,7.1119694785220595,0.0,9.0,4.0,2.0,1.0,1.2710843373493976,0.3235294117647059,0.22402159244264508,0.6421092323569104,0.0,0.0,0.0,0.0,0.0,0.0,0.0,0.0,0.0,0.0,0.0,0.0,0.0,0.0,0.0,0.0,0.0,0.0,0.0,0.0,0.0,0.0,0.0,0.0,0.0,0.0,0.0,0.0,0.0,1.0,0.0,0.0,1.0,1.0,0.0,0.0,2.0,65.0,0.0,0.0,0.0,0.0,,,0.0,0.0,0.0,0.0,0.0,0.0,0.0,0.0,0.0,0.0,0.0,0.0,,,,0.0,0.0,0.0,0.0,0.0,0.0,0.0,,0.0,0.0,0.0,0.0,,0.0,0.0,,0.0,0.0,0.0,0.0,0.0,0.0,0.0,0.0,0.0,0.0,28.5,41.5,00-0035719,SamuDe00,3126486.0,Deebo Samuel Sr.,1996-01-15,72.0,215.0,South Carolina,2019.0,2.0,36.0,SF,2019,8,13.0,0.0,1.0,0.0,0.003076923076923077,2022.0,Deebo Samuel,SF,26.0,WR,13.0,12.0,94.0,56.0,632.0,2.0,25.0,139.0,2.5,493.0,8.8,4.3,12.0,4.7,9.0,0.096,3.0,73.5,2023-08-28,2022.0,Deebo Samuel,SF,26.0,WR,13.0,12.0,42.0,232.0,3.0,8.0,127.0,3.0,105.0,2.5,3.0,14.0,2023-08-28,,,,,,,,,,,,,,,,,,,,,,,,,,,,,,,,,,,,,,,,,,,,,,,,,,,,,,,,,,,13,12.600000000000001,4.4,9,3,0
2022,Tyler Boyd,T.Boyd,00-0033009,CIN,WR,WR,38.0,16,167.12,10.445,109.12,58.0,58,82,762,5,0.13804713804713806,0.18092499400910617,0.33371820287708137,0,0,0,1,1,23,0,0,797.0,0.726875,0.20968632371392723,10.445,7.077881038842063,29.5,2,WR,"https://static.www.nfl.com/image/upload/f_auto,q_auto/league/ttifog0hjxprlhkagugu",REG,1,-12,0,0,21,2,1,0.6072884440654889,57.54803717136383,0,1.0952380952380953,1,1,1,0,0,0,0,,0,0,0,0,0,0,0,755,249,41,28.99062020583348,1,32,15,10,3,1.0092715231788079,0,0,0,0,0,0,0,0.0,0.0,0,0,0,0,0,0,0,0,0,0,0,0,0,0,0,0,0,0,0,0,0,0,0,0,0,0,0,0,0,0,0,0,0,,,0,0,0,0,0,0,0,0,0,0,0,0,,,,0,0,0,0,0,0,0,,0,0,0,0,,0,0,,0,0,0,0,0,0,0,0,0,0,T.Boyd,Tyler Boyd,WR,WR,"https://static.www.nfl.com/image/upload/f_auto,q_auto/league/ttifog0hjxprlhkagugu",2022.0,POST,CIN,3.0,0.0,0.0,0.0,0.0,0.0,0.0,0.0,0.0,0.0,0.0,0.0,0.0,,,0.0,,0.0,0.0,0.0,0.0,0.0,0.0,0.0,0.0,0.0,0.0,,0.0,0.0,0.0,0.0,0.0,6.0,7.0,89.0,0.0,0.0,0.0,99.0,14.0,5.0,8.056712289107963,0.0,5.0,3.0,2.0,0.0,0.898989898989899,0.06930693069306931,0.13253012048192772,0.19673148037695337,0.0,0.0,0.0,0.0,0.0,0.0,0.0,0.0,0.0,0.0,0.0,0.0,0.0,0.0,0.0,0.0,0.0,0.0,0.0,0.0,0.0,0.0,0.0,0.0,0.0,0.0,0.0,0.0,0.0,0.0,0.0,0.0,0.0,0.0,0.0,0.0,0.0,0.0,0.0,0.0,0.0,0.0,,,0.0,0.0,0.0,0.0,0.0,0.0,0.0,0.0,0.0,0.0,0.0,0.0,,,,0.0,0.0,0.0,0.0,0.0,0.0,0.0,,0.0,0.0,0.0,0.0,,0.0,0.0,,0.0,0.0,0.0,0.0,0.0,0.0,0.0,0.0,0.0,0.0,8.9,14.9,00-0033009,BoydTy00,3045144.0,Tyler Boyd,1994-11-15,74.0,203.0,Pittsburgh,2016.0,2.0,55.0,CIN,2016,9,16.0,0.0,3.0,0.0,0.00625,2022.0,Tyler Boyd,CIN,28.0,WR,16.0,14.0,82.0,58.0,762.0,5.0,42.0,513.0,8.8,249.0,4.3,9.2,2.0,29.0,3.0,0.037000000000000005,5.0,94.7,2023-08-28,,,,,,,,,,,,,,,,,,,Tyler Boyd,CIN,1.0,0.0,0.0,0.0,0.0,0.0,0.0,2022.0,3.3,0.0,0.0,0.0,1.0,50.0,0.0,1.0,100.0,2.0,23.0,1.0,23.0,0.0,0.0,0.0,0.0,,,,,,,,,,,,,,,,,,,,,,,,,,,,,,,,16,9.7,0.0,8,2,1
2022,Donovan Peoples-Jones,D.Peoples-Jones,00-0036233,CLE,WR,WR,39.0,17,167.10000000000002,9.829411764705883,106.10000000000001,61.000000000000014,61,96,839,3,0.1893491124260355,0.2485964518302268,0.458041184920212,1,2,0,0,0,0,0,0,1055.0,0.898235294117647,0.1583886255924171,9.829411764705881,5.594502290852417,19.4,0,WR,"https://static.www.nfl.com/image/upload/f_auto,q_auto/league/sgfgvm2myyrntnmiqojk",REG,0,0,0,0,0,0,0,,,0,,0,0,0,0,0,0,0,-0.3847800234798342,0,0,0,0,0,1,1,1107,191,33,18.412429526132733,0,35,20,14,1,0.7579042457091237,1,0,0,1,0,0,0,0.0,0.0,0,0,0,0,0,0,0,0,0,0,0,0,0,0,0,0,0,0,6,60,1,0,0,1,1,18,223,0,0,0,0,0,0,,,0,0,0,0,0,0,0,0,0,0,0,0,,,,0,0,0,0,0,0,0,,0,0,0,0,,0,0,,0,0,0,0,0,0,0,0,0,0,,,,,,,,,,,,,,,,,,,,,,,,,,,,,,,,,,,,,,,,,,,,,,,,,,,,,,,,,,,,,,,,,,,,,,,,,,,,,,,,,,,,,,,,,,,,,,,,,,,,,,,,,,,,,,,,,,,,,,,,,,,,,,,,,,,,,,,,,,,,,,,,,,,,00-0036233,PeopDo00,4258195.0,Donovan Peoples-Jones,1999-02-19,74.0,204.0,Michigan,2020.0,6.0,187.0,CLE,2020,5,17.0,0.0,48.0,0.0,0.10941176470588236,2022.0,Donovan Peoples-Jones,CLE,23.0,WR,17.0,14.0,96.0,61.0,839.0,3.0,33.0,648.0,10.6,191.0,3.1,11.7,1.0,61.0,2.0,0.021,1.0,97.5,2023-08-28,2022.0,Donovan Peoples-Jones,CLE,23.0,WR,17.0,14.0,1.0,2.0,0.0,0.0,2.0,2.0,0.0,0.0,0.0,,2023-08-28,,,,,,,,,,,,,,,,,,,,,,,,,,,,,,,,,,,,,,,,,,,,,,,,,,,,,,,,,,,17,11.600000000000001,0.0,10,2,0
2022,George Pickens,G.Pickens,00-0037247,PIT,WR,WR,40.0,17,166.5,9.794117647058824,114.5,52.0,52,84,801,4,0.15328467153284672,0.26338147833474934,0.4142940421335946,3,24,1,0,0,0,0,0,882.0,0.76,0.18877551020408162,9.794117647058824,6.393304171967271,18.3,0,WR,"https://static.www.nfl.com/image/upload/f_auto,q_auto/league/cbpyykoguf7rsxezqzvk",REG,0,0,0,0,0,0,0,,,0,,0,0,0,0,0,0,2,2.0836539629963227,0,1,1,1,0,0,0,1240,104,38,45.349109522304204,1,33,18,17,1,0.6459677419354839,0,1,0,0,0,0,0,0.0,0.0,0,0,0,0,0,0,0,0,0,0,0,0,0,0,0,0,0,0,5,35,0,0,0,0,0,0,0,0,0,0,0,0,0,,,0,0,0,0,0,0,0,0,0,0,0,0,,,,0,0,0,0,0,0,0,,0,0,0,0,,0,0,,0,0,0,0,0,0,0,0,0,0,,,,,,,,,,,,,,,,,,,,,,,,,,,,,,,,,,,,,,,,,,,,,,,,,,,,,,,,,,,,,,,,,,,,,,,,,,,,,,,,,,,,,,,,,,,,,,,,,,,,,,,,,,,,,,,,,,,,,,,,,,,,,,,,,,,,,,,,,,,,,,,,,,,,00-0037247,PickGe00,4426354.0,George Pickens,2001-03-04,75.0,205.0,Georgia,2022.0,2.0,52.0,PIT,2022,5,17.0,0.0,3.0,0.0,0.006470588235294118,2022.0,George Pickens,PIT,21.0,WR,17.0,12.0,84.0,52.0,801.0,4.0,38.0,697.0,13.4,104.0,2.0,14.5,5.0,10.4,3.0,0.036000000000000004,0.0,109.3,2023-08-28,2022.0,George Pickens,PIT,21.0,WR,17.0,12.0,3.0,24.0,1.0,2.0,20.0,6.7,4.0,1.3,0.0,,2023-08-28,,,,,,,,,,,,,,,,,,,,,,,,,,,,,,,,,,,,,,,,,,,,,,,,,,,,,,,,,,,17,10.7,0.0,9,5,0
2022,Christian Watson,C.Watson,00-0038124,GB,WR,WR,41.0,14,164.10000000000002,11.721428571428573,123.10000000000001,41.000000000000014,41,66,611,7,0.12222222222222222,0.20611880303707011,0.3276164954592824,7,80,2,0,0,0,0,0,507.0,0.5742857142857142,0.3236686390532545,11.721428571428573,9.860034215218258,32.7,4,WR,"https://static.www.nfl.com/image/upload/f_auto,q_auto/league/tumeg4d32sirkab2xzu5",REG,0,0,0,0,0,0,0,,,0,,0,0,0,0,0,0,2,6.649839835474268,0,2,2,1,1,0,0,923,264,28,30.71060199712872,0,24,11,8,3,0.6619718309859155,0,0,0,0,0,0,0,0.0,0.0,0,0,0,0,0,0,0,0,0,0,0,0,0,0,0,0,0,0,0,0,0,0,0,0,0,0,0,2,35,0,0,0,0,,,0,0,0,0,0,0,0,0,0,0,0,0,,,,0,0,0,0,0,0,0,,0,0,0,0,,0,0,,0,0,0,0,0,0,0,0,0,0,,,,,,,,,,,,,,,,,,,,,,,,,,,,,,,,,,,,,,,,,,,,,,,,,,,,,,,,,,,,,,,,,,,,,,,,,,,,,,,,,,,,,,,,,,,,,,,,,,,,,,,,,,,,,,,,,,,,,,,,,,,,,,,,,,,,,,,,,,,,,,,,,,,,00-0038124,WatsCh00,4248528.0,Christian Watson,1999-05-12,76.0,215.0,North Dakota State,2022.0,2.0,34.0,GB,2022,5,14.0,0.0,14.0,0.0,0.037142857142857144,2022.0,Christian Watson,GB,23.0,WR,14.0,11.0,66.0,41.0,611.0,7.0,28.0,335.0,8.2,276.0,6.7,13.8,3.0,13.7,4.0,0.061,1.0,121.5,2023-08-28,2022.0,Christian Watson,GB,23.0,WR,14.0,11.0,7.0,80.0,2.0,2.0,77.0,11.0,3.0,0.4,0.0,,2023-08-28,,,,,,,,,,,,,,,,,,,,,,,,,,,,,,,,,,,,,,,,,,,,,,,,,,,,,,,,,,,14,8.950000000000001,0.8,6,5,1
2022,Keenan Allen,K.Allen,00-0030279,LAC,WR,WR,42.0,10,164.0,16.4,98.0,66.0,66,89,752,4,0.12954876273653565,0.170316301703163,0.3135445552970176,1,8,0,0,0,0,0,0,515.0,0.737,0.31844660194174756,16.4,7.496814138167107,30.200000000000003,4,WR,"https://static.www.nfl.com/image/upload/f_auto,q_auto/league/ri267r6lzfwarh89hsn6",REG,0,0,0,0,0,0,0,,,0,,0,0,0,0,0,0,1,0.5883960318751633,0,0,0,0,0,1,1,770,257,39,27.14227377292331,0,33,12,7,2,0.9766233766233766,0,1,0,0,0,0,0,0.0,0.0,0,0,0,0,0,0,0,0,0,0,0,0,0,0,0,0,0,0,0,0,1,0,0,1,1,0,0,0,0,0,0,0,0,,,0,0,0,0,0,0,0,0,0,0,0,0,,,,0,0,0,0,0,0,0,,0,0,0,0,,0,0,,0,0,0,0,0,0,0,0,0,0,K.Allen,Keenan Allen,WR,WR,"https://static.www.nfl.com/image/upload/f_auto,q_auto/league/ri267r6lzfwarh89hsn6",2022.0,POST,LAC,1.0,0.0,0.0,0.0,0.0,0.0,0.0,0.0,0.0,0.0,0.0,0.0,0.0,,,0.0,,0.0,0.0,0.0,0.0,0.0,0.0,0.0,0.0,0.0,0.0,,0.0,0.0,0.0,0.0,0.0,6.0,13.0,61.0,0.0,0.0,0.0,63.0,34.0,4.0,1.5475516926271347,0.0,2.0,1.0,1.0,0.0,0.9682539682539683,0.30952380952380953,0.26359832635983266,0.6488045427375971,0.0,0.0,0.0,0.0,0.0,0.0,0.0,0.0,0.0,0.0,0.0,0.0,0.0,0.0,0.0,0.0,0.0,0.0,0.0,0.0,0.0,0.0,0.0,0.0,0.0,0.0,0.0,0.0,0.0,0.0,0.0,0.0,0.0,0.0,0.0,0.0,0.0,0.0,0.0,0.0,0.0,0.0,,,0.0,0.0,0.0,0.0,0.0,0.0,0.0,0.0,0.0,0.0,0.0,0.0,,,,0.0,0.0,0.0,0.0,0.0,0.0,0.0,,0.0,0.0,0.0,0.0,,0.0,0.0,,0.0,0.0,0.0,0.0,0.0,0.0,0.0,0.0,0.0,0.0,6.1000000000000005,12.100000000000001,00-0030279,AlleKe00,15818.0,Keenan Allen,1992-04-27,74.0,211.0,California,2013.0,3.0,76.0,LAC,2013,14,10.0,0.0,1.0,0.0,0.003,2022.0,Keenan Allen,LAC,30.0,WR,10.0,10.0,89.0,66.0,752.0,4.0,39.0,489.0,7.4,263.0,4.0,8.6,1.0,66.0,2.0,0.022000000000000002,2.0,104.7,2023-08-28,2022.0,Keenan Allen,LAC,30.0,WR,10.0,10.0,1.0,8.0,0.0,1.0,6.0,6.0,2.0,2.0,0.0,,2023-08-28,,,,,,,,,,,,,,,,,,,,,,,,,,,,,,,,,,,,,,,,,,,,,,,,,,,,,,,,,,,10,16.25,3.1,9,6,1
2022,Courtland Sutton,C.Sutton,00-0034348,DEN,WR,WR,43.0,15,159.4,10.626666666666667,95.4,64.0,64,109,829,2,0.20147874306839186,0.2687074829931973,0.4903133526978259,1,5,0,0,0,0,0,0,882.0,0.8806666666666667,0.18072562358276645,10.626666666666667,5.706445812370764,19.700000000000003,0,WR,"https://static.www.nfl.com/image/upload/f_auto,q_auto/league/kqwmqcrlrwmqcvfuguhs",REG,0,0,0,0,0,0,0,,,0,,0,0,0,0,0,0,0,0.17087475687731057,0,0,0,0,0,0,0,1343,147,38,23.830661869054634,0,33,22,11,1,0.6172747580044676,0,4,0,0,0,0,0,0.0,0.0,0,0,0,0,0,0,0,0,0,0,0,0,0,0,0,0,0,0,5,58,0,0,0,0,0,0,0,0,0,0,0,0,0,,,0,0,0,0,0,0,0,0,0,0,0,0,,,,0,0,0,0,0,0,0,,0,0,0,0,,0,0,,0,0,0,0,0,0,0,0,0,0,,,,,,,,,,,,,,,,,,,,,,,,,,,,,,,,,,,,,,,,,,,,,,,,,,,,,,,,,,,,,,,,,,,,,,,,,,,,,,,,,,,,,,,,,,,,,,,,,,,,,,,,,,,,,,,,,,,,,,,,,,,,,,,,,,,,,,,,,,,,,,,,,,,,00-0034348,SuttCo00,3128429.0,Courtland Sutton,1995-10-10,76.0,216.0,SMU,2018.0,2.0,40.0,DEN,2018,9,15.0,0.0,0.0,0.0,0.0,2022.0,Courtland Sutton,DEN,27.0,WR,15.0,15.0,109.0,64.0,829.0,2.0,38.0,677.0,10.6,152.0,2.4,12.3,1.0,64.0,9.0,0.083,4.0,73.5,2023-08-28,2022.0,Courtland Sutton,DEN,27.0,WR,15.0,15.0,1.0,5.0,0.0,0.0,3.0,3.0,2.0,2.0,0.0,,2023-08-28,,,,,,,,,,,,,,,,,,,,,,,,,,,,,,,,,,,,,,,,,,,,,,,,,,,,,,,,,,,15,12.3,0.0,10,3,0
2022,Marquise Brown,M.Brown,00-0035662,ARI,WR,WR,44.0,12,156.0,13.0,89.0,67.0,67,107,709,3,0.16850393700787403,0.2617289313640313,0.4359661574666329,1,1,0,0,0,0,0,0,783.0,0.9108333333333333,0.19923371647509577,13.0,7.3862279707820875,28.0,3,WR,"https://static.www.nfl.com/image/upload/f_auto,q_auto/league/shkjxggufymydgp6wk3p",REG,0,0,0,0,0,0,0,,,0,,0,0,0,0,0,0,0,-0.2280759473796934,0,0,0,0,0,1,0,1205,236,33,-3.331899893946776,0,32,15,9,1,0.5883817427385892,0,3,0,0,0,0,0,0.0,0.0,0,0,0,0,0,0,0,0,0,0,0,0,0,0,0,0,0,0,2,10,1,0,1,1,0,0,0,0,0,0,0,0,0,,,0,0,0,0,0,0,0,0,0,0,0,0,,,,0,0,0,0,0,0,0,,0,0,0,0,,0,0,,0,0,0,0,0,0,0,0,0,0,,,,,,,,,,,,,,,,,,,,,,,,,,,,,,,,,,,,,,,,,,,,,,,,,,,,,,,,,,,,,,,,,,,,,,,,,,,,,,,,,,,,,,,,,,,,,,,,,,,,,,,,,,,,,,,,,,,,,,,,,,,,,,,,,,,,,,,,,,,,,,,,,,,,00-0035662,BrowMa04,4241372.0,Marquise Brown,1997-06-04,69.0,170.0,Oklahoma; College of the Canyons,2019.0,1.0,25.0,BAL,2019,8,12.0,0.0,0.0,0.0,0.0,2022.0,Marquise Brown,ARI,25.0,WR,12.0,10.0,107.0,67.0,709.0,3.0,33.0,473.0,7.1,236.0,3.5,11.3,1.0,67.0,4.0,0.037000000000000005,7.0,64.0,2023-08-28,2022.0,Marquise Brown,ARI,25.0,WR,12.0,10.0,1.0,1.0,0.0,0.0,0.0,0.0,1.0,1.0,0.0,,2023-08-28,,,,,,,,,,,,,,,,,,,,,,,,,,,,,,,,,,,,,,,,,,,,,,,,,,,,,,,,,,,12,11.950000000000001,1.7000000000000002,8,3,1
2022,K.J. Osborn,K.Osborn,00-0036345,MIN,WR,WR,45.0,17,155.60000000000002,9.15294117647059,95.60000000000001,60.000000000000014,60,90,650,5,0.14040561622464898,0.1501495513459621,0.31571311027914695,3,6,0,0,0,0,0,0,873.0,0.7423529411764707,0.1782359679266896,9.152941176470588,8.328874297215894,31.700000000000003,1,WR,"https://static.www.nfl.com/image/upload/f_auto,q_auto/league/ytgf9lftpnc3hqg81vhj",REG,0,0,0,0,0,0,0,,,0,,0,0,0,0,0,0,2,3.177500358265535,0,0,0,0,0,1,0,753,300,32,21.834048940413645,0,21,8,6,2,0.8632138114209827,0,0,0,0,0,0,0,0.0,0.0,0,0,0,0,0,0,0,0,0,0,0,0,0,1,0,0,0,0,2,7,1,0,0,1,0,0,0,0,0,0,0,0,0,,,0,0,0,0,0,0,0,0,0,0,0,0,,,,0,0,0,0,0,0,0,,0,0,0,0,,0,0,,0,0,0,0,0,0,0,0,0,0,K.Osborn,K.J. Osborn,WR,WR,"https://static.www.nfl.com/image/upload/f_auto,q_auto/league/ytgf9lftpnc3hqg81vhj",2022.0,POST,MIN,1.0,0.0,0.0,0.0,0.0,0.0,0.0,0.0,0.0,0.0,0.0,0.0,0.0,,,0.0,,0.0,0.0,0.0,0.0,0.0,0.0,0.0,0.0,0.0,0.0,,0.0,0.0,0.0,0.0,0.0,2.0,3.0,20.0,1.0,0.0,0.0,30.0,4.0,1.0,0.6797989271581173,0.0,1.0,0.0,0.0,0.0,0.6666666666666666,0.07692307692307693,0.11450381679389313,0.19553728714034058,0.0,0.0,0.0,0.0,0.0,0.0,0.0,0.0,0.0,0.0,0.0,0.0,0.0,0.0,0.0,0.0,0.0,0.0,0.0,0.0,0.0,0.0,0.0,0.0,0.0,0.0,0.0,0.0,0.0,0.0,0.0,0.0,0.0,0.0,0.0,0.0,0.0,0.0,0.0,0.0,0.0,0.0,,,0.0,0.0,0.0,0.0,0.0,0.0,0.0,0.0,0.0,0.0,0.0,0.0,,,,0.0,0.0,0.0,0.0,0.0,0.0,0.0,,0.0,0.0,0.0,0.0,,0.0,0.0,,0.0,0.0,0.0,0.0,0.0,0.0,0.0,0.0,0.0,0.0,8.0,10.0,00-0036345,OsboKJ00,3916566.0,K.J. Osborn,1997-06-10,71.0,203.0,Miami; Buffalo,2020.0,5.0,176.0,MIN,2020,6,17.0,0.0,2.0,0.0,0.003529411764705882,2022.0,KJ Osborn,MIN,25.0,WR,17.0,9.0,90.0,60.0,650.0,5.0,32.0,350.0,5.8,300.0,5.0,8.3,3.0,20.0,2.0,0.022000000000000002,2.0,97.0,2023-08-28,2022.0,KJ Osborn,MIN,25.0,WR,17.0,9.0,3.0,6.0,0.0,2.0,2.0,0.7,4.0,1.3,1.0,3.0,2023-08-28,,,,,,,,,,,,,,,,,,,,,,,,,,,,,,,,,,,,,,,,,,,,,,,,,,,,,,,,,,,17,4.8,0.0,5,4,1
2022,Mack Hollins,M.Hollins,00-0033555,LV,WR,WR,46.0,17,154.16,9.068235294117647,97.16,57.0,57,94,690,4,0.16845878136200718,0.22317596566523606,0.408911348008676,4,40,0,1,1,4,0,0,1030.0,0.9341176470588235,0.14966990291262136,9.068235294117647,7.214839079368054,29.96,1,WR,"https://static.www.nfl.com/image/upload/f_auto,q_auto/league/qbz7whjzsittudcecezw",REG,0,0,0,0,-6,10,0,0.05114959494676441,13.623565435409546,0,0.0,0,0,0,0,0,0,2,2.158991231932305,0,2,2,0,0,0,0,1196,192,34,31.43468787536654,0,25,13,9,2,0.5769230769230769,0,2,0,1,0,0,0,0.0,0.0,0,0,0,0,0,0,0,0,0,0,0,0,0,0,0,0,0,0,7,54,0,0,0,0,0,0,0,0,0,0,0,0,0,,,0,0,0,0,0,0,0,0,0,0,0,0,,,,0,0,0,0,0,0,0,,0,0,0,0,,0,0,,0,0,0,0,0,0,0,0,0,0,,,,,,,,,,,,,,,,,,,,,,,,,,,,,,,,,,,,,,,,,,,,,,,,,,,,,,,,,,,,,,,,,,,,,,,,,,,,,,,,,,,,,,,,,,,,,,,,,,,,,,,,,,,,,,,,,,,,,,,,,,,,,,,,,,,,,,,,,,,,,,,,,,,,00-0033555,HollMa00,2991662.0,Mack Hollins,1993-09-16,76.0,221.0,North Carolina,2017.0,4.0,118.0,PHI,2017,10,17.0,2.0,62.0,0.0023529411764705885,0.1376470588235294,2022.0,Mack Hollins,LV,29.0,WR,17.0,16.0,94.0,57.0,690.0,4.0,34.0,494.0,8.7,196.0,3.4,12.7,2.0,28.5,5.0,0.053,3.0,84.1,2023-08-28,2022.0,Mack Hollins,LV,29.0,WR,17.0,16.0,4.0,40.0,0.0,2.0,38.0,9.5,2.0,0.5,0.0,,2023-08-28,Mack Hollins,LVR,1.0,0.0,0.0,0.0,0.0,0.0,0.0,2022.0,3.3,0.0,0.0,0.0,0.0,0.0,0.0,1.0,100.0,1.0,4.0,1.0,4.0,0.0,0.0,0.0,0.0,,,,,,,,,,,,,,,,,,,,,,,,,,,,,,,,17,8.2,0.0,7,2,1
2022,DeAndre Hopkins,D.Hopkins,00-0030564,ARI,WR,WR,47.0,9,151.7,16.855555555555554,87.7,63.999999999999986,64,96,717,3,0.15118110236220472,0.21198957428323198,0.37516435554156946,0,0,0,0,0,0,0,0,555.0,0.8811111111111111,0.2733333333333333,16.855555555555554,8.631209519979096,33.9,2,WR,"https://static.www.nfl.com/image/upload/f_auto,q_auto/league/snvo6holyfdjmrlqxqxu",REG,0,0,0,0,0,0,0,,,0,,0,0,0,0,0,0,0,,0,0,0,0,0,2,1,976,165,35,6.7717179560614715,0,31,18,8,0,0.7346311475409836,0,1,1,0,0,0,0,0.0,0.0,0,0,0,0,0,0,0,0,0,0,0,0,0,1,0,0,0,0,1,15,2,0,0,2,1,0,0,0,0,0,0,0,0,,,0,0,0,0,0,0,0,0,0,0,0,0,,,,0,0,0,0,0,0,0,,0,0,0,0,,0,0,,0,0,0,0,0,0,0,0,0,0,,,,,,,,,,,,,,,,,,,,,,,,,,,,,,,,,,,,,,,,,,,,,,,,,,,,,,,,,,,,,,,,,,,,,,,,,,,,,,,,,,,,,,,,,,,,,,,,,,,,,,,,,,,,,,,,,,,,,,,,,,,,,,,,,,,,,,,,,,,,,,,,,,,,00-0030564,HopkDe00,15795.0,DeAndre Hopkins,1992-06-06,73.0,210.0,Clemson,2013.0,1.0,27.0,HOU,2013,13,9.0,0.0,0.0,0.0,0.0,2022.0,DeAndre Hopkins,ARI,30.0,WR,9.0,9.0,96.0,64.0,717.0,3.0,35.0,552.0,8.6,165.0,2.6,10.2,1.0,64.0,5.0,0.052000000000000005,3.0,86.2,2023-08-28,,,,,,,,,,,,,,,,,,,,,,,,,,,,,,,,,,,,,,,,,,,,,,,,,,,,,,,,,,,,,,,,,,,,,,,,,,,,,9,18.1,1.4,8,5,1
2022,Parris Campbell,P.Campbell,00-0035639,IND,WR,WR,48.0,17,149.10000000000002,8.770588235294118,86.10000000000001,63.000000000000014,63,91,623,3,0.15716753022452504,0.15168100078186084,0.3419279958840902,5,58,0,0,0,0,0,0,980.0,0.851764705882353,0.15214285714285716,8.770588235294117,6.666498772395667,23.0,2,WR,"https://static.www.nfl.com/image/upload/f_auto,q_auto/league/pmb3ypquiy5a2qzzmio4",REG,0,0,0,0,0,0,0,,,0,,0,0,0,0,0,0,2,2.292866151139606,0,2,2,2,0,1,0,582,276,32,-7.994461106525233,0,25,8,7,1,1.070446735395189,0,1,0,0,0,0,0,0.0,0.0,0,0,0,0,0,0,0,0,0,0,0,0,0,1,0,0,0,0,2,15,0,1,0,1,0,0,0,0,0,0,0,0,0,,,0,0,0,0,0,0,0,0,0,0,0,0,,,,0,0,0,0,0,0,0,,0,0,0,0,,0,0,,0,0,0,0,0,0,0,0,0,0,,,,,,,,,,,,,,,,,,,,,,,,,,,,,,,,,,,,,,,,,,,,,,,,,,,,,,,,,,,,,,,,,,,,,,,,,,,,,,,,,,,,,,,,,,,,,,,,,,,,,,,,,,,,,,,,,,,,,,,,,,,,,,,,,,,,,,,,,,,,,,,,,,,,00-0035639,CampPa00,3121410.0,Parris Campbell,1997-07-16,73.0,205.0,Ohio State,2019.0,2.0,59.0,IND,2019,7,17.0,0.0,14.0,0.0,0.02764705882352941,2022.0,Parris Campbell,IND,25.0,WR,17.0,16.0,91.0,63.0,623.0,3.0,32.0,346.0,5.5,277.0,4.4,6.4,5.0,12.6,5.0,0.055,6.0,71.8,2023-08-28,2022.0,Parris Campbell,IND,25.0,WR,17.0,16.0,5.0,58.0,0.0,2.0,41.0,8.2,17.0,3.4,0.0,,2023-08-28,,,,,,,,,,,,,,,,,,,,,,,,,,,,,,,,,,,,,,,,,,,,,,,,,,,,,,,,,,,17,8.3,0.0,5,3,0
2022,Brandin Cooks,B.Cooks,00-0031236,HOU,WR,WR,49.0,13,145.60000000000002,11.200000000000001,88.60000000000001,57.000000000000014,57,93,699,3,0.16666666666666666,0.23244607618173474,0.4127122533272143,2,7,0,0,0,0,0,0,658.0,0.8115384615384615,0.2212765957446809,11.2,4.938285802448727,21.6,1,WR,"https://static.www.nfl.com/image/upload/f_auto,q_auto/league/krz3gv9jjs92arlctvqf",REG,0,0,0,0,0,0,0,,,0,,0,0,0,0,0,0,0,-0.5028223688714206,0,0,0,0,0,0,0,1013,205,29,5.043835464450634,0,24,19,13,3,0.6900296150049359,0,0,0,0,0,0,0,0.0,0.0,0,0,0,0,0,0,0,0,0,0,0,0,0,0,0,0,0,0,1,5,0,0,0,0,0,0,0,0,0,0,0,0,0,,,0,0,0,0,0,0,0,0,0,0,0,0,,,,0,0,0,0,0,0,0,,0,0,0,0,,0,0,,0,0,0,0,0,0,0,0,0,0,,,,,,,,,,,,,,,,,,,,,,,,,,,,,,,,,,,,,,,,,,,,,,,,,,,,,,,,,,,,,,,,,,,,,,,,,,,,,,,,,,,,,,,,,,,,,,,,,,,,,,,,,,,,,,,,,,,,,,,,,,,,,,,,,,,,,,,,,,,,,,,,,,,,00-0031236,CookBr00,16731.0,Brandin Cooks,1993-09-25,70.0,190.0,Oregon State,2014.0,1.0,20.0,NO,2014,12,13.0,0.0,0.0,0.0,0.0,2022.0,Brandin Cooks,HOU,29.0,WR,13.0,13.0,93.0,57.0,699.0,3.0,29.0,494.0,8.7,205.0,3.6,10.7,1.0,57.0,5.0,0.054000000000000006,4.0,77.3,2023-08-28,2022.0,Brandin Cooks,HOU,29.0,WR,13.0,13.0,2.0,7.0,0.0,0.0,7.0,3.5,0.0,0.0,0.0,,2023-08-28,,,,,,,,,,,,,,,,,,,,,,,,,,,,,,,,,,,,,,,,,,,,,,,,,,,,,,,,,,,13,10.0,4.2,7,3,0
2022,Richie James,R.James,00-0034286,NYG,WR,WR,50.0,16,138.5,8.65625,81.5,57.0,57,70,569,4,0.14314928425357873,0.15266946610677865,0.3215925526551131,2,6,0,0,0,0,0,0,524.0,0.4688235294117647,0.2643129770992366,8.65625,6.887860698359107,20.6,1,WR,"https://static.www.nfl.com/image/private/f_auto,q_auto/league/qusoivtzbud2wl0spptz",REG,0,0,0,0,0,0,0,,,0,,0,0,0,0,0,0,0,-0.5533195314928889,0,0,0,0,0,0,0,509,176,29,24.495805307908885,0,27,10,3,0,1.117878192534381,0,1,0,0,0,0,0,0.0,0.0,0,0,0,0,0,3,0,0,0,0,0,0,0,0,0,0,0,0,2,10,3,0,0,3,3,24,174,0,0,0,0,0,0,,,0,0,0,0,0,0,0,0,0,0,0,0,,,,0,0,0,0,0,0,0,,0,0,0,0,,0,0,,0,0,0,0,0,0,0,0,0,0,R.James,Richie James,WR,WR,"https://static.www.nfl.com/image/private/f_auto,q_auto/league/qusoivtzbud2wl0spptz",2022.0,POST,NYG,2.0,0.0,0.0,0.0,0.0,0.0,0.0,0.0,0.0,0.0,0.0,0.0,0.0,,,0.0,,0.0,0.0,0.0,0.0,0.0,0.0,0.0,0.0,0.0,0.0,,0.0,0.0,0.0,0.0,0.0,11.0,16.0,82.0,0.0,0.0,0.0,77.0,44.0,5.0,0.9237402069265954,0.0,4.0,0.0,0.0,0.0,1.0649350649350648,0.2711864406779661,0.1855421686746988,0.5366591790892383,0.0,0.0,0.0,0.0,0.0,0.0,0.0,0.0,0.0,0.0,0.0,0.0,0.0,0.0,0.0,0.0,0.0,0.0,0.0,0.0,0.0,0.0,0.0,0.0,0.0,0.0,0.0,0.0,0.0,0.0,0.0,0.0,0.0,0.0,3.0,14.0,0.0,0.0,0.0,0.0,0.0,0.0,,,0.0,0.0,0.0,0.0,0.0,0.0,0.0,0.0,0.0,0.0,0.0,0.0,,,,0.0,0.0,0.0,0.0,0.0,0.0,0.0,,0.0,0.0,0.0,0.0,,0.0,0.0,,0.0,0.0,0.0,0.0,0.0,0.0,0.0,0.0,0.0,0.0,8.200000000000001,19.200000000000003,00-0034286,JameRi00,3122899.0,Richie James,1995-09-05,69.0,185.0,Middle Tennessee State,2018.0,7.0,240.0,SF,2018,6,17.0,0.0,66.0,0.0,0.13999999999999999,2022.0,Richie James,NYG,27.0,WR,17.0,4.0,70.0,57.0,569.0,4.0,29.0,393.0,6.9,176.0,3.1,7.2,1.0,57.0,3.0,0.043,0.0,119.6,2023-08-28,2022.0,Richie James,NYG,27.0,WR,17.0,4.0,2.0,6.0,0.0,0.0,2.0,1.0,4.0,2.0,1.0,2.0,2023-08-28,,,,,,,,,,,,,,,,,,,,,,,,,,,,,,,,,,,,,,,,,,,,,,,,,,,,,,,,,,,16,8.1,0.0,7,4,0
2022,Jahan Dotson,J.Dotson,00-0037741,WAS,WR,WR,51.0,12,130.6,10.883333333333333,95.6,35.0,35,61,523,7,0.11487758945386065,0.1915562542106445,0.3064057621282421,2,-7,0,0,0,0,0,0,651.0,0.7466666666666667,0.20061443932411674,10.883333333333333,7.650054466037044,20.5,1,WR,"https://static.www.nfl.com/image/upload/f_auto,q_auto/league/gwuibfw7ljxudxtldcvh",REG,0,0,0,0,0,0,0,,,0,,0,0,0,0,0,0,0,-1.7796098727267236,0,0,0,0,0,0,0,853,137,26,21.872810560561252,1,19,13,10,2,0.6131301289566237,0,2,0,0,0,0,0,0.0,0.0,0,0,0,0,0,0,0,0,0,0,0,0,0,0,0,0,0,0,3,25,0,0,0,0,0,0,0,0,0,0,0,0,0,,,0,0,0,0,0,0,0,0,0,0,0,0,,,,0,0,0,0,0,0,0,,0,0,0,0,,0,0,,0,0,0,0,0,0,0,0,0,0,,,,,,,,,,,,,,,,,,,,,,,,,,,,,,,,,,,,,,,,,,,,,,,,,,,,,,,,,,,,,,,,,,,,,,,,,,,,,,,,,,,,,,,,,,,,,,,,,,,,,,,,,,,,,,,,,,,,,,,,,,,,,,,,,,,,,,,,,,,,,,,,,,,,00-0037741,DotsJa00,4361409.0,Jahan Dotson,2000-03-22,71.0,184.0,Penn State,2022.0,1.0,16.0,WAS,2022,5,12.0,0.0,0.0,0.0,0.0,2022.0,Jahan Dotson,WAS,22.0,WR,12.0,10.0,61.0,35.0,523.0,7.0,26.0,386.0,11.0,137.0,3.9,13.5,1.0,35.0,6.0,0.098,4.0,96.6,2023-08-28,2022.0,Jahan Dotson,WAS,22.0,WR,12.0,10.0,2.0,-7.0,0.0,0.0,-8.0,-4.0,1.0,0.5,0.0,,2023-08-28,,,,,,,,,,,,,,,,,,,,,,,,,,,,,,,,,,,,,,,,,,,,,,,,,,,,,,,,,,,12,11.75,0.0,7,5,0
2022,Darius Slayton,D.Slayton,00-0035535,NYG,WR,WR,52.0,13,128.4,9.876923076923077,82.4,46.0,46,71,724,2,0.14519427402862986,0.26514697060587883,0.40339429046706,0,0,0,0,0,0,0,0,698.0,0.653125,0.1839541547277937,9.876923076923077,5.514096155332839,18.5,0,WR,"https://static.www.nfl.com/image/upload/f_auto,q_auto/league/otksyfjll5waf0vsczeu",REG,0,0,0,0,0,0,0,,,0,,0,0,0,0,0,0,0,,0,0,0,0,0,2,1,884,262,30,35.254165374586414,0,28,18,12,3,0.8190045248868778,0,1,0,0,0,0,0,0.0,0.0,0,0,0,0,0,0,0,0,0,0,0,0,0,1,0,0,0,0,1,10,2,0,0,2,1,0,0,0,0,0,0,0,0,,,0,0,0,0,0,0,0,0,0,0,0,0,,,,0,0,0,0,0,0,0,,0,0,0,0,,0,0,,0,0,0,0,0,0,0,0,0,0,D.Slayton,Darius Slayton,WR,WR,"https://static.www.nfl.com/image/upload/f_auto,q_auto/league/otksyfjll5waf0vsczeu",2022.0,POST,NYG,2.0,0.0,0.0,0.0,0.0,0.0,0.0,0.0,0.0,0.0,0.0,0.0,0.0,,,0.0,,0.0,0.0,0.0,0.0,1.0,3.0,0.0,0.0,0.0,0.0,-0.3406089999480173,0.0,0.0,0.0,0.0,0.0,5.0,13.0,92.0,0.0,0.0,0.0,146.0,45.0,4.0,-2.1542985505366232,0.0,3.0,2.0,2.0,1.0,0.6301369863013698,0.22033898305084745,0.35180722891566263,0.576773534817235,0.0,0.0,0.0,0.0,0.0,0.0,0.0,0.0,0.0,0.0,0.0,0.0,0.0,0.0,0.0,0.0,0.0,0.0,0.0,0.0,0.0,0.0,0.0,0.0,0.0,0.0,0.0,0.0,0.0,0.0,0.0,0.0,0.0,0.0,0.0,0.0,0.0,0.0,0.0,0.0,0.0,0.0,,,0.0,0.0,0.0,0.0,0.0,0.0,0.0,0.0,0.0,0.0,0.0,0.0,,,,0.0,0.0,0.0,0.0,0.0,0.0,0.0,,0.0,0.0,0.0,0.0,,0.0,0.0,,0.0,0.0,0.0,0.0,0.0,0.0,0.0,0.0,0.0,0.0,9.5,14.5,00-0035535,SlayDa01,3916945.0,Darius Slayton,1997-01-12,73.0,198.0,Auburn,2019.0,5.0,171.0,NYG,2019,7,16.0,0.0,0.0,0.0,0.0,2022.0,Darius Slayton,NYG,25.0,WR,16.0,11.0,71.0,46.0,724.0,2.0,30.0,462.0,10.0,262.0,5.7,12.5,2.0,23.0,7.0,0.099,2.0,96.2,2023-08-28,,,,,,,,,,,,,,,,,,,,,,,,,,,,,,,,,,,,,,,,,,,,,,,,,,,,,,,,,,,,,,,,,,,,,,,,,,,,,13,11.600000000000001,1.4000000000000001,7,2,0
2022,Russell Gage,R.Gage,00-0034411,TB,WR,WR,53.0,13,123.6,9.507692307692308,72.6,51.0,51,70,426,5,0.09668508287292818,0.07419604804339404,0.1969648579397681,0,0,0,0,0,0,0,0,529.0,0.5784615384615385,0.23364839319470698,9.507692307692308,7.541492064843838,25.9,2,WR,"https://static.www.nfl.com/image/upload/f_auto,q_auto/league/oigboeq0amnbgw7lnda0",REG,0,0,0,0,0,0,0,,,0,,0,0,0,0,0,0,0,,0,0,0,0,0,1,1,383,171,31,20.507765041897308,1,18,3,3,0,1.112271540469974,0,1,0,0,0,0,0,0.0,0.0,0,0,0,0,0,0,0,0,0,0,0,0,0,0,0,0,0,0,0,0,1,0,0,1,1,0,0,0,0,0,0,0,0,,,0,0,0,0,0,0,0,0,0,0,0,0,,,,0,0,0,0,0,0,0,,0,0,0,0,,0,0,,0,0,0,0,0,0,0,0,0,0,R.Gage,Russell Gage,WR,WR,"https://static.www.nfl.com/image/upload/f_auto,q_auto/league/oigboeq0amnbgw7lnda0",2022.0,POST,TB,1.0,0.0,0.0,0.0,0.0,0.0,0.0,0.0,0.0,0.0,0.0,0.0,0.0,,,0.0,,0.0,0.0,0.0,0.0,0.0,0.0,0.0,0.0,0.0,0.0,,0.0,0.0,0.0,0.0,0.0,2.0,8.0,10.0,0.0,0.0,0.0,39.0,13.0,0.0,-10.091352013638243,0.0,0.0,0.0,0.0,0.0,0.2564102564102564,0.13114754098360656,0.10833333333333334,0.27255464480874314,0.0,0.0,0.0,0.0,0.0,0.0,0.0,0.0,0.0,0.0,0.0,0.0,0.0,0.0,0.0,0.0,0.0,0.0,0.0,0.0,0.0,0.0,0.0,0.0,0.0,0.0,0.0,0.0,0.0,0.0,0.0,0.0,0.0,0.0,0.0,0.0,0.0,0.0,0.0,0.0,0.0,0.0,,,0.0,0.0,0.0,0.0,0.0,0.0,0.0,0.0,0.0,0.0,0.0,0.0,,,,0.0,0.0,0.0,0.0,0.0,0.0,0.0,,0.0,0.0,0.0,0.0,,0.0,0.0,,0.0,0.0,0.0,0.0,0.0,0.0,0.0,0.0,0.0,0.0,1.0,3.0,00-0034411,GageRu00,3115378.0,Russell Gage,1996-01-22,72.0,184.0,LSU,2018.0,6.0,194.0,ATL,2018,7,13.0,0.0,2.0,0.0,0.006923076923076922,2022.0,Russell Gage,TB,26.0,WR,13.0,4.0,70.0,51.0,426.0,5.0,31.0,255.0,5.0,171.0,3.4,5.5,2.0,25.5,3.0,0.043,0.0,112.0,2023-08-28,,,,,,,,,,,,,,,,,,,,,,,,,,,,,,,,,,,,,,,,,,,,,,,,,,,,,,,,,,,,,,,,,,,,,,,,,,,,,13,7.800000000000001,2.1,4,2,1
2022,Marquez Valdes-Scantling,M.Valdes-Scantling,00-0034272,KC,WR,WR,54.0,17,122.4,7.2,80.4,42.0,42,81,687,2,0.13192182410423453,0.2446943972835314,0.36916881425482373,1,-3,0,0,0,0,0,0,777.0,0.6741176470588235,0.15752895752895754,7.2,4.966764540422668,15.0,0,WR,"https://static.www.nfl.com/image/upload/f_auto,q_auto/league/xkdli55uvkkffiq6fwnu",REG,0,0,0,0,0,0,0,,,0,,0,0,0,0,0,0,0,-1.0038337134756148,0,0,0,0,0,0,0,1153,122,32,17.297868028928427,0,26,18,13,3,0.5958369470945359,0,2,0,0,0,0,0,0.0,0.0,0,0,0,0,0,0,0,0,0,0,0,0,0,0,0,0,0,0,1,5,0,0,0,0,0,0,0,0,0,0,0,0,0,,,0,0,0,0,0,0,0,0,0,0,0,0,,,,0,0,0,0,0,0,0,,0,0,0,0,,0,0,,0,0,0,0,0,0,0,0,0,0,M.Valdes-Scantling,Marquez Valdes-Scantling,WR,WR,"https://static.www.nfl.com/image/upload/f_auto,q_auto/league/xkdli55uvkkffiq6fwnu",2022.0,POST,KC,3.0,0.0,0.0,0.0,0.0,0.0,0.0,0.0,0.0,0.0,0.0,0.0,0.0,,,0.0,,0.0,0.0,0.0,0.0,0.0,0.0,0.0,0.0,0.0,0.0,,0.0,0.0,0.0,0.0,0.0,7.0,11.0,122.0,2.0,0.0,0.0,182.0,39.0,7.0,9.074569869262632,0.0,5.0,4.0,3.0,0.0,0.6703296703296703,0.10891089108910891,0.28,0.35936633663366335,0.0,0.0,0.0,0.0,0.0,0.0,0.0,0.0,0.0,0.0,0.0,0.0,0.0,0.0,0.0,0.0,0.0,0.0,0.0,0.0,0.0,0.0,0.0,0.0,0.0,0.0,0.0,0.0,0.0,0.0,0.0,0.0,0.0,0.0,0.0,0.0,0.0,0.0,0.0,0.0,0.0,0.0,,,0.0,0.0,0.0,0.0,0.0,0.0,0.0,0.0,0.0,0.0,0.0,0.0,,,,0.0,0.0,0.0,0.0,0.0,0.0,0.0,,0.0,0.0,0.0,0.0,,0.0,0.0,,0.0,0.0,0.0,0.0,0.0,0.0,0.0,0.0,0.0,0.0,24.200000000000003,31.200000000000003,00-0034272,ValdMa00,3051738.0,Marquez Valdes-Scantling,1994-10-10,76.0,206.0,University of South Florida; N.C. State,2018.0,5.0,174.0,GB,2018,8,17.0,0.0,0.0,0.0,0.0,2022.0,Marquez Valdes-Scantling,KC,28.0,WR,17.0,11.0,81.0,42.0,687.0,2.0,32.0,538.0,12.8,149.0,3.5,13.9,0.0,,5.0,0.062,1.0,83.7,2023-08-28,2022.0,Marquez Valdes-Scantling,KC,28.0,WR,17.0,11.0,1.0,-3.0,0.0,0.0,-3.0,-3.0,0.0,0.0,1.0,1.0,2023-08-28,,,,,,,,,,,,,,,,,,,,,,,,,,,,,,,,,,,,,,,,,,,,,,,,,,,,,,,,,,,17,8.100000000000001,0.0,4,2,0
2022,Isaiah McKenzie,I.McKenzie,00-0033466,BUF,WR,WR,55.0,15,119.80000000000001,7.986666666666667,77.80000000000001,42.0,42,65,423,4,0.11796733212341198,0.10669693530079455,0.25163885289567417,9,55,1,0,0,0,0,0,555.0,0.5366666666666667,0.21585585585585587,7.986666666666667,6.564174049519175,22.3,2,WR,"https://static.www.nfl.com/image/upload/f_auto,q_auto/league/gy6grhpxsegfgklfadte",REG,0,0,0,0,0,0,0,,,0,,0,0,0,0,0,0,3,1.9039958514478057,0,1,1,0,0,0,0,564,128,27,11.355487141730395,0,13,8,4,0,0.75,0,1,0,0,0,0,0,0.0,0.0,0,0,0,0,0,0,0,0,0,0,0,0,0,0,0,0,0,0,0,0,0,0,0,0,0,0,0,6,144,0,0,0,0,,,0,0,0,0,0,0,0,0,0,0,0,0,,,,0,0,0,0,0,0,0,,0,0,0,0,,0,0,,0,0,0,0,0,0,0,0,0,0,I.McKenzie,Isaiah McKenzie,WR,WR,"https://static.www.nfl.com/image/upload/f_auto,q_auto/league/gy6grhpxsegfgklfadte",2022.0,POST,BUF,1.0,0.0,0.0,0.0,0.0,0.0,0.0,0.0,0.0,0.0,0.0,0.0,0.0,,,0.0,,0.0,0.0,0.0,0.0,0.0,0.0,0.0,0.0,0.0,0.0,,0.0,0.0,0.0,0.0,0.0,2.0,2.0,10.0,0.0,0.0,0.0,-6.0,16.0,0.0,0.044228159822523594,0.0,0.0,0.0,0.0,0.0,0.0,0.025974025974025976,-0.006060606060606061,0.03471861471861472,0.0,0.0,0.0,0.0,0.0,0.0,0.0,0.0,0.0,0.0,0.0,0.0,0.0,0.0,0.0,0.0,0.0,0.0,0.0,0.0,0.0,0.0,0.0,0.0,0.0,0.0,0.0,0.0,0.0,0.0,0.0,0.0,0.0,0.0,0.0,0.0,0.0,0.0,0.0,0.0,0.0,0.0,,,0.0,0.0,0.0,0.0,0.0,0.0,0.0,0.0,0.0,0.0,0.0,0.0,,,,0.0,0.0,0.0,0.0,0.0,0.0,0.0,,0.0,0.0,0.0,0.0,,0.0,0.0,,0.0,0.0,0.0,0.0,0.0,0.0,0.0,0.0,0.0,0.0,1.0,3.0,00-0033466,McKeIs00,3128724.0,Isaiah McKenzie,1995-04-09,68.0,173.0,Georgia,2017.0,5.0,172.0,DEN,2017,8,15.0,0.0,28.0,0.0,0.08133333333333333,2022.0,Isaiah McKenzie,BUF,27.0,WR,15.0,8.0,65.0,42.0,423.0,4.0,27.0,295.0,7.0,128.0,3.0,8.3,0.0,,6.0,0.092,2.0,90.7,2023-08-28,2022.0,Isaiah McKenzie,BUF,27.0,WR,15.0,8.0,9.0,55.0,1.0,3.0,47.0,5.2,8.0,0.9,0.0,,2023-08-28,,,,,,,,,,,,,,,,,,,,,,,,,,,,,,,,,,,,,,,,,,,,,,,,,,,,,,,,,,,15,5.800000000000001,0.0,3,2,0
2022,Robert Woods,R.Woods,00-0030431,TEN,WR,WR,56.0,17,117.7,6.923529411764706,64.7,53.0,53,91,527,2,0.20871559633027523,0.20072890384076256,0.4535836271839466,0,0,0,0,0,0,0,0,809.0,0.78,0.14548825710754018,6.923529411764706,4.5003512934776415,14.9,0,WR,"https://static.www.nfl.com/image/upload/f_auto,q_auto/league/ydjg5fylwkf5aaxiul6v",REG,0,0,0,0,0,0,0,,,0,,0,0,0,0,0,0,0,,0,0,0,0,0,0,0,716,156,31,8.946638316698975,0,21,8,3,1,0.7360335195530726,0,0,0,0,0,0,0,0.0,0.0,0,0,0,0,0,1,0,0,0,0,0,0,0,0,0,0,0,0,1,10,1,0,0,1,1,11,90,0,0,0,0,0,0,,,0,0,0,0,0,0,0,0,0,0,0,0,,,,0,0,0,0,0,0,0,,0,0,0,0,,0,0,,0,0,0,0,0,0,0,0,0,0,,,,,,,,,,,,,,,,,,,,,,,,,,,,,,,,,,,,,,,,,,,,,,,,,,,,,,,,,,,,,,,,,,,,,,,,,,,,,,,,,,,,,,,,,,,,,,,,,,,,,,,,,,,,,,,,,,,,,,,,,,,,,,,,,,,,,,,,,,,,,,,,,,,,00-0030431,WoodRo02,15880.0,Robert Woods,1992-04-10,72.0,193.0,USC,2013.0,2.0,41.0,BUF,2013,12,17.0,0.0,47.0,0.0,0.10705882352941176,2022.0,Robert Woods,TEN,30.0,WR,17.0,15.0,91.0,53.0,527.0,2.0,31.0,371.0,7.0,156.0,2.9,7.8,0.0,,4.0,0.044000000000000004,3.0,68.3,2023-08-28,,,,,,,,,,,,,,,,,,,,,,,,,,,,,,,,,,,,,,,,,,,,,,,,,,,,,,,,,,,,,,,,,,,,,,,,,,,,,17,7.0,0.0,4,0,0
2022,Marvin Jones,M.Jones,00-0029293,JAX,WR,WR,57.0,16,116.9,7.30625,70.9,46.0,46,81,529,3,0.14111498257839722,0.24609375,0.3839380988675958,0,0,0,0,0,0,0,0,700.0,0.663125,0.167,7.30625,4.915481495574298,17.4,0,WR,"https://static.www.nfl.com/image/private/f_auto,q_auto/league/ciy9sxefmcnwjw7ln3h2",REG,0,0,0,0,0,0,0,,,0,,0,0,0,0,0,0,0,,0,0,0,0,0,0,0,1071,95,30,11.479467955404148,0,24,10,6,0,0.4939309056956116,0,1,0,0,0,0,0,0.0,0.0,0,0,0,0,0,0,0,0,0,0,0,0,0,0,0,0,0,0,0,0,0,0,0,0,0,0,0,0,0,0,0,0,0,,,0,0,0,0,0,0,0,0,0,0,0,0,,,,0,0,0,0,0,0,0,,0,0,0,0,,0,0,,0,0,0,0,0,0,0,0,0,0,M.Jones,Marvin Jones,WR,WR,"https://static.www.nfl.com/image/private/f_auto,q_auto/league/ciy9sxefmcnwjw7ln3h2",2022.0,POST,JAX,2.0,0.0,0.0,0.0,0.0,0.0,0.0,0.0,0.0,0.0,0.0,0.0,0.0,,,0.0,,0.0,0.0,0.0,0.0,0.0,0.0,0.0,0.0,0.0,0.0,,0.0,0.0,0.0,0.0,0.0,4.0,9.0,50.0,1.0,0.0,0.0,132.0,14.0,4.0,4.557684905594215,0.0,3.0,1.0,1.0,0.0,0.3787878787878788,0.10714285714285714,0.20121951219512196,0.3015679442508711,0.0,0.0,0.0,1.0,0.0,0.0,0.0,0.0,0.0,0.0,0.0,0.0,0.0,0.0,0.0,0.0,0.0,0.0,0.0,0.0,0.0,0.0,0.0,0.0,0.0,0.0,0.0,0.0,0.0,0.0,0.0,0.0,0.0,0.0,0.0,0.0,0.0,0.0,0.0,0.0,0.0,0.0,,,0.0,0.0,0.0,0.0,0.0,0.0,0.0,0.0,0.0,0.0,0.0,0.0,,,,0.0,0.0,0.0,0.0,0.0,0.0,0.0,,0.0,0.0,0.0,0.0,,0.0,0.0,,0.0,0.0,0.0,0.0,0.0,0.0,0.0,0.0,0.0,0.0,11.0,15.0,00-0029293,JoneMa02,15072.0,Marvin Jones,1990-03-12,74.0,198.0,California,2012.0,5.0,166.0,CIN,2012,12,16.0,0.0,0.0,0.0,0.0,2022.0,Marvin Jones,JAX,32.0,WR,16.0,10.0,81.0,46.0,529.0,3.0,29.0,434.0,9.4,95.0,2.1,13.2,0.0,,5.0,0.062,2.0,78.7,2023-08-28,,,,,,,,,,,,,,,,,,,,,,,,,,,,,,,,,,,,,,,,,,,,,,,,,,,,,,,,,,,,,,,,,,,,,,,,,,,,,16,7.050000000000001,0.0,4,1,0
2022,Kalif Raymond,K.Raymond,00-0032464,DET,WR,WR,58.0,17,116.2,6.835294117647059,69.2,47.0,47,64,616,0,0.11367673179396093,0.1542926239419589,0.2785199344503126,7,36,0,0,0,0,0,0,555.0,0.4994117647058824,0.20936936936936937,6.835294117647059,4.628301683186635,16.3,0,WR,"https://static.www.nfl.com/image/upload/f_auto,q_auto/league/dpdv6dm0almcbjdppizx",REG,0,0,0,0,0,0,0,,,0,,0,0,0,0,0,0,4,2.2991403104388155,0,1,1,0,0,1,1,638,218,24,21.02153123925591,0,25,15,10,3,0.9655172413793104,1,0,0,0,0,0,0,0.0,0.0,0,0,0,0,0,1,0,0,0,0,0,0,0,2,0,0,0,0,0,0,2,1,0,3,1,20,264,2,65,0,0,0,0,,,0,0,0,0,0,0,0,0,0,0,0,0,,,,0,0,0,0,0,0,0,,0,0,0,0,,0,0,,0,0,0,0,0,0,0,0,0,0,,,,,,,,,,,,,,,,,,,,,,,,,,,,,,,,,,,,,,,,,,,,,,,,,,,,,,,,,,,,,,,,,,,,,,,,,,,,,,,,,,,,,,,,,,,,,,,,,,,,,,,,,,,,,,,,,,,,,,,,,,,,,,,,,,,,,,,,,,,,,,,,,,,,00-0032464,RaymKa00,2973405.0,Kalif Raymond,1994-08-08,69.0,160.0,Holy Cross,,,,,2016,10,17.0,0.0,61.0,0.0,0.1335294117647059,2022.0,Kalif Raymond,DET,28.0,WR,17.0,7.0,64.0,47.0,616.0,0.0,24.0,398.0,8.5,218.0,4.6,10.0,2.0,23.5,0.0,0.0,0.0,103.4,2023-08-28,2022.0,Kalif Raymond,DET,28.0,WR,17.0,7.0,7.0,36.0,0.0,4.0,24.0,3.4,12.0,1.7,0.0,,2023-08-28,,,,,,,,,,,,,,,,,,,,,,,,,,,,,,,,,,,,,,,,,,,,,,,,,,,,,,,,,,,17,7.4,0.0,4,1,0
2022,Devin Duvernay,D.Duvernay,00-0036331,BAL,WR,WR,59.0,14,116.1,8.292857142857143,79.1,37.0,37,49,407,3,0.1053763440860215,0.1088689586447434,0.23427278718035266,12,84,1,0,0,0,0,0,632.0,0.6842857142857143,0.1837025316455696,8.292857142857143,6.156605494003266,21.4,1,WR,"https://static.www.nfl.com/image/upload/f_auto,q_auto/league/tj3t166iwsxbnyzxcyyl",REG,0,0,0,0,0,0,0,,,0,,0,0,0,0,0,0,7,5.453733798582107,0,4,3,0,0,0,0,437,159,19,19.672693191823782,0,19,9,6,0,0.931350114416476,1,0,0,0,0,0,0,0.0,0.0,0,0,0,0,0,1,0,0,0,0,0,0,0,3,12,0,0,0,0,0,0,1,0,1,0,16,190,15,383,0,0,0,0,,,0,0,0,0,0,0,0,0,0,0,0,0,,,,0,0,0,0,0,0,0,,0,0,0,0,,0,0,,0,0,0,0,0,0,0,0,0,0,,,,,,,,,,,,,,,,,,,,,,,,,,,,,,,,,,,,,,,,,,,,,,,,,,,,,,,,,,,,,,,,,,,,,,,,,,,,,,,,,,,,,,,,,,,,,,,,,,,,,,,,,,,,,,,,,,,,,,,,,,,,,,,,,,,,,,,,,,,,,,,,,,,,00-0036331,DuveDe00,4039050.0,Devin Duvernay,1997-09-12,71.0,200.0,Texas,2020.0,3.0,92.0,BAL,2020,6,14.0,0.0,118.0,0.0,0.3321428571428572,2022.0,Devin Duvernay,BAL,25.0,WR,14.0,13.0,49.0,37.0,407.0,3.0,19.0,251.0,6.8,156.0,4.2,9.0,0.0,,1.0,0.02,1.0,111.5,2023-08-28,2022.0,Devin Duvernay,BAL,25.0,WR,14.0,13.0,12.0,84.0,1.0,7.0,75.0,6.3,9.0,0.8,0.0,,2023-08-28,,,,,,,,,,,,,,,,,,,,,,,,,,,,,,,,,,,,,,,,,,,,,,,,,,,,,,,,,,,14,8.0,0.0,6,2,0
2022,Chris Moore,C.Moore,00-0032398,HOU,WR,WR,60.0,15,115.1,7.673333333333333,67.1,48.0,48,74,548,2,0.13261648745519714,0.1466268930702157,0.30156355633194665,3,3,0,0,0,0,0,0,678.0,0.670625,0.16976401179941003,7.673333333333333,5.4242137898588805,22.4,1,WR,"https://static.www.nfl.com/image/upload/f_auto,q_auto/league/o0s29hnpztyxqotqdx8h",REG,0,0,0,0,0,0,0,,,0,,0,0,0,0,0,0,0,-1.9480106143746525,0,0,0,0,0,0,0,639,267,24,7.128327410024395,0,21,11,9,1,0.8575899843505478,0,1,0,0,0,0,0,0.0,0.0,0,0,0,0,0,0,0,0,0,0,0,0,0,0,0,0,0,0,0,0,0,0,0,0,0,0,0,0,0,0,0,0,0,,,0,0,0,0,0,0,0,0,0,0,0,0,,,,0,0,0,0,0,0,0,,0,0,0,0,,0,0,,0,0,0,0,0,0,0,0,0,0,,,,,,,,,,,,,,,,,,,,,,,,,,,,,,,,,,,,,,,,,,,,,,,,,,,,,,,,,,,,,,,,,,,,,,,,,,,,,,,,,,,,,,,,,,,,,,,,,,,,,,,,,,,,,,,,,,,,,,,,,,,,,,,,,,,,,,,,,,,,,,,,,,,,00-0032398,MoorCh00,2576581.0,Chris Moore,1993-06-16,73.0,200.0,Cincinnati,2016.0,4.0,107.0,BAL,2016,10,16.0,0.0,24.0,0.0,0.051250000000000004,2022.0,Chris Moore,HOU,29.0,WR,16.0,7.0,74.0,48.0,548.0,2.0,24.0,285.0,5.9,263.0,5.5,8.8,2.0,24.0,2.0,0.027000000000000003,3.0,79.1,2023-08-28,2022.0,Chris Moore,HOU,29.0,WR,16.0,7.0,3.0,3.0,0.0,0.0,2.0,0.7,1.0,0.3,0.0,,2023-08-28,,,,,,,,,,,,,,,,,,,,,,,,,,,,,,,,,,,,,,,,,,,,,,,,,,,,,,,,,,,15,7.300000000000001,0.0,4,1,0
2022,Greg Dortch,G.Dortch,00-0035500,ARI,WR,WR,60.0,16,115.1,7.19375,63.1,51.99999999999999,52,64,467,2,0.10078740157480315,0.0686359687228497,0.1992262804681995,7,44,0,0,0,0,0,0,513.0,0.444375,0.22436647173489277,7.19375,7.842913468008344,22.3,1,WR,"https://static.www.nfl.com/image/upload/f_auto,q_auto/league/pylafoddjiqh4rhjlhpf",REG,0,0,0,0,0,0,0,,,0,,0,0,0,0,0,0,3,1.9678937036078423,0,1,1,1,0,0,0,316,293,19,12.061898299110204,0,19,6,5,1,1.4778481012658229,0,1,0,0,0,0,0,0.0,0.0,0,0,0,0,0,1,0,0,0,0,0,0,0,0,0,0,0,0,1,5,0,1,0,1,1,26,172,11,218,0,0,0,0,,,0,0,0,0,0,0,0,0,0,0,0,0,,,,0,0,0,0,0,0,0,,0,0,0,0,,0,0,,0,0,0,0,0,0,0,0,0,0,,,,,,,,,,,,,,,,,,,,,,,,,,,,,,,,,,,,,,,,,,,,,,,,,,,,,,,,,,,,,,,,,,,,,,,,,,,,,,,,,,,,,,,,,,,,,,,,,,,,,,,,,,,,,,,,,,,,,,,,,,,,,,,,,,,,,,,,,,,,,,,,,,,,00-0035500,DortGr01,4037235.0,Greg Dortch,1998-05-29,67.0,180.0,Wake Forest,,,,,2019,6,16.0,0.0,113.0,0.0,0.260625,2022.0,Greg Dortch,ARI,24.0,WR,16.0,4.0,64.0,52.0,467.0,2.0,19.0,174.0,3.3,293.0,5.6,4.9,3.0,17.3,0.0,0.0,0.0,107.5,2023-08-28,2022.0,Greg Dortch,ARI,24.0,WR,16.0,4.0,7.0,44.0,0.0,3.0,28.0,4.0,16.0,2.3,0.0,,2023-08-28,,,,,,,,,,,,,,,,,,,,,,,,,,,,,,,,,,,,,,,,,,,,,,,,,,,,,,,,,,,16,4.35,0.0,5,4,0
2022,Noah Brown,N.Brown,00-0033591,DAL,WR,WR,62.0,16,114.5,7.15625,71.5,43.0,43,74,555,3,0.13577981651376148,0.1789709172259508,0.32894936682880777,0,0,0,0,0,0,0,0,822.0,0.74875,0.13929440389294404,7.15625,6.963042318795236,22.9,2,WR,"https://static.www.nfl.com/image/upload/f_auto,q_auto/league/nv6ix0p8965yiugsuhwh",REG,0,0,0,0,0,0,0,,,0,,0,0,0,0,0,0,0,,0,0,0,0,0,1,1,800,128,25,-3.5267449333169063,0,22,10,6,2,0.69375,0,3,0,2,0,0,0,0.0,0.0,0,0,0,0,0,0,0,0,0,0,0,0,0,0,0,0,0,0,2,15,1,0,0,1,1,0,0,0,0,0,0,0,0,,,0,0,0,0,0,0,0,0,0,0,0,0,,,,0,0,0,0,0,0,0,,0,0,0,0,,0,0,,0,0,0,0,0,0,0,0,0,0,N.Brown,Noah Brown,WR,WR,"https://static.www.nfl.com/image/upload/f_auto,q_auto/league/nv6ix0p8965yiugsuhwh",2022.0,POST,DAL,2.0,0.0,0.0,0.0,0.0,0.0,0.0,0.0,0.0,0.0,0.0,0.0,0.0,,,0.0,,0.0,0.0,0.0,0.0,0.0,0.0,0.0,0.0,0.0,0.0,,0.0,0.0,0.0,0.0,0.0,4.0,4.0,39.0,0.0,0.0,0.0,5.0,34.0,2.0,4.521649927832186,0.0,2.0,1.0,0.0,0.0,7.8,0.057971014492753624,0.008756567425569177,0.09308611893702885,0.0,1.0,0.0,0.0,0.0,0.0,0.0,0.0,0.0,0.0,0.0,0.0,0.0,0.0,0.0,0.0,0.0,0.0,0.0,0.0,0.0,0.0,0.0,0.0,0.0,0.0,0.0,0.0,0.0,0.0,0.0,0.0,0.0,0.0,0.0,0.0,0.0,0.0,0.0,0.0,0.0,0.0,,,0.0,0.0,0.0,0.0,0.0,0.0,0.0,0.0,0.0,0.0,0.0,0.0,,,,0.0,0.0,0.0,0.0,0.0,0.0,0.0,,0.0,0.0,0.0,0.0,,0.0,0.0,,0.0,0.0,0.0,0.0,0.0,0.0,0.0,0.0,0.0,0.0,3.9000000000000004,7.9,00-0033591,BrowNo00,3121409.0,Noah Brown,1996-01-06,74.0,225.0,Ohio State,2017.0,7.0,239.0,DAL,2017,9,16.0,0.0,68.0,0.0,0.148125,2022.0,Noah Brown,DAL,26.0,WR,16.0,13.0,74.0,43.0,555.0,3.0,25.0,427.0,9.9,128.0,3.0,10.8,4.0,10.8,6.0,0.081,4.0,72.7,2023-08-28,,,,,,,,,,,,,,,,,,,,,,,,,,,,,,,,,,,,,,,,,,,,,,,,,,,,,,,,,,,,,,,,,,,,,,,,,,,,,16,4.85,0.0,5,2,0
2022,DeAndre Carter,D.Carter,00-0031763,LAC,WR,WR,63.0,17,114.30000000000001,6.723529411764707,68.30000000000001,46.0,46,65,538,3,0.09461426491994178,0.12740544127405443,0.23110520627175074,2,-15,0,0,0,0,0,0,698.0,0.5882352941176471,0.16375358166189113,6.723529411764706,5.7885155061298645,20.3,1,WR,"https://static.www.nfl.com/image/upload/f_auto,q_auto/league/jx4io3owliw3l5xve6ta",REG,0,0,0,0,0,0,0,,,0,,0,0,0,0,0,0,0,-3.1077726249350235,0,0,0,0,0,1,1,576,206,29,13.81492393538428,0,21,11,10,0,0.9340277777777778,0,0,0,0,0,0,0,0.0,0.0,0,0,0,0,0,1,0,0,0,0,0,0,0,0,0,0,0,0,0,0,2,1,1,3,2,29,339,26,497,0,0,0,0,,,0,0,0,0,0,0,0,0,0,0,0,0,,,,0,0,0,0,0,0,0,,0,0,0,0,,0,0,,0,0,0,0,0,0,0,0,0,0,D.Carter,DeAndre Carter,WR,WR,"https://static.www.nfl.com/image/upload/f_auto,q_auto/league/jx4io3owliw3l5xve6ta",2022.0,POST,LAC,1.0,0.0,0.0,0.0,0.0,0.0,0.0,0.0,0.0,0.0,0.0,0.0,0.0,,,0.0,,0.0,0.0,0.0,0.0,0.0,0.0,0.0,0.0,0.0,0.0,,0.0,0.0,0.0,0.0,0.0,2.0,3.0,17.0,0.0,0.0,0.0,15.0,5.0,1.0,0.44894805317173514,0.0,1.0,0.0,0.0,0.0,1.1333333333333333,0.07142857142857142,0.06276150627615062,0.15107591153616257,0.0,0.0,0.0,0.0,0.0,0.0,0.0,0.0,0.0,0.0,0.0,0.0,0.0,0.0,0.0,0.0,0.0,0.0,0.0,0.0,0.0,0.0,0.0,0.0,0.0,0.0,0.0,0.0,0.0,0.0,0.0,0.0,0.0,0.0,0.0,0.0,0.0,0.0,0.0,0.0,0.0,0.0,,,0.0,0.0,0.0,0.0,0.0,0.0,0.0,0.0,0.0,0.0,0.0,0.0,,,,0.0,0.0,0.0,0.0,0.0,0.0,0.0,,0.0,0.0,0.0,0.0,,0.0,0.0,,0.0,0.0,0.0,0.0,0.0,0.0,0.0,0.0,0.0,0.0,1.7000000000000002,3.7,00-0031763,CartDe02,2580216.0,DeAndre Carter,1993-04-10,68.0,190.0,Sacramento State,,,,,2015,8,17.0,0.0,154.0,0.0,0.3311764705882353,2022.0,DeAndre Carter,LAC,29.0,WR,17.0,7.0,65.0,46.0,538.0,3.0,29.0,332.0,7.2,206.0,4.5,8.9,0.0,,2.0,0.031,1.0,104.5,2023-08-28,2022.0,DeAndre Carter,LAC,29.0,WR,17.0,7.0,2.0,-15.0,0.0,0.0,-15.0,-7.5,0.0,0.0,0.0,,2023-08-28,,,,,,,,,,,,,,,,,,,,,,,,,,,,,,,,,,,,,,,,,,,,,,,,,,,,,,,,,,,17,5.3,0.0,4,3,0
2022,Alec Pierce,A.Pierce,00-0037664,IND,WR,WR,64.0,16,112.30000000000001,7.018750000000001,71.30000000000001,41.0,41,78,593,2,0.13471502590673576,0.23820693249934846,0.36881739160964755,0,0,0,0,0,0,0,0,725.0,0.6643749999999999,0.15489655172413794,7.018750000000001,5.88843145498018,18.6,0,WR,"https://static.www.nfl.com/image/upload/f_auto,q_auto/league/qcg9t51wgp3hicavmkmy",REG,0,0,0,0,0,0,0,,,0,,0,0,0,0,0,0,0,,0,0,0,0,0,1,0,914,113,28,19.428831803716417,0,26,12,8,3,0.6487964989059081,0,0,0,0,0,0,0,0.0,0.0,0,0,0,0,0,0,0,0,0,0,0,0,0,1,0,0,0,0,1,5,1,0,0,1,0,0,0,0,0,0,0,0,0,,,0,0,0,0,0,0,0,0,0,0,0,0,,,,0,0,0,0,0,0,0,,0,0,0,0,,0,0,,0,0,0,0,0,0,0,0,0,0,,,,,,,,,,,,,,,,,,,,,,,,,,,,,,,,,,,,,,,,,,,,,,,,,,,,,,,,,,,,,,,,,,,,,,,,,,,,,,,,,,,,,,,,,,,,,,,,,,,,,,,,,,,,,,,,,,,,,,,,,,,,,,,,,,,,,,,,,,,,,,,,,,,,00-0037664,PierAl00,4360078.0,Alec Pierce,2000-05-02,75.0,211.0,Cincinnati,2022.0,2.0,53.0,IND,2022,5,16.0,0.0,1.0,0.0,0.0025,2022.0,Alec Pierce,IND,22.0,WR,16.0,12.0,78.0,41.0,593.0,2.0,28.0,480.0,11.7,113.0,2.8,11.7,0.0,,3.0,0.038,2.0,75.4,2023-08-28,,,,,,,,,,,,,,,,,,,,,,,,,,,,,,,,,,,,,,,,,,,,,,,,,,,,,,,,,,,,,,,,,,,,,,,,,,,,,16,6.25,0.0,4,2,0
2022,Olamide Zaccheaus,O.Zaccheaus,00-0035208,ATL,WR,WR,65.0,16,110.0,6.875,70.0,40.0,40,61,533,3,0.1525,0.17803124225142575,0.35337186957599803,2,7,0,0,0,0,0,0,737.0,0.6994117647058824,0.14925373134328357,6.875,4.160849272284045,14.1,0,WR,"https://static.www.nfl.com/image/upload/f_auto,q_auto/league/zsnzd30ysrewgufbv06y",REG,0,0,0,0,0,0,0,,,0,,0,0,0,0,0,0,1,-0.47123161365743726,0,1,1,0,0,1,1,718,193,25,23.677558913227276,0,24,11,9,2,0.7423398328690808,0,0,1,0,0,0,0,0.0,0.0,0,0,0,0,0,0,0,0,0,0,0,0,0,0,0,0,0,0,1,10,1,0,0,1,1,0,0,0,0,0,0,0,0,,,0,0,0,0,0,0,0,0,0,0,0,0,,,,0,0,0,0,0,0,0,,0,0,0,0,,0,0,,0,0,0,0,0,0,0,0,0,0,,,,,,,,,,,,,,,,,,,,,,,,,,,,,,,,,,,,,,,,,,,,,,,,,,,,,,,,,,,,,,,,,,,,,,,,,,,,,,,,,,,,,,,,,,,,,,,,,,,,,,,,,,,,,,,,,,,,,,,,,,,,,,,,,,,,,,,,,,,,,,,,,,,,00-0035208,ZaccOl01,3917914.0,Olamide Zaccheaus,1997-07-23,68.0,194.0,Virginia,,,,,2019,8,17.0,0.0,33.0,0.0,0.07411764705882352,2022.0,Olamide Zaccheaus,ATL,25.0,WR,17.0,13.0,61.0,40.0,533.0,3.0,25.0,344.0,8.6,189.0,4.7,11.5,3.0,13.3,0.0,0.0,0.0,109.5,2023-08-28,2022.0,Olamide Zaccheaus,ATL,25.0,WR,17.0,13.0,2.0,7.0,0.0,1.0,-6.0,-3.0,13.0,6.5,0.0,,2023-08-28,,,,,,,,,,,,,,,,,,,,,,,,,,,,,,,,,,,,,,,,,,,,,,,,,,,,,,,,,,,16,6.5,0.0,4,0,0
2022,Michael Gallup,M.Gallup,00-0034764,DAL,WR,WR,66.0,14,105.4,7.528571428571429,66.4,39.0,39,74,424,4,0.13577981651376148,0.18322147651006712,0.3319247583276892,0,0,0,0,0,0,0,0,738.0,0.7571428571428571,0.14281842818428184,7.528571428571429,4.97770855088789,18.3,0,WR,"https://static.www.nfl.com/image/private/f_auto,q_auto/league/tt9xpcg4x2z3osc1fcq6",REG,0,0,0,0,0,0,0,,,0,,0,0,0,0,0,0,0,,0,0,0,0,0,0,0,819,107,25,-0.47733926229543444,0,20,8,4,0,0.5177045177045178,0,1,0,0,0,0,0,0.0,0.0,0,0,0,0,0,0,0,0,0,0,0,0,0,0,0,0,0,0,0,0,0,0,0,0,0,0,0,0,0,0,0,0,0,,,0,0,0,0,0,0,0,0,0,0,0,0,,,,0,0,0,0,0,0,0,,0,0,0,0,,0,0,,0,0,0,0,0,0,0,0,0,0,M.Gallup,Michael Gallup,WR,WR,"https://static.www.nfl.com/image/private/f_auto,q_auto/league/tt9xpcg4x2z3osc1fcq6",2022.0,POST,DAL,2.0,0.0,0.0,0.0,0.0,0.0,0.0,0.0,0.0,0.0,0.0,0.0,0.0,,,0.0,,0.0,0.0,0.0,0.0,0.0,0.0,0.0,0.0,0.0,0.0,,0.0,0.0,0.0,0.0,0.0,5.0,9.0,46.0,1.0,0.0,0.0,121.0,9.0,4.0,0.5162741957756225,0.0,3.0,0.0,0.0,0.0,0.38016528925619836,0.13043478260869565,0.2119089316987741,0.3439884261021853,0.0,0.0,0.0,0.0,0.0,0.0,0.0,0.0,0.0,0.0,0.0,0.0,0.0,0.0,0.0,0.0,0.0,0.0,0.0,0.0,0.0,0.0,0.0,0.0,0.0,0.0,0.0,0.0,0.0,0.0,0.0,0.0,0.0,0.0,0.0,0.0,0.0,0.0,0.0,0.0,0.0,0.0,,,0.0,0.0,0.0,0.0,0.0,0.0,0.0,0.0,0.0,0.0,0.0,0.0,,,,0.0,0.0,0.0,0.0,0.0,0.0,0.0,,0.0,0.0,0.0,0.0,,0.0,0.0,,0.0,0.0,0.0,0.0,0.0,0.0,0.0,0.0,0.0,0.0,10.600000000000001,15.600000000000001,00-0034764,GallMi00,4036348.0,Michael Gallup,1996-03-04,73.0,198.0,Colorado State; Butler County JC,2018.0,3.0,81.0,DAL,2018,6,14.0,0.0,0.0,0.0,0.0,2022.0,Michael Gallup,DAL,26.0,WR,14.0,11.0,74.0,39.0,424.0,4.0,25.0,317.0,8.1,107.0,2.7,11.1,0.0,,6.0,0.081,4.0,65.4,2023-08-28,,,,,,,,,,,,,,,,,,,,,,,,,,,,,,,,,,,,,,,,,,,,,,,,,,,,,,,,,,,,,,,,,,,,,,,,,,,,,14,7.300000000000001,0.0,4,1,0
2022,Chase Claypool,C.Claypool,00-0036326,CHI,WR,WR,67.0,15,105.03999999999999,7.002666666666666,59.04,45.99999999999999,46,79,451,1,0.14416058394160583,0.1735344095157179,0.33771496257341127,9,59,0,1,1,1,1,0,662.0,0.6920000000000001,0.15867069486404833,7.002666666666667,5.833043149244858,23.4,1,WR,"https://static.www.nfl.com/image/upload/f_auto,q_auto/league/intpee5tvgt6rhzxhquc",REG,0,0,0,0,1,0,1,2.553211367689073,60.102379322052,0,1.0,0,0,0,0,0,0,3,2.334996713354485,0,3,2,0,0,1,1,817,143,24,-5.912490091524573,0,20,9,7,0,0.5520195838433293,0,3,0,0,0,0,0,0.0,0.0,0,0,0,0,0,0,0,0,0,0,0,0,0,0,0,0,0,0,1,5,1,0,0,1,1,0,0,0,0,0,0,0,0,,,0,0,0,0,0,0,0,0,0,0,0,0,,,,0,0,0,0,0,0,0,,0,0,0,0,,0,0,,0,0,0,0,0,0,0,0,0,0,,,,,,,,,,,,,,,,,,,,,,,,,,,,,,,,,,,,,,,,,,,,,,,,,,,,,,,,,,,,,,,,,,,,,,,,,,,,,,,,,,,,,,,,,,,,,,,,,,,,,,,,,,,,,,,,,,,,,,,,,,,,,,,,,,,,,,,,,,,,,,,,,,,,00-0036326,ClayCh01,4046692.0,Chase Claypool,1998-07-07,76.0,238.0,Notre Dame,2020.0,2.0,49.0,PIT,2020,4,15.0,0.0,0.0,0.0,0.0,2022.0,Chase Claypool,2TM,24.0,WR,15.0,11.0,79.0,46.0,451.0,1.0,24.0,302.0,6.6,149.0,3.2,10.3,2.0,23.0,4.0,0.051,4.0,57.5,2023-08-28,2022.0,Chase Claypool,2TM,24.0,WR,15.0,11.0,9.0,59.0,0.0,3.0,45.0,5.0,14.0,1.6,0.0,,2023-08-28,Chase Claypool,2TM,1.0,0.0,0.0,0.0,0.0,0.0,0.0,2022.0,,1.0,0.0,1.0,1.0,100.0,0.0,1.0,100.0,0.0,0.0,0.0,0.0,0.0,0.0,0.0,0.0,,,,,,,,,,2022.0,Regular,Season Total,CHI,C. Claypool,,100.0,1.7,1.0,1.8,1.8,0.0,0.0,0.0,100.0,0.0,Chase,Claypool,Chase Claypool,https://a.espncdn.com/i/headshots/nfl/players/full/4046692.png,Bears,False,15,6.6,0.0,3,1,0
2022,Josh Reynolds,J.Reynolds,00-0033943,DET,WR,WR,68.0,12,103.9,8.658333333333333,65.9,38.0,38,59,479,3,0.10479573712255773,0.17025392986698912,0.276371356590729,0,0,0,0,0,0,0,0,625.0,0.6578571428571429,0.16624,8.658333333333333,6.950010900362066,21.1,1,WR,"https://static.www.nfl.com/image/upload/f_auto,q_auto/league/lf1fjsagcsvxmktl0bbn",REG,0,0,0,0,0,0,0,,,0,,0,0,0,0,0,0,0,,0,0,0,0,0,0,0,704,115,25,11.604702909754556,0,18,13,8,0,0.6803977272727273,0,1,0,0,0,0,0,0.0,0.0,0,0,0,0,0,0,0,0,0,0,0,0,0,0,0,0,0,0,0,0,0,0,0,0,0,0,0,0,0,0,0,0,0,,,0,0,0,0,0,0,0,0,0,0,0,0,,,,0,0,0,0,0,0,0,,0,0,0,0,,0,0,,0,0,0,0,0,0,0,0,0,0,,,,,,,,,,,,,,,,,,,,,,,,,,,,,,,,,,,,,,,,,,,,,,,,,,,,,,,,,,,,,,,,,,,,,,,,,,,,,,,,,,,,,,,,,,,,,,,,,,,,,,,,,,,,,,,,,,,,,,,,,,,,,,,,,,,,,,,,,,,,,,,,,,,,00-0033943,ReynJo00,3115306.0,Josh Reynolds,1995-02-16,75.0,192.0,Texas A&M; Tyler JC,2017.0,4.0,117.0,LA,2017,9,14.0,0.0,1.0,0.0,0.002142857142857143,2022.0,Josh Reynolds,DET,27.0,WR,14.0,11.0,59.0,38.0,479.0,3.0,25.0,364.0,9.6,115.0,3.0,11.9,0.0,,4.0,0.068,1.0,99.5,2023-08-28,,,,,,,,,,,,,,,,,,,,,,,,,,,,,,,,,,,,,,,,,,,,,,,,,,,,,,,,,,,,,,,,,,,,,,,,,,,,,12,5.0,1.5,5,4,0
2022,Demarcus Robinson,D.Robinson,00-0032775,BAL,WR,WR,69.0,16,103.80000000000001,6.487500000000001,55.800000000000004,48.00000000000001,48,75,458,2,0.16129032258064516,0.1684105630293971,0.3598228779915457,0,0,0,0,0,0,0,0,637.0,0.5758823529411764,0.16295133437990583,6.4875,5.4802524272761985,21.8,1,WR,"https://static.www.nfl.com/image/upload/f_auto,q_auto/league/cokassoz2z7hb4wk2krh",REG,0,0,0,0,0,0,0,,,0,,0,0,0,0,0,0,0,,0,0,0,0,0,2,1,676,150,23,3.598600458722443,0,21,6,4,0,0.6775147928994083,0,5,0,0,0,0,0,0.0,0.0,0,0,0,0,0,0,0,0,0,0,0,0,0,0,0,0,0,0,1,5,1,1,1,2,1,0,0,0,0,0,0,0,0,,,0,0,0,0,0,0,0,0,0,0,0,0,,,,0,0,0,0,0,0,0,,0,0,0,0,,0,0,,0,0,0,0,0,0,0,0,0,0,D.Robinson,Demarcus Robinson,WR,WR,"https://static.www.nfl.com/image/upload/f_auto,q_auto/league/cokassoz2z7hb4wk2krh",2022.0,POST,BAL,1.0,0.0,0.0,0.0,0.0,0.0,0.0,0.0,0.0,0.0,0.0,0.0,0.0,,,0.0,,0.0,0.0,0.0,0.0,0.0,0.0,0.0,0.0,0.0,0.0,,0.0,0.0,0.0,0.0,0.0,2.0,3.0,49.0,1.0,0.0,0.0,38.0,15.0,1.0,3.9797153810795862,0.0,1.0,1.0,1.0,1.0,1.2894736842105263,0.10714285714285714,0.19895287958115182,0.299981301421092,0.0,0.0,0.0,0.0,0.0,0.0,0.0,0.0,0.0,0.0,0.0,0.0,0.0,0.0,0.0,0.0,0.0,0.0,0.0,0.0,0.0,0.0,0.0,0.0,0.0,0.0,0.0,0.0,0.0,0.0,0.0,0.0,0.0,0.0,0.0,0.0,0.0,0.0,0.0,0.0,0.0,0.0,,,0.0,0.0,0.0,0.0,0.0,0.0,0.0,0.0,0.0,0.0,0.0,0.0,,,,0.0,0.0,0.0,0.0,0.0,0.0,0.0,,0.0,0.0,0.0,0.0,,0.0,0.0,,0.0,0.0,0.0,0.0,0.0,0.0,0.0,0.0,0.0,0.0,10.9,12.9,00-0032775,RobiDe01,3043116.0,Demarcus Robinson,1994-09-21,73.0,203.0,Florida,2016.0,4.0,126.0,KC,2016,11,17.0,0.0,4.0,0.0,0.009411764705882354,2022.0,Demarcus Robinson,BAL,28.0,WR,17.0,5.0,75.0,48.0,458.0,2.0,23.0,312.0,6.5,146.0,3.0,9.0,1.0,48.0,3.0,0.04,4.0,67.5,2023-08-28,,,,,,,,,,,,,,,,,,,,,,,,,,,,,,,,,,,,,,,,,,,,,,,,,,,,,,,,,,,,,,,,,,,,,,,,,,,,,16,5.050000000000001,0.0,4,1,0
2022,DeVante Parker,D.Parker,00-0031547,NE,WR,WR,70.0,12,102.9,8.575000000000001,71.9,31.0,31,47,539,3,0.09073359073359073,0.18122111408416444,0.26295516595930124,0,0,0,0,0,0,0,0,545.0,0.6907692307692308,0.18880733944954128,8.575000000000001,8.092097716571732,25.9,2,WR,"https://static.www.nfl.com/image/private/f_auto,q_auto/league/beuyfjou6kckaoqqpa96",REG,0,0,0,0,0,0,0,,,0,,0,0,0,0,0,0,0,,0,0,0,0,0,0,0,745,105,25,15.64754109456332,0,23,12,10,3,0.723489932885906,0,1,0,0,0,0,0,0.0,0.0,0,0,0,0,0,0,0,0,0,0,0,0,0,0,0,0,0,0,1,10,0,0,0,0,0,0,0,0,0,0,0,0,0,,,0,0,0,0,0,0,0,0,0,0,0,0,,,,0,0,0,0,0,0,0,,0,0,0,0,,0,0,,0,0,0,0,0,0,0,0,0,0,,,,,,,,,,,,,,,,,,,,,,,,,,,,,,,,,,,,,,,,,,,,,,,,,,,,,,,,,,,,,,,,,,,,,,,,,,,,,,,,,,,,,,,,,,,,,,,,,,,,,,,,,,,,,,,,,,,,,,,,,,,,,,,,,,,,,,,,,,,,,,,,,,,,00-0031547,ParkDe01,2576623.0,DeVante Parker,1993-01-20,75.0,215.0,Louisville,2015.0,1.0,14.0,MIA,2015,9,13.0,0.0,2.0,0.0,0.006923076923076922,2022.0,DeVante Parker,NE,29.0,WR,13.0,11.0,47.0,31.0,539.0,3.0,25.0,434.0,14.0,105.0,3.4,15.9,3.0,10.3,1.0,0.021,4.0,90.6,2023-08-28,,,,,,,,,,,,,,,,,,,,,,,,,,,,,,,,,,,,,,,,,,,,,,,,,,,,,,,,,,,,,,,,,,,,,,,,,,,,,12,7.1000000000000005,0.0,5,2,1
2022,Romeo Doubs,R.Doubs,00-0037816,GB,WR,WR,71.0,13,101.6,7.815384615384615,59.6,41.99999999999999,42,67,425,3,0.12407407407407407,0.14225100491290754,0.2856868145501464,1,11,0,0,0,0,0,0,529.0,0.6253846153846153,0.19206049149338372,7.815384615384615,6.2448440271216485,21.3,1,WR,"https://static.www.nfl.com/image/upload/f_auto,q_auto/league/yxvzijmgwyyigljxfmyb",REG,0,0,0,0,0,0,0,,,0,,0,0,0,0,0,0,1,0.5182846897514537,0,1,0,0,0,2,1,637,191,20,-2.379796117582551,0,18,10,7,0,0.6671899529042387,0,0,0,0,0,0,0,0.0,0.0,0,0,0,0,0,0,0,0,0,0,0,0,0,1,0,0,0,0,0,0,2,0,0,2,1,0,0,2,39,0,0,0,0,,,0,0,0,0,0,0,0,0,0,0,0,0,,,,0,0,0,0,0,0,0,,0,0,0,0,,0,0,,0,0,0,0,0,0,0,0,0,0,,,,,,,,,,,,,,,,,,,,,,,,,,,,,,,,,,,,,,,,,,,,,,,,,,,,,,,,,,,,,,,,,,,,,,,,,,,,,,,,,,,,,,,,,,,,,,,,,,,,,,,,,,,,,,,,,,,,,,,,,,,,,,,,,,,,,,,,,,,,,,,,,,,,00-0037816,DoubRo00,4361432.0,Romeo Doubs,2000-04-13,74.0,210.0,Nevada,2022.0,4.0,132.0,GB,2022,5,13.0,0.0,3.0,0.0,0.009230769230769232,2022.0,Romeo Doubs,GB,22.0,WR,13.0,7.0,67.0,42.0,425.0,3.0,20.0,229.0,5.5,196.0,4.7,9.4,0.0,,9.0,0.134,0.0,95.7,2023-08-28,2022.0,Romeo Doubs,GB,22.0,WR,13.0,7.0,1.0,11.0,0.0,1.0,11.0,11.0,0.0,0.0,0.0,,2023-08-28,,,,,,,,,,,,,,,,,,,,,,,,,,,,,,,,,,,,,,,,,,,,,,,,,,,,,,,,,,,13,6.1,0.0,4,2,0
2022,Darnell Mooney,D.Mooney,00-0036309,CHI,WR,WR,72.0,11,101.5,9.227272727272727,61.5,40.0,40,61,493,2,0.16991643454038996,0.2122008172796264,0.4034152239063234,1,2,0,0,0,0,0,0,630.0,0.8308333333333334,0.16111111111111112,9.227272727272727,5.357255063759968,17.5,0,WR,"https://static.www.nfl.com/image/upload/f_auto,q_auto/league/eaejonwaflt9drrs9ika",REG,0,0,0,0,0,0,0,,,0,,0,0,0,0,0,0,0,-0.6093795886263251,0,0,0,0,0,0,0,727,168,20,14.498919421472998,0,19,16,7,1,0.6781292984869326,0,2,0,0,0,0,0,0.0,0.0,0,0,0,0,0,0,0,0,0,0,0,0,0,0,0,0,0,0,0,0,0,0,0,0,0,0,0,0,0,0,0,0,0,,,0,0,0,0,0,0,0,0,0,0,0,0,,,,0,0,0,0,0,0,0,,0,0,0,0,,0,0,,0,0,0,0,0,0,0,0,0,0,,,,,,,,,,,,,,,,,,,,,,,,,,,,,,,,,,,,,,,,,,,,,,,,,,,,,,,,,,,,,,,,,,,,,,,,,,,,,,,,,,,,,,,,,,,,,,,,,,,,,,,,,,,,,,,,,,,,,,,,,,,,,,,,,,,,,,,,,,,,,,,,,,,,00-0036309,MoonDa00,4040655.0,Darnell Mooney,1997-10-29,71.0,177.0,Tulane,2020.0,5.0,173.0,CHI,2020,7,12.0,0.0,0.0,0.0,0.0,2022.0,Darnell Mooney,CHI,25.0,WR,12.0,12.0,61.0,40.0,493.0,2.0,20.0,329.0,8.2,164.0,4.1,12.0,2.0,20.0,2.0,0.033,2.0,87.7,2023-08-28,2022.0,Darnell Mooney,CHI,25.0,WR,12.0,12.0,1.0,2.0,0.0,0.0,0.0,0.0,2.0,2.0,0.0,,2023-08-28,,,,,,,,,,,,,,,,,,,,,,,,,,,,,,,,,,,,,,,,,,,,,,,,,,,,,,,,,,,11,9.7,0.6,5,1,0
2022,Rashid Shaheed,R.Shaheed,00-0037545,NO,WR,WR,73.0,12,100.5,8.375,72.5,28.0,28,34,488,2,0.06896551724137931,0.08725274725274726,0.16452519893899203,4,57,1,0,0,0,0,0,298.0,0.4175,0.337248322147651,8.375,5.3785981614002525,18.5,0,WR,"https://static.www.nfl.com/image/upload/f_auto,q_auto/league/ku2naisfbxmzgagxojnm",REG,0,0,0,0,0,0,0,,,0,,0,0,0,0,0,0,2,4.583332723355852,0,1,1,1,1,1,0,397,175,18,31.05510401758989,0,15,11,6,4,1.2292191435768263,0,0,0,0,0,0,0,0.0,0.0,0,0,0,0,0,0,0,0,0,0,0,0,0,0,0,0,0,0,0,0,0,1,0,1,0,20,193,14,320,0,0,0,0,,,0,0,0,0,0,0,0,0,0,0,0,0,,,,0,0,0,0,0,0,0,,0,0,0,0,,0,0,,0,0,0,0,0,0,0,0,0,0,,,,,,,,,,,,,,,,,,,,,,,,,,,,,,,,,,,,,,,,,,,,,,,,,,,,,,,,,,,,,,,,,,,,,,,,,,,,,,,,,,,,,,,,,,,,,,,,,,,,,,,,,,,,,,,,,,,,,,,,,,,,,,,,,,,,,,,,,,,,,,,,,,,,00-0037545,ShahRa00,4032473.0,Rashid Shaheed,1998-08-31,72.0,180.0,Weber State,,,,,2022,5,12.0,0.0,106.0,0.0,0.365,2022.0,Rashid Shaheed,NO,24.0,WR,12.0,6.0,34.0,28.0,488.0,2.0,18.0,312.0,11.1,176.0,6.3,11.6,0.0,,1.0,0.028999999999999998,0.0,138.4,2023-08-28,2022.0,Rashid Shaheed,NO,24.0,WR,12.0,6.0,4.0,57.0,1.0,2.0,41.0,10.3,16.0,4.0,1.0,4.0,2023-08-28,,,,,,,,,,,,,,,,,,,,,,,,,,,,,,,,,,,,,,,,,,,,,,,,,,,,,,,,,,,12,8.0,0.0,5,1,0
2022,Isaiah Hodgins,I.Hodgins,00-0036165,NYG,WR,WR,74.0,9,100.2,11.133333333333333,63.2,37.0,37,48,392,4,0.08711433756805807,0.08229284903518728,0.1882765006767182,0,0,0,0,0,0,0,0,433.0,0.654,0.23140877598152426,11.133333333333333,6.243196296769788,22.9,1,WR,"https://static.www.nfl.com/image/upload/f_auto,q_auto/league/ywbemecs6xa8bsm3h7bb",REG,0,0,0,0,0,0,0,,,0,,0,0,0,0,0,0,0,,0,0,0,0,0,1,1,435,88,24,10.570879366526295,1,17,8,4,0,0.9011494252873563,0,0,0,0,0,0,0,0.0,0.0,0,0,0,0,0,0,0,0,0,0,0,0,0,0,0,0,0,0,0,0,1,0,0,1,1,0,0,0,0,0,0,0,0,,,0,0,0,0,0,0,0,0,0,0,0,0,,,,0,0,0,0,0,0,0,,0,0,0,0,,0,0,,0,0,0,0,0,0,0,0,0,0,I.Hodgins,Isaiah Hodgins,WR,WR,"https://static.www.nfl.com/image/upload/f_auto,q_auto/league/ywbemecs6xa8bsm3h7bb",2022.0,POST,NYG,2.0,0.0,0.0,0.0,0.0,0.0,0.0,0.0,0.0,0.0,0.0,0.0,0.0,,,0.0,,0.0,0.0,0.0,0.0,0.0,0.0,0.0,0.0,0.0,0.0,,0.0,0.0,0.0,0.0,0.0,9.0,11.0,108.0,1.0,0.0,0.0,94.0,35.0,4.0,5.715209946152754,0.0,4.0,2.0,1.0,0.0,1.148936170212766,0.1864406779661017,0.22650602409638554,0.4382152338166224,0.0,0.0,0.0,0.0,0.0,0.0,0.0,0.0,0.0,0.0,0.0,0.0,0.0,0.0,0.0,0.0,0.0,0.0,0.0,0.0,0.0,0.0,0.0,0.0,0.0,0.0,0.0,0.0,0.0,0.0,0.0,0.0,0.0,0.0,0.0,0.0,0.0,0.0,0.0,0.0,0.0,0.0,,,0.0,0.0,0.0,0.0,0.0,0.0,0.0,0.0,0.0,0.0,0.0,0.0,,,,0.0,0.0,0.0,0.0,0.0,0.0,0.0,,0.0,0.0,0.0,0.0,,0.0,0.0,,0.0,0.0,0.0,0.0,0.0,0.0,0.0,0.0,0.0,0.0,16.8,25.8,00-0036165,HodgIs00,4242540.0,Isaiah Hodgins,1998-10-21,75.0,201.0,Oregon State,2020.0,6.0,207.0,BUF,2020,4,10.0,0.0,3.0,0.0,0.013000000000000001,2022.0,Isaiah Hodgins,2TM,24.0,WR,10.0,5.0,48.0,37.0,392.0,4.0,24.0,304.0,8.2,88.0,2.4,9.1,2.0,18.5,0.0,0.0,1.0,119.4,2023-08-28,,,,,,,,,,,,,,,,,,,,,,,,,,,,,,,,,,,,,,,,,,,,,,,,,,,,,,,,,,,,,,,,,,,,,,,,,,,,,9,8.100000000000001,3.9000000000000004,4,3,0
2022,DJ Chark,D.Chark,00-0034777,DET,WR,WR,75.0,11,98.2,8.927272727272728,68.2,30.0,30,52,502,3,0.09236234458259325,0.1932285368802902,0.273803492690093,0,0,0,0,0,0,0,0,534.0,0.6981818181818181,0.18389513108614233,8.927272727272728,6.96636072983461,21.4,1,WR,"https://static.www.nfl.com/image/upload/f_auto,q_auto/league/skuieceh50r31ulwpo5s",REG,0,0,0,0,0,0,0,,,0,,0,0,0,0,0,0,0,,0,0,0,0,0,0,0,799,132,24,21.15313317053699,0,19,13,9,3,0.6282853566958698,0,1,0,0,0,0,0,0.0,0.0,0,0,0,0,0,0,0,0,0,0,0,0,0,0,0,0,0,0,0,0,0,0,0,0,0,0,0,0,0,0,0,0,0,,,0,0,0,0,0,0,0,0,0,0,0,0,,,,0,0,0,0,0,0,0,,0,0,0,0,,0,0,,0,0,0,0,0,0,0,0,0,0,,,,,,,,,,,,,,,,,,,,,,,,,,,,,,,,,,,,,,,,,,,,,,,,,,,,,,,,,,,,,,,,,,,,,,,,,,,,,,,,,,,,,,,,,,,,,,,,,,,,,,,,,,,,,,,,,,,,,,,,,,,,,,,,,,,,,,,,,,,,,,,,,,,,00-0034777,CharDJ00,3115394.0,DJ Chark,1996-09-23,75.0,200.0,LSU,2018.0,2.0,61.0,JAX,2018,7,11.0,0.0,0.0,0.0,0.0,2022.0,DJ Chark,DET,26.0,WR,11.0,10.0,52.0,30.0,502.0,3.0,24.0,368.0,12.3,134.0,4.5,15.2,0.0,,5.0,0.096,1.0,101.6,2023-08-28,,,,,,,,,,,,,,,,,,,,,,,,,,,,,,,,,,,,,,,,,,,,,,,,,,,,,,,,,,,,,,,,,,,,,,,,,,,,,11,7.6000000000000005,0.0,4,2,0
2022,Corey Davis,C.Davis,00-0033871,NYJ,WR,WR,76.0,13,97.6,7.507692307692308,65.6,32.0,32,64,536,2,0.10884353741496598,0.16644113667117727,0.279774101792273,0,0,0,0,0,0,0,0,617.0,0.7,0.15818476499189627,7.507692307692308,6.013659664804997,18.4,0,WR,"https://static.www.nfl.com/image/private/f_auto,q_auto/league/hr0uv4ai1zhkn7nof2a2",REG,0,0,0,0,0,0,0,,,0,,0,0,0,0,0,0,0,,0,0,0,0,0,0,0,861,109,28,11.822724843409087,0,23,15,7,2,0.6225319396051103,0,1,0,0,0,0,1,0.0,0.0,0,0,0,0,0,0,0,0,0,0,0,0,0,0,0,0,0,0,5,45,0,0,0,0,0,0,0,0,0,0,0,0,0,,,0,0,0,0,0,0,0,0,0,0,0,0,,,,0,0,0,0,0,0,0,,0,0,0,0,,0,0,,0,0,0,0,0,0,0,0,0,0,,,,,,,,,,,,,,,,,,,,,,,,,,,,,,,,,,,,,,,,,,,,,,,,,,,,,,,,,,,,,,,,,,,,,,,,,,,,,,,,,,,,,,,,,,,,,,,,,,,,,,,,,,,,,,,,,,,,,,,,,,,,,,,,,,,,,,,,,,,,,,,,,,,,00-0033871,DaviCo03,3042778.0,Corey Davis,1995-01-11,75.0,209.0,Western Michigan,2017.0,1.0,5.0,TEN,2017,6,13.0,0.0,0.0,0.0,0.0,2022.0,Corey Davis,NYJ,27.0,WR,13.0,10.0,64.0,32.0,536.0,2.0,28.0,427.0,13.3,109.0,3.4,13.4,1.0,32.0,2.0,0.031,2.0,76.0,2023-08-28,,,,,,,,,,,,,,,,,,,,,,,,,,,,,,,,,,,,,,,,,,,,,,,,,,,,,,,,,,,,,,,,,,,,,,,,,,,,,13,5.800000000000001,0.0,4,2,0
2022,Nico Collins,N.Collins,00-0036554,HOU,WR,WR,77.0,10,97.1,9.709999999999999,60.1,36.99999999999999,37,66,481,2,0.11827956989247312,0.17783386874713172,0.3019030629617019,0,0,0,0,0,0,0,0,441.0,0.717,0.2201814058956916,9.71,3.336814848524463,15.9,0,WR,"https://static.www.nfl.com/image/upload/f_auto,q_auto/league/fguybjrn1kwflxm5szwq",REG,0,0,0,0,0,0,0,,,0,,0,0,0,0,0,0,0,,0,0,0,0,0,0,0,775,143,21,-1.3270556627888639,0,19,12,8,1,0.6206451612903225,0,1,0,0,0,0,0,0.0,0.0,0,0,0,0,0,0,0,0,0,0,0,0,0,0,0,0,0,0,0,0,0,0,0,0,0,0,0,0,0,0,0,0,0,,,0,0,0,0,0,0,0,0,0,0,0,0,,,,0,0,0,0,0,0,0,,0,0,0,0,,0,0,,0,0,0,0,0,0,0,0,0,0,,,,,,,,,,,,,,,,,,,,,,,,,,,,,,,,,,,,,,,,,,,,,,,,,,,,,,,,,,,,,,,,,,,,,,,,,,,,,,,,,,,,,,,,,,,,,,,,,,,,,,,,,,,,,,,,,,,,,,,,,,,,,,,,,,,,,,,,,,,,,,,,,,,,00-0036554,CollNi00,4258173.0,Nico Collins,1999-03-19,76.0,222.0,Michigan,2021.0,3.0,89.0,HOU,2021,6,10.0,0.0,0.0,0.0,0.0,2022.0,Nico Collins,HOU,23.0,WR,10.0,7.0,66.0,37.0,481.0,2.0,21.0,318.0,8.6,163.0,4.4,11.3,3.0,12.3,1.0,0.015,1.0,83.0,2023-08-28,,,,,,,,,,,,,,,,,,,,,,,,,,,,,,,,,,,,,,,,,,,,,,,,,,,,,,,,,,,,,,,,,,,,,,,,,,,,,10,10.100000000000001,4.6,5,1,0
2022,Mecole Hardman,M.Hardman,00-0035140,KC,WR,WR,78.0,8,93.80000000000001,11.725000000000001,68.80000000000001,25.0,25,34,297,4,0.05537459283387622,0.0583616298811545,0.12391503016762248,4,31,2,0,0,0,0,0,303.0,0.5325,0.3095709570957096,11.725,9.027378989971089,28.0,1,WR,"https://static.www.nfl.com/image/upload/f_auto,q_auto/league/mswmia17pkencx01nswj",REG,0,0,0,0,0,0,0,,,0,,0,0,0,0,0,0,3,2.002646651933901,0,1,1,1,0,0,0,275,160,14,18.585516858866452,0,10,6,5,0,1.08,0,0,0,0,0,0,0,0.0,0.0,0,0,0,0,0,1,0,0,0,0,0,0,0,1,0,0,0,0,0,0,0,1,0,1,0,6,55,1,4,0,0,0,0,,,0,0,0,0,0,0,0,0,0,0,0,0,,,,0,0,0,0,0,0,0,,0,0,0,0,,0,0,,0,0,0,0,0,0,0,0,0,0,M.Hardman,Mecole Hardman,WR,WR,"https://static.www.nfl.com/image/upload/f_auto,q_auto/league/mswmia17pkencx01nswj",2022.0,POST,KC,1.0,0.0,0.0,0.0,0.0,0.0,0.0,0.0,0.0,0.0,0.0,0.0,0.0,,,0.0,,0.0,0.0,0.0,0.0,2.0,7.0,0.0,0.0,0.0,1.0,0.9450447397539392,0.0,0.0,0.0,0.0,0.0,2.0,3.0,10.0,0.0,0.0,0.0,15.0,3.0,1.0,-0.1602629078552127,0.0,1.0,0.0,0.0,0.0,0.6666666666666666,0.0297029702970297,0.023076923076923078,0.06070830159939071,0.0,0.0,0.0,0.0,0.0,0.0,0.0,0.0,0.0,0.0,0.0,0.0,0.0,0.0,0.0,0.0,0.0,0.0,0.0,0.0,0.0,0.0,0.0,0.0,0.0,0.0,0.0,0.0,0.0,0.0,0.0,0.0,0.0,0.0,0.0,0.0,0.0,0.0,0.0,0.0,0.0,0.0,,,0.0,0.0,0.0,0.0,0.0,0.0,0.0,0.0,0.0,0.0,0.0,0.0,,,,0.0,0.0,0.0,0.0,0.0,0.0,0.0,,0.0,0.0,0.0,0.0,,0.0,0.0,,0.0,0.0,0.0,0.0,0.0,0.0,0.0,0.0,0.0,0.0,1.7000000000000002,3.7,00-0035140,HardMe00,4035004.0,Mecole Hardman,1998-03-12,70.0,187.0,Georgia,2019.0,2.0,56.0,KC,2019,7,8.0,0.0,10.0,0.0,0.04375,2022.0,Mecole Hardman,KC,24.0,WR,8.0,5.0,34.0,25.0,297.0,4.0,14.0,137.0,5.5,160.0,6.4,8.1,1.0,25.0,1.0,0.028999999999999998,0.0,139.0,2023-08-28,2022.0,Mecole Hardman,KC,24.0,WR,8.0,5.0,4.0,31.0,2.0,3.0,27.0,6.8,4.0,1.0,1.0,4.0,2023-08-28,,,,,,,,,,,,,,,,,,,,,,,,,,,,,,,,,,,,,,,,,,,,,,,,,,,,,,,,,,,8,11.3,1.2,5,2,1
2022,Marquise Goodwin,M.Goodwin,00-0030068,SEA,WR,WR,79.0,13,90.2,6.938461538461539,63.2,27.0,27,42,387,4,0.0759493670886076,0.10233850428339894,0.18556100363129063,2,5,0,0,0,0,0,0,420.0,0.5176923076923077,0.21476190476190476,6.938461538461539,7.3451274621954274,22.7,2,WR,"https://static.www.nfl.com/image/upload/f_auto,q_auto/league/cof5bbih1o9dtnonwmjp",REG,0,0,0,0,0,0,0,,,0,,0,0,0,0,0,0,0,-0.5099560699309222,0,0,0,0,0,0,0,442,114,18,20.900176979249792,0,16,14,9,0,0.8755656108597285,0,0,0,0,0,0,0,0.0,0.0,0,0,0,0,0,0,0,0,0,0,0,0,0,0,0,0,0,0,1,10,0,0,0,0,0,0,0,0,0,0,0,0,0,,,0,0,0,0,0,0,0,0,0,0,0,0,,,,0,0,0,0,0,0,0,,0,0,0,0,,0,0,,0,0,0,0,0,0,0,0,0,0,,,,,,,,,,,,,,,,,,,,,,,,,,,,,,,,,,,,,,,,,,,,,,,,,,,,,,,,,,,,,,,,,,,,,,,,,,,,,,,,,,,,,,,,,,,,,,,,,,,,,,,,,,,,,,,,,,,,,,,,,,,,,,,,,,,,,,,,,,,,,,,,,,,,00-0030068,GoodMa00,15839.0,Marquise Goodwin,1990-11-19,69.0,185.0,Texas,2013.0,3.0,78.0,BUF,2013,10,13.0,0.0,2.0,0.0,0.004615384615384615,2022.0,Marquise Goodwin,SEA,32.0,WR,13.0,2.0,42.0,27.0,387.0,4.0,18.0,273.0,10.1,114.0,4.2,10.5,2.0,13.5,2.0,0.048,1.0,115.9,2023-08-28,2022.0,Marquise Goodwin,SEA,32.0,WR,13.0,2.0,2.0,5.0,0.0,0.0,5.0,2.5,0.0,0.0,0.0,,2023-08-28,,,,,,,,,,,,,,,,,,,,,,,,,,,,,,,,,,,,,,,,,,,,,,,,,,,,,,,,,,,13,4.6,0.0,3,2,0
2022,Kendrick Bourne,K.Bourne,00-0033307,NE,WR,WR,80.0,16,88.30000000000001,5.518750000000001,53.300000000000004,35.00000000000001,35,48,434,1,0.09266409266409266,0.11992216005837995,0.22294165103700497,6,39,0,0,0,0,0,0,441.0,0.4425,0.20022675736961454,5.51875,6.031939295671555,24.9,1,WR,"https://static.www.nfl.com/image/upload/f_auto,q_auto/league/yzfa94cmhpcqamrwzdzk",REG,0,0,0,0,0,0,0,,,0,,0,0,0,0,0,0,2,-1.6179705510730855,0,2,2,1,0,2,0,493,145,22,13.377406082941615,0,21,12,6,1,0.8803245436105477,0,0,0,0,0,0,0,0.0,0.0,0,0,0,0,0,0,0,0,0,0,0,0,0,1,0,0,0,0,2,11,2,0,0,2,0,0,0,0,0,0,0,0,0,,,0,0,0,0,0,0,0,0,0,0,0,0,,,,0,0,0,0,0,0,0,,0,0,0,0,,0,0,,0,0,0,0,0,0,0,0,0,0,,,,,,,,,,,,,,,,,,,,,,,,,,,,,,,,,,,,,,,,,,,,,,,,,,,,,,,,,,,,,,,,,,,,,,,,,,,,,,,,,,,,,,,,,,,,,,,,,,,,,,,,,,,,,,,,,,,,,,,,,,,,,,,,,,,,,,,,,,,,,,,,,,,,00-0033307,BourKe00,3045523.0,Kendrick Bourne,1995-08-04,73.0,203.0,Eastern Washington,,,,,2017,10,16.0,0.0,5.0,0.0,0.013125000000000001,2022.0,Kendrick Bourne,NE,27.0,WR,16.0,2.0,48.0,35.0,434.0,1.0,22.0,289.0,8.3,145.0,4.1,10.3,2.0,17.5,4.0,0.083,2.0,90.1,2023-08-28,2022.0,Kendrick Bourne,NE,27.0,WR,16.0,2.0,6.0,39.0,0.0,2.0,25.0,4.2,14.0,2.3,2.0,3.0,2023-08-28,,,,,,,,,,,,,,,,,,,,,,,,,,,,,,,,,,,,,,,,,,,,,,,,,,,,,,,,,,,16,3.9000000000000004,0.0,1,1,0
2022,Elijah Moore,E.Moore,00-0036980,NYJ,WR,WR,81.0,14,88.1,6.292857142857143,51.1,36.99999999999999,37,65,446,1,0.11054421768707483,0.15174946839358205,0.27204095440611964,5,5,0,0,0,0,0,0,731.0,0.67625,0.12051983584131326,6.292857142857143,4.193119691500917,14.0,0,WR,"https://static.www.nfl.com/image/upload/f_auto,q_auto/league/wax90oyx9vs0x9j4nt5n",REG,0,0,0,0,0,0,0,,,0,,0,0,0,0,0,0,2,-1.0769412407535128,0,1,0,0,0,0,0,785,93,22,1.4694274856722445,0,19,12,8,1,0.5681528662420382,0,1,0,0,0,0,0,0.0,0.0,0,0,0,0,0,0,0,0,0,0,0,0,0,0,0,0,0,0,1,10,0,1,1,1,0,0,0,1,9,0,0,0,0,,,0,0,0,0,0,0,0,0,0,0,0,0,,,,0,0,0,0,0,0,0,,0,0,0,0,,0,0,,0,0,0,0,0,0,0,0,0,0,,,,,,,,,,,,,,,,,,,,,,,,,,,,,,,,,,,,,,,,,,,,,,,,,,,,,,,,,,,,,,,,,,,,,,,,,,,,,,,,,,,,,,,,,,,,,,,,,,,,,,,,,,,,,,,,,,,,,,,,,,,,,,,,,,,,,,,,,,,,,,,,,,,,00-0036980,MoorEl00,4372414.0,Elijah Moore,2000-03-27,70.0,178.0,Mississippi,2021.0,2.0,34.0,NYJ,2021,6,16.0,0.0,6.0,0.0,0.0125,2022.0,Elijah Moore,NYJ,22.0,WR,16.0,9.0,65.0,37.0,446.0,1.0,22.0,331.0,8.9,115.0,3.1,11.7,2.0,18.5,2.0,0.031,1.0,76.8,2023-08-28,2022.0,Elijah Moore,NYJ,22.0,WR,16.0,9.0,5.0,5.0,0.0,2.0,-4.0,-0.8,9.0,1.8,0.0,,2023-08-28,,,,,,,,,,,,,,,,,,,,,,,,,,,,,,,,,,,,,,,,,,,,,,,,,,,,,,,,,,,14,5.15,0.0,2,0,0
2022,Treylon Burks,T.Burks,00-0037742,TEN,WR,WR,81.0,11,88.1,8.009090909090908,55.1,32.99999999999999,33,54,444,1,0.12385321100917432,0.17493692178301093,0.3082356617618691,4,47,0,0,0,0,0,0,393.0,0.5781818181818182,0.22417302798982186,8.009090909090908,4.798219366693138,18.1,0,WR,"https://static.www.nfl.com/image/upload/f_auto,q_auto/league/bmozbzdxgnnwdniuvgnn",REG,0,0,0,0,0,0,0,,,0,,0,0,0,0,0,0,3,3.639719455037266,0,2,2,1,0,0,0,624,165,19,3.9022393491599328,0,14,9,8,3,0.7115384615384616,0,0,0,0,0,0,0,0.0,0.0,0,0,0,0,0,0,0,0,0,0,0,0,0,1,0,0,0,1,5,40,0,0,0,0,0,0,0,0,0,0,0,0,0,,,0,0,0,0,0,0,0,0,0,0,0,0,,,,0,0,0,0,0,0,0,,0,0,0,0,,0,0,,0,0,0,0,0,0,0,0,0,0,,,,,,,,,,,,,,,,,,,,,,,,,,,,,,,,,,,,,,,,,,,,,,,,,,,,,,,,,,,,,,,,,,,,,,,,,,,,,,,,,,,,,,,,,,,,,,,,,,,,,,,,,,,,,,,,,,,,,,,,,,,,,,,,,,,,,,,,,,,,,,,,,,,,00-0037742,BurkTr00,4567156.0,Treylon Burks,2000-03-23,74.0,225.0,Arkansas,2022.0,1.0,18.0,TEN,2022,5,11.0,0.0,24.0,0.0,0.08636363636363636,2022.0,Treylon Burks,TEN,22.0,WR,11.0,6.0,54.0,33.0,444.0,1.0,19.0,283.0,8.6,161.0,4.9,11.6,2.0,16.5,3.0,0.055999999999999994,3.0,70.3,2023-08-28,2022.0,Treylon Burks,TEN,22.0,WR,11.0,6.0,4.0,47.0,0.0,3.0,32.0,8.0,15.0,3.8,0.0,,2023-08-28,,,,,,,,,,,,,,,,,,,,,,,,,,,,,,,,,,,,,,,,,,,,,,,,,,,,,,,,,,,11,8.5,1.5,3,1,0
2022,Rondale Moore,R.Moore,00-0036936,ARI,WR,WR,83.0,8,87.9,10.9875,46.900000000000006,41.0,41,56,414,1,0.08818897637795275,0.06711555169417897,0.1792643507528544,6,-5,0,0,0,0,0,0,459.0,0.8175,0.19150326797385622,10.9875,8.138170643859185,23.4,1,WR,"https://static.www.nfl.com/image/upload/f_auto,q_auto/league/v9s3rloekxbv6seesizb",REG,0,0,0,0,0,0,0,,,0,,0,0,0,0,0,0,1,-7.555139935691841,0,0,0,0,0,0,0,309,281,16,11.375221044392879,0,16,9,6,0,1.3398058252427185,0,0,0,0,0,0,0,0.0,0.0,0,0,0,0,0,0,0,0,0,0,0,0,0,0,0,0,0,0,0,0,0,0,0,0,0,0,0,0,0,0,0,0,0,,,0,0,0,0,0,0,0,0,0,0,0,0,,,,0,0,0,0,0,0,0,,0,0,0,0,,0,0,,0,0,0,0,0,0,0,0,0,0,,,,,,,,,,,,,,,,,,,,,,,,,,,,,,,,,,,,,,,,,,,,,,,,,,,,,,,,,,,,,,,,,,,,,,,,,,,,,,,,,,,,,,,,,,,,,,,,,,,,,,,,,,,,,,,,,,,,,,,,,,,,,,,,,,,,,,,,,,,,,,,,,,,,00-0036936,MoorRo02,4372485.0,Rondale Moore,2000-06-09,67.0,180.0,Purdue,2021.0,2.0,49.0,ARI,2021,5,8.0,0.0,0.0,0.0,0.0,2022.0,Rondale Moore,ARI,22.0,WR,8.0,8.0,56.0,41.0,414.0,1.0,16.0,133.0,3.2,281.0,6.9,5.5,5.0,8.2,6.0,0.107,0.0,99.9,2023-08-28,2022.0,Rondale Moore,ARI,22.0,WR,8.0,8.0,6.0,-5.0,0.0,1.0,-7.0,-1.2,2.0,0.3,0.0,,2023-08-28,,,,,,,,,,,,,,,,,,,,,,,,,,,,,,,,,,,,,,,,,,,,,,,,,,,,,,,,,,,8,12.0,-0.6000000000000001,5,2,0
2022,Allen Robinson,Al.Robinson,00-0031428,LA,WR,WR,84.0,10,84.9,8.49,51.9,33.00000000000001,33,52,339,3,0.10058027079303675,0.13523706896551724,0.24553635446541716,0,0,0,0,0,0,0,0,562.0,0.9039999999999999,0.151067615658363,8.49,5.6254283787498744,17.3,0,WR,"https://static.www.nfl.com/image/upload/f_auto,q_auto/league/fyukft9lraurbsq0laom",REG,0,0,0,0,0,0,0,,,0,,0,0,0,0,0,0,0,,0,0,0,0,0,0,0,502,71,23,9.003204972820457,0,15,4,3,0,0.6752988047808764,0,0,0,0,0,0,0,0.0,0.0,0,0,0,0,0,0,0,0,0,0,0,0,0,0,0,0,0,0,1,15,0,0,0,0,0,0,0,0,0,0,0,0,0,,,0,0,0,0,0,0,0,0,0,0,0,0,,,,0,0,0,0,0,0,0,,0,0,0,0,,0,0,,0,0,0,0,0,0,0,0,0,0,,,,,,,,,,,,,,,,,,,,,,,,,,,,,,,,,,,,,,,,,,,,,,,,,,,,,,,,,,,,,,,,,,,,,,,,,,,,,,,,,,,,,,,,,,,,,,,,,,,,,,,,,,,,,,,,,,,,,,,,,,,,,,,,,,,,,,,,,,,,,,,,,,,,00-0031428,RobiAl02,16799.0,Allen Robinson,1993-08-24,74.0,220.0,Penn State,2014.0,2.0,61.0,JAX,2014,11,10.0,0.0,0.0,0.0,0.0,2022.0,Allen Robinson,LA,29.0,WR,10.0,10.0,52.0,33.0,339.0,3.0,23.0,268.0,8.1,71.0,2.2,9.7,0.0,,1.0,0.019,1.0,93.3,2023-08-28,,,,,,,,,,,,,,,,,,,,,,,,,,,,,,,,,,,,,,,,,,,,,,,,,,,,,,,,,,,,,,,,,,,,,,,,,,,,,10,6.9,2.2,4,2,0
2022,Quez Watkins,Q.Watkins,00-0036271,PHI,WR,WR,85.0,17,84.5,4.970588235294118,51.5,33.0,33,51,354,3,0.100990099009901,0.10715893741557857,0.2264964047057565,3,1,0,0,0,0,0,0,681.0,0.5758823529411764,0.12408223201174744,4.970588235294118,4.8841279551577,14.9,0,WR,"https://static.www.nfl.com/image/upload/f_auto,q_auto/league/w3szyykihsngaeq3906b",REG,0,0,0,0,0,0,0,,,0,,0,0,0,0,0,0,0,-2.6935721475883967,0,0,0,0,0,1,1,476,146,13,-12.772953875300066,0,11,9,5,2,0.7436974789915967,0,3,0,0,0,0,0,0.0,0.0,0,0,0,0,0,0,0,0,0,0,0,0,0,0,0,0,0,0,1,5,1,0,0,1,1,0,0,5,51,0,0,0,0,,,0,0,0,0,0,0,0,0,0,0,0,0,,,,0,0,0,0,0,0,0,,0,0,0,0,,0,0,,0,0,0,0,0,0,0,0,0,0,Q.Watkins,Quez Watkins,WR,WR,"https://static.www.nfl.com/image/upload/f_auto,q_auto/league/w3szyykihsngaeq3906b",2022.0,POST,PHI,2.0,0.0,0.0,0.0,0.0,0.0,0.0,0.0,0.0,0.0,0.0,0.0,0.0,,,0.0,,0.0,0.0,0.0,0.0,0.0,0.0,0.0,0.0,0.0,0.0,,0.0,0.0,0.0,0.0,0.0,1.0,3.0,8.0,0.0,0.0,0.0,68.0,7.0,0.0,-1.9438310193363577,0.0,0.0,0.0,0.0,0.0,0.11764705882352941,0.036585365853658534,0.08596713021491782,0.11505503993093028,0.0,0.0,0.0,0.0,0.0,0.0,0.0,0.0,0.0,0.0,0.0,0.0,0.0,0.0,0.0,0.0,0.0,0.0,0.0,0.0,0.0,0.0,0.0,0.0,0.0,0.0,0.0,0.0,0.0,0.0,0.0,0.0,0.0,0.0,0.0,0.0,0.0,0.0,0.0,0.0,0.0,0.0,,,0.0,0.0,0.0,0.0,0.0,0.0,0.0,0.0,0.0,0.0,0.0,0.0,,,,0.0,0.0,0.0,0.0,0.0,0.0,0.0,,0.0,0.0,0.0,0.0,,0.0,0.0,,0.0,0.0,0.0,0.0,0.0,0.0,0.0,0.0,0.0,0.0,0.8,1.8,00-0036271,WatkQu00,4050373.0,Quez Watkins,1998-06-09,72.0,193.0,Southern Mississippi,2020.0,6.0,200.0,PHI,2020,5,17.0,0.0,13.0,0.0,0.028235294117647056,2022.0,Quez Watkins,PHI,24.0,WR,17.0,8.0,51.0,33.0,354.0,3.0,13.0,208.0,6.3,146.0,4.4,9.0,1.0,33.0,3.0,0.059000000000000004,3.0,80.0,2023-08-28,2022.0,Quez Watkins,PHI,24.0,WR,17.0,8.0,3.0,1.0,0.0,0.0,1.0,0.3,0.0,0.0,0.0,,2023-08-28,,,,,,,,,,,,,,,,,,,,,,,,,,,,,,,,,,,,,,,,,,,,,,,,,,,,,,,,,,,17,4.5,0.0,4,0,0
2022,Ben Skowronek,B.Skowronek,00-0036862,LA,WR,WR,86.0,14,84.30000000000001,6.021428571428572,45.300000000000004,39.00000000000001,39,61,376,0,0.11798839458413926,0.12796336206896552,0.26655694532448476,1,17,1,0,0,0,0,0,696.0,0.8135714285714286,0.12112068965517243,6.021428571428572,5.350942199050782,16.7,0,WR,"https://static.www.nfl.com/image/upload/f_auto,q_auto/league/etozk8ja4u8lpjcvvo6l",REG,0,0,0,0,0,0,0,,,0,,0,0,0,0,0,0,1,1.973948456463404,0,1,1,0,0,0,0,475,142,16,-5.488619681622367,0,12,8,5,0,0.791578947368421,0,1,0,0,0,0,0,0.0,0.0,0,0,0,0,0,0,0,0,0,0,0,0,0,0,1,0,0,0,2,15,0,0,0,0,0,0,0,0,0,0,0,0,0,,,0,0,0,0,0,0,0,0,0,0,0,0,,,,0,0,0,0,0,0,0,,0,0,0,0,,0,0,,0,0,0,0,0,0,0,0,0,0,,,,,,,,,,,,,,,,,,,,,,,,,,,,,,,,,,,,,,,,,,,,,,,,,,,,,,,,,,,,,,,,,,,,,,,,,,,,,,,,,,,,,,,,,,,,,,,,,,,,,,,,,,,,,,,,,,,,,,,,,,,,,,,,,,,,,,,,,,,,,,,,,,,,00-0036862,SkowBe00,4035656.0,Ben Skowronek,1997-06-27,75.0,224.0,Notre Dame; Northwestern,2021.0,7.0,249.0,LA,2021,6,14.0,0.0,42.0,0.0,0.12,2022.0,Ben Skowronek,LA,25.0,WR,14.0,11.0,61.0,39.0,376.0,0.0,16.0,239.0,6.1,137.0,3.5,7.9,0.0,,2.0,0.033,2.0,67.4,2023-08-28,2022.0,Ben Skowronek,LA,25.0,WR,14.0,11.0,1.0,17.0,1.0,1.0,17.0,17.0,0.0,0.0,0.0,,2023-08-28,,,,,,,,,,,,,,,,,,,,,,,,,,,,,,,,,,,,,,,,,,,,,,,,,,,,,,,,,,,14,4.3,0.0,4,2,0
2022,Trent Sherfield,T.Sherfield,00-0034487,MIA,WR,WR,87.0,16,83.7,5.23125,53.7,30.0,30,51,417,2,0.09074733096085409,0.10545112781954888,0.20993678591496534,0,0,0,0,0,0,0,0,611.0,0.5782352941176471,0.1369885433715221,5.23125,4.69591577863147,16.3,0,WR,"https://static.www.nfl.com/image/upload/f_auto,q_auto/league/iiig88xbj5zeau59ifvv",REG,0,0,0,0,0,0,0,,,0,,0,0,0,0,0,0,0,,0,0,0,0,0,0,0,561,138,18,6.536412975165587,0,17,9,5,1,0.7433155080213903,0,2,0,1,0,0,0,0.0,0.0,0,0,0,0,0,0,0,0,0,0,0,0,0,0,0,0,0,0,3,30,0,0,0,0,0,0,0,0,0,0,0,0,0,,,0,0,0,0,0,0,0,0,0,0,0,0,,,,0,0,0,0,0,0,0,,0,0,0,0,,0,0,,0,0,0,0,0,0,0,0,0,0,T.Sherfield,Trent Sherfield,WR,WR,"https://static.www.nfl.com/image/upload/f_auto,q_auto/league/iiig88xbj5zeau59ifvv",2022.0,POST,MIA,1.0,0.0,0.0,0.0,0.0,0.0,0.0,0.0,0.0,0.0,0.0,0.0,0.0,,,0.0,,0.0,0.0,0.0,0.0,0.0,0.0,0.0,0.0,0.0,0.0,,0.0,0.0,0.0,0.0,0.0,0.0,2.0,0.0,0.0,0.0,0.0,45.0,0.0,0.0,-3.117639726609923,0.0,0.0,0.0,0.0,0.0,0.0,0.047619047619047616,0.09054325955734406,0.13480885311871227,0.0,1.0,0.0,0.0,0.0,0.0,0.0,0.0,0.0,0.0,0.0,0.0,0.0,0.0,0.0,0.0,0.0,0.0,0.0,0.0,0.0,0.0,0.0,0.0,0.0,0.0,0.0,0.0,0.0,0.0,0.0,0.0,0.0,0.0,0.0,0.0,0.0,0.0,0.0,0.0,0.0,0.0,,,0.0,0.0,0.0,0.0,0.0,0.0,0.0,0.0,0.0,0.0,0.0,0.0,,,,0.0,0.0,0.0,0.0,0.0,0.0,0.0,,0.0,0.0,0.0,0.0,,0.0,0.0,,0.0,0.0,0.0,0.0,0.0,0.0,0.0,0.0,0.0,0.0,0.0,0.0,00-0034487,SherTr00,3122168.0,Trent Sherfield,1996-02-26,72.0,203.0,Vanderbilt,,,,,2018,9,17.0,0.0,183.0,0.0,0.4117647058823529,2022.0,Trent Sherfield,MIA,26.0,WR,17.0,4.0,51.0,30.0,417.0,2.0,18.0,272.0,9.1,145.0,4.8,10.9,1.0,30.0,3.0,0.059000000000000004,2.0,81.9,2023-08-28,,,,,,,,,,,,,,,,,,,,,,,,,,,,,,,,,,,,,,,,,,,,,,,,,,,,,,,,,,,,,,,,,,,,,,,,,,,,,16,4.5,0.0,2,1,0
2022,Terrace Marshall Jr.,T.Marshall,00-0036955,CAR,WR,WR,88.0,13,83.0,6.384615384615385,55.0,28.0,28,47,490,1,0.11007025761124122,0.1764528756398675,0.2886223993647691,0,0,0,0,0,0,0,0,645.0,0.7542857142857143,0.12868217054263567,6.384615384615385,4.232778077859772,14.3,0,WR,"https://static.www.nfl.com/image/upload/f_auto,q_auto/league/lbndz0pvhcolsfoqycuv",REG,0,0,0,0,0,0,0,,,0,,0,0,0,0,0,0,0,,0,0,0,0,0,2,0,586,132,24,21.400174034797754,0,21,15,10,2,0.8361774744027304,0,1,0,0,0,0,0,0.0,0.0,0,0,0,0,0,0,0,0,0,0,0,0,0,1,-1,0,0,0,0,0,1,1,1,2,0,0,0,0,0,0,0,0,0,,,0,0,0,0,0,0,0,0,0,0,0,0,,,,0,0,0,0,0,0,0,,0,0,0,0,,0,0,,0,0,0,0,0,0,0,0,0,0,,,,,,,,,,,,,,,,,,,,,,,,,,,,,,,,,,,,,,,,,,,,,,,,,,,,,,,,,,,,,,,,,,,,,,,,,,,,,,,,,,,,,,,,,,,,,,,,,,,,,,,,,,,,,,,,,,,,,,,,,,,,,,,,,,,,,,,,,,,,,,,,,,,,00-0036955,MarsTe00,4362630.0,Terrace Marshall Jr.,2000-06-09,74.0,200.0,LSU,2021.0,2.0,59.0,CAR,2021,5,14.0,0.0,5.0,0.0,0.012142857142857144,2022.0,Terrace Marshall,CAR,22.0,WR,14.0,9.0,47.0,28.0,490.0,1.0,24.0,349.0,12.5,141.0,5.0,12.3,1.0,28.0,3.0,0.064,0.0,102.3,2023-08-28,,,,,,,,,,,,,,,,,,,,,,,,,,,,,,,,,,,,,,,,,,,,,,,,,,,,,,,,,,,,,,,,,,,,,,,,,,,,,13,5.3,0.0,3,0,0
2022,Nick Westbrook-Ikhine,N.Westbrook-Ikhine,00-0036182,TEN,WR,WR,89.0,16,82.7,5.16875,57.7,25.0,25,50,397,3,0.11467889908256881,0.1855901317633866,0.3019314408582239,0,0,0,0,0,0,0,0,777.0,0.7505882352941177,0.10643500643500643,5.16875,7.398893498355007,28.9,1,WR,"https://static.www.nfl.com/image/upload/f_auto,q_auto/league/cyczwxlgfksrmurbb1ez",REG,0,0,0,0,0,0,0,,,0,,0,0,0,0,0,0,0,,0,0,0,0,0,0,0,662,107,18,2.5198795458761047,0,16,7,5,2,0.5996978851963746,0,1,0,0,0,0,0,0.0,0.0,0,0,0,0,0,0,0,0,0,0,0,0,0,1,0,0,0,0,2,15,0,0,0,0,0,0,0,0,0,0,0,0,0,,,0,0,0,0,0,0,0,0,0,0,0,0,,,,0,0,0,0,0,0,0,,0,0,0,0,,0,0,,0,0,0,0,0,0,0,0,0,0,,,,,,,,,,,,,,,,,,,,,,,,,,,,,,,,,,,,,,,,,,,,,,,,,,,,,,,,,,,,,,,,,,,,,,,,,,,,,,,,,,,,,,,,,,,,,,,,,,,,,,,,,,,,,,,,,,,,,,,,,,,,,,,,,,,,,,,,,,,,,,,,,,,,00-0036182,WestNi00,3929785.0,Nick Westbrook-Ikhine,1997-03-21,74.0,211.0,Indiana,,,,,2020,7,17.0,2.0,28.0,0.0011764705882352942,0.06588235294117648,2022.0,Nick Westbrook-Ikhine,TEN,25.0,WR,17.0,13.0,50.0,25.0,397.0,3.0,18.0,285.0,11.4,112.0,4.5,12.8,1.0,25.0,2.0,0.04,2.0,80.2,2023-08-28,,,,,,,,,,,,,,,,,,,,,,,,,,,,,,,,,,,,,,,,,,,,,,,,,,,,,,,,,,,,,,,,,,,,,,,,,,,,,16,2.3,0.0,2,1,1
2022,Jauan Jennings,J.Jennings,00-0036259,SF,WR,WR,90.0,16,82.6,5.1625,47.6,34.99999999999999,35,56,416,1,0.1111111111111111,0.13432835820895522,0.2606965174129353,0,0,0,0,0,0,0,0,489.0,0.473125,0.1689161554192229,5.1625,4.148232555358165,16.9,0,WR,"https://static.www.nfl.com/image/upload/f_auto,q_auto/league/ben8kbygzzlid6ltmdum",REG,0,0,0,0,0,0,0,,,0,,0,0,0,0,0,0,0,,0,0,0,0,0,1,0,468,176,23,13.955326858104126,0,22,5,3,1,0.8888888888888888,0,1,0,1,0,0,0,0.0,0.0,0,0,0,0,0,0,0,0,0,0,0,0,0,0,0,0,0,0,3,30,1,0,1,1,0,0,0,0,0,0,0,0,0,,,0,0,0,0,0,0,0,0,0,0,0,0,,,,0,0,0,0,0,0,0,,0,0,0,0,,0,0,,0,0,0,0,0,0,0,0,0,0,J.Jennings,Jauan Jennings,WR,WR,"https://static.www.nfl.com/image/upload/f_auto,q_auto/league/ben8kbygzzlid6ltmdum",2022.0,POST,SF,2.0,0.0,0.0,0.0,0.0,0.0,0.0,0.0,0.0,0.0,0.0,0.0,0.0,,,0.0,,0.0,0.0,0.0,0.0,0.0,0.0,0.0,0.0,0.0,0.0,,0.0,0.0,0.0,0.0,0.0,4.0,7.0,67.0,0.0,0.0,0.0,107.0,15.0,4.0,5.258512291339626,0.0,2.0,2.0,2.0,0.0,0.6261682242990654,0.10294117647058823,0.14439946018893388,0.25549138683813605,0.0,0.0,0.0,0.0,0.0,0.0,0.0,0.0,0.0,0.0,0.0,0.0,0.0,0.0,0.0,0.0,0.0,0.0,0.0,0.0,0.0,0.0,0.0,0.0,0.0,0.0,0.0,0.0,0.0,0.0,0.0,0.0,0.0,0.0,0.0,0.0,0.0,0.0,0.0,0.0,0.0,0.0,,,0.0,0.0,0.0,0.0,0.0,0.0,0.0,0.0,0.0,0.0,0.0,0.0,,,,0.0,0.0,0.0,0.0,0.0,0.0,0.0,,0.0,0.0,0.0,0.0,,0.0,0.0,,0.0,0.0,0.0,0.0,0.0,0.0,0.0,0.0,0.0,0.0,6.7,10.7,00-0036259,JennJa00,3886598.0,Jauan Jennings,1997-07-10,75.0,212.0,Tennessee,2020.0,7.0,217.0,SF,2020,6,16.0,0.0,68.0,0.0,0.1675,2022.0,Jauan Jennings,SF,25.0,WR,16.0,4.0,56.0,35.0,416.0,1.0,23.0,240.0,6.9,176.0,5.0,8.4,3.0,11.7,7.0,0.125,3.0,68.7,2023-08-28,,,,,,,,,,,,,,,,,,,,,,,,,,,,,,,,,,,,,,,,,,,,,,,,,,,,,,,,,,,,,,,,,,,,,,,,,,,,,16,4.300000000000001,0.0,2,1,0
2022,Randall Cobb,R.Cobb,00-0028002,GB,WR,WR,91.0,13,81.7,6.2846153846153845,47.7,34.0,34,50,417,1,0.09259259259259259,0.1060741402411791,0.21314078705771428,0,0,0,0,0,0,0,0,371.0,0.446923076923077,0.2202156334231806,6.2846153846153845,4.866354925034779,16.9,0,WR,"https://static.www.nfl.com/image/private/f_auto,q_auto/league/kuwo5hnkbtesfw6n9w1s",REG,0,0,0,0,0,0,0,,,0,,0,0,0,0,0,0,0,,0,0,0,0,0,1,0,475,185,19,22.56483781379832,0,14,8,7,1,0.8778947368421053,0,2,0,0,0,0,0,0.0,0.0,0,0,0,0,0,0,0,0,0,0,0,0,0,1,0,0,0,0,0,0,0,1,0,1,0,4,37,0,0,0,0,0,0,,,0,0,0,0,0,0,0,0,0,0,0,0,,,,0,0,0,0,0,0,0,,0,0,0,0,,0,0,,0,0,0,0,0,0,0,0,0,0,,,,,,,,,,,,,,,,,,,,,,,,,,,,,,,,,,,,,,,,,,,,,,,,,,,,,,,,,,,,,,,,,,,,,,,,,,,,,,,,,,,,,,,,,,,,,,,,,,,,,,,,,,,,,,,,,,,,,,,,,,,,,,,,,,,,,,,,,,,,,,,,,,,,00-0028002,CobbRa00,14053.0,Randall Cobb,1990-08-22,70.0,192.0,Kentucky,2011.0,2.0,64.0,GB,2011,13,13.0,0.0,7.0,0.0,0.02230769230769231,2022.0,Randall Cobb,GB,32.0,WR,13.0,3.0,50.0,34.0,417.0,1.0,19.0,232.0,6.8,185.0,5.4,9.5,1.0,34.0,2.0,0.04,1.0,91.8,2023-08-28,,,,,,,,,,,,,,,,,,,,,,,,,,,,,,,,,,,,,,,,,,,,,,,,,,,,,,,,,,,,,,,,,,,,,,,,,,,,,13,6.2,0.0,2,1,0
2022,Hunter Renfrow,H.Renfrow,00-0034983,LV,WR,WR,92.0,10,79.0,7.9,43.0,36.0,36,50,330,2,0.08960573476702509,0.06325807053554768,0.178689251525421,0,0,0,0,0,0,0,0,377.0,0.611,0.20954907161803712,7.9,5.507974017529293,19.3,0,WR,"https://static.www.nfl.com/image/upload/f_auto,q_auto/league/sgrqk1a6fm34swazm2bx",REG,0,0,0,0,0,0,0,,,0,,0,0,0,0,0,0,0,,0,0,0,0,0,3,1,339,149,18,3.097914962097703,0,12,4,3,0,0.9734513274336283,0,3,0,0,0,0,0,0.0,0.0,0,0,0,0,0,0,0,0,0,0,0,0,0,1,0,0,0,0,0,0,3,0,0,3,1,11,74,0,0,0,0,0,0,,,0,0,0,0,0,0,0,0,0,0,0,0,,,,0,0,0,0,0,0,0,,0,0,0,0,,0,0,,0,0,0,0,0,0,0,0,0,0,,,,,,,,,,,,,,,,,,,,,,,,,,,,,,,,,,,,,,,,,,,,,,,,,,,,,,,,,,,,,,,,,,,,,,,,,,,,,,,,,,,,,,,,,,,,,,,,,,,,,,,,,,,,,,,,,,,,,,,,,,,,,,,,,,,,,,,,,,,,,,,,,,,,00-0034983,RenfHu00,3135321.0,Hunter Renfrow,1995-12-21,70.0,185.0,Clemson,2019.0,5.0,149.0,LV,2019,6,10.0,0.0,26.0,0.0,0.10300000000000001,2022.0,Hunter Renfrow,LV,27.0,WR,10.0,1.0,50.0,36.0,330.0,2.0,18.0,181.0,5.0,149.0,4.1,6.8,2.0,18.0,1.0,0.02,4.0,69.6,2023-08-28,,,,,,,,,,,,,,,,,,,,,,,,,,,,,,,,,,,,,,,,,,,,,,,,,,,,,,,,,,,,,,,,,,,,,,,,,,,,,10,6.05,1.6,3,1,0
2022,Van Jefferson,V.Jefferson,00-0036415,LA,WR,WR,93.0,10,78.9,7.890000000000001,54.9,24.000000000000007,24,44,369,3,0.0851063829787234,0.18723060344827586,0.2587209968818782,0,0,0,0,0,0,0,0,498.0,0.7781818181818182,0.15843373493975904,7.890000000000001,3.990391236736345,12.4,0,WR,"https://static.www.nfl.com/image/upload/f_auto,q_auto/league/inwxk1xlvzculj8m3pah",REG,0,0,0,0,0,0,0,,,0,,0,0,0,0,0,0,0,,0,0,0,0,0,0,0,695,38,20,11.800790292327292,0,17,13,7,0,0.5309352517985612,0,0,0,0,0,0,0,0.0,0.0,0,0,0,0,0,0,0,0,0,0,0,0,0,0,0,0,0,0,0,0,0,0,0,0,0,0,0,0,0,0,0,0,0,,,0,0,0,0,0,0,0,0,0,0,0,0,,,,0,0,0,0,0,0,0,,0,0,0,0,,0,0,,0,0,0,0,0,0,0,0,0,0,,,,,,,,,,,,,,,,,,,,,,,,,,,,,,,,,,,,,,,,,,,,,,,,,,,,,,,,,,,,,,,,,,,,,,,,,,,,,,,,,,,,,,,,,,,,,,,,,,,,,,,,,,,,,,,,,,,,,,,,,,,,,,,,,,,,,,,,,,,,,,,,,,,,00-0036415,JeffVa00,3930066.0,Van Jefferson,1996-07-26,73.0,200.0,Florida; Mississippi,2020.0,2.0,57.0,LA,2020,7,11.0,0.0,1.0,0.0,0.0036363636363636364,2022.0,Van Jefferson,LA,26.0,WR,11.0,9.0,44.0,24.0,369.0,3.0,20.0,331.0,13.8,38.0,1.6,15.8,0.0,,1.0,0.023,3.0,76.8,2023-08-28,,,,,,,,,,,,,,,,,,,,,,,,,,,,,,,,,,,,,,,,,,,,,,,,,,,,,,,,,,,,,,,,,,,,,,,,,,,,,10,8.100000000000001,0.0,4,0,0
2022,Nelson Agholor,N.Agholor,00-0031549,NE,WR,WR,94.0,14,75.2,5.371428571428572,44.2,31.0,31,53,362,2,0.10231660231660232,0.15884213086840185,0.2646643950827848,0,0,0,0,0,0,0,0,476.0,0.489375,0.15798319327731092,5.371428571428572,7.097283182417661,23.0,1,WR,"https://static.www.nfl.com/image/upload/f_auto,q_auto/league/wyxfkarcjgqdz3pl8nnr",REG,0,0,0,0,0,0,0,,,0,,0,0,0,0,0,0,0,,0,0,0,0,0,2,2,653,147,12,-12.491907305548832,0,14,8,6,1,0.554364471669219,0,1,0,0,0,0,0,0.0,0.0,0,0,0,0,0,0,0,0,0,0,0,0,0,1,0,0,0,0,0,0,2,0,0,2,2,0,0,0,0,0,0,0,0,,,0,0,0,0,0,0,0,0,0,0,0,0,,,,0,0,0,0,0,0,0,,0,0,0,0,,0,0,,0,0,0,0,0,0,0,0,0,0,,,,,,,,,,,,,,,,,,,,,,,,,,,,,,,,,,,,,,,,,,,,,,,,,,,,,,,,,,,,,,,,,,,,,,,,,,,,,,,,,,,,,,,,,,,,,,,,,,,,,,,,,,,,,,,,,,,,,,,,,,,,,,,,,,,,,,,,,,,,,,,,,,,,00-0031549,AghoNe00,2971618.0,Nelson Agholor,1993-05-24,72.0,200.0,USC,2015.0,1.0,20.0,PHI,2015,10,16.0,0.0,0.0,0.0,0.0,2022.0,Nelson Agholor,NE,29.0,WR,16.0,7.0,53.0,31.0,362.0,2.0,12.0,218.0,7.0,144.0,4.6,12.4,1.0,31.0,3.0,0.057,3.0,68.3,2023-08-28,,,,,,,,,,,,,,,,,,,,,,,,,,,,,,,,,,,,,,,,,,,,,,,,,,,,,,,,,,,,,,,,,,,,,,,,,,,,,14,3.75,0.0,2,2,0
2022,Laviska Shenault Jr.,L.Shenault,00-0036268,CAR,WR,WR,95.0,13,72.7,5.592307692307693,45.7,27.0,27,32,272,1,0.07494145199063232,-0.00662451068955134,0.10777502050326254,9,65,1,0,0,0,0,0,206.0,0.24769230769230768,0.3529126213592233,5.592307692307693,5.431767904108437,17.0,0,WR,"https://static.www.nfl.com/image/upload/f_auto,q_auto/league/o3cfpcor86ghjwyn8icp",REG,0,0,0,0,0,0,0,,,0,,0,0,0,0,0,0,1,2.48449467116734,0,1,1,1,1,0,0,-22,330,10,10.325950150261633,0,7,3,3,2,0.0,0,0,0,0,0,0,0,0.0,0.0,0,0,0,0,0,0,0,0,0,0,0,0,0,0,0,0,0,0,1,5,0,0,0,0,0,0,0,3,82,0,0,0,0,,,0,0,0,0,0,0,0,0,0,0,0,0,,,,0,0,0,0,0,0,0,,0,0,0,0,,0,0,,0,0,0,0,0,0,0,0,0,0,,,,,,,,,,,,,,,,,,,,,,,,,,,,,,,,,,,,,,,,,,,,,,,,,,,,,,,,,,,,,,,,,,,,,,,,,,,,,,,,,,,,,,,,,,,,,,,,,,,,,,,,,,,,,,,,,,,,,,,,,,,,,,,,,,,,,,,,,,,,,,,,,,,,00-0036268,ShenLa00,4243160.0,Laviska Shenault Jr.,1998-10-05,73.0,224.0,Colorado,2020.0,2.0,42.0,JAX,2020,5,13.0,0.0,13.0,0.0,0.03538461538461539,2022.0,Laviska Shenault,CAR,24.0,WR,13.0,4.0,32.0,27.0,272.0,1.0,10.0,-58.0,-2.1,330.0,12.2,-0.7,0.0,,2.0,0.063,0.0,112.5,2023-08-28,2022.0,Laviska Shenault,CAR,24.0,WR,13.0,4.0,9.0,65.0,1.0,1.0,61.0,6.8,4.0,0.4,0.0,,2023-08-28,,,,,,,,,,,,,,,,,,,,,,,,,,,,,,,,,,,,,,,,,,,,,,,,,,,,,,,,,,,13,4.1,0.0,2,1,0
2022,Julio Jones,J.Jones,00-0027944,TB,WR,WR,96.0,10,70.4,7.040000000000001,46.4,24.000000000000007,24,43,299,2,0.05939226519337017,0.11681518791166215,0.17085902932821875,5,45,0,0,0,0,0,0,351.0,0.47800000000000004,0.2005698005698006,7.040000000000001,4.318487389507272,14.3,0,WR,"https://static.www.nfl.com/image/upload/f_auto,q_auto/league/omrddf2phtyztzx2nup1",REG,0,0,0,0,0,0,0,,,0,,0,0,0,0,0,0,4,3.1908539203577675,0,3,3,0,0,0,0,603,114,13,7.485836521878732,0,10,5,3,1,0.49585406301824214,0,1,0,0,0,0,0,0.0,0.0,0,0,0,0,0,0,0,0,0,0,0,0,0,0,0,0,0,0,0,0,0,0,0,0,0,0,0,0,0,0,0,0,0,,,0,0,0,0,0,0,0,0,0,0,0,0,,,,0,0,0,0,0,0,0,,0,0,0,0,,0,0,,0,0,0,0,0,0,0,0,0,0,J.Jones,Julio Jones,WR,WR,"https://static.www.nfl.com/image/upload/f_auto,q_auto/league/omrddf2phtyztzx2nup1",2022.0,POST,TB,1.0,0.0,0.0,0.0,0.0,0.0,0.0,0.0,0.0,0.0,0.0,0.0,0.0,,,0.0,,0.0,0.0,0.0,0.0,0.0,0.0,0.0,0.0,0.0,0.0,,0.0,0.0,0.0,0.0,0.0,7.0,11.0,74.0,1.0,0.0,0.0,72.0,17.0,3.0,3.2511312914430164,0.0,2.0,1.0,1.0,0.0,1.0277777777777777,0.18032786885245902,0.2,0.4104918032786885,0.0,0.0,0.0,0.0,0.0,0.0,0.0,0.0,0.0,0.0,0.0,0.0,0.0,0.0,0.0,0.0,0.0,0.0,0.0,0.0,0.0,0.0,0.0,0.0,0.0,0.0,0.0,0.0,0.0,0.0,0.0,0.0,0.0,0.0,0.0,0.0,0.0,0.0,0.0,0.0,0.0,0.0,,,0.0,0.0,0.0,0.0,0.0,0.0,0.0,0.0,0.0,0.0,0.0,0.0,,,,0.0,0.0,0.0,0.0,0.0,0.0,0.0,,0.0,0.0,0.0,0.0,,0.0,0.0,,0.0,0.0,0.0,0.0,0.0,0.0,0.0,0.0,0.0,0.0,13.4,20.4,00-0027944,JoneJu02,13982.0,Julio Jones,1989-02-08,75.0,220.0,Alabama,2011.0,1.0,6.0,ATL,2011,13,10.0,0.0,2.0,0.0,0.008,2022.0,Julio Jones,TB,33.0,WR,10.0,5.0,43.0,24.0,299.0,2.0,13.0,175.0,7.3,124.0,5.2,13.8,2.0,12.0,1.0,0.023,0.0,93.1,2023-08-28,2022.0,Julio Jones,TB,33.0,WR,10.0,5.0,5.0,45.0,0.0,4.0,38.0,7.6,7.0,1.4,0.0,,2023-08-28,,,,,,,,,,,,,,,,,,,,,,,,,,,,,,,,,,,,,,,,,,,,,,,,,,,,,,,,,,,10,7.15,1.5,3,0,0
2022,Jamal Agnew,J.Agnew,00-0033572,JAX,WR,WR,97.0,15,70.3,4.6866666666666665,47.3,23.0,23,30,187,3,0.05226480836236934,0.04090073529411765,0.10702772724943635,12,86,0,0,0,0,0,0,141.0,0.15,0.49858156028368794,4.6866666666666665,5.98030895841471,21.0,1,WR,"https://static.www.nfl.com/image/upload/f_auto,q_auto/league/buapoaxrvjzwsr4l34mq",REG,0,0,0,0,0,0,0,,,0,,0,0,0,0,0,0,6,6.083855954842875,0,3,3,1,0,0,0,178,125,9,7.7840157297821,1,6,4,1,0,1.050561797752809,0,1,0,0,0,0,0,0.0,0.0,0,0,0,0,0,0,0,0,0,0,0,0,0,0,0,0,0,0,0,0,0,0,0,0,0,25,205,21,547,0,0,0,0,,,0,0,0,0,0,0,0,0,0,0,0,0,,,,0,0,0,0,0,0,0,,0,0,0,0,,0,0,,0,0,0,0,0,0,0,0,0,0,J.Agnew,Jamal Agnew,WR,WR,"https://static.www.nfl.com/image/upload/f_auto,q_auto/league/buapoaxrvjzwsr4l34mq",2022.0,POST,JAX,2.0,0.0,0.0,0.0,0.0,0.0,0.0,0.0,0.0,0.0,0.0,0.0,0.0,,,0.0,,0.0,0.0,0.0,0.0,1.0,2.0,0.0,0.0,0.0,0.0,-0.34178708237595856,0.0,0.0,0.0,0.0,0.0,3.0,4.0,7.0,0.0,1.0,1.0,14.0,7.0,0.0,-6.788291185745038,0.0,0.0,0.0,0.0,0.0,0.5,0.047619047619047616,0.021341463414634148,0.08636759581881533,0.0,0.0,0.0,0.0,0.0,0.0,0.0,0.0,0.0,0.0,0.0,0.0,0.0,0.0,0.0,0.0,0.0,0.0,0.0,0.0,0.0,0.0,0.0,0.0,0.0,0.0,0.0,0.0,0.0,0.0,1.0,0.0,1.0,1.0,3.0,23.0,7.0,265.0,0.0,0.0,0.0,0.0,,,0.0,0.0,0.0,0.0,0.0,0.0,0.0,0.0,0.0,0.0,0.0,0.0,,,,0.0,0.0,0.0,0.0,0.0,0.0,0.0,,0.0,0.0,0.0,0.0,,0.0,0.0,,0.0,0.0,0.0,0.0,0.0,0.0,0.0,0.0,0.0,0.0,-1.1,1.9,00-0033572,AgneJa00,3061612.0,Jamal Agnew,1995-04-03,70.0,190.0,San Diego,2017.0,5.0,165.0,DET,2017,9,15.0,0.0,120.0,0.0,0.322,2022.0,Jamal Agnew,JAX,27.0,WR,15.0,0.0,30.0,23.0,187.0,3.0,9.0,66.0,2.9,121.0,5.3,6.1,0.0,,2.0,0.067,0.0,125.3,2023-08-28,2022.0,Jamal Agnew,JAX,27.0,WR,15.0,0.0,12.0,86.0,0.0,6.0,80.0,6.7,6.0,0.5,1.0,12.0,2023-08-28,,,,,,,,,,,,,,,,,,,,,,,,,,,,,,,,,,,,,,,,,,,,,,,,,,,,,,,,,,,15,2.3,0.0,2,1,0
2022,Tyquan Thornton,T.Thornton,00-0038104,NE,WR,WR,98.0,12,66.3,5.5249999999999995,44.3,22.0,22,45,247,2,0.08687258687258688,0.15713938214546339,0.2403064478107047,3,16,1,0,0,0,0,0,527.0,0.6546153846153846,0.12580645161290321,5.5249999999999995,6.239627756962313,21.3,1,WR,"https://static.www.nfl.com/image/upload/f_auto,q_auto/league/bjqzuempyiwxe0hl7e5a",REG,0,0,0,0,0,0,0,,,0,,0,0,0,0,0,0,1,0.7390950545668602,0,1,1,0,0,0,0,646,63,13,-2.893325515402396,0,11,6,4,0,0.38235294117647056,0,2,0,0,0,0,0,0.0,0.0,0,0,0,0,0,0,0,0,0,0,0,0,0,0,0,0,0,0,0,0,0,0,0,0,0,0,0,0,0,0,0,0,0,,,0,0,0,0,0,0,0,0,0,0,0,0,,,,0,0,0,0,0,0,0,,0,0,0,0,,0,0,,0,0,0,0,0,0,0,0,0,0,,,,,,,,,,,,,,,,,,,,,,,,,,,,,,,,,,,,,,,,,,,,,,,,,,,,,,,,,,,,,,,,,,,,,,,,,,,,,,,,,,,,,,,,,,,,,,,,,,,,,,,,,,,,,,,,,,,,,,,,,,,,,,,,,,,,,,,,,,,,,,,,,,,,00-0038104,ThorTy00,4362921.0,Tyquan Thornton,2000-08-07,74.0,185.0,Baylor,2022.0,2.0,50.0,NE,2022,5,13.0,0.0,0.0,0.0,0.0,2022.0,Tyquan Thornton,NE,22.0,WR,13.0,9.0,45.0,22.0,247.0,2.0,13.0,179.0,8.1,68.0,3.1,14.2,0.0,,5.0,0.111,2.0,62.0,2023-08-28,2022.0,Tyquan Thornton,NE,22.0,WR,13.0,9.0,3.0,16.0,1.0,1.0,16.0,5.3,0.0,0.0,0.0,,2023-08-28,,,,,,,,,,,,,,,,,,,,,,,,,,,,,,,,,,,,,,,,,,,,,,,,,,,,,,,,,,,12,2.8000000000000003,1.5,2,2,0
2022,Dante Pettis,D.Pettis,00-0034860,CHI,WR,WR,99.0,17,65.2,3.835294117647059,46.2,19.0,19,41,245,3,0.11420612813370473,0.10828955049620549,0.24711187754790093,2,37,0,0,0,0,0,0,524.0,0.5117647058823529,0.12442748091603054,3.835294117647059,5.070742201156379,18.4,0,WR,"https://static.www.nfl.com/image/upload/f_auto,q_auto/league/xz70t2ahl2ak2q9mqtia",REG,0,0,0,0,0,0,0,,,0,,0,0,0,0,0,0,2,2.8303242595284246,0,1,1,1,0,0,0,371,63,9,-16.316224520156858,0,11,3,2,2,0.660377358490566,0,2,0,0,0,0,0,0.0,0.0,0,0,0,0,0,1,0,0,0,0,0,0,0,1,0,0,0,0,3,20,0,1,0,1,0,18,163,0,0,0,0,0,0,,,0,0,0,0,0,0,0,0,0,0,0,0,,,,0,0,0,0,0,0,0,,0,0,0,0,,0,0,,0,0,0,0,0,0,0,0,0,0,,,,,,,,,,,,,,,,,,,,,,,,,,,,,,,,,,,,,,,,,,,,,,,,,,,,,,,,,,,,,,,,,,,,,,,,,,,,,,,,,,,,,,,,,,,,,,,,,,,,,,,,,,,,,,,,,,,,,,,,,,,,,,,,,,,,,,,,,,,,,,,,,,,,00-0034860,PettDa00,3127306.0,Dante Pettis,1995-10-23,74.0,200.0,Washington,2018.0,2.0,44.0,SF,2018,7,17.0,0.0,39.0,0.0,0.0888235294117647,2022.0,Dante Pettis,CHI,27.0,WR,17.0,7.0,41.0,19.0,245.0,3.0,9.0,182.0,9.6,63.0,3.3,9.0,1.0,19.0,4.0,0.098,1.0,79.8,2023-08-28,2022.0,Dante Pettis,CHI,27.0,WR,17.0,7.0,2.0,37.0,0.0,2.0,37.0,18.5,0.0,0.0,0.0,,2023-08-28,,,,,,,,,,,,,,,,,,,,,,,,,,,,,,,,,,,,,,,,,,,,,,,,,,,,,,,,,,,17,2.3,0.0,2,1,0
2022,Equanimeous St. Brown,E.St. Brown,00-0034279,CHI,WR,WR,100.0,16,64.7,4.04375,43.7,21.0,21,38,323,1,0.10584958217270195,0.14448336252189142,0.2599127270243769,6,54,0,0,0,0,0,0,555.0,0.569375,0.11657657657657658,4.04375,3.5440031508639116,11.6,0,WR,"https://static.www.nfl.com/image/upload/f_auto,q_auto/league/yqojuedjvxtydgd9tgpr",REG,0,0,0,0,0,0,0,,,0,,0,0,0,0,0,0,2,1.3262877903180197,0,2,1,1,1,0,0,495,98,14,2.969664967786953,0,13,8,5,1,0.6525252525252525,0,2,0,0,0,0,0,0.0,0.0,0,0,0,0,0,0,0,0,0,0,0,0,0,0,8,0,0,0,0,0,0,1,0,1,0,0,0,0,0,0,0,0,0,,,0,0,0,0,0,0,0,0,0,0,0,0,,,,0,0,0,0,0,0,0,,0,0,0,0,,0,0,,0,0,0,0,0,0,0,0,0,0,,,,,,,,,,,,,,,,,,,,,,,,,,,,,,,,,,,,,,,,,,,,,,,,,,,,,,,,,,,,,,,,,,,,,,,,,,,,,,,,,,,,,,,,,,,,,,,,,,,,,,,,,,,,,,,,,,,,,,,,,,,,,,,,,,,,,,,,,,,,,,,,,,,,00-0034279,St.BEq00,3932442.0,Equanimeous St. Brown,1996-09-30,77.0,214.0,Notre Dame,2018.0,6.0,207.0,GB,2018,7,16.0,0.0,0.0,0.0,0.0,2022.0,Equanimeous St Brown,CHI,26.0,WR,16.0,16.0,38.0,21.0,323.0,1.0,14.0,234.0,11.1,89.0,4.2,13.0,0.0,,1.0,0.026000000000000002,3.0,59.4,2023-08-28,2022.0,Equanimeous St Brown,CHI,26.0,WR,16.0,16.0,6.0,54.0,0.0,2.0,42.0,7.0,12.0,2.0,0.0,,2023-08-28,,,,,,,,,,,,,,,,,,,,,,,,,,,,,,,,,,,,,,,,,,,,,,,,,,,,,,,,,,,16,3.5,0.0,1,0,0
2022,Travis Kelce,T.Kelce,00-0030506,KC,TE,TE,1.0,17,316.3,18.605882352941176,206.3,110.0,110,152,1338,12,0.247557003257329,0.22792869269949068,0.5308855897756369,2,5,0,0,0,0,0,0,914.0,0.7958823529411765,0.34606126914660834,18.605882352941176,7.921921372703349,35.5,7,TE,"https://static.www.nfl.com/image/upload/f_auto,q_auto/league/dpxovcfku6ud2aohgf6a",REG,0,0,0,0,0,0,0,,,0,,0,0,0,0,0,0,1,0.48865970596671104,0,0,0,0,0,1,1,1074,657,78,66.03688670637527,1,54,31,19,2,1.2458100558659218,0,2,0,0,0,0,0,0.0,0.0,0,0,0,0,0,0,0,0,0,0,0,0,0,0,0,0,0,0,3,26,1,0,0,1,1,0,0,0,0,0,0,0,0,,,0,0,0,0,0,0,0,0,0,0,0,0,,,,0,0,0,0,0,0,0,,0,0,0,0,,0,0,,0,0,0,0,0,0,0,0,0,0,T.Kelce,Travis Kelce,TE,TE,"https://static.www.nfl.com/image/upload/f_auto,q_auto/league/dpxovcfku6ud2aohgf6a",2022.0,POST,KC,3.0,0.0,0.0,0.0,0.0,0.0,0.0,0.0,0.0,0.0,0.0,0.0,0.0,,,0.0,,0.0,0.0,0.0,0.0,0.0,0.0,0.0,0.0,0.0,0.0,,0.0,0.0,0.0,0.0,0.0,27.0,31.0,257.0,4.0,1.0,0.0,196.0,99.0,15.0,22.43567741735389,0.0,13.0,4.0,2.0,0.0,1.3112244897959184,0.3069306930693069,0.30153846153846153,0.6714729626808834,0.0,0.0,0.0,0.0,0.0,0.0,0.0,0.0,0.0,0.0,0.0,0.0,0.0,0.0,0.0,0.0,0.0,0.0,0.0,0.0,0.0,0.0,0.0,0.0,0.0,0.0,0.0,0.0,0.0,0.0,1.0,0.0,1.0,0.0,0.0,0.0,0.0,0.0,0.0,0.0,0.0,0.0,,,0.0,0.0,0.0,0.0,0.0,0.0,0.0,0.0,0.0,0.0,0.0,0.0,,,,0.0,0.0,0.0,0.0,0.0,0.0,0.0,,0.0,0.0,0.0,0.0,,0.0,0.0,,0.0,0.0,0.0,0.0,0.0,0.0,0.0,0.0,0.0,0.0,49.7,76.7,00-0030506,KelcTr00,15847.0,Travis Kelce,1989-10-05,77.0,250.0,Cincinnati,2013.0,3.0,63.0,KC,2013,14,17.0,0.0,0.0,0.0,0.0,2022.0,Travis Kelce,KC,33.0,TE,17.0,17.0,152.0,110.0,1338.0,12.0,78.0,690.0,6.3,648.0,5.9,7.1,13.0,8.5,8.0,0.053,3.0,117.2,2023-08-28,2022.0,Travis Kelce,KC,33.0,TE,17.0,17.0,2.0,5.0,0.0,1.0,1.0,0.5,4.0,2.0,0.0,,2023-08-28,,,,,,,,,,,,,,,,,,,,,,,,,,,,,,,,,,,,,,,,,,,,,,,,,,,,,,,,,,,17,17.9,7.6000000000000005,15,12,3
2022,T.J. Hockenson,T.Hockenson,00-0035229,MIN,TE,TE,2.0,17,217.4,12.788235294117648,131.4,86.0,86,129,914,6,0.2291296625222025,0.23724304715840386,0.5097646267941864,0,0,0,0,0,0,0,0,987.0,0.8447058823529412,0.22026342451874367,12.788235294117648,10.266564807235987,39.900000000000006,2,TE,"https://static.www.nfl.com/image/upload/f_auto,q_auto/league/rs8o65x0u0n9xzde0fd6",REG,0,0,0,0,0,0,0,,,0,,0,0,0,0,0,0,0,,0,0,0,0,0,0,0,981,413,44,5.478669579085121,2,37,15,5,2,0.9317023445463812,0,0,0,0,0,0,0,0.0,0.0,0,0,0,0,0,0,0,0,0,0,0,0,0,0,0,0,0,0,6,54,1,0,0,1,1,0,0,0,0,0,0,0,0,,,0,0,0,0,0,0,0,0,0,0,0,0,,,,0,0,0,0,0,0,0,,0,0,0,0,,0,0,,0,0,0,0,0,0,0,0,0,0,T.Hockenson,T.J. Hockenson,TE,TE,"https://static.www.nfl.com/image/upload/f_auto,q_auto/league/rs8o65x0u0n9xzde0fd6",2022.0,POST,MIN,1.0,0.0,0.0,0.0,0.0,0.0,0.0,0.0,0.0,0.0,0.0,0.0,0.0,,,0.0,,0.0,0.0,0.0,0.0,0.0,0.0,0.0,0.0,0.0,0.0,,0.0,0.0,0.0,0.0,0.0,10.0,11.0,129.0,0.0,0.0,0.0,73.0,65.0,6.0,10.873560659878422,0.0,5.0,4.0,2.0,0.0,1.7671232876712328,0.28205128205128205,0.2786259541984733,0.6181150910158544,0.0,0.0,0.0,0.0,0.0,0.0,0.0,0.0,0.0,0.0,0.0,0.0,0.0,0.0,0.0,0.0,0.0,0.0,0.0,0.0,0.0,0.0,0.0,0.0,0.0,0.0,0.0,0.0,0.0,0.0,0.0,0.0,0.0,0.0,0.0,0.0,0.0,0.0,0.0,0.0,0.0,0.0,,,0.0,0.0,0.0,0.0,0.0,0.0,0.0,0.0,0.0,0.0,0.0,0.0,,,,0.0,0.0,0.0,0.0,0.0,0.0,0.0,,0.0,0.0,0.0,0.0,,0.0,0.0,,0.0,0.0,0.0,0.0,0.0,0.0,0.0,0.0,0.0,0.0,12.9,22.9,00-0035229,HockTJ00,4036133.0,T.J. Hockenson,1997-07-03,77.0,248.0,Iowa,2019.0,1.0,8.0,DET,2019,8,17.0,0.0,0.0,0.0,0.0,2022.0,TJ Hockenson,2TM,25.0,TE,17.0,14.0,129.0,86.0,914.0,6.0,44.0,511.0,5.9,403.0,4.7,7.5,7.0,12.3,7.0,0.054000000000000006,4.0,89.7,2023-08-28,,,,,,,,,,,,,,,,,,,,,,,,,,,,,,,,,,,,,,,,,,,,,,,,,,,,,,,,,,,,,,,,,,,,,,,,,,,,,17,10.8,1.6,9,4,2
2022,George Kittle,G.Kittle,00-0033288,SF,TE,TE,3.0,15,200.5,13.366666666666667,140.5,60.0,60,86,765,11,0.17063492063492064,0.15786452353616534,0.36645754742769665,0,0,0,0,0,0,0,0,859.0,0.896,0.23341094295692666,13.366666666666667,8.868134500773515,30.0,4,TE,"https://static.www.nfl.com/image/upload/f_auto,q_auto/league/vkicdglglkyukgyxtmpx",REG,0,0,0,0,0,0,0,,,0,,0,0,0,0,0,0,0,,0,0,0,0,0,1,1,550,386,36,39.60728645684706,0,28,16,12,1,1.3909090909090909,0,3,0,0,0,0,1,0.0,0.0,0,0,0,0,0,0,0,0,0,0,0,0,0,0,0,0,0,0,4,35,1,0,0,1,1,0,0,0,0,0,0,0,0,,,0,0,0,0,0,0,0,0,0,0,0,0,,,,0,0,0,0,0,0,0,,0,0,0,0,,0,0,,0,0,0,0,0,0,0,0,0,0,G.Kittle,George Kittle,TE,TE,"https://static.www.nfl.com/image/upload/f_auto,q_auto/league/vkicdglglkyukgyxtmpx",2022.0,POST,SF,3.0,0.0,0.0,0.0,0.0,0.0,0.0,0.0,0.0,0.0,0.0,0.0,0.0,,,0.0,,0.0,0.0,0.0,0.0,1.0,4.0,0.0,0.0,0.0,0.0,-0.04811982810497284,0.0,0.0,0.0,0.0,0.0,10.0,11.0,164.0,0.0,0.0,0.0,109.0,54.0,7.0,11.905233837882523,1.0,7.0,6.0,4.0,0.0,1.5045871559633028,0.16176470588235295,0.14709851551956815,0.3456160196872271,0.0,0.0,0.0,0.0,0.0,0.0,0.0,0.0,0.0,0.0,0.0,0.0,0.0,0.0,0.0,0.0,0.0,0.0,0.0,0.0,0.0,0.0,0.0,0.0,0.0,0.0,0.0,0.0,0.0,0.0,0.0,0.0,0.0,0.0,0.0,0.0,0.0,0.0,0.0,0.0,0.0,0.0,,,0.0,0.0,0.0,0.0,0.0,0.0,0.0,0.0,0.0,0.0,0.0,0.0,,,,0.0,0.0,0.0,0.0,0.0,0.0,0.0,,0.0,0.0,0.0,0.0,,0.0,0.0,,0.0,0.0,0.0,0.0,0.0,0.0,0.0,0.0,0.0,0.0,18.8,28.8,00-0033288,KittGe00,3040151.0,George Kittle,1993-10-09,76.0,250.0,Iowa,2017.0,5.0,146.0,SF,2017,10,15.0,0.0,3.0,0.0,0.008,2022.0,George Kittle,SF,29.0,TE,15.0,15.0,86.0,60.0,765.0,11.0,36.0,383.0,6.4,382.0,6.4,6.5,4.0,15.0,3.0,0.035,2.0,127.2,2023-08-28,,,,,,,,,,,,,,,,,,,,,,,,,,,,,,,,,,,,,,,,,,,,,,,,,,,,,,,,,,,,,,,,,,,,,,,,,,,,,15,12.3,3.1,8,6,2
2022,Mark Andrews,M.Andrews,00-0034753,BAL,TE,TE,4.0,15,190.5,12.7,117.5,73.0,73,113,847,5,0.24301075268817204,0.2752864972595914,0.557216677113972,3,8,0,0,0,0,0,0,787.0,0.8386666666666667,0.2420584498094028,12.7,9.034299719877101,28.9,4,TE,"https://static.www.nfl.com/image/upload/f_auto,q_auto/league/u4xzz7tclch0tpzm9hhz",REG,0,0,0,0,0,0,0,,,0,,0,0,0,0,0,0,3,3.9225933456327766,0,0,0,0,0,1,0,1105,243,48,25.188454185823723,1,39,24,7,0,0.7665158371040725,0,0,0,0,0,0,0,0.0,0.0,0,0,0,0,0,0,0,0,0,0,0,0,0,0,0,0,0,0,1,10,1,0,1,1,0,0,0,0,0,0,0,0,0,,,0,0,0,0,0,0,0,0,0,0,0,0,,,,0,0,0,0,0,0,0,,0,0,0,0,,0,0,,0,0,0,0,0,0,0,0,0,0,M.Andrews,Mark Andrews,TE,TE,"https://static.www.nfl.com/image/upload/f_auto,q_auto/league/u4xzz7tclch0tpzm9hhz",2022.0,POST,BAL,1.0,0.0,0.0,0.0,0.0,0.0,0.0,0.0,0.0,0.0,0.0,0.0,0.0,,,0.0,,0.0,0.0,0.0,0.0,1.0,0.0,0.0,0.0,0.0,0.0,-1.2812007801840082,0.0,0.0,0.0,0.0,0.0,5.0,10.0,73.0,0.0,0.0,0.0,99.0,24.0,3.0,-1.8138091492000967,0.0,3.0,2.0,2.0,0.0,0.7373737373737373,0.35714285714285715,0.518324607329843,0.8985415108451758,0.0,1.0,0.0,0.0,0.0,0.0,0.0,0.0,0.0,0.0,0.0,0.0,0.0,0.0,0.0,0.0,0.0,0.0,0.0,0.0,0.0,0.0,0.0,0.0,0.0,0.0,0.0,0.0,0.0,0.0,0.0,0.0,0.0,0.0,0.0,0.0,0.0,0.0,0.0,0.0,0.0,0.0,,,0.0,0.0,0.0,0.0,0.0,0.0,0.0,0.0,0.0,0.0,0.0,0.0,,,,0.0,0.0,0.0,0.0,0.0,0.0,0.0,,0.0,0.0,0.0,0.0,,0.0,0.0,,0.0,0.0,0.0,0.0,0.0,0.0,0.0,0.0,0.0,0.0,7.300000000000001,12.3,00-0034753,AndrMa00,3116365.0,Mark Andrews,1995-09-06,77.0,250.0,Oklahoma,2018.0,3.0,86.0,BAL,2018,9,15.0,0.0,2.0,0.0,0.006,2022.0,Mark Andrews,BAL,27.0,TE,15.0,15.0,113.0,73.0,847.0,5.0,48.0,604.0,8.3,243.0,3.3,9.7,1.0,73.0,8.0,0.071,3.0,90.8,2023-08-28,2022.0,Mark Andrews,BAL,27.0,TE,15.0,15.0,3.0,8.0,0.0,3.0,4.0,1.3,4.0,1.3,0.0,,2023-08-28,,,,,,,,,,,,,,,,,,,,,,,,,,,,,,,,,,,,,2022.0,Regular,Season Total,BAL,M. Andrews,,99.9,1.0,2.0,1.2,0.0,1.2,0.0,0.0,99.9,0.0,Mark,Andrews,Mark Andrews,https://a.espncdn.com/i/headshots/nfl/players/full/3116365.png,Ravens,False,15,10.2,0.4,8,5,2
2022,Evan Engram,E.Engram,00-0033881,JAX,TE,TE,5.0,17,176.9,10.405882352941177,103.9,73.0,73,98,766,4,0.17073170731707318,0.1410845588235294,0.35485675215208035,2,13,0,0,0,0,0,0,868.0,0.7747058823529411,0.20380184331797235,10.405882352941177,9.075893247239863,39.2,1,TE,"https://static.www.nfl.com/image/upload/f_auto,q_auto/league/nucl2dxmpvhlywhyro8o",REG,0,0,0,0,0,0,0,,,0,,0,0,0,0,0,0,1,0.47202901676064357,0,1,1,0,0,0,0,614,465,33,33.7919223110723,1,31,15,10,0,1.247557003257329,0,2,0,0,0,0,0,0.0,0.0,0,0,0,0,0,0,0,0,0,0,0,0,0,0,0,0,0,0,4,25,0,0,0,0,0,0,0,0,0,0,0,0,0,,,0,0,0,0,0,0,0,0,0,0,0,0,,,,0,0,0,0,0,0,0,,0,0,0,0,,0,0,,0,0,0,0,0,0,0,0,0,0,E.Engram,Evan Engram,TE,TE,"https://static.www.nfl.com/image/upload/f_auto,q_auto/league/nucl2dxmpvhlywhyro8o",2022.0,POST,JAX,2.0,0.0,0.0,0.0,0.0,0.0,0.0,0.0,0.0,0.0,0.0,0.0,0.0,,,0.0,,0.0,0.0,0.0,0.0,0.0,0.0,0.0,0.0,0.0,0.0,,0.0,0.0,0.0,0.0,0.0,12.0,17.0,124.0,1.0,0.0,0.0,65.0,88.0,9.0,1.857860433345195,0.0,5.0,4.0,2.0,0.0,1.9076923076923078,0.20238095238095238,0.09908536585365854,0.37293118466898956,0.0,2.0,0.0,0.0,0.0,0.0,0.0,0.0,0.0,0.0,0.0,0.0,0.0,0.0,0.0,0.0,0.0,0.0,0.0,0.0,0.0,0.0,0.0,0.0,0.0,0.0,0.0,0.0,0.0,0.0,0.0,0.0,0.0,0.0,0.0,0.0,0.0,0.0,0.0,0.0,0.0,0.0,,,0.0,0.0,0.0,0.0,0.0,0.0,0.0,0.0,0.0,0.0,0.0,0.0,,,,0.0,0.0,0.0,0.0,0.0,0.0,0.0,,0.0,0.0,0.0,0.0,,0.0,0.0,,0.0,0.0,0.0,0.0,0.0,0.0,0.0,0.0,0.0,0.0,18.4,30.4,00-0033881,EngrEv00,3051876.0,Evan Engram,1994-09-02,75.0,240.0,Mississippi,2017.0,1.0,23.0,NYG,2017,10,17.0,0.0,1.0,0.0,0.0023529411764705885,2022.0,Evan Engram,JAX,28.0,TE,17.0,14.0,98.0,73.0,766.0,4.0,33.0,301.0,4.1,465.0,6.4,6.3,5.0,14.6,5.0,0.051,0.0,110.3,2023-08-28,2022.0,Evan Engram,JAX,28.0,TE,17.0,14.0,2.0,13.0,0.0,1.0,13.0,6.5,0.0,0.0,0.0,,2023-08-28,,,,,,,,,,,,,,,,,,,,,,,,,,,,,,,,,,,,,,,,,,,,,,,,,,,,,,,,,,,17,9.0,1.4,8,3,1
2022,Tyler Higbee,T.Higbee,00-0033110,LA,TE,TE,6.0,16,152.0,9.5,80.0,72.0,72,108,620,3,0.20889748549323017,0.08809267241379311,0.3750110989295004,0,0,0,0,0,0,0,0,888.0,0.8647058823529411,0.17117117117117117,9.5,7.607364852562284,30.4,1,TE,"https://static.www.nfl.com/image/upload/f_auto,q_auto/league/x1d4osiefibd04df6gow",REG,0,0,0,0,0,0,0,,,0,,0,0,0,0,0,0,0,,0,0,0,0,0,0,0,327,404,32,4.885178858540428,0,21,9,4,0,1.8960244648318043,0,2,0,0,0,0,0,0.0,0.0,0,0,0,0,0,0,0,0,0,0,0,0,0,1,0,0,0,0,1,5,0,0,0,0,0,0,0,1,7,0,0,0,0,,,0,0,0,0,0,0,0,0,0,0,0,0,,,,0,0,0,0,0,0,0,,0,0,0,0,,0,0,,0,0,0,0,0,0,0,0,0,0,,,,,,,,,,,,,,,,,,,,,,,,,,,,,,,,,,,,,,,,,,,,,,,,,,,,,,,,,,,,,,,,,,,,,,,,,,,,,,,,,,,,,,,,,,,,,,,,,,,,,,,,,,,,,,,,,,,,,,,,,,,,,,,,,,,,,,,,,,,,,,,,,,,,00-0033110,HigbTy00,2573401.0,Tyler Higbee,1993-01-01,78.0,253.0,Western Kentucky,2016.0,4.0,110.0,LA,2016,11,17.0,0.0,14.0,0.0,0.031764705882352945,2022.0,Tyler Higbee,LA,29.0,TE,17.0,17.0,108.0,72.0,620.0,3.0,32.0,216.0,3.0,404.0,5.6,3.0,3.0,24.0,7.0,0.065,3.0,79.2,2023-08-28,,,,,,,,,,,,,,,,,,,,,,,,,,,,,,,,,,,,,,,,,,,,,,,,,,,,,,,,,,,,,,,,,,,,,,,,,,,,,16,8.7,0.0,7,3,1
2022,Pat Freiermuth,P.Freiermuth,00-0036894,PIT,TE,TE,7.0,15,148.2,9.879999999999999,85.2,62.999999999999986,63,98,732,2,0.17883211678832117,0.1743840271877655,0.39031699421391763,0,0,0,0,0,0,0,0,743.0,0.68,0.19946164199192462,9.879999999999999,4.730327684209626,15.9,0,TE,"https://static.www.nfl.com/image/upload/f_auto,q_auto/league/pyrdsypgggjshiaygkr7",REG,0,0,0,0,0,0,0,,,0,,0,0,0,0,0,0,0,,0,0,0,0,0,0,0,821,281,37,8.890447876504298,0,31,13,9,1,0.8915956151035322,0,1,0,0,0,0,0,0.0,0.0,0,0,0,0,0,0,0,0,0,0,0,0,0,0,0,0,0,0,3,25,0,0,0,0,0,0,0,0,0,0,0,0,0,,,0,0,0,0,0,0,0,0,0,0,0,0,,,,0,0,0,0,0,0,0,,0,0,0,0,,0,0,,0,0,0,0,0,0,0,0,0,0,,,,,,,,,,,,,,,,,,,,,,,,,,,,,,,,,,,,,,,,,,,,,,,,,,,,,,,,,,,,,,,,,,,,,,,,,,,,,,,,,,,,,,,,,,,,,,,,,,,,,,,,,,,,,,,,,,,,,,,,,,,,,,,,,,,,,,,,,,,,,,,,,,,,00-0036894,FreiPa00,4361411.0,Pat Freiermuth,1998-10-25,77.0,258.0,Penn State,2021.0,2.0,55.0,PIT,2021,6,16.0,0.0,13.0,0.0,0.028749999999999998,2022.0,Pat Freiermuth,PIT,24.0,TE,16.0,8.0,98.0,63.0,732.0,2.0,37.0,441.0,7.0,291.0,4.6,8.3,6.0,10.5,4.0,0.040999999999999995,4.0,76.6,2023-08-28,,,,,,,,,,,,,,,,,,,,,,,,,,,,,,,,,,,,,,,,,,,,,,,,,,,,,,,,,,,,,,,,,,,,,,,,,,,,,15,10.600000000000001,0.0,8,3,0
2022,Cole Kmet,C.Kmet,00-0036290,CHI,TE,TE,8.0,17,147.3,8.664705882352942,97.30000000000001,50.0,50,69,544,7,0.19220055710306408,0.13514302393461763,0.3829009524088285,2,9,0,0,0,0,0,0,971.0,0.9352941176470588,0.15169927909371783,8.66470588235294,6.672044399626566,23.4,2,TE,"https://static.www.nfl.com/image/upload/f_auto,q_auto/league/ysnui8mzlu2fo70ub0yt",REG,0,0,0,0,0,0,0,,,0,,0,0,0,0,0,0,1,1.1386364521458745,0,0,0,0,0,1,0,463,286,27,11.231644300971723,0,23,10,6,1,1.1749460043196545,0,1,0,0,0,0,1,0.0,0.0,0,0,0,0,0,0,0,0,0,0,0,0,0,1,0,0,0,0,5,47,1,0,0,1,0,0,0,0,0,0,0,0,0,,,0,0,0,0,0,0,0,0,0,0,0,0,,,,0,0,0,0,0,0,0,,0,0,0,0,,0,0,,0,0,0,0,0,0,0,0,0,0,,,,,,,,,,,,,,,,,,,,,,,,,,,,,,,,,,,,,,,,,,,,,,,,,,,,,,,,,,,,,,,,,,,,,,,,,,,,,,,,,,,,,,,,,,,,,,,,,,,,,,,,,,,,,,,,,,,,,,,,,,,,,,,,,,,,,,,,,,,,,,,,,,,,00-0036290,KmetCo00,4258595.0,Cole Kmet,1999-03-10,78.0,257.0,Notre Dame,2020.0,2.0,43.0,CHI,2020,7,17.0,0.0,57.0,0.0,0.1264705882352941,2022.0,Cole Kmet,CHI,23.0,TE,17.0,17.0,69.0,50.0,544.0,7.0,27.0,258.0,5.2,286.0,5.7,6.7,3.0,16.7,2.0,0.028999999999999998,4.0,105.0,2023-08-28,2022.0,Cole Kmet,CHI,23.0,TE,17.0,17.0,2.0,9.0,0.0,1.0,9.0,4.5,0.0,0.0,0.0,,2023-08-28,,,,,,,,,,,,,,,,,,,,,,,,,,,,,,,,,,,,,,,,,,,,,,,,,,,,,,,,,,,17,6.5,0.0,5,3,0
2022,Taysom Hill,T.Hill,00-0033357,NO,TE,TE,9.0,16,145.8,9.1125,136.8,9.0,9,13,77,2,0.02636916835699797,0.016483516483516484,0.051092214073958496,96,575,7,13,19,240,2,0,326.0,0.33875,0.447239263803681,9.1125,8.190179078221266,34.08,1,TE,"https://static.www.nfl.com/image/upload/f_auto,q_auto/league/q8itjlocg5do60qat4l3",REG,2,-14,0,0,254,102,11,12.586181564557638,10.243931578265297,0,0.9448818897637795,8,5,4,2,1,0,34,18.03726384386477,0,17,10,3,2,0,0,75,37,5,2.5954024618511946,0,3,1,1,0,1.0266666666666666,0,0,0,0,0,0,0,0.0,0.0,0,0,0,0,0,0,0,0,0,0,0,0,0,2,0,0,0,0,1,5,1,1,0,2,0,0,0,3,69,0,0,0,0,,,0,0,0,0,0,0,0,0,0,0,0,0,,,,0,0,0,0,0,0,0,,0,0,0,0,,0,0,,0,0,0,0,0,0,0,0,0,0,,,,,,,,,,,,,,,,,,,,,,,,,,,,,,,,,,,,,,,,,,,,,,,,,,,,,,,,,,,,,,,,,,,,,,,,,,,,,,,,,,,,,,,,,,,,,,,,,,,,,,,,,,,,,,,,,,,,,,,,,,,,,,,,,,,,,,,,,,,,,,,,,,,,00-0033357,HillTa00,2468609.0,Taysom Hill,1990-08-23,74.0,221.0,BYU,,,,,2017,9,16.0,0.0,169.0,0.0,0.420625,2022.0,Taysom Hill,NO,32.0,TE,16.0,8.0,13.0,9.0,77.0,2.0,5.0,40.0,4.4,37.0,4.1,5.8,0.0,,1.0,0.077,0.0,124.0,2023-08-28,2022.0,Taysom Hill,NO,32.0,TE,16.0,8.0,96.0,575.0,7.0,34.0,354.0,3.7,221.0,2.3,1.0,96.0,2023-08-28,Taysom Hill,NO,19.0,1.0,0.0,1.0,5.6,2.0,11.1,2022.0,2.4,8.0,1.0,2.0,5.0,23.8,0.0,14.0,77.8,20.0,95.0,5.0,26.0,14.0,69.0,6.0,35.0,,,,,,,,,,2022.0,Regular,Season Total,NO,T. Hill,,79.7,11.4,118.0,20.0,4.4,15.7,0.0,-0.2,79.7,-0.8,Taysom,Hill,Taysom Hill,https://a.espncdn.com/i/headshots/nfl/players/full/2468609.png,Saints,False,16,8.190000000000001,0.1,7,2,1
2022,Dalton Schultz,D.Schultz,00-0034383,DAL,TE,TE,10.0,15,142.7,9.513333333333332,85.7,56.999999999999986,57,89,577,5,0.163302752293578,0.14317673378076062,0.3451778420868994,0,0,0,0,0,0,0,0,817.0,0.7826666666666667,0.17466340269277844,9.513333333333332,7.369228169185957,24.6,1,TE,"https://static.www.nfl.com/image/upload/f_auto,q_auto/league/ym8sbkev8l4scnrc0vd8",REG,0,0,0,0,0,0,0,,,0,,0,0,0,0,0,0,0,,0,0,0,0,0,1,1,640,204,27,-0.33954759660574907,0,24,8,5,0,0.9015625,0,1,0,0,0,0,0,0.0,0.0,0,0,0,0,0,0,0,0,0,0,0,0,0,0,0,0,0,0,3,25,1,0,0,1,1,0,0,0,0,0,0,0,0,,,0,0,0,0,0,0,0,0,0,0,0,0,,,,0,0,0,0,0,0,0,,0,0,0,0,,0,0,,0,0,0,0,0,0,0,0,0,0,D.Schultz,Dalton Schultz,TE,TE,"https://static.www.nfl.com/image/upload/f_auto,q_auto/league/ym8sbkev8l4scnrc0vd8",2022.0,POST,DAL,2.0,0.0,0.0,0.0,0.0,0.0,0.0,0.0,0.0,0.0,0.0,0.0,0.0,,,0.0,,0.0,0.0,0.0,0.0,0.0,0.0,0.0,0.0,0.0,0.0,,0.0,0.0,0.0,0.0,0.0,12.0,18.0,122.0,3.0,0.0,0.0,171.0,18.0,7.0,7.515108598629013,0.0,4.0,3.0,3.0,0.0,0.7134502923976608,0.2608695652173913,0.29947460595446584,0.600936571994213,0.0,0.0,0.0,0.0,0.0,0.0,0.0,0.0,0.0,0.0,0.0,0.0,0.0,0.0,0.0,0.0,0.0,0.0,0.0,0.0,0.0,0.0,0.0,0.0,0.0,0.0,0.0,1.0,10.0,0.0,0.0,0.0,0.0,0.0,0.0,0.0,0.0,0.0,0.0,0.0,0.0,0.0,,,0.0,0.0,0.0,0.0,0.0,0.0,0.0,0.0,0.0,0.0,0.0,0.0,,,,0.0,0.0,0.0,0.0,0.0,0.0,0.0,,0.0,0.0,0.0,0.0,,0.0,0.0,,0.0,0.0,0.0,0.0,0.0,0.0,0.0,0.0,0.0,0.0,30.200000000000003,42.2,00-0034383,SchuDa00,3117256.0,Dalton Schultz,1996-07-11,77.0,242.0,Stanford,2018.0,4.0,137.0,DAL,2018,9,15.0,0.0,1.0,0.0,0.0026666666666666666,2022.0,Dalton Schultz,DAL,26.0,TE,15.0,15.0,89.0,57.0,577.0,5.0,27.0,373.0,6.5,204.0,3.6,7.2,5.0,11.4,6.0,0.067,5.0,77.8,2023-08-28,,,,,,,,,,,,,,,,,,,,,,,,,,,,,,,,,,,,,,,,,,,,,,,,,,,,,,,,,,,,,,,,,,,,,,,,,,,,,15,7.300000000000001,0.0,6,3,0
2022,David Njoku,D.Njoku,00-0033885,CLE,TE,TE,11.0,14,142.0,10.142857142857142,84.0,58.0,58,80,628,4,0.15779092702169625,0.12014372333258477,0.3207869968653537,2,-8,0,0,0,0,0,0,817.0,0.8428571428571429,0.17380660954712362,10.142857142857142,6.648737796432815,23.9,1,TE,"https://static.www.nfl.com/image/upload/f_auto,q_auto/league/y4g1iayqrbrhdvkqywpx",REG,0,0,0,0,0,0,0,,,0,,0,0,0,0,0,0,0,-2.48257483902853,0,0,0,0,0,1,1,535,332,36,24.657573101232835,0,26,12,8,0,1.1738317757009347,0,0,0,0,0,0,0,0.0,0.0,0,0,0,0,0,0,0,0,0,0,0,0,0,0,0,0,0,0,1,5,1,0,0,1,1,0,0,0,0,0,0,0,0,,,0,0,0,0,0,0,0,0,0,0,0,0,,,,0,0,0,0,0,0,0,,0,0,0,0,,0,0,,0,0,0,0,0,0,0,0,0,0,,,,,,,,,,,,,,,,,,,,,,,,,,,,,,,,,,,,,,,,,,,,,,,,,,,,,,,,,,,,,,,,,,,,,,,,,,,,,,,,,,,,,,,,,,,,,,,,,,,,,,,,,,,,,,,,,,,,,,,,,,,,,,,,,,,,,,,,,,,,,,,,,,,,00-0033885,NjokDa00,3123076.0,David Njoku,1996-07-10,76.0,246.0,Miami,2017.0,1.0,29.0,CLE,2017,12,14.0,0.0,0.0,0.0,0.0,2022.0,David Njoku,CLE,26.0,TE,14.0,14.0,80.0,58.0,628.0,4.0,36.0,290.0,5.0,338.0,5.8,6.5,3.0,19.3,3.0,0.038,1.0,106.7,2023-08-28,2022.0,David Njoku,CLE,26.0,TE,14.0,14.0,2.0,-8.0,0.0,0.0,-8.0,-4.0,0.0,0.0,0.0,,2023-08-28,,,,,,,,,,,,,,,,,,,,,,,,,,,,,,,,,,,,,,,,,,,,,,,,,,,,,,,,,,,14,9.25,1.7000000000000002,6,2,0
2022,Dallas Goedert,D.Goedert,00-0034351,PHI,TE,TE,12.0,12,141.2,11.766666666666666,86.2,54.999999999999986,55,69,702,3,0.13663366336633664,0.09545249887438091,0.2717672442615716,0,0,0,0,0,0,0,0,735.0,0.9,0.19210884353741495,11.766666666666666,5.0454900353652175,24.0,1,TE,"https://static.www.nfl.com/image/upload/f_auto,q_auto/league/bafepstxu7vvxb9v5vua",REG,0,0,0,0,0,0,0,,,0,,0,0,0,0,0,0,0,,0,0,0,0,0,1,1,424,420,40,45.187987072817165,0,34,19,11,0,1.6556603773584906,0,1,0,0,0,0,0,0.0,0.0,0,0,0,0,0,0,0,0,0,0,0,0,0,0,0,0,0,0,4,30,1,0,0,1,1,0,0,0,0,0,0,0,0,,,0,0,0,0,0,0,0,0,0,0,0,0,,,,0,0,0,0,0,0,0,,0,0,0,0,,0,0,,0,0,0,0,0,0,0,0,0,0,D.Goedert,Dallas Goedert,TE,TE,"https://static.www.nfl.com/image/upload/f_auto,q_auto/league/bafepstxu7vvxb9v5vua",2022.0,POST,PHI,3.0,0.0,0.0,0.0,0.0,0.0,0.0,0.0,0.0,0.0,0.0,0.0,0.0,,,0.0,,0.0,0.0,0.0,0.0,0.0,0.0,0.0,0.0,0.0,0.0,,0.0,0.0,0.0,0.0,0.0,16.0,18.0,141.0,1.0,0.0,0.0,97.0,53.0,7.0,9.352843865810428,0.0,6.0,4.0,1.0,0.0,1.4536082474226804,0.21951219512195122,0.12262958280657396,0.4151090006475286,0.0,0.0,0.0,0.0,0.0,0.0,0.0,0.0,0.0,0.0,0.0,0.0,0.0,0.0,0.0,0.0,0.0,0.0,0.0,0.0,0.0,0.0,0.0,0.0,0.0,0.0,0.0,0.0,0.0,0.0,0.0,0.0,0.0,0.0,0.0,0.0,0.0,0.0,0.0,0.0,0.0,0.0,,,0.0,0.0,0.0,0.0,0.0,0.0,0.0,0.0,0.0,0.0,0.0,0.0,,,,0.0,0.0,0.0,0.0,0.0,0.0,0.0,,0.0,0.0,0.0,0.0,,0.0,0.0,,0.0,0.0,0.0,0.0,0.0,0.0,0.0,0.0,0.0,0.0,20.1,36.1,00-0034351,GoedDa00,3121023.0,Dallas Goedert,1995-01-03,77.0,256.0,South Dakota State,2018.0,2.0,49.0,PHI,2018,9,12.0,0.0,4.0,0.0,0.011666666666666667,2022.0,Dallas Goedert,PHI,27.0,TE,12.0,12.0,69.0,55.0,702.0,3.0,40.0,282.0,5.1,420.0,7.6,6.1,2.0,27.5,1.0,0.013999999999999999,0.0,123.6,2023-08-28,,,,,,,,,,,,,,,,,,,,,,,,,,,,,,,,,,,,,,,,,,,,,,,,,,,,,,,,,,,,,,,,,,,,,,,,,,,,,12,11.100000000000001,4.2,7,2,0
2022,Gerald Everett,G.Everett,00-0033895,LAC,TE,TE,13.0,15,139.5,9.3,81.5,58.0,58,87,555,4,0.12663755458515283,0.10860429108604291,0.2659793356379593,1,0,0,0,0,0,0,0,667.0,0.588125,0.20914542728635682,9.3,4.161730409336962,17.1,0,TE,"https://static.www.nfl.com/image/upload/f_auto,q_auto/league/aayw74rhaupmfnnikzak",REG,0,0,0,0,0,0,0,,,0,,0,0,0,0,0,0,0,-0.5668091089464724,0,0,0,0,0,0,0,491,326,29,2.299377105349459,1,26,13,4,0,1.1303462321792261,0,1,0,0,0,0,0,0.0,0.0,0,0,0,0,0,0,0,0,0,0,0,0,0,0,0,0,0,0,1,5,0,0,0,0,0,0,0,0,0,0,0,0,0,,,0,0,0,0,0,0,0,0,0,0,0,0,,,,0,0,0,0,0,0,0,,0,0,0,0,,0,0,,0,0,0,0,0,0,0,0,0,0,G.Everett,Gerald Everett,TE,TE,"https://static.www.nfl.com/image/upload/f_auto,q_auto/league/aayw74rhaupmfnnikzak",2022.0,POST,LAC,1.0,0.0,0.0,0.0,0.0,0.0,0.0,0.0,0.0,0.0,0.0,0.0,0.0,,,0.0,,0.0,0.0,0.0,0.0,0.0,0.0,0.0,0.0,0.0,0.0,,0.0,0.0,0.0,0.0,0.0,6.0,8.0,109.0,1.0,0.0,0.0,47.0,75.0,5.0,11.113065278565045,0.0,4.0,4.0,4.0,0.0,2.3191489361702127,0.19047619047619047,0.19665271966527198,0.4233711894799761,0.0,0.0,0.0,0.0,0.0,0.0,0.0,0.0,0.0,0.0,0.0,0.0,0.0,0.0,0.0,0.0,0.0,0.0,0.0,0.0,0.0,0.0,0.0,0.0,0.0,0.0,0.0,0.0,0.0,0.0,0.0,0.0,0.0,0.0,0.0,0.0,0.0,0.0,0.0,0.0,0.0,0.0,,,0.0,0.0,0.0,0.0,0.0,0.0,0.0,0.0,0.0,0.0,0.0,0.0,,,,0.0,0.0,0.0,0.0,0.0,0.0,0.0,,0.0,0.0,0.0,0.0,,0.0,0.0,,0.0,0.0,0.0,0.0,0.0,0.0,0.0,0.0,0.0,0.0,16.9,22.9,00-0033895,EverGe00,3918639.0,Gerald Everett,1994-06-25,75.0,252.0,South Alabama; UAB; Hutchinson CC,2017.0,2.0,44.0,LA,2017,8,16.0,0.0,0.0,0.0,0.0,2022.0,Gerald Everett,LAC,28.0,TE,16.0,11.0,87.0,58.0,555.0,4.0,29.0,229.0,3.9,326.0,5.6,5.6,5.0,11.6,9.0,0.10300000000000001,2.0,90.0,2023-08-28,2022.0,Gerald Everett,LAC,28.0,TE,16.0,11.0,1.0,0.0,0.0,0.0,0.0,0.0,0.0,0.0,0.0,,2023-08-28,,,,,,,,,,,,,,,,,,,,,,,,,,,,,,,,,,,,,,,,,,,,,,,,,,,,,,,,,,,15,8.6,1.2,6,1,0
2022,Dawson Knox,D.Knox,00-0035689,BUF,TE,TE,14.0,15,135.7,9.046666666666665,87.7,47.999999999999986,48,65,517,6,0.11796733212341198,0.09591373439273553,0.24409061226003284,0,0,0,0,0,0,0,0,825.0,0.804,0.16448484848484848,9.046666666666665,5.556060611963257,21.8,1,TE,"https://static.www.nfl.com/image/upload/f_auto,q_auto/league/k8bi9ppahwfmoxs8ij4w",REG,0,0,0,0,0,0,0,,,0,,0,0,0,0,0,0,0,,0,0,0,0,0,0,0,507,193,25,20.464161983473176,0,21,9,8,1,1.0197238658777121,0,2,0,1,0,0,0,0.0,0.0,0,0,0,0,0,0,0,0,0,0,0,0,0,0,0,0,0,0,0,0,0,0,0,0,0,0,0,0,0,0,0,0,0,,,0,0,0,0,0,0,0,0,0,0,0,0,,,,0,0,0,0,0,0,0,,0,0,0,0,,0,0,,0,0,0,0,0,0,0,0,0,0,D.Knox,Dawson Knox,TE,TE,"https://static.www.nfl.com/image/upload/f_auto,q_auto/league/k8bi9ppahwfmoxs8ij4w",2022.0,POST,BUF,2.0,0.0,0.0,0.0,0.0,0.0,0.0,0.0,0.0,0.0,0.0,0.0,0.0,,,0.0,,0.0,0.0,0.0,0.0,0.0,0.0,0.0,0.0,0.0,0.0,,0.0,0.0,0.0,0.0,0.0,8.0,12.0,85.0,1.0,0.0,0.0,109.0,23.0,6.0,1.8422276194036846,0.0,3.0,1.0,1.0,0.0,0.7798165137614679,0.15584415584415584,0.1101010101010101,0.3108369408369408,0.0,1.0,0.0,0.0,0.0,0.0,0.0,0.0,0.0,0.0,0.0,0.0,0.0,0.0,0.0,0.0,0.0,0.0,0.0,0.0,0.0,0.0,0.0,0.0,0.0,0.0,0.0,1.0,5.0,0.0,0.0,0.0,0.0,0.0,0.0,0.0,0.0,0.0,0.0,0.0,0.0,0.0,,,0.0,0.0,0.0,0.0,0.0,0.0,0.0,0.0,0.0,0.0,0.0,0.0,,,,0.0,0.0,0.0,0.0,0.0,0.0,0.0,,0.0,0.0,0.0,0.0,,0.0,0.0,,0.0,0.0,0.0,0.0,0.0,0.0,0.0,0.0,0.0,0.0,14.5,22.5,00-0035689,KnoxDa00,3930086.0,Dawson Knox,1996-11-14,76.0,254.0,Mississippi,2019.0,3.0,96.0,BUF,2019,8,15.0,0.0,5.0,0.0,0.012,2022.0,Dawson Knox,BUF,26.0,TE,15.0,15.0,65.0,48.0,517.0,6.0,25.0,324.0,6.8,193.0,4.0,7.9,3.0,16.0,4.0,0.062,3.0,108.3,2023-08-28,,,,,,,,,,,,,,,,,,,,,,,,,,,,,,,,,,,,,,,,,,,,,,,,,,,,,,,,,,,,,,,,,,,,,,,,,,,,,15,9.0,0.0,5,1,0
2022,Juwan Johnson,J.Johnson,00-0036040,NO,TE,TE,15.0,16,134.8,8.425,92.80000000000001,42.0,42,65,508,7,0.13184584178498987,0.13186813186813187,0.2900764549851771,0,0,0,0,0,0,0,0,648.0,0.6481250000000001,0.2080246913580247,8.425,6.956196278618556,22.7,2,TE,"https://static.www.nfl.com/image/upload/f_auto,q_auto/league/ahzqkvhjot6lygwr4ccb",REG,0,0,0,0,0,0,0,,,0,,0,0,0,0,0,0,0,,0,0,0,0,0,0,0,600,166,25,15.772302646621753,0,23,13,8,1,0.8466666666666667,0,1,0,1,0,0,0,0.0,0.0,0,0,0,0,0,0,0,0,0,0,0,0,0,0,0,0,0,0,3,14,0,0,0,0,0,0,0,0,0,0,0,0,0,,,0,0,0,0,0,0,0,0,0,0,0,0,,,,0,0,0,0,0,0,0,,0,0,0,0,,0,0,,0,0,0,0,0,0,0,0,0,0,,,,,,,,,,,,,,,,,,,,,,,,,,,,,,,,,,,,,,,,,,,,,,,,,,,,,,,,,,,,,,,,,,,,,,,,,,,,,,,,,,,,,,,,,,,,,,,,,,,,,,,,,,,,,,,,,,,,,,,,,,,,,,,,,,,,,,,,,,,,,,,,,,,,00-0036040,JohnJu02,3929645.0,Juwan Johnson,1996-09-13,76.0,245.0,Oregon; Penn State,,,,,2020,7,16.0,0.0,174.0,0.0,0.39437500000000003,2022.0,Juwan Johnson,NO,26.0,TE,16.0,12.0,65.0,42.0,508.0,7.0,25.0,326.0,7.8,182.0,4.3,9.0,1.0,42.0,3.0,0.046,2.0,111.6,2023-08-28,,,,,,,,,,,,,,,,,,,,,,,,,,,,,,,,,,,,,,,,,,,,,,,,,,,,,,,,,,,,,,,,,,,,,,,,,,,,,16,7.15,0.0,6,3,0
2022,Tyler Conklin,T.Conklin,00-0034270,NYJ,TE,TE,16.0,17,131.5,7.735294117647059,73.5,58.0,58,87,552,3,0.14795918367346939,0.11927314904310844,0.30542997984038,2,3,0,0,0,0,0,0,861.0,0.77,0.1527293844367015,7.735294117647059,6.537195612079253,25.9,1,TE,"https://static.www.nfl.com/image/upload/f_auto,q_auto/league/knjuzxnzsfjxwcjxp5en",REG,0,0,0,0,0,0,0,,,0,,0,0,0,0,0,0,2,1.2572721946344245,0,0,0,0,0,2,0,617,284,25,2.4153021171548597,0,18,11,6,0,0.8946515397082658,0,0,0,0,0,0,0,0.0,0.0,0,0,0,0,0,0,0,0,0,0,0,0,0,0,0,0,0,0,2,15,2,0,0,2,0,0,0,0,0,0,0,0,0,,,0,0,0,0,0,0,0,0,0,0,0,0,,,,0,0,0,0,0,0,0,,0,0,0,0,,0,0,,0,0,0,0,0,0,0,0,0,0,,,,,,,,,,,,,,,,,,,,,,,,,,,,,,,,,,,,,,,,,,,,,,,,,,,,,,,,,,,,,,,,,,,,,,,,,,,,,,,,,,,,,,,,,,,,,,,,,,,,,,,,,,,,,,,,,,,,,,,,,,,,,,,,,,,,,,,,,,,,,,,,,,,,00-0034270,ConkTy00,3915486.0,Tyler Conklin,1995-07-30,75.0,245.0,Central Michigan; Northwood,2018.0,5.0,157.0,MIN,2018,9,17.0,0.0,129.0,0.0,0.27647058823529413,2022.0,Tyler Conklin,NYJ,27.0,TE,17.0,16.0,87.0,58.0,552.0,3.0,25.0,259.0,4.5,293.0,5.1,6.8,2.0,29.0,4.0,0.046,2.0,86.0,2023-08-28,2022.0,Tyler Conklin,NYJ,27.0,TE,17.0,16.0,2.0,3.0,0.0,2.0,2.0,1.0,1.0,0.5,0.0,,2023-08-28,,,,,,,,,,,,,,,,,,,,,,,,,,,,,,,,,,,,,,,,,,,,,,,,,,,,,,,,,,,17,7.4,0.0,5,2,1
2022,Noah Fant,N.Fant,00-0035644,SEA,TE,TE,17.0,17,122.6,7.211764705882352,72.6,50.0,50,63,486,4,0.11392405063291139,0.0940032414910859,0.2366883449931272,0,0,0,0,0,0,0,0,660.0,0.6005882352941176,0.18575757575757576,7.211764705882352,4.250717932441115,14.600000000000001,0,TE,"https://static.www.nfl.com/image/upload/f_auto,q_auto/league/lijnonbrcmplvkcb5kqv",REG,0,0,0,0,0,0,0,,,0,,0,0,0,0,0,0,0,,0,0,0,0,0,0,0,406,221,24,19.090364106526934,0,20,9,4,1,1.1970443349753694,0,0,0,0,0,0,0,0.0,0.0,0,0,0,0,0,0,0,0,0,0,0,0,0,0,0,0,0,0,2,15,0,0,0,0,0,0,0,0,0,0,0,0,0,,,0,0,0,0,0,0,0,0,0,0,0,0,,,,0,0,0,0,0,0,0,,0,0,0,0,,0,0,,0,0,0,0,0,0,0,0,0,0,N.Fant,Noah Fant,TE,TE,"https://static.www.nfl.com/image/upload/f_auto,q_auto/league/lijnonbrcmplvkcb5kqv",2022.0,POST,SEA,1.0,0.0,0.0,0.0,0.0,0.0,0.0,0.0,0.0,0.0,0.0,0.0,0.0,,,0.0,,0.0,0.0,0.0,0.0,0.0,0.0,0.0,0.0,0.0,0.0,,0.0,0.0,0.0,0.0,0.0,1.0,2.0,11.0,0.0,0.0,0.0,10.0,11.0,1.0,0.6686601117253304,0.0,1.0,0.0,0.0,0.0,1.1,0.058823529411764705,0.03067484662576687,0.10970768675568386,0.0,0.0,0.0,0.0,0.0,0.0,0.0,0.0,0.0,0.0,0.0,0.0,0.0,0.0,0.0,0.0,0.0,0.0,0.0,0.0,0.0,0.0,0.0,0.0,0.0,0.0,0.0,0.0,0.0,0.0,0.0,0.0,0.0,0.0,0.0,0.0,0.0,0.0,0.0,0.0,0.0,0.0,,,0.0,0.0,0.0,0.0,0.0,0.0,0.0,0.0,0.0,0.0,0.0,0.0,,,,0.0,0.0,0.0,0.0,0.0,0.0,0.0,,0.0,0.0,0.0,0.0,,0.0,0.0,,0.0,0.0,0.0,0.0,0.0,0.0,0.0,0.0,0.0,0.0,1.1,2.1,00-0035644,FantNo00,4036131.0,Noah Fant,1997-11-20,76.0,249.0,Iowa,2019.0,1.0,20.0,DEN,2019,8,17.0,0.0,6.0,0.0,0.011764705882352941,2022.0,Noah Fant,SEA,25.0,TE,17.0,16.0,63.0,50.0,486.0,4.0,24.0,265.0,5.3,221.0,4.4,6.4,0.0,,1.0,0.016,0.0,120.0,2023-08-28,,,,,,,,,,,,,,,,,,,,,,,,,,,,,,,,,,,,,,,,,,,,,,,,,,,,,,,,,,,,,,,,,,,,,,,,,,,,,17,6.4,0.0,4,0,0
2022,Jordan Akins,J.Akins,00-0034364,HOU,TE,TE,18.0,15,116.5,7.766666666666667,79.5,37.0,37,54,495,5,0.0967741935483871,0.07618173474070675,0.19848850464107534,0,0,0,0,0,0,0,0,406.0,0.43,0.2869458128078818,7.766666666666667,6.466691212520916,25.0,1,TE,"https://static.www.nfl.com/image/private/f_auto,q_auto/league/fgkl9zfpy2yxrkxfge84",REG,0,0,0,0,0,0,0,,,0,,0,0,0,0,0,0,0,,0,0,0,0,0,1,1,332,270,23,21.46381015403336,1,20,11,8,1,1.4909638554216869,0,0,0,0,0,0,0,0.0,0.0,0,0,0,0,0,0,0,0,0,0,0,0,0,1,0,0,0,0,1,10,1,0,0,1,1,0,0,0,0,0,0,0,0,,,0,0,0,0,0,0,0,0,0,0,0,0,,,,0,0,0,0,0,0,0,,0,0,0,0,,0,0,,0,0,0,0,0,0,0,0,0,0,,,,,,,,,,,,,,,,,,,,,,,,,,,,,,,,,,,,,,,,,,,,,,,,,,,,,,,,,,,,,,,,,,,,,,,,,,,,,,,,,,,,,,,,,,,,,,,,,,,,,,,,,,,,,,,,,,,,,,,,,,,,,,,,,,,,,,,,,,,,,,,,,,,,00-0034364,AkinJo00,3128452.0,Jordan Akins,1992-04-19,76.0,245.0,UCF,2018.0,3.0,98.0,HOU,2018,8,15.0,0.0,34.0,0.0,0.084,2022.0,Jordan Akins,HOU,30.0,TE,15.0,3.0,54.0,37.0,495.0,5.0,23.0,225.0,6.1,270.0,7.3,6.1,1.0,37.0,3.0,0.055999999999999994,1.0,120.5,2023-08-28,,,,,,,,,,,,,,,,,,,,,,,,,,,,,,,,,,,,,,,,,,,,,,,,,,,,,,,,,,,,,,,,,,,,,,,,,,,,,15,5.800000000000001,0.0,5,2,1
2022,Zach Ertz,Z.Ertz,00-0030061,ARI,TE,TE,19.0,10,115.6,11.559999999999999,68.6,47.0,47,69,406,4,0.10866141732283464,0.11902693310165074,0.2463109791554075,0,0,0,0,0,0,0,0,575.0,0.786,0.20104347826086955,11.56,4.500172836187023,16.7,0,TE,"https://static.www.nfl.com/image/upload/f_auto,q_auto/league/xktmmeumuoglbuam75iz",REG,0,0,0,0,0,0,0,,,0,,0,0,0,0,0,0,0,,0,0,0,0,0,0,0,548,130,24,8.380928354410031,2,16,3,2,0,0.7408759124087592,0,0,0,0,0,0,0,0.0,0.0,0,0,0,0,0,0,0,0,0,0,0,0,0,0,0,0,0,0,5,30,0,0,0,0,0,0,0,0,0,0,0,0,0,,,0,0,0,0,0,0,0,0,0,0,0,0,,,,0,0,0,0,0,0,0,,0,0,0,0,,0,0,,0,0,0,0,0,0,0,0,0,0,,,,,,,,,,,,,,,,,,,,,,,,,,,,,,,,,,,,,,,,,,,,,,,,,,,,,,,,,,,,,,,,,,,,,,,,,,,,,,,,,,,,,,,,,,,,,,,,,,,,,,,,,,,,,,,,,,,,,,,,,,,,,,,,,,,,,,,,,,,,,,,,,,,,00-0030061,ErtzZa00,15835.0,Zach Ertz,1990-11-10,77.0,250.0,Stanford,2013.0,2.0,35.0,PHI,2013,13,10.0,0.0,3.0,0.0,0.01,2022.0,Zach Ertz,ARI,32.0,TE,10.0,10.0,69.0,47.0,406.0,4.0,24.0,276.0,5.9,130.0,2.8,7.9,2.0,23.5,3.0,0.043,1.0,96.6,2023-08-28,,,,,,,,,,,,,,,,,,,,,,,,,,,,,,,,,,,,,,,,,,,,,,,,,,,,,,,,,,,,,,,,,,,,,,,,,,,,,10,12.4,2.2,8,3,0
2022,Robert Tonyan,R.Tonyan,00-0033757,GB,TE,TE,20.0,17,112.0,6.588235294117647,59.0,53.0,53,67,470,2,0.12407407407407407,0.08709245198749442,0.2470758275023572,0,0,0,0,0,0,0,0,591.0,0.541764705882353,0.1895093062605753,6.588235294117647,4.682131239208964,19.0,0,TE,"https://static.www.nfl.com/image/upload/f_auto,q_auto/league/m8h8rzmxq4sjywitqnyb",REG,0,0,0,0,0,0,0,,,0,,0,0,0,0,0,0,0,,0,0,0,0,0,0,0,390,230,20,3.8618942636649485,0,17,9,6,0,1.205128205128205,0,2,0,0,0,0,0,0.0,0.0,0,0,0,0,0,0,0,0,0,0,0,0,0,0,0,0,0,0,2,20,0,0,0,0,0,0,0,0,0,0,0,0,0,,,0,0,0,0,0,0,0,0,0,0,0,0,,,,0,0,0,0,0,0,0,,0,0,0,0,,0,0,,0,0,0,0,0,0,0,0,0,0,,,,,,,,,,,,,,,,,,,,,,,,,,,,,,,,,,,,,,,,,,,,,,,,,,,,,,,,,,,,,,,,,,,,,,,,,,,,,,,,,,,,,,,,,,,,,,,,,,,,,,,,,,,,,,,,,,,,,,,,,,,,,,,,,,,,,,,,,,,,,,,,,,,,00-0033757,TonyRo00,2975674.0,Robert Tonyan,1994-04-30,77.0,240.0,Indiana State,,,,,2017,8,17.0,0.0,3.0,0.0,0.006470588235294119,2022.0,Robert Tonyan,GB,28.0,TE,17.0,3.0,67.0,53.0,470.0,2.0,20.0,242.0,4.6,228.0,4.3,5.8,2.0,26.5,1.0,0.015,2.0,93.4,2023-08-28,,,,,,,,,,,,,,,,,,,,,,,,,,,,,,,,,,,,,,,,,,,,,,,,,,,,,,,,,,,,,,,,,,,,,,,,,,,,,17,5.9,1.4,3,1,0
2022,Hayden Hurst,H.Hurst,00-0034830,CIN,TE,TE,21.0,13,105.4,8.107692307692307,53.400000000000006,52.0,52,68,414,2,0.11447811447811448,0.08147615624251138,0.2287504810869297,0,0,0,0,0,0,0,0,545.0,0.6138461538461539,0.19339449541284404,8.107692307692307,4.2121770971121215,17.3,0,TE,"https://static.www.nfl.com/image/upload/f_auto,q_auto/league/qxvkvmi2fphxjqyb21nv",REG,0,0,0,0,0,0,0,,,0,,0,0,0,0,0,0,0,,0,0,0,0,0,0,0,340,186,25,20.734153085926952,0,12,6,4,0,1.2176470588235293,0,1,0,0,0,0,0,0.0,0.0,0,0,0,0,0,0,0,0,0,0,0,0,0,0,0,0,0,0,3,15,0,0,0,0,0,0,0,0,0,0,0,0,0,,,0,0,0,0,0,0,0,0,0,0,0,0,,,,0,0,0,0,0,0,0,,0,0,0,0,,0,0,,0,0,0,0,0,0,0,0,0,0,H.Hurst,Hayden Hurst,TE,TE,"https://static.www.nfl.com/image/upload/f_auto,q_auto/league/qxvkvmi2fphxjqyb21nv",2022.0,POST,CIN,3.0,0.0,0.0,0.0,0.0,0.0,0.0,0.0,0.0,0.0,0.0,0.0,0.0,,,0.0,,0.0,0.0,0.0,0.0,0.0,0.0,0.0,0.0,0.0,0.0,,0.0,0.0,0.0,0.0,0.0,13.0,17.0,141.0,1.0,1.0,1.0,103.0,60.0,7.0,4.811838824896737,0.0,6.0,3.0,1.0,0.0,1.3689320388349515,0.16831683168316833,0.13788487282463185,0.34899465850199474,0.0,1.0,0.0,0.0,0.0,0.0,0.0,0.0,0.0,0.0,0.0,0.0,0.0,0.0,0.0,0.0,0.0,0.0,0.0,0.0,0.0,0.0,0.0,0.0,0.0,0.0,0.0,0.0,0.0,1.0,0.0,0.0,1.0,1.0,0.0,0.0,0.0,0.0,0.0,0.0,0.0,0.0,,,0.0,0.0,0.0,0.0,0.0,0.0,0.0,0.0,0.0,0.0,0.0,0.0,,,,0.0,0.0,0.0,0.0,0.0,0.0,0.0,,0.0,0.0,0.0,0.0,,0.0,0.0,,0.0,0.0,0.0,0.0,0.0,0.0,0.0,0.0,0.0,0.0,18.1,31.1,00-0034830,HursHa00,3924365.0,Hayden Hurst,1993-08-24,76.0,245.0,South Carolina,2018.0,1.0,25.0,BAL,2018,7,13.0,0.0,61.0,0.0,0.16692307692307692,2022.0,Hayden Hurst,CIN,29.0,TE,13.0,13.0,68.0,52.0,414.0,2.0,26.0,222.0,4.3,192.0,3.7,4.9,5.0,10.4,2.0,0.028999999999999998,1.0,94.9,2023-08-28,,,,,,,,,,,,,,,,,,,,,,,,,,,,,,,,,,,,,,,,,,,,,,,,,,,,,,,,,,,,,,,,,,,,,,,,,,,,,13,8.2,1.7000000000000002,4,1,0
2022,Hunter Henry,H.Henry,00-0033090,NE,TE,TE,22.0,16,103.9,6.49375,62.900000000000006,41.0,41,59,509,2,0.1138996138996139,0.11043541717343712,0.24815421287082684,0,0,0,0,0,0,0,0,797.0,0.7558823529411764,0.13036386449184442,6.49375,4.963529490191431,16.1,0,TE,"https://static.www.nfl.com/image/upload/f_auto,q_auto/league/cvlunbqgztudbhjrug7l",REG,0,0,0,0,0,0,0,,,0,,0,0,0,0,0,0,0,,0,0,0,0,0,0,0,454,203,23,13.664598329949342,0,18,11,10,0,1.1211453744493391,0,2,0,0,0,0,0,0.0,0.0,0,0,0,0,0,0,0,0,0,0,0,0,0,0,0,0,0,0,4,20,0,0,0,0,0,0,0,0,0,0,0,0,0,,,0,0,0,0,0,0,0,0,0,0,0,0,,,,0,0,0,0,0,0,0,,0,0,0,0,,0,0,,0,0,0,0,0,0,0,0,0,0,,,,,,,,,,,,,,,,,,,,,,,,,,,,,,,,,,,,,,,,,,,,,,,,,,,,,,,,,,,,,,,,,,,,,,,,,,,,,,,,,,,,,,,,,,,,,,,,,,,,,,,,,,,,,,,,,,,,,,,,,,,,,,,,,,,,,,,,,,,,,,,,,,,,00-0033090,HenrHu00,3046439.0,Hunter Henry,1994-12-07,77.0,249.0,Arkansas,2016.0,2.0,35.0,LAC,2016,11,17.0,0.0,24.0,0.0,0.05176470588235294,2022.0,Hunter Henry,NE,28.0,TE,17.0,14.0,59.0,41.0,509.0,2.0,23.0,306.0,7.5,203.0,5.0,7.7,0.0,,3.0,0.051,1.0,100.2,2023-08-28,,,,,,,,,,,,,,,,,,,,,,,,,,,,,,,,,,,,,,,,,,,,,,,,,,,,,,,,,,,,,,,,,,,,,,,,,,,,,16,3.65,0.0,5,2,0
2022,Mike Gesicki,M.Gesicki,00-0034829,MIA,TE,TE,23.0,17,98.2,5.776470588235294,66.2,32.0,32,52,362,5,0.09252669039145907,0.09210526315789473,0.2032637197977149,0,0,0,0,0,0,0,0,478.0,0.43823529411764706,0.20543933054393307,5.776470588235294,6.603363670486875,24.9,1,TE,"https://static.www.nfl.com/image/upload/f_auto,q_auto/league/dykckg6we3cnw9yhpggi",REG,0,0,0,0,0,0,0,,,0,,0,0,0,0,0,0,0,,0,0,0,0,0,0,0,490,97,19,2.02874509845882,0,16,9,5,0,0.7387755102040816,0,0,0,0,0,0,0,0.0,0.0,0,0,0,0,0,0,0,0,0,0,0,0,0,0,0,0,0,0,1,5,0,0,0,0,0,0,0,0,0,0,0,0,0,,,0,0,0,0,0,0,0,0,0,0,0,0,,,,0,0,0,0,0,0,0,,0,0,0,0,,0,0,,0,0,0,0,0,0,0,0,0,0,M.Gesicki,Mike Gesicki,TE,TE,"https://static.www.nfl.com/image/upload/f_auto,q_auto/league/dykckg6we3cnw9yhpggi",2022.0,POST,MIA,1.0,0.0,0.0,0.0,0.0,0.0,0.0,0.0,0.0,0.0,0.0,0.0,0.0,,,0.0,,0.0,0.0,0.0,0.0,0.0,0.0,0.0,0.0,0.0,0.0,,0.0,0.0,0.0,0.0,0.0,2.0,6.0,15.0,1.0,0.0,0.0,80.0,3.0,2.0,-1.8633637917519081,0.0,0.0,0.0,0.0,0.0,0.1875,0.14285714285714285,0.16096579476861167,0.32696177062374243,0.0,0.0,0.0,0.0,0.0,0.0,0.0,0.0,0.0,0.0,0.0,0.0,0.0,0.0,0.0,0.0,0.0,0.0,0.0,0.0,0.0,0.0,0.0,0.0,0.0,0.0,0.0,0.0,0.0,0.0,0.0,0.0,0.0,0.0,0.0,0.0,0.0,0.0,0.0,0.0,0.0,0.0,,,0.0,0.0,0.0,0.0,0.0,0.0,0.0,0.0,0.0,0.0,0.0,0.0,,,,0.0,0.0,0.0,0.0,0.0,0.0,0.0,,0.0,0.0,0.0,0.0,,0.0,0.0,,0.0,0.0,0.0,0.0,0.0,0.0,0.0,0.0,0.0,0.0,7.5,9.5,00-0034829,GesiMi00,3116164.0,Mike Gesicki,1995-10-03,78.0,245.0,Penn State,2018.0,2.0,42.0,MIA,2018,9,17.0,0.0,1.0,0.0,0.001764705882352941,2022.0,Mike Gesicki,MIA,27.0,TE,17.0,1.0,52.0,32.0,362.0,5.0,19.0,265.0,8.3,97.0,3.0,9.4,1.0,32.0,3.0,0.057999999999999996,2.0,98.4,2023-08-28,,,,,,,,,,,,,,,,,,,,,,,,,,,,,,,,,,,,,,,,,,,,,,,,,,,,,,,,,,,,,,,,,,,,,,,,,,,,,17,4.0,0.0,3,1,0
2022,Austin Hooper,A.Hooper,00-0032392,TEN,TE,TE,24.0,17,97.4,5.729411764705882,56.400000000000006,41.0,41,60,444,2,0.13761467889908258,0.1345668629100084,0.30061882238562976,0,0,0,0,0,0,0,0,525.0,0.5070588235294117,0.18552380952380954,5.729411764705882,4.7109930887608975,19.6,0,TE,"https://static.www.nfl.com/image/upload/f_auto,q_auto/league/dd0j9ccd8fxokl48alzg",REG,0,0,0,0,0,0,0,,,0,,0,0,0,0,0,0,0,,0,0,0,0,0,0,0,480,130,28,26.150701048143674,0,19,11,2,0,0.925,0,1,0,0,0,0,0,0.0,0.0,0,0,0,0,0,0,0,0,0,0,0,0,0,0,0,0,0,0,3,25,0,0,0,0,0,0,0,0,0,0,0,0,0,,,0,0,0,0,0,0,0,0,0,0,0,0,,,,0,0,0,0,0,0,0,,0,0,0,0,,0,0,,0,0,0,0,0,0,0,0,0,0,,,,,,,,,,,,,,,,,,,,,,,,,,,,,,,,,,,,,,,,,,,,,,,,,,,,,,,,,,,,,,,,,,,,,,,,,,,,,,,,,,,,,,,,,,,,,,,,,,,,,,,,,,,,,,,,,,,,,,,,,,,,,,,,,,,,,,,,,,,,,,,,,,,,00-0032392,HoopAu00,3043275.0,Austin Hooper,1994-10-29,76.0,254.0,Stanford,2016.0,3.0,81.0,ATL,2016,11,17.0,0.0,9.0,0.0,0.021176470588235293,2022.0,Austin Hooper,TEN,28.0,TE,17.0,2.0,60.0,41.0,444.0,2.0,28.0,310.0,7.6,134.0,3.3,7.8,1.0,41.0,1.0,0.017,0.0,101.0,2023-08-28,,,,,,,,,,,,,,,,,,,,,,,,,,,,,,,,,,,,,,,,,,,,,,,,,,,,,,,,,,,,,,,,,,,,,,,,,,,,,17,5.2,1.4,2,1,0
2022,Chig Okonkwo,C.Okonkwo,00-0037809,TEN,TE,TE,25.0,16,97.2,6.075,65.2,32.0,32,46,450,3,0.10550458715596331,0.09896271376506868,0.22753078036949304,3,2,0,0,0,0,0,0,378.0,0.3635294117647059,0.2571428571428572,6.075,5.5553577742572084,18.5,0,TE,"https://static.www.nfl.com/image/upload/f_auto,q_auto/league/pzcez6pi9tpdqkmjjnzk",REG,0,0,0,0,0,0,0,,,0,,0,0,0,0,0,0,0,-3.174897769931704,0,0,0,0,0,0,0,353,252,22,23.836594198618386,1,21,9,7,3,1.274787535410765,0,3,2,2,0,0,0,0.0,0.0,0,0,0,0,0,0,0,0,0,0,0,0,0,0,0,0,0,0,3,20,0,0,0,0,0,0,0,0,0,0,0,0,0,,,0,0,0,0,0,0,0,0,0,0,0,0,,,,0,0,0,0,0,0,0,,0,0,0,0,,0,0,,0,0,0,0,0,0,0,0,0,0,,,,,,,,,,,,,,,,,,,,,,,,,,,,,,,,,,,,,,,,,,,,,,,,,,,,,,,,,,,,,,,,,,,,,,,,,,,,,,,,,,,,,,,,,,,,,,,,,,,,,,,,,,,,,,,,,,,,,,,,,,,,,,,,,,,,,,,,,,,,,,,,,,,,00-0037809,OkonCh00,4360635.0,Chig Okonkwo,1999-09-08,75.0,238.0,Maryland,2022.0,4.0,143.0,TEN,2022,5,17.0,0.0,224.0,0.0,0.49529411764705883,2022.0,Chigoziem Okonkwo,TEN,23.0,TE,17.0,8.0,46.0,32.0,450.0,3.0,22.0,196.0,6.1,254.0,7.9,7.6,3.0,10.7,3.0,0.065,0.0,122.6,2023-08-28,2022.0,Chigoziem Okonkwo,TEN,23.0,TE,17.0,8.0,3.0,2.0,0.0,0.0,0.0,0.0,2.0,0.7,0.0,,2023-08-28,,,,,,,,,,,,,,,,,,,,,,,,,,,,,,,,,,,,,,,,,,,,,,,,,,,,,,,,,,,16,5.25,0.0,5,1,0
2022,Cade Otton,C.Otton,00-0038129,TB,TE,TE,26.0,16,93.1,5.81875,51.1,41.99999999999999,42,65,391,2,0.08977900552486189,0.07438977140643162,0.18674134827179495,0,0,0,0,0,0,0,0,803.0,0.685625,0.11594022415940224,5.8187500000000005,5.161294249830496,17.8,0,TE,"https://static.www.nfl.com/image/upload/f_auto,q_auto/league/yanr6h9aplae3jyzimf7",REG,0,0,0,0,0,0,0,,,0,,0,0,0,0,0,0,0,,0,0,0,0,0,0,0,384,174,19,4.9721009016464865,0,17,7,4,0,1.0182291666666667,0,5,0,3,0,0,0,0.0,0.0,0,0,0,0,0,0,0,0,0,0,0,0,0,0,0,0,0,0,3,15,0,0,0,0,0,0,0,0,0,0,0,0,0,,,0,0,0,0,0,0,0,0,0,0,0,0,,,,0,0,0,0,0,0,0,,0,0,0,0,,0,0,,0,0,0,0,0,0,0,0,0,0,C.Otton,Cade Otton,TE,TE,"https://static.www.nfl.com/image/upload/f_auto,q_auto/league/yanr6h9aplae3jyzimf7",2022.0,POST,TB,1.0,0.0,0.0,0.0,0.0,0.0,0.0,0.0,0.0,0.0,0.0,0.0,0.0,,,0.0,,0.0,0.0,0.0,0.0,0.0,0.0,0.0,0.0,0.0,0.0,,0.0,0.0,0.0,0.0,0.0,4.0,7.0,58.0,0.0,0.0,0.0,47.0,42.0,4.0,2.3544602949987166,0.0,4.0,1.0,0.0,0.0,1.2340425531914894,0.11475409836065574,0.13055555555555556,0.2635200364298725,0.0,0.0,0.0,0.0,0.0,0.0,0.0,0.0,0.0,0.0,0.0,0.0,0.0,0.0,0.0,0.0,0.0,0.0,0.0,0.0,0.0,0.0,0.0,0.0,0.0,0.0,0.0,0.0,0.0,0.0,0.0,0.0,0.0,0.0,0.0,0.0,0.0,0.0,0.0,0.0,0.0,0.0,,,0.0,0.0,0.0,0.0,0.0,0.0,0.0,0.0,0.0,0.0,0.0,0.0,,,,0.0,0.0,0.0,0.0,0.0,0.0,0.0,,0.0,0.0,0.0,0.0,,0.0,0.0,,0.0,0.0,0.0,0.0,0.0,0.0,0.0,0.0,0.0,0.0,5.800000000000001,9.8,00-0038129,OttoCa00,4243331.0,Cade Otton,1999-04-15,77.0,247.0,Washington,2022.0,4.0,106.0,TB,2022,5,16.0,0.0,107.0,0.0,0.246875,2022.0,Cade Otton,TB,23.0,TE,16.0,11.0,65.0,42.0,391.0,2.0,19.0,217.0,5.2,174.0,4.1,4.9,2.0,21.0,5.0,0.077,0.0,91.2,2023-08-28,,,,,,,,,,,,,,,,,,,,,,,,,,,,,,,,,,,,,,,,,,,,,,,,,,,,,,,,,,,,,,,,,,,,,,,,,,,,,16,4.0,0.0,4,1,0
2022,Isaiah Likely,I.Likely,00-0037838,BAL,TE,TE,27.0,14,91.30000000000001,6.521428571428572,55.300000000000004,36.00000000000001,36,60,373,3,0.12903225806451613,0.10089686098654709,0.26417618978735713,0,0,0,0,0,0,0,0,414.0,0.39,0.2205314009661836,6.521428571428571,6.187851444120608,19.7,0,TE,"https://static.www.nfl.com/image/upload/f_auto,q_auto/league/b1pahldt9ixp9lssxi2d",REG,0,0,0,0,0,0,0,,,0,,0,0,0,0,0,0,0,,0,0,0,0,0,0,0,405,151,18,-5.353232456865444,0,17,8,4,0,0.9209876543209876,0,1,0,0,0,0,0,0.0,0.0,0,0,0,0,0,0,0,0,0,0,0,0,0,0,0,0,0,0,1,10,0,0,0,0,0,0,0,0,0,0,0,0,0,,,0,0,0,0,0,0,0,0,0,0,0,0,,,,0,0,0,0,0,0,0,,0,0,0,0,,0,0,,0,0,0,0,0,0,0,0,0,0,,,,,,,,,,,,,,,,,,,,,,,,,,,,,,,,,,,,,,,,,,,,,,,,,,,,,,,,,,,,,,,,,,,,,,,,,,,,,,,,,,,,,,,,,,,,,,,,,,,,,,,,,,,,,,,,,,,,,,,,,,,,,,,,,,,,,,,,,,,,,,,,,,,,00-0037838,LikeIs00,4361050.0,Isaiah Likely,2000-04-18,76.0,241.0,Coastal Carolina,2022.0,4.0,139.0,BAL,2022,5,16.0,0.0,75.0,0.0,0.18875,2022.0,Isaiah Likely,BAL,22.0,TE,16.0,2.0,60.0,36.0,373.0,3.0,18.0,222.0,6.2,151.0,4.2,6.8,5.0,7.2,6.0,0.1,1.0,87.7,2023-08-28,,,,,,,,,,,,,,,,,,,,,,,,,,,,,,,,,,,,,,,,,,,,,,,,,,,,,,,,,,,,,,,,,,,,,,,,,,,,,14,4.4,0.0,3,2,0
2022,Foster Moreau,F.Moreau,00-0034981,LV,TE,TE,28.0,14,87.2,6.228571428571429,54.2,33.0,33,54,420,2,0.0967741935483871,0.08415749206941593,0.2040715347711718,0,2,0,0,0,0,0,0,745.0,0.776,0.11704697986577181,6.228571428571429,3.687907176253131,13.3,0,TE,"https://static.www.nfl.com/image/upload/f_auto,q_auto/league/daymhftrwf00siu0iviy",REG,0,0,0,0,0,0,0,,,0,,0,0,0,0,0,0,0,,0,0,0,0,0,0,0,451,237,24,8.415477423375705,0,21,12,7,0,0.9312638580931264,0,0,0,0,0,0,0,0.0,0.0,0,0,0,0,0,0,0,0,0,0,0,0,0,1,0,0,0,0,4,35,1,0,0,1,1,0,0,0,0,0,0,0,0,,,0,0,0,0,0,0,0,0,0,0,0,0,,,,0,0,0,0,0,0,0,,0,0,0,0,,0,0,,0,0,0,0,0,0,0,0,0,0,,,,,,,,,,,,,,,,,,,,,,,,,,,,,,,,,,,,,,,,,,,,,,,,,,,,,,,,,,,,,,,,,,,,,,,,,,,,,,,,,,,,,,,,,,,,,,,,,,,,,,,,,,,,,,,,,,,,,,,,,,,,,,,,,,,,,,,,,,,,,,,,,,,,00-0034981,MoreFo00,3843945.0,Foster Moreau,1997-05-06,76.0,250.0,LSU,2019.0,4.0,137.0,LV,2019,8,15.0,0.0,95.0,0.0,0.23666666666666666,2022.0,Foster Moreau,LV,25.0,TE,15.0,14.0,54.0,33.0,420.0,2.0,24.0,183.0,5.5,237.0,7.2,8.1,2.0,16.5,6.0,0.111,2.0,82.3,2023-08-28,,,,,,,,,,,,,,,,,,,,,,,,,,,,,,,,,,,,,,,,,,,,,,,,,,,,,,,,,,,,,,,,,,,,,,,,,,,,,14,5.9,0.0,2,0,0
2022,Will Dissly,W.Dissly,00-0034159,SEA,TE,TE,29.0,15,86.9,5.793333333333334,52.9,34.00000000000001,34,38,349,3,0.06871609403254973,0.0476962259782357,0.13646149923358958,0,0,0,0,0,0,0,0,569.0,0.594,0.15272407732864676,5.793333333333334,4.155799161011834,13.9,0,TE,"https://static.www.nfl.com/image/upload/f_auto,q_auto/league/b2s1wwxsgkenwlxmncu3",REG,0,0,0,0,0,0,0,,,0,,0,0,0,0,0,0,0,,0,0,0,0,0,0,0,206,184,20,26.388054174371064,0,17,6,1,0,1.6941747572815533,0,3,1,0,0,0,1,0.0,0.0,0,0,0,0,0,0,0,0,0,0,0,0,0,0,0,1,0,0,0,0,0,0,0,0,0,0,0,0,0,0,0,0,0,,,0,0,0,0,0,0,0,0,0,0,0,0,,,,0,0,0,0,0,0,0,,0,0,0,0,,0,0,,0,0,0,0,0,0,0,0,0,0,,,,,,,,,,,,,,,,,,,,,,,,,,,,,,,,,,,,,,,,,,,,,,,,,,,,,,,,,,,,,,,,,,,,,,,,,,,,,,,,,,,,,,,,,,,,,,,,,,,,,,,,,,,,,,,,,,,,,,,,,,,,,,,,,,,,,,,,,,,,,,,,,,,,00-0034159,DissWi00,3127292.0,Will Dissly,1996-07-08,76.0,265.0,Washington,2018.0,4.0,120.0,SEA,2018,8,15.0,0.0,180.0,0.0,0.438,2022.0,Will Dissly,SEA,26.0,TE,15.0,15.0,38.0,34.0,349.0,3.0,20.0,165.0,4.9,184.0,5.4,5.4,2.0,17.0,2.0,0.053,0.0,131.2,2023-08-28,,,,,,,,,,,,,,,,,,,,,,,,,,,,,,,,,,,,,,,,,,,,,,,,,,,,,,,,,,,,,,,,,,,,,,,,,,,,,15,4.1,2.0,3,0,0
2022,Greg Dulcich,G.Dulcich,00-0037252,DEN,TE,TE,30.0,10,86.1,8.61,53.1,32.99999999999999,33,55,411,2,0.10166358595194085,0.12484993997599039,0.23989033691110453,0,0,0,0,0,0,0,0,497.0,0.751,0.1732394366197183,8.610000000000001,4.940411588791633,14.5,0,TE,"https://static.www.nfl.com/image/upload/f_auto,q_auto/league/kw4cwgjl4kywh6le4sfh",REG,0,0,0,0,0,0,0,,,0,,0,0,0,0,0,0,0,,0,0,0,0,0,0,0,624,155,18,0.46830821826852365,0,15,9,6,0,0.6586538461538461,0,0,0,0,0,0,0,0.0,0.0,0,0,0,0,0,0,0,0,0,0,0,0,0,0,0,0,0,0,0,0,0,0,0,0,0,0,0,0,0,0,0,0,0,,,0,0,0,0,0,0,0,0,0,0,0,0,,,,0,0,0,0,0,0,0,,0,0,0,0,,0,0,,0,0,0,0,0,0,0,0,0,0,,,,,,,,,,,,,,,,,,,,,,,,,,,,,,,,,,,,,,,,,,,,,,,,,,,,,,,,,,,,,,,,,,,,,,,,,,,,,,,,,,,,,,,,,,,,,,,,,,,,,,,,,,,,,,,,,,,,,,,,,,,,,,,,,,,,,,,,,,,,,,,,,,,,00-0037252,DulcGr00,4367209.0,Greg Dulcich,2000-03-26,76.0,245.0,UCLA,2022.0,3.0,80.0,DEN,2022,5,10.0,0.0,0.0,0.0,0.0,2022.0,Greg Dulcich,DEN,22.0,TE,10.0,6.0,55.0,33.0,411.0,2.0,18.0,256.0,7.8,155.0,4.7,11.5,1.0,33.0,2.0,0.036000000000000004,3.0,72.6,2023-08-28,,,,,,,,,,,,,,,,,,,,,,,,,,,,,,,,,,,,,,,,,,,,,,,,,,,,,,,,,,,,,,,,,,,,,,,,,,,,,10,9.15,2.1,5,0,0
2022,Darren Waller,D.Waller,00-0031610,LV,TE,TE,31.0,8,84.80000000000001,10.600000000000001,56.800000000000004,28.000000000000007,28,43,388,3,0.07706093189964158,0.10766934129501772,0.19095993675597478,0,0,0,0,0,0,0,0,346.0,0.5755555555555555,0.24508670520231218,10.6,4.88583959739046,17.0,0,TE,"https://static.www.nfl.com/image/upload/f_auto,q_auto/league/loyehiyzcu2lexjk7plq",REG,0,0,0,0,0,0,0,,,0,,0,0,0,0,0,0,0,,0,0,0,0,0,0,0,577,80,18,4.899365661119105,0,17,11,9,0,0.6724436741767764,0,0,0,0,0,0,0,0.0,0.0,0,0,0,0,0,0,0,0,0,0,0,0,0,0,0,0,0,0,1,5,0,0,0,0,0,0,0,0,0,0,0,0,0,,,0,0,0,0,0,0,0,0,0,0,0,0,,,,0,0,0,0,0,0,0,,0,0,0,0,,0,0,,0,0,0,0,0,0,0,0,0,0,,,,,,,,,,,,,,,,,,,,,,,,,,,,,,,,,,,,,,,,,,,,,,,,,,,,,,,,,,,,,,,,,,,,,,,,,,,,,,,,,,,,,,,,,,,,,,,,,,,,,,,,,,,,,,,,,,,,,,,,,,,,,,,,,,,,,,,,,,,,,,,,,,,,00-0031610,WallDa01,2576925.0,Darren Waller,1992-09-13,78.0,245.0,Georgia Tech,2015.0,6.0,204.0,BAL,2015,9,9.0,0.0,0.0,0.0,0.0,2022.0,Darren Waller,LV,30.0,TE,9.0,6.0,43.0,28.0,388.0,3.0,18.0,308.0,11.0,80.0,2.9,13.5,0.0,,3.0,0.07,2.0,97.8,2023-08-28,,,,,,,,,,,,,,,,,,,,,,,,,,,,,,,,,,,,,,,,,,,,,,,,,,,,,,,,,,,,,,,,,,,,,,,,,,,,,8,10.850000000000001,5.2,4,2,0
2022,Logan Thomas,L.Thomas,00-0031260,WAS,TE,TE,32.0,13,77.30000000000001,5.946153846153847,38.300000000000004,39.00000000000001,39,61,323,1,0.11487758945386065,0.09656411408039524,0.23991126403706764,0,0,0,0,0,0,0,0,681.0,0.6835714285714286,0.11350954478707784,5.946153846153846,4.305735590390912,12.7,0,TE,"https://static.www.nfl.com/image/private/f_auto,q_auto/league/acm0ymhqdzqxdibwjphv",REG,0,0,0,0,0,0,0,,,0,,0,0,0,0,0,0,0,,0,0,0,0,0,0,0,430,126,15,-8.530384151428546,0,13,5,2,0,0.7511627906976744,0,1,0,0,0,0,0,0.0,0.0,0,0,0,0,0,0,0,0,0,0,0,0,0,0,0,0,0,0,3,20,0,0,0,0,0,0,0,0,0,0,0,0,0,,,0,0,0,0,0,0,0,0,0,0,0,0,,,,0,0,0,0,0,0,0,,0,0,0,0,,0,0,,0,0,0,0,0,0,0,0,0,0,,,,,,,,,,,,,,,,,,,,,,,,,,,,,,,,,,,,,,,,,,,,,,,,,,,,,,,,,,,,,,,,,,,,,,,,,,,,,,,,,,,,,,,,,,,,,,,,,,,,,,,,,,,,,,,,,,,,,,,,,,,,,,,,,,,,,,,,,,,,,,,,,,,,00-0031260,ThomLo00,16813.0,Logan Thomas,1991-07-01,78.0,250.0,Virginia Tech,2014.0,4.0,120.0,ARI,2014,9,14.0,0.0,0.0,0.0,0.0,2022.0,Logan Thomas,WAS,31.0,TE,14.0,13.0,61.0,39.0,323.0,1.0,15.0,197.0,5.1,126.0,3.2,7.0,0.0,,1.0,0.016,2.0,69.2,2023-08-28,,,,,,,,,,,,,,,,,,,,,,,,,,,,,,,,,,,,,,,,,,,,,,,,,,,,,,,,,,,,,,,,,,,,,,,,,,,,,13,5.0,0.0,3,0,0
2022,Kyle Pitts,K.Pitts,00-0036970,ATL,TE,TE,33.0,10,75.6,7.56,47.6,27.999999999999993,28,59,356,2,0.1475,0.20133895363253163,0.36218726754277214,0,0,0,0,0,0,0,0,434.0,0.7190000000000001,0.17419354838709677,7.56,5.294273636046151,19.0,0,TE,"https://static.www.nfl.com/image/upload/f_auto,q_auto/league/xczipzxvytnmvgznhhb4",REG,0,0,0,0,0,0,0,,,0,,0,0,0,0,0,0,0,,0,0,0,0,0,0,0,812,130,20,3.377594560885425,0,15,10,5,0,0.43842364532019706,0,0,0,0,0,0,0,0.0,0.0,0,0,0,0,0,0,0,0,0,0,0,0,0,0,0,0,0,0,1,5,0,0,0,0,0,0,0,0,0,0,0,0,0,,,0,0,0,0,0,0,0,0,0,0,0,0,,,,0,0,0,0,0,0,0,,0,0,0,0,,0,0,,0,0,0,0,0,0,0,0,0,0,,,,,,,,,,,,,,,,,,,,,,,,,,,,,,,,,,,,,,,,,,,,,,,,,,,,,,,,,,,,,,,,,,,,,,,,,,,,,,,,,,,,,,,,,,,,,,,,,,,,,,,,,,,,,,,,,,,,,,,,,,,,,,,,,,,,,,,,,,,,,,,,,,,,00-0036970,PittKy00,4360248.0,Kyle Pitts,2000-10-06,78.0,250.0,Florida,2021.0,1.0,4.0,ATL,2021,6,10.0,0.0,0.0,0.0,0.0,2022.0,Kyle Pitts,ATL,22.0,TE,10.0,10.0,59.0,28.0,356.0,2.0,20.0,230.0,8.2,126.0,4.5,13.8,0.0,,3.0,0.051,1.0,71.0,2023-08-28,,,,,,,,,,,,,,,,,,,,,,,,,,,,,,,,,,,,,,,,,,,,,,,,,,,,,,,,,,,,,,,,,,,,,,,,,,,,,10,4.75,3.5,3,1,0
2022,Daniel Bellinger,D.Bellinger,00-0038115,NYG,TE,TE,34.0,11,75.0,6.818181818181818,45.0,30.0,30,35,268,2,0.07157464212678936,0.041991601679664065,0.13675608436594888,1,2,1,0,0,0,0,0,574.0,0.7266666666666666,0.13066202090592335,6.818181818181818,3.7661168813031236,14.8,0,TE,"https://static.www.nfl.com/image/upload/f_auto,q_auto/league/nvabdu88h2cvroeygabo",REG,0,0,0,0,0,0,0,,,0,,0,0,0,0,0,0,1,1.2865708670578897,0,0,0,0,0,1,1,140,144,14,10.749765491651605,1,12,3,2,0,1.9142857142857144,0,0,0,0,0,0,0,0.0,0.0,0,0,0,0,0,0,0,0,0,0,0,0,0,0,0,0,0,0,2,19,1,0,0,1,1,0,0,0,0,0,0,0,0,,,0,0,0,0,0,0,0,0,0,0,0,0,,,,0,0,0,0,0,0,0,,0,0,0,0,,0,0,,0,0,0,0,0,0,0,0,0,0,D.Bellinger,Daniel Bellinger,TE,TE,"https://static.www.nfl.com/image/upload/f_auto,q_auto/league/nvabdu88h2cvroeygabo",2022.0,POST,NYG,2.0,0.0,0.0,0.0,0.0,0.0,0.0,0.0,0.0,0.0,0.0,0.0,0.0,,,0.0,,0.0,0.0,0.0,0.0,0.0,0.0,0.0,0.0,0.0,0.0,,0.0,0.0,0.0,0.0,0.0,3.0,5.0,21.0,1.0,0.0,0.0,18.0,15.0,2.0,0.9128585065482184,0.0,0.0,0.0,0.0,0.0,1.1666666666666667,0.0847457627118644,0.043373493975903614,0.15748008985092912,0.0,0.0,0.0,0.0,0.0,0.0,0.0,0.0,0.0,0.0,0.0,0.0,0.0,0.0,0.0,0.0,0.0,0.0,0.0,0.0,0.0,0.0,0.0,0.0,0.0,0.0,0.0,0.0,0.0,0.0,0.0,0.0,0.0,0.0,0.0,0.0,0.0,0.0,0.0,0.0,0.0,0.0,,,0.0,0.0,0.0,0.0,0.0,0.0,0.0,0.0,0.0,0.0,0.0,0.0,,,,0.0,0.0,0.0,0.0,0.0,0.0,0.0,,0.0,0.0,0.0,0.0,,0.0,0.0,,0.0,0.0,0.0,0.0,0.0,0.0,0.0,0.0,0.0,0.0,8.1,11.1,00-0038115,BellDa00,4361516.0,Daniel Bellinger,2000-09-22,78.0,255.0,San Diego State,2022.0,4.0,112.0,NYG,2022,5,12.0,0.0,11.0,0.0,0.03666666666666667,2022.0,Daniel Bellinger,NYG,22.0,TE,12.0,11.0,35.0,30.0,268.0,2.0,14.0,124.0,4.1,144.0,4.8,4.0,0.0,,1.0,0.028999999999999998,0.0,117.6,2023-08-28,2022.0,Daniel Bellinger,NYG,22.0,TE,12.0,11.0,1.0,2.0,1.0,1.0,0.0,0.0,2.0,2.0,0.0,,2023-08-28,,,,,,,,,,,,,,,,,,,,,,,,,,,,,,,,,,,,,,,,,,,,,,,,,,,,,,,,,,,11,7.2,1.4,2,0,0
2022,Jelani Woods,J.Woods,00-0037755,IND,TE,TE,35.0,12,74.2,6.183333333333334,49.2,25.0,25,40,312,3,0.0690846286701209,0.10372686995048215,0.17623575197051886,0,0,0,0,0,0,0,0,334.0,0.338,0.2221556886227545,6.183333333333334,5.669829776719025,17.8,0,TE,"https://static.www.nfl.com/image/upload/f_auto,q_auto/league/bnezem4laynlarqnpyc5",REG,0,0,0,0,0,0,0,,,0,,0,0,0,0,0,0,0,,0,0,0,0,0,1,0,398,120,16,5.269305532675413,0,14,8,4,0,0.7839195979899497,0,1,0,0,0,0,0,0.0,0.0,0,0,0,0,0,0,0,0,0,0,0,0,0,0,0,0,0,0,0,0,1,0,1,1,0,0,0,0,0,0,0,0,0,,,0,0,0,0,0,0,0,0,0,0,0,0,,,,0,0,0,0,0,0,0,,0,0,0,0,,0,0,,0,0,0,0,0,0,0,0,0,0,,,,,,,,,,,,,,,,,,,,,,,,,,,,,,,,,,,,,,,,,,,,,,,,,,,,,,,,,,,,,,,,,,,,,,,,,,,,,,,,,,,,,,,,,,,,,,,,,,,,,,,,,,,,,,,,,,,,,,,,,,,,,,,,,,,,,,,,,,,,,,,,,,,,00-0037755,WoodJe01,4241410.0,Jelani Woods,1998-10-09,79.0,253.0,Virginia,2022.0,3.0,73.0,IND,2022,5,15.0,0.0,23.0,0.0,0.060000000000000005,2022.0,Jelani Woods,IND,24.0,TE,15.0,2.0,40.0,25.0,312.0,3.0,16.0,192.0,7.7,120.0,4.8,10.0,1.0,25.0,3.0,0.075,1.0,101.2,2023-08-28,,,,,,,,,,,,,,,,,,,,,,,,,,,,,,,,,,,,,,,,,,,,,,,,,,,,,,,,,,,,,,,,,,,,,,,,,,,,,12,4.7,0.0,3,2,0
2022,Noah Gray,N.Gray,00-0036637,KC,TE,TE,36.0,17,70.0,4.117647058823529,42.0,28.0,28,34,299,1,0.05537459283387622,0.03607809847198642,0.10831655818120482,1,1,1,0,0,0,0,0,597.0,0.5223529411764706,0.11725293132328309,4.117647058823529,2.4566835607475084,10.0,0,TE,"https://static.www.nfl.com/image/upload/f_auto,q_auto/league/bpmlguml8jth2rbdfyp5",REG,0,0,0,0,0,0,0,,,0,,0,0,0,0,0,0,1,1.4546351197932381,0,0,0,0,0,0,0,170,182,14,12.984352169005433,0,15,4,3,0,1.7588235294117647,0,1,0,0,0,0,0,0.0,0.0,0,0,0,0,0,0,0,0,0,0,0,0,0,0,0,0,0,0,2,19,0,0,0,0,0,0,0,0,0,0,0,0,0,,,0,0,0,0,0,0,0,0,0,0,0,0,,,,0,0,0,0,0,0,0,,0,0,0,0,,0,0,,0,0,0,0,0,0,0,0,0,0,N.Gray,Noah Gray,TE,TE,"https://static.www.nfl.com/image/upload/f_auto,q_auto/league/bpmlguml8jth2rbdfyp5",2022.0,POST,KC,3.0,0.0,0.0,0.0,0.0,0.0,0.0,0.0,0.0,0.0,0.0,0.0,0.0,,,0.0,,0.0,0.0,0.0,0.0,1.0,0.0,0.0,0.0,0.0,0.0,-1.6300511171575636,0.0,0.0,0.0,0.0,0.0,3.0,4.0,37.0,0.0,0.0,0.0,29.0,20.0,1.0,1.1120081102708355,0.0,1.0,1.0,1.0,0.0,1.2758620689655173,0.039603960396039604,0.04461538461538461,0.09063670982482863,0.0,1.0,0.0,1.0,0.0,0.0,0.0,0.0,0.0,0.0,0.0,0.0,0.0,0.0,0.0,0.0,0.0,0.0,0.0,0.0,0.0,0.0,0.0,0.0,0.0,0.0,0.0,0.0,0.0,0.0,0.0,0.0,0.0,0.0,0.0,0.0,0.0,0.0,0.0,0.0,0.0,0.0,,,0.0,0.0,0.0,0.0,0.0,0.0,0.0,0.0,0.0,0.0,0.0,0.0,,,,0.0,0.0,0.0,0.0,0.0,0.0,0.0,,0.0,0.0,0.0,0.0,,0.0,0.0,,0.0,0.0,0.0,0.0,0.0,0.0,0.0,0.0,0.0,0.0,3.7,6.7,00-0036637,GrayNo00,4240472.0,Noah Gray,1999-04-30,75.0,240.0,Duke,2021.0,5.0,162.0,KC,2021,6,17.0,0.0,282.0,0.0,0.6123529411764705,2022.0,Noah Gray,KC,23.0,TE,17.0,8.0,34.0,28.0,299.0,1.0,14.0,117.0,4.2,182.0,6.5,5.0,2.0,14.0,1.0,0.028999999999999998,0.0,113.1,2023-08-28,2022.0,Noah Gray,KC,23.0,TE,17.0,8.0,1.0,1.0,1.0,1.0,1.0,1.0,0.0,0.0,0.0,,2023-08-28,,,,,,,,,,,,,,,,,,,,,,,,,,,,,,,,,,,,,2022.0,Regular,Season Total,KC,N. Gray,,94.6,0.4,2.0,0.5,0.0,0.7,0.0,-0.2,94.2,0.0,Noah,Gray,Noah Gray,https://a.espncdn.com/i/headshots/nfl/players/full/4240472.png,Chiefs,False,17,3.5,1.7000000000000002,1,0,0
2022,Colby Parkinson,C.Parkinson,00-0036244,SEA,TE,TE,37.0,14,69.2,4.942857142857143,44.2,25.0,25,34,322,2,0.06148282097649186,0.06436675156286177,0.13728095755874103,0,0,0,0,0,0,0,0,443.0,0.39705882352941174,0.1562076749435666,4.942857142857143,4.2275132326071,14.6,0,TE,"https://static.www.nfl.com/image/upload/f_auto,q_auto/league/qsyrgtfjj06wryahnxc9",REG,0,0,0,0,0,0,0,,,0,,0,0,0,0,0,0,0,,0,0,0,0,0,0,0,278,150,14,10.221434430830413,0,13,6,5,0,1.158273381294964,0,0,0,0,0,0,0,0.0,0.0,0,0,0,0,0,0,0,0,0,0,0,0,0,0,0,0,0,0,2,10,0,0,0,0,0,0,0,0,0,0,0,0,0,,,0,0,0,0,0,0,0,0,0,0,0,0,,,,0,0,0,0,0,0,0,,0,0,0,0,,0,0,,0,0,0,0,0,0,0,0,0,0,C.Parkinson,Colby Parkinson,TE,TE,"https://static.www.nfl.com/image/upload/f_auto,q_auto/league/qsyrgtfjj06wryahnxc9",2022.0,POST,SEA,1.0,0.0,0.0,0.0,0.0,0.0,0.0,0.0,0.0,0.0,0.0,0.0,0.0,,,0.0,,0.0,0.0,0.0,0.0,0.0,0.0,0.0,0.0,0.0,0.0,,0.0,0.0,0.0,0.0,0.0,3.0,6.0,14.0,0.0,0.0,0.0,35.0,5.0,0.0,-2.8821828727959655,0.0,0.0,0.0,0.0,0.0,0.4,0.17647058823529413,0.10736196319018405,0.33985925658607,0.0,0.0,0.0,0.0,0.0,0.0,0.0,0.0,0.0,0.0,0.0,0.0,0.0,0.0,0.0,0.0,0.0,0.0,0.0,0.0,0.0,0.0,0.0,0.0,0.0,0.0,0.0,0.0,0.0,0.0,0.0,0.0,0.0,0.0,0.0,0.0,1.0,14.0,0.0,0.0,0.0,0.0,,,0.0,0.0,0.0,0.0,0.0,0.0,0.0,0.0,0.0,0.0,0.0,0.0,,,,0.0,0.0,0.0,0.0,0.0,0.0,0.0,,0.0,0.0,0.0,0.0,,0.0,0.0,,0.0,0.0,0.0,0.0,0.0,0.0,0.0,0.0,0.0,0.0,1.4000000000000001,4.4,00-0036244,ParkCo02,4242557.0,Colby Parkinson,1999-01-07,79.0,265.0,Stanford,2020.0,4.0,133.0,SEA,2020,7,17.0,0.0,193.0,0.0,0.4111764705882353,2022.0,Colby Parkinson,SEA,23.0,TE,17.0,2.0,34.0,25.0,322.0,2.0,14.0,172.0,6.9,150.0,6.0,8.2,0.0,,0.0,0.0,0.0,122.4,2023-08-28,,,,,,,,,,,,,,,,,,,,,,,,,,,,,,,,,,,,,,,,,,,,,,,,,,,,,,,,,,,,,,,,,,,,,,,,,,,,,14,3.45,0.0,2,0,0
2022,Brock Wright,B.Wright,00-0036754,DET,TE,TE,38.0,14,63.6,4.542857142857143,45.6,18.0,18,24,216,4,0.04262877442273535,0.017412333736396616,0.07613179524958065,0,0,0,0,0,0,0,0,591.0,0.52,0.10761421319796954,4.542857142857143,5.048490145306094,16.3,0,TE,"https://static.www.nfl.com/image/upload/f_auto,q_auto/league/ghmaeofuj87fm97yhvcp",REG,0,0,0,0,0,0,0,,,0,,0,0,0,0,0,0,0,,0,0,0,0,0,0,0,72,165,13,16.81010570997023,0,9,5,3,1,3.0,0,0,0,0,0,0,0,0.0,0.0,0,0,0,0,0,0,0,0,0,0,0,0,0,1,0,0,0,0,2,15,0,0,0,0,0,0,0,0,0,0,0,0,0,,,0,0,0,0,0,0,0,0,0,0,0,0,,,,0,0,0,0,0,0,0,,0,0,0,0,,0,0,,0,0,0,0,0,0,0,0,0,0,,,,,,,,,,,,,,,,,,,,,,,,,,,,,,,,,,,,,,,,,,,,,,,,,,,,,,,,,,,,,,,,,,,,,,,,,,,,,,,,,,,,,,,,,,,,,,,,,,,,,,,,,,,,,,,,,,,,,,,,,,,,,,,,,,,,,,,,,,,,,,,,,,,,00-0036754,WrigBr01,4242392.0,Brock Wright,1998-11-27,77.0,254.0,Notre Dame,,,,,2021,6,17.0,0.0,171.0,0.0,0.3788235294117647,2022.0,Brock Wright,DET,24.0,TE,17.0,10.0,24.0,18.0,216.0,4.0,13.0,51.0,2.8,165.0,9.2,3.0,0.0,,4.0,0.16699999999999998,0.0,141.7,2023-08-28,,,,,,,,,,,,,,,,,,,,,,,,,,,,,,,,,,,,,,,,,,,,,,,,,,,,,,,,,,,,,,,,,,,,,,,,,,,,,14,3.05,0.0,2,1,0
2022,Harrison Bryant,H.Bryant,00-0036232,CLE,TE,TE,39.0,14,61.7,4.4071428571428575,30.700000000000003,31.0,31,42,239,1,0.08284023668639054,0.05344711430496295,0.16167333504305986,1,8,0,0,0,0,0,0,564.0,0.4829411764705882,0.10939716312056738,4.4071428571428575,2.7661315074456456,10.5,0,TE,"https://static.www.nfl.com/image/upload/f_auto,q_auto/league/gmguayurr96nolimwmyn",REG,0,0,0,0,0,0,0,,,0,,0,0,0,0,0,0,1,0.9134245255263522,0,0,0,0,0,0,0,238,113,12,2.8788764024459397,0,8,1,1,0,1.004201680672269,0,0,0,0,0,0,0,0.0,0.0,0,0,0,0,0,0,0,0,0,0,0,0,0,0,0,0,0,0,0,0,0,0,0,0,0,0,0,0,0,0,0,0,0,,,0,0,0,0,0,0,0,0,0,0,0,0,,,,0,0,0,0,0,0,0,,0,0,0,0,,0,0,,0,0,0,0,0,0,0,0,0,0,,,,,,,,,,,,,,,,,,,,,,,,,,,,,,,,,,,,,,,,,,,,,,,,,,,,,,,,,,,,,,,,,,,,,,,,,,,,,,,,,,,,,,,,,,,,,,,,,,,,,,,,,,,,,,,,,,,,,,,,,,,,,,,,,,,,,,,,,,,,,,,,,,,,00-0036232,BryaHa00,4040774.0,Harrison Bryant,1998-04-23,77.0,230.0,Florida Atlantic,2020.0,4.0,115.0,CLE,2020,6,17.0,0.0,76.0,0.0,0.16294117647058823,2022.0,Harrison Bryant,CLE,24.0,TE,17.0,9.0,42.0,31.0,239.0,1.0,12.0,126.0,4.1,113.0,3.6,5.7,1.0,31.0,5.0,0.11900000000000001,0.0,95.2,2023-08-28,2022.0,Harrison Bryant,CLE,24.0,TE,17.0,9.0,1.0,8.0,0.0,1.0,6.0,6.0,2.0,2.0,0.0,,2023-08-28,,,,,,,,,,,,,,,,,,,,,,,,,,,,,,,,,,,,,,,,,,,,,,,,,,,,,,,,,,,14,3.85,0.0,1,0,0
2022,Trey McBride,T.McBride,00-0037744,ARI,TE,TE,40.0,12,61.5,5.125,32.5,29.0,29,39,265,1,0.06141732283464567,0.052345786272806255,0.12876803464293288,0,0,0,0,0,0,0,0,599.0,0.543125,0.10267111853088481,5.125,5.848562371915155,20.8,1,TE,"https://static.www.nfl.com/image/upload/f_auto,q_auto/league/psasp10nn5pcvkli9kil",REG,0,0,0,0,0,0,0,,,0,,0,0,0,0,0,0,0,,0,0,0,0,0,1,0,241,117,12,7.696608347086626,0,9,4,3,0,1.099585062240664,0,6,0,1,0,0,0,0.0,0.0,0,0,0,0,0,0,0,0,0,0,0,0,0,1,0,0,0,0,4,27,1,0,0,1,0,0,0,0,0,0,0,0,0,,,0,0,0,0,0,0,0,0,0,0,0,0,,,,0,0,0,0,0,0,0,,0,0,0,0,,0,0,,0,0,0,0,0,0,0,0,0,0,,,,,,,,,,,,,,,,,,,,,,,,,,,,,,,,,,,,,,,,,,,,,,,,,,,,,,,,,,,,,,,,,,,,,,,,,,,,,,,,,,,,,,,,,,,,,,,,,,,,,,,,,,,,,,,,,,,,,,,,,,,,,,,,,,,,,,,,,,,,,,,,,,,,00-0037744,McBrTr01,4361307.0,Trey McBride,1999-11-22,76.0,246.0,Colorado State,2022.0,2.0,55.0,ARI,2022,5,16.0,0.0,167.0,0.0,0.393125,2022.0,Trey McBride,ARI,23.0,TE,16.0,13.0,39.0,29.0,265.0,1.0,12.0,148.0,5.1,117.0,4.0,6.1,0.0,,2.0,0.051,0.0,100.9,2023-08-28,,,,,,,,,,,,,,,,,,,,,,,,,,,,,,,,,,,,,,,,,,,,,,,,,,,,,,,,,,,,,,,,,,,,,,,,,,,,,12,5.050000000000001,0.0,1,1,0
2022,Kylen Granson,K.Granson,00-0036876,IND,TE,TE,41.0,13,61.2,4.707692307692308,30.200000000000003,31.0,31,40,302,0,0.0690846286701209,0.06750065155069064,0.1508773990906648,1,0,0,0,0,0,0,0,408.0,0.4507692307692308,0.15,4.707692307692308,3.0769198717932023,10.2,0,TE,"https://static.www.nfl.com/image/upload/f_auto,q_auto/league/ysbxmdw4da30q3kjb571",REG,0,0,0,0,0,0,0,,,0,,0,0,0,0,0,0,0,-1.7525788634084165,0,0,0,0,0,1,0,259,127,17,-0.7239114496076873,0,14,7,3,0,1.166023166023166,0,3,0,0,0,0,0,0.0,0.0,0,0,0,0,0,0,0,0,0,0,0,0,0,0,0,1,0,0,0,0,1,0,0,1,0,0,0,1,15,0,0,0,0,,,0,0,0,0,0,0,0,0,0,0,0,0,,,,0,0,0,0,0,0,0,,0,0,0,0,,0,0,,0,0,0,0,0,0,0,0,0,0,,,,,,,,,,,,,,,,,,,,,,,,,,,,,,,,,,,,,,,,,,,,,,,,,,,,,,,,,,,,,,,,,,,,,,,,,,,,,,,,,,,,,,,,,,,,,,,,,,,,,,,,,,,,,,,,,,,,,,,,,,,,,,,,,,,,,,,,,,,,,,,,,,,,00-0036876,GranKy00,4039160.0,Kylen Granson,1998-03-27,75.0,242.0,SMU,2021.0,4.0,127.0,IND,2021,6,13.0,0.0,147.0,0.0,0.41307692307692306,2022.0,Kylen Granson,IND,24.0,TE,13.0,4.0,40.0,31.0,302.0,0.0,17.0,178.0,5.7,124.0,4.0,6.5,0.0,,2.0,0.05,3.0,66.9,2023-08-28,2022.0,Kylen Granson,IND,24.0,TE,13.0,4.0,1.0,0.0,0.0,0.0,0.0,0.0,0.0,0.0,0.0,,2023-08-28,,,,,,,,,,,,,,,,,,,,,,,,,,,,,,,,,,,,,,,,,,,,,,,,,,,,,,,,,,,13,4.1,0.0,1,0,0
2022,C.J. Uzomah,C.Uzomah,00-0032134,NYJ,TE,TE,42.0,14,56.2,4.014285714285714,35.2,21.0,21,27,232,2,0.04591836734693878,0.037889039242219216,0.09539987848996162,0,0,0,0,0,0,0,0,525.0,0.548,0.10704761904761906,4.014285714285714,4.404867437603219,18.1,0,TE,"https://static.www.nfl.com/image/private/f_auto,q_auto/league/hnkflpl5pzbfbdvtcv1c",REG,0,0,0,0,0,0,0,,,0,,0,0,0,0,0,0,0,,0,0,0,0,0,0,0,196,105,10,11.249330801598262,0,6,4,4,1,1.183673469387755,0,2,0,0,0,0,0,0.0,0.0,0,0,0,0,0,0,0,0,0,0,0,0,0,1,0,0,0,0,1,10,0,0,0,0,0,0,0,0,0,0,0,0,0,,,0,0,0,0,0,0,0,0,0,0,0,0,,,,0,0,0,0,0,0,0,,0,0,0,0,,0,0,,0,0,0,0,0,0,0,0,0,0,,,,,,,,,,,,,,,,,,,,,,,,,,,,,,,,,,,,,,,,,,,,,,,,,,,,,,,,,,,,,,,,,,,,,,,,,,,,,,,,,,,,,,,,,,,,,,,,,,,,,,,,,,,,,,,,,,,,,,,,,,,,,,,,,,,,,,,,,,,,,,,,,,,,00-0032134,UzomC.00,2574576.0,C.J. Uzomah,1993-01-14,78.0,271.0,Auburn,2015.0,5.0,157.0,CIN,2015,10,15.0,0.0,181.0,0.0,0.4473333333333333,2022.0,CJ Uzomah,NYJ,29.0,TE,15.0,13.0,27.0,21.0,232.0,2.0,10.0,127.0,6.0,105.0,5.0,7.3,2.0,10.5,0.0,0.0,0.0,127.2,2023-08-28,,,,,,,,,,,,,,,,,,,,,,,,,,,,,,,,,,,,,,,,,,,,,,,,,,,,,,,,,,,,,,,,,,,,,,,,,,,,,14,3.7,0.0,1,1,0
2022,Irv Smith,I.Smith,00-0034970,MIN,TE,TE,43.0,8,55.2,6.9,30.2,25.000000000000004,25,36,182,2,0.056162246489859596,0.032701894317048855,0.10713469575672359,0,0,0,0,0,0,0,0,285.0,0.52625,0.1936842105263158,6.9,4.387319389852012,14.6,0,TE,"https://static.www.nfl.com/image/private/f_auto,q_auto/league/gvnnqr5kj0rtte3iw9mp",REG,0,0,0,0,0,0,0,,,0,,0,0,0,0,0,0,0,,0,0,0,0,0,1,0,164,91,9,-4.330919062018104,0,8,1,0,0,1.1097560975609757,0,1,0,0,0,0,0,0.0,0.0,0,0,0,0,0,0,0,0,0,0,0,0,0,0,0,0,0,0,1,10,1,0,0,1,0,0,0,0,0,0,0,0,0,,,0,0,0,0,0,0,0,0,0,0,0,0,,,,0,0,0,0,0,0,0,,0,0,0,0,,0,0,,0,0,0,0,0,0,0,0,0,0,I.Smith,Irv Smith,TE,TE,"https://static.www.nfl.com/image/private/f_auto,q_auto/league/gvnnqr5kj0rtte3iw9mp",2022.0,POST,MIN,1.0,0.0,0.0,0.0,0.0,0.0,0.0,0.0,0.0,0.0,0.0,0.0,0.0,,,0.0,,0.0,0.0,0.0,0.0,0.0,0.0,0.0,0.0,0.0,0.0,,0.0,0.0,0.0,0.0,0.0,1.0,2.0,3.0,1.0,0.0,0.0,3.0,0.0,1.0,0.19915707176551223,0.0,0.0,0.0,0.0,0.0,1.0,0.05128205128205128,0.011450381679389313,0.08493834409864945,0.0,0.0,0.0,0.0,0.0,0.0,0.0,0.0,0.0,0.0,0.0,0.0,0.0,0.0,0.0,0.0,0.0,0.0,0.0,0.0,0.0,0.0,0.0,0.0,0.0,0.0,0.0,0.0,0.0,0.0,0.0,0.0,0.0,0.0,0.0,0.0,0.0,0.0,0.0,0.0,0.0,0.0,,,0.0,0.0,0.0,0.0,0.0,0.0,0.0,0.0,0.0,0.0,0.0,0.0,,,,0.0,0.0,0.0,0.0,0.0,0.0,0.0,,0.0,0.0,0.0,0.0,,0.0,0.0,,0.0,0.0,0.0,0.0,0.0,0.0,0.0,0.0,0.0,0.0,6.3,7.3,00-0034970,SmitIr01,4040980.0,Irv Smith,1998-08-09,74.0,240.0,Alabama,2019.0,2.0,50.0,MIN,2019,6,8.0,0.0,1.0,0.0,0.00375,2022.0,Irv Smith,MIN,24.0,TE,8.0,1.0,36.0,25.0,182.0,2.0,9.0,88.0,3.5,94.0,3.8,4.6,0.0,,2.0,0.055999999999999994,1.0,88.0,2023-08-28,,,,,,,,,,,,,,,,,,,,,,,,,,,,,,,,,,,,,,,,,,,,,,,,,,,,,,,,,,,,,,,,,,,,,,,,,,,,,8,6.050000000000001,0.0,2,0,0
2022,MyCole Pruitt,M.Pruitt,00-0031585,ATL,TE,TE,44.0,10,55.0,5.5,39.0,16.0,16,21,150,4,0.0525,0.02925861641457972,0.0992310314902058,0,0,0,0,0,0,0,0,321.0,0.3992307692307693,0.17133956386292834,5.5,4.071854614300467,12.4,0,TE,"https://static.www.nfl.com/image/upload/f_auto,q_auto/league/jazo8egu5luwyxxcpjh8",REG,0,0,0,0,0,0,0,,,0,,0,0,0,0,0,0,0,,0,0,0,0,0,0,0,118,75,10,8.150616070022807,0,5,3,2,0,1.271186440677966,0,0,0,0,0,0,0,0.0,0.0,0,0,0,0,0,0,0,0,0,0,0,0,0,0,0,0,0,0,1,15,0,0,0,0,0,0,0,0,0,0,0,0,0,,,0,0,0,0,0,0,0,0,0,0,0,0,,,,0,0,0,0,0,0,0,,0,0,0,0,,0,0,,0,0,0,0,0,0,0,0,0,0,,,,,,,,,,,,,,,,,,,,,,,,,,,,,,,,,,,,,,,,,,,,,,,,,,,,,,,,,,,,,,,,,,,,,,,,,,,,,,,,,,,,,,,,,,,,,,,,,,,,,,,,,,,,,,,,,,,,,,,,,,,,,,,,,,,,,,,,,,,,,,,,,,,,00-0031585,PruiMy00,2508256.0,MyCole Pruitt,1992-03-24,74.0,258.0,Southern Illinois,2015.0,5.0,143.0,MIN,2015,9,13.0,0.0,75.0,0.0,0.22923076923076924,2022.0,MyCole Pruitt,ATL,30.0,TE,13.0,4.0,21.0,16.0,150.0,4.0,10.0,75.0,4.7,75.0,4.7,5.3,0.0,,1.0,0.048,0.0,134.9,2023-08-28,,,,,,,,,,,,,,,,,,,,,,,,,,,,,,,,,,,,,,,,,,,,,,,,,,,,,,,,,,,,,,,,,,,,,,,,,,,,,10,5.6,0.0,1,0,0
2022,Tommy Tremble,T.Tremble,00-0037005,CAR,TE,TE,45.0,15,54.400000000000006,3.626666666666667,35.400000000000006,19.0,19,32,174,3,0.07494145199063232,0.07377295995182175,0.1640532499522237,0,0,0,0,0,0,0,0,510.0,0.4982352941176471,0.10666666666666667,3.626666666666667,4.0257149616410945,12.3,0,TE,"https://static.www.nfl.com/image/upload/f_auto,q_auto/league/t7wjikfv09d3o1q7wjdx",REG,0,0,0,0,0,0,0,,,0,,0,0,0,0,0,0,0,,0,0,0,0,0,0,0,245,62,9,-1.6748925543036477,0,7,5,1,0,0.710204081632653,0,1,2,1,0,0,0,0.0,0.0,0,0,0,0,0,0,0,0,0,0,0,0,0,0,0,0,0,0,3,15,1,0,0,1,1,0,0,1,8,0,0,0,0,,,0,0,0,0,0,0,0,0,0,0,0,0,,,,0,0,0,0,0,0,0,,0,0,0,0,,0,0,,0,0,0,0,0,0,0,0,0,0,,,,,,,,,,,,,,,,,,,,,,,,,,,,,,,,,,,,,,,,,,,,,,,,,,,,,,,,,,,,,,,,,,,,,,,,,,,,,,,,,,,,,,,,,,,,,,,,,,,,,,,,,,,,,,,,,,,,,,,,,,,,,,,,,,,,,,,,,,,,,,,,,,,,00-0037005,TremTo00,4372780.0,Tommy Tremble,2000-06-02,76.0,250.0,Notre Dame,2021.0,3.0,83.0,CAR,2021,6,17.0,0.0,256.0,0.0,0.5470588235294118,2022.0,Tommy Tremble,CAR,22.0,TE,17.0,4.0,32.0,19.0,174.0,3.0,9.0,112.0,5.9,62.0,3.3,7.7,0.0,,1.0,0.031,1.0,92.4,2023-08-28,,,,,,,,,,,,,,,,,,,,,,,,,,,,,,,,,,,,,,,,,,,,,,,,,,,,,,,,,,,,,,,,,,,,,,,,,,,,,15,1.7000000000000002,0.0,1,0,0
2022,Mo Alie-Cox,M.Alie-Cox,00-0033217,IND,TE,TE,46.0,14,53.900000000000006,3.8500000000000005,34.900000000000006,19.0,19,28,189,3,0.04835924006908463,0.039353661714881416,0.10008642330404394,0,0,0,0,0,0,0,0,586.0,0.5105882352941177,0.09197952218430035,3.85,6.853269854041039,26.5,1,TE,"https://static.www.nfl.com/image/upload/f_auto,q_auto/league/ivdxijcqlhfwsydxh6ox",REG,0,0,0,0,0,0,0,,,0,,0,0,0,0,0,0,0,,0,0,0,0,0,1,1,151,99,9,-1.5854380215930568,0,8,2,1,0,1.2516556291390728,0,0,0,0,0,0,0,0.0,0.0,0,0,0,0,0,0,0,0,0,0,0,0,0,0,0,0,0,0,1,6,1,0,0,1,1,0,0,0,0,0,0,0,0,,,0,0,0,0,0,0,0,0,0,0,0,0,,,,0,0,0,0,0,0,0,,0,0,0,0,,0,0,,0,0,0,0,0,0,0,0,0,0,,,,,,,,,,,,,,,,,,,,,,,,,,,,,,,,,,,,,,,,,,,,,,,,,,,,,,,,,,,,,,,,,,,,,,,,,,,,,,,,,,,,,,,,,,,,,,,,,,,,,,,,,,,,,,,,,,,,,,,,,,,,,,,,,,,,,,,,,,,,,,,,,,,,00-0033217,AlieMo00,2998565.0,Mo Alie-Cox,1993-09-19,77.0,267.0,Virginia Commonwealth Univ.,,,,,2017,9,17.0,0.0,93.0,0.0,0.2023529411764706,2022.0,Mo Alie-Cox,IND,29.0,TE,17.0,11.0,28.0,19.0,189.0,3.0,9.0,90.0,4.7,99.0,5.2,5.4,2.0,9.5,1.0,0.036000000000000004,0.0,122.5,2023-08-28,,,,,,,,,,,,,,,,,,,,,,,,,,,,,,,,,,,,,,,,,,,,,,,,,,,,,,,,,,,,,,,,,,,,,,,,,,,,,14,1.9,-0.3999999999999999,1,1,1
2022,Jonnu Smith,J.Smith,00-0033858,NE,TE,TE,47.0,12,52.0,4.333333333333333,25.0,27.0,27,38,245,0,0.07335907335907337,0.02821697883726587,0.12979049522469616,1,5,0,0,0,0,0,0,423.0,0.48,0.12293144208037825,4.333333333333333,2.8693785622209793,8.5,0,TE,"https://static.www.nfl.com/image/upload/f_auto,q_auto/league/egd6llghj3n5wfdrqacw",REG,0,0,0,0,0,0,0,,,0,,0,0,0,0,1,0,1,0.7029989284928888,0,0,0,0,0,0,0,116,200,9,0.5408437211881392,0,7,3,3,1,2.1120689655172415,0,0,0,0,0,0,0,0.0,0.0,0,0,0,0,0,0,0,0,0,0,0,0,0,1,0,0,0,0,1,5,0,1,0,1,0,0,0,2,31,0,0,0,0,,,0,0,0,0,0,0,0,0,0,0,0,0,,,,0,0,0,0,0,0,0,,0,0,0,0,,0,0,,0,0,0,0,0,0,0,0,0,0,,,,,,,,,,,,,,,,,,,,,,,,,,,,,,,,,,,,,,,,,,,,,,,,,,,,,,,,,,,,,,,,,,,,,,,,,,,,,,,,,,,,,,,,,,,,,,,,,,,,,,,,,,,,,,,,,,,,,,,,,,,,,,,,,,,,,,,,,,,,,,,,,,,,00-0033858,SmitJo01,3054212.0,Jonnu Smith,1995-08-22,75.0,248.0,Florida International,2017.0,3.0,100.0,TEN,2017,10,14.0,0.0,54.0,0.0,0.14714285714285716,2022.0,Jonnu Smith,NE,27.0,TE,14.0,8.0,38.0,27.0,245.0,0.0,9.0,45.0,1.7,200.0,7.4,3.1,9.0,3.0,2.0,0.053,1.0,77.2,2023-08-28,2022.0,Jonnu Smith,NE,27.0,TE,14.0,8.0,1.0,5.0,0.0,1.0,5.0,5.0,0.0,0.0,0.0,,2023-08-28,,,,,,,,,,,,,,,,,,,,,,,,,,,,,,,,,,,,,,,,,,,,,,,,,,,,,,,,,,,12,4.75,0.0,0,0,0
2022,Jake Ferguson,J.Ferguson,00-0038041,DAL,TE,TE,48.0,11,48.400000000000006,4.4,29.400000000000002,19.000000000000004,19,22,174,2,0.04036697247706422,0.017225950782997764,0.07260862426369477,0,0,0,0,0,0,0,0,430.0,0.405625,0.11255813953488374,4.3999999999999995,3.9759275647325367,14.0,0,TE,"https://static.www.nfl.com/image/upload/f_auto,q_auto/league/xpykb0tbosfwsn6dqstb",REG,0,0,0,0,0,0,0,,,0,,0,0,0,0,0,0,0,,0,0,0,0,0,0,0,77,124,8,7.890275644826758,0,6,3,3,0,2.25974025974026,0,1,0,0,0,0,0,0.0,0.0,0,0,0,0,0,0,0,0,0,0,0,0,0,0,0,0,0,0,2,15,0,0,0,0,0,0,0,0,0,0,0,0,0,,,0,0,0,0,0,0,0,0,0,0,0,0,,,,0,0,0,0,0,0,0,,0,0,0,0,,0,0,,0,0,0,0,0,0,0,0,0,0,J.Ferguson,Jake Ferguson,TE,TE,"https://static.www.nfl.com/image/upload/f_auto,q_auto/league/xpykb0tbosfwsn6dqstb",2022.0,POST,DAL,1.0,0.0,0.0,0.0,0.0,0.0,0.0,0.0,0.0,0.0,0.0,0.0,0.0,,,0.0,,0.0,0.0,0.0,0.0,0.0,0.0,0.0,0.0,0.0,0.0,,0.0,0.0,0.0,0.0,0.0,1.0,1.0,34.0,0.0,0.0,0.0,2.0,32.0,1.0,2.4228602320654318,0.0,1.0,1.0,1.0,0.0,17.0,0.014492753623188406,0.0035026269702276708,0.024190969313941976,0.0,1.0,0.0,0.0,0.0,0.0,0.0,0.0,0.0,0.0,0.0,0.0,0.0,0.0,0.0,0.0,0.0,0.0,0.0,0.0,0.0,0.0,0.0,0.0,0.0,0.0,0.0,0.0,0.0,0.0,0.0,0.0,0.0,0.0,0.0,0.0,0.0,0.0,0.0,0.0,0.0,0.0,,,0.0,0.0,0.0,0.0,0.0,0.0,0.0,0.0,0.0,0.0,0.0,0.0,,,,0.0,0.0,0.0,0.0,0.0,0.0,0.0,,0.0,0.0,0.0,0.0,,0.0,0.0,,0.0,0.0,0.0,0.0,0.0,0.0,0.0,0.0,0.0,0.0,3.4000000000000004,4.4,00-0038041,FergJa00,4242355.0,Jake Ferguson,1999-01-18,77.0,250.0,Wisconsin,2022.0,4.0,129.0,DAL,2022,5,16.0,0.0,125.0,0.0,0.28,2022.0,Jake Ferguson,DAL,23.0,TE,16.0,8.0,22.0,19.0,174.0,2.0,8.0,50.0,2.6,124.0,6.5,3.5,2.0,9.5,0.0,0.0,0.0,129.9,2023-08-28,,,,,,,,,,,,,,,,,,,,,,,,,,,,,,,,,,,,,,,,,,,,,,,,,,,,,,,,,,,,,,,,,,,,,,,,,,,,,11,3.3,1.4,1,0,0
2022,Adam Trautman,A.Trautman,00-0036422,NO,TE,TE,49.0,12,44.7,3.725,26.700000000000003,18.0,18,22,207,1,0.04462474645030426,0.025934065934065935,0.08509096582930253,0,0,0,0,0,0,0,0,521.0,0.568,0.08579654510556622,3.725,2.9251651080051717,11.2,0,TE,"https://static.www.nfl.com/image/upload/f_auto,q_auto/league/bqsgkwkfolczyrxmdp1j",REG,0,0,0,0,0,0,0,,,0,,0,0,0,0,0,0,0,,0,0,0,0,0,0,0,118,123,9,8.532899791665841,0,10,6,2,0,1.7542372881355932,0,0,0,0,0,0,0,0.0,0.0,0,0,0,0,0,0,0,0,0,0,0,0,0,0,0,1,0,0,3,20,0,0,0,0,0,0,0,0,0,0,0,0,0,,,0,0,0,0,0,0,0,0,0,0,0,0,,,,0,0,0,0,0,0,0,,0,0,0,0,,0,0,,0,0,0,0,0,0,0,0,0,0,,,,,,,,,,,,,,,,,,,,,,,,,,,,,,,,,,,,,,,,,,,,,,,,,,,,,,,,,,,,,,,,,,,,,,,,,,,,,,,,,,,,,,,,,,,,,,,,,,,,,,,,,,,,,,,,,,,,,,,,,,,,,,,,,,,,,,,,,,,,,,,,,,,,00-0036422,TrauAd00,3911853.0,Adam Trautman,1997-02-05,77.0,253.0,Dayton,2020.0,3.0,105.0,NO,2020,7,15.0,0.0,76.0,0.0,0.19266666666666668,2022.0,Adam Trautman,NO,25.0,TE,15.0,12.0,22.0,18.0,207.0,1.0,9.0,84.0,4.7,123.0,6.8,5.4,1.0,18.0,1.0,0.045,0.0,121.0,2023-08-28,,,,,,,,,,,,,,,,,,,,,,,,,,,,,,,,,,,,,,,,,,,,,,,,,,,,,,,,,,,,,,,,,,,,,,,,,,,,,12,2.75,0.0,1,0,0
2022,Shane Zylstra,S.Zylstra,00-0036534,DET,TE,TE,50.0,8,41.0,5.125,30.0,11.0,11,15,60,4,0.02664298401420959,0.018863361547763,0.05316882910474849,0,0,0,0,0,0,0,0,227.0,0.25846153846153846,0.18061674008810572,5.125,8.593145108581773,25.6,1,TE,"https://static.www.nfl.com/image/upload/f_auto,q_auto/league/jxq0fpgw6dzavqabgl1j",REG,0,0,0,0,0,0,0,,,0,,0,0,0,0,0,0,0,,0,0,0,0,0,0,0,78,13,6,3.4359968112548813,0,2,0,0,0,0.7692307692307693,0,0,0,0,0,0,0,0.0,0.0,0,0,0,0,0,0,0,0,0,0,0,0,0,0,0,0,0,0,1,10,0,0,0,0,0,0,0,2,46,0,0,0,0,,,0,0,0,0,0,0,0,0,0,0,0,0,,,,0,0,0,0,0,0,0,,0,0,0,0,,0,0,,0,0,0,0,0,0,0,0,0,0,,,,,,,,,,,,,,,,,,,,,,,,,,,,,,,,,,,,,,,,,,,,,,,,,,,,,,,,,,,,,,,,,,,,,,,,,,,,,,,,,,,,,,,,,,,,,,,,,,,,,,,,,,,,,,,,,,,,,,,,,,,,,,,,,,,,,,,,,,,,,,,,,,,,00-0036534,ZylsSh00,4608362.0,Shane Zylstra,1996-11-16,76.0,240.0,Minnesota State,,,,,2021,5,13.0,0.0,100.0,0.0,0.2823076923076923,2022.0,Shane Zylstra,DET,26.0,TE,13.0,2.0,15.0,11.0,60.0,4.0,6.0,47.0,4.3,13.0,1.2,5.2,0.0,,0.0,0.0,0.0,119.4,2023-08-28,,,,,,,,,,,,,,,,,,,,,,,,,,,,,,,,,,,,,,,,,,,,,,,,,,,,,,,,,,,,,,,,,,,,,,,,,,,,,8,1.55,0.0,1,1,1
2022,Josh Oliver,J.Oliver,00-0035249,BAL,TE,TE,51.0,12,40.9,3.408333333333333,26.9,14.0,14,25,149,2,0.053763440860215055,0.053064275037369206,0.11779015381648103,0,0,0,0,0,0,0,0,514.0,0.4735294117647059,0.07957198443579766,3.4083333333333337,5.133394824503803,17.6,0,TE,"https://static.www.nfl.com/image/upload/f_auto,q_auto/league/awdb5xedlbq0ebpptgzb",REG,0,0,0,0,0,0,0,,,0,,0,0,0,0,0,0,0,,0,0,0,0,0,0,0,213,74,7,4.889335005687351,0,6,2,1,1,0.6995305164319249,0,1,0,1,0,0,0,0.0,0.0,0,0,0,0,0,0,0,0,0,0,0,0,0,0,0,0,0,0,2,10,0,0,0,0,0,0,0,0,0,0,0,0,0,,,0,0,0,0,0,0,0,0,0,0,0,0,,,,0,0,0,0,0,0,0,,0,0,0,0,,0,0,,0,0,0,0,0,0,0,0,0,0,J.Oliver,Josh Oliver,TE,TE,"https://static.www.nfl.com/image/upload/f_auto,q_auto/league/awdb5xedlbq0ebpptgzb",2022.0,POST,BAL,1.0,0.0,0.0,0.0,0.0,0.0,0.0,0.0,0.0,0.0,0.0,0.0,0.0,,,0.0,,0.0,0.0,0.0,0.0,0.0,0.0,0.0,0.0,0.0,0.0,,0.0,0.0,0.0,0.0,0.0,2.0,2.0,26.0,0.0,0.0,0.0,10.0,16.0,2.0,2.1250792928040028,0.0,1.0,1.0,0.0,0.0,2.6,0.07142857142857142,0.05235602094240838,0.143792071802543,0.0,0.0,0.0,0.0,0.0,0.0,0.0,0.0,0.0,0.0,0.0,0.0,0.0,0.0,0.0,0.0,0.0,0.0,0.0,0.0,0.0,0.0,0.0,0.0,0.0,0.0,0.0,0.0,0.0,0.0,0.0,0.0,0.0,0.0,0.0,0.0,0.0,0.0,0.0,0.0,0.0,0.0,,,0.0,0.0,0.0,0.0,0.0,0.0,0.0,0.0,0.0,0.0,0.0,0.0,,,,0.0,0.0,0.0,0.0,0.0,0.0,0.0,,0.0,0.0,0.0,0.0,,0.0,0.0,,0.0,0.0,0.0,0.0,0.0,0.0,0.0,0.0,0.0,0.0,2.6,4.6,00-0035249,OlivJo00,3921690.0,Josh Oliver,1997-03-21,77.0,264.0,San Jose State,2019.0,3.0,69.0,JAX,2019,8,17.0,0.0,127.0,0.0,0.29705882352941176,2022.0,Josh Oliver,BAL,25.0,TE,17.0,9.0,25.0,14.0,149.0,2.0,7.0,75.0,5.4,74.0,5.3,8.3,1.0,14.0,3.0,0.12,0.0,100.2,2023-08-28,,,,,,,,,,,,,,,,,,,,,,,,,,,,,,,,,,,,,,,,,,,,,,,,,,,,,,,,,,,,,,,,,,,,,,,,,,,,,12,1.5,0.0,1,1,0
2022,Ian Thomas,I.Thomas,00-0034365,CAR,TE,TE,52.0,13,40.7,3.130769230769231,19.700000000000003,21.0,21,30,197,0,0.0702576112412178,0.02077687443541102,0.1199302289666144,0,0,0,0,0,0,0,0,556.0,0.5435294117647059,0.07320143884892087,3.130769230769231,1.7618099667598546,7.300000000000001,0,TE,"https://static.www.nfl.com/image/upload/f_auto,q_auto/league/gvpwnq0mjefjlekgzxro",REG,0,0,0,0,0,0,0,,,0,,0,0,0,0,0,0,0,,0,0,0,0,0,0,0,69,182,8,4.008337110019056,0,6,2,1,1,2.8550724637681157,0,0,0,1,0,0,0,0.0,0.0,0,0,0,0,0,0,0,0,0,0,0,0,0,0,0,0,0,0,2,15,0,0,0,0,0,0,0,0,0,0,0,0,0,,,0,0,0,0,0,0,0,0,0,0,0,0,,,,0,0,0,0,0,0,0,,0,0,0,0,,0,0,,0,0,0,0,0,0,0,0,0,0,,,,,,,,,,,,,,,,,,,,,,,,,,,,,,,,,,,,,,,,,,,,,,,,,,,,,,,,,,,,,,,,,,,,,,,,,,,,,,,,,,,,,,,,,,,,,,,,,,,,,,,,,,,,,,,,,,,,,,,,,,,,,,,,,,,,,,,,,,,,,,,,,,,,00-0034365,ThomIa00,4045305.0,Ian Thomas,1996-06-06,75.0,253.0,Indiana; Nassau CC,2018.0,4.0,101.0,CAR,2018,9,17.0,0.0,169.0,0.0,0.35764705882352943,2022.0,Ian Thomas,CAR,26.0,TE,17.0,17.0,30.0,21.0,197.0,0.0,8.0,15.0,0.7,182.0,8.7,2.3,2.0,10.5,3.0,0.1,0.0,87.8,2023-08-28,,,,,,,,,,,,,,,,,,,,,,,,,,,,,,,,,,,,,,,,,,,,,,,,,,,,,,,,,,,,,,,,,,,,,,,,,,,,,13,2.8,1.2,0,0,0
2022,Durham Smythe,D.Smythe,00-0034798,MIA,TE,TE,53.0,13,40.0,3.076923076923077,25.0,15.0,15,20,129,1,0.03558718861209965,0.014849624060150377,0.06377551976025474,2,1,1,0,0,0,0,0,557.0,0.576875,0.0718132854578097,3.076923076923077,2.916948704312392,7.9,0,TE,"https://static.www.nfl.com/image/upload/f_auto,q_auto/league/pwcuy1ntmris98x8xmxi",REG,0,0,0,0,0,0,0,,,0,,0,0,0,0,0,0,1,1.3993795080459677,0,0,0,0,0,0,0,79,47,7,-0.7650937063072905,0,4,2,1,0,1.6329113924050633,0,2,0,1,0,0,0,0.0,0.0,0,0,0,0,0,0,0,0,0,0,0,0,0,1,0,0,0,0,0,0,0,0,0,0,0,0,0,2,27,0,0,0,0,,,0,0,0,0,0,0,0,0,0,0,0,0,,,,0,0,0,0,0,0,0,,0,0,0,0,,0,0,,0,0,0,0,0,0,0,0,0,0,D.Smythe,Durham Smythe,TE,TE,"https://static.www.nfl.com/image/upload/f_auto,q_auto/league/pwcuy1ntmris98x8xmxi",2022.0,POST,MIA,1.0,0.0,0.0,0.0,0.0,0.0,0.0,0.0,0.0,0.0,0.0,0.0,0.0,,,0.0,,0.0,0.0,0.0,0.0,0.0,0.0,0.0,0.0,0.0,0.0,,0.0,0.0,0.0,0.0,0.0,1.0,1.0,20.0,0.0,0.0,0.0,12.0,8.0,1.0,1.4199913564370945,0.0,1.0,1.0,1.0,0.0,1.6666666666666667,0.023809523809523808,0.02414486921529175,0.052615694164989936,0.0,0.0,0.0,0.0,0.0,0.0,0.0,0.0,0.0,0.0,0.0,0.0,0.0,0.0,0.0,0.0,0.0,0.0,0.0,0.0,0.0,0.0,0.0,0.0,0.0,0.0,0.0,0.0,0.0,0.0,0.0,0.0,0.0,0.0,0.0,0.0,0.0,0.0,0.0,0.0,0.0,0.0,,,0.0,0.0,0.0,0.0,0.0,0.0,0.0,0.0,0.0,0.0,0.0,0.0,,,,0.0,0.0,0.0,0.0,0.0,0.0,0.0,,0.0,0.0,0.0,0.0,,0.0,0.0,,0.0,0.0,0.0,0.0,0.0,0.0,0.0,0.0,0.0,0.0,2.0,3.0,00-0034798,SmytDu00,3052897.0,Durham Smythe,1995-08-09,76.0,248.0,Notre Dame,2018.0,4.0,123.0,MIA,2018,9,16.0,0.0,178.0,0.0,0.421875,2022.0,Durham Smythe,MIA,27.0,TE,16.0,15.0,20.0,15.0,129.0,1.0,7.0,82.0,5.5,47.0,3.1,4.0,0.0,,0.0,0.0,0.0,108.1,2023-08-28,2022.0,Durham Smythe,MIA,27.0,TE,16.0,15.0,2.0,1.0,1.0,1.0,0.0,0.0,1.0,0.5,0.0,,2023-08-28,,,,,,,,,,,,,,,,,,,,,,,,,,,,,,,,,,,,,2022.0,Regular,Season Total,MIA,D. Smythe,,99.9,1.0,2.0,1.1,0.0,1.1,0.0,0.0,99.9,0.0,Durham,Smythe,Durham Smythe,https://a.espncdn.com/i/headshots/nfl/players/full/3052897.png,Dolphins,False,13,1.9,0.0,0,0,0
2022,Peyton Hendershot,P.Hendershot,00-0037569,DAL,TE,TE,54.0,12,39.5,3.2916666666666665,28.5,11.0,11,16,103,2,0.029357798165137616,0.024384787472035794,0.061106048478131475,1,2,1,0,0,0,0,0,298.0,0.26352941176470585,0.1325503355704698,3.2916666666666665,3.636796375766435,9.0,0,TE,"https://static.www.nfl.com/image/upload/f_auto,q_auto/league/d8plvjsvwdadr1ap93ci",REG,0,0,0,0,0,0,0,,,0,,0,0,0,0,0,0,1,1.1325951688922942,0,0,0,0,0,0,0,109,47,8,-3.1800049560843036,0,6,2,2,0,0.944954128440367,0,6,0,1,0,0,0,0.0,0.0,0,0,0,0,0,0,0,0,0,0,0,0,0,0,0,0,0,0,5,32,1,0,0,1,0,0,0,1,18,0,0,0,0,,,0,0,0,0,0,0,0,0,0,0,0,0,,,,0,0,0,0,0,0,0,,0,0,0,0,,0,0,,0,0,0,0,0,0,0,0,0,0,P.Hendershot,Peyton Hendershot,TE,TE,"https://static.www.nfl.com/image/upload/f_auto,q_auto/league/d8plvjsvwdadr1ap93ci",2022.0,POST,DAL,1.0,0.0,0.0,0.0,0.0,0.0,0.0,0.0,0.0,0.0,0.0,0.0,0.0,,,0.0,,0.0,0.0,0.0,0.0,0.0,0.0,0.0,0.0,0.0,0.0,,0.0,0.0,0.0,0.0,0.0,0.0,0.0,0.0,0.0,0.0,0.0,0.0,0.0,0.0,,0.0,0.0,0.0,0.0,0.0,,0.0,0.0,0.0,0.0,1.0,0.0,0.0,0.0,0.0,0.0,0.0,0.0,0.0,0.0,0.0,0.0,0.0,0.0,0.0,0.0,0.0,0.0,0.0,0.0,0.0,0.0,0.0,0.0,0.0,0.0,0.0,0.0,0.0,0.0,0.0,0.0,0.0,0.0,0.0,0.0,0.0,0.0,0.0,0.0,0.0,,,0.0,0.0,0.0,0.0,0.0,0.0,0.0,0.0,0.0,0.0,0.0,0.0,,,,0.0,0.0,0.0,0.0,0.0,0.0,0.0,,0.0,0.0,0.0,0.0,,0.0,0.0,,0.0,0.0,0.0,0.0,0.0,0.0,0.0,0.0,0.0,0.0,0.0,0.0,00-0037569,HendPe01,4258248.0,Peyton Hendershot,1999-04-23,76.0,254.0,Indiana,,,,,2022,3,17.0,0.0,297.0,0.0,0.6229411764705882,2022.0,Peyton Hendershot,DAL,23.0,TE,17.0,2.0,16.0,11.0,103.0,2.0,8.0,56.0,5.1,47.0,4.3,6.8,0.0,,1.0,0.063,1.0,99.7,2023-08-28,2022.0,Peyton Hendershot,DAL,23.0,TE,17.0,2.0,1.0,2.0,1.0,1.0,2.0,2.0,0.0,0.0,0.0,,2023-08-28,,,,,,,,,,,,,,,,,,,,,,,,,,,,,,,,,,,,,,,,,,,,,,,,,,,,,,,,,,,12,2.15,0.0,0,0,0
2022,Johnny Mundt,J.Mundt,00-0033246,MIN,TE,TE,55.0,13,39.0,3.0,20.0,19.0,19,21,140,1,0.0327613104524181,0.005782652043868395,0.053189822109335025,0,0,0,0,0,0,0,0,443.0,0.38941176470588235,0.08803611738148984,3.0,1.8960485225858539,7.1,0,TE,"https://static.www.nfl.com/image/upload/f_auto,q_auto/league/gbsnomwbzavt5124vvaz",REG,0,0,0,0,0,0,0,,,0,,0,0,0,0,0,0,0,,0,0,0,0,0,0,0,29,117,9,5.40324055960347,0,8,2,0,0,4.827586206896552,0,0,0,0,0,0,0,0.0,0.0,0,0,0,0,0,0,0,0,0,0,0,0,0,0,0,0,0,0,1,10,0,0,0,0,0,0,0,1,0,0,0,0,0,,,0,0,0,0,0,0,0,0,0,0,0,0,,,,0,0,0,0,0,0,0,,0,0,0,0,,0,0,,0,0,0,0,0,0,0,0,0,0,J.Mundt,Johnny Mundt,TE,TE,"https://static.www.nfl.com/image/upload/f_auto,q_auto/league/gbsnomwbzavt5124vvaz",2022.0,POST,MIN,1.0,0.0,0.0,0.0,0.0,0.0,0.0,0.0,0.0,0.0,0.0,0.0,0.0,,,0.0,,0.0,0.0,0.0,0.0,0.0,0.0,0.0,0.0,0.0,0.0,,0.0,0.0,0.0,0.0,0.0,1.0,1.0,12.0,0.0,0.0,0.0,0.0,12.0,1.0,0.7872159769758582,0.0,1.0,0.0,0.0,0.0,0.0,0.02564102564102564,0.0,0.038461538461538464,0.0,0.0,0.0,0.0,0.0,0.0,0.0,0.0,0.0,0.0,0.0,0.0,0.0,0.0,0.0,0.0,0.0,0.0,0.0,0.0,0.0,0.0,0.0,0.0,0.0,0.0,0.0,0.0,0.0,0.0,0.0,0.0,0.0,0.0,0.0,0.0,0.0,0.0,0.0,0.0,0.0,0.0,,,0.0,0.0,0.0,0.0,0.0,0.0,0.0,0.0,0.0,0.0,0.0,0.0,,,,0.0,0.0,0.0,0.0,0.0,0.0,0.0,,0.0,0.0,0.0,0.0,,0.0,0.0,,0.0,0.0,0.0,0.0,0.0,0.0,0.0,0.0,0.0,0.0,1.2000000000000002,2.2,00-0033246,MundJo00,3052096.0,Johnny Mundt,1994-11-23,76.0,245.0,Oregon,,,,,2017,9,17.0,0.0,93.0,0.0,0.1952941176470588,2022.0,Johnny Mundt,MIN,28.0,TE,17.0,12.0,21.0,19.0,140.0,1.0,9.0,23.0,1.2,117.0,6.2,1.4,2.0,9.5,2.0,0.095,0.0,110.3,2023-08-28,,,,,,,,,,,,,,,,,,,,,,,,,,,,,,,,,,,,,,,,,,,,,,,,,,,,,,,,,,,,,,,,,,,,,,,,,,,,,13,2.6,0.0,0,0,0
2022,Cameron Brate,C.Brate,00-0031273,TB,TE,TE,56.0,9,37.400000000000006,4.155555555555556,17.400000000000002,20.000000000000004,20,38,174,0,0.052486187845303865,0.04862456412243316,0.112766476653659,0,0,0,0,0,0,0,0,355.0,0.47818181818181815,0.10535211267605635,4.155555555555555,2.8395030864180755,10.2,0,TE,"https://static.www.nfl.com/image/private/f_auto,q_auto/league/jhioqec65qy4z7s6w9a6",REG,0,0,0,0,0,0,0,,,0,,0,0,0,0,0,0,0,,0,0,0,0,0,0,0,251,65,8,-11.742362478903118,0,6,2,1,0,0.6932270916334662,0,1,0,0,0,0,0,0.0,0.0,0,0,0,0,0,0,0,0,0,0,0,0,0,1,-3,0,0,0,1,5,0,0,0,0,0,0,0,0,0,0,0,0,0,,,0,0,0,0,0,0,0,0,0,0,0,0,,,,0,0,0,0,0,0,0,,0,0,0,0,,0,0,,0,0,0,0,0,0,0,0,0,0,C.Brate,Cameron Brate,TE,TE,"https://static.www.nfl.com/image/private/f_auto,q_auto/league/jhioqec65qy4z7s6w9a6",2022.0,POST,TB,1.0,0.0,0.0,0.0,0.0,0.0,0.0,0.0,0.0,0.0,0.0,0.0,0.0,,,0.0,,0.0,0.0,0.0,0.0,0.0,0.0,0.0,0.0,0.0,0.0,,0.0,0.0,0.0,0.0,0.0,1.0,3.0,8.0,1.0,0.0,0.0,36.0,1.0,1.0,0.5659704417921603,0.0,0.0,0.0,0.0,0.0,0.2222222222222222,0.04918032786885246,0.1,0.14377049180327867,0.0,0.0,0.0,0.0,0.0,0.0,0.0,0.0,0.0,0.0,0.0,0.0,0.0,0.0,0.0,0.0,0.0,0.0,0.0,0.0,0.0,0.0,0.0,0.0,0.0,0.0,0.0,0.0,0.0,0.0,0.0,0.0,0.0,0.0,0.0,0.0,0.0,0.0,0.0,0.0,0.0,0.0,,,0.0,0.0,0.0,0.0,0.0,0.0,0.0,0.0,0.0,0.0,0.0,0.0,,,,0.0,0.0,0.0,0.0,0.0,0.0,0.0,,0.0,0.0,0.0,0.0,,0.0,0.0,,0.0,0.0,0.0,0.0,0.0,0.0,0.0,0.0,0.0,0.0,6.8,7.8,00-0031273,BratCa00,17453.0,Cameron Brate,1991-07-03,77.0,245.0,Harvard,,,,,2014,8,11.0,0.0,19.0,0.0,0.061818181818181814,2022.0,Cameron Brate,TB,31.0,TE,11.0,1.0,38.0,20.0,174.0,0.0,8.0,113.0,5.7,61.0,3.1,7.0,2.0,10.0,1.0,0.026000000000000002,2.0,43.1,2023-08-28,,,,,,,,,,,,,,,,,,,,,,,,,,,,,,,,,,,,,,,,,,,,,,,,,,,,,,,,,,,,,,,,,,,,,,,,,,,,,9,3.4000000000000004,1.7000000000000002,1,0,0
2022,Mitchell Wilcox,M.Wilcox,00-0035771,CIN,TE,TE,57.0,9,36.9,4.1,19.9,17.0,17,18,139,1,0.030303030303030304,0.019410496046010063,0.0590418926867525,0,0,0,0,0,0,0,0,498.0,0.45375,0.07409638554216867,4.1,4.006245124802025,12.4,0,TE,"https://static.www.nfl.com/image/private/f_auto,q_auto/league/cxh2vsypwniukuheewu0",REG,0,0,0,0,0,0,0,,,0,,0,0,0,0,0,0,0,,0,0,0,0,0,0,0,81,74,6,9.272113411920145,0,6,2,0,0,1.7160493827160495,0,0,0,0,0,0,0,0.0,0.0,0,0,0,0,0,0,0,0,0,0,0,0,0,0,0,0,0,0,0,0,0,0,0,0,0,0,0,0,0,0,0,0,0,,,0,0,0,0,0,0,0,0,0,0,0,0,,,,0,0,0,0,0,0,0,,0,0,0,0,,0,0,,0,0,0,0,0,0,0,0,0,0,M.Wilcox,Mitchell Wilcox,TE,TE,"https://static.www.nfl.com/image/private/f_auto,q_auto/league/cxh2vsypwniukuheewu0",2022.0,POST,CIN,2.0,0.0,0.0,0.0,0.0,0.0,0.0,0.0,0.0,0.0,0.0,0.0,0.0,,,0.0,,0.0,0.0,0.0,0.0,0.0,0.0,0.0,0.0,0.0,0.0,,0.0,0.0,0.0,0.0,0.0,2.0,4.0,19.0,0.0,0.0,0.0,11.0,18.0,1.0,-0.03347342787310481,0.0,1.0,0.0,0.0,0.0,1.7272727272727273,0.039603960396039604,0.014725568942436412,0.06971383885376489,0.0,0.0,0.0,0.0,0.0,0.0,0.0,0.0,0.0,0.0,0.0,0.0,0.0,0.0,0.0,0.0,0.0,0.0,0.0,0.0,0.0,0.0,0.0,0.0,0.0,0.0,0.0,0.0,0.0,0.0,0.0,0.0,0.0,0.0,0.0,0.0,0.0,0.0,0.0,0.0,0.0,0.0,,,0.0,0.0,0.0,0.0,0.0,0.0,0.0,0.0,0.0,0.0,0.0,0.0,,,,0.0,0.0,0.0,0.0,0.0,0.0,0.0,,0.0,0.0,0.0,0.0,,0.0,0.0,,0.0,0.0,0.0,0.0,0.0,0.0,0.0,0.0,0.0,0.0,1.9000000000000001,3.9000000000000004,00-0035771,WilcMi01,3923392.0,Mitchell Wilcox,1996-11-07,76.0,250.0,University of South Florida,,,,,2020,4,16.0,0.0,242.0,0.0,0.558125,2022.0,Mitchell Wilcox,CIN,26.0,TE,16.0,4.0,18.0,17.0,139.0,1.0,6.0,65.0,3.8,74.0,4.4,4.5,1.0,17.0,0.0,0.0,0.0,117.4,2023-08-28,,,,,,,,,,,,,,,,,,,,,,,,,,,,,,,,,,,,,,,,,,,,,,,,,,,,,,,,,,,,,,,,,,,,,,,,,,,,,9,2.3,1.3,1,0,0
2022,O.J. Howard,O.Howard,00-0033879,HOU,TE,TE,58.0,11,36.5,3.3181818181818183,26.5,10.0,10,23,145,2,0.04121863799283154,0.058054153281321706,0.1024658642861725,0,0,0,0,0,0,0,0,313.0,0.3976923076923077,0.11661341853035144,3.3181818181818183,5.122463895786516,17.8,0,TE,"https://static.www.nfl.com/image/private/f_auto,q_auto/league/usf4x1xgc8bqnuaewkp2",REG,0,0,0,0,0,0,0,,,0,,0,0,0,0,0,0,0,,0,0,0,0,0,0,0,253,60,6,-2.043023224404952,0,6,5,4,0,0.5731225296442688,0,0,0,0,0,0,0,0.0,0.0,0,0,0,0,0,0,0,0,0,0,0,0,0,0,0,0,0,0,0,0,0,0,0,0,0,0,0,0,0,0,0,0,0,,,0,0,0,0,0,0,0,0,0,0,0,0,,,,0,0,0,0,0,0,0,,0,0,0,0,,0,0,,0,0,0,0,0,0,0,0,0,0,,,,,,,,,,,,,,,,,,,,,,,,,,,,,,,,,,,,,,,,,,,,,,,,,,,,,,,,,,,,,,,,,,,,,,,,,,,,,,,,,,,,,,,,,,,,,,,,,,,,,,,,,,,,,,,,,,,,,,,,,,,,,,,,,,,,,,,,,,,,,,,,,,,,00-0033879,HowaO.00,3043080.0,O.J. Howard,1994-11-18,78.0,251.0,Alabama,2017.0,1.0,19.0,TB,2017,6,13.0,0.0,31.0,0.0,0.08846153846153847,2022.0,OJ Howard,HOU,28.0,TE,13.0,10.0,23.0,10.0,145.0,2.0,6.0,85.0,8.5,60.0,6.0,10.8,1.0,10.0,0.0,0.0,1.0,75.5,2023-08-28,,,,,,,,,,,,,,,,,,,,,,,,,,,,,,,,,,,,,,,,,,,,,,,,,,,,,,,,,,,,,,,,,,,,,,,,,,,,,11,1.9,0.0,1,1,0
2022,Eric Saubert,E.Saubert,00-0033576,DEN,TE,TE,59.0,14,35.8,2.557142857142857,20.8,14.999999999999996,15,24,148,1,0.04436229205175601,0.040416166466586634,0.09483475460424465,0,0,0,0,0,0,0,0,395.0,0.35058823529411764,0.09063291139240505,2.557142857142857,3.243861489434677,9.2,0,TE,"https://static.www.nfl.com/image/upload/f_auto,q_auto/league/czzieyox5rht6ae3g5tx",REG,0,0,0,0,0,0,0,,,0,,0,0,0,0,0,0,0,,0,0,0,0,0,0,0,202,75,6,-2.877889098607665,0,5,3,3,0,0.7326732673267327,0,5,0,2,0,0,0,0.0,0.0,0,0,0,0,0,0,0,0,0,0,0,0,0,0,0,1,0,0,2,15,0,0,0,0,0,0,0,2,21,0,0,0,0,,,0,0,0,0,0,0,0,0,0,0,0,0,,,,0,0,0,0,0,0,0,,0,0,0,0,,0,0,,0,0,0,0,0,0,0,0,0,0,,,,,,,,,,,,,,,,,,,,,,,,,,,,,,,,,,,,,,,,,,,,,,,,,,,,,,,,,,,,,,,,,,,,,,,,,,,,,,,,,,,,,,,,,,,,,,,,,,,,,,,,,,,,,,,,,,,,,,,,,,,,,,,,,,,,,,,,,,,,,,,,,,,,00-0033576,SaubEr00,2975863.0,Eric Saubert,1994-05-09,77.0,248.0,Drake,2017.0,5.0,174.0,ATL,2017,9,17.0,0.0,323.0,0.0,0.6788235294117646,2022.0,Eric Saubert,DEN,28.0,TE,17.0,6.0,24.0,15.0,148.0,1.0,6.0,73.0,4.9,75.0,5.0,8.4,3.0,5.0,2.0,0.083,1.0,76.4,2023-08-28,,,,,,,,,,,,,,,,,,,,,,,,,,,,,,,,,,,,,,,,,,,,,,,,,,,,,,,,,,,,,,,,,,,,,,,,,,,,,14,1.35,0.0,0,0,0
2022,Zach Gentry,Z.Gentry,00-0035222,PIT,TE,TE,60.0,14,32.2,2.3000000000000003,13.200000000000001,19.0,19,23,132,0,0.041970802919708027,0.013593882752761258,0.07247192230649492,0,0,0,0,0,0,0,0,577.0,0.49588235294117644,0.055805892547660316,2.3000000000000003,2.5270840599698787,9.3,0,TE,"https://static.www.nfl.com/image/upload/f_auto,q_auto/league/a8vddwqiybkx41wwtjy4",REG,0,0,0,0,0,0,0,,,0,,0,0,0,0,0,0,0,,0,0,0,0,0,0,0,64,102,6,-1.4360584165122199,0,4,2,2,0,2.0625,0,0,0,0,0,0,0,0.0,0.0,0,0,0,0,0,0,0,0,0,0,0,0,0,0,0,0,0,0,1,10,0,0,0,0,0,0,0,0,0,0,0,0,0,,,0,0,0,0,0,0,0,0,0,0,0,0,,,,0,0,0,0,0,0,0,,0,0,0,0,,0,0,,0,0,0,0,0,0,0,0,0,0,,,,,,,,,,,,,,,,,,,,,,,,,,,,,,,,,,,,,,,,,,,,,,,,,,,,,,,,,,,,,,,,,,,,,,,,,,,,,,,,,,,,,,,,,,,,,,,,,,,,,,,,,,,,,,,,,,,,,,,,,,,,,,,,,,,,,,,,,,,,,,,,,,,,00-0035222,GentZa00,3929924.0,Zach Gentry,1996-09-10,80.0,265.0,Michigan,2019.0,5.0,141.0,PIT,2019,5,17.0,0.0,72.0,0.0,0.16470588235294117,2022.0,Zach Gentry,PIT,26.0,TE,17.0,13.0,23.0,19.0,132.0,0.0,6.0,30.0,1.6,102.0,5.4,2.8,0.0,,1.0,0.043,0.0,90.6,2023-08-28,,,,,,,,,,,,,,,,,,,,,,,,,,,,,,,,,,,,,,,,,,,,,,,,,,,,,,,,,,,,,,,,,,,,,,,,,,,,,14,1.4,0.0,0,0,0
2022,Joseph Fortson,J.Fortson,00-0035547,KC,TE,TE,61.0,10,31.8,3.18,22.8,9.0,9,13,108,2,0.021172638436482084,0.01867572156196944,0.044831962748101736,0,0,0,0,0,0,0,0,184.0,0.2076923076923077,0.17282608695652174,3.18,3.218281114715328,8.0,0,TE,"https://static.www.nfl.com/image/private/f_auto,q_auto/league/gxhstzqswbn4z05r9rqv",REG,0,0,0,0,0,0,0,,,0,,0,0,0,0,0,0,0,,0,0,0,0,0,0,0,88,40,6,8.230364134476986,0,4,2,2,1,1.2272727272727273,0,1,0,1,0,0,0,0.0,0.0,0,0,0,0,0,0,0,0,0,0,0,0,0,0,0,0,0,0,2,20,1,0,0,1,1,0,0,1,12,0,0,0,0,,,0,0,0,0,0,0,0,0,0,0,0,0,,,,0,0,0,0,0,0,0,,0,0,0,0,,0,0,,0,0,0,0,0,0,0,0,0,0,J.Fortson,Joseph Fortson,TE,TE,"https://static.www.nfl.com/image/private/f_auto,q_auto/league/gxhstzqswbn4z05r9rqv",2022.0,POST,KC,1.0,0.0,0.0,0.0,0.0,0.0,0.0,0.0,0.0,0.0,0.0,0.0,0.0,,,0.0,,0.0,0.0,0.0,0.0,0.0,0.0,0.0,0.0,0.0,0.0,,0.0,0.0,0.0,0.0,0.0,0.0,1.0,0.0,0.0,0.0,0.0,2.0,0.0,0.0,-1.5834333526244353,0.0,0.0,0.0,0.0,0.0,0.0,0.009900990099009901,0.003076923076923077,0.017005331302361003,0.0,0.0,0.0,0.0,0.0,0.0,0.0,0.0,0.0,0.0,0.0,0.0,0.0,0.0,0.0,0.0,0.0,0.0,0.0,0.0,0.0,0.0,0.0,0.0,0.0,0.0,0.0,0.0,0.0,0.0,0.0,0.0,0.0,0.0,0.0,0.0,0.0,0.0,0.0,0.0,0.0,0.0,,,0.0,0.0,0.0,0.0,0.0,0.0,0.0,0.0,0.0,0.0,0.0,0.0,,,,0.0,0.0,0.0,0.0,0.0,0.0,0.0,,0.0,0.0,0.0,0.0,,0.0,0.0,,0.0,0.0,0.0,0.0,0.0,0.0,0.0,0.0,0.0,0.0,0.0,0.0,00-0035547,FortJo01,4408854.0,Joseph Fortson,1995-12-07,76.0,226.0,Valdosta State; Erie CC,,,,,2019,4,13.0,0.0,181.0,0.0,0.5138461538461538,2022.0,Jody Fortson,KC,27.0,TE,13.0,1.0,13.0,9.0,108.0,2.0,6.0,68.0,7.6,40.0,4.4,6.8,0.0,,0.0,0.0,0.0,134.0,2023-08-28,,,,,,,,,,,,,,,,,,,,,,,,,,,,,,,,,,,,,,,,,,,,,,,,,,,,,,,,,,,,,,,,,,,,,,,,,,,,,10,1.7000000000000002,0.0,0,0,0
2022,John Bates,J.Bates,00-0036628,WAS,TE,TE,62.0,9,30.8,3.4222222222222225,16.8,14.0,14,22,108,1,0.04143126177024482,0.025600718616662924,0.08006739568703128,0,0,0,0,0,0,0,0,510.0,0.451875,0.0603921568627451,3.4222222222222225,3.937568341558588,11.4,0,TE,"https://static.www.nfl.com/image/upload/f_auto,q_auto/league/sqaiwpind6kk4ns4acql",REG,0,0,0,0,0,0,0,,,0,,0,0,0,0,0,0,0,,0,0,0,0,0,1,0,114,54,4,-2.8533656677464023,0,3,2,1,0,0.9473684210526315,0,0,0,0,0,0,0,0.0,0.0,0,0,0,0,0,0,0,0,0,0,0,0,0,1,0,0,0,0,0,0,1,0,0,1,0,0,0,0,0,0,0,0,0,,,0,0,0,0,0,0,0,0,0,0,0,0,,,,0,0,0,0,0,0,0,,0,0,0,0,,0,0,,0,0,0,0,0,0,0,0,0,0,,,,,,,,,,,,,,,,,,,,,,,,,,,,,,,,,,,,,,,,,,,,,,,,,,,,,,,,,,,,,,,,,,,,,,,,,,,,,,,,,,,,,,,,,,,,,,,,,,,,,,,,,,,,,,,,,,,,,,,,,,,,,,,,,,,,,,,,,,,,,,,,,,,,00-0036628,BateJo00,4048228.0,John Bates,1997-11-06,78.0,256.0,Boise State,2021.0,4.0,124.0,WAS,2021,6,16.0,0.0,65.0,0.0,0.15,2022.0,John Bates,WAS,25.0,TE,16.0,7.0,22.0,14.0,108.0,1.0,4.0,54.0,3.9,54.0,3.9,5.2,1.0,14.0,2.0,0.091,0.0,90.7,2023-08-28,,,,,,,,,,,,,,,,,,,,,,,,,,,,,,,,,,,,,,,,,,,,,,,,,,,,,,,,,,,,,,,,,,,,,,,,,,,,,9,1.6,0.0,1,0,0
2022,Lawrence Cager,L.Cager,00-0036145,NYG,TE,TE,62.0,6,30.8,5.133333333333334,17.8,13.0,13,19,118,1,0.03231292517006803,0.021264256717572007,0.06335436745740244,0,0,0,0,0,0,0,0,213.0,0.44571428571428573,0.14460093896713616,5.133333333333334,5.798505554594793,14.9,0,TE,"https://static.www.nfl.com/image/upload/f_auto,q_auto/league/o4zqx4bupnvb8p8ldbzy",REG,1,-2,0,0,0,0,0,-0.8402121948311105,,0,,0,0,0,0,0,0,0,,0,0,0,0,0,0,0,110,78,8,-5.217745262387209,0,6,2,1,0,1.0727272727272728,0,0,0,0,0,0,0,0.0,0.0,0,0,0,0,0,0,0,0,0,0,0,0,0,0,0,0,0,0,2,20,0,0,0,0,0,0,0,0,0,0,0,0,0,,,0,0,0,0,0,0,0,0,0,0,0,0,,,,0,0,0,0,0,0,0,,0,0,0,0,,0,0,,0,0,0,0,0,0,0,0,0,0,L.Cager,Lawrence Cager,TE,TE,"https://static.www.nfl.com/image/upload/f_auto,q_auto/league/o4zqx4bupnvb8p8ldbzy",2022.0,POST,NYG,2.0,0.0,0.0,0.0,0.0,0.0,0.0,0.0,0.0,0.0,0.0,0.0,0.0,,,0.0,,0.0,0.0,0.0,0.0,0.0,0.0,0.0,0.0,0.0,0.0,,0.0,0.0,0.0,0.0,0.0,2.0,3.0,20.0,0.0,0.0,0.0,23.0,2.0,1.0,-0.04497237717830149,0.0,1.0,1.0,0.0,0.0,0.8695652173913043,0.05084745762711865,0.05542168674698795,0.11506636716356954,0.0,0.0,0.0,0.0,0.0,0.0,0.0,0.0,0.0,0.0,0.0,0.0,0.0,0.0,0.0,0.0,0.0,0.0,0.0,0.0,0.0,0.0,0.0,0.0,0.0,0.0,0.0,0.0,0.0,0.0,0.0,0.0,0.0,0.0,0.0,0.0,0.0,0.0,0.0,0.0,0.0,0.0,,,0.0,0.0,0.0,0.0,0.0,0.0,0.0,0.0,0.0,0.0,0.0,0.0,,,,0.0,0.0,0.0,0.0,0.0,0.0,0.0,,0.0,0.0,0.0,0.0,,0.0,0.0,,0.0,0.0,0.0,0.0,0.0,0.0,0.0,0.0,0.0,0.0,2.0,4.0,00-0036145,CageLa01,3917849.0,Lawrence Cager,1997-08-20,77.0,220.0,Georgia; Miami,,,,,2020,4,7.0,0.0,25.0,0.0,0.13142857142857142,2022.0,Lawrence Cager,2TM,25.0,TE,7.0,4.0,19.0,13.0,118.0,1.0,8.0,40.0,3.1,78.0,6.0,5.8,1.0,13.0,0.0,0.0,2.0,62.9,2023-08-28,,,,,,,,,,,,,,,,,,,,,,,,,,,,,,,,,,,,,,,,,,,,,,,,,,,,,,,,,,,,,,,,,,,,,,,,,,,,,6,3.5,0.0,1,0,0
2022,Teagan Quitoriano,T.Quitoriano,00-0037277,HOU,TE,TE,64.0,7,30.3,4.328571428571428,23.3,7.0,7,14,113,2,0.025089605734767026,0.04015603487838458,0.06574363301701974,0,0,0,0,0,0,0,0,323.0,0.57,0.09380804953560372,4.328571428571428,4.568265274592493,11.3,0,TE,"https://static.www.nfl.com/image/upload/f_auto,q_auto/league/adwepaexueevxdcqjhyf",REG,0,0,0,0,0,0,0,,,0,,0,0,0,0,0,0,0,,0,0,0,0,0,0,0,175,53,5,2.1962939216173254,0,3,2,2,1,0.6457142857142857,0,2,0,0,0,0,0,0.0,0.0,0,0,0,0,0,0,0,0,0,0,0,0,0,0,0,0,0,0,1,10,0,0,0,0,0,0,0,0,0,0,0,0,0,,,0,0,0,0,0,0,0,0,0,0,0,0,,,,0,0,0,0,0,0,0,,0,0,0,0,,0,0,,0,0,0,0,0,0,0,0,0,0,,,,,,,,,,,,,,,,,,,,,,,,,,,,,,,,,,,,,,,,,,,,,,,,,,,,,,,,,,,,,,,,,,,,,,,,,,,,,,,,,,,,,,,,,,,,,,,,,,,,,,,,,,,,,,,,,,,,,,,,,,,,,,,,,,,,,,,,,,,,,,,,,,,,00-0037277,QuitTe00,4374045.0,Teagan Quitoriano,2000-03-15,78.0,259.0,Oregon State,2022.0,5.0,170.0,HOU,2022,5,9.0,0.0,18.0,0.0,0.06888888888888889,2022.0,Teagan Quitoriano,HOU,22.0,TE,9.0,6.0,14.0,7.0,113.0,2.0,5.0,60.0,8.6,53.0,7.6,11.8,0.0,,1.0,0.071,1.0,87.2,2023-08-28,,,,,,,,,,,,,,,,,,,,,,,,,,,,,,,,,,,,,,,,,,,,,,,,,,,,,,,,,,,,,,,,,,,,,,,,,,,,,7,4.0,0.0,1,0,0
2022,Donald Parham,D.Parham,00-0035329,LAC,TE,TE,65.0,6,29.0,4.833333333333333,19.0,10.0,10,12,130,1,0.017467248908296942,0.027427560274275602,0.045400165554438335,0,0,0,0,0,0,0,0,144.0,0.3383333333333334,0.2013888888888889,4.833333333333333,3.271493033259687,8.3,0,TE,"https://static.www.nfl.com/image/upload/f_auto,q_auto/league/v4ryz7edi35hnbogbqjt",REG,0,0,0,0,0,0,0,,,0,,0,0,0,0,0,0,0,,0,0,0,0,0,0,0,124,42,5,8.140817218900931,0,5,4,2,0,1.0483870967741935,0,0,0,0,0,0,0,0.0,0.0,0,0,0,0,0,0,0,0,0,0,0,0,0,0,0,0,0,0,3,19,0,0,0,0,0,0,0,0,0,0,0,0,0,,,0,0,0,0,0,0,0,0,0,0,0,0,,,,0,0,0,0,0,0,0,,0,0,0,0,,0,0,,0,0,0,0,0,0,0,0,0,0,D.Parham,Donald Parham,TE,TE,"https://static.www.nfl.com/image/upload/f_auto,q_auto/league/v4ryz7edi35hnbogbqjt",2022.0,POST,LAC,1.0,0.0,0.0,0.0,0.0,0.0,0.0,0.0,0.0,0.0,0.0,0.0,0.0,,,0.0,,0.0,0.0,0.0,0.0,0.0,0.0,0.0,0.0,0.0,0.0,,0.0,0.0,0.0,0.0,0.0,4.0,5.0,23.0,0.0,0.0,0.0,34.0,2.0,1.0,0.06958467571530491,0.0,1.0,0.0,0.0,0.0,0.6764705882352942,0.11904761904761904,0.14225941422594143,0.2781530185295875,0.0,0.0,0.0,0.0,0.0,0.0,0.0,0.0,0.0,0.0,0.0,0.0,0.0,0.0,0.0,0.0,0.0,0.0,0.0,0.0,0.0,0.0,0.0,0.0,0.0,0.0,0.0,0.0,0.0,0.0,0.0,0.0,0.0,0.0,0.0,0.0,0.0,0.0,0.0,0.0,0.0,0.0,,,0.0,0.0,0.0,0.0,0.0,0.0,0.0,0.0,0.0,0.0,0.0,0.0,,,,0.0,0.0,0.0,0.0,0.0,0.0,0.0,,0.0,0.0,0.0,0.0,,0.0,0.0,,0.0,0.0,0.0,0.0,0.0,0.0,0.0,0.0,0.0,0.0,2.3000000000000003,6.300000000000001,00-0035329,ParhDo00,3912092.0,Donald Parham,1997-08-16,80.0,237.0,Stetson,,,,,2019,5,6.0,0.0,0.0,0.0,0.0,2022.0,Donald Parham,LAC,25.0,TE,6.0,1.0,12.0,10.0,130.0,1.0,5.0,88.0,8.8,42.0,4.2,10.3,0.0,,0.0,0.0,0.0,139.6,2023-08-28,,,,,,,,,,,,,,,,,,,,,,,,,,,,,,,,,,,,,,,,,,,,,,,,,,,,,,,,,,,,,,,,,,,,,,,,,,,,,6,5.8,0.0,0,0,0
2022,Eric Tomlinson,E.Tomlinson,00-0031690,DEN,TE,TE,66.0,9,28.9,3.211111111111111,19.9,9.0,9,13,79,2,0.024029574861367836,0.011804721888755502,0.044307667614180604,0,0,0,0,0,0,0,0,407.0,0.35764705882352943,0.071007371007371,3.211111111111111,4.075979773147938,11.8,0,TE,"https://static.www.nfl.com/image/upload/f_auto,q_auto/league/i2n4shhc4sprxbsbhfcy",REG,0,0,0,0,0,0,0,,,0,,0,0,0,0,0,0,0,,0,0,0,0,0,0,0,59,44,5,7.262342727277428,0,3,2,0,0,1.3389830508474576,0,0,0,0,0,0,0,0.0,0.0,0,0,0,0,0,0,0,0,0,0,0,0,0,0,0,0,0,0,3,20,0,0,0,0,0,0,0,0,0,0,0,0,0,,,0,0,0,0,0,0,0,0,0,0,0,0,,,,0,0,0,0,0,0,0,,0,0,0,0,,0,0,,0,0,0,0,0,0,0,0,0,0,,,,,,,,,,,,,,,,,,,,,,,,,,,,,,,,,,,,,,,,,,,,,,,,,,,,,,,,,,,,,,,,,,,,,,,,,,,,,,,,,,,,,,,,,,,,,,,,,,,,,,,,,,,,,,,,,,,,,,,,,,,,,,,,,,,,,,,,,,,,,,,,,,,,00-0031690,TomlEr01,2511973.0,Eric Tomlinson,1992-04-22,78.0,265.0,Texas-El Paso,,,,,2015,8,17.0,0.0,62.0,0.0,0.12588235294117647,2022.0,Eric Tomlinson,DEN,30.0,TE,17.0,12.0,13.0,9.0,79.0,2.0,5.0,35.0,3.9,44.0,4.9,4.5,0.0,,0.0,0.0,0.0,124.7,2023-08-28,,,,,,,,,,,,,,,,,,,,,,,,,,,,,,,,,,,,,,,,,,,,,,,,,,,,,,,,,,,,,,,,,,,,,,,,,,,,,9,2.6,0.0,1,0,0
2022,James Mitchell,J.Mitchell,00-0037282,DET,TE,TE,67.0,8,28.3,3.5375,17.3,11.0,11,11,113,1,0.019538188277087035,0.012333736396614269,0.03794089789326054,0,0,0,0,0,0,0,0,183.0,0.19428571428571426,0.1546448087431694,3.5375,2.410653438385535,8.8,0,TE,"https://static.www.nfl.com/image/upload/f_auto,q_auto/league/q8b9goebgmuwusl6vqdc",REG,0,0,0,0,0,0,0,,,0,,0,0,0,0,0,0,0,,0,0,0,0,0,0,0,51,62,7,10.009731887665112,0,4,2,2,0,2.215686274509804,0,0,0,0,0,0,0,0.0,0.0,0,0,0,0,0,0,0,0,0,0,0,0,0,0,0,0,0,0,1,10,0,0,0,0,0,0,0,0,0,0,0,0,0,,,0,0,0,0,0,0,0,0,0,0,0,0,,,,0,0,0,0,0,0,0,,0,0,0,0,,0,0,,0,0,0,0,0,0,0,0,0,0,,,,,,,,,,,,,,,,,,,,,,,,,,,,,,,,,,,,,,,,,,,,,,,,,,,,,,,,,,,,,,,,,,,,,,,,,,,,,,,,,,,,,,,,,,,,,,,,,,,,,,,,,,,,,,,,,,,,,,,,,,,,,,,,,,,,,,,,,,,,,,,,,,,,00-0037282,MitcJa00,4361988.0,James Mitchell,1999-08-11,76.0,264.0,Virginia Tech,2022.0,5.0,177.0,DET,2022,4,14.0,0.0,136.0,0.0,0.37714285714285717,2022.0,James Mitchell,DET,23.0,TE,14.0,0.0,11.0,11.0,113.0,1.0,7.0,51.0,4.6,62.0,5.6,4.6,0.0,,0.0,0.0,0.0,139.8,2023-08-28,,,,,,,,,,,,,,,,,,,,,,,,,,,,,,,,,,,,,,,,,,,,,,,,,,,,,,,,,,,,,,,,,,,,,,,,,,,,,8,2.85,1.4,0,0,0
2022,Brevin Jordan,B.Jordan,00-0036556,HOU,TE,TE,68.0,9,26.8,2.977777777777778,12.8,14.0,14,28,128,0,0.05017921146953405,0.04703992657182194,0.10819676580457643,0,0,0,0,0,0,0,0,272.0,0.38727272727272727,0.09852941176470588,2.977777777777778,2.4641315801808243,8.600000000000001,0,TE,"https://static.www.nfl.com/image/upload/f_auto,q_auto/league/rn42gehfbeflx2px8njx",REG,0,0,0,0,0,0,0,,,0,,0,0,0,0,0,0,0,,0,0,0,0,0,0,0,205,78,7,-13.691265246454163,0,5,3,2,0,0.624390243902439,0,1,0,0,0,0,0,0.0,0.0,0,0,0,0,0,0,0,0,0,0,0,0,0,0,0,0,0,0,2,25,0,0,0,0,0,0,0,0,0,0,0,0,0,,,0,0,0,0,0,0,0,0,0,0,0,0,,,,0,0,0,0,0,0,0,,0,0,0,0,,0,0,,0,0,0,0,0,0,0,0,0,0,,,,,,,,,,,,,,,,,,,,,,,,,,,,,,,,,,,,,,,,,,,,,,,,,,,,,,,,,,,,,,,,,,,,,,,,,,,,,,,,,,,,,,,,,,,,,,,,,,,,,,,,,,,,,,,,,,,,,,,,,,,,,,,,,,,,,,,,,,,,,,,,,,,,00-0036556,JordBr00,4362504.0,Brevin Jordan,2000-07-16,75.0,245.0,Miami,2021.0,5.0,147.0,HOU,2021,6,11.0,0.0,17.0,0.0,0.05454545454545454,2022.0,Brevin Jordan,HOU,22.0,TE,11.0,3.0,28.0,14.0,128.0,0.0,7.0,43.0,3.1,85.0,6.1,7.1,0.0,,2.0,0.071,2.0,33.0,2023-08-28,,,,,,,,,,,,,,,,,,,,,,,,,,,,,,,,,,,,,,,,,,,,,,,,,,,,,,,,,,,,,,,,,,,,,,,,,,,,,9,2.3,0.0,0,0,0
2022,Marcedes Lewis,M.Lewis,00-0024243,GB,TE,TE,69.0,6,26.6,4.433333333333334,20.6,6.0,6,7,66,2,0.012962962962962963,0.012952210808396605,0.02851099201032207,0,0,0,0,0,0,0,0,451.0,0.4117647058823529,0.05898004434589801,4.433333333333334,3.958114029012639,11.2,0,TE,"https://static.www.nfl.com/image/private/f_auto,q_auto/league/ppq07tipygpftz5csipx",REG,0,0,0,0,0,0,0,,,0,,0,0,0,0,0,0,0,,0,0,0,0,0,0,0,58,14,5,8.020597299488262,1,3,2,1,0,1.1379310344827587,0,0,0,0,0,0,0,0.0,0.0,0,0,0,0,0,0,0,0,0,0,0,0,0,0,0,0,0,0,0,0,0,0,0,0,0,0,0,0,0,0,0,0,0,,,0,0,0,0,0,0,0,0,0,0,0,0,,,,0,0,0,0,0,0,0,,0,0,0,0,,0,0,,0,0,0,0,0,0,0,0,0,0,,,,,,,,,,,,,,,,,,,,,,,,,,,,,,,,,,,,,,,,,,,,,,,,,,,,,,,,,,,,,,,,,,,,,,,,,,,,,,,,,,,,,,,,,,,,,,,,,,,,,,,,,,,,,,,,,,,,,,,,,,,,,,,,,,,,,,,,,,,,,,,,,,,,00-0024243,LewiMa00,9614.0,Marcedes Lewis,1984-05-19,78.0,267.0,UCLA,2006.0,1.0,28.0,JAX,2006,20,17.0,0.0,68.0,0.0,0.15529411764705883,2022.0,Marcedes Lewis,GB,38.0,TE,17.0,17.0,7.0,6.0,66.0,2.0,5.0,52.0,8.7,14.0,2.3,8.3,0.0,,1.0,0.14300000000000002,0.0,145.5,2023-08-28,,,,,,,,,,,,,,,,,,,,,,,,,,,,,,,,,,,,,,,,,,,,,,,,,,,,,,,,,,,,,,,,,,,,,,,,,,,,,6,2.6500000000000004,0.9,1,0,0
2022,Albert Okwuegbunam,A.Okwuegbunam,00-0036423,DEN,TE,TE,70.0,6,25.5,4.25,15.5,10.0,10,18,95,1,0.033271719038817,0.019807923169267706,0.06377312477671289,0,0,0,0,0,0,0,0,190.0,0.34500000000000003,0.13421052631578947,4.25,5.474577609277268,13.5,0,TE,"https://static.www.nfl.com/image/upload/f_auto,q_auto/league/ivyip7mtbv6i0wbnlrph",REG,0,0,0,0,0,0,0,,,0,,0,0,0,0,0,0,0,,0,0,0,0,0,0,0,99,59,4,-2.2868509975230915,0,4,2,1,0,0.9595959595959596,0,0,0,0,0,0,0,0.0,0.0,0,0,0,0,0,0,0,0,0,0,0,0,0,0,0,0,0,0,0,0,0,0,0,0,0,0,0,0,0,0,0,0,0,,,0,0,0,0,0,0,0,0,0,0,0,0,,,,0,0,0,0,0,0,0,,0,0,0,0,,0,0,,0,0,0,0,0,0,0,0,0,0,,,,,,,,,,,,,,,,,,,,,,,,,,,,,,,,,,,,,,,,,,,,,,,,,,,,,,,,,,,,,,,,,,,,,,,,,,,,,,,,,,,,,,,,,,,,,,,,,,,,,,,,,,,,,,,,,,,,,,,,,,,,,,,,,,,,,,,,,,,,,,,,,,,,00-0036423,OkwuAl00,4035115.0,Albert Okwuegbunam,1998-04-25,77.0,258.0,Missouri,2020.0,4.0,118.0,DEN,2020,6,8.0,0.0,0.0,0.0,0.0,2022.0,Albert Okwuegbunam,DEN,24.0,TE,8.0,1.0,18.0,10.0,95.0,1.0,4.0,36.0,3.6,59.0,5.9,5.5,1.0,10.0,2.0,0.111,0.0,88.9,2023-08-28,,,,,,,,,,,,,,,,,,,,,,,,,,,,,,,,,,,,,,,,,,,,,,,,,,,,,,,,,,,,,,,,,,,,,,,,,,,,,6,1.85,0.0,1,0,0
2022,N'Keal Harry,N.Harry,00-0035624,CHI,TE,TE,71.0,6,24.6,4.1000000000000005,17.6,7.0,7,9,116,1,0.025069637883008356,0.0446584938704028,0.0688654025337945,0,0,0,0,0,0,0,0,176.0,0.3828571428571429,0.13977272727272727,4.1000000000000005,3.466410246926927,10.4,0,TE,"https://static.www.nfl.com/image/upload/f_auto,q_auto/league/yl0nlprrudo2o0awymq3",REG,0,0,0,0,0,0,0,,,0,,0,0,0,0,0,0,0,,0,0,0,0,0,0,0,153,16,4,8.584231152955908,0,4,3,1,1,0.7581699346405228,0,0,0,0,0,0,0,0.0,0.0,0,0,0,0,0,0,0,0,0,0,0,0,0,0,0,0,0,0,0,0,0,0,0,0,0,0,0,0,0,0,0,0,0,,,0,0,0,0,0,0,0,0,0,0,0,0,,,,0,0,0,0,0,0,0,,0,0,0,0,,0,0,,0,0,0,0,0,0,0,0,0,0,,,,,,,,,,,,,,,,,,,,,,,,,,,,,,,,,,,,,,,,,,,,,,,,,,,,,,,,,,,,,,,,,,,,,,,,,,,,,,,,,,,,,,,,,,,,,,,,,,,,,,,,,,,,,,,,,,,,,,,,,,,,,,,,,,,,,,,,,,,,,,,,,,,,00-0035624,HarrNK00,4047839.0,N'Keal Harry,1997-12-17,76.0,225.0,Arizona State,2019.0,1.0,32.0,NE,2019,6,7.0,0.0,2.0,0.0,0.011428571428571429,2022.0,NKeal Harry,CHI,25.0,WR,7.0,0.0,9.0,7.0,116.0,1.0,4.0,100.0,14.3,16.0,2.3,17.0,0.0,,0.0,0.0,0.0,155.8,2023-08-28,,,,,,,,,,,,,,,,,,,,,,,,,,,,,,,,,,,,,,,,,,,,,,,,,,,,,,,,,,,,,,,,,,,,,,,,,,,,,6,2.5,1.6,1,0,0
2022,Josiah Deguara,J.Deguara,00-0036332,GB,TE,TE,72.0,9,24.4,2.711111111111111,11.4,12.999999999999998,13,15,114,0,0.027777777777777776,0.01094238499330058,0.04932633616197707,0,0,0,0,0,0,0,0,258.0,0.23588235294117646,0.09457364341085271,2.7111111111111112,2.873344934237989,9.100000000000001,0,TE,"https://static.www.nfl.com/image/upload/f_auto,q_auto/league/wivlyvbmlm0aogcvl2yz",REG,0,0,0,0,0,0,0,,,0,,0,0,0,0,0,0,0,,0,0,0,0,0,0,0,49,63,4,3.4746857234858908,0,4,1,1,0,2.326530612244898,0,1,0,0,1,3,0,0.0,0.0,0,0,0,0,0,0,1,0,0,0,0,0,0,0,0,0,0,0,0,0,0,0,0,0,0,0,0,1,0,0,0,0,0,,,0,0,0,0,0,0,0,0,0,0,0,0,,,,0,0,0,0,0,0,0,,0,0,0,0,,0,0,,0,0,0,0,0,0,0,0,0,0,,,,,,,,,,,,,,,,,,,,,,,,,,,,,,,,,,,,,,,,,,,,,,,,,,,,,,,,,,,,,,,,,,,,,,,,,,,,,,,,,,,,,,,,,,,,,,,,,,,,,,,,,,,,,,,,,,,,,,,,,,,,,,,,,,,,,,,,,,,,,,,,,,,,00-0036332,DeguJo00,3914151.0,Josiah Deguara,1997-02-14,74.0,240.0,Cincinnati,2020.0,3.0,94.0,GB,2020,5,17.0,0.0,200.0,0.0,0.4688235294117647,2022.0,Josiah Deguara,GB,25.0,TE,17.0,3.0,15.0,13.0,114.0,0.0,4.0,51.0,3.9,63.0,4.8,3.3,0.0,,2.0,0.133,0.0,98.3,2023-08-28,,,,,,,,,,,,,,,,,,,,,,,,,,,,,,,,,,,,,,,,,,,,,,,,,,,,,,,,,,,,,,,,,,,,,,,,,,,,,9,1.9,0.0,0,0,0
2022,Geoff Swaim,G.Swaim,00-0032141,TEN,TE,TE,73.0,12,23.8,1.9833333333333334,11.8,12.0,12,16,58,1,0.03669724770642202,0.009531819456125596,0.06171814517892095,0,0,0,0,0,0,0,0,577.0,0.5594117647058824,0.04124783362218371,1.9833333333333334,3.1120976069447948,10.9,0,TE,"https://static.www.nfl.com/image/upload/f_auto,q_auto/league/kecuhwgbqvlqt6gb0dz6",REG,0,0,0,0,0,0,0,,,0,,0,0,0,0,0,0,0,,0,0,0,0,0,0,0,34,43,4,-1.8323340706701856,0,1,0,0,0,1.7058823529411764,0,0,0,0,0,0,0,0.0,0.0,0,0,0,0,0,0,0,0,0,0,0,0,0,0,0,0,0,0,1,12,0,0,0,0,0,0,0,0,0,0,0,0,0,,,0,0,0,0,0,0,0,0,0,0,0,0,,,,0,0,0,0,0,0,0,,0,0,0,0,,0,0,,0,0,0,0,0,0,0,0,0,0,,,,,,,,,,,,,,,,,,,,,,,,,,,,,,,,,,,,,,,,,,,,,,,,,,,,,,,,,,,,,,,,,,,,,,,,,,,,,,,,,,,,,,,,,,,,,,,,,,,,,,,,,,,,,,,,,,,,,,,,,,,,,,,,,,,,,,,,,,,,,,,,,,,,00-0032141,SwaiGe00,3046704.0,Geoff Swaim,1993-09-16,76.0,260.0,Texas; Butte College,2015.0,7.0,246.0,DAL,2015,10,17.0,0.0,126.0,0.0,0.2888235294117647,2022.0,Geoff Swaim,TEN,29.0,TE,17.0,13.0,16.0,12.0,58.0,1.0,4.0,15.0,1.3,43.0,3.6,2.1,0.0,,3.0,0.188,0.0,100.5,2023-08-28,,,,,,,,,,,,,,,,,,,,,,,,,,,,,,,,,,,,,,,,,,,,,,,,,,,,,,,,,,,,,,,,,,,,,,,,,,,,,12,1.35,0.0,1,0,0
2022,Pharaoh Brown,P.Brown,00-0033439,CLE,TE,TE,74.0,8,23.700000000000003,2.9625000000000004,11.700000000000001,12.000000000000002,12,20,117,0,0.035842293906810034,0.029371271225332722,0.07432333071794794,0,0,0,0,0,0,0,0,341.0,0.32625,0.06950146627565983,2.9625,2.253845919438911,6.1,0,TE,"https://static.www.nfl.com/image/upload/f_auto,q_auto/league/hfgg6gr7aiyzmdzh4iww",REG,0,0,0,0,0,0,0,,,0,,0,0,0,0,0,0,0,,0,0,0,0,0,0,0,128,83,6,-2.4887456162299766,0,6,3,1,0,0.9140625,0,2,0,0,0,0,0,0.0,0.0,0,0,0,0,0,0,0,0,0,0,0,0,0,0,0,0,0,0,1,5,0,0,0,0,0,0,0,0,0,0,0,0,0,,,0,0,0,0,0,0,0,0,0,0,0,0,,,,0,0,0,0,0,0,0,,0,0,0,0,,0,0,,0,0,0,0,0,0,0,0,0,0,,,,,,,,,,,,,,,,,,,,,,,,,,,,,,,,,,,,,,,,,,,,,,,,,,,,,,,,,,,,,,,,,,,,,,,,,,,,,,,,,,,,,,,,,,,,,,,,,,,,,,,,,,,,,,,,,,,,,,,,,,,,,,,,,,,,,,,,,,,,,,,,,,,,00-0033439,BrowPh01,2971281.0,Pharaoh Brown,1994-05-04,77.0,246.0,Oregon,,,,,2017,9,16.0,0.0,21.0,0.0,0.049375,2022.0,Pharaoh Brown,2TM,28.0,TE,16.0,8.0,20.0,12.0,117.0,0.0,6.0,34.0,2.8,83.0,6.9,6.4,0.0,,1.0,0.05,1.0,55.6,2023-08-28,,,,,,,,,,,,,,,,,,,,,,,,,,,,,,,,,,,,,,,,,,,,,,,,,,,,,,,,,,,,,,,,,,,,,,,,,,,,,8,3.0,0.0,0,0,0
2022,Jack Stoll,J.Stoll,00-0036741,PHI,TE,TE,75.0,9,23.3,2.588888888888889,12.3,11.0,11,14,123,0,0.027722772277227723,0.020261143628995948,0.05576695895613875,0,0,0,0,0,0,0,0,574.0,0.4776470588235295,0.04059233449477352,2.588888888888889,2.025120023877872,7.1000000000000005,0,TE,"https://static.www.nfl.com/image/upload/f_auto,q_auto/league/vx5eqo8t1qvj0ijwmiwm",REG,0,0,0,0,0,0,0,,,0,,0,0,0,0,0,0,0,,0,0,0,0,0,0,0,90,49,5,7.91232904131175,0,5,2,2,0,1.3666666666666667,0,1,1,0,0,0,0,0.0,0.0,0,0,0,0,0,0,0,0,0,0,0,0,0,0,0,0,0,0,2,10,0,0,0,0,0,0,0,0,0,0,0,0,0,,,0,0,0,0,0,0,0,0,0,0,0,0,,,,0,0,0,0,0,0,0,,0,0,0,0,,0,0,,0,0,0,0,0,0,0,0,0,0,J.Stoll,Jack Stoll,TE,TE,"https://static.www.nfl.com/image/upload/f_auto,q_auto/league/vx5eqo8t1qvj0ijwmiwm",2022.0,POST,PHI,2.0,0.0,0.0,0.0,0.0,0.0,0.0,0.0,0.0,0.0,0.0,0.0,0.0,,,0.0,,0.0,0.0,0.0,0.0,0.0,0.0,0.0,0.0,0.0,0.0,,0.0,0.0,0.0,0.0,0.0,1.0,1.0,5.0,0.0,0.0,0.0,5.0,0.0,0.0,-0.122301388066262,0.0,0.0,0.0,0.0,0.0,1.0,0.012195121951219513,0.006321112515802781,0.022717461687891218,0.0,1.0,0.0,0.0,0.0,0.0,0.0,0.0,0.0,0.0,0.0,0.0,0.0,0.0,0.0,0.0,0.0,0.0,0.0,0.0,0.0,0.0,0.0,0.0,0.0,0.0,0.0,0.0,0.0,0.0,0.0,0.0,0.0,0.0,0.0,0.0,0.0,0.0,0.0,0.0,0.0,0.0,,,0.0,0.0,0.0,0.0,0.0,0.0,0.0,0.0,0.0,0.0,0.0,0.0,,,,0.0,0.0,0.0,0.0,0.0,0.0,0.0,,0.0,0.0,0.0,0.0,,0.0,0.0,,0.0,0.0,0.0,0.0,0.0,0.0,0.0,0.0,0.0,0.0,0.5,1.5,00-0036741,StolJa00,4034862.0,Jack Stoll,1998-01-28,76.0,247.0,Nebraska,,,,,2021,5,17.0,0.0,203.0,0.0,0.44764705882352945,2022.0,Jack Stoll,PHI,24.0,TE,17.0,11.0,14.0,11.0,123.0,0.0,5.0,74.0,6.7,49.0,4.5,6.4,0.0,,0.0,0.0,0.0,103.3,2023-08-28,,,,,,,,,,,,,,,,,,,,,,,,,,,,,,,,,,,,,,,,,,,,,,,,,,,,,,,,,,,,,,,,,,,,,,,,,,,,,9,2.1,0.0,0,0,0
2022,Tanner Hudson,T.Hudson,00-0034613,NYG,TE,TE,76.0,6,23.200000000000003,3.866666666666667,13.200000000000001,10.000000000000002,10,15,132,0,0.03067484662576687,0.032993401319736056,0.06910765086246554,0,0,0,0,0,0,0,0,259.0,0.35,0.08957528957528958,3.866666666666667,3.045433740317899,8.8,0,TE,"https://static.www.nfl.com/image/upload/f_auto,q_auto/league/pyl2bpjw0vy4idcseama",REG,0,0,0,0,0,0,0,,,0,,0,0,0,0,0,0,0,,0,0,0,0,0,0,0,110,59,8,2.8454407250974327,0,7,4,1,0,1.2,0,0,0,0,0,0,0,0.0,0.0,0,0,0,0,0,0,0,0,0,0,0,0,0,0,0,0,0,0,1,10,0,0,0,0,0,0,0,0,0,0,0,0,0,,,0,0,0,0,0,0,0,0,0,0,0,0,,,,0,0,0,0,0,0,0,,0,0,0,0,,0,0,,0,0,0,0,0,0,0,0,0,0,,,,,,,,,,,,,,,,,,,,,,,,,,,,,,,,,,,,,,,,,,,,,,,,,,,,,,,,,,,,,,,,,,,,,,,,,,,,,,,,,,,,,,,,,,,,,,,,,,,,,,,,,,,,,,,,,,,,,,,,,,,,,,,,,,,,,,,,,,,,,,,,,,,,00-0034613,HudsTa00,3050481.0,Tanner Hudson,1994-11-12,77.0,241.0,Southern Arkansas; Memphis,,,,,2018,7,11.0,0.0,48.0,0.0,0.16090909090909092,2022.0,Tanner Hudson,NYG,28.0,TE,11.0,0.0,15.0,10.0,132.0,0.0,8.0,73.0,7.3,59.0,5.9,7.3,0.0,,1.0,0.067,0.0,94.3,2023-08-28,,,,,,,,,,,,,,,,,,,,,,,,,,,,,,,,,,,,,,,,,,,,,,,,,,,,,,,,,,,,,,,,,,,,,,,,,,,,,6,3.5,0.0,0,0,0
2022,Dan Arnold,D.Arnold,00-0034011,JAX,TE,TE,77.0,11,22.5,2.0454545454545454,13.5,9.0,9,13,135,0,0.02264808362369338,0.01999080882352941,0.047965691612010655,0,0,0,0,0,0,0,0,167.0,0.14588235294117646,0.1347305389221557,2.0454545454545454,1.231554819213206,3.6,0,TE,"https://static.www.nfl.com/image/private/f_auto,q_auto/league/txr5zwgfdbtwzsre8trk",REG,0,0,0,0,0,0,0,,,0,,0,0,0,0,0,0,0,,0,0,0,0,0,0,0,87,70,5,5.848696494940668,0,5,5,3,0,1.5517241379310345,0,0,0,0,0,0,0,0.0,0.0,0,0,0,0,0,0,0,0,0,0,0,0,0,0,0,0,0,0,2,15,0,0,0,0,0,0,0,0,0,0,0,0,0,,,0,0,0,0,0,0,0,0,0,0,0,0,,,,0,0,0,0,0,0,0,,0,0,0,0,,0,0,,0,0,0,0,0,0,0,0,0,0,,,,,,,,,,,,,,,,,,,,,,,,,,,,,,,,,,,,,,,,,,,,,,,,,,,,,,,,,,,,,,,,,,,,,,,,,,,,,,,,,,,,,,,,,,,,,,,,,,,,,,,,,,,,,,,,,,,,,,,,,,,,,,,,,,,,,,,,,,,,,,,,,,,,00-0034011,ArnoDa00,4212989.0,Dan Arnold,1995-03-15,78.0,220.0,Wisconsin-Platteville,,,,,2017,6,17.0,0.0,123.0,0.0,0.2923529411764706,2022.0,Dan Arnold,JAX,27.0,TE,17.0,0.0,13.0,9.0,135.0,0.0,5.0,60.0,6.7,75.0,8.3,6.3,0.0,,1.0,0.077,0.0,103.0,2023-08-28,,,,,,,,,,,,,,,,,,,,,,,,,,,,,,,,,,,,,,,,,,,,,,,,,,,,,,,,,,,,,,,,,,,,,,,,,,,,,11,1.8,0.0,0,0,0
2022,Ko Kieft,K.Kieft,00-0037311,TB,TE,TE,78.0,13,21.0,1.6153846153846154,14.0,7.0,7,10,80,1,0.013812154696132596,0.011042231693142193,0.02844779422939843,0,0,0,0,0,0,0,0,265.0,0.21823529411764706,0.07924528301886792,1.6153846153846154,2.1212599062216753,7.5,0,TE,"https://static.www.nfl.com/image/upload/f_auto,q_auto/league/whd4f9mav6qqckqltqwu",REG,0,0,0,0,0,0,0,,,0,,0,0,0,0,0,0,0,,0,0,0,0,0,0,0,57,31,5,4.617778497631662,0,4,2,0,0,1.4035087719298245,0,7,1,3,0,0,0,0.0,0.0,0,0,0,0,0,0,0,0,0,0,0,0,0,0,0,0,0,0,5,43,0,0,0,0,0,0,0,1,7,0,0,0,0,,,0,0,0,0,0,0,0,0,0,0,0,0,,,,0,0,0,0,0,0,0,,0,0,0,0,,0,0,,0,0,0,0,0,0,0,0,0,0,K.Kieft,Ko Kieft,TE,TE,"https://static.www.nfl.com/image/upload/f_auto,q_auto/league/whd4f9mav6qqckqltqwu",2022.0,POST,TB,1.0,0.0,0.0,0.0,0.0,0.0,0.0,0.0,0.0,0.0,0.0,0.0,0.0,,,0.0,,0.0,0.0,0.0,0.0,0.0,0.0,0.0,0.0,0.0,0.0,,0.0,0.0,0.0,0.0,0.0,0.0,1.0,0.0,0.0,0.0,0.0,2.0,0.0,0.0,-0.5960472052684054,0.0,0.0,0.0,0.0,0.0,0.0,0.01639344262295082,0.005555555555555556,0.02847905282331512,0.0,0.0,0.0,0.0,0.0,0.0,0.0,0.0,0.0,0.0,0.0,0.0,0.0,0.0,0.0,0.0,0.0,0.0,0.0,0.0,0.0,0.0,0.0,0.0,0.0,0.0,0.0,0.0,0.0,0.0,0.0,0.0,0.0,0.0,0.0,0.0,0.0,0.0,0.0,0.0,0.0,0.0,,,0.0,0.0,0.0,0.0,0.0,0.0,0.0,0.0,0.0,0.0,0.0,0.0,,,,0.0,0.0,0.0,0.0,0.0,0.0,0.0,,0.0,0.0,0.0,0.0,,0.0,0.0,,0.0,0.0,0.0,0.0,0.0,0.0,0.0,0.0,0.0,0.0,0.0,0.0,00-0037311,KiefKo00,4034779.0,Ko Kieft,1998-01-20,77.0,265.0,Minnesota,2022.0,6.0,218.0,TB,2022,5,17.0,0.0,276.0,0.0,0.5935294117647059,2022.0,Ko Kieft,TB,24.0,TE,17.0,12.0,10.0,7.0,80.0,1.0,5.0,49.0,7.0,31.0,4.4,5.7,0.0,,3.0,0.3,0.0,127.1,2023-08-28,,,,,,,,,,,,,,,,,,,,,,,,,,,,,,,,,,,,,,,,,,,,,,,,,,,,,,,,,,,,,,,,,,,,,,,,,,,,,13,1.6,0.0,0,0,0
2022,Quintin Morris,Q.Morris,00-0036590,BUF,TE,TE,79.0,9,20.4,2.2666666666666666,12.4,7.999999999999998,8,11,84,1,0.019963702359346643,0.014566780174044646,0.04014229966085121,0,0,0,0,0,0,0,0,281.0,0.30357142857142855,0.07259786476868327,2.2666666666666666,2.96268459340511,8.4,0,TE,"https://static.www.nfl.com/image/upload/f_auto,q_auto/league/auqtvapzdtpdxg6myw6b",REG,0,0,0,0,0,0,0,,,0,,0,0,0,0,0,0,0,,0,0,0,0,0,1,1,77,38,6,-0.15583897282772474,0,4,1,1,0,1.0909090909090908,0,2,0,1,0,0,1,0.0,0.0,0,0,0,0,0,0,0,0,0,0,0,0,0,0,0,1,0,0,2,14,1,0,0,1,1,0,0,0,0,0,0,0,0,,,0,0,0,0,0,0,0,0,0,0,0,0,,,,0,0,0,0,0,0,0,,0,0,0,0,,0,0,,0,0,0,0,0,0,0,0,0,0,Q.Morris,Quintin Morris,TE,TE,"https://static.www.nfl.com/image/upload/f_auto,q_auto/league/auqtvapzdtpdxg6myw6b",2022.0,POST,BUF,2.0,0.0,0.0,0.0,0.0,0.0,0.0,0.0,0.0,0.0,0.0,0.0,0.0,,,0.0,,0.0,0.0,0.0,0.0,0.0,0.0,0.0,0.0,0.0,0.0,,0.0,0.0,0.0,0.0,0.0,2.0,3.0,18.0,0.0,0.0,0.0,0.0,12.0,1.0,0.6124182299827226,0.0,1.0,0.0,0.0,0.0,0.0,0.03896103896103896,0.0,0.05844155844155844,0.0,0.0,0.0,1.0,0.0,0.0,0.0,0.0,0.0,0.0,0.0,0.0,0.0,0.0,0.0,0.0,0.0,0.0,0.0,0.0,0.0,0.0,0.0,0.0,0.0,0.0,0.0,1.0,10.0,0.0,0.0,0.0,0.0,0.0,0.0,0.0,0.0,0.0,0.0,0.0,0.0,0.0,,,0.0,0.0,0.0,0.0,0.0,0.0,0.0,0.0,0.0,0.0,0.0,0.0,,,,0.0,0.0,0.0,0.0,0.0,0.0,0.0,,0.0,0.0,0.0,0.0,,0.0,0.0,,0.0,0.0,0.0,0.0,0.0,0.0,0.0,0.0,0.0,0.0,1.8,3.8,00-0036590,MorrQu00,4244049.0,Quintin Morris,1999-01-21,74.0,243.0,Bowling Green,,,,,2021,5,14.0,0.0,276.0,0.0,0.7464285714285713,2022.0,Quintin Morris,BUF,23.0,TE,14.0,1.0,11.0,8.0,84.0,1.0,6.0,51.0,6.4,33.0,4.1,7.5,0.0,,0.0,0.0,0.0,124.8,2023-08-28,,,,,,,,,,,,,,,,,,,,,,,,,,,,,,,,,,,,,,,,,,,,,,,,,,,,,,,,,,,,,,,,,,,,,,,,,,,,,9,1.3,0.0,0,0,0
2022,Chris Myarick,C.Myarick,00-0035345,NYG,TE,TE,80.0,10,19.5,1.95,12.5,7.0,7,8,65,1,0.016359918200409,0.006898620275944811,0.02936891149377487,0,0,0,0,0,0,0,0,300.0,0.279375,0.065,1.95,2.32390954117314,7.1,0,TE,"https://static.www.nfl.com/image/upload/f_auto,q_auto/league/zyedrh1lvylrutfof4ld",REG,0,0,0,0,0,0,0,,,0,,0,0,0,0,0,0,0,,0,0,0,0,0,0,0,23,38,5,7.242674909415655,0,4,1,1,0,2.8260869565217392,0,4,0,2,0,0,0,0.0,0.0,0,0,0,0,0,0,0,0,0,0,0,0,0,0,0,0,0,0,1,10,0,0,0,0,0,0,0,0,0,0,0,0,0,,,0,0,0,0,0,0,0,0,0,0,0,0,,,,0,0,0,0,0,0,0,,0,0,0,0,,0,0,,0,0,0,0,0,0,0,0,0,0,,,,,,,,,,,,,,,,,,,,,,,,,,,,,,,,,,,,,,,,,,,,,,,,,,,,,,,,,,,,,,,,,,,,,,,,,,,,,,,,,,,,,,,,,,,,,,,,,,,,,,,,,,,,,,,,,,,,,,,,,,,,,,,,,,,,,,,,,,,,,,,,,,,,00-0035345,MyarCh00,3138744.0,Chris Myarick,1995-10-06,77.0,261.0,Temple,,,,,2019,5,16.0,0.0,212.0,0.0,0.47375,2022.0,Chris Myarick,NYG,27.0,FB,16.0,8.0,8.0,7.0,65.0,1.0,5.0,27.0,3.9,38.0,5.4,2.9,1.0,7.0,0.0,0.0,0.0,140.1,2023-08-28,,,,,,,,,,,,,,,,,,,,,,,,,,,,,,,,,,,,,,,,,,,,,,,,,,,,,,,,,,,,,,,,,,,,,,,,,,,,,10,1.5,0.0,0,0,0
2022,Ross Dwelley,R.Dwelley,00-0034073,SF,TE,TE,80.0,5,19.5,3.9,16.5,3.0,3,5,105,1,0.00992063492063492,0.019804822043628014,0.028744327811491988,0,0,0,0,0,0,0,0,101.0,0.13,0.19306930693069307,3.9,4.705316142407437,10.8,0,TE,"https://static.www.nfl.com/image/upload/f_auto,q_auto/league/wf9ynmqonmnaosslkwdl",REG,0,0,0,0,0,0,0,,,0,,0,0,0,0,0,0,0,,0,0,0,0,0,0,0,69,43,3,8.342849017702974,0,3,2,2,1,1.5217391304347827,0,0,0,1,0,0,0,0.0,0.0,0,0,0,0,0,0,0,0,0,0,0,0,0,1,0,1,0,0,0,0,0,0,0,0,0,0,0,0,0,0,0,0,0,,,0,0,0,0,0,0,0,0,0,0,0,0,,,,0,0,0,0,0,0,0,,0,0,0,0,,0,0,,0,0,0,0,0,0,0,0,0,0,,,,,,,,,,,,,,,,,,,,,,,,,,,,,,,,,,,,,,,,,,,,,,,,,,,,,,,,,,,,,,,,,,,,,,,,,,,,,,,,,,,,,,,,,,,,,,,,,,,,,,,,,,,,,,,,,,,,,,,,,,,,,,,,,,,,,,,,,,,,,,,,,,,,00-0034073,DwelRo00,3120303.0,Ross Dwelley,1995-01-26,77.0,235.0,San Diego,,,,,2018,8,12.0,0.0,225.0,0.0,0.7466666666666667,2022.0,Ross Dwelley,SF,27.0,TE,12.0,0.0,5.0,3.0,105.0,1.0,3.0,62.0,20.7,43.0,14.3,13.8,0.0,,0.0,0.0,0.0,143.7,2023-08-28,,,,,,,,,,,,,,,,,,,,,,,,,,,,,,,,,,,,,,,,,,,,,,,,,,,,,,,,,,,,,,,,,,,,,,,,,,,,,5,2.1,0.0,1,0,0
2022,Anthony Firkser,A.Firkser,00-0033455,ATL,TE,TE,82.0,8,19.0,2.375,10.0,9.0,9,13,100,0,0.0325,0.026779072650632285,0.0674953508554426,0,0,0,0,0,0,0,0,149.0,0.21636363636363634,0.12751677852348994,2.375,1.2881326462308587,4.4,0,TE,"https://static.www.nfl.com/image/upload/f_auto,q_auto/league/rpbs9wsnuhu9tgipzwuv",REG,0,0,0,0,0,0,0,,,0,,0,0,0,0,0,0,0,,0,0,0,0,0,0,0,108,20,5,2.5137516588961253,0,5,2,1,0,0.9259259259259259,0,0,0,0,0,0,0,0.0,0.0,0,0,0,0,0,0,0,0,0,0,0,0,0,0,0,0,0,0,0,0,0,0,0,0,0,0,0,0,0,0,0,0,0,,,0,0,0,0,0,0,0,0,0,0,0,0,,,,0,0,0,0,0,0,0,,0,0,0,0,,0,0,,0,0,0,0,0,0,0,0,0,0,,,,,,,,,,,,,,,,,,,,,,,,,,,,,,,,,,,,,,,,,,,,,,,,,,,,,,,,,,,,,,,,,,,,,,,,,,,,,,,,,,,,,,,,,,,,,,,,,,,,,,,,,,,,,,,,,,,,,,,,,,,,,,,,,,,,,,,,,,,,,,,,,,,,00-0033455,FirkAn00,3049698.0,Anthony Firkser,1995-02-19,74.0,246.0,Harvard,,,,,2017,7,11.0,0.0,1.0,0.0,0.0036363636363636364,2022.0,Anthony Firkser,ATL,27.0,TE,11.0,1.0,13.0,9.0,100.0,0.0,5.0,80.0,8.9,20.0,2.2,7.5,0.0,,0.0,0.0,0.0,91.8,2023-08-28,,,,,,,,,,,,,,,,,,,,,,,,,,,,,,,,,,,,,,,,,,,,,,,,,,,,,,,,,,,,,,,,,,,,,,,,,,,,,8,2.35,0.0,0,0,0
2022,Giovanni Ricci,G.Ricci,00-0035956,CAR,TE,TE,83.0,11,18.0,1.6363636363636365,10.0,8.0,8,9,100,0,0.02107728337236534,0.01656127672387835,0.043208818765262856,0,0,0,0,0,0,0,0,163.0,0.18933333333333335,0.11042944785276074,1.6363636363636365,1.9587101507230351,5.7,0,TE,"https://static.www.nfl.com/image/upload/f_auto,q_auto/league/irj1ejjmt0nvi1hlscr7",REG,0,0,0,0,0,0,0,,,0,,0,0,0,0,0,0,0,,0,0,0,0,0,0,0,55,52,3,3.742291119184125,0,4,2,1,0,1.8181818181818181,0,6,0,4,0,0,0,0.0,0.0,0,0,0,0,0,0,0,0,0,0,0,0,0,1,0,0,0,0,0,0,0,0,0,0,0,0,0,0,0,0,0,0,0,,,0,0,0,0,0,0,0,0,0,0,0,0,,,,0,0,0,0,0,0,0,,0,0,0,0,,0,0,,0,0,0,0,0,0,0,0,0,0,,,,,,,,,,,,,,,,,,,,,,,,,,,,,,,,,,,,,,,,,,,,,,,,,,,,,,,,,,,,,,,,,,,,,,,,,,,,,,,,,,,,,,,,,,,,,,,,,,,,,,,,,,,,,,,,,,,,,,,,,,,,,,,,,,,,,,,,,,,,,,,,,,,,00-0035956,RiccGi00,3916749.0,Giovanni Ricci,1996-10-16,75.0,240.0,Western Michigan,,,,,2020,4,15.0,0.0,258.0,0.0,0.622,2022.0,Giovanni Ricci,CAR,26.0,TE,15.0,3.0,9.0,8.0,100.0,0.0,3.0,42.0,5.3,58.0,7.3,5.4,0.0,,0.0,0.0,0.0,113.0,2023-08-28,,,,,,,,,,,,,,,,,,,,,,,,,,,,,,,,,,,,,,,,,,,,,,,,,,,,,,,,,,,,,,,,,,,,,,,,,,,,,11,1.2,0.0,0,0,0
2022,Brycen Hopkins,B.Hopkins,00-0036424,LA,TE,TE,84.0,7,17.9,2.557142857142857,10.9,6.999999999999998,7,11,109,0,0.02127659574468085,0.030441810344827586,0.05322416085840058,0,0,0,0,0,0,0,0,173.0,0.21071428571428572,0.10346820809248554,2.5571428571428574,2.944405510374515,8.7,0,TE,"https://static.www.nfl.com/image/private/f_auto,q_auto/league/agzychtsya1dteoz1khu",REG,0,0,0,0,0,0,0,,,0,,0,0,0,0,0,0,0,,0,0,0,0,0,0,0,113,33,5,0.9469367329351877,0,6,4,2,0,0.9646017699115044,0,1,0,0,0,0,0,0.0,0.0,0,0,0,0,0,0,0,0,0,0,0,0,0,0,0,0,0,0,1,5,0,0,0,0,0,0,0,0,0,0,0,0,0,,,0,0,0,0,0,0,0,0,0,0,0,0,,,,0,0,0,0,0,0,0,,0,0,0,0,,0,0,,0,0,0,0,0,0,0,0,0,0,,,,,,,,,,,,,,,,,,,,,,,,,,,,,,,,,,,,,,,,,,,,,,,,,,,,,,,,,,,,,,,,,,,,,,,,,,,,,,,,,,,,,,,,,,,,,,,,,,,,,,,,,,,,,,,,,,,,,,,,,,,,,,,,,,,,,,,,,,,,,,,,,,,,00-0036424,HopkBr01,3918003.0,Brycen Hopkins,1997-03-27,76.0,245.0,Purdue,2020.0,4.0,136.0,LA,2020,4,14.0,0.0,51.0,0.0,0.12928571428571428,2022.0,Brycen Hopkins,LA,25.0,TE,14.0,1.0,11.0,7.0,109.0,0.0,5.0,76.0,10.9,33.0,4.7,10.3,2.0,3.5,1.0,0.091,0.0,96.4,2023-08-28,,,,,,,,,,,,,,,,,,,,,,,,,,,,,,,,,,,,,,,,,,,,,,,,,,,,,,,,,,,,,,,,,,,,,,,,,,,,,7,2.1,0.0,0,0,0
2022,Parker Hesse,P.Hesse,00-0035572,ATL,TE,TE,84.0,12,17.9,1.4916666666666665,8.9,8.999999999999998,9,11,89,0,0.0275,0.01611703446565832,0.052531924125960826,0,0,0,0,0,0,0,0,646.0,0.6194117647058823,0.027708978328173373,1.4916666666666665,1.0193209266541876,3.2,0,TE,"https://static.www.nfl.com/image/upload/f_auto,q_auto/league/roaaw3cph7q6cxdco70k",REG,0,0,0,0,0,0,0,,,0,,0,0,0,0,0,0,0,,0,0,0,0,0,0,0,65,36,6,8.567913934180979,0,2,2,1,0,1.3692307692307693,0,2,0,0,0,0,0,0.0,0.0,0,0,0,0,0,0,0,0,0,0,0,0,0,0,0,0,0,0,5,38,0,0,0,0,0,0,0,0,0,0,0,0,0,,,0,0,0,0,0,0,0,0,0,0,0,0,,,,0,0,0,0,0,0,0,,0,0,0,0,,0,0,,0,0,0,0,0,0,0,0,0,0,,,,,,,,,,,,,,,,,,,,,,,,,,,,,,,,,,,,,,,,,,,,,,,,,,,,,,,,,,,,,,,,,,,,,,,,,,,,,,,,,,,,,,,,,,,,,,,,,,,,,,,,,,,,,,,,,,,,,,,,,,,,,,,,,,,,,,,,,,,,,,,,,,,,00-0035572,HessPa00,3144991.0,Parker Hesse,1995-05-26,75.0,251.0,Iowa,,,,,2019,3,17.0,0.0,221.0,0.0,0.5105882352941177,2022.0,Parker Hesse,ATL,27.0,TE,17.0,7.0,11.0,9.0,89.0,0.0,6.0,53.0,5.9,36.0,4.0,5.9,0.0,,0.0,0.0,0.0,100.4,2023-08-28,,,,,,,,,,,,,,,,,,,,,,,,,,,,,,,,,,,,,,,,,,,,,,,,,,,,,,,,,,,,,,,,,,,,,,,,,,,,,12,1.7000000000000002,0.0,0,0,0
2022,Tre' McKitty,T.McKitty,00-0037011,LAC,TE,TE,86.0,13,17.2,1.323076923076923,7.2,10.0,10,18,72,0,0.026200873362445413,0.012607830126078301,0.048126791131922926,0,0,0,0,0,0,0,0,541.0,0.4576470588235294,0.03179297597042514,1.323076923076923,1.9118724879699511,5.4,0,TE,"https://static.www.nfl.com/image/upload/f_auto,q_auto/league/hcsuglnch88wtxp9emcv",REG,0,0,0,0,0,0,0,,,0,,0,0,0,0,0,0,0,,0,0,0,0,0,1,0,57,52,0,-5.634286644111853,0,2,0,0,0,1.263157894736842,0,1,0,0,0,0,0,0.0,0.0,0,0,0,0,0,0,0,0,0,0,0,0,0,1,0,0,0,0,6,55,1,0,1,1,0,0,0,0,0,0,0,0,0,,,0,0,0,0,0,0,0,0,0,0,0,0,,,,0,0,0,0,0,0,0,,0,0,0,0,,0,0,,0,0,0,0,0,0,0,0,0,0,T.McKitty,Tre' McKitty,TE,TE,"https://static.www.nfl.com/image/upload/f_auto,q_auto/league/hcsuglnch88wtxp9emcv",2022.0,POST,LAC,1.0,0.0,0.0,0.0,0.0,0.0,0.0,0.0,0.0,0.0,0.0,0.0,0.0,,,0.0,,0.0,0.0,0.0,0.0,0.0,0.0,0.0,0.0,0.0,0.0,,0.0,0.0,0.0,0.0,0.0,2.0,2.0,16.0,0.0,0.0,0.0,11.0,5.0,0.0,0.8497449388960376,0.0,1.0,0.0,0.0,0.0,1.4545454545454546,0.047619047619047616,0.04602510460251046,0.10364614465032874,0.0,0.0,0.0,0.0,0.0,0.0,0.0,0.0,0.0,0.0,0.0,0.0,0.0,0.0,0.0,0.0,0.0,0.0,0.0,0.0,0.0,0.0,0.0,0.0,0.0,0.0,0.0,0.0,0.0,0.0,0.0,0.0,0.0,0.0,0.0,0.0,0.0,0.0,0.0,0.0,0.0,0.0,,,0.0,0.0,0.0,0.0,0.0,0.0,0.0,0.0,0.0,0.0,0.0,0.0,,,,0.0,0.0,0.0,0.0,0.0,0.0,0.0,,0.0,0.0,0.0,0.0,,0.0,0.0,,0.0,0.0,0.0,0.0,0.0,0.0,0.0,0.0,0.0,0.0,1.6,3.6,00-0037011,McKiTr00,4240023.0,Tre' McKitty,1999-01-12,76.0,246.0,Georgia; Florida State,2021.0,3.0,97.0,LAC,2021,4,17.0,0.0,41.0,0.0,0.09647058823529413,2022.0,Tre McKitty,LAC,23.0,TE,17.0,8.0,18.0,10.0,72.0,0.0,,20.0,2.0,52.0,5.2,3.2,0.0,,2.0,0.111,0.0,65.0,2023-08-28,,,,,,,,,,,,,,,,,,,,,,,,,,,,,,,,,,,,,,,,,,,,,,,,,,,,,,,,,,,,,,,,,,,,,,,,,,,,,13,0.0,0.0,0,0,0
2022,Armani Rogers,A.Rogers,00-0037168,WAS,TE,TE,87.0,9,14.0,1.5555555555555556,9.0,5.0,5,6,64,0,0.011299435028248588,0.0029193801931282283,0.01899271867756264,2,26,0,0,0,0,0,0,158.0,0.2072727272727273,0.08860759493670886,1.5555555555555558,2.056763909100356,5.800000000000001,0,TE,"https://static.www.nfl.com/image/upload/f_auto,q_auto/league/g6lmbmhaju4jkhkcbk8u",REG,0,0,0,0,0,0,0,,,0,,0,0,0,0,0,0,1,1.4514469056157395,0,1,1,1,0,0,0,13,57,4,3.6208556117489934,0,3,2,1,0,4.923076923076923,0,1,0,2,0,0,0,0.0,0.0,0,0,0,0,0,0,0,0,0,0,0,0,0,0,0,0,0,0,3,25,0,0,0,0,0,0,0,0,0,0,0,0,0,,,0,0,0,0,0,0,0,0,0,0,0,0,,,,0,0,0,0,0,0,0,,0,0,0,0,,0,0,,0,0,0,0,0,0,0,0,0,0,,,,,,,,,,,,,,,,,,,,,,,,,,,,,,,,,,,,,,,,,,,,,,,,,,,,,,,,,,,,,,,,,,,,,,,,,,,,,,,,,,,,,,,,,,,,,,,,,,,,,,,,,,,,,,,,,,,,,,,,,,,,,,,,,,,,,,,,,,,,,,,,,,,,00-0037168,RogeAr00,4056052.0,Armani Rogers,1997-12-04,77.0,225.0,Ohio; UNLV,,,,,2022,3,11.0,0.0,217.0,0.0,0.7109090909090909,2022.0,Armani Rogers,WAS,25.0,TE,11.0,3.0,6.0,5.0,64.0,0.0,4.0,7.0,1.4,57.0,11.4,2.2,0.0,,0.0,0.0,0.0,111.1,2023-08-28,2022.0,Armani Rogers,WAS,25.0,TE,11.0,3.0,2.0,26.0,0.0,1.0,1.0,0.5,25.0,12.5,0.0,,2023-08-28,,,,,,,,,,,,,,,,,,,,,,,,,,,,,,,,,,,,,,,,,,,,,,,,,,,,,,,,,,,9,0.2,0.0,0,0,0
2022,Grant Calcaterra,G.Calcaterra,00-0037086,PHI,TE,TE,88.0,6,13.1,2.183333333333333,8.1,5.0,5,9,81,0,0.01782178217821782,0.018235029266096353,0.03949719375359417,0,0,0,0,0,0,0,0,227.0,0.21600000000000003,0.057709251101321586,2.1833333333333336,2.2274798914169054,5.0,0,TE,"https://static.www.nfl.com/image/upload/f_auto,q_auto/league/inpyxw55sxo96shrt4si",REG,0,0,0,0,0,0,0,,,0,,0,0,0,0,0,0,0,,0,0,0,0,0,0,0,81,41,3,2.07799670603474,0,4,2,1,1,1.0,0,0,0,0,0,0,0,0.0,0.0,0,0,0,0,0,0,0,0,0,0,0,0,0,0,0,0,0,0,1,10,0,0,0,0,0,0,0,0,0,0,0,0,0,,,0,0,0,0,0,0,0,0,0,0,0,0,,,,0,0,0,0,0,0,0,,0,0,0,0,,0,0,,0,0,0,0,0,0,0,0,0,0,,,,,,,,,,,,,,,,,,,,,,,,,,,,,,,,,,,,,,,,,,,,,,,,,,,,,,,,,,,,,,,,,,,,,,,,,,,,,,,,,,,,,,,,,,,,,,,,,,,,,,,,,,,,,,,,,,,,,,,,,,,,,,,,,,,,,,,,,,,,,,,,,,,,00-0037086,CalcGr00,4241374.0,Grant Calcaterra,1998-12-04,76.0,240.0,SMU; Oklahoma,2022.0,6.0,198.0,PHI,2022,5,15.0,0.0,85.0,0.0,0.20866666666666667,2022.0,Grant Calcaterra,PHI,24.0,TE,15.0,2.0,9.0,5.0,81.0,0.0,3.0,40.0,8.0,41.0,8.2,9.0,1.0,5.0,1.0,0.111,0.0,85.9,2023-08-28,,,,,,,,,,,,,,,,,,,,,,,,,,,,,,,,,,,,,,,,,,,,,,,,,,,,,,,,,,,,,,,,,,,,,,,,,,,,,6,1.85,0.0,0,0,0
2022,Kyle Rudolph,K.Rudolph,00-0027981,TB,TE,TE,89.0,5,11.8,2.3600000000000003,8.8,3.0,3,5,28,1,0.006906077348066298,0.008523827973653622,0.016325795603656983,0,0,0,0,0,0,0,0,79.0,0.12333333333333335,0.14936708860759496,2.3600000000000003,3.2043720133592477,7.8,0,TE,"https://static.www.nfl.com/image/private/f_auto,q_auto/league/mtvrkfel5750mlevcvtp",REG,0,0,0,0,0,0,0,,,0,,0,0,0,0,0,0,0,,0,0,0,0,0,0,0,44,3,2,1.939216998172924,0,1,0,0,0,0.6363636363636364,0,0,0,0,0,0,0,0.0,0.0,0,0,0,0,0,0,0,0,0,0,0,0,0,0,0,0,0,0,0,0,0,0,0,0,0,0,0,0,0,0,0,0,0,,,0,0,0,0,0,0,0,0,0,0,0,0,,,,0,0,0,0,0,0,0,,0,0,0,0,,0,0,,0,0,0,0,0,0,0,0,0,0,,,,,,,,,,,,,,,,,,,,,,,,,,,,,,,,,,,,,,,,,,,,,,,,,,,,,,,,,,,,,,,,,,,,,,,,,,,,,,,,,,,,,,,,,,,,,,,,,,,,,,,,,,,,,,,,,,,,,,,,,,,,,,,,,,,,,,,,,,,,,,,,,,,,00-0027981,RudoKy00,14054.0,Kyle Rudolph,1989-11-09,78.0,258.0,Notre Dame,2011.0,2.0,43.0,MIN,2011,12,9.0,0.0,1.0,0.0,0.003333333333333333,2022.0,Kyle Rudolph,TB,33.0,TE,9.0,0.0,5.0,3.0,28.0,1.0,2.0,25.0,8.3,3.0,1.0,7.6,0.0,,0.0,0.0,0.0,115.0,2023-08-28,,,,,,,,,,,,,,,,,,,,,,,,,,,,,,,,,,,,,,,,,,,,,,,,,,,,,,,,,,,,,,,,,,,,,,,,,,,,,5,1.8,0.0,0,0,0
2022,Nick Vannett,N.Vannett,00-0032394,NYG,TE,TE,90.0,5,11.5,2.3,5.5,6.0,6,9,55,0,0.018255578093306288,0.006813186813186814,0.0321525979091902,0,0,0,0,0,0,0,0,207.0,0.35444444444444445,0.05555555555555555,2.3,0.9137833441248533,3.8,0,TE,"https://static.www.nfl.com/image/upload/f_auto,q_auto/league/srrlkx2mydsb8gfco6fp",REG,0,0,0,0,0,0,0,,,0,,0,0,0,0,0,0,0,,0,0,0,0,0,0,0,31,32,1,1.291595457267249,0,2,0,0,0,1.7741935483870968,0,0,0,0,0,0,0,0.0,0.0,0,0,0,0,0,0,0,0,0,0,0,0,0,0,0,0,0,0,0,0,0,0,0,0,0,0,0,0,0,0,0,0,0,,,0,0,0,0,0,0,0,0,0,0,0,0,,,,0,0,0,0,0,0,0,,0,0,0,0,,0,0,,0,0,0,0,0,0,0,0,0,0,,,,,,,,,,,,,,,,,,,,,,,,,,,,,,,,,,,,,,,,,,,,,,,,,,,,,,,,,,,,,,,,,,,,,,,,,,,,,,,,,,,,,,,,,,,,,,,,,,,,,,,,,,,,,,,,,,,,,,,,,,,,,,,,,,,,,,,,,,,,,,,,,,,,00-0032394,VannNi00,2576399.0,Nick Vannett,1993-03-06,78.0,257.0,Ohio State,2016.0,3.0,94.0,SEA,2016,11,9.0,0.0,50.0,0.0,0.19444444444444445,2022.0,Nick Vannett,2TM,29.0,,9.0,3.0,9.0,6.0,55.0,0.0,1.0,23.0,3.8,32.0,5.3,3.4,0.0,,0.0,0.0,0.0,83.1,2023-08-28,,,,,,,,,,,,,,,,,,,,,,,,,,,,,,,,,,,,,,,,,,,,,,,,,,,,,,,,,,,,,,,,,,,,,,,,,,,,,5,1.9,1.5,0,0,0
2022,Chris Manhertz,C.Manhertz,00-0031484,JAX,TE,TE,91.0,7,10.2,1.457142857142857,4.2,5.999999999999999,6,8,42,0,0.013937282229965157,0.004825367647058824,0.024283680697888915,0,0,0,0,0,0,0,0,427.0,0.37823529411764706,0.02388758782201405,1.457142857142857,1.3962534904249335,3.5,0,TE,"https://static.www.nfl.com/image/upload/f_auto,q_auto/league/bw0kytk1nwrdln9t3wzg",REG,0,0,0,0,0,0,0,,,0,,0,0,0,0,0,0,0,,0,0,0,0,0,0,0,21,35,2,-0.6929761746432632,0,2,1,1,0,2.0,0,0,0,0,0,0,0,0.0,0.0,0,0,0,0,0,0,0,0,0,0,0,0,0,0,0,0,0,0,2,25,0,0,0,0,0,0,0,0,0,0,0,0,0,,,0,0,0,0,0,0,0,0,0,0,0,0,,,,0,0,0,0,0,0,0,,0,0,0,0,,0,0,,0,0,0,0,0,0,0,0,0,0,C.Manhertz,Chris Manhertz,TE,TE,"https://static.www.nfl.com/image/upload/f_auto,q_auto/league/bw0kytk1nwrdln9t3wzg",2022.0,POST,JAX,2.0,0.0,0.0,0.0,0.0,0.0,0.0,0.0,0.0,0.0,0.0,0.0,0.0,,,0.0,,0.0,0.0,0.0,0.0,0.0,0.0,0.0,0.0,0.0,0.0,,0.0,0.0,0.0,0.0,0.0,0.0,0.0,0.0,0.0,0.0,0.0,0.0,0.0,0.0,,0.0,0.0,0.0,0.0,0.0,,0.0,0.0,0.0,0.0,0.0,0.0,0.0,0.0,0.0,0.0,0.0,0.0,0.0,0.0,0.0,0.0,0.0,0.0,0.0,0.0,0.0,0.0,0.0,0.0,0.0,0.0,0.0,0.0,0.0,0.0,1.0,5.0,0.0,0.0,0.0,0.0,0.0,0.0,0.0,1.0,6.0,0.0,0.0,0.0,0.0,,,0.0,0.0,0.0,0.0,0.0,0.0,0.0,0.0,0.0,0.0,0.0,0.0,,,,0.0,0.0,0.0,0.0,0.0,0.0,0.0,,0.0,0.0,0.0,0.0,,0.0,0.0,,0.0,0.0,0.0,0.0,0.0,0.0,0.0,0.0,0.0,0.0,0.0,0.0,00-0031484,ManhCh00,4071345.0,Chris Manhertz,1992-04-10,78.0,235.0,Canisius College,,,,,2015,11,17.0,0.0,155.0,0.0,0.3641176470588235,2022.0,Chris Manhertz,JAX,30.0,TE,17.0,11.0,8.0,6.0,42.0,0.0,2.0,7.0,1.2,35.0,5.8,2.6,0.0,,1.0,0.125,0.0,86.5,2023-08-28,,,,,,,,,,,,,,,,,,,,,,,,,,,,,,,,,,,,,,,,,,,,,,,,,,,,,,,,,,,,,,,,,,,,,,,,,,,,,7,1.0,0.0,0,0,0
2022,Blake Bell,B.Bell,00-0032062,KC,TE,TE,92.0,2,10.0,5.0,8.0,2.0,2,2,20,1,0.003257328990228013,0.0025466893039049238,0.006668675998075467,0,0,0,0,0,0,0,0,32.0,0.18333333333333335,0.3125,5.0,5.232590180780452,8.7,0,TE,"https://static.www.nfl.com/image/private/f_auto,q_auto/league/eqrmmjto8koqqc9j2kjj",REG,0,0,0,0,0,0,0,,,0,,0,0,0,0,0,0,0,,0,0,0,0,0,0,0,12,8,1,1.8368982071406208,0,1,1,0,0,1.6666666666666667,0,0,0,0,0,0,0,0.0,0.0,0,0,0,0,0,0,0,0,0,0,0,0,0,0,0,0,0,0,0,0,0,0,0,0,0,0,0,0,0,0,0,0,0,,,0,0,0,0,0,0,0,0,0,0,0,0,,,,0,0,0,0,0,0,0,,0,0,0,0,,0,0,,0,0,0,0,0,0,0,0,0,0,B.Bell,Blake Bell,TE,TE,"https://static.www.nfl.com/image/private/f_auto,q_auto/league/eqrmmjto8koqqc9j2kjj",2022.0,POST,KC,1.0,0.0,0.0,0.0,0.0,0.0,0.0,0.0,0.0,0.0,0.0,0.0,0.0,,,0.0,,0.0,0.0,0.0,0.0,0.0,0.0,0.0,0.0,0.0,0.0,,0.0,0.0,0.0,0.0,0.0,1.0,2.0,4.0,0.0,0.0,0.0,13.0,0.0,0.0,-0.8688546542543918,0.0,0.0,0.0,0.0,0.0,0.3076923076923077,0.019801980198019802,0.02,0.0437029702970297,0.0,0.0,0.0,0.0,0.0,0.0,0.0,0.0,0.0,0.0,0.0,0.0,0.0,0.0,0.0,0.0,0.0,0.0,0.0,0.0,0.0,0.0,0.0,0.0,0.0,0.0,0.0,0.0,0.0,0.0,0.0,0.0,0.0,0.0,0.0,0.0,0.0,0.0,0.0,0.0,0.0,0.0,,,0.0,0.0,0.0,0.0,0.0,0.0,0.0,0.0,0.0,0.0,0.0,0.0,,,,0.0,0.0,0.0,0.0,0.0,0.0,0.0,,0.0,0.0,0.0,0.0,,0.0,0.0,,0.0,0.0,0.0,0.0,0.0,0.0,0.0,0.0,0.0,0.0,0.4,1.4,00-0032062,BellBl00,2514206.0,Blake Bell,1991-08-07,78.0,252.0,Oklahoma,2015.0,4.0,117.0,SF,2015,9,3.0,0.0,9.0,0.0,0.11333333333333334,2022.0,Blake Bell,KC,31.0,TE,3.0,1.0,2.0,2.0,20.0,1.0,1.0,12.0,6.0,8.0,4.0,6.0,0.0,,0.0,0.0,0.0,147.9,2023-08-28,,,,,,,,,,,,,,,,,,,,,,,,,,,,,,,,,,,,,,,,,,,,,,,,,,,,,,,,,,,,,,,,,,,,,,,,,,,,,2,5.0,1.3,0,0,0
2022,Tyler Kroft,T.Kroft,00-0032214,SF,TE,TE,93.0,6,9.7,1.6166666666666665,5.7,3.999999999999999,4,5,57,0,0.00992063492063492,0.020091848450057407,0.028945246295992565,0,0,0,0,0,0,0,0,238.0,0.33545454545454545,0.0407563025210084,1.616666666666667,1.4620761494076384,3.8000000000000003,0,TE,"https://static.www.nfl.com/image/private/f_auto,q_auto/league/ztko1uhl01ebiutefibj",REG,0,0,0,0,0,0,0,,,0,,0,0,0,0,0,0,0,,0,0,0,0,0,0,0,70,14,2,2.722531592589803,0,2,1,1,0,0.8142857142857143,0,0,0,1,0,0,0,0.0,0.0,0,0,0,0,0,0,0,0,0,0,0,0,0,0,0,0,0,0,1,5,0,0,0,0,0,0,0,0,0,0,0,0,0,,,0,0,0,0,0,0,0,0,0,0,0,0,,,,0,0,0,0,0,0,0,,0,0,0,0,,0,0,,0,0,0,0,0,0,0,0,0,0,,,,,,,,,,,,,,,,,,,,,,,,,,,,,,,,,,,,,,,,,,,,,,,,,,,,,,,,,,,,,,,,,,,,,,,,,,,,,,,,,,,,,,,,,,,,,,,,,,,,,,,,,,,,,,,,,,,,,,,,,,,,,,,,,,,,,,,,,,,,,,,,,,,,00-0032214,KrofTy00,2582410.0,Tyler Kroft,1992-10-15,78.0,252.0,Rutgers,2015.0,3.0,85.0,CIN,2015,9,11.0,0.0,89.0,0.0,0.2990909090909091,2022.0,Tyler Kroft,SF,30.0,TE,11.0,4.0,5.0,4.0,57.0,0.0,2.0,43.0,10.8,14.0,3.5,14.0,0.0,,0.0,0.0,0.0,114.2,2023-08-28,,,,,,,,,,,,,,,,,,,,,,,,,,,,,,,,,,,,,,,,,,,,,,,,,,,,,,,,,,,,,,,,,,,,,,,,,,,,,6,1.75,0.0,0,0,0
2022,Charlie Kolar,C.Kolar,00-0038046,BAL,TE,TE,94.0,1,8.9,8.9,4.9,4.0,4,6,49,0,0.012903225806451613,0.012207274539113104,0.02789993088705659,0,0,0,0,0,0,0,0,36.0,0.24,0.24722222222222223,8.9,,8.9,0,TE,"https://static.www.nfl.com/image/upload/f_auto,q_auto/league/g75ws8vkqz9cqwifhcy7",REG,0,0,0,0,0,0,0,,,0,,0,0,0,0,0,0,0,,0,0,0,0,0,0,0,49,20,3,2.571820084481448,0,3,0,0,0,1.0,0,0,0,0,0,0,0,0.0,0.0,0,0,0,0,0,0,0,0,0,0,0,0,0,0,0,0,0,0,0,0,0,0,0,0,0,0,0,0,0,0,0,0,0,,,0,0,0,0,0,0,0,0,0,0,0,0,,,,0,0,0,0,0,0,0,,0,0,0,0,,0,0,,0,0,0,0,0,0,0,0,0,0,,,,,,,,,,,,,,,,,,,,,,,,,,,,,,,,,,,,,,,,,,,,,,,,,,,,,,,,,,,,,,,,,,,,,,,,,,,,,,,,,,,,,,,,,,,,,,,,,,,,,,,,,,,,,,,,,,,,,,,,,,,,,,,,,,,,,,,,,,,,,,,,,,,,00-0038046,KolaCh00,4241263.0,Charlie Kolar,1999-02-10,78.0,250.0,Iowa State,2022.0,4.0,128.0,BAL,2022,5,2.0,0.0,4.0,0.0,0.07,2022.0,Charlie Kolar,BAL,23.0,TE,2.0,0.0,6.0,4.0,49.0,0.0,3.0,29.0,7.3,20.0,5.0,8.2,0.0,,0.0,0.0,0.0,91.7,2023-08-28,,,,,,,,,,,,,,,,,,,,,,,,,,,,,,,,,,,,,,,,,,,,,,,,,,,,,,,,,,,,,,,,,,,,,,,,,,,,,1,8.9,8.9,0,0,0
2022,Luke Farrell,L.Farrell,00-0036887,JAX,TE,TE,95.0,4,8.0,2.0,4.0,4.0,4,4,40,0,0.006968641114982578,0.0009191176470588235,0.011096344025415044,0,0,0,0,0,0,0,0,97.0,0.08529411764705883,0.08247422680412371,2.0,0.5033222956847165,2.5,0,TE,"https://static.www.nfl.com/image/upload/f_auto,q_auto/league/kdq2zratulrdsv4ykugy",REG,0,0,0,0,0,0,0,,,0,,0,0,0,0,0,0,0,,0,0,0,0,0,0,0,4,36,3,-0.6893497072742321,0,3,0,0,0,10.0,0,1,0,0,0,0,0,0.0,0.0,0,0,0,0,0,0,0,0,0,0,0,0,0,0,0,0,0,0,0,0,0,0,0,0,0,0,0,0,0,0,0,0,0,,,0,0,0,0,0,0,0,0,0,0,0,0,,,,0,0,0,0,0,0,0,,0,0,0,0,,0,0,,0,0,0,0,0,0,0,0,0,0,,,,,,,,,,,,,,,,,,,,,,,,,,,,,,,,,,,,,,,,,,,,,,,,,,,,,,,,,,,,,,,,,,,,,,,,,,,,,,,,,,,,,,,,,,,,,,,,,,,,,,,,,,,,,,,,,,,,,,,,,,,,,,,,,,,,,,,,,,,,,,,,,,,,00-0036887,FarrLu00,4040612.0,Luke Farrell,1997-10-14,77.0,250.0,Ohio State,2021.0,5.0,145.0,JAX,2021,6,17.0,0.0,146.0,0.0,0.34411764705882353,2022.0,Luke Farrell,JAX,25.0,TE,17.0,0.0,4.0,4.0,40.0,0.0,3.0,4.0,1.0,36.0,9.0,1.0,1.0,4.0,0.0,0.0,0.0,108.3,2023-08-28,,,,,,,,,,,,,,,,,,,,,,,,,,,,,,,,,,,,,,,,,,,,,,,,,,,,,,,,,,,,,,,,,,,,,,,,,,,,,4,2.1,1.3,0,0,0
2022,Tyler Mabry,T.Mabry,00-0036059,SEA,TE,TE,96.0,1,7.7,7.7,6.7,1.0,1,1,7,1,0.0018083182640144665,0.0013892104653855058,0.0036849247217915536,0,0,0,0,0,0,0,0,5.0,0.035,1.54,7.7,,7.7,0,TE,"https://static.www.nfl.com/image/upload/f_auto,q_auto/league/gg1gcamqt7wf2dppmmcq",REG,0,0,0,0,0,0,0,,,0,,0,0,0,0,0,0,0,,0,0,0,0,0,0,0,6,1,1,1.9614137525786646,0,0,0,0,0,1.1666666666666667,0,0,0,0,0,0,0,0.0,0.0,0,0,0,0,0,0,0,0,0,0,0,0,0,0,0,0,0,0,0,0,0,0,0,0,0,0,0,0,0,0,0,0,0,,,0,0,0,0,0,0,0,0,0,0,0,0,,,,0,0,0,0,0,0,0,,0,0,0,0,,0,0,,0,0,0,0,0,0,0,0,0,0,,,,,,,,,,,,,,,,,,,,,,,,,,,,,,,,,,,,,,,,,,,,,,,,,,,,,,,,,,,,,,,,,,,,,,,,,,,,,,,,,,,,,,,,,,,,,,,,,,,,,,,,,,,,,,,,,,,,,,,,,,,,,,,,,,,,,,,,,,,,,,,,,,,,00-0036059,MabrTy00,3916587.0,Tyler Mabry,1996-11-21,75.0,260.0,Maryland,,,,,2020,2,2.0,0.0,21.0,0.0,0.36,2022.0,Tyler Mabry,SEA,26.0,TE,2.0,0.0,1.0,1.0,7.0,1.0,1.0,6.0,6.0,1.0,1.0,6.0,0.0,,0.0,0.0,0.0,135.4,2023-08-28,,,,,,,,,,,,,,,,,,,,,,,,,,,,,,,,,,,,,,,,,,,,,,,,,,,,,,,,,,,,,,,,,,,,,,,,,,,,,1,7.7,7.7,0,0,0
2022,Stephen Sullivan,S.Sullivan,00-0036438,CAR,TE,TE,97.0,8,6.6000000000000005,0.8250000000000001,4.6000000000000005,2.0,2,6,46,0,0.01405152224824356,0.026196928635953028,0.03941513341753246,0,0,0,0,0,0,0,0,125.0,0.1442857142857143,0.05280000000000001,0.8250000000000001,1.618420746989396,4.300000000000001,0,TE,"https://static.www.nfl.com/image/upload/f_auto,q_auto/league/miipmedtauhxf4tmilcs",REG,0,0,0,0,0,0,0,,,0,,0,0,0,0,0,0,0,,0,0,0,0,0,0,0,87,21,2,-2.4585835977923125,0,2,1,1,0,0.5287356321839081,0,2,0,1,0,0,0,0.0,0.0,0,0,0,0,0,0,0,0,0,0,0,0,0,1,0,0,0,0,1,5,0,0,0,0,0,0,0,1,5,0,0,0,0,,,0,0,0,0,0,0,0,0,0,0,0,0,,,,0,0,0,0,0,0,0,,0,0,0,0,,0,0,,0,0,0,0,0,0,0,0,0,0,,,,,,,,,,,,,,,,,,,,,,,,,,,,,,,,,,,,,,,,,,,,,,,,,,,,,,,,,,,,,,,,,,,,,,,,,,,,,,,,,,,,,,,,,,,,,,,,,,,,,,,,,,,,,,,,,,,,,,,,,,,,,,,,,,,,,,,,,,,,,,,,,,,,00-0036438,SullSt00,4035426.0,Stephen Sullivan,1996-11-28,77.0,245.0,LSU,2020.0,7.0,251.0,SEA,2020,3,14.0,0.0,176.0,0.0,0.4585714285714286,2022.0,Stephen Sullivan,CAR,26.0,TE,14.0,0.0,6.0,2.0,46.0,0.0,2.0,25.0,12.5,21.0,10.5,14.5,0.0,,0.0,0.0,1.0,22.2,2023-08-28,,,,,,,,,,,,,,,,,,,,,,,,,,,,,,,,,,,,,,,,,,,,,,,,,,,,,,,,,,,,,,,,,,,,,,,,,,,,,8,0.0,0.0,0,0,0
2022,Ryan Griffin,R.Griffin,00-0030108,CHI,TE,TE,98.0,10,6.6,0.6599999999999999,2.6,3.9999999999999996,4,8,26,0,0.022284122562674095,0.015469935785172213,0.044255138893631696,0,0,0,0,0,0,0,0,159.0,0.18466666666666667,0.04150943396226415,0.6599999999999999,0.9651712571122057,2.8,0,TE,"https://static.www.nfl.com/image/private/f_auto,q_auto/league/izjfxtmk2dhzhrlwpt9g",REG,0,0,0,0,0,0,0,,,0,,0,0,0,0,0,0,0,,0,0,0,0,0,0,0,53,9,1,-7.944319605303463,0,1,1,0,0,0.49056603773584906,0,1,2,1,0,0,0,0.0,0.0,0,0,0,0,0,0,0,0,0,0,0,0,0,0,0,0,0,0,3,19,0,0,0,0,0,0,0,0,0,0,0,0,0,,,0,0,0,0,0,0,0,0,0,0,0,0,,,,0,0,0,0,0,0,0,,0,0,0,0,,0,0,,0,0,0,0,0,0,0,0,0,0,,,,,,,,,,,,,,,,,,,,,,,,,,,,,,,,,,,,,,,,,,,,,,,,,,,,,,,,,,,,,,,,,,,,,,,,,,,,,,,,,,,,,,,,,,,,,,,,,,,,,,,,,,,,,,,,,,,,,,,,,,,,,,,,,,,,,,,,,,,,,,,,,,,,00-0030108,GrifRy00,15887.0,Ryan Griffin,1990-01-11,78.0,255.0,Connecticut,2013.0,6.0,201.0,HOU,2013,10,15.0,0.0,175.0,0.0,0.45933333333333337,2022.0,Ryan Griffin,CHI,32.0,TE,15.0,0.0,8.0,4.0,26.0,0.0,1.0,17.0,4.3,9.0,2.3,6.6,0.0,,0.0,0.0,0.0,57.3,2023-08-28,,,,,,,,,,,,,,,,,,,,,,,,,,,,,,,,,,,,,,,,,,,,,,,,,,,,,,,,,,,,,,,,,,,,,,,,,,,,,10,0.0,0.0,0,0,0
2022,Trevon Wesco,T.Wesco,00-0035259,CHI,TE,TE,98.0,6,6.6,1.0999999999999999,4.6,2.0,2,4,26,0,0.011142061281337047,0.006713368359603036,0.021412449773727697,0,0,0,0,0,0,0,0,181.0,0.2007142857142857,0.036464088397790057,1.1,1.365283853270081,3.3000000000000003,0,TE,"https://static.www.nfl.com/image/private/f_auto,q_auto/league/ptq3iidy6uyg3f31gjl5",REG,0,0,0,0,0,0,0,,,0,,0,0,0,0,0,0,0,,0,0,0,0,0,0,0,23,12,1,0.7266534740193746,1,1,1,1,0,1.1304347826086956,0,1,0,0,0,0,0,0.0,0.0,0,0,0,0,0,0,0,0,0,0,0,0,0,0,0,0,0,0,1,5,0,0,0,0,0,0,0,0,0,0,0,0,0,,,0,0,0,0,0,0,0,0,0,0,0,0,,,,0,0,0,0,0,0,0,,0,0,0,0,,0,0,,0,0,0,0,0,0,0,0,0,0,,,,,,,,,,,,,,,,,,,,,,,,,,,,,,,,,,,,,,,,,,,,,,,,,,,,,,,,,,,,,,,,,,,,,,,,,,,,,,,,,,,,,,,,,,,,,,,,,,,,,,,,,,,,,,,,,,,,,,,,,,,,,,,,,,,,,,,,,,,,,,,,,,,,00-0035259,WescTr00,4039253.0,Trevon Wesco,1995-09-12,75.0,267.0,West Virginia; Lackawanna JC,2019.0,4.0,121.0,NYJ,2019,6,14.0,0.0,84.0,0.0,0.2285714285714286,2022.0,Trevon Wesco,CHI,27.0,TE,14.0,1.0,4.0,2.0,26.0,0.0,1.0,14.0,7.0,12.0,6.0,5.8,0.0,,1.0,0.25,0.0,70.8,2023-08-28,,,,,,,,,,,,,,,,,,,,,,,,,,,,,,,,,,,,,,,,,,,,,,,,,,,,,,,,,,,,,,,,,,,,,,,,,,,,,6,0.65,0.0,0,0,0
2022,Tyler Davis,T.Davis,00-0036250,GB,TE,TE,98.0,11,6.6,0.6,2.6,3.9999999999999996,4,7,26,0,0.012962962962962963,0.006029477445288075,0.023665078656146095,0,0,0,0,0,0,0,0,174.0,0.16058823529411764,0.03793103448275862,0.6,1.3921206844235885,4.6,0,TE,"https://static.www.nfl.com/image/upload/f_auto,q_auto/league/awihnovccbawpaof5pva",REG,0,0,0,0,0,0,0,,,0,,0,0,0,0,0,0,0,,0,0,0,0,0,0,0,27,27,1,-6.4450322380289435,0,1,1,1,0,0.9629629629629629,0,6,0,4,0,0,0,0.0,0.0,0,0,0,0,0,0,0,0,0,0,0,0,0,0,0,0,0,0,0,0,0,0,0,0,0,0,0,0,0,0,0,0,0,,,0,0,0,0,0,0,0,0,0,0,0,0,,,,0,0,0,0,0,0,0,,0,0,0,0,,0,0,,0,0,0,0,0,0,0,0,0,0,,,,,,,,,,,,,,,,,,,,,,,,,,,,,,,,,,,,,,,,,,,,,,,,,,,,,,,,,,,,,,,,,,,,,,,,,,,,,,,,,,,,,,,,,,,,,,,,,,,,,,,,,,,,,,,,,,,,,,,,,,,,,,,,,,,,,,,,,,,,,,,,,,,,00-0036250,DaviTy02,3914240.0,Tyler Davis,1997-04-02,76.0,252.0,Georgia Tech,2020.0,6.0,206.0,JAX,2020,5,17.0,0.0,346.0,0.0,0.808235294117647,2022.0,Tyler Davis,GB,25.0,TE,17.0,1.0,7.0,4.0,26.0,0.0,1.0,-1.0,-0.3,27.0,6.8,3.9,0.0,,0.0,0.0,1.0,25.6,2023-08-28,,,,,,,,,,,,,,,,,,,,,,,,,,,,,,,,,,,,,,,,,,,,,,,,,,,,,,,,,,,,,,,,,,,,,,,,,,,,,11,0.0,0.0,0,0,0
