season,player_display_name,player_name,player_id,recent_team,ppr_position,position,position_ppr_rank,games,fantasy_points_ppr,ppr_per_game,fantasy_points,standard_to_ppr_gap,receptions,targets,receiving_yards,receiving_tds,target_share,air_yards_share,wopr,carries,rushing_yards,rushing_tds,completions,attempts,passing_yards,passing_tds,passing_interceptions,offense_snaps,offense_snap_pct,ppr_per_offense_snap,ppr_avg,ppr_std,ppr_best_week,weeks_20plus_ppr,position_group,headshot_url,season_type,sacks_suffered,sack_yards_lost,sack_fumbles,sack_fumbles_lost,passing_air_yards,passing_yards_after_catch,passing_first_downs,passing_epa,passing_cpoe,passing_2pt_conversions,pacr,passing_10,passing_16,passing_20,passing_40,rushing_fumbles,rushing_fumbles_lost,rushing_first_downs,rushing_epa,rushing_2pt_conversions,rushing_10,rushing_12,rushing_20,rushing_40,receiving_fumbles,receiving_fumbles_lost,receiving_air_yards,receiving_yards_after_catch,receiving_first_downs,receiving_epa,receiving_2pt_conversions,receiving_10,receiving_16,receiving_20,receiving_40,racr,special_teams_tds,def_tackles_solo,def_tackles_with_assist,def_tackle_assists,def_tackles_for_loss,def_tackles_for_loss_yards,def_fumbles_forced,def_sacks,def_sack_yards,def_qb_hits,def_interceptions,def_interception_yards,def_pass_defended,def_tds,def_fumbles,def_safeties,def_punt_blocks,def_pat_blocks,def_fg_blocks,def_2pt_atts,def_2pt_made,misc_yards,fumble_recovery_own,fumble_recovery_yards_own,fumble_recovery_opp,fumble_recovery_yards_opp,fumble_recovery_tds,penalties,penalty_yards,fumbles_forced_by_opp,fumbles_not_forced,fumbles_out_of_bounds,fumbles_total,fumbles_lost_total,punt_returns,punt_return_yards,kickoff_returns,kickoff_return_yards,fg_made,fg_att,fg_missed,fg_blocked,fg_long,fg_pct,fg_made_0_19,fg_made_20_29,fg_made_30_39,fg_made_40_49,fg_made_50_59,fg_made_60_,fg_missed_0_19,fg_missed_20_29,fg_missed_30_39,fg_missed_40_49,fg_missed_50_59,fg_missed_60_,fg_made_list,fg_missed_list,fg_blocked_list,fg_made_distance,fg_missed_distance,fg_blocked_distance,pat_made,pat_att,pat_missed,pat_blocked,pat_pct,gwfg_made,gwfg_att,gwfg_missed,gwfg_blocked,gwfg_distance_list,pt_att,pt_blocked,pt_long,pt_yards,pt_inside_20,pt_out_of_bounds,pt_downed,pt_touchback,pt_fair_caught,pt_returned,pt_return_yards,pt_return_tds,pt_net_yards,playoff_player_name,playoff_player_display_name,playoff_position,playoff_position_group,playoff_headshot_url,playoff_season,playoff_season_type,playoff_recent_team,playoff_games,playoff_completions,playoff_attempts,playoff_passing_yards,playoff_passing_tds,playoff_passing_interceptions,playoff_sacks_suffered,playoff_sack_yards_lost,playoff_sack_fumbles,playoff_sack_fumbles_lost,playoff_passing_air_yards,playoff_passing_yards_after_catch,playoff_passing_first_downs,playoff_passing_epa,playoff_passing_cpoe,playoff_passing_2pt_conversions,playoff_pacr,playoff_passing_10,playoff_passing_16,playoff_passing_20,playoff_passing_40,playoff_carries,playoff_rushing_yards,playoff_rushing_tds,playoff_rushing_fumbles,playoff_rushing_fumbles_lost,playoff_rushing_first_downs,playoff_rushing_epa,playoff_rushing_2pt_conversions,playoff_rushing_10,playoff_rushing_12,playoff_rushing_20,playoff_rushing_40,playoff_receptions,playoff_targets,playoff_receiving_yards,playoff_receiving_tds,playoff_receiving_fumbles,playoff_receiving_fumbles_lost,playoff_receiving_air_yards,playoff_receiving_yards_after_catch,playoff_receiving_first_downs,playoff_receiving_epa,playoff_receiving_2pt_conversions,playoff_receiving_10,playoff_receiving_16,playoff_receiving_20,playoff_receiving_40,playoff_racr,playoff_target_share,playoff_air_yards_share,playoff_wopr,playoff_special_teams_tds,playoff_def_tackles_solo,playoff_def_tackles_with_assist,playoff_def_tackle_assists,playoff_def_tackles_for_loss,playoff_def_tackles_for_loss_yards,playoff_def_fumbles_forced,playoff_def_sacks,playoff_def_sack_yards,playoff_def_qb_hits,playoff_def_interceptions,playoff_def_interception_yards,playoff_def_pass_defended,playoff_def_tds,playoff_def_fumbles,playoff_def_safeties,playoff_def_punt_blocks,playoff_def_pat_blocks,playoff_def_fg_blocks,playoff_def_2pt_atts,playoff_def_2pt_made,playoff_misc_yards,playoff_fumble_recovery_own,playoff_fumble_recovery_yards_own,playoff_fumble_recovery_opp,playoff_fumble_recovery_yards_opp,playoff_fumble_recovery_tds,playoff_penalties,playoff_penalty_yards,playoff_fumbles_forced_by_opp,playoff_fumbles_not_forced,playoff_fumbles_out_of_bounds,playoff_fumbles_total,playoff_fumbles_lost_total,playoff_punt_returns,playoff_punt_return_yards,playoff_kickoff_returns,playoff_kickoff_return_yards,playoff_fg_made,playoff_fg_att,playoff_fg_missed,playoff_fg_blocked,playoff_fg_long,playoff_fg_pct,playoff_fg_made_0_19,playoff_fg_made_20_29,playoff_fg_made_30_39,playoff_fg_made_40_49,playoff_fg_made_50_59,playoff_fg_made_60_,playoff_fg_missed_0_19,playoff_fg_missed_20_29,playoff_fg_missed_30_39,playoff_fg_missed_40_49,playoff_fg_missed_50_59,playoff_fg_missed_60_,playoff_fg_made_list,playoff_fg_missed_list,playoff_fg_blocked_list,playoff_fg_made_distance,playoff_fg_missed_distance,playoff_fg_blocked_distance,playoff_pat_made,playoff_pat_att,playoff_pat_missed,playoff_pat_blocked,playoff_pat_pct,playoff_gwfg_made,playoff_gwfg_att,playoff_gwfg_missed,playoff_gwfg_blocked,playoff_gwfg_distance_list,playoff_pt_att,playoff_pt_blocked,playoff_pt_long,playoff_pt_yards,playoff_pt_inside_20,playoff_pt_out_of_bounds,playoff_pt_downed,playoff_pt_touchback,playoff_pt_fair_caught,playoff_pt_returned,playoff_pt_return_yards,playoff_pt_return_tds,playoff_pt_net_yards,playoff_fantasy_points,playoff_fantasy_points_ppr,gsis_id,pfr_id,espn_id,display_name,birth_date,height,weight,college_name,draft_year,draft_round,draft_pick,draft_team,rookie_season,years_of_experience,snap_games,defense_snaps,st_snaps,defense_snap_pct,st_snap_pct,pfr_rec_season,pfr_rec_player,pfr_rec_tm,pfr_rec_age,pfr_rec_pos,pfr_rec_g,pfr_rec_gs,pfr_rec_tgt,pfr_rec_rec,pfr_rec_yds,pfr_rec_td,pfr_rec_x1d,pfr_rec_ybc,pfr_rec_ybc_r,pfr_rec_yac,pfr_rec_yac_r,pfr_rec_adot,pfr_rec_brk_tkl,pfr_rec_rec_br,pfr_rec_drop,pfr_rec_drop_percent,pfr_rec_int,pfr_rec_rat,pfr_rec_loaded,pfr_rush_season,pfr_rush_player,pfr_rush_tm,pfr_rush_age,pfr_rush_pos,pfr_rush_g,pfr_rush_gs,pfr_rush_att,pfr_rush_yds,pfr_rush_td,pfr_rush_x1d,pfr_rush_ybc,pfr_rush_ybc_att,pfr_rush_yac,pfr_rush_yac_att,pfr_rush_brk_tkl,pfr_rush_att_br,pfr_rush_loaded,pfr_pass_player,pfr_pass_team,pfr_pass_pass_attempts,pfr_pass_throwaways,pfr_pass_spikes,pfr_pass_drops,pfr_pass_drop_pct,pfr_pass_bad_throws,pfr_pass_bad_throw_pct,pfr_pass_season,pfr_pass_pocket_time,pfr_pass_times_blitzed,pfr_pass_times_hurried,pfr_pass_times_hit,pfr_pass_times_pressured,pfr_pass_pressure_pct,pfr_pass_batted_balls,pfr_pass_on_tgt_throws,pfr_pass_on_tgt_pct,pfr_pass_rpo_plays,pfr_pass_rpo_yards,pfr_pass_rpo_pass_att,pfr_pass_rpo_pass_yards,pfr_pass_rpo_rush_att,pfr_pass_rpo_rush_yards,pfr_pass_pa_pass_att,pfr_pass_pa_pass_yards,pfr_pass_intended_air_yards,pfr_pass_intended_air_yards_per_pass_attempt,pfr_pass_completed_air_yards,pfr_pass_completed_air_yards_per_completion,pfr_pass_completed_air_yards_per_pass_attempt,pfr_pass_pass_yards_after_catch,pfr_pass_pass_yards_after_catch_per_completion,pfr_pass_scrambles,pfr_pass_scramble_yards_per_attempt,qbr_season,qbr_season_type,qbr_game_week,qbr_team_abb,qbr_name_short,qbr_rank,qbr_qbr_total,qbr_pts_added,qbr_qb_plays,qbr_epa_total,qbr_pass,qbr_run,qbr_exp_sack,qbr_penalty,qbr_qbr_raw,qbr_sack,qbr_name_first,qbr_name_last,qbr_name_display,qbr_headshot_href,qbr_team,qbr_qualified,weekly_games,ppr_median,ppr_worst_week,weeks_10plus_ppr,weeks_15plus_ppr,weeks_25plus_ppr
2024,Lamar Jackson,L.Jackson,00-0034796,BAL,QB,QB,1.0,17,430.38,25.316470588235294,430.38,0.0,0,0,0,0,0.0,0.0,0.0,139,915,4,316,474,4172,41,4,1074.0,0.9652941176470589,0.4007262569832402,25.316470588235298,6.190469430076034,36.1,14,QB,"https://static.www.nfl.com/image/upload/f_auto,q_auto/league/eno6s5qzl9grbfbfwhoa",REG,23,-149,2,1,4109,2084,198,172.27861165601786,4.551942420032056,0,1.0153321976149914,175,91,56,14,6,4,47,11.652933187217327,1,37,25,8,1,0,0,0,0,0,,0,0,0,0,0,,0,2,0,0,0,0,0,0.0,0.0,0,0,0,0,0,0,0,0,0,0,0,0,0,5,-28,0,0,0,1,14,5,5,0,10,5,0,0,0,0,0,0,0,0,,,0,0,0,0,0,0,0,0,0,0,0,0,,,,0,0,0,0,0,0,0,,0,0,0,0,,0,0,,0,0,0,0,0,0,0,0,0,0,L.Jackson,Lamar Jackson,QB,QB,"https://static.www.nfl.com/image/upload/f_auto,q_auto/league/eno6s5qzl9grbfbfwhoa",2024.0,POST,BAL,2.0,34.0,46.0,429.0,4.0,1.0,3.0,-24.0,1.0,1.0,378.0,171.0,20.0,14.010954529235413,10.566479509527033,0.0,1.1349206349206349,15.0,13.0,8.0,1.0,21.0,120.0,0.0,0.0,0.0,8.0,4.649677751760464,0.0,3.0,2.0,1.0,0.0,0.0,0.0,0.0,0.0,0.0,0.0,0.0,0.0,0.0,,0.0,0.0,0.0,0.0,0.0,,0.0,0.0,0.0,0.0,0.0,0.0,0.0,0.0,0.0,0.0,0.0,0.0,0.0,0.0,0.0,0.0,0.0,0.0,0.0,0.0,0.0,0.0,0.0,0.0,0.0,0.0,0.0,0.0,0.0,0.0,0.0,0.0,1.0,0.0,0.0,1.0,1.0,0.0,0.0,0.0,0.0,0.0,0.0,0.0,0.0,,,0.0,0.0,0.0,0.0,0.0,0.0,0.0,0.0,0.0,0.0,0.0,0.0,,,,0.0,0.0,0.0,0.0,0.0,0.0,0.0,,0.0,0.0,0.0,0.0,,0.0,0.0,,0.0,0.0,0.0,0.0,0.0,0.0,0.0,0.0,0.0,0.0,41.16,41.16,00-0034796,JackLa00,3916387.0,Lamar Jackson,1997-01-07,74.0,205.0,Louisville,2018.0,1.0,32.0,BAL,2018,9,17.0,0.0,0.0,0.0,0.0,,,,,,,,,,,,,,,,,,,,,,,,,2024.0,Lamar Jackson,BAL,27.0,QB,17.0,17.0,139.0,915.0,,47.0,666.0,4.8,249.0,1.8,7.0,19.9,2025-09-03,Lamar Jackson,BAL,474.0,13.0,5.0,28.0,6.1,69.0,15.1,2024.0,2.5,162.0,53.0,31.0,107.0,19.7,12.0,359.0,78.7,95.0,724.0,59.0,566.0,32.0,158.0,,,4056.0,8.6,2087.0,6.6,4.4,2085.0,6.6,45.0,9.0,2024.0,Regular,Season Total,BAL,L. Jackson,1.5,74.8,51.3,661.0,107.9,86.8,20.1,0.0,1.0,75.0,-10.1,Lamar,Jackson,Lamar Jackson,https://a.espncdn.com/i/headshots/nfl/players/full/3916387.png,Ravens,True,17,24.160000000000004,14.879999999999999,17,16,8
2024,Josh Allen,J.Allen,00-0034857,BUF,QB,QB,2.0,16,379.04,23.69,379.04,0.0,0,0,7,1,0.0,0.0,0.0,102,531,12,307,483,3731,28,6,968.0,0.8905882352941177,0.39157024793388434,23.69,11.524688860586796,51.88,10,QB,"https://static.www.nfl.com/image/upload/f_auto,q_auto/league/mjwbioajzldkq1vzoz2d",REG,14,-63,4,2,4022,2005,173,130.10807279586547,0.8435629973743995,1,0.9276479363500746,143,80,54,10,0,0,51,57.00550150926268,0,17,12,5,0,0,0,0,7,0,,0,0,0,0,0,0.0,0,1,0,0,0,0,0,0.0,0.0,0,0,0,0,0,0,0,0,0,0,0,0,0,1,0,0,0,0,1,11,3,2,0,5,2,0,0,0,0,0,0,0,0,,,0,0,0,0,0,0,0,0,0,0,0,0,,,,0,0,0,0,0,0,0,,0,0,0,0,,0,0,,0,0,0,0,0,0,0,0,0,0,J.Allen,Josh Allen,QB,QB,"https://static.www.nfl.com/image/upload/f_auto,q_auto/league/mjwbioajzldkq1vzoz2d",2024.0,POST,BUF,3.0,58.0,82.0,636.0,4.0,0.0,5.0,-22.0,1.0,0.0,674.0,322.0,26.0,21.51672323415661,8.953962581498283,1.0,0.9436201780415431,22.0,11.0,9.0,1.0,29.0,105.0,2.0,2.0,0.0,14.0,4.6560583367858115,0.0,2.0,2.0,0.0,0.0,0.0,0.0,0.0,0.0,0.0,0.0,0.0,0.0,0.0,,0.0,0.0,0.0,0.0,0.0,,0.0,0.0,0.0,0.0,0.0,0.0,0.0,0.0,0.0,0.0,0.0,0.0,0.0,0.0,0.0,0.0,0.0,0.0,0.0,0.0,0.0,0.0,0.0,0.0,0.0,3.0,-4.0,0.0,0.0,0.0,0.0,0.0,2.0,1.0,0.0,3.0,0.0,0.0,0.0,0.0,0.0,0.0,0.0,0.0,0.0,,,0.0,0.0,0.0,0.0,0.0,0.0,0.0,0.0,0.0,0.0,0.0,0.0,,,,0.0,0.0,0.0,0.0,0.0,0.0,0.0,,0.0,0.0,0.0,0.0,,0.0,0.0,,0.0,0.0,0.0,0.0,0.0,0.0,0.0,0.0,0.0,0.0,65.94,65.94,00-0034857,AlleJo02,3918298.0,Josh Allen,1996-05-21,77.0,237.0,Wyoming; Reedley,2018.0,1.0,7.0,BUF,2018,9,17.0,0.0,0.0,0.0,0.0,2024.0,Josh Allen,BUF,28.0,QB,17.0,17.0,0.0,0.0,7.0,,0.0,0.0,,7.0,,,0.0,,0.0,,0.0,,2025-09-03,2024.0,Josh Allen,BUF,28.0,QB,17.0,17.0,102.0,531.0,,52.0,341.0,3.3,190.0,1.9,7.0,14.6,2025-09-03,Josh Allen,BUF,483.0,22.0,1.0,20.0,4.3,86.0,18.7,2024.0,2.4,136.0,37.0,37.0,88.0,16.4,9.0,344.0,74.8,51.0,404.0,39.0,335.0,11.0,69.0,,,3836.0,7.9,1726.0,5.6,3.6,2005.0,6.5,41.0,8.9,2024.0,Regular,Season Total,BUF,J. Allen,1.5,74.8,47.7,642.0,101.0,71.3,28.4,0.0,1.3,74.1,-5.5,Josh,Allen,Josh Allen,https://a.espncdn.com/i/headshots/nfl/players/full/3918298.png,Bills,True,16,22.54,7.300000000000001,14,12,5
2024,Joe Burrow,J.Burrow,00-0036442,CIN,QB,QB,3.0,17,372.82000000000005,21.93058823529412,372.82000000000005,0.0,0,0,0,0,0.0,0.0,0.0,42,201,2,460,652,4918,43,9,1132.0,0.9952941176470589,0.32934628975265023,21.930588235294117,8.375371984715244,36.980000000000004,8,QB,"https://static.www.nfl.com/image/upload/f_auto,q_auto/league/gnnvcgui1cijybukk2w7",REG,48,-278,9,5,4614,2192,253,115.12695542445556,6.786788494628706,0,1.0658864325964457,190,86,49,12,2,0,16,16.052818928466877,0,8,5,1,1,0,0,0,0,0,,0,0,0,0,0,,0,0,0,0,0,0,0,0.0,0.0,0,0,0,0,0,0,0,0,0,0,0,0,0,2,-3,0,0,0,2,24,9,2,1,11,5,0,0,0,0,0,0,0,0,,,0,0,0,0,0,0,0,0,0,0,0,0,,,,0,0,0,0,0,0,0,,0,0,0,0,,0,0,,0,0,0,0,0,0,0,0,0,0,,,,,,,,,,,,,,,,,,,,,,,,,,,,,,,,,,,,,,,,,,,,,,,,,,,,,,,,,,,,,,,,,,,,,,,,,,,,,,,,,,,,,,,,,,,,,,,,,,,,,,,,,,,,,,,,,,,,,,,,,,,,,,,,,,,,,,,,,,,,,,,,,,,,00-0036442,BurrJo01,3915511.0,Joe Burrow,1996-12-10,76.0,215.0,LSU; Ohio State,2020.0,1.0,1.0,CIN,2020,7,17.0,0.0,0.0,0.0,0.0,,,,,,,,,,,,,,,,,,,,,,,,,2024.0,Joe Burrow,CIN,28.0,QB,17.0,17.0,42.0,201.0,,16.0,166.0,4.0,35.0,0.8,0.0,,2025-09-03,Joe Burrow,CIN,652.0,20.0,1.0,30.0,4.8,73.0,11.6,2024.0,2.2,164.0,38.0,69.0,155.0,21.5,10.0,507.0,80.3,97.0,838.0,89.0,819.0,3.0,19.0,,,4603.0,7.1,2726.0,5.9,4.2,2192.0,4.8,22.0,9.3,2024.0,Regular,Season Total,CIN,J. Burrow,3.0,72.1,51.8,788.0,122.6,106.5,13.3,0.0,2.9,71.7,-21.9,Joe,Burrow,Joe Burrow,https://a.espncdn.com/i/headshots/nfl/players/full/3915511.png,Bengals,True,17,19.82,8.06,16,13,6
2024,Baker Mayfield,B.Mayfield,00-0034855,TB,QB,QB,4.0,17,365.8,21.51764705882353,365.8,0.0,0,0,0,0,0.0,0.0,0.0,60,378,3,407,570,4500,41,16,1123.0,0.9852941176470589,0.3257346393588602,21.51764705882353,7.4012258523603425,34.56,10,QB,"https://static.www.nfl.com/image/upload/f_auto,q_auto/league/gjb8e69jtt1ffqf1afue",REG,40,-248,4,1,3971,2439,224,115.38862828218237,3.6040242350398435,1,1.1332158146562579,185,92,58,5,7,1,24,6.794032916492984,0,20,10,2,0,0,0,0,0,0,,0,0,0,0,0,,0,0,0,0,0,0,0,0.0,0.0,0,0,0,0,0,0,0,0,0,0,0,0,0,8,-18,0,0,0,1,15,6,6,2,12,2,0,0,0,0,0,0,0,0,,,0,0,0,0,0,0,0,0,0,0,0,0,,,,0,0,0,0,0,0,0,,0,0,0,0,,0,0,,0,0,0,0,0,0,0,0,0,0,B.Mayfield,Baker Mayfield,QB,QB,"https://static.www.nfl.com/image/upload/f_auto,q_auto/league/gjb8e69jtt1ffqf1afue",2024.0,POST,TB,1.0,15.0,18.0,185.0,2.0,0.0,1.0,-2.0,0.0,0.0,138.0,81.0,12.0,13.499115414618384,20.169017244787778,0.0,1.3405797101449275,10.0,5.0,4.0,0.0,7.0,23.0,0.0,1.0,1.0,1.0,-7.4748981987359,0.0,1.0,1.0,0.0,0.0,0.0,0.0,0.0,0.0,0.0,0.0,0.0,0.0,0.0,,0.0,0.0,0.0,0.0,0.0,,0.0,0.0,0.0,0.0,1.0,0.0,0.0,0.0,0.0,0.0,0.0,0.0,0.0,0.0,0.0,0.0,0.0,0.0,0.0,0.0,0.0,0.0,0.0,0.0,0.0,0.0,-2.0,0.0,0.0,0.0,0.0,0.0,0.0,1.0,0.0,1.0,1.0,0.0,0.0,0.0,0.0,0.0,0.0,0.0,0.0,,,0.0,0.0,0.0,0.0,0.0,0.0,0.0,0.0,0.0,0.0,0.0,0.0,,,,0.0,0.0,0.0,0.0,0.0,0.0,0.0,,0.0,0.0,0.0,0.0,,0.0,0.0,,0.0,0.0,0.0,0.0,0.0,0.0,0.0,0.0,0.0,0.0,15.7,15.7,00-0034855,MayfBa00,3052587.0,Baker Mayfield,1995-04-14,73.0,215.0,Oklahoma; Texas Tech,2018.0,1.0,1.0,CLE,2018,9,17.0,0.0,0.0,0.0,0.0,,,,,,,,,,,,,,,,,,,,,,,,,2024.0,Baker Mayfield,TB,29.0,QB,17.0,17.0,60.0,378.0,,24.0,294.0,4.9,84.0,1.4,5.0,12.0,2025-09-03,Baker Mayfield,TB,570.0,7.0,1.0,27.0,4.8,63.0,11.2,2024.0,2.2,175.0,49.0,20.0,109.0,16.7,14.0,442.0,78.6,49.0,432.0,45.0,424.0,2.0,8.0,,,3966.0,7.0,2061.0,5.1,3.6,2439.0,6.0,44.0,8.7,2024.0,Regular,Season Total,TB,B. Mayfield,13.0,58.4,23.4,713.0,83.5,67.7,14.2,0.0,1.5,61.4,-18.5,Baker,Mayfield,Baker Mayfield,https://a.espncdn.com/i/headshots/nfl/players/full/3052587.png,Buccaneers,True,17,22.300000000000004,8.52,15,14,6
2024,Jayden Daniels,J.Daniels,00-0039910,WAS,QB,QB,5.0,17,355.82,20.930588235294117,355.82,0.0,0,0,0,0,0.0,0.0,0.0,148,891,6,331,480,3568,25,9,1062.0,0.9088235294117647,0.3350470809792844,20.930588235294117,9.181702232285305,34.42,10,QB,"https://static.www.nfl.com/image/upload/f_auto,q_auto/league/gfz8k5onuqjrche9ogqc",REG,47,-238,2,0,3548,1780,170,60.854651133760484,3.5467726192608833,2,1.0056369785794814,137,59,41,10,3,0,55,58.52580386446871,1,28,25,7,1,0,0,0,0,0,,0,0,0,0,0,,0,0,0,1,0,0,0,0.0,0.0,0,0,0,0,0,0,0,0,0,0,0,0,0,0,-11,0,0,0,0,0,4,1,2,5,0,0,0,0,0,0,0,0,0,,,0,0,0,0,0,0,0,0,0,0,0,0,,,,0,0,0,0,0,0,0,,0,0,0,0,,0,0,,0,0,0,0,0,0,0,0,0,0,J.Daniels,Jayden Daniels,QB,QB,"https://static.www.nfl.com/image/upload/f_auto,q_auto/league/gfz8k5onuqjrche9ogqc",2024.0,POST,WAS,3.0,75.0,114.0,822.0,5.0,1.0,4.0,-27.0,0.0,0.0,727.0,432.0,43.0,30.25884075726299,2.167238587530974,1.0,1.1306740027510316,28.0,16.0,12.0,2.0,35.0,135.0,1.0,0.0,0.0,9.0,3.8326115894659005,0.0,4.0,3.0,0.0,0.0,0.0,0.0,0.0,0.0,0.0,0.0,0.0,0.0,0.0,,0.0,0.0,0.0,0.0,0.0,,0.0,0.0,0.0,0.0,0.0,0.0,0.0,0.0,0.0,0.0,0.0,0.0,0.0,0.0,0.0,0.0,0.0,0.0,0.0,0.0,0.0,0.0,0.0,0.0,0.0,0.0,0.0,0.0,0.0,0.0,0.0,0.0,0.0,0.0,0.0,0.0,0.0,0.0,0.0,0.0,0.0,0.0,0.0,0.0,0.0,,,0.0,0.0,0.0,0.0,0.0,0.0,0.0,0.0,0.0,0.0,0.0,0.0,,,,0.0,0.0,0.0,0.0,0.0,0.0,0.0,,0.0,0.0,0.0,0.0,,0.0,0.0,,0.0,0.0,0.0,0.0,0.0,0.0,0.0,0.0,0.0,0.0,72.38,72.38,00-0039910,DaniJa02,4426348.0,Jayden Daniels,2000-12-18,76.0,210.0,LSU; Arizona State,2024.0,1.0,2.0,WAS,2024,3,17.0,0.0,0.0,0.0,0.0,,,,,,,,,,,,,,,,,,,,,,,,,2024.0,Jayden Daniels,WAS,24.0,QB,17.0,17.0,148.0,891.0,,55.0,653.0,4.4,238.0,1.6,9.0,16.4,2025-09-03,Jayden Daniels,WAS,480.0,15.0,2.0,20.0,4.3,67.0,14.5,2024.0,2.4,153.0,36.0,28.0,111.0,18.5,12.0,362.0,78.2,112.0,805.0,79.0,605.0,27.0,200.0,,,3526.0,7.3,1788.0,5.4,3.7,1780.0,5.4,73.0,8.1,2024.0,Regular,Season Total,WSH,J. Daniels,4.0,67.7,40.6,698.0,98.4,53.6,42.2,0.0,2.6,69.5,-17.9,Jayden,Daniels,Jayden Daniels,https://a.espncdn.com/i/headshots/nfl/players/full/4426348.png,Commanders,True,17,22.24,4.220000000000001,14,12,6
2024,Jared Goff,J.Goff,00-0033106,DET,QB,QB,6.0,17,324.46,19.085882352941177,323.46,1.0,1,1,7,1,0.0019157088122605363,0.0014338973329509608,0.0038772913514564774,35,56,0,390,539,4629,37,12,1113.0,0.9711764705882354,0.29151841868823,19.08588235294118,9.69832656881042,41.06,7,QB,"https://static.www.nfl.com/image/upload/f_auto,q_auto/league/kaicbot8qhzrvddilbtp",REG,31,-234,6,0,3406,2635,236,168.55468968876792,5.705703155082815,1,1.3590722254844392,181,96,61,11,0,0,9,-3.12486233766038,0,1,0,0,0,0,0,5,2,1,1.72411598067265,0,0,0,0,0,1.4,0,1,0,1,0,0,0,0.0,0.0,0,0,0,0,0,0,0,0,0,0,0,0,0,2,0,0,0,0,0,0,6,0,0,6,0,0,0,0,0,0,0,0,0,,,0,0,0,0,0,0,0,0,0,0,0,0,,,,0,0,0,0,0,0,0,,0,0,0,0,,0,0,,0,0,0,0,0,0,0,0,0,0,J.Goff,Jared Goff,QB,QB,"https://static.www.nfl.com/image/upload/f_auto,q_auto/league/kaicbot8qhzrvddilbtp",2024.0,POST,DET,1.0,23.0,40.0,313.0,1.0,3.0,2.0,-16.0,1.0,1.0,331.0,153.0,17.0,-4.439887656306382,-5.362836768229802,0.0,0.945619335347432,17.0,6.0,4.0,0.0,1.0,7.0,0.0,0.0,0.0,1.0,1.6781461277860217,0.0,0.0,0.0,0.0,0.0,0.0,0.0,0.0,0.0,0.0,0.0,0.0,0.0,0.0,,0.0,0.0,0.0,0.0,0.0,,0.0,0.0,0.0,0.0,0.0,0.0,0.0,0.0,0.0,0.0,0.0,0.0,0.0,0.0,0.0,0.0,0.0,0.0,0.0,0.0,0.0,0.0,0.0,0.0,0.0,0.0,0.0,0.0,0.0,0.0,0.0,0.0,1.0,0.0,0.0,1.0,1.0,0.0,0.0,0.0,0.0,0.0,0.0,0.0,0.0,,,0.0,0.0,0.0,0.0,0.0,0.0,0.0,0.0,0.0,0.0,0.0,0.0,,,,0.0,0.0,0.0,0.0,0.0,0.0,0.0,,0.0,0.0,0.0,0.0,,0.0,0.0,,0.0,0.0,0.0,0.0,0.0,0.0,0.0,0.0,0.0,0.0,9.219999999999999,9.219999999999999,00-0033106,GoffJa00,3046779.0,Jared Goff,1994-10-14,76.0,217.0,California,2016.0,1.0,1.0,LA,2016,11,17.0,0.0,0.0,0.0,0.0,2024.0,Jared Goff,DET,30.0,QB,17.0,17.0,1.0,1.0,7.0,,1.0,5.0,5.0,2.0,2.0,5.0,0.0,,0.0,0.0,0.0,135.4,2025-09-03,2024.0,Jared Goff,DET,30.0,QB,17.0,17.0,35.0,56.0,,9.0,52.0,1.5,4.0,0.1,0.0,,2025-09-03,Jared Goff,DET,539.0,24.0,3.0,11.0,2.1,69.0,13.5,2024.0,2.3,143.0,34.0,57.0,122.0,20.9,4.0,412.0,80.5,14.0,94.0,12.0,91.0,1.0,3.0,,,3390.0,6.3,1994.0,5.1,3.7,2635.0,6.8,14.0,4.9,2024.0,Regular,Season Total,DET,J. Goff,6.0,65.4,25.2,617.0,75.5,71.4,4.3,0.0,-0.2,64.1,-13.1,Jared,Goff,Jared Goff,https://a.espncdn.com/i/headshots/nfl/players/full/3046779.png,Lions,True,17,16.94,7.800000000000002,13,10,6
2024,Bo Nix,B.Nix,00-0039732,DEN,QB,QB,7.0,17,317.2,18.658823529411762,316.2,1.0,1,1,2,1,0.0018214936247723133,0.00048426150121065375,0.0030712234880059274,92,430,4,376,567,3775,29,12,1088.0,0.9882352941176471,0.2915441176470588,18.658823529411762,7.47358505199558,33.54,7,QB,"https://static.www.nfl.com/image/upload/f_auto,q_auto/league/zvo9xatffmqn9lnukpgk",REG,24,-198,1,0,4116,2072,170,34.441007298895755,0.5609254233348064,0,0.9171525753158406,133,76,51,6,1,0,41,22.070224168650412,0,16,13,6,0,0,0,2,0,1,3.8798944197478704,0,0,0,0,0,1.0,0,0,0,0,0,0,0,0.0,0.0,0,0,0,0,0,0,0,0,0,0,0,0,0,2,-2,0,0,0,2,10,1,2,0,3,0,0,0,0,0,0,0,0,0,,,0,0,0,0,0,0,0,0,0,0,0,0,,,,0,0,0,0,0,0,0,,0,0,0,0,,0,0,,0,0,0,0,0,0,0,0,0,0,B.Nix,Bo Nix,QB,QB,"https://static.www.nfl.com/image/upload/f_auto,q_auto/league/zvo9xatffmqn9lnukpgk",2024.0,POST,DEN,1.0,13.0,22.0,144.0,1.0,0.0,2.0,-14.0,0.0,0.0,260.0,30.0,6.0,-7.437494957720211,-4.506913640282371,0.0,0.5538461538461539,7.0,3.0,2.0,1.0,4.0,43.0,0.0,0.0,0.0,4.0,2.3589828404947184,0.0,3.0,2.0,0.0,0.0,0.0,0.0,0.0,0.0,0.0,0.0,0.0,0.0,0.0,,0.0,0.0,0.0,0.0,0.0,,0.0,0.0,0.0,0.0,0.0,0.0,0.0,0.0,0.0,0.0,0.0,0.0,0.0,0.0,0.0,0.0,0.0,0.0,0.0,0.0,0.0,0.0,0.0,0.0,0.0,0.0,0.0,0.0,0.0,0.0,0.0,0.0,0.0,0.0,0.0,0.0,0.0,0.0,0.0,0.0,0.0,0.0,0.0,0.0,0.0,,,0.0,0.0,0.0,0.0,0.0,0.0,0.0,0.0,0.0,0.0,0.0,0.0,,,,0.0,0.0,0.0,0.0,0.0,0.0,0.0,,0.0,0.0,0.0,0.0,,0.0,0.0,,0.0,0.0,0.0,0.0,0.0,0.0,0.0,0.0,0.0,0.0,14.059999999999999,14.059999999999999,00-0039732,NixxBo00,4426338.0,Bo Nix,2000-02-25,74.0,217.0,Oregon; Auburn,2024.0,1.0,12.0,DEN,2024,3,17.0,0.0,0.0,0.0,0.0,2024.0,Bo Nix,DEN,24.0,QB,17.0,17.0,1.0,1.0,2.0,,1.0,2.0,2.0,0.0,0.0,2.0,0.0,,0.0,0.0,0.0,118.7,2025-09-03,2024.0,Bo Nix,DEN,24.0,QB,17.0,17.0,92.0,430.0,,41.0,359.0,3.9,71.0,0.8,3.0,30.7,2025-09-03,Bo Nix,DEN,567.0,18.0,1.0,32.0,5.8,83.0,15.1,2024.0,2.5,148.0,44.0,34.0,102.0,15.9,16.0,420.0,76.6,92.0,737.0,80.0,692.0,11.0,45.0,,,4116.0,7.3,1703.0,4.5,3.0,2072.0,5.5,50.0,7.2,2024.0,Regular,Season Total,DEN,B. Nix,18.0,53.5,8.8,708.0,69.1,49.9,17.7,0.0,1.5,54.4,-9.6,Bo,Nix,Bo Nix,https://a.espncdn.com/i/headshots/nfl/players/full/4426338.png,Broncos,True,17,19.34,6.7,15,11,3
2024,Jalen Hurts,J.Hurts,00-0036389,PHI,QB,QB,8.0,15,315.12,21.008,315.12,0.0,0,0,0,0,0.0,0.0,0.0,150,630,14,248,361,2903,18,5,934.0,0.916,0.3373875802997859,21.008,7.9905687264066865,35.14,8,QB,"https://static.www.nfl.com/image/upload/f_auto,q_auto/league/xow5yvxjeqa6witmofmp",REG,38,-271,5,3,2814,1375,139,40.415666969271385,7.52145761768975,0,1.0316275764036957,108,64,43,10,4,2,62,40.74427943167077,0,18,16,7,0,0,0,0,0,0,,0,0,0,0,0,,0,1,0,0,0,0,0,0.0,0.0,0,0,0,0,0,0,0,0,0,0,0,0,0,2,-8,0,0,0,2,15,6,3,0,9,5,0,0,0,0,0,0,0,0,,,0,0,0,0,0,0,0,0,0,0,0,0,,,,0,0,0,0,0,0,0,,0,0,0,0,,0,0,,0,0,0,0,0,0,0,0,0,0,J.Hurts,Jalen Hurts,QB,QB,"https://static.www.nfl.com/image/upload/f_auto,q_auto/league/xow5yvxjeqa6witmofmp",2024.0,POST,PHI,4.0,65.0,91.0,726.0,5.0,1.0,13.0,-100.0,1.0,0.0,617.0,385.0,35.0,25.854736819849837,8.656864045631318,0.0,1.1766612641815235,29.0,14.0,11.0,1.0,34.0,194.0,5.0,0.0,0.0,14.0,10.048466099783013,0.0,6.0,5.0,1.0,1.0,0.0,0.0,0.0,0.0,0.0,0.0,0.0,0.0,0.0,,0.0,0.0,0.0,0.0,0.0,,0.0,0.0,0.0,0.0,0.0,0.0,0.0,0.0,0.0,0.0,0.0,0.0,0.0,0.0,0.0,0.0,0.0,0.0,0.0,0.0,0.0,0.0,0.0,0.0,0.0,0.0,0.0,0.0,0.0,0.0,1.0,5.0,1.0,0.0,0.0,1.0,0.0,0.0,0.0,0.0,0.0,0.0,0.0,0.0,0.0,,,0.0,0.0,0.0,0.0,0.0,0.0,0.0,0.0,0.0,0.0,0.0,0.0,,,,0.0,0.0,0.0,0.0,0.0,0.0,0.0,,0.0,0.0,0.0,0.0,,0.0,0.0,,0.0,0.0,0.0,0.0,0.0,0.0,0.0,0.0,0.0,0.0,96.44,96.44,00-0036389,HurtJa00,4040715.0,Jalen Hurts,1998-08-07,73.0,223.0,Oklahoma; Alabama,2020.0,2.0,53.0,PHI,2020,7,15.0,0.0,0.0,0.0,0.0,,,,,,,,,,,,,,,,,,,,,,,,,2024.0,Jalen Hurts,PHI,26.0,QB,15.0,15.0,150.0,630.0,,62.0,449.0,3.0,181.0,1.2,11.0,13.6,2025-09-03,Jalen Hurts,PHI,361.0,25.0,1.0,6.0,1.8,45.0,13.4,2024.0,2.7,126.0,29.0,23.0,90.0,20.5,8.0,265.0,79.1,98.0,829.0,64.0,628.0,32.0,201.0,,,2812.0,7.8,1528.0,6.2,4.2,1375.0,5.5,39.0,9.4,2024.0,Regular,Season Total,PHI,J. Hurts,10.0,62.5,23.8,558.0,73.7,45.3,28.2,0.0,0.3,64.6,-15.3,Jalen,Hurts,Jalen Hurts,https://a.espncdn.com/i/headshots/nfl/players/full/4040715.png,Eagles,True,15,21.860000000000003,4.540000000000001,14,13,4
2024,Sam Darnold,S.Darnold,00-0034869,MIN,QB,QB,9.0,17,307.96,18.115294117647057,307.96,0.0,0,0,0,0,0.0,0.0,0.0,67,212,1,361,545,4319,35,12,1110.0,0.9941176470588234,0.27744144144144145,18.115294117647057,7.571973089663503,34.580000000000005,7,QB,"https://static.www.nfl.com/image/upload/f_auto,q_auto/league/fyay8vruj0cqmhopufzk",REG,48,-335,5,2,4606,1753,207,49.61524677686147,3.8546484268129104,0,0.9376899696048632,165,93,62,10,3,2,23,-3.1438761358859426,0,9,5,0,0,0,0,0,0,0,,0,0,0,0,0,,0,1,0,1,0,0,0,0.0,0.0,0,0,0,0,0,0,0,0,0,0,0,0,0,2,-27,0,0,0,4,45,5,3,1,8,4,0,0,0,0,0,0,0,0,,,0,0,0,0,0,0,0,0,0,0,0,0,,,,0,0,0,0,0,0,0,,0,0,0,0,,0,0,,0,0,0,0,0,0,0,0,0,0,S.Darnold,Sam Darnold,QB,QB,"https://static.www.nfl.com/image/upload/f_auto,q_auto/league/fyay8vruj0cqmhopufzk",2024.0,POST,MIN,1.0,25.0,40.0,245.0,1.0,1.0,9.0,-82.0,1.0,1.0,420.0,99.0,11.0,-29.898737033518195,-4.985727109014988,0.0,0.5833333333333334,10.0,5.0,3.0,0.0,4.0,19.0,0.0,0.0,0.0,3.0,5.571961073204875,0.0,1.0,1.0,0.0,0.0,0.0,0.0,0.0,0.0,0.0,0.0,0.0,0.0,0.0,,0.0,0.0,0.0,0.0,0.0,,0.0,0.0,0.0,0.0,0.0,0.0,0.0,0.0,0.0,0.0,0.0,0.0,0.0,0.0,0.0,0.0,0.0,0.0,0.0,0.0,0.0,0.0,0.0,0.0,0.0,0.0,0.0,0.0,0.0,0.0,0.0,0.0,1.0,0.0,0.0,1.0,1.0,0.0,0.0,0.0,0.0,0.0,0.0,0.0,0.0,,,0.0,0.0,0.0,0.0,0.0,0.0,0.0,0.0,0.0,0.0,0.0,0.0,,,,0.0,0.0,0.0,0.0,0.0,0.0,0.0,,0.0,0.0,0.0,0.0,,0.0,0.0,,0.0,0.0,0.0,0.0,0.0,0.0,0.0,0.0,0.0,0.0,11.700000000000001,11.700000000000001,00-0034869,DarnSa00,3912547.0,Sam Darnold,1997-06-05,75.0,225.0,USC,2018.0,1.0,3.0,NYJ,2018,9,17.0,0.0,0.0,0.0,0.0,,,,,,,,,,,,,,,,,,,,,,,,,2024.0,Sam Darnold,MIN,27.0,QB,17.0,17.0,67.0,212.0,,23.0,155.0,2.3,57.0,0.9,1.0,67.0,2025-09-03,Sam Darnold,MIN,545.0,29.0,1.0,19.0,3.7,77.0,15.0,2024.0,2.6,137.0,52.0,52.0,152.0,24.5,10.0,400.0,77.7,28.0,218.0,25.0,185.0,3.0,33.0,,,4561.0,8.4,2566.0,7.1,4.7,1753.0,4.9,28.0,7.9,2024.0,Regular,Season Total,MIN,S. Darnold,14.0,57.3,13.9,704.0,77.0,64.4,5.9,0.0,6.8,56.9,-20.0,Sam,Darnold,Sam Darnold,https://a.espncdn.com/i/headshots/nfl/players/full/3912547.png,Vikings,True,17,19.599999999999998,4.26,14,12,1
2024,Kyler Murray,K.Murray,00-0035228,ARI,QB,QB,10.0,17,297.24,17.48470588235294,297.24,0.0,0,0,0,0,0.0,0.0,0.0,78,572,5,372,541,3851,21,11,1065.0,0.9711764705882354,0.2790985915492958,17.48470588235294,7.158053259831772,28.740000000000002,7,QB,"https://static.www.nfl.com/image/upload/f_auto,q_auto/league/btfruyf33adgnjzpcuen",REG,30,-220,3,1,3693,1970,191,65.65436788089345,2.1178644786869496,0,1.0427836447332792,155,70,43,3,4,3,27,17.93324600908897,1,19,16,6,2,0,0,0,0,0,,0,0,0,0,0,,0,0,0,0,0,0,0,0.0,0.0,0,0,0,0,0,0,0,0,0,0,0,0,0,3,-4,0,0,0,1,15,5,3,1,8,4,0,0,0,0,0,0,0,0,,,0,0,0,0,0,0,0,0,0,0,0,0,,,,0,0,0,0,0,0,0,,0,0,0,0,,0,0,,0,0,0,0,0,0,0,0,0,0,,,,,,,,,,,,,,,,,,,,,,,,,,,,,,,,,,,,,,,,,,,,,,,,,,,,,,,,,,,,,,,,,,,,,,,,,,,,,,,,,,,,,,,,,,,,,,,,,,,,,,,,,,,,,,,,,,,,,,,,,,,,,,,,,,,,,,,,,,,,,,,,,,,,00-0035228,MurrKy00,3917315.0,Kyler Murray,1997-08-07,70.0,207.0,Oklahoma; Texas A&M,2019.0,1.0,1.0,ARI,2019,8,17.0,0.0,0.0,0.0,0.0,,,,,,,,,,,,,,,,,,,,,,,,,2024.0,Kyler Murray,ARI,27.0,QB,17.0,17.0,78.0,572.0,,27.0,468.0,6.0,104.0,1.3,2.0,39.0,2025-09-03,Kyler Murray,ARI,541.0,19.0,1.0,17.0,3.3,66.0,12.7,2024.0,2.4,155.0,47.0,23.0,100.0,16.3,14.0,412.0,79.1,63.0,529.0,53.0,467.0,9.0,62.0,,,3669.0,6.8,1883.0,5.1,3.5,1968.0,5.3,42.0,8.7,2024.0,Regular,Season Total,ARI,K. Murray,9.0,63.4,22.6,693.0,82.9,60.3,19.3,0.0,3.3,61.3,-12.1,Kyler,Murray,Kyler Murray,https://a.espncdn.com/i/headshots/nfl/players/full/3917315.png,Cardinals,True,17,16.04,4.76,15,10,3
2024,Justin Herbert,J.Herbert,00-0036355,LAC,QB,QB,11.0,17,285.40000000000003,16.788235294117648,285.40000000000003,0.0,0,0,0,0,0.0,0.0,0.0,69,306,2,332,504,3870,23,3,1045.0,0.9770588235294118,0.27311004784688997,16.788235294117648,6.215669951113595,28.04,5,QB,"https://static.www.nfl.com/image/upload/f_auto,q_auto/league/jnkspnntgebegzp4ghve",REG,41,-244,4,1,4335,1688,175,72.20391185379123,1.9455949700984758,3,0.8927335640138409,152,81,54,7,2,1,23,4.16619123656043,0,8,8,4,1,0,0,0,0,0,,0,0,0,0,0,,0,1,0,0,0,0,0,0.0,0.0,0,0,0,0,0,0,0,0,0,0,0,0,0,3,-6,0,0,0,0,0,5,1,0,6,2,0,0,0,0,0,0,0,0,,,0,0,0,0,0,0,0,0,0,0,0,0,,,,0,0,0,0,0,0,0,,0,0,0,0,,0,0,,0,0,0,0,0,0,0,0,0,0,J.Herbert,Justin Herbert,QB,QB,"https://static.www.nfl.com/image/upload/f_auto,q_auto/league/jnkspnntgebegzp4ghve",2024.0,POST,LAC,1.0,14.0,32.0,242.0,1.0,4.0,4.0,-31.0,0.0,0.0,405.0,112.0,9.0,-23.056620933084403,-20.68233210593462,0.0,0.5975308641975309,10.0,4.0,1.0,1.0,0.0,0.0,0.0,0.0,0.0,0.0,,0.0,0.0,0.0,0.0,0.0,0.0,0.0,0.0,0.0,0.0,0.0,0.0,0.0,0.0,,0.0,0.0,0.0,0.0,0.0,,0.0,0.0,0.0,0.0,0.0,0.0,0.0,0.0,0.0,0.0,0.0,0.0,0.0,0.0,0.0,0.0,0.0,0.0,0.0,0.0,0.0,0.0,0.0,0.0,0.0,0.0,0.0,0.0,0.0,0.0,0.0,0.0,0.0,0.0,0.0,0.0,0.0,0.0,0.0,0.0,0.0,0.0,0.0,0.0,0.0,,,0.0,0.0,0.0,0.0,0.0,0.0,0.0,0.0,0.0,0.0,0.0,0.0,,,,0.0,0.0,0.0,0.0,0.0,0.0,0.0,,0.0,0.0,0.0,0.0,,0.0,0.0,,0.0,0.0,0.0,0.0,0.0,0.0,0.0,0.0,0.0,0.0,5.68,5.68,00-0036355,HerbJu00,4038941.0,Justin Herbert,1998-03-10,78.0,236.0,Oregon,2020.0,1.0,6.0,LAC,2020,7,17.0,0.0,0.0,0.0,0.0,,,,,,,,,,,,,,,,,,,,,,,,,2024.0,Justin Herbert,LAC,26.0,QB,17.0,17.0,69.0,306.0,,23.0,224.0,3.2,82.0,1.2,2.0,34.5,2025-09-03,Justin Herbert,LAC,504.0,14.0,3.0,32.0,6.6,67.0,13.8,2024.0,2.5,156.0,20.0,62.0,123.0,21.4,10.0,388.0,79.7,51.0,535.0,42.0,489.0,4.0,46.0,,,4326.0,8.6,2182.0,6.6,4.3,1688.0,5.1,31.0,10.0,2024.0,Regular,Season Total,LAC,J. Herbert,11.0,61.7,26.9,640.0,82.8,69.7,10.0,0.0,3.1,64.5,-15.2,Justin,Herbert,Justin Herbert,https://a.espncdn.com/i/headshots/nfl/players/full/4038941.png,Chargers,True,17,14.760000000000002,7.9799999999999995,15,8,1
2024,Patrick Mahomes,P.Mahomes,00-0033873,KC,QB,QB,12.0,16,283.02,17.68875,282.02,1.0,1,1,2,0,0.0017482517482517483,-0.0002627430373095113,0.0024384574962609644,58,307,2,392,581,3928,26,11,1106.0,0.993125,0.25589511754068717,17.68875,5.163208143522138,28.759999999999998,4,QB,"https://static.www.nfl.com/image/upload/f_auto,q_auto/league/wdckwtob1lybvkmxnf7p",REG,36,-239,1,0,3681,2300,214,71.13335926034802,2.5634111833184363,0,1.0671013311600108,163,66,40,4,1,0,22,24.313266949804724,0,12,10,2,0,0,0,-1,3,0,-0.40306357806548476,0,0,0,0,0,0.0,0,0,0,0,0,0,0,0.0,0.0,0,0,0,0,0,0,0,0,0,0,0,0,0,1,0,0,0,0,0,0,1,1,1,2,0,0,0,0,0,0,0,0,0,,,0,0,0,0,0,0,0,0,0,0,0,0,,,,0,0,0,0,0,0,0,,0,0,0,0,,0,0,,0,0,0,0,0,0,0,0,0,0,P.Mahomes,Patrick Mahomes,QB,QB,"https://static.www.nfl.com/image/upload/f_auto,q_auto/league/wdckwtob1lybvkmxnf7p",2024.0,POST,KC,3.0,55.0,83.0,679.0,5.0,2.0,11.0,-58.0,1.0,1.0,588.0,329.0,32.0,2.4347433410230486,0.4857906588801631,3.0,1.1547619047619047,27.0,12.0,10.0,3.0,22.0,82.0,2.0,2.0,1.0,7.0,0.25895265716826543,0.0,4.0,2.0,0.0,0.0,0.0,0.0,0.0,0.0,0.0,0.0,0.0,0.0,0.0,,0.0,0.0,0.0,0.0,0.0,,0.0,0.0,0.0,0.0,0.0,0.0,0.0,0.0,0.0,0.0,0.0,0.0,0.0,0.0,0.0,0.0,0.0,0.0,0.0,0.0,0.0,0.0,0.0,0.0,0.0,2.0,0.0,0.0,0.0,0.0,0.0,0.0,1.0,2.0,0.0,3.0,2.0,0.0,0.0,0.0,0.0,0.0,0.0,0.0,0.0,,,0.0,0.0,0.0,0.0,0.0,0.0,0.0,0.0,0.0,0.0,0.0,0.0,,,,0.0,0.0,0.0,0.0,0.0,0.0,0.0,,0.0,0.0,0.0,0.0,,0.0,0.0,,0.0,0.0,0.0,0.0,0.0,0.0,0.0,0.0,0.0,0.0,65.36,65.36,00-0033873,MahoPa00,3139477.0,Patrick Mahomes,1995-09-17,74.0,225.0,Texas Tech,2017.0,1.0,10.0,KC,2017,10,16.0,0.0,0.0,0.0,0.0,2024.0,Patrick Mahomes,KC,29.0,QB,16.0,16.0,1.0,1.0,2.0,,0.0,-1.0,-1.0,3.0,3.0,-1.0,0.0,,0.0,0.0,0.0,79.2,2025-09-03,2024.0,Patrick Mahomes,KC,29.0,QB,16.0,16.0,58.0,307.0,,22.0,240.0,4.1,67.0,1.2,0.0,,2025-09-03,Patrick Mahomes,KC,581.0,26.0,2.0,26.0,4.7,87.0,15.7,2024.0,2.3,140.0,46.0,70.0,152.0,23.3,10.0,425.0,76.9,98.0,716.0,97.0,712.0,1.0,4.0,,,3601.0,6.2,1628.0,4.2,2.8,2300.0,5.9,36.0,9.1,2024.0,Regular,Season Total,KC,P. Mahomes,8.0,64.6,32.7,698.0,98.3,69.8,25.1,0.0,3.4,66.0,-15.5,Patrick,Mahomes,Patrick Mahomes,https://a.espncdn.com/i/headshots/nfl/players/full/3139477.png,Chiefs,True,16,16.11,12.06,16,11,2
2024,Brock Purdy,B.Purdy,00-0037834,SF,QB,QB,13.0,15,266.86,17.790666666666667,266.86,0.0,0,0,0,0,0.0,0.0,0.0,66,323,5,300,455,3864,20,12,944.0,0.9893333333333333,0.2826906779661017,17.790666666666667,8.156458848813065,30.279999999999998,7,QB,"https://static.www.nfl.com/image/upload/f_auto,q_auto/league/xs2fyj1sqdgwvt9ihbri",REG,31,-156,5,3,3904,1644,178,77.78267370798577,2.0625835928049954,0,0.9897540983606558,156,76,56,11,2,0,33,19.224652512424893,0,12,5,0,0,0,0,0,0,0,,0,0,0,0,0,,0,1,0,0,0,0,0,0.0,0.0,0,0,0,0,0,0,0,0,0,0,0,0,0,0,-11,0,0,0,0,0,2,5,0,7,3,0,0,0,0,0,0,0,0,,,0,0,0,0,0,0,0,0,0,0,0,0,,,,0,0,0,0,0,0,0,,0,0,0,0,,0,0,,0,0,0,0,0,0,0,0,0,0,,,,,,,,,,,,,,,,,,,,,,,,,,,,,,,,,,,,,,,,,,,,,,,,,,,,,,,,,,,,,,,,,,,,,,,,,,,,,,,,,,,,,,,,,,,,,,,,,,,,,,,,,,,,,,,,,,,,,,,,,,,,,,,,,,,,,,,,,,,,,,,,,,,,00-0037834,PurdBr00,4361741.0,Brock Purdy,1999-12-27,73.0,220.0,Iowa State,2022.0,7.0,262.0,SF,2022,5,15.0,0.0,0.0,0.0,0.0,,,,,,,,,,,,,,,,,,,,,,,,,2024.0,Brock Purdy,SF,25.0,QB,15.0,15.0,66.0,323.0,,33.0,259.0,3.9,64.0,1.0,2.0,33.0,2025-09-03,Brock Purdy,SF,455.0,10.0,5.0,19.0,4.3,62.0,14.1,2024.0,2.5,142.0,32.0,38.0,101.0,19.1,10.0,345.0,78.4,38.0,374.0,32.0,351.0,2.0,23.0,,,3809.0,8.4,2220.0,7.4,4.9,1644.0,5.5,44.0,6.8,2024.0,Regular,Season Total,SF,B. Purdy,7.0,64.8,24.3,578.0,74.3,59.9,13.3,0.0,1.1,64.4,-11.4,Brock,Purdy,Brock Purdy,https://a.espncdn.com/i/headshots/nfl/players/full/4361741.png,49ers,True,15,18.36,2.16,13,9,3
2024,Geno Smith,G.Smith,00-0030565,SEA,QB,QB,14.0,17,266.0,15.647058823529411,266.0,0.0,0,0,0,0,0.0,0.0,0.0,53,272,2,407,578,4320,21,15,1075.0,0.9747058823529412,0.2474418604651163,15.647058823529411,6.006933249073401,26.32,5,QB,"https://static.www.nfl.com/image/upload/f_auto,q_auto/league/zppfqqcyjfma14jjif3a",REG,50,-338,3,0,3996,2181,209,21.75309638779609,5.639533668971664,0,1.0810810810810811,179,89,50,4,4,0,17,1.241315049061086,0,14,9,3,0,0,0,0,0,0,,0,0,0,0,0,,0,0,0,0,0,0,0,0.0,0.0,0,0,0,0,0,0,0,0,0,0,0,0,0,6,-47,0,0,0,4,43,3,6,0,9,0,0,0,0,0,0,0,0,0,,,0,0,0,0,0,0,0,0,0,0,0,0,,,,0,0,0,0,0,0,0,,0,0,0,0,,0,0,,0,0,0,0,0,0,0,0,0,0,,,,,,,,,,,,,,,,,,,,,,,,,,,,,,,,,,,,,,,,,,,,,,,,,,,,,,,,,,,,,,,,,,,,,,,,,,,,,,,,,,,,,,,,,,,,,,,,,,,,,,,,,,,,,,,,,,,,,,,,,,,,,,,,,,,,,,,,,,,,,,,,,,,,00-0030565,SmitGe00,15864.0,Geno Smith,1990-10-10,75.0,221.0,West Virginia,2013.0,2.0,39.0,NYJ,2013,14,17.0,0.0,0.0,0.0,0.0,,,,,,,,,,,,,,,,,,,,,,,,,2024.0,Geno Smith,SEA,34.0,QB,17.0,17.0,53.0,272.0,,17.0,254.0,4.8,18.0,0.3,0.0,,2025-09-03,Geno Smith,SEA,578.0,20.0,2.0,20.0,3.6,58.0,10.4,2024.0,2.4,138.0,36.0,57.0,143.0,21.9,14.0,455.0,81.8,64.0,339.0,58.0,331.0,2.0,8.0,,,3942.0,6.8,2139.0,5.3,3.7,2181.0,5.4,24.0,10.7,2024.0,Regular,Season Total,SEA,G. Smith,21.0,50.4,2.6,739.0,69.3,57.3,7.7,0.0,4.3,51.2,-23.3,Geno,Smith,Geno Smith,https://a.espncdn.com/i/headshots/nfl/players/full/15864.png,Seahawks,True,17,15.74,4.46,14,9,1
2024,Aaron Rodgers,A.Rodgers,00-0023459,NYJ,QB,QB,15.0,17,256.58,15.092941176470587,256.58,0.0,0,0,0,0,0.0,0.0,0.0,22,107,0,368,584,3897,28,11,1030.0,0.9635294117647059,0.24910679611650485,15.092941176470587,7.138301412718822,30.060000000000002,4,QB,"https://static.www.nfl.com/image/upload/f_auto,q_auto/league/dypvakakxhccxs67tb0y",REG,40,-302,5,2,4022,2119,192,11.295307453811034,-2.558030059534899,2,0.9689209348582795,166,75,51,7,0,0,7,4.280564359933793,0,4,2,0,0,0,0,0,0,0,,0,0,0,0,0,,0,0,0,0,0,0,0,0.0,0.0,0,0,0,0,0,0,0,0,0,0,0,0,0,3,0,0,0,0,2,25,5,0,0,5,2,0,0,0,0,0,0,0,0,,,0,0,0,0,0,0,0,0,0,0,0,0,,,,0,0,0,0,0,0,0,,0,0,0,0,,0,0,,0,0,0,0,0,0,0,0,0,0,,,,,,,,,,,,,,,,,,,,,,,,,,,,,,,,,,,,,,,,,,,,,,,,,,,,,,,,,,,,,,,,,,,,,,,,,,,,,,,,,,,,,,,,,,,,,,,,,,,,,,,,,,,,,,,,,,,,,,,,,,,,,,,,,,,,,,,,,,,,,,,,,,,,00-0023459,RodgAa00,8439.0,Aaron Rodgers,1983-12-02,74.0,223.0,California; Butte College,2005.0,1.0,24.0,GB,2005,22,17.0,0.0,0.0,0.0,0.0,,,,,,,,,,,,,,,,,,,,,,,,,2024.0,Aaron Rodgers,NYJ,41.0,QB,17.0,17.0,22.0,107.0,,7.0,102.0,4.6,5.0,0.2,1.0,22.0,2025-09-03,Aaron Rodgers,NYJ,584.0,16.0,0.0,39.0,6.9,98.0,17.3,2024.0,2.3,141.0,35.0,52.0,127.0,19.8,13.0,429.0,75.5,87.0,723.0,85.0,715.0,1.0,8.0,,,3996.0,6.8,1778.0,4.8,3.0,2119.0,5.8,16.0,6.4,2024.0,Regular,Season Total,NYJ,A. Rodgers,25.0,44.7,-13.0,692.0,51.7,43.2,5.7,0.0,2.8,43.4,-19.6,Aaron,Rodgers,Aaron Rodgers,https://a.espncdn.com/i/headshots/nfl/players/full/8439.png,Jets,True,17,15.139999999999999,0.4800000000000004,14,9,1
2024,Caleb Williams,C.Williams,00-0039918,CHI,QB,QB,16.0,17,254.54000000000002,14.97294117647059,254.54000000000002,0.0,0,0,0,0,0.0,0.0,0.0,81,489,0,351,562,3541,20,6,1123.0,0.9876470588235293,0.22666073018699912,14.97294117647059,7.796803643726289,28.64,5,QB,"https://static.www.nfl.com/image/upload/f_auto,q_auto/league/h4qs11kutwiw7whekmyt",REG,68,-466,6,3,4486,1866,171,-47.27484325542776,-0.10216506162365734,3,0.7893446277307178,145,69,40,6,3,2,27,11.63208358321191,0,21,11,2,0,0,0,0,0,0,,0,0,0,0,0,,0,0,0,0,0,0,0,0.0,0.0,0,0,0,0,0,0,0,0,0,0,0,0,0,4,-7,0,0,0,1,10,3,7,0,10,5,0,0,0,0,0,0,0,0,,,0,0,0,0,0,0,0,0,0,0,0,0,,,,0,0,0,0,0,0,0,,0,0,0,0,,0,0,,0,0,0,0,0,0,0,0,0,0,,,,,,,,,,,,,,,,,,,,,,,,,,,,,,,,,,,,,,,,,,,,,,,,,,,,,,,,,,,,,,,,,,,,,,,,,,,,,,,,,,,,,,,,,,,,,,,,,,,,,,,,,,,,,,,,,,,,,,,,,,,,,,,,,,,,,,,,,,,,,,,,,,,,00-0039918,WillCa03,4431611.0,Caleb Williams,2001-11-18,73.0,226.0,USC; Oklahoma,2024.0,1.0,1.0,CHI,2024,3,17.0,0.0,0.0,0.0,0.0,,,,,,,,,,,,,,,,,,,,,,,,,2024.0,Caleb Williams,CHI,23.0,QB,17.0,17.0,81.0,489.0,,27.0,385.0,4.8,104.0,1.3,5.0,16.2,2025-09-03,Caleb Williams,CHI,562.0,36.0,4.0,20.0,3.8,110.0,21.1,2024.0,2.4,174.0,52.0,40.0,160.0,23.5,9.0,378.0,72.4,53.0,335.0,34.0,268.0,13.0,67.0,,,4443.0,7.9,1675.0,4.8,3.0,1866.0,5.3,51.0,7.9,2024.0,Regular,Season Total,CHI,C. Williams,28.0,43.3,-18.7,771.0,50.4,37.9,10.1,0.0,2.5,41.5,-26.4,Caleb,Williams,Caleb Williams,https://a.espncdn.com/i/headshots/nfl/players/full/4431611.png,Bears,True,17,11.48,6.3,10,7,3
2024,Jordan Love,J.Love,00-0036264,GB,QB,QB,17.0,15,233.86,15.590666666666667,233.86,0.0,0,0,0,0,0.0,0.0,0.0,25,83,1,268,425,3389,25,11,868.0,0.9173333333333333,0.2694239631336406,15.590666666666667,6.559851333971644,28.160000000000004,3,QB,"https://static.www.nfl.com/image/upload/f_auto,q_auto/league/thz8stjkbjwddxqnozi5",REG,14,-95,1,0,3757,1654,151,62.13851948510986,0.6199101824540001,3,0.9020495075858398,128,67,48,12,3,0,9,6.110127872786681,0,3,3,0,0,0,0,0,0,0,,0,0,0,0,0,,0,0,0,0,0,0,0,0.0,0.0,0,0,0,0,0,0,0,0,0,0,0,0,0,2,-7,0,0,0,1,5,1,3,1,4,0,0,0,0,0,0,0,0,0,,,0,0,0,0,0,0,0,0,0,0,0,0,,,,0,0,0,0,0,0,0,,0,0,0,0,,0,0,,0,0,0,0,0,0,0,0,0,0,J.Love,Jordan Love,QB,QB,"https://static.www.nfl.com/image/upload/f_auto,q_auto/league/thz8stjkbjwddxqnozi5",2024.0,POST,GB,1.0,20.0,33.0,212.0,0.0,3.0,2.0,-17.0,0.0,0.0,277.0,127.0,12.0,-5.509075429002417,-5.420789574131821,0.0,0.7653429602888087,11.0,4.0,3.0,0.0,2.0,10.0,0.0,0.0,0.0,0.0,0.5670494150836021,0.0,1.0,0.0,0.0,0.0,0.0,0.0,0.0,0.0,0.0,0.0,0.0,0.0,0.0,,0.0,0.0,0.0,0.0,0.0,,0.0,0.0,0.0,0.0,0.0,0.0,0.0,0.0,0.0,0.0,0.0,0.0,0.0,0.0,0.0,0.0,0.0,0.0,0.0,0.0,0.0,0.0,0.0,0.0,0.0,1.0,0.0,0.0,0.0,0.0,0.0,0.0,0.0,0.0,0.0,0.0,0.0,0.0,0.0,0.0,0.0,0.0,0.0,0.0,0.0,,,0.0,0.0,0.0,0.0,0.0,0.0,0.0,0.0,0.0,0.0,0.0,0.0,,,,0.0,0.0,0.0,0.0,0.0,0.0,0.0,,0.0,0.0,0.0,0.0,,0.0,0.0,,0.0,0.0,0.0,0.0,0.0,0.0,0.0,0.0,0.0,0.0,3.4800000000000004,3.4800000000000004,00-0036264,LoveJo03,4036378.0,Jordan Love,1998-11-02,76.0,219.0,Utah State,2020.0,1.0,26.0,GB,2020,7,15.0,0.0,0.0,0.0,0.0,,,,,,,,,,,,,,,,,,,,,,,,,2024.0,Jordan Love,GB,26.0,QB,15.0,15.0,25.0,83.0,,9.0,48.0,1.9,35.0,1.4,0.0,,2025-09-03,Jordan Love,GB,425.0,14.0,0.0,30.0,7.3,75.0,18.2,2024.0,2.4,142.0,37.0,49.0,100.0,22.2,6.0,301.0,73.2,48.0,342.0,48.0,342.0,0.0,0.0,,,3685.0,8.7,1735.0,6.5,4.1,1654.0,6.2,12.0,7.1,2024.0,Regular,Season Total,GB,J. Love,5.0,66.3,19.0,501.0,58.0,46.8,4.0,0.0,7.1,63.1,-5.8,Jordan,Love,Jordan Love,https://a.espncdn.com/i/headshots/nfl/players/full/4036378.png,Packers,True,15,15.96,2.7600000000000002,13,8,2
2024,C.J. Stroud,C.Stroud,00-0039163,HOU,QB,QB,18.0,17,220.38000000000002,12.963529411764707,220.38000000000002,0.0,0,1,0,0,0.0018281535648994515,0.002149151085321298,0.0042466361070740855,52,233,0,336,532,3727,20,12,1035.0,0.9305882352941177,0.21292753623188407,12.963529411764705,4.9035764259064925,23.5,1,QB,"https://static.www.nfl.com/image/upload/f_auto,q_auto/league/tt4zrtxlhifaljhj0rn7",REG,52,-408,3,2,4424,1664,187,-13.108152223105959,-1.6869168853010317,0,0.8424502712477396,160,86,42,6,3,2,14,-7.207441442735237,0,9,6,2,0,0,0,10,0,0,-0.7261459626606666,0,0,0,0,0,0.0,0,0,0,0,0,0,0,0.0,0.0,0,0,0,0,0,0,0,0,0,0,0,0,0,1,-4,0,0,0,1,10,3,3,0,6,4,0,0,0,0,0,0,0,0,,,0,0,0,0,0,0,0,0,0,0,0,0,,,,0,0,0,0,0,0,0,,0,0,0,0,,0,0,,0,0,0,0,0,0,0,0,0,0,C.Stroud,C.J. Stroud,QB,QB,"https://static.www.nfl.com/image/upload/f_auto,q_auto/league/tt4zrtxlhifaljhj0rn7",2024.0,POST,HOU,2.0,41.0,61.0,527.0,1.0,1.0,11.0,-79.0,1.0,0.0,587.0,180.0,24.0,2.120678090576466,2.7544708798329034,0.0,0.8977853492333902,23.0,9.0,6.0,1.0,12.0,84.0,0.0,0.0,0.0,5.0,6.8670683715724445,0.0,2.0,2.0,2.0,0.0,0.0,0.0,0.0,0.0,0.0,0.0,0.0,0.0,0.0,,0.0,0.0,0.0,0.0,0.0,,0.0,0.0,0.0,0.0,0.0,0.0,0.0,0.0,0.0,0.0,0.0,0.0,0.0,0.0,0.0,0.0,0.0,0.0,0.0,0.0,0.0,0.0,0.0,0.0,0.0,1.0,0.0,0.0,0.0,0.0,0.0,0.0,1.0,1.0,0.0,2.0,0.0,0.0,0.0,0.0,0.0,0.0,0.0,0.0,0.0,,,0.0,0.0,0.0,0.0,0.0,0.0,0.0,0.0,0.0,0.0,0.0,0.0,,,,0.0,0.0,0.0,0.0,0.0,0.0,0.0,,0.0,0.0,0.0,0.0,,0.0,0.0,,0.0,0.0,0.0,0.0,0.0,0.0,0.0,0.0,0.0,0.0,31.480000000000004,31.480000000000004,00-0039163,StroCJ00,4432577.0,C.J. Stroud,2001-10-03,75.0,218.0,Ohio State,2023.0,1.0,2.0,HOU,2023,4,17.0,0.0,0.0,0.0,0.0,2024.0,CJ Stroud,HOU,23.0,QB,17.0,17.0,1.0,0.0,0.0,,0.0,0.0,,0.0,,10.0,0.0,,0.0,0.0,0.0,39.6,2025-09-03,2024.0,CJ Stroud,HOU,23.0,QB,17.0,17.0,52.0,233.0,,14.0,190.0,3.7,43.0,0.8,3.0,17.3,2025-09-03,C.J. Stroud,HOU,532.0,22.0,1.0,26.0,5.1,95.0,18.7,2024.0,2.5,154.0,66.0,56.0,174.0,28.0,8.0,373.0,73.3,42.0,330.0,38.0,322.0,1.0,8.0,,,4376.0,8.2,2063.0,6.1,3.9,1664.0,5.0,37.0,6.8,2024.0,Regular,Season Total,HOU,C.J. Stroud,24.0,46.4,-6.5,672.0,55.8,53.3,-0.3,0.0,2.8,46.6,-22.9,C.J.,Stroud,C.J. Stroud,https://a.espncdn.com/i/headshots/nfl/players/full/4432577.png,Texans,True,17,12.4,5.34,12,6,0
2024,Matthew Stafford,M.Stafford,00-0026498,LA,QB,QB,19.0,16,214.57999999999998,13.411249999999999,214.57999999999998,0.0,0,0,0,0,0.0,0.0,0.0,30,41,0,340,517,3762,20,8,1024.0,1.0,0.20955078124999998,13.41125,7.185232888825989,27.8,3,QB,"https://static.www.nfl.com/image/upload/f_auto,q_auto/league/jwpkjfrkzufdyh8u1mg7",REG,28,-213,4,2,3869,1726,176,32.8524173386663,-0.6663935422897339,0,0.9723442750064616,145,82,45,6,2,0,10,-3.011842658896128,0,3,2,0,0,0,0,0,0,0,,0,0,0,0,0,,0,0,0,0,0,0,0,0.0,0.0,0,0,0,0,0,0,0,0,0,0,0,0,0,3,-15,0,0,0,1,11,4,2,0,6,2,0,0,0,0,0,0,0,0,,,0,0,0,0,0,0,0,0,0,0,0,0,,,,0,0,0,0,0,0,0,,0,0,0,0,,0,0,,0,0,0,0,0,0,0,0,0,0,M.Stafford,Matthew Stafford,QB,QB,"https://static.www.nfl.com/image/upload/f_auto,q_auto/league/jwpkjfrkzufdyh8u1mg7",2024.0,POST,LA,2.0,45.0,71.0,533.0,4.0,0.0,7.0,-40.0,1.0,1.0,642.0,179.0,25.0,9.067928767869065,-2.0433433141027177,0.0,0.8302180685358256,21.0,11.0,9.0,1.0,4.0,4.0,0.0,1.0,0.0,0.0,-4.842430156830233,0.0,0.0,0.0,0.0,0.0,0.0,0.0,0.0,0.0,0.0,0.0,0.0,0.0,0.0,,0.0,0.0,0.0,0.0,0.0,,0.0,0.0,0.0,0.0,0.0,0.0,0.0,0.0,0.0,0.0,0.0,0.0,0.0,0.0,0.0,0.0,0.0,0.0,0.0,0.0,0.0,0.0,0.0,0.0,0.0,0.0,-7.0,0.0,0.0,0.0,0.0,0.0,1.0,1.0,0.0,2.0,1.0,0.0,0.0,0.0,0.0,0.0,0.0,0.0,0.0,,,0.0,0.0,0.0,0.0,0.0,0.0,0.0,0.0,0.0,0.0,0.0,0.0,,,,0.0,0.0,0.0,0.0,0.0,0.0,0.0,,0.0,0.0,0.0,0.0,,0.0,0.0,,0.0,0.0,0.0,0.0,0.0,0.0,0.0,0.0,0.0,0.0,35.72,35.72,00-0026498,StafMa00,12483.0,Matthew Stafford,1988-02-07,75.0,214.0,Georgia,2009.0,1.0,1.0,DET,2009,18,16.0,0.0,0.0,0.0,0.0,,,,,,,,,,,,,,,,,,,,,,,,,2024.0,Matthew Stafford,LA,36.0,QB,16.0,16.0,30.0,41.0,,10.0,36.0,1.2,5.0,0.2,0.0,,2025-09-03,Matthew Stafford,LA,517.0,15.0,1.0,15.0,3.0,88.0,17.6,2024.0,2.4,144.0,31.0,63.0,122.0,22.3,15.0,372.0,74.3,19.0,154.0,19.0,154.0,0.0,0.0,,,3696.0,7.1,2036.0,6.0,3.9,1726.0,5.1,3.0,12.7,2024.0,Regular,Season Total,LAR,M. Stafford,12.0,61.5,17.0,604.0,71.7,60.3,5.0,0.0,6.5,59.8,-11.4,Matthew,Stafford,Matthew Stafford,https://a.espncdn.com/i/headshots/nfl/players/full/12483.png,Rams,True,16,12.620000000000001,3.96,9,6,1
2024,Bryce Young,B.Young,00-0039150,CAR,QB,QB,20.0,14,195.02,13.930000000000001,195.02,0.0,0,0,0,0,0.0,0.0,0.0,43,249,6,234,384,2403,15,9,728.0,0.8671428571428572,0.2678846153846154,13.930000000000001,9.978314178565126,36.44,3,QB,"https://static.www.nfl.com/image/upload/f_auto,q_auto/league/vcvhmxvxw2a3armle0af",REG,29,-186,3,1,3358,969,117,-25.86607748218469,0.6654147484176338,0,0.7156045265038713,96,48,30,3,1,1,15,15.547885201842291,0,8,3,3,0,0,0,0,0,0,,0,0,0,0,0,,0,1,0,0,0,0,0,0.0,0.0,0,0,0,0,0,0,0,0,0,0,0,0,0,1,0,0,0,0,1,2,4,1,0,5,2,0,0,0,0,0,0,0,0,,,0,0,0,0,0,0,0,0,0,0,0,0,,,,0,0,0,0,0,0,0,,0,0,0,0,,0,0,,0,0,0,0,0,0,0,0,0,0,,,,,,,,,,,,,,,,,,,,,,,,,,,,,,,,,,,,,,,,,,,,,,,,,,,,,,,,,,,,,,,,,,,,,,,,,,,,,,,,,,,,,,,,,,,,,,,,,,,,,,,,,,,,,,,,,,,,,,,,,,,,,,,,,,,,,,,,,,,,,,,,,,,,00-0039150,YounBr01,4685720.0,Bryce Young,2001-07-25,70.0,204.0,Alabama,2023.0,1.0,1.0,CAR,2023,4,14.0,0.0,0.0,0.0,0.0,,,,,,,,,,,,,,,,,,,,,,,,,2024.0,Bryce Young,CAR,23.0,QB,14.0,12.0,43.0,249.0,,15.0,217.0,5.0,32.0,0.7,4.0,10.8,2025-09-03,Bryce Young,CAR,384.0,25.0,0.0,15.0,4.2,80.0,22.3,2024.0,2.3,136.0,53.0,38.0,120.0,26.7,1.0,258.0,71.9,41.0,200.0,36.0,198.0,2.0,2.0,,,3298.0,8.6,1434.0,6.1,3.7,969.0,4.1,37.0,6.9,2024.0,Regular,Season Total,CAR,B. Young,20.0,50.7,5.7,496.0,44.8,33.4,12.0,0.0,-0.5,54.0,-10.9,Bryce,Young,Bryce Young,https://a.espncdn.com/i/headshots/nfl/players/full/4685720.png,Panthers,True,14,12.29,-0.16,9,5,2
2024,Tua Tagovailoa,T.Tagovailoa,00-0036212,MIA,QB,QB,21.0,11,181.58,16.507272727272728,181.58,0.0,0,0,0,0,0.0,0.0,0.0,17,49,0,291,399,2867,19,7,717.0,0.9718181818181818,0.25324965132496513,16.507272727272728,8.327733294131232,28.48,4,QB,"https://static.www.nfl.com/image/upload/f_auto,q_auto/league/tmm4ohds7qci0vqoobhm",REG,21,-154,4,2,2271,1685,161,85.83315489330298,3.780917965413369,2,1.2624394539850285,128,49,29,3,3,0,5,0.4720417538192123,0,3,1,0,0,0,0,0,0,0,,0,0,0,0,0,,0,1,0,0,0,0,0,0.0,0.0,0,0,0,0,0,0,0,0,0,0,0,0,0,2,-15,0,0,0,0,0,4,3,1,7,2,0,0,0,0,0,0,0,0,,,0,0,0,0,0,0,0,0,0,0,0,0,,,,0,0,0,0,0,0,0,,0,0,0,0,,0,0,,0,0,0,0,0,0,0,0,0,0,,,,,,,,,,,,,,,,,,,,,,,,,,,,,,,,,,,,,,,,,,,,,,,,,,,,,,,,,,,,,,,,,,,,,,,,,,,,,,,,,,,,,,,,,,,,,,,,,,,,,,,,,,,,,,,,,,,,,,,,,,,,,,,,,,,,,,,,,,,,,,,,,,,,00-0036212,TagoTu00,4241479.0,Tua Tagovailoa,1998-03-02,73.0,225.0,Alabama,2020.0,1.0,5.0,MIA,2020,7,11.0,0.0,0.0,0.0,0.0,,,,,,,,,,,,,,,,,,,,,,,,,2024.0,Tua Tagovailoa,MIA,26.0,QB,11.0,11.0,17.0,49.0,,5.0,49.0,2.9,0.0,0.0,0.0,,2025-09-03,Tua Tagovailoa,MIA,399.0,6.0,2.0,14.0,3.6,45.0,11.5,2024.0,2.1,64.0,26.0,11.0,58.0,13.6,6.0,318.0,81.3,72.0,673.0,69.0,662.0,1.0,11.0,,,2281.0,5.7,1182.0,4.1,3.0,1685.0,5.8,7.0,8.1,2024.0,Regular,Season Total,MIA,T. Tagovailoa,15.0,57.1,11.5,465.0,51.9,45.6,4.7,0.0,1.6,58.7,-9.8,Tua,Tagovailoa,Tua Tagovailoa,https://a.espncdn.com/i/headshots/nfl/players/full/4241479.png,Dolphins,True,11,17.540000000000003,3.84,8,6,2
2024,Drake Maye,D.Maye,00-0039851,NE,QB,QB,22.0,13,177.14000000000001,13.626153846153848,177.14000000000001,0.0,0,0,0,0,0.0,0.0,0.0,54,421,2,225,338,2276,15,10,681.0,0.8046153846153847,0.2601174743024964,13.626153846153844,6.545524601412198,20.84,1,QB,"https://static.www.nfl.com/image/upload/f_auto,q_auto/league/s1nmoon2xnrc3bnyulv4",REG,34,-229,5,4,2473,1192,112,-26.453309328381344,2.835872181639168,2,0.9203396684189243,90,41,25,1,4,2,22,20.10827512247488,0,18,13,3,1,0,0,0,0,0,,0,0,0,0,0,,0,1,0,0,0,0,0,0.0,0.0,0,0,0,0,0,0,0,0,0,0,0,0,0,4,-26,0,0,0,1,5,4,5,0,9,6,0,0,0,0,0,0,0,0,,,0,0,0,0,0,0,0,0,0,0,0,0,,,,0,0,0,0,0,0,0,,0,0,0,0,,0,0,,0,0,0,0,0,0,0,0,0,0,,,,,,,,,,,,,,,,,,,,,,,,,,,,,,,,,,,,,,,,,,,,,,,,,,,,,,,,,,,,,,,,,,,,,,,,,,,,,,,,,,,,,,,,,,,,,,,,,,,,,,,,,,,,,,,,,,,,,,,,,,,,,,,,,,,,,,,,,,,,,,,,,,,,00-0039851,MayeDr00,4431452.0,Drake Maye,2002-08-30,76.0,225.0,North Carolina,2024.0,1.0,3.0,NE,2024,3,13.0,0.0,0.0,0.0,0.0,,,,,,,,,,,,,,,,,,,,,,,,,2024.0,Drake Maye,NE,22.0,QB,13.0,12.0,54.0,421.0,,22.0,335.0,6.2,86.0,1.6,2.0,27.0,2025-09-03,Drake Maye,NE,338.0,14.0,1.0,11.0,3.4,53.0,16.4,2024.0,2.3,96.0,23.0,26.0,83.0,19.9,7.0,246.0,76.2,37.0,337.0,30.0,270.0,5.0,67.0,,,2442.0,7.2,1084.0,4.8,3.2,1192.0,5.3,45.0,9.0,2024.0,Regular,Season Total,NE,D. Maye,17.0,55.2,5.3,475.0,43.2,27.1,14.7,0.0,1.3,53.9,-13.3,Drake,Maye,Drake Maye,https://a.espncdn.com/i/headshots/nfl/players/full/4431452.png,Patriots,True,13,15.740000000000002,0.0,10,7,0
2024,Kirk Cousins,K.Cousins,00-0029604,ATL,QB,QB,23.0,14,176.32,12.594285714285714,176.32,0.0,0,0,0,0,0.0,0.0,0.0,23,0,0,303,453,3508,18,16,913.0,0.9771428571428571,0.19312157721796275,12.594285714285714,9.201753774551488,34.36,2,QB,"https://static.www.nfl.com/image/upload/f_auto,q_auto/league/za7cynvpwlsro1tsaijk",REG,28,-201,7,2,3374,1687,163,21.134388022190347,0.9587325138685633,0,1.039715471250741,147,72,42,7,5,0,2,-16.772096396629887,0,1,1,0,0,0,0,0,0,0,,0,0,0,0,0,,0,0,0,0,0,0,0,0.0,0.0,0,0,0,0,0,0,0,0,0,0,0,0,0,2,-16,0,0,0,1,10,7,6,2,13,2,0,0,0,0,0,0,0,0,,,0,0,0,0,0,0,0,0,0,0,0,0,,,,0,0,0,0,0,0,0,,0,0,0,0,,0,0,,0,0,0,0,0,0,0,0,0,0,,,,,,,,,,,,,,,,,,,,,,,,,,,,,,,,,,,,,,,,,,,,,,,,,,,,,,,,,,,,,,,,,,,,,,,,,,,,,,,,,,,,,,,,,,,,,,,,,,,,,,,,,,,,,,,,,,,,,,,,,,,,,,,,,,,,,,,,,,,,,,,,,,,,00-0029604,CousKi00,14880.0,Kirk Cousins,1988-08-19,75.0,209.0,Michigan State,2012.0,4.0,102.0,WAS,2012,15,14.0,0.0,0.0,0.0,0.0,,,,,,,,,,,,,,,,,,,,,,,,,2024.0,Kirk Cousins,ATL,36.0,QB,14.0,14.0,23.0,0.0,,2.0,-8.0,-0.3,8.0,0.3,0.0,,2025-09-03,Kirk Cousins,ATL,453.0,12.0,4.0,16.0,3.7,51.0,11.7,2024.0,2.4,106.0,25.0,47.0,100.0,20.7,15.0,340.0,77.8,8.0,28.0,7.0,30.0,1.0,-2.0,,,3392.0,7.5,1821.0,6.0,4.0,1687.0,5.6,3.0,5.3,2024.0,Regular,Season Total,ATL,K. Cousins,23.0,47.0,-3.4,528.0,46.0,49.5,-6.1,0.0,2.6,47.7,-11.9,Kirk,Cousins,Kirk Cousins,https://a.espncdn.com/i/headshots/nfl/players/full/14880.png,Falcons,True,14,10.0,2.1000000000000005,7,4,2
2024,Russell Wilson,R.Wilson,00-0029263,PIT,QB,QB,24.0,11,172.78,15.707272727272727,172.78,0.0,0,0,0,0,0.0,0.0,0.0,43,155,2,214,336,2482,16,5,719.0,0.9827272727272728,0.24030598052851182,15.707272727272727,6.199924339714302,26.86,2,QB,"https://static.www.nfl.com/image/upload/f_auto,q_auto/league/vkstxj0evgkjiycu4glc",REG,33,-219,3,2,2668,1122,112,-1.9115129991215989,4.471781197326635,0,0.9302848575712144,94,53,40,6,2,2,16,-7.594189534254838,0,6,5,0,0,0,0,0,0,0,,0,0,0,0,0,,0,0,0,0,0,0,0,0.0,0.0,0,0,0,0,0,0,0,0,0,0,0,0,0,2,-6,0,0,0,1,11,4,1,0,5,4,0,0,0,0,0,0,0,0,,,0,0,0,0,0,0,0,0,0,0,0,0,,,,0,0,0,0,0,0,0,,0,0,0,0,,0,0,,0,0,0,0,0,0,0,0,0,0,R.Wilson,Russell Wilson,QB,QB,"https://static.www.nfl.com/image/upload/f_auto,q_auto/league/vkstxj0evgkjiycu4glc",2024.0,POST,PIT,1.0,20.0,29.0,270.0,2.0,0.0,4.0,-19.0,0.0,0.0,244.0,126.0,9.0,8.114423981169239,12.842574954032898,0.0,1.1065573770491803,8.0,6.0,6.0,0.0,3.0,6.0,0.0,0.0,0.0,0.0,-1.2874148534610868,0.0,0.0,0.0,0.0,0.0,0.0,0.0,0.0,0.0,0.0,0.0,0.0,0.0,0.0,,0.0,0.0,0.0,0.0,0.0,,0.0,0.0,0.0,0.0,0.0,0.0,0.0,0.0,0.0,0.0,0.0,0.0,0.0,0.0,0.0,0.0,0.0,0.0,0.0,0.0,0.0,0.0,0.0,0.0,0.0,0.0,0.0,0.0,0.0,0.0,0.0,0.0,0.0,0.0,0.0,0.0,0.0,0.0,0.0,0.0,0.0,0.0,0.0,0.0,0.0,,,0.0,0.0,0.0,0.0,0.0,0.0,0.0,0.0,0.0,0.0,0.0,0.0,,,,0.0,0.0,0.0,0.0,0.0,0.0,0.0,,0.0,0.0,0.0,0.0,,0.0,0.0,,0.0,0.0,0.0,0.0,0.0,0.0,0.0,0.0,0.0,0.0,19.400000000000002,19.400000000000002,00-0029263,WilsRu00,14881.0,Russell Wilson,1988-11-29,71.0,206.0,Wisconsin; N.C. State,2012.0,3.0,75.0,SEA,2012,14,11.0,0.0,0.0,0.0,0.0,,,,,,,,,,,,,,,,,,,,,,,,,2024.0,Russell Wilson,PIT,36.0,QB,11.0,11.0,43.0,155.0,,16.0,142.0,3.3,13.0,0.3,0.0,,2025-09-03,Russell Wilson,PIT,336.0,25.0,2.0,14.0,4.5,52.0,16.8,2024.0,2.4,91.0,27.0,45.0,105.0,26.9,6.0,236.0,76.4,23.0,92.0,19.0,77.0,3.0,15.0,,,2639.0,7.9,1360.0,6.4,4.0,1122.0,5.2,21.0,7.0,2024.0,Regular,Season Total,PIT,R. Wilson,22.0,47.9,-1.3,429.0,38.4,31.7,3.9,0.0,2.8,48.9,-13.7,Russell,Wilson,Russell Wilson,https://a.espncdn.com/i/headshots/nfl/players/full/14881.png,Steelers,True,11,15.379999999999999,6.299999999999999,9,6,1
2024,Anthony Richardson,A.Richardson,00-0039164,IND,QB,QB,25.0,11,163.36,14.850909090909092,162.36,1.0,1,1,-1,0,0.0020325203252032522,-0.0014724829744156083,0.0020180424057139523,86,499,6,126,264,1814,8,12,620.0,0.9254545454545454,0.26348387096774195,14.850909090909092,7.967104184765573,28.080000000000002,4,QB,"https://static.www.nfl.com/image/upload/f_auto,q_auto/league/wrddeyklfcgk9qybgofq",REG,14,-115,2,2,3224,776,73,-39.16521618690269,-10.859591457020327,0,0.5626550868486352,72,39,28,6,6,1,34,23.787995245003096,1,21,15,5,0,0,0,-8,7,0,-1.0558494784636423,0,0,0,0,0,0.0,0,1,0,0,0,0,0,0.0,0.0,0,0,0,0,0,0,0,0,0,0,0,0,0,6,-14,0,0,0,2,14,4,5,0,9,3,0,0,0,0,0,0,0,0,,,0,0,0,0,0,0,0,0,0,0,0,0,,,,0,0,0,0,0,0,0,,0,0,0,0,,0,0,,0,0,0,0,0,0,0,0,0,0,,,,,,,,,,,,,,,,,,,,,,,,,,,,,,,,,,,,,,,,,,,,,,,,,,,,,,,,,,,,,,,,,,,,,,,,,,,,,,,,,,,,,,,,,,,,,,,,,,,,,,,,,,,,,,,,,,,,,,,,,,,,,,,,,,,,,,,,,,,,,,,,,,,,00-0039164,RichAn03,4429084.0,Anthony Richardson,2002-05-22,76.0,244.0,Florida,2023.0,1.0,4.0,IND,2023,4,11.0,0.0,0.0,0.0,0.0,2024.0,Anthony Richardson,IND,22.0,QB,11.0,11.0,1.0,1.0,-1.0,,0.0,-8.0,-8.0,7.0,7.0,-8.0,0.0,,0.0,0.0,0.0,79.2,2025-09-03,2024.0,Anthony Richardson,IND,22.0,QB,11.0,11.0,86.0,499.0,,34.0,363.0,4.2,136.0,1.6,9.0,9.6,2025-09-03,Anthony Richardson,IND,264.0,12.0,2.0,12.0,4.8,70.0,28.0,2024.0,2.4,67.0,35.0,30.0,79.0,26.4,5.0,145.0,58.0,69.0,555.0,49.0,447.0,18.0,108.0,,,3210.0,12.2,1038.0,8.2,3.9,776.0,6.2,21.0,8.8,2024.0,Regular,Season Total,IND,A. Richardson Sr.,27.0,44.1,-9.7,375.0,24.9,8.8,15.9,0.0,0.2,40.9,-5.6,Anthony,Richardson Sr.,Anthony Richardson Sr.,https://a.espncdn.com/i/headshots/nfl/players/full/4429084.png,Colts,True,11,12.98,5.08,7,4,2
2024,Derek Carr,D.Carr,00-0031280,NO,QB,QB,26.0,10,150.9,15.09,150.9,0.0,0,0,0,0,0.0,0.0,0.0,17,71,1,189,279,2145,15,5,604.0,0.944,0.24983443708609274,15.09,5.215832734196057,21.82,3,QB,"https://static.www.nfl.com/image/upload/f_auto,q_auto/league/qsz1pyrlu6bmvby6maaf",REG,8,-48,2,0,2178,1087,93,47.56937511315902,3.2763743275449477,1,0.9848484848484849,78,48,27,7,1,0,4,-1.0944499316974543,0,1,1,0,0,0,0,0,0,0,,0,0,0,0,0,,0,0,0,0,0,0,0,0.0,0.0,0,0,0,0,0,0,0,0,0,0,0,0,0,3,-5,0,0,0,1,11,2,1,0,3,0,0,0,0,0,0,0,0,0,,,0,0,0,0,0,0,0,0,0,0,0,0,,,,0,0,0,0,0,0,0,,0,0,0,0,,0,0,,0,0,0,0,0,0,0,0,0,0,,,,,,,,,,,,,,,,,,,,,,,,,,,,,,,,,,,,,,,,,,,,,,,,,,,,,,,,,,,,,,,,,,,,,,,,,,,,,,,,,,,,,,,,,,,,,,,,,,,,,,,,,,,,,,,,,,,,,,,,,,,,,,,,,,,,,,,,,,,,,,,,,,,,00-0031280,CarrDe02,16757.0,Derek Carr,1991-03-28,75.0,215.0,Fresno State,2014.0,2.0,36.0,LV,2014,11,10.0,0.0,0.0,0.0,0.0,,,,,,,,,,,,,,,,,,,,,,,,,2024.0,Derek Carr,NO,33.0,QB,10.0,10.0,17.0,71.0,,4.0,66.0,3.9,5.0,0.3,0.0,,2025-09-03,Derek Carr,NO,279.0,17.0,0.0,10.0,3.8,37.0,14.1,2024.0,2.4,79.0,42.0,21.0,71.0,24.1,5.0,201.0,76.7,11.0,153.0,10.0,144.0,1.0,9.0,,,2167.0,7.8,1058.0,5.6,3.8,1087.0,5.8,8.0,6.3,2024.0,Regular,Season Total,NO,D. Carr,,60.2,14.4,326.0,43.9,40.9,1.7,0.0,1.3,65.1,-3.0,Derek,Carr,Derek Carr,https://a.espncdn.com/i/headshots/nfl/players/full/16757.png,Saints,False,10,14.0,7.9799999999999995,8,4,0
2024,Trevor Lawrence,T.Lawrence,00-0036971,JAX,QB,QB,27.0,10,145.2,14.52,145.2,0.0,0,0,-5,0,0.0,0.0,0.0,26,119,3,172,284,2045,11,7,536.0,0.9019999999999999,0.2708955223880597,14.52,6.638888795908878,23.32,2,QB,"https://static.www.nfl.com/image/upload/f_auto,q_auto/league/k9uzdernqkx7oquy7dkg",REG,18,-140,2,1,2658,834,97,6.113572620628485,-0.9684204069130561,3,0.7693754702784048,83,42,32,4,0,0,13,8.410782758768562,0,4,2,1,0,0,0,0,-5,0,,0,0,0,0,0,0.0,0,1,0,0,0,0,0,0.0,0.0,0,0,0,0,0,0,0,0,0,0,0,0,0,1,0,0,0,0,0,0,2,1,0,3,1,0,0,0,0,0,0,0,0,,,0,0,0,0,0,0,0,0,0,0,0,0,,,,0,0,0,0,0,0,0,,0,0,0,0,,0,0,,0,0,0,0,0,0,0,0,0,0,,,,,,,,,,,,,,,,,,,,,,,,,,,,,,,,,,,,,,,,,,,,,,,,,,,,,,,,,,,,,,,,,,,,,,,,,,,,,,,,,,,,,,,,,,,,,,,,,,,,,,,,,,,,,,,,,,,,,,,,,,,,,,,,,,,,,,,,,,,,,,,,,,,,00-0036971,LawrTr00,4360310.0,Trevor Lawrence,1999-10-06,78.0,220.0,Clemson,2021.0,1.0,1.0,JAX,2021,6,10.0,0.0,0.0,0.0,0.0,2024.0,Trevor Lawrence,JAX,25.0,QB,10.0,10.0,0.0,0.0,-5.0,,0.0,0.0,,-5.0,,,0.0,,0.0,,0.0,,2025-09-03,2024.0,Trevor Lawrence,JAX,25.0,QB,10.0,10.0,26.0,119.0,,13.0,89.0,3.4,30.0,1.2,2.0,13.0,2025-09-03,Trevor Lawrence,JAX,284.0,9.0,1.0,15.0,5.5,47.0,17.2,2024.0,2.4,71.0,13.0,17.0,48.0,15.2,4.0,202.0,73.7,35.0,302.0,32.0,286.0,3.0,16.0,,,2641.0,9.3,1211.0,7.0,4.3,834.0,4.8,13.0,8.1,2024.0,Regular,Season Total,JAX,T. Lawrence,16.0,56.1,3.3,350.0,33.1,23.9,7.2,0.0,2.0,53.3,-7.7,Trevor,Lawrence,Trevor Lawrence,https://a.espncdn.com/i/headshots/nfl/players/full/4360310.png,Jaguars,True,10,14.89,0.2400000000000002,8,5,0
2024,Daniel Jones,D.Jones,00-0035710,NYG,QB,QB,28.0,10,135.3,13.530000000000001,135.3,0.0,0,0,0,0,0.0,0.0,0.0,67,265,2,216,341,2070,8,7,677.0,0.9789999999999999,0.1998522895125554,13.530000000000001,7.04931359936712,24.36,2,QB,"https://static.www.nfl.com/image/upload/f_auto,q_auto/league/ohvvctuykzwrpqer7xgl",REG,29,-172,3,2,2509,944,106,-38.116812343811915,1.4571249014947694,0,0.8250298923874053,82,33,19,2,0,0,26,7.979219049462816,0,8,3,1,0,0,0,0,0,0,,0,0,0,0,0,,0,1,0,0,0,0,0,0.0,0.0,0,0,0,0,0,0,0,0,0,0,0,0,0,1,0,0,0,0,0,0,3,1,0,4,2,0,0,0,0,0,0,0,0,,,0,0,0,0,0,0,0,0,0,0,0,0,,,,0,0,0,0,0,0,0,,0,0,0,0,,0,0,,0,0,0,0,0,0,0,0,0,0,,,,,,,,,,,,,,,,,,,,,,,,,,,,,,,,,,,,,,,,,,,,,,,,,,,,,,,,,,,,,,,,,,,,,,,,,,,,,,,,,,,,,,,,,,,,,,,,,,,,,,,,,,,,,,,,,,,,,,,,,,,,,,,,,,,,,,,,,,,,,,,,,,,,00-0035710,JoneDa05,3917792.0,Daniel Jones,1997-05-27,77.0,230.0,Duke,2019.0,1.0,6.0,NYG,2019,8,10.0,0.0,0.0,0.0,0.0,,,,,,,,,,,,,,,,,,,,,,,,,2024.0,Daniel Jones,NYG,27.0,QB,10.0,10.0,67.0,265.0,,26.0,186.0,2.8,79.0,1.2,5.0,13.4,2025-09-03,Daniel Jones,NYG,341.0,17.0,4.0,24.0,7.5,40.0,12.5,2024.0,2.4,89.0,21.0,44.0,94.0,24.5,7.0,254.0,79.4,33.0,206.0,25.0,166.0,8.0,40.0,,,2443.0,7.2,1126.0,5.2,3.3,944.0,4.4,14.0,5.5,2024.0,Regular,Season Total,MIN,D. Jones,26.0,44.4,-8.0,459.0,34.5,26.5,5.5,0.0,2.5,43.8,-12.0,Daniel,Jones,Daniel Jones,https://a.espncdn.com/i/headshots/nfl/players/full/3917792.png,Vikings,True,10,12.0,4.94,6,4,0
2024,Jameis Winston,J.Winston,00-0031503,CLE,QB,QB,29.0,11,131.14,11.92181818181818,131.14,0.0,0,0,0,0,0.0,0.0,0.0,25,83,1,181,296,2121,13,12,504.0,0.585,0.26019841269841265,11.92181818181818,11.7443789262624,32.98,3,QB,"https://static.www.nfl.com/image/upload/f_auto,q_auto/league/e5qyxnibbyawi0pvfpjl",REG,24,-130,4,2,2640,765,103,-25.473956939174567,-1.7749517742130492,4,0.803409090909091,88,44,24,4,0,0,17,16.702675447857473,0,3,1,0,0,0,0,0,0,0,,0,0,0,0,0,,0,1,0,0,0,0,0,0.0,0.0,0,0,0,0,0,0,0,0,0,0,0,0,0,3,0,0,0,0,1,15,4,1,0,5,2,0,0,0,0,0,0,0,0,,,0,0,0,0,0,0,0,0,0,0,0,0,,,,0,0,0,0,0,0,0,,0,0,0,0,,0,0,,0,0,0,0,0,0,0,0,0,0,,,,,,,,,,,,,,,,,,,,,,,,,,,,,,,,,,,,,,,,,,,,,,,,,,,,,,,,,,,,,,,,,,,,,,,,,,,,,,,,,,,,,,,,,,,,,,,,,,,,,,,,,,,,,,,,,,,,,,,,,,,,,,,,,,,,,,,,,,,,,,,,,,,,00-0031503,WinsJa00,2969939.0,Jameis Winston,1994-01-06,76.0,231.0,Florida State,2015.0,1.0,1.0,TB,2015,12,12.0,0.0,0.0,0.0,0.0,,,,,,,,,,,,,,,,,,,,,,,,,2024.0,Jameis Winston,CLE,30.0,QB,12.0,7.0,25.0,83.0,,17.0,72.0,2.9,11.0,0.4,0.0,,2025-09-03,Jameis Winston,CLE,296.0,4.0,1.0,13.0,4.5,52.0,17.9,2024.0,2.4,61.0,23.0,24.0,71.0,21.6,11.0,205.0,70.4,25.0,193.0,20.0,163.0,4.0,30.0,,,2632.0,8.9,1356.0,7.5,4.6,765.0,4.2,8.0,5.8,2024.0,Regular,Season Total,CLE,J. Winston,19.0,52.2,-0.6,370.0,30.8,25.7,6.7,0.0,-1.6,49.4,-8.4,Jameis,Winston,Jameis Winston,https://a.espncdn.com/i/headshots/nfl/players/full/2969939.png,Browns,True,11,10.100000000000001,-0.36000000000000015,6,4,2
2024,Will Levis,W.Levis,00-0039152,TEN,QB,QB,30.0,12,119.94,9.995,119.94,0.0,0,0,0,0,0.0,0.0,0.0,45,183,0,190,301,2091,13,12,621.0,0.8516666666666667,0.1931400966183575,9.995,7.0977800626802905,19.1,0,QB,"https://static.www.nfl.com/image/upload/f_auto,q_auto/league/npovrxpll0gqlkptsn6r",REG,41,-233,5,3,2621,929,86,-65.51893214026177,-0.4322967913052807,1,0.797787104158718,75,43,25,7,5,3,20,-17.496554256690235,0,5,4,1,0,0,0,0,0,0,,0,0,0,0,0,,0,0,0,0,0,0,0,0.0,0.0,0,0,0,0,0,0,0,0,0,0,0,0,0,3,-20,0,0,0,0,0,6,4,0,10,6,0,0,0,0,0,0,0,0,,,0,0,0,0,0,0,0,0,0,0,0,0,,,,0,0,0,0,0,0,0,,0,0,0,0,,0,0,,0,0,0,0,0,0,0,0,0,0,,,,,,,,,,,,,,,,,,,,,,,,,,,,,,,,,,,,,,,,,,,,,,,,,,,,,,,,,,,,,,,,,,,,,,,,,,,,,,,,,,,,,,,,,,,,,,,,,,,,,,,,,,,,,,,,,,,,,,,,,,,,,,,,,,,,,,,,,,,,,,,,,,,,00-0039152,LeviWi00,4361418.0,Will Levis,1999-06-27,76.0,229.0,Kentucky; Penn State,2023.0,2.0,33.0,TEN,2023,3,12.0,0.0,0.0,0.0,0.0,,,,,,,,,,,,,,,,,,,,,,,,,2024.0,Will Levis,TEN,25.0,QB,12.0,12.0,45.0,183.0,,20.0,129.0,2.9,54.0,1.2,4.0,11.3,2025-09-03,Will Levis,TEN,301.0,8.0,0.0,19.0,6.5,55.0,18.8,2024.0,2.4,69.0,15.0,34.0,90.0,24.9,4.0,217.0,74.1,31.0,283.0,25.0,258.0,6.0,25.0,,,2575.0,8.6,1150.0,6.1,3.8,941.0,5.0,19.0,7.0,2024.0,Regular,Season Total,TEN,W. Levis,32.0,25.2,-36.0,426.0,5.1,8.3,-3.7,0.0,0.5,23.2,-15.1,Will,Levis,Will Levis,https://a.espncdn.com/i/headshots/nfl/players/full/4361418.png,Titans,True,12,11.64,-4.4399999999999995,7,4,0
2024,Justin Fields,J.Fields,00-0036945,PIT,QB,QB,31.0,10,119.14000000000001,11.914000000000001,119.14000000000001,0.0,0,0,0,0,0.0,0.0,0.0,62,289,5,106,161,1106,5,1,408.0,0.616,0.29200980392156867,11.914,10.752095609693955,31.980000000000004,2,QB,"https://static.www.nfl.com/image/upload/f_auto,q_auto/league/npjrombgxkc5vjkctcgy",REG,16,-124,2,1,1251,520,45,7.592870473925078,2.3883644099298276,0,0.8840927258193445,40,19,15,2,4,0,19,2.4346262689507974,0,8,6,1,0,0,0,0,0,0,,0,0,0,0,0,,0,0,0,0,0,0,0,0.0,0.0,0,0,0,0,0,0,0,0,0,0,0,0,0,3,-22,0,0,0,1,5,2,4,0,6,1,0,0,0,0,0,0,0,0,,,0,0,0,0,0,0,0,0,0,0,0,0,,,,0,0,0,0,0,0,0,,0,0,0,0,,0,0,,0,0,0,0,0,0,0,0,0,0,J.Fields,Justin Fields,QB,QB,"https://static.www.nfl.com/image/upload/f_auto,q_auto/league/npjrombgxkc5vjkctcgy",2024.0,POST,PIT,1.0,0.0,1.0,0.0,0.0,0.0,0.0,0.0,0.0,0.0,5.0,0.0,0.0,-0.4703446136554703,-52.32738256454468,0.0,0.0,0.0,0.0,0.0,0.0,0.0,0.0,0.0,0.0,0.0,0.0,,0.0,0.0,0.0,0.0,0.0,0.0,0.0,0.0,0.0,0.0,0.0,0.0,0.0,0.0,,0.0,0.0,0.0,0.0,0.0,,0.0,0.0,0.0,0.0,0.0,0.0,0.0,0.0,0.0,0.0,0.0,0.0,0.0,0.0,0.0,0.0,0.0,0.0,0.0,0.0,0.0,0.0,0.0,0.0,0.0,0.0,0.0,0.0,0.0,0.0,0.0,0.0,0.0,0.0,0.0,0.0,0.0,0.0,0.0,0.0,0.0,0.0,0.0,0.0,0.0,,,0.0,0.0,0.0,0.0,0.0,0.0,0.0,0.0,0.0,0.0,0.0,0.0,,,,0.0,0.0,0.0,0.0,0.0,0.0,0.0,,0.0,0.0,0.0,0.0,,0.0,0.0,,0.0,0.0,0.0,0.0,0.0,0.0,0.0,0.0,0.0,0.0,0.0,0.0,00-0036945,FielJu00,4362887.0,Justin Fields,1999-03-05,75.0,227.0,Ohio State,2021.0,1.0,11.0,CHI,2021,6,10.0,0.0,0.0,0.0,0.0,,,,,,,,,,,,,,,,,,,,,,,,,2024.0,Justin Fields,PIT,25.0,QB,10.0,6.0,62.0,289.0,,19.0,214.0,3.5,75.0,1.2,2.0,31.0,2025-09-03,Justin Fields,PIT,161.0,8.0,1.0,7.0,4.6,24.0,15.8,2024.0,2.5,48.0,11.0,16.0,43.0,22.2,3.0,114.0,75.0,14.0,49.0,7.0,20.0,7.0,29.0,,,1235.0,7.7,586.0,5.5,3.6,520.0,4.9,17.0,6.3,,,,,,,,,,,,,,,,,,,,,,,10,11.66,0.7000000000000001,6,4,1
2024,Dak Prescott,D.Prescott,00-0033077,DAL,QB,QB,32.0,8,116.52000000000001,14.565000000000001,116.52000000000001,0.0,0,0,0,0,0.0,0.0,0.0,13,54,1,185,286,1978,11,8,501.0,0.91125,0.23257485029940123,14.565,7.454155121234637,29.86,1,QB,"https://static.www.nfl.com/image/upload/f_auto,q_auto/league/yvscmqq1qki8zfsemmcd",REG,21,-112,4,1,2270,939,87,-9.26138597291867,-0.8513056790785669,0,0.8713656387665198,73,38,23,3,0,0,5,4.512992455798667,0,1,1,1,0,0,0,0,0,0,,0,0,0,0,0,,0,0,0,1,0,0,0,0.0,0.0,0,0,0,0,0,0,0,0,0,0,0,0,0,2,0,0,0,0,1,10,3,1,0,4,1,0,0,0,0,0,0,0,0,,,0,0,0,0,0,0,0,0,0,0,0,0,,,,0,0,0,0,0,0,0,,0,0,0,0,,0,0,,0,0,0,0,0,0,0,0,0,0,,,,,,,,,,,,,,,,,,,,,,,,,,,,,,,,,,,,,,,,,,,,,,,,,,,,,,,,,,,,,,,,,,,,,,,,,,,,,,,,,,,,,,,,,,,,,,,,,,,,,,,,,,,,,,,,,,,,,,,,,,,,,,,,,,,,,,,,,,,,,,,,,,,,00-0033077,PresDa01,2577417.0,Dak Prescott,1993-07-29,74.0,230.0,Mississippi State,2016.0,4.0,135.0,DAL,2016,11,8.0,0.0,0.0,0.0,0.0,,,,,,,,,,,,,,,,,,,,,,,,,2024.0,Dak Prescott,DAL,31.0,QB,8.0,8.0,13.0,54.0,,5.0,48.0,3.7,6.0,0.5,0.0,,2025-09-03,Dak Prescott,DAL,286.0,5.0,2.0,6.0,2.2,50.0,17.9,2024.0,2.3,62.0,31.0,28.0,80.0,25.6,6.0,199.0,71.3,32.0,200.0,29.0,200.0,1.0,0.0,,,2255.0,7.9,1039.0,5.6,3.6,939.0,5.1,6.0,7.5,2024.0,Regular,Season Total,DAL,D. Prescott,29.0,41.9,-8.3,351.0,22.3,19.7,2.4,0.0,0.2,41.7,-6.9,Dak,Prescott,Dak Prescott,https://a.espncdn.com/i/headshots/nfl/players/full/2577417.png,Cowboys,True,8,13.27,3.22,7,3,1
2024,Cooper Rush,C.Rush,00-0033662,DAL,QB,QB,33.0,12,109.56,9.13,109.56,0.0,0,0,0,0,0.0,0.0,0.0,26,18,0,187,308,1844,12,5,572.0,0.6983333333333333,0.19153846153846155,9.13,7.860587532979732,19.060000000000002,0,QB,"https://static.www.nfl.com/image/upload/f_auto,q_auto/league/mwrtykpswz7nbfisqlmj",REG,13,-95,2,1,2137,942,92,-22.864515513453277,-8.06432482924792,1,0.8628919045390735,76,34,20,4,7,2,5,-18.16656541298903,0,0,0,0,0,0,0,0,0,0,,0,0,0,0,0,,0,0,0,0,0,0,0,0.0,0.0,0,0,0,0,0,0,0,0,0,0,0,0,0,5,-10,0,0,0,0,0,2,7,0,9,3,0,0,0,0,0,0,0,0,,,0,0,0,0,0,0,0,0,0,0,0,0,,,,0,0,0,0,0,0,0,,0,0,0,0,,0,0,,0,0,0,0,0,0,0,0,0,0,,,,,,,,,,,,,,,,,,,,,,,,,,,,,,,,,,,,,,,,,,,,,,,,,,,,,,,,,,,,,,,,,,,,,,,,,,,,,,,,,,,,,,,,,,,,,,,,,,,,,,,,,,,,,,,,,,,,,,,,,,,,,,,,,,,,,,,,,,,,,,,,,,,,00-0033662,RushCo00,2972515.0,Cooper Rush,1993-11-21,75.0,225.0,Central Michigan; Tarrant County JC,,,,,2017,9,12.0,0.0,0.0,0.0,0.0,,,,,,,,,,,,,,,,,,,,,,,,,2024.0,Cooper Rush,DAL,31.0,QB,12.0,8.0,26.0,18.0,,5.0,7.0,0.3,11.0,0.4,0.0,,2025-09-03,Cooper Rush,DAL,308.0,5.0,1.0,13.0,4.3,55.0,18.2,2024.0,2.3,68.0,25.0,19.0,57.0,17.5,17.0,208.0,68.9,35.0,199.0,31.0,194.0,3.0,5.0,,,2077.0,6.7,902.0,4.8,2.9,942.0,5.0,4.0,4.5,2024.0,Regular,Season Total,DAL,C. Rush,30.0,37.7,-10.6,360.0,21.2,22.7,-3.8,0.0,2.4,39.7,-3.8,Cooper,Rush,Cooper Rush,https://a.espncdn.com/i/headshots/nfl/players/full/2972515.png,Cowboys,True,12,11.400000000000002,-2.0,7,4,0
2024,Joe Flacco,J.Flacco,00-0026158,IND,QB,QB,34.0,7,99.03999999999999,14.148571428571428,99.03999999999999,0.0,0,0,0,0,0.0,0.0,0.0,9,26,0,162,248,1761,12,7,467.0,0.8525,0.21207708779443254,14.14857142857143,6.9543354069516194,26.56,1,QB,"https://static.www.nfl.com/image/upload/f_auto,q_auto/league/dre1d2f2d6dxqohzn5l2",REG,18,-123,3,3,2215,651,87,2.0523858721668677,1.0691208041403903,0,0.7950338600451468,74,36,22,4,1,1,2,-7.002136736351531,0,1,1,1,0,0,0,0,0,0,,0,0,0,0,0,,0,0,0,1,0,0,0,0.0,0.0,0,0,0,0,0,0,0,0,0,0,0,0,0,0,0,0,0,0,0,0,3,1,0,4,4,0,0,0,0,0,0,0,0,,,0,0,0,0,0,0,0,0,0,0,0,0,,,,0,0,0,0,0,0,0,,0,0,0,0,,0,0,,0,0,0,0,0,0,0,0,0,0,,,,,,,,,,,,,,,,,,,,,,,,,,,,,,,,,,,,,,,,,,,,,,,,,,,,,,,,,,,,,,,,,,,,,,,,,,,,,,,,,,,,,,,,,,,,,,,,,,,,,,,,,,,,,,,,,,,,,,,,,,,,,,,,,,,,,,,,,,,,,,,,,,,,00-0026158,FlacJo00,11252.0,Joe Flacco,1985-01-16,78.0,245.0,Delaware; Pittsburgh,2008.0,1.0,18.0,BAL,2008,19,8.0,0.0,0.0,0.0,0.0,,,,,,,,,,,,,,,,,,,,,,,,,2024.0,Joe Flacco,IND,39.0,QB,8.0,6.0,9.0,26.0,,2.0,24.0,2.7,2.0,0.2,0.0,,2025-09-03,Joe Flacco,IND,248.0,6.0,0.0,11.0,4.5,42.0,17.4,2024.0,2.3,61.0,13.0,18.0,49.0,18.2,5.0,178.0,73.6,51.0,494.0,46.0,494.0,0.0,0.0,,,2183.0,8.8,1110.0,6.9,4.5,651.0,4.0,3.0,8.7,,,,,,,,,,,,,,,,,,,,,,,7,14.56,3.0600000000000005,6,3,1
2024,Gardner Minshew,G.Minshew,00-0035289,LV,QB,QB,35.0,10,96.32,9.632,96.32,0.0,0,0,0,0,0.0,0.0,0.0,19,58,0,203,306,2013,9,10,564.0,0.865,0.1707801418439716,9.632000000000001,6.056997422632586,17.98,0,QB,"https://static.www.nfl.com/image/upload/f_auto,q_auto/league/knlacyr7rqfkcxiriudj",REG,29,-164,4,3,1847,1099,106,-46.01077278283449,0.5195482663836768,1,1.089875473741202,85,34,22,2,2,1,5,-7.564716533728642,0,3,0,0,0,0,0,0,0,0,,0,0,0,0,0,,0,0,0,0,0,0,0,0.0,0.0,0,0,0,0,0,0,0,0,0,0,0,0,0,1,-13,0,0,0,1,5,3,3,0,6,4,0,0,0,0,0,0,0,0,,,0,0,0,0,0,0,0,0,0,0,0,0,,,,0,0,0,0,0,0,0,,0,0,0,0,,0,0,,0,0,0,0,0,0,0,0,0,0,,,,,,,,,,,,,,,,,,,,,,,,,,,,,,,,,,,,,,,,,,,,,,,,,,,,,,,,,,,,,,,,,,,,,,,,,,,,,,,,,,,,,,,,,,,,,,,,,,,,,,,,,,,,,,,,,,,,,,,,,,,,,,,,,,,,,,,,,,,,,,,,,,,,00-0035289,MinsGa00,4038524.0,Gardner Minshew,1996-05-16,73.0,225.0,Washington State,2019.0,6.0,178.0,JAX,2019,8,10.0,0.0,0.0,0.0,0.0,,,,,,,,,,,,,,,,,,,,,,,,,2024.0,Gardner Minshew,LV,28.0,QB,10.0,9.0,19.0,58.0,,5.0,45.0,2.4,13.0,0.7,0.0,,2025-09-03,Gardner Minshew II,LV,306.0,22.0,3.0,8.0,2.8,38.0,13.5,2024.0,2.2,109.0,25.0,27.0,81.0,23.4,10.0,214.0,76.2,35.0,152.0,32.0,152.0,0.0,0.0,,,1828.0,6.0,914.0,4.5,3.0,1099.0,5.4,11.0,5.5,2024.0,Regular,Season Total,LV,G. Minshew,31.0,35.0,-18.0,371.0,17.0,12.4,1.0,0.0,3.6,33.5,-12.1,Gardner,Minshew,Gardner Minshew,https://a.espncdn.com/i/headshots/nfl/players/full/4038524.png,Raiders,True,10,11.24,-1.64,6,1,0
2024,Mac Jones,M.Jones,00-0036972,JAX,QB,QB,36.0,10,96.08,9.608,96.08,0.0,0,0,0,0,0.0,0.0,0.0,28,92,1,171,262,1672,8,8,497.0,0.798,0.19331991951710262,9.608,7.789287230264111,20.0,1,QB,"https://static.www.nfl.com/image/upload/f_auto,q_auto/league/mbdwfwiuhl0ib5ajtmzq",REG,14,-100,1,1,1928,908,77,-3.298469664451562,-0.4916906595230103,1,0.8672199170124482,54,31,22,4,1,1,12,0.6996301682653483,0,2,2,0,0,0,0,0,0,0,,0,0,0,0,0,,0,0,0,0,0,0,0,0.0,0.0,0,0,0,0,0,0,0,0,0,0,0,0,0,1,-1,0,0,0,2,18,1,1,0,2,2,0,0,0,0,0,0,0,0,,,0,0,0,0,0,0,0,0,0,0,0,0,,,,0,0,0,0,0,0,0,,0,0,0,0,,0,0,,0,0,0,0,0,0,0,0,0,0,,,,,,,,,,,,,,,,,,,,,,,,,,,,,,,,,,,,,,,,,,,,,,,,,,,,,,,,,,,,,,,,,,,,,,,,,,,,,,,,,,,,,,,,,,,,,,,,,,,,,,,,,,,,,,,,,,,,,,,,,,,,,,,,,,,,,,,,,,,,,,,,,,,,00-0036972,JoneMa05,4241464.0,Mac Jones,1998-09-05,75.0,220.0,Alabama,2021.0,1.0,15.0,NE,2021,6,10.0,0.0,0.0,0.0,0.0,,,,,,,,,,,,,,,,,,,,,,,,,2024.0,Mac Jones,JAX,26.0,QB,10.0,7.0,28.0,92.0,,12.0,57.0,2.0,35.0,1.3,0.0,,2025-09-03,Mac Jones,JAX,262.0,12.0,0.0,7.0,2.8,45.0,18.0,2024.0,2.3,62.0,9.0,18.0,41.0,14.1,5.0,184.0,73.6,27.0,170.0,26.0,170.0,0.0,0.0,,,1869.0,7.1,764.0,4.5,2.9,908.0,5.3,14.0,5.9,,,,,,,,,,,,,,,,,,,,,,,10,8.969999999999999,-1.12,5,3,0
2024,Mason Rudolph,M.Rudolph,00-0034771,TEN,QB,QB,37.0,8,95.80000000000001,11.975000000000001,95.80000000000001,0.0,0,0,0,0,0.0,0.0,0.0,25,106,1,146,228,1530,9,9,473.0,0.8475,0.20253699788583512,11.975,6.10572331037504,19.54,0,QB,"https://static.www.nfl.com/image/upload/f_auto,q_auto/league/oadtxde6hxz1jgrs618o",REG,11,-71,2,0,1630,656,78,-0.8831411464902281,0.23814365964069545,1,0.9386503067484663,60,30,18,2,3,1,13,4.988986552950049,0,4,3,0,0,0,0,0,0,0,,0,0,0,0,0,,0,0,0,0,0,0,0,0.0,0.0,0,0,0,0,0,0,0,0,0,0,0,0,0,2,-6,0,0,0,1,4,2,3,0,5,1,0,0,0,0,0,0,0,0,,,0,0,0,0,0,0,0,0,0,0,0,0,,,,0,0,0,0,0,0,0,,0,0,0,0,,0,0,,0,0,0,0,0,0,0,0,0,0,,,,,,,,,,,,,,,,,,,,,,,,,,,,,,,,,,,,,,,,,,,,,,,,,,,,,,,,,,,,,,,,,,,,,,,,,,,,,,,,,,,,,,,,,,,,,,,,,,,,,,,,,,,,,,,,,,,,,,,,,,,,,,,,,,,,,,,,,,,,,,,,,,,,00-0034771,RudoMa00,3116407.0,Mason Rudolph,1995-07-17,77.0,235.0,Oklahoma State,2018.0,3.0,76.0,PIT,2018,9,8.0,0.0,0.0,0.0,0.0,,,,,,,,,,,,,,,,,,,,,,,,,2024.0,Mason Rudolph,TEN,29.0,QB,8.0,5.0,25.0,106.0,,13.0,83.0,3.3,23.0,0.9,1.0,25.0,2025-09-03,Mason Rudolph,TEN,228.0,10.0,3.0,9.0,4.2,39.0,18.1,2024.0,2.6,38.0,15.0,23.0,49.0,19.6,5.0,157.0,73.0,16.0,97.0,14.0,84.0,2.0,13.0,,,1591.0,7.0,874.0,6.0,3.8,656.0,4.5,11.0,8.0,2024.0,Regular,Season Total,TEN,M. Rudolph,,52.2,2.5,283.0,24.9,18.1,5.8,0.0,1.0,53.1,-4.7,Mason,Rudolph,Mason Rudolph,https://a.espncdn.com/i/headshots/nfl/players/full/3116407.png,Titans,False,8,13.2,3.3000000000000003,5,3,0
2024,Aidan O'Connell,A.O'Connell,00-0038579,LV,QB,QB,38.0,9,93.48,10.386666666666667,93.48,0.0,0,0,0,0,0.0,0.0,0.0,21,30,1,154,243,1612,8,4,427.0,0.7055555555555555,0.21892271662763466,10.386666666666667,6.466134857857512,19.6,0,QB,"https://static.www.nfl.com/image/upload/f_auto,q_auto/league/bcejxo7ofgk5pszhup12",REG,10,-82,0,0,1921,731,78,2.4086636819807743,-3.5797815256077667,0,0.8391462779802187,62,30,20,2,2,2,10,-8.121734362735879,0,1,1,0,0,0,0,0,0,0,,0,0,0,0,0,,0,0,0,1,0,0,0,0.0,0.0,0,0,0,0,0,0,0,0,0,0,0,0,0,0,-6,0,0,0,2,20,0,2,0,2,2,0,0,0,0,0,0,0,0,,,0,0,0,0,0,0,0,0,0,0,0,0,,,,0,0,0,0,0,0,0,,0,0,0,0,,0,0,,0,0,0,0,0,0,0,0,0,0,,,,,,,,,,,,,,,,,,,,,,,,,,,,,,,,,,,,,,,,,,,,,,,,,,,,,,,,,,,,,,,,,,,,,,,,,,,,,,,,,,,,,,,,,,,,,,,,,,,,,,,,,,,,,,,,,,,,,,,,,,,,,,,,,,,,,,,,,,,,,,,,,,,,00-0038579,OConAi00,4260394.0,Aidan O'Connell,1998-09-01,75.0,206.0,Purdue,2023.0,4.0,135.0,LV,2023,4,9.0,0.0,0.0,0.0,0.0,,,,,,,,,,,,,,,,,,,,,,,,,2024.0,Aidan OConnell,LV,26.0,QB,9.0,7.0,21.0,30.0,,10.0,19.0,0.9,11.0,0.5,0.0,,2025-09-03,Aidan O'Connell,LV,243.0,9.0,1.0,6.0,2.6,49.0,21.0,2024.0,2.4,50.0,27.0,19.0,56.0,21.9,5.0,166.0,71.2,20.0,183.0,19.0,174.0,1.0,9.0,,,1915.0,7.9,881.0,5.7,3.6,731.0,4.7,3.0,8.7,,,,,,,,,,,,,,,,,,,,,,,9,11.08,1.7600000000000002,5,3,0
2024,Drew Lock,D.Lock,00-0035704,NYG,QB,QB,39.0,7,80.14,11.448571428571428,80.14,0.0,0,0,0,0,0.0,0.0,0.0,18,133,2,107,181,1071,6,5,321.0,0.6525,0.24965732087227416,11.448571428571428,11.640033546016134,34.36,1,QB,"https://static.www.nfl.com/image/upload/f_auto,q_auto/league/vdixnkk1uglfpwowalf8",REG,12,-88,3,2,1107,611,45,-41.66944681110069,-6.096339811479425,1,0.967479674796748,37,22,11,2,1,0,9,12.075437067076564,0,6,6,3,0,0,0,0,0,0,,0,0,0,0,0,,0,0,0,0,0,0,0,0.0,0.0,0,0,0,0,0,0,0,0,0,0,0,0,0,2,-1,0,0,0,1,15,3,2,0,5,2,0,0,0,0,0,0,0,0,,,0,0,0,0,0,0,0,0,0,0,0,0,,,,0,0,0,0,0,0,0,,0,0,0,0,,0,0,,0,0,0,0,0,0,0,0,0,0,,,,,,,,,,,,,,,,,,,,,,,,,,,,,,,,,,,,,,,,,,,,,,,,,,,,,,,,,,,,,,,,,,,,,,,,,,,,,,,,,,,,,,,,,,,,,,,,,,,,,,,,,,,,,,,,,,,,,,,,,,,,,,,,,,,,,,,,,,,,,,,,,,,,00-0035704,LockDr00,3924327.0,Drew Lock,1996-11-10,76.0,228.0,Missouri,2019.0,2.0,42.0,DEN,2019,8,8.0,0.0,1.0,0.0,0.00625,,,,,,,,,,,,,,,,,,,,,,,,,2024.0,Drew Lock,NYG,28.0,QB,8.0,5.0,18.0,133.0,,9.0,103.0,5.7,30.0,1.7,0.0,,2025-09-03,Drew Lock,NYG,181.0,4.0,1.0,7.0,4.0,33.0,18.8,2024.0,2.4,29.0,18.0,24.0,54.0,26.6,8.0,122.0,69.3,15.0,113.0,12.0,113.0,1.0,0.0,,,1147.0,6.3,460.0,4.3,2.5,611.0,5.7,10.0,13.4,,,,,,,,,,,,,,,,,,,,,,,7,7.819999999999999,0.12,3,1,1
2024,Deshaun Watson,D.Watson,00-0033537,CLE,QB,QB,40.0,7,76.72,10.959999999999999,76.72,0.0,0,0,0,0,0.0,0.0,0.0,31,148,1,137,216,1148,5,3,415.0,0.8885714285714286,0.18486746987951808,10.959999999999999,4.060788100849392,16.44,0,QB,"https://static.www.nfl.com/image/private/f_auto,q_auto/league/otfs2docj6eahaebo5xn",REG,33,-191,3,2,1579,584,49,-61.54127600711165,-2.1934169034163156,1,0.727042431918936,45,16,11,0,2,1,8,-1.8450406061772135,0,3,3,0,0,0,0,0,0,0,,0,0,0,0,0,,0,0,0,0,0,0,0,0.0,0.0,0,0,0,0,0,0,0,0,0,0,0,0,0,1,-8,0,0,0,1,13,3,2,0,5,3,0,0,0,0,0,0,0,0,,,0,0,0,0,0,0,0,0,0,0,0,0,,,,0,0,0,0,0,0,0,,0,0,0,0,,0,0,,0,0,0,0,0,0,0,0,0,0,,,,,,,,,,,,,,,,,,,,,,,,,,,,,,,,,,,,,,,,,,,,,,,,,,,,,,,,,,,,,,,,,,,,,,,,,,,,,,,,,,,,,,,,,,,,,,,,,,,,,,,,,,,,,,,,,,,,,,,,,,,,,,,,,,,,,,,,,,,,,,,,,,,,00-0033537,WatsDe00,3122840.0,Deshaun Watson,1995-09-14,75.0,223.0,Clemson,2017.0,1.0,12.0,HOU,2017,10,7.0,0.0,0.0,0.0,0.0,,,,,,,,,,,,,,,,,,,,,,,,,2024.0,Deshaun Watson,CLE,29.0,QB,7.0,7.0,31.0,148.0,,8.0,109.0,3.5,39.0,1.3,1.0,31.0,2025-09-03,Deshaun Watson,CLE,216.0,5.0,0.0,20.0,9.5,34.0,16.1,2024.0,2.6,72.0,16.0,37.0,86.0,31.9,5.0,166.0,78.7,32.0,123.0,20.0,110.0,4.0,13.0,,,1523.0,7.1,564.0,4.1,2.6,584.0,4.3,21.0,6.3,,,,,,,,,,,,,,,,,,,,,,,7,10.66,5.12,4,2,0
2024,Spencer Rattler,S.Rattler,00-0039376,NO,QB,QB,41.0,7,67.28,9.611428571428572,67.28,0.0,0,0,0,0,0.0,0.0,0.0,18,146,0,130,228,1317,4,5,396.0,0.8814285714285715,0.1698989898989899,9.611428571428572,3.916935147839564,14.7,0,QB,"https://static.www.nfl.com/image/upload/f_auto,q_auto/league/gcgmcf4kex3jsl4rlrng",REG,22,-136,4,3,1834,642,62,-75.73932699372506,-9.06213659076064,0,0.718102508178844,55,24,16,1,1,0,7,13.575403080554679,0,5,3,2,0,0,0,0,0,0,,0,0,0,0,0,,0,0,0,0,0,0,0,0.0,0.0,0,0,0,0,0,0,0,0,0,0,0,0,0,1,-5,0,0,0,0,0,4,1,0,5,3,0,0,0,0,0,0,0,0,,,0,0,0,0,0,0,0,0,0,0,0,0,,,,0,0,0,0,0,0,0,,0,0,0,0,,0,0,,0,0,0,0,0,0,0,0,0,0,,,,,,,,,,,,,,,,,,,,,,,,,,,,,,,,,,,,,,,,,,,,,,,,,,,,,,,,,,,,,,,,,,,,,,,,,,,,,,,,,,,,,,,,,,,,,,,,,,,,,,,,,,,,,,,,,,,,,,,,,,,,,,,,,,,,,,,,,,,,,,,,,,,,00-0039376,RattSp00,4426339.0,Spencer Rattler,2000-09-28,72.0,211.0,South Carolina; Oklahoma,2024.0,5.0,150.0,NO,2024,3,7.0,0.0,0.0,0.0,0.0,,,,,,,,,,,,,,,,,,,,,,,,,2024.0,Spencer Rattler,NO,24.0,QB,7.0,6.0,18.0,146.0,,7.0,99.0,5.5,47.0,2.6,0.0,,2025-09-03,Spencer Rattler,NO,228.0,13.0,1.0,15.0,7.0,39.0,18.2,2024.0,2.4,61.0,16.0,16.0,54.0,20.5,6.0,153.0,71.5,14.0,93.0,12.0,65.0,1.0,28.0,,,1831.0,8.0,675.0,5.2,3.0,642.0,4.9,14.0,8.4,,,,,,,,,,,,,,,,,,,,,,,7,9.4,4.92,3,0,0
2024,Tyler Huntley,T.Huntley,00-0035993,MIA,QB,QB,42.0,5,60.66,12.132,60.66,0.0,0,0,0,0,0.0,0.0,0.0,26,135,2,86,133,829,3,3,314.0,0.9339999999999999,0.19318471337579618,12.132,7.015035281450835,24.2,1,QB,"https://static.www.nfl.com/image/upload/f_auto,q_auto/league/fxyjf9d5qkwqjdd8ypvv",REG,15,-92,3,1,1036,352,45,-19.742036515060114,3.104966950993384,0,0.8001930501930502,42,15,6,0,2,1,10,-0.5360116167174378,0,5,4,1,0,0,0,0,0,0,,0,0,0,0,0,,0,0,0,0,0,0,0,0.0,0.0,0,0,0,0,0,0,0,0,0,0,0,0,0,3,-16,0,0,0,1,8,2,4,0,6,2,0,0,0,0,0,0,0,0,,,0,0,0,0,0,0,0,0,0,0,0,0,,,,0,0,0,0,0,0,0,,0,0,0,0,,0,0,,0,0,0,0,0,0,0,0,0,0,,,,,,,,,,,,,,,,,,,,,,,,,,,,,,,,,,,,,,,,,,,,,,,,,,,,,,,,,,,,,,,,,,,,,,,,,,,,,,,,,,,,,,,,,,,,,,,,,,,,,,,,,,,,,,,,,,,,,,,,,,,,,,,,,,,,,,,,,,,,,,,,,,,,00-0035993,HuntTy01,4035671.0,Tyler Huntley,1998-02-03,73.0,204.0,Utah,,,,,2020,7,5.0,0.0,0.0,0.0,0.0,,,,,,,,,,,,,,,,,,,,,,,,,2024.0,Tyler Huntley,MIA,26.0,QB,5.0,5.0,26.0,135.0,,10.0,104.0,4.0,31.0,1.2,0.0,,2025-09-03,Tyler Huntley,MIA,133.0,7.0,1.0,8.0,6.4,20.0,16.0,2024.0,2.2,19.0,9.0,17.0,41.0,25.3,3.0,101.0,80.8,23.0,117.0,17.0,100.0,3.0,17.0,,,1037.0,7.8,477.0,5.5,3.6,352.0,4.1,14.0,7.4,,,,,,,,,,,,,,,,,,,,,,,5,9.48,6.46,2,1,0
2024,Andy Dalton,A.Dalton,00-0027973,CAR,QB,QB,43.0,6,58.96,9.826666666666666,58.96,0.0,0,0,0,0,0.0,0.0,0.0,11,34,0,106,160,989,7,6,306.0,0.81,0.1926797385620915,9.826666666666666,10.074670548790499,24.56,1,QB,"https://static.www.nfl.com/image/upload/f_auto,q_auto/league/sfsneh0bn46e2kwve7sr",REG,7,-37,0,0,1062,459,50,-19.042891326278156,-1.1419994899859796,0,0.931261770244821,41,21,13,0,0,0,2,-3.431674593843093,0,1,1,0,0,0,0,0,0,0,,0,0,0,0,0,,0,0,0,0,0,0,0,0.0,0.0,0,0,0,0,0,0,0,0,0,0,0,0,0,2,0,0,0,0,0,0,0,2,0,2,0,0,0,0,0,0,0,0,0,,,0,0,0,0,0,0,0,0,0,0,0,0,,,,0,0,0,0,0,0,0,,0,0,0,0,,0,0,,0,0,0,0,0,0,0,0,0,0,,,,,,,,,,,,,,,,,,,,,,,,,,,,,,,,,,,,,,,,,,,,,,,,,,,,,,,,,,,,,,,,,,,,,,,,,,,,,,,,,,,,,,,,,,,,,,,,,,,,,,,,,,,,,,,,,,,,,,,,,,,,,,,,,,,,,,,,,,,,,,,,,,,,00-0027973,DaltAn00,14012.0,Andy Dalton,1987-10-29,74.0,220.0,TCU,2011.0,2.0,35.0,CIN,2011,16,6.0,0.0,0.0,0.0,0.0,,,,,,,,,,,,,,,,,,,,,,,,,2024.0,Andy Dalton,CAR,37.0,QB,6.0,5.0,11.0,34.0,,2.0,15.0,1.4,19.0,1.7,1.0,11.0,2025-09-03,Andy Dalton,CAR,160.0,3.0,0.0,9.0,5.7,21.0,13.4,2024.0,2.2,56.0,10.0,11.0,28.0,16.2,5.0,117.0,74.5,22.0,130.0,22.0,130.0,0.0,0.0,,,1068.0,6.7,530.0,5.0,3.3,459.0,4.3,6.0,6.0,2024.0,Regular,Season Total,CAR,A. Dalton,,52.0,3.5,191.0,18.1,17.1,0.0,0.0,1.1,56.5,-2.8,Andy,Dalton,Andy Dalton,https://a.espncdn.com/i/headshots/nfl/players/full/14012.png,Panthers,False,6,9.34,0.0,3,2,0
2024,Malik Willis,M.Willis,00-0038128,GB,QB,QB,44.0,6,51.8,8.633333333333333,51.8,0.0,0,0,0,0,0.0,0.0,0.0,20,138,1,40,54,550,3,0,217.0,0.4642857142857143,0.23870967741935484,8.633333333333335,9.525575398193364,25.380000000000003,1,QB,"https://static.www.nfl.com/image/upload/f_auto,q_auto/league/txvgdbwbryzyyqq6gfet",REG,8,-37,1,1,430,274,20,15.299639245377366,6.898754272820814,0,1.2790697674418605,16,14,11,2,0,0,6,3.9184020770295045,0,5,5,3,0,0,0,0,0,0,,0,0,0,0,0,,0,0,0,0,0,0,0,0.0,0.0,0,0,0,0,0,0,0,0,0,0,0,0,0,0,0,0,0,0,0,0,1,0,0,1,1,0,0,0,0,0,0,0,0,,,0,0,0,0,0,0,0,0,0,0,0,0,,,,0,0,0,0,0,0,0,,0,0,0,0,,0,0,,0,0,0,0,0,0,0,0,0,0,,,,,,,,,,,,,,,,,,,,,,,,,,,,,,,,,,,,,,,,,,,,,,,,,,,,,,,,,,,,,,,,,,,,,,,,,,,,,,,,,,,,,,,,,,,,,,,,,,,,,,,,,,,,,,,,,,,,,,,,,,,,,,,,,,,,,,,,,,,,,,,,,,,,00-0038128,WillMa12,4242512.0,Malik Willis,1999-05-25,73.0,225.0,Liberty; Auburn,2022.0,3.0,86.0,TEN,2022,5,7.0,0.0,0.0,0.0,0.0,,,,,,,,,,,,,,,,,,,,,,,,,2024.0,Malik Willis,GB,25.0,QB,7.0,2.0,20.0,138.0,,6.0,90.0,4.5,48.0,2.4,3.0,6.7,2025-09-03,Malik Willis,GB,54.0,1.0,0.0,3.0,5.7,7.0,13.2,2024.0,2.3,16.0,2.0,2.0,12.0,17.4,1.0,43.0,81.1,14.0,73.0,9.0,47.0,4.0,26.0,,,414.0,7.7,276.0,6.9,5.1,274.0,6.9,7.0,11.3,2024.0,Regular,Season Total,GB,M. Willis,,77.3,6.9,79.0,13.1,6.1,7.1,0.0,0.0,77.4,-2.8,Malik,Willis,Malik Willis,https://a.espncdn.com/i/headshots/nfl/players/full/4242512.png,Packers,False,6,6.140000000000001,0.0,2,1,1
2024,Marcus Mariota,M.Mariota,00-0032268,WAS,QB,QB,45.0,3,45.760000000000005,15.253333333333336,45.760000000000005,0.0,0,0,0,0,0.0,0.0,0.0,18,92,1,34,44,364,4,0,100.0,0.5133333333333333,0.45760000000000006,15.253333333333336,13.495619042242316,26.040000000000003,1,QB,"https://static.www.nfl.com/image/upload/f_auto,q_auto/league/grx6m1fmu1odltjo3y31",REG,3,-29,0,0,408,107,22,18.86635162629314,16.588908930619557,0,0.8921568627450981,17,8,4,0,0,0,6,3.5261079982483126,0,3,1,1,0,0,0,0,0,0,,0,0,0,0,0,,0,0,0,0,0,0,0,0.0,0.0,0,0,0,0,0,0,0,0,0,0,0,0,0,1,0,0,0,0,0,0,0,0,0,0,0,0,0,0,0,0,0,0,0,,,0,0,0,0,0,0,0,0,0,0,0,0,,,,0,0,0,0,0,0,0,,0,0,0,0,,0,0,,0,0,0,0,0,0,0,0,0,0,M.Mariota,Marcus Mariota,QB,QB,"https://static.www.nfl.com/image/upload/f_auto,q_auto/league/grx6m1fmu1odltjo3y31",2024.0,POST,WAS,2.0,0.0,0.0,0.0,0.0,0.0,0.0,0.0,0.0,0.0,0.0,0.0,0.0,,,0.0,,0.0,0.0,0.0,0.0,2.0,1.0,0.0,0.0,0.0,1.0,-4.059322624700144,0.0,0.0,0.0,0.0,0.0,0.0,0.0,0.0,0.0,0.0,0.0,0.0,0.0,0.0,,0.0,0.0,0.0,0.0,0.0,,0.0,0.0,0.0,0.0,0.0,0.0,0.0,0.0,0.0,0.0,0.0,0.0,0.0,0.0,0.0,0.0,0.0,0.0,0.0,0.0,0.0,0.0,0.0,0.0,0.0,0.0,0.0,0.0,0.0,0.0,0.0,0.0,0.0,0.0,0.0,0.0,0.0,0.0,0.0,0.0,0.0,0.0,0.0,0.0,0.0,,,0.0,0.0,0.0,0.0,0.0,0.0,0.0,0.0,0.0,0.0,0.0,0.0,,,,0.0,0.0,0.0,0.0,0.0,0.0,0.0,,0.0,0.0,0.0,0.0,,0.0,0.0,,0.0,0.0,0.0,0.0,0.0,0.0,0.0,0.0,0.0,0.0,0.1,0.1,00-0032268,MariMa01,2576980.0,Marcus Mariota,1993-10-30,76.0,222.0,Oregon,2015.0,1.0,2.0,TEN,2015,12,3.0,0.0,0.0,0.0,0.0,,,,,,,,,,,,,,,,,,,,,,,,,2024.0,Marcus Mariota,WAS,31.0,QB,3.0,0.0,18.0,92.0,,6.0,78.0,4.3,14.0,0.8,1.0,18.0,2025-09-03,Marcus Mariota,WAS,44.0,1.0,1.0,2.0,4.8,3.0,7.1,2024.0,2.5,17.0,5.0,2.0,10.0,19.6,0.0,37.0,88.1,15.0,148.0,9.0,82.0,5.0,66.0,,,408.0,9.3,257.0,7.6,5.8,107.0,3.1,4.0,6.3,2024.0,Regular,Season Total,WSH,M. Mariota,,86.3,10.3,70.0,11.4,7.8,3.0,0.0,0.6,88.9,-1.4,Marcus,Mariota,Marcus Mariota,https://a.espncdn.com/i/headshots/nfl/players/full/2576980.png,Commanders,False,3,19.6,0.12000000000000001,2,2,1
2024,Jacoby Brissett,J.Brissett,00-0033119,NE,QB,QB,46.0,7,45.24,6.4628571428571435,45.24,0.0,0,0,0,0,0.0,0.0,0.0,15,62,0,95,161,826,2,1,351.0,0.69875,0.1288888888888889,6.4628571428571435,3.4979313614654894,10.56,0,QB,"https://static.www.nfl.com/image/upload/f_auto,q_auto/league/qjswiunczrn5xmdiqhlz",REG,18,-119,3,1,1086,437,41,-37.114678355448525,-2.928068697452545,1,0.7605893186003683,28,13,7,1,1,0,5,3.111673327279277,0,3,2,0,0,0,0,0,0,0,,0,0,0,0,0,,0,0,0,0,0,0,0,0.0,0.0,0,0,0,0,0,0,0,0,0,0,0,0,0,2,0,0,0,0,0,0,3,1,0,4,1,0,0,0,0,0,0,0,0,,,0,0,0,0,0,0,0,0,0,0,0,0,,,,0,0,0,0,0,0,0,,0,0,0,0,,0,0,,0,0,0,0,0,0,0,0,0,0,,,,,,,,,,,,,,,,,,,,,,,,,,,,,,,,,,,,,,,,,,,,,,,,,,,,,,,,,,,,,,,,,,,,,,,,,,,,,,,,,,,,,,,,,,,,,,,,,,,,,,,,,,,,,,,,,,,,,,,,,,,,,,,,,,,,,,,,,,,,,,,,,,,,00-0033119,BrisJa00,2578570.0,Jacoby Brissett,1992-12-11,76.0,235.0,N.C. State; Florida,2016.0,3.0,91.0,NE,2016,11,8.0,0.0,0.0,0.0,0.0,,,,,,,,,,,,,,,,,,,,,,,,,2024.0,Jacoby Brissett,NE,32.0,QB,8.0,5.0,15.0,62.0,,5.0,49.0,3.3,13.0,0.9,0.0,,2025-09-03,Jacoby Brissett,NE,161.0,7.0,1.0,13.0,8.5,29.0,19.0,2024.0,2.4,55.0,16.0,28.0,62.0,33.0,1.0,118.0,77.1,12.0,66.0,11.0,69.0,1.0,-3.0,,,1038.0,6.4,389.0,4.1,2.4,437.0,4.6,9.0,7.2,,,,,,,,,,,,,,,,,,,,,,,7,7.4,-0.08,1,0,0
2024,Michael Penix Jr.,M.Penix,00-0039917,ATL,QB,QB,47.0,5,44.1,8.82,44.1,0.0,0,0,0,0,0.0,0.0,0.0,7,11,1,61,105,775,3,3,230.0,0.664,0.1917391304347826,8.82,10.03576603952085,24.98,1,QB,"https://static.www.nfl.com/image/upload/f_auto,q_auto/league/mip4kogkqxwkkya6mvmh",REG,4,-14,2,0,1073,271,35,14.553116952157449,-4.438438456432492,0,0.7222739981360671,34,17,12,1,0,0,1,0.5856191375351045,0,0,0,0,0,0,0,0,0,0,,0,0,0,0,0,,0,0,0,1,0,0,0,0.0,0.0,0,0,0,0,0,0,0,0,0,0,0,0,0,1,0,0,0,0,0,0,2,0,0,2,0,0,0,0,0,0,0,0,0,,,0,0,0,0,0,0,0,0,0,0,0,0,,,,0,0,0,0,0,0,0,,0,0,0,0,,0,0,,0,0,0,0,0,0,0,0,0,0,,,,,,,,,,,,,,,,,,,,,,,,,,,,,,,,,,,,,,,,,,,,,,,,,,,,,,,,,,,,,,,,,,,,,,,,,,,,,,,,,,,,,,,,,,,,,,,,,,,,,,,,,,,,,,,,,,,,,,,,,,,,,,,,,,,,,,,,,,,,,,,,,,,,00-0039917,PeniMi00,4360423.0,Michael Penix Jr.,2000-05-08,75.0,220.0,Washington; Indiana,2024.0,1.0,8.0,ATL,2024,3,5.0,0.0,0.0,0.0,0.0,,,,,,,,,,,,,,,,,,,,,,,,,2024.0,Michael Penix,ATL,24.0,QB,5.0,3.0,7.0,11.0,,1.0,8.0,1.1,3.0,0.4,0.0,,2025-09-03,Michael Penix,ATL,105.0,2.0,0.0,7.0,6.8,23.0,22.3,2024.0,2.3,32.0,4.0,8.0,16.0,14.2,1.0,69.0,67.0,2.0,6.0,2.0,6.0,0.0,0.0,,,1057.0,10.1,504.0,8.3,4.8,271.0,4.4,4.0,3.5,,,,,,,,,,,,,,,,,,,,,,,5,6.38,0.56,2,1,0
2024,Joshua Dobbs,J.Dobbs,00-0033949,SF,QB,QB,48.0,2,30.839999999999996,15.419999999999998,30.839999999999996,0.0,0,0,0,0,0.0,0.0,0.0,9,24,2,32,47,361,2,2,81.0,0.54,0.3807407407407407,15.419999999999998,10.352043276571056,22.74,1,QB,"https://static.www.nfl.com/image/upload/f_auto,q_auto/league/twaqqjexyi0vgyfbvzis",REG,2,-28,1,0,373,101,18,5.55747983542185,1.6368014009102532,0,0.967828418230563,18,6,5,0,1,1,2,-2.7943142913863994,0,0,0,0,0,0,0,0,0,0,,0,0,0,0,0,,0,0,0,0,0,0,0,0.0,0.0,0,0,0,0,0,0,0,0,0,0,0,0,0,0,0,0,0,0,0,0,2,0,0,2,1,0,0,0,0,0,0,0,0,,,0,0,0,0,0,0,0,0,0,0,0,0,,,,0,0,0,0,0,0,0,,0,0,0,0,,0,0,,0,0,0,0,0,0,0,0,0,0,,,,,,,,,,,,,,,,,,,,,,,,,,,,,,,,,,,,,,,,,,,,,,,,,,,,,,,,,,,,,,,,,,,,,,,,,,,,,,,,,,,,,,,,,,,,,,,,,,,,,,,,,,,,,,,,,,,,,,,,,,,,,,,,,,,,,,,,,,,,,,,,,,,,00-0033949,DobbJo00,3044720.0,Joshua Dobbs,1995-01-26,75.0,216.0,Tennessee,2017.0,4.0,135.0,PIT,2017,10,2.0,0.0,0.0,0.0,0.0,,,,,,,,,,,,,,,,,,,,,,,,,2024.0,Joshua Dobbs,SF,29.0,QB,2.0,1.0,9.0,24.0,,2.0,18.0,2.0,6.0,0.7,1.0,9.0,2025-09-03,Joshua Dobbs,SF,47.0,0.0,1.0,1.0,2.2,9.0,19.6,2024.0,2.2,10.0,6.0,2.0,10.0,18.9,0.0,34.0,73.9,6.0,31.0,3.0,25.0,2.0,6.0,,,367.0,7.8,260.0,8.1,5.5,101.0,3.2,4.0,5.8,,,,,,,,,,,,,,,,,,,,,,,2,15.419999999999998,8.1,1,1,0
2024,Tanner McKee,T.McKee,00-0038400,PHI,QB,QB,49.0,2,28.82,14.41,28.82,0.0,0,0,0,0,0.0,0.0,0.0,5,-1,0,30,45,323,4,0,89.0,0.66,0.3238202247191011,14.41,6.293250352560272,18.86,0,QB,"https://static.www.nfl.com/image/upload/f_auto,q_auto/league/oveivzhzv13jrfvkp8zg",REG,2,-17,0,0,322,138,17,14.677713276299727,-0.04304760032229953,0,1.0031055900621118,14,6,2,0,0,0,1,-3.002825558243785,0,0,0,0,0,0,0,0,0,0,,0,0,0,0,0,,0,0,0,0,0,0,0,0.0,0.0,0,0,0,0,0,0,0,0,0,0,0,0,0,1,0,0,0,0,0,0,0,0,0,0,0,0,0,0,0,0,0,0,0,,,0,0,0,0,0,0,0,0,0,0,0,0,,,,0,0,0,0,0,0,0,,0,0,0,0,,0,0,,0,0,0,0,0,0,0,0,0,0,,,,,,,,,,,,,,,,,,,,,,,,,,,,,,,,,,,,,,,,,,,,,,,,,,,,,,,,,,,,,,,,,,,,,,,,,,,,,,,,,,,,,,,,,,,,,,,,,,,,,,,,,,,,,,,,,,,,,,,,,,,,,,,,,,,,,,,,,,,,,,,,,,,,00-0038400,McKeTa01,4685201.0,Tanner McKee,2000-04-27,78.0,230.0,Stanford,2023.0,6.0,188.0,PHI,2023,4,2.0,0.0,0.0,0.0,0.0,,,,,,,,,,,,,,,,,,,,,,,,,2024.0,Tanner McKee,PHI,24.0,QB,2.0,1.0,5.0,-1.0,,1.0,-3.0,-0.6,2.0,0.4,0.0,,2025-09-03,Tanner McKee,PHI,45.0,0.0,0.0,0.0,0.0,9.0,20.0,2024.0,2.3,17.0,0.0,5.0,7.0,14.9,1.0,30.0,66.7,6.0,58.0,6.0,58.0,0.0,0.0,,,296.0,6.6,185.0,6.2,4.1,138.0,4.6,0.0,,2024.0,Regular,Season Total,PHI,T. McKee,,65.5,4.0,52.0,8.3,7.0,0.1,0.0,1.2,74.9,-1.0,Tanner,McKee,Tanner McKee,https://a.espncdn.com/i/headshots/nfl/players/full/4685201.png,Eagles,False,2,14.41,9.96,1,1,0
2024,Kenny Pickett,K.Pickett,00-0038102,PHI,QB,QB,50.0,5,25.14,5.0280000000000005,25.14,0.0,0,0,0,0,0.0,0.0,0.0,9,15,1,25,42,291,2,1,134.0,0.388,0.18761194029850747,5.0280000000000005,7.275418888284028,16.02,0,QB,"https://static.www.nfl.com/image/upload/f_auto,q_auto/league/gw6lyiuevyuspfkglnmj",REG,4,-33,1,0,347,57,12,3.437211132550439,0.47548038837237233,0,0.8386167146974063,9,4,4,2,0,0,3,1.7277967237865954,0,0,0,0,0,0,0,0,0,0,,0,0,0,0,0,,0,0,0,0,0,0,0,0.0,0.0,0,0,0,0,0,0,0,0,0,0,0,0,0,0,0,0,0,0,0,0,1,0,0,1,0,0,0,0,0,0,0,0,0,,,0,0,0,0,0,0,0,0,0,0,0,0,,,,0,0,0,0,0,0,0,,0,0,0,0,,0,0,,0,0,0,0,0,0,0,0,0,0,K.Pickett,Kenny Pickett,QB,QB,"https://static.www.nfl.com/image/upload/f_auto,q_auto/league/gw6lyiuevyuspfkglnmj",2024.0,POST,PHI,2.0,0.0,1.0,0.0,0.0,0.0,0.0,0.0,0.0,0.0,6.0,0.0,0.0,-2.7201750835520215,-67.6051378250122,0.0,0.0,0.0,0.0,0.0,0.0,5.0,-7.0,0.0,0.0,0.0,0.0,-4.685568380227778,0.0,0.0,0.0,0.0,0.0,0.0,0.0,0.0,0.0,0.0,0.0,0.0,0.0,0.0,,0.0,0.0,0.0,0.0,0.0,,0.0,0.0,0.0,0.0,0.0,0.0,0.0,0.0,0.0,0.0,0.0,0.0,0.0,0.0,0.0,0.0,0.0,0.0,0.0,0.0,0.0,0.0,0.0,0.0,0.0,0.0,0.0,0.0,0.0,0.0,0.0,0.0,0.0,0.0,0.0,0.0,0.0,0.0,0.0,0.0,0.0,0.0,0.0,0.0,0.0,,,0.0,0.0,0.0,0.0,0.0,0.0,0.0,0.0,0.0,0.0,0.0,0.0,,,,0.0,0.0,0.0,0.0,0.0,0.0,0.0,,0.0,0.0,0.0,0.0,,0.0,0.0,,0.0,0.0,0.0,0.0,0.0,0.0,0.0,0.0,0.0,0.0,-0.7000000000000001,-0.7000000000000001,00-0038102,PickKe00,4240703.0,Kenny Pickett,1998-06-06,75.0,220.0,Pittsburgh,2022.0,1.0,20.0,PIT,2022,5,5.0,0.0,0.0,0.0,0.0,,,,,,,,,,,,,,,,,,,,,,,,,2024.0,Kenny Pickett,PHI,26.0,QB,5.0,1.0,9.0,15.0,,3.0,11.0,1.2,4.0,0.4,0.0,,2025-09-03,Kenny Pickett,PHI,42.0,2.0,0.0,1.0,2.5,6.0,15.0,2024.0,2.4,23.0,2.0,6.0,12.0,24.5,2.0,26.0,65.0,6.0,45.0,5.0,45.0,0.0,0.0,,,355.0,8.5,234.0,9.4,5.6,57.0,2.3,3.0,4.3,2024.0,Regular,Season Total,PHI,K. Pickett,,73.1,4.3,60.0,9.1,5.6,1.3,0.0,2.2,73.6,-1.6,Kenny,Pickett,Kenny Pickett,https://a.espncdn.com/i/headshots/nfl/players/full/4240703.png,Eagles,False,5,0.30000000000000004,-0.2,1,1,0
2024,Desmond Ridder,D.Ridder,00-0038122,LV,QB,QB,51.0,5,21.92,4.384,21.92,0.0,0,0,0,0,0.0,0.0,0.0,9,36,0,52,85,458,2,2,132.0,0.3333333333333333,0.16606060606060608,4.384,4.299753481305644,11.120000000000001,0,QB,"https://static.www.nfl.com/image/upload/f_auto,q_auto/league/rhpusa7pfgd82d9ui6y7",REG,10,-64,2,2,683,201,24,-22.081513387401152,-3.181064472748683,0,0.6705710102489019,18,7,7,0,1,0,2,1.4976739216945134,0,1,0,0,0,0,0,0,0,0,,0,0,0,0,0,,0,0,0,0,0,0,0,0.0,0.0,0,0,0,0,0,0,0,0,0,0,0,0,0,1,-3,0,0,0,0,0,2,1,0,3,2,0,0,0,0,0,0,0,0,,,0,0,0,0,0,0,0,0,0,0,0,0,,,,0,0,0,0,0,0,0,,0,0,0,0,,0,0,,0,0,0,0,0,0,0,0,0,0,,,,,,,,,,,,,,,,,,,,,,,,,,,,,,,,,,,,,,,,,,,,,,,,,,,,,,,,,,,,,,,,,,,,,,,,,,,,,,,,,,,,,,,,,,,,,,,,,,,,,,,,,,,,,,,,,,,,,,,,,,,,,,,,,,,,,,,,,,,,,,,,,,,,00-0038122,RiddDe00,4239086.0,Desmond Ridder,1999-08-31,75.0,207.0,Cincinnati,2022.0,3.0,74.0,ATL,2022,4,6.0,0.0,0.0,0.0,0.0,,,,,,,,,,,,,,,,,,,,,,,,,2024.0,Desmond Ridder,LV,25.0,QB,6.0,1.0,9.0,36.0,,2.0,22.0,2.4,14.0,1.6,0.0,,2025-09-03,Desmond Ridder,LV,85.0,4.0,1.0,2.0,2.5,15.0,18.8,2024.0,2.2,21.0,6.0,9.0,25.0,24.8,1.0,55.0,68.8,8.0,19.0,6.0,18.0,2.0,1.0,,,687.0,8.1,257.0,4.9,3.0,201.0,3.9,6.0,5.8,,,,,,,,,,,,,,,,,,,,,,,5,4.34,0.44,1,0,0
2024,Tyrod Taylor,T.Taylor,00-0028118,NYJ,QB,QB,52.0,2,20.06,10.03,20.06,0.0,0,0,0,0,0.0,0.0,0.0,3,13,0,17,22,119,3,0,36.0,0.31,0.5572222222222222,10.03,5.50129075763134,13.92,0,QB,"https://static.www.nfl.com/image/upload/f_auto,q_auto/league/whpztm9akd7yefplp37r",REG,0,0,0,0,88,68,9,11.063086127557094,13.33057993934268,1,1.3522727272727273,3,1,1,0,1,0,0,-0.6764859651157167,0,0,0,0,0,0,0,0,0,0,,0,0,0,0,0,,0,0,0,0,0,0,0,0.0,0.0,0,0,0,0,0,0,0,0,0,0,0,0,0,1,-8,0,0,0,0,0,0,1,0,1,0,0,0,0,0,0,0,0,0,,,0,0,0,0,0,0,0,0,0,0,0,0,,,,0,0,0,0,0,0,0,,0,0,0,0,,0,0,,0,0,0,0,0,0,0,0,0,0,,,,,,,,,,,,,,,,,,,,,,,,,,,,,,,,,,,,,,,,,,,,,,,,,,,,,,,,,,,,,,,,,,,,,,,,,,,,,,,,,,,,,,,,,,,,,,,,,,,,,,,,,,,,,,,,,,,,,,,,,,,,,,,,,,,,,,,,,,,,,,,,,,,,00-0028118,TaylTy00,14163.0,Tyrod Taylor,1989-08-03,73.0,217.0,Virginia Tech,2011.0,6.0,180.0,BAL,2011,16,2.0,0.0,0.0,0.0,0.0,,,,,,,,,,,,,,,,,,,,,,,,,2024.0,Tyrod Taylor,NYJ,35.0,QB,2.0,0.0,3.0,13.0,,0.0,8.0,2.7,5.0,1.7,1.0,3.0,2025-09-03,Tyrod Taylor,NYJ,22.0,1.0,0.0,1.0,4.8,2.0,9.5,2024.0,2.0,4.0,3.0,2.0,5.0,20.8,0.0,19.0,90.5,1.0,6.0,1.0,6.0,0.0,0.0,,,88.0,4.0,51.0,3.0,2.3,68.0,4.0,2.0,6.5,2024.0,Regular,Season Total,NYJ,T. Taylor,,95.0,5.7,27.0,2.1,2.0,0.1,0.0,0.0,95.1,0.0,Tyrod,Taylor,Tyrod Taylor,https://a.espncdn.com/i/headshots/nfl/players/full/14163.png,Jets,False,2,10.03,6.14,1,0,0
2024,Jimmy Garoppolo,J.Garoppolo,00-0031345,LA,QB,QB,53.0,1,19.86,19.86,19.86,0.0,0,0,0,0,0.0,0.0,0.0,2,5,0,27,41,334,2,1,66.0,1.0,0.3009090909090909,19.86,,19.86,0,QB,"https://static.www.nfl.com/image/upload/f_auto,q_auto/league/ivz3zwvjxvgcu4dzabur",REG,3,-15,0,0,221,232,16,2.0776321841180367,-3.0714814364910126,0,1.51131221719457,12,8,6,1,0,0,0,-1.9885797605384141,0,0,0,0,0,0,0,0,0,0,,0,0,0,0,0,,0,0,0,0,0,0,0,0.0,0.0,0,0,0,0,0,0,0,0,0,0,0,0,0,0,0,0,0,0,0,0,0,0,0,0,0,0,0,0,0,0,0,0,0,,,0,0,0,0,0,0,0,0,0,0,0,0,,,,0,0,0,0,0,0,0,,0,0,0,0,,0,0,,0,0,0,0,0,0,0,0,0,0,,,,,,,,,,,,,,,,,,,,,,,,,,,,,,,,,,,,,,,,,,,,,,,,,,,,,,,,,,,,,,,,,,,,,,,,,,,,,,,,,,,,,,,,,,,,,,,,,,,,,,,,,,,,,,,,,,,,,,,,,,,,,,,,,,,,,,,,,,,,,,,,,,,,00-0031345,GaroJi00,16760.0,Jimmy Garoppolo,1991-11-02,74.0,225.0,Eastern Illinois,2014.0,2.0,62.0,NE,2014,12,1.0,0.0,0.0,0.0,0.0,,,,,,,,,,,,,,,,,,,,,,,,,2024.0,Jimmy Garoppolo,LA,33.0,QB,1.0,1.0,2.0,5.0,,0.0,5.0,2.5,0.0,0.0,0.0,,2025-09-03,Jimmy Garoppolo,LA,41.0,1.0,0.0,0.0,0.0,8.0,20.0,2024.0,2.2,13.0,0.0,5.0,8.0,17.8,0.0,27.0,67.5,7.0,36.0,7.0,36.0,0.0,0.0,,,221.0,5.4,102.0,3.8,2.5,232.0,8.6,1.0,5.0,,,,,,,,,,,,,,,,,,,,,,,1,19.86,19.86,1,1,0
2024,Joe Milton III,J.Milton,00-0039398,NE,QB,QB,54.0,1,19.240000000000002,19.240000000000002,19.240000000000002,0.0,0,0,0,0,0.0,0.0,0.0,10,16,1,22,29,241,1,0,61.0,0.95,0.3154098360655738,19.240000000000002,,19.240000000000002,0,QB,"https://static.www.nfl.com/image/upload/f_auto,q_auto/league/tsj9lobse1gxzanf39dt",REG,0,0,0,0,280,72,14,11.790716131760057,17.12494382151851,0,0.8607142857142858,11,3,2,1,1,1,4,-3.962806242663646,0,0,0,0,0,0,0,0,0,0,,0,0,0,0,0,,0,0,0,0,0,0,0,0.0,0.0,0,0,0,0,0,0,0,0,0,0,0,0,0,0,-5,0,0,0,1,15,0,1,0,1,1,0,0,0,0,0,0,0,0,,,0,0,0,0,0,0,0,0,0,0,0,0,,,,0,0,0,0,0,0,0,,0,0,0,0,,0,0,,0,0,0,0,0,0,0,0,0,0,,,,,,,,,,,,,,,,,,,,,,,,,,,,,,,,,,,,,,,,,,,,,,,,,,,,,,,,,,,,,,,,,,,,,,,,,,,,,,,,,,,,,,,,,,,,,,,,,,,,,,,,,,,,,,,,,,,,,,,,,,,,,,,,,,,,,,,,,,,,,,,,,,,,00-0039398,MiltJo00,4360698.0,Joe Milton III,2000-03-06,77.0,236.0,Tennessee; Michigan,2024.0,6.0,193.0,NE,2024,3,1.0,0.0,0.0,0.0,0.0,,,,,,,,,,,,,,,,,,,,,,,,,2024.0,Joe Milton,NE,24.0,QB,1.0,0.0,10.0,16.0,,4.0,2.0,0.2,14.0,1.4,0.0,,2025-09-03,Joe Milton,NE,29.0,2.0,0.0,1.0,3.7,2.0,7.4,2024.0,2.5,7.0,4.0,2.0,6.0,19.4,0.0,25.0,92.6,7.0,61.0,5.0,56.0,2.0,5.0,,,256.0,8.8,169.0,7.7,5.8,72.0,3.3,2.0,6.5,2024.0,Regular,Season Total,NE,J. Milton III,,69.6,2.8,40.0,6.7,6.6,0.3,0.0,-0.3,72.7,0.0,Joe,Milton III,Joe Milton III,https://a.espncdn.com/i/headshots/nfl/players/full/4360698.png,Patriots,False,1,19.240000000000002,19.240000000000002,1,1,0
2024,Dorian Thompson-Robinson,D.Thompson-Robinson,00-0038583,CLE,QB,QB,55.0,6,15.800000000000004,2.633333333333334,15.800000000000004,0.0,0,0,0,0,0.0,0.0,0.0,21,122,0,61,118,440,0,6,208.0,0.40714285714285714,0.07596153846153848,2.6333333333333333,2.7821909831402065,7.180000000000001,0,QB,"https://static.www.nfl.com/image/upload/f_auto,q_auto/league/ujuyt3hpswlin3aahmhu",REG,8,-47,2,1,710,251,20,-71.14114697335754,-11.668256571832693,0,0.6197183098591549,15,4,1,0,1,0,9,5.991397552657872,0,5,5,1,0,0,0,0,0,0,,0,0,0,0,0,,0,0,0,0,0,0,0,0.0,0.0,0,0,0,0,0,0,0,0,0,0,0,0,0,1,0,0,0,0,5,54,3,0,0,3,1,0,0,0,0,0,0,0,0,,,0,0,0,0,0,0,0,0,0,0,0,0,,,,0,0,0,0,0,0,0,,0,0,0,0,,0,0,,0,0,0,0,0,0,0,0,0,0,,,,,,,,,,,,,,,,,,,,,,,,,,,,,,,,,,,,,,,,,,,,,,,,,,,,,,,,,,,,,,,,,,,,,,,,,,,,,,,,,,,,,,,,,,,,,,,,,,,,,,,,,,,,,,,,,,,,,,,,,,,,,,,,,,,,,,,,,,,,,,,,,,,,00-0038583,ThomDo02,4367178.0,Dorian Thompson-Robinson,1999-11-14,74.0,203.0,UCLA,2023.0,5.0,140.0,CLE,2023,2,7.0,0.0,0.0,0.0,0.0,,,,,,,,,,,,,,,,,,,,,,,,,2024.0,Dorian Thompson-Robinson,CLE,25.0,QB,7.0,2.0,21.0,122.0,,9.0,94.0,4.5,28.0,1.3,1.0,21.0,2025-09-03,Dorian Thompson-Robinson,CLE,118.0,10.0,0.0,11.0,10.2,19.0,17.6,2024.0,2.2,24.0,7.0,18.0,33.0,25.0,1.0,78.0,72.2,32.0,166.0,23.0,82.0,7.0,84.0,,,716.0,6.1,189.0,3.1,1.6,251.0,4.1,6.0,6.5,,,,,,,,,,,,,,,,,,,,,,,6,2.2500000000000004,0.0,0,0,0
2024,Mitchell Trubisky,M.Trubisky,00-0033869,BUF,QB,QB,56.0,8,15.26,1.9075,15.26,0.0,0,0,0,0,0.0,0.0,0.0,17,1,0,19,26,179,2,0,102.0,0.17777777777777778,0.1496078431372549,1.9074999999999998,3.794566604275871,9.239999999999998,0,QB,"https://static.www.nfl.com/image/upload/f_auto,q_auto/league/yxs7ix2pmcfv5k1qn1sk",REG,0,0,0,0,142,149,7,9.716510242314136,5.772750496864319,0,1.2605633802816902,5,2,2,1,1,0,1,-12.08890618814279,0,0,0,0,0,0,0,0,0,0,,0,0,0,0,0,,0,0,0,0,0,0,0,0.0,0.0,0,0,0,0,0,0,0,0,0,0,0,0,0,1,0,0,0,0,0,0,0,1,0,1,0,0,0,0,0,0,0,0,0,,,0,0,0,0,0,0,0,0,0,0,0,0,,,,0,0,0,0,0,0,0,,0,0,0,0,,0,0,,0,0,0,0,0,0,0,0,0,0,M.Trubisky,Mitchell Trubisky,QB,QB,"https://static.www.nfl.com/image/upload/f_auto,q_auto/league/yxs7ix2pmcfv5k1qn1sk",2024.0,POST,BUF,1.0,0.0,0.0,0.0,0.0,0.0,0.0,0.0,0.0,0.0,0.0,0.0,0.0,,,0.0,,0.0,0.0,0.0,0.0,3.0,-3.0,0.0,0.0,0.0,0.0,-4.054628354206216,0.0,0.0,0.0,0.0,0.0,0.0,0.0,0.0,0.0,0.0,0.0,0.0,0.0,0.0,,0.0,0.0,0.0,0.0,0.0,,0.0,0.0,0.0,0.0,0.0,0.0,0.0,0.0,0.0,0.0,0.0,0.0,0.0,0.0,0.0,0.0,0.0,0.0,0.0,0.0,0.0,0.0,0.0,0.0,0.0,0.0,0.0,0.0,0.0,0.0,0.0,0.0,0.0,0.0,0.0,0.0,0.0,0.0,0.0,0.0,0.0,0.0,0.0,0.0,0.0,,,0.0,0.0,0.0,0.0,0.0,0.0,0.0,0.0,0.0,0.0,0.0,0.0,,,,0.0,0.0,0.0,0.0,0.0,0.0,0.0,,0.0,0.0,0.0,0.0,,0.0,0.0,,0.0,0.0,0.0,0.0,0.0,0.0,0.0,0.0,0.0,0.0,-0.30000000000000004,-0.30000000000000004,00-0033869,TrubMi00,3039707.0,Mitchell Trubisky,1994-08-20,74.0,222.0,North Carolina,2017.0,1.0,2.0,CHI,2017,10,9.0,0.0,0.0,0.0,0.0,,,,,,,,,,,,,,,,,,,,,,,,,2024.0,Mitchell Trubisky,BUF,30.0,QB,9.0,0.0,17.0,1.0,,1.0,1.0,0.1,0.0,0.0,0.0,,2025-09-03,Mitchell Trubisky,BUF,26.0,1.0,0.0,0.0,0.0,4.0,16.0,2024.0,2.2,8.0,2.0,1.0,3.0,11.1,0.0,21.0,84.0,4.0,19.0,3.0,15.0,1.0,4.0,,,144.0,5.5,30.0,1.6,1.2,149.0,7.8,1.0,8.0,2024.0,Regular,Season Total,BUF,M. Trubisky,,57.8,1.5,31.0,3.7,4.1,-0.3,0.0,0.0,66.1,0.0,Mitchell,Trubisky,Mitchell Trubisky,https://a.espncdn.com/i/headshots/nfl/players/full/3039707.png,Bills,False,8,-0.04000000000000001,-0.30000000000000004,0,0,0
2024,Tim Boyle,T.Boyle,00-0034177,NYG,QB,QB,57.0,3,13.940000000000001,4.646666666666667,13.940000000000001,0.0,0,0,0,0,0.0,0.0,0.0,3,9,0,27,50,276,1,1,85.0,0.43,0.164,4.646666666666667,1.8927581285873096,6.82,0,QB,"https://static.www.nfl.com/image/upload/f_auto,q_auto/league/zmfyonfo6ohn5bxqwaxg",REG,2,-11,0,0,313,151,11,-14.487911420525052,-8.478820777457694,0,0.8817891373801917,12,6,3,0,0,0,1,0.6493757708813064,0,0,0,0,0,0,0,0,0,0,,0,0,0,0,0,,0,0,0,0,0,0,0,0.0,0.0,0,0,0,0,0,0,0,0,0,0,0,0,0,0,0,0,0,0,0,0,0,0,0,0,0,0,0,0,0,0,0,0,0,,,0,0,0,0,0,0,0,0,0,0,0,0,,,,0,0,0,0,0,0,0,,0,0,0,0,,0,0,,0,0,0,0,0,0,0,0,0,0,,,,,,,,,,,,,,,,,,,,,,,,,,,,,,,,,,,,,,,,,,,,,,,,,,,,,,,,,,,,,,,,,,,,,,,,,,,,,,,,,,,,,,,,,,,,,,,,,,,,,,,,,,,,,,,,,,,,,,,,,,,,,,,,,,,,,,,,,,,,,,,,,,,,00-0034177,BoylTi00,3045169.0,Tim Boyle,1994-10-03,76.0,232.0,Eastern Kentucky,,,,,2018,6,3.0,0.0,0.0,0.0,0.0,,,,,,,,,,,,,,,,,,,,,,,,,2024.0,Tim Boyle,2TM,30.0,QB,3.0,0.0,3.0,9.0,,1.0,8.0,2.7,1.0,0.3,0.0,,2025-09-03,Tim Boyle,2TM,50.0,3.0,1.0,3.0,6.5,8.0,17.4,2024.0,2.0,8.0,9.0,7.0,18.0,33.3,1.0,32.0,69.6,4.0,21.0,4.0,21.0,0.0,0.0,,,313.0,6.3,125.0,4.6,2.5,151.0,5.6,2.0,5.0,,,,,,,,,,,,,,,,,,,,,,,3,3.7600000000000002,3.36,0,0,0
2024,Tommy DeVito,T.DeVito,00-0038476,NYG,QB,QB,58.0,2,13.48,6.74,13.48,0.0,0,0,0,0,0.0,0.0,0.0,8,32,0,31,44,257,0,0,91.0,0.48666666666666664,0.14813186813186813,6.740000000000001,5.6851385207398435,10.760000000000002,0,QB,"https://static.www.nfl.com/image/upload/f_auto,q_auto/league/hb3m2zbfb5aprw6vdqx8",REG,6,-31,0,0,263,119,15,-8.008932490309235,4.724473778794452,0,0.9771863117870723,12,4,2,0,0,0,1,-2.739945948444074,0,1,1,0,0,0,0,0,0,0,,0,0,0,0,0,,0,0,0,0,0,0,0,0.0,0.0,0,0,0,0,0,0,0,0,0,0,0,0,0,0,0,0,0,0,0,0,0,0,0,0,0,0,0,0,0,0,0,0,0,,,0,0,0,0,0,0,0,0,0,0,0,0,,,,0,0,0,0,0,0,0,,0,0,0,0,,0,0,,0,0,0,0,0,0,0,0,0,0,,,,,,,,,,,,,,,,,,,,,,,,,,,,,,,,,,,,,,,,,,,,,,,,,,,,,,,,,,,,,,,,,,,,,,,,,,,,,,,,,,,,,,,,,,,,,,,,,,,,,,,,,,,,,,,,,,,,,,,,,,,,,,,,,,,,,,,,,,,,,,,,,,,,00-0038476,DeViTo00,4240391.0,Tommy DeVito,1998-08-07,74.0,210.0,Illinois; Syracuse,,,,,2023,4,3.0,0.0,0.0,0.0,0.0,,,,,,,,,,,,,,,,,,,,,,,,,2024.0,Tommy DeVito,NYG,26.0,QB,3.0,2.0,8.0,32.0,,1.0,28.0,3.5,4.0,0.5,0.0,,2025-09-03,Tommy DeVito,NYG,44.0,3.0,0.0,1.0,2.4,6.0,14.6,2024.0,2.3,11.0,2.0,4.0,12.0,22.2,0.0,35.0,85.4,8.0,34.0,4.0,28.0,1.0,6.0,,,263.0,6.0,138.0,4.5,3.1,119.0,3.8,4.0,7.8,,,,,,,,,,,,,,,,,,,,,,,2,6.740000000000001,2.72,1,0,0
2024,Jake Haener,J.Haener,00-0038998,NO,QB,QB,59.0,8,13.240000000000002,1.6550000000000002,13.240000000000002,0.0,0,0,0,0,0.0,0.0,0.0,11,22,0,18,39,226,1,1,82.0,0.16125,0.16146341463414637,1.655,2.5877900113527645,5.88,0,QB,"https://static.www.nfl.com/image/upload/f_auto,q_auto/league/jfxyp1qkekty7jwh5kcr",REG,6,-55,0,0,345,97,10,-14.948479153761138,-17.318424018653662,0,0.6550724637681159,10,4,3,0,0,0,0,-1.5562912306049839,0,0,0,0,0,0,0,0,0,0,,0,0,0,0,0,,0,0,0,0,0,0,0,0.0,0.0,0,0,0,0,0,0,0,0,0,0,0,0,0,0,0,0,0,0,0,0,0,0,0,0,0,0,0,0,0,0,0,0,0,,,0,0,0,0,0,0,0,0,0,0,0,0,,,,0,0,0,0,0,0,0,,0,0,0,0,,0,0,,0,0,0,0,0,0,0,0,0,0,,,,,,,,,,,,,,,,,,,,,,,,,,,,,,,,,,,,,,,,,,,,,,,,,,,,,,,,,,,,,,,,,,,,,,,,,,,,,,,,,,,,,,,,,,,,,,,,,,,,,,,,,,,,,,,,,,,,,,,,,,,,,,,,,,,,,,,,,,,,,,,,,,,,00-0038998,HaenJa00,4243322.0,Jake Haener,1999-03-10,73.0,200.0,Fresno State; Washington,2023.0,4.0,127.0,NO,2023,3,8.0,0.0,0.0,0.0,0.0,,,,,,,,,,,,,,,,,,,,,,,,,2024.0,Jake Haener,NO,25.0,QB,8.0,1.0,11.0,22.0,,0.0,22.0,2.0,0.0,0.0,0.0,,2025-09-03,Jake Haener,NO,39.0,2.0,0.0,6.0,16.2,7.0,18.9,2024.0,2.4,15.0,2.0,9.0,17.0,34.0,1.0,25.0,67.6,1.0,3.0,1.0,3.0,0.0,0.0,,,345.0,8.8,129.0,7.2,3.3,97.0,5.4,5.0,5.6,,,,,,,,,,,,,,,,,,,,,,,8,0.33,-0.30000000000000004,0,0,0
2024,Trey Lance,T.Lance,00-0037012,DAL,QB,QB,60.0,4,12.740000000000002,3.1850000000000005,12.740000000000002,0.0,0,0,0,0,0.0,0.0,0.0,11,41,0,25,41,266,0,1,98.0,0.3325,0.13000000000000003,3.185,6.126279458202996,12.36,0,QB,"https://static.www.nfl.com/image/upload/f_auto,q_auto/league/j3psmvvxo13kmbgi60ej",REG,4,-23,0,0,268,149,13,-8.364336361202223,-6.858350932598114,0,0.9925373134328358,12,5,4,0,0,0,3,-2.1164626317913644,0,1,0,0,0,0,0,0,0,0,,0,0,0,0,0,,0,1,0,0,0,0,0,0.0,0.0,0,0,0,0,0,0,0,0,0,0,0,0,0,0,0,0,0,0,0,0,0,0,0,0,0,0,0,0,0,0,0,0,0,,,0,0,0,0,0,0,0,0,0,0,0,0,,,,0,0,0,0,0,0,0,,0,0,0,0,,0,0,,0,0,0,0,0,0,0,0,0,0,,,,,,,,,,,,,,,,,,,,,,,,,,,,,,,,,,,,,,,,,,,,,,,,,,,,,,,,,,,,,,,,,,,,,,,,,,,,,,,,,,,,,,,,,,,,,,,,,,,,,,,,,,,,,,,,,,,,,,,,,,,,,,,,,,,,,,,,,,,,,,,,,,,,00-0037012,LancTr00,4383351.0,Trey Lance,2000-05-09,76.0,226.0,North Dakota State,2021.0,1.0,3.0,SF,2021,6,4.0,0.0,0.0,0.0,0.0,,,,,,,,,,,,,,,,,,,,,,,,,2024.0,Trey Lance,DAL,24.0,QB,4.0,1.0,11.0,41.0,,3.0,34.0,3.1,7.0,0.6,0.0,,2025-09-03,Trey Lance,DAL,41.0,1.0,0.0,1.0,2.5,6.0,15.0,2024.0,2.3,15.0,8.0,1.0,13.0,27.7,2.0,29.0,72.5,9.0,59.0,5.0,42.0,4.0,17.0,,,264.0,6.4,117.0,4.7,2.9,149.0,6.0,2.0,4.5,,,,,,,,,,,,,,,,,,,,,,,4,0.34,-0.30000000000000004,1,0,0
2024,Davis Mills,D.Mills,00-0036898,HOU,QB,QB,61.0,4,9.58,2.395,9.58,0.0,0,0,0,0,0.0,0.0,0.0,3,11,0,20,36,212,0,0,72.0,0.2975,0.13305555555555557,2.3950000000000005,2.93086449135177,6.220000000000001,0,QB,"https://static.www.nfl.com/image/upload/f_auto,q_auto/league/jh9e97vjzmeafx8jz0sn",REG,2,-18,0,0,223,72,9,-5.212639526289422,-11.724304325050777,0,0.9506726457399103,9,6,3,0,0,0,1,-1.139702026906889,0,0,0,0,0,0,0,0,0,0,,0,0,0,0,0,,0,0,0,0,0,0,0,0.0,0.0,0,0,0,0,0,0,0,0,0,0,0,0,0,0,0,0,0,0,0,0,0,0,0,0,0,0,0,0,0,0,0,0,0,,,0,0,0,0,0,0,0,0,0,0,0,0,,,,0,0,0,0,0,0,0,,0,0,0,0,,0,0,,0,0,0,0,0,0,0,0,0,0,,,,,,,,,,,,,,,,,,,,,,,,,,,,,,,,,,,,,,,,,,,,,,,,,,,,,,,,,,,,,,,,,,,,,,,,,,,,,,,,,,,,,,,,,,,,,,,,,,,,,,,,,,,,,,,,,,,,,,,,,,,,,,,,,,,,,,,,,,,,,,,,,,,,00-0036898,MillDa02,4242546.0,Davis Mills,1998-10-21,76.0,225.0,Stanford,2021.0,3.0,67.0,HOU,2021,6,4.0,0.0,0.0,0.0,0.0,,,,,,,,,,,,,,,,,,,,,,,,,2024.0,Davis Mills,HOU,26.0,QB,4.0,0.0,3.0,11.0,,1.0,9.0,3.0,2.0,0.7,0.0,,2025-09-03,Davis Mills,HOU,36.0,0.0,0.0,1.0,2.8,10.0,27.8,2024.0,2.0,18.0,2.0,2.0,6.0,15.4,1.0,23.0,63.9,1.0,2.0,1.0,2.0,0.0,0.0,,,224.0,6.2,140.0,7.0,3.9,72.0,3.6,1.0,9.0,2024.0,Regular,Season Total,HOU,D. Mills,,64.8,1.4,44.0,3.8,2.4,0.7,0.0,0.6,60.8,-0.6,Davis,Mills,Davis Mills,https://a.espncdn.com/i/headshots/nfl/players/full/4242546.png,Texans,False,4,1.6800000000000002,0.0,0,0,0
2024,Skylar Thompson,S.Thompson,00-0037327,MIA,QB,QB,62.0,2,7.880000000000001,3.9400000000000004,7.880000000000001,0.0,0,0,0,0,0.0,0.0,0.0,1,4,0,21,33,187,0,0,58.0,0.29333333333333333,0.13586206896551725,3.9400000000000004,0.4808326112068523,4.28,0,QB,"https://static.www.nfl.com/image/upload/f_auto,q_auto/league/estx7utxpnqif0lto9cq",REG,6,-44,2,0,230,85,8,-15.511025142013118,2.226149570196867,0,0.8130434782608695,8,5,1,0,0,0,0,-2.461017706198618,0,0,0,0,0,0,0,0,0,0,,0,0,0,0,0,,0,0,0,0,0,0,0,0.0,0.0,0,0,0,0,0,0,0,0,0,0,0,0,0,0,0,0,0,0,0,0,2,0,1,2,0,0,0,0,0,0,0,0,0,,,0,0,0,0,0,0,0,0,0,0,0,0,,,,0,0,0,0,0,0,0,,0,0,0,0,,0,0,,0,0,0,0,0,0,0,0,0,0,,,,,,,,,,,,,,,,,,,,,,,,,,,,,,,,,,,,,,,,,,,,,,,,,,,,,,,,,,,,,,,,,,,,,,,,,,,,,,,,,,,,,,,,,,,,,,,,,,,,,,,,,,,,,,,,,,,,,,,,,,,,,,,,,,,,,,,,,,,,,,,,,,,,00-0037327,ThomSk00,4036419.0,Skylar Thompson,1997-06-04,74.0,210.0,Kansas State,2022.0,7.0,247.0,MIA,2022,5,3.0,0.0,0.0,0.0,0.0,,,,,,,,,,,,,,,,,,,,,,,,,2024.0,Skylar Thompson,MIA,27.0,QB,3.0,1.0,1.0,4.0,,0.0,4.0,4.0,0.0,0.0,0.0,,2025-09-03,Skylar Thompson,MIA,33.0,1.0,0.0,2.0,6.3,6.0,18.8,2024.0,2.3,7.0,2.0,6.0,14.0,35.0,0.0,29.0,90.6,14.0,96.0,13.0,96.0,0.0,0.0,,,230.0,7.0,102.0,4.9,3.1,85.0,4.0,1.0,4.0,,,,,,,,,,,,,,,,,,,,,,,2,3.9400000000000004,3.6,0,0,0
2024,Bailey Zappe,B.Zappe,00-0038108,CLE,QB,QB,63.0,1,7.000000000000001,7.000000000000001,7.000000000000001,0.0,0,0,0,0,0.0,0.0,0.0,2,2,0,16,31,170,1,2,53.0,0.9,0.13207547169811323,7.000000000000001,,7.000000000000001,0,QB,"https://static.www.nfl.com/image/upload/f_auto,q_auto/league/b6ntwwdcbjnzv2gml8tk",REG,1,-5,0,0,220,101,8,-16.848805408400583,-13.554070393244425,0,0.7727272727272727,7,4,3,0,0,0,0,-0.2898511969251558,0,0,0,0,0,0,0,0,0,0,,0,0,0,0,0,,0,0,0,0,0,0,0,0.0,0.0,0,0,0,0,0,0,0,0,0,0,0,0,0,0,0,0,0,0,0,0,0,0,0,0,0,0,0,0,0,0,0,0,0,,,0,0,0,0,0,0,0,0,0,0,0,0,,,,0,0,0,0,0,0,0,,0,0,0,0,,0,0,,0,0,0,0,0,0,0,0,0,0,,,,,,,,,,,,,,,,,,,,,,,,,,,,,,,,,,,,,,,,,,,,,,,,,,,,,,,,,,,,,,,,,,,,,,,,,,,,,,,,,,,,,,,,,,,,,,,,,,,,,,,,,,,,,,,,,,,,,,,,,,,,,,,,,,,,,,,,,,,,,,,,,,,,00-0038108,ZappBa00,4250360.0,Bailey Zappe,1999-04-26,73.0,215.0,Western Kentucky; Houston Christian University,2022.0,4.0,137.0,NE,2022,4,1.0,0.0,0.0,0.0,0.0,,,,,,,,,,,,,,,,,,,,,,,,,2024.0,Bailey Zappe,CLE,25.0,QB,1.0,1.0,2.0,2.0,,0.0,2.0,1.0,0.0,0.0,0.0,,2025-09-03,Bailey Zappe,CLE,31.0,1.0,0.0,5.0,16.7,3.0,10.0,2024.0,2.4,2.0,1.0,1.0,3.0,9.1,0.0,27.0,90.0,5.0,41.0,5.0,41.0,0.0,0.0,,,220.0,7.1,69.0,4.3,2.2,101.0,6.3,1.0,3.0,,,,,,,,,,,,,,,,,,,,,,,1,7.000000000000001,7.000000000000001,0,0,0
2024,Brandon Allen,B.Allen,00-0032434,SF,QB,QB,64.0,3,6.360000000000001,2.1200000000000006,6.360000000000001,0.0,0,0,0,0,0.0,0.0,0.0,3,4,0,17,30,199,1,2,54.0,0.36000000000000004,0.1177777777777778,2.1200000000000006,5.572180901586021,8.46,0,QB,"https://static.www.nfl.com/image/upload/f_auto,q_auto/league/zljq6177ohvxucfq7fl9",REG,2,-2,2,1,241,116,8,-12.354177547361862,-4.96206835464195,0,0.8257261410788381,7,5,5,0,0,0,0,-0.9902776144444942,0,0,0,0,0,0,0,0,0,0,,0,0,0,0,0,,0,1,0,0,0,0,0,0.0,0.0,0,0,0,0,0,0,0,0,0,0,0,0,0,1,0,0,0,0,0,0,2,0,0,2,1,0,0,0,0,0,0,0,0,,,0,0,0,0,0,0,0,0,0,0,0,0,,,,0,0,0,0,0,0,0,,0,0,0,0,,0,0,,0,0,0,0,0,0,0,0,0,0,,,,,,,,,,,,,,,,,,,,,,,,,,,,,,,,,,,,,,,,,,,,,,,,,,,,,,,,,,,,,,,,,,,,,,,,,,,,,,,,,,,,,,,,,,,,,,,,,,,,,,,,,,,,,,,,,,,,,,,,,,,,,,,,,,,,,,,,,,,,,,,,,,,,00-0032434,AlleBr00,2574511.0,Brandon Allen,1992-09-05,74.0,209.0,Arkansas,2016.0,6.0,201.0,JAX,2016,9,3.0,0.0,0.0,0.0,0.0,,,,,,,,,,,,,,,,,,,,,,,,,2024.0,Brandon Allen,SF,32.0,QB,3.0,1.0,3.0,4.0,,0.0,4.0,1.3,0.0,0.0,0.0,,2025-09-03,Brandon Allen,SF,30.0,3.0,0.0,4.0,14.8,5.0,18.5,2024.0,2.4,7.0,3.0,2.0,7.0,21.2,0.0,22.0,81.5,2.0,21.0,2.0,21.0,0.0,0.0,,,241.0,8.0,83.0,4.9,2.8,116.0,6.8,1.0,6.0,,,,,,,,,,,,,,,,,,,,,,,3,-0.1,-2.0,0,0,0
2024,Carson Wentz,C.Wentz,00-0032950,KC,QB,QB,65.0,2,4.72,2.36,4.72,0.0,0,0,0,0,0.0,0.0,0.0,3,0,0,12,19,118,0,0,38.0,0.3233333333333333,0.12421052631578947,2.36,2.206173157302028,3.92,0,QB,"https://static.www.nfl.com/image/upload/f_auto,q_auto/league/vuolixdvigc8axelug66",REG,4,-22,0,0,125,68,5,-6.755748213689312,-1.1948141612504657,0,0.944,6,2,2,0,0,0,0,-3.542609063675627,0,0,0,0,0,0,0,0,0,0,,0,0,0,0,0,,0,0,0,0,0,0,0,0.0,0.0,0,0,0,0,0,0,0,0,0,0,0,0,0,1,0,0,0,0,0,0,0,0,0,0,0,0,0,0,0,0,0,0,0,,,0,0,0,0,0,0,0,0,0,0,0,0,,,,0,0,0,0,0,0,0,,0,0,0,0,,0,0,,0,0,0,0,0,0,0,0,0,0,,,,,,,,,,,,,,,,,,,,,,,,,,,,,,,,,,,,,,,,,,,,,,,,,,,,,,,,,,,,,,,,,,,,,,,,,,,,,,,,,,,,,,,,,,,,,,,,,,,,,,,,,,,,,,,,,,,,,,,,,,,,,,,,,,,,,,,,,,,,,,,,,,,,00-0032950,WentCa00,2573079.0,Carson Wentz,1992-12-30,77.0,237.0,North Dakota State,2016.0,1.0,2.0,PHI,2016,11,3.0,0.0,0.0,0.0,0.0,,,,,,,,,,,,,,,,,,,,,,,,,2024.0,Carson Wentz,KC,32.0,QB,3.0,1.0,3.0,0.0,,0.0,-1.0,-0.3,1.0,0.3,0.0,,2025-09-03,Carson Wentz,KC,19.0,0.0,0.0,1.0,5.3,5.0,26.3,2024.0,2.2,3.0,1.0,5.0,10.0,41.7,0.0,15.0,78.9,5.0,42.0,5.0,42.0,0.0,0.0,,,125.0,6.6,50.0,4.2,2.6,68.0,5.7,1.0,2.0,,,,,,,,,,,,,,,,,,,,,,,2,2.36,0.8,0,0,0
2024,Taylor Heinicke,T.Heinicke,00-0031800,LAC,QB,QB,66.0,4,3.12,0.78,3.12,0.0,0,0,0,0,0.0,0.0,0.0,2,20,0,3,5,28,0,0,22.0,0.0975,0.14181818181818182,0.78,0.44482206180299416,1.2000000000000002,0,QB,"https://static.www.nfl.com/image/upload/f_auto,q_auto/league/fz9e0aufjyyo5raclwji",REG,3,-28,0,0,32,9,1,-5.95559958711965,-11.866637468338013,0,0.875,1,1,0,0,0,0,1,0.4483568174764514,0,1,1,0,0,0,0,0,0,0,,0,0,0,0,0,,0,0,0,0,0,0,0,0.0,0.0,0,0,0,0,0,0,0,0,0,0,0,0,0,0,0,0,0,0,0,0,0,0,0,0,0,0,0,0,0,0,0,0,0,,,0,0,0,0,0,0,0,0,0,0,0,0,,,,0,0,0,0,0,0,0,,0,0,0,0,,0,0,,0,0,0,0,0,0,0,0,0,0,,,,,,,,,,,,,,,,,,,,,,,,,,,,,,,,,,,,,,,,,,,,,,,,,,,,,,,,,,,,,,,,,,,,,,,,,,,,,,,,,,,,,,,,,,,,,,,,,,,,,,,,,,,,,,,,,,,,,,,,,,,,,,,,,,,,,,,,,,,,,,,,,,,,00-0031800,HeinTa00,2565969.0,Taylor Heinicke,1993-03-15,73.0,210.0,Old Dominion,,,,,2015,10,4.0,0.0,0.0,0.0,0.0,,,,,,,,,,,,,,,,,,,,,,,,,2024.0,Taylor Heinicke,LAC,31.0,QB,4.0,0.0,2.0,20.0,,1.0,20.0,10.0,0.0,0.0,0.0,,2025-09-03,Taylor Heinicke,LAC,5.0,0.0,0.0,1.0,20.0,1.0,20.0,2024.0,2.4,1.0,0.0,0.0,3.0,30.0,0.0,4.0,80.0,1.0,0.0,0.0,0.0,0.0,0.0,,,32.0,6.4,19.0,6.3,3.8,9.0,3.0,2.0,10.0,,,,,,,,,,,,,,,,,,,,,,,4,0.88,0.16,0,0,0
2024,Hendon Hooker,H.Hooker,00-0038550,DET,QB,QB,67.0,3,2.68,0.8933333333333334,2.68,0.0,0,0,0,0,0.0,0.0,0.0,5,2,0,6,9,62,0,0,33.0,0.16333333333333333,0.08121212121212122,0.8933333333333334,0.7960736984308258,1.78,0,QB,"https://static.www.nfl.com/image/upload/f_auto,q_auto/league/jq92ol8hm5n7byqhpcps",REG,1,-9,0,0,58,30,3,-2.076887565394496,-8.277238077587551,0,1.0689655172413792,2,2,1,0,0,0,1,-2.9957676058402285,0,0,0,0,0,0,0,0,0,0,,0,0,0,0,0,,0,0,0,0,0,0,0,0.0,0.0,0,0,0,0,0,0,0,0,0,0,0,0,0,0,0,0,0,0,0,0,0,0,0,0,0,0,0,0,0,0,0,0,0,,,0,0,0,0,0,0,0,0,0,0,0,0,,,,0,0,0,0,0,0,0,,0,0,0,0,,0,0,,0,0,0,0,0,0,0,0,0,0,,,,,,,,,,,,,,,,,,,,,,,,,,,,,,,,,,,,,,,,,,,,,,,,,,,,,,,,,,,,,,,,,,,,,,,,,,,,,,,,,,,,,,,,,,,,,,,,,,,,,,,,,,,,,,,,,,,,,,,,,,,,,,,,,,,,,,,,,,,,,,,,,,,,00-0038550,HookHe00,4240858.0,Hendon Hooker,1998-01-13,75.0,221.0,Tennessee; Virginia Tech,2023.0,3.0,68.0,DET,2023,3,3.0,0.0,0.0,0.0,0.0,,,,,,,,,,,,,,,,,,,,,,,,,2024.0,Hendon Hooker,DET,26.0,QB,3.0,0.0,5.0,2.0,,1.0,2.0,0.4,0.0,0.0,0.0,,2025-09-03,Hendon Hooker,DET,9.0,0.0,0.0,1.0,11.1,1.0,11.1,2024.0,2.2,1.0,2.0,0.0,3.0,27.3,0.0,7.0,77.8,0.0,0.0,0.0,0.0,0.0,0.0,,,58.0,6.4,32.0,5.3,3.6,30.0,5.0,1.0,2.0,,,,,,,,,,,,,,,,,,,,,,,3,0.66,0.24,0,0,0
2024,Nick Mullens,N.Mullens,00-0033319,MIN,QB,QB,68.0,4,1.32,0.33,1.32,0.0,0,0,0,0,0.0,0.0,0.0,3,-2,0,2,2,38,0,0,7.0,0.025,0.18857142857142858,0.33,0.529024259053086,0.96,0,QB,"https://static.www.nfl.com/image/upload/f_auto,q_auto/league/haxwyajgngz6quuyqg19",REG,0,0,0,0,24,14,2,4.8687256226548925,42.22909063100815,0,1.5833333333333333,2,1,1,0,0,0,0,0.0,0,0,0,0,0,0,0,0,0,0,,0,0,0,0,0,,0,0,0,0,0,0,0,0.0,0.0,0,0,0,0,0,0,0,0,0,0,0,0,0,0,0,0,0,0,0,0,0,0,0,0,0,0,0,0,0,0,0,0,0,,,0,0,0,0,0,0,0,0,0,0,0,0,,,,0,0,0,0,0,0,0,,0,0,0,0,,0,0,,0,0,0,0,0,0,0,0,0,0,,,,,,,,,,,,,,,,,,,,,,,,,,,,,,,,,,,,,,,,,,,,,,,,,,,,,,,,,,,,,,,,,,,,,,,,,,,,,,,,,,,,,,,,,,,,,,,,,,,,,,,,,,,,,,,,,,,,,,,,,,,,,,,,,,,,,,,,,,,,,,,,,,,,00-0033319,MullNi00,3059989.0,Nick Mullens,1995-03-21,73.0,210.0,Southern Mississippi,,,,,2017,8,4.0,0.0,0.0,0.0,0.0,,,,,,,,,,,,,,,,,,,,,,,,,2024.0,Nick Mullens,MIN,29.0,QB,4.0,0.0,3.0,-2.0,,0.0,-2.0,-0.7,0.0,0.0,0.0,,2025-09-03,Nick Mullens,MIN,2.0,0.0,0.0,0.0,0.0,0.0,0.0,2024.0,2.2,0.0,0.0,1.0,1.0,50.0,0.0,2.0,100.0,0.0,0.0,0.0,0.0,0.0,0.0,,,24.0,12.0,24.0,12.0,12.0,14.0,7.0,0.0,,2024.0,Regular,Season Total,MIN,N. Mullens,,97.5,0.5,2.0,0.7,0.7,0.0,0.0,0.0,97.1,0.0,Nick,Mullens,Nick Mullens,https://a.espncdn.com/i/headshots/nfl/players/full/3059989.png,Vikings,False,4,0.28,-0.2,0,0,0
2024,Mike White,M.White,00-0034401,BUF,QB,QB,69.0,1,1.12,1.12,1.12,0.0,0,0,0,0,0.0,0.0,0.0,0,0,0,3,11,28,0,0,20.0,0.3,0.05600000000000001,1.12,,1.12,0,QB,"https://static.www.nfl.com/image/upload/f_auto,q_auto/league/ctdcazjooi8u5iyf82vr",REG,0,0,0,0,98,32,1,-7.152866298856679,-36.900807510722764,0,0.2857142857142857,2,0,0,0,0,0,0,,0,0,0,0,0,0,0,0,0,0,,0,0,0,0,0,,0,0,0,0,0,0,0,0.0,0.0,0,0,0,0,0,0,0,0,0,0,0,0,0,0,0,0,0,0,0,0,0,0,0,0,0,0,0,0,0,0,0,0,0,,,0,0,0,0,0,0,0,0,0,0,0,0,,,,0,0,0,0,0,0,0,,0,0,0,0,,0,0,,0,0,0,0,0,0,0,0,0,0,,,,,,,,,,,,,,,,,,,,,,,,,,,,,,,,,,,,,,,,,,,,,,,,,,,,,,,,,,,,,,,,,,,,,,,,,,,,,,,,,,,,,,,,,,,,,,,,,,,,,,,,,,,,,,,,,,,,,,,,,,,,,,,,,,,,,,,,,,,,,,,,,,,,00-0034401,WhitMi01,3051381.0,Mike White,1995-03-25,77.0,216.0,Western Kentucky; University of South Florida,2018.0,5.0,171.0,DAL,2018,7,1.0,0.0,0.0,0.0,0.0,,,,,,,,,,,,,,,,,,,,,,,,,,,,,,,,,,,,,,,,,,,Mike White,BUF,11.0,0.0,0.0,1.0,9.1,1.0,9.1,2024.0,2.5,2.0,1.0,1.0,2.0,18.2,1.0,4.0,36.4,0.0,0.0,0.0,0.0,0.0,0.0,,,98.0,8.9,-4.0,-1.3,-0.4,32.0,10.7,0.0,,,,,,,,,,,,,,,,,,,,,,,,1,1.12,1.12,0,0,0
2024,Josh Johnson,J.Johnson,00-0026300,BAL,QB,QB,70.0,4,0.78,0.195,0.78,0.0,0,0,0,0,0.0,0.0,0.0,4,1,0,2,3,17,0,0,36.0,0.09833333333333333,0.021666666666666667,0.195,0.3209880579294709,0.64,0,QB,"https://static.www.nfl.com/image/upload/f_auto,q_auto/league/sijqkai2yy1cbw3rwndh",REG,1,-5,0,0,53,2,1,-1.8097355109639466,27.502036094665527,0,0.32075471698113206,1,1,0,0,0,0,0,-3.56283131003147,0,0,0,0,0,0,0,0,0,0,,0,0,0,0,0,,0,0,0,0,0,0,0,0.0,0.0,0,0,0,0,0,0,0,0,0,0,0,0,0,0,0,0,0,0,0,0,0,0,0,0,0,0,0,0,0,0,0,0,0,,,0,0,0,0,0,0,0,0,0,0,0,0,,,,0,0,0,0,0,0,0,,0,0,0,0,,0,0,,0,0,0,0,0,0,0,0,0,0,,,,,,,,,,,,,,,,,,,,,,,,,,,,,,,,,,,,,,,,,,,,,,,,,,,,,,,,,,,,,,,,,,,,,,,,,,,,,,,,,,,,,,,,,,,,,,,,,,,,,,,,,,,,,,,,,,,,,,,,,,,,,,,,,,,,,,,,,,,,,,,,,,,,00-0026300,JohnJo05,11394.0,Josh Johnson,1986-05-15,75.0,219.0,San Diego,2008.0,5.0,160.0,TB,2008,14,6.0,0.0,0.0,0.0,0.0,,,,,,,,,,,,,,,,,,,,,,,,,2024.0,Josh Johnson,BAL,38.0,QB,6.0,0.0,4.0,1.0,,0.0,-1.0,-0.3,2.0,0.5,0.0,,2025-09-03,Josh Johnson,BAL,3.0,0.0,0.0,0.0,0.0,0.0,0.0,2024.0,2.4,1.0,1.0,1.0,3.0,75.0,0.0,3.0,100.0,1.0,0.0,1.0,0.0,0.0,0.0,,,53.0,17.7,15.0,7.5,5.0,2.0,1.0,0.0,,,,,,,,,,,,,,,,,,,,,,,,4,0.12000000000000001,-0.1,0,0,0
2024,Kyle Allen,K.Allen,00-0034577,PIT,QB,QB,71.0,1,0.76,0.76,0.76,0.0,0,0,0,0,0.0,0.0,0.0,0,0,0,1,1,19,0,0,2.0,0.03,0.38,0.76,,0.76,0,QB,"https://static.www.nfl.com/image/upload/f_auto,q_auto/league/s3vbqdcoc6oc6yh460v9",REG,0,0,0,0,13,6,1,1.4325529362540692,27.48546004295349,0,1.4615384615384615,1,1,0,0,0,0,0,,0,0,0,0,0,0,0,0,0,0,,0,0,0,0,0,,0,0,0,0,0,0,0,0.0,0.0,0,0,0,0,0,0,0,0,0,0,0,0,0,0,0,0,0,0,0,0,0,0,0,0,0,0,0,0,0,0,0,0,0,,,0,0,0,0,0,0,0,0,0,0,0,0,,,,0,0,0,0,0,0,0,,0,0,0,0,,0,0,,0,0,0,0,0,0,0,0,0,0,,,,,,,,,,,,,,,,,,,,,,,,,,,,,,,,,,,,,,,,,,,,,,,,,,,,,,,,,,,,,,,,,,,,,,,,,,,,,,,,,,,,,,,,,,,,,,,,,,,,,,,,,,,,,,,,,,,,,,,,,,,,,,,,,,,,,,,,,,,,,,,,,,,,00-0034577,AlleKy00,3115293.0,Kyle Allen,1996-03-08,75.0,210.0,Houston; Texas A&M,,,,,2018,8,1.0,0.0,0.0,0.0,0.0,,,,,,,,,,,,,,,,,,,,,,,,,,,,,,,,,,,,,,,,,,,Kyle Allen,PIT,1.0,0.0,0.0,0.0,0.0,0.0,0.0,2024.0,2.1,1.0,0.0,0.0,0.0,0.0,0.0,1.0,100.0,0.0,0.0,0.0,0.0,0.0,0.0,,,13.0,13.0,13.0,13.0,13.0,6.0,6.0,0.0,,2024.0,Regular,Season Total,PIT,K. Allen,,99.3,0.4,1.0,0.5,0.5,0.0,0.0,0.0,99.5,0.0,Kyle,Allen,Kyle Allen,https://a.espncdn.com/i/headshots/nfl/players/full/3115293.png,Steelers,False,1,0.76,0.76,0,0,0
2024,Chris Oladokun,C.Oladokun,00-0037324,KC,QB,QB,72.0,1,0.5,0.5,0.5,0.0,0,0,0,0,0.0,0.0,0.0,1,5,0,0,0,0,0,0,5.0,0.15,0.1,0.5,,0.5,0,QB,"https://static.www.nfl.com/image/upload/f_auto,q_auto/league/zlcmvcyi6laaklmjv1j2",REG,1,-5,1,0,0,0,0,-1.3898326593916863,,0,,0,0,0,0,0,0,0,-0.5551090445369482,0,0,0,0,0,0,0,0,0,0,,0,0,0,0,0,,0,0,0,0,0,0,0,0.0,0.0,0,0,0,0,0,0,0,0,0,0,0,0,0,0,0,0,0,0,0,0,1,0,0,1,0,0,0,0,0,0,0,0,0,,,0,0,0,0,0,0,0,0,0,0,0,0,,,,0,0,0,0,0,0,0,,0,0,0,0,,0,0,,0,0,0,0,0,0,0,0,0,0,,,,,,,,,,,,,,,,,,,,,,,,,,,,,,,,,,,,,,,,,,,,,,,,,,,,,,,,,,,,,,,,,,,,,,,,,,,,,,,,,,,,,,,,,,,,,,,,,,,,,,,,,,,,,,,,,,,,,,,,,,,,,,,,,,,,,,,,,,,,,,,,,,,,00-0037324,OladCh00,4044111.0,Chris Oladokun,1997-09-03,73.0,213.0,South Dakota State,2022.0,7.0,241.0,PIT,2022,1,1.0,0.0,0.0,0.0,0.0,,,,,,,,,,,,,,,,,,,,,,,,,2024.0,Chris Oladokun,KC,27.0,QB,1.0,0.0,1.0,5.0,,0.0,5.0,5.0,0.0,0.0,0.0,,2025-09-03,,,,,,,,,,,,,,,,,,,,,,,,,,,,,,,,,,,,,,,,,,,,,,,,,,,,,,,,,,,1,0.5,0.5,0,0,0
2024,Jarrett Stidham,J.Stidham,00-0035264,DEN,QB,QB,72.0,2,0.5,0.25,0.5,0.0,0,0,0,0,0.0,0.0,0.0,4,5,0,0,0,0,0,0,14.0,0.06666666666666667,0.03571428571428571,0.25,0.6363961030678928,0.7000000000000001,0,QB,"https://static.www.nfl.com/image/upload/f_auto,q_auto/league/uzdn86skeienyyqxyiuw",REG,0,0,0,0,0,0,0,,,0,,0,0,0,0,0,0,1,-2.0607852714601904,0,0,0,0,0,0,0,0,0,0,,0,0,0,0,0,,0,0,0,0,0,0,0,0.0,0.0,0,0,0,0,0,0,0,0,0,0,0,0,0,0,0,0,0,0,0,0,0,0,0,0,0,0,0,0,0,0,0,0,0,,,0,0,0,0,0,0,0,0,0,0,0,0,,,,0,0,0,0,0,0,0,,0,0,0,0,,0,0,,0,0,0,0,0,0,0,0,0,0,,,,,,,,,,,,,,,,,,,,,,,,,,,,,,,,,,,,,,,,,,,,,,,,,,,,,,,,,,,,,,,,,,,,,,,,,,,,,,,,,,,,,,,,,,,,,,,,,,,,,,,,,,,,,,,,,,,,,,,,,,,,,,,,,,,,,,,,,,,,,,,,,,,,00-0035264,StidJa00,3892775.0,Jarrett Stidham,1996-08-08,75.0,215.0,Auburn; McLennan CC; Baylor,2019.0,4.0,133.0,NE,2019,7,3.0,0.0,0.0,0.0,0.0,,,,,,,,,,,,,,,,,,,,,,,,,2024.0,Jarrett Stidham,DEN,28.0,QB,3.0,0.0,4.0,5.0,,1.0,2.0,0.5,3.0,0.8,0.0,,2025-09-03,,,,,,,,,,,,,,,,,,,,,,,,,,,,,,,,,,,,,2024.0,Regular,Season Total,DEN,J. Stidham,,100.0,0.7,1.0,0.2,0.0,0.2,0.0,0.0,100.0,0.0,Jarrett,Stidham,Jarrett Stidham,https://a.espncdn.com/i/headshots/nfl/players/full/3892775.png,Broncos,False,2,0.25,-0.2,0,0,0
2024,Jake Browning,J.Browning,00-0035100,CIN,QB,QB,74.0,2,-0.2,-0.1,-0.2,0.0,0,0,0,0,0.0,0.0,0.0,2,-2,0,0,0,0,0,0,5.0,0.02666666666666667,-0.04,-0.1,0.0,-0.1,0,QB,"https://static.www.nfl.com/image/upload/f_auto,q_auto/league/isw3v1hnu2vogyayxlmy",REG,0,0,0,0,0,0,0,,,0,,0,0,0,0,0,0,0,-1.6598487898008898,0,0,0,0,0,0,0,0,0,0,,0,0,0,0,0,,0,0,0,0,0,0,0,0.0,0.0,0,0,0,0,0,0,0,0,0,0,0,0,0,0,0,0,0,0,0,0,0,0,0,0,0,0,0,0,0,0,0,0,0,,,0,0,0,0,0,0,0,0,0,0,0,0,,,,0,0,0,0,0,0,0,,0,0,0,0,,0,0,,0,0,0,0,0,0,0,0,0,0,,,,,,,,,,,,,,,,,,,,,,,,,,,,,,,,,,,,,,,,,,,,,,,,,,,,,,,,,,,,,,,,,,,,,,,,,,,,,,,,,,,,,,,,,,,,,,,,,,,,,,,,,,,,,,,,,,,,,,,,,,,,,,,,,,,,,,,,,,,,,,,,,,,,00-0035100,BrowJa08,3886812.0,Jake Browning,1996-04-11,74.0,210.0,Washington,,,,,2019,3,3.0,0.0,0.0,0.0,0.0,,,,,,,,,,,,,,,,,,,,,,,,,2024.0,Jake Browning,CIN,28.0,QB,3.0,0.0,2.0,-2.0,,0.0,-2.0,-1.0,0.0,0.0,0.0,,2025-09-03,,,,,,,,,,,,,,,,,,,,,,,,,,,,,,,,,,,,,,,,,,,,,,,,,,,,,,,,,,,2,-0.1,-0.1,0,0,0
2024,Kyle Trask,K.Trask,00-0036928,TB,QB,QB,74.0,3,-0.2,-0.06666666666666667,-0.2,0.0,0,0,0,0,0.0,0.0,0.0,5,-4,0,1,1,5,0,0,19.0,0.065,-0.010526315789473684,-0.06666666666666667,0.23094010767585033,0.2,0,QB,"https://static.www.nfl.com/image/upload/f_auto,q_auto/league/xd0hbsqzz2xhh392woow",REG,0,0,0,0,-3,8,0,0.29781093914061785,12.927263975143433,0,0.0,0,0,0,0,0,0,0,-6.623033578041941,0,0,0,0,0,0,0,0,0,0,,0,0,0,0,0,,0,0,0,0,0,0,0,0.0,0.0,0,0,0,0,0,0,0,0,0,0,0,0,0,0,0,0,0,0,0,0,0,0,0,0,0,0,0,0,0,0,0,0,0,,,0,0,0,0,0,0,0,0,0,0,0,0,,,,0,0,0,0,0,0,0,,0,0,0,0,,0,0,,0,0,0,0,0,0,0,0,0,0,,,,,,,,,,,,,,,,,,,,,,,,,,,,,,,,,,,,,,,,,,,,,,,,,,,,,,,,,,,,,,,,,,,,,,,,,,,,,,,,,,,,,,,,,,,,,,,,,,,,,,,,,,,,,,,,,,,,,,,,,,,,,,,,,,,,,,,,,,,,,,,,,,,,00-0036928,TrasKy00,4034946.0,Kyle Trask,1998-03-06,77.0,236.0,Florida,2021.0,2.0,64.0,TB,2021,5,4.0,0.0,0.0,0.0,0.0,,,,,,,,,,,,,,,,,,,,,,,,,2024.0,Kyle Trask,TB,26.0,QB,4.0,0.0,5.0,-4.0,,0.0,-4.0,-0.8,0.0,0.0,0.0,,2025-09-03,Kyle Trask,TB,1.0,0.0,0.0,0.0,0.0,0.0,0.0,2024.0,1.0,0.0,0.0,0.0,0.0,0.0,0.0,1.0,100.0,0.0,0.0,0.0,0.0,0.0,0.0,,,-3.0,-3.0,-3.0,-3.0,-3.0,8.0,8.0,0.0,,2024.0,Regular,Season Total,TB,K. Trask,,88.0,0.2,1.0,0.3,0.3,0.0,0.0,0.0,90.5,0.0,Kyle,Trask,Kyle Trask,https://a.espncdn.com/i/headshots/nfl/players/full/4034946.png,Buccaneers,False,3,-0.2,-0.2,0,0,0
2024,Tyson Bagent,T.Bagent,00-0038416,CHI,QB,QB,76.0,4,-0.26000000000000006,-0.06500000000000002,-0.26000000000000006,0.0,0,0,0,0,0.0,0.0,0.0,6,-7,0,2,2,11,0,0,13.0,0.052500000000000005,-0.020000000000000004,-0.06500000000000002,0.33201405592735583,0.24,0,QB,"https://static.www.nfl.com/image/upload/f_auto,q_auto/league/ymimvligfyrucu0v3p6a",REG,0,0,0,0,1,10,1,0.31886750092962757,17.403337359428406,0,11.0,0,0,0,0,0,0,0,0.0,0,0,0,0,0,0,0,0,0,0,,0,0,0,0,0,,0,0,0,0,0,0,0,0.0,0.0,0,0,0,0,0,0,0,0,0,0,0,0,0,0,0,0,0,0,0,0,0,0,0,0,0,0,0,0,0,0,0,0,0,,,0,0,0,0,0,0,0,0,0,0,0,0,,,,0,0,0,0,0,0,0,,0,0,0,0,,0,0,,0,0,0,0,0,0,0,0,0,0,,,,,,,,,,,,,,,,,,,,,,,,,,,,,,,,,,,,,,,,,,,,,,,,,,,,,,,,,,,,,,,,,,,,,,,,,,,,,,,,,,,,,,,,,,,,,,,,,,,,,,,,,,,,,,,,,,,,,,,,,,,,,,,,,,,,,,,,,,,,,,,,,,,,00-0038416,BageTy00,4434153.0,Tyson Bagent,2000-06-08,75.0,213.0,Shepherd,,,,,2023,4,4.0,0.0,0.0,0.0,0.0,,,,,,,,,,,,,,,,,,,,,,,,,2024.0,Tyson Bagent,CHI,24.0,QB,4.0,0.0,6.0,-7.0,,0.0,-7.0,-1.2,0.0,0.0,0.0,,2025-09-03,Tyson Bagent,CHI,2.0,0.0,0.0,0.0,0.0,0.0,0.0,2024.0,1.6,0.0,0.0,0.0,0.0,0.0,0.0,2.0,100.0,1.0,5.0,1.0,5.0,0.0,0.0,,,1.0,0.5,1.0,0.5,0.5,10.0,5.0,0.0,,,,,,,,,,,,,,,,,,,,,,,,4,-0.05000000000000002,-0.4,0,0,0
2024,Sam Howell,S.Howell,00-0037077,SEA,QB,QB,77.0,1,-0.8400000000000001,-0.8400000000000001,-0.8400000000000001,0.0,0,0,0,0,0.0,0.0,0.0,1,2,0,5,14,24,0,1,25.0,0.215,-0.033600000000000005,-0.8400000000000001,,-0.8400000000000001,0,QB,"https://static.www.nfl.com/image/upload/f_auto,q_auto/league/sx77bippywnl0dx6m8q9",REG,4,-21,0,0,83,7,1,-15.572918311471668,-33.19926879235676,0,0.2891566265060241,1,0,0,0,0,0,0,-0.707496352493763,0,0,0,0,0,0,0,0,0,0,,0,0,0,0,0,,0,1,0,0,0,0,0,0.0,0.0,0,0,0,0,0,0,0,0,0,0,0,0,0,0,0,0,0,0,0,0,0,0,0,0,0,0,0,0,0,0,0,0,0,,,0,0,0,0,0,0,0,0,0,0,0,0,,,,0,0,0,0,0,0,0,,0,0,0,0,,0,0,,0,0,0,0,0,0,0,0,0,0,,,,,,,,,,,,,,,,,,,,,,,,,,,,,,,,,,,,,,,,,,,,,,,,,,,,,,,,,,,,,,,,,,,,,,,,,,,,,,,,,,,,,,,,,,,,,,,,,,,,,,,,,,,,,,,,,,,,,,,,,,,,,,,,,,,,,,,,,,,,,,,,,,,,00-0037077,HoweSa00,4426875.0,Sam Howell,2000-09-16,73.0,225.0,North Carolina,2022.0,5.0,144.0,WAS,2022,5,2.0,0.0,0.0,0.0,0.0,,,,,,,,,,,,,,,,,,,,,,,,,2024.0,Sam Howell,SEA,24.0,QB,2.0,0.0,1.0,2.0,,0.0,0.0,0.0,2.0,2.0,1.0,1.0,2025-09-03,Sam Howell,SEA,14.0,0.0,0.0,1.0,7.1,5.0,35.7,2024.0,2.4,1.0,2.0,1.0,7.0,36.8,1.0,6.0,42.9,5.0,3.0,4.0,3.0,0.0,0.0,,,83.0,5.9,17.0,3.4,1.2,7.0,1.4,1.0,2.0,,,,,,,,,,,,,,,,,,,,,,,1,-0.8400000000000001,-0.8400000000000001,0,0,0
2024,Clayton Tune,C.Tune,00-0038582,ARI,QB,QB,78.0,5,-2.08,-0.41600000000000004,-2.08,0.0,0,0,0,0,0.0,0.0,0.0,7,-4,0,2,2,8,0,0,31.0,0.08166666666666667,-0.06709677419354838,-0.41600000000000004,1.2281205152589871,0.22,0,QB,"https://static.www.nfl.com/image/upload/f_auto,q_auto/league/qf8khbyllgjzfyqd3yuz",REG,0,0,0,0,4,4,0,-1.1280186781659722,18.651771545410156,0,2.0,0,0,0,0,1,1,2,-10.539624241471756,0,0,0,0,0,0,0,0,0,0,,0,0,0,0,0,,0,0,0,0,0,0,0,0.0,0.0,0,0,0,0,0,0,0,0,0,0,0,0,0,0,0,0,0,0,0,0,0,1,0,1,1,0,0,0,0,0,0,0,0,,,0,0,0,0,0,0,0,0,0,0,0,0,,,,0,0,0,0,0,0,0,,0,0,0,0,,0,0,,0,0,0,0,0,0,0,0,0,0,,,,,,,,,,,,,,,,,,,,,,,,,,,,,,,,,,,,,,,,,,,,,,,,,,,,,,,,,,,,,,,,,,,,,,,,,,,,,,,,,,,,,,,,,,,,,,,,,,,,,,,,,,,,,,,,,,,,,,,,,,,,,,,,,,,,,,,,,,,,,,,,,,,,00-0038582,TuneCl00,4360175.0,Clayton Tune,1999-03-23,75.0,220.0,Houston,2023.0,5.0,139.0,ARI,2023,3,6.0,0.0,0.0,0.0,0.0,,,,,,,,,,,,,,,,,,,,,,,,,2024.0,Clayton Tune,ARI,25.0,QB,6.0,0.0,7.0,-4.0,,2.0,-5.0,-0.7,1.0,0.1,0.0,,2025-09-03,Clayton Tune,ARI,2.0,0.0,0.0,0.0,0.0,0.0,0.0,2024.0,1.5,2.0,0.0,0.0,0.0,0.0,0.0,2.0,100.0,2.0,-5.0,1.0,1.0,1.0,-6.0,,,4.0,2.0,4.0,2.0,2.0,4.0,2.0,0.0,,,,,,,,,,,,,,,,,,,,,,,,5,0.2,-2.6,0,0,0
2024,Jahmyr Gibbs,J.Gibbs,00-0039139,DET,RB,RB,1.0,17,362.9,21.34705882352941,310.9,52.0,52,63,517,4,0.1206896551724138,-0.0031545741324921135,0.1788262808658762,250,1412,16,0,0,0,0,0,639.0,0.5529411764705883,0.5679186228482003,21.34705882352941,8.715870413149998,46.0,7,RB,"https://static.www.nfl.com/image/upload/f_auto,q_auto/league/cursejnmmp1i9hnxihkj",REG,0,0,0,0,0,0,0,,,0,,0,0,0,0,0,0,70,35.06442361974041,0,41,34,13,3,1,1,-11,593,24,14.967730785883788,0,22,9,6,1,-47.0,0,1,0,0,0,0,0,0.0,0.0,0,0,0,0,0,0,0,0,0,0,0,0,0,0,0,0,0,0,3,30,1,0,0,1,1,0,0,0,0,0,0,0,0,,,0,0,0,0,0,0,0,0,0,0,0,0,,,,0,0,0,0,0,0,0,,0,0,0,0,,0,0,,0,0,0,0,0,0,0,0,0,0,J.Gibbs,Jahmyr Gibbs,RB,RB,"https://static.www.nfl.com/image/upload/f_auto,q_auto/league/cursejnmmp1i9hnxihkj",2024.0,POST,DET,1.0,0.0,0.0,0.0,0.0,0.0,0.0,0.0,0.0,0.0,0.0,0.0,0.0,,,0.0,,0.0,0.0,0.0,0.0,14.0,105.0,2.0,0.0,0.0,6.0,5.346452907823001,0.0,5.0,4.0,1.0,0.0,6.0,11.0,70.0,0.0,0.0,0.0,52.0,51.0,5.0,-1.8996372856199741,0.0,4.0,1.0,1.0,0.0,1.3461538461538463,0.28205128205128205,0.14814814814814814,0.5267806267806268,0.0,1.0,0.0,1.0,0.0,0.0,0.0,0.0,0.0,0.0,0.0,0.0,0.0,0.0,0.0,0.0,0.0,0.0,0.0,0.0,0.0,0.0,0.0,0.0,0.0,0.0,0.0,1.0,5.0,0.0,0.0,0.0,0.0,0.0,0.0,0.0,0.0,0.0,0.0,0.0,0.0,0.0,,,0.0,0.0,0.0,0.0,0.0,0.0,0.0,0.0,0.0,0.0,0.0,0.0,,,,0.0,0.0,0.0,0.0,0.0,0.0,0.0,,0.0,0.0,0.0,0.0,,0.0,0.0,,0.0,0.0,0.0,0.0,0.0,0.0,0.0,0.0,0.0,0.0,29.5,35.5,00-0039139,GibbJa01,4429795.0,Jahmyr Gibbs,2002-03-20,69.0,202.0,Alabama; Georgia Tech,2023.0,1.0,12.0,DET,2023,4,17.0,0.0,0.0,0.0,0.0,2024.0,Jahmyr Gibbs,DET,22.0,RB,17.0,4.0,63.0,52.0,517.0,,25.0,-76.0,-1.5,593.0,11.4,-0.2,4.0,13.0,2.0,0.032,1.0,115.4,2025-09-03,2024.0,Jahmyr Gibbs,DET,22.0,RB,17.0,4.0,250.0,1412.0,,70.0,813.0,3.3,599.0,2.4,21.0,11.9,2025-09-03,,,,,,,,,,,,,,,,,,,,,,,,,,,,,,,,,,,,,,,,,,,,,,,,,,,,,,,,,,,17,19.3,10.4,17,13,5
2024,Saquon Barkley,S.Barkley,00-0034844,PHI,RB,RB,2.0,16,355.3,22.20625,322.3,33.0,33,43,278,2,0.10287081339712918,0.028136663795578526,0.17400188475259876,345,2005,13,0,0,0,0,0,801.0,0.734375,0.4435705368289638,22.20625,11.421761028843145,46.2,7,RB,"https://static.www.nfl.com/image/upload/f_auto,q_auto/league/qcayrzjpura2zydszonh",REG,1,-2,0,0,0,0,0,-1.659953220529728,,0,,0,0,0,0,2,1,82,37.258637185807686,3,46,30,17,7,0,0,98,245,12,12.20253446957541,0,10,5,4,1,2.836734693877551,0,1,0,0,0,0,0,0.0,0.0,0,0,0,0,0,0,0,0,0,0,0,0,0,2,0,0,0,0,1,4,1,1,0,2,1,0,0,0,0,0,0,0,0,,,0,0,0,0,0,0,0,0,0,0,0,0,,,,0,0,0,0,0,0,0,,0,0,0,0,,0,0,,0,0,0,0,0,0,0,0,0,0,S.Barkley,Saquon Barkley,RB,RB,"https://static.www.nfl.com/image/upload/f_auto,q_auto/league/qcayrzjpura2zydszonh",2024.0,POST,PHI,4.0,0.0,0.0,0.0,0.0,0.0,0.0,0.0,0.0,0.0,0.0,0.0,0.0,,,0.0,,0.0,0.0,0.0,0.0,91.0,499.0,5.0,0.0,0.0,17.0,-3.2895109353123075,0.0,9.0,7.0,4.0,3.0,13.0,15.0,75.0,0.0,0.0,0.0,-14.0,92.0,3.0,4.352604650252033,0.0,3.0,2.0,1.0,0.0,-5.357142857142857,0.17647058823529413,-0.02247191011235955,0.2489755452742895,0.0,0.0,0.0,0.0,0.0,0.0,0.0,0.0,0.0,0.0,0.0,0.0,0.0,0.0,0.0,0.0,0.0,0.0,0.0,0.0,0.0,0.0,0.0,0.0,0.0,0.0,0.0,0.0,0.0,0.0,0.0,0.0,0.0,0.0,0.0,0.0,0.0,0.0,0.0,0.0,0.0,0.0,,,0.0,0.0,0.0,0.0,0.0,0.0,0.0,0.0,0.0,0.0,0.0,0.0,,,,0.0,0.0,0.0,0.0,0.0,0.0,0.0,,0.0,0.0,0.0,0.0,,0.0,0.0,,0.0,0.0,0.0,0.0,0.0,0.0,0.0,0.0,0.0,0.0,87.4,100.4,00-0034844,BarkSa00,3929630.0,Saquon Barkley,1997-02-09,72.0,232.0,Penn State,2018.0,1.0,2.0,NYG,2018,9,16.0,0.0,0.0,0.0,0.0,2024.0,Saquon Barkley,PHI,27.0,RB,16.0,16.0,43.0,33.0,278.0,,12.0,33.0,1.0,245.0,7.4,1.9,6.0,5.5,2.0,0.047,0.0,108.5,2025-09-03,2024.0,Saquon Barkley,PHI,27.0,RB,16.0,16.0,345.0,2005.0,,82.0,1328.0,3.8,677.0,2.0,19.0,18.2,2025-09-03,,,,,,,,,,,,,,,,,,,,,,,,,,,,,,,,,,,,,,,,,,,,,,,,,,,,,,,,,,,16,19.300000000000004,7.4,13,10,7
2024,Bijan Robinson,B.Robinson,00-0038542,ATL,RB,RB,3.0,17,341.70000000000005,20.1,280.70000000000005,61.0,61,72,431,1,0.13358070500927643,-0.004702194357366771,0.1970795214637579,304,1456,14,0,0,0,0,0,861.0,0.7535294117647059,0.3968641114982579,20.099999999999998,6.636546541688682,31.3,10,RB,"https://static.www.nfl.com/image/upload/f_auto,q_auto/league/esii5yb8yn9edboi4mlq",REG,0,0,0,0,0,0,0,,,0,,0,0,0,0,1,0,82,17.936539606789648,1,34,28,5,0,0,0,-21,531,20,7.648418742303209,0,17,5,3,0,-20.523809523809526,0,2,0,0,0,0,0,0.0,0.0,0,0,0,0,0,0,0,0,0,0,0,0,0,4,-21,0,0,0,1,10,0,1,0,1,0,0,0,0,0,0,0,0,0,,,0,0,0,0,0,0,0,0,0,0,0,0,,,,0,0,0,0,0,0,0,,0,0,0,0,,0,0,,0,0,0,0,0,0,0,0,0,0,,,,,,,,,,,,,,,,,,,,,,,,,,,,,,,,,,,,,,,,,,,,,,,,,,,,,,,,,,,,,,,,,,,,,,,,,,,,,,,,,,,,,,,,,,,,,,,,,,,,,,,,,,,,,,,,,,,,,,,,,,,,,,,,,,,,,,,,,,,,,,,,,,,,00-0038542,RobiBi01,4430807.0,Bijan Robinson,2002-01-30,71.0,215.0,Texas,2023.0,1.0,8.0,ATL,2023,4,17.0,0.0,0.0,0.0,0.0,2024.0,Bijan Robinson,ATL,22.0,RB,17.0,17.0,72.0,61.0,431.0,,20.0,-100.0,-1.6,531.0,8.7,-0.5,5.0,12.2,3.0,0.042,0.0,96.2,2025-09-03,2024.0,Bijan Robinson,ATL,22.0,RB,17.0,17.0,304.0,1456.0,,82.0,728.0,2.4,728.0,2.4,23.0,13.2,2025-09-03,,,,,,,,,,,,,,,,,,,,,,,,,,,,,,,,,,,,,,,,,,,,,,,,,,,,,,,,,,,17,21.5,10.3,17,12,4
2024,Derrick Henry,D.Henry,00-0032764,BAL,RB,RB,4.0,17,336.4,19.788235294117644,317.4,19.0,19,22,193,2,0.04814004376367615,-0.006006727534839019,0.06800535637112691,325,1921,16,0,0,0,0,0,635.0,0.5741176470588235,0.529763779527559,19.788235294117648,8.251430357288152,35.900000000000006,8,RB,"https://static.www.nfl.com/image/upload/f_auto,q_auto/league/tm79x0iknqg6hms3ypyt",REG,0,0,0,0,0,0,0,,,0,,0,0,0,0,3,1,94,40.596154030029325,0,45,37,19,5,0,0,-25,216,11,9.010280206304742,0,11,4,2,0,-7.72,0,0,0,0,0,0,0,0.0,0.0,0,0,0,0,0,0,0,0,0,0,0,0,0,0,0,0,0,0,2,9,3,0,0,3,1,0,0,0,0,0,0,0,0,,,0,0,0,0,0,0,0,0,0,0,0,0,,,,0,0,0,0,0,0,0,,0,0,0,0,,0,0,,0,0,0,0,0,0,0,0,0,0,D.Henry,Derrick Henry,RB,RB,"https://static.www.nfl.com/image/upload/f_auto,q_auto/league/tm79x0iknqg6hms3ypyt",2024.0,POST,BAL,2.0,0.0,0.0,0.0,0.0,0.0,0.0,0.0,0.0,0.0,0.0,0.0,0.0,,,0.0,,0.0,0.0,0.0,0.0,42.0,270.0,3.0,0.0,0.0,12.0,6.895187866059132,0.0,8.0,7.0,2.0,1.0,0.0,2.0,0.0,0.0,0.0,0.0,16.0,0.0,0.0,-1.2908255075611739,0.0,0.0,0.0,0.0,0.0,0.0,0.045454545454545456,0.042328042328042326,0.09781144781144781,0.0,0.0,0.0,0.0,0.0,0.0,0.0,0.0,0.0,0.0,0.0,0.0,0.0,0.0,0.0,0.0,0.0,0.0,0.0,0.0,0.0,0.0,0.0,0.0,0.0,0.0,0.0,0.0,0.0,0.0,0.0,0.0,0.0,0.0,0.0,0.0,0.0,0.0,0.0,0.0,0.0,0.0,,,0.0,0.0,0.0,0.0,0.0,0.0,0.0,0.0,0.0,0.0,0.0,0.0,,,,0.0,0.0,0.0,0.0,0.0,0.0,0.0,,0.0,0.0,0.0,0.0,,0.0,0.0,,0.0,0.0,0.0,0.0,0.0,0.0,0.0,0.0,0.0,0.0,45.0,45.0,00-0032764,HenrDe00,3043078.0,Derrick Henry,1994-01-04,75.0,252.0,Alabama,2016.0,2.0,45.0,TEN,2016,11,17.0,0.0,0.0,0.0,0.0,2024.0,Derrick Henry,BAL,30.0,RB,17.0,17.0,22.0,19.0,193.0,,11.0,-23.0,-1.2,216.0,11.4,-1.1,8.0,2.4,1.0,0.045,0.0,133.5,2025-09-03,2024.0,Derrick Henry,BAL,30.0,RB,17.0,17.0,325.0,1921.0,,94.0,1012.0,3.1,909.0,2.8,42.0,7.7,2025-09-03,,,,,,,,,,,,,,,,,,,,,,,,,,,,,,,,,,,,,,,,,,,,,,,,,,,,,,,,,,,17,16.6,6.7,16,10,6
2024,De'Von Achane,D.Achane,00-0039040,MIA,RB,RB,5.0,17,299.9,17.641176470588235,221.9,77.99999999999997,78,87,592,6,0.15316901408450703,-0.009431420102398275,0.22315152705508176,203,907,6,0,0,0,0,0,704.0,0.6241176470588234,0.42599431818181815,17.641176470588235,9.233164329167534,32.1,8,RB,"https://static.www.nfl.com/image/upload/f_auto,q_auto/league/xk1xwio0bryfxo1ylweu",REG,0,0,0,0,0,0,0,,,0,,0,0,0,0,0,0,37,-11.281631010235287,0,21,19,5,3,1,0,-35,665,30,23.8639774751283,0,26,9,3,0,-16.914285714285715,0,1,0,0,0,0,0,0.0,0.0,0,0,0,0,0,0,0,0,0,0,0,0,0,0,0,0,0,0,0,0,1,0,0,1,0,0,0,1,32,0,0,0,0,,,0,0,0,0,0,0,0,0,0,0,0,0,,,,0,0,0,0,0,0,0,,0,0,0,0,,0,0,,0,0,0,0,0,0,0,0,0,0,,,,,,,,,,,,,,,,,,,,,,,,,,,,,,,,,,,,,,,,,,,,,,,,,,,,,,,,,,,,,,,,,,,,,,,,,,,,,,,,,,,,,,,,,,,,,,,,,,,,,,,,,,,,,,,,,,,,,,,,,,,,,,,,,,,,,,,,,,,,,,,,,,,,00-0039040,AchaDe00,4429160.0,De'Von Achane,2001-10-13,69.0,195.0,Texas A&M,2023.0,3.0,84.0,MIA,2023,4,17.0,0.0,6.0,0.0,0.013529411764705882,2024.0,DeVon Achane,MIA,23.0,RB,17.0,16.0,87.0,78.0,592.0,,30.0,-73.0,-0.9,665.0,8.5,-0.4,5.0,15.6,2.0,0.023,0.0,118.0,2025-09-03,2024.0,DeVon Achane,MIA,23.0,RB,17.0,16.0,203.0,907.0,,37.0,486.0,2.4,421.0,2.1,7.0,29.0,2025-09-03,,,,,,,,,,,,,,,,,,,,,,,,,,,,,,,,,,,,,,,,,,,,,,,,,,,,,,,,,,,17,18.9,2.7,13,10,4
2024,Josh Jacobs,J.Jacobs,00-0035700,GB,RB,RB,6.0,17,293.1,17.241176470588236,257.1,36.0,36,43,342,1,0.09267241379310345,-0.00979221399570098,0.1321540708926645,301,1329,15,0,0,0,0,0,678.0,0.6341176470588235,0.43230088495575225,17.241176470588236,6.470805477636596,28.6,8,RB,"https://static.www.nfl.com/image/upload/f_auto,q_auto/league/uceokxeo0uqrqms3e3vl",REG,0,0,0,0,0,0,0,,,0,,0,0,0,0,4,3,73,-20.20933563809575,0,33,23,7,0,0,0,-41,403,15,3.2628447238655087,0,12,5,5,1,-8.341463414634147,0,1,0,0,0,0,0,0.0,0.0,0,0,0,0,0,0,0,0,0,0,0,0,0,0,0,0,0,0,1,5,4,0,0,4,3,0,0,0,0,0,0,0,0,,,0,0,0,0,0,0,0,0,0,0,0,0,,,,0,0,0,0,0,0,0,,0,0,0,0,,0,0,,0,0,0,0,0,0,0,0,0,0,J.Jacobs,Josh Jacobs,RB,RB,"https://static.www.nfl.com/image/upload/f_auto,q_auto/league/uceokxeo0uqrqms3e3vl",2024.0,POST,GB,1.0,0.0,0.0,0.0,0.0,0.0,0.0,0.0,0.0,0.0,0.0,0.0,0.0,,,0.0,,0.0,0.0,0.0,0.0,18.0,81.0,1.0,1.0,0.0,2.0,-0.027347113529685885,0.0,1.0,1.0,1.0,0.0,3.0,3.0,40.0,0.0,0.0,0.0,6.0,34.0,3.0,3.3625185827258974,0.0,3.0,0.0,0.0,0.0,6.666666666666667,0.09090909090909091,0.021660649819494584,0.15152609123728256,0.0,0.0,0.0,0.0,0.0,0.0,0.0,0.0,0.0,0.0,0.0,0.0,0.0,0.0,0.0,0.0,0.0,0.0,0.0,0.0,0.0,0.0,0.0,0.0,0.0,0.0,0.0,0.0,0.0,1.0,0.0,0.0,1.0,0.0,0.0,0.0,0.0,0.0,0.0,0.0,0.0,0.0,,,0.0,0.0,0.0,0.0,0.0,0.0,0.0,0.0,0.0,0.0,0.0,0.0,,,,0.0,0.0,0.0,0.0,0.0,0.0,0.0,,0.0,0.0,0.0,0.0,,0.0,0.0,,0.0,0.0,0.0,0.0,0.0,0.0,0.0,0.0,0.0,0.0,18.1,21.1,00-0035700,JacoJo01,4047365.0,Josh Jacobs,1998-02-11,70.0,223.0,Alabama,2019.0,1.0,24.0,LV,2019,8,17.0,0.0,2.0,0.0,0.005294117647058823,2024.0,Josh Jacobs,GB,26.0,RB,17.0,17.0,43.0,36.0,342.0,,15.0,-61.0,-1.7,403.0,11.2,-1.0,13.0,2.8,0.0,0.0,1.0,97.9,2025-09-03,2024.0,Josh Jacobs,GB,26.0,RB,17.0,17.0,301.0,1329.0,,73.0,592.0,2.0,737.0,2.4,35.0,8.6,2025-09-03,,,,,,,,,,,,,,,,,,,,,,,,,,,,,,,,,,,,,,,,,,,,,,,,,,,,,,,,,,,17,16.4,5.800000000000001,16,9,2
2024,Kyren Williams,K.Williams,00-0037840,LA,RB,RB,7.0,16,272.1,17.00625,238.1,34.00000000000003,34,40,182,2,0.07393715341959335,-0.007759456838021339,0.1054741103427751,316,1299,14,0,0,0,0,0,888.0,0.86375,0.3064189189189189,17.00625,5.917484685235781,31.6,4,RB,"https://static.www.nfl.com/image/upload/f_auto,q_auto/league/xti3pek6rmojqchakxpy",REG,0,0,0,0,0,0,0,,,0,,0,0,0,0,5,3,85,-23.53254274456575,0,27,18,2,0,0,0,-32,195,6,-2.922344909516283,0,6,1,1,0,-5.6875,0,1,0,0,0,0,0,0.0,0.0,0,0,0,0,0,0,0,0,0,0,0,0,0,0,0,0,0,0,1,15,5,0,0,5,3,2,12,0,0,0,0,0,0,,,0,0,0,0,0,0,0,0,0,0,0,0,,,,0,0,0,0,0,0,0,,0,0,0,0,,0,0,,0,0,0,0,0,0,0,0,0,0,K.Williams,Kyren Williams,RB,RB,"https://static.www.nfl.com/image/upload/f_auto,q_auto/league/xti3pek6rmojqchakxpy",2024.0,POST,LA,2.0,0.0,0.0,0.0,0.0,0.0,0.0,0.0,0.0,0.0,0.0,0.0,0.0,,,0.0,,0.0,0.0,0.0,0.0,35.0,182.0,0.0,1.0,1.0,7.0,-8.147001714744727,0.0,4.0,4.0,2.0,0.0,4.0,5.0,15.0,1.0,0.0,0.0,-8.0,21.0,1.0,-0.7811681546736509,0.0,0.0,0.0,0.0,0.0,-1.875,0.07142857142857142,-0.012461059190031152,0.09842011570983533,0.0,0.0,0.0,0.0,0.0,0.0,0.0,0.0,0.0,0.0,0.0,0.0,0.0,0.0,0.0,0.0,0.0,0.0,0.0,0.0,0.0,0.0,1.0,0.0,0.0,0.0,0.0,0.0,0.0,1.0,0.0,0.0,1.0,1.0,0.0,0.0,0.0,0.0,0.0,0.0,0.0,0.0,,,0.0,0.0,0.0,0.0,0.0,0.0,0.0,0.0,0.0,0.0,0.0,0.0,,,,0.0,0.0,0.0,0.0,0.0,0.0,0.0,,0.0,0.0,0.0,0.0,,0.0,0.0,,0.0,0.0,0.0,0.0,0.0,0.0,0.0,0.0,0.0,0.0,23.700000000000003,27.700000000000003,00-0037840,WillKy02,4430737.0,Kyren Williams,2000-08-26,69.0,207.0,Notre Dame,2022.0,5.0,164.0,LA,2022,5,16.0,0.0,7.0,0.0,0.01625,2024.0,Kyren Williams,LA,24.0,RB,16.0,16.0,40.0,34.0,182.0,,6.0,-13.0,-0.4,195.0,5.7,-0.7,2.0,17.0,1.0,0.025,0.0,102.3,2025-09-03,2024.0,Kyren Williams,LA,24.0,RB,16.0,16.0,316.0,1299.0,,85.0,693.0,2.2,606.0,1.9,27.0,11.7,2025-09-03,,,,,,,,,,,,,,,,,,,,,,,,,,,,,,,,,,,,,,,,,,,,,,,,,,,,,,,,,,,16,15.85,8.6,15,10,1
2024,James Cook,J.Cook,00-0037248,BUF,RB,RB,8.0,16,266.7,16.66875,234.7,32.0,32,38,258,2,0.07676767676767676,0.008681370248709526,0.12122847432561182,207,1009,16,0,0,0,0,0,485.0,0.476875,0.5498969072164949,16.66875,7.943107599254421,28.5,4,RB,"https://static.www.nfl.com/image/upload/f_auto,q_auto/league/anjbznqb9i21wzcgrtbs",REG,0,0,0,0,0,0,0,,,0,,0,0,0,0,1,0,48,10.634690047765616,0,21,16,6,4,0,0,37,260,14,12.76044623713824,0,10,7,3,0,6.972972972972973,0,0,0,0,0,0,0,0.0,0.0,0,0,0,0,0,0,0,0,0,0,0,0,0,0,0,0,0,0,0,0,1,0,0,1,0,0,0,0,0,0,0,0,0,,,0,0,0,0,0,0,0,0,0,0,0,0,,,,0,0,0,0,0,0,0,,0,0,0,0,,0,0,,0,0,0,0,0,0,0,0,0,0,J.Cook,James Cook,RB,RB,"https://static.www.nfl.com/image/upload/f_auto,q_auto/league/anjbznqb9i21wzcgrtbs",2024.0,POST,BUF,3.0,0.0,0.0,0.0,0.0,0.0,0.0,0.0,0.0,0.0,0.0,0.0,0.0,,,0.0,,0.0,0.0,0.0,0.0,53.0,272.0,3.0,0.0,0.0,15.0,8.897244600375416,0.0,5.0,4.0,1.0,0.0,6.0,6.0,64.0,0.0,0.0,0.0,-12.0,76.0,2.0,3.0205668883863837,0.0,2.0,2.0,1.0,0.0,-5.333333333333333,0.07792207792207792,-0.017804154302670624,0.10442020887124745,0.0,0.0,0.0,0.0,0.0,0.0,0.0,0.0,0.0,0.0,0.0,0.0,0.0,0.0,0.0,0.0,0.0,0.0,0.0,0.0,0.0,0.0,0.0,0.0,0.0,0.0,0.0,1.0,5.0,0.0,0.0,0.0,0.0,0.0,0.0,0.0,0.0,0.0,0.0,0.0,0.0,0.0,,,0.0,0.0,0.0,0.0,0.0,0.0,0.0,0.0,0.0,0.0,0.0,0.0,,,,0.0,0.0,0.0,0.0,0.0,0.0,0.0,,0.0,0.0,0.0,0.0,,0.0,0.0,,0.0,0.0,0.0,0.0,0.0,0.0,0.0,0.0,0.0,0.0,51.6,57.6,00-0037248,CookJa01,4379399.0,James Cook,1999-09-25,71.0,190.0,Georgia,2022.0,2.0,63.0,BUF,2022,5,16.0,0.0,0.0,0.0,0.0,2024.0,James Cook,BUF,25.0,RB,16.0,16.0,38.0,32.0,258.0,,14.0,-2.0,-0.1,260.0,8.1,0.9,0.0,,2.0,0.053,0.0,112.5,2025-09-03,2024.0,James Cook,BUF,25.0,RB,16.0,16.0,207.0,1009.0,,48.0,530.0,2.6,479.0,2.3,14.0,14.8,2025-09-03,,,,,,,,,,,,,,,,,,,,,,,,,,,,,,,,,,,,,,,,,,,,,,,,,,,,,,,,,,,16,16.7,4.9,12,9,4
2024,Alvin Kamara,A.Kamara,00-0033906,NO,RB,RB,9.0,14,265.3,18.95,197.3,68.0,68,89,543,2,0.172147001934236,0.01783295711060948,0.27070357287878066,228,950,6,0,0,0,0,0,641.0,0.7085714285714285,0.4138845553822153,18.95,8.797180492372803,44.0,4,RB,"https://static.www.nfl.com/image/upload/f_auto,q_auto/league/yxebpuskandivlh2iil4",REG,0,0,0,0,0,0,0,,,0,,0,0,0,0,0,0,52,-18.174864595851048,0,25,18,3,0,1,0,79,542,18,-6.146962946878426,0,18,9,7,1,6.8734177215189876,0,1,0,0,0,0,0,0.0,0.0,0,0,0,0,0,0,0,0,0,0,0,0,0,0,0,0,0,0,0,0,1,0,1,1,0,0,0,0,0,0,0,0,0,,,0,0,0,0,0,0,0,0,0,0,0,0,,,,0,0,0,0,0,0,0,,0,0,0,0,,0,0,,0,0,0,0,0,0,0,0,0,0,,,,,,,,,,,,,,,,,,,,,,,,,,,,,,,,,,,,,,,,,,,,,,,,,,,,,,,,,,,,,,,,,,,,,,,,,,,,,,,,,,,,,,,,,,,,,,,,,,,,,,,,,,,,,,,,,,,,,,,,,,,,,,,,,,,,,,,,,,,,,,,,,,,,00-0033906,KamaAl00,3054850.0,Alvin Kamara,1995-07-25,70.0,215.0,Tennessee; Hutchinson CC; Alabama,2017.0,3.0,67.0,NO,2017,10,14.0,0.0,0.0,0.0,0.0,2024.0,Alvin Kamara,NO,29.0,RB,14.0,14.0,89.0,68.0,543.0,,18.0,1.0,0.0,542.0,8.0,0.9,2.0,34.0,8.0,0.09,1.0,94.0,2025-09-03,2024.0,Alvin Kamara,NO,29.0,RB,14.0,14.0,228.0,950.0,,52.0,548.0,2.4,402.0,1.8,13.0,17.5,2025-09-03,,,,,,,,,,,,,,,,,,,,,,,,,,,,,,,,,,,,,,,,,,,,,,,,,,,,,,,,,,,14,16.45,8.4,13,10,2
2024,Chase Brown,C.Brown,00-0038597,CIN,RB,RB,10.0,16,255.0,15.9375,201.0,54.0,54,65,360,4,0.1035031847133758,0.011486779367143476,0.16329552262706412,229,990,7,0,0,0,0,0,686.0,0.6275000000000001,0.3717201166180758,15.9375,7.509094486021602,26.700000000000003,5,RB,"https://static.www.nfl.com/image/upload/f_auto,q_auto/league/tch3y6jlj7khvyi9jg0c",REG,0,0,0,0,0,0,0,,,0,,0,0,0,0,2,1,49,-4.80563272827405,1,23,17,8,1,0,0,53,326,23,9.818895294484077,0,12,4,2,0,6.7924528301886795,0,0,0,0,0,0,0,0.0,0.0,0,0,0,0,0,0,0,0,0,0,0,0,0,0,0,0,0,0,1,10,2,0,1,2,1,0,0,7,186,0,0,0,0,,,0,0,0,0,0,0,0,0,0,0,0,0,,,,0,0,0,0,0,0,0,,0,0,0,0,,0,0,,0,0,0,0,0,0,0,0,0,0,,,,,,,,,,,,,,,,,,,,,,,,,,,,,,,,,,,,,,,,,,,,,,,,,,,,,,,,,,,,,,,,,,,,,,,,,,,,,,,,,,,,,,,,,,,,,,,,,,,,,,,,,,,,,,,,,,,,,,,,,,,,,,,,,,,,,,,,,,,,,,,,,,,,00-0038597,BrowCh10,4362238.0,Chase Brown,2000-03-21,70.0,211.0,Illinois; Western Michigan,2023.0,5.0,163.0,CIN,2023,4,16.0,0.0,82.0,0.0,0.18625,2024.0,Chase Brown,CIN,24.0,RB,16.0,10.0,65.0,54.0,360.0,,23.0,34.0,0.6,326.0,6.0,0.8,2.0,27.0,2.0,0.031,0.0,110.3,2025-09-03,2024.0,Chase Brown,CIN,24.0,RB,16.0,10.0,229.0,990.0,,49.0,599.0,2.6,391.0,1.7,23.0,10.0,2025-09-03,,,,,,,,,,,,,,,,,,,,,,,,,,,,,,,,,,,,,,,,,,,,,,,,,,,,,,,,,,,16,15.399999999999999,3.1,12,8,2
2024,James Conner,J.Conner,00-0033553,ARI,RB,RB,11.0,16,253.8,15.8625,206.8,47.0,47,55,414,1,0.10516252390057361,-0.027860427373546118,0.13824148668937813,236,1094,8,0,0,0,0,0,619.0,0.60625,0.41001615508885303,15.8625,7.852377559270399,30.8,4,RB,"https://static.www.nfl.com/image/upload/f_auto,q_auto/league/ka8wlhtteg8hsowsdofk",REG,0,0,0,0,0,0,0,,,0,,0,0,0,0,2,0,67,1.2305715860602153,2,34,26,6,2,2,1,-103,483,17,5.554130418913667,0,15,5,4,1,-4.019417475728155,0,2,0,1,0,0,1,0.0,0.0,0,0,0,0,0,0,0,0,0,0,0,0,0,1,0,0,0,0,0,0,4,0,0,4,1,0,0,0,0,0,0,0,0,,,0,0,0,0,0,0,0,0,0,0,0,0,,,,0,0,0,0,0,0,0,,0,0,0,0,,0,0,,0,0,0,0,0,0,0,0,0,0,,,,,,,,,,,,,,,,,,,,,,,,,,,,,,,,,,,,,,,,,,,,,,,,,,,,,,,,,,,,,,,,,,,,,,,,,,,,,,,,,,,,,,,,,,,,,,,,,,,,,,,,,,,,,,,,,,,,,,,,,,,,,,,,,,,,,,,,,,,,,,,,,,,,00-0033553,ConnJa00,3045147.0,James Conner,1995-05-05,73.0,233.0,Pittsburgh,2017.0,3.0,105.0,PIT,2017,10,16.0,0.0,0.0,0.0,0.0,2024.0,James Conner,ARI,29.0,RB,16.0,16.0,55.0,47.0,414.0,,17.0,-69.0,-1.5,483.0,10.3,-1.6,12.0,3.9,2.0,0.036000000000000004,2.0,88.9,2025-09-03,2024.0,James Conner,ARI,29.0,RB,16.0,16.0,236.0,1094.0,,67.0,528.0,2.2,566.0,2.4,24.0,9.8,2025-09-03,,,,,,,,,,,,,,,,,,,,,,,,,,,,,,,,,,,,,,,,,,,,,,,,,,,,,,,,,,,16,16.05,2.8,12,8,2
2024,Jonathan Taylor,J.Taylor,00-0036223,IND,RB,RB,12.0,14,244.70000000000002,17.47857142857143,226.70000000000002,18.0,18,31,136,1,0.06300813008130081,-0.0018406037180195105,0.09322377251933757,303,1431,11,0,0,0,0,0,707.0,0.8028571428571428,0.34611032531824615,17.47857142857143,9.758875926081823,39.8,4,RB,"https://static.www.nfl.com/image/upload/f_auto,q_auto/league/yw46ky6akdm7h7siofu8",REG,0,0,0,0,0,0,0,,,0,,0,0,0,0,2,1,71,-22.90931708356703,0,31,27,11,4,1,0,-10,150,7,-11.736475287762005,0,7,2,1,0,-13.6,0,1,0,0,0,0,0,0.0,0.0,0,0,0,0,0,0,0,0,0,0,0,0,0,1,0,0,0,0,2,20,2,2,2,4,1,0,0,0,0,0,0,0,0,,,0,0,0,0,0,0,0,0,0,0,0,0,,,,0,0,0,0,0,0,0,,0,0,0,0,,0,0,,0,0,0,0,0,0,0,0,0,0,,,,,,,,,,,,,,,,,,,,,,,,,,,,,,,,,,,,,,,,,,,,,,,,,,,,,,,,,,,,,,,,,,,,,,,,,,,,,,,,,,,,,,,,,,,,,,,,,,,,,,,,,,,,,,,,,,,,,,,,,,,,,,,,,,,,,,,,,,,,,,,,,,,,00-0036223,TaylJo02,4242335.0,Jonathan Taylor,1999-01-19,70.0,226.0,Wisconsin,2020.0,2.0,41.0,IND,2020,7,14.0,0.0,0.0,0.0,0.0,2024.0,Jonathan Taylor,IND,25.0,RB,14.0,13.0,31.0,18.0,136.0,,7.0,-14.0,-0.8,150.0,8.3,-0.3,2.0,9.0,3.0,0.09699999999999999,1.0,66.1,2025-09-03,2024.0,Jonathan Taylor,IND,25.0,RB,14.0,13.0,303.0,1431.0,,71.0,859.0,2.8,572.0,1.9,15.0,20.2,2025-09-03,,,,,,,,,,,,,,,,,,,,,,,,,,,,,,,,,,,,,,,,,,,,,,,,,,,,,,,,,,,14,16.4,3.5,11,8,4
2024,Bucky Irving,B.Irving,00-0039361,TB,RB,RB,13.0,17,244.4,14.376470588235295,197.4,47.0,47,52,392,0,0.09236234458259325,-0.04007056451612903,0.11049412171259956,207,1122,8,0,0,0,0,0,516.0,0.4441176470588235,0.47364341085271316,14.376470588235295,7.597411517398928,27.5,3,RB,"https://static.www.nfl.com/image/upload/f_auto,q_auto/league/vkc00rvnix3f2b96vkwo",REG,0,0,0,0,0,0,0,,,0,,0,0,0,0,2,1,52,20.87753207955393,0,27,20,8,3,0,0,-159,528,16,14.571046194164772,0,15,6,3,1,-2.4654088050314464,0,1,0,0,0,0,0,0.0,0.0,0,0,0,0,0,0,0,0,0,0,0,0,0,3,0,0,0,0,0,0,2,0,0,2,1,0,0,6,176,0,0,0,0,,,0,0,0,0,0,0,0,0,0,0,0,0,,,,0,0,0,0,0,0,0,,0,0,0,0,,0,0,,0,0,0,0,0,0,0,0,0,0,B.Irving,Bucky Irving,RB,RB,"https://static.www.nfl.com/image/upload/f_auto,q_auto/league/vkc00rvnix3f2b96vkwo",2024.0,POST,TB,1.0,0.0,0.0,0.0,0.0,0.0,0.0,0.0,0.0,0.0,0.0,0.0,0.0,,,0.0,,0.0,0.0,0.0,0.0,17.0,77.0,0.0,0.0,0.0,3.0,-1.071165695060536,0.0,2.0,1.0,0.0,0.0,2.0,2.0,6.0,1.0,0.0,0.0,-6.0,12.0,1.0,0.8239105539978482,0.0,0.0,0.0,0.0,0.0,-1.0,0.11764705882352941,-0.043478260869565216,0.14603580562659846,0.0,0.0,0.0,0.0,0.0,0.0,0.0,0.0,0.0,0.0,0.0,0.0,0.0,0.0,0.0,0.0,0.0,0.0,0.0,0.0,0.0,0.0,0.0,0.0,0.0,0.0,0.0,1.0,15.0,0.0,0.0,0.0,0.0,0.0,0.0,0.0,0.0,0.0,0.0,0.0,0.0,0.0,,,0.0,0.0,0.0,0.0,0.0,0.0,0.0,0.0,0.0,0.0,0.0,0.0,,,,0.0,0.0,0.0,0.0,0.0,0.0,0.0,,0.0,0.0,0.0,0.0,,0.0,0.0,,0.0,0.0,0.0,0.0,0.0,0.0,0.0,0.0,0.0,0.0,14.3,16.3,00-0039361,IrviBu00,4596448.0,Bucky Irving,2002-08-19,70.0,194.0,Oregon; Minnesota,2024.0,4.0,125.0,TB,2024,3,17.0,0.0,41.0,0.0,0.08647058823529412,2024.0,Bucky Irving,TB,22.0,RB,17.0,3.0,52.0,47.0,392.0,,16.0,-136.0,-2.9,528.0,11.2,-2.7,6.0,7.8,1.0,0.019,0.0,98.1,2025-09-03,2024.0,Bucky Irving,TB,22.0,RB,17.0,3.0,207.0,1122.0,,52.0,566.0,2.7,556.0,2.7,12.0,17.3,2025-09-03,,,,,,,,,,,,,,,,,,,,,,,,,,,,,,,,,,,,,,,,,,,,,,,,,,,,,,,,,,,17,15.4,2.2,12,9,2
2024,Aaron Jones,A.Jones,00-0033293,MIN,RB,RB,14.0,17,241.60000000000002,14.211764705882354,190.60000000000002,51.0,51,62,408,2,0.11992263056092843,0.011675675675675675,0.18805691881436562,255,1138,5,0,0,0,0,0,700.0,0.6323529411764706,0.3451428571428572,14.211764705882352,5.458809663395169,25.8,2,RB,"https://static.www.nfl.com/image/upload/f_auto,q_auto/league/bktkfvgfwujkdbzkcfim",REG,0,0,0,0,0,0,0,,,0,,0,0,0,0,3,1,49,-13.446157851263338,0,25,20,3,1,2,2,54,411,20,3.297681135018966,0,17,7,4,0,7.555555555555555,0,2,0,0,0,0,0,0.0,0.0,0,0,0,0,0,0,0,0,0,0,0,0,0,1,0,0,0,0,1,10,5,0,0,5,3,0,0,0,0,0,0,0,0,,,0,0,0,0,0,0,0,0,0,0,0,0,,,,0,0,0,0,0,0,0,,0,0,0,0,,0,0,,0,0,0,0,0,0,0,0,0,0,A.Jones,Aaron Jones,RB,RB,"https://static.www.nfl.com/image/upload/f_auto,q_auto/league/bktkfvgfwujkdbzkcfim",2024.0,POST,MIN,1.0,0.0,0.0,0.0,0.0,0.0,0.0,0.0,0.0,0.0,0.0,0.0,0.0,,,0.0,,0.0,0.0,0.0,0.0,13.0,48.0,0.0,0.0,0.0,1.0,-3.0170687177451327,0.0,1.0,1.0,0.0,0.0,3.0,6.0,12.0,0.0,0.0,0.0,-24.0,18.0,0.0,-2.3599759360658936,0.0,0.0,0.0,0.0,0.0,-0.5,0.15,-0.05714285714285714,0.185,0.0,0.0,0.0,0.0,0.0,0.0,0.0,0.0,0.0,0.0,0.0,0.0,0.0,0.0,0.0,0.0,0.0,0.0,0.0,0.0,0.0,0.0,0.0,0.0,0.0,0.0,0.0,0.0,0.0,0.0,0.0,0.0,0.0,0.0,0.0,0.0,0.0,0.0,0.0,0.0,0.0,0.0,,,0.0,0.0,0.0,0.0,0.0,0.0,0.0,0.0,0.0,0.0,0.0,0.0,,,,0.0,0.0,0.0,0.0,0.0,0.0,0.0,,0.0,0.0,0.0,0.0,,0.0,0.0,,0.0,0.0,0.0,0.0,0.0,0.0,0.0,0.0,0.0,0.0,6.0,9.0,00-0033293,JoneAa00,3042519.0,Aaron Jones,1994-12-02,69.0,208.0,Texas-El Paso,2017.0,5.0,182.0,GB,2017,10,17.0,0.0,0.0,0.0,0.0,2024.0,Aaron Jones,MIN,30.0,RB,17.0,17.0,62.0,51.0,408.0,,20.0,-3.0,-0.1,411.0,8.1,0.9,1.0,51.0,2.0,0.032,1.0,98.1,2025-09-03,2024.0,Aaron Jones,MIN,30.0,RB,17.0,17.0,255.0,1138.0,,49.0,614.0,2.4,524.0,2.1,11.0,23.2,2025-09-03,,,,,,,,,,,,,,,,,,,,,,,,,,,,,,,,,,,,,,,,,,,,,,,,,,,,,,,,,,,17,12.3,5.3,13,7,1
2024,Chuba Hubbard,C.Hubbard,00-0036555,CAR,RB,RB,15.0,15,241.6,16.106666666666666,198.6,43.0,43,54,171,1,0.10424710424710425,-0.014560931899641577,0.14617800404090725,250,1195,10,0,0,0,0,0,712.0,0.7733333333333333,0.3393258426966292,16.10666666666667,8.961223343356854,32.5,6,RB,"https://static.www.nfl.com/image/upload/f_auto,q_auto/league/rzsvnt0pxsaize2ndhxm",REG,0,0,0,0,0,0,0,,,0,,0,0,0,0,1,1,62,10.749877446418443,1,26,24,8,0,3,2,-65,245,10,-22.244035907264333,0,5,1,1,0,-2.6307692307692307,0,0,0,0,0,0,0,0.0,0.0,0,0,0,0,0,0,0,0,0,0,0,0,0,0,0,0,0,0,0,0,4,0,1,4,3,0,0,0,0,0,0,0,0,,,0,0,0,0,0,0,0,0,0,0,0,0,,,,0,0,0,0,0,0,0,,0,0,0,0,,0,0,,0,0,0,0,0,0,0,0,0,0,,,,,,,,,,,,,,,,,,,,,,,,,,,,,,,,,,,,,,,,,,,,,,,,,,,,,,,,,,,,,,,,,,,,,,,,,,,,,,,,,,,,,,,,,,,,,,,,,,,,,,,,,,,,,,,,,,,,,,,,,,,,,,,,,,,,,,,,,,,,,,,,,,,,00-0036555,HubbCh01,4241416.0,Chuba Hubbard,1999-06-11,73.0,210.0,Oklahoma State,2021.0,4.0,126.0,CAR,2021,6,15.0,0.0,0.0,0.0,0.0,2024.0,Chuba Hubbard,CAR,25.0,RB,15.0,15.0,54.0,43.0,171.0,,10.0,-74.0,-1.7,245.0,5.7,-1.2,7.0,6.1,2.0,0.037000000000000005,0.0,86.0,2025-09-03,2024.0,Chuba Hubbard,CAR,25.0,RB,15.0,15.0,250.0,1195.0,,62.0,656.0,2.6,539.0,2.2,14.0,17.9,2025-09-03,,,,,,,,,,,,,,,,,,,,,,,,,,,,,,,,,,,,,,,,,,,,,,,,,,,,,,,,,,,15,15.3,1.4000000000000001,11,9,2
2024,Breece Hall,B.Hall,00-0038120,NYJ,RB,RB,16.0,16,240.9,15.05625,183.9,57.0,57,76,483,3,0.12903225806451613,0.004603828446813666,0.19677106700954375,209,876,5,0,0,0,0,0,720.0,0.72375,0.33458333333333334,15.05625,7.9980804988863845,31.1,4,RB,"https://static.www.nfl.com/image/upload/f_auto,q_auto/league/i01xtqbfajfq68lb6orh",REG,0,0,0,0,0,0,0,,,0,,0,0,0,0,5,1,40,-20.859763753843346,2,26,19,3,1,1,1,19,496,15,-1.4884487913530977,0,15,6,5,1,25.42105263157895,0,1,0,0,0,0,0,0.0,0.0,0,0,0,0,0,0,0,0,0,0,0,0,0,1,0,0,0,0,2,5,6,0,1,6,2,0,0,0,0,0,0,0,0,,,0,0,0,0,0,0,0,0,0,0,0,0,,,,0,0,0,0,0,0,0,,0,0,0,0,,0,0,,0,0,0,0,0,0,0,0,0,0,,,,,,,,,,,,,,,,,,,,,,,,,,,,,,,,,,,,,,,,,,,,,,,,,,,,,,,,,,,,,,,,,,,,,,,,,,,,,,,,,,,,,,,,,,,,,,,,,,,,,,,,,,,,,,,,,,,,,,,,,,,,,,,,,,,,,,,,,,,,,,,,,,,,00-0038120,HallBr03,4427366.0,Breece Hall,2001-05-31,71.0,217.0,Iowa State,2022.0,2.0,36.0,NYJ,2022,5,16.0,0.0,0.0,0.0,0.0,2024.0,Breece Hall,NYJ,23.0,RB,16.0,16.0,76.0,57.0,483.0,,15.0,-13.0,-0.2,496.0,8.7,0.2,6.0,9.5,9.0,0.11800000000000001,0.0,104.2,2025-09-03,2024.0,Breece Hall,NYJ,23.0,RB,16.0,16.0,209.0,876.0,,40.0,432.0,2.1,444.0,2.1,7.0,29.9,2025-09-03,,,,,,,,,,,,,,,,,,,,,,,,,,,,,,,,,,,,,2024.0,Regular,Season Total,NYJ,B. Hall,,54.7,0.0,1.0,0.1,0.0,0.1,0.0,0.0,51.5,0.0,Breece,Hall,Breece Hall,https://a.espncdn.com/i/headshots/nfl/players/full/4427366.png,Jets,False,16,13.55,3.8,11,7,2
2024,Joe Mixon,J.Mixon,00-0033897,HOU,RB,RB,17.0,14,240.5,17.178571428571427,204.5,36.0,36,52,309,1,0.09506398537477148,-0.005802707930367505,0.1385340825109,245,1016,11,0,1,0,0,0,557.0,0.6171428571428572,0.43177737881508077,17.178571428571427,9.7778539859945,35.3,6,RB,"https://static.www.nfl.com/image/upload/f_auto,q_auto/league/gwyhozfhjgedwdmmjjcf",REG,0,0,0,0,10,0,0,-0.7261459626606666,-36.244744062423706,0,0.0,0,0,0,0,0,0,52,-15.115762804294905,0,28,20,8,2,0,0,-27,360,12,3.0244838391737563,0,11,4,4,0,-11.444444444444445,0,1,0,0,0,0,0,0.0,0.0,0,0,0,0,0,0,0,0,0,0,0,0,0,0,0,0,0,0,1,4,0,0,0,0,0,0,0,0,0,0,0,0,0,,,0,0,0,0,0,0,0,0,0,0,0,0,,,,0,0,0,0,0,0,0,,0,0,0,0,,0,0,,0,0,0,0,0,0,0,0,0,0,J.Mixon,Joe Mixon,RB,RB,"https://static.www.nfl.com/image/upload/f_auto,q_auto/league/gwyhozfhjgedwdmmjjcf",2024.0,POST,HOU,2.0,0.0,0.0,0.0,0.0,0.0,0.0,0.0,0.0,0.0,0.0,0.0,0.0,,,0.0,,0.0,0.0,0.0,0.0,43.0,194.0,2.0,1.0,1.0,8.0,-2.6086796732852235,0.0,5.0,4.0,0.0,0.0,3.0,5.0,25.0,0.0,0.0,0.0,2.0,24.0,1.0,-0.38434977414553506,0.0,1.0,0.0,0.0,0.0,12.5,0.08333333333333333,0.0034071550255536627,0.12738500851788756,0.0,0.0,0.0,0.0,0.0,0.0,0.0,0.0,0.0,0.0,0.0,0.0,0.0,0.0,0.0,0.0,0.0,0.0,0.0,0.0,0.0,0.0,0.0,0.0,0.0,0.0,0.0,1.0,15.0,1.0,0.0,0.0,1.0,1.0,0.0,0.0,0.0,0.0,0.0,0.0,0.0,0.0,,,0.0,0.0,0.0,0.0,0.0,0.0,0.0,0.0,0.0,0.0,0.0,0.0,,,,0.0,0.0,0.0,0.0,0.0,0.0,0.0,,0.0,0.0,0.0,0.0,,0.0,0.0,,0.0,0.0,0.0,0.0,0.0,0.0,0.0,0.0,0.0,0.0,31.900000000000006,34.900000000000006,00-0033897,MixoJo00,3116385.0,Joe Mixon,1996-07-24,73.0,220.0,Oklahoma,2017.0,2.0,48.0,CIN,2017,9,14.0,0.0,0.0,0.0,0.0,2024.0,Joe Mixon,HOU,28.0,RB,14.0,14.0,52.0,36.0,309.0,,12.0,-51.0,-1.4,360.0,10.0,-0.5,6.0,6.0,4.0,0.077,0.0,90.9,2025-09-03,2024.0,Joe Mixon,HOU,28.0,RB,14.0,14.0,245.0,1016.0,,52.0,549.0,2.2,467.0,1.9,19.0,12.9,2025-09-03,Joe Mixon,HOU,1.0,0.0,0.0,0.0,0.0,1.0,100.0,2024.0,2.5,0.0,0.0,0.0,0.0,0.0,0.0,0.0,0.0,11.0,37.0,1.0,0.0,10.0,37.0,,,10.0,10.0,0.0,,0.0,0.0,,0.0,,,,,,,,,,,,,,,,,,,,,,,,14,16.8,3.8000000000000003,9,8,4
2024,David Montgomery,D.Montgomery,00-0035685,DET,RB,RB,18.0,14,221.72000000000003,15.83714285714286,185.72000000000003,36.0,36,38,341,0,0.07279693486590039,-0.005162030398623459,0.10558198101981416,185,775,12,1,1,3,1,0,390.0,0.4185714285714286,0.5685128205128206,15.837142857142856,4.79226207799363,24.5,3,RB,"https://static.www.nfl.com/image/upload/f_auto,q_auto/league/csz0c9roa4pqsccothxg",REG,0,0,0,0,3,0,1,1.5191485377727076,49.24219250679016,0,1.0,0,0,0,0,2,1,50,-8.831778593828663,0,17,12,1,0,0,0,-18,365,16,15.918257171709268,0,13,5,2,1,-18.944444444444443,0,0,0,0,0,0,0,0.0,0.0,0,0,0,0,0,0,0,0,0,0,0,0,0,2,0,0,0,0,1,5,2,0,0,2,1,0,0,0,0,0,0,0,0,,,0,0,0,0,0,0,0,0,0,0,0,0,,,,0,0,0,0,0,0,0,,0,0,0,0,,0,0,,0,0,0,0,0,0,0,0,0,0,D.Montgomery,David Montgomery,RB,RB,"https://static.www.nfl.com/image/upload/f_auto,q_auto/league/csz0c9roa4pqsccothxg",2024.0,POST,DET,1.0,1.0,1.0,20.0,0.0,0.0,0.0,0.0,0.0,0.0,-3.0,23.0,1.0,1.1859101130394265,15.214359760284424,0.0,0.0,1.0,1.0,1.0,0.0,7.0,28.0,0.0,0.0,0.0,2.0,-0.605129046656657,0.0,1.0,0.0,0.0,0.0,0.0,0.0,0.0,0.0,0.0,0.0,0.0,0.0,0.0,,0.0,0.0,0.0,0.0,0.0,,0.0,0.0,0.0,0.0,0.0,0.0,0.0,0.0,0.0,0.0,0.0,0.0,0.0,0.0,0.0,0.0,0.0,0.0,0.0,0.0,0.0,0.0,0.0,0.0,0.0,0.0,0.0,0.0,0.0,0.0,0.0,0.0,0.0,0.0,0.0,0.0,0.0,0.0,0.0,0.0,0.0,0.0,0.0,0.0,0.0,,,0.0,0.0,0.0,0.0,0.0,0.0,0.0,0.0,0.0,0.0,0.0,0.0,,,,0.0,0.0,0.0,0.0,0.0,0.0,0.0,,0.0,0.0,0.0,0.0,,0.0,0.0,,0.0,0.0,0.0,0.0,0.0,0.0,0.0,0.0,0.0,0.0,3.6000000000000005,3.6000000000000005,00-0035685,MontDa01,4035538.0,David Montgomery,1997-06-07,71.0,230.0,Iowa State,2019.0,3.0,73.0,CHI,2019,8,14.0,0.0,0.0,0.0,0.0,2024.0,David Montgomery,DET,27.0,RB,14.0,14.0,38.0,36.0,341.0,,16.0,-24.0,-0.7,365.0,10.1,-0.5,11.0,3.3,0.0,0.0,0.0,104.1,2025-09-03,2024.0,David Montgomery,DET,27.0,RB,14.0,14.0,185.0,775.0,,50.0,347.0,1.9,428.0,2.3,19.0,9.7,2025-09-03,David Montgomery,DET,1.0,0.0,0.0,0.0,0.0,0.0,0.0,2024.0,2.1,1.0,0.0,0.0,0.0,0.0,0.0,1.0,100.0,8.0,43.0,0.0,0.0,8.0,43.0,,,3.0,3.0,3.0,3.0,3.0,0.0,0.0,0.0,,2024.0,Regular,Season Total,DET,D. Montgomery,,100.0,1.3,1.0,1.1,1.1,0.0,0.0,0.0,100.0,0.0,David,Montgomery,David Montgomery,https://a.espncdn.com/i/headshots/nfl/players/full/4035538.png,Lions,False,14,15.850000000000001,7.5,12,9,0
2024,D'Andre Swift,D.Swift,00-0036275,CHI,RB,RB,19.0,17,214.5,12.617647058823529,172.5,42.0,42,52,386,0,0.09885931558935361,0.0004411116012351125,0.148597751504895,253,959,6,0,0,0,0,0,751.0,0.668235294117647,0.2856191744340879,12.617647058823529,6.760569067589432,29.5,3,RB,"https://static.www.nfl.com/image/upload/f_auto,q_auto/league/owpmwzoilitcodc6cmxo",REG,0,0,0,0,0,0,0,,,0,,0,0,0,0,1,0,43,-38.92684176869807,0,18,15,5,1,1,0,2,405,12,2.8603432361870142,1,14,6,5,1,193.0,0,0,0,0,0,0,0,0.0,0.0,0,0,0,0,0,0,0,0,0,0,0,0,0,0,0,0,0,0,4,30,2,0,1,2,0,0,0,0,0,0,0,0,0,,,0,0,0,0,0,0,0,0,0,0,0,0,,,,0,0,0,0,0,0,0,,0,0,0,0,,0,0,,0,0,0,0,0,0,0,0,0,0,,,,,,,,,,,,,,,,,,,,,,,,,,,,,,,,,,,,,,,,,,,,,,,,,,,,,,,,,,,,,,,,,,,,,,,,,,,,,,,,,,,,,,,,,,,,,,,,,,,,,,,,,,,,,,,,,,,,,,,,,,,,,,,,,,,,,,,,,,,,,,,,,,,,00-0036275,SwifDA00,4259545.0,D'Andre Swift,1999-01-14,68.0,204.0,Georgia,2020.0,2.0,35.0,DET,2020,7,17.0,0.0,0.0,0.0,0.0,2024.0,DAndre Swift,CHI,25.0,RB,17.0,17.0,52.0,42.0,386.0,,12.0,-19.0,-0.5,405.0,9.6,0.0,2.0,21.0,3.0,0.057999999999999996,1.0,89.6,2025-09-03,2024.0,DAndre Swift,CHI,25.0,RB,17.0,17.0,253.0,959.0,,43.0,511.0,2.0,448.0,1.8,7.0,36.1,2025-09-03,,,,,,,,,,,,,,,,,,,,,,,,,,,,,,,,,,,,,,,,,,,,,,,,,,,,,,,,,,,17,9.9,5.0,8,5,1
2024,Najee Harris,N.Harris,00-0036893,PIT,RB,RB,20.0,17,204.6,12.035294117647059,168.6,36.0,36,48,283,0,0.10434782608695652,-0.017739483020780537,0.1441041010158884,263,1043,6,0,0,0,0,0,569.0,0.5,0.3595782073813708,12.035294117647059,5.487706849913563,24.9,2,RB,"https://static.www.nfl.com/image/upload/f_auto,q_auto/league/grfxgbvqnzz40r7rdtvk",REG,0,0,0,0,0,0,0,,,0,,0,0,0,0,0,0,50,-16.964777819695882,0,30,15,9,0,0,0,-70,329,13,4.2299297556164674,0,11,4,4,0,-4.042857142857143,0,0,0,0,0,0,0,0.0,0.0,0,0,0,0,0,0,0,0,0,0,0,0,0,0,0,0,0,0,0,0,0,0,0,0,0,0,0,0,0,0,0,0,0,,,0,0,0,0,0,0,0,0,0,0,0,0,,,,0,0,0,0,0,0,0,,0,0,0,0,,0,0,,0,0,0,0,0,0,0,0,0,0,N.Harris,Najee Harris,RB,RB,"https://static.www.nfl.com/image/upload/f_auto,q_auto/league/grfxgbvqnzz40r7rdtvk",2024.0,POST,PIT,1.0,0.0,0.0,0.0,0.0,0.0,0.0,0.0,0.0,0.0,0.0,0.0,0.0,,,0.0,,0.0,0.0,0.0,0.0,6.0,17.0,0.0,0.0,0.0,1.0,-1.3460976106580347,0.0,0.0,0.0,0.0,0.0,3.0,3.0,41.0,0.0,0.0,0.0,-8.0,49.0,1.0,3.3009113520383835,0.0,2.0,1.0,1.0,0.0,-5.125,0.11538461538461539,-0.0321285140562249,0.15058696323756565,0.0,0.0,0.0,0.0,0.0,0.0,0.0,0.0,0.0,0.0,0.0,0.0,0.0,0.0,0.0,0.0,0.0,0.0,0.0,0.0,0.0,0.0,0.0,0.0,0.0,0.0,0.0,1.0,5.0,0.0,0.0,0.0,0.0,0.0,0.0,0.0,0.0,0.0,0.0,0.0,0.0,0.0,,,0.0,0.0,0.0,0.0,0.0,0.0,0.0,0.0,0.0,0.0,0.0,0.0,,,,0.0,0.0,0.0,0.0,0.0,0.0,0.0,,0.0,0.0,0.0,0.0,,0.0,0.0,,0.0,0.0,0.0,0.0,0.0,0.0,0.0,0.0,0.0,0.0,5.800000000000001,8.8,00-0036893,HarrNa00,4241457.0,Najee Harris,1998-03-09,73.0,232.0,Alabama,2021.0,1.0,24.0,PIT,2021,6,17.0,0.0,2.0,0.0,0.00411764705882353,2024.0,Najee Harris,PIT,26.0,RB,17.0,17.0,48.0,36.0,283.0,,13.0,-46.0,-1.3,329.0,9.1,-1.5,7.0,5.1,4.0,0.083,0.0,89.1,2025-09-03,2024.0,Najee Harris,PIT,26.0,RB,17.0,17.0,263.0,1043.0,,50.0,502.0,1.9,541.0,2.1,22.0,12.0,2025-09-03,,,,,,,,,,,,,,,,,,,,,,,,,,,,,,,,,,,,,,,,,,,,,,,,,,,,,,,,,,,17,11.3,3.1,11,5,0
2024,Tony Pollard,T.Pollard,00-0035261,TEN,RB,RB,21.0,16,200.70000000000002,12.543750000000001,159.70000000000002,41.0,41,57,238,0,0.11242603550295859,0.0018713450292397662,0.16994899477490572,260,1079,5,0,0,0,0,0,701.0,0.678125,0.2863052781740371,12.543750000000001,5.497025710933746,21.9,1,RB,"https://static.www.nfl.com/image/upload/f_auto,q_auto/league/mb2xdrqiys6ktlcuah2n",REG,0,0,0,0,0,0,0,,,0,,0,0,0,0,2,2,53,-26.181153380667272,1,30,20,6,1,0,0,8,221,9,-14.434610426076688,0,10,4,2,0,29.75,0,1,0,0,0,0,0,0.0,0.0,0,0,0,0,0,0,0,0,0,0,0,0,0,1,0,0,0,0,1,5,2,0,0,2,2,0,0,0,0,0,0,0,0,,,0,0,0,0,0,0,0,0,0,0,0,0,,,,0,0,0,0,0,0,0,,0,0,0,0,,0,0,,0,0,0,0,0,0,0,0,0,0,,,,,,,,,,,,,,,,,,,,,,,,,,,,,,,,,,,,,,,,,,,,,,,,,,,,,,,,,,,,,,,,,,,,,,,,,,,,,,,,,,,,,,,,,,,,,,,,,,,,,,,,,,,,,,,,,,,,,,,,,,,,,,,,,,,,,,,,,,,,,,,,,,,,00-0035261,PollTo00,3916148.0,Tony Pollard,1997-04-30,72.0,209.0,Memphis,2019.0,4.0,128.0,DAL,2019,8,16.0,0.0,0.0,0.0,0.0,2024.0,Tony Pollard,TEN,27.0,RB,16.0,16.0,57.0,41.0,238.0,,9.0,17.0,0.4,221.0,5.4,0.1,2.0,20.5,8.0,0.14,1.0,72.1,2025-09-03,2024.0,Tony Pollard,TEN,27.0,RB,16.0,16.0,260.0,1079.0,,53.0,521.0,2.0,558.0,2.1,22.0,11.8,2025-09-03,,,,,,,,,,,,,,,,,,,,,,,,,,,,,,,,,,,,,,,,,,,,,,,,,,,,,,,,,,,16,12.350000000000001,4.9,9,6,0
2024,Rachaad White,R.White,00-0037256,TB,RB,RB,22.0,15,199.60000000000002,13.306666666666668,148.60000000000002,51.0,51,57,393,6,0.10124333925399645,-0.02746975806451613,0.1326361782358334,144,613,3,0,0,0,0,0,591.0,0.56625,0.33773265651438245,13.306666666666667,7.005453657856923,29.1,2,RB,"https://static.www.nfl.com/image/upload/f_auto,q_auto/league/wtdhs50gcl2p6vngsnre",REG,0,0,0,0,0,0,0,,,0,,0,0,0,0,2,2,35,-15.70941083794321,0,12,10,2,1,1,1,-109,516,18,11.230088003091899,0,15,7,3,0,-3.6055045871559632,0,0,0,1,0,0,0,0.0,0.0,0,0,0,0,0,0,0,0,0,0,0,0,0,0,0,0,0,0,0,0,3,0,0,3,3,0,0,0,0,0,0,0,0,,,0,0,0,0,0,0,0,0,0,0,0,0,,,,0,0,0,0,0,0,0,,0,0,0,0,,0,0,,0,0,0,0,0,0,0,0,0,0,R.White,Rachaad White,RB,RB,"https://static.www.nfl.com/image/upload/f_auto,q_auto/league/wtdhs50gcl2p6vngsnre",2024.0,POST,TB,1.0,0.0,0.0,0.0,0.0,0.0,0.0,0.0,0.0,0.0,0.0,0.0,0.0,,,0.0,,0.0,0.0,0.0,0.0,1.0,1.0,0.0,0.0,0.0,0.0,-0.26226464402861893,0.0,0.0,0.0,0.0,0.0,2.0,2.0,14.0,0.0,0.0,0.0,4.0,10.0,0.0,1.2204921338707209,0.0,1.0,0.0,0.0,0.0,3.5,0.11764705882352941,0.028985507246376812,0.19676044330775788,0.0,0.0,0.0,0.0,0.0,0.0,0.0,0.0,0.0,0.0,0.0,0.0,0.0,0.0,0.0,0.0,0.0,0.0,0.0,0.0,0.0,0.0,0.0,0.0,0.0,0.0,0.0,0.0,0.0,0.0,0.0,0.0,0.0,0.0,0.0,0.0,3.0,79.0,0.0,0.0,0.0,0.0,,,0.0,0.0,0.0,0.0,0.0,0.0,0.0,0.0,0.0,0.0,0.0,0.0,,,,0.0,0.0,0.0,0.0,0.0,0.0,0.0,,0.0,0.0,0.0,0.0,,0.0,0.0,,0.0,0.0,0.0,0.0,0.0,0.0,0.0,0.0,0.0,0.0,1.5,3.5,00-0037256,WhitRa01,4697815.0,Rachaad White,1999-01-12,72.0,214.0,Arizona State; Mt. San Antonio; Kearney State,2022.0,3.0,91.0,TB,2022,5,16.0,0.0,0.0,0.0,0.0,2024.0,Rachaad White,TB,25.0,RB,16.0,15.0,57.0,51.0,393.0,,18.0,-123.0,-2.4,516.0,10.1,-1.9,3.0,17.0,0.0,0.0,0.0,130.5,2025-09-03,2024.0,Rachaad White,TB,25.0,RB,16.0,15.0,144.0,613.0,,35.0,231.0,1.6,382.0,2.7,9.0,16.0,2025-09-03,,,,,,,,,,,,,,,,,,,,,,,,,,,,,,,,,,,,,,,,,,,,,,,,,,,,,,,,,,,15,11.7,3.3000000000000003,10,5,1
2024,Rico Dowdle,R.Dowdle,00-0036139,DAL,RB,RB,23.0,16,197.8,12.3625,158.8,39.0,39,49,249,3,0.07877813504823152,0.0002134016218523261,0.1183165837076439,235,1079,2,0,0,0,0,0,636.0,0.575,0.31100628930817614,12.3625,5.338523516229308,21.700000000000003,2,RB,"https://static.www.nfl.com/image/upload/f_auto,q_auto/league/mx2bxccuzmdvzbksypws",REG,0,0,0,0,0,0,0,,,0,,0,0,0,0,3,2,53,-10.528278699356004,0,26,19,2,0,0,0,1,272,13,4.31508568721293,0,11,2,1,0,249.0,0,1,0,0,0,0,0,0.0,0.0,0,0,0,0,0,0,0,0,0,0,0,0,0,0,0,0,0,0,0,0,3,0,0,3,2,0,0,0,0,0,0,0,0,,,0,0,0,0,0,0,0,0,0,0,0,0,,,,0,0,0,0,0,0,0,,0,0,0,0,,0,0,,0,0,0,0,0,0,0,0,0,0,,,,,,,,,,,,,,,,,,,,,,,,,,,,,,,,,,,,,,,,,,,,,,,,,,,,,,,,,,,,,,,,,,,,,,,,,,,,,,,,,,,,,,,,,,,,,,,,,,,,,,,,,,,,,,,,,,,,,,,,,,,,,,,,,,,,,,,,,,,,,,,,,,,,00-0036139,DowdRi01,4038815.0,Rico Dowdle,1998-06-14,71.0,218.0,South Carolina,,,,,2020,7,16.0,0.0,0.0,0.0,0.0,2024.0,Rico Dowdle,DAL,26.0,RB,16.0,15.0,49.0,39.0,249.0,,13.0,-23.0,-0.6,272.0,7.0,-0.1,3.0,13.0,2.0,0.040999999999999995,0.0,108.2,2025-09-03,2024.0,Rico Dowdle,DAL,26.0,RB,16.0,15.0,235.0,1079.0,,53.0,570.0,2.4,509.0,2.2,11.0,21.4,2025-09-03,,,,,,,,,,,,,,,,,,,,,,,,,,,,,,,,,,,,,,,,,,,,,,,,,,,,,,,,,,,16,10.65,4.2,9,5,0
2024,J.K. Dobbins,J.Dobbins,00-0036158,LAC,RB,RB,24.0,13,191.8,14.753846153846155,159.8,32.0,32,38,153,0,0.07739307535641547,-0.010084804033921613,0.10903025021087807,195,905,9,0,0,0,0,0,533.0,0.6338461538461538,0.35984990619136964,14.753846153846155,5.864670406285334,24.5,3,RB,"https://static.www.nfl.com/image/upload/f_auto,q_auto/league/cevotvl3ho5h1mioruyg",REG,0,0,0,0,0,0,0,,,0,,0,0,0,0,0,0,47,4.240172508865963,0,27,21,6,3,0,0,-44,204,6,-13.866991405793035,0,7,0,0,0,-3.477272727272727,0,0,0,0,0,0,0,0.0,0.0,0,0,0,0,0,0,0,0,0,0,0,0,0,0,0,0,0,0,0,0,0,0,0,0,0,0,0,0,0,0,0,0,0,,,0,0,0,0,0,0,0,0,0,0,0,0,,,,0,0,0,0,0,0,0,,0,0,0,0,,0,0,,0,0,0,0,0,0,0,0,0,0,J.Dobbins,J.K. Dobbins,RB,RB,"https://static.www.nfl.com/image/upload/f_auto,q_auto/league/cevotvl3ho5h1mioruyg",2024.0,POST,LAC,1.0,0.0,0.0,0.0,0.0,0.0,0.0,0.0,0.0,0.0,0.0,0.0,0.0,,,0.0,,0.0,0.0,0.0,0.0,9.0,26.0,0.0,0.0,0.0,2.0,-2.6583745258755056,0.0,0.0,0.0,0.0,0.0,0.0,1.0,0.0,0.0,0.0,0.0,0.0,0.0,0.0,-1.5114059692714363,0.0,0.0,0.0,0.0,0.0,,0.03125,0.0,0.046875,0.0,1.0,0.0,0.0,0.0,0.0,0.0,0.0,0.0,0.0,0.0,0.0,0.0,0.0,0.0,0.0,0.0,0.0,0.0,0.0,0.0,0.0,0.0,0.0,0.0,0.0,0.0,0.0,0.0,0.0,0.0,0.0,0.0,0.0,0.0,0.0,0.0,0.0,0.0,0.0,0.0,0.0,,,0.0,0.0,0.0,0.0,0.0,0.0,0.0,0.0,0.0,0.0,0.0,0.0,,,,0.0,0.0,0.0,0.0,0.0,0.0,0.0,,0.0,0.0,0.0,0.0,,0.0,0.0,,0.0,0.0,0.0,0.0,0.0,0.0,0.0,0.0,0.0,0.0,2.6,2.6,00-0036158,DobbJK00,4241985.0,J.K. Dobbins,1998-12-17,70.0,212.0,Ohio State,2020.0,2.0,55.0,BAL,2020,7,13.0,0.0,0.0,0.0,0.0,2024.0,JK Dobbins,LAC,26.0,RB,13.0,11.0,38.0,32.0,153.0,,6.0,-51.0,-1.6,204.0,6.4,-1.2,1.0,32.0,2.0,0.053,0.0,83.4,2025-09-03,2024.0,JK Dobbins,LAC,26.0,RB,13.0,11.0,195.0,905.0,,47.0,416.0,2.1,489.0,2.5,24.0,8.1,2025-09-03,,,,,,,,,,,,,,,,,,,,,,,,,,,,,,,,,,,,,,,,,,,,,,,,,,,,,,,,,,,13,15.3,8.4,8,7,0
2024,Zach Charbonnet,Z.Charbonnet,00-0039165,SEA,RB,RB,25.0,17,186.9,10.994117647058824,144.9,42.0,42,52,340,1,0.0913884007029877,-0.013125911521633447,0.12789446298933815,135,569,8,0,0,0,0,0,568.0,0.5270588235294118,0.3290492957746479,10.994117647058824,9.400762641152797,38.3,2,RB,"https://static.www.nfl.com/image/upload/f_auto,q_auto/league/cuuyog0lpxfaj0y0huvp",REG,0,0,0,0,0,0,0,,,0,,0,0,0,0,0,0,32,-11.281588777757774,0,16,11,3,1,0,0,-54,377,6,-7.442102621267638,0,10,5,4,0,-6.296296296296297,0,2,0,1,0,0,0,0.0,0.0,0,0,0,0,0,0,0,0,0,0,0,0,0,0,0,0,0,0,1,5,0,0,0,0,0,0,0,0,0,0,0,0,0,,,0,0,0,0,0,0,0,0,0,0,0,0,,,,0,0,0,0,0,0,0,,0,0,0,0,,0,0,,0,0,0,0,0,0,0,0,0,0,,,,,,,,,,,,,,,,,,,,,,,,,,,,,,,,,,,,,,,,,,,,,,,,,,,,,,,,,,,,,,,,,,,,,,,,,,,,,,,,,,,,,,,,,,,,,,,,,,,,,,,,,,,,,,,,,,,,,,,,,,,,,,,,,,,,,,,,,,,,,,,,,,,,00-0039165,CharZa00,4426385.0,Zach Charbonnet,2001-01-08,73.0,220.0,UCLA; Michigan,2023.0,2.0,52.0,SEA,2023,4,17.0,0.0,46.0,0.0,0.09647058823529413,2024.0,Zach Charbonnet,SEA,23.0,RB,17.0,6.0,52.0,42.0,340.0,,6.0,-37.0,-0.9,377.0,9.0,-0.9,0.0,,0.0,0.0,1.0,92.3,2025-09-03,2024.0,Zach Charbonnet,SEA,23.0,RB,17.0,6.0,135.0,569.0,,32.0,267.0,2.0,302.0,2.2,12.0,11.3,2025-09-03,,,,,,,,,,,,,,,,,,,,,,,,,,,,,,,,,,,,,,,,,,,,,,,,,,,,,,,,,,,17,10.4,1.9,9,3,2
2024,Tyrone Tracy Jr.,T.Tracy,00-0039384,NYG,RB,RB,26.0,17,182.3,10.723529411764707,144.3,38.0,38,53,284,1,0.09566787003610108,0.004478726051256532,0.14663691329003117,192,839,5,0,0,0,0,0,651.0,0.5735294117647058,0.2800307219662059,10.723529411764707,7.079859586510589,23.0,2,RB,"https://static.www.nfl.com/image/upload/f_auto,q_auto/league/b9nje50lohbprf06xoom",REG,0,0,0,0,0,0,0,,,0,,0,0,0,0,2,2,39,-20.713866294837892,0,18,12,6,2,2,0,18,281,13,-5.869650759108365,0,13,4,0,0,15.777777777777779,0,1,0,0,0,0,0,0.0,0.0,0,0,0,0,0,0,0,0,0,0,0,0,0,0,0,0,0,0,0,0,5,0,1,5,2,0,0,3,61,0,0,0,0,,,0,0,0,0,0,0,0,0,0,0,0,0,,,,0,0,0,0,0,0,0,,0,0,0,0,,0,0,,0,0,0,0,0,0,0,0,0,0,,,,,,,,,,,,,,,,,,,,,,,,,,,,,,,,,,,,,,,,,,,,,,,,,,,,,,,,,,,,,,,,,,,,,,,,,,,,,,,,,,,,,,,,,,,,,,,,,,,,,,,,,,,,,,,,,,,,,,,,,,,,,,,,,,,,,,,,,,,,,,,,,,,,00-0039384,TracTy00,4360516.0,Tyrone Tracy Jr.,1999-11-23,71.0,210.0,Purdue; Iowa,2024.0,5.0,166.0,NYG,2024,3,17.0,0.0,26.0,0.0,0.06470588235294117,2024.0,Tyrone Tracy,NYG,25.0,RB,17.0,12.0,53.0,38.0,284.0,,13.0,3.0,0.1,281.0,7.4,0.3,6.0,6.3,5.0,0.094,1.0,82.6,2025-09-03,2024.0,Tyrone Tracy,NYG,25.0,RB,17.0,12.0,192.0,839.0,,39.0,511.0,2.7,328.0,1.7,6.0,32.0,2025-09-03,,,,,,,,,,,,,,,,,,,,,,,,,,,,,,,,,,,,,,,,,,,,,,,,,,,,,,,,,,,17,9.0,0.2,7,5,0
2024,Kenneth Walker III,K.Walker,00-0038134,SEA,RB,RB,27.0,11,181.2,16.472727272727273,135.2,46.0,46,53,299,1,0.09314586994727592,-0.015313563441905688,0.1289993105115799,153,573,7,0,0,0,0,0,469.0,0.6327272727272727,0.3863539445628998,16.472727272727273,7.489871949384837,33.6,3,RB,"https://static.www.nfl.com/image/upload/f_auto,q_auto/league/vk6nruaqdewdglofcwwg",REG,0,0,0,0,0,0,0,,,0,,0,0,0,0,1,0,28,-12.14276360382394,0,13,8,5,0,0,0,-63,363,19,4.8765650785128605,0,11,6,1,0,-4.746031746031746,0,3,0,0,0,0,0,0.0,0.0,0,0,0,0,0,0,0,0,0,0,0,0,0,3,-3,0,0,0,0,0,1,0,0,1,0,0,0,0,0,0,0,0,0,,,0,0,0,0,0,0,0,0,0,0,0,0,,,,0,0,0,0,0,0,0,,0,0,0,0,,0,0,,0,0,0,0,0,0,0,0,0,0,,,,,,,,,,,,,,,,,,,,,,,,,,,,,,,,,,,,,,,,,,,,,,,,,,,,,,,,,,,,,,,,,,,,,,,,,,,,,,,,,,,,,,,,,,,,,,,,,,,,,,,,,,,,,,,,,,,,,,,,,,,,,,,,,,,,,,,,,,,,,,,,,,,,00-0038134,WalkKe00,4567048.0,Kenneth Walker III,2000-10-20,69.0,211.0,Michigan State; Wake Forest,2022.0,2.0,41.0,SEA,2022,5,11.0,0.0,0.0,0.0,0.0,2024.0,Kenneth Walker,SEA,24.0,RB,11.0,11.0,53.0,46.0,299.0,,19.0,-64.0,-1.4,363.0,7.9,-1.2,5.0,9.2,2.0,0.038,1.0,88.6,2025-09-03,2024.0,Kenneth Walker,SEA,24.0,RB,11.0,11.0,153.0,573.0,,28.0,263.0,1.7,310.0,2.0,13.0,11.8,2025-09-03,,,,,,,,,,,,,,,,,,,,,,,,,,,,,,,,,,,,,,,,,,,,,,,,,,,,,,,,,,,11,13.9,6.6000000000000005,9,4,1
2024,Rhamondre Stevenson,R.Stevenson,00-0036875,NE,RB,RB,28.0,15,175.9,11.726666666666667,142.9,33.0,33,41,168,1,0.082,-0.01067986454805939,0.11552409481635842,207,801,7,0,0,0,0,0,599.0,0.6153333333333334,0.2936560934891486,11.726666666666667,7.798211028056066,23.5,3,RB,"https://static.www.nfl.com/image/upload/f_auto,q_auto/league/zmpuirvuw4r04inxth5i",REG,0,0,0,0,0,0,0,,,0,,0,0,0,0,6,3,40,-37.85575295822522,0,22,16,2,0,1,0,-41,237,8,7.385687382501455,2,5,1,0,0,-4.097560975609756,0,0,0,0,0,0,0,0.0,0.0,0,0,0,0,0,0,0,0,0,0,0,0,0,4,0,0,0,0,3,41,7,0,0,7,3,0,0,0,0,0,0,0,0,,,0,0,0,0,0,0,0,0,0,0,0,0,,,,0,0,0,0,0,0,0,,0,0,0,0,,0,0,,0,0,0,0,0,0,0,0,0,0,,,,,,,,,,,,,,,,,,,,,,,,,,,,,,,,,,,,,,,,,,,,,,,,,,,,,,,,,,,,,,,,,,,,,,,,,,,,,,,,,,,,,,,,,,,,,,,,,,,,,,,,,,,,,,,,,,,,,,,,,,,,,,,,,,,,,,,,,,,,,,,,,,,,00-0036875,StevRh00,4569173.0,Rhamondre Stevenson,1998-02-23,72.0,227.0,Oklahoma; Cerritos College,2021.0,4.0,120.0,NE,2021,6,15.0,0.0,0.0,0.0,0.0,2024.0,Rhamondre Stevenson,NE,26.0,RB,15.0,14.0,41.0,33.0,168.0,,8.0,-69.0,-2.1,237.0,7.2,-1.0,3.0,11.0,1.0,0.024,0.0,91.9,2025-09-03,2024.0,Rhamondre Stevenson,NE,26.0,RB,15.0,14.0,207.0,801.0,,40.0,370.0,1.8,431.0,2.1,14.0,14.8,2025-09-03,,,,,,,,,,,,,,,,,,,,,,,,,,,,,,,,,,,,,,,,,,,,,,,,,,,,,,,,,,,15,12.3,0.1,8,5,0
2024,Brian Robinson,B.Robinson,00-0037746,WAS,RB,RB,29.0,14,159.8,11.414285714285715,139.8,20.0,20,25,159,0,0.0496031746031746,-0.005761523046092184,0.07037169577249737,187,799,8,0,0,0,0,0,505.0,0.5157142857142857,0.31643564356435644,11.414285714285715,5.771529212483417,20.3,1,RB,"https://static.www.nfl.com/image/upload/f_auto,q_auto/league/n1xhex1ytisxcbcggqu7",REG,0,0,0,0,0,0,0,,,0,,0,0,0,0,2,2,47,-12.081065748527804,0,19,12,4,2,0,0,-23,179,4,-2.825956794258688,0,4,1,1,0,-6.913043478260869,0,0,0,1,0,0,0,0.0,0.0,0,0,0,0,0,0,0,0,0,0,0,0,0,0,0,0,0,0,1,10,2,0,0,2,2,0,0,0,0,0,0,0,0,,,0,0,0,0,0,0,0,0,0,0,0,0,,,,0,0,0,0,0,0,0,,0,0,0,0,,0,0,,0,0,0,0,0,0,0,0,0,0,B.Robinson,Brian Robinson,RB,RB,"https://static.www.nfl.com/image/upload/f_auto,q_auto/league/n1xhex1ytisxcbcggqu7",2024.0,POST,WAS,3.0,0.0,0.0,0.0,0.0,0.0,0.0,0.0,0.0,0.0,0.0,0.0,0.0,,,0.0,,0.0,0.0,0.0,0.0,36.0,129.0,2.0,0.0,0.0,7.0,1.0282291836458315,0.0,3.0,3.0,0.0,0.0,4.0,5.0,22.0,0.0,0.0,0.0,-3.0,28.0,1.0,-1.5269670896814205,0.0,1.0,0.0,0.0,0.0,-7.333333333333333,0.046296296296296294,-0.004037685060565276,0.06661806490204876,0.0,0.0,0.0,0.0,0.0,0.0,0.0,0.0,0.0,0.0,0.0,0.0,0.0,0.0,0.0,0.0,0.0,0.0,0.0,0.0,0.0,0.0,0.0,0.0,0.0,0.0,0.0,0.0,0.0,0.0,0.0,0.0,0.0,0.0,0.0,0.0,0.0,0.0,0.0,0.0,0.0,0.0,,,0.0,0.0,0.0,0.0,0.0,0.0,0.0,0.0,0.0,0.0,0.0,0.0,,,,0.0,0.0,0.0,0.0,0.0,0.0,0.0,,0.0,0.0,0.0,0.0,,0.0,0.0,,0.0,0.0,0.0,0.0,0.0,0.0,0.0,0.0,0.0,0.0,27.1,31.1,00-0037746,RobiBr01,4241474.0,Brian Robinson,1999-03-22,73.0,225.0,Alabama,2022.0,3.0,98.0,WAS,2022,3,14.0,0.0,0.0,0.0,0.0,2024.0,Brian Robinson,WAS,25.0,RB,14.0,13.0,25.0,20.0,159.0,,4.0,-20.0,-1.0,179.0,9.0,-0.9,1.0,20.0,0.0,0.0,1.0,76.5,2025-09-03,2024.0,Brian Robinson,WAS,25.0,RB,14.0,13.0,187.0,799.0,,47.0,378.0,2.0,421.0,2.3,10.0,18.7,2025-09-03,,,,,,,,,,,,,,,,,,,,,,,,,,,,,,,,,,,,,,,,,,,,,,,,,,,,,,,,,,,14,12.400000000000002,2.1000000000000005,9,3,0
2024,Javonte Williams,J.Williams,00-0036997,DEN,RB,RB,30.0,17,157.9,9.288235294117648,105.9,52.0,52,70,346,0,0.12750455373406194,-0.0070217917675544795,0.18634157636380477,139,513,4,0,0,0,0,0,574.0,0.521764705882353,0.27508710801393726,9.288235294117648,6.500180992955233,26.1,1,RB,"https://static.www.nfl.com/image/upload/f_auto,q_auto/league/xvwroirev2kie6oiphtz",REG,0,0,0,0,0,0,0,,,0,,0,0,0,0,2,2,30,-23.895121423681424,0,13,10,1,0,0,0,-29,395,14,-5.536315441112964,0,13,3,3,0,-11.931034482758621,0,1,0,0,0,0,0,0.0,0.0,0,0,0,0,0,0,0,0,0,0,0,0,0,0,0,0,0,0,1,10,2,0,0,2,2,0,0,0,0,0,0,0,0,,,0,0,0,0,0,0,0,0,0,0,0,0,,,,0,0,0,0,0,0,0,,0,0,0,0,,0,0,,0,0,0,0,0,0,0,0,0,0,J.Williams,Javonte Williams,RB,RB,"https://static.www.nfl.com/image/upload/f_auto,q_auto/league/xvwroirev2kie6oiphtz",2024.0,POST,DEN,1.0,0.0,0.0,0.0,0.0,0.0,0.0,0.0,0.0,0.0,0.0,0.0,0.0,,,0.0,,0.0,0.0,0.0,0.0,7.0,29.0,0.0,0.0,0.0,0.0,-0.9421746341977268,0.0,0.0,0.0,0.0,0.0,2.0,2.0,14.0,0.0,0.0,0.0,1.0,13.0,0.0,0.15582731261383742,0.0,0.0,0.0,0.0,0.0,14.0,0.08695652173913043,0.0036363636363636364,0.1329802371541502,0.0,0.0,0.0,0.0,0.0,0.0,0.0,0.0,0.0,0.0,0.0,0.0,0.0,0.0,0.0,0.0,0.0,0.0,0.0,0.0,0.0,0.0,0.0,0.0,0.0,0.0,0.0,0.0,0.0,0.0,0.0,0.0,0.0,0.0,0.0,0.0,0.0,0.0,0.0,0.0,0.0,0.0,,,0.0,0.0,0.0,0.0,0.0,0.0,0.0,0.0,0.0,0.0,0.0,0.0,,,,0.0,0.0,0.0,0.0,0.0,0.0,0.0,,0.0,0.0,0.0,0.0,,0.0,0.0,,0.0,0.0,0.0,0.0,0.0,0.0,0.0,0.0,0.0,0.0,4.3,6.3,00-0036997,WillJa10,4361579.0,Javonte Williams,2000-04-25,70.0,220.0,North Carolina,2021.0,2.0,35.0,DEN,2021,6,17.0,0.0,0.0,0.0,0.0,2024.0,Javonte Williams,DEN,24.0,RB,17.0,11.0,70.0,52.0,346.0,,14.0,-49.0,-0.9,395.0,7.6,-0.3,4.0,13.0,7.0,0.1,0.0,84.6,2025-09-03,2024.0,Javonte Williams,DEN,24.0,RB,17.0,11.0,139.0,513.0,,30.0,258.0,1.9,255.0,1.8,4.0,34.8,2025-09-03,,,,,,,,,,,,,,,,,,,,,,,,,,,,,,,,,,,,,,,,,,,,,,,,,,,,,,,,,,,17,9.2,2.0,8,3,1
2024,Kareem Hunt,K.Hunt,00-0033923,KC,RB,RB,31.0,13,155.4,11.953846153846154,132.4,23.0,23,32,176,0,0.055944055944055944,-0.015239096163951655,0.07324871660131776,200,728,7,0,0,0,0,0,477.0,0.5169230769230769,0.3257861635220126,11.953846153846154,6.239339626463604,22.3,1,RB,"https://static.www.nfl.com/image/upload/f_auto,q_auto/league/hktvzf8hiupoycyg1kmc",REG,0,0,0,0,0,0,0,,,0,,0,0,0,0,0,0,42,2.148387631384521,0,11,8,1,0,0,0,-58,216,10,3.0172128671776366,0,8,3,1,0,-3.0344827586206895,0,0,0,0,0,0,0,0.0,0.0,0,0,0,0,0,0,0,0,0,0,0,0,0,0,0,0,0,0,0,0,0,0,0,0,0,0,0,0,0,0,0,0,0,,,0,0,0,0,0,0,0,0,0,0,0,0,,,,0,0,0,0,0,0,0,,0,0,0,0,,0,0,,0,0,0,0,0,0,0,0,0,0,K.Hunt,Kareem Hunt,RB,RB,"https://static.www.nfl.com/image/upload/f_auto,q_auto/league/hktvzf8hiupoycyg1kmc",2024.0,POST,KC,3.0,0.0,0.0,0.0,0.0,0.0,0.0,0.0,0.0,0.0,0.0,0.0,0.0,,,0.0,,0.0,0.0,0.0,0.0,28.0,117.0,2.0,0.0,0.0,8.0,0.6046183621510863,0.0,4.0,3.0,0.0,0.0,3.0,3.0,13.0,0.0,0.0,0.0,-2.0,15.0,0.0,0.9272520134691149,0.0,0.0,0.0,0.0,0.0,-6.5,0.037037037037037035,-0.003401360544217687,0.05317460317460317,0.0,0.0,0.0,0.0,0.0,0.0,0.0,0.0,0.0,0.0,0.0,0.0,0.0,0.0,0.0,0.0,0.0,0.0,0.0,0.0,0.0,0.0,0.0,0.0,0.0,0.0,0.0,0.0,0.0,0.0,0.0,0.0,0.0,0.0,0.0,0.0,0.0,0.0,0.0,0.0,0.0,0.0,,,0.0,0.0,0.0,0.0,0.0,0.0,0.0,0.0,0.0,0.0,0.0,0.0,,,,0.0,0.0,0.0,0.0,0.0,0.0,0.0,,0.0,0.0,0.0,0.0,,0.0,0.0,,0.0,0.0,0.0,0.0,0.0,0.0,0.0,0.0,0.0,0.0,25.0,28.0,00-0033923,HuntKa00,3059915.0,Kareem Hunt,1995-08-06,71.0,216.0,Toledo,2017.0,3.0,86.0,KC,2017,9,13.0,0.0,0.0,0.0,0.0,2024.0,Kareem Hunt,KC,29.0,RB,13.0,8.0,32.0,23.0,176.0,,10.0,-40.0,-1.7,216.0,9.4,-1.9,4.0,5.8,0.0,0.0,0.0,84.9,2025-09-03,2024.0,Kareem Hunt,KC,29.0,RB,13.0,8.0,200.0,728.0,,42.0,399.0,2.0,329.0,1.6,7.0,28.6,2025-09-03,,,,,,,,,,,,,,,,,,,,,,,,,,,,,,,,,,,,,,,,,,,,,,,,,,,,,,,,,,,13,11.700000000000001,3.5,8,5,0
2024,Alexander Mattison,A.Mattison,00-0034972,LV,RB,RB,32.0,14,137.4,9.814285714285715,101.4,36.0,36,48,294,1,0.08108108108108109,-0.0008978675645342312,0.12099311432644767,132,420,4,0,0,0,0,0,444.0,0.4907142857142857,0.30945945945945946,9.814285714285715,5.045768545997747,17.5,0,RB,"https://static.www.nfl.com/image/upload/f_auto,q_auto/league/mbcaep8diu9yuo3qrtiz",REG,0,0,0,0,0,0,0,,,0,,0,0,0,0,1,1,25,-30.785997679007828,1,7,6,1,0,0,0,-4,314,13,-6.277238814333214,0,12,5,3,0,-73.5,0,1,0,1,0,0,0,0.0,0.0,0,0,0,0,0,0,0,0,0,0,0,0,0,0,0,0,0,0,0,0,1,0,0,1,1,0,0,0,0,0,0,0,0,,,0,0,0,0,0,0,0,0,0,0,0,0,,,,0,0,0,0,0,0,0,,0,0,0,0,,0,0,,0,0,0,0,0,0,0,0,0,0,,,,,,,,,,,,,,,,,,,,,,,,,,,,,,,,,,,,,,,,,,,,,,,,,,,,,,,,,,,,,,,,,,,,,,,,,,,,,,,,,,,,,,,,,,,,,,,,,,,,,,,,,,,,,,,,,,,,,,,,,,,,,,,,,,,,,,,,,,,,,,,,,,,,00-0034972,MattAl01,4048244.0,Alexander Mattison,1998-06-19,71.0,220.0,Boise State,2019.0,3.0,102.0,MIN,2019,7,14.0,0.0,2.0,0.0,0.004285714285714286,2024.0,Alexander Mattison,LV,26.0,RB,14.0,7.0,48.0,36.0,294.0,,13.0,-20.0,-0.6,314.0,8.7,-0.1,6.0,6.0,2.0,0.042,2.0,79.7,2025-09-03,2024.0,Alexander Mattison,LV,26.0,RB,14.0,7.0,132.0,420.0,,25.0,209.0,1.6,211.0,1.6,7.0,18.9,2025-09-03,,,,,,,,,,,,,,,,,,,,,,,,,,,,,,,,,,,,,,,,,,,,,,,,,,,,,,,,,,,14,9.65,2.4000000000000004,6,4,0
2024,Jerome Ford,J.Ford,00-0037267,CLE,RB,RB,33.0,14,134.0,9.571428571428571,97.0,37.0,37,43,225,0,0.06782334384858044,-0.0029131870266071083,0.09969578485424568,104,565,3,0,0,0,0,0,526.0,0.54,0.25475285171102663,9.571428571428571,7.062079511940306,24.1,1,RB,"https://static.www.nfl.com/image/upload/f_auto,q_auto/league/rntmoum7ncnyo5j2bdei",REG,0,0,0,0,0,0,0,,,0,,0,0,0,0,0,0,25,5.03220676237048,0,13,10,5,2,0,0,-15,294,10,-4.887466751863961,0,9,3,3,0,-15.0,0,0,0,0,0,0,0,0.0,0.0,0,0,0,0,0,0,0,0,0,0,0,0,0,0,0,0,0,0,0,0,0,0,0,0,0,0,0,15,388,0,0,0,0,,,0,0,0,0,0,0,0,0,0,0,0,0,,,,0,0,0,0,0,0,0,,0,0,0,0,,0,0,,0,0,0,0,0,0,0,0,0,0,,,,,,,,,,,,,,,,,,,,,,,,,,,,,,,,,,,,,,,,,,,,,,,,,,,,,,,,,,,,,,,,,,,,,,,,,,,,,,,,,,,,,,,,,,,,,,,,,,,,,,,,,,,,,,,,,,,,,,,,,,,,,,,,,,,,,,,,,,,,,,,,,,,,00-0037267,FordJe00,4372019.0,Jerome Ford,1999-09-12,70.0,210.0,Cincinnati; Alabama,2022.0,5.0,156.0,CLE,2022,4,14.0,0.0,39.0,0.0,0.105,2024.0,Jerome Ford,CLE,25.0,RB,14.0,6.0,43.0,37.0,225.0,,10.0,-69.0,-1.9,294.0,7.9,-0.3,7.0,5.3,1.0,0.023,0.0,88.5,2025-09-03,2024.0,Jerome Ford,CLE,25.0,RB,14.0,6.0,104.0,565.0,,25.0,345.0,3.3,220.0,2.1,5.0,20.8,2025-09-03,,,,,,,,,,,,,,,,,,,,,,,,,,,,,,,,,,,,,,,,,,,,,,,,,,,,,,,,,,,14,7.800000000000001,1.4000000000000001,5,4,0
2024,Austin Ekeler,A.Ekeler,00-0033699,WAS,RB,RB,34.0,12,132.3,11.025,97.3,35.000000000000014,35,41,366,0,0.08134920634920635,-0.014779559118236472,0.111678118141044,77,367,4,0,0,0,0,0,409.0,0.5266666666666667,0.32347188264058685,11.025,5.034449504978854,18.1,0,RB,"https://static.www.nfl.com/image/upload/f_auto,q_auto/league/sldndpn2zwt4uhkj2zks",REG,0,0,0,0,0,0,0,,,0,,0,0,0,0,1,0,19,4.998703326682188,0,7,5,4,1,1,0,-59,424,14,13.802796869245599,0,14,10,8,0,-6.203389830508475,0,0,0,0,0,0,0,0.0,0.0,0,0,0,0,0,0,0,0,0,0,0,0,0,0,0,0,0,0,0,0,3,0,0,3,0,0,0,19,594,0,0,0,0,,,0,0,0,0,0,0,0,0,0,0,0,0,,,,0,0,0,0,0,0,0,,0,0,0,0,,0,0,,0,0,0,0,0,0,0,0,0,0,A.Ekeler,Austin Ekeler,RB,RB,"https://static.www.nfl.com/image/upload/f_auto,q_auto/league/sldndpn2zwt4uhkj2zks",2024.0,POST,WAS,3.0,0.0,0.0,0.0,0.0,0.0,0.0,0.0,0.0,0.0,0.0,0.0,0.0,,,0.0,,0.0,0.0,0.0,0.0,22.0,89.0,0.0,0.0,0.0,3.0,-4.255010349152144,0.0,2.0,2.0,1.0,0.0,12.0,15.0,84.0,0.0,1.0,1.0,25.0,90.0,3.0,-10.462665021238198,0.0,2.0,2.0,1.0,0.0,3.36,0.1388888888888889,0.033647375504710635,0.2318864961866308,0.0,0.0,0.0,0.0,0.0,0.0,0.0,0.0,0.0,0.0,0.0,0.0,0.0,0.0,0.0,0.0,0.0,0.0,0.0,0.0,0.0,0.0,0.0,0.0,0.0,0.0,0.0,0.0,0.0,1.0,0.0,0.0,1.0,1.0,0.0,0.0,1.0,32.0,0.0,0.0,0.0,0.0,,,0.0,0.0,0.0,0.0,0.0,0.0,0.0,0.0,0.0,0.0,0.0,0.0,,,,0.0,0.0,0.0,0.0,0.0,0.0,0.0,,0.0,0.0,0.0,0.0,,0.0,0.0,,0.0,0.0,0.0,0.0,0.0,0.0,0.0,0.0,0.0,0.0,15.3,27.3,00-0033699,EkelAu00,3068267.0,Austin Ekeler,1995-05-17,70.0,200.0,Western State,,,,,2017,9,12.0,0.0,56.0,0.0,0.17,2024.0,Austin Ekeler,WAS,29.0,RB,12.0,6.0,41.0,35.0,366.0,,14.0,-58.0,-1.7,424.0,12.1,-1.4,4.0,8.8,2.0,0.049,0.0,103.9,2025-09-03,2024.0,Austin Ekeler,WAS,29.0,RB,12.0,6.0,77.0,367.0,,19.0,231.0,3.0,136.0,1.8,3.0,25.7,2025-09-03,,,,,,,,,,,,,,,,,,,,,,,,,,,,,,,,,,,,,,,,,,,,,,,,,,,,,,,,,,,12,11.15,4.0,8,3,0
2024,Travis Etienne,T.Etienne,00-0036973,JAX,RB,RB,35.0,15,130.2,8.68,91.2,38.999999999999986,39,52,254,0,0.09961685823754789,0.0008722197993894462,0.15003584121589444,150,558,2,0,0,0,0,0,494.0,0.5393333333333333,0.2635627530364372,8.68,3.900402909590605,14.8,0,RB,"https://static.www.nfl.com/image/upload/f_auto,q_auto/league/pwko5dybmjie8qqo4qz2",REG,0,0,0,0,0,0,0,,,0,,0,0,0,0,1,1,31,-26.5625049911323,0,16,11,2,0,0,0,4,296,13,-4.94261641475348,0,11,2,2,0,63.5,0,1,0,0,0,0,0,0.0,0.0,0,0,0,0,0,0,0,0,0,0,0,0,0,1,0,0,0,0,0,0,1,0,0,1,1,0,0,0,0,0,0,0,0,,,0,0,0,0,0,0,0,0,0,0,0,0,,,,0,0,0,0,0,0,0,,0,0,0,0,,0,0,,0,0,0,0,0,0,0,0,0,0,,,,,,,,,,,,,,,,,,,,,,,,,,,,,,,,,,,,,,,,,,,,,,,,,,,,,,,,,,,,,,,,,,,,,,,,,,,,,,,,,,,,,,,,,,,,,,,,,,,,,,,,,,,,,,,,,,,,,,,,,,,,,,,,,,,,,,,,,,,,,,,,,,,,00-0036973,EtieTr00,4239996.0,Travis Etienne,1999-01-26,70.0,215.0,Clemson,2021.0,1.0,25.0,JAX,2021,6,15.0,0.0,0.0,0.0,0.0,2024.0,Travis Etienne,JAX,25.0,RB,15.0,15.0,52.0,39.0,254.0,,13.0,-42.0,-1.1,296.0,7.6,0.2,4.0,9.8,2.0,0.038,1.0,76.9,2025-09-03,2024.0,Travis Etienne,JAX,25.0,RB,15.0,15.0,150.0,558.0,,31.0,283.0,1.9,275.0,1.8,3.0,50.0,2025-09-03,,,,,,,,,,,,,,,,,,,,,,,,,,,,,,,,,,,,,,,,,,,,,,,,,,,,,,,,,,,15,8.8,-0.1,6,0,0
2024,Tank Bigsby,T.Bigsby,00-0038555,JAX,RB,RB,36.0,16,129.0,8.0625,122.0,7.0,7,12,54,0,0.022988505747126436,-0.0028347143480157,0.032498458577078664,168,766,7,0,0,0,0,0,351.0,0.36125,0.36752136752136755,8.0625,7.771218265711839,25.9,2,RB,"https://static.www.nfl.com/image/upload/f_auto,q_auto/league/vfkdjfpiyrcuzahrmfvn",REG,0,0,0,0,0,0,0,,,0,,0,0,0,0,3,1,39,-0.8408931505243302,0,20,15,4,2,0,0,-13,64,1,-2.849544583586976,0,1,1,1,0,-4.153846153846154,0,2,0,0,0,0,0,0.0,0.0,0,0,0,0,0,0,0,0,0,0,0,0,0,1,0,0,0,0,1,9,4,0,0,4,1,0,0,6,195,0,0,0,0,,,0,0,0,0,0,0,0,0,0,0,0,0,,,,0,0,0,0,0,0,0,,0,0,0,0,,0,0,,0,0,0,0,0,0,0,0,0,0,,,,,,,,,,,,,,,,,,,,,,,,,,,,,,,,,,,,,,,,,,,,,,,,,,,,,,,,,,,,,,,,,,,,,,,,,,,,,,,,,,,,,,,,,,,,,,,,,,,,,,,,,,,,,,,,,,,,,,,,,,,,,,,,,,,,,,,,,,,,,,,,,,,,00-0038555,BigsTa00,4429013.0,Tank Bigsby,2002-08-30,71.0,215.0,Auburn,2023.0,3.0,88.0,JAX,2023,4,16.0,0.0,46.0,0.0,0.11875000000000001,2024.0,Tank Bigsby,JAX,23.0,RB,16.0,1.0,12.0,7.0,54.0,,1.0,-10.0,-1.4,64.0,9.1,-1.1,1.0,7.0,2.0,0.16699999999999998,1.0,34.7,2025-09-03,2024.0,Tank Bigsby,JAX,23.0,RB,16.0,1.0,168.0,766.0,,39.0,295.0,1.8,471.0,2.8,14.0,12.0,2025-09-03,,,,,,,,,,,,,,,,,,,,,,,,,,,,,,,,,,,,,,,,,,,,,,,,,,,,,,,,,,,16,5.9,0.0,6,2,1
2024,Justice Hill,J.Hill,00-0034975,BAL,RB,RB,37.0,15,127.1,8.473333333333333,85.1,42.0,42,51,383,3,0.11159737417943107,-0.008169149447381067,0.16167765665597986,47,228,1,0,0,0,0,0,414.0,0.41733333333333333,0.3070048309178744,8.473333333333334,6.13938883261968,21.6,1,RB,"https://static.www.nfl.com/image/upload/f_auto,q_auto/league/fuodbrwvianete2gy5ag",REG,0,0,0,0,0,0,0,,,0,,0,0,0,0,0,0,14,0.7191480582114309,0,6,5,2,1,0,0,-34,438,17,14.125376755954985,0,16,10,3,0,-11.264705882352942,0,1,0,0,0,0,0,0.0,0.0,0,0,0,0,0,0,0,0,0,0,0,0,0,0,0,0,0,0,1,0,0,0,0,0,0,0,0,5,183,0,0,0,0,,,0,0,0,0,0,0,0,0,0,0,0,0,,,,0,0,0,0,0,0,0,,0,0,0,0,,0,0,,0,0,0,0,0,0,0,0,0,0,J.Hill,Justice Hill,RB,RB,"https://static.www.nfl.com/image/upload/f_auto,q_auto/league/fuodbrwvianete2gy5ag",2024.0,POST,BAL,2.0,0.0,0.0,0.0,0.0,0.0,0.0,0.0,0.0,0.0,0.0,0.0,0.0,,,0.0,,0.0,0.0,0.0,0.0,12.0,62.0,0.0,0.0,0.0,4.0,0.09402496635448188,0.0,3.0,1.0,1.0,0.0,6.0,6.0,20.0,1.0,0.0,0.0,-10.0,30.0,3.0,2.6368992596690077,0.0,0.0,0.0,0.0,0.0,-2.0,0.13636363636363635,-0.026455026455026454,0.186026936026936,0.0,1.0,0.0,0.0,0.0,0.0,0.0,0.0,0.0,0.0,0.0,0.0,0.0,0.0,0.0,0.0,0.0,0.0,0.0,0.0,0.0,0.0,0.0,0.0,0.0,0.0,0.0,0.0,0.0,0.0,0.0,0.0,0.0,0.0,0.0,0.0,0.0,0.0,0.0,0.0,0.0,0.0,,,0.0,0.0,0.0,0.0,0.0,0.0,0.0,0.0,0.0,0.0,0.0,0.0,,,,0.0,0.0,0.0,0.0,0.0,0.0,0.0,,0.0,0.0,0.0,0.0,,0.0,0.0,,0.0,0.0,0.0,0.0,0.0,0.0,0.0,0.0,0.0,0.0,14.200000000000001,20.200000000000003,00-0034975,HillJu00,4038441.0,Justice Hill,1997-11-14,70.0,195.0,Oklahoma State,2019.0,4.0,113.0,BAL,2019,8,15.0,0.0,68.0,0.0,0.15866666666666665,2024.0,Justice Hill,BAL,27.0,RB,15.0,0.0,51.0,42.0,383.0,,17.0,-55.0,-1.3,438.0,10.4,-0.5,5.0,8.4,2.0,0.039,1.0,109.4,2025-09-03,2024.0,Justice Hill,BAL,27.0,RB,15.0,0.0,47.0,228.0,,14.0,90.0,1.9,138.0,2.9,6.0,7.8,2025-09-03,,,,,,,,,,,,,,,,,,,,,,,,,,,,,,,,,,,,,,,,,,,,,,,,,,,,,,,,,,,15,7.4,1.4,5,2,0
2024,Ameer Abdullah,A.Abdullah,00-0032104,LV,RB,RB,38.0,15,125.2,8.346666666666668,85.2,40.0,40,47,261,3,0.07939189189189189,0.006958473625140292,0.12395876937543604,66,311,2,0,0,0,0,0,410.0,0.369375,0.3053658536585366,8.346666666666668,7.467631740352748,19.6,0,RB,"https://static.www.nfl.com/image/upload/f_auto,q_auto/league/k8teyeiqchljlm0h5te4",REG,0,0,0,0,0,0,0,,,0,,0,0,0,0,1,1,14,-7.581538221371562,0,8,4,1,1,0,0,31,252,16,11.852883492729346,0,10,1,1,0,8.419354838709678,0,2,0,2,0,0,0,0.0,0.0,0,0,0,0,0,1,0,0,0,0,0,0,0,1,0,0,0,0,1,10,1,1,0,2,1,10,91,9,296,0,0,0,0,,,0,0,0,0,0,0,0,0,0,0,0,0,,,,0,0,0,0,0,0,0,,0,0,0,0,,0,0,,0,0,0,0,0,0,0,0,0,0,,,,,,,,,,,,,,,,,,,,,,,,,,,,,,,,,,,,,,,,,,,,,,,,,,,,,,,,,,,,,,,,,,,,,,,,,,,,,,,,,,,,,,,,,,,,,,,,,,,,,,,,,,,,,,,,,,,,,,,,,,,,,,,,,,,,,,,,,,,,,,,,,,,,00-0032104,AbduAm00,2576336.0,Ameer Abdullah,1993-06-13,69.0,203.0,Nebraska,2015.0,2.0,54.0,DET,2015,12,16.0,0.0,192.0,0.0,0.43875000000000003,2024.0,Ameer Abdullah,LV,31.0,RB,16.0,3.0,47.0,40.0,261.0,,16.0,9.0,0.2,252.0,6.3,0.7,2.0,20.0,0.0,0.0,0.0,111.1,2025-09-03,2024.0,Ameer Abdullah,LV,31.0,RB,16.0,3.0,66.0,311.0,,14.0,183.0,2.8,128.0,1.9,5.0,13.2,2025-09-03,,,,,,,,,,,,,,,,,,,,,,,,,,,,,,,,,,,,,,,,,,,,,,,,,,,,,,,,,,,15,5.6,0.0,6,4,0
2024,Jaylen Warren,J.Warren,00-0037228,PIT,RB,RB,39.0,15,124.10000000000001,8.273333333333333,86.10000000000001,38.0,38,47,310,0,0.10217391304347827,-0.0010136847440446021,0.15255129024438618,120,511,1,0,0,0,0,0,447.0,0.44933333333333336,0.2776286353467562,8.273333333333333,4.7475507469892415,16.200000000000003,0,RB,"https://static.www.nfl.com/image/upload/f_auto,q_auto/league/dkiteytgnxar1mpaxcxv",REG,0,0,0,0,0,0,0,,,0,,0,0,0,0,1,1,28,-14.24301524644535,0,14,8,1,0,1,0,-4,315,16,1.6996221386777375,0,14,3,3,0,-77.5,0,0,0,0,0,0,0,0.0,0.0,0,0,0,0,0,0,0,0,0,0,0,0,0,3,0,0,0,0,0,0,2,0,0,2,1,0,0,9,227,0,0,0,0,,,0,0,0,0,0,0,0,0,0,0,0,0,,,,0,0,0,0,0,0,0,,0,0,0,0,,0,0,,0,0,0,0,0,0,0,0,0,0,J.Warren,Jaylen Warren,RB,RB,"https://static.www.nfl.com/image/upload/f_auto,q_auto/league/dkiteytgnxar1mpaxcxv",2024.0,POST,PIT,1.0,0.0,0.0,0.0,0.0,0.0,0.0,0.0,0.0,0.0,0.0,0.0,0.0,,,0.0,,0.0,0.0,0.0,0.0,2.0,6.0,0.0,0.0,0.0,1.0,0.11376040964387357,0.0,0.0,0.0,0.0,0.0,4.0,5.0,19.0,0.0,0.0,0.0,-11.0,28.0,1.0,-0.6774206690024585,0.0,0.0,0.0,0.0,0.0,-1.7272727272727273,0.19230769230769232,-0.04417670682730924,0.25753784368242205,0.0,0.0,0.0,0.0,0.0,0.0,0.0,0.0,0.0,0.0,0.0,0.0,0.0,0.0,0.0,0.0,0.0,0.0,0.0,0.0,0.0,0.0,0.0,0.0,0.0,0.0,0.0,0.0,0.0,0.0,0.0,0.0,0.0,0.0,0.0,0.0,0.0,0.0,0.0,0.0,0.0,0.0,,,0.0,0.0,0.0,0.0,0.0,0.0,0.0,0.0,0.0,0.0,0.0,0.0,,,,0.0,0.0,0.0,0.0,0.0,0.0,0.0,,0.0,0.0,0.0,0.0,,0.0,0.0,,0.0,0.0,0.0,0.0,0.0,0.0,0.0,0.0,0.0,0.0,2.5,6.5,00-0037228,WarrJa01,4569987.0,Jaylen Warren,1998-11-01,68.0,215.0,Oklahoma State,,,,,2022,5,15.0,0.0,69.0,0.0,0.1713333333333333,2024.0,Jaylen Warren,PIT,26.0,RB,15.0,0.0,47.0,38.0,310.0,,16.0,-5.0,-0.1,315.0,8.3,-0.1,5.0,7.6,1.0,0.021,0.0,94.1,2025-09-03,2024.0,Jaylen Warren,PIT,26.0,RB,15.0,0.0,120.0,511.0,,28.0,279.0,2.3,232.0,1.9,10.0,12.0,2025-09-03,,,,,,,,,,,,,,,,,,,,,,,,,,,,,,,,,,,,,,,,,,,,,,,,,,,,,,,,,,,15,8.100000000000001,1.1,5,2,0
2024,Ray Davis,R.Davis,00-0039875,BUF,RB,RB,40.0,17,116.1,6.829411764705882,99.1,17.0,17,19,189,3,0.03838383838383838,0.003754106053496011,0.06020363181320478,113,442,3,0,0,0,0,0,264.0,0.24352941176470586,0.43977272727272726,6.829411764705882,6.271240378294627,18.200000000000003,0,RB,"https://static.www.nfl.com/image/upload/f_auto,q_auto/league/xibwzhrl6q5xkgh3utug",REG,0,0,0,0,0,0,0,,,0,,0,0,0,0,0,0,25,-5.586368469577843,0,11,7,2,0,0,0,16,164,8,14.878928111167625,0,4,3,2,2,11.8125,0,0,0,0,0,0,0,0.0,0.0,0,0,0,0,0,0,0,0,0,0,0,0,0,0,0,0,0,0,1,10,0,0,0,0,0,0,0,7,147,0,0,0,0,,,0,0,0,0,0,0,0,0,0,0,0,0,,,,0,0,0,0,0,0,0,,0,0,0,0,,0,0,,0,0,0,0,0,0,0,0,0,0,R.Davis,Ray Davis,RB,RB,"https://static.www.nfl.com/image/upload/f_auto,q_auto/league/xibwzhrl6q5xkgh3utug",2024.0,POST,BUF,3.0,0.0,0.0,0.0,0.0,0.0,0.0,0.0,0.0,0.0,0.0,0.0,0.0,,,0.0,,0.0,0.0,0.0,0.0,7.0,36.0,1.0,1.0,0.0,2.0,1.8457779625896364,0.0,1.0,1.0,0.0,0.0,0.0,0.0,0.0,0.0,0.0,0.0,0.0,0.0,0.0,,0.0,0.0,0.0,0.0,0.0,,0.0,0.0,0.0,0.0,0.0,0.0,0.0,0.0,0.0,0.0,0.0,0.0,0.0,0.0,0.0,0.0,0.0,0.0,0.0,0.0,0.0,0.0,0.0,0.0,0.0,1.0,0.0,0.0,0.0,0.0,0.0,0.0,1.0,0.0,0.0,1.0,0.0,0.0,0.0,2.0,53.0,0.0,0.0,0.0,0.0,,,0.0,0.0,0.0,0.0,0.0,0.0,0.0,0.0,0.0,0.0,0.0,0.0,,,,0.0,0.0,0.0,0.0,0.0,0.0,0.0,,0.0,0.0,0.0,0.0,,0.0,0.0,,0.0,0.0,0.0,0.0,0.0,0.0,0.0,0.0,0.0,0.0,9.6,9.6,00-0039875,DaviRa04,4429501.0,Ray Davis,1999-11-20,68.0,211.0,Kentucky; Vanderbilt; Temple,2024.0,4.0,128.0,BUF,2024,3,17.0,0.0,56.0,0.0,0.1223529411764706,2024.0,Ray Davis,BUF,25.0,RB,17.0,0.0,19.0,17.0,189.0,,8.0,25.0,1.5,164.0,9.6,0.8,0.0,,0.0,0.0,0.0,147.7,2025-09-03,2024.0,Ray Davis,BUF,25.0,RB,17.0,0.0,113.0,442.0,,25.0,217.0,1.9,225.0,2.0,6.0,18.8,2025-09-03,,,,,,,,,,,,,,,,,,,,,,,,,,,,,,,,,,,,,,,,,,,,,,,,,,,,,,,,,,,17,3.8000000000000003,0.0,6,2,0
2024,Jordan Mason,J.Mason,00-0037525,SF,RB,RB,41.0,12,115.0,9.583333333333334,104.0,11.0,11,14,91,0,0.02729044834307992,0.011484098939929329,0.04897454177257041,153,789,3,0,0,0,0,0,378.0,0.48666666666666664,0.30423280423280424,9.583333333333334,7.970152654330614,24.0,2,RB,"https://static.www.nfl.com/image/upload/f_auto,q_auto/league/qeeucinnxl8mpzaw23hc",REG,0,0,0,0,0,0,0,,,0,,0,0,0,0,3,1,37,-5.442399821147764,0,23,16,9,0,0,0,52,59,5,4.628490873175906,0,2,1,1,0,1.75,0,0,0,0,0,0,0,0.0,0.0,0,0,0,0,0,0,0,0,0,0,0,0,0,3,-2,0,0,0,0,0,3,0,0,3,1,0,0,2,29,0,0,0,0,,,0,0,0,0,0,0,0,0,0,0,0,0,,,,0,0,0,0,0,0,0,,0,0,0,0,,0,0,,0,0,0,0,0,0,0,0,0,0,,,,,,,,,,,,,,,,,,,,,,,,,,,,,,,,,,,,,,,,,,,,,,,,,,,,,,,,,,,,,,,,,,,,,,,,,,,,,,,,,,,,,,,,,,,,,,,,,,,,,,,,,,,,,,,,,,,,,,,,,,,,,,,,,,,,,,,,,,,,,,,,,,,,00-0037525,MasoJo00,4360569.0,Jordan Mason,1999-05-24,71.0,230.0,Georgia Tech,,,,,2022,5,12.0,0.0,27.0,0.0,0.09583333333333333,2024.0,Jordan Mason,SF,25.0,RB,12.0,6.0,14.0,11.0,91.0,,5.0,32.0,2.9,59.0,5.4,3.7,1.0,11.0,0.0,0.0,0.0,93.7,2025-09-03,2024.0,Jordan Mason,SF,25.0,RB,12.0,6.0,153.0,789.0,,37.0,441.0,2.9,348.0,2.3,13.0,11.8,2025-09-03,,,,,,,,,,,,,,,,,,,,,,,,,,,,,,,,,,,,,,,,,,,,,,,,,,,,,,,,,,,12,8.850000000000001,0.5,4,3,0
2024,Tyjae Spears,T.Spears,00-0039032,TEN,RB,RB,42.0,12,113.6,9.466666666666667,83.6,30.0,30,35,224,1,0.06903353057199212,-0.007251461988304094,0.09847427246617531,84,312,4,0,0,0,0,0,320.0,0.4275,0.355,9.466666666666667,8.09638901927984,27.200000000000003,2,RB,"https://static.www.nfl.com/image/upload/f_auto,q_auto/league/pkly3nkohty1tuijtwty",REG,0,0,0,0,0,0,0,,,0,,0,0,0,0,0,0,19,-4.827575109383909,0,9,3,1,0,0,0,-31,255,9,-1.5182532323947613,0,7,6,2,1,-7.225806451612903,0,2,0,0,0,0,0,0.0,0.0,0,0,0,0,0,0,0,0,0,0,0,0,0,0,0,0,0,0,0,0,0,1,0,1,0,0,0,7,198,0,0,0,0,,,0,0,0,0,0,0,0,0,0,0,0,0,,,,0,0,0,0,0,0,0,,0,0,0,0,,0,0,,0,0,0,0,0,0,0,0,0,0,,,,,,,,,,,,,,,,,,,,,,,,,,,,,,,,,,,,,,,,,,,,,,,,,,,,,,,,,,,,,,,,,,,,,,,,,,,,,,,,,,,,,,,,,,,,,,,,,,,,,,,,,,,,,,,,,,,,,,,,,,,,,,,,,,,,,,,,,,,,,,,,,,,,00-0039032,SpeaTy00,4428557.0,Tyjae Spears,2001-06-15,71.0,200.0,Tulane,2023.0,3.0,81.0,TEN,2023,4,12.0,0.0,29.0,0.0,0.09666666666666666,2024.0,Tyjae Spears,TEN,23.0,RB,12.0,1.0,35.0,30.0,224.0,,9.0,-31.0,-1.0,255.0,8.5,-1.2,4.0,7.5,1.0,0.028999999999999998,0.0,102.9,2025-09-03,2024.0,Tyjae Spears,TEN,23.0,RB,12.0,1.0,84.0,312.0,,19.0,128.0,1.5,184.0,2.2,13.0,6.5,2025-09-03,,,,,,,,,,,,,,,,,,,,,,,,,,,,,,,,,,,,,,,,,,,,,,,,,,,,,,,,,,,12,7.65,0.30000000000000004,5,2,1
2024,Tyler Allgeier,T.Allgeier,00-0037263,ATL,RB,RB,43.0,17,106.2,6.247058823529412,93.2,13.0,13,13,88,0,0.02411873840445269,-0.0011195700850873264,0.03539440854711791,137,644,3,0,0,0,0,0,287.0,0.24941176470588236,0.37003484320557495,6.247058823529412,4.656999791585085,19.8,0,RB,"https://static.www.nfl.com/image/upload/f_auto,q_auto/league/sp9lhhmpv4qy3xy2msxd",REG,0,0,0,0,0,0,0,,,0,,0,0,0,0,0,0,43,5.485002475501387,1,18,14,4,0,0,0,-5,93,2,3.430491410394623,0,3,0,0,0,-17.6,0,5,0,1,0,0,0,0.0,0.0,0,0,0,0,0,0,0,0,0,0,0,0,0,0,0,0,0,0,0,0,0,0,0,0,0,0,0,0,0,0,0,0,0,,,0,0,0,0,0,0,0,0,0,0,0,0,,,,0,0,0,0,0,0,0,,0,0,0,0,,0,0,,0,0,0,0,0,0,0,0,0,0,,,,,,,,,,,,,,,,,,,,,,,,,,,,,,,,,,,,,,,,,,,,,,,,,,,,,,,,,,,,,,,,,,,,,,,,,,,,,,,,,,,,,,,,,,,,,,,,,,,,,,,,,,,,,,,,,,,,,,,,,,,,,,,,,,,,,,,,,,,,,,,,,,,,00-0037263,AllgTy00,4373626.0,Tyler Allgeier,2000-04-15,70.0,225.0,BYU,2022.0,5.0,151.0,ATL,2022,5,17.0,0.0,204.0,0.0,0.46588235294117647,2024.0,Tyler Allgeier,ATL,24.0,RB,17.0,0.0,13.0,13.0,88.0,,2.0,-5.0,-0.4,93.0,7.2,-0.4,2.0,6.5,0.0,0.0,0.0,94.9,2025-09-03,2024.0,Tyler Allgeier,ATL,24.0,RB,17.0,0.0,137.0,644.0,,43.0,288.0,2.1,356.0,2.6,7.0,19.6,2025-09-03,,,,,,,,,,,,,,,,,,,,,,,,,,,,,,,,,,,,,,,,,,,,,,,,,,,,,,,,,,,17,5.5,0.9,3,1,0
2024,Antonio Gibson,A.Gibson,00-0036328,NE,RB,RB,44.0,17,103.4,6.082352941176471,80.4,23.0,23,29,206,0,0.058,0.013805678562125553,0.09666397499348789,120,538,1,0,0,0,0,0,359.0,0.33294117647058824,0.2880222841225627,6.082352941176471,3.633392920900114,12.2,0,RB,"https://static.www.nfl.com/image/upload/f_auto,q_auto/league/j7ixpkm7u4tdoqwzmbt4",REG,0,0,0,0,0,0,0,,,0,,0,0,0,0,2,0,24,-10.650857649656245,0,14,10,4,1,0,0,53,213,11,2.4091973559776187,0,8,2,2,1,3.8867924528301887,0,1,0,0,0,0,0,0.0,0.0,0,0,0,0,0,0,0,0,0,0,0,0,0,2,0,0,0,0,0,0,2,0,0,2,0,0,0,9,239,0,0,0,0,,,0,0,0,0,0,0,0,0,0,0,0,0,,,,0,0,0,0,0,0,0,,0,0,0,0,,0,0,,0,0,0,0,0,0,0,0,0,0,,,,,,,,,,,,,,,,,,,,,,,,,,,,,,,,,,,,,,,,,,,,,,,,,,,,,,,,,,,,,,,,,,,,,,,,,,,,,,,,,,,,,,,,,,,,,,,,,,,,,,,,,,,,,,,,,,,,,,,,,,,,,,,,,,,,,,,,,,,,,,,,,,,,00-0036328,GibsAn00,4360294.0,Antonio Gibson,1998-06-23,72.0,228.0,Memphis; East Central JC,2020.0,3.0,66.0,WAS,2020,6,17.0,0.0,73.0,0.0,0.1711764705882353,2024.0,Antonio Gibson,NE,26.0,RB,17.0,3.0,29.0,23.0,206.0,,11.0,-7.0,-0.3,213.0,9.3,1.8,3.0,7.7,1.0,0.034,2.0,67.5,2025-09-03,2024.0,Antonio Gibson,NE,26.0,RB,17.0,3.0,120.0,538.0,,24.0,215.0,1.8,323.0,2.7,12.0,10.0,2025-09-03,,,,,,,,,,,,,,,,,,,,,,,,,,,,,,,,,,,,,,,,,,,,,,,,,,,,,,,,,,,17,6.300000000000001,0.7000000000000001,4,0,0
2024,Jaleel McLaughlin,J.McLaughlin,00-0038794,DEN,RB,RB,45.0,16,97.2,6.075,73.2,24.0,24,27,76,2,0.04918032786885246,-0.02639225181598063,0.055295915532092246,113,496,1,0,0,0,0,0,296.0,0.281875,0.3283783783783784,6.075,3.5220259321400054,12.600000000000001,0,RB,"https://static.www.nfl.com/image/upload/f_auto,q_auto/league/jlzkji7mfkcmkyz2tygj",REG,0,0,0,0,0,0,0,,,0,,0,0,0,0,0,0,25,-0.9885519364324864,0,16,10,1,0,1,1,-109,167,3,-11.26463073791448,0,1,0,0,0,-0.6972477064220184,0,1,0,0,0,0,0,0.0,0.0,0,0,0,0,0,0,0,0,0,0,0,0,0,0,0,0,0,0,0,0,1,0,0,1,1,0,0,0,0,0,0,0,0,,,0,0,0,0,0,0,0,0,0,0,0,0,,,,0,0,0,0,0,0,0,,0,0,0,0,,0,0,,0,0,0,0,0,0,0,0,0,0,J.McLaughlin,Jaleel McLaughlin,RB,RB,"https://static.www.nfl.com/image/upload/f_auto,q_auto/league/jlzkji7mfkcmkyz2tygj",2024.0,POST,DEN,1.0,0.0,0.0,0.0,0.0,0.0,0.0,0.0,0.0,0.0,0.0,0.0,0.0,,,0.0,,0.0,0.0,0.0,0.0,2.0,-2.0,0.0,0.0,0.0,0.0,-1.7254987526685,0.0,0.0,0.0,0.0,0.0,1.0,1.0,0.0,0.0,0.0,0.0,-2.0,2.0,0.0,-3.312370792555157,0.0,0.0,0.0,0.0,0.0,-0.0,0.043478260869565216,-0.007272727272727273,0.060126482213438734,0.0,0.0,0.0,0.0,0.0,0.0,0.0,0.0,0.0,0.0,0.0,0.0,0.0,0.0,0.0,0.0,0.0,0.0,0.0,0.0,0.0,0.0,0.0,0.0,0.0,0.0,0.0,0.0,0.0,0.0,0.0,0.0,0.0,0.0,0.0,0.0,0.0,0.0,0.0,0.0,0.0,0.0,,,0.0,0.0,0.0,0.0,0.0,0.0,0.0,0.0,0.0,0.0,0.0,0.0,,,,0.0,0.0,0.0,0.0,0.0,0.0,0.0,,0.0,0.0,0.0,0.0,,0.0,0.0,,0.0,0.0,0.0,0.0,0.0,0.0,0.0,0.0,0.0,0.0,-0.2,0.8,00-0038794,McLaJa00,4722893.0,Jaleel McLaughlin,2000-09-13,69.0,183.0,Youngstown State,,,,,2023,4,16.0,0.0,3.0,0.0,0.006875000000000001,2024.0,Jaleel McLaughlin,DEN,24.0,RB,16.0,5.0,27.0,24.0,76.0,,3.0,-91.0,-3.8,167.0,7.0,-3.8,1.0,24.0,0.0,0.0,0.0,103.9,2025-09-03,2024.0,Jaleel McLaughlin,DEN,24.0,RB,16.0,5.0,113.0,496.0,,25.0,302.0,2.7,194.0,1.7,8.0,14.1,2025-09-03,,,,,,,,,,,,,,,,,,,,,,,,,,,,,,,,,,,,,,,,,,,,,,,,,,,,,,,,,,,16,5.700000000000001,0.6000000000000001,2,0,0
2024,Devin Singletary,D.Singletary,00-0035250,NYG,RB,RB,46.0,15,96.6,6.4399999999999995,75.6,21.0,21,24,119,0,0.04332129963898917,-0.016919631749191342,0.05313820723404981,113,437,4,0,0,0,0,0,380.0,0.3893333333333333,0.25421052631578944,6.44,5.357078094846641,18.8,0,RB,"https://static.www.nfl.com/image/upload/f_auto,q_auto/league/xy2r2msxjqneml2c1cdc",REG,0,0,0,0,0,0,0,,,0,,0,0,0,0,2,2,24,-11.144816790469909,0,10,7,2,1,0,0,-68,178,4,-11.24154247296974,0,4,1,1,0,-1.75,0,1,0,0,0,0,0,0.0,0.0,0,0,0,0,0,0,0,0,0,0,0,0,0,0,0,0,0,0,0,0,2,0,0,2,2,0,0,0,0,0,0,0,0,,,0,0,0,0,0,0,0,0,0,0,0,0,,,,0,0,0,0,0,0,0,,0,0,0,0,,0,0,,0,0,0,0,0,0,0,0,0,0,,,,,,,,,,,,,,,,,,,,,,,,,,,,,,,,,,,,,,,,,,,,,,,,,,,,,,,,,,,,,,,,,,,,,,,,,,,,,,,,,,,,,,,,,,,,,,,,,,,,,,,,,,,,,,,,,,,,,,,,,,,,,,,,,,,,,,,,,,,,,,,,,,,,00-0035250,SingDe00,4040761.0,Devin Singletary,1997-09-03,67.0,203.0,Florida Atlantic,2019.0,3.0,74.0,BUF,2019,8,15.0,0.0,0.0,0.0,0.0,2024.0,Devin Singletary,NYG,27.0,RB,15.0,5.0,24.0,21.0,119.0,,4.0,-59.0,-2.8,178.0,8.5,-2.8,1.0,21.0,1.0,0.042,2.0,52.6,2025-09-03,2024.0,Devin Singletary,NYG,27.0,RB,15.0,5.0,113.0,437.0,,24.0,206.0,1.8,231.0,2.0,10.0,11.3,2025-09-03,,,,,,,,,,,,,,,,,,,,,,,,,,,,,,,,,,,,,,,,,,,,,,,,,,,,,,,,,,,15,4.300000000000001,0.8,3,1,0
2024,Isaac Guerendo,I.Guerendo,00-0039363,SF,RB,RB,47.0,16,96.2,6.0125,81.2,15.0,15,16,152,0,0.031189083820662766,0.011042402826855124,0.054513307709792735,84,420,4,0,0,0,0,0,227.0,0.229375,0.4237885462555066,6.0125,8.236089282339446,26.8,1,RB,"https://static.www.nfl.com/image/upload/f_auto,q_auto/league/uy1bdu0dokosyzl4ohmi",REG,0,0,0,0,0,0,0,,,0,,0,0,0,0,0,0,18,4.852067155530676,0,9,7,2,1,1,0,50,107,7,6.534524605667684,0,6,3,3,1,3.04,0,0,0,2,0,0,0,0.0,0.0,0,0,0,0,0,0,0,0,0,0,0,0,0,0,0,0,0,0,0,0,3,0,1,3,1,0,0,6,163,0,0,0,0,,,0,0,0,0,0,0,0,0,0,0,0,0,,,,0,0,0,0,0,0,0,,0,0,0,0,,0,0,,0,0,0,0,0,0,0,0,0,0,,,,,,,,,,,,,,,,,,,,,,,,,,,,,,,,,,,,,,,,,,,,,,,,,,,,,,,,,,,,,,,,,,,,,,,,,,,,,,,,,,,,,,,,,,,,,,,,,,,,,,,,,,,,,,,,,,,,,,,,,,,,,,,,,,,,,,,,,,,,,,,,,,,,00-0039363,GuerIs00,4372561.0,Isaac Guerendo,2000-06-28,72.0,221.0,Louisville; Wisconsin,2024.0,4.0,129.0,SF,2024,3,16.0,0.0,124.0,0.0,0.296875,2024.0,Isaac Guerendo,SF,24.0,RB,16.0,3.0,16.0,15.0,152.0,,7.0,45.0,3.0,107.0,7.1,3.1,1.0,15.0,0.0,0.0,0.0,106.2,2025-09-03,2024.0,Isaac Guerendo,SF,24.0,RB,16.0,3.0,84.0,420.0,,18.0,180.0,2.1,240.0,2.9,3.0,28.0,2025-09-03,,,,,,,,,,,,,,,,,,,,,,,,,,,,,,,,,,,,,,,,,,,,,,,,,,,,,,,,,,,16,1.8000000000000003,0.0,4,2,1
2024,Emanuel Wilson,Em.Wilson,00-0038797,GB,RB,RB,48.0,17,96.0,5.647058823529412,85.0,11.0,11,14,48,1,0.03017241379310345,-0.015046572725101504,0.03472601978208412,103,502,4,0,0,0,0,0,263.0,0.23411764705882354,0.3650190114068441,5.647058823529412,5.159350449312735,16.5,0,RB,"https://static.www.nfl.com/image/upload/f_auto,q_auto/league/uorruvczsxzvffpbxu8z",REG,0,0,0,0,0,0,0,,,0,,0,0,0,0,0,0,27,9.20893033756883,0,13,11,1,0,0,0,-63,99,3,-3.5111703557152856,0,2,2,1,0,-0.7619047619047619,0,0,0,0,0,0,0,0.0,0.0,0,0,0,0,0,0,0,0,0,0,0,0,0,1,0,0,0,0,1,5,0,0,0,0,0,0,0,0,0,0,0,0,0,,,0,0,0,0,0,0,0,0,0,0,0,0,,,,0,0,0,0,0,0,0,,0,0,0,0,,0,0,,0,0,0,0,0,0,0,0,0,0,Em.Wilson,Emanuel Wilson,RB,RB,"https://static.www.nfl.com/image/upload/f_auto,q_auto/league/uorruvczsxzvffpbxu8z",2024.0,POST,GB,1.0,0.0,0.0,0.0,0.0,0.0,0.0,0.0,0.0,0.0,0.0,0.0,0.0,,,0.0,,0.0,0.0,0.0,0.0,3.0,6.0,0.0,0.0,0.0,0.0,-2.0731234045233577,0.0,0.0,0.0,0.0,0.0,1.0,3.0,23.0,0.0,0.0,0.0,7.0,30.0,1.0,0.5484302107112868,0.0,1.0,1.0,1.0,0.0,3.2857142857142856,0.09090909090909091,0.02527075812274368,0.15405316704955693,0.0,0.0,0.0,0.0,0.0,0.0,0.0,0.0,0.0,0.0,0.0,0.0,0.0,0.0,0.0,0.0,0.0,0.0,0.0,0.0,0.0,0.0,0.0,0.0,0.0,0.0,0.0,0.0,0.0,0.0,0.0,0.0,0.0,0.0,0.0,0.0,0.0,0.0,0.0,0.0,0.0,0.0,,,0.0,0.0,0.0,0.0,0.0,0.0,0.0,0.0,0.0,0.0,0.0,0.0,,,,0.0,0.0,0.0,0.0,0.0,0.0,0.0,,0.0,0.0,0.0,0.0,,0.0,0.0,,0.0,0.0,0.0,0.0,0.0,0.0,0.0,0.0,0.0,0.0,2.9000000000000004,3.9000000000000004,00-0038797,WilsEm00,4887558.0,Emanuel Wilson,1999-05-08,70.0,226.0,Fort Valley State College,,,,,2023,4,17.0,0.0,0.0,0.0,0.0,2024.0,Emanuel Wilson,GB,25.0,RB,17.0,0.0,14.0,11.0,48.0,,3.0,-51.0,-4.6,99.0,9.0,-4.5,1.0,11.0,0.0,0.0,0.0,104.8,2025-09-03,2024.0,Emanuel Wilson,GB,25.0,RB,17.0,0.0,103.0,502.0,,27.0,260.0,2.5,242.0,2.3,9.0,11.4,2025-09-03,,,,,,,,,,,,,,,,,,,,,,,,,,,,,,,,,,,,,,,,,,,,,,,,,,,,,,,,,,,17,2.7,0.7000000000000001,3,1,0
2024,Cam Akers,C.Akers,00-0036414,MIN,RB,RB,49.0,16,93.2,5.825,79.2,14.0,14,18,68,3,0.03290676416819013,-0.005802707930367505,0.045298250701027935,104,444,2,0,0,0,0,0,282.0,0.23941176470588238,0.33049645390070925,5.825,4.316093913096269,12.7,0,RB,"https://static.www.nfl.com/image/upload/f_auto,q_auto/league/dutj0wamu7giwghnmr4m",REG,0,0,0,0,0,0,0,,,0,,0,0,0,0,1,1,21,-18.5232545894105,0,16,12,2,1,0,0,-27,83,4,-1.0221885307149088,0,0,0,0,0,-2.5185185185185186,0,0,0,1,0,0,0,0.0,0.0,0,0,0,0,0,0,0,0,0,0,0,0,0,0,0,0,0,0,0,0,1,0,0,1,1,0,0,3,76,0,0,0,0,,,0,0,0,0,0,0,0,0,0,0,0,0,,,,0,0,0,0,0,0,0,,0,0,0,0,,0,0,,0,0,0,0,0,0,0,0,0,0,C.Akers,Cam Akers,RB,RB,"https://static.www.nfl.com/image/upload/f_auto,q_auto/league/dutj0wamu7giwghnmr4m",2024.0,POST,MIN,1.0,0.0,0.0,0.0,0.0,0.0,0.0,0.0,0.0,0.0,0.0,0.0,0.0,,,0.0,,0.0,0.0,0.0,0.0,5.0,39.0,0.0,0.0,0.0,1.0,-0.35022914328146726,0.0,1.0,1.0,1.0,0.0,0.0,0.0,0.0,0.0,0.0,0.0,0.0,0.0,0.0,,0.0,0.0,0.0,0.0,0.0,,0.0,0.0,0.0,0.0,0.0,0.0,0.0,0.0,0.0,0.0,0.0,0.0,0.0,0.0,0.0,0.0,0.0,0.0,0.0,0.0,0.0,0.0,0.0,0.0,0.0,0.0,0.0,0.0,0.0,0.0,0.0,0.0,0.0,0.0,0.0,0.0,0.0,0.0,0.0,0.0,0.0,0.0,0.0,0.0,0.0,,,0.0,0.0,0.0,0.0,0.0,0.0,0.0,0.0,0.0,0.0,0.0,0.0,,,,0.0,0.0,0.0,0.0,0.0,0.0,0.0,,0.0,0.0,0.0,0.0,,0.0,0.0,,0.0,0.0,0.0,0.0,0.0,0.0,0.0,0.0,0.0,0.0,3.9000000000000004,3.9000000000000004,00-0036414,AkerCa00,4240021.0,Cam Akers,1999-06-22,70.0,217.0,Florida State,2020.0,2.0,52.0,LA,2020,5,17.0,0.0,42.0,0.0,0.09588235294117647,2024.0,Cam Akers,2TM,25.0,RB,17.0,2.0,18.0,14.0,68.0,,4.0,-15.0,-1.1,83.0,5.9,-1.5,0.0,,0.0,0.0,0.0,122.0,2025-09-03,2024.0,Cam Akers,2TM,25.0,RB,17.0,2.0,104.0,444.0,,21.0,226.0,2.2,218.0,2.1,7.0,14.9,2025-09-03,,,,,,,,,,,,,,,,,,,,,,,,,,,,,,,,,,,,,,,,,,,,,,,,,,,,,,,,,,,16,5.5,-0.1,3,0,0
2024,Ty Johnson,Ty.Johnson,00-0035537,BUF,RB,RB,50.0,17,91.7,5.394117647058824,73.7,18.0,18,25,284,3,0.050505050505050504,0.04786485218207415,0.10926297228502765,41,213,1,0,0,0,0,0,316.0,0.28764705882352937,0.2901898734177215,5.394117647058824,4.961409903978316,17.3,0,RB,"https://static.www.nfl.com/image/upload/f_auto,q_auto/league/zruhihypizhtgpvsaj3c",REG,0,0,0,0,0,0,0,,,0,,0,0,0,0,0,0,13,0.6679014434921555,0,7,7,0,0,0,0,204,170,14,23.401920958675447,0,9,8,5,1,1.392156862745098,0,6,0,0,0,0,0,0.0,0.0,0,0,0,0,0,0,0,0,0,0,0,0,0,1,0,0,0,0,0,0,0,0,0,0,0,0,0,5,130,0,0,0,0,,,0,0,0,0,0,0,0,0,0,0,0,0,,,,0,0,0,0,0,0,0,,0,0,0,0,,0,0,,0,0,0,0,0,0,0,0,0,0,Ty.Johnson,Ty Johnson,RB,RB,"https://static.www.nfl.com/image/upload/f_auto,q_auto/league/zruhihypizhtgpvsaj3c",2024.0,POST,BUF,3.0,0.0,0.0,0.0,0.0,0.0,0.0,0.0,0.0,0.0,0.0,0.0,0.0,,,0.0,,0.0,0.0,0.0,0.0,20.0,94.0,0.0,0.0,0.0,5.0,0.25840516100837485,0.0,2.0,1.0,0.0,0.0,4.0,4.0,34.0,1.0,0.0,0.0,20.0,14.0,3.0,4.24463936657412,0.0,1.0,1.0,1.0,0.0,1.7,0.05194805194805195,0.02967359050445104,0.09869359127519364,0.0,1.0,0.0,0.0,0.0,0.0,0.0,0.0,0.0,0.0,0.0,0.0,0.0,0.0,0.0,0.0,0.0,0.0,0.0,0.0,0.0,0.0,0.0,0.0,0.0,0.0,0.0,0.0,0.0,0.0,0.0,0.0,0.0,0.0,0.0,0.0,2.0,59.0,0.0,0.0,0.0,0.0,,,0.0,0.0,0.0,0.0,0.0,0.0,0.0,0.0,0.0,0.0,0.0,0.0,,,,0.0,0.0,0.0,0.0,0.0,0.0,0.0,,0.0,0.0,0.0,0.0,,0.0,0.0,,0.0,0.0,0.0,0.0,0.0,0.0,0.0,0.0,0.0,0.0,18.8,22.8,00-0035537,JohnTy02,3915411.0,Ty Johnson,1997-09-17,70.0,210.0,Maryland,2019.0,6.0,186.0,DET,2019,8,17.0,0.0,113.0,0.0,0.2529411764705882,2024.0,Ty Johnson,BUF,27.0,RB,17.0,1.0,25.0,18.0,284.0,,14.0,114.0,6.3,170.0,9.4,8.2,1.0,18.0,0.0,0.0,0.0,149.0,2025-09-03,2024.0,Ty Johnson,BUF,27.0,RB,17.0,1.0,41.0,213.0,,13.0,106.0,2.6,107.0,2.6,2.0,20.5,2025-09-03,,,,,,,,,,,,,,,,,,,,,,,,,,,,,,,,,,,,,,,,,,,,,,,,,,,,,,,,,,,17,3.5,0.0,3,1,0
2024,Braelon Allen,B.Allen,00-0039794,NYJ,RB,RB,51.0,17,85.2,5.011764705882353,66.2,19.0,19,27,148,1,0.04584040747028863,-0.00121153380179307,0.0679125375441778,92,334,2,0,0,0,0,0,283.0,0.26,0.3010600706713781,5.011764705882353,5.078494160789837,19.6,0,RB,"https://static.www.nfl.com/image/upload/f_auto,q_auto/league/fmpzgmfjmcbrv1gmqbdn",REG,0,0,0,0,0,0,0,,,0,,0,0,0,0,0,0,22,-7.616423593426589,0,5,2,1,0,0,0,-5,163,8,4.739825129858218,0,8,0,0,0,-29.6,0,1,0,0,0,0,0,0.0,0.0,0,0,0,0,0,0,0,0,0,0,0,0,0,0,0,0,0,0,0,0,0,0,0,0,0,0,0,0,0,0,0,0,0,,,0,0,0,0,0,0,0,0,0,0,0,0,,,,0,0,0,0,0,0,0,,0,0,0,0,,0,0,,0,0,0,0,0,0,0,0,0,0,,,,,,,,,,,,,,,,,,,,,,,,,,,,,,,,,,,,,,,,,,,,,,,,,,,,,,,,,,,,,,,,,,,,,,,,,,,,,,,,,,,,,,,,,,,,,,,,,,,,,,,,,,,,,,,,,,,,,,,,,,,,,,,,,,,,,,,,,,,,,,,,,,,,00-0039794,AlleBr05,4685247.0,Braelon Allen,2004-01-20,73.0,235.0,Wisconsin,2024.0,4.0,134.0,NYJ,2024,3,17.0,0.0,165.0,0.0,0.38,2024.0,Braelon Allen,NYJ,20.0,RB,17.0,2.0,27.0,19.0,148.0,,8.0,-15.0,-0.8,163.0,8.6,-0.2,2.0,9.5,4.0,0.14800000000000002,0.0,95.9,2025-09-03,2024.0,Braelon Allen,NYJ,20.0,RB,17.0,2.0,92.0,334.0,,22.0,143.0,1.6,191.0,2.1,4.0,23.0,2025-09-03,,,,,,,,,,,,,,,,,,,,,,,,,,,,,,,,,,,,,,,,,,,,,,,,,,,,,,,,,,,17,3.8000000000000003,0.5,2,1,0
2024,Zack Moss,Z.Moss,00-0036251,CIN,RB,RB,52.0,8,81.9,10.2375,58.900000000000006,23.0,23,27,187,1,0.042993630573248405,0.0006501950585175553,0.0649455824008349,74,242,2,0,0,0,0,0,297.0,0.6175,0.27575757575757576,10.2375,6.730301946102738,20.700000000000003,1,RB,"https://static.www.nfl.com/image/upload/f_auto,q_auto/league/oxrltdgoquiabhihhgnk",REG,0,0,0,0,0,0,0,,,0,,0,0,0,0,2,1,13,-19.991488541239377,0,5,3,0,0,0,0,3,194,11,12.666544246429112,0,8,2,1,0,62.333333333333336,0,0,0,1,0,0,0,0.0,0.0,0,0,0,0,0,0,0,0,0,0,0,0,0,1,0,0,0,0,0,0,2,0,0,2,1,0,0,0,0,0,0,0,0,,,0,0,0,0,0,0,0,0,0,0,0,0,,,,0,0,0,0,0,0,0,,0,0,0,0,,0,0,,0,0,0,0,0,0,0,0,0,0,,,,,,,,,,,,,,,,,,,,,,,,,,,,,,,,,,,,,,,,,,,,,,,,,,,,,,,,,,,,,,,,,,,,,,,,,,,,,,,,,,,,,,,,,,,,,,,,,,,,,,,,,,,,,,,,,,,,,,,,,,,,,,,,,,,,,,,,,,,,,,,,,,,,00-0036251,MossZa00,4035676.0,Zack Moss,1997-12-15,70.0,220.0,Utah,2020.0,3.0,86.0,BUF,2020,5,8.0,0.0,0.0,0.0,0.0,2024.0,Zack Moss,CIN,27.0,RB,8.0,6.0,27.0,23.0,187.0,,11.0,-7.0,-0.3,194.0,8.4,0.1,3.0,7.7,1.0,0.037000000000000005,0.0,107.9,2025-09-03,2024.0,Zack Moss,CIN,27.0,RB,8.0,6.0,74.0,242.0,,13.0,166.0,2.2,76.0,1.0,4.0,18.5,2025-09-03,,,,,,,,,,,,,,,,,,,,,,,,,,,,,,,,,,,,,,,,,,,,,,,,,,,,,,,,,,,8,8.05,0.5,3,2,0
2024,Samaje Perine,S.Perine,00-0033526,KC,RB,RB,53.0,17,81.4,4.788235294117648,53.400000000000006,28.0,28,35,322,1,0.06118881118881119,0.002890173410404624,0.09380633817050002,20,92,1,0,0,0,0,0,296.0,0.2582352941176471,0.275,4.788235294117648,2.9624488081950835,13.5,0,RB,"https://static.www.nfl.com/image/upload/f_auto,q_auto/league/fllwhcdovol5i7xxahf6",REG,0,0,0,0,0,0,0,,,0,,0,0,0,0,0,0,7,-0.6897319894387277,0,3,1,0,0,0,0,11,313,15,14.760987969615641,0,15,7,5,0,29.272727272727273,0,1,0,2,0,0,0,0.0,0.0,0,0,0,0,0,0,0,0,0,0,0,0,0,1,7,1,0,0,0,0,0,0,0,0,0,0,0,5,163,0,0,0,0,,,0,0,0,0,0,0,0,0,0,0,0,0,,,,0,0,0,0,0,0,0,,0,0,0,0,,0,0,,0,0,0,0,0,0,0,0,0,0,S.Perine,Samaje Perine,RB,RB,"https://static.www.nfl.com/image/upload/f_auto,q_auto/league/fllwhcdovol5i7xxahf6",2024.0,POST,KC,3.0,0.0,0.0,0.0,0.0,0.0,0.0,0.0,0.0,0.0,0.0,0.0,0.0,,,0.0,,0.0,0.0,0.0,0.0,1.0,8.0,0.0,0.0,0.0,1.0,0.7261768601019867,0.0,0.0,0.0,0.0,0.0,1.0,3.0,17.0,0.0,0.0,0.0,-1.0,17.0,1.0,1.2524722505049488,0.0,1.0,1.0,0.0,0.0,-17.0,0.037037037037037035,-0.0017006802721088435,0.05436507936507936,0.0,0.0,0.0,0.0,0.0,0.0,0.0,0.0,0.0,0.0,0.0,0.0,0.0,0.0,0.0,0.0,0.0,0.0,0.0,0.0,0.0,0.0,1.0,0.0,0.0,0.0,0.0,0.0,0.0,0.0,0.0,0.0,0.0,0.0,0.0,0.0,1.0,21.0,0.0,0.0,0.0,0.0,,,0.0,0.0,0.0,0.0,0.0,0.0,0.0,0.0,0.0,0.0,0.0,0.0,,,,0.0,0.0,0.0,0.0,0.0,0.0,0.0,,0.0,0.0,0.0,0.0,,0.0,0.0,,0.0,0.0,0.0,0.0,0.0,0.0,0.0,0.0,0.0,0.0,2.5,3.5,00-0033526,PeriSa00,3116389.0,Samaje Perine,1995-09-16,70.0,240.0,Oklahoma,2017.0,4.0,114.0,WAS,2017,10,17.0,0.0,110.0,0.0,0.25588235294117645,2024.0,Samaje Perine,KC,29.0,RB,17.0,0.0,35.0,28.0,322.0,,15.0,9.0,0.3,313.0,11.2,0.3,3.0,9.3,1.0,0.028999999999999998,0.0,114.5,2025-09-03,2024.0,Samaje Perine,KC,29.0,RB,17.0,0.0,20.0,92.0,,7.0,54.0,2.7,38.0,1.9,0.0,,2025-09-03,,,,,,,,,,,,,,,,,,,,,,,,,,,,,,,,,,,,,,,,,,,,,,,,,,,,,,,,,,,17,4.4,1.3,1,0,0
2024,Roschon Johnson,R.Johnson,00-0039021,CHI,RB,RB,54.0,13,77.4,5.953846153846154,61.400000000000006,16.0,16,20,104,0,0.03802281368821293,0.0024261138067931186,0.05873250019707458,55,150,6,0,0,0,0,0,272.0,0.2814285714285714,0.2845588235294118,5.953846153846154,4.61421993851893,14.5,0,RB,"https://static.www.nfl.com/image/upload/f_auto,q_auto/league/xbham6uvckkshpntb8oj",REG,0,0,0,0,0,0,0,,,0,,0,0,0,0,0,0,17,-4.452373653865857,0,0,0,0,0,0,0,11,96,6,6.6102612476970535,0,3,1,0,0,9.454545454545455,0,2,0,0,0,0,0,0.0,0.0,0,0,0,0,0,0,0,0,0,0,0,0,0,0,0,0,0,0,0,0,0,0,0,0,0,0,0,0,0,0,0,0,0,,,0,0,0,0,0,0,0,0,0,0,0,0,,,,0,0,0,0,0,0,0,,0,0,0,0,,0,0,,0,0,0,0,0,0,0,0,0,0,,,,,,,,,,,,,,,,,,,,,,,,,,,,,,,,,,,,,,,,,,,,,,,,,,,,,,,,,,,,,,,,,,,,,,,,,,,,,,,,,,,,,,,,,,,,,,,,,,,,,,,,,,,,,,,,,,,,,,,,,,,,,,,,,,,,,,,,,,,,,,,,,,,,00-0039021,JohnRo07,4426386.0,Roschon Johnson,2001-01-31,72.0,227.0,Texas,2023.0,4.0,115.0,CHI,2023,4,14.0,0.0,132.0,0.0,0.37,2024.0,Roschon Johnson,CHI,23.0,RB,14.0,0.0,20.0,16.0,104.0,,6.0,8.0,0.5,96.0,6.0,0.6,4.0,4.0,0.0,0.0,0.0,88.3,2025-09-03,2024.0,Roschon Johnson,CHI,23.0,RB,14.0,0.0,55.0,150.0,,17.0,80.0,1.5,70.0,1.3,0.0,,2025-09-03,,,,,,,,,,,,,,,,,,,,,,,,,,,,,,,,,,,,,,,,,,,,,,,,,,,,,,,,,,,13,6.6,0.0,3,0,0
2024,Miles Sanders,M.Sanders,00-0035243,CAR,RB,RB,55.0,11,77.30000000000001,7.027272727272728,53.300000000000004,24.000000000000007,24,30,148,1,0.05791505791505792,0.009184587813620072,0.09330179834212093,55,205,2,0,0,0,0,0,224.0,0.3336363636363636,0.34508928571428577,7.027272727272728,7.4801191045451825,26.6,1,RB,"https://static.www.nfl.com/image/upload/f_auto,q_auto/league/niyjjkzmxjmesftgjs8y",REG,0,0,0,0,0,0,0,,,0,,0,0,0,0,0,0,12,-8.65984749678165,0,3,2,1,0,1,0,41,150,5,-17.532580904193686,0,8,3,2,0,3.6097560975609757,0,1,0,0,0,0,0,0.0,0.0,0,0,0,0,0,0,0,0,0,0,0,0,0,0,0,0,0,0,0,0,1,0,1,1,0,0,0,1,14,0,0,0,0,,,0,0,0,0,0,0,0,0,0,0,0,0,,,,0,0,0,0,0,0,0,,0,0,0,0,,0,0,,0,0,0,0,0,0,0,0,0,0,,,,,,,,,,,,,,,,,,,,,,,,,,,,,,,,,,,,,,,,,,,,,,,,,,,,,,,,,,,,,,,,,,,,,,,,,,,,,,,,,,,,,,,,,,,,,,,,,,,,,,,,,,,,,,,,,,,,,,,,,,,,,,,,,,,,,,,,,,,,,,,,,,,,00-0035243,SandMi01,4045163.0,Miles Sanders,1997-05-01,71.0,211.0,Penn State,2019.0,2.0,53.0,PHI,2019,7,11.0,0.0,4.0,0.0,0.011818181818181818,2024.0,Miles Sanders,CAR,27.0,RB,11.0,2.0,30.0,24.0,148.0,,5.0,-2.0,-0.1,150.0,6.3,1.4,1.0,24.0,0.0,0.0,1.0,84.4,2025-09-03,2024.0,Miles Sanders,CAR,27.0,RB,11.0,2.0,55.0,205.0,,12.0,124.0,2.3,81.0,1.5,2.0,27.5,2025-09-03,,,,,,,,,,,,,,,,,,,,,,,,,,,,,,,,,,,,,,,,,,,,,,,,,,,,,,,,,,,11,5.300000000000001,0.5,3,1,1
2024,Raheem Mostert,R.Mostert,00-0031687,MIA,RB,RB,56.0,13,70.9,5.453846153846154,51.900000000000006,19.0,19,23,161,0,0.040492957746478875,0.00377256804095931,0.06338023424838983,85,278,2,0,0,0,0,0,278.0,0.31384615384615383,0.25503597122302163,5.453846153846154,4.607894563430494,16.0,0,RB,"https://static.www.nfl.com/image/upload/f_auto,q_auto/league/fas5rkweusx2hl7abtzh",REG,0,0,0,0,0,0,0,,,0,,0,0,0,0,2,2,13,-30.199422105800323,0,9,8,1,0,0,0,14,146,10,11.0457581063918,0,8,2,1,0,11.5,0,0,0,0,0,0,0,0.0,0.0,0,0,0,0,0,0,0,0,0,0,0,0,0,0,0,0,0,0,0,0,2,0,0,2,2,0,0,2,42,0,0,0,0,,,0,0,0,0,0,0,0,0,0,0,0,0,,,,0,0,0,0,0,0,0,,0,0,0,0,,0,0,,0,0,0,0,0,0,0,0,0,0,,,,,,,,,,,,,,,,,,,,,,,,,,,,,,,,,,,,,,,,,,,,,,,,,,,,,,,,,,,,,,,,,,,,,,,,,,,,,,,,,,,,,,,,,,,,,,,,,,,,,,,,,,,,,,,,,,,,,,,,,,,,,,,,,,,,,,,,,,,,,,,,,,,,00-0031687,MostRa00,2576414.0,Raheem Mostert,1992-04-09,70.0,212.0,Purdue,,,,,2015,11,13.0,0.0,34.0,0.0,0.10230769230769231,2024.0,Raheem Mostert,MIA,32.0,RB,13.0,1.0,23.0,19.0,161.0,,10.0,15.0,0.8,146.0,7.7,0.6,2.0,9.5,0.0,0.0,0.0,95.8,2025-09-03,2024.0,Raheem Mostert,MIA,32.0,RB,13.0,1.0,85.0,278.0,,13.0,143.0,1.7,135.0,1.6,1.0,85.0,2025-09-03,,,,,,,,,,,,,,,,,,,,,,,,,,,,,,,,,,,,,,,,,,,,,,,,,,,,,,,,,,,13,5.1,-0.2,2,1,0
2024,Sean Tucker,S.Tucker,00-0038951,TB,RB,RB,57.0,17,68.7,4.041176470588235,59.7,9.0,9,12,109,1,0.021314387211367674,0.0030241935483870967,0.034088516300922474,50,308,2,0,0,0,0,0,112.0,0.0923529411764706,0.6133928571428572,4.041176470588235,8.126888920700946,34.2,1,RB,"https://static.www.nfl.com/image/upload/f_auto,q_auto/league/wiarwjvy8p6bojlratp4",REG,0,0,0,0,0,0,0,,,0,,0,0,0,0,1,0,17,10.127416212595037,0,9,7,2,0,0,0,12,105,6,7.420048496831441,0,4,1,1,0,9.083333333333334,0,2,1,1,0,0,0,0.0,0.0,0,0,0,0,0,0,0,0,0,0,0,0,0,0,0,0,0,0,0,0,1,0,0,1,0,0,0,15,410,0,0,0,0,,,0,0,0,0,0,0,0,0,0,0,0,0,,,,0,0,0,0,0,0,0,,0,0,0,0,,0,0,,0,0,0,0,0,0,0,0,0,0,,,,,,,,,,,,,,,,,,,,,,,,,,,,,,,,,,,,,,,,,,,,,,,,,,,,,,,,,,,,,,,,,,,,,,,,,,,,,,,,,,,,,,,,,,,,,,,,,,,,,,,,,,,,,,,,,,,,,,,,,,,,,,,,,,,,,,,,,,,,,,,,,,,,00-0038951,TuckSe00,4430871.0,Sean Tucker,2001-10-25,70.0,205.0,Syracuse,,,,,2023,4,17.0,0.0,178.0,0.0,0.37823529411764706,2024.0,Sean Tucker,TB,23.0,RB,17.0,0.0,12.0,9.0,109.0,,6.0,4.0,0.4,105.0,11.7,0.6,1.0,9.0,0.0,0.0,0.0,130.2,2025-09-03,2024.0,Sean Tucker,TB,23.0,RB,17.0,0.0,50.0,308.0,,17.0,179.0,3.6,129.0,2.6,5.0,10.0,2025-09-03,,,,,,,,,,,,,,,,,,,,,,,,,,,,,,,,,,,,,,,,,,,,,,,,,,,,,,,,,,,17,1.7000000000000002,0.0,1,1,1
2024,Gus Edwards,G.Edwards,00-0034184,LAC,RB,RB,58.0,11,64.1,5.827272727272727,61.1,2.999999999999993,3,5,6,0,0.010183299389002037,-0.00343800137520055,0.01286834812086267,101,365,4,0,0,0,0,0,223.0,0.34727272727272723,0.2874439461883408,5.827272727272728,5.366952749762366,20.1,1,RB,"https://static.www.nfl.com/image/upload/f_auto,q_auto/league/dyobqe3w5eypevsk3f2b",REG,0,0,0,0,0,0,0,,,0,,0,0,0,0,0,0,17,-14.071124479896065,0,6,2,1,1,0,0,-15,11,0,-3.101063936483115,0,0,0,0,0,-0.4,0,0,0,0,0,0,0,0.0,0.0,0,0,0,0,0,0,0,0,0,0,0,0,0,1,0,0,0,0,0,0,0,0,0,0,0,0,0,0,0,0,0,0,0,,,0,0,0,0,0,0,0,0,0,0,0,0,,,,0,0,0,0,0,0,0,,0,0,0,0,,0,0,,0,0,0,0,0,0,0,0,0,0,G.Edwards,Gus Edwards,RB,RB,"https://static.www.nfl.com/image/upload/f_auto,q_auto/league/dyobqe3w5eypevsk3f2b",2024.0,POST,LAC,1.0,0.0,0.0,0.0,0.0,0.0,0.0,0.0,0.0,0.0,0.0,0.0,0.0,,,0.0,,0.0,0.0,0.0,0.0,7.0,22.0,0.0,0.0,0.0,1.0,-1.9284280508290976,0.0,0.0,0.0,0.0,0.0,0.0,0.0,0.0,0.0,0.0,0.0,0.0,0.0,0.0,,0.0,0.0,0.0,0.0,0.0,,0.0,0.0,0.0,0.0,0.0,0.0,0.0,0.0,0.0,0.0,0.0,0.0,0.0,0.0,0.0,0.0,0.0,0.0,0.0,0.0,0.0,0.0,0.0,0.0,0.0,0.0,0.0,0.0,0.0,0.0,0.0,0.0,0.0,0.0,0.0,0.0,0.0,0.0,0.0,0.0,0.0,0.0,0.0,0.0,0.0,,,0.0,0.0,0.0,0.0,0.0,0.0,0.0,0.0,0.0,0.0,0.0,0.0,,,,0.0,0.0,0.0,0.0,0.0,0.0,0.0,,0.0,0.0,0.0,0.0,,0.0,0.0,,0.0,0.0,0.0,0.0,0.0,0.0,0.0,0.0,0.0,0.0,2.2,2.2,00-0034184,EdwaGu00,3051926.0,Gus Edwards,1995-04-13,73.0,238.0,Rutgers; Miami,,,,,2018,7,11.0,0.0,0.0,0.0,0.0,2024.0,Gus Edwards,LAC,29.0,RB,11.0,6.0,5.0,3.0,6.0,,0.0,-5.0,-1.7,11.0,3.7,-3.0,0.0,,0.0,0.0,0.0,64.6,2025-09-03,2024.0,Gus Edwards,LAC,29.0,RB,11.0,6.0,101.0,365.0,,17.0,125.0,1.2,240.0,2.4,9.0,11.2,2025-09-03,,,,,,,,,,,,,,,,,,,,,,,,,,,,,,,,,,,,,,,,,,,,,,,,,,,,,,,,,,,11,4.300000000000001,0.9,1,1,0
2024,Jeremy McNichols,J.McNichols,00-0033955,WAS,RB,RB,59.0,15,63.8,4.253333333333333,54.8,9.0,9,12,27,0,0.023809523809523808,0.00501002004008016,0.03922129974234182,55,261,4,0,0,0,0,0,251.0,0.21411764705882352,0.2541832669322709,4.253333333333334,5.410025965961805,20.4,1,RB,"https://static.www.nfl.com/image/upload/f_auto,q_auto/league/xcrgrtlk6ukrshtlnr5e",REG,0,0,0,0,0,0,0,,,0,,0,0,0,0,0,0,15,8.988283252415695,1,6,5,2,0,0,0,20,33,1,-1.2831246035639197,0,1,0,0,0,1.35,0,4,2,5,0,0,0,0.0,0.0,0,0,0,0,0,0,0,0,0,0,0,0,0,2,0,0,0,0,1,15,0,0,0,0,0,0,0,7,164,0,0,0,0,,,0,0,0,0,0,0,0,0,0,0,0,0,,,,0,0,0,0,0,0,0,,0,0,0,0,,0,0,,0,0,0,0,0,0,0,0,0,0,J.McNichols,Jeremy McNichols,RB,RB,"https://static.www.nfl.com/image/upload/f_auto,q_auto/league/xcrgrtlk6ukrshtlnr5e",2024.0,POST,WAS,3.0,0.0,0.0,0.0,0.0,0.0,0.0,0.0,0.0,0.0,0.0,0.0,0.0,,,0.0,,0.0,0.0,0.0,0.0,5.0,9.0,1.0,0.0,0.0,1.0,-0.7881785307545215,0.0,0.0,0.0,0.0,0.0,0.0,0.0,0.0,0.0,0.0,0.0,0.0,0.0,0.0,,0.0,0.0,0.0,0.0,0.0,,0.0,0.0,0.0,0.0,0.0,0.0,0.0,0.0,0.0,0.0,0.0,0.0,0.0,0.0,0.0,0.0,0.0,0.0,0.0,0.0,0.0,0.0,0.0,0.0,0.0,0.0,0.0,0.0,0.0,0.0,0.0,0.0,1.0,0.0,0.0,1.0,1.0,0.0,0.0,1.0,17.0,0.0,0.0,0.0,0.0,,,0.0,0.0,0.0,0.0,0.0,0.0,0.0,0.0,0.0,0.0,0.0,0.0,,,,0.0,0.0,0.0,0.0,0.0,0.0,0.0,,0.0,0.0,0.0,0.0,,0.0,0.0,,0.0,0.0,0.0,0.0,0.0,0.0,0.0,0.0,0.0,0.0,6.9,6.9,00-0033955,McNiJe00,3127586.0,Jeremy McNichols,1995-12-26,69.0,205.0,Boise State,2017.0,5.0,162.0,TB,2017,6,17.0,0.0,214.0,0.0,0.4594117647058824,2024.0,Jeremy McNichols,WAS,29.0,RB,17.0,1.0,12.0,9.0,27.0,,1.0,-6.0,-0.7,33.0,3.7,1.6,0.0,,0.0,0.0,0.0,77.1,2025-09-03,2024.0,Jeremy McNichols,WAS,29.0,RB,17.0,1.0,55.0,261.0,,15.0,97.0,1.8,164.0,3.0,7.0,7.9,2025-09-03,,,,,,,,,,,,,,,,,,,,,,,,,,,,,,,,,,,,,,,,,,,,,,,,,,,,,,,,,,,15,2.2,-0.1,2,1,0
2024,Nick Chubb,N.Chubb,00-0034791,CLE,RB,RB,60.0,8,63.300000000000004,7.9125000000000005,58.300000000000004,5.0,5,11,31,1,0.017350157728706624,-0.0009710623422023694,0.025345492953518275,102,332,3,0,0,0,0,0,235.0,0.4125,0.2693617021276596,7.9125,5.60826876775967,19.0,0,RB,"https://static.www.nfl.com/image/upload/f_auto,q_auto/league/h5y74trx6l8ivpkbmrkt",REG,0,0,0,0,0,0,0,,,0,,0,0,0,0,1,1,17,-20.57457828947537,0,5,3,0,0,0,0,-5,31,3,-16.317357186810113,0,2,1,0,0,-6.2,0,3,0,0,0,0,0,0.0,0.0,0,0,0,0,0,0,0,0,0,0,0,0,0,0,0,0,0,0,0,0,1,0,0,1,1,0,0,0,0,0,0,0,0,,,0,0,0,0,0,0,0,0,0,0,0,0,,,,0,0,0,0,0,0,0,,0,0,0,0,,0,0,,0,0,0,0,0,0,0,0,0,0,,,,,,,,,,,,,,,,,,,,,,,,,,,,,,,,,,,,,,,,,,,,,,,,,,,,,,,,,,,,,,,,,,,,,,,,,,,,,,,,,,,,,,,,,,,,,,,,,,,,,,,,,,,,,,,,,,,,,,,,,,,,,,,,,,,,,,,,,,,,,,,,,,,,00-0034791,ChubNi00,3128720.0,Nick Chubb,1995-12-27,71.0,227.0,Georgia,2018.0,2.0,35.0,CLE,2018,8,8.0,0.0,0.0,0.0,0.0,2024.0,Nick Chubb,CLE,29.0,RB,8.0,8.0,11.0,5.0,31.0,,3.0,0.0,0.0,31.0,6.2,-0.5,0.0,,0.0,0.0,2.0,43.2,2025-09-03,2024.0,Nick Chubb,CLE,29.0,RB,8.0,8.0,102.0,332.0,,17.0,170.0,1.7,162.0,1.6,4.0,25.5,2025-09-03,,,,,,,,,,,,,,,,,,,,,,,,,,,,,,,,,,,,,,,,,,,,,,,,,,,,,,,,,,,8,5.1,2.1000000000000005,3,1,0
2024,Kenny Gainwell,K.Gainwell,00-0036919,PHI,RB,RB,61.0,17,62.6,3.682352941176471,46.6,16.0,16,22,116,0,0.05263157894736842,0.006603502727533735,0.08356982033032624,75,290,1,0,0,0,0,0,301.0,0.26,0.2079734219269103,3.682352941176471,2.7439103698275313,9.0,0,RB,"https://static.www.nfl.com/image/upload/f_auto,q_auto/league/eo62l8ec8e3lzt86ihth",REG,0,0,0,0,0,0,0,,,0,,0,0,0,0,0,0,12,-11.499512397604214,0,11,9,1,0,0,0,23,108,5,2.349299094901653,0,5,1,0,0,5.043478260869565,0,4,0,1,0,0,0,0.0,0.0,0,0,0,0,0,0,0,0,0,0,0,0,0,0,0,0,0,0,0,0,0,0,0,0,0,0,0,18,456,0,0,0,0,,,0,0,0,0,0,0,0,0,0,0,0,0,,,,0,0,0,0,0,0,0,,0,0,0,0,,0,0,,0,0,0,0,0,0,0,0,0,0,K.Gainwell,Kenny Gainwell,RB,RB,"https://static.www.nfl.com/image/upload/f_auto,q_auto/league/eo62l8ec8e3lzt86ihth",2024.0,POST,PHI,4.0,0.0,0.0,0.0,0.0,0.0,0.0,0.0,0.0,0.0,0.0,0.0,0.0,,,0.0,,0.0,0.0,0.0,0.0,13.0,42.0,0.0,0.0,0.0,3.0,-2.1311346832080744,0.0,1.0,0.0,0.0,0.0,3.0,3.0,26.0,0.0,0.0,0.0,-8.0,34.0,1.0,1.4787214866373688,0.0,1.0,0.0,0.0,0.0,-3.25,0.03529411764705882,-0.012841091492776886,0.04395241242564442,0.0,3.0,0.0,0.0,0.0,0.0,0.0,0.0,0.0,0.0,0.0,0.0,0.0,0.0,0.0,0.0,0.0,0.0,0.0,0.0,0.0,0.0,1.0,0.0,1.0,0.0,0.0,0.0,0.0,0.0,0.0,0.0,0.0,0.0,0.0,0.0,4.0,110.0,0.0,0.0,0.0,0.0,,,0.0,0.0,0.0,0.0,0.0,0.0,0.0,0.0,0.0,0.0,0.0,0.0,,,,0.0,0.0,0.0,0.0,0.0,0.0,0.0,,0.0,0.0,0.0,0.0,,0.0,0.0,,0.0,0.0,0.0,0.0,0.0,0.0,0.0,0.0,0.0,0.0,6.800000000000001,9.8,00-0036919,GainKe00,4371733.0,Kenny Gainwell,1999-03-14,69.0,200.0,Memphis,2021.0,5.0,150.0,PHI,2021,6,17.0,0.0,114.0,0.0,0.2564705882352941,2024.0,Kenneth Gainwell,PHI,25.0,RB,17.0,1.0,22.0,16.0,116.0,,5.0,8.0,0.5,108.0,6.8,1.0,4.0,4.0,0.0,0.0,0.0,84.7,2025-09-03,2024.0,Kenneth Gainwell,PHI,25.0,RB,17.0,1.0,75.0,290.0,,12.0,162.0,2.2,128.0,1.7,3.0,25.0,2025-09-03,,,,,,,,,,,,,,,,,,,,,,,,,,,,,,,,,,,,,,,,,,,,,,,,,,,,,,,,,,,17,2.3000000000000003,0.0,0,0,0
2024,Kyle Juszczyk,K.Juszczyk,00-0029892,SF,RB,FB,62.0,14,57.6,4.114285714285715,38.6,19.0,19,31,200,2,0.06042884990253411,0.042623674911660775,0.1204798472919637,5,26,1,0,0,0,0,0,537.0,0.49470588235294116,0.10726256983240223,4.114285714285715,4.0336769144974225,12.9,0,RB,"https://static.www.nfl.com/image/upload/f_auto,q_auto/league/tsejiiddtouukwyyqr9q",REG,0,0,0,0,0,0,0,,,0,,0,0,0,0,1,1,1,-7.2900504331919365,0,1,1,0,0,0,0,193,93,8,-0.08475676236146112,0,7,3,3,0,1.0362694300518134,0,0,0,0,0,0,0,0.0,0.0,0,0,0,0,0,0,0,0,0,0,0,0,0,0,0,0,0,0,2,20,1,0,0,1,1,1,8,0,0,0,0,0,0,,,0,0,0,0,0,0,0,0,0,0,0,0,,,,0,0,0,0,0,0,0,,0,0,0,0,,0,0,,0,0,0,0,0,0,0,0,0,0,,,,,,,,,,,,,,,,,,,,,,,,,,,,,,,,,,,,,,,,,,,,,,,,,,,,,,,,,,,,,,,,,,,,,,,,,,,,,,,,,,,,,,,,,,,,,,,,,,,,,,,,,,,,,,,,,,,,,,,,,,,,,,,,,,,,,,,,,,,,,,,,,,,,00-0029892,JuszKy00,16002.0,Kyle Juszczyk,1991-04-23,74.0,235.0,Harvard,2013.0,4.0,130.0,BAL,2013,14,17.0,0.0,7.0,0.0,0.017058823529411765,2024.0,Kyle Juszczyk,SF,33.0,FB,17.0,15.0,31.0,19.0,200.0,,8.0,107.0,5.6,93.0,4.9,6.0,0.0,,1.0,0.032,1.0,88.1,2025-09-03,2024.0,Kyle Juszczyk,SF,33.0,FB,17.0,15.0,5.0,26.0,,1.0,9.0,1.8,17.0,3.4,1.0,5.0,2025-09-03,,,,,,,,,,,,,,,,,,,,,,,,,,,,,,,,,,,,,,,,,,,,,,,,,,,,,,,,,,,14,2.8000000000000003,-2.1,2,0,0
2024,Ezekiel Elliott,E.Elliott,00-0033045,DAL,RB,RB,63.0,15,57.5,3.8333333333333335,45.5,12.0,12,15,69,0,0.024115755627009645,-0.005761843790012804,0.03214034278750551,74,226,3,0,0,0,0,0,258.0,0.25266666666666665,0.22286821705426357,3.8333333333333335,3.8488712012497284,12.9,0,RB,"https://static.www.nfl.com/image/upload/f_auto,q_auto/league/d4yr6htg4dbs0bgcfqnd",REG,0,0,0,0,0,0,0,,,0,,0,0,0,0,1,1,14,-16.14253263550927,0,1,0,0,0,0,0,-27,97,3,-0.8172530852961652,0,2,0,0,0,-2.5555555555555554,0,0,0,1,0,0,0,0.0,0.0,0,0,0,0,0,0,0,0,0,0,0,0,0,1,0,0,0,0,0,0,1,0,0,1,1,0,0,0,0,0,0,0,0,,,0,0,0,0,0,0,0,0,0,0,0,0,,,,0,0,0,0,0,0,0,,0,0,0,0,,0,0,,0,0,0,0,0,0,0,0,0,0,,,,,,,,,,,,,,,,,,,,,,,,,,,,,,,,,,,,,,,,,,,,,,,,,,,,,,,,,,,,,,,,,,,,,,,,,,,,,,,,,,,,,,,,,,,,,,,,,,,,,,,,,,,,,,,,,,,,,,,,,,,,,,,,,,,,,,,,,,,,,,,,,,,,00-0033045,ElliEz00,3051392.0,Ezekiel Elliott,1995-07-22,72.0,226.0,Ohio State,2016.0,1.0,4.0,DAL,2016,9,15.0,0.0,0.0,0.0,0.0,2024.0,Ezekiel Elliott,DAL,29.0,RB,15.0,2.0,15.0,12.0,69.0,,3.0,-28.0,-2.3,97.0,8.1,-1.8,1.0,12.0,0.0,0.0,0.0,85.8,2025-09-03,2024.0,Ezekiel Elliott,DAL,29.0,RB,15.0,2.0,74.0,226.0,,14.0,115.0,1.6,111.0,1.5,2.0,37.0,2025-09-03,,,,,,,,,,,,,,,,,,,,,,,,,,,,,,,,,,,,,,,,,,,,,,,,,,,,,,,,,,,15,2.2,0.2,2,0,0
2024,Isiah Pacheco,I.Pacheco,00-0037197,KC,RB,RB,64.0,7,56.900000000000006,8.12857142857143,44.900000000000006,12.0,12,16,79,0,0.027972027972027972,-0.005780346820809248,0.03791179918347549,83,310,1,0,0,0,0,0,218.0,0.4757142857142857,0.2610091743119266,8.12857142857143,5.6969916873481825,16.1,0,RB,"https://static.www.nfl.com/image/upload/f_auto,q_auto/league/hkqb4imkum3vxxkwuetl",REG,0,0,0,0,0,0,0,,,0,,0,0,0,0,0,0,14,-13.669875385501655,0,3,1,1,0,0,0,-22,119,4,-1.8505314201552152,0,4,1,1,0,-3.590909090909091,0,0,0,0,0,0,0,0.0,0.0,0,0,0,0,0,0,0,0,0,0,0,0,0,0,0,0,0,0,0,0,0,0,0,0,0,0,0,0,0,0,0,0,0,,,0,0,0,0,0,0,0,0,0,0,0,0,,,,0,0,0,0,0,0,0,,0,0,0,0,,0,0,,0,0,0,0,0,0,0,0,0,0,I.Pacheco,Isiah Pacheco,RB,RB,"https://static.www.nfl.com/image/upload/f_auto,q_auto/league/hkqb4imkum3vxxkwuetl",2024.0,POST,KC,3.0,0.0,0.0,0.0,0.0,0.0,0.0,0.0,0.0,0.0,0.0,0.0,0.0,,,0.0,,0.0,0.0,0.0,0.0,13.0,37.0,0.0,0.0,0.0,0.0,-3.0409869989962317,0.0,1.0,0.0,0.0,0.0,3.0,5.0,17.0,0.0,0.0,0.0,-1.0,19.0,2.0,-0.7393100633635186,0.0,1.0,0.0,0.0,0.0,-17.0,0.06172839506172839,-0.0017006802721088435,0.0914021164021164,0.0,0.0,0.0,0.0,0.0,0.0,0.0,0.0,0.0,0.0,0.0,0.0,0.0,0.0,0.0,0.0,0.0,0.0,0.0,0.0,0.0,0.0,0.0,0.0,0.0,0.0,0.0,0.0,0.0,0.0,0.0,0.0,0.0,0.0,0.0,0.0,0.0,0.0,0.0,0.0,0.0,0.0,,,0.0,0.0,0.0,0.0,0.0,0.0,0.0,0.0,0.0,0.0,0.0,0.0,,,,0.0,0.0,0.0,0.0,0.0,0.0,0.0,,0.0,0.0,0.0,0.0,,0.0,0.0,,0.0,0.0,0.0,0.0,0.0,0.0,0.0,0.0,0.0,0.0,5.4,8.4,00-0037197,PachIs00,4361529.0,Isiah Pacheco,1999-03-02,70.0,210.0,Rutgers,2022.0,7.0,251.0,KC,2022,5,7.0,0.0,0.0,0.0,0.0,2024.0,Isiah Pacheco,KC,25.0,RB,7.0,6.0,16.0,12.0,79.0,,4.0,-40.0,-3.3,119.0,9.9,-1.4,1.0,12.0,1.0,0.063,0.0,85.2,2025-09-03,2024.0,Isiah Pacheco,KC,25.0,RB,7.0,6.0,83.0,310.0,,14.0,182.0,2.2,128.0,1.5,0.0,,2025-09-03,,,,,,,,,,,,,,,,,,,,,,,,,,,,,,,,,,,,,,,,,,,,,,,,,,,,,,,,,,,7,5.9,1.8,2,2,0
2024,Dare Ogunbowale,D.Ogunbowale,00-0033854,HOU,RB,RB,65.0,16,56.0,3.5,37.0,19.0,19,28,198,1,0.051188299817184646,0.010315925209542231,0.08400359737245652,30,112,0,0,0,0,0,0,310.0,0.27647058823529413,0.18064516129032257,3.5,4.80166637741524,15.4,0,RB,"https://static.www.nfl.com/image/upload/f_auto,q_auto/league/bsm0k0jkytuiej2riudv",REG,0,0,0,0,0,0,0,,,0,,0,0,0,0,0,0,5,-13.692236417941238,0,2,1,1,0,0,0,48,168,8,5.609657743816625,0,10,3,2,0,4.125,0,3,0,3,0,0,1,0.0,0.0,0,0,0,0,0,0,0,0,0,0,0,0,0,0,0,0,0,0,2,15,0,0,0,0,0,0,0,1,12,0,0,0,0,,,0,0,0,0,0,0,0,0,0,0,0,0,,,,0,0,0,0,0,0,0,,0,0,0,0,,0,0,,0,0,0,0,0,0,0,0,0,0,D.Ogunbowale,Dare Ogunbowale,RB,RB,"https://static.www.nfl.com/image/upload/f_auto,q_auto/league/bsm0k0jkytuiej2riudv",2024.0,POST,HOU,2.0,0.0,0.0,0.0,0.0,0.0,0.0,0.0,0.0,0.0,0.0,0.0,0.0,,,0.0,,0.0,0.0,0.0,0.0,2.0,14.0,0.0,0.0,0.0,0.0,0.6246098124956196,0.0,0.0,0.0,0.0,0.0,1.0,1.0,0.0,0.0,0.0,0.0,-6.0,6.0,0.0,-0.35996682179393247,0.0,0.0,0.0,0.0,0.0,-0.0,0.016666666666666666,-0.010221465076660987,0.01784497444633731,0.0,1.0,0.0,0.0,0.0,0.0,0.0,0.0,0.0,0.0,0.0,0.0,0.0,0.0,0.0,0.0,0.0,0.0,0.0,0.0,0.0,0.0,0.0,0.0,0.0,0.0,0.0,0.0,0.0,0.0,0.0,0.0,0.0,0.0,0.0,0.0,0.0,0.0,0.0,0.0,0.0,0.0,,,0.0,0.0,0.0,0.0,0.0,0.0,0.0,0.0,0.0,0.0,0.0,0.0,,,,0.0,0.0,0.0,0.0,0.0,0.0,0.0,,0.0,0.0,0.0,0.0,,0.0,0.0,,0.0,0.0,0.0,0.0,0.0,0.0,0.0,0.0,0.0,0.0,1.4000000000000001,2.4000000000000004,00-0033854,OgunDa00,2983509.0,Dare Ogunbowale,1994-05-04,71.0,205.0,Wisconsin,,,,,2017,8,17.0,0.0,269.0,0.0,0.5617647058823529,2024.0,Dare Ogunbowale,HOU,30.0,RB,17.0,1.0,28.0,19.0,198.0,,8.0,30.0,1.6,168.0,8.8,1.7,0.0,,2.0,0.071,0.0,100.0,2025-09-03,2024.0,Dare Ogunbowale,HOU,30.0,RB,17.0,1.0,30.0,112.0,,5.0,70.0,2.3,42.0,1.4,1.0,30.0,2025-09-03,,,,,,,,,,,,,,,,,,,,,,,,,,,,,,,,,,,,,,,,,,,,,,,,,,,,,,,,,,,16,1.7000000000000002,-0.1,2,1,0
2024,Emari Demercado,E.Demercado,00-0038705,ARI,RB,RB,66.0,13,54.7,4.207692307692308,38.7,16.0,16,20,104,0,0.03824091778202677,0.007032729239924263,0.06228428714098714,24,223,1,0,0,0,0,0,164.0,0.2030769230769231,0.3335365853658537,4.207692307692308,4.62267266460676,16.0,0,RB,"https://static.www.nfl.com/image/upload/f_auto,q_auto/league/wu0sm9ttr4aiugi9fquf",REG,0,0,0,0,0,0,0,,,0,,0,0,0,0,0,0,8,12.362201262753462,0,6,6,2,2,0,0,26,95,3,-3.348794431036042,0,3,1,1,0,4.0,0,0,0,0,0,0,0,0.0,0.0,0,0,0,0,0,0,0,0,0,0,0,0,0,1,0,0,0,0,0,0,0,0,0,0,0,0,0,3,64,0,0,0,0,,,0,0,0,0,0,0,0,0,0,0,0,0,,,,0,0,0,0,0,0,0,,0,0,0,0,,0,0,,0,0,0,0,0,0,0,0,0,0,,,,,,,,,,,,,,,,,,,,,,,,,,,,,,,,,,,,,,,,,,,,,,,,,,,,,,,,,,,,,,,,,,,,,,,,,,,,,,,,,,,,,,,,,,,,,,,,,,,,,,,,,,,,,,,,,,,,,,,,,,,,,,,,,,,,,,,,,,,,,,,,,,,,00-0038705,DemeEm00,4362478.0,Emari Demercado,1999-01-20,69.0,215.0,TCU,,,,,2023,4,13.0,0.0,52.0,0.0,0.16692307692307692,2024.0,Emari Demercado,ARI,25.0,RB,13.0,0.0,20.0,16.0,104.0,,3.0,9.0,0.6,95.0,5.9,1.3,1.0,16.0,0.0,0.0,0.0,88.3,2025-09-03,2024.0,Emari Demercado,ARI,25.0,RB,13.0,0.0,24.0,223.0,,8.0,86.0,3.6,137.0,5.7,3.0,8.0,2025-09-03,,,,,,,,,,,,,,,,,,,,,,,,,,,,,,,,,,,,,,,,,,,,,,,,,,,,,,,,,,,13,2.5,0.0,2,1,0
2024,Trey Sermon,T.Sermon,00-0036984,IND,RB,RB,67.0,15,53.8,3.5866666666666664,37.8,16.0,16,19,99,0,0.03861788617886179,0.0011043622308117063,0.05869988282986088,56,159,2,0,0,0,0,0,245.0,0.22058823529411764,0.21959183673469387,3.586666666666667,4.502993713181531,18.3,0,RB,"https://static.www.nfl.com/image/upload/f_auto,q_auto/league/eqhl3xiczodsyqlmsxvr",REG,0,0,0,0,0,0,0,,,0,,0,0,0,0,0,0,14,-11.241289974281335,0,4,2,0,0,0,0,6,99,3,-5.470031733851289,0,3,0,0,0,16.5,0,1,0,0,0,0,0,0.0,0.0,0,0,0,0,0,0,0,0,0,0,0,0,0,0,0,0,0,0,0,0,0,0,0,0,0,0,0,1,23,0,0,0,0,,,0,0,0,0,0,0,0,0,0,0,0,0,,,,0,0,0,0,0,0,0,,0,0,0,0,,0,0,,0,0,0,0,0,0,0,0,0,0,,,,,,,,,,,,,,,,,,,,,,,,,,,,,,,,,,,,,,,,,,,,,,,,,,,,,,,,,,,,,,,,,,,,,,,,,,,,,,,,,,,,,,,,,,,,,,,,,,,,,,,,,,,,,,,,,,,,,,,,,,,,,,,,,,,,,,,,,,,,,,,,,,,,00-0036984,SermTr00,4241401.0,Trey Sermon,1999-01-30,72.0,215.0,Ohio State; Oklahoma,2021.0,3.0,88.0,SF,2021,5,17.0,0.0,33.0,0.0,0.06764705882352941,2024.0,Trey Sermon,IND,25.0,RB,17.0,3.0,19.0,16.0,99.0,,3.0,0.0,0.0,99.0,6.2,0.3,1.0,16.0,1.0,0.053,0.0,88.4,2025-09-03,2024.0,Trey Sermon,IND,25.0,RB,17.0,3.0,56.0,159.0,,14.0,75.0,1.3,84.0,1.5,3.0,18.7,2025-09-03,,,,,,,,,,,,,,,,,,,,,,,,,,,,,,,,,,,,,,,,,,,,,,,,,,,,,,,,,,,15,2.3,0.0,1,1,0
2024,Audric Estimé,A.Estime,00-0039373,DEN,RB,RB,68.0,13,48.7,3.746153846153846,43.7,5.0,5,5,27,0,0.009107468123861567,-0.002421307506053269,0.011966286931555064,76,310,2,0,0,0,0,0,138.0,0.16615384615384615,0.3528985507246377,3.746153846153846,3.3089815615018128,10.8,0,RB,"https://static.www.nfl.com/image/upload/f_auto,q_auto/league/lcoend1mysjfhl8f4rrt",REG,0,0,0,0,0,0,0,,,0,,0,0,0,0,2,1,15,-7.429717775516861,0,5,3,1,0,0,0,-10,37,2,-0.7653279736405239,0,2,0,0,0,-2.7,0,0,0,0,0,0,0,0.0,0.0,0,0,0,0,0,0,0,0,0,0,0,0,0,0,0,0,0,0,0,0,2,0,0,2,1,0,0,0,0,0,0,0,0,,,0,0,0,0,0,0,0,0,0,0,0,0,,,,0,0,0,0,0,0,0,,0,0,0,0,,0,0,,0,0,0,0,0,0,0,0,0,0,,,,,,,,,,,,,,,,,,,,,,,,,,,,,,,,,,,,,,,,,,,,,,,,,,,,,,,,,,,,,,,,,,,,,,,,,,,,,,,,,,,,,,,,,,,,,,,,,,,,,,,,,,,,,,,,,,,,,,,,,,,,,,,,,,,,,,,,,,,,,,,,,,,,00-0039373,EstiAu00,4569682.0,Audric Estimé,2003-09-06,71.0,227.0,Notre Dame,2024.0,5.0,147.0,DEN,2024,3,13.0,0.0,66.0,0.0,0.17846153846153845,2024.0,Audric Estime,DEN,21.0,RB,13.0,1.0,5.0,5.0,27.0,,2.0,-10.0,-2.0,37.0,7.4,-2.0,0.0,,0.0,0.0,0.0,89.2,2025-09-03,2024.0,Audric Estime,DEN,21.0,RB,13.0,1.0,76.0,310.0,,15.0,134.0,1.8,176.0,2.3,3.0,25.3,2025-09-03,,,,,,,,,,,,,,,,,,,,,,,,,,,,,,,,,,,,,,,,,,,,,,,,,,,,,,,,,,,13,2.8,0.4,1,0,0
2024,Christian McCaffrey,C.McCaffrey,00-0033280,SF,RB,RB,69.0,4,47.800000000000004,11.950000000000001,32.800000000000004,15.0,15,19,146,0,0.037037037037037035,0.013250883392226149,0.06483117393011385,50,202,0,0,0,0,0,0,167.0,0.7224999999999999,0.28622754491017965,11.950000000000001,4.373023362998802,16.700000000000003,0,RB,"https://static.www.nfl.com/image/upload/f_auto,q_auto/league/st82s2ytyzanatcmkqck",REG,0,0,0,0,0,0,0,,,0,,0,0,0,0,0,0,12,-2.8918295575713273,0,6,4,0,0,1,1,60,98,6,-5.7814743126635,0,4,2,2,0,2.433333333333333,0,0,0,0,0,0,0,0.0,0.0,0,0,0,0,0,0,0,0,0,0,0,0,0,0,0,0,0,0,0,0,1,0,0,1,1,0,0,0,0,0,0,0,0,,,0,0,0,0,0,0,0,0,0,0,0,0,,,,0,0,0,0,0,0,0,,0,0,0,0,,0,0,,0,0,0,0,0,0,0,0,0,0,,,,,,,,,,,,,,,,,,,,,,,,,,,,,,,,,,,,,,,,,,,,,,,,,,,,,,,,,,,,,,,,,,,,,,,,,,,,,,,,,,,,,,,,,,,,,,,,,,,,,,,,,,,,,,,,,,,,,,,,,,,,,,,,,,,,,,,,,,,,,,,,,,,,00-0033280,McCaCh01,3117251.0,Christian McCaffrey,1996-06-07,71.0,210.0,Stanford,2017.0,1.0,8.0,CAR,2017,10,4.0,0.0,0.0,0.0,0.0,2024.0,Christian McCaffrey,SF,28.0,RB,4.0,4.0,19.0,15.0,146.0,,6.0,48.0,3.2,98.0,6.5,3.2,1.0,15.0,0.0,0.0,1.0,76.8,2025-09-03,2024.0,Christian McCaffrey,SF,28.0,RB,4.0,4.0,50.0,202.0,,12.0,116.0,2.3,86.0,1.7,3.0,16.7,2025-09-03,,,,,,,,,,,,,,,,,,,,,,,,,,,,,,,,,,,,,,,,,,,,,,,,,,,,,,,,,,,4,11.65,7.800000000000001,2,1,0
2024,Trey Benson,T.Benson,00-0039921,ARI,RB,RB,70.0,12,47.0,3.9166666666666665,41.0,6.0,6,6,59,0,0.011472275334608031,-0.005139302136867731,0.013610901506104634,63,291,1,0,0,0,0,0,137.0,0.16692307692307692,0.34306569343065696,3.9166666666666665,3.7619707923406644,12.5,0,RB,"https://static.www.nfl.com/image/upload/f_auto,q_auto/league/liruc5jotnsi4ue9p9yx",REG,0,0,0,0,0,0,0,,,0,,0,0,0,0,1,0,16,-4.971010157780256,0,10,6,1,0,0,0,-19,78,3,3.1038311732700095,0,2,2,0,0,-3.1052631578947367,0,2,0,0,0,0,0,0.0,0.0,0,0,0,0,0,0,0,0,0,0,0,0,0,0,0,0,0,0,0,0,1,0,0,1,0,0,0,0,0,0,0,0,0,,,0,0,0,0,0,0,0,0,0,0,0,0,,,,0,0,0,0,0,0,0,,0,0,0,0,,0,0,,0,0,0,0,0,0,0,0,0,0,,,,,,,,,,,,,,,,,,,,,,,,,,,,,,,,,,,,,,,,,,,,,,,,,,,,,,,,,,,,,,,,,,,,,,,,,,,,,,,,,,,,,,,,,,,,,,,,,,,,,,,,,,,,,,,,,,,,,,,,,,,,,,,,,,,,,,,,,,,,,,,,,,,,00-0039921,BensTr01,4429275.0,Trey Benson,2002-07-23,72.0,225.0,Florida State; Oregon,2024.0,3.0,66.0,ARI,2024,3,13.0,0.0,0.0,0.0,0.0,2024.0,Trey Benson,ARI,21.0,RB,13.0,1.0,6.0,6.0,59.0,,3.0,-19.0,-3.2,78.0,13.0,-3.2,2.0,3.0,0.0,0.0,0.0,107.6,2025-09-03,2024.0,Trey Benson,ARI,21.0,RB,13.0,1.0,63.0,291.0,,16.0,157.0,2.5,134.0,2.1,4.0,15.8,2025-09-03,,,,,,,,,,,,,,,,,,,,,,,,,,,,,,,,,,,,,,,,,,,,,,,,,,,,,,,,,,,12,2.6500000000000004,0.8,2,0,0
2024,Isaiah Davis,I.Davis,00-0039798,NYJ,RB,RB,71.0,13,45.900000000000006,3.530769230769231,36.900000000000006,9.0,9,12,75,1,0.02037351443123939,0.003876908165737824,0.03327410736287557,30,174,1,0,0,0,0,0,110.0,0.09999999999999999,0.41727272727272735,3.5307692307692307,4.986378882413004,15.7,0,RB,"https://static.www.nfl.com/image/upload/f_auto,q_auto/league/x6r9a5xhtaklbvnqmtw7",REG,0,0,0,0,0,0,0,,,0,,0,0,0,0,0,0,10,4.41404169931775,0,8,4,1,0,0,0,16,75,4,5.281452965042693,0,4,1,1,0,4.6875,0,6,1,0,0,0,0,0.0,0.0,0,0,0,0,0,0,0,0,0,0,0,0,0,0,0,0,0,0,0,0,0,0,0,0,0,0,0,9,232,0,0,0,0,,,0,0,0,0,0,0,0,0,0,0,0,0,,,,0,0,0,0,0,0,0,,0,0,0,0,,0,0,,0,0,0,0,0,0,0,0,0,0,,,,,,,,,,,,,,,,,,,,,,,,,,,,,,,,,,,,,,,,,,,,,,,,,,,,,,,,,,,,,,,,,,,,,,,,,,,,,,,,,,,,,,,,,,,,,,,,,,,,,,,,,,,,,,,,,,,,,,,,,,,,,,,,,,,,,,,,,,,,,,,,,,,,00-0039798,DaviIs00,4695404.0,Isaiah Davis,2002-02-21,73.0,220.0,South Dakota State,2024.0,5.0,173.0,NYJ,2024,3,17.0,0.0,263.0,0.0,0.6082352941176471,2024.0,Isaiah Davis,NYJ,22.0,RB,17.0,0.0,12.0,9.0,75.0,,4.0,0.0,0.0,75.0,8.3,1.3,0.0,,1.0,0.083,0.0,118.4,2025-09-03,2024.0,Isaiah Davis,NYJ,22.0,RB,17.0,0.0,30.0,174.0,,10.0,66.0,2.2,108.0,3.6,4.0,7.5,2025-09-03,,,,,,,,,,,,,,,,,,,,,,,,,,,,,,,,,,,,,,,,,,,,,,,,,,,,,,,,,,,13,1.2000000000000002,0.0,2,1,0
2024,Tyler Goodson,T.Goodson,00-0037120,IND,RB,RB,72.0,14,44.400000000000006,3.1714285714285717,33.400000000000006,11.0,11,15,61,1,0.03048780487804878,0.0034971470642370696,0.04817971026203912,32,153,1,0,0,0,0,0,132.0,0.12625,0.3363636363636364,3.1714285714285713,4.439062370059101,11.100000000000001,0,RB,"https://static.www.nfl.com/image/upload/f_auto,q_auto/league/zqmesi6fwv82lhfzlht6",REG,0,0,0,0,0,0,0,,,0,,0,0,0,0,0,0,6,2.6876475440640997,0,3,3,1,0,0,0,19,67,3,1.3037733280216344,0,2,1,1,0,3.210526315789474,0,2,0,2,0,0,0,0.0,0.0,0,0,0,0,0,0,0,0,0,0,0,0,0,0,0,0,0,0,1,15,0,0,0,0,0,0,0,9,237,0,0,0,0,,,0,0,0,0,0,0,0,0,0,0,0,0,,,,0,0,0,0,0,0,0,,0,0,0,0,,0,0,,0,0,0,0,0,0,0,0,0,0,,,,,,,,,,,,,,,,,,,,,,,,,,,,,,,,,,,,,,,,,,,,,,,,,,,,,,,,,,,,,,,,,,,,,,,,,,,,,,,,,,,,,,,,,,,,,,,,,,,,,,,,,,,,,,,,,,,,,,,,,,,,,,,,,,,,,,,,,,,,,,,,,,,,00-0037120,GoodTy00,4429676.0,Tyler Goodson,2000-11-10,69.0,197.0,Iowa,,,,,2022,4,16.0,0.0,174.0,0.0,0.3925,2024.0,Tyler Goodson,IND,24.0,RB,16.0,0.0,15.0,11.0,61.0,,3.0,-6.0,-0.5,67.0,6.1,1.3,2.0,5.5,2.0,0.133,0.0,102.4,2025-09-03,2024.0,Tyler Goodson,IND,24.0,RB,16.0,0.0,32.0,153.0,,6.0,93.0,2.9,60.0,1.9,0.0,,2025-09-03,,,,,,,,,,,,,,,,,,,,,,,,,,,,,,,,,,,,,,,,,,,,,,,,,,,,,,,,,,,14,0.75,0.0,2,0,0
2024,Dameon Pierce,D.Pierce,00-0037258,HOU,RB,RB,73.0,10,43.5,4.35,41.5,2.0,2,4,2,0,0.007312614259597806,-0.001074575542660649,0.010216718509534255,40,293,2,0,0,0,0,0,111.0,0.16363636363636364,0.3918918918918919,4.35,8.094476854964475,23.6,1,RB,"https://static.www.nfl.com/image/upload/f_auto,q_auto/league/oai3defivyfyofxxh4ux",REG,0,0,0,0,0,0,0,,,0,,0,0,0,0,1,0,7,7.0799427420133725,0,6,4,2,2,0,0,-5,5,0,-2.1720003000227734,0,0,0,0,0,-0.4,0,1,0,0,0,0,0,0.0,0.0,0,0,0,0,0,0,0,0,0,0,0,0,0,1,0,0,0,0,1,4,1,0,0,1,0,0,0,9,339,0,0,0,0,,,0,0,0,0,0,0,0,0,0,0,0,0,,,,0,0,0,0,0,0,0,,0,0,0,0,,0,0,,0,0,0,0,0,0,0,0,0,0,D.Pierce,Dameon Pierce,RB,RB,"https://static.www.nfl.com/image/upload/f_auto,q_auto/league/oai3defivyfyofxxh4ux",2024.0,POST,HOU,2.0,0.0,0.0,0.0,0.0,0.0,0.0,0.0,0.0,0.0,0.0,0.0,0.0,,,0.0,,0.0,0.0,0.0,0.0,6.0,25.0,0.0,0.0,0.0,1.0,-1.6755268787965178,0.0,1.0,1.0,0.0,0.0,0.0,1.0,0.0,0.0,0.0,0.0,-5.0,0.0,0.0,-1.8236276907846332,0.0,0.0,0.0,0.0,0.0,-0.0,0.016666666666666666,-0.008517887563884156,0.019037478705281094,0.0,0.0,0.0,0.0,0.0,0.0,0.0,0.0,0.0,0.0,0.0,0.0,0.0,0.0,0.0,0.0,0.0,0.0,0.0,0.0,0.0,0.0,0.0,0.0,0.0,0.0,0.0,0.0,0.0,0.0,0.0,0.0,0.0,0.0,0.0,0.0,1.0,11.0,0.0,0.0,0.0,0.0,,,0.0,0.0,0.0,0.0,0.0,0.0,0.0,0.0,0.0,0.0,0.0,0.0,,,,0.0,0.0,0.0,0.0,0.0,0.0,0.0,,0.0,0.0,0.0,0.0,,0.0,0.0,,0.0,0.0,0.0,0.0,0.0,0.0,0.0,0.0,0.0,0.0,2.5,2.5,00-0037258,PierDa01,4360238.0,Dameon Pierce,2000-02-19,70.0,215.0,Florida,2022.0,4.0,107.0,HOU,2022,5,11.0,0.0,48.0,0.0,0.16272727272727272,2024.0,Dameon Pierce,HOU,24.0,RB,11.0,0.0,4.0,2.0,2.0,,0.0,-3.0,-1.5,5.0,2.5,-1.3,1.0,2.0,0.0,0.0,0.0,56.2,2025-09-03,2024.0,Dameon Pierce,HOU,24.0,RB,11.0,0.0,40.0,293.0,,7.0,77.0,1.9,216.0,5.4,6.0,6.7,2025-09-03,,,,,,,,,,,,,,,,,,,,,,,,,,,,,,,,,,,,,,,,,,,,,,,,,,,,,,,,,,,10,0.75,0.0,2,1,0
2024,Chris Brooks,C.Brooks,00-0038685,GB,RB,RB,74.0,11,42.2,3.8363636363636364,31.200000000000003,11.0,11,13,69,0,0.028017241379310345,-0.005254358729400526,0.03834781095838515,36,183,1,0,0,0,0,0,184.0,0.19666666666666668,0.22934782608695653,3.8363636363636364,2.8207349139090425,9.5,0,RB,"https://static.www.nfl.com/image/upload/f_auto,q_auto/league/ityat7ltppdxe9t0imjd",REG,0,0,0,0,0,0,0,,,0,,0,0,0,0,0,0,12,4.7882587546024995,0,4,3,1,0,0,0,-22,95,2,-3.788488999606906,0,3,0,0,0,-3.1363636363636362,0,0,0,2,0,0,0,0.0,0.0,0,0,0,0,0,0,0,0,0,0,0,0,0,0,0,0,0,0,2,25,0,0,0,0,0,0,0,0,0,0,0,0,0,,,0,0,0,0,0,0,0,0,0,0,0,0,,,,0,0,0,0,0,0,0,,0,0,0,0,,0,0,,0,0,0,0,0,0,0,0,0,0,C.Brooks,Chris Brooks,RB,RB,"https://static.www.nfl.com/image/upload/f_auto,q_auto/league/ityat7ltppdxe9t0imjd",2024.0,POST,GB,1.0,0.0,0.0,0.0,0.0,0.0,0.0,0.0,0.0,0.0,0.0,0.0,0.0,,,0.0,,0.0,0.0,0.0,0.0,0.0,0.0,0.0,0.0,0.0,0.0,,0.0,0.0,0.0,0.0,0.0,2.0,3.0,9.0,0.0,0.0,0.0,-11.0,18.0,0.0,-0.11513960163574666,0.0,0.0,0.0,0.0,0.0,-0.8181818181818182,0.09090909090909091,-0.039711191335740074,0.1085658024286183,0.0,0.0,0.0,1.0,0.0,0.0,0.0,0.0,0.0,0.0,0.0,0.0,0.0,0.0,0.0,0.0,0.0,0.0,0.0,0.0,0.0,0.0,0.0,0.0,0.0,0.0,0.0,0.0,0.0,0.0,0.0,0.0,0.0,0.0,0.0,0.0,0.0,0.0,0.0,0.0,0.0,0.0,,,0.0,0.0,0.0,0.0,0.0,0.0,0.0,0.0,0.0,0.0,0.0,0.0,,,,0.0,0.0,0.0,0.0,0.0,0.0,0.0,,0.0,0.0,0.0,0.0,,0.0,0.0,,0.0,0.0,0.0,0.0,0.0,0.0,0.0,0.0,0.0,0.0,0.9,2.9,00-0038685,BrooCh00,3149687.0,Chris Brooks,2000-01-11,73.0,219.0,BYU; California,,,,,2023,4,15.0,0.0,124.0,0.0,0.3233333333333333,2024.0,Chris Brooks,GB,24.0,RB,15.0,0.0,13.0,11.0,69.0,,2.0,-26.0,-2.4,95.0,8.6,-1.7,1.0,11.0,1.0,0.077,0.0,88.8,2025-09-03,2024.0,Chris Brooks,GB,24.0,RB,15.0,0.0,36.0,183.0,,12.0,74.0,2.1,109.0,3.0,6.0,6.0,2025-09-03,,,,,,,,,,,,,,,,,,,,,,,,,,,,,,,,,,,,,,,,,,,,,,,,,,,,,,,,,,,11,3.3,0.30000000000000004,0,0,0
2024,Cordarrelle Patterson,C.Patterson,00-0030578,PIT,RB,RB,75.0,13,37.5,2.8846153846153846,25.5,12.0,12,14,80,1,0.030434782608695653,0.010643689812468323,0.0531027567817713,32,135,0,0,0,0,0,0,110.0,0.12615384615384617,0.3409090909090909,2.8846153846153846,3.707165618511928,8.3,0,RB,"https://static.www.nfl.com/image/upload/f_auto,q_auto/league/jktdrwmujfuqp94csnav",REG,0,0,0,0,0,0,0,,,0,,0,0,0,0,1,1,7,-7.84534724344177,0,6,4,0,0,0,0,42,56,5,-4.433692914913874,0,3,1,1,0,1.9047619047619047,0,0,0,0,0,0,0,0.0,0.0,0,0,0,0,0,0,0,0,0,0,0,0,0,0,0,0,0,0,2,15,1,0,0,1,1,0,0,11,240,0,0,0,0,,,0,0,0,0,0,0,0,0,0,0,0,0,,,,0,0,0,0,0,0,0,,0,0,0,0,,0,0,,0,0,0,0,0,0,0,0,0,0,C.Patterson,Cordarrelle Patterson,RB,RB,"https://static.www.nfl.com/image/upload/f_auto,q_auto/league/jktdrwmujfuqp94csnav",2024.0,POST,PIT,1.0,0.0,0.0,0.0,0.0,0.0,0.0,0.0,0.0,0.0,0.0,0.0,0.0,,,0.0,,0.0,0.0,0.0,0.0,0.0,0.0,0.0,0.0,0.0,0.0,,0.0,0.0,0.0,0.0,0.0,0.0,0.0,0.0,0.0,0.0,0.0,0.0,0.0,0.0,,0.0,0.0,0.0,0.0,0.0,,0.0,0.0,0.0,0.0,0.0,0.0,0.0,0.0,0.0,0.0,0.0,0.0,0.0,0.0,0.0,0.0,0.0,0.0,0.0,0.0,0.0,0.0,0.0,0.0,0.0,0.0,0.0,0.0,0.0,0.0,0.0,0.0,0.0,0.0,0.0,0.0,0.0,0.0,0.0,1.0,26.0,0.0,0.0,0.0,0.0,,,0.0,0.0,0.0,0.0,0.0,0.0,0.0,0.0,0.0,0.0,0.0,0.0,,,,0.0,0.0,0.0,0.0,0.0,0.0,0.0,,0.0,0.0,0.0,0.0,,0.0,0.0,,0.0,0.0,0.0,0.0,0.0,0.0,0.0,0.0,0.0,0.0,0.0,0.0,00-0030578,PattCo00,15807.0,Cordarrelle Patterson,1991-03-17,74.0,220.0,Tennessee; Hutchinson CC,2013.0,1.0,29.0,MIN,2013,12,13.0,0.0,64.0,0.0,0.1853846153846154,2024.0,Cordarrelle Patterson,PIT,33.0,RB,13.0,1.0,14.0,12.0,80.0,,5.0,24.0,2.0,56.0,4.7,3.0,1.0,12.0,0.0,0.0,1.0,84.5,2025-09-03,2024.0,Cordarrelle Patterson,PIT,33.0,RB,13.0,1.0,32.0,135.0,,7.0,46.0,1.4,89.0,2.8,3.0,10.7,2025-09-03,,,,,,,,,,,,,,,,,,,,,,,,,,,,,,,,,,,,,,,,,,,,,,,,,,,,,,,,,,,13,1.3,-0.8999999999999999,0,0,0
2024,Jamaal Williams,Ja.Williams,00-0033948,NO,RB,RB,76.0,14,37.1,2.65,28.1,9.0,9,11,57,0,0.02127659574468085,-0.003160270880361174,0.02970270400076845,48,164,1,0,0,0,0,0,178.0,0.1992857142857143,0.20842696629213484,2.65,3.054064127078489,12.100000000000001,0,RB,"https://static.www.nfl.com/image/upload/f_auto,q_auto/league/yxrxpgcwq5qwp88vqnp3",REG,0,0,0,0,0,0,0,,,0,,0,0,0,0,0,0,11,-9.671907182042313,0,3,2,0,0,0,0,-14,53,3,-0.2721604021899421,0,2,0,0,0,-4.071428571428571,0,1,0,0,0,0,0,0.0,0.0,0,0,0,0,0,0,0,0,0,0,0,0,0,0,0,0,0,0,1,15,0,0,0,0,0,0,0,11,288,0,0,0,0,,,0,0,0,0,0,0,0,0,0,0,0,0,,,,0,0,0,0,0,0,0,,0,0,0,0,,0,0,,0,0,0,0,0,0,0,0,0,0,,,,,,,,,,,,,,,,,,,,,,,,,,,,,,,,,,,,,,,,,,,,,,,,,,,,,,,,,,,,,,,,,,,,,,,,,,,,,,,,,,,,,,,,,,,,,,,,,,,,,,,,,,,,,,,,,,,,,,,,,,,,,,,,,,,,,,,,,,,,,,,,,,,,00-0033948,WillJa06,2980453.0,Jamaal Williams,1995-04-03,72.0,224.0,BYU,2017.0,4.0,134.0,GB,2017,8,14.0,0.0,103.0,0.0,0.28071428571428575,2024.0,Jamaal Williams,NO,29.0,RB,14.0,1.0,11.0,9.0,57.0,,3.0,4.0,0.4,53.0,5.9,-1.3,0.0,,0.0,0.0,0.0,88.3,2025-09-03,2024.0,Jamaal Williams,NO,29.0,RB,14.0,1.0,48.0,164.0,,11.0,92.0,1.9,72.0,1.5,0.0,,2025-09-03,,,,,,,,,,,,,,,,,,,,,,,,,,,,,,,,,,,,,,,,,,,,,,,,,,,,,,,,,,,14,1.7000000000000002,0.0,1,0,0
2024,D'Ernest Johnson,D.Johnson,00-0035628,JAX,RB,RB,77.0,12,35.900000000000006,2.991666666666667,23.900000000000002,12.000000000000004,12,19,96,0,0.03639846743295019,0.0015263846489315307,0.05566617040367736,32,143,0,0,0,0,0,0,192.0,0.2292857142857143,0.1869791666666667,2.9916666666666667,2.8269670009114756,10.0,0,RB,"https://static.www.nfl.com/image/upload/f_auto,q_auto/league/gbe2eojaxid4n3pmo0rj",REG,0,0,0,0,0,0,0,,,0,,0,0,0,0,0,0,7,3.198504520460256,0,4,2,1,0,0,0,7,101,3,-12.74694028068916,0,3,2,2,0,13.714285714285714,0,0,0,1,0,0,0,0.0,0.0,0,0,0,0,0,0,0,0,0,0,0,0,0,1,0,0,0,0,2,20,0,0,0,0,0,0,0,0,0,0,0,0,0,,,0,0,0,0,0,0,0,0,0,0,0,0,,,,0,0,0,0,0,0,0,,0,0,0,0,,0,0,,0,0,0,0,0,0,0,0,0,0,,,,,,,,,,,,,,,,,,,,,,,,,,,,,,,,,,,,,,,,,,,,,,,,,,,,,,,,,,,,,,,,,,,,,,,,,,,,,,,,,,,,,,,,,,,,,,,,,,,,,,,,,,,,,,,,,,,,,,,,,,,,,,,,,,,,,,,,,,,,,,,,,,,,00-0035628,JohnDE04,3139602.0,D'Ernest Johnson,1996-02-27,70.0,208.0,University of South Florida,,,,,2019,7,14.0,0.0,55.0,0.0,0.14714285714285716,2024.0,DErnest Johnson,JAX,28.0,RB,14.0,1.0,19.0,12.0,96.0,,3.0,-5.0,-0.4,101.0,8.4,0.4,0.0,,0.0,0.0,1.0,53.8,2025-09-03,2024.0,DErnest Johnson,JAX,28.0,RB,14.0,1.0,32.0,143.0,,7.0,79.0,2.5,64.0,2.0,0.0,,2025-09-03,,,,,,,,,,,,,,,,,,,,,,,,,,,,,,,,,,,,,,,,,,,,,,,,,,,,,,,,,,,12,2.8,0.0,1,0,0
2024,Michael Carter,M.Carter,00-0036924,ARI,RB,RB,78.0,3,35.8,11.933333333333332,24.8,10.999999999999996,11,11,57,0,0.021032504780114723,-0.004327833378414931,0.02851927380528163,35,131,1,0,0,0,0,0,132.0,0.6166666666666667,0.2712121212121212,11.933333333333332,3.438507428134093,15.9,0,RB,"https://static.www.nfl.com/image/upload/f_auto,q_auto/league/cwqrxzouk4gkhfziyqre",REG,0,0,0,0,0,0,0,,,0,,0,0,0,0,0,0,9,-0.47853369578035565,0,2,2,0,0,0,0,-16,73,2,0.9578286347095855,0,1,1,0,0,-3.5625,0,0,0,0,0,0,0,0.0,0.0,0,0,0,0,0,0,0,0,0,0,0,0,0,0,0,0,0,0,0,0,0,0,0,0,0,0,0,0,0,0,0,0,0,,,0,0,0,0,0,0,0,0,0,0,0,0,,,,0,0,0,0,0,0,0,,0,0,0,0,,0,0,,0,0,0,0,0,0,0,0,0,0,,,,,,,,,,,,,,,,,,,,,,,,,,,,,,,,,,,,,,,,,,,,,,,,,,,,,,,,,,,,,,,,,,,,,,,,,,,,,,,,,,,,,,,,,,,,,,,,,,,,,,,,,,,,,,,,,,,,,,,,,,,,,,,,,,,,,,,,,,,,,,,,,,,,00-0036924,CartMi03,4240657.0,Michael Carter,1999-05-07,68.0,201.0,North Carolina,2021.0,4.0,107.0,NYJ,2021,5,3.0,0.0,0.0,0.0,0.0,2024.0,Michael Carter,ARI,25.0,RB,3.0,1.0,11.0,11.0,57.0,,2.0,-16.0,-1.5,73.0,6.6,-1.5,2.0,5.5,0.0,0.0,0.0,88.3,2025-09-03,2024.0,Michael Carter,ARI,25.0,RB,3.0,1.0,35.0,131.0,,9.0,81.0,2.3,50.0,1.4,1.0,35.0,2025-09-03,,,,,,,,,,,,,,,,,,,,,,,,,,,,,,,,,,,,,,,,,,,,,,,,,,,,,,,,,,,3,10.1,9.8,2,1,0
2024,Pierre Strong,P.Strong,00-0038098,CLE,RB,RB,79.0,13,35.2,2.707692307692308,21.200000000000003,14.0,14,22,104,0,0.03470031545741325,0.0011652748106428432,0.052866165553569856,26,108,0,0,0,0,0,0,192.0,0.19214285714285714,0.18333333333333335,2.707692307692308,3.089083342584965,9.8,0,RB,"https://static.www.nfl.com/image/upload/f_auto,q_auto/league/aa0nufst85vutgor1fqv",REG,0,0,0,0,0,0,0,,,0,,0,0,0,0,0,0,6,-1.5161337241297588,0,2,2,0,0,0,0,6,123,3,-2.7492397301271683,0,4,2,2,0,17.333333333333332,0,2,1,0,0,0,0,0.0,0.0,0,0,0,0,0,0,0,0,0,0,0,0,0,0,0,0,0,0,1,10,0,0,0,0,0,0,0,11,255,0,0,0,0,,,0,0,0,0,0,0,0,0,0,0,0,0,,,,0,0,0,0,0,0,0,,0,0,0,0,,0,0,,0,0,0,0,0,0,0,0,0,0,,,,,,,,,,,,,,,,,,,,,,,,,,,,,,,,,,,,,,,,,,,,,,,,,,,,,,,,,,,,,,,,,,,,,,,,,,,,,,,,,,,,,,,,,,,,,,,,,,,,,,,,,,,,,,,,,,,,,,,,,,,,,,,,,,,,,,,,,,,,,,,,,,,,00-0038098,StroPi00,4249836.0,Pierre Strong,1998-12-10,71.0,207.0,South Dakota State,2022.0,4.0,127.0,NE,2022,4,14.0,0.0,184.0,0.0,0.47000000000000003,2024.0,Pierre Strong,CLE,26.0,RB,14.0,0.0,22.0,14.0,104.0,,3.0,-19.0,-1.4,123.0,8.8,0.3,2.0,7.0,2.0,0.091,0.0,74.8,2025-09-03,2024.0,Pierre Strong,CLE,26.0,RB,14.0,0.0,26.0,108.0,,6.0,69.0,2.7,39.0,1.5,0.0,,2025-09-03,,,,,,,,,,,,,,,,,,,,,,,,,,,,,,,,,,,,,,,,,,,,,,,,,,,,,,,,,,,13,1.5,0.0,0,0,0
2024,Blake Corum,B.Corum,00-0039738,LA,RB,RB,80.0,15,33.5,2.2333333333333334,26.5,7.0,7,8,58,0,0.014787430683918669,-0.0012124151309408342,0.02133245543421942,58,207,0,0,0,0,0,0,119.0,0.11176470588235295,0.2815126050420168,2.2333333333333334,1.6706143723051052,4.300000000000001,0,RB,"https://static.www.nfl.com/image/upload/f_auto,q_auto/league/axzqbqjkrbwfzodwwakq",REG,0,0,0,0,0,0,0,,,0,,0,0,0,0,0,0,12,-9.743752136302646,0,4,1,0,0,0,0,-5,65,5,2.6341044609434903,0,2,0,0,0,-11.6,0,1,0,1,0,0,0,0.0,0.0,0,0,0,0,0,0,0,0,0,0,0,0,0,0,0,0,0,0,0,0,0,0,0,0,0,0,0,7,186,0,0,0,0,,,0,0,0,0,0,0,0,0,0,0,0,0,,,,0,0,0,0,0,0,0,,0,0,0,0,,0,0,,0,0,0,0,0,0,0,0,0,0,,,,,,,,,,,,,,,,,,,,,,,,,,,,,,,,,,,,,,,,,,,,,,,,,,,,,,,,,,,,,,,,,,,,,,,,,,,,,,,,,,,,,,,,,,,,,,,,,,,,,,,,,,,,,,,,,,,,,,,,,,,,,,,,,,,,,,,,,,,,,,,,,,,,00-0039738,CoruBl00,4429096.0,Blake Corum,2000-11-25,68.0,202.0,Michigan,2024.0,3.0,83.0,LA,2024,3,17.0,0.0,186.0,0.0,0.4229411764705882,2024.0,Blake Corum,LA,24.0,RB,17.0,1.0,8.0,7.0,58.0,,5.0,-7.0,-1.0,65.0,9.3,-0.6,1.0,7.0,1.0,0.125,0.0,96.9,2025-09-03,2024.0,Blake Corum,LA,24.0,RB,17.0,1.0,58.0,207.0,,12.0,122.0,2.1,85.0,1.5,0.0,,2025-09-03,,,,,,,,,,,,,,,,,,,,,,,,,,,,,,,,,,,,,,,,,,,,,,,,,,,,,,,,,,,15,2.8,-0.4,0,0,0
2024,Hassan Haskins,H.Haskins,00-0037617,LAC,RB,RB,81.0,12,32.8,2.733333333333333,29.8,2.9999999999999964,3,3,49,1,0.006109979633401222,0.0016044006417602567,0.010288049899334012,34,89,2,0,0,0,0,0,133.0,0.11411764705882353,0.24661654135338343,2.733333333333333,4.369383841174308,11.9,0,RB,"https://static.www.nfl.com/image/upload/f_auto,q_auto/league/n9jwsfxyo1xppmhscpik",REG,0,0,0,0,0,0,0,,,0,,0,0,0,0,1,1,13,-3.679708030249458,0,1,1,0,0,0,0,7,42,2,5.056516458338592,0,2,1,1,0,7.0,0,2,0,4,0,0,0,0.0,0.0,0,0,0,0,0,0,0,0,0,0,0,0,0,0,0,0,0,0,0,0,1,0,0,1,1,0,0,1,35,0,0,0,0,,,0,0,0,0,0,0,0,0,0,0,0,0,,,,0,0,0,0,0,0,0,,0,0,0,0,,0,0,,0,0,0,0,0,0,0,0,0,0,H.Haskins,Hassan Haskins,RB,RB,"https://static.www.nfl.com/image/upload/f_auto,q_auto/league/n9jwsfxyo1xppmhscpik",2024.0,POST,LAC,1.0,0.0,0.0,0.0,0.0,0.0,0.0,0.0,0.0,0.0,0.0,0.0,0.0,,,0.0,,0.0,0.0,0.0,0.0,1.0,5.0,0.0,0.0,0.0,1.0,0.9365654551656917,0.0,0.0,0.0,0.0,0.0,0.0,1.0,0.0,0.0,0.0,0.0,3.0,0.0,0.0,-0.8308985389303416,0.0,0.0,0.0,0.0,0.0,0.0,0.03125,0.007407407407407408,0.05206018518518518,0.0,1.0,0.0,0.0,0.0,0.0,0.0,0.0,0.0,0.0,0.0,0.0,0.0,0.0,0.0,0.0,0.0,0.0,0.0,0.0,0.0,0.0,0.0,0.0,0.0,0.0,0.0,0.0,0.0,0.0,0.0,0.0,0.0,0.0,0.0,0.0,0.0,0.0,0.0,0.0,0.0,0.0,,,0.0,0.0,0.0,0.0,0.0,0.0,0.0,0.0,0.0,0.0,0.0,0.0,,,,0.0,0.0,0.0,0.0,0.0,0.0,0.0,,0.0,0.0,0.0,0.0,,0.0,0.0,,0.0,0.0,0.0,0.0,0.0,0.0,0.0,0.0,0.0,0.0,0.5,0.5,00-0037617,HaskHa00,4372071.0,Hassan Haskins,1999-11-26,74.0,228.0,Michigan,2022.0,4.0,131.0,TEN,2022,5,17.0,0.0,292.0,0.0,0.6305882352941177,2024.0,Hassan Haskins,LAC,25.0,RB,17.0,0.0,3.0,3.0,49.0,,2.0,7.0,2.3,42.0,14.0,2.3,0.0,,0.0,0.0,0.0,158.3,2025-09-03,2024.0,Hassan Haskins,LAC,25.0,RB,17.0,0.0,34.0,89.0,,13.0,39.0,1.1,50.0,1.5,0.0,,2025-09-03,,,,,,,,,,,,,,,,,,,,,,,,,,,,,,,,,,,,,,,,,,,,,,,,,,,,,,,,,,,12,0.4,-2.0,1,0,0
2024,Kimani Vidal,K.Vidal,00-0039391,LAC,RB,RB,82.0,9,32.7,3.6333333333333337,27.700000000000003,5.0,5,9,62,1,0.018329938900203666,0.011001604400641761,0.03519603143075473,43,155,0,0,0,0,0,0,169.0,0.277,0.19349112426035506,3.6333333333333337,3.690867106792116,13.100000000000001,0,RB,"https://static.www.nfl.com/image/upload/f_auto,q_auto/league/tqdctdun0bv60d5ziwtl",REG,0,0,0,0,0,0,0,,,0,,0,0,0,0,1,0,7,-8.408020302189103,0,2,2,0,0,0,0,48,37,2,1.7616465183673427,0,2,1,1,0,1.2916666666666667,0,0,0,0,0,0,0,0.0,0.0,0,0,0,0,0,0,0,0,0,0,0,0,0,1,0,0,0,0,0,0,1,0,0,1,0,0,0,0,0,0,0,0,0,,,0,0,0,0,0,0,0,0,0,0,0,0,,,,0,0,0,0,0,0,0,,0,0,0,0,,0,0,,0,0,0,0,0,0,0,0,0,0,,,,,,,,,,,,,,,,,,,,,,,,,,,,,,,,,,,,,,,,,,,,,,,,,,,,,,,,,,,,,,,,,,,,,,,,,,,,,,,,,,,,,,,,,,,,,,,,,,,,,,,,,,,,,,,,,,,,,,,,,,,,,,,,,,,,,,,,,,,,,,,,,,,,00-0039391,VidaKi00,4430968.0,Kimani Vidal,2001-08-28,68.0,215.0,Troy,2024.0,6.0,181.0,LAC,2024,3,10.0,0.0,6.0,0.0,0.021,2024.0,Kimani Vidal,LAC,23.0,RB,10.0,0.0,9.0,5.0,62.0,,2.0,25.0,5.0,37.0,7.4,5.3,0.0,,3.0,0.33299999999999996,0.0,114.1,2025-09-03,2024.0,Kimani Vidal,LAC,23.0,RB,10.0,0.0,43.0,155.0,,7.0,83.0,1.9,72.0,1.7,3.0,14.3,2025-09-03,,,,,,,,,,,,,,,,,,,,,,,,,,,,,,,,,,,,,,,,,,,,,,,,,,,,,,,,,,,9,2.4000000000000004,0.7000000000000001,1,0,0
2024,D'Onta Foreman,D.Foreman,00-0033925,CLE,RB,RB,83.0,10,32.6,3.2600000000000002,26.6,6.0,6,8,54,0,0.012618296529968454,0.0001942124684404739,0.019063393522861013,71,232,0,0,0,0,0,0,195.0,0.2672727272727273,0.1671794871794872,3.2600000000000002,3.0339559800512745,7.0,0,RB,"https://static.www.nfl.com/image/upload/f_auto,q_auto/league/shlxaet74pmn8arznphw",REG,0,0,0,0,0,0,0,,,0,,0,0,0,0,2,1,10,-24.159471105609555,0,2,2,1,0,0,0,1,48,1,0.8397850546753034,0,2,1,0,0,54.0,0,0,0,0,0,0,0,0.0,0.0,0,0,0,0,0,0,0,0,0,0,0,0,0,1,0,0,0,0,1,15,2,0,0,2,1,0,0,5,116,0,0,0,0,,,0,0,0,0,0,0,0,0,0,0,0,0,,,,0,0,0,0,0,0,0,,0,0,0,0,,0,0,,0,0,0,0,0,0,0,0,0,0,,,,,,,,,,,,,,,,,,,,,,,,,,,,,,,,,,,,,,,,,,,,,,,,,,,,,,,,,,,,,,,,,,,,,,,,,,,,,,,,,,,,,,,,,,,,,,,,,,,,,,,,,,,,,,,,,,,,,,,,,,,,,,,,,,,,,,,,,,,,,,,,,,,,00-0033925,ForeDO00,3125116.0,D'Onta Foreman,1996-04-24,73.0,236.0,Texas,2017.0,3.0,89.0,HOU,2017,6,11.0,0.0,30.0,0.0,0.09636363636363637,2024.0,DOnta Foreman,CLE,28.0,RB,11.0,3.0,8.0,6.0,54.0,,1.0,6.0,1.0,48.0,8.0,0.9,1.0,6.0,2.0,0.25,0.0,92.7,2025-09-03,2024.0,DOnta Foreman,CLE,28.0,RB,11.0,3.0,71.0,232.0,,10.0,131.0,1.8,101.0,1.4,0.0,,2025-09-03,,,,,,,,,,,,,,,,,,,,,,,,,,,,,,,,,,,,,,,,,,,,,,,,,,,,,,,,,,,10,3.55,-1.9,0,0,0
2024,Chris Rodriguez Jr.,C.Rodriguez,00-0038611,WAS,RB,RB,84.0,7,31.5,4.5,30.5,1.0,1,1,12,0,0.001984126984126984,0.000250501002004008,0.0031515411775932816,35,173,2,0,0,0,0,0,77.0,0.11777777777777779,0.4090909090909091,4.5,6.040695324215583,15.4,0,RB,"https://static.www.nfl.com/image/upload/f_auto,q_auto/league/pknd5uajvpvfd8c744im",REG,0,0,0,0,0,0,0,,,0,,0,0,0,0,0,0,10,7.9402524094621185,0,3,3,1,0,0,0,1,11,1,1.138391637650784,0,1,0,0,0,12.0,0,1,0,0,0,0,0,0.0,0.0,0,0,0,0,0,0,0,0,0,0,0,0,0,0,0,0,0,0,0,0,0,0,0,0,0,0,0,0,0,0,0,0,0,,,0,0,0,0,0,0,0,0,0,0,0,0,,,,0,0,0,0,0,0,0,,0,0,0,0,,0,0,,0,0,0,0,0,0,0,0,0,0,,,,,,,,,,,,,,,,,,,,,,,,,,,,,,,,,,,,,,,,,,,,,,,,,,,,,,,,,,,,,,,,,,,,,,,,,,,,,,,,,,,,,,,,,,,,,,,,,,,,,,,,,,,,,,,,,,,,,,,,,,,,,,,,,,,,,,,,,,,,,,,,,,,,00-0038611,RodrCh00,4362619.0,Chris Rodriguez Jr.,1999-09-26,71.0,224.0,Kentucky,2023.0,6.0,193.0,WAS,2023,4,9.0,0.0,54.0,0.0,0.21888888888888888,2024.0,Chris Rodriguez,WAS,24.0,RB,9.0,0.0,1.0,1.0,12.0,,1.0,1.0,1.0,11.0,11.0,1.0,0.0,,0.0,0.0,0.0,116.7,2025-09-03,2024.0,Chris Rodriguez,WAS,24.0,RB,9.0,0.0,35.0,173.0,,10.0,62.0,1.8,111.0,3.2,1.0,35.0,2025-09-03,,,,,,,,,,,,,,,,,,,,,,,,,,,,,,,,,,,,,,,,,,,,,,,,,,,,,,,,,,,7,0.5,0.0,1,1,0
2024,Khalil Herbert,K.Herbert,00-0036906,CIN,RB,RB,84.0,11,31.5,2.8636363636363638,21.5,10.0,10,11,25,0,0.02091254752851711,-0.005072783414203794,0.027817872902833007,36,130,1,0,0,0,0,0,139.0,0.135,0.22661870503597123,2.8636363636363638,4.820430007223988,15.3,0,RB,"https://static.www.nfl.com/image/upload/f_auto,q_auto/league/gjwksf9ygntjmtceeerh",REG,0,0,0,0,0,0,0,,,0,,0,0,0,0,0,0,10,2.0537499667806114,0,2,2,0,0,1,0,-23,44,0,-4.938388284252025,0,0,0,0,0,-1.0869565217391304,0,1,0,1,0,0,0,0.0,0.0,0,0,0,0,0,0,0,0,0,0,0,0,0,3,0,0,0,0,0,0,1,0,0,1,0,0,0,4,124,0,0,0,0,,,0,0,0,0,0,0,0,0,0,0,0,0,,,,0,0,0,0,0,0,0,,0,0,0,0,,0,0,,0,0,0,0,0,0,0,0,0,0,,,,,,,,,,,,,,,,,,,,,,,,,,,,,,,,,,,,,,,,,,,,,,,,,,,,,,,,,,,,,,,,,,,,,,,,,,,,,,,,,,,,,,,,,,,,,,,,,,,,,,,,,,,,,,,,,,,,,,,,,,,,,,,,,,,,,,,,,,,,,,,,,,,,00-0036906,HerbKh00,4035886.0,Khalil Herbert,1998-04-21,69.0,212.0,Virginia Tech,2021.0,6.0,217.0,CHI,2021,5,14.0,0.0,108.0,0.0,0.28785714285714287,2024.0,Khalil Herbert,2TM,26.0,RB,14.0,1.0,11.0,10.0,25.0,,0.0,-19.0,-1.9,44.0,4.4,-2.1,0.0,,1.0,0.091,0.0,79.2,2025-09-03,2024.0,Khalil Herbert,2TM,26.0,RB,14.0,1.0,36.0,130.0,,10.0,74.0,2.1,56.0,1.6,0.0,,2025-09-03,,,,,,,,,,,,,,,,,,,,,,,,,,,,,,,,,,,,,,,,,,,,,,,,,,,,,,,,,,,11,0.9,0.0,1,1,0
2024,Patrick Taylor,P.Taylor,00-0035973,SF,RB,RB,86.0,7,29.8,4.257142857142857,26.8,3.0,3,11,25,0,0.021442495126705652,0.008613074204946997,0.03819289463352137,39,183,1,0,0,0,0,0,172.0,0.19615384615384615,0.17325581395348838,4.257142857142857,4.907428771042647,13.100000000000001,0,RB,"https://static.www.nfl.com/image/upload/f_auto,q_auto/league/nd1utxii5exwfoujq5a4",REG,0,0,0,0,0,0,0,,,0,,0,0,0,0,0,0,11,1.1928683296283706,0,3,3,1,0,0,0,39,19,2,-10.156941917492077,0,2,0,0,0,0.6410256410256411,0,3,0,0,0,0,0,0.0,0.0,0,0,0,0,0,0,0,0,0,0,0,0,0,1,0,0,0,0,0,0,0,0,0,0,0,0,0,4,104,0,0,0,0,,,0,0,0,0,0,0,0,0,0,0,0,0,,,,0,0,0,0,0,0,0,,0,0,0,0,,0,0,,0,0,0,0,0,0,0,0,0,0,,,,,,,,,,,,,,,,,,,,,,,,,,,,,,,,,,,,,,,,,,,,,,,,,,,,,,,,,,,,,,,,,,,,,,,,,,,,,,,,,,,,,,,,,,,,,,,,,,,,,,,,,,,,,,,,,,,,,,,,,,,,,,,,,,,,,,,,,,,,,,,,,,,,00-0035973,TaylPa01,4039358.0,Patrick Taylor,1998-04-29,73.0,217.0,Memphis,,,,,2020,5,13.0,0.0,120.0,0.0,0.35,2024.0,Patrick Taylor,SF,26.0,RB,13.0,1.0,11.0,3.0,25.0,,2.0,6.0,2.0,19.0,6.3,3.1,0.0,,2.0,0.182,0.0,39.6,2025-09-03,2024.0,Patrick Taylor,SF,26.0,RB,13.0,1.0,39.0,183.0,,11.0,89.0,2.3,94.0,2.4,0.0,,2025-09-03,,,,,,,,,,,,,,,,,,,,,,,,,,,,,,,,,,,,,,,,,,,,,,,,,,,,,,,,,,,7,3.5,0.0,1,0,0
2024,Michael Burton,M.Burton,00-0031595,DEN,RB,FB,87.0,12,29.3,2.441666666666667,19.3,10.0,10,10,65,1,0.018214936247723135,0.005811138014527845,0.03139020098175419,7,8,1,0,0,0,0,0,175.0,0.15529411764705883,0.16742857142857143,2.441666666666667,3.1804683283879416,10.9,0,RB,"https://static.www.nfl.com/image/upload/f_auto,q_auto/league/ibyeabk3yu68mgipxklr",REG,0,0,0,0,0,0,0,,,0,,0,0,0,0,0,0,3,-1.0444718406361062,0,0,0,0,0,0,0,24,41,3,4.411656428244896,0,2,1,1,0,2.7083333333333335,0,1,1,4,0,0,0,0.0,0.0,0,0,0,0,0,0,0,0,0,0,0,0,0,0,0,0,0,0,0,0,0,0,0,0,0,0,0,0,0,0,0,0,0,,,0,0,0,0,0,0,0,0,0,0,0,0,,,,0,0,0,0,0,0,0,,0,0,0,0,,0,0,,0,0,0,0,0,0,0,0,0,0,,,,,,,,,,,,,,,,,,,,,,,,,,,,,,,,,,,,,,,,,,,,,,,,,,,,,,,,,,,,,,,,,,,,,,,,,,,,,,,,,,,,,,,,,,,,,,,,,,,,,,,,,,,,,,,,,,,,,,,,,,,,,,,,,,,,,,,,,,,,,,,,,,,,00-0031595,BurtMi00,2515270.0,Michael Burton,1992-02-01,72.0,247.0,Rutgers,2015.0,5.0,168.0,DET,2015,12,17.0,0.0,294.0,0.0,0.6164705882352941,2024.0,Michael Burton,DEN,32.0,FB,17.0,2.0,10.0,10.0,65.0,,3.0,24.0,2.4,41.0,4.1,2.4,0.0,,0.0,0.0,0.0,127.1,2025-09-03,2024.0,Michael Burton,DEN,32.0,FB,17.0,2.0,7.0,8.0,,3.0,3.0,0.4,5.0,0.7,0.0,,2025-09-03,,,,,,,,,,,,,,,,,,,,,,,,,,,,,,,,,,,,,,,,,,,,,,,,,,,,,,,,,,,12,1.3,-0.1,1,0,0
2024,Zamir White,Z.White,00-0038040,LV,RB,RB,87.0,8,29.3,3.6625,23.3,6.0,6,8,30,0,0.013513513513513514,-0.005611672278338945,0.01634209967543301,65,183,1,0,0,0,0,0,154.0,0.305,0.19025974025974027,3.6625,2.5116514203095255,7.0,0,RB,"https://static.www.nfl.com/image/upload/f_auto,q_auto/league/jzthyqk2ld52f31ka1ir",REG,0,0,0,0,0,0,0,,,0,,0,0,0,0,2,2,4,-36.288188777781755,0,2,2,0,0,0,0,-25,50,2,-2.2491450942735383,0,2,0,0,0,-1.2,0,0,0,0,0,0,0,0.0,0.0,0,0,0,0,0,0,0,0,0,0,0,0,0,0,0,0,0,0,0,0,2,0,0,2,2,0,0,0,0,0,0,0,0,,,0,0,0,0,0,0,0,0,0,0,0,0,,,,0,0,0,0,0,0,0,,0,0,0,0,,0,0,,0,0,0,0,0,0,0,0,0,0,,,,,,,,,,,,,,,,,,,,,,,,,,,,,,,,,,,,,,,,,,,,,,,,,,,,,,,,,,,,,,,,,,,,,,,,,,,,,,,,,,,,,,,,,,,,,,,,,,,,,,,,,,,,,,,,,,,,,,,,,,,,,,,,,,,,,,,,,,,,,,,,,,,,00-0038040,WhitZa01,4361777.0,Zamir White,1999-09-18,71.0,227.0,Georgia,2022.0,4.0,122.0,LV,2022,5,8.0,0.0,6.0,0.0,0.028749999999999998,2024.0,Zamir White,LV,25.0,RB,8.0,5.0,8.0,6.0,30.0,,2.0,-20.0,-3.3,50.0,8.3,-3.1,2.0,3.0,1.0,0.125,0.0,80.2,2025-09-03,2024.0,Zamir White,LV,25.0,RB,8.0,5.0,65.0,183.0,,4.0,93.0,1.4,90.0,1.4,4.0,16.3,2025-09-03,,,,,,,,,,,,,,,,,,,,,,,,,,,,,,,,,,,,,,,,,,,,,,,,,,,,,,,,,,,8,3.5500000000000003,-0.1,0,0,0
2024,Kendre Miller,K.Miller,00-0038551,NO,RB,RB,89.0,6,29.1,4.8500000000000005,24.1,5.0,5,8,33,0,0.015473887814313346,0.0006772009029345372,0.023684872353524195,39,148,1,0,0,0,0,0,104.0,0.27999999999999997,0.2798076923076923,4.8500000000000005,2.6128528469854553,9.2,0,RB,"https://static.www.nfl.com/image/upload/f_auto,q_auto/league/vclaomtslw55smksopku",REG,0,0,0,0,0,0,0,,,0,,0,0,0,0,0,0,11,-5.370665678929072,0,6,4,0,0,0,0,3,33,2,-0.5837678054231219,0,1,1,0,0,11.0,0,0,0,0,0,0,0,0.0,0.0,0,0,0,0,0,0,0,0,0,0,0,0,0,0,0,0,0,0,0,0,0,0,0,0,0,0,0,6,176,0,0,0,0,,,0,0,0,0,0,0,0,0,0,0,0,0,,,,0,0,0,0,0,0,0,,0,0,0,0,,0,0,,0,0,0,0,0,0,0,0,0,0,,,,,,,,,,,,,,,,,,,,,,,,,,,,,,,,,,,,,,,,,,,,,,,,,,,,,,,,,,,,,,,,,,,,,,,,,,,,,,,,,,,,,,,,,,,,,,,,,,,,,,,,,,,,,,,,,,,,,,,,,,,,,,,,,,,,,,,,,,,,,,,,,,,,00-0038551,MillKe01,4599739.0,Kendre Miller,2002-06-11,72.0,220.0,TCU,2023.0,3.0,71.0,NO,2023,4,6.0,0.0,14.0,0.0,0.08333333333333333,2024.0,Kendre Miller,NO,22.0,RB,6.0,2.0,8.0,5.0,33.0,,2.0,0.0,0.0,33.0,6.6,0.4,0.0,,2.0,0.25,0.0,71.4,2025-09-03,2024.0,Kendre Miller,NO,22.0,RB,6.0,2.0,39.0,148.0,,11.0,55.0,1.4,93.0,2.4,6.0,6.5,2025-09-03,,,,,,,,,,,,,,,,,,,,,,,,,,,,,,,,,,,,,,,,,,,,,,,,,,,,,,,,,,,6,4.85,1.6,0,0,0
2024,JaMycal Hasty,J.Hasty,00-0035806,NE,RB,RB,90.0,12,28.8,2.4,18.8,10.0,10,12,59,1,0.024,-0.0005209690023443605,0.03563532169835895,20,69,0,0,0,0,0,0,107.0,0.11200000000000002,0.2691588785046729,2.4,4.4092877181941965,15.7,0,RB,"https://static.www.nfl.com/image/upload/f_auto,q_auto/league/stvclosmy6zi864kfxw7",REG,0,0,0,0,0,0,0,,,0,,0,0,0,0,0,0,4,-1.0126937043138207,0,1,1,0,0,0,0,-2,72,2,0.5848384630517103,0,2,1,0,0,-29.5,0,0,0,0,0,0,0,0.0,0.0,0,0,0,0,0,0,0,0,0,0,0,0,0,0,0,0,0,0,1,0,0,0,0,0,0,0,0,10,238,0,0,0,0,,,0,0,0,0,0,0,0,0,0,0,0,0,,,,0,0,0,0,0,0,0,,0,0,0,0,,0,0,,0,0,0,0,0,0,0,0,0,0,,,,,,,,,,,,,,,,,,,,,,,,,,,,,,,,,,,,,,,,,,,,,,,,,,,,,,,,,,,,,,,,,,,,,,,,,,,,,,,,,,,,,,,,,,,,,,,,,,,,,,,,,,,,,,,,,,,,,,,,,,,,,,,,,,,,,,,,,,,,,,,,,,,,00-0035806,HastJa02,3928925.0,JaMycal Hasty,1996-09-12,68.0,205.0,Baylor,,,,,2020,6,15.0,0.0,131.0,0.0,0.33666666666666667,2024.0,JaMycal Hasty,NE,28.0,RB,15.0,0.0,12.0,10.0,59.0,,2.0,-13.0,-1.3,72.0,7.2,-1.3,1.0,10.0,0.0,0.0,0.0,114.9,2025-09-03,2024.0,JaMycal Hasty,NE,28.0,RB,15.0,0.0,20.0,69.0,,4.0,38.0,1.9,31.0,1.6,0.0,,2025-09-03,,,,,,,,,,,,,,,,,,,,,,,,,,,,,,,,,,,,,,,,,,,,,,,,,,,,,,,,,,,12,0.6,0.0,1,1,0
2024,Ty Chandler,T.Chandler,00-0037276,MIN,RB,RB,91.0,14,28.400000000000002,2.028571428571429,22.400000000000002,6.0,6,6,42,0,0.01160541586073501,-0.0023783783783783785,0.01574325892623765,56,182,0,0,0,0,0,0,153.0,0.13941176470588235,0.18562091503267975,2.028571428571429,2.8736009496070287,8.200000000000001,0,RB,"https://static.www.nfl.com/image/upload/f_auto,q_auto/league/dmprsfd75phecgmbkf4l",REG,1,-1,0,0,0,0,0,-0.5984916715533473,,0,,0,0,0,0,0,0,9,-10.501245821165705,0,3,2,1,0,0,0,-11,53,2,2.1026104399352334,0,2,0,0,0,-3.8181818181818183,0,3,0,1,0,0,0,0.0,0.0,0,0,0,0,0,0,0,0,0,0,0,0,0,0,0,0,0,0,2,25,0,0,0,0,0,0,0,8,205,0,0,0,0,,,0,0,0,0,0,0,0,0,0,0,0,0,,,,0,0,0,0,0,0,0,,0,0,0,0,,0,0,,0,0,0,0,0,0,0,0,0,0,T.Chandler,Ty Chandler,RB,RB,"https://static.www.nfl.com/image/upload/f_auto,q_auto/league/dmprsfd75phecgmbkf4l",2024.0,POST,MIN,1.0,0.0,0.0,0.0,0.0,0.0,0.0,0.0,0.0,0.0,0.0,0.0,0.0,,,0.0,,0.0,0.0,0.0,0.0,0.0,0.0,0.0,0.0,0.0,0.0,,0.0,0.0,0.0,0.0,0.0,0.0,0.0,0.0,0.0,0.0,0.0,0.0,0.0,0.0,,0.0,0.0,0.0,0.0,0.0,,0.0,0.0,0.0,0.0,1.0,0.0,0.0,0.0,0.0,0.0,0.0,0.0,0.0,0.0,0.0,0.0,0.0,0.0,0.0,0.0,0.0,0.0,0.0,0.0,0.0,0.0,0.0,0.0,0.0,0.0,0.0,0.0,0.0,0.0,0.0,0.0,0.0,0.0,0.0,2.0,58.0,0.0,0.0,0.0,0.0,,,0.0,0.0,0.0,0.0,0.0,0.0,0.0,0.0,0.0,0.0,0.0,0.0,,,,0.0,0.0,0.0,0.0,0.0,0.0,0.0,,0.0,0.0,0.0,0.0,,0.0,0.0,,0.0,0.0,0.0,0.0,0.0,0.0,0.0,0.0,0.0,0.0,0.0,0.0,00-0037276,ChanTy01,4242431.0,Ty Chandler,1998-05-12,71.0,204.0,North Carolina,2022.0,5.0,169.0,MIN,2022,5,17.0,0.0,146.0,0.0,0.3235294117647059,2024.0,Ty Chandler,MIN,26.0,RB,17.0,0.0,6.0,6.0,42.0,,2.0,-11.0,-1.8,53.0,8.8,-1.8,0.0,,0.0,0.0,0.0,95.8,2025-09-03,2024.0,Ty Chandler,MIN,26.0,RB,17.0,0.0,56.0,182.0,,9.0,128.0,2.3,54.0,1.0,0.0,,2025-09-03,,,,,,,,,,,,,,,,,,,,,,,,,,,,,,,,,,,,,,,,,,,,,,,,,,,,,,,,,,,14,0.55,0.0,0,0,0
2024,Sincere McCormick,S.McCormick,00-0037509,LV,RB,RB,92.0,4,27.200000000000003,6.800000000000001,21.200000000000003,6.0,6,7,29,0,0.011824324324324325,0.0006734006734006734,0.018207866957866956,39,183,0,0,0,0,0,0,89.0,0.26,0.30561797752808995,6.800000000000001,3.523256069793016,10.9,0,RB,"https://static.www.nfl.com/image/upload/f_auto,q_auto/league/t2e5ffjyc1iimyxufxjs",REG,0,0,0,0,0,0,0,,,0,,0,0,0,0,0,0,10,0.4478793845628388,0,6,3,1,0,0,0,3,29,2,-0.8935149537282996,0,1,0,0,0,9.666666666666666,0,0,0,0,0,0,0,0.0,0.0,0,0,0,0,0,0,0,0,0,0,0,0,0,0,0,0,0,0,0,0,0,0,0,0,0,0,0,0,0,0,0,0,0,,,0,0,0,0,0,0,0,0,0,0,0,0,,,,0,0,0,0,0,0,0,,0,0,0,0,,0,0,,0,0,0,0,0,0,0,0,0,0,,,,,,,,,,,,,,,,,,,,,,,,,,,,,,,,,,,,,,,,,,,,,,,,,,,,,,,,,,,,,,,,,,,,,,,,,,,,,,,,,,,,,,,,,,,,,,,,,,,,,,,,,,,,,,,,,,,,,,,,,,,,,,,,,,,,,,,,,,,,,,,,,,,,00-0037509,McCoSi00,4430104.0,Sincere McCormick,2000-09-10,69.0,205.0,Texas-San Antonio,,,,,2022,3,5.0,0.0,21.0,0.0,0.13599999999999998,2024.0,Sincere McCormick,LV,24.0,RB,5.0,2.0,7.0,6.0,29.0,,2.0,0.0,0.0,29.0,4.8,0.4,0.0,,0.0,0.0,0.0,83.9,2025-09-03,2024.0,Sincere McCormick,LV,24.0,RB,5.0,2.0,39.0,183.0,,10.0,90.0,2.3,93.0,2.4,5.0,7.8,2025-09-03,,,,,,,,,,,,,,,,,,,,,,,,,,,,,,,,,,,,,,,,,,,,,,,,,,,,,,,,,,,4,6.5,3.3000000000000003,1,0,0
2024,Hunter Luepke,H.Luepke,00-0038738,DAL,RB,RB,93.0,14,26.9,1.9214285714285713,14.9,11.999999999999998,12,16,111,0,0.02572347266881029,0.008322663252240717,0.04441107327978394,12,38,0,0,0,0,0,0,328.0,0.3025,0.08201219512195121,1.9214285714285715,1.9103678950677259,6.1000000000000005,0,RB,"https://static.www.nfl.com/image/upload/f_auto,q_auto/league/m28qafff4o5vb3aaumiv",REG,0,0,0,0,0,0,0,,,0,,0,0,0,0,0,0,6,0.9359209736109828,0,1,0,0,0,0,0,39,84,5,4.598201807206468,0,6,3,1,0,2.8461538461538463,0,4,0,8,0,0,0,0.0,0.0,0,0,0,0,0,0,0,0,0,0,0,0,0,0,0,0,0,0,1,5,0,0,0,0,0,0,0,0,0,0,0,0,0,,,0,0,0,0,0,0,0,0,0,0,0,0,,,,0,0,0,0,0,0,0,,0,0,0,0,,0,0,,0,0,0,0,0,0,0,0,0,0,,,,,,,,,,,,,,,,,,,,,,,,,,,,,,,,,,,,,,,,,,,,,,,,,,,,,,,,,,,,,,,,,,,,,,,,,,,,,,,,,,,,,,,,,,,,,,,,,,,,,,,,,,,,,,,,,,,,,,,,,,,,,,,,,,,,,,,,,,,,,,,,,,,,00-0038738,LuepHu00,4383396.0,Hunter Luepke,2000-02-28,73.0,250.0,North Dakota State,,,,,2023,4,16.0,0.0,171.0,0.0,0.3675,2024.0,Hunter Luepke,DAL,24.0,RB,16.0,4.0,16.0,12.0,111.0,,5.0,27.0,2.3,84.0,7.0,2.4,0.0,,0.0,0.0,0.0,93.5,2025-09-03,2024.0,Hunter Luepke,DAL,24.0,RB,16.0,4.0,12.0,38.0,,6.0,13.0,1.1,25.0,2.1,1.0,12.0,2025-09-03,,,,,,,,,,,,,,,,,,,,,,,,,,,,,,,,,,,,,,,,,,,,,,,,,,,,,,,,,,,14,1.5,0.0,0,0,0
2024,Jaylen Wright,J.Wright,00-0039874,MIA,RB,RB,94.0,13,26.700000000000003,2.053846153846154,23.700000000000003,3.0,3,6,8,0,0.01056338028169014,-0.0016168148746968471,0.014713300010247418,68,249,0,0,0,0,0,0,171.0,0.16999999999999998,0.156140350877193,2.0538461538461537,2.3132284022607106,8.6,0,RB,"https://static.www.nfl.com/image/upload/f_auto,q_auto/league/feeuommtlmpvuxvtb1zt",REG,0,0,0,0,0,0,0,,,0,,0,0,0,0,1,1,11,-20.312455257982947,0,8,7,1,0,0,0,-6,8,1,-2.8675909311304895,0,0,0,0,0,-1.3333333333333333,0,0,0,0,0,0,0,0.0,0.0,0,0,0,0,0,0,0,0,0,0,0,0,0,0,0,0,0,0,0,0,1,0,0,1,1,0,0,1,29,0,0,0,0,,,0,0,0,0,0,0,0,0,0,0,0,0,,,,0,0,0,0,0,0,0,,0,0,0,0,,0,0,,0,0,0,0,0,0,0,0,0,0,,,,,,,,,,,,,,,,,,,,,,,,,,,,,,,,,,,,,,,,,,,,,,,,,,,,,,,,,,,,,,,,,,,,,,,,,,,,,,,,,,,,,,,,,,,,,,,,,,,,,,,,,,,,,,,,,,,,,,,,,,,,,,,,,,,,,,,,,,,,,,,,,,,,00-0039874,WrigJa04,4682745.0,Jaylen Wright,2003-04-01,70.0,205.0,Tennessee,2024.0,4.0,120.0,MIA,2024,3,15.0,0.0,7.0,0.0,0.016666666666666666,2024.0,Jaylen Wright,MIA,21.0,RB,15.0,1.0,6.0,3.0,8.0,,1.0,0.0,0.0,8.0,2.7,-1.0,1.0,3.0,1.0,0.16699999999999998,0.0,56.2,2025-09-03,2024.0,Jaylen Wright,MIA,21.0,RB,15.0,1.0,68.0,249.0,,11.0,126.0,1.9,123.0,1.8,3.0,22.7,2025-09-03,,,,,,,,,,,,,,,,,,,,,,,,,,,,,,,,,,,,,,,,,,,,,,,,,,,,,,,,,,,13,1.7000000000000002,-0.4,0,0,0
2024,Alec Ingold,A.Ingold,00-0035125,MIA,RB,FB,95.0,10,26.3,2.63,15.3,11.0,11,12,96,0,0.02112676056338028,0.004042037186742118,0.03451956687578991,10,17,1,0,0,0,0,0,337.0,0.3313333333333333,0.07804154302670624,2.63,2.328113208396686,6.3,0,RB,"https://static.www.nfl.com/image/upload/f_auto,q_auto/league/saqgxmq3xrr68byket0r",REG,0,0,0,0,0,0,0,,,0,,0,0,0,0,2,1,6,-10.23862992407862,0,0,0,0,0,0,0,15,76,3,3.275362042186316,0,4,2,1,0,6.4,0,0,1,1,0,0,0,0.0,0.0,0,0,0,0,0,0,0,0,0,0,0,0,0,1,0,0,0,0,3,20,1,1,0,2,1,0,0,0,0,0,0,0,0,,,0,0,0,0,0,0,0,0,0,0,0,0,,,,0,0,0,0,0,0,0,,0,0,0,0,,0,0,,0,0,0,0,0,0,0,0,0,0,,,,,,,,,,,,,,,,,,,,,,,,,,,,,,,,,,,,,,,,,,,,,,,,,,,,,,,,,,,,,,,,,,,,,,,,,,,,,,,,,,,,,,,,,,,,,,,,,,,,,,,,,,,,,,,,,,,,,,,,,,,,,,,,,,,,,,,,,,,,,,,,,,,,00-0035125,IngoAl01,3917668.0,Alec Ingold,1996-07-09,73.0,240.0,Wisconsin,,,,,2019,8,15.0,0.0,84.0,0.0,0.214,2024.0,Alec Ingold,MIA,28.0,FB,15.0,10.0,12.0,11.0,96.0,,3.0,20.0,1.8,76.0,6.9,2.1,0.0,,0.0,0.0,0.0,100.0,2025-09-03,2024.0,Alec Ingold,MIA,28.0,FB,15.0,10.0,10.0,17.0,,6.0,3.0,0.3,14.0,1.4,0.0,,2025-09-03,,,,,,,,,,,,,,,,,,,,,,,,,,,,,,,,,,,,,,,,,,,,,,,,,,,,,,,,,,,10,2.45,0.0,0,0,0
2024,Jordan Mims,J.Mims,00-0038678,NO,RB,RB,96.0,8,26.1,3.2625,14.100000000000001,12.0,12,18,71,0,0.03481624758220503,0.0006772009029345372,0.05269841200536172,20,70,0,0,0,0,0,0,105.0,0.15181818181818182,0.24857142857142858,3.2625,2.8505325317010004,8.2,0,RB,"https://static.www.nfl.com/image/upload/f_auto,q_auto/league/nvamfcrdqvkwtnpgmzdh",REG,0,0,0,0,0,0,0,,,0,,0,0,0,0,0,0,2,-3.176775460189674,0,0,0,0,0,0,0,3,80,4,-7.65832852014243,0,2,1,1,0,23.666666666666668,0,0,0,2,0,0,0,0.0,0.0,0,0,0,0,0,0,0,0,0,0,0,0,0,0,0,0,0,0,0,0,0,0,0,0,0,0,0,1,19,0,0,0,0,,,0,0,0,0,0,0,0,0,0,0,0,0,,,,0,0,0,0,0,0,0,,0,0,0,0,,0,0,,0,0,0,0,0,0,0,0,0,0,,,,,,,,,,,,,,,,,,,,,,,,,,,,,,,,,,,,,,,,,,,,,,,,,,,,,,,,,,,,,,,,,,,,,,,,,,,,,,,,,,,,,,,,,,,,,,,,,,,,,,,,,,,,,,,,,,,,,,,,,,,,,,,,,,,,,,,,,,,,,,,,,,,,00-0038678,MimsJo00,4243004.0,Jordan Mims,1999-06-16,72.0,205.0,Fresno State,,,,,2023,2,11.0,0.0,49.0,0.0,0.16999999999999998,2024.0,Jordan Mims,NO,25.0,RB,11.0,0.0,18.0,12.0,71.0,,4.0,-9.0,-0.8,80.0,6.7,0.2,1.0,12.0,2.0,0.111,0.0,74.1,2025-09-03,2024.0,Jordan Mims,NO,25.0,RB,11.0,0.0,20.0,70.0,,2.0,50.0,2.5,20.0,1.0,0.0,,2025-09-03,,,,,,,,,,,,,,,,,,,,,,,,,,,,,,,,,,,,,2024.0,Regular,Season Total,NO,J. Mims,,97.8,0.3,1.0,0.4,0.0,0.4,0.0,0.0,98.1,0.0,Jordan,Mims,Jordan Mims,https://a.espncdn.com/i/headshots/nfl/players/full/4243004.png,Saints,False,8,3.1,0.0,0,0,0
2024,Carson Steele,C.Steele,00-0039325,KC,RB,RB,97.0,13,23.900000000000002,1.8384615384615386,16.900000000000002,7.0,7,11,26,0,0.019230769230769232,-0.004466631634261692,0.025719511702170662,56,183,0,0,0,0,0,0,201.0,0.18764705882352944,0.11890547263681593,1.8384615384615386,2.3855601933083634,8.4,0,RB,"https://static.www.nfl.com/image/upload/f_auto,q_auto/league/q6dciqten6frfdm1takb",REG,0,0,0,0,0,0,0,,,0,,0,0,0,0,3,2,14,-11.983610462734525,0,0,0,0,0,0,0,-17,43,0,-2.9024881075602025,0,0,0,0,0,-1.5294117647058822,0,0,0,1,0,0,0,0.0,0.0,0,0,0,0,0,0,0,0,0,0,0,0,0,0,0,0,0,0,0,0,3,0,0,3,2,0,0,5,138,0,0,0,0,,,0,0,0,0,0,0,0,0,0,0,0,0,,,,0,0,0,0,0,0,0,,0,0,0,0,,0,0,,0,0,0,0,0,0,0,0,0,0,,,,,,,,,,,,,,,,,,,,,,,,,,,,,,,,,,,,,,,,,,,,,,,,,,,,,,,,,,,,,,,,,,,,,,,,,,,,,,,,,,,,,,,,,,,,,,,,,,,,,,,,,,,,,,,,,,,,,,,,,,,,,,,,,,,,,,,,,,,,,,,,,,,,00-0039325,SteeCa00,4714365.0,Carson Steele,2002-10-21,72.0,228.0,UCLA; Ball State,,,,,2024,2,17.0,0.0,137.0,0.0,0.3164705882352941,2024.0,Carson Steele,KC,22.0,RB,17.0,3.0,11.0,7.0,26.0,,0.0,-17.0,-2.4,43.0,6.1,-1.5,3.0,2.3,0.0,0.0,0.0,67.6,2025-09-03,2024.0,Carson Steele,KC,22.0,RB,17.0,3.0,56.0,183.0,,14.0,87.0,1.6,96.0,1.7,2.0,28.0,2025-09-03,,,,,,,,,,,,,,,,,,,,,,,,,,,,,,,,,,,,,,,,,,,,,,,,,,,,,,,,,,,13,1.2000000000000002,-0.3999999999999999,0,0,0
2024,Kenny McIntosh,K.McIntosh,00-0038636,SEA,RB,RB,98.0,11,22.400000000000002,2.0363636363636366,19.400000000000002,3.0,3,4,22,0,0.007029876977152899,0.0012153621779290229,0.011395568990279666,31,172,0,0,0,0,0,0,75.0,0.07470588235294118,0.2986666666666667,2.036363636363636,2.434860458947382,6.5,0,RB,"https://static.www.nfl.com/image/upload/f_auto,q_auto/league/ysygpo0sm8rbptosqrrc",REG,0,0,0,0,0,0,0,,,0,,0,0,0,0,0,0,8,1.4880797801888548,0,4,3,1,0,0,0,5,17,1,-0.40405713935615495,0,1,0,0,0,4.4,0,2,0,1,0,0,0,0.0,0.0,0,0,0,0,0,0,0,0,0,0,0,0,0,0,0,0,0,0,0,0,0,0,0,0,0,0,0,6,153,0,0,0,0,,,0,0,0,0,0,0,0,0,0,0,0,0,,,,0,0,0,0,0,0,0,,0,0,0,0,,0,0,,0,0,0,0,0,0,0,0,0,0,,,,,,,,,,,,,,,,,,,,,,,,,,,,,,,,,,,,,,,,,,,,,,,,,,,,,,,,,,,,,,,,,,,,,,,,,,,,,,,,,,,,,,,,,,,,,,,,,,,,,,,,,,,,,,,,,,,,,,,,,,,,,,,,,,,,,,,,,,,,,,,,,,,,00-0038636,McInKe00,4427391.0,Kenny McIntosh,2000-03-03,72.0,211.0,Georgia,2023.0,7.0,237.0,SEA,2023,3,17.0,0.0,173.0,0.0,0.37411764705882355,2024.0,Kenny McIntosh,SEA,24.0,RB,17.0,0.0,4.0,3.0,22.0,,1.0,5.0,1.7,17.0,5.7,1.3,0.0,,0.0,0.0,0.0,87.5,2025-09-03,2024.0,Kenny McIntosh,SEA,24.0,RB,17.0,0.0,31.0,172.0,,8.0,97.0,3.1,75.0,2.4,5.0,6.2,2025-09-03,,,,,,,,,,,,,,,,,,,,,,,,,,,,,,,,,,,,,,,,,,,,,,,,,,,,,,,,,,,11,0.9,0.0,0,0,0
2024,DeeJay Dallas,D.Dallas,00-0036425,ARI,RB,RB,99.0,16,21.0,1.3125,18.0,3.0,3,3,11,1,0.0057361376673040155,-0.002434406275358399,0.0069001221082051435,9,49,0,0,0,0,0,0,54.0,0.04588235294117647,0.3888888888888889,1.3125,2.281483435545099,7.1,0,RB,"https://static.www.nfl.com/image/upload/f_auto,q_auto/league/qrvemj4m3g2mqlbgy352",REG,0,0,0,0,0,0,0,,,0,,0,0,0,0,0,0,4,1.2810716775711626,0,1,1,1,0,0,0,-9,20,1,1.6203214058768936,0,0,0,0,0,-1.2222222222222223,1,4,0,3,0,0,0,0.0,0.0,0,0,0,0,0,0,0,0,0,0,0,0,0,0,0,0,0,0,0,0,1,0,0,1,0,0,0,15,459,0,0,0,0,,,0,0,0,0,0,0,0,0,0,0,0,0,,,,0,0,0,0,0,0,0,,0,0,0,0,,0,0,,0,0,0,0,0,0,0,0,0,0,,,,,,,,,,,,,,,,,,,,,,,,,,,,,,,,,,,,,,,,,,,,,,,,,,,,,,,,,,,,,,,,,,,,,,,,,,,,,,,,,,,,,,,,,,,,,,,,,,,,,,,,,,,,,,,,,,,,,,,,,,,,,,,,,,,,,,,,,,,,,,,,,,,,00-0036425,DallDe00,4240631.0,DeeJay Dallas,1998-09-16,70.0,225.0,Miami,2020.0,4.0,144.0,SEA,2020,7,17.0,0.0,275.0,0.0,0.6335294117647059,2024.0,DeeJay Dallas,ARI,26.0,RB,17.0,0.0,3.0,3.0,11.0,,1.0,-9.0,-3.0,20.0,6.7,-3.0,0.0,,0.0,0.0,0.0,121.5,2025-09-03,2024.0,DeeJay Dallas,ARI,26.0,RB,17.0,0.0,9.0,49.0,,4.0,32.0,3.6,17.0,1.9,0.0,,2025-09-03,,,,,,,,,,,,,,,,,,,,,,,,,,,,,,,,,,,,,,,,,,,,,,,,,,,,,,,,,,,16,0.0,0.0,0,0,0
2024,Craig Reynolds,C.Reynolds,00-0035567,DET,RB,RB,100.0,8,20.900000000000002,2.6125000000000003,17.900000000000002,3.0,3,5,40,0,0.009578544061302681,-0.0028677946659019216,0.012360359825822677,31,139,0,0,0,0,0,0,96.0,0.08529411764705883,0.21770833333333336,2.6125000000000003,2.7961389195000415,8.600000000000001,0,RB,"https://static.www.nfl.com/image/upload/f_auto,q_auto/league/f5zuttg3hinfqgronrsg",REG,0,0,0,0,0,0,0,,,0,,0,0,0,0,1,0,6,-4.86852235585684,0,3,2,0,0,0,0,-10,42,2,-2.727888468594756,0,1,1,1,0,-4.0,0,2,0,2,0,0,0,0.0,0.0,0,0,0,0,0,0,0,0,0,0,0,0,0,1,0,0,0,0,0,0,1,0,0,1,0,0,0,1,28,0,0,0,0,,,0,0,0,0,0,0,0,0,0,0,0,0,,,,0,0,0,0,0,0,0,,0,0,0,0,,0,0,,0,0,0,0,0,0,0,0,0,0,C.Reynolds,Craig Reynolds,RB,RB,"https://static.www.nfl.com/image/upload/f_auto,q_auto/league/f5zuttg3hinfqgronrsg",2024.0,POST,DET,1.0,0.0,0.0,0.0,0.0,0.0,0.0,0.0,0.0,0.0,0.0,0.0,0.0,,,0.0,,0.0,0.0,0.0,0.0,0.0,0.0,0.0,0.0,0.0,0.0,,0.0,0.0,0.0,0.0,0.0,0.0,0.0,0.0,0.0,0.0,0.0,0.0,0.0,0.0,,0.0,0.0,0.0,0.0,0.0,,0.0,0.0,0.0,0.0,0.0,0.0,0.0,0.0,0.0,0.0,0.0,0.0,0.0,0.0,0.0,0.0,0.0,0.0,0.0,0.0,0.0,0.0,0.0,0.0,0.0,0.0,0.0,0.0,0.0,0.0,0.0,0.0,0.0,0.0,0.0,0.0,0.0,0.0,0.0,4.0,93.0,0.0,0.0,0.0,0.0,,,0.0,0.0,0.0,0.0,0.0,0.0,0.0,0.0,0.0,0.0,0.0,0.0,,,,0.0,0.0,0.0,0.0,0.0,0.0,0.0,,0.0,0.0,0.0,0.0,,0.0,0.0,,0.0,0.0,0.0,0.0,0.0,0.0,0.0,0.0,0.0,0.0,0.0,0.0,00-0035567,ReynCr00,4421446.0,Craig Reynolds,1996-06-15,71.0,225.0,Kutztown,,,,,2019,7,17.0,0.0,272.0,0.0,0.5870588235294117,2024.0,Craig Reynolds,DET,28.0,RB,17.0,0.0,5.0,3.0,40.0,,2.0,-2.0,-0.7,42.0,14.0,-2.0,0.0,,0.0,0.0,1.0,45.8,2025-09-03,2024.0,Craig Reynolds,DET,28.0,RB,17.0,0.0,31.0,139.0,,6.0,91.0,2.9,48.0,1.5,1.0,31.0,2025-09-03,,,,,,,,,,,,,,,,,,,,,,,,,,,,,,,,,,,,,,,,,,,,,,,,,,,,,,,,,,,8,2.1,0.0,0,0,0
2024,Ja'Marr Chase,J.Chase,00-0036900,CIN,WR,WR,1.0,17,403.0,23.705882352941178,276.0,127.0,127,175,1708,17,0.2786624203821656,0.33073255309926314,0.6495064177427325,3,32,0,0,0,0,0,0,1054.0,0.9229411764705882,0.38235294117647056,23.705882352941178,12.865043265970549,55.400000000000006,9,WR,"https://static.www.nfl.com/image/upload/f_auto,q_auto/league/qya3dtjb5kgofcuj2tuw",REG,0,0,0,0,0,0,0,,,0,,0,0,0,0,0,0,2,2.0217320387018844,0,2,1,0,0,0,0,1526,787,75,77.01044129782667,0,63,32,19,8,1.1192660550458715,0,5,1,0,0,0,0,0.0,0.0,0,0,0,0,0,0,0,0,0,0,0,0,0,0,0,0,0,0,1,15,0,0,0,0,0,0,0,0,0,0,0,0,0,,,0,0,0,0,0,0,0,0,0,0,0,0,,,,0,0,0,0,0,0,0,,0,0,0,0,,0,0,,0,0,0,0,0,0,0,0,0,0,,,,,,,,,,,,,,,,,,,,,,,,,,,,,,,,,,,,,,,,,,,,,,,,,,,,,,,,,,,,,,,,,,,,,,,,,,,,,,,,,,,,,,,,,,,,,,,,,,,,,,,,,,,,,,,,,,,,,,,,,,,,,,,,,,,,,,,,,,,,,,,,,,,,00-0036900,ChasJa00,4362628.0,Ja'Marr Chase,2000-03-01,72.0,205.0,LSU,2021.0,1.0,5.0,CIN,2021,6,17.0,0.0,0.0,0.0,0.0,2024.0,JaMarr Chase,CIN,24.0,WR,17.0,16.0,175.0,127.0,1708.0,,75.0,921.0,7.3,787.0,6.2,8.7,11.0,11.5,9.0,0.051,7.0,118.9,2025-09-03,2024.0,JaMarr Chase,CIN,24.0,WR,17.0,16.0,3.0,32.0,,2.0,30.0,10.0,2.0,0.7,0.0,,2025-09-03,,,,,,,,,,,,,,,,,,,,,,,,,,,,,,,,,,,,,,,,,,,,,,,,,,,,,,,,,,,17,20.4,7.5,16,13,6
2024,Justin Jefferson,J.Jefferson,00-0036322,MIN,WR,WR,2.0,17,317.48,18.67529411764706,214.48000000000002,103.0,103,154,1533,10,0.2978723404255319,0.36367567567567566,0.7013814836112708,1,3,0,1,1,22,0,0,1043.0,0.9317647058823529,0.3043911792905082,18.67529411764706,7.7810427624186875,36.4,8,WR,"https://static.www.nfl.com/image/upload/f_auto,q_auto/league/htjevkugzk6ietrjysny",REG,0,0,0,0,-5,27,1,3.050906698219478,10.456204414367676,0,0.0,1,1,1,0,0,0,0,-0.2187197848688811,0,0,0,0,0,1,0,1682,487,62,64.19311160311119,0,55,37,28,4,0.9114149821640903,0,1,0,0,0,0,0,0.0,0.0,0,0,0,0,0,0,0,0,0,0,0,0,0,0,0,0,0,0,2,20,0,1,1,1,0,0,0,0,0,0,0,0,0,,,0,0,0,0,0,0,0,0,0,0,0,0,,,,0,0,0,0,0,0,0,,0,0,0,0,,0,0,,0,0,0,0,0,0,0,0,0,0,J.Jefferson,Justin Jefferson,WR,WR,"https://static.www.nfl.com/image/upload/f_auto,q_auto/league/htjevkugzk6ietrjysny",2024.0,POST,MIN,1.0,0.0,0.0,0.0,0.0,0.0,0.0,0.0,0.0,0.0,0.0,0.0,0.0,,,0.0,,0.0,0.0,0.0,0.0,0.0,0.0,0.0,0.0,0.0,0.0,,0.0,0.0,0.0,0.0,0.0,5.0,8.0,58.0,0.0,0.0,0.0,149.0,11.0,2.0,-3.6353179575909627,0.0,3.0,2.0,1.0,0.0,0.38926174496644295,0.2,0.3547619047619048,0.5483333333333333,0.0,0.0,0.0,0.0,0.0,0.0,0.0,0.0,0.0,0.0,0.0,0.0,0.0,0.0,0.0,0.0,0.0,0.0,0.0,0.0,0.0,0.0,0.0,0.0,0.0,0.0,0.0,0.0,0.0,0.0,0.0,0.0,0.0,0.0,0.0,0.0,0.0,0.0,0.0,0.0,0.0,0.0,,,0.0,0.0,0.0,0.0,0.0,0.0,0.0,0.0,0.0,0.0,0.0,0.0,,,,0.0,0.0,0.0,0.0,0.0,0.0,0.0,,0.0,0.0,0.0,0.0,,0.0,0.0,,0.0,0.0,0.0,0.0,0.0,0.0,0.0,0.0,0.0,0.0,5.800000000000001,10.8,00-0036322,JeffJu00,4262921.0,Justin Jefferson,1999-06-16,73.0,195.0,LSU,2020.0,1.0,22.0,MIN,2020,7,17.0,0.0,4.0,0.0,0.008823529411764706,2024.0,Justin Jefferson,MIN,25.0,WR,17.0,17.0,154.0,103.0,1533.0,,62.0,1046.0,10.2,487.0,4.7,10.9,5.0,20.6,5.0,0.032,5.0,107.4,2025-09-03,2024.0,Justin Jefferson,MIN,25.0,WR,17.0,17.0,1.0,3.0,,0.0,3.0,3.0,0.0,0.0,0.0,,2025-09-03,Justin Jefferson,MIN,1.0,0.0,0.0,0.0,0.0,0.0,0.0,2024.0,1.5,0.0,0.0,0.0,0.0,0.0,0.0,1.0,100.0,2.0,25.0,1.0,22.0,1.0,3.0,,,-5.0,-5.0,-5.0,-5.0,-5.0,27.0,27.0,0.0,,,,,,,,,,,,,,,,,,,,,,,,17,19.5,4.7,14,13,2
2024,Amon-Ra St. Brown,A.St. Brown,00-0036963,DET,WR,WR,3.0,17,316.18,18.598823529411764,201.18,115.0,115,141,1263,12,0.27011494252873564,0.3100086033839977,0.6221784361619018,2,6,0,1,1,7,1,0,1010.0,0.8829411764705882,0.31304950495049505,18.598823529411764,9.105809877732556,38.7,7,WR,"https://static.www.nfl.com/image/upload/f_auto,q_auto/league/fd8nwhm6pvxfyzphzl6i",REG,0,0,0,0,5,2,1,1.72411598067265,33.92575979232788,0,1.4,0,0,0,0,0,0,1,-0.6376108569093049,0,1,0,0,0,1,1,1081,412,75,96.38150294092755,0,51,27,14,1,1.1683626271970398,0,4,0,0,0,0,0,0.0,0.0,0,0,0,0,0,0,0,0,0,0,0,0,0,0,0,0,0,0,2,25,1,0,0,1,1,2,15,0,0,0,0,0,0,,,0,0,0,0,0,0,0,0,0,0,0,0,,,,0,0,0,0,0,0,0,,0,0,0,0,,0,0,,0,0,0,0,0,0,0,0,0,0,A.St. Brown,Amon-Ra St. Brown,WR,WR,"https://static.www.nfl.com/image/upload/f_auto,q_auto/league/fd8nwhm6pvxfyzphzl6i",2024.0,POST,DET,1.0,0.0,0.0,0.0,0.0,0.0,0.0,0.0,0.0,0.0,0.0,0.0,0.0,,,0.0,,0.0,0.0,0.0,0.0,0.0,0.0,0.0,0.0,0.0,0.0,,0.0,0.0,0.0,0.0,0.0,8.0,10.0,137.0,0.0,0.0,0.0,89.0,61.0,7.0,10.519162751676049,0.0,7.0,4.0,3.0,0.0,1.5393258426966292,0.2564102564102564,0.2535612535612536,0.562108262108262,0.0,0.0,0.0,1.0,0.0,0.0,0.0,0.0,0.0,0.0,0.0,0.0,0.0,0.0,0.0,0.0,0.0,0.0,0.0,0.0,0.0,0.0,0.0,0.0,0.0,0.0,0.0,0.0,0.0,0.0,0.0,0.0,0.0,0.0,0.0,0.0,0.0,0.0,0.0,0.0,0.0,0.0,,,0.0,0.0,0.0,0.0,0.0,0.0,0.0,0.0,0.0,0.0,0.0,0.0,,,,0.0,0.0,0.0,0.0,0.0,0.0,0.0,,0.0,0.0,0.0,0.0,,0.0,0.0,,0.0,0.0,0.0,0.0,0.0,0.0,0.0,0.0,0.0,0.0,13.700000000000001,21.700000000000003,00-0036963,StxxAm00,4374302.0,Amon-Ra St. Brown,1999-10-24,72.0,202.0,USC,2021.0,4.0,112.0,DET,2021,6,17.0,0.0,5.0,0.0,0.012941176470588235,2024.0,Amon-Ra St Brown,DET,25.0,WR,17.0,17.0,141.0,115.0,1263.0,,73.0,851.0,7.4,412.0,3.6,7.7,3.0,38.3,4.0,0.027999999999999997,1.0,129.4,2025-09-03,2024.0,Amon-Ra St Brown,DET,25.0,WR,17.0,17.0,2.0,6.0,,1.0,4.0,2.0,2.0,1.0,0.0,,2025-09-03,Amon-Ra St. Brown,DET,1.0,0.0,0.0,0.0,0.0,0.0,0.0,2024.0,1.4,1.0,0.0,0.0,0.0,0.0,0.0,1.0,100.0,1.0,7.0,1.0,7.0,0.0,0.0,,,5.0,5.0,5.0,5.0,5.0,2.0,2.0,0.0,,2024.0,Regular,Season Total,DET,A. St. Brown,,99.5,0.4,1.0,0.5,0.5,0.0,0.0,0.0,99.5,0.0,Amon-Ra,St. Brown,Amon-Ra St. Brown,https://a.espncdn.com/i/headshots/nfl/players/full/4374302.png,Lions,False,17,18.6,4.3,15,10,3
2024,Brian Thomas Jr.,B.Thomas,00-0039893,JAX,WR,WR,4.0,17,284.0,16.705882352941178,197.0,87.0,87,133,1282,10,0.2547892720306513,0.3362407326646315,0.6175524209112191,6,48,0,0,0,0,0,0,821.0,0.7935294117647059,0.3459196102314251,16.705882352941178,8.07097195109078,32.5,6,WR,"https://static.www.nfl.com/image/upload/f_auto,q_auto/league/plnekkriys4cm11rnxwl",REG,0,0,0,0,0,0,0,,,0,,0,0,0,0,0,0,3,2.5674521619512234,0,3,2,0,0,0,0,1542,562,53,54.24299310326108,2,41,28,18,7,0.8313878080415046,0,1,0,0,0,0,0,0.0,0.0,0,0,0,0,0,0,0,0,0,0,0,0,0,0,0,0,0,0,4,40,0,0,0,0,0,0,0,0,0,0,0,0,0,,,0,0,0,0,0,0,0,0,0,0,0,0,,,,0,0,0,0,0,0,0,,0,0,0,0,,0,0,,0,0,0,0,0,0,0,0,0,0,,,,,,,,,,,,,,,,,,,,,,,,,,,,,,,,,,,,,,,,,,,,,,,,,,,,,,,,,,,,,,,,,,,,,,,,,,,,,,,,,,,,,,,,,,,,,,,,,,,,,,,,,,,,,,,,,,,,,,,,,,,,,,,,,,,,,,,,,,,,,,,,,,,,00-0039893,ThomBr06,4432773.0,Brian Thomas Jr.,2002-10-08,74.0,209.0,LSU,2024.0,1.0,23.0,JAX,2024,3,17.0,0.0,0.0,0.0,0.0,2024.0,Brian Thomas,JAX,22.0,WR,17.0,16.0,133.0,87.0,1282.0,,53.0,720.0,8.3,562.0,6.5,11.4,0.0,,7.0,0.053,5.0,106.2,2025-09-03,2024.0,Brian Thomas,JAX,22.0,WR,17.0,16.0,6.0,48.0,,3.0,38.0,6.3,10.0,1.7,0.0,,2025-09-03,,,,,,,,,,,,,,,,,,,,,,,,,,,,,,,,,,,,,,,,,,,,,,,,,,,,,,,,,,,17,16.6,3.2,13,10,2
2024,Drake London,D.London,00-0037238,ATL,WR,WR,5.0,17,280.8,16.51764705882353,180.8,100.0,100,158,1271,9,0.29313543599257885,0.3858038513210927,0.7097658499136331,1,-3,0,0,0,0,0,0,1032.0,0.8970588235294118,0.27209302325581397,16.51764705882353,9.032250224481553,40.7,2,WR,"https://static.www.nfl.com/image/upload/f_auto,q_auto/league/mcllowcfrmmdeo4zy3g1",REG,0,0,0,0,0,0,0,,,0,,0,0,0,0,0,0,0,-2.3697381862439215,0,0,0,0,0,0,0,1723,327,67,36.73072831476383,0,61,29,12,0,0.7376668601276842,0,4,0,0,0,0,0,0.0,0.0,0,0,0,0,0,0,0,0,0,0,0,0,0,1,0,0,0,0,7,80,0,0,0,0,0,0,0,0,0,0,0,0,0,,,0,0,0,0,0,0,0,0,0,0,0,0,,,,0,0,0,0,0,0,0,,0,0,0,0,,0,0,,0,0,0,0,0,0,0,0,0,0,,,,,,,,,,,,,,,,,,,,,,,,,,,,,,,,,,,,,,,,,,,,,,,,,,,,,,,,,,,,,,,,,,,,,,,,,,,,,,,,,,,,,,,,,,,,,,,,,,,,,,,,,,,,,,,,,,,,,,,,,,,,,,,,,,,,,,,,,,,,,,,,,,,,00-0037238,LondDr00,4426502.0,Drake London,2001-07-24,76.0,215.0,USC,2022.0,1.0,8.0,ATL,2022,5,17.0,0.0,0.0,0.0,0.0,2024.0,Drake London,ATL,23.0,WR,17.0,17.0,158.0,100.0,1271.0,,67.0,944.0,9.4,327.0,3.3,10.9,6.0,16.7,5.0,0.032,8.0,86.2,2025-09-03,2024.0,Drake London,ATL,23.0,WR,17.0,17.0,1.0,-3.0,,0.0,-3.0,-3.0,0.0,0.0,0.0,,2025-09-03,,,,,,,,,,,,,,,,,,,,,,,,,,,,,,,,,,,,,,,,,,,,,,,,,,,,,,,,,,,17,17.3,3.5,14,9,2
2024,Malik Nabers,M.Nabers,00-0039337,NYG,WR,WR,6.0,15,273.6,18.240000000000002,164.60000000000002,109.0,109,170,1204,7,0.30685920577617326,0.40034834535954217,0.7405326504159394,5,2,0,0,1,0,0,0,886.0,0.906,0.308803611738149,18.240000000000002,7.980404572630209,36.1,5,WR,"https://static.www.nfl.com/image/upload/f_auto,q_auto/league/w3edoyyuomqlovvp9ixc",REG,0,0,0,0,1,0,0,-0.9637323682836723,-69.16041374206543,0,0.0,0,0,0,0,0,0,1,-0.5598147131386213,0,0,0,0,0,1,0,1609,462,55,45.6944160882511,1,46,26,16,2,0.7482908638906153,0,0,0,0,0,0,0,0.0,0.0,0,0,0,0,0,0,0,0,0,0,0,0,0,0,0,0,0,0,5,25,1,0,1,1,0,0,0,0,0,0,0,0,0,,,0,0,0,0,0,0,0,0,0,0,0,0,,,,0,0,0,0,0,0,0,,0,0,0,0,,0,0,,0,0,0,0,0,0,0,0,0,0,,,,,,,,,,,,,,,,,,,,,,,,,,,,,,,,,,,,,,,,,,,,,,,,,,,,,,,,,,,,,,,,,,,,,,,,,,,,,,,,,,,,,,,,,,,,,,,,,,,,,,,,,,,,,,,,,,,,,,,,,,,,,,,,,,,,,,,,,,,,,,,,,,,,00-0039337,NabeMa00,4595348.0,Malik Nabers,2003-07-28,72.0,200.0,LSU,2024.0,1.0,6.0,NYG,2024,3,15.0,0.0,0.0,0.0,0.0,2024.0,Malik Nabers,NYG,21.0,WR,15.0,13.0,170.0,109.0,1204.0,,55.0,742.0,6.8,462.0,4.2,9.1,8.0,13.6,9.0,0.053,2.0,93.8,2025-09-03,2024.0,Malik Nabers,NYG,21.0,WR,15.0,13.0,5.0,2.0,,1.0,-4.0,-0.8,6.0,1.2,0.0,,2025-09-03,Malik Nabers,NYG,1.0,0.0,0.0,0.0,0.0,1.0,100.0,2024.0,3.7,1.0,1.0,0.0,1.0,100.0,0.0,1.0,100.0,1.0,0.0,1.0,0.0,0.0,0.0,,,1.0,1.0,0.0,,0.0,0.0,,0.0,,,,,,,,,,,,,,,,,,,,,,,,15,14.9,8.100000000000001,14,7,3
2024,Terry McLaurin,T.McLaurin,00-0035659,WAS,WR,WR,7.0,17,267.8,15.75294117647059,185.8,82.0,82,117,1096,13,0.23214285714285715,0.39103206412825653,0.6219367306040653,2,2,0,0,0,0,0,0,935.0,0.8047058823529412,0.28641711229946526,15.75294117647059,7.82656674786739,27.3,6,WR,"https://static.www.nfl.com/image/upload/f_auto,q_auto/league/tmfl2zruajmkrtcg4zxp",REG,0,0,0,0,0,0,0,,,0,,0,0,0,0,1,1,0,-6.1823616119800135,0,0,0,0,0,0,0,1561,292,56,70.8199081860492,0,40,21,12,5,0.7021140294682896,0,1,0,0,0,0,0,0.0,0.0,0,0,0,0,0,0,0,0,0,0,0,0,0,1,0,0,0,0,1,5,1,0,0,1,1,0,0,0,0,0,0,0,0,,,0,0,0,0,0,0,0,0,0,0,0,0,,,,0,0,0,0,0,0,0,,0,0,0,0,,0,0,,0,0,0,0,0,0,0,0,0,0,T.McLaurin,Terry McLaurin,WR,WR,"https://static.www.nfl.com/image/upload/f_auto,q_auto/league/tmfl2zruajmkrtcg4zxp",2024.0,POST,WAS,3.0,0.0,0.0,0.0,0.0,0.0,0.0,0.0,0.0,0.0,0.0,0.0,0.0,,,0.0,,0.0,0.0,0.0,0.0,0.0,0.0,0.0,0.0,0.0,0.0,,0.0,0.0,0.0,0.0,0.0,14.0,23.0,227.0,3.0,0.0,0.0,209.0,130.0,10.0,15.229309841939248,0.0,7.0,5.0,3.0,1.0,1.0861244019138756,0.21296296296296297,0.2812920592193809,0.516348885898011,0.0,0.0,0.0,0.0,0.0,0.0,0.0,0.0,0.0,0.0,0.0,0.0,0.0,0.0,0.0,0.0,0.0,0.0,0.0,0.0,0.0,0.0,0.0,0.0,0.0,0.0,0.0,0.0,0.0,0.0,0.0,0.0,0.0,0.0,0.0,0.0,0.0,0.0,0.0,0.0,0.0,0.0,,,0.0,0.0,0.0,0.0,0.0,0.0,0.0,0.0,0.0,0.0,0.0,0.0,,,,0.0,0.0,0.0,0.0,0.0,0.0,0.0,,0.0,0.0,0.0,0.0,,0.0,0.0,,0.0,0.0,0.0,0.0,0.0,0.0,0.0,0.0,0.0,0.0,40.7,54.7,00-0035659,McLaTe00,3121422.0,Terry McLaurin,1995-09-15,72.0,210.0,Ohio State,2019.0,3.0,76.0,WAS,2019,8,17.0,0.0,1.0,0.0,0.0023529411764705885,2024.0,Terry McLaurin,WAS,29.0,WR,17.0,17.0,117.0,82.0,1096.0,,56.0,804.0,9.8,292.0,3.6,13.4,2.0,41.0,4.0,0.034,1.0,133.0,2025-09-03,2024.0,Terry McLaurin,WAS,29.0,WR,17.0,17.0,2.0,2.0,,0.0,2.0,1.0,0.0,0.0,0.0,,2025-09-03,,,,,,,,,,,,,,,,,,,,,,,,,,,,,,,,,,,,,,,,,,,,,,,,,,,,,,,,,,,17,17.0,1.5,13,12,2
2024,CeeDee Lamb,C.Lamb,00-0036358,DAL,WR,WR,8.0,15,263.4,17.56,162.4,100.99999999999997,101,152,1194,6,0.24437299035369775,0.253947930004268,0.5443230365335342,14,70,0,0,0,0,0,0,826.0,0.8019999999999999,0.31888619854721545,17.560000000000002,8.35983595191061,39.6,4,WR,"https://static.www.nfl.com/image/upload/f_auto,q_auto/league/mbblzwtynxr15ovzkevi",REG,0,0,0,0,0,0,0,,,0,,0,0,0,0,0,0,4,-3.840353861131007,0,5,3,0,0,1,1,1190,537,54,19.784045063838462,1,43,21,16,4,1.0033613445378151,0,3,0,0,0,0,0,0.0,0.0,0,0,0,0,0,0,0,0,0,0,0,0,0,0,0,0,0,0,7,50,1,0,0,1,1,0,0,0,0,0,0,0,0,,,0,0,0,0,0,0,0,0,0,0,0,0,,,,0,0,0,0,0,0,0,,0,0,0,0,,0,0,,0,0,0,0,0,0,0,0,0,0,,,,,,,,,,,,,,,,,,,,,,,,,,,,,,,,,,,,,,,,,,,,,,,,,,,,,,,,,,,,,,,,,,,,,,,,,,,,,,,,,,,,,,,,,,,,,,,,,,,,,,,,,,,,,,,,,,,,,,,,,,,,,,,,,,,,,,,,,,,,,,,,,,,,00-0036358,LambCe00,4241389.0,CeeDee Lamb,1999-04-08,74.0,198.0,Oklahoma,2020.0,1.0,17.0,DAL,2020,7,15.0,0.0,2.0,0.0,0.0033333333333333335,2024.0,CeeDee Lamb,DAL,25.0,WR,15.0,15.0,152.0,101.0,1194.0,,54.0,657.0,6.5,537.0,5.3,7.6,11.0,9.2,7.0,0.046,6.0,86.9,2025-09-03,2024.0,CeeDee Lamb,DAL,25.0,WR,15.0,15.0,14.0,70.0,,4.0,37.0,2.6,33.0,2.4,1.0,14.0,2025-09-03,,,,,,,,,,,,,,,,,,,,,,,,,,,,,,,,,,,,,,,,,,,,,,,,,,,,,,,,,,,15,16.8,5.9,12,10,2
2024,Jaxon Smith-Njigba,J.Smith-Njigba,00-0038543,SEA,WR,WR,9.0,17,253.0,14.882352941176471,153.0,100.0,100,137,1130,6,0.24077328646748683,0.2882839086047642,0.5629586657245652,5,26,0,1,1,35,0,0,948.0,0.8641176470588235,0.2668776371308017,14.882352941176471,8.798454075441153,37.0,4,WR,"https://static.www.nfl.com/image/upload/f_auto,q_auto/league/yx1xjrupbqdknnjaq4a6",REG,0,0,0,0,35,0,1,2.243609394179657,69.83024775981903,0,1.0,1,1,1,0,0,0,1,0.02673916076309979,0,0,0,0,0,1,0,1186,477,57,48.44434049367879,0,46,27,14,2,0.9527824620573356,0,4,0,0,0,0,0,0.0,0.0,0,0,0,0,0,0,0,0,0,0,0,0,0,1,0,0,0,0,1,5,1,0,0,1,0,0,0,0,0,0,0,0,0,,,0,0,0,0,0,0,0,0,0,0,0,0,,,,0,0,0,0,0,0,0,,0,0,0,0,,0,0,,0,0,0,0,0,0,0,0,0,0,,,,,,,,,,,,,,,,,,,,,,,,,,,,,,,,,,,,,,,,,,,,,,,,,,,,,,,,,,,,,,,,,,,,,,,,,,,,,,,,,,,,,,,,,,,,,,,,,,,,,,,,,,,,,,,,,,,,,,,,,,,,,,,,,,,,,,,,,,,,,,,,,,,,00-0038543,SmitJa06,4430878.0,Jaxon Smith-Njigba,2002-02-14,72.0,197.0,Ohio State,2023.0,1.0,20.0,SEA,2023,4,17.0,0.0,0.0,0.0,0.0,2024.0,Jaxon Smith-Njigba,SEA,22.0,WR,17.0,16.0,137.0,100.0,1130.0,,57.0,653.0,6.5,477.0,4.8,8.7,4.0,25.0,5.0,0.036000000000000004,4.0,99.7,2025-09-03,2024.0,Jaxon Smith-Njigba,SEA,22.0,WR,17.0,16.0,5.0,26.0,,1.0,17.0,3.4,9.0,1.8,0.0,,2025-09-03,Jaxon Smith-Njigba,SEA,1.0,0.0,0.0,0.0,0.0,0.0,0.0,2024.0,3.6,0.0,0.0,1.0,1.0,100.0,0.0,1.0,100.0,1.0,35.0,1.0,35.0,0.0,0.0,,,35.0,35.0,35.0,35.0,35.0,0.0,0.0,0.0,,2024.0,Regular,Season Total,SEA,J. Smith-Njigba,,100.0,0.7,1.0,0.8,0.8,0.0,0.0,0.0,100.0,0.0,Jaxon,Smith-Njigba,Jaxon Smith-Njigba,https://a.espncdn.com/i/headshots/nfl/players/full/4430878.png,Seahawks,False,17,13.1,3.9000000000000004,12,7,1
2024,Garrett Wilson,G.Wilson,00-0037740,NYJ,WR,WR,10.0,17,251.9,14.81764705882353,150.9,101.0,101,154,1104,7,0.2614601018675722,0.3411679185849285,0.6310076958108082,2,5,0,0,0,0,0,0,1025.0,0.9629411764705883,0.2457560975609756,14.81764705882353,7.237423168341553,30.0,3,WR,"https://static.www.nfl.com/image/upload/f_auto,q_auto/league/upxwxmhdd8xluztgqwhe",REG,0,0,0,0,0,0,0,,,0,,0,0,0,0,0,0,1,-0.12331963563337922,0,0,0,0,0,2,2,1408,442,60,22.05050171729067,1,44,24,16,1,0.7840909090909091,0,1,0,0,0,0,0,0.0,0.0,0,0,0,0,0,0,0,0,0,0,0,0,0,0,0,0,0,0,5,20,2,0,0,2,2,0,0,0,0,0,0,0,0,,,0,0,0,0,0,0,0,0,0,0,0,0,,,,0,0,0,0,0,0,0,,0,0,0,0,,0,0,,0,0,0,0,0,0,0,0,0,0,,,,,,,,,,,,,,,,,,,,,,,,,,,,,,,,,,,,,,,,,,,,,,,,,,,,,,,,,,,,,,,,,,,,,,,,,,,,,,,,,,,,,,,,,,,,,,,,,,,,,,,,,,,,,,,,,,,,,,,,,,,,,,,,,,,,,,,,,,,,,,,,,,,,00-0037740,WilsGa00,4569618.0,Garrett Wilson,2000-07-22,72.0,183.0,Ohio State,2022.0,1.0,10.0,NYJ,2022,5,17.0,0.0,1.0,0.0,0.0023529411764705885,2024.0,Garrett Wilson,NYJ,24.0,WR,17.0,17.0,154.0,101.0,1104.0,,60.0,662.0,6.6,442.0,4.4,9.1,7.0,14.4,7.0,0.045,5.0,88.2,2025-09-03,2024.0,Garrett Wilson,NYJ,24.0,WR,17.0,17.0,2.0,5.0,,1.0,0.0,0.0,5.0,2.5,1.0,2.0,2025-09-03,,,,,,,,,,,,,,,,,,,,,,,,,,,,,,,,,,,,,,,,,,,,,,,,,,,,,,,,,,,17,13.100000000000001,5.8,12,6,2
2024,Davante Adams,D.Adams,00-0031381,NYJ,WR,WR,11.0,14,241.3,17.235714285714288,156.3,85.0,85,141,1063,8,0.23817567567567569,0.2630751964085297,0.5414161509994844,0,0,0,0,0,0,0,0,792.0,0.9178571428571428,0.3046717171717172,17.235714285714284,10.00320003743857,42.8,5,WR,"https://static.www.nfl.com/image/upload/f_auto,q_auto/league/tdzluk4xau3arxqk9zsl",REG,0,0,0,0,0,0,0,,,0,,0,0,0,0,0,0,0,,0,0,0,0,0,0,0,1172,473,49,20.732024739002405,1,45,25,16,3,0.9069965870307167,0,2,0,0,0,0,0,0.0,0.0,0,0,0,0,0,0,0,0,0,0,0,0,0,0,0,0,0,0,1,10,0,0,0,0,0,0,0,0,0,0,0,0,0,,,0,0,0,0,0,0,0,0,0,0,0,0,,,,0,0,0,0,0,0,0,,0,0,0,0,,0,0,,0,0,0,0,0,0,0,0,0,0,,,,,,,,,,,,,,,,,,,,,,,,,,,,,,,,,,,,,,,,,,,,,,,,,,,,,,,,,,,,,,,,,,,,,,,,,,,,,,,,,,,,,,,,,,,,,,,,,,,,,,,,,,,,,,,,,,,,,,,,,,,,,,,,,,,,,,,,,,,,,,,,,,,,00-0031381,AdamDa01,16800.0,Davante Adams,1992-12-24,73.0,204.0,Fresno State,2014.0,2.0,53.0,GB,2014,13,14.0,0.0,1.0,0.0,0.002857142857142857,2024.0,Davante Adams,2TM,32.0,WR,14.0,14.0,141.0,85.0,1063.0,,49.0,590.0,6.9,473.0,5.6,8.2,7.0,12.1,6.0,0.043,3.0,93.8,2025-09-03,,,,,,,,,,,,,,,,,,,,,,,,,,,,,,,,,,,,,,,,,,,,,,,,,,,,,,,,,,,,,,,,,,,,,,,,,,,,,14,15.4,6.0,9,7,3
2024,Jerry Jeudy,J.Jeudy,00-0036407,CLE,WR,WR,12.0,17,240.9,14.170588235294119,150.9,90.0,90,145,1229,4,0.22870662460567823,0.3128762866576034,0.5620733375688397,0,0,0,0,0,0,0,0,1061.0,0.8970588235294118,0.22704995287464658,14.170588235294119,9.571165335650251,40.5,4,WR,"https://static.www.nfl.com/image/upload/f_auto,q_auto/league/szca1v9butuqkjs7ekpm",REG,0,0,0,0,0,0,0,,,0,,0,0,0,0,0,0,0,,0,0,0,0,0,0,0,1611,387,57,38.7985588668923,2,49,26,13,3,0.7628801986343886,0,1,0,0,0,0,0,0.0,0.0,0,0,0,0,0,0,0,0,0,0,0,0,0,0,0,0,0,0,5,24,0,0,0,0,0,0,0,0,0,0,0,0,0,,,0,0,0,0,0,0,0,0,0,0,0,0,,,,0,0,0,0,0,0,0,,0,0,0,0,,0,0,,0,0,0,0,0,0,0,0,0,0,,,,,,,,,,,,,,,,,,,,,,,,,,,,,,,,,,,,,,,,,,,,,,,,,,,,,,,,,,,,,,,,,,,,,,,,,,,,,,,,,,,,,,,,,,,,,,,,,,,,,,,,,,,,,,,,,,,,,,,,,,,,,,,,,,,,,,,,,,,,,,,,,,,,00-0036407,JeudJe00,4241463.0,Jerry Jeudy,1999-04-24,73.0,195.0,Alabama,2020.0,1.0,15.0,DEN,2020,7,17.0,0.0,0.0,0.0,0.0,2024.0,Jerry Jeudy,CLE,25.0,WR,17.0,16.0,145.0,90.0,1229.0,,57.0,842.0,9.4,387.0,4.3,11.1,0.0,,13.0,0.09,3.0,89.7,2025-09-03,,,,,,,,,,,,,,,,,,,,,,,,,,,,,,,,,,,,,,,,,,,,,,,,,,,,,,,,,,,,,,,,,,,,,,,,,,,,,17,12.9,2.6,12,5,2
2024,Ladd McConkey,L.McConkey,00-0039915,LAC,WR,WR,12.0,16,240.9,15.05625,158.9,82.0,82,112,1149,7,0.22810590631364563,0.25532890213156084,0.520889090962561,0,0,0,0,0,0,0,0,735.0,0.731875,0.3277551020408163,15.05625,7.195551287659157,29.4,3,WR,"https://static.www.nfl.com/image/upload/f_auto,q_auto/league/q2sk7yforrkiusvruo1o",REG,0,0,0,0,0,0,0,,,0,,0,0,0,0,0,0,0,,0,0,0,0,0,2,0,1114,390,52,65.70744334692658,1,49,28,15,4,1.0314183123877918,0,2,0,0,0,0,0,0.0,0.0,0,0,0,0,0,0,0,0,0,0,0,0,0,0,0,0,0,0,1,5,2,0,1,2,0,3,28,0,0,0,0,0,0,,,0,0,0,0,0,0,0,0,0,0,0,0,,,,0,0,0,0,0,0,0,,0,0,0,0,,0,0,,0,0,0,0,0,0,0,0,0,0,L.McConkey,Ladd McConkey,WR,WR,"https://static.www.nfl.com/image/upload/f_auto,q_auto/league/q2sk7yforrkiusvruo1o",2024.0,POST,LAC,1.0,0.0,0.0,0.0,0.0,0.0,0.0,0.0,0.0,0.0,0.0,0.0,0.0,,,0.0,,0.0,0.0,0.0,0.0,0.0,0.0,0.0,0.0,0.0,0.0,,0.0,0.0,0.0,0.0,0.0,9.0,14.0,197.0,1.0,0.0,0.0,210.0,79.0,8.0,8.271156647824682,0.0,8.0,4.0,1.0,1.0,0.9380952380952381,0.4375,0.5185185185185185,1.019212962962963,0.0,0.0,0.0,0.0,0.0,0.0,0.0,0.0,0.0,0.0,0.0,0.0,0.0,0.0,0.0,0.0,0.0,0.0,0.0,0.0,0.0,0.0,0.0,0.0,0.0,0.0,0.0,0.0,0.0,0.0,0.0,0.0,0.0,0.0,0.0,0.0,0.0,0.0,0.0,0.0,0.0,0.0,,,0.0,0.0,0.0,0.0,0.0,0.0,0.0,0.0,0.0,0.0,0.0,0.0,,,,0.0,0.0,0.0,0.0,0.0,0.0,0.0,,0.0,0.0,0.0,0.0,,0.0,0.0,,0.0,0.0,0.0,0.0,0.0,0.0,0.0,0.0,0.0,0.0,25.700000000000003,34.7,00-0039915,McCoLa00,4612826.0,Ladd McConkey,2001-11-11,72.0,185.0,Georgia,2024.0,2.0,34.0,LAC,2024,3,16.0,0.0,19.0,0.0,0.04,2024.0,Ladd McConkey,LAC,23.0,WR,16.0,14.0,112.0,82.0,1149.0,,52.0,759.0,9.3,390.0,4.8,9.9,10.0,8.2,5.0,0.045,1.0,123.0,2025-09-03,,,,,,,,,,,,,,,,,,,,,,,,,,,,,,,,,,,,,,,,,,,,,,,,,,,,,,,,,,,,,,,,,,,,,,,,,,,,,16,14.8,4.6,11,7,2
2024,Mike Evans,M.Evans,00-0031408,TB,WR,WR,14.0,14,240.4,17.17142857142857,166.4,74.0,74,110,1004,11,0.19538188277087035,0.32106854838709675,0.5178208080272733,0,0,0,0,0,0,0,0,671.0,0.7157142857142856,0.35827123695976154,17.17142857142857,10.022085501640754,36.9,6,WR,"https://static.www.nfl.com/image/upload/f_auto,q_auto/league/zc4ujpmndyxrbiyyjomz",REG,0,0,0,0,0,0,0,,,0,,0,0,0,0,0,0,0,,0,0,0,0,0,0,0,1274,226,53,38.52560734764584,0,46,20,15,1,0.7880690737833596,0,2,0,0,0,0,0,0.0,0.0,0,0,0,0,0,0,0,0,0,0,0,0,0,1,0,0,0,0,0,0,0,0,0,0,0,0,0,0,0,0,0,0,0,,,0,0,0,0,0,0,0,0,0,0,0,0,,,,0,0,0,0,0,0,0,,0,0,0,0,,0,0,,0,0,0,0,0,0,0,0,0,0,M.Evans,Mike Evans,WR,WR,"https://static.www.nfl.com/image/upload/f_auto,q_auto/league/zc4ujpmndyxrbiyyjomz",2024.0,POST,TB,1.0,0.0,0.0,0.0,0.0,0.0,0.0,0.0,0.0,0.0,0.0,0.0,0.0,,,0.0,,0.0,0.0,0.0,0.0,0.0,0.0,0.0,0.0,0.0,0.0,,0.0,0.0,0.0,0.0,0.0,7.0,7.0,92.0,1.0,0.0,0.0,63.0,29.0,7.0,10.104560084699187,0.0,5.0,3.0,2.0,0.0,1.4603174603174602,0.4117647058823529,0.45652173913043476,0.9372122762148338,0.0,0.0,0.0,0.0,0.0,0.0,0.0,0.0,0.0,0.0,0.0,0.0,0.0,0.0,0.0,0.0,0.0,0.0,0.0,0.0,0.0,0.0,0.0,0.0,0.0,0.0,0.0,0.0,0.0,0.0,0.0,0.0,0.0,0.0,0.0,0.0,0.0,0.0,0.0,0.0,0.0,0.0,,,0.0,0.0,0.0,0.0,0.0,0.0,0.0,0.0,0.0,0.0,0.0,0.0,,,,0.0,0.0,0.0,0.0,0.0,0.0,0.0,,0.0,0.0,0.0,0.0,,0.0,0.0,,0.0,0.0,0.0,0.0,0.0,0.0,0.0,0.0,0.0,0.0,15.200000000000001,22.200000000000003,00-0031408,EvanMi00,16737.0,Mike Evans,1993-08-21,77.0,231.0,Texas A&M,2014.0,1.0,7.0,TB,2014,13,14.0,0.0,1.0,0.0,0.002857142857142857,2024.0,Mike Evans,TB,31.0,WR,14.0,14.0,110.0,74.0,1004.0,,53.0,778.0,10.5,226.0,3.1,11.6,2.0,37.0,4.0,0.036000000000000004,5.0,110.6,2025-09-03,,,,,,,,,,,,,,,,,,,,,,,,,,,,,,,,,,,,,,,,,,,,,,,,,,,,,,,,,,,,,,,,,,,,,,,,,,,,,14,14.899999999999999,3.7,10,7,3
2024,Courtland Sutton,C.Sutton,00-0034348,DEN,WR,WR,15.0,16,240.3,15.01875,159.3,81.0,81,135,1081,8,0.2459016393442623,0.4326876513317191,0.6717338149485967,0,0,0,2,2,30,1,0,936.0,0.8523529411764706,0.25673076923076926,15.01875,6.606649049757878,29.700000000000003,3,WR,"https://static.www.nfl.com/image/upload/f_auto,q_auto/league/kqwmqcrlrwmqcvfuguhs",REG,0,0,0,0,19,11,2,7.49073817639146,47.69956171512604,0,1.5789473684210527,1,1,1,0,0,0,0,,0,0,0,0,0,1,1,1787,179,57,37.14292305415117,0,44,30,17,1,0.6049244543928372,0,2,0,0,0,0,0,0.0,0.0,0,0,0,0,0,0,0,0,0,0,0,0,0,0,0,0,0,0,1,5,1,0,0,1,1,0,0,0,0,0,0,0,0,,,0,0,0,0,0,0,0,0,0,0,0,0,,,,0,0,0,0,0,0,0,,0,0,0,0,,0,0,,0,0,0,0,0,0,0,0,0,0,C.Sutton,Courtland Sutton,WR,WR,"https://static.www.nfl.com/image/upload/f_auto,q_auto/league/kqwmqcrlrwmqcvfuguhs",2024.0,POST,DEN,1.0,0.0,0.0,0.0,0.0,0.0,0.0,0.0,0.0,0.0,0.0,0.0,0.0,,,0.0,,0.0,0.0,0.0,0.0,0.0,0.0,0.0,0.0,0.0,0.0,,0.0,0.0,0.0,0.0,0.0,5.0,9.0,75.0,0.0,0.0,0.0,157.0,12.0,4.0,-0.820124311564306,0.0,5.0,2.0,1.0,0.0,0.47770700636942676,0.391304347826087,0.5709090909090909,0.9865928853754942,0.0,0.0,0.0,0.0,0.0,0.0,0.0,0.0,0.0,0.0,0.0,0.0,0.0,0.0,0.0,0.0,0.0,0.0,0.0,0.0,0.0,0.0,0.0,0.0,0.0,0.0,0.0,0.0,0.0,0.0,0.0,0.0,0.0,0.0,0.0,0.0,0.0,0.0,0.0,0.0,0.0,0.0,,,0.0,0.0,0.0,0.0,0.0,0.0,0.0,0.0,0.0,0.0,0.0,0.0,,,,0.0,0.0,0.0,0.0,0.0,0.0,0.0,,0.0,0.0,0.0,0.0,,0.0,0.0,,0.0,0.0,0.0,0.0,0.0,0.0,0.0,0.0,0.0,0.0,7.5,12.5,00-0034348,SuttCo00,3128429.0,Courtland Sutton,1995-10-10,76.0,216.0,SMU,2018.0,2.0,40.0,DEN,2018,9,17.0,0.0,3.0,0.0,0.0058823529411764705,2024.0,Courtland Sutton,DEN,29.0,WR,17.0,13.0,135.0,81.0,1081.0,,57.0,902.0,11.1,179.0,2.2,13.2,1.0,81.0,9.0,0.067,6.0,86.7,2025-09-03,,,,,,,,,,,,,,,,,,,Courtland Sutton,DEN,2.0,0.0,0.0,0.0,0.0,0.0,0.0,2024.0,2.4,1.0,0.0,0.0,0.0,0.0,0.0,2.0,100.0,0.0,0.0,0.0,0.0,0.0,0.0,,,19.0,9.5,19.0,9.5,9.5,11.0,5.5,0.0,,2024.0,Regular,Season Total,DEN,C. Sutton,,100.0,3.3,2.0,2.2,2.2,0.0,0.0,0.0,100.0,0.0,Courtland,Sutton,Courtland Sutton,https://a.espncdn.com/i/headshots/nfl/players/full/3128429.png,Broncos,False,16,15.15,3.6,13,9,1
2024,DJ Moore,D.Moore,00-0034827,CHI,WR,WR,16.0,17,238.10000000000002,14.005882352941178,140.10000000000002,98.0,98,140,966,6,0.2661596958174905,0.2313630348478165,0.5611936681197073,14,75,0,0,1,0,0,0,1066.0,0.9382352941176471,0.22335834896810508,14.005882352941176,7.1002174780279885,27.5,4,WR,"https://static.www.nfl.com/image/upload/f_auto,q_auto/league/lsavpxtqoqu25emwcnvy",REG,0,0,0,0,33,0,0,-0.44727218337357044,-29.839304089546204,0,0.0,0,0,0,0,0,0,3,1.3739575435756706,0,3,2,0,0,1,1,1049,588,43,16.49291519712051,1,40,20,11,1,0.9208770257387988,0,1,0,0,0,0,0,0.0,0.0,0,0,0,0,0,0,0,0,0,0,0,0,0,1,0,0,0,0,5,29,1,0,0,1,1,0,0,0,0,0,0,0,0,,,0,0,0,0,0,0,0,0,0,0,0,0,,,,0,0,0,0,0,0,0,,0,0,0,0,,0,0,,0,0,0,0,0,0,0,0,0,0,,,,,,,,,,,,,,,,,,,,,,,,,,,,,,,,,,,,,,,,,,,,,,,,,,,,,,,,,,,,,,,,,,,,,,,,,,,,,,,,,,,,,,,,,,,,,,,,,,,,,,,,,,,,,,,,,,,,,,,,,,,,,,,,,,,,,,,,,,,,,,,,,,,,00-0034827,MoorD.00,3915416.0,DJ Moore,1997-04-14,72.0,213.0,Maryland,2018.0,1.0,24.0,CAR,2018,9,17.0,0.0,2.0,0.0,0.004705882352941177,2024.0,DJ Moore,CHI,27.0,WR,17.0,17.0,140.0,98.0,966.0,,43.0,378.0,3.9,588.0,6.0,7.5,5.0,19.6,3.0,0.021,3.0,94.5,2025-09-03,2024.0,DJ Moore,CHI,27.0,WR,17.0,17.0,14.0,75.0,,3.0,56.0,4.0,19.0,1.4,1.0,14.0,2025-09-03,D.J. Moore,CHI,1.0,0.0,0.0,0.0,0.0,0.0,0.0,2024.0,3.2,0.0,0.0,0.0,0.0,0.0,0.0,0.0,0.0,0.0,0.0,0.0,0.0,0.0,0.0,,,33.0,33.0,0.0,,0.0,0.0,,0.0,,,,,,,,,,,,,,,,,,,,,,,,17,12.2,5.4,13,6,2
2024,Tee Higgins,T.Higgins,00-0036410,CIN,WR,WR,17.0,12,222.10000000000002,18.508333333333336,149.10000000000002,73.0,73,109,911,10,0.1735668789808917,0.23125270914607715,0.42222721487359155,0,0,0,0,0,0,0,0,636.0,0.7908333333333334,0.3492138364779875,18.508333333333336,10.410873540620301,40.1,3,WR,"https://static.www.nfl.com/image/upload/f_auto,q_auto/league/gpwtyv3viwy9q4ewderl",REG,0,0,0,0,0,0,0,,,0,,0,0,0,0,0,0,0,,0,0,0,0,0,1,1,1067,228,48,56.40129599279861,0,40,19,12,1,0.8537956888472352,0,1,0,0,0,0,0,0.0,0.0,0,0,0,0,0,0,0,0,0,0,0,0,0,0,0,0,0,0,3,18,1,0,0,1,1,0,0,0,0,0,0,0,0,,,0,0,0,0,0,0,0,0,0,0,0,0,,,,0,0,0,0,0,0,0,,0,0,0,0,,0,0,,0,0,0,0,0,0,0,0,0,0,,,,,,,,,,,,,,,,,,,,,,,,,,,,,,,,,,,,,,,,,,,,,,,,,,,,,,,,,,,,,,,,,,,,,,,,,,,,,,,,,,,,,,,,,,,,,,,,,,,,,,,,,,,,,,,,,,,,,,,,,,,,,,,,,,,,,,,,,,,,,,,,,,,,00-0036410,HiggTe00,4239993.0,Tee Higgins,1999-01-18,76.0,219.0,Clemson,2020.0,2.0,33.0,CIN,2020,7,12.0,0.0,1.0,0.0,0.0033333333333333335,2024.0,Tee Higgins,CIN,25.0,WR,12.0,9.0,109.0,73.0,911.0,,48.0,683.0,9.4,228.0,3.1,9.8,7.0,10.4,3.0,0.027999999999999997,1.0,119.5,2025-09-03,,,,,,,,,,,,,,,,,,,,,,,,,,,,,,,,,,,,,,,,,,,,,,,,,,,,,,,,,,,,,,,,,,,,,,,,,,,,,12,18.05,4.300000000000001,9,7,3
2024,Tyreek Hill,T.Hill,00-0033040,MIA,WR,WR,18.0,17,218.2,12.835294117647058,137.2,81.0,81,123,959,6,0.21654929577464788,0.3764483966585826,0.5883378213229796,8,53,0,0,0,0,0,0,906.0,0.7988235294117647,0.24083885209713024,12.835294117647058,7.4738662331211305,28.1,3,WR,"https://static.www.nfl.com/image/upload/f_auto,q_auto/league/gg73gnfivrn80oyqwazl",REG,0,0,0,0,0,0,0,,,0,,0,0,0,0,0,0,2,-1.2360637185629457,0,2,2,0,0,0,0,1397,292,54,26.245451458164084,0,44,22,13,1,0.686471009305655,0,2,0,0,0,0,0,0.0,0.0,0,0,0,0,0,0,0,0,0,0,0,0,0,0,0,0,0,0,4,35,0,0,0,0,0,3,31,0,0,0,0,0,0,,,0,0,0,0,0,0,0,0,0,0,0,0,,,,0,0,0,0,0,0,0,,0,0,0,0,,0,0,,0,0,0,0,0,0,0,0,0,0,,,,,,,,,,,,,,,,,,,,,,,,,,,,,,,,,,,,,,,,,,,,,,,,,,,,,,,,,,,,,,,,,,,,,,,,,,,,,,,,,,,,,,,,,,,,,,,,,,,,,,,,,,,,,,,,,,,,,,,,,,,,,,,,,,,,,,,,,,,,,,,,,,,,00-0033040,HillTy00,3116406.0,Tyreek Hill,1994-03-01,70.0,191.0,West Alabama; Garden City CC; Oklahoma State,2016.0,5.0,165.0,KC,2016,10,17.0,0.0,9.0,0.0,0.021176470588235293,2024.0,Tyreek Hill,MIA,30.0,WR,17.0,17.0,123.0,81.0,959.0,,54.0,667.0,8.2,292.0,3.6,11.4,1.0,81.0,2.0,0.016,3.0,95.5,2025-09-03,2024.0,Tyreek Hill,MIA,30.0,WR,17.0,17.0,8.0,53.0,,2.0,45.0,5.6,8.0,1.0,1.0,8.0,2025-09-03,,,,,,,,,,,,,,,,,,,,,,,,,,,,,,,,,,,,,,,,,,,,,,,,,,,,,,,,,,,17,11.9,2.3,10,5,2
2024,Jakobi Meyers,J.Meyers,00-0034960,LV,WR,WR,19.0,15,218.0,14.533333333333333,131.0,87.0,87,129,1027,4,0.2179054054054054,0.28754208754208754,0.5281375693875694,2,23,0,0,0,0,0,0,898.0,0.9166666666666666,0.24276169265033407,14.533333333333333,6.101717166581255,27.3,3,WR,"https://static.www.nfl.com/image/upload/f_auto,q_auto/league/zrs4ij8mvw7wr1uujwew",REG,1,-10,0,0,0,0,0,-1.5676263889763504,,0,,0,0,0,0,0,0,1,1.411366599262692,0,1,1,1,0,0,0,1281,293,52,32.401305825246496,1,43,27,16,1,0.8017174082747853,0,2,0,1,0,0,0,0.0,0.0,0,0,0,0,0,0,0,0,0,0,0,0,0,0,0,0,0,0,3,26,0,0,0,0,0,0,0,0,0,0,0,0,0,,,0,0,0,0,0,0,0,0,0,0,0,0,,,,0,0,0,0,0,0,0,,0,0,0,0,,0,0,,0,0,0,0,0,0,0,0,0,0,,,,,,,,,,,,,,,,,,,,,,,,,,,,,,,,,,,,,,,,,,,,,,,,,,,,,,,,,,,,,,,,,,,,,,,,,,,,,,,,,,,,,,,,,,,,,,,,,,,,,,,,,,,,,,,,,,,,,,,,,,,,,,,,,,,,,,,,,,,,,,,,,,,,00-0034960,MeyeJa01,3916433.0,Jakobi Meyers,1996-11-09,74.0,200.0,N.C. State,,,,,2019,8,15.0,0.0,0.0,0.0,0.0,2024.0,Jakobi Meyers,LV,28.0,WR,15.0,15.0,129.0,87.0,1027.0,,52.0,734.0,8.4,293.0,3.4,9.6,4.0,21.8,1.0,0.008,3.0,92.1,2025-09-03,2024.0,Jakobi Meyers,LV,28.0,WR,15.0,15.0,2.0,23.0,,1.0,10.0,5.0,13.0,6.5,0.0,,2025-09-03,,,,,,,,,,,,,,,,,,,,,,,,,,,,,,,,,,,,,,,,,,,,,,,,,,,,,,,,,,,15,13.7,6.1000000000000005,10,7,1
2024,A.J. Brown,A.Brown,00-0035676,PHI,WR,WR,20.0,13,216.9,16.684615384615384,149.9,67.0,67,97,1079,7,0.23205741626794257,0.3353430950330175,0.5828262909250261,0,0,0,0,0,0,0,0,766.0,0.8661538461538462,0.28315926892950394,16.684615384615384,6.63184817802777,25.0,5,WR,"https://static.www.nfl.com/image/upload/f_auto,q_auto/league/qfhvjyssf0lwsh0kienp",REG,0,0,0,0,0,0,0,,,0,,0,0,0,0,0,0,0,,0,0,0,0,0,0,0,1168,353,51,61.81116601604732,0,46,28,17,5,0.9238013698630136,0,1,0,0,0,0,0,0.0,0.0,0,0,0,0,0,0,0,0,0,0,0,0,0,0,0,0,0,0,2,6,0,0,0,0,0,0,0,0,0,0,0,0,0,,,0,0,0,0,0,0,0,0,0,0,0,0,,,,0,0,0,0,0,0,0,,0,0,0,0,,0,0,,0,0,0,0,0,0,0,0,0,0,A.Brown,A.J. Brown,WR,WR,"https://static.www.nfl.com/image/upload/f_auto,q_auto/league/qfhvjyssf0lwsh0kienp",2024.0,POST,PHI,4.0,0.0,0.0,0.0,0.0,0.0,0.0,0.0,0.0,0.0,0.0,0.0,0.0,,,0.0,,0.0,0.0,0.0,0.0,0.0,0.0,0.0,0.0,0.0,0.0,,0.0,0.0,0.0,0.0,0.0,12.0,23.0,163.0,2.0,0.0,0.0,315.0,48.0,12.0,12.59141208534129,0.0,8.0,4.0,2.0,0.0,0.5174603174603175,0.27058823529411763,0.5056179775280899,0.7598149372108394,0.0,0.0,0.0,0.0,0.0,0.0,0.0,0.0,0.0,0.0,0.0,0.0,0.0,0.0,0.0,0.0,0.0,0.0,0.0,0.0,0.0,0.0,0.0,0.0,0.0,0.0,0.0,1.0,10.0,0.0,0.0,0.0,0.0,0.0,0.0,0.0,0.0,0.0,0.0,0.0,0.0,0.0,,,0.0,0.0,0.0,0.0,0.0,0.0,0.0,0.0,0.0,0.0,0.0,0.0,,,,0.0,0.0,0.0,0.0,0.0,0.0,0.0,,0.0,0.0,0.0,0.0,,0.0,0.0,,0.0,0.0,0.0,0.0,0.0,0.0,0.0,0.0,0.0,0.0,28.3,40.3,00-0035676,BrowAJ00,4047646.0,A.J. Brown,1997-06-30,73.0,226.0,Mississippi,2019.0,2.0,51.0,TEN,2019,8,13.0,0.0,3.0,0.0,0.007692307692307693,2024.0,AJ Brown,PHI,27.0,WR,13.0,13.0,97.0,67.0,1079.0,,51.0,726.0,10.8,353.0,5.3,12.1,9.0,7.4,0.0,0.0,2.0,121.5,2025-09-03,,,,,,,,,,,,,,,,,,,,,,,,,,,,,,,,,,,,,,,,,,,,,,,,,,,,,,,,,,,,,,,,,,,,,,,,,,,,,13,15.9,5.6,11,7,1
2024,Jordan Addison,J.Addison,00-0038994,MIN,WR,WR,21.0,15,212.5,14.166666666666666,149.5,63.0,63,99,875,9,0.19148936170212766,0.27762162162162163,0.48156917768832663,3,20,1,0,0,0,0,0,818.0,0.8173333333333334,0.2597799511002445,14.166666666666666,10.38911976655431,39.3,3,WR,"https://static.www.nfl.com/image/upload/f_auto,q_auto/league/mi4lzk9gvjrvo6rwdf1e",REG,0,0,0,0,0,0,0,,,0,,0,0,0,0,0,0,1,2.730595105502289,0,0,0,0,0,0,0,1284,213,39,35.2618086675861,0,31,20,13,6,0.6814641744548287,0,2,0,0,0,0,0,0.0,0.0,0,0,0,0,0,0,0,0,0,0,0,0,0,0,0,0,0,0,2,15,0,0,0,0,0,0,0,0,0,0,0,0,0,,,0,0,0,0,0,0,0,0,0,0,0,0,,,,0,0,0,0,0,0,0,,0,0,0,0,,0,0,,0,0,0,0,0,0,0,0,0,0,J.Addison,Jordan Addison,WR,WR,"https://static.www.nfl.com/image/upload/f_auto,q_auto/league/mi4lzk9gvjrvo6rwdf1e",2024.0,POST,MIN,1.0,0.0,0.0,0.0,0.0,0.0,0.0,0.0,0.0,0.0,0.0,0.0,0.0,,,0.0,,0.0,0.0,0.0,0.0,0.0,0.0,0.0,0.0,0.0,0.0,,0.0,0.0,0.0,0.0,0.0,3.0,8.0,29.0,0.0,0.0,0.0,154.0,0.0,2.0,-4.027720332145691,0.0,1.0,0.0,0.0,0.0,0.18831168831168832,0.2,0.36666666666666664,0.5566666666666666,0.0,1.0,0.0,0.0,0.0,0.0,0.0,0.0,0.0,0.0,0.0,0.0,0.0,0.0,0.0,0.0,0.0,0.0,0.0,0.0,0.0,0.0,0.0,0.0,0.0,0.0,0.0,0.0,0.0,0.0,0.0,0.0,0.0,0.0,0.0,0.0,0.0,0.0,0.0,0.0,0.0,0.0,,,0.0,0.0,0.0,0.0,0.0,0.0,0.0,0.0,0.0,0.0,0.0,0.0,,,,0.0,0.0,0.0,0.0,0.0,0.0,0.0,,0.0,0.0,0.0,0.0,,0.0,0.0,,0.0,0.0,0.0,0.0,0.0,0.0,0.0,0.0,0.0,0.0,2.9000000000000004,5.9,00-0038994,AddiJo00,4429205.0,Jordan Addison,2002-01-27,71.0,179.0,USC; Pittsburgh,2023.0,1.0,23.0,MIN,2023,4,15.0,0.0,1.0,0.0,0.002,2024.0,Jordan Addison,MIN,22.0,WR,15.0,15.0,99.0,63.0,875.0,,39.0,662.0,10.5,213.0,3.4,13.0,3.0,21.0,2.0,0.02,2.0,113.8,2025-09-03,2024.0,Jordan Addison,MIN,22.0,WR,15.0,15.0,3.0,20.0,,1.0,10.0,3.3,10.0,3.3,1.0,3.0,2025-09-03,,,,,,,,,,,,,,,,,,,,,,,,,,,,,,,,,,,,,,,,,,,,,,,,,,,,,,,,,,,15,13.3,1.0,8,6,2
2024,Jameson Williams,J.Williams,00-0037240,DET,WR,WR,22.0,15,212.2,14.146666666666667,154.2,58.0,58,91,1001,7,0.1743295019157088,0.29739030685402923,0.4696674676713837,11,61,1,0,0,0,0,0,826.0,0.7953333333333333,0.2569007263922518,14.146666666666668,7.918501541748077,26.0,4,WR,"https://static.www.nfl.com/image/upload/f_auto,q_auto/league/byiptqggtglvy5qrw5wp",REG,0,0,0,0,0,0,0,,,0,,0,0,0,0,0,0,5,2.805037443060428,0,4,3,0,0,0,0,1037,497,40,37.617236418510416,0,32,23,17,6,0.9652844744455159,0,3,0,0,0,0,0,0.0,0.0,0,0,0,0,0,0,0,0,0,0,0,0,0,0,0,0,0,0,4,60,0,0,0,0,0,0,0,0,0,0,0,0,0,,,0,0,0,0,0,0,0,0,0,0,0,0,,,,0,0,0,0,0,0,0,,0,0,0,0,,0,0,,0,0,0,0,0,0,0,0,0,0,Ja.Williams,Jameson Williams,WR,WR,"https://static.www.nfl.com/image/upload/f_auto,q_auto/league/byiptqggtglvy5qrw5wp",2024.0,POST,DET,1.0,0.0,1.0,0.0,0.0,1.0,0.0,0.0,0.0,0.0,20.0,0.0,0.0,-4.441427099518478,-55.52472472190857,0.0,0.0,0.0,0.0,0.0,0.0,1.0,61.0,1.0,0.0,0.0,1.0,5.169890275690705,0.0,1.0,1.0,1.0,1.0,1.0,4.0,19.0,0.0,0.0,0.0,111.0,0.0,1.0,-3.6161790806800127,0.0,1.0,1.0,0.0,0.0,0.17117117117117117,0.10256410256410256,0.3162393162393162,0.3752136752136752,0.0,0.0,0.0,0.0,0.0,0.0,0.0,0.0,0.0,0.0,0.0,0.0,0.0,0.0,0.0,0.0,0.0,0.0,0.0,0.0,0.0,0.0,0.0,0.0,0.0,0.0,0.0,0.0,0.0,0.0,0.0,0.0,0.0,0.0,0.0,0.0,0.0,0.0,0.0,0.0,0.0,0.0,,,0.0,0.0,0.0,0.0,0.0,0.0,0.0,0.0,0.0,0.0,0.0,0.0,,,,0.0,0.0,0.0,0.0,0.0,0.0,0.0,,0.0,0.0,0.0,0.0,,0.0,0.0,,0.0,0.0,0.0,0.0,0.0,0.0,0.0,0.0,0.0,0.0,12.0,13.0,00-0037240,WillJa11,4426388.0,Jameson Williams,2001-03-26,73.0,184.0,Alabama; Ohio State,2022.0,1.0,12.0,DET,2022,5,15.0,0.0,0.0,0.0,0.0,2024.0,Jameson Williams,DET,23.0,WR,15.0,11.0,91.0,58.0,1001.0,,41.0,504.0,8.7,497.0,8.6,11.2,2.0,29.0,3.0,0.033,3.0,112.9,2025-09-03,2024.0,Jameson Williams,DET,23.0,WR,15.0,11.0,11.0,61.0,,5.0,40.0,3.6,21.0,1.9,1.0,11.0,2025-09-03,,,,,,,,,,,,,,,,,,,,,,,,,,,,,,,,,,,,,,,,,,,,,,,,,,,,,,,,,,,15,13.0,0.6,10,6,1
2024,Nico Collins,N.Collins,00-0036554,HOU,WR,WR,23.0,12,210.60000000000002,17.55,142.60000000000002,68.0,68,99,1006,7,0.1809872029250457,0.2327530625402966,0.43440794816577616,0,0,0,0,0,0,0,0,502.0,0.6625,0.41952191235059766,17.55,7.074088441115736,33.1,3,WR,"https://static.www.nfl.com/image/upload/f_auto,q_auto/league/fguybjrn1kwflxm5szwq",REG,0,0,0,0,0,0,0,,,0,,0,0,0,0,0,0,0,,0,0,0,0,0,0,0,1083,365,48,42.83286833071891,0,41,26,14,4,0.9289012003693444,0,1,0,1,0,0,0,0.0,0.0,0,0,0,0,0,0,0,0,0,0,0,0,0,0,0,0,0,0,2,25,0,0,0,0,0,0,0,0,0,0,0,0,0,,,0,0,0,0,0,0,0,0,0,0,0,0,,,,0,0,0,0,0,0,0,,0,0,0,0,,0,0,,0,0,0,0,0,0,0,0,0,0,N.Collins,Nico Collins,WR,WR,"https://static.www.nfl.com/image/upload/f_auto,q_auto/league/fguybjrn1kwflxm5szwq",2024.0,POST,HOU,2.0,0.0,0.0,0.0,0.0,0.0,0.0,0.0,0.0,0.0,0.0,0.0,0.0,,,0.0,,0.0,0.0,0.0,0.0,0.0,0.0,0.0,0.0,0.0,0.0,,0.0,0.0,0.0,0.0,0.0,12.0,16.0,203.0,1.0,0.0,0.0,214.0,67.0,11.0,15.9821925960714,0.0,9.0,4.0,3.0,1.0,0.9485981308411215,0.26666666666666666,0.3645655877342419,0.6551959114139694,0.0,0.0,0.0,0.0,0.0,0.0,0.0,0.0,0.0,0.0,0.0,0.0,0.0,0.0,0.0,0.0,0.0,0.0,0.0,0.0,0.0,0.0,0.0,0.0,0.0,0.0,0.0,0.0,0.0,0.0,0.0,0.0,0.0,0.0,0.0,0.0,0.0,0.0,0.0,0.0,0.0,0.0,,,0.0,0.0,0.0,0.0,0.0,0.0,0.0,0.0,0.0,0.0,0.0,0.0,,,,0.0,0.0,0.0,0.0,0.0,0.0,0.0,,0.0,0.0,0.0,0.0,,0.0,0.0,,0.0,0.0,0.0,0.0,0.0,0.0,0.0,0.0,0.0,0.0,26.3,38.3,00-0036554,CollNi00,4258173.0,Nico Collins,1999-03-19,76.0,222.0,Michigan,2021.0,3.0,89.0,HOU,2021,6,12.0,0.0,0.0,0.0,0.0,2024.0,Nico Collins,HOU,25.0,WR,12.0,12.0,99.0,68.0,1006.0,,48.0,641.0,9.4,365.0,5.4,10.7,2.0,34.0,3.0,0.03,5.0,104.2,2025-09-03,,,,,,,,,,,,,,,,,,,,,,,,,,,,,,,,,,,,,,,,,,,,,,,,,,,,,,,,,,,,,,,,,,,,,,,,,,,,,12,16.75,8.9,10,7,2
2024,Jauan Jennings,J.Jennings,00-0036259,SF,WR,WR,24.0,15,210.5,14.033333333333333,133.5,77.0,77,113,975,6,0.2202729044834308,0.24712897526501768,0.5033996394106586,0,0,0,0,0,0,0,0,689.0,0.744,0.30551523947750364,14.033333333333333,11.425889566285523,46.5,3,WR,"https://static.www.nfl.com/image/upload/f_auto,q_auto/league/ben8kbygzzlid6ltmdum",REG,0,0,0,0,0,0,0,,,0,,0,0,0,0,0,0,0,,0,0,0,0,0,1,0,1119,238,47,43.23980611464997,0,44,18,12,1,0.871313672922252,0,1,0,0,0,0,0,0.0,0.0,0,0,0,0,0,0,0,0,0,0,0,0,0,1,0,0,0,0,2,14,1,0,1,1,0,0,0,0,0,0,0,0,0,,,0,0,0,0,0,0,0,0,0,0,0,0,,,,0,0,0,0,0,0,0,,0,0,0,0,,0,0,,0,0,0,0,0,0,0,0,0,0,,,,,,,,,,,,,,,,,,,,,,,,,,,,,,,,,,,,,,,,,,,,,,,,,,,,,,,,,,,,,,,,,,,,,,,,,,,,,,,,,,,,,,,,,,,,,,,,,,,,,,,,,,,,,,,,,,,,,,,,,,,,,,,,,,,,,,,,,,,,,,,,,,,,00-0036259,JennJa00,3886598.0,Jauan Jennings,1997-07-10,75.0,212.0,Tennessee,2020.0,7.0,217.0,SF,2020,6,15.0,0.0,0.0,0.0,0.0,2024.0,Jauan Jennings,SF,27.0,WR,15.0,10.0,113.0,77.0,975.0,,47.0,737.0,9.6,238.0,3.1,9.9,5.0,15.4,5.0,0.044000000000000004,3.0,101.5,2025-09-03,,,,,,,,,,,,,,,,,,,,,,,,,,,,,,,,,,,,,,,,,,,,,,,,,,,,,,,,,,,,,,,,,,,,,,,,,,,,,15,11.4,2.3,8,4,3
2024,Zay Flowers,Z.Flowers,00-0039064,BAL,WR,WR,25.0,17,209.5,12.323529411764707,135.5,74.0,74,116,1059,4,0.2538293216630197,0.2900048053820279,0.5837473462619491,9,56,0,0,0,0,0,0,832.0,0.7464705882352941,0.25180288461538464,12.323529411764707,7.851156715077459,29.700000000000003,3,WR,"https://static.www.nfl.com/image/upload/f_auto,q_auto/league/xzhto2dejy2pflkfx40c",REG,0,0,0,0,0,0,0,,,0,,0,0,0,0,0,0,1,2.1462229378521442,0,1,1,0,0,0,0,1207,463,48,44.65668916783794,0,45,26,19,4,0.8773819386909694,0,1,0,0,0,0,0,0.0,0.0,0,0,0,0,0,0,0,0,0,0,0,0,0,0,0,0,0,0,2,15,0,0,0,0,0,0,0,0,0,0,0,0,0,,,0,0,0,0,0,0,0,0,0,0,0,0,,,,0,0,0,0,0,0,0,,0,0,0,0,,0,0,,0,0,0,0,0,0,0,0,0,0,,,,,,,,,,,,,,,,,,,,,,,,,,,,,,,,,,,,,,,,,,,,,,,,,,,,,,,,,,,,,,,,,,,,,,,,,,,,,,,,,,,,,,,,,,,,,,,,,,,,,,,,,,,,,,,,,,,,,,,,,,,,,,,,,,,,,,,,,,,,,,,,,,,,00-0039064,FlowZa00,4429615.0,Zay Flowers,2000-09-11,69.0,183.0,Boston College,2023.0,1.0,22.0,BAL,2023,4,17.0,0.0,6.0,0.0,0.012941176470588237,2024.0,Zay Flowers,BAL,24.0,WR,17.0,15.0,116.0,74.0,1059.0,,48.0,596.0,8.1,463.0,6.3,10.0,7.0,10.6,6.0,0.052000000000000005,0.0,104.8,2025-09-03,2024.0,Zay Flowers,BAL,24.0,WR,17.0,15.0,9.0,56.0,,1.0,27.0,3.0,29.0,3.2,1.0,9.0,2025-09-03,,,,,,,,,,,,,,,,,,,,,,,,,,,,,,,,,,,,,,,,,,,,,,,,,,,,,,,,,,,17,11.2,2.0,11,6,1
2024,Puka Nacua,P.Nacua,00-0039075,LA,WR,WR,26.0,11,206.60000000000002,18.781818181818185,127.60000000000001,79.00000000000001,79,106,990,3,0.19593345656192238,0.20344325897187196,0.4363104661231939,11,46,1,0,0,0,0,0,487.0,0.6972727272727273,0.4242299794661191,18.78181818181818,10.068248922411303,41.8,4,WR,"https://static.www.nfl.com/image/upload/f_auto,q_auto/league/ipy6qw7hdygdfc8k86ba",REG,0,0,0,0,0,0,0,,,0,,0,0,0,0,0,0,2,2.145730836549774,0,0,0,0,0,0,0,839,518,47,52.345289923626964,0,44,28,11,1,1.1799761620977354,0,2,0,0,0,0,0,0.0,0.0,0,0,0,0,0,0,0,0,0,0,0,0,0,0,0,0,0,0,2,25,0,0,0,0,0,0,0,0,0,0,0,0,0,,,0,0,0,0,0,0,0,0,0,0,0,0,,,,0,0,0,0,0,0,0,,0,0,0,0,,0,0,,0,0,0,0,0,0,0,0,0,0,P.Nacua,Puka Nacua,WR,WR,"https://static.www.nfl.com/image/upload/f_auto,q_auto/league/ipy6qw7hdygdfc8k86ba",2024.0,POST,LA,2.0,0.0,0.0,0.0,0.0,0.0,0.0,0.0,0.0,0.0,0.0,0.0,0.0,,,0.0,,0.0,0.0,0.0,0.0,1.0,7.0,0.0,0.0,0.0,0.0,0.22476381447631866,0.0,0.0,0.0,0.0,0.0,11.0,23.0,141.0,0.0,0.0,0.0,207.0,59.0,6.0,-3.137182629085146,0.0,6.0,4.0,3.0,0.0,0.6811594202898551,0.32857142857142857,0.32242990654205606,0.7185580774365821,0.0,0.0,0.0,0.0,0.0,0.0,0.0,0.0,0.0,0.0,0.0,0.0,0.0,0.0,0.0,0.0,0.0,0.0,0.0,0.0,0.0,0.0,0.0,0.0,0.0,0.0,0.0,0.0,0.0,0.0,0.0,0.0,0.0,0.0,0.0,0.0,0.0,0.0,0.0,0.0,0.0,0.0,,,0.0,0.0,0.0,0.0,0.0,0.0,0.0,0.0,0.0,0.0,0.0,0.0,,,,0.0,0.0,0.0,0.0,0.0,0.0,0.0,,0.0,0.0,0.0,0.0,,0.0,0.0,,0.0,0.0,0.0,0.0,0.0,0.0,0.0,0.0,0.0,0.0,14.8,25.8,00-0039075,NacuPu00,4426515.0,Puka Nacua,2001-05-29,74.0,216.0,BYU; Washington,2023.0,5.0,177.0,LA,2023,4,11.0,0.0,2.0,0.0,0.006363636363636364,2024.0,Puka Nacua,LA,23.0,WR,11.0,11.0,106.0,79.0,990.0,,47.0,472.0,6.0,518.0,6.6,7.9,10.0,7.9,1.0,0.009000000000000001,1.0,108.6,2025-09-03,2024.0,Puka Nacua,LA,23.0,WR,11.0,11.0,11.0,46.0,,2.0,24.0,2.2,22.0,2.0,1.0,11.0,2025-09-03,,,,,,,,,,,,,,,,,,,,,,,,,,,,,,,,,,,,,,,,,,,,,,,,,,,,,,,,,,,11,18.1,2.1,9,8,2
2024,DeVonta Smith,D.Smith,00-0036912,PHI,WR,WR,27.0,13,199.4,15.338461538461539,131.4,68.0,68,89,833,8,0.21291866028708134,0.23227103072064312,0.48196771193507215,1,1,0,0,0,0,0,0,801.0,0.8853846153846153,0.24893882646691637,15.338461538461539,8.596756991402675,30.0,4,WR,"https://static.www.nfl.com/image/upload/f_auto,q_auto/league/k724kq3hyv7jc0y9s03x",REG,0,0,0,0,0,0,0,,,0,,0,0,0,0,0,0,0,-0.4743413057876751,0,0,0,0,0,0,0,809,299,42,56.79894755193605,0,29,18,14,4,1.0296662546353523,0,1,0,0,0,0,0,0.0,0.0,0,0,0,0,0,0,0,0,0,0,0,0,0,0,0,0,0,0,2,15,0,0,0,0,0,0,0,0,0,0,0,0,0,,,0,0,0,0,0,0,0,0,0,0,0,0,,,,0,0,0,0,0,0,0,,0,0,0,0,,0,0,,0,0,0,0,0,0,0,0,0,0,D.Smith,DeVonta Smith,WR,WR,"https://static.www.nfl.com/image/upload/f_auto,q_auto/league/k724kq3hyv7jc0y9s03x",2024.0,POST,PHI,4.0,0.0,0.0,0.0,0.0,0.0,0.0,0.0,0.0,0.0,0.0,0.0,0.0,,,0.0,,0.0,0.0,0.0,0.0,0.0,0.0,0.0,0.0,0.0,0.0,,0.0,0.0,0.0,0.0,0.0,16.0,17.0,190.0,1.0,0.0,0.0,131.0,65.0,7.0,15.179889124294277,0.0,5.0,3.0,3.0,1.0,1.450381679389313,0.2,0.2102728731942215,0.44719101123595506,0.0,0.0,0.0,0.0,0.0,0.0,0.0,0.0,0.0,0.0,0.0,0.0,0.0,0.0,0.0,0.0,0.0,0.0,0.0,0.0,0.0,0.0,0.0,0.0,0.0,0.0,0.0,2.0,15.0,0.0,0.0,0.0,0.0,0.0,0.0,0.0,0.0,0.0,0.0,0.0,0.0,0.0,,,0.0,0.0,0.0,0.0,0.0,0.0,0.0,0.0,0.0,0.0,0.0,0.0,,,,0.0,0.0,0.0,0.0,0.0,0.0,0.0,,0.0,0.0,0.0,0.0,,0.0,0.0,,0.0,0.0,0.0,0.0,0.0,0.0,0.0,0.0,0.0,0.0,25.0,41.0,00-0036912,SmitDe07,4241478.0,DeVonta Smith,1998-11-14,72.0,170.0,Alabama,2021.0,1.0,10.0,PHI,2021,6,13.0,0.0,1.0,0.0,0.003076923076923077,2024.0,DeVonta Smith,PHI,26.0,WR,13.0,13.0,89.0,68.0,833.0,,42.0,534.0,7.9,299.0,4.4,9.1,0.0,,2.0,0.022000000000000002,3.0,120.7,2025-09-03,2024.0,DeVonta Smith,PHI,26.0,WR,13.0,13.0,1.0,1.0,,0.0,0.0,0.0,1.0,1.0,0.0,,2025-09-03,,,,,,,,,,,,,,,,,,,,,,,,,,,,,,,,,,,,,,,,,,,,,,,,,,,,,,,,,,,13,15.4,0.8,10,7,2
2024,Calvin Ridley,C.Ridley,00-0034837,TEN,WR,WR,28.0,17,199.2,11.717647058823529,135.2,64.0,64,120,1017,4,0.23668639053254437,0.44046783625730995,0.6633570711789335,8,55,1,0,0,0,0,0,888.0,0.8129411764705883,0.2243243243243243,11.71764705882353,7.445572114864449,25.4,3,WR,"https://static.www.nfl.com/image/upload/f_auto,q_auto/league/zrv8bjm7zdtboyka2jvr",REG,0,0,0,0,0,0,0,,,0,,0,0,0,0,1,1,3,-2.315450703317765,0,3,1,0,0,0,0,1883,231,40,28.17815911828616,0,40,26,19,4,0.5400955921402018,0,2,0,0,0,0,0,0.0,0.0,0,0,0,0,0,0,0,0,0,0,0,0,0,1,0,0,0,0,0,0,1,0,0,1,1,0,0,0,0,0,0,0,0,,,0,0,0,0,0,0,0,0,0,0,0,0,,,,0,0,0,0,0,0,0,,0,0,0,0,,0,0,,0,0,0,0,0,0,0,0,0,0,,,,,,,,,,,,,,,,,,,,,,,,,,,,,,,,,,,,,,,,,,,,,,,,,,,,,,,,,,,,,,,,,,,,,,,,,,,,,,,,,,,,,,,,,,,,,,,,,,,,,,,,,,,,,,,,,,,,,,,,,,,,,,,,,,,,,,,,,,,,,,,,,,,,00-0034837,RidlCa00,3925357.0,Calvin Ridley,1994-12-20,73.0,190.0,Alabama,2018.0,1.0,26.0,ATL,2018,8,17.0,0.0,3.0,0.0,0.005294117647058823,2024.0,Calvin Ridley,TEN,30.0,WR,17.0,14.0,120.0,64.0,1017.0,,40.0,786.0,12.3,231.0,3.6,15.3,4.0,16.0,6.0,0.05,4.0,79.1,2025-09-03,2024.0,Calvin Ridley,TEN,30.0,WR,17.0,14.0,8.0,55.0,,3.0,42.0,5.3,13.0,1.6,1.0,8.0,2025-09-03,,,,,,,,,,,,,,,,,,,,,,,,,,,,,,,,,,,,,,,,,,,,,,,,,,,,,,,,,,,17,10.3,0.9,9,4,1
2024,Jayden Reed,J.Reed,00-0039146,GB,WR,WR,29.0,17,197.0,11.588235294117647,142.0,55.0,55,75,857,6,0.16163793103448276,0.16240745163601625,0.3561421126969355,20,163,1,0,0,0,0,0,685.0,0.631764705882353,0.2875912408759124,11.588235294117647,8.795089706260901,33.1,2,WR,"https://static.www.nfl.com/image/upload/f_auto,q_auto/league/uhb95fij1uo92ymqxpmg",REG,0,0,0,0,0,0,0,,,0,,0,0,0,0,1,1,7,-2.875319968268741,0,7,6,3,0,0,0,680,380,29,41.130441204358625,0,24,18,15,5,1.2602941176470588,0,0,0,0,0,0,0,0.0,0.0,0,0,0,0,0,2,0,0,0,0,0,0,0,1,0,0,0,0,0,0,1,2,1,3,1,14,110,0,0,0,0,0,0,,,0,0,0,0,0,0,0,0,0,0,0,0,,,,0,0,0,0,0,0,0,,0,0,0,0,,0,0,,0,0,0,0,0,0,0,0,0,0,J.Reed,Jayden Reed,WR,WR,"https://static.www.nfl.com/image/upload/f_auto,q_auto/league/uhb95fij1uo92ymqxpmg",2024.0,POST,GB,1.0,0.0,0.0,0.0,0.0,0.0,0.0,0.0,0.0,0.0,0.0,0.0,0.0,,,0.0,,0.0,0.0,0.0,0.0,0.0,0.0,0.0,0.0,0.0,0.0,,0.0,0.0,0.0,0.0,0.0,4.0,4.0,46.0,0.0,0.0,0.0,26.0,20.0,3.0,3.4364705638727173,0.0,2.0,1.0,1.0,0.0,1.7692307692307692,0.12121212121212122,0.09386281588447654,0.2475221529373154,0.0,0.0,0.0,0.0,0.0,0.0,0.0,0.0,0.0,0.0,0.0,0.0,0.0,0.0,0.0,0.0,0.0,0.0,0.0,0.0,0.0,0.0,0.0,0.0,0.0,0.0,0.0,0.0,0.0,0.0,0.0,0.0,0.0,0.0,2.0,26.0,0.0,0.0,0.0,0.0,0.0,0.0,,,0.0,0.0,0.0,0.0,0.0,0.0,0.0,0.0,0.0,0.0,0.0,0.0,,,,0.0,0.0,0.0,0.0,0.0,0.0,0.0,,0.0,0.0,0.0,0.0,,0.0,0.0,,0.0,0.0,0.0,0.0,0.0,0.0,0.0,0.0,0.0,0.0,4.6000000000000005,8.600000000000001,00-0039146,ReedJa03,4362249.0,Jayden Reed,2000-04-28,71.0,187.0,Michigan State; Western Michigan,2023.0,2.0,50.0,GB,2023,4,17.0,0.0,62.0,0.0,0.1411764705882353,2024.0,Jayden Reed,GB,24.0,WR,17.0,10.0,75.0,55.0,857.0,,29.0,477.0,8.7,380.0,6.9,9.1,3.0,18.3,9.0,0.12,0.0,137.5,2025-09-03,2024.0,Jayden Reed,GB,24.0,WR,17.0,10.0,20.0,163.0,,7.0,114.0,5.7,49.0,2.5,2.0,10.0,2025-09-03,,,,,,,,,,,,,,,,,,,,,,,,,,,,,,,,,,,,,,,,,,,,,,,,,,,,,,,,,,,17,10.9,0.0,9,4,2
2024,Marvin Harrison Jr.,M.Harrison,00-0039849,ARI,WR,WR,30.0,17,196.5,11.558823529411764,134.5,62.0,62,116,885,8,0.22179732313575526,0.42358669191236137,0.6292066690422858,0,0,0,0,0,0,0,0,865.0,0.7858823529411765,0.22716763005780347,11.558823529411764,8.084557720086595,29.0,2,WR,"https://static.www.nfl.com/image/upload/f_auto,q_auto/league/hwpoo1icpnh8emjvqaii",REG,0,0,0,0,0,0,0,,,0,,0,0,0,0,0,0,0,,0,0,0,0,0,1,1,1566,148,43,27.30887716918835,0,41,22,14,1,0.5651340996168582,0,1,0,0,0,0,0,0.0,0.0,0,0,0,0,0,0,0,0,0,0,0,0,0,0,0,0,0,0,2,14,1,0,0,1,1,0,0,0,0,0,0,0,0,,,0,0,0,0,0,0,0,0,0,0,0,0,,,,0,0,0,0,0,0,0,,0,0,0,0,,0,0,,0,0,0,0,0,0,0,0,0,0,,,,,,,,,,,,,,,,,,,,,,,,,,,,,,,,,,,,,,,,,,,,,,,,,,,,,,,,,,,,,,,,,,,,,,,,,,,,,,,,,,,,,,,,,,,,,,,,,,,,,,,,,,,,,,,,,,,,,,,,,,,,,,,,,,,,,,,,,,,,,,,,,,,,00-0039849,HarrMa09,4432708.0,Marvin Harrison Jr.,2002-08-11,75.0,220.0,Ohio State,2024.0,1.0,4.0,ARI,2024,3,17.0,0.0,0.0,0.0,0.0,2024.0,Marvin Harrison,ARI,22.0,WR,17.0,16.0,116.0,62.0,885.0,,43.0,737.0,11.9,148.0,2.4,13.4,0.0,,5.0,0.043,4.0,87.0,2025-09-03,,,,,,,,,,,,,,,,,,,,,,,,,,,,,,,,,,,,,,,,,,,,,,,,,,,,,,,,,,,,,,,,,,,,,,,,,,,,,17,8.9,0.0,8,8,1
2024,Darnell Mooney,D.Mooney,00-0036309,ATL,WR,WR,31.0,16,193.2,12.075,129.2,64.0,64,106,992,5,0.19666048237476808,0.2897447380206001,0.49781204017657216,0,0,0,0,1,0,0,0,988.0,0.9275,0.19554655870445342,12.075000000000001,8.250212118485196,31.5,2,WR,"https://static.www.nfl.com/image/upload/f_auto,q_auto/league/eaejonwaflt9drrs9ika",REG,0,0,0,0,19,0,0,-0.42381819686852396,,0,0.0,0,0,0,0,0,0,0,,0,0,0,0,0,0,0,1294,275,48,43.90698854503186,0,44,29,21,2,0.7666151468315301,0,0,0,0,0,0,0,0.0,0.0,0,0,0,0,0,0,0,0,0,0,0,0,0,0,0,0,0,0,2,15,0,0,0,0,0,0,0,0,0,0,0,0,0,,,0,0,0,0,0,0,0,0,0,0,0,0,,,,0,0,0,0,0,0,0,,0,0,0,0,,0,0,,0,0,0,0,0,0,0,0,0,0,,,,,,,,,,,,,,,,,,,,,,,,,,,,,,,,,,,,,,,,,,,,,,,,,,,,,,,,,,,,,,,,,,,,,,,,,,,,,,,,,,,,,,,,,,,,,,,,,,,,,,,,,,,,,,,,,,,,,,,,,,,,,,,,,,,,,,,,,,,,,,,,,,,,00-0036309,MoonDa00,4040655.0,Darnell Mooney,1997-10-29,71.0,177.0,Tulane,2020.0,5.0,173.0,CHI,2020,7,16.0,0.0,1.0,0.0,0.0025,2024.0,Darnell Mooney,ATL,27.0,WR,16.0,16.0,106.0,64.0,992.0,,48.0,717.0,11.2,275.0,4.3,12.2,6.0,10.7,6.0,0.057,2.0,99.3,2025-09-03,,,,,,,,,,,,,,,,,,,Darnell Mooney,ATL,1.0,1.0,0.0,0.0,,0.0,,2024.0,4.0,1.0,0.0,1.0,1.0,100.0,0.0,0.0,,1.0,0.0,1.0,0.0,0.0,0.0,,,19.0,19.0,0.0,,0.0,0.0,,0.0,,,,,,,,,,,,,,,,,,,,,,,,16,11.400000000000002,0.0,8,5,1
2024,DK Metcalf,D.Metcalf,00-0035640,SEA,WR,WR,32.0,15,191.2,12.746666666666666,125.19999999999999,66.0,66,108,992,5,0.18980667838312829,0.3599902771025766,0.536703211546496,0,0,0,0,0,0,0,0,832.0,0.86,0.2298076923076923,12.746666666666666,6.496797745996174,28.9,2,WR,"https://static.www.nfl.com/image/upload/f_auto,q_auto/league/kxql4sjfelubhxawu2zh",REG,0,0,0,0,0,0,0,,,0,,0,0,0,0,0,0,0,,0,0,0,0,0,2,2,1481,263,35,23.169524922443763,0,42,22,20,2,0.6698176907494936,0,0,0,0,0,0,0,0.0,0.0,0,0,0,0,0,0,0,0,0,0,0,0,0,0,0,0,0,0,5,49,2,0,0,2,2,0,0,0,0,0,0,0,0,,,0,0,0,0,0,0,0,0,0,0,0,0,,,,0,0,0,0,0,0,0,,0,0,0,0,,0,0,,0,0,0,0,0,0,0,0,0,0,,,,,,,,,,,,,,,,,,,,,,,,,,,,,,,,,,,,,,,,,,,,,,,,,,,,,,,,,,,,,,,,,,,,,,,,,,,,,,,,,,,,,,,,,,,,,,,,,,,,,,,,,,,,,,,,,,,,,,,,,,,,,,,,,,,,,,,,,,,,,,,,,,,,00-0035640,MetcDK00,4047650.0,DK Metcalf,1997-12-14,76.0,235.0,Mississippi,2019.0,2.0,64.0,SEA,2019,8,15.0,0.0,0.0,0.0,0.0,2024.0,DK Metcalf,SEA,27.0,WR,15.0,12.0,108.0,66.0,992.0,,35.0,729.0,11.0,263.0,4.0,13.1,3.0,22.0,4.0,0.037000000000000005,2.0,99.0,2025-09-03,,,,,,,,,,,,,,,,,,,,,,,,,,,,,,,,,,,,,,,,,,,,,,,,,,,,,,,,,,,,,,,,,,,,,,,,,,,,,15,10.600000000000001,5.800000000000001,8,4,1
2024,Xavier Worthy,X.Worthy,00-0039894,KC,WR,WR,33.0,16,187.2,11.7,128.2,59.0,59,98,638,6,0.17132867132867133,0.2375197057277982,0.4232568010024657,20,104,3,0,0,0,0,0,757.0,0.6411764705882353,0.24729194187582562,11.7,7.332212035486517,22.9,3,WR,"https://static.www.nfl.com/image/upload/f_auto,q_auto/league/u6fmnffwteccoxn3uguq",REG,0,0,0,0,0,0,0,,,0,,0,0,0,0,0,0,4,2.9600664820172824,0,2,2,2,0,0,0,904,407,36,19.35543148920299,0,27,9,4,1,0.7057522123893806,0,1,0,0,0,0,0,0.0,0.0,0,0,0,0,0,0,0,0,0,0,0,0,0,1,0,0,0,0,3,25,0,0,0,0,0,0,0,0,0,0,0,0,0,,,0,0,0,0,0,0,0,0,0,0,0,0,,,,0,0,0,0,0,0,0,,0,0,0,0,,0,0,,0,0,0,0,0,0,0,0,0,0,X.Worthy,Xavier Worthy,WR,WR,"https://static.www.nfl.com/image/upload/f_auto,q_auto/league/u6fmnffwteccoxn3uguq",2024.0,POST,KC,3.0,0.0,0.0,0.0,0.0,0.0,0.0,0.0,0.0,0.0,0.0,0.0,0.0,,,0.0,,0.0,0.0,0.0,0.0,3.0,8.0,0.0,0.0,0.0,0.0,-0.4849032430211082,0.0,0.0,0.0,0.0,0.0,19.0,21.0,287.0,3.0,0.0,0.0,169.0,112.0,13.0,21.859572970687026,0.0,11.0,6.0,6.0,2.0,1.698224852071006,0.25925925925925924,0.28741496598639454,0.590079365079365,0.0,0.0,0.0,0.0,0.0,0.0,0.0,0.0,0.0,0.0,0.0,0.0,0.0,0.0,0.0,0.0,0.0,0.0,0.0,0.0,0.0,0.0,0.0,0.0,0.0,0.0,0.0,0.0,0.0,0.0,0.0,0.0,0.0,0.0,0.0,0.0,0.0,0.0,0.0,0.0,0.0,0.0,,,0.0,0.0,0.0,0.0,0.0,0.0,0.0,0.0,0.0,0.0,0.0,0.0,,,,0.0,0.0,0.0,0.0,0.0,0.0,0.0,,0.0,0.0,0.0,0.0,,0.0,0.0,,0.0,0.0,0.0,0.0,0.0,0.0,0.0,0.0,0.0,0.0,47.5,66.5,00-0039894,WortXa00,4683062.0,Xavier Worthy,2003-04-27,71.0,165.0,Texas,2024.0,1.0,28.0,KC,2024,3,17.0,0.0,0.0,0.0,0.0,2024.0,Xavier Worthy,KC,21.0,WR,17.0,13.0,98.0,59.0,638.0,,36.0,231.0,3.9,407.0,6.9,9.2,0.0,,7.0,0.071,2.0,91.3,2025-09-03,2024.0,Xavier Worthy,KC,21.0,WR,17.0,13.0,20.0,104.0,,4.0,71.0,3.6,33.0,1.7,1.0,20.0,2025-09-03,,,,,,,,,,,,,,,,,,,,,,,,,,,,,,,,,,,,,,,,,,,,,,,,,,,,,,,,,,,16,11.100000000000001,-1.0,9,6,0
2024,Keenan Allen,K.Allen,00-0030279,CHI,WR,WR,34.0,15,184.4,12.293333333333333,114.4,70.0,70,121,744,7,0.2300380228136882,0.2459197176885752,0.5172008366025349,0,0,0,0,1,0,0,1,850.0,0.868,0.21694117647058825,12.293333333333333,8.63121135900457,29.1,5,WR,"https://static.www.nfl.com/image/upload/f_auto,q_auto/league/ri267r6lzfwarh89hsn6",REG,0,0,0,0,14,0,0,-5.911163269076496,-58.88523459434509,0,0.0,0,0,0,0,0,0,0,,0,0,0,0,0,1,0,1115,240,43,21.270839895550488,0,31,15,9,2,0.6672645739910313,0,0,0,0,0,0,0,0.0,0.0,0,0,0,0,0,0,0,0,0,0,0,0,0,1,0,0,0,0,4,23,1,0,0,1,0,0,0,0,0,0,0,0,0,,,0,0,0,0,0,0,0,0,0,0,0,0,,,,0,0,0,0,0,0,0,,0,0,0,0,,0,0,,0,0,0,0,0,0,0,0,0,0,,,,,,,,,,,,,,,,,,,,,,,,,,,,,,,,,,,,,,,,,,,,,,,,,,,,,,,,,,,,,,,,,,,,,,,,,,,,,,,,,,,,,,,,,,,,,,,,,,,,,,,,,,,,,,,,,,,,,,,,,,,,,,,,,,,,,,,,,,,,,,,,,,,,00-0030279,AlleKe00,15818.0,Keenan Allen,1992-04-27,74.0,211.0,California,2013.0,3.0,76.0,LAC,2013,14,15.0,0.0,0.0,0.0,0.0,2024.0,Keenan Allen,CHI,32.0,WR,15.0,15.0,121.0,70.0,744.0,,43.0,504.0,7.2,240.0,3.4,9.0,1.0,70.0,6.0,0.05,0.0,95.2,2025-09-03,,,,,,,,,,,,,,,,,,,Keenan Allen,CHI,1.0,0.0,0.0,0.0,0.0,1.0,100.0,2024.0,5.4,0.0,0.0,0.0,0.0,0.0,0.0,0.0,0.0,0.0,0.0,0.0,0.0,0.0,0.0,,,14.0,14.0,0.0,,0.0,0.0,,0.0,,,,,,,,,,,,,,,,,,,,,,,,15,7.6,3.5,5,5,1
2024,Josh Downs,J.Downs,00-0038997,IND,WR,WR,35.0,14,183.5,13.107142857142858,111.5,72.0,72,107,803,5,0.21747967479674796,0.13510031290263205,0.42078973122696434,1,12,0,0,0,0,0,0,602.0,0.6442857142857142,0.30481727574750833,13.107142857142858,7.161055389096938,22.200000000000003,2,WR,"https://static.www.nfl.com/image/upload/f_auto,q_auto/league/z3wahaxpmc6d5lcxgh60",REG,0,0,0,0,0,0,0,,,0,,0,0,0,0,0,0,0,-0.872418099315837,0,1,1,0,0,0,0,734,396,40,25.597263740516762,0,35,13,10,1,1.0940054495912805,0,2,0,0,0,0,0,0.0,0.0,0,0,0,0,0,0,0,0,0,0,0,0,0,1,0,0,0,0,1,15,0,0,0,0,0,16,161,0,0,0,0,0,0,,,0,0,0,0,0,0,0,0,0,0,0,0,,,,0,0,0,0,0,0,0,,0,0,0,0,,0,0,,0,0,0,0,0,0,0,0,0,0,,,,,,,,,,,,,,,,,,,,,,,,,,,,,,,,,,,,,,,,,,,,,,,,,,,,,,,,,,,,,,,,,,,,,,,,,,,,,,,,,,,,,,,,,,,,,,,,,,,,,,,,,,,,,,,,,,,,,,,,,,,,,,,,,,,,,,,,,,,,,,,,,,,,00-0038997,DownJo00,4688813.0,Josh Downs,2001-08-12,69.0,171.0,North Carolina,2023.0,3.0,79.0,IND,2023,4,14.0,0.0,35.0,0.0,0.09,2024.0,Josh Downs,IND,23.0,WR,14.0,8.0,107.0,72.0,803.0,,40.0,407.0,5.7,396.0,5.5,6.9,3.0,24.0,5.0,0.047,3.0,93.3,2025-09-03,2024.0,Josh Downs,IND,23.0,WR,14.0,8.0,1.0,12.0,,0.0,12.0,12.0,0.0,0.0,0.0,,2025-09-03,,,,,,,,,,,,,,,,,,,,,,,,,,,,,,,,,,,,,,,,,,,,,,,,,,,,,,,,,,,14,14.65,1.3,9,7,0
2024,Wan'Dale Robinson,W.Robinson,00-0038117,NYG,WR,WR,36.0,17,182.7,10.74705882352941,89.7,92.99999999999999,93,140,699,3,0.2527075812274368,0.16322468275690472,0.4933186497709885,3,18,0,0,0,0,0,0,857.0,0.7594117647058823,0.2131855309218203,10.747058823529413,4.378800869966975,18.1,0,WR,"https://static.www.nfl.com/image/upload/f_auto,q_auto/league/yzcvyhmilvxedfjfjglc",REG,0,0,0,0,0,0,0,,,0,,0,0,0,0,0,0,1,-2.6811115031596273,0,1,1,0,0,0,0,656,361,36,-24.23951619052108,0,21,7,4,0,1.0655487804878048,0,0,0,0,0,0,0,0.0,0.0,0,0,0,0,0,0,0,0,0,0,0,0,0,0,0,0,0,0,3,25,0,0,0,0,0,0,0,0,0,0,0,0,0,,,0,0,0,0,0,0,0,0,0,0,0,0,,,,0,0,0,0,0,0,0,,0,0,0,0,,0,0,,0,0,0,0,0,0,0,0,0,0,,,,,,,,,,,,,,,,,,,,,,,,,,,,,,,,,,,,,,,,,,,,,,,,,,,,,,,,,,,,,,,,,,,,,,,,,,,,,,,,,,,,,,,,,,,,,,,,,,,,,,,,,,,,,,,,,,,,,,,,,,,,,,,,,,,,,,,,,,,,,,,,,,,,00-0038117,RobiWa01,4569587.0,Wan'Dale Robinson,2001-01-05,68.0,185.0,Kentucky,2022.0,2.0,43.0,NYG,2022,5,17.0,0.0,0.0,0.0,0.0,2024.0,WanDale Robinson,NYG,23.0,WR,17.0,7.0,140.0,93.0,699.0,,36.0,338.0,3.6,361.0,3.9,4.8,9.0,10.3,6.0,0.043,2.0,79.4,2025-09-03,2024.0,WanDale Robinson,NYG,23.0,WR,17.0,7.0,3.0,18.0,,1.0,3.0,1.0,15.0,5.0,0.0,,2025-09-03,,,,,,,,,,,,,,,,,,,,,,,,,,,,,,,,,,,,,,,,,,,,,,,,,,,,,,,,,,,17,10.0,2.6,9,3,0
2024,Khalil Shakir,K.Shakir,00-0037261,BUF,WR,WR,37.0,15,182.5,12.166666666666666,106.5,76.0,76,100,821,4,0.20202020202020202,0.1285781323322384,0.3930349956628699,2,4,0,0,0,0,0,0,586.0,0.6133333333333333,0.31143344709897613,12.166666666666666,5.566695180993409,21.6,1,WR,"https://static.www.nfl.com/image/upload/f_auto,q_auto/league/syvp3hficobwcsim3i9v",REG,0,0,0,0,0,0,0,,,0,,0,0,0,0,0,0,0,-0.9813479247968644,0,0,0,0,0,1,0,548,597,35,44.17583134297296,0,33,14,9,2,1.4981751824817517,0,0,0,0,0,0,0,0.0,0.0,0,0,0,0,0,0,0,0,0,0,0,0,0,1,0,0,0,0,1,5,1,0,0,1,0,0,0,0,0,0,0,0,0,,,0,0,0,0,0,0,0,0,0,0,0,0,,,,0,0,0,0,0,0,0,,0,0,0,0,,0,0,,0,0,0,0,0,0,0,0,0,0,K.Shakir,Khalil Shakir,WR,WR,"https://static.www.nfl.com/image/upload/f_auto,q_auto/league/syvp3hficobwcsim3i9v",2024.0,POST,BUF,3.0,0.0,0.0,0.0,0.0,0.0,0.0,0.0,0.0,0.0,0.0,0.0,0.0,,,0.0,,0.0,0.0,0.0,0.0,0.0,0.0,0.0,0.0,0.0,0.0,,0.0,0.0,0.0,0.0,0.0,18.0,20.0,174.0,0.0,0.0,0.0,103.0,99.0,7.0,8.417548579716463,0.0,7.0,2.0,2.0,0.0,1.6893203883495145,0.2597402597402597,0.15281899109792285,0.49658368337893555,0.0,0.0,0.0,0.0,0.0,0.0,0.0,0.0,0.0,0.0,0.0,0.0,0.0,0.0,0.0,0.0,0.0,0.0,0.0,0.0,0.0,0.0,0.0,0.0,0.0,0.0,0.0,0.0,0.0,0.0,0.0,0.0,0.0,0.0,3.0,36.0,0.0,0.0,0.0,0.0,0.0,0.0,,,0.0,0.0,0.0,0.0,0.0,0.0,0.0,0.0,0.0,0.0,0.0,0.0,,,,0.0,0.0,0.0,0.0,0.0,0.0,0.0,,0.0,0.0,0.0,0.0,,0.0,0.0,,0.0,0.0,0.0,0.0,0.0,0.0,0.0,0.0,0.0,0.0,17.400000000000002,35.400000000000006,00-0037261,ShakKh00,4373678.0,Khalil Shakir,2000-02-03,72.0,190.0,Boise State,2022.0,5.0,148.0,BUF,2022,5,15.0,0.0,4.0,0.0,0.008666666666666666,2024.0,Khalil Shakir,BUF,24.0,WR,15.0,9.0,100.0,76.0,821.0,,35.0,224.0,2.9,597.0,7.9,5.5,6.0,12.7,1.0,0.01,1.0,108.8,2025-09-03,2024.0,Khalil Shakir,BUF,24.0,WR,15.0,9.0,2.0,4.0,,0.0,1.0,0.5,3.0,1.5,1.0,2.0,2025-09-03,,,,,,,,,,,,,,,,,,,,,,,,,,,,,,,,,,,,,,,,,,,,,,,,,,,,,,,,,,,15,11.8,3.9000000000000004,11,5,0
2024,Cooper Kupp,C.Kupp,00-0033908,LA,WR,WR,38.0,12,175.0,14.583333333333334,108.0,67.0,67,100,710,6,0.18484288354898337,0.18380213385063046,0.40592581901891633,2,10,0,0,0,0,0,0,637.0,0.815,0.27472527472527475,14.583333333333334,10.294909009561549,32.0,5,WR,"https://static.www.nfl.com/image/upload/f_auto,q_auto/league/kjixprihktsfog6wx9sq",REG,0,0,0,0,0,0,0,,,0,,0,0,0,0,0,0,1,0.21570440579671413,0,0,0,0,0,1,0,758,269,28,3.8681466335284114,0,21,15,10,1,0.9366754617414248,0,0,0,0,0,0,0,0.0,0.0,0,0,0,0,0,0,0,0,0,0,0,0,0,1,5,0,0,0,0,0,1,0,1,1,0,0,0,0,0,0,0,0,0,,,0,0,0,0,0,0,0,0,0,0,0,0,,,,0,0,0,0,0,0,0,,0,0,0,0,,0,0,,0,0,0,0,0,0,0,0,0,0,C.Kupp,Cooper Kupp,WR,WR,"https://static.www.nfl.com/image/upload/f_auto,q_auto/league/kjixprihktsfog6wx9sq",2024.0,POST,LA,2.0,0.0,0.0,0.0,0.0,0.0,0.0,0.0,0.0,0.0,0.0,0.0,0.0,,,0.0,,0.0,0.0,0.0,0.0,0.0,0.0,0.0,0.0,0.0,0.0,,0.0,0.0,0.0,0.0,0.0,6.0,8.0,90.0,0.0,0.0,0.0,128.0,11.0,4.0,7.770876617229078,0.0,3.0,2.0,2.0,0.0,0.703125,0.11428571428571428,0.19937694704049844,0.31099243435692037,0.0,0.0,0.0,0.0,0.0,0.0,0.0,0.0,0.0,0.0,0.0,0.0,0.0,0.0,0.0,0.0,0.0,0.0,0.0,0.0,0.0,0.0,0.0,0.0,0.0,0.0,0.0,0.0,0.0,0.0,0.0,0.0,0.0,0.0,0.0,0.0,0.0,0.0,0.0,0.0,0.0,0.0,,,0.0,0.0,0.0,0.0,0.0,0.0,0.0,0.0,0.0,0.0,0.0,0.0,,,,0.0,0.0,0.0,0.0,0.0,0.0,0.0,,0.0,0.0,0.0,0.0,,0.0,0.0,,0.0,0.0,0.0,0.0,0.0,0.0,0.0,0.0,0.0,0.0,9.0,15.0,00-0033908,KuppCo00,2977187.0,Cooper Kupp,1993-06-15,74.0,205.0,Eastern Washington,2017.0,3.0,69.0,LA,2017,10,12.0,0.0,2.0,0.0,0.005833333333333334,2024.0,Cooper Kupp,LA,31.0,WR,12.0,11.0,100.0,67.0,710.0,,28.0,441.0,6.6,269.0,4.0,7.5,2.0,33.5,2.0,0.02,0.0,107.5,2025-09-03,2024.0,Cooper Kupp,LA,31.0,WR,12.0,11.0,2.0,10.0,,1.0,9.0,4.5,1.0,0.5,0.0,,2025-09-03,,,,,,,,,,,,,,,,,,,,,,,,,,,,,,,,,,,,,,,,,,,,,,,,,,,,,,,,,,,12,15.55,0.0,7,7,2
2024,Quentin Johnston,Q.Johnston,00-0038544,LAC,WR,WR,39.0,15,174.7,11.646666666666667,119.7,54.999999999999986,55,91,711,8,0.18533604887983707,0.22599129039651616,0.43619797659731696,3,6,0,0,0,0,0,0,656.0,0.7080000000000001,0.2663109756097561,11.646666666666668,8.700727938894923,31.6,3,WR,"https://static.www.nfl.com/image/upload/f_auto,q_auto/league/lyvsrjh4mjb4dqwp6shm",REG,0,0,0,0,0,0,0,,,0,,0,0,0,0,0,0,0,-0.8138733168598264,0,0,0,0,0,0,0,986,306,32,34.908082361581116,0,23,17,12,1,0.7210953346855984,0,1,0,0,0,0,0,0.0,0.0,0,0,0,0,0,0,0,0,0,0,0,0,0,0,0,0,0,0,1,5,0,0,0,0,0,0,0,0,0,0,0,0,0,,,0,0,0,0,0,0,0,0,0,0,0,0,,,,0,0,0,0,0,0,0,,0,0,0,0,,0,0,,0,0,0,0,0,0,0,0,0,0,Q.Johnston,Quentin Johnston,WR,WR,"https://static.www.nfl.com/image/upload/f_auto,q_auto/league/lyvsrjh4mjb4dqwp6shm",2024.0,POST,LAC,1.0,0.0,0.0,0.0,0.0,0.0,0.0,0.0,0.0,0.0,0.0,0.0,0.0,,,0.0,,0.0,0.0,0.0,0.0,0.0,0.0,0.0,0.0,0.0,0.0,,0.0,0.0,0.0,0.0,0.0,0.0,5.0,0.0,0.0,0.0,0.0,86.0,0.0,0.0,-9.58984988683369,0.0,0.0,0.0,0.0,0.0,0.0,0.15625,0.2123456790123457,0.383016975308642,0.0,1.0,0.0,0.0,0.0,0.0,0.0,0.0,0.0,0.0,0.0,0.0,0.0,0.0,0.0,0.0,0.0,0.0,0.0,0.0,0.0,0.0,0.0,0.0,0.0,0.0,0.0,0.0,0.0,0.0,0.0,0.0,0.0,0.0,0.0,0.0,0.0,0.0,0.0,0.0,0.0,0.0,,,0.0,0.0,0.0,0.0,0.0,0.0,0.0,0.0,0.0,0.0,0.0,0.0,,,,0.0,0.0,0.0,0.0,0.0,0.0,0.0,,0.0,0.0,0.0,0.0,,0.0,0.0,,0.0,0.0,0.0,0.0,0.0,0.0,0.0,0.0,0.0,0.0,0.0,0.0,00-0038544,JohnQu02,4429025.0,Quentin Johnston,2001-09-06,74.0,208.0,TCU,2023.0,1.0,21.0,LAC,2023,4,15.0,0.0,0.0,0.0,0.0,2024.0,Quentin Johnston,LAC,23.0,WR,15.0,11.0,91.0,55.0,711.0,,32.0,405.0,7.4,306.0,5.6,10.8,8.0,6.9,7.0,0.077,1.0,109.7,2025-09-03,2024.0,Quentin Johnston,LAC,23.0,WR,15.0,11.0,3.0,6.0,,0.0,1.0,0.3,5.0,1.7,1.0,3.0,2025-09-03,,,,,,,,,,,,,,,,,,,,,,,,,,,,,,,,,,,,,,,,,,,,,,,,,,,,,,,,,,,15,10.4,0.0,8,5,1
2024,Rashod Bateman,R.Bateman,00-0036550,BAL,WR,WR,40.0,16,174.60000000000002,10.912500000000001,129.60000000000002,45.0,45,72,756,9,0.1575492341356674,0.23378183565593463,0.39997113616265534,0,0,0,0,0,0,0,0,766.0,0.6900000000000001,0.22793733681462144,10.912500000000001,6.745158757706646,23.0,2,WR,"https://static.www.nfl.com/image/upload/f_auto,q_auto/league/gtktmsfcxc1eijwpwzyq",REG,0,0,0,0,0,0,0,,,0,,0,0,0,0,0,0,0,,0,0,0,0,0,0,0,973,184,35,44.981979110995624,0,31,18,11,4,0.7769784172661871,0,1,0,0,0,0,0,0.0,0.0,0,0,0,0,0,0,0,0,0,0,0,0,0,0,0,0,0,0,1,10,0,0,0,0,0,0,0,0,0,0,0,0,0,,,0,0,0,0,0,0,0,0,0,0,0,0,,,,0,0,0,0,0,0,0,,0,0,0,0,,0,0,,0,0,0,0,0,0,0,0,0,0,R.Bateman,Rashod Bateman,WR,WR,"https://static.www.nfl.com/image/upload/f_auto,q_auto/league/gtktmsfcxc1eijwpwzyq",2024.0,POST,BAL,2.0,0.0,0.0,0.0,0.0,0.0,0.0,0.0,0.0,0.0,0.0,0.0,0.0,,,0.0,,0.0,0.0,0.0,0.0,0.0,0.0,0.0,0.0,0.0,0.0,,0.0,0.0,0.0,0.0,0.0,6.0,7.0,90.0,2.0,0.0,0.0,107.0,13.0,4.0,7.027123732987329,0.0,3.0,2.0,1.0,1.0,0.8411214953271028,0.1590909090909091,0.2830687830687831,0.43678451178451183,0.0,1.0,0.0,0.0,0.0,0.0,0.0,0.0,0.0,0.0,0.0,0.0,0.0,0.0,0.0,0.0,0.0,0.0,0.0,0.0,0.0,0.0,0.0,0.0,0.0,0.0,0.0,0.0,0.0,0.0,0.0,0.0,0.0,0.0,0.0,0.0,0.0,0.0,0.0,0.0,0.0,0.0,,,0.0,0.0,0.0,0.0,0.0,0.0,0.0,0.0,0.0,0.0,0.0,0.0,,,,0.0,0.0,0.0,0.0,0.0,0.0,0.0,,0.0,0.0,0.0,0.0,,0.0,0.0,,0.0,0.0,0.0,0.0,0.0,0.0,0.0,0.0,0.0,0.0,21.0,27.0,00-0036550,BateRa00,4360939.0,Rashod Bateman,1999-11-29,73.0,193.0,Minnesota,2021.0,1.0,27.0,BAL,2021,6,17.0,0.0,0.0,0.0,0.0,2024.0,Rashod Bateman,BAL,25.0,WR,17.0,14.0,72.0,45.0,756.0,,35.0,572.0,12.7,184.0,4.1,13.6,0.0,,4.0,0.055999999999999994,2.0,125.9,2025-09-03,,,,,,,,,,,,,,,,,,,,,,,,,,,,,,,,,,,,,,,,,,,,,,,,,,,,,,,,,,,,,,,,,,,,,,,,,,,,,16,9.75,2.2,8,5,0
2024,Michael Pittman,M.Pittman,00-0036252,IND,WR,WR,41.0,16,165.8,10.3625,96.80000000000001,69.0,69,111,808,3,0.22560975609756098,0.22713049880360758,0.49740598330886676,0,0,0,0,0,0,0,0,904.0,0.880625,0.1834070796460177,10.3625,6.127411090066232,25.9,1,WR,"https://static.www.nfl.com/image/upload/f_auto,q_auto/league/q1ythn05kwcmdr4mwzll",REG,0,0,0,0,0,0,0,,,0,,0,0,0,0,0,0,0,,0,0,0,0,0,1,1,1234,259,35,1.238442077722794,0,33,20,12,0,0.6547811993517018,0,2,0,0,0,0,0,0.0,0.0,0,0,0,0,0,0,0,0,0,0,0,0,0,0,0,0,0,0,4,35,1,0,0,1,1,0,0,0,0,0,0,0,0,,,0,0,0,0,0,0,0,0,0,0,0,0,,,,0,0,0,0,0,0,0,,0,0,0,0,,0,0,,0,0,0,0,0,0,0,0,0,0,,,,,,,,,,,,,,,,,,,,,,,,,,,,,,,,,,,,,,,,,,,,,,,,,,,,,,,,,,,,,,,,,,,,,,,,,,,,,,,,,,,,,,,,,,,,,,,,,,,,,,,,,,,,,,,,,,,,,,,,,,,,,,,,,,,,,,,,,,,,,,,,,,,,00-0036252,PittMi01,4035687.0,Michael Pittman,1997-10-05,76.0,223.0,USC,2020.0,2.0,34.0,IND,2020,7,16.0,0.0,2.0,0.0,0.00625,2024.0,Michael Pittman,IND,27.0,WR,16.0,14.0,111.0,69.0,808.0,,35.0,549.0,8.0,259.0,3.8,11.0,3.0,23.0,1.0,0.009000000000000001,4.0,78.2,2025-09-03,,,,,,,,,,,,,,,,,,,,,,,,,,,,,,,,,,,,,,,,,,,,,,,,,,,,,,,,,,,,,,,,,,,,,,,,,,,,,16,9.450000000000001,2.4000000000000004,6,3,1
2024,George Pickens,G.Pickens,00-0037247,PIT,WR,WR,42.0,14,164.4,11.742857142857144,105.4,59.0,59,103,900,3,0.22391304347826088,0.3575772934617334,0.5861736706406047,2,-6,0,0,0,0,0,0,774.0,0.8021428571428572,0.2124031007751938,11.742857142857144,6.150636525623155,22.1,2,WR,"https://static.www.nfl.com/image/upload/f_auto,q_auto/league/cbpyykoguf7rsxezqzvk",REG,0,0,0,0,0,0,0,,,0,,0,0,0,0,0,0,0,-1.8052047215169296,0,0,0,0,0,1,1,1411,215,37,27.91763200609961,0,31,21,17,4,0.6378454996456414,0,1,0,0,0,0,0,0.0,0.0,0,0,0,0,0,0,0,0,0,0,0,0,0,0,0,0,0,0,4,45,1,0,0,1,1,0,0,0,0,0,0,0,0,,,0,0,0,0,0,0,0,0,0,0,0,0,,,,0,0,0,0,0,0,0,,0,0,0,0,,0,0,,0,0,0,0,0,0,0,0,0,0,G.Pickens,George Pickens,WR,WR,"https://static.www.nfl.com/image/upload/f_auto,q_auto/league/cbpyykoguf7rsxezqzvk",2024.0,POST,PIT,1.0,0.0,0.0,0.0,0.0,0.0,0.0,0.0,0.0,0.0,0.0,0.0,0.0,,,0.0,,0.0,0.0,0.0,0.0,0.0,0.0,0.0,0.0,0.0,0.0,,0.0,0.0,0.0,0.0,0.0,5.0,5.0,87.0,1.0,0.0,0.0,66.0,21.0,4.0,8.422809025854804,0.0,3.0,2.0,2.0,0.0,1.3181818181818181,0.19230769230769232,0.26506024096385544,0.4740037071362373,0.0,0.0,0.0,0.0,0.0,0.0,0.0,0.0,0.0,0.0,0.0,0.0,0.0,0.0,0.0,0.0,0.0,0.0,0.0,0.0,0.0,0.0,0.0,0.0,0.0,0.0,0.0,1.0,10.0,0.0,0.0,0.0,0.0,0.0,0.0,0.0,0.0,0.0,0.0,0.0,0.0,0.0,,,0.0,0.0,0.0,0.0,0.0,0.0,0.0,0.0,0.0,0.0,0.0,0.0,,,,0.0,0.0,0.0,0.0,0.0,0.0,0.0,,0.0,0.0,0.0,0.0,,0.0,0.0,,0.0,0.0,0.0,0.0,0.0,0.0,0.0,0.0,0.0,0.0,14.700000000000001,19.700000000000003,00-0037247,PickGe00,4426354.0,George Pickens,2001-03-04,75.0,205.0,Georgia,2022.0,2.0,52.0,PIT,2022,5,14.0,0.0,2.0,0.0,0.005,2024.0,George Pickens,PIT,23.0,WR,14.0,12.0,103.0,59.0,900.0,,37.0,685.0,11.6,215.0,3.6,13.3,4.0,14.8,6.0,0.057999999999999996,2.0,87.8,2025-09-03,2024.0,George Pickens,PIT,23.0,WR,14.0,12.0,2.0,-6.0,,0.0,-8.0,-4.0,2.0,1.0,0.0,,2025-09-03,,,,,,,,,,,,,,,,,,,,,,,,,,,,,,,,,,,,,,,,,,,,,,,,,,,,,,,,,,,14,11.05,1.0,8,5,0
2024,Alec Pierce,A.Pierce,00-0037664,IND,WR,WR,43.0,16,161.4,10.0875,124.4,37.0,37,69,824,7,0.1402439024390244,0.27609055770292656,0.4036292440505852,0,0,0,0,0,0,0,0,817.0,0.800625,0.19755201958384333,10.0875,8.312871545581187,24.200000000000003,3,WR,"https://static.www.nfl.com/image/upload/f_auto,q_auto/league/qcg9t51wgp3hicavmkmy",REG,0,0,0,0,0,0,0,,,0,,0,0,0,0,0,0,0,,0,0,0,0,0,0,0,1500,118,32,40.30308590596193,0,30,20,13,7,0.5493333333333333,0,5,0,0,0,0,0,0.0,0.0,0,0,0,0,0,0,0,0,0,0,0,0,0,0,0,0,0,0,1,10,0,0,0,0,0,0,0,0,0,0,0,0,0,,,0,0,0,0,0,0,0,0,0,0,0,0,,,,0,0,0,0,0,0,0,,0,0,0,0,,0,0,,0,0,0,0,0,0,0,0,0,0,,,,,,,,,,,,,,,,,,,,,,,,,,,,,,,,,,,,,,,,,,,,,,,,,,,,,,,,,,,,,,,,,,,,,,,,,,,,,,,,,,,,,,,,,,,,,,,,,,,,,,,,,,,,,,,,,,,,,,,,,,,,,,,,,,,,,,,,,,,,,,,,,,,,00-0037664,PierAl00,4360078.0,Alec Pierce,2000-05-02,75.0,211.0,Cincinnati,2022.0,2.0,53.0,IND,2022,5,16.0,0.0,2.0,0.0,0.00625,2024.0,Alec Pierce,IND,24.0,WR,16.0,13.0,69.0,37.0,824.0,,32.0,706.0,19.1,118.0,3.2,21.5,0.0,,3.0,0.043,4.0,106.2,2025-09-03,,,,,,,,,,,,,,,,,,,,,,,,,,,,,,,,,,,,,,,,,,,,,,,,,,,,,,,,,,,,,,,,,,,,,,,,,,,,,16,8.35,0.0,7,5,0
2024,Deebo Samuel Sr.,D.Samuel,00-0035719,SF,WR,WR,44.0,15,155.60000000000002,10.373333333333335,104.60000000000001,51.000000000000014,51,81,670,3,0.15789473684210525,0.12168727915194347,0.3220232006695183,42,136,1,0,0,0,0,0,682.0,0.7313333333333334,0.22815249266862173,10.373333333333333,7.409209198853881,25.1,2,WR,"https://static.www.nfl.com/image/upload/f_auto,q_auto/league/ntgyhqg6hq7fanhhsqiw",REG,1,-4,0,0,0,0,0,-2.089831991296666,,0,,0,0,0,0,0,0,5,-9.080931046010743,0,2,2,0,0,0,0,551,421,28,11.071185742769668,0,26,15,10,3,1.2159709618874772,0,2,0,0,0,0,0,0.0,0.0,0,0,0,0,0,0,0,0,0,0,0,0,0,0,0,0,0,0,3,25,2,0,0,2,1,0,0,17,533,0,0,0,0,,,0,0,0,0,0,0,0,0,0,0,0,0,,,,0,0,0,0,0,0,0,,0,0,0,0,,0,0,,0,0,0,0,0,0,0,0,0,0,,,,,,,,,,,,,,,,,,,,,,,,,,,,,,,,,,,,,,,,,,,,,,,,,,,,,,,,,,,,,,,,,,,,,,,,,,,,,,,,,,,,,,,,,,,,,,,,,,,,,,,,,,,,,,,,,,,,,,,,,,,,,,,,,,,,,,,,,,,,,,,,,,,,00-0035719,SamuDe00,3126486.0,Deebo Samuel Sr.,1996-01-15,72.0,215.0,South Carolina,2019.0,2.0,36.0,SF,2019,8,15.0,0.0,48.0,0.0,0.12266666666666666,2024.0,Deebo Samuel,SF,28.0,WR,15.0,15.0,81.0,51.0,670.0,,28.0,249.0,4.9,421.0,8.3,6.6,8.0,6.4,6.0,0.07400000000000001,1.0,96.2,2025-09-03,2024.0,Deebo Samuel,SF,28.0,WR,15.0,15.0,42.0,136.0,,5.0,67.0,1.6,69.0,1.6,1.0,42.0,2025-09-03,,,,,,,,,,,,,,,,,,,,,,,,,,,,,,,,,,,,,,,,,,,,,,,,,,,,,,,,,,,15,9.1,0.0,7,4,1
2024,Jalen Tolbert,J.Tolbert,00-0037666,DAL,WR,WR,45.0,17,152.0,8.941176470588236,103.0,49.0,49,79,610,7,0.1270096463022508,0.19334186939820744,0.32585377803212145,0,0,0,0,0,0,0,0,892.0,0.7576470588235295,0.17040358744394618,8.941176470588236,5.253815140391958,21.700000000000003,1,WR,"https://static.www.nfl.com/image/upload/f_auto,q_auto/league/dthrzudnyh1mcrh1det2",REG,0,0,0,0,0,0,0,,,0,,0,0,0,0,0,0,0,,0,0,0,0,0,0,0,906,166,29,25.219016282343407,0,22,12,8,1,0.673289183222958,0,1,0,0,0,0,0,0.0,0.0,0,0,0,0,0,0,0,0,0,0,0,0,0,2,0,0,0,0,5,40,0,0,0,0,0,0,0,0,0,0,0,0,0,,,0,0,0,0,0,0,0,0,0,0,0,0,,,,0,0,0,0,0,0,0,,0,0,0,0,,0,0,,0,0,0,0,0,0,0,0,0,0,,,,,,,,,,,,,,,,,,,,,,,,,,,,,,,,,,,,,,,,,,,,,,,,,,,,,,,,,,,,,,,,,,,,,,,,,,,,,,,,,,,,,,,,,,,,,,,,,,,,,,,,,,,,,,,,,,,,,,,,,,,,,,,,,,,,,,,,,,,,,,,,,,,,00-0037666,TolbJa00,4249417.0,Jalen Tolbert,1999-02-27,73.0,195.0,South Alabama,2022.0,3.0,88.0,DAL,2022,5,17.0,0.0,16.0,0.0,0.029411764705882353,2024.0,Jalen Tolbert,DAL,25.0,WR,17.0,15.0,79.0,49.0,610.0,,29.0,444.0,9.1,166.0,3.4,11.5,0.0,,3.0,0.038,2.0,104.9,2025-09-03,,,,,,,,,,,,,,,,,,,,,,,,,,,,,,,,,,,,,,,,,,,,,,,,,,,,,,,,,,,,,,,,,,,,,,,,,,,,,17,8.3,0.0,8,1,0
2024,Jaylen Waddle,J.Waddle,00-0036613,MIA,WR,WR,46.0,15,149.60000000000002,9.973333333333334,91.60000000000001,58.000000000000014,58,83,744,2,0.14612676056338028,0.22285098356238212,0.3751858293387379,4,12,0,0,0,0,0,0,793.0,0.7866666666666667,0.18865069356872638,9.973333333333333,7.125855003002062,28.4,2,WR,"https://static.www.nfl.com/image/upload/f_auto,q_auto/league/gkh7m1jedon9mwn5jlf1",REG,0,0,0,0,0,0,0,,,0,,0,0,0,0,0,0,1,-0.1432617433310952,0,0,0,0,0,0,0,827,236,38,40.15584197024369,2,39,20,12,1,0.8996372430471584,0,1,0,1,0,0,0,0.0,0.0,0,0,0,0,0,0,0,0,0,0,0,0,0,0,0,0,0,0,0,0,0,0,0,0,0,0,0,0,0,0,0,0,0,,,0,0,0,0,0,0,0,0,0,0,0,0,,,,0,0,0,0,0,0,0,,0,0,0,0,,0,0,,0,0,0,0,0,0,0,0,0,0,,,,,,,,,,,,,,,,,,,,,,,,,,,,,,,,,,,,,,,,,,,,,,,,,,,,,,,,,,,,,,,,,,,,,,,,,,,,,,,,,,,,,,,,,,,,,,,,,,,,,,,,,,,,,,,,,,,,,,,,,,,,,,,,,,,,,,,,,,,,,,,,,,,,00-0036613,WaddJa00,4372016.0,Jaylen Waddle,1998-11-25,70.0,185.0,Alabama,2021.0,1.0,6.0,MIA,2021,6,15.0,0.0,1.0,0.0,0.0026666666666666666,2024.0,Jaylen Waddle,MIA,26.0,WR,15.0,15.0,83.0,58.0,744.0,,38.0,508.0,8.8,236.0,4.1,10.0,0.0,,8.0,0.096,3.0,90.6,2025-09-03,2024.0,Jaylen Waddle,MIA,26.0,WR,15.0,15.0,4.0,12.0,,1.0,8.0,2.0,4.0,1.0,0.0,,2025-09-03,,,,,,,,,,,,,,,,,,,,,,,,,,,,,,,,,,,,,,,,,,,,,,,,,,,,,,,,,,,15,8.5,0.0,4,3,1
2024,DeMario Douglas,D.Douglas,00-0038621,NE,WR,WR,47.0,16,147.7,9.23125,81.7,65.99999999999999,66,87,621,3,0.174,0.13649387861422246,0.35654571502995575,3,16,0,0,0,0,0,0,679.0,0.6264705882352941,0.21752577319587627,9.231250000000001,4.95751533868866,21.200000000000003,1,WR,"https://static.www.nfl.com/image/upload/f_auto,q_auto/league/cm9vnzqu5phlmsocjwgc",REG,0,0,0,0,0,0,0,,,0,,0,0,0,0,0,0,0,0.7360740574076772,0,0,0,0,0,1,0,524,359,31,20.82534351814231,0,23,13,8,0,1.1851145038167938,0,1,0,0,0,0,0,0.0,0.0,0,0,0,0,0,0,0,0,0,0,0,0,0,0,0,0,0,0,2,10,1,0,0,1,0,0,0,0,0,0,0,0,0,,,0,0,0,0,0,0,0,0,0,0,0,0,,,,0,0,0,0,0,0,0,,0,0,0,0,,0,0,,0,0,0,0,0,0,0,0,0,0,,,,,,,,,,,,,,,,,,,,,,,,,,,,,,,,,,,,,,,,,,,,,,,,,,,,,,,,,,,,,,,,,,,,,,,,,,,,,,,,,,,,,,,,,,,,,,,,,,,,,,,,,,,,,,,,,,,,,,,,,,,,,,,,,,,,,,,,,,,,,,,,,,,,00-0038621,DougDe00,4427095.0,DeMario Douglas,2000-12-08,68.0,185.0,Liberty,2023.0,6.0,210.0,NE,2023,4,17.0,0.0,1.0,0.0,0.0023529411764705885,2024.0,Demario Douglas,NE,24.0,WR,17.0,7.0,87.0,66.0,621.0,,31.0,262.0,4.0,359.0,5.4,5.9,2.0,33.0,7.0,0.08,2.0,97.0,2025-09-03,2024.0,Demario Douglas,NE,24.0,WR,17.0,7.0,3.0,16.0,,0.0,12.0,4.0,4.0,1.3,0.0,,2025-09-03,,,,,,,,,,,,,,,,,,,,,,,,,,,,,,,,,,,,,,,,,,,,,,,,,,,,,,,,,,,16,9.45,3.2,7,1,0
2024,DeAndre Hopkins,D.Hopkins,00-0030564,KC,WR,WR,48.0,16,147.0,9.1875,91.0,56.0,56,80,610,5,0.15779092702169625,0.2095906432748538,0.38339984082494205,0,0,0,0,0,0,0,0,533.0,0.49,0.275797373358349,9.1875,7.333746200498988,28.6,1,WR,"https://static.www.nfl.com/image/upload/f_auto,q_auto/league/snvo6holyfdjmrlqxqxu",REG,0,0,0,0,0,0,0,,,0,,0,0,0,0,0,0,0,,0,0,0,0,0,0,0,896,109,35,19.209225964236232,0,25,10,6,0,0.6808035714285714,0,1,0,0,0,0,0,0.0,0.0,0,0,0,0,0,0,0,0,0,0,0,0,0,0,0,0,0,0,0,0,1,0,0,1,0,0,0,0,0,0,0,0,0,,,0,0,0,0,0,0,0,0,0,0,0,0,,,,0,0,0,0,0,0,0,,0,0,0,0,,0,0,,0,0,0,0,0,0,0,0,0,0,D.Hopkins,DeAndre Hopkins,WR,WR,"https://static.www.nfl.com/image/upload/f_auto,q_auto/league/snvo6holyfdjmrlqxqxu",2024.0,POST,KC,3.0,0.0,0.0,0.0,0.0,0.0,0.0,0.0,0.0,0.0,0.0,0.0,0.0,,,0.0,,0.0,0.0,0.0,0.0,0.0,0.0,0.0,0.0,0.0,0.0,,0.0,0.0,0.0,0.0,0.0,3.0,8.0,29.0,1.0,0.0,0.0,70.0,4.0,3.0,-5.213813821828691,1.0,2.0,0.0,0.0,0.0,0.4142857142857143,0.09876543209876543,0.11904761904761904,0.23148148148148145,0.0,0.0,0.0,0.0,0.0,0.0,0.0,0.0,0.0,0.0,0.0,0.0,0.0,0.0,0.0,0.0,0.0,0.0,0.0,0.0,0.0,0.0,0.0,0.0,0.0,0.0,0.0,0.0,0.0,0.0,0.0,0.0,0.0,0.0,0.0,0.0,0.0,0.0,0.0,0.0,0.0,0.0,,,0.0,0.0,0.0,0.0,0.0,0.0,0.0,0.0,0.0,0.0,0.0,0.0,,,,0.0,0.0,0.0,0.0,0.0,0.0,0.0,,0.0,0.0,0.0,0.0,,0.0,0.0,,0.0,0.0,0.0,0.0,0.0,0.0,0.0,0.0,0.0,0.0,10.9,13.9,00-0030564,HopkDe00,15795.0,DeAndre Hopkins,1992-06-06,73.0,210.0,Clemson,2013.0,1.0,27.0,HOU,2013,13,16.0,0.0,0.0,0.0,0.0,2024.0,DeAndre Hopkins,2TM,32.0,WR,16.0,8.0,80.0,56.0,610.0,,35.0,501.0,8.9,109.0,1.9,10.4,3.0,18.7,2.0,0.025,2.0,102.6,2025-09-03,,,,,,,,,,,,,,,,,,,,,,,,,,,,,,,,,,,,,,,,,,,,,,,,,,,,,,,,,,,,,,,,,,,,,,,,,,,,,16,8.15,0.8,5,2,1
2024,Rome Odunze,R.Odunze,00-0039919,CHI,WR,WR,49.0,17,144.9,8.523529411764706,90.9,54.0,54,101,734,3,0.1920152091254753,0.3083370092633436,0.5038587201725535,3,15,0,0,0,0,0,0,954.0,0.8358823529411765,0.15188679245283018,8.523529411764706,6.200557375325696,23.4,2,WR,"https://static.www.nfl.com/image/upload/f_auto,q_auto/league/niewdl2p2325kpohbw9v",REG,0,0,0,0,0,0,0,,,0,,0,0,0,0,0,0,1,0.575859468372073,0,0,0,0,0,2,1,1398,253,37,16.061161296314506,0,35,17,8,2,0.525035765379113,0,1,0,0,0,0,0,0.0,0.0,0,0,0,0,0,0,0,0,0,0,0,0,0,0,0,0,0,0,1,10,2,0,0,2,1,0,0,0,0,0,0,0,0,,,0,0,0,0,0,0,0,0,0,0,0,0,,,,0,0,0,0,0,0,0,,0,0,0,0,,0,0,,0,0,0,0,0,0,0,0,0,0,,,,,,,,,,,,,,,,,,,,,,,,,,,,,,,,,,,,,,,,,,,,,,,,,,,,,,,,,,,,,,,,,,,,,,,,,,,,,,,,,,,,,,,,,,,,,,,,,,,,,,,,,,,,,,,,,,,,,,,,,,,,,,,,,,,,,,,,,,,,,,,,,,,,00-0039919,OdunRo00,4431299.0,Rome Odunze,2002-06-03,75.0,215.0,Washington,2024.0,1.0,9.0,CHI,2024,3,17.0,0.0,0.0,0.0,0.0,2024.0,Rome Odunze,CHI,22.0,WR,17.0,12.0,101.0,54.0,734.0,,37.0,481.0,8.9,253.0,4.7,13.9,4.0,13.5,6.0,0.059000000000000004,1.0,82.7,2025-09-03,2024.0,Rome Odunze,CHI,22.0,WR,17.0,12.0,3.0,15.0,,1.0,6.0,2.0,9.0,3.0,0.0,,2025-09-03,,,,,,,,,,,,,,,,,,,,,,,,,,,,,,,,,,,,,,,,,,,,,,,,,,,,,,,,,,,17,6.0,2.0,4,3,0
2024,Ray-Ray McCloud,R.McCloud,00-0034407,ATL,WR,WR,50.0,17,142.5,8.382352941176471,80.5,62.0,62,87,686,1,0.1614100185528757,0.13188535602328705,0.3344347770456145,10,79,0,0,0,0,0,0,981.0,0.8511764705882353,0.1452599388379205,8.382352941176471,4.346871762273078,18.1,0,WR,"https://static.www.nfl.com/image/upload/f_auto,q_auto/league/nvwn3sdihyyd2itjt7vy",REG,0,0,0,0,0,0,0,,,0,,0,0,0,0,0,0,3,2.367694093816681,0,3,3,1,0,3,1,589,335,29,5.62533058408268,0,27,12,8,2,1.1646859083191852,0,0,0,1,0,0,0,0.0,0.0,0,0,0,0,0,0,0,0,0,0,0,0,0,1,0,0,0,0,3,30,4,0,1,4,2,0,0,14,361,0,0,0,0,,,0,0,0,0,0,0,0,0,0,0,0,0,,,,0,0,0,0,0,0,0,,0,0,0,0,,0,0,,0,0,0,0,0,0,0,0,0,0,,,,,,,,,,,,,,,,,,,,,,,,,,,,,,,,,,,,,,,,,,,,,,,,,,,,,,,,,,,,,,,,,,,,,,,,,,,,,,,,,,,,,,,,,,,,,,,,,,,,,,,,,,,,,,,,,,,,,,,,,,,,,,,,,,,,,,,,,,,,,,,,,,,,00-0034407,McClRa00,3728262.0,Ray-Ray McCloud,1996-10-15,69.0,185.0,Clemson,2018.0,6.0,187.0,BUF,2018,8,17.0,0.0,82.0,0.0,0.18705882352941178,2024.0,Ray-Ray McCloud,ATL,28.0,WR,17.0,13.0,87.0,62.0,686.0,,29.0,351.0,5.7,335.0,5.4,6.8,1.0,62.0,3.0,0.034,3.0,83.8,2025-09-03,2024.0,Ray-Ray McCloud,ATL,28.0,WR,17.0,13.0,10.0,79.0,,3.0,50.0,5.0,29.0,2.9,0.0,,2025-09-03,,,,,,,,,,,,,,,,,,,,,,,,,,,,,,,,,,,,,,,,,,,,,,,,,,,,,,,,,,,17,7.5,2.4000000000000004,7,1,0
2024,Tank Dell,T.Dell,00-0038977,HOU,WR,WR,51.0,14,140.0,10.0,89.0,51.0,51,81,667,3,0.1480804387568556,0.2183537502686439,0.3749682833233341,9,43,0,0,0,0,0,0,633.0,0.6892857142857143,0.2211690363349131,10.0,6.4057666327962774,21.8,1,WR,"https://static.www.nfl.com/image/upload/f_auto,q_auto/league/dzjep37g7fqdweqtncso",REG,0,0,0,0,0,0,0,,,0,,0,0,0,0,0,0,3,-2.2630523863481358,0,3,3,0,0,0,0,1016,164,35,21.898456696416915,0,30,17,9,1,0.656496062992126,0,3,0,0,0,0,0,0.0,0.0,0,0,0,0,0,0,0,0,0,0,0,0,0,0,0,0,0,0,1,10,0,0,0,0,0,7,95,0,0,0,0,0,0,,,0,0,0,0,0,0,0,0,0,0,0,0,,,,0,0,0,0,0,0,0,,0,0,0,0,,0,0,,0,0,0,0,0,0,0,0,0,0,,,,,,,,,,,,,,,,,,,,,,,,,,,,,,,,,,,,,,,,,,,,,,,,,,,,,,,,,,,,,,,,,,,,,,,,,,,,,,,,,,,,,,,,,,,,,,,,,,,,,,,,,,,,,,,,,,,,,,,,,,,,,,,,,,,,,,,,,,,,,,,,,,,,00-0038977,DellNa00,4366031.0,Tank Dell,1999-10-29,70.0,165.0,Houston; Independence Comm. College; Alabama A&M,2023.0,3.0,69.0,HOU,2023,4,14.0,0.0,7.0,0.0,0.019285714285714288,2024.0,Tank Dell,HOU,25.0,WR,14.0,10.0,81.0,51.0,667.0,,35.0,503.0,9.9,164.0,3.2,12.5,3.0,17.0,6.0,0.07400000000000001,3.0,85.8,2025-09-03,2024.0,Tank Dell,HOU,25.0,WR,14.0,10.0,9.0,43.0,,3.0,35.0,3.9,8.0,0.9,0.0,,2025-09-03,,,,,,,,,,,,,,,,,,,,,,,,,,,,,,,,,,,,,,,,,,,,,,,,,,,,,,,,,,,14,9.350000000000001,0.0,6,3,0
2024,Adam Thielen,A.Thielen,00-0030035,CAR,WR,WR,52.0,10,139.5,13.95,91.5,48.0,48,62,615,5,0.11969111969111969,0.1550179211469534,0.28804922433954694,0,0,0,0,0,0,0,0,429.0,0.708,0.32517482517482516,13.95,7.640426107954392,28.0,2,WR,"https://static.www.nfl.com/image/upload/f_auto,q_auto/league/pv6gajxtt6zhum2unnsl",REG,0,0,0,0,0,0,0,,,0,,0,0,0,0,0,0,0,,0,0,0,0,0,0,0,692,152,28,40.429083193776734,0,24,15,9,1,0.888728323699422,0,1,0,0,0,0,0,0.0,0.0,0,0,0,0,0,0,0,0,0,0,0,0,0,0,0,0,0,0,1,5,0,0,0,0,0,0,0,0,0,0,0,0,0,,,0,0,0,0,0,0,0,0,0,0,0,0,,,,0,0,0,0,0,0,0,,0,0,0,0,,0,0,,0,0,0,0,0,0,0,0,0,0,,,,,,,,,,,,,,,,,,,,,,,,,,,,,,,,,,,,,,,,,,,,,,,,,,,,,,,,,,,,,,,,,,,,,,,,,,,,,,,,,,,,,,,,,,,,,,,,,,,,,,,,,,,,,,,,,,,,,,,,,,,,,,,,,,,,,,,,,,,,,,,,,,,,00-0030035,ThieAd00,16460.0,Adam Thielen,1990-08-22,74.0,200.0,Minnesota State,,,,,2013,12,10.0,0.0,0.0,0.0,0.0,2024.0,Adam Thielen,CAR,34.0,WR,10.0,10.0,62.0,48.0,615.0,,28.0,463.0,9.6,152.0,3.2,11.0,1.0,48.0,2.0,0.032,4.0,107.9,2025-09-03,,,,,,,,,,,,,,,,,,,,,,,,,,,,,,,,,,,,,,,,,,,,,,,,,,,,,,,,,,,,,,,,,,,,,,,,,,,,,10,11.55,4.0,6,4,1
2024,Chris Godwin Jr.,C.Godwin,00-0033921,TB,WR,WR,53.0,7,137.8,19.685714285714287,87.80000000000001,50.0,50,62,576,5,0.11012433392539965,0.08971774193548387,0.22798892024293818,1,2,0,0,0,0,0,0,399.0,0.87,0.34536340852130326,19.685714285714287,8.538623732083247,35.5,3,WR,"https://static.www.nfl.com/image/upload/f_auto,q_auto/league/ilkheljdx4hbjpisulke",REG,0,0,0,0,0,0,0,,,0,,0,0,0,0,0,0,1,1.535549481457565,0,0,0,0,0,1,0,356,350,33,35.511457796120396,0,23,11,7,2,1.6179775280898876,0,2,0,0,0,0,0,0.0,0.0,0,0,0,0,0,0,0,0,0,0,0,0,0,0,0,0,0,0,0,0,1,0,0,1,0,0,0,0,0,0,0,0,0,,,0,0,0,0,0,0,0,0,0,0,0,0,,,,0,0,0,0,0,0,0,,0,0,0,0,,0,0,,0,0,0,0,0,0,0,0,0,0,,,,,,,,,,,,,,,,,,,,,,,,,,,,,,,,,,,,,,,,,,,,,,,,,,,,,,,,,,,,,,,,,,,,,,,,,,,,,,,,,,,,,,,,,,,,,,,,,,,,,,,,,,,,,,,,,,,,,,,,,,,,,,,,,,,,,,,,,,,,,,,,,,,,00-0033921,GodwCh00,3116165.0,Chris Godwin Jr.,1996-02-27,73.0,209.0,Penn State,2017.0,3.0,84.0,TB,2017,10,7.0,0.0,1.0,0.0,0.005714285714285714,2024.0,Chris Godwin,TB,28.0,WR,7.0,7.0,62.0,50.0,576.0,,33.0,226.0,4.5,350.0,7.0,5.7,4.0,12.5,2.0,0.032,1.0,125.5,2025-09-03,2024.0,Chris Godwin,TB,28.0,WR,7.0,7.0,1.0,2.0,,1.0,1.0,1.0,1.0,1.0,0.0,,2025-09-03,,,,,,,,,,,,,,,,,,,,,,,,,,,,,,,,,,,,,,,,,,,,,,,,,,,,,,,,,,,7,17.3,11.600000000000001,7,4,1
2024,Nick Westbrook-Ikhine,N.Westbrook-Ikhine,00-0036182,TEN,WR,WR,54.0,14,135.7,9.692857142857141,103.7,31.999999999999986,32,60,497,9,0.11834319526627218,0.16374269005847952,0.2921346759403439,0,0,0,0,0,0,0,0,771.0,0.6994117647058824,0.17600518806744486,9.692857142857141,6.182165949258871,21.1,1,WR,"https://static.www.nfl.com/image/upload/f_auto,q_auto/league/cyczwxlgfksrmurbb1ez",REG,0,0,0,0,0,0,0,,,0,,0,0,0,0,0,0,0,,0,0,0,0,0,0,0,700,124,25,12.687489277324845,0,19,11,4,1,0.71,0,3,1,0,0,0,0,0.0,0.0,0,0,0,0,0,0,0,0,0,0,0,0,0,0,0,0,0,0,3,25,0,0,0,0,0,0,0,0,0,0,0,0,0,,,0,0,0,0,0,0,0,0,0,0,0,0,,,,0,0,0,0,0,0,0,,0,0,0,0,,0,0,,0,0,0,0,0,0,0,0,0,0,,,,,,,,,,,,,,,,,,,,,,,,,,,,,,,,,,,,,,,,,,,,,,,,,,,,,,,,,,,,,,,,,,,,,,,,,,,,,,,,,,,,,,,,,,,,,,,,,,,,,,,,,,,,,,,,,,,,,,,,,,,,,,,,,,,,,,,,,,,,,,,,,,,,00-0036182,WestNi00,3929785.0,Nick Westbrook-Ikhine,1997-03-21,74.0,211.0,Indiana,,,,,2020,7,17.0,0.0,121.0,0.0,0.25529411764705884,2024.0,Nick Westbrook-Ikhine,TEN,27.0,WR,17.0,9.0,60.0,32.0,497.0,,25.0,373.0,11.7,124.0,3.9,11.5,2.0,16.0,4.0,0.067,3.0,99.8,2025-09-03,,,,,,,,,,,,,,,,,,,,,,,,,,,,,,,,,,,,,,,,,,,,,,,,,,,,,,,,,,,,,,,,,,,,,,,,,,,,,14,9.0,0.0,5,3,0
2024,Jalen McMillan,J.McMillan,00-0039855,TB,WR,WR,55.0,13,135.4,10.415384615384616,98.4,37.0,37,58,461,8,0.10301953818827708,0.1774193548387097,0.2787228556695124,4,43,0,0,0,0,0,0,626.0,0.7076923076923076,0.2162939297124601,10.415384615384616,8.353526815448086,23.0,2,WR,"https://static.www.nfl.com/image/upload/f_auto,q_auto/league/s8tlj5wsi6cq8kjhp06v",REG,0,0,0,0,0,0,0,,,0,,0,0,0,0,0,0,3,4.431555194256362,0,2,1,0,0,0,0,704,133,23,10.131911177256264,0,21,11,8,0,0.6548295454545454,0,1,0,0,0,0,0,0.0,0.0,0,0,0,0,0,0,0,0,0,0,0,0,0,0,0,0,0,0,4,40,0,0,0,0,0,3,12,0,0,0,0,0,0,,,0,0,0,0,0,0,0,0,0,0,0,0,,,,0,0,0,0,0,0,0,,0,0,0,0,,0,0,,0,0,0,0,0,0,0,0,0,0,J.McMillan,Jalen McMillan,WR,WR,"https://static.www.nfl.com/image/upload/f_auto,q_auto/league/s8tlj5wsi6cq8kjhp06v",2024.0,POST,TB,1.0,0.0,0.0,0.0,0.0,0.0,0.0,0.0,0.0,0.0,0.0,0.0,0.0,,,0.0,,0.0,0.0,0.0,0.0,0.0,0.0,0.0,0.0,0.0,0.0,,0.0,0.0,0.0,0.0,0.0,2.0,4.0,41.0,0.0,0.0,0.0,63.0,11.0,2.0,-0.1881190074571779,0.0,2.0,1.0,1.0,0.0,0.6507936507936508,0.23529411764705882,0.45652173913043476,0.6725063938618925,0.0,0.0,0.0,0.0,0.0,0.0,0.0,0.0,0.0,0.0,0.0,0.0,0.0,0.0,0.0,0.0,0.0,0.0,0.0,0.0,0.0,0.0,0.0,0.0,0.0,0.0,0.0,0.0,0.0,0.0,0.0,0.0,0.0,0.0,0.0,0.0,0.0,0.0,0.0,0.0,0.0,0.0,,,0.0,0.0,0.0,0.0,0.0,0.0,0.0,0.0,0.0,0.0,0.0,0.0,,,,0.0,0.0,0.0,0.0,0.0,0.0,0.0,,0.0,0.0,0.0,0.0,,0.0,0.0,,0.0,0.0,0.0,0.0,0.0,0.0,0.0,0.0,0.0,0.0,4.1000000000000005,6.1000000000000005,00-0039855,McMiJa01,4430834.0,Jalen McMillan,2001-12-07,73.0,192.0,Washington,2024.0,3.0,92.0,TB,2024,3,13.0,0.0,6.0,0.0,0.012307692307692308,2024.0,Jalen McMillan,TB,23.0,WR,13.0,12.0,58.0,37.0,461.0,,23.0,328.0,8.9,133.0,3.6,12.2,1.0,37.0,4.0,0.069,6.0,88.4,2025-09-03,2024.0,Jalen McMillan,TB,23.0,WR,13.0,12.0,4.0,43.0,,3.0,26.0,6.5,17.0,4.3,1.0,4.0,2025-09-03,,,,,,,,,,,,,,,,,,,,,,,,,,,,,,,,,,,,,,,,,,,,,,,,,,,,,,,,,,,13,9.2,0.0,6,5,0
2024,Romeo Doubs,R.Doubs,00-0037816,GB,WR,WR,56.0,13,132.1,10.161538461538461,86.1,46.0,46,72,601,4,0.15517241379310345,0.21160735610222117,0.38088376996121,0,0,0,0,0,0,0,0,660.0,0.7738461538461539,0.20015151515151514,10.161538461538461,5.891312595896105,19.9,0,WR,"https://static.www.nfl.com/image/upload/f_auto,q_auto/league/yxvzijmgwyyigljxfmyb",REG,0,0,0,0,0,0,0,,,0,,0,0,0,0,0,0,0,,0,0,0,0,0,0,0,886,135,33,29.733581252598114,1,29,14,8,0,0.6783295711060948,0,1,0,0,0,0,0,0.0,0.0,0,0,0,0,0,0,0,0,0,0,0,0,0,0,0,0,0,0,3,25,0,0,0,0,0,0,0,0,0,0,0,0,0,,,0,0,0,0,0,0,0,0,0,0,0,0,,,,0,0,0,0,0,0,0,,0,0,0,0,,0,0,,0,0,0,0,0,0,0,0,0,0,R.Doubs,Romeo Doubs,WR,WR,"https://static.www.nfl.com/image/upload/f_auto,q_auto/league/yxvzijmgwyyigljxfmyb",2024.0,POST,GB,1.0,0.0,0.0,0.0,0.0,0.0,0.0,0.0,0.0,0.0,0.0,0.0,0.0,,,0.0,,0.0,0.0,0.0,0.0,0.0,0.0,0.0,0.0,0.0,0.0,,0.0,0.0,0.0,0.0,0.0,2.0,2.0,13.0,0.0,0.0,0.0,11.0,2.0,1.0,1.1141330362297595,0.0,0.0,0.0,0.0,0.0,1.1818181818181819,0.06060606060606061,0.039711191335740074,0.11870692484410897,0.0,0.0,0.0,0.0,0.0,0.0,0.0,0.0,0.0,0.0,0.0,0.0,0.0,0.0,0.0,0.0,0.0,0.0,0.0,0.0,0.0,0.0,0.0,0.0,0.0,0.0,0.0,0.0,0.0,0.0,0.0,0.0,0.0,0.0,0.0,0.0,0.0,0.0,0.0,0.0,0.0,0.0,,,0.0,0.0,0.0,0.0,0.0,0.0,0.0,0.0,0.0,0.0,0.0,0.0,,,,0.0,0.0,0.0,0.0,0.0,0.0,0.0,,0.0,0.0,0.0,0.0,,0.0,0.0,,0.0,0.0,0.0,0.0,0.0,0.0,0.0,0.0,0.0,0.0,1.3,3.3,00-0037816,DoubRo00,4361432.0,Romeo Doubs,2000-04-13,74.0,210.0,Nevada,2022.0,4.0,132.0,GB,2022,5,13.0,0.0,1.0,0.0,0.0038461538461538464,2024.0,Romeo Doubs,GB,24.0,WR,13.0,12.0,72.0,46.0,601.0,,33.0,466.0,10.1,135.0,2.9,12.3,4.0,11.5,7.0,0.09699999999999999,2.0,97.0,2025-09-03,,,,,,,,,,,,,,,,,,,,,,,,,,,,,,,,,,,,,,,,,,,,,,,,,,,,,,,,,,,,,,,,,,,,,,,,,,,,,13,9.0,2.7,5,3,0
2024,Marvin Mims Jr.,M.Mims,00-0038976,DEN,WR,WR,57.0,17,129.5,7.617647058823529,90.5,39.0,39,52,503,6,0.0947176684881603,0.09297820823244551,0.20716124849495227,13,42,0,0,0,0,0,0,297.0,0.26941176470588235,0.43602693602693604,7.617647058823529,8.848604077347288,30.200000000000003,2,WR,"https://static.www.nfl.com/image/upload/f_auto,q_auto/league/zbdjtph5xplbf4yocz0l",REG,0,0,0,0,0,0,0,,,0,,0,0,0,0,0,0,3,-2.578464596881531,0,2,2,0,0,1,0,384,477,14,22.4124603020632,0,11,7,7,3,1.3098958333333333,0,2,0,0,0,0,0,0.0,0.0,0,0,0,0,0,0,0,0,0,0,0,0,0,1,0,0,0,0,0,0,1,0,1,1,0,26,408,7,194,0,0,0,0,,,0,0,0,0,0,0,0,0,0,0,0,0,,,,0,0,0,0,0,0,0,,0,0,0,0,,0,0,,0,0,0,0,0,0,0,0,0,0,M.Mims,Marvin Mims Jr.,WR,WR,"https://static.www.nfl.com/image/upload/f_auto,q_auto/league/zbdjtph5xplbf4yocz0l",2024.0,POST,DEN,1.0,0.0,0.0,0.0,0.0,0.0,0.0,0.0,0.0,0.0,0.0,0.0,0.0,,,0.0,,0.0,0.0,0.0,0.0,2.0,1.0,0.0,0.0,0.0,1.0,-0.7721963454969227,0.0,0.0,0.0,0.0,0.0,2.0,4.0,12.0,0.0,0.0,0.0,38.0,3.0,1.0,0.9223519276129082,0.0,1.0,0.0,0.0,0.0,0.3157894736842105,0.17391304347826086,0.13818181818181818,0.357596837944664,0.0,0.0,0.0,0.0,0.0,0.0,0.0,0.0,0.0,0.0,0.0,0.0,0.0,0.0,0.0,0.0,0.0,0.0,0.0,0.0,0.0,0.0,0.0,0.0,0.0,0.0,0.0,1.0,7.0,0.0,0.0,0.0,0.0,0.0,1.0,0.0,0.0,0.0,0.0,0.0,0.0,0.0,,,0.0,0.0,0.0,0.0,0.0,0.0,0.0,0.0,0.0,0.0,0.0,0.0,,,,0.0,0.0,0.0,0.0,0.0,0.0,0.0,,0.0,0.0,0.0,0.0,,0.0,0.0,,0.0,0.0,0.0,0.0,0.0,0.0,0.0,0.0,0.0,0.0,1.3,3.3,00-0038976,MimsMa00,4686472.0,Marvin Mims Jr.,2002-03-19,71.0,182.0,Oklahoma,2023.0,2.0,63.0,DEN,2023,4,17.0,0.0,170.0,0.0,0.35823529411764704,2024.0,Marvin Mims,DEN,22.0,WR,17.0,2.0,52.0,39.0,503.0,,14.0,26.0,0.7,477.0,12.2,7.4,0.0,,3.0,0.057999999999999996,2.0,127.3,2025-09-03,2024.0,Marvin Mims,DEN,22.0,WR,17.0,2.0,13.0,42.0,,3.0,14.0,1.1,28.0,2.2,1.0,13.0,2025-09-03,,,,,,,,,,,,,,,,,,,,,,,,,,,,,,,,,,,,,,,,,,,,,,,,,,,,,,,,,,,17,3.8,0.0,4,3,1
2024,Tre Tucker,T.Tucker,00-0038563,LV,WR,WR,58.0,17,129.3,7.605882352941177,82.30000000000001,47.0,47,81,539,3,0.13682432432432431,0.22828282828282828,0.36503446628446623,9,44,1,0,0,0,0,0,984.0,0.8723529411764706,0.13140243902439025,7.605882352941177,5.979597665001728,22.6,1,WR,"https://static.www.nfl.com/image/upload/f_auto,q_auto/league/hazzk3hrcequzosdgzgv",REG,0,0,0,0,0,0,0,,,0,,0,0,0,0,0,0,3,2.739122137572849,0,2,0,0,0,0,0,1017,208,24,12.27349475010778,0,21,8,6,2,0.5299901671583087,0,2,0,1,0,0,0,0.0,0.0,0,0,0,0,0,0,0,0,0,0,0,0,0,0,0,0,0,0,1,10,0,0,0,0,0,8,72,0,0,0,0,0,0,,,0,0,0,0,0,0,0,0,0,0,0,0,,,,0,0,0,0,0,0,0,,0,0,0,0,,0,0,,0,0,0,0,0,0,0,0,0,0,,,,,,,,,,,,,,,,,,,,,,,,,,,,,,,,,,,,,,,,,,,,,,,,,,,,,,,,,,,,,,,,,,,,,,,,,,,,,,,,,,,,,,,,,,,,,,,,,,,,,,,,,,,,,,,,,,,,,,,,,,,,,,,,,,,,,,,,,,,,,,,,,,,,00-0038563,TuckTr00,4428718.0,Tre Tucker,2001-03-08,68.0,182.0,Cincinnati,2023.0,3.0,100.0,LV,2023,4,17.0,0.0,22.0,0.0,0.04470588235294118,2024.0,Tre Tucker,LV,23.0,WR,17.0,14.0,81.0,47.0,539.0,,24.0,331.0,7.0,208.0,4.4,12.7,3.0,15.7,2.0,0.025,1.0,85.4,2025-09-03,2024.0,Tre Tucker,LV,23.0,WR,17.0,14.0,9.0,44.0,,3.0,34.0,3.8,10.0,1.1,0.0,,2025-09-03,,,,,,,,,,,,,,,,,,,,,,,,,,,,,,,,,,,,,,,,,,,,,,,,,,,,,,,,,,,17,5.300000000000001,0.0,5,3,0
2024,Allen Lazard,A.Lazard,00-0034521,NYJ,WR,WR,59.0,12,126.0,10.5,89.0,37.0,37,60,530,6,0.10186757215619695,0.1608916888781197,0.2654255404489792,0,0,0,0,1,0,0,0,649.0,0.8433333333333333,0.1941448382126348,10.5,8.671374012965147,26.9,2,WR,"https://static.www.nfl.com/image/upload/f_auto,q_auto/league/b05f33npu1zjtpozfgdk",REG,0,0,0,0,17,0,0,-1.0107955927378498,,0,0.0,0,0,0,0,0,0,0,,0,0,0,0,0,0,0,664,155,29,30.64330287708156,0,22,10,8,2,0.7981927710843374,0,1,0,0,0,0,0,0.0,0.0,0,0,0,0,0,0,0,0,0,0,0,0,0,0,0,0,0,0,5,45,0,0,0,0,0,0,0,0,0,0,0,0,0,,,0,0,0,0,0,0,0,0,0,0,0,0,,,,0,0,0,0,0,0,0,,0,0,0,0,,0,0,,0,0,0,0,0,0,0,0,0,0,,,,,,,,,,,,,,,,,,,,,,,,,,,,,,,,,,,,,,,,,,,,,,,,,,,,,,,,,,,,,,,,,,,,,,,,,,,,,,,,,,,,,,,,,,,,,,,,,,,,,,,,,,,,,,,,,,,,,,,,,,,,,,,,,,,,,,,,,,,,,,,,,,,,00-0034521,LazaAl00,3128390.0,Allen Lazard,1995-12-11,77.0,227.0,Iowa State,,,,,2018,7,12.0,0.0,1.0,0.0,0.0025,2024.0,Allen Lazard,NYJ,29.0,WR,12.0,10.0,60.0,37.0,530.0,,29.0,375.0,10.1,155.0,4.2,11.0,0.0,,6.0,0.1,2.0,109.7,2025-09-03,,,,,,,,,,,,,,,,,,,Allen Lazard,NYJ,1.0,1.0,0.0,0.0,,0.0,,2024.0,3.0,1.0,0.0,0.0,0.0,0.0,0.0,0.0,,1.0,0.0,1.0,0.0,0.0,0.0,,,17.0,17.0,0.0,,0.0,0.0,,0.0,,,,,,,,,,,,,,,,,,,,,,,,12,10.3,0.0,6,3,1
2024,Xavier Legette,X.Legette,00-0039342,CAR,WR,WR,60.0,15,125.1,8.34,76.1,49.0,49,84,497,4,0.16216216216216217,0.2307347670250896,0.404757580160806,6,24,0,0,0,0,0,0,680.0,0.698125,0.1839705882352941,8.34,4.745945638121027,19.6,0,WR,"https://static.www.nfl.com/image/upload/f_auto,q_auto/league/yoyxkitrdqbkhyqncy5p",REG,0,0,0,0,0,0,0,,,0,,0,0,0,0,0,0,2,-0.5907587714027613,0,0,0,0,0,0,0,1030,112,27,4.517763540836107,0,20,10,7,0,0.4825242718446602,0,2,0,0,0,0,0,0.0,0.0,0,0,0,0,0,0,0,0,0,0,0,0,0,0,0,0,0,0,0,0,0,0,0,0,0,0,0,4,102,0,0,0,0,,,0,0,0,0,0,0,0,0,0,0,0,0,,,,0,0,0,0,0,0,0,,0,0,0,0,,0,0,,0,0,0,0,0,0,0,0,0,0,,,,,,,,,,,,,,,,,,,,,,,,,,,,,,,,,,,,,,,,,,,,,,,,,,,,,,,,,,,,,,,,,,,,,,,,,,,,,,,,,,,,,,,,,,,,,,,,,,,,,,,,,,,,,,,,,,,,,,,,,,,,,,,,,,,,,,,,,,,,,,,,,,,,00-0039342,LegeXa00,4430034.0,Xavier Legette,2001-01-29,75.0,227.0,South Carolina,2024.0,1.0,32.0,CAR,2024,3,16.0,0.0,77.0,0.0,0.176875,2024.0,Xavier Legette,CAR,23.0,WR,16.0,13.0,84.0,49.0,497.0,,27.0,385.0,7.9,112.0,2.3,12.3,2.0,24.5,7.0,0.083,1.0,86.3,2025-09-03,2024.0,Xavier Legette,CAR,23.0,WR,16.0,13.0,6.0,24.0,,2.0,18.0,3.0,6.0,1.0,1.0,6.0,2025-09-03,,,,,,,,,,,,,,,,,,,,,,,,,,,,,,,,,,,,,,,,,,,,,,,,,,,,,,,,,,,15,7.5,1.8,4,1,0
2024,Michael Wilson,Mi.Wilson,00-0038559,ARI,WR,WR,61.0,16,124.5,7.78125,77.5,47.0,47,71,548,4,0.13575525812619502,0.21774411685150122,0.35605376898534336,1,7,0,0,0,0,0,0,822.0,0.795625,0.15145985401459855,7.78125,4.424510330722109,14.4,0,WR,"https://static.www.nfl.com/image/upload/f_auto,q_auto/league/hm2b9z4zujjmbiyldh8n",REG,0,0,0,0,0,0,0,,,0,,0,0,0,0,0,0,0,-0.814475663122721,0,0,0,0,0,1,1,805,130,27,10.123561753464637,0,21,12,10,1,0.6807453416149069,0,2,0,0,0,0,0,0.0,0.0,0,0,0,0,0,0,0,0,0,0,0,0,0,0,0,1,0,0,4,20,1,0,0,1,1,0,0,0,0,0,0,0,0,,,0,0,0,0,0,0,0,0,0,0,0,0,,,,0,0,0,0,0,0,0,,0,0,0,0,,0,0,,0,0,0,0,0,0,0,0,0,0,,,,,,,,,,,,,,,,,,,,,,,,,,,,,,,,,,,,,,,,,,,,,,,,,,,,,,,,,,,,,,,,,,,,,,,,,,,,,,,,,,,,,,,,,,,,,,,,,,,,,,,,,,,,,,,,,,,,,,,,,,,,,,,,,,,,,,,,,,,,,,,,,,,,00-0038559,WilsMi02,4360761.0,Michael Wilson,2000-02-23,74.0,213.0,Stanford,2023.0,3.0,94.0,ARI,2023,4,16.0,0.0,2.0,0.0,0.005,2024.0,Michael Wilson,ARI,24.0,WR,16.0,13.0,71.0,47.0,548.0,,27.0,418.0,8.9,130.0,2.8,11.4,1.0,47.0,3.0,0.042,3.0,90.6,2025-09-03,2024.0,Michael Wilson,ARI,24.0,WR,16.0,13.0,1.0,7.0,,0.0,4.0,4.0,3.0,3.0,0.0,,2025-09-03,,,,,,,,,,,,,,,,,,,,,,,,,,,,,,,,,,,,,,,,,,,,,,,,,,,,,,,,,,,16,7.15,0.0,6,0,0
2024,Demarcus Robinson,D.Robinson,00-0032775,LA,WR,WR,62.0,17,123.5,7.264705882352941,92.5,31.0,31,64,505,7,0.11829944547134935,0.238360814742968,0.3443017385271016,0,0,0,0,0,0,0,0,892.0,0.8170588235294118,0.1384529147982063,7.264705882352941,7.31368077445196,27.4,1,WR,"https://static.www.nfl.com/image/upload/f_auto,q_auto/league/cokassoz2z7hb4wk2krh",REG,0,0,0,0,0,0,0,,,0,,0,0,0,0,0,0,0,,0,0,0,0,0,0,0,983,71,27,8.234387025030207,0,21,14,9,2,0.513733468972533,0,2,0,0,0,0,0,0.0,0.0,0,0,0,0,0,0,0,0,0,0,0,0,0,0,0,0,0,0,0,0,0,0,0,0,0,0,0,0,0,0,0,0,0,,,0,0,0,0,0,0,0,0,0,0,0,0,,,,0,0,0,0,0,0,0,,0,0,0,0,,0,0,,0,0,0,0,0,0,0,0,0,0,D.Robinson,Demarcus Robinson,WR,WR,"https://static.www.nfl.com/image/upload/f_auto,q_auto/league/cokassoz2z7hb4wk2krh",2024.0,POST,LA,2.0,0.0,0.0,0.0,0.0,0.0,0.0,0.0,0.0,0.0,0.0,0.0,0.0,,,0.0,,0.0,0.0,0.0,0.0,0.0,0.0,0.0,0.0,0.0,0.0,,0.0,0.0,0.0,0.0,0.0,4.0,9.0,97.0,0.0,0.0,0.0,162.0,8.0,4.0,5.40430951747112,0.0,4.0,2.0,2.0,1.0,0.5987654320987654,0.12857142857142856,0.2523364485981308,0.36949265687583444,0.0,0.0,0.0,0.0,0.0,0.0,0.0,0.0,0.0,0.0,0.0,0.0,0.0,0.0,0.0,0.0,0.0,0.0,0.0,0.0,0.0,0.0,0.0,0.0,0.0,0.0,0.0,0.0,0.0,0.0,0.0,0.0,0.0,0.0,0.0,0.0,0.0,0.0,0.0,0.0,0.0,0.0,,,0.0,0.0,0.0,0.0,0.0,0.0,0.0,0.0,0.0,0.0,0.0,0.0,,,,0.0,0.0,0.0,0.0,0.0,0.0,0.0,,0.0,0.0,0.0,0.0,,0.0,0.0,,0.0,0.0,0.0,0.0,0.0,0.0,0.0,0.0,0.0,0.0,9.700000000000001,13.700000000000001,00-0032775,RobiDe01,3043116.0,Demarcus Robinson,1994-09-21,73.0,203.0,Florida,2016.0,4.0,126.0,KC,2016,11,17.0,0.0,0.0,0.0,0.0,2024.0,Demarcus Robinson,LA,30.0,WR,17.0,17.0,64.0,31.0,505.0,,27.0,434.0,14.0,71.0,2.3,14.2,1.0,31.0,1.0,0.016,4.0,85.7,2025-09-03,,,,,,,,,,,,,,,,,,,,,,,,,,,,,,,,,,,,,,,,,,,,,,,,,,,,,,,,,,,,,,,,,,,,,,,,,,,,,17,5.7,0.0,5,2,1
2024,Amari Cooper,A.Cooper,00-0031544,BUF,WR,WR,63.0,13,122.7,9.438461538461539,78.7,44.0,44,85,547,4,0.13406940063091483,0.22548067585939016,0.3589405740479453,0,0,0,0,0,0,0,0,587.0,0.6407142857142858,0.2090289608177172,9.438461538461539,7.446871654318842,27.6,1,WR,"https://static.www.nfl.com/image/upload/f_auto,q_auto/league/zmtzqznqui37unmo5xv9",REG,0,0,0,0,0,0,0,,,0,,0,0,0,0,0,0,0,,0,0,0,0,0,0,0,1161,111,25,6.906823084573158,0,24,13,8,0,0.47114556416882,0,0,0,0,0,0,0,0.0,0.0,0,0,0,0,0,0,0,0,0,0,0,0,0,0,0,0,0,0,5,40,0,0,0,0,0,0,0,0,0,0,0,0,0,,,0,0,0,0,0,0,0,0,0,0,0,0,,,,0,0,0,0,0,0,0,,0,0,0,0,,0,0,,0,0,0,0,0,0,0,0,0,0,A.Cooper,Amari Cooper,WR,WR,"https://static.www.nfl.com/image/upload/f_auto,q_auto/league/zmtzqznqui37unmo5xv9",2024.0,POST,BUF,3.0,0.0,0.0,0.0,0.0,0.0,0.0,0.0,0.0,0.0,0.0,0.0,0.0,,,0.0,,0.0,0.0,0.0,0.0,0.0,0.0,0.0,0.0,0.0,0.0,,0.0,0.0,0.0,0.0,0.0,6.0,8.0,41.0,0.0,0.0,0.0,33.0,23.0,1.0,-0.2178088876206079,0.0,1.0,0.0,0.0,0.0,1.2424242424242424,0.1038961038961039,0.04896142433234421,0.19011715287679679,0.0,0.0,0.0,0.0,0.0,0.0,0.0,0.0,0.0,0.0,0.0,0.0,0.0,0.0,0.0,0.0,0.0,0.0,0.0,0.0,0.0,0.0,0.0,0.0,0.0,0.0,0.0,0.0,0.0,0.0,0.0,0.0,0.0,0.0,0.0,0.0,0.0,0.0,0.0,0.0,0.0,0.0,,,0.0,0.0,0.0,0.0,0.0,0.0,0.0,0.0,0.0,0.0,0.0,0.0,,,,0.0,0.0,0.0,0.0,0.0,0.0,0.0,,0.0,0.0,0.0,0.0,,0.0,0.0,,0.0,0.0,0.0,0.0,0.0,0.0,0.0,0.0,0.0,0.0,4.1000000000000005,10.100000000000001,00-0031544,CoopAm00,2976499.0,Amari Cooper,1994-06-17,73.0,210.0,Alabama,2015.0,1.0,4.0,LV,2015,10,14.0,0.0,1.0,0.0,0.002857142857142857,2024.0,Amari Cooper,2TM,30.0,WR,14.0,10.0,85.0,44.0,547.0,,25.0,436.0,9.9,111.0,2.5,12.3,1.0,44.0,12.0,0.141,2.0,77.9,2025-09-03,,,,,,,,,,,,,,,,,,,,,,,,,,,,,,,,,,,,,,,,,,,,,,,,,,,,,,,,,,,,,,,,,,,,,,,,,,,,,13,7.5,1.3,5,3,1
2024,Stefon Diggs,S.Diggs,00-0031588,HOU,WR,WR,64.0,8,121.92000000000002,15.240000000000002,74.92000000000002,47.0,47,64,496,3,0.1170018281535649,0.11949280034386417,0.25914770247105223,3,8,1,1,1,13,0,0,431.0,0.7837500000000001,0.28287703016241306,15.24,5.6594497460947055,21.9,1,WR,"https://static.www.nfl.com/image/upload/f_auto,q_auto/league/cemcexmscsarpvwhafln",REG,0,0,0,0,-4,17,1,2.762919135740958,10.583913326263428,0,0.0,1,0,0,0,0,0,1,0.6301916954689659,0,0,0,0,0,0,0,556,185,31,18.081069017473652,0,23,12,5,1,0.8920863309352518,0,1,0,0,0,0,0,0.0,0.0,0,0,0,0,0,0,0,0,0,0,0,0,0,0,0,0,0,0,2,20,0,0,0,0,0,0,0,0,0,0,0,0,0,,,0,0,0,0,0,0,0,0,0,0,0,0,,,,0,0,0,0,0,0,0,,0,0,0,0,,0,0,,0,0,0,0,0,0,0,0,0,0,,,,,,,,,,,,,,,,,,,,,,,,,,,,,,,,,,,,,,,,,,,,,,,,,,,,,,,,,,,,,,,,,,,,,,,,,,,,,,,,,,,,,,,,,,,,,,,,,,,,,,,,,,,,,,,,,,,,,,,,,,,,,,,,,,,,,,,,,,,,,,,,,,,,00-0031588,DiggSt00,2976212.0,Stefon Diggs,1993-11-29,72.0,191.0,Maryland,2015.0,5.0,146.0,MIN,2015,12,8.0,0.0,0.0,0.0,0.0,2024.0,Stefon Diggs,HOU,31.0,WR,8.0,8.0,64.0,47.0,496.0,,31.0,311.0,6.6,185.0,3.9,8.7,3.0,15.7,3.0,0.047,1.0,104.7,2025-09-03,2024.0,Stefon Diggs,HOU,31.0,WR,8.0,8.0,3.0,8.0,,1.0,6.0,2.0,2.0,0.7,0.0,,2025-09-03,Stefon Diggs,HOU,1.0,0.0,0.0,0.0,0.0,0.0,0.0,2024.0,1.4,0.0,0.0,0.0,0.0,0.0,0.0,1.0,100.0,2.0,9.0,1.0,13.0,1.0,-4.0,,,-4.0,-4.0,-4.0,-4.0,-4.0,17.0,17.0,0.0,,,,,,,,,,,,,,,,,,,,,,,,8,16.35,7.300000000000001,6,4,0
2024,Kayshon Boutte,K.Boutte,00-0038608,NE,WR,WR,65.0,15,121.9,8.126666666666667,78.9,43.0,43,68,589,3,0.136,0.2633498306850742,0.38834488147955193,0,0,0,0,0,0,0,0,760.0,0.7806666666666666,0.16039473684210528,8.126666666666667,6.882738934326599,24.700000000000003,2,WR,"https://static.www.nfl.com/image/upload/f_auto,q_auto/league/mg4icjqhwhnc5uobmau5",REG,0,0,0,0,0,0,0,,,0,,0,0,0,0,0,0,0,,0,0,0,0,0,0,0,1011,150,25,20.736525434125156,1,21,12,11,2,0.582591493570722,0,0,0,0,0,0,0,0.0,0.0,0,0,0,0,0,0,0,0,0,0,0,0,0,0,0,0,0,0,2,20,0,0,0,0,0,0,0,0,0,0,0,0,0,,,0,0,0,0,0,0,0,0,0,0,0,0,,,,0,0,0,0,0,0,0,,0,0,0,0,,0,0,,0,0,0,0,0,0,0,0,0,0,,,,,,,,,,,,,,,,,,,,,,,,,,,,,,,,,,,,,,,,,,,,,,,,,,,,,,,,,,,,,,,,,,,,,,,,,,,,,,,,,,,,,,,,,,,,,,,,,,,,,,,,,,,,,,,,,,,,,,,,,,,,,,,,,,,,,,,,,,,,,,,,,,,,00-0038608,BoutKa00,4429022.0,Kayshon Boutte,2002-05-07,71.0,203.0,LSU,2023.0,6.0,187.0,NE,2023,4,15.0,0.0,26.0,0.0,0.06466666666666666,2024.0,Kayshon Boutte,NE,22.0,WR,15.0,13.0,68.0,43.0,589.0,,25.0,439.0,10.2,150.0,3.5,14.5,1.0,43.0,4.0,0.059000000000000004,2.0,93.3,2025-09-03,,,,,,,,,,,,,,,,,,,,,,,,,,,,,,,,,,,,,,,,,,,,,,,,,,,,,,,,,,,,,,,,,,,,,,,,,,,,,15,6.800000000000001,1.2,3,2,0
2024,Tyler Lockett,T.Lockett,00-0032211,SEA,WR,WR,66.0,17,121.0,7.117647058823529,72.0,49.0,49,74,600,2,0.13005272407732865,0.19032571706368498,0.32830708806057246,0,0,0,0,0,0,0,0,765.0,0.6905882352941176,0.15816993464052287,7.117647058823529,4.964780369527645,16.5,0,WR,"https://static.www.nfl.com/image/upload/f_auto,q_auto/league/gyhvviyep9iigeaobxmi",REG,0,0,0,0,0,0,0,,,0,,0,0,0,0,0,0,0,,0,0,0,0,0,0,0,783,134,36,12.303688607082538,0,25,16,7,0,0.7662835249042146,0,0,0,0,0,0,0,0.0,0.0,0,0,0,0,0,0,0,0,0,0,0,0,0,0,0,0,0,0,1,10,0,0,0,0,0,0,0,0,0,0,0,0,0,,,0,0,0,0,0,0,0,0,0,0,0,0,,,,0,0,0,0,0,0,0,,0,0,0,0,,0,0,,0,0,0,0,0,0,0,0,0,0,,,,,,,,,,,,,,,,,,,,,,,,,,,,,,,,,,,,,,,,,,,,,,,,,,,,,,,,,,,,,,,,,,,,,,,,,,,,,,,,,,,,,,,,,,,,,,,,,,,,,,,,,,,,,,,,,,,,,,,,,,,,,,,,,,,,,,,,,,,,,,,,,,,,00-0032211,LockTy00,2577327.0,Tyler Lockett,1992-09-28,70.0,182.0,Kansas State,2015.0,3.0,69.0,SEA,2015,11,17.0,0.0,0.0,0.0,0.0,2024.0,Tyler Lockett,SEA,32.0,WR,17.0,14.0,74.0,49.0,600.0,,36.0,466.0,9.5,134.0,2.7,10.7,1.0,49.0,4.0,0.054000000000000006,4.0,77.5,2025-09-03,,,,,,,,,,,,,,,,,,,,,,,,,,,,,,,,,,,,,,,,,,,,,,,,,,,,,,,,,,,,,,,,,,,,,,,,,,,,,17,4.800000000000001,0.0,5,2,0
2024,Elijah Moore,E.Moore,00-0036980,CLE,WR,WR,67.0,17,120.9,7.111764705882353,59.900000000000006,61.0,61,102,538,1,0.1608832807570978,0.18450184501845018,0.3704762126485618,1,1,0,0,0,0,0,0,892.0,0.7570588235294117,0.13553811659192827,7.111764705882353,5.888641858797024,19.200000000000003,0,WR,"https://static.www.nfl.com/image/upload/f_auto,q_auto/league/wax90oyx9vs0x9j4nt5n",REG,0,0,0,0,0,0,0,,,0,,0,0,0,0,0,0,0,-0.43551163747906685,0,0,0,0,0,0,0,950,133,25,-36.91097573652386,0,19,9,5,1,0.5663157894736842,0,3,0,0,0,0,0,0.0,0.0,0,0,0,0,0,0,0,0,0,0,0,0,0,0,0,0,0,0,2,15,0,0,0,0,0,0,0,0,0,0,0,0,0,,,0,0,0,0,0,0,0,0,0,0,0,0,,,,0,0,0,0,0,0,0,,0,0,0,0,,0,0,,0,0,0,0,0,0,0,0,0,0,,,,,,,,,,,,,,,,,,,,,,,,,,,,,,,,,,,,,,,,,,,,,,,,,,,,,,,,,,,,,,,,,,,,,,,,,,,,,,,,,,,,,,,,,,,,,,,,,,,,,,,,,,,,,,,,,,,,,,,,,,,,,,,,,,,,,,,,,,,,,,,,,,,,00-0036980,MoorEl00,4372414.0,Elijah Moore,2000-03-27,70.0,178.0,Mississippi,2021.0,2.0,34.0,NYJ,2021,6,17.0,0.0,4.0,0.0,0.009411764705882354,2024.0,Elijah Moore,CLE,24.0,WR,17.0,13.0,102.0,61.0,538.0,,25.0,405.0,6.6,133.0,2.2,9.3,1.0,61.0,5.0,0.049,8.0,44.5,2025-09-03,2024.0,Elijah Moore,CLE,24.0,WR,17.0,13.0,1.0,1.0,,0.0,1.0,1.0,0.0,0.0,0.0,,2025-09-03,,,,,,,,,,,,,,,,,,,,,,,,,,,,,,,,,,,,,,,,,,,,,,,,,,,,,,,,,,,17,5.1,1.1,5,3,0
2024,Calvin Austin III,C.Austin,00-0037837,PIT,WR,WR,68.0,17,120.80000000000001,7.105882352941177,84.80000000000001,36.0,36,58,548,4,0.12608695652173912,0.1819564115560061,0.31649992287181294,0,0,0,0,0,0,0,0,593.0,0.5364705882352941,0.2037099494097808,7.105882352941176,6.701536259343384,20.4,1,WR,"https://static.www.nfl.com/image/private/f_auto,q_auto/league/qlt6ztqcbu0uzad6aavt",REG,0,0,0,0,0,0,0,,,0,,0,0,0,0,0,0,0,,0,0,0,0,0,0,0,718,152,18,24.141195316675457,0,19,13,10,3,0.7632311977715878,1,0,0,0,0,0,0,0.0,0.0,0,0,0,0,0,1,0,0,0,0,0,0,0,0,0,0,0,0,1,15,1,0,0,1,1,28,289,0,0,0,0,0,0,,,0,0,0,0,0,0,0,0,0,0,0,0,,,,0,0,0,0,0,0,0,,0,0,0,0,,0,0,,0,0,0,0,0,0,0,0,0,0,C.Austin,Calvin Austin III,WR,WR,"https://static.www.nfl.com/image/private/f_auto,q_auto/league/qlt6ztqcbu0uzad6aavt",2024.0,POST,PIT,1.0,0.0,0.0,0.0,0.0,0.0,0.0,0.0,0.0,0.0,0.0,0.0,0.0,,,0.0,,0.0,0.0,0.0,0.0,0.0,0.0,0.0,0.0,0.0,0.0,,0.0,0.0,0.0,0.0,0.0,1.0,2.0,25.0,0.0,0.0,0.0,67.0,1.0,1.0,0.4672959924209863,0.0,1.0,1.0,1.0,0.0,0.373134328358209,0.07692307692307693,0.26907630522088355,0.30373802903923386,0.0,0.0,0.0,0.0,0.0,0.0,0.0,0.0,0.0,0.0,0.0,0.0,0.0,0.0,0.0,0.0,0.0,0.0,0.0,0.0,0.0,0.0,0.0,0.0,0.0,0.0,0.0,0.0,0.0,0.0,0.0,0.0,0.0,0.0,1.0,14.0,0.0,0.0,0.0,0.0,0.0,0.0,,,0.0,0.0,0.0,0.0,0.0,0.0,0.0,0.0,0.0,0.0,0.0,0.0,,,,0.0,0.0,0.0,0.0,0.0,0.0,0.0,,0.0,0.0,0.0,0.0,,0.0,0.0,,0.0,0.0,0.0,0.0,0.0,0.0,0.0,0.0,0.0,0.0,2.5,3.5,00-0037837,AustCa00,4243389.0,Calvin Austin III,1999-03-24,69.0,162.0,Memphis,2022.0,4.0,138.0,PIT,2022,5,17.0,0.0,68.0,0.0,0.15,2024.0,Calvin Austin,PIT,25.0,WR,17.0,8.0,58.0,36.0,548.0,,18.0,396.0,11.0,152.0,4.2,12.4,1.0,36.0,3.0,0.052000000000000005,0.0,116.2,2025-09-03,,,,,,,,,,,,,,,,,,,,,,,,,,,,,,,,,,,,,,,,,,,,,,,,,,,,,,,,,,,,,,,,,,,,,,,,,,,,,17,4.6,0.0,6,3,0
2024,Andrei Iosivas,A.Iosivas,00-0038619,CIN,WR,WR,69.0,17,119.9,7.052941176470589,83.9,36.0,36,61,479,6,0.09713375796178345,0.14997832683138274,0.25068546572464306,0,0,0,0,0,0,0,0,892.0,0.7841176470588236,0.1344170403587444,7.052941176470589,4.9915074936158845,16.2,0,WR,"https://static.www.nfl.com/image/upload/f_auto,q_auto/league/xhrvbt81iohroyftuyj2",REG,0,0,0,0,0,0,0,,,0,,0,0,0,0,0,0,0,,0,0,0,0,0,0,0,692,67,26,23.963512064683744,0,21,12,7,0,0.6921965317919075,0,1,0,0,0,0,0,0.0,0.0,0,0,0,0,0,0,0,0,0,0,0,0,0,0,0,0,0,0,3,21,0,0,0,0,0,0,0,0,0,0,0,0,0,,,0,0,0,0,0,0,0,0,0,0,0,0,,,,0,0,0,0,0,0,0,,0,0,0,0,,0,0,,0,0,0,0,0,0,0,0,0,0,,,,,,,,,,,,,,,,,,,,,,,,,,,,,,,,,,,,,,,,,,,,,,,,,,,,,,,,,,,,,,,,,,,,,,,,,,,,,,,,,,,,,,,,,,,,,,,,,,,,,,,,,,,,,,,,,,,,,,,,,,,,,,,,,,,,,,,,,,,,,,,,,,,,00-0038619,IosiAn00,4368003.0,Andrei Iosivas,1999-10-15,75.0,210.0,Princeton,2023.0,6.0,206.0,CIN,2023,4,17.0,0.0,2.0,0.0,0.004705882352941177,2024.0,Andrei Iosivas,CIN,25.0,WR,17.0,8.0,61.0,36.0,479.0,,26.0,412.0,11.4,67.0,1.9,11.2,0.0,,5.0,0.08199999999999999,1.0,109.9,2025-09-03,,,,,,,,,,,,,,,,,,,,,,,,,,,,,,,,,,,,,,,,,,,,,,,,,,,,,,,,,,,,,,,,,,,,,,,,,,,,,17,5.6,0.0,4,1,0
2024,Olamide Zaccheaus,O.Zaccheaus,00-0035208,WAS,WR,WR,70.0,16,114.4,7.15,69.4,45.0,45,64,506,3,0.12698412698412698,0.10170340681362726,0.26166857524572956,1,8,0,0,0,0,0,0,494.0,0.42058823529411765,0.23157894736842105,7.15,7.293741609535306,24.0,2,WR,"https://static.www.nfl.com/image/upload/f_auto,q_auto/league/zsnzd30ysrewgufbv06y",REG,0,0,0,0,0,0,0,,,0,,0,0,0,0,0,0,1,0.5875269165844657,0,0,0,0,0,0,0,406,284,26,25.082292633426693,0,21,7,5,2,1.2463054187192117,0,0,0,0,0,0,0,0.0,0.0,0,0,0,0,0,3,0,0,0,0,0,0,0,2,0,0,0,0,3,29,1,2,0,3,1,17,179,0,0,0,0,0,0,,,0,0,0,0,0,0,0,0,0,0,0,0,,,,0,0,0,0,0,0,0,,0,0,0,0,,0,0,,0,0,0,0,0,0,0,0,0,0,O.Zaccheaus,Olamide Zaccheaus,WR,WR,"https://static.www.nfl.com/image/upload/f_auto,q_auto/league/zsnzd30ysrewgufbv06y",2024.0,POST,WAS,3.0,0.0,0.0,0.0,0.0,0.0,0.0,0.0,0.0,0.0,0.0,0.0,0.0,,,0.0,,0.0,0.0,0.0,0.0,0.0,0.0,0.0,0.0,0.0,0.0,,0.0,0.0,0.0,0.0,0.0,7.0,10.0,45.0,0.0,0.0,0.0,36.0,36.0,4.0,2.2292141055078245,1.0,0.0,0.0,0.0,0.0,1.25,0.09259259259259259,0.04845222072678331,0.1728054433976372,0.0,0.0,0.0,0.0,0.0,0.0,0.0,0.0,0.0,0.0,0.0,0.0,0.0,0.0,0.0,0.0,0.0,0.0,0.0,0.0,0.0,0.0,0.0,0.0,0.0,0.0,0.0,0.0,0.0,0.0,0.0,0.0,0.0,0.0,0.0,0.0,0.0,0.0,0.0,0.0,0.0,0.0,,,0.0,0.0,0.0,0.0,0.0,0.0,0.0,0.0,0.0,0.0,0.0,0.0,,,,0.0,0.0,0.0,0.0,0.0,0.0,0.0,,0.0,0.0,0.0,0.0,,0.0,0.0,,0.0,0.0,0.0,0.0,0.0,0.0,0.0,0.0,0.0,0.0,6.5,13.5,00-0035208,ZaccOl01,3917914.0,Olamide Zaccheaus,1997-07-23,68.0,194.0,Virginia,,,,,2019,8,17.0,0.0,51.0,0.0,0.10764705882352942,2024.0,Olamide Zaccheaus,WAS,27.0,WR,17.0,6.0,64.0,45.0,506.0,,26.0,222.0,4.9,284.0,6.3,6.3,7.0,6.4,5.0,0.078,0.0,109.2,2025-09-03,2024.0,Olamide Zaccheaus,WAS,27.0,WR,17.0,6.0,1.0,8.0,,1.0,4.0,4.0,4.0,4.0,0.0,,2025-09-03,,,,,,,,,,,,,,,,,,,,,,,,,,,,,,,,,,,,,,,,,,,,,,,,,,,,,,,,,,,16,5.45,0.0,3,2,0
2024,Keon Coleman,K.Coleman,00-0039901,BUF,WR,WR,71.0,13,111.5,8.576923076923077,82.5,29.0,29,57,556,4,0.11515151515151516,0.20272172688878462,0.3146324815494219,1,9,0,0,0,0,0,0,598.0,0.7284615384615385,0.18645484949832775,8.576923076923077,5.087755537587907,18.0,0,WR,"https://static.www.nfl.com/image/upload/f_auto,q_auto/league/cm7g87waetksjouyjgvg",REG,0,0,0,0,0,0,0,,,0,,0,0,0,0,0,0,0,0.7819009409286082,0,0,0,0,0,0,0,864,215,22,25.26914595579427,1,21,13,12,4,0.6435185185185185,0,1,0,0,0,0,0,0.0,0.0,0,0,0,0,0,0,0,0,0,0,0,0,0,0,0,0,0,0,3,14,0,0,0,0,0,0,0,0,0,0,0,0,0,,,0,0,0,0,0,0,0,0,0,0,0,0,,,,0,0,0,0,0,0,0,,0,0,0,0,,0,0,,0,0,0,0,0,0,0,0,0,0,K.Coleman,Keon Coleman,WR,WR,"https://static.www.nfl.com/image/upload/f_auto,q_auto/league/cm7g87waetksjouyjgvg",2024.0,POST,BUF,3.0,0.0,0.0,0.0,0.0,0.0,0.0,0.0,0.0,0.0,0.0,0.0,0.0,,,0.0,,0.0,0.0,0.0,0.0,0.0,0.0,0.0,0.0,0.0,0.0,,0.0,0.0,0.0,0.0,0.0,3.0,8.0,22.0,0.0,0.0,0.0,123.0,4.0,1.0,-3.5486160935978406,1.0,1.0,0.0,0.0,0.0,0.17886178861788618,0.1038961038961039,0.1824925816023739,0.2835889629658176,0.0,0.0,0.0,0.0,0.0,0.0,0.0,0.0,0.0,0.0,0.0,0.0,0.0,0.0,0.0,0.0,0.0,0.0,0.0,0.0,0.0,0.0,0.0,0.0,0.0,0.0,0.0,0.0,0.0,0.0,0.0,0.0,0.0,0.0,0.0,0.0,0.0,0.0,0.0,0.0,0.0,0.0,,,0.0,0.0,0.0,0.0,0.0,0.0,0.0,0.0,0.0,0.0,0.0,0.0,,,,0.0,0.0,0.0,0.0,0.0,0.0,0.0,,0.0,0.0,0.0,0.0,,0.0,0.0,,0.0,0.0,0.0,0.0,0.0,0.0,0.0,0.0,0.0,0.0,4.2,7.2,00-0039901,ColeKe02,4635008.0,Keon Coleman,2003-05-17,75.0,213.0,Florida State; Michigan State,2024.0,2.0,33.0,BUF,2024,3,13.0,0.0,0.0,0.0,0.0,2024.0,Keon Coleman,BUF,21.0,WR,13.0,12.0,57.0,29.0,556.0,,22.0,341.0,11.8,215.0,7.4,15.2,4.0,7.3,4.0,0.07,2.0,93.9,2025-09-03,2024.0,Keon Coleman,BUF,21.0,WR,13.0,12.0,1.0,9.0,,0.0,8.0,8.0,1.0,1.0,0.0,,2025-09-03,,,,,,,,,,,,,,,,,,,,,,,,,,,,,,,,,,,,,,,,,,,,,,,,,,,,,,,,,,,13,8.100000000000001,0.0,4,2,0
2024,Dontayvion Wicks,D.Wicks,00-0038393,GB,WR,WR,72.0,17,110.5,6.5,71.5,39.0,39,76,415,5,0.16379310344827586,0.210174349176021,0.39281169959562845,0,0,0,0,0,0,0,0,586.0,0.5470588235294118,0.1885665529010239,6.5,6.500096153134967,24.8,1,WR,"https://static.www.nfl.com/image/upload/f_auto,q_auto/league/v1lt8kpvkn0qw5elyaoz",REG,0,0,0,0,0,0,0,,,0,,0,0,0,0,0,0,0,,0,0,0,0,0,0,0,880,139,25,-7.75879602670816,0,18,7,4,0,0.4715909090909091,0,2,0,0,0,0,0,0.0,0.0,0,0,0,0,0,0,0,0,0,0,0,0,0,0,0,0,0,0,1,5,0,0,0,0,0,0,0,0,0,0,0,0,0,,,0,0,0,0,0,0,0,0,0,0,0,0,,,,0,0,0,0,0,0,0,,0,0,0,0,,0,0,,0,0,0,0,0,0,0,0,0,0,D.Wicks,Dontayvion Wicks,WR,WR,"https://static.www.nfl.com/image/upload/f_auto,q_auto/league/v1lt8kpvkn0qw5elyaoz",2024.0,POST,GB,1.0,0.0,0.0,0.0,0.0,0.0,0.0,0.0,0.0,0.0,0.0,0.0,0.0,,,0.0,,0.0,0.0,0.0,0.0,0.0,0.0,0.0,0.0,0.0,0.0,,0.0,0.0,0.0,0.0,0.0,2.0,6.0,39.0,0.0,0.0,0.0,144.0,2.0,2.0,1.036382807069458,0.0,2.0,1.0,1.0,0.0,0.2708333333333333,0.18181818181818182,0.51985559566787,0.6366261896947817,0.0,1.0,0.0,0.0,0.0,0.0,0.0,0.0,0.0,0.0,0.0,0.0,0.0,0.0,0.0,0.0,0.0,0.0,0.0,0.0,0.0,0.0,0.0,0.0,0.0,0.0,0.0,0.0,0.0,0.0,0.0,0.0,0.0,0.0,0.0,0.0,0.0,0.0,0.0,0.0,0.0,0.0,,,0.0,0.0,0.0,0.0,0.0,0.0,0.0,0.0,0.0,0.0,0.0,0.0,,,,0.0,0.0,0.0,0.0,0.0,0.0,0.0,,0.0,0.0,0.0,0.0,,0.0,0.0,,0.0,0.0,0.0,0.0,0.0,0.0,0.0,0.0,0.0,0.0,3.9000000000000004,5.9,00-0038393,WickDo00,4428850.0,Dontayvion Wicks,2001-06-16,73.0,206.0,Virginia,2023.0,5.0,159.0,GB,2023,4,17.0,0.0,1.0,0.0,0.0023529411764705885,2024.0,Dontayvion Wicks,GB,23.0,WR,17.0,5.0,76.0,39.0,415.0,,25.0,276.0,7.1,139.0,3.6,10.7,3.0,13.0,9.0,0.11800000000000001,2.0,78.6,2025-09-03,,,,,,,,,,,,,,,,,,,,,,,,,,,,,,,,,,,,,,,,,,,,,,,,,,,,,,,,,,,,,,,,,,,,,,,,,,,,,17,4.0,0.0,4,1,0
2024,Darius Slayton,D.Slayton,00-0035535,NYG,WR,WR,73.0,16,110.0,6.875,71.0,39.0,39,71,573,2,0.12815884476534295,0.23090320975367007,0.35387051397558345,2,17,0,0,0,0,0,0,872.0,0.8306250000000001,0.12614678899082568,6.875,6.702487100571947,26.200000000000003,1,WR,"https://static.www.nfl.com/image/upload/f_auto,q_auto/league/otksyfjll5waf0vsczeu",REG,0,0,0,0,0,0,0,,,0,,0,0,0,0,0,0,1,1.8157835443271324,0,1,0,0,0,0,0,928,124,30,14.516928752080252,0,24,14,9,2,0.6174568965517241,0,0,0,0,0,0,0,0.0,0.0,0,0,0,0,0,1,0,0,0,0,0,0,0,0,0,0,0,0,5,40,0,1,0,1,0,1,0,0,0,0,0,0,0,,,0,0,0,0,0,0,0,0,0,0,0,0,,,,0,0,0,0,0,0,0,,0,0,0,0,,0,0,,0,0,0,0,0,0,0,0,0,0,,,,,,,,,,,,,,,,,,,,,,,,,,,,,,,,,,,,,,,,,,,,,,,,,,,,,,,,,,,,,,,,,,,,,,,,,,,,,,,,,,,,,,,,,,,,,,,,,,,,,,,,,,,,,,,,,,,,,,,,,,,,,,,,,,,,,,,,,,,,,,,,,,,,00-0035535,SlayDa01,3916945.0,Darius Slayton,1997-01-12,73.0,198.0,Auburn,2019.0,5.0,171.0,NYG,2019,7,16.0,0.0,4.0,0.0,0.010625,2024.0,Darius Slayton,NYG,27.0,WR,16.0,13.0,71.0,39.0,573.0,,30.0,449.0,11.5,124.0,3.2,13.1,4.0,9.8,4.0,0.055999999999999994,2.0,79.1,2025-09-03,2024.0,Darius Slayton,NYG,27.0,WR,16.0,13.0,2.0,17.0,,1.0,12.0,6.0,5.0,2.5,0.0,,2025-09-03,,,,,,,,,,,,,,,,,,,,,,,,,,,,,,,,,,,,,,,,,,,,,,,,,,,,,,,,,,,16,5.15,0.0,4,1,1
2024,Josh Palmer,J.Palmer,00-0036988,LAC,WR,WR,74.0,15,107.4,7.16,68.4,39.0,39,65,584,1,0.13238289205702647,0.22713729085491635,0.3575704416839811,0,0,0,0,0,0,0,0,616.0,0.66,0.17435064935064937,7.16,3.6001587266595427,14.3,0,WR,"https://static.www.nfl.com/image/upload/f_auto,q_auto/league/woswdfrtxnsfgzsjvsxx",REG,0,0,0,0,0,0,0,,,0,,0,0,0,0,0,0,0,,0,0,0,0,0,0,0,991,101,28,27.325709030051947,2,25,13,10,1,0.5893037336024218,0,0,0,0,0,0,0,0.0,0.0,0,0,0,0,0,0,0,0,0,0,0,0,0,0,0,0,0,0,1,10,0,0,0,0,0,0,0,0,0,0,0,0,0,,,0,0,0,0,0,0,0,0,0,0,0,0,,,,0,0,0,0,0,0,0,,0,0,0,0,,0,0,,0,0,0,0,0,0,0,0,0,0,,,,,,,,,,,,,,,,,,,,,,,,,,,,,,,,,,,,,,,,,,,,,,,,,,,,,,,,,,,,,,,,,,,,,,,,,,,,,,,,,,,,,,,,,,,,,,,,,,,,,,,,,,,,,,,,,,,,,,,,,,,,,,,,,,,,,,,,,,,,,,,,,,,,00-0036988,PalmJo00,4242433.0,Josh Palmer,1999-09-22,73.0,210.0,Tennessee,2021.0,3.0,77.0,LAC,2021,6,15.0,0.0,0.0,0.0,0.0,2024.0,Josh Palmer,LAC,25.0,WR,15.0,7.0,65.0,39.0,584.0,,28.0,483.0,12.4,101.0,2.6,15.2,0.0,,4.0,0.062,1.0,88.2,2025-09-03,,,,,,,,,,,,,,,,,,,,,,,,,,,,,,,,,,,,,,,,,,,,,,,,,,,,,,,,,,,,,,,,,,,,,,,,,,,,,15,6.6,3.0,3,0,0
2024,Devaughn Vele,D.Vele,00-0039424,DEN,WR,WR,75.0,13,106.5,8.192307692307692,65.5,41.0,41,55,475,3,0.10018214936247723,0.1116222760290557,0.22840881726405482,0,0,0,0,0,0,0,0,447.0,0.5315384615384615,0.23825503355704697,8.192307692307692,5.148213531323518,15.0,0,WR,"https://static.www.nfl.com/image/upload/f_auto,q_auto/league/fa3dwsu8nxzkbf2knczm",REG,0,0,0,0,0,0,0,,,0,,0,0,0,0,0,0,0,,0,0,0,0,0,0,0,461,127,26,35.08660535645322,0,19,11,7,0,1.0303687635574836,0,1,0,0,0,0,0,0.0,0.0,0,0,0,0,0,0,0,0,0,0,0,0,0,0,0,0,0,0,0,0,0,0,0,0,0,0,0,0,0,0,0,0,0,,,0,0,0,0,0,0,0,0,0,0,0,0,,,,0,0,0,0,0,0,0,,0,0,0,0,,0,0,,0,0,0,0,0,0,0,0,0,0,D.Vele,Devaughn Vele,WR,WR,"https://static.www.nfl.com/image/upload/f_auto,q_auto/league/fa3dwsu8nxzkbf2knczm",2024.0,POST,DEN,1.0,0.0,0.0,0.0,0.0,0.0,0.0,0.0,0.0,0.0,0.0,0.0,0.0,,,0.0,,0.0,0.0,0.0,0.0,0.0,0.0,0.0,0.0,0.0,0.0,,0.0,0.0,0.0,0.0,0.0,0.0,2.0,0.0,0.0,0.0,0.0,17.0,0.0,0.0,-1.3671471612760797,0.0,0.0,0.0,0.0,0.0,0.0,0.08695652173913043,0.06181818181818182,0.17370750988142292,0.0,0.0,0.0,0.0,0.0,0.0,0.0,0.0,0.0,0.0,0.0,0.0,0.0,0.0,0.0,0.0,0.0,0.0,0.0,0.0,0.0,0.0,0.0,0.0,0.0,0.0,0.0,0.0,0.0,0.0,0.0,0.0,0.0,0.0,0.0,0.0,0.0,0.0,0.0,0.0,0.0,0.0,,,0.0,0.0,0.0,0.0,0.0,0.0,0.0,0.0,0.0,0.0,0.0,0.0,,,,0.0,0.0,0.0,0.0,0.0,0.0,0.0,,0.0,0.0,0.0,0.0,,0.0,0.0,,0.0,0.0,0.0,0.0,0.0,0.0,0.0,0.0,0.0,0.0,0.0,0.0,00-0039424,VeleDe00,4569559.0,Devaughn Vele,1997-12-12,77.0,210.0,Utah,2024.0,7.0,235.0,DEN,2024,3,13.0,0.0,1.0,0.0,0.003076923076923077,2024.0,Devaughn Vele,DEN,27.0,WR,13.0,7.0,55.0,41.0,475.0,,26.0,348.0,8.5,127.0,3.1,8.4,0.0,,3.0,0.055,0.0,118.4,2025-09-03,,,,,,,,,,,,,,,,,,,,,,,,,,,,,,,,,,,,,,,,,,,,,,,,,,,,,,,,,,,,,,,,,,,,,,,,,,,,,13,10.1,0.0,7,1,0
2024,Christian Watson,C.Watson,00-0038124,GB,WR,WR,76.0,14,105.3,7.521428571428571,76.3,29.0,29,53,620,2,0.11422413793103449,0.22545975638882254,0.32915803636872754,4,23,0,0,0,0,0,0,555.0,0.5906666666666667,0.18972972972972973,7.521428571428571,6.047399768168461,19.0,0,WR,"https://static.www.nfl.com/image/upload/f_auto,q_auto/league/tumeg4d32sirkab2xzu5",REG,0,0,0,0,0,0,0,,,0,,0,0,0,0,0,0,1,0.5008832419989631,0,1,1,0,0,1,1,944,149,21,19.813962031477995,1,20,14,12,5,0.6567796610169492,0,3,0,0,0,0,0,0.0,0.0,0,0,0,0,0,0,0,0,0,0,0,0,0,0,0,0,0,0,2,15,1,0,0,1,1,0,0,0,0,0,0,0,0,,,0,0,0,0,0,0,0,0,0,0,0,0,,,,0,0,0,0,0,0,0,,0,0,0,0,,0,0,,0,0,0,0,0,0,0,0,0,0,,,,,,,,,,,,,,,,,,,,,,,,,,,,,,,,,,,,,,,,,,,,,,,,,,,,,,,,,,,,,,,,,,,,,,,,,,,,,,,,,,,,,,,,,,,,,,,,,,,,,,,,,,,,,,,,,,,,,,,,,,,,,,,,,,,,,,,,,,,,,,,,,,,,00-0038124,WatsCh00,4248528.0,Christian Watson,1999-05-12,76.0,215.0,North Dakota State,2022.0,2.0,34.0,GB,2022,5,15.0,0.0,0.0,0.0,0.0,2024.0,Christian Watson,GB,25.0,WR,15.0,15.0,53.0,29.0,620.0,,21.0,471.0,16.2,149.0,5.1,17.8,0.0,,2.0,0.038,2.0,93.3,2025-09-03,2024.0,Christian Watson,GB,25.0,WR,15.0,15.0,4.0,23.0,,1.0,19.0,4.8,4.0,1.0,1.0,4.0,2025-09-03,,,,,,,,,,,,,,,,,,,,,,,,,,,,,,,,,,,,,,,,,,,,,,,,,,,,,,,,,,,14,8.65,0.0,4,2,0
2024,Jalen Nailor,J.Nailor,00-0037291,MIN,WR,WR,77.0,15,105.0,7.0,77.0,28.0,28,42,414,6,0.08123791102514506,0.1052972972972973,0.1955649746458257,3,-4,0,0,0,0,0,0,573.0,0.52,0.18324607329842932,7.0,5.585696017507577,19.1,0,WR,"https://static.www.nfl.com/image/upload/f_auto,q_auto/league/nojopyt8hxuwycxyaokb",REG,0,0,0,0,0,0,0,,,0,,0,0,0,0,0,0,1,-3.0658695094753057,0,0,0,0,0,0,0,487,106,22,24.563125994595126,0,18,13,8,0,0.8501026694045175,0,1,0,0,0,0,1,0.0,0.0,0,0,0,0,0,1,0,0,0,0,0,0,0,0,0,0,0,0,2,10,0,1,0,1,1,1,0,0,0,0,0,0,0,,,0,0,0,0,0,0,0,0,0,0,0,0,,,,0,0,0,0,0,0,0,,0,0,0,0,,0,0,,0,0,0,0,0,0,0,0,0,0,J.Nailor,Jalen Nailor,WR,WR,"https://static.www.nfl.com/image/upload/f_auto,q_auto/league/nojopyt8hxuwycxyaokb",2024.0,POST,MIN,1.0,0.0,0.0,0.0,0.0,0.0,0.0,0.0,0.0,0.0,0.0,0.0,0.0,,,0.0,,0.0,0.0,0.0,0.0,0.0,0.0,0.0,0.0,0.0,0.0,,0.0,0.0,0.0,0.0,0.0,3.0,5.0,33.0,0.0,0.0,0.0,72.0,8.0,2.0,0.03591683763079345,0.0,2.0,0.0,0.0,0.0,0.4583333333333333,0.125,0.17142857142857143,0.3075,0.0,0.0,0.0,0.0,0.0,0.0,0.0,0.0,0.0,0.0,0.0,0.0,0.0,0.0,0.0,0.0,0.0,0.0,0.0,0.0,0.0,0.0,0.0,0.0,0.0,0.0,0.0,0.0,0.0,0.0,0.0,0.0,0.0,0.0,0.0,0.0,0.0,0.0,0.0,0.0,0.0,0.0,,,0.0,0.0,0.0,0.0,0.0,0.0,0.0,0.0,0.0,0.0,0.0,0.0,,,,0.0,0.0,0.0,0.0,0.0,0.0,0.0,,0.0,0.0,0.0,0.0,,0.0,0.0,,0.0,0.0,0.0,0.0,0.0,0.0,0.0,0.0,0.0,0.0,3.3000000000000003,6.300000000000001,00-0037291,NailJa00,4382466.0,Jalen Nailor,1999-03-02,72.0,190.0,Michigan State,2022.0,6.0,191.0,MIN,2022,5,17.0,0.0,7.0,0.0,0.015294117647058824,2024.0,Jalen Nailor,MIN,25.0,WR,17.0,7.0,42.0,28.0,414.0,,22.0,308.0,11.0,106.0,3.8,11.5,0.0,,4.0,0.095,0.0,138.3,2025-09-03,2024.0,Jalen Nailor,MIN,25.0,WR,17.0,7.0,3.0,-4.0,,1.0,-5.0,-1.7,1.0,0.3,0.0,,2025-09-03,,,,,,,,,,,,,,,,,,,,,,,,,,,,,,,,,,,,,,,,,,,,,,,,,,,,,,,,,,,15,7.5,0.0,4,1,0
2024,KaVontae Turpin,K.Turpin,00-0037801,DAL,WR,WR,78.0,17,104.2,6.129411764705883,73.2,31.0,31,52,420,2,0.08360128617363344,0.09368331199317115,0.19098024765566995,16,92,0,0,0,0,0,0,315.0,0.2670588235294118,0.3307936507936508,6.129411764705883,4.664462014246975,17.6,0,WR,"https://static.www.nfl.com/image/upload/f_auto,q_auto/league/tayjlp1hgmm6rewgl1k4",REG,0,0,0,0,0,0,0,,,0,,0,0,0,0,1,0,6,3.189088343293406,0,6,3,0,0,1,1,439,260,18,9.198658747604764,0,15,12,6,1,0.9567198177676538,2,1,0,0,0,0,0,0.0,0.0,0,0,0,0,0,1,0,0,0,0,0,0,0,1,0,0,0,0,2,15,3,0,0,3,1,18,187,27,904,0,0,0,0,,,0,0,0,0,0,0,0,0,0,0,0,0,,,,0,0,0,0,0,0,0,,0,0,0,0,,0,0,,0,0,0,0,0,0,0,0,0,0,,,,,,,,,,,,,,,,,,,,,,,,,,,,,,,,,,,,,,,,,,,,,,,,,,,,,,,,,,,,,,,,,,,,,,,,,,,,,,,,,,,,,,,,,,,,,,,,,,,,,,,,,,,,,,,,,,,,,,,,,,,,,,,,,,,,,,,,,,,,,,,,,,,,00-0037801,TurpKa00,3676833.0,KaVontae Turpin,1996-08-02,67.0,158.0,TCU,,,,,2022,5,17.0,0.0,165.0,0.0,0.34294117647058825,2024.0,KaVontae Turpin,DAL,28.0,WR,17.0,2.0,52.0,31.0,420.0,,18.0,160.0,5.2,260.0,8.4,8.5,2.0,15.5,2.0,0.038,2.0,82.2,2025-09-03,2024.0,KaVontae Turpin,DAL,28.0,WR,17.0,2.0,16.0,92.0,,6.0,53.0,3.3,39.0,2.4,2.0,8.0,2025-09-03,,,,,,,,,,,,,,,,,,,,,,,,,,,,,,,,,,,,,2024.0,Regular,Season Total,DAL,K. Turpin,,100.0,0.6,1.0,0.7,0.0,0.7,0.0,0.0,100.0,0.0,KaVontae,Turpin,KaVontae Turpin,https://a.espncdn.com/i/headshots/nfl/players/full/3676833.png,Cowboys,False,17,5.0,0.0,2,1,0
2024,Tutu Atwell,T.Atwell,00-0036849,LA,WR,WR,79.0,15,98.9,6.593333333333334,56.900000000000006,42.0,42,62,562,0,0.11460258780036968,0.17967992240543162,0.2976798273843566,2,7,0,0,1,0,0,0,425.0,0.39,0.23270588235294118,6.593333333333334,4.233112105205589,13.3,0,WR,"https://static.www.nfl.com/image/upload/f_auto,q_auto/league/tl2aa9ucbtcwhr1yk3tf",REG,0,0,0,0,34,0,0,-0.5111013762652874,-34.2591792345047,0,0.0,0,0,0,0,0,0,0,-1.8077101655798034,0,0,0,0,0,0,0,741,126,29,18.690671786649013,0,25,16,10,1,0.7584345479082322,0,1,0,0,0,0,0,0.0,0.0,0,0,0,0,0,0,0,0,0,0,0,0,0,0,0,0,0,0,1,10,0,0,0,0,0,0,0,0,0,0,0,0,0,,,0,0,0,0,0,0,0,0,0,0,0,0,,,,0,0,0,0,0,0,0,,0,0,0,0,,0,0,,0,0,0,0,0,0,0,0,0,0,T.Atwell,Tutu Atwell,WR,WR,"https://static.www.nfl.com/image/upload/f_auto,q_auto/league/tl2aa9ucbtcwhr1yk3tf",2024.0,POST,LA,1.0,0.0,0.0,0.0,0.0,0.0,0.0,0.0,0.0,0.0,0.0,0.0,0.0,,,0.0,,0.0,0.0,0.0,0.0,0.0,0.0,0.0,0.0,0.0,0.0,,0.0,0.0,0.0,0.0,0.0,1.0,1.0,18.0,0.0,0.0,0.0,18.0,0.0,1.0,1.4817926085088402,0.0,1.0,1.0,0.0,0.0,1.0,0.014285714285714285,0.028037383177570093,0.041054739652870494,0.0,0.0,0.0,0.0,0.0,0.0,0.0,0.0,0.0,0.0,0.0,0.0,0.0,0.0,0.0,0.0,0.0,0.0,0.0,0.0,0.0,0.0,0.0,0.0,0.0,0.0,0.0,0.0,0.0,0.0,0.0,0.0,0.0,0.0,0.0,0.0,0.0,0.0,0.0,0.0,0.0,0.0,,,0.0,0.0,0.0,0.0,0.0,0.0,0.0,0.0,0.0,0.0,0.0,0.0,,,,0.0,0.0,0.0,0.0,0.0,0.0,0.0,,0.0,0.0,0.0,0.0,,0.0,0.0,,0.0,0.0,0.0,0.0,0.0,0.0,0.0,0.0,0.0,0.0,1.8,2.8,00-0036849,AtweTu00,4360797.0,Tutu Atwell,1999-10-07,69.0,165.0,Louisville,2021.0,2.0,57.0,LA,2021,6,17.0,0.0,2.0,0.0,0.00411764705882353,2024.0,Tutu Atwell,LA,25.0,WR,17.0,5.0,62.0,42.0,562.0,,29.0,436.0,10.4,126.0,3.0,11.2,0.0,,3.0,0.048,2.0,82.9,2025-09-03,2024.0,Tutu Atwell,LA,25.0,WR,17.0,5.0,2.0,7.0,,0.0,6.0,3.0,1.0,0.5,0.0,,2025-09-03,Tutu Atwell,LA,1.0,0.0,0.0,0.0,0.0,0.0,0.0,2024.0,3.2,0.0,0.0,0.0,0.0,0.0,0.0,1.0,100.0,1.0,0.0,1.0,0.0,0.0,0.0,,,34.0,34.0,0.0,,0.0,0.0,,0.0,,,,,,,,,,,,,,,,,,,,,,,,15,6.0,1.6,4,0,0
2024,Mack Hollins,M.Hollins,00-0033555,BUF,WR,WR,80.0,17,98.80000000000001,5.811764705882354,67.80000000000001,31.0,31,50,378,5,0.10101010101010101,0.15227592679493196,0.2581083002716039,0,0,0,0,0,0,0,0,721.0,0.6664705882352941,0.13703190013869626,5.811764705882353,4.950363920074611,15.7,0,WR,"https://static.www.nfl.com/image/upload/f_auto,q_auto/league/qbz7whjzsittudcecezw",REG,0,0,0,0,0,0,0,,,0,,0,0,0,0,0,0,0,,0,0,0,0,0,0,0,649,90,25,24.44057267723045,0,19,8,4,1,0.5824345146379045,0,1,0,1,0,0,0,0.0,0.0,0,0,0,0,0,0,0,0,0,0,0,0,0,0,0,1,0,0,1,5,0,0,0,0,0,0,0,1,38,0,0,0,0,,,0,0,0,0,0,0,0,0,0,0,0,0,,,,0,0,0,0,0,0,0,,0,0,0,0,,0,0,,0,0,0,0,0,0,0,0,0,0,M.Hollins,Mack Hollins,WR,WR,"https://static.www.nfl.com/image/upload/f_auto,q_auto/league/qbz7whjzsittudcecezw",2024.0,POST,BUF,3.0,0.0,0.0,0.0,0.0,0.0,0.0,0.0,0.0,0.0,0.0,0.0,0.0,,,0.0,,0.0,0.0,0.0,0.0,0.0,0.0,0.0,0.0,0.0,0.0,,0.0,0.0,0.0,0.0,0.0,5.0,8.0,104.0,1.0,0.0,0.0,156.0,17.0,4.0,8.123640847043134,0.0,4.0,3.0,2.0,0.0,0.6666666666666666,0.1038961038961039,0.2314540059347181,0.3178619599984585,0.0,1.0,0.0,0.0,0.0,0.0,0.0,0.0,0.0,0.0,0.0,0.0,0.0,0.0,0.0,0.0,0.0,0.0,0.0,0.0,0.0,0.0,0.0,0.0,0.0,0.0,0.0,1.0,15.0,0.0,0.0,0.0,0.0,0.0,0.0,0.0,0.0,0.0,0.0,0.0,0.0,0.0,,,0.0,0.0,0.0,0.0,0.0,0.0,0.0,0.0,0.0,0.0,0.0,0.0,,,,0.0,0.0,0.0,0.0,0.0,0.0,0.0,,0.0,0.0,0.0,0.0,,0.0,0.0,,0.0,0.0,0.0,0.0,0.0,0.0,0.0,0.0,0.0,0.0,16.4,21.4,00-0033555,HollMa00,2991662.0,Mack Hollins,1993-09-16,76.0,221.0,North Carolina,2017.0,4.0,118.0,PHI,2017,10,17.0,2.0,100.0,0.0011764705882352942,0.2152941176470588,2024.0,Mack Hollins,BUF,31.0,WR,17.0,13.0,50.0,31.0,378.0,,25.0,288.0,9.3,90.0,2.9,11.1,0.0,,3.0,0.06,0.0,118.6,2025-09-03,,,,,,,,,,,,,,,,,,,,,,,,,,,,,,,,,,,,,,,,,,,,,,,,,,,,,,,,,,,,,,,,,,,,,,,,,,,,,17,4.7,0.0,4,1,0
2024,Parker Washington,P.Washington,00-0038606,JAX,WR,WR,81.0,14,97.0,6.928571428571429,65.0,32.0,32,51,390,3,0.09770114942528736,0.13105102485826428,0.23828744153871606,0,0,0,0,0,0,0,0,584.0,0.5529411764705883,0.1660958904109589,6.928571428571429,6.3980079317319944,24.3,1,WR,"https://static.www.nfl.com/image/upload/f_auto,q_auto/league/yn0hc5xrz5nqeccg8two",REG,0,0,0,0,0,0,0,,,0,,0,0,0,0,0,0,0,,0,0,0,0,0,1,0,601,108,19,13.440562373751662,1,16,9,6,0,0.64891846921797,1,2,0,0,0,0,0,0.0,0.0,0,0,0,0,0,0,0,0,0,0,0,0,0,2,0,0,0,0,0,0,2,0,0,2,0,6,144,5,122,0,0,0,0,,,0,0,0,0,0,0,0,0,0,0,0,0,,,,0,0,0,0,0,0,0,,0,0,0,0,,0,0,,0,0,0,0,0,0,0,0,0,0,,,,,,,,,,,,,,,,,,,,,,,,,,,,,,,,,,,,,,,,,,,,,,,,,,,,,,,,,,,,,,,,,,,,,,,,,,,,,,,,,,,,,,,,,,,,,,,,,,,,,,,,,,,,,,,,,,,,,,,,,,,,,,,,,,,,,,,,,,,,,,,,,,,,00-0038606,WashPa01,4432620.0,Parker Washington,2002-03-21,70.0,204.0,Penn State,2023.0,6.0,185.0,JAX,2023,4,17.0,0.0,31.0,0.0,0.06823529411764706,2024.0,Parker Washington,JAX,22.0,WR,17.0,7.0,51.0,32.0,390.0,,19.0,282.0,8.8,108.0,3.4,11.2,2.0,16.0,1.0,0.02,1.0,97.7,2025-09-03,,,,,,,,,,,,,,,,,,,,,,,,,,,,,,,,,,,,,,,,,,,,,,,,,,,,,,,,,,,,,,,,,,,,,,,,,,,,,14,6.550000000000001,0.0,3,1,0
2024,Ricky Pearsall,R.Pearsall,00-0039916,SF,WR,WR,82.0,11,93.5,8.5,62.5,31.0,31,46,400,3,0.08966861598440545,0.1166077738515901,0.21612836567272126,3,45,0,0,1,0,0,0,455.0,0.67,0.20549450549450549,8.5,9.574131814425787,28.700000000000003,1,WR,"https://static.www.nfl.com/image/upload/f_auto,q_auto/league/rrv2qhkjqagb8ibzwakv",REG,0,0,0,0,10,0,0,-0.5309751115273684,,0,0.0,0,0,0,0,0,0,1,2.2061821890529245,0,1,1,1,0,0,0,528,114,19,7.5216737749453655,0,15,6,5,2,0.7575757575757576,0,1,0,0,0,0,0,0.0,0.0,0,0,0,0,0,0,0,0,0,0,0,0,0,0,0,0,0,0,1,10,0,0,0,0,0,3,41,0,0,0,0,0,0,,,0,0,0,0,0,0,0,0,0,0,0,0,,,,0,0,0,0,0,0,0,,0,0,0,0,,0,0,,0,0,0,0,0,0,0,0,0,0,,,,,,,,,,,,,,,,,,,,,,,,,,,,,,,,,,,,,,,,,,,,,,,,,,,,,,,,,,,,,,,,,,,,,,,,,,,,,,,,,,,,,,,,,,,,,,,,,,,,,,,,,,,,,,,,,,,,,,,,,,,,,,,,,,,,,,,,,,,,,,,,,,,,00-0039916,PearRi00,4428209.0,Ricky Pearsall,2000-09-09,73.0,189.0,Florida; Arizona State,2024.0,1.0,31.0,SF,2024,3,11.0,0.0,4.0,0.0,0.014545454545454545,2024.0,Ricky Pearsall,SF,24.0,WR,11.0,4.0,46.0,31.0,400.0,,19.0,286.0,9.2,114.0,3.7,11.4,1.0,31.0,0.0,0.0,3.0,89.0,2025-09-03,2024.0,Ricky Pearsall,SF,24.0,WR,11.0,4.0,3.0,45.0,,1.0,44.0,14.7,1.0,0.3,0.0,,2025-09-03,Ricky Pearsall,SF,1.0,1.0,0.0,0.0,,0.0,,2024.0,2.3,0.0,0.0,0.0,0.0,0.0,0.0,0.0,,1.0,4.0,0.0,0.0,1.0,4.0,,,10.0,10.0,0.0,,0.0,0.0,,0.0,,,,,,,,,,,,,,,,,,,,,,,,11,5.1,0.0,4,3,1
2024,Jalen Coker,J.Coker,00-0039491,CAR,WR,WR,83.0,11,92.56,8.414545454545454,60.56,32.0,32,46,478,2,0.0888030888030888,0.11559139784946236,0.21411861169925686,0,0,0,1,1,19,0,0,430.0,0.6636363636363636,0.2152558139534884,8.414545454545454,6.710970665464668,21.0,1,WR,"https://static.www.nfl.com/image/upload/f_auto,q_auto/league/yynz8rxen6tsvhojggiv",REG,0,0,0,0,16,3,1,1.3107093420112506,41.24500751495361,0,1.1875,1,1,0,0,0,0,0,,0,0,0,0,0,0,0,516,171,23,29.074603088482547,0,18,9,6,1,0.9263565891472868,0,1,0,0,0,0,0,0.0,0.0,0,0,0,0,0,0,0,0,0,0,0,0,0,0,0,0,0,0,2,20,0,0,0,0,0,0,0,0,0,0,0,0,0,,,0,0,0,0,0,0,0,0,0,0,0,0,,,,0,0,0,0,0,0,0,,0,0,0,0,,0,0,,0,0,0,0,0,0,0,0,0,0,,,,,,,,,,,,,,,,,,,,,,,,,,,,,,,,,,,,,,,,,,,,,,,,,,,,,,,,,,,,,,,,,,,,,,,,,,,,,,,,,,,,,,,,,,,,,,,,,,,,,,,,,,,,,,,,,,,,,,,,,,,,,,,,,,,,,,,,,,,,,,,,,,,,00-0039491,CokeJa01,4695883.0,Jalen Coker,2001-10-30,75.0,213.0,Holy Cross,,,,,2024,3,11.0,0.0,31.0,0.0,0.10636363636363635,2024.0,Jalen Coker,CAR,23.0,WR,11.0,4.0,46.0,32.0,478.0,,23.0,307.0,9.6,171.0,5.3,11.3,2.0,16.0,0.0,0.0,1.0,108.8,2025-09-03,,,,,,,,,,,,,,,,,,,Jalen Coker,CAR,1.0,0.0,0.0,0.0,0.0,0.0,0.0,2024.0,1.5,0.0,1.0,0.0,1.0,100.0,0.0,1.0,100.0,0.0,0.0,0.0,0.0,0.0,0.0,,,16.0,16.0,16.0,16.0,16.0,3.0,3.0,0.0,,2024.0,Regular,Season Total,CAR,J. Coker,,99.5,0.4,1.0,0.5,0.5,0.0,0.0,0.0,99.7,0.0,Jalen,Coker,Jalen Coker,https://a.espncdn.com/i/headshots/nfl/players/full/4695883.png,Panthers,False,11,6.0,0.0,4,2,0
2024,Tim Patrick,T.Patrick,00-0033375,DET,WR,WR,84.0,15,92.4,6.16,59.400000000000006,33.0,33,44,394,3,0.0842911877394636,0.12589618583309434,0.21456411169236145,0,0,0,0,0,0,0,0,641.0,0.591875,0.14414976599063964,6.16,5.8128920758701765,22.3,1,WR,"https://static.www.nfl.com/image/upload/f_auto,q_auto/league/hw06t7n00cfpt7euljza",REG,0,0,0,0,0,0,0,,,0,,0,0,0,0,0,0,0,,0,0,0,0,0,0,0,439,141,20,19.74853268615203,1,16,9,6,1,0.89749430523918,0,0,0,0,0,0,0,0.0,0.0,0,0,0,0,0,0,0,0,0,0,0,0,0,0,0,0,0,0,0,0,0,0,0,0,0,0,0,0,0,0,0,0,0,,,0,0,0,0,0,0,0,0,0,0,0,0,,,,0,0,0,0,0,0,0,,0,0,0,0,,0,0,,0,0,0,0,0,0,0,0,0,0,T.Patrick,Tim Patrick,WR,WR,"https://static.www.nfl.com/image/upload/f_auto,q_auto/league/hw06t7n00cfpt7euljza",2024.0,POST,DET,1.0,0.0,0.0,0.0,0.0,0.0,0.0,0.0,0.0,0.0,0.0,0.0,0.0,,,0.0,,0.0,0.0,0.0,0.0,0.0,0.0,0.0,0.0,0.0,0.0,,0.0,0.0,0.0,0.0,0.0,1.0,4.0,22.0,0.0,0.0,0.0,55.0,18.0,1.0,-9.253610814572312,0.0,1.0,1.0,1.0,0.0,0.4,0.10256410256410256,0.15669515669515668,0.26353276353276356,0.0,0.0,0.0,0.0,0.0,0.0,0.0,0.0,0.0,0.0,0.0,0.0,0.0,0.0,0.0,0.0,0.0,0.0,0.0,0.0,0.0,0.0,0.0,0.0,0.0,0.0,0.0,0.0,0.0,0.0,0.0,0.0,0.0,0.0,0.0,0.0,0.0,0.0,0.0,0.0,0.0,0.0,,,0.0,0.0,0.0,0.0,0.0,0.0,0.0,0.0,0.0,0.0,0.0,0.0,,,,0.0,0.0,0.0,0.0,0.0,0.0,0.0,,0.0,0.0,0.0,0.0,,0.0,0.0,,0.0,0.0,0.0,0.0,0.0,0.0,0.0,0.0,0.0,0.0,2.2,3.2,00-0033375,PatrTi00,3134353.0,Tim Patrick,1993-11-23,77.0,210.0,Utah; Grossmont,,,,,2017,9,16.0,0.0,0.0,0.0,0.0,2024.0,Tim Patrick,DET,31.0,WR,16.0,9.0,44.0,33.0,394.0,,20.0,253.0,7.7,141.0,4.3,10.0,2.0,16.5,1.0,0.023,2.0,105.7,2025-09-03,,,,,,,,,,,,,,,,,,,,,,,,,,,,,,,,,,,,,,,,,,,,,,,,,,,,,,,,,,,,,,,,,,,,,,,,,,,,,15,4.5,0.0,2,1,0
2024,Greg Dortch,G.Dortch,00-0035500,ARI,WR,WR,85.0,17,90.30000000000001,5.311764705882354,53.300000000000004,37.00000000000001,37,50,342,3,0.09560229445506692,0.05599134433324317,0.18259738271587062,5,31,0,0,0,0,0,0,432.0,0.4023529411764706,0.2090277777777778,5.311764705882353,5.241765250483511,21.4,1,WR,"https://static.www.nfl.com/image/upload/f_auto,q_auto/league/pylafoddjiqh4rhjlhpf",REG,0,0,0,0,0,0,0,,,0,,0,0,0,0,1,0,1,2.2451673931791447,0,0,0,0,0,1,1,207,294,16,7.380935106859431,0,14,4,2,0,1.6521739130434783,0,0,0,0,0,0,0,0.0,0.0,0,0,0,0,0,1,0,0,0,0,0,0,0,0,0,0,0,0,0,0,3,0,1,3,1,21,202,7,186,0,0,0,0,,,0,0,0,0,0,0,0,0,0,0,0,0,,,,0,0,0,0,0,0,0,,0,0,0,0,,0,0,,0,0,0,0,0,0,0,0,0,0,,,,,,,,,,,,,,,,,,,,,,,,,,,,,,,,,,,,,,,,,,,,,,,,,,,,,,,,,,,,,,,,,,,,,,,,,,,,,,,,,,,,,,,,,,,,,,,,,,,,,,,,,,,,,,,,,,,,,,,,,,,,,,,,,,,,,,,,,,,,,,,,,,,,00-0035500,DortGr01,4037235.0,Greg Dortch,1998-05-29,67.0,180.0,Wake Forest,,,,,2019,6,17.0,0.0,112.0,0.0,0.2576470588235294,2024.0,Greg Dortch,ARI,26.0,WR,17.0,4.0,50.0,37.0,342.0,,16.0,48.0,1.3,294.0,7.9,4.1,5.0,7.4,3.0,0.06,0.0,112.2,2025-09-03,2024.0,Greg Dortch,ARI,26.0,WR,17.0,4.0,5.0,31.0,,1.0,24.0,4.8,7.0,1.4,0.0,,2025-09-03,,,,,,,,,,,,,,,,,,,,,,,,,,,,,,,,,,,,,,,,,,,,,,,,,,,,,,,,,,,17,3.7,0.0,2,1,0
2024,Diontae Johnson,Di.Johnson,00-0035216,HOU,WR,WR,86.0,11,89.1,8.1,56.1,32.99999999999999,33,67,375,3,0.12934362934362933,0.16375448028673836,0.3086435802161609,2,6,0,0,0,0,0,0,398.0,0.5516666666666666,0.22386934673366832,8.100000000000001,9.491153776016908,26.200000000000003,2,WR,"https://static.www.nfl.com/image/upload/f_auto,q_auto/league/rjtil6ilydmwoy0btlt7",REG,0,0,0,0,0,0,0,,,0,,0,0,0,0,0,0,1,2.0388829922303557,0,0,0,0,0,0,0,731,91,21,-17.98220351655812,0,17,10,5,0,0.5129958960328317,0,1,0,0,0,0,0,0.0,0.0,0,0,0,0,0,0,0,0,0,0,0,0,0,0,0,0,0,0,1,4,0,0,0,0,0,1,0,0,0,0,0,0,0,,,0,0,0,0,0,0,0,0,0,0,0,0,,,,0,0,0,0,0,0,0,,0,0,0,0,,0,0,,0,0,0,0,0,0,0,0,0,0,D.Johnson,Diontae Johnson,WR,WR,"https://static.www.nfl.com/image/upload/f_auto,q_auto/league/rjtil6ilydmwoy0btlt7",2024.0,POST,HOU,1.0,0.0,0.0,0.0,0.0,0.0,0.0,0.0,0.0,0.0,0.0,0.0,0.0,,,0.0,,0.0,0.0,0.0,0.0,0.0,0.0,0.0,0.0,0.0,0.0,,0.0,0.0,0.0,0.0,0.0,1.0,1.0,12.0,0.0,0.0,0.0,8.0,4.0,0.0,-0.06978044613542433,0.0,1.0,0.0,0.0,0.0,1.5,0.016666666666666666,0.013628620102214651,0.034540034071550256,0.0,0.0,0.0,0.0,0.0,0.0,0.0,0.0,0.0,0.0,0.0,0.0,0.0,0.0,0.0,0.0,0.0,0.0,0.0,0.0,0.0,0.0,0.0,0.0,0.0,0.0,0.0,0.0,0.0,0.0,0.0,0.0,0.0,0.0,0.0,0.0,0.0,0.0,0.0,0.0,0.0,0.0,,,0.0,0.0,0.0,0.0,0.0,0.0,0.0,0.0,0.0,0.0,0.0,0.0,,,,0.0,0.0,0.0,0.0,0.0,0.0,0.0,,0.0,0.0,0.0,0.0,,0.0,0.0,,0.0,0.0,0.0,0.0,0.0,0.0,0.0,0.0,0.0,0.0,1.2000000000000002,2.2,00-0035216,JohnDi01,3932905.0,Diontae Johnson,1996-07-05,70.0,183.0,Toledo,2019.0,3.0,66.0,PIT,2019,6,12.0,0.0,2.0,0.0,0.006666666666666667,2024.0,Diontae Johnson,3TM,28.0,WR,12.0,8.0,67.0,33.0,375.0,,21.0,284.0,8.6,91.0,2.8,10.9,1.0,33.0,3.0,0.045,5.0,50.3,2025-09-03,2024.0,Diontae Johnson,CAR,28.0,WR,7.0,7.0,2.0,6.0,,1.0,6.0,3.0,0.0,0.0,0.0,,2025-09-03,,,,,,,,,,,,,,,,,,,,,,,,,,,,,,,,,,,,,,,,,,,,,,,,,,,,,,,,,,,11,3.9000000000000004,0.0,3,3,1
2024,Noah Brown,N.Brown,00-0033591,WAS,WR,WR,87.0,11,86.30000000000001,7.845454545454547,51.300000000000004,35.00000000000001,35,56,453,1,0.1111111111111111,0.1595691382765531,0.2783650634602538,0,0,0,0,0,0,0,0,470.0,0.630909090909091,0.18361702127659577,7.845454545454547,4.453170474249473,16.3,0,WR,"https://static.www.nfl.com/image/upload/f_auto,q_auto/league/nv6ix0p8965yiugsuhwh",REG,0,0,0,0,0,0,0,,,0,,0,0,0,0,0,0,0,,0,0,0,0,0,0,0,637,83,21,12.031629731719002,0,20,8,4,1,0.7111459968602826,0,0,0,0,0,0,0,0.0,0.0,0,0,0,0,0,0,0,0,0,0,0,0,0,0,0,0,0,0,0,0,0,0,0,0,0,0,0,0,0,0,0,0,0,,,0,0,0,0,0,0,0,0,0,0,0,0,,,,0,0,0,0,0,0,0,,0,0,0,0,,0,0,,0,0,0,0,0,0,0,0,0,0,,,,,,,,,,,,,,,,,,,,,,,,,,,,,,,,,,,,,,,,,,,,,,,,,,,,,,,,,,,,,,,,,,,,,,,,,,,,,,,,,,,,,,,,,,,,,,,,,,,,,,,,,,,,,,,,,,,,,,,,,,,,,,,,,,,,,,,,,,,,,,,,,,,,00-0033591,BrowNo00,3121409.0,Noah Brown,1996-01-06,74.0,225.0,Ohio State,2017.0,7.0,239.0,DAL,2017,9,11.0,0.0,1.0,0.0,0.0036363636363636364,2024.0,Noah Brown,WAS,28.0,WR,11.0,9.0,56.0,35.0,453.0,,21.0,370.0,10.6,83.0,2.4,11.4,0.0,,4.0,0.071,1.0,86.4,2025-09-03,,,,,,,,,,,,,,,,,,,,,,,,,,,,,,,,,,,,,,,,,,,,,,,,,,,,,,,,,,,,,,,,,,,,,,,,,,,,,11,6.300000000000001,1.4,3,1,0
2024,David Moore,D.Moore,00-0033589,CAR,WR,WR,88.0,15,85.1,5.673333333333333,53.1,31.999999999999993,32,57,351,3,0.11003861003861004,0.14135304659498207,0.2640050476744025,1,0,0,0,0,0,0,0,568.0,0.5394117647058824,0.14982394366197183,5.673333333333334,5.155921237715314,20.1,1,WR,"https://static.www.nfl.com/image/upload/f_auto,q_auto/league/iyawzolvibsds35fwapv",REG,0,0,0,0,0,0,0,,,0,,0,0,0,0,0,0,0,-1.3470083031570539,0,0,0,0,0,0,0,631,60,18,8.29301634245876,0,17,7,2,0,0.5562599049128367,0,4,0,1,0,0,0,0.0,0.0,0,0,0,0,0,0,0,0,0,0,0,0,0,0,0,0,0,0,2,20,0,0,0,0,0,2,13,0,0,0,0,0,0,,,0,0,0,0,0,0,0,0,0,0,0,0,,,,0,0,0,0,0,0,0,,0,0,0,0,,0,0,,0,0,0,0,0,0,0,0,0,0,,,,,,,,,,,,,,,,,,,,,,,,,,,,,,,,,,,,,,,,,,,,,,,,,,,,,,,,,,,,,,,,,,,,,,,,,,,,,,,,,,,,,,,,,,,,,,,,,,,,,,,,,,,,,,,,,,,,,,,,,,,,,,,,,,,,,,,,,,,,,,,,,,,,00-0033589,MoorDa03,4212909.0,David Moore,1995-01-15,72.0,220.0,East Central,2017.0,7.0,226.0,SEA,2017,8,17.0,0.0,52.0,0.0,0.11294117647058823,2024.0,David Moore,CAR,29.0,WR,17.0,5.0,57.0,32.0,351.0,,18.0,291.0,9.1,60.0,1.9,10.8,1.0,32.0,4.0,0.07,0.0,92.1,2025-09-03,2024.0,David Moore,CAR,29.0,WR,17.0,5.0,1.0,0.0,,0.0,0.0,0.0,0.0,0.0,0.0,,2025-09-03,,,,,,,,,,,,,,,,,,,,,,,,,,,,,,,,,,,,,,,,,,,,,,,,,,,,,,,,,,,15,3.9000000000000004,0.0,2,1,0
2024,Marquez Valdes-Scantling,M.Valdes-Scantling,00-0034272,NO,WR,WR,89.0,13,84.5,6.5,65.5,19.0,19,44,411,4,0.08888888888888889,0.17949319568277805,0.25897857031127797,1,4,0,0,0,0,0,0,478.0,0.5435714285714286,0.17677824267782427,6.5,7.897784499465658,25.9,1,WR,"https://static.www.nfl.com/image/upload/f_auto,q_auto/league/xkdli55uvkkffiq6fwnu",REG,0,0,0,0,0,0,0,,,0,,0,0,0,0,0,0,0,-0.27035670913755894,0,0,0,0,0,0,0,765,143,14,10.253649778934477,0,12,11,8,3,0.5372549019607843,0,1,0,0,0,0,0,0.0,0.0,0,0,0,0,0,0,0,0,0,0,0,0,0,1,1,0,0,0,0,0,0,0,0,0,0,0,0,0,0,0,0,0,0,,,0,0,0,0,0,0,0,0,0,0,0,0,,,,0,0,0,0,0,0,0,,0,0,0,0,,0,0,,0,0,0,0,0,0,0,0,0,0,,,,,,,,,,,,,,,,,,,,,,,,,,,,,,,,,,,,,,,,,,,,,,,,,,,,,,,,,,,,,,,,,,,,,,,,,,,,,,,,,,,,,,,,,,,,,,,,,,,,,,,,,,,,,,,,,,,,,,,,,,,,,,,,,,,,,,,,,,,,,,,,,,,,00-0034272,ValdMa00,3051738.0,Marquez Valdes-Scantling,1994-10-10,76.0,206.0,University of South Florida; N.C. State,2018.0,5.0,174.0,GB,2018,8,14.0,0.0,0.0,0.0,0.0,2024.0,Marquez Valdes-Scantling,2TM,30.0,WR,14.0,8.0,44.0,19.0,411.0,,14.0,268.0,14.1,143.0,7.5,17.4,1.0,19.0,2.0,0.045,1.0,97.8,2025-09-03,2024.0,Marquez Valdes-Scantling,NO,30.0,WR,8.0,8.0,1.0,4.0,,0.0,4.0,4.0,0.0,0.0,0.0,,2025-09-03,,,,,,,,,,,,,,,,,,,,,,,,,,,,,,,,,,,,,,,,,,,,,,,,,,,,,,,,,,,13,2.9000000000000004,0.0,3,2,1
2024,Rashid Shaheed,R.Shaheed,00-0037545,NO,WR,WR,90.0,6,81.80000000000001,13.633333333333335,61.800000000000004,20.000000000000007,20,41,349,3,0.07930367504835589,0.16275395033860046,0.23288327780955415,6,29,0,0,0,0,0,0,286.0,0.7566666666666667,0.28601398601398603,13.633333333333335,7.942711543715198,20.9,1,WR,"https://static.www.nfl.com/image/upload/f_auto,q_auto/league/ku2naisfbxmzgagxojnm",REG,0,0,0,0,0,0,0,,,0,,0,0,0,0,0,0,2,1.172591965761967,0,1,1,0,0,0,0,721,106,12,-5.933859090629679,0,11,7,5,3,0.4840499306518724,1,3,0,0,0,0,0,0.0,0.0,0,0,0,0,0,1,0,0,0,0,0,0,0,0,0,0,0,0,1,5,0,1,0,1,1,9,143,6,171,0,0,0,0,,,0,0,0,0,0,0,0,0,0,0,0,0,,,,0,0,0,0,0,0,0,,0,0,0,0,,0,0,,0,0,0,0,0,0,0,0,0,0,,,,,,,,,,,,,,,,,,,,,,,,,,,,,,,,,,,,,,,,,,,,,,,,,,,,,,,,,,,,,,,,,,,,,,,,,,,,,,,,,,,,,,,,,,,,,,,,,,,,,,,,,,,,,,,,,,,,,,,,,,,,,,,,,,,,,,,,,,,,,,,,,,,,00-0037545,ShahRa00,4032473.0,Rashid Shaheed,1998-08-31,72.0,180.0,Weber State,,,,,2022,5,6.0,0.0,46.0,0.0,0.2816666666666667,2024.0,Rashid Shaheed,NO,26.0,WR,6.0,5.0,41.0,20.0,349.0,,12.0,243.0,12.2,106.0,5.3,17.6,0.0,,0.0,0.0,4.0,63.0,2025-09-03,2024.0,Rashid Shaheed,NO,26.0,WR,6.0,5.0,6.0,29.0,,2.0,21.0,3.5,8.0,1.3,0.0,,2025-09-03,,,,,,,,,,,,,,,,,,,,,,,,,,,,,,,,,,,,,,,,,,,,,,,,,,,,,,,,,,,6,17.0,0.0,4,4,0
2024,Cedric Tillman,C.Tillman,00-0038979,CLE,WR,WR,91.0,9,80.4,8.933333333333334,51.4,29.000000000000007,29,49,339,3,0.07728706624605679,0.10720528257914158,0.19097429717448428,1,-5,0,0,0,0,0,0,432.0,0.5490909090909091,0.18611111111111112,8.933333333333334,10.590679864862311,28.9,1,WR,"https://static.www.nfl.com/image/upload/f_auto,q_auto/league/xust9v3gob1qqwhziugh",REG,0,0,0,0,0,0,0,,,0,,0,0,0,0,0,0,0,-2.4089463611129656,0,0,0,0,0,1,1,552,104,15,-1.2665879018350812,1,14,8,6,0,0.6141304347826086,0,0,0,0,0,0,0,0.0,0.0,0,0,0,0,0,0,0,0,0,0,0,0,0,0,0,0,0,0,0,0,1,0,0,1,1,0,0,0,0,0,0,0,0,,,0,0,0,0,0,0,0,0,0,0,0,0,,,,0,0,0,0,0,0,0,,0,0,0,0,,0,0,,0,0,0,0,0,0,0,0,0,0,,,,,,,,,,,,,,,,,,,,,,,,,,,,,,,,,,,,,,,,,,,,,,,,,,,,,,,,,,,,,,,,,,,,,,,,,,,,,,,,,,,,,,,,,,,,,,,,,,,,,,,,,,,,,,,,,,,,,,,,,,,,,,,,,,,,,,,,,,,,,,,,,,,,00-0038979,TillCe01,4369863.0,Cedric Tillman,2000-04-19,75.0,215.0,Tennessee,2023.0,3.0,74.0,CLE,2023,4,11.0,0.0,14.0,0.0,0.04272727272727273,2024.0,Cedric Tillman,CLE,24.0,WR,11.0,6.0,49.0,29.0,339.0,,15.0,235.0,8.1,104.0,3.6,11.1,4.0,7.3,3.0,0.061,2.0,83.6,2025-09-03,2024.0,Cedric Tillman,CLE,24.0,WR,11.0,6.0,1.0,-5.0,,0.0,-5.0,-5.0,0.0,0.0,0.0,,2025-09-03,,,,,,,,,,,,,,,,,,,,,,,,,,,,,,,,,,,,,,,,,,,,,,,,,,,,,,,,,,,9,2.8000000000000003,-0.5,3,3,1
2024,Sterling Shepard,S.Shepard,00-0032385,TB,WR,WR,92.0,13,80.30000000000001,6.176923076923078,48.300000000000004,32.00000000000001,32,51,334,1,0.0905861456483126,0.11920362903225806,0.21932175879504956,8,69,0,0,0,0,0,0,509.0,0.5328571428571428,0.15776031434184679,6.176923076923076,3.006147547430611,10.9,0,WR,"https://static.www.nfl.com/image/upload/f_auto,q_auto/league/l47czwi8aaznnit0se5h",REG,0,0,0,0,0,0,0,,,0,,0,0,0,0,0,0,4,2.7010305791627616,0,3,3,1,0,0,0,473,99,16,15.618427973854898,1,13,8,4,0,0.7061310782241015,0,0,0,0,0,0,0,0.0,0.0,0,0,0,0,0,0,0,0,0,0,0,0,0,0,0,0,0,0,6,47,0,0,0,0,0,0,0,0,0,0,0,0,0,,,0,0,0,0,0,0,0,0,0,0,0,0,,,,0,0,0,0,0,0,0,,0,0,0,0,,0,0,,0,0,0,0,0,0,0,0,0,0,,,,,,,,,,,,,,,,,,,,,,,,,,,,,,,,,,,,,,,,,,,,,,,,,,,,,,,,,,,,,,,,,,,,,,,,,,,,,,,,,,,,,,,,,,,,,,,,,,,,,,,,,,,,,,,,,,,,,,,,,,,,,,,,,,,,,,,,,,,,,,,,,,,,00-0032385,ShepSt00,2976592.0,Sterling Shepard,1993-02-10,70.0,194.0,Oklahoma,2016.0,2.0,40.0,NYG,2016,10,14.0,0.0,0.0,0.0,0.0,2024.0,Sterling Shepard,TB,31.0,WR,14.0,5.0,51.0,32.0,334.0,,16.0,235.0,7.3,99.0,3.1,9.3,1.0,32.0,4.0,0.078,0.0,88.2,2025-09-03,2024.0,Sterling Shepard,TB,31.0,WR,14.0,5.0,8.0,69.0,,4.0,48.0,6.0,21.0,2.6,1.0,8.0,2025-09-03,,,,,,,,,,,,,,,,,,,,,,,,,,,,,,,,,,,,,,,,,,,,,,,,,,,,,,,,,,,13,6.6,2.0,2,0,0
2024,Tyler Boyd,T.Boyd,00-0033009,TEN,WR,WR,93.0,15,78.30000000000001,5.220000000000001,39.300000000000004,39.00000000000001,39,57,390,0,0.11242603550295859,0.09824561403508772,0.23741098307899927,1,3,0,0,1,0,0,0,635.0,0.6224999999999999,0.12330708661417325,5.22,2.7082413903807447,11.5,0,WR,"https://static.www.nfl.com/image/upload/f_auto,q_auto/league/ttifog0hjxprlhkagugu",REG,0,0,0,0,24,0,0,-0.43441603682003915,-39.166224002838135,0,0.0,0,0,0,0,0,0,1,0.8741657285718247,0,0,0,0,0,0,0,420,189,20,2.8788736898387155,0,16,7,4,1,0.9285714285714286,0,1,0,0,0,0,0,0.0,0.0,0,0,0,0,0,0,0,0,0,0,0,0,0,0,0,0,0,0,0,0,0,0,0,0,0,0,0,0,0,0,0,0,0,,,0,0,0,0,0,0,0,0,0,0,0,0,,,,0,0,0,0,0,0,0,,0,0,0,0,,0,0,,0,0,0,0,0,0,0,0,0,0,,,,,,,,,,,,,,,,,,,,,,,,,,,,,,,,,,,,,,,,,,,,,,,,,,,,,,,,,,,,,,,,,,,,,,,,,,,,,,,,,,,,,,,,,,,,,,,,,,,,,,,,,,,,,,,,,,,,,,,,,,,,,,,,,,,,,,,,,,,,,,,,,,,,00-0033009,BoydTy00,3045144.0,Tyler Boyd,1994-11-15,74.0,203.0,Pittsburgh,2016.0,2.0,55.0,CIN,2016,9,16.0,0.0,3.0,0.0,0.005625,2024.0,Tyler Boyd,TEN,30.0,WR,16.0,8.0,57.0,39.0,390.0,,20.0,201.0,5.2,189.0,4.8,7.4,2.0,19.5,3.0,0.053,3.0,65.7,2025-09-03,2024.0,Tyler Boyd,TEN,30.0,WR,16.0,8.0,1.0,3.0,,1.0,2.0,2.0,1.0,1.0,0.0,,2025-09-03,Tyler Boyd,TEN,1.0,0.0,0.0,0.0,0.0,1.0,100.0,2024.0,1.6,0.0,0.0,0.0,0.0,0.0,0.0,0.0,0.0,0.0,0.0,0.0,0.0,0.0,0.0,,,24.0,24.0,0.0,,0.0,0.0,,0.0,,,,,,,,,,,,,,,,,,,,,,,,15,4.9,0.30000000000000004,1,0,0
2024,Chris Olave,C.Olave,00-0037239,NO,WR,WR,94.0,8,76.7,9.5875,44.7,32.0,32,44,400,1,0.0851063829787234,0.10270880361173815,0.1995557369963018,1,7,0,0,0,0,0,0,315.0,0.6175,0.2434920634920635,9.5875,8.498476754269388,20.6,1,WR,"https://static.www.nfl.com/image/upload/f_auto,q_auto/league/onmxufsprtvglhejg94o",REG,0,0,0,0,0,0,0,,,0,,0,0,0,0,0,0,1,0.8848593046423048,0,0,0,0,0,1,1,455,121,22,1.4877366393345328,0,19,8,4,0,0.8791208791208791,0,2,0,0,0,0,0,0.0,0.0,0,0,0,0,0,0,0,0,0,0,0,0,0,0,0,0,0,0,1,5,1,0,0,1,1,0,0,0,0,0,0,0,0,,,0,0,0,0,0,0,0,0,0,0,0,0,,,,0,0,0,0,0,0,0,,0,0,0,0,,0,0,,0,0,0,0,0,0,0,0,0,0,,,,,,,,,,,,,,,,,,,,,,,,,,,,,,,,,,,,,,,,,,,,,,,,,,,,,,,,,,,,,,,,,,,,,,,,,,,,,,,,,,,,,,,,,,,,,,,,,,,,,,,,,,,,,,,,,,,,,,,,,,,,,,,,,,,,,,,,,,,,,,,,,,,,00-0037239,OlavCh00,4361370.0,Chris Olave,2000-06-27,72.0,187.0,Ohio State,2022.0,1.0,11.0,NO,2022,5,8.0,0.0,0.0,0.0,0.0,2024.0,Chris Olave,NO,24.0,WR,8.0,8.0,44.0,32.0,400.0,,22.0,279.0,8.7,121.0,3.8,10.3,1.0,32.0,2.0,0.045,2.0,89.2,2025-09-03,2024.0,Chris Olave,NO,24.0,WR,8.0,8.0,1.0,7.0,,1.0,7.0,7.0,0.0,0.0,0.0,,2025-09-03,,,,,,,,,,,,,,,,,,,,,,,,,,,,,,,,,,,,,,,,,,,,,,,,,,,,,,,,,,,8,7.95,-0.5,4,3,0
2024,Christian Kirk,C.Kirk,00-0034775,JAX,WR,WR,95.0,8,70.9,8.8625,43.9,27.000000000000007,27,47,379,1,0.09003831417624521,0.14042738770170082,0.2333566426555584,0,0,0,0,0,0,0,0,337.0,0.7,0.21038575667655787,8.8625,6.45311386629963,19.1,0,WR,"https://static.www.nfl.com/image/upload/f_auto,q_auto/league/ffp75mtwnqgrv0qz0txz",REG,0,0,0,0,0,0,0,,,0,,0,0,0,0,0,0,0,,0,0,0,0,0,0,0,644,113,18,8.420426437177847,0,14,8,7,1,0.5885093167701864,0,2,0,0,0,0,0,0.0,0.0,0,0,0,0,0,0,0,0,0,0,0,0,0,0,0,0,0,0,0,0,0,0,0,0,0,0,0,0,0,0,0,0,0,,,0,0,0,0,0,0,0,0,0,0,0,0,,,,0,0,0,0,0,0,0,,0,0,0,0,,0,0,,0,0,0,0,0,0,0,0,0,0,,,,,,,,,,,,,,,,,,,,,,,,,,,,,,,,,,,,,,,,,,,,,,,,,,,,,,,,,,,,,,,,,,,,,,,,,,,,,,,,,,,,,,,,,,,,,,,,,,,,,,,,,,,,,,,,,,,,,,,,,,,,,,,,,,,,,,,,,,,,,,,,,,,,00-0034775,KirkCh01,3895856.0,Christian Kirk,1996-11-18,71.0,200.0,Texas A&M,2018.0,2.0,47.0,ARI,2018,9,8.0,0.0,0.0,0.0,0.0,2024.0,Christian Kirk,JAX,28.0,WR,8.0,7.0,47.0,27.0,379.0,,18.0,266.0,9.9,113.0,4.2,13.7,1.0,27.0,1.0,0.021,2.0,72.9,2025-09-03,,,,,,,,,,,,,,,,,,,,,,,,,,,,,,,,,,,,,,,,,,,,,,,,,,,,,,,,,,,,,,,,,,,,,,,,,,,,,8,7.4,0.9,3,2,0
2024,Brandin Cooks,B.Cooks,00-0031236,DAL,WR,WR,96.0,10,69.6,6.959999999999999,43.6,25.999999999999993,26,54,259,3,0.08681672025723473,0.13529662825437475,0.2249327201639144,3,-3,0,0,0,0,0,0,471.0,0.6980000000000001,0.14777070063694267,6.959999999999999,3.750614764423442,14.5,0,WR,"https://static.www.nfl.com/image/upload/f_auto,q_auto/league/krz3gv9jjs92arlctvqf",REG,0,0,0,0,0,0,0,,,0,,0,0,0,0,0,0,0,-2.8204676375025883,0,0,0,0,0,0,0,634,55,19,-11.122766286566897,0,11,6,3,0,0.4085173501577287,0,0,0,0,0,0,0,0.0,0.0,0,0,0,0,0,0,0,0,0,0,0,0,0,0,0,0,0,0,0,0,0,0,0,0,0,0,0,0,0,0,0,0,0,,,0,0,0,0,0,0,0,0,0,0,0,0,,,,0,0,0,0,0,0,0,,0,0,0,0,,0,0,,0,0,0,0,0,0,0,0,0,0,,,,,,,,,,,,,,,,,,,,,,,,,,,,,,,,,,,,,,,,,,,,,,,,,,,,,,,,,,,,,,,,,,,,,,,,,,,,,,,,,,,,,,,,,,,,,,,,,,,,,,,,,,,,,,,,,,,,,,,,,,,,,,,,,,,,,,,,,,,,,,,,,,,,00-0031236,CookBr00,16731.0,Brandin Cooks,1993-09-25,70.0,190.0,Oregon State,2014.0,1.0,20.0,NO,2014,12,10.0,0.0,0.0,0.0,0.0,2024.0,Brandin Cooks,DAL,31.0,WR,10.0,9.0,54.0,26.0,259.0,,19.0,204.0,7.8,55.0,2.1,11.7,0.0,,1.0,0.019,2.0,65.3,2025-09-03,2024.0,Brandin Cooks,DAL,31.0,WR,10.0,9.0,3.0,-3.0,,0.0,-8.0,-2.7,5.0,1.7,0.0,,2025-09-03,,,,,,,,,,,,,,,,,,,,,,,,,,,,,,,,,,,,,,,,,,,,,,,,,,,,,,,,,,,10,6.85,2.6,2,0,0
2024,Dyami Brown,D.Brown,00-0036626,WAS,WR,WR,97.0,15,67.4,4.493333333333334,37.4,30.000000000000007,30,40,308,1,0.07936507936507936,0.07339679358717435,0.1704253745586411,3,26,0,0,1,0,0,0,474.0,0.43125,0.14219409282700424,4.493333333333334,3.4017782464609945,13.7,0,WR,"https://static.www.nfl.com/image/upload/f_auto,q_auto/league/addv9eheok1jj7amfkpb",REG,0,0,0,0,36,0,0,-0.42986037069931626,-30.97151517868042,0,0.0,0,0,0,0,0,0,1,1.323908766033128,0,1,1,0,0,1,1,293,218,13,1.8323590611617766,0,13,7,5,2,1.0511945392491469,0,2,0,0,0,0,0,0.0,0.0,0,0,0,0,0,0,0,0,0,0,0,0,0,0,0,0,0,0,3,25,1,0,0,1,1,0,0,0,0,0,0,0,0,,,0,0,0,0,0,0,0,0,0,0,0,0,,,,0,0,0,0,0,0,0,,0,0,0,0,,0,0,,0,0,0,0,0,0,0,0,0,0,D.Brown,Dyami Brown,WR,WR,"https://static.www.nfl.com/image/upload/f_auto,q_auto/league/addv9eheok1jj7amfkpb",2024.0,POST,WAS,3.0,0.0,0.0,0.0,0.0,0.0,0.0,0.0,0.0,0.0,0.0,0.0,0.0,,,0.0,,0.0,0.0,0.0,0.0,0.0,0.0,0.0,0.0,0.0,0.0,,0.0,0.0,0.0,0.0,0.0,14.0,18.0,229.0,1.0,2.0,1.0,190.0,91.0,9.0,9.340190896401461,0.0,8.0,6.0,6.0,1.0,1.2052631578947368,0.16666666666666666,0.2557200538358008,0.42900403768506057,0.0,0.0,0.0,0.0,0.0,0.0,0.0,0.0,0.0,0.0,0.0,0.0,0.0,0.0,0.0,0.0,0.0,0.0,0.0,0.0,0.0,0.0,0.0,0.0,0.0,0.0,0.0,0.0,0.0,2.0,0.0,1.0,2.0,1.0,0.0,0.0,0.0,0.0,0.0,0.0,0.0,0.0,,,0.0,0.0,0.0,0.0,0.0,0.0,0.0,0.0,0.0,0.0,0.0,0.0,,,,0.0,0.0,0.0,0.0,0.0,0.0,0.0,,0.0,0.0,0.0,0.0,,0.0,0.0,,0.0,0.0,0.0,0.0,0.0,0.0,0.0,0.0,0.0,0.0,26.900000000000002,40.900000000000006,00-0036626,BrowDy00,4361577.0,Dyami Brown,1999-11-01,72.0,195.0,North Carolina,2021.0,3.0,82.0,WAS,2021,6,16.0,0.0,57.0,0.0,0.131875,2024.0,Dyami Brown,WAS,25.0,WR,16.0,3.0,40.0,30.0,308.0,,13.0,90.0,3.0,218.0,7.3,7.1,4.0,7.5,2.0,0.05,0.0,105.0,2025-09-03,2024.0,Dyami Brown,WAS,25.0,WR,16.0,3.0,3.0,26.0,,1.0,20.0,6.7,6.0,2.0,0.0,,2025-09-03,Dyami Brown,WAS,1.0,0.0,0.0,1.0,100.0,0.0,0.0,2024.0,1.8,1.0,0.0,0.0,0.0,0.0,0.0,1.0,100.0,1.0,0.0,1.0,0.0,0.0,0.0,,,36.0,36.0,0.0,,0.0,0.0,,0.0,,,,,,,,,,,,,,,,,,,,,,,,15,3.6,0.7,1,0,0
2024,Troy Franklin,T.Franklin,00-0039868,DEN,WR,WR,98.0,16,67.1,4.19375,39.1,27.999999999999993,28,53,263,2,0.0965391621129326,0.16707021791767554,0.26175789571177177,2,8,0,0,0,0,0,0,386.0,0.375,0.1738341968911917,4.19375,3.36302814935191,11.6,0,WR,"https://static.www.nfl.com/image/upload/f_auto,q_auto/league/wgfbgxjntyqzojpizgaj",REG,0,0,0,0,0,0,0,,,0,,0,0,0,0,0,0,0,-0.25173447851557285,0,0,0,0,0,0,0,690,163,11,-18.429685633488514,0,8,7,5,0,0.38115942028985506,0,0,0,0,0,0,0,0.0,0.0,0,0,0,0,0,0,0,0,0,0,0,0,0,0,0,0,0,0,2,20,0,0,0,0,0,0,0,0,0,0,0,0,0,,,0,0,0,0,0,0,0,0,0,0,0,0,,,,0,0,0,0,0,0,0,,0,0,0,0,,0,0,,0,0,0,0,0,0,0,0,0,0,T.Franklin,Troy Franklin,WR,WR,"https://static.www.nfl.com/image/upload/f_auto,q_auto/league/wgfbgxjntyqzojpizgaj",2024.0,POST,DEN,1.0,0.0,0.0,0.0,0.0,0.0,0.0,0.0,0.0,0.0,0.0,0.0,0.0,,,0.0,,0.0,0.0,0.0,0.0,0.0,0.0,0.0,0.0,0.0,0.0,,0.0,0.0,0.0,0.0,0.0,2.0,3.0,54.0,1.0,0.0,0.0,60.0,0.0,2.0,3.6005604919046164,0.0,2.0,1.0,1.0,1.0,0.9,0.13043478260869565,0.21818181818181817,0.34837944664031617,0.0,0.0,0.0,0.0,0.0,0.0,0.0,0.0,0.0,0.0,0.0,0.0,0.0,0.0,0.0,0.0,0.0,0.0,0.0,0.0,0.0,0.0,0.0,0.0,0.0,0.0,0.0,1.0,5.0,0.0,0.0,0.0,0.0,0.0,0.0,0.0,0.0,0.0,0.0,0.0,0.0,0.0,,,0.0,0.0,0.0,0.0,0.0,0.0,0.0,0.0,0.0,0.0,0.0,0.0,,,,0.0,0.0,0.0,0.0,0.0,0.0,0.0,,0.0,0.0,0.0,0.0,,0.0,0.0,,0.0,0.0,0.0,0.0,0.0,0.0,0.0,0.0,0.0,0.0,11.4,13.4,00-0039868,FranTr00,4431280.0,Troy Franklin,2003-02-06,75.0,180.0,Oregon,2024.0,4.0,102.0,DEN,2024,3,16.0,0.0,0.0,0.0,0.0,2024.0,Troy Franklin,DEN,21.0,WR,16.0,6.0,53.0,28.0,263.0,,11.0,100.0,3.6,163.0,5.8,13.0,1.0,28.0,3.0,0.057,1.0,71.5,2025-09-03,2024.0,Troy Franklin,DEN,21.0,WR,16.0,6.0,2.0,8.0,,0.0,6.0,3.0,2.0,1.0,0.0,,2025-09-03,,,,,,,,,,,,,,,,,,,,,,,,,,,,,,,,,,,,,,,,,,,,,,,,,,,,,,,,,,,16,3.05,0.0,2,0,0
2024,Kendrick Bourne,K.Bourne,00-0033307,NE,WR,WR,99.0,12,65.1,5.425,37.1,27.999999999999993,28,38,305,1,0.076,0.09195102891377963,0.17836572023964573,1,6,0,0,1,0,0,0,456.0,0.5833333333333334,0.14276315789473684,5.425,4.695282932708296,18.0,0,WR,"https://static.www.nfl.com/image/upload/f_auto,q_auto/league/yzfa94cmhpcqamrwzdzk",REG,0,0,0,0,0,0,0,-1.3199654843192548,-75.72767734527588,0,,0,0,0,0,0,0,1,0.6992296387907118,0,0,0,0,0,0,0,353,94,13,8.128402362737233,0,13,7,2,0,0.8640226628895185,0,0,0,0,0,0,0,0.0,0.0,0,0,0,0,0,0,0,0,0,0,0,0,0,1,3,0,0,0,1,5,0,0,0,0,0,0,0,0,0,0,0,0,0,,,0,0,0,0,0,0,0,0,0,0,0,0,,,,0,0,0,0,0,0,0,,0,0,0,0,,0,0,,0,0,0,0,0,0,0,0,0,0,,,,,,,,,,,,,,,,,,,,,,,,,,,,,,,,,,,,,,,,,,,,,,,,,,,,,,,,,,,,,,,,,,,,,,,,,,,,,,,,,,,,,,,,,,,,,,,,,,,,,,,,,,,,,,,,,,,,,,,,,,,,,,,,,,,,,,,,,,,,,,,,,,,,00-0033307,BourKe00,3045523.0,Kendrick Bourne,1995-08-04,73.0,203.0,Eastern Washington,,,,,2017,10,12.0,0.0,0.0,0.0,0.0,2024.0,Kendrick Bourne,NE,29.0,WR,12.0,9.0,38.0,28.0,305.0,,13.0,211.0,7.5,94.0,3.4,9.3,0.0,,4.0,0.105,0.0,105.7,2025-09-03,2024.0,Kendrick Bourne,NE,29.0,WR,12.0,9.0,1.0,6.0,,1.0,3.0,3.0,3.0,3.0,0.0,,2025-09-03,Kendrick Bourne,NE,1.0,0.0,0.0,0.0,0.0,1.0,100.0,2024.0,0.9,0.0,0.0,0.0,0.0,0.0,0.0,0.0,0.0,0.0,0.0,0.0,0.0,0.0,0.0,,,0.0,0.0,0.0,,0.0,0.0,,0.0,,,,,,,,,,,,,,,,,,,,,,,,12,4.0,0.0,1,1,0
2024,Rashee Rice,R.Rice,00-0039067,KC,WR,WR,100.0,4,64.9,16.225,40.900000000000006,24.0,24,29,288,2,0.050699300699300696,0.0396741986337362,0.10382089009256638,1,1,0,0,0,0,0,0,155.0,0.6025,0.4187096774193549,16.225,12.046403335989266,29.1,1,WR,"https://static.www.nfl.com/image/upload/f_auto,q_auto/league/qhkbqrydjeur8zvrrmfl",REG,0,0,0,0,0,0,0,,,0,,0,0,0,0,0,0,1,2.3496119239134714,0,0,0,0,0,0,0,151,186,15,16.473272208531853,0,13,6,3,1,1.9072847682119205,0,2,0,0,0,0,1,0.0,0.0,0,0,0,0,0,0,0,0,0,0,0,0,0,0,0,0,0,0,0,0,0,0,0,0,0,0,0,0,0,0,0,0,0,,,0,0,0,0,0,0,0,0,0,0,0,0,,,,0,0,0,0,0,0,0,,0,0,0,0,,0,0,,0,0,0,0,0,0,0,0,0,0,,,,,,,,,,,,,,,,,,,,,,,,,,,,,,,,,,,,,,,,,,,,,,,,,,,,,,,,,,,,,,,,,,,,,,,,,,,,,,,,,,,,,,,,,,,,,,,,,,,,,,,,,,,,,,,,,,,,,,,,,,,,,,,,,,,,,,,,,,,,,,,,,,,,00-0039067,RiceRa01,4428331.0,Rashee Rice,2000-04-22,73.0,203.0,SMU,2023.0,2.0,55.0,KC,2023,4,4.0,0.0,0.0,0.0,0.0,2024.0,Rashee Rice,KC,24.0,WR,4.0,4.0,29.0,24.0,288.0,,15.0,102.0,4.3,186.0,7.8,5.2,4.0,6.0,1.0,0.034,1.0,116.7,2025-09-03,2024.0,Rashee Rice,KC,24.0,WR,4.0,4.0,1.0,1.0,,1.0,0.0,0.0,1.0,1.0,0.0,,2025-09-03,,,,,,,,,,,,,,,,,,,,,,,,,,,,,,,,,,,,,,,,,,,,,,,,,,,,,,,,,,,4,17.9,0.0,3,3,1
2024,Brock Bowers,B.Bowers,00-0039338,LV,TE,TE,1.0,17,262.7,15.452941176470588,150.7,112.0,112,153,1194,5,0.25844594594594594,0.20718294051627384,0.5326969772803106,5,13,0,0,0,0,0,0,956.0,0.8494117647058823,0.2747907949790795,15.452941176470588,7.893519307560065,31.3,4,TE,"https://static.www.nfl.com/image/upload/f_auto,q_auto/league/waorceny0ggpaeckaol8",REG,0,0,0,0,0,0,0,,,0,,0,0,0,0,0,0,2,-0.8622522107325494,0,1,1,0,0,0,0,923,596,61,27.10558140553514,0,49,19,15,1,1.2936078006500542,0,3,0,0,0,0,0,0.0,0.0,0,0,0,0,0,0,0,0,0,0,0,0,0,0,0,0,0,0,1,5,0,0,0,0,0,0,0,0,0,0,0,0,0,,,0,0,0,0,0,0,0,0,0,0,0,0,,,,0,0,0,0,0,0,0,,0,0,0,0,,0,0,,0,0,0,0,0,0,0,0,0,0,,,,,,,,,,,,,,,,,,,,,,,,,,,,,,,,,,,,,,,,,,,,,,,,,,,,,,,,,,,,,,,,,,,,,,,,,,,,,,,,,,,,,,,,,,,,,,,,,,,,,,,,,,,,,,,,,,,,,,,,,,,,,,,,,,,,,,,,,,,,,,,,,,,,00-0039338,BoweBr01,4432665.0,Brock Bowers,2002-12-13,75.0,235.0,Georgia,2024.0,1.0,13.0,LV,2024,3,17.0,0.0,0.0,0.0,0.0,2024.0,Brock Bowers,LV,22.0,TE,17.0,16.0,153.0,112.0,1194.0,,61.0,598.0,5.3,596.0,5.3,6.1,6.0,18.7,6.0,0.039,5.0,92.9,2025-09-03,2024.0,Brock Bowers,LV,22.0,TE,17.0,16.0,5.0,13.0,,2.0,-1.0,-0.2,14.0,2.8,1.0,5.0,2025-09-03,,,,,,,,,,,,,,,,,,,,,,,,,,,,,,,,,,,,,,,,,,,,,,,,,,,,,,,,,,,17,15.0,5.1,12,9,2
2024,Trey McBride,T.McBride,00-0037744,ARI,TE,TE,2.0,16,243.8,15.2375,132.8,111.0,111,147,1146,2,0.28107074569789675,0.24398160670814173,0.5923932432425444,1,2,1,0,0,0,0,0,934.0,0.898125,0.26102783725910067,15.2375,7.1266518553011045,30.3,4,TE,"https://static.www.nfl.com/image/upload/f_auto,q_auto/league/psasp10nn5pcvkli9kil",REG,0,0,0,0,0,0,0,,,0,,0,0,0,0,0,0,1,0.6010563303134404,0,0,0,0,0,0,0,902,513,63,49.07139341937156,0,47,18,10,0,1.270509977827051,0,0,0,0,0,0,0,0.0,0.0,0,0,0,0,0,0,0,0,0,0,0,0,0,2,0,0,0,1,6,55,0,0,0,0,0,0,0,0,0,0,0,0,0,,,0,0,0,0,0,0,0,0,0,0,0,0,,,,0,0,0,0,0,0,0,,0,0,0,0,,0,0,,0,0,0,0,0,0,0,0,0,0,,,,,,,,,,,,,,,,,,,,,,,,,,,,,,,,,,,,,,,,,,,,,,,,,,,,,,,,,,,,,,,,,,,,,,,,,,,,,,,,,,,,,,,,,,,,,,,,,,,,,,,,,,,,,,,,,,,,,,,,,,,,,,,,,,,,,,,,,,,,,,,,,,,,00-0037744,McBrTr01,4361307.0,Trey McBride,1999-11-22,76.0,246.0,Colorado State,2022.0,2.0,55.0,ARI,2022,5,16.0,0.0,15.0,0.0,0.04375,2024.0,Trey McBride,ARI,25.0,TE,16.0,16.0,147.0,111.0,1146.0,,63.0,633.0,5.7,513.0,4.6,6.1,5.0,22.2,3.0,0.02,1.0,99.2,2025-09-03,2024.0,Trey McBride,ARI,25.0,TE,16.0,16.0,1.0,2.0,,1.0,0.0,0.0,2.0,2.0,0.0,,2025-09-03,,,,,,,,,,,,,,,,,,,,,,,,,,,,,,,,,,,,,,,,,,,,,,,,,,,,,,,,,,,16,13.35,5.0,13,7,2
2024,George Kittle,G.Kittle,00-0033288,SF,TE,TE,3.0,15,236.60000000000002,15.773333333333335,158.60000000000002,78.0,78,94,1106,8,0.18323586744639375,0.17667844522968199,0.398528712830368,0,0,0,0,0,0,0,0,808.0,0.866,0.29282178217821786,15.773333333333335,6.864241365497686,24.8,6,TE,"https://static.www.nfl.com/image/upload/f_auto,q_auto/league/vkicdglglkyukgyxtmpx",REG,0,0,0,0,0,0,0,,,0,,0,0,0,0,0,0,0,,0,0,0,0,0,0,0,800,522,50,67.94492774419525,0,45,25,21,2,1.3825,0,3,0,0,0,0,0,0.0,0.0,0,0,0,0,0,0,0,0,0,0,0,0,0,0,0,0,0,0,5,40,0,0,0,0,0,0,0,0,0,0,0,0,0,,,0,0,0,0,0,0,0,0,0,0,0,0,,,,0,0,0,0,0,0,0,,0,0,0,0,,0,0,,0,0,0,0,0,0,0,0,0,0,,,,,,,,,,,,,,,,,,,,,,,,,,,,,,,,,,,,,,,,,,,,,,,,,,,,,,,,,,,,,,,,,,,,,,,,,,,,,,,,,,,,,,,,,,,,,,,,,,,,,,,,,,,,,,,,,,,,,,,,,,,,,,,,,,,,,,,,,,,,,,,,,,,,00-0033288,KittGe00,3040151.0,George Kittle,1993-10-09,76.0,250.0,Iowa,2017.0,5.0,146.0,SF,2017,10,15.0,0.0,0.0,0.0,0.0,2024.0,George Kittle,SF,31.0,TE,15.0,15.0,94.0,78.0,1106.0,,50.0,584.0,7.5,522.0,6.7,8.1,4.0,19.5,2.0,0.021,2.0,135.2,2025-09-03,,,,,,,,,,,,,,,,,,,,,,,,,,,,,,,,,,,,,,,,,,,,,,,,,,,,,,,,,,,,,,,,,,,,,,,,,,,,,15,18.6,1.7000000000000002,12,9,0
2024,Jonnu Smith,J.Smith,00-0033858,MIA,TE,TE,4.0,17,222.3,13.076470588235296,134.3,88.0,88,111,884,8,0.1954225352112676,0.14605227701428186,0.39537039672689867,2,-1,0,0,0,0,0,0,626.0,0.5488235294117647,0.355111821086262,13.076470588235296,8.148813518832414,28.1,4,TE,"https://static.www.nfl.com/image/upload/f_auto,q_auto/league/egd6llghj3n5wfdrqacw",REG,0,0,0,0,0,0,0,,,0,,0,0,0,0,0,0,0,-1.640453429252375,0,0,0,0,0,2,1,542,510,55,59.70916966191411,0,45,9,4,1,1.6309963099630995,0,0,0,1,0,0,0,0.0,0.0,0,0,0,0,0,0,0,0,0,0,0,0,0,0,0,0,0,0,3,25,2,0,1,2,1,0,0,0,0,0,0,0,0,,,0,0,0,0,0,0,0,0,0,0,0,0,,,,0,0,0,0,0,0,0,,0,0,0,0,,0,0,,0,0,0,0,0,0,0,0,0,0,,,,,,,,,,,,,,,,,,,,,,,,,,,,,,,,,,,,,,,,,,,,,,,,,,,,,,,,,,,,,,,,,,,,,,,,,,,,,,,,,,,,,,,,,,,,,,,,,,,,,,,,,,,,,,,,,,,,,,,,,,,,,,,,,,,,,,,,,,,,,,,,,,,,00-0033858,SmitJo01,3054212.0,Jonnu Smith,1995-08-22,75.0,248.0,Florida International,2017.0,3.0,100.0,TEN,2017,10,17.0,0.0,1.0,0.0,0.0023529411764705885,2024.0,Jonnu Smith,MIA,29.0,TE,17.0,6.0,111.0,88.0,884.0,,55.0,374.0,4.3,510.0,5.8,4.9,8.0,11.0,6.0,0.054000000000000006,0.0,123.9,2025-09-03,2024.0,Jonnu Smith,MIA,29.0,TE,17.0,6.0,2.0,-1.0,,0.0,-1.0,-0.5,0.0,0.0,0.0,,2025-09-03,,,,,,,,,,,,,,,,,,,,,,,,,,,,,,,,,,,,,,,,,,,,,,,,,,,,,,,,,,,17,11.6,0.0,11,6,1
2024,Travis Kelce,T.Kelce,00-0030506,KC,TE,TE,5.0,16,195.4,12.2125,98.4,97.0,97,133,823,3,0.23251748251748253,0.2320021019442985,0.5111776951372328,1,1,0,0,0,0,0,0,940.0,0.845625,0.20787234042553193,12.2125,7.396744779518443,25.0,4,TE,"https://static.www.nfl.com/image/upload/f_auto,q_auto/league/dpxovcfku6ud2aohgf6a",REG,0,0,0,0,0,0,0,,,0,,0,0,0,0,0,0,0,-0.09222689614398405,0,0,0,0,0,2,1,883,341,47,20.626750875772743,0,28,14,9,0,0.9320498301245753,0,1,0,0,0,0,0,0.0,0.0,0,0,0,0,0,0,0,0,0,0,0,0,0,0,0,0,0,0,2,25,1,1,0,2,1,0,0,0,0,0,0,0,0,,,0,0,0,0,0,0,0,0,0,0,0,0,,,,0,0,0,0,0,0,0,,0,0,0,0,,0,0,,0,0,0,0,0,0,0,0,0,0,T.Kelce,Travis Kelce,TE,TE,"https://static.www.nfl.com/image/upload/f_auto,q_auto/league/dpxovcfku6ud2aohgf6a",2024.0,POST,KC,3.0,0.0,0.0,0.0,0.0,0.0,0.0,0.0,0.0,0.0,0.0,0.0,0.0,,,0.0,,0.0,0.0,0.0,0.0,0.0,0.0,0.0,0.0,0.0,0.0,,0.0,0.0,0.0,0.0,0.0,13.0,18.0,175.0,1.0,0.0,0.0,116.0,85.0,7.0,10.039504190252163,0.0,7.0,3.0,2.0,1.0,1.5086206896551724,0.2222222222222222,0.19727891156462585,0.4714285714285714,0.0,0.0,0.0,0.0,0.0,0.0,0.0,0.0,0.0,0.0,0.0,0.0,0.0,0.0,0.0,0.0,0.0,0.0,0.0,0.0,0.0,0.0,0.0,0.0,0.0,0.0,0.0,0.0,0.0,0.0,0.0,0.0,0.0,0.0,0.0,0.0,0.0,0.0,0.0,0.0,0.0,0.0,,,0.0,0.0,0.0,0.0,0.0,0.0,0.0,0.0,0.0,0.0,0.0,0.0,,,,0.0,0.0,0.0,0.0,0.0,0.0,0.0,,0.0,0.0,0.0,0.0,,0.0,0.0,,0.0,0.0,0.0,0.0,0.0,0.0,0.0,0.0,0.0,0.0,23.5,36.5,00-0030506,KelcTr00,15847.0,Travis Kelce,1989-10-05,77.0,250.0,Cincinnati,2013.0,3.0,63.0,KC,2013,14,16.0,0.0,0.0,0.0,0.0,2024.0,Travis Kelce,KC,35.0,TE,16.0,16.0,133.0,97.0,823.0,,47.0,482.0,5.0,341.0,3.5,6.4,3.0,32.3,6.0,0.045,4.0,83.6,2025-09-03,2024.0,Travis Kelce,KC,35.0,TE,16.0,16.0,1.0,1.0,,0.0,0.0,0.0,1.0,1.0,0.0,,2025-09-03,,,,,,,,,,,,,,,,,,,,,,,,,,,,,,,,,,,,,,,,,,,,,,,,,,,,,,,,,,,16,10.85,1.6,8,6,1
2024,Mark Andrews,M.Andrews,00-0034753,BAL,TE,TE,6.0,17,188.8,11.105882352941178,133.8,55.0,55,69,673,11,0.15098468271334792,0.17563671311869294,0.3494227232531069,4,5,0,0,0,0,0,0,682.0,0.6111764705882353,0.2768328445747801,11.105882352941178,6.5953080470357195,20.1,1,TE,"https://static.www.nfl.com/image/upload/f_auto,q_auto/league/u4xzz7tclch0tpzm9hhz",REG,0,0,0,0,0,0,0,,,0,,0,0,0,0,0,0,3,3.4461851362721063,0,0,0,0,0,0,0,731,188,39,50.098964800592256,0,31,13,6,1,0.920656634746922,0,0,0,0,0,0,0,0.0,0.0,0,0,0,0,0,0,0,0,0,0,0,0,0,0,0,0,0,0,1,5,0,0,0,0,0,0,0,0,0,0,0,0,0,,,0,0,0,0,0,0,0,0,0,0,0,0,,,,0,0,0,0,0,0,0,,0,0,0,0,,0,0,,0,0,0,0,0,0,0,0,0,0,M.Andrews,Mark Andrews,TE,TE,"https://static.www.nfl.com/image/upload/f_auto,q_auto/league/u4xzz7tclch0tpzm9hhz",2024.0,POST,BAL,2.0,0.0,0.0,0.0,0.0,0.0,0.0,0.0,0.0,0.0,0.0,0.0,0.0,,,0.0,,0.0,0.0,0.0,0.0,4.0,8.0,0.0,0.0,0.0,4.0,3.015917674987577,0.0,0.0,0.0,0.0,0.0,7.0,10.0,88.0,0.0,1.0,1.0,81.0,32.0,5.0,0.04200855786632751,0.0,4.0,3.0,1.0,0.0,1.0864197530864197,0.22727272727272727,0.21428571428571427,0.49090909090909085,0.0,0.0,0.0,0.0,0.0,0.0,0.0,0.0,0.0,0.0,0.0,0.0,0.0,0.0,0.0,0.0,0.0,0.0,0.0,0.0,0.0,0.0,0.0,0.0,0.0,0.0,0.0,0.0,0.0,1.0,0.0,0.0,1.0,1.0,0.0,0.0,0.0,0.0,0.0,0.0,0.0,0.0,,,0.0,0.0,0.0,0.0,0.0,0.0,0.0,0.0,0.0,0.0,0.0,0.0,,,,0.0,0.0,0.0,0.0,0.0,0.0,0.0,,0.0,0.0,0.0,0.0,,0.0,0.0,,0.0,0.0,0.0,0.0,0.0,0.0,0.0,0.0,0.0,0.0,7.600000000000001,14.600000000000001,00-0034753,AndrMa00,3116365.0,Mark Andrews,1995-09-06,77.0,250.0,Oklahoma,2018.0,3.0,86.0,BAL,2018,9,17.0,0.0,6.0,0.0,0.012941176470588237,2024.0,Mark Andrews,BAL,29.0,TE,17.0,13.0,69.0,55.0,673.0,,39.0,485.0,8.8,188.0,3.4,10.5,1.0,55.0,4.0,0.057999999999999996,1.0,140.9,2025-09-03,2024.0,Mark Andrews,BAL,29.0,TE,17.0,13.0,4.0,5.0,,3.0,1.0,0.3,4.0,1.0,0.0,,2025-09-03,,,,,,,,,,,,,,,,,,,,,,,,,,,,,,,,,,,,,2024.0,Regular,Season Total,BAL,M. Andrews,,76.8,0.3,4.0,0.6,0.0,0.6,0.0,0.0,75.2,0.0,Mark,Andrews,Mark Andrews,https://a.espncdn.com/i/headshots/nfl/players/full/3116365.png,Ravens,False,17,13.8,0.0,10,6,0
2024,Zach Ertz,Z.Ertz,00-0030061,WAS,TE,TE,7.0,17,177.4,10.435294117647059,111.4,66.0,66,91,654,7,0.18055555555555555,0.1718436873747495,0.391123914495658,0,0,0,0,0,0,0,0,771.0,0.6688235294117648,0.23009079118028536,10.435294117647059,6.417743097895727,25.2,1,TE,"https://static.www.nfl.com/image/upload/f_auto,q_auto/league/xktmmeumuoglbuam75iz",REG,0,0,0,0,0,0,0,,,0,,0,0,0,0,0,0,0,,0,0,0,0,0,1,0,686,187,38,30.982541475512306,2,28,9,7,0,0.9533527696793003,0,2,0,0,0,0,0,0.0,0.0,0,0,0,0,0,0,0,0,0,0,0,0,0,0,0,0,0,0,6,36,1,0,0,1,0,0,0,0,0,0,0,0,0,,,0,0,0,0,0,0,0,0,0,0,0,0,,,,0,0,0,0,0,0,0,,0,0,0,0,,0,0,,0,0,0,0,0,0,0,0,0,0,Z.Ertz,Zach Ertz,TE,TE,"https://static.www.nfl.com/image/upload/f_auto,q_auto/league/xktmmeumuoglbuam75iz",2024.0,POST,WAS,3.0,0.0,0.0,0.0,0.0,0.0,0.0,0.0,0.0,0.0,0.0,0.0,0.0,,,0.0,,0.0,0.0,0.0,0.0,0.0,0.0,0.0,0.0,0.0,0.0,,0.0,0.0,0.0,0.0,0.0,18.0,25.0,155.0,1.0,0.0,0.0,171.0,39.0,13.0,16.667388534133064,0.0,7.0,2.0,1.0,0.0,0.9064327485380117,0.23148148148148148,0.23014804845222073,0.5083258561387767,0.0,0.0,0.0,0.0,0.0,0.0,0.0,0.0,0.0,0.0,0.0,0.0,0.0,0.0,0.0,0.0,0.0,0.0,0.0,0.0,0.0,0.0,0.0,0.0,0.0,0.0,0.0,1.0,5.0,0.0,0.0,0.0,0.0,0.0,0.0,0.0,0.0,0.0,0.0,0.0,0.0,0.0,,,0.0,0.0,0.0,0.0,0.0,0.0,0.0,0.0,0.0,0.0,0.0,0.0,,,,0.0,0.0,0.0,0.0,0.0,0.0,0.0,,0.0,0.0,0.0,0.0,,0.0,0.0,,0.0,0.0,0.0,0.0,0.0,0.0,0.0,0.0,0.0,0.0,21.5,39.5,00-0030061,ErtzZa00,15835.0,Zach Ertz,1990-11-10,77.0,250.0,Stanford,2013.0,2.0,35.0,PHI,2013,13,17.0,0.0,2.0,0.0,0.004705882352941177,2024.0,Zach Ertz,WAS,34.0,TE,17.0,17.0,91.0,66.0,654.0,,38.0,467.0,7.1,187.0,2.8,7.4,0.0,,4.0,0.044000000000000004,2.0,109.0,2025-09-03,,,,,,,,,,,,,,,,,,,,,,,,,,,,,,,,,,,,,,,,,,,,,,,,,,,,,,,,,,,,,,,,,,,,,,,,,,,,,17,10.2,1.5,9,4,1
2024,Sam LaPorta,S.LaPorta,00-0039065,DET,TE,TE,8.0,16,174.60000000000002,10.912500000000001,114.60000000000001,60.000000000000014,60,83,726,7,0.15900383141762453,0.16633209062231144,0.35493821056205477,0,0,0,0,0,0,0,0,910.0,0.84875,0.1918681318681319,10.9125,5.344639058595694,18.4,0,TE,"https://static.www.nfl.com/image/upload/f_auto,q_auto/league/wxlk7ysg2nfq6h6ntdcu",REG,0,0,0,0,0,0,0,,,0,,0,0,0,0,0,0,0,,0,0,0,0,0,0,0,580,343,39,31.423356847606566,0,30,16,11,1,1.2517241379310344,0,2,0,0,0,0,0,0.0,0.0,0,0,0,0,0,0,0,0,0,0,0,0,0,0,0,0,0,0,1,5,0,0,0,0,0,0,0,0,0,0,0,0,0,,,0,0,0,0,0,0,0,0,0,0,0,0,,,,0,0,0,0,0,0,0,,0,0,0,0,,0,0,,0,0,0,0,0,0,0,0,0,0,S.LaPorta,Sam LaPorta,TE,TE,"https://static.www.nfl.com/image/upload/f_auto,q_auto/league/wxlk7ysg2nfq6h6ntdcu",2024.0,POST,DET,1.0,0.0,0.0,0.0,0.0,0.0,0.0,0.0,0.0,0.0,0.0,0.0,0.0,,,0.0,,0.0,0.0,0.0,0.0,0.0,0.0,0.0,0.0,0.0,0.0,,0.0,0.0,0.0,0.0,0.0,6.0,7.0,51.0,1.0,0.0,0.0,29.0,22.0,3.0,1.582399241568055,0.0,3.0,0.0,0.0,0.0,1.7586206896551724,0.1794871794871795,0.08262108262108261,0.32706552706552705,0.0,1.0,0.0,0.0,0.0,0.0,0.0,0.0,0.0,0.0,0.0,0.0,0.0,0.0,0.0,0.0,0.0,0.0,0.0,0.0,0.0,0.0,0.0,0.0,0.0,0.0,0.0,1.0,5.0,0.0,0.0,0.0,0.0,0.0,0.0,0.0,0.0,0.0,0.0,0.0,0.0,0.0,,,0.0,0.0,0.0,0.0,0.0,0.0,0.0,0.0,0.0,0.0,0.0,0.0,,,,0.0,0.0,0.0,0.0,0.0,0.0,0.0,,0.0,0.0,0.0,0.0,,0.0,0.0,,0.0,0.0,0.0,0.0,0.0,0.0,0.0,0.0,0.0,0.0,11.100000000000001,17.1,00-0039065,LaPoSa01,4430027.0,Sam LaPorta,2001-01-12,75.0,245.0,Iowa,2023.0,2.0,34.0,DET,2023,4,16.0,0.0,2.0,0.0,0.005625,2024.0,Sam LaPorta,DET,23.0,TE,16.0,16.0,83.0,60.0,726.0,,39.0,383.0,6.4,343.0,5.7,7.0,3.0,20.0,1.0,0.012,2.0,116.8,2025-09-03,,,,,,,,,,,,,,,,,,,,,,,,,,,,,,,,,,,,,,,,,,,,,,,,,,,,,,,,,,,,,,,,,,,,,,,,,,,,,16,11.3,3.3,9,5,0
2024,Pat Freiermuth,P.Freiermuth,00-0036894,PIT,TE,TE,9.0,17,170.3,10.01764705882353,105.3,65.00000000000001,65,78,653,7,0.16956521739130434,0.1208819057273188,0.33896516009607963,0,0,0,0,0,0,0,0,776.0,0.6929411764705882,0.21945876288659796,10.01764705882353,5.473142983482806,22.5,1,TE,"https://static.www.nfl.com/image/upload/f_auto,q_auto/league/pyrdsypgggjshiaygkr7",REG,0,0,0,0,0,0,0,,,0,,0,0,0,0,0,0,0,,0,0,0,0,0,2,1,477,279,32,35.90123255502623,0,24,12,7,0,1.368972746331237,0,0,0,0,0,0,0,0.0,0.0,0,0,0,0,0,0,0,0,0,0,0,0,0,1,0,0,0,0,1,10,3,0,0,3,2,0,0,0,0,0,0,0,0,,,0,0,0,0,0,0,0,0,0,0,0,0,,,,0,0,0,0,0,0,0,,0,0,0,0,,0,0,,0,0,0,0,0,0,0,0,0,0,P.Freiermuth,Pat Freiermuth,TE,TE,"https://static.www.nfl.com/image/upload/f_auto,q_auto/league/pyrdsypgggjshiaygkr7",2024.0,POST,PIT,1.0,0.0,0.0,0.0,0.0,0.0,0.0,0.0,0.0,0.0,0.0,0.0,0.0,,,0.0,,0.0,0.0,0.0,0.0,0.0,0.0,0.0,0.0,0.0,0.0,,0.0,0.0,0.0,0.0,0.0,3.0,4.0,15.0,0.0,0.0,0.0,14.0,5.0,0.0,-3.1080594456288964,0.0,0.0,0.0,0.0,0.0,1.0714285714285714,0.15384615384615385,0.05622489959839357,0.2701266604881063,0.0,0.0,0.0,0.0,0.0,0.0,0.0,0.0,0.0,0.0,0.0,0.0,0.0,0.0,0.0,0.0,0.0,0.0,0.0,0.0,0.0,0.0,0.0,0.0,0.0,0.0,0.0,0.0,0.0,0.0,0.0,0.0,0.0,0.0,0.0,0.0,0.0,0.0,0.0,0.0,0.0,0.0,,,0.0,0.0,0.0,0.0,0.0,0.0,0.0,0.0,0.0,0.0,0.0,0.0,,,,0.0,0.0,0.0,0.0,0.0,0.0,0.0,,0.0,0.0,0.0,0.0,,0.0,0.0,,0.0,0.0,0.0,0.0,0.0,0.0,0.0,0.0,0.0,0.0,1.5,4.5,00-0036894,FreiPa00,4361411.0,Pat Freiermuth,1998-10-25,77.0,258.0,Penn State,2021.0,2.0,55.0,PIT,2021,6,17.0,0.0,81.0,0.0,0.1758823529411765,2024.0,Pat Freiermuth,PIT,26.0,TE,17.0,11.0,78.0,65.0,653.0,,32.0,374.0,5.8,279.0,4.3,6.1,4.0,16.3,4.0,0.051,1.0,126.1,2025-09-03,,,,,,,,,,,,,,,,,,,,,,,,,,,,,,,,,,,,,,,,,,,,,,,,,,,,,,,,,,,,,,,,,,,,,,,,,,,,,17,9.9,3.4000000000000004,8,3,0
2024,Tucker Kraft,T.Kraft,00-0038996,GB,TE,TE,10.0,17,163.3,9.605882352941178,113.3,50.000000000000014,50,70,707,7,0.15086206896551724,0.08932409839980893,0.2888199723281421,3,6,0,0,0,0,0,0,925.0,0.8576470588235294,0.17654054054054055,9.605882352941178,6.219472504585426,24.8,1,TE,"https://static.www.nfl.com/image/upload/f_auto,q_auto/league/n6vu44jbq31rydoaadaq",REG,0,0,0,0,0,0,0,,,0,,0,0,0,0,0,0,3,3.2640411788597703,0,0,0,0,0,1,1,374,456,30,37.24902736084562,1,27,16,11,2,1.8903743315508021,0,0,0,1,0,0,0,0.0,0.0,0,0,0,0,0,0,0,0,0,0,0,0,0,0,0,0,0,0,3,25,1,0,0,1,1,0,0,0,0,0,0,0,0,,,0,0,0,0,0,0,0,0,0,0,0,0,,,,0,0,0,0,0,0,0,,0,0,0,0,,0,0,,0,0,0,0,0,0,0,0,0,0,T.Kraft,Tucker Kraft,TE,TE,"https://static.www.nfl.com/image/upload/f_auto,q_auto/league/n6vu44jbq31rydoaadaq",2024.0,POST,GB,1.0,0.0,0.0,0.0,0.0,0.0,0.0,0.0,0.0,0.0,0.0,0.0,0.0,,,0.0,,0.0,0.0,0.0,0.0,2.0,10.0,0.0,0.0,0.0,2.0,2.645892923581414,0.0,0.0,0.0,0.0,0.0,5.0,5.0,26.0,0.0,0.0,0.0,5.0,21.0,1.0,0.11215660750167444,0.0,2.0,0.0,0.0,0.0,5.2,0.15151515151515152,0.018050541516245487,0.23990810633409915,0.0,1.0,0.0,0.0,0.0,0.0,0.0,0.0,0.0,0.0,0.0,0.0,0.0,0.0,0.0,0.0,0.0,0.0,0.0,0.0,0.0,0.0,1.0,0.0,0.0,0.0,0.0,0.0,0.0,0.0,0.0,0.0,0.0,0.0,0.0,0.0,0.0,0.0,0.0,0.0,0.0,0.0,,,0.0,0.0,0.0,0.0,0.0,0.0,0.0,0.0,0.0,0.0,0.0,0.0,,,,0.0,0.0,0.0,0.0,0.0,0.0,0.0,,0.0,0.0,0.0,0.0,,0.0,0.0,,0.0,0.0,0.0,0.0,0.0,0.0,0.0,0.0,0.0,0.0,3.6,8.6,00-0038996,KrafTu00,4572680.0,Tucker Kraft,2000-11-03,77.0,259.0,South Dakota State,2023.0,3.0,78.0,GB,2023,4,17.0,0.0,130.0,0.0,0.2952941176470589,2024.0,Tucker Kraft,GB,24.0,TE,17.0,17.0,70.0,50.0,707.0,,30.0,251.0,5.0,456.0,9.1,5.3,9.0,5.6,5.0,0.071,1.0,131.1,2025-09-03,2024.0,Tucker Kraft,GB,24.0,TE,17.0,17.0,3.0,6.0,,3.0,3.0,1.0,3.0,1.0,0.0,,2025-09-03,,,,,,,,,,,,,,,,,,,,,,,,,,,,,,,,,,,,,2024.0,Regular,Season Total,GB,T. Kraft,,95.1,0.7,3.0,0.8,0.0,0.8,0.0,0.0,95.8,0.0,Tucker,Kraft,Tucker Kraft,https://a.espncdn.com/i/headshots/nfl/players/full/4572680.png,Packers,False,17,7.6,0.0,7,3,0
2024,David Njoku,D.Njoku,00-0033885,CLE,TE,TE,11.0,11,148.5,13.5,84.5,64.0,64,97,505,5,0.1529968454258675,0.09904835890464168,0.2988291193720504,0,0,0,0,0,0,0,0,589.0,0.7490909090909091,0.25212224108658743,13.5,7.902025056907881,26.2,2,TE,"https://static.www.nfl.com/image/upload/f_auto,q_auto/league/y4g1iayqrbrhdvkqywpx",REG,0,0,0,0,0,0,0,,,0,,0,0,0,0,0,0,0,,0,0,0,0,0,0,0,510,251,23,-5.2064802698926345,2,17,6,4,0,0.9901960784313726,0,4,0,0,0,0,0,0.0,0.0,0,0,0,0,0,0,0,0,0,0,0,0,0,0,0,0,0,0,2,15,0,0,0,0,0,0,0,0,0,0,0,0,0,,,0,0,0,0,0,0,0,0,0,0,0,0,,,,0,0,0,0,0,0,0,,0,0,0,0,,0,0,,0,0,0,0,0,0,0,0,0,0,,,,,,,,,,,,,,,,,,,,,,,,,,,,,,,,,,,,,,,,,,,,,,,,,,,,,,,,,,,,,,,,,,,,,,,,,,,,,,,,,,,,,,,,,,,,,,,,,,,,,,,,,,,,,,,,,,,,,,,,,,,,,,,,,,,,,,,,,,,,,,,,,,,,00-0033885,NjokDa00,3123076.0,David Njoku,1996-07-10,76.0,246.0,Miami,2017.0,1.0,29.0,CLE,2017,12,11.0,0.0,0.0,0.0,0.0,2024.0,David Njoku,CLE,28.0,TE,11.0,11.0,97.0,64.0,505.0,,23.0,254.0,4.0,251.0,3.9,5.2,4.0,16.0,7.0,0.07200000000000001,3.0,83.1,2025-09-03,,,,,,,,,,,,,,,,,,,,,,,,,,,,,,,,,,,,,,,,,,,,,,,,,,,,,,,,,,,,,,,,,,,,,,,,,,,,,11,14.600000000000001,2.4000000000000004,6,5,1
2024,Hunter Henry,H.Henry,00-0033090,NE,TE,TE,12.0,16,145.4,9.0875,79.4,66.0,66,97,674,2,0.194,0.17765042979942694,0.4153553008595989,0,0,0,0,0,0,0,0,835.0,0.80625,0.1741317365269461,9.0875,5.794235641278896,18.9,0,TE,"https://static.www.nfl.com/image/upload/f_auto,q_auto/league/cvlunbqgztudbhjrug7l",REG,0,0,0,0,0,0,0,,,0,,0,0,0,0,0,0,0,,0,0,0,0,0,0,0,682,268,40,24.198654983008804,0,31,7,4,0,0.9882697947214076,0,0,0,0,0,0,0,0.0,0.0,0,0,0,0,0,0,0,0,0,0,0,0,0,0,0,0,0,0,4,30,0,0,0,0,0,0,0,0,0,0,0,0,0,,,0,0,0,0,0,0,0,0,0,0,0,0,,,,0,0,0,0,0,0,0,,0,0,0,0,,0,0,,0,0,0,0,0,0,0,0,0,0,,,,,,,,,,,,,,,,,,,,,,,,,,,,,,,,,,,,,,,,,,,,,,,,,,,,,,,,,,,,,,,,,,,,,,,,,,,,,,,,,,,,,,,,,,,,,,,,,,,,,,,,,,,,,,,,,,,,,,,,,,,,,,,,,,,,,,,,,,,,,,,,,,,,00-0033090,HenrHu00,3046439.0,Hunter Henry,1994-12-07,77.0,249.0,Arkansas,2016.0,2.0,35.0,LAC,2016,11,16.0,0.0,0.0,0.0,0.0,2024.0,Hunter Henry,NE,30.0,TE,16.0,16.0,97.0,66.0,674.0,,40.0,406.0,6.2,268.0,4.1,7.0,2.0,33.0,2.0,0.021,1.0,90.3,2025-09-03,,,,,,,,,,,,,,,,,,,,,,,,,,,,,,,,,,,,,,,,,,,,,,,,,,,,,,,,,,,,,,,,,,,,,,,,,,,,,16,9.45,0.0,7,2,0
2024,Mike Gesicki,M.Gesicki,00-0034829,CIN,TE,TE,13.0,16,141.5,8.84375,76.5,65.0,65,83,665,2,0.1321656050955414,0.13328998699609884,0.29155139854058126,0,0,0,0,0,0,0,0,523.0,0.4476470588235294,0.27055449330783937,8.84375,7.3936881865548,27.0,1,TE,"https://static.www.nfl.com/image/upload/f_auto,q_auto/league/dykckg6we3cnw9yhpggi",REG,0,0,0,0,0,0,0,,,0,,0,0,0,0,0,0,0,,0,0,0,0,0,1,1,615,245,38,33.76757545628535,0,29,11,5,1,1.08130081300813,0,0,0,0,0,0,0,0.0,0.0,0,0,0,0,0,0,0,0,0,0,0,0,0,0,0,0,0,0,0,0,1,0,0,1,1,0,0,0,0,0,0,0,0,,,0,0,0,0,0,0,0,0,0,0,0,0,,,,0,0,0,0,0,0,0,,0,0,0,0,,0,0,,0,0,0,0,0,0,0,0,0,0,,,,,,,,,,,,,,,,,,,,,,,,,,,,,,,,,,,,,,,,,,,,,,,,,,,,,,,,,,,,,,,,,,,,,,,,,,,,,,,,,,,,,,,,,,,,,,,,,,,,,,,,,,,,,,,,,,,,,,,,,,,,,,,,,,,,,,,,,,,,,,,,,,,,00-0034829,GesiMi00,3116164.0,Mike Gesicki,1995-10-03,78.0,245.0,Penn State,2018.0,2.0,42.0,MIA,2018,9,17.0,0.0,2.0,0.0,0.004705882352941177,2024.0,Mike Gesicki,CIN,29.0,TE,17.0,3.0,83.0,65.0,665.0,,38.0,420.0,6.5,245.0,3.8,7.4,0.0,,5.0,0.06,0.0,108.1,2025-09-03,,,,,,,,,,,,,,,,,,,,,,,,,,,,,,,,,,,,,,,,,,,,,,,,,,,,,,,,,,,,,,,,,,,,,,,,,,,,,16,6.85,0.0,6,3,1
2024,Cade Otton,C.Otton,00-0038129,TB,TE,TE,14.0,14,140.6,10.042857142857143,81.6,59.0,59,87,600,4,0.15452930728241562,0.11869959677419355,0.3148836786655589,1,-4,0,0,0,0,0,0,856.0,0.9285714285714286,0.16425233644859813,10.042857142857143,8.039490443641723,29.1,2,TE,"https://static.www.nfl.com/image/upload/f_auto,q_auto/league/yanr6h9aplae3jyzimf7",REG,0,0,0,0,0,0,0,,,0,,0,0,0,0,0,0,0,-1.3158101737499237,0,0,0,0,0,2,1,471,311,31,12.532692278894634,0,22,9,7,1,1.2738853503184713,0,4,0,0,0,0,0,0.0,0.0,0,0,0,0,0,0,0,0,0,0,0,0,0,2,0,0,0,0,3,15,2,0,0,2,1,0,0,0,0,0,0,0,0,,,0,0,0,0,0,0,0,0,0,0,0,0,,,,0,0,0,0,0,0,0,,0,0,0,0,,0,0,,0,0,0,0,0,0,0,0,0,0,C.Otton,Cade Otton,TE,TE,"https://static.www.nfl.com/image/upload/f_auto,q_auto/league/yanr6h9aplae3jyzimf7",2024.0,POST,TB,1.0,0.0,0.0,0.0,0.0,0.0,0.0,0.0,0.0,0.0,0.0,0.0,0.0,,,0.0,,0.0,0.0,0.0,0.0,0.0,0.0,0.0,0.0,0.0,0.0,,0.0,0.0,0.0,0.0,0.0,2.0,2.0,32.0,0.0,0.0,0.0,13.0,19.0,2.0,2.5142168985912576,0.0,2.0,1.0,1.0,0.0,2.4615384615384617,0.11764705882352941,0.09420289855072464,0.24241261722080135,0.0,0.0,0.0,0.0,0.0,0.0,0.0,0.0,0.0,0.0,0.0,0.0,0.0,0.0,0.0,0.0,0.0,0.0,0.0,0.0,0.0,0.0,0.0,0.0,0.0,0.0,0.0,1.0,5.0,0.0,0.0,0.0,0.0,0.0,0.0,0.0,0.0,0.0,0.0,0.0,0.0,0.0,,,0.0,0.0,0.0,0.0,0.0,0.0,0.0,0.0,0.0,0.0,0.0,0.0,,,,0.0,0.0,0.0,0.0,0.0,0.0,0.0,,0.0,0.0,0.0,0.0,,0.0,0.0,,0.0,0.0,0.0,0.0,0.0,0.0,0.0,0.0,0.0,0.0,3.2,5.2,00-0038129,OttoCa00,4243331.0,Cade Otton,1999-04-15,77.0,247.0,Washington,2022.0,4.0,106.0,TB,2022,5,14.0,0.0,1.0,0.0,0.002857142857142857,2024.0,Cade Otton,TB,25.0,TE,14.0,14.0,87.0,59.0,600.0,,31.0,289.0,4.9,311.0,5.3,5.5,6.0,9.8,8.0,0.092,3.0,88.3,2025-09-03,2024.0,Cade Otton,TB,25.0,TE,14.0,14.0,1.0,-4.0,,0.0,-4.0,-4.0,0.0,0.0,1.0,1.0,2025-09-03,,,,,,,,,,,,,,,,,,,,,,,,,,,,,,,,,,,,,,,,,,,,,,,,,,,,,,,,,,,14,9.0,-0.4,5,3,1
2024,Kyle Pitts,K.Pitts,00-0036970,ATL,TE,TE,15.0,17,131.2,7.717647058823529,84.2,46.999999999999986,47,74,602,4,0.137291280148423,0.13949843260188088,0.3035858230439511,0,0,0,0,0,0,0,0,707.0,0.62,0.18557284299858556,7.717647058823529,6.819479020984453,25.1,1,TE,"https://static.www.nfl.com/image/upload/f_auto,q_auto/league/xczipzxvytnmvgznhhb4",REG,0,0,0,0,0,0,0,,,0,,0,0,0,0,0,0,0,,0,0,0,0,0,0,0,623,272,21,6.943506225681472,0,21,9,7,3,0.9662921348314607,0,0,0,0,0,0,0,0.0,0.0,0,0,0,0,0,0,0,0,0,0,0,0,0,0,0,0,0,0,4,24,0,0,0,0,0,0,0,0,0,0,0,0,0,,,0,0,0,0,0,0,0,0,0,0,0,0,,,,0,0,0,0,0,0,0,,0,0,0,0,,0,0,,0,0,0,0,0,0,0,0,0,0,,,,,,,,,,,,,,,,,,,,,,,,,,,,,,,,,,,,,,,,,,,,,,,,,,,,,,,,,,,,,,,,,,,,,,,,,,,,,,,,,,,,,,,,,,,,,,,,,,,,,,,,,,,,,,,,,,,,,,,,,,,,,,,,,,,,,,,,,,,,,,,,,,,,00-0036970,PittKy00,4360248.0,Kyle Pitts,2000-10-06,78.0,250.0,Florida,2021.0,1.0,4.0,ATL,2021,6,17.0,0.0,1.0,0.0,0.0023529411764705885,2024.0,Kyle Pitts,ATL,24.0,TE,17.0,15.0,74.0,47.0,602.0,,21.0,330.0,7.0,272.0,5.8,8.6,4.0,11.8,4.0,0.054000000000000006,4.0,84.4,2025-09-03,,,,,,,,,,,,,,,,,,,,,,,,,,,,,,,,,,,,,,,,,,,,,,,,,,,,,,,,,,,,,,,,,,,,,,,,,,,,,17,6.800000000000001,0.0,6,2,1
2024,Isaiah Likely,I.Likely,00-0037838,BAL,TE,TE,16.0,15,123.7,8.246666666666666,81.7,42.0,42,58,477,6,0.12691466083150985,0.11220567035079289,0.2689159604928198,0,0,0,0,0,0,0,0,627.0,0.59375,0.19728867623604465,8.246666666666666,6.80114136079554,26.1,1,TE,"https://static.www.nfl.com/image/upload/f_auto,q_auto/league/b1pahldt9ixp9lssxi2d",REG,0,0,0,0,0,0,0,,,0,,0,0,0,0,0,0,0,,0,0,0,0,0,1,1,467,256,26,27.706499733367682,0,18,8,4,2,1.0214132762312633,0,1,0,0,0,0,0,0.0,0.0,0,0,0,0,0,0,0,0,0,0,0,0,0,0,0,0,0,0,1,10,1,0,0,1,1,0,0,0,0,0,0,0,0,,,0,0,0,0,0,0,0,0,0,0,0,0,,,,0,0,0,0,0,0,0,,0,0,0,0,,0,0,,0,0,0,0,0,0,0,0,0,0,I.Likely,Isaiah Likely,TE,TE,"https://static.www.nfl.com/image/upload/f_auto,q_auto/league/b1pahldt9ixp9lssxi2d",2024.0,POST,BAL,2.0,0.0,0.0,0.0,0.0,0.0,0.0,0.0,0.0,0.0,0.0,0.0,0.0,,,0.0,,0.0,0.0,0.0,0.0,0.0,0.0,0.0,0.0,0.0,0.0,,0.0,0.0,0.0,0.0,0.0,7.0,9.0,126.0,1.0,0.0,0.0,123.0,41.0,4.0,7.87369321066956,0.0,4.0,4.0,3.0,0.0,1.024390243902439,0.20454545454545456,0.3253968253968254,0.5345959595959596,0.0,0.0,0.0,0.0,0.0,0.0,0.0,0.0,0.0,0.0,0.0,0.0,0.0,0.0,0.0,0.0,0.0,0.0,0.0,0.0,0.0,0.0,0.0,0.0,0.0,0.0,0.0,0.0,0.0,0.0,0.0,0.0,0.0,0.0,0.0,0.0,0.0,0.0,0.0,0.0,0.0,0.0,,,0.0,0.0,0.0,0.0,0.0,0.0,0.0,0.0,0.0,0.0,0.0,0.0,,,,0.0,0.0,0.0,0.0,0.0,0.0,0.0,,0.0,0.0,0.0,0.0,,0.0,0.0,,0.0,0.0,0.0,0.0,0.0,0.0,0.0,0.0,0.0,0.0,18.6,25.6,00-0037838,LikeIs00,4361050.0,Isaiah Likely,2000-04-18,76.0,241.0,Coastal Carolina,2022.0,4.0,139.0,BAL,2022,5,16.0,0.0,14.0,0.0,0.03125,2024.0,Isaiah Likely,BAL,24.0,TE,16.0,9.0,58.0,42.0,477.0,,26.0,221.0,5.3,256.0,6.1,8.0,3.0,14.0,2.0,0.034,0.0,131.2,2025-09-03,,,,,,,,,,,,,,,,,,,,,,,,,,,,,,,,,,,,,,,,,,,,,,,,,,,,,,,,,,,,,,,,,,,,,,,,,,,,,15,6.800000000000001,0.0,4,2,1
2024,Juwan Johnson,J.Johnson,00-0036040,NO,TE,TE,17.0,15,122.80000000000001,8.186666666666667,72.80000000000001,50.0,50,66,548,3,0.1276595744680851,0.12347629796839729,0.2779227702800058,0,0,0,0,0,0,0,0,697.0,0.6417647058823529,0.1761836441893831,8.186666666666667,3.9019897244257074,15.0,0,TE,"https://static.www.nfl.com/image/upload/f_auto,q_auto/league/ahzqkvhjot6lygwr4ccb",REG,0,0,0,0,0,0,0,,,0,,0,0,0,0,0,0,0,,0,0,0,0,0,2,0,547,212,27,16.870570713421564,0,26,15,8,0,1.0018281535648994,0,0,0,0,0,0,0,0.0,0.0,0,0,0,0,0,0,0,0,0,0,0,0,0,1,0,0,0,0,3,26,2,0,0,2,0,0,0,0,0,0,0,0,0,,,0,0,0,0,0,0,0,0,0,0,0,0,,,,0,0,0,0,0,0,0,,0,0,0,0,,0,0,,0,0,0,0,0,0,0,0,0,0,,,,,,,,,,,,,,,,,,,,,,,,,,,,,,,,,,,,,,,,,,,,,,,,,,,,,,,,,,,,,,,,,,,,,,,,,,,,,,,,,,,,,,,,,,,,,,,,,,,,,,,,,,,,,,,,,,,,,,,,,,,,,,,,,,,,,,,,,,,,,,,,,,,,00-0036040,JohnJu02,3929645.0,Juwan Johnson,1996-09-13,76.0,245.0,Oregon; Penn State,,,,,2020,7,17.0,0.0,52.0,0.0,0.11176470588235295,2024.0,Juwan Johnson,NO,28.0,TE,17.0,5.0,66.0,50.0,548.0,,27.0,336.0,6.7,212.0,4.2,8.2,3.0,16.7,3.0,0.045,1.0,108.6,2025-09-03,,,,,,,,,,,,,,,,,,,,,,,,,,,,,,,,,,,,,,,,,,,,,,,,,,,,,,,,,,,,,,,,,,,,,,,,,,,,,15,7.800000000000001,3.2,5,1,0
2024,Tyler Conklin,T.Conklin,00-0034270,NYJ,TE,TE,18.0,16,121.9,7.61875,70.9,51.0,51,72,449,4,0.12224108658743633,0.08674582020838381,0.24408370402702317,1,0,0,0,0,0,0,0,805.0,0.800625,0.15142857142857144,7.61875,5.914977458396044,21.7,1,TE,"https://static.www.nfl.com/image/upload/f_auto,q_auto/league/knjuzxnzsfjxwcjxp5en",REG,0,0,0,0,0,0,0,,,0,,0,0,0,0,0,0,0,-3.2755141734378412,0,0,0,0,0,0,0,358,262,24,11.140126270357452,1,21,8,7,0,1.2541899441340782,0,0,0,0,0,0,0,0.0,0.0,0,0,0,0,0,0,0,0,0,0,0,0,0,2,-3,0,0,0,2,9,0,0,0,0,0,0,0,0,0,0,0,0,0,,,0,0,0,0,0,0,0,0,0,0,0,0,,,,0,0,0,0,0,0,0,,0,0,0,0,,0,0,,0,0,0,0,0,0,0,0,0,0,,,,,,,,,,,,,,,,,,,,,,,,,,,,,,,,,,,,,,,,,,,,,,,,,,,,,,,,,,,,,,,,,,,,,,,,,,,,,,,,,,,,,,,,,,,,,,,,,,,,,,,,,,,,,,,,,,,,,,,,,,,,,,,,,,,,,,,,,,,,,,,,,,,,00-0034270,ConkTy00,3915486.0,Tyler Conklin,1995-07-30,75.0,245.0,Central Michigan; Northwood,2018.0,5.0,157.0,MIN,2018,9,16.0,0.0,17.0,0.0,0.0425,2024.0,Tyler Conklin,NYJ,29.0,TE,16.0,15.0,72.0,51.0,449.0,,24.0,187.0,3.7,262.0,5.1,4.9,0.0,,1.0,0.013999999999999999,0.0,105.6,2025-09-03,2024.0,Tyler Conklin,NYJ,29.0,TE,16.0,15.0,1.0,0.0,,0.0,0.0,0.0,0.0,0.0,0.0,,2025-09-03,,,,,,,,,,,,,,,,,,,,,,,,,,,,,,,,,,,,,,,,,,,,,,,,,,,,,,,,,,,16,6.75,0.7,6,1,0
2024,Cole Kmet,C.Kmet,00-0036290,CHI,TE,TE,19.0,16,120.4,7.525,73.4,47.0,47,55,474,4,0.10456273764258556,0.0866784296426996,0.21751900721376805,0,0,0,0,0,0,0,0,994.0,0.8723529411764706,0.12112676056338029,7.525,7.647439658691877,25.700000000000003,2,TE,"https://static.www.nfl.com/image/upload/f_auto,q_auto/league/ysnui8mzlu2fo70ub0yt",REG,0,0,0,0,0,0,0,,,0,,0,0,0,0,0,0,0,,0,0,0,0,0,0,0,393,181,25,26.121952066424175,1,19,9,7,0,1.2061068702290076,0,1,0,0,0,0,0,0.0,0.0,0,0,0,0,0,0,0,0,0,0,0,0,0,0,0,0,0,0,4,30,0,0,0,0,0,0,0,0,0,0,0,0,0,,,0,0,0,0,0,0,0,0,0,0,0,0,,,,0,0,0,0,0,0,0,,0,0,0,0,,0,0,,0,0,0,0,0,0,0,0,0,0,,,,,,,,,,,,,,,,,,,,,,,,,,,,,,,,,,,,,,,,,,,,,,,,,,,,,,,,,,,,,,,,,,,,,,,,,,,,,,,,,,,,,,,,,,,,,,,,,,,,,,,,,,,,,,,,,,,,,,,,,,,,,,,,,,,,,,,,,,,,,,,,,,,,00-0036290,KmetCo00,4258595.0,Cole Kmet,1999-03-10,78.0,257.0,Notre Dame,2020.0,2.0,43.0,CHI,2020,7,17.0,0.0,52.0,0.0,0.1211764705882353,2024.0,Cole Kmet,CHI,25.0,TE,17.0,16.0,55.0,47.0,474.0,,25.0,293.0,6.2,181.0,3.9,7.1,1.0,47.0,1.0,0.018000000000000002,1.0,119.2,2025-09-03,,,,,,,,,,,,,,,,,,,,,,,,,,,,,,,,,,,,,,,,,,,,,,,,,,,,,,,,,,,,,,,,,,,,,,,,,,,,,16,6.0,0.0,3,2,1
2024,Dalton Schultz,D.Schultz,00-0034383,HOU,TE,TE,20.0,17,118.2,6.952941176470588,65.2,53.0,53,85,532,2,0.15539305301645337,0.1470019342359768,0.3359909334898638,0,0,0,0,0,0,0,0,865.0,0.7817647058823529,0.13664739884393065,6.952941176470588,4.0594207787347605,17.1,0,TE,"https://static.www.nfl.com/image/upload/f_auto,q_auto/league/ym8sbkev8l4scnrc0vd8",REG,0,0,0,0,0,0,0,,,0,,0,0,0,0,0,0,0,,0,0,0,0,0,0,0,684,214,26,3.325906318572656,0,20,15,5,0,0.7777777777777778,0,0,0,0,0,0,0,0.0,0.0,0,0,0,0,0,0,0,0,0,0,0,0,0,0,0,0,0,0,2,20,0,0,0,0,0,0,0,0,0,0,0,0,0,,,0,0,0,0,0,0,0,0,0,0,0,0,,,,0,0,0,0,0,0,0,,0,0,0,0,,0,0,,0,0,0,0,0,0,0,0,0,0,D.Schultz,Dalton Schultz,TE,TE,"https://static.www.nfl.com/image/upload/f_auto,q_auto/league/ym8sbkev8l4scnrc0vd8",2024.0,POST,HOU,2.0,0.0,0.0,0.0,0.0,0.0,0.0,0.0,0.0,0.0,0.0,0.0,0.0,,,0.0,,0.0,0.0,0.0,0.0,0.0,0.0,0.0,0.0,0.0,0.0,,0.0,0.0,0.0,0.0,0.0,6.0,8.0,86.0,0.0,0.0,0.0,93.0,23.0,4.0,4.1656564707518555,0.0,3.0,2.0,1.0,0.0,0.9247311827956989,0.13333333333333333,0.15843270868824533,0.31090289608177174,0.0,0.0,0.0,0.0,0.0,0.0,0.0,0.0,0.0,0.0,0.0,0.0,0.0,0.0,0.0,0.0,0.0,0.0,0.0,0.0,0.0,0.0,0.0,0.0,0.0,0.0,0.0,2.0,15.0,0.0,0.0,0.0,0.0,0.0,0.0,0.0,0.0,0.0,0.0,0.0,0.0,0.0,,,0.0,0.0,0.0,0.0,0.0,0.0,0.0,0.0,0.0,0.0,0.0,0.0,,,,0.0,0.0,0.0,0.0,0.0,0.0,0.0,,0.0,0.0,0.0,0.0,,0.0,0.0,,0.0,0.0,0.0,0.0,0.0,0.0,0.0,0.0,0.0,0.0,8.6,14.6,00-0034383,SchuDa00,3117256.0,Dalton Schultz,1996-07-11,77.0,242.0,Stanford,2018.0,4.0,137.0,DAL,2018,9,17.0,0.0,12.0,0.0,0.026470588235294117,2024.0,Dalton Schultz,HOU,28.0,TE,17.0,13.0,85.0,53.0,532.0,,26.0,318.0,6.0,214.0,4.0,8.1,0.0,,4.0,0.047,1.0,83.1,2025-09-03,,,,,,,,,,,,,,,,,,,,,,,,,,,,,,,,,,,,,,,,,,,,,,,,,,,,,,,,,,,,,,,,,,,,,,,,,,,,,17,5.9,3.1,2,2,0
2024,Chig Okonkwo,C.Okonkwo,00-0037809,TEN,TE,TE,21.0,16,113.6,7.1,61.6,51.99999999999999,52,70,479,2,0.13806706114398423,0.09707602339181287,0.2750538080902453,1,17,0,0,0,0,0,0,665.0,0.6052941176470588,0.1708270676691729,7.1000000000000005,5.178416746458323,19.1,0,TE,"https://static.www.nfl.com/image/upload/f_auto,q_auto/league/pzcez6pi9tpdqkmjjnzk",REG,0,0,0,0,0,0,0,,,0,,0,0,0,0,0,0,1,1.0823608972132206,0,1,1,0,0,1,1,415,249,19,-7.335308787032997,1,15,7,4,1,1.1542168674698796,0,4,0,1,0,0,0,0.0,0.0,0,0,0,0,0,0,0,0,0,0,0,0,0,0,0,0,0,0,3,20,2,0,0,2,1,0,0,0,0,0,0,0,0,,,0,0,0,0,0,0,0,0,0,0,0,0,,,,0,0,0,0,0,0,0,,0,0,0,0,,0,0,,0,0,0,0,0,0,0,0,0,0,,,,,,,,,,,,,,,,,,,,,,,,,,,,,,,,,,,,,,,,,,,,,,,,,,,,,,,,,,,,,,,,,,,,,,,,,,,,,,,,,,,,,,,,,,,,,,,,,,,,,,,,,,,,,,,,,,,,,,,,,,,,,,,,,,,,,,,,,,,,,,,,,,,,00-0037809,OkonCh00,4360635.0,Chig Okonkwo,1999-09-08,75.0,238.0,Maryland,2022.0,4.0,143.0,TEN,2022,5,17.0,0.0,168.0,0.0,0.3647058823529412,2024.0,Chigoziem Okonkwo,TEN,25.0,TE,17.0,11.0,70.0,52.0,479.0,,19.0,230.0,4.4,249.0,4.8,5.9,5.0,10.4,3.0,0.043,4.0,78.2,2025-09-03,2024.0,Chigoziem Okonkwo,TEN,25.0,TE,17.0,11.0,1.0,17.0,,1.0,14.0,14.0,3.0,3.0,0.0,,2025-09-03,,,,,,,,,,,,,,,,,,,,,,,,,,,,,,,,,,,,,,,,,,,,,,,,,,,,,,,,,,,16,5.15,1.4000000000000001,4,1,0
2024,Noah Gray,N.Gray,00-0036637,KC,TE,TE,22.0,16,113.30000000000001,7.081250000000001,73.30000000000001,40.0,40,49,437,5,0.08566433566433566,0.081187598528639,0.18532782246655077,1,-4,0,0,0,0,0,0,664.0,0.5635294117647058,0.17063253012048193,7.08125,6.245448342593188,22.6,1,TE,"https://static.www.nfl.com/image/upload/f_auto,q_auto/league/bpmlguml8jth2rbdfyp5",REG,0,0,0,0,0,0,0,,,0,,0,0,0,0,0,0,0,-1.4838600812945515,0,0,0,0,0,0,0,309,210,25,23.17624328713282,0,21,6,6,0,1.4142394822006472,0,1,0,1,0,0,0,0.0,0.0,0,0,0,0,0,0,0,0,0,0,0,0,0,0,0,0,0,0,2,14,0,0,0,0,0,0,0,0,0,0,0,0,0,,,0,0,0,0,0,0,0,0,0,0,0,0,,,,0,0,0,0,0,0,0,,0,0,0,0,,0,0,,0,0,0,0,0,0,0,0,0,0,N.Gray,Noah Gray,TE,TE,"https://static.www.nfl.com/image/upload/f_auto,q_auto/league/bpmlguml8jth2rbdfyp5",2024.0,POST,KC,2.0,0.0,0.0,0.0,0.0,0.0,0.0,0.0,0.0,0.0,0.0,0.0,0.0,,,0.0,,0.0,0.0,0.0,0.0,0.0,0.0,0.0,0.0,0.0,0.0,,0.0,0.0,0.0,0.0,0.0,4.0,4.0,15.0,0.0,0.0,0.0,11.0,4.0,0.0,-1.5929141512606293,0.0,0.0,0.0,0.0,0.0,1.3636363636363635,0.04938271604938271,0.01870748299319728,0.08716931216931216,0.0,0.0,0.0,0.0,0.0,0.0,0.0,0.0,0.0,0.0,0.0,0.0,0.0,0.0,0.0,0.0,0.0,0.0,0.0,0.0,0.0,0.0,0.0,0.0,0.0,0.0,0.0,0.0,0.0,0.0,0.0,0.0,0.0,0.0,0.0,0.0,0.0,0.0,0.0,0.0,0.0,0.0,,,0.0,0.0,0.0,0.0,0.0,0.0,0.0,0.0,0.0,0.0,0.0,0.0,,,,0.0,0.0,0.0,0.0,0.0,0.0,0.0,,0.0,0.0,0.0,0.0,,0.0,0.0,,0.0,0.0,0.0,0.0,0.0,0.0,0.0,0.0,0.0,0.0,1.5,5.5,00-0036637,GrayNo00,4240472.0,Noah Gray,1999-04-30,75.0,240.0,Duke,2021.0,5.0,162.0,KC,2021,6,17.0,0.0,178.0,0.0,0.41411764705882353,2024.0,Noah Gray,KC,25.0,TE,17.0,10.0,49.0,40.0,437.0,,25.0,227.0,5.7,210.0,5.3,6.2,0.0,,2.0,0.040999999999999995,2.0,120.8,2025-09-03,2024.0,Noah Gray,KC,25.0,TE,17.0,10.0,1.0,-4.0,,0.0,-4.0,-4.0,0.0,0.0,0.0,,2025-09-03,,,,,,,,,,,,,,,,,,,,,,,,,,,,,,,,,,,,,,,,,,,,,,,,,,,,,,,,,,,16,5.95,0.0,4,2,0
2024,Will Dissly,W.Dissly,00-0034159,LAC,TE,TE,23.0,15,110.1,7.34,60.1,49.99999999999999,50,64,481,2,0.13034623217922606,0.06761402704561081,0.24284916720076666,0,0,0,0,0,0,0,0,540.0,0.5646666666666668,0.20388888888888887,7.34,5.318941892627034,18.0,0,TE,"https://static.www.nfl.com/image/upload/f_auto,q_auto/league/b2s1wwxsgkenwlxmncu3",REG,0,0,0,0,0,0,0,,,0,,0,0,0,0,0,0,0,,0,0,0,0,0,0,0,295,303,24,15.463689936034319,0,20,8,5,0,1.6305084745762712,0,0,0,0,0,0,0,0.0,0.0,0,0,0,0,0,0,0,0,0,0,0,0,0,0,0,0,0,0,4,25,0,0,0,0,0,0,0,0,0,0,0,0,0,,,0,0,0,0,0,0,0,0,0,0,0,0,,,,0,0,0,0,0,0,0,,0,0,0,0,,0,0,,0,0,0,0,0,0,0,0,0,0,W.Dissly,Will Dissly,TE,TE,"https://static.www.nfl.com/image/upload/f_auto,q_auto/league/b2s1wwxsgkenwlxmncu3",2024.0,POST,LAC,1.0,0.0,0.0,0.0,0.0,0.0,0.0,0.0,0.0,0.0,0.0,0.0,0.0,,,0.0,,0.0,0.0,0.0,0.0,0.0,0.0,0.0,0.0,0.0,0.0,,0.0,0.0,0.0,0.0,0.0,2.0,5.0,16.0,0.0,0.0,0.0,31.0,14.0,0.0,-8.747309145517647,0.0,0.0,0.0,0.0,0.0,0.5161290322580645,0.15625,0.07654320987654321,0.28795524691358027,0.0,0.0,0.0,0.0,0.0,0.0,0.0,0.0,0.0,0.0,0.0,0.0,0.0,0.0,0.0,0.0,0.0,0.0,0.0,0.0,0.0,0.0,0.0,0.0,0.0,0.0,0.0,0.0,0.0,0.0,0.0,0.0,0.0,0.0,0.0,0.0,0.0,0.0,0.0,0.0,0.0,0.0,,,0.0,0.0,0.0,0.0,0.0,0.0,0.0,0.0,0.0,0.0,0.0,0.0,,,,0.0,0.0,0.0,0.0,0.0,0.0,0.0,,0.0,0.0,0.0,0.0,,0.0,0.0,,0.0,0.0,0.0,0.0,0.0,0.0,0.0,0.0,0.0,0.0,1.6,3.6,00-0034159,DissWi00,3127292.0,Will Dissly,1996-07-08,76.0,265.0,Washington,2018.0,4.0,120.0,SEA,2018,8,15.0,0.0,10.0,0.0,0.023333333333333334,2024.0,Will Dissly,LAC,28.0,TE,15.0,8.0,64.0,50.0,481.0,,24.0,178.0,3.6,303.0,6.1,4.6,4.0,12.5,4.0,0.063,0.0,108.4,2025-09-03,,,,,,,,,,,,,,,,,,,,,,,,,,,,,,,,,,,,,,,,,,,,,,,,,,,,,,,,,,,,,,,,,,,,,,,,,,,,,15,5.9,0.0,3,3,0
2024,Austin Hooper,A.Hooper,00-0032392,NE,TE,TE,24.0,17,108.6,6.388235294117647,63.599999999999994,45.0,45,59,476,3,0.118,0.10054701745246158,0.2473829122167231,0,0,0,0,0,0,0,0,575.0,0.5252941176470588,0.1888695652173913,6.3882352941176475,4.423217487437903,15.9,0,TE,"https://static.www.nfl.com/image/upload/f_auto,q_auto/league/dd0j9ccd8fxokl48alzg",REG,0,0,0,0,0,0,0,,,0,,0,0,0,0,0,0,0,,0,0,0,0,0,2,1,386,225,25,12.704732686969777,0,17,9,5,0,1.233160621761658,0,1,0,0,0,0,0,0.0,0.0,0,0,0,0,0,0,0,0,0,0,0,0,0,1,0,0,0,0,0,0,2,0,0,2,1,0,0,0,0,0,0,0,0,,,0,0,0,0,0,0,0,0,0,0,0,0,,,,0,0,0,0,0,0,0,,0,0,0,0,,0,0,,0,0,0,0,0,0,0,0,0,0,,,,,,,,,,,,,,,,,,,,,,,,,,,,,,,,,,,,,,,,,,,,,,,,,,,,,,,,,,,,,,,,,,,,,,,,,,,,,,,,,,,,,,,,,,,,,,,,,,,,,,,,,,,,,,,,,,,,,,,,,,,,,,,,,,,,,,,,,,,,,,,,,,,,00-0032392,HoopAu00,3043275.0,Austin Hooper,1994-10-29,76.0,254.0,Stanford,2016.0,3.0,81.0,ATL,2016,11,17.0,0.0,64.0,0.0,0.1464705882352941,2024.0,Austin Hooper,NE,30.0,TE,17.0,8.0,59.0,45.0,476.0,,25.0,251.0,5.6,225.0,5.0,5.8,3.0,15.0,1.0,0.017,2.0,102.1,2025-09-03,,,,,,,,,,,,,,,,,,,,,,,,,,,,,,,,,,,,,,,,,,,,,,,,,,,,,,,,,,,,,,,,,,,,,,,,,,,,,17,6.7,-0.5,2,1,0
2024,Jake Ferguson,J.Ferguson,00-0038041,DAL,TE,TE,25.0,14,104.4,7.457142857142857,45.400000000000006,59.0,59,86,494,0,0.1382636655948553,0.07682458386683738,0.26117270709906915,0,0,0,0,0,0,0,0,616.0,0.6528571428571429,0.16948051948051948,7.457142857142857,4.606636397752584,15.5,0,TE,"https://static.www.nfl.com/image/upload/f_auto,q_auto/league/xpykb0tbosfwsn6dqstb",REG,0,0,0,0,0,0,0,,,0,,0,0,0,0,0,0,0,,0,0,0,0,0,4,2,360,309,18,-12.711065217071749,0,18,10,6,0,1.3722222222222222,0,2,0,0,0,0,0,0.0,0.0,0,0,0,0,0,0,0,0,0,0,0,0,0,1,0,0,0,0,7,45,4,0,1,4,2,0,0,0,0,0,0,0,0,,,0,0,0,0,0,0,0,0,0,0,0,0,,,,0,0,0,0,0,0,0,,0,0,0,0,,0,0,,0,0,0,0,0,0,0,0,0,0,,,,,,,,,,,,,,,,,,,,,,,,,,,,,,,,,,,,,,,,,,,,,,,,,,,,,,,,,,,,,,,,,,,,,,,,,,,,,,,,,,,,,,,,,,,,,,,,,,,,,,,,,,,,,,,,,,,,,,,,,,,,,,,,,,,,,,,,,,,,,,,,,,,,00-0038041,FergJa00,4242355.0,Jake Ferguson,1999-01-18,77.0,250.0,Wisconsin,2022.0,4.0,129.0,DAL,2022,5,14.0,0.0,0.0,0.0,0.0,2024.0,Jake Ferguson,DAL,25.0,TE,14.0,14.0,86.0,59.0,494.0,,18.0,185.0,3.1,309.0,5.2,4.1,6.0,9.8,3.0,0.035,0.0,83.2,2025-09-03,,,,,,,,,,,,,,,,,,,,,,,,,,,,,,,,,,,,,,,,,,,,,,,,,,,,,,,,,,,,,,,,,,,,,,,,,,,,,14,5.35,2.1,5,1,0
2024,Noah Fant,N.Fant,00-0035644,SEA,TE,TE,26.0,14,104.0,7.428571428571429,56.0,48.0,48,64,500,1,0.11247803163444639,0.08240155566358776,0.22639813641618103,0,0,0,0,0,0,0,0,569.0,0.6328571428571428,0.1827768014059754,7.428571428571429,4.229280457337062,17.3,0,TE,"https://static.www.nfl.com/image/upload/f_auto,q_auto/league/lijnonbrcmplvkcb5kqv",REG,0,0,0,0,0,0,0,,,0,,0,0,0,0,0,0,0,,0,0,0,0,0,0,0,339,277,25,6.513732459180894,0,25,8,3,0,1.4749262536873156,0,2,0,0,0,0,0,0.0,0.0,0,0,0,0,0,0,0,0,0,0,0,0,0,0,0,0,0,0,0,0,0,0,0,0,0,0,0,0,0,0,0,0,0,,,0,0,0,0,0,0,0,0,0,0,0,0,,,,0,0,0,0,0,0,0,,0,0,0,0,,0,0,,0,0,0,0,0,0,0,0,0,0,,,,,,,,,,,,,,,,,,,,,,,,,,,,,,,,,,,,,,,,,,,,,,,,,,,,,,,,,,,,,,,,,,,,,,,,,,,,,,,,,,,,,,,,,,,,,,,,,,,,,,,,,,,,,,,,,,,,,,,,,,,,,,,,,,,,,,,,,,,,,,,,,,,,00-0035644,FantNo00,4036131.0,Noah Fant,1997-11-20,76.0,249.0,Iowa,2019.0,1.0,20.0,DEN,2019,8,14.0,0.0,0.0,0.0,0.0,2024.0,Noah Fant,SEA,27.0,TE,14.0,9.0,64.0,48.0,500.0,,25.0,223.0,4.6,277.0,5.8,5.4,2.0,24.0,1.0,0.016,3.0,82.8,2025-09-03,,,,,,,,,,,,,,,,,,,,,,,,,,,,,,,,,,,,,,,,,,,,,,,,,,,,,,,,,,,,,,,,,,,,,,,,,,,,,14,5.5,2.4000000000000004,4,1,0
2024,Dallas Goedert,D.Goedert,00-0034351,PHI,TE,TE,27.0,10,103.6,10.36,61.6,41.99999999999999,42,52,496,2,0.12440191387559808,0.09847832328452484,0.2555376971125645,0,0,0,0,0,0,0,0,446.0,0.65,0.23228699551569507,10.36,7.002888293014849,27.0,1,TE,"https://static.www.nfl.com/image/upload/f_auto,q_auto/league/bafepstxu7vvxb9v5vua",REG,0,0,0,0,0,0,0,,,0,,0,0,0,0,0,0,0,,0,0,0,0,0,2,0,343,257,20,19.366237246305356,0,17,11,6,2,1.446064139941691,0,1,0,0,0,0,0,0.0,0.0,0,0,0,0,0,0,0,0,0,0,0,0,0,0,0,0,0,0,2,15,2,0,1,2,0,0,0,0,0,0,0,0,0,,,0,0,0,0,0,0,0,0,0,0,0,0,,,,0,0,0,0,0,0,0,,0,0,0,0,,0,0,,0,0,0,0,0,0,0,0,0,0,D.Goedert,Dallas Goedert,TE,TE,"https://static.www.nfl.com/image/upload/f_auto,q_auto/league/bafepstxu7vvxb9v5vua",2024.0,POST,PHI,4.0,0.0,0.0,0.0,0.0,0.0,0.0,0.0,0.0,0.0,0.0,0.0,0.0,,,0.0,,0.0,0.0,0.0,0.0,2.0,13.0,0.0,0.0,0.0,0.0,0.9854775795247406,0.0,0.0,0.0,0.0,0.0,17.0,20.0,215.0,1.0,0.0,0.0,115.0,129.0,9.0,13.222113525611348,0.0,9.0,4.0,4.0,0.0,1.8695652173913044,0.23529411764705882,0.18459069020866772,0.4821546596166556,0.0,0.0,0.0,0.0,0.0,0.0,0.0,0.0,0.0,0.0,0.0,0.0,0.0,0.0,0.0,0.0,0.0,0.0,0.0,0.0,0.0,0.0,0.0,0.0,0.0,0.0,0.0,1.0,5.0,0.0,0.0,0.0,0.0,0.0,0.0,0.0,0.0,0.0,0.0,0.0,0.0,0.0,,,0.0,0.0,0.0,0.0,0.0,0.0,0.0,0.0,0.0,0.0,0.0,0.0,,,,0.0,0.0,0.0,0.0,0.0,0.0,0.0,,0.0,0.0,0.0,0.0,,0.0,0.0,,0.0,0.0,0.0,0.0,0.0,0.0,0.0,0.0,0.0,0.0,28.8,45.8,00-0034351,GoedDa00,3121023.0,Dallas Goedert,1995-01-03,77.0,256.0,South Dakota State,2018.0,2.0,49.0,PHI,2018,9,10.0,0.0,3.0,0.0,0.011000000000000001,2024.0,Dallas Goedert,PHI,29.0,TE,10.0,10.0,52.0,42.0,496.0,,20.0,239.0,5.7,257.0,6.1,6.8,2.0,21.0,1.0,0.019,1.0,111.2,2025-09-03,,,,,,,,,,,,,,,,,,,,,,,,,,,,,,,,,,,,,,,,,,,,,,,,,,,,,,,,,,,,,,,,,,,,,,,,,,,,,10,10.0,0.0,5,1,1
2024,Foster Moreau,F.Moreau,00-0034981,NO,TE,TE,28.0,16,103.30000000000001,6.456250000000001,71.30000000000001,32.0,32,43,413,5,0.08317214700193423,0.08961625282167043,0.18748959747807065,0,0,0,0,0,0,0,0,752.0,0.6911764705882353,0.13736702127659575,6.45625,4.8699033186844,14.3,0,TE,"https://static.www.nfl.com/image/upload/f_auto,q_auto/league/daymhftrwf00siu0iviy",REG,0,0,0,0,0,0,0,,,0,,0,0,0,0,0,0,0,,0,0,0,0,0,0,0,397,158,21,19.917017050887303,0,15,11,7,1,1.0403022670025188,0,0,0,1,0,0,0,0.0,0.0,0,0,0,0,0,0,0,0,0,0,0,0,0,0,0,0,0,0,6,60,0,0,0,0,0,0,0,0,0,0,0,0,0,,,0,0,0,0,0,0,0,0,0,0,0,0,,,,0,0,0,0,0,0,0,,0,0,0,0,,0,0,,0,0,0,0,0,0,0,0,0,0,,,,,,,,,,,,,,,,,,,,,,,,,,,,,,,,,,,,,,,,,,,,,,,,,,,,,,,,,,,,,,,,,,,,,,,,,,,,,,,,,,,,,,,,,,,,,,,,,,,,,,,,,,,,,,,,,,,,,,,,,,,,,,,,,,,,,,,,,,,,,,,,,,,,00-0034981,MoreFo00,3843945.0,Foster Moreau,1997-05-06,76.0,250.0,LSU,2019.0,4.0,137.0,LV,2019,8,17.0,0.0,68.0,0.0,0.14588235294117646,2024.0,Foster Moreau,NO,27.0,TE,17.0,17.0,43.0,32.0,413.0,,21.0,255.0,8.0,158.0,4.9,9.2,2.0,16.0,0.0,0.0,1.0,133.2,2025-09-03,,,,,,,,,,,,,,,,,,,,,,,,,,,,,,,,,,,,,,,,,,,,,,,,,,,,,,,,,,,,,,,,,,,,,,,,,,,,,16,6.55,0.0,3,0,0
2024,Taysom Hill,T.Hill,00-0033357,NO,TE,TE,29.0,8,102.34,12.7925,79.34,23.0,23,31,187,0,0.059961315280464215,0.02437923250564334,0.10700743567464666,39,278,6,2,4,21,0,1,225.0,0.425,0.45484444444444444,12.7925,12.475314768430836,41.519999999999996,1,TE,"https://static.www.nfl.com/image/upload/f_auto,q_auto/league/q8itjlocg5do60qat4l3",REG,0,0,0,0,53,9,1,-3.2176933154271543,-4.944822937250137,0,0.39622641509433965,1,1,0,0,0,0,18,23.952851433306932,0,5,4,2,1,1,1,108,137,8,1.2136351755470969,0,6,2,2,0,1.7314814814814814,0,1,0,0,1,22,1,0.0,0.0,0,0,0,0,0,0,0,0,0,0,0,0,0,0,0,0,0,0,0,0,1,0,0,1,1,0,0,1,42,0,0,0,0,,,0,0,0,0,0,0,0,0,0,0,0,0,,,,0,0,0,0,0,0,0,,0,0,0,0,,0,0,,0,0,0,0,0,0,0,0,0,0,,,,,,,,,,,,,,,,,,,,,,,,,,,,,,,,,,,,,,,,,,,,,,,,,,,,,,,,,,,,,,,,,,,,,,,,,,,,,,,,,,,,,,,,,,,,,,,,,,,,,,,,,,,,,,,,,,,,,,,,,,,,,,,,,,,,,,,,,,,,,,,,,,,,00-0033357,HillTa00,2468609.0,Taysom Hill,1990-08-23,74.0,221.0,BYU,,,,,2017,9,8.0,0.0,73.0,0.0,0.33375,2024.0,Taysom Hill,NO,34.0,TE,8.0,8.0,31.0,23.0,187.0,,8.0,50.0,2.2,137.0,6.0,3.5,2.0,11.5,2.0,0.065,0.0,89.0,2025-09-03,2024.0,Taysom Hill,NO,34.0,TE,8.0,8.0,39.0,278.0,,18.0,108.0,2.8,170.0,4.4,4.0,9.8,2025-09-03,Taysom Hill,NO,4.0,0.0,0.0,0.0,0.0,1.0,25.0,2024.0,2.3,2.0,0.0,1.0,1.0,25.0,0.0,2.0,50.0,2.0,10.0,1.0,0.0,1.0,10.0,,,53.0,13.3,12.0,6.0,3.0,9.0,4.5,0.0,,2024.0,Regular,Season Total,NO,T. Hill,,91.0,4.7,26.0,6.6,-0.7,7.4,0.0,0.0,92.7,0.0,Taysom,Hill,Taysom Hill,https://a.espncdn.com/i/headshots/nfl/players/full/2468609.png,Saints,False,8,8.35,2.9000000000000004,3,2,1
2024,Dalton Kincaid,D.Kincaid,00-0038933,BUF,TE,TE,30.0,13,100.80000000000001,7.753846153846155,56.800000000000004,44.00000000000001,44,75,448,2,0.15151515151515152,0.1344439230408259,0.3213834734013054,0,0,0,0,0,0,0,0,471.0,0.5700000000000001,0.21401273885350322,7.753846153846154,3.4197015914197793,13.100000000000001,0,TE,"https://static.www.nfl.com/image/upload/f_auto,q_auto/league/z7k857flehljboaixj8m",REG,0,0,0,0,0,0,0,,,0,,0,0,0,0,0,0,0,,0,0,0,0,0,1,0,573,274,23,14.806048939535463,0,18,6,5,0,0.7818499127399651,0,0,0,0,0,0,0,0.0,0.0,0,0,0,0,0,0,0,0,0,0,0,0,0,0,0,0,0,0,0,0,1,0,1,1,0,0,0,0,0,0,0,0,0,,,0,0,0,0,0,0,0,0,0,0,0,0,,,,0,0,0,0,0,0,0,,0,0,0,0,,0,0,,0,0,0,0,0,0,0,0,0,0,D.Kincaid,Dalton Kincaid,TE,TE,"https://static.www.nfl.com/image/upload/f_auto,q_auto/league/z7k857flehljboaixj8m",2024.0,POST,BUF,3.0,0.0,0.0,0.0,0.0,0.0,0.0,0.0,0.0,0.0,0.0,0.0,0.0,,,0.0,,0.0,0.0,0.0,0.0,0.0,0.0,0.0,0.0,0.0,0.0,,0.0,0.0,0.0,0.0,0.0,6.0,9.0,71.0,0.0,0.0,0.0,98.0,22.0,2.0,0.12404835066990927,0.0,3.0,1.0,1.0,0.0,0.7244897959183674,0.11688311688311688,0.14540059347181009,0.2771050907549424,0.0,0.0,0.0,0.0,0.0,0.0,0.0,0.0,0.0,0.0,0.0,0.0,0.0,0.0,0.0,0.0,0.0,0.0,0.0,0.0,0.0,0.0,0.0,0.0,0.0,0.0,0.0,1.0,10.0,0.0,0.0,0.0,0.0,0.0,0.0,0.0,0.0,0.0,0.0,0.0,0.0,0.0,,,0.0,0.0,0.0,0.0,0.0,0.0,0.0,0.0,0.0,0.0,0.0,0.0,,,,0.0,0.0,0.0,0.0,0.0,0.0,0.0,,0.0,0.0,0.0,0.0,,0.0,0.0,,0.0,0.0,0.0,0.0,0.0,0.0,0.0,0.0,0.0,0.0,7.1000000000000005,13.100000000000001,00-0038933,KincDa00,4385690.0,Dalton Kincaid,1999-10-18,75.0,246.0,Utah; Univ of California-San Diego,2023.0,1.0,25.0,BUF,2023,4,13.0,0.0,3.0,0.0,0.007692307692307693,2024.0,Dalton Kincaid,BUF,25.0,TE,13.0,9.0,75.0,44.0,448.0,,23.0,174.0,4.0,274.0,6.2,7.5,4.0,11.0,6.0,0.08,0.0,84.7,2025-09-03,,,,,,,,,,,,,,,,,,,,,,,,,,,,,,,,,,,,,,,,,,,,,,,,,,,,,,,,,,,,,,,,,,,,,,,,,,,,,13,7.300000000000001,2.1,3,0,0
2024,Brenton Strange,B.Strange,00-0038935,JAX,TE,TE,31.0,14,91.1,6.507142857142857,51.1,39.99999999999999,40,53,411,2,0.10153256704980843,0.07435673789795029,0.20434856710327787,0,0,0,0,0,0,0,0,575.0,0.5423529411764706,0.15843478260869565,6.507142857142857,5.2695736633438,18.3,0,TE,"https://static.www.nfl.com/image/upload/f_auto,q_auto/league/devxzxwf1sfficgncggm",REG,0,0,0,0,0,0,0,,,0,,0,0,0,0,0,0,0,,0,0,0,0,0,1,1,341,183,21,18.947213858897367,0,15,7,7,0,1.2052785923753666,0,0,0,1,0,0,0,0.0,0.0,0,0,0,0,0,0,0,0,0,0,0,0,0,0,0,0,0,0,2,15,1,0,0,1,1,0,0,0,0,0,0,0,0,,,0,0,0,0,0,0,0,0,0,0,0,0,,,,0,0,0,0,0,0,0,,0,0,0,0,,0,0,,0,0,0,0,0,0,0,0,0,0,,,,,,,,,,,,,,,,,,,,,,,,,,,,,,,,,,,,,,,,,,,,,,,,,,,,,,,,,,,,,,,,,,,,,,,,,,,,,,,,,,,,,,,,,,,,,,,,,,,,,,,,,,,,,,,,,,,,,,,,,,,,,,,,,,,,,,,,,,,,,,,,,,,,00-0038935,StraBr00,4430539.0,Brenton Strange,2000-12-27,76.0,253.0,Penn State,2023.0,2.0,61.0,JAX,2023,4,17.0,0.0,210.0,0.0,0.49235294117647055,2024.0,Brenton Strange,JAX,24.0,TE,17.0,10.0,53.0,40.0,411.0,,21.0,228.0,5.7,183.0,4.6,6.4,3.0,13.3,3.0,0.057,0.0,109.9,2025-09-03,,,,,,,,,,,,,,,,,,,,,,,,,,,,,,,,,,,,,,,,,,,,,,,,,,,,,,,,,,,,,,,,,,,,,,,,,,,,,14,4.7,0.0,4,1,0
2024,Jordan Akins,J.Akins,00-0034364,CLE,TE,TE,32.0,16,91.0,5.6875,51.0,40.0,40,58,390,2,0.0914826498422713,0.06778015148572539,0.1846700808034147,0,0,0,0,0,0,0,0,456.0,0.3911764705882353,0.19956140350877194,5.6875,4.789693796754305,18.0,0,TE,"https://static.www.nfl.com/image/private/f_auto,q_auto/league/fgkl9zfpy2yxrkxfge84",REG,0,0,0,0,0,0,0,,,0,,0,0,0,0,0,0,0,,0,0,0,0,0,1,0,349,177,20,10.993559822587349,0,18,6,3,0,1.1174785100286533,0,1,0,0,0,0,0,0.0,0.0,0,0,0,0,0,0,0,0,0,0,0,0,0,1,0,0,0,0,1,10,1,0,0,1,0,0,0,0,0,0,0,0,0,,,0,0,0,0,0,0,0,0,0,0,0,0,,,,0,0,0,0,0,0,0,,0,0,0,0,,0,0,,0,0,0,0,0,0,0,0,0,0,,,,,,,,,,,,,,,,,,,,,,,,,,,,,,,,,,,,,,,,,,,,,,,,,,,,,,,,,,,,,,,,,,,,,,,,,,,,,,,,,,,,,,,,,,,,,,,,,,,,,,,,,,,,,,,,,,,,,,,,,,,,,,,,,,,,,,,,,,,,,,,,,,,,00-0034364,AkinJo00,3128452.0,Jordan Akins,1992-04-19,76.0,245.0,UCF,2018.0,3.0,98.0,HOU,2018,8,17.0,0.0,150.0,0.0,0.30823529411764705,2024.0,Jordan Akins,CLE,32.0,TE,17.0,6.0,58.0,40.0,390.0,,20.0,213.0,5.3,177.0,4.4,6.0,1.0,40.0,1.0,0.017,1.0,91.9,2025-09-03,,,,,,,,,,,,,,,,,,,,,,,,,,,,,,,,,,,,,,,,,,,,,,,,,,,,,,,,,,,,,,,,,,,,,,,,,,,,,16,5.85,0.0,3,1,0
2024,Evan Engram,E.Engram,00-0033881,JAX,TE,TE,33.0,9,89.5,9.944444444444445,42.5,47.0,47,64,365,1,0.12260536398467432,0.07849978194505015,0.2388578933385466,0,0,0,0,0,0,0,0,363.0,0.7200000000000001,0.2465564738292011,9.944444444444445,4.613326107894149,18.200000000000003,0,TE,"https://static.www.nfl.com/image/upload/f_auto,q_auto/league/nucl2dxmpvhlywhyro8o",REG,0,0,0,0,0,0,0,,,0,,0,0,0,0,0,0,0,,0,0,0,0,0,1,1,360,150,17,-0.8837634745371383,1,15,4,2,0,1.0138888888888888,0,1,0,0,0,0,0,0.0,0.0,0,0,0,0,0,0,0,0,0,0,0,0,0,0,0,0,0,0,0,0,1,0,0,1,1,0,0,0,0,0,0,0,0,,,0,0,0,0,0,0,0,0,0,0,0,0,,,,0,0,0,0,0,0,0,,0,0,0,0,,0,0,,0,0,0,0,0,0,0,0,0,0,,,,,,,,,,,,,,,,,,,,,,,,,,,,,,,,,,,,,,,,,,,,,,,,,,,,,,,,,,,,,,,,,,,,,,,,,,,,,,,,,,,,,,,,,,,,,,,,,,,,,,,,,,,,,,,,,,,,,,,,,,,,,,,,,,,,,,,,,,,,,,,,,,,,00-0033881,EngrEv00,3051876.0,Evan Engram,1994-09-02,75.0,240.0,Mississippi,2017.0,1.0,23.0,NYG,2017,10,9.0,0.0,1.0,0.0,0.0044444444444444444,2024.0,Evan Engram,JAX,30.0,TE,9.0,9.0,64.0,47.0,365.0,,17.0,215.0,4.6,150.0,3.2,5.4,0.0,,4.0,0.063,0.0,92.3,2025-09-03,,,,,,,,,,,,,,,,,,,,,,,,,,,,,,,,,,,,,,,,,,,,,,,,,,,,,,,,,,,,,,,,,,,,,,,,,,,,,9,10.0,1.5,5,1,0
2024,T.J. Hockenson,T.Hockenson,00-0035229,MIN,TE,TE,34.0,10,86.5,8.65,45.5,41.0,41,62,455,0,0.11992263056092843,0.11243243243243244,0.25858664854409535,0,0,0,0,0,0,0,0,423.0,0.615,0.2044917257683215,8.65,5.211365783874063,18.4,0,TE,"https://static.www.nfl.com/image/upload/f_auto,q_auto/league/rs8o65x0u0n9xzde0fd6",REG,0,0,0,0,0,0,0,,,0,,0,0,0,0,0,0,0,,0,0,0,0,0,0,0,520,145,30,9.4577888110629,0,19,9,5,0,0.875,0,0,0,0,0,0,0,0.0,0.0,0,0,0,0,0,0,0,0,0,0,0,0,0,0,0,0,0,0,0,0,0,0,0,0,0,0,0,0,0,0,0,0,0,,,0,0,0,0,0,0,0,0,0,0,0,0,,,,0,0,0,0,0,0,0,,0,0,0,0,,0,0,,0,0,0,0,0,0,0,0,0,0,T.Hockenson,T.J. Hockenson,TE,TE,"https://static.www.nfl.com/image/upload/f_auto,q_auto/league/rs8o65x0u0n9xzde0fd6",2024.0,POST,MIN,1.0,0.0,0.0,0.0,0.0,0.0,0.0,0.0,0.0,0.0,0.0,0.0,0.0,,,0.0,,0.0,0.0,0.0,0.0,0.0,0.0,0.0,0.0,0.0,0.0,,0.0,0.0,0.0,0.0,0.0,5.0,5.0,64.0,1.0,0.0,0.0,33.0,31.0,3.0,6.590606097597629,0.0,3.0,2.0,1.0,0.0,1.9393939393939394,0.125,0.07857142857142857,0.2425,0.0,0.0,0.0,0.0,0.0,0.0,0.0,0.0,0.0,0.0,0.0,0.0,0.0,0.0,0.0,0.0,0.0,0.0,0.0,0.0,0.0,0.0,0.0,0.0,0.0,0.0,0.0,0.0,0.0,0.0,0.0,0.0,0.0,0.0,0.0,0.0,0.0,0.0,0.0,0.0,0.0,0.0,,,0.0,0.0,0.0,0.0,0.0,0.0,0.0,0.0,0.0,0.0,0.0,0.0,,,,0.0,0.0,0.0,0.0,0.0,0.0,0.0,,0.0,0.0,0.0,0.0,,0.0,0.0,,0.0,0.0,0.0,0.0,0.0,0.0,0.0,0.0,0.0,0.0,12.4,17.4,00-0035229,HockTJ00,4036133.0,T.J. Hockenson,1997-07-03,77.0,248.0,Iowa,2019.0,1.0,8.0,DET,2019,8,10.0,0.0,3.0,0.0,0.012,2024.0,TJ Hockenson,MIN,27.0,TE,10.0,9.0,62.0,41.0,455.0,,30.0,310.0,7.6,145.0,3.5,8.4,1.0,41.0,2.0,0.032,2.0,74.3,2025-09-03,,,,,,,,,,,,,,,,,,,,,,,,,,,,,,,,,,,,,,,,,,,,,,,,,,,,,,,,,,,,,,,,,,,,,,,,,,,,,10,7.15,2.9,4,2,0
2024,AJ Barner,A.Barner,00-0039793,SEA,TE,TE,35.0,15,78.5,5.233333333333333,48.5,30.0,30,38,245,4,0.06678383128295255,0.03305785123966942,0.12331624279219741,0,0,0,0,0,0,0,0,501.0,0.4505882352941177,0.156686626746507,5.233333333333333,4.097502142711313,14.4,0,TE,"https://static.www.nfl.com/image/upload/f_auto,q_auto/league/i0esiguve9if4ts5mm1q",REG,0,0,0,0,0,0,0,,,0,,0,0,0,0,0,0,0,,0,0,0,0,0,0,0,136,164,18,11.08664151391713,0,11,2,1,0,1.8014705882352942,0,3,0,0,0,0,0,0.0,0.0,0,0,0,0,0,0,0,0,0,0,0,0,0,0,0,0,0,0,4,35,0,0,0,0,0,0,0,0,0,0,0,0,0,,,0,0,0,0,0,0,0,0,0,0,0,0,,,,0,0,0,0,0,0,0,,0,0,0,0,,0,0,,0,0,0,0,0,0,0,0,0,0,,,,,,,,,,,,,,,,,,,,,,,,,,,,,,,,,,,,,,,,,,,,,,,,,,,,,,,,,,,,,,,,,,,,,,,,,,,,,,,,,,,,,,,,,,,,,,,,,,,,,,,,,,,,,,,,,,,,,,,,,,,,,,,,,,,,,,,,,,,,,,,,,,,,00-0039793,BarnAJ00,4576297.0,AJ Barner,2002-05-03,78.0,251.0,Michigan; Indiana,2024.0,4.0,121.0,SEA,2024,3,17.0,0.0,160.0,0.0,0.3394117647058823,2024.0,AJ Barner,SEA,22.0,TE,17.0,6.0,38.0,30.0,245.0,,18.0,81.0,2.7,164.0,5.5,3.6,1.0,30.0,3.0,0.079,1.0,117.7,2025-09-03,,,,,,,,,,,,,,,,,,,,,,,,,,,,,,,,,,,,,,,,,,,,,,,,,,,,,,,,,,,,,,,,,,,,,,,,,,,,,15,4.3,0.0,2,0,0
2024,Ja'Tavion Sanders,J.Sanders,00-0039356,CAR,TE,TE,36.0,15,73.2,4.88,40.2,33.0,33,43,342,1,0.08301158301158301,0.06003584229390681,0.16654246412310927,0,0,0,0,0,0,0,0,531.0,0.56125,0.13785310734463277,4.88,4.447985097611213,12.700000000000001,0,TE,"https://static.www.nfl.com/image/upload/f_auto,q_auto/league/le2akm1cbou170ioctxl",REG,0,0,0,0,0,0,0,,,0,,0,0,0,0,0,0,0,,0,0,0,0,0,1,0,268,190,13,11.650561878045883,0,13,7,6,1,1.2761194029850746,0,0,0,0,0,0,0,0.0,0.0,0,0,0,0,0,0,0,0,0,0,0,0,0,1,2,0,0,0,3,19,1,0,1,1,0,0,0,0,0,0,0,0,0,,,0,0,0,0,0,0,0,0,0,0,0,0,,,,0,0,0,0,0,0,0,,0,0,0,0,,0,0,,0,0,0,0,0,0,0,0,0,0,,,,,,,,,,,,,,,,,,,,,,,,,,,,,,,,,,,,,,,,,,,,,,,,,,,,,,,,,,,,,,,,,,,,,,,,,,,,,,,,,,,,,,,,,,,,,,,,,,,,,,,,,,,,,,,,,,,,,,,,,,,,,,,,,,,,,,,,,,,,,,,,,,,,00-0039356,SandJa01,4431588.0,Ja'Tavion Sanders,2003-03-27,76.0,252.0,Texas,2024.0,4.0,101.0,CAR,2024,3,16.0,0.0,109.0,0.0,0.244375,2024.0,JaTavion Sanders,CAR,21.0,TE,16.0,8.0,43.0,33.0,342.0,,13.0,152.0,4.6,190.0,5.8,6.2,1.0,33.0,2.0,0.047,0.0,106.9,2025-09-03,,,,,,,,,,,,,,,,,,,,,,,,,,,,,,,,,,,,,,,,,,,,,,,,,,,,,,,,,,,,,,,,,,,,,,,,,,,,,15,3.6,0.0,2,0,0
2024,Theo Johnson,T.Johnson,00-0039847,NYG,TE,TE,37.0,11,68.1,6.1909090909090905,39.1,28.999999999999993,29,43,331,1,0.0776173285198556,0.07165961682010451,0.16658772455385656,0,0,0,0,0,0,0,0,683.0,0.8416666666666667,0.09970717423133235,6.1909090909090905,4.269064193814505,14.100000000000001,0,TE,"https://static.www.nfl.com/image/upload/f_auto,q_auto/league/fv2jbzlocr1o3ahkru43",REG,0,0,0,0,0,0,0,,,0,,0,0,0,0,0,0,0,,0,0,0,0,0,0,0,288,149,16,4.542643655178836,0,15,5,4,0,1.1493055555555556,0,0,0,0,0,0,0,0.0,0.0,0,0,0,0,0,0,0,0,0,0,0,0,0,0,0,0,0,0,4,40,0,0,0,0,0,0,0,0,0,0,0,0,0,,,0,0,0,0,0,0,0,0,0,0,0,0,,,,0,0,0,0,0,0,0,,0,0,0,0,,0,0,,0,0,0,0,0,0,0,0,0,0,,,,,,,,,,,,,,,,,,,,,,,,,,,,,,,,,,,,,,,,,,,,,,,,,,,,,,,,,,,,,,,,,,,,,,,,,,,,,,,,,,,,,,,,,,,,,,,,,,,,,,,,,,,,,,,,,,,,,,,,,,,,,,,,,,,,,,,,,,,,,,,,,,,,00-0039847,JohnTh00,4429148.0,Theo Johnson,2001-02-26,78.0,264.0,Penn State,2024.0,4.0,107.0,NYG,2024,3,12.0,0.0,81.0,0.0,0.2608333333333333,2024.0,Theo Johnson,NYG,23.0,TE,12.0,11.0,43.0,29.0,331.0,,16.0,182.0,6.3,149.0,5.1,6.7,1.0,29.0,5.0,0.11599999999999999,1.0,88.4,2025-09-03,,,,,,,,,,,,,,,,,,,,,,,,,,,,,,,,,,,,,,,,,,,,,,,,,,,,,,,,,,,,,,,,,,,,,,,,,,,,,11,6.5,0.0,2,0,0
2024,Josh Oliver,J.Oliver,00-0035249,MIN,TE,TE,38.0,12,65.8,5.483333333333333,43.8,22.0,22,28,258,3,0.05415860735009671,0.047135135135135134,0.11423250561973966,0,0,0,0,0,0,0,0,552.0,0.5546666666666666,0.11920289855072463,5.483333333333333,5.216204355543203,16.8,0,TE,"https://static.www.nfl.com/image/upload/f_auto,q_auto/league/awdb5xedlbq0ebpptgzb",REG,0,0,0,0,0,0,0,,,0,,0,0,0,0,0,0,0,,0,0,0,0,0,0,0,218,129,14,16.962974843394477,0,11,5,5,0,1.18348623853211,0,3,0,0,0,0,0,0.0,0.0,0,0,0,0,0,0,0,0,0,0,0,0,0,0,0,0,0,0,3,22,0,0,0,0,0,0,0,0,0,0,0,0,0,,,0,0,0,0,0,0,0,0,0,0,0,0,,,,0,0,0,0,0,0,0,,0,0,0,0,,0,0,,0,0,0,0,0,0,0,0,0,0,J.Oliver,Josh Oliver,TE,TE,"https://static.www.nfl.com/image/upload/f_auto,q_auto/league/awdb5xedlbq0ebpptgzb",2024.0,POST,MIN,1.0,0.0,0.0,0.0,0.0,0.0,0.0,0.0,0.0,0.0,0.0,0.0,0.0,,,0.0,,0.0,0.0,0.0,0.0,0.0,0.0,0.0,0.0,0.0,0.0,,0.0,0.0,0.0,0.0,0.0,1.0,1.0,5.0,0.0,0.0,0.0,-2.0,7.0,0.0,0.0395194492302835,0.0,0.0,0.0,0.0,0.0,0.0,0.025,-0.004761904761904762,0.03416666666666667,0.0,0.0,0.0,0.0,0.0,0.0,0.0,0.0,0.0,0.0,0.0,0.0,0.0,0.0,0.0,0.0,0.0,0.0,0.0,0.0,0.0,0.0,0.0,0.0,0.0,0.0,0.0,0.0,0.0,0.0,0.0,0.0,0.0,0.0,0.0,0.0,0.0,0.0,0.0,0.0,0.0,0.0,,,0.0,0.0,0.0,0.0,0.0,0.0,0.0,0.0,0.0,0.0,0.0,0.0,,,,0.0,0.0,0.0,0.0,0.0,0.0,0.0,,0.0,0.0,0.0,0.0,,0.0,0.0,,0.0,0.0,0.0,0.0,0.0,0.0,0.0,0.0,0.0,0.0,0.5,1.5,00-0035249,OlivJo00,3921690.0,Josh Oliver,1997-03-21,77.0,264.0,San Jose State,2019.0,3.0,69.0,JAX,2019,8,15.0,0.0,119.0,0.0,0.30866666666666664,2024.0,Josh Oliver,MIN,27.0,TE,15.0,12.0,28.0,22.0,258.0,,14.0,129.0,5.9,129.0,5.9,7.8,0.0,,2.0,0.071,0.0,140.8,2025-09-03,,,,,,,,,,,,,,,,,,,,,,,,,,,,,,,,,,,,,,,,,,,,,,,,,,,,,,,,,,,,,,,,,,,,,,,,,,,,,12,4.15,0.0,2,1,0
2024,Colby Parkinson,C.Parkinson,00-0036244,LA,TE,TE,39.0,16,65.4,4.0875,35.400000000000006,30.0,30,49,294,1,0.09057301293900184,0.06377303588748788,0.1805006445297443,0,0,0,0,0,0,0,0,601.0,0.5488235294117647,0.10881863560732113,4.0875,3.599606459971238,12.2,0,TE,"https://static.www.nfl.com/image/upload/f_auto,q_auto/league/qsyrgtfjj06wryahnxc9",REG,0,0,0,0,0,0,0,,,0,,0,0,0,0,0,0,0,,0,0,0,0,0,0,0,263,160,15,3.198635619933222,0,11,3,2,0,1.11787072243346,0,1,0,0,0,0,0,0.0,0.0,0,0,0,0,0,0,0,0,0,0,0,0,0,0,0,0,0,0,3,20,0,0,0,0,0,0,0,0,0,0,0,0,0,,,0,0,0,0,0,0,0,0,0,0,0,0,,,,0,0,0,0,0,0,0,,0,0,0,0,,0,0,,0,0,0,0,0,0,0,0,0,0,C.Parkinson,Colby Parkinson,TE,TE,"https://static.www.nfl.com/image/upload/f_auto,q_auto/league/qsyrgtfjj06wryahnxc9",2024.0,POST,LA,2.0,0.0,0.0,0.0,0.0,0.0,0.0,0.0,0.0,0.0,0.0,0.0,0.0,,,0.0,,0.0,0.0,0.0,0.0,0.0,0.0,0.0,0.0,0.0,0.0,,0.0,0.0,0.0,0.0,0.0,4.0,4.0,22.0,1.0,0.0,0.0,14.0,8.0,1.0,2.3441312968498096,0.0,0.0,0.0,0.0,0.0,1.5714285714285714,0.05714285714285714,0.021806853582554516,0.10097908322207387,0.0,0.0,0.0,0.0,0.0,0.0,0.0,0.0,0.0,0.0,0.0,0.0,0.0,0.0,0.0,0.0,0.0,0.0,0.0,0.0,0.0,0.0,0.0,0.0,0.0,0.0,0.0,1.0,5.0,0.0,0.0,0.0,0.0,0.0,0.0,0.0,0.0,0.0,0.0,0.0,0.0,0.0,,,0.0,0.0,0.0,0.0,0.0,0.0,0.0,0.0,0.0,0.0,0.0,0.0,,,,0.0,0.0,0.0,0.0,0.0,0.0,0.0,,0.0,0.0,0.0,0.0,,0.0,0.0,,0.0,0.0,0.0,0.0,0.0,0.0,0.0,0.0,0.0,0.0,8.2,12.2,00-0036244,ParkCo02,4242557.0,Colby Parkinson,1999-01-07,79.0,265.0,Stanford,2020.0,4.0,133.0,SEA,2020,7,17.0,0.0,66.0,0.0,0.1535294117647059,2024.0,Colby Parkinson,LA,25.0,TE,17.0,9.0,49.0,30.0,294.0,,15.0,134.0,4.5,160.0,5.3,5.3,1.0,30.0,2.0,0.040999999999999995,0.0,84.9,2025-09-03,,,,,,,,,,,,,,,,,,,,,,,,,,,,,,,,,,,,,,,,,,,,,,,,,,,,,,,,,,,,,,,,,,,,,,,,,,,,,16,3.0,0.0,1,0,0
2024,Josh Whyle,J.Whyle,00-0038589,TEN,TE,TE,40.0,15,60.8,4.053333333333333,32.8,28.0,28,37,248,1,0.07297830374753451,0.04888888888888889,0.143689677843524,0,0,0,0,0,0,0,0,345.0,0.32,0.176231884057971,4.053333333333334,4.2701399553287755,14.7,0,TE,"https://static.www.nfl.com/image/upload/f_auto,q_auto/league/an9hxzbzmg6kgkdai022",REG,0,0,0,0,0,0,0,,,0,,0,0,0,0,0,0,0,,0,0,0,0,0,0,0,209,143,14,9.017634692963652,1,9,3,3,0,1.186602870813397,0,2,1,2,0,0,0,0.0,0.0,0,0,0,0,0,0,0,0,0,0,0,0,0,0,0,0,0,0,1,10,0,0,0,0,0,0,0,0,0,0,0,0,0,,,0,0,0,0,0,0,0,0,0,0,0,0,,,,0,0,0,0,0,0,0,,0,0,0,0,,0,0,,0,0,0,0,0,0,0,0,0,0,,,,,,,,,,,,,,,,,,,,,,,,,,,,,,,,,,,,,,,,,,,,,,,,,,,,,,,,,,,,,,,,,,,,,,,,,,,,,,,,,,,,,,,,,,,,,,,,,,,,,,,,,,,,,,,,,,,,,,,,,,,,,,,,,,,,,,,,,,,,,,,,,,,,00-0038589,WhylJo01,4360086.0,Josh Whyle,1999-09-08,79.0,248.0,Cincinnati,2023.0,5.0,147.0,TEN,2023,4,17.0,0.0,92.0,0.0,0.20411764705882354,2024.0,Josh Whyle,TEN,25.0,TE,17.0,4.0,37.0,28.0,248.0,,14.0,105.0,3.8,143.0,5.1,5.6,1.0,28.0,1.0,0.027000000000000003,0.0,102.1,2025-09-03,,,,,,,,,,,,,,,,,,,,,,,,,,,,,,,,,,,,,,,,,,,,,,,,,,,,,,,,,,,,,,,,,,,,,,,,,,,,,15,2.2,0.0,1,0,0
2024,Grant Calcaterra,G.Calcaterra,00-0037086,PHI,TE,TE,41.0,15,59.8,3.9866666666666664,35.8,24.0,24,30,298,1,0.07177033492822966,0.06316393913293138,0.15187025978539648,0,0,0,0,0,0,0,0,766.0,0.66,0.07806788511749346,3.986666666666667,3.810861669841437,10.7,0,TE,"https://static.www.nfl.com/image/upload/f_auto,q_auto/league/inpyxw55sxo96shrt4si",REG,0,0,0,0,0,0,0,,,0,,0,0,0,0,0,0,0,,0,0,0,0,0,0,0,220,126,15,15.894599471706897,0,11,7,6,0,1.3545454545454545,0,0,0,2,0,0,0,0.0,0.0,0,0,0,0,0,0,0,0,0,0,0,0,0,1,2,0,0,0,3,20,0,0,0,0,0,0,0,0,0,0,0,0,0,,,0,0,0,0,0,0,0,0,0,0,0,0,,,,0,0,0,0,0,0,0,,0,0,0,0,,0,0,,0,0,0,0,0,0,0,0,0,0,G.Calcaterra,Grant Calcaterra,TE,TE,"https://static.www.nfl.com/image/upload/f_auto,q_auto/league/inpyxw55sxo96shrt4si",2024.0,POST,PHI,1.0,0.0,0.0,0.0,0.0,0.0,0.0,0.0,0.0,0.0,0.0,0.0,0.0,,,0.0,,0.0,0.0,0.0,0.0,0.0,0.0,0.0,0.0,0.0,0.0,,0.0,0.0,0.0,0.0,0.0,1.0,1.0,4.0,0.0,0.0,0.0,4.0,0.0,0.0,-0.377142621204257,0.0,0.0,0.0,0.0,0.0,1.0,0.011764705882352941,0.006420545746388443,0.022141440846001323,0.0,0.0,0.0,0.0,0.0,0.0,0.0,0.0,0.0,0.0,0.0,0.0,0.0,0.0,0.0,0.0,0.0,0.0,0.0,0.0,0.0,0.0,0.0,0.0,0.0,0.0,0.0,0.0,0.0,0.0,0.0,0.0,0.0,0.0,0.0,0.0,0.0,0.0,0.0,0.0,0.0,0.0,,,0.0,0.0,0.0,0.0,0.0,0.0,0.0,0.0,0.0,0.0,0.0,0.0,,,,0.0,0.0,0.0,0.0,0.0,0.0,0.0,,0.0,0.0,0.0,0.0,,0.0,0.0,,0.0,0.0,0.0,0.0,0.0,0.0,0.0,0.0,0.0,0.0,0.4,1.4,00-0037086,CalcGr00,4241374.0,Grant Calcaterra,1998-12-04,76.0,240.0,SMU; Oklahoma,2022.0,6.0,198.0,PHI,2022,5,17.0,0.0,81.0,0.0,0.1811764705882353,2024.0,Grant Calcaterra,PHI,26.0,TE,17.0,13.0,30.0,24.0,298.0,,15.0,172.0,7.2,126.0,5.3,7.3,0.0,,0.0,0.0,0.0,119.2,2025-09-03,,,,,,,,,,,,,,,,,,,,,,,,,,,,,,,,,,,,,,,,,,,,,,,,,,,,,,,,,,,,,,,,,,,,,,,,,,,,,15,3.2,0.0,2,0,0
2024,Dawson Knox,D.Knox,00-0035689,BUF,TE,TE,42.0,14,59.1,4.2214285714285715,37.1,22.0,22,33,311,1,0.06666666666666667,0.07414359455654622,0.15190051618958236,0,0,0,0,0,0,0,0,618.0,0.600625,0.09563106796116505,4.2214285714285715,2.8295633181515076,8.2,0,TE,"https://static.www.nfl.com/image/upload/f_auto,q_auto/league/k8bi9ppahwfmoxs8ij4w",REG,0,0,0,0,0,0,0,,,0,,0,0,0,0,0,0,0,,0,0,0,0,0,0,0,316,94,12,10.105993749399204,0,11,9,7,0,0.9841772151898734,0,0,0,0,0,0,0,0.0,0.0,0,0,0,0,0,0,0,0,0,0,0,0,0,0,0,0,0,0,3,23,0,0,0,0,0,0,0,0,0,0,0,0,0,,,0,0,0,0,0,0,0,0,0,0,0,0,,,,0,0,0,0,0,0,0,,0,0,0,0,,0,0,,0,0,0,0,0,0,0,0,0,0,D.Knox,Dawson Knox,TE,TE,"https://static.www.nfl.com/image/upload/f_auto,q_auto/league/k8bi9ppahwfmoxs8ij4w",2024.0,POST,BUF,3.0,0.0,0.0,0.0,0.0,0.0,0.0,0.0,0.0,0.0,0.0,0.0,0.0,,,0.0,,0.0,0.0,0.0,0.0,0.0,0.0,0.0,0.0,0.0,0.0,,0.0,0.0,0.0,0.0,0.0,4.0,6.0,45.0,0.0,0.0,0.0,69.0,17.0,2.0,-0.2055598995066248,0.0,2.0,1.0,1.0,0.0,0.6521739130434783,0.07792207792207792,0.10237388724035608,0.18854483795136612,0.0,0.0,0.0,0.0,0.0,0.0,0.0,0.0,0.0,0.0,0.0,0.0,0.0,0.0,0.0,0.0,0.0,0.0,0.0,0.0,0.0,0.0,0.0,0.0,0.0,0.0,0.0,0.0,0.0,0.0,0.0,0.0,0.0,0.0,0.0,0.0,0.0,0.0,0.0,0.0,0.0,0.0,,,0.0,0.0,0.0,0.0,0.0,0.0,0.0,0.0,0.0,0.0,0.0,0.0,,,,0.0,0.0,0.0,0.0,0.0,0.0,0.0,,0.0,0.0,0.0,0.0,,0.0,0.0,,0.0,0.0,0.0,0.0,0.0,0.0,0.0,0.0,0.0,0.0,4.5,8.5,00-0035689,KnoxDa00,3930086.0,Dawson Knox,1996-11-14,76.0,254.0,Mississippi,2019.0,3.0,96.0,BUF,2019,8,16.0,0.0,4.0,0.0,0.008125,2024.0,Dawson Knox,BUF,28.0,TE,16.0,13.0,33.0,22.0,311.0,,12.0,217.0,9.9,94.0,4.3,8.8,0.0,,1.0,0.03,1.0,94.4,2025-09-03,,,,,,,,,,,,,,,,,,,,,,,,,,,,,,,,,,,,,,,,,,,,,,,,,,,,,,,,,,,,,,,,,,,,,,,,,,,,,14,3.75,1.0,0,0,0
2024,Luke Schoonmaker,L.Schoonmaker,00-0038547,DAL,TE,TE,43.0,12,57.1,4.758333333333334,30.1,27.0,27,36,241,1,0.05787781350482315,0.04246692274861289,0.11654356618126374,0,0,0,0,0,0,0,0,411.0,0.3447058823529412,0.13892944038929442,4.758333333333334,5.097853083466221,14.5,0,TE,"https://static.www.nfl.com/image/upload/f_auto,q_auto/league/g1slhy5joxxfeudlzrh9",REG,0,0,0,0,0,0,0,,,0,,0,0,0,0,0,0,0,,0,0,0,0,0,0,0,199,97,11,9.405915061652195,0,9,3,3,0,1.2110552763819096,0,3,0,2,0,0,0,0.0,0.0,0,0,0,0,0,0,0,0,0,0,0,0,0,0,0,0,0,0,3,35,0,0,0,0,0,0,0,0,0,0,0,0,0,,,0,0,0,0,0,0,0,0,0,0,0,0,,,,0,0,0,0,0,0,0,,0,0,0,0,,0,0,,0,0,0,0,0,0,0,0,0,0,,,,,,,,,,,,,,,,,,,,,,,,,,,,,,,,,,,,,,,,,,,,,,,,,,,,,,,,,,,,,,,,,,,,,,,,,,,,,,,,,,,,,,,,,,,,,,,,,,,,,,,,,,,,,,,,,,,,,,,,,,,,,,,,,,,,,,,,,,,,,,,,,,,,00-0038547,SchoLu00,4372096.0,Luke Schoonmaker,1998-09-28,77.0,250.0,Michigan,2023.0,2.0,58.0,DAL,2023,4,17.0,0.0,143.0,0.0,0.2911764705882353,2024.0,Luke Schoonmaker,DAL,26.0,TE,17.0,6.0,36.0,27.0,241.0,,11.0,144.0,5.3,97.0,3.6,5.5,0.0,,0.0,0.0,0.0,101.7,2025-09-03,,,,,,,,,,,,,,,,,,,,,,,,,,,,,,,,,,,,,,,,,,,,,,,,,,,,,,,,,,,,,,,,,,,,,,,,,,,,,12,2.7,0.0,3,0,0
2024,Tommy Tremble,T.Tremble,00-0037005,CAR,TE,TE,44.0,10,56.400000000000006,5.640000000000001,33.400000000000006,23.0,23,32,234,2,0.06177606177606178,0.04077060931899642,0.12120351918739017,0,0,0,0,0,0,0,0,519.0,0.6725,0.10867052023121389,5.64,4.004219996176256,12.7,0,TE,"https://static.www.nfl.com/image/upload/f_auto,q_auto/league/t7wjikfv09d3o1q7wjdx",REG,0,0,0,0,0,0,0,,,0,,0,0,0,0,0,0,0,,0,0,0,0,0,1,1,182,125,12,4.989202184179937,0,9,4,2,0,1.2857142857142858,0,0,0,1,0,0,0,0.0,0.0,0,0,0,0,0,0,0,0,0,0,0,0,0,0,0,0,0,0,2,15,1,0,0,1,1,0,0,0,0,0,0,0,0,,,0,0,0,0,0,0,0,0,0,0,0,0,,,,0,0,0,0,0,0,0,,0,0,0,0,,0,0,,0,0,0,0,0,0,0,0,0,0,,,,,,,,,,,,,,,,,,,,,,,,,,,,,,,,,,,,,,,,,,,,,,,,,,,,,,,,,,,,,,,,,,,,,,,,,,,,,,,,,,,,,,,,,,,,,,,,,,,,,,,,,,,,,,,,,,,,,,,,,,,,,,,,,,,,,,,,,,,,,,,,,,,,00-0037005,TremTo00,4372780.0,Tommy Tremble,2000-06-02,76.0,250.0,Notre Dame,2021.0,3.0,83.0,CAR,2021,6,12.0,0.0,27.0,0.0,0.07916666666666666,2024.0,Tommy Tremble,CAR,24.0,TE,12.0,11.0,32.0,23.0,234.0,,12.0,109.0,4.7,125.0,5.4,5.7,1.0,23.0,1.0,0.031,1.0,100.3,2025-09-03,,,,,,,,,,,,,,,,,,,,,,,,,,,,,,,,,,,,,,,,,,,,,,,,,,,,,,,,,,,,,,,,,,,,,,,,,,,,,10,5.6000000000000005,-0.2999999999999998,2,0,0
2024,Elijah Higgins,E.Higgins,00-0039041,ARI,TE,TE,45.0,15,49.2,3.2800000000000002,29.2,20.000000000000004,20,24,172,2,0.045889101338432124,0.029212875304300785,0.08928266472065874,0,0,0,0,0,0,0,0,411.0,0.3805882352941176,0.1197080291970803,3.2800000000000002,2.484581022454864,8.8,0,TE,"https://static.www.nfl.com/image/upload/f_auto,q_auto/league/qgvtaa0gekopg4ad6vqe",REG,0,0,0,0,0,0,0,,,0,,0,0,0,0,0,0,0,,0,0,0,0,0,0,0,108,90,10,9.530997933354229,0,7,3,1,0,1.5925925925925926,0,1,0,0,0,0,0,0.0,0.0,0,0,0,0,0,0,0,0,0,0,0,0,0,0,0,0,0,0,4,27,0,0,0,0,0,0,0,0,0,0,0,0,0,,,0,0,0,0,0,0,0,0,0,0,0,0,,,,0,0,0,0,0,0,0,,0,0,0,0,,0,0,,0,0,0,0,0,0,0,0,0,0,,,,,,,,,,,,,,,,,,,,,,,,,,,,,,,,,,,,,,,,,,,,,,,,,,,,,,,,,,,,,,,,,,,,,,,,,,,,,,,,,,,,,,,,,,,,,,,,,,,,,,,,,,,,,,,,,,,,,,,,,,,,,,,,,,,,,,,,,,,,,,,,,,,,00-0039041,HiggEl00,4426844.0,Elijah Higgins,2000-10-27,75.0,245.0,Stanford,2023.0,6.0,197.0,MIA,2023,4,17.0,0.0,176.0,0.0,0.40176470588235297,2024.0,Elijah Higgins,ARI,24.0,TE,17.0,6.0,24.0,20.0,172.0,,10.0,82.0,4.1,90.0,4.5,4.5,3.0,6.7,1.0,0.042,0.0,124.3,2025-09-03,,,,,,,,,,,,,,,,,,,,,,,,,,,,,,,,,,,,,,,,,,,,,,,,,,,,,,,,,,,,,,,,,,,,,,,,,,,,,15,3.2,0.0,0,0,0
2024,Nick Vannett,N.Vannett,00-0032394,TEN,TE,TE,46.0,12,48.5,4.041666666666667,31.5,17.0,17,20,135,3,0.03944773175542406,0.005146198830409357,0.06277393681442264,0,0,0,0,0,0,0,0,399.0,0.36058823529411765,0.12155388471177944,4.041666666666667,3.7502626170669293,11.3,0,TE,"https://static.www.nfl.com/image/upload/f_auto,q_auto/league/srrlkx2mydsb8gfco6fp",REG,0,0,0,0,0,0,0,,,0,,0,0,0,0,0,0,0,,0,0,0,0,0,0,0,22,110,7,1.8264569420716725,0,3,2,1,0,6.136363636363637,0,0,0,0,0,0,0,0.0,0.0,0,0,0,0,0,0,0,0,0,0,0,0,0,0,0,0,0,0,2,20,0,0,0,0,0,0,0,0,0,0,0,0,0,,,0,0,0,0,0,0,0,0,0,0,0,0,,,,0,0,0,0,0,0,0,,0,0,0,0,,0,0,,0,0,0,0,0,0,0,0,0,0,,,,,,,,,,,,,,,,,,,,,,,,,,,,,,,,,,,,,,,,,,,,,,,,,,,,,,,,,,,,,,,,,,,,,,,,,,,,,,,,,,,,,,,,,,,,,,,,,,,,,,,,,,,,,,,,,,,,,,,,,,,,,,,,,,,,,,,,,,,,,,,,,,,,00-0032394,VannNi00,2576399.0,Nick Vannett,1993-03-06,78.0,257.0,Ohio State,2016.0,3.0,94.0,SEA,2016,11,17.0,0.0,171.0,0.0,0.37058823529411766,2024.0,Nick Vannett,TEN,31.0,TE,17.0,10.0,20.0,17.0,135.0,,7.0,25.0,1.5,110.0,6.5,1.1,0.0,,0.0,0.0,1.0,113.5,2025-09-03,,,,,,,,,,,,,,,,,,,,,,,,,,,,,,,,,,,,,,,,,,,,,,,,,,,,,,,,,,,,,,,,,,,,,,,,,,,,,12,2.4000000000000004,0.0,1,0,0
2024,Johnny Mundt,J.Mundt,00-0033246,MIN,TE,TE,47.0,14,45.2,3.2285714285714286,26.200000000000003,19.0,19,27,142,2,0.05222437137330754,0.024864864864864864,0.09574196246536672,0,0,0,0,0,0,0,0,434.0,0.40294117647058825,0.10414746543778802,3.2285714285714286,2.893076236446269,10.2,0,TE,"https://static.www.nfl.com/image/upload/f_auto,q_auto/league/gbsnomwbzavt5124vvaz",REG,0,0,0,0,0,0,0,,,0,,0,0,0,0,0,0,0,,0,0,0,0,0,0,0,115,83,8,4.871185683919329,0,5,2,1,0,1.2347826086956522,0,0,0,0,0,0,0,0.0,0.0,0,0,0,0,0,0,0,0,0,0,0,0,0,0,0,0,0,0,3,20,0,0,0,0,0,0,0,0,0,0,0,0,0,,,0,0,0,0,0,0,0,0,0,0,0,0,,,,0,0,0,0,0,0,0,,0,0,0,0,,0,0,,0,0,0,0,0,0,0,0,0,0,J.Mundt,Johnny Mundt,TE,TE,"https://static.www.nfl.com/image/upload/f_auto,q_auto/league/gbsnomwbzavt5124vvaz",2024.0,POST,MIN,1.0,0.0,0.0,0.0,0.0,0.0,0.0,0.0,0.0,0.0,0.0,0.0,0.0,,,0.0,,0.0,0.0,0.0,0.0,0.0,0.0,0.0,0.0,0.0,0.0,,0.0,0.0,0.0,0.0,0.0,2.0,3.0,28.0,0.0,0.0,0.0,11.0,19.0,2.0,1.699588802526705,0.0,1.0,1.0,1.0,0.0,2.5454545454545454,0.075,0.02619047619047619,0.13083333333333333,0.0,0.0,0.0,0.0,0.0,0.0,0.0,0.0,0.0,0.0,0.0,0.0,0.0,0.0,0.0,0.0,0.0,0.0,0.0,0.0,0.0,0.0,0.0,0.0,0.0,0.0,0.0,0.0,0.0,0.0,0.0,0.0,0.0,0.0,0.0,0.0,0.0,0.0,0.0,0.0,0.0,0.0,,,0.0,0.0,0.0,0.0,0.0,0.0,0.0,0.0,0.0,0.0,0.0,0.0,,,,0.0,0.0,0.0,0.0,0.0,0.0,0.0,,0.0,0.0,0.0,0.0,,0.0,0.0,,0.0,0.0,0.0,0.0,0.0,0.0,0.0,0.0,0.0,0.0,2.8000000000000003,4.800000000000001,00-0033246,MundJo00,3052096.0,Johnny Mundt,1994-11-23,76.0,245.0,Oregon,,,,,2017,9,17.0,0.0,133.0,0.0,0.2929411764705882,2024.0,Johnny Mundt,MIN,30.0,TE,17.0,3.0,27.0,19.0,142.0,,8.0,59.0,3.1,83.0,4.4,4.1,2.0,9.5,2.0,0.07400000000000001,0.0,107.3,2025-09-03,,,,,,,,,,,,,,,,,,,,,,,,,,,,,,,,,,,,,,,,,,,,,,,,,,,,,,,,,,,,,,,,,,,,,,,,,,,,,14,2.75,0.0,1,0,0
2024,Darnell Washington,D.Washington,00-0038558,PIT,TE,TE,48.0,13,45.0,3.4615384615384617,26.0,19.0,19,25,200,1,0.05434782608695652,0.027369488089204256,0.10068038079287776,0,0,0,0,0,0,0,0,584.0,0.5123529411764706,0.07705479452054795,3.4615384615384617,2.5028445355696327,7.6,0,TE,"https://static.www.nfl.com/image/upload/f_auto,q_auto/league/inwx7uipfktapaump5pj",REG,0,0,0,0,0,0,0,,,0,,0,0,0,0,0,0,0,,0,0,0,0,0,0,0,108,126,9,8.605247256637085,0,8,5,3,0,1.8518518518518519,0,0,0,0,0,0,0,0.0,0.0,0,0,0,0,0,0,0,0,0,0,0,0,0,0,0,0,0,0,4,30,0,0,0,0,0,0,0,0,0,0,0,0,0,,,0,0,0,0,0,0,0,0,0,0,0,0,,,,0,0,0,0,0,0,0,,0,0,0,0,,0,0,,0,0,0,0,0,0,0,0,0,0,D.Washington,Darnell Washington,TE,TE,"https://static.www.nfl.com/image/upload/f_auto,q_auto/league/inwx7uipfktapaump5pj",2024.0,POST,PIT,1.0,0.0,0.0,0.0,0.0,0.0,0.0,0.0,0.0,0.0,0.0,0.0,0.0,,,0.0,,0.0,0.0,0.0,0.0,0.0,0.0,0.0,0.0,0.0,0.0,,0.0,0.0,0.0,0.0,0.0,1.0,3.0,9.0,0.0,0.0,0.0,15.0,5.0,0.0,0.17751610011328012,0.0,0.0,0.0,0.0,0.0,0.6,0.11538461538461539,0.060240963855421686,0.21524559777571825,0.0,0.0,0.0,0.0,0.0,0.0,0.0,0.0,0.0,0.0,0.0,0.0,0.0,0.0,0.0,0.0,0.0,0.0,0.0,0.0,0.0,0.0,0.0,0.0,0.0,0.0,0.0,0.0,0.0,0.0,0.0,0.0,0.0,0.0,0.0,0.0,0.0,0.0,0.0,0.0,0.0,0.0,,,0.0,0.0,0.0,0.0,0.0,0.0,0.0,0.0,0.0,0.0,0.0,0.0,,,,0.0,0.0,0.0,0.0,0.0,0.0,0.0,,0.0,0.0,0.0,0.0,,0.0,0.0,,0.0,0.0,0.0,0.0,0.0,0.0,0.0,0.0,0.0,0.0,0.9,1.9,00-0038558,WashDa03,4430802.0,Darnell Washington,2001-08-17,79.0,265.0,Georgia,2023.0,3.0,93.0,PIT,2023,4,17.0,0.0,85.0,0.0,0.18529411764705883,2024.0,Darnell Washington,PIT,23.0,TE,17.0,9.0,25.0,19.0,200.0,,9.0,74.0,3.9,126.0,6.6,4.3,2.0,9.5,0.0,0.0,1.0,95.4,2025-09-03,,,,,,,,,,,,,,,,,,,,,,,,,,,,,,,,,,,,,,,,,,,,,,,,,,,,,,,,,,,,,,,,,,,,,,,,,,,,,13,2.0,0.0,0,0,0
2024,Adam Trautman,A.Trautman,00-0036422,DEN,TE,TE,49.0,13,43.8,3.369230769230769,30.8,12.999999999999996,13,22,188,2,0.04007285974499089,0.03026634382566586,0.08129573029545244,0,0,0,0,0,0,0,0,574.0,0.5182352941176471,0.07630662020905923,3.369230769230769,5.290618208266499,18.5,0,TE,"https://static.www.nfl.com/image/upload/f_auto,q_auto/league/bqsgkwkfolczyrxmdp1j",REG,0,0,0,0,0,0,0,,,0,,0,0,0,0,0,0,0,,0,0,0,0,0,0,0,125,98,8,5.873607747751521,0,8,5,2,0,1.504,0,0,0,0,0,0,0,0.0,0.0,0,0,0,0,0,0,0,0,0,0,0,0,0,1,2,0,0,0,0,0,0,0,0,0,0,0,0,0,0,0,0,0,0,,,0,0,0,0,0,0,0,0,0,0,0,0,,,,0,0,0,0,0,0,0,,0,0,0,0,,0,0,,0,0,0,0,0,0,0,0,0,0,A.Trautman,Adam Trautman,TE,TE,"https://static.www.nfl.com/image/upload/f_auto,q_auto/league/bqsgkwkfolczyrxmdp1j",2024.0,POST,DEN,1.0,0.0,0.0,0.0,0.0,0.0,0.0,0.0,0.0,0.0,0.0,0.0,0.0,,,0.0,,0.0,0.0,0.0,0.0,0.0,0.0,0.0,0.0,0.0,0.0,,0.0,0.0,0.0,0.0,0.0,1.0,1.0,2.0,0.0,0.0,0.0,2.0,0.0,0.0,-0.3742008553817868,0.0,0.0,0.0,0.0,0.0,1.0,0.043478260869565216,0.007272727272727273,0.07030830039525691,0.0,0.0,0.0,0.0,0.0,0.0,0.0,0.0,0.0,0.0,0.0,0.0,0.0,0.0,0.0,0.0,0.0,0.0,0.0,0.0,0.0,0.0,0.0,0.0,0.0,0.0,0.0,0.0,0.0,0.0,0.0,0.0,0.0,0.0,0.0,0.0,0.0,0.0,0.0,0.0,0.0,0.0,,,0.0,0.0,0.0,0.0,0.0,0.0,0.0,0.0,0.0,0.0,0.0,0.0,,,,0.0,0.0,0.0,0.0,0.0,0.0,0.0,,0.0,0.0,0.0,0.0,,0.0,0.0,,0.0,0.0,0.0,0.0,0.0,0.0,0.0,0.0,0.0,0.0,0.2,1.2,00-0036422,TrauAd00,3911853.0,Adam Trautman,1997-02-05,77.0,253.0,Dayton,2020.0,3.0,105.0,NO,2020,7,17.0,0.0,76.0,0.0,0.15882352941176472,2024.0,Adam Trautman,DEN,27.0,TE,17.0,14.0,22.0,13.0,188.0,,8.0,90.0,6.9,98.0,7.5,5.5,0.0,,1.0,0.045,0.0,117.2,2025-09-03,,,,,,,,,,,,,,,,,,,,,,,,,,,,,,,,,,,,,,,,,,,,,,,,,,,,,,,,,,,,,,,,,,,,,,,,,,,,,13,1.5,0.0,2,1,0
2024,Nate Adkins,N.Adkins,00-0038783,DEN,TE,TE,50.0,15,43.5,2.9,29.5,14.0,14,15,115,3,0.0273224043715847,0.015012106537530266,0.05149208113364823,0,0,0,0,0,0,0,0,420.0,0.37823529411764706,0.10357142857142858,2.9,3.047481395700859,8.5,0,TE,"https://static.www.nfl.com/image/upload/f_auto,q_auto/league/hedaw0ksq5qdzp9uhe3w",REG,0,0,0,0,0,0,0,,,0,,0,0,0,0,0,0,0,,0,0,0,0,0,0,0,62,76,6,9.080914985155687,0,5,1,0,0,1.8548387096774193,0,1,1,3,0,0,0,0.0,0.0,0,0,0,0,0,0,0,0,0,0,0,0,0,0,0,0,0,0,1,7,0,0,0,0,0,0,0,0,0,0,0,0,0,,,0,0,0,0,0,0,0,0,0,0,0,0,,,,0,0,0,0,0,0,0,,0,0,0,0,,0,0,,0,0,0,0,0,0,0,0,0,0,,,,,,,,,,,,,,,,,,,,,,,,,,,,,,,,,,,,,,,,,,,,,,,,,,,,,,,,,,,,,,,,,,,,,,,,,,,,,,,,,,,,,,,,,,,,,,,,,,,,,,,,,,,,,,,,,,,,,,,,,,,,,,,,,,,,,,,,,,,,,,,,,,,,00-0038783,AdkiNa00,4383440.0,Nate Adkins,1999-07-09,75.0,252.0,South Carolina,,,,,2023,4,17.0,0.0,280.0,0.0,0.5923529411764706,2024.0,Nate Adkins,DEN,25.0,TE,17.0,10.0,15.0,14.0,115.0,,6.0,39.0,2.8,76.0,5.4,4.1,1.0,14.0,0.0,0.0,0.0,138.2,2025-09-03,,,,,,,,,,,,,,,,,,,,,,,,,,,,,,,,,,,,,,,,,,,,,,,,,,,,,,,,,,,,,,,,,,,,,,,,,,,,,15,1.7000000000000002,0.0,0,0,0
2024,Tanner Hudson,T.Hudson,00-0034613,CIN,TE,TE,51.0,9,38.5,4.277777777777778,19.5,19.0,19,23,154,1,0.03662420382165605,0.021239705244906804,0.06980409940391884,1,1,0,0,0,0,0,0,119.0,0.15727272727272726,0.3235294117647059,4.277777777777778,4.8651253266945185,16.3,0,TE,"https://static.www.nfl.com/image/upload/f_auto,q_auto/league/pyl2bpjw0vy4idcseama",REG,0,0,0,0,0,0,0,,,0,,0,0,0,0,0,0,1,1.7575121510308236,0,0,0,0,0,1,1,98,97,9,5.379331257354468,0,6,1,0,0,1.5714285714285714,0,4,0,0,0,0,0,0.0,0.0,0,0,0,0,0,0,0,0,0,0,0,0,0,1,0,0,0,0,2,15,1,0,0,1,1,0,0,0,0,0,0,0,0,,,0,0,0,0,0,0,0,0,0,0,0,0,,,,0,0,0,0,0,0,0,,0,0,0,0,,0,0,,0,0,0,0,0,0,0,0,0,0,,,,,,,,,,,,,,,,,,,,,,,,,,,,,,,,,,,,,,,,,,,,,,,,,,,,,,,,,,,,,,,,,,,,,,,,,,,,,,,,,,,,,,,,,,,,,,,,,,,,,,,,,,,,,,,,,,,,,,,,,,,,,,,,,,,,,,,,,,,,,,,,,,,,00-0034613,HudsTa00,3050481.0,Tanner Hudson,1994-11-12,77.0,241.0,Southern Arkansas; Memphis,,,,,2018,7,11.0,0.0,231.0,0.0,0.7618181818181817,2024.0,Tanner Hudson,CIN,30.0,TE,11.0,0.0,23.0,19.0,154.0,,9.0,57.0,3.0,97.0,5.1,4.3,0.0,,1.0,0.043,0.0,109.1,2025-09-03,2024.0,Tanner Hudson,CIN,30.0,TE,11.0,0.0,1.0,1.0,,1.0,0.0,0.0,1.0,1.0,0.0,,2025-09-03,,,,,,,,,,,,,,,,,,,,,,,,,,,,,,,,,,,,,2024.0,Regular,Season Total,CIN,T. Hudson,,99.9,0.5,1.0,0.6,0.0,0.6,0.0,0.0,99.9,0.0,Tanner,Hudson,Tanner Hudson,https://a.espncdn.com/i/headshots/nfl/players/full/3050481.png,Bengals,False,9,2.9000000000000004,0.0,1,1,0
2024,Michael Mayer,M.Mayer,00-0039066,LV,TE,TE,52.0,11,36.6,3.3272727272727276,15.600000000000001,21.0,21,32,156,0,0.05405405405405406,0.044219977553310884,0.1120350653683987,0,0,0,0,0,0,0,0,460.0,0.63,0.07956521739130436,3.3272727272727276,3.778118820019008,13.8,0,TE,"https://static.www.nfl.com/image/upload/f_auto,q_auto/league/twnkr9uq1phvukxb5jmh",REG,0,0,0,0,0,0,0,,,0,,0,0,0,0,0,0,0,,0,0,0,0,0,0,0,197,61,8,-0.014009829477826585,0,5,1,1,0,0.7918781725888325,0,0,0,0,0,0,0,0.0,0.0,0,0,0,0,0,0,0,0,0,0,0,0,0,0,0,0,0,0,2,12,0,0,0,0,0,0,0,0,0,0,0,0,0,,,0,0,0,0,0,0,0,0,0,0,0,0,,,,0,0,0,0,0,0,0,,0,0,0,0,,0,0,,0,0,0,0,0,0,0,0,0,0,,,,,,,,,,,,,,,,,,,,,,,,,,,,,,,,,,,,,,,,,,,,,,,,,,,,,,,,,,,,,,,,,,,,,,,,,,,,,,,,,,,,,,,,,,,,,,,,,,,,,,,,,,,,,,,,,,,,,,,,,,,,,,,,,,,,,,,,,,,,,,,,,,,,00-0039066,MayeMi00,4429086.0,Michael Mayer,2001-07-06,76.0,256.0,Notre Dame,2023.0,2.0,35.0,LV,2023,4,11.0,0.0,45.0,0.0,0.1409090909090909,2024.0,Michael Mayer,LV,23.0,TE,11.0,8.0,32.0,21.0,156.0,,8.0,95.0,4.5,61.0,2.9,6.2,2.0,10.5,2.0,0.063,0.0,77.1,2025-09-03,,,,,,,,,,,,,,,,,,,,,,,,,,,,,,,,,,,,,,,,,,,,,,,,,,,,,,,,,,,,,,,,,,,,,,,,,,,,,11,2.1,0.0,1,0,0
2024,Drew Sample,D.Sample,00-0035631,CIN,TE,TE,53.0,11,36.5,3.3181818181818183,16.5,20.0,20,22,109,1,0.03503184713375796,0.007368877329865626,0.057705984831542885,1,-4,0,0,0,0,0,0,655.0,0.571764705882353,0.055725190839694655,3.3181818181818183,3.2155304949007038,11.4,0,TE,"https://static.www.nfl.com/image/upload/f_auto,q_auto/league/mmxrr2k7gdfowqpyxtr7",REG,0,0,0,0,0,0,0,,,0,,0,0,0,0,0,0,0,-1.4794510941719636,0,0,0,0,0,1,0,34,81,8,4.7640059483237565,0,3,0,0,0,3.2058823529411766,0,1,0,1,0,0,1,0.0,0.0,0,0,0,0,0,0,0,0,0,0,0,0,0,0,0,0,0,0,1,10,1,0,1,1,0,0,0,0,0,0,0,0,0,,,0,0,0,0,0,0,0,0,0,0,0,0,,,,0,0,0,0,0,0,0,,0,0,0,0,,0,0,,0,0,0,0,0,0,0,0,0,0,,,,,,,,,,,,,,,,,,,,,,,,,,,,,,,,,,,,,,,,,,,,,,,,,,,,,,,,,,,,,,,,,,,,,,,,,,,,,,,,,,,,,,,,,,,,,,,,,,,,,,,,,,,,,,,,,,,,,,,,,,,,,,,,,,,,,,,,,,,,,,,,,,,,00-0035631,SampDr00,3127310.0,Drew Sample,1996-04-16,77.0,260.0,Washington,2019.0,2.0,52.0,CIN,2019,8,17.0,0.0,226.0,0.0,0.49,2024.0,Drew Sample,CIN,28.0,TE,17.0,15.0,22.0,20.0,109.0,,8.0,28.0,1.4,81.0,4.1,1.5,1.0,20.0,0.0,0.0,0.0,102.5,2025-09-03,2024.0,Drew Sample,CIN,28.0,TE,17.0,15.0,1.0,-4.0,,0.0,-4.0,-4.0,0.0,0.0,0.0,,2025-09-03,,,,,,,,,,,,,,,,,,,,,,,,,,,,,,,,,,,,,,,,,,,,,,,,,,,,,,,,,,,11,2.2,0.0,1,0,0
2024,Erick All,E.All,00-0039814,CIN,TE,TE,54.0,8,35.8,4.475,15.8,19.999999999999996,20,22,158,0,0.03503184713375796,0.015604681404421327,0.06347104768373188,0,0,0,0,0,0,0,0,231.0,0.41888888888888887,0.15497835497835497,4.4750000000000005,2.4117273003862962,7.2,0,TE,"https://static.www.nfl.com/image/upload/f_auto,q_auto/league/ifkhcxze7lnxkpzjvsmk",REG,0,0,0,0,0,0,0,,,0,,0,0,0,0,0,0,0,,0,0,0,0,0,0,0,72,87,8,5.248246454517357,0,5,3,1,0,2.1944444444444446,0,0,0,0,0,0,0,0.0,0.0,0,0,0,0,0,0,0,0,0,0,0,0,0,0,0,0,0,0,0,0,0,0,0,0,0,0,0,0,0,0,0,0,0,,,0,0,0,0,0,0,0,0,0,0,0,0,,,,0,0,0,0,0,0,0,,0,0,0,0,,0,0,,0,0,0,0,0,0,0,0,0,0,,,,,,,,,,,,,,,,,,,,,,,,,,,,,,,,,,,,,,,,,,,,,,,,,,,,,,,,,,,,,,,,,,,,,,,,,,,,,,,,,,,,,,,,,,,,,,,,,,,,,,,,,,,,,,,,,,,,,,,,,,,,,,,,,,,,,,,,,,,,,,,,,,,,00-0039814,AllxEr00,4427834.0,Erick All,2000-09-13,77.0,255.0,Iowa; Michigan,2024.0,4.0,115.0,CIN,2024,3,9.0,0.0,77.0,0.0,0.3188888888888889,2024.0,Erick All,CIN,24.0,TE,9.0,6.0,22.0,20.0,158.0,,8.0,71.0,3.6,87.0,4.4,3.4,1.0,20.0,1.0,0.045,0.0,96.6,2025-09-03,,,,,,,,,,,,,,,,,,,,,,,,,,,,,,,,,,,,,,,,,,,,,,,,,,,,,,,,,,,,,,,,,,,,,,,,,,,,,8,4.800000000000001,0.0,0,0,0
2024,Brock Wright,B.Wright,00-0036754,DET,TE,TE,55.0,11,35.0,3.1818181818181817,22.0,13.0,13,16,100,2,0.03065134099616858,0.023229136793805564,0.06223740724991676,0,0,0,0,0,0,0,0,583.0,0.5094117647058823,0.060034305317324184,3.1818181818181817,3.141279415084937,7.8,0,TE,"https://static.www.nfl.com/image/upload/f_auto,q_auto/league/ghmaeofuj87fm97yhvcp",REG,0,0,0,0,0,0,0,,,0,,0,0,0,0,0,0,0,,0,0,0,0,0,0,0,81,75,7,3.079575998301152,0,5,1,0,0,1.2345679012345678,0,0,0,0,0,0,0,0.0,0.0,0,0,0,0,0,0,0,0,0,0,0,0,0,0,0,0,0,0,2,20,0,0,0,0,0,0,0,0,0,0,0,0,0,,,0,0,0,0,0,0,0,0,0,0,0,0,,,,0,0,0,0,0,0,0,,0,0,0,0,,0,0,,0,0,0,0,0,0,0,0,0,0,,,,,,,,,,,,,,,,,,,,,,,,,,,,,,,,,,,,,,,,,,,,,,,,,,,,,,,,,,,,,,,,,,,,,,,,,,,,,,,,,,,,,,,,,,,,,,,,,,,,,,,,,,,,,,,,,,,,,,,,,,,,,,,,,,,,,,,,,,,,,,,,,,,,00-0036754,WrigBr01,4242392.0,Brock Wright,1998-11-27,77.0,254.0,Notre Dame,,,,,2021,6,17.0,0.0,142.0,0.0,0.3011764705882353,2024.0,Brock Wright,DET,26.0,TE,17.0,8.0,16.0,13.0,100.0,,7.0,25.0,1.9,75.0,5.8,5.1,1.0,13.0,0.0,0.0,1.0,106.2,2025-09-03,,,,,,,,,,,,,,,,,,,,,,,,,,,,,,,,,,,,,,,,,,,,,,,,,,,,,,,,,,,,,,,,,,,,,,,,,,,,,11,2.3,0.0,0,0,0
2024,Stone Smartt,S.Smartt,00-0037475,LAC,TE,TE,56.0,9,34.8,3.8666666666666663,18.8,15.999999999999996,16,19,208,0,0.038696537678207736,0.044006417602567044,0.08884929883910853,0,0,0,0,0,0,0,0,181.0,0.192,0.19226519337016573,3.8666666666666663,3.2764309850811757,8.4,0,TE,"https://static.www.nfl.com/image/upload/f_auto,q_auto/league/g8mtiyojkmj8vwzmg0ez",REG,0,0,0,0,0,0,0,,,0,,0,0,0,0,0,0,0,,0,0,0,0,0,1,1,192,66,11,7.519414424314164,0,8,5,4,0,1.0833333333333333,0,2,0,1,0,0,0,0.0,0.0,0,0,0,0,0,0,0,0,0,0,0,0,0,0,0,0,0,0,1,5,1,0,0,1,1,0,0,0,0,0,0,0,0,,,0,0,0,0,0,0,0,0,0,0,0,0,,,,0,0,0,0,0,0,0,,0,0,0,0,,0,0,,0,0,0,0,0,0,0,0,0,0,,,,,,,,,,,,,,,,,,,,,,,,,,,,,,,,,,,,,,,,,,,,,,,,,,,,,,,,,,,,,,,,,,,,,,,,,,,,,,,,,,,,,,,,,,,,,,,,,,,,,,,,,,,,,,,,,,,,,,,,,,,,,,,,,,,,,,,,,,,,,,,,,,,,00-0037475,SmarSt00,4250764.0,Stone Smartt,1998-10-04,76.0,226.0,Old Dominion,,,,,2022,5,15.0,0.0,155.0,0.0,0.376,2024.0,Stone Smartt,LAC,26.0,TE,15.0,2.0,19.0,16.0,208.0,,11.0,142.0,8.9,66.0,4.1,10.1,0.0,,2.0,0.105,0.0,112.3,2025-09-03,,,,,,,,,,,,,,,,,,,,,,,,,,,,,,,,,,,,,,,,,,,,,,,,,,,,,,,,,,,,,,,,,,,,,,,,,,,,,9,4.1,0.0,0,0,0
2024,Payne Durham,P.Durham,00-0039050,TB,TE,TE,57.0,8,34.5,4.3125,23.5,11.0,11,14,115,2,0.02486678507992895,0.03125,0.059175177619893424,0,0,0,0,0,0,0,0,430.0,0.396875,0.08023255813953488,4.3125,4.729070431158447,11.6,0,TE,"https://static.www.nfl.com/image/upload/f_auto,q_auto/league/emibbexzjbzvopbvo1at",REG,0,0,0,0,0,0,0,,,0,,0,0,0,0,0,0,0,,0,0,0,0,0,1,0,124,24,5,10.39665140165016,0,3,2,2,0,0.9274193548387096,0,0,0,2,0,0,0,0.0,0.0,0,0,0,0,0,0,0,0,0,0,0,0,0,0,0,0,0,0,2,20,1,0,0,1,0,0,0,0,0,0,0,0,0,,,0,0,0,0,0,0,0,0,0,0,0,0,,,,0,0,0,0,0,0,0,,0,0,0,0,,0,0,,0,0,0,0,0,0,0,0,0,0,,,,,,,,,,,,,,,,,,,,,,,,,,,,,,,,,,,,,,,,,,,,,,,,,,,,,,,,,,,,,,,,,,,,,,,,,,,,,,,,,,,,,,,,,,,,,,,,,,,,,,,,,,,,,,,,,,,,,,,,,,,,,,,,,,,,,,,,,,,,,,,,,,,,00-0039050,DurhPa00,4372505.0,Payne Durham,2000-06-15,77.0,255.0,Purdue,2023.0,5.0,171.0,TB,2023,4,16.0,0.0,116.0,0.0,0.264375,2024.0,Payne Durham,TB,24.0,TE,16.0,6.0,14.0,11.0,115.0,,5.0,91.0,8.3,24.0,2.2,8.9,0.0,,0.0,0.0,0.0,140.5,2025-09-03,,,,,,,,,,,,,,,,,,,,,,,,,,,,,,,,,,,,,,,,,,,,,,,,,,,,,,,,,,,,,,,,,,,,,,,,,,,,,8,2.7,0.0,1,0,0
2024,Cade Stover,C.Stover,00-0039359,HOU,TE,TE,58.0,14,34.3,2.4499999999999997,19.3,14.999999999999996,15,22,133,1,0.04021937842778794,0.025359982806791317,0.07808105560643583,0,0,0,0,0,0,0,0,400.0,0.404,0.08574999999999999,2.4499999999999997,3.0017302702582414,11.6,0,TE,"https://static.www.nfl.com/image/upload/f_auto,q_auto/league/ur3ihcg0rkeqbfiksj5y",REG,0,0,0,0,0,0,0,,,0,,0,0,0,0,0,0,0,,0,0,0,0,0,0,0,118,94,5,4.6233361817430705,0,7,3,1,0,1.1271186440677967,0,6,0,0,0,0,0,0.0,0.0,0,0,0,0,0,0,0,0,0,0,0,0,0,0,0,0,0,0,5,39,0,0,0,0,0,0,0,0,0,0,0,0,0,,,0,0,0,0,0,0,0,0,0,0,0,0,,,,0,0,0,0,0,0,0,,0,0,0,0,,0,0,,0,0,0,0,0,0,0,0,0,0,C.Stover,Cade Stover,TE,TE,"https://static.www.nfl.com/image/upload/f_auto,q_auto/league/ur3ihcg0rkeqbfiksj5y",2024.0,POST,HOU,1.0,0.0,0.0,0.0,0.0,0.0,0.0,0.0,0.0,0.0,0.0,0.0,0.0,,,0.0,,0.0,0.0,0.0,0.0,0.0,0.0,0.0,0.0,0.0,0.0,,0.0,0.0,0.0,0.0,0.0,4.0,4.0,28.0,0.0,0.0,0.0,9.0,19.0,1.0,0.637855903012678,0.0,1.0,0.0,0.0,0.0,3.111111111111111,0.06666666666666667,0.015332197614991482,0.11073253833049404,0.0,0.0,0.0,0.0,0.0,0.0,0.0,0.0,0.0,0.0,0.0,0.0,0.0,0.0,0.0,0.0,0.0,0.0,0.0,0.0,0.0,0.0,0.0,0.0,0.0,0.0,0.0,0.0,0.0,0.0,0.0,0.0,0.0,0.0,0.0,0.0,0.0,0.0,0.0,0.0,0.0,0.0,,,0.0,0.0,0.0,0.0,0.0,0.0,0.0,0.0,0.0,0.0,0.0,0.0,,,,0.0,0.0,0.0,0.0,0.0,0.0,0.0,,0.0,0.0,0.0,0.0,,0.0,0.0,,0.0,0.0,0.0,0.0,0.0,0.0,0.0,0.0,0.0,0.0,2.8000000000000003,6.800000000000001,00-0039359,StovCa00,4426496.0,Cade Stover,2000-06-12,76.0,251.0,Ohio State,2024.0,4.0,123.0,HOU,2024,3,15.0,0.0,249.0,0.0,0.5786666666666667,2024.0,Cade Stover,HOU,24.0,TE,15.0,9.0,22.0,15.0,133.0,,5.0,39.0,2.6,94.0,6.3,5.4,2.0,7.5,1.0,0.045,0.0,99.2,2025-09-03,,,,,,,,,,,,,,,,,,,,,,,,,,,,,,,,,,,,,,,,,,,,,,,,,,,,,,,,,,,,,,,,,,,,,,,,,,,,,14,1.95,0.0,1,0,0
2024,Lucas Krull,L.Krull,00-0037539,DEN,TE,TE,59.0,10,34.2,3.4200000000000004,15.200000000000001,19.0,19,23,152,0,0.04189435336976321,0.02857142857142857,0.08284153005464481,0,0,0,0,0,0,0,0,299.0,0.3584615384615385,0.11438127090301005,3.4200000000000004,2.1410277905716217,7.1000000000000005,0,TE,"https://static.www.nfl.com/image/upload/f_auto,q_auto/league/eolvpkk5jjmipuqmf5v6",REG,0,0,0,0,0,0,0,,,0,,0,0,0,0,0,0,0,,0,0,0,0,0,0,0,118,67,7,4.494407331047114,0,7,1,1,0,1.2881355932203389,0,0,0,0,0,0,0,0.0,0.0,0,0,0,0,0,0,0,0,0,0,0,0,0,0,0,0,0,0,0,0,0,0,0,0,0,0,0,0,0,0,0,0,0,,,0,0,0,0,0,0,0,0,0,0,0,0,,,,0,0,0,0,0,0,0,,0,0,0,0,,0,0,,0,0,0,0,0,0,0,0,0,0,L.Krull,Lucas Krull,TE,TE,"https://static.www.nfl.com/image/upload/f_auto,q_auto/league/eolvpkk5jjmipuqmf5v6",2024.0,POST,DEN,1.0,0.0,0.0,0.0,0.0,0.0,0.0,0.0,0.0,0.0,0.0,0.0,0.0,,,0.0,,0.0,0.0,0.0,0.0,0.0,0.0,0.0,0.0,0.0,0.0,,0.0,0.0,0.0,0.0,0.0,1.0,1.0,2.0,0.0,0.0,0.0,2.0,0.0,0.0,-0.017251485725864768,0.0,0.0,0.0,0.0,0.0,1.0,0.043478260869565216,0.007272727272727273,0.07030830039525691,0.0,0.0,0.0,0.0,0.0,0.0,0.0,0.0,0.0,0.0,0.0,0.0,0.0,0.0,0.0,0.0,0.0,0.0,0.0,0.0,0.0,0.0,0.0,0.0,0.0,0.0,0.0,0.0,0.0,0.0,0.0,0.0,0.0,0.0,0.0,0.0,0.0,0.0,0.0,0.0,0.0,0.0,,,0.0,0.0,0.0,0.0,0.0,0.0,0.0,0.0,0.0,0.0,0.0,0.0,,,,0.0,0.0,0.0,0.0,0.0,0.0,0.0,,0.0,0.0,0.0,0.0,,0.0,0.0,,0.0,0.0,0.0,0.0,0.0,0.0,0.0,0.0,0.0,0.0,0.2,1.2,00-0037539,KrulLu00,4360231.0,Lucas Krull,1998-07-11,78.0,260.0,Pittsburgh,,,,,2022,4,13.0,0.0,133.0,0.0,0.36615384615384616,2024.0,Lucas Krull,DEN,26.0,TE,13.0,2.0,23.0,19.0,152.0,,7.0,85.0,4.5,67.0,3.5,5.1,2.0,9.5,0.0,0.0,0.0,94.2,2025-09-03,,,,,,,,,,,,,,,,,,,,,,,,,,,,,,,,,,,,,,,,,,,,,,,,,,,,,,,,,,,,,,,,,,,,,,,,,,,,,10,3.45,0.0,0,0,0
2024,Mo Alie-Cox,M.Alie-Cox,00-0033217,IND,TE,TE,60.0,12,32.7,2.725,20.700000000000003,12.0,12,22,147,1,0.044715447154471545,0.03883673845021167,0.09425888764685549,0,0,0,0,0,0,0,0,475.0,0.43823529411764706,0.0688421052631579,2.725,3.763732431799824,11.7,0,TE,"https://static.www.nfl.com/image/upload/f_auto,q_auto/league/ivdxijcqlhfwsydxh6ox",REG,0,0,0,0,0,0,0,,,0,,0,0,0,0,0,0,0,,0,0,0,0,0,0,0,211,49,7,6.93466947815099,0,7,4,2,0,0.6966824644549763,0,1,0,0,0,0,0,0.0,0.0,0,0,0,0,0,0,0,0,0,0,0,0,0,0,0,0,0,0,1,5,0,0,0,0,0,0,0,0,0,0,0,0,0,,,0,0,0,0,0,0,0,0,0,0,0,0,,,,0,0,0,0,0,0,0,,0,0,0,0,,0,0,,0,0,0,0,0,0,0,0,0,0,,,,,,,,,,,,,,,,,,,,,,,,,,,,,,,,,,,,,,,,,,,,,,,,,,,,,,,,,,,,,,,,,,,,,,,,,,,,,,,,,,,,,,,,,,,,,,,,,,,,,,,,,,,,,,,,,,,,,,,,,,,,,,,,,,,,,,,,,,,,,,,,,,,,00-0033217,AlieMo00,2998565.0,Mo Alie-Cox,1993-09-19,77.0,267.0,Virginia Commonwealth Univ.,,,,,2017,9,17.0,0.0,110.0,0.0,0.2335294117647059,2024.0,Mo Alie-Cox,IND,31.0,TE,17.0,13.0,22.0,12.0,147.0,,7.0,98.0,8.2,49.0,4.1,9.6,0.0,,1.0,0.045,1.0,71.6,2025-09-03,,,,,,,,,,,,,,,,,,,,,,,,,,,,,,,,,,,,,,,,,,,,,,,,,,,,,,,,,,,,,,,,,,,,,,,,,,,,,12,1.25,0.0,1,0,0
2024,Kylen Granson,K.Granson,00-0036876,IND,TE,TE,61.0,16,32.2,2.0125,18.2,14.000000000000004,14,31,182,0,0.06300813008130081,0.06478925087428676,0.13986467073395195,0,0,0,0,0,0,0,0,430.0,0.4052941176470588,0.07488372093023256,2.0125,2.4947611776146696,7.7,0,TE,"https://static.www.nfl.com/image/upload/f_auto,q_auto/league/ysbxmdw4da30q3kjb571",REG,0,0,0,0,0,0,0,,,0,,0,0,0,0,0,0,0,,0,0,0,0,0,0,0,352,109,8,-8.418040324115788,0,7,4,3,1,0.5170454545454546,0,4,1,0,0,0,0,0.0,0.0,0,0,0,0,0,0,0,0,0,0,0,0,0,0,0,0,0,0,1,5,0,0,0,0,0,0,0,0,0,0,0,0,0,,,0,0,0,0,0,0,0,0,0,0,0,0,,,,0,0,0,0,0,0,0,,0,0,0,0,,0,0,,0,0,0,0,0,0,0,0,0,0,,,,,,,,,,,,,,,,,,,,,,,,,,,,,,,,,,,,,,,,,,,,,,,,,,,,,,,,,,,,,,,,,,,,,,,,,,,,,,,,,,,,,,,,,,,,,,,,,,,,,,,,,,,,,,,,,,,,,,,,,,,,,,,,,,,,,,,,,,,,,,,,,,,,00-0036876,GranKy00,4039160.0,Kylen Granson,1998-03-27,75.0,242.0,SMU,2021.0,4.0,127.0,IND,2021,6,17.0,0.0,265.0,0.0,0.5635294117647058,2024.0,Kylen Granson,IND,26.0,TE,17.0,6.0,31.0,14.0,182.0,,8.0,73.0,5.2,109.0,7.8,11.3,0.0,,1.0,0.032,2.0,37.3,2025-09-03,,,,,,,,,,,,,,,,,,,,,,,,,,,,,,,,,,,,,,,,,,,,,,,,,,,,,,,,,,,,,,,,,,,,,,,,,,,,,16,1.4,0.0,0,0,0
2024,Jeremy Ruckert,J.Ruckert,00-0037805,NYJ,TE,TE,62.0,14,28.5,2.0357142857142856,10.5,18.0,18,28,105,0,0.04753820033955857,0.023261448994426944,0.08759031480543672,0,0,0,0,0,0,0,0,393.0,0.36764705882352944,0.07251908396946564,2.0357142857142856,1.4441431544516112,4.4,0,TE,"https://static.www.nfl.com/image/upload/f_auto,q_auto/league/bcqcta7r1uee3rqhejdh",REG,0,0,0,0,0,0,0,,,0,,0,0,0,0,0,0,0,,0,0,0,0,0,0,0,96,84,6,-1.5691975609755673,0,4,0,0,0,1.09375,0,2,0,0,0,0,0,0.0,0.0,0,0,0,0,0,0,0,0,0,0,0,0,0,0,0,0,0,0,1,10,0,0,0,0,0,0,0,0,0,0,0,0,0,,,0,0,0,0,0,0,0,0,0,0,0,0,,,,0,0,0,0,0,0,0,,0,0,0,0,,0,0,,0,0,0,0,0,0,0,0,0,0,,,,,,,,,,,,,,,,,,,,,,,,,,,,,,,,,,,,,,,,,,,,,,,,,,,,,,,,,,,,,,,,,,,,,,,,,,,,,,,,,,,,,,,,,,,,,,,,,,,,,,,,,,,,,,,,,,,,,,,,,,,,,,,,,,,,,,,,,,,,,,,,,,,,00-0037805,RuckJe00,4361372.0,Jeremy Ruckert,2000-08-11,77.0,250.0,Ohio State,2022.0,3.0,101.0,NYJ,2022,5,17.0,0.0,200.0,0.0,0.46294117647058824,2024.0,Jeremy Ruckert,NYJ,24.0,TE,17.0,9.0,28.0,18.0,105.0,,6.0,21.0,1.2,84.0,4.7,3.4,0.0,,2.0,0.071,0.0,71.3,2025-09-03,,,,,,,,,,,,,,,,,,,,,,,,,,,,,,,,,,,,,,,,,,,,,,,,,,,,,,,,,,,,,,,,,,,,,,,,,,,,,14,1.9000000000000001,0.0,0,0,0
2024,Charlie Kolar,C.Kolar,00-0038046,BAL,TE,TE,63.0,10,28.3,2.83,19.3,9.0,9,11,131,1,0.024070021881838075,0.01585776069197501,0.04720546530713962,1,2,0,0,0,0,0,0,251.0,0.3007692307692308,0.11274900398406375,2.83,4.65619062229105,15.600000000000001,0,TE,"https://static.www.nfl.com/image/upload/f_auto,q_auto/league/g75ws8vkqz9cqwifhcy7",REG,0,0,0,0,0,0,0,,,0,,0,0,0,0,0,0,1,1.7189063577679917,0,0,0,0,0,0,0,66,76,4,8.18753102075425,0,3,2,2,1,1.9848484848484849,0,1,1,2,0,0,0,0.0,0.0,0,0,0,0,0,0,0,0,0,0,0,0,0,0,0,0,0,0,3,19,0,0,0,0,0,0,0,0,0,0,0,0,0,,,0,0,0,0,0,0,0,0,0,0,0,0,,,,0,0,0,0,0,0,0,,0,0,0,0,,0,0,,0,0,0,0,0,0,0,0,0,0,C.Kolar,Charlie Kolar,TE,TE,"https://static.www.nfl.com/image/upload/f_auto,q_auto/league/g75ws8vkqz9cqwifhcy7",2024.0,POST,BAL,1.0,0.0,0.0,0.0,0.0,0.0,0.0,0.0,0.0,0.0,0.0,0.0,0.0,,,0.0,,0.0,0.0,0.0,0.0,0.0,0.0,0.0,0.0,0.0,0.0,,0.0,0.0,0.0,0.0,0.0,0.0,0.0,0.0,0.0,0.0,0.0,0.0,0.0,0.0,,0.0,0.0,0.0,0.0,0.0,,0.0,0.0,0.0,0.0,0.0,0.0,1.0,0.0,0.0,0.0,0.0,0.0,0.0,0.0,0.0,0.0,0.0,0.0,0.0,0.0,0.0,0.0,0.0,0.0,0.0,0.0,0.0,0.0,0.0,0.0,0.0,0.0,0.0,0.0,0.0,0.0,0.0,0.0,0.0,0.0,0.0,0.0,0.0,0.0,0.0,,,0.0,0.0,0.0,0.0,0.0,0.0,0.0,0.0,0.0,0.0,0.0,0.0,,,,0.0,0.0,0.0,0.0,0.0,0.0,0.0,,0.0,0.0,0.0,0.0,,0.0,0.0,,0.0,0.0,0.0,0.0,0.0,0.0,0.0,0.0,0.0,0.0,0.0,0.0,00-0038046,KolaCh00,4241263.0,Charlie Kolar,1999-02-10,78.0,250.0,Iowa State,2022.0,4.0,128.0,BAL,2022,5,13.0,0.0,289.0,0.0,0.7823076923076923,2024.0,Charlie Kolar,BAL,25.0,TE,13.0,3.0,11.0,9.0,131.0,,4.0,55.0,6.1,76.0,8.4,6.0,0.0,,0.0,0.0,0.0,146.6,2025-09-03,2024.0,Charlie Kolar,BAL,25.0,TE,13.0,3.0,1.0,2.0,,1.0,2.0,2.0,0.0,0.0,0.0,,2025-09-03,,,,,,,,,,,,,,,,,,,,,,,,,,,,,,,,,,,,,,,,,,,,,,,,,,,,,,,,,,,10,1.5,0.0,1,1,0
2024,Eric Saubert,E.Saubert,00-0033576,SF,TE,TE,64.0,12,26.700000000000003,2.225,15.700000000000001,11.000000000000002,11,14,97,1,0.02729044834307992,0.02075971731448763,0.05546747463476122,0,0,0,0,0,0,0,0,377.0,0.3382352941176471,0.07082228116710876,2.225,2.8307162601459273,7.2,0,TE,"https://static.www.nfl.com/image/upload/f_auto,q_auto/league/czzieyox5rht6ae3g5tx",REG,0,0,0,0,0,0,0,,,0,,0,0,0,0,0,0,0,,0,0,0,0,0,1,0,94,35,5,1.9062323512899517,0,5,2,1,0,1.0319148936170213,0,3,0,1,0,0,0,0.0,0.0,0,0,0,0,0,0,0,0,0,0,0,0,0,0,0,0,0,0,4,25,1,0,0,1,0,0,0,0,0,0,0,0,0,,,0,0,0,0,0,0,0,0,0,0,0,0,,,,0,0,0,0,0,0,0,,0,0,0,0,,0,0,,0,0,0,0,0,0,0,0,0,0,,,,,,,,,,,,,,,,,,,,,,,,,,,,,,,,,,,,,,,,,,,,,,,,,,,,,,,,,,,,,,,,,,,,,,,,,,,,,,,,,,,,,,,,,,,,,,,,,,,,,,,,,,,,,,,,,,,,,,,,,,,,,,,,,,,,,,,,,,,,,,,,,,,,00-0033576,SaubEr00,2975863.0,Eric Saubert,1994-05-09,77.0,248.0,Drake,2017.0,5.0,174.0,ATL,2017,9,17.0,0.0,302.0,0.0,0.6711764705882353,2024.0,Eric Saubert,SF,30.0,TE,17.0,3.0,14.0,11.0,97.0,,5.0,62.0,5.6,35.0,3.2,5.2,0.0,,1.0,0.071,0.0,119.3,2025-09-03,,,,,,,,,,,,,,,,,,,,,,,,,,,,,,,,,,,,,,,,,,,,,,,,,,,,,,,,,,,,,,,,,,,,,,,,,,,,,12,0.7,0.0,0,0,0
2024,Tyler Higbee,T.Higbee,00-0033110,LA,TE,TE,65.0,3,26.6,8.866666666666667,18.6,8.0,8,12,66,2,0.022181146025878003,0.006304558680892337,0.03768491011544164,0,0,0,0,0,0,0,0,58.0,0.32666666666666666,0.45862068965517244,8.866666666666667,6.384616929255297,15.600000000000001,0,TE,"https://static.www.nfl.com/image/upload/f_auto,q_auto/league/x1d4osiefibd04df6gow",REG,0,0,0,0,0,0,0,,,0,,0,0,0,0,0,0,0,,0,0,0,0,0,0,0,26,48,5,4.95815538212698,0,3,1,0,0,2.5384615384615383,0,0,0,0,0,0,0,0.0,0.0,0,0,0,0,0,0,0,0,0,0,0,0,0,0,0,0,0,0,0,0,0,0,0,0,0,0,0,0,0,0,0,0,0,,,0,0,0,0,0,0,0,0,0,0,0,0,,,,0,0,0,0,0,0,0,,0,0,0,0,,0,0,,0,0,0,0,0,0,0,0,0,0,T.Higbee,Tyler Higbee,TE,TE,"https://static.www.nfl.com/image/upload/f_auto,q_auto/league/x1d4osiefibd04df6gow",2024.0,POST,LA,2.0,0.0,0.0,0.0,0.0,0.0,0.0,0.0,0.0,0.0,0.0,0.0,0.0,,,0.0,,0.0,0.0,0.0,0.0,0.0,0.0,0.0,0.0,0.0,0.0,,0.0,0.0,0.0,0.0,0.0,12.0,15.0,112.0,1.0,0.0,0.0,57.0,63.0,5.0,5.653037060017106,0.0,4.0,2.0,2.0,0.0,1.9649122807017543,0.21428571428571427,0.08878504672897196,0.38357810413885174,0.0,0.0,0.0,0.0,0.0,0.0,0.0,0.0,0.0,0.0,0.0,0.0,0.0,0.0,0.0,0.0,0.0,0.0,0.0,0.0,0.0,0.0,0.0,0.0,0.0,0.0,0.0,0.0,0.0,0.0,0.0,0.0,0.0,0.0,0.0,0.0,0.0,0.0,0.0,0.0,0.0,0.0,,,0.0,0.0,0.0,0.0,0.0,0.0,0.0,0.0,0.0,0.0,0.0,0.0,,,,0.0,0.0,0.0,0.0,0.0,0.0,0.0,,0.0,0.0,0.0,0.0,,0.0,0.0,,0.0,0.0,0.0,0.0,0.0,0.0,0.0,0.0,0.0,0.0,17.200000000000003,29.200000000000003,00-0033110,HigbTy00,2573401.0,Tyler Higbee,1993-01-01,78.0,253.0,Western Kentucky,2016.0,4.0,110.0,LA,2016,11,3.0,0.0,0.0,0.0,0.0,2024.0,Tyler Higbee,LA,31.0,TE,3.0,3.0,12.0,8.0,66.0,,5.0,18.0,2.3,48.0,6.0,2.2,0.0,,0.0,0.0,0.0,120.1,2025-09-03,,,,,,,,,,,,,,,,,,,,,,,,,,,,,,,,,,,,,,,,,,,,,,,,,,,,,,,,,,,,,,,,,,,,,,,,,,,,,3,8.1,2.9,1,1,0
2024,Daniel Bellinger,D.Bellinger,00-0038115,NYG,TE,TE,66.0,12,26.5,2.2083333333333335,12.5,14.0,14,17,125,0,0.030685920577617327,0.017168449863150036,0.058046795770631016,0,0,0,0,0,0,0,0,365.0,0.3305882352941176,0.07260273972602739,2.2083333333333335,2.9852541640943113,9.5,0,TE,"https://static.www.nfl.com/image/upload/f_auto,q_auto/league/nvabdu88h2cvroeygabo",REG,0,0,0,0,0,0,0,,,0,,0,0,0,0,0,0,0,,0,0,0,0,0,0,0,69,53,8,5.347587408788968,0,6,2,0,0,1.8115942028985508,0,2,0,2,0,0,0,0.0,0.0,0,0,0,0,0,0,0,0,0,0,0,0,0,0,0,0,0,0,4,45,0,0,0,0,0,0,0,0,0,0,0,0,0,,,0,0,0,0,0,0,0,0,0,0,0,0,,,,0,0,0,0,0,0,0,,0,0,0,0,,0,0,,0,0,0,0,0,0,0,0,0,0,,,,,,,,,,,,,,,,,,,,,,,,,,,,,,,,,,,,,,,,,,,,,,,,,,,,,,,,,,,,,,,,,,,,,,,,,,,,,,,,,,,,,,,,,,,,,,,,,,,,,,,,,,,,,,,,,,,,,,,,,,,,,,,,,,,,,,,,,,,,,,,,,,,,00-0038115,BellDa00,4361516.0,Daniel Bellinger,2000-09-22,78.0,255.0,San Diego State,2022.0,4.0,112.0,NYG,2022,5,17.0,0.0,200.0,0.0,0.4547058823529412,2024.0,Daniel Bellinger,NYG,24.0,TE,17.0,8.0,17.0,14.0,125.0,,8.0,72.0,5.1,53.0,3.8,5.1,0.0,,0.0,0.0,0.0,97.3,2025-09-03,,,,,,,,,,,,,,,,,,,,,,,,,,,,,,,,,,,,,,,,,,,,,,,,,,,,,,,,,,,,,,,,,,,,,,,,,,,,,12,1.4,0.0,0,0,0
2024,Andrew Ogletree,A.Ogletree,00-0037292,IND,TE,TE,67.0,12,25.9,2.158333333333333,16.9,9.0,9,14,109,1,0.028455284552845527,0.027609055770292656,0.06200926586847315,0,0,0,0,0,0,0,0,439.0,0.4023529411764706,0.05899772209567198,2.158333333333333,2.4740317971548658,8.5,0,TE,"https://static.www.nfl.com/image/upload/f_auto,q_auto/league/wvcrk0ygv3coprxj4cnt",REG,0,0,0,0,0,0,0,,,0,,0,0,0,0,0,0,0,,0,0,0,0,0,0,0,150,50,6,1.291763301269384,0,5,3,3,0,0.7266666666666667,0,1,0,4,0,0,0,0.0,0.0,0,0,0,0,0,0,0,0,0,0,0,0,0,0,0,0,0,0,1,11,0,0,0,0,0,0,0,0,0,0,0,0,0,,,0,0,0,0,0,0,0,0,0,0,0,0,,,,0,0,0,0,0,0,0,,0,0,0,0,,0,0,,0,0,0,0,0,0,0,0,0,0,,,,,,,,,,,,,,,,,,,,,,,,,,,,,,,,,,,,,,,,,,,,,,,,,,,,,,,,,,,,,,,,,,,,,,,,,,,,,,,,,,,,,,,,,,,,,,,,,,,,,,,,,,,,,,,,,,,,,,,,,,,,,,,,,,,,,,,,,,,,,,,,,,,,00-0037292,OgleAn00,4722908.0,Andrew Ogletree,1998-07-28,77.0,260.0,Youngstown State,2022.0,6.0,192.0,IND,2022,5,17.0,0.0,223.0,0.0,0.47941176470588237,2024.0,Andrew Ogletree,IND,26.0,TE,17.0,6.0,14.0,9.0,109.0,,6.0,59.0,6.6,50.0,5.6,10.7,0.0,,1.0,0.071,1.0,82.1,2025-09-03,,,,,,,,,,,,,,,,,,,,,,,,,,,,,,,,,,,,,,,,,,,,,,,,,,,,,,,,,,,,,,,,,,,,,,,,,,,,,12,1.65,0.0,0,0,0
2024,Julian Hill,J.Hill,00-0038720,MIA,TE,TE,68.0,14,22.0,1.5714285714285714,10.0,12.0,12,19,100,0,0.03345070422535211,0.03233629749393695,0.07281146458378403,0,0,0,0,0,0,0,0,514.0,0.47875,0.042801556420233464,1.5714285714285714,1.7630517996790815,4.800000000000001,0,TE,"https://static.www.nfl.com/image/upload/f_auto,q_auto/league/idjirwpxilfybc74zhwr",REG,0,0,0,0,0,0,0,,,0,,0,0,0,0,0,0,0,,0,0,0,0,0,1,0,120,58,5,3.3079151660641655,0,5,1,0,0,0.8333333333333334,0,1,0,4,0,0,0,0.0,0.0,0,0,0,0,0,0,0,0,0,0,0,0,0,0,0,0,0,0,9,60,1,0,0,1,0,0,0,0,0,0,0,0,0,,,0,0,0,0,0,0,0,0,0,0,0,0,,,,0,0,0,0,0,0,0,,0,0,0,0,,0,0,,0,0,0,0,0,0,0,0,0,0,,,,,,,,,,,,,,,,,,,,,,,,,,,,,,,,,,,,,,,,,,,,,,,,,,,,,,,,,,,,,,,,,,,,,,,,,,,,,,,,,,,,,,,,,,,,,,,,,,,,,,,,,,,,,,,,,,,,,,,,,,,,,,,,,,,,,,,,,,,,,,,,,,,,00-0038720,HillJu02,4365395.0,Julian Hill,2000-07-09,76.0,251.0,Campbell University,,,,,2023,4,16.0,0.0,230.0,0.0,0.548125,2024.0,Julian Hill,MIA,24.0,TE,16.0,11.0,19.0,12.0,100.0,,5.0,42.0,3.5,58.0,4.8,6.3,3.0,4.0,2.0,0.105,0.0,76.6,2025-09-03,,,,,,,,,,,,,,,,,,,,,,,,,,,,,,,,,,,,,,,,,,,,,,,,,,,,,,,,,,,,,,,,,,,,,,,,,,,,,14,1.45,0.0,0,0,0
2024,Hunter Long,H.Long,00-0037004,LA,TE,TE,69.0,11,19.0,1.7272727272727273,12.0,7.0,7,9,60,0,0.0166358595194085,0.007516973811833172,0.03021567094739597,0,0,0,0,0,0,0,0,279.0,0.26235294117647057,0.06810035842293907,1.7272727272727273,2.046504780884183,6.0,0,TE,"https://static.www.nfl.com/image/upload/f_auto,q_auto/league/wlj6sdfj5qcy8bt2qyxb",REG,0,0,0,0,0,0,0,,,0,,0,0,0,0,0,0,0,,0,0,0,0,0,0,0,31,30,2,2.2595970721449703,0,1,1,0,0,1.935483870967742,1,2,0,1,0,0,0,0.0,0.0,0,0,0,0,0,0,0,0,0,0,0,0,22,0,0,0,0,0,6,45,0,0,0,0,0,0,0,0,0,0,0,0,0,,,0,0,0,0,0,0,0,0,0,0,0,0,,,,0,0,0,0,0,0,0,,0,0,0,0,,0,0,,0,0,0,0,0,0,0,0,0,0,H.Long,Hunter Long,TE,TE,"https://static.www.nfl.com/image/upload/f_auto,q_auto/league/wlj6sdfj5qcy8bt2qyxb",2024.0,POST,LA,1.0,0.0,0.0,0.0,0.0,0.0,0.0,0.0,0.0,0.0,0.0,0.0,0.0,,,0.0,,0.0,0.0,0.0,0.0,0.0,0.0,0.0,0.0,0.0,0.0,,0.0,0.0,0.0,0.0,0.0,1.0,2.0,13.0,0.0,0.0,0.0,49.0,0.0,1.0,0.37687516561709344,0.0,1.0,0.0,0.0,0.0,0.2653061224489796,0.02857142857142857,0.0763239875389408,0.09628393413440142,0.0,0.0,0.0,0.0,0.0,0.0,0.0,0.0,0.0,0.0,0.0,0.0,0.0,0.0,0.0,0.0,0.0,0.0,0.0,0.0,0.0,0.0,0.0,0.0,0.0,0.0,0.0,0.0,0.0,0.0,0.0,0.0,0.0,0.0,0.0,0.0,0.0,0.0,0.0,0.0,0.0,0.0,,,0.0,0.0,0.0,0.0,0.0,0.0,0.0,0.0,0.0,0.0,0.0,0.0,,,,0.0,0.0,0.0,0.0,0.0,0.0,0.0,,0.0,0.0,0.0,0.0,,0.0,0.0,,0.0,0.0,0.0,0.0,0.0,0.0,0.0,0.0,0.0,0.0,1.3,2.3,00-0037004,LongHu00,4239944.0,Hunter Long,1998-08-19,77.0,253.0,Boston College,2021.0,3.0,81.0,MIA,2021,6,17.0,0.0,263.0,0.0,0.6000000000000001,2024.0,Hunter Long,LA,26.0,TE,17.0,2.0,9.0,7.0,60.0,,2.0,30.0,4.3,30.0,4.3,3.4,0.0,,1.0,0.111,0.0,94.4,2025-09-03,,,,,,,,,,,,,,,,,,,,,,,,,,,,,,,,,,,,,,,,,,,,,,,,,,,,,,,,,,,,,,,,,,,,,,,,,,,,,11,1.4,0.0,0,0,0
2024,Luke Farrell,L.Farrell,00-0036887,JAX,TE,TE,70.0,12,18.7,1.5583333333333333,6.7,12.0,12,17,67,0,0.032567049808429116,0.017880505887483647,0.06136692883388223,0,0,0,0,0,0,0,0,390.0,0.3764705882352941,0.047948717948717946,1.5583333333333333,1.456932227370757,3.7,0,TE,"https://static.www.nfl.com/image/upload/f_auto,q_auto/league/kdq2zratulrdsv4ykugy",REG,0,0,0,0,0,0,0,,,0,,0,0,0,0,0,0,0,,0,0,0,0,0,0,0,82,30,4,-4.639005192555487,0,1,0,0,0,0.8170731707317073,0,4,0,0,0,0,0,0.0,0.0,0,0,0,0,0,0,0,0,0,0,0,0,0,0,0,0,0,0,3,18,0,0,0,0,0,0,0,0,0,0,0,0,0,,,0,0,0,0,0,0,0,0,0,0,0,0,,,,0,0,0,0,0,0,0,,0,0,0,0,,0,0,,0,0,0,0,0,0,0,0,0,0,,,,,,,,,,,,,,,,,,,,,,,,,,,,,,,,,,,,,,,,,,,,,,,,,,,,,,,,,,,,,,,,,,,,,,,,,,,,,,,,,,,,,,,,,,,,,,,,,,,,,,,,,,,,,,,,,,,,,,,,,,,,,,,,,,,,,,,,,,,,,,,,,,,,00-0036887,FarrLu00,4040612.0,Luke Farrell,1997-10-14,77.0,250.0,Ohio State,2021.0,5.0,145.0,JAX,2021,6,17.0,0.0,119.0,0.0,0.26941176470588235,2024.0,Luke Farrell,JAX,27.0,TE,17.0,8.0,17.0,12.0,67.0,,4.0,37.0,3.1,30.0,2.5,4.8,1.0,12.0,1.0,0.059000000000000004,1.0,52.8,2025-09-03,,,,,,,,,,,,,,,,,,,,,,,,,,,,,,,,,,,,,,,,,,,,,,,,,,,,,,,,,,,,,,,,,,,,,,,,,,,,,12,1.35,0.0,0,0,0
2024,Brevyn Spann-Ford,B.Spann-Ford,00-0039530,DAL,TE,TE,71.0,11,17.8,1.6181818181818182,8.8,9.0,9,14,88,0,0.022508038585209004,0.017498932991890738,0.04601131097213702,0,0,0,0,0,0,0,0,305.0,0.25529411764705884,0.05836065573770492,1.6181818181818182,2.7429247827157712,8.2,0,TE,"https://static.www.nfl.com/image/upload/f_auto,q_auto/league/sko2pmuqociwa92ep1ad",REG,0,0,0,0,0,0,0,,,0,,0,0,0,0,0,0,0,,0,0,0,0,0,0,0,82,53,6,1.3320561994914897,0,4,2,0,0,1.0731707317073171,0,2,0,1,0,0,0,0.0,0.0,0,0,0,0,0,0,0,0,0,0,0,0,0,0,0,0,0,0,3,24,0,0,0,0,0,0,0,0,0,0,0,0,0,,,0,0,0,0,0,0,0,0,0,0,0,0,,,,0,0,0,0,0,0,0,,0,0,0,0,,0,0,,0,0,0,0,0,0,0,0,0,0,,,,,,,,,,,,,,,,,,,,,,,,,,,,,,,,,,,,,,,,,,,,,,,,,,,,,,,,,,,,,,,,,,,,,,,,,,,,,,,,,,,,,,,,,,,,,,,,,,,,,,,,,,,,,,,,,,,,,,,,,,,,,,,,,,,,,,,,,,,,,,,,,,,,00-0039530,SpanBr00,4360967.0,Brevyn Spann-Ford,1999-12-27,78.0,265.0,Minnesota,,,,,2024,3,17.0,0.0,114.0,0.0,0.24117647058823527,2024.0,Brevyn Spann-Ford,DAL,25.0,TE,17.0,0.0,14.0,9.0,88.0,,6.0,35.0,3.9,53.0,5.9,5.9,0.0,,0.0,0.0,0.0,81.8,2025-09-03,,,,,,,,,,,,,,,,,,,,,,,,,,,,,,,,,,,,,,,,,,,,,,,,,,,,,,,,,,,,,,,,,,,,,,,,,,,,,11,0.0,0.0,0,0,0
2024,Harrison Bryant,H.Bryant,00-0036232,LV,TE,TE,72.0,6,17.6,2.9333333333333336,8.6,9.000000000000002,9,12,86,0,0.02027027027027027,0.00920314253647587,0.03684760518093851,0,0,0,0,0,0,0,0,213.0,0.25461538461538463,0.08262910798122067,2.9333333333333336,2.332094909446583,5.4,0,TE,"https://static.www.nfl.com/image/upload/f_auto,q_auto/league/gmguayurr96nolimwmyn",REG,0,0,0,0,0,0,0,,,0,,0,0,0,0,0,0,0,,0,0,0,0,0,0,0,41,71,5,-0.27764034923166037,0,4,1,0,0,2.097560975609756,0,2,0,0,0,0,0,0.0,0.0,0,0,0,0,0,0,0,0,0,0,0,0,0,0,0,0,0,0,0,0,0,0,0,0,0,0,0,0,0,0,0,0,0,,,0,0,0,0,0,0,0,0,0,0,0,0,,,,0,0,0,0,0,0,0,,0,0,0,0,,0,0,,0,0,0,0,0,0,0,0,0,0,,,,,,,,,,,,,,,,,,,,,,,,,,,,,,,,,,,,,,,,,,,,,,,,,,,,,,,,,,,,,,,,,,,,,,,,,,,,,,,,,,,,,,,,,,,,,,,,,,,,,,,,,,,,,,,,,,,,,,,,,,,,,,,,,,,,,,,,,,,,,,,,,,,,00-0036232,BryaHa00,4040774.0,Harrison Bryant,1998-04-23,77.0,230.0,Florida Atlantic,2020.0,4.0,115.0,CLE,2020,6,13.0,0.0,96.0,0.0,0.26615384615384613,2024.0,Harrison Bryant,LV,26.0,TE,13.0,3.0,12.0,9.0,86.0,,5.0,15.0,1.7,71.0,7.9,3.4,2.0,4.5,0.0,0.0,1.0,59.7,2025-09-03,,,,,,,,,,,,,,,,,,,,,,,,,,,,,,,,,,,,,,,,,,,,,,,,,,,,,,,,,,,,,,,,,,,,,,,,,,,,,6,4.0,0.0,0,0,0
2024,Blake Whiteheart,B.Whiteheart,00-0038710,CLE,TE,TE,73.0,7,17.1,2.442857142857143,11.100000000000001,6.0,6,9,51,1,0.014195583596214511,0.015731209943678385,0.032305222354896634,0,0,0,0,0,0,0,0,207.0,0.28,0.08260869565217392,2.442857142857143,3.7411482831064693,10.3,0,TE,"https://static.www.nfl.com/image/upload/f_auto,q_auto/league/senw8edxu2ovkg1dbdxs",REG,0,0,0,0,0,0,0,,,0,,0,0,0,0,0,0,0,,0,0,0,0,0,0,0,81,10,2,-3.7565755097894,0,1,1,1,0,0.6296296296296297,0,0,0,0,0,0,0,0.0,0.0,0,0,0,0,0,0,0,0,0,0,0,0,0,0,0,0,0,0,0,0,0,0,0,0,0,0,0,0,0,0,0,0,0,,,0,0,0,0,0,0,0,0,0,0,0,0,,,,0,0,0,0,0,0,0,,0,0,0,0,,0,0,,0,0,0,0,0,0,0,0,0,0,,,,,,,,,,,,,,,,,,,,,,,,,,,,,,,,,,,,,,,,,,,,,,,,,,,,,,,,,,,,,,,,,,,,,,,,,,,,,,,,,,,,,,,,,,,,,,,,,,,,,,,,,,,,,,,,,,,,,,,,,,,,,,,,,,,,,,,,,,,,,,,,,,,,00-0038710,WhitBl01,4362018.0,Blake Whiteheart,2000-03-22,76.0,250.0,Wake Forest,,,,,2023,4,11.0,0.0,111.0,0.0,0.3845454545454546,2024.0,Blake Whiteheart,CLE,24.0,TE,11.0,2.0,9.0,6.0,51.0,,2.0,41.0,6.8,10.0,1.7,9.0,0.0,,0.0,0.0,1.0,78.7,2025-09-03,,,,,,,,,,,,,,,,,,,,,,,,,,,,,,,,,,,,,,,,,,,,,,,,,,,,,,,,,,,,,,,,,,,,,,,,,,,,,7,1.1,0.0,1,0,0
2024,MyCole Pruitt,M.Pruitt,00-0031585,PIT,TE,TE,74.0,7,16.0,2.2857142857142856,10.0,6.0,6,10,40,1,0.021739130434782608,0.008362899138367968,0.03846272504903149,0,0,0,0,0,0,0,0,271.0,0.33916666666666667,0.05904059040590406,2.2857142857142856,2.5517500997214775,7.1,0,TE,"https://static.www.nfl.com/image/upload/f_auto,q_auto/league/jazo8egu5luwyxxcpjh8",REG,0,0,0,0,0,0,0,,,0,,0,0,0,0,0,0,0,,0,0,0,0,0,0,0,33,16,2,-8.00059991175834,0,2,1,0,0,1.2121212121212122,0,1,0,0,0,0,0,0.0,0.0,0,0,0,0,0,0,0,0,0,0,0,0,0,0,0,0,0,0,0,0,0,0,0,0,0,0,0,0,0,0,0,0,0,,,0,0,0,0,0,0,0,0,0,0,0,0,,,,0,0,0,0,0,0,0,,0,0,0,0,,0,0,,0,0,0,0,0,0,0,0,0,0,,,,,,,,,,,,,,,,,,,,,,,,,,,,,,,,,,,,,,,,,,,,,,,,,,,,,,,,,,,,,,,,,,,,,,,,,,,,,,,,,,,,,,,,,,,,,,,,,,,,,,,,,,,,,,,,,,,,,,,,,,,,,,,,,,,,,,,,,,,,,,,,,,,,00-0031585,PruiMy00,2508256.0,MyCole Pruitt,1992-03-24,74.0,258.0,Southern Illinois,2015.0,5.0,143.0,MIN,2015,9,12.0,0.0,15.0,0.0,0.05000000000000001,2024.0,MyCole Pruitt,PIT,32.0,TE,12.0,5.0,10.0,6.0,40.0,,2.0,24.0,4.0,16.0,2.7,2.7,0.0,,0.0,0.0,1.0,62.5,2025-09-03,,,,,,,,,,,,,,,,,,,,,,,,,,,,,,,,,,,,,,,,,,,,,,,,,,,,,,,,,,,,,,,,,,,,,,,,,,,,,7,1.9,0.0,0,0,0
2024,Kenny Yeboah,K.Yeboah,00-0036510,NYJ,TE,TE,75.0,7,15.7,2.242857142857143,10.7,5.0,5,8,47,1,0.013582342954159592,0.008965350133268718,0.02664925952452749,0,0,0,0,0,0,0,0,106.0,0.19,0.1481132075471698,2.242857142857143,2.9776148972273893,8.1,0,TE,"https://static.www.nfl.com/image/upload/f_auto,q_auto/league/bjyunji7y2odt4n4judm",REG,0,0,0,0,0,0,0,,,0,,0,0,0,0,0,0,0,,0,0,0,0,0,0,0,37,34,3,2.718543706985656,0,3,0,0,0,1.2702702702702702,0,1,0,3,0,0,0,0.0,0.0,0,0,0,0,0,0,0,0,0,0,0,0,0,0,0,0,0,0,2,20,0,0,0,0,0,0,0,0,0,0,0,0,0,,,0,0,0,0,0,0,0,0,0,0,0,0,,,,0,0,0,0,0,0,0,,0,0,0,0,,0,0,,0,0,0,0,0,0,0,0,0,0,,,,,,,,,,,,,,,,,,,,,,,,,,,,,,,,,,,,,,,,,,,,,,,,,,,,,,,,,,,,,,,,,,,,,,,,,,,,,,,,,,,,,,,,,,,,,,,,,,,,,,,,,,,,,,,,,,,,,,,,,,,,,,,,,,,,,,,,,,,,,,,,,,,,00-0036510,YeboKe00,4044144.0,Kenny Yeboah,1998-10-30,76.0,250.0,Mississippi,,,,,2021,5,9.0,0.0,169.0,0.0,0.7555555555555555,2024.0,Kenny Yeboah,NYJ,26.0,TE,9.0,1.0,8.0,5.0,47.0,,3.0,13.0,2.6,34.0,6.8,4.6,0.0,,2.0,0.25,0.0,118.2,2025-09-03,,,,,,,,,,,,,,,,,,,,,,,,,,,,,,,,,,,,,,,,,,,,,,,,,,,,,,,,,,,,,,,,,,,,,,,,,,,,,7,1.4,0.0,0,0,0
2024,Hayden Hurst,H.Hurst,00-0034830,LAC,TE,TE,76.0,7,15.3,2.185714285714286,7.300000000000001,8.0,8,13,73,0,0.026476578411405296,0.014210405684162274,0.04966215159602153,0,0,0,0,0,0,0,0,174.0,0.33111111111111113,0.08793103448275863,2.185714285714286,1.7082433193474629,5.300000000000001,0,TE,"https://static.www.nfl.com/image/upload/f_auto,q_auto/league/qxvkvmi2fphxjqyb21nv",REG,0,0,0,0,0,0,0,,,0,,0,0,0,0,0,0,0,,0,0,0,0,0,0,0,62,20,2,-4.841556945582852,0,1,1,1,0,1.1774193548387097,0,0,0,0,0,0,0,0.0,0.0,0,0,0,0,0,0,0,0,0,0,0,0,0,0,0,0,0,0,1,10,0,0,0,0,0,0,0,0,0,0,0,0,0,,,0,0,0,0,0,0,0,0,0,0,0,0,,,,0,0,0,0,0,0,0,,0,0,0,0,,0,0,,0,0,0,0,0,0,0,0,0,0,,,,,,,,,,,,,,,,,,,,,,,,,,,,,,,,,,,,,,,,,,,,,,,,,,,,,,,,,,,,,,,,,,,,,,,,,,,,,,,,,,,,,,,,,,,,,,,,,,,,,,,,,,,,,,,,,,,,,,,,,,,,,,,,,,,,,,,,,,,,,,,,,,,,00-0034830,HursHa00,3924365.0,Hayden Hurst,1993-08-24,76.0,245.0,South Carolina,2018.0,1.0,25.0,BAL,2018,7,9.0,0.0,0.0,0.0,0.0,2024.0,Hayden Hurst,LAC,31.0,TE,9.0,2.0,13.0,8.0,73.0,,2.0,53.0,6.6,20.0,2.5,4.8,0.0,,2.0,0.154,0.0,76.8,2025-09-03,,,,,,,,,,,,,,,,,,,,,,,,,,,,,,,,,,,,,,,,,,,,,,,,,,,,,,,,,,,,,,,,,,,,,,,,,,,,,7,1.6,0.0,0,0,0
2024,Quintin Morris,Q.Morris,00-0036590,BUF,TE,TE,77.0,10,14.6,1.46,9.6,5.0,5,8,36,1,0.01616161616161616,0.017362740497419052,0.03639634259061758,0,0,0,0,0,0,0,0,214.0,0.2025,0.06822429906542056,1.4600000000000002,2.609469933402823,7.2,0,TE,"https://static.www.nfl.com/image/upload/f_auto,q_auto/league/auqtvapzdtpdxg6myw6b",REG,0,0,0,0,0,0,0,,,0,,0,0,0,0,0,0,0,,0,0,0,0,0,0,0,74,22,3,1.334388125318358,0,1,0,0,0,0.4864864864864865,0,1,0,3,0,0,0,0.0,0.0,0,0,0,0,0,0,0,0,0,0,0,0,0,0,0,0,0,0,3,18,0,0,0,0,0,0,0,0,0,0,0,0,0,,,0,0,0,0,0,0,0,0,0,0,0,0,,,,0,0,0,0,0,0,0,,0,0,0,0,,0,0,,0,0,0,0,0,0,0,0,0,0,,,,,,,,,,,,,,,,,,,,,,,,,,,,,,,,,,,,,,,,,,,,,,,,,,,,,,,,,,,,,,,,,,,,,,,,,,,,,,,,,,,,,,,,,,,,,,,,,,,,,,,,,,,,,,,,,,,,,,,,,,,,,,,,,,,,,,,,,,,,,,,,,,,,00-0036590,MorrQu00,4244049.0,Quintin Morris,1999-01-21,74.0,243.0,Bowling Green,,,,,2021,5,16.0,0.0,324.0,0.0,0.7837500000000001,2024.0,Quintin Morris,BUF,25.0,TE,16.0,3.0,8.0,5.0,36.0,,3.0,14.0,2.8,22.0,4.4,9.3,0.0,,1.0,0.125,0.0,112.5,2025-09-03,,,,,,,,,,,,,,,,,,,,,,,,,,,,,,,,,,,,,,,,,,,,,,,,,,,,,,,,,,,,,,,,,,,,,,,,,,,,,10,0.0,0.0,0,0,0
2024,John Bates,J.Bates,00-0036628,WAS,TE,TE,78.0,13,14.4,1.1076923076923078,6.4,8.0,8,13,84,0,0.025793650793650792,0.015781563126252503,0.049737570378852944,0,0,0,0,0,0,0,0,516.0,0.43941176470588234,0.027906976744186046,1.1076923076923078,1.3231663654919703,3.7,0,TE,"https://static.www.nfl.com/image/upload/f_auto,q_auto/league/sqaiwpind6kk4ns4acql",REG,0,0,0,0,0,0,0,,,0,,0,0,0,0,0,0,0,,0,0,0,0,0,1,1,63,49,3,-0.6506347095710225,0,3,1,1,0,1.3333333333333333,0,1,0,1,0,0,0,0.0,0.0,0,0,0,0,0,0,0,0,0,0,0,0,0,0,0,0,0,0,3,22,1,0,0,1,1,0,0,0,0,0,0,0,0,,,0,0,0,0,0,0,0,0,0,0,0,0,,,,0,0,0,0,0,0,0,,0,0,0,0,,0,0,,0,0,0,0,0,0,0,0,0,0,J.Bates,John Bates,TE,TE,"https://static.www.nfl.com/image/upload/f_auto,q_auto/league/sqaiwpind6kk4ns4acql",2024.0,POST,WAS,3.0,0.0,0.0,0.0,0.0,0.0,0.0,0.0,0.0,0.0,0.0,0.0,0.0,,,0.0,,0.0,0.0,0.0,0.0,0.0,0.0,0.0,0.0,0.0,0.0,,0.0,0.0,0.0,0.0,0.0,3.0,5.0,31.0,0.0,0.0,0.0,26.0,5.0,2.0,1.479061866441043,0.0,1.0,1.0,1.0,0.0,1.1923076923076923,0.046296296296296294,0.034993270524899055,0.09393973381187379,0.0,0.0,0.0,0.0,0.0,0.0,0.0,0.0,0.0,0.0,0.0,0.0,0.0,0.0,0.0,0.0,0.0,0.0,0.0,0.0,0.0,0.0,0.0,0.0,0.0,0.0,0.0,0.0,0.0,0.0,0.0,0.0,0.0,0.0,0.0,0.0,0.0,0.0,0.0,0.0,0.0,0.0,,,0.0,0.0,0.0,0.0,0.0,0.0,0.0,0.0,0.0,0.0,0.0,0.0,,,,0.0,0.0,0.0,0.0,0.0,0.0,0.0,,0.0,0.0,0.0,0.0,,0.0,0.0,,0.0,0.0,0.0,0.0,0.0,0.0,0.0,0.0,0.0,0.0,3.1,6.1,00-0036628,BateJo00,4048228.0,John Bates,1997-11-06,78.0,256.0,Boise State,2021.0,4.0,124.0,WAS,2021,6,17.0,0.0,225.0,0.0,0.48235294117647054,2024.0,John Bates,WAS,27.0,TE,17.0,6.0,13.0,8.0,84.0,,3.0,35.0,4.4,49.0,6.1,4.8,1.0,8.0,1.0,0.077,0.0,80.3,2025-09-03,,,,,,,,,,,,,,,,,,,,,,,,,,,,,,,,,,,,,,,,,,,,,,,,,,,,,,,,,,,,,,,,,,,,,,,,,,,,,13,0.30000000000000004,0.0,0,0,0
2024,Durham Smythe,D.Smythe,00-0034798,MIA,TE,TE,79.0,14,14.3,1.0214285714285716,5.300000000000001,9.0,9,17,53,0,0.02992957746478873,0.02533009970358394,0.06262543598969185,0,0,0,0,0,0,0,0,364.0,0.32235294117647056,0.039285714285714285,1.0214285714285716,0.8087773977559457,1.8,0,TE,"https://static.www.nfl.com/image/upload/f_auto,q_auto/league/pwcuy1ntmris98x8xmxi",REG,0,0,0,0,0,0,0,,,0,,0,0,0,0,0,0,0,,0,0,0,0,0,0,0,94,16,1,-3.6345423443414937,0,0,0,0,0,0.5638297872340425,0,2,0,0,0,0,0,0.0,0.0,0,0,0,0,0,0,0,0,0,0,0,0,0,0,0,0,0,0,3,19,0,0,0,0,0,0,0,0,0,0,0,0,0,,,0,0,0,0,0,0,0,0,0,0,0,0,,,,0,0,0,0,0,0,0,,0,0,0,0,,0,0,,0,0,0,0,0,0,0,0,0,0,,,,,,,,,,,,,,,,,,,,,,,,,,,,,,,,,,,,,,,,,,,,,,,,,,,,,,,,,,,,,,,,,,,,,,,,,,,,,,,,,,,,,,,,,,,,,,,,,,,,,,,,,,,,,,,,,,,,,,,,,,,,,,,,,,,,,,,,,,,,,,,,,,,,00-0034798,SmytDu00,3052897.0,Durham Smythe,1995-08-09,76.0,248.0,Notre Dame,2018.0,4.0,123.0,MIA,2018,9,17.0,0.0,134.0,0.0,0.30058823529411766,2024.0,Durham Smythe,MIA,29.0,TE,17.0,4.0,17.0,9.0,53.0,,1.0,37.0,4.1,16.0,1.8,5.5,0.0,,1.0,0.059000000000000004,0.0,59.2,2025-09-03,,,,,,,,,,,,,,,,,,,,,,,,,,,,,,,,,,,,,,,,,,,,,,,,,,,,,,,,,,,,,,,,,,,,,,,,,,,,,14,1.35,0.0,0,0,0
2024,Ben Sinnott,B.Sinnott,00-0039912,WAS,TE,TE,80.0,7,13.8,1.9714285714285715,8.8,5.0,5,5,28,1,0.00992063492063492,0.0022545090180360722,0.01645910869357763,0,0,0,0,0,0,0,0,311.0,0.2664705882352941,0.04437299035369775,1.9714285714285715,3.0598008027289865,8.6,0,TE,"https://static.www.nfl.com/image/upload/f_auto,q_auto/league/ilkrv6dqajndnlsbmv8f",REG,0,0,0,0,0,0,0,,,0,,0,0,0,0,0,0,0,,0,0,0,0,0,0,0,9,19,2,1.4494866821332835,0,1,0,0,0,3.111111111111111,0,2,0,0,0,0,0,0.0,0.0,0,0,0,0,0,0,0,0,0,0,0,0,0,0,0,0,0,0,2,15,0,0,0,0,0,0,0,0,0,0,0,0,0,,,0,0,0,0,0,0,0,0,0,0,0,0,,,,0,0,0,0,0,0,0,,0,0,0,0,,0,0,,0,0,0,0,0,0,0,0,0,0,B.Sinnott,Ben Sinnott,TE,TE,"https://static.www.nfl.com/image/upload/f_auto,q_auto/league/ilkrv6dqajndnlsbmv8f",2024.0,POST,WAS,1.0,0.0,0.0,0.0,0.0,0.0,0.0,0.0,0.0,0.0,0.0,0.0,0.0,,,0.0,,0.0,0.0,0.0,0.0,0.0,0.0,0.0,0.0,0.0,0.0,,0.0,0.0,0.0,0.0,0.0,1.0,1.0,23.0,0.0,0.0,0.0,16.0,7.0,1.0,3.9842156034428626,0.0,1.0,1.0,1.0,0.0,1.4375,0.009259259259259259,0.021534320323014805,0.028962913114999253,0.0,0.0,0.0,0.0,0.0,0.0,0.0,0.0,0.0,0.0,0.0,0.0,0.0,0.0,0.0,0.0,0.0,0.0,0.0,0.0,0.0,0.0,0.0,0.0,0.0,0.0,0.0,0.0,0.0,0.0,0.0,0.0,0.0,0.0,0.0,0.0,0.0,0.0,0.0,0.0,0.0,0.0,,,0.0,0.0,0.0,0.0,0.0,0.0,0.0,0.0,0.0,0.0,0.0,0.0,,,,0.0,0.0,0.0,0.0,0.0,0.0,0.0,,0.0,0.0,0.0,0.0,,0.0,0.0,,0.0,0.0,0.0,0.0,0.0,0.0,0.0,0.0,0.0,0.0,2.3000000000000003,3.3000000000000003,00-0039912,SinnBe00,4690923.0,Ben Sinnott,2002-06-14,76.0,245.0,Kansas State,2024.0,2.0,53.0,WAS,2024,3,17.0,0.0,155.0,0.0,0.3264705882352942,2024.0,Ben Sinnott,WAS,22.0,TE,17.0,2.0,5.0,5.0,28.0,,2.0,9.0,1.8,19.0,3.8,1.8,0.0,,0.0,0.0,0.0,129.6,2025-09-03,,,,,,,,,,,,,,,,,,,,,,,,,,,,,,,,,,,,,,,,,,,,,,,,,,,,,,,,,,,,,,,,,,,,,,,,,,,,,7,1.3,0.0,0,0,0
2024,Devin Culp,D.Culp,00-0039754,TB,TE,TE,80.0,2,13.8,6.9,8.8,5.0,5,6,88,0,0.010657193605683837,0.01839717741935484,0.028863814602074142,0,0,0,0,0,0,0,0,41.0,0.11200000000000002,0.33658536585365856,6.8999999999999995,1.8384776310850233,8.2,0,TE,"https://static.www.nfl.com/image/upload/f_auto,q_auto/league/e32gorf12yuyy6iyijt9",REG,0,0,0,0,0,0,0,,,0,,0,0,0,0,0,0,0,,0,0,0,0,0,0,0,73,31,4,7.8495431828378335,0,4,4,2,0,1.2054794520547945,0,0,0,0,0,0,0,0.0,0.0,0,0,0,0,0,0,0,0,0,0,0,0,0,0,0,0,0,0,0,0,0,0,0,0,0,0,0,0,0,0,0,0,0,,,0,0,0,0,0,0,0,0,0,0,0,0,,,,0,0,0,0,0,0,0,,0,0,0,0,,0,0,,0,0,0,0,0,0,0,0,0,0,,,,,,,,,,,,,,,,,,,,,,,,,,,,,,,,,,,,,,,,,,,,,,,,,,,,,,,,,,,,,,,,,,,,,,,,,,,,,,,,,,,,,,,,,,,,,,,,,,,,,,,,,,,,,,,,,,,,,,,,,,,,,,,,,,,,,,,,,,,,,,,,,,,,00-0039754,CulpDe00,4361112.0,Devin Culp,2000-02-02,76.0,237.0,Washington,2024.0,7.0,246.0,TB,2024,2,5.0,0.0,50.0,0.0,0.348,2024.0,Devin Culp,TB,24.0,TE,5.0,0.0,6.0,5.0,88.0,,4.0,57.0,11.4,31.0,6.2,12.2,0.0,,0.0,0.0,0.0,118.7,2025-09-03,,,,,,,,,,,,,,,,,,,,,,,,,,,,,,,,,,,,,,,,,,,,,,,,,,,,,,,,,,,,,,,,,,,,,,,,,,,,,2,6.8999999999999995,5.6,0,0,0
2024,Pharaoh Brown,P.Brown,00-0033439,SEA,TE,TE,82.0,10,12.5,1.25,4.5,8.0,8,12,65,0,0.0210896309314587,0.012396694214876033,0.040312132347601275,0,0,0,0,0,0,0,0,264.0,0.27799999999999997,0.04734848484848485,1.25,1.4136241839093353,3.9000000000000004,0,TE,"https://static.www.nfl.com/image/upload/f_auto,q_auto/league/hfgg6gr7aiyzmdzh4iww",REG,0,0,0,0,0,0,0,,,0,,0,0,0,0,0,0,0,,0,0,0,0,0,1,1,51,30,2,-6.4712760925380906,0,2,1,0,0,1.2745098039215685,0,2,0,2,0,0,0,0.0,0.0,0,0,0,0,0,0,0,0,0,0,0,0,0,0,0,0,0,0,5,51,1,0,0,1,1,0,0,0,0,0,0,0,0,,,0,0,0,0,0,0,0,0,0,0,0,0,,,,0,0,0,0,0,0,0,,0,0,0,0,,0,0,,0,0,0,0,0,0,0,0,0,0,,,,,,,,,,,,,,,,,,,,,,,,,,,,,,,,,,,,,,,,,,,,,,,,,,,,,,,,,,,,,,,,,,,,,,,,,,,,,,,,,,,,,,,,,,,,,,,,,,,,,,,,,,,,,,,,,,,,,,,,,,,,,,,,,,,,,,,,,,,,,,,,,,,,00-0033439,BrowPh01,2971281.0,Pharaoh Brown,1994-05-04,77.0,246.0,Oregon,,,,,2017,9,15.0,0.0,191.0,0.0,0.48000000000000004,2024.0,Pharaoh Brown,SEA,30.0,TE,15.0,7.0,12.0,8.0,65.0,,2.0,35.0,4.4,30.0,3.8,4.2,1.0,8.0,1.0,0.083,0.0,80.2,2025-09-03,,,,,,,,,,,,,,,,,,,,,,,,,,,,,,,,,,,,,,,,,,,,,,,,,,,,,,,,,,,,,,,,,,,,,,,,,,,,,10,1.4500000000000002,-0.6000000000000001,0,0,0
2024,Chris Manhertz,C.Manhertz,00-0031484,NYG,TE,TE,83.0,8,12.0,1.5,9.0,3.0,3,4,30,1,0.007220216606498195,0.003732271709380443,0.013442915106313603,0,0,0,0,0,0,0,0,342.0,0.30823529411764705,0.03508771929824561,1.5,2.5478282068123375,7.2,0,TE,"https://static.www.nfl.com/image/upload/f_auto,q_auto/league/bw0kytk1nwrdln9t3wzg",REG,0,0,0,0,0,0,0,,,0,,0,0,0,0,0,0,0,,0,0,0,0,0,0,0,15,19,2,2.54974747763481,0,2,1,0,0,2.0,0,1,0,0,0,0,0,0.0,0.0,0,0,0,0,0,0,0,0,0,0,0,0,0,1,-1,0,0,0,3,25,0,0,0,0,0,0,0,0,0,0,0,0,0,,,0,0,0,0,0,0,0,0,0,0,0,0,,,,0,0,0,0,0,0,0,,0,0,0,0,,0,0,,0,0,0,0,0,0,0,0,0,0,,,,,,,,,,,,,,,,,,,,,,,,,,,,,,,,,,,,,,,,,,,,,,,,,,,,,,,,,,,,,,,,,,,,,,,,,,,,,,,,,,,,,,,,,,,,,,,,,,,,,,,,,,,,,,,,,,,,,,,,,,,,,,,,,,,,,,,,,,,,,,,,,,,,00-0031484,ManhCh00,4071345.0,Chris Manhertz,1992-04-10,78.0,235.0,Canisius College,,,,,2015,11,17.0,0.0,165.0,0.0,0.3688235294117647,2024.0,Chris Manhertz,NYG,32.0,TE,17.0,11.0,4.0,3.0,30.0,,2.0,11.0,3.7,19.0,6.3,3.8,0.0,,0.0,0.0,0.0,135.4,2025-09-03,,,,,,,,,,,,,,,,,,,,,,,,,,,,,,,,,,,,,,,,,,,,,,,,,,,,,,,,,,,,,,,,,,,,,,,,,,,,,8,0.0,0.0,0,0,0
2024,Charlie Woerner,C.Woerner,00-0036429,ATL,TE,TE,84.0,12,11.600000000000001,0.9666666666666668,4.6000000000000005,7.000000000000001,7,12,46,0,0.022263450834879406,0.007836990595611285,0.03888106966924701,0,0,0,0,0,0,0,0,457.0,0.424375,0.025382932166301973,0.9666666666666667,1.067991601374309,2.7,0,TE,"https://static.www.nfl.com/image/upload/f_auto,q_auto/league/tuzldnhk23mvsapfejqd",REG,0,0,0,0,0,0,0,,,0,,0,0,0,0,0,0,0,,0,0,0,0,0,0,0,35,21,3,-5.707397807738744,0,2,0,0,0,1.3142857142857143,0,4,0,2,0,0,0,0.0,0.0,0,0,0,0,0,0,0,0,0,0,0,0,0,0,0,0,0,0,1,5,0,0,0,0,0,0,0,0,0,0,0,0,0,,,0,0,0,0,0,0,0,0,0,0,0,0,,,,0,0,0,0,0,0,0,,0,0,0,0,,0,0,,0,0,0,0,0,0,0,0,0,0,,,,,,,,,,,,,,,,,,,,,,,,,,,,,,,,,,,,,,,,,,,,,,,,,,,,,,,,,,,,,,,,,,,,,,,,,,,,,,,,,,,,,,,,,,,,,,,,,,,,,,,,,,,,,,,,,,,,,,,,,,,,,,,,,,,,,,,,,,,,,,,,,,,,00-0036429,WoerCh00,4035020.0,Charlie Woerner,1997-10-16,77.0,250.0,Georgia,2020.0,6.0,190.0,SF,2020,7,16.0,0.0,240.0,0.0,0.571875,2024.0,Charlie Woerner,ATL,27.0,TE,16.0,5.0,12.0,7.0,46.0,,3.0,25.0,3.6,21.0,3.0,2.9,0.0,,1.0,0.083,1.0,31.9,2025-09-03,,,,,,,,,,,,,,,,,,,,,,,,,,,,,,,,,,,,,,,,,,,,,,,,,,,,,,,,,,,,,,,,,,,,,,,,,,,,,12,0.7,0.0,0,0,0
2024,Gerald Everett,G.Everett,00-0033895,CHI,TE,TE,85.0,10,11.6,1.16,3.6,8.0,8,13,36,0,0.024714828897338403,0.007719453021614468,0.04247586046113773,0,0,0,0,0,0,0,0,246.0,0.21588235294117647,0.04715447154471544,1.16,1.3293273152655487,4.2,0,TE,"https://static.www.nfl.com/image/upload/f_auto,q_auto/league/aayw74rhaupmfnnikzak",REG,0,0,0,0,0,0,0,,,0,,0,0,0,0,0,0,0,,0,0,0,0,0,0,0,35,41,1,-1.4730791777255945,0,1,1,0,0,1.0285714285714285,0,0,0,0,0,0,0,0.0,0.0,0,0,0,0,0,0,0,0,0,0,0,0,0,0,0,0,0,0,2,15,0,0,0,0,0,0,0,0,0,0,0,0,0,,,0,0,0,0,0,0,0,0,0,0,0,0,,,,0,0,0,0,0,0,0,,0,0,0,0,,0,0,,0,0,0,0,0,0,0,0,0,0,,,,,,,,,,,,,,,,,,,,,,,,,,,,,,,,,,,,,,,,,,,,,,,,,,,,,,,,,,,,,,,,,,,,,,,,,,,,,,,,,,,,,,,,,,,,,,,,,,,,,,,,,,,,,,,,,,,,,,,,,,,,,,,,,,,,,,,,,,,,,,,,,,,,00-0033895,EverGe00,3918639.0,Gerald Everett,1994-06-25,75.0,252.0,South Alabama; UAB; Hutchinson CC,2017.0,2.0,44.0,LA,2017,8,17.0,0.0,6.0,0.0,0.014705882352941176,2024.0,Gerald Everett,CHI,30.0,TE,17.0,4.0,13.0,8.0,36.0,,1.0,-5.0,-0.6,41.0,5.1,2.8,2.0,4.0,1.0,0.077,0.0,65.9,2025-09-03,,,,,,,,,,,,,,,,,,,,,,,,,,,,,,,,,,,,,,,,,,,,,,,,,,,,,,,,,,,,,,,,,,,,,,,,,,,,,10,1.1,0.0,0,0,0
2024,Luke Musgrave,L.Musgrave,00-0039144,GB,TE,TE,86.0,7,11.5,1.6428571428571428,4.5,7.0,7,10,45,0,0.021551724137931036,0.015763076188201577,0.04336173953863766,0,0,0,0,0,0,0,0,145.0,0.3071428571428571,0.07931034482758621,1.6428571428571428,1.5393257645877982,4.3,0,TE,"https://static.www.nfl.com/image/upload/f_auto,q_auto/league/jchchyfhiycpvm5zzn2y",REG,0,0,0,0,0,0,0,,,0,,0,0,0,0,0,0,0,,0,0,0,0,0,0,0,66,18,2,-4.797618536302842,0,1,1,0,0,0.6818181818181818,0,0,0,0,0,0,0,0.0,0.0,0,0,0,0,0,0,0,0,0,0,0,0,0,0,0,0,0,0,0,0,0,0,0,0,0,0,0,0,0,0,0,0,0,,,0,0,0,0,0,0,0,0,0,0,0,0,,,,0,0,0,0,0,0,0,,0,0,0,0,,0,0,,0,0,0,0,0,0,0,0,0,0,,,,,,,,,,,,,,,,,,,,,,,,,,,,,,,,,,,,,,,,,,,,,,,,,,,,,,,,,,,,,,,,,,,,,,,,,,,,,,,,,,,,,,,,,,,,,,,,,,,,,,,,,,,,,,,,,,,,,,,,,,,,,,,,,,,,,,,,,,,,,,,,,,,,00-0039144,MusgLu00,4428085.0,Luke Musgrave,2000-09-02,78.0,253.0,Oregon State,2023.0,2.0,42.0,GB,2023,4,7.0,0.0,22.0,0.0,0.11714285714285713,2024.0,Luke Musgrave,GB,24.0,TE,7.0,3.0,10.0,7.0,45.0,,2.0,27.0,3.9,18.0,2.6,6.6,0.0,,0.0,0.0,1.0,39.6,2025-09-03,,,,,,,,,,,,,,,,,,,,,,,,,,,,,,,,,,,,,,,,,,,,,,,,,,,,,,,,,,,,,,,,,,,,,,,,,,,,,7,1.4,0.0,0,0,0
2024,Tucker Fisk,T.Fisk,00-0037654,LAC,TE,TE,87.0,7,10.9,1.5571428571428572,3.9000000000000004,7.0,7,8,39,0,0.016293279022403257,0.0045840018336007335,0.0276487198171254,0,0,0,0,0,0,0,0,206.0,0.3611111111111111,0.052912621359223304,1.5571428571428572,0.369039938476144,2.0,0,TE,"https://static.www.nfl.com/image/upload/f_auto,q_auto/league/yqaco04wjatmxlmxpq1y",REG,0,0,0,0,0,0,0,,,0,,0,0,0,0,0,0,0,,0,0,0,0,0,0,0,20,21,1,0.7500955034338403,0,1,0,0,0,1.95,0,1,0,0,0,0,0,0.0,0.0,0,0,0,0,0,0,0,0,0,0,0,0,0,0,0,0,0,0,1,10,0,0,0,0,0,0,0,0,0,0,0,0,0,,,0,0,0,0,0,0,0,0,0,0,0,0,,,,0,0,0,0,0,0,0,,0,0,0,0,,0,0,,0,0,0,0,0,0,0,0,0,0,T.Fisk,Tucker Fisk,TE,TE,"https://static.www.nfl.com/image/upload/f_auto,q_auto/league/yqaco04wjatmxlmxpq1y",2024.0,POST,LAC,1.0,0.0,0.0,0.0,0.0,0.0,0.0,0.0,0.0,0.0,0.0,0.0,0.0,,,0.0,,0.0,0.0,0.0,0.0,0.0,0.0,0.0,0.0,0.0,0.0,,0.0,0.0,0.0,0.0,0.0,1.0,1.0,15.0,0.0,0.0,0.0,13.0,2.0,1.0,1.1482654673745856,0.0,1.0,0.0,0.0,0.0,1.1538461538461537,0.03125,0.03209876543209877,0.06934413580246913,0.0,0.0,0.0,0.0,0.0,0.0,0.0,0.0,0.0,0.0,0.0,0.0,0.0,0.0,0.0,0.0,0.0,0.0,0.0,0.0,0.0,0.0,0.0,0.0,0.0,0.0,0.0,0.0,0.0,0.0,0.0,0.0,0.0,0.0,0.0,0.0,0.0,0.0,0.0,0.0,0.0,0.0,,,0.0,0.0,0.0,0.0,0.0,0.0,0.0,0.0,0.0,0.0,0.0,0.0,,,,0.0,0.0,0.0,0.0,0.0,0.0,0.0,,0.0,0.0,0.0,0.0,,0.0,0.0,,0.0,0.0,0.0,0.0,0.0,0.0,0.0,0.0,0.0,0.0,1.5,2.5,00-0037654,FiskTu00,4242558.0,Tucker Fisk,1999-01-19,76.0,285.0,Stanford,,,,,2022,2,9.0,0.0,68.0,0.0,0.2766666666666666,2024.0,Tucker Fisk,LAC,25.0,TE,9.0,5.0,8.0,7.0,39.0,,1.0,18.0,2.6,21.0,3.0,2.5,0.0,,0.0,0.0,0.0,87.0,2025-09-03,,,,,,,,,,,,,,,,,,,,,,,,,,,,,,,,,,,,,,,,,,,,,,,,,,,,,,,,,,,,,,,,,,,,,,,,,,,,,7,1.7000000000000002,1.0,0,0,0
2024,Peyton Hendershot,P.Hendershot,00-0037569,KC,TE,TE,88.0,5,10.100000000000001,2.0200000000000005,5.1000000000000005,5.000000000000001,5,5,51,0,0.008741258741258742,0.0049921177088807145,0.016606370508104613,0,0,0,0,0,0,0,0,68.0,0.19714285714285712,0.1485294117647059,2.02,1.6146206984923734,4.5,0,TE,"https://static.www.nfl.com/image/upload/f_auto,q_auto/league/d8plvjsvwdadr1ap93ci",REG,0,0,0,0,0,0,0,,,0,,0,0,0,0,0,0,0,,0,0,0,0,0,0,0,19,32,2,2.676036292279605,0,3,0,0,0,2.6842105263157894,0,1,0,1,0,0,0,0.0,0.0,0,0,0,0,0,0,0,0,0,0,0,0,0,0,0,0,0,0,0,0,0,0,0,0,0,0,0,0,0,0,0,0,0,,,0,0,0,0,0,0,0,0,0,0,0,0,,,,0,0,0,0,0,0,0,,0,0,0,0,,0,0,,0,0,0,0,0,0,0,0,0,0,,,,,,,,,,,,,,,,,,,,,,,,,,,,,,,,,,,,,,,,,,,,,,,,,,,,,,,,,,,,,,,,,,,,,,,,,,,,,,,,,,,,,,,,,,,,,,,,,,,,,,,,,,,,,,,,,,,,,,,,,,,,,,,,,,,,,,,,,,,,,,,,,,,,00-0037569,HendPe01,4258248.0,Peyton Hendershot,1999-04-23,76.0,254.0,Indiana,,,,,2022,3,7.0,0.0,87.0,0.0,0.4928571428571429,2024.0,Peyton Hendershot,KC,25.0,TE,7.0,1.0,5.0,5.0,51.0,,2.0,19.0,3.8,32.0,6.4,3.8,0.0,,0.0,0.0,0.0,109.2,2025-09-03,,,,,,,,,,,,,,,,,,,,,,,,,,,,,,,,,,,,,,,,,,,,,,,,,,,,,,,,,,,,,,,,,,,,,,,,,,,,,5,1.9,0.0,0,0,0
2024,Davis Allen,D.Allen,00-0039074,LA,TE,TE,89.0,7,9.9,1.4142857142857144,3.9000000000000004,6.0,6,13,39,0,0.024029574861367836,0.01212415130940834,0.04453126820863759,0,0,0,0,0,0,0,0,309.0,0.3173333333333333,0.03203883495145631,1.4142857142857144,3.130723330386857,8.4,0,TE,"https://static.www.nfl.com/image/upload/f_auto,q_auto/league/iweydtcrfchsl3mt6jtd",REG,0,0,0,0,0,0,0,,,0,,0,0,0,0,0,0,0,,0,0,0,0,0,0,0,50,21,2,-3.993656551681507,0,2,0,0,0,0.78,0,1,0,0,0,0,0,0.0,0.0,0,0,0,0,0,0,0,0,0,0,0,0,0,0,0,0,0,0,1,10,0,0,0,0,0,0,0,0,0,0,0,0,0,,,0,0,0,0,0,0,0,0,0,0,0,0,,,,0,0,0,0,0,0,0,,0,0,0,0,,0,0,,0,0,0,0,0,0,0,0,0,0,D.Allen,Davis Allen,TE,TE,"https://static.www.nfl.com/image/upload/f_auto,q_auto/league/iweydtcrfchsl3mt6jtd",2024.0,POST,LA,1.0,0.0,0.0,0.0,0.0,0.0,0.0,0.0,0.0,0.0,0.0,0.0,0.0,,,0.0,,0.0,0.0,0.0,0.0,0.0,0.0,0.0,0.0,0.0,0.0,,0.0,0.0,0.0,0.0,0.0,1.0,2.0,13.0,1.0,0.0,0.0,10.0,8.0,1.0,2.300397940853145,0.0,1.0,0.0,0.0,0.0,1.3,0.02857142857142857,0.01557632398753894,0.05376056964842012,0.0,0.0,0.0,0.0,0.0,0.0,0.0,0.0,0.0,0.0,0.0,0.0,0.0,0.0,0.0,0.0,0.0,0.0,0.0,0.0,0.0,0.0,0.0,0.0,0.0,0.0,0.0,1.0,10.0,0.0,0.0,0.0,0.0,0.0,0.0,0.0,0.0,0.0,0.0,0.0,0.0,0.0,,,0.0,0.0,0.0,0.0,0.0,0.0,0.0,0.0,0.0,0.0,0.0,0.0,,,,0.0,0.0,0.0,0.0,0.0,0.0,0.0,,0.0,0.0,0.0,0.0,,0.0,0.0,,0.0,0.0,0.0,0.0,0.0,0.0,0.0,0.0,0.0,0.0,7.3,8.3,00-0039074,AlleDa02,4426553.0,Davis Allen,2001-02-03,78.0,253.0,Clemson,2023.0,5.0,175.0,LA,2023,4,15.0,0.0,116.0,0.0,0.30333333333333334,2024.0,Davis Allen,LA,23.0,TE,15.0,5.0,13.0,6.0,39.0,,2.0,18.0,3.0,21.0,3.5,3.8,0.0,,2.0,0.154,0.0,53.0,2025-09-03,,,,,,,,,,,,,,,,,,,,,,,,,,,,,,,,,,,,,,,,,,,,,,,,,,,,,,,,,,,,,,,,,,,,,,,,,,,,,7,0.0,0.0,0,0,0
2024,Tip Reiman,T.Reiman,00-0039737,ARI,TE,TE,90.0,8,9.7,1.2125,3.7,5.999999999999999,6,7,37,0,0.01338432122370937,0.0032458750338111983,0.022348594359231894,0,0,0,0,0,0,0,0,450.0,0.4123529411764706,0.021555555555555553,1.2125,1.1281305648853646,2.8,0,TE,"https://static.www.nfl.com/image/upload/f_auto,q_auto/league/yfi3fqch6kzqrcvuptal",REG,0,0,0,0,0,0,0,,,0,,0,0,0,0,0,0,0,,0,0,0,0,0,0,0,12,29,1,0.4128676811233163,0,1,0,0,0,3.0833333333333335,0,0,0,0,0,0,0,0.0,0.0,0,0,0,0,0,0,0,0,0,0,0,0,0,1,0,0,0,0,6,35,0,0,0,0,0,0,0,0,0,0,0,0,0,,,0,0,0,0,0,0,0,0,0,0,0,0,,,,0,0,0,0,0,0,0,,0,0,0,0,,0,0,,0,0,0,0,0,0,0,0,0,0,,,,,,,,,,,,,,,,,,,,,,,,,,,,,,,,,,,,,,,,,,,,,,,,,,,,,,,,,,,,,,,,,,,,,,,,,,,,,,,,,,,,,,,,,,,,,,,,,,,,,,,,,,,,,,,,,,,,,,,,,,,,,,,,,,,,,,,,,,,,,,,,,,,,00-0039737,ReimTi00,4696700.0,Tip Reiman,2001-09-17,77.0,271.0,Illinois,2024.0,3.0,82.0,ARI,2024,3,17.0,0.0,189.0,0.0,0.43058823529411766,2024.0,Tip Reiman,ARI,23.0,TE,17.0,9.0,7.0,6.0,37.0,,1.0,8.0,1.3,29.0,4.8,1.7,1.0,6.0,0.0,0.0,0.0,88.7,2025-09-03,,,,,,,,,,,,,,,,,,,,,,,,,,,,,,,,,,,,,,,,,,,,,,,,,,,,,,,,,,,,,,,,,,,,,,,,,,,,,8,1.3,0.0,0,0,0
2024,Ben Sims,B.Sims,00-0038809,GB,TE,TE,91.0,4,8.2,2.05,4.2,3.999999999999999,4,5,42,0,0.010775862068965518,0.009553379508000955,0.022851158759048945,0,0,0,0,0,0,0,0,224.0,0.21294117647058824,0.03660714285714285,2.0500000000000003,2.56320112359526,5.800000000000001,0,TE,"https://static.www.nfl.com/image/upload/f_auto,q_auto/league/rigksrncrdjmbhvfuclp",REG,0,0,0,0,0,0,0,,,0,,0,0,0,0,0,0,0,,0,0,0,0,0,0,0,40,16,1,2.154267674020957,0,2,1,1,0,1.05,0,0,0,0,0,0,0,0.0,0.0,0,0,0,0,0,0,0,0,0,0,0,0,0,0,0,0,0,0,0,0,0,0,0,0,0,0,0,0,0,0,0,0,0,,,0,0,0,0,0,0,0,0,0,0,0,0,,,,0,0,0,0,0,0,0,,0,0,0,0,,0,0,,0,0,0,0,0,0,0,0,0,0,,,,,,,,,,,,,,,,,,,,,,,,,,,,,,,,,,,,,,,,,,,,,,,,,,,,,,,,,,,,,,,,,,,,,,,,,,,,,,,,,,,,,,,,,,,,,,,,,,,,,,,,,,,,,,,,,,,,,,,,,,,,,,,,,,,,,,,,,,,,,,,,,,,,00-0038809,SimsBe00,4373030.0,Ben Sims,2000-05-16,77.0,250.0,Baylor,,,,,2023,3,17.0,0.0,76.0,0.0,0.17176470588235293,2024.0,Ben Sims,GB,24.0,TE,17.0,5.0,5.0,4.0,42.0,,1.0,26.0,6.5,16.0,4.0,8.0,0.0,,0.0,0.0,0.0,101.7,2025-09-03,,,,,,,,,,,,,,,,,,,,,,,,,,,,,,,,,,,,,,,,,,,,,,,,,,,,,,,,,,,,,,,,,,,,,,,,,,,,,4,1.2,0.0,0,0,0
2024,Cam Grandy,C.Grandy,00-0039631,CIN,TE,TE,92.0,4,7.800000000000001,1.9500000000000002,2.8000000000000003,5.0,5,5,28,0,0.007961783439490446,0.002600780234070221,0.013763221323084824,0,0,0,0,0,0,0,0,75.0,0.13375,0.10400000000000001,1.9500000000000002,0.9183318209303941,3.2,0,TE,"https://static.www.nfl.com/image/upload/f_auto,q_auto/league/uay5dmniqx1baal3q3uu",REG,0,0,0,0,0,0,0,,,0,,0,0,0,0,0,0,0,,0,0,0,0,0,0,0,12,16,1,2.778743164963089,0,0,0,0,0,2.3333333333333335,0,0,0,0,0,0,0,0.0,0.0,0,0,0,0,0,0,0,0,0,0,0,0,0,0,0,0,0,0,2,10,0,0,0,0,0,0,0,0,0,0,0,0,0,,,0,0,0,0,0,0,0,0,0,0,0,0,,,,0,0,0,0,0,0,0,,0,0,0,0,,0,0,,0,0,0,0,0,0,0,0,0,0,,,,,,,,,,,,,,,,,,,,,,,,,,,,,,,,,,,,,,,,,,,,,,,,,,,,,,,,,,,,,,,,,,,,,,,,,,,,,,,,,,,,,,,,,,,,,,,,,,,,,,,,,,,,,,,,,,,,,,,,,,,,,,,,,,,,,,,,,,,,,,,,,,,,00-0039631,GranCa00,4700712.0,Cam Grandy,1999-11-19,77.0,253.0,Illinois State; Missouri Western,,,,,2024,3,8.0,0.0,57.0,0.0,0.27249999999999996,2024.0,Cam Grandy,CIN,24.0,TE,8.0,6.0,5.0,5.0,28.0,,1.0,12.0,2.4,16.0,3.2,2.4,0.0,,0.0,0.0,0.0,90.0,2025-09-03,,,,,,,,,,,,,,,,,,,,,,,,,,,,,,,,,,,,,,,,,,,,,,,,,,,,,,,,,,,,,,,,,,,,,,,,,,,,,4,1.8,1.0,0,0,0
2024,Greg Dulcich,G.Dulcich,00-0037252,NYG,TE,TE,92.0,4,7.800000000000001,1.9500000000000002,2.8000000000000003,5.0,5,12,28,0,0.02185792349726776,0.01719128329297821,0.044820783550986384,0,0,0,0,0,0,0,0,147.0,0.25666666666666665,0.05306122448979592,1.95,2.3230726778701234,4.6,0,TE,"https://static.www.nfl.com/image/upload/f_auto,q_auto/league/kw4cwgjl4kywh6le4sfh",REG,0,0,0,0,0,0,0,,,0,,0,0,0,0,0,0,0,,0,0,0,0,0,0,0,71,15,0,-7.604574148252141,0,0,0,0,0,0.39436619718309857,0,0,0,0,0,0,0,0.0,0.0,0,0,0,0,0,0,0,0,0,0,0,0,0,0,0,0,0,0,1,10,0,0,0,0,0,0,0,0,0,0,0,0,0,,,0,0,0,0,0,0,0,0,0,0,0,0,,,,0,0,0,0,0,0,0,,0,0,0,0,,0,0,,0,0,0,0,0,0,0,0,0,0,,,,,,,,,,,,,,,,,,,,,,,,,,,,,,,,,,,,,,,,,,,,,,,,,,,,,,,,,,,,,,,,,,,,,,,,,,,,,,,,,,,,,,,,,,,,,,,,,,,,,,,,,,,,,,,,,,,,,,,,,,,,,,,,,,,,,,,,,,,,,,,,,,,,00-0037252,DulcGr00,4367209.0,Greg Dulcich,2000-03-26,76.0,245.0,UCLA,2022.0,3.0,80.0,DEN,2022,5,9.0,0.0,20.0,0.0,0.08555555555555555,2024.0,Greg Dulcich,DEN,24.0,TE,4.0,3.0,12.0,5.0,28.0,,0.0,13.0,2.6,15.0,3.0,5.9,0.0,,2.0,0.16699999999999998,0.0,49.3,2025-09-03,,,,,,,,,,,,,,,,,,,,,,,,,,,,,,,,,,,,,,,,,,,,,,,,,,,,,,,,,,,,,,,,,,,,,,,,,,,,,4,1.6,0.0,0,0,0
2024,E.J. Jenkins,E.Jenkins,00-0038498,PHI,TE,TE,94.0,2,7.7,3.85,6.7,1.0,1,2,7,1,0.004784688995215311,0.002583979328165375,0.008985819022538729,0,0,0,0,0,0,0,0,95.0,0.16875,0.08105263157894738,3.85,5.444722215136416,7.7,0,TE,"https://static.www.nfl.com/image/upload/f_auto,q_auto/league/jmhuk0gcnyotcjhdxo6v",REG,0,0,0,0,0,0,0,,,0,,0,0,0,0,0,0,0,,0,0,0,0,0,0,0,9,3,1,0.7996061170706525,0,0,0,0,0,0.7777777777777778,0,0,0,0,0,0,0,0.0,0.0,0,0,0,0,0,0,0,0,0,0,0,0,0,0,0,0,0,0,0,0,0,0,0,0,0,0,0,0,0,0,0,0,0,,,0,0,0,0,0,0,0,0,0,0,0,0,,,,0,0,0,0,0,0,0,,0,0,0,0,,0,0,,0,0,0,0,0,0,0,0,0,0,,,,,,,,,,,,,,,,,,,,,,,,,,,,,,,,,,,,,,,,,,,,,,,,,,,,,,,,,,,,,,,,,,,,,,,,,,,,,,,,,,,,,,,,,,,,,,,,,,,,,,,,,,,,,,,,,,,,,,,,,,,,,,,,,,,,,,,,,,,,,,,,,,,,00-0038498,JenkEJ00,4248557.0,E.J. Jenkins,1998-11-03,78.0,245.0,Georgia Tech; South Carolina; St. Francis PA,,,,,2023,2,8.0,0.0,91.0,0.0,0.44,2024.0,EJ Jenkins,PHI,26.0,TE,8.0,0.0,2.0,1.0,7.0,,1.0,4.0,4.0,3.0,3.0,4.5,0.0,,0.0,0.0,0.0,97.9,2025-09-03,,,,,,,,,,,,,,,,,,,,,,,,,,,,,,,,,,,,,,,,,,,,,,,,,,,,,,,,,,,,,,,,,,,,,,,,,,,,,2,3.85,0.0,0,0,0
2024,Will Mallory,W.Mallory,00-0038394,IND,TE,TE,95.0,7,6.9,0.9857142857142858,2.9000000000000004,4.0,4,8,29,0,0.016260162601626018,0.015277010859561936,0.03508415150413238,0,0,0,0,0,0,0,0,93.0,0.14,0.07419354838709678,0.9857142857142858,0.933503385868831,2.0,0,TE,"https://static.www.nfl.com/image/upload/f_auto,q_auto/league/sl1pkiox1hucg9sxttfi",REG,0,0,0,0,0,0,0,,,0,,0,0,0,0,0,0,0,,0,0,0,0,0,0,0,83,4,1,-5.917482824093895,0,1,0,0,0,0.3493975903614458,0,0,0,0,0,0,0,0.0,0.0,0,0,0,0,0,0,0,0,0,0,0,0,0,0,0,0,0,0,1,10,0,0,0,0,0,0,0,0,0,0,0,0,0,,,0,0,0,0,0,0,0,0,0,0,0,0,,,,0,0,0,0,0,0,0,,0,0,0,0,,0,0,,0,0,0,0,0,0,0,0,0,0,,,,,,,,,,,,,,,,,,,,,,,,,,,,,,,,,,,,,,,,,,,,,,,,,,,,,,,,,,,,,,,,,,,,,,,,,,,,,,,,,,,,,,,,,,,,,,,,,,,,,,,,,,,,,,,,,,,,,,,,,,,,,,,,,,,,,,,,,,,,,,,,,,,,00-0038394,MallWi00,4362523.0,Will Mallory,1999-06-22,76.0,239.0,Miami,2023.0,5.0,162.0,IND,2023,4,10.0,0.0,15.0,0.0,0.06,2024.0,Will Mallory,IND,25.0,TE,10.0,0.0,8.0,4.0,29.0,,1.0,25.0,6.3,4.0,1.0,8.6,1.0,4.0,0.0,0.0,1.0,19.3,2025-09-03,,,,,,,,,,,,,,,,,,,,,,,,,,,,,,,,,,,,,,,,,,,,,,,,,,,,,,,,,,,,,,,,,,,,,,,,,,,,,7,1.5,0.0,0,0,0
2024,Dallin Holker,D.Holker,00-0039613,NO,TE,TE,96.0,3,5.1,1.7,2.1,2.9999999999999996,3,4,21,0,0.007736943907156673,0.008126410835214447,0.017293903445385124,0,0,0,0,0,0,0,0,73.0,0.09333333333333334,0.06986301369863013,1.7,1.571623364550171,3.1,0,TE,"https://static.www.nfl.com/image/upload/f_auto,q_auto/league/sps8av7spro1015lpwn1",REG,0,0,0,0,0,0,0,,,0,,0,0,0,0,0,0,0,,0,0,0,0,0,0,0,36,13,1,-0.9445894827367738,0,1,0,0,0,0.5833333333333334,0,0,0,1,0,0,0,0.0,0.0,0,0,0,0,0,0,0,0,0,0,0,0,0,0,0,0,0,0,1,10,0,0,0,0,0,0,0,0,0,0,0,0,0,,,0,0,0,0,0,0,0,0,0,0,0,0,,,,0,0,0,0,0,0,0,,0,0,0,0,,0,0,,0,0,0,0,0,0,0,0,0,0,,,,,,,,,,,,,,,,,,,,,,,,,,,,,,,,,,,,,,,,,,,,,,,,,,,,,,,,,,,,,,,,,,,,,,,,,,,,,,,,,,,,,,,,,,,,,,,,,,,,,,,,,,,,,,,,,,,,,,,,,,,,,,,,,,,,,,,,,,,,,,,,,,,,00-0039613,HolkDa00,4373634.0,Dallin Holker,2000-04-07,75.0,241.0,Colorado State; BYU,,,,,2024,0,12.0,0.0,31.0,0.0,0.09916666666666667,2024.0,Dallin Holker,NO,24.0,TE,12.0,2.0,4.0,3.0,21.0,,1.0,8.0,2.7,13.0,4.3,9.0,0.0,,0.0,0.0,0.0,86.5,2025-09-03,,,,,,,,,,,,,,,,,,,,,,,,,,,,,,,,,,,,,,,,,,,,,,,,,,,,,,,,,,,,,,,,,,,,,,,,,,,,,3,2.0,0.0,0,0,0
2024,Tanner Conner,T.Conner,00-0037348,MIA,TE,TE,97.0,4,4.6,1.15,1.6,2.9999999999999996,3,4,16,0,0.007042253521126761,0.012395580706009162,0.019240286775896554,0,0,0,0,0,0,0,0,25.0,0.04875,0.184,1.15,1.650252505931542,3.5,0,TE,"https://static.www.nfl.com/image/upload/f_auto,q_auto/league/hya7vfgtuyx5k4tnhmic",REG,0,0,0,0,0,0,0,,,0,,0,0,0,0,0,0,0,,0,0,0,0,0,0,0,46,5,1,-0.8357988308998756,0,1,0,0,0,0.34782608695652173,0,3,0,0,0,0,0,0.0,0.0,0,0,0,0,0,0,0,0,0,0,0,0,0,0,0,0,0,0,0,0,0,0,0,0,0,0,0,0,0,0,0,0,0,,,0,0,0,0,0,0,0,0,0,0,0,0,,,,0,0,0,0,0,0,0,,0,0,0,0,,0,0,,0,0,0,0,0,0,0,0,0,0,,,,,,,,,,,,,,,,,,,,,,,,,,,,,,,,,,,,,,,,,,,,,,,,,,,,,,,,,,,,,,,,,,,,,,,,,,,,,,,,,,,,,,,,,,,,,,,,,,,,,,,,,,,,,,,,,,,,,,,,,,,,,,,,,,,,,,,,,,,,,,,,,,,,00-0037348,ConnTa00,4047422.0,Tanner Conner,1998-03-20,75.0,237.0,Idaho State,,,,,2022,3,8.0,0.0,110.0,0.0,0.5237499999999999,2024.0,Tanner Conner,MIA,26.0,TE,8.0,1.0,4.0,3.0,16.0,,1.0,11.0,3.7,5.0,1.7,11.5,0.0,,0.0,0.0,0.0,81.2,2025-09-03,,,,,,,,,,,,,,,,,,,,,,,,,,,,,,,,,,,,,,,,,,,,,,,,,,,,,,,,,,,,,,,,,,,,,,,,,,,,,4,0.55,0.0,0,0,0
2024,Josiah Deguara,J.Deguara,00-0036332,JAX,TE,TE,98.0,7,4.4,0.6285714285714287,1.4000000000000001,3.0,3,3,14,0,0.005747126436781609,0.0004361098996947231,0.008925966584958719,0,0,0,0,0,0,0,0,87.0,0.08666666666666667,0.05057471264367817,0.6285714285714287,0.803563492024299,1.8,0,TE,"https://static.www.nfl.com/image/upload/f_auto,q_auto/league/wivlyvbmlm0aogcvl2yz",REG,0,0,0,0,0,0,0,,,0,,0,0,0,0,0,0,0,,0,0,0,0,0,0,0,2,12,0,-1.31369275925681,0,0,0,0,0,7.0,0,3,0,2,0,0,0,0.0,0.0,0,0,0,0,0,0,0,0,0,0,0,0,0,0,0,0,0,0,3,25,0,0,0,0,0,0,0,0,0,0,0,0,0,,,0,0,0,0,0,0,0,0,0,0,0,0,,,,0,0,0,0,0,0,0,,0,0,0,0,,0,0,,0,0,0,0,0,0,0,0,0,0,,,,,,,,,,,,,,,,,,,,,,,,,,,,,,,,,,,,,,,,,,,,,,,,,,,,,,,,,,,,,,,,,,,,,,,,,,,,,,,,,,,,,,,,,,,,,,,,,,,,,,,,,,,,,,,,,,,,,,,,,,,,,,,,,,,,,,,,,,,,,,,,,,,,00-0036332,DeguJo00,3914151.0,Josiah Deguara,1997-02-14,74.0,240.0,Cincinnati,2020.0,3.0,94.0,GB,2020,5,15.0,0.0,243.0,0.0,0.6253333333333334,2024.0,Josiah Deguara,JAX,27.0,TE,15.0,0.0,3.0,3.0,14.0,,0.0,2.0,0.7,12.0,4.0,0.7,0.0,,0.0,0.0,0.0,86.1,2025-09-03,,,,,,,,,,,,,,,,,,,,,,,,,,,,,,,,,,,,,,,,,,,,,,,,,,,,,,,,,,,,,,,,,,,,,,,,,,,,,7,0.0,0.0,0,0,0
2024,Jaheim Bell,J.Bell,00-0039420,NE,TE,TE,99.0,4,4.0,1.0,2.0,2.0,2,3,20,0,0.006,0.005991143526960146,0.013193800468872103,0,0,0,0,0,0,0,0,83.0,0.08600000000000001,0.04819277108433735,1.0,1.3686976778431876,2.9000000000000004,0,TE,"https://static.www.nfl.com/image/upload/f_auto,q_auto/league/swxvhppaewwccieyx6ax",REG,0,0,0,0,0,0,0,,,0,,0,0,0,0,0,0,0,,0,0,0,0,0,0,0,23,5,1,-0.005124380171764642,0,1,1,0,0,0.8695652173913043,0,1,0,0,0,0,0,0.0,0.0,0,0,0,0,0,0,0,0,0,0,0,0,0,0,0,0,0,0,0,0,0,0,0,0,0,0,0,0,0,0,0,0,0,,,0,0,0,0,0,0,0,0,0,0,0,0,,,,0,0,0,0,0,0,0,,0,0,0,0,,0,0,,0,0,0,0,0,0,0,0,0,0,,,,,,,,,,,,,,,,,,,,,,,,,,,,,,,,,,,,,,,,,,,,,,,,,,,,,,,,,,,,,,,,,,,,,,,,,,,,,,,,,,,,,,,,,,,,,,,,,,,,,,,,,,,,,,,,,,,,,,,,,,,,,,,,,,,,,,,,,,,,,,,,,,,,00-0039420,BellJa00,4429262.0,Jaheim Bell,2001-06-14,74.0,241.0,Florida State; South Carolina,2024.0,7.0,231.0,NE,2024,2,15.0,0.0,176.0,0.0,0.458,2024.0,Jaheim Bell,NE,23.0,TE,15.0,0.0,3.0,2.0,20.0,,1.0,15.0,7.5,5.0,2.5,7.7,0.0,,0.0,0.0,0.0,85.4,2025-09-03,,,,,,,,,,,,,,,,,,,,,,,,,,,,,,,,,,,,,,,,,,,,,,,,,,,,,,,,,,,,,,,,,,,,,,,,,,,,,4,0.55,0.0,0,0,0
2024,Ian Thomas,I.Thomas,00-0034365,CAR,TE,TE,100.0,3,3.7,1.2333333333333334,0.7000000000000001,3.0,3,6,7,0,0.011583011583011582,0.005376344086021506,0.02113795823473243,0,0,0,0,0,0,0,0,94.0,0.344,0.039361702127659576,1.2333333333333334,1.2013880860626733,2.4,0,TE,"https://static.www.nfl.com/image/upload/f_auto,q_auto/league/gvpwnq0mjefjlekgzxro",REG,0,0,0,0,0,0,0,,,0,,0,0,0,0,0,0,0,,0,0,0,0,0,0,0,24,6,1,-5.12451348482864,0,0,0,0,0,0.2916666666666667,0,0,0,0,0,0,0,0.0,0.0,0,0,0,0,0,0,0,0,0,0,0,0,0,0,0,0,0,0,0,0,0,0,0,0,0,0,0,0,0,0,0,0,0,,,0,0,0,0,0,0,0,0,0,0,0,0,,,,0,0,0,0,0,0,0,,0,0,0,0,,0,0,,0,0,0,0,0,0,0,0,0,0,,,,,,,,,,,,,,,,,,,,,,,,,,,,,,,,,,,,,,,,,,,,,,,,,,,,,,,,,,,,,,,,,,,,,,,,,,,,,,,,,,,,,,,,,,,,,,,,,,,,,,,,,,,,,,,,,,,,,,,,,,,,,,,,,,,,,,,,,,,,,,,,,,,,00-0034365,ThomIa00,4045305.0,Ian Thomas,1996-06-06,75.0,253.0,Indiana; Nassau CC,2018.0,4.0,101.0,CAR,2018,9,5.0,0.0,9.0,0.0,0.072,2024.0,Ian Thomas,CAR,28.0,TE,5.0,2.0,6.0,3.0,7.0,,1.0,1.0,0.3,6.0,2.0,4.2,0.0,,1.0,0.16699999999999998,1.0,16.7,2025-09-03,,,,,,,,,,,,,,,,,,,,,,,,,,,,,,,,,,,,,,,,,,,,,,,,,,,,,,,,,,,,,,,,,,,,,,,,,,,,,3,1.3,0.0,0,0,0
