season,player_display_name,player_name,player_id,recent_team,ppr_position,position,position_ppr_rank,games,fantasy_points_ppr,ppr_per_game,fantasy_points,standard_to_ppr_gap,receptions,targets,receiving_yards,receiving_tds,target_share,air_yards_share,wopr,carries,rushing_yards,rushing_tds,completions,attempts,passing_yards,passing_tds,passing_interceptions,offense_snaps,offense_snap_pct,ppr_per_offense_snap,ppr_avg,ppr_std,ppr_best_week,weeks_20plus_ppr,position_group,headshot_url,season_type,sacks_suffered,sack_yards_lost,sack_fumbles,sack_fumbles_lost,passing_air_yards,passing_yards_after_catch,passing_first_downs,passing_epa,passing_cpoe,passing_2pt_conversions,pacr,passing_10,passing_16,passing_20,passing_40,rushing_fumbles,rushing_fumbles_lost,rushing_first_downs,rushing_epa,rushing_2pt_conversions,rushing_10,rushing_12,rushing_20,rushing_40,receiving_fumbles,receiving_fumbles_lost,receiving_air_yards,receiving_yards_after_catch,receiving_first_downs,receiving_epa,receiving_2pt_conversions,receiving_10,receiving_16,receiving_20,receiving_40,racr,special_teams_tds,def_tackles_solo,def_tackles_with_assist,def_tackle_assists,def_tackles_for_loss,def_tackles_for_loss_yards,def_fumbles_forced,def_sacks,def_sack_yards,def_qb_hits,def_interceptions,def_interception_yards,def_pass_defended,def_tds,def_fumbles,def_safeties,def_punt_blocks,def_pat_blocks,def_fg_blocks,def_2pt_atts,def_2pt_made,misc_yards,fumble_recovery_own,fumble_recovery_yards_own,fumble_recovery_opp,fumble_recovery_yards_opp,fumble_recovery_tds,penalties,penalty_yards,fumbles_forced_by_opp,fumbles_not_forced,fumbles_out_of_bounds,fumbles_total,fumbles_lost_total,punt_returns,punt_return_yards,kickoff_returns,kickoff_return_yards,fg_made,fg_att,fg_missed,fg_blocked,fg_long,fg_pct,fg_made_0_19,fg_made_20_29,fg_made_30_39,fg_made_40_49,fg_made_50_59,fg_made_60_,fg_missed_0_19,fg_missed_20_29,fg_missed_30_39,fg_missed_40_49,fg_missed_50_59,fg_missed_60_,fg_made_list,fg_missed_list,fg_blocked_list,fg_made_distance,fg_missed_distance,fg_blocked_distance,pat_made,pat_att,pat_missed,pat_blocked,pat_pct,gwfg_made,gwfg_att,gwfg_missed,gwfg_blocked,gwfg_distance_list,pt_att,pt_blocked,pt_long,pt_yards,pt_inside_20,pt_out_of_bounds,pt_downed,pt_touchback,pt_fair_caught,pt_returned,pt_return_yards,pt_return_tds,pt_net_yards,playoff_player_name,playoff_player_display_name,playoff_position,playoff_position_group,playoff_headshot_url,playoff_season,playoff_season_type,playoff_recent_team,playoff_games,playoff_completions,playoff_attempts,playoff_passing_yards,playoff_passing_tds,playoff_passing_interceptions,playoff_sacks_suffered,playoff_sack_yards_lost,playoff_sack_fumbles,playoff_sack_fumbles_lost,playoff_passing_air_yards,playoff_passing_yards_after_catch,playoff_passing_first_downs,playoff_passing_epa,playoff_passing_cpoe,playoff_passing_2pt_conversions,playoff_pacr,playoff_passing_10,playoff_passing_16,playoff_passing_20,playoff_passing_40,playoff_carries,playoff_rushing_yards,playoff_rushing_tds,playoff_rushing_fumbles,playoff_rushing_fumbles_lost,playoff_rushing_first_downs,playoff_rushing_epa,playoff_rushing_2pt_conversions,playoff_rushing_10,playoff_rushing_12,playoff_rushing_20,playoff_rushing_40,playoff_receptions,playoff_targets,playoff_receiving_yards,playoff_receiving_tds,playoff_receiving_fumbles,playoff_receiving_fumbles_lost,playoff_receiving_air_yards,playoff_receiving_yards_after_catch,playoff_receiving_first_downs,playoff_receiving_epa,playoff_receiving_2pt_conversions,playoff_receiving_10,playoff_receiving_16,playoff_receiving_20,playoff_receiving_40,playoff_racr,playoff_target_share,playoff_air_yards_share,playoff_wopr,playoff_special_teams_tds,playoff_def_tackles_solo,playoff_def_tackles_with_assist,playoff_def_tackle_assists,playoff_def_tackles_for_loss,playoff_def_tackles_for_loss_yards,playoff_def_fumbles_forced,playoff_def_sacks,playoff_def_sack_yards,playoff_def_qb_hits,playoff_def_interceptions,playoff_def_interception_yards,playoff_def_pass_defended,playoff_def_tds,playoff_def_fumbles,playoff_def_safeties,playoff_def_punt_blocks,playoff_def_pat_blocks,playoff_def_fg_blocks,playoff_def_2pt_atts,playoff_def_2pt_made,playoff_misc_yards,playoff_fumble_recovery_own,playoff_fumble_recovery_yards_own,playoff_fumble_recovery_opp,playoff_fumble_recovery_yards_opp,playoff_fumble_recovery_tds,playoff_penalties,playoff_penalty_yards,playoff_fumbles_forced_by_opp,playoff_fumbles_not_forced,playoff_fumbles_out_of_bounds,playoff_fumbles_total,playoff_fumbles_lost_total,playoff_punt_returns,playoff_punt_return_yards,playoff_kickoff_returns,playoff_kickoff_return_yards,playoff_fg_made,playoff_fg_att,playoff_fg_missed,playoff_fg_blocked,playoff_fg_long,playoff_fg_pct,playoff_fg_made_0_19,playoff_fg_made_20_29,playoff_fg_made_30_39,playoff_fg_made_40_49,playoff_fg_made_50_59,playoff_fg_made_60_,playoff_fg_missed_0_19,playoff_fg_missed_20_29,playoff_fg_missed_30_39,playoff_fg_missed_40_49,playoff_fg_missed_50_59,playoff_fg_missed_60_,playoff_fg_made_list,playoff_fg_missed_list,playoff_fg_blocked_list,playoff_fg_made_distance,playoff_fg_missed_distance,playoff_fg_blocked_distance,playoff_pat_made,playoff_pat_att,playoff_pat_missed,playoff_pat_blocked,playoff_pat_pct,playoff_gwfg_made,playoff_gwfg_att,playoff_gwfg_missed,playoff_gwfg_blocked,playoff_gwfg_distance_list,playoff_pt_att,playoff_pt_blocked,playoff_pt_long,playoff_pt_yards,playoff_pt_inside_20,playoff_pt_out_of_bounds,playoff_pt_downed,playoff_pt_touchback,playoff_pt_fair_caught,playoff_pt_returned,playoff_pt_return_yards,playoff_pt_return_tds,playoff_pt_net_yards,playoff_fantasy_points,playoff_fantasy_points_ppr,gsis_id,pfr_id,espn_id,display_name,birth_date,height,weight,college_name,draft_year,draft_round,draft_pick,draft_team,rookie_season,years_of_experience,snap_games,defense_snaps,st_snaps,defense_snap_pct,st_snap_pct,pfr_rec_season,pfr_rec_player,pfr_rec_tm,pfr_rec_age,pfr_rec_pos,pfr_rec_g,pfr_rec_gs,pfr_rec_tgt,pfr_rec_rec,pfr_rec_yds,pfr_rec_td,pfr_rec_x1d,pfr_rec_ybc,pfr_rec_ybc_r,pfr_rec_yac,pfr_rec_yac_r,pfr_rec_adot,pfr_rec_brk_tkl,pfr_rec_rec_br,pfr_rec_drop,pfr_rec_drop_percent,pfr_rec_int,pfr_rec_rat,pfr_rec_loaded,pfr_rush_season,pfr_rush_player,pfr_rush_tm,pfr_rush_age,pfr_rush_pos,pfr_rush_g,pfr_rush_gs,pfr_rush_att,pfr_rush_yds,pfr_rush_td,pfr_rush_x1d,pfr_rush_ybc,pfr_rush_ybc_att,pfr_rush_yac,pfr_rush_yac_att,pfr_rush_brk_tkl,pfr_rush_att_br,pfr_rush_loaded,pfr_pass_player,pfr_pass_team,pfr_pass_pass_attempts,pfr_pass_throwaways,pfr_pass_spikes,pfr_pass_drops,pfr_pass_drop_pct,pfr_pass_bad_throws,pfr_pass_bad_throw_pct,pfr_pass_season,pfr_pass_pocket_time,pfr_pass_times_blitzed,pfr_pass_times_hurried,pfr_pass_times_hit,pfr_pass_times_pressured,pfr_pass_pressure_pct,pfr_pass_batted_balls,pfr_pass_on_tgt_throws,pfr_pass_on_tgt_pct,pfr_pass_rpo_plays,pfr_pass_rpo_yards,pfr_pass_rpo_pass_att,pfr_pass_rpo_pass_yards,pfr_pass_rpo_rush_att,pfr_pass_rpo_rush_yards,pfr_pass_pa_pass_att,pfr_pass_pa_pass_yards,pfr_pass_intended_air_yards,pfr_pass_intended_air_yards_per_pass_attempt,pfr_pass_completed_air_yards,pfr_pass_completed_air_yards_per_completion,pfr_pass_completed_air_yards_per_pass_attempt,pfr_pass_pass_yards_after_catch,pfr_pass_pass_yards_after_catch_per_completion,pfr_pass_scrambles,pfr_pass_scramble_yards_per_attempt,qbr_season,qbr_season_type,qbr_game_week,qbr_team_abb,qbr_name_short,qbr_rank,qbr_qbr_total,qbr_pts_added,qbr_qb_plays,qbr_epa_total,qbr_pass,qbr_run,qbr_exp_sack,qbr_penalty,qbr_qbr_raw,qbr_sack,qbr_name_first,qbr_name_last,qbr_name_display,qbr_headshot_href,qbr_team,qbr_qualified,weekly_games,ppr_median,ppr_worst_week,weeks_10plus_ppr,weeks_15plus_ppr,weeks_25plus_ppr
2025,Josh Allen,J.Allen,00-0034857,BUF,QB,QB,1.0,16,364.62,22.78875,364.62,0.0,0,0,0,0,0.0,0.0,0.0,112,579,14,319,460,3668,25,10,1034.0,0.9217647058823529,0.35263056092843326,22.78875,10.404942335255877,42.68,9,QB,"https://static.www.nfl.com/image/upload/f_auto,q_auto/league/mjwbioajzldkq1vzoz2d",REG,40,-298,1,1,3359,1962,177,71.32633645753506,3.5148585914226063,1,1.0919916641857697,141,81,56,10,6,2,46,38.772568229397066,0,17,14,5,2,0,0,0,0,0,,0,0,0,0,0,,0,0,0,0,0,0,0,0.0,0.0,0,0,0,0,0,0,0,0,0,0,0,0,0,2,-17,0,0,0,3,29,3,4,1,7,3,0,0,0,0,0,0,0,0,,,0,0,0,0,0,0,0,0,0,0,0,0,,,,0,0,0,0,0,0,0,,0,0,0,0,,0,0,,0,0,0,0,0,0,0,0,0,0,J.Allen,Josh Allen,QB,QB,"https://static.www.nfl.com/image/upload/f_auto,q_auto/league/mjwbioajzldkq1vzoz2d",2025.0,POST,BUF,2.0,53.0,74.0,556.0,4.0,2.0,4.0,-29.0,1.0,1.0,637.0,289.0,26.0,14.750789189858503,6.563798680498794,0.0,0.8728414442700158,22.0,8.0,7.0,1.0,23.0,99.0,2.0,2.0,1.0,13.0,11.157407318520875,0.0,2.0,1.0,1.0,0.0,0.0,0.0,0.0,0.0,0.0,0.0,0.0,0.0,0.0,,0.0,0.0,0.0,0.0,0.0,,0.0,0.0,0.0,0.0,0.0,0.0,0.0,0.0,0.0,0.0,0.0,0.0,0.0,0.0,0.0,0.0,0.0,0.0,0.0,0.0,0.0,0.0,0.0,0.0,0.0,1.0,0.0,0.0,0.0,0.0,0.0,0.0,3.0,0.0,0.0,3.0,2.0,0.0,0.0,0.0,0.0,0.0,0.0,0.0,0.0,,,0.0,0.0,0.0,0.0,0.0,0.0,0.0,0.0,0.0,0.0,0.0,0.0,,,,0.0,0.0,0.0,0.0,0.0,0.0,0.0,,0.0,0.0,0.0,0.0,,0.0,0.0,,0.0,0.0,0.0,0.0,0.0,0.0,0.0,0.0,0.0,0.0,52.14,52.14,00-0034857,AlleJo02,3918298,Josh Allen,1996-05-21,77.0,237.0,Wyoming; Reedley,2018.0,1.0,7.0,BUF,2018,9,17.0,0.0,0.0,0.0,0.0,,,,,,,,,,,,,,,,,,,,,,,,,2025.0,Josh Allen,BUF,29.0,QB,17.0,17.0,112.0,579.0,,46.0,356.0,3.2,223.0,2.0,7.0,16.0,2026-02-11,Josh Allen,BUF,460.0,12.0,1.0,18.0,4.0,58.0,13.0,2025.0,2.5,128.0,30.0,29.0,99.0,18.0,7.0,357.0,79.9,42.0,311.0,36.0,286.0,6.0,25.0,,,3351.0,7.3,1706.0,5.3,3.7,1962.0,6.2,49.0,8.8,2025.0,Regular,Season Total,BUF,J. Allen,7.0,65.4,27.8,633.0,83.2,54.7,22.9,0.0,5.6,65.1,-16.7,Josh,Allen,Josh Allen,https://a.espncdn.com/i/headshots/nfl/players/full/3918298.png,Bills,True,16,23.1,6.9,14,13,4
2025,Drake Maye,D.Maye,00-0039851,NE,QB,QB,2.0,17,351.96,20.703529411764706,350.96,1.0,1,1,2,0,0.002074688796680498,-0.0017346053772766695,0.0018978094309270786,103,450,4,354,492,4394,31,8,1050.0,0.9576470588235295,0.3352,20.70352941176471,5.388321794836115,32.440000000000005,9,QB,"https://static.www.nfl.com/image/upload/f_auto,q_auto/league/s1nmoon2xnrc3bnyulv4",REG,47,-201,6,3,4493,1746,203,166.21454195610798,10.781274739084607,1,0.9779657244602715,178,99,67,6,2,0,38,11.21286736717611,1,15,12,2,0,0,0,-8,10,0,-1.3293322010431439,0,0,0,0,0,0.0,0,0,0,0,0,0,0,0.0,0.0,0,0,0,0,0,0,0,0,0,0,0,0,0,5,-7,0,0,0,0,0,7,1,0,8,3,0,0,0,0,0,0,0,0,,,0,0,0,0,0,0,0,0,0,0,0,0,,,,0,0,0,0,0,0,0,,0,0,0,0,,0,0,,0,0,0,0,0,0,0,0,0,0,D.Maye,Drake Maye,QB,QB,"https://static.www.nfl.com/image/upload/f_auto,q_auto/league/s1nmoon2xnrc3bnyulv4",2025.0,POST,NE,4.0,70.0,120.0,828.0,6.0,4.0,21.0,-133.0,6.0,3.0,1232.0,408.0,35.0,-40.52900827562005,-3.5966563277539954,0.0,0.672077922077922,28.0,20.0,14.0,2.0,29.0,178.0,1.0,1.0,1.0,12.0,9.188927246282587,0.0,6.0,5.0,2.0,0.0,0.0,1.0,0.0,0.0,0.0,0.0,12.0,0.0,0.0,-1.643550648004748,0.0,0.0,0.0,0.0,0.0,0.0,0.008771929824561403,0.00964630225080386,0.019910306312404806,0.0,0.0,0.0,0.0,0.0,0.0,0.0,0.0,0.0,0.0,0.0,0.0,0.0,0.0,0.0,0.0,0.0,0.0,0.0,0.0,0.0,0.0,0.0,0.0,0.0,0.0,0.0,0.0,0.0,7.0,0.0,0.0,7.0,4.0,0.0,0.0,0.0,0.0,0.0,0.0,0.0,0.0,,,0.0,0.0,0.0,0.0,0.0,0.0,0.0,0.0,0.0,0.0,0.0,0.0,,,,0.0,0.0,0.0,0.0,0.0,0.0,0.0,,0.0,0.0,0.0,0.0,,0.0,0.0,,0.0,0.0,0.0,0.0,0.0,0.0,0.0,0.0,0.0,0.0,64.92,64.92,00-0039851,MayeDr00,4431452,Drake Maye,2002-08-30,76.0,225.0,North Carolina,2024.0,1.0,3.0,NE,2024,3,17.0,0.0,0.0,0.0,0.0,2025.0,Drake Maye,NE,23.0,QB,17.0,17.0,1.0,1.0,2.0,,0.0,-8.0,-8.0,10.0,10.0,-8.0,0.0,,0.0,0.0,0.0,79.2,2026-02-11,2025.0,Drake Maye,NE,23.0,QB,17.0,17.0,103.0,450.0,,38.0,335.0,3.3,115.0,1.1,2.0,51.5,2026-02-11,Drake Maye,NE,492.0,20.0,0.0,13.0,2.8,65.0,13.8,2025.0,2.4,158.0,42.0,42.0,131.0,21.8,11.0,373.0,79.0,39.0,279.0,32.0,235.0,7.0,44.0,,,4484.0,9.1,2648.0,7.5,5.4,1746.0,4.9,62.0,6.9,2025.0,Regular,Season Total,NE,D. Maye,1.0,77.1,59.7,662.0,113.9,90.3,21.8,0.0,1.7,78.2,-16.2,Drake,Maye,Drake Maye,https://a.espncdn.com/i/headshots/nfl/players/full/4431452.png,Patriots,True,17,20.48,12.120000000000001,17,16,4
2025,Matthew Stafford,M.Stafford,00-0026498,LA,QB,QB,3.0,17,350.38,20.610588235294117,350.38,0.0,0,0,0,0,0.0,0.0,0.0,29,1,0,388,597,4707,46,8,1117.0,0.9852941176470589,0.31367949865711725,20.610588235294117,6.979441659785757,30.880000000000003,10,QB,"https://static.www.nfl.com/image/upload/f_auto,q_auto/league/jwpkjfrkzufdyh8u1mg7",REG,23,-150,2,2,5528,1850,236,150.45430748211436,1.5363256564033627,0,0.8514833574529667,184,99,72,8,3,1,0,-31.835313609830337,0,0,0,0,0,0,0,0,0,0,,0,0,0,0,0,,0,1,0,0,0,0,0,0.0,0.0,0,0,0,0,0,0,0,0,0,0,0,0,0,3,-30,0,0,0,1,12,2,5,0,7,3,0,0,0,0,0,0,0,0,,,0,0,0,0,0,0,0,0,0,0,0,0,,,,0,0,0,0,0,0,0,,0,0,0,0,,0,0,,0,0,0,0,0,0,0,0,0,0,M.Stafford,Matthew Stafford,QB,QB,"https://static.www.nfl.com/image/upload/f_auto,q_auto/league/jwpkjfrkzufdyh8u1mg7",2025.0,POST,LA,3.0,66.0,119.0,936.0,6.0,1.0,6.0,-47.0,3.0,0.0,1348.0,368.0,47.0,22.656065298164492,-3.5530585153349517,0.0,0.6943620178041543,40.0,22.0,14.0,2.0,5.0,15.0,0.0,0.0,0.0,3.0,0.11971196811646223,0.0,1.0,1.0,0.0,0.0,0.0,0.0,0.0,0.0,0.0,0.0,0.0,0.0,0.0,,0.0,0.0,0.0,0.0,0.0,,0.0,0.0,0.0,0.0,0.0,0.0,0.0,0.0,0.0,0.0,0.0,0.0,0.0,0.0,0.0,0.0,0.0,0.0,0.0,0.0,0.0,0.0,0.0,0.0,0.0,1.0,0.0,0.0,0.0,0.0,0.0,0.0,3.0,0.0,0.0,3.0,0.0,0.0,0.0,0.0,0.0,0.0,0.0,0.0,0.0,,,0.0,0.0,0.0,0.0,0.0,0.0,0.0,0.0,0.0,0.0,0.0,0.0,,,,0.0,0.0,0.0,0.0,0.0,0.0,0.0,,0.0,0.0,0.0,0.0,,0.0,0.0,,0.0,0.0,0.0,0.0,0.0,0.0,0.0,0.0,0.0,0.0,60.94,60.94,00-0026498,StafMa00,12483,Matthew Stafford,1988-02-07,75.0,214.0,Georgia,2009.0,1.0,1.0,DET,2009,18,17.0,0.0,0.0,0.0,0.0,,,,,,,,,,,,,,,,,,,,,,,,,2025.0,Matthew Stafford,LA,37.0,QB,17.0,17.0,29.0,1.0,,0.0,-1.0,0.0,2.0,0.1,0.0,,2026-02-11,Matthew Stafford,LA,597.0,14.0,3.0,28.0,4.8,105.0,18.1,2025.0,2.4,159.0,41.0,52.0,116.0,18.5,5.0,427.0,73.6,16.0,102.0,16.0,102.0,0.0,0.0,,,5358.0,9.0,2857.0,7.4,4.8,1850.0,4.8,7.0,3.1,2025.0,Regular,Season Total,LAR,M. Stafford,4.0,71.2,42.5,671.0,99.8,101.4,-5.0,0.0,3.4,71.0,-10.6,Matthew,Stafford,Matthew Stafford,https://a.espncdn.com/i/headshots/nfl/players/full/12483.png,Rams,True,17,22.92,9.34,16,11,7
2025,Trevor Lawrence,T.Lawrence,00-0036971,JAX,QB,QB,4.0,17,338.17999999999995,19.892941176470586,338.17999999999995,0.0,0,0,0,0,0.0,0.0,0.0,82,359,9,341,560,4007,29,12,1114.0,0.9670588235294119,0.303572710951526,19.89294117647059,8.78550778605446,44.300000000000004,7,QB,"https://static.www.nfl.com/image/upload/f_auto,q_auto/league/k9uzdernqkx7oquy7dkg",REG,41,-247,3,2,4876,1631,194,38.409721436388125,-1.8817637855296625,0,0.821780147662018,167,88,57,6,2,1,40,26.844758512154925,1,14,8,2,0,0,0,0,0,0,,0,0,0,0,0,,0,0,0,0,0,0,0,0.0,0.0,0,0,0,0,0,0,0,0,0,0,0,0,0,2,0,0,0,0,7,55,4,1,0,5,3,0,0,0,0,0,0,0,0,,,0,0,0,0,0,0,0,0,0,0,0,0,,,,0,0,0,0,0,0,0,,0,0,0,0,,0,0,,0,0,0,0,0,0,0,0,0,0,T.Lawrence,Trevor Lawrence,QB,QB,"https://static.www.nfl.com/image/upload/f_auto,q_auto/league/k9uzdernqkx7oquy7dkg",2025.0,POST,JAX,1.0,18.0,30.0,207.0,3.0,2.0,1.0,-2.0,0.0,0.0,292.0,81.0,11.0,0.7412789479240725,-5.053668220837911,0.0,0.708904109589041,9.0,3.0,2.0,0.0,6.0,31.0,0.0,0.0,0.0,2.0,-3.8693140659015626,0.0,2.0,1.0,0.0,0.0,0.0,0.0,0.0,0.0,0.0,0.0,0.0,0.0,0.0,,0.0,0.0,0.0,0.0,0.0,,0.0,0.0,0.0,0.0,1.0,0.0,0.0,0.0,0.0,0.0,0.0,0.0,0.0,0.0,0.0,0.0,0.0,0.0,0.0,0.0,0.0,0.0,0.0,0.0,0.0,0.0,0.0,0.0,0.0,0.0,0.0,0.0,0.0,0.0,0.0,0.0,0.0,0.0,0.0,0.0,0.0,0.0,0.0,0.0,0.0,,,0.0,0.0,0.0,0.0,0.0,0.0,0.0,0.0,0.0,0.0,0.0,0.0,,,,0.0,0.0,0.0,0.0,0.0,0.0,0.0,,0.0,0.0,0.0,0.0,,0.0,0.0,,0.0,0.0,0.0,0.0,0.0,0.0,0.0,0.0,0.0,0.0,19.380000000000003,19.380000000000003,00-0036971,LawrTr00,4360310,Trevor Lawrence,1999-10-06,78.0,220.0,Clemson,2021.0,1.0,1.0,JAX,2021,6,17.0,0.0,0.0,0.0,0.0,,,,,,,,,,,,,,,,,,,,,,,,,2025.0,Trevor Lawrence,JAX,26.0,QB,17.0,17.0,82.0,359.0,,40.0,272.0,3.3,87.0,1.1,5.0,16.4,2026-02-11,Trevor Lawrence,JAX,560.0,14.0,3.0,45.0,8.3,78.0,14.4,2025.0,2.4,158.0,59.0,40.0,140.0,21.8,20.0,400.0,73.7,31.0,138.0,25.0,130.0,6.0,8.0,,,4890.0,8.7,2376.0,7.0,4.2,1631.0,4.8,42.0,7.4,2025.0,Regular,Season Total,JAX,T. Lawrence,14.5,58.3,14.8,727.0,77.2,56.8,17.7,0.0,2.7,57.1,-13.0,Trevor,Lawrence,Trevor Lawrence,https://a.espncdn.com/i/headshots/nfl/players/full/4360310.png,Jaguars,True,17,19.24,7.780000000000001,15,13,3
2025,Caleb Williams,C.Williams,00-0039918,CHI,QB,QB,5.0,17,318.68,18.745882352941177,316.68,2.0,2,2,22,1,0.0037593984962406013,-0.0006067961165048543,0.005214340462807504,77,388,3,330,568,3942,27,7,1143.0,0.9905882352941177,0.2788101487314086,18.745882352941177,8.23271754861626,38.7,8,QB,"https://static.www.nfl.com/image/upload/f_auto,q_auto/league/h4qs11kutwiw7whekmyt",REG,24,-165,1,1,4899,1835,187,42.217395757990325,-3.5054313989193266,1,0.8046540110226577,173,86,58,7,7,0,28,5.398831434064522,0,14,13,2,0,0,0,-3,25,2,5.277009675628506,0,1,1,1,0,0.0,0,1,0,0,0,0,0,0.0,0.0,0,0,0,0,0,0,0,0,0,0,0,0,0,6,-37,0,0,0,5,54,2,7,0,9,1,0,0,0,0,0,0,0,0,,,0,0,0,0,0,0,0,0,0,0,0,0,,,,0,0,0,0,0,0,0,,0,0,0,0,,0,0,,0,0,0,0,0,0,0,0,0,0,C.Williams,Caleb Williams,QB,QB,"https://static.www.nfl.com/image/upload/f_auto,q_auto/league/h4qs11kutwiw7whekmyt",2025.0,POST,CHI,2.0,47.0,90.0,618.0,4.0,5.0,1.0,-9.0,1.0,0.0,942.0,259.0,29.0,13.754823375238018,-6.970985521647063,1.0,0.6560509554140127,26.0,18.0,12.0,0.0,9.0,60.0,0.0,0.0,0.0,5.0,5.06079307757318,0.0,2.0,1.0,1.0,0.0,0.0,0.0,0.0,0.0,0.0,0.0,0.0,0.0,0.0,,0.0,0.0,0.0,0.0,0.0,,0.0,0.0,0.0,0.0,0.0,0.0,0.0,0.0,0.0,0.0,0.0,0.0,0.0,0.0,0.0,0.0,0.0,0.0,0.0,0.0,0.0,0.0,0.0,0.0,0.0,0.0,0.0,0.0,0.0,0.0,0.0,0.0,1.0,0.0,0.0,1.0,0.0,0.0,0.0,0.0,0.0,0.0,0.0,0.0,0.0,,,0.0,0.0,0.0,0.0,0.0,0.0,0.0,0.0,0.0,0.0,0.0,0.0,,,,0.0,0.0,0.0,0.0,0.0,0.0,0.0,,0.0,0.0,0.0,0.0,,0.0,0.0,,0.0,0.0,0.0,0.0,0.0,0.0,0.0,0.0,0.0,0.0,38.72,38.72,00-0039918,WillCa03,4431611,Caleb Williams,2001-11-18,73.0,226.0,USC; Oklahoma,2024.0,1.0,1.0,CHI,2024,3,17.0,0.0,0.0,0.0,0.0,2025.0,Caleb Williams,CHI,24.0,QB,17.0,17.0,2.0,2.0,22.0,,2.0,-3.0,-1.5,25.0,12.5,-1.5,0.0,,0.0,0.0,0.0,152.1,2026-02-11,2025.0,Caleb Williams,CHI,24.0,QB,17.0,17.0,77.0,388.0,,28.0,328.0,4.3,60.0,0.8,5.0,15.4,2026-02-11,Caleb Williams,CHI,568.0,40.0,2.0,29.0,5.5,109.0,20.7,2025.0,2.5,174.0,94.0,41.0,159.0,25.1,18.0,367.0,69.8,36.0,262.0,28.0,237.0,8.0,25.0,,,4809.0,8.5,2107.0,6.4,3.7,1835.0,5.6,41.0,8.7,2025.0,Regular,Season Total,CHI,C. Williams,16.0,58.2,15.8,704.0,79.8,66.9,14.1,0.0,-1.2,57.9,-9.9,Caleb,Williams,Caleb Williams,https://a.espncdn.com/i/headshots/nfl/players/full/4431611.png,Bears,True,17,18.98,4.68,15,11,3
2025,Dak Prescott,D.Prescott,00-0033077,DAL,QB,QB,6.0,17,313.78000000000003,18.457647058823532,313.78000000000003,0.0,0,0,0,0,0.0,0.0,0.0,53,177,2,404,600,4552,30,10,1135.0,0.9505882352941176,0.2764581497797357,18.45764705882353,8.280775574645592,30.959999999999997,9,QB,"https://static.www.nfl.com/image/upload/f_auto,q_auto/league/yvscmqq1qki8zfsemmcd",REG,31,-208,2,1,4809,2023,220,114.34943320495893,2.201662289157306,3,0.9465585360781867,183,90,53,12,4,1,15,-9.431144701789524,0,5,5,0,0,0,0,0,0,0,,0,0,0,0,0,,0,2,0,0,0,0,0,0.0,0.0,0,0,0,0,0,0,0,0,0,0,0,0,0,3,-6,0,0,0,0,0,2,4,0,6,2,0,0,0,0,0,0,0,0,,,0,0,0,0,0,0,0,0,0,0,0,0,,,,0,0,0,0,0,0,0,,0,0,0,0,,0,0,,0,0,0,0,0,0,0,0,0,0,,,,,,,,,,,,,,,,,,,,,,,,,,,,,,,,,,,,,,,,,,,,,,,,,,,,,,,,,,,,,,,,,,,,,,,,,,,,,,,,,,,,,,,,,,,,,,,,,,,,,,,,,,,,,,,,,,,,,,,,,,,,,,,,,,,,,,,,,,,,,,,,,,,,00-0033077,PresDa01,2577417,Dak Prescott,1993-07-29,74.0,230.0,Mississippi State,2016.0,4.0,135.0,DAL,2016,11,17.0,0.0,0.0,0.0,0.0,,,,,,,,,,,,,,,,,,,,,,,,,2025.0,Dak Prescott,DAL,32.0,QB,17.0,17.0,53.0,177.0,,15.0,140.0,2.6,37.0,0.7,3.0,17.7,2026-02-11,Dak Prescott,DAL,600.0,14.0,3.0,25.0,4.3,73.0,12.5,2025.0,2.4,163.0,55.0,56.0,142.0,21.6,18.0,436.0,74.8,56.0,507.0,55.0,507.0,0.0,0.0,,,4774.0,8.0,2529.0,6.3,4.2,2023.0,5.0,26.0,6.8,2025.0,Regular,Season Total,DAL,D. Prescott,5.0,70.2,46.1,719.0,106.8,94.6,6.9,0.0,5.2,71.2,-13.1,Dak,Prescott,Dak Prescott,https://a.espncdn.com/i/headshots/nfl/players/full/2577417.png,Cowboys,True,17,20.6,0.7000000000000002,14,12,3
2025,Bo Nix,B.Nix,00-0039732,DEN,QB,QB,7.0,17,304.84000000000003,17.931764705882355,304.84000000000003,0.0,0,1,0,0,0.0017123287671232876,0.000445632798573975,0.002880436109686714,83,356,5,388,612,3931,25,11,1136.0,0.9964705882352942,0.26834507042253525,17.931764705882355,8.369988228257938,39.96,5,QB,"https://static.www.nfl.com/image/upload/f_auto,q_auto/league/zvo9xatffmqn9lnukpgk",REG,22,-119,2,1,4486,2093,196,63.32275760694129,-1.1956391265011979,4,0.8762817654926438,154,73,47,7,2,1,25,8.413744388815456,0,13,9,3,0,0,0,2,0,0,-0.4586076693958603,0,0,0,0,0,0.0,0,0,0,0,0,0,0,0.0,0.0,0,0,0,0,0,0,0,0,0,0,0,0,0,2,0,0,0,0,2,23,2,2,0,4,2,0,0,0,0,0,0,0,0,,,0,0,0,0,0,0,0,0,0,0,0,0,,,,0,0,0,0,0,0,0,,0,0,0,0,,0,0,,0,0,0,0,0,0,0,0,0,0,B.Nix,Bo Nix,QB,QB,"https://static.www.nfl.com/image/upload/f_auto,q_auto/league/zvo9xatffmqn9lnukpgk",2025.0,POST,DEN,1.0,26.0,46.0,279.0,3.0,1.0,0.0,0.0,0.0,0.0,305.0,116.0,13.0,3.462618759378192,-4.678368142672947,0.0,0.9147540983606557,12.0,6.0,5.0,0.0,12.0,29.0,0.0,0.0,0.0,4.0,-0.3124858075453196,0.0,1.0,0.0,0.0,0.0,0.0,0.0,0.0,0.0,0.0,0.0,0.0,0.0,0.0,,0.0,0.0,0.0,0.0,0.0,,0.0,0.0,0.0,0.0,0.0,0.0,0.0,0.0,0.0,0.0,0.0,0.0,0.0,0.0,0.0,0.0,0.0,0.0,0.0,0.0,0.0,0.0,0.0,0.0,0.0,1.0,0.0,0.0,0.0,0.0,0.0,0.0,0.0,1.0,0.0,1.0,0.0,0.0,0.0,0.0,0.0,0.0,0.0,0.0,0.0,,,0.0,0.0,0.0,0.0,0.0,0.0,0.0,0.0,0.0,0.0,0.0,0.0,,,,0.0,0.0,0.0,0.0,0.0,0.0,0.0,,0.0,0.0,0.0,0.0,,0.0,0.0,,0.0,0.0,0.0,0.0,0.0,0.0,0.0,0.0,0.0,0.0,24.060000000000002,24.060000000000002,00-0039732,NixxBo00,4426338,Bo Nix,2000-02-25,74.0,217.0,Oregon; Auburn,2024.0,1.0,12.0,DEN,2024,3,17.0,0.0,0.0,0.0,0.0,2025.0,Bo Nix,DEN,25.0,QB,17.0,17.0,1.0,0.0,0.0,,0.0,0.0,,0.0,,2.0,0.0,,0.0,0.0,0.0,39.6,2026-02-11,2025.0,Bo Nix,DEN,25.0,QB,17.0,17.0,83.0,356.0,,25.0,294.0,3.5,62.0,0.7,0.0,,2026-02-11,Bo Nix,DEN,612.0,26.0,1.0,43.0,7.4,93.0,15.9,2025.0,2.4,114.0,61.0,45.0,128.0,19.1,13.0,453.0,77.4,91.0,497.0,81.0,487.0,5.0,10.0,,,4498.0,7.3,1838.0,4.7,3.0,2093.0,5.4,35.0,8.8,2025.0,Regular,Season Total,DEN,B. Nix,14.5,58.3,21.7,753.0,89.2,72.6,15.4,0.0,1.2,60.0,-7.9,Bo,Nix,Bo Nix,https://a.espncdn.com/i/headshots/nfl/players/full/4426338.png,Broncos,True,17,16.44,5.8,15,11,3
2025,Jalen Hurts,J.Hurts,00-0036389,PHI,QB,QB,8.0,16,301.06,18.81625,301.06,0.0,0,0,0,0,0.0,0.0,0.0,105,421,8,294,454,3224,25,6,965.0,0.9762500000000001,0.31197927461139896,18.81625,7.583037979596305,30.86,7,QB,"https://static.www.nfl.com/image/upload/f_auto,q_auto/league/xow5yvxjeqa6witmofmp",REG,32,-181,3,1,4072,1265,150,34.31444327657869,3.183331087545712,0,0.7917485265225933,117,67,40,9,4,2,40,16.681141701410525,0,12,8,2,0,0,0,0,0,0,,0,0,0,0,0,,0,0,0,0,0,0,0,0.0,0.0,0,0,0,0,0,0,0,0,0,0,0,0,0,2,-6,1,-1,0,0,0,6,2,1,8,4,0,0,0,0,0,0,0,0,,,0,0,0,0,0,0,0,0,0,0,0,0,,,,0,0,0,0,0,0,0,,0,0,0,0,,0,0,,0,0,0,0,0,0,0,0,0,0,J.Hurts,Jalen Hurts,QB,QB,"https://static.www.nfl.com/image/upload/f_auto,q_auto/league/xow5yvxjeqa6witmofmp",2025.0,POST,PHI,1.0,20.0,35.0,168.0,1.0,0.0,1.0,-1.0,0.0,0.0,313.0,87.0,7.0,-3.2458238499629606,-7.936187965028426,0.0,0.536741214057508,7.0,1.0,1.0,0.0,5.0,14.0,0.0,0.0,0.0,3.0,2.3123455913725612,0.0,0.0,0.0,0.0,0.0,0.0,0.0,0.0,0.0,0.0,0.0,0.0,0.0,0.0,,0.0,0.0,0.0,0.0,0.0,,0.0,0.0,0.0,0.0,0.0,0.0,0.0,0.0,0.0,0.0,0.0,0.0,0.0,0.0,0.0,0.0,0.0,0.0,0.0,0.0,0.0,0.0,0.0,0.0,0.0,0.0,0.0,0.0,0.0,0.0,0.0,0.0,0.0,0.0,0.0,0.0,0.0,0.0,0.0,0.0,0.0,0.0,0.0,0.0,0.0,,,0.0,0.0,0.0,0.0,0.0,0.0,0.0,0.0,0.0,0.0,0.0,0.0,,,,0.0,0.0,0.0,0.0,0.0,0.0,0.0,,0.0,0.0,0.0,0.0,,0.0,0.0,,0.0,0.0,0.0,0.0,0.0,0.0,0.0,0.0,0.0,0.0,12.12,12.12,00-0036389,HurtJa00,4040715,Jalen Hurts,1998-08-07,73.0,223.0,Oklahoma; Alabama,2020.0,2.0,53.0,PHI,2020,7,16.0,0.0,0.0,0.0,0.0,,,,,,,,,,,,,,,,,,,,,,,,,2025.0,Jalen Hurts,PHI,27.0,QB,16.0,16.0,105.0,421.0,,40.0,347.0,3.3,74.0,0.7,3.0,35.0,2026-02-11,Jalen Hurts,PHI,454.0,22.0,2.0,11.0,2.6,72.0,16.7,2025.0,2.5,162.0,48.0,25.0,105.0,20.0,8.0,318.0,74.0,80.0,476.0,67.0,427.0,10.0,49.0,,,4085.0,9.0,1959.0,6.7,4.3,1265.0,4.3,40.0,6.7,2025.0,Regular,Season Total,PHI,J. Hurts,20.0,55.2,12.4,624.0,69.1,49.7,15.1,0.0,4.4,57.0,-13.2,Jalen,Hurts,Jalen Hurts,https://a.espncdn.com/i/headshots/nfl/players/full/4040715.png,Eagles,True,16,19.450000000000003,2.3999999999999995,14,11,3
2025,Jared Goff,J.Goff,00-0033106,DET,QB,QB,9.0,17,297.06,17.474117647058822,297.06,0.0,0,0,0,0,0.0,0.0,0.0,19,45,0,393,578,4564,34,8,1083.0,0.9852941176470589,0.27429362880886426,17.474117647058822,7.5179776692468385,33.96,6,QB,"https://static.www.nfl.com/image/upload/f_auto,q_auto/league/kaicbot8qhzrvddilbtp",REG,38,-259,3,3,3715,2422,223,106.46015123964267,1.776595577433869,0,1.2285329744279947,185,101,66,8,3,2,5,-14.424143070451017,0,1,1,1,0,0,0,0,0,0,,0,0,0,0,0,,0,0,0,0,0,0,0,0.0,0.0,0,0,0,0,0,0,0,0,0,0,0,0,0,1,-23,0,0,0,3,24,3,3,0,6,5,0,0,0,0,0,0,0,0,,,0,0,0,0,0,0,0,0,0,0,0,0,,,,0,0,0,0,0,0,0,,0,0,0,0,,0,0,,0,0,0,0,0,0,0,0,0,0,,,,,,,,,,,,,,,,,,,,,,,,,,,,,,,,,,,,,,,,,,,,,,,,,,,,,,,,,,,,,,,,,,,,,,,,,,,,,,,,,,,,,,,,,,,,,,,,,,,,,,,,,,,,,,,,,,,,,,,,,,,,,,,,,,,,,,,,,,,,,,,,,,,,00-0033106,GoffJa00,3046779,Jared Goff,1994-10-14,76.0,217.0,California,2016.0,1.0,1.0,LA,2016,11,17.0,0.0,0.0,0.0,0.0,,,,,,,,,,,,,,,,,,,,,,,,,2025.0,Jared Goff,DET,31.0,QB,17.0,17.0,19.0,45.0,,5.0,41.0,2.2,4.0,0.2,0.0,,2026-02-11,Jared Goff,DET,578.0,31.0,2.0,25.0,4.6,86.0,15.8,2025.0,2.3,152.0,38.0,76.0,152.0,24.5,15.0,427.0,78.3,13.0,65.0,12.0,65.0,0.0,0.0,,,3684.0,6.4,2140.0,5.4,3.7,2424.0,6.2,5.0,9.6,2025.0,Regular,Season Total,DET,J. Goff,18.0,57.3,16.2,659.0,74.2,76.4,-2.3,0.0,0.1,58.6,-16.7,Jared,Goff,Jared Goff,https://a.espncdn.com/i/headshots/nfl/players/full/3046779.png,Lions,True,17,16.82,2.0799999999999983,16,11,3
2025,Justin Herbert,J.Herbert,00-0036355,LAC,QB,QB,10.0,16,286.88,17.93,286.88,0.0,0,0,0,0,0.0,0.0,0.0,83,498,2,340,512,3727,26,13,1043.0,0.968125,0.2750527325023969,17.93,7.740838886494582,30.2,5,QB,"https://static.www.nfl.com/image/upload/f_auto,q_auto/league/jnkspnntgebegzp4ghve",REG,54,-301,3,1,4011,1657,175,16.114613501478505,1.5749285819559444,0,0.9291947145350287,144,66,43,8,4,1,34,15.896310587013945,1,16,14,5,1,0,0,0,0,0,,0,0,0,0,0,,0,1,0,1,0,0,0,0.0,0.0,0,0,0,0,0,0,0,0,0,0,0,0,0,3,-7,0,0,0,2,20,4,3,0,7,2,0,0,0,0,0,0,0,0,,,0,0,0,0,0,0,0,0,0,0,0,0,,,,0,0,0,0,0,0,0,,0,0,0,0,,0,0,,0,0,0,0,0,0,0,0,0,0,J.Herbert,Justin Herbert,QB,QB,"https://static.www.nfl.com/image/upload/f_auto,q_auto/league/jnkspnntgebegzp4ghve",2025.0,POST,LAC,1.0,19.0,31.0,159.0,0.0,0.0,6.0,-39.0,2.0,1.0,241.0,71.0,8.0,-13.280272337025963,-2.632793386777242,0.0,0.6597510373443983,7.0,1.0,1.0,0.0,10.0,57.0,0.0,0.0,0.0,4.0,1.6503902014810592,0.0,2.0,1.0,0.0,0.0,0.0,0.0,0.0,0.0,0.0,0.0,0.0,0.0,0.0,,0.0,0.0,0.0,0.0,0.0,,0.0,0.0,0.0,0.0,0.0,0.0,0.0,0.0,0.0,0.0,0.0,0.0,0.0,0.0,0.0,0.0,0.0,0.0,0.0,0.0,0.0,0.0,0.0,0.0,0.0,0.0,0.0,0.0,0.0,0.0,0.0,0.0,2.0,0.0,0.0,2.0,1.0,0.0,0.0,0.0,0.0,0.0,0.0,0.0,0.0,,,0.0,0.0,0.0,0.0,0.0,0.0,0.0,0.0,0.0,0.0,0.0,0.0,,,,0.0,0.0,0.0,0.0,0.0,0.0,0.0,,0.0,0.0,0.0,0.0,,0.0,0.0,,0.0,0.0,0.0,0.0,0.0,0.0,0.0,0.0,0.0,0.0,10.06,10.06,00-0036355,HerbJu00,4038941,Justin Herbert,1998-03-10,78.0,236.0,Oregon,2020.0,1.0,6.0,LAC,2020,7,16.0,0.0,0.0,0.0,0.0,,,,,,,,,,,,,,,,,,,,,,,,,2025.0,Justin Herbert,LAC,27.0,QB,16.0,16.0,83.0,498.0,,34.0,407.0,4.9,91.0,1.1,3.0,27.7,2026-02-11,Justin Herbert,LAC,512.0,17.0,0.0,25.0,5.1,75.0,15.2,2025.0,2.4,158.0,55.0,74.0,183.0,29.8,10.0,378.0,76.4,64.0,444.0,51.0,387.0,9.0,57.0,,,4011.0,7.8,2070.0,6.1,4.0,1657.0,4.9,48.0,9.0,2025.0,Regular,Season Total,LAC,J. Herbert,13.0,60.6,23.0,688.0,85.3,58.0,25.4,0.0,1.8,61.6,-21.3,Justin,Herbert,Justin Herbert,https://a.espncdn.com/i/headshots/nfl/players/full/4038941.png,Chargers,True,16,14.920000000000002,3.3400000000000003,15,8,5
2025,Patrick Mahomes,P.Mahomes,00-0033873,KC,QB,QB,11.0,14,285.68,20.405714285714286,284.68,1.0,1,1,-10,0,0.0018214936247723133,-0.0017648356496801235,0.0014968554823823837,64,422,5,315,502,3587,22,11,934.0,0.9742857142857143,0.3058672376873662,20.405714285714286,7.995600438592862,31.48,8,QB,"https://static.www.nfl.com/image/upload/f_auto,q_auto/league/wdckwtob1lybvkmxnf7p",REG,34,-193,3,0,4050,1895,173,68.24694077617175,0.33641483390558097,2,0.885679012345679,146,72,49,8,0,0,27,29.164493967895396,0,18,10,1,0,0,0,-8,-2,0,-2.5388513491488993,0,0,0,0,0,0.0,0,1,0,0,0,0,0,0.0,0.0,0,0,0,0,0,0,0,0,0,0,0,0,0,3,0,0,0,0,3,25,2,1,0,3,0,0,0,0,0,0,0,0,0,,,0,0,0,0,0,0,0,0,0,0,0,0,,,,0,0,0,0,0,0,0,,0,0,0,0,,0,0,,0,0,0,0,0,0,0,0,0,0,,,,,,,,,,,,,,,,,,,,,,,,,,,,,,,,,,,,,,,,,,,,,,,,,,,,,,,,,,,,,,,,,,,,,,,,,,,,,,,,,,,,,,,,,,,,,,,,,,,,,,,,,,,,,,,,,,,,,,,,,,,,,,,,,,,,,,,,,,,,,,,,,,,,00-0033873,MahoPa00,3139477,Patrick Mahomes,1995-09-17,74.0,225.0,Texas Tech,2017.0,1.0,10.0,KC,2017,10,14.0,0.0,0.0,0.0,0.0,2025.0,Patrick Mahomes,KC,30.0,QB,14.0,14.0,1.0,1.0,-10.0,,0.0,-8.0,-8.0,-2.0,-2.0,-8.0,0.0,,0.0,0.0,0.0,79.2,2026-02-11,2025.0,Patrick Mahomes,KC,30.0,QB,14.0,14.0,64.0,422.0,,27.0,359.0,5.6,63.0,1.0,4.0,16.0,2026-02-11,Patrick Mahomes,KC,502.0,26.0,2.0,27.0,5.7,85.0,17.9,2025.0,2.2,96.0,38.0,69.0,141.0,24.0,9.0,352.0,74.3,114.0,797.0,105.0,764.0,5.0,33.0,,,3978.0,7.9,1692.0,5.4,3.4,1895.0,6.0,52.0,8.1,2025.0,Regular,Season Total,KC,P. Mahomes,6.0,68.5,32.7,621.0,88.6,61.2,24.7,0.0,2.6,67.8,-11.5,Patrick,Mahomes,Patrick Mahomes,https://a.espncdn.com/i/headshots/nfl/players/full/3139477.png,Chiefs,True,14,22.520000000000003,6.300000000000001,13,9,6
2025,Baker Mayfield,B.Mayfield,00-0034855,TB,QB,QB,12.0,17,271.92,15.99529411764706,271.92,0.0,0,0,0,0,0.0,0.0,0.0,55,382,1,343,543,3693,26,11,1099.0,0.9711764705882354,0.24742493175614197,15.99529411764706,6.243110320232074,26.66,3,QB,"https://static.www.nfl.com/image/upload/f_auto,q_auto/league/gjb8e69jtt1ffqf1afue",REG,36,-234,10,3,4406,1923,172,0.6775508272753218,-2.1161465592809603,2,0.8381752156150704,146,77,54,7,1,0,27,35.721468872510776,0,15,11,5,0,0,0,0,0,0,,0,0,0,0,0,,0,0,0,0,0,0,0,0.0,0.0,0,0,0,0,0,0,0,0,0,0,0,0,0,4,0,0,0,0,0,0,8,3,0,11,3,0,0,0,0,0,0,0,0,,,0,0,0,0,0,0,0,0,0,0,0,0,,,,0,0,0,0,0,0,0,,0,0,0,0,,0,0,,0,0,0,0,0,0,0,0,0,0,,,,,,,,,,,,,,,,,,,,,,,,,,,,,,,,,,,,,,,,,,,,,,,,,,,,,,,,,,,,,,,,,,,,,,,,,,,,,,,,,,,,,,,,,,,,,,,,,,,,,,,,,,,,,,,,,,,,,,,,,,,,,,,,,,,,,,,,,,,,,,,,,,,,00-0034855,MayfBa00,3052587,Baker Mayfield,1995-04-14,73.0,215.0,Oklahoma; Texas Tech,2018.0,1.0,1.0,CLE,2018,9,17.0,0.0,0.0,0.0,0.0,,,,,,,,,,,,,,,,,,,,,,,,,2025.0,Baker Mayfield,TB,30.0,QB,17.0,17.0,55.0,382.0,,27.0,281.0,5.1,101.0,1.8,7.0,7.9,2026-02-11,Baker Mayfield,TB,543.0,13.0,1.0,20.0,3.8,83.0,15.7,2025.0,2.3,146.0,36.0,20.0,92.0,14.8,14.0,390.0,73.7,36.0,247.0,32.0,227.0,3.0,20.0,,,4360.0,8.0,1770.0,5.2,3.3,1923.0,5.6,42.0,8.9,2025.0,Regular,Season Total,TB,B. Mayfield,12.0,61.3,19.6,676.0,80.8,49.4,27.9,0.0,3.5,60.1,-13.7,Baker,Mayfield,Baker Mayfield,https://a.espncdn.com/i/headshots/nfl/players/full/3052587.png,Buccaneers,True,17,17.44,3.540000000000001,15,10,1
2025,Jaxson Dart,J.Dart,00-0040691,NYG,QB,QB,13.0,14,241.57999999999998,17.255714285714284,241.57999999999998,0.0,0,0,0,0,0.0,0.0,0.0,86,487,9,216,339,2272,15,5,774.0,0.8364285714285714,0.3121188630490956,17.255714285714287,10.234088373429499,28.42,7,QB,"https://static.www.nfl.com/image/upload/f_auto,q_auto/league/n6uymxssgiicjmxkzxoc",REG,35,-152,2,1,2773,1161,102,3.419432253789569,-0.1931022003428914,1,0.8193292463036422,87,47,25,3,3,1,38,38.1240470729286,0,18,11,4,0,0,0,0,0,0,,0,0,0,0,0,,0,0,0,0,0,0,0,0.0,0.0,0,0,0,0,0,0,0,0,0,0,0,0,0,1,-4,0,0,0,0,0,3,2,0,5,2,0,0,0,0,0,0,0,0,,,0,0,0,0,0,0,0,0,0,0,0,0,,,,0,0,0,0,0,0,0,,0,0,0,0,,0,0,,0,0,0,0,0,0,0,0,0,0,,,,,,,,,,,,,,,,,,,,,,,,,,,,,,,,,,,,,,,,,,,,,,,,,,,,,,,,,,,,,,,,,,,,,,,,,,,,,,,,,,,,,,,,,,,,,,,,,,,,,,,,,,,,,,,,,,,,,,,,,,,,,,,,,,,,,,,,,,,,,,,,,,,,00-0040691,DartJa00,4689114,Jaxson Dart,2003-05-13,74.0,223.0,Mississippi; USC,2025.0,1.0,25.0,NYG,2025,2,14.0,0.0,0.0,0.0,0.0,,,,,,,,,,,,,,,,,,,,,,,,,2025.0,Jaxson Dart,NYG,22.0,QB,14.0,12.0,86.0,487.0,,38.0,421.0,4.9,66.0,0.8,0.0,,2026-02-11,Jaxson Dart,NYG,339.0,10.0,1.0,14.0,4.3,51.0,15.5,2025.0,2.4,101.0,25.0,36.0,96.0,23.3,7.0,239.0,72.9,66.0,312.0,42.0,222.0,17.0,90.0,,,2742.0,8.1,1111.0,5.1,3.3,1161.0,5.4,38.0,7.7,2025.0,Regular,Season Total,NYG,J. Dart,17.0,57.5,10.2,506.0,53.6,24.9,24.4,0.0,4.3,57.1,-13.7,Jaxson,Dart,Jaxson Dart,https://a.espncdn.com/i/headshots/nfl/players/full/4689114.png,Giants,True,14,20.120000000000005,-0.30000000000000004,11,10,4
2025,Sam Darnold,S.Darnold,00-0034869,SEA,QB,QB,14.0,17,235.42000000000002,13.848235294117648,235.42000000000002,0.0,0,0,0,0,0.0,0.0,0.0,35,95,0,323,477,4048,25,14,1026.0,0.9617647058823531,0.2294541910331384,13.848235294117647,7.976384076834344,27.64,4,QB,"https://static.www.nfl.com/image/upload/f_auto,q_auto/league/fyay8vruj0cqmhopufzk",REG,27,-186,7,5,3751,1778,178,74.57746712718989,5.155128293449757,2,1.0791788856304985,164,86,57,12,3,1,10,-12.97238504093956,0,2,2,1,0,0,0,0,0,0,,0,0,0,0,0,,0,2,0,0,0,0,1,0.0,0.0,0,0,0,0,0,0,0,0,0,0,0,0,0,1,-4,0,0,0,1,21,8,3,1,11,6,0,0,0,0,0,0,0,0,,,0,0,0,0,0,0,0,0,0,0,0,0,,,,0,0,0,0,0,0,0,,0,0,0,0,,0,0,,0,0,0,0,0,0,0,0,0,0,S.Darnold,Sam Darnold,QB,QB,"https://static.www.nfl.com/image/upload/f_auto,q_auto/league/fyay8vruj0cqmhopufzk",2025.0,POST,SEA,3.0,56.0,91.0,672.0,5.0,0.0,6.0,-51.0,0.0,0.0,812.0,287.0,37.0,23.706212963883317,2.101286240788393,0.0,0.8275862068965517,32.0,12.0,5.0,2.0,5.0,14.0,0.0,1.0,0.0,2.0,-1.7600877998047508,0.0,2.0,1.0,0.0,0.0,0.0,0.0,0.0,0.0,0.0,0.0,0.0,0.0,0.0,,0.0,0.0,0.0,0.0,0.0,,0.0,0.0,0.0,0.0,0.0,0.0,0.0,0.0,0.0,0.0,0.0,0.0,0.0,0.0,0.0,0.0,0.0,0.0,0.0,0.0,0.0,0.0,0.0,0.0,0.0,1.0,-9.0,0.0,0.0,0.0,0.0,0.0,0.0,1.0,0.0,1.0,0.0,0.0,0.0,0.0,0.0,0.0,0.0,0.0,0.0,,,0.0,0.0,0.0,0.0,0.0,0.0,0.0,0.0,0.0,0.0,0.0,0.0,,,,0.0,0.0,0.0,0.0,0.0,0.0,0.0,,0.0,0.0,0.0,0.0,,0.0,0.0,,0.0,0.0,0.0,0.0,0.0,0.0,0.0,0.0,0.0,0.0,48.279999999999994,48.279999999999994,00-0034869,DarnSa00,3912547,Sam Darnold,1997-06-05,75.0,225.0,USC,2018.0,1.0,3.0,NYJ,2018,9,17.0,0.0,0.0,0.0,0.0,,,,,,,,,,,,,,,,,,,,,,,,,2025.0,Sam Darnold,SEA,28.0,QB,17.0,17.0,35.0,95.0,,10.0,87.0,2.5,8.0,0.2,0.0,,2026-02-11,Sam Darnold,SEA,477.0,22.0,4.0,15.0,3.3,66.0,14.6,2025.0,2.4,149.0,47.0,35.0,109.0,21.0,16.0,360.0,79.8,17.0,154.0,17.0,154.0,0.0,0.0,,,3742.0,7.8,2270.0,7.0,4.8,1778.0,5.5,14.0,6.4,2025.0,Regular,Season Total,SEA,S. Darnold,19.0,55.6,9.8,568.0,60.2,58.2,-1.2,0.0,3.3,56.1,-11.6,Sam,Darnold,Sam Darnold,https://a.espncdn.com/i/headshots/nfl/players/full/3912547.png,Seahawks,True,17,15.8,3.12,10,9,2
2025,Jordan Love,J.Love,00-0036264,GB,QB,QB,15.0,15,235.14000000000001,15.676,235.14000000000001,0.0,0,0,0,0,0.0,0.0,0.0,47,199,0,291,439,3381,23,6,894.0,0.9426666666666667,0.26302013422818793,15.675999999999998,7.409080143407045,28.299999999999997,4,QB,"https://static.www.nfl.com/image/upload/f_auto,q_auto/league/thz8stjkbjwddxqnozi5",REG,21,-169,2,2,3871,1511,159,110.6112878329032,5.532957348800344,2,0.8734177215189873,128,81,49,8,3,0,14,12.338995846435106,0,7,6,2,0,0,0,0,0,0,,0,0,0,0,0,,0,1,0,0,0,0,0,0.0,0.0,0,0,0,0,0,0,0,0,0,0,0,0,0,5,-6,0,0,0,0,0,3,4,1,7,2,0,0,0,0,0,0,0,0,,,0,0,0,0,0,0,0,0,0,0,0,0,,,,0,0,0,0,0,0,0,,0,0,0,0,,0,0,,0,0,0,0,0,0,0,0,0,0,J.Love,Jordan Love,QB,QB,"https://static.www.nfl.com/image/upload/f_auto,q_auto/league/thz8stjkbjwddxqnozi5",2025.0,POST,GB,1.0,24.0,46.0,323.0,4.0,0.0,1.0,-1.0,0.0,0.0,469.0,162.0,15.0,17.990808478879945,2.494839774934869,0.0,0.6886993603411514,12.0,8.0,7.0,0.0,1.0,11.0,0.0,0.0,0.0,1.0,0.4577428385382518,0.0,1.0,0.0,0.0,0.0,0.0,0.0,0.0,0.0,0.0,0.0,0.0,0.0,0.0,,0.0,0.0,0.0,0.0,0.0,,0.0,0.0,0.0,0.0,0.0,0.0,0.0,0.0,0.0,0.0,0.0,0.0,0.0,0.0,0.0,0.0,0.0,0.0,0.0,0.0,0.0,0.0,0.0,0.0,0.0,1.0,0.0,0.0,0.0,0.0,2.0,20.0,0.0,1.0,0.0,1.0,0.0,0.0,0.0,0.0,0.0,0.0,0.0,0.0,0.0,,,0.0,0.0,0.0,0.0,0.0,0.0,0.0,0.0,0.0,0.0,0.0,0.0,,,,0.0,0.0,0.0,0.0,0.0,0.0,0.0,,0.0,0.0,0.0,0.0,,0.0,0.0,,0.0,0.0,0.0,0.0,0.0,0.0,0.0,0.0,0.0,0.0,30.020000000000003,30.020000000000003,00-0036264,LoveJo03,4036378,Jordan Love,1998-11-02,76.0,219.0,Utah State,2020.0,1.0,26.0,GB,2020,7,15.0,0.0,0.0,0.0,0.0,,,,,,,,,,,,,,,,,,,,,,,,,2025.0,Jordan Love,GB,27.0,QB,15.0,15.0,47.0,199.0,,14.0,148.0,3.1,51.0,1.1,2.0,23.5,2026-02-11,Jordan Love,GB,439.0,26.0,1.0,17.0,4.1,60.0,14.6,2025.0,2.4,135.0,37.0,49.0,107.0,22.1,6.0,319.0,77.4,45.0,350.0,39.0,324.0,6.0,26.0,,,3834.0,8.7,1870.0,6.4,4.3,1511.0,5.2,24.0,7.6,2025.0,Regular,Season Total,GB,J. Love,3.0,72.7,37.5,531.0,86.5,72.9,11.2,0.0,2.4,73.1,-8.6,Jordan,Love,Jordan Love,https://a.espncdn.com/i/headshots/nfl/players/full/4036378.png,Packers,True,15,14.959999999999999,3.7800000000000002,11,7,3
2025,Jacoby Brissett,J.Brissett,00-0033119,ARI,QB,QB,16.0,14,227.44000000000003,16.24571428571429,227.44000000000003,0.0,0,0,0,0,0.0,0.0,0.0,38,168,1,315,485,3366,23,8,812.0,0.8571428571428571,0.2800985221674877,16.245714285714286,7.571328218285811,24.839999999999996,4,QB,"https://static.www.nfl.com/image/upload/f_auto,q_auto/league/qjswiunczrn5xmdiqhlz",REG,43,-288,4,4,3697,1557,165,-3.215431342855446,1.6353199922803716,1,0.9104679469840411,143,72,41,3,1,0,16,7.462795883933954,0,5,3,0,0,0,0,0,0,0,,0,0,0,0,0,,0,0,0,0,0,0,0,0.0,0.0,0,0,0,0,0,0,0,0,0,0,0,0,0,1,-2,0,0,0,2,25,4,1,0,5,4,0,0,0,0,0,0,0,0,,,0,0,0,0,0,0,0,0,0,0,0,0,,,,0,0,0,0,0,0,0,,0,0,0,0,,0,0,,0,0,0,0,0,0,0,0,0,0,,,,,,,,,,,,,,,,,,,,,,,,,,,,,,,,,,,,,,,,,,,,,,,,,,,,,,,,,,,,,,,,,,,,,,,,,,,,,,,,,,,,,,,,,,,,,,,,,,,,,,,,,,,,,,,,,,,,,,,,,,,,,,,,,,,,,,,,,,,,,,,,,,,,00-0033119,BrisJa00,2578570,Jacoby Brissett,1992-12-11,76.0,235.0,N.C. State; Florida,2016.0,3.0,91.0,NE,2016,11,14.0,0.0,0.0,0.0,0.0,,,,,,,,,,,,,,,,,,,,,,,,,2025.0,Jacoby Brissett,ARI,33.0,QB,14.0,12.0,38.0,168.0,,16.0,115.0,3.0,53.0,1.4,2.0,19.0,2026-02-11,Jacoby Brissett,ARI,485.0,25.0,1.0,11.0,2.4,81.0,17.6,2025.0,2.4,104.0,45.0,63.0,151.0,27.5,4.0,336.0,73.2,41.0,237.0,34.0,230.0,2.0,7.0,,,3691.0,7.6,1809.0,5.7,3.7,1557.0,4.9,22.0,6.8,2025.0,Regular,Season Total,ARI,J. Brissett,24.0,41.2,-12.4,592.0,36.9,30.2,5.2,0.0,1.5,42.6,-15.6,Jacoby,Brissett,Jacoby Brissett,https://a.espncdn.com/i/headshots/nfl/players/full/2578570.png,Cardinals,True,14,19.23,0.0,12,11,0
2025,Aaron Rodgers,A.Rodgers,00-0023459,PIT,QB,QB,17.0,16,227.07999999999998,14.192499999999999,226.07999999999998,1.0,1,1,-9,0,0.0019157088122605363,-0.00274390243902439,0.0009528315110737316,21,61,1,327,498,3322,24,7,918.0,0.956875,0.24736383442265794,14.1925,6.2364771038356785,25.659999999999997,3,QB,"https://static.www.nfl.com/image/upload/f_auto,q_auto/league/dypvakakxhccxs67tb0y",REG,29,-180,3,1,3008,2119,143,28.324585814416768,0.041686901349132346,1,1.1043882978723405,125,60,38,7,1,0,4,-2.951207073699914,0,2,1,1,0,0,0,-9,0,0,-1.5339853016193956,0,0,0,0,0,0.0,0,0,0,0,0,0,0,0.0,0.0,0,0,0,0,0,0,0,0,0,0,0,0,0,2,0,0,0,0,1,10,4,0,0,4,1,0,0,0,0,0,0,0,0,,,0,0,0,0,0,0,0,0,0,0,0,0,,,,0,0,0,0,0,0,0,,0,0,0,0,,0,0,,0,0,0,0,0,0,0,0,0,0,A.Rodgers,Aaron Rodgers,QB,QB,"https://static.www.nfl.com/image/upload/f_auto,q_auto/league/dypvakakxhccxs67tb0y",2025.0,POST,PIT,1.0,17.0,33.0,146.0,0.0,1.0,4.0,-36.0,2.0,1.0,290.0,73.0,6.0,-26.607500045045388,-7.442237138748169,0.0,0.503448275862069,7.0,4.0,2.0,0.0,0.0,0.0,0.0,0.0,0.0,0.0,,0.0,0.0,0.0,0.0,0.0,0.0,0.0,0.0,0.0,0.0,0.0,0.0,0.0,0.0,,0.0,0.0,0.0,0.0,0.0,,0.0,0.0,0.0,0.0,0.0,0.0,0.0,0.0,0.0,0.0,0.0,0.0,0.0,0.0,0.0,0.0,0.0,0.0,0.0,0.0,0.0,0.0,0.0,0.0,0.0,0.0,0.0,0.0,0.0,0.0,1.0,11.0,2.0,0.0,0.0,2.0,1.0,0.0,0.0,0.0,0.0,0.0,0.0,0.0,0.0,,,0.0,0.0,0.0,0.0,0.0,0.0,0.0,0.0,0.0,0.0,0.0,0.0,,,,0.0,0.0,0.0,0.0,0.0,0.0,0.0,,0.0,0.0,0.0,0.0,,0.0,0.0,,0.0,0.0,0.0,0.0,0.0,0.0,0.0,0.0,0.0,0.0,1.8399999999999999,1.8399999999999999,00-0023459,RodgAa00,8439,Aaron Rodgers,1983-12-02,74.0,223.0,California; Butte College,2005.0,1.0,24.0,GB,2005,22,16.0,0.0,0.0,0.0,0.0,2025.0,Aaron Rodgers,PIT,42.0,QB,16.0,16.0,1.0,1.0,-9.0,,0.0,-9.0,-9.0,0.0,0.0,-9.0,0.0,,0.0,0.0,0.0,79.2,2026-02-11,2025.0,Aaron Rodgers,PIT,42.0,QB,16.0,16.0,21.0,61.0,,4.0,58.0,2.8,3.0,0.1,0.0,,2026-02-11,Aaron Rodgers,PIT,498.0,21.0,2.0,17.0,3.6,82.0,17.3,2025.0,2.2,97.0,27.0,28.0,84.0,15.6,8.0,351.0,73.9,52.0,393.0,51.0,393.0,0.0,0.0,,,2990.0,6.0,1203.0,3.7,2.4,2119.0,6.5,12.0,5.7,2025.0,Regular,Season Total,PIT,A. Rodgers,23.0,44.4,-12.5,569.0,40.5,39.3,0.1,0.0,1.0,42.3,-12.3,Aaron,Rodgers,Aaron Rodgers,https://a.espncdn.com/i/headshots/nfl/players/full/8439.png,Steelers,True,16,14.170000000000002,2.6799999999999997,12,8,1
2025,Daniel Jones,D.Jones,00-0035710,IND,QB,QB,18.0,13,226.44000000000003,17.41846153846154,226.44000000000003,0.0,0,0,0,0,0.0,0.0,0.0,45,164,5,261,384,3101,19,8,756.0,0.9146153846153846,0.2995238095238096,17.41846153846154,7.084911015853629,29.48,5,QB,"https://static.www.nfl.com/image/upload/f_auto,q_auto/league/ohvvctuykzwrpqer7xgl",REG,22,-158,6,3,3073,1351,149,65.25551499758664,2.2971419322906166,1,1.0091116173120729,125,67,36,7,2,0,19,16.17640766904544,0,6,5,0,0,0,0,0,0,0,,0,0,0,0,0,,0,1,0,0,0,0,0,0.0,0.0,0,0,0,0,0,0,0,0,0,0,0,0,0,3,0,0,0,0,0,0,7,2,1,9,3,0,0,0,0,0,0,0,0,,,0,0,0,0,0,0,0,0,0,0,0,0,,,,0,0,0,0,0,0,0,,0,0,0,0,,0,0,,0,0,0,0,0,0,0,0,0,0,,,,,,,,,,,,,,,,,,,,,,,,,,,,,,,,,,,,,,,,,,,,,,,,,,,,,,,,,,,,,,,,,,,,,,,,,,,,,,,,,,,,,,,,,,,,,,,,,,,,,,,,,,,,,,,,,,,,,,,,,,,,,,,,,,,,,,,,,,,,,,,,,,,,00-0035710,JoneDa05,3917792,Daniel Jones,1997-05-27,77.0,230.0,Duke,2019.0,1.0,6.0,NYG,2019,8,13.0,0.0,0.0,0.0,0.0,,,,,,,,,,,,,,,,,,,,,,,,,2025.0,Daniel Jones,IND,28.0,QB,13.0,13.0,45.0,164.0,,19.0,137.0,3.0,27.0,0.6,1.0,45.0,2026-02-11,Daniel Jones,IND,384.0,10.0,2.0,14.0,3.8,45.0,12.1,2025.0,2.3,127.0,24.0,41.0,87.0,20.3,8.0,290.0,78.0,61.0,518.0,52.0,491.0,5.0,27.0,,,3063.0,8.0,1750.0,6.7,4.6,1351.0,5.2,23.0,6.6,2025.0,Regular,Season Total,IND,D. Jones,8.0,63.0,17.1,471.0,57.6,51.7,3.3,0.0,2.6,62.5,-9.0,Daniel,Jones,Daniel Jones,https://a.espncdn.com/i/headshots/nfl/players/full/3917792.png,Colts,True,13,16.68,0.7999999999999999,12,10,1
2025,Bryce Young,B.Young,00-0039150,CAR,QB,QB,19.0,16,218.04,13.6275,218.04,0.0,0,0,0,0,0.0,0.0,0.0,54,216,2,304,478,3011,23,11,964.0,0.9675,0.22618257261410787,13.627500000000001,7.695941354592909,31.82,3,QB,"https://static.www.nfl.com/image/upload/f_auto,q_auto/league/vcvhmxvxw2a3armle0af",REG,27,-202,3,2,3102,1539,153,-21.972916407197374,0.9989204774568746,1,0.9706640876853643,114,55,39,4,3,2,16,4.173175152523127,0,7,3,2,0,0,0,0,0,0,,0,0,0,0,0,,0,0,0,0,0,0,0,0.0,0.0,0,0,0,0,0,0,0,0,0,0,0,0,0,1,-11,0,0,0,2,20,4,3,0,7,4,0,0,0,0,0,0,0,0,,,0,0,0,0,0,0,0,0,0,0,0,0,,,,0,0,0,0,0,0,0,,0,0,0,0,,0,0,,0,0,0,0,0,0,0,0,0,0,B.Young,Bryce Young,QB,QB,"https://static.www.nfl.com/image/upload/f_auto,q_auto/league/vcvhmxvxw2a3armle0af",2025.0,POST,CAR,1.0,21.0,40.0,264.0,1.0,1.0,2.0,-14.0,0.0,0.0,365.0,125.0,12.0,-8.050912481682756,-5.9385149060068905,0.0,0.7232876712328767,10.0,5.0,3.0,1.0,3.0,24.0,1.0,0.0,0.0,1.0,4.810759630810935,0.0,1.0,1.0,0.0,0.0,0.0,0.0,0.0,0.0,0.0,0.0,0.0,0.0,0.0,,0.0,0.0,0.0,0.0,0.0,,0.0,0.0,0.0,0.0,1.0,0.0,0.0,0.0,0.0,0.0,0.0,0.0,0.0,0.0,0.0,0.0,0.0,0.0,0.0,0.0,0.0,0.0,0.0,0.0,0.0,0.0,0.0,0.0,0.0,0.0,0.0,0.0,0.0,0.0,0.0,0.0,0.0,0.0,0.0,0.0,0.0,0.0,0.0,0.0,0.0,,,0.0,0.0,0.0,0.0,0.0,0.0,0.0,0.0,0.0,0.0,0.0,0.0,,,,0.0,0.0,0.0,0.0,0.0,0.0,0.0,,0.0,0.0,0.0,0.0,,0.0,0.0,,0.0,0.0,0.0,0.0,0.0,0.0,0.0,0.0,0.0,0.0,20.96,20.96,00-0039150,YounBr01,4685720,Bryce Young,2001-07-25,70.0,204.0,Alabama,2023.0,1.0,1.0,CAR,2023,4,16.0,0.0,0.0,0.0,0.0,,,,,,,,,,,,,,,,,,,,,,,,,2025.0,Bryce Young,CAR,24.0,QB,16.0,16.0,54.0,216.0,,16.0,177.0,3.3,39.0,0.7,2.0,27.0,2026-02-11,Bryce Young,CAR,478.0,32.0,2.0,18.0,4.1,73.0,16.4,2025.0,2.4,127.0,54.0,48.0,129.0,24.0,9.0,346.0,77.9,49.0,399.0,44.0,371.0,5.0,28.0,,,3075.0,6.4,1466.0,4.8,3.1,1545.0,5.1,33.0,6.7,2025.0,Regular,Season Total,CAR,B. Young,22.0,47.6,-1.2,591.0,51.6,40.5,9.1,0.0,2.0,49.3,-14.2,Bryce,Young,Bryce Young,https://a.espncdn.com/i/headshots/nfl/players/full/4685720.png,Panthers,True,16,11.83,1.56,11,7,1
2025,Lamar Jackson,L.Jackson,00-0034796,BAL,QB,QB,20.0,13,214.86,16.52769230769231,214.86,0.0,0,0,0,0,0.0,0.0,0.0,67,349,2,192,302,2549,21,7,702.0,0.9223076923076923,0.3060683760683761,16.527692307692305,9.083921834617243,29.36,6,QB,"https://static.www.nfl.com/image/upload/f_auto,q_auto/league/eno6s5qzl9grbfbfwhoa",REG,36,-239,5,3,2648,1064,109,18.157022170954196,1.758682671292075,1,0.9626132930513596,97,57,38,6,0,0,24,20.608718391120743,0,15,11,0,0,0,0,0,0,0,,0,0,0,0,0,,0,2,0,0,0,0,0,0.0,0.0,0,0,0,0,0,0,0,0,0,0,0,0,0,3,0,0,0,0,1,16,3,4,0,7,3,0,0,0,0,0,0,0,0,,,0,0,0,0,0,0,0,0,0,0,0,0,,,,0,0,0,0,0,0,0,,0,0,0,0,,0,0,,0,0,0,0,0,0,0,0,0,0,,,,,,,,,,,,,,,,,,,,,,,,,,,,,,,,,,,,,,,,,,,,,,,,,,,,,,,,,,,,,,,,,,,,,,,,,,,,,,,,,,,,,,,,,,,,,,,,,,,,,,,,,,,,,,,,,,,,,,,,,,,,,,,,,,,,,,,,,,,,,,,,,,,,00-0034796,JackLa00,3916387,Lamar Jackson,1997-01-07,74.0,205.0,Louisville,2018.0,1.0,32.0,BAL,2018,9,13.0,0.0,0.0,0.0,0.0,,,,,,,,,,,,,,,,,,,,,,,,,2025.0,Lamar Jackson,BAL,28.0,QB,13.0,13.0,67.0,349.0,,24.0,257.0,3.8,92.0,1.4,7.0,9.6,2026-02-11,Lamar Jackson,BAL,302.0,10.0,2.0,13.0,4.5,53.0,18.3,2025.0,2.5,125.0,28.0,23.0,87.0,23.6,11.0,210.0,72.4,46.0,410.0,27.0,322.0,16.0,88.0,,,2663.0,8.8,1485.0,7.7,4.9,1064.0,5.5,30.0,7.3,2025.0,Regular,Season Total,BAL,L. Jackson,9.0,62.7,13.4,423.0,51.6,32.0,17.2,0.0,2.4,61.1,-16.3,Lamar,Jackson,Lamar Jackson,https://a.espncdn.com/i/headshots/nfl/players/full/3916387.png,Ravens,True,13,16.64,4.72,9,7,4
2025,C.J. Stroud,C.Stroud,00-0039163,HOU,QB,QB,21.0,14,208.54,14.895714285714286,208.54,0.0,0,0,0,0,0.0,0.0,0.0,48,209,1,273,423,3041,19,8,868.0,0.9121428571428571,0.24025345622119815,14.895714285714286,6.520944615722379,28.759999999999998,3,QB,"https://static.www.nfl.com/image/upload/f_auto,q_auto/league/tt4zrtxlhifaljhj0rn7",REG,23,-189,0,0,3405,1365,136,47.66119819357807,0.3576733524959878,0,0.8930983847283407,112,60,39,10,2,0,18,15.04224827406197,0,7,6,1,0,0,0,0,0,0,,0,0,0,0,0,,0,0,0,0,0,0,0,0.0,0.0,0,0,0,0,0,0,0,0,0,0,0,0,0,1,-11,0,0,0,2,17,0,2,0,2,0,0,0,0,0,0,0,0,0,,,0,0,0,0,0,0,0,0,0,0,0,0,,,,0,0,0,0,0,0,0,,0,0,0,0,,0,0,,0,0,0,0,0,0,0,0,0,0,C.Stroud,C.J. Stroud,QB,QB,"https://static.www.nfl.com/image/upload/f_auto,q_auto/league/tt4zrtxlhifaljhj0rn7",2025.0,POST,HOU,2.0,41.0,79.0,462.0,2.0,5.0,6.0,-25.0,2.0,2.0,701.0,179.0,21.0,-23.072812684092582,-12.025007953891507,0.0,0.6590584878744651,15.0,8.0,5.0,2.0,3.0,11.0,0.0,1.0,0.0,1.0,-0.22507088648853824,0.0,1.0,0.0,0.0,0.0,0.0,0.0,0.0,0.0,0.0,0.0,0.0,0.0,0.0,,0.0,0.0,0.0,0.0,0.0,,0.0,0.0,0.0,0.0,0.0,0.0,0.0,0.0,0.0,0.0,0.0,0.0,0.0,0.0,0.0,0.0,0.0,0.0,0.0,0.0,0.0,0.0,0.0,0.0,0.0,3.0,-5.0,0.0,0.0,0.0,0.0,0.0,2.0,3.0,0.0,5.0,2.0,0.0,0.0,0.0,0.0,0.0,0.0,0.0,0.0,,,0.0,0.0,0.0,0.0,0.0,0.0,0.0,0.0,0.0,0.0,0.0,0.0,,,,0.0,0.0,0.0,0.0,0.0,0.0,0.0,,0.0,0.0,0.0,0.0,,0.0,0.0,,0.0,0.0,0.0,0.0,0.0,0.0,0.0,0.0,0.0,0.0,13.580000000000002,13.580000000000002,00-0039163,StroCJ00,4432577,C.J. Stroud,2001-10-03,75.0,218.0,Ohio State,2023.0,1.0,2.0,HOU,2023,4,14.0,0.0,0.0,0.0,0.0,,,,,,,,,,,,,,,,,,,,,,,,,2025.0,CJ Stroud,HOU,24.0,QB,14.0,14.0,48.0,209.0,,18.0,182.0,3.8,27.0,0.6,0.0,,2026-02-11,C.J. Stroud,HOU,423.0,22.0,3.0,10.0,2.5,70.0,17.6,2025.0,2.4,132.0,43.0,35.0,101.0,21.4,10.0,297.0,74.6,18.0,166.0,17.0,166.0,0.0,0.0,,,3361.0,7.9,1676.0,6.1,4.0,1365.0,5.0,25.0,7.8,2025.0,Regular,Season Total,HOU,C.J. Stroud,11.0,61.7,17.2,519.0,63.5,51.9,7.8,0.0,3.8,61.5,-10.8,C.J.,Stroud,C.J. Stroud,https://a.espncdn.com/i/headshots/nfl/players/full/4432577.png,Texans,True,14,13.709999999999999,4.36,11,5,1
2025,Cam Ward,C.Ward,00-0040676,TEN,QB,QB,22.0,17,186.66,10.98,186.66,0.0,0,0,0,0,0.0,0.0,0.0,39,159,2,323,540,3169,15,7,1007.0,0.9464705882352941,0.18536246276067528,10.98,5.398444220328668,23.94,1,QB,"https://static.www.nfl.com/image/upload/f_auto,q_auto/league/l7switu6stlwd2irm8yo",REG,55,-410,9,7,3905,1547,153,-109.09375108860479,-2.9296753610781057,0,0.8115236875800256,125,58,40,3,1,0,15,8.494299830379816,0,6,3,1,0,0,0,0,0,0,,0,0,0,0,0,,0,0,0,0,0,0,0,0.0,0.0,0,0,0,0,0,0,0,0,0,0,0,0,0,1,-2,0,0,0,1,16,8,3,0,11,7,0,0,0,0,0,0,0,0,,,0,0,0,0,0,0,0,0,0,0,0,0,,,,0,0,0,0,0,0,0,,0,0,0,0,,0,0,,0,0,0,0,0,0,0,0,0,0,,,,,,,,,,,,,,,,,,,,,,,,,,,,,,,,,,,,,,,,,,,,,,,,,,,,,,,,,,,,,,,,,,,,,,,,,,,,,,,,,,,,,,,,,,,,,,,,,,,,,,,,,,,,,,,,,,,,,,,,,,,,,,,,,,,,,,,,,,,,,,,,,,,,00-0040676,WardCa00,4688380,Cam Ward,2002-05-25,74.0,219.0,Miami; Washington State; Incarnate Word,2025.0,1.0,1.0,TEN,2025,2,17.0,0.0,0.0,0.0,0.0,,,,,,,,,,,,,,,,,,,,,,,,,2025.0,Cam Ward,TEN,23.0,QB,17.0,17.0,39.0,159.0,,15.0,97.0,2.5,62.0,1.6,3.0,13.0,2026-02-11,Cam Ward,TEN,540.0,37.0,3.0,23.0,4.6,95.0,19.0,2025.0,2.4,138.0,67.0,50.0,172.0,27.8,14.0,363.0,72.6,60.0,308.0,53.0,297.0,3.0,11.0,,,3896.0,7.2,1622.0,5.0,3.0,1547.0,4.8,23.0,6.6,2025.0,Regular,Season Total,TEN,C. Ward,28.0,33.2,-38.5,672.0,22.7,16.5,6.2,0.0,0.0,30.8,-23.4,Cam,Ward,Cam Ward,https://a.espncdn.com/i/headshots/nfl/players/full/4688380.png,Titans,True,17,10.200000000000001,2.4800000000000004,9,4,0
2025,Brock Purdy,B.Purdy,00-0037834,SF,QB,QB,23.0,9,177.38,19.70888888888889,177.38,0.0,0,0,0,0,0.0,0.0,0.0,33,147,3,197,284,2167,20,10,576.0,0.9777777777777779,0.3079513888888889,19.70888888888889,10.294518498264557,36.92,3,QB,"https://static.www.nfl.com/image/upload/f_auto,q_auto/league/xs2fyj1sqdgwvt9ihbri",REG,11,-53,3,2,2158,849,130,63.129939116820545,7.228500856196179,1,1.0041705282669138,97,43,33,1,0,0,16,16.192089706484694,0,5,1,1,0,0,0,0,0,0,,0,0,0,0,0,,0,0,0,0,0,0,0,0.0,0.0,0,0,0,0,0,0,0,0,0,0,0,0,0,0,0,0,0,0,0,0,3,0,0,3,2,0,0,0,0,0,0,0,0,,,0,0,0,0,0,0,0,0,0,0,0,0,,,,0,0,0,0,0,0,0,,0,0,0,0,,0,0,,0,0,0,0,0,0,0,0,0,0,B.Purdy,Brock Purdy,QB,QB,"https://static.www.nfl.com/image/upload/f_auto,q_auto/league/xs2fyj1sqdgwvt9ihbri",2025.0,POST,SF,2.0,33.0,58.0,402.0,2.0,3.0,3.0,-21.0,1.0,1.0,449.0,223.0,22.0,-6.7794520821355455,-2.9181757798561683,0.0,0.8953229398663697,17.0,6.0,3.0,2.0,14.0,61.0,0.0,1.0,0.0,6.0,0.7001368412456941,0.0,1.0,1.0,0.0,0.0,0.0,0.0,0.0,0.0,0.0,0.0,0.0,0.0,0.0,,0.0,0.0,0.0,0.0,0.0,,0.0,0.0,0.0,0.0,0.0,0.0,0.0,0.0,0.0,0.0,0.0,0.0,0.0,0.0,0.0,0.0,0.0,0.0,0.0,0.0,0.0,0.0,0.0,0.0,0.0,0.0,0.0,0.0,0.0,0.0,0.0,0.0,2.0,0.0,1.0,2.0,1.0,0.0,0.0,0.0,0.0,0.0,0.0,0.0,0.0,,,0.0,0.0,0.0,0.0,0.0,0.0,0.0,0.0,0.0,0.0,0.0,0.0,,,,0.0,0.0,0.0,0.0,0.0,0.0,0.0,,0.0,0.0,0.0,0.0,,0.0,0.0,,0.0,0.0,0.0,0.0,0.0,0.0,0.0,0.0,0.0,0.0,22.180000000000003,22.180000000000003,00-0037834,PurdBr00,4361741,Brock Purdy,1999-12-27,73.0,220.0,Iowa State,2022.0,7.0,262.0,SF,2022,5,9.0,0.0,0.0,0.0,0.0,,,,,,,,,,,,,,,,,,,,,,,,,2025.0,Brock Purdy,SF,26.0,QB,9.0,9.0,33.0,147.0,,16.0,126.0,3.8,21.0,0.6,0.0,,2026-02-11,Brock Purdy,SF,284.0,15.0,0.0,9.0,3.3,33.0,12.3,2025.0,2.7,59.0,27.0,28.0,66.0,21.1,4.0,221.0,82.2,15.0,111.0,14.0,109.0,1.0,2.0,,,2126.0,7.5,1318.0,6.7,4.6,849.0,4.3,18.0,7.3,2025.0,Regular,Season Total,SF,B. Purdy,2.0,72.8,23.5,344.0,52.8,44.1,8.1,0.0,0.6,72.4,-4.1,Brock,Purdy,Brock Purdy,https://a.espncdn.com/i/headshots/nfl/players/full/4361741.png,49ers,True,9,17.66,5.18,7,7,3
2025,Geno Smith,G.Smith,00-0030565,LV,QB,QB,24.0,15,173.9,11.593333333333334,173.9,0.0,0,0,0,0,0.0,0.0,0.0,41,109,0,302,448,3025,19,17,863.0,0.9646666666666667,0.20150637311703362,11.593333333333334,7.288765000882883,26.259999999999998,2,QB,"https://static.www.nfl.com/image/upload/f_auto,q_auto/league/zppfqqcyjfma14jjif3a",REG,55,-405,3,1,2762,1713,148,-72.92140604885863,0.7071255871625705,1,1.0952208544532946,116,53,33,3,1,0,13,-1.6735542911628727,0,3,2,1,0,0,0,0,0,0,,0,0,0,0,0,,0,0,0,0,0,0,0,0.0,0.0,0,0,0,0,0,0,0,0,0,0,0,0,0,3,-2,0,0,0,1,13,3,1,0,4,1,0,0,0,0,0,0,0,0,,,0,0,0,0,0,0,0,0,0,0,0,0,,,,0,0,0,0,0,0,0,,0,0,0,0,,0,0,,0,0,0,0,0,0,0,0,0,0,,,,,,,,,,,,,,,,,,,,,,,,,,,,,,,,,,,,,,,,,,,,,,,,,,,,,,,,,,,,,,,,,,,,,,,,,,,,,,,,,,,,,,,,,,,,,,,,,,,,,,,,,,,,,,,,,,,,,,,,,,,,,,,,,,,,,,,,,,,,,,,,,,,,00-0030565,SmitGe00,15864,Geno Smith,1990-10-10,75.0,221.0,West Virginia,2013.0,2.0,39.0,NYJ,2013,14,15.0,0.0,0.0,0.0,0.0,,,,,,,,,,,,,,,,,,,,,,,,,2025.0,Geno Smith,LV,35.0,QB,15.0,15.0,41.0,109.0,,13.0,57.0,1.4,52.0,1.3,2.0,20.5,2026-02-11,Geno Smith,LV,448.0,16.0,2.0,15.0,3.5,49.0,11.4,2025.0,2.5,146.0,22.0,42.0,119.0,22.8,12.0,331.0,77.0,45.0,296.0,41.0,276.0,1.0,20.0,,,2713.0,6.1,1312.0,4.3,2.9,1713.0,5.7,18.0,6.1,2025.0,Regular,Season Total,LV,G. Smith,27.0,34.1,-28.7,575.0,24.0,20.5,0.9,0.0,2.6,33.0,-23.8,Geno,Smith,Geno Smith,https://a.espncdn.com/i/headshots/nfl/players/full/15864.png,Raiders,True,15,9.78,2.7800000000000002,7,3,2
2025,Tua Tagovailoa,T.Tagovailoa,00-0036212,MIA,QB,QB,25.0,14,160.70000000000002,11.47857142857143,160.70000000000002,0.0,0,0,0,0,0.0,0.0,0.0,20,43,0,260,384,2660,20,15,776.0,0.9542857142857143,0.2070876288659794,11.47857142857143,7.29722587662637,24.2,2,QB,"https://static.www.nfl.com/image/upload/f_auto,q_auto/league/tmm4ohds7qci0vqoobhm",REG,30,-195,1,1,2613,1417,142,14.395063419654823,2.020270698438815,1,1.0179869881362418,113,54,33,4,5,0,1,-7.469986862808041,0,0,0,0,0,0,0,0,0,0,,0,0,0,0,0,,0,0,0,0,0,0,0,0.0,0.0,0,0,0,0,0,0,0,0,0,0,0,0,0,4,-20,0,0,0,1,10,1,7,0,8,1,0,0,0,0,0,0,0,0,,,0,0,0,0,0,0,0,0,0,0,0,0,,,,0,0,0,0,0,0,0,,0,0,0,0,,0,0,,0,0,0,0,0,0,0,0,0,0,,,,,,,,,,,,,,,,,,,,,,,,,,,,,,,,,,,,,,,,,,,,,,,,,,,,,,,,,,,,,,,,,,,,,,,,,,,,,,,,,,,,,,,,,,,,,,,,,,,,,,,,,,,,,,,,,,,,,,,,,,,,,,,,,,,,,,,,,,,,,,,,,,,,00-0036212,TagoTu00,4241479,Tua Tagovailoa,1998-03-02,73.0,225.0,Alabama,2020.0,1.0,5.0,MIA,2020,7,14.0,0.0,0.0,0.0,0.0,,,,,,,,,,,,,,,,,,,,,,,,,2025.0,Tua Tagovailoa,MIA,27.0,QB,14.0,14.0,20.0,43.0,,1.0,40.0,2.0,3.0,0.2,0.0,,2026-02-11,Tua Tagovailoa,MIA,384.0,12.0,2.0,17.0,4.6,59.0,15.9,2025.0,2.3,85.0,48.0,15.0,93.0,21.9,5.0,285.0,77.0,43.0,220.0,41.0,220.0,0.0,0.0,,,2577.0,6.7,1243.0,4.8,3.2,1417.0,5.5,11.0,4.0,2025.0,Regular,Season Total,MIA,T. Tagovailoa,26.0,37.5,-17.5,461.0,24.0,32.7,-8.5,0.0,-0.2,36.9,-12.1,Tua,Tagovailoa,Tua Tagovailoa,https://a.espncdn.com/i/headshots/nfl/players/full/4241479.png,Dolphins,True,14,9.95,-1.4,7,5,0
2025,Tyler Shough,T.Shough,00-0040743,NO,QB,QB,26.0,11,157.96,14.360000000000001,157.96,0.0,0,0,0,0,0.0,0.0,0.0,45,186,3,221,327,2384,10,6,605.0,0.8345454545454545,0.2610909090909091,14.360000000000001,7.655215215785903,21.92,3,QB,"https://static.www.nfl.com/image/upload/f_auto,q_auto/league/toiafc7qighw86geo7jf",REG,31,-195,2,1,2708,1051,107,2.0599389443211926,1.6081743202512226,0,0.880354505169867,104,45,19,3,1,1,11,1.02317729410436,1,6,4,2,0,0,0,0,0,0,,0,0,0,0,0,,0,1,0,0,0,0,0,0.0,0.0,0,0,0,0,0,0,0,0,0,0,0,0,0,0,-2,0,0,0,0,0,2,1,0,3,2,0,0,0,0,0,0,0,0,,,0,0,0,0,0,0,0,0,0,0,0,0,,,,0,0,0,0,0,0,0,,0,0,0,0,,0,0,,0,0,0,0,0,0,0,0,0,0,,,,,,,,,,,,,,,,,,,,,,,,,,,,,,,,,,,,,,,,,,,,,,,,,,,,,,,,,,,,,,,,,,,,,,,,,,,,,,,,,,,,,,,,,,,,,,,,,,,,,,,,,,,,,,,,,,,,,,,,,,,,,,,,,,,,,,,,,,,,,,,,,,,,00-0040743,ShouTy00,4360689,Tyler Shough,1999-09-28,77.0,219.0,Louisville; Texas Tech; Oregon,2025.0,2.0,40.0,NO,2025,2,11.0,0.0,0.0,0.0,0.0,,,,,,,,,,,,,,,,,,,,,,,,,2025.0,Tyler Shough,NO,26.0,QB,11.0,9.0,45.0,186.0,,11.0,150.0,3.3,36.0,0.8,2.0,22.5,2026-02-11,Tyler Shough,NO,327.0,9.0,3.0,13.0,4.1,50.0,15.9,2025.0,2.2,73.0,28.0,15.0,74.0,19.6,8.0,241.0,76.5,39.0,225.0,26.0,191.0,9.0,34.0,,,2705.0,8.3,1333.0,6.0,4.1,1051.0,4.8,20.0,6.3,2025.0,Regular,Season Total,NO,T. Shough,21.0,48.8,1.9,420.0,37.6,30.7,6.0,0.0,0.9,51.6,-15.4,Tyler,Shough,Tyler Shough,https://a.espncdn.com/i/headshots/nfl/players/full/4360689.png,Saints,True,11,17.360000000000003,0.0,7,7,0
2025,Joe Flacco,J.Flacco,00-0026158,CIN,QB,QB,27.0,13,146.66,11.281538461538462,146.66,0.0,0,0,0,0,0.0,0.0,0.0,21,35,1,251,416,2479,15,10,690.0,0.7784615384615384,0.21255072463768115,11.281538461538462,10.56007721416992,30.699999999999996,3,QB,"https://static.www.nfl.com/image/upload/f_auto,q_auto/league/dre1d2f2d6dxqohzn5l2",REG,18,-118,3,3,3047,1165,115,-40.87212521742496,-2.8235056625746693,2,0.8135871348867739,97,53,25,2,0,0,9,5.423835171059308,0,2,2,0,0,0,0,0,0,0,,0,0,0,0,0,,0,0,0,0,0,0,0,0.0,0.0,0,0,0,0,0,0,0,0,0,0,0,0,0,0,0,0,0,0,1,10,3,0,0,3,3,0,0,0,0,0,0,0,0,,,0,0,0,0,0,0,0,0,0,0,0,0,,,,0,0,0,0,0,0,0,,0,0,0,0,,0,0,,0,0,0,0,0,0,0,0,0,0,,,,,,,,,,,,,,,,,,,,,,,,,,,,,,,,,,,,,,,,,,,,,,,,,,,,,,,,,,,,,,,,,,,,,,,,,,,,,,,,,,,,,,,,,,,,,,,,,,,,,,,,,,,,,,,,,,,,,,,,,,,,,,,,,,,,,,,,,,,,,,,,,,,,00-0026158,FlacJo00,11252,Joe Flacco,1985-01-16,78.0,245.0,Delaware; Pittsburgh,2008.0,1.0,18.0,BAL,2008,19,13.0,0.0,0.0,0.0,0.0,,,,,,,,,,,,,,,,,,,,,,,,,2025.0,Joe Flacco,2TM,40.0,QB,13.0,10.0,21.0,35.0,,9.0,31.0,1.5,4.0,0.2,0.0,,2026-02-11,Joe Flacco,2TM,416.0,27.0,4.0,19.0,4.9,63.0,16.4,2025.0,2.3,83.0,31.0,41.0,90.0,20.5,7.0,283.0,73.5,42.0,241.0,39.0,229.0,1.0,12.0,,,3042.0,7.3,1314.0,5.2,3.2,1165.0,4.6,4.0,7.5,2025.0,Regular,Season Total,CIN,J. Flacco,25.0,41.0,-8.7,481.0,35.1,29.8,3.2,0.0,2.1,43.6,-8.3,Joe,Flacco,Joe Flacco,https://a.espncdn.com/i/headshots/nfl/players/full/11252.png,Bengals,True,13,9.620000000000001,0.16,5,4,2
2025,Justin Fields,J.Fields,00-0036945,NYJ,QB,QB,28.0,9,142.66,15.851111111111111,142.66,0.0,0,1,0,0,0.00211864406779661,0.0017626321974148062,0.00441180863988528,71,383,4,128,204,1259,7,1,501.0,0.8977777777777778,0.284750499001996,15.851111111111111,10.795402313536588,29.520000000000003,4,QB,"https://static.www.nfl.com/image/upload/f_auto,q_auto/league/npjrombgxkc5vjkctcgy",REG,27,-192,2,1,1379,586,58,-22.451623025007635,-1.8688385634078193,3,0.9129804205946338,49,20,15,1,2,2,26,8.762813333588596,2,10,7,2,1,0,0,6,0,0,-0.8187713430379517,0,0,0,0,0,0.0,0,0,0,0,0,0,0,0.0,0.0,0,0,0,0,0,0,0,0,0,0,0,0,0,0,-4,0,0,0,1,10,3,1,0,4,3,0,0,0,0,0,0,0,0,,,0,0,0,0,0,0,0,0,0,0,0,0,,,,0,0,0,0,0,0,0,,0,0,0,0,,0,0,,0,0,0,0,0,0,0,0,0,0,,,,,,,,,,,,,,,,,,,,,,,,,,,,,,,,,,,,,,,,,,,,,,,,,,,,,,,,,,,,,,,,,,,,,,,,,,,,,,,,,,,,,,,,,,,,,,,,,,,,,,,,,,,,,,,,,,,,,,,,,,,,,,,,,,,,,,,,,,,,,,,,,,,,00-0036945,FielJu00,4362887,Justin Fields,1999-03-05,75.0,227.0,Ohio State,2021.0,1.0,11.0,CHI,2021,6,9.0,0.0,0.0,0.0,0.0,2025.0,Justin Fields,NYJ,26.0,QB,9.0,9.0,1.0,0.0,0.0,,0.0,0.0,,0.0,,6.0,0.0,,0.0,0.0,0.0,39.6,2026-02-11,2025.0,Justin Fields,NYJ,26.0,QB,9.0,9.0,71.0,383.0,,26.0,309.0,4.4,74.0,1.0,3.0,23.7,2026-02-11,Justin Fields,NYJ,204.0,8.0,2.0,11.0,5.7,25.0,12.9,2025.0,2.6,59.0,14.0,28.0,69.0,26.5,9.0,150.0,77.3,17.0,73.0,12.0,57.0,3.0,16.0,,,1385.0,6.8,673.0,5.3,3.3,586.0,4.6,29.0,8.6,,,,,,,,,,,,,,,,,,,,,,,9,19.34,3.9800000000000004,5,5,3
2025,Joe Burrow,J.Burrow,00-0036442,CIN,QB,QB,29.0,8,134.46,16.8075,134.46,0.0,0,0,0,0,0.0,0.0,0.0,14,41,0,173,259,1809,17,5,478.0,0.8775,0.28129707112970714,16.8075,8.579676567330496,28.96,4,QB,"https://static.www.nfl.com/image/upload/f_auto,q_auto/league/gnnvcgui1cijybukk2w7",REG,17,-113,0,0,1868,824,100,36.60709334252305,4.6542982120187055,0,0.9684154175588865,77,30,22,1,0,0,5,3.5651939742383547,0,0,0,0,0,0,0,0,0,0,,0,0,0,0,0,,0,0,0,0,0,0,0,0.0,0.0,0,0,0,0,0,0,0,0,0,0,0,0,0,0,0,0,0,0,0,0,0,0,0,0,0,0,0,0,0,0,0,0,0,,,0,0,0,0,0,0,0,0,0,0,0,0,,,,0,0,0,0,0,0,0,,0,0,0,0,,0,0,,0,0,0,0,0,0,0,0,0,0,,,,,,,,,,,,,,,,,,,,,,,,,,,,,,,,,,,,,,,,,,,,,,,,,,,,,,,,,,,,,,,,,,,,,,,,,,,,,,,,,,,,,,,,,,,,,,,,,,,,,,,,,,,,,,,,,,,,,,,,,,,,,,,,,,,,,,,,,,,,,,,,,,,,00-0036442,BurrJo01,3915511,Joe Burrow,1996-12-10,76.0,215.0,LSU; Ohio State,2020.0,1.0,1.0,CIN,2020,7,8.0,0.0,0.0,0.0,0.0,,,,,,,,,,,,,,,,,,,,,,,,,2025.0,Joe Burrow,CIN,29.0,QB,8.0,8.0,14.0,41.0,,5.0,40.0,2.9,1.0,0.1,0.0,,2026-02-11,Joe Burrow,CIN,259.0,11.0,0.0,9.0,3.6,28.0,11.3,2025.0,2.3,56.0,17.0,28.0,62.0,21.7,5.0,186.0,75.0,34.0,190.0,31.0,187.0,1.0,3.0,,,1856.0,7.2,985.0,5.7,3.8,824.0,4.8,10.0,3.8,2025.0,Regular,Season Total,CIN,J. Burrow,,63.0,9.6,318.0,38.0,34.1,1.2,0.0,2.6,60.6,-7.0,Joe,Burrow,Joe Burrow,https://a.espncdn.com/i/headshots/nfl/players/full/3915511.png,Bengals,False,8,19.82,5.5,5,5,1
2025,Mac Jones,M.Jones,00-0036972,SF,QB,QB,30.0,11,130.04000000000002,11.821818181818184,130.04000000000002,0.0,0,0,0,0,0.0,0.0,0.0,36,60,0,201,289,2151,13,6,546.0,0.7436363636363637,0.2381684981684982,11.82181818181818,9.285134159700458,23.06,3,QB,"https://static.www.nfl.com/image/upload/f_auto,q_auto/league/mbdwfwiuhl0ib5ajtmzq",REG,16,-108,3,2,2124,957,107,44.685120740480464,3.6785669249596356,1,1.0127118644067796,92,38,18,3,1,0,11,-5.267776353717169,0,3,2,0,0,0,0,0,0,0,,0,0,0,0,0,,0,1,0,0,0,0,0,0.0,0.0,0,0,0,0,0,0,0,0,0,0,0,0,0,1,0,0,0,0,1,10,3,1,0,4,2,0,0,0,0,0,0,0,0,,,0,0,0,0,0,0,0,0,0,0,0,0,,,,0,0,0,0,0,0,0,,0,0,0,0,,0,0,,0,0,0,0,0,0,0,0,0,0,M.Jones,Mac Jones,QB,QB,"https://static.www.nfl.com/image/upload/f_auto,q_auto/league/mbdwfwiuhl0ib5ajtmzq",2025.0,POST,SF,1.0,2.0,4.0,4.0,0.0,0.0,0.0,0.0,0.0,0.0,38.0,0.0,0.0,-2.639275725465268,-18.267618864774704,0.0,0.10526315789473684,0.0,0.0,0.0,0.0,1.0,7.0,0.0,0.0,0.0,1.0,1.341209875419736,0.0,0.0,0.0,0.0,0.0,0.0,0.0,0.0,0.0,0.0,0.0,0.0,0.0,0.0,,0.0,0.0,0.0,0.0,0.0,,0.0,0.0,0.0,0.0,0.0,0.0,0.0,0.0,0.0,0.0,0.0,0.0,0.0,0.0,0.0,0.0,0.0,0.0,0.0,0.0,0.0,0.0,0.0,0.0,0.0,0.0,0.0,0.0,0.0,0.0,0.0,0.0,0.0,0.0,0.0,0.0,0.0,0.0,0.0,0.0,0.0,0.0,0.0,0.0,0.0,,,0.0,0.0,0.0,0.0,0.0,0.0,0.0,0.0,0.0,0.0,0.0,0.0,,,,0.0,0.0,0.0,0.0,0.0,0.0,0.0,,0.0,0.0,0.0,0.0,,0.0,0.0,,0.0,0.0,0.0,0.0,0.0,0.0,0.0,0.0,0.0,0.0,0.8600000000000001,0.8600000000000001,00-0036972,JoneMa05,4241464,Mac Jones,1998-09-05,75.0,220.0,Alabama,2021.0,1.0,15.0,NE,2021,6,11.0,0.0,0.0,0.0,0.0,,,,,,,,,,,,,,,,,,,,,,,,,2025.0,Mac Jones,SF,27.0,QB,11.0,8.0,36.0,60.0,,11.0,42.0,1.2,18.0,0.5,1.0,36.0,2026-02-11,Mac Jones,SF,289.0,8.0,3.0,10.0,3.6,39.0,14.0,2025.0,2.4,52.0,15.0,25.0,56.0,17.9,6.0,220.0,79.1,22.0,157.0,19.0,162.0,1.0,-5.0,,,2124.0,7.3,1194.0,5.9,4.1,957.0,4.8,8.0,6.9,2025.0,Regular,Season Total,SF,M. Jones,10.0,62.3,12.1,344.0,42.6,38.9,3.2,0.0,0.6,62.2,-6.2,Mac,Jones,Mac Jones,https://a.espncdn.com/i/headshots/nfl/players/full/4241464.png,49ers,True,11,13.26,-0.30000000000000004,7,5,0
2025,Marcus Mariota,M.Mariota,00-0032268,WAS,QB,QB,31.0,10,125.5,12.55,125.5,0.0,0,0,0,0,0.0,0.0,0.0,50,297,1,139,227,1695,10,7,510.0,0.7454545454545454,0.246078431372549,12.55,8.219960800122806,23.259999999999998,2,QB,"https://static.www.nfl.com/image/upload/f_auto,q_auto/league/grx6m1fmu1odltjo3y31",REG,16,-107,3,1,2295,639,79,-3.8985720439669813,3.1971061655453274,1,0.738562091503268,70,39,22,5,3,2,12,6.695842331785926,0,9,7,4,1,0,0,0,0,0,,0,0,0,0,0,,0,0,0,0,0,0,0,0.0,0.0,0,0,0,0,0,0,0,0,0,0,0,0,0,0,0,0,0,0,3,30,6,0,1,6,3,0,0,0,0,0,0,0,0,,,0,0,0,0,0,0,0,0,0,0,0,0,,,,0,0,0,0,0,0,0,,0,0,0,0,,0,0,,0,0,0,0,0,0,0,0,0,0,,,,,,,,,,,,,,,,,,,,,,,,,,,,,,,,,,,,,,,,,,,,,,,,,,,,,,,,,,,,,,,,,,,,,,,,,,,,,,,,,,,,,,,,,,,,,,,,,,,,,,,,,,,,,,,,,,,,,,,,,,,,,,,,,,,,,,,,,,,,,,,,,,,,00-0032268,MariMa01,2576980,Marcus Mariota,1993-10-30,76.0,222.0,Oregon,2015.0,1.0,2.0,TEN,2015,12,11.0,0.0,0.0,0.0,0.0,,,,,,,,,,,,,,,,,,,,,,,,,2025.0,Marcus Mariota,WAS,32.0,QB,11.0,8.0,50.0,297.0,,12.0,265.0,5.3,32.0,0.6,0.0,,2026-02-11,Marcus Mariota,WAS,227.0,15.0,2.0,6.0,2.9,35.0,16.7,2025.0,2.4,72.0,12.0,23.0,51.0,19.5,2.0,157.0,74.8,60.0,471.0,45.0,389.0,11.0,82.0,,,2262.0,10.0,1056.0,7.6,4.7,639.0,4.6,18.0,9.1,,,,,,,,,,,,,,,,,,,,,,,10,15.079999999999998,-2.1,7,5,0
2025,J.J. McCarthy,J.McCarthy,00-0039923,MIN,QB,QB,32.0,10,125.38,12.538,125.38,0.0,0,0,0,0,0.0,0.0,0.0,37,181,4,140,243,1632,11,12,523.0,0.916,0.2397323135755258,12.538,8.450317285298949,23.5,3,QB,"https://static.www.nfl.com/image/upload/f_auto,q_auto/league/omybnfokapjw6jwb5dd3",REG,27,-149,2,2,2142,692,80,-54.1059147833337,-5.7238704704937815,1,0.7619047619047619,69,38,20,3,3,0,12,6.803706625883933,0,8,5,1,0,0,0,0,0,0,,0,0,0,0,0,,0,0,0,0,0,0,0,0.0,0.0,0,0,0,0,0,0,0,0,0,0,0,0,0,4,-5,0,0,0,2,20,2,4,0,6,2,0,0,0,0,0,0,0,0,,,0,0,0,0,0,0,0,0,0,0,0,0,,,,0,0,0,0,0,0,0,,0,0,0,0,,0,0,,0,0,0,0,0,0,0,0,0,0,,,,,,,,,,,,,,,,,,,,,,,,,,,,,,,,,,,,,,,,,,,,,,,,,,,,,,,,,,,,,,,,,,,,,,,,,,,,,,,,,,,,,,,,,,,,,,,,,,,,,,,,,,,,,,,,,,,,,,,,,,,,,,,,,,,,,,,,,,,,,,,,,,,,00-0039923,McCaJJ00,4433970,J.J. McCarthy,2003-01-20,75.0,219.0,Michigan,2024.0,1.0,10.0,MIN,2024,3,10.0,0.0,0.0,0.0,0.0,,,,,,,,,,,,,,,,,,,,,,,,,2025.0,JJ McCarthy,MIN,22.0,QB,10.0,10.0,37.0,181.0,,12.0,118.0,3.2,63.0,1.7,5.0,7.4,2026-02-11,J.J. McCarthy,MIN,243.0,4.0,0.0,12.0,5.0,51.0,21.3,2025.0,2.5,70.0,10.0,39.0,76.0,26.5,16.0,159.0,66.5,20.0,123.0,13.0,84.0,4.0,39.0,,,2166.0,8.9,940.0,6.7,3.9,692.0,4.9,17.0,9.2,,,,,,,,,,,,,,,,,,,,,,,10,11.52,0.48,5,4,0
2025,Michael Penix Jr.,M.Penix,00-0039917,ATL,QB,QB,33.0,9,120.28,13.364444444444445,120.28,0.0,0,0,0,0,0.0,0.0,0.0,21,70,1,166,276,1982,9,3,553.0,0.9322222222222223,0.21750452079566004,13.364444444444445,7.291754094713958,24.02,2,QB,"https://static.www.nfl.com/image/upload/f_auto,q_auto/league/mip4kogkqxwkkya6mvmh",REG,13,-101,3,2,2300,888,99,5.139894674856957,-3.6196675941799628,1,0.8617391304347826,87,42,26,5,1,0,5,7.111840018449584,0,2,2,0,0,0,0,0,0,0,,0,0,0,0,0,,0,0,0,0,0,0,0,0.0,0.0,0,0,0,0,0,0,0,0,0,0,0,0,0,2,-4,0,0,0,3,38,3,1,0,4,2,0,0,0,0,0,0,0,0,,,0,0,0,0,0,0,0,0,0,0,0,0,,,,0,0,0,0,0,0,0,,0,0,0,0,,0,0,,0,0,0,0,0,0,0,0,0,0,,,,,,,,,,,,,,,,,,,,,,,,,,,,,,,,,,,,,,,,,,,,,,,,,,,,,,,,,,,,,,,,,,,,,,,,,,,,,,,,,,,,,,,,,,,,,,,,,,,,,,,,,,,,,,,,,,,,,,,,,,,,,,,,,,,,,,,,,,,,,,,,,,,,00-0039917,PeniMi00,4360423,Michael Penix Jr.,2000-05-08,75.0,220.0,Washington; Indiana,2024.0,1.0,8.0,ATL,2024,3,9.0,0.0,0.0,0.0,0.0,,,,,,,,,,,,,,,,,,,,,,,,,2025.0,Michael Penix,ATL,25.0,QB,9.0,9.0,21.0,70.0,,5.0,64.0,3.0,6.0,0.3,0.0,,2026-02-11,Michael Penix,ATL,276.0,14.0,0.0,10.0,3.8,63.0,24.0,2025.0,2.4,70.0,19.0,18.0,50.0,16.6,3.0,191.0,72.9,19.0,144.0,18.0,144.0,0.0,0.0,,,2314.0,8.4,1094.0,6.6,4.0,888.0,5.3,13.0,5.9,2025.0,Regular,Season Total,ATL,M. Penix Jr.,,57.9,7.8,330.0,38.6,32.8,5.5,0.0,0.3,58.3,-6.3,Michael,Penix Jr.,Michael Penix Jr.,https://a.espncdn.com/i/headshots/nfl/players/full/4360423.png,Falcons,False,9,12.24,3.78,6,3,0
2025,Jayden Daniels,J.Daniels,00-0039910,WAS,QB,QB,34.0,7,114.28,16.325714285714287,114.28,0.0,0,0,0,0,0.0,0.0,0.0,58,278,2,114,188,1262,8,3,405.0,0.9028571428571429,0.28217283950617283,16.325714285714287,6.364293249955455,21.639999999999997,2,QB,"https://static.www.nfl.com/image/upload/f_auto,q_auto/league/gfz8k5onuqjrche9ogqc",REG,18,-79,2,1,1390,577,59,-4.776996021824436,-2.7290871259809912,1,0.9079136690647482,51,21,14,2,1,1,14,1.7482305980375967,0,8,7,0,0,0,0,0,0,0,,0,0,0,0,0,,0,1,0,0,0,0,0,0.0,0.0,0,0,0,0,0,0,0,0,0,0,0,0,0,1,-4,0,0,0,2,20,1,2,0,3,2,0,0,0,0,0,0,0,0,,,0,0,0,0,0,0,0,0,0,0,0,0,,,,0,0,0,0,0,0,0,,0,0,0,0,,0,0,,0,0,0,0,0,0,0,0,0,0,,,,,,,,,,,,,,,,,,,,,,,,,,,,,,,,,,,,,,,,,,,,,,,,,,,,,,,,,,,,,,,,,,,,,,,,,,,,,,,,,,,,,,,,,,,,,,,,,,,,,,,,,,,,,,,,,,,,,,,,,,,,,,,,,,,,,,,,,,,,,,,,,,,,00-0039910,DaniJa02,4426348,Jayden Daniels,2000-12-18,76.0,210.0,LSU; Arizona State,2024.0,1.0,2.0,WAS,2024,3,7.0,0.0,0.0,0.0,0.0,,,,,,,,,,,,,,,,,,,,,,,,,2025.0,Jayden Daniels,WAS,25.0,QB,7.0,7.0,58.0,278.0,,14.0,167.0,2.9,111.0,1.9,4.0,14.5,2026-02-11,Jayden Daniels,WAS,188.0,12.0,2.0,12.0,6.9,26.0,14.9,2025.0,2.3,61.0,12.0,11.0,41.0,16.7,4.0,133.0,76.4,48.0,357.0,32.0,278.0,14.0,79.0,,,1354.0,7.2,685.0,6.0,3.6,577.0,5.1,39.0,6.5,,,,,,,,,,,,,,,,,,,,,,,7,17.740000000000002,2.72,6,6,0
2025,Kirk Cousins,K.Cousins,00-0029604,ATL,QB,QB,35.0,10,103.54,10.354000000000001,103.54,0.0,0,0,0,0,0.0,0.0,0.0,14,7,1,166,269,1721,10,5,543.0,0.861,0.19068139963167588,10.354000000000001,8.028665587201345,26.92,1,QB,"https://static.www.nfl.com/image/upload/f_auto,q_auto/league/za7cynvpwlsro1tsaijk",REG,13,-79,2,0,1870,983,86,-0.9307982777623006,-2.7993222954226473,0,0.9203208556149732,69,33,21,3,1,1,4,-2.4924185620911885,0,0,0,0,0,0,0,0,0,0,,0,0,0,0,0,,0,0,0,0,0,0,0,0.0,0.0,0,0,0,0,0,0,0,0,0,0,0,0,0,1,-1,0,0,0,2,23,2,1,0,3,1,0,0,0,0,0,0,0,0,,,0,0,0,0,0,0,0,0,0,0,0,0,,,,0,0,0,0,0,0,0,,0,0,0,0,,0,0,,0,0,0,0,0,0,0,0,0,0,,,,,,,,,,,,,,,,,,,,,,,,,,,,,,,,,,,,,,,,,,,,,,,,,,,,,,,,,,,,,,,,,,,,,,,,,,,,,,,,,,,,,,,,,,,,,,,,,,,,,,,,,,,,,,,,,,,,,,,,,,,,,,,,,,,,,,,,,,,,,,,,,,,,00-0029604,CousKi00,14880,Kirk Cousins,1988-08-19,75.0,209.0,Michigan State,2012.0,4.0,102.0,WAS,2012,15,10.0,0.0,0.0,0.0,0.0,,,,,,,,,,,,,,,,,,,,,,,,,2025.0,Kirk Cousins,ATL,37.0,QB,10.0,8.0,14.0,7.0,,4.0,3.0,0.2,4.0,0.3,0.0,,2026-02-11,Kirk Cousins,ATL,269.0,12.0,3.0,12.0,4.7,41.0,16.1,2025.0,2.4,70.0,17.0,31.0,61.0,21.5,3.0,183.0,72.0,3.0,11.0,3.0,11.0,0.0,0.0,,,1875.0,7.0,738.0,4.4,2.7,983.0,5.9,2.0,4.0,,,,,,,,,,,,,,,,,,,,,,,10,9.169999999999998,1.16,4,2,1
2025,Spencer Rattler,S.Rattler,00-0039376,NO,QB,QB,36.0,9,99.14,11.015555555555556,98.14,1.0,1,2,0,0,0.0035398230088495575,0.0008355964069354502,0.005894651998129151,31,167,0,174,257,1586,8,5,490.0,0.8166666666666667,0.2023265306122449,11.015555555555556,6.5246668710193765,21.68,1,QB,"https://static.www.nfl.com/image/upload/f_auto,q_auto/league/gcgmcf4kex3jsl4rlrng",REG,18,-104,3,1,2030,642,74,-21.49794801793607,2.356776996534698,0,0.7812807881773399,58,18,13,3,1,1,17,8.639880268587266,0,5,2,0,0,0,0,4,0,0,-5.092498946818523,0,0,0,0,0,0.0,0,1,0,0,0,0,0,0.0,0.0,0,0,0,0,0,0,0,0,0,0,0,0,0,0,0,0,0,0,2,21,4,0,0,4,2,0,0,0,0,0,0,0,0,,,0,0,0,0,0,0,0,0,0,0,0,0,,,,0,0,0,0,0,0,0,,0,0,0,0,,0,0,,0,0,0,0,0,0,0,0,0,0,,,,,,,,,,,,,,,,,,,,,,,,,,,,,,,,,,,,,,,,,,,,,,,,,,,,,,,,,,,,,,,,,,,,,,,,,,,,,,,,,,,,,,,,,,,,,,,,,,,,,,,,,,,,,,,,,,,,,,,,,,,,,,,,,,,,,,,,,,,,,,,,,,,,00-0039376,RattSp00,4426339,Spencer Rattler,2000-09-28,72.0,211.0,South Carolina; Oklahoma,2024.0,5.0,150.0,NO,2024,3,9.0,0.0,0.0,0.0,0.0,2025.0,Spencer Rattler,NO,25.0,QB,9.0,8.0,2.0,1.0,0.0,,0.0,0.0,0.0,0.0,0.0,2.0,0.0,,0.0,0.0,1.0,16.7,2026-02-11,2025.0,Spencer Rattler,NO,25.0,QB,9.0,8.0,31.0,167.0,,17.0,107.0,3.5,60.0,1.9,4.0,7.8,2026-02-11,Spencer Rattler,NO,257.0,9.0,3.0,11.0,4.5,27.0,11.0,2025.0,2.2,62.0,19.0,14.0,51.0,17.5,3.0,183.0,74.7,52.0,343.0,41.0,300.0,10.0,43.0,,,2030.0,7.9,944.0,5.4,3.7,642.0,3.7,16.0,7.1,,,,,,,,,,,,,,,,,,,,,,,9,11.46,0.0,7,2,0
2025,Shedeur Sanders,S.Sanders,00-0040668,CLE,QB,QB,37.0,8,84.9,10.6125,84.9,0.0,0,0,0,0,0.0,0.0,0.0,21,169,1,120,212,1400,7,10,428.0,0.91625,0.19836448598130843,10.6125,9.922268965744246,33.46,1,QB,"https://static.www.nfl.com/image/upload/f_auto,q_auto/league/joe08hz6to2madpko8zl",REG,23,-164,2,1,1525,830,54,-59.30007444472816,-4.999649264873603,0,0.9180327868852459,51,27,17,7,0,0,7,9.783345587217017,0,7,6,0,0,0,0,0,0,0,,0,0,0,0,0,,0,0,0,1,0,0,0,0.0,0.0,0,0,0,0,0,0,0,0,0,0,0,0,0,0,0,0,0,0,4,44,2,0,0,2,1,0,0,0,0,0,0,0,0,,,0,0,0,0,0,0,0,0,0,0,0,0,,,,0,0,0,0,0,0,0,,0,0,0,0,,0,0,,0,0,0,0,0,0,0,0,0,0,,,,,,,,,,,,,,,,,,,,,,,,,,,,,,,,,,,,,,,,,,,,,,,,,,,,,,,,,,,,,,,,,,,,,,,,,,,,,,,,,,,,,,,,,,,,,,,,,,,,,,,,,,,,,,,,,,,,,,,,,,,,,,,,,,,,,,,,,,,,,,,,,,,,00-0040668,SandSh00,4432762,Shedeur Sanders,2002-02-07,74.0,212.0,Colorado; Jackson State University,2025.0,5.0,144.0,CLE,2025,2,8.0,0.0,0.0,0.0,0.0,,,,,,,,,,,,,,,,,,,,,,,,,2025.0,Shedeur Sanders,CLE,23.0,QB,8.0,7.0,21.0,169.0,,7.0,115.0,5.5,54.0,2.6,1.0,21.0,2026-02-11,Shedeur Sanders,CLE,212.0,18.0,0.0,6.0,3.1,35.0,18.0,2025.0,2.6,53.0,34.0,45.0,102.0,40.3,7.0,135.0,69.6,29.0,185.0,27.0,165.0,2.0,20.0,,,1523.0,7.2,570.0,4.8,2.7,830.0,6.9,18.0,9.3,,,,,,,,,,,,,,,,,,,,,,,8,9.850000000000001,1.4800000000000002,4,1,1
2025,Kyler Murray,K.Murray,00-0035228,ARI,QB,QB,38.0,5,77.78,15.556000000000001,77.78,0.0,0,0,0,0,0.0,0.0,0.0,29,173,1,110,161,962,6,3,318.0,0.9879999999999999,0.24459119496855347,15.556000000000001,1.7790671713007356,18.32,0,QB,"https://static.www.nfl.com/image/upload/f_auto,q_auto/league/btfruyf33adgnjzpcuen",REG,16,-111,0,0,941,545,50,5.720591125738409,-0.5287806509406703,0,1.022316684378321,39,17,7,2,1,1,10,4.088747776171658,0,6,4,2,0,0,0,0,0,0,,0,0,0,0,0,,0,0,0,0,0,0,0,0.0,0.0,0,0,0,0,0,0,0,0,0,0,0,0,0,0,-4,0,0,0,2,22,0,1,0,1,1,0,0,0,0,0,0,0,0,,,0,0,0,0,0,0,0,0,0,0,0,0,,,,0,0,0,0,0,0,0,,0,0,0,0,,0,0,,0,0,0,0,0,0,0,0,0,0,,,,,,,,,,,,,,,,,,,,,,,,,,,,,,,,,,,,,,,,,,,,,,,,,,,,,,,,,,,,,,,,,,,,,,,,,,,,,,,,,,,,,,,,,,,,,,,,,,,,,,,,,,,,,,,,,,,,,,,,,,,,,,,,,,,,,,,,,,,,,,,,,,,,00-0035228,MurrKy00,3917315,Kyler Murray,1997-08-07,70.0,207.0,Oklahoma; Texas A&M,2019.0,1.0,1.0,ARI,2019,8,5.0,0.0,0.0,0.0,0.0,,,,,,,,,,,,,,,,,,,,,,,,,2025.0,Kyler Murray,ARI,28.0,QB,5.0,5.0,29.0,173.0,,10.0,130.0,4.5,43.0,1.5,2.0,14.5,2026-02-11,Kyler Murray,ARI,161.0,4.0,0.0,5.0,3.2,25.0,15.9,2025.0,2.3,35.0,7.0,9.0,32.0,16.5,7.0,118.0,75.2,26.0,160.0,17.0,122.0,8.0,38.0,,,951.0,5.9,417.0,3.8,2.6,545.0,5.0,17.0,8.9,,,,,,,,,,,,,,,,,,,,,,,5,15.3,14.0,5,3,0
2025,Carson Wentz,C.Wentz,00-0032950,MIN,QB,QB,39.0,5,70.34,14.068000000000001,70.34,0.0,0,0,0,0,0.0,0.0,0.0,11,57,0,110,169,1216,6,5,300.0,0.932,0.23446666666666668,14.068000000000001,5.005668786485978,21.2,1,QB,"https://static.www.nfl.com/image/upload/f_auto,q_auto/league/vuolixdvigc8axelug66",REG,19,-125,2,0,1288,573,58,6.300602965152776,1.1112414902041416,1,0.9440993788819876,51,22,15,2,1,0,3,-3.248268716096775,0,3,2,0,0,0,0,0,0,0,,0,0,0,0,0,,0,0,0,0,0,0,0,0.0,0.0,0,0,0,0,0,0,0,0,0,0,0,0,0,2,-8,0,0,0,2,26,2,1,1,3,0,0,0,0,0,0,0,0,0,,,0,0,0,0,0,0,0,0,0,0,0,0,,,,0,0,0,0,0,0,0,,0,0,0,0,,0,0,,0,0,0,0,0,0,0,0,0,0,,,,,,,,,,,,,,,,,,,,,,,,,,,,,,,,,,,,,,,,,,,,,,,,,,,,,,,,,,,,,,,,,,,,,,,,,,,,,,,,,,,,,,,,,,,,,,,,,,,,,,,,,,,,,,,,,,,,,,,,,,,,,,,,,,,,,,,,,,,,,,,,,,,,00-0032950,WentCa00,2573079,Carson Wentz,1992-12-30,77.0,237.0,North Dakota State,2016.0,1.0,2.0,PHI,2016,11,5.0,0.0,0.0,0.0,0.0,,,,,,,,,,,,,,,,,,,,,,,,,2025.0,Carson Wentz,MIN,33.0,QB,5.0,5.0,11.0,57.0,,3.0,31.0,2.8,26.0,2.4,1.0,11.0,2026-02-11,Carson Wentz,MIN,169.0,7.0,1.0,2.0,1.2,32.0,19.9,2025.0,2.3,43.0,13.0,15.0,47.0,23.9,3.0,119.0,73.9,18.0,155.0,15.0,127.0,3.0,28.0,,,1302.0,7.7,644.0,5.9,3.8,572.0,5.2,9.0,6.3,,,,,,,,,,,,,,,,,,,,,,,5,14.74,7.76,4,2,0
2025,Dillon Gabriel,D.Gabriel,00-0040704,CLE,QB,QB,40.0,10,70.08,7.008,70.08,0.0,0,0,0,0,0.0,0.0,0.0,14,86,0,110,185,937,7,2,372.0,0.562,0.18838709677419355,7.008,7.054569519900638,20.08,1,QB,"https://static.www.nfl.com/image/upload/f_auto,q_auto/league/szpyvusef9jvoctbnkbk",REG,19,-127,0,0,1078,500,45,-44.89784183595683,-7.507056821117085,0,0.8692022263450835,39,20,10,0,0,0,4,0.42800254124449566,0,3,3,0,0,0,0,0,0,0,,0,0,0,0,0,,0,0,0,1,0,0,0,0.0,0.0,0,0,0,0,0,0,0,0,0,0,0,0,0,0,0,0,0,0,1,2,0,0,0,0,0,0,0,0,0,0,0,0,0,,,0,0,0,0,0,0,0,0,0,0,0,0,,,,0,0,0,0,0,0,0,,0,0,0,0,,0,0,,0,0,0,0,0,0,0,0,0,0,,,,,,,,,,,,,,,,,,,,,,,,,,,,,,,,,,,,,,,,,,,,,,,,,,,,,,,,,,,,,,,,,,,,,,,,,,,,,,,,,,,,,,,,,,,,,,,,,,,,,,,,,,,,,,,,,,,,,,,,,,,,,,,,,,,,,,,,,,,,,,,,,,,,00-0040704,GabrDi00,4427238,Dillon Gabriel,2000-12-28,71.0,205.0,Oregon; Oklahoma; UCF,2025.0,3.0,94.0,CLE,2025,2,10.0,0.0,0.0,0.0,0.0,,,,,,,,,,,,,,,,,,,,,,,,,2025.0,Dillon Gabriel,CLE,25.0,QB,10.0,6.0,14.0,86.0,,4.0,72.0,5.1,14.0,1.0,1.0,14.0,2026-02-11,Dillon Gabriel,CLE,185.0,3.0,1.0,11.0,6.1,35.0,19.3,2025.0,2.3,59.0,13.0,11.0,43.0,20.0,4.0,128.0,70.7,17.0,101.0,15.0,103.0,2.0,-2.0,,,1079.0,5.8,437.0,4.0,2.4,500.0,4.5,11.0,8.1,,,,,,,,,,,,,,,,,,,,,,,10,5.3,0.0,3,2,0
2025,Davis Mills,D.Mills,00-0036898,HOU,QB,QB,41.0,6,68.6,11.433333333333332,68.6,0.0,0,0,0,0,0.0,0.0,0.0,13,60,1,91,159,915,5,1,292.0,0.705,0.23493150684931505,11.433333333333332,10.069618993123159,27.68,1,QB,"https://static.www.nfl.com/image/upload/f_auto,q_auto/league/jh9e97vjzmeafx8jz0sn",REG,8,-60,0,0,1360,269,48,-16.755250391262173,-6.613421734226377,1,0.6727941176470589,36,18,9,1,1,0,2,-0.8478320855209603,0,3,2,0,0,0,0,0,0,0,,0,0,0,0,0,,0,0,0,0,0,0,0,0.0,0.0,0,0,0,0,0,0,0,0,0,0,0,0,0,0,-5,0,0,0,0,0,0,1,0,1,0,0,0,0,0,0,0,0,0,,,0,0,0,0,0,0,0,0,0,0,0,0,,,,0,0,0,0,0,0,0,,0,0,0,0,,0,0,,0,0,0,0,0,0,0,0,0,0,,,,,,,,,,,,,,,,,,,,,,,,,,,,,,,,,,,,,,,,,,,,,,,,,,,,,,,,,,,,,,,,,,,,,,,,,,,,,,,,,,,,,,,,,,,,,,,,,,,,,,,,,,,,,,,,,,,,,,,,,,,,,,,,,,,,,,,,,,,,,,,,,,,,00-0036898,MillDa02,4242546,Davis Mills,1998-10-21,76.0,225.0,Stanford,2021.0,3.0,67.0,HOU,2021,6,6.0,0.0,0.0,0.0,0.0,,,,,,,,,,,,,,,,,,,,,,,,,2025.0,Davis Mills,HOU,27.0,QB,6.0,3.0,13.0,60.0,,2.0,50.0,3.8,10.0,0.8,0.0,,2026-02-11,Davis Mills,HOU,159.0,6.0,0.0,9.0,5.9,29.0,19.0,2025.0,2.2,51.0,8.0,12.0,28.0,16.0,3.0,108.0,70.6,7.0,15.0,7.0,15.0,0.0,0.0,,,1280.0,8.1,646.0,7.1,4.1,269.0,3.0,8.0,7.9,,,,,,,,,,,,,,,,,,,,,,,6,10.350000000000001,1.2200000000000002,3,2,1
2025,Tyrod Taylor,T.Taylor,00-0028118,NYJ,QB,QB,42.0,6,59.459999999999994,9.909999999999998,59.459999999999994,0.0,0,0,0,0,0.0,0.0,0.0,27,143,1,80,134,779,5,5,251.0,0.6699999999999999,0.23689243027888443,9.91,8.744980274420293,21.28,1,QB,"https://static.www.nfl.com/image/upload/f_auto,q_auto/league/whpztm9akd7yefplp37r",REG,14,-82,1,1,1145,331,41,-13.314910775482884,-0.8776028794566477,0,0.6803493449781659,30,9,6,2,0,0,10,5.413244476954398,0,5,3,0,0,0,0,0,0,0,,0,0,0,0,0,,0,0,0,0,0,0,0,0.0,0.0,0,0,0,0,0,0,0,0,0,0,0,0,0,0,0,0,0,0,0,0,1,0,0,1,1,0,0,0,0,0,0,0,0,,,0,0,0,0,0,0,0,0,0,0,0,0,,,,0,0,0,0,0,0,0,,0,0,0,0,,0,0,,0,0,0,0,0,0,0,0,0,0,,,,,,,,,,,,,,,,,,,,,,,,,,,,,,,,,,,,,,,,,,,,,,,,,,,,,,,,,,,,,,,,,,,,,,,,,,,,,,,,,,,,,,,,,,,,,,,,,,,,,,,,,,,,,,,,,,,,,,,,,,,,,,,,,,,,,,,,,,,,,,,,,,,,00-0028118,TaylTy00,14163,Tyrod Taylor,1989-08-03,73.0,217.0,Virginia Tech,2011.0,6.0,180.0,BAL,2011,16,6.0,0.0,0.0,0.0,0.0,,,,,,,,,,,,,,,,,,,,,,,,,2025.0,Tyrod Taylor,NYJ,36.0,QB,6.0,4.0,27.0,143.0,,10.0,114.0,4.2,29.0,1.1,1.0,27.0,2026-02-11,Tyrod Taylor,NYJ,134.0,7.0,1.0,12.0,9.5,17.0,13.5,2025.0,2.4,50.0,15.0,16.0,45.0,26.5,6.0,92.0,73.0,7.0,62.0,3.0,51.0,4.0,11.0,,,1150.0,8.6,448.0,5.6,3.3,331.0,4.1,22.0,6.4,2025.0,Regular,Season Total,NYJ,T. Taylor,,50.9,1.3,184.0,16.6,10.2,5.7,0.0,0.6,52.6,-3.9,Tyrod,Taylor,Tyrod Taylor,https://a.espncdn.com/i/headshots/nfl/players/full/14163.png,Jets,False,6,10.56,-1.76,3,2,0
2025,Malik Willis,M.Willis,00-0038128,GB,QB,QB,43.0,4,51.18,12.795,51.18,0.0,0,0,0,0,0.0,0.0,0.0,22,123,2,30,35,422,3,0,98.0,0.4225,0.5222448979591837,12.794999999999998,13.520378446379867,31.519999999999996,1,QB,"https://static.www.nfl.com/image/upload/f_auto,q_auto/league/txvgdbwbryzyyqq6gfet",REG,3,-15,0,0,354,126,19,28.084425085735287,21.984904323305404,0,1.192090395480226,14,9,9,1,2,1,9,1.0631115740658634,0,7,4,1,0,0,0,0,0,0,,0,0,0,0,0,,0,0,0,0,0,0,0,0.0,0.0,0,0,0,0,0,0,0,0,0,0,0,0,0,0,-4,0,0,0,0,0,0,2,0,2,1,0,0,0,0,0,0,0,0,,,0,0,0,0,0,0,0,0,0,0,0,0,,,,0,0,0,0,0,0,0,,0,0,0,0,,0,0,,0,0,0,0,0,0,0,0,0,0,,,,,,,,,,,,,,,,,,,,,,,,,,,,,,,,,,,,,,,,,,,,,,,,,,,,,,,,,,,,,,,,,,,,,,,,,,,,,,,,,,,,,,,,,,,,,,,,,,,,,,,,,,,,,,,,,,,,,,,,,,,,,,,,,,,,,,,,,,,,,,,,,,,,00-0038128,WillMa12,4242512,Malik Willis,1999-05-25,73.0,225.0,Liberty; Auburn,2022.0,3.0,86.0,TEN,2022,5,4.0,0.0,0.0,0.0,0.0,,,,,,,,,,,,,,,,,,,,,,,,,2025.0,Malik Willis,GB,26.0,QB,4.0,1.0,22.0,123.0,,9.0,100.0,4.5,23.0,1.0,0.0,,2026-02-11,Malik Willis,GB,35.0,0.0,0.0,2.0,5.7,2.0,5.7,2025.0,2.5,8.0,0.0,2.0,5.0,10.9,0.0,32.0,91.4,6.0,101.0,4.0,72.0,2.0,29.0,,,354.0,10.1,296.0,9.9,8.5,126.0,4.2,8.0,6.9,2025.0,Regular,Season Total,GB,M. Willis,,93.1,11.3,59.0,16.4,10.1,6.1,0.0,0.2,93.7,-1.1,Malik,Willis,Malik Willis,https://a.espncdn.com/i/headshots/nfl/players/full/4242512.png,Packers,False,4,9.54,0.5800000000000001,2,1,1
2025,Russell Wilson,R.Wilson,00-0029263,NYG,QB,QB,44.0,6,49.84,8.306666666666667,49.84,0.0,0,0,0,0,0.0,0.0,0.0,18,106,0,69,119,831,3,3,220.0,0.5433333333333333,0.22654545454545455,8.306666666666667,11.513926639798722,30.3,1,QB,"https://static.www.nfl.com/image/upload/f_auto,q_auto/league/vkstxj0evgkjiycu4glc",REG,10,-66,2,0,1058,376,32,-15.666261939590669,-1.4799695769581227,0,0.7854442344045368,29,15,13,4,1,0,6,-1.2863639157300102,0,4,3,0,0,0,0,0,0,0,,0,0,0,0,0,,0,0,0,0,0,0,0,0.0,0.0,0,0,0,0,0,0,0,0,0,0,0,0,0,2,0,0,0,0,1,10,2,1,1,3,0,0,0,0,0,0,0,0,0,,,0,0,0,0,0,0,0,0,0,0,0,0,,,,0,0,0,0,0,0,0,,0,0,0,0,,0,0,,0,0,0,0,0,0,0,0,0,0,,,,,,,,,,,,,,,,,,,,,,,,,,,,,,,,,,,,,,,,,,,,,,,,,,,,,,,,,,,,,,,,,,,,,,,,,,,,,,,,,,,,,,,,,,,,,,,,,,,,,,,,,,,,,,,,,,,,,,,,,,,,,,,,,,,,,,,,,,,,,,,,,,,,00-0029263,WilsRu00,14881,Russell Wilson,1988-11-29,71.0,206.0,Wisconsin; N.C. State,2012.0,3.0,75.0,SEA,2012,14,6.0,0.0,0.0,0.0,0.0,,,,,,,,,,,,,,,,,,,,,,,,,2025.0,Russell Wilson,NYG,37.0,QB,6.0,3.0,18.0,106.0,,6.0,91.0,5.1,15.0,0.8,0.0,,2026-02-11,Russell Wilson,NYG,119.0,12.0,0.0,4.0,3.7,22.0,20.6,2025.0,2.3,27.0,11.0,15.0,36.0,25.5,6.0,75.0,70.1,5.0,18.0,4.0,19.0,1.0,-1.0,,,1006.0,8.5,455.0,6.6,3.8,376.0,5.4,12.0,7.6,,,,,,,,,,,,,,,,,,,,,,,6,4.050000000000001,0.0,2,1,1
2025,Jake Browning,J.Browning,00-0035100,CIN,QB,QB,45.0,5,48.74,9.748000000000001,48.74,0.0,0,0,0,0,0.0,0.0,0.0,9,39,1,81,125,771,6,8,212.0,0.734,0.2299056603773585,9.748000000000001,8.219082673875473,19.14,0,QB,"https://static.www.nfl.com/image/upload/f_auto,q_auto/league/isw3v1hnu2vogyayxlmy",REG,9,-60,1,0,959,367,33,-38.38703885115973,0.3757050385077794,0,0.8039624608967675,32,11,8,2,0,0,5,6.786059658799786,0,2,1,0,0,0,0,0,0,0,,0,0,0,0,0,,0,0,0,0,0,0,0,0.0,0.0,0,0,0,0,0,0,0,0,0,0,0,0,0,0,0,0,0,0,0,0,1,0,0,1,0,0,0,0,0,0,0,0,0,,,0,0,0,0,0,0,0,0,0,0,0,0,,,,0,0,0,0,0,0,0,,0,0,0,0,,0,0,,0,0,0,0,0,0,0,0,0,0,,,,,,,,,,,,,,,,,,,,,,,,,,,,,,,,,,,,,,,,,,,,,,,,,,,,,,,,,,,,,,,,,,,,,,,,,,,,,,,,,,,,,,,,,,,,,,,,,,,,,,,,,,,,,,,,,,,,,,,,,,,,,,,,,,,,,,,,,,,,,,,,,,,,00-0035100,BrowJa08,3886812,Jake Browning,1996-04-11,74.0,210.0,Washington,,,,,2019,3,5.0,0.0,0.0,0.0,0.0,,,,,,,,,,,,,,,,,,,,,,,,,2025.0,Jake Browning,CIN,29.0,QB,5.0,3.0,9.0,39.0,,5.0,27.0,3.0,12.0,1.3,1.0,9.0,2026-02-11,Jake Browning,CIN,125.0,5.0,0.0,1.0,0.8,18.0,15.0,2025.0,2.3,23.0,8.0,19.0,36.0,26.1,2.0,85.0,70.8,13.0,128.0,11.0,112.0,2.0,16.0,,,953.0,7.6,404.0,5.0,3.2,367.0,4.5,4.0,7.8,,,,,,,,,,,,,,,,,,,,,,,5,5.900000000000001,0.56,2,2,0
2025,Jameis Winston,J.Winston,00-0031503,NYG,QB,QB,46.0,3,43.28,14.426666666666668,42.28,1.0,1,1,33,1,0.0019880715705765406,0.002906326849988822,0.005016536150856986,7,23,1,37,66,567,2,2,156.0,0.6766666666666666,0.2774358974358974,14.426666666666668,16.384643216540706,32.24,1,QB,"https://static.www.nfl.com/image/upload/f_auto,q_auto/league/e5qyxnibbyawi0pvfpjl",REG,3,-11,1,1,619,210,25,15.391700988232628,-3.0970628299410383,0,0.9159935379644588,24,13,13,2,0,0,3,4.28813393911696,0,2,0,0,0,0,0,13,20,1,3.2233546525239944,0,1,1,1,0,2.5384615384615383,0,0,0,0,0,0,0,0.0,0.0,0,0,0,0,0,0,0,0,0,0,0,0,0,0,0,0,0,0,0,0,1,0,0,1,1,0,0,0,0,0,0,0,0,,,0,0,0,0,0,0,0,0,0,0,0,0,,,,0,0,0,0,0,0,0,,0,0,0,0,,0,0,,0,0,0,0,0,0,0,0,0,0,,,,,,,,,,,,,,,,,,,,,,,,,,,,,,,,,,,,,,,,,,,,,,,,,,,,,,,,,,,,,,,,,,,,,,,,,,,,,,,,,,,,,,,,,,,,,,,,,,,,,,,,,,,,,,,,,,,,,,,,,,,,,,,,,,,,,,,,,,,,,,,,,,,,00-0031503,WinsJa00,2969939,Jameis Winston,1994-01-06,76.0,231.0,Florida State,2015.0,1.0,1.0,TB,2015,12,3.0,0.0,0.0,0.0,0.0,2025.0,Jameis Winston,NYG,31.0,QB,3.0,2.0,1.0,1.0,33.0,,1.0,13.0,13.0,20.0,20.0,13.0,1.0,1.0,0.0,0.0,0.0,158.3,2026-02-11,2025.0,Jameis Winston,NYG,31.0,QB,3.0,2.0,7.0,23.0,,3.0,11.0,1.6,12.0,1.7,0.0,,2026-02-11,Jameis Winston,NYG,66.0,4.0,0.0,1.0,1.6,16.0,25.8,2025.0,2.5,18.0,10.0,9.0,22.0,31.4,0.0,41.0,66.1,8.0,50.0,6.0,47.0,2.0,3.0,,,619.0,9.4,357.0,9.6,5.4,210.0,5.7,1.0,11.0,2025.0,Regular,Season Total,NYG,J. Winston,,68.5,4.5,81.0,12.3,9.5,2.1,0.0,0.8,68.8,-2.5,Jameis,Winston,Jameis Winston,https://a.espncdn.com/i/headshots/nfl/players/full/2969939.png,Giants,False,3,11.040000000000001,0.0,2,1,1
2025,Tyler Huntley,T.Huntley,00-0035993,BAL,QB,QB,47.0,5,40.14,8.028,40.14,0.0,0,0,0,0,0.0,0.0,0.0,24,151,0,52,67,426,2,0,197.0,0.5940000000000001,0.20375634517766497,8.028,7.308496425394215,16.740000000000002,0,QB,"https://static.www.nfl.com/image/upload/f_auto,q_auto/league/fxyjf9d5qkwqjdd8ypvv",REG,8,-38,0,0,429,148,19,5.65948320099755,12.930897978635935,0,0.993006993006993,15,5,3,0,0,0,11,10.847624528454617,0,6,4,2,0,0,0,0,0,0,,0,0,0,0,0,,0,0,0,0,0,0,0,0.0,0.0,0,0,0,0,0,0,0,0,0,0,0,0,0,0,0,0,0,0,0,0,0,0,0,0,0,0,0,0,0,0,0,0,0,,,0,0,0,0,0,0,0,0,0,0,0,0,,,,0,0,0,0,0,0,0,,0,0,0,0,,0,0,,0,0,0,0,0,0,0,0,0,0,,,,,,,,,,,,,,,,,,,,,,,,,,,,,,,,,,,,,,,,,,,,,,,,,,,,,,,,,,,,,,,,,,,,,,,,,,,,,,,,,,,,,,,,,,,,,,,,,,,,,,,,,,,,,,,,,,,,,,,,,,,,,,,,,,,,,,,,,,,,,,,,,,,,00-0035993,HuntTy01,4035671,Tyler Huntley,1998-02-03,73.0,204.0,Utah,,,,,2020,7,5.0,0.0,0.0,0.0,0.0,,,,,,,,,,,,,,,,,,,,,,,,,2025.0,Tyler Huntley,BAL,27.0,QB,5.0,2.0,24.0,151.0,,11.0,131.0,5.5,20.0,0.8,1.0,24.0,2026-02-11,Tyler Huntley,BAL,67.0,0.0,1.0,4.0,6.1,7.0,10.6,2025.0,2.3,21.0,1.0,10.0,19.0,22.9,0.0,58.0,87.9,7.0,29.0,5.0,17.0,1.0,12.0,,,425.0,6.3,278.0,5.3,4.1,148.0,2.8,8.0,11.8,2025.0,Regular,Season Total,BAL,T. Huntley,,80.8,11.4,103.0,18.9,10.8,8.5,0.0,-0.4,82.8,-2.6,Tyler,Huntley,Tyler Huntley,https://a.espncdn.com/i/headshots/nfl/players/full/4035671.png,Ravens,False,5,6.620000000000001,-0.30000000000000004,2,1,0
2025,Quinn Ewers,Q.Ewers,00-0040234,MIA,QB,QB,48.0,4,33.17999999999999,8.294999999999998,32.17999999999999,1.0,1,1,-6,0,0.0021645021645021645,-0.001784651992861392,0.0019974968517502724,8,19,0,55,83,622,3,3,179.0,0.79,0.18536312849162007,8.295,5.660067726332139,15.78,0,QB,"https://static.www.nfl.com/image/upload/f_auto,q_auto/league/bbcwyjuhyijtqe7jo274",REG,8,-59,1,0,693,354,29,-2.2515222003800757,0.9922960182515587,0,0.8975468975468975,25,18,10,2,2,0,1,-4.6765118521871045,0,0,0,0,0,0,0,-6,0,0,-1.5018550147651695,0,0,0,0,0,0.0,0,0,0,0,0,0,0,0.0,0.0,0,0,0,0,0,0,0,0,0,0,0,0,0,1,-3,0,0,0,1,5,1,2,1,3,0,0,0,0,0,0,0,0,0,,,0,0,0,0,0,0,0,0,0,0,0,0,,,,0,0,0,0,0,0,0,,0,0,0,0,,0,0,,0,0,0,0,0,0,0,0,0,0,,,,,,,,,,,,,,,,,,,,,,,,,,,,,,,,,,,,,,,,,,,,,,,,,,,,,,,,,,,,,,,,,,,,,,,,,,,,,,,,,,,,,,,,,,,,,,,,,,,,,,,,,,,,,,,,,,,,,,,,,,,,,,,,,,,,,,,,,,,,,,,,,,,,00-0040234,EwerQu00,4889929,Quinn Ewers,2003-03-15,74.0,209.0,Texas; Ohio State,2025.0,7.0,231.0,MIA,2025,2,4.0,0.0,0.0,0.0,0.0,2025.0,Quinn Ewers,MIA,22.0,QB,4.0,3.0,1.0,1.0,-6.0,,0.0,-6.0,-6.0,0.0,0.0,-6.0,0.0,,0.0,0.0,0.0,79.2,2026-02-11,2025.0,Quinn Ewers,MIA,22.0,QB,4.0,3.0,8.0,19.0,,1.0,19.0,2.4,0.0,0.0,0.0,,2026-02-11,Quinn Ewers,MIA,83.0,1.0,0.0,1.0,1.2,12.0,14.6,2025.0,2.3,21.0,4.0,9.0,21.0,22.3,1.0,56.0,68.3,13.0,107.0,13.0,107.0,0.0,0.0,,,688.0,8.3,268.0,4.9,3.2,354.0,6.4,3.0,7.0,,,,,,,,,,,,,,,,,,,,,,,4,7.640000000000001,2.12,1,1,0
2025,Philip Rivers,P.Rivers,00-0022942,IND,QB,QB,49.0,3,31.660000000000004,10.553333333333335,31.660000000000004,0.0,0,0,0,0,0.0,0.0,0.0,2,-1,0,58,92,544,4,3,172.0,0.9700000000000001,0.1840697674418605,10.553333333333333,5.6734586746827835,17.08,0,QB,"https://static.www.nfl.com/image/private/f_auto,q_auto/league/voakyrtj34sghkwxaxxf",REG,5,-37,1,0,717,271,30,-11.195535567243311,-3.692657748858134,0,0.7587168758716876,24,12,2,0,1,0,0,-1.1464567719958723,0,0,0,0,0,0,0,0,0,0,,0,0,0,0,0,,0,0,0,0,0,0,0,0.0,0.0,0,0,0,0,0,0,0,0,0,0,0,0,0,1,-5,0,0,0,1,10,1,1,0,2,0,0,0,0,0,0,0,0,0,,,0,0,0,0,0,0,0,0,0,0,0,0,,,,0,0,0,0,0,0,0,,0,0,0,0,,0,0,,0,0,0,0,0,0,0,0,0,0,,,,,,,,,,,,,,,,,,,,,,,,,,,,,,,,,,,,,,,,,,,,,,,,,,,,,,,,,,,,,,,,,,,,,,,,,,,,,,,,,,,,,,,,,,,,,,,,,,,,,,,,,,,,,,,,,,,,,,,,,,,,,,,,,,,,,,,,,,,,,,,,,,,,00-0022942,RivePh00,5529,Philip Rivers,1981-12-08,77.0,228.0,N.C. State,2004.0,1.0,4.0,NYG,2004,18,3.0,0.0,0.0,0.0,0.0,,,,,,,,,,,,,,,,,,,,,,,,,2025.0,Philip Rivers,IND,44.0,QB,3.0,3.0,2.0,-1.0,,0.0,-1.0,-0.5,0.0,0.0,0.0,,2026-02-11,Philip Rivers,IND,92.0,2.0,0.0,2.0,2.2,13.0,14.4,2025.0,2.1,20.0,4.0,9.0,18.0,18.6,3.0,64.0,71.1,17.0,90.0,15.0,90.0,0.0,0.0,,,693.0,7.5,273.0,4.7,3.0,271.0,4.7,0.0,,,,,,,,,,,,,,,,,,,,,,,,3,7.779999999999999,6.800000000000001,1,1,0
2025,Mitchell Trubisky,M.Trubisky,00-0033869,BUF,QB,QB,50.0,4,31.12,7.78,31.12,0.0,0,0,0,0,0.0,0.0,0.0,9,6,0,25,35,313,4,0,98.0,0.3325,0.3175510204081633,7.779999999999999,14.055613350781483,28.86,1,QB,"https://static.www.nfl.com/image/upload/f_auto,q_auto/league/yxs7ix2pmcfv5k1qn1sk",REG,0,0,0,0,255,136,19,25.734475121658996,7.804343805593603,1,1.227450980392157,13,8,5,0,0,0,0,-6.795884333201684,0,0,0,0,0,0,0,0,0,0,,0,0,0,0,0,,0,0,0,0,0,0,0,0.0,0.0,0,0,0,0,0,0,0,0,0,0,0,0,0,0,0,0,0,0,0,0,0,0,0,0,0,0,0,0,0,0,0,0,0,,,0,0,0,0,0,0,0,0,0,0,0,0,,,,0,0,0,0,0,0,0,,0,0,0,0,,0,0,,0,0,0,0,0,0,0,0,0,0,,,,,,,,,,,,,,,,,,,,,,,,,,,,,,,,,,,,,,,,,,,,,,,,,,,,,,,,,,,,,,,,,,,,,,,,,,,,,,,,,,,,,,,,,,,,,,,,,,,,,,,,,,,,,,,,,,,,,,,,,,,,,,,,,,,,,,,,,,,,,,,,,,,,00-0033869,TrubMi00,3039707,Mitchell Trubisky,1994-08-20,74.0,222.0,North Carolina,2017.0,1.0,2.0,CHI,2017,10,4.0,0.0,0.0,0.0,0.0,,,,,,,,,,,,,,,,,,,,,,,,,2025.0,Mitchell Trubisky,BUF,31.0,QB,4.0,0.0,9.0,6.0,,0.0,2.0,0.2,4.0,0.4,0.0,,2026-02-11,Mitchell Trubisky,BUF,35.0,1.0,0.0,3.0,8.8,4.0,11.8,2025.0,2.6,5.0,0.0,0.0,0.0,0.0,0.0,29.0,85.3,4.0,56.0,4.0,56.0,0.0,0.0,,,255.0,7.3,177.0,7.1,5.1,136.0,5.4,1.0,4.0,2025.0,Regular,Season Total,BUF,M. Trubisky,,91.4,7.7,39.0,7.4,7.1,0.3,0.0,0.0,94.2,0.0,Mitchell,Trubisky,Mitchell Trubisky,https://a.espncdn.com/i/headshots/nfl/players/full/3039707.png,Bills,False,4,0.9299999999999999,0.4,1,1,1
2025,Riley Leonard,R.Leonard,00-0040206,IND,QB,QB,51.0,5,31.0,6.2,31.0,0.0,0,0,-3,0,0.0,0.0,0.0,6,27,2,39,67,415,2,3,130.0,0.394,0.23846153846153847,6.2,10.352052936495255,22.6,1,QB,"https://static.www.nfl.com/image/upload/f_auto,q_auto/league/okxcrf19ylc0hwfefmwl",REG,2,-17,1,1,537,168,18,-8.226148502326646,-3.8708565291017294,0,0.7728119180633147,11,8,6,2,0,0,4,5.260076559585286,0,1,0,0,0,0,0,0,-3,0,,0,0,0,0,0,0.0,0,0,0,0,0,0,0,0.0,0.0,0,0,0,0,0,0,0,0,0,0,0,0,0,0,0,0,0,0,0,0,2,0,0,2,2,0,0,0,0,0,0,0,0,,,0,0,0,0,0,0,0,0,0,0,0,0,,,,0,0,0,0,0,0,0,,0,0,0,0,,0,0,,0,0,0,0,0,0,0,0,0,0,,,,,,,,,,,,,,,,,,,,,,,,,,,,,,,,,,,,,,,,,,,,,,,,,,,,,,,,,,,,,,,,,,,,,,,,,,,,,,,,,,,,,,,,,,,,,,,,,,,,,,,,,,,,,,,,,,,,,,,,,,,,,,,,,,,,,,,,,,,,,,,,,,,,00-0040206,LeonRi02,4683423,Riley Leonard,2002-09-13,76.0,213.0,Notre Dame; Duke,2025.0,6.0,189.0,IND,2025,2,5.0,0.0,0.0,0.0,0.0,2025.0,Riley Leonard,IND,23.0,QB,5.0,1.0,0.0,0.0,-3.0,,0.0,0.0,,-3.0,,,0.0,,0.0,,0.0,,2026-02-11,2025.0,Riley Leonard,IND,23.0,QB,5.0,1.0,6.0,27.0,,4.0,26.0,4.3,1.0,0.2,0.0,,2026-02-11,Riley Leonard,IND,67.0,2.0,0.0,3.0,4.6,8.0,12.3,2025.0,2.1,10.0,3.0,5.0,10.0,14.1,1.0,44.0,67.7,11.0,52.0,7.0,39.0,3.0,13.0,,,537.0,8.0,247.0,6.3,3.7,168.0,4.3,2.0,7.5,2025.0,Regular,Season Total,IND,R. Leonard,,72.7,2.9,80.0,8.6,3.8,2.8,0.0,2.0,62.7,-0.8,Riley,Leonard,Riley Leonard,https://a.espncdn.com/i/headshots/nfl/players/full/4683423.png,Colts,False,5,0.1,-2.0,2,1,0
2025,Brady Cook,B.Cook,00-0040398,NYJ,QB,QB,52.0,5,28.46,5.692,28.46,0.0,0,0,0,0,0.0,0.0,0.0,13,49,0,88,153,739,2,7,296.0,0.9800000000000001,0.09614864864864865,5.692,3.0984060418221495,9.100000000000001,0,QB,"https://static.www.nfl.com/image/upload/f_auto,q_auto/league/sk8u7zzg7e3t4vu7xesg",REG,19,-125,2,1,867,417,35,-68.34386066202579,-10.029100304519808,1,0.8523644752018454,31,12,6,0,1,0,4,-4.288339697988704,0,2,1,0,0,0,0,0,0,0,,0,0,0,0,0,,0,0,0,0,0,0,0,0.0,0.0,0,0,0,0,0,0,0,0,0,0,0,0,0,2,-3,0,0,0,1,10,2,1,0,3,1,0,0,0,0,0,0,0,0,,,0,0,0,0,0,0,0,0,0,0,0,0,,,,0,0,0,0,0,0,0,,0,0,0,0,,0,0,,0,0,0,0,0,0,0,0,0,0,,,,,,,,,,,,,,,,,,,,,,,,,,,,,,,,,,,,,,,,,,,,,,,,,,,,,,,,,,,,,,,,,,,,,,,,,,,,,,,,,,,,,,,,,,,,,,,,,,,,,,,,,,,,,,,,,,,,,,,,,,,,,,,,,,,,,,,,,,,,,,,,,,,,00-0040398,CookBr03,4429435,Brady Cook,2001-10-12,74.0,215.0,Missouri,,,,,2025,2,5.0,0.0,0.0,0.0,0.0,,,,,,,,,,,,,,,,,,,,,,,,,2025.0,Brady Cook,NYJ,24.0,QB,5.0,4.0,13.0,49.0,,4.0,38.0,2.9,11.0,0.8,0.0,,2026-02-11,Brady Cook,NYJ,153.0,4.0,0.0,7.0,4.7,36.0,24.2,2025.0,2.2,46.0,7.0,14.0,40.0,22.3,5.0,101.0,67.8,10.0,64.0,10.0,64.0,0.0,0.0,,,867.0,5.7,322.0,3.7,2.1,417.0,4.7,7.0,6.3,,,,,,,,,,,,,,,,,,,,,,,5,4.18,2.5200000000000005,0,0,0
2025,Josh Johnson,J.Johnson,00-0026300,WAS,QB,QB,53.0,3,24.380000000000003,8.126666666666667,24.380000000000003,0.0,0,0,0,0,0.0,0.0,0.0,12,55,1,34,54,372,1,2,138.0,0.492,0.1766666666666667,8.126666666666667,8.039411255392608,15.740000000000002,0,QB,"https://static.www.nfl.com/image/upload/f_auto,q_auto/league/sijqkai2yy1cbw3rwndh",REG,2,-14,0,0,313,213,21,3.8190098875594023,2.0273486773173013,0,1.1884984025559104,16,8,4,1,2,1,4,-4.799324803636409,0,2,1,0,0,0,0,0,0,0,,0,0,0,0,0,,0,0,0,0,0,0,0,0.0,0.0,0,0,0,0,0,0,0,0,0,0,0,0,0,2,-16,0,0,0,0,0,0,2,0,2,1,0,0,0,0,0,0,0,0,,,0,0,0,0,0,0,0,0,0,0,0,0,,,,0,0,0,0,0,0,0,,0,0,0,0,,0,0,,0,0,0,0,0,0,0,0,0,0,,,,,,,,,,,,,,,,,,,,,,,,,,,,,,,,,,,,,,,,,,,,,,,,,,,,,,,,,,,,,,,,,,,,,,,,,,,,,,,,,,,,,,,,,,,,,,,,,,,,,,,,,,,,,,,,,,,,,,,,,,,,,,,,,,,,,,,,,,,,,,,,,,,,00-0026300,JohnJo05,11394,Josh Johnson,1986-05-15,75.0,219.0,San Diego,2008.0,5.0,160.0,TB,2008,14,5.0,0.0,0.0,0.0,0.0,,,,,,,,,,,,,,,,,,,,,,,,,2025.0,Josh Johnson,WAS,39.0,QB,5.0,2.0,12.0,55.0,,4.0,40.0,3.3,15.0,1.3,0.0,,2026-02-11,Josh Johnson,WAS,54.0,3.0,2.0,0.0,0.0,9.0,18.4,2025.0,2.4,6.0,2.0,8.0,12.0,18.8,1.0,35.0,71.4,6.0,54.0,5.0,49.0,1.0,5.0,,,310.0,5.7,159.0,4.7,2.9,213.0,6.3,8.0,6.8,2025.0,Regular,Season Total,WSH,J. Johnson,,55.6,1.9,79.0,9.0,3.3,3.3,0.0,2.4,58.5,-0.8,Josh,Johnson,Josh Johnson,https://a.espncdn.com/i/headshots/nfl/players/full/11394.png,Commanders,False,3,8.92,-0.28,1,1,0
2025,Mason Rudolph,M.Rudolph,00-0034771,PIT,QB,QB,54.0,5,15.0,3.0,15.0,0.0,0,0,0,0,0.0,0.0,0.0,7,6,0,38,52,310,2,2,113.0,0.33799999999999997,0.13274336283185842,3.0,4.917377349766845,8.98,0,QB,"https://static.www.nfl.com/image/upload/f_auto,q_auto/league/oadtxde6hxz1jgrs618o",REG,2,-12,1,1,272,254,17,2.50336368704777,5.762339770793915,0,1.1397058823529411,11,6,3,0,0,0,2,1.3411726071499288,0,0,0,0,0,0,0,0,0,0,,0,0,0,0,0,,0,0,0,0,0,0,0,0.0,0.0,0,0,0,0,0,0,0,0,0,0,0,0,0,0,0,0,0,0,0,0,1,0,0,1,1,0,0,0,0,0,0,0,0,,,0,0,0,0,0,0,0,0,0,0,0,0,,,,0,0,0,0,0,0,0,,0,0,0,0,,0,0,,0,0,0,0,0,0,0,0,0,0,M.Rudolph,Mason Rudolph,QB,QB,"https://static.www.nfl.com/image/upload/f_auto,q_auto/league/oadtxde6hxz1jgrs618o",2025.0,POST,PIT,1.0,1.0,1.0,2.0,0.0,0.0,0.0,0.0,0.0,0.0,0.0,2.0,1.0,1.2573037131223828,30.629032850265503,0.0,0.0,0.0,0.0,0.0,0.0,0.0,0.0,0.0,0.0,0.0,0.0,,0.0,0.0,0.0,0.0,0.0,0.0,0.0,0.0,0.0,0.0,0.0,0.0,0.0,0.0,,0.0,0.0,0.0,0.0,0.0,,0.0,0.0,0.0,0.0,0.0,0.0,0.0,0.0,0.0,0.0,0.0,0.0,0.0,0.0,0.0,0.0,0.0,0.0,0.0,0.0,0.0,0.0,0.0,0.0,0.0,0.0,0.0,0.0,0.0,0.0,0.0,0.0,0.0,0.0,0.0,0.0,0.0,0.0,0.0,0.0,0.0,0.0,0.0,0.0,0.0,,,0.0,0.0,0.0,0.0,0.0,0.0,0.0,0.0,0.0,0.0,0.0,0.0,,,,0.0,0.0,0.0,0.0,0.0,0.0,0.0,,0.0,0.0,0.0,0.0,,0.0,0.0,,0.0,0.0,0.0,0.0,0.0,0.0,0.0,0.0,0.0,0.0,0.08,0.08,00-0034771,RudoMa00,3116407,Mason Rudolph,1995-07-17,77.0,235.0,Oklahoma State,2018.0,3.0,76.0,PIT,2018,9,5.0,0.0,0.0,0.0,0.0,,,,,,,,,,,,,,,,,,,,,,,,,2025.0,Mason Rudolph,PIT,30.0,QB,5.0,1.0,7.0,6.0,,2.0,4.0,0.6,2.0,0.3,0.0,,2026-02-11,Mason Rudolph,PIT,52.0,3.0,0.0,0.0,0.0,7.0,14.3,2025.0,2.3,12.0,1.0,3.0,6.0,10.9,2.0,39.0,79.6,5.0,4.0,5.0,4.0,0.0,0.0,,,271.0,5.2,56.0,1.5,1.1,254.0,6.7,1.0,3.0,,,,,,,,,,,,,,,,,,,,,,,5,0.48,-2.0,0,0,0
2025,Tanner McKee,T.McKee,00-0038400,PHI,QB,QB,55.0,4,13.760000000000002,3.4400000000000004,13.760000000000002,0.0,0,0,0,0,0.0,0.0,0.0,8,8,0,24,43,274,1,1,89.0,0.345,0.15460674157303372,3.4400000000000004,5.780357543728012,11.940000000000001,0,QB,"https://static.www.nfl.com/image/upload/f_auto,q_auto/league/oveivzhzv13jrfvkp8zg",REG,3,-14,0,0,411,100,16,-2.4619381445586197,1.3593825134071145,0,0.6666666666666666,13,6,2,0,0,0,1,-5.170260388345923,0,0,0,0,0,0,0,0,0,0,,0,0,0,0,0,,0,0,0,0,0,0,0,0.0,0.0,0,0,0,0,0,0,0,0,0,0,0,0,0,0,0,0,0,0,0,0,0,0,0,0,0,0,0,0,0,0,0,0,0,,,0,0,0,0,0,0,0,0,0,0,0,0,,,,0,0,0,0,0,0,0,,0,0,0,0,,0,0,,0,0,0,0,0,0,0,0,0,0,,,,,,,,,,,,,,,,,,,,,,,,,,,,,,,,,,,,,,,,,,,,,,,,,,,,,,,,,,,,,,,,,,,,,,,,,,,,,,,,,,,,,,,,,,,,,,,,,,,,,,,,,,,,,,,,,,,,,,,,,,,,,,,,,,,,,,,,,,,,,,,,,,,,00-0038400,McKeTa01,4685201,Tanner McKee,2000-04-27,78.0,230.0,Stanford,2023.0,6.0,188.0,PHI,2023,4,4.0,0.0,0.0,0.0,0.0,,,,,,,,,,,,,,,,,,,,,,,,,2025.0,Tanner McKee,PHI,25.0,QB,4.0,1.0,8.0,8.0,,1.0,3.0,0.4,5.0,0.6,0.0,,2026-02-11,Tanner McKee,PHI,43.0,5.0,0.0,2.0,5.3,10.0,26.3,2025.0,2.4,12.0,5.0,3.0,11.0,22.4,0.0,26.0,68.4,4.0,24.0,4.0,24.0,0.0,0.0,,,412.0,9.6,174.0,7.3,4.0,100.0,4.2,3.0,4.0,,,,,,,,,,,,,,,,,,,,,,,4,1.01,-0.2,1,0,0
2025,Trey Lance,T.Lance,00-0037012,LAC,QB,QB,56.0,4,13.540000000000001,3.3850000000000002,13.540000000000001,0.0,0,0,0,0,0.0,0.0,0.0,17,85,0,27,57,226,0,1,100.0,0.3775,0.13540000000000002,3.385,3.4144936178980725,8.34,0,QB,"https://static.www.nfl.com/image/upload/f_auto,q_auto/league/j3psmvvxo13kmbgi60ej",REG,6,-44,1,1,535,105,10,-39.46669255959233,-9.781532347202301,0,0.4224299065420561,7,5,2,0,0,0,5,1.2534359915880486,0,5,2,1,0,0,0,0,0,0,,0,0,0,0,0,,0,0,0,0,0,0,0,0.0,0.0,0,0,0,0,0,0,0,0,0,0,0,0,0,0,0,0,0,0,0,0,1,0,0,1,1,0,0,0,0,0,0,0,0,,,0,0,0,0,0,0,0,0,0,0,0,0,,,,0,0,0,0,0,0,0,,0,0,0,0,,0,0,,0,0,0,0,0,0,0,0,0,0,,,,,,,,,,,,,,,,,,,,,,,,,,,,,,,,,,,,,,,,,,,,,,,,,,,,,,,,,,,,,,,,,,,,,,,,,,,,,,,,,,,,,,,,,,,,,,,,,,,,,,,,,,,,,,,,,,,,,,,,,,,,,,,,,,,,,,,,,,,,,,,,,,,,00-0037012,LancTr00,4383351,Trey Lance,2000-05-09,76.0,226.0,North Dakota State,2021.0,1.0,3.0,SF,2021,6,4.0,0.0,0.0,0.0,0.0,,,,,,,,,,,,,,,,,,,,,,,,,2025.0,Trey Lance,LAC,25.0,QB,4.0,1.0,17.0,85.0,,5.0,72.0,4.2,13.0,0.8,1.0,17.0,2026-02-11,Trey Lance,LAC,57.0,3.0,4.0,1.0,2.0,12.0,24.0,2025.0,2.1,13.0,3.0,3.0,12.0,17.1,2.0,30.0,60.0,9.0,19.0,4.0,2.0,5.0,17.0,,,461.0,8.1,121.0,4.5,2.1,105.0,3.9,7.0,10.7,,,,,,,,,,,,,,,,,,,,,,,4,2.22,0.76,0,0,0
2025,Chris Oladokun,C.Oladokun,00-0037324,KC,QB,QB,57.0,3,11.200000000000001,3.733333333333334,11.200000000000001,0.0,0,0,0,0,0.0,0.0,0.0,5,18,0,35,55,235,1,0,109.0,0.7466666666666667,0.10275229357798166,3.733333333333334,4.864990578956277,7.74,0,QB,"https://static.www.nfl.com/image/upload/f_auto,q_auto/league/zlcmvcyi6laaklmjv1j2",REG,8,-93,2,1,277,156,10,-30.123129132397064,-3.9013044192240787,0,0.8483754512635379,9,3,2,0,1,1,0,-5.569238652853528,0,0,0,0,0,0,0,0,0,0,,0,0,0,0,0,,0,0,0,0,0,0,0,0.0,0.0,0,0,0,0,0,0,0,0,0,0,0,0,0,1,0,0,0,0,0,0,3,1,0,4,2,0,0,0,0,0,0,0,0,,,0,0,0,0,0,0,0,0,0,0,0,0,,,,0,0,0,0,0,0,0,,0,0,0,0,,0,0,,0,0,0,0,0,0,0,0,0,0,,,,,,,,,,,,,,,,,,,,,,,,,,,,,,,,,,,,,,,,,,,,,,,,,,,,,,,,,,,,,,,,,,,,,,,,,,,,,,,,,,,,,,,,,,,,,,,,,,,,,,,,,,,,,,,,,,,,,,,,,,,,,,,,,,,,,,,,,,,,,,,,,,,,00-0037324,OladCh00,4044111,Chris Oladokun,1997-09-03,73.0,213.0,South Dakota State,2022.0,7.0,241.0,PIT,2022,1,3.0,0.0,0.0,0.0,0.0,,,,,,,,,,,,,,,,,,,,,,,,,2025.0,Chris Oladokun,KC,28.0,QB,3.0,2.0,5.0,18.0,,0.0,18.0,3.6,0.0,0.0,0.0,,2026-02-11,Chris Oladokun,KC,55.0,2.0,1.0,3.0,5.8,7.0,13.5,2025.0,2.3,13.0,2.0,7.0,17.0,25.4,4.0,39.0,75.0,7.0,9.0,5.0,9.0,1.0,0.0,,,284.0,5.2,79.0,2.3,1.4,156.0,4.5,4.0,4.5,,,,,,,,,,,,,,,,,,,,,,,3,5.140000000000001,-1.6800000000000002,0,0,0
2025,Joe Milton III,J.Milton,00-0039398,DAL,QB,QB,58.0,4,10.32,2.58,10.32,0.0,0,0,0,0,0.0,0.0,0.0,5,50,0,15,24,183,1,2,51.0,0.21,0.2023529411764706,2.58,3.716378165185382,6.32,0,QB,"https://static.www.nfl.com/image/upload/f_auto,q_auto/league/tsj9lobse1gxzanf39dt",REG,0,0,0,0,260,78,9,0.6370323602229802,1.60471278688182,0,0.7038461538461539,8,3,3,0,1,1,1,-2.091565774055198,0,2,2,1,0,0,0,0,0,0,,0,0,0,0,0,,0,0,0,0,0,0,0,0.0,0.0,0,0,0,0,0,0,0,0,0,0,0,0,0,0,0,0,0,0,0,0,1,0,0,1,1,0,0,0,0,0,0,0,0,,,0,0,0,0,0,0,0,0,0,0,0,0,,,,0,0,0,0,0,0,0,,0,0,0,0,,0,0,,0,0,0,0,0,0,0,0,0,0,,,,,,,,,,,,,,,,,,,,,,,,,,,,,,,,,,,,,,,,,,,,,,,,,,,,,,,,,,,,,,,,,,,,,,,,,,,,,,,,,,,,,,,,,,,,,,,,,,,,,,,,,,,,,,,,,,,,,,,,,,,,,,,,,,,,,,,,,,,,,,,,,,,,00-0039398,MiltJo00,4360698,Joe Milton III,2000-03-06,77.0,236.0,Tennessee; Michigan,2024.0,6.0,193.0,NE,2024,3,4.0,0.0,0.0,0.0,0.0,,,,,,,,,,,,,,,,,,,,,,,,,2025.0,Joe Milton,DAL,25.0,QB,4.0,0.0,5.0,50.0,,1.0,42.0,8.4,8.0,1.6,0.0,,2026-02-11,Joe Milton,DAL,24.0,1.0,0.0,0.0,0.0,6.0,26.1,2025.0,2.3,6.0,4.0,1.0,5.0,19.2,1.0,15.0,65.2,5.0,26.0,5.0,26.0,0.0,0.0,,,256.0,10.7,105.0,7.0,4.4,78.0,5.2,2.0,9.5,2025.0,Regular,Season Total,DAL,J. Milton III,,52.8,0.4,30.0,1.8,0.2,1.2,0.0,0.4,54.5,0.0,Joe,Milton III,Joe Milton III,https://a.espncdn.com/i/headshots/nfl/players/full/4360698.png,Cowboys,False,4,2.4299999999999997,-0.8599999999999999,0,0,0
2025,Andy Dalton,A.Dalton,00-0027973,CAR,QB,QB,59.0,4,9.520000000000001,2.3800000000000003,9.520000000000001,0.0,0,0,0,0,0.0,0.0,0.0,5,-2,0,25,37,293,1,1,97.0,0.38,0.09814432989690723,2.38,2.7895519353473244,6.32,0,QB,"https://static.www.nfl.com/image/upload/f_auto,q_auto/league/sfsneh0bn46e2kwve7sr",REG,8,-54,1,1,348,90,17,-5.661670377857174,6.595920026302338,0,0.8419540229885057,12,8,4,0,1,1,0,-8.659153220243752,0,0,0,0,0,0,0,0,0,0,,0,0,0,0,0,,0,0,0,1,0,0,0,0.0,0.0,0,0,0,0,0,0,0,0,0,0,0,0,0,1,0,0,0,0,0,0,2,0,0,2,2,0,0,0,0,0,0,0,0,,,0,0,0,0,0,0,0,0,0,0,0,0,,,,0,0,0,0,0,0,0,,0,0,0,0,,0,0,,0,0,0,0,0,0,0,0,0,0,,,,,,,,,,,,,,,,,,,,,,,,,,,,,,,,,,,,,,,,,,,,,,,,,,,,,,,,,,,,,,,,,,,,,,,,,,,,,,,,,,,,,,,,,,,,,,,,,,,,,,,,,,,,,,,,,,,,,,,,,,,,,,,,,,,,,,,,,,,,,,,,,,,,00-0027973,DaltAn00,14012,Andy Dalton,1987-10-29,74.0,220.0,TCU,2011.0,2.0,35.0,CIN,2011,16,4.0,0.0,0.0,0.0,0.0,,,,,,,,,,,,,,,,,,,,,,,,,2025.0,Andy Dalton,CAR,38.0,QB,4.0,1.0,5.0,-2.0,,0.0,-2.0,-0.4,0.0,0.0,0.0,,2026-02-11,Andy Dalton,CAR,37.0,1.0,0.0,3.0,8.3,5.0,13.9,2025.0,2.4,11.0,1.0,2.0,11.0,23.9,0.0,29.0,80.6,3.0,17.0,2.0,17.0,0.0,0.0,,,347.0,9.4,203.0,8.1,5.5,90.0,3.6,1.0,1.0,,,,,,,,,,,,,,,,,,,,,,,4,1.6499999999999997,-0.1,0,0,0
2025,Kenny Pickett,K.Pickett,00-0038102,LV,QB,QB,60.0,6,7.719999999999999,1.2866666666666664,7.719999999999999,0.0,0,0,0,0,0.0,0.0,0.0,5,22,0,28,45,188,1,2,79.0,0.28500000000000003,0.09772151898734176,1.2866666666666668,3.68123167793969,8.48,0,QB,"https://static.www.nfl.com/image/upload/f_auto,q_auto/league/gw6lyiuevyuspfkglnmj",REG,8,-54,0,0,262,62,8,-28.787691949274503,-6.532403555783358,0,0.7175572519083969,7,3,2,0,1,1,3,-3.219029433268588,0,0,0,0,0,0,0,0,0,0,,0,0,0,0,0,,0,0,0,0,0,0,0,0.0,0.0,0,0,0,0,0,0,0,0,0,0,0,0,0,0,-2,0,0,0,0,0,0,1,0,1,1,0,0,0,0,0,0,0,0,,,0,0,0,0,0,0,0,0,0,0,0,0,,,,0,0,0,0,0,0,0,,0,0,0,0,,0,0,,0,0,0,0,0,0,0,0,0,0,,,,,,,,,,,,,,,,,,,,,,,,,,,,,,,,,,,,,,,,,,,,,,,,,,,,,,,,,,,,,,,,,,,,,,,,,,,,,,,,,,,,,,,,,,,,,,,,,,,,,,,,,,,,,,,,,,,,,,,,,,,,,,,,,,,,,,,,,,,,,,,,,,,,00-0038102,PickKe00,4240703,Kenny Pickett,1998-06-06,75.0,220.0,Pittsburgh,2022.0,1.0,20.0,PIT,2022,5,6.0,0.0,0.0,0.0,0.0,,,,,,,,,,,,,,,,,,,,,,,,,2025.0,Kenny Pickett,LV,27.0,QB,6.0,2.0,5.0,22.0,,3.0,18.0,3.6,4.0,0.8,1.0,5.0,2026-02-11,Kenny Pickett,LV,45.0,0.0,1.0,3.0,6.8,6.0,13.6,2025.0,2.5,3.0,1.0,5.0,14.0,25.0,2.0,36.0,81.8,2.0,8.0,2.0,8.0,0.0,0.0,,,262.0,5.8,126.0,4.5,2.8,62.0,2.2,3.0,7.7,,,,,,,,,,,,,,,,,,,,,,,6,0.32,-1.68,0,0,0
2025,Aidan O'Connell,A.O'Connell,00-0038579,LV,QB,QB,61.0,1,4.78,4.78,4.78,0.0,0,0,0,0,0.0,0.0,0.0,1,7,0,10,22,102,0,0,51.0,0.82,0.09372549019607844,4.78,,4.78,0,QB,"https://static.www.nfl.com/image/upload/f_auto,q_auto/league/bcejxo7ofgk5pszhup12",REG,1,-5,0,0,184,31,5,-5.86369217034538,-23.571797934445467,0,0.5543478260869565,5,3,2,0,0,0,0,0.15677049686200917,0,0,0,0,0,0,0,0,0,0,,0,0,0,0,0,,0,0,0,0,0,0,0,0.0,0.0,0,0,0,0,0,0,0,0,0,0,0,0,0,0,0,0,0,0,0,0,0,0,0,0,0,0,0,0,0,0,0,0,0,,,0,0,0,0,0,0,0,0,0,0,0,0,,,,0,0,0,0,0,0,0,,0,0,0,0,,0,0,,0,0,0,0,0,0,0,0,0,0,,,,,,,,,,,,,,,,,,,,,,,,,,,,,,,,,,,,,,,,,,,,,,,,,,,,,,,,,,,,,,,,,,,,,,,,,,,,,,,,,,,,,,,,,,,,,,,,,,,,,,,,,,,,,,,,,,,,,,,,,,,,,,,,,,,,,,,,,,,,,,,,,,,,00-0038579,OConAi00,4260394,Aidan O'Connell,1998-09-01,75.0,206.0,Purdue,2023.0,4.0,135.0,LV,2023,4,1.0,0.0,0.0,0.0,0.0,,,,,,,,,,,,,,,,,,,,,,,,,2025.0,Aidan OConnell,LV,27.0,QB,1.0,0.0,1.0,7.0,,0.0,7.0,7.0,0.0,0.0,0.0,,2026-02-11,Aidan O'Connell,LV,22.0,1.0,0.0,2.0,9.5,7.0,33.3,2025.0,2.2,6.0,0.0,2.0,3.0,12.5,0.0,14.0,66.7,1.0,6.0,1.0,6.0,0.0,0.0,,,184.0,8.4,71.0,7.1,3.2,31.0,3.1,1.0,7.0,,,,,,,,,,,,,,,,,,,,,,,1,4.78,4.78,0,0,0
2025,Max Brosmer,M.Brosmer,00-0040494,MIN,QB,QB,62.0,7,4.220000000000001,0.602857142857143,4.220000000000001,0.0,0,0,0,0,0.0,0.0,0.0,7,11,0,47,71,328,0,4,178.0,0.4542857142857143,0.02370786516853933,0.602857142857143,2.0388699017324465,3.64,0,QB,"https://static.www.nfl.com/image/upload/f_auto,q_auto/league/fpveluufmy7buwrhpiny",REG,14,-100,2,1,312,249,18,-56.52426000641427,-3.5284250536385704,0,1.0512820512820513,10,4,3,0,0,0,1,-0.12323843681951985,0,1,0,0,0,0,0,0,0,0,,0,0,0,0,0,,0,1,0,0,0,0,0,0.0,0.0,0,0,0,0,0,0,0,0,0,0,0,0,0,1,0,0,0,0,0,0,1,1,0,2,1,0,0,0,0,0,0,0,0,,,0,0,0,0,0,0,0,0,0,0,0,0,,,,0,0,0,0,0,0,0,,0,0,0,0,,0,0,,0,0,0,0,0,0,0,0,0,0,,,,,,,,,,,,,,,,,,,,,,,,,,,,,,,,,,,,,,,,,,,,,,,,,,,,,,,,,,,,,,,,,,,,,,,,,,,,,,,,,,,,,,,,,,,,,,,,,,,,,,,,,,,,,,,,,,,,,,,,,,,,,,,,,,,,,,,,,,,,,,,,,,,,00-0040494,BrosMa00,4573398,Max Brosmer,2001-03-28,74.0,217.0,Minnesota; New Hampshire,,,,,2025,2,7.0,0.0,0.0,0.0,0.0,,,,,,,,,,,,,,,,,,,,,,,,,2025.0,Max Brosmer,MIN,24.0,QB,7.0,2.0,7.0,11.0,,1.0,11.0,1.6,0.0,0.0,0.0,,2026-02-11,Max Brosmer,MIN,71.0,3.0,0.0,5.0,7.4,8.0,11.8,2025.0,2.5,20.0,4.0,6.0,24.0,27.6,0.0,56.0,82.4,7.0,20.0,5.0,20.0,0.0,0.0,,,312.0,4.4,79.0,1.7,1.1,249.0,5.3,2.0,8.0,,,,,,,,,,,,,,,,,,,,,,,7,0.52,-3.06,0,0,0
2025,Shane Buechele,S.Buechele,00-0036679,KC,QB,QB,63.0,1,3.92,3.92,3.92,0.0,0,0,0,0,0.0,0.0,0.0,1,4,0,7,14,88,0,0,29.0,0.45,0.13517241379310344,3.92,,3.92,0,QB,"https://static.www.nfl.com/image/upload/f_auto,q_auto/league/kmbuzxucmmytpuoy8yfc",REG,5,-22,0,0,138,28,4,-6.825472935443697,-16.771898361352775,0,0.6376811594202898,3,1,1,1,0,0,0,-0.834705842891708,0,0,0,0,0,0,0,0,0,0,,0,0,0,0,0,,0,0,0,0,0,0,0,0.0,0.0,0,0,0,0,0,0,0,0,0,0,0,0,0,0,-1,0,0,0,0,0,0,0,0,0,0,0,0,0,0,0,0,0,0,,,0,0,0,0,0,0,0,0,0,0,0,0,,,,0,0,0,0,0,0,0,,0,0,0,0,,0,0,,0,0,0,0,0,0,0,0,0,0,,,,,,,,,,,,,,,,,,,,,,,,,,,,,,,,,,,,,,,,,,,,,,,,,,,,,,,,,,,,,,,,,,,,,,,,,,,,,,,,,,,,,,,,,,,,,,,,,,,,,,,,,,,,,,,,,,,,,,,,,,,,,,,,,,,,,,,,,,,,,,,,,,,,00-0036679,BuecSh00,4039034,Shane Buechele,1998-01-08,72.0,210.0,SMU,,,,,2021,4,1.0,0.0,0.0,0.0,0.0,,,,,,,,,,,,,,,,,,,,,,,,,2025.0,Shane Buechele,KC,27.0,QB,1.0,0.0,1.0,4.0,,0.0,4.0,4.0,0.0,0.0,0.0,,2026-02-11,Shane Buechele,KC,14.0,1.0,0.0,0.0,0.0,4.0,30.8,2025.0,2.4,2.0,0.0,3.0,8.0,40.0,2.0,8.0,61.5,3.0,74.0,3.0,74.0,0.0,0.0,,,138.0,9.9,60.0,8.6,4.3,28.0,4.0,1.0,4.0,,,,,,,,,,,,,,,,,,,,,,,1,3.92,3.92,0,0,0
2025,Teddy Bridgewater,T.Bridgewater,00-0031237,TB,QB,QB,64.0,3,2.88,0.96,2.88,0.0,0,0,0,0,0.0,0.0,0.0,3,4,0,8,15,62,0,0,35.0,0.1225,0.08228571428571428,0.96,1.83597385602301,3.08,0,QB,"https://static.www.nfl.com/image/upload/f_auto,q_auto/league/wggyfg1dgyiwcgxafoen",REG,2,-21,0,0,98,52,2,-12.498526949668303,-16.29420667886734,0,0.6326530612244898,2,1,1,0,0,0,0,-0.018806083593517542,0,0,0,0,0,0,0,0,0,0,,0,0,0,0,0,,0,0,0,0,0,0,0,0.0,0.0,0,0,0,0,0,0,0,0,0,0,0,0,0,0,0,0,0,0,0,0,0,0,0,0,0,0,0,0,0,0,0,0,0,,,0,0,0,0,0,0,0,0,0,0,0,0,,,,0,0,0,0,0,0,0,,0,0,0,0,,0,0,,0,0,0,0,0,0,0,0,0,0,,,,,,,,,,,,,,,,,,,,,,,,,,,,,,,,,,,,,,,,,,,,,,,,,,,,,,,,,,,,,,,,,,,,,,,,,,,,,,,,,,,,,,,,,,,,,,,,,,,,,,,,,,,,,,,,,,,,,,,,,,,,,,,,,,,,,,,,,,,,,,,,,,,,00-0031237,BridTe00,16728,Teddy Bridgewater,1992-11-10,74.0,210.0,Louisville,2014.0,1.0,32.0,MIN,2014,11,4.0,0.0,0.0,0.0,0.0,,,,,,,,,,,,,,,,,,,,,,,,,2025.0,Teddy Bridgewater,TB,33.0,QB,4.0,0.0,3.0,4.0,,0.0,4.0,1.3,0.0,0.0,0.0,,2026-02-11,Teddy Bridgewater,TB,15.0,1.0,0.0,0.0,0.0,4.0,28.6,2025.0,2.0,4.0,0.0,2.0,4.0,22.2,0.0,8.0,57.1,2.0,3.0,2.0,3.0,0.0,0.0,,,98.0,6.5,10.0,1.3,0.7,52.0,6.5,1.0,6.0,,,,,,,,,,,,,,,,,,,,,,,3,-0.1,-0.1,0,0,0
2025,Tyson Bagent,T.Bagent,00-0038416,CHI,QB,QB,65.0,2,2.58,1.29,2.58,0.0,0,0,0,0,0.0,0.0,0.0,2,7,0,3,4,47,0,0,14.0,0.06666666666666667,0.1842857142857143,1.29,0.6929646455628167,1.7800000000000002,0,QB,"https://static.www.nfl.com/image/upload/f_auto,q_auto/league/ymimvligfyrucu0v3p6a",REG,0,0,0,0,30,39,2,2.305082613544073,9.568607807159424,0,1.5666666666666667,2,2,2,0,1,0,0,-0.3711529092397541,0,0,0,0,0,0,0,0,0,0,,0,0,0,0,0,,0,0,0,0,0,0,0,0.0,0.0,0,0,0,0,0,0,0,0,0,0,0,0,0,0,0,0,0,0,0,0,0,1,0,1,0,0,0,0,0,0,0,0,0,,,0,0,0,0,0,0,0,0,0,0,0,0,,,,0,0,0,0,0,0,0,,0,0,0,0,,0,0,,0,0,0,0,0,0,0,0,0,0,,,,,,,,,,,,,,,,,,,,,,,,,,,,,,,,,,,,,,,,,,,,,,,,,,,,,,,,,,,,,,,,,,,,,,,,,,,,,,,,,,,,,,,,,,,,,,,,,,,,,,,,,,,,,,,,,,,,,,,,,,,,,,,,,,,,,,,,,,,,,,,,,,,,00-0038416,BageTy00,4434153,Tyson Bagent,2000-06-08,75.0,213.0,Shepherd,,,,,2023,4,3.0,0.0,0.0,0.0,0.0,,,,,,,,,,,,,,,,,,,,,,,,,2025.0,Tyson Bagent,CHI,25.0,QB,3.0,0.0,2.0,7.0,,0.0,7.0,3.5,0.0,0.0,0.0,,2026-02-11,Tyson Bagent,CHI,4.0,0.0,0.0,0.0,0.0,1.0,25.0,2025.0,2.5,0.0,0.0,1.0,1.0,20.0,0.0,3.0,75.0,0.0,0.0,0.0,0.0,0.0,0.0,,,30.0,7.5,8.0,2.7,2.0,39.0,13.0,1.0,7.0,,,,,,,,,,,,,,,,,,,,,,,2,1.29,0.8,0,0,0
2025,Anthony Richardson,A.Richardson,00-0039164,IND,QB,QB,66.0,2,2.16,1.08,1.1600000000000001,1.0,1,1,9,0,0.0018867924528301887,0.00045662100456621003,0.0031498233824416304,4,-1,0,1,2,9,0,0,14.0,0.11499999999999999,0.1542857142857143,1.0799999999999998,1.668772003600252,2.26,0,QB,"https://static.www.nfl.com/image/upload/f_auto,q_auto/league/wrddeyklfcgk9qybgofq",REG,0,0,0,0,31,7,1,-1.2116199531592429,-8.090043067932129,0,0.2903225806451613,0,0,0,0,0,0,1,-2.4298220174387097,0,0,0,0,0,0,0,2,7,1,0.45754102151840925,0,0,0,0,0,4.5,0,0,0,0,0,0,0,0.0,0.0,0,0,0,0,0,0,0,0,0,0,0,0,0,0,0,0,0,0,0,0,0,0,0,0,0,0,0,0,0,0,0,0,0,,,0,0,0,0,0,0,0,0,0,0,0,0,,,,0,0,0,0,0,0,0,,0,0,0,0,,0,0,,0,0,0,0,0,0,0,0,0,0,,,,,,,,,,,,,,,,,,,,,,,,,,,,,,,,,,,,,,,,,,,,,,,,,,,,,,,,,,,,,,,,,,,,,,,,,,,,,,,,,,,,,,,,,,,,,,,,,,,,,,,,,,,,,,,,,,,,,,,,,,,,,,,,,,,,,,,,,,,,,,,,,,,,00-0039164,RichAn03,4429084,Anthony Richardson,2002-05-22,76.0,244.0,Florida,2023.0,1.0,4.0,IND,2023,4,2.0,0.0,0.0,0.0,0.0,2025.0,Anthony Richardson,IND,23.0,QB,2.0,0.0,1.0,1.0,9.0,,1.0,2.0,2.0,7.0,7.0,2.0,0.0,,0.0,0.0,0.0,104.2,2026-02-11,2025.0,Anthony Richardson,IND,23.0,QB,2.0,0.0,4.0,-1.0,,1.0,-1.0,-0.3,0.0,0.0,0.0,,2026-02-11,Anthony Richardson,IND,2.0,0.0,0.0,0.0,0.0,1.0,50.0,2025.0,1.9,0.0,0.0,0.0,0.0,0.0,0.0,0.0,0.0,1.0,9.0,1.0,9.0,0.0,0.0,,,31.0,15.5,2.0,2.0,1.0,7.0,7.0,0.0,,,,,,,,,,,,,,,,,,,,,,,,2,1.0799999999999998,-0.1,0,0,0
2025,Joshua Dobbs,J.Dobbs,00-0033949,NE,QB,QB,67.0,4,2.1,0.525,2.1,0.0,0,0,0,0,0.0,0.0,0.0,10,-5,0,7,10,65,0,0,44.0,0.18,0.04772727272727273,0.525,0.5978572850884509,1.0999999999999999,0,QB,"https://static.www.nfl.com/image/upload/f_auto,q_auto/league/twaqqjexyi0vgyfbvzis",REG,0,0,0,0,119,48,3,-0.0719429492467123,5.946495234966278,0,0.5462184873949579,3,2,2,0,0,0,0,-6.632653480162844,0,0,0,0,0,0,0,0,0,0,,0,0,0,0,0,,0,0,0,0,0,0,0,0.0,0.0,0,0,0,0,0,0,0,0,0,0,0,0,0,0,0,0,0,0,0,0,0,0,0,0,0,0,0,0,0,0,0,0,0,,,0,0,0,0,0,0,0,0,0,0,0,0,,,,0,0,0,0,0,0,0,,0,0,0,0,,0,0,,0,0,0,0,0,0,0,0,0,0,,,,,,,,,,,,,,,,,,,,,,,,,,,,,,,,,,,,,,,,,,,,,,,,,,,,,,,,,,,,,,,,,,,,,,,,,,,,,,,,,,,,,,,,,,,,,,,,,,,,,,,,,,,,,,,,,,,,,,,,,,,,,,,,,,,,,,,,,,,,,,,,,,,,00-0033949,DobbJo00,3044720,Joshua Dobbs,1995-01-26,75.0,216.0,Tennessee,2017.0,4.0,135.0,PIT,2017,10,4.0,0.0,0.0,0.0,0.0,,,,,,,,,,,,,,,,,,,,,,,,,2025.0,Joshua Dobbs,NE,30.0,QB,4.0,0.0,10.0,-5.0,,0.0,-5.0,-0.5,0.0,0.0,0.0,,2026-02-11,Joshua Dobbs,NE,10.0,0.0,0.0,0.0,0.0,3.0,30.0,2025.0,2.7,6.0,0.0,0.0,0.0,0.0,0.0,7.0,70.0,2.0,43.0,2.0,43.0,0.0,0.0,,,119.0,11.9,17.0,2.4,1.7,48.0,6.9,1.0,2.0,2025.0,Regular,Season Total,NE,J. Dobbs,,72.3,0.9,11.0,0.6,0.8,-0.2,0.0,0.0,76.2,0.0,Joshua,Dobbs,Joshua Dobbs,https://a.espncdn.com/i/headshots/nfl/players/full/3044720.png,Patriots,False,4,0.6,-0.2,0,0,0
2025,Clayton Tune,C.Tune,00-0038582,GB,QB,QB,68.0,2,1.9800000000000002,0.9900000000000001,1.9800000000000002,0.0,0,0,0,0,0.0,0.0,0.0,5,23,0,7,15,42,0,1,59.0,0.585,0.03355932203389831,0.9900000000000001,3.7759502115361636,3.66,0,QB,"https://static.www.nfl.com/image/upload/f_auto,q_auto/league/qf8khbyllgjzfyqd3yuz",REG,5,-44,1,0,58,28,2,-19.899344522098545,-21.888706939561025,0,0.7241379310344828,0,0,0,0,0,0,2,2.1791371856816113,0,1,1,0,0,0,0,0,0,0,,0,0,0,0,0,,0,0,0,0,0,0,0,0.0,0.0,0,0,0,0,0,0,0,0,0,0,0,0,0,0,0,0,0,0,0,0,1,0,0,1,0,0,0,0,0,0,0,0,0,,,0,0,0,0,0,0,0,0,0,0,0,0,,,,0,0,0,0,0,0,0,,0,0,0,0,,0,0,,0,0,0,0,0,0,0,0,0,0,,,,,,,,,,,,,,,,,,,,,,,,,,,,,,,,,,,,,,,,,,,,,,,,,,,,,,,,,,,,,,,,,,,,,,,,,,,,,,,,,,,,,,,,,,,,,,,,,,,,,,,,,,,,,,,,,,,,,,,,,,,,,,,,,,,,,,,,,,,,,,,,,,,,00-0038582,TuneCl00,4360175,Clayton Tune,1999-03-23,75.0,220.0,Houston,2023.0,5.0,139.0,ARI,2023,3,2.0,0.0,0.0,0.0,0.0,,,,,,,,,,,,,,,,,,,,,,,,,2025.0,Clayton Tune,GB,26.0,QB,2.0,1.0,5.0,23.0,,2.0,10.0,2.0,13.0,2.6,1.0,5.0,2026-02-11,Clayton Tune,GB,15.0,1.0,0.0,1.0,7.1,2.0,14.3,2025.0,2.5,9.0,0.0,3.0,8.0,36.4,1.0,10.0,71.4,1.0,0.0,0.0,0.0,0.0,0.0,,,58.0,3.9,14.0,2.0,0.9,28.0,4.0,2.0,8.5,,,,,,,,,,,,,,,,,,,,,,,2,0.9900000000000001,-1.68,0,0,0
2025,Cooper Rush,C.Rush,00-0033662,BAL,QB,QB,69.0,4,1.720000000000001,0.43000000000000027,1.720000000000001,0.0,0,0,0,0,0.0,0.0,0.0,4,-4,0,34,52,303,0,4,115.0,0.505,0.014956521739130445,0.43000000000000005,1.4545102268461367,2.08,0,QB,"https://static.www.nfl.com/image/upload/f_auto,q_auto/league/mwrtykpswz7nbfisqlmj",REG,1,-16,0,0,335,149,13,-18.84717217733835,-1.9398655377182306,0,0.9044776119402985,10,3,2,1,1,1,0,-5.581122012459673,0,0,0,0,0,0,0,0,0,0,,0,0,0,0,0,,0,0,0,0,0,0,0,0.0,0.0,0,0,0,0,0,0,0,0,0,0,0,0,0,0,-4,0,0,0,0,0,0,1,0,1,1,0,0,0,0,0,0,0,0,,,0,0,0,0,0,0,0,0,0,0,0,0,,,,0,0,0,0,0,0,0,,0,0,0,0,,0,0,,0,0,0,0,0,0,0,0,0,0,,,,,,,,,,,,,,,,,,,,,,,,,,,,,,,,,,,,,,,,,,,,,,,,,,,,,,,,,,,,,,,,,,,,,,,,,,,,,,,,,,,,,,,,,,,,,,,,,,,,,,,,,,,,,,,,,,,,,,,,,,,,,,,,,,,,,,,,,,,,,,,,,,,,00-0033662,RushCo00,2972515,Cooper Rush,1993-11-21,75.0,225.0,Central Michigan; Tarrant County JC,,,,,2017,9,4.0,0.0,0.0,0.0,0.0,,,,,,,,,,,,,,,,,,,,,,,,,2025.0,Cooper Rush,BAL,32.0,QB,4.0,2.0,4.0,-4.0,,0.0,-4.0,-1.0,0.0,0.0,0.0,,2026-02-11,Cooper Rush,BAL,52.0,2.0,0.0,2.0,4.0,9.0,18.0,2025.0,2.4,9.0,2.0,6.0,9.0,17.0,0.0,37.0,74.0,1.0,0.0,1.0,0.0,0.0,0.0,,,335.0,6.4,154.0,4.5,3.0,149.0,4.4,0.0,,,,,,,,,,,,,,,,,,,,,,,,4,0.38000000000000006,-1.12,0,0,0
2025,Zach Wilson,Z.Wilson,00-0037013,MIA,QB,QB,70.0,4,1.3800000000000001,0.34500000000000003,1.3800000000000001,0.0,0,0,0,0,0.0,0.0,0.0,3,1,0,6,11,32,0,0,26.0,0.1125,0.053076923076923084,0.34500000000000003,0.828713862962764,1.58,0,QB,"https://static.www.nfl.com/image/upload/f_auto,q_auto/league/i17xpbsar7evcypbhtel",REG,0,0,0,0,61,23,3,-6.621344425424468,-7.3663729429244995,0,0.5245901639344263,1,0,0,0,0,0,0,-0.23850150406360626,0,0,0,0,0,0,0,0,0,0,,0,0,0,0,0,,0,0,0,0,0,0,0,0.0,0.0,0,0,0,0,0,0,0,0,0,0,0,0,0,0,0,0,0,0,0,0,0,0,0,0,0,0,0,0,0,0,0,0,0,,,0,0,0,0,0,0,0,0,0,0,0,0,,,,0,0,0,0,0,0,0,,0,0,0,0,,0,0,,0,0,0,0,0,0,0,0,0,0,,,,,,,,,,,,,,,,,,,,,,,,,,,,,,,,,,,,,,,,,,,,,,,,,,,,,,,,,,,,,,,,,,,,,,,,,,,,,,,,,,,,,,,,,,,,,,,,,,,,,,,,,,,,,,,,,,,,,,,,,,,,,,,,,,,,,,,,,,,,,,,,,,,,00-0037013,WilsZa00,4361259,Zach Wilson,1999-08-03,74.0,214.0,BYU,2021.0,1.0,2.0,NYJ,2021,6,4.0,0.0,0.0,0.0,0.0,,,,,,,,,,,,,,,,,,,,,,,,,2025.0,Zach Wilson,MIA,26.0,QB,4.0,0.0,3.0,1.0,,0.0,1.0,0.3,0.0,0.0,0.0,,2026-02-11,Zach Wilson,MIA,11.0,1.0,0.0,0.0,0.0,3.0,30.0,2025.0,2.0,4.0,0.0,2.0,2.0,16.7,1.0,6.0,60.0,3.0,11.0,3.0,11.0,0.0,0.0,,,49.0,4.5,9.0,1.5,0.8,23.0,3.8,1.0,3.0,,,,,,,,,,,,,,,,,,,,,,,4,0.0,-0.2,0,0,0
2025,Brandon Allen,B.Allen,00-0032434,TEN,QB,QB,71.0,1,0.8799999999999999,0.8799999999999999,0.8799999999999999,0.0,0,0,0,0,0.0,0.0,0.0,0,0,0,17,30,72,0,1,49.0,0.91,0.017959183673469385,0.8799999999999999,,0.8799999999999999,0,QB,"https://static.www.nfl.com/image/upload/f_auto,q_auto/league/zljq6177ohvxucfq7fl9",REG,1,-7,0,0,109,80,3,-24.02839085522935,-13.082239627838135,0,0.6605504587155964,3,1,1,0,0,0,0,,0,0,0,0,0,0,0,0,0,0,,0,0,0,0,0,,0,0,0,0,0,0,0,0.0,0.0,0,0,0,0,0,0,0,0,0,0,0,0,0,0,0,0,0,0,0,0,0,0,0,0,0,0,0,0,0,0,0,0,0,,,0,0,0,0,0,0,0,0,0,0,0,0,,,,0,0,0,0,0,0,0,,0,0,0,0,,0,0,,0,0,0,0,0,0,0,0,0,0,,,,,,,,,,,,,,,,,,,,,,,,,,,,,,,,,,,,,,,,,,,,,,,,,,,,,,,,,,,,,,,,,,,,,,,,,,,,,,,,,,,,,,,,,,,,,,,,,,,,,,,,,,,,,,,,,,,,,,,,,,,,,,,,,,,,,,,,,,,,,,,,,,,,00-0032434,AlleBr00,2574511,Brandon Allen,1992-09-05,74.0,209.0,Arkansas,2016.0,6.0,201.0,JAX,2016,9,1.0,0.0,0.0,0.0,0.0,,,,,,,,,,,,,,,,,,,,,,,,,,,,,,,,,,,,,,,,,,,Brandon Allen,TEN,30.0,0.0,0.0,1.0,3.3,9.0,30.0,2025.0,2.2,7.0,4.0,4.0,9.0,29.0,1.0,18.0,60.0,5.0,19.0,5.0,19.0,0.0,0.0,,,109.0,3.6,-8.0,-0.5,-0.3,80.0,4.7,0.0,,,,,,,,,,,,,,,,,,,,,,,,1,0.8799999999999999,0.8799999999999999,0,0,0
2025,Drew Lock,D.Lock,00-0035704,SEA,QB,QB,72.0,3,0.09999999999999998,0.033333333333333326,0.09999999999999998,0.0,0,0,0,0,0.0,0.0,0.0,6,-5,0,2,3,15,0,0,38.0,0.13,0.0026315789473684206,0.033333333333333326,0.4509249752822894,0.5,0,QB,"https://static.www.nfl.com/image/upload/f_auto,q_auto/league/vdixnkk1uglfpwowalf8",REG,0,0,0,0,5,16,1,-0.8927228087559342,-14.289780457814535,0,3.0,1,0,0,0,2,0,0,-0.9669484701007605,0,0,0,0,0,0,0,0,0,0,,0,0,0,0,0,,0,0,0,0,0,0,0,0.0,0.0,0,0,0,0,0,0,0,0,0,0,0,0,0,2,0,0,0,0,0,0,0,2,0,2,0,0,0,0,0,0,0,0,0,,,0,0,0,0,0,0,0,0,0,0,0,0,,,,0,0,0,0,0,0,0,,0,0,0,0,,0,0,,0,0,0,0,0,0,0,0,0,0,,,,,,,,,,,,,,,,,,,,,,,,,,,,,,,,,,,,,,,,,,,,,,,,,,,,,,,,,,,,,,,,,,,,,,,,,,,,,,,,,,,,,,,,,,,,,,,,,,,,,,,,,,,,,,,,,,,,,,,,,,,,,,,,,,,,,,,,,,,,,,,,,,,,00-0035704,LockDr00,3924327,Drew Lock,1996-11-10,76.0,228.0,Missouri,2019.0,2.0,42.0,DEN,2019,8,5.0,0.0,0.0,0.0,0.0,,,,,,,,,,,,,,,,,,,,,,,,,2025.0,Drew Lock,SEA,29.0,QB,5.0,0.0,6.0,-5.0,,0.0,-5.0,-0.8,0.0,0.0,0.0,,2026-02-11,Drew Lock,SEA,3.0,0.0,0.0,0.0,0.0,0.0,0.0,2025.0,2.6,2.0,0.0,0.0,0.0,0.0,0.0,3.0,100.0,0.0,0.0,0.0,0.0,0.0,0.0,,,5.0,1.7,-1.0,-0.5,-0.3,16.0,8.0,0.0,,,,,,,,,,,,,,,,,,,,,,,,3,0.0,-0.4,0,0,0
2025,Brett Rypien,B.Rypien,00-0034955,CIN,QB,QB,73.0,1,0.0,0.0,0.0,0.0,0,0,0,0,0.0,0.0,0.0,0,0,0,0,0,0,0,0,3.0,0.05,0.0,0.0,,0.0,0,QB,"https://static.www.nfl.com/image/upload/f_auto,q_auto/league/aagqym9xmd5rligbbacq",REG,1,-2,0,0,0,0,0,-1.2378779940772802,,0,,0,0,0,0,0,0,0,,0,0,0,0,0,0,0,0,0,0,,0,0,0,0,0,,0,0,0,0,0,0,0,0.0,0.0,0,0,0,0,0,0,0,0,0,0,0,0,0,0,0,0,0,0,0,0,0,0,0,0,0,0,0,0,0,0,0,0,0,,,0,0,0,0,0,0,0,0,0,0,0,0,,,,0,0,0,0,0,0,0,,0,0,0,0,,0,0,,0,0,0,0,0,0,0,0,0,0,,,,,,,,,,,,,,,,,,,,,,,,,,,,,,,,,,,,,,,,,,,,,,,,,,,,,,,,,,,,,,,,,,,,,,,,,,,,,,,,,,,,,,,,,,,,,,,,,,,,,,,,,,,,,,,,,,,,,,,,,,,,,,,,,,,,,,,,,,,,,,,,,,,,00-0034955,RypiBr00,3722362,Brett Rypien,1996-07-09,74.0,210.0,Boise State,,,,,2019,7,1.0,0.0,0.0,0.0,0.0,,,,,,,,,,,,,,,,,,,,,,,,,,,,,,,,,,,,,,,,,,,,,,,,,,,,,,,,,,,,,,,,,,,,,,,,,,,,,,,,,,,,,,,,,,,,,,,,,,,,,1,0.0,0.0,0,0,0
2025,Nick Mullens,N.Mullens,00-0033319,JAX,QB,QB,74.0,4,-0.040000000000000036,-0.010000000000000009,-0.040000000000000036,0.0,0,0,0,0,0.0,0.0,0.0,12,-8,0,3,3,19,0,0,36.0,0.11200000000000002,-0.0011111111111111122,-0.010000000000000009,0.32843061164676274,0.44,0,QB,"https://static.www.nfl.com/image/upload/f_auto,q_auto/league/haxwyajgngz6quuyqg19",REG,0,0,0,0,4,15,2,2.8997661510420993,28.957560658454895,0,4.75,0,0,0,0,0,0,0,-2.4598922564764507,0,0,0,0,0,0,0,0,0,0,,0,0,0,0,0,,0,0,0,1,0,0,0,0.0,0.0,0,0,0,0,0,0,0,0,0,0,0,0,0,0,0,0,0,0,0,0,0,0,0,0,0,0,0,0,0,0,0,0,0,,,0,0,0,0,0,0,0,0,0,0,0,0,,,,0,0,0,0,0,0,0,,0,0,0,0,,0,0,,0,0,0,0,0,0,0,0,0,0,,,,,,,,,,,,,,,,,,,,,,,,,,,,,,,,,,,,,,,,,,,,,,,,,,,,,,,,,,,,,,,,,,,,,,,,,,,,,,,,,,,,,,,,,,,,,,,,,,,,,,,,,,,,,,,,,,,,,,,,,,,,,,,,,,,,,,,,,,,,,,,,,,,,00-0033319,MullNi00,3059989,Nick Mullens,1995-03-21,73.0,210.0,Southern Mississippi,,,,,2017,8,5.0,0.0,0.0,0.0,0.0,,,,,,,,,,,,,,,,,,,,,,,,,2025.0,Nick Mullens,JAX,30.0,QB,5.0,0.0,12.0,-8.0,,0.0,-8.0,-0.7,0.0,0.0,0.0,,2026-02-11,Nick Mullens,JAX,3.0,0.0,0.0,0.0,0.0,0.0,0.0,2025.0,1.5,1.0,1.0,0.0,1.0,33.3,0.0,3.0,100.0,0.0,0.0,0.0,0.0,0.0,0.0,,,4.0,1.3,4.0,1.3,1.3,15.0,5.0,0.0,,2025.0,Regular,Season Total,JAX,N. Mullens,,85.8,0.5,3.0,0.2,0.2,0.0,0.0,0.0,89.6,0.0,Nick,Mullens,Nick Mullens,https://a.espncdn.com/i/headshots/nfl/players/full/3059989.png,Jaguars,False,4,-0.09000000000000001,-0.30000000000000004,0,0,0
2025,Kedon Slovis,K.Slovis,00-0039577,ARI,QB,QB,75.0,2,-0.08,-0.04,-0.08,0.0,0,0,0,0,0.0,0.0,0.0,0,0,0,1,2,-2,0,0,5.0,0.03,-0.016,-0.04,0.0565685424949238,0.0,0,QB,"https://static.www.nfl.com/image/upload/f_auto,q_auto/league/hkvrcpwl9tm41jr3b0x3",REG,0,0,0,0,3,0,0,-2.1466314259450883,-31.81181252002716,0,-0.6666666666666666,0,0,0,0,0,0,0,,0,0,0,0,0,0,0,0,0,0,,0,0,0,0,0,,0,0,0,0,0,0,0,0.0,0.0,0,0,0,0,0,0,0,0,0,0,0,0,0,0,0,0,0,0,0,0,0,0,0,0,0,0,0,0,0,0,0,0,0,,,0,0,0,0,0,0,0,0,0,0,0,0,,,,0,0,0,0,0,0,0,,0,0,0,0,,0,0,,0,0,0,0,0,0,0,0,0,0,,,,,,,,,,,,,,,,,,,,,,,,,,,,,,,,,,,,,,,,,,,,,,,,,,,,,,,,,,,,,,,,,,,,,,,,,,,,,,,,,,,,,,,,,,,,,,,,,,,,,,,,,,,,,,,,,,,,,,,,,,,,,,,,,,,,,,,,,,,,,,,,,,,,00-0039577,SlovKe00,4428512,Kedon Slovis,2001-04-11,74.0,223.0,BYU; Pittsburgh; USC,,,,,2024,2,2.0,0.0,0.0,0.0,0.0,,,,,,,,,,,,,,,,,,,,,,,,,,,,,,,,,,,,,,,,,,,Kedon Slovis,ARI,2.0,0.0,0.0,0.0,0.0,1.0,50.0,2025.0,2.1,0.0,0.0,0.0,0.0,0.0,0.0,1.0,50.0,0.0,0.0,0.0,0.0,0.0,0.0,,,3.0,1.5,-2.0,-2.0,-1.0,0.0,0.0,0.0,,,,,,,,,,,,,,,,,,,,,,,,2,-0.04,-0.08,0,0,0
2025,Adrian Martinez,A.Martinez,00-0038658,SF,QB,QB,76.0,1,-0.1,-0.1,-0.1,0.0,0,0,0,0,0.0,0.0,0.0,1,-1,0,0,0,0,0,0,,,,-0.1,,-0.1,0,QB,"https://static.www.nfl.com/image/upload/f_auto,q_auto/league/w0ehlpfwk70tqpswllwv",REG,0,0,0,0,0,0,0,,,0,,0,0,0,0,0,0,0,-2.324388109263964,0,0,0,0,0,0,0,0,0,0,,0,0,0,0,0,,0,0,0,0,0,0,0,0.0,0.0,0,0,0,0,0,0,0,0,0,0,0,0,0,0,0,0,0,0,0,0,0,0,0,0,0,0,0,0,0,0,0,0,0,,,0,0,0,0,0,0,0,0,0,0,0,0,,,,0,0,0,0,0,0,0,,0,0,0,0,,0,0,,0,0,0,0,0,0,0,0,0,0,,,,,,,,,,,,,,,,,,,,,,,,,,,,,,,,,,,,,,,,,,,,,,,,,,,,,,,,,,,,,,,,,,,,,,,,,,,,,,,,,,,,,,,,,,,,,,,,,,,,,,,,,,,,,,,,,,,,,,,,,,,,,,,,,,,,,,,,,,,,,,,,,,,,00-0038658,,4361182,Adrian Martinez,2000-01-07,74.0,220.0,Kansas State; Nebraska,,,,,2024,1,,,,,,,,,,,,,,,,,,,,,,,,,,,,,,,,,,,,,,,,,,,,,,,,,,,,,,,,,,,,,,,,,,,,,,,,,,,,,,,,,,,,,,,,,,,,,,,,,,,,,,,,,,1,-0.1,-0.1,0,0,0
2025,Jarrett Stidham,J.Stidham,00-0035264,DEN,QB,QB,76.0,1,-0.1,-0.1,-0.1,0.0,0,0,0,0,0.0,0.0,0.0,1,-1,0,0,0,0,0,0,4.0,0.06,-0.025,-0.1,,-0.1,0,QB,"https://static.www.nfl.com/image/upload/f_auto,q_auto/league/uzdn86skeienyyqxyiuw",REG,0,0,0,0,0,0,0,,,0,,0,0,0,0,0,0,0,0.0,0,0,0,0,0,0,0,0,0,0,,0,0,0,0,0,,0,0,0,0,0,0,0,0.0,0.0,0,0,0,0,0,0,0,0,0,0,0,0,0,0,0,0,0,0,0,0,0,0,0,0,0,0,0,0,0,0,0,0,0,,,0,0,0,0,0,0,0,0,0,0,0,0,,,,0,0,0,0,0,0,0,,0,0,0,0,,0,0,,0,0,0,0,0,0,0,0,0,0,J.Stidham,Jarrett Stidham,QB,QB,"https://static.www.nfl.com/image/upload/f_auto,q_auto/league/uzdn86skeienyyqxyiuw",2025.0,POST,DEN,1.0,17.0,31.0,133.0,1.0,1.0,3.0,-31.0,1.0,1.0,182.0,72.0,8.0,-15.533969123045152,-5.823332512820208,0.0,0.7307692307692307,4.0,1.0,1.0,1.0,4.0,23.0,0.0,0.0,0.0,0.0,0.04921675049473406,0.0,0.0,0.0,0.0,0.0,0.0,0.0,0.0,0.0,0.0,0.0,0.0,0.0,0.0,,0.0,0.0,0.0,0.0,0.0,,0.0,0.0,0.0,0.0,0.0,0.0,0.0,0.0,0.0,0.0,0.0,0.0,0.0,0.0,0.0,0.0,0.0,0.0,0.0,0.0,0.0,0.0,0.0,0.0,0.0,0.0,0.0,0.0,0.0,0.0,0.0,0.0,1.0,0.0,0.0,1.0,1.0,0.0,0.0,0.0,0.0,0.0,0.0,0.0,0.0,,,0.0,0.0,0.0,0.0,0.0,0.0,0.0,0.0,0.0,0.0,0.0,0.0,,,,0.0,0.0,0.0,0.0,0.0,0.0,0.0,,0.0,0.0,0.0,0.0,,0.0,0.0,,0.0,0.0,0.0,0.0,0.0,0.0,0.0,0.0,0.0,0.0,7.620000000000001,7.620000000000001,00-0035264,StidJa00,3892775,Jarrett Stidham,1996-08-08,75.0,215.0,Auburn; McLennan CC; Baylor,2019.0,4.0,133.0,NE,2019,7,1.0,0.0,0.0,0.0,0.0,,,,,,,,,,,,,,,,,,,,,,,,,2025.0,Jarrett Stidham,DEN,29.0,QB,1.0,0.0,1.0,-1.0,,0.0,-1.0,-1.0,0.0,0.0,0.0,,2026-02-11,,,,,,,,,,,,,,,,,,,,,,,,,,,,,,,,,,,,,,,,,,,,,,,,,,,,,,,,,,,1,-0.1,-0.1,0,0,0
2025,Kyle Allen,K.Allen,00-0034577,DET,QB,QB,78.0,2,-0.30000000000000004,-0.15000000000000002,-0.30000000000000004,0.0,0,0,0,0,0.0,0.0,0.0,3,-3,0,0,2,0,0,0,16.0,0.08333333333333333,-0.018750000000000003,-0.15000000000000002,0.07071067811865477,-0.1,0,QB,"https://static.www.nfl.com/image/upload/f_auto,q_auto/league/s3vbqdcoc6oc6yh460v9",REG,0,0,0,0,10,0,0,-1.3552653677443862,-63.74935805797577,0,0.0,0,0,0,0,0,0,0,0.0,0,0,0,0,0,0,0,0,0,0,,0,0,0,0,0,,0,0,0,0,0,0,0,0.0,0.0,0,0,0,0,0,0,0,0,0,0,0,0,0,0,0,0,0,0,0,0,0,0,0,0,0,0,0,0,0,0,0,0,0,,,0,0,0,0,0,0,0,0,0,0,0,0,,,,0,0,0,0,0,0,0,,0,0,0,0,,0,0,,0,0,0,0,0,0,0,0,0,0,,,,,,,,,,,,,,,,,,,,,,,,,,,,,,,,,,,,,,,,,,,,,,,,,,,,,,,,,,,,,,,,,,,,,,,,,,,,,,,,,,,,,,,,,,,,,,,,,,,,,,,,,,,,,,,,,,,,,,,,,,,,,,,,,,,,,,,,,,,,,,,,,,,,00-0034577,AlleKy00,3115293,Kyle Allen,1996-03-08,75.0,210.0,Houston; Texas A&M,,,,,2018,8,3.0,0.0,0.0,0.0,0.0,,,,,,,,,,,,,,,,,,,,,,,,,2025.0,Kyle Allen,DET,29.0,QB,3.0,0.0,3.0,-3.0,,0.0,-3.0,-1.0,0.0,0.0,0.0,,2026-02-11,Kyle Allen,DET,2.0,0.0,0.0,1.0,50.0,0.0,0.0,2025.0,2.2,0.0,0.0,0.0,0.0,0.0,0.0,2.0,100.0,0.0,0.0,0.0,0.0,0.0,0.0,,,10.0,5.0,0.0,,0.0,0.0,,0.0,,,,,,,,,,,,,,,,,,,,,,,,2,-0.15000000000000002,-0.2,0,0,0
2025,Gardner Minshew,G.Minshew,00-0035289,KC,QB,QB,79.0,4,-0.32,-0.08,-0.32,0.0,0,0,0,0,0.0,0.0,0.0,6,2,0,6,13,37,0,1,41.0,0.1675,-0.007804878048780488,-0.08000000000000007,1.059685487931836,1.4,0,QB,"https://static.www.nfl.com/image/upload/f_auto,q_auto/league/knlacyr7rqfkcxiriudj",REG,0,0,0,0,68,31,2,-6.414683026901912,-20.530454949899152,0,0.5441176470588235,2,0,0,0,0,0,0,-0.5709919421933591,0,0,0,0,0,0,0,0,0,0,,0,0,0,0,0,,0,0,0,0,0,0,0,0.0,0.0,0,0,0,0,0,0,0,0,0,0,0,0,0,0,0,0,0,0,0,0,0,0,0,0,0,0,0,0,0,0,0,0,0,,,0,0,0,0,0,0,0,0,0,0,0,0,,,,0,0,0,0,0,0,0,,0,0,0,0,,0,0,,0,0,0,0,0,0,0,0,0,0,,,,,,,,,,,,,,,,,,,,,,,,,,,,,,,,,,,,,,,,,,,,,,,,,,,,,,,,,,,,,,,,,,,,,,,,,,,,,,,,,,,,,,,,,,,,,,,,,,,,,,,,,,,,,,,,,,,,,,,,,,,,,,,,,,,,,,,,,,,,,,,,,,,,00-0035289,MinsGa00,4038524,Gardner Minshew,1996-05-16,73.0,225.0,Washington State,2019.0,6.0,178.0,JAX,2019,8,4.0,0.0,0.0,0.0,0.0,,,,,,,,,,,,,,,,,,,,,,,,,2025.0,Gardner Minshew,KC,29.0,QB,4.0,1.0,6.0,2.0,,0.0,2.0,0.3,0.0,0.0,0.0,,2026-02-11,Gardner Minshew II,KC,13.0,2.0,0.0,0.0,0.0,3.0,27.3,2025.0,2.1,3.0,1.0,1.0,2.0,14.3,2.0,7.0,63.6,2.0,9.0,2.0,9.0,0.0,0.0,,,48.0,3.7,6.0,1.0,0.5,31.0,5.2,1.0,8.0,,,,,,,,,,,,,,,,,,,,,,,4,-0.30000000000000004,-1.12,0,0,0
2025,Jimmy Garoppolo,J.Garoppolo,00-0031345,LA,QB,QB,80.0,3,-1.0,-0.3333333333333333,-1.0,0.0,0,0,0,0,0.0,0.0,0.0,9,-10,0,0,0,0,0,0,18.0,0.08333333333333333,-0.05555555555555555,-0.3333333333333333,0.05773502691896256,-0.30000000000000004,0,QB,"https://static.www.nfl.com/image/upload/f_auto,q_auto/league/ivz3zwvjxvgcu4dzabur",REG,0,0,0,0,0,0,0,,,0,,0,0,0,0,0,0,0,0.0,0,0,0,0,0,0,0,0,0,0,,0,0,0,0,0,,0,0,0,0,0,0,0,0.0,0.0,0,0,0,0,0,0,0,0,0,0,0,0,0,0,0,0,0,0,0,0,0,0,0,0,0,0,0,0,0,0,0,0,0,,,0,0,0,0,0,0,0,0,0,0,0,0,,,,0,0,0,0,0,0,0,,0,0,0,0,,0,0,,0,0,0,0,0,0,0,0,0,0,,,,,,,,,,,,,,,,,,,,,,,,,,,,,,,,,,,,,,,,,,,,,,,,,,,,,,,,,,,,,,,,,,,,,,,,,,,,,,,,,,,,,,,,,,,,,,,,,,,,,,,,,,,,,,,,,,,,,,,,,,,,,,,,,,,,,,,,,,,,,,,,,,,,00-0031345,GaroJi00,16760,Jimmy Garoppolo,1991-11-02,74.0,225.0,Eastern Illinois,2014.0,2.0,62.0,NE,2014,12,3.0,0.0,0.0,0.0,0.0,,,,,,,,,,,,,,,,,,,,,,,,,2025.0,Jimmy Garoppolo,LA,34.0,QB,3.0,0.0,9.0,-10.0,,0.0,-10.0,-1.1,0.0,0.0,0.0,,2026-02-11,,,,,,,,,,,,,,,,,,,,,,,,,,,,,,,,,,,,,,,,,,,,,,,,,,,,,,,,,,,3,-0.30000000000000004,-0.4,0,0,0
2025,Jalen Milroe,J.Milroe,00-0040673,SEA,QB,QB,81.0,3,-1.6,-0.5333333333333333,-1.6,0.0,0,0,0,0,0.0,0.0,0.0,3,4,0,0,0,0,0,0,3.0,0.02,-0.5333333333333333,-0.5333333333333333,1.274100990241093,0.30000000000000004,0,QB,"https://static.www.nfl.com/image/upload/f_auto,q_auto/league/hohqoqpdyquxn1sr1fm2",REG,0,0,0,0,0,0,0,,,0,,0,0,0,0,1,1,0,-6.4411384095437825,0,0,0,0,0,0,0,0,0,0,,0,0,0,0,0,,0,0,0,0,0,0,0,0.0,0.0,0,0,0,0,0,0,0,0,0,0,0,0,0,0,-3,0,0,0,0,0,0,1,0,1,1,0,0,0,0,0,0,0,0,,,0,0,0,0,0,0,0,0,0,0,0,0,,,,0,0,0,0,0,0,0,,0,0,0,0,,0,0,,0,0,0,0,0,0,0,0,0,0,,,,,,,,,,,,,,,,,,,,,,,,,,,,,,,,,,,,,,,,,,,,,,,,,,,,,,,,,,,,,,,,,,,,,,,,,,,,,,,,,,,,,,,,,,,,,,,,,,,,,,,,,,,,,,,,,,,,,,,,,,,,,,,,,,,,,,,,,,,,,,,,,,,,00-0040673,MilrJa00,4432734,Jalen Milroe,2002-12-13,74.0,216.0,Alabama,2025.0,3.0,92.0,SEA,2025,2,3.0,0.0,0.0,0.0,0.0,,,,,,,,,,,,,,,,,,,,,,,,,2025.0,Jalen Milroe,SEA,23.0,QB,3.0,0.0,3.0,4.0,,0.0,1.0,0.3,3.0,1.0,0.0,,2026-02-11,,,,,,,,,,,,,,,,,,,,,,,,,,,,,,,,,,,,,,,,,,,,,,,,,,,,,,,,,,,3,0.1,-2.0,0,0,0
2025,Christian McCaffrey,C.McCaffrey,00-0033280,SF,RB,RB,1.0,17,416.6,24.50588235294118,314.6,102.0,102,129,924,7,0.23454545454545456,0.07797951582867783,0.40640384289825626,311,1202,10,0,1,0,0,0,932.0,0.8311764705882353,0.44699570815450645,24.50588235294118,8.22446583282429,39.1,12,RB,"https://static.www.nfl.com/image/upload/f_auto,q_auto/league/st82s2ytyzanatcmkqck",REG,0,0,0,0,14,0,0,-0.770897071401123,,0,0.0,0,0,0,0,1,0,71,-21.05085113787304,0,27,20,3,1,1,0,335,720,48,39.031451655985904,0,34,13,7,0,2.7582089552238807,0,3,0,1,0,0,0,0.0,0.0,0,0,0,0,0,0,0,0,0,0,0,0,0,1,0,0,0,0,0,0,2,0,0,2,0,0,0,0,0,0,0,0,0,,,0,0,0,0,0,0,0,0,0,0,0,0,,,,0,0,0,0,0,0,0,,0,0,0,0,,0,0,,0,0,0,0,0,0,0,0,0,0,C.McCaffrey,Christian McCaffrey,RB,RB,"https://static.www.nfl.com/image/upload/f_auto,q_auto/league/st82s2ytyzanatcmkqck",2025.0,POST,SF,2.0,0.0,0.0,0.0,0.0,0.0,0.0,0.0,0.0,0.0,0.0,0.0,0.0,,,0.0,,0.0,0.0,0.0,0.0,26.0,83.0,0.0,0.0,0.0,2.0,-4.912749544238462,0.0,1.0,0.0,0.0,0.0,11.0,14.0,105.0,2.0,0.0,0.0,62.0,66.0,7.0,8.497732599628781,0.0,4.0,1.0,1.0,0.0,1.6935483870967742,0.24561403508771928,0.12062256809338522,0.45285685029694855,0.0,0.0,0.0,0.0,0.0,0.0,0.0,0.0,0.0,0.0,0.0,0.0,0.0,0.0,0.0,0.0,0.0,0.0,0.0,0.0,0.0,0.0,0.0,0.0,0.0,0.0,0.0,0.0,0.0,0.0,0.0,0.0,0.0,0.0,0.0,0.0,0.0,0.0,0.0,0.0,0.0,0.0,,,0.0,0.0,0.0,0.0,0.0,0.0,0.0,0.0,0.0,0.0,0.0,0.0,,,,0.0,0.0,0.0,0.0,0.0,0.0,0.0,,0.0,0.0,0.0,0.0,,0.0,0.0,,0.0,0.0,0.0,0.0,0.0,0.0,0.0,0.0,0.0,0.0,30.8,41.8,00-0033280,McCaCh01,3117251,Christian McCaffrey,1996-06-07,71.0,210.0,Stanford,2017.0,1.0,8.0,CAR,2017,10,17.0,0.0,3.0,0.0,0.0058823529411764705,2025.0,Christian McCaffrey,SF,29.0,RB,17.0,17.0,129.0,102.0,924.0,,48.0,204.0,2.0,720.0,7.1,2.3,11.0,9.3,7.0,0.054000000000000006,3.0,104.9,2026-02-11,2025.0,Christian McCaffrey,SF,29.0,RB,17.0,17.0,311.0,1202.0,,71.0,728.0,2.3,474.0,1.5,10.0,31.1,2026-02-11,Christian McCaffrey,SF,1.0,1.0,0.0,0.0,,0.0,,2025.0,1.4,0.0,0.0,0.0,0.0,0.0,0.0,0.0,,19.0,67.0,1.0,0.0,18.0,67.0,,,14.0,14.0,0.0,,0.0,0.0,,0.0,,,,,,,,,,,,,,,,,,,,,,,,17,24.1,9.8,16,15,8
2025,Bijan Robinson,B.Robinson,00-0038542,ATL,RB,RB,2.0,17,370.8,21.811764705882354,291.8,79.0,79,103,820,4,0.19845857418111754,0.02422062350119904,0.3146422977225156,287,1478,7,0,0,0,0,0,860.0,0.7817647058823529,0.43116279069767444,21.811764705882354,10.258404015302597,39.900000000000006,9,RB,"https://static.www.nfl.com/image/upload/f_auto,q_auto/league/esii5yb8yn9edboi4mlq",REG,0,0,0,0,0,0,0,,,0,,0,0,0,0,3,2,63,-12.254629210466984,1,36,24,8,2,1,1,101,857,34,26.589835723961542,0,27,13,10,4,8.118811881188119,0,0,0,0,0,0,0,0.0,0.0,0,0,0,0,0,0,0,0,0,0,0,0,0,1,0,0,0,0,1,5,3,1,0,4,3,0,0,0,0,0,0,0,0,,,0,0,0,0,0,0,0,0,0,0,0,0,,,,0,0,0,0,0,0,0,,0,0,0,0,,0,0,,0,0,0,0,0,0,0,0,0,0,,,,,,,,,,,,,,,,,,,,,,,,,,,,,,,,,,,,,,,,,,,,,,,,,,,,,,,,,,,,,,,,,,,,,,,,,,,,,,,,,,,,,,,,,,,,,,,,,,,,,,,,,,,,,,,,,,,,,,,,,,,,,,,,,,,,,,,,,,,,,,,,,,,,00-0038542,RobiBi01,4430807,Bijan Robinson,2002-01-30,71.0,215.0,Texas,2023.0,1.0,8.0,ATL,2023,4,17.0,0.0,0.0,0.0,0.0,2025.0,Bijan Robinson,ATL,23.0,RB,17.0,17.0,103.0,79.0,820.0,,34.0,-37.0,-0.5,857.0,10.8,0.9,10.0,7.9,4.0,0.039,1.0,108.1,2026-02-11,2025.0,Bijan Robinson,ATL,23.0,RB,17.0,17.0,287.0,1478.0,,63.0,812.0,2.8,666.0,2.3,22.0,13.0,2026-02-11,,,,,,,,,,,,,,,,,,,,,,,,,,,,,,,,,,,,,,,,,,,,,,,,,,,,,,,,,,,17,21.200000000000003,5.800000000000001,14,12,7
2025,Jahmyr Gibbs,J.Gibbs,00-0039139,DET,RB,RB,3.0,17,366.9,21.58235294117647,289.9,77.0,77,94,616,5,0.1709090909090909,0.014469453376205787,0.2664922537269804,243,1223,13,0,0,0,0,0,737.0,0.67,0.49782903663500677,21.582352941176474,13.52720570249625,55.400000000000006,7,RB,"https://static.www.nfl.com/image/upload/f_auto,q_auto/league/cursejnmmp1i9hnxihkj",REG,0,0,0,0,0,0,0,,,0,,0,0,0,0,2,1,56,-2.667039391075863,0,27,21,10,6,0,0,54,615,28,17.75049128225163,0,23,10,7,1,11.407407407407407,0,0,0,0,0,0,0,0.0,0.0,0,0,0,0,0,0,0,0,0,0,0,0,0,2,0,0,0,0,1,5,2,0,0,2,1,0,0,0,0,0,0,0,0,,,0,0,0,0,0,0,0,0,0,0,0,0,,,,0,0,0,0,0,0,0,,0,0,0,0,,0,0,,0,0,0,0,0,0,0,0,0,0,,,,,,,,,,,,,,,,,,,,,,,,,,,,,,,,,,,,,,,,,,,,,,,,,,,,,,,,,,,,,,,,,,,,,,,,,,,,,,,,,,,,,,,,,,,,,,,,,,,,,,,,,,,,,,,,,,,,,,,,,,,,,,,,,,,,,,,,,,,,,,,,,,,,00-0039139,GibbJa01,4429795,Jahmyr Gibbs,2002-03-20,69.0,202.0,Alabama; Georgia Tech,2023.0,1.0,12.0,DET,2023,4,17.0,0.0,0.0,0.0,0.0,2025.0,Jahmyr Gibbs,DET,23.0,RB,17.0,17.0,94.0,77.0,616.0,,28.0,1.0,0.0,615.0,8.0,0.6,7.0,11.0,4.0,0.043,0.0,111.7,2026-02-11,2025.0,Jahmyr Gibbs,DET,23.0,RB,17.0,17.0,243.0,1223.0,,56.0,819.0,3.4,404.0,1.7,18.0,13.5,2026-02-11,,,,,,,,,,,,,,,,,,,,,,,,,,,,,,,,,,,,,,,,,,,,,,,,,,,,,,,,,,,17,19.4,5.800000000000001,13,12,5
2025,Jonathan Taylor,J.Taylor,00-0036223,IND,RB,RB,4.0,17,362.3,21.311764705882354,316.3,46.0,46,55,378,2,0.10377358490566038,-0.010273972602739725,0.14846859653657277,323,1585,18,0,0,0,0,0,883.0,0.8258823529411765,0.41030577576443944,21.311764705882354,12.441507261629376,49.6,7,RB,"https://static.www.nfl.com/image/upload/f_auto,q_auto/league/yw46ky6akdm7h7siofu8",REG,0,0,0,0,0,0,0,,,0,,0,0,0,0,1,1,84,18.77163480984675,1,36,26,9,4,1,0,-45,434,15,9.23404607143323,0,12,7,3,1,-8.4,0,1,0,0,0,0,0,0.0,0.0,0,0,0,0,0,0,0,0,0,0,0,0,0,2,0,0,0,0,1,15,2,0,0,2,1,0,0,0,0,0,0,0,0,,,0,0,0,0,0,0,0,0,0,0,0,0,,,,0,0,0,0,0,0,0,,0,0,0,0,,0,0,,0,0,0,0,0,0,0,0,0,0,,,,,,,,,,,,,,,,,,,,,,,,,,,,,,,,,,,,,,,,,,,,,,,,,,,,,,,,,,,,,,,,,,,,,,,,,,,,,,,,,,,,,,,,,,,,,,,,,,,,,,,,,,,,,,,,,,,,,,,,,,,,,,,,,,,,,,,,,,,,,,,,,,,,00-0036223,TaylJo02,4242335,Jonathan Taylor,1999-01-19,70.0,226.0,Wisconsin,2020.0,2.0,41.0,IND,2020,7,17.0,0.0,0.0,0.0,0.0,2025.0,Jonathan Taylor,IND,26.0,RB,17.0,17.0,55.0,46.0,378.0,,15.0,-56.0,-1.2,434.0,9.4,-0.9,8.0,5.8,4.0,0.073,0.0,107.4,2026-02-11,2025.0,Jonathan Taylor,IND,26.0,RB,17.0,17.0,323.0,1585.0,,84.0,798.0,2.5,787.0,2.4,27.0,12.0,2026-02-11,,,,,,,,,,,,,,,,,,,,,,,,,,,,,,,,,,,,,,,,,,,,,,,,,,,,,,,,,,,17,16.9,5.9,14,10,6
2025,De'Von Achane,D.Achane,00-0039040,MIA,RB,RB,5.0,16,322.8,20.175,255.8,67.0,67,85,488,4,0.18398268398268397,0.01041046995835812,0.28326135494487664,238,1350,8,0,0,0,0,0,694.0,0.75375,0.46512968299711815,20.175,7.015364091288015,40.5,5,RB,"https://static.www.nfl.com/image/upload/f_auto,q_auto/league/xk1xwio0bryfxo1ylweu",REG,0,0,0,0,0,0,0,,,0,,0,0,0,0,1,0,56,14.038851955604883,0,40,32,13,4,0,0,35,552,23,-10.227876861455023,0,20,8,4,0,13.942857142857143,0,3,0,0,0,0,0,0.0,0.0,0,0,0,0,0,0,0,0,0,0,0,0,0,1,0,0,0,0,1,4,1,0,0,1,0,0,0,0,0,0,0,0,0,,,0,0,0,0,0,0,0,0,0,0,0,0,,,,0,0,0,0,0,0,0,,0,0,0,0,,0,0,,0,0,0,0,0,0,0,0,0,0,,,,,,,,,,,,,,,,,,,,,,,,,,,,,,,,,,,,,,,,,,,,,,,,,,,,,,,,,,,,,,,,,,,,,,,,,,,,,,,,,,,,,,,,,,,,,,,,,,,,,,,,,,,,,,,,,,,,,,,,,,,,,,,,,,,,,,,,,,,,,,,,,,,,00-0039040,AchaDe00,4429160,De'Von Achane,2001-10-13,69.0,195.0,Texas A&M,2023.0,3.0,84.0,MIA,2023,4,16.0,1.0,4.0,0.00125,0.010625,2025.0,DeVon Achane,MIA,24.0,RB,16.0,16.0,85.0,67.0,488.0,,23.0,-64.0,-1.0,552.0,8.2,0.4,9.0,7.4,5.0,0.059000000000000004,2.0,96.5,2026-02-11,2025.0,DeVon Achane,MIA,24.0,RB,16.0,16.0,238.0,1350.0,,56.0,631.0,2.7,719.0,3.0,22.0,10.8,2026-02-11,,,,,,,,,,,,,,,,,,,,,,,,,,,,,,,,,,,,,,,,,,,,,,,,,,,,,,,,,,,16,17.75,12.8,16,14,3
2025,James Cook,J.Cook,00-0037248,BUF,RB,RB,6.0,17,302.20000000000005,17.7764705882353,269.20000000000005,33.0,33,40,291,2,0.08350730688935282,0.01549529607083564,0.13610766758361417,309,1621,12,0,0,0,0,0,639.0,0.571764705882353,0.472926447574335,17.776470588235295,9.201598326633578,33.6,9,RB,"https://static.www.nfl.com/image/upload/f_auto,q_auto/league/anjbznqb9i21wzcgrtbs",REG,0,0,0,0,0,0,0,,,0,,0,0,0,0,6,3,68,5.575975541014341,0,39,27,9,4,0,0,56,272,11,8.67202215976431,0,10,7,4,1,5.196428571428571,0,0,0,0,0,0,0,0.0,0.0,0,0,0,0,0,0,0,0,0,0,0,0,0,1,0,0,0,0,1,5,6,0,1,6,3,0,0,0,0,0,0,0,0,,,0,0,0,0,0,0,0,0,0,0,0,0,,,,0,0,0,0,0,0,0,,0,0,0,0,,0,0,,0,0,0,0,0,0,0,0,0,0,J.Cook,James Cook,RB,RB,"https://static.www.nfl.com/image/upload/f_auto,q_auto/league/anjbznqb9i21wzcgrtbs",2025.0,POST,BUF,2.0,0.0,0.0,0.0,0.0,0.0,0.0,0.0,0.0,0.0,0.0,0.0,0.0,,,0.0,,0.0,0.0,0.0,0.0,39.0,163.0,0.0,1.0,1.0,8.0,-6.406582686206093,0.0,6.0,3.0,1.0,0.0,4.0,6.0,29.0,0.0,0.0,0.0,1.0,27.0,1.0,-0.9948350533377379,0.0,1.0,1.0,1.0,0.0,29.0,0.08108108108108109,0.0015698587127158557,0.12272052272052272,0.0,0.0,0.0,0.0,0.0,0.0,0.0,0.0,0.0,0.0,0.0,0.0,0.0,0.0,0.0,0.0,0.0,0.0,0.0,0.0,0.0,0.0,0.0,0.0,0.0,0.0,0.0,0.0,0.0,1.0,0.0,0.0,1.0,1.0,0.0,0.0,0.0,0.0,0.0,0.0,0.0,0.0,,,0.0,0.0,0.0,0.0,0.0,0.0,0.0,0.0,0.0,0.0,0.0,0.0,,,,0.0,0.0,0.0,0.0,0.0,0.0,0.0,,0.0,0.0,0.0,0.0,,0.0,0.0,,0.0,0.0,0.0,0.0,0.0,0.0,0.0,0.0,0.0,0.0,17.200000000000003,21.200000000000003,00-0037248,CookJa01,4379399,James Cook,1999-09-25,71.0,190.0,Georgia,2022.0,2.0,63.0,BUF,2022,5,17.0,0.0,0.0,0.0,0.0,2025.0,James Cook,BUF,26.0,RB,17.0,17.0,40.0,33.0,291.0,,11.0,19.0,0.6,272.0,8.2,1.3,3.0,11.0,3.0,0.075,0.0,113.6,2026-02-11,2025.0,James Cook,BUF,26.0,RB,17.0,17.0,309.0,1621.0,,68.0,935.0,3.0,686.0,2.2,21.0,14.7,2026-02-11,,,,,,,,,,,,,,,,,,,,,,,,,,,,,,,,,,,,,,,,,,,,,,,,,,,,,,,,,,,17,20.4,1.5,13,10,4
2025,Chase Brown,C.Brown,00-0038597,CIN,RB,RB,7.0,17,282.6,16.623529411764707,213.6,69.00000000000003,69,88,437,5,0.14473684210526316,0.009772678988740175,0.22394613845001288,232,1019,6,0,0,0,0,0,738.0,0.6658823529411765,0.3829268292682927,16.623529411764707,7.3461324358267515,32.9,3,RB,"https://static.www.nfl.com/image/upload/f_auto,q_auto/league/tch3y6jlj7khvyi9jg0c",REG,0,0,0,0,0,0,0,,,0,,0,0,0,0,1,0,52,-4.2413606580083725,0,24,19,6,0,1,0,46,450,18,-10.329083476727439,1,14,6,2,0,9.5,0,3,0,0,0,0,0,0.0,0.0,0,0,0,0,0,0,0,0,0,0,0,0,0,1,0,0,0,0,1,10,2,0,0,2,0,0,0,0,0,0,0,0,0,,,0,0,0,0,0,0,0,0,0,0,0,0,,,,0,0,0,0,0,0,0,,0,0,0,0,,0,0,,0,0,0,0,0,0,0,0,0,0,,,,,,,,,,,,,,,,,,,,,,,,,,,,,,,,,,,,,,,,,,,,,,,,,,,,,,,,,,,,,,,,,,,,,,,,,,,,,,,,,,,,,,,,,,,,,,,,,,,,,,,,,,,,,,,,,,,,,,,,,,,,,,,,,,,,,,,,,,,,,,,,,,,,00-0038597,BrowCh10,4362238,Chase Brown,2000-03-21,70.0,211.0,Illinois; Western Michigan,2023.0,5.0,163.0,CIN,2023,4,17.0,0.0,0.0,0.0,0.0,2025.0,Chase Brown,CIN,25.0,RB,17.0,17.0,88.0,69.0,437.0,,18.0,-13.0,-0.2,450.0,6.5,0.5,8.0,8.6,5.0,0.057,2.0,96.8,2026-02-11,2025.0,Chase Brown,CIN,25.0,RB,17.0,17.0,232.0,1019.0,,52.0,525.0,2.3,494.0,2.1,16.0,14.5,2026-02-11,,,,,,,,,,,,,,,,,,,,,,,,,,,,,,,,,,,,,,,,,,,,,,,,,,,,,,,,,,,17,16.0,6.0,14,10,3
2025,Derrick Henry,D.Henry,00-0032764,BAL,RB,RB,8.0,17,279.5,16.441176470588236,264.5,15.0,15,21,150,0,0.051597051597051594,0.0035067212156633548,0.07985028224654174,307,1595,16,0,1,0,0,0,555.0,0.5452941176470588,0.5036036036036036,16.441176470588236,10.002690814446469,45.6,5,RB,"https://static.www.nfl.com/image/upload/f_auto,q_auto/league/tm79x0iknqg6hms3ypyt",REG,0,0,0,0,10,0,0,-0.4591185906319879,-33.69303643703461,0,0.0,0,0,0,0,4,3,79,9.166174270232775,0,36,30,17,4,0,0,12,135,4,-2.8757528085261583,0,5,2,1,1,12.5,0,1,0,0,0,0,0,0.0,0.0,0,0,0,0,0,0,0,0,0,0,0,0,0,0,0,0,0,0,1,11,4,0,0,4,3,0,0,0,0,0,0,0,0,,,0,0,0,0,0,0,0,0,0,0,0,0,,,,0,0,0,0,0,0,0,,0,0,0,0,,0,0,,0,0,0,0,0,0,0,0,0,0,,,,,,,,,,,,,,,,,,,,,,,,,,,,,,,,,,,,,,,,,,,,,,,,,,,,,,,,,,,,,,,,,,,,,,,,,,,,,,,,,,,,,,,,,,,,,,,,,,,,,,,,,,,,,,,,,,,,,,,,,,,,,,,,,,,,,,,,,,,,,,,,,,,,00-0032764,HenrDe00,3043078,Derrick Henry,1994-01-04,75.0,252.0,Alabama,2016.0,2.0,45.0,TEN,2016,11,17.0,0.0,0.0,0.0,0.0,2025.0,Derrick Henry,BAL,31.0,RB,17.0,17.0,21.0,15.0,150.0,,4.0,15.0,1.0,135.0,9.0,0.6,1.0,15.0,1.0,0.048,1.0,71.5,2026-02-11,2025.0,Derrick Henry,BAL,31.0,RB,17.0,17.0,307.0,1595.0,,79.0,866.0,2.8,729.0,2.4,13.0,23.6,2026-02-11,Derrick Henry,BAL,1.0,0.0,0.0,0.0,0.0,0.0,0.0,2025.0,1.5,1.0,0.0,0.0,0.0,0.0,0.0,0.0,0.0,21.0,138.0,0.0,0.0,21.0,138.0,,,10.0,10.0,0.0,,0.0,0.0,,0.0,,,,,,,,,,,,,,,,,,,,,,,,17,13.100000000000001,2.3000000000000003,14,7,2
2025,Kyren Williams,K.Williams,00-0037840,LA,RB,RB,9.0,17,263.3,15.488235294117647,227.3,36.0,36,50,281,3,0.08605851979345955,0.02261215629522431,0.14491628909684634,259,1252,10,0,0,0,0,0,772.0,0.6829411764705882,0.34106217616580314,15.488235294117647,6.1148264849606715,31.1,3,RB,"https://static.www.nfl.com/image/upload/f_auto,q_auto/league/xti3pek6rmojqchakxpy",REG,0,0,0,0,0,0,0,,,0,,0,0,0,0,2,2,74,4.9275993898939525,0,26,18,6,0,0,0,125,155,12,8.538674985475879,0,8,2,2,0,2.248,0,0,0,0,0,0,0,0.0,0.0,0,0,0,0,0,0,0,0,0,0,0,0,0,0,0,0,0,0,0,0,2,0,0,2,2,1,8,0,0,0,0,0,0,,,0,0,0,0,0,0,0,0,0,0,0,0,,,,0,0,0,0,0,0,0,,0,0,0,0,,0,0,,0,0,0,0,0,0,0,0,0,0,K.Williams,Kyren Williams,RB,RB,"https://static.www.nfl.com/image/upload/f_auto,q_auto/league/xti3pek6rmojqchakxpy",2025.0,POST,LA,3.0,0.0,0.0,0.0,0.0,0.0,0.0,0.0,0.0,0.0,0.0,0.0,0.0,,,0.0,,0.0,0.0,0.0,0.0,44.0,183.0,2.0,0.0,0.0,7.0,3.0823058182140812,0.0,3.0,0.0,0.0,0.0,8.0,9.0,70.0,2.0,0.0,0.0,38.0,34.0,5.0,8.336312513041776,0.0,3.0,0.0,0.0,0.0,1.8421052631578947,0.07758620689655173,0.028189910979228485,0.13611224803028754,0.0,0.0,0.0,0.0,0.0,0.0,0.0,0.0,0.0,0.0,0.0,0.0,0.0,0.0,0.0,0.0,0.0,0.0,0.0,0.0,0.0,0.0,1.0,0.0,0.0,0.0,0.0,0.0,0.0,0.0,0.0,0.0,0.0,0.0,0.0,0.0,0.0,0.0,0.0,0.0,0.0,0.0,,,0.0,0.0,0.0,0.0,0.0,0.0,0.0,0.0,0.0,0.0,0.0,0.0,,,,0.0,0.0,0.0,0.0,0.0,0.0,0.0,,0.0,0.0,0.0,0.0,,0.0,0.0,,0.0,0.0,0.0,0.0,0.0,0.0,0.0,0.0,0.0,0.0,49.3,57.3,00-0037840,WillKy02,4430737,Kyren Williams,2000-08-26,69.0,207.0,Notre Dame,2022.0,5.0,164.0,LA,2022,5,17.0,0.0,9.0,0.0,0.021176470588235293,2025.0,Kyren Williams,LA,25.0,RB,17.0,17.0,50.0,36.0,281.0,,12.0,126.0,3.5,155.0,4.3,2.7,1.0,36.0,2.0,0.04,0.0,105.5,2026-02-11,2025.0,Kyren Williams,LA,25.0,RB,17.0,17.0,259.0,1252.0,,74.0,737.0,2.8,515.0,2.0,22.0,11.8,2026-02-11,,,,,,,,,,,,,,,,,,,,,,,,,,,,,,,,,,,,,,,,,,,,,,,,,,,,,,,,,,,17,16.0,5.800000000000001,15,9,1
2025,Travis Etienne,T.Etienne,00-0036973,JAX,RB,RB,10.0,17,253.9,14.935294117647059,217.9,36.0,36,52,292,6,0.09506398537477148,-0.01557377049180328,0.13169433871789493,260,1107,7,0,0,0,0,0,691.0,0.6011764705882353,0.367438494934877,14.935294117647059,6.944326927110232,31.5,3,RB,"https://static.www.nfl.com/image/upload/f_auto,q_auto/league/pwko5dybmjie8qqo4qz2",REG,0,0,0,0,0,0,0,,,0,,0,0,0,0,0,0,48,-18.982843999765155,0,26,15,7,3,0,0,-76,339,14,9.14852294290904,0,10,3,2,1,-3.8421052631578947,0,1,0,0,0,0,0,0.0,0.0,0,0,0,0,0,0,0,0,0,0,0,0,0,0,0,0,0,0,0,0,0,1,0,1,0,0,0,0,0,0,0,0,0,,,0,0,0,0,0,0,0,0,0,0,0,0,,,,0,0,0,0,0,0,0,,0,0,0,0,,0,0,,0,0,0,0,0,0,0,0,0,0,T.Etienne,Travis Etienne,RB,RB,"https://static.www.nfl.com/image/upload/f_auto,q_auto/league/pwko5dybmjie8qqo4qz2",2025.0,POST,JAX,1.0,0.0,0.0,0.0,0.0,0.0,0.0,0.0,0.0,0.0,0.0,0.0,0.0,,,0.0,,0.0,0.0,0.0,0.0,10.0,67.0,0.0,0.0,0.0,3.0,2.676552299351897,0.0,2.0,2.0,1.0,0.0,5.0,5.0,49.0,1.0,0.0,0.0,7.0,42.0,3.0,4.6399405865813605,0.0,3.0,0.0,0.0,0.0,7.0,0.16666666666666666,0.023972602739726026,0.2667808219178082,0.0,0.0,0.0,0.0,0.0,0.0,0.0,0.0,0.0,0.0,0.0,0.0,0.0,0.0,0.0,0.0,0.0,0.0,0.0,0.0,0.0,0.0,0.0,0.0,0.0,0.0,0.0,0.0,0.0,0.0,0.0,0.0,0.0,0.0,0.0,0.0,0.0,0.0,0.0,0.0,0.0,0.0,,,0.0,0.0,0.0,0.0,0.0,0.0,0.0,0.0,0.0,0.0,0.0,0.0,,,,0.0,0.0,0.0,0.0,0.0,0.0,0.0,,0.0,0.0,0.0,0.0,,0.0,0.0,,0.0,0.0,0.0,0.0,0.0,0.0,0.0,0.0,0.0,0.0,17.6,22.6,00-0036973,EtieTr00,4239996,Travis Etienne,1999-01-26,70.0,215.0,Clemson,2021.0,1.0,25.0,JAX,2021,6,17.0,0.0,0.0,0.0,0.0,2025.0,Travis Etienne,JAX,26.0,RB,17.0,16.0,52.0,36.0,292.0,,14.0,-47.0,-1.3,339.0,9.4,-1.3,4.0,9.0,5.0,0.096,0.0,121.6,2026-02-11,2025.0,Travis Etienne,JAX,26.0,RB,17.0,16.0,260.0,1107.0,,48.0,562.0,2.2,545.0,2.1,10.0,26.0,2026-02-11,,,,,,,,,,,,,,,,,,,,,,,,,,,,,,,,,,,,,,,,,,,,,,,,,,,,,,,,,,,17,16.5,4.800000000000001,12,10,1
2025,Ashton Jeanty,A.Jeanty,00-0040122,LV,RB,RB,11.0,17,245.1,14.41764705882353,190.1,55.0,55,73,346,5,0.14777327935222673,-0.032418952618453865,0.1989666521954224,266,975,5,0,0,0,0,0,771.0,0.7788235294117647,0.3178988326848249,14.41764705882353,8.685277434696433,33.5,3,RB,"https://static.www.nfl.com/image/upload/f_auto,q_auto/league/syspis1mntov9kgspb7r",REG,0,0,0,0,0,0,0,,,0,,0,0,0,0,1,1,44,-65.18103737244577,0,24,16,3,2,1,0,-104,452,13,-11.87671576182171,0,10,3,3,1,-3.326923076923077,0,1,0,0,0,0,0,0.0,0.0,0,0,0,0,0,0,0,0,0,0,0,0,0,0,0,0,0,0,1,5,2,0,1,2,1,0,0,0,0,0,0,0,0,,,0,0,0,0,0,0,0,0,0,0,0,0,,,,0,0,0,0,0,0,0,,0,0,0,0,,0,0,,0,0,0,0,0,0,0,0,0,0,,,,,,,,,,,,,,,,,,,,,,,,,,,,,,,,,,,,,,,,,,,,,,,,,,,,,,,,,,,,,,,,,,,,,,,,,,,,,,,,,,,,,,,,,,,,,,,,,,,,,,,,,,,,,,,,,,,,,,,,,,,,,,,,,,,,,,,,,,,,,,,,,,,,00-0040122,JeanAs00,4890973,Ashton Jeanty,2003-12-02,68.0,208.0,Boise State,2025.0,1.0,6.0,LV,2025,2,17.0,0.0,2.0,0.0,0.00411764705882353,2025.0,Ashton Jeanty,LV,22.0,RB,17.0,17.0,73.0,55.0,346.0,,13.0,-106.0,-1.9,452.0,8.2,-1.5,8.0,6.9,4.0,0.055,2.0,96.0,2026-02-11,2025.0,Ashton Jeanty,LV,22.0,RB,17.0,17.0,266.0,975.0,,44.0,419.0,1.6,556.0,2.1,24.0,11.1,2026-02-11,,,,,,,,,,,,,,,,,,,,,,,,,,,,,,,,,,,,,,,,,,,,,,,,,,,,,,,,,,,17,12.100000000000001,4.4,10,7,2
2025,Javonte Williams,J.Williams,00-0036997,DAL,RB,RB,12.0,16,242.8,15.175,207.8,35.0,35,51,137,2,0.08401976935749589,-0.013217597159202999,0.11677733602480174,252,1201,11,0,0,0,0,0,769.0,0.69,0.3157347204161248,15.175,6.0170313832210205,26.9,3,RB,"https://static.www.nfl.com/image/upload/f_auto,q_auto/league/xvwroirev2kie6oiphtz",REG,0,0,0,0,0,0,0,,,0,,0,0,0,0,1,1,67,12.20500373808446,0,26,17,6,1,1,1,-67,206,7,-22.73726915513861,0,3,0,0,0,-2.044776119402985,0,1,0,0,0,0,0,0.0,0.0,0,0,0,0,0,0,0,0,0,0,0,0,0,1,0,0,0,0,1,5,2,0,0,2,2,0,0,0,0,0,0,0,0,,,0,0,0,0,0,0,0,0,0,0,0,0,,,,0,0,0,0,0,0,0,,0,0,0,0,,0,0,,0,0,0,0,0,0,0,0,0,0,,,,,,,,,,,,,,,,,,,,,,,,,,,,,,,,,,,,,,,,,,,,,,,,,,,,,,,,,,,,,,,,,,,,,,,,,,,,,,,,,,,,,,,,,,,,,,,,,,,,,,,,,,,,,,,,,,,,,,,,,,,,,,,,,,,,,,,,,,,,,,,,,,,,00-0036997,WillJa10,4361579,Javonte Williams,2000-04-25,70.0,220.0,North Carolina,2021.0,2.0,35.0,DEN,2021,6,16.0,0.0,0.0,0.0,0.0,2025.0,Javonte Williams,DAL,25.0,RB,16.0,16.0,51.0,35.0,137.0,,7.0,-69.0,-2.0,206.0,5.9,-1.3,0.0,,0.0,0.0,0.0,84.8,2026-02-11,2025.0,Javonte Williams,DAL,25.0,RB,16.0,16.0,252.0,1201.0,,67.0,574.0,2.3,627.0,2.5,25.0,10.1,2026-02-11,,,,,,,,,,,,,,,,,,,,,,,,,,,,,,,,,,,,,,,,,,,,,,,,,,,,,,,,,,,16,14.899999999999999,6.3,13,8,2
2025,Josh Jacobs,J.Jacobs,00-0035700,GB,RB,RB,13.0,15,237.10000000000002,15.806666666666668,201.10000000000002,36.0,36,44,282,1,0.09565217391304348,-0.009105766985757647,0.13710422397953487,234,929,13,0,0,0,0,0,554.0,0.5906666666666667,0.42797833935018054,15.806666666666667,9.019222857451798,32.0,4,RB,"https://static.www.nfl.com/image/upload/f_auto,q_auto/league/uceokxeo0uqrqms3e3vl",REG,0,0,0,0,0,0,0,,,0,,0,0,0,0,3,2,55,-14.835995329326689,0,23,14,3,1,0,0,-39,304,8,11.848035139989577,0,6,4,4,0,-7.230769230769231,0,0,0,0,0,0,0,0.0,0.0,0,0,0,0,0,0,0,0,0,0,0,0,0,1,0,0,0,0,1,5,3,0,0,3,2,0,0,0,0,0,0,0,0,,,0,0,0,0,0,0,0,0,0,0,0,0,,,,0,0,0,0,0,0,0,,0,0,0,0,,0,0,,0,0,0,0,0,0,0,0,0,0,J.Jacobs,Josh Jacobs,RB,RB,"https://static.www.nfl.com/image/upload/f_auto,q_auto/league/uceokxeo0uqrqms3e3vl",2025.0,POST,GB,1.0,0.0,0.0,0.0,0.0,0.0,0.0,0.0,0.0,0.0,0.0,0.0,0.0,,,0.0,,0.0,0.0,0.0,0.0,19.0,55.0,0.0,0.0,0.0,3.0,-4.7970898252388,0.0,1.0,1.0,0.0,0.0,1.0,3.0,3.0,0.0,0.0,0.0,12.0,8.0,0.0,-1.3484016131260432,0.0,0.0,0.0,0.0,0.0,0.25,0.07894736842105263,0.0255863539445629,0.13633150039277298,0.0,0.0,0.0,0.0,0.0,0.0,0.0,0.0,0.0,0.0,0.0,0.0,0.0,0.0,0.0,0.0,0.0,0.0,0.0,0.0,0.0,0.0,0.0,0.0,0.0,0.0,0.0,0.0,0.0,1.0,0.0,0.0,1.0,0.0,0.0,0.0,2.0,61.0,0.0,0.0,0.0,0.0,,,0.0,0.0,0.0,0.0,0.0,0.0,0.0,0.0,0.0,0.0,0.0,0.0,,,,0.0,0.0,0.0,0.0,0.0,0.0,0.0,,0.0,0.0,0.0,0.0,,0.0,0.0,,0.0,0.0,0.0,0.0,0.0,0.0,0.0,0.0,0.0,0.0,5.800000000000001,6.800000000000001,00-0035700,JacoJo01,4047365,Josh Jacobs,1998-02-11,70.0,223.0,Alabama,2019.0,1.0,24.0,LV,2019,8,15.0,0.0,4.0,0.0,0.010666666666666666,2025.0,Josh Jacobs,GB,27.0,RB,15.0,15.0,44.0,36.0,282.0,,8.0,-22.0,-0.6,304.0,8.4,-0.9,5.0,7.2,1.0,0.023,0.0,100.9,2026-02-11,2025.0,Josh Jacobs,GB,27.0,RB,15.0,15.0,234.0,929.0,,55.0,459.0,2.0,470.0,2.0,16.0,14.6,2026-02-11,,,,,,,,,,,,,,,,,,,,,,,,,,,,,,,,,,,,,,,,,,,,,,,,,,,,,,,,,,,15,14.4,1.3,12,7,2
2025,Saquon Barkley,S.Barkley,00-0034844,PHI,RB,RB,14.0,16,232.3,14.51875,195.3,37.0,37,50,273,2,0.10775862068965517,0.006915012268570154,0.16647843962248188,280,1140,7,0,0,0,0,0,773.0,0.783125,0.30051746442432087,14.51875,7.193721220620105,33.400000000000006,2,RB,"https://static.www.nfl.com/image/upload/f_auto,q_auto/league/qcayrzjpura2zydszonh",REG,0,0,0,0,0,0,0,,,0,,0,0,0,0,0,0,48,-24.096579715675524,1,28,20,4,3,1,1,31,296,11,-4.971302645470016,0,9,3,2,2,8.806451612903226,0,1,0,0,0,0,0,0.0,0.0,0,0,0,0,0,0,0,0,0,0,0,0,0,1,0,0,0,0,1,4,1,0,0,1,1,0,0,0,0,0,0,0,0,,,0,0,0,0,0,0,0,0,0,0,0,0,,,,0,0,0,0,0,0,0,,0,0,0,0,,0,0,,0,0,0,0,0,0,0,0,0,0,S.Barkley,Saquon Barkley,RB,RB,"https://static.www.nfl.com/image/upload/f_auto,q_auto/league/qcayrzjpura2zydszonh",2025.0,POST,PHI,1.0,0.0,0.0,0.0,0.0,0.0,0.0,0.0,0.0,0.0,0.0,0.0,0.0,,,0.0,,0.0,0.0,0.0,0.0,26.0,106.0,0.0,0.0,0.0,6.0,-3.343707508814987,0.0,1.0,1.0,1.0,0.0,3.0,6.0,25.0,0.0,0.0,0.0,1.0,28.0,1.0,-2.222818845999427,0.0,1.0,1.0,1.0,0.0,25.0,0.17647058823529413,0.003194888178913738,0.2669423040781808,0.0,0.0,0.0,0.0,0.0,0.0,0.0,0.0,0.0,0.0,0.0,0.0,0.0,0.0,0.0,0.0,0.0,0.0,0.0,0.0,0.0,0.0,0.0,0.0,0.0,0.0,0.0,0.0,0.0,0.0,0.0,0.0,0.0,0.0,0.0,0.0,0.0,0.0,0.0,0.0,0.0,0.0,,,0.0,0.0,0.0,0.0,0.0,0.0,0.0,0.0,0.0,0.0,0.0,0.0,,,,0.0,0.0,0.0,0.0,0.0,0.0,0.0,,0.0,0.0,0.0,0.0,,0.0,0.0,,0.0,0.0,0.0,0.0,0.0,0.0,0.0,0.0,0.0,0.0,13.100000000000001,16.1,00-0034844,BarkSa00,3929630,Saquon Barkley,1997-02-09,72.0,232.0,Penn State,2018.0,1.0,2.0,NYG,2018,9,16.0,0.0,0.0,0.0,0.0,2025.0,Saquon Barkley,PHI,28.0,RB,16.0,16.0,50.0,37.0,273.0,,11.0,-23.0,-0.6,296.0,8.0,0.6,2.0,18.5,2.0,0.04,0.0,99.8,2026-02-11,2025.0,Saquon Barkley,PHI,28.0,RB,16.0,16.0,280.0,1140.0,,48.0,689.0,2.5,451.0,1.6,18.0,15.6,2026-02-11,,,,,,,,,,,,,,,,,,,,,,,,,,,,,,,,,,,,,,,,,,,,,,,,,,,,,,,,,,,16,15.150000000000002,5.2,11,8,1
2025,D'Andre Swift,D.Swift,00-0036275,CHI,RB,RB,15.0,16,228.6,14.2875,194.6,34.0,34,48,299,1,0.09022556390977443,-0.0050566343042071195,0.13179870185171666,223,1087,9,0,0,0,0,0,621.0,0.57875,0.3681159420289855,14.287500000000001,6.6714191393835645,25.5,5,RB,"https://static.www.nfl.com/image/upload/f_auto,q_auto/league/owpmwzoilitcodc6cmxo",REG,0,0,0,0,0,0,0,,,0,,0,0,0,0,2,2,62,15.449143481319211,0,30,19,5,0,0,0,-25,357,11,-1.5678501775486056,0,10,3,3,2,-11.96,0,0,0,0,0,0,0,0.0,0.0,0,0,0,0,0,0,0,0,0,0,0,0,0,0,0,0,0,0,2,20,2,0,0,2,2,0,0,0,0,0,0,0,0,,,0,0,0,0,0,0,0,0,0,0,0,0,,,,0,0,0,0,0,0,0,,0,0,0,0,,0,0,,0,0,0,0,0,0,0,0,0,0,D.Swift,D'Andre Swift,RB,RB,"https://static.www.nfl.com/image/upload/f_auto,q_auto/league/owpmwzoilitcodc6cmxo",2025.0,POST,CHI,2.0,0.0,0.0,0.0,0.0,0.0,0.0,0.0,0.0,0.0,0.0,0.0,0.0,,,0.0,,0.0,0.0,0.0,0.0,32.0,130.0,1.0,0.0,0.0,4.0,-2.997531881177565,0.0,2.0,2.0,0.0,0.0,2.0,2.0,38.0,0.0,0.0,0.0,4.0,34.0,2.0,2.896971761540044,0.0,2.0,1.0,1.0,0.0,9.5,0.022727272727272728,0.004246284501061571,0.03706330824165219,0.0,0.0,0.0,0.0,0.0,0.0,0.0,0.0,0.0,0.0,0.0,0.0,0.0,0.0,0.0,0.0,0.0,0.0,0.0,0.0,0.0,0.0,0.0,0.0,0.0,0.0,0.0,0.0,0.0,0.0,0.0,0.0,0.0,0.0,0.0,0.0,0.0,0.0,0.0,0.0,0.0,0.0,,,0.0,0.0,0.0,0.0,0.0,0.0,0.0,0.0,0.0,0.0,0.0,0.0,,,,0.0,0.0,0.0,0.0,0.0,0.0,0.0,,0.0,0.0,0.0,0.0,,0.0,0.0,,0.0,0.0,0.0,0.0,0.0,0.0,0.0,0.0,0.0,0.0,22.8,24.8,00-0036275,SwifDA00,4259545,D'Andre Swift,1999-01-14,68.0,204.0,Georgia,2020.0,2.0,35.0,DET,2020,7,16.0,0.0,0.0,0.0,0.0,2025.0,DAndre Swift,CHI,26.0,RB,16.0,16.0,48.0,34.0,299.0,,11.0,-58.0,-1.7,357.0,10.5,-0.6,1.0,34.0,4.0,0.083,0.0,94.0,2026-02-11,2025.0,DAndre Swift,CHI,26.0,RB,16.0,16.0,223.0,1087.0,,62.0,666.0,3.0,421.0,1.9,11.0,20.3,2026-02-11,,,,,,,,,,,,,,,,,,,,,,,,,,,,,,,,,,,,,,,,,,,,,,,,,,,,,,,,,,,16,14.350000000000001,1.9000000000000004,11,7,1
2025,Kenny Gainwell,K.Gainwell,00-0036919,PIT,RB,RB,16.0,17,221.3,13.01764705882353,148.3,73.0,73,85,486,3,0.16283524904214558,-0.005182926829268293,0.24062482478273056,114,537,5,0,0,0,0,0,517.0,0.4964705882352941,0.428046421663443,13.01764705882353,9.377915233016719,31.4,4,RB,"https://static.www.nfl.com/image/upload/f_auto,q_auto/league/eo62l8ec8e3lzt86ihth",REG,0,0,0,0,0,0,0,,,0,,0,0,0,0,1,0,34,-0.6565729569410905,0,15,10,2,1,1,1,-17,528,23,3.932619308918185,0,16,6,3,1,-28.58823529411765,0,3,0,1,0,0,1,0.0,0.0,0,0,0,0,0,0,0,0,0,0,0,0,0,1,0,0,0,0,1,5,2,0,0,2,1,0,0,26,633,0,0,0,0,,,0,0,0,0,0,0,0,0,0,0,0,0,,,,0,0,0,0,0,0,0,,0,0,0,0,,0,0,,0,0,0,0,0,0,0,0,0,0,K.Gainwell,Kenny Gainwell,RB,RB,"https://static.www.nfl.com/image/upload/f_auto,q_auto/league/eo62l8ec8e3lzt86ihth",2025.0,POST,PIT,1.0,0.0,0.0,0.0,0.0,0.0,0.0,0.0,0.0,0.0,0.0,0.0,0.0,,,0.0,,0.0,0.0,0.0,0.0,6.0,20.0,0.0,0.0,0.0,2.0,-1.4429732518037781,0.0,1.0,1.0,0.0,0.0,4.0,6.0,26.0,0.0,0.0,0.0,7.0,24.0,0.0,-3.85180691909045,0.0,2.0,0.0,0.0,0.0,3.7142857142857144,0.1935483870967742,0.02413793103448276,0.3072191323692992,0.0,0.0,0.0,0.0,0.0,0.0,0.0,0.0,0.0,0.0,0.0,0.0,0.0,0.0,0.0,0.0,0.0,0.0,0.0,0.0,0.0,0.0,0.0,0.0,0.0,0.0,0.0,0.0,0.0,0.0,0.0,0.0,0.0,0.0,0.0,0.0,4.0,100.0,0.0,0.0,0.0,0.0,,,0.0,0.0,0.0,0.0,0.0,0.0,0.0,0.0,0.0,0.0,0.0,0.0,,,,0.0,0.0,0.0,0.0,0.0,0.0,0.0,,0.0,0.0,0.0,0.0,,0.0,0.0,,0.0,0.0,0.0,0.0,0.0,0.0,0.0,0.0,0.0,0.0,4.6000000000000005,8.600000000000001,00-0036919,GainKe00,4371733,Kenny Gainwell,1999-03-14,69.0,200.0,Memphis,2021.0,5.0,150.0,PHI,2021,6,17.0,0.0,144.0,0.0,0.3158823529411765,2025.0,Kenneth Gainwell,PIT,26.0,RB,17.0,2.0,85.0,73.0,486.0,,23.0,-42.0,-0.6,528.0,7.2,-0.2,5.0,14.6,2.0,0.024,0.0,102.3,2026-02-11,2025.0,Kenneth Gainwell,PIT,26.0,RB,17.0,2.0,114.0,537.0,,34.0,300.0,2.6,237.0,2.1,14.0,8.1,2026-02-11,,,,,,,,,,,,,,,,,,,,,,,,,,,,,,,,,,,,,,,,,,,,,,,,,,,,,,,,,,,17,9.6,2.4,7,7,2
2025,Jaylen Warren,J.Warren,00-0037228,PIT,RB,RB,17.0,16,217.1,13.56875,177.1,40.0,40,45,333,2,0.08620689655172414,-0.034451219512195125,0.10519449116904964,211,958,6,0,0,0,0,0,489.0,0.5075000000000001,0.44396728016359915,13.56875,5.615421474238006,29.1,1,RB,"https://static.www.nfl.com/image/upload/f_auto,q_auto/league/dkiteytgnxar1mpaxcxv",REG,0,0,0,0,0,0,0,,,0,,0,0,0,0,1,0,52,-0.500219264824409,0,23,16,6,2,0,0,-113,439,13,10.641412097988951,0,10,5,2,1,-2.9469026548672566,0,0,0,0,0,0,0,0.0,0.0,0,0,0,0,0,0,0,0,0,0,0,0,0,0,0,0,0,0,0,0,1,0,0,1,0,0,0,8,205,0,0,0,0,,,0,0,0,0,0,0,0,0,0,0,0,0,,,,0,0,0,0,0,0,0,,0,0,0,0,,0,0,,0,0,0,0,0,0,0,0,0,0,J.Warren,Jaylen Warren,RB,RB,"https://static.www.nfl.com/image/upload/f_auto,q_auto/league/dkiteytgnxar1mpaxcxv",2025.0,POST,PIT,1.0,0.0,0.0,0.0,0.0,0.0,0.0,0.0,0.0,0.0,0.0,0.0,0.0,,,0.0,,0.0,0.0,0.0,0.0,12.0,43.0,0.0,0.0,0.0,3.0,-3.672932982328348,0.0,2.0,1.0,0.0,0.0,1.0,1.0,4.0,0.0,0.0,0.0,4.0,0.0,0.0,-0.3789730384014547,0.0,0.0,0.0,0.0,0.0,1.0,0.03225806451612903,0.013793103448275862,0.05804226918798665,0.0,0.0,0.0,0.0,0.0,0.0,0.0,0.0,0.0,0.0,0.0,0.0,0.0,0.0,0.0,0.0,0.0,0.0,0.0,0.0,0.0,0.0,0.0,0.0,0.0,0.0,0.0,0.0,0.0,0.0,0.0,0.0,0.0,0.0,0.0,0.0,0.0,0.0,0.0,0.0,0.0,0.0,,,0.0,0.0,0.0,0.0,0.0,0.0,0.0,0.0,0.0,0.0,0.0,0.0,,,,0.0,0.0,0.0,0.0,0.0,0.0,0.0,,0.0,0.0,0.0,0.0,,0.0,0.0,,0.0,0.0,0.0,0.0,0.0,0.0,0.0,0.0,0.0,0.0,4.7,5.7,00-0037228,WarrJa01,4569987,Jaylen Warren,1998-11-01,68.0,215.0,Oklahoma State,,,,,2022,5,16.0,0.0,29.0,0.0,0.068125,2025.0,Jaylen Warren,PIT,27.0,RB,16.0,15.0,45.0,40.0,333.0,,13.0,-106.0,-2.7,439.0,11.0,-2.4,9.0,4.4,1.0,0.022000000000000002,0.0,112.3,2026-02-11,2025.0,Jaylen Warren,PIT,27.0,RB,16.0,15.0,211.0,958.0,,52.0,461.0,2.2,497.0,2.4,23.0,9.2,2026-02-11,,,,,,,,,,,,,,,,,,,,,,,,,,,,,,,,,,,,,,,,,,,,,,,,,,,,,,,,,,,16,12.95,6.4,11,5,1
2025,Rico Dowdle,R.Dowdle,00-0036139,CAR,RB,RB,18.0,17,216.3,12.723529411764707,177.3,39.0,39,50,297,1,0.10416666666666667,-0.015072463768115942,0.14569927536231883,236,1076,6,0,0,0,0,0,591.0,0.5605882352941176,0.36598984771573606,12.723529411764707,9.801819308919438,33.900000000000006,3,RB,"https://static.www.nfl.com/image/upload/f_auto,q_auto/league/mx2bxccuzmdvzbksypws",REG,0,0,0,0,0,0,0,,,0,,0,0,0,0,1,1,51,-2.305662572531388,0,24,20,5,2,0,0,-52,350,14,-0.9027191577064798,0,13,4,3,0,-5.711538461538462,0,3,0,0,0,0,0,0.0,0.0,0,0,0,0,0,0,0,0,0,0,0,0,0,2,-10,0,0,0,3,33,1,1,0,2,1,0,0,8,197,0,0,0,0,,,0,0,0,0,0,0,0,0,0,0,0,0,,,,0,0,0,0,0,0,0,,0,0,0,0,,0,0,,0,0,0,0,0,0,0,0,0,0,R.Dowdle,Rico Dowdle,RB,RB,"https://static.www.nfl.com/image/upload/f_auto,q_auto/league/mx2bxccuzmdvzbksypws",2025.0,POST,CAR,1.0,0.0,0.0,0.0,0.0,0.0,0.0,0.0,0.0,0.0,0.0,0.0,0.0,,,0.0,,0.0,0.0,0.0,0.0,5.0,9.0,0.0,0.0,0.0,0.0,-1.67177259165328,0.0,0.0,0.0,0.0,0.0,1.0,2.0,6.0,0.0,0.0,0.0,4.0,11.0,0.0,-0.45410720515064895,0.0,0.0,0.0,0.0,0.0,1.5,0.05405405405405406,0.010958904109589041,0.08875231395779341,0.0,0.0,0.0,0.0,0.0,0.0,0.0,0.0,0.0,0.0,0.0,0.0,0.0,0.0,0.0,0.0,0.0,0.0,0.0,0.0,0.0,0.0,0.0,0.0,0.0,0.0,0.0,0.0,0.0,0.0,0.0,0.0,0.0,0.0,0.0,0.0,0.0,0.0,0.0,0.0,0.0,0.0,,,0.0,0.0,0.0,0.0,0.0,0.0,0.0,0.0,0.0,0.0,0.0,0.0,,,,0.0,0.0,0.0,0.0,0.0,0.0,0.0,,0.0,0.0,0.0,0.0,,0.0,0.0,,0.0,0.0,0.0,0.0,0.0,0.0,0.0,0.0,0.0,0.0,1.5,2.5,00-0036139,DowdRi01,4038815,Rico Dowdle,1998-06-14,71.0,218.0,South Carolina,,,,,2020,7,17.0,0.0,32.0,0.0,0.07705882352941176,2025.0,Rico Dowdle,CAR,27.0,RB,17.0,11.0,50.0,39.0,297.0,,14.0,-53.0,-1.4,350.0,9.0,-1.0,3.0,13.0,2.0,0.04,1.0,89.7,2026-02-11,2025.0,Rico Dowdle,CAR,27.0,RB,17.0,11.0,236.0,1076.0,,51.0,596.0,2.5,480.0,2.0,14.0,16.9,2026-02-11,,,,,,,,,,,,,,,,,,,,,,,,,,,,,,,,,,,,,,,,,,,,,,,,,,,,,,,,,,,17,10.600000000000001,2.9000000000000004,9,5,3
2025,Breece Hall,B.Hall,00-0038120,NYJ,RB,RB,19.0,16,207.66,12.97875,171.66,36.0,36,48,350,1,0.1016949152542373,0.004112808460634548,0.15542133880380013,243,1065,4,1,1,4,1,0,640.0,0.64375,0.32446875,12.97875,7.621515050609468,32.86,2,RB,"https://static.www.nfl.com/image/upload/f_auto,q_auto/league/i01xtqbfajfq68lb6orh",REG,0,0,0,0,4,0,1,1.194561611104291,56.87534511089325,0,1.0,0,0,0,0,2,2,57,-22.26660951084341,0,26,21,8,1,0,0,14,321,13,8.669591963233408,0,11,5,4,2,25.0,0,0,0,0,0,0,0,0.0,0.0,0,0,0,0,0,0,0,0,0,0,0,0,0,2,7,0,0,0,1,5,2,0,0,2,2,0,0,0,0,0,0,0,0,,,0,0,0,0,0,0,0,0,0,0,0,0,,,,0,0,0,0,0,0,0,,0,0,0,0,,0,0,,0,0,0,0,0,0,0,0,0,0,,,,,,,,,,,,,,,,,,,,,,,,,,,,,,,,,,,,,,,,,,,,,,,,,,,,,,,,,,,,,,,,,,,,,,,,,,,,,,,,,,,,,,,,,,,,,,,,,,,,,,,,,,,,,,,,,,,,,,,,,,,,,,,,,,,,,,,,,,,,,,,,,,,,00-0038120,HallBr03,4427366,Breece Hall,2001-05-31,71.0,217.0,Iowa State,2022.0,2.0,36.0,NYJ,2022,5,16.0,0.0,1.0,0.0,0.001875,2025.0,Breece Hall,NYJ,24.0,RB,16.0,16.0,48.0,36.0,350.0,,13.0,29.0,0.8,321.0,8.9,0.4,1.0,36.0,2.0,0.042,0.0,101.9,2026-02-11,2025.0,Breece Hall,NYJ,24.0,RB,16.0,16.0,243.0,1065.0,,57.0,618.0,2.5,447.0,1.8,12.0,20.3,2026-02-11,Breece Hall,NYJ,1.0,0.0,0.0,0.0,0.0,0.0,0.0,2025.0,3.0,1.0,0.0,0.0,0.0,0.0,0.0,1.0,100.0,27.0,100.0,0.0,0.0,27.0,100.0,,,4.0,4.0,4.0,4.0,4.0,0.0,0.0,0.0,,2025.0,Regular,Season Total,NYJ,B. Hall,,100.0,1.3,1.0,1.4,1.4,0.0,0.0,0.0,100.0,0.0,Breece,Hall,Breece Hall,https://a.espncdn.com/i/headshots/nfl/players/full/4427366.png,Jets,False,16,11.55,4.3,8,7,1
2025,RJ Harvey,R.Harvey,00-0040730,DEN,RB,RB,20.0,17,206.60000000000002,12.15294117647059,159.60000000000002,47.0,47,58,356,5,0.09931506849315068,0.006238859180035651,0.15333980416575096,146,540,7,0,1,0,0,0,481.0,0.4211764705882353,0.42952182952182955,12.152941176470588,7.655971333464065,24.1,4,RB,"https://static.www.nfl.com/image/upload/f_auto,q_auto/league/szxmro5enrxlscvv67xg",REG,0,0,0,0,2,0,0,-0.4586076693958603,-77.06168293952942,0,0.0,0,0,0,0,1,1,28,-22.887165030931452,0,8,4,3,2,0,0,28,360,18,19.075492267793077,0,13,4,2,0,12.714285714285714,0,0,0,0,0,0,0,0.0,0.0,0,0,0,0,0,0,0,0,0,0,0,0,0,0,0,0,0,0,0,0,1,0,0,1,1,0,0,16,353,0,0,0,0,,,0,0,0,0,0,0,0,0,0,0,0,0,,,,0,0,0,0,0,0,0,,0,0,0,0,,0,0,,0,0,0,0,0,0,0,0,0,0,R.Harvey,RJ Harvey,RB,RB,"https://static.www.nfl.com/image/upload/f_auto,q_auto/league/szxmro5enrxlscvv67xg",2025.0,POST,DEN,2.0,0.0,0.0,0.0,0.0,0.0,0.0,0.0,0.0,0.0,0.0,0.0,0.0,,,0.0,,0.0,0.0,0.0,0.0,19.0,57.0,0.0,0.0,0.0,2.0,-3.7550995387136936,0.0,1.0,1.0,0.0,0.0,9.0,12.0,68.0,0.0,0.0,0.0,30.0,66.0,3.0,-2.4115536471654195,0.0,4.0,1.0,1.0,0.0,2.2666666666666666,0.17391304347826086,0.061601642710472276,0.30399071511472187,0.0,0.0,0.0,0.0,0.0,0.0,0.0,0.0,0.0,0.0,0.0,0.0,0.0,0.0,0.0,0.0,0.0,0.0,0.0,0.0,0.0,0.0,0.0,0.0,0.0,0.0,0.0,1.0,0.0,0.0,0.0,0.0,0.0,0.0,0.0,0.0,0.0,0.0,0.0,0.0,0.0,0.0,,,0.0,0.0,0.0,0.0,0.0,0.0,0.0,0.0,0.0,0.0,0.0,0.0,,,,0.0,0.0,0.0,0.0,0.0,0.0,0.0,,0.0,0.0,0.0,0.0,,0.0,0.0,,0.0,0.0,0.0,0.0,0.0,0.0,0.0,0.0,0.0,0.0,12.5,21.5,00-0040730,HarvRJ00,4568490,RJ Harvey,2001-02-04,68.0,205.0,UCF; Virginia,2025.0,2.0,60.0,DEN,2025,2,17.0,0.0,42.0,0.0,0.08529411764705884,2025.0,RJ Harvey,DEN,24.0,RB,17.0,7.0,58.0,47.0,356.0,,18.0,-4.0,-0.1,360.0,7.7,0.5,5.0,9.4,7.0,0.121,0.0,121.0,2026-02-11,2025.0,RJ Harvey,DEN,24.0,RB,17.0,7.0,146.0,540.0,,28.0,278.0,1.9,262.0,1.8,7.0,20.9,2026-02-11,RJ Harvey,DEN,1.0,0.0,0.0,0.0,0.0,1.0,100.0,2025.0,3.3,1.0,0.0,0.0,0.0,0.0,0.0,0.0,0.0,15.0,57.0,0.0,0.0,15.0,57.0,,,2.0,2.0,0.0,,0.0,0.0,,0.0,,2025.0,Regular,Season Total,DEN,R. Harvey,,59.6,0.2,4.0,0.6,-0.1,0.2,0.0,0.5,67.8,0.0,RJ,Harvey,RJ Harvey,https://a.espncdn.com/i/headshots/nfl/players/full/4568490.png,Broncos,False,17,8.0,3.4000000000000004,8,7,0
2025,TreVeyon Henderson,T.Henderson,00-0040734,NE,RB,RB,21.0,17,206.2,12.129411764705882,171.2,35.0,35,42,221,1,0.08713692946058091,-0.0002168256721595837,0.13055361622035963,180,911,9,0,0,0,0,0,501.0,0.4588235294117647,0.4115768463073852,12.129411764705884,9.597054542011989,32.3,3,RB,"https://static.www.nfl.com/image/upload/f_auto,q_auto/league/ebcjvwytgu2y4kqm8ihv",REG,0,0,0,0,0,0,0,,,0,,0,0,0,0,1,1,45,8.434334797185944,0,18,16,6,4,0,0,-1,244,7,2.6789682244892425,0,7,1,0,0,-221.0,0,0,0,0,0,0,0,0.0,0.0,0,0,0,0,0,0,0,0,0,0,0,0,0,1,0,0,0,0,3,30,1,0,0,1,1,0,0,9,209,0,0,0,0,,,0,0,0,0,0,0,0,0,0,0,0,0,,,,0,0,0,0,0,0,0,,0,0,0,0,,0,0,,0,0,0,0,0,0,0,0,0,0,T.Henderson,TreVeyon Henderson,RB,RB,"https://static.www.nfl.com/image/upload/f_auto,q_auto/league/ebcjvwytgu2y4kqm8ihv",2025.0,POST,NE,4.0,0.0,0.0,0.0,0.0,0.0,0.0,0.0,0.0,0.0,0.0,0.0,0.0,,,0.0,,0.0,0.0,0.0,0.0,30.0,76.0,0.0,0.0,0.0,1.0,-11.183846599131357,0.0,1.0,1.0,0.0,0.0,5.0,6.0,33.0,0.0,0.0,0.0,-13.0,41.0,1.0,-3.4943334643612616,0.0,1.0,1.0,1.0,0.0,-2.5384615384615383,0.05263157894736842,-0.01045016077170418,0.0716322558808597,0.0,1.0,0.0,0.0,0.0,0.0,0.0,0.0,0.0,0.0,0.0,0.0,0.0,0.0,0.0,0.0,0.0,0.0,0.0,0.0,0.0,0.0,0.0,0.0,0.0,0.0,0.0,0.0,0.0,0.0,0.0,0.0,0.0,0.0,0.0,0.0,1.0,38.0,0.0,0.0,0.0,0.0,,,0.0,0.0,0.0,0.0,0.0,0.0,0.0,0.0,0.0,0.0,0.0,0.0,,,,0.0,0.0,0.0,0.0,0.0,0.0,0.0,,0.0,0.0,0.0,0.0,,0.0,0.0,,0.0,0.0,0.0,0.0,0.0,0.0,0.0,0.0,0.0,0.0,10.9,15.9,00-0040734,HendTr02,4432710,TreVeyon Henderson,2002-10-22,70.0,202.0,Ohio State,2025.0,2.0,38.0,NE,2025,2,17.0,0.0,25.0,0.0,0.05941176470588235,2025.0,TreVeyon Henderson,NE,23.0,RB,17.0,4.0,42.0,35.0,221.0,,7.0,-23.0,-0.7,244.0,7.0,0.0,3.0,11.7,2.0,0.048,0.0,96.5,2026-02-11,2025.0,TreVeyon Henderson,NE,23.0,RB,17.0,4.0,180.0,911.0,,45.0,549.0,3.1,362.0,2.0,11.0,16.4,2026-02-11,,,,,,,,,,,,,,,,,,,,,,,,,,,,,,,,,,,,,,,,,,,,,,,,,,,,,,,,,,,17,11.1,0.5,9,4,3
2025,Kenneth Walker III,K.Walker,00-0038134,SEA,RB,RB,22.0,17,191.9,11.288235294117648,160.9,31.0,31,36,282,0,0.07912087912087912,-0.010889774236387782,0.11105847671584723,221,1027,5,0,0,0,0,0,498.0,0.4688235294117647,0.3853413654618474,11.288235294117648,6.529632680417519,25.400000000000002,2,RB,"https://static.www.nfl.com/image/upload/f_auto,q_auto/league/vk6nruaqdewdglofcwwg",REG,0,0,0,0,0,0,0,,,0,,0,0,0,0,0,0,46,-14.293906376116537,0,33,22,10,1,1,0,-41,339,12,6.839457415541519,0,12,6,5,1,-6.878048780487805,0,1,0,1,0,0,0,0.0,0.0,0,0,0,0,0,0,0,0,0,0,0,0,0,1,0,0,0,0,1,15,0,1,0,1,0,0,0,0,0,0,0,0,0,,,0,0,0,0,0,0,0,0,0,0,0,0,,,,0,0,0,0,0,0,0,,0,0,0,0,,0,0,,0,0,0,0,0,0,0,0,0,0,K.Walker,Kenneth Walker III,RB,RB,"https://static.www.nfl.com/image/upload/f_auto,q_auto/league/vk6nruaqdewdglofcwwg",2025.0,POST,SEA,3.0,0.0,0.0,0.0,0.0,0.0,0.0,0.0,0.0,0.0,0.0,0.0,0.0,,,0.0,,0.0,0.0,0.0,0.0,65.0,313.0,4.0,0.0,0.0,17.0,4.273245854134554,0.0,9.0,6.0,2.0,0.0,9.0,11.0,104.0,0.0,0.0,0.0,5.0,102.0,7.0,8.647596397437155,0.0,6.0,1.0,1.0,0.0,20.8,0.12790697674418605,0.006157635467980296,0.1961708099438653,0.0,0.0,0.0,0.0,0.0,0.0,0.0,0.0,0.0,0.0,0.0,0.0,0.0,0.0,0.0,0.0,0.0,0.0,0.0,0.0,0.0,0.0,0.0,0.0,0.0,0.0,0.0,0.0,0.0,0.0,0.0,0.0,0.0,0.0,0.0,0.0,0.0,0.0,0.0,0.0,0.0,0.0,,,0.0,0.0,0.0,0.0,0.0,0.0,0.0,0.0,0.0,0.0,0.0,0.0,,,,0.0,0.0,0.0,0.0,0.0,0.0,0.0,,0.0,0.0,0.0,0.0,,0.0,0.0,,0.0,0.0,0.0,0.0,0.0,0.0,0.0,0.0,0.0,0.0,65.7,74.7,00-0038134,WalkKe00,4567048,Kenneth Walker III,2000-10-20,69.0,211.0,Michigan State; Wake Forest,2022.0,2.0,41.0,SEA,2022,5,17.0,0.0,0.0,0.0,0.0,2025.0,Kenneth Walker,SEA,25.0,RB,17.0,17.0,36.0,31.0,282.0,,12.0,-57.0,-1.8,339.0,10.9,-1.1,5.0,6.2,2.0,0.055999999999999994,0.0,99.3,2026-02-11,2025.0,Kenneth Walker,SEA,25.0,RB,17.0,17.0,221.0,1027.0,,46.0,621.0,2.8,406.0,1.8,23.0,9.6,2026-02-11,,,,,,,,,,,,,,,,,,,,,,,,,,,,,,,,,,,,,,,,,,,,,,,,,,,,,,,,,,,17,9.6,2.9000000000000004,8,5,1
2025,Tony Pollard,T.Pollard,00-0035261,TEN,RB,RB,23.0,17,185.8,10.929411764705883,152.8,33.0,33,41,206,0,0.07735849056603773,0.0029895366218236174,0.11813041148433313,242,1082,5,0,0,0,0,0,657.0,0.6247058823529412,0.2828006088280061,10.929411764705883,5.6194711390266034,28.1,1,RB,"https://static.www.nfl.com/image/upload/f_auto,q_auto/league/mb2xdrqiys6ktlcuah2n",REG,0,0,0,0,0,0,0,,,0,,0,0,0,0,3,2,48,-21.69428657046326,0,27,12,6,1,1,1,12,203,11,-11.82717167921672,0,8,1,1,0,17.166666666666668,0,0,0,0,0,0,0,0.0,0.0,0,0,0,0,0,0,0,0,0,0,0,0,0,2,0,0,0,0,1,10,4,0,0,4,3,0,0,0,0,0,0,0,0,,,0,0,0,0,0,0,0,0,0,0,0,0,,,,0,0,0,0,0,0,0,,0,0,0,0,,0,0,,0,0,0,0,0,0,0,0,0,0,,,,,,,,,,,,,,,,,,,,,,,,,,,,,,,,,,,,,,,,,,,,,,,,,,,,,,,,,,,,,,,,,,,,,,,,,,,,,,,,,,,,,,,,,,,,,,,,,,,,,,,,,,,,,,,,,,,,,,,,,,,,,,,,,,,,,,,,,,,,,,,,,,,,00-0035261,PollTo00,3916148,Tony Pollard,1997-04-30,72.0,209.0,Memphis,2019.0,4.0,128.0,DAL,2019,8,17.0,0.0,0.0,0.0,0.0,2025.0,Tony Pollard,TEN,28.0,RB,17.0,17.0,41.0,33.0,206.0,,11.0,3.0,0.1,203.0,6.2,0.3,2.0,16.5,2.0,0.049,1.0,77.4,2026-02-11,2025.0,Tony Pollard,TEN,28.0,RB,17.0,17.0,242.0,1082.0,,48.0,640.0,2.6,442.0,1.8,16.0,15.1,2026-02-11,,,,,,,,,,,,,,,,,,,,,,,,,,,,,,,,,,,,,,,,,,,,,,,,,,,,,,,,,,,17,9.5,5.300000000000001,8,2,1
2025,Zach Charbonnet,Z.Charbonnet,00-0039165,SEA,RB,RB,24.0,16,181.4,11.3375,161.4,20.0,20,24,144,0,0.05274725274725275,0.010624169986719787,0.08655779811158297,184,730,12,0,0,0,0,0,489.0,0.48375,0.37096114519427403,11.3375,6.6987436633048345,26.200000000000003,1,RB,"https://static.www.nfl.com/image/upload/f_auto,q_auto/league/cuuyog0lpxfaj0y0huvp",REG,0,0,0,0,0,0,0,,,0,,0,0,0,0,0,0,48,-1.156227138466867,1,12,11,5,0,0,0,40,123,7,0.6735500383621602,0,7,1,1,0,3.6,0,0,0,1,0,0,0,0.0,0.0,0,0,0,0,0,0,0,0,0,0,0,0,0,1,0,0,0,0,0,0,0,0,0,0,0,0,0,0,0,0,0,0,0,,,0,0,0,0,0,0,0,0,0,0,0,0,,,,0,0,0,0,0,0,0,,0,0,0,0,,0,0,,0,0,0,0,0,0,0,0,0,0,Z.Charbonnet,Zach Charbonnet,RB,RB,"https://static.www.nfl.com/image/upload/f_auto,q_auto/league/cuuyog0lpxfaj0y0huvp",2025.0,POST,SEA,1.0,0.0,0.0,0.0,0.0,0.0,0.0,0.0,0.0,0.0,0.0,0.0,0.0,,,0.0,,0.0,0.0,0.0,0.0,5.0,20.0,0.0,0.0,0.0,1.0,-0.0071610143478917365,0.0,1.0,1.0,0.0,0.0,0.0,0.0,0.0,0.0,0.0,0.0,0.0,0.0,0.0,,0.0,0.0,0.0,0.0,0.0,,0.0,0.0,0.0,0.0,0.0,0.0,0.0,0.0,0.0,0.0,0.0,0.0,0.0,0.0,0.0,0.0,0.0,0.0,0.0,0.0,0.0,0.0,0.0,0.0,0.0,0.0,0.0,0.0,0.0,0.0,0.0,0.0,0.0,0.0,0.0,0.0,0.0,0.0,0.0,0.0,0.0,0.0,0.0,0.0,0.0,,,0.0,0.0,0.0,0.0,0.0,0.0,0.0,0.0,0.0,0.0,0.0,0.0,,,,0.0,0.0,0.0,0.0,0.0,0.0,0.0,,0.0,0.0,0.0,0.0,,0.0,0.0,,0.0,0.0,0.0,0.0,0.0,0.0,0.0,0.0,0.0,0.0,2.0,2.0,00-0039165,CharZa00,4426385,Zach Charbonnet,2001-01-08,73.0,220.0,UCLA; Michigan,2023.0,2.0,52.0,SEA,2023,4,16.0,0.0,3.0,0.0,0.007500000000000001,2025.0,Zach Charbonnet,SEA,24.0,RB,16.0,0.0,24.0,20.0,144.0,,7.0,21.0,1.1,123.0,6.2,1.7,1.0,20.0,1.0,0.042,0.0,91.7,2026-02-11,2025.0,Zach Charbonnet,SEA,24.0,RB,16.0,0.0,184.0,730.0,,48.0,393.0,2.1,337.0,1.8,14.0,13.1,2026-02-11,,,,,,,,,,,,,,,,,,,,,,,,,,,,,,,,,,,,,,,,,,,,,,,,,,,,,,,,,,,16,10.95,1.0,9,4,1
2025,Rhamondre Stevenson,R.Stevenson,00-0036875,NE,RB,RB,25.0,14,178.8,12.771428571428572,146.8,32.0,32,37,345,2,0.07676348547717843,0.03447528187337381,0.1392779255271293,130,603,7,0,0,0,0,0,533.0,0.5935714285714286,0.3354596622889306,12.771428571428572,10.052969601177447,35.3,3,RB,"https://static.www.nfl.com/image/upload/f_auto,q_auto/league/zmpuirvuw4r04inxth5i",REG,0,0,0,0,0,0,0,,,0,,0,0,0,0,2,2,29,-18.276205582510894,1,15,10,7,1,1,1,159,263,11,13.097800446866753,1,12,7,5,1,2.169811320754717,0,0,0,0,0,0,0,0.0,0.0,0,0,0,0,0,0,0,0,0,0,0,0,0,0,0,0,0,0,0,0,3,0,0,3,3,0,0,2,40,0,0,0,0,,,0,0,0,0,0,0,0,0,0,0,0,0,,,,0,0,0,0,0,0,0,,0,0,0,0,,0,0,,0,0,0,0,0,0,0,0,0,0,R.Stevenson,Rhamondre Stevenson,RB,RB,"https://static.www.nfl.com/image/upload/f_auto,q_auto/league/zmpuirvuw4r04inxth5i",2025.0,POST,NE,4.0,0.0,0.0,0.0,0.0,0.0,0.0,0.0,0.0,0.0,0.0,0.0,0.0,,,0.0,,0.0,0.0,0.0,0.0,58.0,217.0,0.0,0.0,0.0,11.0,-7.5127729770421094,0.0,4.0,3.0,1.0,0.0,12.0,15.0,126.0,1.0,0.0,0.0,9.0,140.0,6.0,5.2876548081985675,0.0,4.0,2.0,1.0,1.0,14.0,0.13157894736842105,0.007234726688102894,0.2024327297343036,0.0,0.0,0.0,0.0,0.0,0.0,0.0,0.0,0.0,0.0,0.0,0.0,0.0,0.0,0.0,0.0,0.0,0.0,0.0,0.0,0.0,0.0,0.0,0.0,0.0,0.0,0.0,0.0,0.0,0.0,0.0,0.0,0.0,0.0,0.0,0.0,0.0,0.0,0.0,0.0,0.0,0.0,,,0.0,0.0,0.0,0.0,0.0,0.0,0.0,0.0,0.0,0.0,0.0,0.0,,,,0.0,0.0,0.0,0.0,0.0,0.0,0.0,,0.0,0.0,0.0,0.0,,0.0,0.0,,0.0,0.0,0.0,0.0,0.0,0.0,0.0,0.0,0.0,0.0,40.300000000000004,52.300000000000004,00-0036875,StevRh00,4569173,Rhamondre Stevenson,1998-02-23,72.0,227.0,Oklahoma; Cerritos College,2021.0,4.0,120.0,NE,2021,6,14.0,0.0,5.0,0.0,0.014285714285714287,2025.0,Rhamondre Stevenson,NE,27.0,RB,14.0,13.0,37.0,32.0,345.0,,11.0,82.0,2.6,263.0,8.2,4.3,0.0,,0.0,0.0,0.0,123.5,2026-02-11,2025.0,Rhamondre Stevenson,NE,27.0,RB,14.0,13.0,130.0,603.0,,29.0,243.0,1.9,360.0,2.8,16.0,8.1,2026-02-11,,,,,,,,,,,,,,,,,,,,,,,,,,,,,,,,,,,,,2025.0,Regular,Season Total,NE,R. Stevenson,,75.7,0.3,3.0,0.6,0.0,0.6,0.0,0.0,79.1,0.0,Rhamondre,Stevenson,Rhamondre Stevenson,https://a.espncdn.com/i/headshots/nfl/players/full/4569173.png,Patriots,False,14,10.85,1.8,8,5,2
2025,Quinshon Judkins,Q.Judkins,00-0040784,CLE,RB,RB,26.0,14,169.8,12.12857142857143,143.8,26.0,26,36,171,0,0.06896551724137931,-0.003963011889035667,0.100674167539744,230,827,7,0,0,0,0,0,452.0,0.505,0.37566371681415933,12.12857142857143,6.729662075346105,26.4,2,RB,"https://static.www.nfl.com/image/upload/f_auto,q_auto/league/ojtce2im0wp2ltyel0vc",REG,0,0,0,0,0,0,0,-0.947,,0,,0,0,0,0,0,0,50,-25.102870928501826,1,18,13,4,1,0,0,-15,194,7,-7.291977038432378,0,7,4,1,1,-11.4,0,0,0,0,0,0,0,0.0,0.0,0,0,0,0,0,0,0,0,0,0,0,0,0,0,0,0,0,0,0,0,0,0,0,0,0,0,0,0,0,0,0,0,0,,,0,0,0,0,0,0,0,0,0,0,0,0,,,,0,0,0,0,0,0,0,,0,0,0,0,,0,0,,0,0,0,0,0,0,0,0,0,0,,,,,,,,,,,,,,,,,,,,,,,,,,,,,,,,,,,,,,,,,,,,,,,,,,,,,,,,,,,,,,,,,,,,,,,,,,,,,,,,,,,,,,,,,,,,,,,,,,,,,,,,,,,,,,,,,,,,,,,,,,,,,,,,,,,,,,,,,,,,,,,,,,,,00-0040784,JudkQu00,4685702,Quinshon Judkins,2003-10-29,72.0,221.0,Ohio State; Mississippi,2025.0,2.0,36.0,CLE,2025,2,14.0,0.0,0.0,0.0,0.0,2025.0,Quinshon Judkins,CLE,22.0,RB,14.0,14.0,36.0,26.0,171.0,,7.0,-23.0,-0.9,194.0,7.5,-0.5,0.0,,1.0,0.027999999999999997,1.0,70.5,2026-02-11,2025.0,Quinshon Judkins,CLE,22.0,RB,14.0,14.0,230.0,827.0,,50.0,322.0,1.4,505.0,2.2,11.0,20.9,2026-02-11,,,,,,,,,,,,,,,,,,,,,,,,,,,,,,,,,,,,,,,,,,,,,,,,,,,,,,,,,,,14,10.3,3.6,9,5,1
2025,David Montgomery,D.Montgomery,00-0035685,DET,RB,RB,27.0,17,166.92000000000002,9.818823529411766,142.92000000000002,24.0,24,29,192,0,0.05272727272727273,0.003215434083601286,0.08134171294942999,158,716,8,1,2,3,1,0,408.0,0.37058823529411766,0.4091176470588236,9.818823529411766,6.721701684053805,29.400000000000002,1,RB,"https://static.www.nfl.com/image/upload/f_auto,q_auto/league/csz0c9roa4pqsccothxg",REG,1,-5,0,0,7,0,1,-1.7448692192556337,3.4457921981811523,0,0.42857142857142855,0,0,0,0,2,1,41,0.4719967973507009,1,15,10,3,1,0,0,12,199,11,3.129931774982925,0,10,1,1,0,16.0,0,0,0,0,0,0,0,0.0,0.0,0,0,0,0,0,0,0,0,0,0,0,0,0,0,-9,0,0,0,0,0,1,1,0,2,1,0,0,0,0,0,0,0,0,,,0,0,0,0,0,0,0,0,0,0,0,0,,,,0,0,0,0,0,0,0,,0,0,0,0,,0,0,,0,0,0,0,0,0,0,0,0,0,,,,,,,,,,,,,,,,,,,,,,,,,,,,,,,,,,,,,,,,,,,,,,,,,,,,,,,,,,,,,,,,,,,,,,,,,,,,,,,,,,,,,,,,,,,,,,,,,,,,,,,,,,,,,,,,,,,,,,,,,,,,,,,,,,,,,,,,,,,,,,,,,,,,00-0035685,MontDa01,4035538,David Montgomery,1997-06-07,71.0,230.0,Iowa State,2019.0,3.0,73.0,CHI,2019,8,17.0,0.0,0.0,0.0,0.0,2025.0,David Montgomery,DET,28.0,RB,17.0,0.0,29.0,24.0,192.0,,11.0,-7.0,-0.3,199.0,8.3,0.5,0.0,,0.0,0.0,0.0,94.3,2026-02-11,2025.0,David Montgomery,DET,28.0,RB,17.0,0.0,158.0,716.0,,41.0,370.0,2.3,346.0,2.2,3.0,52.7,2026-02-11,David Montgomery,DET,2.0,0.0,0.0,0.0,0.0,1.0,50.0,2025.0,1.4,3.0,0.0,1.0,2.0,66.7,0.0,1.0,50.0,12.0,21.0,2.0,3.0,10.0,18.0,,,7.0,3.5,3.0,3.0,1.5,0.0,0.0,0.0,,,,,,,,,,,,,,,,,,,,,,,,17,8.3,1.2000000000000002,7,2,1
2025,Tyrone Tracy Jr.,T.Tracy,00-0039384,NYG,RB,RB,28.0,15,160.8,10.72,124.80000000000001,36.0,36,48,288,2,0.09542743538767395,0.004247708473060586,0.14611454901265333,176,740,2,0,0,0,0,0,548.0,0.5446666666666666,0.2934306569343066,10.72,7.660119357518431,27.9,2,RB,"https://static.www.nfl.com/image/upload/f_auto,q_auto/league/b9nje50lohbprf06xoom",REG,0,0,0,0,0,0,0,,,0,,0,0,0,0,0,0,39,-9.786288919902209,0,19,12,3,0,1,1,19,314,14,0.04056585703304316,0,11,5,4,1,15.157894736842104,0,0,0,0,0,0,0,0.0,0.0,0,0,0,0,0,0,0,0,0,0,0,0,0,0,0,0,0,0,2,15,1,0,0,1,1,0,0,5,132,0,0,0,0,,,0,0,0,0,0,0,0,0,0,0,0,0,,,,0,0,0,0,0,0,0,,0,0,0,0,,0,0,,0,0,0,0,0,0,0,0,0,0,,,,,,,,,,,,,,,,,,,,,,,,,,,,,,,,,,,,,,,,,,,,,,,,,,,,,,,,,,,,,,,,,,,,,,,,,,,,,,,,,,,,,,,,,,,,,,,,,,,,,,,,,,,,,,,,,,,,,,,,,,,,,,,,,,,,,,,,,,,,,,,,,,,,00-0039384,TracTy00,4360516,Tyrone Tracy Jr.,1999-11-23,71.0,210.0,Purdue; Iowa,2024.0,5.0,166.0,NYG,2024,3,15.0,0.0,7.0,0.0,0.012,2025.0,Tyrone Tracy,NYG,26.0,RB,15.0,11.0,48.0,36.0,288.0,,14.0,-26.0,-0.7,314.0,8.7,0.4,6.0,6.0,2.0,0.042,0.0,103.5,2026-02-11,2025.0,Tyrone Tracy,NYG,26.0,RB,15.0,11.0,176.0,740.0,,39.0,439.0,2.5,301.0,1.7,5.0,35.2,2026-02-11,,,,,,,,,,,,,,,,,,,,,,,,,,,,,,,,,,,,,,,,,,,,,,,,,,,,,,,,,,,15,8.100000000000001,0.6000000000000001,5,4,1
2025,Kyle Monangai,K.Monangai,00-0040236,CHI,RB,RB,29.0,17,146.7,8.629411764705882,128.7,18.0,18,30,164,0,0.05639097744360902,0.0004045307443365696,0.08486963768644913,169,783,5,0,0,0,0,0,478.0,0.4088235294117647,0.30690376569037653,8.629411764705882,6.279606347722199,22.8,1,RB,"https://static.www.nfl.com/image/upload/f_auto,q_auto/league/bkkk3uuouhcobydqawro",REG,0,0,0,0,0,0,0,,,0,,0,0,0,0,0,0,40,3.6714812355933244,2,15,11,3,0,0,0,2,162,7,-7.266987946189103,0,8,2,2,0,82.0,0,0,0,0,0,0,0,0.0,0.0,0,0,0,0,0,0,0,0,0,0,0,0,0,2,1,0,0,0,0,0,0,0,0,0,0,0,0,0,0,0,0,0,0,,,0,0,0,0,0,0,0,0,0,0,0,0,,,,0,0,0,0,0,0,0,,0,0,0,0,,0,0,,0,0,0,0,0,0,0,0,0,0,K.Monangai,Kyle Monangai,RB,RB,"https://static.www.nfl.com/image/upload/f_auto,q_auto/league/bkkk3uuouhcobydqawro",2025.0,POST,CHI,2.0,0.0,0.0,0.0,0.0,0.0,0.0,0.0,0.0,0.0,0.0,0.0,0.0,,,0.0,,0.0,0.0,0.0,0.0,21.0,63.0,0.0,0.0,0.0,6.0,-7.766420266998466,0.0,1.0,1.0,0.0,0.0,5.0,7.0,58.0,0.0,0.0,0.0,4.0,62.0,3.0,4.120049371093046,0.0,2.0,2.0,1.0,0.0,14.5,0.07954545454545454,0.004246284501061571,0.12229058096892492,0.0,0.0,0.0,0.0,0.0,0.0,0.0,0.0,0.0,0.0,0.0,0.0,0.0,0.0,0.0,0.0,0.0,0.0,0.0,0.0,0.0,0.0,0.0,0.0,0.0,0.0,0.0,0.0,0.0,0.0,0.0,0.0,0.0,0.0,0.0,0.0,0.0,0.0,0.0,0.0,0.0,0.0,,,0.0,0.0,0.0,0.0,0.0,0.0,0.0,0.0,0.0,0.0,0.0,0.0,,,,0.0,0.0,0.0,0.0,0.0,0.0,0.0,,0.0,0.0,0.0,0.0,,0.0,0.0,,0.0,0.0,0.0,0.0,0.0,0.0,0.0,0.0,0.0,0.0,12.100000000000001,17.1,00-0040236,MonaKy00,4608686,Kyle Monangai,2002-06-06,68.0,207.0,Rutgers,2025.0,7.0,233.0,CHI,2025,2,17.0,0.0,0.0,0.0,0.0,2025.0,Kyle Monangai,CHI,23.0,RB,17.0,1.0,30.0,18.0,164.0,,7.0,2.0,0.1,162.0,9.0,-0.3,3.0,6.0,6.0,0.2,1.0,61.0,2026-02-11,2025.0,Kyle Monangai,CHI,23.0,RB,17.0,1.0,169.0,783.0,,40.0,459.0,2.7,324.0,1.9,5.0,33.8,2026-02-11,,,,,,,,,,,,,,,,,,,,,,,,,,,,,,,,,,,,,,,,,,,,,,,,,,,,,,,,,,,17,7.7,1.8,6,3,0
2025,Kareem Hunt,K.Hunt,00-0033923,KC,RB,RB,30.0,17,145.4,8.552941176470588,127.4,18.0,18,25,143,1,0.04553734061930783,0.0,0.06830601092896174,163,611,8,0,0,0,0,0,529.0,0.47058823529411764,0.2748582230623819,8.552941176470588,6.050425361809162,20.0,1,RB,"https://static.www.nfl.com/image/upload/f_auto,q_auto/league/hktvzf8hiupoycyg1kmc",REG,0,0,0,0,0,0,0,,,0,,0,0,0,0,2,1,55,9.66942339667814,0,10,5,1,0,0,0,0,153,8,1.3847697068058475,0,6,1,1,0,0.0,0,1,0,0,0,0,0,0.0,0.0,0,0,0,0,0,0,0,0,0,0,0,0,0,1,0,0,0,0,2,20,2,0,0,2,1,0,0,0,0,0,0,0,0,,,0,0,0,0,0,0,0,0,0,0,0,0,,,,0,0,0,0,0,0,0,,0,0,0,0,,0,0,,0,0,0,0,0,0,0,0,0,0,,,,,,,,,,,,,,,,,,,,,,,,,,,,,,,,,,,,,,,,,,,,,,,,,,,,,,,,,,,,,,,,,,,,,,,,,,,,,,,,,,,,,,,,,,,,,,,,,,,,,,,,,,,,,,,,,,,,,,,,,,,,,,,,,,,,,,,,,,,,,,,,,,,,00-0033923,HuntKa00,3059915,Kareem Hunt,1995-08-06,71.0,216.0,Toledo,2017.0,3.0,86.0,KC,2017,9,17.0,0.0,0.0,0.0,0.0,2025.0,Kareem Hunt,KC,30.0,RB,17.0,4.0,25.0,18.0,143.0,,8.0,-10.0,-0.6,153.0,8.5,0.2,2.0,9.0,1.0,0.04,1.0,82.6,2026-02-11,2025.0,Kareem Hunt,KC,30.0,RB,17.0,4.0,163.0,611.0,,55.0,290.0,1.8,321.0,2.0,7.0,23.3,2026-02-11,,,,,,,,,,,,,,,,,,,,,,,,,,,,,,,,,,,,,,,,,,,,,,,,,,,,,,,,,,,17,6.5,0.2,6,3,0
2025,Woody Marks,W.Marks,00-0040583,HOU,RB,RB,31.0,16,145.10000000000002,9.068750000000001,121.10000000000001,24.000000000000014,24,36,208,3,0.0650994575045208,0.0161594963273872,0.10896083368595225,196,703,2,0,0,0,0,0,571.0,0.515,0.25411558669001755,9.06875,6.934524136521553,27.9,1,RB,"https://static.www.nfl.com/image/upload/f_auto,q_auto/league/y5ntpcenhhhv98uz2fys",REG,0,0,0,0,0,0,0,,,0,,0,0,0,0,1,0,39,-29.178442436755464,0,15,10,2,0,0,0,77,223,7,7.229645392006979,0,5,3,3,1,2.7012987012987013,0,0,0,0,0,0,0,0.0,0.0,0,0,0,0,0,0,0,0,0,0,0,0,0,3,1,0,0,1,0,0,1,0,0,1,0,0,0,0,0,0,0,0,0,,,0,0,0,0,0,0,0,0,0,0,0,0,,,,0,0,0,0,0,0,0,,0,0,0,0,,0,0,,0,0,0,0,0,0,0,0,0,0,W.Marks,Woody Marks,RB,RB,"https://static.www.nfl.com/image/upload/f_auto,q_auto/league/y5ntpcenhhhv98uz2fys",2025.0,POST,HOU,2.0,0.0,0.0,0.0,0.0,0.0,0.0,0.0,0.0,0.0,0.0,0.0,0.0,,,0.0,,0.0,0.0,0.0,0.0,33.0,129.0,1.0,1.0,1.0,5.0,-6.290961392398458,0.0,3.0,3.0,1.0,0.0,2.0,4.0,19.0,0.0,0.0,0.0,12.0,17.0,1.0,-0.4746196856978293,0.0,1.0,0.0,0.0,0.0,1.5833333333333333,0.05194805194805195,0.017118402282453638,0.08990495951979546,0.0,0.0,0.0,0.0,0.0,0.0,0.0,0.0,0.0,0.0,0.0,0.0,0.0,0.0,0.0,0.0,0.0,0.0,0.0,0.0,0.0,0.0,0.0,0.0,0.0,0.0,0.0,0.0,0.0,1.0,0.0,0.0,1.0,1.0,0.0,0.0,0.0,0.0,0.0,0.0,0.0,0.0,,,0.0,0.0,0.0,0.0,0.0,0.0,0.0,0.0,0.0,0.0,0.0,0.0,,,,0.0,0.0,0.0,0.0,0.0,0.0,0.0,,0.0,0.0,0.0,0.0,,0.0,0.0,,0.0,0.0,0.0,0.0,0.0,0.0,0.0,0.0,0.0,0.0,18.8,20.8,00-0040583,MarkWo00,4429059,Woody Marks,2000-12-29,70.0,208.0,USC; Mississippi State,2025.0,4.0,116.0,HOU,2025,2,16.0,0.0,5.0,0.0,0.013750000000000002,2025.0,Woody Marks,HOU,25.0,RB,16.0,8.0,36.0,24.0,208.0,,7.0,-15.0,-0.6,223.0,9.3,2.1,3.0,8.0,2.0,0.055999999999999994,0.0,109.5,2026-02-11,2025.0,Woody Marks,HOU,25.0,RB,16.0,8.0,196.0,703.0,,39.0,356.0,1.8,347.0,1.8,6.0,32.7,2026-02-11,,,,,,,,,,,,,,,,,,,,,,,,,,,,,,,,,,,,,,,,,,,,,,,,,,,,,,,,,,,16,7.25,0.30000000000000004,5,4,1
2025,Rachaad White,R.White,00-0037256,TB,RB,RB,32.0,17,143.0,8.411764705882353,103.0,40.0,40,45,218,0,0.08317929759704251,-0.02264653641207815,0.10891637090710907,132,572,4,0,0,0,0,0,574.0,0.5105882352941177,0.24912891986062718,8.411764705882353,5.498054468734961,23.1,1,RB,"https://static.www.nfl.com/image/upload/f_auto,q_auto/league/wtdhs50gcl2p6vngsnre",REG,0,0,0,0,0,0,0,,,0,,0,0,0,0,0,0,37,10.428743410305238,0,13,8,2,0,0,0,-102,329,10,-1.8114817599400306,0,9,2,0,0,-2.1372549019607843,0,0,0,0,0,0,0,0.0,0.0,0,0,0,0,0,0,0,0,0,0,0,0,0,3,0,0,0,0,0,0,0,0,0,0,0,0,0,0,0,0,0,0,0,,,0,0,0,0,0,0,0,0,0,0,0,0,,,,0,0,0,0,0,0,0,,0,0,0,0,,0,0,,0,0,0,0,0,0,0,0,0,0,,,,,,,,,,,,,,,,,,,,,,,,,,,,,,,,,,,,,,,,,,,,,,,,,,,,,,,,,,,,,,,,,,,,,,,,,,,,,,,,,,,,,,,,,,,,,,,,,,,,,,,,,,,,,,,,,,,,,,,,,,,,,,,,,,,,,,,,,,,,,,,,,,,,00-0037256,WhitRa01,4697815,Rachaad White,1999-01-12,72.0,214.0,Arizona State; Mt. San Antonio; Kearney State,2022.0,3.0,91.0,TB,2022,5,17.0,0.0,0.0,0.0,0.0,2025.0,Rachaad White,TB,26.0,RB,17.0,8.0,45.0,40.0,218.0,,10.0,-111.0,-2.8,329.0,8.2,-2.3,4.0,10.0,0.0,0.0,0.0,86.9,2026-02-11,2025.0,Rachaad White,TB,26.0,RB,17.0,8.0,132.0,572.0,,37.0,373.0,2.8,199.0,1.5,9.0,14.7,2026-02-11,,,,,,,,,,,,,,,,,,,,,,,,,,,,,,,,,,,,,,,,,,,,,,,,,,,,,,,,,,,17,8.0,2.4000000000000004,4,2,0
2025,Jacory Croskey-Merritt,J.Croskey-Merritt,00-0040242,WAS,RB,RB,33.0,17,140.3,8.25294117647059,131.3,9.0,9,13,68,0,0.03009259259259259,-0.004752376188094047,0.041812225557223054,175,805,8,0,0,0,0,0,406.0,0.3947058823529412,0.3455665024630542,8.25294117647059,7.468610785067296,27.0,2,RB,"https://static.www.nfl.com/image/upload/f_auto,q_auto/league/qew4qhlj4yuf50voko61",REG,0,0,0,0,0,0,0,,,0,,0,0,0,0,3,2,41,-6.5307797417188995,0,21,12,3,2,0,0,-19,77,3,1.0342133147642016,0,2,1,1,0,-3.5789473684210527,0,0,0,0,0,0,0,0.0,0.0,0,0,0,0,0,0,0,0,0,0,0,0,0,0,0,0,0,0,0,0,3,1,0,4,2,0,0,0,0,0,0,0,0,,,0,0,0,0,0,0,0,0,0,0,0,0,,,,0,0,0,0,0,0,0,,0,0,0,0,,0,0,,0,0,0,0,0,0,0,0,0,0,,,,,,,,,,,,,,,,,,,,,,,,,,,,,,,,,,,,,,,,,,,,,,,,,,,,,,,,,,,,,,,,,,,,,,,,,,,,,,,,,,,,,,,,,,,,,,,,,,,,,,,,,,,,,,,,,,,,,,,,,,,,,,,,,,,,,,,,,,,,,,,,,,,,00-0040242,CrosJa00,4575131,Jacory Croskey-Merritt,2001-04-12,71.0,208.0,Arizona; New Mexico; Alabama State,2025.0,7.0,245.0,WAS,2025,2,17.0,0.0,0.0,0.0,0.0,2025.0,Jacory Croskey-Merritt,WAS,24.0,RB,17.0,7.0,13.0,9.0,68.0,,3.0,-9.0,-1.0,77.0,8.6,-1.5,0.0,,0.0,0.0,0.0,81.6,2026-02-11,2025.0,Jacory Croskey-Merritt,WAS,24.0,RB,17.0,7.0,175.0,805.0,,41.0,443.0,2.5,362.0,2.1,13.0,13.5,2026-02-11,,,,,,,,,,,,,,,,,,,,,,,,,,,,,,,,,,,,,2025.0,Regular,Season Total,WSH,J. Croskey-Merritt,,64.3,0.1,2.0,0.2,0.0,0.2,0.0,0.0,59.4,0.0,Jacory,Croskey-Merritt,Jacory Croskey-Merritt,https://a.espncdn.com/i/headshots/nfl/players/full/4575131.png,Commanders,False,17,5.1000000000000005,1.7000000000000002,5,3,1
2025,Bucky Irving,B.Irving,00-0039361,TB,RB,RB,34.0,10,138.5,13.85,108.5,30.0,30,35,277,3,0.06469500924214418,-0.012433392539964476,0.08833913908524114,173,588,1,0,0,0,0,0,421.0,0.616,0.32897862232779096,13.85,5.608178551603602,25.5,1,RB,"https://static.www.nfl.com/image/upload/f_auto,q_auto/league/vkc00rvnix3f2b96vkwo",REG,0,0,0,0,0,0,0,,,0,,0,0,0,0,1,1,27,-35.577412204652774,0,11,8,1,0,0,0,-56,360,11,8.81237619422609,0,9,6,5,1,-4.946428571428571,0,0,0,0,0,0,0,0.0,0.0,0,0,0,0,0,0,0,0,0,0,0,0,0,0,0,0,0,0,0,0,1,0,0,1,1,0,0,0,0,0,0,0,0,,,0,0,0,0,0,0,0,0,0,0,0,0,,,,0,0,0,0,0,0,0,,0,0,0,0,,0,0,,0,0,0,0,0,0,0,0,0,0,,,,,,,,,,,,,,,,,,,,,,,,,,,,,,,,,,,,,,,,,,,,,,,,,,,,,,,,,,,,,,,,,,,,,,,,,,,,,,,,,,,,,,,,,,,,,,,,,,,,,,,,,,,,,,,,,,,,,,,,,,,,,,,,,,,,,,,,,,,,,,,,,,,,00-0039361,IrviBu00,4596448,Bucky Irving,2002-08-19,70.0,194.0,Oregon; Minnesota,2024.0,4.0,125.0,TB,2024,3,10.0,0.0,0.0,0.0,0.0,2025.0,Bucky Irving,TB,23.0,RB,10.0,9.0,35.0,30.0,277.0,,11.0,-83.0,-2.8,360.0,12.0,-1.6,6.0,5.0,0.0,0.0,0.0,128.2,2026-02-11,2025.0,Bucky Irving,TB,23.0,RB,10.0,9.0,173.0,588.0,,27.0,305.0,1.8,283.0,1.6,10.0,17.3,2026-02-11,,,,,,,,,,,,,,,,,,,,,,,,,,,,,,,,,,,,,2025.0,Regular,Season Total,TB,B. Irving,,58.7,0.1,4.0,0.5,0.0,0.5,0.0,0.0,60.5,0.0,Bucky,Irving,Bucky Irving,https://a.espncdn.com/i/headshots/nfl/players/full/4596448.png,Buccaneers,False,10,14.2,7.1000000000000005,7,4,1
2025,Omarion Hampton,O.Hampton,00-0040666,LAC,RB,RB,35.0,9,135.7,15.077777777777776,103.7,31.999999999999986,32,35,192,1,0.06433823529411764,-0.011878574571051475,0.08819235074144043,124,545,4,0,0,0,0,0,384.0,0.6344444444444445,0.3533854166666666,15.077777777777776,8.07508169893311,27.5,3,RB,"https://static.www.nfl.com/image/upload/f_auto,q_auto/league/lf2jxvxnbexlinoydbej",REG,0,0,0,0,0,0,0,,,0,,0,0,0,0,0,0,31,-0.7757389234687124,0,14,9,3,1,1,0,-54,245,7,-0.5914522834937088,0,8,3,1,0,-3.5555555555555554,0,1,0,0,0,0,0,0.0,0.0,0,0,0,0,0,0,0,0,0,0,0,0,0,1,2,0,0,0,0,0,1,0,1,1,0,0,0,1,30,0,0,0,0,,,0,0,0,0,0,0,0,0,0,0,0,0,,,,0,0,0,0,0,0,0,,0,0,0,0,,0,0,,0,0,0,0,0,0,0,0,0,0,O.Hampton,Omarion Hampton,RB,RB,"https://static.www.nfl.com/image/upload/f_auto,q_auto/league/lf2jxvxnbexlinoydbej",2025.0,POST,LAC,1.0,0.0,0.0,0.0,0.0,0.0,0.0,0.0,0.0,0.0,0.0,0.0,0.0,,,0.0,,0.0,0.0,0.0,0.0,1.0,-1.0,0.0,0.0,0.0,0.0,-0.6997952316887677,0.0,0.0,0.0,0.0,0.0,0.0,0.0,0.0,0.0,0.0,0.0,0.0,0.0,0.0,,0.0,0.0,0.0,0.0,0.0,,0.0,0.0,0.0,0.0,0.0,0.0,0.0,0.0,0.0,0.0,0.0,0.0,0.0,0.0,0.0,0.0,0.0,0.0,0.0,0.0,0.0,0.0,0.0,0.0,0.0,0.0,0.0,0.0,0.0,0.0,0.0,0.0,0.0,0.0,0.0,0.0,0.0,0.0,0.0,0.0,0.0,0.0,0.0,0.0,0.0,,,0.0,0.0,0.0,0.0,0.0,0.0,0.0,0.0,0.0,0.0,0.0,0.0,,,,0.0,0.0,0.0,0.0,0.0,0.0,0.0,,0.0,0.0,0.0,0.0,,0.0,0.0,,0.0,0.0,0.0,0.0,0.0,0.0,0.0,0.0,0.0,0.0,-0.1,-0.1,00-0040666,HampOm00,4685382,Omarion Hampton,2003-03-16,72.0,220.0,North Carolina,2025.0,1.0,22.0,LAC,2025,2,9.0,0.0,3.0,0.0,0.011111111111111112,2025.0,Omarion Hampton,LAC,22.0,RB,9.0,6.0,35.0,32.0,192.0,,7.0,-53.0,-1.7,245.0,7.7,-1.5,3.0,10.7,0.0,0.0,0.0,99.0,2026-02-11,2025.0,Omarion Hampton,LAC,22.0,RB,9.0,6.0,124.0,545.0,,31.0,336.0,2.7,209.0,1.7,15.0,8.3,2026-02-11,,,,,,,,,,,,,,,,,,,,,,,,,,,,,,,,,,,,,,,,,,,,,,,,,,,,,,,,,,,9,14.7,3.5,6,4,1
2025,Jordan Mason,J.Mason,00-0037525,MIN,RB,RB,36.0,16,128.9,8.05625,114.9,14.0,14,16,51,0,0.03418803418803419,-0.01384083044982699,0.04159346996717239,159,758,6,0,0,0,0,0,413.0,0.4275,0.31210653753026635,8.05625,5.49969317325976,23.6,1,RB,"https://static.www.nfl.com/image/upload/f_auto,q_auto/league/qeeucinnxl8mpzaw23hc",REG,0,0,0,0,0,0,0,,,0,,0,0,0,0,2,1,45,-5.773454468377167,0,22,18,4,0,1,0,-52,102,1,-4.607733096369531,0,1,0,0,0,-0.9807692307692307,0,0,0,1,0,0,0,0.0,0.0,0,0,0,0,0,0,0,0,0,0,0,0,0,1,0,0,0,0,0,0,3,0,1,3,1,0,0,0,0,0,0,0,0,,,0,0,0,0,0,0,0,0,0,0,0,0,,,,0,0,0,0,0,0,0,,0,0,0,0,,0,0,,0,0,0,0,0,0,0,0,0,0,,,,,,,,,,,,,,,,,,,,,,,,,,,,,,,,,,,,,,,,,,,,,,,,,,,,,,,,,,,,,,,,,,,,,,,,,,,,,,,,,,,,,,,,,,,,,,,,,,,,,,,,,,,,,,,,,,,,,,,,,,,,,,,,,,,,,,,,,,,,,,,,,,,,00-0037525,MasoJo00,4360569,Jordan Mason,1999-05-24,71.0,230.0,Georgia Tech,,,,,2022,5,16.0,0.0,1.0,0.0,0.001875,2025.0,Jordan Mason,MIN,26.0,RB,16.0,5.0,16.0,14.0,51.0,,1.0,-51.0,-3.6,102.0,7.3,-3.3,1.0,14.0,0.0,0.0,0.0,79.9,2026-02-11,2025.0,Jordan Mason,MIN,26.0,RB,16.0,5.0,159.0,758.0,,45.0,373.0,2.3,385.0,2.4,13.0,12.2,2026-02-11,,,,,,,,,,,,,,,,,,,,,,,,,,,,,,,,,,,,,2025.0,Regular,Season Total,MIN,J. Mason,,79.6,0.1,1.0,0.2,0.0,0.2,0.0,0.0,78.9,0.0,Jordan,Mason,Jordan Mason,https://a.espncdn.com/i/headshots/nfl/players/full/4360569.png,Vikings,False,16,7.15,1.6,6,1,0
2025,Cam Skattebo,C.Skattebo,00-0040715,NYG,RB,RB,37.0,8,127.7,15.9625,103.7,24.0,24,32,207,2,0.0636182902584493,-0.0011178180192264698,0.09464496277421543,101,410,5,0,0,0,0,0,295.0,0.5225,0.4328813559322034,15.9625,8.618408454332753,31.0,2,RB,"https://static.www.nfl.com/image/upload/f_auto,q_auto/league/hlggiqdfvj1f4kntkafr",REG,0,0,0,0,0,0,0,,,0,,0,0,0,0,1,1,27,-12.09682665153826,1,10,6,1,0,0,0,-5,209,11,3.3583557939273305,0,8,3,1,0,-41.4,0,0,0,0,0,0,0,0.0,0.0,0,0,0,0,0,0,0,0,0,0,0,0,0,0,0,0,0,0,1,15,1,0,0,1,1,0,0,0,0,0,0,0,0,,,0,0,0,0,0,0,0,0,0,0,0,0,,,,0,0,0,0,0,0,0,,0,0,0,0,,0,0,,0,0,0,0,0,0,0,0,0,0,,,,,,,,,,,,,,,,,,,,,,,,,,,,,,,,,,,,,,,,,,,,,,,,,,,,,,,,,,,,,,,,,,,,,,,,,,,,,,,,,,,,,,,,,,,,,,,,,,,,,,,,,,,,,,,,,,,,,,,,,,,,,,,,,,,,,,,,,,,,,,,,,,,,00-0040715,SkatCa00,4696981,Cam Skattebo,2002-02-05,71.0,215.0,Arizona State; Sacramento State,2025.0,4.0,105.0,NYG,2025,2,8.0,0.0,8.0,0.0,0.02625,2025.0,Cam Skattebo,NYG,23.0,RB,8.0,5.0,32.0,24.0,207.0,,11.0,-2.0,-0.1,209.0,8.7,-0.2,4.0,6.0,0.0,0.0,0.0,112.4,2026-02-11,2025.0,Cam Skattebo,NYG,23.0,RB,8.0,5.0,101.0,410.0,,27.0,218.0,2.2,192.0,1.9,7.0,14.4,2026-02-11,,,,,,,,,,,,,,,,,,,,,,,,,,,,,,,,,,,,,,,,,,,,,,,,,,,,,,,,,,,8,14.15,2.9,7,3,1
2025,Chuba Hubbard,C.Hubbard,00-0036555,CAR,RB,RB,38.0,15,125.4,8.360000000000001,95.4,30.0,30,39,223,3,0.08125,-0.011594202898550725,0.1137590579710145,134,511,1,0,0,0,0,0,432.0,0.458,0.2902777777777778,8.360000000000001,6.147566301274953,20.4,1,RB,"https://static.www.nfl.com/image/upload/f_auto,q_auto/league/rzsvnt0pxsaize2ndhxm",REG,0,0,0,0,0,0,0,,,0,,0,0,0,0,1,1,31,-15.674370924937554,0,8,1,0,0,0,0,-40,291,12,4.579954675038078,0,7,4,3,0,-5.575,0,1,0,0,0,0,0,0.0,0.0,0,0,0,0,0,0,0,0,0,0,0,0,0,1,6,0,0,0,0,0,1,0,0,1,1,0,0,9,233,0,0,0,0,,,0,0,0,0,0,0,0,0,0,0,0,0,,,,0,0,0,0,0,0,0,,0,0,0,0,,0,0,,0,0,0,0,0,0,0,0,0,0,C.Hubbard,Chuba Hubbard,RB,RB,"https://static.www.nfl.com/image/upload/f_auto,q_auto/league/rzsvnt0pxsaize2ndhxm",2025.0,POST,CAR,1.0,0.0,0.0,0.0,0.0,0.0,0.0,0.0,0.0,0.0,0.0,0.0,0.0,,,0.0,,0.0,0.0,0.0,0.0,13.0,46.0,2.0,0.0,0.0,4.0,0.6992060609336477,0.0,0.0,0.0,0.0,0.0,2.0,4.0,13.0,0.0,0.0,0.0,-2.0,20.0,1.0,-3.1113231979543343,0.0,0.0,0.0,0.0,0.0,-6.5,0.10810810810810811,-0.005479452054794521,0.158326545723806,0.0,0.0,0.0,0.0,0.0,0.0,0.0,0.0,0.0,0.0,0.0,0.0,0.0,0.0,0.0,0.0,0.0,0.0,0.0,0.0,0.0,0.0,0.0,0.0,0.0,0.0,0.0,0.0,0.0,0.0,0.0,0.0,0.0,0.0,0.0,0.0,0.0,0.0,0.0,0.0,0.0,0.0,,,0.0,0.0,0.0,0.0,0.0,0.0,0.0,0.0,0.0,0.0,0.0,0.0,,,,0.0,0.0,0.0,0.0,0.0,0.0,0.0,,0.0,0.0,0.0,0.0,,0.0,0.0,,0.0,0.0,0.0,0.0,0.0,0.0,0.0,0.0,0.0,0.0,17.9,19.9,00-0036555,HubbCh01,4241416,Chuba Hubbard,1999-06-11,73.0,210.0,Oklahoma State,2021.0,4.0,126.0,CAR,2021,6,15.0,0.0,31.0,0.0,0.09000000000000001,2025.0,Chuba Hubbard,CAR,26.0,RB,15.0,6.0,39.0,30.0,223.0,,12.0,-68.0,-2.3,291.0,9.7,-1.0,3.0,10.0,4.0,0.10300000000000001,0.0,115.7,2026-02-11,2025.0,Chuba Hubbard,CAR,26.0,RB,15.0,6.0,134.0,511.0,,31.0,269.0,2.0,242.0,1.8,1.0,134.0,2026-02-11,,,,,,,,,,,,,,,,,,,,,,,,,,,,,,,,,,,,,,,,,,,,,,,,,,,,,,,,,,,15,7.5,1.7000000000000002,3,3,0
2025,Tyler Allgeier,T.Allgeier,00-0037263,ATL,RB,RB,39.0,17,123.0,7.235294117647059,109.0,14.0,14,16,96,0,0.030828516377649325,-0.006235011990407674,0.041878266173188614,143,514,8,0,0,0,0,0,328.0,0.3023529411764706,0.375,7.235294117647059,5.349876304232485,17.7,0,RB,"https://static.www.nfl.com/image/upload/f_auto,q_auto/league/sp9lhhmpv4qy3xy2msxd",REG,0,0,0,0,0,0,0,,,0,,0,0,0,0,0,0,36,-11.554740632796383,0,14,10,1,0,0,0,-26,120,3,2.7828413261449896,0,3,2,2,0,-3.6923076923076925,0,2,0,3,0,0,0,0.0,0.0,0,0,0,0,0,0,0,0,0,0,0,0,0,0,0,0,0,0,0,0,0,0,0,0,0,0,0,0,0,0,0,0,0,,,0,0,0,0,0,0,0,0,0,0,0,0,,,,0,0,0,0,0,0,0,,0,0,0,0,,0,0,,0,0,0,0,0,0,0,0,0,0,,,,,,,,,,,,,,,,,,,,,,,,,,,,,,,,,,,,,,,,,,,,,,,,,,,,,,,,,,,,,,,,,,,,,,,,,,,,,,,,,,,,,,,,,,,,,,,,,,,,,,,,,,,,,,,,,,,,,,,,,,,,,,,,,,,,,,,,,,,,,,,,,,,,00-0037263,AllgTy00,4373626,Tyler Allgeier,2000-04-15,70.0,225.0,BYU,2022.0,5.0,151.0,ATL,2022,5,17.0,0.0,165.0,0.0,0.36705882352941177,2025.0,Tyler Allgeier,ATL,25.0,RB,17.0,2.0,16.0,14.0,96.0,,3.0,-24.0,-1.7,120.0,8.6,-1.8,1.0,14.0,1.0,0.063,0.0,91.7,2026-02-11,2025.0,Tyler Allgeier,ATL,25.0,RB,17.0,2.0,143.0,514.0,,36.0,284.0,2.0,230.0,1.6,9.0,15.9,2026-02-11,,,,,,,,,,,,,,,,,,,,,,,,,,,,,,,,,,,,,,,,,,,,,,,,,,,,,,,,,,,17,8.3,0.6000000000000001,5,2,0
2025,Blake Corum,B.Corum,00-0039738,LA,RB,RB,40.0,17,122.2,7.188235294117647,114.2,8.0,8,14,36,0,0.024096385542168676,0.004522431259044862,0.03931028019458442,145,746,6,0,0,0,0,0,332.0,0.2911764705882353,0.36807228915662654,7.188235294117647,6.492965650700493,26.1,1,RB,"https://static.www.nfl.com/image/upload/f_auto,q_auto/league/axzqbqjkrbwfzodwwakq",REG,0,0,0,0,0,0,0,,,0,,0,0,0,0,0,0,44,15.928533232799964,0,23,17,5,1,0,0,25,37,2,-5.868113433069084,0,3,0,0,0,1.44,0,2,0,0,0,0,0,0.0,0.0,0,0,0,0,0,0,0,0,0,0,0,0,0,0,0,0,0,0,0,0,0,0,0,0,0,0,0,13,326,0,0,0,0,,,0,0,0,0,0,0,0,0,0,0,0,0,,,,0,0,0,0,0,0,0,,0,0,0,0,,0,0,,0,0,0,0,0,0,0,0,0,0,B.Corum,Blake Corum,RB,RB,"https://static.www.nfl.com/image/upload/f_auto,q_auto/league/axzqbqjkrbwfzodwwakq",2025.0,POST,LA,3.0,0.0,0.0,0.0,0.0,0.0,0.0,0.0,0.0,0.0,0.0,0.0,0.0,,,0.0,,0.0,0.0,0.0,0.0,26.0,119.0,0.0,0.0,0.0,5.0,-1.6385636487975717,0.0,2.0,1.0,0.0,0.0,5.0,5.0,37.0,0.0,0.0,0.0,13.0,24.0,1.0,0.35624373867176473,0.0,1.0,0.0,0.0,0.0,2.8461538461538463,0.04310344827586207,0.009643916913946587,0.07140591425355572,0.0,0.0,0.0,0.0,0.0,0.0,0.0,0.0,0.0,0.0,0.0,0.0,0.0,0.0,0.0,0.0,0.0,0.0,0.0,0.0,0.0,0.0,0.0,0.0,0.0,0.0,0.0,0.0,0.0,0.0,0.0,0.0,0.0,0.0,0.0,0.0,0.0,0.0,0.0,0.0,0.0,0.0,,,0.0,0.0,0.0,0.0,0.0,0.0,0.0,0.0,0.0,0.0,0.0,0.0,,,,0.0,0.0,0.0,0.0,0.0,0.0,0.0,,0.0,0.0,0.0,0.0,,0.0,0.0,,0.0,0.0,0.0,0.0,0.0,0.0,0.0,0.0,0.0,0.0,15.600000000000001,20.6,00-0039738,CoruBl00,4429096,Blake Corum,2000-11-25,68.0,202.0,Michigan,2024.0,3.0,83.0,LA,2024,3,17.0,0.0,64.0,0.0,0.14411764705882354,2025.0,Blake Corum,LA,25.0,RB,17.0,0.0,14.0,8.0,36.0,,2.0,-1.0,-0.1,37.0,4.6,2.1,0.0,,3.0,0.214,0.0,62.2,2026-02-11,2025.0,Blake Corum,LA,25.0,RB,17.0,0.0,145.0,746.0,,44.0,509.0,3.5,237.0,1.6,12.0,12.1,2026-02-11,,,,,,,,,,,,,,,,,,,,,,,,,,,,,,,,,,,,,,,,,,,,,,,,,,,,,,,,,,,17,5.300000000000001,1.3,5,1,1
2025,Aaron Jones,A.Jones,00-0033293,MIN,RB,RB,41.0,12,118.7,9.891666666666667,90.7,28.0,28,41,199,1,0.0876068376068376,-0.006654245408570668,0.12675228462425692,132,548,2,0,0,0,0,0,366.0,0.5508333333333333,0.32431693989071037,9.891666666666667,4.508871726100027,15.9,0,RB,"https://static.www.nfl.com/image/upload/f_auto,q_auto/league/bktkfvgfwujkdbzkcfim",REG,0,0,0,0,0,0,0,,,0,,0,0,0,0,0,0,28,-2.374720258308603,0,12,9,1,0,1,1,-25,227,9,-7.550731344502498,0,8,2,1,0,-7.96,0,1,0,1,0,0,0,0.0,0.0,0,0,0,0,0,0,0,0,0,0,0,0,0,1,0,0,0,0,0,0,2,0,0,2,1,0,0,0,0,0,0,0,0,,,0,0,0,0,0,0,0,0,0,0,0,0,,,,0,0,0,0,0,0,0,,0,0,0,0,,0,0,,0,0,0,0,0,0,0,0,0,0,,,,,,,,,,,,,,,,,,,,,,,,,,,,,,,,,,,,,,,,,,,,,,,,,,,,,,,,,,,,,,,,,,,,,,,,,,,,,,,,,,,,,,,,,,,,,,,,,,,,,,,,,,,,,,,,,,,,,,,,,,,,,,,,,,,,,,,,,,,,,,,,,,,,00-0033293,JoneAa00,3042519,Aaron Jones,1994-12-02,69.0,208.0,Texas-El Paso,2017.0,5.0,182.0,GB,2017,10,12.0,0.0,0.0,0.0,0.0,2025.0,Aaron Jones,MIN,31.0,RB,12.0,12.0,41.0,28.0,199.0,,9.0,-28.0,-1.0,227.0,8.1,-0.5,0.0,,2.0,0.049,0.0,87.3,2026-02-11,2025.0,Aaron Jones,MIN,31.0,RB,12.0,12.0,132.0,548.0,,28.0,314.0,2.4,234.0,1.8,5.0,26.4,2026-02-11,,,,,,,,,,,,,,,,,,,,,,,,,,,,,,,,,,,,,,,,,,,,,,,,,,,,,,,,,,,12,10.3,2.3000000000000003,6,3,0
2025,Kimani Vidal,K.Vidal,00-0039391,LAC,RB,RB,42.0,13,117.9,9.069230769230769,101.9,16.0,16,22,136,1,0.04044117647058824,-0.0030796304443466782,0.058506023394839686,155,643,3,0,0,0,0,0,481.0,0.5446153846153846,0.24511434511434513,9.069230769230769,8.350188083249446,22.8,2,RB,"https://static.www.nfl.com/image/upload/f_auto,q_auto/league/tqdctdun0bv60d5ziwtl",REG,0,0,0,0,0,0,0,,,0,,0,0,0,0,1,0,32,-14.089054336971488,0,13,9,4,1,0,0,-14,170,6,0.7387209373868431,0,5,1,1,1,-9.714285714285714,0,2,0,1,0,0,0,0.0,0.0,0,0,0,0,0,0,0,0,0,0,0,0,0,1,0,0,0,0,1,15,1,0,0,1,0,0,0,8,177,0,0,0,0,,,0,0,0,0,0,0,0,0,0,0,0,0,,,,0,0,0,0,0,0,0,,0,0,0,0,,0,0,,0,0,0,0,0,0,0,0,0,0,K.Vidal,Kimani Vidal,RB,RB,"https://static.www.nfl.com/image/upload/f_auto,q_auto/league/tqdctdun0bv60d5ziwtl",2025.0,POST,LAC,1.0,0.0,0.0,0.0,0.0,0.0,0.0,0.0,0.0,0.0,0.0,0.0,0.0,,,0.0,,0.0,0.0,0.0,0.0,11.0,31.0,0.0,0.0,0.0,2.0,-2.6737583479419165,0.0,1.0,0.0,0.0,0.0,2.0,3.0,20.0,0.0,0.0,0.0,29.0,17.0,0.0,-0.5314652745146304,0.0,1.0,0.0,0.0,0.0,0.6896551724137931,0.1,0.12033195020746888,0.23423236514522822,0.0,0.0,0.0,0.0,0.0,0.0,0.0,0.0,0.0,0.0,0.0,0.0,0.0,0.0,0.0,0.0,0.0,0.0,0.0,0.0,0.0,0.0,1.0,13.0,0.0,0.0,0.0,0.0,0.0,0.0,0.0,0.0,0.0,0.0,0.0,0.0,0.0,0.0,0.0,0.0,0.0,0.0,,,0.0,0.0,0.0,0.0,0.0,0.0,0.0,0.0,0.0,0.0,0.0,0.0,,,,0.0,0.0,0.0,0.0,0.0,0.0,0.0,,0.0,0.0,0.0,0.0,,0.0,0.0,,0.0,0.0,0.0,0.0,0.0,0.0,0.0,0.0,0.0,0.0,5.1000000000000005,7.1000000000000005,00-0039391,VidaKi00,4430968,Kimani Vidal,2001-08-28,68.0,215.0,Troy,2024.0,6.0,181.0,LAC,2024,3,13.0,0.0,31.0,0.0,0.09153846153846154,2025.0,Kimani Vidal,LAC,24.0,RB,13.0,10.0,22.0,16.0,136.0,,6.0,-34.0,-2.1,170.0,10.6,-0.6,3.0,5.3,2.0,0.091,0.0,103.6,2026-02-11,2025.0,Kimani Vidal,LAC,24.0,RB,13.0,10.0,155.0,643.0,,32.0,276.0,1.8,367.0,2.4,3.0,51.7,2026-02-11,,,,,,,,,,,,,,,,,,,,,,,,,,,,,,,,,,,,,,,,,,,,,,,,,,,,,,,,,,,13,5.800000000000001,0.0,5,4,0
2025,J.K. Dobbins,J.Dobbins,00-0036158,DEN,RB,RB,43.0,10,115.9,11.59,104.9,11.0,11,14,37,0,0.023972602739726026,-0.0066844919786096255,0.0312797597245623,153,772,4,0,0,0,0,0,340.0,0.511,0.34088235294117647,11.59,4.099986449842108,15.5,0,RB,"https://static.www.nfl.com/image/upload/f_auto,q_auto/league/cevotvl3ho5h1mioruyg",REG,0,0,0,0,0,0,0,,,0,,0,0,0,0,0,0,37,4.184236817905912,0,21,17,5,1,0,0,-30,56,0,-4.985711282643024,0,0,0,0,0,-1.2333333333333334,0,0,0,0,0,0,0,0.0,0.0,0,0,0,0,0,0,0,0,0,0,0,0,0,0,0,0,0,0,1,5,0,0,0,0,0,0,0,0,0,0,0,0,0,,,0,0,0,0,0,0,0,0,0,0,0,0,,,,0,0,0,0,0,0,0,,0,0,0,0,,0,0,,0,0,0,0,0,0,0,0,0,0,,,,,,,,,,,,,,,,,,,,,,,,,,,,,,,,,,,,,,,,,,,,,,,,,,,,,,,,,,,,,,,,,,,,,,,,,,,,,,,,,,,,,,,,,,,,,,,,,,,,,,,,,,,,,,,,,,,,,,,,,,,,,,,,,,,,,,,,,,,,,,,,,,,,00-0036158,DobbJK00,4241985,J.K. Dobbins,1998-12-17,70.0,212.0,Ohio State,2020.0,2.0,55.0,BAL,2020,7,10.0,0.0,0.0,0.0,0.0,2025.0,JK Dobbins,DEN,27.0,RB,10.0,9.0,14.0,11.0,37.0,,0.0,-19.0,-1.7,56.0,5.1,-2.1,0.0,,1.0,0.071,0.0,79.2,2026-02-11,2025.0,JK Dobbins,DEN,27.0,RB,10.0,9.0,153.0,772.0,,37.0,398.0,2.6,374.0,2.4,9.0,17.0,2026-02-11,,,,,,,,,,,,,,,,,,,,,,,,,,,,,,,,,,,,,,,,,,,,,,,,,,,,,,,,,,,10,12.8,4.0,6,3,0
2025,Tyjae Spears,T.Spears,00-0039032,TEN,RB,RB,44.0,13,111.7,8.592307692307692,66.7,45.0,45,50,264,0,0.09433962264150944,-0.028649725959143,0.12145462579086408,72,283,2,0,0,0,0,0,374.0,0.4592307692307692,0.29866310160427806,8.592307692307692,5.551645632672283,21.5,1,RB,"https://static.www.nfl.com/image/upload/f_auto,q_auto/league/pkly3nkohty1tuijtwty",REG,0,0,0,0,0,0,0,,,0,,0,0,0,0,0,0,16,-3.901147515435122,0,6,4,2,1,0,0,-115,361,10,-1.6444622137194203,0,8,4,3,0,-2.2956521739130435,0,1,0,0,0,0,0,0.0,0.0,0,0,0,0,0,0,0,0,0,0,0,0,0,0,0,0,0,0,1,5,0,0,0,0,0,0,0,0,0,0,0,0,0,,,0,0,0,0,0,0,0,0,0,0,0,0,,,,0,0,0,0,0,0,0,,0,0,0,0,,0,0,,0,0,0,0,0,0,0,0,0,0,,,,,,,,,,,,,,,,,,,,,,,,,,,,,,,,,,,,,,,,,,,,,,,,,,,,,,,,,,,,,,,,,,,,,,,,,,,,,,,,,,,,,,,,,,,,,,,,,,,,,,,,,,,,,,,,,,,,,,,,,,,,,,,,,,,,,,,,,,,,,,,,,,,,00-0039032,SpeaTy00,4428557,Tyjae Spears,2001-06-15,71.0,200.0,Tulane,2023.0,3.0,81.0,TEN,2023,4,13.0,0.0,0.0,0.0,0.0,2025.0,Tyjae Spears,TEN,24.0,RB,13.0,1.0,50.0,45.0,264.0,,10.0,-97.0,-2.2,361.0,8.0,-1.9,10.0,4.5,2.0,0.04,0.0,88.7,2026-02-11,2025.0,Tyjae Spears,TEN,24.0,RB,13.0,1.0,72.0,283.0,,16.0,186.0,2.6,97.0,1.3,4.0,18.0,2026-02-11,,,,,,,,,,,,,,,,,,,,,,,,,,,,,,,,,,,,,,,,,,,,,,,,,,,,,,,,,,,13,8.4,1.1,2,2,0
2025,Devin Singletary,D.Singletary,00-0035250,NYG,RB,RB,45.0,17,108.80000000000001,6.4,90.80000000000001,18.0,18,19,151,0,0.03777335984095427,-0.0026827632461435278,0.054782105489130935,119,437,5,0,0,0,0,0,311.0,0.27647058823529413,0.34983922829582,6.3999999999999995,6.327420485474314,19.200000000000003,0,RB,"https://static.www.nfl.com/image/upload/f_auto,q_auto/league/xy2r2msxjqneml2c1cdc",REG,0,0,0,0,0,0,0,1.053,,1,,0,0,0,0,0,0,27,-2.765945635852404,0,6,6,2,0,0,0,-12,162,4,2.262966243956207,0,5,3,2,1,-12.583333333333334,0,1,0,0,0,0,0,0.0,0.0,0,0,0,0,0,0,0,0,0,0,0,0,0,0,0,0,0,0,1,5,0,0,0,0,0,0,0,12,313,0,0,0,0,,,0,0,0,0,0,0,0,0,0,0,0,0,,,,0,0,0,0,0,0,0,,0,0,0,0,,0,0,,0,0,0,0,0,0,0,0,0,0,,,,,,,,,,,,,,,,,,,,,,,,,,,,,,,,,,,,,,,,,,,,,,,,,,,,,,,,,,,,,,,,,,,,,,,,,,,,,,,,,,,,,,,,,,,,,,,,,,,,,,,,,,,,,,,,,,,,,,,,,,,,,,,,,,,,,,,,,,,,,,,,,,,,00-0035250,SingDe00,4040761,Devin Singletary,1997-09-03,67.0,203.0,Florida Atlantic,2019.0,3.0,74.0,BUF,2019,8,17.0,0.0,26.0,0.0,0.058823529411764705,2025.0,Devin Singletary,NYG,28.0,RB,17.0,1.0,19.0,18.0,151.0,,4.0,-11.0,-0.6,162.0,9.0,-0.6,4.0,4.5,1.0,0.053,0.0,99.8,2026-02-11,2025.0,Devin Singletary,NYG,28.0,RB,17.0,1.0,119.0,437.0,,27.0,219.0,1.8,218.0,1.8,4.0,29.8,2026-02-11,,,,,,,,,,,,,,,,,,,,,,,,,,,,,,,,,,,,,2025.0,Regular,Season Total,NYG,D. Singletary,,100.0,2.7,3.0,2.4,0.6,1.8,0.0,0.0,100.0,0.0,Devin,Singletary,Devin Singletary,https://a.espncdn.com/i/headshots/nfl/players/full/4040761.png,Giants,False,17,3.8000000000000003,0.2,5,3,0
2025,Alvin Kamara,A.Kamara,00-0033906,NO,RB,RB,46.0,11,100.7,9.154545454545454,67.7,33.0,33,39,186,0,0.06902654867256637,0.006893670357217464,0.1083653922589018,131,471,1,0,0,0,0,0,457.0,0.6372727272727272,0.22035010940919036,9.154545454545454,4.897828832526436,16.0,0,RB,"https://static.www.nfl.com/image/upload/f_auto,q_auto/league/yxebpuskandivlh2iil4",REG,0,0,0,0,0,0,0,,,0,,0,0,0,0,1,1,21,-28.774972601836286,0,10,7,0,0,1,1,33,202,7,-11.671730328886465,0,6,2,2,0,5.636363636363637,0,1,0,0,0,0,0,0.0,0.0,0,0,0,0,0,0,0,0,0,0,0,0,0,0,0,0,0,0,0,0,2,0,0,2,2,0,0,0,0,0,0,0,0,,,0,0,0,0,0,0,0,0,0,0,0,0,,,,0,0,0,0,0,0,0,,0,0,0,0,,0,0,,0,0,0,0,0,0,0,0,0,0,,,,,,,,,,,,,,,,,,,,,,,,,,,,,,,,,,,,,,,,,,,,,,,,,,,,,,,,,,,,,,,,,,,,,,,,,,,,,,,,,,,,,,,,,,,,,,,,,,,,,,,,,,,,,,,,,,,,,,,,,,,,,,,,,,,,,,,,,,,,,,,,,,,,00-0033906,KamaAl00,3054850,Alvin Kamara,1995-07-25,70.0,215.0,Tennessee; Hutchinson CC; Alabama,2017.0,3.0,67.0,NO,2017,10,11.0,0.0,0.0,0.0,0.0,2025.0,Alvin Kamara,NO,30.0,RB,11.0,11.0,39.0,33.0,186.0,,7.0,-16.0,-0.5,202.0,6.1,0.8,2.0,16.5,2.0,0.051,0.0,86.5,2026-02-11,2025.0,Alvin Kamara,NO,30.0,RB,11.0,11.0,131.0,471.0,,21.0,282.0,2.2,189.0,1.4,7.0,18.7,2026-02-11,,,,,,,,,,,,,,,,,,,,,,,,,,,,,,,,,,,,,,,,,,,,,,,,,,,,,,,,,,,11,9.5,0.7000000000000002,5,1,0
2025,Ty Johnson,Ty.Johnson,00-0035537,BUF,RB,RB,47.0,17,100.30000000000001,5.9,76.30000000000001,24.0,24,33,263,2,0.06889352818371608,-0.01079136690647482,0.09578633544104175,50,200,3,0,0,0,0,0,335.0,0.2958823529411765,0.2994029850746269,5.9,5.2852388782343604,19.6,0,RB,"https://static.www.nfl.com/image/upload/f_auto,q_auto/league/zruhihypizhtgpvsaj3c",REG,0,0,0,0,0,0,0,,,0,,0,0,0,0,0,0,13,2.7632496603182517,0,2,2,1,0,1,0,-39,301,11,11.449483987875283,0,9,4,3,1,-6.743589743589744,0,1,0,1,0,0,0,0.0,0.0,0,0,0,0,0,0,0,0,0,0,0,0,0,1,0,0,0,0,1,15,1,0,0,1,0,0,0,11,240,0,0,0,0,,,0,0,0,0,0,0,0,0,0,0,0,0,,,,0,0,0,0,0,0,0,,0,0,0,0,,0,0,,0,0,0,0,0,0,0,0,0,0,,,,,,,,,,,,,,,,,,,,,,,,,,,,,,,,,,,,,,,,,,,,,,,,,,,,,,,,,,,,,,,,,,,,,,,,,,,,,,,,,,,,,,,,,,,,,,,,,,,,,,,,,,,,,,,,,,,,,,,,,,,,,,,,,,,,,,,,,,,,,,,,,,,,00-0035537,JohnTy02,3915411,Ty Johnson,1997-09-17,70.0,210.0,Maryland,2019.0,6.0,186.0,DET,2019,8,17.0,0.0,127.0,0.0,0.2858823529411765,2025.0,Ty Johnson,BUF,28.0,RB,17.0,0.0,33.0,24.0,263.0,,11.0,-38.0,-1.6,301.0,12.5,-1.2,4.0,6.0,2.0,0.061,0.0,116.1,2026-02-11,2025.0,Ty Johnson,BUF,28.0,RB,17.0,0.0,50.0,200.0,,13.0,129.0,2.6,71.0,1.4,2.0,25.0,2026-02-11,,,,,,,,,,,,,,,,,,,,,,,,,,,,,,,,,,,,,2025.0,Regular,Season Total,BUF,T. Johnson,,100.0,1.3,1.0,1.4,0.0,1.4,0.0,0.0,100.0,0.0,Ty,Johnson,Ty Johnson,https://a.espncdn.com/i/headshots/nfl/players/full/3915411.png,Bills,False,17,5.5,0.0,3,2,0
2025,Michael Carter,M.Carter,00-0036924,ARI,RB,RB,48.0,13,99.0,7.615384615384615,66.0,33.0,33,45,267,0,0.07293354943273905,0.016094420600858368,0.12066641856970944,92,333,1,0,0,0,0,0,393.0,0.4523076923076923,0.25190839694656486,7.615384615384615,4.885496589199191,18.3,0,RB,"https://static.www.nfl.com/image/upload/f_auto,q_auto/league/cwqrxzouk4gkhfziyqre",REG,0,0,0,0,0,0,0,,,0,,0,0,0,0,0,0,19,-6.847874451283133,0,5,2,2,0,0,0,75,257,12,1.8549394838104383,0,12,2,0,0,3.56,0,1,0,0,0,0,0,0.0,0.0,0,0,0,0,0,0,0,0,0,0,0,0,0,0,0,0,0,0,0,0,0,0,0,0,0,0,0,1,27,0,0,0,0,,,0,0,0,0,0,0,0,0,0,0,0,0,,,,0,0,0,0,0,0,0,,0,0,0,0,,0,0,,0,0,0,0,0,0,0,0,0,0,,,,,,,,,,,,,,,,,,,,,,,,,,,,,,,,,,,,,,,,,,,,,,,,,,,,,,,,,,,,,,,,,,,,,,,,,,,,,,,,,,,,,,,,,,,,,,,,,,,,,,,,,,,,,,,,,,,,,,,,,,,,,,,,,,,,,,,,,,,,,,,,,,,,00-0036924,CartMi03,4240657,Michael Carter,1999-05-07,68.0,201.0,North Carolina,2021.0,4.0,107.0,NYJ,2021,5,13.0,0.0,5.0,0.0,0.013846153846153848,2025.0,Michael Carter,ARI,26.0,RB,13.0,5.0,45.0,33.0,267.0,,12.0,10.0,0.3,257.0,7.8,1.7,7.0,4.7,2.0,0.044000000000000004,0.0,87.9,2026-02-11,2025.0,Michael Carter,ARI,26.0,RB,13.0,5.0,92.0,333.0,,19.0,209.0,2.3,124.0,1.3,3.0,30.7,2026-02-11,,,,,,,,,,,,,,,,,,,,,,,,,,,,,,,,,,,,,,,,,,,,,,,,,,,,,,,,,,,13,6.9,0.1,3,1,0
2025,Emanuel Wilson,E.Wilson,00-0038797,GB,RB,RB,49.0,17,94.5,5.5588235294117645,79.5,15.0,15,17,99,0,0.03695652173913044,-0.007471398552416531,0.05020480362200408,125,496,3,0,0,0,0,0,326.0,0.3111764705882353,0.2898773006134969,5.5588235294117645,6.939655865344603,26.5,1,RB,"https://static.www.nfl.com/image/upload/f_auto,q_auto/league/uorruvczsxzvffpbxu8z",REG,0,0,0,0,0,0,0,,,0,,0,0,0,0,0,0,32,-7.709898549858851,0,12,8,0,0,1,0,-32,133,5,1.0183610100896305,1,4,1,1,0,-3.09375,0,1,0,0,0,0,0,0.0,0.0,0,0,0,0,0,0,0,0,0,0,0,0,0,1,0,0,0,0,0,0,1,0,1,1,0,0,0,9,233,0,0,0,0,,,0,0,0,0,0,0,0,0,0,0,0,0,,,,0,0,0,0,0,0,0,,0,0,0,0,,0,0,,0,0,0,0,0,0,0,0,0,0,E.Wilson,Emanuel Wilson,RB,RB,"https://static.www.nfl.com/image/upload/f_auto,q_auto/league/uorruvczsxzvffpbxu8z",2025.0,POST,GB,1.0,0.0,0.0,0.0,0.0,0.0,0.0,0.0,0.0,0.0,0.0,0.0,0.0,,,0.0,,0.0,0.0,0.0,0.0,1.0,3.0,0.0,0.0,0.0,0.0,-0.1553603174397722,0.0,0.0,0.0,0.0,0.0,0.0,0.0,0.0,0.0,0.0,0.0,0.0,0.0,0.0,,0.0,0.0,0.0,0.0,0.0,,0.0,0.0,0.0,0.0,0.0,0.0,0.0,0.0,0.0,0.0,0.0,0.0,0.0,0.0,0.0,0.0,0.0,0.0,0.0,0.0,0.0,0.0,0.0,0.0,0.0,0.0,0.0,0.0,0.0,0.0,0.0,0.0,0.0,0.0,0.0,0.0,0.0,0.0,0.0,0.0,0.0,0.0,0.0,0.0,0.0,,,0.0,0.0,0.0,0.0,0.0,0.0,0.0,0.0,0.0,0.0,0.0,0.0,,,,0.0,0.0,0.0,0.0,0.0,0.0,0.0,,0.0,0.0,0.0,0.0,,0.0,0.0,,0.0,0.0,0.0,0.0,0.0,0.0,0.0,0.0,0.0,0.0,0.30000000000000004,0.30000000000000004,00-0038797,WilsEm00,4887558,Emanuel Wilson,1999-05-08,70.0,226.0,Fort Valley State College,,,,,2023,4,17.0,0.0,25.0,0.0,0.05764705882352941,2025.0,Emanuel Wilson,GB,26.0,RB,17.0,2.0,17.0,15.0,99.0,,5.0,-34.0,-2.3,133.0,8.9,-1.9,2.0,7.5,1.0,0.059000000000000004,0.0,90.9,2026-02-11,2025.0,Emanuel Wilson,GB,26.0,RB,17.0,2.0,125.0,496.0,,32.0,217.0,1.7,279.0,2.2,7.0,17.9,2026-02-11,,,,,,,,,,,,,,,,,,,,,,,,,,,,,,,,,,,,,,,,,,,,,,,,,,,,,,,,,,,17,2.5,0.0,4,1,1
2025,Bam Knight,Z.Knight,00-0037157,ARI,RB,RB,50.0,12,92.9,7.741666666666667,70.9,22.0,22,31,160,1,0.050243111831442464,0.00793991416309013,0.08092260766132678,82,269,4,0,0,0,0,0,283.0,0.3308333333333333,0.32826855123674914,7.741666666666667,5.895986051132713,16.8,0,RB,"https://static.www.nfl.com/image/upload/f_auto,q_auto/league/mjxnlzlnnwlfqayeybut",REG,0,0,0,0,0,0,0,,,0,,0,0,0,0,1,1,21,-16.387532609762157,0,5,3,0,0,0,0,37,151,10,1.4046673619304784,0,7,1,1,0,4.324324324324325,0,1,0,1,0,0,0,0.0,0.0,0,0,0,0,0,0,0,0,0,0,0,0,0,0,0,0,0,0,0,0,1,0,0,1,1,0,0,12,256,0,0,0,0,,,0,0,0,0,0,0,0,0,0,0,0,0,,,,0,0,0,0,0,0,0,,0,0,0,0,,0,0,,0,0,0,0,0,0,0,0,0,0,,,,,,,,,,,,,,,,,,,,,,,,,,,,,,,,,,,,,,,,,,,,,,,,,,,,,,,,,,,,,,,,,,,,,,,,,,,,,,,,,,,,,,,,,,,,,,,,,,,,,,,,,,,,,,,,,,,,,,,,,,,,,,,,,,,,,,,,,,,,,,,,,,,,00-0037157,KnigZo00,4427728,Bam Knight,2001-04-11,71.0,209.0,N.C. State,,,,,2022,4,12.0,0.0,32.0,0.0,0.10166666666666667,2025.0,Zonovan Knight,ARI,24.0,RB,12.0,8.0,31.0,22.0,160.0,,10.0,9.0,0.4,151.0,6.9,1.2,1.0,22.0,1.0,0.032,0.0,93.5,2026-02-11,2025.0,Zonovan Knight,ARI,24.0,RB,12.0,8.0,82.0,269.0,,21.0,135.0,1.6,134.0,1.6,5.0,16.4,2026-02-11,,,,,,,,,,,,,,,,,,,,,,,,,,,,,,,,,,,,,,,,,,,,,,,,,,,,,,,,,,,12,8.05,-0.2,4,1,0
2025,Chris Rodriguez Jr.,C.Rodriguez,00-0038611,WAS,RB,RB,51.0,12,92.0,7.666666666666667,89.0,3.0,3,4,30,0,0.009259259259259259,0.00400200100050025,0.016690289589239064,112,500,6,0,0,0,0,0,255.0,0.3123076923076923,0.3607843137254902,7.666666666666667,4.839859752538541,15.3,0,RB,"https://static.www.nfl.com/image/upload/f_auto,q_auto/league/pknd5uajvpvfd8c744im",REG,0,0,0,0,0,0,0,,,0,,0,0,0,0,0,0,32,6.197515768173616,0,13,9,2,1,0,0,16,26,1,-3.3000503968796693,0,1,1,0,0,1.875,0,2,0,0,0,0,0,0.0,0.0,0,0,0,0,0,0,0,0,0,0,0,0,0,0,0,0,0,0,1,5,0,0,0,0,0,0,0,0,0,0,0,0,0,,,0,0,0,0,0,0,0,0,0,0,0,0,,,,0,0,0,0,0,0,0,,0,0,0,0,,0,0,,0,0,0,0,0,0,0,0,0,0,,,,,,,,,,,,,,,,,,,,,,,,,,,,,,,,,,,,,,,,,,,,,,,,,,,,,,,,,,,,,,,,,,,,,,,,,,,,,,,,,,,,,,,,,,,,,,,,,,,,,,,,,,,,,,,,,,,,,,,,,,,,,,,,,,,,,,,,,,,,,,,,,,,,00-0038611,RodrCh00,4362619,Chris Rodriguez Jr.,1999-09-26,71.0,224.0,Kentucky,2023.0,6.0,193.0,WAS,2023,4,13.0,0.0,47.0,0.0,0.1469230769230769,2025.0,Chris Rodriguez,WAS,25.0,RB,13.0,7.0,4.0,3.0,30.0,,1.0,4.0,1.3,26.0,8.7,4.0,0.0,,0.0,0.0,1.0,56.2,2026-02-11,2025.0,Chris Rodriguez,WAS,25.0,RB,13.0,7.0,112.0,500.0,,32.0,167.0,1.5,333.0,3.0,13.0,8.6,2026-02-11,,,,,,,,,,,,,,,,,,,,,,,,,,,,,,,,,,,,,,,,,,,,,,,,,,,,,,,,,,,12,7.4,0.2,4,1,0
2025,Sean Tucker,S.Tucker,00-0038951,TB,RB,RB,52.0,17,91.4,5.376470588235295,83.4,8.0,8,11,34,1,0.02033271719038817,-0.002220248667850799,0.028944901718086696,86,320,7,0,0,0,0,0,177.0,0.15823529411764706,0.5163841807909605,5.376470588235295,8.235026518761543,34.0,1,RB,"https://static.www.nfl.com/image/upload/f_auto,q_auto/league/wiarwjvy8p6bojlratp4",REG,0,0,0,0,0,0,0,,,0,,0,0,0,0,1,0,22,-3.656326136205668,0,7,7,1,1,0,0,-10,49,1,-3.1610324275679886,0,1,1,1,0,-3.4,0,0,0,0,0,0,0,0.0,0.0,0,0,0,0,0,0,0,0,0,0,0,0,0,0,0,0,0,0,1,5,2,0,1,2,0,0,0,26,597,0,0,0,0,,,0,0,0,0,0,0,0,0,0,0,0,0,,,,0,0,0,0,0,0,0,,0,0,0,0,,0,0,,0,0,0,0,0,0,0,0,0,0,,,,,,,,,,,,,,,,,,,,,,,,,,,,,,,,,,,,,,,,,,,,,,,,,,,,,,,,,,,,,,,,,,,,,,,,,,,,,,,,,,,,,,,,,,,,,,,,,,,,,,,,,,,,,,,,,,,,,,,,,,,,,,,,,,,,,,,,,,,,,,,,,,,,00-0038951,TuckSe00,4430871,Sean Tucker,2001-10-25,70.0,205.0,Syracuse,,,,,2023,4,17.0,0.0,126.0,0.0,0.2829411764705882,2025.0,Sean Tucker,TB,24.0,RB,17.0,0.0,11.0,8.0,34.0,,1.0,-15.0,-1.9,49.0,6.1,-0.9,1.0,8.0,1.0,0.091,0.0,105.9,2026-02-11,2025.0,Sean Tucker,TB,24.0,RB,17.0,0.0,86.0,320.0,,22.0,237.0,2.8,83.0,1.0,5.0,17.2,2026-02-11,,,,,,,,,,,,,,,,,,,,,,,,,,,,,,,,,,,,,,,,,,,,,,,,,,,,,,,,,,,17,2.9,-0.4,2,1,1
2025,Bhayshul Tuten,B.Tuten,00-0040719,JAX,RB,RB,53.0,15,88.6,5.906666666666666,78.6,10.0,10,14,79,2,0.025594149908592323,0.001639344262295082,0.039538765846495044,83,307,5,0,0,0,0,0,215.0,0.21133333333333332,0.41209302325581393,5.906666666666666,4.918110361084786,15.4,0,RB,"https://static.www.nfl.com/image/upload/f_auto,q_auto/league/ryjnphuyjbedmgpx5qqj",REG,0,0,0,0,0,0,0,,,0,,0,0,0,0,1,1,23,-10.188328399251224,0,5,3,0,0,0,0,8,80,3,5.495415985467844,0,2,2,1,0,9.875,0,1,0,0,0,0,0,0.0,0.0,0,0,0,0,0,0,0,0,0,0,0,0,0,0,0,0,0,0,2,23,2,0,0,2,1,0,0,19,539,0,0,0,0,,,0,0,0,0,0,0,0,0,0,0,0,0,,,,0,0,0,0,0,0,0,,0,0,0,0,,0,0,,0,0,0,0,0,0,0,0,0,0,B.Tuten,Bhayshul Tuten,RB,RB,"https://static.www.nfl.com/image/upload/f_auto,q_auto/league/ryjnphuyjbedmgpx5qqj",2025.0,POST,JAX,1.0,0.0,0.0,0.0,0.0,0.0,0.0,0.0,0.0,0.0,0.0,0.0,0.0,,,0.0,,0.0,0.0,0.0,0.0,4.0,51.0,0.0,0.0,0.0,3.0,3.1821556532522663,0.0,3.0,3.0,1.0,0.0,0.0,0.0,0.0,0.0,0.0,0.0,0.0,0.0,0.0,,0.0,0.0,0.0,0.0,0.0,,0.0,0.0,0.0,0.0,0.0,0.0,0.0,0.0,0.0,0.0,0.0,0.0,0.0,0.0,0.0,0.0,0.0,0.0,0.0,0.0,0.0,0.0,0.0,0.0,0.0,0.0,0.0,0.0,0.0,0.0,0.0,0.0,0.0,0.0,0.0,0.0,0.0,0.0,0.0,3.0,49.0,0.0,0.0,0.0,0.0,,,0.0,0.0,0.0,0.0,0.0,0.0,0.0,0.0,0.0,0.0,0.0,0.0,,,,0.0,0.0,0.0,0.0,0.0,0.0,0.0,,0.0,0.0,0.0,0.0,,0.0,0.0,,0.0,0.0,0.0,0.0,0.0,0.0,0.0,0.0,0.0,0.0,5.1000000000000005,5.1000000000000005,00-0040719,TuteBh00,4882093,Bhayshul Tuten,2002-02-14,69.0,209.0,Virginia Tech; North Carolina A&T,2025.0,4.0,104.0,JAX,2025,2,15.0,0.0,64.0,0.0,0.162,2025.0,Bhayshul Tuten,JAX,22.0,RB,15.0,0.0,14.0,10.0,79.0,,3.0,-1.0,-0.1,80.0,8.0,0.6,1.0,10.0,0.0,0.0,0.0,124.7,2026-02-11,2025.0,Bhayshul Tuten,JAX,22.0,RB,15.0,0.0,83.0,307.0,,23.0,137.0,1.7,170.0,2.0,5.0,16.6,2026-02-11,,,,,,,,,,,,,,,,,,,,,,,,,,,,,,,,,,,,,,,,,,,,,,,,,,,,,,,,,,,15,4.800000000000001,-1.5,2,1,0
2025,Nick Chubb,N.Chubb,00-0034791,HOU,RB,RB,54.0,15,88.30000000000001,5.886666666666668,75.30000000000001,13.0,13,20,67,0,0.03616636528028933,0.0031479538300104933,0.056453115601441346,122,506,3,0,0,0,0,0,326.0,0.322,0.2708588957055215,5.886666666666667,4.376539185029107,15.2,0,RB,"https://static.www.nfl.com/image/upload/f_auto,q_auto/league/h5y74trx6l8ivpkbmrkt",REG,0,0,0,0,0,0,0,,,0,,0,0,0,0,0,0,20,-13.610680025783257,0,9,7,3,0,0,0,15,63,1,-2.4318653126247227,0,1,1,1,0,4.466666666666667,0,1,0,0,0,0,0,0.0,0.0,0,0,0,0,0,0,0,0,0,0,0,0,0,0,0,0,0,0,0,0,0,0,0,0,0,0,0,0,0,0,0,0,0,,,0,0,0,0,0,0,0,0,0,0,0,0,,,,0,0,0,0,0,0,0,,0,0,0,0,,0,0,,0,0,0,0,0,0,0,0,0,0,N.Chubb,Nick Chubb,RB,RB,"https://static.www.nfl.com/image/upload/f_auto,q_auto/league/h5y74trx6l8ivpkbmrkt",2025.0,POST,HOU,2.0,0.0,0.0,0.0,0.0,0.0,0.0,0.0,0.0,0.0,0.0,0.0,0.0,,,0.0,,0.0,0.0,0.0,0.0,14.0,62.0,0.0,0.0,0.0,3.0,4.983518363529583,0.0,0.0,0.0,0.0,0.0,0.0,1.0,0.0,0.0,0.0,0.0,9.0,0.0,0.0,-0.5907979349140078,0.0,0.0,0.0,0.0,0.0,0.0,0.012987012987012988,0.012838801711840228,0.028467680678807637,0.0,0.0,0.0,0.0,0.0,0.0,0.0,0.0,0.0,0.0,0.0,0.0,0.0,0.0,0.0,0.0,0.0,0.0,0.0,0.0,0.0,0.0,0.0,0.0,0.0,0.0,0.0,0.0,0.0,0.0,0.0,0.0,0.0,0.0,0.0,0.0,0.0,0.0,0.0,0.0,0.0,0.0,,,0.0,0.0,0.0,0.0,0.0,0.0,0.0,0.0,0.0,0.0,0.0,0.0,,,,0.0,0.0,0.0,0.0,0.0,0.0,0.0,,0.0,0.0,0.0,0.0,,0.0,0.0,,0.0,0.0,0.0,0.0,0.0,0.0,0.0,0.0,0.0,0.0,6.2,6.2,00-0034791,ChubNi00,3128720,Nick Chubb,1995-12-27,71.0,227.0,Georgia,2018.0,2.0,35.0,CLE,2018,8,15.0,0.0,0.0,0.0,0.0,2025.0,Nick Chubb,HOU,30.0,RB,15.0,9.0,20.0,13.0,67.0,,1.0,4.0,0.3,63.0,4.8,0.7,1.0,13.0,2.0,0.1,0.0,70.2,2026-02-11,2025.0,Nick Chubb,HOU,30.0,RB,15.0,9.0,122.0,506.0,,20.0,251.0,2.1,255.0,2.1,5.0,24.4,2026-02-11,,,,,,,,,,,,,,,,,,,,,,,,,,,,,,,,,,,,,,,,,,,,,,,,,,,,,,,,,,,15,6.0,0.1,2,1,0
2025,Dylan Sampson,D.Sampson,00-0040162,CLE,RB,RB,55.0,15,87.6,5.84,54.6,32.99999999999999,33,40,271,2,0.07662835249042145,-0.016380449141347425,0.10347621433668899,65,175,0,0,0,0,0,0,249.0,0.26466666666666666,0.35180722891566263,5.840000000000001,5.598060888761905,17.3,0,RB,"https://static.www.nfl.com/image/upload/f_auto,q_auto/league/den1hzzomdxfcsgk88o5",REG,0,0,0,0,0,0,0,,,0,,0,0,0,0,0,0,12,-16.82264719406053,0,3,2,1,0,1,1,-62,318,8,6.899313659843756,0,6,2,2,1,-4.370967741935484,0,1,0,1,0,0,0,0.0,0.0,0,0,0,0,0,0,0,0,0,0,0,0,0,0,0,0,0,0,0,0,1,0,0,1,1,0,0,15,360,0,0,0,0,,,0,0,0,0,0,0,0,0,0,0,0,0,,,,0,0,0,0,0,0,0,,0,0,0,0,,0,0,,0,0,0,0,0,0,0,0,0,0,,,,,,,,,,,,,,,,,,,,,,,,,,,,,,,,,,,,,,,,,,,,,,,,,,,,,,,,,,,,,,,,,,,,,,,,,,,,,,,,,,,,,,,,,,,,,,,,,,,,,,,,,,,,,,,,,,,,,,,,,,,,,,,,,,,,,,,,,,,,,,,,,,,,00-0040162,SampDy00,5081397,Dylan Sampson,2004-09-14,68.0,201.0,Tennessee,2025.0,4.0,126.0,CLE,2025,2,15.0,0.0,59.0,0.0,0.13866666666666666,2025.0,Dylan Sampson,CLE,21.0,RB,15.0,2.0,40.0,33.0,271.0,,8.0,-47.0,-1.4,318.0,9.6,-1.5,2.0,16.5,0.0,0.0,0.0,111.6,2026-02-11,2025.0,Dylan Sampson,CLE,21.0,RB,15.0,2.0,65.0,175.0,,12.0,75.0,1.2,100.0,1.5,6.0,10.8,2026-02-11,,,,,,,,,,,,,,,,,,,,,,,,,,,,,,,,,,,,,,,,,,,,,,,,,,,,,,,,,,,15,4.4,-0.2,3,2,0
2025,Isiah Pacheco,I.Pacheco,00-0037197,KC,RB,RB,56.0,13,87.30000000000001,6.715384615384616,68.30000000000001,19.0,19,26,101,1,0.04735883424408015,-0.005956320317670417,0.06686882714375092,118,462,1,0,0,0,0,0,424.0,0.5169230769230769,0.20589622641509436,6.715384615384616,3.8948355022701007,13.5,0,RB,"https://static.www.nfl.com/image/upload/f_auto,q_auto/league/hkqb4imkum3vxxkwuetl",REG,0,0,0,0,0,0,0,,,0,,0,0,0,0,0,0,27,-13.64339287643088,0,10,4,0,0,0,0,-27,121,4,-4.677933279447878,0,3,1,1,0,-3.740740740740741,0,0,0,0,0,0,0,0.0,0.0,0,0,0,0,0,0,0,0,0,0,0,0,0,1,0,0,0,0,1,5,0,0,0,0,0,0,0,0,0,0,0,0,0,,,0,0,0,0,0,0,0,0,0,0,0,0,,,,0,0,0,0,0,0,0,,0,0,0,0,,0,0,,0,0,0,0,0,0,0,0,0,0,,,,,,,,,,,,,,,,,,,,,,,,,,,,,,,,,,,,,,,,,,,,,,,,,,,,,,,,,,,,,,,,,,,,,,,,,,,,,,,,,,,,,,,,,,,,,,,,,,,,,,,,,,,,,,,,,,,,,,,,,,,,,,,,,,,,,,,,,,,,,,,,,,,,00-0037197,PachIs00,4361529,Isiah Pacheco,1999-03-02,70.0,210.0,Rutgers,2022.0,7.0,251.0,KC,2022,5,13.0,0.0,0.0,0.0,0.0,2025.0,Isiah Pacheco,KC,26.0,RB,13.0,12.0,26.0,19.0,101.0,,4.0,-20.0,-1.1,121.0,6.4,-1.0,1.0,19.0,3.0,0.115,0.0,92.0,2026-02-11,2025.0,Isiah Pacheco,KC,26.0,RB,13.0,12.0,118.0,462.0,,27.0,255.0,2.2,207.0,1.8,2.0,59.0,2026-02-11,,,,,,,,,,,,,,,,,,,,,,,,,,,,,,,,,,,,,,,,,,,,,,,,,,,,,,,,,,,13,5.800000000000001,2.1,3,0,0
2025,Samaje Perine,S.Perine,00-0033526,CIN,RB,RB,57.0,15,77.9,5.193333333333333,60.900000000000006,17.0,17,21,87,0,0.03453947368421053,-0.006798385383471425,0.04705034075788579,84,382,3,0,0,0,0,0,346.0,0.3506666666666666,0.22514450867052024,5.193333333333333,4.744239614923505,17.0,0,RB,"https://static.www.nfl.com/image/upload/f_auto,q_auto/league/fllwhcdovol5i7xxahf6",REG,0,0,0,0,0,0,0,,,0,,0,0,0,0,3,2,32,-0.24908348934861047,0,9,5,2,0,0,0,-32,109,5,-2.5930143865978064,0,1,1,0,0,-2.71875,0,1,0,6,0,0,0,0.0,0.0,0,0,0,0,0,0,0,0,0,0,0,0,0,0,0,0,0,0,0,0,3,0,0,3,2,0,0,17,430,0,0,0,0,,,0,0,0,0,0,0,0,0,0,0,0,0,,,,0,0,0,0,0,0,0,,0,0,0,0,,0,0,,0,0,0,0,0,0,0,0,0,0,,,,,,,,,,,,,,,,,,,,,,,,,,,,,,,,,,,,,,,,,,,,,,,,,,,,,,,,,,,,,,,,,,,,,,,,,,,,,,,,,,,,,,,,,,,,,,,,,,,,,,,,,,,,,,,,,,,,,,,,,,,,,,,,,,,,,,,,,,,,,,,,,,,,00-0033526,PeriSa00,3116389,Samaje Perine,1995-09-16,70.0,240.0,Oklahoma,2017.0,4.0,114.0,WAS,2017,10,15.0,0.0,168.0,0.0,0.4266666666666667,2025.0,Samaje Perine,CIN,30.0,RB,15.0,2.0,21.0,17.0,87.0,,5.0,-22.0,-1.3,109.0,6.4,-1.5,2.0,8.5,1.0,0.048,0.0,83.9,2026-02-11,2025.0,Samaje Perine,CIN,30.0,RB,15.0,2.0,84.0,382.0,,32.0,192.0,2.3,190.0,2.3,4.0,21.0,2026-02-11,,,,,,,,,,,,,,,,,,,,,,,,,,,,,,,,,,,,,,,,,,,,,,,,,,,,,,,,,,,15,4.9,0.0,2,1,0
2025,Jeremy McNichols,J.McNichols,00-0033955,WAS,RB,RB,58.0,16,72.7,4.54375,47.7,25.0,25,31,196,0,0.07175925925925926,-0.00575287643821911,0.10361187538213552,44,221,1,0,0,0,0,0,337.0,0.31941176470588234,0.21572700296735906,4.54375,3.7787067893659074,13.8,0,RB,"https://static.www.nfl.com/image/upload/f_auto,q_auto/league/xcrgrtlk6ukrshtlnr5e",REG,0,0,0,0,0,0,0,,,0,,0,0,0,0,1,1,13,1.4424209352438337,1,5,4,1,1,0,0,-23,222,10,-1.1455514089654772,0,10,3,1,0,-8.521739130434783,0,1,0,0,0,0,0,0.0,0.0,0,0,0,0,0,0,0,0,0,0,0,0,0,1,0,0,0,0,3,15,1,0,0,1,1,0,0,2,29,0,0,0,0,,,0,0,0,0,0,0,0,0,0,0,0,0,,,,0,0,0,0,0,0,0,,0,0,0,0,,0,0,,0,0,0,0,0,0,0,0,0,0,,,,,,,,,,,,,,,,,,,,,,,,,,,,,,,,,,,,,,,,,,,,,,,,,,,,,,,,,,,,,,,,,,,,,,,,,,,,,,,,,,,,,,,,,,,,,,,,,,,,,,,,,,,,,,,,,,,,,,,,,,,,,,,,,,,,,,,,,,,,,,,,,,,,00-0033955,McNiJe00,3127586,Jeremy McNichols,1995-12-26,69.0,205.0,Boise State,2017.0,5.0,162.0,TB,2017,6,17.0,0.0,59.0,0.0,0.14235294117647057,2025.0,Jeremy McNichols,WAS,30.0,RB,17.0,1.0,31.0,25.0,196.0,,10.0,-26.0,-1.0,222.0,8.9,-0.7,2.0,12.5,1.0,0.032,1.0,79.6,2026-02-11,2025.0,Jeremy McNichols,WAS,30.0,RB,17.0,1.0,44.0,221.0,,13.0,68.0,1.5,153.0,3.5,6.0,7.3,2026-02-11,,,,,,,,,,,,,,,,,,,,,,,,,,,,,,,,,,,,,,,,,,,,,,,,,,,,,,,,,,,16,3.95,0.0,2,0,0
2025,Isaiah Davis,I.Davis,00-0039798,NYJ,RB,RB,59.0,16,71.2,4.45,50.2,21.0,21,28,186,0,0.059322033898305086,0.009400705052878966,0.0955635443844729,43,236,1,0,0,0,0,0,285.0,0.28,0.24982456140350878,4.45,5.174295443181935,17.9,0,RB,"https://static.www.nfl.com/image/upload/f_auto,q_auto/league/x6r9a5xhtaklbvnqmtw7",REG,0,0,0,0,0,0,0,,,0,,0,0,0,0,0,0,7,-3.23455874067657,0,6,5,2,1,0,0,32,189,8,4.614958250060472,1,7,3,2,0,5.8125,0,2,0,6,0,0,0,0.0,0.0,0,0,0,0,0,0,0,0,0,0,0,0,0,1,0,0,0,0,1,15,0,0,0,0,0,0,0,11,323,0,0,0,0,,,0,0,0,0,0,0,0,0,0,0,0,0,,,,0,0,0,0,0,0,0,,0,0,0,0,,0,0,,0,0,0,0,0,0,0,0,0,0,,,,,,,,,,,,,,,,,,,,,,,,,,,,,,,,,,,,,,,,,,,,,,,,,,,,,,,,,,,,,,,,,,,,,,,,,,,,,,,,,,,,,,,,,,,,,,,,,,,,,,,,,,,,,,,,,,,,,,,,,,,,,,,,,,,,,,,,,,,,,,,,,,,,00-0039798,DaviIs00,4695404,Isaiah Davis,2002-02-21,73.0,220.0,South Dakota State,2024.0,5.0,173.0,NYJ,2024,3,16.0,0.0,250.0,0.0,0.551875,2025.0,Isaiah Davis,NYJ,23.0,RB,16.0,0.0,28.0,21.0,186.0,,8.0,-3.0,-0.1,189.0,9.0,1.1,1.0,21.0,1.0,0.036000000000000004,0.0,92.3,2026-02-11,2025.0,Isaiah Davis,NYJ,23.0,RB,16.0,0.0,43.0,236.0,,7.0,130.0,3.0,106.0,2.5,2.0,21.5,2026-02-11,,,,,,,,,,,,,,,,,,,,,,,,,,,,,,,,,,,,,,,,,,,,,,,,,,,,,,,,,,,16,2.1500000000000004,0.0,3,1,0
2025,Justice Hill,J.Hill,00-0034975,BAL,RB,RB,60.0,10,65.2,6.5200000000000005,44.2,21.0,21,27,169,1,0.06633906633906633,-0.0017533606078316774,0.09828124708311732,18,93,2,0,0,0,0,0,219.0,0.371,0.29771689497716897,6.5200000000000005,8.560088265380863,28.700000000000003,1,RB,"https://static.www.nfl.com/image/upload/f_auto,q_auto/league/fuodbrwvianete2gy5ag",REG,0,0,0,0,0,0,0,,,0,,0,0,0,0,1,0,4,-1.254315791418776,0,1,1,1,1,0,0,-6,184,6,0.4214971602195874,0,6,1,1,0,-28.166666666666668,0,0,0,0,0,0,0,0.0,0.0,0,0,0,0,0,0,0,0,0,0,0,0,0,1,0,0,0,0,0,0,1,0,0,1,0,0,0,7,188,0,0,0,0,,,0,0,0,0,0,0,0,0,0,0,0,0,,,,0,0,0,0,0,0,0,,0,0,0,0,,0,0,,0,0,0,0,0,0,0,0,0,0,,,,,,,,,,,,,,,,,,,,,,,,,,,,,,,,,,,,,,,,,,,,,,,,,,,,,,,,,,,,,,,,,,,,,,,,,,,,,,,,,,,,,,,,,,,,,,,,,,,,,,,,,,,,,,,,,,,,,,,,,,,,,,,,,,,,,,,,,,,,,,,,,,,,00-0034975,HillJu00,4038441,Justice Hill,1997-11-14,70.0,195.0,Oklahoma State,2019.0,4.0,113.0,BAL,2019,8,10.0,0.0,33.0,0.0,0.11400000000000002,2025.0,Justice Hill,BAL,28.0,RB,10.0,0.0,27.0,21.0,169.0,,6.0,-15.0,-0.7,184.0,8.8,-0.2,5.0,4.2,0.0,0.0,0.0,105.1,2026-02-11,2025.0,Justice Hill,BAL,28.0,RB,10.0,0.0,18.0,93.0,,4.0,23.0,1.3,70.0,3.9,1.0,18.0,2026-02-11,,,,,,,,,,,,,,,,,,,,,,,,,,,,,,,,,,,,,,,,,,,,,,,,,,,,,,,,,,,10,4.5,-0.10000000000000009,1,1,1
2025,Ray Davis,R.Davis,00-0039875,BUF,RB,RB,61.0,17,64.1,3.770588235294117,54.1,9.999999999999993,10,13,86,2,0.027139874739039668,0.0002767017155506364,0.04090350330944494,58,275,0,0,0,0,0,0,168.0,0.14294117647058824,0.381547619047619,3.770588235294118,6.2619650176564345,25.400000000000002,1,RB,"https://static.www.nfl.com/image/upload/f_auto,q_auto/league/xibwzhrl6q5xkgh3utug",REG,0,0,0,0,0,0,0,,,0,,0,0,0,0,0,0,15,1.3505360862473026,0,9,8,1,0,0,0,1,99,7,4.706550692135468,0,5,2,1,0,86.0,1,0,0,1,0,0,0,0.0,0.0,0,0,0,0,0,0,0,0,0,0,0,0,0,0,0,0,0,0,0,0,0,0,0,0,0,0,0,31,943,0,0,0,0,,,0,0,0,0,0,0,0,0,0,0,0,0,,,,0,0,0,0,0,0,0,,0,0,0,0,,0,0,,0,0,0,0,0,0,0,0,0,0,R.Davis,Ray Davis,RB,RB,"https://static.www.nfl.com/image/upload/f_auto,q_auto/league/xibwzhrl6q5xkgh3utug",2025.0,POST,BUF,2.0,0.0,0.0,0.0,0.0,0.0,0.0,0.0,0.0,0.0,0.0,0.0,0.0,,,0.0,,0.0,0.0,0.0,0.0,0.0,0.0,0.0,0.0,0.0,0.0,,0.0,0.0,0.0,0.0,0.0,2.0,2.0,33.0,0.0,0.0,0.0,-8.0,41.0,1.0,1.293228737777099,0.0,1.0,1.0,1.0,0.0,-4.125,0.02702702702702703,-0.012558869701726845,0.031749331749331755,0.0,0.0,0.0,0.0,0.0,0.0,0.0,0.0,0.0,0.0,0.0,0.0,0.0,0.0,0.0,0.0,0.0,0.0,0.0,0.0,0.0,0.0,0.0,0.0,0.0,0.0,0.0,0.0,0.0,1.0,0.0,0.0,1.0,1.0,0.0,0.0,9.0,249.0,0.0,0.0,0.0,0.0,,,0.0,0.0,0.0,0.0,0.0,0.0,0.0,0.0,0.0,0.0,0.0,0.0,,,,0.0,0.0,0.0,0.0,0.0,0.0,0.0,,0.0,0.0,0.0,0.0,,0.0,0.0,,0.0,0.0,0.0,0.0,0.0,0.0,0.0,0.0,0.0,0.0,3.3000000000000003,5.300000000000001,00-0039875,DaviRa04,4429501,Ray Davis,1999-11-20,68.0,211.0,Kentucky; Vanderbilt; Temple,2024.0,4.0,128.0,BUF,2024,3,17.0,0.0,131.0,0.0,0.3035294117647059,2025.0,Ray Davis,BUF,26.0,RB,17.0,0.0,13.0,10.0,86.0,,7.0,-13.0,-1.3,99.0,9.9,0.0,0.0,,2.0,0.154,0.0,133.3,2026-02-11,2025.0,Ray Davis,BUF,26.0,RB,17.0,0.0,58.0,275.0,,15.0,145.0,2.5,130.0,2.2,3.0,19.3,2026-02-11,,,,,,,,,,,,,,,,,,,,,,,,,,,,,,,,,,,,,,,,,,,,,,,,,,,,,,,,,,,17,1.6,0.0,1,1,1
2025,Brashard Smith,B.Smith,00-0040078,KC,RB,RB,62.0,17,63.300000000000004,3.723529411764706,38.300000000000004,25.0,25,35,172,1,0.06375227686703097,-0.012353849547760865,0.08698072061711386,44,151,0,0,0,0,0,0,191.0,0.16705882352941176,0.33141361256544505,3.7235294117647055,4.006639709869841,13.1,0,RB,"https://static.www.nfl.com/image/upload/f_auto,q_auto/league/xnf4x6b9a2yunsc0gaej",REG,0,0,0,0,0,0,0,,,0,,0,0,0,0,1,0,5,-9.744162900140509,0,2,1,0,0,0,0,-56,232,7,-0.6170035465517985,0,7,2,0,0,-3.0714285714285716,0,0,0,0,0,0,0,0.0,0.0,0,0,0,0,0,0,0,0,0,0,0,0,0,1,0,0,0,0,0,0,1,0,0,1,0,6,68,18,481,0,0,0,0,,,0,0,0,0,0,0,0,0,0,0,0,0,,,,0,0,0,0,0,0,0,,0,0,0,0,,0,0,,0,0,0,0,0,0,0,0,0,0,,,,,,,,,,,,,,,,,,,,,,,,,,,,,,,,,,,,,,,,,,,,,,,,,,,,,,,,,,,,,,,,,,,,,,,,,,,,,,,,,,,,,,,,,,,,,,,,,,,,,,,,,,,,,,,,,,,,,,,,,,,,,,,,,,,,,,,,,,,,,,,,,,,,00-0040078,SmitBr09,4596602,Brashard Smith,2003-04-11,70.0,196.0,SMU; Miami,2025.0,7.0,228.0,KC,2025,2,17.0,0.0,56.0,0.0,0.1323529411764706,2025.0,Brashard Smith,KC,22.0,RB,17.0,1.0,35.0,25.0,172.0,,7.0,-60.0,-2.4,232.0,9.3,-1.4,1.0,25.0,2.0,0.057,0.0,91.6,2026-02-11,2025.0,Brashard Smith,KC,22.0,RB,17.0,1.0,44.0,151.0,,5.0,92.0,2.1,59.0,1.3,0.0,,2026-02-11,,,,,,,,,,,,,,,,,,,,,,,,,,,,,,,,,,,,,,,,,,,,,,,,,,,,,,,,,,,17,1.4,0.0,1,0,0
2025,Brian Robinson,B.Robinson,00-0037746,SF,RB,RB,63.0,17,62.5,3.676470588235294,54.5,8.0,8,12,25,0,0.02181818181818182,0.0,0.03272727272727273,92,400,2,0,0,0,0,0,190.0,0.16705882352941176,0.32894736842105265,3.676470588235294,3.202446215739756,11.5,0,RB,"https://static.www.nfl.com/image/upload/f_auto,q_auto/league/n1xhex1ytisxcbcggqu7",REG,0,0,0,0,0,0,0,,,0,,0,0,0,0,0,0,20,-0.7196162686965204,0,10,6,0,0,0,0,0,35,1,-4.062714403960854,0,0,0,0,0,0.0,0,0,0,0,0,0,0,0.0,0.0,0,0,0,0,0,0,0,0,0,0,0,0,0,0,0,0,0,0,0,0,0,0,0,0,0,0,0,13,378,0,0,0,0,,,0,0,0,0,0,0,0,0,0,0,0,0,,,,0,0,0,0,0,0,0,,0,0,0,0,,0,0,,0,0,0,0,0,0,0,0,0,0,B.Robinson,Brian Robinson,RB,RB,"https://static.www.nfl.com/image/upload/f_auto,q_auto/league/n1xhex1ytisxcbcggqu7",2025.0,POST,SF,2.0,0.0,0.0,0.0,0.0,0.0,0.0,0.0,0.0,0.0,0.0,0.0,0.0,,,0.0,,0.0,0.0,0.0,0.0,3.0,4.0,0.0,0.0,0.0,0.0,-2.326846579555422,0.0,0.0,0.0,0.0,0.0,1.0,1.0,3.0,0.0,0.0,0.0,3.0,0.0,0.0,-0.33059718389995396,0.0,0.0,0.0,0.0,0.0,1.0,0.017543859649122806,0.005836575875486381,0.030401392586524675,0.0,0.0,0.0,0.0,0.0,0.0,0.0,0.0,0.0,0.0,0.0,0.0,0.0,0.0,0.0,0.0,0.0,0.0,0.0,0.0,0.0,0.0,0.0,0.0,0.0,0.0,0.0,0.0,0.0,0.0,0.0,0.0,0.0,0.0,0.0,0.0,6.0,130.0,0.0,0.0,0.0,0.0,,,0.0,0.0,0.0,0.0,0.0,0.0,0.0,0.0,0.0,0.0,0.0,0.0,,,,0.0,0.0,0.0,0.0,0.0,0.0,0.0,,0.0,0.0,0.0,0.0,,0.0,0.0,,0.0,0.0,0.0,0.0,0.0,0.0,0.0,0.0,0.0,0.0,0.7000000000000001,1.7000000000000002,00-0037746,RobiBr01,4241474,Brian Robinson,1999-03-22,73.0,225.0,Alabama,2022.0,3.0,98.0,WAS,2022,3,17.0,0.0,59.0,0.0,0.13588235294117648,2025.0,Brian Robinson,SF,26.0,RB,17.0,0.0,12.0,8.0,25.0,,1.0,-10.0,-1.3,35.0,4.4,0.0,0.0,,0.0,0.0,0.0,70.1,2026-02-11,2025.0,Brian Robinson,SF,26.0,RB,17.0,0.0,92.0,400.0,,20.0,237.0,2.6,163.0,1.8,10.0,9.2,2026-02-11,,,,,,,,,,,,,,,,,,,,,,,,,,,,,,,,,,,,,,,,,,,,,,,,,,,,,,,,,,,17,2.6,0.0,2,0,0
2025,Devin Neal,D.Neal,00-0040202,NO,RB,RB,64.0,9,60.0,6.666666666666667,43.0,17.0,17,19,104,0,0.033628318584070796,-0.007938165865886776,0.044885761769985454,57,206,2,0,0,0,0,0,268.0,0.4,0.22388059701492538,6.666666666666667,5.269013190342192,15.4,0,RB,"https://static.www.nfl.com/image/upload/f_auto,q_auto/league/yqv7u0yb5toyhx1pnvku",REG,0,0,0,0,0,0,0,,,0,,0,0,0,0,0,0,11,-7.868391163792694,0,3,3,1,0,0,0,-38,138,4,-2.227445090147002,0,5,2,0,0,-2.736842105263158,0,1,0,0,0,0,0,0.0,0.0,0,0,0,0,0,0,0,0,0,0,0,0,0,0,0,0,0,0,0,0,0,0,0,0,0,0,0,7,152,0,0,0,0,,,0,0,0,0,0,0,0,0,0,0,0,0,,,,0,0,0,0,0,0,0,,0,0,0,0,,0,0,,0,0,0,0,0,0,0,0,0,0,,,,,,,,,,,,,,,,,,,,,,,,,,,,,,,,,,,,,,,,,,,,,,,,,,,,,,,,,,,,,,,,,,,,,,,,,,,,,,,,,,,,,,,,,,,,,,,,,,,,,,,,,,,,,,,,,,,,,,,,,,,,,,,,,,,,,,,,,,,,,,,,,,,,00-0040202,NealDe00,4682652,Devin Neal,2003-08-12,71.0,213.0,Kansas,2025.0,6.0,184.0,NO,2025,0,10.0,0.0,24.0,0.0,0.10200000000000001,2025.0,Devin Neal,NO,22.0,RB,10.0,3.0,19.0,17.0,104.0,,4.0,-34.0,-2.0,138.0,8.1,-2.0,2.0,8.5,1.0,0.053,0.0,89.5,2026-02-11,2025.0,Devin Neal,NO,22.0,RB,10.0,3.0,57.0,206.0,,11.0,96.0,1.7,110.0,1.9,1.0,57.0,2026-02-11,,,,,,,,,,,,,,,,,,,,,,,,,,,,,,,,,,,,,,,,,,,,,,,,,,,,,,,,,,,9,6.1,0.1,3,1,0
2025,Emari Demercado,E.Demercado,00-0038705,ARI,RB,RB,65.0,12,58.300000000000004,4.858333333333333,45.300000000000004,13.0,13,20,101,1,0.03241491085899514,0.002575107296137339,0.05042494139578884,44,312,0,0,0,0,0,0,196.0,0.2323076923076923,0.29744897959183675,4.858333333333333,4.298933976386859,13.4,0,RB,"https://static.www.nfl.com/image/upload/f_auto,q_auto/league/wu0sm9ttr4aiugi9fquf",REG,0,0,0,0,0,0,0,,,0,,0,0,0,0,1,1,9,-6.901425930603828,0,9,6,2,2,0,0,12,84,3,-1.5875549600526675,0,2,2,2,0,8.416666666666666,0,3,0,2,0,0,0,0.0,0.0,0,0,0,0,0,0,0,0,0,0,0,0,0,0,0,0,0,0,0,0,0,1,1,1,1,0,0,3,86,0,0,0,0,,,0,0,0,0,0,0,0,0,0,0,0,0,,,,0,0,0,0,0,0,0,,0,0,0,0,,0,0,,0,0,0,0,0,0,0,0,0,0,,,,,,,,,,,,,,,,,,,,,,,,,,,,,,,,,,,,,,,,,,,,,,,,,,,,,,,,,,,,,,,,,,,,,,,,,,,,,,,,,,,,,,,,,,,,,,,,,,,,,,,,,,,,,,,,,,,,,,,,,,,,,,,,,,,,,,,,,,,,,,,,,,,,00-0038705,DemeEm00,4362478,Emari Demercado,1999-01-20,69.0,215.0,TCU,,,,,2023,4,13.0,0.0,70.0,0.0,0.20384615384615384,2025.0,Emari Demercado,ARI,26.0,RB,13.0,0.0,20.0,13.0,101.0,,3.0,17.0,1.3,84.0,6.5,0.6,2.0,6.5,1.0,0.05,0.0,94.0,2026-02-11,2025.0,Emari Demercado,ARI,26.0,RB,13.0,0.0,44.0,312.0,,9.0,194.0,4.4,118.0,2.7,4.0,11.0,2026-02-11,,,,,,,,,,,,,,,,,,,,,,,,,,,,,,,,,,,,,,,,,,,,,,,,,,,,,,,,,,,12,4.0,0.0,2,0,0
2025,Kyle Juszczyk,K.Juszczyk,00-0029892,SF,RB,FB,66.0,16,57.0,3.5625,33.0,24.0,24,28,213,2,0.05090909090909091,0.027932960893854747,0.09591670898933469,2,-3,0,0,0,0,0,0,510.0,0.45529411764705885,0.11176470588235295,3.5625,2.560175775215444,9.4,0,RB,"https://static.www.nfl.com/image/upload/f_auto,q_auto/league/tsejiiddtouukwyyqr9q",REG,0,0,0,0,0,0,0,,,0,,0,0,0,0,0,0,0,-3.4974754005670547,0,0,0,0,0,0,0,120,109,10,7.4226890297723,0,8,4,3,0,1.775,0,1,0,1,0,0,0,0.0,0.0,0,0,0,0,0,0,0,0,0,0,0,0,0,0,0,0,0,0,0,0,0,0,0,0,0,0,0,0,0,0,0,0,0,,,0,0,0,0,0,0,0,0,0,0,0,0,,,,0,0,0,0,0,0,0,,0,0,0,0,,0,0,,0,0,0,0,0,0,0,0,0,0,K.Juszczyk,Kyle Juszczyk,FB,RB,"https://static.www.nfl.com/image/upload/f_auto,q_auto/league/tsejiiddtouukwyyqr9q",2025.0,POST,SF,2.0,0.0,0.0,0.0,0.0,0.0,0.0,0.0,0.0,0.0,0.0,0.0,0.0,,,0.0,,0.0,0.0,0.0,0.0,1.0,-3.0,0.0,1.0,0.0,0.0,-3.8044866889249533,0.0,0.0,0.0,0.0,0.0,5.0,5.0,60.0,0.0,0.0,0.0,24.0,36.0,3.0,4.074509169906378,0.0,3.0,1.0,1.0,0.0,2.5,0.08771929824561403,0.04669260700389105,0.16426377227114478,0.0,1.0,0.0,0.0,0.0,0.0,0.0,0.0,0.0,0.0,0.0,0.0,0.0,0.0,0.0,0.0,0.0,0.0,0.0,0.0,0.0,0.0,0.0,0.0,0.0,0.0,0.0,0.0,0.0,1.0,0.0,1.0,1.0,0.0,0.0,0.0,0.0,0.0,0.0,0.0,0.0,0.0,,,0.0,0.0,0.0,0.0,0.0,0.0,0.0,0.0,0.0,0.0,0.0,0.0,,,,0.0,0.0,0.0,0.0,0.0,0.0,0.0,,0.0,0.0,0.0,0.0,,0.0,0.0,,0.0,0.0,0.0,0.0,0.0,0.0,0.0,0.0,0.0,0.0,5.7,10.7,00-0029892,JuszKy00,16002,Kyle Juszczyk,1991-04-23,74.0,235.0,Harvard,2013.0,4.0,130.0,BAL,2013,14,17.0,0.0,45.0,0.0,0.11058823529411764,2025.0,Kyle Juszczyk,SF,34.0,FB,17.0,17.0,28.0,24.0,213.0,,10.0,104.0,4.3,109.0,4.5,4.3,1.0,24.0,0.0,0.0,0.0,122.2,2026-02-11,2025.0,Kyle Juszczyk,SF,34.0,FB,17.0,17.0,2.0,-3.0,,0.0,-3.0,-1.5,0.0,0.0,0.0,,2026-02-11,,,,,,,,,,,,,,,,,,,,,,,,,,,,,,,,,,,,,,,,,,,,,,,,,,,,,,,,,,,16,2.5,0.0,0,0,0
2025,Keaton Mitchell,K.Mitchell,00-0038454,BAL,RB,RB,67.0,13,55.400000000000006,4.261538461538462,46.400000000000006,9.0,9,12,63,0,0.029484029484029485,-0.008182349503214495,0.038498399573794084,59,341,1,0,0,0,0,0,132.0,0.17461538461538462,0.41969696969696973,4.2615384615384615,3.268674160761633,11.1,0,RB,"https://static.www.nfl.com/image/upload/f_auto,q_auto/league/ztciwwpbyaffmckwrzdk",REG,0,0,0,0,0,0,0,,,0,,0,0,0,0,1,0,16,2.6167700245568994,0,10,8,4,1,0,0,-28,85,2,-5.52936580037931,0,2,1,0,0,-2.25,0,0,0,0,0,0,0,0.0,0.0,0,0,0,0,0,0,0,0,0,0,0,0,0,0,0,0,0,0,0,0,1,0,1,1,0,0,0,22,591,0,0,0,0,,,0,0,0,0,0,0,0,0,0,0,0,0,,,,0,0,0,0,0,0,0,,0,0,0,0,,0,0,,0,0,0,0,0,0,0,0,0,0,,,,,,,,,,,,,,,,,,,,,,,,,,,,,,,,,,,,,,,,,,,,,,,,,,,,,,,,,,,,,,,,,,,,,,,,,,,,,,,,,,,,,,,,,,,,,,,,,,,,,,,,,,,,,,,,,,,,,,,,,,,,,,,,,,,,,,,,,,,,,,,,,,,,00-0038454,MitcKe01,4596334,Keaton Mitchell,2002-01-17,68.0,191.0,East Carolina,,,,,2023,4,13.0,0.0,88.0,0.0,0.26153846153846155,2025.0,Keaton Mitchell,BAL,23.0,RB,13.0,0.0,12.0,9.0,63.0,,2.0,-22.0,-2.4,85.0,9.4,-2.3,0.0,,1.0,0.083,1.0,51.7,2026-02-11,2025.0,Keaton Mitchell,BAL,23.0,RB,13.0,0.0,59.0,341.0,,16.0,213.0,3.6,128.0,2.2,2.0,29.5,2026-02-11,,,,,,,,,,,,,,,,,,,,,,,,,,,,,,,,,,,,,,,,,,,,,,,,,,,,,,,,,,,13,3.1,0.0,1,0,0
2025,Ollie Gordon II,O.Gordon,00-0040198,MIA,RB,RB,68.0,17,54.1,3.182352941176471,47.1,7.0,7,9,32,1,0.01948051948051948,-0.0074360499702558,0.02401554424160016,70,199,3,0,0,0,0,0,222.0,0.22411764705882353,0.2436936936936937,3.182352941176471,4.346296597983973,13.600000000000001,0,RB,"https://static.www.nfl.com/image/upload/f_auto,q_auto/league/bv33rgypaauv7sealwkr",REG,0,0,0,0,0,0,0,,,0,,0,0,0,0,0,0,21,-9.571183799651436,0,5,4,1,0,0,0,-25,57,1,-3.4463787468266673,0,1,1,1,0,-1.28,0,2,0,0,0,0,0,0.0,0.0,0,0,0,0,0,0,0,0,0,0,0,0,0,2,0,0,0,0,1,15,0,0,0,0,0,0,0,1,25,0,0,0,0,,,0,0,0,0,0,0,0,0,0,0,0,0,,,,0,0,0,0,0,0,0,,0,0,0,0,,0,0,,0,0,0,0,0,0,0,0,0,0,,,,,,,,,,,,,,,,,,,,,,,,,,,,,,,,,,,,,,,,,,,,,,,,,,,,,,,,,,,,,,,,,,,,,,,,,,,,,,,,,,,,,,,,,,,,,,,,,,,,,,,,,,,,,,,,,,,,,,,,,,,,,,,,,,,,,,,,,,,,,,,,,,,,00-0040198,GordOl00,4711533,Ollie Gordon II,2004-01-15,74.0,225.0,Oklahoma State,2025.0,6.0,179.0,MIA,2025,2,17.0,0.0,95.0,0.0,0.21294117647058824,2025.0,Ollie Gordon,MIA,21.0,RB,17.0,1.0,9.0,7.0,32.0,,1.0,-25.0,-3.6,57.0,8.1,-2.8,2.0,3.5,1.0,0.111,0.0,118.5,2026-02-11,2025.0,Ollie Gordon,MIA,21.0,RB,17.0,1.0,70.0,199.0,,21.0,81.0,1.2,118.0,1.7,6.0,11.7,2026-02-11,,,,,,,,,,,,,,,,,,,,,,,,,,,,,,,,,,,,,,,,,,,,,,,,,,,,,,,,,,,17,1.3,-0.30000000000000004,2,0,0
2025,Tank Bigsby,T.Bigsby,00-0038555,PHI,RB,RB,69.0,15,53.800000000000004,3.586666666666667,50.800000000000004,3.0,3,4,32,0,0.007312614259597806,-0.0012295081967213116,0.01010826565169179,63,356,2,0,0,0,0,0,139.0,0.1264705882352941,0.38705035971223023,3.5866666666666664,5.164697013194021,17.6,0,RB,"https://static.www.nfl.com/image/upload/f_auto,q_auto/league/vfkdjfpiyrcuzahrmfvn",REG,0,0,0,0,0,0,0,,,0,,0,0,0,0,0,0,18,7.249219272636724,0,13,10,2,0,0,0,-6,39,1,-0.7372515855822712,0,1,1,1,0,-5.333333333333333,0,1,0,1,0,0,0,0.0,0.0,0,0,0,0,0,0,0,0,0,0,0,0,0,0,0,0,0,0,0,0,0,0,0,0,0,0,0,10,207,0,0,0,0,,,0,0,0,0,0,0,0,0,0,0,0,0,,,,0,0,0,0,0,0,0,,0,0,0,0,,0,0,,0,0,0,0,0,0,0,0,0,0,T.Bigsby,Tank Bigsby,RB,RB,"https://static.www.nfl.com/image/upload/f_auto,q_auto/league/vfkdjfpiyrcuzahrmfvn",2025.0,POST,PHI,1.0,0.0,0.0,0.0,0.0,0.0,0.0,0.0,0.0,0.0,0.0,0.0,0.0,,,0.0,,0.0,0.0,0.0,0.0,4.0,19.0,0.0,0.0,0.0,1.0,0.23556669376557693,0.0,0.0,0.0,0.0,0.0,0.0,0.0,0.0,0.0,0.0,0.0,0.0,0.0,0.0,,0.0,0.0,0.0,0.0,0.0,,0.0,0.0,0.0,0.0,0.0,0.0,0.0,0.0,0.0,0.0,0.0,0.0,0.0,0.0,0.0,0.0,0.0,0.0,0.0,0.0,0.0,0.0,0.0,0.0,0.0,0.0,0.0,0.0,0.0,0.0,0.0,0.0,0.0,0.0,0.0,0.0,0.0,0.0,0.0,0.0,0.0,0.0,0.0,0.0,0.0,,,0.0,0.0,0.0,0.0,0.0,0.0,0.0,0.0,0.0,0.0,0.0,0.0,,,,0.0,0.0,0.0,0.0,0.0,0.0,0.0,,0.0,0.0,0.0,0.0,,0.0,0.0,,0.0,0.0,0.0,0.0,0.0,0.0,0.0,0.0,0.0,0.0,1.9000000000000001,1.9000000000000001,00-0038555,BigsTa00,4429013,Tank Bigsby,2002-08-30,71.0,215.0,Auburn,2023.0,3.0,88.0,JAX,2023,4,17.0,0.0,50.0,0.0,0.11,2025.0,Tank Bigsby,PHI,24.0,RB,16.0,1.0,4.0,3.0,32.0,,1.0,-7.0,-2.3,39.0,13.0,-1.5,1.0,3.0,0.0,0.0,0.0,97.9,2026-02-11,2025.0,Tank Bigsby,2TM,24.0,RB,17.0,1.0,63.0,356.0,,18.0,188.0,3.0,168.0,2.7,10.0,6.3,2026-02-11,,,,,,,,,,,,,,,,,,,,,,,,,,,,,,,,,,,,,,,,,,,,,,,,,,,,,,,,,,,15,1.2000000000000002,0.0,2,1,0
2025,Jaylen Wright,J.Wright,00-0039874,MIA,RB,RB,70.0,9,48.2,5.355555555555556,43.2,5.0,5,9,44,0,0.01948051948051948,-0.010113027959547887,0.0221416596490957,70,288,2,0,0,0,0,0,127.0,0.215,0.37952755905511815,5.355555555555556,5.521121061684646,16.700000000000003,0,RB,"https://static.www.nfl.com/image/upload/f_auto,q_auto/league/feeuommtlmpvuxvtb1zt",REG,0,0,0,0,0,0,0,,,0,,0,0,0,0,2,1,17,-5.69901978082625,0,6,3,1,0,0,0,-34,60,2,-1.6724522572018026,0,2,1,0,0,-1.2941176470588236,0,0,0,0,0,0,0,0.0,0.0,0,0,0,0,0,0,0,0,0,0,0,0,0,0,0,0,0,0,0,0,2,0,0,2,1,0,0,0,0,0,0,0,0,,,0,0,0,0,0,0,0,0,0,0,0,0,,,,0,0,0,0,0,0,0,,0,0,0,0,,0,0,,0,0,0,0,0,0,0,0,0,0,,,,,,,,,,,,,,,,,,,,,,,,,,,,,,,,,,,,,,,,,,,,,,,,,,,,,,,,,,,,,,,,,,,,,,,,,,,,,,,,,,,,,,,,,,,,,,,,,,,,,,,,,,,,,,,,,,,,,,,,,,,,,,,,,,,,,,,,,,,,,,,,,,,,00-0039874,WrigJa04,4682745,Jaylen Wright,2003-04-01,70.0,205.0,Tennessee,2024.0,4.0,120.0,MIA,2024,3,10.0,0.0,4.0,0.0,0.019999999999999997,2025.0,Jaylen Wright,MIA,22.0,RB,10.0,1.0,9.0,5.0,44.0,,2.0,-16.0,-3.2,60.0,12.0,-3.1,0.0,,1.0,0.111,0.0,68.7,2026-02-11,2025.0,Jaylen Wright,MIA,22.0,RB,10.0,1.0,70.0,288.0,,17.0,112.0,1.6,176.0,2.5,6.0,11.7,2026-02-11,,,,,,,,,,,,,,,,,,,,,,,,,,,,,,,,,,,,,,,,,,,,,,,,,,,,,,,,,,,9,3.8000000000000003,0.4,2,1,0
2025,Audric Estimé,A.Estime,00-0039373,NO,RB,RB,71.0,5,48.1,9.620000000000001,36.1,12.0,12,13,103,0,0.023008849557522124,-0.0004177982034677251,0.03422081559385578,46,198,1,0,0,0,0,0,181.0,0.39285714285714285,0.26574585635359116,9.620000000000001,6.550725150698967,16.8,0,RB,"https://static.www.nfl.com/image/upload/f_auto,q_auto/league/lcoend1mysjfhl8f4rrt",REG,0,0,0,0,0,0,0,,,0,,0,0,0,0,0,0,12,4.688177332864143,0,2,2,1,0,0,0,-2,108,3,3.772943310556002,0,4,2,0,0,-51.5,0,1,0,0,0,0,0,0.0,0.0,0,0,0,0,0,0,0,0,0,0,0,0,0,0,0,0,0,0,0,0,0,0,0,0,0,0,0,0,0,0,0,0,0,,,0,0,0,0,0,0,0,0,0,0,0,0,,,,0,0,0,0,0,0,0,,0,0,0,0,,0,0,,0,0,0,0,0,0,0,0,0,0,,,,,,,,,,,,,,,,,,,,,,,,,,,,,,,,,,,,,,,,,,,,,,,,,,,,,,,,,,,,,,,,,,,,,,,,,,,,,,,,,,,,,,,,,,,,,,,,,,,,,,,,,,,,,,,,,,,,,,,,,,,,,,,,,,,,,,,,,,,,,,,,,,,,00-0039373,EstiAu00,4569682,Audric Estimé,2003-09-06,71.0,227.0,Notre Dame,2024.0,5.0,147.0,DEN,2024,3,7.0,0.0,26.0,0.0,0.1457142857142857,2025.0,Audric Estime,NO,22.0,RB,7.0,1.0,13.0,12.0,103.0,,3.0,-5.0,-0.4,108.0,9.0,-0.2,4.0,3.0,0.0,0.0,0.0,99.7,2026-02-11,2025.0,Audric Estime,NO,22.0,RB,7.0,1.0,46.0,198.0,,12.0,100.0,2.2,98.0,2.1,7.0,6.6,2026-02-11,,,,,,,,,,,,,,,,,,,,,,,,,,,,,,,,,,,,,,,,,,,,,,,,,,,,,,,,,,,5,8.0,1.1,2,2,0
2025,Jerome Ford,J.Ford,00-0037267,CLE,RB,RB,72.0,13,43.6,3.353846153846154,17.6,26.0,26,32,103,0,0.06130268199233716,-0.012945838837516512,0.08289193580224419,24,73,0,0,0,0,0,0,269.0,0.3046153846153846,0.1620817843866171,3.353846153846154,3.28573060992919,10.4,0,RB,"https://static.www.nfl.com/image/upload/f_auto,q_auto/league/rntmoum7ncnyo5j2bdei",REG,0,0,0,0,0,0,0,,,0,,0,0,0,0,0,0,5,-3.0169608334545046,0,2,1,0,0,0,0,-49,154,4,-5.587545501080998,0,3,1,0,0,-2.1020408163265305,0,1,0,0,0,0,0,0.0,0.0,0,0,0,0,0,0,0,0,0,0,0,0,0,0,0,0,0,0,0,0,0,0,0,0,0,0,0,13,294,0,0,0,0,,,0,0,0,0,0,0,0,0,0,0,0,0,,,,0,0,0,0,0,0,0,,0,0,0,0,,0,0,,0,0,0,0,0,0,0,0,0,0,,,,,,,,,,,,,,,,,,,,,,,,,,,,,,,,,,,,,,,,,,,,,,,,,,,,,,,,,,,,,,,,,,,,,,,,,,,,,,,,,,,,,,,,,,,,,,,,,,,,,,,,,,,,,,,,,,,,,,,,,,,,,,,,,,,,,,,,,,,,,,,,,,,,00-0037267,FordJe00,4372019,Jerome Ford,1999-09-12,70.0,210.0,Cincinnati; Alabama,2022.0,5.0,156.0,CLE,2022,4,13.0,0.0,29.0,0.0,0.07846153846153846,2025.0,Jerome Ford,CLE,26.0,RB,13.0,0.0,32.0,26.0,103.0,,4.0,-51.0,-2.0,154.0,5.9,-1.5,2.0,13.0,3.0,0.094,0.0,80.1,2026-02-11,2025.0,Jerome Ford,CLE,26.0,RB,13.0,0.0,24.0,73.0,,5.0,43.0,1.8,30.0,1.3,9.0,2.7,2026-02-11,,,,,,,,,,,,,,,,,,,,,,,,,,,,,,,,,,,,,,,,,,,,,,,,,,,,,,,,,,,13,3.0,-0.30000000000000004,1,0,0
2025,Malik Davis,M.Davis,00-0037563,DAL,RB,RB,73.0,10,40.6,4.0600000000000005,38.6,2.0,2,5,16,0,0.008237232289950576,0.003550996251726179,0.01484154581113419,52,250,2,0,0,0,0,0,155.0,0.207,0.26193548387096777,4.0600000000000005,4.809989604978372,11.7,0,RB,"https://static.www.nfl.com/image/upload/f_auto,q_auto/league/zvranxxyt8qeihn8c2q9",REG,0,0,0,0,0,0,0,,,0,,0,0,0,0,0,0,11,0.8133923445420805,0,4,4,3,1,0,0,18,6,0,-4.811975811433513,0,1,0,0,0,0.8888888888888888,0,2,0,5,0,0,0,0.0,0.0,0,0,0,0,0,0,0,0,0,0,0,0,0,0,0,0,0,0,1,10,0,0,0,0,0,0,0,0,0,0,0,0,0,,,0,0,0,0,0,0,0,0,0,0,0,0,,,,0,0,0,0,0,0,0,,0,0,0,0,,0,0,,0,0,0,0,0,0,0,0,0,0,,,,,,,,,,,,,,,,,,,,,,,,,,,,,,,,,,,,,,,,,,,,,,,,,,,,,,,,,,,,,,,,,,,,,,,,,,,,,,,,,,,,,,,,,,,,,,,,,,,,,,,,,,,,,,,,,,,,,,,,,,,,,,,,,,,,,,,,,,,,,,,,,,,,00-0037563,DaviMa02,4240603,Malik Davis,1998-11-26,71.0,205.0,Florida,,,,,2022,3,10.0,0.0,147.0,0.0,0.526,2025.0,Malik Davis,DAL,27.0,RB,10.0,0.0,5.0,2.0,16.0,,0.0,10.0,5.0,6.0,3.0,3.6,0.0,,1.0,0.2,0.0,48.7,2026-02-11,2025.0,Malik Davis,DAL,27.0,RB,10.0,0.0,52.0,250.0,,11.0,152.0,2.9,98.0,1.9,0.0,,2026-02-11,,,,,,,,,,,,,,,,,,,,,,,,,,,,,,,,,,,,,,,,,,,,,,,,,,,,,,,,,,,10,2.1500000000000004,0.0,3,0,0
2025,Zavier Scott,Z.Scott,00-0038440,MIN,RB,RB,74.0,11,39.2,3.563636363636364,25.200000000000003,14.0,14,16,98,1,0.03418803418803419,0.004524886877828055,0.05444947209653093,32,114,0,0,0,0,0,0,105.0,0.10187500000000001,0.37333333333333335,3.563636363636364,4.668677056141863,16.4,0,RB,"https://static.www.nfl.com/image/upload/f_auto,q_auto/league/z8sqpgdoyuv5rask15vn",REG,0,0,0,0,0,0,0,,,0,,0,0,0,0,2,1,6,-8.999637916043866,0,3,0,0,0,0,0,17,105,7,-0.7624529692693613,0,3,2,1,0,5.764705882352941,0,3,0,4,0,0,0,0.0,0.0,0,0,0,0,0,0,0,0,0,0,0,0,0,0,0,0,0,0,0,0,2,0,0,2,1,0,0,0,0,0,0,0,0,,,0,0,0,0,0,0,0,0,0,0,0,0,,,,0,0,0,0,0,0,0,,0,0,0,0,,0,0,,0,0,0,0,0,0,0,0,0,0,,,,,,,,,,,,,,,,,,,,,,,,,,,,,,,,,,,,,,,,,,,,,,,,,,,,,,,,,,,,,,,,,,,,,,,,,,,,,,,,,,,,,,,,,,,,,,,,,,,,,,,,,,,,,,,,,,,,,,,,,,,,,,,,,,,,,,,,,,,,,,,,,,,,00-0038440,ScotZa00,4257364,Zavier Scott,1999-07-17,73.0,221.0,Maine,,,,,2023,2,16.0,0.0,149.0,0.0,0.36625,2025.0,Zavier Scott,MIN,26.0,RB,16.0,0.0,16.0,14.0,98.0,,7.0,-7.0,-0.5,105.0,7.5,1.1,1.0,14.0,0.0,0.0,1.0,87.0,2026-02-11,2025.0,Zavier Scott,MIN,26.0,RB,16.0,0.0,32.0,114.0,,6.0,52.0,1.6,62.0,1.9,1.0,32.0,2026-02-11,,,,,,,,,,,,,,,,,,,,,,,,,,,,,,,,,,,,,,,,,,,,,,,,,,,,,,,,,,,11,2.7,-0.19999999999999996,1,1,0
2025,Ameer Abdullah,A.Abdullah,00-0032104,IND,RB,RB,75.0,13,37.9,2.9153846153846152,21.9,16.0,16,17,99,0,0.03207547169811321,-0.0006849315068493151,0.04763375549237529,14,60,1,0,0,0,0,0,86.0,0.1053846153846154,0.44069767441860463,2.9153846153846152,2.7220844200251375,9.7,0,RB,"https://static.www.nfl.com/image/upload/f_auto,q_auto/league/k8teyeiqchljlm0h5te4",REG,0,0,0,0,0,0,0,,,0,,0,0,0,0,0,0,3,0.9479822848807089,0,1,1,0,0,0,0,-3,105,4,0.8137486228370108,0,3,0,0,0,-33.0,0,5,0,0,0,0,0,0.0,0.0,0,0,0,0,0,0,0,0,0,0,0,0,0,0,0,0,0,0,0,0,1,0,0,1,1,0,0,19,563,0,0,0,0,,,0,0,0,0,0,0,0,0,0,0,0,0,,,,0,0,0,0,0,0,0,,0,0,0,0,,0,0,,0,0,0,0,0,0,0,0,0,0,,,,,,,,,,,,,,,,,,,,,,,,,,,,,,,,,,,,,,,,,,,,,,,,,,,,,,,,,,,,,,,,,,,,,,,,,,,,,,,,,,,,,,,,,,,,,,,,,,,,,,,,,,,,,,,,,,,,,,,,,,,,,,,,,,,,,,,,,,,,,,,,,,,,00-0032104,AbduAm00,2576336,Ameer Abdullah,1993-06-13,69.0,203.0,Nebraska,2015.0,2.0,54.0,DET,2015,12,13.0,0.0,135.0,0.0,0.39692307692307693,2025.0,Ameer Abdullah,IND,32.0,RB,13.0,0.0,17.0,16.0,99.0,,4.0,-6.0,-0.4,105.0,6.6,-0.2,3.0,5.3,0.0,0.0,0.0,90.9,2026-02-11,2025.0,Ameer Abdullah,IND,32.0,RB,13.0,0.0,14.0,60.0,,3.0,28.0,2.0,32.0,2.3,1.0,14.0,2026-02-11,,,,,,,,,,,,,,,,,,,,,,,,,,,,,,,,,,,,,,,,,,,,,,,,,,,,,,,,,,,13,1.8,0.0,0,0,0
2025,Hunter Luepke,H.Luepke,00-0038738,DAL,RB,RB,76.0,14,37.0,2.642857142857143,24.0,13.0,13,15,109,1,0.02471169686985173,-0.0005918327086210298,0.03665326240874288,16,71,0,0,0,0,0,0,251.0,0.21058823529411766,0.14741035856573706,2.642857142857143,2.8280774349409135,8.7,0,RB,"https://static.www.nfl.com/image/upload/f_auto,q_auto/league/m28qafff4o5vb3aaumiv",REG,0,0,0,0,0,0,0,,,0,,0,0,0,0,0,0,6,-1.5980411392956395,0,0,0,0,0,0,0,-3,119,6,4.603652668871678,0,6,0,0,0,-36.333333333333336,0,5,0,10,0,0,0,0.0,0.0,0,0,0,0,0,0,0,0,0,0,0,0,0,0,0,0,0,0,1,10,0,0,0,0,0,0,0,0,0,0,0,0,0,,,0,0,0,0,0,0,0,0,0,0,0,0,,,,0,0,0,0,0,0,0,,0,0,0,0,,0,0,,0,0,0,0,0,0,0,0,0,0,,,,,,,,,,,,,,,,,,,,,,,,,,,,,,,,,,,,,,,,,,,,,,,,,,,,,,,,,,,,,,,,,,,,,,,,,,,,,,,,,,,,,,,,,,,,,,,,,,,,,,,,,,,,,,,,,,,,,,,,,,,,,,,,,,,,,,,,,,,,,,,,,,,,00-0038738,LuepHu00,4383396,Hunter Luepke,2000-02-28,73.0,250.0,North Dakota State,,,,,2023,4,17.0,0.0,240.0,0.0,0.49470588235294116,2025.0,Hunter Luepke,DAL,25.0,RB,17.0,5.0,15.0,13.0,109.0,,6.0,-10.0,-0.8,119.0,9.2,-0.2,1.0,13.0,1.0,0.067,0.0,119.2,2026-02-11,2025.0,Hunter Luepke,DAL,25.0,RB,17.0,5.0,16.0,71.0,,6.0,26.0,1.6,45.0,2.8,0.0,,2026-02-11,,,,,,,,,,,,,,,,,,,,,,,,,,,,,,,,,,,,,,,,,,,,,,,,,,,,,,,,,,,14,1.85,0.0,0,0,0
2025,Trey Benson,T.Benson,00-0039921,ARI,RB,RB,77.0,4,35.400000000000006,8.850000000000001,22.400000000000002,13.000000000000004,13,16,64,0,0.02593192868719611,-0.004721030042918455,0.035593172000751246,29,160,0,0,0,0,0,0,123.0,0.48250000000000004,0.2878048780487805,8.850000000000001,1.0472185381603334,10.4,0,RB,"https://static.www.nfl.com/image/upload/f_auto,q_auto/league/liruc5jotnsi4ue9p9yx",REG,0,0,0,0,0,0,0,,,0,,0,0,0,0,0,0,4,-0.20821796857320085,0,4,3,2,1,0,0,-22,73,2,-8.073343051290212,0,2,0,0,0,-2.909090909090909,0,0,0,0,0,0,0,0.0,0.0,0,0,0,0,0,0,0,0,0,0,0,0,0,0,0,1,0,0,0,0,0,0,0,0,0,0,0,0,0,0,0,0,0,,,0,0,0,0,0,0,0,0,0,0,0,0,,,,0,0,0,0,0,0,0,,0,0,0,0,,0,0,,0,0,0,0,0,0,0,0,0,0,,,,,,,,,,,,,,,,,,,,,,,,,,,,,,,,,,,,,,,,,,,,,,,,,,,,,,,,,,,,,,,,,,,,,,,,,,,,,,,,,,,,,,,,,,,,,,,,,,,,,,,,,,,,,,,,,,,,,,,,,,,,,,,,,,,,,,,,,,,,,,,,,,,,00-0039921,BensTr01,4429275,Trey Benson,2002-07-23,72.0,225.0,Florida State; Oregon,2024.0,3.0,66.0,ARI,2024,3,4.0,0.0,0.0,0.0,0.0,2025.0,Trey Benson,ARI,23.0,RB,4.0,1.0,16.0,13.0,64.0,,2.0,-9.0,-0.7,73.0,5.6,-1.4,1.0,13.0,0.0,0.0,1.0,57.3,2026-02-11,2025.0,Trey Benson,ARI,23.0,RB,4.0,1.0,29.0,160.0,,4.0,88.0,3.0,72.0,2.5,2.0,14.5,2026-02-11,,,,,,,,,,,,,,,,,,,,,,,,,,,,,,,,,,,,,,,,,,,,,,,,,,,,,,,,,,,4,8.45,8.100000000000001,1,0,0
2025,Tyler Badie,T.Badie,00-0037085,DEN,RB,RB,77.0,16,35.400000000000006,2.2125000000000004,16.400000000000002,19.000000000000004,19,31,141,0,0.053082191780821915,-0.00980392156862745,0.07276054257319366,8,23,0,0,0,0,0,0,192.0,0.175,0.18437500000000004,2.2125,1.6977926846349645,4.8,0,RB,"https://static.www.nfl.com/image/upload/f_auto,q_auto/league/ghhul5piv9vzeih6atsj",REG,0,0,0,0,0,0,0,,,0,,0,0,0,0,0,0,1,-3.7049199692115904,0,0,0,0,0,0,0,-44,210,9,1.2235306022384445,0,9,3,0,0,-3.2045454545454546,0,3,0,3,0,0,0,0.0,0.0,0,0,0,0,0,0,0,0,0,0,0,0,0,0,0,0,0,0,2,10,0,0,0,0,0,0,0,17,452,0,0,0,0,,,0,0,0,0,0,0,0,0,0,0,0,0,,,,0,0,0,0,0,0,0,,0,0,0,0,,0,0,,0,0,0,0,0,0,0,0,0,0,T.Badie,Tyler Badie,RB,RB,"https://static.www.nfl.com/image/upload/f_auto,q_auto/league/ghhul5piv9vzeih6atsj",2025.0,POST,DEN,2.0,0.0,0.0,0.0,0.0,0.0,0.0,0.0,0.0,0.0,0.0,0.0,0.0,,,0.0,,0.0,0.0,0.0,0.0,1.0,4.0,0.0,0.0,0.0,1.0,0.5499112645629793,0.0,0.0,0.0,0.0,0.0,1.0,2.0,7.0,0.0,0.0,0.0,4.0,6.0,0.0,-1.7147153141559102,0.0,0.0,0.0,0.0,0.0,1.75,0.028985507246376812,0.008213552361396304,0.04922774752254263,0.0,0.0,0.0,0.0,0.0,0.0,0.0,0.0,0.0,0.0,0.0,0.0,0.0,0.0,0.0,0.0,0.0,0.0,0.0,0.0,0.0,0.0,0.0,0.0,0.0,0.0,0.0,0.0,0.0,0.0,0.0,0.0,0.0,0.0,0.0,0.0,2.0,47.0,0.0,0.0,0.0,0.0,,,0.0,0.0,0.0,0.0,0.0,0.0,0.0,0.0,0.0,0.0,0.0,0.0,,,,0.0,0.0,0.0,0.0,0.0,0.0,0.0,,0.0,0.0,0.0,0.0,,0.0,0.0,,0.0,0.0,0.0,0.0,0.0,0.0,0.0,0.0,0.0,0.0,1.1,2.1,00-0037085,BadiTy00,4362748,Tyler Badie,1999-02-07,68.0,197.0,Missouri,2022.0,6.0,196.0,BAL,2022,3,16.0,0.0,260.0,0.0,0.591875,2025.0,Tyler Badie,DEN,25.0,RB,16.0,0.0,31.0,19.0,141.0,,9.0,-69.0,-3.6,210.0,11.1,-1.0,0.0,,4.0,0.129,0.0,72.1,2026-02-11,2025.0,Tyler Badie,DEN,25.0,RB,16.0,0.0,8.0,23.0,,1.0,8.0,1.0,15.0,1.9,0.0,,2026-02-11,,,,,,,,,,,,,,,,,,,,,,,,,,,,,,,,,,,,,,,,,,,,,,,,,,,,,,,,,,,16,2.35,0.0,0,0,0
2025,James Conner,J.Conner,00-0033553,ARI,RB,RB,79.0,3,33.3,11.1,25.3,7.9999999999999964,8,9,38,1,0.014586709886547812,-0.0019313304721030042,0.020528133499349618,32,95,1,0,0,0,0,0,93.0,0.5,0.35806451612903223,11.1,3.966106403010389,14.4,0,RB,"https://static.www.nfl.com/image/upload/f_auto,q_auto/league/ka8wlhtteg8hsowsdofk",REG,0,0,0,0,0,0,0,,,0,,0,0,0,0,1,0,7,-2.7795420848415233,0,1,1,0,0,0,0,-9,68,4,2.2344548034016043,0,2,1,0,0,-4.222222222222222,0,0,0,0,0,0,0,0.0,0.0,0,0,0,0,0,0,0,0,0,0,0,0,0,0,0,0,0,0,0,0,1,0,0,1,0,0,0,0,0,0,0,0,0,,,0,0,0,0,0,0,0,0,0,0,0,0,,,,0,0,0,0,0,0,0,,0,0,0,0,,0,0,,0,0,0,0,0,0,0,0,0,0,,,,,,,,,,,,,,,,,,,,,,,,,,,,,,,,,,,,,,,,,,,,,,,,,,,,,,,,,,,,,,,,,,,,,,,,,,,,,,,,,,,,,,,,,,,,,,,,,,,,,,,,,,,,,,,,,,,,,,,,,,,,,,,,,,,,,,,,,,,,,,,,,,,,00-0033553,ConnJa00,3045147,James Conner,1995-05-05,73.0,233.0,Pittsburgh,2017.0,3.0,105.0,PIT,2017,10,3.0,0.0,0.0,0.0,0.0,2025.0,James Conner,ARI,30.0,RB,3.0,3.0,9.0,8.0,38.0,,4.0,-30.0,-3.8,68.0,8.5,-1.0,3.0,2.7,0.0,0.0,0.0,121.3,2026-02-11,2025.0,James Conner,ARI,30.0,RB,3.0,3.0,32.0,95.0,,7.0,39.0,1.2,56.0,1.8,3.0,10.7,2026-02-11,,,,,,,,,,,,,,,,,,,,,,,,,,,,,,,,,,,,,,,,,,,,,,,,,,,,,,,,,,,3,12.2,6.7,2,0,0
2025,Kendre Miller,K.Miller,00-0038551,NO,RB,RB,79.0,7,33.3,4.757142857142857,28.3,4.9999999999999964,5,5,30,0,0.008849557522123894,-0.0010444955086693127,0.012543189427117322,47,193,1,0,0,0,0,0,113.0,0.24285714285714285,0.2946902654867256,4.757142857142857,3.9135904839661593,12.5,0,RB,"https://static.www.nfl.com/image/upload/f_auto,q_auto/league/vclaomtslw55smksopku",REG,0,0,0,0,0,0,0,,,0,,0,0,0,0,0,0,9,-2.9269559620297514,0,5,3,0,0,0,0,-5,35,1,-0.3668858911842108,0,1,0,0,0,-6.0,0,0,0,0,0,0,0,0.0,0.0,0,0,0,0,0,0,0,0,0,0,0,0,0,0,0,0,0,0,0,0,0,0,0,0,0,0,0,16,393,0,0,0,0,,,0,0,0,0,0,0,0,0,0,0,0,0,,,,0,0,0,0,0,0,0,,0,0,0,0,,0,0,,0,0,0,0,0,0,0,0,0,0,,,,,,,,,,,,,,,,,,,,,,,,,,,,,,,,,,,,,,,,,,,,,,,,,,,,,,,,,,,,,,,,,,,,,,,,,,,,,,,,,,,,,,,,,,,,,,,,,,,,,,,,,,,,,,,,,,,,,,,,,,,,,,,,,,,,,,,,,,,,,,,,,,,,00-0038551,MillKe01,4599739,Kendre Miller,2002-06-11,72.0,220.0,TCU,2023.0,3.0,71.0,NO,2023,4,7.0,0.0,35.0,0.0,0.18571428571428572,2025.0,Kendre Miller,NO,23.0,RB,7.0,0.0,5.0,5.0,30.0,,1.0,-5.0,-1.0,35.0,7.0,-1.0,1.0,5.0,0.0,0.0,0.0,91.7,2026-02-11,2025.0,Kendre Miller,NO,23.0,RB,7.0,0.0,47.0,193.0,,9.0,72.0,1.5,121.0,2.6,7.0,6.7,2026-02-11,,,,,,,,,,,,,,,,,,,,,,,,,,,,,,,,,,,,,,,,,,,,,,,,,,,,,,,,,,,7,4.2,0.7000000000000001,1,0,0
2025,Chris Brooks,C.Brooks,00-0038685,GB,RB,RB,81.0,17,32.7,1.9235294117647062,19.700000000000003,13.0,13,17,91,0,0.03695652173913044,0.0014008872285780996,0.05641540366870032,27,106,0,0,0,0,0,0,203.0,0.20058823529411765,0.16108374384236454,1.9235294117647062,2.0151083754244787,6.1000000000000005,0,RB,"https://static.www.nfl.com/image/upload/f_auto,q_auto/league/ityat7ltppdxe9t0imjd",REG,0,0,0,0,0,0,0,,,0,,0,0,0,0,0,0,5,-4.859687008388734,0,3,1,0,0,0,0,6,106,3,-1.1175940929118982,0,4,2,0,0,15.166666666666666,0,4,0,10,0,0,0,0.0,0.0,0,0,0,0,0,0,0,0,0,0,0,0,0,0,0,0,0,0,1,10,0,0,0,0,0,0,0,0,0,0,0,0,0,,,0,0,0,0,0,0,0,0,0,0,0,0,,,,0,0,0,0,0,0,0,,0,0,0,0,,0,0,,0,0,0,0,0,0,0,0,0,0,C.Brooks,Chris Brooks,RB,RB,"https://static.www.nfl.com/image/upload/f_auto,q_auto/league/ityat7ltppdxe9t0imjd",2025.0,POST,GB,1.0,0.0,0.0,0.0,0.0,0.0,0.0,0.0,0.0,0.0,0.0,0.0,0.0,,,0.0,,0.0,0.0,0.0,0.0,1.0,16.0,0.0,0.0,0.0,1.0,0.699828983983025,0.0,1.0,1.0,0.0,0.0,1.0,1.0,11.0,0.0,0.0,0.0,4.0,7.0,0.0,-0.26471158768981695,0.0,1.0,0.0,0.0,0.0,2.75,0.02631578947368421,0.008528784648187633,0.045443833464257656,0.0,1.0,0.0,0.0,0.0,0.0,0.0,0.0,0.0,0.0,0.0,0.0,0.0,0.0,0.0,0.0,0.0,0.0,0.0,0.0,0.0,0.0,0.0,0.0,0.0,0.0,0.0,0.0,0.0,0.0,0.0,0.0,0.0,0.0,0.0,0.0,0.0,0.0,0.0,0.0,0.0,0.0,,,0.0,0.0,0.0,0.0,0.0,0.0,0.0,0.0,0.0,0.0,0.0,0.0,,,,0.0,0.0,0.0,0.0,0.0,0.0,0.0,,0.0,0.0,0.0,0.0,,0.0,0.0,,0.0,0.0,0.0,0.0,0.0,0.0,0.0,0.0,0.0,0.0,2.7,3.7,00-0038685,BrooCh00,3149687,Chris Brooks,2000-01-11,73.0,219.0,BYU; California,,,,,2023,4,17.0,0.0,230.0,0.0,0.5552941176470588,2025.0,Chris Brooks,GB,25.0,RB,17.0,0.0,17.0,13.0,91.0,,3.0,-15.0,-1.2,106.0,8.2,0.4,1.0,13.0,2.0,0.11800000000000001,0.0,88.1,2026-02-11,2025.0,Chris Brooks,GB,25.0,RB,17.0,0.0,27.0,106.0,,5.0,56.0,2.1,50.0,1.9,1.0,27.0,2026-02-11,,,,,,,,,,,,,,,,,,,,,,,,,,,,,,,,,,,,,,,,,,,,,,,,,,,,,,,,,,,17,1.3,0.0,0,0,0
2025,Jaleel McLaughlin,J.McLaughlin,00-0038794,DEN,RB,RB,82.0,8,31.400000000000002,3.9250000000000003,27.400000000000002,4.0,4,6,27,0,0.010273972602739725,-0.005124777183600713,0.011823614875589089,37,187,1,0,0,0,0,0,85.0,0.16,0.3694117647058824,3.925,2.833851493235714,8.4,0,RB,"https://static.www.nfl.com/image/upload/f_auto,q_auto/league/jlzkji7mfkcmkyz2tygj",REG,0,0,0,0,0,0,0,,,0,,0,0,0,0,0,0,8,1.6019127116305754,0,5,3,0,0,0,0,-23,39,2,-2.2231260588159785,0,1,1,0,0,-1.173913043478261,0,0,0,0,0,0,0,0.0,0.0,0,0,0,0,0,0,0,0,0,0,0,0,0,0,0,0,0,0,0,0,0,0,0,0,0,0,0,1,28,0,0,0,0,,,0,0,0,0,0,0,0,0,0,0,0,0,,,,0,0,0,0,0,0,0,,0,0,0,0,,0,0,,0,0,0,0,0,0,0,0,0,0,J.McLaughlin,Jaleel McLaughlin,RB,RB,"https://static.www.nfl.com/image/upload/f_auto,q_auto/league/jlzkji7mfkcmkyz2tygj",2025.0,POST,DEN,2.0,0.0,0.0,0.0,0.0,0.0,0.0,0.0,0.0,0.0,0.0,0.0,0.0,,,0.0,,0.0,0.0,0.0,0.0,8.0,32.0,0.0,0.0,0.0,1.0,-2.083194697101135,0.0,1.0,1.0,0.0,0.0,1.0,3.0,2.0,0.0,0.0,0.0,-6.0,7.0,0.0,-1.7547177489614114,0.0,0.0,0.0,0.0,0.0,-0.3333333333333333,0.043478260869565216,-0.012320328542094456,0.05659316132488171,0.0,0.0,0.0,0.0,0.0,0.0,0.0,0.0,0.0,0.0,0.0,0.0,0.0,0.0,0.0,0.0,0.0,0.0,0.0,0.0,0.0,0.0,0.0,0.0,0.0,0.0,0.0,0.0,0.0,0.0,0.0,0.0,0.0,0.0,0.0,0.0,3.0,59.0,0.0,0.0,0.0,0.0,,,0.0,0.0,0.0,0.0,0.0,0.0,0.0,0.0,0.0,0.0,0.0,0.0,,,,0.0,0.0,0.0,0.0,0.0,0.0,0.0,,0.0,0.0,0.0,0.0,,0.0,0.0,,0.0,0.0,0.0,0.0,0.0,0.0,0.0,0.0,0.0,0.0,3.4000000000000004,4.4,00-0038794,McLaJa00,4722893,Jaleel McLaughlin,2000-09-13,69.0,183.0,Youngstown State,,,,,2023,4,8.0,0.0,14.0,0.0,0.06375,2025.0,Jaleel McLaughlin,DEN,25.0,RB,8.0,1.0,6.0,4.0,27.0,,2.0,-12.0,-3.0,39.0,9.8,-3.8,1.0,4.0,1.0,0.16699999999999998,0.0,76.4,2026-02-11,2025.0,Jaleel McLaughlin,DEN,25.0,RB,8.0,1.0,37.0,187.0,,8.0,114.0,3.1,73.0,2.0,2.0,18.5,2026-02-11,,,,,,,,,,,,,,,,,,,,,,,,,,,,,,,,,,,,,,,,,,,,,,,,,,,,,,,,,,,8,4.0,0.0,0,0,0
2025,Jawhar Jordan,J.Jordan,00-0039405,HOU,RB,RB,83.0,4,29.700000000000003,7.425000000000001,22.700000000000003,7.0,7,7,34,0,0.012658227848101266,-0.0012591815320041973,0.01810591469974896,43,193,0,0,0,0,0,0,79.0,0.3,0.37594936708860766,7.425,6.505574532660433,13.8,0,RB,"https://static.www.nfl.com/image/upload/f_auto,q_auto/league/mdov6nge0ui6pc3kx0l2",REG,0,0,0,0,0,0,0,,,0,,0,0,0,0,0,0,8,-8.994834741220103,0,7,3,1,1,0,0,-6,40,2,0.3334045857191086,0,1,0,0,0,-5.666666666666667,0,0,0,0,0,0,0,0.0,0.0,0,0,0,0,0,0,0,0,0,0,0,0,0,0,0,0,0,0,0,0,0,0,0,0,0,0,0,0,0,0,0,0,0,,,0,0,0,0,0,0,0,0,0,0,0,0,,,,0,0,0,0,0,0,0,,0,0,0,0,,0,0,,0,0,0,0,0,0,0,0,0,0,,,,,,,,,,,,,,,,,,,,,,,,,,,,,,,,,,,,,,,,,,,,,,,,,,,,,,,,,,,,,,,,,,,,,,,,,,,,,,,,,,,,,,,,,,,,,,,,,,,,,,,,,,,,,,,,,,,,,,,,,,,,,,,,,,,,,,,,,,,,,,,,,,,,00-0039405,JordJa00,4429939,Jawhar Jordan,1999-08-18,70.0,186.0,Louisville; Syracuse,2024.0,6.0,205.0,HOU,2024,1,4.0,0.0,0.0,0.0,0.0,2025.0,Jawhar Jordan,HOU,26.0,RB,4.0,0.0,7.0,7.0,34.0,,2.0,-6.0,-0.9,40.0,5.7,-0.9,0.0,,0.0,0.0,0.0,86.9,2026-02-11,2025.0,Jawhar Jordan,HOU,26.0,RB,4.0,0.0,43.0,193.0,,8.0,103.0,2.4,90.0,2.1,8.0,5.4,2026-02-11,,,,,,,,,,,,,,,,,,,,,,,,,,,,,,,,,,,,,,,,,,,,,,,,,,,,,,,,,,,4,7.8,0.30000000000000004,2,0,0
2025,Raheem Mostert,R.Mostert,00-0031687,LV,RB,RB,84.0,12,29.400000000000002,2.45,17.400000000000002,12.0,12,12,70,0,0.024291497975708502,-0.004987531172069825,0.03294597514311387,22,104,0,0,0,0,0,0,137.0,0.19999999999999998,0.21459854014598542,2.45,2.297231535407941,8.3,0,RB,"https://static.www.nfl.com/image/upload/f_auto,q_auto/league/fas5rkweusx2hl7abtzh",REG,0,0,0,0,0,0,0,,,0,,0,0,0,0,0,0,5,-9.05524546572605,0,3,2,1,0,0,0,-16,86,6,1.4606742499163374,0,4,1,0,0,-4.375,0,0,0,0,0,0,0,0.0,0.0,0,0,0,0,0,0,0,0,0,0,0,0,0,0,0,0,0,0,0,0,0,0,0,0,0,0,0,23,673,0,0,0,0,,,0,0,0,0,0,0,0,0,0,0,0,0,,,,0,0,0,0,0,0,0,,0,0,0,0,,0,0,,0,0,0,0,0,0,0,0,0,0,,,,,,,,,,,,,,,,,,,,,,,,,,,,,,,,,,,,,,,,,,,,,,,,,,,,,,,,,,,,,,,,,,,,,,,,,,,,,,,,,,,,,,,,,,,,,,,,,,,,,,,,,,,,,,,,,,,,,,,,,,,,,,,,,,,,,,,,,,,,,,,,,,,,00-0031687,MostRa00,2576414,Raheem Mostert,1992-04-09,70.0,212.0,Purdue,,,,,2015,11,12.0,0.0,62.0,0.0,0.22416666666666665,2025.0,Raheem Mostert,LV,33.0,RB,12.0,0.0,12.0,12.0,70.0,,6.0,-16.0,-1.3,86.0,7.2,-1.3,0.0,,0.0,0.0,0.0,91.0,2026-02-11,2025.0,Raheem Mostert,LV,33.0,RB,12.0,0.0,22.0,104.0,,5.0,36.0,1.6,68.0,3.1,2.0,11.0,2026-02-11,,,,,,,,,,,,,,,,,,,,,,,,,,,,,,,,,,,,,,,,,,,,,,,,,,,,,,,,,,,12,2.05,-0.4,0,0,0
2025,Connor Heyward,Co.Heyward,00-0037304,PIT,RB,FB,85.0,14,27.4,1.957142857142857,24.4,3.0,3,4,21,1,0.007662835249042145,0.007926829268292683,0.017043033361368094,15,43,2,0,0,0,0,0,90.0,0.08647058823529412,0.3044444444444444,1.957142857142857,3.0442162780020654,8.2,0,RB,"https://static.www.nfl.com/image/upload/f_auto,q_auto/league/nbbhxtutzvbj0ejljyyp",REG,0,0,0,0,0,0,0,,,0,,0,0,0,0,0,0,11,8.556201196508482,0,1,1,1,0,0,0,26,5,1,1.4109547670232132,0,1,0,0,0,0.8076923076923077,0,3,0,6,0,0,0,0.0,0.0,0,0,0,0,0,0,0,0,0,0,0,0,0,0,0,0,0,0,1,15,0,0,0,0,0,0,0,0,0,0,0,0,0,,,0,0,0,0,0,0,0,0,0,0,0,0,,,,0,0,0,0,0,0,0,,0,0,0,0,,0,0,,0,0,0,0,0,0,0,0,0,0,,,,,,,,,,,,,,,,,,,,,,,,,,,,,,,,,,,,,,,,,,,,,,,,,,,,,,,,,,,,,,,,,,,,,,,,,,,,,,,,,,,,,,,,,,,,,,,,,,,,,,,,,,,,,,,,,,,,,,,,,,,,,,,,,,,,,,,,,,,,,,,,,,,,00-0037304,HeywCo00,4241961,Connor Heyward,1999-01-22,72.0,230.0,Michigan State,2022.0,6.0,208.0,PIT,2022,5,17.0,0.0,290.0,0.0,0.65,2025.0,Connor Heyward,PIT,26.0,TE,17.0,2.0,4.0,3.0,21.0,,1.0,16.0,5.3,5.0,1.7,6.5,0.0,,0.0,0.0,0.0,126.0,2026-02-11,2025.0,Connor Heyward,PIT,26.0,TE,17.0,2.0,15.0,43.0,,11.0,33.0,2.2,10.0,0.7,0.0,,2026-02-11,,,,,,,,,,,,,,,,,,,,,,,,,,,,,,,,,,,,,2025.0,Regular,Season Total,PIT,C. Heyward,,88.0,2.2,15.0,3.6,0.0,3.7,0.0,-0.1,89.2,0.0,Connor,Heyward,Connor Heyward,https://a.espncdn.com/i/headshots/nfl/players/full/4241961.png,Steelers,False,14,0.25,0.0,0,0,0
2025,Miles Sanders,M.Sanders,00-0035243,DAL,RB,RB,86.0,4,26.700000000000003,6.675000000000001,18.700000000000003,8.0,8,8,30,0,0.013179571663920923,-0.0027618859735648055,0.017836037314386023,20,117,1,0,0,0,0,0,65.0,0.215,0.41076923076923083,6.675000000000001,2.882562517390849,9.9,0,RB,"https://static.www.nfl.com/image/upload/f_auto,q_auto/league/niyjjkzmxjmesftgjs8y",REG,0,0,0,0,0,0,0,,,0,,0,0,0,0,1,1,5,-1.8873982272925787,0,1,1,1,1,0,0,-14,44,0,-1.5148692699835666,0,0,0,0,0,-2.142857142857143,0,0,0,0,0,0,0,0.0,0.0,0,0,0,0,0,0,0,0,0,0,0,0,0,0,0,0,0,0,0,0,1,0,0,1,1,0,0,3,68,0,0,0,0,,,0,0,0,0,0,0,0,0,0,0,0,0,,,,0,0,0,0,0,0,0,,0,0,0,0,,0,0,,0,0,0,0,0,0,0,0,0,0,,,,,,,,,,,,,,,,,,,,,,,,,,,,,,,,,,,,,,,,,,,,,,,,,,,,,,,,,,,,,,,,,,,,,,,,,,,,,,,,,,,,,,,,,,,,,,,,,,,,,,,,,,,,,,,,,,,,,,,,,,,,,,,,,,,,,,,,,,,,,,,,,,,,00-0035243,SandMi01,4045163,Miles Sanders,1997-05-01,71.0,211.0,Penn State,2019.0,2.0,53.0,PHI,2019,7,4.0,0.0,9.0,0.0,0.08249999999999999,2025.0,Miles Sanders,DAL,28.0,RB,4.0,0.0,8.0,8.0,30.0,,0.0,-14.0,-1.8,44.0,5.5,-1.8,0.0,,0.0,0.0,0.0,82.3,2026-02-11,2025.0,Miles Sanders,DAL,28.0,RB,4.0,0.0,20.0,117.0,,5.0,81.0,4.1,36.0,1.8,1.0,20.0,2026-02-11,,,,,,,,,,,,,,,,,,,,,,,,,,,,,,,,,,,,,,,,,,,,,,,,,,,,,,,,,,,4,6.4,4.0,0,0,0
2025,Jaret Patterson,J.Patterson,00-0036755,LAC,RB,RB,87.0,6,25.7,4.283333333333333,22.7,3.0,3,4,8,0,0.007352941176470588,-0.0002199736031676199,0.010875430242488547,41,159,1,0,0,0,0,0,116.0,0.28,0.22155172413793103,4.283333333333333,4.316209757028343,11.4,0,RB,"https://static.www.nfl.com/image/upload/f_auto,q_auto/league/thg0iebj03kg0nuykglu",REG,0,0,0,0,0,0,0,,,0,,0,0,0,0,0,0,7,-1.4585378609228223,0,2,2,1,0,0,0,-1,8,1,-1.6164309106534347,0,0,0,0,0,-8.0,0,0,0,0,0,0,0,0.0,0.0,0,0,0,0,0,0,0,0,0,0,0,0,0,0,0,0,0,0,0,0,0,0,0,0,0,0,0,3,79,0,0,0,0,,,0,0,0,0,0,0,0,0,0,0,0,0,,,,0,0,0,0,0,0,0,,0,0,0,0,,0,0,,0,0,0,0,0,0,0,0,0,0,J.Patterson,Jaret Patterson,RB,RB,"https://static.www.nfl.com/image/upload/f_auto,q_auto/league/thg0iebj03kg0nuykglu",2025.0,POST,LAC,1.0,0.0,0.0,0.0,0.0,0.0,0.0,0.0,0.0,0.0,0.0,0.0,0.0,,,0.0,,0.0,0.0,0.0,0.0,0.0,0.0,0.0,0.0,0.0,0.0,,0.0,0.0,0.0,0.0,0.0,0.0,0.0,0.0,0.0,0.0,0.0,0.0,0.0,0.0,,0.0,0.0,0.0,0.0,0.0,,0.0,0.0,0.0,0.0,0.0,0.0,0.0,0.0,0.0,0.0,0.0,0.0,0.0,0.0,0.0,0.0,0.0,0.0,0.0,0.0,0.0,0.0,0.0,0.0,0.0,0.0,0.0,0.0,0.0,0.0,0.0,0.0,0.0,0.0,0.0,0.0,0.0,0.0,0.0,1.0,28.0,0.0,0.0,0.0,0.0,,,0.0,0.0,0.0,0.0,0.0,0.0,0.0,0.0,0.0,0.0,0.0,0.0,,,,0.0,0.0,0.0,0.0,0.0,0.0,0.0,,0.0,0.0,0.0,0.0,,0.0,0.0,,0.0,0.0,0.0,0.0,0.0,0.0,0.0,0.0,0.0,0.0,0.0,0.0,00-0036755,PattJa01,4362452,Jaret Patterson,1999-12-23,68.0,195.0,Buffalo,,,,,2021,2,6.0,0.0,9.0,0.0,0.05333333333333334,2025.0,Jaret Patterson,LAC,26.0,RB,6.0,1.0,4.0,3.0,8.0,,1.0,0.0,0.0,8.0,2.7,-0.3,0.0,,0.0,0.0,0.0,77.1,2026-02-11,2025.0,Jaret Patterson,LAC,26.0,RB,6.0,1.0,41.0,159.0,,7.0,65.0,1.6,94.0,2.3,1.0,41.0,2026-02-11,,,,,,,,,,,,,,,,,,,,,,,,,,,,,,,,,,,,,,,,,,,,,,,,,,,,,,,,,,,6,3.7,0.1,1,0,0
2025,LeQuint Allen Jr.,L.Allen,00-0040238,JAX,RB,RB,88.0,16,24.8,1.55,14.8,10.0,10,11,54,0,0.02010968921389397,-0.0030737704918032786,0.028012894476578655,23,94,0,0,0,0,0,0,259.0,0.22588235294117645,0.09575289575289575,1.55,1.0526157893552615,3.6,0,RB,"https://static.www.nfl.com/image/upload/f_auto,q_auto/league/i0utigksuuvo2njb9wtk",REG,0,0,0,0,0,0,0,,,0,,0,0,0,0,0,0,5,-3.2343117187847383,0,2,1,0,0,0,0,-15,61,0,-3.860799541357677,0,1,0,0,0,-3.6,0,1,0,2,0,0,1,0.0,0.0,0,0,0,0,0,0,0,0,0,0,0,0,0,1,0,1,0,0,0,0,0,0,0,0,0,0,0,24,617,0,0,0,0,,,0,0,0,0,0,0,0,0,0,0,0,0,,,,0,0,0,0,0,0,0,,0,0,0,0,,0,0,,0,0,0,0,0,0,0,0,0,0,L.Allen,LeQuint Allen Jr.,RB,RB,"https://static.www.nfl.com/image/upload/f_auto,q_auto/league/i0utigksuuvo2njb9wtk",2025.0,POST,JAX,1.0,0.0,0.0,0.0,0.0,0.0,0.0,0.0,0.0,0.0,0.0,0.0,0.0,,,0.0,,0.0,0.0,0.0,0.0,1.0,3.0,0.0,0.0,0.0,0.0,-0.2955177646363154,0.0,0.0,0.0,0.0,0.0,1.0,1.0,9.0,0.0,0.0,0.0,-1.0,10.0,0.0,0.060563455132069066,0.0,0.0,0.0,0.0,0.0,-9.0,0.03333333333333333,-0.003424657534246575,0.0476027397260274,0.0,0.0,0.0,1.0,0.0,0.0,1.0,0.0,0.0,0.0,0.0,0.0,0.0,0.0,0.0,0.0,0.0,0.0,0.0,0.0,0.0,0.0,0.0,0.0,0.0,0.0,0.0,0.0,0.0,0.0,0.0,0.0,0.0,0.0,0.0,0.0,1.0,26.0,0.0,0.0,0.0,0.0,,,0.0,0.0,0.0,0.0,0.0,0.0,0.0,0.0,0.0,0.0,0.0,0.0,,,,0.0,0.0,0.0,0.0,0.0,0.0,0.0,,0.0,0.0,0.0,0.0,,0.0,0.0,,0.0,0.0,0.0,0.0,0.0,0.0,0.0,0.0,0.0,0.0,1.2000000000000002,2.2,00-0040238,AlleLe01,4911851,LeQuint Allen Jr.,2004-08-05,72.0,201.0,Syracuse,2025.0,7.0,236.0,JAX,2025,2,17.0,0.0,157.0,0.0,0.35000000000000003,2025.0,LeQuint Allen,JAX,21.0,RB,17.0,1.0,11.0,10.0,54.0,,0.0,-7.0,-0.7,61.0,6.1,-1.4,0.0,,0.0,0.0,0.0,87.1,2026-02-11,2025.0,LeQuint Allen,JAX,21.0,RB,17.0,1.0,23.0,94.0,,5.0,59.0,2.6,35.0,1.5,2.0,11.5,2026-02-11,,,,,,,,,,,,,,,,,,,,,,,,,,,,,,,,,,,,,,,,,,,,,,,,,,,,,,,,,,,16,1.6500000000000001,0.0,0,0,0
2025,Rasheen Ali,R.Ali,00-0039796,BAL,RB,RB,89.0,15,24.200000000000003,1.6133333333333335,15.200000000000001,9.000000000000002,9,11,68,1,0.02702702702702703,-0.0002922267679719462,0.04033598180296018,7,24,0,0,0,0,0,0,119.0,0.13,0.20336134453781515,1.6133333333333333,2.9198499635296007,11.2,0,RB,"https://static.www.nfl.com/image/upload/f_auto,q_auto/league/zwjrkzu3ia3cfrwgotqt",REG,0,0,0,0,0,0,0,,,0,,0,0,0,0,0,0,1,-3.7214465704164468,0,0,0,0,0,0,0,-1,83,2,-0.7799945393311436,0,2,1,1,0,-68.0,0,7,1,2,0,0,0,0.0,0.0,0,0,0,0,0,0,0,0,0,0,0,0,0,0,0,0,0,0,0,0,0,0,0,0,0,0,0,30,763,0,0,0,0,,,0,0,0,0,0,0,0,0,0,0,0,0,,,,0,0,0,0,0,0,0,,0,0,0,0,,0,0,,0,0,0,0,0,0,0,0,0,0,,,,,,,,,,,,,,,,,,,,,,,,,,,,,,,,,,,,,,,,,,,,,,,,,,,,,,,,,,,,,,,,,,,,,,,,,,,,,,,,,,,,,,,,,,,,,,,,,,,,,,,,,,,,,,,,,,,,,,,,,,,,,,,,,,,,,,,,,,,,,,,,,,,,00-0039796,AlixRa00,4690013,Rasheen Ali,2001-02-16,71.0,210.0,Marshall,2024.0,5.0,165.0,BAL,2024,3,15.0,0.0,220.0,0.0,0.5586666666666668,2025.0,Rasheen Ali,BAL,24.0,RB,15.0,0.0,11.0,9.0,68.0,,2.0,-15.0,-1.7,83.0,9.2,-0.1,1.0,9.0,1.0,0.091,1.0,84.8,2026-02-11,2025.0,Rasheen Ali,BAL,24.0,RB,15.0,0.0,7.0,24.0,,1.0,20.0,2.9,4.0,0.6,0.0,,2026-02-11,,,,,,,,,,,,,,,,,,,,,,,,,,,,,,,,,,,,,,,,,,,,,,,,,,,,,,,,,,,15,0.0,0.0,1,0,0
2025,Dare Ogunbowale,D.Ogunbowale,00-0033854,HOU,RB,RB,90.0,14,24.1,1.7214285714285715,14.100000000000001,10.0,10,13,76,0,0.023508137432188065,0.005036726128016789,0.03878791443789385,11,25,1,0,0,0,0,0,129.0,0.11176470588235295,0.1868217054263566,1.7214285714285715,2.240253615940897,6.5,0,RB,"https://static.www.nfl.com/image/upload/f_auto,q_auto/league/bsm0k0jkytuiej2riudv",REG,0,0,0,0,0,0,0,,,0,,0,0,0,0,0,0,1,-3.6617456544618063,0,0,0,0,0,1,1,24,56,3,-9.227100528764378,0,2,2,0,0,3.1666666666666665,0,8,0,8,0,0,0,0.0,0.0,0,0,0,0,0,0,0,0,0,0,0,0,0,0,0,1,6,0,0,0,1,0,0,1,1,0,0,0,0,0,0,0,0,,,0,0,0,0,0,0,0,0,0,0,0,0,,,,0,0,0,0,0,0,0,,0,0,0,0,,0,0,,0,0,0,0,0,0,0,0,0,0,,,,,,,,,,,,,,,,,,,,,,,,,,,,,,,,,,,,,,,,,,,,,,,,,,,,,,,,,,,,,,,,,,,,,,,,,,,,,,,,,,,,,,,,,,,,,,,,,,,,,,,,,,,,,,,,,,,,,,,,,,,,,,,,,,,,,,,,,,,,,,,,,,,,00-0033854,OgunDa00,2983509,Dare Ogunbowale,1994-05-04,71.0,205.0,Wisconsin,,,,,2017,8,17.0,0.0,281.0,0.0,0.6123529411764705,2025.0,Dare Ogunbowale,HOU,31.0,RB,17.0,0.0,13.0,10.0,76.0,,3.0,20.0,2.0,56.0,5.6,1.8,0.0,,1.0,0.077,0.0,90.5,2026-02-11,2025.0,Dare Ogunbowale,HOU,31.0,RB,17.0,0.0,11.0,25.0,,1.0,11.0,1.0,14.0,1.3,0.0,,2026-02-11,,,,,,,,,,,,,,,,,,,,,,,,,,,,,,,,,,,,,,,,,,,,,,,,,,,,,,,,,,,14,1.05,0.0,0,0,0
2025,Antonio Gibson,A.Gibson,00-0036328,NE,RB,RB,91.0,5,23.200000000000003,4.640000000000001,21.200000000000003,2.0,2,3,6,0,0.006224066390041493,-0.0013009540329575022,0.00842543176199199,25,106,1,0,0,0,0,0,52.0,0.16599999999999998,0.44615384615384623,4.640000000000001,4.409421730794187,9.8,0,RB,"https://static.www.nfl.com/image/upload/f_auto,q_auto/league/j7ixpkm7u4tdoqwzmbt4",REG,0,0,0,0,0,0,0,,,0,,0,0,0,0,1,1,6,-4.7015184177435,0,3,2,1,0,0,0,-6,16,0,-1.2350232505705208,0,0,0,0,0,-1.0,1,0,0,0,0,0,0,0.0,0.0,0,0,0,0,0,0,0,0,0,0,0,0,0,0,0,0,0,0,0,0,2,0,0,2,1,0,0,12,342,0,0,0,0,,,0,0,0,0,0,0,0,0,0,0,0,0,,,,0,0,0,0,0,0,0,,0,0,0,0,,0,0,,0,0,0,0,0,0,0,0,0,0,,,,,,,,,,,,,,,,,,,,,,,,,,,,,,,,,,,,,,,,,,,,,,,,,,,,,,,,,,,,,,,,,,,,,,,,,,,,,,,,,,,,,,,,,,,,,,,,,,,,,,,,,,,,,,,,,,,,,,,,,,,,,,,,,,,,,,,,,,,,,,,,,,,,00-0036328,GibsAn00,4360294,Antonio Gibson,1998-06-23,72.0,228.0,Memphis; East Central JC,2020.0,3.0,66.0,WAS,2020,6,5.0,0.0,23.0,0.0,0.196,2025.0,Antonio Gibson,NE,27.0,RB,5.0,0.0,3.0,2.0,6.0,,0.0,-10.0,-5.0,16.0,8.0,-2.0,0.0,,0.0,0.0,0.0,70.1,2026-02-11,2025.0,Antonio Gibson,NE,27.0,RB,5.0,0.0,25.0,106.0,,6.0,52.0,2.1,54.0,2.2,2.0,12.5,2026-02-11,,,,,,,,,,,,,,,,,,,,,,,,,,,,,,,,,,,,,,,,,,,,,,,,,,,,,,,,,,,5,3.6,0.30000000000000004,0,0,0
2025,Andrew Beck,A.Beck,00-0034959,NYJ,RB,FB,92.0,11,23.0,2.090909090909091,17.0,6.0,6,9,45,2,0.019067796610169493,0.011163337250293772,0.036416030990459876,1,5,0,0,0,0,0,0,110.0,0.10588235294117647,0.20909090909090908,2.090909090909091,2.6808411163120227,7.2,0,RB,"https://static.www.nfl.com/image/upload/f_auto,q_auto/league/zv8xb3nfxamq7sqa1xqt",REG,0,0,0,0,0,0,0,,,0,,0,0,0,0,0,0,1,1.3011814060155302,0,0,0,0,0,0,0,38,20,4,-0.22491847825585864,0,2,1,0,0,1.1842105263157894,0,4,0,4,0,0,0,0.0,0.0,0,0,0,0,0,0,0,0,0,0,0,0,0,0,0,0,0,0,0,0,0,0,0,0,0,0,0,0,0,0,0,0,0,,,0,0,0,0,0,0,0,0,0,0,0,0,,,,0,0,0,0,0,0,0,,0,0,0,0,,0,0,,0,0,0,0,0,0,0,0,0,0,,,,,,,,,,,,,,,,,,,,,,,,,,,,,,,,,,,,,,,,,,,,,,,,,,,,,,,,,,,,,,,,,,,,,,,,,,,,,,,,,,,,,,,,,,,,,,,,,,,,,,,,,,,,,,,,,,,,,,,,,,,,,,,,,,,,,,,,,,,,,,,,,,,,00-0034959,BeckAn01,3125107,Andrew Beck,1996-05-15,75.0,255.0,Texas,,,,,2019,7,17.0,0.0,319.0,0.0,0.6841176470588236,2025.0,Andrew Beck,NYJ,29.0,FB,17.0,2.0,9.0,6.0,45.0,,4.0,25.0,4.2,20.0,3.3,4.2,0.0,,1.0,0.111,0.0,118.1,2026-02-11,2025.0,Andrew Beck,NYJ,29.0,FB,17.0,2.0,1.0,5.0,,1.0,5.0,5.0,0.0,0.0,0.0,,2026-02-11,,,,,,,,,,,,,,,,,,,,,,,,,,,,,,,,,,,,,,,,,,,,,,,,,,,,,,,,,,,11,1.6,0.0,0,0,0
2025,George Holani,G.Holani,00-0039299,SEA,RB,RB,93.0,10,20.8,2.08,18.8,2.0,2,2,15,0,0.004395604395604396,-0.0002656042496679947,0.006407483618638997,22,73,1,0,0,0,0,0,36.0,0.05545454545454545,0.5777777777777778,2.08,3.2379005543716133,9.1,0,RB,"https://static.www.nfl.com/image/upload/f_auto,q_auto/league/pgwvv5qhcmnwf3tomy1a",REG,0,0,0,0,0,0,0,,,0,,0,0,0,0,1,1,5,-9.349929695804176,0,0,0,0,0,0,0,-1,16,1,-0.1405418971553445,0,1,0,0,0,-15.0,1,1,0,2,0,0,0,0.0,0.0,0,0,0,0,0,0,0,0,0,0,0,0,0,0,0,0,0,0,0,0,1,0,0,1,1,0,0,16,387,0,0,0,0,,,0,0,0,0,0,0,0,0,0,0,0,0,,,,0,0,0,0,0,0,0,,0,0,0,0,,0,0,,0,0,0,0,0,0,0,0,0,0,G.Holani,George Holani,RB,RB,"https://static.www.nfl.com/image/upload/f_auto,q_auto/league/pgwvv5qhcmnwf3tomy1a",2025.0,POST,SEA,2.0,0.0,0.0,0.0,0.0,0.0,0.0,0.0,0.0,0.0,0.0,0.0,0.0,,,0.0,,0.0,0.0,0.0,0.0,5.0,10.0,0.0,0.0,0.0,1.0,-1.5182863271911629,0.0,0.0,0.0,0.0,0.0,4.0,5.0,34.0,0.0,0.0,0.0,12.0,24.0,1.0,0.9720514694636222,0.0,1.0,0.0,0.0,0.0,2.8333333333333335,0.05813953488372093,0.014778325123152709,0.09755412991178829,0.0,0.0,0.0,0.0,0.0,0.0,0.0,0.0,0.0,0.0,0.0,0.0,0.0,0.0,0.0,0.0,0.0,0.0,0.0,0.0,0.0,0.0,0.0,0.0,0.0,0.0,0.0,0.0,0.0,0.0,0.0,0.0,0.0,0.0,0.0,0.0,0.0,0.0,0.0,0.0,0.0,0.0,,,0.0,0.0,0.0,0.0,0.0,0.0,0.0,0.0,0.0,0.0,0.0,0.0,,,,0.0,0.0,0.0,0.0,0.0,0.0,0.0,,0.0,0.0,0.0,0.0,,0.0,0.0,,0.0,0.0,0.0,0.0,0.0,0.0,0.0,0.0,0.0,0.0,4.4,8.4,00-0039299,HolaGe00,4429835,George Holani,1999-12-16,70.0,210.0,Boise State,,,,,2024,3,11.0,0.0,133.0,0.0,0.4509090909090909,2025.0,George Holani,SEA,26.0,RB,11.0,0.0,2.0,2.0,15.0,,1.0,-1.0,-0.5,16.0,8.0,-0.5,0.0,,0.0,0.0,0.0,97.9,2026-02-11,2025.0,George Holani,SEA,26.0,RB,11.0,0.0,22.0,73.0,,5.0,36.0,1.6,37.0,1.7,3.0,7.3,2026-02-11,,,,,,,,,,,,,,,,,,,,,,,,,,,,,,,,,,,,,,,,,,,,,,,,,,,,,,,,,,,10,0.30000000000000004,0.0,0,0,0
2025,Jaydon Blue,J.Blue,00-0040586,DAL,RB,RB,94.0,5,20.4,4.08,19.4,1.0,1,1,5,0,0.0016474464579901153,-0.0009863878477017164,0.0017806981935939718,38,129,1,0,0,0,0,0,78.0,0.256,0.2615384615384615,4.08,4.96960763038693,12.4,0,RB,"https://static.www.nfl.com/image/upload/f_auto,q_auto/league/lscygdlqczomp0l9oykv",REG,0,0,0,0,0,0,0,,,0,,0,0,0,0,1,0,7,-7.487635456374846,0,5,3,1,0,0,0,-5,10,0,-0.11936172936111689,0,0,0,0,0,-1.0,0,0,0,0,0,0,0,0.0,0.0,0,0,0,0,0,0,0,0,0,0,0,0,0,0,0,0,0,0,1,5,1,0,0,1,0,0,0,3,72,0,0,0,0,,,0,0,0,0,0,0,0,0,0,0,0,0,,,,0,0,0,0,0,0,0,,0,0,0,0,,0,0,,0,0,0,0,0,0,0,0,0,0,,,,,,,,,,,,,,,,,,,,,,,,,,,,,,,,,,,,,,,,,,,,,,,,,,,,,,,,,,,,,,,,,,,,,,,,,,,,,,,,,,,,,,,,,,,,,,,,,,,,,,,,,,,,,,,,,,,,,,,,,,,,,,,,,,,,,,,,,,,,,,,,,,,,00-0040586,BlueJa01,4685279,Jaydon Blue,2004-01-08,69.0,198.0,Texas,2025.0,5.0,149.0,DAL,2025,2,5.0,0.0,11.0,0.0,0.078,2025.0,Jaydon Blue,DAL,21.0,RB,5.0,0.0,1.0,1.0,5.0,,0.0,-5.0,-5.0,10.0,10.0,-5.0,0.0,,0.0,0.0,0.0,87.5,2026-02-11,2025.0,Jaydon Blue,DAL,21.0,RB,5.0,0.0,38.0,129.0,,7.0,85.0,2.2,44.0,1.2,2.0,19.0,2026-02-11,,,,,,,,,,,,,,,,,,,,,,,,,,,,,,,,,,,,,,,,,,,,,,,,,,,,,,,,,,,5,2.9000000000000004,0.0,1,0,0
2025,Raheim Sanders,R.Sanders,00-0040466,CLE,RB,RB,95.0,4,20.3,5.075,17.3,3.0,3,4,21,0,0.007662835249042145,0.0036988110964332895,0.01408342064106652,27,92,1,0,0,0,0,0,59.0,0.2575,0.3440677966101695,5.075,1.0531698185319718,6.3,0,RB,"https://static.www.nfl.com/image/upload/f_auto,q_auto/league/bopoof9uczgpvpggeahp",REG,0,0,0,0,0,0,0,,,0,,0,0,0,0,0,0,7,0.9008489890256897,0,1,1,0,0,0,0,14,14,0,1.1902074597310275,0,1,0,0,0,1.5,0,0,0,0,0,0,0,0.0,0.0,0,0,0,0,0,0,0,0,0,0,0,0,0,0,0,0,0,0,0,0,0,0,0,0,0,0,0,0,0,0,0,0,0,,,0,0,0,0,0,0,0,0,0,0,0,0,,,,0,0,0,0,0,0,0,,0,0,0,0,,0,0,,0,0,0,0,0,0,0,0,0,0,,,,,,,,,,,,,,,,,,,,,,,,,,,,,,,,,,,,,,,,,,,,,,,,,,,,,,,,,,,,,,,,,,,,,,,,,,,,,,,,,,,,,,,,,,,,,,,,,,,,,,,,,,,,,,,,,,,,,,,,,,,,,,,,,,,,,,,,,,,,,,,,,,,,00-0040466,SandRa00,4601080,Raheim Sanders,2002-06-08,72.0,230.0,South Carolina; Arkansas,,,,,2025,2,4.0,0.0,0.0,0.0,0.0,2025.0,Raheim Sanders,CLE,23.0,RB,4.0,1.0,4.0,3.0,21.0,,0.0,7.0,2.3,14.0,4.7,3.5,1.0,3.0,0.0,0.0,0.0,86.5,2026-02-11,2025.0,Raheim Sanders,CLE,23.0,RB,4.0,1.0,27.0,92.0,,7.0,32.0,1.2,60.0,2.2,0.0,,2026-02-11,,,,,,,,,,,,,,,,,,,,,,,,,,,,,,,,,,,,,,,,,,,,,,,,,,,,,,,,,,,4,4.950000000000001,4.1,0,0,0
2025,Will Shipley,W.Shipley,00-0039746,PHI,RB,RB,96.0,14,19.5,1.3928571428571428,10.5,9.0,9,12,56,0,0.02586206896551724,-0.002230649118893598,0.037231649065050346,14,49,0,0,0,0,0,0,116.0,0.12466666666666668,0.16810344827586207,1.3928571428571428,1.5779559737030227,5.4,0,RB,"https://static.www.nfl.com/image/upload/f_auto,q_auto/league/pvpaepncsdfgzdubkuhg",REG,0,0,0,0,0,0,0,,,0,,0,0,0,0,0,0,4,-3.599493837186059,0,1,1,1,0,0,0,-10,63,2,-5.08711248653708,0,3,0,0,0,-5.6,0,7,0,2,0,0,1,0.0,0.0,0,0,0,0,0,0,0,0,0,0,0,0,0,0,0,0,0,0,0,0,1,0,0,1,1,0,0,29,777,0,0,0,0,,,0,0,0,0,0,0,0,0,0,0,0,0,,,,0,0,0,0,0,0,0,,0,0,0,0,,0,0,,0,0,0,0,0,0,0,0,0,0,W.Shipley,Will Shipley,RB,RB,"https://static.www.nfl.com/image/upload/f_auto,q_auto/league/pvpaepncsdfgzdubkuhg",2025.0,POST,PHI,1.0,0.0,0.0,0.0,0.0,0.0,0.0,0.0,0.0,0.0,0.0,0.0,0.0,,,0.0,,0.0,0.0,0.0,0.0,0.0,0.0,0.0,0.0,0.0,0.0,,0.0,0.0,0.0,0.0,0.0,1.0,1.0,6.0,0.0,0.0,0.0,6.0,0.0,0.0,-0.7764896213583943,0.0,0.0,0.0,0.0,0.0,1.0,0.029411764705882353,0.019169329073482427,0.05753617741026122,0.0,1.0,0.0,1.0,0.0,0.0,0.0,0.0,0.0,0.0,0.0,0.0,0.0,0.0,0.0,0.0,0.0,0.0,0.0,0.0,0.0,0.0,0.0,0.0,0.0,0.0,0.0,0.0,0.0,0.0,0.0,0.0,0.0,0.0,0.0,0.0,0.0,0.0,0.0,0.0,0.0,0.0,,,0.0,0.0,0.0,0.0,0.0,0.0,0.0,0.0,0.0,0.0,0.0,0.0,,,,0.0,0.0,0.0,0.0,0.0,0.0,0.0,,0.0,0.0,0.0,0.0,,0.0,0.0,,0.0,0.0,0.0,0.0,0.0,0.0,0.0,0.0,0.0,0.0,0.6000000000000001,1.6,00-0039746,ShipWi00,4431545,Will Shipley,2002-08-29,71.0,210.0,Clemson,2024.0,4.0,127.0,PHI,2024,3,15.0,0.0,245.0,0.0,0.6326666666666667,2025.0,Will Shipley,PHI,23.0,RB,15.0,0.0,12.0,9.0,56.0,,2.0,-7.0,-0.8,63.0,7.0,-0.8,0.0,,1.0,0.083,0.0,84.0,2026-02-11,2025.0,Will Shipley,PHI,23.0,RB,15.0,0.0,14.0,49.0,,4.0,28.0,2.0,21.0,1.5,0.0,,2026-02-11,,,,,,,,,,,,,,,,,,,,,,,,,,,,,,,,,,,,,,,,,,,,,,,,,,,,,,,,,,,14,1.3,0.0,0,0,0
2025,Trayveon Williams,T.Williams,00-0035291,CLE,RB,RB,97.0,6,17.1,2.85,9.1,8.000000000000002,8,9,55,0,0.016544117647058824,-0.007479102507699076,0.019580804715198886,10,36,0,0,0,0,0,0,80.0,0.20714285714285713,0.21375000000000002,2.85,3.452969736328426,9.5,0,RB,"https://static.www.nfl.com/image/upload/f_auto,q_auto/league/zwei0idpruplnhlmpfkr",REG,0,0,0,0,0,0,0,,,0,,0,0,0,0,0,0,3,1.5745609656732995,0,1,0,0,0,0,0,-34,83,2,-3.2355722563525577,0,3,2,1,0,-1.6176470588235294,0,0,0,0,0,0,0,0.0,0.0,0,0,0,0,0,0,0,0,0,0,0,0,0,0,0,0,0,0,0,0,0,0,0,0,0,0,0,9,212,0,0,0,0,,,0,0,0,0,0,0,0,0,0,0,0,0,,,,0,0,0,0,0,0,0,,0,0,0,0,,0,0,,0,0,0,0,0,0,0,0,0,0,,,,,,,,,,,,,,,,,,,,,,,,,,,,,,,,,,,,,,,,,,,,,,,,,,,,,,,,,,,,,,,,,,,,,,,,,,,,,,,,,,,,,,,,,,,,,,,,,,,,,,,,,,,,,,,,,,,,,,,,,,,,,,,,,,,,,,,,,,,,,,,,,,,,00-0035291,WillTr06,4035222,Trayveon Williams,1997-10-18,68.0,206.0,Texas A&M,2019.0,6.0,182.0,CIN,2019,7,7.0,0.0,93.0,0.0,0.5642857142857143,2025.0,Trayveon Williams,2TM,28.0,RB,7.0,0.0,9.0,8.0,55.0,,2.0,-28.0,-3.5,83.0,10.4,-3.8,0.0,,0.0,0.0,0.0,92.1,2026-02-11,2025.0,Trayveon Williams,2TM,28.0,RB,7.0,0.0,10.0,36.0,,3.0,21.0,2.1,15.0,1.5,0.0,,2026-02-11,,,,,,,,,,,,,,,,,,,,,,,,,,,,,,,,,,,,,,,,,,,,,,,,,,,,,,,,,,,6,1.85,0.0,0,0,0
2025,Adam Prentice,A.Prentice,00-0036727,DEN,RB,FB,98.0,13,15.700000000000001,1.2076923076923078,9.700000000000001,6.0,6,8,53,0,0.0136986301369863,0.002005347593582888,0.021951688520987472,10,44,0,0,0,0,0,0,211.0,0.18588235294117647,0.07440758293838863,1.2076923076923078,1.552665202408179,5.300000000000001,0,RB,"https://static.www.nfl.com/image/upload/f_auto,q_auto/league/xuvyqidnso9ga1dfefoy",REG,0,0,0,0,0,0,0,,,0,,0,0,0,0,0,0,7,-0.5912716840975918,0,1,1,0,0,0,0,9,43,3,1.7344127474352717,0,3,0,0,0,5.888888888888889,0,3,0,8,0,0,0,0.0,0.0,0,0,0,0,0,0,0,0,0,0,0,0,0,0,0,0,0,0,0,0,0,0,0,0,0,0,0,0,0,0,0,0,0,,,0,0,0,0,0,0,0,0,0,0,0,0,,,,0,0,0,0,0,0,0,,0,0,0,0,,0,0,,0,0,0,0,0,0,0,0,0,0,A.Prentice,Adam Prentice,FB,RB,"https://static.www.nfl.com/image/upload/f_auto,q_auto/league/xuvyqidnso9ga1dfefoy",2025.0,POST,DEN,2.0,0.0,0.0,0.0,0.0,0.0,0.0,0.0,0.0,0.0,0.0,0.0,0.0,,,0.0,,0.0,0.0,0.0,0.0,1.0,3.0,0.0,0.0,0.0,1.0,0.09329922636970878,0.0,0.0,0.0,0.0,0.0,0.0,1.0,0.0,0.0,0.0,0.0,1.0,0.0,0.0,-0.8350184257142246,0.0,0.0,0.0,0.0,0.0,0.0,0.014492753623188406,0.002053388090349076,0.02317650209802696,0.0,0.0,0.0,0.0,0.0,0.0,0.0,0.0,0.0,0.0,0.0,0.0,0.0,0.0,0.0,0.0,0.0,0.0,0.0,0.0,0.0,0.0,0.0,0.0,0.0,0.0,0.0,0.0,0.0,0.0,0.0,0.0,0.0,0.0,0.0,0.0,0.0,0.0,0.0,0.0,0.0,0.0,,,0.0,0.0,0.0,0.0,0.0,0.0,0.0,0.0,0.0,0.0,0.0,0.0,,,,0.0,0.0,0.0,0.0,0.0,0.0,0.0,,0.0,0.0,0.0,0.0,,0.0,0.0,,0.0,0.0,0.0,0.0,0.0,0.0,0.0,0.0,0.0,0.0,0.30000000000000004,0.30000000000000004,00-0036727,PrenAd00,3929914,Adam Prentice,1997-01-16,72.0,245.0,South Carolina,,,,,2021,6,17.0,0.0,213.0,0.0,0.45529411764705885,2025.0,Adam Prentice,DEN,28.0,FB,17.0,3.0,8.0,6.0,53.0,,3.0,10.0,1.7,43.0,7.2,1.1,0.0,,1.0,0.125,0.0,92.2,2026-02-11,2025.0,Adam Prentice,DEN,28.0,FB,17.0,3.0,10.0,44.0,,7.0,30.0,3.0,14.0,1.4,0.0,,2026-02-11,,,,,,,,,,,,,,,,,,,,,,,,,,,,,,,,,,,,,,,,,,,,,,,,,,,,,,,,,,,13,0.4,-0.1,0,0,0
2025,C.J. Ham,C.Ham,00-0032918,MIN,RB,FB,99.0,8,15.6,1.95,13.6,2.0,2,2,11,0,0.004273504273504274,0.0005323396326856535,0.006782894153136368,3,5,2,0,0,0,0,0,184.0,0.2872727272727273,0.08478260869565217,1.95,3.126385407189221,7.7,0,RB,"https://static.www.nfl.com/image/upload/f_auto,q_auto/league/evssvutwjy6szq7dpelm",REG,0,0,0,0,0,0,0,,,0,,0,0,0,0,0,0,2,1.7957100697385613,0,0,0,0,0,0,0,2,9,1,0.7486853274749592,0,0,0,0,0,5.5,0,4,0,5,0,0,0,0.0,0.0,0,0,0,0,0,0,0,0,0,0,0,0,0,0,0,0,0,0,0,0,0,0,0,0,0,0,0,0,0,0,0,0,0,,,0,0,0,0,0,0,0,0,0,0,0,0,,,,0,0,0,0,0,0,0,,0,0,0,0,,0,0,,0,0,0,0,0,0,0,0,0,0,,,,,,,,,,,,,,,,,,,,,,,,,,,,,,,,,,,,,,,,,,,,,,,,,,,,,,,,,,,,,,,,,,,,,,,,,,,,,,,,,,,,,,,,,,,,,,,,,,,,,,,,,,,,,,,,,,,,,,,,,,,,,,,,,,,,,,,,,,,,,,,,,,,,00-0032918,HamxC.00,4012556,C.J. Ham,1993-07-22,71.0,250.0,Augustana (SD),,,,,2016,9,11.0,0.0,182.0,0.0,0.6618181818181819,2025.0,CJ Ham,MIN,32.0,FB,11.0,1.0,2.0,2.0,11.0,,1.0,2.0,1.0,9.0,4.5,1.0,0.0,,0.0,0.0,0.0,89.6,2026-02-11,2025.0,CJ Ham,MIN,32.0,FB,11.0,1.0,3.0,5.0,,2.0,3.0,1.0,2.0,0.7,0.0,,2026-02-11,,,,,,,,,,,,,,,,,,,,,,,,,,,,,,,,,,,,,,,,,,,,,,,,,,,,,,,,,,,8,0.15000000000000002,0.0,0,0,0
2025,Braelon Allen,B.Allen,00-0039794,NYJ,RB,RB,100.0,4,15.3,3.825,13.3,2.0,2,3,17,0,0.006355932203389831,0.0023501762632197414,0.011179021689338566,18,76,1,0,0,0,0,0,58.0,0.2325,0.2637931034482759,3.825,3.442261853297431,6.9,0,RB,"https://static.www.nfl.com/image/upload/f_auto,q_auto/league/fmpzgmfjmcbrv1gmqbdn",REG,0,0,0,0,0,0,0,,,0,,0,0,0,0,1,1,4,-8.699593214565422,0,1,1,0,0,0,0,8,9,1,-0.21452642627991736,0,1,0,0,0,2.125,0,0,0,0,0,0,0,0.0,0.0,0,0,0,0,0,0,0,0,0,0,0,0,0,0,0,0,0,0,0,0,1,0,0,1,1,0,0,4,100,0,0,0,0,,,0,0,0,0,0,0,0,0,0,0,0,0,,,,0,0,0,0,0,0,0,,0,0,0,0,,0,0,,0,0,0,0,0,0,0,0,0,0,,,,,,,,,,,,,,,,,,,,,,,,,,,,,,,,,,,,,,,,,,,,,,,,,,,,,,,,,,,,,,,,,,,,,,,,,,,,,,,,,,,,,,,,,,,,,,,,,,,,,,,,,,,,,,,,,,,,,,,,,,,,,,,,,,,,,,,,,,,,,,,,,,,,00-0039794,AlleBr05,4685247,Braelon Allen,2004-01-20,73.0,235.0,Wisconsin,2024.0,4.0,134.0,NYJ,2024,3,4.0,0.0,8.0,0.0,0.065,2025.0,Braelon Allen,NYJ,21.0,RB,4.0,0.0,3.0,2.0,17.0,,1.0,8.0,4.0,9.0,4.5,2.7,1.0,2.0,1.0,0.33299999999999996,0.0,81.2,2026-02-11,2025.0,Braelon Allen,NYJ,21.0,RB,4.0,0.0,18.0,76.0,,4.0,43.0,2.4,33.0,1.8,0.0,,2026-02-11,,,,,,,,,,,,,,,,,,,,,,,,,,,,,,,,,,,,,,,,,,,,,,,,,,,,,,,,,,,4,3.9000000000000004,0.6000000000000001,0,0,0
2025,Puka Nacua,P.Nacua,00-0039075,LA,WR,WR,1.0,16,375.0,23.4375,246.0,129.0,129,166,1715,10,0.2857142857142857,0.2832850940665702,0.6268709944180277,10,105,1,0,0,0,0,0,727.0,0.6825,0.515818431911967,23.4375,10.20881155342449,46.5,10,WR,"https://static.www.nfl.com/image/upload/f_auto,q_auto/league/ipy6qw7hdygdfc8k86ba",REG,0,0,0,0,0,0,0,,,0,,0,0,0,0,0,0,5,9.33105270966189,0,4,3,1,1,1,1,1566,666,80,115.70040865301243,0,70,35,27,3,1.09514687100894,0,0,0,0,0,0,0,0.0,0.0,0,0,0,0,0,0,0,0,0,0,0,0,0,0,0,0,0,0,1,15,1,0,0,1,1,0,0,0,0,0,0,0,0,,,0,0,0,0,0,0,0,0,0,0,0,0,,,,0,0,0,0,0,0,0,,0,0,0,0,,0,0,,0,0,0,0,0,0,0,0,0,0,P.Nacua,Puka Nacua,WR,WR,"https://static.www.nfl.com/image/upload/f_auto,q_auto/league/ipy6qw7hdygdfc8k86ba",2025.0,POST,LA,3.0,0.0,0.0,0.0,0.0,0.0,0.0,0.0,0.0,0.0,0.0,0.0,0.0,,,0.0,,0.0,0.0,0.0,0.0,6.0,24.0,1.0,0.0,0.0,2.0,3.413982555270195,0.0,0.0,0.0,0.0,0.0,24.0,42.0,332.0,2.0,0.0,0.0,535.0,94.0,17.0,13.994019052245545,0.0,14.0,9.0,5.0,1.0,0.6205607476635514,0.3620689655172414,0.39688427299703266,0.820922439373785,0.0,0.0,0.0,0.0,0.0,0.0,0.0,0.0,0.0,0.0,0.0,0.0,0.0,0.0,0.0,0.0,0.0,0.0,0.0,0.0,0.0,0.0,0.0,0.0,0.0,0.0,0.0,0.0,0.0,0.0,0.0,0.0,0.0,0.0,0.0,0.0,0.0,0.0,0.0,0.0,0.0,0.0,,,0.0,0.0,0.0,0.0,0.0,0.0,0.0,0.0,0.0,0.0,0.0,0.0,,,,0.0,0.0,0.0,0.0,0.0,0.0,0.0,,0.0,0.0,0.0,0.0,,0.0,0.0,,0.0,0.0,0.0,0.0,0.0,0.0,0.0,0.0,0.0,0.0,53.6,77.6,00-0039075,NacuPu00,4426515,Puka Nacua,2001-05-29,74.0,216.0,BYU; Washington,2023.0,5.0,177.0,LA,2023,4,16.0,0.0,2.0,0.0,0.004375,2025.0,Puka Nacua,LA,24.0,WR,16.0,15.0,166.0,129.0,1715.0,,80.0,1049.0,8.1,666.0,5.2,9.3,11.0,11.7,4.0,0.024,1.0,127.3,2026-02-11,2025.0,Puka Nacua,LA,24.0,WR,16.0,15.0,10.0,105.0,,5.0,34.0,3.4,71.0,7.1,1.0,10.0,2026-02-11,,,,,,,,,,,,,,,,,,,,,,,,,,,,,,,,,,,,,,,,,,,,,,,,,,,,,,,,,,,16,22.950000000000003,4.800000000000001,15,13,6
2025,Jaxon Smith-Njigba,J.Smith-Njigba,00-0038543,SEA,WR,WR,2.0,17,359.9,21.170588235294115,240.9,118.99999999999997,119,163,1793,10,0.35824175824175825,0.48685258964143424,0.8781594501116413,7,36,0,0,0,0,0,0,829.0,0.7741176470588236,0.4341375150784077,21.17058823529412,7.481206846649338,37.1,10,WR,"https://static.www.nfl.com/image/upload/f_auto,q_auto/league/yx1xjrupbqdknnjaq4a6",REG,0,0,0,0,0,0,0,,,0,,0,0,0,0,0,0,2,0.04665786447003484,0,3,0,0,0,3,1,1833,528,79,90.67234604483376,0,76,42,27,8,0.9781778505182761,0,3,0,0,0,0,0,0.0,0.0,0,0,0,0,0,0,0,0,0,0,0,0,0,0,0,0,0,0,3,40,2,1,2,3,1,0,0,0,0,0,0,0,0,,,0,0,0,0,0,0,0,0,0,0,0,0,,,,0,0,0,0,0,0,0,,0,0,0,0,,0,0,,0,0,0,0,0,0,0,0,0,0,J.Smith-Njigba,Jaxon Smith-Njigba,WR,WR,"https://static.www.nfl.com/image/upload/f_auto,q_auto/league/yx1xjrupbqdknnjaq4a6",2025.0,POST,SEA,3.0,0.0,0.0,0.0,0.0,0.0,0.0,0.0,0.0,0.0,0.0,0.0,0.0,,,0.0,,0.0,0.0,0.0,0.0,0.0,0.0,0.0,0.0,0.0,0.0,,0.0,0.0,0.0,0.0,0.0,17.0,26.0,199.0,2.0,0.0,0.0,262.0,68.0,11.0,6.026577955192529,0.0,10.0,4.0,1.0,1.0,0.7595419847328244,0.3023255813953488,0.3226600985221675,0.6793504410585405,0.0,0.0,0.0,0.0,0.0,0.0,0.0,0.0,0.0,0.0,0.0,0.0,0.0,0.0,0.0,0.0,0.0,0.0,0.0,0.0,0.0,0.0,0.0,0.0,0.0,0.0,0.0,0.0,0.0,0.0,0.0,0.0,0.0,0.0,0.0,0.0,0.0,0.0,0.0,0.0,0.0,0.0,,,0.0,0.0,0.0,0.0,0.0,0.0,0.0,0.0,0.0,0.0,0.0,0.0,,,,0.0,0.0,0.0,0.0,0.0,0.0,0.0,,0.0,0.0,0.0,0.0,,0.0,0.0,,0.0,0.0,0.0,0.0,0.0,0.0,0.0,0.0,0.0,0.0,31.900000000000002,48.900000000000006,00-0038543,SmitJa06,4430878,Jaxon Smith-Njigba,2002-02-14,72.0,197.0,Ohio State,2023.0,1.0,20.0,SEA,2023,4,17.0,0.0,2.0,0.0,0.004705882352941177,2025.0,Jaxon Smith-Njigba,SEA,23.0,WR,17.0,17.0,163.0,119.0,1793.0,,79.0,1265.0,10.6,528.0,4.4,11.2,3.0,39.7,5.0,0.031,5.0,116.4,2026-02-11,2025.0,Jaxon Smith-Njigba,SEA,23.0,WR,17.0,17.0,7.0,36.0,,2.0,16.0,2.3,20.0,2.9,1.0,7.0,2026-02-11,,,,,,,,,,,,,,,,,,,,,,,,,,,,,,,,,,,,,,,,,,,,,,,,,,,,,,,,,,,17,20.6,4.300000000000001,16,14,5
2025,Amon-Ra St. Brown,A.St. Brown,00-0036963,DET,WR,WR,3.0,17,324.0,19.058823529411764,207.0,117.0,117,172,1401,11,0.31272727272727274,0.372454448017149,0.7298090227029135,3,9,0,0,0,0,0,0,939.0,0.8523529411764706,0.3450479233226837,19.058823529411764,10.92920736052765,41.400000000000006,7,WR,"https://static.www.nfl.com/image/upload/f_auto,q_auto/league/fd8nwhm6pvxfyzphzl6i",REG,0,0,0,0,0,0,0,,,0,,0,0,0,0,0,0,1,0.5569902447750792,0,0,0,0,0,1,0,1390,570,71,55.614716241154795,0,56,34,19,1,1.007913669064748,0,4,0,1,0,0,0,0.0,0.0,0,0,0,0,0,0,0,0,0,0,0,0,0,0,0,0,0,0,1,0,1,0,1,1,0,0,0,0,0,0,0,0,0,,,0,0,0,0,0,0,0,0,0,0,0,0,,,,0,0,0,0,0,0,0,,0,0,0,0,,0,0,,0,0,0,0,0,0,0,0,0,0,,,,,,,,,,,,,,,,,,,,,,,,,,,,,,,,,,,,,,,,,,,,,,,,,,,,,,,,,,,,,,,,,,,,,,,,,,,,,,,,,,,,,,,,,,,,,,,,,,,,,,,,,,,,,,,,,,,,,,,,,,,,,,,,,,,,,,,,,,,,,,,,,,,,00-0036963,StxxAm00,4374302,Amon-Ra St. Brown,1999-10-24,72.0,202.0,USC,2021.0,4.0,112.0,DET,2021,6,17.0,0.0,5.0,0.0,0.01,2025.0,Amon-Ra St Brown,DET,26.0,WR,17.0,17.0,172.0,117.0,1401.0,,71.0,831.0,7.1,570.0,4.9,7.9,4.0,29.3,10.0,0.057999999999999996,5.0,101.9,2026-02-11,2025.0,Amon-Ra St Brown,DET,26.0,WR,17.0,17.0,3.0,9.0,,1.0,3.0,1.0,6.0,2.0,0.0,,2026-02-11,,,,,,,,,,,,,,,,,,,,,,,,,,,,,,,,,,,,,,,,,,,,,,,,,,,,,,,,,,,17,18.0,0.0,13,11,4
2025,Ja'Marr Chase,J.Chase,00-0036900,CIN,WR,WR,4.0,16,313.6,19.6,188.6,125.00000000000003,125,185,1412,8,0.3042763157894737,0.33354578287656683,0.6898965216978072,3,14,0,0,0,0,0,0,987.0,0.94375,0.3177304964539007,19.6,10.26268320989529,38.1,8,WR,"https://static.www.nfl.com/image/upload/f_auto,q_auto/league/qya3dtjb5kgofcuj2tuw",REG,0,0,0,0,0,0,0,,,0,,0,0,0,0,0,0,0,0.12286387523636222,0,0,0,0,0,1,1,1570,640,73,41.379473743756826,0,63,26,15,2,0.8993630573248408,0,5,0,0,0,0,0,0.0,0.0,0,0,0,0,0,0,0,0,0,0,0,0,0,0,0,0,0,0,0,0,1,0,0,1,1,0,0,0,0,0,0,0,0,,,0,0,0,0,0,0,0,0,0,0,0,0,,,,0,0,0,0,0,0,0,,0,0,0,0,,0,0,,0,0,0,0,0,0,0,0,0,0,,,,,,,,,,,,,,,,,,,,,,,,,,,,,,,,,,,,,,,,,,,,,,,,,,,,,,,,,,,,,,,,,,,,,,,,,,,,,,,,,,,,,,,,,,,,,,,,,,,,,,,,,,,,,,,,,,,,,,,,,,,,,,,,,,,,,,,,,,,,,,,,,,,,00-0036900,ChasJa00,4362628,Ja'Marr Chase,2000-03-01,72.0,205.0,LSU,2021.0,1.0,5.0,CIN,2021,6,16.0,0.0,1.0,0.0,0.001875,2025.0,JaMarr Chase,CIN,25.0,WR,16.0,16.0,185.0,125.0,1412.0,,73.0,772.0,6.2,640.0,5.1,8.5,6.0,20.8,4.0,0.022000000000000002,5.0,93.3,2026-02-11,2025.0,JaMarr Chase,CIN,25.0,WR,16.0,16.0,3.0,14.0,,0.0,10.0,3.3,4.0,1.3,0.0,,2026-02-11,,,,,,,,,,,,,,,,,,,,,,,,,,,,,,,,,,,,,,,,,,,,,,,,,,,,,,,,,,,16,20.5,4.6,12,11,5
2025,George Pickens,G.Pickens,00-0037247,DAL,WR,WR,5.0,17,291.9,17.170588235294115,198.9,92.99999999999997,93,137,1429,9,0.2257001647446458,0.305188400078911,0.5521821271722064,0,0,0,0,0,0,0,0,968.0,0.8111764705882354,0.3015495867768595,17.170588235294115,9.650632408415158,33.4,5,WR,"https://static.www.nfl.com/image/upload/f_auto,q_auto/league/cbpyykoguf7rsxezqzvk",REG,0,0,0,0,0,0,0,,,0,,0,0,0,0,0,0,0,,0,0,0,0,0,4,0,1547,479,73,88.7427112801041,1,62,34,22,4,0.9237233354880414,0,2,0,0,0,0,0,0.0,0.0,0,0,0,0,0,0,0,0,0,0,0,0,0,1,0,0,0,0,7,90,4,0,0,4,0,0,0,0,0,0,0,0,0,,,0,0,0,0,0,0,0,0,0,0,0,0,,,,0,0,0,0,0,0,0,,0,0,0,0,,0,0,,0,0,0,0,0,0,0,0,0,0,,,,,,,,,,,,,,,,,,,,,,,,,,,,,,,,,,,,,,,,,,,,,,,,,,,,,,,,,,,,,,,,,,,,,,,,,,,,,,,,,,,,,,,,,,,,,,,,,,,,,,,,,,,,,,,,,,,,,,,,,,,,,,,,,,,,,,,,,,,,,,,,,,,,00-0037247,PickGe00,4426354,George Pickens,2001-03-04,75.0,205.0,Georgia,2022.0,2.0,52.0,PIT,2022,5,17.0,0.0,3.0,0.0,0.006470588235294119,2025.0,George Pickens,DAL,24.0,WR,17.0,15.0,137.0,93.0,1429.0,,73.0,950.0,10.2,479.0,5.2,11.3,6.0,15.5,4.0,0.028999999999999998,3.0,114.9,2026-02-11,,,,,,,,,,,,,,,,,,,,,,,,,,,,,,,,,,,,,,,,,,,,,,,,,,,,,,,,,,,,,,,,,,,,,,,,,,,,,17,14.8,1.9,13,8,5
2025,Chris Olave,C.Olave,00-0037239,NO,WR,WR,6.0,16,268.0,16.75,168.0,100.0,100,156,1163,9,0.2761061946902655,0.38458324629204094,0.6833675644398269,1,-3,0,0,1,0,0,1,887.0,0.843125,0.30214205186020293,16.75,7.914290871581611,36.8,5,WR,"https://static.www.nfl.com/image/upload/f_auto,q_auto/league/onmxufsprtvglhejg94o",REG,0,0,0,0,4,0,0,-3.5951321736210957,-55.088990926742554,0,0.0,0,0,0,0,0,0,0,-1.253101927228272,0,0,0,0,0,0,0,1841,289,53,35.62936226270581,0,42,22,11,4,0.6317218902770234,0,1,0,0,0,0,0,0.0,0.0,0,0,0,0,0,0,0,0,0,0,0,0,0,0,0,0,0,0,3,15,0,0,0,0,0,0,0,0,0,0,0,0,0,,,0,0,0,0,0,0,0,0,0,0,0,0,,,,0,0,0,0,0,0,0,,0,0,0,0,,0,0,,0,0,0,0,0,0,0,0,0,0,,,,,,,,,,,,,,,,,,,,,,,,,,,,,,,,,,,,,,,,,,,,,,,,,,,,,,,,,,,,,,,,,,,,,,,,,,,,,,,,,,,,,,,,,,,,,,,,,,,,,,,,,,,,,,,,,,,,,,,,,,,,,,,,,,,,,,,,,,,,,,,,,,,,00-0037239,OlavCh00,4361370,Chris Olave,2000-06-27,72.0,187.0,Ohio State,2022.0,1.0,11.0,NO,2022,5,16.0,0.0,0.0,0.0,0.0,2025.0,Chris Olave,NO,25.0,WR,16.0,16.0,156.0,100.0,1163.0,,53.0,874.0,8.7,289.0,2.9,11.8,2.0,50.0,5.0,0.032,4.0,95.1,2026-02-11,2025.0,Chris Olave,NO,25.0,WR,16.0,16.0,1.0,-3.0,,0.0,-3.0,-3.0,0.0,0.0,0.0,,2026-02-11,Chris Olave,NO,1.0,0.0,0.0,0.0,0.0,0.0,0.0,2025.0,2.2,0.0,0.0,0.0,0.0,0.0,0.0,1.0,100.0,2.0,-3.0,1.0,0.0,1.0,-3.0,,,4.0,4.0,0.0,,0.0,0.0,,0.0,,,,,,,,,,,,,,,,,,,,,,,,16,15.2,6.0,13,8,3
2025,Zay Flowers,Z.Flowers,00-0039064,BAL,WR,WR,7.0,17,243.3,14.311764705882354,157.3,86.0,86,118,1211,5,0.28992628992628994,0.35184102863822325,0.6811781549361912,10,62,1,0,0,0,0,0,878.0,0.8647058823529411,0.27710706150341685,14.311764705882354,7.483054385822441,29.8,4,WR,"https://static.www.nfl.com/image/upload/f_auto,q_auto/league/xzhto2dejy2pflkfx40c",REG,0,0,0,0,0,0,0,,,0,,0,0,0,0,0,0,3,2.4996555442921817,0,2,1,0,0,3,3,1204,458,48,46.38420265840221,0,43,28,19,4,1.005813953488372,0,2,0,0,0,0,0,0.0,0.0,0,0,0,0,0,0,0,0,0,0,0,0,0,1,0,0,0,0,3,30,3,0,0,3,3,0,0,0,0,0,0,0,0,,,0,0,0,0,0,0,0,0,0,0,0,0,,,,0,0,0,0,0,0,0,,0,0,0,0,,0,0,,0,0,0,0,0,0,0,0,0,0,,,,,,,,,,,,,,,,,,,,,,,,,,,,,,,,,,,,,,,,,,,,,,,,,,,,,,,,,,,,,,,,,,,,,,,,,,,,,,,,,,,,,,,,,,,,,,,,,,,,,,,,,,,,,,,,,,,,,,,,,,,,,,,,,,,,,,,,,,,,,,,,,,,,00-0039064,FlowZa00,4429615,Zay Flowers,2000-09-11,69.0,183.0,Boston College,2023.0,1.0,22.0,BAL,2023,4,17.0,0.0,0.0,0.0,0.0,2025.0,Zay Flowers,BAL,25.0,WR,17.0,17.0,118.0,86.0,1211.0,,48.0,753.0,8.8,458.0,5.3,10.2,9.0,9.6,7.0,0.059000000000000004,2.0,112.6,2026-02-11,2025.0,Zay Flowers,BAL,25.0,WR,17.0,17.0,10.0,62.0,,3.0,43.0,4.3,19.0,1.9,0.0,,2026-02-11,,,,,,,,,,,,,,,,,,,,,,,,,,,,,,,,,,,,,,,,,,,,,,,,,,,,,,,,,,,17,13.0,0.6000000000000001,14,5,2
2025,Nico Collins,N.Collins,00-0036554,HOU,WR,WR,8.0,15,226.2,15.08,155.2,71.0,71,120,1117,6,0.21699819168173598,0.3208814270724029,0.550114286473286,2,15,1,0,0,0,0,0,778.0,0.772,0.29074550128534704,15.080000000000002,6.499252704294988,24.200000000000003,5,WR,"https://static.www.nfl.com/image/upload/f_auto,q_auto/league/fguybjrn1kwflxm5szwq",REG,0,0,0,0,0,0,0,,,0,,0,0,0,0,0,0,1,1.995510360749904,0,0,0,0,0,1,1,1529,324,48,39.31019932264183,1,46,30,18,5,0.7305428384565075,0,0,0,0,0,0,0,0.0,0.0,0,0,0,0,0,0,0,0,0,0,0,0,0,0,0,0,0,0,2,20,1,0,0,1,1,0,0,0,0,0,0,0,0,,,0,0,0,0,0,0,0,0,0,0,0,0,,,,0,0,0,0,0,0,0,,0,0,0,0,,0,0,,0,0,0,0,0,0,0,0,0,0,N.Collins,Nico Collins,WR,WR,"https://static.www.nfl.com/image/upload/f_auto,q_auto/league/fguybjrn1kwflxm5szwq",2025.0,POST,HOU,1.0,0.0,0.0,0.0,0.0,0.0,0.0,0.0,0.0,0.0,0.0,0.0,0.0,,,0.0,,0.0,0.0,0.0,0.0,0.0,0.0,0.0,0.0,0.0,0.0,,0.0,0.0,0.0,0.0,0.0,3.0,7.0,21.0,0.0,0.0,0.0,58.0,8.0,1.0,-1.7204818364116363,0.0,1.0,0.0,0.0,0.0,0.3620689655172414,0.09090909090909091,0.08273894436519258,0.19428089741927115,0.0,0.0,0.0,0.0,0.0,0.0,0.0,0.0,0.0,0.0,0.0,0.0,0.0,0.0,0.0,0.0,0.0,0.0,0.0,0.0,0.0,0.0,0.0,0.0,0.0,0.0,0.0,0.0,0.0,0.0,0.0,0.0,0.0,0.0,0.0,0.0,0.0,0.0,0.0,0.0,0.0,0.0,,,0.0,0.0,0.0,0.0,0.0,0.0,0.0,0.0,0.0,0.0,0.0,0.0,,,,0.0,0.0,0.0,0.0,0.0,0.0,0.0,,0.0,0.0,0.0,0.0,,0.0,0.0,,0.0,0.0,0.0,0.0,0.0,0.0,0.0,0.0,0.0,0.0,2.1,5.1,00-0036554,CollNi00,4258173,Nico Collins,1999-03-19,76.0,222.0,Michigan,2021.0,3.0,89.0,HOU,2021,6,15.0,0.0,0.0,0.0,0.0,2025.0,Nico Collins,HOU,26.0,WR,15.0,15.0,120.0,71.0,1117.0,,48.0,793.0,11.2,324.0,4.6,12.7,4.0,17.8,1.0,0.008,1.0,103.4,2026-02-11,2025.0,Nico Collins,HOU,26.0,WR,15.0,15.0,2.0,15.0,,1.0,8.0,4.0,7.0,3.5,0.0,,2026-02-11,,,,,,,,,,,,,,,,,,,,,,,,,,,,,,,,,,,,,,,,,,,,,,,,,,,,,,,,,,,15,14.5,5.5,10,7,0
2025,Davante Adams,D.Adams,00-0031381,LA,WR,WR,9.0,14,222.9,15.921428571428573,162.9,60.0,60,114,789,14,0.1962134251290878,0.26121562952243127,0.4771710783593336,0,0,0,0,0,0,0,0,635.0,0.7142857142857143,0.3510236220472441,15.921428571428573,6.839385776675988,26.5,5,WR,"https://static.www.nfl.com/image/upload/f_auto,q_auto/league/tdzluk4xau3arxqk9zsl",REG,0,0,0,0,0,0,0,,,0,,0,0,0,0,0,0,0,,0,0,0,0,0,0,0,1444,117,51,27.033441679594226,0,35,21,14,1,0.546398891966759,0,1,0,0,0,0,0,0.0,0.0,0,0,0,0,0,0,0,0,0,0,0,0,0,0,0,0,0,0,0,0,0,0,0,0,0,0,0,0,0,0,0,0,0,,,0,0,0,0,0,0,0,0,0,0,0,0,,,,0,0,0,0,0,0,0,,0,0,0,0,,0,0,,0,0,0,0,0,0,0,0,0,0,D.Adams,Davante Adams,WR,WR,"https://static.www.nfl.com/image/upload/f_auto,q_auto/league/tdzluk4xau3arxqk9zsl",2025.0,POST,LA,3.0,0.0,0.0,0.0,0.0,0.0,0.0,0.0,0.0,0.0,0.0,0.0,0.0,,,0.0,,0.0,0.0,0.0,0.0,0.0,0.0,0.0,0.0,0.0,0.0,,0.0,0.0,0.0,0.0,0.0,11.0,25.0,185.0,1.0,0.0,0.0,388.0,42.0,10.0,4.4736567407390355,0.0,9.0,5.0,4.0,0.0,0.47680412371134023,0.21551724137931033,0.2878338278931751,0.524759541594188,0.0,1.0,0.0,0.0,0.0,0.0,0.0,0.0,0.0,0.0,0.0,0.0,0.0,0.0,0.0,0.0,0.0,0.0,0.0,0.0,0.0,0.0,0.0,0.0,0.0,0.0,0.0,1.0,5.0,0.0,0.0,0.0,0.0,0.0,0.0,0.0,0.0,0.0,0.0,0.0,0.0,0.0,,,0.0,0.0,0.0,0.0,0.0,0.0,0.0,0.0,0.0,0.0,0.0,0.0,,,,0.0,0.0,0.0,0.0,0.0,0.0,0.0,,0.0,0.0,0.0,0.0,,0.0,0.0,,0.0,0.0,0.0,0.0,0.0,0.0,0.0,0.0,0.0,0.0,24.5,35.5,00-0031381,AdamDa01,16800,Davante Adams,1992-12-24,73.0,204.0,Fresno State,2014.0,2.0,53.0,GB,2014,13,14.0,0.0,2.0,0.0,0.005,2025.0,Davante Adams,LA,33.0,WR,14.0,14.0,114.0,60.0,789.0,,51.0,672.0,11.2,117.0,2.0,12.6,0.0,,5.0,0.044000000000000004,1.0,110.7,2026-02-11,,,,,,,,,,,,,,,,,,,,,,,,,,,,,,,,,,,,,,,,,,,,,,,,,,,,,,,,,,,,,,,,,,,,,,,,,,,,,14,15.100000000000001,6.9,10,7,1
2025,Michael Wilson,M.Wilson,00-0038559,ARI,WR,WR,10.0,17,220.60000000000002,12.976470588235296,142.60000000000002,78.0,78,126,1006,7,0.20421393841166938,0.3223175965665236,0.5319432252140706,0,0,0,0,0,0,0,0,923.0,0.8135294117647058,0.23900325027085592,12.976470588235294,10.602919964080927,37.2,4,WR,"https://static.www.nfl.com/image/upload/f_auto,q_auto/league/hm2b9z4zujjmbiyldh8n",REG,0,0,0,0,0,0,0,,,0,,0,0,0,0,0,0,0,,0,0,0,0,0,0,0,1502,273,51,25.752180702367646,0,43,20,14,2,0.6697736351531292,0,2,0,0,0,0,0,0.0,0.0,0,0,0,0,0,0,0,0,0,0,0,0,0,0,0,0,0,0,1,10,0,0,0,0,0,0,0,0,0,0,0,0,0,,,0,0,0,0,0,0,0,0,0,0,0,0,,,,0,0,0,0,0,0,0,,0,0,0,0,,0,0,,0,0,0,0,0,0,0,0,0,0,,,,,,,,,,,,,,,,,,,,,,,,,,,,,,,,,,,,,,,,,,,,,,,,,,,,,,,,,,,,,,,,,,,,,,,,,,,,,,,,,,,,,,,,,,,,,,,,,,,,,,,,,,,,,,,,,,,,,,,,,,,,,,,,,,,,,,,,,,,,,,,,,,,,00-0038559,WilsMi02,4360761,Michael Wilson,2000-02-23,74.0,213.0,Stanford,2023.0,3.0,94.0,ARI,2023,4,17.0,0.0,5.0,0.0,0.011176470588235295,2025.0,Michael Wilson,ARI,25.0,WR,17.0,13.0,126.0,78.0,1006.0,,51.0,733.0,9.4,273.0,3.5,11.9,3.0,26.0,1.0,0.008,5.0,88.9,2026-02-11,,,,,,,,,,,,,,,,,,,,,,,,,,,,,,,,,,,,,,,,,,,,,,,,,,,,,,,,,,,,,,,,,,,,,,,,,,,,,17,8.4,1.5,7,6,2
2025,A.J. Brown,A.Brown,00-0035676,PHI,WR,WR,11.0,15,220.3,14.686666666666667,142.3,78.0,78,121,1003,7,0.2607758620689655,0.3178674994423377,0.6136710427130847,0,0,0,0,0,0,0,0,843.0,0.9066666666666666,0.26132858837485173,14.686666666666667,9.751546885836456,35.2,4,WR,"https://static.www.nfl.com/image/upload/f_auto,q_auto/league/qfhvjyssf0lwsh0kienp",REG,0,0,0,0,0,0,0,,,0,,0,0,0,0,0,0,0,,0,0,0,0,0,0,0,1425,268,47,33.68347278376969,0,40,25,14,1,0.703859649122807,0,0,0,0,0,0,0,0.0,0.0,0,0,0,0,0,0,0,0,0,0,0,0,0,0,0,0,0,0,7,51,0,0,0,0,0,0,0,0,0,0,0,0,0,,,0,0,0,0,0,0,0,0,0,0,0,0,,,,0,0,0,0,0,0,0,,0,0,0,0,,0,0,,0,0,0,0,0,0,0,0,0,0,A.Brown,A.J. Brown,WR,WR,"https://static.www.nfl.com/image/upload/f_auto,q_auto/league/qfhvjyssf0lwsh0kienp",2025.0,POST,PHI,1.0,0.0,0.0,0.0,0.0,0.0,0.0,0.0,0.0,0.0,0.0,0.0,0.0,,,0.0,,0.0,0.0,0.0,0.0,0.0,0.0,0.0,0.0,0.0,0.0,,0.0,0.0,0.0,0.0,0.0,3.0,7.0,25.0,0.0,0.0,0.0,133.0,0.0,1.0,-1.5305711283581331,0.0,1.0,0.0,0.0,0.0,0.18796992481203006,0.20588235294117646,0.4249201277955272,0.6062676188686338,0.0,0.0,0.0,0.0,0.0,0.0,0.0,0.0,0.0,0.0,0.0,0.0,0.0,0.0,0.0,0.0,0.0,0.0,0.0,0.0,0.0,0.0,0.0,0.0,0.0,0.0,0.0,0.0,0.0,0.0,0.0,0.0,0.0,0.0,0.0,0.0,0.0,0.0,0.0,0.0,0.0,0.0,,,0.0,0.0,0.0,0.0,0.0,0.0,0.0,0.0,0.0,0.0,0.0,0.0,,,,0.0,0.0,0.0,0.0,0.0,0.0,0.0,,0.0,0.0,0.0,0.0,,0.0,0.0,,0.0,0.0,0.0,0.0,0.0,0.0,0.0,0.0,0.0,0.0,2.5,5.5,00-0035676,BrowAJ00,4047646,A.J. Brown,1997-06-30,73.0,226.0,Mississippi,2019.0,2.0,51.0,TEN,2019,8,15.0,0.0,1.0,0.0,0.0026666666666666666,2025.0,AJ Brown,PHI,28.0,WR,15.0,15.0,121.0,78.0,1003.0,,47.0,735.0,9.4,268.0,3.4,11.8,7.0,11.1,1.0,0.008,3.0,99.3,2026-02-11,,,,,,,,,,,,,,,,,,,,,,,,,,,,,,,,,,,,,,,,,,,,,,,,,,,,,,,,,,,,,,,,,,,,,,,,,,,,,15,12.100000000000001,1.8,10,6,3
2025,Jameson Williams,J.Williams,00-0037240,DET,WR,WR,12.0,17,219.9,12.935294117647059,154.9,65.0,65,102,1117,7,0.18545454545454546,0.3453912111468382,0.519955665984605,6,12,0,0,0,0,0,0,992.0,0.9017647058823529,0.2216733870967742,12.935294117647059,8.963254234405506,26.9,3,WR,"https://static.www.nfl.com/image/upload/f_auto,q_auto/league/byiptqggtglvy5qrw5wp",REG,0,0,0,0,0,0,0,,,0,,0,0,0,0,0,0,0,-1.425711963151116,0,0,0,0,0,0,0,1289,441,49,56.1684345240439,0,45,31,23,5,0.8665632273079907,0,1,0,0,0,0,0,0.0,0.0,0,0,0,0,0,0,0,0,0,0,0,0,0,0,0,0,0,0,4,38,0,0,0,0,0,0,0,0,0,0,0,0,0,,,0,0,0,0,0,0,0,0,0,0,0,0,,,,0,0,0,0,0,0,0,,0,0,0,0,,0,0,,0,0,0,0,0,0,0,0,0,0,,,,,,,,,,,,,,,,,,,,,,,,,,,,,,,,,,,,,,,,,,,,,,,,,,,,,,,,,,,,,,,,,,,,,,,,,,,,,,,,,,,,,,,,,,,,,,,,,,,,,,,,,,,,,,,,,,,,,,,,,,,,,,,,,,,,,,,,,,,,,,,,,,,,00-0037240,WillJa11,4426388,Jameson Williams,2001-03-26,73.0,184.0,Alabama; Ohio State,2022.0,1.0,12.0,DET,2022,5,17.0,0.0,1.0,0.0,0.0023529411764705885,2025.0,Jameson Williams,DET,24.0,WR,17.0,15.0,102.0,65.0,1117.0,,49.0,676.0,10.4,441.0,6.8,12.6,4.0,16.3,12.0,0.11800000000000001,1.0,119.6,2026-02-11,2025.0,Jameson Williams,DET,24.0,WR,17.0,15.0,6.0,12.0,,0.0,10.0,1.7,2.0,0.3,1.0,6.0,2026-02-11,,,,,,,,,,,,,,,,,,,,,,,,,,,,,,,,,,,,,,,,,,,,,,,,,,,,,,,,,,,17,13.4,0.0,10,8,2
2025,Courtland Sutton,C.Sutton,00-0034348,DEN,WR,WR,13.0,17,219.7,12.923529411764704,145.7,74.0,74,124,1017,7,0.21232876712328766,0.34358288770053474,0.5590011720753059,0,0,0,0,0,0,0,0,975.0,0.8535294117647059,0.22533333333333333,12.923529411764706,7.483943597108806,24.3,3,WR,"https://static.www.nfl.com/image/upload/f_auto,q_auto/league/kqwmqcrlrwmqcvfuguhs",REG,1,-5,0,0,0,0,0,-4.031719361392031,,0,,0,0,0,0,0,0,0,,0,0,0,0,0,0,0,1542,222,52,45.593916971176796,1,41,24,17,2,0.6595330739299611,0,2,0,0,0,0,0,0.0,0.0,0,0,0,0,0,0,0,0,0,0,0,0,0,0,0,0,0,0,0,0,0,0,0,0,0,0,0,0,0,0,0,0,0,,,0,0,0,0,0,0,0,0,0,0,0,0,,,,0,0,0,0,0,0,0,,0,0,0,0,,0,0,,0,0,0,0,0,0,0,0,0,0,C.Sutton,Courtland Sutton,WR,WR,"https://static.www.nfl.com/image/upload/f_auto,q_auto/league/kqwmqcrlrwmqcvfuguhs",2025.0,POST,DEN,2.0,0.0,0.0,0.0,0.0,0.0,0.0,0.0,0.0,0.0,0.0,0.0,0.0,,,0.0,,0.0,0.0,0.0,0.0,0.0,0.0,0.0,0.0,0.0,0.0,,0.0,0.0,0.0,0.0,0.0,7.0,14.0,70.0,1.0,0.0,0.0,153.0,9.0,4.0,0.271068971225759,0.0,3.0,1.0,1.0,0.0,0.45751633986928103,0.2028985507246377,0.3141683778234086,0.5242656905633425,0.0,0.0,0.0,0.0,0.0,0.0,0.0,0.0,0.0,0.0,0.0,0.0,0.0,0.0,0.0,0.0,0.0,0.0,0.0,0.0,0.0,0.0,0.0,0.0,0.0,0.0,0.0,0.0,0.0,0.0,0.0,0.0,0.0,0.0,0.0,0.0,0.0,0.0,0.0,0.0,0.0,0.0,,,0.0,0.0,0.0,0.0,0.0,0.0,0.0,0.0,0.0,0.0,0.0,0.0,,,,0.0,0.0,0.0,0.0,0.0,0.0,0.0,,0.0,0.0,0.0,0.0,,0.0,0.0,,0.0,0.0,0.0,0.0,0.0,0.0,0.0,0.0,0.0,0.0,13.0,20.0,00-0034348,SuttCo00,3128429,Courtland Sutton,1995-10-10,76.0,216.0,SMU,2018.0,2.0,40.0,DEN,2018,9,17.0,0.0,1.0,0.0,0.0029411764705882353,2025.0,Courtland Sutton,DEN,30.0,WR,17.0,16.0,124.0,74.0,1017.0,,52.0,795.0,10.7,222.0,3.0,12.4,3.0,24.7,8.0,0.065,3.0,94.7,2026-02-11,,,,,,,,,,,,,,,,,,,,,,,,,,,,,,,,,,,,,,,,,,,,,,,,,,,,,,,,,,,,,,,,,,,,,,,,,,,,,17,12.2,1.5,11,8,0
2025,Wan'Dale Robinson,W.Robinson,00-0038117,NYG,WR,WR,14.0,16,217.9,13.61875,125.9,92.0,92,140,1014,4,0.2783300198807157,0.265369997764364,0.6032540282561283,3,5,0,0,0,0,0,0,973.0,0.9075,0.22394655704008223,13.61875,8.190011701253342,30.6,4,WR,"https://static.www.nfl.com/image/upload/f_auto,q_auto/league/yzcvyhmilvxedfjfjglc",REG,0,0,0,0,0,0,0,,,0,,0,0,0,0,0,0,1,1.9220478277420625,0,0,0,0,0,1,0,1187,386,39,19.46254311013073,0,34,19,14,2,0.8542544229149115,0,1,0,0,0,0,0,0.0,0.0,0,0,0,0,0,0,0,0,0,0,0,0,0,0,0,0,0,0,2,10,1,0,1,1,0,0,0,2,41,0,0,0,0,,,0,0,0,0,0,0,0,0,0,0,0,0,,,,0,0,0,0,0,0,0,,0,0,0,0,,0,0,,0,0,0,0,0,0,0,0,0,0,,,,,,,,,,,,,,,,,,,,,,,,,,,,,,,,,,,,,,,,,,,,,,,,,,,,,,,,,,,,,,,,,,,,,,,,,,,,,,,,,,,,,,,,,,,,,,,,,,,,,,,,,,,,,,,,,,,,,,,,,,,,,,,,,,,,,,,,,,,,,,,,,,,,00-0038117,RobiWa01,4569587,Wan'Dale Robinson,2001-01-05,68.0,185.0,Kentucky,2022.0,2.0,43.0,NYG,2022,5,16.0,0.0,4.0,0.0,0.010625,2025.0,WanDale Robinson,NYG,24.0,WR,16.0,15.0,140.0,92.0,1014.0,,39.0,628.0,6.8,386.0,4.2,8.5,6.0,15.3,4.0,0.028999999999999998,2.0,90.6,2026-02-11,2025.0,WanDale Robinson,NYG,24.0,WR,16.0,15.0,3.0,5.0,,1.0,1.0,0.3,4.0,1.3,0.0,,2026-02-11,,,,,,,,,,,,,,,,,,,,,,,,,,,,,,,,,,,,,,,,,,,,,,,,,,,,,,,,,,,16,11.85,3.6,10,6,2
2025,Tetairoa McMillan,T.McMillan,00-0040124,CAR,WR,WR,15.0,17,213.4,12.552941176470588,143.4,70.0,70,122,1014,7,0.25416666666666665,0.40869565217391307,0.6673369565217391,0,0,0,0,0,0,0,0,925.0,0.871764705882353,0.2307027027027027,12.552941176470588,7.066922743232978,33.0,1,WR,"https://static.www.nfl.com/image/upload/f_auto,q_auto/league/gilgvjemumd6kpc9eiku",REG,0,0,0,0,0,0,0,,,0,,0,0,0,0,0,0,0,,0,0,0,0,0,0,0,1410,269,55,25.285096088212853,0,47,27,17,3,0.7191489361702128,0,3,0,0,0,0,0,0.0,0.0,0,0,0,0,0,0,0,0,0,0,0,0,0,0,0,0,0,0,1,10,0,1,0,1,1,0,0,0,0,0,0,0,0,,,0,0,0,0,0,0,0,0,0,0,0,0,,,,0,0,0,0,0,0,0,,0,0,0,0,,0,0,,0,0,0,0,0,0,0,0,0,0,T.McMillan,Tetairoa McMillan,WR,WR,"https://static.www.nfl.com/image/upload/f_auto,q_auto/league/gilgvjemumd6kpc9eiku",2025.0,POST,CAR,1.0,0.0,0.0,0.0,0.0,0.0,0.0,0.0,0.0,0.0,0.0,0.0,0.0,,,0.0,,0.0,0.0,0.0,0.0,0.0,0.0,0.0,0.0,0.0,0.0,,0.0,0.0,0.0,0.0,0.0,5.0,7.0,81.0,0.0,0.0,0.0,98.0,20.0,5.0,4.076510135200806,0.0,5.0,3.0,1.0,0.0,0.826530612244898,0.1891891891891892,0.2684931506849315,0.4717289892632358,0.0,0.0,0.0,0.0,0.0,0.0,0.0,0.0,0.0,0.0,0.0,0.0,0.0,0.0,0.0,0.0,0.0,0.0,0.0,0.0,0.0,0.0,0.0,0.0,0.0,0.0,0.0,0.0,0.0,0.0,0.0,0.0,0.0,0.0,0.0,0.0,0.0,0.0,0.0,0.0,0.0,0.0,,,0.0,0.0,0.0,0.0,0.0,0.0,0.0,0.0,0.0,0.0,0.0,0.0,,,,0.0,0.0,0.0,0.0,0.0,0.0,0.0,,0.0,0.0,0.0,0.0,,0.0,0.0,,0.0,0.0,0.0,0.0,0.0,0.0,0.0,0.0,0.0,0.0,8.1,13.1,00-0040124,McMiTe00,4685472,Tetairoa McMillan,2003-04-05,77.0,212.0,Arizona,2025.0,1.0,8.0,CAR,2025,2,17.0,0.0,0.0,0.0,0.0,2025.0,Tetairoa McMillan,CAR,22.0,WR,17.0,17.0,122.0,70.0,1014.0,,55.0,745.0,10.6,269.0,3.8,11.6,2.0,35.0,8.0,0.066,6.0,83.2,2026-02-11,,,,,,,,,,,,,,,,,,,,,,,,,,,,,,,,,,,,,,,,,,,,,,,,,,,,,,,,,,,,,,,,,,,,,,,,,,,,,17,11.5,1.5,12,5,1
2025,Tee Higgins,T.Higgins,00-0036410,CIN,WR,WR,16.0,15,211.60000000000002,14.106666666666667,152.60000000000002,59.0,59,98,846,11,0.1611842105263158,0.27915869980879543,0.43718740565563047,0,0,0,0,0,0,0,0,769.0,0.8086666666666666,0.2751625487646294,14.106666666666666,8.225870919297991,33.1,3,WR,"https://static.www.nfl.com/image/upload/f_auto,q_auto/league/gpwtyv3viwy9q4ewderl",REG,0,0,0,0,0,0,0,,,0,,0,0,0,0,0,0,0,,0,0,0,0,0,0,0,1314,166,41,35.986866589897986,1,34,20,14,3,0.6438356164383562,0,0,0,0,0,0,0,0.0,0.0,0,0,0,0,0,0,0,0,0,0,0,0,0,1,0,0,0,0,0,0,0,0,0,0,0,0,0,0,0,0,0,0,0,,,0,0,0,0,0,0,0,0,0,0,0,0,,,,0,0,0,0,0,0,0,,0,0,0,0,,0,0,,0,0,0,0,0,0,0,0,0,0,,,,,,,,,,,,,,,,,,,,,,,,,,,,,,,,,,,,,,,,,,,,,,,,,,,,,,,,,,,,,,,,,,,,,,,,,,,,,,,,,,,,,,,,,,,,,,,,,,,,,,,,,,,,,,,,,,,,,,,,,,,,,,,,,,,,,,,,,,,,,,,,,,,,00-0036410,HiggTe00,4239993,Tee Higgins,1999-01-18,76.0,219.0,Clemson,2020.0,2.0,33.0,CIN,2020,7,15.0,0.0,0.0,0.0,0.0,2025.0,Tee Higgins,CIN,26.0,WR,15.0,14.0,98.0,59.0,846.0,,41.0,680.0,11.5,166.0,2.8,13.1,5.0,11.8,2.0,0.02,2.0,117.1,2026-02-11,,,,,,,,,,,,,,,,,,,,,,,,,,,,,,,,,,,,,,,,,,,,,,,,,,,,,,,,,,,,,,,,,,,,,,,,,,,,,15,11.4,2.5,10,5,2
2025,Stefon Diggs,S.Diggs,00-0031588,NE,WR,WR,17.0,17,210.3,12.370588235294118,125.30000000000001,85.0,85,102,1013,4,0.21161825726141079,0.1888551604509974,0.44962599820781435,0,0,0,0,0,0,0,0,587.0,0.5376470588235295,0.3582623509369677,12.370588235294118,6.811641203289627,24.6,3,WR,"https://static.www.nfl.com/image/upload/f_auto,q_auto/league/cemcexmscsarpvwhafln",REG,0,0,0,0,0,0,0,,,0,,0,0,0,0,0,0,0,,0,0,0,0,0,0,0,871,354,51,70.37037388862554,0,44,23,17,0,1.1630309988518943,0,2,0,0,0,0,0,0.0,0.0,0,0,0,0,0,0,0,0,0,0,0,0,0,0,0,0,0,0,4,35,0,0,0,0,0,0,0,0,0,0,0,0,0,,,0,0,0,0,0,0,0,0,0,0,0,0,,,,0,0,0,0,0,0,0,,0,0,0,0,,0,0,,0,0,0,0,0,0,0,0,0,0,S.Diggs,Stefon Diggs,WR,WR,"https://static.www.nfl.com/image/upload/f_auto,q_auto/league/cemcexmscsarpvwhafln",2025.0,POST,NE,4.0,0.0,0.0,0.0,0.0,0.0,0.0,0.0,0.0,0.0,0.0,0.0,0.0,,,0.0,,0.0,0.0,0.0,0.0,0.0,0.0,0.0,0.0,0.0,0.0,,0.0,0.0,0.0,0.0,0.0,14.0,20.0,110.0,1.0,0.0,0.0,129.0,44.0,4.0,0.9385376682330389,0.0,3.0,1.0,1.0,0.0,0.8527131782945736,0.17543859649122806,0.10369774919614148,0.3357463191741411,0.0,0.0,0.0,0.0,0.0,0.0,0.0,0.0,0.0,0.0,0.0,0.0,0.0,0.0,0.0,0.0,0.0,0.0,0.0,0.0,0.0,0.0,0.0,0.0,0.0,0.0,0.0,0.0,0.0,0.0,0.0,0.0,0.0,0.0,0.0,0.0,0.0,0.0,0.0,0.0,0.0,0.0,,,0.0,0.0,0.0,0.0,0.0,0.0,0.0,0.0,0.0,0.0,0.0,0.0,,,,0.0,0.0,0.0,0.0,0.0,0.0,0.0,,0.0,0.0,0.0,0.0,,0.0,0.0,,0.0,0.0,0.0,0.0,0.0,0.0,0.0,0.0,0.0,0.0,17.0,31.0,00-0031588,DiggSt00,2976212,Stefon Diggs,1993-11-29,72.0,191.0,Maryland,2015.0,5.0,146.0,MIN,2015,12,17.0,8.0,7.0,0.007647058823529412,0.015294117647058824,2025.0,Stefon Diggs,NE,32.0,WR,17.0,17.0,102.0,85.0,1013.0,,51.0,659.0,7.8,354.0,4.2,8.5,2.0,42.5,3.0,0.028999999999999998,2.0,112.9,2026-02-11,,,,,,,,,,,,,,,,,,,,,,,,,,,,,,,,,,,,,,,,,,,,,,,,,,,,,,,,,,,,,,,,,,,,,,,,,,,,,17,11.7,4.0,10,6,0
2025,Michael Pittman,M.Pittman,00-0036252,IND,WR,WR,18.0,17,202.4,11.905882352941177,122.4,80.0,80,111,784,7,0.20943396226415095,0.20707762557077625,0.4591052812957698,0,0,0,0,0,0,0,0,918.0,0.8552941176470588,0.220479302832244,11.905882352941177,7.489448460019877,23.5,4,WR,"https://static.www.nfl.com/image/upload/f_auto,q_auto/league/q1ythn05kwcmdr4mwzll",REG,0,0,0,0,0,0,0,,,0,,0,0,0,0,0,0,0,,0,0,0,0,0,0,0,907,259,47,22.318667689412333,1,39,14,5,0,0.86438809261301,0,1,0,0,0,0,0,0.0,0.0,0,0,0,0,0,0,0,0,0,0,0,0,0,0,0,0,0,0,2,20,0,0,0,0,0,0,0,0,0,0,0,0,0,,,0,0,0,0,0,0,0,0,0,0,0,0,,,,0,0,0,0,0,0,0,,0,0,0,0,,0,0,,0,0,0,0,0,0,0,0,0,0,,,,,,,,,,,,,,,,,,,,,,,,,,,,,,,,,,,,,,,,,,,,,,,,,,,,,,,,,,,,,,,,,,,,,,,,,,,,,,,,,,,,,,,,,,,,,,,,,,,,,,,,,,,,,,,,,,,,,,,,,,,,,,,,,,,,,,,,,,,,,,,,,,,,00-0036252,PittMi01,4035687,Michael Pittman,1997-10-05,76.0,223.0,USC,2020.0,2.0,34.0,IND,2020,7,17.0,0.0,4.0,0.0,0.01,2025.0,Michael Pittman,IND,28.0,WR,17.0,16.0,111.0,80.0,784.0,,47.0,525.0,6.6,259.0,3.2,8.2,3.0,26.7,6.0,0.054000000000000006,5.0,93.8,2026-02-11,,,,,,,,,,,,,,,,,,,,,,,,,,,,,,,,,,,,,,,,,,,,,,,,,,,,,,,,,,,,,,,,,,,,,,,,,,,,,17,13.7,2.3,9,7,0
2025,Drake London,D.London,00-0037238,ATL,WR,WR,19.0,12,201.9,16.825,133.9,68.0,68,112,919,7,0.21579961464354527,0.29280575539568343,0.5286634507422963,0,0,0,0,0,0,0,0,709.0,0.9066666666666666,0.2847672778561354,16.825,11.453949299060762,38.8,4,WR,"https://static.www.nfl.com/image/upload/f_auto,q_auto/league/mcllowcfrmmdeo4zy3g1",REG,0,0,0,0,0,0,0,,,0,,0,0,0,0,0,0,0,,0,0,0,0,0,1,1,1221,229,46,24.780595332661015,1,40,19,13,3,0.7526617526617526,0,2,0,0,0,0,0,0.0,0.0,0,0,0,0,0,0,0,0,0,0,0,0,0,0,0,0,0,0,2,20,1,0,0,1,1,0,0,0,0,0,0,0,0,,,0,0,0,0,0,0,0,0,0,0,0,0,,,,0,0,0,0,0,0,0,,0,0,0,0,,0,0,,0,0,0,0,0,0,0,0,0,0,,,,,,,,,,,,,,,,,,,,,,,,,,,,,,,,,,,,,,,,,,,,,,,,,,,,,,,,,,,,,,,,,,,,,,,,,,,,,,,,,,,,,,,,,,,,,,,,,,,,,,,,,,,,,,,,,,,,,,,,,,,,,,,,,,,,,,,,,,,,,,,,,,,,00-0037238,LondDr00,4426502,Drake London,2001-07-24,76.0,215.0,USC,2022.0,1.0,8.0,ATL,2022,5,12.0,0.0,2.0,0.0,0.005833333333333334,2025.0,Drake London,ATL,24.0,WR,12.0,12.0,112.0,68.0,919.0,,46.0,690.0,10.1,229.0,3.4,10.9,0.0,,1.0,0.009000000000000001,2.0,100.3,2026-02-11,,,,,,,,,,,,,,,,,,,,,,,,,,,,,,,,,,,,,,,,,,,,,,,,,,,,,,,,,,,,,,,,,,,,,,,,,,,,,12,15.65,1.4,8,6,3
2025,DeVonta Smith,D.Smith,00-0036912,PHI,WR,WR,20.0,17,201.8,11.870588235294118,124.80000000000001,77.0,77,113,1008,4,0.2435344827586207,0.30225295561008253,0.5768787930649888,0,0,0,0,0,0,0,0,888.0,0.8441176470588235,0.22725225225225226,11.870588235294116,7.798698986520312,33.3,2,WR,"https://static.www.nfl.com/image/upload/f_auto,q_auto/league/k724kq3hyv7jc0y9s03x",REG,0,0,0,0,0,0,0,,,0,,0,0,0,0,0,0,0,,0,0,0,0,0,0,0,1355,293,44,54.36954212163124,0,36,23,14,4,0.7439114391143912,0,0,0,0,0,0,0,0.0,0.0,0,0,0,0,0,0,0,0,0,0,0,0,0,0,0,0,0,0,2,15,0,0,0,0,0,0,0,0,0,0,0,0,0,,,0,0,0,0,0,0,0,0,0,0,0,0,,,,0,0,0,0,0,0,0,,0,0,0,0,,0,0,,0,0,0,0,0,0,0,0,0,0,D.Smith,DeVonta Smith,WR,WR,"https://static.www.nfl.com/image/upload/f_auto,q_auto/league/k724kq3hyv7jc0y9s03x",2025.0,POST,PHI,1.0,0.0,0.0,0.0,0.0,0.0,0.0,0.0,0.0,0.0,0.0,0.0,0.0,,,0.0,,0.0,0.0,0.0,0.0,0.0,0.0,0.0,0.0,0.0,0.0,,0.0,0.0,0.0,0.0,0.0,8.0,11.0,70.0,0.0,0.0,0.0,38.0,50.0,2.0,-0.6900849037920125,0.0,4.0,0.0,0.0,0.0,1.8421052631578947,0.3235294117647059,0.12140575079872204,0.5702781432061643,0.0,0.0,0.0,0.0,0.0,0.0,0.0,0.0,0.0,0.0,0.0,0.0,0.0,0.0,0.0,0.0,0.0,0.0,0.0,0.0,0.0,0.0,0.0,0.0,0.0,0.0,0.0,0.0,0.0,0.0,0.0,0.0,0.0,0.0,0.0,0.0,0.0,0.0,0.0,0.0,0.0,0.0,,,0.0,0.0,0.0,0.0,0.0,0.0,0.0,0.0,0.0,0.0,0.0,0.0,,,,0.0,0.0,0.0,0.0,0.0,0.0,0.0,,0.0,0.0,0.0,0.0,,0.0,0.0,,0.0,0.0,0.0,0.0,0.0,0.0,0.0,0.0,0.0,0.0,7.0,15.0,00-0036912,SmitDe07,4241478,DeVonta Smith,1998-11-14,72.0,170.0,Alabama,2021.0,1.0,10.0,PHI,2021,6,17.0,0.0,4.0,0.0,0.009411764705882354,2025.0,DeVonta Smith,PHI,27.0,WR,17.0,16.0,113.0,77.0,1008.0,,44.0,715.0,9.3,293.0,3.8,11.9,0.0,,3.0,0.027000000000000003,1.0,104.1,2026-02-11,,,,,,,,,,,,,,,,,,,,,,,,,,,,,,,,,,,,,,,,,,,,,,,,,,,,,,,,,,,,,,,,,,,,,,,,,,,,,17,9.3,1.8,7,5,1
2025,Justin Jefferson,J.Jefferson,00-0036322,MIN,WR,WR,21.0,17,201.5,11.852941176470589,117.5,84.0,84,141,1048,2,0.30128205128205127,0.3827521959009848,0.7198496140537662,2,7,0,0,0,0,0,0,941.0,0.9417647058823531,0.21413390010626993,11.852941176470589,5.792248877493398,22.6,1,WR,"https://static.www.nfl.com/image/upload/f_auto,q_auto/league/htjevkugzk6ietrjysny",REG,0,0,0,0,0,0,0,,,0,,0,0,0,0,0,0,0,-0.056719331769272685,0,0,0,0,0,0,0,1438,451,47,-13.828682236003711,0,52,25,12,2,0.7287899860917941,0,1,0,1,0,0,0,0.0,0.0,0,0,0,0,0,0,0,0,0,0,0,0,0,0,0,0,0,0,1,5,0,0,0,0,0,0,0,0,0,0,0,0,0,,,0,0,0,0,0,0,0,0,0,0,0,0,,,,0,0,0,0,0,0,0,,0,0,0,0,,0,0,,0,0,0,0,0,0,0,0,0,0,,,,,,,,,,,,,,,,,,,,,,,,,,,,,,,,,,,,,,,,,,,,,,,,,,,,,,,,,,,,,,,,,,,,,,,,,,,,,,,,,,,,,,,,,,,,,,,,,,,,,,,,,,,,,,,,,,,,,,,,,,,,,,,,,,,,,,,,,,,,,,,,,,,,00-0036322,JeffJu00,4262921,Justin Jefferson,1999-06-16,73.0,195.0,LSU,2020.0,1.0,22.0,MIN,2020,7,17.0,0.0,1.0,0.0,0.001764705882352941,2025.0,Justin Jefferson,MIN,26.0,WR,17.0,17.0,141.0,84.0,1048.0,,47.0,597.0,7.1,451.0,5.4,10.2,5.0,16.8,3.0,0.021,10.0,57.9,2026-02-11,2025.0,Justin Jefferson,MIN,26.0,WR,17.0,17.0,2.0,7.0,,0.0,5.0,2.5,2.0,1.0,0.0,,2026-02-11,,,,,,,,,,,,,,,,,,,,,,,,,,,,,,,,,,,,,,,,,,,,,,,,,,,,,,,,,,,17,12.5,2.4,11,4,0
2025,CeeDee Lamb,C.Lamb,00-0036358,DAL,WR,WR,22.0,13,200.9,15.453846153846154,125.9,75.0,75,117,1077,3,0.1927512355848435,0.2767804300651016,0.48287315442283635,1,2,0,0,0,0,0,0,732.0,0.7285714285714285,0.2744535519125683,15.453846153846154,5.9845099193132745,24.200000000000003,3,WR,"https://static.www.nfl.com/image/upload/f_auto,q_auto/league/mbblzwtynxr15ovzkevi",REG,0,0,0,0,0,0,0,,,0,,0,0,0,0,0,0,0,-0.2478505993494764,0,0,0,0,0,0,0,1403,323,43,28.990819384612788,0,42,25,16,3,0.7676407697790449,0,1,0,0,0,0,0,0.0,0.0,0,0,0,0,0,0,0,0,0,0,0,0,0,0,0,0,0,0,3,20,0,0,0,0,0,0,0,0,0,0,0,0,0,,,0,0,0,0,0,0,0,0,0,0,0,0,,,,0,0,0,0,0,0,0,,0,0,0,0,,0,0,,0,0,0,0,0,0,0,0,0,0,,,,,,,,,,,,,,,,,,,,,,,,,,,,,,,,,,,,,,,,,,,,,,,,,,,,,,,,,,,,,,,,,,,,,,,,,,,,,,,,,,,,,,,,,,,,,,,,,,,,,,,,,,,,,,,,,,,,,,,,,,,,,,,,,,,,,,,,,,,,,,,,,,,,00-0036358,LambCe00,4241389,CeeDee Lamb,1999-04-08,74.0,198.0,Oklahoma,2020.0,1.0,17.0,DAL,2020,7,14.0,0.0,1.0,0.0,0.002857142857142857,2025.0,CeeDee Lamb,DAL,26.0,WR,14.0,13.0,117.0,75.0,1077.0,,43.0,754.0,10.1,323.0,4.3,11.7,6.0,12.5,8.0,0.068,3.0,91.7,2026-02-11,2025.0,CeeDee Lamb,DAL,26.0,WR,14.0,13.0,1.0,2.0,,0.0,0.0,0.0,2.0,2.0,0.0,,2026-02-11,,,,,,,,,,,,,,,,,,,,,,,,,,,,,,,,,,,,,,,,,,,,,,,,,,,,,,,,,,,13,17.1,1.4,11,8,0
2025,Emeka Egbuka,E.Egbuka,00-0040129,TB,WR,WR,23.0,17,195.7,11.511764705882353,132.7,63.0,63,127,938,6,0.23475046210720887,0.34902309058614567,0.5964418565711153,2,9,0,0,0,0,0,0,886.0,0.776470588235294,0.22088036117381488,11.511764705882353,8.421318361229226,31.3,4,WR,"https://static.www.nfl.com/image/upload/f_auto,q_auto/league/z224kbzs62rjuykc0vha",REG,0,0,0,0,0,0,0,,,0,,0,0,0,0,0,0,0,-1.6816435545478017,0,0,0,0,0,0,0,1572,335,34,7.143142977189891,1,30,24,20,3,0.5966921119592875,0,0,0,0,0,0,0,0.0,0.0,0,0,0,0,0,0,0,0,0,0,0,0,0,0,0,0,0,0,3,20,0,0,0,0,0,0,0,0,0,0,0,0,0,,,0,0,0,0,0,0,0,0,0,0,0,0,,,,0,0,0,0,0,0,0,,0,0,0,0,,0,0,,0,0,0,0,0,0,0,0,0,0,,,,,,,,,,,,,,,,,,,,,,,,,,,,,,,,,,,,,,,,,,,,,,,,,,,,,,,,,,,,,,,,,,,,,,,,,,,,,,,,,,,,,,,,,,,,,,,,,,,,,,,,,,,,,,,,,,,,,,,,,,,,,,,,,,,,,,,,,,,,,,,,,,,,00-0040129,EgbuEm01,4567750,Emeka Egbuka,2002-10-14,73.0,205.0,Ohio State,2025.0,1.0,19.0,TB,2025,2,17.0,0.0,0.0,0.0,0.0,2025.0,Emeka Egbuka,TB,23.0,WR,17.0,13.0,127.0,63.0,938.0,,34.0,603.0,9.6,335.0,5.3,12.1,1.0,63.0,9.0,0.071,3.0,80.1,2026-02-11,2025.0,Emeka Egbuka,TB,23.0,WR,17.0,13.0,2.0,9.0,,0.0,9.0,4.5,0.0,0.0,0.0,,2026-02-11,,,,,,,,,,,,,,,,,,,,,,,,,,,,,,,,,,,,,,,,,,,,,,,,,,,,,,,,,,,17,9.0,1.8,7,4,1
2025,Jaylen Waddle,J.Waddle,00-0036613,MIA,WR,WR,24.0,16,194.12,12.1325,130.12,64.0,64,100,910,6,0.21645021645021645,0.388459250446163,0.5965967999876387,2,28,0,1,1,8,0,0,722.0,0.77625,0.26886426592797785,12.1325,6.871203194007097,23.0,2,WR,"https://static.www.nfl.com/image/upload/f_auto,q_auto/league/gkh7m1jedon9mwn5jlf1",REG,0,0,0,0,-5,13,0,-0.5923647911444314,11.613237857818604,0,0.0,0,0,0,0,0,0,1,1.9295156633015722,0,1,1,1,0,1,0,1306,228,48,34.451660055798726,0,43,24,14,3,0.6967840735068913,0,4,0,1,0,0,0,0.0,0.0,0,0,0,0,0,0,0,0,0,0,0,0,0,0,0,0,0,0,0,0,1,0,0,1,0,0,0,0,0,0,0,0,0,,,0,0,0,0,0,0,0,0,0,0,0,0,,,,0,0,0,0,0,0,0,,0,0,0,0,,0,0,,0,0,0,0,0,0,0,0,0,0,,,,,,,,,,,,,,,,,,,,,,,,,,,,,,,,,,,,,,,,,,,,,,,,,,,,,,,,,,,,,,,,,,,,,,,,,,,,,,,,,,,,,,,,,,,,,,,,,,,,,,,,,,,,,,,,,,,,,,,,,,,,,,,,,,,,,,,,,,,,,,,,,,,,00-0036613,WaddJa00,4372016,Jaylen Waddle,1998-11-25,70.0,185.0,Alabama,2021.0,1.0,6.0,MIA,2021,6,16.0,0.0,4.0,0.0,0.010625,2025.0,Jaylen Waddle,MIA,27.0,WR,16.0,16.0,100.0,64.0,910.0,,48.0,682.0,10.7,228.0,3.6,13.1,4.0,16.0,4.0,0.04,7.0,84.2,2026-02-11,2025.0,Jaylen Waddle,MIA,27.0,WR,16.0,16.0,2.0,28.0,,1.0,25.0,12.5,3.0,1.5,0.0,,2026-02-11,Jaylen Waddle,MIA,1.0,0.0,0.0,0.0,0.0,0.0,0.0,2025.0,1.0,0.0,0.0,0.0,0.0,0.0,0.0,1.0,100.0,0.0,0.0,0.0,0.0,0.0,0.0,,,-5.0,-5.0,-5.0,-5.0,-5.0,13.0,13.0,0.0,,,,,,,,,,,,,,,,,,,,,,,,16,13.2,0.7000000000000001,9,6,0
2025,Deebo Samuel Sr.,D.Samuel,00-0035719,WAS,WR,WR,25.0,16,188.2,11.7625,116.2,71.99999999999999,72,99,727,5,0.22916666666666666,0.131815907953977,0.4360211355677839,17,75,1,0,0,0,0,0,713.0,0.7225,0.26395511921458625,11.762500000000001,6.942609979923496,23.6,4,WR,"https://static.www.nfl.com/image/upload/f_auto,q_auto/league/ntgyhqg6hq7fanhhsqiw",REG,0,0,0,0,0,0,0,,,0,,0,0,0,0,1,0,4,0.1426005618995987,0,2,2,1,0,1,0,527,466,32,17.621090014982265,0,29,18,10,1,1.3795066413662238,0,4,0,1,0,0,0,0.0,0.0,0,0,0,0,0,0,0,0,0,0,0,0,0,2,0,0,0,0,3,25,3,0,0,3,0,0,0,15,452,0,0,0,0,,,0,0,0,0,0,0,0,0,0,0,0,0,,,,0,0,0,0,0,0,0,,0,0,0,0,,0,0,,0,0,0,0,0,0,0,0,0,0,,,,,,,,,,,,,,,,,,,,,,,,,,,,,,,,,,,,,,,,,,,,,,,,,,,,,,,,,,,,,,,,,,,,,,,,,,,,,,,,,,,,,,,,,,,,,,,,,,,,,,,,,,,,,,,,,,,,,,,,,,,,,,,,,,,,,,,,,,,,,,,,,,,,00-0035719,SamuDe00,3126486,Deebo Samuel Sr.,1996-01-15,72.0,215.0,South Carolina,2019.0,2.0,36.0,SF,2019,8,16.0,0.0,27.0,0.0,0.06937499999999999,2025.0,Deebo Samuel,WAS,29.0,WR,16.0,12.0,99.0,72.0,727.0,,32.0,261.0,3.6,466.0,6.5,5.2,6.0,12.0,6.0,0.061,3.0,97.5,2026-02-11,2025.0,Deebo Samuel,WAS,29.0,WR,16.0,12.0,17.0,75.0,,4.0,31.0,1.8,44.0,2.6,2.0,8.5,2026-02-11,,,,,,,,,,,,,,,,,,,,,,,,,,,,,,,,,,,,,,,,,,,,,,,,,,,,,,,,,,,16,10.25,4.1,8,5,0
2025,DK Metcalf,D.Metcalf,00-0035640,PIT,WR,WR,26.0,15,187.2,12.479999999999999,128.2,59.0,59,99,850,6,0.1896551724137931,0.3182926829268293,0.5072876366694701,2,12,1,0,0,0,0,0,776.0,0.8726666666666667,0.24123711340206183,12.479999999999999,5.99930948407517,23.6,2,WR,"https://static.www.nfl.com/image/upload/f_auto,q_auto/league/kxql4sjfelubhxawu2zh",REG,0,0,0,0,0,0,0,,,0,,0,0,0,0,0,0,1,1.6868094765814021,0,0,0,0,0,0,0,1044,414,37,32.92583931352815,0,32,19,15,3,0.814176245210728,0,4,0,0,0,0,0,0.0,0.0,0,0,0,0,0,0,0,0,0,0,0,0,0,0,0,0,0,0,8,85,0,0,0,0,0,0,0,0,0,0,0,0,0,,,0,0,0,0,0,0,0,0,0,0,0,0,,,,0,0,0,0,0,0,0,,0,0,0,0,,0,0,,0,0,0,0,0,0,0,0,0,0,D.Metcalf,DK Metcalf,WR,WR,"https://static.www.nfl.com/image/upload/f_auto,q_auto/league/kxql4sjfelubhxawu2zh",2025.0,POST,PIT,1.0,0.0,0.0,0.0,0.0,0.0,0.0,0.0,0.0,0.0,0.0,0.0,0.0,,,0.0,,0.0,0.0,0.0,0.0,0.0,0.0,0.0,0.0,0.0,0.0,,0.0,0.0,0.0,0.0,0.0,2.0,5.0,42.0,0.0,0.0,0.0,57.0,29.0,2.0,0.31365158734843135,0.0,2.0,2.0,1.0,0.0,0.7368421052631579,0.16129032258064516,0.19655172413793104,0.37952169076751946,0.0,0.0,0.0,0.0,0.0,0.0,0.0,0.0,0.0,0.0,0.0,0.0,0.0,0.0,0.0,0.0,0.0,0.0,0.0,0.0,0.0,0.0,0.0,0.0,0.0,0.0,0.0,0.0,0.0,0.0,0.0,0.0,0.0,0.0,0.0,0.0,0.0,0.0,0.0,0.0,0.0,0.0,,,0.0,0.0,0.0,0.0,0.0,0.0,0.0,0.0,0.0,0.0,0.0,0.0,,,,0.0,0.0,0.0,0.0,0.0,0.0,0.0,,0.0,0.0,0.0,0.0,,0.0,0.0,,0.0,0.0,0.0,0.0,0.0,0.0,0.0,0.0,0.0,0.0,4.2,6.2,00-0035640,MetcDK00,4047650,DK Metcalf,1997-12-14,76.0,235.0,Mississippi,2019.0,2.0,64.0,SEA,2019,8,15.0,0.0,7.0,0.0,0.016,2025.0,DK Metcalf,PIT,28.0,WR,15.0,15.0,99.0,59.0,850.0,,37.0,436.0,7.4,414.0,7.0,10.5,8.0,7.4,5.0,0.051,4.0,90.9,2026-02-11,2025.0,DK Metcalf,PIT,28.0,WR,15.0,15.0,2.0,12.0,,1.0,10.0,5.0,2.0,1.0,0.0,,2026-02-11,,,,,,,,,,,,,,,,,,,,,,,,,,,,,,,,,,,,,,,,,,,,,,,,,,,,,,,,,,,15,12.2,2.6,9,4,0
2025,Parker Washington,P.Washington,00-0038606,JAX,WR,WR,27.0,16,184.7,11.54375,126.7,57.999999999999986,58,95,847,5,0.1736745886654479,0.2432377049180328,0.4307782764407948,7,0,0,0,0,0,0,0,672.0,0.61375,0.27485119047619044,11.54375,7.405490643209717,26.5,1,WR,"https://static.www.nfl.com/image/upload/f_auto,q_auto/league/yn0hc5xrz5nqeccg8two",REG,0,0,0,0,0,0,0,,,0,,0,0,0,0,0,0,1,-1.4225425639080198,0,0,0,0,0,0,0,1187,265,37,29.718381770590817,0,33,23,17,2,0.7135636057287279,2,2,0,0,0,0,0,0.0,0.0,0,0,0,0,0,2,0,0,0,0,0,0,0,1,0,0,0,0,0,0,0,2,1,2,0,25,341,3,75,0,0,0,0,,,0,0,0,0,0,0,0,0,0,0,0,0,,,,0,0,0,0,0,0,0,,0,0,0,0,,0,0,,0,0,0,0,0,0,0,0,0,0,P.Washington,Parker Washington,WR,WR,"https://static.www.nfl.com/image/upload/f_auto,q_auto/league/yn0hc5xrz5nqeccg8two",2025.0,POST,JAX,1.0,0.0,0.0,0.0,0.0,0.0,0.0,0.0,0.0,0.0,0.0,0.0,0.0,,,0.0,,0.0,0.0,0.0,0.0,2.0,2.0,0.0,0.0,0.0,0.0,-0.9522864832542837,0.0,0.0,0.0,0.0,0.0,7.0,12.0,107.0,1.0,0.0,0.0,146.0,21.0,5.0,-0.7704004738479853,0.0,4.0,2.0,2.0,0.0,0.7328767123287672,0.4,0.5,0.9500000000000001,0.0,0.0,0.0,0.0,0.0,0.0,0.0,0.0,0.0,0.0,0.0,0.0,0.0,0.0,0.0,0.0,0.0,0.0,0.0,0.0,0.0,0.0,0.0,0.0,0.0,0.0,0.0,0.0,0.0,0.0,0.0,0.0,0.0,0.0,0.0,0.0,0.0,0.0,0.0,0.0,0.0,0.0,,,0.0,0.0,0.0,0.0,0.0,0.0,0.0,0.0,0.0,0.0,0.0,0.0,,,,0.0,0.0,0.0,0.0,0.0,0.0,0.0,,0.0,0.0,0.0,0.0,,0.0,0.0,,0.0,0.0,0.0,0.0,0.0,0.0,0.0,0.0,0.0,0.0,16.9,23.9,00-0038606,WashPa01,4432620,Parker Washington,2002-03-21,70.0,204.0,Penn State,2023.0,6.0,185.0,JAX,2023,4,16.0,0.0,72.0,0.0,0.17250000000000001,2025.0,Parker Washington,JAX,23.0,WR,16.0,7.0,95.0,58.0,847.0,,37.0,582.0,10.0,265.0,4.6,12.5,5.0,11.6,7.0,0.07400000000000001,3.0,94.5,2026-02-11,2025.0,Parker Washington,JAX,23.0,WR,16.0,7.0,7.0,0.0,,1.0,-5.0,-0.7,5.0,0.7,0.0,,2026-02-11,,,,,,,,,,,,,,,,,,,,,,,,,,,,,,,,,,,,,,,,,,,,,,,,,,,,,,,,,,,16,9.899999999999999,0.0,8,6,1
2025,Alec Pierce,A.Pierce,00-0037664,IND,WR,WR,28.0,15,183.3,12.22,136.3,47.0,47,84,1003,6,0.15849056603773584,0.3636986301369863,0.49232489015249414,0,0,0,0,0,0,0,0,813.0,0.8593333333333334,0.22546125461254615,12.22,8.302426495566564,29.200000000000003,2,WR,"https://static.www.nfl.com/image/upload/f_auto,q_auto/league/qcg9t51wgp3hicavmkmy",REG,0,0,0,0,0,0,0,,,0,,0,0,0,0,0,0,0,,0,0,0,0,0,0,0,1593,174,41,55.77911305843583,0,39,32,17,5,0.6296296296296297,0,3,0,0,0,0,0,0.0,0.0,0,0,0,1,0,0,0,0,0,0,0,0,0,0,0,0,0,0,4,30,0,0,0,0,0,0,0,0,0,0,0,0,0,,,0,0,0,0,0,0,0,0,0,0,0,0,,,,0,0,0,0,0,0,0,,0,0,0,0,,0,0,,0,0,0,0,0,0,0,0,0,0,,,,,,,,,,,,,,,,,,,,,,,,,,,,,,,,,,,,,,,,,,,,,,,,,,,,,,,,,,,,,,,,,,,,,,,,,,,,,,,,,,,,,,,,,,,,,,,,,,,,,,,,,,,,,,,,,,,,,,,,,,,,,,,,,,,,,,,,,,,,,,,,,,,,00-0037664,PierAl00,4360078,Alec Pierce,2000-05-02,75.0,211.0,Cincinnati,2022.0,2.0,53.0,IND,2022,5,15.0,1.0,5.0,0.0006666666666666666,0.014000000000000002,2025.0,Alec Pierce,IND,25.0,WR,15.0,14.0,84.0,47.0,1003.0,,41.0,829.0,17.6,174.0,3.7,18.9,1.0,47.0,1.0,0.012,2.0,112.4,2026-02-11,,,,,,,,,,,,,,,,,,,,,,,,,,,,,,,,,,,,,,,,,,,,,,,,,,,,,,,,,,,,,,,,,,,,,,,,,,,,,15,10.8,0.0,9,5,1
2025,Keenan Allen,K.Allen,00-0030279,LAC,WR,WR,29.0,17,182.7,10.74705882352941,101.7,80.99999999999999,81,122,777,4,0.22426470588235295,0.2259128904531456,0.49453608214073136,0,0,0,0,0,0,0,0,630.0,0.5547058823529412,0.29,10.74705882352941,6.805890614667819,28.9,1,WR,"https://static.www.nfl.com/image/upload/f_auto,q_auto/league/ri267r6lzfwarh89hsn6",REG,0,0,0,0,0,0,0,,,0,,0,0,0,0,0,0,0,,0,0,0,0,0,2,0,1027,231,49,34.920523438576666,0,28,10,6,0,0.7565725413826679,0,3,0,0,0,0,0,0.0,0.0,0,0,0,0,0,0,0,0,0,0,0,0,0,1,0,0,0,0,0,0,1,1,0,2,0,0,0,0,0,0,0,0,0,,,0,0,0,0,0,0,0,0,0,0,0,0,,,,0,0,0,0,0,0,0,,0,0,0,0,,0,0,,0,0,0,0,0,0,0,0,0,0,K.Allen,Keenan Allen,WR,WR,"https://static.www.nfl.com/image/upload/f_auto,q_auto/league/ri267r6lzfwarh89hsn6",2025.0,POST,LAC,1.0,0.0,0.0,0.0,0.0,0.0,0.0,0.0,0.0,0.0,0.0,0.0,0.0,,,0.0,,0.0,0.0,0.0,0.0,0.0,0.0,0.0,0.0,0.0,0.0,,0.0,0.0,0.0,0.0,0.0,3.0,8.0,25.0,0.0,0.0,0.0,57.0,5.0,2.0,-5.0366053124307655,0.0,1.0,0.0,0.0,0.0,0.43859649122807015,0.26666666666666666,0.23651452282157676,0.5655601659751037,0.0,0.0,0.0,0.0,0.0,0.0,0.0,0.0,0.0,0.0,0.0,0.0,0.0,0.0,0.0,0.0,0.0,0.0,0.0,0.0,0.0,0.0,0.0,0.0,0.0,0.0,0.0,0.0,0.0,0.0,0.0,0.0,0.0,0.0,0.0,0.0,0.0,0.0,0.0,0.0,0.0,0.0,,,0.0,0.0,0.0,0.0,0.0,0.0,0.0,0.0,0.0,0.0,0.0,0.0,,,,0.0,0.0,0.0,0.0,0.0,0.0,0.0,,0.0,0.0,0.0,0.0,,0.0,0.0,,0.0,0.0,0.0,0.0,0.0,0.0,0.0,0.0,0.0,0.0,2.5,5.5,00-0030279,AlleKe00,15818,Keenan Allen,1992-04-27,74.0,211.0,California,2013.0,3.0,76.0,LAC,2013,14,17.0,0.0,1.0,0.0,0.001764705882352941,2025.0,Keenan Allen,LAC,33.0,WR,17.0,3.0,122.0,81.0,777.0,,49.0,546.0,6.7,231.0,2.9,8.4,3.0,27.0,6.0,0.049,2.0,88.0,2026-02-11,,,,,,,,,,,,,,,,,,,,,,,,,,,,,,,,,,,,,,,,,,,,,,,,,,,,,,,,,,,,,,,,,,,,,,,,,,,,,17,8.7,2.7,6,4,1
2025,Ladd McConkey,L.McConkey,00-0039915,LAC,WR,WR,30.0,16,180.9,11.30625,114.9,66.0,66,106,789,6,0.1948529411764706,0.2300923889133304,0.45334408400403714,0,0,0,0,0,0,0,0,837.0,0.775,0.2161290322580645,11.30625,6.855408448808868,23.0,3,WR,"https://static.www.nfl.com/image/upload/f_auto,q_auto/league/q2sk7yforrkiusvruo1o",REG,0,0,0,0,0,0,0,,,0,,0,0,0,0,0,0,0,,0,0,0,0,0,0,0,1046,310,35,7.235227504492887,0,33,15,8,2,0.754302103250478,0,1,0,0,0,0,0,0.0,0.0,0,0,0,0,0,0,0,0,0,0,0,0,0,0,0,0,0,0,3,30,0,0,0,0,0,3,23,0,0,0,0,0,0,,,0,0,0,0,0,0,0,0,0,0,0,0,,,,0,0,0,0,0,0,0,,0,0,0,0,,0,0,,0,0,0,0,0,0,0,0,0,0,L.McConkey,Ladd McConkey,WR,WR,"https://static.www.nfl.com/image/upload/f_auto,q_auto/league/q2sk7yforrkiusvruo1o",2025.0,POST,LAC,1.0,0.0,0.0,0.0,0.0,0.0,0.0,0.0,0.0,0.0,0.0,0.0,0.0,,,0.0,,0.0,0.0,0.0,0.0,0.0,0.0,0.0,0.0,0.0,0.0,,0.0,0.0,0.0,0.0,0.0,3.0,4.0,32.0,0.0,0.0,0.0,48.0,10.0,2.0,1.1370713830110617,0.0,1.0,1.0,1.0,0.0,0.6666666666666666,0.13333333333333333,0.1991701244813278,0.3394190871369295,0.0,0.0,0.0,0.0,0.0,0.0,0.0,0.0,0.0,0.0,0.0,0.0,0.0,0.0,0.0,0.0,0.0,0.0,0.0,0.0,0.0,0.0,0.0,0.0,0.0,0.0,0.0,0.0,0.0,0.0,0.0,0.0,0.0,0.0,0.0,0.0,0.0,0.0,0.0,0.0,0.0,0.0,,,0.0,0.0,0.0,0.0,0.0,0.0,0.0,0.0,0.0,0.0,0.0,0.0,,,,0.0,0.0,0.0,0.0,0.0,0.0,0.0,,0.0,0.0,0.0,0.0,,0.0,0.0,,0.0,0.0,0.0,0.0,0.0,0.0,0.0,0.0,0.0,0.0,3.2,6.2,00-0039915,McCoLa00,4612826,Ladd McConkey,2001-11-11,72.0,185.0,Georgia,2024.0,2.0,34.0,LAC,2024,3,16.0,0.0,19.0,0.0,0.044375,2025.0,Ladd McConkey,LAC,24.0,WR,16.0,12.0,106.0,66.0,789.0,,35.0,479.0,7.3,310.0,4.7,9.9,5.0,13.2,6.0,0.057,5.0,84.2,2026-02-11,,,,,,,,,,,,,,,,,,,,,,,,,,,,,,,,,,,,,,,,,,,,,,,,,,,,,,,,,,,,,,,,,,,,,,,,,,,,,16,11.600000000000001,2.1,8,4,0
2025,Troy Franklin,T.Franklin,00-0039868,DEN,WR,WR,31.0,17,177.10000000000002,10.417647058823531,112.10000000000001,65.00000000000001,65,104,709,6,0.1780821917808219,0.2943404634581105,0.47316161209191016,5,12,0,0,0,0,0,0,670.0,0.5958823529411765,0.2643283582089553,10.41764705882353,7.625306165502279,26.9,3,WR,"https://static.www.nfl.com/image/upload/f_auto,q_auto/league/wgfbgxjntyqzojpizgaj",REG,0,0,0,0,0,0,0,,,0,,0,0,0,0,0,0,2,-1.7212982622440904,0,1,0,0,0,1,1,1321,282,32,9.788528783931133,3,26,15,9,2,0.5367146101438305,0,2,0,0,0,0,0,0.0,0.0,0,0,0,0,0,0,0,0,0,0,0,0,0,0,0,0,0,0,3,25,1,0,0,1,1,0,0,0,0,0,0,0,0,,,0,0,0,0,0,0,0,0,0,0,0,0,,,,0,0,0,0,0,0,0,,0,0,0,0,,0,0,,0,0,0,0,0,0,0,0,0,0,,,,,,,,,,,,,,,,,,,,,,,,,,,,,,,,,,,,,,,,,,,,,,,,,,,,,,,,,,,,,,,,,,,,,,,,,,,,,,,,,,,,,,,,,,,,,,,,,,,,,,,,,,,,,,,,,,,,,,,,,,,,,,,,,,,,,,,,,,,,,,,,,,,,00-0039868,FranTr00,4431280,Troy Franklin,2003-02-06,75.0,180.0,Oregon,2024.0,4.0,102.0,DEN,2024,3,17.0,0.0,0.0,0.0,0.0,2025.0,Troy Franklin,DEN,22.0,WR,17.0,7.0,104.0,65.0,709.0,,32.0,427.0,6.6,282.0,4.3,12.7,3.0,21.7,4.0,0.038,4.0,85.8,2026-02-11,2025.0,Troy Franklin,DEN,22.0,WR,17.0,7.0,5.0,12.0,,2.0,-3.0,-0.6,15.0,3.0,1.0,5.0,2026-02-11,,,,,,,,,,,,,,,,,,,,,,,,,,,,,,,,,,,,,,,,,,,,,,,,,,,,,,,,,,,17,8.5,0.0,7,4,1
2025,Jakobi Meyers,J.Meyers,00-0034960,JAX,WR,WR,32.0,16,175.8,10.9875,100.80000000000001,75.0,75,110,835,3,0.22267206477732793,0.314214463840399,0.5539582218542711,5,13,0,0,0,0,0,0,872.0,0.85,0.20160550458715598,10.9875,4.352757746532651,21.3,1,WR,"https://static.www.nfl.com/image/upload/f_auto,q_auto/league/zrs4ij8mvw7wr1uujwew",REG,0,0,0,0,0,0,0,,,0,,0,0,0,0,0,0,1,-0.40705584074021317,0,0,0,0,0,1,1,1008,282,43,10.014071694386388,0,31,16,10,2,0.8283730158730159,0,0,0,1,0,0,0,0.0,0.0,0,0,0,0,0,0,0,0,0,0,0,0,0,0,0,0,0,0,3,30,0,1,0,1,1,0,0,0,0,0,0,0,0,,,0,0,0,0,0,0,0,0,0,0,0,0,,,,0,0,0,0,0,0,0,,0,0,0,0,,0,0,,0,0,0,0,0,0,0,0,0,0,J.Meyers,Jakobi Meyers,WR,WR,"https://static.www.nfl.com/image/upload/f_auto,q_auto/league/zrs4ij8mvw7wr1uujwew",2025.0,POST,JAX,1.0,0.0,0.0,0.0,0.0,0.0,0.0,0.0,0.0,0.0,0.0,0.0,0.0,,,0.0,,0.0,0.0,0.0,0.0,0.0,0.0,0.0,0.0,0.0,0.0,,0.0,0.0,0.0,0.0,0.0,1.0,4.0,12.0,0.0,0.0,0.0,45.0,0.0,1.0,-3.1234165148925968,0.0,1.0,0.0,0.0,0.0,0.26666666666666666,0.13333333333333333,0.1541095890410959,0.3078767123287671,0.0,0.0,0.0,0.0,0.0,0.0,0.0,0.0,0.0,0.0,0.0,0.0,0.0,0.0,0.0,0.0,0.0,0.0,0.0,0.0,0.0,0.0,0.0,0.0,0.0,0.0,0.0,0.0,0.0,0.0,0.0,0.0,0.0,0.0,0.0,0.0,0.0,0.0,0.0,0.0,0.0,0.0,,,0.0,0.0,0.0,0.0,0.0,0.0,0.0,0.0,0.0,0.0,0.0,0.0,,,,0.0,0.0,0.0,0.0,0.0,0.0,0.0,,0.0,0.0,0.0,0.0,,0.0,0.0,,0.0,0.0,0.0,0.0,0.0,0.0,0.0,0.0,0.0,0.0,1.2000000000000002,2.2,00-0034960,MeyeJa01,3916433,Jakobi Meyers,1996-11-09,74.0,200.0,N.C. State,,,,,2019,8,16.0,0.0,3.0,0.0,0.006875,2025.0,Jakobi Meyers,2TM,29.0,WR,16.0,13.0,110.0,75.0,835.0,,43.0,553.0,7.4,282.0,3.8,9.1,4.0,18.8,2.0,0.018000000000000002,6.0,76.9,2026-02-11,2025.0,Jakobi Meyers,JAX,29.0,WR,9.0,7.0,5.0,13.0,,1.0,5.0,1.0,8.0,1.6,0.0,,2026-02-11,,,,,,,,,,,,,,,,,,,,,,,,,,,,,,,,,,,,,,,,,,,,,,,,,,,,,,,,,,,16,9.350000000000001,6.300000000000001,7,3,0
2025,Jauan Jennings,J.Jennings,00-0036259,SF,WR,WR,33.0,15,173.3,11.553333333333335,118.3,55.000000000000014,55,90,643,9,0.16363636363636364,0.2106610800744879,0.39291730150668697,0,0,0,0,0,0,0,0,795.0,0.8206666666666667,0.21798742138364782,11.553333333333335,5.710124675479846,19.9,0,WR,"https://static.www.nfl.com/image/upload/f_auto,q_auto/league/ben8kbygzzlid6ltmdum",REG,0,0,0,0,0,0,0,,,0,,0,0,0,0,0,0,0,,0,0,0,0,0,1,1,905,181,36,-2.2711951457619803,1,30,12,9,1,0.7104972375690608,0,1,0,0,0,0,0,0.0,0.0,0,0,0,0,0,0,0,0,0,0,0,0,0,0,0,0,0,0,4,35,1,0,0,1,1,0,0,0,0,0,0,0,0,,,0,0,0,0,0,0,0,0,0,0,0,0,,,,0,0,0,0,0,0,0,,0,0,0,0,,0,0,,0,0,0,0,0,0,0,0,0,0,J.Jennings,Jauan Jennings,WR,WR,"https://static.www.nfl.com/image/upload/f_auto,q_auto/league/ben8kbygzzlid6ltmdum",2025.0,POST,SF,2.0,1.0,1.0,29.0,1.0,0.0,0.0,0.0,0.0,0.0,27.0,2.0,1.0,3.2096103037474677,68.21950972080231,0.0,1.0740740740740742,1.0,1.0,1.0,0.0,0.0,0.0,0.0,0.0,0.0,0.0,,0.0,0.0,0.0,0.0,0.0,3.0,8.0,68.0,0.0,0.0,0.0,101.0,34.0,2.0,0.39957818196853623,0.0,2.0,2.0,1.0,1.0,0.6732673267326733,0.14035087719298245,0.19649805447470817,0.34807495392176935,0.0,0.0,0.0,0.0,0.0,0.0,0.0,0.0,0.0,0.0,0.0,0.0,0.0,0.0,0.0,0.0,0.0,0.0,0.0,0.0,0.0,0.0,0.0,0.0,0.0,0.0,0.0,0.0,0.0,0.0,0.0,0.0,0.0,0.0,0.0,0.0,0.0,0.0,0.0,0.0,0.0,0.0,,,0.0,0.0,0.0,0.0,0.0,0.0,0.0,0.0,0.0,0.0,0.0,0.0,,,,0.0,0.0,0.0,0.0,0.0,0.0,0.0,,0.0,0.0,0.0,0.0,,0.0,0.0,,0.0,0.0,0.0,0.0,0.0,0.0,0.0,0.0,0.0,0.0,11.96,14.96,00-0036259,JennJa00,3886598,Jauan Jennings,1997-07-10,75.0,212.0,Tennessee,2020.0,7.0,217.0,SF,2020,6,15.0,0.0,3.0,0.0,0.006666666666666667,2025.0,Jauan Jennings,SF,28.0,WR,15.0,15.0,90.0,55.0,643.0,,36.0,462.0,8.4,181.0,3.3,10.1,4.0,13.8,3.0,0.033,7.0,83.7,2026-02-11,,,,,,,,,,,,,,,,,,,,,,,,,,,,,,,,,,,,,,,,,,,,,,,,,,,,,,,,,,,,,,,,,,,,,,,,,,,,,15,12.2,1.7000000000000002,8,5,0
2025,DJ Moore,D.Moore,00-0034827,CHI,WR,WR,34.0,17,172.18,10.128235294117648,122.18,50.0,50,85,682,6,0.15977443609022557,0.19983818770226539,0.3795483855269241,15,79,1,1,1,2,1,0,979.0,0.8482352941176471,0.17587334014300307,10.128235294117648,8.190622866496568,23.4,4,WR,"https://static.www.nfl.com/image/upload/f_auto,q_auto/league/lsavpxtqoqu25emwcnvy",REG,0,0,0,0,2,0,1,3.8681936897919513,46.21419906616211,0,1.0,0,0,0,0,0,0,5,4.172832281328738,0,3,2,0,0,0,0,988,222,32,13.623197492486497,0,31,19,12,2,0.6902834008097166,0,1,0,0,0,0,0,0.0,0.0,0,0,0,0,0,0,0,0,0,0,0,0,0,0,0,0,0,0,6,39,1,0,0,1,1,0,0,0,0,0,0,0,0,,,0,0,0,0,0,0,0,0,0,0,0,0,,,,0,0,0,0,0,0,0,,0,0,0,0,,0,0,,0,0,0,0,0,0,0,0,0,0,D.Moore,DJ Moore,WR,WR,"https://static.www.nfl.com/image/upload/f_auto,q_auto/league/lsavpxtqoqu25emwcnvy",2025.0,POST,CHI,2.0,0.0,0.0,0.0,0.0,0.0,0.0,0.0,0.0,0.0,0.0,0.0,0.0,,,0.0,,0.0,0.0,0.0,0.0,2.0,3.0,0.0,0.0,0.0,1.0,-0.6550729098380543,0.0,0.0,0.0,0.0,0.0,11.0,15.0,116.0,2.0,0.0,0.0,136.0,53.0,5.0,8.555155139532872,0.0,4.0,3.0,2.0,0.0,0.8529411764705882,0.17045454545454544,0.14437367303609341,0.35674338930708355,0.0,1.0,0.0,0.0,0.0,0.0,0.0,0.0,0.0,0.0,0.0,0.0,0.0,0.0,0.0,0.0,0.0,0.0,0.0,0.0,0.0,0.0,0.0,0.0,0.0,0.0,0.0,0.0,0.0,0.0,0.0,0.0,0.0,0.0,0.0,0.0,0.0,0.0,0.0,0.0,0.0,0.0,,,0.0,0.0,0.0,0.0,0.0,0.0,0.0,0.0,0.0,0.0,0.0,0.0,,,,0.0,0.0,0.0,0.0,0.0,0.0,0.0,,0.0,0.0,0.0,0.0,,0.0,0.0,,0.0,0.0,0.0,0.0,0.0,0.0,0.0,0.0,0.0,0.0,23.9,34.9,00-0034827,MoorD.00,3915416,DJ Moore,1997-04-14,72.0,213.0,Maryland,2018.0,1.0,24.0,CAR,2018,9,17.0,0.0,2.0,0.0,0.00411764705882353,2025.0,DJ Moore,CHI,28.0,WR,17.0,17.0,85.0,50.0,682.0,,32.0,460.0,9.2,222.0,4.4,11.5,4.0,12.5,3.0,0.035,1.0,103.2,2026-02-11,2025.0,DJ Moore,CHI,28.0,WR,17.0,17.0,15.0,79.0,,5.0,58.0,3.9,21.0,1.4,2.0,7.5,2026-02-11,D.J. Moore,CHI,1.0,0.0,0.0,0.0,0.0,0.0,0.0,2025.0,1.4,1.0,0.0,0.0,0.0,0.0,0.0,1.0,100.0,3.0,23.0,1.0,2.0,2.0,21.0,,,2.0,2.0,2.0,2.0,2.0,0.0,0.0,0.0,,2025.0,Regular,Season Total,CHI,D. Moore,,100.0,1.8,1.0,1.9,1.9,0.0,0.0,0.0,100.0,0.0,DJ,Moore,DJ Moore,https://a.espncdn.com/i/headshots/nfl/players/full/3915416.png,Bears,False,17,8.2,0.0,7,4,0
2025,Quentin Johnston,Q.Johnston,00-0038544,LAC,WR,WR,35.0,13,171.2,13.169230769230769,120.2,50.999999999999986,51,84,735,8,0.15441176470588236,0.21755389353277607,0.3839053725317668,2,7,0,0,0,0,0,0,723.0,0.7685714285714286,0.2367911479944675,13.169230769230769,7.442936765303578,24.9,3,WR,"https://static.www.nfl.com/image/upload/f_auto,q_auto/league/lyvsrjh4mjb4dqwp6shm",REG,0,0,0,0,0,0,0,,,0,,0,0,0,0,0,0,0,-0.37045799556653947,0,0,0,0,0,1,1,989,221,27,23.91051853808693,0,26,16,13,3,0.7431749241658241,0,1,0,0,0,0,0,0.0,0.0,0,0,0,0,0,0,0,0,0,0,0,0,0,0,0,0,0,0,1,5,1,0,0,1,1,0,0,0,0,0,0,0,0,,,0,0,0,0,0,0,0,0,0,0,0,0,,,,0,0,0,0,0,0,0,,0,0,0,0,,0,0,,0,0,0,0,0,0,0,0,0,0,Q.Johnston,Quentin Johnston,WR,WR,"https://static.www.nfl.com/image/upload/f_auto,q_auto/league/lyvsrjh4mjb4dqwp6shm",2025.0,POST,LAC,1.0,0.0,0.0,0.0,0.0,0.0,0.0,0.0,0.0,0.0,0.0,0.0,0.0,,,0.0,,0.0,0.0,0.0,0.0,0.0,0.0,0.0,0.0,0.0,0.0,,0.0,0.0,0.0,0.0,0.0,3.0,6.0,20.0,0.0,0.0,0.0,55.0,8.0,0.0,-1.268527188221924,0.0,0.0,0.0,0.0,0.0,0.36363636363636365,0.2,0.22821576763485477,0.45975103734439837,0.0,0.0,0.0,0.0,0.0,0.0,0.0,0.0,0.0,0.0,0.0,0.0,0.0,0.0,0.0,0.0,0.0,0.0,0.0,0.0,0.0,0.0,0.0,0.0,0.0,0.0,0.0,0.0,0.0,0.0,0.0,0.0,0.0,0.0,0.0,0.0,0.0,0.0,0.0,0.0,0.0,0.0,,,0.0,0.0,0.0,0.0,0.0,0.0,0.0,0.0,0.0,0.0,0.0,0.0,,,,0.0,0.0,0.0,0.0,0.0,0.0,0.0,,0.0,0.0,0.0,0.0,,0.0,0.0,,0.0,0.0,0.0,0.0,0.0,0.0,0.0,0.0,0.0,0.0,2.0,5.0,00-0038544,JohnQu02,4429025,Quentin Johnston,2001-09-06,74.0,208.0,TCU,2023.0,1.0,21.0,LAC,2023,4,14.0,0.0,0.0,0.0,0.0,2025.0,Quentin Johnston,LAC,24.0,WR,14.0,10.0,84.0,51.0,735.0,,27.0,514.0,10.1,221.0,4.3,11.8,5.0,10.2,2.0,0.024,2.0,111.0,2026-02-11,2025.0,Quentin Johnston,LAC,24.0,WR,14.0,10.0,2.0,7.0,,0.0,5.0,2.5,2.0,1.0,0.0,,2026-02-11,,,,,,,,,,,,,,,,,,,,,,,,,,,,,,,,,,,,,,,,,,,,,,,,,,,,,,,,,,,13,14.8,0.0,9,5,0
2025,Khalil Shakir,K.Shakir,00-0037261,BUF,WR,WR,36.0,16,166.4,10.4,94.4,72.0,72,95,719,4,0.19832985386221294,0.09656889872717211,0.3650930099023399,1,5,0,0,0,0,0,0,635.0,0.5975,0.2620472440944882,10.4,5.800689614175198,20.8,1,WR,"https://static.www.nfl.com/image/upload/f_auto,q_auto/league/syvp3hficobwcsim3i9v",REG,0,0,0,0,0,0,0,,,0,,0,0,0,0,0,0,0,-0.10540814138948917,0,0,0,0,0,1,1,349,541,28,7.502132030080418,0,24,12,8,3,2.0601719197707737,0,2,0,0,0,0,0,0.0,0.0,0,0,0,0,0,0,0,0,0,0,0,0,0,0,0,0,0,0,2,11,1,0,0,1,1,16,124,0,0,0,0,0,0,,,0,0,0,0,0,0,0,0,0,0,0,0,,,,0,0,0,0,0,0,0,,0,0,0,0,,0,0,,0,0,0,0,0,0,0,0,0,0,K.Shakir,Khalil Shakir,WR,WR,"https://static.www.nfl.com/image/upload/f_auto,q_auto/league/syvp3hficobwcsim3i9v",2025.0,POST,BUF,2.0,0.0,0.0,0.0,0.0,0.0,0.0,0.0,0.0,0.0,0.0,0.0,0.0,,,0.0,,0.0,0.0,0.0,0.0,0.0,0.0,0.0,0.0,0.0,0.0,,0.0,0.0,0.0,0.0,0.0,19.0,21.0,157.0,0.0,0.0,0.0,45.0,113.0,6.0,7.204524267234374,0.0,5.0,2.0,1.0,1.0,3.488888888888889,0.28378378378378377,0.0706436420722135,0.4751262251262251,0.0,1.0,0.0,0.0,0.0,0.0,0.0,0.0,0.0,0.0,0.0,0.0,0.0,0.0,0.0,0.0,0.0,0.0,0.0,0.0,0.0,0.0,0.0,0.0,0.0,0.0,0.0,0.0,0.0,0.0,0.0,0.0,0.0,0.0,0.0,0.0,0.0,0.0,0.0,0.0,0.0,0.0,,,0.0,0.0,0.0,0.0,0.0,0.0,0.0,0.0,0.0,0.0,0.0,0.0,,,,0.0,0.0,0.0,0.0,0.0,0.0,0.0,,0.0,0.0,0.0,0.0,,0.0,0.0,,0.0,0.0,0.0,0.0,0.0,0.0,0.0,0.0,0.0,0.0,15.700000000000001,34.7,00-0037261,ShakKh00,4373678,Khalil Shakir,2000-02-03,72.0,190.0,Boise State,2022.0,5.0,148.0,BUF,2022,5,16.0,0.0,40.0,0.0,0.10062499999999999,2025.0,Khalil Shakir,BUF,25.0,WR,16.0,10.0,95.0,72.0,719.0,,28.0,178.0,2.5,541.0,7.5,3.7,7.0,10.3,3.0,0.032,2.0,102.0,2026-02-11,2025.0,Khalil Shakir,BUF,25.0,WR,16.0,10.0,1.0,5.0,,0.0,5.0,5.0,0.0,0.0,0.0,,2026-02-11,,,,,,,,,,,,,,,,,,,,,,,,,,,,,,,,,,,,,,,,,,,,,,,,,,,,,,,,,,,16,11.15,0.7,9,3,0
2025,Romeo Doubs,R.Doubs,00-0037816,GB,WR,WR,37.0,16,165.4,10.3375,110.4,55.0,55,85,724,6,0.18478260869565216,0.253327107167873,0.4545028880609894,0,0,0,0,0,0,0,0,780.0,0.775625,0.21205128205128207,10.3375,7.260842467188868,29.8,1,WR,"https://static.www.nfl.com/image/upload/f_auto,q_auto/league/yxvzijmgwyyigljxfmyb",REG,0,0,0,0,0,0,0,,,0,,0,0,0,0,0,0,0,,0,0,0,0,0,1,0,1085,163,41,34.645472560090084,1,30,18,12,2,0.6672811059907834,0,0,0,0,0,0,0,0.0,0.0,0,0,0,0,0,0,0,0,0,0,0,0,0,0,0,0,0,0,1,10,1,0,0,1,0,15,94,0,0,0,0,0,0,,,0,0,0,0,0,0,0,0,0,0,0,0,,,,0,0,0,0,0,0,0,,0,0,0,0,,0,0,,0,0,0,0,0,0,0,0,0,0,R.Doubs,Romeo Doubs,WR,WR,"https://static.www.nfl.com/image/upload/f_auto,q_auto/league/yxvzijmgwyyigljxfmyb",2025.0,POST,GB,1.0,0.0,0.0,0.0,0.0,0.0,0.0,0.0,0.0,0.0,0.0,0.0,0.0,,,0.0,,0.0,0.0,0.0,0.0,0.0,0.0,0.0,0.0,0.0,0.0,,0.0,0.0,0.0,0.0,0.0,8.0,11.0,124.0,1.0,0.0,0.0,113.0,42.0,7.0,12.978645533047624,0.0,4.0,3.0,3.0,0.0,1.0973451327433628,0.2894736842105263,0.24093816631130063,0.6028672427337,0.0,0.0,0.0,0.0,0.0,0.0,0.0,0.0,0.0,0.0,0.0,0.0,0.0,0.0,0.0,0.0,0.0,0.0,0.0,0.0,0.0,0.0,1.0,0.0,0.0,0.0,0.0,0.0,0.0,0.0,0.0,0.0,0.0,0.0,0.0,0.0,0.0,0.0,0.0,0.0,0.0,0.0,,,0.0,0.0,0.0,0.0,0.0,0.0,0.0,0.0,0.0,0.0,0.0,0.0,,,,0.0,0.0,0.0,0.0,0.0,0.0,0.0,,0.0,0.0,0.0,0.0,,0.0,0.0,,0.0,0.0,0.0,0.0,0.0,0.0,0.0,0.0,0.0,0.0,18.4,26.4,00-0037816,DoubRo00,4361432,Romeo Doubs,2000-04-13,74.0,210.0,Nevada,2022.0,4.0,132.0,GB,2022,5,16.0,0.0,38.0,0.0,0.10124999999999999,2025.0,Romeo Doubs,GB,25.0,WR,16.0,15.0,85.0,55.0,724.0,,41.0,561.0,10.2,163.0,3.0,12.2,2.0,27.5,3.0,0.035,1.0,110.1,2026-02-11,,,,,,,,,,,,,,,,,,,,,,,,,,,,,,,,,,,,,,,,,,,,,,,,,,,,,,,,,,,,,,,,,,,,,,,,,,,,,16,9.350000000000001,0.0,7,3,1
2025,Tre Tucker,T.Tucker,00-0038563,LV,WR,WR,38.0,17,161.7,9.511764705882353,104.7,56.999999999999986,57,92,696,5,0.1862348178137652,0.2914588528678304,0.4833734237281291,11,51,0,0,0,0,0,0,942.0,0.9482352941176471,0.171656050955414,9.511764705882353,8.937902603025861,40.9,1,WR,"https://static.www.nfl.com/image/upload/f_auto,q_auto/league/hazzk3hrcequzosdgzgv",REG,0,0,0,0,0,0,0,,,0,,0,0,0,0,0,0,1,-0.4695345525396988,0,1,0,0,0,0,0,935,291,32,21.81887260248699,0,31,13,9,1,0.7443850267379679,0,2,0,0,0,0,0,0.0,0.0,0,0,0,0,0,0,0,0,0,0,0,0,0,0,0,0,0,0,4,15,0,0,0,0,0,7,49,1,23,0,0,0,0,,,0,0,0,0,0,0,0,0,0,0,0,0,,,,0,0,0,0,0,0,0,,0,0,0,0,,0,0,,0,0,0,0,0,0,0,0,0,0,,,,,,,,,,,,,,,,,,,,,,,,,,,,,,,,,,,,,,,,,,,,,,,,,,,,,,,,,,,,,,,,,,,,,,,,,,,,,,,,,,,,,,,,,,,,,,,,,,,,,,,,,,,,,,,,,,,,,,,,,,,,,,,,,,,,,,,,,,,,,,,,,,,,00-0038563,TuckTr00,4428718,Tre Tucker,2001-03-08,68.0,182.0,Cincinnati,2023.0,3.0,100.0,LV,2023,4,17.0,0.0,21.0,0.0,0.04647058823529412,2025.0,Tre Tucker,LV,24.0,WR,17.0,17.0,92.0,57.0,696.0,,32.0,405.0,7.1,291.0,5.1,9.4,3.0,19.0,4.0,0.043,1.0,98.8,2026-02-11,2025.0,Tre Tucker,LV,24.0,WR,17.0,17.0,11.0,51.0,,1.0,39.0,3.5,12.0,1.1,1.0,11.0,2026-02-11,,,,,,,,,,,,,,,,,,,,,,,,,,,,,,,,,,,,,,,,,,,,,,,,,,,,,,,,,,,17,6.800000000000001,0.0,5,1,1
2025,Rashid Shaheed,R.Shaheed,00-0037545,SEA,WR,WR,39.0,18,156.60000000000002,8.700000000000001,97.60000000000001,59.000000000000014,59,92,687,2,0.16283185840707964,0.21997075412575726,0.39822731549864954,9,69,0,0,0,0,0,0,705.0,0.6088888888888889,0.22212765957446812,8.7,5.83790856990654,21.4,1,WR,"https://static.www.nfl.com/image/upload/f_auto,q_auto/league/ku2naisfbxmzgagxojnm",REG,0,0,0,0,0,0,0,,,0,,0,0,0,0,0,0,3,0.9749342742725275,0,3,1,1,0,1,1,1053,177,29,-4.27938954224811,0,27,11,6,1,0.6524216524216524,2,1,0,0,0,0,0,0.0,0.0,0,0,0,0,0,0,0,0,0,0,0,0,0,0,0,0,0,0,2,10,2,0,0,2,1,23,339,15,447,0,0,0,0,,,0,0,0,0,0,0,0,0,0,0,0,0,,,,0,0,0,0,0,0,0,,0,0,0,0,,0,0,,0,0,0,0,0,0,0,0,0,0,R.Shaheed,Rashid Shaheed,WR,WR,"https://static.www.nfl.com/image/upload/f_auto,q_auto/league/ku2naisfbxmzgagxojnm",2025.0,POST,SEA,3.0,0.0,0.0,0.0,0.0,0.0,0.0,0.0,0.0,0.0,0.0,0.0,0.0,,,0.0,,0.0,0.0,0.0,0.0,4.0,22.0,0.0,0.0,0.0,1.0,-1.5712623273720965,0.0,1.0,1.0,1.0,0.0,3.0,10.0,78.0,0.0,0.0,0.0,263.0,17.0,3.0,-0.02112101506099151,0.0,3.0,2.0,1.0,1.0,0.2965779467680608,0.11627906976744186,0.32389162561576357,0.4011427425821973,1.0,0.0,0.0,0.0,0.0,0.0,0.0,0.0,0.0,0.0,0.0,0.0,0.0,0.0,0.0,0.0,0.0,0.0,0.0,0.0,0.0,0.0,0.0,0.0,0.0,0.0,0.0,0.0,0.0,0.0,0.0,0.0,0.0,0.0,2.0,16.0,4.0,167.0,0.0,0.0,0.0,0.0,,,0.0,0.0,0.0,0.0,0.0,0.0,0.0,0.0,0.0,0.0,0.0,0.0,,,,0.0,0.0,0.0,0.0,0.0,0.0,0.0,,0.0,0.0,0.0,0.0,,0.0,0.0,,0.0,0.0,0.0,0.0,0.0,0.0,0.0,0.0,0.0,0.0,16.0,19.0,00-0037545,ShahRa00,4032473,Rashid Shaheed,1998-08-31,72.0,180.0,Weber State,,,,,2022,5,18.0,0.0,100.0,0.0,0.21777777777777776,2025.0,Rashid Shaheed,2TM,27.0,WR,18.0,13.0,92.0,59.0,687.0,,29.0,510.0,8.6,177.0,3.0,11.4,2.0,29.5,0.0,0.0,4.0,75.8,2026-02-11,2025.0,Rashid Shaheed,2TM,27.0,WR,18.0,13.0,9.0,69.0,,3.0,61.0,6.8,8.0,0.9,0.0,,2026-02-11,,,,,,,,,,,,,,,,,,,,,,,,,,,,,,,,,,,,,,,,,,,,,,,,,,,,,,,,,,,18,8.649999999999999,0.5,6,3,0
2025,Rashee Rice,R.Rice,00-0039067,KC,WR,WR,40.0,8,150.1,18.7625,97.1,53.0,53,78,571,5,0.14207650273224043,0.07456430619898521,0.2653097684376503,5,20,1,0,0,0,0,0,415.0,0.74875,0.3616867469879518,18.7625,8.111532795083447,29.4,4,WR,"https://static.www.nfl.com/image/upload/f_auto,q_auto/league/qhkbqrydjeur8zvrrmfl",REG,0,0,0,0,0,0,0,,,0,,0,0,0,0,1,0,2,1.8625007853843272,0,0,0,0,0,1,0,338,414,28,16.019448061033202,1,21,11,9,2,1.6893491124260356,0,0,0,0,0,0,0,0.0,0.0,0,0,0,0,0,0,0,0,0,0,0,0,0,1,0,0,0,0,2,25,2,0,1,2,0,0,0,0,0,0,0,0,0,,,0,0,0,0,0,0,0,0,0,0,0,0,,,,0,0,0,0,0,0,0,,0,0,0,0,,0,0,,0,0,0,0,0,0,0,0,0,0,,,,,,,,,,,,,,,,,,,,,,,,,,,,,,,,,,,,,,,,,,,,,,,,,,,,,,,,,,,,,,,,,,,,,,,,,,,,,,,,,,,,,,,,,,,,,,,,,,,,,,,,,,,,,,,,,,,,,,,,,,,,,,,,,,,,,,,,,,,,,,,,,,,,00-0039067,RiceRa01,4428331,Rashee Rice,2000-04-22,73.0,203.0,SMU,2023.0,2.0,55.0,KC,2023,4,8.0,0.0,0.0,0.0,0.0,2025.0,Rashee Rice,KC,25.0,WR,8.0,8.0,78.0,53.0,571.0,,28.0,157.0,3.0,414.0,7.8,4.3,3.0,17.7,5.0,0.064,1.0,105.2,2026-02-11,2025.0,Rashee Rice,KC,25.0,WR,8.0,8.0,5.0,20.0,,2.0,13.0,2.6,7.0,1.4,0.0,,2026-02-11,,,,,,,,,,,,,,,,,,,,,,,,,,,,,,,,,,,,,,,,,,,,,,,,,,,,,,,,,,,8,20.9,7.4,6,5,2
2025,Rome Odunze,R.Odunze,00-0039919,CHI,WR,WR,41.0,12,146.10000000000002,12.175000000000002,102.10000000000001,44.000000000000014,44,90,661,6,0.16917293233082706,0.2532362459546926,0.4310247706645254,0,0,0,0,0,0,0,0,733.0,0.8808333333333334,0.19931787175989088,12.174999999999999,9.172699116994359,31.8,2,WR,"https://static.www.nfl.com/image/upload/f_auto,q_auto/league/niewdl2p2325kpohbw9v",REG,0,0,0,0,0,0,0,,,0,,0,0,0,0,0,0,0,,0,0,0,0,0,0,0,1252,214,37,20.892721082810432,0,33,19,13,0,0.5279552715654952,0,0,0,0,0,0,0,0.0,0.0,0,0,0,0,0,0,0,0,0,0,0,0,0,1,0,0,0,0,2,10,0,0,0,0,0,0,0,0,0,0,0,0,0,,,0,0,0,0,0,0,0,0,0,0,0,0,,,,0,0,0,0,0,0,0,,0,0,0,0,,0,0,,0,0,0,0,0,0,0,0,0,0,R.Odunze,Rome Odunze,WR,WR,"https://static.www.nfl.com/image/upload/f_auto,q_auto/league/niewdl2p2325kpohbw9v",2025.0,POST,CHI,2.0,0.0,0.0,0.0,0.0,0.0,0.0,0.0,0.0,0.0,0.0,0.0,0.0,,,0.0,,0.0,0.0,0.0,0.0,0.0,0.0,0.0,0.0,0.0,0.0,,0.0,0.0,0.0,0.0,0.0,4.0,12.0,88.0,0.0,0.0,0.0,217.0,8.0,4.0,4.825164935056819,0.0,4.0,4.0,2.0,0.0,0.4055299539170507,0.13636363636363635,0.23036093418259024,0.36579810847326766,0.0,0.0,0.0,0.0,0.0,0.0,0.0,0.0,0.0,0.0,0.0,0.0,0.0,0.0,0.0,0.0,0.0,0.0,0.0,0.0,0.0,0.0,0.0,0.0,0.0,0.0,0.0,1.0,5.0,0.0,0.0,0.0,0.0,0.0,0.0,0.0,0.0,0.0,0.0,0.0,0.0,0.0,,,0.0,0.0,0.0,0.0,0.0,0.0,0.0,0.0,0.0,0.0,0.0,0.0,,,,0.0,0.0,0.0,0.0,0.0,0.0,0.0,,0.0,0.0,0.0,0.0,,0.0,0.0,,0.0,0.0,0.0,0.0,0.0,0.0,0.0,0.0,0.0,0.0,8.8,12.8,00-0039919,OdunRo00,4431299,Rome Odunze,2002-06-03,75.0,215.0,Washington,2024.0,1.0,9.0,CHI,2024,3,12.0,0.0,2.0,0.0,0.005833333333333334,2025.0,Rome Odunze,CHI,23.0,WR,12.0,12.0,90.0,44.0,661.0,,37.0,447.0,10.2,214.0,4.9,13.9,1.0,44.0,2.0,0.022000000000000002,3.0,81.8,2026-02-11,,,,,,,,,,,,,,,,,,,,,,,,,,,,,,,,,,,,,,,,,,,,,,,,,,,,,,,,,,,,,,,,,,,,,,,,,,,,,12,11.75,0.0,6,6,1
2025,Brian Thomas Jr.,B.Thomas,00-0039893,JAX,WR,WR,42.0,14,138.8,9.914285714285715,90.8,48.000000000000014,48,91,707,2,0.1663619744058501,0.2694672131147541,0.438170010789103,3,21,1,0,0,0,0,0,741.0,0.7764285714285715,0.1873144399460189,9.914285714285715,5.013651692798704,23.0,1,WR,"https://static.www.nfl.com/image/upload/f_auto,q_auto/league/plnekkriys4cm11rnxwl",REG,0,0,0,0,0,0,0,,,0,,0,0,0,0,0,0,2,2.8626816660398617,0,0,0,0,0,0,0,1315,159,33,17.201031782087778,0,30,18,11,1,0.5376425855513308,0,1,0,0,0,0,0,0.0,0.0,0,0,0,0,0,0,0,0,0,0,0,0,0,0,0,0,0,0,2,24,0,0,0,0,0,0,0,0,0,0,0,0,0,,,0,0,0,0,0,0,0,0,0,0,0,0,,,,0,0,0,0,0,0,0,,0,0,0,0,,0,0,,0,0,0,0,0,0,0,0,0,0,B.Thomas,Brian Thomas Jr.,WR,WR,"https://static.www.nfl.com/image/upload/f_auto,q_auto/league/plnekkriys4cm11rnxwl",2025.0,POST,JAX,1.0,0.0,0.0,0.0,0.0,0.0,0.0,0.0,0.0,0.0,0.0,0.0,0.0,,,0.0,,0.0,0.0,0.0,0.0,0.0,0.0,0.0,0.0,0.0,0.0,,0.0,0.0,0.0,0.0,0.0,2.0,2.0,21.0,1.0,0.0,0.0,20.0,1.0,2.0,3.266782587801572,0.0,1.0,1.0,0.0,0.0,1.05,0.06666666666666667,0.0684931506849315,0.14794520547945206,0.0,0.0,0.0,0.0,0.0,0.0,0.0,0.0,0.0,0.0,0.0,0.0,0.0,0.0,0.0,0.0,0.0,0.0,0.0,0.0,0.0,0.0,0.0,0.0,0.0,0.0,0.0,0.0,0.0,0.0,0.0,0.0,0.0,0.0,0.0,0.0,0.0,0.0,0.0,0.0,0.0,0.0,,,0.0,0.0,0.0,0.0,0.0,0.0,0.0,0.0,0.0,0.0,0.0,0.0,,,,0.0,0.0,0.0,0.0,0.0,0.0,0.0,,0.0,0.0,0.0,0.0,,0.0,0.0,,0.0,0.0,0.0,0.0,0.0,0.0,0.0,0.0,0.0,0.0,8.1,10.1,00-0039893,ThomBr06,4432773,Brian Thomas Jr.,2002-10-08,74.0,209.0,LSU,2024.0,1.0,23.0,JAX,2024,3,14.0,0.0,0.0,0.0,0.0,2025.0,Brian Thomas,JAX,23.0,WR,14.0,14.0,91.0,48.0,707.0,,33.0,548.0,11.4,159.0,3.3,14.5,2.0,24.0,10.0,0.11,1.0,81.2,2026-02-11,2025.0,Brian Thomas,JAX,23.0,WR,14.0,14.0,3.0,21.0,,2.0,21.0,7.0,0.0,0.0,0.0,,2026-02-11,,,,,,,,,,,,,,,,,,,,,,,,,,,,,,,,,,,,,,,,,,,,,,,,,,,,,,,,,,,14,8.7,3.8,5,2,0
2025,Josh Downs,J.Downs,00-0038997,IND,WR,WR,43.0,16,138.4,8.65,80.4,58.0,58,88,566,4,0.1660377358490566,0.15045662100456622,0.35437623847678124,2,-2,0,0,0,0,0,0,594.0,0.586875,0.232996632996633,8.65,4.736383993441973,17.7,0,WR,"https://static.www.nfl.com/image/upload/f_auto,q_auto/league/z3wahaxpmc6d5lcxgh60",REG,0,0,0,0,0,0,0,,,0,,0,0,0,0,0,0,0,-1.5216300988104194,0,0,0,0,0,0,0,659,144,36,8.65751017263293,0,22,10,4,0,0.858877086494689,0,2,0,0,0,0,0,0.0,0.0,0,0,0,0,0,1,0,0,0,0,0,0,0,0,0,0,0,0,1,5,0,1,0,1,1,8,68,0,0,0,0,0,0,,,0,0,0,0,0,0,0,0,0,0,0,0,,,,0,0,0,0,0,0,0,,0,0,0,0,,0,0,,0,0,0,0,0,0,0,0,0,0,,,,,,,,,,,,,,,,,,,,,,,,,,,,,,,,,,,,,,,,,,,,,,,,,,,,,,,,,,,,,,,,,,,,,,,,,,,,,,,,,,,,,,,,,,,,,,,,,,,,,,,,,,,,,,,,,,,,,,,,,,,,,,,,,,,,,,,,,,,,,,,,,,,,00-0038997,DownJo00,4688813,Josh Downs,2001-08-12,69.0,171.0,North Carolina,2023.0,3.0,79.0,IND,2023,4,16.0,0.0,16.0,0.0,0.035,2025.0,Josh Downs,IND,24.0,WR,16.0,11.0,88.0,58.0,566.0,,36.0,422.0,7.3,144.0,2.5,7.2,1.0,58.0,4.0,0.045,2.0,89.5,2026-02-11,2025.0,Josh Downs,IND,24.0,WR,16.0,11.0,2.0,-2.0,,0.0,-4.0,-2.0,2.0,1.0,0.0,,2026-02-11,,,,,,,,,,,,,,,,,,,,,,,,,,,,,,,,,,,,,,,,,,,,,,,,,,,,,,,,,,,16,8.0,1.3,7,2,0
2025,Marquise Brown,M.Brown,00-0035662,KC,WR,WR,44.0,16,137.7,8.60625,88.7,48.999999999999986,49,74,587,5,0.13479052823315119,0.18442532539157291,0.3312835201238278,0,0,0,0,0,0,0,0,551.0,0.535,0.24990925589836657,8.60625,5.6867646044712155,20.5,1,WR,"https://static.www.nfl.com/image/upload/f_auto,q_auto/league/shkjxggufymydgp6wk3p",REG,0,0,0,0,0,0,0,,,0,,0,0,0,0,0,0,0,,0,0,0,0,0,1,0,836,190,29,22.347303343925745,0,24,12,7,3,0.7021531100478469,0,2,0,0,0,0,0,0.0,0.0,0,0,0,0,0,0,0,0,0,0,0,0,0,0,0,0,0,0,1,15,1,0,0,1,0,0,0,0,0,0,0,0,0,,,0,0,0,0,0,0,0,0,0,0,0,0,,,,0,0,0,0,0,0,0,,0,0,0,0,,0,0,,0,0,0,0,0,0,0,0,0,0,,,,,,,,,,,,,,,,,,,,,,,,,,,,,,,,,,,,,,,,,,,,,,,,,,,,,,,,,,,,,,,,,,,,,,,,,,,,,,,,,,,,,,,,,,,,,,,,,,,,,,,,,,,,,,,,,,,,,,,,,,,,,,,,,,,,,,,,,,,,,,,,,,,,00-0035662,BrowMa04,4241372,Marquise Brown,1997-06-04,69.0,170.0,Oklahoma; College of the Canyons,2019.0,1.0,25.0,BAL,2019,8,16.0,0.0,0.0,0.0,0.0,2025.0,Marquise Brown,KC,28.0,WR,16.0,6.0,74.0,49.0,587.0,,29.0,397.0,8.1,190.0,3.9,11.3,3.0,16.3,3.0,0.040999999999999995,2.0,101.6,2026-02-11,,,,,,,,,,,,,,,,,,,,,,,,,,,,,,,,,,,,,,,,,,,,,,,,,,,,,,,,,,,,,,,,,,,,,,,,,,,,,16,8.5,0.0,4,2,0
2025,Jordan Addison,J.Addison,00-0038994,MIN,WR,WR,45.0,14,135.10000000000002,9.650000000000002,93.10000000000001,42.000000000000014,42,79,610,3,0.16880341880341881,0.28826191109928134,0.4549884659746251,2,81,1,0,0,0,0,0,714.0,0.8514285714285714,0.18921568627450983,9.65,5.661441784291619,21.8,1,WR,"https://static.www.nfl.com/image/upload/f_auto,q_auto/league/mi4lzk9gvjrvo6rwdf1e",REG,0,0,0,0,0,0,0,,,0,,0,0,0,0,0,0,2,7.7909535416984,0,2,2,1,1,0,0,1083,139,26,13.98937148091309,0,19,12,11,2,0.5632502308402585,0,1,0,0,0,0,0,0.0,0.0,0,0,0,0,0,0,0,0,0,0,0,0,0,0,0,0,0,0,0,0,0,0,0,0,0,0,0,0,0,0,0,0,0,,,0,0,0,0,0,0,0,0,0,0,0,0,,,,0,0,0,0,0,0,0,,0,0,0,0,,0,0,,0,0,0,0,0,0,0,0,0,0,,,,,,,,,,,,,,,,,,,,,,,,,,,,,,,,,,,,,,,,,,,,,,,,,,,,,,,,,,,,,,,,,,,,,,,,,,,,,,,,,,,,,,,,,,,,,,,,,,,,,,,,,,,,,,,,,,,,,,,,,,,,,,,,,,,,,,,,,,,,,,,,,,,,00-0038994,AddiJo00,4429205,Jordan Addison,2002-01-27,71.0,179.0,USC; Pittsburgh,2023.0,1.0,23.0,MIN,2023,4,14.0,0.0,0.0,0.0,0.0,2025.0,Jordan Addison,MIN,23.0,WR,14.0,12.0,79.0,42.0,610.0,,26.0,472.0,11.2,138.0,3.3,13.7,1.0,42.0,6.0,0.076,4.0,70.1,2026-02-11,2025.0,Jordan Addison,MIN,23.0,WR,14.0,12.0,2.0,81.0,,2.0,65.0,32.5,16.0,8.0,1.0,2.0,2026-02-11,,,,,,,,,,,,,,,,,,,,,,,,,,,,,,,,,,,,,,,,,,,,,,,,,,,,,,,,,,,14,9.3,0.0,7,3,0
2025,Christian Watson,C.Watson,00-0038124,GB,WR,WR,46.0,10,132.4,13.24,97.4,35.0,35,55,611,6,0.11956521739130435,0.2281111370534672,0.3390256220243836,1,3,0,0,0,0,0,0,418.0,0.6769999999999999,0.3167464114832536,13.24,7.669738515027021,24.9,3,WR,"https://static.www.nfl.com/image/upload/f_auto,q_auto/league/tumeg4d32sirkab2xzu5",REG,0,0,0,0,0,0,0,,,0,,0,0,0,0,0,0,0,-0.1850908612832427,0,0,0,0,0,0,0,977,118,28,32.272833978563845,0,23,17,11,3,0.6253838280450358,0,1,0,0,0,0,0,0.0,0.0,0,0,0,0,0,0,0,0,0,0,0,0,0,0,0,0,0,0,1,5,0,0,0,0,0,0,0,0,0,0,0,0,0,,,0,0,0,0,0,0,0,0,0,0,0,0,,,,0,0,0,0,0,0,0,,0,0,0,0,,0,0,,0,0,0,0,0,0,0,0,0,0,C.Watson,Christian Watson,WR,WR,"https://static.www.nfl.com/image/upload/f_auto,q_auto/league/tumeg4d32sirkab2xzu5",2025.0,POST,GB,1.0,0.0,0.0,0.0,0.0,0.0,0.0,0.0,0.0,0.0,0.0,0.0,0.0,,,0.0,,0.0,0.0,0.0,0.0,0.0,0.0,0.0,0.0,0.0,0.0,,0.0,0.0,0.0,0.0,0.0,3.0,7.0,36.0,1.0,1.0,0.0,90.0,28.0,2.0,4.589625038235681,0.0,1.0,1.0,1.0,0.0,0.4,0.18421052631578946,0.19189765458422176,0.4106441476826394,0.0,0.0,0.0,0.0,0.0,0.0,0.0,0.0,0.0,0.0,0.0,0.0,0.0,0.0,0.0,0.0,0.0,0.0,0.0,0.0,0.0,0.0,0.0,0.0,0.0,0.0,0.0,0.0,0.0,1.0,0.0,0.0,1.0,0.0,0.0,0.0,0.0,0.0,0.0,0.0,0.0,0.0,,,0.0,0.0,0.0,0.0,0.0,0.0,0.0,0.0,0.0,0.0,0.0,0.0,,,,0.0,0.0,0.0,0.0,0.0,0.0,0.0,,0.0,0.0,0.0,0.0,,0.0,0.0,,0.0,0.0,0.0,0.0,0.0,0.0,0.0,0.0,0.0,0.0,9.6,12.6,00-0038124,WatsCh00,4248528,Christian Watson,1999-05-12,76.0,215.0,North Dakota State,2022.0,2.0,34.0,GB,2022,5,10.0,0.0,1.0,0.0,0.005,2025.0,Christian Watson,GB,26.0,WR,10.0,10.0,55.0,35.0,611.0,,28.0,493.0,14.1,118.0,3.4,17.8,0.0,,1.0,0.018000000000000002,2.0,122.6,2026-02-11,2025.0,Christian Watson,GB,26.0,WR,10.0,10.0,1.0,3.0,,0.0,3.0,3.0,0.0,0.0,0.0,,2026-02-11,,,,,,,,,,,,,,,,,,,,,,,,,,,,,,,,,,,,,,,,,,,,,,,,,,,,,,,,,,,10,11.2,3.7,5,4,0
2025,Jayden Higgins,J.Higgins,00-0040130,HOU,WR,WR,47.0,17,129.5,7.617647058823529,88.5,41.0,41,68,525,6,0.12296564195298372,0.17607555089192026,0.30770134855381975,0,0,0,0,0,0,0,0,671.0,0.5723529411764706,0.19299552906110284,7.617647058823529,5.370548772485644,16.8,0,WR,"https://static.www.nfl.com/image/upload/f_auto,q_auto/league/s3zuo0ysm9ncxr9o4420",REG,0,0,0,0,0,0,0,,,0,,0,0,0,0,0,0,0,,0,0,0,0,0,0,0,839,123,28,16.757682784795296,0,23,9,5,1,0.6257449344457687,0,1,0,0,0,0,0,0.0,0.0,0,0,0,0,0,0,0,0,0,0,0,0,0,0,0,0,0,0,3,25,0,0,0,0,0,0,0,0,0,0,0,0,0,,,0,0,0,0,0,0,0,0,0,0,0,0,,,,0,0,0,0,0,0,0,,0,0,0,0,,0,0,,0,0,0,0,0,0,0,0,0,0,J.Higgins,Jayden Higgins,WR,WR,"https://static.www.nfl.com/image/upload/f_auto,q_auto/league/s3zuo0ysm9ncxr9o4420",2025.0,POST,HOU,2.0,0.0,0.0,0.0,0.0,0.0,0.0,0.0,0.0,0.0,0.0,0.0,0.0,,,0.0,,0.0,0.0,0.0,0.0,0.0,0.0,0.0,0.0,0.0,0.0,,0.0,0.0,0.0,0.0,0.0,9.0,14.0,98.0,0.0,0.0,0.0,183.0,13.0,5.0,3.592280844943527,0.0,4.0,2.0,0.0,0.0,0.5355191256830601,0.18181818181818182,0.26105563480741795,0.45546621709246526,0.0,0.0,0.0,0.0,0.0,0.0,0.0,0.0,0.0,0.0,0.0,0.0,0.0,0.0,0.0,0.0,0.0,0.0,0.0,0.0,0.0,0.0,0.0,0.0,0.0,0.0,0.0,0.0,0.0,0.0,0.0,0.0,0.0,0.0,0.0,0.0,0.0,0.0,0.0,0.0,0.0,0.0,,,0.0,0.0,0.0,0.0,0.0,0.0,0.0,0.0,0.0,0.0,0.0,0.0,,,,0.0,0.0,0.0,0.0,0.0,0.0,0.0,,0.0,0.0,0.0,0.0,,0.0,0.0,,0.0,0.0,0.0,0.0,0.0,0.0,0.0,0.0,0.0,0.0,9.8,18.8,00-0040130,HiggJa00,4877706,Jayden Higgins,2002-12-15,76.0,215.0,Iowa State; Eastern Kentucky,2025.0,2.0,34.0,HOU,2025,2,17.0,0.0,40.0,0.0,0.0835294117647059,2025.0,Jayden Higgins,HOU,23.0,WR,17.0,10.0,68.0,41.0,525.0,,28.0,402.0,9.8,123.0,3.0,11.0,1.0,41.0,3.0,0.044000000000000004,2.0,101.7,2026-02-11,,,,,,,,,,,,,,,,,,,,,,,,,,,,,,,,,,,,,,,,,,,,,,,,,,,,,,,,,,,,,,,,,,,,,,,,,,,,,17,7.2,0.0,6,2,0
2025,Chimere Dike,C.Dike,00-0040705,TEN,WR,WR,48.0,17,128.1,7.535294117647059,80.1,48.0,48,74,423,4,0.13962264150943396,0.14922770303936223,0.3138933543917045,11,18,0,0,0,0,0,0,631.0,0.5929411764705882,0.20301109350237717,7.535294117647059,6.477648220657573,21.4,1,WR,"https://static.www.nfl.com/image/upload/f_auto,q_auto/league/cbcpv4931dqmgsu3anvo",REG,0,0,0,0,0,0,0,,,0,,0,0,0,0,0,0,0,-4.234657508495729,0,0,0,0,0,0,0,599,220,20,1.5662332190759594,0,14,10,6,0,0.7061769616026711,2,0,0,0,0,0,0,0.0,0.0,0,0,0,0,0,1,0,0,0,0,0,0,0,0,0,0,0,0,1,10,1,1,0,2,1,23,398,62,1588,0,0,0,0,,,0,0,0,0,0,0,0,0,0,0,0,0,,,,0,0,0,0,0,0,0,,0,0,0,0,,0,0,,0,0,0,0,0,0,0,0,0,0,,,,,,,,,,,,,,,,,,,,,,,,,,,,,,,,,,,,,,,,,,,,,,,,,,,,,,,,,,,,,,,,,,,,,,,,,,,,,,,,,,,,,,,,,,,,,,,,,,,,,,,,,,,,,,,,,,,,,,,,,,,,,,,,,,,,,,,,,,,,,,,,,,,,00-0040705,DikeCh00,4431268,Chimere Dike,2001-12-14,73.0,196.0,Florida; Wisconsin,2025.0,4.0,103.0,TEN,2025,2,17.0,0.0,161.0,0.0,0.34352941176470586,2025.0,Chimere Dike,TEN,24.0,WR,17.0,10.0,74.0,48.0,423.0,,20.0,203.0,4.2,220.0,4.6,7.9,0.0,,2.0,0.027000000000000003,2.0,86.7,2026-02-11,2025.0,Chimere Dike,TEN,24.0,WR,17.0,10.0,11.0,18.0,,0.0,5.0,0.5,13.0,1.2,1.0,11.0,2026-02-11,,,,,,,,,,,,,,,,,,,,,,,,,,,,,,,,,,,,,,,,,,,,,,,,,,,,,,,,,,,17,5.0,-0.4,6,3,0
2025,Luther Burden III,L.Burden,00-0040735,CHI,WR,WR,49.0,15,127.9,8.526666666666667,80.9,47.0,47,60,652,2,0.11278195488721804,0.09304207119741101,0.23430238216901478,6,37,0,0,0,0,0,0,402.0,0.39666666666666667,0.3181592039800995,8.526666666666667,7.540980105555309,27.8,1,WR,"https://static.www.nfl.com/image/upload/f_auto,q_auto/league/iyuwdz7pbowdkwzq2tg5",REG,0,0,0,0,0,0,0,,,0,,0,0,0,0,0,0,3,2.287499334954191,0,2,1,0,0,0,0,460,334,27,30.07064408043516,0,28,15,11,2,1.4173913043478261,0,0,0,0,0,0,0,0.0,0.0,0,0,0,0,0,0,0,0,0,0,0,0,0,0,0,0,0,0,0,0,0,0,0,0,0,0,0,8,223,0,0,0,0,,,0,0,0,0,0,0,0,0,0,0,0,0,,,,0,0,0,0,0,0,0,,0,0,0,0,,0,0,,0,0,0,0,0,0,0,0,0,0,L.Burden,Luther Burden III,WR,WR,"https://static.www.nfl.com/image/upload/f_auto,q_auto/league/iyuwdz7pbowdkwzq2tg5",2025.0,POST,CHI,2.0,0.0,0.0,0.0,0.0,0.0,0.0,0.0,0.0,0.0,0.0,0.0,0.0,,,0.0,,0.0,0.0,0.0,0.0,2.0,-4.0,0.0,0.0,0.0,0.0,-1.8001974569633603,0.0,0.0,0.0,0.0,0.0,6.0,14.0,66.0,0.0,0.0,0.0,143.0,39.0,3.0,-4.040730449720286,0.0,3.0,1.0,1.0,0.0,0.46153846153846156,0.1590909090909091,0.15180467091295116,0.34489963327542944,0.0,3.0,0.0,0.0,0.0,0.0,0.0,0.0,0.0,0.0,0.0,0.0,0.0,0.0,0.0,0.0,0.0,0.0,0.0,0.0,0.0,0.0,0.0,0.0,0.0,0.0,0.0,0.0,0.0,0.0,0.0,0.0,0.0,0.0,0.0,0.0,0.0,0.0,0.0,0.0,0.0,0.0,,,0.0,0.0,0.0,0.0,0.0,0.0,0.0,0.0,0.0,0.0,0.0,0.0,,,,0.0,0.0,0.0,0.0,0.0,0.0,0.0,,0.0,0.0,0.0,0.0,,0.0,0.0,,0.0,0.0,0.0,0.0,0.0,0.0,0.0,0.0,0.0,0.0,6.2,12.2,00-0040735,BurdLu00,4685278,Luther Burden III,2003-12-12,72.0,210.0,Missouri,2025.0,2.0,39.0,CHI,2025,2,15.0,0.0,34.0,0.0,0.08266666666666667,2025.0,Luther Burden,CHI,22.0,WR,15.0,5.0,60.0,47.0,652.0,,27.0,318.0,6.8,334.0,7.1,7.7,1.0,47.0,4.0,0.067,0.0,123.1,2026-02-11,2025.0,Luther Burden,CHI,22.0,WR,15.0,5.0,6.0,37.0,,3.0,27.0,4.5,10.0,1.7,1.0,6.0,2026-02-11,,,,,,,,,,,,,,,,,,,,,,,,,,,,,,,,,,,,,,,,,,,,,,,,,,,,,,,,,,,15,7.6,0.7,4,2,1
2025,Marvin Harrison Jr.,M.Harrison,00-0039849,ARI,WR,WR,50.0,12,127.80000000000001,10.65,86.80000000000001,41.0,41,73,608,4,0.11831442463533225,0.20300429184549357,0.31957464124484386,0,0,0,0,0,0,0,0,566.0,0.7125,0.22579505300353359,10.65,7.103712217758211,22.6,1,WR,"https://static.www.nfl.com/image/upload/f_auto,q_auto/league/hwpoo1icpnh8emjvqaii",REG,0,0,0,0,0,0,0,,,0,,0,0,0,0,0,0,0,,0,0,0,0,0,0,0,946,119,30,31.114757475455512,1,28,18,9,2,0.642706131078224,0,0,0,0,0,0,0,0.0,0.0,0,0,0,0,0,0,0,0,0,0,0,0,0,0,0,0,0,0,0,0,0,0,0,0,0,0,0,0,0,0,0,0,0,,,0,0,0,0,0,0,0,0,0,0,0,0,,,,0,0,0,0,0,0,0,,0,0,0,0,,0,0,,0,0,0,0,0,0,0,0,0,0,,,,,,,,,,,,,,,,,,,,,,,,,,,,,,,,,,,,,,,,,,,,,,,,,,,,,,,,,,,,,,,,,,,,,,,,,,,,,,,,,,,,,,,,,,,,,,,,,,,,,,,,,,,,,,,,,,,,,,,,,,,,,,,,,,,,,,,,,,,,,,,,,,,,00-0039849,HarrMa09,4432708,Marvin Harrison Jr.,2002-08-11,75.0,220.0,Ohio State,2024.0,1.0,4.0,ARI,2024,3,12.0,0.0,0.0,0.0,0.0,2025.0,Marvin Harrison,ARI,23.0,WR,12.0,10.0,73.0,41.0,608.0,,30.0,489.0,11.9,119.0,2.9,12.9,3.0,13.7,4.0,0.055,2.0,90.4,2026-02-11,,,,,,,,,,,,,,,,,,,,,,,,,,,,,,,,,,,,,,,,,,,,,,,,,,,,,,,,,,,,,,,,,,,,,,,,,,,,,12,10.350000000000001,0.0,6,3,0
2025,Kayshon Boutte,K.Boutte,00-0038608,NE,WR,WR,51.0,14,124.1,8.864285714285714,91.1,33.0,33,46,551,6,0.0954356846473029,0.16934084995663487,0.26169212194059877,0,0,0,0,0,0,0,0,607.0,0.6749999999999999,0.2044481054365733,8.864285714285714,7.372360768214161,26.3,1,WR,"https://static.www.nfl.com/image/upload/f_auto,q_auto/league/mg4icjqhwhnc5uobmau5",REG,0,0,0,0,0,0,0,,,0,,0,0,0,0,0,0,0,,0,0,0,0,0,0,0,781,38,27,36.86034117618686,0,26,17,10,0,0.70550576184379,0,1,0,0,0,0,0,0.0,0.0,0,0,0,0,0,0,0,0,0,0,0,0,0,0,0,0,0,0,3,30,0,0,0,0,0,0,0,0,0,0,0,0,0,,,0,0,0,0,0,0,0,0,0,0,0,0,,,,0,0,0,0,0,0,0,,0,0,0,0,,0,0,,0,0,0,0,0,0,0,0,0,0,K.Boutte,Kayshon Boutte,WR,WR,"https://static.www.nfl.com/image/upload/f_auto,q_auto/league/mg4icjqhwhnc5uobmau5",2025.0,POST,NE,4.0,0.0,0.0,0.0,0.0,0.0,0.0,0.0,0.0,0.0,0.0,0.0,0.0,,,0.0,,0.0,0.0,0.0,0.0,0.0,0.0,0.0,0.0,0.0,0.0,,0.0,0.0,0.0,0.0,0.0,9.0,20.0,168.0,1.0,0.0,0.0,333.0,52.0,6.0,-4.402718542696675,0.0,6.0,6.0,4.0,1.0,0.5045045045045045,0.17543859649122806,0.26768488745980706,0.45053731595870705,0.0,0.0,0.0,0.0,0.0,0.0,0.0,0.0,0.0,0.0,0.0,0.0,0.0,0.0,0.0,0.0,0.0,0.0,0.0,0.0,0.0,0.0,0.0,0.0,0.0,0.0,0.0,0.0,0.0,0.0,0.0,0.0,0.0,0.0,0.0,0.0,0.0,0.0,0.0,0.0,0.0,0.0,,,0.0,0.0,0.0,0.0,0.0,0.0,0.0,0.0,0.0,0.0,0.0,0.0,,,,0.0,0.0,0.0,0.0,0.0,0.0,0.0,,0.0,0.0,0.0,0.0,,0.0,0.0,,0.0,0.0,0.0,0.0,0.0,0.0,0.0,0.0,0.0,0.0,22.8,31.8,00-0038608,BoutKa00,4429022,Kayshon Boutte,2002-05-07,71.0,203.0,LSU,2023.0,6.0,187.0,NE,2023,4,14.0,0.0,1.0,0.0,0.002857142857142857,2025.0,Kayshon Boutte,NE,23.0,WR,14.0,10.0,46.0,33.0,551.0,,27.0,513.0,15.5,38.0,1.2,17.0,1.0,33.0,1.0,0.022000000000000002,2.0,133.2,2026-02-11,,,,,,,,,,,,,,,,,,,,,,,,,,,,,,,,,,,,,,,,,,,,,,,,,,,,,,,,,,,,,,,,,,,,,,,,,,,,,14,6.050000000000001,0.0,5,3,1
2025,Jerry Jeudy,J.Jeudy,00-0036407,CLE,WR,WR,52.0,17,120.7,7.1000000000000005,70.7,50.0,50,106,602,2,0.20306513409961685,0.3402906208718626,0.5428011357597291,1,5,0,0,0,0,0,0,921.0,0.8452941176470588,0.13105320304017373,7.1000000000000005,5.216679978683761,19.8,0,WR,"https://static.www.nfl.com/image/upload/f_auto,q_auto/league/szca1v9butuqkjs7ekpm",REG,0,0,0,0,0,0,0,,,0,,0,0,0,0,0,0,1,2.7333873165771365,0,0,0,0,0,1,1,1288,166,31,-32.30545349802261,0,28,9,6,1,0.4673913043478261,0,3,0,0,0,0,0,0.0,0.0,0,0,0,0,0,0,0,0,0,0,0,0,0,0,0,0,0,0,2,20,1,0,0,1,1,0,0,0,0,0,0,0,0,,,0,0,0,0,0,0,0,0,0,0,0,0,,,,0,0,0,0,0,0,0,,0,0,0,0,,0,0,,0,0,0,0,0,0,0,0,0,0,,,,,,,,,,,,,,,,,,,,,,,,,,,,,,,,,,,,,,,,,,,,,,,,,,,,,,,,,,,,,,,,,,,,,,,,,,,,,,,,,,,,,,,,,,,,,,,,,,,,,,,,,,,,,,,,,,,,,,,,,,,,,,,,,,,,,,,,,,,,,,,,,,,,00-0036407,JeudJe00,4241463,Jerry Jeudy,1999-04-24,73.0,195.0,Alabama,2020.0,1.0,15.0,DEN,2020,7,17.0,0.0,0.0,0.0,0.0,2025.0,Jerry Jeudy,CLE,26.0,WR,17.0,16.0,106.0,50.0,602.0,,31.0,436.0,8.7,166.0,3.3,12.2,0.0,,10.0,0.094,7.0,43.8,2026-02-11,2025.0,Jerry Jeudy,CLE,26.0,WR,17.0,16.0,1.0,5.0,,1.0,4.0,4.0,1.0,1.0,0.0,,2026-02-11,,,,,,,,,,,,,,,,,,,,,,,,,,,,,,,,,,,,,,,,,,,,,,,,,,,,,,,,,,,17,5.1,0.0,4,2,0
2025,Malik Washington,M.Washington,00-0039880,MIA,WR,WR,53.0,17,116.7,6.864705882352942,70.7,46.0,46,65,317,3,0.1406926406926407,0.10023795359904819,0.2812055285582948,17,110,1,0,0,0,0,0,562.0,0.57,0.20765124555160142,6.864705882352942,3.3196274596087187,13.6,0,WR,"https://static.www.nfl.com/image/upload/f_auto,q_auto/league/dmaiwnmaal9nrwfskl28",REG,0,0,0,0,0,0,0,,,0,,0,0,0,0,1,1,5,0.11699448490981013,0,3,3,0,0,0,0,337,253,16,-9.825857283310667,0,11,5,2,0,0.9406528189910979,1,2,0,0,0,0,0,0.0,0.0,0,0,0,0,0,0,0,0,0,0,0,0,0,0,0,0,0,0,2,10,1,0,0,1,1,20,260,36,965,0,0,0,0,,,0,0,0,0,0,0,0,0,0,0,0,0,,,,0,0,0,0,0,0,0,,0,0,0,0,,0,0,,0,0,0,0,0,0,0,0,0,0,,,,,,,,,,,,,,,,,,,,,,,,,,,,,,,,,,,,,,,,,,,,,,,,,,,,,,,,,,,,,,,,,,,,,,,,,,,,,,,,,,,,,,,,,,,,,,,,,,,,,,,,,,,,,,,,,,,,,,,,,,,,,,,,,,,,,,,,,,,,,,,,,,,,00-0039880,WashMa00,4569603,Malik Washington,2000-10-20,68.0,192.0,Virginia; Northwestern,2024.0,6.0,184.0,MIA,2024,3,17.0,0.0,146.0,0.0,0.3376470588235294,2025.0,Malik Washington,MIA,24.0,WR,17.0,6.0,65.0,46.0,317.0,,16.0,64.0,1.4,253.0,5.5,4.9,5.0,9.2,1.0,0.015,2.0,83.9,2026-02-11,2025.0,Malik Washington,MIA,24.0,WR,17.0,6.0,17.0,110.0,,5.0,44.0,2.6,66.0,3.9,3.0,5.7,2026-02-11,,,,,,,,,,,,,,,,,,,,,,,,,,,,,,,,,,,,,,,,,,,,,,,,,,,,,,,,,,,17,7.0,1.5,3,0,0
2025,Elic Ayomanor,E.Ayomanor,00-0040170,TEN,WR,WR,54.0,16,116.5,7.28125,75.5,41.0,41,89,515,4,0.16792452830188678,0.28051818634778275,0.44824952289627806,0,0,0,0,0,0,0,0,787.0,0.805625,0.1480304955527319,7.28125,4.239216712239814,15.600000000000001,0,WR,"https://static.www.nfl.com/image/upload/f_auto,q_auto/league/jjmscqt6v4ecasveugoh",REG,0,0,0,0,0,0,0,,,0,,0,0,0,0,0,0,0,,0,0,0,0,0,0,0,1126,115,30,-9.59570349645603,0,22,10,8,0,0.4573712255772647,0,1,0,0,0,0,0,0.0,0.0,0,0,0,0,0,0,0,0,0,0,0,0,0,0,0,0,0,0,2,20,0,0,0,0,0,0,0,0,0,0,0,0,0,,,0,0,0,0,0,0,0,0,0,0,0,0,,,,0,0,0,0,0,0,0,,0,0,0,0,,0,0,,0,0,0,0,0,0,0,0,0,0,,,,,,,,,,,,,,,,,,,,,,,,,,,,,,,,,,,,,,,,,,,,,,,,,,,,,,,,,,,,,,,,,,,,,,,,,,,,,,,,,,,,,,,,,,,,,,,,,,,,,,,,,,,,,,,,,,,,,,,,,,,,,,,,,,,,,,,,,,,,,,,,,,,,00-0040170,AyomEl00,4883647,Elic Ayomanor,2003-06-03,74.0,206.0,Stanford,2025.0,4.0,136.0,TEN,2025,2,16.0,0.0,7.0,0.0,0.015000000000000001,2025.0,Elic Ayomanor,TEN,22.0,WR,16.0,14.0,89.0,41.0,515.0,,30.0,400.0,9.8,115.0,2.8,12.2,0.0,,5.0,0.055999999999999994,3.0,65.5,2026-02-11,,,,,,,,,,,,,,,,,,,,,,,,,,,,,,,,,,,,,,,,,,,,,,,,,,,,,,,,,,,,,,,,,,,,,,,,,,,,,16,7.0,1.5,3,1,0
2025,Cooper Kupp,C.Kupp,00-0033908,SEA,WR,WR,55.0,16,116.30000000000001,7.268750000000001,69.30000000000001,47.0,47,70,593,2,0.15384615384615385,0.14130146082337317,0.329680253345592,0,0,0,0,1,0,0,1,768.0,0.755625,0.1514322916666667,7.26875,4.053594084266455,16.0,0,WR,"https://static.www.nfl.com/image/upload/f_auto,q_auto/league/kjixprihktsfog6wx9sq",REG,0,0,0,0,9,0,0,-5.370166467153467,-65.11815786361694,0,0.0,0,0,0,0,0,0,0,,0,0,0,0,0,1,1,532,293,26,7.638549692919277,1,22,14,8,1,1.1146616541353382,0,1,0,0,0,0,0,0.0,0.0,0,0,0,0,0,0,0,0,0,0,0,0,0,1,0,0,0,0,1,5,1,0,0,1,1,0,0,0,0,0,0,0,0,,,0,0,0,0,0,0,0,0,0,0,0,0,,,,0,0,0,0,0,0,0,,0,0,0,0,,0,0,,0,0,0,0,0,0,0,0,0,0,C.Kupp,Cooper Kupp,WR,WR,"https://static.www.nfl.com/image/upload/f_auto,q_auto/league/kjixprihktsfog6wx9sq",2025.0,POST,SEA,3.0,0.0,0.0,0.0,0.0,0.0,0.0,0.0,0.0,0.0,0.0,0.0,0.0,,,0.0,,0.0,0.0,0.0,0.0,0.0,0.0,0.0,0.0,0.0,0.0,,0.0,0.0,0.0,0.0,0.0,15.0,23.0,157.0,1.0,0.0,0.0,192.0,28.0,8.0,10.27642113857001,0.0,6.0,2.0,2.0,0.0,0.8177083333333334,0.26744186046511625,0.23645320197044334,0.5666800320769847,0.0,0.0,0.0,0.0,0.0,0.0,0.0,0.0,0.0,0.0,0.0,0.0,0.0,0.0,0.0,0.0,0.0,0.0,0.0,0.0,0.0,0.0,0.0,0.0,0.0,0.0,0.0,0.0,0.0,0.0,0.0,0.0,0.0,0.0,0.0,0.0,0.0,0.0,0.0,0.0,0.0,0.0,,,0.0,0.0,0.0,0.0,0.0,0.0,0.0,0.0,0.0,0.0,0.0,0.0,,,,0.0,0.0,0.0,0.0,0.0,0.0,0.0,,0.0,0.0,0.0,0.0,,0.0,0.0,,0.0,0.0,0.0,0.0,0.0,0.0,0.0,0.0,0.0,0.0,21.700000000000003,36.7,00-0033908,KuppCo00,2977187,Cooper Kupp,1993-06-15,74.0,205.0,Eastern Washington,2017.0,3.0,69.0,LA,2017,10,16.0,0.0,2.0,0.0,0.005,2025.0,Cooper Kupp,SEA,32.0,WR,16.0,15.0,70.0,47.0,593.0,,26.0,300.0,6.4,293.0,6.2,7.4,2.0,23.5,3.0,0.043,3.0,85.0,2026-02-11,,,,,,,,,,,,,,,,,,,Cooper Kupp,SEA,1.0,0.0,0.0,0.0,0.0,1.0,100.0,2025.0,2.0,0.0,0.0,0.0,0.0,0.0,0.0,0.0,0.0,0.0,0.0,0.0,0.0,0.0,0.0,,,9.0,9.0,0.0,,0.0,0.0,,0.0,,,,,,,,,,,,,,,,,,,,,,,,16,6.0,1.6,4,1,0
2025,Terry McLaurin,T.McLaurin,00-0035659,WAS,WR,WR,56.0,10,114.2,11.42,76.2,38.0,38,60,582,3,0.1388888888888889,0.20985492746373186,0.35523178255794563,0,0,0,0,0,0,0,0,433.0,0.704,0.26374133949191686,11.42,5.10050106471032,22.6,1,WR,"https://static.www.nfl.com/image/upload/f_auto,q_auto/league/tmfl2zruajmkrtcg4zxp",REG,0,0,0,0,0,0,0,,,0,,0,0,0,0,0,0,0,,0,0,0,0,0,0,0,839,93,33,31.749826540501754,0,26,12,7,3,0.6936829558998808,0,1,0,0,0,0,0,0.0,0.0,0,0,0,0,0,0,0,0,0,0,0,0,0,0,0,0,0,0,2,10,0,0,0,0,0,0,0,0,0,0,0,0,0,,,0,0,0,0,0,0,0,0,0,0,0,0,,,,0,0,0,0,0,0,0,,0,0,0,0,,0,0,,0,0,0,0,0,0,0,0,0,0,,,,,,,,,,,,,,,,,,,,,,,,,,,,,,,,,,,,,,,,,,,,,,,,,,,,,,,,,,,,,,,,,,,,,,,,,,,,,,,,,,,,,,,,,,,,,,,,,,,,,,,,,,,,,,,,,,,,,,,,,,,,,,,,,,,,,,,,,,,,,,,,,,,,00-0035659,McLaTe00,3121422,Terry McLaurin,1995-09-15,72.0,210.0,Ohio State,2019.0,3.0,76.0,WAS,2019,8,10.0,0.0,0.0,0.0,0.0,2025.0,Terry McLaurin,WAS,30.0,WR,10.0,10.0,60.0,38.0,582.0,,33.0,489.0,12.9,93.0,2.4,13.9,6.0,6.3,1.0,0.017,1.0,105.0,2026-02-11,,,,,,,,,,,,,,,,,,,,,,,,,,,,,,,,,,,,,,,,,,,,,,,,,,,,,,,,,,,,,,,,,,,,,,,,,,,,,10,10.100000000000001,4.7,5,2,0
2025,Ryan Flournoy,R.Flournoy,00-0039410,DAL,WR,WR,57.0,15,114.0,7.6,74.0,40.0,40,56,475,4,0.09225700164744646,0.09193134740579996,0.20273744565522966,4,25,0,0,0,0,0,0,479.0,0.4475,0.23799582463465555,7.6,7.229305439864687,26.5,1,WR,"https://static.www.nfl.com/image/upload/f_auto,q_auto/league/tqwq3cgpqu7j9hzoyicx",REG,0,0,0,0,0,0,0,,,0,,0,0,0,0,0,0,2,0.47284456877969205,0,2,1,0,0,0,0,466,204,29,28.6348330703759,0,22,8,5,3,1.01931330472103,0,4,0,2,0,0,0,0.0,0.0,0,0,0,0,0,0,0,0,0,0,0,0,0,0,0,0,0,0,2,20,0,0,0,0,0,0,0,0,0,0,0,0,0,,,0,0,0,0,0,0,0,0,0,0,0,0,,,,0,0,0,0,0,0,0,,0,0,0,0,,0,0,,0,0,0,0,0,0,0,0,0,0,,,,,,,,,,,,,,,,,,,,,,,,,,,,,,,,,,,,,,,,,,,,,,,,,,,,,,,,,,,,,,,,,,,,,,,,,,,,,,,,,,,,,,,,,,,,,,,,,,,,,,,,,,,,,,,,,,,,,,,,,,,,,,,,,,,,,,,,,,,,,,,,,,,,00-0039410,FlouRy00,5083754,Ryan Flournoy,1999-10-27,73.0,205.0,Southeast Missouri State; Iowa Western CC,2024.0,6.0,216.0,DAL,2024,3,16.0,0.0,133.0,0.0,0.294375,2025.0,Ryan Flournoy,DAL,26.0,WR,16.0,4.0,56.0,40.0,475.0,,29.0,271.0,6.8,204.0,5.1,8.3,2.0,20.0,2.0,0.036000000000000004,1.0,113.3,2026-02-11,2025.0,Ryan Flournoy,DAL,26.0,WR,16.0,4.0,4.0,25.0,,2.0,19.0,4.8,6.0,1.5,0.0,,2026-02-11,,,,,,,,,,,,,,,,,,,,,,,,,,,,,,,,,,,,,,,,,,,,,,,,,,,,,,,,,,,15,6.4,0.0,3,2,1
2025,Mack Hollins,M.Hollins,00-0033555,NE,WR,WR,58.0,14,113.4,8.1,67.4,46.0,46,65,550,2,0.13485477178423236,0.18451864700780574,0.33144521058181253,1,4,0,0,0,0,0,0,659.0,0.6773333333333333,0.17207890743550835,8.1,4.614525561078425,16.6,0,WR,"https://static.www.nfl.com/image/upload/f_auto,q_auto/league/qbz7whjzsittudcecezw",REG,0,0,0,0,0,0,0,,,0,,0,0,0,0,0,0,0,-0.22416954231448472,0,0,0,0,0,1,0,851,108,28,27.20059189906663,0,22,14,8,1,0.6462984723854289,0,1,0,0,0,0,0,0.0,0.0,0,0,0,0,0,0,0,0,0,0,0,0,0,0,0,0,0,0,1,10,1,0,1,1,0,0,0,0,0,0,0,0,0,,,0,0,0,0,0,0,0,0,0,0,0,0,,,,0,0,0,0,0,0,0,,0,0,0,0,,0,0,,0,0,0,0,0,0,0,0,0,0,M.Hollins,Mack Hollins,WR,WR,"https://static.www.nfl.com/image/upload/f_auto,q_auto/league/qbz7whjzsittudcecezw",2025.0,POST,NE,2.0,0.0,0.0,0.0,0.0,0.0,0.0,0.0,0.0,0.0,0.0,0.0,0.0,,,0.0,,0.0,0.0,0.0,0.0,0.0,0.0,0.0,0.0,0.0,0.0,,0.0,0.0,0.0,0.0,0.0,6.0,10.0,129.0,1.0,0.0,0.0,214.0,17.0,5.0,8.559298776264768,0.0,5.0,4.0,4.0,0.0,0.602803738317757,0.08771929824561403,0.1720257234726688,0.2519969537992892,0.0,0.0,0.0,0.0,0.0,0.0,0.0,0.0,0.0,0.0,0.0,0.0,0.0,0.0,0.0,0.0,0.0,0.0,0.0,0.0,0.0,0.0,0.0,0.0,0.0,0.0,0.0,0.0,0.0,0.0,0.0,0.0,0.0,0.0,0.0,0.0,0.0,0.0,0.0,0.0,0.0,0.0,,,0.0,0.0,0.0,0.0,0.0,0.0,0.0,0.0,0.0,0.0,0.0,0.0,,,,0.0,0.0,0.0,0.0,0.0,0.0,0.0,,0.0,0.0,0.0,0.0,,0.0,0.0,,0.0,0.0,0.0,0.0,0.0,0.0,0.0,0.0,0.0,0.0,18.9,24.9,00-0033555,HollMa00,2991662,Mack Hollins,1993-09-16,76.0,221.0,North Carolina,2017.0,4.0,118.0,PHI,2017,10,15.0,1.0,44.0,0.0006666666666666666,0.11866666666666667,2025.0,Mack Hollins,NE,32.0,WR,15.0,13.0,65.0,46.0,550.0,,28.0,442.0,9.6,108.0,2.3,13.0,0.0,,0.0,0.0,2.0,93.7,2026-02-11,2025.0,Mack Hollins,NE,32.0,WR,15.0,13.0,1.0,4.0,,0.0,4.0,4.0,0.0,0.0,0.0,,2026-02-11,,,,,,,,,,,,,,,,,,,,,,,,,,,,,,,,,,,,,,,,,,,,,,,,,,,,,,,,,,,14,7.3500000000000005,1.3,4,2,0
2025,Xavier Worthy,X.Worthy,00-0039894,KC,WR,WR,59.0,14,109.9,7.8500000000000005,67.9,42.0,42,73,532,1,0.13296903460837886,0.2082506066622546,0.3452289765761465,11,87,0,0,0,0,0,0,645.0,0.7057142857142857,0.1703875968992248,7.8500000000000005,4.524590929235822,17.1,0,WR,"https://static.www.nfl.com/image/upload/f_auto,q_auto/league/u6fmnffwteccoxn3uguq",REG,0,0,0,0,0,0,0,,,0,,0,0,0,0,0,0,4,3.584790744644124,0,3,3,1,0,0,0,944,193,22,14.82801236860376,0,20,11,9,1,0.5635593220338984,0,1,0,0,0,0,0,0.0,0.0,0,0,0,0,0,0,0,0,0,0,0,0,0,1,3,0,0,0,1,10,0,0,0,0,0,1,0,0,0,0,0,0,0,,,0,0,0,0,0,0,0,0,0,0,0,0,,,,0,0,0,0,0,0,0,,0,0,0,0,,0,0,,0,0,0,0,0,0,0,0,0,0,,,,,,,,,,,,,,,,,,,,,,,,,,,,,,,,,,,,,,,,,,,,,,,,,,,,,,,,,,,,,,,,,,,,,,,,,,,,,,,,,,,,,,,,,,,,,,,,,,,,,,,,,,,,,,,,,,,,,,,,,,,,,,,,,,,,,,,,,,,,,,,,,,,,00-0039894,WortXa00,4683062,Xavier Worthy,2003-04-27,71.0,165.0,Texas,2024.0,1.0,28.0,KC,2024,3,14.0,0.0,8.0,0.0,0.02142857142857143,2025.0,Xavier Worthy,KC,22.0,WR,14.0,13.0,73.0,42.0,532.0,,22.0,339.0,8.1,193.0,4.6,12.1,2.0,21.0,1.0,0.013999999999999999,1.0,79.3,2026-02-11,2025.0,Xavier Worthy,KC,22.0,WR,14.0,13.0,11.0,87.0,,4.0,78.0,7.1,9.0,0.8,1.0,11.0,2026-02-11,,,,,,,,,,,,,,,,,,,,,,,,,,,,,,,,,,,,,,,,,,,,,,,,,,,,,,,,,,,14,8.15,0.0,5,1,0
2025,Keon Coleman,K.Coleman,00-0039901,BUF,WR,WR,60.0,12,102.4,8.533333333333333,64.4,38.0,38,59,404,4,0.12317327766179541,0.1823464305478694,0.3124024178762017,0,0,0,0,0,0,0,0,576.0,0.6523076923076924,0.17777777777777778,8.533333333333333,6.051045489430031,25.200000000000003,1,WR,"https://static.www.nfl.com/image/upload/f_auto,q_auto/league/cm7g87waetksjouyjgvg",REG,0,0,0,0,0,0,0,,,0,,0,0,0,0,0,0,0,,0,0,0,0,0,1,1,659,88,26,12.39113741616928,1,14,7,5,0,0.6130500758725341,0,1,0,0,0,0,0,0.0,0.0,0,0,0,0,0,0,0,0,0,0,0,0,0,0,0,0,0,0,1,10,1,0,0,1,1,2,8,0,0,0,0,0,0,,,0,0,0,0,0,0,0,0,0,0,0,0,,,,0,0,0,0,0,0,0,,0,0,0,0,,0,0,,0,0,0,0,0,0,0,0,0,0,K.Coleman,Keon Coleman,WR,WR,"https://static.www.nfl.com/image/upload/f_auto,q_auto/league/cm7g87waetksjouyjgvg",2025.0,POST,BUF,2.0,0.0,0.0,0.0,0.0,0.0,0.0,0.0,0.0,0.0,0.0,0.0,0.0,,,0.0,,0.0,0.0,0.0,0.0,0.0,0.0,0.0,0.0,0.0,0.0,,0.0,0.0,0.0,0.0,0.0,2.0,4.0,46.0,1.0,0.0,0.0,69.0,25.0,2.0,3.652065472221084,0.0,2.0,1.0,1.0,0.0,0.6666666666666666,0.05405405405405406,0.10832025117739404,0.15690525690525692,0.0,0.0,0.0,0.0,0.0,0.0,0.0,0.0,0.0,0.0,0.0,0.0,0.0,0.0,0.0,0.0,0.0,0.0,0.0,0.0,0.0,0.0,0.0,0.0,0.0,0.0,0.0,0.0,0.0,0.0,0.0,0.0,0.0,0.0,0.0,0.0,0.0,0.0,0.0,0.0,0.0,0.0,,,0.0,0.0,0.0,0.0,0.0,0.0,0.0,0.0,0.0,0.0,0.0,0.0,,,,0.0,0.0,0.0,0.0,0.0,0.0,0.0,,0.0,0.0,0.0,0.0,,0.0,0.0,,0.0,0.0,0.0,0.0,0.0,0.0,0.0,0.0,0.0,0.0,10.600000000000001,12.600000000000001,00-0039901,ColeKe02,4635008,Keon Coleman,2003-05-17,75.0,213.0,Florida State; Michigan State,2024.0,2.0,33.0,BUF,2024,3,13.0,0.0,6.0,0.0,0.02692307692307692,2025.0,Keon Coleman,BUF,22.0,WR,13.0,6.0,59.0,38.0,404.0,,26.0,316.0,8.3,88.0,2.3,11.1,1.0,38.0,3.0,0.051,2.0,92.8,2026-02-11,,,,,,,,,,,,,,,,,,,,,,,,,,,,,,,,,,,,,,,,,,,,,,,,,,,,,,,,,,,,,,,,,,,,,,,,,,,,,12,6.75,3.6,3,1,1
2025,Jalen Nailor,J.Nailor,00-0037291,MIN,WR,WR,61.0,17,100.7,5.923529411764706,71.7,29.0,29,53,444,4,0.11324786324786325,0.17460739952089432,0.2920969745364209,2,13,0,0,0,0,0,0,653.0,0.6535294117647058,0.1542113323124043,5.923529411764706,6.655592517928503,23.4,1,WR,"https://static.www.nfl.com/image/upload/f_auto,q_auto/league/nojopyt8hxuwycxyaokb",REG,0,0,0,0,0,0,0,,,0,,0,0,0,0,0,0,1,-1.2720050893258303,0,1,1,0,0,0,0,656,112,23,11.562589095304299,1,18,14,9,1,0.676829268292683,0,5,0,0,0,0,1,0.0,0.0,0,0,0,0,0,0,0,0,0,0,0,0,0,0,0,1,0,0,2,10,0,0,0,0,0,0,0,0,0,0,0,0,0,,,0,0,0,0,0,0,0,0,0,0,0,0,,,,0,0,0,0,0,0,0,,0,0,0,0,,0,0,,0,0,0,0,0,0,0,0,0,0,,,,,,,,,,,,,,,,,,,,,,,,,,,,,,,,,,,,,,,,,,,,,,,,,,,,,,,,,,,,,,,,,,,,,,,,,,,,,,,,,,,,,,,,,,,,,,,,,,,,,,,,,,,,,,,,,,,,,,,,,,,,,,,,,,,,,,,,,,,,,,,,,,,,00-0037291,NailJa00,4382466,Jalen Nailor,1999-03-02,72.0,190.0,Michigan State,2022.0,6.0,191.0,MIN,2022,5,17.0,0.0,6.0,0.0,0.014117647058823528,2025.0,Jalen Nailor,MIN,26.0,WR,17.0,8.0,53.0,29.0,444.0,,23.0,332.0,11.4,112.0,3.9,12.5,2.0,14.5,1.0,0.019,5.0,68.4,2026-02-11,2025.0,Jalen Nailor,MIN,26.0,WR,17.0,8.0,2.0,13.0,,1.0,1.0,0.5,12.0,6.0,0.0,,2026-02-11,,,,,,,,,,,,,,,,,,,,,,,,,,,,,,,,,,,,,,,,,,,,,,,,,,,,,,,,,,,17,5.7,0.0,2,2,0
2025,Garrett Wilson,G.Wilson,00-0037740,NYJ,WR,WR,62.0,7,99.5,14.214285714285714,63.5,36.0,36,59,395,4,0.125,0.15716803760282022,0.29751762632197415,0,0,0,0,0,0,0,0,383.0,0.87,0.2597911227154047,14.214285714285714,9.657713423550554,24.4,3,WR,"https://static.www.nfl.com/image/upload/f_auto,q_auto/league/upxwxmhdd8xluztgqwhe",REG,0,0,0,0,0,0,0,,,0,,0,0,0,0,0,0,0,,0,0,0,0,0,1,0,535,100,18,-2.065128048153619,0,15,9,4,0,0.7383177570093458,0,1,0,0,0,0,0,0.0,0.0,0,0,0,0,0,0,0,0,0,0,0,0,0,1,0,0,0,0,1,10,1,0,0,1,0,0,0,0,0,0,0,0,0,,,0,0,0,0,0,0,0,0,0,0,0,0,,,,0,0,0,0,0,0,0,,0,0,0,0,,0,0,,0,0,0,0,0,0,0,0,0,0,,,,,,,,,,,,,,,,,,,,,,,,,,,,,,,,,,,,,,,,,,,,,,,,,,,,,,,,,,,,,,,,,,,,,,,,,,,,,,,,,,,,,,,,,,,,,,,,,,,,,,,,,,,,,,,,,,,,,,,,,,,,,,,,,,,,,,,,,,,,,,,,,,,,00-0037740,WilsGa00,4569618,Garrett Wilson,2000-07-22,72.0,183.0,Ohio State,2022.0,1.0,10.0,NYJ,2022,5,7.0,0.0,0.0,0.0,0.0,2025.0,Garrett Wilson,NYJ,25.0,WR,7.0,7.0,59.0,36.0,395.0,,18.0,295.0,8.2,100.0,2.8,9.1,3.0,12.0,3.0,0.051,2.0,89.3,2026-02-11,,,,,,,,,,,,,,,,,,,,,,,,,,,,,,,,,,,,,,,,,,,,,,,,,,,,,,,,,,,,,,,,,,,,,,,,,,,,,7,19.1,0.0,4,4,0
2025,Darius Slayton,D.Slayton,00-0035535,NYG,WR,WR,63.0,14,98.80000000000001,7.057142857142858,61.800000000000004,37.00000000000001,37,63,538,1,0.12524850894632206,0.18846411804158283,0.31979764604859107,0,0,0,0,0,0,0,0,755.0,0.812857142857143,0.1308609271523179,7.057142857142858,4.123985056623357,14.100000000000001,0,WR,"https://static.www.nfl.com/image/upload/f_auto,q_auto/league/otksyfjll5waf0vsczeu",REG,0,0,0,0,0,0,0,,,0,,0,0,0,0,0,0,0,,0,0,0,0,0,1,1,843,198,23,18.001405174971303,2,20,16,7,1,0.638196915776987,0,0,0,0,0,0,0,0.0,0.0,0,0,0,0,0,0,0,0,0,0,0,0,0,0,0,0,0,0,4,35,1,0,0,1,1,0,0,0,0,0,0,0,0,,,0,0,0,0,0,0,0,0,0,0,0,0,,,,0,0,0,0,0,0,0,,0,0,0,0,,0,0,,0,0,0,0,0,0,0,0,0,0,,,,,,,,,,,,,,,,,,,,,,,,,,,,,,,,,,,,,,,,,,,,,,,,,,,,,,,,,,,,,,,,,,,,,,,,,,,,,,,,,,,,,,,,,,,,,,,,,,,,,,,,,,,,,,,,,,,,,,,,,,,,,,,,,,,,,,,,,,,,,,,,,,,,00-0035535,SlayDa01,3916945,Darius Slayton,1997-01-12,73.0,198.0,Auburn,2019.0,5.0,171.0,NYG,2019,7,14.0,0.0,0.0,0.0,0.0,2025.0,Darius Slayton,NYG,28.0,WR,14.0,12.0,63.0,37.0,538.0,,23.0,340.0,9.2,198.0,5.4,13.0,2.0,18.5,5.0,0.079,0.0,91.9,2026-02-11,,,,,,,,,,,,,,,,,,,,,,,,,,,,,,,,,,,,,,,,,,,,,,,,,,,,,,,,,,,,,,,,,,,,,,,,,,,,,14,7.2,0.0,3,0,0
2025,Xavier Hutchinson,X.Hutchinson,00-0038618,HOU,WR,WR,64.0,16,98.0,6.125,63.0,35.0,35,57,428,3,0.10307414104882459,0.12256033578174187,0.24040344662045618,3,22,0,0,0,0,0,0,672.0,0.5747058823529412,0.14583333333333334,6.125,5.369978274319801,17.9,0,WR,"https://static.www.nfl.com/image/upload/f_auto,q_auto/league/n5baiu6sg9wh3xhhewkd",REG,0,0,0,0,0,0,0,,,0,,0,0,0,0,0,0,2,1.7993542412878014,0,0,0,0,0,0,0,584,146,19,12.88556666651169,0,17,11,7,0,0.7328767123287672,0,2,0,1,0,0,0,0.0,0.0,0,0,0,0,0,0,0,0,0,0,0,0,0,0,0,0,0,0,2,20,0,0,0,0,0,0,0,0,0,0,0,0,0,,,0,0,0,0,0,0,0,0,0,0,0,0,,,,0,0,0,0,0,0,0,,0,0,0,0,,0,0,,0,0,0,0,0,0,0,0,0,0,X.Hutchinson,Xavier Hutchinson,WR,WR,"https://static.www.nfl.com/image/upload/f_auto,q_auto/league/n5baiu6sg9wh3xhhewkd",2025.0,POST,HOU,2.0,0.0,0.0,0.0,0.0,0.0,0.0,0.0,0.0,0.0,0.0,0.0,0.0,,,0.0,,0.0,0.0,0.0,0.0,0.0,0.0,0.0,0.0,0.0,0.0,,0.0,0.0,0.0,0.0,0.0,6.0,17.0,65.0,0.0,0.0,0.0,156.0,18.0,3.0,-20.08377413016356,0.0,3.0,2.0,1.0,0.0,0.4166666666666667,0.22077922077922077,0.2225392296718973,0.4869462919391593,0.0,2.0,0.0,0.0,0.0,0.0,0.0,0.0,0.0,0.0,0.0,0.0,0.0,0.0,0.0,0.0,0.0,0.0,0.0,0.0,0.0,0.0,0.0,0.0,0.0,0.0,0.0,0.0,0.0,0.0,0.0,0.0,0.0,0.0,0.0,0.0,0.0,0.0,0.0,0.0,0.0,0.0,,,0.0,0.0,0.0,0.0,0.0,0.0,0.0,0.0,0.0,0.0,0.0,0.0,,,,0.0,0.0,0.0,0.0,0.0,0.0,0.0,,0.0,0.0,0.0,0.0,,0.0,0.0,,0.0,0.0,0.0,0.0,0.0,0.0,0.0,0.0,0.0,0.0,6.5,12.5,00-0038618,HutcXa00,4686422,Xavier Hutchinson,2000-06-01,75.0,210.0,Iowa State,2023.0,6.0,205.0,HOU,2023,4,17.0,0.0,83.0,0.0,0.1735294117647059,2025.0,Xavier Hutchinson,HOU,25.0,WR,17.0,6.0,57.0,35.0,428.0,,19.0,282.0,8.1,146.0,4.2,10.2,3.0,11.7,2.0,0.035,1.0,94.8,2026-02-11,2025.0,Xavier Hutchinson,HOU,25.0,WR,17.0,6.0,3.0,22.0,,2.0,0.0,0.0,22.0,7.3,0.0,,2026-02-11,,,,,,,,,,,,,,,,,,,,,,,,,,,,,,,,,,,,,,,,,,,,,,,,,,,,,,,,,,,16,4.9,0.0,3,2,0
2025,DeMario Douglas,D.Douglas,00-0038621,NE,WR,WR,65.0,16,95.80000000000001,5.987500000000001,64.80000000000001,31.0,31,46,447,3,0.0954356846473029,0.09648742411101474,0.21069472384866467,7,21,0,0,0,0,0,0,288.0,0.25882352941176473,0.33263888888888893,5.9875,5.200881335568681,20.0,1,WR,"https://static.www.nfl.com/image/upload/f_auto,q_auto/league/cm9vnzqu5phlmsocjwgc",REG,0,0,0,0,0,0,0,,,0,,0,0,0,0,0,0,2,-0.9672429888742045,0,1,1,0,0,0,0,445,214,17,28.142252345996887,0,15,8,7,3,1.0044943820224719,0,0,0,0,0,0,0,0.0,0.0,0,0,0,0,0,0,0,0,0,0,0,0,0,0,0,0,0,0,0,0,0,0,0,0,0,0,0,0,0,0,0,0,0,,,0,0,0,0,0,0,0,0,0,0,0,0,,,,0,0,0,0,0,0,0,,0,0,0,0,,0,0,,0,0,0,0,0,0,0,0,0,0,D.Douglas,DeMario Douglas,WR,WR,"https://static.www.nfl.com/image/upload/f_auto,q_auto/league/cm9vnzqu5phlmsocjwgc",2025.0,POST,NE,4.0,0.0,0.0,0.0,0.0,0.0,0.0,0.0,0.0,0.0,0.0,0.0,0.0,,,0.0,,0.0,0.0,0.0,0.0,0.0,0.0,0.0,0.0,0.0,0.0,,0.0,0.0,0.0,0.0,0.0,8.0,12.0,84.0,1.0,0.0,0.0,86.0,59.0,3.0,2.86724383412757,0.0,2.0,1.0,1.0,0.0,0.9767441860465116,0.10526315789473684,0.06913183279742766,0.20628701980030462,0.0,0.0,0.0,0.0,0.0,0.0,0.0,0.0,0.0,0.0,0.0,0.0,0.0,0.0,0.0,0.0,0.0,0.0,0.0,0.0,0.0,0.0,0.0,0.0,0.0,0.0,0.0,0.0,0.0,0.0,0.0,0.0,0.0,0.0,0.0,0.0,0.0,0.0,0.0,0.0,0.0,0.0,,,0.0,0.0,0.0,0.0,0.0,0.0,0.0,0.0,0.0,0.0,0.0,0.0,,,,0.0,0.0,0.0,0.0,0.0,0.0,0.0,,0.0,0.0,0.0,0.0,,0.0,0.0,,0.0,0.0,0.0,0.0,0.0,0.0,0.0,0.0,0.0,0.0,14.4,22.4,00-0038621,DougDe00,4427095,DeMario Douglas,2000-12-08,68.0,185.0,Liberty,2023.0,6.0,210.0,NE,2023,4,17.0,0.0,3.0,0.0,0.007058823529411764,2025.0,Demario Douglas,NE,25.0,WR,17.0,0.0,46.0,31.0,447.0,,17.0,233.0,7.5,214.0,6.9,9.9,1.0,31.0,2.0,0.043,0.0,120.5,2026-02-11,2025.0,Demario Douglas,NE,25.0,WR,17.0,0.0,7.0,21.0,,2.0,18.0,2.6,3.0,0.4,0.0,,2026-02-11,,,,,,,,,,,,,,,,,,,,,,,,,,,,,,,,,,,,,,,,,,,,,,,,,,,,,,,,,,,16,5.15,0.5,2,2,0
2025,Marvin Mims Jr.,M.Mims,00-0038976,DEN,WR,WR,66.0,15,95.0,6.333333333333333,58.0,37.0,37,51,322,1,0.08732876712328767,0.10650623885918004,0.20554751788635753,12,78,1,0,0,0,0,0,379.0,0.3686666666666667,0.25065963060686014,6.333333333333333,5.539425791112116,20.5,1,WR,"https://static.www.nfl.com/image/upload/f_auto,q_auto/league/zbdjtph5xplbf4yocz0l",REG,0,0,0,0,0,0,0,,,0,,0,0,0,0,1,0,3,5.144693047855981,0,2,2,0,0,0,0,478,231,14,3.4952335021266556,0,10,6,6,0,0.6736401673640168,1,0,0,0,0,0,0,0.0,0.0,0,0,0,0,0,1,0,0,0,0,0,0,0,1,0,0,0,0,0,0,1,1,0,2,1,29,452,25,658,0,0,0,0,,,0,0,0,0,0,0,0,0,0,0,0,0,,,,0,0,0,0,0,0,0,,0,0,0,0,,0,0,,0,0,0,0,0,0,0,0,0,0,M.Mims,Marvin Mims Jr.,WR,WR,"https://static.www.nfl.com/image/upload/f_auto,q_auto/league/zbdjtph5xplbf4yocz0l",2025.0,POST,DEN,2.0,0.0,0.0,0.0,0.0,0.0,0.0,0.0,0.0,0.0,0.0,0.0,0.0,,,0.0,,0.0,0.0,0.0,0.0,0.0,0.0,0.0,0.0,0.0,0.0,,0.0,0.0,0.0,0.0,0.0,12.0,14.0,155.0,1.0,0.0,0.0,123.0,63.0,7.0,9.408635025378317,0.0,5.0,4.0,3.0,1.0,1.2601626016260163,0.2028985507246377,0.25256673511293637,0.481144540666012,0.0,1.0,0.0,0.0,0.0,0.0,0.0,0.0,0.0,0.0,0.0,0.0,0.0,0.0,0.0,0.0,0.0,0.0,0.0,0.0,0.0,0.0,0.0,0.0,0.0,0.0,0.0,0.0,0.0,0.0,0.0,0.0,0.0,0.0,3.0,8.0,2.0,50.0,0.0,0.0,0.0,0.0,,,0.0,0.0,0.0,0.0,0.0,0.0,0.0,0.0,0.0,0.0,0.0,0.0,,,,0.0,0.0,0.0,0.0,0.0,0.0,0.0,,0.0,0.0,0.0,0.0,,0.0,0.0,,0.0,0.0,0.0,0.0,0.0,0.0,0.0,0.0,0.0,0.0,21.5,33.5,00-0038976,MimsMa00,4686472,Marvin Mims Jr.,2002-03-19,71.0,182.0,Oklahoma,2023.0,2.0,63.0,DEN,2023,4,15.0,0.0,140.0,0.0,0.33666666666666667,2025.0,Marvin Mims,DEN,23.0,WR,15.0,4.0,51.0,37.0,322.0,,14.0,91.0,2.5,231.0,6.2,9.4,3.0,12.3,1.0,0.02,0.0,95.4,2026-02-11,2025.0,Marvin Mims,DEN,23.0,WR,15.0,4.0,12.0,78.0,,3.0,58.0,4.8,20.0,1.7,1.0,12.0,2026-02-11,,,,,,,,,,,,,,,,,,,,,,,,,,,,,,,,,,,,,,,,,,,,,,,,,,,,,,,,,,,15,4.2,0.2,3,2,0
2025,Tez Johnson,T.Johnson,00-0040237,TB,WR,WR,67.0,15,92.4,6.16,64.4,28.0,28,44,322,5,0.08133086876155268,0.11456483126110124,0.20219168502509988,7,22,0,0,0,0,0,0,495.0,0.470625,0.18666666666666668,6.16,6.507665809313988,20.2,1,WR,"https://static.www.nfl.com/image/upload/f_auto,q_auto/league/ajbnpagviw0glrhf5a2e",REG,0,0,0,0,0,0,0,,,0,,0,0,0,0,0,0,0,-1.2532766102231108,0,0,0,0,0,0,0,516,110,16,16.342394185250168,0,16,7,3,1,0.624031007751938,0,0,0,0,0,0,0,0.0,0.0,0,0,0,0,0,0,0,0,0,0,0,0,0,0,0,0,0,0,1,10,0,0,0,0,0,0,0,0,0,0,0,0,0,,,0,0,0,0,0,0,0,0,0,0,0,0,,,,0,0,0,0,0,0,0,,0,0,0,0,,0,0,,0,0,0,0,0,0,0,0,0,0,,,,,,,,,,,,,,,,,,,,,,,,,,,,,,,,,,,,,,,,,,,,,,,,,,,,,,,,,,,,,,,,,,,,,,,,,,,,,,,,,,,,,,,,,,,,,,,,,,,,,,,,,,,,,,,,,,,,,,,,,,,,,,,,,,,,,,,,,,,,,,,,,,,,00-0040237,JohnTe03,4608810,Tez Johnson,2002-05-18,70.0,165.0,Oregon; Troy,2025.0,7.0,235.0,TB,2025,2,16.0,0.0,0.0,0.0,0.0,2025.0,Tez Johnson,TB,23.0,WR,16.0,8.0,44.0,28.0,322.0,,16.0,212.0,7.6,110.0,3.9,11.7,1.0,28.0,2.0,0.045,0.0,123.5,2026-02-11,2025.0,Tez Johnson,TB,23.0,WR,16.0,8.0,7.0,22.0,,0.0,18.0,2.6,4.0,0.6,0.0,,2026-02-11,,,,,,,,,,,,,,,,,,,,,,,,,,,,,,,,,,,,,,,,,,,,,,,,,,,,,,,,,,,15,3.2,0.0,4,2,0
2025,Kendrick Bourne,K.Bourne,00-0033307,SF,WR,WR,68.0,14,92.1,6.578571428571428,55.1,36.99999999999999,37,53,551,0,0.09636363636363636,0.13594040968342644,0.23970374132385303,0,0,0,0,0,0,0,0,594.0,0.566875,0.15505050505050505,6.578571428571429,6.890816471823325,24.200000000000003,1,WR,"https://static.www.nfl.com/image/upload/f_auto,q_auto/league/yzfa94cmhpcqamrwzdzk",REG,0,0,0,0,0,0,0,,,0,,0,0,0,0,0,0,0,,0,0,0,0,0,0,0,584,165,27,20.54687538966086,0,27,13,5,2,0.9434931506849316,0,0,0,0,0,0,0,0.0,0.0,0,0,0,0,0,0,0,0,0,0,0,0,0,0,0,0,0,0,2,15,0,0,0,0,0,0,0,0,0,0,0,0,0,,,0,0,0,0,0,0,0,0,0,0,0,0,,,,0,0,0,0,0,0,0,,0,0,0,0,,0,0,,0,0,0,0,0,0,0,0,0,0,K.Bourne,Kendrick Bourne,WR,WR,"https://static.www.nfl.com/image/upload/f_auto,q_auto/league/yzfa94cmhpcqamrwzdzk",2025.0,POST,SF,1.0,0.0,0.0,0.0,0.0,0.0,0.0,0.0,0.0,0.0,0.0,0.0,0.0,,,0.0,,0.0,0.0,0.0,0.0,0.0,0.0,0.0,0.0,0.0,0.0,,0.0,0.0,0.0,0.0,0.0,0.0,2.0,0.0,0.0,0.0,0.0,35.0,0.0,0.0,-3.913204076816328,0.0,0.0,0.0,0.0,0.0,0.0,0.03508771929824561,0.06809338521400778,0.10029694859717386,0.0,0.0,0.0,0.0,0.0,0.0,0.0,0.0,0.0,0.0,0.0,0.0,0.0,0.0,0.0,0.0,0.0,0.0,0.0,0.0,0.0,0.0,0.0,0.0,0.0,0.0,0.0,0.0,0.0,0.0,0.0,0.0,0.0,0.0,0.0,0.0,0.0,0.0,0.0,0.0,0.0,0.0,,,0.0,0.0,0.0,0.0,0.0,0.0,0.0,0.0,0.0,0.0,0.0,0.0,,,,0.0,0.0,0.0,0.0,0.0,0.0,0.0,,0.0,0.0,0.0,0.0,,0.0,0.0,,0.0,0.0,0.0,0.0,0.0,0.0,0.0,0.0,0.0,0.0,0.0,0.0,00-0033307,BourKe00,3045523,Kendrick Bourne,1995-08-04,73.0,203.0,Eastern Washington,,,,,2017,10,16.0,0.0,0.0,0.0,0.0,2025.0,Kendrick Bourne,SF,30.0,WR,16.0,8.0,53.0,37.0,551.0,,27.0,386.0,10.4,165.0,4.5,11.0,1.0,37.0,6.0,0.113,2.0,87.9,2026-02-11,,,,,,,,,,,,,,,,,,,,,,,,,,,,,,,,,,,,,,,,,,,,,,,,,,,,,,,,,,,,,,,,,,,,,,,,,,,,,14,4.550000000000001,0.0,2,2,0
2025,Jalen Coker,J.Coker,00-0039491,CAR,WR,WR,69.0,11,90.4,8.218181818181819,57.400000000000006,33.0,33,43,394,3,0.08958333333333333,0.12608695652173912,0.22263586956521736,0,0,0,0,0,0,0,0,439.0,0.6936363636363636,0.2059225512528474,8.218181818181819,5.865461308681215,17.4,0,WR,"https://static.www.nfl.com/image/upload/f_auto,q_auto/league/yynz8rxen6tsvhojggiv",REG,0,0,0,0,0,0,0,,,0,,0,0,0,0,0,0,0,,0,0,0,0,0,1,1,435,102,22,21.855756275938127,1,16,9,6,0,0.9057471264367816,0,0,0,0,0,0,0,0.0,0.0,0,0,0,0,0,0,0,0,0,0,0,0,0,0,0,0,0,0,1,10,0,1,0,1,1,0,0,0,0,0,0,0,0,,,0,0,0,0,0,0,0,0,0,0,0,0,,,,0,0,0,0,0,0,0,,0,0,0,0,,0,0,,0,0,0,0,0,0,0,0,0,0,J.Coker,Jalen Coker,WR,WR,"https://static.www.nfl.com/image/upload/f_auto,q_auto/league/yynz8rxen6tsvhojggiv",2025.0,POST,CAR,1.0,0.0,0.0,0.0,0.0,0.0,0.0,0.0,0.0,0.0,0.0,0.0,0.0,,,0.0,,0.0,0.0,0.0,0.0,0.0,0.0,0.0,0.0,0.0,0.0,,0.0,0.0,0.0,0.0,0.0,9.0,12.0,134.0,1.0,0.0,0.0,143.0,56.0,5.0,5.615264613559702,0.0,4.0,2.0,2.0,1.0,0.9370629370629371,0.32432432432432434,0.3917808219178082,0.7607330618289523,0.0,0.0,0.0,0.0,0.0,0.0,0.0,0.0,0.0,0.0,0.0,0.0,0.0,0.0,0.0,0.0,0.0,0.0,0.0,0.0,0.0,0.0,0.0,0.0,0.0,0.0,0.0,0.0,0.0,0.0,0.0,0.0,0.0,0.0,0.0,0.0,0.0,0.0,0.0,0.0,0.0,0.0,,,0.0,0.0,0.0,0.0,0.0,0.0,0.0,0.0,0.0,0.0,0.0,0.0,,,,0.0,0.0,0.0,0.0,0.0,0.0,0.0,,0.0,0.0,0.0,0.0,,0.0,0.0,,0.0,0.0,0.0,0.0,0.0,0.0,0.0,0.0,0.0,0.0,19.4,28.4,00-0039491,CokeJa01,4695883,Jalen Coker,2001-10-30,75.0,213.0,Holy Cross,,,,,2024,3,11.0,0.0,1.0,0.0,0.0036363636363636364,2025.0,Jalen Coker,CAR,24.0,WR,11.0,3.0,43.0,33.0,394.0,,22.0,292.0,8.8,102.0,3.1,10.0,1.0,33.0,0.0,0.0,1.0,117.8,2026-02-11,,,,,,,,,,,,,,,,,,,,,,,,,,,,,,,,,,,,,,,,,,,,,,,,,,,,,,,,,,,,,,,,,,,,,,,,,,,,,11,6.6,0.0,4,2,0
2025,Andrei Iosivas,A.Iosivas,00-0038619,CIN,WR,WR,70.0,15,89.9,5.993333333333334,56.900000000000006,33.0,33,58,435,2,0.09539473684210527,0.12874442319949012,0.233213201502801,3,14,0,0,0,0,0,0,851.0,0.7617647058823529,0.10564042303172738,5.993333333333334,5.18176289178371,18.0,0,WR,"https://static.www.nfl.com/image/upload/f_auto,q_auto/league/xhrvbt81iohroyftuyj2",REG,0,0,0,0,0,0,0,,,0,,0,0,0,0,0,0,0,-0.14851663075387478,0,0,0,0,0,0,0,606,103,24,11.676757565341108,0,20,10,7,0,0.7178217821782178,0,0,0,0,0,0,0,0.0,0.0,0,0,0,0,0,0,0,0,0,0,0,0,0,0,0,0,0,0,1,5,0,0,0,0,0,0,0,0,0,0,0,0,0,,,0,0,0,0,0,0,0,0,0,0,0,0,,,,0,0,0,0,0,0,0,,0,0,0,0,,0,0,,0,0,0,0,0,0,0,0,0,0,,,,,,,,,,,,,,,,,,,,,,,,,,,,,,,,,,,,,,,,,,,,,,,,,,,,,,,,,,,,,,,,,,,,,,,,,,,,,,,,,,,,,,,,,,,,,,,,,,,,,,,,,,,,,,,,,,,,,,,,,,,,,,,,,,,,,,,,,,,,,,,,,,,,00-0038619,IosiAn00,4368003,Andrei Iosivas,1999-10-15,75.0,210.0,Princeton,2023.0,6.0,206.0,CIN,2023,4,17.0,0.0,0.0,0.0,0.0,2025.0,Andrei Iosivas,CIN,26.0,WR,17.0,9.0,58.0,33.0,435.0,,24.0,332.0,10.1,103.0,3.1,10.3,1.0,33.0,5.0,0.086,2.0,77.9,2026-02-11,2025.0,Andrei Iosivas,CIN,26.0,WR,17.0,9.0,3.0,14.0,,0.0,11.0,3.7,3.0,1.0,0.0,,2026-02-11,,,,,,,,,,,,,,,,,,,,,,,,,,,,,,,,,,,,,,,,,,,,,,,,,,,,,,,,,,,15,3.7,0.0,3,1,0
2025,Xavier Legette,X.Legette,00-0039342,CAR,WR,WR,71.0,15,89.30000000000001,5.953333333333334,54.300000000000004,35.00000000000001,35,64,363,3,0.13333333333333333,0.18347826086956523,0.32843478260869563,1,0,0,0,0,0,0,0,642.0,0.6786666666666666,0.13909657320872276,5.953333333333334,6.860431750955899,24.200000000000003,1,WR,"https://static.www.nfl.com/image/upload/f_auto,q_auto/league/yoyxkitrdqbkhyqncy5p",REG,0,0,0,0,0,0,0,,,0,,0,0,0,0,0,0,0,-0.5305159189738333,0,0,0,0,0,1,0,633,75,18,-4.082821242714836,0,14,7,7,0,0.5734597156398105,0,0,0,0,0,0,0,0.0,0.0,0,0,0,0,0,0,0,0,0,0,0,0,0,1,0,0,0,0,7,35,1,0,0,1,0,0,0,0,0,0,0,0,0,,,0,0,0,0,0,0,0,0,0,0,0,0,,,,0,0,0,0,0,0,0,,0,0,0,0,,0,0,,0,0,0,0,0,0,0,0,0,0,X.Legette,Xavier Legette,WR,WR,"https://static.www.nfl.com/image/upload/f_auto,q_auto/league/yoyxkitrdqbkhyqncy5p",2025.0,POST,CAR,1.0,0.0,0.0,0.0,0.0,0.0,0.0,0.0,0.0,0.0,0.0,0.0,0.0,,,0.0,,0.0,0.0,0.0,0.0,0.0,0.0,0.0,0.0,0.0,0.0,,0.0,0.0,0.0,0.0,0.0,1.0,4.0,8.0,0.0,0.0,0.0,44.0,4.0,0.0,-3.2143571037449874,0.0,0.0,0.0,0.0,0.0,0.18181818181818182,0.10810810810810811,0.12054794520547946,0.2465457238059978,0.0,0.0,0.0,0.0,0.0,0.0,0.0,0.0,0.0,0.0,0.0,0.0,0.0,0.0,0.0,0.0,0.0,0.0,0.0,0.0,0.0,0.0,0.0,0.0,0.0,0.0,0.0,0.0,0.0,0.0,0.0,0.0,0.0,0.0,0.0,0.0,2.0,44.0,0.0,0.0,0.0,0.0,,,0.0,0.0,0.0,0.0,0.0,0.0,0.0,0.0,0.0,0.0,0.0,0.0,,,,0.0,0.0,0.0,0.0,0.0,0.0,0.0,,0.0,0.0,0.0,0.0,,0.0,0.0,,0.0,0.0,0.0,0.0,0.0,0.0,0.0,0.0,0.0,0.0,0.8,1.8,00-0039342,LegeXa00,4430034,Xavier Legette,2001-01-29,75.0,227.0,South Carolina,2024.0,1.0,32.0,CAR,2024,3,15.0,0.0,8.0,0.0,0.024666666666666667,2025.0,Xavier Legette,CAR,24.0,WR,15.0,12.0,64.0,35.0,363.0,,18.0,288.0,8.2,75.0,2.1,9.6,0.0,,2.0,0.031,3.0,67.4,2026-02-11,2025.0,Xavier Legette,CAR,24.0,WR,15.0,12.0,1.0,0.0,,0.0,0.0,0.0,0.0,0.0,0.0,,2026-02-11,,,,,,,,,,,,,,,,,,,,,,,,,,,,,,,,,,,,,,,,,,,,,,,,,,,,,,,,,,,15,3.7,0.0,3,2,0
2025,Ricky Pearsall,R.Pearsall,00-0039916,SF,WR,WR,72.0,9,88.6,9.844444444444443,52.6,35.99999999999999,36,53,528,0,0.09636363636363636,0.17411545623836128,0.26642627391230744,2,-2,0,0,0,0,0,0,480.0,0.7811111111111111,0.18458333333333332,9.844444444444445,6.514620309563542,19.700000000000003,0,WR,"https://static.www.nfl.com/image/upload/f_auto,q_auto/league/rrv2qhkjqagb8ibzwakv",REG,0,0,0,0,0,0,0,,,0,,0,0,0,0,0,0,0,-1.6721444784780033,0,0,0,0,0,0,0,748,74,28,26.707000381800015,0,24,11,9,1,0.7058823529411765,0,1,0,0,0,0,0,0.0,0.0,0,0,0,0,0,0,0,0,0,0,0,0,0,0,0,0,0,0,1,5,0,0,0,0,0,0,0,0,0,0,0,0,0,,,0,0,0,0,0,0,0,0,0,0,0,0,,,,0,0,0,0,0,0,0,,0,0,0,0,,0,0,,0,0,0,0,0,0,0,0,0,0,R.Pearsall,Ricky Pearsall,WR,WR,"https://static.www.nfl.com/image/upload/f_auto,q_auto/league/rrv2qhkjqagb8ibzwakv",2025.0,POST,SF,1.0,0.0,0.0,0.0,0.0,0.0,0.0,0.0,0.0,0.0,0.0,0.0,0.0,,,0.0,,0.0,0.0,0.0,0.0,0.0,0.0,0.0,0.0,0.0,0.0,,0.0,0.0,0.0,0.0,0.0,0.0,2.0,0.0,0.0,0.0,0.0,13.0,0.0,0.0,-2.442400827568479,0.0,0.0,0.0,0.0,0.0,0.0,0.03508771929824561,0.02529182879377432,0.07033585910301043,0.0,0.0,0.0,0.0,0.0,0.0,0.0,0.0,0.0,0.0,0.0,0.0,0.0,0.0,0.0,0.0,0.0,0.0,0.0,0.0,0.0,0.0,0.0,0.0,0.0,0.0,0.0,0.0,0.0,0.0,0.0,0.0,0.0,0.0,0.0,0.0,0.0,0.0,0.0,0.0,0.0,0.0,,,0.0,0.0,0.0,0.0,0.0,0.0,0.0,0.0,0.0,0.0,0.0,0.0,,,,0.0,0.0,0.0,0.0,0.0,0.0,0.0,,0.0,0.0,0.0,0.0,,0.0,0.0,,0.0,0.0,0.0,0.0,0.0,0.0,0.0,0.0,0.0,0.0,0.0,0.0,00-0039916,PearRi00,4428209,Ricky Pearsall,2000-09-09,73.0,189.0,Florida; Arizona State,2024.0,1.0,31.0,SF,2024,3,9.0,0.0,2.0,0.0,0.007777777777777778,2025.0,Ricky Pearsall,SF,25.0,WR,9.0,9.0,53.0,36.0,528.0,,28.0,454.0,12.6,74.0,2.1,14.1,0.0,,1.0,0.019,4.0,68.7,2026-02-11,2025.0,Ricky Pearsall,SF,25.0,WR,9.0,9.0,2.0,-2.0,,0.0,-9.0,-4.5,7.0,3.5,2.0,1.0,2026-02-11,,,,,,,,,,,,,,,,,,,,,,,,,,,,,,,,,,,,,,,,,,,,,,,,,,,,,,,,,,,9,9.2,1.0,4,2,0
2025,Adonai Mitchell,A.Mitchell,00-0039890,NYJ,WR,WR,73.0,16,87.9,5.49375,54.900000000000006,33.0,33,74,453,2,0.13962264150943396,0.25159817351598174,0.38555268372533813,1,-4,0,0,0,0,0,0,498.0,0.50625,0.17650602409638555,5.49375,6.7878782890286615,24.200000000000003,1,WR,"https://static.www.nfl.com/image/upload/f_auto,q_auto/league/hwwacoa3pqapd7pgahfx",REG,0,0,0,0,0,0,0,,,0,,0,0,0,0,0,0,0,-1.1126403328380547,0,0,0,0,0,1,1,1102,80,15,-16.11009648335977,0,13,8,6,2,0.411070780399274,0,3,0,0,0,0,0,0.0,0.0,0,0,0,0,0,0,0,0,0,0,0,0,0,0,0,0,0,0,1,10,0,1,1,1,1,0,0,0,0,0,0,0,0,,,0,0,0,0,0,0,0,0,0,0,0,0,,,,0,0,0,0,0,0,0,,0,0,0,0,,0,0,,0,0,0,0,0,0,0,0,0,0,,,,,,,,,,,,,,,,,,,,,,,,,,,,,,,,,,,,,,,,,,,,,,,,,,,,,,,,,,,,,,,,,,,,,,,,,,,,,,,,,,,,,,,,,,,,,,,,,,,,,,,,,,,,,,,,,,,,,,,,,,,,,,,,,,,,,,,,,,,,,,,,,,,,00-0039890,MitcAd00,4597500,Adonai Mitchell,2002-10-08,74.0,205.0,Texas; Georgia,2024.0,2.0,52.0,IND,2024,3,16.0,0.0,4.0,0.0,0.01,2025.0,Adonai Mitchell,2TM,23.0,WR,16.0,5.0,74.0,33.0,453.0,,15.0,373.0,11.3,80.0,2.4,14.9,0.0,,2.0,0.027000000000000003,5.0,45.6,2026-02-11,2025.0,Adonai Mitchell,NYJ,23.0,WR,8.0,4.0,1.0,-4.0,,0.0,-4.0,-4.0,0.0,0.0,0.0,,2026-02-11,,,,,,,,,,,,,,,,,,,,,,,,,,,,,,,,,,,,,,,,,,,,,,,,,,,,,,,,,,,16,3.7,0.0,3,2,0
2025,Calvin Austin III,C.Austin,00-0037837,PIT,WR,WR,74.0,14,86.2,6.1571428571428575,55.2,31.0,31,55,372,3,0.1053639846743295,0.18445121951219512,0.28716183067003087,0,0,0,0,0,0,0,0,446.0,0.535,0.19327354260089688,6.1571428571428575,5.502546862864684,17.0,0,WR,"https://static.www.nfl.com/image/private/f_auto,q_auto/league/qlt6ztqcbu0uzad6aavt",REG,0,0,0,0,0,0,0,,,0,,0,0,0,0,0,0,0,,0,0,0,0,0,0,0,605,128,15,-4.1407796758777975,0,15,10,5,0,0.6148760330578512,0,0,0,0,0,0,0,0.0,0.0,0,0,0,0,0,0,0,0,0,0,0,0,0,0,0,0,0,0,2,9,0,0,0,0,0,15,101,0,0,0,0,0,0,,,0,0,0,0,0,0,0,0,0,0,0,0,,,,0,0,0,0,0,0,0,,0,0,0,0,,0,0,,0,0,0,0,0,0,0,0,0,0,C.Austin,Calvin Austin III,WR,WR,"https://static.www.nfl.com/image/private/f_auto,q_auto/league/qlt6ztqcbu0uzad6aavt",2025.0,POST,PIT,1.0,0.0,0.0,0.0,0.0,0.0,0.0,0.0,0.0,0.0,0.0,0.0,0.0,,,0.0,,0.0,0.0,0.0,0.0,0.0,0.0,0.0,0.0,0.0,0.0,,0.0,0.0,0.0,0.0,0.0,3.0,6.0,8.0,0.0,0.0,0.0,107.0,3.0,1.0,-1.591406108578667,0.0,0.0,0.0,0.0,0.0,0.07476635514018691,0.1935483870967742,0.3689655172413793,0.5485984427141268,0.0,0.0,0.0,0.0,0.0,0.0,0.0,0.0,0.0,0.0,0.0,0.0,0.0,0.0,0.0,0.0,0.0,0.0,0.0,0.0,0.0,0.0,0.0,0.0,0.0,0.0,0.0,0.0,0.0,0.0,0.0,0.0,0.0,0.0,1.0,14.0,0.0,0.0,0.0,0.0,0.0,0.0,,,0.0,0.0,0.0,0.0,0.0,0.0,0.0,0.0,0.0,0.0,0.0,0.0,,,,0.0,0.0,0.0,0.0,0.0,0.0,0.0,,0.0,0.0,0.0,0.0,,0.0,0.0,,0.0,0.0,0.0,0.0,0.0,0.0,0.0,0.0,0.0,0.0,0.8,3.8,00-0037837,AustCa00,4243389,Calvin Austin III,1999-03-24,69.0,162.0,Memphis,2022.0,4.0,138.0,PIT,2022,5,14.0,0.0,31.0,0.0,0.08571428571428572,2025.0,Calvin Austin,PIT,26.0,WR,14.0,7.0,55.0,31.0,372.0,,15.0,244.0,7.9,128.0,4.1,11.0,2.0,15.5,2.0,0.036000000000000004,3.0,72.7,2026-02-11,,,,,,,,,,,,,,,,,,,,,,,,,,,,,,,,,,,,,,,,,,,,,,,,,,,,,,,,,,,,,,,,,,,,,,,,,,,,,14,3.75,0.0,4,1,0
2025,Mike Evans,M.Evans,00-0031408,TB,WR,WR,75.0,8,84.80000000000001,10.600000000000001,54.800000000000004,30.000000000000007,30,62,368,3,0.11460258780036968,0.18294849023090587,0.29996782486218865,0,0,0,0,0,0,0,0,357.0,0.65625,0.23753501400560229,10.600000000000001,5.79901469463317,19.200000000000003,0,WR,"https://static.www.nfl.com/image/upload/f_auto,q_auto/league/zc4ujpmndyxrbiyyjomz",REG,0,0,0,0,0,0,0,,,0,,0,0,0,0,0,0,0,,0,0,0,0,0,0,0,824,37,23,5.266324962874822,0,17,6,5,1,0.44660194174757284,0,2,0,0,0,0,0,0.0,0.0,0,0,0,0,0,0,0,0,0,0,0,0,0,0,0,0,0,0,3,30,0,0,0,0,0,0,0,0,0,0,0,0,0,,,0,0,0,0,0,0,0,0,0,0,0,0,,,,0,0,0,0,0,0,0,,0,0,0,0,,0,0,,0,0,0,0,0,0,0,0,0,0,,,,,,,,,,,,,,,,,,,,,,,,,,,,,,,,,,,,,,,,,,,,,,,,,,,,,,,,,,,,,,,,,,,,,,,,,,,,,,,,,,,,,,,,,,,,,,,,,,,,,,,,,,,,,,,,,,,,,,,,,,,,,,,,,,,,,,,,,,,,,,,,,,,,00-0031408,EvanMi00,16737,Mike Evans,1993-08-21,77.0,231.0,Texas A&M,2014.0,1.0,7.0,TB,2014,13,8.0,0.0,0.0,0.0,0.0,2025.0,Mike Evans,TB,32.0,WR,8.0,8.0,62.0,30.0,368.0,,23.0,331.0,11.0,37.0,1.2,13.3,0.0,,2.0,0.032,2.0,69.8,2026-02-11,,,,,,,,,,,,,,,,,,,,,,,,,,,,,,,,,,,,,,,,,,,,,,,,,,,,,,,,,,,,,,,,,,,,,,,,,,,,,8,11.350000000000001,0.0,6,1,0
2025,Olamide Zaccheaus,O.Zaccheaus,00-0035208,CHI,WR,WR,75.0,14,84.80000000000001,6.057142857142858,45.800000000000004,39.00000000000001,39,65,313,2,0.12218045112781954,0.09344660194174757,0.2486832980509526,4,25,0,0,0,0,0,0,580.0,0.53625,0.14620689655172417,6.057142857142858,4.598948757088914,17.8,0,WR,"https://static.www.nfl.com/image/upload/f_auto,q_auto/league/zsnzd30ysrewgufbv06y",REG,0,0,0,0,0,0,0,,,0,,0,0,0,0,0,0,1,0.6340966686257161,0,1,1,0,0,0,0,462,138,15,-3.7957926920527654,0,12,2,1,0,0.6774891774891775,0,0,0,0,0,0,0,0.0,0.0,0,0,0,0,0,0,0,0,0,0,0,0,0,0,0,0,0,0,1,10,0,0,0,0,0,0,0,0,0,0,0,0,0,,,0,0,0,0,0,0,0,0,0,0,0,0,,,,0,0,0,0,0,0,0,,0,0,0,0,,0,0,,0,0,0,0,0,0,0,0,0,0,O.Zaccheaus,Olamide Zaccheaus,WR,WR,"https://static.www.nfl.com/image/upload/f_auto,q_auto/league/zsnzd30ysrewgufbv06y",2025.0,POST,CHI,2.0,0.0,0.0,0.0,0.0,0.0,0.0,0.0,0.0,0.0,0.0,0.0,0.0,,,0.0,,0.0,0.0,0.0,0.0,0.0,0.0,0.0,0.0,0.0,0.0,,0.0,0.0,0.0,0.0,0.0,2.0,4.0,17.0,1.0,0.0,0.0,47.0,6.0,1.0,0.7724165362888016,0.0,0.0,0.0,0.0,0.0,0.3617021276595745,0.045454545454545456,0.049893842887473464,0.10310750820304959,0.0,0.0,0.0,0.0,0.0,0.0,0.0,0.0,0.0,0.0,0.0,0.0,0.0,0.0,0.0,0.0,0.0,0.0,0.0,0.0,0.0,0.0,0.0,0.0,0.0,0.0,0.0,0.0,0.0,0.0,0.0,0.0,0.0,0.0,0.0,0.0,0.0,0.0,0.0,0.0,0.0,0.0,,,0.0,0.0,0.0,0.0,0.0,0.0,0.0,0.0,0.0,0.0,0.0,0.0,,,,0.0,0.0,0.0,0.0,0.0,0.0,0.0,,0.0,0.0,0.0,0.0,,0.0,0.0,,0.0,0.0,0.0,0.0,0.0,0.0,0.0,0.0,0.0,0.0,7.7,9.7,00-0035208,ZaccOl01,3917914,Olamide Zaccheaus,1997-07-23,68.0,194.0,Virginia,,,,,2019,8,16.0,0.0,2.0,0.0,0.004375,2025.0,Olamide Zaccheaus,CHI,28.0,WR,16.0,5.0,65.0,39.0,313.0,,15.0,175.0,4.5,138.0,3.5,6.7,1.0,39.0,5.0,0.077,1.0,76.0,2026-02-11,2025.0,Olamide Zaccheaus,CHI,28.0,WR,16.0,5.0,4.0,25.0,,1.0,17.0,4.3,8.0,2.0,0.0,,2026-02-11,,,,,,,,,,,,,,,,,,,,,,,,,,,,,,,,,,,,,,,,,,,,,,,,,,,,,,,,,,,14,5.050000000000001,0.0,2,1,0
2025,KaVontae Turpin,K.Turpin,00-0037801,DAL,WR,WR,77.0,15,84.5,5.633333333333334,58.5,26.0,26,38,396,2,0.06260296540362438,0.06687709607417637,0.14071841535736004,17,89,0,0,0,0,0,0,380.0,0.3546666666666667,0.22236842105263158,5.633333333333334,4.650755187012515,15.6,0,WR,"https://static.www.nfl.com/image/upload/f_auto,q_auto/league/tayjlp1hgmm6rewgl1k4",REG,0,0,0,0,0,0,0,,,0,,0,0,0,0,1,1,3,-3.174480806395877,0,1,1,1,0,0,0,339,214,16,16.721002287897193,0,13,9,5,2,1.168141592920354,0,1,0,0,0,0,0,0.0,0.0,0,0,0,0,0,0,0,0,0,0,0,0,0,1,0,0,0,0,1,5,0,1,0,1,1,10,55,69,1814,0,0,0,0,,,0,0,0,0,0,0,0,0,0,0,0,0,,,,0,0,0,0,0,0,0,,0,0,0,0,,0,0,,0,0,0,0,0,0,0,0,0,0,,,,,,,,,,,,,,,,,,,,,,,,,,,,,,,,,,,,,,,,,,,,,,,,,,,,,,,,,,,,,,,,,,,,,,,,,,,,,,,,,,,,,,,,,,,,,,,,,,,,,,,,,,,,,,,,,,,,,,,,,,,,,,,,,,,,,,,,,,,,,,,,,,,,00-0037801,TurpKa00,3676833,KaVontae Turpin,1996-08-02,67.0,158.0,TCU,,,,,2022,5,15.0,0.0,138.0,0.0,0.33,2025.0,KaVontae Turpin,DAL,29.0,WR,15.0,2.0,38.0,26.0,396.0,,16.0,182.0,7.0,214.0,8.2,8.8,1.0,26.0,4.0,0.105,1.0,109.1,2026-02-11,2025.0,KaVontae Turpin,DAL,29.0,WR,15.0,2.0,17.0,89.0,,3.0,56.0,3.3,33.0,1.9,2.0,8.5,2026-02-11,,,,,,,,,,,,,,,,,,,,,,,,,,,,,,,,,,,,,,,,,,,,,,,,,,,,,,,,,,,15,4.7,0.7000000000000001,2,2,0
2025,Chris Godwin Jr.,C.Godwin,00-0033921,TB,WR,WR,78.0,9,83.0,9.222222222222221,50.0,33.0,33,51,360,2,0.09426987060998152,0.08015097690941385,0.197510489751562,0,0,0,0,0,0,0,0,428.0,0.7088888888888889,0.1939252336448598,9.222222222222221,6.729186016484047,23.8,1,WR,"https://static.www.nfl.com/image/upload/f_auto,q_auto/league/ilkheljdx4hbjpisulke",REG,0,0,0,0,0,0,0,,,0,,0,0,0,0,0,0,0,,0,0,0,0,0,0,0,361,206,21,14.700097180323755,1,13,5,5,1,0.997229916897507,0,0,0,0,0,0,0,0.0,0.0,0,0,0,0,0,0,0,0,0,0,0,0,0,0,0,0,0,0,0,0,0,0,0,0,0,0,0,0,0,0,0,0,0,,,0,0,0,0,0,0,0,0,0,0,0,0,,,,0,0,0,0,0,0,0,,0,0,0,0,,0,0,,0,0,0,0,0,0,0,0,0,0,,,,,,,,,,,,,,,,,,,,,,,,,,,,,,,,,,,,,,,,,,,,,,,,,,,,,,,,,,,,,,,,,,,,,,,,,,,,,,,,,,,,,,,,,,,,,,,,,,,,,,,,,,,,,,,,,,,,,,,,,,,,,,,,,,,,,,,,,,,,,,,,,,,,00-0033921,GodwCh00,3116165,Chris Godwin Jr.,1996-02-27,73.0,209.0,Penn State,2017.0,3.0,84.0,TB,2017,10,9.0,0.0,0.0,0.0,0.0,2025.0,Chris Godwin,TB,29.0,WR,9.0,6.0,51.0,33.0,360.0,,21.0,154.0,4.7,206.0,6.2,7.0,4.0,8.3,1.0,0.02,1.0,90.3,2026-02-11,,,,,,,,,,,,,,,,,,,,,,,,,,,,,,,,,,,,,,,,,,,,,,,,,,,,,,,,,,,,,,,,,,,,,,,,,,,,,9,8.0,1.8,4,1,0
2025,Darnell Mooney,D.Mooney,00-0036309,ATL,WR,WR,79.0,15,82.30000000000001,5.486666666666667,50.300000000000004,32.00000000000001,32,72,443,1,0.13872832369942195,0.24436450839328538,0.3791476414244327,0,0,0,0,0,0,0,0,778.0,0.8193333333333332,0.10578406169665812,5.486666666666666,3.825080142328798,16.4,0,WR,"https://static.www.nfl.com/image/upload/f_auto,q_auto/league/eaejonwaflt9drrs9ika",REG,0,0,0,0,0,0,0,,,0,,0,0,0,0,0,0,0,,0,0,0,0,0,2,0,1019,73,25,3.6679175114696045,0,21,12,5,1,0.43473994111874387,0,0,0,0,0,0,0,0.0,0.0,0,0,0,0,0,0,0,0,0,0,0,0,0,0,0,0,0,0,0,0,2,0,0,2,0,0,0,0,0,0,0,0,0,,,0,0,0,0,0,0,0,0,0,0,0,0,,,,0,0,0,0,0,0,0,,0,0,0,0,,0,0,,0,0,0,0,0,0,0,0,0,0,,,,,,,,,,,,,,,,,,,,,,,,,,,,,,,,,,,,,,,,,,,,,,,,,,,,,,,,,,,,,,,,,,,,,,,,,,,,,,,,,,,,,,,,,,,,,,,,,,,,,,,,,,,,,,,,,,,,,,,,,,,,,,,,,,,,,,,,,,,,,,,,,,,,00-0036309,MoonDa00,4040655,Darnell Mooney,1997-10-29,71.0,177.0,Tulane,2020.0,5.0,173.0,CHI,2020,7,15.0,0.0,0.0,0.0,0.0,2025.0,Darnell Mooney,ATL,28.0,WR,15.0,15.0,72.0,32.0,443.0,,25.0,370.0,11.6,73.0,2.3,13.9,1.0,32.0,5.0,0.069,0.0,69.4,2026-02-11,,,,,,,,,,,,,,,,,,,,,,,,,,,,,,,,,,,,,,,,,,,,,,,,,,,,,,,,,,,,,,,,,,,,,,,,,,,,,15,4.5,1.6,1,1,0
2025,Sterling Shepard,S.Shepard,00-0032385,TB,WR,WR,80.0,13,82.0,6.3076923076923075,43.0,39.0,39,53,371,1,0.09796672828096119,0.10057726465364121,0.21735417767899062,4,19,0,0,0,0,0,0,495.0,0.5615384615384615,0.16565656565656567,6.3076923076923075,3.6286961704496425,12.0,0,WR,"https://static.www.nfl.com/image/upload/f_auto,q_auto/league/l47czwi8aaznnit0se5h",REG,0,0,0,0,0,0,0,,,0,,0,0,0,0,0,0,1,0.1829167483956553,0,1,0,0,0,1,1,453,149,18,-2.8266655006483474,0,16,8,5,0,0.8189845474613686,0,0,0,0,0,0,0,0.0,0.0,0,0,0,0,0,0,0,0,0,0,0,0,0,0,0,0,0,0,2,15,1,0,0,1,1,0,0,0,0,0,0,0,0,,,0,0,0,0,0,0,0,0,0,0,0,0,,,,0,0,0,0,0,0,0,,0,0,0,0,,0,0,,0,0,0,0,0,0,0,0,0,0,,,,,,,,,,,,,,,,,,,,,,,,,,,,,,,,,,,,,,,,,,,,,,,,,,,,,,,,,,,,,,,,,,,,,,,,,,,,,,,,,,,,,,,,,,,,,,,,,,,,,,,,,,,,,,,,,,,,,,,,,,,,,,,,,,,,,,,,,,,,,,,,,,,,00-0032385,ShepSt00,2976592,Sterling Shepard,1993-02-10,70.0,194.0,Oklahoma,2016.0,2.0,40.0,NYG,2016,10,13.0,0.0,0.0,0.0,0.0,2025.0,Sterling Shepard,TB,32.0,WR,13.0,2.0,53.0,39.0,371.0,,18.0,222.0,5.7,149.0,3.8,8.5,2.0,19.5,0.0,0.0,0.0,98.9,2026-02-11,2025.0,Sterling Shepard,TB,32.0,WR,13.0,2.0,4.0,19.0,,1.0,17.0,4.3,2.0,0.5,0.0,,2026-02-11,,,,,,,,,,,,,,,,,,,,,,,,,,,,,,,,,,,,,,,,,,,,,,,,,,,,,,,,,,,13,6.9,1.5,3,0,0
2025,Tyquan Thornton,T.Thornton,00-0038104,KC,WR,WR,81.0,12,80.80000000000001,6.733333333333334,61.800000000000004,19.000000000000007,19,37,438,3,0.06739526411657559,0.21950143392896537,0.25474389992513913,0,0,0,0,0,0,0,0,368.0,0.39,0.21956521739130438,6.733333333333333,5.705712182992717,18.1,0,WR,"https://static.www.nfl.com/image/upload/f_auto,q_auto/league/bjqzuempyiwxe0hl7e5a",REG,0,0,0,0,0,0,0,,,0,,0,0,0,0,0,0,0,,0,0,0,0,0,0,0,995,59,15,26.24813281281208,0,14,11,11,2,0.4402010050251256,0,1,0,0,0,0,1,0.0,0.0,0,0,0,0,0,0,0,0,0,0,0,0,0,0,0,0,0,0,0,0,0,0,0,0,0,0,0,18,475,0,0,0,0,,,0,0,0,0,0,0,0,0,0,0,0,0,,,,0,0,0,0,0,0,0,,0,0,0,0,,0,0,,0,0,0,0,0,0,0,0,0,0,,,,,,,,,,,,,,,,,,,,,,,,,,,,,,,,,,,,,,,,,,,,,,,,,,,,,,,,,,,,,,,,,,,,,,,,,,,,,,,,,,,,,,,,,,,,,,,,,,,,,,,,,,,,,,,,,,,,,,,,,,,,,,,,,,,,,,,,,,,,,,,,,,,,00-0038104,ThorTy00,4362921,Tyquan Thornton,2000-08-07,74.0,185.0,Baylor,2022.0,2.0,50.0,NE,2022,5,14.0,0.0,38.0,0.0,0.09999999999999999,2025.0,Tyquan Thornton,KC,25.0,WR,14.0,4.0,37.0,19.0,438.0,,15.0,379.0,19.9,59.0,3.1,26.9,0.0,,3.0,0.081,0.0,121.2,2026-02-11,,,,,,,,,,,,,,,,,,,,,,,,,,,,,,,,,,,,,,,,,,,,,,,,,,,,,,,,,,,,,,,,,,,,,,,,,,,,,12,6.4,0.0,3,1,0
2025,Isaac TeSlaa,I.TeSlaa,00-0040669,DET,WR,WR,82.0,14,75.9,5.421428571428572,59.900000000000006,16.0,16,27,239,6,0.04909090909090909,0.09431939978563773,0.13965994348631006,0,0,0,0,0,0,0,0,436.0,0.39647058823529413,0.17408256880733947,5.421428571428572,5.6063396218962644,15.2,0,WR,"https://static.www.nfl.com/image/upload/f_auto,q_auto/league/ducfhbiy2a8loytcjymn",REG,0,0,0,0,0,0,0,,,0,,0,0,0,0,0,0,0,,0,0,0,0,0,0,0,352,55,14,17.83113294077018,0,13,7,3,0,0.6789772727272727,0,1,0,1,0,0,0,0.0,0.0,0,0,0,0,0,0,0,0,0,0,0,0,0,0,0,0,0,0,2,20,0,0,0,0,0,0,0,0,0,0,0,0,0,,,0,0,0,0,0,0,0,0,0,0,0,0,,,,0,0,0,0,0,0,0,,0,0,0,0,,0,0,,0,0,0,0,0,0,0,0,0,0,,,,,,,,,,,,,,,,,,,,,,,,,,,,,,,,,,,,,,,,,,,,,,,,,,,,,,,,,,,,,,,,,,,,,,,,,,,,,,,,,,,,,,,,,,,,,,,,,,,,,,,,,,,,,,,,,,,,,,,,,,,,,,,,,,,,,,,,,,,,,,,,,,,,00-0040669,TeSlIs00,5123663,Isaac TeSlaa,2002-02-20,76.0,214.0,Arkansas; Hillsdale,2025.0,3.0,70.0,DET,2025,2,17.0,0.0,68.0,0.0,0.14411764705882354,2025.0,Isaac TeSlaa,DET,23.0,WR,17.0,3.0,27.0,16.0,239.0,,14.0,184.0,11.5,55.0,3.4,13.1,0.0,,0.0,0.0,1.0,112.5,2026-02-11,,,,,,,,,,,,,,,,,,,,,,,,,,,,,,,,,,,,,,,,,,,,,,,,,,,,,,,,,,,,,,,,,,,,,,,,,,,,,14,3.35,0.0,4,1,0
2025,Dontayvion Wicks,D.Wicks,00-0038393,GB,WR,WR,83.0,13,75.80000000000001,5.830769230769231,45.800000000000004,30.000000000000007,30,46,332,2,0.1,0.12070978286247958,0.23449684800373571,1,6,0,0,0,0,0,0,408.0,0.44642857142857145,0.18578431372549023,5.8307692307692305,7.019542318340588,28.0,1,WR,"https://static.www.nfl.com/image/upload/f_auto,q_auto/league/v1lt8kpvkn0qw5elyaoz",REG,0,0,0,0,0,0,0,,,0,,0,0,0,0,0,0,0,0.4941405840218067,0,0,0,0,0,0,0,517,67,21,14.157983337128767,0,15,8,3,0,0.6421663442940039,0,1,0,0,0,0,0,0.0,0.0,0,0,0,0,0,0,0,0,0,0,0,0,0,0,0,0,0,0,0,0,0,0,0,0,0,0,0,0,0,0,0,0,0,,,0,0,0,0,0,0,0,0,0,0,0,0,,,,0,0,0,0,0,0,0,,0,0,0,0,,0,0,,0,0,0,0,0,0,0,0,0,0,,,,,,,,,,,,,,,,,,,,,,,,,,,,,,,,,,,,,,,,,,,,,,,,,,,,,,,,,,,,,,,,,,,,,,,,,,,,,,,,,,,,,,,,,,,,,,,,,,,,,,,,,,,,,,,,,,,,,,,,,,,,,,,,,,,,,,,,,,,,,,,,,,,,00-0038393,WickDo00,4428850,Dontayvion Wicks,2001-06-16,73.0,206.0,Virginia,2023.0,5.0,159.0,GB,2023,4,14.0,0.0,1.0,0.0,0.002857142857142857,2025.0,Dontayvion Wicks,GB,24.0,WR,14.0,7.0,46.0,30.0,332.0,,21.0,265.0,8.8,67.0,2.2,11.2,2.0,15.0,2.0,0.043,2.0,82.9,2026-02-11,2025.0,Dontayvion Wicks,GB,24.0,WR,14.0,7.0,1.0,6.0,,0.0,4.0,4.0,2.0,2.0,0.0,,2026-02-11,,,,,,,,,,,,,,,,,,,,,,,,,,,,,,,,,,,,,,,,,,,,,,,,,,,,,,,,,,,13,3.9000000000000004,1.5,1,1,1
2025,Greg Dortch,G.Dortch,00-0035500,ARI,WR,WR,84.0,12,75.1,6.258333333333333,46.1,28.999999999999993,29,33,206,3,0.05348460291734198,0.012446351931330472,0.0889393507279443,7,15,1,0,0,0,0,0,292.0,0.3358333333333334,0.2571917808219178,6.258333333333334,6.021243956848019,18.6,0,WR,"https://static.www.nfl.com/image/upload/f_auto,q_auto/league/pylafoddjiqh4rhjlhpf",REG,0,0,0,0,0,0,0,,,0,,0,0,0,0,0,0,1,-1.388912864116719,0,0,0,0,0,0,0,58,194,10,4.251081109633556,0,10,5,1,0,3.5517241379310347,0,1,0,2,0,0,0,0.0,0.0,0,0,0,0,0,0,0,0,0,0,0,0,0,1,0,0,0,0,1,5,1,0,0,1,0,16,185,31,811,0,0,0,0,,,0,0,0,0,0,0,0,0,0,0,0,0,,,,0,0,0,0,0,0,0,,0,0,0,0,,0,0,,0,0,0,0,0,0,0,0,0,0,,,,,,,,,,,,,,,,,,,,,,,,,,,,,,,,,,,,,,,,,,,,,,,,,,,,,,,,,,,,,,,,,,,,,,,,,,,,,,,,,,,,,,,,,,,,,,,,,,,,,,,,,,,,,,,,,,,,,,,,,,,,,,,,,,,,,,,,,,,,,,,,,,,,00-0035500,DortGr01,4037235,Greg Dortch,1998-05-29,67.0,180.0,Wake Forest,,,,,2019,6,12.0,0.0,103.0,0.0,0.32666666666666666,2025.0,Greg Dortch,ARI,27.0,WR,12.0,3.0,33.0,29.0,206.0,,10.0,12.0,0.4,194.0,6.7,1.8,4.0,7.3,1.0,0.03,0.0,123.0,2026-02-11,2025.0,Greg Dortch,ARI,27.0,WR,12.0,3.0,7.0,15.0,,1.0,10.0,1.4,5.0,0.7,0.0,,2026-02-11,,,,,,,,,,,,,,,,,,,,,,,,,,,,,,,,,,,,,,,,,,,,,,,,,,,,,,,,,,,12,3.3000000000000003,0.8,2,2,0
2025,Pat Bryant,P.Bryant,00-0040134,DEN,WR,WR,85.0,13,74.80000000000001,5.753846153846155,43.800000000000004,31.000000000000007,31,49,378,1,0.0839041095890411,0.09135472370766488,0.18980447097892705,0,0,0,0,0,0,0,0,475.0,0.4766666666666667,0.15747368421052635,5.753846153846154,4.136346089770412,13.200000000000001,0,WR,"https://static.www.nfl.com/image/upload/f_auto,q_auto/league/n91hznzkfpftxhqt1qd9",REG,0,0,0,0,0,0,0,,,0,,0,0,0,0,0,0,0,,0,0,0,0,0,0,0,410,147,22,14.231253681904544,0,16,6,4,2,0.9219512195121952,0,3,0,1,0,0,0,0.0,0.0,0,0,0,0,0,0,0,0,0,0,0,0,0,0,0,0,0,0,5,42,0,0,0,0,0,0,0,0,0,0,0,0,0,,,0,0,0,0,0,0,0,0,0,0,0,0,,,,0,0,0,0,0,0,0,,0,0,0,0,,0,0,,0,0,0,0,0,0,0,0,0,0,P.Bryant,Pat Bryant,WR,WR,"https://static.www.nfl.com/image/upload/f_auto,q_auto/league/n91hznzkfpftxhqt1qd9",2025.0,POST,DEN,2.0,0.0,0.0,0.0,0.0,0.0,0.0,0.0,0.0,0.0,0.0,0.0,0.0,,,0.0,,0.0,0.0,0.0,0.0,1.0,1.0,0.0,0.0,0.0,0.0,-0.3718132681096904,0.0,0.0,0.0,0.0,0.0,4.0,4.0,34.0,0.0,0.0,0.0,21.0,13.0,3.0,1.5785907175159082,0.0,2.0,0.0,0.0,0.0,1.619047619047619,0.057971014492753624,0.043121149897330596,0.11714132666726185,0.0,0.0,0.0,0.0,0.0,0.0,0.0,0.0,0.0,0.0,0.0,0.0,0.0,0.0,0.0,0.0,0.0,0.0,0.0,0.0,0.0,0.0,0.0,0.0,0.0,0.0,0.0,0.0,0.0,0.0,0.0,0.0,0.0,0.0,0.0,0.0,0.0,0.0,0.0,0.0,0.0,0.0,,,0.0,0.0,0.0,0.0,0.0,0.0,0.0,0.0,0.0,0.0,0.0,0.0,,,,0.0,0.0,0.0,0.0,0.0,0.0,0.0,,0.0,0.0,0.0,0.0,,0.0,0.0,,0.0,0.0,0.0,0.0,0.0,0.0,0.0,0.0,0.0,0.0,3.5,7.5,00-0040134,BryaPa00,4600981,Pat Bryant,2002-12-10,74.0,204.0,Illinois,2025.0,3.0,74.0,DEN,2025,2,15.0,0.0,35.0,0.0,0.08000000000000002,2025.0,Pat Bryant,DEN,23.0,WR,15.0,7.0,49.0,31.0,378.0,,22.0,231.0,7.5,147.0,4.7,8.3,2.0,15.5,3.0,0.061,3.0,68.2,2026-02-11,,,,,,,,,,,,,,,,,,,,,,,,,,,,,,,,,,,,,,,,,,,,,,,,,,,,,,,,,,,,,,,,,,,,,,,,,,,,,13,5.3,0.0,2,0,0
2025,JuJu Smith-Schuster,J.Smith-Schuster,00-0033857,KC,WR,WR,86.0,17,73.5,4.323529411764706,40.5,33.0,33,45,345,1,0.08196721311475409,0.05382748731524377,0.1606300607928018,0,0,0,0,0,0,0,0,620.0,0.5723529411764706,0.11854838709677419,4.323529411764706,4.103280610037031,13.6,0,WR,"https://static.www.nfl.com/image/upload/f_auto,q_auto/league/fmjrhk2zt9z22uifctv0",REG,0,0,0,0,0,0,0,,,0,,0,0,0,0,0,0,0,,0,0,0,0,0,0,0,244,191,19,2.62107560196893,0,15,7,3,0,1.4139344262295082,0,1,0,0,0,0,0,0.0,0.0,0,0,0,0,0,0,0,0,0,0,0,0,0,1,-5,0,0,0,3,35,0,0,0,0,0,0,0,0,0,0,0,0,0,,,0,0,0,0,0,0,0,0,0,0,0,0,,,,0,0,0,0,0,0,0,,0,0,0,0,,0,0,,0,0,0,0,0,0,0,0,0,0,,,,,,,,,,,,,,,,,,,,,,,,,,,,,,,,,,,,,,,,,,,,,,,,,,,,,,,,,,,,,,,,,,,,,,,,,,,,,,,,,,,,,,,,,,,,,,,,,,,,,,,,,,,,,,,,,,,,,,,,,,,,,,,,,,,,,,,,,,,,,,,,,,,,00-0033857,SmitJu00,3120348,JuJu Smith-Schuster,1996-11-22,73.0,215.0,USC,2017.0,2.0,62.0,PIT,2017,9,17.0,0.0,0.0,0.0,0.0,2025.0,JuJu Smith-Schuster,KC,29.0,WR,17.0,12.0,45.0,33.0,345.0,,19.0,154.0,4.7,191.0,5.8,5.6,3.0,11.0,2.0,0.044000000000000004,2.0,84.0,2026-02-11,,,,,,,,,,,,,,,,,,,,,,,,,,,,,,,,,,,,,,,,,,,,,,,,,,,,,,,,,,,,,,,,,,,,,,,,,,,,,17,3.3,0.0,2,0,0
2025,John Metchie III,J.Metchie,00-0037614,NYJ,WR,WR,87.0,13,71.9,5.5307692307692315,38.900000000000006,33.0,33,48,274,2,0.10344827586206896,0.059781396386348426,0.19701939126354734,3,-5,0,0,0,0,0,0,445.0,0.46125,0.1615730337078652,5.5307692307692315,5.421159872109875,18.5,0,WR,"https://static.www.nfl.com/image/upload/f_auto,q_auto/league/nsjpnskeldxzbzckpfgg",REG,0,0,0,0,0,0,0,,,0,,0,0,0,0,0,0,0,-3.031567115802318,0,0,0,0,0,0,0,268,140,15,-2.338550440329547,0,13,6,1,0,1.0223880597014925,0,1,0,0,0,0,0,0.0,0.0,0,0,0,0,0,0,0,0,0,0,0,0,0,0,0,0,0,0,1,10,0,0,0,0,0,0,0,7,120,0,0,0,0,,,0,0,0,0,0,0,0,0,0,0,0,0,,,,0,0,0,0,0,0,0,,0,0,0,0,,0,0,,0,0,0,0,0,0,0,0,0,0,,,,,,,,,,,,,,,,,,,,,,,,,,,,,,,,,,,,,,,,,,,,,,,,,,,,,,,,,,,,,,,,,,,,,,,,,,,,,,,,,,,,,,,,,,,,,,,,,,,,,,,,,,,,,,,,,,,,,,,,,,,,,,,,,,,,,,,,,,,,,,,,,,,,00-0037614,MetcJo00,4567096,John Metchie III,2000-07-18,71.0,187.0,Alabama,2022.0,2.0,44.0,HOU,2022,4,16.0,0.0,33.0,0.0,0.084375,2025.0,John Metchie,2TM,25.0,WR,16.0,7.0,48.0,33.0,274.0,,15.0,134.0,4.1,140.0,4.2,5.6,1.0,33.0,3.0,0.063,2.0,79.7,2026-02-11,2025.0,John Metchie,NYJ,25.0,WR,9.0,7.0,3.0,-5.0,,0.0,-6.0,-2.0,1.0,0.3,0.0,,2026-02-11,,,,,,,,,,,,,,,,,,,,,,,,,,,,,,,,,,,,,,,,,,,,,,,,,,,,,,,,,,,13,5.0,0.0,2,1,0
2025,Matthew Golden,M.Golden,00-0040667,GB,WR,WR,88.0,14,70.0,5.0,41.0,29.0,29,44,361,0,0.09565217391304348,0.12888162502918515,0.2336953983899948,10,49,0,0,0,0,0,0,452.0,0.5321428571428571,0.15486725663716813,5.0,4.30080493360523,13.200000000000001,0,WR,"https://static.www.nfl.com/image/upload/f_auto,q_auto/league/dbjki6b0swksr7mk17wk",REG,0,0,0,0,0,0,0,,,0,,0,0,0,0,0,0,3,1.679660340945702,0,0,0,0,0,0,0,552,101,16,16.79884555261497,0,14,9,7,1,0.6539855072463768,0,1,0,0,0,0,0,0.0,0.0,0,0,0,0,0,0,0,0,0,0,0,0,0,0,0,0,0,0,0,0,0,0,0,0,0,6,28,0,0,0,0,0,0,,,0,0,0,0,0,0,0,0,0,0,0,0,,,,0,0,0,0,0,0,0,,0,0,0,0,,0,0,,0,0,0,0,0,0,0,0,0,0,M.Golden,Matthew Golden,WR,WR,"https://static.www.nfl.com/image/upload/f_auto,q_auto/league/dbjki6b0swksr7mk17wk",2025.0,POST,GB,1.0,0.0,0.0,0.0,0.0,0.0,0.0,0.0,0.0,0.0,0.0,0.0,0.0,,,0.0,,0.0,0.0,0.0,0.0,0.0,0.0,0.0,0.0,0.0,0.0,,0.0,0.0,0.0,0.0,0.0,4.0,5.0,84.0,1.0,0.0,0.0,71.0,42.0,4.0,7.757422236201819,0.0,4.0,2.0,2.0,0.0,1.1830985915492958,0.13157894736842105,0.1513859275053305,0.3033385703063629,0.0,0.0,0.0,0.0,0.0,0.0,0.0,0.0,0.0,0.0,0.0,0.0,0.0,0.0,0.0,0.0,0.0,0.0,0.0,0.0,0.0,0.0,0.0,0.0,0.0,0.0,0.0,0.0,0.0,0.0,0.0,0.0,0.0,0.0,0.0,0.0,0.0,0.0,0.0,0.0,0.0,0.0,,,0.0,0.0,0.0,0.0,0.0,0.0,0.0,0.0,0.0,0.0,0.0,0.0,,,,0.0,0.0,0.0,0.0,0.0,0.0,0.0,,0.0,0.0,0.0,0.0,,0.0,0.0,,0.0,0.0,0.0,0.0,0.0,0.0,0.0,0.0,0.0,0.0,14.4,18.4,00-0040667,GoldMa02,4701936,Matthew Golden,2003-08-01,71.0,191.0,Texas; Houston,2025.0,1.0,23.0,GB,2025,2,14.0,0.0,16.0,0.0,0.04357142857142857,2025.0,Matthew Golden,GB,22.0,WR,14.0,5.0,44.0,29.0,361.0,,16.0,260.0,9.0,101.0,3.5,12.5,0.0,,1.0,0.023,1.0,81.7,2026-02-11,2025.0,Matthew Golden,GB,22.0,WR,14.0,5.0,10.0,49.0,,3.0,27.0,2.7,22.0,2.2,1.0,10.0,2026-02-11,,,,,,,,,,,,,,,,,,,,,,,,,,,,,,,,,,,,,,,,,,,,,,,,,,,,,,,,,,,14,3.4000000000000004,0.0,3,0,0
2025,Van Jefferson,V.Jefferson,00-0036415,TEN,WR,WR,88.0,14,70.0,5.0,41.0,29.0,29,52,350,1,0.09811320754716982,0.15520677628300947,0.2558145547188614,0,0,0,0,0,0,0,0,583.0,0.585625,0.12006861063464837,5.0,3.380714535306223,11.5,0,WR,"https://static.www.nfl.com/image/upload/f_auto,q_auto/league/inwxk1xlvzculj8m3pah",REG,0,0,0,0,0,0,0,,,0,,0,0,0,0,0,0,0,,0,0,0,0,0,0,0,623,83,17,8.938446541217816,0,15,6,6,1,0.5617977528089888,0,0,0,0,0,0,0,0.0,0.0,0,0,0,0,0,0,0,0,0,0,0,0,0,0,0,0,0,0,1,5,0,0,0,0,0,0,0,0,0,0,0,0,0,,,0,0,0,0,0,0,0,0,0,0,0,0,,,,0,0,0,0,0,0,0,,0,0,0,0,,0,0,,0,0,0,0,0,0,0,0,0,0,,,,,,,,,,,,,,,,,,,,,,,,,,,,,,,,,,,,,,,,,,,,,,,,,,,,,,,,,,,,,,,,,,,,,,,,,,,,,,,,,,,,,,,,,,,,,,,,,,,,,,,,,,,,,,,,,,,,,,,,,,,,,,,,,,,,,,,,,,,,,,,,,,,,00-0036415,JeffVa00,3930066,Van Jefferson,1996-07-26,73.0,200.0,Florida; Mississippi,2020.0,2.0,57.0,LA,2020,7,16.0,0.0,50.0,0.0,0.118125,2025.0,Van Jefferson,TEN,29.0,WR,16.0,7.0,52.0,29.0,350.0,,17.0,267.0,9.2,83.0,2.9,11.9,0.0,,0.0,0.0,0.0,83.0,2026-02-11,,,,,,,,,,,,,,,,,,,,,,,,,,,,,,,,,,,,,,,,,,,,,,,,,,,,,,,,,,,,,,,,,,,,,,,,,,,,,14,4.050000000000001,1.6,2,0,0
2025,Tre Harris,T.Harris,00-0040727,LAC,WR,WR,90.0,16,69.4,4.3375,39.4,30.000000000000007,30,43,324,1,0.07904411764705882,0.08754949406071272,0.17985082231308713,2,10,0,0,0,0,0,0,555.0,0.4852941176470588,0.12504504504504504,4.3375,2.876079507477729,9.4,0,WR,"https://static.www.nfl.com/image/upload/f_auto,q_auto/league/v5ofh8jggzo8rygtpwl7",REG,0,0,0,0,0,0,0,,,0,,0,0,0,0,0,0,0,-0.011971199477557093,0,0,0,0,0,0,0,398,139,18,15.32728224309757,0,14,6,3,0,0.8140703517587939,0,0,0,0,0,0,0,0.0,0.0,0,0,0,0,0,0,0,0,0,0,0,0,0,0,0,0,0,0,0,0,0,0,0,0,0,0,0,0,0,0,0,0,0,,,0,0,0,0,0,0,0,0,0,0,0,0,,,,0,0,0,0,0,0,0,,0,0,0,0,,0,0,,0,0,0,0,0,0,0,0,0,0,T.Harris,Tre Harris,WR,WR,"https://static.www.nfl.com/image/upload/f_auto,q_auto/league/v5ofh8jggzo8rygtpwl7",2025.0,POST,LAC,1.0,0.0,0.0,0.0,0.0,0.0,0.0,0.0,0.0,0.0,0.0,0.0,0.0,,,0.0,,0.0,0.0,0.0,0.0,0.0,0.0,0.0,0.0,0.0,0.0,,0.0,0.0,0.0,0.0,0.0,2.0,3.0,20.0,0.0,0.0,0.0,35.0,10.0,2.0,1.0027814324130304,0.0,1.0,0.0,0.0,0.0,0.5714285714285714,0.1,0.14522821576763487,0.2516597510373444,0.0,1.0,0.0,0.0,0.0,0.0,0.0,0.0,0.0,0.0,0.0,0.0,0.0,0.0,0.0,0.0,0.0,0.0,0.0,0.0,0.0,0.0,0.0,0.0,0.0,0.0,0.0,0.0,0.0,0.0,0.0,0.0,0.0,0.0,0.0,0.0,0.0,0.0,0.0,0.0,0.0,0.0,,,0.0,0.0,0.0,0.0,0.0,0.0,0.0,0.0,0.0,0.0,0.0,0.0,,,,0.0,0.0,0.0,0.0,0.0,0.0,0.0,,0.0,0.0,0.0,0.0,,0.0,0.0,,0.0,0.0,0.0,0.0,0.0,0.0,0.0,0.0,0.0,0.0,2.0,4.0,00-0040727,HarrTr03,4686612,Tre Harris,2002-02-28,75.0,210.0,Mississippi; Louisiana Tech,2025.0,2.0,55.0,LAC,2025,2,17.0,0.0,62.0,0.0,0.13823529411764707,2025.0,Tre Harris,LAC,23.0,WR,17.0,10.0,43.0,30.0,324.0,,18.0,185.0,6.2,139.0,4.6,7.7,1.0,30.0,1.0,0.023,1.0,89.7,2026-02-11,2025.0,Tre Harris,LAC,23.0,WR,17.0,10.0,2.0,10.0,,0.0,5.0,2.5,5.0,2.5,0.0,,2026-02-11,,,,,,,,,,,,,,,,,,,,,,,,,,,,,,,,,,,,,,,,,,,,,,,,,,,,,,,,,,,16,4.050000000000001,0.0,0,0,0
2025,Jaylin Noel,J.Noel,00-0040138,HOU,WR,WR,91.0,17,68.4,4.023529411764706,42.400000000000006,26.0,26,35,292,2,0.06329113924050633,0.06862539349422875,0.1429744843067196,6,12,0,0,0,0,0,0,304.0,0.26,0.225,4.023529411764706,4.907841864272512,14.600000000000001,0,WR,"https://static.www.nfl.com/image/upload/f_auto,q_auto/league/ehlm8w4afdqoisx1e6as",REG,0,0,0,0,0,0,0,,,0,,0,0,0,0,0,0,0,-3.0501134131336585,0,0,0,0,0,0,0,327,99,13,14.1749713203277,0,8,6,6,2,0.8929663608562691,0,0,0,0,0,0,0,0.0,0.0,0,0,0,0,0,0,0,0,0,0,0,0,0,0,0,0,0,0,0,0,0,0,0,0,0,31,335,29,799,0,0,0,0,,,0,0,0,0,0,0,0,0,0,0,0,0,,,,0,0,0,0,0,0,0,,0,0,0,0,,0,0,,0,0,0,0,0,0,0,0,0,0,J.Noel,Jaylin Noel,WR,WR,"https://static.www.nfl.com/image/upload/f_auto,q_auto/league/ehlm8w4afdqoisx1e6as",2025.0,POST,HOU,2.0,0.0,0.0,0.0,0.0,0.0,0.0,0.0,0.0,0.0,0.0,0.0,0.0,,,0.0,,0.0,0.0,0.0,0.0,0.0,0.0,0.0,0.0,0.0,0.0,,0.0,0.0,0.0,0.0,0.0,0.0,2.0,0.0,0.0,0.0,0.0,46.0,0.0,0.0,-0.6642401050776243,0.0,0.0,0.0,0.0,0.0,0.0,0.025974025974025976,0.06562054208273894,0.08489541841895622,0.0,0.0,0.0,0.0,0.0,0.0,0.0,0.0,0.0,0.0,0.0,0.0,0.0,0.0,0.0,0.0,0.0,0.0,0.0,0.0,0.0,0.0,0.0,0.0,0.0,0.0,0.0,0.0,0.0,0.0,0.0,0.0,0.0,0.0,6.0,51.0,6.0,128.0,0.0,0.0,0.0,0.0,,,0.0,0.0,0.0,0.0,0.0,0.0,0.0,0.0,0.0,0.0,0.0,0.0,,,,0.0,0.0,0.0,0.0,0.0,0.0,0.0,,0.0,0.0,0.0,0.0,,0.0,0.0,,0.0,0.0,0.0,0.0,0.0,0.0,0.0,0.0,0.0,0.0,0.0,0.0,00-0040138,NoelJa00,4586312,Jaylin Noel,2002-09-04,71.0,200.0,Iowa State,2025.0,3.0,79.0,HOU,2025,2,17.0,0.0,133.0,0.0,0.28705882352941176,2025.0,Jaylin Noel,HOU,23.0,WR,17.0,3.0,35.0,26.0,292.0,,13.0,193.0,7.4,99.0,3.8,9.0,0.0,,1.0,0.028999999999999998,1.0,105.9,2026-02-11,2025.0,Jaylin Noel,HOU,23.0,WR,17.0,3.0,6.0,12.0,,0.0,7.0,1.2,5.0,0.8,0.0,,2026-02-11,,,,,,,,,,,,,,,,,,,,,,,,,,,,,,,,,,,,,,,,,,,,,,,,,,,,,,,,,,,17,1.9,-0.30000000000000004,3,0,0
2025,Tyler Lockett,T.Lockett,00-0032211,LV,WR,WR,92.0,17,67.1,3.9470588235294115,35.1,31.999999999999993,32,55,291,1,0.10377358490566038,0.10612855007473841,0.22995036241080746,0,0,0,0,0,0,0,0,498.0,0.5,0.13473895582329315,3.9470588235294115,3.542442244952418,10.2,0,WR,"https://static.www.nfl.com/image/upload/f_auto,q_auto/league/gyhvviyep9iigeaobxmi",REG,0,0,0,0,0,0,0,,,0,,0,0,0,0,0,0,0,,0,0,0,0,0,0,0,426,79,14,-8.545786031314679,0,9,4,2,0,0.6830985915492958,0,0,0,0,0,0,0,0.0,0.0,0,0,0,0,0,0,0,0,0,0,0,0,0,0,0,1,0,1,1,10,0,0,0,0,0,0,0,0,0,0,0,0,0,,,0,0,0,0,0,0,0,0,0,0,0,0,,,,0,0,0,0,0,0,0,,0,0,0,0,,0,0,,0,0,0,0,0,0,0,0,0,0,,,,,,,,,,,,,,,,,,,,,,,,,,,,,,,,,,,,,,,,,,,,,,,,,,,,,,,,,,,,,,,,,,,,,,,,,,,,,,,,,,,,,,,,,,,,,,,,,,,,,,,,,,,,,,,,,,,,,,,,,,,,,,,,,,,,,,,,,,,,,,,,,,,,00-0032211,LockTy00,2577327,Tyler Lockett,1992-09-28,70.0,182.0,Kansas State,2015.0,3.0,69.0,SEA,2015,11,17.0,0.0,0.0,0.0,0.0,2025.0,Tyler Lockett,2TM,33.0,WR,17.0,2.0,55.0,32.0,291.0,,14.0,212.0,6.6,79.0,2.5,7.6,1.0,32.0,3.0,0.055,1.0,71.1,2026-02-11,,,,,,,,,,,,,,,,,,,,,,,,,,,,,,,,,,,,,,,,,,,,,,,,,,,,,,,,,,,,,,,,,,,,,,,,,,,,,17,2.9,0.0,1,0,0
2025,DeAndre Hopkins,D.Hopkins,00-0030564,BAL,WR,WR,93.0,17,67.0,3.9411764705882355,45.0,22.0,22,39,330,2,0.09582309582309582,0.1499123319696084,0.2486732761133696,0,0,0,0,0,0,0,0,334.0,0.33,0.20059880239520958,3.9411764705882355,4.167742018097062,14.4,0,WR,"https://static.www.nfl.com/image/upload/f_auto,q_auto/league/snvo6holyfdjmrlqxqxu",REG,0,0,0,0,0,0,0,,,0,,0,0,0,0,0,0,0,,0,0,0,0,0,0,0,513,65,15,9.447229077659696,0,13,7,5,1,0.6432748538011696,0,0,0,0,0,0,0,0.0,0.0,0,0,0,0,0,0,0,0,0,0,0,0,0,0,0,0,0,0,0,0,0,0,0,0,0,0,0,0,0,0,0,0,0,,,0,0,0,0,0,0,0,0,0,0,0,0,,,,0,0,0,0,0,0,0,,0,0,0,0,,0,0,,0,0,0,0,0,0,0,0,0,0,,,,,,,,,,,,,,,,,,,,,,,,,,,,,,,,,,,,,,,,,,,,,,,,,,,,,,,,,,,,,,,,,,,,,,,,,,,,,,,,,,,,,,,,,,,,,,,,,,,,,,,,,,,,,,,,,,,,,,,,,,,,,,,,,,,,,,,,,,,,,,,,,,,,00-0030564,HopkDe00,15795,DeAndre Hopkins,1992-06-06,73.0,210.0,Clemson,2013.0,1.0,27.0,HOU,2013,13,17.0,0.0,0.0,0.0,0.0,2025.0,DeAndre Hopkins,BAL,33.0,WR,17.0,3.0,39.0,22.0,330.0,,15.0,265.0,12.0,65.0,3.0,13.2,0.0,,0.0,0.0,1.0,90.8,2026-02-11,,,,,,,,,,,,,,,,,,,,,,,,,,,,,,,,,,,,,,,,,,,,,,,,,,,,,,,,,,,,,,,,,,,,,,,,,,,,,17,3.3,0.0,2,0,0
2025,Kalif Raymond,K.Raymond,00-0032464,DET,WR,WR,94.0,15,66.8,4.453333333333333,42.8,24.0,24,30,289,1,0.05454545454545454,0.04528403001071812,0.1135170028256845,2,19,0,0,0,0,0,0,358.0,0.366,0.18659217877094972,4.453333333333333,4.692983617923169,16.2,0,WR,"https://static.www.nfl.com/image/upload/f_auto,q_auto/league/dpdv6dm0almcbjdppizx",REG,0,0,0,0,0,0,0,,,0,,0,0,0,0,0,0,1,1.555146539467387,0,1,0,0,0,0,0,169,157,14,15.205083017843219,0,11,6,4,0,1.7100591715976332,1,0,0,0,0,0,0,0.0,0.0,0,0,0,0,0,0,0,0,0,0,0,0,0,0,0,0,0,0,1,6,0,0,0,0,0,32,241,6,161,0,0,0,0,,,0,0,0,0,0,0,0,0,0,0,0,0,,,,0,0,0,0,0,0,0,,0,0,0,0,,0,0,,0,0,0,0,0,0,0,0,0,0,,,,,,,,,,,,,,,,,,,,,,,,,,,,,,,,,,,,,,,,,,,,,,,,,,,,,,,,,,,,,,,,,,,,,,,,,,,,,,,,,,,,,,,,,,,,,,,,,,,,,,,,,,,,,,,,,,,,,,,,,,,,,,,,,,,,,,,,,,,,,,,,,,,,00-0032464,RaymKa00,2973405,Kalif Raymond,1994-08-08,69.0,160.0,Holy Cross,,,,,2016,10,15.0,0.0,84.0,0.0,0.20333333333333334,2025.0,Kalif Raymond,DET,31.0,WR,15.0,3.0,30.0,24.0,289.0,,14.0,132.0,5.5,157.0,6.5,5.6,1.0,24.0,0.0,0.0,0.0,117.9,2026-02-11,2025.0,Kalif Raymond,DET,31.0,WR,15.0,3.0,2.0,19.0,,1.0,6.0,3.0,13.0,6.5,0.0,,2026-02-11,,,,,,,,,,,,,,,,,,,,,,,,,,,,,,,,,,,,,,,,,,,,,,,,,,,,,,,,,,,15,3.3000000000000003,0.0,1,1,0
2025,Devaughn Vele,D.Vele,00-0039424,NO,WR,WR,95.0,9,66.3,7.366666666666666,41.3,25.0,25,39,293,2,0.06902654867256637,0.09024441194902862,0.1667109113731696,0,0,0,0,0,0,0,0,437.0,0.5015384615384616,0.1517162471395881,7.366666666666666,6.797977640445723,23.3,1,WR,"https://static.www.nfl.com/image/upload/f_auto,q_auto/league/fa3dwsu8nxzkbf2knczm",REG,0,0,0,0,0,0,0,,,0,,0,0,0,0,0,0,0,,0,0,0,0,0,0,0,432,34,19,16.811545222313843,0,19,3,0,0,0.6782407407407407,0,1,0,0,0,0,0,0.0,0.0,0,0,0,0,0,0,0,0,0,0,0,0,0,0,0,0,0,0,2,20,0,0,0,0,0,0,0,0,0,0,0,0,0,,,0,0,0,0,0,0,0,0,0,0,0,0,,,,0,0,0,0,0,0,0,,0,0,0,0,,0,0,,0,0,0,0,0,0,0,0,0,0,,,,,,,,,,,,,,,,,,,,,,,,,,,,,,,,,,,,,,,,,,,,,,,,,,,,,,,,,,,,,,,,,,,,,,,,,,,,,,,,,,,,,,,,,,,,,,,,,,,,,,,,,,,,,,,,,,,,,,,,,,,,,,,,,,,,,,,,,,,,,,,,,,,,00-0039424,VeleDe00,4569559,Devaughn Vele,1997-12-12,77.0,210.0,Utah,2024.0,7.0,235.0,DEN,2024,3,13.0,0.0,36.0,0.0,0.11538461538461539,2025.0,Devaughn Vele,NO,28.0,WR,13.0,7.0,39.0,25.0,293.0,,19.0,259.0,10.4,34.0,1.4,11.1,0.0,,0.0,0.0,0.0,103.9,2026-02-11,,,,,,,,,,,,,,,,,,,,,,,,,,,,,,,,,,,,,,,,,,,,,,,,,,,,,,,,,,,,,,,,,,,,,,,,,,,,,9,6.7,2.0,2,1,0
2025,Tory Horton,T.Horton,00-0040648,SEA,WR,WR,96.0,8,65.1,8.1375,52.1,12.999999999999993,13,22,161,5,0.04835164835164835,0.0895086321381142,0.1351835150241525,0,0,0,0,0,0,0,0,226.0,0.48125,0.28805309734513274,8.1375,8.701221178662223,20.8,1,WR,"https://static.www.nfl.com/image/upload/f_auto,q_auto/league/lmsun4qzmk1rkgt4kw76",REG,0,0,0,0,0,0,0,,,0,,0,0,0,0,0,0,0,,0,0,0,0,0,0,0,337,33,7,10.245775616387846,0,8,3,3,0,0.47774480712166173,1,0,0,0,0,0,0,0.0,0.0,0,0,0,0,0,0,0,0,0,0,0,0,0,0,0,0,0,0,1,5,0,0,0,0,0,16,238,0,0,0,0,0,0,,,0,0,0,0,0,0,0,0,0,0,0,0,,,,0,0,0,0,0,0,0,,0,0,0,0,,0,0,,0,0,0,0,0,0,0,0,0,0,,,,,,,,,,,,,,,,,,,,,,,,,,,,,,,,,,,,,,,,,,,,,,,,,,,,,,,,,,,,,,,,,,,,,,,,,,,,,,,,,,,,,,,,,,,,,,,,,,,,,,,,,,,,,,,,,,,,,,,,,,,,,,,,,,,,,,,,,,,,,,,,,,,,00-0040648,HortTo00,4597703,Tory Horton,2002-11-29,74.0,196.0,Colorado State; Nevada,2025.0,5.0,166.0,SEA,2025,2,8.0,0.0,37.0,0.0,0.1625,2025.0,Tory Horton,SEA,23.0,WR,8.0,3.0,22.0,13.0,161.0,,7.0,128.0,9.8,33.0,2.5,15.3,1.0,13.0,0.0,0.0,0.0,121.4,2026-02-11,,,,,,,,,,,,,,,,,,,,,,,,,,,,,,,,,,,,,,,,,,,,,,,,,,,,,,,,,,,,,,,,,,,,,,,,,,,,,8,6.6,0.0,4,2,0
2025,Isaiah Williams,I.Williams,00-0039451,NYJ,WR,WR,97.0,15,60.7,4.046666666666667,34.7,26.0,26,36,193,0,0.07627118644067797,0.035840188014101056,0.1394949112708877,3,34,0,0,1,0,0,0,329.0,0.36133333333333334,0.1844984802431611,4.046666666666667,4.430070406835969,11.3,0,WR,"https://static.www.nfl.com/image/upload/f_auto,q_auto/league/rj2etltwzmlxyz1cfkeo",REG,0,0,0,0,6,0,0,-0.8187713430379517,-61.947101354599,0,0.0,0,0,0,0,0,0,1,1.584227955318056,0,1,1,1,0,0,0,122,119,10,1.1812743464005457,0,9,1,1,0,1.5819672131147542,2,0,0,0,0,0,0,0.0,0.0,0,0,0,0,0,0,0,0,0,0,0,0,0,0,0,0,0,0,1,5,1,0,0,1,1,28,396,28,837,0,0,0,0,,,0,0,0,0,0,0,0,0,0,0,0,0,,,,0,0,0,0,0,0,0,,0,0,0,0,,0,0,,0,0,0,0,0,0,0,0,0,0,,,,,,,,,,,,,,,,,,,,,,,,,,,,,,,,,,,,,,,,,,,,,,,,,,,,,,,,,,,,,,,,,,,,,,,,,,,,,,,,,,,,,,,,,,,,,,,,,,,,,,,,,,,,,,,,,,,,,,,,,,,,,,,,,,,,,,,,,,,,,,,,,,,,00-0039451,WillIs03,4569371,Isaiah Williams,2001-01-29,70.0,185.0,Illinois,,,,,2024,3,15.0,0.0,142.0,0.0,0.3506666666666666,2025.0,Isaiah Williams,NYJ,24.0,WR,15.0,2.0,36.0,26.0,193.0,,10.0,74.0,2.8,119.0,4.6,3.4,0.0,,3.0,0.083,0.0,84.6,2026-02-11,2025.0,Isaiah Williams,NYJ,24.0,WR,15.0,2.0,3.0,34.0,,1.0,27.0,9.0,7.0,2.3,0.0,,2026-02-11,Isaiah Williams,NYJ,1.0,0.0,0.0,0.0,0.0,0.0,0.0,2025.0,3.1,1.0,0.0,0.0,0.0,0.0,0.0,1.0,100.0,1.0,0.0,1.0,0.0,0.0,0.0,,,6.0,6.0,0.0,,0.0,0.0,,0.0,,,,,,,,,,,,,,,,,,,,,,,,15,1.6,0.0,2,0,0
2025,Cedric Tillman,C.Tillman,00-0038979,CLE,WR,WR,98.0,12,60.0,5.0,39.0,21.0,21,39,270,2,0.07471264367816093,0.12232496697490093,0.19769644239967205,0,0,0,0,0,0,0,0,515.0,0.6184615384615384,0.11650485436893204,5.0,4.588126969789425,16.2,0,WR,"https://static.www.nfl.com/image/upload/f_auto,q_auto/league/xust9v3gob1qqwhziugh",REG,0,0,0,0,0,0,0,,,0,,0,0,0,0,0,0,0,,0,0,0,0,0,0,0,463,62,13,6.527347081549641,0,9,7,6,1,0.5831533477321814,0,1,0,0,0,0,0,0.0,0.0,0,0,0,0,0,0,0,0,0,0,0,0,0,0,0,0,0,0,2,16,0,0,0,0,0,0,0,0,0,0,0,0,0,,,0,0,0,0,0,0,0,0,0,0,0,0,,,,0,0,0,0,0,0,0,,0,0,0,0,,0,0,,0,0,0,0,0,0,0,0,0,0,,,,,,,,,,,,,,,,,,,,,,,,,,,,,,,,,,,,,,,,,,,,,,,,,,,,,,,,,,,,,,,,,,,,,,,,,,,,,,,,,,,,,,,,,,,,,,,,,,,,,,,,,,,,,,,,,,,,,,,,,,,,,,,,,,,,,,,,,,,,,,,,,,,,00-0038979,TillCe01,4369863,Cedric Tillman,2000-04-19,75.0,215.0,Tennessee,2023.0,3.0,74.0,CLE,2023,4,13.0,0.0,0.0,0.0,0.0,2025.0,Cedric Tillman,CLE,25.0,WR,13.0,10.0,39.0,21.0,270.0,,13.0,208.0,9.9,62.0,3.0,11.6,0.0,,1.0,0.026000000000000002,2.0,71.5,2026-02-11,,,,,,,,,,,,,,,,,,,,,,,,,,,,,,,,,,,,,,,,,,,,,,,,,,,,,,,,,,,,,,,,,,,,,,,,,,,,,12,3.3000000000000003,0.0,2,1,0
2025,Demarcus Robinson,D.Robinson,00-0032775,SF,WR,WR,99.0,14,58.2,4.1571428571428575,36.2,22.0,22,35,276,1,0.06363636363636363,0.10986964618249534,0.17236329778229217,1,6,0,0,0,0,0,0,420.0,0.46785714285714286,0.13857142857142857,4.1571428571428575,3.004282657426609,10.3,0,WR,"https://static.www.nfl.com/image/upload/f_auto,q_auto/league/cokassoz2z7hb4wk2krh",REG,0,0,0,0,0,0,0,,,0,,0,0,0,0,0,0,0,0.3164020497351885,0,0,0,0,0,0,0,472,36,15,7.571534263031625,1,13,6,5,0,0.5847457627118644,0,0,0,0,0,0,0,0.0,0.0,0,0,0,0,0,0,0,0,0,0,0,0,0,0,0,0,0,0,0,0,0,0,0,0,0,0,0,0,0,0,0,0,0,,,0,0,0,0,0,0,0,0,0,0,0,0,,,,0,0,0,0,0,0,0,,0,0,0,0,,0,0,,0,0,0,0,0,0,0,0,0,0,D.Robinson,Demarcus Robinson,WR,WR,"https://static.www.nfl.com/image/upload/f_auto,q_auto/league/cokassoz2z7hb4wk2krh",2025.0,POST,SF,2.0,0.0,0.0,0.0,0.0,0.0,0.0,0.0,0.0,0.0,0.0,0.0,0.0,,,0.0,,0.0,0.0,0.0,0.0,0.0,0.0,0.0,0.0,0.0,0.0,,0.0,0.0,0.0,0.0,0.0,7.0,8.0,112.0,1.0,0.0,0.0,85.0,54.0,5.0,7.868245629768353,0.0,4.0,2.0,1.0,1.0,1.3176470588235294,0.14035087719298245,0.16536964980544747,0.3262850706532869,0.0,0.0,0.0,0.0,0.0,0.0,0.0,0.0,0.0,0.0,0.0,0.0,0.0,0.0,0.0,0.0,0.0,0.0,0.0,0.0,0.0,0.0,0.0,0.0,0.0,0.0,0.0,0.0,0.0,0.0,0.0,0.0,0.0,0.0,0.0,0.0,0.0,0.0,0.0,0.0,0.0,0.0,,,0.0,0.0,0.0,0.0,0.0,0.0,0.0,0.0,0.0,0.0,0.0,0.0,,,,0.0,0.0,0.0,0.0,0.0,0.0,0.0,,0.0,0.0,0.0,0.0,,0.0,0.0,,0.0,0.0,0.0,0.0,0.0,0.0,0.0,0.0,0.0,0.0,17.200000000000003,24.200000000000003,00-0032775,RobiDe01,3043116,Demarcus Robinson,1994-09-21,73.0,203.0,Florida,2016.0,4.0,126.0,KC,2016,11,14.0,0.0,1.0,0.0,0.002142857142857143,2025.0,Demarcus Robinson,SF,31.0,WR,14.0,2.0,35.0,22.0,276.0,,15.0,240.0,10.9,36.0,1.6,13.5,1.0,22.0,1.0,0.028999999999999998,0.0,96.8,2026-02-11,2025.0,Demarcus Robinson,SF,31.0,WR,14.0,2.0,1.0,6.0,,0.0,4.0,4.0,2.0,2.0,0.0,,2026-02-11,,,,,,,,,,,,,,,,,,,,,,,,,,,,,,,,,,,,,,,,,,,,,,,,,,,,,,,,,,,14,4.75,0.0,1,0,0
2025,Christian Kirk,C.Kirk,00-0034775,HOU,WR,WR,100.0,11,57.900000000000006,5.263636363636365,29.900000000000002,28.000000000000004,28,52,239,1,0.09403254972875226,0.07660020986358866,0.19466897149764045,0,0,0,0,0,0,0,0,433.0,0.48615384615384616,0.13371824480369515,5.263636363636364,4.772477915563932,16.4,0,WR,"https://static.www.nfl.com/image/upload/f_auto,q_auto/league/ffp75mtwnqgrv0qz0txz",REG,0,0,0,0,0,0,0,,,0,,0,0,0,0,0,0,0,,0,0,0,0,0,0,0,365,115,12,-21.167927348362852,0,7,3,3,1,0.6547945205479452,0,2,0,0,0,0,0,0.0,0.0,0,0,0,0,0,0,0,0,0,0,0,0,0,0,0,0,0,0,0,0,0,0,0,0,0,0,0,0,0,0,0,0,0,,,0,0,0,0,0,0,0,0,0,0,0,0,,,,0,0,0,0,0,0,0,,0,0,0,0,,0,0,,0,0,0,0,0,0,0,0,0,0,C.Kirk,Christian Kirk,WR,WR,"https://static.www.nfl.com/image/upload/f_auto,q_auto/league/ffp75mtwnqgrv0qz0txz",2025.0,POST,HOU,2.0,0.0,0.0,0.0,0.0,0.0,0.0,0.0,0.0,0.0,0.0,0.0,0.0,,,0.0,,0.0,0.0,0.0,0.0,0.0,0.0,0.0,0.0,0.0,0.0,,0.0,0.0,0.0,0.0,0.0,10.0,15.0,164.0,2.0,0.0,0.0,141.0,59.0,8.0,10.785690434491729,0.0,5.0,3.0,3.0,1.0,1.1631205673758864,0.19480519480519481,0.20114122681883023,0.4330066509809734,0.0,1.0,0.0,0.0,0.0,0.0,0.0,0.0,0.0,0.0,0.0,0.0,0.0,0.0,0.0,0.0,0.0,0.0,0.0,0.0,0.0,0.0,0.0,0.0,0.0,0.0,0.0,0.0,0.0,0.0,0.0,0.0,0.0,0.0,0.0,0.0,0.0,0.0,0.0,0.0,0.0,0.0,,,0.0,0.0,0.0,0.0,0.0,0.0,0.0,0.0,0.0,0.0,0.0,0.0,,,,0.0,0.0,0.0,0.0,0.0,0.0,0.0,,0.0,0.0,0.0,0.0,,0.0,0.0,,0.0,0.0,0.0,0.0,0.0,0.0,0.0,0.0,0.0,0.0,28.400000000000002,38.400000000000006,00-0034775,KirkCh01,3895856,Christian Kirk,1996-11-18,71.0,200.0,Texas A&M,2018.0,2.0,47.0,ARI,2018,9,13.0,0.0,0.0,0.0,0.0,2025.0,Christian Kirk,HOU,29.0,WR,13.0,3.0,52.0,28.0,239.0,,12.0,124.0,4.4,115.0,4.1,6.8,1.0,28.0,2.0,0.038,4.0,40.5,2026-02-11,,,,,,,,,,,,,,,,,,,,,,,,,,,,,,,,,,,,,,,,,,,,,,,,,,,,,,,,,,,,,,,,,,,,,,,,,,,,,11,5.0,0.7,2,1,0
2025,Trey McBride,T.McBride,00-0037744,ARI,TE,TE,1.0,17,315.9,18.58235294117647,189.9,125.99999999999997,126,169,1239,11,0.2739059967585089,0.24163090128755366,0.5800006260390509,0,0,0,0,0,0,0,0,1033.0,0.9135294117647058,0.3058083252662149,18.582352941176474,8.366468437617335,37.4,7,TE,"https://static.www.nfl.com/image/upload/f_auto,q_auto/league/psasp10nn5pcvkli9kil",REG,0,0,0,0,0,0,0,,,0,,0,0,0,0,0,0,0,,0,0,0,0,0,0,0,1126,583,63,72.71636689027308,0,51,24,12,0,1.1003552397868561,0,0,0,0,0,0,0,0.0,0.0,0,0,0,0,0,0,0,0,0,0,0,0,0,0,0,0,0,0,5,55,0,0,0,0,0,0,0,0,0,0,0,0,0,,,0,0,0,0,0,0,0,0,0,0,0,0,,,,0,0,0,0,0,0,0,,0,0,0,0,,0,0,,0,0,0,0,0,0,0,0,0,0,,,,,,,,,,,,,,,,,,,,,,,,,,,,,,,,,,,,,,,,,,,,,,,,,,,,,,,,,,,,,,,,,,,,,,,,,,,,,,,,,,,,,,,,,,,,,,,,,,,,,,,,,,,,,,,,,,,,,,,,,,,,,,,,,,,,,,,,,,,,,,,,,,,,00-0037744,McBrTr01,4361307,Trey McBride,1999-11-22,76.0,246.0,Colorado State,2022.0,2.0,55.0,ARI,2022,5,17.0,0.0,1.0,0.0,0.0029411764705882353,2025.0,Trey McBride,ARI,26.0,TE,17.0,17.0,169.0,126.0,1239.0,,63.0,656.0,5.2,583.0,4.6,6.8,9.0,14.0,2.0,0.012,0.0,116.5,2026-02-11,,,,,,,,,,,,,,,,,,,,,,,,,,,,,,,,,,,,,,,,,,,,,,,,,,,,,,,,,,,,,,,,,,,,,,,,,,,,,17,16.5,6.7,15,10,4
2025,Kyle Pitts,K.Pitts,00-0036970,ATL,TE,TE,2.0,17,210.8,12.4,122.80000000000001,88.0,88,118,928,5,0.22736030828516376,0.20839328537170262,0.48691576218793753,0,0,0,0,0,0,0,0,961.0,0.88,0.21935483870967742,12.4,9.940636297541522,45.6,1,TE,"https://static.www.nfl.com/image/upload/f_auto,q_auto/league/xczipzxvytnmvgznhhb4",REG,0,0,0,0,0,0,0,,,0,,0,0,0,0,0,0,0,,0,0,0,0,0,0,0,869,400,51,24.583952355669652,0,43,17,12,0,1.0678941311852703,0,2,0,0,0,0,0,0.0,0.0,0,0,0,0,0,0,0,0,0,0,0,0,0,0,0,0,0,0,7,39,0,0,0,0,0,0,0,0,0,0,0,0,0,,,0,0,0,0,0,0,0,0,0,0,0,0,,,,0,0,0,0,0,0,0,,0,0,0,0,,0,0,,0,0,0,0,0,0,0,0,0,0,,,,,,,,,,,,,,,,,,,,,,,,,,,,,,,,,,,,,,,,,,,,,,,,,,,,,,,,,,,,,,,,,,,,,,,,,,,,,,,,,,,,,,,,,,,,,,,,,,,,,,,,,,,,,,,,,,,,,,,,,,,,,,,,,,,,,,,,,,,,,,,,,,,,00-0036970,PittKy00,4360248,Kyle Pitts,2000-10-06,78.0,250.0,Florida,2021.0,1.0,4.0,ATL,2021,6,17.0,0.0,2.0,0.0,0.00411764705882353,2025.0,Kyle Pitts,ATL,25.0,TE,17.0,17.0,118.0,88.0,928.0,,51.0,528.0,6.0,400.0,4.5,7.4,2.0,44.0,2.0,0.017,3.0,100.5,2026-02-11,,,,,,,,,,,,,,,,,,,,,,,,,,,,,,,,,,,,,,,,,,,,,,,,,,,,,,,,,,,,,,,,,,,,,,,,,,,,,17,11.8,3.4000000000000004,9,5,1
2025,Travis Kelce,T.Kelce,00-0030506,KC,TE,TE,3.0,17,193.2,11.36470588235294,117.2,75.99999999999999,76,108,851,5,0.19672131147540983,0.16214427531436135,0.4085829599331677,1,1,0,0,0,0,0,0,902.0,0.8188235294117647,0.21419068736141905,11.364705882352942,6.405265526938616,24.1,2,TE,"https://static.www.nfl.com/image/upload/f_auto,q_auto/league/dpxovcfku6ud2aohgf6a",REG,0,0,0,0,0,0,0,,,0,,0,0,0,0,0,0,0,-1.8751907240366563,0,0,0,0,0,1,0,735,424,46,40.41275376944829,1,40,16,9,1,1.1578231292517007,0,2,0,1,0,0,0,0.0,0.0,0,0,0,0,0,0,0,0,0,0,0,0,0,0,0,0,0,0,2,8,1,0,0,1,0,0,0,0,0,0,0,0,0,,,0,0,0,0,0,0,0,0,0,0,0,0,,,,0,0,0,0,0,0,0,,0,0,0,0,,0,0,,0,0,0,0,0,0,0,0,0,0,,,,,,,,,,,,,,,,,,,,,,,,,,,,,,,,,,,,,,,,,,,,,,,,,,,,,,,,,,,,,,,,,,,,,,,,,,,,,,,,,,,,,,,,,,,,,,,,,,,,,,,,,,,,,,,,,,,,,,,,,,,,,,,,,,,,,,,,,,,,,,,,,,,,00-0030506,KelcTr00,15847,Travis Kelce,1989-10-05,77.0,250.0,Cincinnati,2013.0,3.0,63.0,KC,2013,14,17.0,0.0,0.0,0.0,0.0,2025.0,Travis Kelce,KC,36.0,TE,17.0,17.0,108.0,76.0,851.0,,46.0,429.0,5.6,422.0,5.6,6.8,1.0,76.0,7.0,0.065,4.0,93.6,2026-02-11,2025.0,Travis Kelce,KC,36.0,TE,17.0,17.0,1.0,1.0,,0.0,1.0,1.0,0.0,0.0,0.0,,2026-02-11,,,,,,,,,,,,,,,,,,,,,,,,,,,,,,,,,,,,,,,,,,,,,,,,,,,,,,,,,,,17,10.100000000000001,1.6,9,4,0
2025,Tyler Warren,T.Warren,00-0040128,IND,TE,TE,4.0,17,188.5,11.088235294117647,112.5,76.0,76,112,817,4,0.21132075471698114,0.13744292237442923,0.4131911777375722,6,8,1,0,1,0,0,0,899.0,0.8382352941176471,0.20967741935483872,11.088235294117647,4.878381180389297,18.3,0,TE,"https://static.www.nfl.com/image/upload/f_auto,q_auto/league/f1mfwwrr3qvnxuiackgq",REG,0,0,0,0,11,0,0,-0.46532738901441917,,0,0.0,0,0,0,0,1,0,3,-4.337354746094206,0,0,0,0,0,0,0,602,474,42,15.770369196454475,0,33,16,10,1,1.3571428571428572,0,1,0,0,0,0,0,0.0,0.0,0,0,0,0,0,0,0,0,0,0,0,0,0,1,-2,0,0,0,3,30,0,1,0,1,0,0,0,0,0,0,0,0,0,,,0,0,0,0,0,0,0,0,0,0,0,0,,,,0,0,0,0,0,0,0,,0,0,0,0,,0,0,,0,0,0,0,0,0,0,0,0,0,,,,,,,,,,,,,,,,,,,,,,,,,,,,,,,,,,,,,,,,,,,,,,,,,,,,,,,,,,,,,,,,,,,,,,,,,,,,,,,,,,,,,,,,,,,,,,,,,,,,,,,,,,,,,,,,,,,,,,,,,,,,,,,,,,,,,,,,,,,,,,,,,,,,00-0040128,WarrTy00,4431459,Tyler Warren,2002-05-24,78.0,256.0,Penn State,2025.0,1.0,14.0,IND,2025,2,17.0,0.0,3.0,0.0,0.007058823529411764,2025.0,Tyler Warren,IND,23.0,TE,17.0,12.0,112.0,76.0,817.0,,42.0,343.0,4.5,474.0,6.2,5.4,4.0,19.0,2.0,0.018000000000000002,2.0,93.5,2026-02-11,2025.0,Tyler Warren,IND,23.0,TE,17.0,12.0,6.0,8.0,,3.0,5.0,0.8,3.0,0.5,0.0,,2026-02-11,Tyler Warren,IND,1.0,1.0,0.0,0.0,,0.0,,2025.0,1.6,0.0,0.0,1.0,1.0,100.0,0.0,0.0,,1.0,0.0,1.0,0.0,0.0,0.0,,,11.0,11.0,0.0,,0.0,0.0,,0.0,,,,,,,,,,,,,,,,,,,,,,,,17,9.5,3.7,8,4,0
2025,Jake Ferguson,J.Ferguson,00-0038041,DAL,TE,TE,5.0,17,188.1,11.064705882352941,106.1,82.0,82,102,600,8,0.16803953871499178,0.09370684553166304,0.31765409994465177,1,1,0,0,0,0,0,0,786.0,0.6670588235294117,0.23931297709923663,11.064705882352941,7.0894235640557,23.9,3,TE,"https://static.www.nfl.com/image/upload/f_auto,q_auto/league/xpykb0tbosfwsn6dqstb",REG,0,0,0,0,0,0,0,,,0,,0,0,0,0,0,0,0,-0.6943626506254077,0,0,0,0,0,3,2,475,307,30,19.060186915451013,1,23,9,2,0,1.263157894736842,0,2,0,0,0,0,0,0.0,0.0,0,0,0,0,0,0,0,0,0,0,0,0,0,1,0,0,0,0,3,25,3,0,1,3,2,0,0,0,0,0,0,0,0,,,0,0,0,0,0,0,0,0,0,0,0,0,,,,0,0,0,0,0,0,0,,0,0,0,0,,0,0,,0,0,0,0,0,0,0,0,0,0,,,,,,,,,,,,,,,,,,,,,,,,,,,,,,,,,,,,,,,,,,,,,,,,,,,,,,,,,,,,,,,,,,,,,,,,,,,,,,,,,,,,,,,,,,,,,,,,,,,,,,,,,,,,,,,,,,,,,,,,,,,,,,,,,,,,,,,,,,,,,,,,,,,,00-0038041,FergJa00,4242355,Jake Ferguson,1999-01-18,77.0,250.0,Wisconsin,2022.0,4.0,129.0,DAL,2022,5,17.0,0.0,3.0,0.0,0.006470588235294119,2025.0,Jake Ferguson,DAL,26.0,TE,17.0,10.0,102.0,82.0,600.0,,30.0,293.0,3.6,307.0,3.7,4.7,6.0,13.7,2.0,0.02,1.0,113.2,2026-02-11,2025.0,Jake Ferguson,DAL,26.0,TE,17.0,10.0,1.0,1.0,,0.0,0.0,0.0,1.0,1.0,0.0,,2026-02-11,,,,,,,,,,,,,,,,,,,,,,,,,,,,,,,,,,,,,,,,,,,,,,,,,,,,,,,,,,,17,10.8,0.0,9,5,0
2025,Harold Fannin Jr.,H.Fannin,00-0040663,CLE,TE,TE,6.0,16,186.4,11.65,114.4,72.0,72,107,731,6,0.2049808429118774,0.17067371202113607,0.4269428627826114,7,13,1,0,0,0,0,0,786.0,0.759375,0.23715012722646311,11.65,5.72910696938595,25.4,1,TE,"https://static.www.nfl.com/image/upload/f_auto,q_auto/league/fxublmpnxx9uggsddwik",REG,0,0,0,0,0,0,0,,,0,,0,0,0,0,1,1,2,-1.7708569074748084,0,0,0,0,0,0,0,646,352,32,1.40015056461898,0,30,18,8,0,1.131578947368421,0,0,0,1,0,0,0,0.0,0.0,0,0,0,0,0,0,0,0,0,0,0,0,0,0,-1,0,0,0,5,30,0,1,0,1,1,0,0,0,0,0,0,0,0,,,0,0,0,0,0,0,0,0,0,0,0,0,,,,0,0,0,0,0,0,0,,0,0,0,0,,0,0,,0,0,0,0,0,0,0,0,0,0,,,,,,,,,,,,,,,,,,,,,,,,,,,,,,,,,,,,,,,,,,,,,,,,,,,,,,,,,,,,,,,,,,,,,,,,,,,,,,,,,,,,,,,,,,,,,,,,,,,,,,,,,,,,,,,,,,,,,,,,,,,,,,,,,,,,,,,,,,,,,,,,,,,,00-0040663,FannHa00,5083076,Harold Fannin Jr.,2004-07-20,76.0,241.0,Bowling Green,2025.0,3.0,67.0,CLE,2025,2,16.0,0.0,90.0,0.0,0.20625,2025.0,Harold Fannin,CLE,21.0,TE,16.0,13.0,107.0,72.0,731.0,,32.0,379.0,5.3,352.0,4.9,6.0,7.0,10.3,4.0,0.037000000000000005,2.0,97.5,2026-02-11,2025.0,Harold Fannin,CLE,21.0,TE,16.0,13.0,7.0,13.0,,2.0,7.0,1.0,6.0,0.9,1.0,7.0,2026-02-11,,,,,,,,,,,,,,,,,,,,,,,,,,,,,,,,,,,,,2025.0,Regular,Season Total,CLE,H. Fannin Jr.,,90.1,0.4,2.0,0.5,0.0,0.5,0.0,0.0,92.3,0.0,Harold,Fannin Jr.,Harold Fannin Jr.,https://a.espncdn.com/i/headshots/nfl/players/full/5083076.png,Browns,False,16,11.15,4.5,9,4,1
2025,Dallas Goedert,D.Goedert,00-0034351,PHI,TE,TE,7.0,15,185.1,12.34,125.1,60.0,60,82,591,11,0.17672413793103448,0.13004684363149677,0.3561189974385994,0,0,0,0,0,0,0,0,787.0,0.846,0.2351969504447268,12.34,7.17414006793049,26.0,2,TE,"https://static.www.nfl.com/image/upload/f_auto,q_auto/league/bafepstxu7vvxb9v5vua",REG,0,0,0,0,0,0,0,,,0,,0,0,0,0,0,0,0,,0,0,0,0,0,0,0,583,234,34,36.12277578752909,0,22,11,7,0,1.0137221269296741,0,2,0,0,0,0,0,0.0,0.0,0,0,0,0,0,0,0,0,0,0,0,0,0,0,0,0,0,0,0,0,0,0,0,0,0,0,0,0,0,0,0,0,0,,,0,0,0,0,0,0,0,0,0,0,0,0,,,,0,0,0,0,0,0,0,,0,0,0,0,,0,0,,0,0,0,0,0,0,0,0,0,0,D.Goedert,Dallas Goedert,TE,TE,"https://static.www.nfl.com/image/upload/f_auto,q_auto/league/bafepstxu7vvxb9v5vua",2025.0,POST,PHI,1.0,0.0,0.0,0.0,0.0,0.0,0.0,0.0,0.0,0.0,0.0,0.0,0.0,,,0.0,,0.0,0.0,0.0,0.0,1.0,1.0,1.0,0.0,0.0,1.0,1.0880740822758526,0.0,0.0,0.0,0.0,0.0,4.0,7.0,33.0,1.0,0.0,0.0,87.0,9.0,2.0,1.8190797865390778,0.0,1.0,0.0,0.0,0.0,0.3793103448275862,0.20588235294117646,0.2779552715654952,0.5033922195076114,0.0,0.0,0.0,0.0,0.0,0.0,0.0,0.0,0.0,0.0,0.0,0.0,0.0,0.0,0.0,0.0,0.0,0.0,0.0,0.0,0.0,0.0,0.0,0.0,0.0,0.0,0.0,0.0,0.0,0.0,0.0,0.0,0.0,0.0,0.0,0.0,0.0,0.0,0.0,0.0,0.0,0.0,,,0.0,0.0,0.0,0.0,0.0,0.0,0.0,0.0,0.0,0.0,0.0,0.0,,,,0.0,0.0,0.0,0.0,0.0,0.0,0.0,,0.0,0.0,0.0,0.0,,0.0,0.0,,0.0,0.0,0.0,0.0,0.0,0.0,0.0,0.0,0.0,0.0,15.4,19.4,00-0034351,GoedDa00,3121023,Dallas Goedert,1995-01-03,77.0,256.0,South Dakota State,2018.0,2.0,49.0,PHI,2018,9,15.0,0.0,3.0,0.0,0.008,2025.0,Dallas Goedert,PHI,30.0,TE,15.0,15.0,82.0,60.0,591.0,,34.0,357.0,6.0,234.0,3.9,7.1,3.0,20.0,4.0,0.049,0.0,132.7,2026-02-11,,,,,,,,,,,,,,,,,,,,,,,,,,,,,,,,,,,,,,,,,,,,,,,,,,,,,,,,,,,,,,,,,,,,,,,,,,,,,15,10.9,4.0,9,5,2
2025,Juwan Johnson,J.Johnson,00-0036040,NO,TE,TE,8.0,17,179.9,10.58235294117647,102.9,77.0,77,102,889,3,0.18053097345132743,0.16147900564027576,0.38383176412518416,0,0,0,0,0,0,0,0,850.0,0.75,0.2116470588235294,10.58235294117647,4.82457709210321,19.200000000000003,0,TE,"https://static.www.nfl.com/image/upload/f_auto,q_auto/league/ahzqkvhjot6lygwr4ccb",REG,0,0,0,0,0,0,0,,,0,,0,0,0,0,0,0,0,,0,0,0,0,0,2,2,773,362,41,35.21642119927367,0,38,17,11,1,1.15006468305304,0,0,0,0,0,0,0,0.0,0.0,0,0,0,0,0,0,0,0,0,0,0,0,0,0,0,0,0,0,2,15,2,0,0,2,2,0,0,0,0,0,0,0,0,,,0,0,0,0,0,0,0,0,0,0,0,0,,,,0,0,0,0,0,0,0,,0,0,0,0,,0,0,,0,0,0,0,0,0,0,0,0,0,,,,,,,,,,,,,,,,,,,,,,,,,,,,,,,,,,,,,,,,,,,,,,,,,,,,,,,,,,,,,,,,,,,,,,,,,,,,,,,,,,,,,,,,,,,,,,,,,,,,,,,,,,,,,,,,,,,,,,,,,,,,,,,,,,,,,,,,,,,,,,,,,,,,00-0036040,JohnJu02,3929645,Juwan Johnson,1996-09-13,76.0,245.0,Oregon; Penn State,,,,,2020,7,17.0,0.0,0.0,0.0,0.0,2025.0,Juwan Johnson,NO,29.0,TE,17.0,10.0,102.0,77.0,889.0,,41.0,527.0,6.8,362.0,4.7,7.5,5.0,15.4,6.0,0.059000000000000004,0.0,111.1,2026-02-11,,,,,,,,,,,,,,,,,,,,,,,,,,,,,,,,,,,,,,,,,,,,,,,,,,,,,,,,,,,,,,,,,,,,,,,,,,,,,17,10.600000000000001,1.5,10,4,0
2025,Hunter Henry,H.Henry,00-0033090,NE,TE,TE,9.0,17,178.8,10.51764705882353,118.80000000000001,60.0,60,87,768,7,0.18049792531120332,0.15394622723330442,0.37850924703011807,0,0,0,0,0,0,0,0,869.0,0.7941176470588235,0.20575373993095514,10.51764705882353,7.275492706177848,29.0,2,TE,"https://static.www.nfl.com/image/upload/f_auto,q_auto/league/cvlunbqgztudbhjrug7l",REG,0,0,0,0,0,0,0,,,0,,0,0,0,0,0,0,0,,0,0,0,0,0,0,0,710,335,42,37.688996646762256,0,36,18,11,0,1.0816901408450703,0,0,0,0,0,0,0,0.0,0.0,0,0,0,0,0,0,0,0,0,0,0,0,0,0,0,0,0,0,3,20,0,0,0,0,0,0,0,0,0,0,0,0,0,,,0,0,0,0,0,0,0,0,0,0,0,0,,,,0,0,0,0,0,0,0,,0,0,0,0,,0,0,,0,0,0,0,0,0,0,0,0,0,H.Henry,Hunter Henry,TE,TE,"https://static.www.nfl.com/image/upload/f_auto,q_auto/league/cvlunbqgztudbhjrug7l",2025.0,POST,NE,4.0,0.0,0.0,0.0,0.0,0.0,0.0,0.0,0.0,0.0,0.0,0.0,0.0,,,0.0,,0.0,0.0,0.0,0.0,0.0,0.0,0.0,0.0,0.0,0.0,,0.0,0.0,0.0,0.0,0.0,9.0,15.0,112.0,1.0,0.0,0.0,134.0,35.0,4.0,5.1300806685322895,0.0,5.0,4.0,1.0,0.0,0.835820895522388,0.13157894736842105,0.10771704180064309,0.2727703503130817,0.0,0.0,0.0,0.0,0.0,0.0,0.0,0.0,0.0,0.0,0.0,0.0,0.0,0.0,0.0,0.0,0.0,0.0,0.0,0.0,0.0,0.0,0.0,0.0,0.0,0.0,0.0,0.0,0.0,0.0,0.0,0.0,0.0,0.0,0.0,0.0,0.0,0.0,0.0,0.0,0.0,0.0,,,0.0,0.0,0.0,0.0,0.0,0.0,0.0,0.0,0.0,0.0,0.0,0.0,,,,0.0,0.0,0.0,0.0,0.0,0.0,0.0,,0.0,0.0,0.0,0.0,,0.0,0.0,,0.0,0.0,0.0,0.0,0.0,0.0,0.0,0.0,0.0,0.0,17.200000000000003,26.200000000000003,00-0033090,HenrHu00,3046439,Hunter Henry,1994-12-07,77.0,249.0,Arkansas,2016.0,2.0,35.0,LAC,2016,11,17.0,0.0,9.0,0.0,0.019999999999999997,2025.0,Hunter Henry,NE,31.0,TE,17.0,17.0,87.0,60.0,768.0,,42.0,433.0,7.2,335.0,5.6,8.0,1.0,60.0,3.0,0.034,2.0,113.6,2026-02-11,,,,,,,,,,,,,,,,,,,,,,,,,,,,,,,,,,,,,,,,,,,,,,,,,,,,,,,,,,,,,,,,,,,,,,,,,,,,,17,9.100000000000001,1.9,8,3,1
2025,Dalton Schultz,D.Schultz,00-0034383,HOU,TE,TE,10.0,17,177.7,10.452941176470588,95.7,81.99999999999999,82,106,777,3,0.19168173598553345,0.13830010493179434,0.3843326774305562,0,0,0,0,0,0,0,0,827.0,0.7105882352941176,0.21487303506650543,10.452941176470588,5.639161911031065,21.6,1,TE,"https://static.www.nfl.com/image/upload/f_auto,q_auto/league/ym8sbkev8l4scnrc0vd8",REG,0,0,0,0,0,0,0,,,0,,0,0,0,0,0,0,0,,0,0,0,0,0,1,0,659,358,39,36.716140571652616,0,31,11,5,1,1.1790591805766313,0,1,0,1,0,0,0,0.0,0.0,0,0,0,0,0,0,0,0,0,0,0,0,0,0,0,0,0,0,5,40,1,0,1,1,0,0,0,0,0,0,0,0,0,,,0,0,0,0,0,0,0,0,0,0,0,0,,,,0,0,0,0,0,0,0,,0,0,0,0,,0,0,,0,0,0,0,0,0,0,0,0,0,D.Schultz,Dalton Schultz,TE,TE,"https://static.www.nfl.com/image/upload/f_auto,q_auto/league/ym8sbkev8l4scnrc0vd8",2025.0,POST,HOU,2.0,0.0,0.0,0.0,0.0,0.0,0.0,0.0,0.0,0.0,0.0,0.0,0.0,,,0.0,,0.0,0.0,0.0,0.0,0.0,0.0,0.0,0.0,0.0,0.0,,0.0,0.0,0.0,0.0,0.0,5.0,6.0,59.0,0.0,0.0,0.0,29.0,43.0,2.0,5.1756636534119025,0.0,1.0,1.0,1.0,1.0,2.0344827586206895,0.07792207792207792,0.04136947218259629,0.14584174741093428,0.0,0.0,0.0,0.0,0.0,0.0,0.0,0.0,0.0,0.0,0.0,0.0,0.0,0.0,0.0,0.0,0.0,0.0,0.0,0.0,0.0,0.0,0.0,0.0,0.0,0.0,0.0,2.0,10.0,0.0,0.0,0.0,0.0,0.0,0.0,0.0,0.0,0.0,0.0,0.0,0.0,0.0,,,0.0,0.0,0.0,0.0,0.0,0.0,0.0,0.0,0.0,0.0,0.0,0.0,,,,0.0,0.0,0.0,0.0,0.0,0.0,0.0,,0.0,0.0,0.0,0.0,,0.0,0.0,,0.0,0.0,0.0,0.0,0.0,0.0,0.0,0.0,0.0,0.0,5.9,10.9,00-0034383,SchuDa00,3117256,Dalton Schultz,1996-07-11,77.0,242.0,Stanford,2018.0,4.0,137.0,DAL,2018,9,17.0,0.0,2.0,0.0,0.003529411764705882,2025.0,Dalton Schultz,HOU,29.0,TE,17.0,6.0,106.0,82.0,777.0,,39.0,419.0,5.1,358.0,4.4,6.2,3.0,27.3,2.0,0.019,0.0,106.5,2026-02-11,,,,,,,,,,,,,,,,,,,,,,,,,,,,,,,,,,,,,,,,,,,,,,,,,,,,,,,,,,,,,,,,,,,,,,,,,,,,,17,11.0,1.8,9,3,0
2025,Brock Bowers,B.Bowers,00-0039338,LV,TE,TE,11.0,12,176.2,14.683333333333332,112.2,63.999999999999986,64,86,680,7,0.17408906882591094,0.1745635910224439,0.38332811695457714,2,2,0,0,0,0,0,0,605.0,0.8591666666666667,0.2912396694214876,14.683333333333332,10.123674623316766,43.3,2,TE,"https://static.www.nfl.com/image/upload/f_auto,q_auto/league/waorceny0ggpaeckaol8",REG,0,0,0,0,0,0,0,,,0,,0,0,0,0,0,0,0,-1.1543679854366928,0,0,0,0,0,0,0,560,305,36,23.34749065319067,1,24,14,8,0,1.2142857142857142,0,2,0,0,0,0,0,0.0,0.0,0,0,0,0,0,0,0,0,0,0,0,0,0,0,0,0,0,0,0,0,0,0,0,0,0,0,0,0,0,0,0,0,0,,,0,0,0,0,0,0,0,0,0,0,0,0,,,,0,0,0,0,0,0,0,,0,0,0,0,,0,0,,0,0,0,0,0,0,0,0,0,0,,,,,,,,,,,,,,,,,,,,,,,,,,,,,,,,,,,,,,,,,,,,,,,,,,,,,,,,,,,,,,,,,,,,,,,,,,,,,,,,,,,,,,,,,,,,,,,,,,,,,,,,,,,,,,,,,,,,,,,,,,,,,,,,,,,,,,,,,,,,,,,,,,,,00-0039338,BoweBr01,4432665,Brock Bowers,2002-12-13,75.0,235.0,Georgia,2024.0,1.0,13.0,LV,2024,3,12.0,0.0,0.0,0.0,0.0,2025.0,Brock Bowers,LV,23.0,TE,12.0,8.0,86.0,64.0,680.0,,36.0,375.0,5.9,305.0,4.8,6.5,3.0,21.3,4.0,0.047,3.0,109.6,2026-02-11,2025.0,Brock Bowers,LV,23.0,TE,12.0,8.0,2.0,2.0,,0.0,-1.0,-0.5,3.0,1.5,0.0,,2026-02-11,,,,,,,,,,,,,,,,,,,,,,,,,,,,,,,,,,,,,,,,,,,,,,,,,,,,,,,,,,,12,12.85,3.7,7,3,1
2025,Colston Loveland,C.Loveland,00-0040126,CHI,TE,TE,12.0,16,165.10000000000002,10.318750000000001,107.10000000000001,58.000000000000014,58,82,713,6,0.15413533834586465,0.15088996763754045,0.33682598486507526,1,-2,0,0,0,0,0,0,701.0,0.645,0.23552068473609133,10.31875,8.500056372362087,29.8,3,TE,"https://static.www.nfl.com/image/upload/f_auto,q_auto/league/cnxiyi76jeahgx94nh6d",REG,0,0,0,0,0,0,0,,,0,,0,0,0,0,0,0,0,-0.8725153338164091,0,0,0,0,0,0,0,746,250,36,47.506098716443596,0,28,13,10,1,0.9557640750670241,0,1,0,0,0,0,0,0.0,0.0,0,0,0,0,0,0,0,0,0,0,0,0,0,0,0,0,0,0,5,35,0,0,0,0,0,0,0,0,0,0,0,0,0,,,0,0,0,0,0,0,0,0,0,0,0,0,,,,0,0,0,0,0,0,0,,0,0,0,0,,0,0,,0,0,0,0,0,0,0,0,0,0,C.Loveland,Colston Loveland,TE,TE,"https://static.www.nfl.com/image/upload/f_auto,q_auto/league/cnxiyi76jeahgx94nh6d",2025.0,POST,CHI,2.0,0.0,0.0,0.0,0.0,0.0,0.0,0.0,0.0,0.0,0.0,0.0,0.0,,,0.0,,0.0,0.0,0.0,0.0,0.0,0.0,0.0,0.0,0.0,0.0,,0.0,0.0,0.0,0.0,0.0,12.0,25.0,193.0,0.0,0.0,0.0,313.0,49.0,9.0,2.317085454176752,1.0,9.0,7.0,5.0,0.0,0.6166134185303515,0.2840909090909091,0.3322717622080679,0.6587265971820112,0.0,0.0,0.0,0.0,0.0,0.0,0.0,0.0,0.0,0.0,0.0,0.0,0.0,0.0,0.0,0.0,0.0,0.0,0.0,0.0,0.0,0.0,0.0,0.0,0.0,0.0,0.0,0.0,0.0,0.0,0.0,0.0,0.0,0.0,0.0,0.0,0.0,0.0,0.0,0.0,0.0,0.0,,,0.0,0.0,0.0,0.0,0.0,0.0,0.0,0.0,0.0,0.0,0.0,0.0,,,,0.0,0.0,0.0,0.0,0.0,0.0,0.0,,0.0,0.0,0.0,0.0,,0.0,0.0,,0.0,0.0,0.0,0.0,0.0,0.0,0.0,0.0,0.0,0.0,21.3,33.3,00-0040126,LoveCo00,4723086,Colston Loveland,2004-04-09,78.0,241.0,Michigan,2025.0,1.0,10.0,CHI,2025,2,16.0,0.0,5.0,0.0,0.01125,2025.0,Colston Loveland,CHI,21.0,TE,16.0,11.0,82.0,58.0,713.0,,36.0,463.0,8.0,250.0,4.3,9.0,4.0,14.5,1.0,0.012,0.0,121.6,2026-02-11,2025.0,Colston Loveland,CHI,21.0,TE,16.0,11.0,1.0,-2.0,,0.0,-2.0,-2.0,0.0,0.0,0.0,,2026-02-11,,,,,,,,,,,,,,,,,,,,,,,,,,,,,,,,,,,,,,,,,,,,,,,,,,,,,,,,,,,16,6.9,0.0,6,3,2
2025,George Kittle,G.Kittle,00-0033288,SF,TE,TE,13.0,11,161.5,14.681818181818182,104.5,57.0,57,69,628,7,0.12545454545454546,0.10707635009310987,0.2631352632469951,1,-3,0,0,0,0,0,0,554.0,0.8118181818181818,0.2915162454873646,14.681818181818182,8.260244328325667,24.7,4,TE,"https://static.www.nfl.com/image/upload/f_auto,q_auto/league/vkicdglglkyukgyxtmpx",REG,0,0,0,0,0,0,0,,,0,,0,0,0,0,0,0,0,-0.9897125085117295,0,0,0,0,0,0,0,460,252,38,46.320063126803795,0,30,13,9,0,1.3652173913043477,0,1,0,0,0,0,0,0.0,0.0,0,0,0,0,0,0,0,0,0,0,0,0,0,0,0,0,0,0,0,0,0,0,0,0,0,0,0,0,0,0,0,0,0,,,0,0,0,0,0,0,0,0,0,0,0,0,,,,0,0,0,0,0,0,0,,0,0,0,0,,0,0,,0,0,0,0,0,0,0,0,0,0,G.Kittle,George Kittle,TE,TE,"https://static.www.nfl.com/image/upload/f_auto,q_auto/league/vkicdglglkyukgyxtmpx",2025.0,POST,SF,1.0,0.0,0.0,0.0,0.0,0.0,0.0,0.0,0.0,0.0,0.0,0.0,0.0,,,0.0,,0.0,0.0,0.0,0.0,0.0,0.0,0.0,0.0,0.0,0.0,,0.0,0.0,0.0,0.0,0.0,1.0,2.0,6.0,0.0,0.0,0.0,16.0,2.0,0.0,-0.47159756254404783,0.0,0.0,0.0,0.0,0.0,0.375,0.03508771929824561,0.0311284046692607,0.07442146221585091,0.0,0.0,0.0,0.0,0.0,0.0,0.0,0.0,0.0,0.0,0.0,0.0,0.0,0.0,0.0,0.0,0.0,0.0,0.0,0.0,0.0,0.0,0.0,0.0,0.0,0.0,0.0,0.0,0.0,0.0,0.0,0.0,0.0,0.0,0.0,0.0,0.0,0.0,0.0,0.0,0.0,0.0,,,0.0,0.0,0.0,0.0,0.0,0.0,0.0,0.0,0.0,0.0,0.0,0.0,,,,0.0,0.0,0.0,0.0,0.0,0.0,0.0,,0.0,0.0,0.0,0.0,,0.0,0.0,,0.0,0.0,0.0,0.0,0.0,0.0,0.0,0.0,0.0,0.0,0.6000000000000001,1.6,00-0033288,KittGe00,3040151,George Kittle,1993-10-09,76.0,250.0,Iowa,2017.0,5.0,146.0,SF,2017,10,11.0,0.0,0.0,0.0,0.0,2025.0,George Kittle,SF,32.0,TE,11.0,11.0,69.0,57.0,628.0,,38.0,376.0,6.6,252.0,4.4,6.7,2.0,28.5,1.0,0.013999999999999999,0.0,138.4,2026-02-11,2025.0,George Kittle,SF,32.0,TE,11.0,11.0,1.0,-3.0,,0.0,-3.0,-3.0,0.0,0.0,0.0,,2026-02-11,,,,,,,,,,,,,,,,,,,,,,,,,,,,,,,,,,,,,,,,,,,,,,,,,,,,,,,,,,,11,13.8,0.0,8,4,0
2025,AJ Barner,A.Barner,00-0039793,SEA,TE,TE,14.0,17,147.3,8.664705882352942,95.30000000000001,52.0,52,68,519,6,0.14945054945054945,0.07888446215139443,0.27939494768180023,10,14,1,0,0,0,0,0,827.0,0.7729411764705882,0.1781136638452237,8.664705882352942,6.492875054287448,24.3,1,TE,"https://static.www.nfl.com/image/upload/f_auto,q_auto/league/i0esiguve9if4ts5mm1q",REG,0,0,0,0,0,0,0,,,0,,0,0,0,0,0,0,9,7.232803527265787,0,0,0,0,0,2,0,297,271,26,27.943031145209513,0,20,7,3,1,1.7474747474747474,0,1,0,1,0,0,0,0.0,0.0,0,0,0,0,0,0,0,0,0,0,0,0,0,2,0,0,0,0,4,20,2,0,0,2,0,0,0,0,0,0,0,0,0,,,0,0,0,0,0,0,0,0,0,0,0,0,,,,0,0,0,0,0,0,0,,0,0,0,0,,0,0,,0,0,0,0,0,0,0,0,0,0,A.Barner,AJ Barner,TE,TE,"https://static.www.nfl.com/image/upload/f_auto,q_auto/league/i0esiguve9if4ts5mm1q",2025.0,POST,SEA,3.0,0.0,0.0,0.0,0.0,0.0,0.0,0.0,0.0,0.0,0.0,0.0,0.0,,,0.0,,0.0,0.0,0.0,0.0,1.0,2.0,0.0,0.0,0.0,1.0,0.4606223077280447,0.0,0.0,0.0,0.0,0.0,6.0,7.0,67.0,1.0,1.0,0.0,38.0,38.0,5.0,6.831927897357989,0.0,4.0,1.0,0.0,0.0,1.763157894736842,0.08139534883720931,0.046798029556650245,0.15485164394546913,0.0,0.0,0.0,0.0,0.0,0.0,0.0,0.0,0.0,0.0,0.0,0.0,0.0,0.0,0.0,0.0,0.0,0.0,0.0,0.0,0.0,0.0,0.0,0.0,0.0,0.0,0.0,0.0,0.0,1.0,0.0,1.0,1.0,0.0,0.0,0.0,0.0,0.0,0.0,0.0,0.0,0.0,,,0.0,0.0,0.0,0.0,0.0,0.0,0.0,0.0,0.0,0.0,0.0,0.0,,,,0.0,0.0,0.0,0.0,0.0,0.0,0.0,,0.0,0.0,0.0,0.0,,0.0,0.0,,0.0,0.0,0.0,0.0,0.0,0.0,0.0,0.0,0.0,0.0,12.9,18.9,00-0039793,BarnAJ00,4576297,AJ Barner,2002-05-03,78.0,251.0,Michigan; Indiana,2024.0,4.0,121.0,SEA,2024,3,17.0,0.0,44.0,0.0,0.09411764705882353,2025.0,AJ Barner,SEA,23.0,TE,17.0,17.0,68.0,52.0,519.0,,26.0,248.0,4.8,271.0,5.2,4.5,3.0,17.3,2.0,0.028999999999999998,2.0,114.8,2026-02-11,2025.0,AJ Barner,SEA,23.0,TE,17.0,17.0,10.0,14.0,,9.0,8.0,0.8,6.0,0.6,0.0,,2026-02-11,,,,,,,,,,,,,,,,,,,,,,,,,,,,,,,,,,,,,2025.0,Regular,Season Total,SEA,A. Barner,,69.4,0.8,14.0,1.7,0.0,1.4,0.0,0.3,69.8,0.0,AJ,Barner,AJ Barner,https://a.espncdn.com/i/headshots/nfl/players/full/4576297.png,Seahawks,False,17,7.7,0.30000000000000004,8,3,0
2025,Oronde Gadsden II,O.Gadsden,00-0040189,LAC,TE,TE,15.0,15,131.4,8.76,82.4,49.0,49,69,664,3,0.12683823529411764,0.1372635283765948,0.2863418228047928,0,0,0,0,0,0,0,0,627.0,0.626,0.20956937799043063,8.76,7.544420833588601,29.400000000000002,1,TE,"https://static.www.nfl.com/image/upload/f_auto,q_auto/league/r8b4oghjwhw8x9nv1wbs",REG,0,0,0,0,0,0,0,,,0,,0,0,0,0,0,0,0,,0,0,0,0,0,1,1,624,221,28,16.515055324098682,0,24,13,11,2,1.064102564102564,0,0,0,1,0,0,0,0.0,0.0,0,0,0,0,0,0,0,0,0,0,0,0,0,0,0,0,0,0,2,20,1,0,0,1,1,0,0,0,0,0,0,0,0,,,0,0,0,0,0,0,0,0,0,0,0,0,,,,0,0,0,0,0,0,0,,0,0,0,0,,0,0,,0,0,0,0,0,0,0,0,0,0,O.Gadsden,Oronde Gadsden II,TE,TE,"https://static.www.nfl.com/image/upload/f_auto,q_auto/league/r8b4oghjwhw8x9nv1wbs",2025.0,POST,LAC,1.0,0.0,0.0,0.0,0.0,0.0,0.0,0.0,0.0,0.0,0.0,0.0,0.0,,,0.0,,0.0,0.0,0.0,0.0,0.0,0.0,0.0,0.0,0.0,0.0,,0.0,0.0,0.0,0.0,0.0,3.0,3.0,30.0,0.0,0.0,0.0,15.0,15.0,2.0,2.8901317173149437,0.0,3.0,0.0,0.0,0.0,2.0,0.1,0.06224066390041494,0.1935684647302905,0.0,0.0,0.0,0.0,0.0,0.0,0.0,0.0,0.0,0.0,0.0,0.0,0.0,0.0,0.0,0.0,0.0,0.0,0.0,0.0,0.0,0.0,0.0,0.0,0.0,0.0,0.0,0.0,0.0,0.0,0.0,0.0,0.0,0.0,0.0,0.0,0.0,0.0,0.0,0.0,0.0,0.0,,,0.0,0.0,0.0,0.0,0.0,0.0,0.0,0.0,0.0,0.0,0.0,0.0,,,,0.0,0.0,0.0,0.0,0.0,0.0,0.0,,0.0,0.0,0.0,0.0,,0.0,0.0,,0.0,0.0,0.0,0.0,0.0,0.0,0.0,0.0,0.0,0.0,3.0,6.0,00-0040189,GadsOr01,4595342,Oronde Gadsden II,2003-06-25,77.0,236.0,Syracuse,2025.0,5.0,165.0,LAC,2025,2,15.0,0.0,84.0,0.0,0.21733333333333335,2025.0,Oronde Gadsden,LAC,22.0,TE,15.0,7.0,69.0,49.0,664.0,,28.0,443.0,9.0,221.0,4.5,9.0,1.0,49.0,5.0,0.07200000000000001,3.0,97.7,2026-02-11,,,,,,,,,,,,,,,,,,,,,,,,,,,,,,,,,,,,,,,,,,,,,,,,,,,,,,,,,,,,,,,,,,,,,,,,,,,,,15,6.1000000000000005,1.7000000000000002,6,2,1
2025,Mark Andrews,M.Andrews,00-0034753,BAL,TE,TE,16.0,17,131.0,7.705882352941177,83.0,48.0,48,70,422,5,0.171990171990172,0.1484511981297487,0.36190109667608206,10,48,1,0,0,0,0,0,630.0,0.6170588235294118,0.20793650793650795,7.705882352941177,6.786150472491317,27.1,1,TE,"https://static.www.nfl.com/image/upload/f_auto,q_auto/league/u4xzz7tclch0tpzm9hhz",REG,0,0,0,0,0,0,0,,,0,,0,0,0,0,0,0,7,6.520739546627738,0,1,1,1,0,1,0,508,101,24,1.5476467463452974,0,15,7,3,0,0.8307086614173228,0,2,0,0,0,0,0,0.0,0.0,0,0,0,0,0,0,0,0,0,0,0,0,0,0,0,0,0,0,5,40,1,0,1,1,0,0,0,0,0,0,0,0,0,,,0,0,0,0,0,0,0,0,0,0,0,0,,,,0,0,0,0,0,0,0,,0,0,0,0,,0,0,,0,0,0,0,0,0,0,0,0,0,,,,,,,,,,,,,,,,,,,,,,,,,,,,,,,,,,,,,,,,,,,,,,,,,,,,,,,,,,,,,,,,,,,,,,,,,,,,,,,,,,,,,,,,,,,,,,,,,,,,,,,,,,,,,,,,,,,,,,,,,,,,,,,,,,,,,,,,,,,,,,,,,,,,00-0034753,AndrMa00,3116365,Mark Andrews,1995-09-06,77.0,250.0,Oklahoma,2018.0,3.0,86.0,BAL,2018,9,17.0,0.0,0.0,0.0,0.0,2025.0,Mark Andrews,BAL,30.0,TE,17.0,11.0,70.0,48.0,422.0,,24.0,321.0,6.7,101.0,2.1,7.4,1.0,48.0,3.0,0.043,3.0,90.3,2026-02-11,2025.0,Mark Andrews,BAL,30.0,TE,17.0,11.0,10.0,48.0,,7.0,43.0,4.3,5.0,0.5,0.0,,2026-02-11,,,,,,,,,,,,,,,,,,,,,,,,,,,,,,,,,,,,,2025.0,Regular,Season Total,BAL,M. Andrews,,99.1,3.7,11.0,4.2,0.0,3.8,0.0,0.4,99.2,0.0,Mark,Andrews,Mark Andrews,https://a.espncdn.com/i/headshots/nfl/players/full/3116365.png,Ravens,False,17,6.4,1.4,5,3,1
2025,Colby Parkinson,C.Parkinson,00-0036244,LA,TE,TE,17.0,14,129.8,9.271428571428572,86.80000000000001,43.0,43,56,408,8,0.0963855421686747,0.04486251808972504,0.1759820759158196,0,0,0,0,0,0,0,0,621.0,0.604,0.20901771336553948,9.271428571428572,7.272332032217257,24.5,1,TE,"https://static.www.nfl.com/image/upload/f_auto,q_auto/league/qsyrgtfjj06wryahnxc9",REG,0,0,0,0,0,0,0,,,0,,0,0,0,0,0,0,0,,0,0,0,0,0,1,1,248,271,24,12.557111424114346,0,18,8,4,0,1.6451612903225807,0,1,0,0,0,0,0,0.0,0.0,0,0,0,0,0,0,0,0,0,0,0,0,0,0,0,0,0,0,2,15,1,0,0,1,1,0,0,0,0,0,0,0,0,,,0,0,0,0,0,0,0,0,0,0,0,0,,,,0,0,0,0,0,0,0,,0,0,0,0,,0,0,,0,0,0,0,0,0,0,0,0,0,C.Parkinson,Colby Parkinson,TE,TE,"https://static.www.nfl.com/image/upload/f_auto,q_auto/league/qsyrgtfjj06wryahnxc9",2025.0,POST,LA,3.0,0.0,0.0,0.0,0.0,0.0,0.0,0.0,0.0,0.0,0.0,0.0,0.0,,,0.0,,0.0,0.0,0.0,0.0,0.0,0.0,0.0,0.0,0.0,0.0,,0.0,0.0,0.0,0.0,0.0,8.0,14.0,152.0,1.0,1.0,0.0,110.0,97.0,7.0,8.405952708562836,0.0,6.0,4.0,2.0,1.0,1.3818181818181818,0.1206896551724138,0.08160237388724036,0.23815614447968894,0.0,0.0,0.0,0.0,0.0,0.0,0.0,0.0,0.0,0.0,0.0,0.0,0.0,0.0,0.0,0.0,0.0,0.0,0.0,0.0,0.0,0.0,0.0,0.0,0.0,0.0,0.0,0.0,0.0,1.0,0.0,1.0,1.0,0.0,0.0,0.0,0.0,0.0,0.0,0.0,0.0,0.0,,,0.0,0.0,0.0,0.0,0.0,0.0,0.0,0.0,0.0,0.0,0.0,0.0,,,,0.0,0.0,0.0,0.0,0.0,0.0,0.0,,0.0,0.0,0.0,0.0,,0.0,0.0,,0.0,0.0,0.0,0.0,0.0,0.0,0.0,0.0,0.0,0.0,21.200000000000003,29.200000000000003,00-0036244,ParkCo02,4242557,Colby Parkinson,1999-01-07,79.0,265.0,Stanford,2020.0,4.0,133.0,SEA,2020,7,15.0,0.0,30.0,0.0,0.074,2025.0,Colby Parkinson,LA,26.0,TE,15.0,10.0,56.0,43.0,408.0,,24.0,137.0,3.2,271.0,6.3,4.4,4.0,10.8,3.0,0.054000000000000006,2.0,121.1,2026-02-11,,,,,,,,,,,,,,,,,,,,,,,,,,,,,,,,,,,,,,,,,,,,,,,,,,,,,,,,,,,,,,,,,,,,,,,,,,,,,14,8.55,-0.6000000000000001,6,2,0
2025,Theo Johnson,T.Johnson,00-0039847,NYG,TE,TE,18.0,15,127.80000000000001,8.520000000000001,82.80000000000001,45.0,45,74,528,5,0.147117296222664,0.13771517996870108,0.31707657031208675,0,0,0,0,0,0,0,0,872.0,0.8673333333333333,0.14655963302752295,8.52,5.823744499890084,21.3,1,TE,"https://static.www.nfl.com/image/upload/f_auto,q_auto/league/fv2jbzlocr1o3ahkru43",REG,0,0,0,0,0,0,0,,,0,,0,0,0,0,0,0,0,,0,0,0,0,0,0,0,616,187,25,8.832371162803263,0,24,10,8,2,0.8571428571428571,0,0,0,0,0,0,0,0.0,0.0,0,0,0,0,0,0,0,0,0,0,0,0,0,0,0,0,0,0,3,25,0,0,0,0,0,0,0,0,0,0,0,0,0,,,0,0,0,0,0,0,0,0,0,0,0,0,,,,0,0,0,0,0,0,0,,0,0,0,0,,0,0,,0,0,0,0,0,0,0,0,0,0,,,,,,,,,,,,,,,,,,,,,,,,,,,,,,,,,,,,,,,,,,,,,,,,,,,,,,,,,,,,,,,,,,,,,,,,,,,,,,,,,,,,,,,,,,,,,,,,,,,,,,,,,,,,,,,,,,,,,,,,,,,,,,,,,,,,,,,,,,,,,,,,,,,,00-0039847,JohnTh00,4429148,Theo Johnson,2001-02-26,78.0,264.0,Penn State,2024.0,4.0,107.0,NYG,2024,3,15.0,0.0,0.0,0.0,0.0,2025.0,Theo Johnson,NYG,24.0,TE,15.0,15.0,74.0,45.0,528.0,,25.0,341.0,7.6,187.0,4.2,8.3,1.0,45.0,5.0,0.068,2.0,93.7,2026-02-11,,,,,,,,,,,,,,,,,,,,,,,,,,,,,,,,,,,,,,,,,,,,,,,,,,,,,,,,,,,,,,,,,,,,,,,,,,,,,15,7.4,0.0,7,2,0
2025,Zach Ertz,Z.Ertz,00-0030061,WAS,TE,TE,19.0,13,126.4,9.723076923076924,76.4,50.0,50,72,504,4,0.16666666666666666,0.16408204102051024,0.36485742871435717,0,0,0,0,0,0,0,0,551.0,0.6646153846153846,0.22940108892921962,9.723076923076924,6.084427369133139,20.6,1,TE,"https://static.www.nfl.com/image/upload/f_auto,q_auto/league/xktmmeumuoglbuam75iz",REG,0,0,0,0,0,0,0,,,0,,0,0,0,0,0,0,0,,0,0,0,0,0,1,0,656,123,25,11.710295939606693,1,20,7,5,0,0.7682926829268293,0,1,0,0,0,0,0,0.0,0.0,0,0,0,0,0,0,0,0,0,0,0,0,0,0,0,0,0,0,5,25,1,0,1,1,0,0,0,0,0,0,0,0,0,,,0,0,0,0,0,0,0,0,0,0,0,0,,,,0,0,0,0,0,0,0,,0,0,0,0,,0,0,,0,0,0,0,0,0,0,0,0,0,,,,,,,,,,,,,,,,,,,,,,,,,,,,,,,,,,,,,,,,,,,,,,,,,,,,,,,,,,,,,,,,,,,,,,,,,,,,,,,,,,,,,,,,,,,,,,,,,,,,,,,,,,,,,,,,,,,,,,,,,,,,,,,,,,,,,,,,,,,,,,,,,,,,00-0030061,ErtzZa00,15835,Zach Ertz,1990-11-10,77.0,250.0,Stanford,2013.0,2.0,35.0,PHI,2013,13,13.0,0.0,1.0,0.0,0.0023076923076923075,2025.0,Zach Ertz,WAS,35.0,TE,13.0,13.0,72.0,50.0,504.0,,25.0,381.0,7.6,123.0,2.5,9.0,1.0,50.0,5.0,0.069,2.0,96.1,2026-02-11,,,,,,,,,,,,,,,,,,,,,,,,,,,,,,,,,,,,,,,,,,,,,,,,,,,,,,,,,,,,,,,,,,,,,,,,,,,,,13,8.600000000000001,0.0,5,3,0
2025,Dalton Kincaid,D.Kincaid,00-0038933,BUF,TE,TE,20.0,12,126.1,10.508333333333333,87.1,39.0,39,49,571,5,0.1022964509394572,0.12866629773104593,0.24351108482091793,0,0,0,0,0,0,0,0,302.0,0.3741666666666667,0.41754966887417216,10.508333333333335,6.562075383088291,22.1,1,TE,"https://static.www.nfl.com/image/upload/f_auto,q_auto/league/z7k857flehljboaixj8m",REG,0,0,0,0,0,0,0,,,0,,0,0,0,0,0,0,0,,0,0,0,0,0,1,0,465,259,27,39.38840316268242,0,26,18,13,1,1.227956989247312,0,0,0,0,0,0,0,0.0,0.0,0,0,0,0,0,0,0,0,0,0,0,0,0,0,0,0,0,0,2,17,1,0,1,1,0,0,0,0,0,0,0,0,0,,,0,0,0,0,0,0,0,0,0,0,0,0,,,,0,0,0,0,0,0,0,,0,0,0,0,,0,0,,0,0,0,0,0,0,0,0,0,0,D.Kincaid,Dalton Kincaid,TE,TE,"https://static.www.nfl.com/image/upload/f_auto,q_auto/league/z7k857flehljboaixj8m",2025.0,POST,BUF,2.0,0.0,0.0,0.0,0.0,0.0,0.0,0.0,0.0,0.0,0.0,0.0,0.0,,,0.0,,0.0,0.0,0.0,0.0,0.0,0.0,0.0,0.0,0.0,0.0,,0.0,0.0,0.0,0.0,0.0,9.0,11.0,111.0,2.0,0.0,0.0,95.0,33.0,6.0,10.538511712045874,0.0,5.0,1.0,1.0,0.0,1.168421052631579,0.14864864864864866,0.14913657770800628,0.3273685773685774,0.0,1.0,0.0,0.0,0.0,0.0,0.0,0.0,0.0,0.0,0.0,0.0,0.0,0.0,0.0,0.0,0.0,0.0,0.0,0.0,0.0,0.0,0.0,0.0,0.0,0.0,0.0,0.0,0.0,0.0,0.0,0.0,0.0,0.0,0.0,0.0,0.0,0.0,0.0,0.0,0.0,0.0,,,0.0,0.0,0.0,0.0,0.0,0.0,0.0,0.0,0.0,0.0,0.0,0.0,,,,0.0,0.0,0.0,0.0,0.0,0.0,0.0,,0.0,0.0,0.0,0.0,,0.0,0.0,,0.0,0.0,0.0,0.0,0.0,0.0,0.0,0.0,0.0,0.0,23.1,32.1,00-0038933,KincDa00,4385690,Dalton Kincaid,1999-10-18,75.0,246.0,Utah; Univ of California-San Diego,2023.0,1.0,25.0,BUF,2023,4,12.0,0.0,1.0,0.0,0.0033333333333333335,2025.0,Dalton Kincaid,BUF,26.0,TE,12.0,4.0,49.0,39.0,571.0,,27.0,312.0,8.0,259.0,6.6,9.5,1.0,39.0,1.0,0.02,0.0,149.2,2026-02-11,,,,,,,,,,,,,,,,,,,,,,,,,,,,,,,,,,,,,,,,,,,,,,,,,,,,,,,,,,,,,,,,,,,,,,,,,,,,,12,8.8,0.0,5,3,0
2025,Chig Okonkwo,C.Okonkwo,00-0037809,TEN,TE,TE,21.0,17,124.0,7.294117647058823,68.0,56.0,56,79,560,2,0.1490566037735849,0.09118086696562033,0.2874115125363116,0,0,0,0,0,0,0,0,666.0,0.6370588235294118,0.18618618618618618,7.294117647058823,4.482670881884384,16.4,0,TE,"https://static.www.nfl.com/image/upload/f_auto,q_auto/league/pzcez6pi9tpdqkmjjnzk",REG,0,0,0,0,0,0,0,,,0,,0,0,0,0,0,0,0,,0,0,0,0,0,0,0,366,342,24,12.671104062712484,0,24,13,6,1,1.530054644808743,0,1,0,0,0,0,0,0.0,0.0,0,0,0,0,0,0,0,0,0,0,0,0,0,0,0,0,0,0,3,20,0,0,0,0,0,0,0,0,0,0,0,0,0,,,0,0,0,0,0,0,0,0,0,0,0,0,,,,0,0,0,0,0,0,0,,0,0,0,0,,0,0,,0,0,0,0,0,0,0,0,0,0,,,,,,,,,,,,,,,,,,,,,,,,,,,,,,,,,,,,,,,,,,,,,,,,,,,,,,,,,,,,,,,,,,,,,,,,,,,,,,,,,,,,,,,,,,,,,,,,,,,,,,,,,,,,,,,,,,,,,,,,,,,,,,,,,,,,,,,,,,,,,,,,,,,,00-0037809,OkonCh00,4360635,Chig Okonkwo,1999-09-08,75.0,238.0,Maryland,2022.0,4.0,143.0,TEN,2022,5,17.0,0.0,1.0,0.0,0.001764705882352941,2025.0,Chigoziem Okonkwo,TEN,26.0,TE,17.0,12.0,79.0,56.0,560.0,,24.0,218.0,3.9,342.0,6.1,4.7,6.0,9.3,5.0,0.063,1.0,93.9,2026-02-11,,,,,,,,,,,,,,,,,,,,,,,,,,,,,,,,,,,,,,,,,,,,,,,,,,,,,,,,,,,,,,,,,,,,,,,,,,,,,17,7.300000000000001,0.0,4,1,0
2025,Cade Otton,C.Otton,00-0038129,TB,TE,TE,22.0,15,122.2,8.146666666666667,63.2,59.0,59,81,572,1,0.14972273567467653,0.09302841918294849,0.28970399694007876,0,0,0,0,0,0,0,0,993.0,0.9349999999999999,0.1230614300100705,8.146666666666667,5.978636570163405,22.4,1,TE,"https://static.www.nfl.com/image/upload/f_auto,q_auto/league/yanr6h9aplae3jyzimf7",REG,0,0,0,0,0,0,0,,,0,,0,0,0,0,0,0,0,,0,0,0,0,0,0,0,419,309,25,3.080325580202786,0,23,11,7,0,1.3651551312649164,0,4,0,0,0,0,0,0.0,0.0,0,0,0,0,0,0,0,0,0,0,0,0,0,0,0,0,0,0,5,30,0,0,0,0,0,0,0,0,0,0,0,0,0,,,0,0,0,0,0,0,0,0,0,0,0,0,,,,0,0,0,0,0,0,0,,0,0,0,0,,0,0,,0,0,0,0,0,0,0,0,0,0,,,,,,,,,,,,,,,,,,,,,,,,,,,,,,,,,,,,,,,,,,,,,,,,,,,,,,,,,,,,,,,,,,,,,,,,,,,,,,,,,,,,,,,,,,,,,,,,,,,,,,,,,,,,,,,,,,,,,,,,,,,,,,,,,,,,,,,,,,,,,,,,,,,,00-0038129,OttoCa00,4243331,Cade Otton,1999-04-15,77.0,247.0,Washington,2022.0,4.0,106.0,TB,2022,5,16.0,0.0,2.0,0.0,0.005,2025.0,Cade Otton,TB,26.0,TE,16.0,16.0,81.0,59.0,572.0,,25.0,263.0,4.5,309.0,5.2,5.1,6.0,9.8,1.0,0.012,2.0,86.0,2026-02-11,,,,,,,,,,,,,,,,,,,,,,,,,,,,,,,,,,,,,,,,,,,,,,,,,,,,,,,,,,,,,,,,,,,,,,,,,,,,,15,6.1,0.0,5,2,0
2025,Brenton Strange,B.Strange,00-0038935,JAX,TE,TE,23.0,12,118.0,9.833333333333334,72.0,46.0,46,60,540,3,0.10968921389396709,0.08483606557377049,0.22391906674259,0,0,0,0,0,0,0,0,591.0,0.7483333333333334,0.1996615905245347,9.833333333333334,4.741180009110377,17.2,0,TE,"https://static.www.nfl.com/image/upload/f_auto,q_auto/league/devxzxwf1sfficgncggm",REG,0,0,0,0,0,0,0,,,0,,0,0,0,0,0,0,0,,0,0,0,0,0,0,0,414,247,28,31.364750811537206,0,26,14,9,0,1.3043478260869565,0,0,0,1,0,0,0,0.0,0.0,0,0,0,0,0,0,0,0,0,0,0,0,0,0,0,0,0,0,5,25,0,0,0,0,0,0,0,0,0,0,0,0,0,,,0,0,0,0,0,0,0,0,0,0,0,0,,,,0,0,0,0,0,0,0,,0,0,0,0,,0,0,,0,0,0,0,0,0,0,0,0,0,B.Strange,Brenton Strange,TE,TE,"https://static.www.nfl.com/image/upload/f_auto,q_auto/league/devxzxwf1sfficgncggm",2025.0,POST,JAX,1.0,0.0,0.0,0.0,0.0,0.0,0.0,0.0,0.0,0.0,0.0,0.0,0.0,,,0.0,,0.0,0.0,0.0,0.0,0.0,0.0,0.0,0.0,0.0,0.0,,0.0,0.0,0.0,0.0,0.0,2.0,5.0,9.0,0.0,0.0,0.0,54.0,7.0,0.0,-1.7068392125838021,0.0,0.0,0.0,0.0,0.0,0.16666666666666666,0.16666666666666666,0.18493150684931506,0.37945205479452054,0.0,0.0,0.0,0.0,0.0,0.0,0.0,0.0,0.0,0.0,0.0,0.0,0.0,0.0,0.0,0.0,0.0,0.0,0.0,0.0,0.0,0.0,0.0,0.0,0.0,0.0,0.0,0.0,0.0,0.0,0.0,0.0,0.0,0.0,0.0,0.0,0.0,0.0,0.0,0.0,0.0,0.0,,,0.0,0.0,0.0,0.0,0.0,0.0,0.0,0.0,0.0,0.0,0.0,0.0,,,,0.0,0.0,0.0,0.0,0.0,0.0,0.0,,0.0,0.0,0.0,0.0,,0.0,0.0,,0.0,0.0,0.0,0.0,0.0,0.0,0.0,0.0,0.0,0.0,0.9,2.9,00-0038935,StraBr00,4430539,Brenton Strange,2000-12-27,76.0,253.0,Penn State,2023.0,2.0,61.0,JAX,2023,4,12.0,0.0,2.0,0.0,0.0075,2025.0,Brenton Strange,JAX,25.0,TE,12.0,12.0,60.0,46.0,540.0,,28.0,293.0,6.4,247.0,5.4,6.9,2.0,23.0,4.0,0.067,0.0,120.1,2026-02-11,,,,,,,,,,,,,,,,,,,,,,,,,,,,,,,,,,,,,,,,,,,,,,,,,,,,,,,,,,,,,,,,,,,,,,,,,,,,,12,10.2,3.2,6,1,0
2025,Tucker Kraft,T.Kraft,00-0038996,GB,TE,TE,24.0,8,117.2,14.65,85.2,32.0,32,44,489,6,0.09565217391304348,0.046929722157366335,0.17632906637972165,1,3,0,0,0,0,0,0,439.0,0.86,0.2669703872437358,14.649999999999999,9.870446508933334,33.3,2,TE,"https://static.www.nfl.com/image/upload/f_auto,q_auto/league/n6vu44jbq31rydoaadaq",REG,0,0,0,0,0,0,0,,,0,,0,0,0,0,0,0,0,-0.6811154326424003,0,0,0,0,0,0,0,201,344,22,39.123876830533845,0,19,12,6,2,2.4328358208955225,0,0,0,0,0,0,0,0.0,0.0,0,0,0,0,0,0,0,0,0,0,0,0,0,0,0,0,0,0,1,5,0,0,0,0,0,0,0,0,0,0,0,0,0,,,0,0,0,0,0,0,0,0,0,0,0,0,,,,0,0,0,0,0,0,0,,0,0,0,0,,0,0,,0,0,0,0,0,0,0,0,0,0,,,,,,,,,,,,,,,,,,,,,,,,,,,,,,,,,,,,,,,,,,,,,,,,,,,,,,,,,,,,,,,,,,,,,,,,,,,,,,,,,,,,,,,,,,,,,,,,,,,,,,,,,,,,,,,,,,,,,,,,,,,,,,,,,,,,,,,,,,,,,,,,,,,,00-0038996,KrafTu00,4572680,Tucker Kraft,2000-11-03,77.0,259.0,South Dakota State,2023.0,3.0,78.0,GB,2023,4,8.0,0.0,15.0,0.0,0.0675,2025.0,Tucker Kraft,GB,25.0,TE,8.0,8.0,44.0,32.0,489.0,,22.0,145.0,4.5,344.0,10.8,4.7,6.0,5.3,3.0,0.068,0.0,148.6,2026-02-11,2025.0,Tucker Kraft,GB,25.0,TE,8.0,8.0,1.0,3.0,,0.0,3.0,3.0,0.0,0.0,0.0,,2026-02-11,,,,,,,,,,,,,,,,,,,,,,,,,,,,,,,,,,,,,,,,,,,,,,,,,,,,,,,,,,,8,11.450000000000001,4.0,5,3,1
2025,Pat Freiermuth,P.Freiermuth,00-0036894,PIT,TE,TE,25.0,15,113.6,7.573333333333333,72.6,41.0,41,54,486,4,0.10344827586206896,0.09847560975609757,0.22410534062237175,0,0,0,0,0,0,0,0,522.0,0.5035294117647059,0.21762452107279692,7.573333333333334,6.448418041511829,28.1,1,TE,"https://static.www.nfl.com/image/upload/f_auto,q_auto/league/pyrdsypgggjshiaygkr7",REG,0,0,0,0,0,0,0,,,0,,0,0,0,0,0,0,0,,0,0,0,0,0,0,0,323,255,21,23.309840869833053,0,19,10,6,1,1.5046439628482973,0,0,0,0,0,0,0,0.0,0.0,0,0,0,0,0,0,0,0,0,0,0,0,0,0,0,0,0,0,2,15,0,0,0,0,0,0,0,0,0,0,0,0,0,,,0,0,0,0,0,0,0,0,0,0,0,0,,,,0,0,0,0,0,0,0,,0,0,0,0,,0,0,,0,0,0,0,0,0,0,0,0,0,P.Freiermuth,Pat Freiermuth,TE,TE,"https://static.www.nfl.com/image/upload/f_auto,q_auto/league/pyrdsypgggjshiaygkr7",2025.0,POST,PIT,1.0,0.0,0.0,0.0,0.0,0.0,0.0,0.0,0.0,0.0,0.0,0.0,0.0,,,0.0,,0.0,0.0,0.0,0.0,0.0,0.0,0.0,0.0,0.0,0.0,,0.0,0.0,0.0,0.0,0.0,1.0,3.0,18.0,0.0,0.0,0.0,65.0,2.0,1.0,-4.802438060520217,0.0,1.0,1.0,0.0,0.0,0.27692307692307694,0.0967741935483871,0.22413793103448276,0.30205784204671854,0.0,0.0,0.0,0.0,0.0,0.0,0.0,0.0,0.0,0.0,0.0,0.0,0.0,0.0,0.0,0.0,0.0,0.0,0.0,0.0,0.0,0.0,0.0,0.0,0.0,0.0,0.0,0.0,0.0,0.0,0.0,0.0,0.0,0.0,0.0,0.0,0.0,0.0,0.0,0.0,0.0,0.0,,,0.0,0.0,0.0,0.0,0.0,0.0,0.0,0.0,0.0,0.0,0.0,0.0,,,,0.0,0.0,0.0,0.0,0.0,0.0,0.0,,0.0,0.0,0.0,0.0,,0.0,0.0,,0.0,0.0,0.0,0.0,0.0,0.0,0.0,0.0,0.0,0.0,1.8,2.8,00-0036894,FreiPa00,4361411,Pat Freiermuth,1998-10-25,77.0,258.0,Penn State,2021.0,2.0,55.0,PIT,2021,6,17.0,0.0,32.0,0.0,0.07470588235294118,2025.0,Pat Freiermuth,PIT,27.0,TE,17.0,8.0,54.0,41.0,486.0,,21.0,231.0,5.6,255.0,6.2,6.0,3.0,13.7,0.0,0.0,1.0,119.8,2026-02-11,,,,,,,,,,,,,,,,,,,,,,,,,,,,,,,,,,,,,,,,,,,,,,,,,,,,,,,,,,,,,,,,,,,,,,,,,,,,,15,6.1,1.6,3,1,1
2025,T.J. Hockenson,T.Hockenson,00-0035229,MIN,TE,TE,26.0,15,112.80000000000001,7.5200000000000005,61.800000000000004,51.00000000000001,51,66,438,3,0.14102564102564102,0.08756986957678999,0.27283737024221455,1,0,0,0,0,0,0,0,691.0,0.7793333333333333,0.16324167872648337,7.52,4.039660523219388,15.9,0,TE,"https://static.www.nfl.com/image/upload/f_auto,q_auto/league/rs8o65x0u0n9xzde0fd6",REG,0,0,0,0,0,0,0,,,0,,0,0,0,0,0,0,0,-1.1067849059472792,0,0,0,0,0,0,0,329,219,22,14.095465457870558,0,19,4,3,0,1.331306990881459,0,1,0,0,0,0,0,0.0,0.0,0,0,0,0,0,0,0,0,0,0,0,0,0,0,0,0,0,0,3,20,0,0,0,0,0,0,0,0,0,0,0,0,0,,,0,0,0,0,0,0,0,0,0,0,0,0,,,,0,0,0,0,0,0,0,,0,0,0,0,,0,0,,0,0,0,0,0,0,0,0,0,0,,,,,,,,,,,,,,,,,,,,,,,,,,,,,,,,,,,,,,,,,,,,,,,,,,,,,,,,,,,,,,,,,,,,,,,,,,,,,,,,,,,,,,,,,,,,,,,,,,,,,,,,,,,,,,,,,,,,,,,,,,,,,,,,,,,,,,,,,,,,,,,,,,,,00-0035229,HockTJ00,4036133,T.J. Hockenson,1997-07-03,77.0,248.0,Iowa,2019.0,1.0,8.0,DET,2019,8,15.0,0.0,1.0,0.0,0.002,2025.0,TJ Hockenson,MIN,28.0,TE,15.0,15.0,66.0,51.0,438.0,,22.0,219.0,4.3,219.0,4.3,5.2,2.0,25.5,3.0,0.045,0.0,109.3,2026-02-11,2025.0,TJ Hockenson,MIN,28.0,TE,15.0,15.0,1.0,0.0,,0.0,0.0,0.0,0.0,0.0,0.0,,2026-02-11,,,,,,,,,,,,,,,,,,,,,,,,,,,,,,,,,,,,,,,,,,,,,,,,,,,,,,,,,,,15,7.9,1.2,4,1,0
2025,Sam LaPorta,S.LaPorta,00-0039065,DET,TE,TE,27.0,9,106.9,11.877777777777778,66.9,40.0,40,49,489,3,0.0890909090909091,0.07422293676312969,0.18559241937055443,0,0,0,0,0,0,0,0,517.0,0.9066666666666667,0.2067698259187621,11.877777777777778,6.454219119649135,21.700000000000003,2,TE,"https://static.www.nfl.com/image/upload/f_auto,q_auto/league/wxlk7ysg2nfq6h6ntdcu",REG,0,0,0,0,0,0,0,,,0,,0,0,0,0,0,0,0,,0,0,0,0,0,0,0,277,274,23,36.4278423127509,0,19,8,6,1,1.7653429602888087,0,1,0,0,0,0,0,0.0,0.0,0,0,0,0,0,0,0,0,0,0,0,0,0,0,0,0,0,0,1,5,0,0,0,0,0,0,0,0,0,0,0,0,0,,,0,0,0,0,0,0,0,0,0,0,0,0,,,,0,0,0,0,0,0,0,,0,0,0,0,,0,0,,0,0,0,0,0,0,0,0,0,0,,,,,,,,,,,,,,,,,,,,,,,,,,,,,,,,,,,,,,,,,,,,,,,,,,,,,,,,,,,,,,,,,,,,,,,,,,,,,,,,,,,,,,,,,,,,,,,,,,,,,,,,,,,,,,,,,,,,,,,,,,,,,,,,,,,,,,,,,,,,,,,,,,,,00-0039065,LaPoSa01,4430027,Sam LaPorta,2001-01-12,75.0,245.0,Iowa,2023.0,2.0,34.0,DET,2023,4,9.0,0.0,5.0,0.0,0.01888888888888889,2025.0,Sam LaPorta,DET,24.0,TE,9.0,9.0,49.0,40.0,489.0,,23.0,215.0,5.4,274.0,6.9,5.7,5.0,8.0,0.0,0.0,0.0,128.7,2026-02-11,,,,,,,,,,,,,,,,,,,,,,,,,,,,,,,,,,,,,,,,,,,,,,,,,,,,,,,,,,,,,,,,,,,,,,,,,,,,,9,10.3,4.5,5,3,0
2025,Dawson Knox,D.Knox,00-0035689,BUF,TE,TE,28.0,16,103.7,6.48125,67.7,36.0,36,49,417,4,0.1022964509394572,0.09103486441615938,0.21716908150049735,0,0,0,0,0,0,0,0,653.0,0.5829411764705883,0.15880551301684534,6.48125,5.224712910773184,18.7,0,TE,"https://static.www.nfl.com/image/upload/f_auto,q_auto/league/k8bi9ppahwfmoxs8ij4w",REG,0,0,0,0,0,0,0,,,0,,0,0,0,0,0,0,0,,0,0,0,0,0,0,0,329,183,23,17.47968111890089,1,18,9,5,0,1.2674772036474165,0,1,0,0,0,0,0,0.0,0.0,0,0,0,0,0,0,0,0,0,0,0,0,0,0,0,0,0,0,1,10,0,0,0,0,0,0,0,0,0,0,0,0,0,,,0,0,0,0,0,0,0,0,0,0,0,0,,,,0,0,0,0,0,0,0,,0,0,0,0,,0,0,,0,0,0,0,0,0,0,0,0,0,D.Knox,Dawson Knox,TE,TE,"https://static.www.nfl.com/image/upload/f_auto,q_auto/league/k8bi9ppahwfmoxs8ij4w",2025.0,POST,BUF,2.0,0.0,0.0,0.0,0.0,0.0,0.0,0.0,0.0,0.0,0.0,0.0,0.0,,,0.0,,0.0,0.0,0.0,0.0,0.0,0.0,0.0,0.0,0.0,0.0,,0.0,0.0,0.0,0.0,0.0,6.0,8.0,62.0,0.0,0.0,0.0,60.0,26.0,3.0,1.2731253843713217,0.0,3.0,1.0,1.0,0.0,1.0333333333333334,0.10810810810810811,0.09419152276295134,0.2280962280962281,0.0,0.0,0.0,0.0,0.0,0.0,0.0,0.0,0.0,0.0,0.0,0.0,0.0,0.0,0.0,0.0,0.0,0.0,0.0,0.0,0.0,0.0,0.0,0.0,0.0,0.0,0.0,1.0,4.0,0.0,0.0,0.0,0.0,0.0,0.0,0.0,0.0,0.0,0.0,0.0,0.0,0.0,,,0.0,0.0,0.0,0.0,0.0,0.0,0.0,0.0,0.0,0.0,0.0,0.0,,,,0.0,0.0,0.0,0.0,0.0,0.0,0.0,,0.0,0.0,0.0,0.0,,0.0,0.0,,0.0,0.0,0.0,0.0,0.0,0.0,0.0,0.0,0.0,0.0,6.2,12.2,00-0035689,KnoxDa00,3930086,Dawson Knox,1996-11-14,76.0,254.0,Mississippi,2019.0,3.0,96.0,BUF,2019,8,17.0,0.0,1.0,0.0,0.0023529411764705885,2025.0,Dawson Knox,BUF,29.0,TE,17.0,12.0,49.0,36.0,417.0,,23.0,234.0,6.5,183.0,5.1,6.7,0.0,,2.0,0.040999999999999995,2.0,109.0,2026-02-11,,,,,,,,,,,,,,,,,,,,,,,,,,,,,,,,,,,,,,,,,,,,,,,,,,,,,,,,,,,,,,,,,,,,,,,,,,,,,16,4.35,0.0,3,2,0
2025,Evan Engram,E.Engram,00-0033881,DEN,TE,TE,29.0,16,102.80000000000001,6.425000000000001,52.800000000000004,50.00000000000001,50,76,461,1,0.13013698630136986,0.07375222816399286,0.24683203916684981,1,7,0,0,0,0,0,0,458.0,0.42125,0.22445414847161574,6.425,3.9116066605253996,13.9,0,TE,"https://static.www.nfl.com/image/upload/f_auto,q_auto/league/nucl2dxmpvhlywhyro8o",REG,0,0,0,0,0,0,0,,,0,,0,0,0,0,0,0,0,0.25443235179409385,0,0,0,0,0,0,0,331,302,19,3.4912804323574496,0,17,6,4,1,1.392749244712991,0,0,0,0,0,0,0,0.0,0.0,0,0,0,0,0,0,0,0,0,0,0,0,0,0,0,0,0,0,2,15,0,0,0,0,0,0,0,0,0,0,0,0,0,,,0,0,0,0,0,0,0,0,0,0,0,0,,,,0,0,0,0,0,0,0,,0,0,0,0,,0,0,,0,0,0,0,0,0,0,0,0,0,E.Engram,Evan Engram,TE,TE,"https://static.www.nfl.com/image/upload/f_auto,q_auto/league/nucl2dxmpvhlywhyro8o",2025.0,POST,DEN,2.0,0.0,0.0,0.0,0.0,0.0,0.0,0.0,0.0,0.0,0.0,0.0,0.0,,,0.0,,0.0,0.0,0.0,0.0,0.0,0.0,0.0,0.0,0.0,0.0,,0.0,0.0,0.0,0.0,0.0,3.0,6.0,26.0,0.0,0.0,0.0,17.0,17.0,1.0,-6.21525957207302,0.0,1.0,0.0,0.0,0.0,1.5294117647058822,0.08695652173913043,0.03490759753593429,0.15487010088384964,0.0,0.0,0.0,0.0,0.0,0.0,0.0,0.0,0.0,0.0,0.0,0.0,0.0,0.0,0.0,0.0,0.0,0.0,0.0,0.0,0.0,0.0,0.0,0.0,0.0,0.0,0.0,0.0,0.0,0.0,0.0,0.0,0.0,0.0,0.0,0.0,0.0,0.0,0.0,0.0,0.0,0.0,,,0.0,0.0,0.0,0.0,0.0,0.0,0.0,0.0,0.0,0.0,0.0,0.0,,,,0.0,0.0,0.0,0.0,0.0,0.0,0.0,,0.0,0.0,0.0,0.0,,0.0,0.0,,0.0,0.0,0.0,0.0,0.0,0.0,0.0,0.0,0.0,0.0,2.6,5.6,00-0033881,EngrEv00,3051876,Evan Engram,1994-09-02,75.0,240.0,Mississippi,2017.0,1.0,23.0,NYG,2017,10,16.0,0.0,0.0,0.0,0.0,2025.0,Evan Engram,DEN,31.0,TE,16.0,2.0,76.0,50.0,461.0,,19.0,159.0,3.2,302.0,6.0,4.4,2.0,25.0,8.0,0.105,0.0,86.6,2026-02-11,2025.0,Evan Engram,DEN,31.0,TE,16.0,2.0,1.0,7.0,,0.0,6.0,6.0,1.0,1.0,0.0,,2026-02-11,,,,,,,,,,,,,,,,,,,,,,,,,,,,,,,,,,,,,,,,,,,,,,,,,,,,,,,,,,,16,6.5,0.0,2,0,0
2025,Jake Tonges,J.Tonges,00-0037112,SF,TE,TE,30.0,10,93.3,9.33,59.3,34.0,34,46,293,5,0.08363636363636363,0.0542364990689013,0.16342009480277636,0,0,0,0,0,0,0,0,399.0,0.3317647058823529,0.2338345864661654,9.330000000000002,6.441195541201959,19.0,0,TE,"https://static.www.nfl.com/image/upload/f_auto,q_auto/league/z6goxhdhfc2m0rmwvtbl",REG,0,0,0,0,0,0,0,,,0,,0,0,0,0,0,0,0,,0,0,0,0,0,0,0,233,143,21,14.216050249422594,0,13,4,2,0,1.257510729613734,0,5,0,3,0,0,0,0.0,0.0,0,0,0,0,0,0,0,0,0,0,0,0,0,0,0,1,0,0,1,10,0,0,0,0,0,0,0,0,0,0,0,0,0,,,0,0,0,0,0,0,0,0,0,0,0,0,,,,0,0,0,0,0,0,0,,0,0,0,0,,0,0,,0,0,0,0,0,0,0,0,0,0,J.Tonges,Jake Tonges,TE,TE,"https://static.www.nfl.com/image/upload/f_auto,q_auto/league/z6goxhdhfc2m0rmwvtbl",2025.0,POST,SF,2.0,0.0,0.0,0.0,0.0,0.0,0.0,0.0,0.0,0.0,0.0,0.0,0.0,,,0.0,,0.0,0.0,0.0,0.0,0.0,0.0,0.0,0.0,0.0,0.0,,0.0,0.0,0.0,0.0,0.0,6.0,9.0,73.0,0.0,1.0,1.0,87.0,29.0,5.0,-2.3448418428888544,0.0,5.0,1.0,0.0,0.0,0.8390804597701149,0.15789473684210525,0.16926070038910507,0.3553245955355314,0.0,1.0,0.0,0.0,0.0,0.0,0.0,0.0,0.0,0.0,0.0,0.0,0.0,0.0,0.0,0.0,0.0,0.0,0.0,0.0,0.0,0.0,0.0,0.0,0.0,0.0,0.0,0.0,0.0,1.0,0.0,0.0,1.0,1.0,0.0,0.0,0.0,0.0,0.0,0.0,0.0,0.0,,,0.0,0.0,0.0,0.0,0.0,0.0,0.0,0.0,0.0,0.0,0.0,0.0,,,,0.0,0.0,0.0,0.0,0.0,0.0,0.0,,0.0,0.0,0.0,0.0,,0.0,0.0,,0.0,0.0,0.0,0.0,0.0,0.0,0.0,0.0,0.0,0.0,5.300000000000001,11.3,00-0037112,TongJa00,4259147,Jake Tonges,1999-07-08,76.0,240.0,California,,,,,2022,4,17.0,0.0,232.0,0.0,0.538235294117647,2025.0,Jake Tonges,SF,26.0,TE,17.0,2.0,46.0,34.0,293.0,,21.0,150.0,4.4,143.0,4.2,5.1,1.0,34.0,0.0,0.0,0.0,126.4,2026-02-11,,,,,,,,,,,,,,,,,,,,,,,,,,,,,,,,,,,,,,,,,,,,,,,,,,,,,,,,,,,,,,,,,,,,,,,,,,,,,10,8.85,0.0,5,2,0
2025,Gunnar Helm,G.Helm,00-0040584,TEN,TE,TE,31.0,16,91.7,5.73125,47.7,44.0,44,55,357,2,0.10377358490566038,0.07548579970104634,0.208500437149223,0,0,0,0,0,0,0,0,533.0,0.525625,0.17204502814258912,5.73125,3.9886035568019715,14.9,0,TE,"https://static.www.nfl.com/image/upload/f_auto,q_auto/league/hewm6ztgka7xkbl6ybvb",REG,0,0,0,0,0,0,0,,,0,,0,0,0,0,0,0,0,,0,0,0,0,0,0,0,303,159,17,3.83447882574768,0,14,4,2,0,1.1782178217821782,0,1,0,0,0,0,0,0.0,0.0,0,0,0,0,0,0,0,0,0,0,0,0,0,0,0,0,0,0,2,10,0,0,0,0,0,0,0,0,0,0,0,0,0,,,0,0,0,0,0,0,0,0,0,0,0,0,,,,0,0,0,0,0,0,0,,0,0,0,0,,0,0,,0,0,0,0,0,0,0,0,0,0,,,,,,,,,,,,,,,,,,,,,,,,,,,,,,,,,,,,,,,,,,,,,,,,,,,,,,,,,,,,,,,,,,,,,,,,,,,,,,,,,,,,,,,,,,,,,,,,,,,,,,,,,,,,,,,,,,,,,,,,,,,,,,,,,,,,,,,,,,,,,,,,,,,,00-0040584,HelmGu00,4686728,Gunnar Helm,2002-09-06,77.0,241.0,Texas,2025.0,4.0,120.0,TEN,2025,2,16.0,0.0,129.0,0.0,0.29,2025.0,Gunnar Helm,TEN,23.0,TE,16.0,10.0,55.0,44.0,357.0,,17.0,198.0,4.5,159.0,3.6,5.6,0.0,,2.0,0.036000000000000004,0.0,105.8,2026-02-11,,,,,,,,,,,,,,,,,,,,,,,,,,,,,,,,,,,,,,,,,,,,,,,,,,,,,,,,,,,,,,,,,,,,,,,,,,,,,16,4.6,1.1,3,0,0
2025,Mason Taylor,M.Taylor,00-0040736,NYJ,TE,TE,32.0,13,88.9,6.838461538461539,44.9,44.00000000000001,44,65,369,1,0.13771186440677965,0.11016451233842538,0.28368295524706727,0,0,0,0,0,0,0,0,654.0,0.8107692307692307,0.13593272171253823,6.838461538461539,5.198483506680652,17.7,0,TE,"https://static.www.nfl.com/image/upload/f_auto,q_auto/league/xittx9gih104lw1atfiv",REG,0,0,0,0,0,0,0,,,0,,0,0,0,0,0,0,0,,0,0,0,0,0,0,0,375,133,23,9.6960507314217,1,17,2,2,0,0.984,0,0,0,0,0,0,0,0.0,0.0,0,0,0,0,0,0,0,0,0,0,0,0,0,1,0,0,0,0,2,10,0,0,0,0,0,0,0,0,0,0,0,0,0,,,0,0,0,0,0,0,0,0,0,0,0,0,,,,0,0,0,0,0,0,0,,0,0,0,0,,0,0,,0,0,0,0,0,0,0,0,0,0,,,,,,,,,,,,,,,,,,,,,,,,,,,,,,,,,,,,,,,,,,,,,,,,,,,,,,,,,,,,,,,,,,,,,,,,,,,,,,,,,,,,,,,,,,,,,,,,,,,,,,,,,,,,,,,,,,,,,,,,,,,,,,,,,,,,,,,,,,,,,,,,,,,,00-0040736,TaylMa02,4808766,Mason Taylor,2004-05-08,77.0,251.0,LSU,2025.0,2.0,42.0,NYJ,2025,2,13.0,0.0,3.0,0.0,0.006923076923076922,2025.0,Mason Taylor,NYJ,21.0,TE,13.0,11.0,65.0,44.0,369.0,,23.0,236.0,5.4,133.0,3.0,5.9,0.0,,8.0,0.12300000000000001,1.0,80.9,2026-02-11,,,,,,,,,,,,,,,,,,,,,,,,,,,,,,,,,,,,,,,,,,,,,,,,,,,,,,,,,,,,,,,,,,,,,,,,,,,,,13,5.8,1.2,4,1,0
2025,Darren Waller,D.Waller,00-0031610,MIA,TE,TE,33.0,9,88.7,9.855555555555556,64.7,24.0,24,34,283,6,0.0735930735930736,0.1067816775728733,0.1851367846906217,1,4,0,0,0,0,0,0,232.0,0.44999999999999996,0.38232758620689655,9.855555555555556,8.907315969346646,25.6,1,TE,"https://static.www.nfl.com/image/upload/f_auto,q_auto/league/loyehiyzcu2lexjk7plq",REG,0,0,0,0,0,0,0,,,0,,0,0,0,0,0,0,1,0.36744584736879915,0,0,0,0,0,0,0,359,73,19,28.266235016621184,0,11,5,5,0,0.7883008356545961,0,0,0,0,0,0,0,0.0,0.0,0,0,0,0,0,0,0,0,0,0,0,0,0,0,0,0,0,0,1,5,0,0,0,0,0,0,0,0,0,0,0,0,0,,,0,0,0,0,0,0,0,0,0,0,0,0,,,,0,0,0,0,0,0,0,,0,0,0,0,,0,0,,0,0,0,0,0,0,0,0,0,0,,,,,,,,,,,,,,,,,,,,,,,,,,,,,,,,,,,,,,,,,,,,,,,,,,,,,,,,,,,,,,,,,,,,,,,,,,,,,,,,,,,,,,,,,,,,,,,,,,,,,,,,,,,,,,,,,,,,,,,,,,,,,,,,,,,,,,,,,,,,,,,,,,,,00-0031610,WallDa01,2576925,Darren Waller,1992-09-13,78.0,245.0,Georgia Tech,2015.0,6.0,204.0,BAL,2015,9,9.0,0.0,2.0,0.0,0.008888888888888889,2025.0,Darren Waller,MIA,33.0,TE,9.0,3.0,34.0,24.0,283.0,,19.0,210.0,8.8,73.0,3.0,10.6,0.0,,0.0,0.0,0.0,135.2,2026-02-11,2025.0,Darren Waller,MIA,33.0,TE,9.0,3.0,1.0,4.0,,1.0,1.0,1.0,3.0,3.0,0.0,,2026-02-11,,,,,,,,,,,,,,,,,,,,,,,,,,,,,,,,,,,,,,,,,,,,,,,,,,,,,,,,,,,9,7.0,0.0,3,3,1
2025,David Njoku,D.Njoku,00-0033885,CLE,TE,TE,34.0,11,86.3,7.845454545454545,53.3,33.0,33,48,293,4,0.09195402298850575,0.06684280052840158,0.1847209948526397,0,0,0,0,0,0,0,0,514.0,0.6391666666666667,0.1678988326848249,7.845454545454545,5.045069600384843,18.7,0,TE,"https://static.www.nfl.com/image/upload/f_auto,q_auto/league/y4g1iayqrbrhdvkqywpx",REG,0,0,0,0,0,0,0,,,0,,0,0,0,0,0,0,0,,0,0,0,0,0,0,0,253,160,11,-3.614772343487779,0,12,4,2,0,1.158102766798419,0,0,0,0,0,0,0,0.0,0.0,0,0,0,0,0,0,0,0,0,0,0,0,0,0,0,0,0,0,0,0,0,0,0,0,0,0,0,0,0,0,0,0,0,,,0,0,0,0,0,0,0,0,0,0,0,0,,,,0,0,0,0,0,0,0,,0,0,0,0,,0,0,,0,0,0,0,0,0,0,0,0,0,,,,,,,,,,,,,,,,,,,,,,,,,,,,,,,,,,,,,,,,,,,,,,,,,,,,,,,,,,,,,,,,,,,,,,,,,,,,,,,,,,,,,,,,,,,,,,,,,,,,,,,,,,,,,,,,,,,,,,,,,,,,,,,,,,,,,,,,,,,,,,,,,,,,00-0033885,NjokDa00,3123076,David Njoku,1996-07-10,76.0,246.0,Miami,2017.0,1.0,29.0,CLE,2017,12,12.0,0.0,0.0,0.0,0.0,2025.0,David Njoku,CLE,29.0,TE,12.0,11.0,48.0,33.0,293.0,,11.0,133.0,4.0,160.0,4.8,5.3,3.0,11.0,1.0,0.021,2.0,95.2,2026-02-11,,,,,,,,,,,,,,,,,,,,,,,,,,,,,,,,,,,,,,,,,,,,,,,,,,,,,,,,,,,,,,,,,,,,,,,,,,,,,11,7.1,1.7000000000000002,3,1,0
2025,Jonnu Smith,J.Smith,00-0033858,PIT,TE,TE,35.0,17,85.2,5.011764705882353,47.2,38.0,38,54,222,2,0.10344827586206896,0.07134146341463414,0.20511143818334734,9,70,1,0,0,0,0,0,536.0,0.5270588235294118,0.15895522388059702,5.011764705882353,3.916452851902659,12.5,0,TE,"https://static.www.nfl.com/image/upload/f_auto,q_auto/league/egd6llghj3n5wfdrqacw",REG,0,0,0,0,0,0,0,,,0,,0,0,0,0,0,0,3,3.8470233874977566,0,3,2,1,0,1,0,234,179,10,0.5417074629644316,0,6,1,1,0,0.9487179487179487,0,0,0,0,0,0,0,0.0,0.0,0,0,0,0,0,0,0,0,0,0,0,0,0,1,0,0,0,0,4,30,1,0,1,1,0,0,0,0,0,0,0,0,0,,,0,0,0,0,0,0,0,0,0,0,0,0,,,,0,0,0,0,0,0,0,,0,0,0,0,,0,0,,0,0,0,0,0,0,0,0,0,0,J.Smith,Jonnu Smith,TE,TE,"https://static.www.nfl.com/image/upload/f_auto,q_auto/league/egd6llghj3n5wfdrqacw",2025.0,POST,PIT,1.0,0.0,0.0,0.0,0.0,0.0,0.0,0.0,0.0,0.0,0.0,0.0,0.0,,,0.0,,0.0,0.0,0.0,0.0,0.0,0.0,0.0,0.0,0.0,0.0,,0.0,0.0,0.0,0.0,0.0,2.0,3.0,-1.0,0.0,0.0,0.0,13.0,3.0,0.0,-1.5286354603013024,0.0,0.0,0.0,0.0,0.0,-0.07692307692307693,0.0967741935483871,0.04482758620689655,0.1765406006674082,0.0,0.0,0.0,0.0,0.0,0.0,0.0,0.0,0.0,0.0,0.0,0.0,0.0,0.0,0.0,0.0,0.0,0.0,0.0,0.0,0.0,0.0,0.0,0.0,0.0,0.0,0.0,1.0,5.0,0.0,0.0,0.0,0.0,0.0,0.0,0.0,0.0,0.0,0.0,0.0,0.0,0.0,,,0.0,0.0,0.0,0.0,0.0,0.0,0.0,0.0,0.0,0.0,0.0,0.0,,,,0.0,0.0,0.0,0.0,0.0,0.0,0.0,,0.0,0.0,0.0,0.0,,0.0,0.0,,0.0,0.0,0.0,0.0,0.0,0.0,0.0,0.0,0.0,0.0,-0.1,1.9,00-0033858,SmitJo01,3054212,Jonnu Smith,1995-08-22,75.0,248.0,Florida International,2017.0,3.0,100.0,TEN,2017,10,17.0,0.0,4.0,0.0,0.008823529411764707,2025.0,Jonnu Smith,PIT,30.0,TE,17.0,7.0,54.0,38.0,222.0,,10.0,43.0,1.1,179.0,4.7,4.3,3.0,12.7,2.0,0.037000000000000005,0.0,90.2,2026-02-11,2025.0,Jonnu Smith,PIT,30.0,TE,17.0,7.0,9.0,70.0,,3.0,29.0,3.2,41.0,4.6,3.0,3.0,2026-02-11,,,,,,,,,,,,,,,,,,,,,,,,,,,,,,,,,,,,,,,,,,,,,,,,,,,,,,,,,,,17,5.300000000000001,0.0,3,0,0
2025,Cole Kmet,C.Kmet,00-0036290,CHI,TE,TE,36.0,16,78.7,4.91875,48.7,30.0,30,48,347,2,0.09022556390977443,0.08515372168284789,0.19494595104265516,0,0,0,0,1,0,0,0,768.0,0.714375,0.10247395833333334,4.91875,3.2408267977991874,12.6,0,TE,"https://static.www.nfl.com/image/upload/f_auto,q_auto/league/ysnui8mzlu2fo70ub0yt",REG,0,0,0,0,13,0,0,-0.4927360210567713,-63.29410672187805,0,0.0,0,0,0,0,0,0,0,,0,0,0,0,0,0,0,421,149,17,13.3915385745205,1,16,9,5,0,0.8242280285035629,0,0,0,1,0,0,0,0.0,0.0,0,0,0,0,0,0,0,0,0,0,0,0,0,0,0,0,0,0,3,14,0,0,0,0,0,0,0,0,0,0,0,0,0,,,0,0,0,0,0,0,0,0,0,0,0,0,,,,0,0,0,0,0,0,0,,0,0,0,0,,0,0,,0,0,0,0,0,0,0,0,0,0,C.Kmet,Cole Kmet,TE,TE,"https://static.www.nfl.com/image/upload/f_auto,q_auto/league/ysnui8mzlu2fo70ub0yt",2025.0,POST,CHI,2.0,0.0,0.0,0.0,0.0,0.0,0.0,0.0,0.0,0.0,0.0,0.0,0.0,,,0.0,,0.0,0.0,0.0,0.0,1.0,1.0,0.0,0.0,0.0,0.0,-0.29593331541400403,0.0,0.0,0.0,0.0,0.0,3.0,5.0,31.0,1.0,0.0,0.0,33.0,8.0,2.0,-0.6185565767809749,0.0,2.0,0.0,0.0,0.0,0.9393939393939394,0.056818181818181816,0.03503184713375796,0.10974956572090329,0.0,1.0,0.0,0.0,0.0,0.0,0.0,0.0,0.0,0.0,0.0,0.0,0.0,0.0,0.0,0.0,0.0,0.0,0.0,0.0,0.0,0.0,0.0,0.0,0.0,0.0,0.0,0.0,0.0,0.0,0.0,0.0,0.0,0.0,0.0,0.0,0.0,0.0,0.0,0.0,0.0,0.0,,,0.0,0.0,0.0,0.0,0.0,0.0,0.0,0.0,0.0,0.0,0.0,0.0,,,,0.0,0.0,0.0,0.0,0.0,0.0,0.0,,0.0,0.0,0.0,0.0,,0.0,0.0,,0.0,0.0,0.0,0.0,0.0,0.0,0.0,0.0,0.0,0.0,9.2,12.2,00-0036290,KmetCo00,4258595,Cole Kmet,1999-03-10,78.0,257.0,Notre Dame,2020.0,2.0,43.0,CHI,2020,7,16.0,0.0,74.0,0.0,0.175,2025.0,Cole Kmet,CHI,26.0,TE,16.0,15.0,48.0,30.0,347.0,,17.0,198.0,6.6,149.0,5.0,8.8,2.0,15.0,2.0,0.042,1.0,89.5,2026-02-11,,,,,,,,,,,,,,,,,,,Cole Kmet,CHI,1.0,0.0,0.0,0.0,0.0,0.0,0.0,2025.0,1.4,1.0,0.0,0.0,0.0,0.0,0.0,0.0,0.0,0.0,0.0,0.0,0.0,0.0,0.0,,,13.0,13.0,0.0,,0.0,0.0,,0.0,,,,,,,,,,,,,,,,,,,,,,,,16,4.45,1.0,1,0,0
2025,Noah Fant,N.Fant,00-0035644,CIN,TE,TE,37.0,13,74.8,5.753846153846154,40.8,34.0,34,41,288,3,0.06743421052631579,0.02910558742298704,0.12152522698556462,0,0,0,0,0,0,0,0,379.0,0.3793333333333333,0.19736147757255937,5.753846153846154,4.726100468782445,14.4,0,TE,"https://static.www.nfl.com/image/upload/f_auto,q_auto/league/lijnonbrcmplvkcb5kqv",REG,0,0,0,0,0,0,0,,,0,,0,0,0,0,0,0,0,,0,0,0,0,0,3,3,137,174,13,-11.783795024300705,0,10,4,3,0,2.102189781021898,0,0,0,0,0,0,0,0.0,0.0,0,0,0,0,0,0,0,0,0,0,0,0,0,0,0,0,0,0,3,19,3,0,0,3,3,0,0,0,0,0,0,0,0,,,0,0,0,0,0,0,0,0,0,0,0,0,,,,0,0,0,0,0,0,0,,0,0,0,0,,0,0,,0,0,0,0,0,0,0,0,0,0,,,,,,,,,,,,,,,,,,,,,,,,,,,,,,,,,,,,,,,,,,,,,,,,,,,,,,,,,,,,,,,,,,,,,,,,,,,,,,,,,,,,,,,,,,,,,,,,,,,,,,,,,,,,,,,,,,,,,,,,,,,,,,,,,,,,,,,,,,,,,,,,,,,,00-0035644,FantNo00,4036131,Noah Fant,1997-11-20,76.0,249.0,Iowa,2019.0,1.0,20.0,DEN,2019,8,15.0,0.0,17.0,0.0,0.04,2025.0,Noah Fant,CIN,28.0,TE,15.0,7.0,41.0,34.0,288.0,,13.0,114.0,3.4,174.0,5.1,3.5,1.0,34.0,1.0,0.024,0.0,120.3,2026-02-11,,,,,,,,,,,,,,,,,,,,,,,,,,,,,,,,,,,,,,,,,,,,,,,,,,,,,,,,,,,,,,,,,,,,,,,,,,,,,13,5.800000000000001,-0.5,3,0,0
2025,Michael Mayer,M.Mayer,00-0039066,LV,TE,TE,38.0,13,73.80000000000001,5.676923076923078,38.800000000000004,35.00000000000001,35,50,328,1,0.10121457489878542,0.07481296758104738,0.2041909396549113,0,0,0,0,0,0,0,0,465.0,0.6176923076923077,0.15870967741935485,5.676923076923076,5.60240333043981,17.9,0,TE,"https://static.www.nfl.com/image/upload/f_auto,q_auto/league/twnkr9uq1phvukxb5jmh",REG,0,0,0,0,0,0,0,,,0,,0,0,0,0,0,0,0,,0,0,0,0,0,1,0,240,196,18,-9.841838261948396,0,17,5,3,0,1.3666666666666667,0,8,0,1,0,0,0,0.0,0.0,0,0,0,0,0,0,0,0,0,0,0,0,0,0,0,0,0,0,1,5,1,0,1,1,0,0,0,0,0,0,0,0,0,,,0,0,0,0,0,0,0,0,0,0,0,0,,,,0,0,0,0,0,0,0,,0,0,0,0,,0,0,,0,0,0,0,0,0,0,0,0,0,,,,,,,,,,,,,,,,,,,,,,,,,,,,,,,,,,,,,,,,,,,,,,,,,,,,,,,,,,,,,,,,,,,,,,,,,,,,,,,,,,,,,,,,,,,,,,,,,,,,,,,,,,,,,,,,,,,,,,,,,,,,,,,,,,,,,,,,,,,,,,,,,,,,00-0039066,MayeMi00,4429086,Michael Mayer,2001-07-06,76.0,256.0,Notre Dame,2023.0,2.0,35.0,LV,2023,4,13.0,0.0,86.0,0.0,0.2623076923076923,2025.0,Michael Mayer,LV,24.0,TE,13.0,12.0,50.0,35.0,328.0,,18.0,132.0,3.8,196.0,5.6,4.8,1.0,35.0,1.0,0.02,3.0,69.4,2026-02-11,,,,,,,,,,,,,,,,,,,,,,,,,,,,,,,,,,,,,,,,,,,,,,,,,,,,,,,,,,,,,,,,,,,,,,,,,,,,,13,4.3,0.0,2,2,0
2025,Darnell Washington,D.Washington,00-0038558,PIT,TE,TE,39.0,13,73.4,5.6461538461538465,42.4,31.000000000000007,31,43,364,1,0.08237547892720307,0.07378048780487804,0.17520955985421924,0,0,0,0,0,0,0,0,546.0,0.5725,0.13443223443223445,5.6461538461538465,2.9136504550750377,10.7,0,TE,"https://static.www.nfl.com/image/upload/f_auto,q_auto/league/inwx7uipfktapaump5pj",REG,0,0,0,0,0,0,0,,,0,,0,0,0,0,0,0,0,,0,0,0,0,0,2,1,242,229,16,14.642507879660233,1,19,6,3,0,1.5041322314049588,0,0,0,0,0,0,0,0.0,0.0,0,0,0,0,0,0,0,0,0,0,0,0,0,0,0,0,0,0,1,10,2,0,1,2,1,0,0,0,0,0,0,0,0,,,0,0,0,0,0,0,0,0,0,0,0,0,,,,0,0,0,0,0,0,0,,0,0,0,0,,0,0,,0,0,0,0,0,0,0,0,0,0,,,,,,,,,,,,,,,,,,,,,,,,,,,,,,,,,,,,,,,,,,,,,,,,,,,,,,,,,,,,,,,,,,,,,,,,,,,,,,,,,,,,,,,,,,,,,,,,,,,,,,,,,,,,,,,,,,,,,,,,,,,,,,,,,,,,,,,,,,,,,,,,,,,,00-0038558,WashDa03,4430802,Darnell Washington,2001-08-17,79.0,265.0,Georgia,2023.0,3.0,93.0,PIT,2023,4,16.0,0.0,116.0,0.0,0.2725,2025.0,Darnell Washington,PIT,24.0,TE,16.0,13.0,43.0,31.0,364.0,,16.0,135.0,4.4,229.0,7.4,5.4,4.0,7.8,4.0,0.09300000000000001,1.0,95.5,2026-02-11,,,,,,,,,,,,,,,,,,,,,,,,,,,,,,,,,,,,,,,,,,,,,,,,,,,,,,,,,,,,,,,,,,,,,,,,,,,,,13,5.0,2.0,1,0,0
2025,Tyler Higbee,T.Higbee,00-0033110,LA,TE,TE,40.0,10,71.1,7.109999999999999,46.1,24.999999999999993,25,36,281,3,0.06196213425129088,0.0394356005788712,0.12054812178214616,0,0,0,0,0,0,0,0,366.0,0.5549999999999999,0.19426229508196718,7.109999999999999,6.277906586682468,20.1,1,TE,"https://static.www.nfl.com/image/upload/f_auto,q_auto/league/x1d4osiefibd04df6gow",REG,0,0,0,0,0,0,0,,,0,,0,0,0,0,0,0,0,,0,0,0,0,0,0,0,218,140,17,9.385244991299643,0,12,8,6,0,1.2889908256880733,0,0,0,0,0,0,0,0.0,0.0,0,0,0,0,0,0,0,0,0,0,0,0,0,0,0,0,0,0,3,25,0,0,0,0,0,0,0,0,0,0,0,0,0,,,0,0,0,0,0,0,0,0,0,0,0,0,,,,0,0,0,0,0,0,0,,0,0,0,0,,0,0,,0,0,0,0,0,0,0,0,0,0,T.Higbee,Tyler Higbee,TE,TE,"https://static.www.nfl.com/image/upload/f_auto,q_auto/league/x1d4osiefibd04df6gow",2025.0,POST,LA,3.0,0.0,0.0,0.0,0.0,0.0,0.0,0.0,0.0,0.0,0.0,0.0,0.0,,,0.0,,0.0,0.0,0.0,0.0,0.0,0.0,0.0,0.0,0.0,0.0,,0.0,0.0,0.0,0.0,0.0,4.0,6.0,84.0,0.0,0.0,0.0,73.0,34.0,3.0,1.1244571594288573,0.0,3.0,2.0,2.0,0.0,1.1506849315068493,0.05172413793103448,0.05415430267062315,0.11549421876598792,0.0,0.0,0.0,0.0,0.0,0.0,0.0,0.0,0.0,0.0,0.0,0.0,0.0,0.0,0.0,0.0,0.0,0.0,0.0,0.0,0.0,0.0,0.0,0.0,0.0,0.0,0.0,0.0,0.0,0.0,0.0,0.0,0.0,0.0,0.0,0.0,0.0,0.0,0.0,0.0,0.0,0.0,,,0.0,0.0,0.0,0.0,0.0,0.0,0.0,0.0,0.0,0.0,0.0,0.0,,,,0.0,0.0,0.0,0.0,0.0,0.0,0.0,,0.0,0.0,0.0,0.0,,0.0,0.0,,0.0,0.0,0.0,0.0,0.0,0.0,0.0,0.0,0.0,0.0,8.4,12.4,00-0033110,HigbTy00,2573401,Tyler Higbee,1993-01-01,78.0,253.0,Western Kentucky,2016.0,4.0,110.0,LA,2016,11,10.0,0.0,5.0,0.0,0.018,2025.0,Tyler Higbee,LA,32.0,TE,10.0,8.0,36.0,25.0,281.0,,17.0,141.0,5.6,140.0,5.6,5.9,0.0,,3.0,0.083,0.0,120.3,2026-02-11,,,,,,,,,,,,,,,,,,,,,,,,,,,,,,,,,,,,,,,,,,,,,,,,,,,,,,,,,,,,,,,,,,,,,,,,,,,,,10,5.6000000000000005,0.0,3,1,0
2025,Mike Gesicki,M.Gesicki,00-0034829,CIN,TE,TE,41.0,12,70.7,5.891666666666667,42.7,28.0,28,42,307,2,0.06907894736842106,0.0888039090715955,0.16578115740274843,0,0,0,0,0,0,0,0,321.0,0.3853846153846154,0.22024922118380064,5.891666666666667,5.580560143493798,20.6,1,TE,"https://static.www.nfl.com/image/upload/f_auto,q_auto/league/dykckg6we3cnw9yhpggi",REG,0,0,0,0,0,0,0,,,0,,0,0,0,0,0,0,0,,0,0,0,0,0,0,0,418,63,19,4.384700206181267,0,16,3,2,0,0.7344497607655502,0,1,0,0,0,0,0,0.0,0.0,0,0,0,0,0,0,0,0,0,0,0,0,0,0,0,0,0,0,1,5,0,0,0,0,0,0,0,0,0,0,0,0,0,,,0,0,0,0,0,0,0,0,0,0,0,0,,,,0,0,0,0,0,0,0,,0,0,0,0,,0,0,,0,0,0,0,0,0,0,0,0,0,,,,,,,,,,,,,,,,,,,,,,,,,,,,,,,,,,,,,,,,,,,,,,,,,,,,,,,,,,,,,,,,,,,,,,,,,,,,,,,,,,,,,,,,,,,,,,,,,,,,,,,,,,,,,,,,,,,,,,,,,,,,,,,,,,,,,,,,,,,,,,,,,,,,00-0034829,GesiMi00,3116164,Mike Gesicki,1995-10-03,78.0,245.0,Penn State,2018.0,2.0,42.0,MIA,2018,9,13.0,0.0,0.0,0.0,0.0,2025.0,Mike Gesicki,CIN,30.0,TE,13.0,2.0,42.0,28.0,307.0,,19.0,244.0,8.7,63.0,2.3,10.0,0.0,,1.0,0.024,3.0,74.2,2026-02-11,,,,,,,,,,,,,,,,,,,,,,,,,,,,,,,,,,,,,,,,,,,,,,,,,,,,,,,,,,,,,,,,,,,,,,,,,,,,,12,3.7,1.6,2,1,0
2025,Tommy Tremble,T.Tremble,00-0037005,CAR,TE,TE,42.0,15,63.900000000000006,4.260000000000001,36.900000000000006,27.0,27,37,249,2,0.07708333333333334,0.0472463768115942,0.14869746376811593,0,0,0,0,0,0,0,0,636.0,0.6011764705882353,0.10047169811320755,4.260000000000001,4.541365433435192,15.2,0,TE,"https://static.www.nfl.com/image/upload/f_auto,q_auto/league/t7wjikfv09d3o1q7wjdx",REG,0,0,0,0,0,0,0,,,0,,0,0,0,0,0,0,0,,0,0,0,0,0,0,0,163,164,10,8.249095956303686,0,6,3,1,1,1.5276073619631902,0,2,0,0,0,0,0,0.0,0.0,0,0,0,0,0,0,0,0,0,0,0,0,0,0,0,0,0,0,3,20,0,0,0,0,0,0,0,0,0,0,0,0,0,,,0,0,0,0,0,0,0,0,0,0,0,0,,,,0,0,0,0,0,0,0,,0,0,0,0,,0,0,,0,0,0,0,0,0,0,0,0,0,T.Tremble,Tommy Tremble,TE,TE,"https://static.www.nfl.com/image/upload/f_auto,q_auto/league/t7wjikfv09d3o1q7wjdx",2025.0,POST,CAR,1.0,0.0,0.0,0.0,0.0,0.0,0.0,0.0,0.0,0.0,0.0,0.0,0.0,,,0.0,,0.0,0.0,0.0,0.0,0.0,0.0,0.0,0.0,0.0,0.0,,0.0,0.0,0.0,0.0,0.0,3.0,3.0,22.0,0.0,0.0,0.0,8.0,14.0,1.0,0.5698464709192892,0.0,1.0,0.0,0.0,0.0,2.75,0.08108108108108109,0.021917808219178082,0.13696408737504628,0.0,0.0,0.0,0.0,0.0,0.0,0.0,0.0,0.0,0.0,0.0,0.0,0.0,0.0,0.0,0.0,0.0,0.0,0.0,0.0,0.0,0.0,0.0,0.0,0.0,0.0,0.0,0.0,0.0,0.0,0.0,0.0,0.0,0.0,0.0,0.0,0.0,0.0,0.0,0.0,0.0,0.0,,,0.0,0.0,0.0,0.0,0.0,0.0,0.0,0.0,0.0,0.0,0.0,0.0,,,,0.0,0.0,0.0,0.0,0.0,0.0,0.0,,0.0,0.0,0.0,0.0,,0.0,0.0,,0.0,0.0,0.0,0.0,0.0,0.0,0.0,0.0,0.0,0.0,2.2,5.2,00-0037005,TremTo00,4372780,Tommy Tremble,2000-06-02,76.0,250.0,Notre Dame,2021.0,3.0,83.0,CAR,2021,6,17.0,0.0,95.0,0.0,0.23588235294117646,2025.0,Tommy Tremble,CAR,25.0,TE,17.0,16.0,37.0,27.0,249.0,,10.0,85.0,3.1,164.0,6.1,4.4,0.0,,2.0,0.054000000000000006,0.0,109.0,2026-02-11,,,,,,,,,,,,,,,,,,,,,,,,,,,,,,,,,,,,,,,,,,,,,,,,,,,,,,,,,,,,,,,,,,,,,,,,,,,,,15,1.7000000000000002,0.0,2,1,0
2025,Greg Dulcich,G.Dulcich,00-0037252,MIA,TE,TE,43.0,9,62.800000000000004,6.977777777777778,36.800000000000004,26.0,26,33,335,1,0.07142857142857142,0.04610350981558596,0.1394153140137673,1,-7,0,0,0,0,0,0,245.0,0.422,0.2563265306122449,6.977777777777778,3.9622524458247796,16.1,0,TE,"https://static.www.nfl.com/image/upload/f_auto,q_auto/league/kw4cwgjl4kywh6le4sfh",REG,0,0,0,0,0,0,0,,,0,,0,0,0,0,0,0,0,-1.6294796523992647,0,0,0,0,0,1,1,155,199,14,17.511188291435364,0,14,9,7,0,2.161290322580645,0,1,0,1,0,0,0,0.0,0.0,0,0,0,0,0,0,0,0,0,0,0,0,0,0,0,0,0,0,0,0,1,0,0,1,1,0,0,0,0,0,0,0,0,,,0,0,0,0,0,0,0,0,0,0,0,0,,,,0,0,0,0,0,0,0,,0,0,0,0,,0,0,,0,0,0,0,0,0,0,0,0,0,,,,,,,,,,,,,,,,,,,,,,,,,,,,,,,,,,,,,,,,,,,,,,,,,,,,,,,,,,,,,,,,,,,,,,,,,,,,,,,,,,,,,,,,,,,,,,,,,,,,,,,,,,,,,,,,,,,,,,,,,,,,,,,,,,,,,,,,,,,,,,,,,,,,00-0037252,DulcGr00,4367209,Greg Dulcich,2000-03-26,76.0,245.0,UCLA,2022.0,3.0,80.0,DEN,2022,5,10.0,0.0,52.0,0.0,0.202,2025.0,Greg Dulcich,MIA,25.0,TE,10.0,3.0,33.0,26.0,335.0,,14.0,136.0,5.2,199.0,7.7,4.8,2.0,13.0,0.0,0.0,0.0,119.1,2026-02-11,2025.0,Greg Dulcich,MIA,25.0,TE,10.0,3.0,1.0,-7.0,,0.0,-7.0,-7.0,0.0,0.0,0.0,,2026-02-11,,,,,,,,,,,,,,,,,,,,,,,,,,,,,,,,,,,,,,,,,,,,,,,,,,,,,,,,,,,9,6.1,3.2,1,1,0
2025,Davis Allen,D.Allen,00-0039074,LA,TE,TE,44.0,15,62.8,4.1866666666666665,38.8,24.0,24,33,208,3,0.05679862306368331,0.023516642547033284,0.10165958437844827,0,0,0,0,0,0,0,0,585.0,0.5029411764705882,0.10735042735042735,4.1866666666666665,2.9269356639585338,8.8,0,TE,"https://static.www.nfl.com/image/upload/f_auto,q_auto/league/iweydtcrfchsl3mt6jtd",REG,0,0,0,0,0,0,0,,,0,,0,0,0,0,0,0,0,,0,0,0,0,0,0,0,130,137,12,5.406010492239147,0,7,3,2,0,1.6,0,0,0,1,0,0,0,0.0,0.0,0,0,0,0,0,0,0,0,0,0,0,0,0,0,0,0,0,0,3,35,0,0,0,0,0,0,0,0,0,0,0,0,0,,,0,0,0,0,0,0,0,0,0,0,0,0,,,,0,0,0,0,0,0,0,,0,0,0,0,,0,0,,0,0,0,0,0,0,0,0,0,0,,,,,,,,,,,,,,,,,,,,,,,,,,,,,,,,,,,,,,,,,,,,,,,,,,,,,,,,,,,,,,,,,,,,,,,,,,,,,,,,,,,,,,,,,,,,,,,,,,,,,,,,,,,,,,,,,,,,,,,,,,,,,,,,,,,,,,,,,,,,,,,,,,,,00-0039074,AlleDa02,4426553,Davis Allen,2001-02-03,78.0,253.0,Clemson,2023.0,5.0,175.0,LA,2023,4,17.0,0.0,211.0,0.0,0.4717647058823529,2025.0,Davis Allen,LA,24.0,TE,17.0,5.0,33.0,24.0,208.0,,12.0,71.0,3.0,137.0,5.7,3.9,2.0,12.0,3.0,0.091,0.0,119.3,2026-02-11,,,,,,,,,,,,,,,,,,,,,,,,,,,,,,,,,,,,,,,,,,,,,,,,,,,,,,,,,,,,,,,,,,,,,,,,,,,,,15,4.4,0.0,0,0,0
2025,Isaiah Likely,I.Likely,00-0037838,BAL,TE,TE,45.0,12,61.7,5.141666666666667,34.7,27.0,27,36,307,1,0.08845208845208845,0.08386908240794856,0.19138649036369665,0,0,0,0,0,0,0,0,487.0,0.5592857142857143,0.126694045174538,5.141666666666667,4.102872238573924,12.5,0,TE,"https://static.www.nfl.com/image/upload/f_auto,q_auto/league/b1pahldt9ixp9lssxi2d",REG,0,0,0,0,0,0,0,,,0,,0,0,0,0,0,0,0,,0,0,0,0,0,2,1,287,117,11,5.395420267448534,0,11,4,4,1,1.0696864111498259,0,0,0,0,0,0,0,0.0,0.0,0,0,0,0,0,0,0,0,0,0,0,0,0,1,0,0,0,0,4,29,2,0,1,2,1,0,0,0,0,0,0,0,0,,,0,0,0,0,0,0,0,0,0,0,0,0,,,,0,0,0,0,0,0,0,,0,0,0,0,,0,0,,0,0,0,0,0,0,0,0,0,0,,,,,,,,,,,,,,,,,,,,,,,,,,,,,,,,,,,,,,,,,,,,,,,,,,,,,,,,,,,,,,,,,,,,,,,,,,,,,,,,,,,,,,,,,,,,,,,,,,,,,,,,,,,,,,,,,,,,,,,,,,,,,,,,,,,,,,,,,,,,,,,,,,,,00-0037838,LikeIs00,4361050,Isaiah Likely,2000-04-18,76.0,241.0,Coastal Carolina,2022.0,4.0,139.0,BAL,2022,5,14.0,0.0,0.0,0.0,0.0,2025.0,Isaiah Likely,BAL,25.0,TE,14.0,7.0,36.0,27.0,307.0,,11.0,190.0,7.0,117.0,4.3,8.0,1.0,27.0,1.0,0.027999999999999997,0.0,109.4,2026-02-11,,,,,,,,,,,,,,,,,,,,,,,,,,,,,,,,,,,,,,,,,,,,,,,,,,,,,,,,,,,,,,,,,,,,,,,,,,,,,12,3.6,0.0,2,0,0
2025,Daniel Bellinger,D.Bellinger,00-0038115,NYG,TE,TE,46.0,13,59.6,4.584615384615384,40.6,19.0,19,26,286,2,0.05168986083499006,0.05454951933825173,0.1157194547892613,0,0,0,0,0,0,0,0,555.0,0.499375,0.10738738738738739,4.584615384615384,5.368091863633694,17.8,0,TE,"https://static.www.nfl.com/image/upload/f_auto,q_auto/league/nvabdu88h2cvroeygabo",REG,0,0,0,0,0,0,0,,,0,,0,0,0,0,0,0,0,,0,0,0,0,0,0,0,244,132,14,22.59748570251395,0,13,5,4,1,1.1721311475409837,0,1,0,0,0,0,0,0.0,0.0,0,0,0,0,0,0,0,0,0,0,0,0,0,0,0,0,0,0,3,20,0,0,0,0,0,0,0,0,0,0,0,0,0,,,0,0,0,0,0,0,0,0,0,0,0,0,,,,0,0,0,0,0,0,0,,0,0,0,0,,0,0,,0,0,0,0,0,0,0,0,0,0,,,,,,,,,,,,,,,,,,,,,,,,,,,,,,,,,,,,,,,,,,,,,,,,,,,,,,,,,,,,,,,,,,,,,,,,,,,,,,,,,,,,,,,,,,,,,,,,,,,,,,,,,,,,,,,,,,,,,,,,,,,,,,,,,,,,,,,,,,,,,,,,,,,,00-0038115,BellDa00,4361516,Daniel Bellinger,2000-09-22,78.0,255.0,San Diego State,2022.0,4.0,112.0,NYG,2022,5,16.0,0.0,167.0,0.0,0.40375,2025.0,Daniel Bellinger,NYG,25.0,TE,16.0,10.0,26.0,19.0,286.0,,14.0,154.0,8.1,132.0,6.9,9.4,0.0,,1.0,0.038,0.0,134.5,2026-02-11,,,,,,,,,,,,,,,,,,,,,,,,,,,,,,,,,,,,,,,,,,,,,,,,,,,,,,,,,,,,,,,,,,,,,,,,,,,,,13,2.4000000000000004,0.0,2,1,0
2025,Austin Hooper,A.Hooper,00-0032392,NE,TE,TE,47.0,13,59.3,4.561538461538461,38.3,21.0,21,26,263,2,0.05394190871369295,0.05073720728534258,0.11642890817027923,0,0,0,0,0,0,0,0,512.0,0.5,0.1158203125,4.561538461538462,2.9420906573213266,9.1,0,TE,"https://static.www.nfl.com/image/upload/f_auto,q_auto/league/dd0j9ccd8fxokl48alzg",REG,0,0,0,0,0,0,0,,,0,,0,0,0,0,0,0,0,,0,0,0,0,0,0,0,234,86,13,16.797792419209145,0,10,7,6,0,1.123931623931624,0,1,0,0,0,0,0,0.0,0.0,0,0,0,0,0,0,0,0,0,0,0,0,0,0,0,0,0,0,2,25,0,0,0,0,0,0,0,0,0,0,0,0,0,,,0,0,0,0,0,0,0,0,0,0,0,0,,,,0,0,0,0,0,0,0,,0,0,0,0,,0,0,,0,0,0,0,0,0,0,0,0,0,A.Hooper,Austin Hooper,TE,TE,"https://static.www.nfl.com/image/upload/f_auto,q_auto/league/dd0j9ccd8fxokl48alzg",2025.0,POST,NE,3.0,0.0,0.0,0.0,0.0,0.0,0.0,0.0,0.0,0.0,0.0,0.0,0.0,,,0.0,,0.0,0.0,0.0,0.0,0.0,0.0,0.0,0.0,0.0,0.0,,0.0,0.0,0.0,0.0,0.0,3.0,7.0,24.0,0.0,0.0,0.0,77.0,14.0,3.0,-5.266870808962267,0.0,1.0,0.0,0.0,0.0,0.3116883116883117,0.06140350877192982,0.06189710610932476,0.13543323743442207,0.0,1.0,0.0,0.0,0.0,0.0,0.0,0.0,0.0,0.0,0.0,0.0,0.0,0.0,0.0,0.0,0.0,0.0,0.0,0.0,0.0,0.0,0.0,0.0,0.0,0.0,0.0,0.0,0.0,0.0,0.0,0.0,0.0,0.0,0.0,0.0,0.0,0.0,0.0,0.0,0.0,0.0,,,0.0,0.0,0.0,0.0,0.0,0.0,0.0,0.0,0.0,0.0,0.0,0.0,,,,0.0,0.0,0.0,0.0,0.0,0.0,0.0,,0.0,0.0,0.0,0.0,,0.0,0.0,,0.0,0.0,0.0,0.0,0.0,0.0,0.0,0.0,0.0,0.0,2.4000000000000004,5.4,00-0032392,HoopAu00,3043275,Austin Hooper,1994-10-29,76.0,254.0,Stanford,2016.0,3.0,81.0,ATL,2016,11,16.0,0.0,84.0,0.0,0.2025,2025.0,Austin Hooper,NE,31.0,TE,16.0,6.0,26.0,21.0,263.0,,13.0,177.0,8.4,86.0,4.1,8.9,0.0,,0.0,0.0,0.0,134.5,2026-02-11,,,,,,,,,,,,,,,,,,,,,,,,,,,,,,,,,,,,,,,,,,,,,,,,,,,,,,,,,,,,,,,,,,,,,,,,,,,,,13,4.800000000000001,0.0,0,0,0
2025,Elijah Higgins,E.Higgins,00-0039041,ARI,TE,TE,48.0,17,58.1,3.4176470588235297,28.1,30.0,30,37,301,0,0.059967585089141004,0.03175965665236052,0.11218313729036386,0,0,0,0,0,0,0,0,475.0,0.4252941176470588,0.12231578947368421,3.4176470588235297,3.9509864739893836,16.1,0,TE,"https://static.www.nfl.com/image/upload/f_auto,q_auto/league/qgvtaa0gekopg4ad6vqe",REG,0,0,0,0,0,0,0,,,0,,0,0,0,0,0,0,0,,0,0,0,0,0,1,1,148,209,15,1.4276832967298105,0,12,8,4,0,2.0337837837837838,0,5,0,5,0,0,0,0.0,0.0,0,0,0,0,0,0,0,0,0,0,0,0,0,0,0,0,0,0,3,21,1,0,0,1,1,0,0,0,0,0,0,0,0,,,0,0,0,0,0,0,0,0,0,0,0,0,,,,0,0,0,0,0,0,0,,0,0,0,0,,0,0,,0,0,0,0,0,0,0,0,0,0,,,,,,,,,,,,,,,,,,,,,,,,,,,,,,,,,,,,,,,,,,,,,,,,,,,,,,,,,,,,,,,,,,,,,,,,,,,,,,,,,,,,,,,,,,,,,,,,,,,,,,,,,,,,,,,,,,,,,,,,,,,,,,,,,,,,,,,,,,,,,,,,,,,,00-0039041,HiggEl00,4426844,Elijah Higgins,2000-10-27,75.0,245.0,Stanford,2023.0,6.0,197.0,MIA,2023,4,17.0,0.0,264.0,0.0,0.5805882352941176,2025.0,Elijah Higgins,ARI,25.0,TE,17.0,10.0,37.0,30.0,301.0,,15.0,92.0,3.1,209.0,7.0,3.6,5.0,6.0,0.0,0.0,1.0,89.3,2026-02-11,,,,,,,,,,,,,,,,,,,,,,,,,,,,,,,,,,,,,,,,,,,,,,,,,,,,,,,,,,,,,,,,,,,,,,,,,,,,,17,1.7000000000000002,0.0,1,1,0
2025,Josh Oliver,J.Oliver,00-0035249,MIN,TE,TE,49.0,12,55.0,4.583333333333333,40.0,15.0,15,19,160,4,0.0405982905982906,0.01703486824594091,0.07282184366959454,0,0,0,0,0,0,0,0,400.0,0.458,0.1375,4.583333333333333,4.999787874288147,16.4,0,TE,"https://static.www.nfl.com/image/upload/f_auto,q_auto/league/awdb5xedlbq0ebpptgzb",REG,0,0,0,0,0,0,0,,,0,,0,0,0,0,0,0,0,,0,0,0,0,0,0,0,64,102,9,10.533449101713021,0,6,4,2,0,2.5,0,1,0,0,0,0,0,0.0,0.0,0,0,0,0,0,0,0,0,0,0,0,0,0,1,0,0,0,0,2,15,0,0,0,0,0,0,0,0,0,0,0,0,0,,,0,0,0,0,0,0,0,0,0,0,0,0,,,,0,0,0,0,0,0,0,,0,0,0,0,,0,0,,0,0,0,0,0,0,0,0,0,0,,,,,,,,,,,,,,,,,,,,,,,,,,,,,,,,,,,,,,,,,,,,,,,,,,,,,,,,,,,,,,,,,,,,,,,,,,,,,,,,,,,,,,,,,,,,,,,,,,,,,,,,,,,,,,,,,,,,,,,,,,,,,,,,,,,,,,,,,,,,,,,,,,,,00-0035249,OlivJo00,3921690,Josh Oliver,1997-03-21,77.0,264.0,San Jose State,2019.0,3.0,69.0,JAX,2019,8,15.0,0.0,106.0,0.0,0.2733333333333333,2025.0,Josh Oliver,MIN,28.0,TE,15.0,7.0,19.0,15.0,160.0,,9.0,58.0,3.9,102.0,6.8,3.4,0.0,,0.0,0.0,0.0,141.3,2026-02-11,,,,,,,,,,,,,,,,,,,,,,,,,,,,,,,,,,,,,,,,,,,,,,,,,,,,,,,,,,,,,,,,,,,,,,,,,,,,,12,2.3499999999999996,0.0,2,1,0
2025,Ja'Tavion Sanders,J.Sanders,00-0039356,CAR,TE,TE,50.0,12,54.0,4.5,25.0,29.0,29,34,190,1,0.07083333333333333,0.04753623188405797,0.13952536231884058,0,0,0,0,0,0,0,0,393.0,0.48307692307692307,0.13740458015267176,4.5,3.842584357623726,12.4,0,TE,"https://static.www.nfl.com/image/upload/f_auto,q_auto/league/le2akm1cbou170ioctxl",REG,0,0,0,0,0,0,0,,,0,,0,0,0,0,0,0,0,,0,0,0,0,0,0,0,164,86,8,4.4169948063615685,0,5,1,0,0,1.1585365853658536,0,4,0,1,0,0,0,0.0,0.0,0,0,0,0,0,0,0,0,0,0,0,0,0,0,0,0,0,0,1,10,0,0,0,0,0,0,0,0,0,0,0,0,0,,,0,0,0,0,0,0,0,0,0,0,0,0,,,,0,0,0,0,0,0,0,,0,0,0,0,,0,0,,0,0,0,0,0,0,0,0,0,0,,,,,,,,,,,,,,,,,,,,,,,,,,,,,,,,,,,,,,,,,,,,,,,,,,,,,,,,,,,,,,,,,,,,,,,,,,,,,,,,,,,,,,,,,,,,,,,,,,,,,,,,,,,,,,,,,,,,,,,,,,,,,,,,,,,,,,,,,,,,,,,,,,,,00-0039356,SandJa01,4431588,Ja'Tavion Sanders,2003-03-27,76.0,252.0,Texas,2024.0,4.0,101.0,CAR,2024,3,13.0,0.0,119.0,0.0,0.39692307692307693,2025.0,JaTavion Sanders,CAR,22.0,TE,13.0,5.0,34.0,29.0,190.0,,8.0,104.0,3.6,86.0,3.0,4.8,1.0,29.0,1.0,0.028999999999999998,0.0,99.8,2026-02-11,,,,,,,,,,,,,,,,,,,,,,,,,,,,,,,,,,,,,,,,,,,,,,,,,,,,,,,,,,,,,,,,,,,,,,,,,,,,,12,3.9000000000000004,0.0,1,0,0
2025,Jackson Hawes,J.Hawes,00-0040194,BUF,TE,TE,51.0,13,52.7,4.053846153846154,36.7,16.0,16,19,187,3,0.03966597077244259,0.038461538461538464,0.08642203308174082,0,0,0,0,0,0,0,0,487.0,0.4388235294117647,0.1082135523613963,4.053846153846154,2.6266630873332373,9.6,0,TE,"https://static.www.nfl.com/image/upload/f_auto,q_auto/league/gl3easmpg7rn6e5siya2",REG,0,0,0,0,0,0,0,,,0,,0,0,0,0,0,0,0,,0,0,0,0,0,0,0,139,91,13,14.833259285893291,0,8,5,2,0,1.3453237410071943,0,0,0,0,0,0,0,0.0,0.0,0,0,0,0,0,0,0,0,0,0,0,0,0,0,0,0,0,0,3,25,0,0,0,0,0,0,0,0,0,0,0,0,0,,,0,0,0,0,0,0,0,0,0,0,0,0,,,,0,0,0,0,0,0,0,,0,0,0,0,,0,0,,0,0,0,0,0,0,0,0,0,0,J.Hawes,Jackson Hawes,TE,TE,"https://static.www.nfl.com/image/upload/f_auto,q_auto/league/gl3easmpg7rn6e5siya2",2025.0,POST,BUF,1.0,0.0,0.0,0.0,0.0,0.0,0.0,0.0,0.0,0.0,0.0,0.0,0.0,,,0.0,,0.0,0.0,0.0,0.0,0.0,0.0,0.0,0.0,0.0,0.0,,0.0,0.0,0.0,0.0,0.0,0.0,0.0,0.0,0.0,0.0,0.0,0.0,0.0,0.0,,0.0,0.0,0.0,0.0,0.0,,0.0,0.0,0.0,0.0,0.0,0.0,0.0,0.0,0.0,0.0,0.0,0.0,0.0,0.0,0.0,0.0,0.0,0.0,0.0,0.0,0.0,0.0,0.0,0.0,0.0,0.0,0.0,0.0,0.0,0.0,1.0,5.0,0.0,0.0,0.0,0.0,0.0,0.0,0.0,0.0,0.0,0.0,0.0,0.0,0.0,,,0.0,0.0,0.0,0.0,0.0,0.0,0.0,0.0,0.0,0.0,0.0,0.0,,,,0.0,0.0,0.0,0.0,0.0,0.0,0.0,,0.0,0.0,0.0,0.0,,0.0,0.0,,0.0,0.0,0.0,0.0,0.0,0.0,0.0,0.0,0.0,0.0,0.0,0.0,00-0040194,HaweJa00,4573699,Jackson Hawes,2000-12-06,76.0,253.0,Georgia Tech; Yale,2025.0,5.0,173.0,BUF,2025,2,17.0,0.0,79.0,0.0,0.18,2025.0,Jackson Hawes,BUF,25.0,TE,17.0,8.0,19.0,16.0,187.0,,13.0,96.0,6.0,91.0,5.7,7.3,2.0,8.0,2.0,0.105,0.0,147.3,2026-02-11,,,,,,,,,,,,,,,,,,,,,,,,,,,,,,,,,,,,,,,,,,,,,,,,,,,,,,,,,,,,,,,,,,,,,,,,,,,,,13,3.5,1.0,0,0,0
2025,Terrance Ferguson,T.Ferguson,00-0040737,LA,TE,TE,52.0,11,52.1,4.736363636363636,41.1,11.0,11,25,231,3,0.043029259896729774,0.08429811866859624,0.12355257291311202,1,0,0,0,0,0,0,0,356.0,0.3671428571428571,0.14634831460674158,4.736363636363636,5.202551821418548,13.4,0,TE,"https://static.www.nfl.com/image/upload/f_auto,q_auto/league/w5o0s5yf6j5dsmiwdtfg",REG,0,0,0,0,0,0,0,,,0,,0,0,0,0,0,0,0,-1.5493906475021504,0,0,0,0,0,0,0,466,40,9,7.386812709029829,0,8,8,7,0,0.4957081545064378,0,0,0,0,0,0,0,0.0,0.0,0,0,0,0,0,0,0,0,0,0,0,0,0,0,0,0,0,0,2,15,0,0,0,0,0,0,0,0,0,0,0,0,0,,,0,0,0,0,0,0,0,0,0,0,0,0,,,,0,0,0,0,0,0,0,,0,0,0,0,,0,0,,0,0,0,0,0,0,0,0,0,0,T.Ferguson,Terrance Ferguson,TE,TE,"https://static.www.nfl.com/image/upload/f_auto,q_auto/league/w5o0s5yf6j5dsmiwdtfg",2025.0,POST,LA,2.0,0.0,0.0,0.0,0.0,0.0,0.0,0.0,0.0,0.0,0.0,0.0,0.0,,,0.0,,0.0,0.0,0.0,0.0,0.0,0.0,0.0,0.0,0.0,0.0,,0.0,0.0,0.0,0.0,0.0,1.0,6.0,19.0,0.0,0.0,0.0,88.0,3.0,1.0,-3.603461398873178,0.0,1.0,1.0,0.0,0.0,0.2159090909090909,0.05172413793103448,0.06528189910979229,0.12328353627340632,0.0,0.0,0.0,0.0,0.0,0.0,0.0,0.0,0.0,0.0,0.0,0.0,0.0,0.0,0.0,0.0,0.0,0.0,0.0,0.0,0.0,0.0,0.0,0.0,0.0,0.0,0.0,0.0,0.0,0.0,0.0,0.0,0.0,0.0,0.0,0.0,0.0,0.0,0.0,0.0,0.0,0.0,,,0.0,0.0,0.0,0.0,0.0,0.0,0.0,0.0,0.0,0.0,0.0,0.0,,,,0.0,0.0,0.0,0.0,0.0,0.0,0.0,,0.0,0.0,0.0,0.0,,0.0,0.0,,0.0,0.0,0.0,0.0,0.0,0.0,0.0,0.0,0.0,0.0,1.9000000000000001,2.9000000000000004,00-0040737,FergTe00,4570037,Terrance Ferguson,2003-03-07,77.0,252.0,Oregon,2025.0,2.0,46.0,LA,2025,2,14.0,0.0,73.0,0.0,0.20142857142857143,2025.0,Terrance Ferguson,LA,22.0,TE,14.0,3.0,25.0,11.0,231.0,,9.0,191.0,17.4,40.0,3.6,18.6,0.0,,0.0,0.0,1.0,100.2,2026-02-11,2025.0,Terrance Ferguson,LA,22.0,TE,14.0,3.0,1.0,0.0,,0.0,0.0,0.0,0.0,0.0,0.0,,2026-02-11,,,,,,,,,,,,,,,,,,,,,,,,,,,,,,,,,,,,,,,,,,,,,,,,,,,,,,,,,,,11,3.1,0.0,3,0,0
2025,Luke Musgrave,L.Musgrave,00-0039144,GB,TE,TE,53.0,13,49.2,3.784615384615385,25.200000000000003,24.0,24,31,252,0,0.06739130434782609,0.06210600046696241,0.14456115684861282,0,0,0,0,0,0,0,0,428.0,0.4005882352941177,0.11495327102803739,3.784615384615385,2.6245146071372747,9.2,0,TE,"https://static.www.nfl.com/image/upload/f_auto,q_auto/league/jchchyfhiycpvm5zzn2y",REG,0,0,0,0,0,0,0,,,0,,0,0,0,0,0,0,0,,0,0,0,0,0,1,0,266,69,11,10.139169549453072,0,8,6,5,0,0.9473684210526315,0,0,0,0,0,0,0,0.0,0.0,0,0,0,0,0,0,0,0,0,0,0,0,0,0,0,0,0,0,1,5,1,0,1,1,0,0,0,0,0,0,0,0,0,,,0,0,0,0,0,0,0,0,0,0,0,0,,,,0,0,0,0,0,0,0,,0,0,0,0,,0,0,,0,0,0,0,0,0,0,0,0,0,L.Musgrave,Luke Musgrave,TE,TE,"https://static.www.nfl.com/image/upload/f_auto,q_auto/league/jchchyfhiycpvm5zzn2y",2025.0,POST,GB,1.0,0.0,0.0,0.0,0.0,0.0,0.0,0.0,0.0,0.0,0.0,0.0,0.0,,,0.0,,0.0,0.0,0.0,0.0,0.0,0.0,0.0,0.0,0.0,0.0,,0.0,0.0,0.0,0.0,0.0,1.0,2.0,9.0,0.0,0.0,0.0,26.0,4.0,0.0,0.1393545902101323,0.0,0.0,0.0,0.0,0.0,0.34615384615384615,0.05263157894736842,0.05543710021321962,0.11775333857030636,0.0,0.0,0.0,0.0,0.0,0.0,0.0,0.0,0.0,0.0,0.0,0.0,0.0,0.0,0.0,0.0,0.0,0.0,0.0,0.0,0.0,0.0,0.0,0.0,0.0,0.0,0.0,0.0,0.0,0.0,0.0,0.0,0.0,0.0,0.0,0.0,0.0,0.0,0.0,0.0,0.0,0.0,,,0.0,0.0,0.0,0.0,0.0,0.0,0.0,0.0,0.0,0.0,0.0,0.0,,,,0.0,0.0,0.0,0.0,0.0,0.0,0.0,,0.0,0.0,0.0,0.0,,0.0,0.0,,0.0,0.0,0.0,0.0,0.0,0.0,0.0,0.0,0.0,0.0,0.9,1.9,00-0039144,MusgLu00,4428085,Luke Musgrave,2000-09-02,78.0,253.0,Oregon State,2023.0,2.0,42.0,GB,2023,4,17.0,0.0,35.0,0.0,0.07941176470588236,2025.0,Luke Musgrave,GB,25.0,TE,17.0,10.0,31.0,24.0,252.0,,11.0,183.0,7.6,69.0,2.9,8.6,0.0,,1.0,0.032,0.0,100.5,2026-02-11,,,,,,,,,,,,,,,,,,,,,,,,,,,,,,,,,,,,,,,,,,,,,,,,,,,,,,,,,,,,,,,,,,,,,,,,,,,,,13,3.3000000000000003,0.9,0,0,0
2025,Mitchell Evans,M.Evans,00-0040187,CAR,TE,TE,54.0,14,48.2,3.442857142857143,29.2,19.000000000000004,19,25,171,2,0.052083333333333336,0.0263768115942029,0.09658876811594203,1,1,0,0,0,0,0,0,393.0,0.37411764705882355,0.12264631043256999,3.442857142857143,3.206175360076308,11.3,0,TE,"https://static.www.nfl.com/image/upload/f_auto,q_auto/league/yruhsxdnyfaa7iswn1dp",REG,0,0,0,0,0,0,0,,,0,,0,0,0,0,0,0,1,1.7842922472627833,0,0,0,0,0,0,0,91,108,9,3.191548506700201,0,6,3,2,0,1.879120879120879,0,0,0,0,0,0,0,0.0,0.0,0,0,0,0,0,0,0,0,0,0,0,0,0,0,0,0,0,0,3,25,0,0,0,0,0,0,0,0,0,0,0,0,0,,,0,0,0,0,0,0,0,0,0,0,0,0,,,,0,0,0,0,0,0,0,,0,0,0,0,,0,0,,0,0,0,0,0,0,0,0,0,0,M.Evans,Mitchell Evans,TE,TE,"https://static.www.nfl.com/image/upload/f_auto,q_auto/league/yruhsxdnyfaa7iswn1dp",2025.0,POST,CAR,1.0,0.0,0.0,0.0,0.0,0.0,0.0,0.0,0.0,0.0,0.0,0.0,0.0,,,0.0,,0.0,0.0,0.0,0.0,0.0,0.0,0.0,0.0,0.0,0.0,,0.0,0.0,0.0,0.0,0.0,0.0,1.0,0.0,0.0,0.0,0.0,-3.0,0.0,0.0,-0.8002433668298181,0.0,0.0,0.0,0.0,0.0,0.0,0.02702702702702703,-0.00821917808219178,0.0347871158830063,0.0,0.0,0.0,0.0,0.0,0.0,0.0,0.0,0.0,0.0,0.0,0.0,0.0,0.0,0.0,0.0,0.0,0.0,0.0,0.0,0.0,0.0,0.0,0.0,0.0,0.0,0.0,1.0,15.0,0.0,0.0,0.0,0.0,0.0,0.0,0.0,0.0,0.0,0.0,0.0,0.0,0.0,,,0.0,0.0,0.0,0.0,0.0,0.0,0.0,0.0,0.0,0.0,0.0,0.0,,,,0.0,0.0,0.0,0.0,0.0,0.0,0.0,,0.0,0.0,0.0,0.0,,0.0,0.0,,0.0,0.0,0.0,0.0,0.0,0.0,0.0,0.0,0.0,0.0,0.0,0.0,00-0040187,EvanMi01,4683243,Mitchell Evans,2003-05-18,77.0,258.0,Notre Dame,2025.0,5.0,163.0,CAR,2025,2,17.0,0.0,96.0,0.0,0.23941176470588238,2025.0,Mitchell Evans,CAR,22.0,TE,17.0,10.0,25.0,19.0,171.0,,9.0,63.0,3.3,108.0,5.7,3.6,0.0,,1.0,0.04,1.0,103.9,2026-02-11,2025.0,Mitchell Evans,CAR,22.0,TE,17.0,10.0,1.0,1.0,,1.0,0.0,0.0,1.0,1.0,0.0,,2026-02-11,,,,,,,,,,,,,,,,,,,,,,,,,,,,,,,,,,,,,2025.0,Regular,Season Total,CAR,M. Evans,,99.9,0.5,1.0,0.6,0.0,0.6,0.0,0.0,99.9,0.0,Mitchell,Evans,Mitchell Evans,https://a.espncdn.com/i/headshots/nfl/players/full/4683243.png,Panthers,False,14,2.5,0.0,1,0,0
2025,Tanner Hudson,T.Hudson,00-0034613,CIN,TE,TE,55.0,10,47.8,4.779999999999999,28.8,18.999999999999996,19,24,168,2,0.039473684210526314,0.025281495644784362,0.07690757326713853,0,0,0,0,0,0,0,0,148.0,0.14733333333333334,0.32297297297297295,4.779999999999999,3.150238086240467,11.0,0,TE,"https://static.www.nfl.com/image/upload/f_auto,q_auto/league/pyl2bpjw0vy4idcseama",REG,0,0,0,0,0,0,0,,,0,,0,0,0,0,0,0,0,,0,0,0,0,0,0,0,119,83,8,0.5661477006975129,0,5,2,1,0,1.411764705882353,0,0,0,0,0,0,0,0.0,0.0,0,0,0,0,0,0,0,0,0,0,0,0,0,0,0,0,0,0,1,10,0,0,0,0,0,0,0,0,0,0,0,0,0,,,0,0,0,0,0,0,0,0,0,0,0,0,,,,0,0,0,0,0,0,0,,0,0,0,0,,0,0,,0,0,0,0,0,0,0,0,0,0,,,,,,,,,,,,,,,,,,,,,,,,,,,,,,,,,,,,,,,,,,,,,,,,,,,,,,,,,,,,,,,,,,,,,,,,,,,,,,,,,,,,,,,,,,,,,,,,,,,,,,,,,,,,,,,,,,,,,,,,,,,,,,,,,,,,,,,,,,,,,,,,,,,,00-0034613,HudsTa00,3050481,Tanner Hudson,1994-11-12,77.0,241.0,Southern Arkansas; Memphis,,,,,2018,7,15.0,0.0,224.0,0.0,0.5686666666666667,2025.0,Tanner Hudson,CIN,31.0,TE,15.0,1.0,24.0,19.0,168.0,,8.0,85.0,4.5,83.0,4.4,5.0,1.0,19.0,0.0,0.0,1.0,106.2,2026-02-11,,,,,,,,,,,,,,,,,,,,,,,,,,,,,,,,,,,,,,,,,,,,,,,,,,,,,,,,,,,,,,,,,,,,,,,,,,,,,10,4.85,1.4,1,0,0
2025,Jeremy Ruckert,J.Ruckert,00-0037805,NYJ,TE,TE,56.0,14,46.900000000000006,3.3500000000000005,23.900000000000002,23.000000000000004,23,29,179,1,0.0614406779661017,0.029964747356051705,0.11313634009838874,0,0,0,0,0,0,0,0,494.0,0.4717647058823529,0.09493927125506074,3.3500000000000005,2.333946805800786,7.5,0,TE,"https://static.www.nfl.com/image/upload/f_auto,q_auto/league/bcqcta7r1uee3rqhejdh",REG,0,0,0,0,0,0,0,,,0,,0,0,0,0,0,0,0,,0,0,0,0,0,0,0,102,99,8,4.54611501499312,0,8,1,1,0,1.7549019607843137,0,0,0,2,0,0,0,0.0,0.0,0,0,0,0,0,0,0,0,0,0,0,0,0,0,0,0,0,0,3,20,0,0,0,0,0,0,0,0,0,0,0,0,0,,,0,0,0,0,0,0,0,0,0,0,0,0,,,,0,0,0,0,0,0,0,,0,0,0,0,,0,0,,0,0,0,0,0,0,0,0,0,0,,,,,,,,,,,,,,,,,,,,,,,,,,,,,,,,,,,,,,,,,,,,,,,,,,,,,,,,,,,,,,,,,,,,,,,,,,,,,,,,,,,,,,,,,,,,,,,,,,,,,,,,,,,,,,,,,,,,,,,,,,,,,,,,,,,,,,,,,,,,,,,,,,,,00-0037805,RuckJe00,4361372,Jeremy Ruckert,2000-08-11,77.0,250.0,Ohio State,2022.0,3.0,101.0,NYJ,2022,5,17.0,0.0,120.0,0.0,0.2576470588235294,2025.0,Jeremy Ruckert,NYJ,25.0,TE,17.0,15.0,29.0,23.0,179.0,,8.0,80.0,3.5,99.0,4.3,3.6,0.0,,1.0,0.034,0.0,103.9,2026-02-11,,,,,,,,,,,,,,,,,,,,,,,,,,,,,,,,,,,,,,,,,,,,,,,,,,,,,,,,,,,,,,,,,,,,,,,,,,,,,14,3.3500000000000005,0.0,0,0,0
2025,Adam Trautman,A.Trautman,00-0036422,DEN,TE,TE,57.0,13,45.5,3.5,25.5,20.0,20,23,195,1,0.039383561643835614,0.023618538324420676,0.07560831929284789,0,0,0,0,0,0,0,0,651.0,0.5729411764705883,0.06989247311827956,3.5,2.9337120967584167,10.0,0,TE,"https://static.www.nfl.com/image/upload/f_auto,q_auto/league/bqsgkwkfolczyrxmdp1j",REG,0,0,0,0,0,0,0,,,0,,0,0,0,0,0,0,0,,0,0,0,0,0,0,0,106,104,11,10.791490258765407,0,9,3,3,0,1.8396226415094339,0,0,0,1,0,0,0,0.0,0.0,0,0,0,0,0,0,0,0,0,0,0,0,0,0,0,0,0,0,5,50,0,0,0,0,0,0,0,0,0,0,0,0,0,,,0,0,0,0,0,0,0,0,0,0,0,0,,,,0,0,0,0,0,0,0,,0,0,0,0,,0,0,,0,0,0,0,0,0,0,0,0,0,A.Trautman,Adam Trautman,TE,TE,"https://static.www.nfl.com/image/upload/f_auto,q_auto/league/bqsgkwkfolczyrxmdp1j",2025.0,POST,DEN,1.0,0.0,0.0,0.0,0.0,0.0,0.0,0.0,0.0,0.0,0.0,0.0,0.0,,,0.0,,0.0,0.0,0.0,0.0,0.0,0.0,0.0,0.0,0.0,0.0,,0.0,0.0,0.0,0.0,0.0,0.0,2.0,0.0,0.0,0.0,0.0,18.0,0.0,0.0,-1.0782295279204845,0.0,0.0,0.0,0.0,0.0,0.0,0.028985507246376812,0.03696098562628337,0.06935095080796358,0.0,0.0,0.0,0.0,0.0,0.0,0.0,0.0,0.0,0.0,0.0,0.0,0.0,0.0,0.0,0.0,0.0,0.0,0.0,0.0,0.0,0.0,0.0,0.0,0.0,0.0,0.0,0.0,0.0,0.0,0.0,0.0,0.0,0.0,0.0,0.0,0.0,0.0,0.0,0.0,0.0,0.0,,,0.0,0.0,0.0,0.0,0.0,0.0,0.0,0.0,0.0,0.0,0.0,0.0,,,,0.0,0.0,0.0,0.0,0.0,0.0,0.0,,0.0,0.0,0.0,0.0,,0.0,0.0,,0.0,0.0,0.0,0.0,0.0,0.0,0.0,0.0,0.0,0.0,0.0,0.0,00-0036422,TrauAd00,3911853,Adam Trautman,1997-02-05,77.0,253.0,Dayton,2020.0,3.0,105.0,NO,2020,7,17.0,0.0,103.0,0.0,0.22235294117647061,2025.0,Adam Trautman,DEN,28.0,TE,17.0,12.0,23.0,20.0,195.0,,11.0,91.0,4.6,104.0,5.2,4.3,3.0,6.7,1.0,0.043,0.0,116.5,2026-02-11,,,,,,,,,,,,,,,,,,,,,,,,,,,,,,,,,,,,,,,,,,,,,,,,,,,,,,,,,,,,,,,,,,,,,,,,,,,,,13,3.4000000000000004,0.0,1,0,0
2025,Taysom Hill,T.Hill,00-0033357,NO,TE,TE,58.0,13,41.78,3.213846153846154,30.78,11.0,11,16,91,0,0.02831858407079646,0.011280551493628577,0.0503742621517347,52,114,1,2,6,57,1,0,210.0,0.24615384615384617,0.19895238095238096,3.213846153846154,4.163567257495946,15.32,0,TE,"https://static.www.nfl.com/image/upload/f_auto,q_auto/league/q8itjlocg5do60qat4l3",REG,0,0,0,0,45,3,2,-0.9995986306660125,-26.23470962047577,0,1.2666666666666666,2,2,1,0,2,1,16,-14.218752735960987,0,1,1,1,0,0,0,54,86,2,-0.4165055634195918,0,3,1,0,0,1.6851851851851851,0,3,0,0,0,0,0,0.0,0.0,0,0,0,0,0,0,0,0,0,0,0,0,0,2,0,0,0,0,2,19,1,2,0,3,1,0,0,0,0,0,0,0,0,,,0,0,0,0,0,0,0,0,0,0,0,0,,,,0,0,0,0,0,0,0,,0,0,0,0,,0,0,,0,0,0,0,0,0,0,0,0,0,,,,,,,,,,,,,,,,,,,,,,,,,,,,,,,,,,,,,,,,,,,,,,,,,,,,,,,,,,,,,,,,,,,,,,,,,,,,,,,,,,,,,,,,,,,,,,,,,,,,,,,,,,,,,,,,,,,,,,,,,,,,,,,,,,,,,,,,,,,,,,,,,,,,00-0033357,HillTa00,2468609,Taysom Hill,1990-08-23,74.0,221.0,BYU,,,,,2017,9,13.0,0.0,47.0,0.0,0.15076923076923077,2025.0,Taysom Hill,NO,35.0,TE,13.0,5.0,16.0,11.0,91.0,,2.0,5.0,0.5,86.0,7.8,3.4,0.0,,3.0,0.188,0.0,83.1,2026-02-11,2025.0,Taysom Hill,NO,35.0,TE,13.0,5.0,52.0,114.0,,16.0,49.0,0.9,65.0,1.3,2.0,26.0,2026-02-11,Taysom Hill,NO,6.0,2.0,0.0,0.0,0.0,1.0,25.0,2025.0,2.2,4.0,0.0,1.0,1.0,16.7,1.0,2.0,50.0,12.0,80.0,3.0,38.0,9.0,42.0,,,45.0,7.5,54.0,27.0,9.0,3.0,1.5,0.0,,,,,,,,,,,,,,,,,,,,,,,,13,2.0,-0.1,1,1,0
2025,Noah Gray,N.Gray,00-0036637,KC,TE,TE,59.0,14,38.8,2.7714285714285714,17.8,20.999999999999996,21,37,178,0,0.06739526411657559,0.05272446503419369,0.13800002169879896,0,0,0,0,0,0,0,0,545.0,0.52125,0.07119266055045871,2.771428571428572,2.032591589923704,6.0,0,TE,"https://static.www.nfl.com/image/upload/f_auto,q_auto/league/bpmlguml8jth2rbdfyp5",REG,0,0,0,0,0,0,0,,,0,,0,0,0,0,0,0,0,,0,0,0,0,0,0,0,239,107,9,-6.85431966585796,0,9,3,1,0,0.7447698744769874,0,0,0,0,0,0,0,0.0,0.0,0,0,0,0,0,0,0,0,0,0,0,0,0,0,0,0,0,0,2,15,0,0,0,0,0,0,0,0,0,0,0,0,0,,,0,0,0,0,0,0,0,0,0,0,0,0,,,,0,0,0,0,0,0,0,,0,0,0,0,,0,0,,0,0,0,0,0,0,0,0,0,0,,,,,,,,,,,,,,,,,,,,,,,,,,,,,,,,,,,,,,,,,,,,,,,,,,,,,,,,,,,,,,,,,,,,,,,,,,,,,,,,,,,,,,,,,,,,,,,,,,,,,,,,,,,,,,,,,,,,,,,,,,,,,,,,,,,,,,,,,,,,,,,,,,,,00-0036637,GrayNo00,4240472,Noah Gray,1999-04-30,75.0,240.0,Duke,2021.0,5.0,162.0,KC,2021,6,16.0,0.0,125.0,0.0,0.32375,2025.0,Noah Gray,KC,26.0,TE,16.0,6.0,37.0,21.0,178.0,,9.0,71.0,3.4,107.0,5.1,6.1,0.0,,3.0,0.081,0.0,69.4,2026-02-11,,,,,,,,,,,,,,,,,,,,,,,,,,,,,,,,,,,,,,,,,,,,,,,,,,,,,,,,,,,,,,,,,,,,,,,,,,,,,14,2.6500000000000004,0.0,0,0,0
2025,Elijah Arroyo,E.Arroyo,00-0040739,SEA,TE,TE,60.0,13,36.900000000000006,2.838461538461539,21.900000000000002,15.000000000000004,15,26,179,1,0.05714285714285714,0.05843293492695883,0.1266173401631569,0,0,0,0,0,0,0,0,316.0,0.39538461538461533,0.11677215189873419,2.838461538461538,3.334551059622685,10.9,0,TE,"https://static.www.nfl.com/image/upload/f_auto,q_auto/league/m5rdyemjoxl4cuz9yun8",REG,0,0,0,0,0,0,0,,,0,,0,0,0,0,0,0,0,,0,0,0,0,0,1,1,220,78,7,-16.238906289037484,0,6,4,4,0,0.8136363636363636,0,0,0,0,0,0,0,0.0,0.0,0,0,0,0,0,0,0,0,0,0,0,0,0,0,0,0,0,0,1,5,1,0,0,1,1,0,0,0,0,0,0,0,0,,,0,0,0,0,0,0,0,0,0,0,0,0,,,,0,0,0,0,0,0,0,,0,0,0,0,,0,0,,0,0,0,0,0,0,0,0,0,0,,,,,,,,,,,,,,,,,,,,,,,,,,,,,,,,,,,,,,,,,,,,,,,,,,,,,,,,,,,,,,,,,,,,,,,,,,,,,,,,,,,,,,,,,,,,,,,,,,,,,,,,,,,,,,,,,,,,,,,,,,,,,,,,,,,,,,,,,,,,,,,,,,,,00-0040739,ArroEl00,4678006,Elijah Arroyo,2003-04-05,77.0,254.0,Miami,2025.0,2.0,50.0,SEA,2025,2,13.0,0.0,24.0,0.0,0.06692307692307692,2025.0,Elijah Arroyo,SEA,22.0,TE,13.0,4.0,26.0,15.0,179.0,,7.0,101.0,6.7,78.0,5.2,8.5,0.0,,1.0,0.038,3.0,52.1,2026-02-11,,,,,,,,,,,,,,,,,,,,,,,,,,,,,,,,,,,,,,,,,,,,,,,,,,,,,,,,,,,,,,,,,,,,,,,,,,,,,13,1.6,0.0,1,0,0
2025,Brock Wright,B.Wright,00-0036754,DET,TE,TE,61.0,8,36.8,4.6,22.8,13.999999999999996,14,22,108,2,0.04,0.005894962486602358,0.06412647374062165,0,0,0,0,0,0,0,0,401.0,0.5763636363636363,0.09177057356608478,4.6000000000000005,4.214261501141095,11.8,0,TE,"https://static.www.nfl.com/image/upload/f_auto,q_auto/league/ghmaeofuj87fm97yhvcp",REG,0,0,0,0,0,0,0,,,0,,0,0,0,0,0,0,0,,0,0,0,0,0,0,0,22,86,7,-1.9290250019694213,0,4,1,1,0,4.909090909090909,0,0,0,0,0,0,0,0.0,0.0,0,0,0,0,0,0,0,0,0,0,0,0,0,0,0,0,0,0,2,10,0,0,0,0,0,0,0,0,0,0,0,0,0,,,0,0,0,0,0,0,0,0,0,0,0,0,,,,0,0,0,0,0,0,0,,0,0,0,0,,0,0,,0,0,0,0,0,0,0,0,0,0,,,,,,,,,,,,,,,,,,,,,,,,,,,,,,,,,,,,,,,,,,,,,,,,,,,,,,,,,,,,,,,,,,,,,,,,,,,,,,,,,,,,,,,,,,,,,,,,,,,,,,,,,,,,,,,,,,,,,,,,,,,,,,,,,,,,,,,,,,,,,,,,,,,,00-0036754,WrigBr01,4242392,Brock Wright,1998-11-27,77.0,254.0,Notre Dame,,,,,2021,6,11.0,0.0,130.0,0.0,0.42454545454545456,2025.0,Brock Wright,DET,27.0,TE,11.0,8.0,22.0,14.0,108.0,,7.0,22.0,1.6,86.0,6.1,1.0,0.0,,0.0,0.0,1.0,86.9,2026-02-11,,,,,,,,,,,,,,,,,,,,,,,,,,,,,,,,,,,,,,,,,,,,,,,,,,,,,,,,,,,,,,,,,,,,,,,,,,,,,8,4.050000000000001,0.0,1,0,0
2025,Charlie Kolar,C.Kolar,00-0038046,BAL,TE,TE,62.0,13,36.2,2.784615384615385,26.200000000000003,10.0,10,15,142,2,0.036855036855036855,0.030976037405026302,0.07696578146607369,0,0,0,0,0,0,0,0,402.0,0.4035294117647059,0.0900497512437811,2.784615384615385,3.2320906943355188,10.3,0,TE,"https://static.www.nfl.com/image/upload/f_auto,q_auto/league/g75ws8vkqz9cqwifhcy7",REG,0,0,0,0,0,0,0,,,0,,0,0,0,0,0,0,0,,0,0,0,0,0,0,0,106,52,9,5.154568243451649,0,8,5,2,0,1.3396226415094339,0,1,0,7,0,0,0,0.0,0.0,0,0,0,0,0,0,0,0,0,0,0,0,0,0,0,0,0,0,2,13,0,0,0,0,0,0,0,0,0,0,0,0,0,,,0,0,0,0,0,0,0,0,0,0,0,0,,,,0,0,0,0,0,0,0,,0,0,0,0,,0,0,,0,0,0,0,0,0,0,0,0,0,,,,,,,,,,,,,,,,,,,,,,,,,,,,,,,,,,,,,,,,,,,,,,,,,,,,,,,,,,,,,,,,,,,,,,,,,,,,,,,,,,,,,,,,,,,,,,,,,,,,,,,,,,,,,,,,,,,,,,,,,,,,,,,,,,,,,,,,,,,,,,,,,,,,00-0038046,KolaCh00,4241263,Charlie Kolar,1999-02-10,78.0,250.0,Iowa State,2022.0,4.0,128.0,BAL,2022,5,17.0,0.0,293.0,0.0,0.66,2025.0,Charlie Kolar,BAL,26.0,TE,17.0,7.0,15.0,10.0,142.0,,9.0,90.0,9.0,52.0,5.2,7.1,1.0,10.0,1.0,0.067,1.0,108.9,2026-02-11,,,,,,,,,,,,,,,,,,,,,,,,,,,,,,,,,,,,,,,,,,,,,,,,,,,,,,,,,,,,,,,,,,,,,,,,,,,,,13,2.7,0.0,1,0,0
2025,Hunter Long,H.Long,00-0037004,JAX,TE,TE,63.0,7,32.5,4.642857142857143,20.5,12.0,12,17,85,2,0.031078610603290677,0.013524590163934426,0.056085129019690115,0,0,0,0,0,0,0,0,258.0,0.39888888888888885,0.12596899224806202,4.642857142857143,3.5874118539030073,11.3,0,TE,"https://static.www.nfl.com/image/upload/f_auto,q_auto/league/wlj6sdfj5qcy8bt2qyxb",REG,0,0,0,0,0,0,0,,,0,,0,0,0,0,0,0,0,,0,0,0,0,0,1,0,66,31,5,7.768738388316706,0,2,0,0,0,1.2878787878787878,0,0,0,0,0,0,0,0.0,0.0,0,0,0,0,0,0,0,0,0,0,0,0,0,0,0,0,0,0,2,15,1,0,1,1,0,0,0,0,0,0,0,0,0,,,0,0,0,0,0,0,0,0,0,0,0,0,,,,0,0,0,0,0,0,0,,0,0,0,0,,0,0,,0,0,0,0,0,0,0,0,0,0,,,,,,,,,,,,,,,,,,,,,,,,,,,,,,,,,,,,,,,,,,,,,,,,,,,,,,,,,,,,,,,,,,,,,,,,,,,,,,,,,,,,,,,,,,,,,,,,,,,,,,,,,,,,,,,,,,,,,,,,,,,,,,,,,,,,,,,,,,,,,,,,,,,,00-0037004,LongHu00,4239944,Hunter Long,1998-08-19,77.0,253.0,Boston College,2021.0,3.0,81.0,MIA,2021,6,9.0,0.0,78.0,0.0,0.33666666666666667,2025.0,Hunter Long,JAX,27.0,TE,9.0,3.0,17.0,12.0,85.0,,5.0,54.0,4.5,31.0,2.6,4.1,0.0,,4.0,0.235,0.0,121.0,2026-02-11,,,,,,,,,,,,,,,,,,,,,,,,,,,,,,,,,,,,,,,,,,,,,,,,,,,,,,,,,,,,,,,,,,,,,,,,,,,,,7,3.6,1.3,1,0,0
2025,Drew Sample,D.Sample,00-0035631,CIN,TE,TE,64.0,12,31.9,2.658333333333333,16.9,15.0,15,20,106,1,0.03289473684210526,-0.0014871468026343743,0.048301102501313836,1,3,0,0,0,0,0,0,595.0,0.5358823529411765,0.053613445378151256,2.658333333333333,2.8509833497595283,10.0,0,TE,"https://static.www.nfl.com/image/upload/f_auto,q_auto/league/mmxrr2k7gdfowqpyxtr7",REG,0,0,0,0,0,0,0,,,0,,0,0,0,0,0,0,0,-0.5837107149418443,0,0,0,0,0,0,0,-7,109,5,2.651807056972757,0,3,2,1,0,0.0,0,0,0,1,0,0,0,0.0,0.0,0,0,0,0,0,0,0,0,0,0,0,0,0,0,0,0,0,0,1,10,0,0,0,0,0,0,0,0,0,0,0,0,0,,,0,0,0,0,0,0,0,0,0,0,0,0,,,,0,0,0,0,0,0,0,,0,0,0,0,,0,0,,0,0,0,0,0,0,0,0,0,0,,,,,,,,,,,,,,,,,,,,,,,,,,,,,,,,,,,,,,,,,,,,,,,,,,,,,,,,,,,,,,,,,,,,,,,,,,,,,,,,,,,,,,,,,,,,,,,,,,,,,,,,,,,,,,,,,,,,,,,,,,,,,,,,,,,,,,,,,,,,,,,,,,,,00-0035631,SampDr00,3127310,Drew Sample,1996-04-16,77.0,260.0,Washington,2019.0,2.0,52.0,CIN,2019,8,17.0,0.0,236.0,0.0,0.5152941176470588,2025.0,Drew Sample,CIN,29.0,TE,17.0,12.0,20.0,15.0,106.0,,5.0,-3.0,-0.2,109.0,7.3,0.2,1.0,15.0,0.0,0.0,0.0,103.3,2026-02-11,2025.0,Drew Sample,CIN,29.0,TE,17.0,12.0,1.0,3.0,,0.0,1.0,1.0,2.0,2.0,0.0,,2026-02-11,,,,,,,,,,,,,,,,,,,,,,,,,,,,,,,,,,,,,,,,,,,,,,,,,,,,,,,,,,,12,1.75,0.0,1,0,0
2025,Julian Hill,J.Hill,00-0038720,MIA,TE,TE,65.0,11,31.0,2.8181818181818183,16.0,15.0,15,20,140,0,0.04329004329004329,0.019631171921475312,0.07867688528009764,0,0,0,0,0,0,0,0,439.0,0.55,0.07061503416856492,2.8181818181818183,1.996906698780983,6.2,0,TE,"https://static.www.nfl.com/image/upload/f_auto,q_auto/league/idjirwpxilfybc74zhwr",REG,0,0,0,0,0,0,0,,,0,,0,0,0,0,0,0,0,,0,0,0,0,0,0,0,66,111,6,1.1960619992821453,1,6,3,1,0,2.121212121212121,0,1,0,1,0,0,0,0.0,0.0,0,0,0,0,0,0,0,0,0,0,0,0,0,1,0,0,0,0,1,5,0,0,0,0,0,0,0,0,0,0,0,0,0,,,0,0,0,0,0,0,0,0,0,0,0,0,,,,0,0,0,0,0,0,0,,0,0,0,0,,0,0,,0,0,0,0,0,0,0,0,0,0,,,,,,,,,,,,,,,,,,,,,,,,,,,,,,,,,,,,,,,,,,,,,,,,,,,,,,,,,,,,,,,,,,,,,,,,,,,,,,,,,,,,,,,,,,,,,,,,,,,,,,,,,,,,,,,,,,,,,,,,,,,,,,,,,,,,,,,,,,,,,,,,,,,,00-0038720,HillJu02,4365395,Julian Hill,2000-07-09,76.0,251.0,Campbell University,,,,,2023,4,14.0,0.0,175.0,0.0,0.47428571428571425,2025.0,Julian Hill,MIA,25.0,TE,14.0,11.0,20.0,15.0,140.0,,6.0,29.0,1.9,111.0,7.4,3.3,1.0,15.0,1.0,0.05,1.0,72.9,2026-02-11,,,,,,,,,,,,,,,,,,,,,,,,,,,,,,,,,,,,,,,,,,,,,,,,,,,,,,,,,,,,,,,,,,,,,,,,,,,,,11,2.4000000000000004,0.0,0,0,0
2025,Mo Alie-Cox,M.Alie-Cox,00-0033217,IND,TE,TE,66.0,11,30.700000000000003,2.790909090909091,17.700000000000003,13.0,13,20,117,1,0.03773584905660377,0.021232876712328767,0.0714667872835358,0,0,0,0,0,0,0,0,419.0,0.3905882352941176,0.07326968973747017,2.790909090909091,3.1700014338970086,11.0,0,TE,"https://static.www.nfl.com/image/upload/f_auto,q_auto/league/ivdxijcqlhfwsydxh6ox",REG,0,0,0,0,0,0,0,,,0,,0,0,0,0,0,0,0,,0,0,0,0,0,0,0,93,77,4,-0.8592697932617739,0,3,3,1,0,1.2580645161290323,0,2,0,0,0,0,0,0.0,0.0,0,0,0,0,0,0,0,0,0,0,0,0,0,0,0,0,0,0,1,10,0,0,0,0,0,0,0,0,0,0,0,0,0,,,0,0,0,0,0,0,0,0,0,0,0,0,,,,0,0,0,0,0,0,0,,0,0,0,0,,0,0,,0,0,0,0,0,0,0,0,0,0,,,,,,,,,,,,,,,,,,,,,,,,,,,,,,,,,,,,,,,,,,,,,,,,,,,,,,,,,,,,,,,,,,,,,,,,,,,,,,,,,,,,,,,,,,,,,,,,,,,,,,,,,,,,,,,,,,,,,,,,,,,,,,,,,,,,,,,,,,,,,,,,,,,,00-0033217,AlieMo00,2998565,Mo Alie-Cox,1993-09-19,77.0,267.0,Virginia Commonwealth Univ.,,,,,2017,9,17.0,0.0,211.0,0.0,0.4641176470588235,2025.0,Mo Alie-Cox,IND,32.0,TE,17.0,6.0,20.0,13.0,117.0,,4.0,40.0,3.1,77.0,5.9,4.7,1.0,13.0,1.0,0.05,1.0,76.5,2026-02-11,,,,,,,,,,,,,,,,,,,,,,,,,,,,,,,,,,,,,,,,,,,,,,,,,,,,,,,,,,,,,,,,,,,,,,,,,,,,,11,1.9,0.0,1,0,0
2025,Luke Farrell,L.Farrell,00-0036887,SF,TE,TE,67.0,13,29.5,2.269230769230769,18.5,11.0,11,14,85,2,0.025454545454545455,0.009543761638733706,0.04486245132893178,0,0,0,0,0,0,0,0,404.0,0.3470588235294118,0.07301980198019802,2.269230769230769,3.3224952007451205,9.5,0,TE,"https://static.www.nfl.com/image/upload/f_auto,q_auto/league/kdq2zratulrdsv4ykugy",REG,0,0,0,0,0,0,0,,,0,,0,0,0,0,0,0,0,,0,0,0,0,0,1,1,41,52,6,3.545898243552074,0,3,0,0,0,2.073170731707317,0,3,0,4,0,0,0,0.0,0.0,0,0,0,0,0,0,0,0,0,0,0,0,0,2,3,0,0,0,1,5,1,0,0,1,1,0,0,0,0,0,0,0,0,,,0,0,0,0,0,0,0,0,0,0,0,0,,,,0,0,0,0,0,0,0,,0,0,0,0,,0,0,,0,0,0,0,0,0,0,0,0,0,L.Farrell,Luke Farrell,TE,TE,"https://static.www.nfl.com/image/upload/f_auto,q_auto/league/kdq2zratulrdsv4ykugy",2025.0,POST,SF,2.0,0.0,0.0,0.0,0.0,0.0,0.0,0.0,0.0,0.0,0.0,0.0,0.0,,,0.0,,0.0,0.0,0.0,0.0,0.0,0.0,0.0,0.0,0.0,0.0,,0.0,0.0,0.0,0.0,0.0,1.0,3.0,1.0,0.0,0.0,0.0,2.0,0.0,0.0,-6.609946614946239,0.0,0.0,0.0,0.0,0.0,0.5,0.05263157894736842,0.0038910505836575876,0.08167110382961294,0.0,1.0,0.0,0.0,0.0,0.0,0.0,0.0,0.0,0.0,0.0,0.0,0.0,0.0,0.0,0.0,0.0,0.0,0.0,0.0,0.0,0.0,0.0,0.0,0.0,0.0,0.0,0.0,0.0,0.0,0.0,0.0,0.0,0.0,0.0,0.0,0.0,0.0,0.0,0.0,0.0,0.0,,,0.0,0.0,0.0,0.0,0.0,0.0,0.0,0.0,0.0,0.0,0.0,0.0,,,,0.0,0.0,0.0,0.0,0.0,0.0,0.0,,0.0,0.0,0.0,0.0,,0.0,0.0,,0.0,0.0,0.0,0.0,0.0,0.0,0.0,0.0,0.0,0.0,0.1,1.1,00-0036887,FarrLu00,4040612,Luke Farrell,1997-10-14,77.0,250.0,Ohio State,2021.0,5.0,145.0,JAX,2021,6,17.0,0.0,270.0,0.0,0.6229411764705882,2025.0,Luke Farrell,SF,28.0,TE,17.0,4.0,14.0,11.0,85.0,,6.0,33.0,3.0,52.0,4.7,2.9,1.0,11.0,0.0,0.0,0.0,131.5,2026-02-11,,,,,,,,,,,,,,,,,,,,,,,,,,,,,,,,,,,,,,,,,,,,,,,,,,,,,,,,,,,,,,,,,,,,,,,,,,,,,13,1.4,0.0,0,0,0
2025,Ben Sinnott,B.Sinnott,00-0039912,WAS,TE,TE,68.0,9,28.4,3.1555555555555554,17.4,11.0,11,13,114,1,0.03009259259259259,0.026513256628314157,0.0636981685287088,0,0,0,0,0,0,0,0,341.0,0.360625,0.08328445747800586,3.1555555555555554,2.3722937798210784,7.4,0,TE,"https://static.www.nfl.com/image/upload/f_auto,q_auto/league/ilkrv6dqajndnlsbmv8f",REG,0,0,0,0,0,0,0,,,0,,0,0,0,0,0,0,0,,0,0,0,0,0,0,0,106,63,5,3.231156126887072,0,3,2,2,0,1.0754716981132075,0,0,0,0,0,0,0,0.0,0.0,0,0,0,0,0,0,0,0,0,0,0,0,0,0,0,0,0,0,4,29,0,0,0,0,0,0,0,0,0,0,0,0,0,,,0,0,0,0,0,0,0,0,0,0,0,0,,,,0,0,0,0,0,0,0,,0,0,0,0,,0,0,,0,0,0,0,0,0,0,0,0,0,,,,,,,,,,,,,,,,,,,,,,,,,,,,,,,,,,,,,,,,,,,,,,,,,,,,,,,,,,,,,,,,,,,,,,,,,,,,,,,,,,,,,,,,,,,,,,,,,,,,,,,,,,,,,,,,,,,,,,,,,,,,,,,,,,,,,,,,,,,,,,,,,,,,00-0039912,SinnBe00,4690923,Ben Sinnott,2002-06-14,76.0,245.0,Kansas State,2024.0,2.0,53.0,WAS,2024,3,16.0,0.0,170.0,0.0,0.425,2025.0,Ben Sinnott,WAS,23.0,TE,16.0,3.0,13.0,11.0,114.0,,5.0,51.0,4.6,63.0,5.7,8.2,1.0,11.0,0.0,0.0,0.0,128.8,2026-02-11,,,,,,,,,,,,,,,,,,,,,,,,,,,,,,,,,,,,,,,,,,,,,,,,,,,,,,,,,,,,,,,,,,,,,,,,,,,,,9,2.3,0.0,0,0,0
2025,John Bates,J.Bates,00-0036628,WAS,TE,TE,69.0,10,27.3,2.73,16.3,11.0,11,16,103,1,0.037037037037037035,0.01200600300150075,0.06395975765660608,0,0,0,0,0,0,0,0,479.0,0.514,0.0569937369519833,2.73,2.6549952918978974,9.3,0,TE,"https://static.www.nfl.com/image/upload/f_auto,q_auto/league/sqaiwpind6kk4ns4acql",REG,0,0,0,0,0,0,0,,,0,,0,0,0,0,0,0,0,,0,0,0,0,0,0,0,48,68,6,7.804723948065657,0,5,2,1,0,2.1458333333333335,0,0,0,1,0,0,0,0.0,0.0,0,0,0,0,0,0,0,0,0,0,0,0,0,1,0,0,0,0,1,10,0,0,0,0,0,0,0,0,0,0,0,0,0,,,0,0,0,0,0,0,0,0,0,0,0,0,,,,0,0,0,0,0,0,0,,0,0,0,0,,0,0,,0,0,0,0,0,0,0,0,0,0,,,,,,,,,,,,,,,,,,,,,,,,,,,,,,,,,,,,,,,,,,,,,,,,,,,,,,,,,,,,,,,,,,,,,,,,,,,,,,,,,,,,,,,,,,,,,,,,,,,,,,,,,,,,,,,,,,,,,,,,,,,,,,,,,,,,,,,,,,,,,,,,,,,,00-0036628,BateJo00,4048228,John Bates,1997-11-06,78.0,256.0,Boise State,2021.0,4.0,124.0,WAS,2021,6,15.0,0.0,179.0,0.0,0.49333333333333335,2025.0,John Bates,WAS,28.0,TE,15.0,11.0,16.0,11.0,103.0,,6.0,35.0,3.2,68.0,6.2,3.0,0.0,,1.0,0.063,0.0,107.0,2026-02-11,,,,,,,,,,,,,,,,,,,,,,,,,,,,,,,,,,,,,,,,,,,,,,,,,,,,,,,,,,,,,,,,,,,,,,,,,,,,,10,2.4,0.0,0,0,0
2025,Luke Schoonmaker,L.Schoonmaker,00-0038547,DAL,TE,TE,70.0,14,27.200000000000003,1.942857142857143,13.200000000000001,14.000000000000002,14,23,132,0,0.03789126853377265,0.032550798974156636,0.07962246208256862,0,0,0,0,0,0,0,0,391.0,0.32941176470588235,0.06956521739130435,1.942857142857143,1.428670326247067,4.5,0,TE,"https://static.www.nfl.com/image/upload/f_auto,q_auto/league/g1slhy5joxxfeudlzrh9",REG,0,0,0,0,0,0,0,,,0,,0,0,0,0,0,0,0,,0,0,0,0,0,0,0,165,82,7,3.6401566509739496,0,7,1,1,0,0.8,0,2,0,1,0,0,0,0.0,0.0,0,0,0,0,0,0,0,0,0,0,0,0,0,0,0,0,0,0,2,10,0,0,0,0,0,0,0,0,0,0,0,0,0,,,0,0,0,0,0,0,0,0,0,0,0,0,,,,0,0,0,0,0,0,0,,0,0,0,0,,0,0,,0,0,0,0,0,0,0,0,0,0,,,,,,,,,,,,,,,,,,,,,,,,,,,,,,,,,,,,,,,,,,,,,,,,,,,,,,,,,,,,,,,,,,,,,,,,,,,,,,,,,,,,,,,,,,,,,,,,,,,,,,,,,,,,,,,,,,,,,,,,,,,,,,,,,,,,,,,,,,,,,,,,,,,,00-0038547,SchoLu00,4372096,Luke Schoonmaker,1998-09-28,77.0,250.0,Michigan,2023.0,2.0,58.0,DAL,2023,4,17.0,0.0,241.0,0.0,0.4970588235294117,2025.0,Luke Schoonmaker,DAL,27.0,TE,17.0,7.0,23.0,14.0,132.0,,7.0,50.0,3.6,82.0,5.9,7.1,1.0,14.0,1.0,0.043,0.0,76.7,2026-02-11,,,,,,,,,,,,,,,,,,,,,,,,,,,,,,,,,,,,,,,,,,,,,,,,,,,,,,,,,,,,,,,,,,,,,,,,,,,,,14,2.0,0.0,0,0,0
2025,John FitzPatrick,J.FitzPatrick,00-0037306,GB,TE,TE,71.0,11,25.2,2.290909090909091,13.2,12.0,12,15,72,1,0.03260869565217391,0.005603548914312398,0.05283552771827954,0,0,0,0,0,0,0,0,335.0,0.3606666666666667,0.07522388059701492,2.290909090909091,2.722665805953623,9.2,0,TE,"https://static.www.nfl.com/image/upload/f_auto,q_auto/league/kopyksw2p51nivtldayc",REG,0,0,0,0,0,0,0,,,0,,0,0,0,0,0,0,0,,0,0,0,0,0,0,0,24,57,4,3.7618108466267586,0,1,0,0,0,3.0,0,0,0,0,0,0,0,0.0,0.0,0,0,0,0,0,0,0,0,0,0,0,0,0,0,0,0,0,0,4,25,0,0,0,0,0,0,0,0,0,0,0,0,0,,,0,0,0,0,0,0,0,0,0,0,0,0,,,,0,0,0,0,0,0,0,,0,0,0,0,,0,0,,0,0,0,0,0,0,0,0,0,0,,,,,,,,,,,,,,,,,,,,,,,,,,,,,,,,,,,,,,,,,,,,,,,,,,,,,,,,,,,,,,,,,,,,,,,,,,,,,,,,,,,,,,,,,,,,,,,,,,,,,,,,,,,,,,,,,,,,,,,,,,,,,,,,,,,,,,,,,,,,,,,,,,,,00-0037306,FitzJo00,4379401,John FitzPatrick,2000-03-09,79.0,262.0,Georgia,2022.0,6.0,213.0,ATL,2022,4,15.0,0.0,40.0,0.0,0.10400000000000001,2025.0,John FitzPatrick,GB,25.0,TE,15.0,4.0,15.0,12.0,72.0,,4.0,15.0,1.3,57.0,4.8,1.6,0.0,,2.0,0.133,0.0,108.9,2026-02-11,,,,,,,,,,,,,,,,,,,,,,,,,,,,,,,,,,,,,,,,,,,,,,,,,,,,,,,,,,,,,,,,,,,,,,,,,,,,,11,1.5,0.0,0,0,0
2025,Ian Thomas,I.Thomas,00-0034365,LV,TE,TE,72.0,9,24.4,2.711111111111111,11.4,12.999999999999998,13,13,114,0,0.02631578947368421,0.013092269326683292,0.04863827273920462,0,0,0,0,0,0,0,0,318.0,0.3593333333333334,0.07672955974842767,2.711111111111111,2.452266525300851,7.6,0,TE,"https://static.www.nfl.com/image/upload/f_auto,q_auto/league/gvpwnq0mjefjlekgzxro",REG,0,0,0,0,0,0,0,,,0,,0,0,0,0,0,0,0,,0,0,0,0,0,0,0,42,72,5,5.073345937766135,0,4,1,1,0,2.7142857142857144,0,0,0,1,0,0,0,0.0,0.0,0,0,0,0,0,0,0,0,0,0,0,0,0,0,0,0,0,0,1,10,0,0,0,0,0,0,0,0,0,0,0,0,0,,,0,0,0,0,0,0,0,0,0,0,0,0,,,,0,0,0,0,0,0,0,,0,0,0,0,,0,0,,0,0,0,0,0,0,0,0,0,0,,,,,,,,,,,,,,,,,,,,,,,,,,,,,,,,,,,,,,,,,,,,,,,,,,,,,,,,,,,,,,,,,,,,,,,,,,,,,,,,,,,,,,,,,,,,,,,,,,,,,,,,,,,,,,,,,,,,,,,,,,,,,,,,,,,,,,,,,,,,,,,,,,,,00-0034365,ThomIa00,4045305,Ian Thomas,1996-06-06,75.0,253.0,Indiana; Nassau CC,2018.0,4.0,101.0,CAR,2018,9,15.0,0.0,96.0,0.0,0.26066666666666666,2025.0,Ian Thomas,LV,29.0,TE,15.0,10.0,13.0,13.0,114.0,,5.0,42.0,3.2,72.0,5.5,3.2,0.0,,0.0,0.0,0.0,103.2,2026-02-11,,,,,,,,,,,,,,,,,,,,,,,,,,,,,,,,,,,,,,,,,,,,,,,,,,,,,,,,,,,,,,,,,,,,,,,,,,,,,9,1.9,0.0,0,0,0
2025,Brevyn Spann-Ford,B.Spann-Ford,00-0039530,DAL,TE,TE,73.0,16,24.0,1.5,15.0,9.0,9,13,90,1,0.0214168039538715,0.021108699940816728,0.04690129588937896,0,0,0,0,0,0,0,0,300.0,0.24882352941176467,0.08,1.5,2.193323201597673,7.4,0,TE,"https://static.www.nfl.com/image/upload/f_auto,q_auto/league/sko2pmuqociwa92ep1ad",REG,0,0,0,0,0,0,0,,,0,,0,0,0,0,0,0,0,,0,0,0,0,0,0,0,107,33,4,-0.6427222738275304,0,2,2,2,0,0.8411214953271028,0,9,0,11,0,0,0,0.0,0.0,0,0,0,0,0,0,0,0,0,0,0,0,0,0,0,0,0,0,0,0,0,0,0,0,0,0,0,0,0,0,0,0,0,,,0,0,0,0,0,0,0,0,0,0,0,0,,,,0,0,0,0,0,0,0,,0,0,0,0,,0,0,,0,0,0,0,0,0,0,0,0,0,,,,,,,,,,,,,,,,,,,,,,,,,,,,,,,,,,,,,,,,,,,,,,,,,,,,,,,,,,,,,,,,,,,,,,,,,,,,,,,,,,,,,,,,,,,,,,,,,,,,,,,,,,,,,,,,,,,,,,,,,,,,,,,,,,,,,,,,,,,,,,,,,,,,00-0039530,SpanBr00,4360967,Brevyn Spann-Ford,1999-12-27,78.0,265.0,Minnesota,,,,,2024,3,17.0,0.0,243.0,0.0,0.4964705882352941,2025.0,Brevyn Spann-Ford,DAL,26.0,TE,17.0,5.0,13.0,9.0,90.0,,4.0,57.0,6.3,33.0,3.7,8.2,0.0,,0.0,0.0,1.0,82.2,2026-02-11,,,,,,,,,,,,,,,,,,,,,,,,,,,,,,,,,,,,,,,,,,,,,,,,,,,,,,,,,,,,,,,,,,,,,,,,,,,,,16,0.6,0.0,0,0,0
2025,Grant Calcaterra,G.Calcaterra,00-0037086,PHI,TE,TE,74.0,9,22.6,2.511111111111111,13.600000000000001,9.0,9,13,76,1,0.028017241379310345,0.018960517510595583,0.05529822432638243,0,0,0,0,0,0,0,0,380.0,0.4026666666666667,0.05947368421052632,2.511111111111111,3.0803589256953665,10.1,0,TE,"https://static.www.nfl.com/image/upload/f_auto,q_auto/league/inpyxw55sxo96shrt4si",REG,0,0,0,0,0,0,0,,,0,,0,0,0,0,0,0,0,,0,0,0,0,0,0,0,85,31,4,0.9738252951065078,0,3,1,0,0,0.8941176470588236,0,1,0,0,0,0,0,0.0,0.0,0,0,0,0,0,0,0,0,0,0,0,0,0,1,0,0,0,0,1,5,0,0,0,0,0,0,0,0,0,0,0,0,0,,,0,0,0,0,0,0,0,0,0,0,0,0,,,,0,0,0,0,0,0,0,,0,0,0,0,,0,0,,0,0,0,0,0,0,0,0,0,0,,,,,,,,,,,,,,,,,,,,,,,,,,,,,,,,,,,,,,,,,,,,,,,,,,,,,,,,,,,,,,,,,,,,,,,,,,,,,,,,,,,,,,,,,,,,,,,,,,,,,,,,,,,,,,,,,,,,,,,,,,,,,,,,,,,,,,,,,,,,,,,,,,,,00-0037086,CalcGr00,4241374,Grant Calcaterra,1998-12-04,76.0,240.0,SMU; Oklahoma,2022.0,6.0,198.0,PHI,2022,5,15.0,0.0,166.0,0.0,0.42933333333333334,2025.0,Grant Calcaterra,PHI,27.0,TE,15.0,6.0,13.0,9.0,76.0,,4.0,45.0,5.0,31.0,3.4,6.5,0.0,,0.0,0.0,0.0,109.8,2026-02-11,,,,,,,,,,,,,,,,,,,,,,,,,,,,,,,,,,,,,,,,,,,,,,,,,,,,,,,,,,,,,,,,,,,,,,,,,,,,,9,1.6,0.0,1,0,0
2025,Will Dissly,W.Dissly,00-0034159,LAC,TE,TE,75.0,8,20.700000000000003,2.5875000000000004,9.700000000000001,11.000000000000002,11,16,97,0,0.029411764705882353,0.01583809942806863,0.055204316658471565,0,0,0,0,0,0,0,0,189.0,0.3188888888888889,0.10952380952380954,2.5875000000000004,1.8604434955139058,5.800000000000001,0,TE,"https://static.www.nfl.com/image/upload/f_auto,q_auto/league/b2s1wwxsgkenwlxmncu3",REG,0,0,0,0,0,0,0,,,0,,0,0,0,0,0,0,0,,0,0,0,0,0,0,0,72,66,5,2.8003249204092184,0,4,2,0,0,1.3472222222222223,0,0,0,0,0,0,0,0.0,0.0,0,0,0,0,0,0,0,0,0,0,0,0,0,0,0,0,0,0,1,10,0,0,0,0,0,0,0,0,0,0,0,0,0,,,0,0,0,0,0,0,0,0,0,0,0,0,,,,0,0,0,0,0,0,0,,0,0,0,0,,0,0,,0,0,0,0,0,0,0,0,0,0,,,,,,,,,,,,,,,,,,,,,,,,,,,,,,,,,,,,,,,,,,,,,,,,,,,,,,,,,,,,,,,,,,,,,,,,,,,,,,,,,,,,,,,,,,,,,,,,,,,,,,,,,,,,,,,,,,,,,,,,,,,,,,,,,,,,,,,,,,,,,,,,,,,,00-0034159,DissWi00,3127292,Will Dissly,1996-07-08,76.0,265.0,Washington,2018.0,4.0,120.0,SEA,2018,8,9.0,0.0,63.0,0.0,0.2611111111111111,2025.0,Will Dissly,LAC,29.0,TE,9.0,2.0,16.0,11.0,97.0,,5.0,31.0,2.8,66.0,6.0,4.5,0.0,,1.0,0.063,0.0,84.6,2026-02-11,,,,,,,,,,,,,,,,,,,,,,,,,,,,,,,,,,,,,,,,,,,,,,,,,,,,,,,,,,,,,,,,,,,,,,,,,,,,,8,2.25,0.0,0,0,0
2025,Johnny Mundt,J.Mundt,00-0033246,JAX,TE,TE,76.0,12,20.1,1.675,11.100000000000001,9.0,9,19,111,0,0.03473491773308958,0.020491803278688523,0.06644663889471633,0,0,0,0,0,0,0,0,389.0,0.358125,0.05167095115681234,1.675,1.4441889828487886,4.5,0,TE,"https://static.www.nfl.com/image/upload/f_auto,q_auto/league/gbsnomwbzavt5124vvaz",REG,0,0,0,0,0,0,0,,,0,,0,0,0,0,0,0,0,,0,0,0,0,0,0,0,100,76,6,3.975217542727478,0,5,3,1,0,1.11,0,1,0,0,0,0,0,0.0,0.0,0,0,0,0,0,0,0,0,0,0,0,0,0,0,0,0,0,0,3,20,0,0,0,0,0,0,0,0,0,0,0,0,0,,,0,0,0,0,0,0,0,0,0,0,0,0,,,,0,0,0,0,0,0,0,,0,0,0,0,,0,0,,0,0,0,0,0,0,0,0,0,0,,,,,,,,,,,,,,,,,,,,,,,,,,,,,,,,,,,,,,,,,,,,,,,,,,,,,,,,,,,,,,,,,,,,,,,,,,,,,,,,,,,,,,,,,,,,,,,,,,,,,,,,,,,,,,,,,,,,,,,,,,,,,,,,,,,,,,,,,,,,,,,,,,,,00-0033246,MundJo00,3052096,Johnny Mundt,1994-11-23,76.0,245.0,Oregon,,,,,2017,9,16.0,0.0,70.0,0.0,0.171875,2025.0,Johnny Mundt,JAX,31.0,TE,16.0,6.0,19.0,9.0,111.0,,6.0,35.0,3.9,76.0,8.4,5.1,2.0,4.5,3.0,0.158,0.0,65.9,2026-02-11,,,,,,,,,,,,,,,,,,,,,,,,,,,,,,,,,,,,,,,,,,,,,,,,,,,,,,,,,,,,,,,,,,,,,,,,,,,,,12,1.8,0.0,0,0,0
2025,Cade Stover,C.Stover,00-0039359,HOU,TE,TE,77.0,6,19.9,3.3166666666666664,7.9,11.999999999999998,12,16,76,0,0.028933092224231464,0.0065057712486883525,0.04795367821042904,4,3,0,0,0,0,0,0,263.0,0.44,0.07566539923954373,3.316666666666667,2.2622260423456066,6.2,0,TE,"https://static.www.nfl.com/image/upload/f_auto,q_auto/league/ur3ihcg0rkeqbfiksj5y",REG,0,0,0,0,0,0,0,,,0,,0,0,0,0,0,0,2,-4.278519378392957,0,0,0,0,0,0,0,31,52,4,2.216628451948054,0,2,0,0,0,2.4516129032258065,0,2,0,0,0,0,0,0.0,0.0,0,0,0,0,0,0,0,0,0,0,0,0,0,0,0,0,0,0,1,5,0,0,0,0,0,0,0,0,0,0,0,0,0,,,0,0,0,0,0,0,0,0,0,0,0,0,,,,0,0,0,0,0,0,0,,0,0,0,0,,0,0,,0,0,0,0,0,0,0,0,0,0,C.Stover,Cade Stover,TE,TE,"https://static.www.nfl.com/image/upload/f_auto,q_auto/league/ur3ihcg0rkeqbfiksj5y",2025.0,POST,HOU,2.0,0.0,0.0,0.0,0.0,0.0,0.0,0.0,0.0,0.0,0.0,0.0,0.0,,,0.0,,0.0,0.0,0.0,0.0,3.0,10.0,0.0,0.0,0.0,3.0,1.1478087936411612,0.0,0.0,0.0,0.0,0.0,3.0,5.0,15.0,0.0,0.0,0.0,14.0,11.0,0.0,-1.3224952651071362,0.0,0.0,0.0,0.0,0.0,1.0714285714285714,0.06493506493506493,0.019971469329529243,0.11138262593326786,0.0,0.0,0.0,0.0,0.0,0.0,0.0,0.0,0.0,0.0,0.0,0.0,0.0,0.0,0.0,0.0,0.0,0.0,0.0,0.0,0.0,0.0,0.0,0.0,0.0,0.0,0.0,1.0,5.0,0.0,0.0,0.0,0.0,0.0,0.0,0.0,0.0,0.0,0.0,0.0,0.0,0.0,,,0.0,0.0,0.0,0.0,0.0,0.0,0.0,0.0,0.0,0.0,0.0,0.0,,,,0.0,0.0,0.0,0.0,0.0,0.0,0.0,,0.0,0.0,0.0,0.0,,0.0,0.0,,0.0,0.0,0.0,0.0,0.0,0.0,0.0,0.0,0.0,0.0,2.5,5.5,00-0039359,StovCa00,4426496,Cade Stover,2000-06-12,76.0,251.0,Ohio State,2024.0,4.0,123.0,HOU,2024,3,9.0,0.0,113.0,0.0,0.4411111111111111,2025.0,Cade Stover,HOU,25.0,TE,9.0,7.0,16.0,12.0,76.0,,4.0,24.0,2.0,52.0,4.3,1.9,1.0,12.0,1.0,0.063,0.0,84.4,2026-02-11,2025.0,Cade Stover,HOU,25.0,TE,9.0,7.0,4.0,3.0,,2.0,0.0,0.0,3.0,0.8,0.0,,2026-02-11,,,,,,,,,,,,,,,,,,,,,,,,,,,,,,,,,,,,,,,,,,,,,,,,,,,,,,,,,,,6,3.3000000000000003,0.0,0,0,0
2025,Tanner Conner,T.Conner,00-0037348,MIA,TE,TE,78.0,8,18.1,2.2625,9.1,9.000000000000002,9,15,91,0,0.032467532467532464,0.03539559785841761,0.07347821720219103,0,0,0,0,0,0,0,0,181.0,0.3433333333333333,0.1,2.2625,1.5918879178061323,4.0,0,TE,"https://static.www.nfl.com/image/upload/f_auto,q_auto/league/hya7vfgtuyx5k4tnhmic",REG,0,0,0,0,0,0,0,,,0,,0,0,0,0,0,0,0,,0,0,0,0,0,0,0,119,39,3,-6.508350265794434,0,4,1,1,0,0.7647058823529411,0,1,0,1,0,0,0,0.0,0.0,0,0,0,0,0,0,0,0,0,0,0,0,0,0,0,0,0,0,1,10,0,0,0,0,0,0,0,0,0,0,0,0,0,,,0,0,0,0,0,0,0,0,0,0,0,0,,,,0,0,0,0,0,0,0,,0,0,0,0,,0,0,,0,0,0,0,0,0,0,0,0,0,,,,,,,,,,,,,,,,,,,,,,,,,,,,,,,,,,,,,,,,,,,,,,,,,,,,,,,,,,,,,,,,,,,,,,,,,,,,,,,,,,,,,,,,,,,,,,,,,,,,,,,,,,,,,,,,,,,,,,,,,,,,,,,,,,,,,,,,,,,,,,,,,,,,00-0037348,ConnTa00,4047422,Tanner Conner,1998-03-20,75.0,237.0,Idaho State,,,,,2022,3,9.0,0.0,116.0,0.0,0.5,2025.0,Tanner Conner,MIA,27.0,TE,9.0,0.0,15.0,9.0,91.0,,3.0,52.0,5.8,39.0,4.3,6.5,0.0,,1.0,0.067,1.0,49.6,2026-02-11,,,,,,,,,,,,,,,,,,,,,,,,,,,,,,,,,,,,,,,,,,,,,,,,,,,,,,,,,,,,,,,,,,,,,,,,,,,,,8,2.45,0.0,0,0,0
2025,Quintin Morris,Q.Morris,00-0036590,JAX,TE,TE,79.0,11,17.5,1.5909090909090908,11.5,6.0,6,9,55,1,0.016453382084095063,0.009221311475409836,0.031134991158929478,0,0,0,0,0,0,0,0,214.0,0.23285714285714285,0.08177570093457943,1.5909090909090908,2.383885293152565,7.5,0,TE,"https://static.www.nfl.com/image/upload/f_auto,q_auto/league/auqtvapzdtpdxg6myw6b",REG,0,0,0,0,0,0,0,,,0,,0,0,0,0,0,0,0,,0,0,0,0,0,0,0,45,21,4,-0.6182140313030686,0,3,0,0,0,1.2222222222222223,0,3,1,4,0,0,0,0.0,0.0,0,0,0,0,0,0,0,0,0,0,0,0,0,0,0,0,0,0,0,0,0,0,0,0,0,0,0,0,0,0,0,0,0,,,0,0,0,0,0,0,0,0,0,0,0,0,,,,0,0,0,0,0,0,0,,0,0,0,0,,0,0,,0,0,0,0,0,0,0,0,0,0,,,,,,,,,,,,,,,,,,,,,,,,,,,,,,,,,,,,,,,,,,,,,,,,,,,,,,,,,,,,,,,,,,,,,,,,,,,,,,,,,,,,,,,,,,,,,,,,,,,,,,,,,,,,,,,,,,,,,,,,,,,,,,,,,,,,,,,,,,,,,,,,,,,,00-0036590,MorrQu00,4244049,Quintin Morris,1999-01-21,74.0,243.0,Bowling Green,,,,,2021,5,14.0,0.0,253.0,0.0,0.6657142857142857,2025.0,Quintin Morris,JAX,26.0,TE,14.0,5.0,9.0,6.0,55.0,,4.0,34.0,5.7,21.0,3.5,5.0,0.0,,0.0,0.0,0.0,120.1,2026-02-11,,,,,,,,,,,,,,,,,,,,,,,,,,,,,,,,,,,,,,,,,,,,,,,,,,,,,,,,,,,,,,,,,,,,,,,,,,,,,11,0.0,0.0,0,0,0
2025,Tyler Conklin,T.Conklin,00-0034270,LAC,TE,TE,80.0,6,17.3,2.8833333333333333,10.3,7.0,7,10,101,0,0.01838235294117647,0.009898812142542894,0.03450269791154473,1,2,0,0,0,0,0,0,169.0,0.19230769230769232,0.10236686390532544,2.8833333333333333,2.685082245791862,7.2,0,TE,"https://static.www.nfl.com/image/upload/f_auto,q_auto/league/knjuzxnzsfjxwcjxp5en",REG,0,0,0,0,0,0,0,,,0,,0,0,0,0,0,0,1,0.5390934753813781,0,0,0,0,0,1,0,45,57,3,-3.6796338687047383,0,4,3,2,0,2.2444444444444445,0,0,0,0,0,0,0,0.0,0.0,0,0,0,0,0,0,0,0,0,0,0,0,0,0,0,0,0,0,0,0,1,0,1,1,0,0,0,0,0,0,0,0,0,,,0,0,0,0,0,0,0,0,0,0,0,0,,,,0,0,0,0,0,0,0,,0,0,0,0,,0,0,,0,0,0,0,0,0,0,0,0,0,,,,,,,,,,,,,,,,,,,,,,,,,,,,,,,,,,,,,,,,,,,,,,,,,,,,,,,,,,,,,,,,,,,,,,,,,,,,,,,,,,,,,,,,,,,,,,,,,,,,,,,,,,,,,,,,,,,,,,,,,,,,,,,,,,,,,,,,,,,,,,,,,,,,00-0034270,ConkTy00,3915486,Tyler Conklin,1995-07-30,75.0,245.0,Central Michigan; Northwood,2018.0,5.0,157.0,MIN,2018,9,13.0,0.0,113.0,0.0,0.33384615384615385,2025.0,Tyler Conklin,LAC,30.0,TE,13.0,5.0,10.0,7.0,101.0,,3.0,44.0,6.3,57.0,8.1,4.5,1.0,7.0,2.0,0.2,0.0,102.5,2026-02-11,2025.0,Tyler Conklin,LAC,30.0,TE,13.0,5.0,1.0,2.0,,1.0,2.0,2.0,0.0,0.0,0.0,,2026-02-11,,,,,,,,,,,,,,,,,,,,,,,,,,,,,,,,,,,,,,,,,,,,,,,,,,,,,,,,,,,6,1.9000000000000001,0.0,0,0,0
2025,Nate Adkins,N.Adkins,00-0038783,DEN,TE,TE,81.0,6,16.8,2.8000000000000003,10.8,6.0,6,11,48,1,0.018835616438356163,0.007798573975044563,0.03371242644006544,0,0,0,0,0,0,0,0,199.0,0.3277777777777778,0.08442211055276383,2.8000000000000003,4.032369030731191,10.3,0,TE,"https://static.www.nfl.com/image/upload/f_auto,q_auto/league/hedaw0ksq5qdzp9uhe3w",REG,0,0,0,0,0,0,0,,,0,,0,0,0,0,0,0,0,,0,0,0,0,0,0,0,35,26,3,-0.6282122216071002,0,2,1,0,0,1.3714285714285714,0,0,0,2,0,0,0,0.0,0.0,0,0,0,0,0,0,0,0,0,0,0,0,0,0,0,0,0,0,0,0,0,0,0,0,0,0,0,0,0,0,0,0,0,,,0,0,0,0,0,0,0,0,0,0,0,0,,,,0,0,0,0,0,0,0,,0,0,0,0,,0,0,,0,0,0,0,0,0,0,0,0,0,N.Adkins,Nate Adkins,TE,TE,"https://static.www.nfl.com/image/upload/f_auto,q_auto/league/hedaw0ksq5qdzp9uhe3w",2025.0,POST,DEN,1.0,0.0,0.0,0.0,0.0,0.0,0.0,0.0,0.0,0.0,0.0,0.0,0.0,,,0.0,,0.0,0.0,0.0,0.0,0.0,0.0,0.0,0.0,0.0,0.0,,0.0,0.0,0.0,0.0,0.0,1.0,1.0,1.0,0.0,0.0,0.0,1.0,0.0,0.0,-0.5682338469196111,0.0,0.0,0.0,0.0,0.0,1.0,0.014492753623188406,0.002053388090349076,0.02317650209802696,0.0,0.0,0.0,0.0,0.0,0.0,0.0,0.0,0.0,0.0,0.0,0.0,0.0,0.0,0.0,0.0,0.0,0.0,0.0,0.0,0.0,0.0,0.0,0.0,0.0,0.0,0.0,0.0,0.0,0.0,0.0,0.0,0.0,0.0,0.0,0.0,0.0,0.0,0.0,0.0,0.0,0.0,,,0.0,0.0,0.0,0.0,0.0,0.0,0.0,0.0,0.0,0.0,0.0,0.0,,,,0.0,0.0,0.0,0.0,0.0,0.0,0.0,,0.0,0.0,0.0,0.0,,0.0,0.0,,0.0,0.0,0.0,0.0,0.0,0.0,0.0,0.0,0.0,0.0,0.1,1.1,00-0038783,AdkiNa00,4383440,Nate Adkins,1999-07-09,75.0,252.0,South Carolina,,,,,2023,4,9.0,0.0,46.0,0.0,0.17777777777777778,2025.0,Nate Adkins,DEN,26.0,TE,9.0,6.0,11.0,6.0,48.0,,3.0,22.0,3.7,26.0,4.3,3.2,0.0,,3.0,0.273,0.0,96.0,2026-02-11,,,,,,,,,,,,,,,,,,,,,,,,,,,,,,,,,,,,,,,,,,,,,,,,,,,,,,,,,,,,,,,,,,,,,,,,,,,,,6,1.25,0.0,1,0,0
2025,Jack Stoll,J.Stoll,00-0036741,NO,TE,TE,82.0,9,16.6,1.8444444444444446,10.600000000000001,6.0,6,11,46,1,0.019469026548672566,0.007102569458951326,0.034175338444274776,0,0,0,0,0,0,0,0,209.0,0.20866666666666667,0.07942583732057416,1.8444444444444446,3.201995905334324,10.1,0,TE,"https://static.www.nfl.com/image/upload/f_auto,q_auto/league/vx5eqo8t1qvj0ijwmiwm",REG,0,0,0,0,0,0,0,,,0,,0,0,0,0,0,0,0,,0,0,0,0,0,0,0,34,17,2,-5.0341330545488745,0,1,0,0,0,1.3529411764705883,0,2,0,0,0,0,0,0.0,0.0,0,0,0,0,0,0,0,0,0,0,0,0,0,0,0,0,0,0,0,0,0,0,0,0,0,0,0,0,0,0,0,0,0,,,0,0,0,0,0,0,0,0,0,0,0,0,,,,0,0,0,0,0,0,0,,0,0,0,0,,0,0,,0,0,0,0,0,0,0,0,0,0,,,,,,,,,,,,,,,,,,,,,,,,,,,,,,,,,,,,,,,,,,,,,,,,,,,,,,,,,,,,,,,,,,,,,,,,,,,,,,,,,,,,,,,,,,,,,,,,,,,,,,,,,,,,,,,,,,,,,,,,,,,,,,,,,,,,,,,,,,,,,,,,,,,,00-0036741,StolJa00,4034862,Jack Stoll,1998-01-28,76.0,247.0,Nebraska,,,,,2021,5,15.0,0.0,132.0,0.0,0.35133333333333333,2025.0,Jack Stoll,NO,27.0,TE,15.0,4.0,11.0,6.0,46.0,,2.0,29.0,4.8,17.0,2.8,3.1,0.0,,0.0,0.0,1.0,57.4,2026-02-11,,,,,,,,,,,,,,,,,,,,,,,,,,,,,,,,,,,,,,,,,,,,,,,,,,,,,,,,,,,,,,,,,,,,,,,,,,,,,9,1.4,0.0,1,0,0
2025,Josh Whyle,J.Whyle,00-0038589,GB,TE,TE,83.0,6,14.6,2.433333333333333,9.6,5.0,5,6,36,1,0.013043478260869565,0.005370067709549381,0.02332426478798891,0,0,0,0,0,0,0,0,176.0,0.39875,0.08295454545454545,2.433333333333333,2.54296414970142,7.2,0,TE,"https://static.www.nfl.com/image/upload/f_auto,q_auto/league/an9hxzbzmg6kgkdai022",REG,0,0,0,0,0,0,0,,,0,,0,0,0,0,0,0,0,,0,0,0,0,0,0,0,23,21,2,2.199035870014434,0,1,1,1,0,1.565217391304348,0,0,0,0,0,0,0,0.0,0.0,0,0,0,0,0,0,0,0,0,0,0,0,0,0,0,0,0,0,1,10,0,0,0,0,0,0,0,0,0,0,0,0,0,,,0,0,0,0,0,0,0,0,0,0,0,0,,,,0,0,0,0,0,0,0,,0,0,0,0,,0,0,,0,0,0,0,0,0,0,0,0,0,J.Whyle,Josh Whyle,TE,TE,"https://static.www.nfl.com/image/upload/f_auto,q_auto/league/an9hxzbzmg6kgkdai022",2025.0,POST,GB,1.0,0.0,0.0,0.0,0.0,0.0,0.0,0.0,0.0,0.0,0.0,0.0,0.0,,,0.0,,0.0,0.0,0.0,0.0,0.0,0.0,0.0,0.0,0.0,0.0,,0.0,0.0,0.0,0.0,0.0,1.0,1.0,7.0,0.0,0.0,0.0,4.0,3.0,0.0,0.33441251277690753,0.0,0.0,0.0,0.0,0.0,1.75,0.02631578947368421,0.008528784648187633,0.045443833464257656,0.0,0.0,0.0,0.0,0.0,0.0,0.0,0.0,0.0,0.0,0.0,0.0,0.0,0.0,0.0,0.0,0.0,0.0,0.0,0.0,0.0,0.0,0.0,0.0,0.0,0.0,0.0,1.0,10.0,0.0,0.0,0.0,0.0,0.0,0.0,0.0,0.0,0.0,0.0,0.0,0.0,0.0,,,0.0,0.0,0.0,0.0,0.0,0.0,0.0,0.0,0.0,0.0,0.0,0.0,,,,0.0,0.0,0.0,0.0,0.0,0.0,0.0,,0.0,0.0,0.0,0.0,,0.0,0.0,,0.0,0.0,0.0,0.0,0.0,0.0,0.0,0.0,0.0,0.0,0.7000000000000001,1.7000000000000002,00-0038589,WhylJo01,4360086,Josh Whyle,1999-09-08,79.0,248.0,Cincinnati,2023.0,5.0,147.0,TEN,2023,4,8.0,0.0,51.0,0.0,0.27125,2025.0,Josh Whyle,GB,26.0,TE,8.0,1.0,6.0,5.0,36.0,,2.0,15.0,3.0,21.0,4.2,3.8,0.0,,0.0,0.0,0.0,131.2,2026-02-11,,,,,,,,,,,,,,,,,,,,,,,,,,,,,,,,,,,,,,,,,,,,,,,,,,,,,,,,,,,,,,,,,,,,,,,,,,,,,6,1.6,0.0,0,0,0
2025,Anthony Firkser,A.Firkser,00-0033455,DET,TE,TE,84.0,5,13.3,2.66,5.300000000000001,8.0,8,10,53,0,0.01818181818181818,0.009378349410503752,0.0338375718600799,0,0,0,0,0,0,0,0,187.0,0.3971428571428572,0.07112299465240642,2.66,3.094834405909305,8.0,0,TE,"https://static.www.nfl.com/image/upload/f_auto,q_auto/league/rpbs9wsnuhu9tgipzwuv",REG,0,0,0,0,0,0,0,,,0,,0,0,0,0,0,0,0,,0,0,0,0,0,0,0,35,12,4,1.6356238306616433,0,2,1,0,0,1.5142857142857142,0,0,0,0,0,0,0,0.0,0.0,0,0,0,0,0,0,0,0,0,0,0,0,0,0,0,0,0,0,0,0,0,0,0,0,0,0,0,0,0,0,0,0,0,,,0,0,0,0,0,0,0,0,0,0,0,0,,,,0,0,0,0,0,0,0,,0,0,0,0,,0,0,,0,0,0,0,0,0,0,0,0,0,,,,,,,,,,,,,,,,,,,,,,,,,,,,,,,,,,,,,,,,,,,,,,,,,,,,,,,,,,,,,,,,,,,,,,,,,,,,,,,,,,,,,,,,,,,,,,,,,,,,,,,,,,,,,,,,,,,,,,,,,,,,,,,,,,,,,,,,,,,,,,,,,,,,00-0033455,FirkAn00,3049698,Anthony Firkser,1995-02-19,74.0,246.0,Harvard,,,,,2017,7,7.0,0.0,80.0,0.0,0.4228571428571429,2025.0,Anthony Firkser,DET,30.0,TE,7.0,4.0,10.0,8.0,53.0,,4.0,41.0,5.1,12.0,1.5,3.5,0.0,,0.0,0.0,0.0,88.7,2026-02-11,,,,,,,,,,,,,,,,,,,,,,,,,,,,,,,,,,,,,,,,,,,,,,,,,,,,,,,,,,,,,,,,,,,,,,,,,,,,,5,1.7000000000000002,0.0,0,0,0
2025,David Martin-Robinson,D.Martin-Robinson,00-0039648,TEN,TE,TE,85.0,11,13.0,1.1818181818181819,9.0,4.0,4,6,30,1,0.011320754716981131,0.0057299451918286,0.02099209370975172,0,0,0,0,0,0,0,0,134.0,0.12705882352941178,0.09701492537313433,1.1818181818181819,2.1674031382362537,7.1,0,TE,"https://static.www.nfl.com/image/upload/f_auto,q_auto/league/imh2h5q6jmoqno5xlpwm",REG,0,0,0,0,0,0,0,,,0,,0,0,0,0,0,0,0,,0,0,0,0,0,0,0,23,16,3,-0.9769071260234341,0,1,0,0,0,1.3043478260869565,0,5,0,5,0,0,0,0.0,0.0,0,0,0,0,0,0,0,0,0,0,0,0,0,0,0,0,0,0,2,15,0,0,0,0,0,0,0,0,0,0,0,0,0,,,0,0,0,0,0,0,0,0,0,0,0,0,,,,0,0,0,0,0,0,0,,0,0,0,0,,0,0,,0,0,0,0,0,0,0,0,0,0,,,,,,,,,,,,,,,,,,,,,,,,,,,,,,,,,,,,,,,,,,,,,,,,,,,,,,,,,,,,,,,,,,,,,,,,,,,,,,,,,,,,,,,,,,,,,,,,,,,,,,,,,,,,,,,,,,,,,,,,,,,,,,,,,,,,,,,,,,,,,,,,,,,,00-0039648,MartDa01,4360978,David Martin-Robinson,1999-12-26,75.0,255.0,Temple,,,,,2024,3,17.0,0.0,377.0,0.0,0.7958823529411765,2025.0,David Martin-Robinson,TEN,26.0,TE,17.0,4.0,6.0,4.0,30.0,,3.0,14.0,3.5,16.0,4.0,3.8,1.0,4.0,0.0,0.0,0.0,118.1,2026-02-11,,,,,,,,,,,,,,,,,,,,,,,,,,,,,,,,,,,,,,,,,,,,,,,,,,,,,,,,,,,,,,,,,,,,,,,,,,,,,11,0.0,0.0,0,0,0
2025,Foster Moreau,F.Moreau,00-0034981,NO,TE,TE,86.0,7,12.9,1.842857142857143,5.9,7.0,7,10,59,0,0.017699115044247787,0.0020889910173386254,0.028010966278508718,0,0,0,0,0,0,0,0,253.0,0.3572727272727273,0.05098814229249012,1.842857142857143,1.4547131937912974,3.6,0,TE,"https://static.www.nfl.com/image/upload/f_auto,q_auto/league/daymhftrwf00siu0iviy",REG,0,0,0,0,0,0,0,,,0,,0,0,0,0,0,0,0,,0,0,0,0,0,0,0,10,44,2,-3.7357050054706633,0,2,1,0,0,5.9,0,0,0,0,0,0,0,0.0,0.0,0,0,0,0,0,0,0,0,0,0,0,0,0,0,0,0,0,0,1,5,0,0,0,0,0,0,0,0,0,0,0,0,0,,,0,0,0,0,0,0,0,0,0,0,0,0,,,,0,0,0,0,0,0,0,,0,0,0,0,,0,0,,0,0,0,0,0,0,0,0,0,0,,,,,,,,,,,,,,,,,,,,,,,,,,,,,,,,,,,,,,,,,,,,,,,,,,,,,,,,,,,,,,,,,,,,,,,,,,,,,,,,,,,,,,,,,,,,,,,,,,,,,,,,,,,,,,,,,,,,,,,,,,,,,,,,,,,,,,,,,,,,,,,,,,,,00-0034981,MoreFo00,3843945,Foster Moreau,1997-05-06,76.0,250.0,LSU,2019.0,4.0,137.0,LV,2019,8,11.0,0.0,46.0,0.0,0.18,2025.0,Foster Moreau,NO,28.0,TE,11.0,9.0,10.0,7.0,59.0,,2.0,15.0,2.1,44.0,6.3,1.0,1.0,7.0,2.0,0.2,1.0,45.4,2026-02-11,,,,,,,,,,,,,,,,,,,,,,,,,,,,,,,,,,,,,,,,,,,,,,,,,,,,,,,,,,,,,,,,,,,,,,,,,,,,,7,1.9,0.0,0,0,0
2025,Charlie Woerner,C.Woerner,00-0036429,ATL,TE,TE,87.0,7,12.8,1.8285714285714287,4.800000000000001,8.0,8,9,48,0,0.017341040462427744,0.0028776978417266188,0.02802594918285025,0,0,0,0,0,0,0,0,565.0,0.5082352941176471,0.02265486725663717,1.8285714285714287,1.987221079560002,5.4,0,TE,"https://static.www.nfl.com/image/upload/f_auto,q_auto/league/tuzldnhk23mvsapfejqd",REG,0,0,0,0,0,0,0,,,0,,0,0,0,0,0,0,0,,0,0,0,0,0,0,0,12,35,2,-0.20220594777492806,0,2,1,0,0,4.0,0,1,0,2,0,0,0,0.0,0.0,0,0,0,0,0,0,0,0,0,0,0,0,0,0,0,0,0,0,0,0,0,0,0,0,0,0,0,0,0,0,0,0,0,,,0,0,0,0,0,0,0,0,0,0,0,0,,,,0,0,0,0,0,0,0,,0,0,0,0,,0,0,,0,0,0,0,0,0,0,0,0,0,,,,,,,,,,,,,,,,,,,,,,,,,,,,,,,,,,,,,,,,,,,,,,,,,,,,,,,,,,,,,,,,,,,,,,,,,,,,,,,,,,,,,,,,,,,,,,,,,,,,,,,,,,,,,,,,,,,,,,,,,,,,,,,,,,,,,,,,,,,,,,,,,,,,00-0036429,WoerCh00,4035020,Charlie Woerner,1997-10-16,77.0,250.0,Georgia,2020.0,6.0,190.0,SF,2020,7,17.0,0.0,194.0,0.0,0.43117647058823527,2025.0,Charlie Woerner,ATL,28.0,TE,17.0,13.0,9.0,8.0,48.0,,2.0,13.0,1.6,35.0,4.4,1.3,2.0,4.0,0.0,0.0,0.0,88.9,2026-02-11,,,,,,,,,,,,,,,,,,,,,,,,,,,,,,,,,,,,,,,,,,,,,,,,,,,,,,,,,,,,,,,,,,,,,,,,,,,,,7,1.3,0.0,0,0,0
2025,Andrew Ogletree,A.Ogletree,00-0037292,IND,TE,TE,88.0,11,12.7,1.1545454545454545,8.7,4.0,4,6,27,1,0.011320754716981131,0.009589041095890411,0.023693460842594986,0,0,0,0,0,0,0,0,226.0,0.23666666666666666,0.05619469026548672,1.1545454545454545,2.653813722311209,8.8,0,TE,"https://static.www.nfl.com/image/upload/f_auto,q_auto/league/wvcrk0ygv3coprxj4cnt",REG,0,0,0,0,0,0,0,,,0,,0,0,0,0,0,0,0,,0,0,0,0,0,0,0,42,9,2,1.3111727959476411,0,1,0,0,0,0.6428571428571429,0,5,0,6,0,0,0,0.0,0.0,0,0,0,0,0,0,0,0,0,0,0,0,0,0,0,0,0,0,2,20,0,0,0,0,0,0,0,0,0,0,0,0,0,,,0,0,0,0,0,0,0,0,0,0,0,0,,,,0,0,0,0,0,0,0,,0,0,0,0,,0,0,,0,0,0,0,0,0,0,0,0,0,,,,,,,,,,,,,,,,,,,,,,,,,,,,,,,,,,,,,,,,,,,,,,,,,,,,,,,,,,,,,,,,,,,,,,,,,,,,,,,,,,,,,,,,,,,,,,,,,,,,,,,,,,,,,,,,,,,,,,,,,,,,,,,,,,,,,,,,,,,,,,,,,,,,00-0037292,OgleAn00,4722908,Andrew Ogletree,1998-07-28,77.0,260.0,Youngstown State,2022.0,6.0,192.0,IND,2022,5,15.0,0.0,294.0,0.0,0.7546666666666667,2025.0,Andrew Ogletree,IND,27.0,TE,15.0,5.0,6.0,4.0,27.0,,2.0,18.0,4.5,9.0,2.3,5.8,0.0,,0.0,0.0,0.0,116.0,2026-02-11,,,,,,,,,,,,,,,,,,,,,,,,,,,,,,,,,,,,,,,,,,,,,,,,,,,,,,,,,,,,,,,,,,,,,,,,,,,,,11,0.0,0.0,0,0,0
2025,Stone Smartt,S.Smartt,00-0037475,NYJ,TE,TE,89.0,6,12.2,2.033333333333333,5.2,6.999999999999999,7,9,52,0,0.019067796610169493,0.012338425381903642,0.03723859268258679,0,0,0,0,0,0,0,0,85.0,0.09866666666666667,0.14352941176470588,2.033333333333333,3.4696781791207476,8.4,0,TE,"https://static.www.nfl.com/image/upload/f_auto,q_auto/league/g8mtiyojkmj8vwzmg0ez",REG,0,0,0,0,0,0,0,,,0,,0,0,0,0,0,0,0,,0,0,0,0,0,0,0,42,27,3,2.3876515728770755,0,2,1,0,0,1.2380952380952381,0,4,0,0,0,0,0,0.0,0.0,0,0,0,0,0,0,0,0,0,0,0,0,0,0,0,0,0,0,0,0,0,0,0,0,0,0,0,0,0,0,0,0,0,,,0,0,0,0,0,0,0,0,0,0,0,0,,,,0,0,0,0,0,0,0,,0,0,0,0,,0,0,,0,0,0,0,0,0,0,0,0,0,,,,,,,,,,,,,,,,,,,,,,,,,,,,,,,,,,,,,,,,,,,,,,,,,,,,,,,,,,,,,,,,,,,,,,,,,,,,,,,,,,,,,,,,,,,,,,,,,,,,,,,,,,,,,,,,,,,,,,,,,,,,,,,,,,,,,,,,,,,,,,,,,,,,00-0037475,SmarSt00,4250764,Stone Smartt,1998-10-04,76.0,226.0,Old Dominion,,,,,2022,5,15.0,0.0,138.0,0.0,0.3473333333333333,2025.0,Stone Smartt,NYJ,27.0,TE,15.0,1.0,9.0,7.0,52.0,,3.0,25.0,3.6,27.0,3.9,4.7,0.0,,0.0,0.0,0.0,90.7,2026-02-11,,,,,,,,,,,,,,,,,,,,,,,,,,,,,,,,,,,,,,,,,,,,,,,,,,,,,,,,,,,,,,,,,,,,,,,,,,,,,6,0.0,0.0,0,0,0
2025,Josiah Deguara,J.Deguara,00-0036332,ARI,TE,TE,90.0,7,11.1,1.5857142857142856,8.1,3.0,3,5,21,1,0.008103727714748784,0.004935622317596567,0.015610527194440772,0,0,0,0,0,0,0,0,84.0,0.10416666666666667,0.13214285714285715,1.5857142857142856,3.5404465685506263,9.5,0,TE,"https://static.www.nfl.com/image/upload/f_auto,q_auto/league/wivlyvbmlm0aogcvl2yz",REG,0,0,0,0,0,0,0,,,0,,0,0,0,0,0,0,0,,0,0,0,0,0,0,0,23,5,2,1.4012263029580936,0,0,0,0,0,0.9130434782608695,0,1,0,2,0,0,0,0.0,0.0,0,0,0,0,0,0,0,0,0,0,0,0,0,0,0,0,0,0,2,20,0,0,0,0,0,0,0,0,0,0,0,0,0,,,0,0,0,0,0,0,0,0,0,0,0,0,,,,0,0,0,0,0,0,0,,0,0,0,0,,0,0,,0,0,0,0,0,0,0,0,0,0,,,,,,,,,,,,,,,,,,,,,,,,,,,,,,,,,,,,,,,,,,,,,,,,,,,,,,,,,,,,,,,,,,,,,,,,,,,,,,,,,,,,,,,,,,,,,,,,,,,,,,,,,,,,,,,,,,,,,,,,,,,,,,,,,,,,,,,,,,,,,,,,,,,,00-0036332,DeguJo00,3914151,Josiah Deguara,1997-02-14,74.0,240.0,Cincinnati,2020.0,3.0,94.0,GB,2020,5,12.0,0.0,170.0,0.0,0.5316666666666666,2025.0,Josiah Deguara,ARI,28.0,TE,12.0,2.0,5.0,3.0,21.0,,2.0,16.0,5.3,5.0,1.7,4.6,0.0,,0.0,0.0,0.0,109.2,2026-02-11,,,,,,,,,,,,,,,,,,,,,,,,,,,,,,,,,,,,,,,,,,,,,,,,,,,,,,,,,,,,,,,,,,,,,,,,,,,,,7,0.0,0.0,0,0,0
2025,Kylen Granson,K.Granson,00-0036876,PHI,TE,TE,91.0,12,11.0,0.9166666666666666,4.0,7.0,7,9,40,0,0.01939655172413793,0.015168414008476466,0.039712717392140426,0,0,0,0,0,0,0,0,244.0,0.23411764705882354,0.045081967213114756,0.9166666666666666,2.0076369344595304,7.0,0,TE,"https://static.www.nfl.com/image/upload/f_auto,q_auto/league/ysbxmdw4da30q3kjb571",REG,0,0,0,0,0,0,0,,,0,,0,0,0,0,0,0,0,,0,0,0,0,0,0,0,68,13,3,-1.8645952582883183,0,1,0,0,0,0.5882352941176471,0,10,0,9,0,0,0,0.0,0.0,0,0,0,0,0,0,0,0,0,0,0,0,0,0,0,0,0,0,0,0,0,0,0,0,0,0,0,0,0,0,0,0,0,,,0,0,0,0,0,0,0,0,0,0,0,0,,,,0,0,0,0,0,0,0,,0,0,0,0,,0,0,,0,0,0,0,0,0,0,0,0,0,,,,,,,,,,,,,,,,,,,,,,,,,,,,,,,,,,,,,,,,,,,,,,,,,,,,,,,,,,,,,,,,,,,,,,,,,,,,,,,,,,,,,,,,,,,,,,,,,,,,,,,,,,,,,,,,,,,,,,,,,,,,,,,,,,,,,,,,,,,,,,,,,,,,00-0036876,GranKy00,4039160,Kylen Granson,1998-03-27,75.0,242.0,SMU,2021.0,4.0,127.0,IND,2021,6,17.0,0.0,290.0,0.0,0.6629411764705883,2025.0,Kylen Granson,PHI,27.0,TE,17.0,3.0,9.0,7.0,40.0,,3.0,27.0,3.9,13.0,1.9,7.4,0.0,,1.0,0.111,0.0,85.2,2026-02-11,,,,,,,,,,,,,,,,,,,,,,,,,,,,,,,,,,,,,,,,,,,,,,,,,,,,,,,,,,,,,,,,,,,,,,,,,,,,,12,0.0,0.0,0,0,0
2025,Eric Saubert,E.Saubert,00-0033576,SEA,TE,TE,92.0,9,9.1,1.011111111111111,5.1,4.0,4,7,31,0,0.015384615384615385,0.007436918990703851,0.028282766370415775,0,0,0,0,0,0,0,0,276.0,0.39545454545454545,0.03297101449275362,1.011111111111111,1.237380746218039,3.0,0,TE,"https://static.www.nfl.com/image/upload/f_auto,q_auto/league/czzieyox5rht6ae3g5tx",REG,0,0,0,0,0,0,0,,,0,,0,0,0,0,0,0,0,,0,0,0,0,0,0,0,28,16,2,2.550348939859178,1,1,0,0,0,1.1071428571428572,0,5,0,4,0,0,0,0.0,0.0,0,0,0,0,0,0,0,0,0,0,0,0,0,1,0,0,0,0,4,30,0,0,0,0,0,0,0,0,0,0,0,0,0,,,0,0,0,0,0,0,0,0,0,0,0,0,,,,0,0,0,0,0,0,0,,0,0,0,0,,0,0,,0,0,0,0,0,0,0,0,0,0,E.Saubert,Eric Saubert,TE,TE,"https://static.www.nfl.com/image/upload/f_auto,q_auto/league/czzieyox5rht6ae3g5tx",2025.0,POST,SEA,1.0,0.0,0.0,0.0,0.0,0.0,0.0,0.0,0.0,0.0,0.0,0.0,0.0,,,0.0,,0.0,0.0,0.0,0.0,0.0,0.0,0.0,0.0,0.0,0.0,,0.0,0.0,0.0,0.0,0.0,0.0,0.0,0.0,0.0,0.0,0.0,0.0,0.0,0.0,,0.0,0.0,0.0,0.0,0.0,,0.0,0.0,0.0,0.0,1.0,0.0,2.0,0.0,0.0,0.0,0.0,0.0,0.0,0.0,0.0,0.0,0.0,0.0,0.0,0.0,0.0,0.0,0.0,0.0,0.0,0.0,0.0,0.0,0.0,0.0,0.0,0.0,0.0,0.0,0.0,0.0,0.0,0.0,0.0,0.0,0.0,0.0,0.0,0.0,0.0,,,0.0,0.0,0.0,0.0,0.0,0.0,0.0,0.0,0.0,0.0,0.0,0.0,,,,0.0,0.0,0.0,0.0,0.0,0.0,0.0,,0.0,0.0,0.0,0.0,,0.0,0.0,,0.0,0.0,0.0,0.0,0.0,0.0,0.0,0.0,0.0,0.0,0.0,0.0,00-0033576,SaubEr00,2975863,Eric Saubert,1994-05-09,77.0,248.0,Drake,2017.0,5.0,174.0,ATL,2017,9,11.0,0.0,155.0,0.0,0.5163636363636364,2025.0,Eric Saubert,SEA,31.0,TE,11.0,5.0,7.0,4.0,31.0,,2.0,15.0,3.8,16.0,4.0,4.0,0.0,,0.0,0.0,0.0,68.2,2026-02-11,,,,,,,,,,,,,,,,,,,,,,,,,,,,,,,,,,,,,,,,,,,,,,,,,,,,,,,,,,,,,,,,,,,,,,,,,,,,,9,0.0,0.0,0,0,0
2025,Brenden Bates,B.Bates,00-0039458,CLE,TE,TE,93.0,5,8.8,1.7600000000000002,4.800000000000001,4.0,4,5,48,0,0.009041591320072333,0.008184679958027283,0.0192916629507276,0,0,0,0,0,0,0,0,139.0,0.27,0.06330935251798561,1.7600000000000002,1.8689569283426521,4.300000000000001,0,TE,"https://static.www.nfl.com/image/upload/f_auto,q_auto/league/beeomv1jxgkwgqubgef9",REG,0,0,0,0,0,0,0,,,0,,0,0,0,0,0,0,0,,0,0,0,0,0,0,0,39,10,3,3.052304092736449,0,2,2,0,0,1.2307692307692308,0,1,0,0,0,0,0,0.0,0.0,0,0,0,0,0,0,0,0,0,0,0,0,0,0,0,0,0,0,0,0,0,0,0,0,0,0,0,0,0,0,0,0,0,,,0,0,0,0,0,0,0,0,0,0,0,0,,,,0,0,0,0,0,0,0,,0,0,0,0,,0,0,,0,0,0,0,0,0,0,0,0,0,,,,,,,,,,,,,,,,,,,,,,,,,,,,,,,,,,,,,,,,,,,,,,,,,,,,,,,,,,,,,,,,,,,,,,,,,,,,,,,,,,,,,,,,,,,,,,,,,,,,,,,,,,,,,,,,,,,,,,,,,,,,,,,,,,,,,,,,,,,,,,,,,,,,00-0039458,BateBr00,4362603,Brenden Bates,1999-10-16,77.0,255.0,Kentucky,,,,,2024,2,9.0,0.0,57.0,0.0,0.24222222222222223,2025.0,Brenden Bates,2TM,26.0,TE,9.0,3.0,5.0,4.0,48.0,,3.0,38.0,9.5,10.0,2.5,7.8,0.0,,0.0,0.0,0.0,106.7,2026-02-11,,,,,,,,,,,,,,,,,,,,,,,,,,,,,,,,,,,,,,,,,,,,,,,,,,,,,,,,,,,,,,,,,,,,,,,,,,,,,5,1.6,0.0,0,0,0
2025,Albert Okwuegbunam,A.Okwuegbunam,00-0036423,LV,TE,TE,94.0,1,8.6,8.6,3.6,5.0,5,6,36,0,0.012145748987854251,0.005610972568578554,0.022146304279786363,0,0,0,0,0,0,0,0,31.0,0.46,0.27741935483870966,8.6,,8.6,0,TE,"https://static.www.nfl.com/image/upload/f_auto,q_auto/league/ivyip7mtbv6i0wbnlrph",REG,0,0,0,0,0,0,0,,,0,,0,0,0,0,0,0,0,,0,0,0,0,0,0,0,18,34,2,1.6165097025805153,0,1,1,0,0,2.0,0,0,0,0,0,0,0,0.0,0.0,0,0,0,0,0,0,0,0,0,0,0,0,0,0,0,0,0,0,0,0,0,0,0,0,0,0,0,0,0,0,0,0,0,,,0,0,0,0,0,0,0,0,0,0,0,0,,,,0,0,0,0,0,0,0,,0,0,0,0,,0,0,,0,0,0,0,0,0,0,0,0,0,,,,,,,,,,,,,,,,,,,,,,,,,,,,,,,,,,,,,,,,,,,,,,,,,,,,,,,,,,,,,,,,,,,,,,,,,,,,,,,,,,,,,,,,,,,,,,,,,,,,,,,,,,,,,,,,,,,,,,,,,,,,,,,,,,,,,,,,,,,,,,,,,,,,00-0036423,OkwuAl00,4035115,Albert Okwuegbunam,1998-04-25,77.0,258.0,Missouri,2020.0,4.0,118.0,DEN,2020,6,1.0,0.0,0.0,0.0,0.0,2025.0,Albert Okwuegbunam,LV,27.0,TE,1.0,0.0,6.0,5.0,36.0,,2.0,2.0,0.4,34.0,6.8,3.0,0.0,,0.0,0.0,0.0,91.7,2026-02-11,,,,,,,,,,,,,,,,,,,,,,,,,,,,,,,,,,,,,,,,,,,,,,,,,,,,,,,,,,,,,,,,,,,,,,,,,,,,,1,8.6,8.6,0,0,0
2025,Devin Culp,D.Culp,00-0039754,TB,TE,TE,95.0,4,7.6,1.9,6.6,1.0,1,1,6,1,0.0018484288354898336,0.0013321492007104796,0.0037051476937320863,0,0,0,0,0,0,0,0,56.0,0.06461538461538462,0.1357142857142857,1.9,3.8,7.6,0,TE,"https://static.www.nfl.com/image/upload/f_auto,q_auto/league/e32gorf12yuyy6iyijt9",REG,0,0,0,0,0,0,0,,,0,,0,0,0,0,0,0,0,,0,0,0,0,0,0,0,6,0,1,1.7139679592801258,0,0,0,0,0,1.0,0,1,0,0,0,0,0,0.0,0.0,0,0,0,0,0,0,0,0,0,0,0,0,0,0,0,0,0,0,2,20,0,0,0,0,0,0,0,0,0,0,0,0,0,,,0,0,0,0,0,0,0,0,0,0,0,0,,,,0,0,0,0,0,0,0,,0,0,0,0,,0,0,,0,0,0,0,0,0,0,0,0,0,,,,,,,,,,,,,,,,,,,,,,,,,,,,,,,,,,,,,,,,,,,,,,,,,,,,,,,,,,,,,,,,,,,,,,,,,,,,,,,,,,,,,,,,,,,,,,,,,,,,,,,,,,,,,,,,,,,,,,,,,,,,,,,,,,,,,,,,,,,,,,,,,,,,00-0039754,CulpDe00,4361112,Devin Culp,2000-02-02,76.0,237.0,Washington,2024.0,7.0,246.0,TB,2024,2,13.0,0.0,109.0,0.0,0.33076923076923076,2025.0,Devin Culp,TB,25.0,TE,13.0,0.0,1.0,1.0,6.0,,1.0,6.0,6.0,0.0,0.0,6.0,0.0,,0.0,0.0,0.0,131.2,2026-02-11,,,,,,,,,,,,,,,,,,,,,,,,,,,,,,,,,,,,,,,,,,,,,,,,,,,,,,,,,,,,,,,,,,,,,,,,,,,,,4,0.0,0.0,0,0,0
2025,Keleki Latu,K.Latu,00-0040363,BUF,TE,TE,96.0,3,7.5,2.5,3.5,4.0,4,4,35,0,0.008350730688935281,0.003320420586607637,0.014850390444028267,0,0,0,0,0,0,0,0,85.0,0.23399999999999999,0.08823529411764706,2.5,3.195309061734091,6.1,0,TE,"https://static.www.nfl.com/image/upload/f_auto,q_auto/league/vebjjfyrrrbwaqjlyvun",REG,0,0,0,0,0,0,0,,,0,,0,0,0,0,0,0,0,,0,0,0,0,0,0,0,12,23,3,5.319251554785296,0,2,0,0,0,2.9166666666666665,0,1,0,2,0,0,0,0.0,0.0,0,0,0,0,0,0,0,0,0,0,0,0,0,0,0,0,0,0,0,0,0,0,0,0,0,0,0,0,0,0,0,0,0,,,0,0,0,0,0,0,0,0,0,0,0,0,,,,0,0,0,0,0,0,0,,0,0,0,0,,0,0,,0,0,0,0,0,0,0,0,0,0,,,,,,,,,,,,,,,,,,,,,,,,,,,,,,,,,,,,,,,,,,,,,,,,,,,,,,,,,,,,,,,,,,,,,,,,,,,,,,,,,,,,,,,,,,,,,,,,,,,,,,,,,,,,,,,,,,,,,,,,,,,,,,,,,,,,,,,,,,,,,,,,,,,,00-0040363,LatuKe00,4688552,Keleki Latu,2002-08-13,78.0,249.0,Washington; Nevada,,,,,2025,1,5.0,0.0,52.0,0.0,0.42800000000000005,2025.0,Keleki Latu,BUF,23.0,TE,5.0,0.0,4.0,4.0,35.0,,3.0,12.0,3.0,23.0,5.8,3.0,2.0,2.0,0.0,0.0,0.0,103.1,2026-02-11,,,,,,,,,,,,,,,,,,,,,,,,,,,,,,,,,,,,,,,,,,,,,,,,,,,,,,,,,,,,,,,,,,,,,,,,,,,,,3,1.4,0.0,0,0,0
2025,Durham Smythe,D.Smythe,00-0034798,CHI,TE,TE,97.0,7,6.5,0.9285714285714286,2.5,4.0,4,6,25,0,0.011278195488721804,0.0048543689320388345,0.02031535148550989,0,0,0,0,0,0,0,0,293.0,0.25411764705882356,0.02218430034129693,0.9285714285714286,0.9141741003300662,2.1,0,TE,"https://static.www.nfl.com/image/upload/f_auto,q_auto/league/pwcuy1ntmris98x8xmxi",REG,0,0,0,0,0,0,0,,,0,,0,0,0,0,0,0,0,,0,0,0,0,0,0,0,24,15,1,-0.2538035491015762,0,1,0,0,0,1.0416666666666667,0,1,0,0,0,0,0,0.0,0.0,0,0,0,0,0,0,0,0,0,0,0,0,0,0,0,0,0,0,3,25,0,0,0,0,0,0,0,0,0,0,0,0,0,,,0,0,0,0,0,0,0,0,0,0,0,0,,,,0,0,0,0,0,0,0,,0,0,0,0,,0,0,,0,0,0,0,0,0,0,0,0,0,D.Smythe,Durham Smythe,TE,TE,"https://static.www.nfl.com/image/upload/f_auto,q_auto/league/pwcuy1ntmris98x8xmxi",2025.0,POST,CHI,2.0,0.0,0.0,0.0,0.0,0.0,0.0,0.0,0.0,0.0,0.0,0.0,0.0,,,0.0,,0.0,0.0,0.0,0.0,0.0,0.0,0.0,0.0,0.0,0.0,,0.0,0.0,0.0,0.0,0.0,2.0,3.0,11.0,0.0,0.0,0.0,28.0,0.0,0.0,0.03492955456022173,0.0,0.0,0.0,0.0,0.0,0.39285714285714285,0.03409090909090909,0.029723991507430998,0.07194315769156533,0.0,1.0,0.0,0.0,0.0,0.0,0.0,0.0,0.0,0.0,0.0,0.0,0.0,0.0,0.0,0.0,0.0,0.0,0.0,0.0,0.0,0.0,0.0,0.0,0.0,0.0,0.0,0.0,0.0,0.0,0.0,0.0,0.0,0.0,0.0,0.0,0.0,0.0,0.0,0.0,0.0,0.0,,,0.0,0.0,0.0,0.0,0.0,0.0,0.0,0.0,0.0,0.0,0.0,0.0,,,,0.0,0.0,0.0,0.0,0.0,0.0,0.0,,0.0,0.0,0.0,0.0,,0.0,0.0,,0.0,0.0,0.0,0.0,0.0,0.0,0.0,0.0,0.0,0.0,1.1,3.1,00-0034798,SmytDu00,3052897,Durham Smythe,1995-08-09,76.0,248.0,Notre Dame,2018.0,4.0,123.0,MIA,2018,9,17.0,0.0,230.0,0.0,0.5011764705882352,2025.0,Durham Smythe,CHI,30.0,TE,17.0,2.0,6.0,4.0,25.0,,1.0,10.0,2.5,15.0,3.8,4.0,0.0,,1.0,0.16699999999999998,0.0,75.0,2026-02-11,,,,,,,,,,,,,,,,,,,,,,,,,,,,,,,,,,,,,,,,,,,,,,,,,,,,,,,,,,,,,,,,,,,,,,,,,,,,,7,1.2,0.0,0,0,0
2025,Ben Sims,B.Sims,00-0038809,MIN,TE,TE,98.0,3,6.0,2.0,3.0,3.0,3,6,30,0,0.01282051282051282,0.01943039659302635,0.032832046845887676,0,0,0,0,0,0,0,0,84.0,0.12545454545454546,0.07142857142857142,2.0,0.7549834435270748,2.8,0,TE,"https://static.www.nfl.com/image/upload/f_auto,q_auto/league/rigksrncrdjmbhvfuclp",REG,0,0,0,0,0,0,0,,,0,,0,0,0,0,0,0,0,,0,0,0,0,0,0,0,73,5,2,0.7332785658945795,0,1,1,0,0,0.410958904109589,0,0,0,0,0,0,0,0.0,0.0,0,0,0,0,0,0,0,0,0,0,0,0,0,0,0,0,0,0,0,0,0,0,0,0,0,0,0,0,0,0,0,0,0,,,0,0,0,0,0,0,0,0,0,0,0,0,,,,0,0,0,0,0,0,0,,0,0,0,0,,0,0,,0,0,0,0,0,0,0,0,0,0,,,,,,,,,,,,,,,,,,,,,,,,,,,,,,,,,,,,,,,,,,,,,,,,,,,,,,,,,,,,,,,,,,,,,,,,,,,,,,,,,,,,,,,,,,,,,,,,,,,,,,,,,,,,,,,,,,,,,,,,,,,,,,,,,,,,,,,,,,,,,,,,,,,,00-0038809,SimsBe00,4373030,Ben Sims,2000-05-16,77.0,250.0,Baylor,,,,,2023,3,11.0,0.0,63.0,0.0,0.23909090909090908,2025.0,Ben Sims,MIN,25.0,TE,8.0,2.0,6.0,3.0,30.0,,2.0,25.0,8.3,5.0,1.7,12.2,0.0,,0.0,0.0,0.0,64.6,2026-02-11,,,,,,,,,,,,,,,,,,,,,,,,,,,,,,,,,,,,,,,,,,,,,,,,,,,,,,,,,,,,,,,,,,,,,,,,,,,,,3,1.9,1.3,0,0,0
2025,James Mitchell,J.Mitchell,00-0037282,CAR,TE,TE,99.0,2,5.800000000000001,2.9000000000000004,2.8000000000000003,3.0000000000000004,3,3,28,0,0.00625,0.002028985507246377,0.010795289855072466,0,0,0,0,0,0,0,0,47.0,0.144,0.12340425531914895,2.9000000000000004,1.1313708498984762,3.7,0,TE,"https://static.www.nfl.com/image/upload/f_auto,q_auto/league/q8b9goebgmuwusl6vqdc",REG,0,0,0,0,0,0,0,,,0,,0,0,0,0,0,0,0,,0,0,0,0,0,0,0,7,21,2,2.2441549878567457,0,1,0,0,0,4.0,0,0,0,0,0,0,0,0.0,0.0,0,0,0,0,0,0,0,0,0,0,0,0,0,0,0,0,0,0,0,0,0,0,0,0,0,0,0,0,0,0,0,0,0,,,0,0,0,0,0,0,0,0,0,0,0,0,,,,0,0,0,0,0,0,0,,0,0,0,0,,0,0,,0,0,0,0,0,0,0,0,0,0,J.Mitchell,James Mitchell,TE,TE,"https://static.www.nfl.com/image/upload/f_auto,q_auto/league/q8b9goebgmuwusl6vqdc",2025.0,POST,CAR,1.0,0.0,0.0,0.0,0.0,0.0,0.0,0.0,0.0,0.0,0.0,0.0,0.0,,,0.0,,0.0,0.0,0.0,0.0,0.0,0.0,0.0,0.0,0.0,0.0,,0.0,0.0,0.0,0.0,0.0,0.0,1.0,0.0,0.0,0.0,0.0,3.0,0.0,0.0,-3.477310893125832,0.0,0.0,0.0,0.0,0.0,0.0,0.02702702702702703,0.00821917808219178,0.046293965198074785,0.0,0.0,0.0,0.0,0.0,0.0,0.0,0.0,0.0,0.0,0.0,0.0,0.0,0.0,0.0,0.0,0.0,0.0,0.0,0.0,0.0,0.0,0.0,0.0,0.0,0.0,0.0,0.0,0.0,0.0,0.0,0.0,0.0,0.0,0.0,0.0,0.0,0.0,0.0,0.0,0.0,0.0,,,0.0,0.0,0.0,0.0,0.0,0.0,0.0,0.0,0.0,0.0,0.0,0.0,,,,0.0,0.0,0.0,0.0,0.0,0.0,0.0,,0.0,0.0,0.0,0.0,,0.0,0.0,,0.0,0.0,0.0,0.0,0.0,0.0,0.0,0.0,0.0,0.0,0.0,0.0,00-0037282,MitcJa00,4361988,James Mitchell,1999-08-11,76.0,264.0,Virginia Tech,2022.0,5.0,177.0,DET,2022,4,5.0,0.0,39.0,0.0,0.3,2025.0,James Mitchell,CAR,26.0,TE,5.0,0.0,3.0,3.0,28.0,,2.0,7.0,2.3,21.0,7.0,2.3,0.0,,0.0,0.0,0.0,105.6,2026-02-11,,,,,,,,,,,,,,,,,,,,,,,,,,,,,,,,,,,,,,,,,,,,,,,,,,,,,,,,,,,,,,,,,,,,,,,,,,,,,2,2.9000000000000004,2.1,0,0,0
2025,Shane Zylstra,S.Zylstra,00-0036534,DET,TE,TE,100.0,1,5.0,5.0,2.0,3.0,3,5,20,0,0.00909090909090909,0.009914255091103965,0.020576342200136412,0,0,0,0,0,0,0,0,164.0,0.39999999999999997,0.03048780487804878,5.0,,5.0,0,TE,"https://static.www.nfl.com/image/upload/f_auto,q_auto/league/jxq0fpgw6dzavqabgl1j",REG,0,0,0,0,0,0,0,,,0,,0,0,0,0,0,0,0,,0,0,0,0,0,0,0,37,2,1,-1.8361170820426196,0,1,0,0,0,0.5405405405405406,0,1,0,0,0,0,0,0.0,0.0,0,0,0,0,0,0,0,0,0,0,0,0,0,0,0,0,0,0,1,5,0,0,0,0,0,0,0,0,0,0,0,0,0,,,0,0,0,0,0,0,0,0,0,0,0,0,,,,0,0,0,0,0,0,0,,0,0,0,0,,0,0,,0,0,0,0,0,0,0,0,0,0,,,,,,,,,,,,,,,,,,,,,,,,,,,,,,,,,,,,,,,,,,,,,,,,,,,,,,,,,,,,,,,,,,,,,,,,,,,,,,,,,,,,,,,,,,,,,,,,,,,,,,,,,,,,,,,,,,,,,,,,,,,,,,,,,,,,,,,,,,,,,,,,,,,,00-0036534,ZylsSh00,4608362,Shane Zylstra,1996-11-16,76.0,240.0,Minnesota State,,,,,2021,5,6.0,0.0,67.0,0.0,0.4166666666666667,2025.0,Shane Zylstra,DET,29.0,TE,6.0,3.0,5.0,3.0,20.0,,1.0,18.0,6.0,2.0,0.7,7.4,0.0,,0.0,0.0,0.0,68.7,2026-02-11,,,,,,,,,,,,,,,,,,,,,,,,,,,,,,,,,,,,,,,,,,,,,,,,,,,,,,,,,,,,,,,,,,,,,,,,,,,,,1,5.0,5.0,0,0,0
