season,player_display_name,player_name,player_id,recent_team,ppr_position,position,position_ppr_rank,games,fantasy_points_ppr,ppr_per_game,fantasy_points,standard_to_ppr_gap,receptions,targets,receiving_yards,receiving_tds,target_share,air_yards_share,wopr,carries,rushing_yards,rushing_tds,completions,attempts,passing_yards,passing_tds,passing_interceptions,offense_snaps,offense_snap_pct,ppr_per_offense_snap,ppr_avg,ppr_std,ppr_best_week,weeks_20plus_ppr,position_group,headshot_url,season_type,sacks_suffered,sack_yards_lost,sack_fumbles,sack_fumbles_lost,passing_air_yards,passing_yards_after_catch,passing_first_downs,passing_epa,passing_cpoe,passing_2pt_conversions,pacr,passing_10,passing_16,passing_20,passing_40,rushing_fumbles,rushing_fumbles_lost,rushing_first_downs,rushing_epa,rushing_2pt_conversions,rushing_10,rushing_12,rushing_20,rushing_40,receiving_fumbles,receiving_fumbles_lost,receiving_air_yards,receiving_yards_after_catch,receiving_first_downs,receiving_epa,receiving_2pt_conversions,receiving_10,receiving_16,receiving_20,receiving_40,racr,special_teams_tds,def_tackles_solo,def_tackles_with_assist,def_tackle_assists,def_tackles_for_loss,def_tackles_for_loss_yards,def_fumbles_forced,def_sacks,def_sack_yards,def_qb_hits,def_interceptions,def_interception_yards,def_pass_defended,def_tds,def_fumbles,def_safeties,def_punt_blocks,def_pat_blocks,def_fg_blocks,def_2pt_atts,def_2pt_made,misc_yards,fumble_recovery_own,fumble_recovery_yards_own,fumble_recovery_opp,fumble_recovery_yards_opp,fumble_recovery_tds,penalties,penalty_yards,fumbles_forced_by_opp,fumbles_not_forced,fumbles_out_of_bounds,fumbles_total,fumbles_lost_total,punt_returns,punt_return_yards,kickoff_returns,kickoff_return_yards,fg_made,fg_att,fg_missed,fg_blocked,fg_long,fg_pct,fg_made_0_19,fg_made_20_29,fg_made_30_39,fg_made_40_49,fg_made_50_59,fg_made_60_,fg_missed_0_19,fg_missed_20_29,fg_missed_30_39,fg_missed_40_49,fg_missed_50_59,fg_missed_60_,fg_made_list,fg_missed_list,fg_blocked_list,fg_made_distance,fg_missed_distance,fg_blocked_distance,pat_made,pat_att,pat_missed,pat_blocked,pat_pct,gwfg_made,gwfg_att,gwfg_missed,gwfg_blocked,gwfg_distance_list,pt_att,pt_blocked,pt_long,pt_yards,pt_inside_20,pt_out_of_bounds,pt_downed,pt_touchback,pt_fair_caught,pt_returned,pt_return_yards,pt_return_tds,pt_net_yards,playoff_player_name,playoff_player_display_name,playoff_position,playoff_position_group,playoff_headshot_url,playoff_season,playoff_season_type,playoff_recent_team,playoff_games,playoff_completions,playoff_attempts,playoff_passing_yards,playoff_passing_tds,playoff_passing_interceptions,playoff_sacks_suffered,playoff_sack_yards_lost,playoff_sack_fumbles,playoff_sack_fumbles_lost,playoff_passing_air_yards,playoff_passing_yards_after_catch,playoff_passing_first_downs,playoff_passing_epa,playoff_passing_cpoe,playoff_passing_2pt_conversions,playoff_pacr,playoff_passing_10,playoff_passing_16,playoff_passing_20,playoff_passing_40,playoff_carries,playoff_rushing_yards,playoff_rushing_tds,playoff_rushing_fumbles,playoff_rushing_fumbles_lost,playoff_rushing_first_downs,playoff_rushing_epa,playoff_rushing_2pt_conversions,playoff_rushing_10,playoff_rushing_12,playoff_rushing_20,playoff_rushing_40,playoff_receptions,playoff_targets,playoff_receiving_yards,playoff_receiving_tds,playoff_receiving_fumbles,playoff_receiving_fumbles_lost,playoff_receiving_air_yards,playoff_receiving_yards_after_catch,playoff_receiving_first_downs,playoff_receiving_epa,playoff_receiving_2pt_conversions,playoff_receiving_10,playoff_receiving_16,playoff_receiving_20,playoff_receiving_40,playoff_racr,playoff_target_share,playoff_air_yards_share,playoff_wopr,playoff_special_teams_tds,playoff_def_tackles_solo,playoff_def_tackles_with_assist,playoff_def_tackle_assists,playoff_def_tackles_for_loss,playoff_def_tackles_for_loss_yards,playoff_def_fumbles_forced,playoff_def_sacks,playoff_def_sack_yards,playoff_def_qb_hits,playoff_def_interceptions,playoff_def_interception_yards,playoff_def_pass_defended,playoff_def_tds,playoff_def_fumbles,playoff_def_safeties,playoff_def_punt_blocks,playoff_def_pat_blocks,playoff_def_fg_blocks,playoff_def_2pt_atts,playoff_def_2pt_made,playoff_misc_yards,playoff_fumble_recovery_own,playoff_fumble_recovery_yards_own,playoff_fumble_recovery_opp,playoff_fumble_recovery_yards_opp,playoff_fumble_recovery_tds,playoff_penalties,playoff_penalty_yards,playoff_fumbles_forced_by_opp,playoff_fumbles_not_forced,playoff_fumbles_out_of_bounds,playoff_fumbles_total,playoff_fumbles_lost_total,playoff_punt_returns,playoff_punt_return_yards,playoff_kickoff_returns,playoff_kickoff_return_yards,playoff_fg_made,playoff_fg_att,playoff_fg_missed,playoff_fg_blocked,playoff_fg_long,playoff_fg_pct,playoff_fg_made_0_19,playoff_fg_made_20_29,playoff_fg_made_30_39,playoff_fg_made_40_49,playoff_fg_made_50_59,playoff_fg_made_60_,playoff_fg_missed_0_19,playoff_fg_missed_20_29,playoff_fg_missed_30_39,playoff_fg_missed_40_49,playoff_fg_missed_50_59,playoff_fg_missed_60_,playoff_fg_made_list,playoff_fg_missed_list,playoff_fg_blocked_list,playoff_fg_made_distance,playoff_fg_missed_distance,playoff_fg_blocked_distance,playoff_pat_made,playoff_pat_att,playoff_pat_missed,playoff_pat_blocked,playoff_pat_pct,playoff_gwfg_made,playoff_gwfg_att,playoff_gwfg_missed,playoff_gwfg_blocked,playoff_gwfg_distance_list,playoff_pt_att,playoff_pt_blocked,playoff_pt_long,playoff_pt_yards,playoff_pt_inside_20,playoff_pt_out_of_bounds,playoff_pt_downed,playoff_pt_touchback,playoff_pt_fair_caught,playoff_pt_returned,playoff_pt_return_yards,playoff_pt_return_tds,playoff_pt_net_yards,playoff_fantasy_points,playoff_fantasy_points_ppr,gsis_id,pfr_id,espn_id,display_name,birth_date,height,weight,college_name,draft_year,draft_round,draft_pick,draft_team,rookie_season,years_of_experience,snap_games,defense_snaps,st_snaps,defense_snap_pct,st_snap_pct,pfr_rec_season,pfr_rec_player,pfr_rec_tm,pfr_rec_age,pfr_rec_pos,pfr_rec_g,pfr_rec_gs,pfr_rec_tgt,pfr_rec_rec,pfr_rec_yds,pfr_rec_td,pfr_rec_x1d,pfr_rec_ybc,pfr_rec_ybc_r,pfr_rec_yac,pfr_rec_yac_r,pfr_rec_adot,pfr_rec_brk_tkl,pfr_rec_rec_br,pfr_rec_drop,pfr_rec_drop_percent,pfr_rec_int,pfr_rec_rat,pfr_rec_loaded,pfr_rush_season,pfr_rush_player,pfr_rush_tm,pfr_rush_age,pfr_rush_pos,pfr_rush_g,pfr_rush_gs,pfr_rush_att,pfr_rush_yds,pfr_rush_td,pfr_rush_x1d,pfr_rush_ybc,pfr_rush_ybc_att,pfr_rush_yac,pfr_rush_yac_att,pfr_rush_brk_tkl,pfr_rush_att_br,pfr_rush_loaded,pfr_pass_player,pfr_pass_team,pfr_pass_pass_attempts,pfr_pass_throwaways,pfr_pass_spikes,pfr_pass_drops,pfr_pass_drop_pct,pfr_pass_bad_throws,pfr_pass_bad_throw_pct,pfr_pass_season,pfr_pass_pocket_time,pfr_pass_times_blitzed,pfr_pass_times_hurried,pfr_pass_times_hit,pfr_pass_times_pressured,pfr_pass_pressure_pct,pfr_pass_batted_balls,pfr_pass_on_tgt_throws,pfr_pass_on_tgt_pct,pfr_pass_rpo_plays,pfr_pass_rpo_yards,pfr_pass_rpo_pass_att,pfr_pass_rpo_pass_yards,pfr_pass_rpo_rush_att,pfr_pass_rpo_rush_yards,pfr_pass_pa_pass_att,pfr_pass_pa_pass_yards,pfr_pass_intended_air_yards,pfr_pass_intended_air_yards_per_pass_attempt,pfr_pass_completed_air_yards,pfr_pass_completed_air_yards_per_completion,pfr_pass_completed_air_yards_per_pass_attempt,pfr_pass_pass_yards_after_catch,pfr_pass_pass_yards_after_catch_per_completion,pfr_pass_scrambles,pfr_pass_scramble_yards_per_attempt,qbr_season,qbr_season_type,qbr_game_week,qbr_team_abb,qbr_name_short,qbr_rank,qbr_qbr_total,qbr_pts_added,qbr_qb_plays,qbr_epa_total,qbr_pass,qbr_run,qbr_exp_sack,qbr_penalty,qbr_qbr_raw,qbr_sack,qbr_name_first,qbr_name_last,qbr_name_display,qbr_headshot_href,qbr_team,qbr_qualified,weekly_games,ppr_median,ppr_worst_week,weeks_10plus_ppr,weeks_15plus_ppr,weeks_25plus_ppr
2021,Josh Allen,J.Allen,00-0034857,BUF,QB,QB,1.0,17,402.58,23.681176470588234,402.58,0.0,0,0,0,0,0.0,0.0,0.0,122,763,6,409,646,4407,36,15,1161.0,0.9682352941176471,0.34675279931093883,23.681176470588234,8.401855362323953,37.22,12,QB,"https://static.www.nfl.com/image/upload/f_auto,q_auto/league/mjwbioajzldkq1vzoz2d",REG,26,-164,3,1,5295,1734,234,79.99285779358215,2.0975557231747755,1,0.8322946175637393,181,80,51,8,5,2,54,55.64671763407837,1,28,22,9,0,0,0,0,0,0,1.053,1,0,0,0,0,,0,2,0,0,0,0,0,0.0,0.0,0,0,0,0,0,0,0,0,0,0,0,0,0,2,-4,0,0,0,2,33,6,2,1,8,3,0,0,0,0,0,0,0,0,,,0,0,0,0,0,0,0,0,0,0,0,0,,,,0,0,0,0,0,0,0,,0,0,0,0,,0,0,,0,0,0,0,0,0,0,0,0,0,J.Allen,Josh Allen,QB,QB,"https://static.www.nfl.com/image/upload/f_auto,q_auto/league/mjwbioajzldkq1vzoz2d",2021.0,POST,BUF,2.0,48.0,62.0,637.0,9.0,0.0,2.0,-16.0,1.0,0.0,528.0,225.0,27.0,41.168332941844824,10.74678246532717,1.0,1.206439393939394,21.0,17.0,9.0,2.0,17.0,134.0,0.0,0.0,0.0,10.0,14.260974972887198,0.0,5.0,3.0,1.0,0.0,0.0,0.0,0.0,0.0,0.0,0.0,0.0,0.0,0.0,,0.0,0.0,0.0,0.0,0.0,,0.0,0.0,0.0,0.0,0.0,0.0,0.0,0.0,0.0,0.0,0.0,0.0,0.0,0.0,0.0,0.0,0.0,0.0,0.0,0.0,0.0,0.0,0.0,0.0,0.0,1.0,0.0,0.0,0.0,0.0,0.0,0.0,1.0,0.0,0.0,1.0,0.0,0.0,0.0,0.0,0.0,0.0,0.0,0.0,0.0,,,0.0,0.0,0.0,0.0,0.0,0.0,0.0,0.0,0.0,0.0,0.0,0.0,,,,0.0,0.0,0.0,0.0,0.0,0.0,0.0,,0.0,0.0,0.0,0.0,,0.0,0.0,,0.0,0.0,0.0,0.0,0.0,0.0,0.0,0.0,0.0,0.0,76.88000000000001,76.88000000000001,00-0034857,AlleJo02,3918298.0,Josh Allen,1996-05-21,77.0,237.0,Wyoming; Reedley,2018.0,1.0,7.0,BUF,2018,9,17.0,0.0,0.0,0.0,0.0,,,,,,,,,,,,,,,,,,,,,,,,,2021.0,Josh Allen,BUF,25.0,QB,17.0,17.0,122.0,763.0,6.0,54.0,471.0,3.9,292.0,2.4,12.0,10.2,2023-08-21,Josh Allen,BUF,646.0,32.0,0.0,35.0,5.7,107.0,17.4,2021.0,2.4,182.0,95.0,64.0,185.0,25.7,16.0,459.0,74.8,124.0,916.0,93.0,762.0,31.0,154.0,178.0,1643.0,,,,,,,,,,2021.0,Regular,Season Total,BUF,J. Allen,6.0,66.3,42.4,828.0,110.8,80.9,29.5,0.0,0.3,67.4,-10.5,Josh,Allen,Josh Allen,https://a.espncdn.com/i/headshots/nfl/players/full/3918298.png,Bills,True,17,20.94,9.56,16,15,7
2021,Justin Herbert,J.Herbert,00-0036355,LAC,QB,QB,2.0,17,380.76,22.39764705882353,380.76,0.0,0,0,0,0,0.0,0.0,0.0,63,302,3,443,672,5014,38,15,1191.0,0.9958823529411764,0.3196977329974811,22.39764705882353,8.900429434451299,42.82,9,QB,"https://static.www.nfl.com/image/upload/f_auto,q_auto/league/jnkspnntgebegzp4ghve",REG,31,-214,1,1,5058,2403,256,121.55570376370669,-0.615461159333065,5,0.9913009094503756,208,99,53,15,0,0,28,11.158099026499448,0,12,7,1,0,0,0,0,0,0,1.053,1,0,0,0,0,,0,1,0,0,0,0,0,0.0,0.0,0,0,0,0,0,0,0,0,0,0,0,0,0,0,0,0,0,0,0,0,1,0,1,1,1,0,0,0,0,0,0,0,0,,,0,0,0,0,0,0,0,0,0,0,0,0,,,,0,0,0,0,0,0,0,,0,0,0,0,,0,0,,0,0,0,0,0,0,0,0,0,0,,,,,,,,,,,,,,,,,,,,,,,,,,,,,,,,,,,,,,,,,,,,,,,,,,,,,,,,,,,,,,,,,,,,,,,,,,,,,,,,,,,,,,,,,,,,,,,,,,,,,,,,,,,,,,,,,,,,,,,,,,,,,,,,,,,,,,,,,,,,,,,,,,,,00-0036355,HerbJu00,4038941.0,Justin Herbert,1998-03-10,78.0,236.0,Oregon,2020.0,1.0,6.0,LAC,2020,7,17.0,0.0,0.0,0.0,0.0,,,,,,,,,,,,,,,,,,,,,,,,,2021.0,Justin Herbert,LAC,23.0,QB,17.0,17.0,63.0,302.0,3.0,28.0,254.0,4.0,48.0,0.8,2.0,31.5,2023-08-21,Justin Herbert,LAC,672.0,14.0,1.0,38.0,5.8,96.0,14.6,2021.0,2.4,155.0,51.0,61.0,143.0,19.4,17.0,527.0,80.2,54.0,516.0,46.0,484.0,6.0,32.0,166.0,1515.0,,,,,,,,,,2021.0,Regular,Season Total,LAC,J. Herbert,3.0,70.9,53.8,808.0,120.3,100.5,14.9,0.0,4.9,71.9,-12.9,Justin,Herbert,Justin Herbert,https://a.espncdn.com/i/headshots/nfl/players/full/4038941.png,Chargers,True,17,21.28,11.0,17,12,6
2021,Tom Brady,T.Brady,00-0019596,TB,QB,QB,3.0,17,374.74,22.043529411764705,374.74,0.0,0,0,0,0,0.0,0.0,0.0,28,81,2,485,719,5316,43,12,1139.0,0.9629411764705883,0.32900790166812993,22.043529411764705,8.757814325772491,37.739999999999995,10,QB,"https://static.www.nfl.com/image/private/f_auto,q_auto/league/q7dpdlxyu5rs05rgh1le",REG,22,-144,3,2,5804,2534,269,144.76788371139247,1.691372294656255,0,0.9159200551343901,205,107,75,10,1,1,14,3.850478549111787,0,4,2,0,0,0,0,0,0,0,,0,0,0,0,0,,0,0,0,0,0,0,0,0.0,0.0,0,0,0,0,0,0,0,0,0,0,0,0,0,1,0,0,0,0,0,0,4,0,0,4,3,0,0,0,0,0,0,0,0,,,0,0,0,0,0,0,0,0,0,0,0,0,,,,0,0,0,0,0,0,0,,0,0,0,0,,0,0,,0,0,0,0,0,0,0,0,0,0,T.Brady,Tom Brady,QB,QB,"https://static.www.nfl.com/image/private/f_auto,q_auto/league/q7dpdlxyu5rs05rgh1le",2021.0,POST,TB,2.0,59.0,91.0,600.0,3.0,1.0,7.0,-49.0,1.0,1.0,596.0,317.0,28.0,-5.729117064843702,-2.4883017781075467,0.0,1.0067114093959733,19.0,14.0,6.0,2.0,1.0,0.0,0.0,0.0,0.0,0.0,0.0,0.0,0.0,0.0,0.0,0.0,0.0,0.0,0.0,0.0,0.0,0.0,0.0,0.0,0.0,,0.0,0.0,0.0,0.0,0.0,,0.0,0.0,0.0,0.0,0.0,0.0,0.0,0.0,0.0,0.0,0.0,0.0,0.0,0.0,0.0,0.0,0.0,0.0,0.0,0.0,0.0,0.0,0.0,0.0,0.0,0.0,0.0,0.0,0.0,0.0,1.0,15.0,1.0,0.0,0.0,1.0,1.0,0.0,0.0,0.0,0.0,0.0,0.0,0.0,0.0,,,0.0,0.0,0.0,0.0,0.0,0.0,0.0,0.0,0.0,0.0,0.0,0.0,,,,0.0,0.0,0.0,0.0,0.0,0.0,0.0,,0.0,0.0,0.0,0.0,,0.0,0.0,,0.0,0.0,0.0,0.0,0.0,0.0,0.0,0.0,0.0,0.0,32.0,32.0,00-0019596,BradTo00,2330.0,Tom Brady,1977-08-03,76.0,225.0,Michigan,2000.0,6.0,199.0,NE,2000,23,17.0,0.0,0.0,0.0,0.0,,,,,,,,,,,,,,,,,,,,,,,,,2021.0,Tom Brady,TB,44.0,QB,17.0,17.0,28.0,81.0,2.0,14.0,67.0,2.4,14.0,0.5,0.0,,2023-08-21,Tom Brady,TB,719.0,13.0,2.0,32.0,4.5,127.0,18.0,2021.0,2.3,176.0,30.0,31.0,83.0,11.1,8.0,531.0,75.4,8.0,72.0,8.0,72.0,0.0,0.0,113.0,912.0,,,,,,,,,,2021.0,Regular,Season Total,TB,T. Brady,2.0,73.1,53.8,798.0,118.5,109.8,4.9,0.0,3.8,72.2,-8.7,Tom,Brady,Tom Brady,https://a.espncdn.com/i/headshots/nfl/players/full/2330.png,Buccaneers,True,17,25.04,4.760000000000001,16,12,9
2021,Patrick Mahomes,P.Mahomes,00-0033873,KC,QB,QB,4.0,17,361.66,21.274117647058826,361.66,0.0,0,0,0,0,0.0,0.0,0.0,66,381,2,436,658,4839,37,13,1164.0,0.9741176470588234,0.3107044673539519,21.274117647058826,8.697978974180963,36.24,11,QB,"https://static.www.nfl.com/image/upload/f_auto,q_auto/league/wdckwtob1lybvkmxnf7p",REG,28,-146,5,2,4829,2699,260,138.78744912621198,2.6735660097291394,1,1.00207082211638,194,85,58,11,3,2,25,14.328448703119765,1,18,10,4,0,0,0,0,0,0,,0,0,0,0,0,,0,1,0,0,0,0,0,0.0,0.0,0,0,0,0,0,0,0,0,0,0,0,0,0,2,-7,0,0,0,4,38,6,3,0,9,4,0,0,0,0,0,0,0,0,,,0,0,0,0,0,0,0,0,0,0,0,0,,,,0,0,0,0,0,0,0,,0,0,0,0,,0,0,,0,0,0,0,0,0,0,0,0,0,P.Mahomes,Patrick Mahomes,QB,QB,"https://static.www.nfl.com/image/upload/f_auto,q_auto/league/wdckwtob1lybvkmxnf7p",2021.0,POST,KC,3.0,89.0,122.0,1057.0,11.0,3.0,9.0,-81.0,1.0,0.0,694.0,625.0,56.0,34.00171544629649,6.31041393197816,0.0,1.5230547550432276,38.0,21.0,17.0,4.0,13.0,117.0,1.0,0.0,0.0,5.0,8.58959529991791,0.0,3.0,2.0,2.0,0.0,0.0,0.0,0.0,0.0,0.0,0.0,0.0,0.0,0.0,,0.0,0.0,0.0,0.0,0.0,,0.0,0.0,0.0,0.0,1.0,0.0,0.0,0.0,0.0,0.0,0.0,0.0,0.0,0.0,0.0,0.0,0.0,0.0,0.0,0.0,0.0,0.0,0.0,0.0,0.0,1.0,0.0,0.0,0.0,0.0,0.0,0.0,1.0,0.0,0.0,1.0,0.0,0.0,0.0,0.0,0.0,0.0,0.0,0.0,0.0,,,0.0,0.0,0.0,0.0,0.0,0.0,0.0,0.0,0.0,0.0,0.0,0.0,,,,0.0,0.0,0.0,0.0,0.0,0.0,0.0,,0.0,0.0,0.0,0.0,,0.0,0.0,,0.0,0.0,0.0,0.0,0.0,0.0,0.0,0.0,0.0,0.0,97.98,97.98,00-0033873,MahoPa00,3139477.0,Patrick Mahomes,1995-09-17,74.0,225.0,Texas Tech,2017.0,1.0,10.0,KC,2017,10,17.0,0.0,0.0,0.0,0.0,,,,,,,,,,,,,,,,,,,,,,,,,2021.0,Patrick Mahomes,KC,26.0,QB,17.0,17.0,66.0,381.0,2.0,25.0,366.0,5.5,15.0,0.2,0.0,,2023-08-21,Patrick Mahomes,KC,658.0,32.0,0.0,31.0,5.0,118.0,18.8,2021.0,2.4,112.0,76.0,58.0,162.0,22.1,7.0,485.0,77.5,97.0,652.0,91.0,638.0,5.0,14.0,148.0,1099.0,,,,,,,,,,2021.0,Regular,Season Total,KC,P. Mahomes,5.0,67.7,43.9,803.0,108.3,85.5,18.1,0.0,4.7,68.4,-9.0,Patrick,Mahomes,Patrick Mahomes,https://a.espncdn.com/i/headshots/nfl/players/full/3139477.png,Chiefs,True,17,22.32,7.5,15,12,5
2021,Aaron Rodgers,A.Rodgers,00-0023459,GB,QB,QB,5.0,16,333.3,20.83125,332.3,1.0,1,1,-4,0,0.0017543859649122807,-0.0008737439930100481,0.002019958152261387,33,101,3,366,531,4115,37,4,983.0,0.93375,0.33906408952187184,20.83125,7.787483868362106,33.5,9,QB,"https://static.www.nfl.com/image/upload/f_auto,q_auto/league/dypvakakxhccxs67tb0y",REG,30,-188,1,0,4084,2177,213,128.81906195780067,5.772414788895962,0,1.007590597453477,163,81,55,10,2,0,10,5.831224214693066,0,3,3,0,0,0,0,-4,0,0,-1.2434462904930115,0,0,0,0,0,0.0,0,0,0,0,0,0,0,0.0,0.0,0,0,0,0,0,0,0,0,0,0,0,0,0,2,-4,0,0,0,0,0,1,2,0,3,0,0,0,0,0,0,0,0,0,,,0,0,0,0,0,0,0,0,0,0,0,0,,,,0,0,0,0,0,0,0,,0,0,0,0,,0,0,,0,0,0,0,0,0,0,0,0,0,A.Rodgers,Aaron Rodgers,QB,QB,"https://static.www.nfl.com/image/upload/f_auto,q_auto/league/dypvakakxhccxs67tb0y",2021.0,POST,GB,1.0,20.0,29.0,225.0,0.0,0.0,5.0,-29.0,1.0,0.0,220.0,128.0,8.0,-1.088238972845795,3.354271142571061,0.0,1.0227272727272727,6.0,3.0,2.0,1.0,0.0,0.0,0.0,0.0,0.0,0.0,,0.0,0.0,0.0,0.0,0.0,0.0,0.0,0.0,0.0,0.0,0.0,0.0,0.0,0.0,,0.0,0.0,0.0,0.0,0.0,,0.0,0.0,0.0,0.0,0.0,0.0,0.0,0.0,0.0,0.0,0.0,0.0,0.0,0.0,0.0,0.0,0.0,0.0,0.0,0.0,0.0,0.0,0.0,0.0,0.0,0.0,0.0,0.0,0.0,0.0,0.0,0.0,1.0,0.0,0.0,1.0,0.0,0.0,0.0,0.0,0.0,0.0,0.0,0.0,0.0,,,0.0,0.0,0.0,0.0,0.0,0.0,0.0,0.0,0.0,0.0,0.0,0.0,,,,0.0,0.0,0.0,0.0,0.0,0.0,0.0,,0.0,0.0,0.0,0.0,,0.0,0.0,,0.0,0.0,0.0,0.0,0.0,0.0,0.0,0.0,0.0,0.0,9.0,9.0,00-0023459,RodgAa00,8439.0,Aaron Rodgers,1983-12-02,74.0,223.0,California; Butte College,2005.0,1.0,24.0,GB,2005,22,16.0,0.0,0.0,0.0,0.0,2021.0,Aaron Rodgers,GB,38.0,QB,16.0,16.0,1.0,1.0,-4.0,0.0,0.0,-4.0,-4.0,0.0,0.0,-4.0,0.0,,0.0,0.0,0.0,79.2,2023-08-21,2021.0,Aaron Rodgers,GB,38.0,QB,16.0,16.0,33.0,101.0,3.0,10.0,84.0,2.5,17.0,0.5,0.0,,2023-08-21,Aaron Rodgers,GB,531.0,18.0,3.0,13.0,2.5,93.0,18.2,2021.0,2.3,135.0,59.0,40.0,129.0,22.3,8.0,394.0,77.3,30.0,200.0,30.0,200.0,0.0,0.0,107.0,798.0,,,,,,,,,,2021.0,Regular,Season Total,GB,A. Rodgers,1.0,74.1,43.3,610.0,95.8,85.1,5.2,0.0,5.4,73.2,-12.6,Aaron,Rodgers,Aaron Rodgers,https://a.espncdn.com/i/headshots/nfl/players/full/8439.png,Packers,True,16,22.009999999999998,1.3200000000000003,15,13,4
2021,Matthew Stafford,M.Stafford,00-0026498,LA,QB,QB,6.0,17,329.74,19.396470588235296,329.74,0.0,0,0,0,0,0.0,0.0,0.0,32,43,0,404,601,4886,41,17,1065.0,0.9794117647058823,0.3096150234741784,19.396470588235296,6.329811353010917,29.52,8,QB,"https://static.www.nfl.com/image/upload/f_auto,q_auto/league/jwpkjfrkzufdyh8u1mg7",REG,30,-243,3,2,5094,2124,233,117.5954231009535,-0.11675120550114036,2,0.9591676482135846,174,102,65,18,1,0,8,-1.9016529319342226,0,1,1,0,0,0,0,0,0,0,,0,0,0,0,0,,0,0,0,0,0,0,0,0.0,0.0,0,0,0,0,0,0,0,0,0,0,0,0,0,3,0,0,0,0,2,10,3,2,0,5,2,0,0,0,0,0,0,0,0,,,0,0,0,0,0,0,0,0,0,0,0,0,,,,0,0,0,0,0,0,0,,0,0,0,0,,0,0,,0,0,0,0,0,0,0,0,0,0,M.Stafford,Matthew Stafford,QB,QB,"https://static.www.nfl.com/image/upload/f_auto,q_auto/league/jwpkjfrkzufdyh8u1mg7",2021.0,POST,LA,4.0,98.0,140.0,1188.0,9.0,3.0,7.0,-42.0,0.0,0.0,1202.0,543.0,58.0,49.145933955127376,6.815265441563592,0.0,0.9883527454242929,47.0,28.0,17.0,3.0,18.0,42.0,2.0,0.0,0.0,5.0,-10.607117787004235,0.0,2.0,1.0,0.0,0.0,0.0,1.0,0.0,0.0,0.0,0.0,5.0,0.0,0.0,-1.5157049462529928,0.0,0.0,0.0,0.0,0.0,0.0,0.007352941176470588,0.0040551500405515,0.013868016793091931,0.0,0.0,0.0,0.0,0.0,0.0,0.0,0.0,0.0,0.0,0.0,0.0,0.0,0.0,0.0,0.0,0.0,0.0,0.0,0.0,0.0,0.0,0.0,0.0,0.0,0.0,0.0,0.0,0.0,0.0,0.0,0.0,0.0,0.0,0.0,0.0,0.0,0.0,0.0,0.0,0.0,0.0,,,0.0,0.0,0.0,0.0,0.0,0.0,0.0,0.0,0.0,0.0,0.0,0.0,,,,0.0,0.0,0.0,0.0,0.0,0.0,0.0,,0.0,0.0,0.0,0.0,,0.0,0.0,,0.0,0.0,0.0,0.0,0.0,0.0,0.0,0.0,0.0,0.0,93.72000000000001,93.72000000000001,00-0026498,StafMa00,12483.0,Matthew Stafford,1988-02-07,75.0,214.0,Georgia,2009.0,1.0,1.0,DET,2009,18,17.0,0.0,0.0,0.0,0.0,,,,,,,,,,,,,,,,,,,,,,,,,2021.0,Matthew Stafford,LA,33.0,QB,17.0,17.0,32.0,43.0,0.0,8.0,36.0,1.1,7.0,0.2,0.0,,2023-08-21,Matthew Stafford,LAR,601.0,3.0,0.0,31.0,5.2,111.0,18.6,2021.0,2.5,137.0,32.0,42.0,104.0,16.3,9.0,458.0,76.6,25.0,233.0,25.0,233.0,0.0,0.0,122.0,1247.0,,,,,,,,,,2021.0,Regular,Season Total,LAR,M. Stafford,4.0,69.2,40.1,686.0,92.7,88.3,2.7,0.0,1.7,69.6,-13.1,Matthew,Stafford,Matthew Stafford,https://a.espncdn.com/i/headshots/nfl/players/full/12483.png,Rams,True,17,19.300000000000004,6.679999999999999,15,13,3
2021,Dak Prescott,D.Prescott,00-0033077,DAL,QB,QB,7.0,16,320.56000000000006,20.035000000000004,320.56000000000006,0.0,0,0,0,0,0.0,0.0,0.0,48,146,1,410,596,4449,37,10,1113.0,0.96375,0.2880143755615454,20.035,9.025497216220279,31.8,10,QB,"https://static.www.nfl.com/image/upload/f_auto,q_auto/league/yvscmqq1qki8zfsemmcd",REG,30,-144,5,3,4629,2028,227,108.33346017476651,2.314155764954082,2,0.9611147116007777,184,86,55,7,7,3,7,-23.35592285798046,1,6,4,1,0,0,0,0,0,0,,0,0,0,0,0,,0,1,0,0,0,0,0,0.0,0.0,0,0,0,0,0,0,0,0,0,0,0,0,0,7,-12,0,0,0,0,0,8,6,1,14,6,0,0,0,0,0,0,0,0,,,0,0,0,0,0,0,0,0,0,0,0,0,,,,0,0,0,0,0,0,0,,0,0,0,0,,0,0,,0,0,0,0,0,0,0,0,0,0,D.Prescott,Dak Prescott,QB,QB,"https://static.www.nfl.com/image/upload/f_auto,q_auto/league/yvscmqq1qki8zfsemmcd",2021.0,POST,DAL,1.0,23.0,43.0,254.0,1.0,1.0,5.0,-40.0,1.0,0.0,372.0,98.0,11.0,-14.055358915083861,-9.454911729184593,0.0,0.6827956989247311,11.0,5.0,4.0,0.0,4.0,27.0,1.0,0.0,0.0,2.0,1.5646119611919858,0.0,1.0,1.0,0.0,0.0,0.0,0.0,0.0,0.0,0.0,0.0,0.0,0.0,0.0,,0.0,0.0,0.0,0.0,0.0,,0.0,0.0,0.0,0.0,0.0,0.0,0.0,0.0,0.0,0.0,0.0,0.0,0.0,0.0,0.0,0.0,0.0,0.0,0.0,0.0,0.0,0.0,0.0,0.0,0.0,1.0,0.0,0.0,0.0,0.0,0.0,0.0,1.0,0.0,0.0,1.0,0.0,0.0,0.0,0.0,0.0,0.0,0.0,0.0,0.0,,,0.0,0.0,0.0,0.0,0.0,0.0,0.0,0.0,0.0,0.0,0.0,0.0,,,,0.0,0.0,0.0,0.0,0.0,0.0,0.0,,0.0,0.0,0.0,0.0,,0.0,0.0,,0.0,0.0,0.0,0.0,0.0,0.0,0.0,0.0,0.0,0.0,20.86,20.86,00-0033077,PresDa01,2577417.0,Dak Prescott,1993-07-29,74.0,230.0,Mississippi State,2016.0,4.0,135.0,DAL,2016,11,16.0,0.0,0.0,0.0,0.0,,,,,,,,,,,,,,,,,,,,,,,,,2021.0,Dak Prescott,DAL,28.0,QB,16.0,16.0,48.0,146.0,1.0,7.0,121.0,2.5,25.0,0.5,0.0,,2023-08-21,Dak Prescott,DAL,596.0,11.0,0.0,28.0,4.8,86.0,14.7,2021.0,2.4,187.0,46.0,48.0,124.0,19.2,10.0,452.0,77.3,43.0,210.0,38.0,198.0,4.0,12.0,118.0,953.0,,,,,,,,,,2021.0,Regular,Season Total,DAL,D. Prescott,11.0,60.5,27.5,721.0,85.8,90.2,-7.7,0.0,3.4,63.2,-10.7,Dak,Prescott,Dak Prescott,https://a.espncdn.com/i/headshots/nfl/players/full/2577417.png,Cowboys,True,16,21.86,2.6400000000000006,13,11,7
2021,Joe Burrow,J.Burrow,00-0036442,CIN,QB,QB,8.0,16,314.24,19.64,314.24,0.0,0,0,0,0,0.0,0.0,0.0,40,118,2,366,520,4611,34,14,1007.0,0.965625,0.31205561072492555,19.64,8.444756953281724,38.1,7,QB,"https://static.www.nfl.com/image/upload/f_auto,q_auto/league/gnnvcgui1cijybukk2w7",REG,51,-370,4,2,4227,2251,202,99.65101362233649,6.640305063823466,1,1.0908445706174592,180,94,60,15,1,0,14,3.470520692237187,0,1,1,0,0,0,0,0,0,0,,0,0,0,0,0,,0,2,0,0,0,0,0,0.0,0.0,0,0,0,0,0,0,0,0,0,0,0,0,0,1,-4,0,0,0,0,0,4,1,0,5,2,0,0,0,0,0,0,0,0,,,0,0,0,0,0,0,0,0,0,0,0,0,,,,0,0,0,0,0,0,0,,0,0,0,0,,0,0,,0,0,0,0,0,0,0,0,0,0,J.Burrow,Joe Burrow,QB,QB,"https://static.www.nfl.com/image/upload/f_auto,q_auto/league/gnnvcgui1cijybukk2w7",2021.0,POST,CIN,4.0,97.0,142.0,1105.0,5.0,2.0,19.0,-137.0,0.0,0.0,879.0,626.0,48.0,1.1803174440229438,3.1109104553858438,1.0,1.2571103526734926,38.0,24.0,13.0,5.0,11.0,31.0,0.0,0.0,0.0,6.0,6.7193781491185485,0.0,1.0,0.0,0.0,0.0,0.0,0.0,0.0,0.0,0.0,0.0,0.0,0.0,0.0,,0.0,0.0,0.0,0.0,0.0,,0.0,0.0,0.0,0.0,0.0,0.0,0.0,0.0,0.0,0.0,0.0,0.0,0.0,0.0,0.0,0.0,0.0,0.0,0.0,0.0,0.0,0.0,0.0,0.0,0.0,0.0,0.0,0.0,0.0,0.0,0.0,0.0,0.0,0.0,0.0,0.0,0.0,0.0,0.0,0.0,0.0,0.0,0.0,0.0,0.0,,,0.0,0.0,0.0,0.0,0.0,0.0,0.0,0.0,0.0,0.0,0.0,0.0,,,,0.0,0.0,0.0,0.0,0.0,0.0,0.0,,0.0,0.0,0.0,0.0,,0.0,0.0,,0.0,0.0,0.0,0.0,0.0,0.0,0.0,0.0,0.0,0.0,65.30000000000001,65.30000000000001,00-0036442,BurrJo01,3915511.0,Joe Burrow,1996-12-10,76.0,215.0,LSU; Ohio State,2020.0,1.0,1.0,CIN,2020,7,16.0,0.0,0.0,0.0,0.0,,,,,,,,,,,,,,,,,,,,,,,,,2021.0,Joe Burrow,CIN,25.0,QB,16.0,16.0,40.0,118.0,2.0,14.0,84.0,2.1,34.0,0.9,2.0,20.0,2023-08-21,Joe Burrow,CIN,520.0,12.0,2.0,23.0,4.5,54.0,10.7,2021.0,2.4,125.0,46.0,48.0,145.0,24.5,8.0,419.0,82.8,23.0,168.0,20.0,167.0,1.0,1.0,75.0,807.0,,,,,,,,,,2021.0,Regular,Season Total,CIN,J. Burrow,12.0,60.2,25.1,642.0,79.4,68.1,9.6,0.0,1.7,63.5,-22.9,Joe,Burrow,Joe Burrow,https://a.espncdn.com/i/headshots/nfl/players/full/3915511.png,Bengals,True,16,18.490000000000002,7.379999999999999,14,12,3
2021,Jalen Hurts,J.Hurts,00-0036389,PHI,QB,QB,9.0,15,312.15999999999997,20.810666666666666,312.15999999999997,0.0,0,1,0,0,0.002136752136752137,0.0007092198581560284,0.0037015821058374253,139,784,10,265,432,3144,16,9,954.0,0.978,0.3272117400419287,20.81066666666667,6.976244862456619,30.78,9,QB,"https://static.www.nfl.com/image/upload/f_auto,q_auto/league/xow5yvxjeqa6witmofmp",REG,26,-150,5,1,3882,1463,143,18.947359733150865,0.11539748507781833,3,0.8098918083462133,130,77,44,5,3,1,56,40.5911976853391,0,29,23,7,0,0,0,3,0,0,-2.804270841705147,0,0,0,0,0,0.0,0,0,0,0,0,0,0,0.0,0.0,0,0,0,0,0,0,0,0,0,0,0,0,0,3,-24,0,0,0,0,0,5,4,1,9,2,0,0,0,0,0,0,0,0,,,0,0,0,0,0,0,0,0,0,0,0,0,,,,0,0,0,0,0,0,0,,0,0,0,0,,0,0,,0,0,0,0,0,0,0,0,0,0,J.Hurts,Jalen Hurts,QB,QB,"https://static.www.nfl.com/image/upload/f_auto,q_auto/league/xow5yvxjeqa6witmofmp",2021.0,POST,PHI,1.0,23.0,43.0,258.0,1.0,2.0,2.0,-14.0,1.0,0.0,465.0,172.0,10.0,-5.500413996647578,-7.538635162420051,1.0,0.5548387096774193,12.0,8.0,4.0,0.0,8.0,39.0,0.0,0.0,0.0,1.0,-0.7799687732476741,0.0,1.0,0.0,0.0,0.0,0.0,0.0,0.0,0.0,0.0,0.0,0.0,0.0,0.0,,0.0,0.0,0.0,0.0,0.0,,0.0,0.0,0.0,0.0,0.0,0.0,0.0,0.0,0.0,0.0,0.0,0.0,0.0,0.0,0.0,0.0,0.0,0.0,0.0,0.0,0.0,0.0,0.0,0.0,0.0,0.0,0.0,0.0,0.0,0.0,0.0,0.0,1.0,0.0,0.0,1.0,0.0,0.0,0.0,0.0,0.0,0.0,0.0,0.0,0.0,,,0.0,0.0,0.0,0.0,0.0,0.0,0.0,0.0,0.0,0.0,0.0,0.0,,,,0.0,0.0,0.0,0.0,0.0,0.0,0.0,,0.0,0.0,0.0,0.0,,0.0,0.0,,0.0,0.0,0.0,0.0,0.0,0.0,0.0,0.0,0.0,0.0,16.22,16.22,00-0036389,HurtJa00,4040715.0,Jalen Hurts,1998-08-07,73.0,223.0,Oklahoma; Alabama,2020.0,2.0,53.0,PHI,2020,7,15.0,0.0,0.0,0.0,0.0,2021.0,Jalen Hurts,PHI,23.0,QB,15.0,15.0,1.0,0.0,0.0,0.0,0.0,0.0,,0.0,,3.0,0.0,,0.0,0.0,0.0,39.6,2023-08-21,2021.0,Jalen Hurts,PHI,23.0,QB,15.0,15.0,139.0,784.0,10.0,56.0,642.0,4.6,142.0,1.0,9.0,15.4,2023-08-21,Jalen Hurts,PHI,432.0,22.0,2.0,22.0,5.4,57.0,14.0,2021.0,2.6,124.0,76.0,32.0,134.0,26.4,11.0,319.0,78.2,154.0,1178.0,95.0,819.0,52.0,359.0,111.0,994.0,,,,,,,,,,2021.0,Regular,Season Total,PHI,J. Hurts,19.0,54.6,14.9,622.0,65.7,36.4,28.1,0.0,1.2,58.4,-10.9,Jalen,Hurts,Jalen Hurts,https://a.espncdn.com/i/headshots/nfl/players/full/4040715.png,Eagles,True,15,21.8,6.86,14,12,5
2021,Kyler Murray,K.Murray,00-0035228,ARI,QB,QB,10.0,14,300.48,21.462857142857143,300.48,0.0,0,0,7,0,0.0,0.0,0.0,88,423,5,333,481,3787,24,10,940.0,0.9757142857142858,0.31965957446808513,21.462857142857143,7.4883616659160115,33.56,8,QB,"https://static.www.nfl.com/image/upload/f_auto,q_auto/league/btfruyf33adgnjzpcuen",REG,31,-286,1,0,3823,1789,172,64.44055304935745,4.213738438234929,0,0.9905833115354433,146,71,49,9,10,0,25,4.642070294140574,0,14,10,1,1,0,0,0,7,0,,0,0,0,0,0,0.0,0,0,0,0,0,0,0,0.0,0.0,0,0,0,0,0,0,0,0,0,0,0,0,0,13,-38,0,0,0,1,11,0,13,0,13,0,0,0,0,0,0,0,0,0,,,0,0,0,0,0,0,0,0,0,0,0,0,,,,0,0,0,0,0,0,0,,0,0,0,0,,0,0,,0,0,0,0,0,0,0,0,0,0,K.Murray,Kyler Murray,QB,QB,"https://static.www.nfl.com/image/upload/f_auto,q_auto/league/btfruyf33adgnjzpcuen",2021.0,POST,ARI,1.0,19.0,34.0,137.0,0.0,2.0,2.0,-15.0,0.0,0.0,279.0,94.0,7.0,-21.975805635680445,-15.29535975526361,1.0,0.4910394265232975,6.0,1.0,1.0,0.0,2.0,6.0,0.0,0.0,0.0,1.0,2.1067026269156486,0.0,0.0,0.0,0.0,0.0,0.0,0.0,0.0,0.0,0.0,0.0,0.0,0.0,0.0,,0.0,0.0,0.0,0.0,0.0,,0.0,0.0,0.0,0.0,0.0,0.0,0.0,0.0,0.0,0.0,0.0,0.0,0.0,0.0,0.0,0.0,0.0,0.0,0.0,0.0,0.0,0.0,0.0,0.0,0.0,0.0,0.0,0.0,0.0,0.0,0.0,0.0,0.0,0.0,0.0,0.0,0.0,0.0,0.0,0.0,0.0,0.0,0.0,0.0,0.0,,,0.0,0.0,0.0,0.0,0.0,0.0,0.0,0.0,0.0,0.0,0.0,0.0,,,,0.0,0.0,0.0,0.0,0.0,0.0,0.0,,0.0,0.0,0.0,0.0,,0.0,0.0,,0.0,0.0,0.0,0.0,0.0,0.0,0.0,0.0,0.0,0.0,4.08,4.08,00-0035228,MurrKy00,3917315.0,Kyler Murray,1997-08-07,70.0,207.0,Oklahoma; Texas A&M,2019.0,1.0,1.0,ARI,2019,8,14.0,0.0,0.0,0.0,0.0,,,,,,,,,,,,,,,,,,,,,,,,,2021.0,Kyler Murray,ARI,24.0,QB,14.0,14.0,88.0,423.0,5.0,25.0,376.0,4.3,47.0,0.5,0.0,,2023-08-21,Kyler Murray,ARI,481.0,19.0,0.0,16.0,3.5,65.0,14.1,2021.0,2.3,108.0,68.0,13.0,112.0,20.7,10.0,367.0,79.4,111.0,780.0,79.0,702.0,28.0,78.0,109.0,937.0,,,,,,,,,,2021.0,Regular,Season Total,ARI,K. Murray,7.0,63.2,21.0,632.0,74.1,61.6,10.4,0.0,2.1,61.5,-13.3,Kyler,Murray,Kyler Murray,https://a.espncdn.com/i/headshots/nfl/players/full/3917315.png,Cardinals,True,14,21.669999999999998,9.06,13,11,4
2021,Kirk Cousins,K.Cousins,00-0029604,MIN,QB,QB,11.0,16,300.34000000000003,18.771250000000002,300.34000000000003,0.0,0,0,0,0,0.0,0.0,0.0,29,115,1,372,561,4221,33,7,1087.0,1.0,0.27630174793008283,18.771250000000002,5.741107761863849,28.520000000000003,8,QB,"https://static.www.nfl.com/image/upload/f_auto,q_auto/league/za7cynvpwlsro1tsaijk",REG,28,-197,10,2,4573,1813,192,68.7925677748154,1.3502727035481614,0,0.9230264596544938,160,97,60,10,2,0,8,-4.479162720842506,0,4,3,1,0,0,0,0,0,0,,0,0,0,0,0,,0,1,0,0,0,0,0,0.0,0.0,0,0,0,0,0,0,0,0,0,0,0,0,0,4,-11,0,0,0,3,28,10,2,1,12,2,0,0,0,0,0,0,0,0,,,0,0,0,0,0,0,0,0,0,0,0,0,,,,0,0,0,0,0,0,0,,0,0,0,0,,0,0,,0,0,0,0,0,0,0,0,0,0,,,,,,,,,,,,,,,,,,,,,,,,,,,,,,,,,,,,,,,,,,,,,,,,,,,,,,,,,,,,,,,,,,,,,,,,,,,,,,,,,,,,,,,,,,,,,,,,,,,,,,,,,,,,,,,,,,,,,,,,,,,,,,,,,,,,,,,,,,,,,,,,,,,,00-0029604,CousKi00,14880.0,Kirk Cousins,1988-08-19,75.0,209.0,Michigan State,2012.0,4.0,102.0,WAS,2012,15,16.0,0.0,0.0,0.0,0.0,,,,,,,,,,,,,,,,,,,,,,,,,2021.0,Kirk Cousins,MIN,33.0,QB,16.0,16.0,29.0,115.0,1.0,8.0,97.0,3.3,18.0,0.6,0.0,,2023-08-21,Kirk Cousins,MIN,561.0,13.0,5.0,22.0,4.1,93.0,17.1,2021.0,2.4,168.0,68.0,65.0,161.0,26.6,4.0,418.0,77.0,8.0,23.0,7.0,21.0,1.0,2.0,113.0,1107.0,,,,,,,,,,2021.0,Regular,Season Total,MIN,K. Cousins,15.0,58.3,14.3,650.0,74.0,73.0,0.4,0.0,0.5,57.7,-13.3,Kirk,Cousins,Kirk Cousins,https://a.espncdn.com/i/headshots/nfl/players/full/14880.png,Vikings,True,16,18.83,10.120000000000001,16,11,4
2021,Ryan Tannehill,R.Tannehill,00-0029701,TEN,QB,QB,12.0,17,268.36,15.785882352941178,268.36,0.0,0,0,0,0,0.0,0.0,0.0,55,270,7,357,531,3734,21,14,1168.0,0.9858823529411763,0.22976027397260276,15.785882352941178,4.9132716427340055,27.28,3,QB,"https://static.www.nfl.com/image/private/f_auto,q_auto/league/yvwju12dl6haf3r8uzrm",REG,47,-327,6,3,3954,1778,192,25.663613446694345,2.362154926638153,1,0.9443601416287304,169,59,35,7,4,1,33,34.28934092627623,0,11,9,2,0,0,0,0,0,0,,0,0,0,0,0,,0,2,0,1,0,0,0,0.0,0.0,0,0,0,0,0,0,0,0,0,0,0,0,0,1,-7,0,0,0,1,10,6,4,0,10,4,0,0,0,0,0,0,0,0,,,0,0,0,0,0,0,0,0,0,0,0,0,,,,0,0,0,0,0,0,0,,0,0,0,0,,0,0,,0,0,0,0,0,0,0,0,0,0,R.Tannehill,Ryan Tannehill,QB,QB,"https://static.www.nfl.com/image/private/f_auto,q_auto/league/yvwju12dl6haf3r8uzrm",2021.0,POST,TEN,1.0,15.0,24.0,220.0,1.0,3.0,1.0,-7.0,0.0,0.0,261.0,47.0,9.0,-4.451318063815745,-0.2720341086387634,0.0,0.842911877394636,8.0,5.0,4.0,2.0,3.0,12.0,0.0,0.0,0.0,0.0,-2.702798460260965,0.0,0.0,0.0,0.0,0.0,0.0,0.0,0.0,0.0,0.0,0.0,0.0,0.0,0.0,,0.0,0.0,0.0,0.0,0.0,,0.0,0.0,0.0,0.0,1.0,0.0,0.0,0.0,0.0,0.0,0.0,0.0,0.0,0.0,0.0,0.0,0.0,0.0,0.0,0.0,0.0,0.0,0.0,0.0,0.0,0.0,0.0,0.0,0.0,0.0,0.0,0.0,0.0,0.0,0.0,0.0,0.0,0.0,0.0,0.0,0.0,0.0,0.0,0.0,0.0,,,0.0,0.0,0.0,0.0,0.0,0.0,0.0,0.0,0.0,0.0,0.0,0.0,,,,0.0,0.0,0.0,0.0,0.0,0.0,0.0,,0.0,0.0,0.0,0.0,,0.0,0.0,,0.0,0.0,0.0,0.0,0.0,0.0,0.0,0.0,0.0,0.0,8.0,8.0,00-0029701,TannRy00,14876.0,Ryan Tannehill,1988-07-27,76.0,217.0,Texas A&M,2012.0,1.0,8.0,MIA,2012,12,17.0,0.0,0.0,0.0,0.0,,,,,,,,,,,,,,,,,,,,,,,,,2021.0,Ryan Tannehill,TEN,33.0,QB,17.0,17.0,55.0,270.0,7.0,33.0,211.0,3.8,59.0,1.1,2.0,27.5,2023-08-21,Ryan Tannehill,TEN,531.0,9.0,1.0,23.0,4.4,83.0,15.9,2021.0,2.3,166.0,31.0,64.0,142.0,23.8,10.0,411.0,78.9,34.0,311.0,22.0,224.0,12.0,87.0,132.0,1114.0,,,,,,,,,,2021.0,Regular,Season Total,TEN,R. Tannehill,8.0,61.8,22.5,680.0,80.8,59.5,16.8,0.0,4.5,61.5,-17.5,Ryan,Tannehill,Ryan Tannehill,https://a.espncdn.com/i/headshots/nfl/players/full/14876.png,Titans,True,17,14.559999999999999,8.120000000000001,14,7,1
2021,Carson Wentz,C.Wentz,00-0032950,IND,QB,QB,13.0,17,258.02,15.177647058823528,258.02,0.0,0,0,0,0,0.0,0.0,0.0,57,215,1,322,516,3563,27,7,1091.0,0.981764705882353,0.23649862511457376,15.177647058823531,5.661452474201921,24.180000000000003,4,QB,"https://static.www.nfl.com/image/upload/f_auto,q_auto/league/vuolixdvigc8axelug66",REG,32,-227,4,4,3937,1650,165,13.058730000047255,-2.120752626621507,2,0.90500381000762,137,65,42,9,4,1,21,7.857901858292219,0,8,5,0,0,0,0,0,0,0,,0,0,0,0,0,,0,0,0,0,0,0,0,0.0,0.0,0,0,0,0,0,0,0,0,0,0,0,0,0,1,-6,0,0,0,1,10,5,3,0,8,5,0,0,0,0,0,0,0,0,,,0,0,0,0,0,0,0,0,0,0,0,0,,,,0,0,0,0,0,0,0,,0,0,0,0,,0,0,,0,0,0,0,0,0,0,0,0,0,,,,,,,,,,,,,,,,,,,,,,,,,,,,,,,,,,,,,,,,,,,,,,,,,,,,,,,,,,,,,,,,,,,,,,,,,,,,,,,,,,,,,,,,,,,,,,,,,,,,,,,,,,,,,,,,,,,,,,,,,,,,,,,,,,,,,,,,,,,,,,,,,,,,00-0032950,WentCa00,2573079.0,Carson Wentz,1992-12-30,77.0,237.0,North Dakota State,2016.0,1.0,2.0,PHI,2016,11,17.0,0.0,0.0,0.0,0.0,,,,,,,,,,,,,,,,,,,,,,,,,2021.0,Carson Wentz,IND,29.0,QB,17.0,17.0,57.0,215.0,1.0,21.0,158.0,2.8,57.0,1.0,2.0,28.5,2023-08-21,Carson Wentz,IND,516.0,17.0,0.0,25.0,5.0,94.0,18.8,2021.0,2.5,156.0,41.0,75.0,148.0,25.8,8.0,368.0,73.7,84.0,597.0,76.0,553.0,7.0,44.0,144.0,1234.0,,,,,,,,,,2021.0,Regular,Season Total,IND,C. Wentz,9.5,60.6,19.5,648.0,74.3,58.3,9.6,0.0,6.3,60.5,-15.7,Carson,Wentz,Carson Wentz,https://a.espncdn.com/i/headshots/nfl/players/full/2573079.png,Colts,True,17,17.4,5.98,14,10,0
2021,Derek Carr,D.Carr,00-0031280,LV,QB,QB,14.0,17,256.96,15.115294117647057,256.96,0.0,0,0,0,0,0.0,0.0,0.0,40,108,0,428,626,4804,23,14,1127.0,0.9899999999999999,0.22800354924578525,15.11529411764706,5.854526152524066,24.18,5,QB,"https://static.www.nfl.com/image/upload/f_auto,q_auto/league/qsz1pyrlu6bmvby6maaf",REG,40,-241,9,5,5084,2283,217,37.460518820790774,2.1973421093628134,0,0.94492525570417,187,104,67,10,4,0,9,-4.127118461962333,0,2,2,1,0,0,0,0,0,0,,0,0,0,0,0,,0,0,0,0,0,0,0,0.0,0.0,0,0,0,0,0,0,0,0,0,0,0,0,0,5,-20,0,0,0,2,31,9,4,0,13,5,0,0,0,0,0,0,0,0,,,0,0,0,0,0,0,0,0,0,0,0,0,,,,0,0,0,0,0,0,0,,0,0,0,0,,0,0,,0,0,0,0,0,0,0,0,0,0,D.Carr,Derek Carr,QB,QB,"https://static.www.nfl.com/image/upload/f_auto,q_auto/league/qsz1pyrlu6bmvby6maaf",2021.0,POST,LV,1.0,29.0,54.0,310.0,1.0,1.0,3.0,-28.0,1.0,1.0,411.0,123.0,15.0,-0.04562368275105766,-6.101179427030135,0.0,0.754257907542579,14.0,6.0,2.0,0.0,1.0,20.0,0.0,0.0,0.0,1.0,2.265730357670691,0.0,1.0,1.0,1.0,0.0,0.0,0.0,0.0,0.0,0.0,0.0,0.0,0.0,0.0,,0.0,0.0,0.0,0.0,0.0,,0.0,0.0,0.0,0.0,0.0,0.0,0.0,0.0,0.0,0.0,0.0,0.0,0.0,0.0,0.0,0.0,0.0,0.0,0.0,0.0,0.0,0.0,0.0,0.0,0.0,0.0,0.0,0.0,0.0,0.0,0.0,0.0,1.0,0.0,0.0,1.0,1.0,0.0,0.0,0.0,0.0,0.0,0.0,0.0,0.0,,,0.0,0.0,0.0,0.0,0.0,0.0,0.0,0.0,0.0,0.0,0.0,0.0,,,,0.0,0.0,0.0,0.0,0.0,0.0,0.0,,0.0,0.0,0.0,0.0,,0.0,0.0,,0.0,0.0,0.0,0.0,0.0,0.0,0.0,0.0,0.0,0.0,14.399999999999999,14.399999999999999,00-0031280,CarrDe02,16757.0,Derek Carr,1991-03-28,75.0,215.0,Fresno State,2014.0,2.0,36.0,LV,2014,11,17.0,0.0,0.0,0.0,0.0,,,,,,,,,,,,,,,,,,,,,,,,,2021.0,Derek Carr,LV,30.0,QB,17.0,17.0,40.0,108.0,0.0,9.0,100.0,2.5,8.0,0.2,0.0,,2023-08-21,Derek Carr,LVR,626.0,21.0,3.0,26.0,4.3,94.0,15.6,2021.0,2.5,167.0,58.0,48.0,146.0,21.4,10.0,466.0,77.4,31.0,228.0,29.0,228.0,1.0,0.0,93.0,909.0,,,,,,,,,,2021.0,Regular,Season Total,LV,D. Carr,14.0,58.4,21.0,747.0,83.9,72.1,3.6,0.0,8.2,59.8,-14.8,Derek,Carr,Derek Carr,https://a.espncdn.com/i/headshots/nfl/players/full/16757.png,Raiders,True,17,14.44,7.24,14,8,0
2021,Russell Wilson,R.Wilson,00-0029263,SEA,QB,QB,15.0,14,242.82,17.344285714285714,242.82,0.0,0,0,0,0,0.0,0.0,0.0,43,183,2,259,400,3113,25,6,788.0,0.972857142857143,0.3081472081218274,17.344285714285714,7.788473449997675,27.839999999999996,6,QB,"https://static.www.nfl.com/image/upload/f_auto,q_auto/league/vkstxj0evgkjiycu4glc",REG,33,-266,4,1,3955,1383,135,16.612031373268874,3.1963339471137586,1,0.7871049304677623,113,62,45,10,2,0,17,-2.4279138694765168,0,9,7,0,0,0,0,0,0,0,,0,0,0,0,0,,0,0,0,0,0,0,0,0.0,0.0,0,0,0,0,0,0,0,0,0,0,0,0,0,3,-23,0,0,0,0,0,4,2,0,6,1,0,0,0,0,0,0,0,0,,,0,0,0,0,0,0,0,0,0,0,0,0,,,,0,0,0,0,0,0,0,,0,0,0,0,,0,0,,0,0,0,0,0,0,0,0,0,0,,,,,,,,,,,,,,,,,,,,,,,,,,,,,,,,,,,,,,,,,,,,,,,,,,,,,,,,,,,,,,,,,,,,,,,,,,,,,,,,,,,,,,,,,,,,,,,,,,,,,,,,,,,,,,,,,,,,,,,,,,,,,,,,,,,,,,,,,,,,,,,,,,,,00-0029263,WilsRu00,14881.0,Russell Wilson,1988-11-29,71.0,206.0,Wisconsin; N.C. State,2012.0,3.0,75.0,SEA,2012,14,14.0,0.0,0.0,0.0,0.0,,,,,,,,,,,,,,,,,,,,,,,,,2021.0,Russell Wilson,SEA,33.0,QB,14.0,14.0,43.0,183.0,2.0,17.0,135.0,3.1,48.0,1.1,1.0,43.0,2023-08-21,Russell Wilson,SEA,400.0,13.0,0.0,16.0,4.1,72.0,18.6,2021.0,2.4,113.0,48.0,42.0,123.0,27.0,3.0,296.0,76.5,45.0,225.0,36.0,204.0,7.0,21.0,102.0,1036.0,,,,,,,,,,2021.0,Regular,Season Total,SEA,R. Wilson,9.5,60.6,12.1,500.0,55.4,45.0,7.8,0.0,2.6,58.5,-15.2,Russell,Wilson,Russell Wilson,https://a.espncdn.com/i/headshots/nfl/players/full/14881.png,Seahawks,True,14,18.110000000000003,4.24,10,10,2
2021,Lamar Jackson,L.Jackson,00-0034796,BAL,QB,QB,16.0,12,239.98000000000002,19.998333333333335,239.98000000000002,0.0,0,0,0,0,0.0,0.0,0.0,133,767,2,246,382,2882,16,13,810.0,0.91,0.29627160493827165,19.998333333333335,10.943373115795476,41.88,4,QB,"https://static.www.nfl.com/image/upload/f_auto,q_auto/league/eno6s5qzl9grbfbfwhoa",REG,38,-190,2,1,3534,1150,135,18.43670087404864,0.6794994812448713,2,0.8155065082059989,112,60,41,5,3,2,48,15.515112108310792,0,24,16,5,0,0,0,0,0,0,,0,0,0,0,0,,0,1,0,0,0,0,0,0.0,0.0,0,0,0,0,0,0,0,0,0,0,0,0,0,2,-4,0,0,0,0,0,4,2,1,6,3,0,0,0,0,0,0,0,0,,,0,0,0,0,0,0,0,0,0,0,0,0,,,,0,0,0,0,0,0,0,,0,0,0,0,,0,0,,0,0,0,0,0,0,0,0,0,0,,,,,,,,,,,,,,,,,,,,,,,,,,,,,,,,,,,,,,,,,,,,,,,,,,,,,,,,,,,,,,,,,,,,,,,,,,,,,,,,,,,,,,,,,,,,,,,,,,,,,,,,,,,,,,,,,,,,,,,,,,,,,,,,,,,,,,,,,,,,,,,,,,,,00-0034796,JackLa00,3916387.0,Lamar Jackson,1997-01-07,74.0,205.0,Louisville,2018.0,1.0,32.0,BAL,2018,9,12.0,0.0,0.0,0.0,0.0,,,,,,,,,,,,,,,,,,,,,,,,,2021.0,Lamar Jackson,BAL,24.0,QB,12.0,12.0,133.0,767.0,2.0,48.0,485.0,3.6,282.0,2.1,11.0,12.1,2023-08-21,Lamar Jackson,BAL,382.0,7.0,4.0,18.0,4.9,73.0,19.7,2021.0,2.4,151.0,39.0,29.0,106.0,22.6,9.0,272.0,73.3,119.0,834.0,63.0,574.0,54.0,260.0,93.0,831.0,,,,,,,,,,2021.0,Regular,Season Total,BAL,L. Jackson,17.0,56.8,11.1,574.0,62.7,43.7,18.2,0.0,0.9,56.8,-13.0,Lamar,Jackson,Lamar Jackson,https://a.espncdn.com/i/headshots/nfl/players/full/3916387.png,Ravens,True,12,18.64,1.1800000000000002,10,9,3
2021,Jimmy Garoppolo,J.Garoppolo,00-0031345,SF,QB,QB,17.0,15,227.5,15.166666666666666,227.5,0.0,0,0,0,0,0.0,0.0,0.0,38,51,3,301,441,3810,20,12,913.0,0.9540000000000001,0.24917853231106243,15.166666666666666,5.200163001108257,27.28,2,QB,"https://static.www.nfl.com/image/upload/f_auto,q_auto/league/ivz3zwvjxvgcu4dzabur",REG,29,-201,4,2,3306,1966,172,93.18086054271167,2.62256931041328,1,1.1524500907441015,152,85,54,8,4,1,15,3.3076189078896627,0,0,0,0,0,0,0,0,0,0,,0,0,0,0,0,,0,0,0,0,0,0,0,0.0,0.0,0,0,0,0,0,0,0,0,0,0,0,0,0,3,-5,0,0,0,1,10,2,6,1,8,3,0,0,0,0,0,0,0,0,,,0,0,0,0,0,0,0,0,0,0,0,0,,,,0,0,0,0,0,0,0,,0,0,0,0,,0,0,,0,0,0,0,0,0,0,0,0,0,J.Garoppolo,Jimmy Garoppolo,QB,QB,"https://static.www.nfl.com/image/upload/f_auto,q_auto/league/ivz3zwvjxvgcu4dzabur",2021.0,POST,SF,3.0,43.0,74.0,535.0,2.0,3.0,4.0,-25.0,0.0,0.0,426.0,318.0,30.0,-1.2511968118789671,-11.404790356755257,0.0,1.255868544600939,31.0,12.0,5.0,1.0,2.0,5.0,0.0,0.0,0.0,0.0,-0.9510068782705723,0.0,0.0,0.0,0.0,0.0,0.0,0.0,0.0,0.0,0.0,0.0,0.0,0.0,0.0,,0.0,0.0,0.0,0.0,0.0,,0.0,0.0,0.0,0.0,0.0,0.0,0.0,0.0,0.0,0.0,0.0,0.0,0.0,0.0,0.0,0.0,0.0,0.0,0.0,0.0,0.0,0.0,0.0,0.0,0.0,0.0,0.0,0.0,0.0,0.0,0.0,0.0,0.0,0.0,0.0,0.0,0.0,0.0,0.0,0.0,0.0,0.0,0.0,0.0,0.0,,,0.0,0.0,0.0,0.0,0.0,0.0,0.0,0.0,0.0,0.0,0.0,0.0,,,,0.0,0.0,0.0,0.0,0.0,0.0,0.0,,0.0,0.0,0.0,0.0,,0.0,0.0,,0.0,0.0,0.0,0.0,0.0,0.0,0.0,0.0,0.0,0.0,23.900000000000002,23.900000000000002,00-0031345,GaroJi00,16760.0,Jimmy Garoppolo,1991-11-02,74.0,225.0,Eastern Illinois,2014.0,2.0,62.0,NE,2014,12,15.0,0.0,0.0,0.0,0.0,,,,,,,,,,,,,,,,,,,,,,,,,2021.0,Jimmy Garoppolo,SF,30.0,QB,15.0,15.0,38.0,51.0,3.0,15.0,40.0,1.1,11.0,0.3,0.0,,2023-08-21,Jimmy Garoppolo,SF,441.0,11.0,3.0,23.0,5.4,55.0,12.9,2021.0,2.4,100.0,24.0,36.0,89.0,18.7,5.0,348.0,81.5,38.0,339.0,37.0,334.0,1.0,5.0,100.0,1017.0,,,,,,,,,,2021.0,Regular,Season Total,SF,J. Garoppolo,13.0,59.2,12.0,530.0,57.8,56.6,-0.7,0.0,1.9,58.0,-11.7,Jimmy,Garoppolo,Jimmy Garoppolo,https://a.espncdn.com/i/headshots/nfl/players/full/16760.png,49ers,True,15,14.760000000000002,5.24,13,7,1
2021,Mac Jones,M.Jones,00-0036972,NE,QB,QB,18.0,17,224.94,13.231764705882354,224.94,0.0,0,0,0,0,0.0,0.0,0.0,44,129,0,352,521,3801,22,13,1065.0,0.9652941176470589,0.2112112676056338,13.231764705882354,6.362711917191951,22.279999999999998,3,QB,"https://static.www.nfl.com/image/upload/f_auto,q_auto/league/mbdwfwiuhl0ib5ajtmzq",REG,28,-241,4,2,4158,1760,177,52.87613657480971,2.3821931062612514,2,0.9141414141414141,152,77,52,6,3,1,22,-0.2051863540124672,0,5,3,0,0,0,0,0,0,0,,0,0,0,0,0,,0,1,0,1,0,0,0,0.0,0.0,0,0,0,0,0,0,0,0,0,0,0,0,0,1,-11,0,0,0,2,14,3,4,0,7,3,0,0,0,0,0,0,0,0,,,0,0,0,0,0,0,0,0,0,0,0,0,,,,0,0,0,0,0,0,0,,0,0,0,0,,0,0,,0,0,0,0,0,0,0,0,0,0,M.Jones,Mac Jones,QB,QB,"https://static.www.nfl.com/image/upload/f_auto,q_auto/league/mbdwfwiuhl0ib5ajtmzq",2021.0,POST,NE,1.0,24.0,38.0,232.0,2.0,2.0,3.0,-16.0,0.0,0.0,243.0,101.0,13.0,3.488060396735427,4.772640807288034,0.0,0.9547325102880658,8.0,4.0,2.0,1.0,2.0,18.0,0.0,0.0,0.0,1.0,1.9329093503183685,0.0,1.0,1.0,0.0,0.0,0.0,0.0,0.0,0.0,0.0,0.0,0.0,0.0,0.0,,0.0,0.0,0.0,0.0,0.0,,0.0,0.0,0.0,0.0,0.0,0.0,0.0,0.0,0.0,0.0,0.0,0.0,0.0,0.0,0.0,0.0,0.0,0.0,0.0,0.0,0.0,0.0,0.0,0.0,0.0,0.0,0.0,0.0,0.0,0.0,0.0,0.0,0.0,0.0,0.0,0.0,0.0,0.0,0.0,0.0,0.0,0.0,0.0,0.0,0.0,,,0.0,0.0,0.0,0.0,0.0,0.0,0.0,0.0,0.0,0.0,0.0,0.0,,,,0.0,0.0,0.0,0.0,0.0,0.0,0.0,,0.0,0.0,0.0,0.0,,0.0,0.0,,0.0,0.0,0.0,0.0,0.0,0.0,0.0,0.0,0.0,0.0,15.080000000000002,15.080000000000002,00-0036972,JoneMa05,4241464.0,Mac Jones,1998-09-05,75.0,220.0,Alabama,2021.0,1.0,15.0,NE,2021,6,17.0,0.0,0.0,0.0,0.0,,,,,,,,,,,,,,,,,,,,,,,,,2021.0,Mac Jones,NE,23.0,QB,17.0,17.0,44.0,129.0,0.0,22.0,95.0,2.2,34.0,0.8,0.0,,2023-08-21,Mac Jones,NE,521.0,12.0,1.0,16.0,3.1,90.0,17.7,2021.0,2.4,181.0,29.0,47.0,104.0,18.4,9.0,386.0,76.0,33.0,324.0,32.0,324.0,0.0,0.0,104.0,888.0,,,,,,,,,,2021.0,Regular,Season Total,NE,M. Jones,16.0,56.9,11.4,631.0,62.9,60.6,-0.4,0.0,2.7,56.4,-13.8,Mac,Jones,Mac Jones,https://a.espncdn.com/i/headshots/nfl/players/full/4241464.png,Patriots,True,17,11.68,0.45999999999999996,13,7,0
2021,Matt Ryan,M.Ryan,00-0026143,ATL,QB,QB,19.0,17,222.92,13.112941176470587,222.92,0.0,0,0,0,0,0.0,0.0,0.0,40,82,1,375,560,3968,20,12,1023.0,0.9705882352941176,0.21790811339198435,13.112941176470587,7.958432449849877,29.02,3,QB,"https://static.www.nfl.com/image/private/f_auto,q_auto/league/s6zam4ekrrnonsck6vak",REG,40,-274,5,3,4002,1721,195,6.33079179920041,1.7592363416928647,0,0.991504247876062,156,77,44,7,5,1,9,-17.84899176361524,1,1,1,0,0,0,0,0,0,0,,0,0,0,0,0,,0,0,0,0,0,0,0,0.0,0.0,0,0,0,0,0,0,0,0,0,0,0,0,0,3,-9,0,0,0,5,54,6,5,0,11,4,0,0,0,0,0,0,0,0,,,0,0,0,0,0,0,0,0,0,0,0,0,,,,0,0,0,0,0,0,0,,0,0,0,0,,0,0,,0,0,0,0,0,0,0,0,0,0,,,,,,,,,,,,,,,,,,,,,,,,,,,,,,,,,,,,,,,,,,,,,,,,,,,,,,,,,,,,,,,,,,,,,,,,,,,,,,,,,,,,,,,,,,,,,,,,,,,,,,,,,,,,,,,,,,,,,,,,,,,,,,,,,,,,,,,,,,,,,,,,,,,,00-0026143,RyanMa00,11237.0,Matt Ryan,1985-05-17,76.0,220.0,Boston College,2008.0,1.0,3.0,ATL,2008,15,17.0,0.0,0.0,0.0,0.0,,,,,,,,,,,,,,,,,,,,,,,,,2021.0,Matt Ryan,ATL,36.0,QB,17.0,17.0,40.0,82.0,1.0,9.0,67.0,1.7,15.0,0.4,0.0,,2023-08-21,Matt Ryan,ATL,560.0,15.0,1.0,21.0,3.9,79.0,14.5,2021.0,2.4,166.0,48.0,84.0,172.0,27.9,9.0,425.0,78.1,28.0,219.0,22.0,214.0,1.0,5.0,131.0,1099.0,,,,,,,,,,2021.0,Regular,Season Total,ATL,M. Ryan,21.0,52.2,6.0,684.0,64.9,68.3,-6.4,0.0,3.1,53.1,-16.3,Matt,Ryan,Matt Ryan,https://a.espncdn.com/i/headshots/nfl/players/full/11237.png,Falcons,True,17,12.08,0.6799999999999997,12,6,2
2021,Taylor Heinicke,T.Heinicke,00-0031800,WAS,QB,QB,20.0,16,222.85999999999999,13.928749999999999,221.85999999999999,1.0,1,1,-2,0,0.0018726591760299626,-0.000970873786407767,0.002129377113559507,60,313,1,321,494,3419,20,15,1019.0,0.94625,0.21870461236506378,13.92875,6.833271422483769,27.900000000000002,5,QB,"https://static.www.nfl.com/image/upload/f_auto,q_auto/league/fz9e0aufjyyo5raclwji",REG,38,-278,4,2,3779,1747,167,-29.35731557916738,0.2986248644689719,0,0.9047367028314369,146,66,40,6,3,0,20,4.400262290615814,1,12,8,2,0,0,0,-4,2,0,-1.095608004834503,0,0,0,0,0,0.0,0,1,0,0,0,0,0,0.0,0.0,0,0,0,0,0,0,0,0,0,0,0,0,0,6,-3,0,0,0,1,5,4,3,0,7,2,0,0,0,0,0,0,0,0,,,0,0,0,0,0,0,0,0,0,0,0,0,,,,0,0,0,0,0,0,0,,0,0,0,0,,0,0,,0,0,0,0,0,0,0,0,0,0,,,,,,,,,,,,,,,,,,,,,,,,,,,,,,,,,,,,,,,,,,,,,,,,,,,,,,,,,,,,,,,,,,,,,,,,,,,,,,,,,,,,,,,,,,,,,,,,,,,,,,,,,,,,,,,,,,,,,,,,,,,,,,,,,,,,,,,,,,,,,,,,,,,,00-0031800,HeinTa00,2565969.0,Taylor Heinicke,1993-03-15,73.0,210.0,Old Dominion,,,,,2015,10,16.0,0.0,0.0,0.0,0.0,2021.0,Taylor Heinicke,WAS,28.0,QB,16.0,15.0,1.0,1.0,-2.0,0.0,0.0,-4.0,-4.0,2.0,2.0,-4.0,0.0,,0.0,0.0,0.0,79.2,2023-08-21,2021.0,Taylor Heinicke,WAS,28.0,QB,16.0,15.0,60.0,313.0,1.0,20.0,278.0,4.6,35.0,0.6,1.0,60.0,2023-08-21,Taylor Heinicke,WAS,494.0,8.0,3.0,18.0,3.7,80.0,16.6,2021.0,2.6,145.0,55.0,47.0,140.0,24.6,9.0,365.0,75.6,65.0,527.0,56.0,486.0,5.0,41.0,122.0,1087.0,,,,,,,,,,2021.0,Regular,Season Total,WSH,T. Heinicke,23.0,45.8,-4.5,624.0,50.9,39.8,7.4,0.0,3.6,47.4,-15.0,Taylor,Heinicke,Taylor Heinicke,https://a.espncdn.com/i/headshots/nfl/players/full/2565969.png,,True,16,11.510000000000002,4.74,10,6,1
2021,Ben Roethlisberger,B.Roethlisberger,00-0022924,PIT,QB,QB,21.0,16,218.1,13.63125,218.1,0.0,0,0,0,0,0.0,0.0,0.0,20,5,1,390,605,3740,22,10,1076.0,0.99125,0.20269516728624534,13.63125,5.29316524712136,24.82,2,QB,"https://static.www.nfl.com/image/private/f_auto,q_auto/league/vziogpnyp9d0xtpiuqhr",REG,38,-239,9,5,4069,1932,188,-45.31755300954863,-2.3931568725997168,2,0.9191447530105677,144,64,39,9,0,0,3,-1.9794034281343813,0,0,0,0,0,0,0,0,0,0,,0,0,0,0,0,,0,0,0,0,0,0,0,0.0,0.0,0,0,0,0,0,0,0,0,0,0,0,0,0,5,0,0,0,0,0,0,8,3,0,11,5,0,0,0,0,0,0,0,0,,,0,0,0,0,0,0,0,0,0,0,0,0,,,,0,0,0,0,0,0,0,,0,0,0,0,,0,0,,0,0,0,0,0,0,0,0,0,0,B.Roethlisberger,Ben Roethlisberger,QB,QB,"https://static.www.nfl.com/image/private/f_auto,q_auto/league/vziogpnyp9d0xtpiuqhr",2021.0,POST,PIT,1.0,29.0,44.0,215.0,2.0,0.0,2.0,-14.0,0.0,0.0,320.0,108.0,15.0,-3.630831637128722,-0.39772526784376666,0.0,0.671875,8.0,2.0,1.0,0.0,2.0,-1.0,0.0,1.0,0.0,0.0,0.4415488410741091,0.0,0.0,0.0,0.0,0.0,0.0,0.0,0.0,0.0,0.0,0.0,0.0,0.0,0.0,,0.0,0.0,0.0,0.0,0.0,,0.0,0.0,0.0,0.0,0.0,0.0,0.0,0.0,0.0,0.0,0.0,0.0,0.0,0.0,0.0,0.0,0.0,0.0,0.0,0.0,0.0,0.0,0.0,0.0,0.0,0.0,0.0,0.0,0.0,0.0,0.0,0.0,0.0,1.0,0.0,1.0,0.0,0.0,0.0,0.0,0.0,0.0,0.0,0.0,0.0,,,0.0,0.0,0.0,0.0,0.0,0.0,0.0,0.0,0.0,0.0,0.0,0.0,,,,0.0,0.0,0.0,0.0,0.0,0.0,0.0,,0.0,0.0,0.0,0.0,,0.0,0.0,,0.0,0.0,0.0,0.0,0.0,0.0,0.0,0.0,0.0,0.0,16.5,16.5,00-0022924,RoetBe00,5536.0,Ben Roethlisberger,1982-03-02,77.0,240.0,Miami (Ohio),2004.0,1.0,11.0,PIT,2004,18,16.0,0.0,0.0,0.0,0.0,,,,,,,,,,,,,,,,,,,,,,,,,2021.0,Ben Roethlisberger,PIT,39.0,QB,16.0,16.0,20.0,5.0,1.0,3.0,2.0,0.1,3.0,0.2,0.0,,2023-08-21,Ben Roethlisberger,PIT,605.0,6.0,2.0,30.0,5.0,110.0,18.4,2021.0,2.2,145.0,44.0,38.0,120.0,18.6,13.0,451.0,75.5,23.0,52.0,21.0,51.0,1.0,1.0,90.0,587.0,,,,,,,,,,2021.0,Regular,Season Total,PIT,B. Roethlisberger,25.0,41.3,-19.2,705.0,42.5,35.9,2.2,0.0,4.4,40.5,-13.9,Ben,Roethlisberger,Ben Roethlisberger,https://a.espncdn.com/i/headshots/nfl/players/full/5536.png,Steelers,True,16,12.62,6.359999999999999,12,5,0
2021,Teddy Bridgewater,T.Bridgewater,00-0031237,DEN,QB,QB,22.0,14,202.67999999999998,14.477142857142855,202.67999999999998,0.0,0,0,0,0,0.0,0.0,0.0,30,106,2,285,426,3052,18,7,844.0,0.9121428571428571,0.24014218009478672,14.477142857142857,5.318448918726108,21.86,3,QB,"https://static.www.nfl.com/image/upload/f_auto,q_auto/league/wggyfg1dgyiwcgxafoen",REG,31,-211,0,0,3424,1387,146,57.114571553219875,3.910554529708109,1,0.8913551401869159,126,51,33,5,1,1,16,1.6456387290329593,0,4,1,0,0,0,0,0,0,0,,0,0,0,0,0,,0,0,0,0,0,0,0,0.0,0.0,0,0,0,0,0,0,0,0,0,0,0,0,0,0,0,0,0,0,3,21,1,0,0,1,1,0,0,0,0,0,0,0,0,,,0,0,0,0,0,0,0,0,0,0,0,0,,,,0,0,0,0,0,0,0,,0,0,0,0,,0,0,,0,0,0,0,0,0,0,0,0,0,,,,,,,,,,,,,,,,,,,,,,,,,,,,,,,,,,,,,,,,,,,,,,,,,,,,,,,,,,,,,,,,,,,,,,,,,,,,,,,,,,,,,,,,,,,,,,,,,,,,,,,,,,,,,,,,,,,,,,,,,,,,,,,,,,,,,,,,,,,,,,,,,,,,00-0031237,BridTe00,16728.0,Teddy Bridgewater,1992-11-10,74.0,210.0,Louisville,2014.0,1.0,32.0,MIN,2014,11,14.0,0.0,0.0,0.0,0.0,,,,,,,,,,,,,,,,,,,,,,,,,2021.0,Teddy Bridgewater,DEN,29.0,QB,14.0,14.0,30.0,106.0,2.0,16.0,71.0,2.4,35.0,1.2,1.0,30.0,2023-08-21,Teddy Bridgewater,DEN,426.0,20.0,0.0,13.0,3.2,68.0,16.7,2021.0,2.5,118.0,64.0,42.0,137.0,29.0,9.0,316.0,77.8,23.0,171.0,20.0,171.0,0.0,0.0,76.0,508.0,,,,,,,,,,2021.0,Regular,Season Total,DEN,T. Bridgewater,20.0,53.4,10.1,519.0,52.5,43.5,5.7,0.0,3.3,56.8,-13.3,Teddy,Bridgewater,Teddy Bridgewater,https://a.espncdn.com/i/headshots/nfl/players/full/16728.png,Broncos,True,14,14.47,4.92,11,7,0
2021,Trevor Lawrence,T.Lawrence,00-0036971,JAX,QB,QB,23.0,17,199.04000000000002,11.708235294117648,199.04000000000002,0.0,0,0,0,0,0.0,0.0,0.0,73,334,2,359,602,3641,12,17,1078.0,0.9929411764705882,0.18463821892393323,11.708235294117646,5.830411901502027,21.72,1,QB,"https://static.www.nfl.com/image/upload/f_auto,q_auto/league/k9uzdernqkx7oquy7dkg",REG,32,-238,6,5,4738,1634,177,-60.74785959799543,-4.80008055031197,2,0.768467707893626,144,66,43,5,2,0,22,11.314141616867087,0,12,4,1,0,0,0,0,0,0,,0,0,0,0,0,,0,2,0,0,0,0,0,0.0,0.0,0,0,0,0,0,0,0,0,0,0,0,0,0,2,0,0,0,0,0,0,6,3,0,9,5,0,0,0,0,0,0,0,0,,,0,0,0,0,0,0,0,0,0,0,0,0,,,,0,0,0,0,0,0,0,,0,0,0,0,,0,0,,0,0,0,0,0,0,0,0,0,0,,,,,,,,,,,,,,,,,,,,,,,,,,,,,,,,,,,,,,,,,,,,,,,,,,,,,,,,,,,,,,,,,,,,,,,,,,,,,,,,,,,,,,,,,,,,,,,,,,,,,,,,,,,,,,,,,,,,,,,,,,,,,,,,,,,,,,,,,,,,,,,,,,,,00-0036971,LawrTr00,4360310.0,Trevor Lawrence,1999-10-06,78.0,220.0,Clemson,2021.0,1.0,1.0,JAX,2021,6,17.0,0.0,0.0,0.0,0.0,,,,,,,,,,,,,,,,,,,,,,,,,2021.0,Trevor Lawrence,JAX,22.0,QB,17.0,17.0,73.0,334.0,2.0,22.0,267.0,3.7,67.0,0.9,2.0,36.5,2023-08-21,Trevor Lawrence,JAX,602.0,18.0,3.0,33.0,5.7,119.0,20.5,2021.0,2.4,147.0,67.0,52.0,151.0,22.6,8.0,414.0,71.3,74.0,527.0,52.0,450.0,18.0,77.0,124.0,1013.0,,,,,,,,,,2021.0,Regular,Season Total,JAX,T. Lawrence,28.0,39.1,-27.1,758.0,37.9,32.3,4.1,0.0,1.5,37.6,-11.7,Trevor,Lawrence,Trevor Lawrence,https://a.espncdn.com/i/headshots/nfl/players/full/4360310.png,Jaguars,True,17,10.5,1.0399999999999998,9,6,0
2021,Jared Goff,J.Goff,00-0033106,DET,QB,QB,24.0,14,194.5,13.892857142857142,194.5,0.0,0,0,0,0,0.0,0.0,0.0,17,87,0,332,494,3245,19,8,918.0,0.9928571428571429,0.21187363834422657,13.892857142857142,6.754073902891075,28.919999999999998,2,QB,"https://static.www.nfl.com/image/upload/f_auto,q_auto/league/kaicbot8qhzrvddilbtp",REG,35,-280,6,4,3148,1754,162,-25.531083544353343,0.5529641658386786,4,1.0308132147395173,121,60,39,3,3,2,4,-13.913521254435182,0,4,3,1,0,0,0,0,0,0,,0,0,0,0,0,,0,0,0,0,0,0,0,0.0,0.0,0,0,0,0,0,0,0,0,0,0,0,0,0,3,-4,0,0,0,1,14,6,3,0,9,6,0,0,0,0,0,0,0,0,,,0,0,0,0,0,0,0,0,0,0,0,0,,,,0,0,0,0,0,0,0,,0,0,0,0,,0,0,,0,0,0,0,0,0,0,0,0,0,,,,,,,,,,,,,,,,,,,,,,,,,,,,,,,,,,,,,,,,,,,,,,,,,,,,,,,,,,,,,,,,,,,,,,,,,,,,,,,,,,,,,,,,,,,,,,,,,,,,,,,,,,,,,,,,,,,,,,,,,,,,,,,,,,,,,,,,,,,,,,,,,,,,00-0033106,GoffJa00,3046779.0,Jared Goff,1994-10-14,76.0,217.0,California,2016.0,1.0,1.0,LA,2016,11,14.0,0.0,0.0,0.0,0.0,,,,,,,,,,,,,,,,,,,,,,,,,2021.0,Jared Goff,DET,27.0,QB,14.0,14.0,17.0,87.0,0.0,4.0,85.0,5.0,2.0,0.1,0.0,,2023-08-21,Jared Goff,DET,494.0,21.0,5.0,21.0,4.5,77.0,16.5,2021.0,2.4,110.0,50.0,48.0,133.0,24.6,5.0,375.0,80.1,24.0,191.0,22.0,174.0,1.0,17.0,79.0,647.0,,,,,,,,,,2021.0,Regular,Season Total,DET,J. Goff,24.0,45.5,-11.1,587.0,37.4,41.6,-4.6,0.0,0.4,43.4,-16.8,Jared,Goff,Jared Goff,https://a.espncdn.com/i/headshots/nfl/players/full/3046779.png,Lions,True,14,12.219999999999999,4.5600000000000005,9,6,1
2021,Tua Tagovailoa,T.Tagovailoa,00-0036212,MIA,QB,QB,25.0,13,180.92000000000002,13.916923076923078,180.92000000000002,0.0,0,0,0,0,0.0,0.0,0.0,42,128,3,263,388,2653,16,10,777.0,0.8776923076923077,0.23284427284427286,13.916923076923078,6.729105171585328,26.54,2,QB,"https://static.www.nfl.com/image/upload/f_auto,q_auto/league/tmm4ohds7qci0vqoobhm",REG,20,-152,6,1,2735,1231,137,20.961968126926603,1.9254196866562492,1,0.970018281535649,98,49,30,6,2,0,13,-5.070938456561821,0,2,1,1,0,0,0,0,0,0,,0,0,0,0,0,,0,0,0,1,0,0,0,0.0,0.0,0,0,0,0,0,0,0,0,0,0,0,0,0,2,-1,0,0,0,0,0,5,4,0,9,1,0,0,0,0,0,0,0,0,,,0,0,0,0,0,0,0,0,0,0,0,0,,,,0,0,0,0,0,0,0,,0,0,0,0,,0,0,,0,0,0,0,0,0,0,0,0,0,,,,,,,,,,,,,,,,,,,,,,,,,,,,,,,,,,,,,,,,,,,,,,,,,,,,,,,,,,,,,,,,,,,,,,,,,,,,,,,,,,,,,,,,,,,,,,,,,,,,,,,,,,,,,,,,,,,,,,,,,,,,,,,,,,,,,,,,,,,,,,,,,,,,00-0036212,TagoTu00,4241479.0,Tua Tagovailoa,1998-03-02,73.0,225.0,Alabama,2020.0,1.0,5.0,MIA,2020,7,13.0,0.0,0.0,0.0,0.0,,,,,,,,,,,,,,,,,,,,,,,,,2021.0,Tua Tagovailoa,MIA,23.0,QB,13.0,12.0,42.0,128.0,3.0,13.0,92.0,2.2,36.0,0.9,0.0,,2023-08-21,Tua Tagovailoa,MIA,388.0,6.0,1.0,17.0,4.5,62.0,16.3,2021.0,2.2,100.0,45.0,24.0,89.0,20.9,1.0,305.0,80.1,94.0,858.0,90.0,847.0,4.0,11.0,116.0,990.0,,,,,,,,,,2021.0,Regular,Season Total,MIA,T. Tagovailoa,18.0,55.7,9.6,471.0,51.8,46.8,4.3,0.0,0.7,57.2,-9.4,Tua,Tagovailoa,Tua Tagovailoa,https://a.espncdn.com/i/headshots/nfl/players/full/4241479.png,Dolphins,True,13,13.74,0.52,11,6,1
2021,Baker Mayfield,B.Mayfield,00-0034855,CLE,QB,QB,26.0,14,180.9,12.921428571428573,180.9,0.0,0,0,11,0,0.0,0.0,0.0,37,134,1,253,418,3010,17,13,877.0,0.9564285714285715,0.2062713797035348,12.921428571428573,4.64931733143175,23.000000000000004,1,QB,"https://static.www.nfl.com/image/upload/f_auto,q_auto/league/gjb8e69jtt1ffqf1afue",REG,43,-269,5,3,3659,1383,143,-5.397413046271427,-2.718707900494337,2,0.8226291336430719,114,62,42,9,1,0,12,6.111318557494082,0,4,4,0,0,0,0,0,11,0,,0,1,0,0,0,0.0,0,0,0,0,0,0,0,0.0,0.0,0,0,0,0,0,0,0,0,0,0,0,0,0,0,0,0,0,0,1,10,5,1,2,6,3,0,0,0,0,0,0,0,0,,,0,0,0,0,0,0,0,0,0,0,0,0,,,,0,0,0,0,0,0,0,,0,0,0,0,,0,0,,0,0,0,0,0,0,0,0,0,0,,,,,,,,,,,,,,,,,,,,,,,,,,,,,,,,,,,,,,,,,,,,,,,,,,,,,,,,,,,,,,,,,,,,,,,,,,,,,,,,,,,,,,,,,,,,,,,,,,,,,,,,,,,,,,,,,,,,,,,,,,,,,,,,,,,,,,,,,,,,,,,,,,,,00-0034855,MayfBa00,3052587.0,Baker Mayfield,1995-04-14,73.0,215.0,Oklahoma; Texas Tech,2018.0,1.0,1.0,CLE,2018,9,14.0,0.0,0.0,0.0,0.0,,,,,,,,,,,,,,,,,,,,,,,,,2021.0,Baker Mayfield,CLE,26.0,QB,14.0,14.0,37.0,134.0,1.0,12.0,116.0,3.1,18.0,0.5,1.0,37.0,2023-08-21,Baker Mayfield,CLE,418.0,14.0,2.0,20.0,5.0,84.0,20.9,2021.0,2.4,124.0,52.0,18.0,113.0,23.3,11.0,296.0,73.6,11.0,78.0,9.0,76.0,2.0,2.0,89.0,849.0,,,,,,,,,,2021.0,Regular,Season Total,CLE,B. Mayfield,27.0,40.9,-14.2,529.0,34.4,26.9,5.5,0.0,2.0,40.6,-20.8,Baker,Mayfield,Baker Mayfield,https://a.espncdn.com/i/headshots/nfl/players/full/3052587.png,Browns,True,14,12.46,4.92,9,5,0
2021,Daniel Jones,D.Jones,00-0035710,NYG,QB,QB,27.0,11,167.52,15.22909090909091,166.52,1.0,1,1,16,0,0.0017730496453900709,0.002979601191840477,0.00474529530237344,62,298,2,232,361,2428,10,7,673.0,0.9481818181818181,0.24891530460624073,15.22909090909091,8.496782278657555,29.46,3,QB,"https://static.www.nfl.com/image/upload/f_auto,q_auto/league/ohvvctuykzwrpqer7xgl",REG,22,-160,5,2,2640,1098,116,-11.398881251377382,-0.8439087730319768,1,0.9196969696969697,101,52,24,5,2,1,16,7.627667821375422,2,8,6,2,1,0,0,13,3,1,0.9808847262756899,0,1,1,0,0,1.2307692307692308,0,0,0,0,0,0,0,0.0,0.0,0,0,0,0,0,0,0,0,0,0,0,0,0,2,-11,0,0,0,1,10,6,1,0,7,3,0,0,0,0,0,0,0,0,,,0,0,0,0,0,0,0,0,0,0,0,0,,,,0,0,0,0,0,0,0,,0,0,0,0,,0,0,,0,0,0,0,0,0,0,0,0,0,,,,,,,,,,,,,,,,,,,,,,,,,,,,,,,,,,,,,,,,,,,,,,,,,,,,,,,,,,,,,,,,,,,,,,,,,,,,,,,,,,,,,,,,,,,,,,,,,,,,,,,,,,,,,,,,,,,,,,,,,,,,,,,,,,,,,,,,,,,,,,,,,,,,00-0035710,JoneDa05,3917792.0,Daniel Jones,1997-05-27,77.0,230.0,Duke,2019.0,1.0,6.0,NYG,2019,8,11.0,0.0,0.0,0.0,0.0,2021.0,Daniel Jones,NYG,24.0,QB,11.0,11.0,1.0,1.0,16.0,0.0,1.0,13.0,13.0,3.0,3.0,13.0,0.0,,0.0,0.0,0.0,118.7,2023-08-21,2021.0,Daniel Jones,NYG,24.0,QB,11.0,11.0,62.0,298.0,2.0,16.0,256.0,4.1,42.0,0.7,1.0,62.0,2023-08-21,Daniel Jones,NYG,361.0,12.0,1.0,19.0,5.5,64.0,18.4,2021.0,2.4,120.0,37.0,36.0,95.0,23.3,5.0,265.0,76.1,38.0,160.0,25.0,111.0,10.0,49.0,93.0,652.0,,,,,,,,,,2021.0,Regular,Season Total,NYG,D. Jones,22.0,47.5,0.7,472.0,41.7,32.1,5.4,0.0,4.2,50.5,-8.1,Daniel,Jones,Daniel Jones,https://a.espncdn.com/i/headshots/nfl/players/full/3917792.png,Giants,True,11,16.080000000000002,4.08,7,7,2
2021,Sam Darnold,S.Darnold,00-0034869,CAR,QB,QB,28.0,12,157.27999999999997,13.106666666666664,157.27999999999997,0.0,0,0,0,0,0.0,0.0,0.0,48,222,5,243,406,2527,9,13,771.0,0.93,0.2039948119325551,13.106666666666667,9.527145268636191,31.54,2,QB,"https://static.www.nfl.com/image/upload/f_auto,q_auto/league/fyay8vruj0cqmhopufzk",REG,35,-204,5,2,2932,1387,123,-76.71357971897748,-4.8873513044479,1,0.861869031377899,99,54,30,4,2,2,21,3.878886218132826,0,8,5,2,0,0,0,0,0,0,,0,0,0,0,0,,0,0,0,0,0,0,0,0.0,0.0,0,0,0,0,0,0,0,0,0,0,0,0,0,3,-5,0,0,0,2,13,6,3,0,9,4,0,0,0,0,0,0,0,0,,,0,0,0,0,0,0,0,0,0,0,0,0,,,,0,0,0,0,0,0,0,,0,0,0,0,,0,0,,0,0,0,0,0,0,0,0,0,0,,,,,,,,,,,,,,,,,,,,,,,,,,,,,,,,,,,,,,,,,,,,,,,,,,,,,,,,,,,,,,,,,,,,,,,,,,,,,,,,,,,,,,,,,,,,,,,,,,,,,,,,,,,,,,,,,,,,,,,,,,,,,,,,,,,,,,,,,,,,,,,,,,,,00-0034869,DarnSa00,3912547.0,Sam Darnold,1997-06-05,75.0,225.0,USC,2018.0,1.0,3.0,NYJ,2018,9,12.0,0.0,0.0,0.0,0.0,,,,,,,,,,,,,,,,,,,,,,,,,2021.0,Sam Darnold,CAR,24.0,QB,12.0,11.0,48.0,222.0,5.0,20.0,205.0,4.3,17.0,0.4,2.0,24.0,2023-08-21,Sam Darnold,CAR,406.0,22.0,0.0,27.0,7.0,71.0,18.5,2021.0,2.5,128.0,60.0,40.0,135.0,29.1,6.0,286.0,74.5,26.0,83.0,22.0,68.0,3.0,15.0,87.0,595.0,,,,,,,,,,2021.0,Regular,Season Total,CAR,S. Darnold,29.0,38.8,-17.8,508.0,27.2,20.0,6.8,0.0,0.4,37.9,-12.4,Sam,Darnold,Sam Darnold,https://a.espncdn.com/i/headshots/nfl/players/full/3912547.png,Panthers,True,12,13.209999999999999,1.7799999999999998,7,5,2
2021,Davis Mills,D.Mills,00-0036898,HOU,QB,QB,29.0,13,156.96,12.073846153846155,156.96,0.0,0,0,0,0,0.0,0.0,0.0,18,44,0,263,394,2664,16,10,743.0,0.9238461538461539,0.21125168236877526,12.073846153846151,9.328663300514117,27.24,3,QB,"https://static.www.nfl.com/image/upload/f_auto,q_auto/league/jh9e97vjzmeafx8jz0sn",REG,31,-206,4,1,2869,1232,118,-44.68131005825806,-0.2196843661959209,1,0.9285465318926455,102,44,31,5,0,0,5,-7.287931496624697,1,1,0,0,0,0,0,0,0,0,,0,0,0,0,0,,0,0,0,0,0,0,0,0.0,0.0,0,0,0,0,0,0,0,0,0,0,0,0,0,4,0,0,0,0,2,14,3,2,0,5,1,0,0,0,0,0,0,0,0,,,0,0,0,0,0,0,0,0,0,0,0,0,,,,0,0,0,0,0,0,0,,0,0,0,0,,0,0,,0,0,0,0,0,0,0,0,0,0,,,,,,,,,,,,,,,,,,,,,,,,,,,,,,,,,,,,,,,,,,,,,,,,,,,,,,,,,,,,,,,,,,,,,,,,,,,,,,,,,,,,,,,,,,,,,,,,,,,,,,,,,,,,,,,,,,,,,,,,,,,,,,,,,,,,,,,,,,,,,,,,,,,,00-0036898,MillDa02,4242546.0,Davis Mills,1998-10-21,76.0,225.0,Stanford,2021.0,3.0,67.0,HOU,2021,6,13.0,0.0,0.0,0.0,0.0,,,,,,,,,,,,,,,,,,,,,,,,,2021.0,Davis Mills,HOU,23.0,QB,13.0,11.0,18.0,44.0,0.0,5.0,37.0,2.1,7.0,0.4,0.0,,2023-08-21,Davis Mills,HOU,394.0,13.0,2.0,12.0,3.2,66.0,17.4,2021.0,2.3,121.0,30.0,30.0,91.0,20.9,11.0,287.0,75.7,18.0,92.0,13.0,90.0,1.0,2.0,65.0,394.0,,,,,,,,,,2021.0,Regular,Season Total,HOU,D. Mills,26.0,41.2,-12.9,471.0,25.9,23.5,-1.0,0.0,3.4,40.5,-12.0,Davis,Mills,Davis Mills,https://a.espncdn.com/i/headshots/nfl/players/full/4242546.png,Texans,True,13,10.719999999999999,-4.319999999999999,7,5,1
2021,Zach Wilson,Z.Wilson,00-0037013,NYJ,QB,QB,30.0,13,151.86,11.681538461538462,151.86,0.0,0,1,0,0,0.0017211703958691911,0.0018395033340997931,0.003869407927673642,29,185,4,213,383,2334,9,11,741.0,0.9446153846153845,0.20493927125506076,11.681538461538462,6.9865988937797265,23.18,2,QB,"https://static.www.nfl.com/image/upload/f_auto,q_auto/league/i17xpbsar7evcypbhtel",REG,44,-370,4,1,2885,1099,112,-95.573186357066,-9.639359672701424,1,0.8090121317157712,99,44,32,5,0,0,10,7.612972202916222,1,7,5,3,1,0,0,8,0,0,-0.7408587794052437,0,0,0,0,0,0.0,0,1,0,0,0,0,0,0.0,0.0,0,0,0,0,0,0,0,0,0,0,0,0,0,3,0,0,0,0,1,10,4,1,1,5,1,0,0,0,0,0,0,0,0,,,0,0,0,0,0,0,0,0,0,0,0,0,,,,0,0,0,0,0,0,0,,0,0,0,0,,0,0,,0,0,0,0,0,0,0,0,0,0,,,,,,,,,,,,,,,,,,,,,,,,,,,,,,,,,,,,,,,,,,,,,,,,,,,,,,,,,,,,,,,,,,,,,,,,,,,,,,,,,,,,,,,,,,,,,,,,,,,,,,,,,,,,,,,,,,,,,,,,,,,,,,,,,,,,,,,,,,,,,,,,,,,,00-0037013,WilsZa00,4361259.0,Zach Wilson,1999-08-03,74.0,214.0,BYU,2021.0,1.0,2.0,NYJ,2021,6,13.0,0.0,0.0,0.0,0.0,2021.0,Zach Wilson,NYJ,22.0,QB,13.0,13.0,1.0,0.0,0.0,0.0,0.0,0.0,,0.0,,8.0,0.0,,0.0,0.0,0.0,39.6,2023-08-21,2021.0,Zach Wilson,NYJ,22.0,QB,13.0,13.0,29.0,185.0,4.0,10.0,124.0,4.3,61.0,2.1,1.0,29.0,2023-08-21,Zach Wilson,NYJ,383.0,16.0,1.0,25.0,6.8,87.0,23.8,2021.0,2.5,127.0,66.0,26.0,136.0,30.6,5.0,256.0,69.9,18.0,76.0,14.0,72.0,1.0,4.0,81.0,468.0,,,,,,,,,,2021.0,Regular,Season Total,NYJ,Z. Wilson,30.0,33.4,-24.4,472.0,17.9,7.3,5.5,0.0,5.1,32.5,-18.5,Zach,Wilson,Zach Wilson,https://a.espncdn.com/i/headshots/nfl/players/full/4361259.png,Jets,True,13,11.38,2.04,8,4,0
2021,Justin Fields,J.Fields,00-0036945,CHI,QB,QB,31.0,12,126.80000000000001,10.566666666666668,126.80000000000001,0.0,0,0,0,0,0.0,0.0,0.0,72,420,2,159,270,1870,7,10,635.0,0.8483333333333333,0.19968503937007875,10.566666666666668,7.654471460090065,25.3,1,QB,"https://static.www.nfl.com/image/upload/f_auto,q_auto/league/npjrombgxkc5vjkctcgy",REG,36,-264,8,4,2645,683,83,-64.92877211484534,-1.9522072597481739,0,0.7069943289224953,81,39,28,4,4,1,22,6.727855220108761,0,14,11,3,0,0,0,0,0,0,,0,0,0,0,0,,0,0,0,0,0,0,0,0.0,0.0,0,0,0,0,0,0,0,0,0,0,0,0,0,4,-12,0,0,0,2,10,10,2,2,12,5,0,0,0,0,0,0,0,0,,,0,0,0,0,0,0,0,0,0,0,0,0,,,,0,0,0,0,0,0,0,,0,0,0,0,,0,0,,0,0,0,0,0,0,0,0,0,0,,,,,,,,,,,,,,,,,,,,,,,,,,,,,,,,,,,,,,,,,,,,,,,,,,,,,,,,,,,,,,,,,,,,,,,,,,,,,,,,,,,,,,,,,,,,,,,,,,,,,,,,,,,,,,,,,,,,,,,,,,,,,,,,,,,,,,,,,,,,,,,,,,,,00-0036945,FielJu00,4362887.0,Justin Fields,1999-03-05,75.0,227.0,Ohio State,2021.0,1.0,11.0,CHI,2021,6,12.0,0.0,0.0,0.0,0.0,,,,,,,,,,,,,,,,,,,,,,,,,2021.0,Justin Fields,CHI,22.0,QB,12.0,10.0,72.0,420.0,2.0,22.0,293.0,4.1,127.0,1.8,5.0,14.4,2023-08-21,Justin Fields,CHI,270.0,8.0,2.0,18.0,6.9,57.0,21.9,2021.0,2.5,96.0,29.0,31.0,96.0,27.3,3.0,189.0,72.7,22.0,137.0,8.0,75.0,11.0,62.0,48.0,413.0,,,,,,,,,,2021.0,Regular,Season Total,CHI,J. Fields,31.0,31.4,-22.4,397.0,13.7,6.5,5.1,0.0,2.1,31.0,-15.3,Justin,Fields,Justin Fields,https://a.espncdn.com/i/headshots/nfl/players/full/4362887.png,Bears,True,12,8.05,1.1600000000000001,5,4,1
2021,Jameis Winston,J.Winston,00-0031503,NO,QB,QB,32.0,7,117.4,16.771428571428572,117.4,0.0,0,0,0,0,0.0,0.0,0.0,32,166,1,95,161,1170,14,3,371.0,0.8585714285714285,0.3164420485175202,16.771428571428572,8.001415350989324,29.62,2,QB,"https://static.www.nfl.com/image/upload/f_auto,q_auto/league/e5qyxnibbyawi0pvfpjl",REG,11,-69,1,1,1340,578,56,21.81038703891622,-3.137500136116751,0,0.8731343283582089,48,20,11,4,0,0,17,16.88067298324313,0,9,6,1,0,0,0,0,0,0,,0,0,0,0,0,,0,1,0,0,0,0,0,0.0,0.0,0,0,0,0,0,0,0,0,0,0,0,0,0,1,0,0,0,0,1,11,1,1,0,2,1,0,0,0,0,0,0,0,0,,,0,0,0,0,0,0,0,0,0,0,0,0,,,,0,0,0,0,0,0,0,,0,0,0,0,,0,0,,0,0,0,0,0,0,0,0,0,0,,,,,,,,,,,,,,,,,,,,,,,,,,,,,,,,,,,,,,,,,,,,,,,,,,,,,,,,,,,,,,,,,,,,,,,,,,,,,,,,,,,,,,,,,,,,,,,,,,,,,,,,,,,,,,,,,,,,,,,,,,,,,,,,,,,,,,,,,,,,,,,,,,,,00-0031503,WinsJa00,2969939.0,Jameis Winston,1994-01-06,76.0,231.0,Florida State,2015.0,1.0,1.0,TB,2015,12,7.0,0.0,0.0,0.0,0.0,,,,,,,,,,,,,,,,,,,,,,,,,2021.0,Jameis Winston,NO,27.0,QB,7.0,7.0,32.0,166.0,1.0,17.0,113.0,3.5,53.0,1.7,2.0,16.0,2023-08-21,Jameis Winston,NO,161.0,9.0,0.0,10.0,6.6,33.0,21.7,2021.0,2.6,68.0,18.0,18.0,47.0,24.9,5.0,107.0,70.4,2.0,11.0,1.0,0.0,1.0,11.0,37.0,355.0,,,,,,,,,,2021.0,Regular,Season Total,NO,J. Winston,,69.8,13.6,209.0,31.6,20.4,12.1,0.0,-0.9,71.5,-4.7,Jameis,Winston,Jameis Winston,https://a.espncdn.com/i/headshots/nfl/players/full/2969939.png,Saints,False,7,13.520000000000001,8.34,6,3,2
2021,Trevor Siemian,T.Siemian,00-0032156,NO,QB,QB,33.0,6,90.16,15.026666666666666,90.16,0.0,0,0,0,0,0.0,0.0,0.0,9,20,1,108,188,1154,11,3,359.0,0.8783333333333333,0.25114206128133704,15.026666666666669,6.084125793133036,24.160000000000004,1,QB,"https://static.www.nfl.com/image/private/f_auto,q_auto/league/vmksfbms9zefxezf39sb",REG,9,-64,2,1,1329,507,61,-10.492305688234497,-4.721714087894985,0,0.8683220466516177,49,23,15,1,0,0,2,-3.77158512477763,0,1,1,0,0,0,0,0,0,0,,0,0,0,0,0,,0,0,0,0,0,0,0,0.0,0.0,0,0,0,0,0,0,0,0,0,0,0,0,0,1,0,0,0,0,0,0,1,2,0,3,1,0,0,0,0,0,0,0,0,,,0,0,0,0,0,0,0,0,0,0,0,0,,,,0,0,0,0,0,0,0,,0,0,0,0,,0,0,,0,0,0,0,0,0,0,0,0,0,,,,,,,,,,,,,,,,,,,,,,,,,,,,,,,,,,,,,,,,,,,,,,,,,,,,,,,,,,,,,,,,,,,,,,,,,,,,,,,,,,,,,,,,,,,,,,,,,,,,,,,,,,,,,,,,,,,,,,,,,,,,,,,,,,,,,,,,,,,,,,,,,,,,00-0032156,SiemTr00,2511109.0,Trevor Siemian,1991-12-26,75.0,220.0,Northwestern,2015.0,7.0,250.0,DEN,2015,9,6.0,0.0,0.0,0.0,0.0,,,,,,,,,,,,,,,,,,,,,,,,,2021.0,Trevor Siemian,NO,30.0,QB,6.0,4.0,9.0,20.0,1.0,2.0,2.0,0.2,18.0,2.0,0.0,,2023-08-21,Trevor Siemian,NO,188.0,11.0,0.0,7.0,4.0,26.0,14.7,2021.0,2.5,47.0,20.0,16.0,45.0,22.5,6.0,131.0,74.0,3.0,20.0,3.0,20.0,0.0,0.0,34.0,204.0,,,,,,,,,,,,,,,,,,,,,,,,,,,,,,,,6,13.350000000000001,8.82,5,3,0
2021,Cam Newton,C.Newton,00-0027939,CAR,QB,QB,34.0,7,86.36,12.337142857142856,86.36,0.0,0,0,0,0,0.0,0.0,0.0,47,230,5,69,126,684,4,5,252.0,0.5,0.34269841269841267,12.337142857142856,9.59156176766105,26.16,2,QB,"https://static.www.nfl.com/image/private/f_auto,q_auto/league/zwmgw2gmnn2kch4nquft",REG,10,-83,0,0,878,309,32,-39.72842059471429,-12.635349578434422,1,0.7790432801822323,25,10,5,1,4,1,20,1.7646606686613522,0,8,4,2,0,0,0,0,0,0,,0,0,0,0,0,,0,0,0,0,0,0,0,0.0,0.0,0,0,0,0,0,0,0,0,0,0,0,0,0,1,-10,0,0,0,1,15,1,3,0,4,1,0,0,0,0,0,0,0,0,,,0,0,0,0,0,0,0,0,0,0,0,0,,,,0,0,0,0,0,0,0,,0,0,0,0,,0,0,,0,0,0,0,0,0,0,0,0,0,,,,,,,,,,,,,,,,,,,,,,,,,,,,,,,,,,,,,,,,,,,,,,,,,,,,,,,,,,,,,,,,,,,,,,,,,,,,,,,,,,,,,,,,,,,,,,,,,,,,,,,,,,,,,,,,,,,,,,,,,,,,,,,,,,,,,,,,,,,,,,,,,,,,00-0027939,NewtCa00,13994.0,Cam Newton,1989-05-11,77.0,245.0,Auburn; Blinn College; Florida,2011.0,1.0,1.0,CAR,2011,11,8.0,0.0,0.0,0.0,0.0,,,,,,,,,,,,,,,,,,,,,,,,,2021.0,Cam Newton,CAR,32.0,QB,8.0,5.0,47.0,230.0,5.0,20.0,147.0,3.1,83.0,1.8,5.0,9.4,2023-08-21,Cam Newton,CAR,126.0,2.0,0.0,6.0,4.8,28.0,22.6,2021.0,2.2,59.0,15.0,10.0,35.0,24.5,6.0,81.0,65.3,32.0,202.0,19.0,119.0,12.0,83.0,19.0,113.0,,,,,,,,,,,,,,,,,,,,,,,,,,,,,,,,7,11.72,0.5,4,2,1
2021,Andy Dalton,A.Dalton,00-0027973,CHI,QB,QB,35.0,8,84.19999999999999,10.524999999999999,84.19999999999999,0.0,0,0,0,0,0.0,0.0,0.0,16,76,0,149,236,1515,8,9,412.0,0.725,0.2043689320388349,10.525,5.5876982227542875,16.04,0,QB,"https://static.www.nfl.com/image/upload/f_auto,q_auto/league/sfsneh0bn46e2kwve7sr",REG,18,-143,1,1,1643,752,83,-30.054053774520156,-4.195212746769321,2,0.9220937309799148,68,28,11,3,0,0,2,-0.7613289881432483,0,2,1,0,0,0,0,0,0,0,,0,0,0,0,0,,0,1,0,1,0,0,0,0.0,0.0,0,0,0,0,0,0,0,0,0,0,0,0,0,2,0,0,0,0,0,0,1,0,0,1,1,0,0,0,0,0,0,0,0,,,0,0,0,0,0,0,0,0,0,0,0,0,,,,0,0,0,0,0,0,0,,0,0,0,0,,0,0,,0,0,0,0,0,0,0,0,0,0,,,,,,,,,,,,,,,,,,,,,,,,,,,,,,,,,,,,,,,,,,,,,,,,,,,,,,,,,,,,,,,,,,,,,,,,,,,,,,,,,,,,,,,,,,,,,,,,,,,,,,,,,,,,,,,,,,,,,,,,,,,,,,,,,,,,,,,,,,,,,,,,,,,,00-0027973,DaltAn00,14012.0,Andy Dalton,1987-10-29,74.0,220.0,TCU,2011.0,2.0,35.0,CIN,2011,16,8.0,0.0,0.0,0.0,0.0,,,,,,,,,,,,,,,,,,,,,,,,,2021.0,Andy Dalton,CHI,34.0,QB,8.0,6.0,16.0,76.0,0.0,2.0,72.0,4.5,4.0,0.3,0.0,,2023-08-21,Andy Dalton,CHI,236.0,8.0,1.0,9.0,4.0,39.0,17.2,2021.0,2.3,92.0,23.0,13.0,54.0,20.3,7.0,162.0,71.4,14.0,141.0,12.0,138.0,1.0,3.0,30.0,174.0,,,,,,,,,,,,,,,,,,,,,,,,,,,,,,,,8,11.04,0.32,5,3,0
2021,Tyler Huntley,T.Huntley,00-0035993,BAL,QB,QB,36.0,7,82.64,11.805714285714286,82.64,0.0,0,0,0,0,0.0,0.0,0.0,47,294,2,122,188,1081,3,4,373.0,0.7257142857142858,0.22155495978552278,11.805714285714288,11.835757766394256,35.900000000000006,1,QB,"https://static.www.nfl.com/image/upload/f_auto,q_auto/league/fxyjf9d5qkwqjdd8ypvv",REG,18,-107,3,2,1407,446,55,-30.697212040843034,-1.053244907122392,0,0.7683013503909026,43,14,11,1,1,1,22,15.720750949055612,0,13,10,1,0,0,0,0,0,0,,0,0,0,0,0,,0,0,0,0,0,0,0,0.0,0.0,0,0,0,0,0,0,0,0,0,0,0,0,0,1,0,0,0,0,2,25,4,0,1,4,3,0,0,0,0,0,0,0,0,,,0,0,0,0,0,0,0,0,0,0,0,0,,,,0,0,0,0,0,0,0,,0,0,0,0,,0,0,,0,0,0,0,0,0,0,0,0,0,,,,,,,,,,,,,,,,,,,,,,,,,,,,,,,,,,,,,,,,,,,,,,,,,,,,,,,,,,,,,,,,,,,,,,,,,,,,,,,,,,,,,,,,,,,,,,,,,,,,,,,,,,,,,,,,,,,,,,,,,,,,,,,,,,,,,,,,,,,,,,,,,,,,00-0035993,HuntTy01,4035671.0,Tyler Huntley,1998-02-03,73.0,204.0,Utah,,,,,2020,7,7.0,0.0,0.0,0.0,0.0,,,,,,,,,,,,,,,,,,,,,,,,,2021.0,Tyler Huntley,BAL,23.0,QB,7.0,4.0,47.0,294.0,2.0,22.0,241.0,5.1,53.0,1.1,3.0,15.7,2023-08-21,Tyler Huntley,BAL,188.0,3.0,3.0,4.0,2.2,34.0,18.7,2021.0,2.3,62.0,22.0,10.0,50.0,21.6,6.0,136.0,74.7,33.0,147.0,19.0,102.0,9.0,45.0,12.0,109.0,,,,,,,,,,,,,,,,,,,,,,,,,,,,,,,,7,10.76,1.0,4,2,1
2021,Tyrod Taylor,T.Taylor,00-0028118,HOU,QB,QB,37.0,6,81.74000000000001,13.623333333333335,81.74000000000001,0.0,0,0,0,0,0.0,0.0,0.0,19,151,3,91,150,966,5,5,323.0,0.8316666666666667,0.2530650154798762,13.623333333333333,8.399727773366628,23.64,1,QB,"https://static.www.nfl.com/image/upload/f_auto,q_auto/league/whpztm9akd7yefplp37r",REG,13,-119,0,0,1107,491,44,-14.875614879206069,-3.625983806947867,0,0.8726287262872628,37,14,13,3,3,0,7,13.619090607910966,0,4,3,2,0,0,0,0,0,0,,0,0,0,0,0,,0,0,0,0,0,0,0,0.0,0.0,0,0,0,0,0,0,0,0,0,0,0,0,0,2,-3,0,0,0,0,0,0,3,1,3,0,0,0,0,0,0,0,0,0,,,0,0,0,0,0,0,0,0,0,0,0,0,,,,0,0,0,0,0,0,0,,0,0,0,0,,0,0,,0,0,0,0,0,0,0,0,0,0,,,,,,,,,,,,,,,,,,,,,,,,,,,,,,,,,,,,,,,,,,,,,,,,,,,,,,,,,,,,,,,,,,,,,,,,,,,,,,,,,,,,,,,,,,,,,,,,,,,,,,,,,,,,,,,,,,,,,,,,,,,,,,,,,,,,,,,,,,,,,,,,,,,,00-0028118,TaylTy00,14163.0,Tyrod Taylor,1989-08-03,73.0,217.0,Virginia Tech,2011.0,6.0,180.0,BAL,2011,16,6.0,0.0,0.0,0.0,0.0,,,,,,,,,,,,,,,,,,,,,,,,,2021.0,Tyrod Taylor,HOU,32.0,QB,6.0,6.0,19.0,151.0,3.0,6.0,86.0,4.5,65.0,3.4,4.0,4.8,2023-08-21,Tyrod Taylor,HOU,150.0,4.0,1.0,5.0,3.4,32.0,22.1,2021.0,2.3,60.0,19.0,16.0,48.0,27.0,2.0,100.0,69.0,24.0,143.0,18.0,115.0,4.0,28.0,29.0,239.0,,,,,,,,,,,,,,,,,,,,,,,,,,,,,,,,6,15.91,1.3,4,4,0
2021,Jacoby Brissett,J.Brissett,00-0033119,MIA,QB,QB,38.0,10,72.32,7.231999999999999,72.32,0.0,0,0,0,0,0.0,0.0,0.0,19,70,1,141,225,1283,5,4,376.0,0.5072727272727273,0.19234042553191488,7.232000000000001,7.300716555395246,20.3,1,QB,"https://static.www.nfl.com/image/upload/f_auto,q_auto/league/qjswiunczrn5xmdiqhlz",REG,19,-132,4,3,1703,508,69,-22.858021311611587,-2.214608489093693,1,0.7533763945977686,49,23,15,2,0,0,9,3.0419099197606556,0,2,1,0,0,0,0,0,0,0,,0,0,0,0,0,,0,0,0,0,0,0,0,0.0,0.0,0,0,0,0,0,0,0,0,0,0,0,0,0,2,0,0,0,0,1,10,4,2,0,6,3,0,0,0,0,0,0,0,0,,,0,0,0,0,0,0,0,0,0,0,0,0,,,,0,0,0,0,0,0,0,,0,0,0,0,,0,0,,0,0,0,0,0,0,0,0,0,0,,,,,,,,,,,,,,,,,,,,,,,,,,,,,,,,,,,,,,,,,,,,,,,,,,,,,,,,,,,,,,,,,,,,,,,,,,,,,,,,,,,,,,,,,,,,,,,,,,,,,,,,,,,,,,,,,,,,,,,,,,,,,,,,,,,,,,,,,,,,,,,,,,,,00-0033119,BrisJa00,2578570.0,Jacoby Brissett,1992-12-11,76.0,235.0,N.C. State; Florida,2016.0,3.0,91.0,NE,2016,11,11.0,0.0,0.0,0.0,0.0,,,,,,,,,,,,,,,,,,,,,,,,,2021.0,Jacoby Brissett,MIA,29.0,QB,11.0,5.0,19.0,70.0,1.0,9.0,57.0,3.0,13.0,0.7,0.0,,2023-08-21,Jacoby Brissett,MIA,225.0,6.0,1.0,17.0,7.8,36.0,16.5,2021.0,2.4,62.0,26.0,24.0,69.0,26.8,1.0,158.0,72.5,23.0,156.0,21.0,152.0,1.0,4.0,33.0,243.0,,,,,,,,,,,,,,,,,,,,,,,,,,,,,,,,10,6.1,0.0,3,2,0
2021,Trey Lance,T.Lance,00-0037012,SF,QB,QB,39.0,6,64.92,10.82,64.92,0.0,0,0,0,0,0.0,0.0,0.0,38,168,1,41,71,603,5,2,178.0,0.4483333333333334,0.3647191011235955,10.82,8.312640976248163,20.380000000000003,1,QB,"https://static.www.nfl.com/image/upload/f_auto,q_auto/league/j3psmvvxo13kmbgi60ej",REG,4,-15,0,0,658,288,27,10.68492744550112,-4.1441786116448,0,0.9164133738601824,25,11,8,3,0,0,8,-1.75603184085921,1,4,3,0,0,0,0,0,0,0,,0,0,0,0,0,,0,0,0,0,0,0,0,0.0,0.0,0,0,0,0,0,0,0,0,0,0,0,0,0,0,0,0,0,0,0,0,0,0,0,0,0,0,0,0,0,0,0,0,0,,,0,0,0,0,0,0,0,0,0,0,0,0,,,,0,0,0,0,0,0,0,,0,0,0,0,,0,0,,0,0,0,0,0,0,0,0,0,0,,,,,,,,,,,,,,,,,,,,,,,,,,,,,,,,,,,,,,,,,,,,,,,,,,,,,,,,,,,,,,,,,,,,,,,,,,,,,,,,,,,,,,,,,,,,,,,,,,,,,,,,,,,,,,,,,,,,,,,,,,,,,,,,,,,,,,,,,,,,,,,,,,,,00-0037012,LancTr00,4383351.0,Trey Lance,2000-05-09,76.0,226.0,North Dakota State,2021.0,1.0,3.0,SF,2021,6,6.0,0.0,0.0,0.0,0.0,,,,,,,,,,,,,,,,,,,,,,,,,2021.0,Trey Lance,SF,21.0,QB,6.0,2.0,38.0,168.0,1.0,8.0,114.0,3.0,54.0,1.4,0.0,,2023-08-21,Trey Lance,SF,71.0,2.0,0.0,3.0,4.3,13.0,18.8,2021.0,2.5,21.0,8.0,7.0,19.0,22.1,5.0,51.0,73.9,18.0,172.0,10.0,145.0,8.0,27.0,20.0,171.0,,,,,,,,,,,,,,,,,,,,,,,,,,,,,,,,6,10.34,0.4,3,2,0
2021,Geno Smith,G.Smith,00-0030565,SEA,QB,QB,40.0,4,54.28,13.57,54.28,0.0,0,0,0,0,0.0,0.0,0.0,9,42,1,65,95,702,5,1,203.0,0.845,0.26738916256157635,13.57,6.0990163141280425,22.6,1,QB,"https://static.www.nfl.com/image/upload/f_auto,q_auto/league/zppfqqcyjfma14jjif3a",REG,13,-117,1,1,664,360,31,-1.2367402815664579,6.504954397678375,0,1.0572289156626506,25,13,11,2,0,0,3,3.6669028171454556,0,2,2,0,0,0,0,0,0,0,,0,0,0,0,0,,0,0,0,0,0,0,0,0.0,0.0,0,0,0,0,0,0,0,0,0,0,0,0,0,0,0,0,0,0,1,5,1,0,0,1,1,0,0,0,0,0,0,0,0,,,0,0,0,0,0,0,0,0,0,0,0,0,,,,0,0,0,0,0,0,0,,0,0,0,0,,0,0,,0,0,0,0,0,0,0,0,0,0,,,,,,,,,,,,,,,,,,,,,,,,,,,,,,,,,,,,,,,,,,,,,,,,,,,,,,,,,,,,,,,,,,,,,,,,,,,,,,,,,,,,,,,,,,,,,,,,,,,,,,,,,,,,,,,,,,,,,,,,,,,,,,,,,,,,,,,,,,,,,,,,,,,,00-0030565,SmitGe00,15864.0,Geno Smith,1990-10-10,75.0,221.0,West Virginia,2013.0,2.0,39.0,NYJ,2013,14,4.0,0.0,0.0,0.0,0.0,,,,,,,,,,,,,,,,,,,,,,,,,2021.0,Geno Smith,SEA,31.0,QB,4.0,3.0,9.0,42.0,1.0,3.0,28.0,3.1,14.0,1.6,2.0,4.5,2023-08-21,Geno Smith,SEA,95.0,6.0,1.0,0.0,0.0,13.0,14.8,2021.0,2.5,38.0,12.0,6.0,31.0,27.7,3.0,65.0,73.9,3.0,25.0,3.0,25.0,0.0,0.0,19.0,214.0,,,,,,,,,,,,,,,,,,,,,,,,,,,,,,,,4,11.07,9.540000000000001,3,1,0
2021,Drew Lock,D.Lock,00-0035704,DEN,QB,QB,41.0,6,51.88,8.646666666666667,50.88,1.0,1,1,1,0,0.0019342359767891683,-0.0010984182776801407,0.002132461170807654,10,53,2,67,111,787,2,2,234.0,0.6966666666666667,0.22170940170940173,8.646666666666667,8.64419034188088,21.98,1,QB,"https://static.www.nfl.com/image/upload/f_auto,q_auto/league/vdixnkk1uglfpwowalf8",REG,9,-52,1,0,1107,350,32,-9.218843522528495,-3.309113416103048,0,0.7109304426377597,28,16,13,2,1,1,5,0.13834564556600526,0,1,1,1,0,0,0,-5,6,0,-3.1306644288706593,0,0,0,0,0,0.0,0,1,0,0,0,0,0,0.0,0.0,0,0,0,0,0,0,0,0,0,0,0,0,0,0,0,0,0,0,0,0,2,0,0,2,1,0,0,0,0,0,0,0,0,,,0,0,0,0,0,0,0,0,0,0,0,0,,,,0,0,0,0,0,0,0,,0,0,0,0,,0,0,,0,0,0,0,0,0,0,0,0,0,,,,,,,,,,,,,,,,,,,,,,,,,,,,,,,,,,,,,,,,,,,,,,,,,,,,,,,,,,,,,,,,,,,,,,,,,,,,,,,,,,,,,,,,,,,,,,,,,,,,,,,,,,,,,,,,,,,,,,,,,,,,,,,,,,,,,,,,,,,,,,,,,,,,00-0035704,LockDr00,3924327.0,Drew Lock,1996-11-10,76.0,228.0,Missouri,2019.0,2.0,42.0,DEN,2019,8,6.0,0.0,0.0,0.0,0.0,2021.0,Drew Lock,DEN,25.0,QB,6.0,3.0,1.0,1.0,1.0,0.0,0.0,-5.0,-5.0,6.0,6.0,-5.0,0.0,,0.0,0.0,0.0,79.2,2023-08-21,2021.0,Drew Lock,DEN,25.0,QB,6.0,3.0,10.0,53.0,2.0,5.0,45.0,4.5,8.0,0.8,0.0,,2023-08-21,Drew Lock,DEN,111.0,1.0,1.0,7.0,6.4,24.0,22.0,2021.0,2.5,29.0,14.0,8.0,31.0,24.4,2.0,79.0,72.5,10.0,49.0,8.0,47.0,1.0,2.0,21.0,140.0,,,,,,,,,,,,,,,,,,,,,,,,,,,,,,,,6,6.22,-0.96,2,2,0
2021,Josh Johnson,J.Johnson,00-0026300,BAL,QB,QB,42.0,4,46.31999999999999,11.579999999999998,46.31999999999999,0.0,0,0,0,0,0.0,0.0,0.0,9,28,0,57,85,638,5,2,128.0,0.47250000000000003,0.36187499999999995,11.58,12.034018447717287,24.48,1,QB,"https://static.www.nfl.com/image/upload/f_auto,q_auto/league/sijqkai2yy1cbw3rwndh",REG,3,-23,0,0,620,283,39,27.387476933403597,0.6479190253629917,0,1.0290322580645161,35,15,5,0,2,0,1,-3.0853480453076774,1,1,0,0,0,0,0,0,0,0,,0,0,0,0,0,,0,1,0,0,0,0,0,0.0,0.0,0,0,0,0,0,0,0,0,0,0,0,0,0,2,-4,0,0,0,0,0,1,1,0,2,0,0,0,0,0,0,0,0,0,,,0,0,0,0,0,0,0,0,0,0,0,0,,,,0,0,0,0,0,0,0,,0,0,0,0,,0,0,,0,0,0,0,0,0,0,0,0,0,,,,,,,,,,,,,,,,,,,,,,,,,,,,,,,,,,,,,,,,,,,,,,,,,,,,,,,,,,,,,,,,,,,,,,,,,,,,,,,,,,,,,,,,,,,,,,,,,,,,,,,,,,,,,,,,,,,,,,,,,,,,,,,,,,,,,,,,,,,,,,,,,,,,00-0026300,JohnJo05,11394.0,Josh Johnson,1986-05-15,75.0,219.0,San Diego,2008.0,5.0,160.0,TB,2008,14,4.0,0.0,0.0,0.0,0.0,,,,,,,,,,,,,,,,,,,,,,,,,2021.0,Josh Johnson,2TM,35.0,QB,4.0,1.0,9.0,28.0,0.0,1.0,22.0,2.4,6.0,0.7,0.0,,2023-08-21,Josh Johnson,2TM,85.0,3.0,0.0,3.0,3.7,16.0,19.5,2021.0,,8.0,6.0,8.0,17.0,18.3,1.0,61.0,74.4,8.0,41.0,6.0,42.0,2.0,-1.0,10.0,61.0,,,,,,,,,,,,,,,,,,,,,,,,,,,,,,,,4,10.58,0.68,2,2,0
2021,Mike White,M.White,00-0034401,NYJ,QB,QB,43.0,4,44.019999999999996,11.004999999999999,44.019999999999996,0.0,0,0,0,0,0.0,0.0,0.0,5,-1,0,88,132,953,5,8,211.0,0.69,0.2086255924170616,11.004999999999999,10.44123077036419,26.099999999999998,1,QB,"https://static.www.nfl.com/image/upload/f_auto,q_auto/league/ctdcazjooi8u5iyf82vr",REG,4,-18,0,0,781,566,49,1.9931785218303992,-2.092140662761135,0,1.2202304737516005,43,19,11,0,0,0,2,-0.6702195840189233,0,0,0,0,0,0,0,0,0,0,1.053,1,0,0,0,0,,0,0,0,0,0,0,0,0.0,0.0,0,0,0,0,0,0,0,0,0,0,0,0,0,0,0,0,0,0,0,0,0,0,0,0,0,0,0,0,0,0,0,0,0,,,0,0,0,0,0,0,0,0,0,0,0,0,,,,0,0,0,0,0,0,0,,0,0,0,0,,0,0,,0,0,0,0,0,0,0,0,0,0,,,,,,,,,,,,,,,,,,,,,,,,,,,,,,,,,,,,,,,,,,,,,,,,,,,,,,,,,,,,,,,,,,,,,,,,,,,,,,,,,,,,,,,,,,,,,,,,,,,,,,,,,,,,,,,,,,,,,,,,,,,,,,,,,,,,,,,,,,,,,,,,,,,,00-0034401,WhitMi01,3051381.0,Mike White,1995-03-25,77.0,216.0,Western Kentucky; University of South Florida,2018.0,5.0,171.0,DAL,2018,7,4.0,0.0,0.0,0.0,0.0,,,,,,,,,,,,,,,,,,,,,,,,,2021.0,Mike White,NYJ,26.0,QB,4.0,3.0,5.0,-1.0,0.0,2.0,-3.0,-0.6,2.0,0.4,0.0,,2023-08-21,Mike White,NYJ,132.0,1.0,0.0,5.0,3.8,19.0,14.5,2021.0,2.4,29.0,8.0,14.0,26.0,19.1,6.0,93.0,71.0,4.0,13.0,4.0,13.0,0.0,0.0,18.0,105.0,,,,,,,,,,,,,,,,,,,,,,,,,,,,,,,,4,7.94,2.040000000000001,1,1,1
2021,Colt McCoy,C.McCoy,00-0027688,ARI,QB,QB,44.0,7,41.300000000000004,5.9,41.300000000000004,0.0,0,0,0,0,0.0,0.0,0.0,22,37,0,74,99,740,3,1,209.0,0.36374999999999996,0.19760765550239237,5.9,9.597464943063525,22.92,1,QB,"https://static.www.nfl.com/image/private/f_auto,q_auto/league/jqdwuhtcovhdnqno0mhg",REG,6,-40,2,1,512,452,39,14.313491760355213,3.518246874517324,0,1.4453125,28,17,11,2,1,0,6,-12.585922079223288,0,1,0,0,0,0,0,0,0,0,,0,0,0,0,0,,0,1,0,0,0,0,0,0.0,0.0,0,0,0,0,0,0,0,0,0,0,0,0,0,3,0,0,0,0,0,0,3,1,1,4,1,0,0,0,0,0,0,0,0,,,0,0,0,0,0,0,0,0,0,0,0,0,,,,0,0,0,0,0,0,0,,0,0,0,0,,0,0,,0,0,0,0,0,0,0,0,0,0,,,,,,,,,,,,,,,,,,,,,,,,,,,,,,,,,,,,,,,,,,,,,,,,,,,,,,,,,,,,,,,,,,,,,,,,,,,,,,,,,,,,,,,,,,,,,,,,,,,,,,,,,,,,,,,,,,,,,,,,,,,,,,,,,,,,,,,,,,,,,,,,,,,,00-0027688,McCoCo00,13199.0,Colt McCoy,1986-09-05,73.0,212.0,Texas,2010.0,3.0,85.0,CLE,2010,13,8.0,0.0,2.0,0.0,0.01,,,,,,,,,,,,,,,,,,,,,,,,,2021.0,Colt McCoy,ARI,35.0,QB,8.0,3.0,22.0,37.0,0.0,6.0,30.0,1.4,7.0,0.3,0.0,,2023-08-21,Colt McCoy,ARI,99.0,1.0,0.0,5.0,5.1,11.0,11.2,2021.0,2.1,29.0,10.0,10.0,26.0,23.9,2.0,82.0,83.7,29.0,265.0,25.0,250.0,3.0,15.0,31.0,295.0,,,,,,,,,,2021.0,Regular,Season Total,ARI,C. McCoy,,60.4,3.5,121.0,12.5,12.3,-1.2,0.0,1.3,60.0,-2.1,Colt,McCoy,Colt McCoy,https://a.espncdn.com/i/headshots/nfl/players/full/13199.png,Cardinals,False,7,0.18000000000000016,-0.30000000000000004,2,2,0
2021,Gardner Minshew,G.Minshew,00-0035289,PHI,QB,QB,45.0,3,33.660000000000004,11.22,33.660000000000004,0.0,0,0,0,0,0.0,0.0,0.0,9,21,0,41,60,439,4,1,166.0,0.5825,0.20277108433734942,11.22,9.584633534987137,18.78,0,QB,"https://static.www.nfl.com/image/upload/f_auto,q_auto/league/knlacyr7rqfkcxiriudj",REG,5,-31,1,0,346,263,24,15.881597512397237,3.1599149892204688,0,1.26878612716763,19,9,7,0,0,0,2,-1.0827467578928918,0,0,0,0,0,0,0,0,0,0,,0,0,0,0,0,,0,0,0,0,0,0,0,0.0,0.0,0,0,0,0,0,0,0,0,0,0,0,0,0,1,0,0,0,0,0,0,0,1,1,1,0,0,0,0,0,0,0,0,0,,,0,0,0,0,0,0,0,0,0,0,0,0,,,,0,0,0,0,0,0,0,,0,0,0,0,,0,0,,0,0,0,0,0,0,0,0,0,0,,,,,,,,,,,,,,,,,,,,,,,,,,,,,,,,,,,,,,,,,,,,,,,,,,,,,,,,,,,,,,,,,,,,,,,,,,,,,,,,,,,,,,,,,,,,,,,,,,,,,,,,,,,,,,,,,,,,,,,,,,,,,,,,,,,,,,,,,,,,,,,,,,,,00-0035289,MinsGa00,4038524.0,Gardner Minshew,1996-05-16,73.0,225.0,Washington State,2019.0,6.0,178.0,JAX,2019,8,4.0,0.0,0.0,0.0,0.0,,,,,,,,,,,,,,,,,,,,,,,,,2021.0,Gardner Minshew,PHI,25.0,QB,4.0,2.0,9.0,21.0,0.0,2.0,19.0,2.1,2.0,0.2,0.0,,2023-08-21,Gardner Minshew II,PHI,60.0,4.0,0.0,5.0,8.9,7.0,12.5,2021.0,2.5,19.0,7.0,5.0,17.0,24.6,1.0,45.0,80.4,6.0,37.0,5.0,37.0,0.0,0.0,15.0,160.0,,,,,,,,,,2021.0,Regular,Season Total,PHI,G. Minshew,,66.2,3.6,77.0,9.9,7.2,1.0,0.0,1.7,66.1,-1.6,Gardner,Minshew,Gardner Minshew,https://a.espncdn.com/i/headshots/nfl/players/full/4038524.png,Eagles,False,3,14.440000000000001,0.44,2,1,0
2021,Mike Glennon,M.Glennon,00-0030520,NYG,QB,QB,46.0,6,30.900000000000006,5.150000000000001,30.900000000000006,0.0,0,0,0,0,0.0,0.0,0.0,7,33,1,90,167,790,4,10,315.0,0.805,0.09809523809523811,5.1499999999999995,8.43224999629399,18.34,0,QB,"https://static.www.nfl.com/image/private/f_auto,q_auto/league/mubobrjbeudtezxv0t0p",REG,9,-68,4,3,1210,415,43,-81.78796342919406,-7.878039428940067,0,0.6528925619834711,32,12,5,1,1,0,2,-3.707250877801684,0,1,1,0,0,0,0,0,0,0,,0,0,0,0,0,,0,1,0,0,0,0,0,0.0,0.0,0,0,0,0,0,0,0,0,0,0,0,0,0,2,-9,0,0,0,1,5,4,2,0,6,3,0,0,0,0,0,0,0,0,,,0,0,0,0,0,0,0,0,0,0,0,0,,,,0,0,0,0,0,0,0,,0,0,0,0,,0,0,,0,0,0,0,0,0,0,0,0,0,,,,,,,,,,,,,,,,,,,,,,,,,,,,,,,,,,,,,,,,,,,,,,,,,,,,,,,,,,,,,,,,,,,,,,,,,,,,,,,,,,,,,,,,,,,,,,,,,,,,,,,,,,,,,,,,,,,,,,,,,,,,,,,,,,,,,,,,,,,,,,,,,,,,00-0030520,GlenMi00,15837.0,Mike Glennon,1989-12-12,79.0,225.0,N.C. State,2013.0,3.0,73.0,TB,2013,10,6.0,0.0,0.0,0.0,0.0,,,,,,,,,,,,,,,,,,,,,,,,,2021.0,Mike Glennon,NYG,32.0,QB,6.0,4.0,7.0,33.0,1.0,2.0,33.0,4.7,0.0,0.0,0.0,,2023-08-21,Mike Glennon,NYG,167.0,11.0,3.0,11.0,7.2,21.0,13.7,2021.0,2.5,41.0,12.0,19.0,40.0,22.2,1.0,110.0,71.9,5.0,15.0,5.0,15.0,0.0,0.0,24.0,134.0,,,,,,,,,,,,,,,,,,,,,,,,,,,,,,,,6,6.15,-5.74,1,1,0
2021,Case Keenum,C.Keenum,00-0028986,CLE,QB,QB,47.0,5,28.68,5.736,28.68,0.0,0,0,0,0,0.0,0.0,0.0,12,22,0,47,72,462,3,1,174.0,0.37285714285714283,0.16482758620689655,5.736,6.394801013323245,12.66,0,QB,"https://static.www.nfl.com/image/upload/f_auto,q_auto/league/weixhyzal4ntsyszyepu",REG,5,-29,1,1,420,306,25,-8.276253173967334,-0.6545772297041756,0,1.1,18,10,4,0,0,0,6,-4.510518270983809,0,1,0,0,0,0,0,0,0,0,,0,0,0,0,0,,0,0,0,0,0,0,0,0.0,0.0,0,0,0,0,0,0,0,0,0,0,0,0,0,0,0,0,0,0,0,0,1,0,0,1,1,0,0,0,0,0,0,0,0,,,0,0,0,0,0,0,0,0,0,0,0,0,,,,0,0,0,0,0,0,0,,0,0,0,0,,0,0,,0,0,0,0,0,0,0,0,0,0,,,,,,,,,,,,,,,,,,,,,,,,,,,,,,,,,,,,,,,,,,,,,,,,,,,,,,,,,,,,,,,,,,,,,,,,,,,,,,,,,,,,,,,,,,,,,,,,,,,,,,,,,,,,,,,,,,,,,,,,,,,,,,,,,,,,,,,,,,,,,,,,,,,,00-0028986,KeenCa00,15168.0,Case Keenum,1988-02-17,73.0,220.0,Houston,,,,,2012,14,7.0,0.0,0.0,0.0,0.0,,,,,,,,,,,,,,,,,,,,,,,,,2021.0,Case Keenum,CLE,33.0,QB,7.0,2.0,12.0,22.0,0.0,6.0,15.0,1.3,7.0,0.6,0.0,,2023-08-21,Case Keenum,CLE,72.0,2.0,0.0,3.0,4.3,13.0,18.6,2021.0,2.3,18.0,6.0,8.0,19.0,23.5,0.0,53.0,75.7,1.0,6.0,1.0,6.0,0.0,0.0,19.0,197.0,,,,,,,,,,,,,,,,,,,,,,,,,,,,,,,,5,3.24,0.0,2,0,0
2021,Tim Boyle,T.Boyle,00-0034177,DET,QB,QB,48.0,4,24.34,6.085,24.34,0.0,0,0,0,0,0.0,0.0,0.0,2,13,0,61,94,526,3,6,180.0,0.608,0.13522222222222222,6.085,8.05796293529988,15.88,0,QB,"https://static.www.nfl.com/image/upload/f_auto,q_auto/league/zmfyonfo6ohn5bxqwaxg",REG,0,0,0,0,593,265,28,-3.8455106693562593,-3.4936885359466716,1,0.8870151770657673,19,9,8,1,0,0,1,1.8778446284122765,0,1,1,0,0,0,0,0,0,0,,0,0,0,0,0,,0,0,0,0,0,0,0,0.0,0.0,0,0,0,0,0,0,0,0,0,0,0,0,0,1,0,0,0,0,1,5,0,1,0,1,0,0,0,0,0,0,0,0,0,,,0,0,0,0,0,0,0,0,0,0,0,0,,,,0,0,0,0,0,0,0,,0,0,0,0,,0,0,,0,0,0,0,0,0,0,0,0,0,,,,,,,,,,,,,,,,,,,,,,,,,,,,,,,,,,,,,,,,,,,,,,,,,,,,,,,,,,,,,,,,,,,,,,,,,,,,,,,,,,,,,,,,,,,,,,,,,,,,,,,,,,,,,,,,,,,,,,,,,,,,,,,,,,,,,,,,,,,,,,,,,,,,00-0034177,BoylTi00,3045169.0,Tim Boyle,1994-10-03,76.0,232.0,Eastern Kentucky,,,,,2018,6,5.0,0.0,0.0,0.0,0.0,,,,,,,,,,,,,,,,,,,,,,,,,2021.0,Tim Boyle,DET,27.0,QB,5.0,3.0,2.0,13.0,0.0,1.0,12.0,6.0,1.0,0.5,0.0,,2023-08-21,Tim Boyle,DET,94.0,0.0,0.0,3.0,3.2,20.0,21.3,2021.0,2.3,15.0,5.0,10.0,15.0,15.8,1.0,64.0,68.1,4.0,26.0,4.0,26.0,0.0,0.0,24.0,186.0,,,,,,,,,,,,,,,,,,,,,,,,,,,,,,,,4,4.69,-0.9199999999999999,1,1,0
2021,Cooper Rush,C.Rush,00-0033662,DAL,QB,QB,49.0,4,24.08,6.02,24.08,0.0,0,0,0,0,0.0,0.0,0.0,9,-8,0,30,47,422,3,1,113.0,0.312,0.21309734513274334,6.02,8.106063574057796,17.2,0,QB,"https://static.www.nfl.com/image/upload/f_auto,q_auto/league/mwrtykpswz7nbfisqlmj",REG,3,-19,1,1,424,207,18,8.025694479129601,-3.466037042597507,0,0.9952830188679245,13,8,5,2,0,0,0,-0.6177260712720454,0,0,0,0,0,0,0,0,0,0,,0,0,0,0,0,,0,0,0,0,0,0,0,0.0,0.0,0,0,0,0,0,0,0,0,0,0,0,0,0,0,0,0,0,0,0,0,1,0,0,1,1,0,0,0,0,0,0,0,0,,,0,0,0,0,0,0,0,0,0,0,0,0,,,,0,0,0,0,0,0,0,,0,0,0,0,,0,0,,0,0,0,0,0,0,0,0,0,0,,,,,,,,,,,,,,,,,,,,,,,,,,,,,,,,,,,,,,,,,,,,,,,,,,,,,,,,,,,,,,,,,,,,,,,,,,,,,,,,,,,,,,,,,,,,,,,,,,,,,,,,,,,,,,,,,,,,,,,,,,,,,,,,,,,,,,,,,,,,,,,,,,,,00-0033662,RushCo00,2972515.0,Cooper Rush,1993-11-21,75.0,225.0,Central Michigan; Tarrant County JC,,,,,2017,9,5.0,0.0,0.0,0.0,0.0,,,,,,,,,,,,,,,,,,,,,,,,,2021.0,Cooper Rush,DAL,28.0,QB,5.0,1.0,9.0,-8.0,0.0,0.0,-8.0,-0.9,0.0,0.0,0.0,,2023-08-21,Cooper Rush,DAL,47.0,0.0,0.0,2.0,4.3,9.0,19.1,2021.0,2.3,15.0,0.0,3.0,6.0,11.8,1.0,32.0,68.1,2.0,20.0,2.0,20.0,0.0,0.0,7.0,80.0,,,,,,,,,,,,,,,,,,,,,,,,,,,,,,,,4,3.4400000000000004,0.0,1,1,0
2021,Joe Flacco,J.Flacco,00-0026158,NYJ,QB,QB,50.0,2,23.82,11.91,23.82,0.0,0,0,0,0,0.0,0.0,0.0,2,3,0,27,42,338,3,0,66.0,0.54,0.3609090909090909,11.91,8.527707781109765,17.94,0,QB,"https://static.www.nfl.com/image/upload/f_auto,q_auto/league/dre1d2f2d6dxqohzn5l2",REG,2,-13,1,1,336,175,14,6.294119076454828,5.42314444717608,0,1.005952380952381,11,6,6,1,0,0,1,0.16710711969062686,0,0,0,0,0,0,0,0,0,0,,0,0,0,0,0,,0,0,0,0,0,0,0,0.0,0.0,0,0,0,0,0,0,0,0,0,0,0,0,0,0,0,0,0,0,1,10,1,0,0,1,1,0,0,0,0,0,0,0,0,,,0,0,0,0,0,0,0,0,0,0,0,0,,,,0,0,0,0,0,0,0,,0,0,0,0,,0,0,,0,0,0,0,0,0,0,0,0,0,,,,,,,,,,,,,,,,,,,,,,,,,,,,,,,,,,,,,,,,,,,,,,,,,,,,,,,,,,,,,,,,,,,,,,,,,,,,,,,,,,,,,,,,,,,,,,,,,,,,,,,,,,,,,,,,,,,,,,,,,,,,,,,,,,,,,,,,,,,,,,,,,,,,00-0026158,FlacJo00,11252.0,Joe Flacco,1985-01-16,78.0,245.0,Delaware; Pittsburgh,2008.0,1.0,18.0,BAL,2008,19,2.0,0.0,0.0,0.0,0.0,,,,,,,,,,,,,,,,,,,,,,,,,2021.0,Joe Flacco,NYJ,36.0,QB,2.0,1.0,2.0,3.0,0.0,1.0,1.0,0.5,2.0,1.0,0.0,,2023-08-21,Joe Flacco,NYJ,42.0,4.0,0.0,1.0,2.6,6.0,15.8,2021.0,2.1,24.0,4.0,6.0,12.0,26.7,1.0,29.0,76.3,1.0,5.0,1.0,5.0,0.0,0.0,7.0,81.0,,,,,,,,,,,,,,,,,,,,,,,,,,,,,,,,2,11.91,5.88,1,1,0
2021,Jordan Love,J.Love,00-0036264,GB,QB,QB,51.0,6,21.14,3.5233333333333334,21.14,0.0,0,0,0,0,0.0,0.0,0.0,12,27,0,36,62,411,2,3,131.0,0.3383333333333334,0.16137404580152673,3.5233333333333334,4.964037335341735,11.900000000000002,0,QB,"https://static.www.nfl.com/image/upload/f_auto,q_auto/league/thz8stjkbjwddxqnozi5",REG,3,-23,2,1,494,233,22,-7.069919718026816,-5.514598737160365,0,0.8319838056680162,16,9,6,1,1,0,1,1.7074362011482007,1,1,0,0,0,0,0,0,0,0,,0,0,0,0,0,,0,0,0,0,0,0,0,0.0,0.0,0,0,0,0,0,0,0,0,0,0,0,0,0,2,-3,0,0,0,0,0,2,1,0,3,1,0,0,0,0,0,0,0,0,,,0,0,0,0,0,0,0,0,0,0,0,0,,,,0,0,0,0,0,0,0,,0,0,0,0,,0,0,,0,0,0,0,0,0,0,0,0,0,,,,,,,,,,,,,,,,,,,,,,,,,,,,,,,,,,,,,,,,,,,,,,,,,,,,,,,,,,,,,,,,,,,,,,,,,,,,,,,,,,,,,,,,,,,,,,,,,,,,,,,,,,,,,,,,,,,,,,,,,,,,,,,,,,,,,,,,,,,,,,,,,,,,00-0036264,LoveJo03,4036378.0,Jordan Love,1998-11-02,76.0,219.0,Utah State,2020.0,1.0,26.0,GB,2020,7,6.0,0.0,0.0,0.0,0.0,,,,,,,,,,,,,,,,,,,,,,,,,2021.0,Jordan Love,GB,23.0,QB,6.0,1.0,12.0,27.0,0.0,1.0,24.0,2.0,3.0,0.3,0.0,,2023-08-21,Jordan Love,GB,62.0,2.0,0.0,2.0,3.3,15.0,25.0,2021.0,2.4,29.0,9.0,7.0,19.0,27.1,0.0,40.0,66.7,2.0,0.0,2.0,0.0,0.0,0.0,10.0,104.0,,,,,,,,,,,,,,,,,,,,,,,,,,,,,,,,6,1.1900000000000002,-0.30000000000000004,1,0,0
2021,Mason Rudolph,M.Rudolph,00-0034771,PIT,QB,QB,52.0,2,18.380000000000003,9.190000000000001,18.380000000000003,0.0,0,0,0,0,0.0,0.0,0.0,5,53,0,35,58,277,1,1,97.0,0.5700000000000001,0.18948453608247426,9.19,8.612560594852148,15.28,0,QB,"https://static.www.nfl.com/image/upload/f_auto,q_auto/league/oadtxde6hxz1jgrs618o",REG,0,0,0,0,360,122,16,-8.753380168744872,-6.135742206658636,0,0.7694444444444445,10,3,2,0,0,0,3,3.055942297563888,0,3,2,1,0,0,0,0,0,0,,0,0,0,0,0,,0,0,0,0,0,0,0,0.0,0.0,0,0,0,0,0,0,0,0,0,0,0,0,0,0,0,0,0,0,0,0,0,0,0,0,0,0,0,0,0,0,0,0,0,,,0,0,0,0,0,0,0,0,0,0,0,0,,,,0,0,0,0,0,0,0,,0,0,0,0,,0,0,,0,0,0,0,0,0,0,0,0,0,,,,,,,,,,,,,,,,,,,,,,,,,,,,,,,,,,,,,,,,,,,,,,,,,,,,,,,,,,,,,,,,,,,,,,,,,,,,,,,,,,,,,,,,,,,,,,,,,,,,,,,,,,,,,,,,,,,,,,,,,,,,,,,,,,,,,,,,,,,,,,,,,,,,00-0034771,RudoMa00,3116407.0,Mason Rudolph,1995-07-17,77.0,235.0,Oklahoma State,2018.0,3.0,76.0,PIT,2018,9,2.0,0.0,0.0,0.0,0.0,,,,,,,,,,,,,,,,,,,,,,,,,2021.0,Mason Rudolph,PIT,26.0,QB,2.0,1.0,5.0,53.0,0.0,3.0,25.0,5.0,28.0,5.6,0.0,,2023-08-21,Mason Rudolph,PIT,58.0,1.0,1.0,3.0,5.4,9.0,16.1,2021.0,2.0,15.0,0.0,1.0,1.0,1.6,0.0,44.0,78.6,0.0,0.0,0.0,0.0,0.0,0.0,7.0,41.0,,,,,,,,,,,,,,,,,,,,,,,,,,,,,,,,2,9.19,3.1000000000000005,1,1,0
2021,Nick Foles,N.Foles,00-0029567,CHI,QB,QB,53.0,1,16.8,16.8,16.8,0.0,0,0,0,0,0.0,0.0,0.0,4,8,0,24,35,250,1,0,74.0,1.0,0.22702702702702704,16.8,,16.8,0,QB,"https://static.www.nfl.com/image/private/f_auto,q_auto/league/dxuz2ir773wylutxo7zs",REG,4,-21,1,0,198,165,14,5.539182382183368,2.477973358971732,1,1.2626262626262625,14,4,1,0,0,0,1,-0.015443912358023226,0,0,0,0,0,0,0,0,0,0,,0,0,0,0,0,,0,0,0,0,0,0,0,0.0,0.0,0,0,0,0,0,0,0,0,0,0,0,0,0,0,0,0,0,0,0,0,1,0,0,1,0,0,0,0,0,0,0,0,0,,,0,0,0,0,0,0,0,0,0,0,0,0,,,,0,0,0,0,0,0,0,,0,0,0,0,,0,0,,0,0,0,0,0,0,0,0,0,0,,,,,,,,,,,,,,,,,,,,,,,,,,,,,,,,,,,,,,,,,,,,,,,,,,,,,,,,,,,,,,,,,,,,,,,,,,,,,,,,,,,,,,,,,,,,,,,,,,,,,,,,,,,,,,,,,,,,,,,,,,,,,,,,,,,,,,,,,,,,,,,,,,,,00-0029567,FoleNi00,14877.0,Nick Foles,1989-01-20,78.0,243.0,Arizona; Michigan State,2012.0,3.0,88.0,PHI,2012,11,1.0,0.0,0.0,0.0,0.0,,,,,,,,,,,,,,,,,,,,,,,,,2021.0,Nick Foles,CHI,32.0,QB,1.0,1.0,4.0,8.0,0.0,1.0,8.0,2.0,0.0,0.0,0.0,,2023-08-21,Nick Foles,CHI,35.0,0.0,0.0,1.0,2.9,4.0,11.4,2021.0,2.7,5.0,4.0,1.0,9.0,22.5,1.0,30.0,85.7,4.0,43.0,4.0,43.0,0.0,0.0,3.0,7.0,,,,,,,,,,,,,,,,,,,,,,,,,,,,,,,,1,16.8,16.8,1,1,0
2021,Marcus Mariota,M.Mariota,00-0032268,LV,QB,QB,54.0,7,14.860000000000001,2.122857142857143,14.860000000000001,0.0,0,0,0,0,0.0,0.0,0.0,13,87,1,1,2,4,0,0,24.0,0.03777777777777777,0.6191666666666668,2.122857142857143,2.1697136084877986,6.4,0,QB,"https://static.www.nfl.com/image/upload/f_auto,q_auto/league/grx6m1fmu1odltjo3y31",REG,0,0,0,0,31,8,0,-0.7204284254694358,-10.441631078720093,0,0.12903225806451613,0,0,0,0,1,0,6,7.2433208815637045,0,2,2,1,0,0,0,0,0,0,,0,0,0,0,0,,0,0,0,0,0,0,0,0.0,0.0,0,0,0,0,0,0,0,0,0,0,0,0,0,0,0,0,0,0,0,0,1,0,1,1,0,0,0,0,0,0,0,0,0,,,0,0,0,0,0,0,0,0,0,0,0,0,,,,0,0,0,0,0,0,0,,0,0,0,0,,0,0,,0,0,0,0,0,0,0,0,0,0,,,,,,,,,,,,,,,,,,,,,,,,,,,,,,,,,,,,,,,,,,,,,,,,,,,,,,,,,,,,,,,,,,,,,,,,,,,,,,,,,,,,,,,,,,,,,,,,,,,,,,,,,,,,,,,,,,,,,,,,,,,,,,,,,,,,,,,,,,,,,,,,,,,,00-0032268,MariMa01,2576980.0,Marcus Mariota,1993-10-30,76.0,222.0,Oregon,2015.0,1.0,2.0,TEN,2015,12,9.0,0.0,0.0,0.0,0.0,,,,,,,,,,,,,,,,,,,,,,,,,2021.0,Marcus Mariota,LV,28.0,QB,10.0,0.0,13.0,87.0,1.0,6.0,61.0,4.7,26.0,2.0,0.0,,2023-08-21,Marcus Mariota,LVR,2.0,0.0,0.0,0.0,0.0,0.0,0.0,2021.0,2.4,0.0,0.0,0.0,0.0,0.0,0.0,1.0,50.0,9.0,71.0,0.0,0.0,9.0,71.0,0.0,0.0,,,,,,,,,,,,,,,,,,,,,,,,,,,,,,,,7,1.6,0.30000000000000004,0,0,0
2021,Brandon Allen,B.Allen,00-0032434,CIN,QB,QB,55.0,5,13.860000000000001,2.7720000000000002,13.860000000000001,0.0,0,0,0,0,0.0,0.0,0.0,7,-1,0,17,34,149,2,0,92.0,0.25833333333333336,0.1506521739130435,2.7720000000000007,4.253107099521479,9.740000000000002,0,QB,"https://static.www.nfl.com/image/upload/f_auto,q_auto/league/zljq6177ohvxucfq7fl9",REG,4,-33,1,0,174,120,5,-11.592085469604525,-17.431490168426976,0,0.8563218390804598,4,2,2,0,0,0,1,-6.825553526228759,0,0,0,0,0,0,0,0,0,0,,0,0,0,0,0,,0,0,0,0,0,0,0,0.0,0.0,0,0,0,0,0,0,0,0,0,0,0,0,0,1,0,0,0,0,0,0,1,0,0,1,0,0,0,0,0,0,0,0,0,,,0,0,0,0,0,0,0,0,0,0,0,0,,,,0,0,0,0,0,0,0,,0,0,0,0,,0,0,,0,0,0,0,0,0,0,0,0,0,,,,,,,,,,,,,,,,,,,,,,,,,,,,,,,,,,,,,,,,,,,,,,,,,,,,,,,,,,,,,,,,,,,,,,,,,,,,,,,,,,,,,,,,,,,,,,,,,,,,,,,,,,,,,,,,,,,,,,,,,,,,,,,,,,,,,,,,,,,,,,,,,,,,00-0032434,AlleBr00,2574511.0,Brandon Allen,1992-09-05,74.0,209.0,Arkansas,2016.0,6.0,201.0,JAX,2016,9,6.0,0.0,0.0,0.0,0.0,,,,,,,,,,,,,,,,,,,,,,,,,2021.0,Brandon Allen,CIN,29.0,QB,6.0,1.0,7.0,-1.0,0.0,1.0,-3.0,-0.4,2.0,0.3,0.0,,2023-08-21,Brandon Allen,CIN,34.0,0.0,1.0,2.0,6.1,9.0,27.3,2021.0,2.2,7.0,1.0,2.0,7.0,18.4,0.0,19.0,57.6,1.0,6.0,1.0,6.0,0.0,0.0,6.0,24.0,,,,,,,,,,,,,,,,,,,,,,,,,,,,,,,,5,0.24,-0.1,0,0,0
2021,PJ Walker,P.Walker,00-0033275,CAR,QB,QB,56.0,5,13.780000000000001,2.7560000000000002,13.780000000000001,0.0,0,0,0,0,0.0,0.0,0.0,7,13,0,36,66,362,1,3,126.0,0.30666666666666664,0.10936507936507937,2.756,2.1917755359525297,5.279999999999999,0,QB,"https://static.www.nfl.com/image/upload/f_auto,q_auto/league/rfbfapksdwh1o4othraq",REG,7,-47,0,0,594,137,19,-14.449125904082484,-9.204928691570576,1,0.6094276094276094,18,8,1,0,2,1,2,-5.5915096219978295,0,1,1,0,0,0,0,0,0,0,,0,0,0,0,0,,0,0,0,1,0,0,0,0.0,0.0,0,0,0,0,0,0,0,0,0,0,0,0,0,2,-4,0,0,0,0,0,0,3,0,3,1,0,0,0,0,0,0,0,0,,,0,0,0,0,0,0,0,0,0,0,0,0,,,,0,0,0,0,0,0,0,,0,0,0,0,,0,0,,0,0,0,0,0,0,0,0,0,0,,,,,,,,,,,,,,,,,,,,,,,,,,,,,,,,,,,,,,,,,,,,,,,,,,,,,,,,,,,,,,,,,,,,,,,,,,,,,,,,,,,,,,,,,,,,,,,,,,,,,,,,,,,,,,,,,,,,,,,,,,,,,,,,,,,,,,,,,,,,,,,,,,,,00-0033275,WalkPh00,3051308.0,PJ Walker,1995-02-26,71.0,210.0,Temple,,,,,2017,4,6.0,0.0,0.0,0.0,0.0,,,,,,,,,,,,,,,,,,,,,,,,,2021.0,PJ Walker,CAR,26.0,QB,5.0,1.0,7.0,13.0,0.0,2.0,13.0,1.9,0.0,0.0,0.0,,2023-08-21,P.J. Walker,CAR,66.0,0.0,1.0,2.0,3.1,20.0,30.8,2021.0,2.5,15.0,7.0,9.0,23.0,30.7,1.0,41.0,63.1,2.0,3.0,2.0,3.0,0.0,0.0,6.0,35.0,,,,,,,,,,,,,,,,,,,,,,,,,,,,,,,,5,2.62,-0.1,0,0,0
2021,Sean Mannion,S.Mannion,00-0032245,MIN,QB,QB,57.0,1,12.96,12.96,12.96,0.0,0,0,0,0,0.0,0.0,0.0,2,14,0,22,36,189,1,0,51.0,0.94,0.25411764705882356,12.96,,12.96,0,QB,"https://static.www.nfl.com/image/private/f_auto,q_auto/league/lcuc7hhiijmt8xtitm77",REG,2,-15,0,0,233,94,8,-10.911595458092904,-5.38791282212033,0,0.8111587982832618,9,3,2,0,0,0,2,2.5017616350669414,0,1,0,0,0,0,0,0,0,0,,0,0,0,0,0,,0,0,0,0,0,0,0,0.0,0.0,0,0,0,0,0,0,0,0,0,0,0,0,0,0,0,0,0,0,0,0,0,0,0,0,0,0,0,0,0,0,0,0,0,,,0,0,0,0,0,0,0,0,0,0,0,0,,,,0,0,0,0,0,0,0,,0,0,0,0,,0,0,,0,0,0,0,0,0,0,0,0,0,,,,,,,,,,,,,,,,,,,,,,,,,,,,,,,,,,,,,,,,,,,,,,,,,,,,,,,,,,,,,,,,,,,,,,,,,,,,,,,,,,,,,,,,,,,,,,,,,,,,,,,,,,,,,,,,,,,,,,,,,,,,,,,,,,,,,,,,,,,,,,,,,,,,00-0032245,MannSe00,2517017.0,Sean Mannion,1992-04-25,78.0,230.0,Oregon State,2015.0,3.0,89.0,LA,2015,8,1.0,0.0,0.0,0.0,0.0,,,,,,,,,,,,,,,,,,,,,,,,,2021.0,Sean Mannion,MIN,29.0,QB,1.0,1.0,2.0,14.0,0.0,2.0,11.0,5.5,3.0,1.5,0.0,,2023-08-21,Sean Mannion,MIN,36.0,2.0,0.0,1.0,2.9,7.0,20.6,2021.0,2.4,6.0,5.0,2.0,9.0,23.1,1.0,24.0,70.6,1.0,7.0,1.0,7.0,0.0,0.0,1.0,0.0,,,,,,,,,,,,,,,,,,,,,,,,,,,,,,,,1,12.96,12.96,1,0,0
2021,Brian Hoyer,B.Hoyer,00-0026625,NE,QB,QB,58.0,5,12.28,2.456,12.28,0.0,0,0,0,0,0.0,0.0,0.0,11,-8,0,9,11,227,1,0,41.0,0.118,0.2995121951219512,2.4560000000000004,3.034152270404371,7.2,0,QB,"https://static.www.nfl.com/image/private/f_auto,q_auto/league/japt3mj2xctm7saqndxn",REG,0,0,0,0,97,143,8,20.87713444084511,14.419839598915793,0,2.3402061855670104,7,6,6,2,0,0,1,-4.048504892620258,0,0,0,0,0,0,0,0,0,0,,0,0,0,0,0,,0,0,0,0,0,0,0,0.0,0.0,0,0,0,0,0,0,0,0,0,0,0,0,0,0,0,0,0,0,0,0,0,0,0,0,0,0,0,0,0,0,0,0,0,,,0,0,0,0,0,0,0,0,0,0,0,0,,,,0,0,0,0,0,0,0,,0,0,0,0,,0,0,,0,0,0,0,0,0,0,0,0,0,,,,,,,,,,,,,,,,,,,,,,,,,,,,,,,,,,,,,,,,,,,,,,,,,,,,,,,,,,,,,,,,,,,,,,,,,,,,,,,,,,,,,,,,,,,,,,,,,,,,,,,,,,,,,,,,,,,,,,,,,,,,,,,,,,,,,,,,,,,,,,,,,,,,00-0026625,HoyeBr00,12477.0,Brian Hoyer,1985-10-13,74.0,216.0,Michigan State,,,,,2009,15,5.0,0.0,0.0,0.0,0.0,,,,,,,,,,,,,,,,,,,,,,,,,2021.0,Brian Hoyer,NE,36.0,QB,5.0,0.0,11.0,-8.0,0.0,1.0,-9.0,-0.8,1.0,0.1,0.0,,2023-08-21,Brian Hoyer,NE,11.0,0.0,0.0,0.0,0.0,0.0,0.0,2021.0,2.2,4.0,0.0,0.0,0.0,0.0,0.0,11.0,100.0,2.0,59.0,2.0,59.0,0.0,0.0,2.0,28.0,,,,,,,,,,2021.0,Regular,Season Total,NE,B. Hoyer,,97.9,4.2,14.0,1.4,1.4,0.0,0.0,0.0,98.5,0.0,Brian,Hoyer,Brian Hoyer,https://a.espncdn.com/i/headshots/nfl/players/full/12477.png,Patriots,False,5,2.62,-0.30000000000000004,0,0,0
2021,Jake Fromm,J.Fromm,00-0036197,NYG,QB,QB,59.0,3,10.9,3.6333333333333333,10.9,0.0,0,0,0,0,0.0,0.0,0.0,8,65,0,27,60,210,1,3,113.0,0.58,0.09646017699115045,3.633333333333334,3.6229453947490486,7.420000000000002,0,QB,"https://static.www.nfl.com/image/upload/f_auto,q_auto/league/i1dr9fc5smv3zpvygqil",REG,6,-33,2,1,434,99,10,-35.15658075193642,-18.545344009481628,0,0.4838709677419355,5,2,2,0,0,0,4,4.599917120358441,0,2,2,1,0,0,0,0,0,0,,0,0,0,0,0,,0,0,0,0,0,0,0,0.0,0.0,0,0,0,0,0,0,0,0,0,0,0,0,0,0,0,0,0,0,0,0,1,1,0,2,1,0,0,0,0,0,0,0,0,,,0,0,0,0,0,0,0,0,0,0,0,0,,,,0,0,0,0,0,0,0,,0,0,0,0,,0,0,,0,0,0,0,0,0,0,0,0,0,,,,,,,,,,,,,,,,,,,,,,,,,,,,,,,,,,,,,,,,,,,,,,,,,,,,,,,,,,,,,,,,,,,,,,,,,,,,,,,,,,,,,,,,,,,,,,,,,,,,,,,,,,,,,,,,,,,,,,,,,,,,,,,,,,,,,,,,,,,,,,,,,,,,00-0036197,FromJa00,4240689.0,Jake Fromm,1998-07-30,74.0,215.0,Georgia,2020.0,5.0,167.0,BUF,2020,3,3.0,0.0,0.0,0.0,0.0,,,,,,,,,,,,,,,,,,,,,,,,,2021.0,Jake Fromm,NYG,23.0,QB,3.0,2.0,8.0,65.0,0.0,4.0,30.0,3.8,35.0,4.4,0.0,,2023-08-21,Jake Fromm,NYG,60.0,2.0,0.0,3.0,5.2,19.0,32.8,2021.0,2.2,21.0,5.0,7.0,18.0,25.0,4.0,32.0,55.2,11.0,39.0,9.0,15.0,2.0,24.0,14.0,16.0,,,,,,,,,,,,,,,,,,,,,,,,,,,,,,,,3,3.2800000000000002,0.20000000000000018,0,0,0
2021,Nick Mullens,N.Mullens,00-0033319,CLE,QB,QB,60.0,1,9.879999999999999,9.879999999999999,9.879999999999999,0.0,0,0,0,0,0.0,0.0,0.0,0,0,0,20,30,147,1,0,56.0,1.0,0.1764285714285714,9.879999999999999,,9.879999999999999,0,QB,"https://static.www.nfl.com/image/upload/f_auto,q_auto/league/haxwyajgngz6quuyqg19",REG,0,0,0,0,213,71,9,2.1646621113421176,4.743573069572449,0,0.6901408450704225,5,1,1,0,0,0,0,,0,0,0,0,0,0,0,0,0,0,,0,0,0,0,0,,0,0,0,0,0,0,0,0.0,0.0,0,0,0,0,0,0,0,0,0,0,0,0,0,0,0,0,0,0,0,0,0,0,0,0,0,0,0,0,0,0,0,0,0,,,0,0,0,0,0,0,0,0,0,0,0,0,,,,0,0,0,0,0,0,0,,0,0,0,0,,0,0,,0,0,0,0,0,0,0,0,0,0,,,,,,,,,,,,,,,,,,,,,,,,,,,,,,,,,,,,,,,,,,,,,,,,,,,,,,,,,,,,,,,,,,,,,,,,,,,,,,,,,,,,,,,,,,,,,,,,,,,,,,,,,,,,,,,,,,,,,,,,,,,,,,,,,,,,,,,,,,,,,,,,,,,,00-0033319,MullNi00,3059989.0,Nick Mullens,1995-03-21,73.0,210.0,Southern Mississippi,,,,,2017,8,1.0,0.0,0.0,0.0,0.0,,,,,,,,,,,,,,,,,,,,,,,,,,,,,,,,,,,,,,,,,,,Nick Mullens,CLE,30.0,0.0,1.0,2.0,6.9,2.0,6.9,2021.0,2.3,6.0,5.0,4.0,9.0,30.0,0.0,22.0,75.9,1.0,6.0,1.0,6.0,0.0,0.0,7.0,31.0,,,,,,,,,,2021.0,Regular,Season Total,CLE,N. Mullens,,81.5,4.2,31.0,7.1,6.8,0.0,0.0,0.3,87.0,0.0,Nick,Mullens,Nick Mullens,https://a.espncdn.com/i/headshots/nfl/players/full/3059989.png,Browns,False,1,9.879999999999999,9.879999999999999,0,0,0
2021,Mitchell Trubisky,M.Trubisky,00-0033869,BUF,QB,QB,61.0,5,8.120000000000001,1.624,8.120000000000001,0.0,0,0,0,0,0.0,0.0,0.0,13,24,1,6,8,43,0,1,33.0,0.08,0.2460606060606061,1.624,3.384771779603464,7.32,0,QB,"https://static.www.nfl.com/image/upload/f_auto,q_auto/league/yxs7ix2pmcfv5k1qn1sk",REG,0,0,0,0,41,17,2,-1.6611338711809367,1.5287205576896667,0,1.048780487804878,1,0,0,0,0,0,3,-3.8544540730363224,0,1,1,1,0,0,0,0,0,0,,0,0,0,0,0,,0,0,0,0,0,0,0,0.0,0.0,0,0,0,0,0,0,0,0,0,0,0,0,0,0,0,0,0,0,0,0,0,0,0,0,0,0,0,0,0,0,0,0,0,,,0,0,0,0,0,0,0,0,0,0,0,0,,,,0,0,0,0,0,0,0,,0,0,0,0,,0,0,,0,0,0,0,0,0,0,0,0,0,M.Trubisky,Mitchell Trubisky,QB,QB,"https://static.www.nfl.com/image/upload/f_auto,q_auto/league/yxs7ix2pmcfv5k1qn1sk",2021.0,POST,BUF,1.0,0.0,0.0,0.0,0.0,0.0,0.0,0.0,0.0,0.0,0.0,0.0,0.0,,,0.0,,0.0,0.0,0.0,0.0,3.0,-2.0,0.0,0.0,0.0,0.0,0.0,0.0,0.0,0.0,0.0,0.0,0.0,0.0,0.0,0.0,0.0,0.0,0.0,0.0,0.0,,0.0,0.0,0.0,0.0,0.0,,0.0,0.0,0.0,0.0,0.0,0.0,0.0,0.0,0.0,0.0,0.0,0.0,0.0,0.0,0.0,0.0,0.0,0.0,0.0,0.0,0.0,0.0,0.0,0.0,0.0,0.0,0.0,0.0,0.0,0.0,0.0,0.0,0.0,0.0,0.0,0.0,0.0,0.0,0.0,0.0,0.0,0.0,0.0,0.0,0.0,,,0.0,0.0,0.0,0.0,0.0,0.0,0.0,0.0,0.0,0.0,0.0,0.0,,,,0.0,0.0,0.0,0.0,0.0,0.0,0.0,,0.0,0.0,0.0,0.0,,0.0,0.0,,0.0,0.0,0.0,0.0,0.0,0.0,0.0,0.0,0.0,0.0,-0.2,-0.2,00-0033869,TrubMi00,3039707.0,Mitchell Trubisky,1994-08-20,74.0,222.0,North Carolina,2017.0,1.0,2.0,CHI,2017,10,6.0,0.0,0.0,0.0,0.0,,,,,,,,,,,,,,,,,,,,,,,,,2021.0,Mitchell Trubisky,BUF,27.0,QB,6.0,0.0,13.0,24.0,1.0,3.0,24.0,1.8,0.0,0.0,0.0,,2023-08-21,Mitchell Trubisky,BUF,8.0,0.0,0.0,1.0,12.5,1.0,12.5,2021.0,2.2,1.0,0.0,0.0,0.0,0.0,0.0,7.0,87.5,1.0,1.0,1.0,1.0,0.0,0.0,3.0,24.0,,,,,,,,,,2021.0,Regular,Season Total,BUF,M. Trubisky,,77.7,1.3,12.0,0.6,0.0,0.7,0.0,0.0,81.6,0.0,Mitch,Trubisky,Mitch Trubisky,https://a.espncdn.com/i/headshots/nfl/players/full/3039707.png,Bills,False,5,0.29999999999999993,-1.24,0,0,0
2021,Kyle Allen,K.Allen,00-0034577,WAS,QB,QB,62.0,2,7.9,3.95,7.9,0.0,0,0,0,0,0.0,0.0,0.0,2,11,0,12,19,120,1,0,37.0,0.28500000000000003,0.21351351351351353,3.95,3.8608030252785492,6.68,0,QB,"https://static.www.nfl.com/image/upload/f_auto,q_auto/league/s3vbqdcoc6oc6yh460v9",REG,2,-5,1,1,135,46,6,0.39260218954598536,-3.5156201985147266,0,0.8888888888888888,5,3,0,0,0,0,1,-0.2359140762127936,0,1,0,0,0,0,0,0,0,0,,0,0,0,0,0,,0,0,0,0,0,0,0,0.0,0.0,0,0,0,0,0,0,0,0,0,0,0,0,0,0,0,0,0,0,0,0,1,0,0,1,1,0,0,0,0,0,0,0,0,,,0,0,0,0,0,0,0,0,0,0,0,0,,,,0,0,0,0,0,0,0,,0,0,0,0,,0,0,,0,0,0,0,0,0,0,0,0,0,,,,,,,,,,,,,,,,,,,,,,,,,,,,,,,,,,,,,,,,,,,,,,,,,,,,,,,,,,,,,,,,,,,,,,,,,,,,,,,,,,,,,,,,,,,,,,,,,,,,,,,,,,,,,,,,,,,,,,,,,,,,,,,,,,,,,,,,,,,,,,,,,,,,00-0034577,AlleKy00,3115293.0,Kyle Allen,1996-03-08,75.0,210.0,Houston; Texas A&M,,,,,2018,8,2.0,0.0,0.0,0.0,0.0,,,,,,,,,,,,,,,,,,,,,,,,,2021.0,Kyle Allen,WAS,25.0,QB,2.0,0.0,2.0,11.0,0.0,1.0,11.0,5.5,0.0,0.0,0.0,,2023-08-21,Kyle Allen,WAS,19.0,1.0,0.0,2.0,11.1,2.0,11.1,2021.0,2.3,4.0,2.0,1.0,5.0,23.8,0.0,15.0,83.3,2.0,11.0,1.0,0.0,1.0,11.0,1.0,0.0,,,,,,,,,,,,,,,,,,,,,,,,,,,,,,,,2,3.95,1.2200000000000002,0,0,0
2021,Garrett Gilbert,G.Gilbert,00-0031395,WAS,QB,QB,63.0,1,7.76,7.76,7.76,0.0,0,0,0,0,0.0,0.0,0.0,0,0,0,20,31,194,0,0,55.0,1.0,0.1410909090909091,7.76,,7.76,0,QB,"https://static.www.nfl.com/image/private/f_auto,q_auto/league/tqn0pjemxn7hoze93kwa",REG,2,-20,1,0,197,97,8,-2.7503931065014506,0.7595975697040558,0,0.9847715736040609,6,3,2,1,0,0,0,,0,0,0,0,0,0,0,0,0,0,,0,0,0,0,0,,0,0,0,0,0,0,0,0.0,0.0,0,0,0,0,0,0,0,0,0,0,0,0,0,0,0,0,0,0,0,0,1,0,0,1,0,0,0,0,0,0,0,0,0,,,0,0,0,0,0,0,0,0,0,0,0,0,,,,0,0,0,0,0,0,0,,0,0,0,0,,0,0,,0,0,0,0,0,0,0,0,0,0,,,,,,,,,,,,,,,,,,,,,,,,,,,,,,,,,,,,,,,,,,,,,,,,,,,,,,,,,,,,,,,,,,,,,,,,,,,,,,,,,,,,,,,,,,,,,,,,,,,,,,,,,,,,,,,,,,,,,,,,,,,,,,,,,,,,,,,,,,,,,,,,,,,,00-0031395,GilbGa01,16809.0,Garrett Gilbert,1991-07-01,76.0,221.0,SMU; Texas,2014.0,6.0,214.0,LA,2014,4,1.0,0.0,0.0,0.0,0.0,,,,,,,,,,,,,,,,,,,,,,,,,,,,,,,,,,,,,,,,,,,Garrett Gilbert,WAS,31.0,1.0,0.0,1.0,3.3,6.0,20.0,2021.0,2.5,10.0,2.0,5.0,9.0,27.3,0.0,22.0,73.3,2.0,51.0,2.0,51.0,0.0,0.0,5.0,87.0,,,,,,,,,,,,,,,,,,,,,,,,,,,,,,,,1,7.76,7.76,0,0,0
2021,Chad Henne,C.Henne,00-0026197,KC,QB,QB,64.0,4,3.2800000000000002,0.8200000000000001,3.2800000000000002,0.0,0,0,0,0,0.0,0.0,0.0,8,0,0,11,16,82,0,0,31.0,0.11,0.10580645161290324,0.8200000000000001,1.9089962458492857,3.68,0,QB,"https://static.www.nfl.com/image/private/f_auto,q_auto/league/ornr9pcnzveqlntqc7jx",REG,0,0,0,0,125,24,6,4.047984530450776,3.2737002770105996,0,0.656,1,1,0,0,2,0,0,-1.9872949765413068,0,0,0,0,0,0,0,0,0,0,,0,0,0,0,0,,0,0,0,0,0,0,0,0.0,0.0,0,0,0,0,0,0,0,0,0,0,0,0,0,2,-6,0,0,0,0,0,0,2,0,2,0,0,0,0,0,0,0,0,0,,,0,0,0,0,0,0,0,0,0,0,0,0,,,,0,0,0,0,0,0,0,,0,0,0,0,,0,0,,0,0,0,0,0,0,0,0,0,0,,,,,,,,,,,,,,,,,,,,,,,,,,,,,,,,,,,,,,,,,,,,,,,,,,,,,,,,,,,,,,,,,,,,,,,,,,,,,,,,,,,,,,,,,,,,,,,,,,,,,,,,,,,,,,,,,,,,,,,,,,,,,,,,,,,,,,,,,,,,,,,,,,,,00-0026197,HennCh01,11291.0,Chad Henne,1985-07-02,75.0,230.0,Michigan,2008.0,2.0,57.0,MIA,2008,15,4.0,0.0,0.0,0.0,0.0,,,,,,,,,,,,,,,,,,,,,,,,,2021.0,Chad Henne,KC,36.0,QB,4.0,0.0,8.0,0.0,0.0,0.0,0.0,0.0,0.0,0.0,0.0,,2023-08-21,Chad Henne,KC,16.0,1.0,0.0,1.0,6.7,3.0,20.0,2021.0,2.2,3.0,1.0,2.0,3.0,17.6,0.0,12.0,80.0,0.0,0.0,0.0,0.0,0.0,0.0,0.0,0.0,,,,,,,,,,2021.0,Regular,Season Total,KC,C. Henne,,74.1,0.7,18.0,0.6,0.6,0.0,0.0,0.0,64.3,0.0,Chad,Henne,Chad Henne,https://a.espncdn.com/i/headshots/nfl/players/full/11291.png,Chiefs,False,4,-0.1,-0.2,0,0,0
2021,Chris Streveler,C.Streveler,00-0035752,ARI,QB,QB,65.0,2,2.04,1.02,2.04,0.0,0,0,0,0,0.0,0.0,0.0,3,6,0,6,9,36,0,0,24.0,0.21500000000000002,0.085,1.02,1.1596551211459378,1.8399999999999999,0,QB,"https://static.www.nfl.com/image/private/f_auto,q_auto/league/epyvfplm9neqqvzsj2q8",REG,2,-17,0,0,38,22,1,-4.2565559186041355,-8.501462472809685,0,0.9473684210526315,1,1,0,0,1,0,0,-5.706268456298858,0,0,0,0,0,0,0,0,0,0,,0,0,0,0,0,,0,0,0,0,0,0,0,0.0,0.0,0,0,0,0,0,0,0,0,0,0,0,0,0,0,-4,0,0,0,0,0,0,1,0,1,0,0,0,0,0,0,0,0,0,,,0,0,0,0,0,0,0,0,0,0,0,0,,,,0,0,0,0,0,0,0,,0,0,0,0,,0,0,,0,0,0,0,0,0,0,0,0,0,,,,,,,,,,,,,,,,,,,,,,,,,,,,,,,,,,,,,,,,,,,,,,,,,,,,,,,,,,,,,,,,,,,,,,,,,,,,,,,,,,,,,,,,,,,,,,,,,,,,,,,,,,,,,,,,,,,,,,,,,,,,,,,,,,,,,,,,,,,,,,,,,,,,00-0035752,StreCh00,3040206.0,Chris Streveler,1995-01-06,73.0,216.0,South Dakota; Minnesota,,,,,2020,3,2.0,0.0,0.0,0.0,0.0,,,,,,,,,,,,,,,,,,,,,,,,,2021.0,Chris Streveler,ARI,26.0,QB,2.0,0.0,3.0,6.0,0.0,0.0,1.0,0.3,5.0,1.7,0.0,,2023-08-21,Chris Streveler,ARI,9.0,0.0,0.0,0.0,0.0,2.0,22.2,2021.0,2.5,0.0,1.0,0.0,3.0,25.0,0.0,6.0,66.7,0.0,0.0,0.0,0.0,0.0,0.0,1.0,9.0,,,,,,,,,,,,,,,,,,,,,,,,,,,,,,,,2,1.02,0.2,0,0,0
2021,Ian Book,I.Book,00-0036929,NO,QB,QB,66.0,1,2.0000000000000004,2.0000000000000004,2.0000000000000004,0.0,0,0,0,0,0.0,0.0,0.0,3,6,0,12,20,135,0,2,50.0,0.96,0.04000000000000001,2.0000000000000004,,2.0000000000000004,0,QB,"https://static.www.nfl.com/image/upload/f_auto,q_auto/league/gfizehze3lahkqm40vk4",REG,8,-54,0,0,76,81,5,-29.729809938871767,-7.278274496396382,0,1.7763157894736843,5,2,1,1,0,0,1,1.0195731476997025,0,0,0,0,0,0,0,0,0,0,,0,0,0,0,0,,0,0,0,0,0,0,0,0.0,0.0,0,0,0,0,0,0,0,0,0,0,0,0,0,0,0,0,0,0,0,0,0,0,0,0,0,0,0,0,0,0,0,0,0,,,0,0,0,0,0,0,0,0,0,0,0,0,,,,0,0,0,0,0,0,0,,0,0,0,0,,0,0,,0,0,0,0,0,0,0,0,0,0,,,,,,,,,,,,,,,,,,,,,,,,,,,,,,,,,,,,,,,,,,,,,,,,,,,,,,,,,,,,,,,,,,,,,,,,,,,,,,,,,,,,,,,,,,,,,,,,,,,,,,,,,,,,,,,,,,,,,,,,,,,,,,,,,,,,,,,,,,,,,,,,,,,,00-0036929,BookIa00,4046678.0,Ian Book,1998-03-30,72.0,206.0,Notre Dame,2021.0,4.0,133.0,NO,2021,3,1.0,0.0,0.0,0.0,0.0,,,,,,,,,,,,,,,,,,,,,,,,,2021.0,Ian Book,NO,23.0,QB,1.0,1.0,3.0,6.0,0.0,1.0,4.0,1.3,2.0,0.7,0.0,,2023-08-21,Ian Book,NO,20.0,2.0,0.0,2.0,11.1,3.0,16.7,2021.0,2.9,15.0,5.0,4.0,17.0,56.7,0.0,15.0,83.3,1.0,12.0,1.0,12.0,0.0,0.0,6.0,30.0,,,,,,,,,,,,,,,,,,,,,,,,,,,,,,,,1,2.0000000000000004,2.0000000000000004,0,0,0
2021,Blaine Gabbert,B.Gabbert,00-0027948,TB,QB,QB,67.0,6,1.98,0.33,1.98,0.0,0,0,0,0,0.0,0.0,0.0,9,-7,0,7,11,67,0,0,44.0,0.105,0.045,0.33,0.6687002317929911,1.54,0,QB,"https://static.www.nfl.com/image/private/f_auto,q_auto/league/fphhd3wedamgkps6e0dl",REG,1,-10,0,0,90,39,4,0.1918351231798563,-0.7117734713987871,0,0.7444444444444445,3,1,1,0,0,0,0,-14.470991324749775,0,0,0,0,0,0,0,0,0,0,,0,0,0,0,0,,0,0,0,0,0,0,0,0.0,0.0,0,0,0,0,0,0,0,0,0,0,0,0,0,0,0,0,0,0,0,0,0,0,0,0,0,0,0,0,0,0,0,0,0,,,0,0,0,0,0,0,0,0,0,0,0,0,,,,0,0,0,0,0,0,0,,0,0,0,0,,0,0,,0,0,0,0,0,0,0,0,0,0,,,,,,,,,,,,,,,,,,,,,,,,,,,,,,,,,,,,,,,,,,,,,,,,,,,,,,,,,,,,,,,,,,,,,,,,,,,,,,,,,,,,,,,,,,,,,,,,,,,,,,,,,,,,,,,,,,,,,,,,,,,,,,,,,,,,,,,,,,,,,,,,,,,,00-0027948,GabbBl00,13987.0,Blaine Gabbert,1989-10-15,77.0,235.0,Missouri,2011.0,1.0,10.0,JAX,2011,12,6.0,0.0,1.0,0.0,0.006666666666666667,,,,,,,,,,,,,,,,,,,,,,,,,2021.0,Blaine Gabbert,TB,32.0,QB,6.0,0.0,9.0,-7.0,0.0,0.0,-7.0,-0.8,0.0,0.0,0.0,,2023-08-21,Blaine Gabbert,TB,11.0,0.0,0.0,0.0,0.0,2.0,18.2,2021.0,2.0,3.0,1.0,0.0,2.0,16.7,1.0,7.0,63.6,1.0,14.0,1.0,14.0,0.0,0.0,1.0,14.0,,,,,,,,,,,,,,,,,,,,,,,,,,,,,,,,6,0.12,-0.30000000000000004,0,0,0
2021,C.J. Beathard,C.Beathard,00-0033936,JAX,QB,QB,68.0,2,1.52,0.76,1.52,0.0,0,0,0,0,0.0,0.0,0.0,1,2,0,2,2,33,0,0,7.0,0.060000000000000005,0.21714285714285714,0.76,0.7919595949289333,1.32,0,QB,"https://static.www.nfl.com/image/private/f_auto,q_auto/league/yw8euaevcvwswbx5w27w",REG,0,0,0,0,27,6,1,1.829054368659854,39.272160828113556,0,1.2222222222222223,1,1,1,0,0,0,0,-0.5504119084216654,0,0,0,0,0,0,0,0,0,0,,0,0,0,0,0,,0,0,0,0,0,0,0,0.0,0.0,0,0,0,0,0,0,0,0,0,0,0,0,0,0,0,0,0,0,0,0,0,0,0,0,0,0,0,0,0,0,0,0,0,,,0,0,0,0,0,0,0,0,0,0,0,0,,,,0,0,0,0,0,0,0,,0,0,0,0,,0,0,,0,0,0,0,0,0,0,0,0,0,,,,,,,,,,,,,,,,,,,,,,,,,,,,,,,,,,,,,,,,,,,,,,,,,,,,,,,,,,,,,,,,,,,,,,,,,,,,,,,,,,,,,,,,,,,,,,,,,,,,,,,,,,,,,,,,,,,,,,,,,,,,,,,,,,,,,,,,,,,,,,,,,,,,00-0033936,BeatC.00,2979520.0,C.J. Beathard,1993-11-16,74.0,215.0,Iowa,2017.0,3.0,104.0,SF,2017,9,2.0,0.0,0.0,0.0,0.0,,,,,,,,,,,,,,,,,,,,,,,,,2021.0,CJ Beathard,JAX,28.0,QB,2.0,0.0,1.0,2.0,0.0,0.0,2.0,2.0,0.0,0.0,0.0,,2023-08-21,C.J. Beathard,JAX,2.0,0.0,0.0,0.0,0.0,0.0,0.0,2021.0,2.2,1.0,1.0,0.0,1.0,50.0,0.0,2.0,100.0,0.0,0.0,0.0,0.0,0.0,0.0,0.0,0.0,,,,,,,,,,2021.0,Regular,Season Total,JAX,C.J. Beathard,,92.3,0.6,4.0,0.8,0.7,0.0,0.0,0.1,88.5,0.0,C.J.,Beathard,C.J. Beathard,https://a.espncdn.com/i/headshots/nfl/players/full/2979520.png,Jaguars,False,2,0.76,0.2,0,0,0
2021,Sam Ehlinger,S.Ehlinger,00-0036879,IND,QB,QB,69.0,3,0.9,0.3,0.9,0.0,0,0,0,0,0.0,0.0,0.0,3,9,0,0,0,0,0,0,18.0,0.08666666666666667,0.05,0.3,0.5291502622129182,0.9,0,QB,"https://static.www.nfl.com/image/upload/f_auto,q_auto/league/imtb2ia03w2ujrl9dprs",REG,0,0,0,0,0,0,0,,,0,,0,0,0,0,0,0,1,0.04191851176437922,0,0,0,0,0,0,0,0,0,0,,0,0,0,0,0,,0,0,0,0,0,0,0,0.0,0.0,0,0,0,0,0,0,0,0,0,0,0,0,0,0,0,0,0,0,0,0,0,0,0,0,0,0,0,0,0,0,0,0,0,,,0,0,0,0,0,0,0,0,0,0,0,0,,,,0,0,0,0,0,0,0,,0,0,0,0,,0,0,,0,0,0,0,0,0,0,0,0,0,,,,,,,,,,,,,,,,,,,,,,,,,,,,,,,,,,,,,,,,,,,,,,,,,,,,,,,,,,,,,,,,,,,,,,,,,,,,,,,,,,,,,,,,,,,,,,,,,,,,,,,,,,,,,,,,,,,,,,,,,,,,,,,,,,,,,,,,,,,,,,,,,,,,00-0036879,EhliSa00,4241820.0,Sam Ehlinger,1998-09-30,73.0,222.0,Texas,2021.0,6.0,218.0,IND,2021,6,3.0,0.0,0.0,0.0,0.0,,,,,,,,,,,,,,,,,,,,,,,,,2021.0,Sam Ehlinger,IND,23.0,QB,3.0,0.0,3.0,9.0,0.0,1.0,7.0,2.3,2.0,0.7,0.0,,2023-08-21,,,,,,,,,,,,,,,,,,,,,,,,,,,,,,,,,,,,,,,,,,,,,,,,,,,,,,,,,,,3,0.1,-0.1,0,0,0
2021,Ryan Fitzpatrick,R.Fitzpatrick,00-0023682,WAS,QB,QB,70.0,1,0.72,0.72,0.72,0.0,0,0,0,0,0.0,0.0,0.0,1,2,0,3,6,13,0,0,16.0,0.29,0.045,0.72,,0.72,0,QB,"https://static.www.nfl.com/image/private/f_auto,q_auto/league/pkhhxwplsawnhln9rsun",REG,1,-2,1,0,9,6,0,-4.27462314258315,-17.919545372327168,0,1.4444444444444444,0,0,0,0,0,0,0,-1.195524337576888,0,0,0,0,0,0,0,0,0,0,,0,0,0,0,0,,0,0,0,0,0,0,0,0.0,0.0,0,0,0,0,0,0,0,0,0,0,0,0,0,0,0,0,0,0,0,0,1,0,0,1,0,0,0,0,0,0,0,0,0,,,0,0,0,0,0,0,0,0,0,0,0,0,,,,0,0,0,0,0,0,0,,0,0,0,0,,0,0,,0,0,0,0,0,0,0,0,0,0,,,,,,,,,,,,,,,,,,,,,,,,,,,,,,,,,,,,,,,,,,,,,,,,,,,,,,,,,,,,,,,,,,,,,,,,,,,,,,,,,,,,,,,,,,,,,,,,,,,,,,,,,,,,,,,,,,,,,,,,,,,,,,,,,,,,,,,,,,,,,,,,,,,,00-0023682,FitzRy00,8664.0,Ryan Fitzpatrick,1982-11-24,74.0,228.0,Harvard,2005.0,7.0,250.0,LA,2005,17,1.0,0.0,0.0,0.0,0.0,,,,,,,,,,,,,,,,,,,,,,,,,2021.0,Ryan Fitzpatrick,WAS,39.0,QB,1.0,1.0,1.0,2.0,0.0,,2.0,2.0,0.0,0.0,0.0,,2023-08-21,Ryan Fitzpatrick,WAS,6.0,0.0,0.0,1.0,16.7,1.0,16.7,2021.0,1.8,0.0,1.0,2.0,4.0,50.0,0.0,5.0,83.3,0.0,0.0,0.0,0.0,0.0,0.0,2.0,2.0,,,,,,,,,,,,,,,,,,,,,,,,,,,,,,,,1,0.72,0.72,0,0,0
2021,David Blough,D.Blough,00-0035040,DET,QB,QB,71.0,1,0.6000000000000001,0.6000000000000001,0.6000000000000001,0.0,0,0,0,0,0.0,0.0,0.0,1,6,0,0,0,0,0,0,4.0,0.06,0.15000000000000002,0.6000000000000001,,0.6000000000000001,0,QB,"https://static.www.nfl.com/image/private/f_auto,q_auto/league/enumsdgbnfykd6znzeck",REG,1,-6,1,0,0,0,0,-0.9305123655358329,,0,,0,0,0,0,0,0,0,0.3444378492422402,0,0,0,0,0,0,0,0,0,0,,0,0,0,0,0,,0,0,0,0,0,0,0,0.0,0.0,0,0,0,0,0,0,0,0,0,0,0,0,0,0,0,0,0,0,0,0,1,0,0,1,0,0,0,0,0,0,0,0,0,,,0,0,0,0,0,0,0,0,0,0,0,0,,,,0,0,0,0,0,0,0,,0,0,0,0,,0,0,,0,0,0,0,0,0,0,0,0,0,,,,,,,,,,,,,,,,,,,,,,,,,,,,,,,,,,,,,,,,,,,,,,,,,,,,,,,,,,,,,,,,,,,,,,,,,,,,,,,,,,,,,,,,,,,,,,,,,,,,,,,,,,,,,,,,,,,,,,,,,,,,,,,,,,,,,,,,,,,,,,,,,,,,00-0035040,BlouDa00,3116188.0,David Blough,1995-07-31,73.0,207.0,Purdue,,,,,2019,4,1.0,0.0,0.0,0.0,0.0,,,,,,,,,,,,,,,,,,,,,,,,,2021.0,David Blough,DET,26.0,QB,1.0,0.0,1.0,6.0,0.0,,2.0,2.0,4.0,4.0,0.0,,2023-08-21,,,,,,,,,,,,,,,,,,,,,,,,,,,,,,,,,,,,,,,,,,,,,,,,,,,,,,,,,,,1,0.6000000000000001,0.6000000000000001,0,0,0
2021,Kellen Mond,K.Mond,00-0036946,MIN,QB,QB,72.0,1,0.2,0.2,0.2,0.0,0,0,0,0,0.0,0.0,0.0,0,0,0,2,3,5,0,0,3.0,0.06,0.06666666666666667,0.2,,0.2,0,QB,"https://static.www.nfl.com/image/private/f_auto,q_auto/league/gkyy94nwpf2z7eecwvbw",REG,0,0,0,0,0,9,0,-1.7575525424908847,-6.2244713306427,0,0.0,0,0,0,0,0,0,0,,0,0,0,0,0,0,0,0,0,0,,0,0,0,0,0,,0,0,0,0,0,0,0,0.0,0.0,0,0,0,0,0,0,0,0,0,0,0,0,0,0,0,0,0,0,0,0,0,0,0,0,0,0,0,0,0,0,0,0,0,,,0,0,0,0,0,0,0,0,0,0,0,0,,,,0,0,0,0,0,0,0,,0,0,0,0,,0,0,,0,0,0,0,0,0,0,0,0,0,,,,,,,,,,,,,,,,,,,,,,,,,,,,,,,,,,,,,,,,,,,,,,,,,,,,,,,,,,,,,,,,,,,,,,,,,,,,,,,,,,,,,,,,,,,,,,,,,,,,,,,,,,,,,,,,,,,,,,,,,,,,,,,,,,,,,,,,,,,,,,,,,,,,00-0036946,MondKe00,4240904.0,Kellen Mond,1999-06-22,75.0,217.0,Texas A&M,2021.0,3.0,66.0,MIN,2021,3,1.0,0.0,0.0,0.0,0.0,,,,,,,,,,,,,,,,,,,,,,,,,,,,,,,,,,,,,,,,,,,Kellen Mond,MIN,3.0,0.0,0.0,0.0,0.0,1.0,33.3,2021.0,1.8,2.0,0.0,1.0,1.0,33.3,0.0,2.0,66.7,0.0,0.0,0.0,0.0,0.0,0.0,1.0,-1.0,,,,,,,,,,,,,,,,,,,,,,,,,,,,,,,,1,0.2,0.2,0,0,0
2021,Nathan Peterman,N.Peterman,00-0033958,LV,QB,QB,72.0,1,0.2,0.2,0.2,0.0,0,0,0,0,0.0,0.0,0.0,2,2,0,0,0,0,0,0,4.0,0.06,0.05,0.2,,0.2,0,QB,"https://static.www.nfl.com/image/private/f_auto,q_auto/league/owifll49p0mmsjgf7rhn",REG,0,0,0,0,0,0,0,,,0,,0,0,0,0,0,0,1,0.7534801120636985,0,0,0,0,0,0,0,0,0,0,,0,0,0,0,0,,0,0,0,0,0,0,0,0.0,0.0,0,0,0,0,0,0,0,0,0,0,0,0,0,0,0,0,0,0,0,0,0,0,0,0,0,0,0,0,0,0,0,0,0,,,0,0,0,0,0,0,0,0,0,0,0,0,,,,0,0,0,0,0,0,0,,0,0,0,0,,0,0,,0,0,0,0,0,0,0,0,0,0,,,,,,,,,,,,,,,,,,,,,,,,,,,,,,,,,,,,,,,,,,,,,,,,,,,,,,,,,,,,,,,,,,,,,,,,,,,,,,,,,,,,,,,,,,,,,,,,,,,,,,,,,,,,,,,,,,,,,,,,,,,,,,,,,,,,,,,,,,,,,,,,,,,,00-0033958,PeteNa00,2972236.0,Nathan Peterman,1994-05-04,74.0,225.0,Pittsburgh; Tennessee,2017.0,5.0,171.0,BUF,2017,8,1.0,0.0,0.0,0.0,0.0,,,,,,,,,,,,,,,,,,,,,,,,,2021.0,Nathan Peterman,LV,27.0,QB,1.0,0.0,2.0,2.0,0.0,1.0,2.0,1.0,0.0,0.0,0.0,,2023-08-21,,,,,,,,,,,,,,,,,,,,,,,,,,,,,,,,,,,,,,,,,,,,,,,,,,,,,,,,,,,1,0.2,0.2,0,0,0
2021,Brett Rypien,B.Rypien,00-0034955,DEN,QB,QB,74.0,1,0.0,0.0,0.0,0.0,0,0,0,0,0.0,0.0,0.0,0,0,0,0,2,0,0,0,3.0,0.05,0.0,0.0,,0.0,0,QB,"https://static.www.nfl.com/image/upload/f_auto,q_auto/league/aagqym9xmd5rligbbacq",REG,0,0,0,0,11,0,0,-2.059117787517607,-54.719167947769165,0,0.0,0,0,0,0,0,0,0,,0,0,0,0,0,0,0,0,0,0,,0,0,0,0,0,,0,0,0,0,0,0,0,0.0,0.0,0,0,0,0,0,0,0,0,0,0,0,0,0,0,0,0,0,0,0,0,0,0,0,0,0,0,0,0,0,0,0,0,0,,,0,0,0,0,0,0,0,0,0,0,0,0,,,,0,0,0,0,0,0,0,,0,0,0,0,,0,0,,0,0,0,0,0,0,0,0,0,0,,,,,,,,,,,,,,,,,,,,,,,,,,,,,,,,,,,,,,,,,,,,,,,,,,,,,,,,,,,,,,,,,,,,,,,,,,,,,,,,,,,,,,,,,,,,,,,,,,,,,,,,,,,,,,,,,,,,,,,,,,,,,,,,,,,,,,,,,,,,,,,,,,,,00-0034955,RypiBr00,3722362.0,Brett Rypien,1996-07-09,74.0,210.0,Boise State,,,,,2019,7,1.0,0.0,0.0,0.0,0.0,,,,,,,,,,,,,,,,,,,,,,,,,,,,,,,,,,,,,,,,,,,Brett Rypien,DEN,2.0,1.0,0.0,0.0,0.0,1.0,100.0,2021.0,2.5,1.0,0.0,0.0,0.0,0.0,0.0,0.0,0.0,0.0,0.0,0.0,0.0,0.0,0.0,0.0,0.0,,,,,,,,,,,,,,,,,,,,,,,,,,,,,,,,1,0.0,0.0,0,0,0
2021,Kurt Benkert,K.Benkert,00-0034131,GB,QB,QB,75.0,1,-0.1,-0.1,-0.1,0.0,0,0,0,0,0.0,0.0,0.0,2,-1,0,0,0,0,0,0,2.0,0.03,-0.05,-0.1,,-0.1,0,QB,"https://static.www.nfl.com/image/private/f_auto,q_auto/league/lq7drrswvcbnkyghztab",REG,0,0,0,0,0,0,0,,,0,,0,0,0,0,0,0,0,0.0,0,0,0,0,0,0,0,0,0,0,,0,0,0,0,0,,0,0,0,0,0,0,0,0.0,0.0,0,0,0,0,0,0,0,0,0,0,0,0,0,0,0,0,0,0,0,0,0,0,0,0,0,0,0,0,0,0,0,0,0,,,0,0,0,0,0,0,0,0,0,0,0,0,,,,0,0,0,0,0,0,0,,0,0,0,0,,0,0,,0,0,0,0,0,0,0,0,0,0,,,,,,,,,,,,,,,,,,,,,,,,,,,,,,,,,,,,,,,,,,,,,,,,,,,,,,,,,,,,,,,,,,,,,,,,,,,,,,,,,,,,,,,,,,,,,,,,,,,,,,,,,,,,,,,,,,,,,,,,,,,,,,,,,,,,,,,,,,,,,,,,,,,,00-0034131,BenkKu01,3040535.0,Kurt Benkert,1995-07-17,75.0,218.0,Virginia; East Carolina,,,,,2018,2,1.0,0.0,0.0,0.0,0.0,,,,,,,,,,,,,,,,,,,,,,,,,2021.0,Kurt Benkert,GB,26.0,QB,1.0,0.0,2.0,-1.0,0.0,,-1.0,-0.5,0.0,0.0,0.0,,2023-08-21,,,,,,,,,,,,,,,,,,,,,,,,,,,,,,,,,,,,,,,,,,,,,,,,,,,,,,,,,,,1,-0.1,-0.1,0,0,0
2021,Chase Daniel,C.Daniel,00-0026544,LAC,QB,QB,76.0,1,-0.2,-0.2,-0.2,0.0,0,0,0,0,0.0,0.0,0.0,2,-2,0,0,0,0,0,0,5.0,0.07,-0.04,-0.2,,-0.2,0,QB,"https://static.www.nfl.com/image/private/f_auto,q_auto/league/jt8fvgeyuhsbpo9m9t4x",REG,0,0,0,0,0,0,0,,,0,,0,0,0,0,0,0,0,0.0,0,0,0,0,0,0,0,0,0,0,,0,0,0,0,0,,0,0,0,0,0,0,0,0.0,0.0,0,0,0,0,0,0,0,0,0,0,0,0,0,0,0,0,0,0,0,0,0,0,0,0,0,0,0,0,0,0,0,0,0,,,0,0,0,0,0,0,0,0,0,0,0,0,,,,0,0,0,0,0,0,0,,0,0,0,0,,0,0,,0,0,0,0,0,0,0,0,0,0,,,,,,,,,,,,,,,,,,,,,,,,,,,,,,,,,,,,,,,,,,,,,,,,,,,,,,,,,,,,,,,,,,,,,,,,,,,,,,,,,,,,,,,,,,,,,,,,,,,,,,,,,,,,,,,,,,,,,,,,,,,,,,,,,,,,,,,,,,,,,,,,,,,,00-0026544,DaniCh00,12471.0,Chase Daniel,1986-10-07,72.0,229.0,Missouri,,,,,2009,13,1.0,0.0,0.0,0.0,0.0,,,,,,,,,,,,,,,,,,,,,,,,,2021.0,Chase Daniel,LAC,35.0,QB,1.0,0.0,2.0,-2.0,0.0,,-2.0,-1.0,0.0,0.0,0.0,,2023-08-21,,,,,,,,,,,,,,,,,,,,,,,,,,,,,,,,,,,,,,,,,,,,,,,,,,,,,,,,,,,1,-0.2,-0.2,0,0,0
2021,Davis Webb,D.Webb,00-0033550,BUF,QB,QB,77.0,1,-0.30000000000000004,-0.30000000000000004,-0.30000000000000004,0.0,0,0,0,0,0.0,0.0,0.0,2,-3,0,0,0,0,0,0,4.0,0.07,-0.07500000000000001,-0.30000000000000004,,-0.30000000000000004,0,QB,"https://static.www.nfl.com/image/private/f_auto,q_auto/league/rxvilxbyuvwvorzzxhxf",REG,0,0,0,0,0,0,0,,,0,,0,0,0,0,0,0,0,0.0,0,0,0,0,0,0,0,0,0,0,,0,0,0,0,0,,0,0,0,0,0,0,0,0.0,0.0,0,0,0,0,0,0,0,0,0,0,0,0,0,0,0,0,0,0,0,0,0,0,0,0,0,0,0,0,0,0,0,0,0,,,0,0,0,0,0,0,0,0,0,0,0,0,,,,0,0,0,0,0,0,0,,0,0,0,0,,0,0,,0,0,0,0,0,0,0,0,0,0,,,,,,,,,,,,,,,,,,,,,,,,,,,,,,,,,,,,,,,,,,,,,,,,,,,,,,,,,,,,,,,,,,,,,,,,,,,,,,,,,,,,,,,,,,,,,,,,,,,,,,,,,,,,,,,,,,,,,,,,,,,,,,,,,,,,,,,,,,,,,,,,,,,,00-0033550,WebbDa00,3052600.0,Davis Webb,1995-01-22,77.0,225.0,California; Texas Tech,2017.0,3.0,87.0,NYG,2017,3,1.0,0.0,0.0,0.0,0.0,,,,,,,,,,,,,,,,,,,,,,,,,2021.0,Davis Webb,BUF,26.0,QB,1.0,0.0,2.0,-3.0,0.0,,-3.0,-1.5,0.0,0.0,0.0,,2023-08-21,,,,,,,,,,,,,,,,,,,,,,,,,,,,,,,,,,,,,,,,,,,,,,,,,,,,,,,,,,,1,-0.30000000000000004,-0.30000000000000004,0,0,0
2021,Logan Woodside,L.Woodside,00-0034438,TEN,QB,QB,78.0,4,-0.6000000000000001,-0.15000000000000002,-0.6000000000000001,0.0,0,0,0,0,0.0,0.0,0.0,6,-6,0,0,0,0,0,0,9.0,0.026000000000000002,-0.06666666666666668,-0.15000000000000002,0.10000000000000002,-0.1,0,QB,"https://static.www.nfl.com/image/upload/f_auto,q_auto/league/hf5rgpjctslpwjzl0er9",REG,0,0,0,0,0,0,0,,,0,,0,0,0,0,0,0,0,-4.561866944772191,0,0,0,0,0,0,0,0,0,0,,0,0,0,0,0,,0,0,0,0,0,0,0,0.0,0.0,0,0,0,0,0,0,0,0,0,0,0,0,0,0,0,0,0,0,0,0,0,0,0,0,0,0,0,0,0,0,0,0,0,,,0,0,0,0,0,0,0,0,0,0,0,0,,,,0,0,0,0,0,0,0,,0,0,0,0,,0,0,,0,0,0,0,0,0,0,0,0,0,,,,,,,,,,,,,,,,,,,,,,,,,,,,,,,,,,,,,,,,,,,,,,,,,,,,,,,,,,,,,,,,,,,,,,,,,,,,,,,,,,,,,,,,,,,,,,,,,,,,,,,,,,,,,,,,,,,,,,,,,,,,,,,,,,,,,,,,,,,,,,,,,,,,00-0034438,WoodLo00,3042749.0,Logan Woodside,1995-01-27,73.0,210.0,Toledo,2018.0,7.0,249.0,CIN,2018,5,5.0,0.0,0.0,0.0,0.0,,,,,,,,,,,,,,,,,,,,,,,,,2021.0,Logan Woodside,TEN,26.0,QB,5.0,0.0,6.0,-6.0,0.0,,-6.0,-1.0,0.0,0.0,0.0,,2023-08-21,,,,,,,,,,,,,,,,,,,,,,,,,,,,,,,,,,,,,,,,,,,,,,,,,,,,,,,,,,,4,-0.1,-0.30000000000000004,0,0,0
2021,Jacob Eason,J.Eason,00-0036226,IND,QB,QB,79.0,1,-1.0,-1.0,-1.0,0.0,0,0,0,0,0.0,0.0,0.0,0,0,0,2,5,25,0,1,5.0,0.07,-0.2,-1.0,,-1.0,0,QB,"https://static.www.nfl.com/image/private/f_auto,q_auto/league/e2qgyhtngjk0llvaswxe",REG,0,0,0,0,63,7,2,-3.102543077489827,-24.654836058616638,0,0.3968253968253968,2,0,0,0,0,0,0,,0,0,0,0,0,0,0,0,0,0,,0,0,0,0,0,,0,0,0,0,0,0,0,0.0,0.0,0,0,0,0,0,0,0,0,0,0,0,0,0,0,0,0,0,0,0,0,0,0,0,0,0,0,0,0,0,0,0,0,0,,,0,0,0,0,0,0,0,0,0,0,0,0,,,,0,0,0,0,0,0,0,,0,0,0,0,,0,0,,0,0,0,0,0,0,0,0,0,0,,,,,,,,,,,,,,,,,,,,,,,,,,,,,,,,,,,,,,,,,,,,,,,,,,,,,,,,,,,,,,,,,,,,,,,,,,,,,,,,,,,,,,,,,,,,,,,,,,,,,,,,,,,,,,,,,,,,,,,,,,,,,,,,,,,,,,,,,,,,,,,,,,,,00-0036226,EasoJa00,4035003.0,Jacob Eason,1997-11-17,78.0,231.0,Washington,2020.0,4.0,122.0,IND,2020,3,1.0,0.0,0.0,0.0,0.0,,,,,,,,,,,,,,,,,,,,,,,,,,,,,,,,,,,,,,,,,,,Jacob Eason,IND,5.0,0.0,0.0,1.0,20.0,1.0,20.0,2021.0,3.3,0.0,0.0,1.0,1.0,20.0,0.0,4.0,80.0,0.0,0.0,0.0,0.0,0.0,0.0,0.0,0.0,,,,,,,,,,,,,,,,,,,,,,,,,,,,,,,,1,-1.0,-1.0,0,0,0
2021,John Wolford,J.Wolford,00-0034899,LA,QB,QB,80.0,2,-1.9000000000000001,-0.9500000000000001,-1.9000000000000001,0.0,0,0,0,0,0.0,0.0,0.0,2,-1,0,1,4,5,0,1,24.0,0.11666666666666665,-0.07916666666666668,-0.9500000000000001,1.6263455967290592,0.2,0,QB,"https://static.www.nfl.com/image/upload/f_auto,q_auto/league/rx1z0on3krils5gvkgj4",REG,1,-8,0,0,19,7,0,-6.360478993272409,-53.385670483112335,0,0.2631578947368421,0,0,0,0,0,0,0,-1.032551954034716,0,0,0,0,0,0,0,0,0,0,,0,0,0,0,0,,0,0,0,0,0,0,0,0.0,0.0,0,0,0,0,0,0,0,0,0,0,0,0,0,0,0,0,0,0,0,0,0,0,0,0,0,0,0,0,0,0,0,0,0,,,0,0,0,0,0,0,0,0,0,0,0,0,,,,0,0,0,0,0,0,0,,0,0,0,0,,0,0,,0,0,0,0,0,0,0,0,0,0,,,,,,,,,,,,,,,,,,,,,,,,,,,,,,,,,,,,,,,,,,,,,,,,,,,,,,,,,,,,,,,,,,,,,,,,,,,,,,,,,,,,,,,,,,,,,,,,,,,,,,,,,,,,,,,,,,,,,,,,,,,,,,,,,,,,,,,,,,,,,,,,,,,,00-0034899,WolfJo00,3124092.0,John Wolford,1995-10-16,73.0,218.0,Wake Forest,,,,,2019,5,3.0,0.0,0.0,0.0,0.0,,,,,,,,,,,,,,,,,,,,,,,,,2021.0,John Wolford,LA,26.0,QB,3.0,0.0,2.0,-1.0,0.0,,-1.0,-0.5,0.0,0.0,0.0,,2023-08-21,John Wolford,LAR,4.0,0.0,0.0,0.0,0.0,1.0,25.0,2021.0,2.2,0.0,0.0,0.0,1.0,20.0,0.0,2.0,50.0,1.0,0.0,0.0,0.0,1.0,0.0,0.0,0.0,,,,,,,,,,,,,,,,,,,,,,,,,,,,,,,,2,-0.9500000000000001,-2.1,0,0,0
2021,Josh Rosen,J.Rosen,00-0034343,ATL,QB,QB,81.0,3,-3.24,-1.08,-3.24,0.0,0,0,0,0,0.0,0.0,0.0,0,0,0,2,11,19,0,2,26.0,0.1125,-0.12461538461538463,-1.08,0.9524704719832526,0.0,0,QB,"https://static.www.nfl.com/image/private/f_auto,q_auto/league/nqycxzi8tkcyauk55mj8",REG,0,0,0,0,121,11,1,-18.704876960255206,-43.222326189279556,0,0.15702479338842976,1,0,0,0,0,0,0,,0,0,0,0,0,0,0,0,0,0,,0,0,0,0,0,,0,0,0,0,0,0,0,0.0,0.0,0,0,0,0,0,0,0,0,0,0,0,0,0,0,0,0,0,0,0,0,0,0,0,0,0,0,0,0,0,0,0,0,0,,,0,0,0,0,0,0,0,0,0,0,0,0,,,,0,0,0,0,0,0,0,,0,0,0,0,,0,0,,0,0,0,0,0,0,0,0,0,0,,,,,,,,,,,,,,,,,,,,,,,,,,,,,,,,,,,,,,,,,,,,,,,,,,,,,,,,,,,,,,,,,,,,,,,,,,,,,,,,,,,,,,,,,,,,,,,,,,,,,,,,,,,,,,,,,,,,,,,,,,,,,,,,,,,,,,,,,,,,,,,,,,,,00-0034343,RoseJo01,3886377.0,Josh Rosen,1997-02-10,76.0,215.0,UCLA,2018.0,1.0,10.0,ARI,2018,4,4.0,0.0,0.0,0.0,0.0,,,,,,,,,,,,,,,,,,,,,,,,,,,,,,,,,,,,,,,,,,,Josh Rosen,ATL,11.0,1.0,0.0,2.0,20.0,4.0,40.0,2021.0,2.7,3.0,3.0,0.0,3.0,27.3,0.0,3.0,30.0,0.0,0.0,0.0,0.0,0.0,0.0,2.0,14.0,,,,,,,,,,,,,,,,,,,,,,,,,,,,,,,,3,-1.44,-1.8,0,0,0
2021,Jonathan Taylor,J.Taylor,00-0036223,IND,RB,RB,1.0,17,373.1,21.947058823529414,333.1,40.0,40,51,360,2,0.10159362549800798,-0.01125,0.14451543824701196,332,1811,18,0,0,0,0,0,767.0,0.6947058823529412,0.48644067796610174,21.947058823529414,11.170951036452696,53.400000000000006,9,RB,"https://static.www.nfl.com/image/upload/f_auto,q_auto/league/yw46ky6akdm7h7siofu8",REG,0,0,0,0,0,0,0,,,0,,0,0,0,0,3,2,107,34.46919412355375,0,50,35,14,5,1,0,-45,406,12,4.233228284367606,0,11,5,5,1,-8.0,0,0,0,0,0,0,0,0.0,0.0,0,0,0,0,0,0,0,0,0,0,0,0,0,3,0,0,0,0,1,5,4,0,0,4,2,0,0,0,0,0,0,0,0,,,0,0,0,0,0,0,0,0,0,0,0,0,,,,0,0,0,0,0,0,0,,0,0,0,0,,0,0,,0,0,0,0,0,0,0,0,0,0,,,,,,,,,,,,,,,,,,,,,,,,,,,,,,,,,,,,,,,,,,,,,,,,,,,,,,,,,,,,,,,,,,,,,,,,,,,,,,,,,,,,,,,,,,,,,,,,,,,,,,,,,,,,,,,,,,,,,,,,,,,,,,,,,,,,,,,,,,,,,,,,,,,,00-0036223,TaylJo02,4242335.0,Jonathan Taylor,1999-01-19,70.0,226.0,Wisconsin,2020.0,2.0,41.0,IND,2020,7,17.0,0.0,0.0,0.0,0.0,2021.0,Jonathan Taylor,IND,22.0,RB,17.0,17.0,51.0,40.0,360.0,2.0,12.0,-46.0,-1.2,406.0,10.2,-0.9,2.0,20.0,5.0,0.098,0.0,109.2,2023-08-21,2021.0,Jonathan Taylor,IND,22.0,RB,17.0,17.0,332.0,1811.0,18.0,107.0,870.0,2.6,941.0,2.8,25.0,13.3,2023-08-21,,,,,,,,,,,,,,,,,,,,,,,,,,,,,,,,,,,,,,,,,,,,,,,,,,,,,,,,,,,17,20.4,6.300000000000001,15,13,4
2021,Austin Ekeler,A.Ekeler,00-0033699,LAC,RB,RB,2.0,16,343.8,21.4875,273.8,70.0,70,94,647,8,0.1426403641881639,0.03364817001180637,0.23751426529051028,206,911,12,0,0,0,0,0,731.0,0.645625,0.47031463748290014,21.4875,8.582219992519416,41.5,9,RB,"https://static.www.nfl.com/image/upload/f_auto,q_auto/league/sldndpn2zwt4uhkj2zks",REG,0,0,0,0,0,0,0,,,0,,0,0,0,0,0,0,53,-0.8955907277993392,1,22,16,3,0,4,3,171,627,31,-0.6638062682961876,1,30,10,3,1,3.783625730994152,0,0,0,0,0,0,0,0.0,0.0,0,0,0,0,0,0,0,0,0,0,0,0,0,0,0,0,0,0,0,0,4,0,1,4,3,0,0,0,0,0,0,0,0,,,0,0,0,0,0,0,0,0,0,0,0,0,,,,0,0,0,0,0,0,0,,0,0,0,0,,0,0,,0,0,0,0,0,0,0,0,0,0,,,,,,,,,,,,,,,,,,,,,,,,,,,,,,,,,,,,,,,,,,,,,,,,,,,,,,,,,,,,,,,,,,,,,,,,,,,,,,,,,,,,,,,,,,,,,,,,,,,,,,,,,,,,,,,,,,,,,,,,,,,,,,,,,,,,,,,,,,,,,,,,,,,,00-0033699,EkelAu00,3068267.0,Austin Ekeler,1995-05-17,70.0,200.0,Western State,,,,,2017,9,16.0,0.0,0.0,0.0,0.0,2021.0,Austin Ekeler,LAC,26.0,RB,16.0,16.0,94.0,70.0,647.0,8.0,31.0,19.0,0.3,628.0,9.0,1.8,6.0,11.7,7.0,0.07400000000000001,2.0,112.3,2023-08-21,2021.0,Austin Ekeler,LAC,26.0,RB,16.0,16.0,206.0,911.0,12.0,53.0,477.0,2.3,434.0,2.1,13.0,15.8,2023-08-21,,,,,,,,,,,,,,,,,,,,,,,,,,,,,,,,,,,,,,,,,,,,,,,,,,,,,,,,,,,16,21.05,9.5,15,12,4
2021,Najee Harris,N.Harris,00-0036893,PIT,RB,RB,3.0,17,300.70000000000005,17.68823529411765,226.70000000000002,74.00000000000003,74,94,467,3,0.1439509954058193,-0.002928587519711647,0.2138764818449308,307,1200,7,0,0,0,0,0,980.0,0.8382352941176471,0.3068367346938776,17.688235294117646,7.551480182134923,29.6,7,RB,"https://static.www.nfl.com/image/upload/f_auto,q_auto/league/grfxgbvqnzz40r7rdtvk",REG,0,0,0,0,0,0,0,,,0,,0,0,0,0,0,0,62,-19.3829167587877,0,28,18,6,0,0,0,-13,499,22,-4.772277814893046,0,13,5,3,0,-35.92307692307692,0,3,0,0,0,0,0,0.0,0.0,0,0,0,0,0,0,0,0,0,0,0,0,0,1,-2,0,0,0,0,0,0,0,0,0,0,0,0,0,0,0,0,0,0,,,0,0,0,0,0,0,0,0,0,0,0,0,,,,0,0,0,0,0,0,0,,0,0,0,0,,0,0,,0,0,0,0,0,0,0,0,0,0,N.Harris,Najee Harris,RB,RB,"https://static.www.nfl.com/image/upload/f_auto,q_auto/league/grfxgbvqnzz40r7rdtvk",2021.0,POST,PIT,1.0,0.0,0.0,0.0,0.0,0.0,0.0,0.0,0.0,0.0,0.0,0.0,0.0,,,0.0,,0.0,0.0,0.0,0.0,12.0,29.0,0.0,0.0,0.0,0.0,-3.0442730884533376,0.0,0.0,0.0,0.0,0.0,2.0,2.0,-1.0,0.0,1.0,1.0,-10.0,9.0,0.0,-5.8916071832645684,0.0,0.0,0.0,0.0,0.0,0.1,0.045454545454545456,-0.03125,0.04630681818181818,0.0,0.0,0.0,0.0,0.0,0.0,0.0,0.0,0.0,0.0,0.0,0.0,0.0,0.0,0.0,0.0,0.0,0.0,0.0,0.0,0.0,0.0,0.0,0.0,0.0,0.0,0.0,0.0,0.0,1.0,0.0,0.0,1.0,1.0,0.0,0.0,0.0,0.0,0.0,0.0,0.0,0.0,,,0.0,0.0,0.0,0.0,0.0,0.0,0.0,0.0,0.0,0.0,0.0,0.0,,,,0.0,0.0,0.0,0.0,0.0,0.0,0.0,,0.0,0.0,0.0,0.0,,0.0,0.0,,0.0,0.0,0.0,0.0,0.0,0.0,0.0,0.0,0.0,0.0,0.8000000000000003,2.8000000000000003,00-0036893,HarrNa00,4241457.0,Najee Harris,1998-03-09,73.0,232.0,Alabama,2021.0,1.0,24.0,PIT,2021,6,17.0,0.0,0.0,0.0,0.0,2021.0,Najee Harris,PIT,23.0,RB,17.0,17.0,94.0,74.0,467.0,3.0,22.0,-32.0,-0.4,499.0,6.7,-0.1,17.0,4.4,7.0,0.07400000000000001,0.0,98.0,2023-08-21,2021.0,Najee Harris,PIT,23.0,RB,17.0,17.0,307.0,1200.0,7.0,62.0,525.0,1.7,675.0,2.2,30.0,10.2,2023-08-21,,,,,,,,,,,,,,,,,,,,,,,,,,,,,,,,,,,,,,,,,,,,,,,,,,,,,,,,,,,17,17.3,4.6,13,13,3
2021,Joe Mixon,J.Mixon,00-0033897,CIN,RB,RB,4.0,16,287.9,17.99375,245.9,41.99999999999997,42,48,314,3,0.08888888888888889,-0.0018194223334091425,0.13205973769994694,292,1205,13,0,0,0,0,0,697.0,0.66875,0.4130559540889526,17.99375,9.120706752585933,32.3,7,RB,"https://static.www.nfl.com/image/upload/f_auto,q_auto/league/gwyhozfhjgedwdmmjjcf",REG,0,0,0,0,0,0,0,,,0,,0,0,0,0,1,1,60,-25.4333107376832,0,26,16,6,0,1,0,-8,318,11,8.68478629522724,0,8,3,3,3,-39.25,0,0,0,1,0,0,0,0.0,0.0,0,0,0,0,0,0,0,0,0,0,0,0,0,2,0,0,0,0,0,0,2,0,0,2,1,0,0,0,0,0,0,0,0,,,0,0,0,0,0,0,0,0,0,0,0,0,,,,0,0,0,0,0,0,0,,0,0,0,0,,0,0,,0,0,0,0,0,0,0,0,0,0,J.Mixon,Joe Mixon,RB,RB,"https://static.www.nfl.com/image/upload/f_auto,q_auto/league/gwyhozfhjgedwdmmjjcf",2021.0,POST,CIN,4.0,1.0,1.0,6.0,1.0,0.0,0.0,0.0,0.0,0.0,6.0,0.0,1.0,1.8504547015181743,54.363664984703064,0.0,1.0,0.0,0.0,0.0,0.0,67.0,262.0,1.0,0.0,0.0,12.0,-8.894203259277308,0.0,10.0,8.0,1.0,0.0,18.0,21.0,107.0,0.0,0.0,0.0,-16.0,128.0,4.0,-1.328360812709434,0.0,4.0,3.0,2.0,0.0,-6.6875,0.15441176470588236,-0.01807909604519774,0.21896227982718514,0.0,0.0,0.0,0.0,0.0,0.0,0.0,0.0,0.0,0.0,0.0,0.0,0.0,0.0,0.0,0.0,0.0,0.0,0.0,0.0,0.0,0.0,0.0,0.0,0.0,0.0,0.0,1.0,5.0,0.0,0.0,0.0,0.0,0.0,0.0,0.0,0.0,0.0,0.0,0.0,0.0,0.0,,,0.0,0.0,0.0,0.0,0.0,0.0,0.0,0.0,0.0,0.0,0.0,0.0,,,,0.0,0.0,0.0,0.0,0.0,0.0,0.0,,0.0,0.0,0.0,0.0,,0.0,0.0,,0.0,0.0,0.0,0.0,0.0,0.0,0.0,0.0,0.0,0.0,47.14,65.14,00-0033897,MixoJo00,3116385.0,Joe Mixon,1996-07-24,73.0,220.0,Oklahoma,2017.0,2.0,48.0,CIN,2017,9,16.0,0.0,0.0,0.0,0.0,2021.0,Joe Mixon,CIN,25.0,RB,16.0,16.0,48.0,42.0,314.0,3.0,11.0,-4.0,-0.1,318.0,7.6,-0.2,3.0,14.0,2.0,0.042,0.0,114.8,2023-08-21,2021.0,Joe Mixon,CIN,25.0,RB,16.0,16.0,292.0,1205.0,13.0,60.0,662.0,2.3,543.0,1.9,20.0,14.6,2023-08-21,,,,,,,,,,,,,,,,,,,,,,,,,,,,,,,,,,,,,,,,,,,,,,,,,,,,,,,,,,,16,14.649999999999999,7.0,12,8,6
2021,James Conner,J.Conner,00-0033553,ARI,RB,RB,5.0,15,257.7,17.18,220.7,37.0,37,39,375,3,0.06842105263157895,0.0024858757062146894,0.10437169194171872,202,752,15,0,0,0,0,0,598.0,0.58,0.43093645484949833,17.18,10.398227870995273,40.3,5,RB,"https://static.www.nfl.com/image/upload/f_auto,q_auto/league/ka8wlhtteg8hsowsdofk",REG,0,0,0,0,0,0,0,,,0,,0,0,0,0,2,0,53,-3.651871643472211,0,15,10,3,0,0,0,11,382,18,25.128244514518883,0,16,9,5,1,34.09090909090909,0,1,0,0,0,0,0,0.0,0.0,0,0,0,0,0,0,0,0,0,0,0,0,0,1,0,0,0,0,0,0,2,0,1,2,0,0,0,0,0,0,0,0,0,,,0,0,0,0,0,0,0,0,0,0,0,0,,,,0,0,0,0,0,0,0,,0,0,0,0,,0,0,,0,0,0,0,0,0,0,0,0,0,J.Conner,James Conner,RB,RB,"https://static.www.nfl.com/image/upload/f_auto,q_auto/league/ka8wlhtteg8hsowsdofk",2021.0,POST,ARI,1.0,0.0,0.0,0.0,0.0,0.0,0.0,0.0,0.0,0.0,0.0,0.0,0.0,,,0.0,,0.0,0.0,0.0,0.0,4.0,19.0,1.0,0.0,0.0,3.0,2.549305730382912,0.0,1.0,0.0,0.0,0.0,1.0,2.0,5.0,0.0,0.0,0.0,2.0,6.0,0.0,-4.055307992210146,0.0,0.0,0.0,0.0,0.0,2.5,0.058823529411764705,0.007168458781362007,0.09325321526460045,0.0,0.0,0.0,0.0,0.0,0.0,0.0,0.0,0.0,0.0,0.0,0.0,0.0,0.0,0.0,0.0,0.0,0.0,0.0,0.0,0.0,0.0,0.0,0.0,0.0,0.0,0.0,0.0,0.0,0.0,0.0,0.0,0.0,0.0,0.0,0.0,0.0,0.0,0.0,0.0,0.0,0.0,,,0.0,0.0,0.0,0.0,0.0,0.0,0.0,0.0,0.0,0.0,0.0,0.0,,,,0.0,0.0,0.0,0.0,0.0,0.0,0.0,,0.0,0.0,0.0,0.0,,0.0,0.0,,0.0,0.0,0.0,0.0,0.0,0.0,0.0,0.0,0.0,0.0,8.4,9.4,00-0033553,ConnJa00,3045147.0,James Conner,1995-05-05,73.0,233.0,Pittsburgh,2017.0,3.0,105.0,PIT,2017,10,15.0,0.0,6.0,0.0,0.018000000000000002,2021.0,James Conner,ARI,26.0,RB,15.0,6.0,39.0,37.0,375.0,3.0,18.0,2.0,0.1,373.0,10.1,0.3,6.0,6.2,0.0,0.0,0.0,132.4,2023-08-21,2021.0,James Conner,ARI,26.0,RB,15.0,6.0,202.0,752.0,15.0,53.0,331.0,1.6,421.0,2.1,19.0,10.6,2023-08-21,,,,,,,,,,,,,,,,,,,,,,,,,,,,,,,,,,,,,2021.0,Regular,Season Total,ARI,J. Conner,,66.2,0.1,3.0,0.3,0.0,0.3,0.0,0.0,59.7,0.0,James,Conner,James Conner,https://a.espncdn.com/i/headshots/nfl/players/full/3045147.png,Cardinals,False,15,15.4,2.6,11,8,3
2021,Leonard Fournette,L.Fournette,00-0033856,TB,RB,RB,6.0,14,255.60000000000002,18.25714285714286,186.60000000000002,69.0,69,84,454,2,0.11731843575418995,0.009670851713607058,0.18274724983080987,180,812,8,0,1,0,0,0,623.0,0.6342857142857143,0.41027287319422157,18.25714285714286,9.915699617329022,44.1,5,RB,"https://static.www.nfl.com/image/private/f_auto,q_auto/league/atxppoc7zqcjnbnk0awz",REG,0,0,0,0,0,0,0,-0.6633014641702175,-64.32642936706543,0,,0,0,0,0,0,0,45,8.428610962301828,0,15,12,5,1,1,0,57,449,30,-0.44357361815067353,0,18,5,1,0,7.964912280701754,0,0,0,1,0,0,0,0.0,0.0,0,0,0,0,0,0,0,0,0,0,0,0,0,0,0,0,0,0,0,0,1,0,1,1,0,0,0,0,0,0,0,0,0,,,0,0,0,0,0,0,0,0,0,0,0,0,,,,0,0,0,0,0,0,0,,0,0,0,0,,0,0,,0,0,0,0,0,0,0,0,0,0,L.Fournette,Leonard Fournette,RB,RB,"https://static.www.nfl.com/image/private/f_auto,q_auto/league/atxppoc7zqcjnbnk0awz",2021.0,POST,TB,1.0,0.0,0.0,0.0,0.0,0.0,0.0,0.0,0.0,0.0,0.0,0.0,0.0,,,0.0,,0.0,0.0,0.0,0.0,13.0,51.0,2.0,0.0,0.0,5.0,3.386352167610312,0.0,2.0,0.0,0.0,0.0,9.0,9.0,56.0,0.0,0.0,0.0,-8.0,64.0,2.0,1.0591854256927036,0.0,2.0,1.0,0.0,0.0,-7.0,0.10112359550561797,-0.013422818791946308,0.14228942010406453,0.0,0.0,0.0,0.0,0.0,0.0,0.0,0.0,0.0,0.0,0.0,0.0,0.0,0.0,0.0,0.0,0.0,0.0,0.0,0.0,0.0,0.0,0.0,0.0,0.0,0.0,0.0,0.0,0.0,0.0,0.0,0.0,0.0,0.0,0.0,0.0,0.0,0.0,0.0,0.0,0.0,0.0,,,0.0,0.0,0.0,0.0,0.0,0.0,0.0,0.0,0.0,0.0,0.0,0.0,,,,0.0,0.0,0.0,0.0,0.0,0.0,0.0,,0.0,0.0,0.0,0.0,,0.0,0.0,,0.0,0.0,0.0,0.0,0.0,0.0,0.0,0.0,0.0,0.0,22.700000000000003,31.700000000000003,00-0033856,FourLe00,3115364.0,Leonard Fournette,1995-01-18,72.0,228.0,LSU,2017.0,1.0,4.0,JAX,2017,7,14.0,0.0,0.0,0.0,0.0,2021.0,Leonard Fournette,TB,26.0,RB,14.0,13.0,84.0,69.0,454.0,2.0,30.0,5.0,0.1,449.0,6.5,0.8,6.0,11.5,6.0,0.071,2.0,87.2,2023-08-21,2021.0,Leonard Fournette,TB,26.0,RB,14.0,13.0,180.0,812.0,8.0,45.0,396.0,2.2,416.0,2.3,11.0,16.4,2023-08-21,Leonard Fournette,TB,1.0,0.0,0.0,0.0,0.0,0.0,0.0,2021.0,2.8,0.0,0.0,0.0,0.0,0.0,1.0,0.0,0.0,10.0,86.0,0.0,0.0,10.0,86.0,0.0,0.0,,,,,,,,,,,,,,,,,,,,,,,,,,,,,,,,14,16.95,6.4,12,8,2
2021,Ezekiel Elliott,E.Elliott,00-0033045,DAL,RB,RB,7.0,17,252.06,14.827058823529413,205.06,47.0,47,65,287,2,0.10204081632653061,0.004300234558248631,0.15607138868056997,237,1002,10,1,1,4,0,0,809.0,0.6576470588235294,0.3115698393077874,14.827058823529413,6.565721366218911,26.6,4,RB,"https://static.www.nfl.com/image/upload/f_auto,q_auto/league/d4yr6htg4dbs0bgcfqnd",REG,0,0,0,0,-4,8,0,-0.7931139783468097,17.161792516708374,0,0.0,0,0,0,0,1,1,55,-16.109372480869364,3,24,13,3,1,0,0,22,303,16,-1.1233350649712561,0,11,3,1,0,13.045454545454545,0,1,0,0,0,0,0,0.0,0.0,0,0,0,0,0,0,0,0,0,0,0,0,0,2,0,0,0,0,0,0,1,0,0,1,1,0,0,0,0,0,0,0,0,,,0,0,0,0,0,0,0,0,0,0,0,0,,,,0,0,0,0,0,0,0,,0,0,0,0,,0,0,,0,0,0,0,0,0,0,0,0,0,E.Elliott,Ezekiel Elliott,RB,RB,"https://static.www.nfl.com/image/upload/f_auto,q_auto/league/d4yr6htg4dbs0bgcfqnd",2021.0,POST,DAL,1.0,0.0,0.0,0.0,0.0,0.0,0.0,0.0,0.0,0.0,0.0,0.0,0.0,,,0.0,,0.0,0.0,0.0,0.0,12.0,31.0,0.0,0.0,0.0,4.0,-2.343035799334757,0.0,0.0,0.0,0.0,0.0,1.0,4.0,0.0,0.0,0.0,0.0,-8.0,15.0,0.0,-3.534246953786351,0.0,0.0,0.0,0.0,0.0,-0.0,0.09523809523809523,-0.021052631578947368,0.1281203007518797,0.0,0.0,0.0,0.0,0.0,0.0,0.0,0.0,0.0,0.0,0.0,0.0,0.0,0.0,0.0,0.0,0.0,0.0,0.0,0.0,0.0,0.0,0.0,0.0,0.0,0.0,0.0,0.0,0.0,0.0,0.0,0.0,0.0,0.0,0.0,0.0,0.0,0.0,0.0,0.0,0.0,0.0,,,0.0,0.0,0.0,0.0,0.0,0.0,0.0,0.0,0.0,0.0,0.0,0.0,,,,0.0,0.0,0.0,0.0,0.0,0.0,0.0,,0.0,0.0,0.0,0.0,,0.0,0.0,,0.0,0.0,0.0,0.0,0.0,0.0,0.0,0.0,0.0,0.0,3.1,4.1,00-0033045,ElliEz00,3051392.0,Ezekiel Elliott,1995-07-22,72.0,226.0,Ohio State,2016.0,1.0,4.0,DAL,2016,9,17.0,0.0,0.0,0.0,0.0,2021.0,Ezekiel Elliott,DAL,26.0,RB,17.0,17.0,65.0,47.0,287.0,2.0,17.0,9.0,0.2,278.0,5.9,0.5,3.0,15.7,3.0,0.046,1.0,84.6,2023-08-21,2021.0,Ezekiel Elliott,DAL,26.0,RB,17.0,17.0,237.0,1002.0,10.0,55.0,593.0,2.5,409.0,1.7,9.0,26.3,2023-08-21,Ezekiel Elliott,DAL,1.0,0.0,0.0,0.0,0.0,0.0,0.0,2021.0,0.4,0.0,0.0,0.0,0.0,0.0,0.0,1.0,100.0,35.0,188.0,0.0,0.0,35.0,188.0,0.0,0.0,,,,,,,,,,,,,,,,,,,,,,,,,,,,,,,,17,16.2,4.0,13,9,2
2021,Alvin Kamara,A.Kamara,00-0033906,NO,RB,RB,8.0,13,234.70000000000002,18.053846153846155,187.70000000000002,47.0,47,67,439,5,0.14135021097046413,0.020560747663551402,0.22641783982018218,240,898,4,0,0,0,0,0,627.0,0.7569230769230769,0.37432216905901117,18.053846153846155,8.517101950841358,33.900000000000006,6,RB,"https://static.www.nfl.com/image/upload/f_auto,q_auto/league/yxebpuskandivlh2iil4",REG,0,0,0,0,0,0,0,,,0,,0,0,0,0,0,0,42,-40.469831300461095,0,21,12,3,0,0,0,77,437,20,10.802413816069686,0,18,6,4,0,5.701298701298701,0,1,0,0,0,0,0,0.0,0.0,0,0,0,0,0,0,0,0,0,0,0,0,0,1,0,0,0,0,1,15,0,0,0,0,0,3,29,0,0,0,0,0,0,,,0,0,0,0,0,0,0,0,0,0,0,0,,,,0,0,0,0,0,0,0,,0,0,0,0,,0,0,,0,0,0,0,0,0,0,0,0,0,,,,,,,,,,,,,,,,,,,,,,,,,,,,,,,,,,,,,,,,,,,,,,,,,,,,,,,,,,,,,,,,,,,,,,,,,,,,,,,,,,,,,,,,,,,,,,,,,,,,,,,,,,,,,,,,,,,,,,,,,,,,,,,,,,,,,,,,,,,,,,,,,,,,00-0033906,KamaAl00,3054850.0,Alvin Kamara,1995-07-25,70.0,215.0,Tennessee; Hutchinson CC; Alabama,2017.0,3.0,67.0,NO,2017,10,13.0,0.0,4.0,0.0,0.01,2021.0,Alvin Kamara,NO,26.0,RB,13.0,10.0,67.0,47.0,439.0,5.0,20.0,7.0,0.1,432.0,9.2,1.2,3.0,15.7,9.0,0.134,0.0,112.7,2023-08-21,2021.0,Alvin Kamara,NO,26.0,RB,13.0,10.0,240.0,898.0,4.0,42.0,549.0,2.3,349.0,1.5,22.0,10.9,2023-08-21,,,,,,,,,,,,,,,,,,,,,,,,,,,,,,,,,,,,,,,,,,,,,,,,,,,,,,,,,,,13,18.2,5.1,10,9,2
2021,Cordarrelle Patterson,C.Patterson,00-0030578,ATL,RB,RB,9.0,16,234.60000000000002,14.662500000000001,182.60000000000002,52.0,52,69,548,5,0.12454873646209386,0.051653391262370264,0.22298047857679998,153,618,6,0,1,0,0,0,473.0,0.47625,0.49598308668076113,14.662500000000001,8.928372378733615,34.6,3,RB,"https://static.www.nfl.com/image/upload/f_auto,q_auto/league/jktdrwmujfuqp94csnav",REG,0,0,0,0,18,0,0,-0.5996399439172819,,0,0.0,0,0,0,0,1,0,29,-15.485663559607929,0,20,11,2,0,0,0,214,385,26,19.0910259758063,0,22,10,8,2,2.560747663551402,0,0,0,1,0,0,0,0.0,0.0,0,0,0,0,0,0,0,0,0,0,0,0,0,3,-9,0,0,0,0,0,1,1,0,2,0,0,0,18,434,0,0,0,0,,,0,0,0,0,0,0,0,0,0,0,0,0,,,,0,0,0,0,0,0,0,,0,0,0,0,,0,0,,0,0,0,0,0,0,0,0,0,0,,,,,,,,,,,,,,,,,,,,,,,,,,,,,,,,,,,,,,,,,,,,,,,,,,,,,,,,,,,,,,,,,,,,,,,,,,,,,,,,,,,,,,,,,,,,,,,,,,,,,,,,,,,,,,,,,,,,,,,,,,,,,,,,,,,,,,,,,,,,,,,,,,,,00-0030578,PattCo00,15807.0,Cordarrelle Patterson,1991-03-17,74.0,220.0,Tennessee; Hutchinson CC,2013.0,1.0,29.0,MIN,2013,12,16.0,2.0,75.0,0.00125,0.18375,2021.0,Cordarrelle Patterson,ATL,30.0,RB,16.0,13.0,69.0,52.0,548.0,5.0,26.0,163.0,3.1,385.0,7.4,2.9,7.0,7.4,1.0,0.013999999999999999,1.0,116.1,2023-08-21,2021.0,Cordarrelle Patterson,ATL,30.0,RB,16.0,13.0,153.0,618.0,6.0,29.0,325.0,2.1,293.0,1.9,7.0,21.9,2023-08-21,Cordarrelle Patterson,ATL,1.0,1.0,0.0,0.0,0.0,0.0,0.0,2021.0,2.3,0.0,0.0,1.0,1.0,100.0,0.0,0.0,0.0,8.0,30.0,0.0,0.0,8.0,30.0,0.0,0.0,,,,,,,,,,,,,,,,,,,,,,,,,,,,,,,,16,14.0,2.2,10,7,2
2021,Antonio Gibson,A.Gibson,00-0036328,WAS,RB,RB,10.0,16,229.1,14.31875,187.1,42.0,42,52,294,3,0.09737827715355805,-0.002184466019417476,0.14453828951674486,258,1037,7,0,0,0,0,0,604.0,0.5675,0.3793046357615894,14.318750000000001,6.832297685747209,23.6,5,RB,"https://static.www.nfl.com/image/upload/f_auto,q_auto/league/j7ixpkm7u4tdoqwzmbt4",REG,0,0,0,0,0,0,0,,,0,,0,0,0,0,5,3,65,-24.129261975299574,1,24,16,4,0,1,1,-9,333,12,1.299203568065539,0,8,3,2,1,-32.666666666666664,0,1,0,0,0,0,0,0.0,0.0,0,0,0,0,0,0,0,0,0,0,0,0,0,0,0,0,0,0,1,5,6,0,1,6,4,0,0,0,0,0,0,0,0,,,0,0,0,0,0,0,0,0,0,0,0,0,,,,0,0,0,0,0,0,0,,0,0,0,0,,0,0,,0,0,0,0,0,0,0,0,0,0,,,,,,,,,,,,,,,,,,,,,,,,,,,,,,,,,,,,,,,,,,,,,,,,,,,,,,,,,,,,,,,,,,,,,,,,,,,,,,,,,,,,,,,,,,,,,,,,,,,,,,,,,,,,,,,,,,,,,,,,,,,,,,,,,,,,,,,,,,,,,,,,,,,,00-0036328,GibsAn00,4360294.0,Antonio Gibson,1998-06-23,72.0,228.0,Memphis; East Central JC,2020.0,3.0,66.0,WAS,2020,6,16.0,0.0,0.0,0.0,0.0,2021.0,Antonio Gibson,WAS,23.0,RB,16.0,14.0,52.0,42.0,294.0,3.0,12.0,-39.0,-0.9,333.0,7.9,-0.2,4.0,10.5,6.0,0.115,0.0,109.5,2023-08-21,2021.0,Antonio Gibson,WAS,23.0,RB,16.0,14.0,258.0,1037.0,7.0,65.0,534.0,2.1,503.0,1.9,19.0,13.6,2023-08-21,,,,,,,,,,,,,,,,,,,,,,,,,,,,,,,,,,,,,,,,,,,,,,,,,,,,,,,,,,,16,14.65,4.1000000000000005,10,8,0
2021,Aaron Jones,A.Jones,00-0033293,GB,RB,RB,11.0,15,229.0,15.266666666666667,177.0,52.0,52,65,391,6,0.11403508771929824,0.012232415902140673,0.1796153227104458,171,799,4,0,0,0,0,0,578.0,0.5893333333333334,0.3961937716262976,15.266666666666667,9.640144239189627,41.5,4,RB,"https://static.www.nfl.com/image/upload/f_auto,q_auto/league/bktkfvgfwujkdbzkcfim",REG,0,0,0,0,0,0,0,,,0,,0,0,0,0,1,1,37,1.5054791104249756,0,16,11,5,1,1,0,56,412,22,9.132481807726744,0,17,6,4,0,6.982142857142857,0,0,0,0,0,0,0,0.0,0.0,0,0,0,0,0,0,0,0,0,0,0,0,0,0,0,0,0,0,0,0,2,0,1,2,1,0,0,2,19,0,0,0,0,,,0,0,0,0,0,0,0,0,0,0,0,0,,,,0,0,0,0,0,0,0,,0,0,0,0,,0,0,,0,0,0,0,0,0,0,0,0,0,A.Jones,Aaron Jones,RB,RB,"https://static.www.nfl.com/image/upload/f_auto,q_auto/league/bktkfvgfwujkdbzkcfim",2021.0,POST,GB,1.0,0.0,0.0,0.0,0.0,0.0,0.0,0.0,0.0,0.0,0.0,0.0,0.0,,,0.0,,0.0,0.0,0.0,0.0,12.0,41.0,0.0,0.0,0.0,3.0,-0.31785832036985084,0.0,1.0,1.0,0.0,0.0,9.0,10.0,129.0,0.0,0.0,0.0,21.0,106.0,2.0,3.6393196792923845,0.0,2.0,2.0,1.0,1.0,6.142857142857143,0.37037037037037035,0.09545454545454546,0.6223737373737374,0.0,0.0,0.0,0.0,0.0,0.0,0.0,0.0,0.0,0.0,0.0,0.0,0.0,0.0,0.0,0.0,0.0,0.0,0.0,0.0,0.0,0.0,0.0,0.0,0.0,0.0,0.0,0.0,0.0,0.0,0.0,0.0,0.0,0.0,0.0,0.0,0.0,0.0,0.0,0.0,0.0,0.0,,,0.0,0.0,0.0,0.0,0.0,0.0,0.0,0.0,0.0,0.0,0.0,0.0,,,,0.0,0.0,0.0,0.0,0.0,0.0,0.0,,0.0,0.0,0.0,0.0,,0.0,0.0,,0.0,0.0,0.0,0.0,0.0,0.0,0.0,0.0,0.0,0.0,17.0,26.0,00-0033293,JoneAa00,3042519.0,Aaron Jones,1994-12-02,69.0,208.0,Texas-El Paso,2017.0,5.0,182.0,GB,2017,10,15.0,0.0,4.0,0.0,0.011333333333333334,2021.0,Aaron Jones,GB,27.0,RB,15.0,15.0,65.0,52.0,391.0,6.0,22.0,-21.0,-0.4,412.0,7.9,0.9,4.0,13.0,3.0,0.046,0.0,122.5,2023-08-21,2021.0,Aaron Jones,GB,27.0,RB,15.0,15.0,171.0,799.0,4.0,37.0,409.0,2.4,390.0,2.3,12.0,14.3,2023-08-21,,,,,,,,,,,,,,,,,,,,,,,,,,,,,,,,,,,,,,,,,,,,,,,,,,,,,,,,,,,15,14.9,2.3000000000000003,11,7,1
2021,Josh Jacobs,J.Jacobs,00-0035700,LV,RB,RB,12.0,15,226.0,15.066666666666666,172.0,54.0,54,64,348,0,0.10613598673300166,-0.005278592375366569,0.1555089654367459,217,872,9,0,0,0,0,0,625.0,0.6326666666666667,0.3616,15.066666666666666,4.563311245555088,24.0,2,RB,"https://static.www.nfl.com/image/upload/f_auto,q_auto/league/uceokxeo0uqrqms3e3vl",REG,0,0,0,0,0,0,0,,,0,,0,0,0,0,2,2,45,-32.179233697576834,0,21,13,2,0,0,0,-27,395,14,-5.931718474118636,0,12,5,2,0,-12.88888888888889,0,1,0,0,0,0,0,0.0,0.0,0,0,0,0,0,0,0,0,0,0,0,0,0,0,0,0,0,0,1,15,1,1,0,2,2,0,0,0,0,0,0,0,0,,,0,0,0,0,0,0,0,0,0,0,0,0,,,,0,0,0,0,0,0,0,,0,0,0,0,,0,0,,0,0,0,0,0,0,0,0,0,0,J.Jacobs,Josh Jacobs,RB,RB,"https://static.www.nfl.com/image/upload/f_auto,q_auto/league/uceokxeo0uqrqms3e3vl",2021.0,POST,LV,1.0,0.0,0.0,0.0,0.0,0.0,0.0,0.0,0.0,0.0,0.0,0.0,0.0,,,0.0,,0.0,0.0,0.0,0.0,13.0,83.0,0.0,0.0,0.0,3.0,0.6974805477657355,0.0,2.0,2.0,1.0,0.0,4.0,5.0,44.0,0.0,0.0,0.0,4.0,42.0,2.0,2.79040907433955,0.0,2.0,0.0,0.0,0.0,11.0,0.10204081632653061,0.009732360097323601,0.15987387655792246,0.0,0.0,0.0,0.0,0.0,0.0,0.0,0.0,0.0,0.0,0.0,0.0,0.0,0.0,0.0,0.0,0.0,0.0,0.0,0.0,0.0,0.0,0.0,0.0,0.0,0.0,0.0,0.0,0.0,0.0,0.0,0.0,0.0,0.0,0.0,0.0,0.0,0.0,0.0,0.0,0.0,0.0,,,0.0,0.0,0.0,0.0,0.0,0.0,0.0,0.0,0.0,0.0,0.0,0.0,,,,0.0,0.0,0.0,0.0,0.0,0.0,0.0,,0.0,0.0,0.0,0.0,,0.0,0.0,,0.0,0.0,0.0,0.0,0.0,0.0,0.0,0.0,0.0,0.0,12.700000000000001,16.700000000000003,00-0035700,JacoJo01,4047365.0,Josh Jacobs,1998-02-11,70.0,223.0,Alabama,2019.0,1.0,24.0,LV,2019,8,15.0,0.0,3.0,0.0,0.005333333333333333,2021.0,Josh Jacobs,LV,23.0,RB,15.0,14.0,64.0,54.0,348.0,0.0,14.0,-43.0,-0.8,391.0,7.2,-0.4,9.0,6.0,5.0,0.078,1.0,82.8,2023-08-21,2021.0,Josh Jacobs,LV,23.0,RB,15.0,14.0,217.0,872.0,9.0,45.0,430.0,2.0,442.0,2.0,20.0,10.9,2023-08-21,,,,,,,,,,,,,,,,,,,,,,,,,,,,,,,,,,,,,,,,,,,,,,,,,,,,,,,,,,,15,15.200000000000001,8.6,14,8,0
2021,Nick Chubb,N.Chubb,00-0034791,CLE,RB,RB,13.0,14,215.3,15.37857142857143,195.3,20.0,20,25,174,1,0.050100200400801605,0.0032618825722274,0.07743361840176159,228,1259,8,0,0,0,0,0,482.0,0.5278571428571428,0.4466804979253112,15.37857142857143,8.525362935782452,30.3,5,RB,"https://static.www.nfl.com/image/upload/f_auto,q_auto/league/h5y74trx6l8ivpkbmrkt",REG,0,0,0,0,0,0,0,,,0,,0,0,0,0,2,1,61,10.630183949570217,0,41,32,12,2,0,0,14,183,9,8.125115893781185,0,5,3,2,1,12.428571428571429,0,1,0,0,0,0,0,0.0,0.0,0,0,0,0,0,0,0,0,0,0,0,0,0,1,0,0,0,0,0,0,2,0,0,2,1,0,0,0,0,0,0,0,0,,,0,0,0,0,0,0,0,0,0,0,0,0,,,,0,0,0,0,0,0,0,,0,0,0,0,,0,0,,0,0,0,0,0,0,0,0,0,0,,,,,,,,,,,,,,,,,,,,,,,,,,,,,,,,,,,,,,,,,,,,,,,,,,,,,,,,,,,,,,,,,,,,,,,,,,,,,,,,,,,,,,,,,,,,,,,,,,,,,,,,,,,,,,,,,,,,,,,,,,,,,,,,,,,,,,,,,,,,,,,,,,,,00-0034791,ChubNi00,3128720.0,Nick Chubb,1995-12-27,71.0,227.0,Georgia,2018.0,2.0,35.0,CLE,2018,8,14.0,0.0,0.0,0.0,0.0,2021.0,Nick Chubb,CLE,26.0,RB,14.0,14.0,25.0,20.0,174.0,1.0,9.0,2.0,0.1,172.0,8.6,1.0,4.0,5.0,0.0,0.0,0.0,109.0,2023-08-21,2021.0,Nick Chubb,CLE,26.0,RB,14.0,14.0,228.0,1259.0,8.0,61.0,567.0,2.5,692.0,3.0,23.0,9.9,2023-08-21,,,,,,,,,,,,,,,,,,,,,,,,,,,,,,,,,,,,,,,,,,,,,,,,,,,,,,,,,,,14,13.9,5.800000000000001,8,7,2
2021,Damien Harris,D.Harris,00-0035657,NE,RB,RB,14.0,15,210.10000000000002,14.006666666666668,192.10000000000002,18.0,18,21,132,0,0.04007633587786259,-0.0016324626865671641,0.05897177993619687,202,929,15,0,0,0,0,0,407.0,0.4166666666666667,0.5162162162162163,14.006666666666666,6.920205061646519,28.3,2,RB,"https://static.www.nfl.com/image/private/f_auto,q_auto/league/s0cagglk6qh9ciuddjmu",REG,0,0,0,0,0,0,0,,,0,,0,0,0,0,2,2,55,3.190351245548305,0,22,17,8,1,0,0,-7,134,4,4.253627703757957,0,5,1,1,0,-18.857142857142858,0,0,0,0,0,0,0,0.0,0.0,0,0,0,0,0,0,0,0,0,0,0,0,0,2,0,0,0,0,0,0,2,0,0,2,2,0,0,0,0,0,0,0,0,,,0,0,0,0,0,0,0,0,0,0,0,0,,,,0,0,0,0,0,0,0,,0,0,0,0,,0,0,,0,0,0,0,0,0,0,0,0,0,D.Harris,Damien Harris,RB,RB,"https://static.www.nfl.com/image/private/f_auto,q_auto/league/s0cagglk6qh9ciuddjmu",2021.0,POST,NE,1.0,0.0,0.0,0.0,0.0,0.0,0.0,0.0,0.0,0.0,0.0,0.0,0.0,,,0.0,,0.0,0.0,0.0,0.0,9.0,30.0,0.0,0.0,0.0,1.0,-2.3534665041370317,0.0,1.0,1.0,0.0,0.0,1.0,1.0,7.0,0.0,0.0,0.0,6.0,1.0,0.0,0.42016344936564565,0.0,0.0,0.0,0.0,0.0,1.1666666666666667,0.02857142857142857,0.024691358024691357,0.06014109347442681,0.0,0.0,0.0,0.0,0.0,0.0,0.0,0.0,0.0,0.0,0.0,0.0,0.0,0.0,0.0,0.0,0.0,0.0,0.0,0.0,0.0,0.0,0.0,0.0,0.0,0.0,0.0,0.0,0.0,0.0,0.0,0.0,0.0,0.0,0.0,0.0,0.0,0.0,0.0,0.0,0.0,0.0,,,0.0,0.0,0.0,0.0,0.0,0.0,0.0,0.0,0.0,0.0,0.0,0.0,,,,0.0,0.0,0.0,0.0,0.0,0.0,0.0,,0.0,0.0,0.0,0.0,,0.0,0.0,,0.0,0.0,0.0,0.0,0.0,0.0,0.0,0.0,0.0,0.0,3.7,4.7,00-0035657,HarrDa06,3925347.0,Damien Harris,1997-02-11,71.0,213.0,Alabama,2019.0,3.0,87.0,NE,2019,5,15.0,0.0,0.0,0.0,0.0,2021.0,Damien Harris,NE,24.0,RB,15.0,15.0,21.0,18.0,132.0,0.0,4.0,-2.0,-0.1,134.0,7.4,-0.3,1.0,18.0,0.0,0.0,0.0,92.9,2023-08-21,2021.0,Damien Harris,NE,24.0,RB,15.0,15.0,202.0,929.0,15.0,55.0,469.0,2.3,460.0,2.3,15.0,13.5,2023-08-21,,,,,,,,,,,,,,,,,,,,,,,,,,,,,,,,,,,,,2021.0,Regular,Season Total,NE,D. Harris,,96.1,0.4,2.0,0.6,0.0,0.6,0.0,0.0,95.4,0.0,Damien,Harris,Damien Harris,https://a.espncdn.com/i/headshots/nfl/players/full/3925347.png,Patriots,False,15,13.4,3.1,11,6,2
2021,D'Andre Swift,D.Swift,00-0036275,DET,RB,RB,15.0,13,208.9,16.06923076923077,146.9,62.0,62,78,452,2,0.13805309734513274,-0.0002643404705260375,0.2068946076883309,151,617,5,0,1,0,0,0,560.0,0.6576923076923078,0.3730357142857143,16.06923076923077,7.916479080098743,28.4,5,RB,"https://static.www.nfl.com/image/upload/f_auto,q_auto/league/owpmwzoilitcodc6cmxo",REG,0,0,0,0,-12,0,0,-0.912519452162087,,0,0.0,0,0,0,0,0,0,28,-26.86820022217472,0,21,16,3,1,2,1,-1,502,18,-7.822526139354126,0,13,5,3,2,-452.0,0,0,0,0,0,0,0,0.0,0.0,0,0,0,0,0,0,0,0,0,0,0,0,0,0,0,0,0,0,0,0,2,0,1,2,1,0,0,0,0,0,0,0,0,,,0,0,0,0,0,0,0,0,0,0,0,0,,,,0,0,0,0,0,0,0,,0,0,0,0,,0,0,,0,0,0,0,0,0,0,0,0,0,,,,,,,,,,,,,,,,,,,,,,,,,,,,,,,,,,,,,,,,,,,,,,,,,,,,,,,,,,,,,,,,,,,,,,,,,,,,,,,,,,,,,,,,,,,,,,,,,,,,,,,,,,,,,,,,,,,,,,,,,,,,,,,,,,,,,,,,,,,,,,,,,,,,00-0036275,SwifDA00,4259545.0,D'Andre Swift,1999-01-14,68.0,204.0,Georgia,2020.0,2.0,35.0,DET,2020,7,13.0,0.0,0.0,0.0,0.0,2021.0,DAndre Swift,DET,22.0,RB,13.0,4.0,78.0,62.0,452.0,2.0,18.0,-48.0,-0.8,500.0,8.1,0.0,8.0,7.8,6.0,0.077,2.0,88.7,2023-08-21,2021.0,DAndre Swift,DET,22.0,RB,13.0,4.0,151.0,617.0,5.0,28.0,385.0,2.5,232.0,1.5,9.0,16.8,2023-08-21,D'Andre Swift,DET,1.0,0.0,0.0,0.0,0.0,0.0,0.0,2021.0,0.0,0.0,0.0,0.0,0.0,0.0,0.0,0.0,0.0,13.0,166.0,0.0,0.0,13.0,166.0,0.0,0.0,,,,,,,,,,,,,,,,,,,,,,,,,,,,,,,,13,16.5,3.9,9,7,1
2021,Dalvin Cook,D.Cook,00-0033893,MIN,RB,RB,16.0,13,206.3,15.86923076923077,172.3,34.0,34,49,224,0,0.0847750865051903,-0.016315572077653863,0.11574172930342777,249,1159,6,0,0,0,0,0,608.0,0.6976923076923077,0.3393092105263158,15.86923076923077,8.482667093882739,35.2,5,RB,"https://static.www.nfl.com/image/upload/f_auto,q_auto/league/uurolop9ktcloxqh4fid",REG,0,0,0,0,0,0,0,,,0,,0,0,0,0,3,2,57,-9.77577269769949,1,36,30,9,1,0,0,-79,278,9,-4.863669206548714,0,8,3,1,0,-2.8354430379746836,0,0,0,0,0,0,0,0.0,0.0,0,0,0,0,0,0,0,0,0,0,0,0,0,0,0,0,0,0,0,0,3,0,0,3,2,0,0,0,0,0,0,0,0,,,0,0,0,0,0,0,0,0,0,0,0,0,,,,0,0,0,0,0,0,0,,0,0,0,0,,0,0,,0,0,0,0,0,0,0,0,0,0,,,,,,,,,,,,,,,,,,,,,,,,,,,,,,,,,,,,,,,,,,,,,,,,,,,,,,,,,,,,,,,,,,,,,,,,,,,,,,,,,,,,,,,,,,,,,,,,,,,,,,,,,,,,,,,,,,,,,,,,,,,,,,,,,,,,,,,,,,,,,,,,,,,,00-0033893,CookDa01,3116593.0,Dalvin Cook,1995-08-10,70.0,210.0,Florida State,2017.0,2.0,41.0,MIN,2017,8,13.0,0.0,0.0,0.0,0.0,2021.0,Dalvin Cook,MIN,26.0,RB,13.0,13.0,49.0,34.0,224.0,0.0,9.0,-54.0,-1.6,278.0,8.2,-1.6,3.0,11.3,6.0,0.122,0.0,79.0,2023-08-21,2021.0,Dalvin Cook,MIN,26.0,RB,13.0,13.0,249.0,1159.0,6.0,57.0,678.0,2.7,481.0,1.9,16.0,15.6,2023-08-21,,,,,,,,,,,,,,,,,,,,,,,,,,,,,,,,,,,,,,,,,,,,,,,,,,,,,,,,,,,13,15.200000000000001,4.3,9,7,1
2021,Javonte Williams,J.Williams,00-0036997,DEN,RB,RB,17.0,17,204.9,12.052941176470588,161.9,43.0,43,53,316,3,0.10251450676982592,-0.0026362038664323375,0.15192641744823623,203,903,4,0,0,0,0,0,551.0,0.5070588235294117,0.3718693284936479,12.052941176470588,6.634297028233174,29.8,3,RB,"https://static.www.nfl.com/image/upload/f_auto,q_auto/league/xvwroirev2kie6oiphtz",REG,0,0,0,0,0,0,0,,,0,,0,0,0,0,2,1,52,-17.262295162725625,0,25,16,6,1,0,0,-12,343,12,7.522278620084774,0,15,3,2,1,-26.333333333333332,0,1,0,0,0,0,0,0.0,0.0,0,0,0,0,0,0,0,0,0,0,0,0,0,1,0,0,0,0,1,5,2,0,0,2,1,0,0,0,0,0,0,0,0,,,0,0,0,0,0,0,0,0,0,0,0,0,,,,0,0,0,0,0,0,0,,0,0,0,0,,0,0,,0,0,0,0,0,0,0,0,0,0,,,,,,,,,,,,,,,,,,,,,,,,,,,,,,,,,,,,,,,,,,,,,,,,,,,,,,,,,,,,,,,,,,,,,,,,,,,,,,,,,,,,,,,,,,,,,,,,,,,,,,,,,,,,,,,,,,,,,,,,,,,,,,,,,,,,,,,,,,,,,,,,,,,,00-0036997,WillJa10,4361579.0,Javonte Williams,2000-04-25,70.0,220.0,North Carolina,2021.0,2.0,35.0,DEN,2021,6,17.0,0.0,4.0,0.0,0.010588235294117647,2021.0,Javonte Williams,DEN,21.0,RB,17.0,1.0,53.0,43.0,316.0,3.0,12.0,-27.0,-0.6,343.0,8.0,-0.2,2.0,21.5,3.0,0.057,0.0,110.4,2023-08-21,2021.0,Javonte Williams,DEN,21.0,RB,17.0,1.0,203.0,903.0,4.0,52.0,443.0,2.2,460.0,2.3,31.0,6.5,2023-08-21,,,,,,,,,,,,,,,,,,,,,,,,,,,,,,,,,,,,,,,,,,,,,,,,,,,,,,,,,,,17,10.0,4.2,9,4,1
2021,Devin Singletary,D.Singletary,00-0035250,BUF,RB,RB,18.0,17,197.8,11.63529411764706,157.8,40.0,40,50,228,1,0.08025682182985554,0.0007469654528478057,0.12090810856177676,188,870,7,0,0,0,0,0,718.0,0.5858823529411765,0.2754874651810585,11.63529411764706,6.858474791860668,25.200000000000003,2,RB,"https://static.www.nfl.com/image/upload/f_auto,q_auto/league/xy2r2msxjqneml2c1cdc",REG,0,0,0,0,0,0,0,,,0,,0,0,0,0,2,0,44,-3.8201483953744173,0,20,19,6,2,3,0,4,242,11,-2.3093669366735043,0,9,1,0,0,57.0,0,1,0,0,0,0,0,0.0,0.0,0,0,0,0,0,0,0,0,0,0,0,0,0,2,0,0,0,0,1,5,4,1,3,5,0,0,0,0,0,0,0,0,0,,,0,0,0,0,0,0,0,0,0,0,0,0,,,,0,0,0,0,0,0,0,,0,0,0,0,,0,0,,0,0,0,0,0,0,0,0,0,0,D.Singletary,Devin Singletary,RB,RB,"https://static.www.nfl.com/image/upload/f_auto,q_auto/league/xy2r2msxjqneml2c1cdc",2021.0,POST,BUF,2.0,0.0,0.0,0.0,0.0,0.0,0.0,0.0,0.0,0.0,0.0,0.0,0.0,,,0.0,,0.0,0.0,0.0,0.0,26.0,107.0,3.0,0.0,0.0,11.0,7.131365446810378,0.0,2.0,1.0,0.0,0.0,7.0,9.0,38.0,0.0,0.0,0.0,-19.0,58.0,3.0,-0.22653224901296198,0.0,2.0,0.0,0.0,0.0,-2.0,0.14516129032258066,-0.03598484848484849,0.19255254154447707,0.0,0.0,0.0,0.0,0.0,0.0,0.0,0.0,0.0,0.0,0.0,0.0,0.0,0.0,0.0,0.0,0.0,0.0,0.0,0.0,0.0,0.0,0.0,0.0,0.0,0.0,0.0,0.0,0.0,0.0,0.0,0.0,0.0,0.0,0.0,0.0,0.0,0.0,0.0,0.0,0.0,0.0,,,0.0,0.0,0.0,0.0,0.0,0.0,0.0,0.0,0.0,0.0,0.0,0.0,,,,0.0,0.0,0.0,0.0,0.0,0.0,0.0,,0.0,0.0,0.0,0.0,,0.0,0.0,,0.0,0.0,0.0,0.0,0.0,0.0,0.0,0.0,0.0,0.0,32.5,39.5,00-0035250,SingDe00,4040761.0,Devin Singletary,1997-09-03,67.0,203.0,Florida Atlantic,2019.0,3.0,74.0,BUF,2019,8,17.0,0.0,0.0,0.0,0.0,2021.0,Devin Singletary,BUF,24.0,RB,17.0,16.0,50.0,40.0,228.0,1.0,11.0,-13.0,-0.3,241.0,6.0,0.2,4.0,10.0,5.0,0.1,1.0,84.0,2023-08-21,2021.0,Devin Singletary,BUF,24.0,RB,17.0,16.0,188.0,870.0,7.0,44.0,429.0,2.3,441.0,2.3,13.0,14.5,2023-08-21,,,,,,,,,,,,,,,,,,,,,,,,,,,,,,,,,,,,,,,,,,,,,,,,,,,,,,,,,,,17,11.0,3.3000000000000003,9,5,1
2021,Darrel Williams,Da.Williams,00-0034301,KC,RB,RB,19.0,17,196.0,11.529411764705882,149.0,47.0,47,57,452,2,0.08948194662480377,0.01651560926485398,0.14578384642260342,144,558,6,0,0,0,0,0,568.0,0.47058823529411764,0.34507042253521125,11.529411764705882,8.338297541006375,29.4,3,RB,"https://static.www.nfl.com/image/private/f_auto,q_auto/league/qloiwle7db59cznhqhub",REG,0,0,0,0,0,0,0,,,0,,0,0,0,0,0,0,40,4.9404268118926105,0,13,5,1,0,0,0,82,435,19,20.60644695547321,0,18,8,4,0,5.512195121951219,0,3,0,0,0,0,0,0.0,0.0,0,0,0,0,0,0,0,0,0,0,0,0,0,0,0,0,0,0,2,13,0,0,0,0,0,0,0,0,0,0,0,0,0,,,0,0,0,0,0,0,0,0,0,0,0,0,,,,0,0,0,0,0,0,0,,0,0,0,0,,0,0,,0,0,0,0,0,0,0,0,0,0,Da.Williams,Darrel Williams,RB,RB,"https://static.www.nfl.com/image/private/f_auto,q_auto/league/qloiwle7db59cznhqhub",2021.0,POST,KC,1.0,0.0,0.0,0.0,0.0,0.0,0.0,0.0,0.0,0.0,0.0,0.0,0.0,,,0.0,,0.0,0.0,0.0,0.0,1.0,4.0,0.0,0.0,0.0,0.0,0.3610305553302169,0.0,0.0,0.0,0.0,0.0,0.0,0.0,0.0,0.0,0.0,0.0,0.0,0.0,0.0,,0.0,0.0,0.0,0.0,0.0,,0.0,0.0,0.0,0.0,0.0,0.0,0.0,0.0,0.0,0.0,0.0,0.0,0.0,0.0,0.0,0.0,0.0,0.0,0.0,0.0,0.0,0.0,0.0,0.0,0.0,1.0,-3.0,0.0,0.0,0.0,0.0,0.0,1.0,0.0,0.0,1.0,1.0,0.0,0.0,0.0,0.0,0.0,0.0,0.0,0.0,,,0.0,0.0,0.0,0.0,0.0,0.0,0.0,0.0,0.0,0.0,0.0,0.0,,,,0.0,0.0,0.0,0.0,0.0,0.0,0.0,,0.0,0.0,0.0,0.0,,0.0,0.0,,0.0,0.0,0.0,0.0,0.0,0.0,0.0,0.0,0.0,0.0,0.4,0.4,00-0034301,WillDa10,3115375.0,Darrel Williams,1995-04-15,71.0,224.0,LSU,,,,,2018,5,17.0,0.0,82.0,0.0,0.19294117647058823,2021.0,Darrel Williams,KC,26.0,RB,17.0,7.0,57.0,47.0,452.0,2.0,19.0,17.0,0.4,435.0,9.3,1.4,4.0,11.8,1.0,0.018000000000000002,0.0,111.4,2023-08-21,2021.0,Darrel Williams,KC,26.0,RB,17.0,7.0,144.0,558.0,6.0,40.0,342.0,2.4,216.0,1.5,4.0,36.0,2023-08-21,,,,,,,,,,,,,,,,,,,,,,,,,,,,,,,,,,,,,,,,,,,,,,,,,,,,,,,,,,,17,10.7,0.4,9,4,2
2021,Melvin Gordon,M.Gordon,00-0032144,DEN,RB,RB,20.0,16,195.10000000000002,12.193750000000001,167.10000000000002,28.0,28,38,213,2,0.0735009671179884,0.0026362038664323375,0.11209679338348523,203,918,8,0,0,0,0,0,514.0,0.51375,0.3795719844357977,12.19375,5.943115765320409,23.1,2,RB,"https://static.www.nfl.com/image/private/f_auto,q_auto/league/i4g8x7yotpgszlyanow0",REG,0,0,0,0,0,0,0,,,0,,0,0,0,0,3,3,48,-18.874554949667072,0,23,16,3,2,0,0,12,186,9,-2.617552531461195,0,6,3,3,0,17.75,0,0,0,0,0,0,0,0.0,0.0,0,0,0,0,0,0,0,0,0,0,0,0,0,0,0,0,0,0,0,0,3,0,0,3,3,0,0,0,0,0,0,0,0,,,0,0,0,0,0,0,0,0,0,0,0,0,,,,0,0,0,0,0,0,0,,0,0,0,0,,0,0,,0,0,0,0,0,0,0,0,0,0,,,,,,,,,,,,,,,,,,,,,,,,,,,,,,,,,,,,,,,,,,,,,,,,,,,,,,,,,,,,,,,,,,,,,,,,,,,,,,,,,,,,,,,,,,,,,,,,,,,,,,,,,,,,,,,,,,,,,,,,,,,,,,,,,,,,,,,,,,,,,,,,,,,,00-0032144,GordMe00,2576434.0,Melvin Gordon,1993-04-13,73.0,215.0,Wisconsin,2015.0,1.0,15.0,LAC,2015,9,16.0,0.0,0.0,0.0,0.0,2021.0,Melvin Gordon,DEN,28.0,RB,16.0,16.0,38.0,28.0,213.0,2.0,9.0,27.0,1.0,186.0,6.6,0.3,4.0,7.0,3.0,0.079,0.0,104.4,2023-08-21,2021.0,Melvin Gordon,DEN,28.0,RB,16.0,16.0,203.0,918.0,8.0,48.0,462.0,2.3,456.0,2.2,20.0,10.2,2023-08-21,,,,,,,,,,,,,,,,,,,,,,,,,,,,,,,,,,,,,,,,,,,,,,,,,,,,,,,,,,,16,10.25,1.0,9,6,0
2021,David Montgomery,D.Montgomery,00-0035685,CHI,RB,RB,21.0,13,195.0,15.0,153.0,42.0,42,51,301,0,0.09732824427480916,0.010011123470522803,0.1530001528415797,225,849,7,0,1,0,0,1,642.0,0.7515384615384615,0.3037383177570093,15.0,6.811754546370561,28.1,4,RB,"https://static.www.nfl.com/image/upload/f_auto,q_auto/league/csz0c9roa4pqsccothxg",REG,0,0,0,0,9,0,0,-3.1767500246642157,-45.82794904708862,0,0.0,0,0,0,0,1,1,55,-21.6045883598607,0,21,11,5,1,0,0,45,273,18,5.274761422659272,0,17,1,0,0,6.688888888888889,0,0,0,1,0,0,0,0.0,0.0,0,0,0,0,0,0,0,0,0,0,0,0,0,1,0,0,0,0,0,0,1,0,0,1,1,0,0,0,0,0,0,0,0,,,0,0,0,0,0,0,0,0,0,0,0,0,,,,0,0,0,0,0,0,0,,0,0,0,0,,0,0,,0,0,0,0,0,0,0,0,0,0,,,,,,,,,,,,,,,,,,,,,,,,,,,,,,,,,,,,,,,,,,,,,,,,,,,,,,,,,,,,,,,,,,,,,,,,,,,,,,,,,,,,,,,,,,,,,,,,,,,,,,,,,,,,,,,,,,,,,,,,,,,,,,,,,,,,,,,,,,,,,,,,,,,,00-0035685,MontDa01,4035538.0,David Montgomery,1997-06-07,71.0,230.0,Iowa State,2019.0,3.0,73.0,CHI,2019,8,13.0,0.0,0.0,0.0,0.0,2021.0,David Montgomery,CHI,24.0,RB,13.0,13.0,51.0,42.0,301.0,0.0,18.0,28.0,0.7,273.0,6.5,0.9,3.0,14.0,2.0,0.039,1.0,83.1,2023-08-21,2021.0,David Montgomery,CHI,24.0,RB,13.0,13.0,225.0,849.0,7.0,55.0,432.0,1.9,417.0,1.9,16.0,14.1,2023-08-21,David Montgomery,CHI,1.0,0.0,0.0,0.0,0.0,0.0,0.0,2021.0,2.0,1.0,0.0,0.0,0.0,0.0,0.0,0.0,0.0,15.0,101.0,0.0,0.0,15.0,101.0,0.0,0.0,,,,,,,,,,,,,,,,,,,,,,,,,,,,,,,,13,11.3,7.5,10,5,1
2021,Derrick Henry,D.Henry,00-0032764,TEN,RB,RB,22.0,8,193.3,24.1625,175.3,18.0,18,20,154,0,0.038314176245210725,-0.000749063670411985,0.0569469197985277,219,937,10,1,1,5,1,0,411.0,0.72,0.470316301703163,24.1625,13.625494748553432,47.7,4,RB,"https://static.www.nfl.com/image/upload/f_auto,q_auto/league/tm79x0iknqg6hms3ypyt",REG,0,0,0,0,5,0,1,1.0320902957464568,57.494595646858215,0,1.0,0,0,0,0,1,0,49,-4.842254133014081,1,20,14,3,2,0,0,-3,160,7,9.714970409608213,0,7,1,0,0,-51.333333333333336,0,0,0,0,0,0,0,0.0,0.0,0,0,0,0,0,0,0,0,0,0,0,0,0,1,0,0,0,0,1,5,1,0,0,1,0,0,0,0,0,0,0,0,0,,,0,0,0,0,0,0,0,0,0,0,0,0,,,,0,0,0,0,0,0,0,,0,0,0,0,,0,0,,0,0,0,0,0,0,0,0,0,0,D.Henry,Derrick Henry,RB,RB,"https://static.www.nfl.com/image/upload/f_auto,q_auto/league/tm79x0iknqg6hms3ypyt",2021.0,POST,TEN,1.0,0.0,0.0,0.0,0.0,0.0,0.0,0.0,0.0,0.0,0.0,0.0,0.0,,,0.0,,0.0,0.0,0.0,0.0,20.0,62.0,1.0,0.0,0.0,5.0,-4.48360257573938,0.0,0.0,0.0,0.0,0.0,0.0,0.0,0.0,0.0,0.0,0.0,0.0,0.0,0.0,,0.0,0.0,0.0,0.0,0.0,,0.0,0.0,0.0,0.0,0.0,0.0,0.0,0.0,0.0,0.0,0.0,0.0,0.0,0.0,0.0,0.0,0.0,0.0,0.0,0.0,0.0,0.0,0.0,0.0,0.0,0.0,0.0,0.0,0.0,0.0,0.0,0.0,0.0,0.0,0.0,0.0,0.0,0.0,0.0,0.0,0.0,0.0,0.0,0.0,0.0,,,0.0,0.0,0.0,0.0,0.0,0.0,0.0,0.0,0.0,0.0,0.0,0.0,,,,0.0,0.0,0.0,0.0,0.0,0.0,0.0,,0.0,0.0,0.0,0.0,,0.0,0.0,,0.0,0.0,0.0,0.0,0.0,0.0,0.0,0.0,0.0,0.0,12.2,12.2,00-0032764,HenrDe00,3043078.0,Derrick Henry,1994-01-04,75.0,252.0,Alabama,2016.0,2.0,45.0,TEN,2016,11,8.0,0.0,0.0,0.0,0.0,2021.0,Derrick Henry,TEN,27.0,RB,8.0,8.0,20.0,18.0,154.0,0.0,7.0,-6.0,-0.3,160.0,8.9,-0.2,1.0,18.0,0.0,0.0,0.0,98.7,2023-08-21,2021.0,Derrick Henry,TEN,27.0,RB,8.0,8.0,219.0,937.0,10.0,49.0,450.0,2.1,487.0,2.2,10.0,21.9,2023-08-21,Derrick Henry,TEN,1.0,0.0,0.0,0.0,0.0,0.0,0.0,2021.0,2.1,0.0,0.0,0.0,0.0,0.0,0.0,1.0,100.0,8.0,25.0,1.0,5.0,7.0,20.0,0.0,0.0,,,,,,,,,,2021.0,Regular,Season Total,TEN,D. Henry,,80.6,0.2,2.0,0.4,0.6,-0.2,0.0,0.0,85.2,0.0,Derrick,Henry,Derrick Henry,https://a.espncdn.com/i/headshots/nfl/players/full/3043078.png,Titans,False,8,22.549999999999997,6.800000000000001,7,6,4
2021,AJ Dillon,A.Dillon,00-0036265,GB,RB,RB,23.0,17,185.60000000000002,10.917647058823531,151.60000000000002,34.0,34,37,313,2,0.06491228070175438,0.0030581039755351682,0.0995090938355062,187,803,5,0,0,0,0,0,476.0,0.4223529411764706,0.3899159663865547,10.91764705882353,7.400526610832979,26.8,3,RB,"https://static.www.nfl.com/image/upload/f_auto,q_auto/league/imxxt8yrbrxptoxr1hw5",REG,0,0,0,0,0,0,0,,,0,,0,0,0,0,1,1,50,6.161987401777878,0,9,5,2,0,1,0,14,310,15,17.030979303788627,0,12,4,3,1,22.357142857142858,0,1,0,0,0,0,0,0.0,0.0,0,0,0,0,0,0,0,0,0,0,0,0,0,1,0,0,0,0,2,15,2,0,0,2,1,0,0,0,0,0,0,0,0,,,0,0,0,0,0,0,0,0,0,0,0,0,,,,0,0,0,0,0,0,0,,0,0,0,0,,0,0,,0,0,0,0,0,0,0,0,0,0,A.Dillon,AJ Dillon,RB,RB,"https://static.www.nfl.com/image/upload/f_auto,q_auto/league/imxxt8yrbrxptoxr1hw5",2021.0,POST,GB,1.0,0.0,0.0,0.0,0.0,0.0,0.0,0.0,0.0,0.0,0.0,0.0,0.0,,,0.0,,0.0,0.0,0.0,0.0,7.0,25.0,1.0,0.0,0.0,2.0,0.5029519949457608,0.0,0.0,0.0,0.0,0.0,0.0,0.0,0.0,0.0,0.0,0.0,0.0,0.0,0.0,,0.0,0.0,0.0,0.0,0.0,,0.0,0.0,0.0,0.0,0.0,0.0,0.0,0.0,0.0,0.0,0.0,0.0,0.0,0.0,0.0,0.0,0.0,0.0,0.0,0.0,0.0,0.0,0.0,0.0,0.0,0.0,0.0,0.0,0.0,0.0,0.0,0.0,0.0,0.0,0.0,0.0,0.0,0.0,0.0,0.0,0.0,0.0,0.0,0.0,0.0,,,0.0,0.0,0.0,0.0,0.0,0.0,0.0,0.0,0.0,0.0,0.0,0.0,,,,0.0,0.0,0.0,0.0,0.0,0.0,0.0,,0.0,0.0,0.0,0.0,,0.0,0.0,,0.0,0.0,0.0,0.0,0.0,0.0,0.0,0.0,0.0,0.0,8.5,8.5,00-0036265,DillAJ00,4239934.0,AJ Dillon,1998-05-02,72.0,247.0,Boston College,2020.0,2.0,62.0,GB,2020,7,17.0,0.0,89.0,0.0,0.2211764705882353,2021.0,AJ Dillon,GB,23.0,RB,17.0,2.0,37.0,34.0,313.0,2.0,15.0,3.0,0.1,310.0,9.1,0.4,5.0,6.8,0.0,0.0,0.0,119.9,2023-08-21,2021.0,AJ Dillon,GB,23.0,RB,17.0,2.0,187.0,803.0,5.0,50.0,396.0,2.1,407.0,2.2,17.0,11.0,2023-08-21,,,,,,,,,,,,,,,,,,,,,,,,,,,,,,,,,,,,,,,,,,,,,,,,,,,,,,,,,,,17,8.600000000000001,-0.19999999999999996,8,5,1
2021,James Robinson,J.Robinson,00-0035831,JAX,RB,RB,24.0,14,173.9,12.421428571428573,142.9,31.0,31,46,222,0,0.07890222984562607,0.008394543546694649,0.12422952525112538,164,767,8,0,0,0,0,0,530.0,0.5964285714285714,0.3281132075471698,12.421428571428573,8.257227935985126,25.4,3,RB,"https://static.www.nfl.com/image/upload/f_auto,q_auto/league/htviio8mhknq9cennrdq",REG,0,0,0,0,0,0,0,,,0,,0,0,0,0,2,2,41,-11.25241631130478,0,19,15,4,1,2,0,40,230,9,-3.4885764953505713,0,9,2,1,0,5.55,0,2,0,1,0,0,0,0.0,0.0,0,0,0,0,0,0,0,0,0,0,0,0,0,0,0,0,0,0,0,0,4,0,2,4,2,0,0,0,0,0,0,0,0,,,0,0,0,0,0,0,0,0,0,0,0,0,,,,0,0,0,0,0,0,0,,0,0,0,0,,0,0,,0,0,0,0,0,0,0,0,0,0,,,,,,,,,,,,,,,,,,,,,,,,,,,,,,,,,,,,,,,,,,,,,,,,,,,,,,,,,,,,,,,,,,,,,,,,,,,,,,,,,,,,,,,,,,,,,,,,,,,,,,,,,,,,,,,,,,,,,,,,,,,,,,,,,,,,,,,,,,,,,,,,,,,,00-0035831,RobiJa00,4052042.0,James Robinson,1998-08-09,69.0,219.0,Illinois State,,,,,2020,4,14.0,0.0,0.0,0.0,0.0,2021.0,James Robinson,JAX,23.0,RB,14.0,13.0,46.0,31.0,222.0,0.0,9.0,-8.0,-0.3,230.0,7.4,0.9,2.0,15.5,4.0,0.087,0.0,78.4,2023-08-21,2021.0,James Robinson,JAX,23.0,RB,14.0,13.0,164.0,767.0,8.0,41.0,450.0,2.7,317.0,1.9,11.0,14.9,2023-08-21,,,,,,,,,,,,,,,,,,,,,,,,,,,,,,,,,,,,,,,,,,,,,,,,,,,,,,,,,,,14,12.15,0.4,8,6,1
2021,Myles Gaskin,M.Gaskin,00-0035311,MIA,RB,RB,25.0,17,173.60000000000002,10.211764705882354,124.60000000000001,49.000000000000014,49,63,234,4,0.10517529215358931,0.007157235517781257,0.16277300309283083,173,612,3,0,0,0,0,0,575.0,0.49352941176470594,0.3019130434782609,10.211764705882352,8.212329324934338,31.9,1,RB,"https://static.www.nfl.com/image/upload/f_auto,q_auto/league/dn5kacxm99pb95u8dle1",REG,0,0,0,0,0,0,0,,,0,,0,0,0,0,2,1,25,-28.634547220778195,0,12,10,2,0,0,0,32,250,13,-6.788066962198538,0,7,2,2,0,7.3125,0,0,0,0,0,0,0,0.0,0.0,0,0,0,0,0,0,0,0,0,0,0,0,0,1,0,0,0,0,0,0,2,0,0,2,1,0,0,2,29,0,0,0,0,,,0,0,0,0,0,0,0,0,0,0,0,0,,,,0,0,0,0,0,0,0,,0,0,0,0,,0,0,,0,0,0,0,0,0,0,0,0,0,,,,,,,,,,,,,,,,,,,,,,,,,,,,,,,,,,,,,,,,,,,,,,,,,,,,,,,,,,,,,,,,,,,,,,,,,,,,,,,,,,,,,,,,,,,,,,,,,,,,,,,,,,,,,,,,,,,,,,,,,,,,,,,,,,,,,,,,,,,,,,,,,,,,00-0035311,GaskMy00,3886818.0,Myles Gaskin,1997-02-15,70.0,199.0,Washington,2019.0,7.0,234.0,MIA,2019,7,17.0,0.0,4.0,0.0,0.00823529411764706,2021.0,Myles Gaskin,MIA,24.0,RB,17.0,10.0,63.0,49.0,234.0,4.0,13.0,-16.0,-0.3,250.0,5.1,0.5,6.0,8.2,3.0,0.048,0.0,103.3,2023-08-21,2021.0,Myles Gaskin,MIA,24.0,RB,17.0,10.0,173.0,612.0,3.0,25.0,364.0,2.1,248.0,1.4,7.0,24.7,2023-08-21,,,,,,,,,,,,,,,,,,,,,,,,,,,,,,,,,,,,,2021.0,Regular,Season Total,MIA,M. Gaskin,,61.9,0.3,5.0,0.7,0.0,0.7,0.0,0.0,67.4,0.0,Myles,Gaskin,Myles Gaskin,https://a.espncdn.com/i/headshots/nfl/players/full/3886818.png,Dolphins,False,17,8.5,0.30000000000000004,7,5,1
2021,Elijah Mitchell,E.Mitchell,00-0036567,SF,RB,RB,26.0,11,165.0,15.0,146.0,19.0,19,20,137,1,0.04024144869215292,-0.0029977516862353237,0.05826374685786465,207,963,5,0,0,0,0,0,441.0,0.6427272727272727,0.3741496598639456,15.0,6.4771907490825065,27.8,2,RB,"https://static.www.nfl.com/image/upload/f_auto,q_auto/league/xf383ph8bz6dpp0u9lcd",REG,0,0,0,0,0,0,0,,,0,,0,0,0,0,0,0,47,-15.493685385186634,0,29,21,6,0,0,0,-12,151,6,4.110073801246472,0,6,0,0,0,-11.416666666666666,0,0,0,0,0,0,0,0.0,0.0,0,0,0,0,0,0,0,0,0,0,0,0,0,0,0,0,0,0,0,0,0,0,0,0,0,0,0,0,0,0,0,0,0,,,0,0,0,0,0,0,0,0,0,0,0,0,,,,0,0,0,0,0,0,0,,0,0,0,0,,0,0,,0,0,0,0,0,0,0,0,0,0,E.Mitchell,Elijah Mitchell,RB,RB,"https://static.www.nfl.com/image/upload/f_auto,q_auto/league/xf383ph8bz6dpp0u9lcd",2021.0,POST,SF,3.0,0.0,0.0,0.0,0.0,0.0,0.0,0.0,0.0,0.0,0.0,0.0,0.0,,,0.0,,0.0,0.0,0.0,0.0,55.0,169.0,1.0,0.0,0.0,8.0,-14.527401262836065,0.0,2.0,2.0,0.0,0.0,7.0,9.0,57.0,0.0,0.0,0.0,3.0,57.0,4.0,0.3299237923347391,0.0,4.0,3.0,1.0,0.0,19.0,0.125,0.007042253521126761,0.19242957746478873,0.0,0.0,0.0,0.0,0.0,0.0,0.0,0.0,0.0,0.0,0.0,0.0,0.0,0.0,0.0,0.0,0.0,0.0,0.0,0.0,0.0,0.0,0.0,0.0,0.0,0.0,0.0,1.0,15.0,0.0,0.0,0.0,0.0,0.0,0.0,0.0,0.0,0.0,0.0,0.0,0.0,0.0,,,0.0,0.0,0.0,0.0,0.0,0.0,0.0,0.0,0.0,0.0,0.0,0.0,,,,0.0,0.0,0.0,0.0,0.0,0.0,0.0,,0.0,0.0,0.0,0.0,,0.0,0.0,,0.0,0.0,0.0,0.0,0.0,0.0,0.0,0.0,0.0,0.0,28.6,35.6,00-0036567,MitcEl00,4241555.0,Elijah Mitchell,1998-05-02,70.0,200.0,Louisiana-Lafayette,2021.0,6.0,194.0,SF,2021,5,11.0,0.0,3.0,0.0,0.009090909090909092,2021.0,Elijah Mitchell,SF,23.0,RB,11.0,10.0,20.0,19.0,137.0,1.0,6.0,-14.0,-0.7,151.0,7.9,-0.6,1.0,19.0,1.0,0.05,0.0,111.9,2023-08-21,2021.0,Elijah Mitchell,SF,23.0,RB,11.0,10.0,207.0,963.0,5.0,47.0,448.0,2.2,515.0,2.5,16.0,12.9,2023-08-21,,,,,,,,,,,,,,,,,,,,,,,,,,,,,,,,,,,,,,,,,,,,,,,,,,,,,,,,,,,11,16.4,7.300000000000001,7,6,1
2021,Darrell Henderson,D.Henderson,00-0035664,LA,RB,RB,27.0,12,163.4,13.616666666666667,134.4,29.0,29,40,176,3,0.0664451827242525,0.007206856252434749,0.10471257346308308,149,688,5,0,0,0,0,0,507.0,0.6658333333333334,0.3222879684418146,13.616666666666667,7.016841212829361,24.700000000000003,2,RB,"https://static.www.nfl.com/image/private/f_auto,q_auto/league/trvk8n0wjne7edxbajgw",REG,0,0,0,0,0,0,0,,,0,,0,0,0,0,0,0,39,-1.379824667690324,0,20,11,1,0,0,0,37,180,8,-7.756834660989229,0,6,4,2,0,4.756756756756757,0,0,0,0,0,0,0,0.0,0.0,0,0,0,0,0,0,0,0,0,0,0,0,0,0,0,0,0,0,0,0,0,0,0,0,0,0,0,0,0,0,0,0,0,,,0,0,0,0,0,0,0,0,0,0,0,0,,,,0,0,0,0,0,0,0,,0,0,0,0,,0,0,,0,0,0,0,0,0,0,0,0,0,D.Henderson,Darrell Henderson,RB,RB,"https://static.www.nfl.com/image/private/f_auto,q_auto/league/trvk8n0wjne7edxbajgw",2021.0,POST,LA,1.0,0.0,0.0,0.0,0.0,0.0,0.0,0.0,0.0,0.0,0.0,0.0,0.0,,,0.0,,0.0,0.0,0.0,0.0,4.0,7.0,0.0,0.0,0.0,0.0,-1.9900035579921678,0.0,0.0,0.0,0.0,0.0,3.0,5.0,43.0,0.0,0.0,0.0,49.0,20.0,2.0,2.8664923686883412,0.0,2.0,1.0,1.0,0.0,0.8775510204081632,0.03676470588235294,0.039740470397404706,0.0829653881017127,0.0,0.0,0.0,0.0,0.0,0.0,0.0,0.0,0.0,0.0,0.0,0.0,0.0,0.0,0.0,0.0,0.0,0.0,0.0,0.0,0.0,0.0,0.0,0.0,0.0,0.0,0.0,0.0,0.0,0.0,0.0,0.0,0.0,0.0,0.0,0.0,0.0,0.0,0.0,0.0,0.0,0.0,,,0.0,0.0,0.0,0.0,0.0,0.0,0.0,0.0,0.0,0.0,0.0,0.0,,,,0.0,0.0,0.0,0.0,0.0,0.0,0.0,,0.0,0.0,0.0,0.0,,0.0,0.0,,0.0,0.0,0.0,0.0,0.0,0.0,0.0,0.0,0.0,0.0,5.0,8.0,00-0035664,HendDa00,4039359.0,Darrell Henderson,1997-08-19,68.0,208.0,Memphis,2019.0,3.0,70.0,LA,2019,5,12.0,0.0,0.0,0.0,0.0,2021.0,Darrell Henderson,LA,24.0,RB,12.0,10.0,40.0,29.0,176.0,3.0,8.0,-4.0,-0.1,180.0,6.2,0.9,2.0,14.5,3.0,0.075,0.0,105.8,2023-08-21,2021.0,Darrell Henderson,LA,24.0,RB,12.0,10.0,149.0,688.0,5.0,39.0,402.0,2.7,286.0,1.9,3.0,49.7,2023-08-21,,,,,,,,,,,,,,,,,,,,,,,,,,,,,,,,,,,,,,,,,,,,,,,,,,,,,,,,,,,12,16.150000000000002,1.7000000000000002,7,7,0
2021,Tony Pollard,T.Pollard,00-0035261,DAL,RB,RB,28.0,15,162.60000000000002,10.840000000000002,123.60000000000001,39.000000000000014,39,46,337,0,0.07221350078492936,0.001563721657544957,0.1094148563376755,130,719,2,0,0,0,0,0,374.0,0.348,0.4347593582887701,10.84,5.227509650192636,23.0,1,RB,"https://static.www.nfl.com/image/upload/f_auto,q_auto/league/mb2xdrqiys6ktlcuah2n",REG,0,0,0,0,0,0,0,,,0,,0,0,0,0,0,0,35,12.881215973103922,0,17,15,4,1,2,0,8,341,15,6.886317495831505,0,11,3,2,0,42.125,1,4,0,1,0,0,0,0.0,0.0,0,0,0,0,0,0,0,0,0,0,0,0,0,1,0,0,0,0,0,0,2,0,0,2,0,0,0,17,489,0,0,0,0,,,0,0,0,0,0,0,0,0,0,0,0,0,,,,0,0,0,0,0,0,0,,0,0,0,0,,0,0,,0,0,0,0,0,0,0,0,0,0,T.Pollard,Tony Pollard,RB,RB,"https://static.www.nfl.com/image/upload/f_auto,q_auto/league/mb2xdrqiys6ktlcuah2n",2021.0,POST,DAL,1.0,0.0,0.0,0.0,0.0,0.0,0.0,0.0,0.0,0.0,0.0,0.0,0.0,,,0.0,,0.0,0.0,0.0,0.0,4.0,14.0,0.0,0.0,0.0,0.0,-0.48231780057540163,0.0,0.0,0.0,0.0,0.0,2.0,2.0,12.0,0.0,0.0,0.0,-2.0,14.0,1.0,-0.7345872043113284,0.0,1.0,0.0,0.0,0.0,-6.0,0.047619047619047616,-0.005263157894736842,0.06774436090225563,0.0,0.0,0.0,0.0,0.0,0.0,0.0,0.0,0.0,0.0,0.0,0.0,0.0,0.0,0.0,0.0,0.0,0.0,0.0,0.0,0.0,0.0,0.0,0.0,0.0,0.0,0.0,0.0,0.0,0.0,0.0,0.0,0.0,0.0,0.0,0.0,2.0,50.0,0.0,0.0,0.0,0.0,,,0.0,0.0,0.0,0.0,0.0,0.0,0.0,0.0,0.0,0.0,0.0,0.0,,,,0.0,0.0,0.0,0.0,0.0,0.0,0.0,,0.0,0.0,0.0,0.0,,0.0,0.0,,0.0,0.0,0.0,0.0,0.0,0.0,0.0,0.0,0.0,0.0,2.6,4.6,00-0035261,PollTo00,3916148.0,Tony Pollard,1997-04-30,72.0,209.0,Memphis,2019.0,4.0,128.0,DAL,2019,8,15.0,0.0,100.0,0.0,0.23133333333333334,2021.0,Tony Pollard,DAL,24.0,RB,15.0,0.0,46.0,39.0,337.0,0.0,15.0,-4.0,-0.1,341.0,8.7,0.2,4.0,9.8,3.0,0.065,0.0,97.2,2023-08-21,2021.0,Tony Pollard,DAL,24.0,RB,15.0,0.0,130.0,719.0,2.0,35.0,398.0,3.1,321.0,2.5,7.0,18.6,2023-08-21,,,,,,,,,,,,,,,,,,,,,,,,,,,,,,,,,,,,,2021.0,Regular,Season Total,DAL,T. Pollard,,98.9,1.3,4.0,1.4,0.0,1.4,0.0,0.0,99.2,0.0,Tony,Pollard,Tony Pollard,https://a.espncdn.com/i/headshots/nfl/players/full/3916148.png,Cowboys,False,15,9.0,3.7,6,4,0
2021,Michael Carter,Mi.Carter,00-0036924,NYJ,RB,RB,29.0,14,154.4,11.028571428571428,118.4,36.0,36,55,325,0,0.09466437177280551,0.007587951253161646,0.14730812353642142,147,639,4,0,0,0,0,0,449.0,0.4957142857142857,0.34387527839643656,11.028571428571428,8.003598091957294,32.2,1,RB,"https://static.www.nfl.com/image/upload/f_auto,q_auto/league/cwqrxzouk4gkhfziyqre",REG,0,0,0,0,0,0,0,,,0,,0,0,0,0,0,0,29,-6.386141896524234,0,13,10,3,1,1,1,33,341,16,-5.2961035922257205,0,15,7,2,0,9.848484848484848,0,0,0,1,0,0,0,0.0,0.0,0,0,0,0,0,0,0,0,0,0,0,0,0,0,0,0,0,0,2,20,1,0,0,1,1,0,0,0,0,0,0,0,0,,,0,0,0,0,0,0,0,0,0,0,0,0,,,,0,0,0,0,0,0,0,,0,0,0,0,,0,0,,0,0,0,0,0,0,0,0,0,0,,,,,,,,,,,,,,,,,,,,,,,,,,,,,,,,,,,,,,,,,,,,,,,,,,,,,,,,,,,,,,,,,,,,,,,,,,,,,,,,,,,,,,,,,,,,,,,,,,,,,,,,,,,,,,,,,,,,,,,,,,,,,,,,,,,,,,,,,,,,,,,,,,,,00-0036924,CartMi03,4240657.0,Michael Carter,1999-05-07,68.0,201.0,North Carolina,2021.0,4.0,107.0,NYJ,2021,5,14.0,0.0,8.0,0.0,0.021428571428571432,2021.0,Michael Carter,NYJ,22.0,RB,14.0,11.0,55.0,36.0,325.0,0.0,16.0,-16.0,-0.4,341.0,9.5,0.6,7.0,5.1,4.0,0.073,1.0,73.7,2023-08-21,2021.0,Michael Carter,NYJ,22.0,RB,14.0,11.0,147.0,639.0,4.0,29.0,294.0,2.0,345.0,2.3,13.0,11.3,2023-08-21,,,,,,,,,,,,,,,,,,,,,,,,,,,,,,,,,,,,,,,,,,,,,,,,,,,,,,,,,,,14,10.0,1.9000000000000001,7,3,1
2021,Saquon Barkley,S.Barkley,00-0034844,NYG,RB,RB,30.0,13,148.60000000000002,11.430769230769233,107.60000000000001,41.000000000000014,41,57,263,2,0.10106382978723404,0.0068760027504011,0.1564089466061318,162,593,2,0,0,0,0,0,513.0,0.6169230769230769,0.2896686159844055,11.430769230769231,7.859854177547296,29.6,2,RB,"https://static.www.nfl.com/image/upload/f_auto,q_auto/league/qcayrzjpura2zydszonh",REG,0,0,0,0,0,0,0,,,0,,0,0,0,0,1,1,27,-20.349857543361633,0,9,7,3,1,1,0,30,298,13,-3.7365712338360026,0,13,3,1,1,8.766666666666667,0,0,0,0,0,0,0,0.0,0.0,0,0,0,0,0,0,0,0,0,0,0,0,0,0,0,0,0,0,0,0,2,0,0,2,1,0,0,0,0,0,0,0,0,,,0,0,0,0,0,0,0,0,0,0,0,0,,,,0,0,0,0,0,0,0,,0,0,0,0,,0,0,,0,0,0,0,0,0,0,0,0,0,,,,,,,,,,,,,,,,,,,,,,,,,,,,,,,,,,,,,,,,,,,,,,,,,,,,,,,,,,,,,,,,,,,,,,,,,,,,,,,,,,,,,,,,,,,,,,,,,,,,,,,,,,,,,,,,,,,,,,,,,,,,,,,,,,,,,,,,,,,,,,,,,,,,00-0034844,BarkSa00,3929630.0,Saquon Barkley,1997-02-09,72.0,232.0,Penn State,2018.0,1.0,2.0,NYG,2018,9,13.0,0.0,0.0,0.0,0.0,2021.0,Saquon Barkley,NYG,24.0,RB,13.0,13.0,57.0,41.0,263.0,2.0,13.0,-35.0,-0.9,298.0,7.3,0.5,4.0,10.3,6.0,0.105,0.0,92.9,2023-08-21,2021.0,Saquon Barkley,NYG,24.0,RB,13.0,13.0,162.0,593.0,2.0,27.0,314.0,1.9,279.0,1.7,4.0,40.5,2023-08-21,,,,,,,,,,,,,,,,,,,,,,,,,,,,,,,,,,,,,,,,,,,,,,,,,,,,,,,,,,,13,9.4,0.9,6,3,1
2021,Devonta Freeman,D.Freeman,00-0031285,BAL,RB,RB,31.0,16,146.60000000000002,9.162500000000001,112.60000000000001,34.000000000000014,34,42,190,1,0.07106598984771574,0.006880733944954129,0.1114154985330415,133,576,5,0,0,0,0,0,528.0,0.44375,0.2776515151515152,9.1625,6.224347355345779,20.700000000000003,2,RB,"https://static.www.nfl.com/image/private/f_auto,q_auto/league/vjhvfwypu1byxfo2uvki",REG,0,0,0,0,0,0,0,,,0,,0,0,0,0,0,0,31,-2.9614123813637194,0,11,9,4,0,0,0,36,183,9,1.1618387021007948,0,5,0,0,0,5.277777777777778,0,1,0,0,0,0,0,0.0,0.0,0,0,0,0,0,0,0,0,0,0,0,0,0,0,0,0,0,0,1,15,0,0,0,0,0,0,0,0,0,0,0,0,0,,,0,0,0,0,0,0,0,0,0,0,0,0,,,,0,0,0,0,0,0,0,,0,0,0,0,,0,0,,0,0,0,0,0,0,0,0,0,0,,,,,,,,,,,,,,,,,,,,,,,,,,,,,,,,,,,,,,,,,,,,,,,,,,,,,,,,,,,,,,,,,,,,,,,,,,,,,,,,,,,,,,,,,,,,,,,,,,,,,,,,,,,,,,,,,,,,,,,,,,,,,,,,,,,,,,,,,,,,,,,,,,,,00-0031285,FreeDe00,16944.0,Devonta Freeman,1992-03-15,68.0,206.0,Florida State,2014.0,4.0,103.0,ATL,2014,8,16.0,0.0,0.0,0.0,0.0,2021.0,Devonta Freeman,BAL,29.0,RB,16.0,8.0,42.0,34.0,190.0,1.0,9.0,12.0,0.4,178.0,5.2,1.0,4.0,8.5,1.0,0.024,0.0,93.5,2023-08-21,2021.0,Devonta Freeman,BAL,29.0,RB,16.0,8.0,133.0,576.0,5.0,31.0,371.0,2.8,205.0,1.5,3.0,44.3,2023-08-21,,,,,,,,,,,,,,,,,,,,,,,,,,,,,,,,,,,,,,,,,,,,,,,,,,,,,,,,,,,16,8.75,0.4,7,3,0
2021,Sony Michel,S.Michel,00-0034845,LA,RB,RB,32.0,17,146.3,8.605882352941178,125.30000000000001,21.0,21,33,128,1,0.054817275747508304,-0.0027269185820023374,0.08031707061386081,208,845,4,0,0,0,0,0,538.0,0.49,0.27193308550185874,8.605882352941178,6.9675561164079705,21.9,2,RB,"https://static.www.nfl.com/image/private/f_auto,q_auto/league/eydtwcqcaegkuwivq0ln",REG,0,0,0,0,0,0,0,,,0,,0,0,0,0,1,1,49,-21.070007933954304,0,21,12,2,0,0,0,-14,133,6,-8.643807557342068,0,5,1,1,0,-9.142857142857142,0,1,0,0,0,0,0,0.0,0.0,0,0,0,0,0,0,0,0,0,0,0,0,0,0,0,0,0,0,1,15,1,0,0,1,1,0,0,4,90,0,0,0,0,,,0,0,0,0,0,0,0,0,0,0,0,0,,,,0,0,0,0,0,0,0,,0,0,0,0,,0,0,,0,0,0,0,0,0,0,0,0,0,S.Michel,Sony Michel,RB,RB,"https://static.www.nfl.com/image/private/f_auto,q_auto/league/eydtwcqcaegkuwivq0ln",2021.0,POST,LA,4.0,0.0,0.0,0.0,0.0,0.0,0.0,0.0,0.0,0.0,0.0,0.0,0.0,,,0.0,,0.0,0.0,0.0,0.0,26.0,80.0,0.0,0.0,0.0,3.0,-6.556981323078227,0.0,1.0,1.0,1.0,0.0,3.0,4.0,-8.0,0.0,0.0,0.0,-13.0,8.0,0.0,-4.6537492816334485,0.0,0.0,0.0,0.0,0.0,0.6153846153846154,0.029411764705882353,-0.010543390105433901,0.036737273985019796,0.0,0.0,0.0,0.0,0.0,0.0,0.0,0.0,0.0,0.0,0.0,0.0,0.0,0.0,0.0,0.0,0.0,0.0,0.0,0.0,0.0,0.0,0.0,0.0,0.0,0.0,0.0,0.0,0.0,0.0,0.0,0.0,0.0,0.0,0.0,0.0,0.0,0.0,0.0,0.0,0.0,0.0,,,0.0,0.0,0.0,0.0,0.0,0.0,0.0,0.0,0.0,0.0,0.0,0.0,,,,0.0,0.0,0.0,0.0,0.0,0.0,0.0,,0.0,0.0,0.0,0.0,,0.0,0.0,,0.0,0.0,0.0,0.0,0.0,0.0,0.0,0.0,0.0,0.0,7.2,10.2,00-0034845,MichSo00,3128721.0,Sony Michel,1995-02-17,71.0,215.0,Georgia,2018.0,1.0,31.0,NE,2018,5,17.0,0.0,21.0,0.0,0.042352941176470586,2021.0,Sony Michel,LA,26.0,RB,17.0,7.0,33.0,21.0,128.0,1.0,6.0,-5.0,-0.2,133.0,6.3,-0.4,3.0,7.0,3.0,0.091,1.0,68.7,2023-08-21,2021.0,Sony Michel,LA,26.0,RB,17.0,7.0,208.0,845.0,4.0,49.0,445.0,2.1,400.0,1.9,16.0,13.0,2023-08-21,,,,,,,,,,,,,,,,,,,,,,,,,,,,,,,,,,,,,,,,,,,,,,,,,,,,,,,,,,,17,7.6000000000000005,-0.8999999999999999,7,3,0
2021,Devontae Booker,D.Booker,00-0032972,NYG,RB,RB,33.0,16,144.10000000000002,9.006250000000001,104.10000000000001,40.000000000000014,40,45,268,1,0.0797872340425532,-0.0027504011001604402,0.11775557029371748,145,593,2,0,0,0,0,0,519.0,0.498125,0.27764932562620426,9.006250000000001,5.922664800014713,20.8,1,RB,"https://static.www.nfl.com/image/private/f_auto,q_auto/league/y5fw68qxcmxykv1uchlo",REG,0,0,0,0,0,0,0,,,0,,0,0,0,0,0,0,31,-13.068403237784468,0,14,10,3,0,0,0,-12,297,11,5.795983729156433,0,8,3,1,1,-22.333333333333332,0,3,0,0,0,0,0,0.0,0.0,0,0,0,0,0,0,0,0,0,0,0,0,0,0,0,0,0,0,2,10,0,0,0,0,0,0,0,0,0,0,0,0,0,,,0,0,0,0,0,0,0,0,0,0,0,0,,,,0,0,0,0,0,0,0,,0,0,0,0,,0,0,,0,0,0,0,0,0,0,0,0,0,,,,,,,,,,,,,,,,,,,,,,,,,,,,,,,,,,,,,,,,,,,,,,,,,,,,,,,,,,,,,,,,,,,,,,,,,,,,,,,,,,,,,,,,,,,,,,,,,,,,,,,,,,,,,,,,,,,,,,,,,,,,,,,,,,,,,,,,,,,,,,,,,,,,00-0032972,BookDe00,3122866.0,Devontae Booker,1992-05-27,71.0,219.0,Utah; American River,2016.0,4.0,136.0,DEN,2016,6,16.0,0.0,67.0,0.0,0.165625,2021.0,Devontae Booker,NYG,29.0,RB,16.0,4.0,45.0,40.0,268.0,1.0,11.0,-21.0,-0.5,289.0,7.2,-0.1,0.0,,2.0,0.044000000000000004,0.0,98.9,2023-08-21,2021.0,Devontae Booker,NYG,29.0,RB,16.0,4.0,145.0,593.0,2.0,31.0,364.0,2.5,229.0,1.6,2.0,72.5,2023-08-21,,,,,,,,,,,,,,,,,,,,,,,,,,,,,,,,,,,,,,,,,,,,,,,,,,,,,,,,,,,16,9.0,2.1,7,3,0
2021,Chase Edmonds,C.Edmonds,00-0034681,ARI,RB,RB,34.0,12,143.3,11.941666666666668,100.30000000000001,43.0,43,53,311,0,0.09298245614035087,0.00519774011299435,0.14311210228962234,116,592,2,0,0,0,0,0,476.0,0.5783333333333334,0.30105042016806727,11.941666666666668,7.008495926482027,26.700000000000003,1,RB,"https://static.www.nfl.com/image/upload/f_auto,q_auto/league/nbnqxhjafvg2vg6lc2ls",REG,0,0,0,0,0,0,0,,,0,,0,0,0,0,0,0,32,11.634678101919178,0,18,11,3,2,1,1,23,324,11,-4.272553728302632,0,10,4,2,0,13.521739130434783,0,1,0,1,0,0,0,0.0,0.0,0,0,0,0,0,0,0,0,0,0,0,0,0,1,8,0,0,0,0,0,1,0,0,1,1,0,0,0,0,0,0,0,0,,,0,0,0,0,0,0,0,0,0,0,0,0,,,,0,0,0,0,0,0,0,,0,0,0,0,,0,0,,0,0,0,0,0,0,0,0,0,0,C.Edmonds,Chase Edmonds,RB,RB,"https://static.www.nfl.com/image/upload/f_auto,q_auto/league/nbnqxhjafvg2vg6lc2ls",2021.0,POST,ARI,1.0,0.0,0.0,0.0,0.0,0.0,0.0,0.0,0.0,0.0,0.0,0.0,0.0,,,0.0,,0.0,0.0,0.0,0.0,8.0,28.0,0.0,0.0,0.0,2.0,-2.9552236313465983,0.0,1.0,0.0,0.0,0.0,0.0,1.0,0.0,0.0,0.0,0.0,17.0,0.0,0.0,-0.5236944982316345,0.0,0.0,0.0,0.0,0.0,0.0,0.029411764705882353,0.06093189964157706,0.08676997680792747,0.0,0.0,0.0,0.0,0.0,0.0,0.0,0.0,0.0,0.0,0.0,0.0,0.0,0.0,0.0,0.0,0.0,0.0,0.0,0.0,0.0,0.0,0.0,0.0,0.0,0.0,0.0,0.0,0.0,0.0,0.0,0.0,0.0,0.0,0.0,0.0,0.0,0.0,0.0,0.0,0.0,0.0,,,0.0,0.0,0.0,0.0,0.0,0.0,0.0,0.0,0.0,0.0,0.0,0.0,,,,0.0,0.0,0.0,0.0,0.0,0.0,0.0,,0.0,0.0,0.0,0.0,,0.0,0.0,,0.0,0.0,0.0,0.0,0.0,0.0,0.0,0.0,0.0,0.0,2.8000000000000003,2.8000000000000003,00-0034681,EdmoCh00,3119195.0,Chase Edmonds,1996-04-13,69.0,201.0,Fordham,2018.0,4.0,134.0,ARI,2018,8,12.0,0.0,2.0,0.0,0.0075,2021.0,Chase Edmonds,ARI,25.0,RB,12.0,11.0,53.0,43.0,311.0,0.0,11.0,-13.0,-0.3,324.0,7.5,0.6,2.0,21.5,3.0,0.057,0.0,91.1,2023-08-21,2021.0,Chase Edmonds,ARI,25.0,RB,12.0,11.0,116.0,592.0,2.0,32.0,414.0,3.6,178.0,1.5,5.0,23.2,2023-08-21,,,,,,,,,,,,,,,,,,,,,,,,,,,,,,,,,,,,,,,,,,,,,,,,,,,,,,,,,,,12,12.850000000000001,0.30000000000000004,8,3,1
2021,Mike Davis,M.Davis,00-0032063,ATL,RB,RB,35.0,17,138.2,8.129411764705882,94.2,43.999999999999986,44,58,259,1,0.10469314079422383,-0.01255129133478156,0.14825380725698867,138,503,3,0,0,0,0,0,594.0,0.5558823529411764,0.23265993265993265,8.129411764705882,5.123690650532382,16.9,0,RB,"https://static.www.nfl.com/image/private/f_auto,q_auto/league/csrqinegeyunycijua2q",REG,0,0,0,0,0,0,0,,,0,,0,0,0,0,2,1,21,-17.808107149001444,0,11,6,0,0,2,2,-52,306,12,-23.21665930790607,0,9,3,2,0,-4.980769230769231,0,1,0,0,0,0,0,0.0,0.0,0,0,0,0,0,0,0,0,0,0,0,0,0,1,0,0,0,0,0,0,4,0,0,4,3,0,0,0,0,0,0,0,0,,,0,0,0,0,0,0,0,0,0,0,0,0,,,,0,0,0,0,0,0,0,,0,0,0,0,,0,0,,0,0,0,0,0,0,0,0,0,0,,,,,,,,,,,,,,,,,,,,,,,,,,,,,,,,,,,,,,,,,,,,,,,,,,,,,,,,,,,,,,,,,,,,,,,,,,,,,,,,,,,,,,,,,,,,,,,,,,,,,,,,,,,,,,,,,,,,,,,,,,,,,,,,,,,,,,,,,,,,,,,,,,,,00-0032063,DaviMi01,3025433.0,Mike Davis,1993-02-19,69.0,223.0,South Carolina,2015.0,4.0,126.0,SF,2015,8,17.0,0.0,1.0,0.0,0.0023529411764705885,2021.0,Mike Davis,ATL,28.0,RB,17.0,8.0,58.0,44.0,259.0,1.0,12.0,-47.0,-1.1,306.0,7.0,-0.9,10.0,4.4,2.0,0.034,0.0,89.7,2023-08-21,2021.0,Mike Davis,ATL,28.0,RB,17.0,8.0,138.0,503.0,3.0,21.0,272.0,2.0,231.0,1.7,9.0,15.3,2023-08-21,,,,,,,,,,,,,,,,,,,,,,,,,,,,,,,,,,,,,,,,,,,,,,,,,,,,,,,,,,,17,10.2,1.0,9,1,0
2021,Chuba Hubbard,C.Hubbard,00-0036555,CAR,RB,RB,36.0,16,137.60000000000002,8.600000000000001,112.60000000000001,25.000000000000014,25,37,174,1,0.06434782608695652,0.0004527960153950645,0.09683869634121132,172,612,5,0,0,0,0,0,465.0,0.39235294117647057,0.2959139784946237,8.6,5.668156666853872,18.4,0,RB,"https://static.www.nfl.com/image/upload/f_auto,q_auto/league/rzsvnt0pxsaize2ndhxm",REG,0,0,0,0,0,0,0,,,0,,0,0,0,0,1,1,36,-23.95744014318916,0,13,12,3,0,0,0,2,172,8,-10.226984497699739,0,7,2,1,0,87.0,0,1,0,0,0,0,0,0.0,0.0,0,0,0,0,0,0,0,0,0,0,0,0,0,1,0,0,0,0,1,5,1,0,0,1,1,0,0,1,21,0,0,0,0,,,0,0,0,0,0,0,0,0,0,0,0,0,,,,0,0,0,0,0,0,0,,0,0,0,0,,0,0,,0,0,0,0,0,0,0,0,0,0,,,,,,,,,,,,,,,,,,,,,,,,,,,,,,,,,,,,,,,,,,,,,,,,,,,,,,,,,,,,,,,,,,,,,,,,,,,,,,,,,,,,,,,,,,,,,,,,,,,,,,,,,,,,,,,,,,,,,,,,,,,,,,,,,,,,,,,,,,,,,,,,,,,,00-0036555,HubbCh01,4241416.0,Chuba Hubbard,1999-06-11,73.0,210.0,Oklahoma State,2021.0,4.0,126.0,CAR,2021,6,17.0,0.0,94.0,0.0,0.21470588235294116,2021.0,Chuba Hubbard,CAR,22.0,RB,17.0,10.0,37.0,25.0,174.0,1.0,8.0,14.0,0.6,160.0,6.4,0.4,3.0,8.3,7.0,0.18899999999999997,1.0,75.7,2023-08-21,2021.0,Chuba Hubbard,CAR,22.0,RB,17.0,10.0,172.0,612.0,5.0,36.0,287.0,1.7,325.0,1.9,9.0,19.1,2023-08-21,,,,,,,,,,,,,,,,,,,,,,,,,,,,,,,,,,,,,,,,,,,,,,,,,,,,,,,,,,,16,9.200000000000001,0.6000000000000001,6,2,0
2021,J.D. McKissic,J.McKissic,00-0032602,WAS,RB,RB,37.0,11,127.9,11.627272727272727,84.9,43.0,43,53,397,2,0.09925093632958802,0.007524271844660194,0.15414339478564415,48,212,2,0,0,0,0,0,343.0,0.45545454545454545,0.3728862973760933,11.627272727272727,7.806163066333025,22.6,2,RB,"https://static.www.nfl.com/image/private/f_auto,q_auto/league/zi77vkqwrmklt5ic6lc6",REG,0,0,0,0,0,0,0,,,0,,0,0,0,0,0,0,14,3.000427417850122,0,6,1,0,0,0,0,31,380,15,12.93253999483855,0,15,5,3,1,12.806451612903226,0,1,0,0,0,0,0,0.0,0.0,0,0,0,0,0,0,0,0,0,0,0,0,0,0,0,0,0,0,1,10,0,0,0,0,0,0,0,0,0,0,0,0,0,,,0,0,0,0,0,0,0,0,0,0,0,0,,,,0,0,0,0,0,0,0,,0,0,0,0,,0,0,,0,0,0,0,0,0,0,0,0,0,,,,,,,,,,,,,,,,,,,,,,,,,,,,,,,,,,,,,,,,,,,,,,,,,,,,,,,,,,,,,,,,,,,,,,,,,,,,,,,,,,,,,,,,,,,,,,,,,,,,,,,,,,,,,,,,,,,,,,,,,,,,,,,,,,,,,,,,,,,,,,,,,,,,00-0032602,McKiJ.00,2572861.0,J.D. McKissic,1993-08-15,70.0,195.0,Arkansas State,,,,,2016,6,11.0,0.0,0.0,0.0,0.0,2021.0,JD McKissic,WAS,28.0,WR,11.0,3.0,53.0,43.0,397.0,2.0,15.0,17.0,0.4,380.0,8.8,0.5,0.0,,0.0,0.0,1.0,102.6,2023-08-21,2021.0,JD McKissic,WAS,28.0,WR,11.0,3.0,48.0,212.0,2.0,14.0,123.0,2.6,89.0,1.9,1.0,48.0,2023-08-21,,,,,,,,,,,,,,,,,,,,,,,,,,,,,,,,,,,,,,,,,,,,,,,,,,,,,,,,,,,11,9.600000000000001,0.8,5,5,0
2021,Christian McCaffrey,C.McCaffrey,00-0033280,CAR,RB,RB,38.0,7,127.5,18.214285714285715,90.5,37.0,37,41,343,1,0.07130434782608695,0.020602218700475437,0.12137807482946322,99,442,1,0,0,0,0,0,272.0,0.6057142857142858,0.46875,18.214285714285715,10.146334078774228,27.7,4,RB,"https://static.www.nfl.com/image/upload/f_auto,q_auto/league/st82s2ytyzanatcmkqck",REG,0,0,0,0,0,0,0,,,0,,0,0,0,0,1,0,20,1.7780662637261173,0,15,8,0,0,0,0,91,258,21,21.083400368283037,0,13,6,4,0,3.769230769230769,0,1,0,0,0,0,0,0.0,0.0,0,0,0,0,0,0,0,0,0,0,0,0,0,1,0,0,0,0,0,0,1,0,0,1,0,0,0,0,0,0,0,0,0,,,0,0,0,0,0,0,0,0,0,0,0,0,,,,0,0,0,0,0,0,0,,0,0,0,0,,0,0,,0,0,0,0,0,0,0,0,0,0,,,,,,,,,,,,,,,,,,,,,,,,,,,,,,,,,,,,,,,,,,,,,,,,,,,,,,,,,,,,,,,,,,,,,,,,,,,,,,,,,,,,,,,,,,,,,,,,,,,,,,,,,,,,,,,,,,,,,,,,,,,,,,,,,,,,,,,,,,,,,,,,,,,,00-0033280,McCaCh01,3117251.0,Christian McCaffrey,1996-06-07,71.0,210.0,Stanford,2017.0,1.0,8.0,CAR,2017,10,7.0,0.0,2.0,0.0,0.011428571428571429,2021.0,Christian McCaffrey,CAR,25.0,RB,7.0,7.0,41.0,37.0,343.0,1.0,21.0,85.0,2.3,258.0,7.0,2.2,6.0,6.2,0.0,0.0,0.0,109.7,2023-08-21,2021.0,Christian McCaffrey,CAR,25.0,RB,7.0,7.0,99.0,442.0,1.0,20.0,218.0,2.2,224.0,2.3,12.0,8.3,2023-08-21,,,,,,,,,,,,,,,,,,,,,,,,,,,,,,,,,,,,,2021.0,Regular,Season Total,CAR,C. McCaffrey,,99.3,0.7,2.0,0.8,0.0,0.8,0.0,0.0,99.1,0.0,Christian,McCaffrey,Christian McCaffrey,https://a.espncdn.com/i/headshots/nfl/players/full/3117251.png,Panthers,False,7,24.700000000000003,3.5,5,4,2
2021,Alexander Mattison,A.Mattison,00-0034972,MIN,RB,RB,39.0,16,125.9,7.86875,93.9,32.0,32,39,228,1,0.06747404844290658,0.0006195786864931846,0.1016447777449051,134,491,3,0,0,0,0,0,377.0,0.354375,0.3339522546419098,7.86875,8.805885815748466,26.3,3,RB,"https://static.www.nfl.com/image/upload/f_auto,q_auto/league/mbcaep8diu9yuo3qrtiz",REG,0,0,0,0,0,0,0,,,0,,0,0,0,0,1,1,28,-25.9953988567139,0,10,7,2,1,0,0,3,238,10,-2.7079422143603007,0,9,5,3,0,76.0,0,0,0,0,0,0,0,0.0,0.0,0,0,0,0,0,0,0,0,0,0,0,0,0,1,0,0,0,0,0,0,1,0,0,1,1,0,0,1,18,0,0,0,0,,,0,0,0,0,0,0,0,0,0,0,0,0,,,,0,0,0,0,0,0,0,,0,0,0,0,,0,0,,0,0,0,0,0,0,0,0,0,0,,,,,,,,,,,,,,,,,,,,,,,,,,,,,,,,,,,,,,,,,,,,,,,,,,,,,,,,,,,,,,,,,,,,,,,,,,,,,,,,,,,,,,,,,,,,,,,,,,,,,,,,,,,,,,,,,,,,,,,,,,,,,,,,,,,,,,,,,,,,,,,,,,,,00-0034972,MattAl01,4048244.0,Alexander Mattison,1998-06-19,71.0,220.0,Boise State,2019.0,3.0,102.0,MIN,2019,7,16.0,0.0,46.0,0.0,0.1,2021.0,Alexander Mattison,MIN,23.0,RB,16.0,4.0,39.0,32.0,228.0,1.0,10.0,-10.0,-0.3,238.0,7.4,0.1,8.0,4.0,1.0,0.026000000000000002,0.0,99.6,2023-08-21,2021.0,Alexander Mattison,MIN,23.0,RB,16.0,4.0,134.0,491.0,3.0,28.0,226.0,1.7,265.0,2.0,14.0,9.6,2023-08-21,,,,,,,,,,,,,,,,,,,,,,,,,,,,,,,,,,,,,,,,,,,,,,,,,,,,,,,,,,,16,3.45,0.5,5,4,1
2021,Brandon Bolden,B.Bolden,00-0029239,NE,RB,RB,40.0,16,124.1,7.75625,83.1,41.0,41,49,405,2,0.09351145038167939,0.0032649253731343282,0.1425526233337131,44,226,1,0,0,0,0,0,342.0,0.30764705882352944,0.3628654970760234,7.75625,5.813085095999657,20.6,1,RB,"https://static.www.nfl.com/image/private/f_auto,q_auto/league/kqqwz35z9brhkzbs4bcn",REG,0,0,0,0,0,0,0,,,0,,0,0,0,0,1,0,12,-1.0987142397894307,1,10,8,2,0,0,0,14,416,21,19.05911317576294,0,18,9,5,0,28.928571428571427,0,10,1,2,0,0,0,0.0,0.0,0,0,0,0,0,0,0,0,0,0,0,0,0,0,0,0,0,0,1,15,1,0,0,1,0,0,0,3,62,0,0,0,0,,,0,0,0,0,0,0,0,0,0,0,0,0,,,,0,0,0,0,0,0,0,,0,0,0,0,,0,0,,0,0,0,0,0,0,0,0,0,0,B.Bolden,Brandon Bolden,RB,RB,"https://static.www.nfl.com/image/private/f_auto,q_auto/league/kqqwz35z9brhkzbs4bcn",2021.0,POST,NE,1.0,0.0,0.0,0.0,0.0,0.0,0.0,0.0,0.0,0.0,0.0,0.0,0.0,,,0.0,,0.0,0.0,0.0,0.0,0.0,0.0,0.0,0.0,0.0,0.0,,0.0,0.0,0.0,0.0,0.0,4.0,6.0,27.0,0.0,0.0,0.0,33.0,15.0,1.0,-0.5041583248530515,0.0,1.0,0.0,0.0,0.0,0.8181818181818182,0.17142857142857143,0.13580246913580246,0.35220458553791884,0.0,0.0,0.0,0.0,0.0,0.0,0.0,0.0,0.0,0.0,0.0,0.0,0.0,0.0,0.0,0.0,0.0,0.0,0.0,0.0,0.0,0.0,0.0,0.0,0.0,0.0,0.0,0.0,0.0,0.0,0.0,0.0,0.0,0.0,0.0,0.0,0.0,0.0,0.0,0.0,0.0,0.0,,,0.0,0.0,0.0,0.0,0.0,0.0,0.0,0.0,0.0,0.0,0.0,0.0,,,,0.0,0.0,0.0,0.0,0.0,0.0,0.0,,0.0,0.0,0.0,0.0,,0.0,0.0,,0.0,0.0,0.0,0.0,0.0,0.0,0.0,0.0,0.0,0.0,2.7,6.7,00-0029239,BoldBr00,15478.0,Brandon Bolden,1990-01-26,71.0,220.0,Mississippi,,,,,2012,11,17.0,0.0,278.0,0.0,0.6323529411764706,2021.0,Brandon Bolden,NE,31.0,RB,17.0,1.0,49.0,41.0,405.0,2.0,21.0,-11.0,-0.3,416.0,10.1,0.3,10.0,4.1,2.0,0.040999999999999995,1.0,106.2,2023-08-21,2021.0,Brandon Bolden,NE,31.0,RB,17.0,1.0,44.0,226.0,1.0,12.0,105.0,2.4,121.0,2.8,2.0,22.0,2023-08-21,,,,,,,,,,,,,,,,,,,,,,,,,,,,,,,,,,,,,,,,,,,,,,,,,,,,,,,,,,,16,6.8,0.5,5,2,0
2021,Kenny Gainwell,K.Gainwell,00-0036919,PHI,RB,RB,41.0,16,123.4,7.7125,90.4,33.0,33,50,253,1,0.10683760683760683,0.02198581560283688,0.17564648117839607,68,291,5,0,0,0,0,0,298.0,0.28,0.41409395973154367,7.7125,7.17605973590893,20.9,1,RB,"https://static.www.nfl.com/image/upload/f_auto,q_auto/league/eo62l8ec8e3lzt86ihth",REG,0,0,0,0,0,0,0,,,0,,0,0,0,0,1,1,19,2.7505692723678488,1,7,6,0,0,0,0,93,226,14,4.413996038998437,0,11,2,0,0,2.7204301075268815,0,0,0,0,0,0,0,0.0,0.0,0,0,0,0,0,0,0,0,0,0,0,0,0,0,0,0,0,0,0,0,2,0,0,2,1,0,0,8,137,0,0,0,0,,,0,0,0,0,0,0,0,0,0,0,0,0,,,,0,0,0,0,0,0,0,,0,0,0,0,,0,0,,0,0,0,0,0,0,0,0,0,0,K.Gainwell,Kenny Gainwell,RB,RB,"https://static.www.nfl.com/image/upload/f_auto,q_auto/league/eo62l8ec8e3lzt86ihth",2021.0,POST,PHI,1.0,0.0,0.0,0.0,0.0,0.0,0.0,0.0,0.0,0.0,0.0,0.0,0.0,,,0.0,,0.0,0.0,0.0,0.0,1.0,6.0,0.0,0.0,0.0,0.0,0.2610353004420176,0.0,0.0,0.0,0.0,0.0,5.0,5.0,49.0,1.0,0.0,0.0,-7.0,56.0,2.0,5.436299484979827,0.0,3.0,2.0,1.0,0.0,-7.0,0.11627906976744186,-0.015053763440860216,0.16388097024256065,0.0,0.0,0.0,0.0,0.0,0.0,0.0,0.0,0.0,0.0,0.0,0.0,0.0,0.0,0.0,0.0,0.0,0.0,0.0,0.0,0.0,0.0,1.0,0.0,0.0,0.0,0.0,0.0,0.0,0.0,0.0,0.0,0.0,0.0,0.0,0.0,3.0,57.0,0.0,0.0,0.0,0.0,,,0.0,0.0,0.0,0.0,0.0,0.0,0.0,0.0,0.0,0.0,0.0,0.0,,,,0.0,0.0,0.0,0.0,0.0,0.0,0.0,,0.0,0.0,0.0,0.0,,0.0,0.0,,0.0,0.0,0.0,0.0,0.0,0.0,0.0,0.0,0.0,0.0,11.5,16.5,00-0036919,GainKe00,4371733.0,Kenny Gainwell,1999-03-14,69.0,200.0,Memphis,2021.0,5.0,150.0,PHI,2021,6,16.0,0.0,33.0,0.0,0.088125,2021.0,Kenneth Gainwell,PHI,22.0,RB,16.0,1.0,50.0,33.0,253.0,1.0,14.0,27.0,0.8,226.0,6.8,1.9,1.0,33.0,5.0,0.1,0.0,84.8,2023-08-21,2021.0,Kenneth Gainwell,PHI,22.0,RB,16.0,1.0,68.0,291.0,5.0,19.0,193.0,2.8,98.0,1.4,6.0,11.3,2023-08-21,,,,,,,,,,,,,,,,,,,,,,,,,,,,,,,,,,,,,,,,,,,,,,,,,,,,,,,,,,,16,6.25,0.0,5,3,0
2021,Rashaad Penny,R.Penny,00-0034750,SEA,RB,RB,42.0,10,121.7,12.17,115.7,6.0,6,8,48,0,0.016877637130801686,-0.0034639532366313053,0.022891688430560615,119,749,6,0,0,0,0,0,253.0,0.41600000000000004,0.4810276679841897,12.17,12.45882551982061,32.5,3,RB,"https://static.www.nfl.com/image/private/f_auto,q_auto/league/mwvzwst6cfcwifblqtsj",REG,0,0,0,0,0,0,0,,,0,,0,0,0,0,0,0,28,11.201961654747095,0,19,15,11,2,0,0,-16,62,3,0.729798308356552,0,2,1,1,0,-3.0,0,0,0,0,0,0,0,0.0,0.0,0,0,0,0,0,0,0,0,0,0,0,0,0,0,0,0,0,0,1,4,0,0,0,0,0,0,0,0,0,0,0,0,0,,,0,0,0,0,0,0,0,0,0,0,0,0,,,,0,0,0,0,0,0,0,,0,0,0,0,,0,0,,0,0,0,0,0,0,0,0,0,0,,,,,,,,,,,,,,,,,,,,,,,,,,,,,,,,,,,,,,,,,,,,,,,,,,,,,,,,,,,,,,,,,,,,,,,,,,,,,,,,,,,,,,,,,,,,,,,,,,,,,,,,,,,,,,,,,,,,,,,,,,,,,,,,,,,,,,,,,,,,,,,,,,,,00-0034750,PennRa00,3139925.0,Rashaad Penny,1996-02-02,71.0,220.0,San Diego State,2018.0,1.0,27.0,SEA,2018,6,10.0,0.0,0.0,0.0,0.0,2021.0,Rashaad Penny,SEA,25.0,RB,10.0,6.0,8.0,6.0,48.0,0.0,3.0,-14.0,-2.3,62.0,10.3,-2.0,1.0,6.0,1.0,0.125,0.0,89.6,2023-08-21,2021.0,Rashaad Penny,SEA,25.0,RB,10.0,6.0,119.0,749.0,6.0,28.0,376.0,3.2,373.0,3.1,10.0,11.9,2023-08-21,,,,,,,,,,,,,,,,,,,,,,,,,,,,,,,,,,,,,,,,,,,,,,,,,,,,,,,,,,,10,6.800000000000001,0.7000000000000001,4,4,3
2021,Jamaal Williams,J.Williams,00-0033948,DET,RB,RB,43.0,13,119.8,9.215384615384615,93.8,26.0,26,28,157,0,0.049557522123893805,0.0026434047052603755,0.07618666647952296,153,601,3,0,0,0,0,0,317.0,0.38153846153846155,0.3779179810725552,9.215384615384615,6.260171210896998,25.0,1,RB,"https://static.www.nfl.com/image/upload/f_auto,q_auto/league/yxrxpgcwq5qwp88vqnp3",REG,0,0,0,0,0,0,0,,,0,,0,0,0,0,1,0,42,-3.0968296908927346,0,13,8,1,0,0,0,10,156,6,1.584870417835191,0,4,0,0,0,15.7,0,0,0,0,0,0,0,0.0,0.0,0,0,0,0,0,0,0,0,0,0,0,0,0,0,0,0,0,0,1,5,1,0,0,1,0,0,0,0,0,0,0,0,0,,,0,0,0,0,0,0,0,0,0,0,0,0,,,,0,0,0,0,0,0,0,,0,0,0,0,,0,0,,0,0,0,0,0,0,0,0,0,0,,,,,,,,,,,,,,,,,,,,,,,,,,,,,,,,,,,,,,,,,,,,,,,,,,,,,,,,,,,,,,,,,,,,,,,,,,,,,,,,,,,,,,,,,,,,,,,,,,,,,,,,,,,,,,,,,,,,,,,,,,,,,,,,,,,,,,,,,,,,,,,,,,,,00-0033948,WillJa06,2980453.0,Jamaal Williams,1995-04-03,72.0,224.0,BYU,2017.0,4.0,134.0,GB,2017,8,13.0,0.0,0.0,0.0,0.0,2021.0,Jamaal Williams,DET,26.0,RB,13.0,11.0,28.0,26.0,157.0,0.0,6.0,1.0,0.0,156.0,6.0,0.4,1.0,26.0,1.0,0.036000000000000004,0.0,90.0,2023-08-21,2021.0,Jamaal Williams,DET,26.0,RB,13.0,11.0,153.0,601.0,3.0,42.0,382.0,2.5,219.0,1.4,10.0,15.3,2023-08-21,,,,,,,,,,,,,,,,,,,,,,,,,,,,,,,,,,,,,,,,,,,,,,,,,,,,,,,,,,,13,7.7,1.1,4,1,1
2021,Clyde Edwards-Helaire,C.Edwards-Helaire,00-0036360,KC,RB,RB,44.0,10,117.60000000000001,11.760000000000002,98.60000000000001,19.0,19,23,129,2,0.03610675039246468,-0.010674723061430011,0.04668781944569601,119,517,4,0,0,0,0,0,342.0,0.511,0.34385964912280703,11.76,5.979632095706223,19.4,0,RB,"https://static.www.nfl.com/image/upload/f_auto,q_auto/league/er6tfnyxampiwn74zrui",REG,0,0,0,0,0,0,0,,,0,,0,0,0,0,2,2,21,-8.796600045228843,0,9,6,0,0,0,0,-53,169,8,-0.859723157404438,1,8,1,1,0,-2.4339622641509435,0,0,0,0,0,0,0,0.0,0.0,0,0,0,0,0,0,0,0,0,0,0,0,0,1,0,0,0,0,2,30,2,0,0,2,2,0,0,0,0,0,0,0,0,,,0,0,0,0,0,0,0,0,0,0,0,0,,,,0,0,0,0,0,0,0,,0,0,0,0,,0,0,,0,0,0,0,0,0,0,0,0,0,C.Edwards-Helaire,Clyde Edwards-Helaire,RB,RB,"https://static.www.nfl.com/image/upload/f_auto,q_auto/league/er6tfnyxampiwn74zrui",2021.0,POST,KC,2.0,0.0,0.0,0.0,0.0,0.0,0.0,0.0,0.0,0.0,0.0,0.0,0.0,,,0.0,,0.0,0.0,0.0,0.0,13.0,96.0,0.0,0.0,0.0,4.0,2.5503853741683997,0.0,3.0,3.0,2.0,0.0,2.0,4.0,13.0,0.0,0.0,0.0,3.0,12.0,0.0,-1.2727227765717544,0.0,0.0,0.0,0.0,0.0,4.333333333333333,0.03418803418803419,0.004310344827586207,0.05429929266136163,0.0,0.0,0.0,0.0,0.0,0.0,0.0,0.0,0.0,0.0,0.0,0.0,0.0,0.0,0.0,0.0,0.0,0.0,0.0,0.0,0.0,0.0,0.0,0.0,0.0,0.0,0.0,0.0,0.0,0.0,0.0,0.0,0.0,0.0,0.0,0.0,0.0,0.0,0.0,0.0,0.0,0.0,,,0.0,0.0,0.0,0.0,0.0,0.0,0.0,0.0,0.0,0.0,0.0,0.0,,,,0.0,0.0,0.0,0.0,0.0,0.0,0.0,,0.0,0.0,0.0,0.0,,0.0,0.0,,0.0,0.0,0.0,0.0,0.0,0.0,0.0,0.0,0.0,0.0,10.9,12.9,00-0036360,EdwaCl00,4242214.0,Clyde Edwards-Helaire,1999-04-11,67.0,207.0,LSU,2020.0,1.0,32.0,KC,2020,6,10.0,0.0,0.0,0.0,0.0,2021.0,Clyde Edwards-Helaire,KC,22.0,RB,10.0,10.0,23.0,19.0,129.0,2.0,8.0,-40.0,-2.1,169.0,8.9,-2.3,0.0,,1.0,0.043,1.0,100.9,2023-08-21,2021.0,Clyde Edwards-Helaire,KC,22.0,RB,10.0,10.0,119.0,517.0,4.0,21.0,309.0,2.6,208.0,1.7,7.0,17.0,2023-08-21,,,,,,,,,,,,,,,,,,,,,,,,,,,,,,,,,,,,,,,,,,,,,,,,,,,,,,,,,,,10,10.7,2.6000000000000005,7,4,0
2021,Miles Sanders,M.Sanders,00-0035243,PHI,RB,RB,45.0,12,117.2,9.766666666666667,91.2,26.0,26,34,158,0,0.07264957264957266,-0.00425531914893617,0.10599563557010366,137,754,0,0,0,0,0,0,426.0,0.5399999999999999,0.27511737089201876,9.766666666666667,4.651555621184133,17.3,0,RB,"https://static.www.nfl.com/image/upload/f_auto,q_auto/league/niyjjkzmxjmesftgjs8y",REG,0,0,0,0,0,0,0,,,0,,0,0,0,0,1,1,33,1.4463249936548688,1,20,14,7,0,0,0,-18,227,6,-6.752762110539461,0,6,4,1,0,-8.777777777777779,0,0,0,0,0,0,0,0.0,0.0,0,0,0,0,0,0,0,0,0,0,0,0,0,0,0,0,0,0,1,15,1,0,0,1,1,0,0,0,0,0,0,0,0,,,0,0,0,0,0,0,0,0,0,0,0,0,,,,0,0,0,0,0,0,0,,0,0,0,0,,0,0,,0,0,0,0,0,0,0,0,0,0,M.Sanders,Miles Sanders,RB,RB,"https://static.www.nfl.com/image/upload/f_auto,q_auto/league/niyjjkzmxjmesftgjs8y",2021.0,POST,PHI,1.0,0.0,0.0,0.0,0.0,0.0,0.0,0.0,0.0,0.0,0.0,0.0,0.0,,,0.0,,0.0,0.0,0.0,0.0,7.0,16.0,0.0,0.0,0.0,1.0,-3.215529291657731,0.0,1.0,1.0,0.0,0.0,3.0,3.0,12.0,0.0,0.0,0.0,4.0,8.0,0.0,-1.0684574445476755,0.0,0.0,0.0,0.0,0.0,3.0,0.06976744186046512,0.008602150537634409,0.11067266816704176,0.0,0.0,0.0,0.0,0.0,0.0,0.0,0.0,0.0,0.0,0.0,0.0,0.0,0.0,0.0,0.0,0.0,0.0,0.0,0.0,0.0,0.0,0.0,0.0,0.0,0.0,0.0,0.0,0.0,0.0,0.0,0.0,0.0,0.0,0.0,0.0,0.0,0.0,0.0,0.0,0.0,0.0,,,0.0,0.0,0.0,0.0,0.0,0.0,0.0,0.0,0.0,0.0,0.0,0.0,,,,0.0,0.0,0.0,0.0,0.0,0.0,0.0,,0.0,0.0,0.0,0.0,,0.0,0.0,,0.0,0.0,0.0,0.0,0.0,0.0,0.0,0.0,0.0,0.0,2.8000000000000003,5.800000000000001,00-0035243,SandMi01,4045163.0,Miles Sanders,1997-05-01,71.0,211.0,Penn State,2019.0,2.0,53.0,PHI,2019,7,12.0,0.0,0.0,0.0,0.0,2021.0,Miles Sanders,PHI,24.0,RB,12.0,12.0,34.0,26.0,158.0,0.0,6.0,-69.0,-2.7,227.0,8.7,-0.5,6.0,4.3,1.0,0.028999999999999998,0.0,85.2,2023-08-21,2021.0,Miles Sanders,PHI,24.0,RB,12.0,12.0,137.0,754.0,0.0,33.0,471.0,3.4,283.0,2.1,12.0,11.4,2023-08-21,,,,,,,,,,,,,,,,,,,,,,,,,,,,,,,,,,,,,,,,,,,,,,,,,,,,,,,,,,,12,8.1,3.7,4,3,0
2021,Ty Johnson,T.Johnson,00-0035537,NYJ,RB,RB,46.0,15,117.0,7.8,83.0,34.0,34,55,372,2,0.09466437177280551,0.03012186709588411,0.16308186462632715,61,238,2,0,0,0,0,0,409.0,0.3975,0.2860635696821516,7.800000000000001,5.866612553862993,19.6,0,RB,"https://static.www.nfl.com/image/upload/f_auto,q_auto/league/zruhihypizhtgpvsaj3c",REG,0,0,0,0,0,0,0,,,0,,0,0,0,0,1,1,13,-11.261426961747087,0,7,6,2,0,0,0,131,334,20,6.274473486671923,0,17,7,3,0,2.8396946564885495,0,2,0,1,0,0,0,0.0,0.0,0,0,0,0,0,0,0,0,0,0,0,0,0,0,0,0,0,0,0,0,2,0,0,2,1,0,0,3,57,0,0,0,0,,,0,0,0,0,0,0,0,0,0,0,0,0,,,,0,0,0,0,0,0,0,,0,0,0,0,,0,0,,0,0,0,0,0,0,0,0,0,0,,,,,,,,,,,,,,,,,,,,,,,,,,,,,,,,,,,,,,,,,,,,,,,,,,,,,,,,,,,,,,,,,,,,,,,,,,,,,,,,,,,,,,,,,,,,,,,,,,,,,,,,,,,,,,,,,,,,,,,,,,,,,,,,,,,,,,,,,,,,,,,,,,,,00-0035537,JohnTy02,3915411.0,Ty Johnson,1997-09-17,70.0,210.0,Maryland,2019.0,6.0,186.0,DET,2019,8,16.0,0.0,95.0,0.0,0.21,2021.0,Ty Johnson,NYJ,24.0,RB,16.0,3.0,55.0,34.0,372.0,2.0,20.0,38.0,1.1,334.0,9.8,2.4,3.0,11.3,7.0,0.127,1.0,86.3,2023-08-21,2021.0,Ty Johnson,NYJ,24.0,RB,16.0,3.0,61.0,238.0,2.0,13.0,174.0,2.9,64.0,1.0,3.0,20.3,2023-08-21,,,,,,,,,,,,,,,,,,,,,,,,,,,,,,,,,,,,,,,,,,,,,,,,,,,,,,,,,,,15,5.0,-0.1,5,2,0
2021,Nyheim Hines,N.Hines,00-0034367,IND,RB,RB,47.0,17,116.6,6.858823529411764,76.6,40.0,40,57,310,1,0.11354581673306773,0.02825,0.1900937250996016,56,276,2,0,0,0,0,0,352.0,0.3135294117647059,0.33125,6.858823529411765,5.7597806841416945,20.8,1,RB,"https://static.www.nfl.com/image/upload/f_auto,q_auto/league/ud1q6gh3tlkiy2w90gvm",REG,0,0,0,0,0,0,0,,,0,,0,0,0,0,0,0,15,3.9944264685792374,0,6,3,2,0,1,0,113,276,14,4.338703770994259,0,10,3,2,0,2.743362831858407,0,0,0,0,0,0,0,0.0,0.0,0,0,0,0,0,2,0,0,0,0,0,0,0,1,0,0,0,0,0,0,1,2,0,3,2,23,170,4,70,0,0,0,0,,,0,0,0,0,0,0,0,0,0,0,0,0,,,,0,0,0,0,0,0,0,,0,0,0,0,,0,0,,0,0,0,0,0,0,0,0,0,0,,,,,,,,,,,,,,,,,,,,,,,,,,,,,,,,,,,,,,,,,,,,,,,,,,,,,,,,,,,,,,,,,,,,,,,,,,,,,,,,,,,,,,,,,,,,,,,,,,,,,,,,,,,,,,,,,,,,,,,,,,,,,,,,,,,,,,,,,,,,,,,,,,,,00-0034367,HineNy00,3916430.0,Nyheim Hines,1996-11-12,69.0,196.0,N.C. State,2018.0,4.0,104.0,IND,2018,6,17.0,0.0,73.0,0.0,0.16470588235294117,2021.0,Nyheim Hines,IND,25.0,RB,17.0,4.0,57.0,40.0,310.0,1.0,15.0,34.0,0.9,276.0,6.9,2.0,2.0,20.0,2.0,0.035,0.0,89.1,2023-08-21,2021.0,Nyheim Hines,IND,25.0,RB,17.0,4.0,56.0,276.0,2.0,15.0,145.0,2.6,131.0,2.3,7.0,8.0,2023-08-21,,,,,,,,,,,,,,,,,,,,,,,,,,,,,,,,,,,,,,,,,,,,,,,,,,,,,,,,,,,17,4.9,1.8,3,2,0
2021,Rhamondre Stevenson,R.Stevenson,00-0036875,NE,RB,RB,48.0,12,114.9,9.575000000000001,100.9,14.0,14,18,123,0,0.03435114503816794,-0.0011660447761194029,0.05071048621396833,133,606,5,0,0,0,0,0,265.0,0.3491666666666667,0.4335849056603774,9.575000000000001,8.41104522744836,27.4,2,RB,"https://static.www.nfl.com/image/upload/f_auto,q_auto/league/zmpuirvuw4r04inxth5i",REG,0,0,0,0,0,0,0,,,0,,0,0,0,0,1,0,33,2.2325630819269877,0,20,13,1,0,1,1,-5,145,3,-3.037402135145385,0,3,2,2,1,-24.6,0,0,0,0,0,0,0,0.0,0.0,0,0,0,0,0,0,0,0,0,0,0,0,0,0,0,0,0,0,0,0,2,0,0,2,1,0,0,0,0,0,0,0,0,,,0,0,0,0,0,0,0,0,0,0,0,0,,,,0,0,0,0,0,0,0,,0,0,0,0,,0,0,,0,0,0,0,0,0,0,0,0,0,R.Stevenson,Rhamondre Stevenson,RB,RB,"https://static.www.nfl.com/image/upload/f_auto,q_auto/league/zmpuirvuw4r04inxth5i",2021.0,POST,NE,1.0,0.0,0.0,0.0,0.0,0.0,0.0,0.0,0.0,0.0,0.0,0.0,0.0,,,0.0,,0.0,0.0,0.0,0.0,8.0,27.0,0.0,0.0,0.0,2.0,0.631883950351039,0.0,0.0,0.0,0.0,0.0,4.0,4.0,33.0,0.0,0.0,0.0,-1.0,34.0,2.0,2.1650323889334686,0.0,2.0,0.0,0.0,0.0,-33.0,0.11428571428571428,-0.00411522633744856,0.16854791299235744,0.0,0.0,0.0,0.0,0.0,0.0,0.0,0.0,0.0,0.0,0.0,0.0,0.0,0.0,0.0,0.0,0.0,0.0,0.0,0.0,0.0,0.0,0.0,0.0,0.0,0.0,0.0,0.0,0.0,0.0,0.0,0.0,0.0,0.0,0.0,0.0,0.0,0.0,0.0,0.0,0.0,0.0,,,0.0,0.0,0.0,0.0,0.0,0.0,0.0,0.0,0.0,0.0,0.0,0.0,,,,0.0,0.0,0.0,0.0,0.0,0.0,0.0,,0.0,0.0,0.0,0.0,,0.0,0.0,,0.0,0.0,0.0,0.0,0.0,0.0,0.0,0.0,0.0,0.0,6.0,10.0,00-0036875,StevRh00,4569173.0,Rhamondre Stevenson,1998-02-23,72.0,227.0,Oklahoma; Cerritos College,2021.0,4.0,120.0,NE,2021,6,12.0,0.0,1.0,0.0,0.004166666666666667,2021.0,Rhamondre Stevenson,NE,23.0,RB,12.0,2.0,18.0,14.0,123.0,0.0,3.0,-22.0,-1.6,145.0,10.4,-0.3,5.0,2.8,1.0,0.055999999999999994,0.0,95.1,2023-08-21,2021.0,Rhamondre Stevenson,NE,23.0,RB,12.0,2.0,133.0,606.0,5.0,33.0,250.0,1.9,356.0,2.7,16.0,8.3,2023-08-21,,,,,,,,,,,,,,,,,,,,,,,,,,,,,,,,,,,,,,,,,,,,,,,,,,,,,,,,,,,12,6.4,0.10000000000000009,4,3,1
2021,Kareem Hunt,K.Hunt,00-0033923,CLE,RB,RB,49.0,8,110.0,13.75,88.0,22.0,22,27,174,0,0.05410821643286573,0.0009319664492078285,0.08181470116374408,78,386,5,0,0,0,0,0,234.0,0.4375,0.4700854700854701,13.75,9.690201236300512,27.5,2,RB,"https://static.www.nfl.com/image/upload/f_auto,q_auto/league/hktvzf8hiupoycyg1kmc",REG,0,0,0,0,0,0,0,,,0,,0,0,0,0,0,0,22,6.589269161013421,1,12,9,2,0,0,0,4,174,10,2.827636903235966,0,6,4,1,0,43.5,0,0,0,0,0,0,0,0.0,0.0,0,0,0,0,0,0,0,0,0,0,0,0,0,0,0,0,0,0,0,0,0,0,0,0,0,0,0,0,0,0,0,0,0,,,0,0,0,0,0,0,0,0,0,0,0,0,,,,0,0,0,0,0,0,0,,0,0,0,0,,0,0,,0,0,0,0,0,0,0,0,0,0,,,,,,,,,,,,,,,,,,,,,,,,,,,,,,,,,,,,,,,,,,,,,,,,,,,,,,,,,,,,,,,,,,,,,,,,,,,,,,,,,,,,,,,,,,,,,,,,,,,,,,,,,,,,,,,,,,,,,,,,,,,,,,,,,,,,,,,,,,,,,,,,,,,,00-0033923,HuntKa00,3059915.0,Kareem Hunt,1995-08-06,71.0,216.0,Toledo,2017.0,3.0,86.0,KC,2017,9,8.0,0.0,0.0,0.0,0.0,2021.0,Kareem Hunt,CLE,26.0,RB,8.0,1.0,27.0,22.0,174.0,0.0,10.0,2.0,0.1,172.0,7.8,0.1,0.0,,1.0,0.037000000000000005,0.0,93.5,2023-08-21,2021.0,Kareem Hunt,CLE,26.0,RB,8.0,1.0,78.0,386.0,5.0,22.0,165.0,2.1,221.0,2.8,9.0,8.7,2023-08-21,,,,,,,,,,,,,,,,,,,,,,,,,,,,,,,,,,,,,,,,,,,,,,,,,,,,,,,,,,,8,13.700000000000001,2.0,5,4,2
2021,Mark Ingram,M.Ingram,00-0027966,NO,RB,RB,50.0,14,108.60000000000001,7.757142857142858,81.60000000000001,27.0,27,35,162,0,0.06692160611854685,-0.0002501876407305479,0.10020727782930888,160,554,2,0,0,0,0,0,400.0,0.4407142857142857,0.2715,7.757142857142858,5.8026140376841955,20.8,1,RB,"https://static.www.nfl.com/image/private/f_auto,q_auto/league/qyju9wutyssrf0b26ran",REG,0,0,0,0,0,0,0,,,0,,0,0,0,0,1,1,22,-31.323440707754344,0,9,5,2,0,0,0,-1,164,9,-3.038120018536458,0,6,2,1,0,-162.0,0,2,0,0,0,0,0,0.0,0.0,0,0,0,0,0,0,0,0,0,0,0,0,0,0,0,0,0,0,0,0,1,0,0,1,1,0,0,0,0,0,0,0,0,,,0,0,0,0,0,0,0,0,0,0,0,0,,,,0,0,0,0,0,0,0,,0,0,0,0,,0,0,,0,0,0,0,0,0,0,0,0,0,,,,,,,,,,,,,,,,,,,,,,,,,,,,,,,,,,,,,,,,,,,,,,,,,,,,,,,,,,,,,,,,,,,,,,,,,,,,,,,,,,,,,,,,,,,,,,,,,,,,,,,,,,,,,,,,,,,,,,,,,,,,,,,,,,,,,,,,,,,,,,,,,,,,00-0027966,IngrMa01,13981.0,Mark Ingram,1989-12-21,69.0,215.0,Alabama,2011.0,1.0,28.0,NO,2011,12,14.0,0.0,0.0,0.0,0.0,2021.0,Mark Ingram,2TM,32.0,RB,14.0,10.0,35.0,27.0,162.0,0.0,9.0,-2.0,-0.1,164.0,6.1,0.0,2.0,13.5,0.0,0.0,0.0,85.7,2023-08-21,2021.0,Mark Ingram,2TM,32.0,RB,14.0,10.0,160.0,554.0,2.0,23.0,237.0,1.5,317.0,2.0,9.0,17.8,2023-08-21,,,,,,,,,,,,,,,,,,,,,,,,,,,,,,,,,,,,,,,,,,,,,,,,,,,,,,,,,,,14,5.35,1.7000000000000002,5,2,0
2021,Zack Moss,Z.Moss,00-0036251,BUF,RB,RB,51.0,13,105.2,8.092307692307692,82.2,23.0,23,32,197,1,0.051364365971107544,0.004855275443510738,0.08044524176711883,96,345,4,0,0,0,0,0,380.0,0.4269230769230769,0.2768421052631579,8.092307692307692,5.363217557036314,18.1,0,RB,"https://static.www.nfl.com/image/upload/f_auto,q_auto/league/oxrltdgoquiabhihhgnk",REG,0,0,0,0,0,0,0,,,0,,0,0,0,0,0,0,22,-9.730604019184575,0,5,2,0,0,2,1,26,200,12,-2.7341552287912223,0,8,3,1,0,7.576923076923077,0,1,0,0,0,0,0,0.0,0.0,0,0,0,0,0,0,0,0,0,0,0,0,0,0,0,0,0,0,0,0,2,0,1,2,1,0,0,0,0,0,0,0,0,,,0,0,0,0,0,0,0,0,0,0,0,0,,,,0,0,0,0,0,0,0,,0,0,0,0,,0,0,,0,0,0,0,0,0,0,0,0,0,Z.Moss,Zack Moss,RB,RB,"https://static.www.nfl.com/image/upload/f_auto,q_auto/league/oxrltdgoquiabhihhgnk",2021.0,POST,BUF,1.0,0.0,0.0,0.0,0.0,0.0,0.0,0.0,0.0,0.0,0.0,0.0,0.0,,,0.0,,0.0,0.0,0.0,0.0,1.0,0.0,0.0,0.0,0.0,0.0,-0.2565009366662707,0.0,0.0,0.0,0.0,0.0,0.0,0.0,0.0,0.0,0.0,0.0,0.0,0.0,0.0,,0.0,0.0,0.0,0.0,0.0,,0.0,0.0,0.0,0.0,0.0,0.0,0.0,0.0,0.0,0.0,0.0,0.0,0.0,0.0,0.0,0.0,0.0,0.0,0.0,0.0,0.0,0.0,0.0,0.0,0.0,0.0,0.0,0.0,0.0,0.0,0.0,0.0,0.0,0.0,0.0,0.0,0.0,0.0,0.0,0.0,0.0,0.0,0.0,0.0,0.0,,,0.0,0.0,0.0,0.0,0.0,0.0,0.0,0.0,0.0,0.0,0.0,0.0,,,,0.0,0.0,0.0,0.0,0.0,0.0,0.0,,0.0,0.0,0.0,0.0,,0.0,0.0,,0.0,0.0,0.0,0.0,0.0,0.0,0.0,0.0,0.0,0.0,0.0,0.0,00-0036251,MossZa00,4035676.0,Zack Moss,1997-12-15,70.0,220.0,Utah,2020.0,3.0,86.0,BUF,2020,5,13.0,0.0,0.0,0.0,0.0,2021.0,Zack Moss,BUF,24.0,RB,13.0,0.0,32.0,23.0,197.0,1.0,12.0,-3.0,-0.1,200.0,8.7,0.8,2.0,11.5,3.0,0.094,1.0,85.0,2023-08-21,2021.0,Zack Moss,BUF,24.0,RB,13.0,0.0,96.0,345.0,4.0,22.0,143.0,1.5,202.0,2.1,14.0,6.9,2023-08-21,,,,,,,,,,,,,,,,,,,,,,,,,,,,,,,,,,,,,,,,,,,,,,,,,,,,,,,,,,,13,5.9,0.5,5,2,0
2021,Rex Burkhead,R.Burkhead,00-0030288,HOU,RB,RB,52.0,15,104.30000000000001,6.953333333333334,79.30000000000001,25.0,25,32,186,0,0.06118546845124283,0.012509382036527395,0.1005347701024334,122,427,3,0,1,0,0,0,378.0,0.375,0.27592592592592596,6.953333333333333,7.8060294156565435,28.9,1,RB,"https://static.www.nfl.com/image/private/f_auto,q_auto/league/ysgdnkasvp07qmrkasve",REG,0,0,0,0,7,0,0,-0.4931206500623375,,0,0.0,0,0,0,0,1,0,30,-5.235464330791729,0,7,5,2,0,0,0,50,141,9,3.539262187893489,0,7,2,2,0,3.72,0,2,0,0,0,0,0,0.0,0.0,0,0,0,0,0,0,0,0,0,0,0,0,0,0,0,0,0,0,0,0,1,0,0,1,0,0,0,0,0,0,0,0,0,,,0,0,0,0,0,0,0,0,0,0,0,0,,,,0,0,0,0,0,0,0,,0,0,0,0,,0,0,,0,0,0,0,0,0,0,0,0,0,,,,,,,,,,,,,,,,,,,,,,,,,,,,,,,,,,,,,,,,,,,,,,,,,,,,,,,,,,,,,,,,,,,,,,,,,,,,,,,,,,,,,,,,,,,,,,,,,,,,,,,,,,,,,,,,,,,,,,,,,,,,,,,,,,,,,,,,,,,,,,,,,,,,00-0030288,BurkRe00,15971.0,Rex Burkhead,1990-07-02,70.0,215.0,Nebraska,2013.0,6.0,190.0,CIN,2013,10,16.0,0.0,80.0,0.0,0.19125,2021.0,Rex Burkhead,HOU,31.0,RB,16.0,5.0,32.0,25.0,186.0,0.0,9.0,45.0,1.8,141.0,5.6,1.6,1.0,25.0,0.0,0.0,0.0,90.9,2023-08-21,2021.0,Rex Burkhead,HOU,31.0,RB,16.0,5.0,122.0,427.0,3.0,30.0,210.0,1.7,217.0,1.8,2.0,61.0,2023-08-21,Rex Burkhead,HOU,1.0,1.0,0.0,0.0,0.0,0.0,0.0,2021.0,0.9,0.0,0.0,0.0,0.0,0.0,0.0,0.0,0.0,7.0,21.0,0.0,0.0,7.0,21.0,0.0,0.0,,,,,,,,,,,,,,,,,,,,,,,,,,,,,,,,15,5.5,-0.1,4,1,1
2021,D'Ernest Johnson,D.Johnson,00-0035628,CLE,RB,RB,53.0,13,104.10000000000001,8.007692307692308,85.10000000000001,19.0,19,25,137,0,0.050100200400801605,0.0013979496738117428,0.07612886537287063,100,534,3,0,0,0,0,0,331.0,0.30294117647058827,0.31450151057401815,8.007692307692308,8.801274674581853,24.8,3,RB,"https://static.www.nfl.com/image/upload/f_auto,q_auto/league/gbe2eojaxid4n3pmo0rj",REG,0,0,0,0,0,0,0,,,0,,0,0,0,0,0,0,24,6.4351156105985865,0,16,9,4,0,1,0,6,138,7,0.7006596530263778,0,4,3,0,0,22.833333333333332,0,0,0,1,0,0,0,0.0,0.0,0,0,0,0,0,0,0,0,0,0,0,0,0,1,0,0,0,0,1,5,1,0,0,1,0,0,0,6,139,0,0,0,0,,,0,0,0,0,0,0,0,0,0,0,0,0,,,,0,0,0,0,0,0,0,,0,0,0,0,,0,0,,0,0,0,0,0,0,0,0,0,0,,,,,,,,,,,,,,,,,,,,,,,,,,,,,,,,,,,,,,,,,,,,,,,,,,,,,,,,,,,,,,,,,,,,,,,,,,,,,,,,,,,,,,,,,,,,,,,,,,,,,,,,,,,,,,,,,,,,,,,,,,,,,,,,,,,,,,,,,,,,,,,,,,,,00-0035628,JohnDE04,3139602.0,D'Ernest Johnson,1996-02-27,70.0,208.0,University of South Florida,,,,,2019,7,17.0,0.0,146.0,0.0,0.3264705882352941,2021.0,DErnest Johnson,CLE,25.0,RB,17.0,2.0,25.0,19.0,137.0,0.0,7.0,-1.0,-0.1,138.0,7.3,0.2,4.0,4.8,3.0,0.12,0.0,88.2,2023-08-21,2021.0,DErnest Johnson,CLE,25.0,RB,17.0,2.0,100.0,534.0,3.0,24.0,299.0,3.0,235.0,2.4,10.0,10.0,2023-08-21,,,,,,,,,,,,,,,,,,,,,,,,,,,,,,,,,,,,,,,,,,,,,,,,,,,,,,,,,,,13,3.9000000000000004,0.0,3,3,0
2021,Latavius Murray,L.Murray,00-0030513,BAL,RB,RB,54.0,14,103.6,7.3999999999999995,93.6,10.0,10,13,75,0,0.021996615905245348,0.00019113149847094801,0.03312871590679769,119,501,6,0,0,0,0,0,378.0,0.37714285714285717,0.2740740740740741,7.4,5.2569368091489,21.0,1,RB,"https://static.www.nfl.com/image/private/f_auto,q_auto/league/zepm7ghltyeqydn0qxcg",REG,0,0,0,0,0,0,0,,,0,,0,0,0,0,0,0,36,-6.842852562328158,0,9,6,3,1,0,0,1,71,2,-0.5330616743885912,0,3,2,0,0,75.0,0,0,0,1,0,0,0,0.0,0.0,0,0,0,0,0,0,0,0,0,0,0,0,0,0,0,0,0,0,1,5,0,0,0,0,0,0,0,0,0,0,0,0,0,,,0,0,0,0,0,0,0,0,0,0,0,0,,,,0,0,0,0,0,0,0,,0,0,0,0,,0,0,,0,0,0,0,0,0,0,0,0,0,,,,,,,,,,,,,,,,,,,,,,,,,,,,,,,,,,,,,,,,,,,,,,,,,,,,,,,,,,,,,,,,,,,,,,,,,,,,,,,,,,,,,,,,,,,,,,,,,,,,,,,,,,,,,,,,,,,,,,,,,,,,,,,,,,,,,,,,,,,,,,,,,,,,00-0030513,MurrLa00,15920.0,Latavius Murray,1990-01-18,75.0,230.0,UCF,2013.0,6.0,181.0,LV,2013,10,14.0,0.0,0.0,0.0,0.0,2021.0,Latavius Murray,BAL,31.0,RB,14.0,6.0,13.0,10.0,75.0,0.0,2.0,4.0,0.4,71.0,7.1,0.1,0.0,,1.0,0.077,0.0,90.2,2023-08-21,2021.0,Latavius Murray,BAL,31.0,RB,14.0,6.0,119.0,501.0,6.0,36.0,291.0,2.4,210.0,1.8,10.0,11.9,2023-08-21,,,,,,,,,,,,,,,,,,,,,,,,,,,,,,,,,,,,,,,,,,,,,,,,,,,,,,,,,,,14,5.8,1.4000000000000001,3,1,0
2021,Kenyan Drake,K.Drake,00-0033118,LV,RB,RB,55.0,12,102.5,8.541666666666666,72.5,30.0,30,40,291,1,0.06633499170812604,0.013880742913000978,0.10921900760128975,63,254,2,0,0,0,0,0,280.0,0.3441666666666667,0.36607142857142855,8.541666666666666,6.878353176759858,21.3,1,RB,"https://static.www.nfl.com/image/private/f_auto,q_auto/league/rp5apwel9vuk49b4lykn",REG,0,0,0,0,0,0,0,,,0,,0,0,0,0,0,0,15,-9.108745722653111,0,5,4,1,0,0,0,71,259,12,5.375609657199008,0,13,6,3,0,4.098591549295775,0,0,0,0,0,0,0,0.0,0.0,0,0,0,0,0,0,0,0,0,0,0,0,0,1,0,0,0,0,0,0,1,0,0,1,0,0,0,10,192,0,0,0,0,,,0,0,0,0,0,0,0,0,0,0,0,0,,,,0,0,0,0,0,0,0,,0,0,0,0,,0,0,,0,0,0,0,0,0,0,0,0,0,,,,,,,,,,,,,,,,,,,,,,,,,,,,,,,,,,,,,,,,,,,,,,,,,,,,,,,,,,,,,,,,,,,,,,,,,,,,,,,,,,,,,,,,,,,,,,,,,,,,,,,,,,,,,,,,,,,,,,,,,,,,,,,,,,,,,,,,,,,,,,,,,,,,00-0033118,DrakKe00,2979843.0,Kenyan Drake,1994-01-26,73.0,216.0,Alabama,2016.0,3.0,73.0,MIA,2016,8,12.0,0.0,30.0,0.0,0.09500000000000001,2021.0,Kenyan Drake,LV,27.0,RB,12.0,2.0,40.0,30.0,291.0,1.0,12.0,32.0,1.1,259.0,8.6,1.8,5.0,6.0,0.0,0.0,0.0,103.2,2023-08-21,2021.0,Kenyan Drake,LV,27.0,RB,12.0,2.0,63.0,254.0,2.0,15.0,147.0,2.3,107.0,1.7,4.0,15.8,2023-08-21,,,,,,,,,,,,,,,,,,,,,,,,,,,,,,,,,,,,,,,,,,,,,,,,,,,,,,,,,,,12,6.8999999999999995,0.2,5,3,0
2021,Boston Scott,B.Scott,00-0034414,PHI,RB,RB,56.0,11,98.6,8.963636363636363,85.6,13.0,13,16,83,0,0.03418803418803419,-0.002127659574468085,0.04979268957992363,87,373,7,0,0,0,0,0,219.0,0.21,0.45022831050228307,8.963636363636363,7.826528314300375,24.6,1,RB,"https://static.www.nfl.com/image/upload/f_auto,q_auto/league/drf1wvqkjdvtu1rtxvfe",REG,0,0,0,0,0,0,0,,,0,,0,0,0,0,1,1,24,3.1922295561869576,0,7,6,2,0,0,0,-9,96,3,-4.427679989648453,0,3,3,0,0,-9.222222222222221,0,1,0,1,0,0,0,0.0,0.0,0,0,0,0,0,0,0,0,0,0,0,0,0,0,0,0,0,0,0,0,1,0,0,1,1,0,0,1,13,0,0,0,0,,,0,0,0,0,0,0,0,0,0,0,0,0,,,,0,0,0,0,0,0,0,,0,0,0,0,,0,0,,0,0,0,0,0,0,0,0,0,0,B.Scott,Boston Scott,RB,RB,"https://static.www.nfl.com/image/upload/f_auto,q_auto/league/drf1wvqkjdvtu1rtxvfe",2021.0,POST,PHI,1.0,0.0,0.0,0.0,0.0,0.0,0.0,0.0,0.0,0.0,0.0,0.0,0.0,,,0.0,,0.0,0.0,0.0,0.0,1.0,34.0,1.0,0.0,0.0,1.0,3.3861295923125,0.0,1.0,1.0,1.0,0.0,1.0,1.0,1.0,0.0,0.0,0.0,-3.0,4.0,0.0,-0.5930486558936536,0.0,0.0,0.0,0.0,0.0,-0.3333333333333333,0.023255813953488372,-0.0064516129032258064,0.030367591897974493,0.0,0.0,0.0,0.0,0.0,0.0,0.0,0.0,0.0,0.0,0.0,0.0,0.0,0.0,0.0,0.0,0.0,0.0,0.0,0.0,0.0,0.0,0.0,0.0,0.0,0.0,0.0,0.0,0.0,0.0,0.0,0.0,0.0,0.0,0.0,0.0,0.0,0.0,0.0,0.0,0.0,0.0,,,0.0,0.0,0.0,0.0,0.0,0.0,0.0,0.0,0.0,0.0,0.0,0.0,,,,0.0,0.0,0.0,0.0,0.0,0.0,0.0,,0.0,0.0,0.0,0.0,,0.0,0.0,,0.0,0.0,0.0,0.0,0.0,0.0,0.0,0.0,0.0,0.0,9.5,10.5,00-0034414,ScotBo02,3051439.0,Boston Scott,1995-04-27,66.0,203.0,Louisiana Tech,2018.0,6.0,201.0,NO,2018,6,16.0,0.0,96.0,0.0,0.215625,2021.0,Boston Scott,PHI,26.0,RB,16.0,4.0,16.0,13.0,83.0,0.0,3.0,-13.0,-1.0,96.0,7.4,-0.6,0.0,,0.0,0.0,1.0,62.2,2023-08-21,2021.0,Boston Scott,PHI,26.0,RB,16.0,4.0,87.0,373.0,7.0,24.0,209.0,2.4,164.0,1.9,4.0,21.8,2023-08-21,,,,,,,,,,,,,,,,,,,,,,,,,,,,,,,,,,,,,,,,,,,,,,,,,,,,,,,,,,,11,9.9,0.0,5,2,0
2021,D'Onta Foreman,D.Foreman,00-0033925,TEN,RB,RB,57.0,9,93.9,10.433333333333334,84.9,9.0,9,11,123,0,0.0210727969348659,-0.00024968789013732833,0.031434413879202726,133,566,3,0,0,0,0,0,230.0,0.38333333333333336,0.4082608695652174,10.433333333333334,5.14757224330072,19.200000000000003,0,RB,"https://static.www.nfl.com/image/upload/f_auto,q_auto/league/shlxaet74pmn8arznphw",REG,0,0,0,0,0,0,0,,,0,,0,0,0,0,2,1,22,-13.765064943669131,0,11,10,4,0,0,0,-1,124,6,8.979706341546262,0,5,2,1,0,-123.0,0,0,0,0,0,0,0,0.0,0.0,0,0,0,0,0,0,0,0,0,0,0,0,0,1,0,0,0,0,0,0,1,1,0,2,1,0,0,0,0,0,0,0,0,,,0,0,0,0,0,0,0,0,0,0,0,0,,,,0,0,0,0,0,0,0,,0,0,0,0,,0,0,,0,0,0,0,0,0,0,0,0,0,D.Foreman,D'Onta Foreman,RB,RB,"https://static.www.nfl.com/image/upload/f_auto,q_auto/league/shlxaet74pmn8arznphw",2021.0,POST,TEN,1.0,0.0,0.0,0.0,0.0,0.0,0.0,0.0,0.0,0.0,0.0,0.0,0.0,,,0.0,,0.0,0.0,0.0,0.0,4.0,66.0,0.0,0.0,0.0,2.0,3.054572472407017,0.0,2.0,1.0,1.0,1.0,0.0,0.0,0.0,0.0,0.0,0.0,0.0,0.0,0.0,,0.0,0.0,0.0,0.0,0.0,,0.0,0.0,0.0,0.0,0.0,0.0,0.0,0.0,0.0,0.0,0.0,0.0,0.0,0.0,0.0,0.0,0.0,0.0,0.0,0.0,0.0,0.0,0.0,0.0,0.0,0.0,0.0,0.0,0.0,0.0,0.0,0.0,0.0,0.0,0.0,0.0,0.0,0.0,0.0,0.0,0.0,0.0,0.0,0.0,0.0,,,0.0,0.0,0.0,0.0,0.0,0.0,0.0,0.0,0.0,0.0,0.0,0.0,,,,0.0,0.0,0.0,0.0,0.0,0.0,0.0,,0.0,0.0,0.0,0.0,,0.0,0.0,,0.0,0.0,0.0,0.0,0.0,0.0,0.0,0.0,0.0,0.0,6.6000000000000005,6.6000000000000005,00-0033925,ForeDO00,3125116.0,D'Onta Foreman,1996-04-24,73.0,236.0,Texas,2017.0,3.0,89.0,HOU,2017,6,9.0,0.0,0.0,0.0,0.0,2021.0,DOnta Foreman,TEN,25.0,RB,9.0,3.0,11.0,9.0,123.0,0.0,6.0,2.0,0.2,121.0,13.4,0.2,1.0,9.0,1.0,0.091,0.0,113.3,2023-08-21,2021.0,DOnta Foreman,TEN,25.0,RB,9.0,3.0,133.0,566.0,3.0,22.0,267.0,2.0,299.0,2.2,11.0,12.1,2023-08-21,,,,,,,,,,,,,,,,,,,,,,,,,,,,,,,,,,,,,2021.0,Regular,Season Total,TEN,D. Foreman,,99.9,0.9,2.0,0.9,0.0,0.9,0.0,0.0,99.8,0.0,D'Onta,Foreman,D'Onta Foreman,https://a.espncdn.com/i/headshots/nfl/players/full/3125116.png,Titans,False,9,9.8,2.9000000000000004,4,2,0
2021,Ameer Abdullah,A.Abdullah,00-0032104,CAR,RB,RB,58.0,17,89.5,5.264705882352941,51.5,38.0,38,53,289,1,0.09169550173010381,0.008880627839735646,0.14375969208297065,51,166,0,0,0,0,0,0,314.0,0.27588235294117647,0.28503184713375795,5.264705882352941,5.355947765856968,17.200000000000003,0,RB,"https://static.www.nfl.com/image/upload/f_auto,q_auto/league/k8teyeiqchljlm0h5te4",REG,0,0,0,0,0,0,0,,,0,,0,0,0,0,0,0,8,-10.994161704570974,0,3,2,0,0,0,0,43,294,13,-6.7150995295368245,0,12,4,1,0,6.72093023255814,0,0,0,0,0,0,0,0.0,0.0,0,0,0,0,0,0,0,0,0,0,0,0,0,0,0,0,0,0,0,0,0,0,0,0,0,0,0,29,646,0,0,0,0,,,0,0,0,0,0,0,0,0,0,0,0,0,,,,0,0,0,0,0,0,0,,0,0,0,0,,0,0,,0,0,0,0,0,0,0,0,0,0,,,,,,,,,,,,,,,,,,,,,,,,,,,,,,,,,,,,,,,,,,,,,,,,,,,,,,,,,,,,,,,,,,,,,,,,,,,,,,,,,,,,,,,,,,,,,,,,,,,,,,,,,,,,,,,,,,,,,,,,,,,,,,,,,,,,,,,,,,,,,,,,,,,,00-0032104,AbduAm00,2576336.0,Ameer Abdullah,1993-06-13,69.0,203.0,Nebraska,2015.0,2.0,54.0,DET,2015,12,17.0,0.0,107.0,0.0,0.23,2021.0,Ameer Abdullah,2TM,28.0,RB,17.0,1.0,53.0,38.0,289.0,1.0,13.0,-5.0,-0.1,294.0,7.7,0.8,5.0,7.6,2.0,0.038,1.0,83.0,2023-08-21,2021.0,Ameer Abdullah,2TM,28.0,RB,17.0,1.0,51.0,166.0,0.0,8.0,86.0,1.7,80.0,1.6,3.0,17.0,2023-08-21,,,,,,,,,,,,,,,,,,,,,,,,,,,,,,,,,,,,,,,,,,,,,,,,,,,,,,,,,,,17,3.9000000000000004,0.0,2,2,0
2021,Justin Jackson,J.Jackson,00-0034440,LAC,RB,RB,59.0,14,86.2,6.1571428571428575,64.2,22.0,22,25,178,0,0.03793626707132018,0.003935458480913027,0.05965922154361939,68,364,2,0,0,0,0,0,231.0,0.23642857142857143,0.3731601731601732,6.157142857142858,8.770116593007478,34.2,1,RB,"https://static.www.nfl.com/image/private/f_auto,q_auto/league/n7pvb1trbn9rtttlw7df",REG,0,0,0,0,0,0,0,,,0,,0,0,0,0,1,1,18,0.012217570329580707,0,7,6,2,1,0,0,20,165,8,5.932369897374883,0,5,2,1,0,8.9,0,6,0,1,0,0,0,0.0,0.0,0,0,0,0,0,0,0,0,0,0,0,0,0,0,0,0,0,0,1,5,1,0,0,1,1,0,0,0,0,0,0,0,0,,,0,0,0,0,0,0,0,0,0,0,0,0,,,,0,0,0,0,0,0,0,,0,0,0,0,,0,0,,0,0,0,0,0,0,0,0,0,0,,,,,,,,,,,,,,,,,,,,,,,,,,,,,,,,,,,,,,,,,,,,,,,,,,,,,,,,,,,,,,,,,,,,,,,,,,,,,,,,,,,,,,,,,,,,,,,,,,,,,,,,,,,,,,,,,,,,,,,,,,,,,,,,,,,,,,,,,,,,,,,,,,,,00-0034440,JackJu01,3116136.0,Justin Jackson,1996-04-22,72.0,200.0,Northwestern,2018.0,7.0,251.0,LAC,2018,5,14.0,0.0,125.0,0.0,0.3507142857142857,2021.0,Justin Jackson,LAC,25.0,RB,14.0,2.0,25.0,22.0,178.0,0.0,8.0,13.0,0.6,165.0,7.5,0.8,1.0,22.0,2.0,0.08,0.0,96.3,2023-08-21,2021.0,Justin Jackson,LAC,25.0,RB,14.0,2.0,68.0,364.0,2.0,18.0,257.0,3.8,107.0,1.6,0.0,,2023-08-21,,,,,,,,,,,,,,,,,,,,,,,,,,,,,,,,,,,,,,,,,,,,,,,,,,,,,,,,,,,14,4.0,0.0,2,1,1
2021,Samaje Perine,S.Perine,00-0033526,CIN,RB,RB,60.0,15,83.2,5.546666666666667,56.2,27.0,27,31,196,1,0.05740740740740741,0.0015919945417329998,0.08722550729032422,55,246,1,0,0,0,0,0,276.0,0.26375,0.30144927536231886,5.546666666666667,4.872791318956235,18.3,0,RB,"https://static.www.nfl.com/image/upload/f_auto,q_auto/league/fllwhcdovol5i7xxahf6",REG,0,0,0,0,0,0,0,,,0,,0,0,0,0,0,0,11,-6.755318701545761,0,7,4,2,1,0,0,7,198,9,6.5990928642650015,0,8,1,1,0,28.0,0,6,0,0,0,0,0,0.0,0.0,0,0,0,0,0,0,0,0,0,0,0,0,0,0,0,0,0,0,0,0,0,0,0,0,0,0,0,0,0,0,0,0,0,,,0,0,0,0,0,0,0,0,0,0,0,0,,,,0,0,0,0,0,0,0,,0,0,0,0,,0,0,,0,0,0,0,0,0,0,0,0,0,S.Perine,Samaje Perine,RB,RB,"https://static.www.nfl.com/image/upload/f_auto,q_auto/league/fllwhcdovol5i7xxahf6",2021.0,POST,CIN,4.0,0.0,0.0,0.0,0.0,0.0,0.0,0.0,0.0,0.0,0.0,0.0,0.0,,,0.0,,0.0,0.0,0.0,0.0,3.0,2.0,0.0,0.0,0.0,0.0,-3.4425071409204975,0.0,0.0,0.0,0.0,0.0,4.0,7.0,47.0,1.0,0.0,0.0,-6.0,59.0,1.0,-5.507032113711354,0.0,1.0,1.0,1.0,1.0,-7.833333333333333,0.051470588235294115,-0.006779661016949152,0.07246011964107678,0.0,1.0,0.0,0.0,0.0,0.0,0.0,0.0,0.0,0.0,0.0,0.0,0.0,0.0,0.0,0.0,0.0,0.0,0.0,0.0,0.0,0.0,0.0,0.0,0.0,0.0,0.0,0.0,0.0,0.0,0.0,0.0,0.0,0.0,0.0,0.0,0.0,0.0,0.0,0.0,0.0,0.0,,,0.0,0.0,0.0,0.0,0.0,0.0,0.0,0.0,0.0,0.0,0.0,0.0,,,,0.0,0.0,0.0,0.0,0.0,0.0,0.0,,0.0,0.0,0.0,0.0,,0.0,0.0,,0.0,0.0,0.0,0.0,0.0,0.0,0.0,0.0,0.0,0.0,10.9,14.9,00-0033526,PeriSa00,3116389.0,Samaje Perine,1995-09-16,70.0,240.0,Oklahoma,2017.0,4.0,114.0,WAS,2017,10,16.0,0.0,272.0,0.0,0.608125,2021.0,Samaje Perine,CIN,26.0,RB,16.0,0.0,31.0,27.0,196.0,1.0,9.0,-2.0,-0.1,198.0,7.3,0.2,2.0,13.5,1.0,0.032,0.0,103.8,2023-08-21,2021.0,Samaje Perine,CIN,26.0,RB,16.0,0.0,55.0,246.0,1.0,11.0,116.0,2.1,130.0,2.4,2.0,27.5,2023-08-21,,,,,,,,,,,,,,,,,,,,,,,,,,,,,,,,,,,,,,,,,,,,,,,,,,,,,,,,,,,15,3.9000000000000004,0.0,2,1,0
2021,David Johnson,D.Johnson,00-0032187,HOU,RB,RB,61.0,13,81.30000000000001,6.253846153846155,49.300000000000004,32.00000000000001,32,42,225,1,0.08030592734225621,0.021766324743557667,0.13569531833387466,67,228,0,0,0,0,0,0,317.0,0.40230769230769237,0.25646687697160886,6.253846153846154,3.537328413886998,11.8,0,RB,"https://static.www.nfl.com/image/private/f_auto,q_auto/league/y7dtsyyjnoafefkbylbb",REG,0,0,0,0,0,0,0,,,0,,0,0,0,0,1,1,7,-21.67845288425451,0,3,2,0,0,0,0,87,191,11,-8.568709173098455,0,9,1,0,0,2.586206896551724,0,1,0,0,0,0,0,0.0,0.0,0,0,0,0,0,0,0,0,0,0,0,0,0,0,0,0,0,0,0,0,1,0,0,1,1,0,0,0,0,0,0,0,0,,,0,0,0,0,0,0,0,0,0,0,0,0,,,,0,0,0,0,0,0,0,,0,0,0,0,,0,0,,0,0,0,0,0,0,0,0,0,0,,,,,,,,,,,,,,,,,,,,,,,,,,,,,,,,,,,,,,,,,,,,,,,,,,,,,,,,,,,,,,,,,,,,,,,,,,,,,,,,,,,,,,,,,,,,,,,,,,,,,,,,,,,,,,,,,,,,,,,,,,,,,,,,,,,,,,,,,,,,,,,,,,,,00-0032187,JohnDa08,2508176.0,David Johnson,1991-12-16,73.0,224.0,Northern Iowa,2015.0,3.0,86.0,ARI,2015,8,13.0,0.0,0.0,0.0,0.0,2021.0,David Johnson,HOU,30.0,RB,13.0,4.0,42.0,32.0,225.0,1.0,11.0,34.0,1.1,191.0,6.0,2.3,1.0,32.0,1.0,0.024,1.0,85.9,2023-08-21,2021.0,David Johnson,HOU,30.0,RB,13.0,4.0,67.0,228.0,0.0,7.0,109.0,1.6,119.0,1.8,4.0,16.8,2023-08-21,,,,,,,,,,,,,,,,,,,,,,,,,,,,,,,,,,,,,,,,,,,,,,,,,,,,,,,,,,,13,6.7,1.1,3,0,0
2021,Ronald Jones,R.Jones,00-0034816,TB,RB,RB,62.0,15,79.2,5.28,69.2,10.0,10,13,64,0,0.018156424581005588,-0.002544960977265015,0.025453164187422873,101,428,4,0,0,0,0,0,219.0,0.194375,0.36164383561643837,5.28,4.459692494203737,16.1,0,RB,"https://static.www.nfl.com/image/private/f_auto,q_auto/league/juku3wy4sv0xwobxw7xp",REG,0,0,0,0,0,0,0,,,0,,0,0,0,0,2,2,25,-3.8528177159896586,0,8,6,1,0,0,0,-15,77,2,0.27778822398977354,0,2,0,0,0,-4.266666666666667,0,0,0,0,0,0,0,0.0,0.0,0,0,0,0,0,0,0,0,0,0,0,0,0,0,0,0,0,0,1,5,2,0,0,2,2,0,0,0,0,0,0,0,0,,,0,0,0,0,0,0,0,0,0,0,0,0,,,,0,0,0,0,0,0,0,,0,0,0,0,,0,0,,0,0,0,0,0,0,0,0,0,0,,,,,,,,,,,,,,,,,,,,,,,,,,,,,,,,,,,,,,,,,,,,,,,,,,,,,,,,,,,,,,,,,,,,,,,,,,,,,,,,,,,,,,,,,,,,,,,,,,,,,,,,,,,,,,,,,,,,,,,,,,,,,,,,,,,,,,,,,,,,,,,,,,,,00-0034816,JoneRo01,3912550.0,Ronald Jones,1997-08-03,72.0,218.0,USC,2018.0,2.0,38.0,TB,2018,6,16.0,0.0,0.0,0.0,0.0,2021.0,Ronald Jones,TB,24.0,RB,16.0,3.0,13.0,10.0,64.0,0.0,2.0,-13.0,-1.3,77.0,7.7,-1.2,1.0,10.0,1.0,0.077,0.0,86.7,2023-08-21,2021.0,Ronald Jones,TB,24.0,RB,16.0,3.0,101.0,428.0,4.0,25.0,242.0,2.4,186.0,1.8,5.0,20.2,2023-08-21,,,,,,,,,,,,,,,,,,,,,,,,,,,,,,,,,,,,,,,,,,,,,,,,,,,,,,,,,,,15,4.300000000000001,-0.5999999999999999,1,1,0
2021,Khalil Herbert,K.Herbert,00-0036906,CHI,RB,RB,63.0,16,78.9,4.93125,64.9,14.0,14,16,96,0,0.030534351145038167,-0.0011123470522803114,0.04502288378096103,103,433,2,0,0,0,0,0,313.0,0.2752941176470588,0.25207667731629396,4.93125,6.345257415319466,19.200000000000003,0,RB,"https://static.www.nfl.com/image/upload/f_auto,q_auto/league/gjwksf9ygntjmtceeerh",REG,0,0,0,0,0,0,0,,,0,,0,0,0,0,0,0,24,-2.985199351911433,0,9,7,4,0,0,0,-5,101,6,-0.7655202172282789,0,5,2,1,0,-19.2,0,1,0,2,0,0,0,0.0,0.0,0,0,0,0,0,0,0,0,0,0,0,0,0,3,0,0,0,0,0,0,1,0,0,1,0,0,0,27,650,0,0,0,0,,,0,0,0,0,0,0,0,0,0,0,0,0,,,,0,0,0,0,0,0,0,,0,0,0,0,,0,0,,0,0,0,0,0,0,0,0,0,0,,,,,,,,,,,,,,,,,,,,,,,,,,,,,,,,,,,,,,,,,,,,,,,,,,,,,,,,,,,,,,,,,,,,,,,,,,,,,,,,,,,,,,,,,,,,,,,,,,,,,,,,,,,,,,,,,,,,,,,,,,,,,,,,,,,,,,,,,,,,,,,,,,,,00-0036906,HerbKh00,4035886.0,Khalil Herbert,1998-04-21,69.0,212.0,Virginia Tech,2021.0,6.0,217.0,CHI,2021,5,17.0,0.0,154.0,0.0,0.37588235294117645,2021.0,Khalil Herbert,CHI,23.0,RB,17.0,2.0,16.0,14.0,96.0,0.0,6.0,-5.0,-0.4,101.0,7.2,-0.3,1.0,14.0,1.0,0.063,0.0,91.7,2023-08-21,2021.0,Khalil Herbert,CHI,23.0,RB,17.0,2.0,103.0,433.0,2.0,24.0,247.0,2.4,186.0,1.8,9.0,11.4,2023-08-21,,,,,,,,,,,,,,,,,,,,,,,,,,,,,,,,,,,,,,,,,,,,,,,,,,,,,,,,,,,16,1.2000000000000002,0.0,2,2,0
2021,Kyle Juszczyk,K.Juszczyk,00-0029892,SF,RB,FB,64.0,15,73.8,4.92,43.8,30.0,30,38,296,1,0.07645875251509054,0.067949038221334,0.16225245552756962,8,22,1,0,0,0,0,0,610.0,0.5535294117647059,0.12098360655737704,4.92,3.7246668115608483,15.100000000000001,0,RB,"https://static.www.nfl.com/image/upload/f_auto,q_auto/league/tsejiiddtouukwyyqr9q",REG,0,0,0,0,0,0,0,,,0,,0,0,0,0,0,0,3,-1.8524113975581713,0,0,0,0,0,0,0,272,151,16,14.139383341952438,0,13,4,2,0,1.088235294117647,0,1,0,2,0,0,0,0.0,0.0,0,0,0,0,0,0,0,0,0,0,0,0,0,0,0,0,0,0,1,10,0,0,0,0,0,0,0,0,0,0,0,0,0,,,0,0,0,0,0,0,0,0,0,0,0,0,,,,0,0,0,0,0,0,0,,0,0,0,0,,0,0,,0,0,0,0,0,0,0,0,0,0,K.Juszczyk,Kyle Juszczyk,FB,RB,"https://static.www.nfl.com/image/upload/f_auto,q_auto/league/tsejiiddtouukwyyqr9q",2021.0,POST,SF,3.0,0.0,0.0,0.0,0.0,0.0,0.0,0.0,0.0,0.0,0.0,0.0,0.0,,,0.0,,0.0,0.0,0.0,0.0,3.0,14.0,0.0,0.0,0.0,1.0,-0.6233395115871856,0.0,1.0,1.0,0.0,0.0,2.0,3.0,15.0,0.0,0.0,0.0,24.0,6.0,0.0,-0.4781857053450824,0.0,1.0,0.0,0.0,0.0,0.625,0.041666666666666664,0.056338028169014086,0.10193661971830986,0.0,0.0,0.0,0.0,0.0,0.0,0.0,0.0,0.0,0.0,0.0,0.0,0.0,0.0,0.0,0.0,0.0,0.0,0.0,0.0,0.0,0.0,0.0,0.0,0.0,0.0,0.0,0.0,0.0,0.0,0.0,0.0,0.0,0.0,0.0,0.0,0.0,0.0,0.0,0.0,0.0,0.0,,,0.0,0.0,0.0,0.0,0.0,0.0,0.0,0.0,0.0,0.0,0.0,0.0,,,,0.0,0.0,0.0,0.0,0.0,0.0,0.0,,0.0,0.0,0.0,0.0,,0.0,0.0,,0.0,0.0,0.0,0.0,0.0,0.0,0.0,0.0,0.0,0.0,2.9000000000000004,4.9,00-0029892,JuszKy00,16002.0,Kyle Juszczyk,1991-04-23,74.0,235.0,Harvard,2013.0,4.0,130.0,BAL,2013,14,17.0,0.0,78.0,0.0,0.1723529411764706,2021.0,Kyle Juszczyk,SF,30.0,FB,17.0,16.0,38.0,30.0,296.0,1.0,16.0,145.0,4.8,151.0,5.0,7.2,3.0,10.0,0.0,0.0,0.0,107.9,2023-08-21,2021.0,Kyle Juszczyk,SF,30.0,FB,17.0,16.0,8.0,22.0,1.0,3.0,14.0,1.8,8.0,1.0,0.0,,2023-08-21,,,,,,,,,,,,,,,,,,,,,,,,,,,,,,,,,,,,,,,,,,,,,,,,,,,,,,,,,,,15,3.7,1.5,1,1,0
2021,Jeremy McNichols,J.McNichols,00-0033955,TEN,RB,RB,65.0,13,73.6,5.661538461538461,45.6,27.999999999999993,28,38,240,1,0.07279693486590039,-0.0004993757802746567,0.10884583925265832,41,156,0,0,0,0,0,0,269.0,0.2714285714285714,0.27360594795539034,5.661538461538462,4.114919695761279,16.5,0,RB,"https://static.www.nfl.com/image/upload/f_auto,q_auto/league/xcrgrtlk6ukrshtlnr5e",REG,0,0,0,0,0,0,0,,,0,,0,0,0,0,0,0,6,-8.747554565604368,0,5,3,0,0,0,0,-2,255,11,6.061123160049345,0,11,3,3,0,-120.0,0,0,0,0,0,0,0,0.0,0.0,0,0,0,0,0,0,0,0,0,0,0,0,0,0,0,0,0,0,0,0,0,0,0,0,0,0,0,2,31,0,0,0,0,,,0,0,0,0,0,0,0,0,0,0,0,0,,,,0,0,0,0,0,0,0,,0,0,0,0,,0,0,,0,0,0,0,0,0,0,0,0,0,,,,,,,,,,,,,,,,,,,,,,,,,,,,,,,,,,,,,,,,,,,,,,,,,,,,,,,,,,,,,,,,,,,,,,,,,,,,,,,,,,,,,,,,,,,,,,,,,,,,,,,,,,,,,,,,,,,,,,,,,,,,,,,,,,,,,,,,,,,,,,,,,,,,00-0033955,McNiJe00,3127586.0,Jeremy McNichols,1995-12-26,69.0,205.0,Boise State,2017.0,5.0,162.0,TB,2017,6,14.0,0.0,15.0,0.0,0.041428571428571426,2021.0,Jeremy McNichols,TEN,26.0,RB,14.0,0.0,38.0,28.0,240.0,1.0,11.0,-8.0,-0.3,248.0,8.9,0.1,0.0,,2.0,0.053,0.0,98.6,2023-08-21,2021.0,Jeremy McNichols,TEN,26.0,RB,14.0,0.0,41.0,156.0,0.0,6.0,96.0,2.3,60.0,1.5,1.0,41.0,2023-08-21,,,,,,,,,,,,,,,,,,,,,,,,,,,,,,,,,,,,,,,,,,,,,,,,,,,,,,,,,,,13,5.9,1.4000000000000001,1,1,0
2021,Dontrell Hilliard,D.Hilliard,00-0034253,TEN,RB,RB,66.0,8,72.7,9.0875,53.7,19.0,19,26,87,0,0.04980842911877394,-0.005742821473158552,0.07069266864694992,56,350,2,0,0,0,0,0,198.0,0.34875,0.3671717171717172,9.0875,7.332985651931182,18.3,0,RB,"https://static.www.nfl.com/image/private/f_auto,q_auto/league/ukhyslngeuojxkjqfq9f",REG,0,0,0,0,0,0,0,,,0,,0,0,0,0,1,1,15,9.060534117830684,0,11,7,2,1,1,0,-23,108,7,-6.92588988899954,0,2,1,1,0,-3.782608695652174,0,2,0,1,0,0,0,0.0,0.0,0,0,0,0,0,0,0,0,0,0,0,0,0,1,0,0,0,0,1,5,2,0,0,2,1,0,0,8,177,0,0,0,0,,,0,0,0,0,0,0,0,0,0,0,0,0,,,,0,0,0,0,0,0,0,,0,0,0,0,,0,0,,0,0,0,0,0,0,0,0,0,0,D.Hilliard,Dontrell Hilliard,RB,RB,"https://static.www.nfl.com/image/private/f_auto,q_auto/league/ukhyslngeuojxkjqfq9f",2021.0,POST,TEN,1.0,0.0,0.0,0.0,0.0,0.0,0.0,0.0,0.0,0.0,0.0,0.0,0.0,,,0.0,,0.0,0.0,0.0,0.0,0.0,0.0,0.0,0.0,0.0,0.0,,0.0,0.0,0.0,0.0,0.0,3.0,3.0,13.0,0.0,0.0,0.0,9.0,4.0,1.0,-0.19066331376849366,0.0,0.0,0.0,0.0,0.0,1.4444444444444444,0.125,0.034482758620689655,0.21163793103448275,0.0,0.0,0.0,0.0,0.0,0.0,0.0,0.0,0.0,0.0,0.0,0.0,0.0,0.0,0.0,0.0,0.0,0.0,0.0,0.0,0.0,0.0,0.0,0.0,0.0,0.0,0.0,0.0,0.0,0.0,0.0,0.0,0.0,0.0,0.0,0.0,1.0,26.0,0.0,0.0,0.0,0.0,,,0.0,0.0,0.0,0.0,0.0,0.0,0.0,0.0,0.0,0.0,0.0,0.0,,,,0.0,0.0,0.0,0.0,0.0,0.0,0.0,,0.0,0.0,0.0,0.0,,0.0,0.0,,0.0,0.0,0.0,0.0,0.0,0.0,0.0,0.0,0.0,0.0,1.3,4.3,00-0034253,HillDo00,3126246.0,Dontrell Hilliard,1995-02-26,71.0,202.0,Tulane,,,,,2018,5,8.0,0.0,38.0,0.0,0.17,2021.0,Dontrell Hilliard,TEN,26.0,RB,8.0,5.0,26.0,19.0,87.0,0.0,7.0,-21.0,-1.1,108.0,5.7,-0.9,0.0,,3.0,0.115,1.0,60.9,2023-08-21,2021.0,Dontrell Hilliard,TEN,26.0,RB,8.0,5.0,56.0,350.0,2.0,15.0,214.0,3.8,136.0,2.4,4.0,14.0,2023-08-21,,,,,,,,,,,,,,,,,,,,,,,,,,,,,,,,,,,,,,,,,,,,,,,,,,,,,,,,,,,8,8.350000000000001,0.0,3,3,0
2021,Alex Collins,A.Collins,00-0032426,SEA,RB,RB,67.0,11,68.80000000000001,6.254545454545456,59.800000000000004,9.000000000000007,9,10,87,0,0.02109704641350211,0.00043299415457891317,0.0319486655284584,108,411,2,0,0,0,0,0,257.0,0.4018181818181818,0.26770428015564207,6.254545454545454,5.473273908067024,16.8,0,RB,"https://static.www.nfl.com/image/private/f_auto,q_auto/league/ddlhbm7zsi5o69wh6z5o",REG,0,0,0,0,0,0,0,,,0,,0,0,0,0,0,0,22,-12.090981805406045,0,9,6,2,0,1,1,2,96,3,-1.4314415454573464,0,3,2,2,0,43.5,0,0,0,0,0,0,0,0.0,0.0,0,0,0,0,0,0,0,0,0,0,0,0,0,0,0,0,0,0,1,10,1,0,0,1,1,0,0,0,0,0,0,0,0,,,0,0,0,0,0,0,0,0,0,0,0,0,,,,0,0,0,0,0,0,0,,0,0,0,0,,0,0,,0,0,0,0,0,0,0,0,0,0,,,,,,,,,,,,,,,,,,,,,,,,,,,,,,,,,,,,,,,,,,,,,,,,,,,,,,,,,,,,,,,,,,,,,,,,,,,,,,,,,,,,,,,,,,,,,,,,,,,,,,,,,,,,,,,,,,,,,,,,,,,,,,,,,,,,,,,,,,,,,,,,,,,,00-0032426,CollAl00,3046409.0,Alex Collins,1994-08-26,70.0,210.0,Arkansas,2016.0,5.0,171.0,SEA,2016,4,11.0,0.0,0.0,0.0,0.0,2021.0,Alex Collins,SEA,27.0,RB,11.0,6.0,10.0,9.0,87.0,0.0,3.0,-9.0,-1.0,96.0,10.7,0.2,1.0,9.0,0.0,0.0,0.0,102.9,2023-08-21,2021.0,Alex Collins,SEA,27.0,RB,11.0,6.0,108.0,411.0,2.0,22.0,238.0,2.2,173.0,1.6,6.0,18.0,2023-08-21,,,,,,,,,,,,,,,,,,,,,,,,,,,,,,,,,,,,,,,,,,,,,,,,,,,,,,,,,,,11,4.4,0.8,2,2,0
2021,Jordan Howard,J.Howard,00-0032780,PHI,RB,RB,68.0,7,62.5,8.928571428571429,60.5,2.0,2,5,19,0,0.010683760683760684,0.002127659574468085,0.017515002727768684,86,406,3,0,0,0,0,0,153.0,0.3385714285714286,0.4084967320261438,8.928571428571429,4.959406646536889,17.7,0,RB,"https://static.www.nfl.com/image/private/f_auto,q_auto/league/nbvb6bsrmjupmqrrf1n4",REG,0,0,0,0,0,0,0,,,0,,0,0,0,0,0,0,24,-0.5718935054627887,0,9,6,1,0,0,0,9,14,2,-0.8270643803989515,0,1,0,0,0,2.111111111111111,0,1,0,0,0,0,0,0.0,0.0,0,0,0,0,0,0,0,0,0,0,0,0,0,1,0,0,0,0,0,0,0,0,0,0,0,0,0,0,0,0,0,0,0,,,0,0,0,0,0,0,0,0,0,0,0,0,,,,0,0,0,0,0,0,0,,0,0,0,0,,0,0,,0,0,0,0,0,0,0,0,0,0,J.Howard,Jordan Howard,RB,RB,"https://static.www.nfl.com/image/private/f_auto,q_auto/league/nbvb6bsrmjupmqrrf1n4",2021.0,POST,PHI,1.0,0.0,0.0,0.0,0.0,0.0,0.0,0.0,0.0,0.0,0.0,0.0,0.0,,,0.0,,0.0,0.0,0.0,0.0,0.0,0.0,0.0,0.0,0.0,0.0,,0.0,0.0,0.0,0.0,0.0,1.0,1.0,7.0,0.0,0.0,0.0,-4.0,11.0,0.0,-0.30390275991521776,0.0,0.0,0.0,0.0,0.0,-1.75,0.023255813953488372,-0.008602150537634409,0.028862215553888473,0.0,0.0,0.0,0.0,0.0,0.0,0.0,0.0,0.0,0.0,0.0,0.0,0.0,0.0,0.0,0.0,0.0,0.0,0.0,0.0,0.0,0.0,0.0,0.0,0.0,0.0,0.0,0.0,0.0,0.0,0.0,0.0,0.0,0.0,0.0,0.0,0.0,0.0,0.0,0.0,0.0,0.0,,,0.0,0.0,0.0,0.0,0.0,0.0,0.0,0.0,0.0,0.0,0.0,0.0,,,,0.0,0.0,0.0,0.0,0.0,0.0,0.0,,0.0,0.0,0.0,0.0,,0.0,0.0,,0.0,0.0,0.0,0.0,0.0,0.0,0.0,0.0,0.0,0.0,0.7000000000000001,1.7000000000000002,00-0032780,HowaJo00,3060022.0,Jordan Howard,1994-11-02,72.0,222.0,Indiana; UAB,2016.0,5.0,150.0,CHI,2016,7,7.0,0.0,16.0,0.0,0.09,2021.0,Jordan Howard,PHI,27.0,RB,7.0,0.0,5.0,2.0,19.0,0.0,2.0,5.0,2.5,14.0,7.0,1.8,0.0,,1.0,0.2,0.0,51.2,2023-08-21,2021.0,Jordan Howard,PHI,27.0,RB,7.0,0.0,86.0,406.0,3.0,24.0,208.0,2.4,198.0,2.3,7.0,12.3,2023-08-21,,,,,,,,,,,,,,,,,,,,,,,,,,,,,,,,,,,,,,,,,,,,,,,,,,,,,,,,,,,7,7.6000000000000005,2.6,2,1,0
2021,Travis Homer,T.Homer,00-0035594,SEA,RB,RB,69.0,14,61.800000000000004,4.414285714285715,45.800000000000004,16.0,16,20,161,0,0.04219409282700422,0.010391859709893916,0.07056544103743208,21,177,1,0,0,0,0,0,181.0,0.21428571428571427,0.34143646408839784,4.414285714285714,5.040124715010249,19.0,0,RB,"https://static.www.nfl.com/image/upload/f_auto,q_auto/league/dyyclvfaagspov2ydf3i",REG,0,0,0,0,0,0,0,,,0,,0,0,0,0,0,0,7,9.715260278120137,0,4,4,2,1,0,0,48,128,8,-4.347545719676418,0,6,3,3,0,3.3541666666666665,1,6,0,5,0,0,1,0.0,0.0,0,0,0,0,0,0,0,0,0,0,0,0,0,0,0,1,0,0,0,0,0,0,0,0,0,0,0,1,44,0,0,0,0,,,0,0,0,0,0,0,0,0,0,0,0,0,,,,0,0,0,0,0,0,0,,0,0,0,0,,0,0,,0,0,0,0,0,0,0,0,0,0,,,,,,,,,,,,,,,,,,,,,,,,,,,,,,,,,,,,,,,,,,,,,,,,,,,,,,,,,,,,,,,,,,,,,,,,,,,,,,,,,,,,,,,,,,,,,,,,,,,,,,,,,,,,,,,,,,,,,,,,,,,,,,,,,,,,,,,,,,,,,,,,,,,,00-0035594,HomeTr00,4037457.0,Travis Homer,1998-08-07,70.0,202.0,Miami,2019.0,6.0,204.0,SEA,2019,8,14.0,0.0,260.0,0.0,0.6735714285714286,2021.0,Travis Homer,SEA,23.0,RB,14.0,0.0,20.0,16.0,161.0,0.0,8.0,33.0,2.1,128.0,8.0,2.4,3.0,5.3,1.0,0.05,1.0,79.4,2023-08-21,2021.0,Travis Homer,SEA,23.0,RB,14.0,0.0,21.0,177.0,1.0,7.0,121.0,5.8,56.0,2.7,2.0,10.5,2023-08-21,,,,,,,,,,,,,,,,,,,,,,,,,,,,,,,,,,,,,,,,,,,,,,,,,,,,,,,,,,,14,3.1,0.0,1,1,0
2021,Damien Williams,D.Williams,00-0030874,CHI,RB,RB,70.0,12,60.7,5.058333333333334,44.7,16.0,16,23,103,1,0.04389312977099236,0.009121245828698554,0.07222456673657754,40,164,2,0,0,0,0,0,166.0,0.21166666666666667,0.36566265060240966,5.058333333333334,6.2110544169003195,16.4,0,RB,"https://static.www.nfl.com/image/private/f_auto,q_auto/league/ga4vusnfwfvhp2ksqw7x",REG,0,0,0,0,0,0,0,,,0,,0,0,0,0,0,0,11,-1.3214001172333125,0,4,3,1,0,0,0,41,109,3,-5.5267005378264,0,3,2,1,0,2.5121951219512195,0,4,0,2,0,0,0,0.0,0.0,0,0,0,0,0,0,0,0,0,0,0,0,0,0,0,0,0,0,0,0,0,0,0,0,0,0,0,0,0,0,0,0,0,,,0,0,0,0,0,0,0,0,0,0,0,0,,,,0,0,0,0,0,0,0,,0,0,0,0,,0,0,,0,0,0,0,0,0,0,0,0,0,,,,,,,,,,,,,,,,,,,,,,,,,,,,,,,,,,,,,,,,,,,,,,,,,,,,,,,,,,,,,,,,,,,,,,,,,,,,,,,,,,,,,,,,,,,,,,,,,,,,,,,,,,,,,,,,,,,,,,,,,,,,,,,,,,,,,,,,,,,,,,,,,,,,00-0030874,WillDa05,17359.0,Damien Williams,1992-04-03,71.0,221.0,Oklahoma; Arizona Western,,,,,2014,9,12.0,0.0,73.0,0.0,0.2508333333333333,2021.0,Damien Williams,CHI,29.0,RB,12.0,2.0,23.0,16.0,103.0,1.0,3.0,-6.0,-0.4,109.0,6.8,1.8,3.0,5.3,0.0,0.0,0.0,93.2,2023-08-21,2021.0,Damien Williams,CHI,29.0,RB,12.0,2.0,40.0,164.0,2.0,11.0,121.0,3.0,43.0,1.1,4.0,10.0,2023-08-21,,,,,,,,,,,,,,,,,,,,,,,,,,,,,,,,,,,,,,,,,,,,,,,,,,,,,,,,,,,12,2.4000000000000004,-0.30000000000000004,3,2,0
2021,DeeJay Dallas,D.Dallas,00-0036425,SEA,RB,RB,71.0,17,60.1,3.5352941176470587,39.1,21.0,21,23,133,0,0.04852320675105485,0.008443386014288807,0.07869518033658444,33,138,2,0,0,0,0,0,161.0,0.1711764705882353,0.3732919254658385,3.5352941176470587,4.686808772564572,14.2,0,RB,"https://static.www.nfl.com/image/upload/f_auto,q_auto/league/qrvemj4m3g2mqlbgy352",REG,0,0,0,0,0,0,0,,,0,,0,0,0,0,0,0,10,1.8919183991534512,0,3,2,0,0,1,0,39,110,4,-5.36754088419564,0,4,1,1,0,3.41025641025641,0,5,1,4,0,0,1,0.0,0.0,0,0,0,0,0,0,0,0,0,0,0,0,0,1,0,0,0,0,1,15,1,0,0,1,0,0,0,33,764,0,0,0,0,,,0,0,0,0,0,0,0,0,0,0,0,0,,,,0,0,0,0,0,0,0,,0,0,0,0,,0,0,,0,0,0,0,0,0,0,0,0,0,,,,,,,,,,,,,,,,,,,,,,,,,,,,,,,,,,,,,,,,,,,,,,,,,,,,,,,,,,,,,,,,,,,,,,,,,,,,,,,,,,,,,,,,,,,,,,,,,,,,,,,,,,,,,,,,,,,,,,,,,,,,,,,,,,,,,,,,,,,,,,,,,,,,00-0036425,DallDe00,4240631.0,DeeJay Dallas,1998-09-16,70.0,225.0,Miami,2020.0,4.0,144.0,SEA,2020,7,17.0,0.0,290.0,0.0,0.6335294117647059,2021.0,DeeJay Dallas,SEA,23.0,RB,17.0,0.0,23.0,21.0,133.0,0.0,4.0,23.0,1.1,110.0,5.2,1.7,1.0,21.0,1.0,0.043,0.0,90.8,2023-08-21,2021.0,DeeJay Dallas,SEA,23.0,RB,17.0,0.0,33.0,138.0,2.0,10.0,66.0,2.0,72.0,2.2,3.0,11.0,2023-08-21,,,,,,,,,,,,,,,,,,,,,,,,,,,,,,,,,,,,,,,,,,,,,,,,,,,,,,,,,,,17,0.6000000000000001,0.0,2,0,0
2021,Duke Johnson,D.Johnson,00-0032257,MIA,RB,RB,72.0,5,59.1,11.82,55.1,4.0,4,5,41,0,0.008347245409015025,-0.0017893088794453142,0.011268351897910816,71,330,3,0,0,0,0,0,149.0,0.44399999999999995,0.39664429530201345,11.820000000000002,10.262407125036505,25.700000000000003,1,RB,"https://static.www.nfl.com/image/private/f_auto,q_auto/league/hf7lxjjesduggqdfktsg",REG,0,0,0,0,0,0,0,,,0,,0,0,0,0,0,0,18,-1.4717717165907191,0,11,5,1,0,0,0,-8,51,3,1.9611611475120299,0,2,1,1,0,-5.125,0,0,0,0,0,0,0,0.0,0.0,0,0,0,0,0,0,0,0,0,0,0,0,0,1,0,0,0,0,0,0,0,0,0,0,0,0,0,0,0,0,0,0,0,,,0,0,0,0,0,0,0,0,0,0,0,0,,,,0,0,0,0,0,0,0,,0,0,0,0,,0,0,,0,0,0,0,0,0,0,0,0,0,,,,,,,,,,,,,,,,,,,,,,,,,,,,,,,,,,,,,,,,,,,,,,,,,,,,,,,,,,,,,,,,,,,,,,,,,,,,,,,,,,,,,,,,,,,,,,,,,,,,,,,,,,,,,,,,,,,,,,,,,,,,,,,,,,,,,,,,,,,,,,,,,,,,00-0032257,JohnDu00,2969962.0,Duke Johnson,1993-09-23,69.0,210.0,Miami,2015.0,3.0,77.0,CLE,2015,8,5.0,0.0,0.0,0.0,0.0,2021.0,Duke Johnson,MIA,28.0,RB,5.0,4.0,5.0,4.0,41.0,0.0,3.0,-10.0,-2.5,51.0,12.8,-1.6,2.0,2.0,1.0,0.2,0.0,100.8,2023-08-21,2021.0,Duke Johnson,MIA,28.0,RB,5.0,4.0,71.0,330.0,3.0,18.0,128.0,1.8,202.0,2.8,6.0,11.8,2023-08-21,,,,,,,,,,,,,,,,,,,,,,,,,,,,,,,,,,,,,,,,,,,,,,,,,,,,,,,,,,,5,8.5,1.8,2,2,1
2021,Giovani Bernard,G.Bernard,00-0030456,TB,RB,RB,72.0,10,59.1,5.91,36.1,23.0,23,29,123,3,0.040502793296089384,0.00508992195453003,0.0643171353123051,8,58,0,0,0,0,0,0,146.0,0.17833333333333334,0.40479452054794524,5.91,6.1968540405596135,20.1,1,RB,"https://static.www.nfl.com/image/private/f_auto,q_auto/league/guht9y14gftgsugb87xz",REG,0,0,0,0,0,0,0,,,0,,0,0,0,0,0,0,3,1.7233135008718818,0,2,2,1,0,1,0,30,134,8,-2.620225762556233,0,3,1,1,0,4.1,0,1,0,0,0,0,0,0.0,0.0,0,0,0,0,0,0,0,0,0,0,0,0,0,1,0,0,0,0,0,0,1,0,1,1,0,2,7,3,53,0,0,0,0,,,0,0,0,0,0,0,0,0,0,0,0,0,,,,0,0,0,0,0,0,0,,0,0,0,0,,0,0,,0,0,0,0,0,0,0,0,0,0,G.Bernard,Giovani Bernard,RB,RB,"https://static.www.nfl.com/image/private/f_auto,q_auto/league/guht9y14gftgsugb87xz",2021.0,POST,TB,2.0,0.0,0.0,0.0,0.0,0.0,0.0,0.0,0.0,0.0,0.0,0.0,0.0,,,0.0,,0.0,0.0,0.0,0.0,13.0,44.0,1.0,0.0,0.0,2.0,-3.384225705987774,0.0,0.0,0.0,0.0,0.0,5.0,8.0,39.0,0.0,0.0,0.0,9.0,33.0,3.0,-0.8694850154293348,0.0,1.0,1.0,1.0,0.0,4.333333333333333,0.0898876404494382,0.015100671140939598,0.14540193047281502,0.0,0.0,0.0,0.0,0.0,0.0,0.0,0.0,0.0,0.0,0.0,0.0,0.0,0.0,0.0,0.0,0.0,0.0,0.0,0.0,0.0,0.0,0.0,0.0,0.0,0.0,0.0,0.0,0.0,0.0,0.0,0.0,0.0,0.0,1.0,2.0,0.0,0.0,0.0,0.0,0.0,0.0,,,0.0,0.0,0.0,0.0,0.0,0.0,0.0,0.0,0.0,0.0,0.0,0.0,,,,0.0,0.0,0.0,0.0,0.0,0.0,0.0,,0.0,0.0,0.0,0.0,,0.0,0.0,,0.0,0.0,0.0,0.0,0.0,0.0,0.0,0.0,0.0,0.0,14.3,19.3,00-0030456,BernGi00,15826.0,Giovani Bernard,1991-11-22,69.0,205.0,North Carolina,2013.0,2.0,37.0,CIN,2013,10,12.0,0.0,82.0,0.0,0.23916666666666667,2021.0,Giovani Bernard,TB,30.0,RB,12.0,0.0,29.0,23.0,123.0,3.0,8.0,-11.0,-0.5,134.0,5.8,1.0,1.0,23.0,1.0,0.034,0.0,118.8,2023-08-21,2021.0,Giovani Bernard,TB,30.0,RB,12.0,0.0,8.0,58.0,0.0,3.0,37.0,4.6,21.0,2.6,0.0,,2023-08-21,,,,,,,,,,,,,,,,,,,,,,,,,,,,,,,,,,,,,,,,,,,,,,,,,,,,,,,,,,,10,2.85,1.3,3,1,0
2021,Derrick Gore,D.Gore,00-0035715,KC,RB,RB,74.0,8,56.1,7.0125,48.1,8.0,8,9,105,0,0.0141287284144427,0.002215508559919436,0.022743948613607654,51,256,2,0,0,0,0,0,115.0,0.14727272727272728,0.48782608695652174,7.0125,5.886652577775299,16.9,0,RB,"https://static.www.nfl.com/image/private/f_auto,q_auto/league/wk7zy3ceecze3ly0mj7c",REG,0,0,0,0,0,0,0,,,0,,0,0,0,0,0,0,12,0.3009974464308822,0,5,3,2,1,0,0,11,90,3,6.626149446179625,0,2,2,1,1,9.545454545454545,0,0,0,1,0,0,0,0.0,0.0,0,0,0,0,0,0,0,0,0,0,0,0,0,0,0,0,0,0,0,0,0,0,0,0,0,0,0,0,0,0,0,0,0,,,0,0,0,0,0,0,0,0,0,0,0,0,,,,0,0,0,0,0,0,0,,0,0,0,0,,0,0,,0,0,0,0,0,0,0,0,0,0,D.Gore,Derrick Gore,RB,RB,"https://static.www.nfl.com/image/private/f_auto,q_auto/league/wk7zy3ceecze3ly0mj7c",2021.0,POST,KC,1.0,0.0,0.0,0.0,0.0,0.0,0.0,0.0,0.0,0.0,0.0,0.0,0.0,,,0.0,,0.0,0.0,0.0,0.0,3.0,3.0,0.0,0.0,0.0,0.0,-0.23716767836594954,0.0,0.0,0.0,0.0,0.0,0.0,0.0,0.0,0.0,0.0,0.0,0.0,0.0,0.0,,0.0,0.0,0.0,0.0,0.0,,0.0,0.0,0.0,0.0,0.0,0.0,0.0,0.0,0.0,0.0,0.0,0.0,0.0,0.0,0.0,0.0,0.0,0.0,0.0,0.0,0.0,0.0,0.0,0.0,0.0,0.0,0.0,0.0,0.0,0.0,0.0,0.0,0.0,0.0,0.0,0.0,0.0,0.0,0.0,0.0,0.0,0.0,0.0,0.0,0.0,,,0.0,0.0,0.0,0.0,0.0,0.0,0.0,0.0,0.0,0.0,0.0,0.0,,,,0.0,0.0,0.0,0.0,0.0,0.0,0.0,,0.0,0.0,0.0,0.0,,0.0,0.0,,0.0,0.0,0.0,0.0,0.0,0.0,0.0,0.0,0.0,0.0,0.30000000000000004,0.30000000000000004,00-0035715,GoreDe00,3925346.0,Derrick Gore,1994-12-13,69.0,206.0,Louisiana-Monroe,,,,,2019,2,11.0,0.0,64.0,0.0,0.24545454545454548,2021.0,Derrick Gore,KC,27.0,RB,11.0,0.0,9.0,8.0,105.0,0.0,3.0,15.0,1.9,90.0,11.3,1.2,2.0,4.0,0.0,0.0,0.0,115.3,2023-08-21,2021.0,Derrick Gore,KC,27.0,RB,11.0,0.0,51.0,256.0,2.0,12.0,134.0,2.6,122.0,2.4,3.0,17.0,2023-08-21,,,,,,,,,,,,,,,,,,,,,,,,,,,,,,,,,,,,,,,,,,,,,,,,,,,,,,,,,,,8,4.25,1.7000000000000002,3,1,0
2021,Jaret Patterson,J.Patterson,00-0036755,WAS,RB,RB,75.0,15,55.9,3.7266666666666666,45.9,10.0,10,11,73,0,0.020599250936329586,-0.0007281553398058253,0.030389167666630305,68,266,2,0,0,0,0,0,151.0,0.13823529411764707,0.3701986754966887,3.726666666666667,5.267890153246047,20.8,1,RB,"https://static.www.nfl.com/image/upload/f_auto,q_auto/league/thg0iebj03kg0nuykglu",REG,0,0,0,0,0,0,0,,,0,,0,0,0,0,1,0,15,-4.762397206824971,0,6,3,0,0,0,0,-3,75,5,2.968122595938527,0,3,0,0,0,-24.333333333333332,0,0,0,0,0,0,0,0.0,0.0,0,0,0,0,0,0,0,0,0,0,0,0,0,0,0,0,0,0,1,10,1,0,0,1,0,0,0,0,0,0,0,0,0,,,0,0,0,0,0,0,0,0,0,0,0,0,,,,0,0,0,0,0,0,0,,0,0,0,0,,0,0,,0,0,0,0,0,0,0,0,0,0,,,,,,,,,,,,,,,,,,,,,,,,,,,,,,,,,,,,,,,,,,,,,,,,,,,,,,,,,,,,,,,,,,,,,,,,,,,,,,,,,,,,,,,,,,,,,,,,,,,,,,,,,,,,,,,,,,,,,,,,,,,,,,,,,,,,,,,,,,,,,,,,,,,,00-0036755,PattJa01,4362452.0,Jaret Patterson,1999-12-23,68.0,195.0,Buffalo,,,,,2021,2,17.0,0.0,71.0,0.0,0.15764705882352942,2021.0,Jaret Patterson,WAS,22.0,RB,17.0,1.0,11.0,10.0,73.0,0.0,5.0,-2.0,-0.2,75.0,7.5,-0.3,0.0,,0.0,0.0,0.0,94.3,2023-08-21,2021.0,Jaret Patterson,WAS,22.0,RB,17.0,1.0,68.0,266.0,2.0,15.0,143.0,2.1,123.0,1.8,3.0,22.7,2023-08-21,,,,,,,,,,,,,,,,,,,,,,,,,,,,,,,,,,,,,,,,,,,,,,,,,,,,,,,,,,,15,2.2,0.0,1,1,0
2021,JaMycal Hasty,J.Hasty,00-0035806,SF,RB,RB,76.0,11,51.5,4.681818181818182,28.5,23.0,23,29,157,0,0.05835010060362173,0.01748688483637272,0.0997659702908935,16,68,1,0,0,0,0,0,153.0,0.22727272727272727,0.3366013071895425,4.681818181818182,2.871521611208309,9.9,0,RB,"https://static.www.nfl.com/image/upload/f_auto,q_auto/league/stvclosmy6zi864kfxw7",REG,0,0,0,0,0,0,0,,,0,,0,0,0,0,0,0,6,2.67652474904483,0,2,2,1,0,1,0,70,128,7,-2.362093818868426,0,4,1,1,0,2.242857142857143,0,5,0,0,0,0,0,0.0,0.0,0,0,0,0,0,0,0,0,0,0,0,0,0,0,0,0,0,0,1,5,2,0,1,2,1,0,0,9,145,0,0,0,0,,,0,0,0,0,0,0,0,0,0,0,0,0,,,,0,0,0,0,0,0,0,,0,0,0,0,,0,0,,0,0,0,0,0,0,0,0,0,0,J.Hasty,JaMycal Hasty,RB,RB,"https://static.www.nfl.com/image/upload/f_auto,q_auto/league/stvclosmy6zi864kfxw7",2021.0,POST,SF,3.0,0.0,0.0,0.0,0.0,0.0,0.0,0.0,0.0,0.0,0.0,0.0,0.0,,,0.0,,0.0,0.0,0.0,0.0,0.0,0.0,0.0,0.0,0.0,0.0,,0.0,0.0,0.0,0.0,0.0,1.0,3.0,6.0,0.0,0.0,0.0,-6.0,4.0,0.0,-4.714192923856899,0.0,0.0,0.0,0.0,0.0,-1.0,0.041666666666666664,-0.014084507042253521,0.052640845070422534,0.0,0.0,0.0,0.0,0.0,0.0,0.0,0.0,0.0,0.0,0.0,0.0,0.0,0.0,0.0,0.0,0.0,0.0,0.0,0.0,0.0,0.0,0.0,0.0,0.0,0.0,0.0,0.0,0.0,0.0,0.0,0.0,0.0,0.0,0.0,0.0,3.0,61.0,0.0,0.0,0.0,0.0,,,0.0,0.0,0.0,0.0,0.0,0.0,0.0,0.0,0.0,0.0,0.0,0.0,,,,0.0,0.0,0.0,0.0,0.0,0.0,0.0,,0.0,0.0,0.0,0.0,,0.0,0.0,,0.0,0.0,0.0,0.0,0.0,0.0,0.0,0.0,0.0,0.0,0.6000000000000001,1.6,00-0035806,HastJa02,3928925.0,JaMycal Hasty,1996-09-12,68.0,205.0,Baylor,,,,,2020,6,11.0,0.0,115.0,0.0,0.38818181818181813,2021.0,JaMycal Hasty,SF,25.0,RB,11.0,0.0,29.0,23.0,157.0,0.0,7.0,29.0,1.3,128.0,5.6,2.4,2.0,11.5,1.0,0.034,0.0,89.2,2023-08-21,2021.0,JaMycal Hasty,SF,25.0,RB,11.0,0.0,16.0,68.0,1.0,6.0,46.0,2.9,22.0,1.4,2.0,8.0,2023-08-21,,,,,,,,,,,,,,,,,,,,,,,,,,,,,,,,,,,,,,,,,,,,,,,,,,,,,,,,,,,11,4.5,0.0,0,0,0
2021,Jeff Wilson,J.Wilson,00-0034115,SF,RB,RB,76.0,8,51.5,6.4375,44.5,7.0,7,8,31,0,0.01609657947686117,-0.002498126405196103,0.02239618073165448,79,294,2,0,0,0,0,0,228.0,0.39666666666666667,0.22587719298245615,6.4375,7.259464265947689,19.9,0,RB,"https://static.www.nfl.com/image/private/f_auto,q_auto/league/zorqrtlrizlltgd6pnob",REG,0,0,0,0,0,0,0,,,0,,0,0,0,0,1,0,19,-10.14015267467984,0,6,5,0,0,0,0,-10,43,1,-1.1884272018214688,0,1,0,0,0,-3.1,0,1,0,0,0,0,0,0.0,0.0,0,0,0,0,0,0,0,0,0,0,0,0,0,1,0,0,0,0,2,13,1,0,0,1,0,0,0,0,0,0,0,0,0,,,0,0,0,0,0,0,0,0,0,0,0,0,,,,0,0,0,0,0,0,0,,0,0,0,0,,0,0,,0,0,0,0,0,0,0,0,0,0,,,,,,,,,,,,,,,,,,,,,,,,,,,,,,,,,,,,,,,,,,,,,,,,,,,,,,,,,,,,,,,,,,,,,,,,,,,,,,,,,,,,,,,,,,,,,,,,,,,,,,,,,,,,,,,,,,,,,,,,,,,,,,,,,,,,,,,,,,,,,,,,,,,,00-0034115,WilsJe01,3122976.0,Jeff Wilson,1995-11-16,72.0,205.0,North Texas,,,,,2018,8,9.0,0.0,36.0,0.0,0.14444444444444446,2021.0,Jeff Wilson,SF,26.0,RB,9.0,4.0,8.0,7.0,31.0,0.0,1.0,-12.0,-1.7,43.0,6.1,-1.3,0.0,,0.0,0.0,0.0,82.8,2023-08-21,2021.0,Jeff Wilson,SF,26.0,RB,9.0,4.0,79.0,294.0,2.0,19.0,195.0,2.5,99.0,1.3,2.0,39.5,2023-08-21,,,,,,,,,,,,,,,,,,,,,,,,,,,,,,,,,,,,,,,,,,,,,,,,,,,,,,,,,,,8,4.2,0.0,2,1,0
2021,Tevin Coleman,T.Coleman,00-0032058,NYJ,RB,RB,76.0,11,51.5,4.681818181818182,40.5,11.0,11,16,49,0,0.027538726333907058,-0.005288572085536905,0.03760608904098475,84,356,0,0,0,0,0,0,180.0,0.2672727272727273,0.2861111111111111,4.681818181818182,3.2375355385904823,10.7,0,RB,"https://static.www.nfl.com/image/private/f_auto,q_auto/league/wiu4r7bvhcafs9vamqc",REG,0,0,0,0,0,0,0,,,0,,0,0,0,0,0,0,19,-5.879638561309548,0,10,8,1,0,0,0,-23,88,2,-2.324677706230432,0,1,0,0,0,-2.130434782608696,0,1,0,1,0,0,0,0.0,0.0,0,0,0,0,0,0,0,0,0,0,0,0,0,0,0,0,0,0,0,0,0,0,0,0,0,0,0,11,317,0,0,0,0,,,0,0,0,0,0,0,0,0,0,0,0,0,,,,0,0,0,0,0,0,0,,0,0,0,0,,0,0,,0,0,0,0,0,0,0,0,0,0,,,,,,,,,,,,,,,,,,,,,,,,,,,,,,,,,,,,,,,,,,,,,,,,,,,,,,,,,,,,,,,,,,,,,,,,,,,,,,,,,,,,,,,,,,,,,,,,,,,,,,,,,,,,,,,,,,,,,,,,,,,,,,,,,,,,,,,,,,,,,,,,,,,,00-0032058,ColeTe01,2979477.0,Tevin Coleman,1993-04-16,73.0,210.0,Indiana,2015.0,3.0,73.0,ATL,2015,8,11.0,0.0,34.0,0.0,0.11363636363636363,2021.0,Tevin Coleman,NYJ,28.0,RB,11.0,5.0,16.0,11.0,49.0,0.0,2.0,-34.0,-3.1,83.0,7.5,-1.1,0.0,,2.0,0.125,0.0,72.1,2023-08-21,2021.0,Tevin Coleman,NYJ,28.0,RB,11.0,5.0,84.0,356.0,0.0,19.0,166.0,2.0,190.0,2.3,6.0,14.0,2023-08-21,,,,,,,,,,,,,,,,,,,,,,,,,,,,,,,,,,,,,,,,,,,,,,,,,,,,,,,,,,,11,5.0,0.6000000000000001,1,0,0
2021,Demetric Felton,D.Felton,00-0036654,CLE,RB,RB,79.0,15,50.5,3.3666666666666667,32.5,18.0,18,21,181,2,0.04208416833667335,0.002096924510717614,0.06459409966251235,7,24,0,0,0,0,0,0,130.0,0.1275,0.38846153846153847,3.3666666666666667,3.983298465677242,13.100000000000001,0,RB,"https://static.www.nfl.com/image/private/f_auto,q_auto/league/pfjsjpzj2f9cn39xqde2",REG,0,0,0,0,0,0,0,,,0,,0,0,0,0,0,0,0,-2.543919825460762,0,1,1,0,0,0,0,9,201,10,9.55242118309252,0,7,3,2,0,20.11111111111111,0,2,0,2,0,0,1,0.0,0.0,0,0,0,0,0,4,0,0,0,0,0,0,0,4,0,0,0,0,0,0,0,4,0,4,0,32,227,9,172,0,0,0,0,,,0,0,0,0,0,0,0,0,0,0,0,0,,,,0,0,0,0,0,0,0,,0,0,0,0,,0,0,,0,0,0,0,0,0,0,0,0,0,,,,,,,,,,,,,,,,,,,,,,,,,,,,,,,,,,,,,,,,,,,,,,,,,,,,,,,,,,,,,,,,,,,,,,,,,,,,,,,,,,,,,,,,,,,,,,,,,,,,,,,,,,,,,,,,,,,,,,,,,,,,,,,,,,,,,,,,,,,,,,,,,,,,00-0036654,FeltDe00,4035826.0,Demetric Felton,1998-07-16,69.0,190.0,UCLA,2021.0,6.0,211.0,CLE,2021,3,16.0,0.0,201.0,0.0,0.511875,2021.0,Demetric Felton,CLE,23.0,WR,16.0,2.0,21.0,18.0,181.0,2.0,10.0,-20.0,-1.1,201.0,11.2,0.4,2.0,9.0,1.0,0.048,0.0,134.3,2023-08-21,2021.0,Demetric Felton,CLE,23.0,WR,16.0,2.0,7.0,24.0,0.0,0.0,14.0,2.0,10.0,1.4,0.0,,2023-08-21,,,,,,,,,,,,,,,,,,,,,,,,,,,,,,,,,,,,,,,,,,,,,,,,,,,,,,,,,,,15,3.2,0.0,2,0,0
2021,Dare Ogunbowale,D.Ogunbowale,00-0033854,JAX,RB,RB,80.0,13,50.1,3.853846153846154,37.1,13.0,13,21,114,1,0.036020583190394515,0.0065057712486883525,0.058584914659673616,43,137,1,0,0,0,0,0,189.0,0.17176470588235293,0.2650793650793651,3.853846153846154,5.45169933516382,15.2,0,RB,"https://static.www.nfl.com/image/upload/f_auto,q_auto/league/bsm0k0jkytuiej2riudv",REG,0,0,0,0,0,0,0,,,0,,0,0,0,0,0,0,5,-10.299211868853062,0,1,1,0,0,0,0,31,100,3,-1.1754501754767261,0,3,2,1,0,3.6774193548387095,0,4,2,1,0,0,0,0.0,0.0,0,0,0,0,0,0,0,0,0,0,0,0,0,0,0,0,0,0,0,0,0,0,0,0,0,0,0,0,0,0,0,0,0,,,0,0,0,0,0,0,0,0,0,0,0,0,,,,0,0,0,0,0,0,0,,0,0,0,0,,0,0,,0,0,0,0,0,0,0,0,0,0,,,,,,,,,,,,,,,,,,,,,,,,,,,,,,,,,,,,,,,,,,,,,,,,,,,,,,,,,,,,,,,,,,,,,,,,,,,,,,,,,,,,,,,,,,,,,,,,,,,,,,,,,,,,,,,,,,,,,,,,,,,,,,,,,,,,,,,,,,,,,,,,,,,,00-0033854,OgunDa00,2983509.0,Dare Ogunbowale,1994-05-04,71.0,205.0,Wisconsin,,,,,2017,8,17.0,0.0,210.0,0.0,0.4764705882352941,2021.0,Dare Ogunbowale,JAX,27.0,RB,17.0,2.0,21.0,13.0,114.0,1.0,3.0,14.0,1.1,100.0,7.7,1.5,0.0,,3.0,0.14300000000000002,0.0,92.2,2023-08-21,2021.0,Dare Ogunbowale,JAX,27.0,RB,17.0,2.0,43.0,137.0,1.0,5.0,71.0,1.7,66.0,1.5,0.0,,2023-08-21,,,,,,,,,,,,,,,,,,,,,,,,,,,,,,,,,,,,,,,,,,,,,,,,,,,,,,,,,,,13,1.6,0.0,2,1,0
2021,Peyton Barber,P.Barber,00-0032741,LV,RB,RB,81.0,9,49.900000000000006,5.544444444444445,39.900000000000006,10.0,10,13,67,0,0.02155887230514096,0.0039100684261974585,0.035075356356049664,55,212,2,0,0,0,0,0,116.0,0.16299999999999998,0.4301724137931035,5.544444444444445,7.207480681748498,23.200000000000003,1,RB,"https://static.www.nfl.com/image/private/f_auto,q_auto/league/yjcjcrdiztmfwjgcfbux",REG,0,0,0,0,0,0,0,,,0,,0,0,0,0,2,0,12,-9.867622500502147,0,6,5,1,0,0,0,20,73,3,-0.04417775373440236,0,3,1,1,0,3.35,0,0,0,0,0,0,0,0.0,0.0,0,0,0,0,0,0,0,0,0,0,0,0,0,1,0,0,0,0,0,0,2,0,0,2,0,0,0,2,49,0,0,0,0,,,0,0,0,0,0,0,0,0,0,0,0,0,,,,0,0,0,0,0,0,0,,0,0,0,0,,0,0,,0,0,0,0,0,0,0,0,0,0,P.Barber,Peyton Barber,RB,RB,"https://static.www.nfl.com/image/private/f_auto,q_auto/league/yjcjcrdiztmfwjgcfbux",2021.0,POST,LV,1.0,0.0,0.0,0.0,0.0,0.0,0.0,0.0,0.0,0.0,0.0,0.0,0.0,,,0.0,,0.0,0.0,0.0,0.0,0.0,0.0,0.0,0.0,0.0,0.0,,0.0,0.0,0.0,0.0,0.0,0.0,0.0,0.0,0.0,0.0,0.0,0.0,0.0,0.0,,0.0,0.0,0.0,0.0,0.0,,0.0,0.0,0.0,0.0,0.0,0.0,0.0,0.0,0.0,0.0,0.0,0.0,0.0,0.0,0.0,0.0,0.0,0.0,0.0,0.0,0.0,0.0,0.0,0.0,0.0,0.0,0.0,0.0,0.0,0.0,0.0,0.0,0.0,0.0,0.0,0.0,0.0,0.0,0.0,1.0,0.0,0.0,0.0,0.0,0.0,,,0.0,0.0,0.0,0.0,0.0,0.0,0.0,0.0,0.0,0.0,0.0,0.0,,,,0.0,0.0,0.0,0.0,0.0,0.0,0.0,,0.0,0.0,0.0,0.0,,0.0,0.0,,0.0,0.0,0.0,0.0,0.0,0.0,0.0,0.0,0.0,0.0,0.0,0.0,00-0032741,BarbPe01,3051902.0,Peyton Barber,1994-02-27,71.0,225.0,Auburn,,,,,2016,6,10.0,0.0,26.0,0.0,0.096,2021.0,Peyton Barber,LV,27.0,RB,10.0,1.0,13.0,10.0,67.0,0.0,3.0,-6.0,-0.6,73.0,7.3,1.5,2.0,5.0,2.0,0.154,0.0,87.7,2023-08-21,2021.0,Peyton Barber,LV,27.0,RB,10.0,1.0,55.0,212.0,2.0,12.0,125.0,2.3,87.0,1.6,4.0,13.8,2023-08-21,,,,,,,,,,,,,,,,,,,,,,,,,,,,,,,,,,,,,,,,,,,,,,,,,,,,,,,,,,,9,3.2,0.0,1,1,0
2021,Chris Evans,C.Evans,00-0036857,CIN,RB,RB,82.0,9,49.8,5.533333333333333,34.8,15.0,15,17,151,2,0.03148148148148148,0.01137138958380714,0.05518219493088722,17,77,0,0,0,0,0,0,95.0,0.11071428571428572,0.5242105263157895,5.533333333333333,5.965106872470936,15.9,0,RB,"https://static.www.nfl.com/image/upload/f_auto,q_auto/league/r7f5vinm6aqdzxtjf4yx",REG,0,0,0,0,0,0,0,,,0,,0,0,0,0,0,0,3,0.6834132571821101,0,3,2,0,0,0,0,50,113,6,12.032586584727328,0,8,1,1,0,3.02,0,4,0,0,0,0,0,0.0,0.0,0,0,0,0,0,0,0,0,0,0,0,0,0,0,0,0,0,0,0,0,0,0,0,0,0,0,0,2,58,0,0,0,0,,,0,0,0,0,0,0,0,0,0,0,0,0,,,,0,0,0,0,0,0,0,,0,0,0,0,,0,0,,0,0,0,0,0,0,0,0,0,0,C.Evans,Chris Evans,RB,RB,"https://static.www.nfl.com/image/upload/f_auto,q_auto/league/r7f5vinm6aqdzxtjf4yx",2021.0,POST,CIN,4.0,0.0,0.0,0.0,0.0,0.0,0.0,0.0,0.0,0.0,0.0,0.0,0.0,,,0.0,,0.0,0.0,0.0,0.0,2.0,13.0,0.0,0.0,0.0,0.0,0.23426811344688758,0.0,0.0,0.0,0.0,0.0,1.0,2.0,3.0,0.0,0.0,0.0,21.0,3.0,1.0,-0.769898206461221,0.0,0.0,0.0,0.0,0.0,0.14285714285714285,0.014705882352941176,0.023728813559322035,0.03866899302093718,0.0,1.0,0.0,0.0,0.0,0.0,0.0,0.0,0.0,0.0,0.0,0.0,0.0,0.0,0.0,0.0,0.0,0.0,0.0,0.0,0.0,0.0,0.0,0.0,0.0,0.0,0.0,0.0,0.0,0.0,0.0,0.0,0.0,0.0,0.0,0.0,9.0,211.0,0.0,0.0,0.0,0.0,,,0.0,0.0,0.0,0.0,0.0,0.0,0.0,0.0,0.0,0.0,0.0,0.0,,,,0.0,0.0,0.0,0.0,0.0,0.0,0.0,,0.0,0.0,0.0,0.0,,0.0,0.0,,0.0,0.0,0.0,0.0,0.0,0.0,0.0,0.0,0.0,0.0,1.6,2.6,00-0036857,EvanCh02,4046530.0,Chris Evans,1997-10-05,71.0,215.0,Michigan,2021.0,6.0,202.0,CIN,2021,4,14.0,0.0,116.0,0.0,0.30785714285714283,2021.0,Chris Evans,CIN,24.0,RB,14.0,1.0,17.0,15.0,151.0,2.0,6.0,38.0,2.5,113.0,7.5,2.9,3.0,5.0,0.0,0.0,0.0,142.9,2023-08-21,2021.0,Chris Evans,CIN,24.0,RB,14.0,1.0,17.0,77.0,0.0,3.0,51.0,3.0,26.0,1.5,3.0,5.7,2023-08-21,,,,,,,,,,,,,,,,,,,,,,,,,,,,,,,,,,,,,,,,,,,,,,,,,,,,,,,,,,,9,3.5,0.1,2,2,0
2021,Chris Carson,C.Carson,00-0033594,SEA,RB,RB,83.0,4,48.1,12.025,42.1,6.0,6,6,29,0,0.012658227848101266,-0.0028144620047629355,0.017017218368817845,54,232,3,0,0,0,0,0,124.0,0.5725,0.38790322580645165,12.025,5.4817120196765785,16.200000000000003,0,RB,"https://static.www.nfl.com/image/private/f_auto,q_auto/league/zxjqunrgf4j8p2eg4xyl",REG,0,0,0,0,0,0,0,,,0,,0,0,0,0,1,1,11,-1.7708722470561042,0,2,2,2,0,0,0,-13,42,1,-0.4877402518177405,0,1,1,0,0,-2.230769230769231,0,0,0,0,0,0,0,0.0,0.0,0,0,0,0,0,0,0,0,0,0,0,0,0,0,0,0,0,0,0,0,1,0,0,1,1,0,0,0,0,0,0,0,0,,,0,0,0,0,0,0,0,0,0,0,0,0,,,,0,0,0,0,0,0,0,,0,0,0,0,,0,0,,0,0,0,0,0,0,0,0,0,0,,,,,,,,,,,,,,,,,,,,,,,,,,,,,,,,,,,,,,,,,,,,,,,,,,,,,,,,,,,,,,,,,,,,,,,,,,,,,,,,,,,,,,,,,,,,,,,,,,,,,,,,,,,,,,,,,,,,,,,,,,,,,,,,,,,,,,,,,,,,,,,,,,,,00-0033594,CarsCh00,3919596.0,Chris Carson,1994-09-16,71.0,222.0,Oklahoma State; Butler County JC,2017.0,7.0,249.0,SEA,2017,5,4.0,0.0,0.0,0.0,0.0,2021.0,Chris Carson,SEA,27.0,RB,4.0,4.0,6.0,6.0,29.0,0.0,1.0,-13.0,-2.2,42.0,7.0,-2.2,2.0,3.0,0.0,0.0,0.0,86.8,2023-08-21,2021.0,Chris Carson,SEA,27.0,RB,4.0,4.0,54.0,232.0,3.0,11.0,104.0,1.9,128.0,2.4,8.0,6.8,2023-08-21,,,,,,,,,,,,,,,,,,,,,,,,,,,,,,,,,,,,,,,,,,,,,,,,,,,,,,,,,,,4,13.9,4.1,3,2,0
2021,Carlos Hyde,C.Hyde,00-0031045,JAX,RB,RB,84.0,11,45.8,4.163636363636363,33.8,12.0,12,21,65,0,0.036020583190394515,0.0065057712486883525,0.058584914659673616,72,253,1,0,0,0,0,0,292.0,0.3741666666666667,0.15684931506849314,4.163636363636364,4.082468059219258,13.2,0,RB,"https://static.www.nfl.com/image/private/f_auto,q_auto/league/qpmv42ldpkpdf1gpgeua",REG,0,0,0,0,0,0,0,,,0,,0,0,0,0,2,2,14,-25.04209601742332,0,4,3,0,0,0,0,31,75,1,-6.569345206662547,0,0,0,0,0,2.096774193548387,0,0,0,0,0,0,0,0.0,0.0,0,0,0,0,0,0,0,0,0,0,0,0,0,0,0,0,0,0,0,0,2,0,0,2,2,0,0,0,0,0,0,0,0,,,0,0,0,0,0,0,0,0,0,0,0,0,,,,0,0,0,0,0,0,0,,0,0,0,0,,0,0,,0,0,0,0,0,0,0,0,0,0,,,,,,,,,,,,,,,,,,,,,,,,,,,,,,,,,,,,,,,,,,,,,,,,,,,,,,,,,,,,,,,,,,,,,,,,,,,,,,,,,,,,,,,,,,,,,,,,,,,,,,,,,,,,,,,,,,,,,,,,,,,,,,,,,,,,,,,,,,,,,,,,,,,,00-0031045,HydeCa00,16777.0,Carlos Hyde,1990-09-20,72.0,230.0,Ohio State,2014.0,2.0,57.0,SF,2014,8,12.0,0.0,0.0,0.0,0.0,2021.0,Carlos Hyde,JAX,31.0,RB,12.0,2.0,21.0,12.0,65.0,0.0,1.0,-10.0,-0.8,75.0,6.3,1.5,0.0,,1.0,0.048,0.0,62.6,2023-08-21,2021.0,Carlos Hyde,JAX,31.0,RB,12.0,2.0,72.0,253.0,1.0,14.0,138.0,1.9,115.0,1.6,3.0,24.0,2023-08-21,,,,,,,,,,,,,,,,,,,,,,,,,,,,,,,,,,,,,,,,,,,,,,,,,,,,,,,,,,,11,1.8,0.0,1,0,0
2021,Phillip Lindsay,P.Lindsay,00-0034109,MIA,RB,RB,85.0,14,45.400000000000006,3.2428571428571433,41.400000000000006,4.0,4,5,45,1,0.009560229445506692,-0.0027520640480360272,0.01241389933463482,88,249,1,0,0,0,0,0,159.0,0.1742857142857143,0.2855345911949686,3.242857142857143,3.1796744598039695,9.4,0,RB,"https://static.www.nfl.com/image/private/f_auto,q_auto/league/soywd4cnq19pigrwabb5",REG,0,0,0,0,0,0,0,,,0,,0,0,0,0,0,0,11,-22.972245210723486,0,2,1,1,0,0,0,-11,53,1,3.949103784223553,0,1,1,1,0,-4.090909090909091,0,0,0,0,0,0,0,0.0,0.0,0,0,0,0,0,0,0,0,0,0,0,0,0,0,0,0,0,0,1,8,0,0,0,0,0,0,0,4,72,0,0,0,0,,,0,0,0,0,0,0,0,0,0,0,0,0,,,,0,0,0,0,0,0,0,,0,0,0,0,,0,0,,0,0,0,0,0,0,0,0,0,0,,,,,,,,,,,,,,,,,,,,,,,,,,,,,,,,,,,,,,,,,,,,,,,,,,,,,,,,,,,,,,,,,,,,,,,,,,,,,,,,,,,,,,,,,,,,,,,,,,,,,,,,,,,,,,,,,,,,,,,,,,,,,,,,,,,,,,,,,,,,,,,,,,,,00-0034109,LindPh00,3052117.0,Phillip Lindsay,1994-07-24,68.0,190.0,Colorado,,,,,2018,5,14.0,0.0,34.0,0.0,0.09428571428571429,2021.0,Phillip Lindsay,2TM,27.0,RB,14.0,1.0,5.0,4.0,45.0,1.0,1.0,-8.0,-2.0,53.0,13.3,-2.2,0.0,,1.0,0.2,0.0,143.7,2023-08-21,2021.0,Phillip Lindsay,2TM,27.0,RB,14.0,1.0,88.0,249.0,1.0,11.0,168.0,1.9,81.0,0.9,1.0,88.0,2023-08-21,,,,,,,,,,,,,,,,,,,,,,,,,,,,,,,,,,,,,,,,,,,,,,,,,,,,,,,,,,,14,2.35,-0.30000000000000004,0,0,0
2021,Matt Breida,M.Breida,00-0033308,BUF,RB,RB,86.0,7,42.7,6.1000000000000005,35.7,7.0,7,9,72,2,0.014446227929373997,0.0014939309056956115,0.02271509352804792,26,125,1,0,0,0,0,0,81.0,0.13777777777777778,0.5271604938271606,6.1,7.187025346646089,18.0,0,RB,"https://static.www.nfl.com/image/private/f_auto,q_auto/league/rc4m1xw0xmtsrxswd0bg",REG,0,0,0,0,0,0,0,,,0,,0,0,0,0,1,1,5,-8.595833289611619,0,3,2,1,0,0,0,8,61,4,5.8264256149413995,0,3,2,1,0,9.0,0,1,0,1,0,0,0,0.0,0.0,0,0,0,0,0,0,0,0,0,0,0,0,0,0,0,0,0,0,0,0,1,0,0,1,1,0,0,1,27,0,0,0,0,,,0,0,0,0,0,0,0,0,0,0,0,0,,,,0,0,0,0,0,0,0,,0,0,0,0,,0,0,,0,0,0,0,0,0,0,0,0,0,,,,,,,,,,,,,,,,,,,,,,,,,,,,,,,,,,,,,,,,,,,,,,,,,,,,,,,,,,,,,,,,,,,,,,,,,,,,,,,,,,,,,,,,,,,,,,,,,,,,,,,,,,,,,,,,,,,,,,,,,,,,,,,,,,,,,,,,,,,,,,,,,,,,00-0033308,BreiMa00,3049916.0,Matt Breida,1995-02-28,70.0,190.0,Georgia Southern,,,,,2017,7,9.0,0.0,57.0,0.0,0.24555555555555555,2021.0,Matt Breida,BUF,26.0,RB,9.0,0.0,9.0,7.0,72.0,2.0,4.0,11.0,1.6,61.0,8.7,0.9,0.0,,0.0,0.0,0.0,139.6,2023-08-21,2021.0,Matt Breida,BUF,26.0,RB,9.0,0.0,26.0,125.0,1.0,5.0,81.0,3.1,44.0,1.7,1.0,26.0,2023-08-21,,,,,,,,,,,,,,,,,,,,,,,,,,,,,,,,,,,,,,,,,,,,,,,,,,,,,,,,,,,7,1.8,0.1,2,1,0
2021,Ty'Son Williams,T.Williams,00-0036457,BAL,RB,RB,87.0,7,41.900000000000006,5.985714285714287,32.900000000000006,9.0,9,12,84,0,0.02030456852791878,0.005733944954128441,0.03447061425976808,35,185,1,0,0,0,0,0,158.0,0.16999999999999998,0.26518987341772154,5.985714285714286,6.663689811565503,18.4,0,RB,"https://static.www.nfl.com/image/private/f_auto,q_auto/league/ucxy1zbyppgm62iyvrdr",REG,0,0,0,0,0,0,0,,,0,,0,0,0,0,1,0,8,-0.7304332898347639,0,6,5,2,0,0,0,30,71,4,1.1681355086000886,0,3,1,1,0,2.8,0,0,0,0,0,0,0,0.0,0.0,0,0,0,0,0,0,0,0,0,0,0,0,0,0,0,0,0,0,0,0,1,0,0,1,0,0,0,0,0,0,0,0,0,,,0,0,0,0,0,0,0,0,0,0,0,0,,,,0,0,0,0,0,0,0,,0,0,0,0,,0,0,,0,0,0,0,0,0,0,0,0,0,,,,,,,,,,,,,,,,,,,,,,,,,,,,,,,,,,,,,,,,,,,,,,,,,,,,,,,,,,,,,,,,,,,,,,,,,,,,,,,,,,,,,,,,,,,,,,,,,,,,,,,,,,,,,,,,,,,,,,,,,,,,,,,,,,,,,,,,,,,,,,,,,,,,00-0036457,WillTy01,3895827.0,Ty'Son Williams,1996-09-04,72.0,220.0,BYU,,,,,2020,2,13.0,0.0,40.0,0.0,0.10923076923076923,2021.0,TySon Williams,BAL,25.0,RB,13.0,3.0,12.0,9.0,84.0,0.0,4.0,13.0,1.4,71.0,7.9,2.5,0.0,,0.0,0.0,0.0,93.7,2023-08-21,2021.0,TySon Williams,BAL,25.0,RB,13.0,3.0,35.0,185.0,1.0,7.0,98.0,2.8,87.0,2.5,1.0,35.0,2023-08-21,,,,,,,,,,,,,,,,,,,,,,,,,,,,,,,,,,,,,,,,,,,,,,,,,,,,,,,,,,,7,4.1,0.1,2,1,0
2021,Salvon Ahmed,S.Ahmed,00-0036020,MIA,RB,RB,88.0,11,38.6,3.5090909090909093,26.6,12.0,12,19,117,0,0.03171953255425709,0.009170208007157236,0.053998444436395704,54,149,0,0,0,0,0,0,170.0,0.20750000000000002,0.22705882352941179,3.5090909090909093,1.7722610109431092,7.2,0,RB,"https://static.www.nfl.com/image/upload/f_auto,q_auto/league/nbqkon8x1bkphihywnkw",REG,0,0,0,0,0,0,0,,,0,,0,0,0,0,0,0,8,-11.964867631730158,0,3,2,0,0,0,0,41,123,4,1.7276944701734465,0,4,2,0,0,2.8536585365853657,0,1,0,0,0,0,0,0.0,0.0,0,0,0,0,0,0,0,0,0,0,0,0,0,0,0,0,0,0,0,0,0,0,0,0,0,0,0,0,0,0,0,0,0,,,0,0,0,0,0,0,0,0,0,0,0,0,,,,0,0,0,0,0,0,0,,0,0,0,0,,0,0,,0,0,0,0,0,0,0,0,0,0,,,,,,,,,,,,,,,,,,,,,,,,,,,,,,,,,,,,,,,,,,,,,,,,,,,,,,,,,,,,,,,,,,,,,,,,,,,,,,,,,,,,,,,,,,,,,,,,,,,,,,,,,,,,,,,,,,,,,,,,,,,,,,,,,,,,,,,,,,,,,,,,,,,,00-0036020,AhmeSa01,4243315.0,Salvon Ahmed,1998-12-29,71.0,197.0,Washington,,,,,2020,6,12.0,0.0,2.0,0.0,0.005833333333333334,2021.0,Salvon Ahmed,MIA,23.0,RB,12.0,0.0,19.0,12.0,117.0,0.0,4.0,4.0,0.3,113.0,9.4,2.7,1.0,12.0,4.0,0.21100000000000002,0.0,80.4,2023-08-21,2021.0,Salvon Ahmed,MIA,23.0,RB,12.0,0.0,54.0,149.0,0.0,8.0,76.0,1.4,73.0,1.4,3.0,18.0,2023-08-21,,,,,,,,,,,,,,,,,,,,,,,,,,,,,,,,,,,,,2021.0,Regular,Season Total,MIA,S. Ahmed,,95.9,0.2,1.0,0.3,0.0,0.3,0.0,0.0,94.4,0.0,Salvon,Ahmed,Salvon Ahmed,https://a.espncdn.com/i/headshots/nfl/players/full/4243315.png,Dolphins,False,11,3.6,0.6000000000000001,0,0,0
2021,Le'Veon Bell,L.Bell,00-0030496,TB,RB,RB,89.0,8,38.1,4.7625,33.1,5.0,5,7,30,1,0.011844331641285956,0.00095565749235474,0.018435457706577254,39,101,2,0,0,0,0,0,170.0,0.28875,0.22411764705882353,4.7625,4.531142240097965,10.8,0,RB,"https://static.www.nfl.com/image/private/f_auto,q_auto/league/sm3ij3pcby5ciqwaaqa1",REG,0,0,0,0,0,0,0,,,0,,0,0,0,0,0,0,9,-6.783925083382318,1,1,1,0,0,0,0,5,26,3,3.3576918087201193,0,2,0,0,0,6.0,0,0,0,0,0,0,0,0.0,0.0,0,0,0,0,0,0,0,0,0,0,0,0,0,0,0,0,0,0,0,0,0,0,0,0,0,0,0,0,0,0,0,0,0,,,0,0,0,0,0,0,0,0,0,0,0,0,,,,0,0,0,0,0,0,0,,0,0,0,0,,0,0,,0,0,0,0,0,0,0,0,0,0,,,,,,,,,,,,,,,,,,,,,,,,,,,,,,,,,,,,,,,,,,,,,,,,,,,,,,,,,,,,,,,,,,,,,,,,,,,,,,,,,,,,,,,,,,,,,,,,,,,,,,,,,,,,,,,,,,,,,,,,,,,,,,,,,,,,,,,,,,,,,,,,,,,,00-0030496,BellLe00,15825.0,Le'Veon Bell,1992-02-18,73.0,244.0,Michigan State,2013.0,2.0,48.0,PIT,2013,8,8.0,0.0,0.0,0.0,0.0,2021.0,LeVeon Bell,2TM,29.0,RB,8.0,0.0,7.0,5.0,30.0,1.0,3.0,4.0,0.8,26.0,5.2,0.7,1.0,5.0,1.0,0.14300000000000002,0.0,119.0,2023-08-21,2021.0,LeVeon Bell,2TM,29.0,RB,8.0,0.0,39.0,101.0,2.0,9.0,58.0,1.5,43.0,1.1,3.0,13.0,2023-08-21,,,,,,,,,,,,,,,,,,,,,,,,,,,,,,,,,,,,,,,,,,,,,,,,,,,,,,,,,,,8,4.6,-0.1,1,0,0
2021,Ke'Shawn Vaughn,K.Vaughn,00-0036450,TB,RB,RB,90.0,6,36.6,6.1000000000000005,32.6,4.0,4,8,26,0,0.0111731843575419,0.002205632846963013,0.018303719529186958,36,180,2,0,0,0,0,0,111.0,0.135,0.32972972972972975,6.1000000000000005,5.39370002873723,13.0,0,RB,"https://static.www.nfl.com/image/private/f_auto,q_auto/league/npa1msmoqbig9cqznkti",REG,0,0,0,0,0,0,0,,,0,,0,0,0,0,0,0,9,-3.210181679285597,0,5,4,1,1,0,0,13,14,1,-1.020413538676923,0,0,0,0,0,2.0,0,0,0,0,0,0,0,0.0,0.0,0,0,0,0,0,0,0,0,0,0,0,0,0,0,0,0,0,0,0,0,0,0,0,0,0,0,0,1,15,0,0,0,0,,,0,0,0,0,0,0,0,0,0,0,0,0,,,,0,0,0,0,0,0,0,,0,0,0,0,,0,0,,0,0,0,0,0,0,0,0,0,0,K.Vaughn,Ke'Shawn Vaughn,RB,RB,"https://static.www.nfl.com/image/private/f_auto,q_auto/league/npa1msmoqbig9cqznkti",2021.0,POST,TB,1.0,0.0,0.0,0.0,0.0,0.0,0.0,0.0,0.0,0.0,0.0,0.0,0.0,,,0.0,,0.0,0.0,0.0,0.0,17.0,53.0,1.0,0.0,0.0,5.0,-1.8967239942285232,0.0,1.0,1.0,0.0,0.0,2.0,2.0,9.0,0.0,0.0,0.0,-1.0,10.0,0.0,0.08867183851543814,0.0,0.0,0.0,0.0,0.0,-9.0,0.02247191011235955,-0.0016778523489932886,0.03253336852424402,0.0,0.0,0.0,0.0,0.0,0.0,0.0,0.0,0.0,0.0,0.0,0.0,0.0,0.0,0.0,0.0,0.0,0.0,0.0,0.0,0.0,0.0,0.0,0.0,0.0,0.0,0.0,0.0,0.0,0.0,0.0,0.0,0.0,0.0,0.0,0.0,0.0,0.0,0.0,0.0,0.0,0.0,,,0.0,0.0,0.0,0.0,0.0,0.0,0.0,0.0,0.0,0.0,0.0,0.0,,,,0.0,0.0,0.0,0.0,0.0,0.0,0.0,,0.0,0.0,0.0,0.0,,0.0,0.0,,0.0,0.0,0.0,0.0,0.0,0.0,0.0,0.0,0.0,0.0,12.2,14.2,00-0036450,VaugKe00,3917612.0,Ke'Shawn Vaughn,1997-05-04,70.0,214.0,Vanderbilt; Illinois,2020.0,3.0,76.0,TB,2020,5,12.0,0.0,160.0,0.0,0.4925,2021.0,KeShawn Vaughn,TB,24.0,RB,12.0,1.0,8.0,4.0,26.0,0.0,1.0,12.0,3.0,14.0,3.5,1.6,0.0,,2.0,0.25,0.0,57.3,2023-08-21,2021.0,KeShawn Vaughn,TB,24.0,RB,12.0,1.0,36.0,180.0,2.0,9.0,58.0,1.6,122.0,3.4,5.0,7.2,2023-08-21,,,,,,,,,,,,,,,,,,,,,,,,,,,,,,,,,,,,,,,,,,,,,,,,,,,,,,,,,,,6,4.6,0.4,2,0,0
2021,Jerick McKinnon,J.McKinnon,00-0031376,KC,RB,RB,91.0,9,35.900000000000006,3.9888888888888894,22.900000000000002,13.000000000000004,13,20,107,1,0.03139717425431711,-0.0018126888217522659,0.045826879206249074,12,62,0,0,0,0,0,0,172.0,0.1769230769230769,0.20872093023255817,3.988888888888889,4.17954675905308,14.0,0,RB,"https://static.www.nfl.com/image/private/f_auto,q_auto/league/yezxe2j778cndbhkxwez",REG,0,0,0,0,0,0,0,,,0,,0,0,0,0,0,0,2,-1.933192994678393,0,1,1,0,0,0,0,-9,134,6,2.1758417758974247,0,4,0,0,0,-11.88888888888889,0,3,0,0,0,0,0,0.0,0.0,0,0,0,0,0,0,0,0,0,0,0,0,0,1,0,0,0,0,0,0,0,0,0,0,0,0,0,0,0,0,0,0,0,,,0,0,0,0,0,0,0,0,0,0,0,0,,,,0,0,0,0,0,0,0,,0,0,0,0,,0,0,,0,0,0,0,0,0,0,0,0,0,J.McKinnon,Jerick McKinnon,RB,RB,"https://static.www.nfl.com/image/private/f_auto,q_auto/league/yezxe2j778cndbhkxwez",2021.0,POST,KC,3.0,0.0,0.0,0.0,0.0,0.0,0.0,0.0,0.0,0.0,0.0,0.0,0.0,,,0.0,,0.0,0.0,0.0,0.0,34.0,150.0,0.0,1.0,0.0,6.0,-2.9086314342118142,0.0,5.0,4.0,0.0,0.0,14.0,17.0,165.0,1.0,0.0,0.0,-25.0,196.0,11.0,17.264415757905226,0.0,8.0,4.0,3.0,0.0,-6.6,0.1452991452991453,-0.035919540229885055,0.19280503978779842,0.0,0.0,0.0,0.0,0.0,0.0,0.0,0.0,0.0,0.0,0.0,0.0,0.0,0.0,0.0,0.0,0.0,0.0,0.0,0.0,0.0,0.0,0.0,0.0,0.0,0.0,0.0,0.0,0.0,1.0,0.0,0.0,1.0,0.0,0.0,0.0,0.0,0.0,0.0,0.0,0.0,0.0,,,0.0,0.0,0.0,0.0,0.0,0.0,0.0,0.0,0.0,0.0,0.0,0.0,,,,0.0,0.0,0.0,0.0,0.0,0.0,0.0,,0.0,0.0,0.0,0.0,,0.0,0.0,,0.0,0.0,0.0,0.0,0.0,0.0,0.0,0.0,0.0,0.0,37.5,51.5,00-0031376,McKiJe00,16782.0,Jerick McKinnon,1992-05-03,69.0,209.0,Georgia Southern,2014.0,3.0,96.0,MIN,2014,10,13.0,0.0,122.0,0.0,0.3676923076923077,2021.0,Jerick McKinnon,KC,29.0,RB,13.0,0.0,20.0,13.0,107.0,1.0,6.0,-18.0,-1.4,125.0,9.6,-0.5,2.0,6.5,1.0,0.05,0.0,95.2,2023-08-21,2021.0,Jerick McKinnon,KC,29.0,RB,13.0,0.0,12.0,62.0,0.0,2.0,43.0,3.6,19.0,1.6,0.0,,2023-08-21,,,,,,,,,,,,,,,,,,,,,,,,,,,,,,,,,,,,,,,,,,,,,,,,,,,,,,,,,,,9,3.5,0.0,1,0,0
2021,Elijhaa Penny,E.Penny,00-0032813,NYG,RB,FB,92.0,13,35.9,2.7615384615384615,26.9,9.0,9,13,30,1,0.02304964539007092,-0.0009168003667201467,0.03393270782840228,24,99,1,0,0,0,0,0,142.0,0.12823529411764706,0.2528169014084507,2.7615384615384615,3.514384360865703,10.1,0,RB,"https://static.www.nfl.com/image/private/f_auto,q_auto/league/jiebuu94lu81xzneqrsf",REG,0,0,0,0,0,0,0,,,0,,0,0,0,0,0,0,9,0.5088074386139723,1,2,1,0,0,0,0,-4,36,4,-4.114268824050669,0,1,1,0,0,-7.5,0,2,1,6,0,0,0,0.0,0.0,0,0,0,0,0,0,0,0,0,0,0,0,0,0,0,0,0,0,3,21,0,0,0,0,0,0,0,0,0,0,0,0,0,,,0,0,0,0,0,0,0,0,0,0,0,0,,,,0,0,0,0,0,0,0,,0,0,0,0,,0,0,,0,0,0,0,0,0,0,0,0,0,,,,,,,,,,,,,,,,,,,,,,,,,,,,,,,,,,,,,,,,,,,,,,,,,,,,,,,,,,,,,,,,,,,,,,,,,,,,,,,,,,,,,,,,,,,,,,,,,,,,,,,,,,,,,,,,,,,,,,,,,,,,,,,,,,,,,,,,,,,,,,,,,,,,00-0032813,PennEl00,2575965.0,Elijhaa Penny,1993-08-17,73.0,250.0,Idaho; Cerritos College,,,,,2016,5,17.0,0.0,273.0,0.0,0.6235294117647059,2021.0,Elijhaa Penny,NYG,28.0,RB,17.0,3.0,13.0,9.0,30.0,1.0,4.0,-4.0,-0.4,34.0,3.8,-0.2,2.0,4.5,0.0,0.0,0.0,97.9,2023-08-21,2021.0,Elijhaa Penny,NYG,28.0,RB,17.0,3.0,24.0,99.0,1.0,9.0,43.0,1.8,56.0,2.3,1.0,24.0,2023-08-21,,,,,,,,,,,,,,,,,,,,,,,,,,,,,,,,,,,,,,,,,,,,,,,,,,,,,,,,,,,13,0.6000000000000001,0.0,1,0,0
2021,Craig Reynolds,C.Reynolds,00-0035567,DET,RB,RB,93.0,5,35.2,7.040000000000001,28.200000000000003,7.0,7,8,52,0,0.01415929203539823,0.0013217023526301878,0.022164129699938476,55,230,0,0,0,0,0,0,118.0,0.366,0.2983050847457627,7.040000000000001,5.613198731561177,12.700000000000001,0,RB,"https://static.www.nfl.com/image/upload/f_auto,q_auto/league/f5zuttg3hinfqgronrsg",REG,0,0,0,0,0,0,0,,,0,,0,0,0,0,0,0,11,-7.765414290767796,0,4,3,2,0,0,0,5,55,3,1.5050097236526199,0,2,0,0,0,10.4,0,1,0,0,0,0,0,0.0,0.0,0,0,0,0,0,0,0,0,0,0,0,0,0,0,0,0,0,0,0,0,0,0,0,0,0,0,0,0,0,0,0,0,0,,,0,0,0,0,0,0,0,0,0,0,0,0,,,,0,0,0,0,0,0,0,,0,0,0,0,,0,0,,0,0,0,0,0,0,0,0,0,0,,,,,,,,,,,,,,,,,,,,,,,,,,,,,,,,,,,,,,,,,,,,,,,,,,,,,,,,,,,,,,,,,,,,,,,,,,,,,,,,,,,,,,,,,,,,,,,,,,,,,,,,,,,,,,,,,,,,,,,,,,,,,,,,,,,,,,,,,,,,,,,,,,,,00-0035567,ReynCr00,4421446.0,Craig Reynolds,1996-06-15,71.0,225.0,Kutztown,,,,,2019,7,5.0,0.0,47.0,0.0,0.33399999999999996,2021.0,Craig Reynolds,DET,25.0,RB,5.0,2.0,8.0,7.0,52.0,0.0,3.0,-4.0,-0.6,56.0,8.0,0.0,2.0,3.5,0.0,0.0,0.0,93.7,2023-08-21,2021.0,Craig Reynolds,DET,25.0,RB,5.0,2.0,55.0,230.0,0.0,11.0,93.0,1.7,137.0,2.5,4.0,13.8,2023-08-21,,,,,,,,,,,,,,,,,,,,,,,,,,,,,,,,,,,,,,,,,,,,,,,,,,,,,,,,,,,5,8.100000000000001,0.2,2,0,0
2021,Royce Freeman,R.Freeman,00-0034838,HOU,RB,RB,94.0,12,34.6,2.8833333333333333,24.6,10.0,10,16,77,0,0.02782608695652174,-0.0013583880461851936,0.04078825880245298,56,169,0,0,0,0,0,0,218.0,0.21133333333333332,0.15871559633027524,2.8833333333333333,3.285459240995454,12.600000000000001,0,RB,"https://static.www.nfl.com/image/upload/f_auto,q_auto/league/qs4e1hiqj9xymlqk6yas",REG,0,0,0,0,0,0,0,,,0,,0,0,0,0,0,0,8,-9.514037958262778,0,2,2,0,0,0,0,-6,75,4,-1.7541872984263365,0,4,0,0,0,-12.833333333333334,0,1,1,0,0,0,0,0.0,0.0,0,0,0,0,0,0,0,0,0,0,0,0,0,0,0,0,0,0,0,0,0,0,0,0,0,0,0,0,0,0,0,0,0,,,0,0,0,0,0,0,0,0,0,0,0,0,,,,0,0,0,0,0,0,0,,0,0,0,0,,0,0,,0,0,0,0,0,0,0,0,0,0,,,,,,,,,,,,,,,,,,,,,,,,,,,,,,,,,,,,,,,,,,,,,,,,,,,,,,,,,,,,,,,,,,,,,,,,,,,,,,,,,,,,,,,,,,,,,,,,,,,,,,,,,,,,,,,,,,,,,,,,,,,,,,,,,,,,,,,,,,,,,,,,,,,,00-0034838,FreeRo00,3122672.0,Royce Freeman,1996-02-24,72.0,238.0,Oregon,2018.0,3.0,71.0,DEN,2018,6,15.0,0.0,75.0,0.0,0.192,2021.0,Royce Freeman,2TM,25.0,RB,15.0,0.0,16.0,10.0,77.0,0.0,4.0,2.0,0.2,75.0,7.5,-0.4,0.0,,1.0,0.063,0.0,74.2,2023-08-21,2021.0,Royce Freeman,2TM,25.0,RB,15.0,0.0,56.0,169.0,0.0,8.0,82.0,1.5,87.0,1.6,0.0,,2023-08-21,,,,,,,,,,,,,,,,,,,,,,,,,,,,,,,,,,,,,,,,,,,,,,,,,,,,,,,,,,,12,2.5,0.0,1,0,0
2021,C.J. Ham,C.Ham,00-0032918,MIN,RB,FB,95.0,15,32.9,2.1933333333333334,15.9,17.0,17,18,125,0,0.031141868512110725,0.013837257331681124,0.05639888290034287,7,34,0,0,0,0,0,0,376.0,0.32941176470588235,0.0875,2.1933333333333334,1.375015151431673,4.3,0,RB,"https://static.www.nfl.com/image/upload/f_auto,q_auto/league/evssvutwjy6szq7dpelm",REG,0,0,0,0,0,0,0,,,0,,0,0,0,0,0,0,3,0.11409412935608998,0,1,1,1,0,0,0,67,61,6,0.28594891884131357,0,4,3,1,0,1.8656716417910448,0,0,0,1,0,0,0,0.0,0.0,0,0,0,0,0,0,0,0,0,0,0,0,0,0,0,0,0,0,2,10,0,0,0,0,0,0,0,0,0,0,0,0,0,,,0,0,0,0,0,0,0,0,0,0,0,0,,,,0,0,0,0,0,0,0,,0,0,0,0,,0,0,,0,0,0,0,0,0,0,0,0,0,,,,,,,,,,,,,,,,,,,,,,,,,,,,,,,,,,,,,,,,,,,,,,,,,,,,,,,,,,,,,,,,,,,,,,,,,,,,,,,,,,,,,,,,,,,,,,,,,,,,,,,,,,,,,,,,,,,,,,,,,,,,,,,,,,,,,,,,,,,,,,,,,,,,00-0032918,HamxC.00,4012556.0,C.J. Ham,1993-07-22,71.0,250.0,Augustana (SD),,,,,2016,9,17.0,0.0,254.0,0.0,0.5152941176470588,2021.0,CJ Ham,MIN,28.0,FB,17.0,8.0,18.0,17.0,125.0,0.0,6.0,64.0,3.8,61.0,3.6,3.7,1.0,17.0,0.0,0.0,0.0,95.6,2023-08-21,2021.0,CJ Ham,MIN,28.0,FB,17.0,8.0,7.0,34.0,0.0,3.0,23.0,3.3,11.0,1.6,0.0,,2023-08-21,,,,,,,,,,,,,,,,,,,,,,,,,,,,,,,,,,,,,,,,,,,,,,,,,,,,,,,,,,,15,2.6,0.0,0,0,0
2021,James White,J.White,00-0031062,NE,RB,RB,96.0,3,31.200000000000003,10.4,19.200000000000003,12.0,12,14,94,0,0.026717557251908396,0.01189365671641791,0.04840189557935513,10,38,1,0,0,0,0,0,63.0,0.3133333333333333,0.4952380952380953,10.4,9.07028114227999,18.5,0,RB,"https://static.www.nfl.com/image/private/f_auto,q_auto/league/z1nnkmnstccnqya5d5ee",REG,0,0,0,0,0,0,0,,,0,,0,0,0,0,0,0,4,1.742970140883699,0,1,0,0,0,0,0,51,70,5,3.379524876119588,0,3,2,2,0,1.8431372549019607,0,0,0,0,0,0,0,0.0,0.0,0,0,0,0,0,0,0,0,0,0,0,0,0,0,0,0,0,0,0,0,0,0,0,0,0,0,0,0,0,0,0,0,0,,,0,0,0,0,0,0,0,0,0,0,0,0,,,,0,0,0,0,0,0,0,,0,0,0,0,,0,0,,0,0,0,0,0,0,0,0,0,0,,,,,,,,,,,,,,,,,,,,,,,,,,,,,,,,,,,,,,,,,,,,,,,,,,,,,,,,,,,,,,,,,,,,,,,,,,,,,,,,,,,,,,,,,,,,,,,,,,,,,,,,,,,,,,,,,,,,,,,,,,,,,,,,,,,,,,,,,,,,,,,,,,,,00-0031062,WhitJa02,16913.0,James White,1992-02-03,70.0,205.0,Wisconsin,2014.0,4.0,130.0,NE,2014,8,3.0,0.0,1.0,0.0,0.013333333333333334,2021.0,James White,NE,29.0,RB,3.0,0.0,14.0,12.0,94.0,0.0,5.0,24.0,2.0,70.0,5.8,3.6,1.0,12.0,1.0,0.071,0.0,94.6,2023-08-21,2021.0,James White,NE,29.0,RB,3.0,0.0,10.0,38.0,1.0,4.0,30.0,3.0,8.0,0.8,0.0,,2023-08-21,,,,,,,,,,,,,,,,,,,,,,,,,,,,,,,,,,,,,,,,,,,,,,,,,,,,,,,,,,,3,12.100000000000001,0.6000000000000001,2,1,0
2021,Corey Clement,C.Clement,00-0033725,DAL,RB,RB,97.0,11,28.900000000000002,2.6272727272727274,22.900000000000002,6.0,6,7,29,1,0.01098901098901099,0.0023455824863174357,0.018125424223938688,33,140,0,0,0,0,0,0,78.0,0.061764705882352944,0.37051282051282053,2.627272727272727,5.430670475934055,18.0,0,RB,"https://static.www.nfl.com/image/private/f_auto,q_auto/league/rrbdxl0frmnyr1qcgexd",REG,0,0,0,0,0,0,0,,,0,,0,0,0,0,0,0,7,-4.944279069779441,0,2,1,1,0,0,0,12,17,1,-1.8718156907620562,0,0,0,0,0,2.4166666666666665,0,4,0,0,0,0,0,0.0,0.0,0,0,0,0,0,0,0,1,0,0,0,0,0,0,0,0,0,0,0,0,0,0,0,0,0,0,0,11,215,0,0,0,0,,,0,0,0,0,0,0,0,0,0,0,0,0,,,,0,0,0,0,0,0,0,,0,0,0,0,,0,0,,0,0,0,0,0,0,0,0,0,0,,,,,,,,,,,,,,,,,,,,,,,,,,,,,,,,,,,,,,,,,,,,,,,,,,,,,,,,,,,,,,,,,,,,,,,,,,,,,,,,,,,,,,,,,,,,,,,,,,,,,,,,,,,,,,,,,,,,,,,,,,,,,,,,,,,,,,,,,,,,,,,,,,,,00-0033725,ClemCo00,3045260.0,Corey Clement,1994-11-02,70.0,220.0,Wisconsin,,,,,2017,7,17.0,0.0,299.0,0.0,0.611764705882353,2021.0,Corey Clement,DAL,27.0,RB,17.0,0.0,7.0,6.0,29.0,1.0,1.0,12.0,2.0,17.0,2.8,1.7,0.0,,1.0,0.14300000000000002,0.0,123.5,2023-08-21,2021.0,Corey Clement,DAL,27.0,RB,17.0,0.0,33.0,140.0,0.0,7.0,65.0,2.0,75.0,2.3,3.0,11.0,2023-08-21,,,,,,,,,,,,,,,,,,,,,,,,,,,,,,,,,,,,,,,,,,,,,,,,,,,,,,,,,,,11,0.0,0.0,1,1,0
2021,Trey Sermon,T.Sermon,00-0036984,SF,RB,RB,98.0,6,28.3,4.716666666666667,25.3,3.0,3,4,26,0,0.008048289738430584,0.002498126405196103,0.013821123091283149,41,167,1,0,0,0,0,0,107.0,0.16555555555555557,0.2644859813084112,4.716666666666667,4.879924862809536,11.4,0,RB,"https://static.www.nfl.com/image/upload/f_auto,q_auto/league/eqhl3xiczodsyqlmsxvr",REG,0,0,0,0,0,0,0,,,0,,0,0,0,0,0,0,9,-1.676432998123346,0,3,3,0,0,0,0,10,18,1,1.588194692041725,0,1,1,1,0,2.6,0,0,1,1,0,0,0,0.0,0.0,0,0,0,0,0,0,0,0,0,0,0,0,0,0,0,0,0,0,0,0,0,0,0,0,0,0,0,0,0,0,0,0,0,,,0,0,0,0,0,0,0,0,0,0,0,0,,,,0,0,0,0,0,0,0,,0,0,0,0,,0,0,,0,0,0,0,0,0,0,0,0,0,T.Sermon,Trey Sermon,RB,RB,"https://static.www.nfl.com/image/upload/f_auto,q_auto/league/eqhl3xiczodsyqlmsxvr",2021.0,POST,SF,1.0,0.0,0.0,0.0,0.0,0.0,0.0,0.0,0.0,0.0,0.0,0.0,0.0,,,0.0,,0.0,0.0,0.0,0.0,0.0,0.0,0.0,0.0,0.0,0.0,,0.0,0.0,0.0,0.0,0.0,0.0,0.0,0.0,0.0,0.0,0.0,0.0,0.0,0.0,,0.0,0.0,0.0,0.0,0.0,,0.0,0.0,0.0,0.0,1.0,0.0,0.0,0.0,0.0,0.0,0.0,0.0,0.0,0.0,0.0,0.0,0.0,0.0,0.0,0.0,0.0,0.0,0.0,0.0,0.0,0.0,0.0,0.0,0.0,0.0,0.0,0.0,0.0,0.0,0.0,0.0,0.0,0.0,0.0,0.0,0.0,0.0,0.0,0.0,0.0,,,0.0,0.0,0.0,0.0,0.0,0.0,0.0,0.0,0.0,0.0,0.0,0.0,,,,0.0,0.0,0.0,0.0,0.0,0.0,0.0,,0.0,0.0,0.0,0.0,,0.0,0.0,,0.0,0.0,0.0,0.0,0.0,0.0,0.0,0.0,0.0,0.0,0.0,0.0,00-0036984,SermTr00,4241401.0,Trey Sermon,1999-01-30,72.0,215.0,Ohio State; Oklahoma,2021.0,3.0,88.0,SF,2021,5,9.0,0.0,51.0,0.0,0.23888888888888887,2021.0,Trey Sermon,SF,22.0,RB,9.0,2.0,4.0,3.0,26.0,0.0,1.0,8.0,2.7,18.0,6.0,2.5,0.0,,1.0,0.25,0.0,91.7,2023-08-21,2021.0,Trey Sermon,SF,22.0,RB,9.0,2.0,41.0,167.0,1.0,9.0,88.0,2.1,79.0,1.9,3.0,13.7,2023-08-21,,,,,,,,,,,,,,,,,,,,,,,,,,,,,,,,,,,,,,,,,,,,,,,,,,,,,,,,,,,6,3.65,0.0,1,0,0
2021,Eno Benjamin,E.Benjamin,00-0036383,ARI,RB,RB,99.0,8,28.0,3.5,22.0,6.0,6,7,42,0,0.012280701754385965,-0.00022598870056497175,0.01826286054118347,34,118,1,0,0,0,0,0,95.0,0.15111111111111108,0.29473684210526313,3.5,3.997856568569857,9.9,0,RB,"https://static.www.nfl.com/image/private/f_auto,q_auto/league/ibizpqkleka4az4mprvz",REG,0,0,0,0,0,0,0,,,0,,0,0,0,0,0,0,4,-6.035028448619414,0,2,1,1,0,0,0,-1,46,4,3.5773844519862905,0,3,0,0,0,-42.0,0,0,0,1,0,0,0,0.0,0.0,0,0,0,0,0,0,0,0,0,0,0,0,0,1,0,0,0,0,0,0,0,0,0,0,0,0,0,7,162,0,0,0,0,,,0,0,0,0,0,0,0,0,0,0,0,0,,,,0,0,0,0,0,0,0,,0,0,0,0,,0,0,,0,0,0,0,0,0,0,0,0,0,E.Benjamin,Eno Benjamin,RB,RB,"https://static.www.nfl.com/image/private/f_auto,q_auto/league/ibizpqkleka4az4mprvz",2021.0,POST,ARI,1.0,0.0,0.0,0.0,0.0,0.0,0.0,0.0,0.0,0.0,0.0,0.0,0.0,,,0.0,,0.0,0.0,0.0,0.0,4.0,8.0,0.0,0.0,0.0,0.0,-1.1272346845944412,0.0,0.0,0.0,0.0,0.0,2.0,2.0,26.0,0.0,0.0,0.0,-7.0,33.0,2.0,1.4845871957950294,0.0,2.0,0.0,0.0,0.0,-3.7142857142857144,0.058823529411764705,-0.025089605734767026,0.07067257010331013,0.0,0.0,0.0,0.0,0.0,0.0,0.0,0.0,0.0,0.0,0.0,0.0,0.0,0.0,0.0,0.0,0.0,0.0,0.0,0.0,0.0,0.0,0.0,0.0,0.0,0.0,0.0,0.0,0.0,0.0,0.0,0.0,0.0,0.0,0.0,0.0,0.0,0.0,0.0,0.0,0.0,0.0,,,0.0,0.0,0.0,0.0,0.0,0.0,0.0,0.0,0.0,0.0,0.0,0.0,,,,0.0,0.0,0.0,0.0,0.0,0.0,0.0,,0.0,0.0,0.0,0.0,,0.0,0.0,,0.0,0.0,0.0,0.0,0.0,0.0,0.0,0.0,0.0,0.0,3.4000000000000004,5.4,00-0036383,BenjEn00,4242873.0,Eno Benjamin,1999-04-13,69.0,207.0,Arizona State,2020.0,7.0,222.0,ARI,2020,4,9.0,0.0,44.0,0.0,0.19666666666666666,2021.0,Eno Benjamin,ARI,22.0,RB,9.0,0.0,7.0,6.0,42.0,0.0,4.0,-4.0,-0.7,46.0,7.7,-0.1,2.0,3.0,0.0,0.0,0.0,91.7,2023-08-21,2021.0,Eno Benjamin,ARI,22.0,RB,9.0,0.0,34.0,118.0,1.0,4.0,53.0,1.6,65.0,1.9,1.0,34.0,2023-08-21,,,,,,,,,,,,,,,,,,,,,,,,,,,,,,,,,,,,,,,,,,,,,,,,,,,,,,,,,,,8,2.25,0.0,0,0,0
2021,Godwin Igwebuike,G.Igwebuike,00-0034614,DET,RB,RB,100.0,15,26.8,1.7866666666666666,19.8,7.0,7,10,60,0,0.017699115044247787,0.003965107057890563,0.029324247506895076,18,118,1,0,0,0,0,0,98.0,0.08823529411764706,0.27346938775510204,1.7866666666666668,3.553241310342405,11.600000000000001,0,RB,"https://static.www.nfl.com/image/private/f_auto,q_auto/league/d0jsvuhu4xwkyegnlauh",REG,0,0,0,0,0,0,0,,,0,,0,0,0,0,2,2,7,-4.573146567621734,0,3,2,1,1,0,0,15,64,4,-2.0825647973106243,0,4,2,0,0,4.0,0,4,0,3,0,0,0,0.0,0.0,0,0,0,0,0,0,0,0,0,0,0,0,0,0,0,0,0,0,0,0,2,0,0,2,2,0,0,28,697,0,0,0,0,,,0,0,0,0,0,0,0,0,0,0,0,0,,,,0,0,0,0,0,0,0,,0,0,0,0,,0,0,,0,0,0,0,0,0,0,0,0,0,,,,,,,,,,,,,,,,,,,,,,,,,,,,,,,,,,,,,,,,,,,,,,,,,,,,,,,,,,,,,,,,,,,,,,,,,,,,,,,,,,,,,,,,,,,,,,,,,,,,,,,,,,,,,,,,,,,,,,,,,,,,,,,,,,,,,,,,,,,,,,,,,,,,00-0034614,IgweGo00,3045238.0,Godwin Igwebuike,1994-09-10,72.0,212.0,Northwestern,,,,,2018,4,17.0,0.0,288.0,0.0,0.6505882352941177,2021.0,Godwin Igwebuike,DET,27.0,DB,17.0,1.0,10.0,7.0,60.0,0.0,4.0,-4.0,-0.6,64.0,9.1,1.5,1.0,7.0,2.0,0.2,0.0,85.4,2023-08-21,2021.0,Godwin Igwebuike,DET,27.0,DB,17.0,1.0,18.0,118.0,1.0,7.0,56.0,3.1,62.0,3.4,1.0,18.0,2023-08-21,,,,,,,,,,,,,,,,,,,,,,,,,,,,,,,,,,,,,,,,,,,,,,,,,,,,,,,,,,,15,0.0,0.0,1,0,0
2021,Cooper Kupp,C.Kupp,00-0033908,LA,WR,WR,1.0,17,439.5,25.852941176470587,294.5,145.0,145,191,1947,16,0.31727574750830567,0.31963381379041683,0.6996572909157502,4,18,0,0,1,0,0,0,1024.0,0.9411764705882353,0.42919921875,25.852941176470587,7.468359730143128,37.6,14,WR,"https://static.www.nfl.com/image/upload/f_auto,q_auto/league/kjixprihktsfog6wx9sq",REG,0,0,0,0,25,0,0,-0.4020649445010349,-28.750768303871155,0,0.0,0,0,0,0,0,0,1,-1.437612365464151,0,1,1,0,0,0,0,1641,846,89,112.93584767521602,1,66,41,30,9,1.186471663619744,0,1,0,0,0,0,0,0.0,0.0,0,0,0,0,0,0,0,0,0,0,0,0,0,0,0,0,0,0,0,0,0,0,0,0,0,1,8,2,20,0,0,0,0,,,0,0,0,0,0,0,0,0,0,0,0,0,,,,0,0,0,0,0,0,0,,0,0,0,0,,0,0,,0,0,0,0,0,0,0,0,0,0,C.Kupp,Cooper Kupp,WR,WR,"https://static.www.nfl.com/image/upload/f_auto,q_auto/league/kjixprihktsfog6wx9sq",2021.0,POST,LA,4.0,0.0,1.0,0.0,0.0,0.0,0.0,0.0,0.0,0.0,5.0,0.0,0.0,-1.5157049462529928,-69.08655762672424,0.0,0.0,0.0,0.0,0.0,0.0,2.0,5.0,0.0,0.0,0.0,1.0,1.1951362090185285,0.0,0.0,0.0,0.0,0.0,33.0,42.0,478.0,6.0,1.0,1.0,376.0,206.0,19.0,26.349946659743622,0.0,19.0,12.0,7.0,2.0,1.2712765957446808,0.3088235294117647,0.30494728304947283,0.676698392252278,0.0,0.0,0.0,0.0,0.0,0.0,0.0,0.0,0.0,0.0,0.0,0.0,0.0,0.0,0.0,0.0,0.0,0.0,0.0,0.0,0.0,0.0,0.0,0.0,0.0,0.0,0.0,0.0,0.0,1.0,0.0,0.0,1.0,1.0,0.0,0.0,0.0,0.0,0.0,0.0,0.0,0.0,,,0.0,0.0,0.0,0.0,0.0,0.0,0.0,0.0,0.0,0.0,0.0,0.0,,,,0.0,0.0,0.0,0.0,0.0,0.0,0.0,,0.0,0.0,0.0,0.0,,0.0,0.0,,0.0,0.0,0.0,0.0,0.0,0.0,0.0,0.0,0.0,0.0,82.30000000000001,115.30000000000001,00-0033908,KuppCo00,2977187.0,Cooper Kupp,1993-06-15,74.0,205.0,Eastern Washington,2017.0,3.0,69.0,LA,2017,10,17.0,0.0,60.0,0.0,0.12764705882352942,2021.0,Cooper Kupp,LA,28.0,WR,17.0,17.0,191.0,145.0,1947.0,16.0,89.0,1101.0,7.6,846.0,5.8,8.6,10.0,14.5,8.0,0.042,5.0,124.8,2023-08-21,2021.0,Cooper Kupp,LA,28.0,WR,17.0,17.0,4.0,18.0,0.0,1.0,13.0,3.3,5.0,1.3,0.0,,2023-08-21,Cooper Kupp,LAR,1.0,0.0,0.0,0.0,0.0,0.0,0.0,2021.0,1.5,1.0,1.0,0.0,1.0,100.0,0.0,0.0,0.0,0.0,0.0,0.0,0.0,0.0,0.0,0.0,0.0,,,,,,,,,,,,,,,,,,,,,,,,,,,,,,,,17,24.5,11.4,17,16,8
2021,Davante Adams,D.Adams,00-0031381,GB,WR,WR,2.0,16,344.3,21.51875,221.3,123.0,123,169,1553,11,0.2964912280701754,0.35255570117955437,0.6915258329309512,0,0,0,0,0,0,0,0,886.0,0.849375,0.3886004514672686,21.51875,9.684435536811977,37.6,7,WR,"https://static.www.nfl.com/image/upload/f_auto,q_auto/league/tdzluk4xau3arxqk9zsl",REG,0,0,0,0,0,0,0,,,0,,0,0,0,0,0,0,0,,0,0,0,0,0,0,0,1614,601,84,71.96588018300136,0,66,34,19,4,0.9622057001239157,0,1,0,0,0,0,0,0.0,0.0,0,0,0,0,0,0,0,0,0,0,0,0,0,0,0,0,0,0,2,10,0,0,0,0,0,0,0,0,0,0,0,0,0,,,0,0,0,0,0,0,0,0,0,0,0,0,,,,0,0,0,0,0,0,0,,0,0,0,0,,0,0,,0,0,0,0,0,0,0,0,0,0,D.Adams,Davante Adams,WR,WR,"https://static.www.nfl.com/image/upload/f_auto,q_auto/league/tdzluk4xau3arxqk9zsl",2021.0,POST,GB,1.0,0.0,0.0,0.0,0.0,0.0,0.0,0.0,0.0,0.0,0.0,0.0,0.0,,,0.0,,0.0,0.0,0.0,0.0,0.0,0.0,0.0,0.0,0.0,0.0,,0.0,0.0,0.0,0.0,0.0,9.0,11.0,90.0,0.0,0.0,0.0,130.0,21.0,5.0,5.402839241432957,0.0,4.0,1.0,1.0,0.0,0.6923076923076923,0.4074074074074074,0.5909090909090909,1.0247474747474747,0.0,0.0,0.0,0.0,0.0,0.0,0.0,0.0,0.0,0.0,0.0,0.0,0.0,0.0,0.0,0.0,0.0,0.0,0.0,0.0,0.0,0.0,0.0,0.0,0.0,0.0,0.0,0.0,0.0,0.0,0.0,0.0,0.0,0.0,0.0,0.0,0.0,0.0,0.0,0.0,0.0,0.0,,,0.0,0.0,0.0,0.0,0.0,0.0,0.0,0.0,0.0,0.0,0.0,0.0,,,,0.0,0.0,0.0,0.0,0.0,0.0,0.0,,0.0,0.0,0.0,0.0,,0.0,0.0,,0.0,0.0,0.0,0.0,0.0,0.0,0.0,0.0,0.0,0.0,9.0,18.0,00-0031381,AdamDa01,16800.0,Davante Adams,1992-12-24,73.0,204.0,Fresno State,2014.0,2.0,53.0,GB,2014,13,16.0,0.0,6.0,0.0,0.014375,2021.0,Davante Adams,GB,29.0,WR,16.0,16.0,169.0,123.0,1553.0,11.0,84.0,961.0,7.8,592.0,4.8,9.6,5.0,24.6,3.0,0.018000000000000002,3.0,115.3,2023-08-21,,,,,,,,,,,,,,,,,,,,,,,,,,,,,,,,,,,,,,,,,,,,,,,,,,,,,,,,,,,,,,,,,,,,,,,,,,,,,16,19.0,10.2,16,10,6
2021,Deebo Samuel Sr.,D.Samuel,00-0035719,SF,WR,WR,3.0,16,338.96000000000004,21.185000000000002,261.96000000000004,77.0,77,121,1405,6,0.24346076458752516,0.257057207094679,0.545131191847563,59,365,8,1,2,24,1,0,829.0,0.804375,0.40887816646562125,21.185000000000002,7.760730206194088,35.7,8,WR,"https://static.www.nfl.com/image/upload/f_auto,q_auto/league/ntgyhqg6hq7fanhhsqiw",REG,0,0,0,0,39,0,1,2.0177336357883178,19.483815133571625,0,0.6153846153846154,1,1,1,0,0,0,21,20.849417409073794,0,13,11,5,1,4,2,1029,780,51,55.31051865615728,0,52,33,23,9,1.3654033041788143,0,1,0,0,0,0,0,0.0,0.0,0,0,0,0,0,0,0,0,0,0,0,0,0,1,0,0,0,0,1,10,3,1,0,4,2,0,0,3,75,0,0,0,0,,,0,0,0,0,0,0,0,0,0,0,0,0,,,,0,0,0,0,0,0,0,,0,0,0,0,,0,0,,0,0,0,0,0,0,0,0,0,0,D.Samuel,Deebo Samuel Sr.,WR,WR,"https://static.www.nfl.com/image/upload/f_auto,q_auto/league/ntgyhqg6hq7fanhhsqiw",2021.0,POST,SF,3.0,0.0,0.0,0.0,0.0,0.0,0.0,0.0,0.0,0.0,0.0,0.0,0.0,,,0.0,,0.0,0.0,0.0,0.0,27.0,137.0,1.0,0.0,0.0,4.0,-2.141327701007097,0.0,1.0,1.0,1.0,0.0,10.0,14.0,154.0,1.0,0.0,0.0,32.0,154.0,7.0,10.264947630856042,0.0,8.0,3.0,1.0,1.0,4.8125,0.19444444444444445,0.07511737089201878,0.34424882629107983,0.0,0.0,0.0,0.0,0.0,0.0,0.0,0.0,0.0,0.0,0.0,0.0,0.0,0.0,0.0,0.0,0.0,0.0,0.0,0.0,0.0,0.0,0.0,0.0,0.0,0.0,0.0,0.0,0.0,0.0,0.0,0.0,0.0,0.0,0.0,0.0,4.0,85.0,0.0,0.0,0.0,0.0,,,0.0,0.0,0.0,0.0,0.0,0.0,0.0,0.0,0.0,0.0,0.0,0.0,,,,0.0,0.0,0.0,0.0,0.0,0.0,0.0,,0.0,0.0,0.0,0.0,,0.0,0.0,,0.0,0.0,0.0,0.0,0.0,0.0,0.0,0.0,0.0,0.0,41.1,51.1,00-0035719,SamuDe00,3126486.0,Deebo Samuel Sr.,1996-01-15,72.0,215.0,South Carolina,2019.0,2.0,36.0,SF,2019,8,16.0,0.0,9.0,0.0,0.020625,2021.0,Deebo Samuel,SF,25.0,WR,16.0,15.0,121.0,77.0,1405.0,6.0,51.0,637.0,8.3,768.0,10.0,8.4,13.0,5.9,10.0,0.083,4.0,106.2,2023-08-21,2021.0,Deebo Samuel,SF,25.0,WR,16.0,15.0,59.0,365.0,8.0,21.0,181.0,3.1,184.0,3.1,9.0,6.6,2023-08-21,Deebo Samuel,SF,2.0,0.0,0.0,0.0,0.0,0.0,0.0,2021.0,2.4,1.0,0.0,1.0,1.0,50.0,0.0,1.0,50.0,7.0,91.0,0.0,0.0,7.0,91.0,0.0,0.0,,,,,,,,,,2021.0,Regular,Season Total,SF,D. Samuel,,99.0,0.6,2.0,0.8,0.8,0.0,0.0,0.0,99.0,0.0,Deebo,Samuel,Deebo Samuel,https://a.espncdn.com/i/headshots/nfl/players/full/3126486.png,49ers,False,16,19.85,10.2,16,13,5
2021,Justin Jefferson,J.Jefferson,00-0036322,MIN,WR,WR,4.0,17,330.4,19.435294117647057,222.4,107.99999999999997,108,167,1616,10,0.2889273356401384,0.42606361007848,0.7316355305151436,6,14,0,2,4,35,0,0,1014.0,0.8917647058823529,0.3258382642998027,19.435294117647057,8.254688151019895,37.2,7,WR,"https://static.www.nfl.com/image/upload/f_auto,q_auto/league/htjevkugzk6ietrjysny",REG,0,0,0,0,36,28,2,1.2533358797663823,-5.726433545351028,0,0.9722222222222222,2,1,1,0,0,0,1,-2.2447933896328323,0,1,0,0,0,1,1,2063,490,75,77.73013027379446,0,67,40,27,5,0.7833252544837616,0,0,0,0,0,0,0,0.0,0.0,0,0,0,0,0,0,0,0,0,0,0,0,0,0,0,0,0,0,1,10,1,0,0,1,1,0,0,0,0,0,0,0,0,,,0,0,0,0,0,0,0,0,0,0,0,0,,,,0,0,0,0,0,0,0,,0,0,0,0,,0,0,,0,0,0,0,0,0,0,0,0,0,,,,,,,,,,,,,,,,,,,,,,,,,,,,,,,,,,,,,,,,,,,,,,,,,,,,,,,,,,,,,,,,,,,,,,,,,,,,,,,,,,,,,,,,,,,,,,,,,,,,,,,,,,,,,,,,,,,,,,,,,,,,,,,,,,,,,,,,,,,,,,,,,,,,00-0036322,JeffJu00,4262921.0,Justin Jefferson,1999-06-16,73.0,195.0,LSU,2020.0,1.0,22.0,MIN,2020,7,17.0,0.0,0.0,0.0,0.0,2021.0,Justin Jefferson,MIN,22.0,WR,17.0,17.0,167.0,108.0,1616.0,10.0,75.0,1134.0,10.5,482.0,4.5,12.4,5.0,21.6,7.0,0.042,2.0,111.3,2023-08-21,2021.0,Justin Jefferson,MIN,22.0,WR,17.0,17.0,6.0,14.0,0.0,1.0,5.0,0.8,9.0,1.5,0.0,,2023-08-21,Justin Jefferson,MIN,4.0,0.0,0.0,0.0,0.0,2.0,50.0,2021.0,2.3,2.0,0.0,2.0,2.0,50.0,0.0,2.0,50.0,0.0,0.0,0.0,0.0,0.0,0.0,2.0,11.0,,,,,,,,,,,,,,,,,,,,,,,,,,,,,,,,17,19.4,4.1,16,11,3
2021,Ja'Marr Chase,J.Chase,00-0036900,CIN,WR,WR,5.0,17,304.6,17.91764705882353,223.6,81.00000000000003,81,128,1455,13,0.23703703703703705,0.36775073914032297,0.6129810729537817,7,21,0,0,0,0,0,0,939.0,0.8452941176470588,0.3243876464323749,17.91764705882353,12.96033541686507,55.6,6,WR,"https://static.www.nfl.com/image/upload/f_auto,q_auto/league/qya3dtjb5kgofcuj2tuw",REG,0,0,0,0,0,0,0,,,0,,0,0,0,0,0,0,2,-2.2270732577890158,0,1,0,0,0,2,1,1617,651,56,65.33957198970779,0,51,32,22,8,0.8998144712430427,0,2,0,1,0,0,0,0.0,0.0,0,0,0,0,0,0,0,0,0,0,0,0,0,0,0,0,0,0,3,35,2,0,1,2,1,0,0,0,0,0,0,0,0,,,0,0,0,0,0,0,0,0,0,0,0,0,,,,0,0,0,0,0,0,0,,0,0,0,0,,0,0,,0,0,0,0,0,0,0,0,0,0,J.Chase,Ja'Marr Chase,WR,WR,"https://static.www.nfl.com/image/upload/f_auto,q_auto/league/qya3dtjb5kgofcuj2tuw",2021.0,POST,CIN,4.0,0.0,0.0,0.0,0.0,0.0,0.0,0.0,0.0,0.0,0.0,0.0,0.0,,,0.0,,0.0,0.0,0.0,0.0,6.0,32.0,0.0,0.0,0.0,3.0,3.2111625052639283,0.0,1.0,1.0,0.0,0.0,25.0,35.0,368.0,1.0,0.0,0.0,335.0,171.0,16.0,14.938717705236398,0.0,14.0,10.0,5.0,2.0,1.0985074626865672,0.25735294117647056,0.3785310734463277,0.6510011631771352,0.0,1.0,0.0,0.0,0.0,0.0,0.0,0.0,0.0,0.0,0.0,0.0,0.0,0.0,0.0,0.0,0.0,0.0,0.0,0.0,0.0,0.0,0.0,0.0,0.0,0.0,0.0,0.0,0.0,0.0,0.0,0.0,0.0,0.0,0.0,0.0,0.0,0.0,0.0,0.0,0.0,0.0,,,0.0,0.0,0.0,0.0,0.0,0.0,0.0,0.0,0.0,0.0,0.0,0.0,,,,0.0,0.0,0.0,0.0,0.0,0.0,0.0,,0.0,0.0,0.0,0.0,,0.0,0.0,,0.0,0.0,0.0,0.0,0.0,0.0,0.0,0.0,0.0,0.0,46.0,71.0,00-0036900,ChasJa00,4362628.0,Ja'Marr Chase,2000-03-01,72.0,205.0,LSU,2021.0,1.0,5.0,CIN,2021,6,17.0,0.0,0.0,0.0,0.0,2021.0,JaMarr Chase,CIN,21.0,WR,17.0,17.0,128.0,81.0,1455.0,13.0,56.0,804.0,9.9,651.0,8.0,12.6,8.0,10.1,11.0,0.086,6.0,116.5,2023-08-21,2021.0,JaMarr Chase,CIN,21.0,WR,17.0,17.0,7.0,21.0,0.0,2.0,15.0,2.1,6.0,0.9,3.0,2.3,2023-08-21,,,,,,,,,,,,,,,,,,,,,,,,,,,,,,,,,,,,,,,,,,,,,,,,,,,,,,,,,,,17,13.7,1.3,13,7,4
2021,Tyreek Hill,T.Hill,00-0033040,KC,WR,WR,6.0,17,296.5,17.441176470588236,185.5,111.0,111,159,1239,9,0.24960753532182103,0.33172205438066465,0.6066167410491968,9,96,0,0,0,0,0,0,867.0,0.7364705882352941,0.3419838523644752,17.441176470588236,13.228475858140715,47.6,7,WR,"https://static.www.nfl.com/image/upload/f_auto,q_auto/league/gg73gnfivrn80oyqwazl",REG,0,0,0,0,0,0,0,,,0,,0,0,0,0,0,0,4,2.9771603627013974,0,5,4,1,0,2,1,1647,444,75,62.36571529114821,0,49,20,13,3,0.7522768670309654,0,2,0,0,0,0,0,0.0,0.0,0,0,0,0,0,0,0,0,0,0,0,0,0,1,0,0,0,0,2,10,2,0,0,2,1,0,0,0,0,0,0,0,0,,,0,0,0,0,0,0,0,0,0,0,0,0,,,,0,0,0,0,0,0,0,,0,0,0,0,,0,0,,0,0,0,0,0,0,0,0,0,0,T.Hill,Tyreek Hill,WR,WR,"https://static.www.nfl.com/image/upload/f_auto,q_auto/league/gg73gnfivrn80oyqwazl",2021.0,POST,KC,3.0,0.0,0.0,0.0,0.0,0.0,0.0,0.0,0.0,0.0,0.0,0.0,0.0,,,0.0,,0.0,0.0,0.0,0.0,1.0,-2.0,0.0,0.0,0.0,0.0,-0.8029259542818181,0.0,0.0,0.0,0.0,0.0,23.0,28.0,285.0,3.0,0.0,0.0,237.0,135.0,12.0,9.725779112964354,0.0,9.0,6.0,5.0,1.0,1.2025316455696202,0.23931623931623933,0.34051724137931033,0.5973364279398762,0.0,0.0,0.0,0.0,0.0,0.0,0.0,0.0,0.0,0.0,0.0,0.0,0.0,0.0,0.0,0.0,0.0,0.0,0.0,0.0,0.0,0.0,0.0,0.0,0.0,0.0,0.0,0.0,0.0,0.0,0.0,0.0,0.0,0.0,2.0,37.0,0.0,0.0,0.0,0.0,0.0,0.0,,,0.0,0.0,0.0,0.0,0.0,0.0,0.0,0.0,0.0,0.0,0.0,0.0,,,,0.0,0.0,0.0,0.0,0.0,0.0,0.0,,0.0,0.0,0.0,0.0,,0.0,0.0,,0.0,0.0,0.0,0.0,0.0,0.0,0.0,0.0,0.0,0.0,46.3,69.3,00-0033040,HillTy00,3116406.0,Tyreek Hill,1994-03-01,70.0,191.0,West Alabama; Garden City CC; Oklahoma State,2016.0,5.0,165.0,KC,2016,10,17.0,0.0,1.0,0.0,0.0029411764705882353,2021.0,Tyreek Hill,KC,27.0,WR,17.0,16.0,159.0,111.0,1239.0,9.0,75.0,795.0,7.2,444.0,4.0,10.4,10.0,11.1,7.0,0.044000000000000004,3.0,103.7,2023-08-21,2021.0,Tyreek Hill,KC,27.0,WR,17.0,16.0,9.0,96.0,0.0,4.0,85.0,9.4,11.0,1.2,0.0,,2023-08-21,,,,,,,,,,,,,,,,,,,,,,,,,,,,,,,,,,,,,,,,,,,,,,,,,,,,,,,,,,,17,12.7,1.2,11,7,5
2021,Stefon Diggs,S.Diggs,00-0031588,BUF,WR,WR,7.0,17,285.5,16.794117647058822,182.5,103.0,103,164,1225,10,0.26324237560192615,0.3411764705882353,0.6336870928146539,0,0,0,0,0,0,0,0,977.0,0.8147058823529412,0.2922210849539406,16.794117647058822,5.714944289780445,30.2,5,WR,"https://static.www.nfl.com/image/upload/f_auto,q_auto/league/cemcexmscsarpvwhafln",REG,1,-2,0,0,0,0,0,-0.836327348719351,,0,,0,0,0,0,0,0,0,,0,0,0,0,0,1,0,1827,326,66,31.989855666641777,0,50,18,12,4,0.6704980842911877,0,3,0,0,0,0,0,0.0,0.0,0,0,0,0,0,0,0,0,0,0,0,0,0,0,0,0,0,0,2,10,1,0,0,1,0,0,0,0,0,0,0,0,0,,,0,0,0,0,0,0,0,0,0,0,0,0,,,,0,0,0,0,0,0,0,,0,0,0,0,,0,0,,0,0,0,0,0,0,0,0,0,0,S.Diggs,Stefon Diggs,WR,WR,"https://static.www.nfl.com/image/upload/f_auto,q_auto/league/cemcexmscsarpvwhafln",2021.0,POST,BUF,2.0,0.0,0.0,0.0,0.0,0.0,0.0,0.0,0.0,0.0,0.0,0.0,0.0,,,0.0,,0.0,0.0,0.0,0.0,0.0,0.0,0.0,0.0,0.0,0.0,,0.0,0.0,0.0,0.0,0.0,6.0,10.0,67.0,0.0,0.0,0.0,104.0,16.0,2.0,3.002158626201097,1.0,1.0,1.0,1.0,1.0,0.6442307692307693,0.16129032258064516,0.19696969696969696,0.37981427174975557,0.0,0.0,0.0,0.0,0.0,0.0,0.0,0.0,0.0,0.0,0.0,0.0,0.0,0.0,0.0,0.0,0.0,0.0,0.0,0.0,0.0,0.0,0.0,0.0,0.0,0.0,0.0,0.0,0.0,0.0,0.0,0.0,0.0,0.0,0.0,0.0,0.0,0.0,0.0,0.0,0.0,0.0,,,0.0,0.0,0.0,0.0,0.0,0.0,0.0,0.0,0.0,0.0,0.0,0.0,,,,0.0,0.0,0.0,0.0,0.0,0.0,0.0,,0.0,0.0,0.0,0.0,,0.0,0.0,,0.0,0.0,0.0,0.0,0.0,0.0,0.0,0.0,0.0,0.0,8.7,14.7,00-0031588,DiggSt00,2976212.0,Stefon Diggs,1993-11-29,72.0,191.0,Maryland,2015.0,5.0,146.0,MIN,2015,12,17.0,0.0,0.0,0.0,0.0,2021.0,Stefon Diggs,BUF,28.0,WR,17.0,17.0,164.0,103.0,1225.0,10.0,66.0,899.0,8.7,326.0,3.2,11.1,7.0,14.7,5.0,0.03,6.0,90.6,2023-08-21,,,,,,,,,,,,,,,,,,,,,,,,,,,,,,,,,,,,,,,,,,,,,,,,,,,,,,,,,,,,,,,,,,,,,,,,,,,,,17,15.9,8.9,15,10,1
2021,Diontae Johnson,D.Johnson,00-0035216,PIT,WR,WR,8.0,16,274.4,17.15,167.4,106.99999999999997,107,169,1161,8,0.25880551301684535,0.32439738679882857,0.615286440284448,5,53,0,0,0,0,0,0,988.0,0.9075,0.2777327935222672,17.150000000000002,5.26991461031391,30.5,3,WR,"https://static.www.nfl.com/image/upload/f_auto,q_auto/league/rjtil6ilydmwoy0btlt7",REG,0,0,0,0,0,0,0,,,0,,0,0,0,0,0,0,2,3.939951023843605,0,3,1,1,0,2,2,1440,527,59,22.046528781486174,1,46,20,14,4,0.80625,0,1,0,0,0,0,0,0.0,0.0,0,0,0,0,0,0,0,0,0,0,0,0,0,0,0,0,0,0,8,50,1,1,0,2,2,0,0,0,0,0,0,0,0,,,0,0,0,0,0,0,0,0,0,0,0,0,,,,0,0,0,0,0,0,0,,0,0,0,0,,0,0,,0,0,0,0,0,0,0,0,0,0,D.Johnson,Diontae Johnson,WR,WR,"https://static.www.nfl.com/image/upload/f_auto,q_auto/league/rjtil6ilydmwoy0btlt7",2021.0,POST,PIT,1.0,0.0,0.0,0.0,0.0,0.0,0.0,0.0,0.0,0.0,0.0,0.0,0.0,,,0.0,,0.0,0.0,0.0,0.0,0.0,0.0,0.0,0.0,0.0,0.0,,0.0,0.0,0.0,0.0,0.0,5.0,10.0,34.0,1.0,0.0,0.0,102.0,10.0,4.0,0.5974252712912858,0.0,1.0,0.0,0.0,0.0,0.3333333333333333,0.22727272727272727,0.31875,0.5640340909090908,0.0,0.0,0.0,0.0,0.0,0.0,0.0,0.0,0.0,0.0,0.0,0.0,0.0,0.0,0.0,0.0,0.0,0.0,0.0,0.0,0.0,0.0,0.0,0.0,0.0,0.0,0.0,1.0,5.0,0.0,0.0,0.0,0.0,0.0,0.0,0.0,0.0,0.0,0.0,0.0,0.0,0.0,,,0.0,0.0,0.0,0.0,0.0,0.0,0.0,0.0,0.0,0.0,0.0,0.0,,,,0.0,0.0,0.0,0.0,0.0,0.0,0.0,,0.0,0.0,0.0,0.0,,0.0,0.0,,0.0,0.0,0.0,0.0,0.0,0.0,0.0,0.0,0.0,0.0,9.4,14.4,00-0035216,JohnDi01,3932905.0,Diontae Johnson,1996-07-05,70.0,183.0,Toledo,2019.0,3.0,66.0,PIT,2019,6,16.0,0.0,3.0,0.0,0.00625,2021.0,Diontae Johnson,PIT,25.0,WR,16.0,14.0,169.0,107.0,1161.0,8.0,59.0,634.0,5.9,527.0,4.9,8.5,8.0,13.4,5.0,0.03,3.0,91.9,2023-08-21,2021.0,Diontae Johnson,PIT,25.0,WR,16.0,14.0,5.0,53.0,0.0,2.0,35.0,7.0,18.0,3.6,0.0,,2023-08-21,,,,,,,,,,,,,,,,,,,,,,,,,,,,,,,,,,,,,,,,,,,,,,,,,,,,,,,,,,,16,15.55,9.8,15,11,1
2021,Mike Evans,M.Evans,00-0031408,TB,WR,WR,9.0,16,262.5,16.40625,188.5,74.0,74,114,1035,14,0.15921787709497207,0.25398710553104853,0.41661778951419204,1,10,0,0,0,0,0,0,915.0,0.825,0.28688524590163933,16.40625,9.06689720907875,31.6,6,WR,"https://static.www.nfl.com/image/upload/f_auto,q_auto/league/zc4ujpmndyxrbiyyjomz",REG,0,0,0,0,0,0,0,,,0,,0,0,0,0,0,0,1,0.6375567223876715,0,1,0,0,0,0,0,1497,239,56,65.69545162617443,0,42,26,20,3,0.6913827655310621,0,2,0,0,0,0,0,0.0,0.0,0,0,0,0,0,0,0,0,0,0,0,0,0,0,0,0,0,0,2,15,0,0,0,0,0,0,0,0,0,0,0,0,0,,,0,0,0,0,0,0,0,0,0,0,0,0,,,,0,0,0,0,0,0,0,,0,0,0,0,,0,0,,0,0,0,0,0,0,0,0,0,0,M.Evans,Mike Evans,WR,WR,"https://static.www.nfl.com/image/upload/f_auto,q_auto/league/zc4ujpmndyxrbiyyjomz",2021.0,POST,TB,2.0,0.0,0.0,0.0,0.0,0.0,0.0,0.0,0.0,0.0,0.0,0.0,0.0,,,0.0,,0.0,0.0,0.0,0.0,0.0,0.0,0.0,0.0,0.0,0.0,,0.0,0.0,0.0,0.0,0.0,17.0,26.0,236.0,2.0,0.0,0.0,250.0,79.0,10.0,12.831868245266378,0.0,7.0,6.0,3.0,1.0,0.944,0.29213483146067415,0.41946308724832215,0.7318264082648367,0.0,0.0,0.0,0.0,0.0,0.0,0.0,0.0,0.0,0.0,0.0,0.0,0.0,0.0,0.0,0.0,0.0,0.0,0.0,0.0,0.0,0.0,0.0,0.0,0.0,0.0,0.0,0.0,0.0,0.0,0.0,0.0,0.0,0.0,0.0,0.0,0.0,0.0,0.0,0.0,0.0,0.0,,,0.0,0.0,0.0,0.0,0.0,0.0,0.0,0.0,0.0,0.0,0.0,0.0,,,,0.0,0.0,0.0,0.0,0.0,0.0,0.0,,0.0,0.0,0.0,0.0,,0.0,0.0,,0.0,0.0,0.0,0.0,0.0,0.0,0.0,0.0,0.0,0.0,35.6,52.6,00-0031408,EvanMi00,16737.0,Mike Evans,1993-08-21,77.0,231.0,Texas A&M,2014.0,1.0,7.0,TB,2014,13,16.0,0.0,0.0,0.0,0.0,2021.0,Mike Evans,TB,28.0,WR,16.0,16.0,114.0,74.0,1035.0,14.0,56.0,776.0,10.5,259.0,3.5,13.0,2.0,37.0,2.0,0.018000000000000002,3.0,122.6,2023-08-21,2021.0,Mike Evans,TB,28.0,WR,16.0,16.0,1.0,10.0,0.0,1.0,8.0,8.0,2.0,2.0,0.0,,2023-08-21,,,,,,,,,,,,,,,,,,,,,,,,,,,,,,,,,,,,,,,,,,,,,,,,,,,,,,,,,,,16,15.799999999999999,2.4000000000000004,12,8,3
2021,Hunter Renfrow,H.Renfrow,00-0034983,LV,WR,WR,10.0,17,259.1,15.241176470588236,156.10000000000002,103.0,103,128,1038,9,0.21227197346600332,0.16187683284457477,0.4317217431902073,3,3,0,0,0,0,0,0,758.0,0.6723529411764706,0.3418205804749341,15.241176470588236,5.921999115958375,28.700000000000003,3,WR,"https://static.www.nfl.com/image/upload/f_auto,q_auto/league/sgrqk1a6fm34swazm2bx",REG,0,0,0,0,0,0,0,,,0,,0,0,0,0,0,0,0,-1.602576220058836,0,0,0,0,0,1,1,828,452,51,50.453046968609016,0,41,18,10,1,1.2536231884057971,0,2,0,0,0,0,0,0.0,0.0,0,0,0,1,0,4,0,0,0,0,0,0,0,3,-6,0,0,0,0,0,2,3,1,5,1,31,303,0,0,0,0,0,0,,,0,0,0,0,0,0,0,0,0,0,0,0,,,,0,0,0,0,0,0,0,,0,0,0,0,,0,0,,0,0,0,0,0,0,0,0,0,0,H.Renfrow,Hunter Renfrow,WR,WR,"https://static.www.nfl.com/image/upload/f_auto,q_auto/league/sgrqk1a6fm34swazm2bx",2021.0,POST,LV,1.0,0.0,0.0,0.0,0.0,0.0,0.0,0.0,0.0,0.0,0.0,0.0,0.0,,,0.0,,0.0,0.0,0.0,0.0,0.0,0.0,0.0,0.0,0.0,0.0,,0.0,0.0,0.0,0.0,0.0,8.0,11.0,58.0,0.0,0.0,0.0,71.0,35.0,1.0,-1.753389886084596,0.0,1.0,1.0,0.0,0.0,0.8169014084507042,0.22448979591836735,0.17274939172749393,0.45765926808679674,0.0,0.0,0.0,0.0,0.0,0.0,0.0,0.0,0.0,0.0,0.0,0.0,0.0,0.0,1.0,0.0,0.0,0.0,0.0,0.0,0.0,0.0,1.0,0.0,0.0,0.0,0.0,0.0,0.0,0.0,1.0,0.0,1.0,0.0,1.0,0.0,0.0,0.0,0.0,0.0,0.0,0.0,,,0.0,0.0,0.0,0.0,0.0,0.0,0.0,0.0,0.0,0.0,0.0,0.0,,,,0.0,0.0,0.0,0.0,0.0,0.0,0.0,,0.0,0.0,0.0,0.0,,0.0,0.0,,0.0,0.0,0.0,0.0,0.0,0.0,0.0,0.0,0.0,0.0,5.800000000000001,13.8,00-0034983,RenfHu00,3135321.0,Hunter Renfrow,1995-12-21,70.0,185.0,Clemson,2019.0,5.0,149.0,LV,2019,6,17.0,0.0,75.0,0.0,0.16,2021.0,Hunter Renfrow,LV,26.0,WR,17.0,9.0,128.0,103.0,1038.0,9.0,51.0,586.0,5.7,452.0,4.4,6.5,2.0,51.5,2.0,0.016,1.0,120.6,2023-08-21,2021.0,Hunter Renfrow,LV,26.0,WR,17.0,9.0,3.0,3.0,0.0,0.0,1.0,0.3,2.0,0.7,0.0,,2023-08-21,,,,,,,,,,,,,,,,,,,,,,,,,,,,,,,,,,,,,,,,,,,,,,,,,,,,,,,,,,,17,16.5,6.2,14,9,1
2021,Keenan Allen,K.Allen,00-0030279,LAC,WR,WR,11.0,16,257.8,16.1125,151.8,106.0,106,157,1138,6,0.23823975720789076,0.2569854388036206,0.5372494429743706,0,0,0,0,1,0,0,0,972.0,0.8675,0.26522633744855967,16.1125,4.61647412354205,22.4,3,WR,"https://static.www.nfl.com/image/upload/f_auto,q_auto/league/ri267r6lzfwarh89hsn6",REG,0,0,0,0,14,0,0,0.5595444383071735,-51.52236819267273,1,0.0,0,0,0,0,0,0,0,,0,0,0,0,0,1,0,1306,341,66,30.701160211185925,0,47,22,12,2,0.8713629402756509,0,2,0,0,0,0,0,0.0,0.0,0,0,0,0,0,0,0,0,0,0,0,0,0,0,0,0,0,0,4,40,0,1,1,1,0,0,0,0,0,0,0,0,0,,,0,0,0,0,0,0,0,0,0,0,0,0,,,,0,0,0,0,0,0,0,,0,0,0,0,,0,0,,0,0,0,0,0,0,0,0,0,0,,,,,,,,,,,,,,,,,,,,,,,,,,,,,,,,,,,,,,,,,,,,,,,,,,,,,,,,,,,,,,,,,,,,,,,,,,,,,,,,,,,,,,,,,,,,,,,,,,,,,,,,,,,,,,,,,,,,,,,,,,,,,,,,,,,,,,,,,,,,,,,,,,,,00-0030279,AlleKe00,15818.0,Keenan Allen,1992-04-27,74.0,211.0,California,2013.0,3.0,76.0,LAC,2013,14,16.0,0.0,0.0,0.0,0.0,2021.0,Keenan Allen,LAC,29.0,WR,16.0,16.0,157.0,106.0,1138.0,6.0,66.0,801.0,7.6,337.0,3.2,8.4,1.0,106.0,8.0,0.051,5.0,88.0,2023-08-21,,,,,,,,,,,,,,,,,,,Keenan Allen,LAC,1.0,0.0,0.0,0.0,0.0,1.0,100.0,2021.0,1.3,0.0,0.0,0.0,0.0,0.0,0.0,0.0,0.0,0.0,0.0,0.0,0.0,0.0,0.0,0.0,0.0,,,,,,,,,,,,,,,,,,,,,,,,,,,,,,,,16,16.65,7.5,15,9,0
2021,Jaylen Waddle,J.Waddle,00-0036613,MIA,WR,WR,12.0,16,247.8,15.4875,143.8,104.0,104,140,1015,6,0.2337228714524207,0.22209796466114964,0.5060528824414359,2,3,1,0,0,0,0,0,903.0,0.834375,0.2744186046511628,15.4875,7.603233961063324,29.0,4,WR,"https://static.www.nfl.com/image/upload/f_auto,q_auto/league/gkh7m1jedon9mwn5jlf1",REG,0,0,0,0,0,0,0,,,0,,0,0,0,0,0,0,1,1.0270589049905539,0,0,0,0,0,1,0,993,439,59,20.223480459799163,0,39,16,8,2,1.0221550855991943,0,4,0,0,0,0,0,0.0,0.0,0,0,0,0,0,1,0,0,0,0,0,0,0,0,0,0,0,0,3,16,1,1,0,2,1,5,35,9,158,0,0,0,0,,,0,0,0,0,0,0,0,0,0,0,0,0,,,,0,0,0,0,0,0,0,,0,0,0,0,,0,0,,0,0,0,0,0,0,0,0,0,0,,,,,,,,,,,,,,,,,,,,,,,,,,,,,,,,,,,,,,,,,,,,,,,,,,,,,,,,,,,,,,,,,,,,,,,,,,,,,,,,,,,,,,,,,,,,,,,,,,,,,,,,,,,,,,,,,,,,,,,,,,,,,,,,,,,,,,,,,,,,,,,,,,,,00-0036613,WaddJa00,4372016.0,Jaylen Waddle,1998-11-25,70.0,185.0,Alabama,2021.0,1.0,6.0,MIA,2021,6,16.0,0.0,55.0,0.0,0.128125,2021.0,Jaylen Waddle,MIA,23.0,WR,16.0,16.0,140.0,104.0,1015.0,6.0,59.0,576.0,5.5,439.0,4.2,7.1,4.0,26.0,8.0,0.057,7.0,87.6,2023-08-21,2021.0,Jaylen Waddle,MIA,23.0,WR,16.0,16.0,2.0,3.0,1.0,1.0,2.0,1.0,1.0,0.5,0.0,,2023-08-21,,,,,,,,,,,,,,,,,,,,,,,,,,,,,,,,,,,,,,,,,,,,,,,,,,,,,,,,,,,16,15.700000000000001,5.300000000000001,12,9,3
2021,Mike Williams,M.Williams,00-0033536,LAC,WR,WR,13.0,16,246.60000000000002,15.412500000000001,170.60000000000002,76.0,76,129,1146,9,0.19575113808801214,0.29456906729634,0.4998250542394562,0,0,0,0,0,0,0,0,896.0,0.7893749999999999,0.27522321428571433,15.412500000000001,10.596469537853949,36.5,6,WR,"https://static.www.nfl.com/image/upload/f_auto,q_auto/league/atprqcuqsl4spdak76fy",REG,0,0,0,0,0,0,0,,,0,,0,0,0,0,0,0,0,,0,0,0,0,0,0,0,1497,415,51,66.66828882257889,1,41,23,17,9,0.7655310621242485,0,0,0,0,0,0,0,0.0,0.0,0,0,0,0,0,0,0,0,0,0,0,0,0,0,0,0,0,0,1,10,0,0,0,0,0,0,0,0,0,0,0,0,0,,,0,0,0,0,0,0,0,0,0,0,0,0,,,,0,0,0,0,0,0,0,,0,0,0,0,,0,0,,0,0,0,0,0,0,0,0,0,0,,,,,,,,,,,,,,,,,,,,,,,,,,,,,,,,,,,,,,,,,,,,,,,,,,,,,,,,,,,,,,,,,,,,,,,,,,,,,,,,,,,,,,,,,,,,,,,,,,,,,,,,,,,,,,,,,,,,,,,,,,,,,,,,,,,,,,,,,,,,,,,,,,,,00-0033536,WillMi07,3045138.0,Mike Williams,1994-10-04,76.0,218.0,Clemson,2017.0,1.0,7.0,LAC,2017,9,16.0,0.0,3.0,0.0,0.006875000000000001,2021.0,Mike Williams,LAC,27.0,WR,16.0,14.0,129.0,76.0,1146.0,9.0,51.0,731.0,9.6,415.0,5.5,11.6,2.0,38.0,6.0,0.047,1.0,108.2,2023-08-21,,,,,,,,,,,,,,,,,,,,,,,,,,,,,,,,,,,,,,,,,,,,,,,,,,,,,,,,,,,,,,,,,,,,,,,,,,,,,16,13.700000000000001,2.1,9,8,3
2021,DK Metcalf,D.Metcalf,00-0035640,SEA,WR,WR,14.0,17,244.3,14.370588235294118,169.3,75.0,75,129,967,12,0.2721518987341772,0.35418921844555096,0.6561603010131515,1,6,0,0,0,0,0,0,820.0,0.8352941176470587,0.29792682926829267,14.370588235294118,7.686332407745122,30.9,4,WR,"https://static.www.nfl.com/image/upload/f_auto,q_auto/league/kxql4sjfelubhxawu2zh",REG,0,0,0,0,0,0,0,,,0,,0,0,0,0,0,0,0,0.22244152944767848,0,0,0,0,0,1,0,1636,328,48,28.664408621174516,0,41,20,11,2,0.5910757946210269,0,1,0,0,0,0,0,0.0,0.0,0,0,0,0,0,0,0,0,0,0,0,0,41,0,0,0,0,0,4,45,1,0,0,1,0,0,0,0,0,0,0,0,0,,,0,0,0,0,0,0,0,0,0,0,0,0,,,,0,0,0,0,0,0,0,,0,0,0,0,,0,0,,0,0,0,0,0,0,0,0,0,0,,,,,,,,,,,,,,,,,,,,,,,,,,,,,,,,,,,,,,,,,,,,,,,,,,,,,,,,,,,,,,,,,,,,,,,,,,,,,,,,,,,,,,,,,,,,,,,,,,,,,,,,,,,,,,,,,,,,,,,,,,,,,,,,,,,,,,,,,,,,,,,,,,,,00-0035640,MetcDK00,4047650.0,DK Metcalf,1997-12-14,76.0,235.0,Mississippi,2019.0,2.0,64.0,SEA,2019,8,17.0,0.0,7.0,0.0,0.014117647058823528,2021.0,DK Metcalf,SEA,24.0,WR,17.0,17.0,129.0,75.0,967.0,12.0,48.0,639.0,8.5,328.0,4.4,12.7,8.0,9.4,4.0,0.031,2.0,106.3,2023-08-21,2021.0,DK Metcalf,SEA,24.0,WR,17.0,17.0,1.0,6.0,0.0,0.0,4.0,4.0,2.0,2.0,0.0,,2023-08-21,,,,,,,,,,,,,,,,,,,,,,,,,,,,,,,,,,,,,,,,,,,,,,,,,,,,,,,,,,,17,11.8,2.3,13,7,2
2021,Chris Godwin Jr.,C.Godwin,00-0033921,TB,WR,WR,15.0,14,242.4,17.314285714285713,144.4,98.0,98,127,1103,5,0.17737430167597765,0.15795724465558195,0.3766315237728738,4,21,1,0,0,0,0,0,833.0,0.8550000000000001,0.2909963985594238,17.314285714285713,7.714806657217132,30.200000000000003,5,WR,"https://static.www.nfl.com/image/upload/f_auto,q_auto/league/ilkheljdx4hbjpisulke",REG,0,0,0,0,0,0,0,,,0,,0,0,0,0,0,0,4,2.1248219943228177,0,0,0,0,0,2,2,931,586,55,36.05648674908548,0,45,24,15,1,1.184747583243824,0,1,0,0,0,0,0,0.0,0.0,0,0,0,0,0,0,0,0,0,0,0,0,0,0,0,0,0,0,0,0,2,0,0,2,2,0,0,0,0,0,0,0,0,,,0,0,0,0,0,0,0,0,0,0,0,0,,,,0,0,0,0,0,0,0,,0,0,0,0,,0,0,,0,0,0,0,0,0,0,0,0,0,,,,,,,,,,,,,,,,,,,,,,,,,,,,,,,,,,,,,,,,,,,,,,,,,,,,,,,,,,,,,,,,,,,,,,,,,,,,,,,,,,,,,,,,,,,,,,,,,,,,,,,,,,,,,,,,,,,,,,,,,,,,,,,,,,,,,,,,,,,,,,,,,,,,00-0033921,GodwCh00,3116165.0,Chris Godwin Jr.,1996-02-27,73.0,209.0,Penn State,2017.0,3.0,84.0,TB,2017,10,14.0,0.0,0.0,0.0,0.0,2021.0,Chris Godwin,TB,25.0,WR,14.0,14.0,127.0,98.0,1103.0,5.0,55.0,517.0,5.3,586.0,6.0,7.3,5.0,19.6,5.0,0.039,2.0,109.1,2023-08-21,2021.0,Chris Godwin,TB,25.0,WR,14.0,14.0,4.0,21.0,1.0,4.0,13.0,3.3,8.0,2.0,0.0,,2023-08-21,,,,,,,,,,,,,,,,,,,,,,,,,,,,,,,,,,,,,,,,,,,,,,,,,,,,,,,,,,,14,17.7,4.7,11,8,3
2021,Tyler Lockett,T.Lockett,00-0032211,SEA,WR,WR,16.0,16,241.4,15.0875,168.4,73.0,73,107,1175,8,0.22573839662447256,0.3381684347261312,0.5753254992450006,2,9,0,0,0,0,0,0,813.0,0.873125,0.2969249692496925,15.0875,9.793526773673857,31.8,5,WR,"https://static.www.nfl.com/image/upload/f_auto,q_auto/league/gyhvviyep9iigeaobxmi",REG,0,0,0,0,0,0,0,,,0,,0,0,0,0,0,0,0,-0.15522209840128198,0,0,0,0,0,0,0,1562,277,41,53.62214624355258,1,36,26,22,7,0.7522407170294494,0,1,0,0,0,0,0,0.0,0.0,0,0,0,0,0,0,0,0,0,0,0,0,0,0,0,0,0,0,1,5,0,0,0,0,0,1,3,0,0,0,0,0,0,,,0,0,0,0,0,0,0,0,0,0,0,0,,,,0,0,0,0,0,0,0,,0,0,0,0,,0,0,,0,0,0,0,0,0,0,0,0,0,,,,,,,,,,,,,,,,,,,,,,,,,,,,,,,,,,,,,,,,,,,,,,,,,,,,,,,,,,,,,,,,,,,,,,,,,,,,,,,,,,,,,,,,,,,,,,,,,,,,,,,,,,,,,,,,,,,,,,,,,,,,,,,,,,,,,,,,,,,,,,,,,,,,00-0032211,LockTy00,2577327.0,Tyler Lockett,1992-09-28,70.0,182.0,Kansas State,2015.0,3.0,69.0,SEA,2015,11,16.0,0.0,7.0,0.0,0.014374999999999999,2021.0,Tyler Lockett,SEA,29.0,WR,16.0,16.0,107.0,73.0,1175.0,8.0,41.0,898.0,12.3,277.0,3.8,14.6,2.0,36.5,0.0,0.0,3.0,117.9,2023-08-21,2021.0,Tyler Lockett,SEA,29.0,WR,16.0,16.0,2.0,9.0,0.0,0.0,9.0,4.5,0.0,0.0,0.0,,2023-08-21,,,,,,,,,,,,,,,,,,,,,,,,,,,,,,,,,,,,,,,,,,,,,,,,,,,,,,,,,,,16,12.350000000000001,3.2,10,7,5
2021,Michael Pittman,M.Pittman,00-0036252,IND,WR,WR,17.0,17,238.60000000000002,14.03529411764706,150.60000000000002,88.0,88,129,1082,6,0.25697211155378485,0.31325,0.6047331673306773,5,44,0,0,0,0,0,0,979.0,0.8752941176470588,0.24371807967313588,14.035294117647059,7.469014424312503,30.6,5,WR,"https://static.www.nfl.com/image/upload/f_auto,q_auto/league/q1ythn05kwcmdr4mwzll",REG,0,0,0,0,0,0,0,,,0,,0,0,0,0,0,0,1,1.5739660664112307,0,1,1,1,0,1,0,1253,348,54,48.09976894753929,1,45,21,12,3,0.8635275339185954,0,1,0,1,0,0,0,0.0,0.0,0,0,0,0,0,0,0,0,0,0,0,0,0,0,0,0,0,0,4,35,1,0,0,1,0,0,0,0,0,0,0,0,0,,,0,0,0,0,0,0,0,0,0,0,0,0,,,,0,0,0,0,0,0,0,,0,0,0,0,,0,0,,0,0,0,0,0,0,0,0,0,0,,,,,,,,,,,,,,,,,,,,,,,,,,,,,,,,,,,,,,,,,,,,,,,,,,,,,,,,,,,,,,,,,,,,,,,,,,,,,,,,,,,,,,,,,,,,,,,,,,,,,,,,,,,,,,,,,,,,,,,,,,,,,,,,,,,,,,,,,,,,,,,,,,,,00-0036252,PittMi01,4035687.0,Michael Pittman,1997-10-05,76.0,223.0,USC,2020.0,2.0,34.0,IND,2020,7,17.0,0.0,7.0,0.0,0.015882352941176472,2021.0,Michael Pittman,IND,24.0,WR,17.0,17.0,129.0,88.0,1082.0,6.0,54.0,734.0,8.3,348.0,4.0,9.8,2.0,44.0,6.0,0.047,3.0,99.7,2023-08-21,2021.0,Michael Pittman,IND,24.0,WR,17.0,17.0,5.0,44.0,0.0,1.0,39.0,7.8,5.0,1.0,0.0,,2023-08-21,,,,,,,,,,,,,,,,,,,,,,,,,,,,,,,,,,,,,,,,,,,,,,,,,,,,,,,,,,,17,13.3,1.7000000000000002,12,8,1
2021,DJ Moore,Dj.Moore,00-0034827,CAR,WR,WR,18.0,17,237.5,13.970588235294118,144.5,93.0,93,163,1157,4,0.28347826086956524,0.39257414534752094,0.7000192930476126,8,48,0,0,0,0,0,0,992.0,0.8664705882352941,0.23941532258064516,13.970588235294118,6.481875182565068,31.9,3,WR,"https://static.www.nfl.com/image/upload/f_auto,q_auto/league/lsavpxtqoqu25emwcnvy",REG,0,0,0,0,0,0,0,,,0,,0,0,0,0,0,0,4,7.407705761317629,0,3,2,0,0,1,1,1734,422,60,9.491507973460937,1,52,28,16,1,0.6672433679354095,0,5,0,1,0,0,0,0.0,0.0,0,0,0,0,0,0,0,0,0,0,0,0,0,1,1,0,0,0,1,10,1,0,0,1,1,1,9,1,13,0,0,0,0,,,0,0,0,0,0,0,0,0,0,0,0,0,,,,0,0,0,0,0,0,0,,0,0,0,0,,0,0,,0,0,0,0,0,0,0,0,0,0,,,,,,,,,,,,,,,,,,,,,,,,,,,,,,,,,,,,,,,,,,,,,,,,,,,,,,,,,,,,,,,,,,,,,,,,,,,,,,,,,,,,,,,,,,,,,,,,,,,,,,,,,,,,,,,,,,,,,,,,,,,,,,,,,,,,,,,,,,,,,,,,,,,,00-0034827,MoorD.00,3915416.0,DJ Moore,1997-04-14,72.0,213.0,Maryland,2018.0,1.0,24.0,CAR,2018,9,17.0,0.0,6.0,0.0,0.012352941176470589,2021.0,DJ Moore,CAR,24.0,WR,17.0,17.0,163.0,93.0,1157.0,4.0,60.0,731.0,7.9,426.0,4.6,10.6,4.0,23.3,10.0,0.061,6.0,72.0,2023-08-21,2021.0,DJ Moore,CAR,24.0,WR,17.0,17.0,8.0,48.0,0.0,4.0,28.0,3.5,20.0,2.5,1.0,8.0,2023-08-21,,,,,,,,,,,,,,,,,,,,,,,,,,,,,,,,,,,,,2021.0,Regular,Season Total,CAR,D. Moore,,98.2,0.3,1.0,0.3,0.0,0.3,0.0,0.0,98.1,0.0,DJ,Moore,DJ Moore,https://a.espncdn.com/i/headshots/nfl/players/full/3915416.png,Panthers,False,17,13.3,5.9,12,6,1
2021,CeeDee Lamb,C.Lamb,00-0036358,DAL,WR,WR,19.0,16,232.8,14.55,153.8,79.0,79,120,1102,6,0.18838304552590268,0.24100860046911649,0.4512805886172355,9,76,0,0,0,0,0,0,881.0,0.7675,0.26424517593643587,14.55,9.278433775876904,36.1,3,WR,"https://static.www.nfl.com/image/upload/f_auto,q_auto/league/mbblzwtynxr15ovzkevi",REG,0,0,0,0,0,0,0,,,0,,0,0,0,0,0,0,4,4.083713590283878,0,4,3,1,0,0,0,1233,441,54,27.878307176290985,0,46,28,20,2,0.8937550689375506,0,2,0,0,0,0,0,0.0,0.0,0,0,0,0,0,0,0,0,0,0,0,0,0,0,0,0,0,0,1,5,0,0,0,0,0,14,139,0,0,0,0,0,0,,,0,0,0,0,0,0,0,0,0,0,0,0,,,,0,0,0,0,0,0,0,,0,0,0,0,,0,0,,0,0,0,0,0,0,0,0,0,0,C.Lamb,CeeDee Lamb,WR,WR,"https://static.www.nfl.com/image/upload/f_auto,q_auto/league/mbblzwtynxr15ovzkevi",2021.0,POST,DAL,1.0,0.0,0.0,0.0,0.0,0.0,0.0,0.0,0.0,0.0,0.0,0.0,0.0,,,0.0,,0.0,0.0,0.0,0.0,1.0,5.0,0.0,0.0,0.0,1.0,0.1965121068060398,0.0,0.0,0.0,0.0,0.0,1.0,5.0,21.0,0.0,0.0,0.0,50.0,11.0,1.0,-3.0869164179312065,0.0,2.0,0.0,0.0,0.0,0.42,0.11904761904761904,0.13157894736842105,0.2706766917293233,0.0,0.0,0.0,0.0,0.0,0.0,0.0,0.0,0.0,0.0,0.0,0.0,0.0,0.0,0.0,0.0,0.0,0.0,0.0,0.0,0.0,0.0,0.0,0.0,0.0,0.0,0.0,1.0,5.0,0.0,0.0,0.0,0.0,0.0,1.0,5.0,0.0,0.0,0.0,0.0,0.0,0.0,,,0.0,0.0,0.0,0.0,0.0,0.0,0.0,0.0,0.0,0.0,0.0,0.0,,,,0.0,0.0,0.0,0.0,0.0,0.0,0.0,,0.0,0.0,0.0,0.0,,0.0,0.0,,0.0,0.0,0.0,0.0,0.0,0.0,0.0,0.0,0.0,0.0,2.6,3.6,00-0036358,LambCe00,4241389.0,CeeDee Lamb,1999-04-08,74.0,198.0,Oklahoma,2020.0,1.0,17.0,DAL,2020,7,16.0,0.0,47.0,0.0,0.10187500000000001,2021.0,CeeDee Lamb,DAL,22.0,WR,16.0,13.0,120.0,79.0,1102.0,6.0,54.0,661.0,8.4,441.0,5.6,10.3,12.0,6.6,8.0,0.067,6.0,91.0,2023-08-21,2021.0,CeeDee Lamb,DAL,22.0,WR,16.0,13.0,9.0,76.0,0.0,4.0,62.0,6.9,14.0,1.6,0.0,,2023-08-21,,,,,,,,,,,,,,,,,,,,,,,,,,,,,,,,,,,,,,,,,,,,,,,,,,,,,,,,,,,16,12.8,3.3,10,7,2
2021,Brandin Cooks,B.Cooks,00-0031236,HOU,WR,WR,20.0,16,231.8,14.4875,141.8,90.0,90,134,1037,6,0.25621414913957935,0.35601701275956965,0.6335331326410678,2,21,0,0,0,0,0,0,831.0,0.8325,0.2789410348977136,14.4875,7.411871108791177,29.200000000000003,4,WR,"https://static.www.nfl.com/image/upload/f_auto,q_auto/league/krz3gv9jjs92arlctvqf",REG,0,0,0,0,0,0,0,,,0,,0,0,0,0,0,0,1,0.8301585712470114,0,1,1,0,0,0,0,1423,344,45,24.50105738538634,0,41,18,12,5,0.7287420941672523,0,1,0,0,0,0,0,0.0,0.0,0,0,0,0,0,0,0,0,0,0,0,0,0,0,0,0,0,0,1,10,0,0,0,0,0,0,0,0,0,0,0,0,0,,,0,0,0,0,0,0,0,0,0,0,0,0,,,,0,0,0,0,0,0,0,,0,0,0,0,,0,0,,0,0,0,0,0,0,0,0,0,0,,,,,,,,,,,,,,,,,,,,,,,,,,,,,,,,,,,,,,,,,,,,,,,,,,,,,,,,,,,,,,,,,,,,,,,,,,,,,,,,,,,,,,,,,,,,,,,,,,,,,,,,,,,,,,,,,,,,,,,,,,,,,,,,,,,,,,,,,,,,,,,,,,,,00-0031236,CookBr00,16731.0,Brandin Cooks,1993-09-25,70.0,190.0,Oregon State,2014.0,1.0,20.0,NO,2014,12,16.0,0.0,0.0,0.0,0.0,2021.0,Brandin Cooks,HOU,28.0,WR,16.0,16.0,134.0,90.0,1037.0,6.0,45.0,680.0,7.6,357.0,4.0,10.5,5.0,18.0,5.0,0.037000000000000005,3.0,95.9,2023-08-21,2021.0,Brandin Cooks,HOU,28.0,WR,16.0,16.0,2.0,21.0,0.0,1.0,15.0,7.5,6.0,3.0,0.0,,2023-08-21,,,,,,,,,,,,,,,,,,,,,,,,,,,,,,,,,,,,,,,,,,,,,,,,,,,,,,,,,,,16,15.7,3.8,10,8,1
2021,Marquise Brown,M.Brown,00-0035662,BAL,WR,WR,21.0,16,228.3,14.26875,137.3,91.0,91,146,1008,6,0.2470389170896785,0.3100152905198777,0.5875690789984321,1,5,0,0,0,0,0,0,924.0,0.795,0.2470779220779221,14.26875,7.646325370180545,33.5,3,WR,"https://static.www.nfl.com/image/upload/f_auto,q_auto/league/shkjxggufymydgp6wk3p",REG,0,0,0,0,0,0,0,,,0,,0,0,0,0,0,0,1,0.9444636923726648,0,0,0,0,0,2,0,1622,388,41,11.889530107876274,0,43,20,15,3,0.6214549938347719,0,1,0,0,0,0,0,0.0,0.0,0,0,0,0,0,0,0,0,0,0,0,0,0,0,0,0,0,0,3,15,2,1,1,3,1,0,0,0,0,0,0,0,0,,,0,0,0,0,0,0,0,0,0,0,0,0,,,,0,0,0,0,0,0,0,,0,0,0,0,,0,0,,0,0,0,0,0,0,0,0,0,0,,,,,,,,,,,,,,,,,,,,,,,,,,,,,,,,,,,,,,,,,,,,,,,,,,,,,,,,,,,,,,,,,,,,,,,,,,,,,,,,,,,,,,,,,,,,,,,,,,,,,,,,,,,,,,,,,,,,,,,,,,,,,,,,,,,,,,,,,,,,,,,,,,,,00-0035662,BrowMa04,4241372.0,Marquise Brown,1997-06-04,69.0,170.0,Oklahoma; College of the Canyons,2019.0,1.0,25.0,BAL,2019,8,16.0,0.0,0.0,0.0,0.0,2021.0,Marquise Brown,BAL,24.0,WR,16.0,16.0,146.0,91.0,1008.0,6.0,41.0,620.0,6.8,388.0,4.3,11.1,4.0,22.8,7.0,0.048,3.0,87.9,2023-08-21,2021.0,Marquise Brown,BAL,24.0,WR,16.0,16.0,1.0,5.0,0.0,1.0,2.0,2.0,3.0,3.0,0.0,,2023-08-21,,,,,,,,,,,,,,,,,,,,,,,,,,,,,,,,,,,,,,,,,,,,,,,,,,,,,,,,,,,16,11.8,5.7,9,6,1
2021,Amon-Ra St. Brown,A.St. Brown,00-0036963,DET,WR,WR,22.0,16,227.3,14.20625,137.3,90.0,90,119,912,5,0.21061946902654868,0.2196669310071372,0.46969605524481906,7,61,1,0,0,0,0,0,816.0,0.748235294117647,0.27855392156862746,14.20625,10.007162018607806,35.4,5,WR,"https://static.www.nfl.com/image/upload/f_auto,q_auto/league/fd8nwhm6pvxfyzphzl6i",REG,0,0,0,0,0,0,0,,,0,,0,0,0,0,0,0,2,5.091692552311541,0,3,3,1,0,0,0,831,424,48,53.23664180432879,2,32,18,11,0,1.0974729241877257,0,1,0,0,0,0,0,0.0,0.0,0,0,0,0,0,0,0,0,0,0,0,0,0,0,0,0,0,0,1,10,0,0,0,0,0,0,0,0,0,0,0,0,0,,,0,0,0,0,0,0,0,0,0,0,0,0,,,,0,0,0,0,0,0,0,,0,0,0,0,,0,0,,0,0,0,0,0,0,0,0,0,0,,,,,,,,,,,,,,,,,,,,,,,,,,,,,,,,,,,,,,,,,,,,,,,,,,,,,,,,,,,,,,,,,,,,,,,,,,,,,,,,,,,,,,,,,,,,,,,,,,,,,,,,,,,,,,,,,,,,,,,,,,,,,,,,,,,,,,,,,,,,,,,,,,,,00-0036963,StxxAm00,4374302.0,Amon-Ra St. Brown,1999-10-24,72.0,202.0,USC,2021.0,4.0,112.0,DET,2021,6,17.0,0.0,81.0,0.0,0.1864705882352941,2021.0,Amon-Ra St Brown,DET,22.0,WR,17.0,9.0,119.0,90.0,912.0,5.0,48.0,488.0,5.4,424.0,4.7,7.1,2.0,45.0,1.0,0.008,2.0,104.0,2023-08-21,2021.0,Amon-Ra St Brown,DET,22.0,WR,17.0,9.0,7.0,61.0,1.0,2.0,27.0,3.9,34.0,4.9,2.0,3.5,2023-08-21,,,,,,,,,,,,,,,,,,,,,,,,,,,,,,,,,,,,,,,,,,,,,,,,,,,,,,,,,,,16,11.55,1.2,9,6,3
2021,Darnell Mooney,D.Mooney,00-0036309,CHI,WR,WR,23.0,17,219.7,12.923529411764704,138.7,81.0,81,140,1055,4,0.26717557251908397,0.34616240266963294,0.643077040647369,6,32,1,0,0,0,0,0,986.0,0.8788235294117647,0.22281947261663285,12.923529411764706,6.984852308009518,24.6,3,WR,"https://static.www.nfl.com/image/upload/f_auto,q_auto/league/eaejonwaflt9drrs9ika",REG,0,0,0,0,0,0,0,,,0,,0,0,0,0,0,0,2,0.9643581494456157,0,2,1,0,0,0,0,1556,381,49,0.5429042949728003,0,42,27,14,3,0.6780205655526992,0,5,0,0,0,0,0,0.0,0.0,0,0,0,0,0,0,0,0,0,0,0,0,0,0,0,0,0,0,0,0,0,0,0,0,0,0,0,1,10,0,0,0,0,,,0,0,0,0,0,0,0,0,0,0,0,0,,,,0,0,0,0,0,0,0,,0,0,0,0,,0,0,,0,0,0,0,0,0,0,0,0,0,,,,,,,,,,,,,,,,,,,,,,,,,,,,,,,,,,,,,,,,,,,,,,,,,,,,,,,,,,,,,,,,,,,,,,,,,,,,,,,,,,,,,,,,,,,,,,,,,,,,,,,,,,,,,,,,,,,,,,,,,,,,,,,,,,,,,,,,,,,,,,,,,,,,00-0036309,MoonDa00,4040655.0,Darnell Mooney,1997-10-29,71.0,177.0,Tulane,2020.0,5.0,173.0,CHI,2020,7,17.0,0.0,1.0,0.0,0.0029411764705882353,2021.0,Darnell Mooney,CHI,24.0,WR,17.0,14.0,140.0,81.0,1055.0,4.0,49.0,674.0,8.3,381.0,4.7,11.1,5.0,16.2,9.0,0.064,8.0,67.4,2023-08-21,2021.0,Darnell Mooney,CHI,24.0,WR,17.0,14.0,6.0,32.0,1.0,2.0,29.0,4.8,3.0,0.5,1.0,6.0,2023-08-21,,,,,,,,,,,,,,,,,,,,,,,,,,,,,,,,,,,,,,,,,,,,,,,,,,,,,,,,,,,17,12.4,1.9,11,7,0
2021,Tee Higgins,T.Higgins,00-0036410,CIN,WR,WR,24.0,14,219.10000000000002,15.650000000000002,145.10000000000002,74.0,74,110,1091,6,0.2037037037037037,0.300886968387537,0.5161764334268314,0,0,0,0,0,0,0,0,710.0,0.7585714285714286,0.3085915492957747,15.65,10.498333201037202,43.400000000000006,3,WR,"https://static.www.nfl.com/image/upload/f_auto,q_auto/league/gpwtyv3viwy9q4ewderl",REG,0,0,0,0,0,0,0,,,0,,0,0,0,0,0,0,0,,0,0,0,0,0,1,1,1323,285,53,58.07817947462154,1,49,28,17,2,0.8246409674981103,0,3,0,0,0,0,0,0.0,0.0,0,0,0,0,0,0,0,0,0,0,0,0,0,0,0,0,0,0,2,10,1,0,0,1,1,0,0,0,0,0,0,0,0,,,0,0,0,0,0,0,0,0,0,0,0,0,,,,0,0,0,0,0,0,0,,0,0,0,0,,0,0,,0,0,0,0,0,0,0,0,0,0,T.Higgins,Tee Higgins,WR,WR,"https://static.www.nfl.com/image/upload/f_auto,q_auto/league/gpwtyv3viwy9q4ewderl",2021.0,POST,CIN,4.0,0.0,0.0,0.0,0.0,0.0,0.0,0.0,0.0,0.0,0.0,0.0,0.0,,,0.0,,0.0,0.0,0.0,0.0,0.0,0.0,0.0,0.0,0.0,0.0,,0.0,0.0,0.0,0.0,0.0,18.0,30.0,309.0,2.0,0.0,0.0,331.0,134.0,13.0,17.555722154432733,0.0,11.0,6.0,3.0,2.0,0.9335347432024169,0.22058823529411764,0.37401129943502825,0.5926902625456962,0.0,0.0,0.0,0.0,0.0,0.0,0.0,0.0,0.0,0.0,0.0,0.0,0.0,0.0,0.0,0.0,0.0,0.0,0.0,0.0,0.0,0.0,0.0,0.0,0.0,0.0,0.0,0.0,0.0,0.0,0.0,0.0,0.0,0.0,0.0,0.0,0.0,0.0,0.0,0.0,0.0,0.0,,,0.0,0.0,0.0,0.0,0.0,0.0,0.0,0.0,0.0,0.0,0.0,0.0,,,,0.0,0.0,0.0,0.0,0.0,0.0,0.0,,0.0,0.0,0.0,0.0,,0.0,0.0,,0.0,0.0,0.0,0.0,0.0,0.0,0.0,0.0,0.0,0.0,42.900000000000006,60.900000000000006,00-0036410,HiggTe00,4239993.0,Tee Higgins,1999-01-18,76.0,219.0,Clemson,2020.0,2.0,33.0,CIN,2020,7,14.0,0.0,0.0,0.0,0.0,2021.0,Tee Higgins,CIN,22.0,WR,14.0,14.0,110.0,74.0,1091.0,6.0,53.0,801.0,10.8,290.0,3.9,12.1,4.0,18.5,5.0,0.045,2.0,110.1,2023-08-21,,,,,,,,,,,,,,,,,,,,,,,,,,,,,,,,,,,,,,,,,,,,,,,,,,,,,,,,,,,,,,,,,,,,,,,,,,,,,14,13.75,3.5,10,6,2
2021,Terry McLaurin,T.McLaurin,00-0035659,WAS,WR,WR,25.0,17,213.5,12.558823529411764,136.5,77.0,77,130,1053,5,0.24344569288389514,0.41432038834951457,0.6551928111705029,1,12,0,0,0,0,0,0,1010.0,0.8988235294117647,0.21138613861386138,12.558823529411764,8.52460107743534,30.3,4,WR,"https://static.www.nfl.com/image/upload/f_auto,q_auto/league/tmfl2zruajmkrtcg4zxp",REG,0,0,0,0,0,0,0,,,0,,0,0,0,0,0,0,1,0.7791807051980868,0,1,1,0,0,0,0,1707,307,47,12.17581440386006,0,45,24,15,3,0.616871704745167,0,4,0,0,0,0,0,0.0,0.0,0,0,0,0,0,0,0,0,0,0,0,0,0,0,0,0,0,0,2,15,0,0,0,0,0,0,0,0,0,0,0,0,0,,,0,0,0,0,0,0,0,0,0,0,0,0,,,,0,0,0,0,0,0,0,,0,0,0,0,,0,0,,0,0,0,0,0,0,0,0,0,0,,,,,,,,,,,,,,,,,,,,,,,,,,,,,,,,,,,,,,,,,,,,,,,,,,,,,,,,,,,,,,,,,,,,,,,,,,,,,,,,,,,,,,,,,,,,,,,,,,,,,,,,,,,,,,,,,,,,,,,,,,,,,,,,,,,,,,,,,,,,,,,,,,,,00-0035659,McLaTe00,3121422.0,Terry McLaurin,1995-09-15,72.0,210.0,Ohio State,2019.0,3.0,76.0,WAS,2019,8,17.0,0.0,2.0,0.0,0.004705882352941177,2021.0,Terry McLaurin,WAS,26.0,WR,17.0,17.0,130.0,77.0,1053.0,5.0,47.0,736.0,9.6,317.0,4.1,13.1,4.0,19.3,5.0,0.038,4.0,85.2,2023-08-21,2021.0,Terry McLaurin,WAS,26.0,WR,17.0,17.0,1.0,12.0,0.0,1.0,7.0,7.0,5.0,5.0,0.0,,2023-08-21,,,,,,,,,,,,,,,,,,,,,,,,,,,,,,,,,,,,,,,,,,,,,,,,,,,,,,,,,,,17,10.2,0.0,9,4,3
2021,Christian Kirk,C.Kirk,00-0034775,ARI,WR,WR,26.0,17,207.62,12.212941176470588,130.62,77.0,77,103,982,5,0.18070175438596492,0.27141242937853105,0.46104133214391907,1,11,0,1,1,33,0,0,894.0,0.7558823529411764,0.2322371364653244,12.212941176470588,6.775625215345335,24.4,2,WR,"https://static.www.nfl.com/image/upload/f_auto,q_auto/league/ffp75mtwnqgrv0qz0txz",REG,0,0,0,0,33,0,1,3.0305774064618163,70.77863216400146,0,1.0,1,1,1,0,0,0,1,0.6512457074131817,0,1,0,0,0,0,0,1201,231,44,51.099387971530916,0,33,22,16,4,0.8176519567027477,0,0,0,0,0,0,0,0.0,0.0,0,0,0,0,0,0,0,0,0,0,0,0,0,1,0,0,0,0,1,5,0,0,0,0,0,1,-5,0,0,0,0,0,0,,,0,0,0,0,0,0,0,0,0,0,0,0,,,,0,0,0,0,0,0,0,,0,0,0,0,,0,0,,0,0,0,0,0,0,0,0,0,0,C.Kirk,Christian Kirk,WR,WR,"https://static.www.nfl.com/image/upload/f_auto,q_auto/league/ffp75mtwnqgrv0qz0txz",2021.0,POST,ARI,1.0,0.0,0.0,0.0,0.0,0.0,0.0,0.0,0.0,0.0,0.0,0.0,0.0,,,0.0,,0.0,0.0,0.0,0.0,0.0,0.0,0.0,0.0,0.0,0.0,,0.0,0.0,0.0,0.0,0.0,6.0,11.0,51.0,0.0,0.0,0.0,137.0,10.0,1.0,-1.9832176624331623,0.0,1.0,1.0,1.0,0.0,0.3722627737226277,0.3235294117647059,0.4910394265232975,0.8290217162133671,0.0,0.0,0.0,0.0,0.0,0.0,0.0,0.0,0.0,0.0,0.0,0.0,0.0,0.0,1.0,0.0,0.0,0.0,0.0,0.0,0.0,0.0,1.0,0.0,0.0,0.0,0.0,1.0,5.0,0.0,1.0,0.0,1.0,0.0,1.0,0.0,0.0,0.0,0.0,0.0,0.0,0.0,,,0.0,0.0,0.0,0.0,0.0,0.0,0.0,0.0,0.0,0.0,0.0,0.0,,,,0.0,0.0,0.0,0.0,0.0,0.0,0.0,,0.0,0.0,0.0,0.0,,0.0,0.0,,0.0,0.0,0.0,0.0,0.0,0.0,0.0,0.0,0.0,0.0,5.1000000000000005,11.100000000000001,00-0034775,KirkCh01,3895856.0,Christian Kirk,1996-11-18,71.0,200.0,Texas A&M,2018.0,2.0,47.0,ARI,2018,9,17.0,0.0,15.0,0.0,0.03470588235294118,2021.0,Christian Kirk,ARI,25.0,WR,17.0,11.0,103.0,77.0,982.0,5.0,44.0,754.0,9.8,228.0,3.0,11.6,1.0,77.0,6.0,0.057999999999999996,2.0,112.2,2023-08-21,2021.0,Christian Kirk,ARI,25.0,WR,17.0,11.0,1.0,11.0,0.0,1.0,9.0,9.0,2.0,2.0,0.0,,2023-08-21,Christian Kirk,ARI,1.0,0.0,0.0,0.0,0.0,0.0,0.0,2021.0,1.5,0.0,0.0,0.0,0.0,0.0,0.0,1.0,100.0,1.0,33.0,1.0,33.0,0.0,0.0,1.0,33.0,,,,,,,,,,2021.0,Regular,Season Total,ARI,C. Kirk,,100.0,1.0,1.0,1.1,1.1,0.0,0.0,0.0,100.0,0.0,Christian,Kirk,Christian Kirk,https://a.espncdn.com/i/headshots/nfl/players/full/3895856.png,Cardinals,False,17,11.8,1.4,11,6,0
2021,Amari Cooper,A.Cooper,00-0031544,DAL,WR,WR,27.0,15,202.5,13.5,134.5,68.0,68,104,865,8,0.16326530612244897,0.2251759186864738,0.4025211022642051,0,0,0,0,0,0,0,0,834.0,0.7606666666666667,0.24280575539568344,13.5,9.559363397812042,38.9,3,WR,"https://static.www.nfl.com/image/upload/f_auto,q_auto/league/zmtzqznqui37unmo5xv9",REG,0,0,0,0,0,0,0,,,0,,0,0,0,0,0,0,0,,0,0,0,0,0,1,0,1152,229,45,48.26934522552408,0,36,20,15,1,0.7508680555555556,0,0,0,0,0,0,0,0.0,0.0,0,0,0,0,0,0,0,0,0,0,0,0,0,1,-6,0,0,0,1,5,1,0,1,1,0,0,0,0,0,0,0,0,0,,,0,0,0,0,0,0,0,0,0,0,0,0,,,,0,0,0,0,0,0,0,,0,0,0,0,,0,0,,0,0,0,0,0,0,0,0,0,0,A.Cooper,Amari Cooper,WR,WR,"https://static.www.nfl.com/image/upload/f_auto,q_auto/league/zmtzqznqui37unmo5xv9",2021.0,POST,DAL,1.0,0.0,0.0,0.0,0.0,0.0,0.0,0.0,0.0,0.0,0.0,0.0,0.0,,,0.0,,0.0,0.0,0.0,0.0,0.0,0.0,0.0,0.0,0.0,0.0,,0.0,0.0,0.0,0.0,0.0,6.0,10.0,64.0,1.0,0.0,0.0,89.0,3.0,3.0,3.080940137791913,0.0,3.0,1.0,1.0,0.0,0.7191011235955056,0.23809523809523808,0.23421052631578948,0.5210902255639097,0.0,0.0,0.0,0.0,0.0,0.0,0.0,0.0,0.0,0.0,0.0,0.0,0.0,0.0,0.0,0.0,0.0,0.0,0.0,0.0,0.0,0.0,0.0,0.0,0.0,0.0,0.0,0.0,0.0,0.0,0.0,0.0,0.0,0.0,0.0,0.0,0.0,0.0,0.0,0.0,0.0,0.0,,,0.0,0.0,0.0,0.0,0.0,0.0,0.0,0.0,0.0,0.0,0.0,0.0,,,,0.0,0.0,0.0,0.0,0.0,0.0,0.0,,0.0,0.0,0.0,0.0,,0.0,0.0,,0.0,0.0,0.0,0.0,0.0,0.0,0.0,0.0,0.0,0.0,12.4,18.4,00-0031544,CoopAm00,2976499.0,Amari Cooper,1994-06-17,73.0,210.0,Alabama,2015.0,1.0,4.0,LV,2015,10,15.0,0.0,0.0,0.0,0.0,2021.0,Amari Cooper,DAL,27.0,WR,15.0,14.0,104.0,68.0,865.0,8.0,45.0,630.0,9.3,235.0,3.5,11.0,4.0,17.0,3.0,0.028999999999999998,0.0,116.9,2023-08-21,,,,,,,,,,,,,,,,,,,,,,,,,,,,,,,,,,,,,,,,,,,,,,,,,,,,,,,,,,,,,,,,,,,,,,,,,,,,,15,10.8,2.8,9,6,2
2021,Adam Thielen,A.Thielen,00-0030035,MIN,WR,WR,28.0,13,199.8,15.36923076923077,132.8,67.0,67,95,726,10,0.1643598615916955,0.18649318463444858,0.37708502163165725,1,2,0,0,0,0,0,0,758.0,0.84,0.26358839050131927,15.36923076923077,9.328306796643629,30.200000000000003,4,WR,"https://static.www.nfl.com/image/upload/f_auto,q_auto/league/pv6gajxtt6zhum2unnsl",REG,0,0,0,0,0,0,0,,,0,,0,0,0,0,0,0,0,-0.1940601826645434,0,0,0,0,0,1,0,903,239,37,24.06156817936718,0,28,20,14,0,0.8039867109634552,0,0,0,0,0,0,0,0.0,0.0,0,0,0,0,0,0,0,0,0,0,0,0,0,1,0,0,0,0,0,0,1,0,1,1,0,0,0,0,0,0,0,0,0,,,0,0,0,0,0,0,0,0,0,0,0,0,,,,0,0,0,0,0,0,0,,0,0,0,0,,0,0,,0,0,0,0,0,0,0,0,0,0,,,,,,,,,,,,,,,,,,,,,,,,,,,,,,,,,,,,,,,,,,,,,,,,,,,,,,,,,,,,,,,,,,,,,,,,,,,,,,,,,,,,,,,,,,,,,,,,,,,,,,,,,,,,,,,,,,,,,,,,,,,,,,,,,,,,,,,,,,,,,,,,,,,,00-0030035,ThieAd00,16460.0,Adam Thielen,1990-08-22,74.0,200.0,Minnesota State,,,,,2013,12,13.0,0.0,1.0,0.0,0.003076923076923077,2021.0,Adam Thielen,MIN,31.0,WR,13.0,13.0,95.0,67.0,726.0,10.0,37.0,487.0,7.3,239.0,3.6,9.5,1.0,67.0,1.0,0.011000000000000001,2.0,119.0,2023-08-21,2021.0,Adam Thielen,MIN,31.0,WR,13.0,13.0,1.0,2.0,0.0,0.0,0.0,0.0,2.0,2.0,0.0,,2023-08-21,,,,,,,,,,,,,,,,,,,,,,,,,,,,,,,,,,,,,,,,,,,,,,,,,,,,,,,,,,,13,15.9,1.0,8,7,2
2021,Jakobi Meyers,J.Meyers,00-0034960,NE,WR,WR,29.0,16,186.3,11.64375,103.3,83.00000000000001,83,126,866,2,0.24045801526717558,0.2847481343283582,0.5600107169306141,1,9,0,2,2,45,0,0,931.0,0.8364705882352942,0.2001074113856069,11.64375,4.7180460291664525,21.3,1,WR,"https://static.www.nfl.com/image/upload/f_auto,q_auto/league/zrs4ij8mvw7wr1uujwew",REG,0,0,0,0,11,34,1,1.7869173039798625,41.68689250946045,0,4.090909090909091,2,1,1,0,0,0,0,0.9230725592351519,0,0,0,0,0,1,1,1221,222,42,19.095091447288684,2,34,18,12,0,0.7092547092547092,0,2,0,0,0,0,0,0.0,0.0,0,0,0,0,0,0,0,0,0,0,0,0,0,0,0,0,0,0,2,15,0,1,0,1,1,1,7,0,0,0,0,0,0,,,0,0,0,0,0,0,0,0,0,0,0,0,,,,0,0,0,0,0,0,0,,0,0,0,0,,0,0,,0,0,0,0,0,0,0,0,0,0,J.Meyers,Jakobi Meyers,WR,WR,"https://static.www.nfl.com/image/upload/f_auto,q_auto/league/zrs4ij8mvw7wr1uujwew",2021.0,POST,NE,1.0,0.0,0.0,0.0,0.0,0.0,0.0,0.0,0.0,0.0,0.0,0.0,0.0,,,0.0,,0.0,0.0,0.0,0.0,0.0,0.0,0.0,0.0,0.0,0.0,,0.0,0.0,0.0,0.0,0.0,6.0,9.0,40.0,0.0,0.0,0.0,47.0,4.0,3.0,1.695064839324914,0.0,1.0,1.0,0.0,0.0,0.851063829787234,0.2571428571428571,0.1934156378600823,0.5211052322163433,0.0,0.0,0.0,0.0,0.0,0.0,0.0,0.0,0.0,0.0,0.0,0.0,0.0,0.0,0.0,0.0,0.0,0.0,0.0,0.0,0.0,0.0,0.0,0.0,0.0,0.0,0.0,0.0,0.0,0.0,0.0,0.0,0.0,0.0,0.0,0.0,0.0,0.0,0.0,0.0,0.0,0.0,,,0.0,0.0,0.0,0.0,0.0,0.0,0.0,0.0,0.0,0.0,0.0,0.0,,,,0.0,0.0,0.0,0.0,0.0,0.0,0.0,,0.0,0.0,0.0,0.0,,0.0,0.0,,0.0,0.0,0.0,0.0,0.0,0.0,0.0,0.0,0.0,0.0,4.0,10.0,00-0034960,MeyeJa01,3916433.0,Jakobi Meyers,1996-11-09,74.0,200.0,N.C. State,,,,,2019,8,17.0,0.0,10.0,0.0,0.024117647058823532,2021.0,Jakobi Meyers,NE,25.0,WR,17.0,16.0,126.0,83.0,866.0,2.0,42.0,644.0,7.8,222.0,2.7,9.8,1.0,83.0,3.0,0.024,3.0,81.0,2023-08-21,2021.0,Jakobi Meyers,NE,25.0,WR,17.0,16.0,1.0,9.0,0.0,0.0,8.0,8.0,1.0,1.0,0.0,,2023-08-21,Jakobi Meyers,NE,2.0,0.0,0.0,0.0,0.0,0.0,0.0,2021.0,2.5,0.0,0.0,1.0,1.0,50.0,0.0,2.0,100.0,1.0,15.0,1.0,15.0,0.0,0.0,1.0,15.0,,,,,,,,,,2021.0,Regular,Season Total,NE,J. Meyers,,78.1,0.2,2.0,0.4,0.4,0.0,0.0,0.0,81.5,0.0,Jakobi,Meyers,Jakobi Meyers,https://a.espncdn.com/i/headshots/nfl/players/full/3916433.png,Patriots,False,16,10.850000000000001,1.8,9,3,0
2021,DeVonta Smith,D.Smith,00-0036912,PHI,WR,WR,30.0,17,185.60000000000002,10.917647058823531,121.60000000000001,64.00000000000001,64,104,916,5,0.2222222222222222,0.34893617021276596,0.5775886524822695,0,0,0,0,0,0,0,0,916.0,0.8235294117647058,0.20262008733624456,10.91764705882353,7.113739812338308,22.6,2,WR,"https://static.www.nfl.com/image/upload/f_auto,q_auto/league/k724kq3hyv7jc0y9s03x",REG,0,0,0,0,0,0,0,,,0,,0,0,0,0,0,0,0,,0,0,0,0,0,1,1,1476,208,43,29.674990696259094,1,39,24,16,1,0.6205962059620597,0,2,0,0,0,0,1,0.0,0.0,0,0,0,0,0,0,0,0,0,0,0,0,0,0,0,0,0,0,3,20,1,0,0,1,1,0,0,0,0,0,0,0,0,,,0,0,0,0,0,0,0,0,0,0,0,0,,,,0,0,0,0,0,0,0,,0,0,0,0,,0,0,,0,0,0,0,0,0,0,0,0,0,D.Smith,DeVonta Smith,WR,WR,"https://static.www.nfl.com/image/upload/f_auto,q_auto/league/k724kq3hyv7jc0y9s03x",2021.0,POST,PHI,1.0,0.0,0.0,0.0,0.0,0.0,0.0,0.0,0.0,0.0,0.0,0.0,0.0,,,0.0,,0.0,0.0,0.0,0.0,0.0,0.0,0.0,0.0,0.0,0.0,,0.0,0.0,0.0,0.0,0.0,4.0,11.0,60.0,0.0,0.0,0.0,110.0,50.0,2.0,-7.627179984658025,1.0,2.0,2.0,1.0,0.0,0.5454545454545454,0.2558139534883721,0.23655913978494625,0.5493123280820205,0.0,0.0,0.0,0.0,0.0,0.0,0.0,0.0,0.0,0.0,0.0,0.0,0.0,0.0,0.0,0.0,0.0,0.0,0.0,0.0,0.0,0.0,0.0,0.0,0.0,0.0,0.0,0.0,0.0,0.0,0.0,0.0,0.0,0.0,0.0,0.0,0.0,0.0,0.0,0.0,0.0,0.0,,,0.0,0.0,0.0,0.0,0.0,0.0,0.0,0.0,0.0,0.0,0.0,0.0,,,,0.0,0.0,0.0,0.0,0.0,0.0,0.0,,0.0,0.0,0.0,0.0,,0.0,0.0,,0.0,0.0,0.0,0.0,0.0,0.0,0.0,0.0,0.0,0.0,8.0,12.0,00-0036912,SmitDe07,4241478.0,DeVonta Smith,1998-11-14,72.0,170.0,Alabama,2021.0,1.0,10.0,PHI,2021,6,17.0,0.0,2.0,0.0,0.003529411764705882,2021.0,DeVonta Smith,PHI,23.0,WR,17.0,16.0,104.0,64.0,916.0,5.0,43.0,696.0,10.9,220.0,3.4,13.9,2.0,32.0,2.0,0.019,1.0,102.1,2023-08-21,,,,,,,,,,,,,,,,,,,,,,,,,,,,,,,,,,,,,,,,,,,,,,,,,,,,,,,,,,,,,,,,,,,,,,,,,,,,,17,8.4,2.5,8,5,0
2021,Tyler Boyd,T.Boyd,00-0033009,CIN,WR,WR,31.0,16,183.84,11.49,116.84,67.0,67,94,828,5,0.17407407407407408,0.16920627700705027,0.3795555050160463,2,22,0,1,1,46,0,0,807.0,0.77375,0.22780669144981414,11.49,6.401229048654121,20.8,2,WR,"https://static.www.nfl.com/image/upload/f_auto,q_auto/league/ttifog0hjxprlhkagugu",REG,0,0,0,0,-4,50,1,3.1924436271365266,12.373977899551392,0,0.0,1,1,1,1,0,0,1,1.3555669034831226,0,1,1,0,0,1,0,744,389,37,19.29710014353026,0,33,18,10,2,1.1129032258064515,0,1,0,0,0,0,0,0.0,0.0,0,0,0,0,0,0,0,0,0,0,0,0,0,1,0,0,0,0,2,10,0,1,0,1,0,1,1,0,0,0,0,0,0,,,0,0,0,0,0,0,0,0,0,0,0,0,,,,0,0,0,0,0,0,0,,0,0,0,0,,0,0,,0,0,0,0,0,0,0,0,0,0,T.Boyd,Tyler Boyd,WR,WR,"https://static.www.nfl.com/image/upload/f_auto,q_auto/league/ttifog0hjxprlhkagugu",2021.0,POST,CIN,4.0,0.0,0.0,0.0,0.0,0.0,0.0,0.0,0.0,0.0,0.0,0.0,0.0,,,0.0,,0.0,0.0,0.0,0.0,1.0,3.0,0.0,0.0,0.0,0.0,-0.9781281021423638,0.0,0.0,0.0,0.0,0.0,15.0,20.0,110.0,1.0,0.0,0.0,89.0,43.0,7.0,4.279060752305668,0.0,4.0,1.0,0.0,0.0,1.2359550561797752,0.14705882352941177,0.10056497175141244,0.2909837155201063,0.0,0.0,0.0,0.0,0.0,0.0,0.0,0.0,0.0,0.0,0.0,0.0,0.0,0.0,0.0,0.0,0.0,0.0,0.0,0.0,0.0,0.0,0.0,0.0,0.0,0.0,0.0,0.0,0.0,0.0,0.0,0.0,0.0,0.0,0.0,0.0,0.0,0.0,0.0,0.0,0.0,0.0,,,0.0,0.0,0.0,0.0,0.0,0.0,0.0,0.0,0.0,0.0,0.0,0.0,,,,0.0,0.0,0.0,0.0,0.0,0.0,0.0,,0.0,0.0,0.0,0.0,,0.0,0.0,,0.0,0.0,0.0,0.0,0.0,0.0,0.0,0.0,0.0,0.0,17.3,32.3,00-0033009,BoydTy00,3045144.0,Tyler Boyd,1994-11-15,74.0,203.0,Pittsburgh,2016.0,2.0,55.0,CIN,2016,9,16.0,0.0,4.0,0.0,0.008125,2021.0,Tyler Boyd,CIN,27.0,WR,16.0,10.0,94.0,67.0,828.0,5.0,37.0,439.0,6.6,389.0,5.8,7.7,2.0,33.5,0.0,0.0,4.0,98.2,2023-08-21,2021.0,Tyler Boyd,CIN,27.0,WR,16.0,10.0,2.0,22.0,0.0,1.0,9.0,4.5,13.0,6.5,1.0,2.0,2023-08-21,Tyler Boyd,CIN,1.0,0.0,0.0,0.0,0.0,0.0,0.0,2021.0,3.1,0.0,1.0,0.0,1.0,100.0,0.0,1.0,100.0,0.0,0.0,0.0,0.0,0.0,0.0,0.0,0.0,,,,,,,,,,2021.0,Regular,Season Total,CIN,T. Boyd,,99.0,0.3,1.0,0.4,0.4,0.0,0.0,0.0,99.1,0.0,Tyler,Boyd,Tyler Boyd,https://a.espncdn.com/i/headshots/nfl/players/full/3045144.png,Bengals,False,16,12.9,1.7000000000000002,10,4,0
2021,A.J. Brown,A.Brown,00-0035676,TEN,WR,WR,32.0,13,180.9,13.915384615384616,117.9,63.0,63,105,869,5,0.20114942528735633,0.3041198501872659,0.5146080330621206,2,10,0,0,2,0,0,0,604.0,0.6961538461538462,0.29950331125827817,13.915384615384616,10.425757059149722,31.5,3,WR,"https://static.www.nfl.com/image/upload/f_auto,q_auto/league/qfhvjyssf0lwsh0kienp",REG,0,0,0,0,42,0,0,-1.2514583478914574,-37.63119578361511,0,0.0,0,0,0,0,0,0,1,0.552041839924641,0,0,0,0,0,0,0,1218,235,45,33.827210485994684,0,45,18,10,3,0.7134646962233169,0,4,0,0,0,0,0,0.0,0.0,0,0,0,0,0,0,0,0,0,0,0,0,0,1,0,0,0,0,2,15,0,0,0,0,0,0,0,0,0,0,0,0,0,,,0,0,0,0,0,0,0,0,0,0,0,0,,,,0,0,0,0,0,0,0,,0,0,0,0,,0,0,,0,0,0,0,0,0,0,0,0,0,A.Brown,A.J. Brown,WR,WR,"https://static.www.nfl.com/image/upload/f_auto,q_auto/league/qfhvjyssf0lwsh0kienp",2021.0,POST,TEN,1.0,0.0,0.0,0.0,0.0,0.0,0.0,0.0,0.0,0.0,0.0,0.0,0.0,,,0.0,,0.0,0.0,0.0,0.0,0.0,0.0,0.0,0.0,0.0,0.0,,0.0,0.0,0.0,0.0,0.0,5.0,9.0,142.0,1.0,0.0,0.0,192.0,15.0,4.0,7.663594481593464,0.0,4.0,4.0,4.0,2.0,0.7395833333333334,0.375,0.735632183908046,1.0774425287356322,0.0,0.0,0.0,0.0,0.0,0.0,0.0,0.0,0.0,0.0,0.0,0.0,0.0,0.0,0.0,0.0,0.0,0.0,0.0,0.0,0.0,0.0,0.0,0.0,0.0,0.0,0.0,0.0,0.0,0.0,0.0,0.0,0.0,0.0,0.0,0.0,0.0,0.0,0.0,0.0,0.0,0.0,,,0.0,0.0,0.0,0.0,0.0,0.0,0.0,0.0,0.0,0.0,0.0,0.0,,,,0.0,0.0,0.0,0.0,0.0,0.0,0.0,,0.0,0.0,0.0,0.0,,0.0,0.0,,0.0,0.0,0.0,0.0,0.0,0.0,0.0,0.0,0.0,0.0,20.200000000000003,25.200000000000003,00-0035676,BrowAJ00,4047646.0,A.J. Brown,1997-06-30,73.0,226.0,Mississippi,2019.0,2.0,51.0,TEN,2019,8,13.0,4.0,2.0,0.0038461538461538464,0.005384615384615385,2021.0,AJ Brown,TEN,24.0,WR,13.0,13.0,105.0,63.0,869.0,5.0,45.0,621.0,9.9,248.0,3.9,11.6,2.0,31.5,8.0,0.076,2.0,94.5,2023-08-21,2021.0,AJ Brown,TEN,24.0,WR,13.0,13.0,2.0,10.0,0.0,1.0,6.0,3.0,4.0,2.0,0.0,,2023-08-21,A.J. Brown,TEN,2.0,1.0,0.0,0.0,0.0,1.0,100.0,2021.0,0.9,0.0,0.0,0.0,0.0,0.0,0.0,0.0,0.0,0.0,0.0,0.0,0.0,0.0,0.0,0.0,0.0,,,,,,,,,,,,,,,,,,,,,,,,,,,,,,,,13,9.8,0.30000000000000004,6,5,3
2021,Kendrick Bourne,K.Bourne,00-0033307,NE,WR,WR,33.0,17,180.5,10.617647058823529,125.5,55.0,55,70,800,5,0.13358778625954199,0.13805970149253732,0.2970234704340891,12,125,0,1,1,25,1,0,573.0,0.5152941176470588,0.3150087260034904,10.617647058823529,7.189943957893348,24.1,3,WR,"https://static.www.nfl.com/image/upload/f_auto,q_auto/league/yzfa94cmhpcqamrwzdzk",REG,0,0,0,0,22,3,1,2.3478310459759086,64.89481925964355,0,1.1363636363636365,1,1,1,0,0,0,7,9.5788863869966,0,6,5,0,0,1,1,592,385,27,42.377612264712354,0,28,17,10,5,1.3513513513513513,0,0,0,0,0,0,0,0.0,0.0,0,0,0,0,0,0,0,0,0,0,0,0,0,0,0,0,0,0,3,25,1,0,0,1,1,0,0,0,0,0,0,0,0,,,0,0,0,0,0,0,0,0,0,0,0,0,,,,0,0,0,0,0,0,0,,0,0,0,0,,0,0,,0,0,0,0,0,0,0,0,0,0,K.Bourne,Kendrick Bourne,WR,WR,"https://static.www.nfl.com/image/upload/f_auto,q_auto/league/yzfa94cmhpcqamrwzdzk",2021.0,POST,NE,1.0,0.0,0.0,0.0,0.0,0.0,0.0,0.0,0.0,0.0,0.0,0.0,0.0,,,0.0,,0.0,0.0,0.0,0.0,1.0,14.0,0.0,0.0,0.0,1.0,0.8712723772623576,0.0,1.0,1.0,0.0,0.0,7.0,8.0,77.0,2.0,0.0,0.0,62.0,22.0,5.0,11.825656446744688,0.0,2.0,1.0,1.0,1.0,1.2419354838709677,0.22857142857142856,0.2551440329218107,0.5214579659024103,0.0,0.0,0.0,0.0,0.0,0.0,0.0,0.0,0.0,0.0,0.0,0.0,0.0,0.0,0.0,0.0,0.0,0.0,0.0,0.0,0.0,0.0,0.0,0.0,0.0,0.0,0.0,0.0,0.0,0.0,0.0,0.0,0.0,0.0,0.0,0.0,0.0,0.0,0.0,0.0,0.0,0.0,,,0.0,0.0,0.0,0.0,0.0,0.0,0.0,0.0,0.0,0.0,0.0,0.0,,,,0.0,0.0,0.0,0.0,0.0,0.0,0.0,,0.0,0.0,0.0,0.0,,0.0,0.0,,0.0,0.0,0.0,0.0,0.0,0.0,0.0,0.0,0.0,0.0,21.1,28.1,00-0033307,BourKe00,3045523.0,Kendrick Bourne,1995-08-04,73.0,203.0,Eastern Washington,,,,,2017,10,17.0,0.0,4.0,0.0,0.009411764705882354,2021.0,Kendrick Bourne,NE,26.0,WR,17.0,5.0,70.0,55.0,800.0,5.0,27.0,415.0,7.5,385.0,7.0,8.5,5.0,11.0,2.0,0.028999999999999998,1.0,132.1,2023-08-21,2021.0,Kendrick Bourne,NE,26.0,WR,17.0,5.0,12.0,125.0,0.0,7.0,86.0,7.2,39.0,3.3,2.0,6.0,2023-08-21,Kendrick Bourne,NE,1.0,0.0,0.0,0.0,0.0,0.0,0.0,2021.0,1.6,0.0,0.0,0.0,0.0,0.0,0.0,1.0,100.0,0.0,0.0,0.0,0.0,0.0,0.0,0.0,0.0,,,,,,,,,,2021.0,Regular,Season Total,NE,K. Bourne,,100.0,0.9,1.0,1.0,1.0,0.0,0.0,0.0,100.0,0.0,Kendrick,Bourne,Kendrick Bourne,https://a.espncdn.com/i/headshots/nfl/players/full/3045523.png,Patriots,False,17,8.9,0.30000000000000004,7,4,0
2021,Marvin Jones,M.Jones,00-0029293,JAX,WR,WR,34.0,17,180.2,10.6,107.2,72.99999999999999,73,120,832,4,0.2058319039451115,0.30178384050367263,0.5199965442702381,0,0,0,0,0,0,0,0,980.0,0.9041176470588235,0.18387755102040815,10.6,6.582362797658604,23.0,2,WR,"https://static.www.nfl.com/image/private/f_auto,q_auto/league/ciy9sxefmcnwjw7ln3h2",REG,0,0,0,0,0,0,0,,,0,,0,0,0,0,0,0,0,,0,0,0,0,0,0,0,1438,120,42,25.553950244378097,0,36,17,13,0,0.5785813630041725,0,1,0,0,0,0,0,0.0,0.0,0,0,0,0,0,0,0,0,0,0,0,0,0,0,0,0,0,0,3,20,0,0,0,0,0,0,0,0,0,0,0,0,0,,,0,0,0,0,0,0,0,0,0,0,0,0,,,,0,0,0,0,0,0,0,,0,0,0,0,,0,0,,0,0,0,0,0,0,0,0,0,0,,,,,,,,,,,,,,,,,,,,,,,,,,,,,,,,,,,,,,,,,,,,,,,,,,,,,,,,,,,,,,,,,,,,,,,,,,,,,,,,,,,,,,,,,,,,,,,,,,,,,,,,,,,,,,,,,,,,,,,,,,,,,,,,,,,,,,,,,,,,,,,,,,,,00-0029293,JoneMa02,15072.0,Marvin Jones,1990-03-12,74.0,198.0,California,2012.0,5.0,166.0,CIN,2012,12,17.0,0.0,1.0,0.0,0.0029411764705882353,2021.0,Marvin Jones,JAX,31.0,WR,17.0,16.0,120.0,73.0,832.0,4.0,42.0,700.0,9.6,132.0,1.8,11.9,0.0,,2.0,0.017,3.0,82.4,2023-08-21,,,,,,,,,,,,,,,,,,,,,,,,,,,,,,,,,,,,,,,,,,,,,,,,,,,,,,,,,,,,,,,,,,,,,,,,,,,,,17,8.5,3.1,7,5,0
2021,Brandon Aiyuk,B.Aiyuk,00-0036261,SF,WR,WR,35.0,17,170.3,10.01764705882353,114.30000000000001,56.0,56,84,826,5,0.16901408450704225,0.20309767674244317,0.39568950048027357,5,17,0,0,0,0,0,0,906.0,0.83,0.1879690949227373,10.01764705882353,6.834310068883842,21.5,1,WR,"https://static.www.nfl.com/image/upload/f_auto,q_auto/league/avzzxycxyculxxqce5k7",REG,0,0,0,0,0,0,0,,,0,,0,0,0,0,0,0,0,-1.2647379657719284,0,0,0,0,0,1,1,813,349,37,40.75678996943231,1,35,25,16,1,1.015990159901599,0,0,0,0,0,0,0,0.0,0.0,0,0,0,0,0,1,0,0,0,0,0,0,0,2,-14,0,0,0,3,20,1,1,0,2,1,29,208,0,0,0,0,0,0,,,0,0,0,0,0,0,0,0,0,0,0,0,,,,0,0,0,0,0,0,0,,0,0,0,0,,0,0,,0,0,0,0,0,0,0,0,0,0,B.Aiyuk,Brandon Aiyuk,WR,WR,"https://static.www.nfl.com/image/upload/f_auto,q_auto/league/avzzxycxyculxxqce5k7",2021.0,POST,SF,3.0,0.0,0.0,0.0,0.0,0.0,0.0,0.0,0.0,0.0,0.0,0.0,0.0,,,0.0,,0.0,0.0,0.0,0.0,0.0,0.0,0.0,0.0,0.0,0.0,,0.0,0.0,0.0,0.0,0.0,9.0,15.0,135.0,0.0,0.0,0.0,160.0,38.0,7.0,4.284527727984823,0.0,7.0,2.0,2.0,0.0,0.84375,0.20833333333333334,0.3755868544600939,0.5754107981220657,0.0,0.0,0.0,0.0,0.0,0.0,0.0,0.0,0.0,0.0,0.0,0.0,0.0,0.0,0.0,0.0,0.0,0.0,0.0,0.0,0.0,0.0,0.0,0.0,0.0,0.0,0.0,1.0,10.0,0.0,0.0,0.0,0.0,0.0,0.0,0.0,0.0,0.0,0.0,0.0,0.0,0.0,,,0.0,0.0,0.0,0.0,0.0,0.0,0.0,0.0,0.0,0.0,0.0,0.0,,,,0.0,0.0,0.0,0.0,0.0,0.0,0.0,,0.0,0.0,0.0,0.0,,0.0,0.0,,0.0,0.0,0.0,0.0,0.0,0.0,0.0,0.0,0.0,0.0,13.5,22.5,00-0036261,AiyuBr00,4360438.0,Brandon Aiyuk,1998-03-17,72.0,200.0,Arizona State; Sierra JC,2020.0,1.0,25.0,SF,2020,6,17.0,0.0,56.0,0.0,0.12823529411764706,2021.0,Brandon Aiyuk,SF,23.0,WR,17.0,16.0,84.0,56.0,826.0,5.0,37.0,479.0,8.6,347.0,6.2,9.8,3.0,18.7,4.0,0.048,0.0,118.5,2023-08-21,2021.0,Brandon Aiyuk,SF,23.0,WR,17.0,16.0,5.0,17.0,0.0,0.0,9.0,1.8,8.0,1.6,0.0,,2023-08-21,,,,,,,,,,,,,,,,,,,,,,,,,,,,,,,,,,,,,,,,,,,,,,,,,,,,,,,,,,,17,10.5,0.0,9,4,0
2021,Van Jefferson,V.Jefferson,00-0036415,LA,WR,WR,36.0,17,168.2,9.894117647058822,118.2,49.999999999999986,50,89,802,6,0.1478405315614618,0.23276197896377093,0.3846941826168323,2,20,0,0,0,0,0,0,875.0,0.8011764705882353,0.19222857142857142,9.894117647058824,6.006087598037022,21.0,1,WR,"https://static.www.nfl.com/image/upload/f_auto,q_auto/league/inwxk1xlvzculj8m3pah",REG,0,0,0,0,0,0,0,,,0,,0,0,0,0,0,0,1,1.3550202797632664,0,2,0,0,0,0,0,1195,220,32,33.406992377025105,0,28,17,12,4,0.6711297071129707,0,1,0,0,0,0,0,0.0,0.0,0,0,0,0,0,0,0,0,0,0,0,0,0,0,0,0,0,0,5,45,0,0,0,0,0,0,0,0,0,0,0,0,0,,,0,0,0,0,0,0,0,0,0,0,0,0,,,,0,0,0,0,0,0,0,,0,0,0,0,,0,0,,0,0,0,0,0,0,0,0,0,0,V.Jefferson,Van Jefferson,WR,WR,"https://static.www.nfl.com/image/upload/f_auto,q_auto/league/inwxk1xlvzculj8m3pah",2021.0,POST,LA,4.0,0.0,0.0,0.0,0.0,0.0,0.0,0.0,0.0,0.0,0.0,0.0,0.0,,,0.0,,0.0,0.0,0.0,0.0,1.0,15.0,0.0,0.0,0.0,1.0,1.400264621945098,0.0,1.0,1.0,0.0,0.0,9.0,17.0,102.0,0.0,0.0,0.0,270.0,52.0,4.0,-2.3333516786620936,0.0,4.0,2.0,1.0,1.0,0.37777777777777777,0.125,0.21897810218978103,0.34078467153284675,0.0,0.0,0.0,0.0,0.0,0.0,0.0,0.0,0.0,0.0,0.0,0.0,0.0,0.0,0.0,0.0,0.0,0.0,0.0,0.0,0.0,0.0,0.0,0.0,0.0,0.0,0.0,0.0,0.0,0.0,0.0,0.0,0.0,0.0,0.0,0.0,0.0,0.0,0.0,0.0,0.0,0.0,,,0.0,0.0,0.0,0.0,0.0,0.0,0.0,0.0,0.0,0.0,0.0,0.0,,,,0.0,0.0,0.0,0.0,0.0,0.0,0.0,,0.0,0.0,0.0,0.0,,0.0,0.0,,0.0,0.0,0.0,0.0,0.0,0.0,0.0,0.0,0.0,0.0,11.700000000000001,20.700000000000003,00-0036415,JeffVa00,3930066.0,Van Jefferson,1996-07-26,73.0,200.0,Florida; Mississippi,2020.0,2.0,57.0,LA,2020,7,17.0,0.0,5.0,0.0,0.010588235294117647,2021.0,Van Jefferson,LA,25.0,WR,17.0,17.0,89.0,50.0,802.0,6.0,32.0,586.0,11.7,216.0,4.3,13.5,2.0,25.0,6.0,0.067,1.0,104.2,2023-08-21,2021.0,Van Jefferson,LA,25.0,WR,17.0,17.0,2.0,20.0,0.0,1.0,7.0,3.5,13.0,6.5,0.0,,2023-08-21,,,,,,,,,,,,,,,,,,,,,,,,,,,,,,,,,,,,,,,,,,,,,,,,,,,,,,,,,,,17,8.4,1.6,8,4,0
2021,Chase Claypool,C.Claypool,00-0036326,PIT,WR,WR,37.0,15,166.60000000000002,11.106666666666667,107.60000000000001,59.000000000000014,59,105,860,2,0.16079632465543645,0.2707817075918,0.4307416822974146,14,96,0,0,0,0,0,0,823.0,0.792,0.20243013365735119,11.106666666666666,6.23234267656194,24.0,1,WR,"https://static.www.nfl.com/image/upload/f_auto,q_auto/league/intpee5tvgt6rhzxhquc",REG,0,0,0,0,0,0,0,,,0,,0,0,0,0,0,0,7,3.820542685338296,0,5,4,1,0,0,0,1202,295,35,9.79091478392468,0,33,20,13,4,0.7154742096505824,0,0,0,0,0,0,0,0.0,0.0,0,0,0,0,0,0,0,0,0,0,0,0,0,0,0,0,0,0,8,83,0,0,0,0,0,0,0,0,0,0,0,0,0,,,0,0,0,0,0,0,0,0,0,0,0,0,,,,0,0,0,0,0,0,0,,0,0,0,0,,0,0,,0,0,0,0,0,0,0,0,0,0,C.Claypool,Chase Claypool,WR,WR,"https://static.www.nfl.com/image/upload/f_auto,q_auto/league/intpee5tvgt6rhzxhquc",2021.0,POST,PIT,1.0,0.0,0.0,0.0,0.0,0.0,0.0,0.0,0.0,0.0,0.0,0.0,0.0,,,0.0,,0.0,0.0,0.0,0.0,0.0,0.0,0.0,0.0,0.0,0.0,,0.0,0.0,0.0,0.0,0.0,3.0,7.0,25.0,0.0,0.0,0.0,90.0,10.0,1.0,-1.452804616652429,0.0,1.0,1.0,0.0,0.0,0.2777777777777778,0.1590909090909091,0.28125,0.43551136363636367,0.0,0.0,0.0,0.0,0.0,0.0,0.0,0.0,0.0,0.0,0.0,0.0,0.0,0.0,0.0,0.0,0.0,0.0,0.0,0.0,0.0,0.0,0.0,0.0,0.0,0.0,0.0,0.0,0.0,0.0,0.0,0.0,0.0,0.0,0.0,0.0,0.0,0.0,0.0,0.0,0.0,0.0,,,0.0,0.0,0.0,0.0,0.0,0.0,0.0,0.0,0.0,0.0,0.0,0.0,,,,0.0,0.0,0.0,0.0,0.0,0.0,0.0,,0.0,0.0,0.0,0.0,,0.0,0.0,,0.0,0.0,0.0,0.0,0.0,0.0,0.0,0.0,0.0,0.0,2.5,5.5,00-0036326,ClayCh01,4046692.0,Chase Claypool,1998-07-07,76.0,238.0,Notre Dame,2020.0,2.0,49.0,PIT,2020,4,15.0,0.0,3.0,0.0,0.006666666666666667,2021.0,Chase Claypool,PIT,23.0,WR,15.0,13.0,105.0,59.0,860.0,2.0,35.0,577.0,9.8,283.0,4.8,11.4,4.0,14.8,5.0,0.048,3.0,77.5,2023-08-21,2021.0,Chase Claypool,PIT,23.0,WR,15.0,13.0,14.0,96.0,0.0,7.0,79.0,5.6,17.0,1.2,0.0,,2023-08-21,,,,,,,,,,,,,,,,,,,,,,,,,,,,,,,,,,,,,,,,,,,,,,,,,,,,,,,,,,,15,10.0,1.9000000000000001,8,4,0
2021,Russell Gage,R.Gage,00-0034411,ATL,WR,WR,38.0,13,163.0,12.538461538461538,97.0,66.0,66,94,770,4,0.16967509025270758,0.21288921071687184,0.40353508288087164,0,0,0,0,0,0,0,0,612.0,0.7392857142857142,0.26633986928104575,12.538461538461538,8.617379576717667,27.6,3,WR,"https://static.www.nfl.com/image/upload/f_auto,q_auto/league/oigboeq0amnbgw7lnda0",REG,0,0,0,0,0,0,0,,,0,,0,0,0,0,0,0,0,,0,0,0,0,0,2,2,882,248,37,9.49708630586398,0,31,16,8,1,0.873015873015873,0,1,0,0,0,0,0,0.0,0.0,0,0,0,0,0,0,0,0,0,0,0,0,0,0,0,0,0,0,1,5,2,0,0,2,2,0,0,0,0,0,0,0,0,,,0,0,0,0,0,0,0,0,0,0,0,0,,,,0,0,0,0,0,0,0,,0,0,0,0,,0,0,,0,0,0,0,0,0,0,0,0,0,,,,,,,,,,,,,,,,,,,,,,,,,,,,,,,,,,,,,,,,,,,,,,,,,,,,,,,,,,,,,,,,,,,,,,,,,,,,,,,,,,,,,,,,,,,,,,,,,,,,,,,,,,,,,,,,,,,,,,,,,,,,,,,,,,,,,,,,,,,,,,,,,,,,00-0034411,GageRu00,3115378.0,Russell Gage,1996-01-22,72.0,184.0,LSU,2018.0,6.0,194.0,ATL,2018,7,14.0,0.0,1.0,0.0,0.002857142857142857,2021.0,Russell Gage,ATL,25.0,WR,14.0,9.0,94.0,66.0,770.0,4.0,37.0,516.0,7.8,254.0,3.8,9.3,5.0,13.2,5.0,0.053,5.0,86.7,2023-08-21,,,,,,,,,,,,,,,,,,,,,,,,,,,,,,,,,,,,,,,,,,,,,,,,,,,,,,,,,,,,,,,,,,,,,,,,,,,,,13,10.4,0.0,7,5,1
2021,Cole Beasley,C.Beasley,00-0029000,BUF,WR,WR,39.0,16,159.3,9.95625,77.3,82.00000000000001,82,112,693,1,0.1797752808988764,0.11764705882352941,0.3520158625247852,0,0,0,0,1,0,0,0,691.0,0.60625,0.23053545586107094,9.95625,6.783702897385763,21.8,3,WR,"https://static.www.nfl.com/image/private/f_auto,q_auto/league/y5r0fhwctl6ljwvmktvu",REG,0,0,0,0,19,0,0,-0.47759081999538466,-33.29757750034332,0,0.0,0,0,0,0,0,0,0,,0,0,0,0,0,1,0,630,305,34,6.190129305082185,1,26,8,5,0,1.1,0,0,0,0,0,0,0,0.0,0.0,0,0,0,0,0,0,0,0,0,0,0,0,0,0,0,0,0,0,1,5,1,0,1,1,0,0,0,0,0,0,0,0,0,,,0,0,0,0,0,0,0,0,0,0,0,0,,,,0,0,0,0,0,0,0,,0,0,0,0,,0,0,,0,0,0,0,0,0,0,0,0,0,C.Beasley,Cole Beasley,WR,WR,"https://static.www.nfl.com/image/private/f_auto,q_auto/league/y5r0fhwctl6ljwvmktvu",2021.0,POST,BUF,2.0,0.0,0.0,0.0,0.0,0.0,0.0,0.0,0.0,0.0,0.0,0.0,0.0,,,0.0,,0.0,0.0,0.0,0.0,0.0,0.0,0.0,0.0,0.0,0.0,,0.0,0.0,0.0,0.0,0.0,7.0,9.0,79.0,0.0,0.0,0.0,50.0,38.0,3.0,3.351333267579321,0.0,2.0,2.0,1.0,0.0,1.58,0.14516129032258066,0.0946969696969697,0.2840298142717498,0.0,0.0,0.0,0.0,0.0,0.0,0.0,0.0,0.0,0.0,0.0,0.0,0.0,0.0,0.0,0.0,0.0,0.0,0.0,0.0,0.0,0.0,0.0,0.0,0.0,0.0,0.0,0.0,0.0,0.0,0.0,0.0,0.0,0.0,0.0,0.0,0.0,0.0,0.0,0.0,0.0,0.0,,,0.0,0.0,0.0,0.0,0.0,0.0,0.0,0.0,0.0,0.0,0.0,0.0,,,,0.0,0.0,0.0,0.0,0.0,0.0,0.0,,0.0,0.0,0.0,0.0,,0.0,0.0,,0.0,0.0,0.0,0.0,0.0,0.0,0.0,0.0,0.0,0.0,7.9,14.9,00-0029000,BeasCo00,15349.0,Cole Beasley,1989-04-26,68.0,174.0,SMU,,,,,2012,12,16.0,0.0,1.0,0.0,0.001875,2021.0,Cole Beasley,BUF,32.0,WR,16.0,8.0,112.0,82.0,693.0,1.0,34.0,388.0,4.7,305.0,3.7,5.6,0.0,,5.0,0.045,3.0,80.7,2023-08-21,,,,,,,,,,,,,,,,,,,Cole Beasley,BUF,1.0,0.0,0.0,0.0,0.0,0.0,0.0,2021.0,1.3,0.0,1.0,0.0,1.0,100.0,0.0,1.0,100.0,1.0,0.0,1.0,0.0,0.0,0.0,1.0,0.0,,,,,,,,,,,,,,,,,,,,,,,,,,,,,,,,16,7.55,1.5,6,4,0
2021,K.J. Osborn,K.Osborn,00-0036345,MIN,WR,WR,40.0,17,158.5,9.323529411764707,108.5,50.0,50,82,655,7,0.14186851211072665,0.177819083023544,0.33727612628257075,1,10,0,0,0,0,0,0,774.0,0.6823529411764706,0.20478036175710596,9.323529411764707,6.987536172693912,20.1,1,WR,"https://static.www.nfl.com/image/upload/f_auto,q_auto/league/ytgf9lftpnc3hqg81vhj",REG,0,0,0,0,0,0,0,,,0,,0,0,0,0,0,0,1,0.5470396659802645,0,1,0,0,0,0,0,861,179,26,14.607148827083604,0,23,12,10,2,0.7607433217189314,0,2,0,0,0,0,0,0.0,0.0,0,0,0,0,0,0,0,0,0,0,0,0,0,0,0,0,0,0,3,25,0,0,0,0,0,4,23,0,0,0,0,0,0,,,0,0,0,0,0,0,0,0,0,0,0,0,,,,0,0,0,0,0,0,0,,0,0,0,0,,0,0,,0,0,0,0,0,0,0,0,0,0,,,,,,,,,,,,,,,,,,,,,,,,,,,,,,,,,,,,,,,,,,,,,,,,,,,,,,,,,,,,,,,,,,,,,,,,,,,,,,,,,,,,,,,,,,,,,,,,,,,,,,,,,,,,,,,,,,,,,,,,,,,,,,,,,,,,,,,,,,,,,,,,,,,,00-0036345,OsboKJ00,3916566.0,K.J. Osborn,1997-06-10,71.0,203.0,Miami; Buffalo,2020.0,5.0,176.0,MIN,2020,6,17.0,0.0,35.0,0.0,0.07117647058823529,2021.0,KJ Osborn,MIN,24.0,WR,17.0,9.0,82.0,50.0,655.0,7.0,26.0,476.0,9.5,179.0,3.6,10.5,1.0,50.0,2.0,0.024,3.0,99.4,2023-08-21,2021.0,KJ Osborn,MIN,24.0,WR,17.0,9.0,1.0,10.0,0.0,1.0,8.0,8.0,2.0,2.0,0.0,,2023-08-21,,,,,,,,,,,,,,,,,,,,,,,,,,,,,,,,,,,,,,,,,,,,,,,,,,,,,,,,,,,17,6.6,0.0,7,4,0
2021,A.J. Green,A.Green,00-0027942,ARI,WR,WR,41.0,16,156.8,9.8,102.80000000000001,54.0,54,92,848,3,0.16140350877192983,0.2506214689265537,0.4175402914064823,0,0,0,0,0,0,0,0,888.0,0.805625,0.17657657657657658,9.8,5.835866116810196,18.9,0,WR,"https://static.www.nfl.com/image/private/f_auto,q_auto/league/guj5a9vnnzqfiljupzuj",REG,0,0,0,0,0,0,0,,,0,,0,0,0,0,0,0,0,,0,0,0,0,0,0,0,1109,181,37,28.473385656513347,0,33,20,16,3,0.7646528403967539,0,1,0,0,0,0,0,0.0,0.0,0,0,0,0,0,0,0,0,0,0,0,0,0,0,0,0,0,0,5,36,0,0,0,0,0,0,0,0,0,0,0,0,0,,,0,0,0,0,0,0,0,0,0,0,0,0,,,,0,0,0,0,0,0,0,,0,0,0,0,,0,0,,0,0,0,0,0,0,0,0,0,0,A.Green,A.J. Green,WR,WR,"https://static.www.nfl.com/image/private/f_auto,q_auto/league/guj5a9vnnzqfiljupzuj",2021.0,POST,ARI,1.0,0.0,0.0,0.0,0.0,0.0,0.0,0.0,0.0,0.0,0.0,0.0,0.0,,,0.0,,0.0,0.0,0.0,0.0,0.0,0.0,0.0,0.0,0.0,0.0,,0.0,0.0,0.0,0.0,0.0,0.0,3.0,0.0,0.0,0.0,0.0,64.0,0.0,0.0,-2.7580121175851673,0.0,0.0,0.0,0.0,0.0,0.0,0.08823529411764706,0.22939068100358423,0.29292641787897955,0.0,0.0,0.0,0.0,0.0,0.0,0.0,0.0,0.0,0.0,0.0,0.0,0.0,0.0,0.0,0.0,0.0,0.0,0.0,0.0,0.0,0.0,0.0,0.0,0.0,0.0,0.0,0.0,0.0,0.0,0.0,0.0,0.0,0.0,0.0,0.0,0.0,0.0,0.0,0.0,0.0,0.0,,,0.0,0.0,0.0,0.0,0.0,0.0,0.0,0.0,0.0,0.0,0.0,0.0,,,,0.0,0.0,0.0,0.0,0.0,0.0,0.0,,0.0,0.0,0.0,0.0,,0.0,0.0,,0.0,0.0,0.0,0.0,0.0,0.0,0.0,0.0,0.0,0.0,0.0,0.0,00-0027942,GreeA.00,13983.0,A.J. Green,1988-07-31,76.0,207.0,Georgia,2011.0,1.0,4.0,CIN,2011,12,16.0,0.0,2.0,0.0,0.005625,2021.0,AJ Green,ARI,33.0,WR,16.0,9.0,92.0,54.0,848.0,3.0,37.0,667.0,12.4,181.0,3.4,12.2,5.0,10.8,5.0,0.054000000000000006,2.0,91.2,2023-08-21,,,,,,,,,,,,,,,,,,,,,,,,,,,,,,,,,,,,,,,,,,,,,,,,,,,,,,,,,,,,,,,,,,,,,,,,,,,,,16,10.2,1.4,9,4,0
2021,Tim Patrick,T.Patrick,00-0033375,DEN,WR,WR,42.0,16,156.4,9.775,103.4,53.0,53,85,734,5,0.1644100580270793,0.21858523725834797,0.3996247531214625,0,0,0,0,0,0,0,0,849.0,0.8375,0.18421672555948174,9.775,5.4944214132760765,18.5,0,WR,"https://static.www.nfl.com/image/upload/f_auto,q_auto/league/hw06t7n00cfpt7euljza",REG,0,0,0,0,0,0,0,,,0,,0,0,0,0,0,0,0,,0,0,0,0,0,0,0,995,202,39,37.65879882428589,0,33,16,10,1,0.7376884422110552,0,0,0,0,0,0,0,0.0,0.0,0,0,0,0,0,0,0,0,0,0,0,0,0,1,2,0,0,0,2,30,0,0,0,0,0,0,0,0,0,0,0,0,0,,,0,0,0,0,0,0,0,0,0,0,0,0,,,,0,0,0,0,0,0,0,,0,0,0,0,,0,0,,0,0,0,0,0,0,0,0,0,0,,,,,,,,,,,,,,,,,,,,,,,,,,,,,,,,,,,,,,,,,,,,,,,,,,,,,,,,,,,,,,,,,,,,,,,,,,,,,,,,,,,,,,,,,,,,,,,,,,,,,,,,,,,,,,,,,,,,,,,,,,,,,,,,,,,,,,,,,,,,,,,,,,,,00-0033375,PatrTi00,3134353.0,Tim Patrick,1993-11-23,77.0,210.0,Utah; Grossmont,,,,,2017,9,16.0,0.0,2.0,0.0,0.00625,2021.0,Tim Patrick,DEN,28.0,WR,16.0,16.0,85.0,53.0,734.0,5.0,39.0,532.0,10.0,202.0,3.8,11.7,2.0,26.5,3.0,0.035,2.0,99.8,2023-08-21,,,,,,,,,,,,,,,,,,,,,,,,,,,,,,,,,,,,,,,,,,,,,,,,,,,,,,,,,,,,,,,,,,,,,,,,,,,,,16,11.05,1.9,8,3,0
2021,Marquez Callaway,M.Callaway,00-0036219,NO,WR,WR,43.0,17,151.8,8.929411764705883,105.8,46.000000000000014,46,84,698,6,0.17721518987341772,0.28304405874499333,0.46395362593162187,0,0,0,0,0,0,0,0,833.0,0.7635294117647059,0.18223289315726293,8.929411764705883,6.380513763197517,24.5,1,WR,"https://static.www.nfl.com/image/upload/f_auto,q_auto/league/zrqsn3ae99gkgpi97qzr",REG,0,0,0,0,0,0,0,,,0,,0,0,0,0,0,0,0,,0,0,0,0,0,0,0,1060,144,32,27.968855190039477,0,29,14,9,3,0.6584905660377358,0,0,0,0,0,0,0,0.0,0.0,0,0,0,0,0,0,0,0,0,0,0,0,0,0,0,0,0,0,2,20,0,0,0,0,0,1,2,0,0,0,0,0,0,,,0,0,0,0,0,0,0,0,0,0,0,0,,,,0,0,0,0,0,0,0,,0,0,0,0,,0,0,,0,0,0,0,0,0,0,0,0,0,,,,,,,,,,,,,,,,,,,,,,,,,,,,,,,,,,,,,,,,,,,,,,,,,,,,,,,,,,,,,,,,,,,,,,,,,,,,,,,,,,,,,,,,,,,,,,,,,,,,,,,,,,,,,,,,,,,,,,,,,,,,,,,,,,,,,,,,,,,,,,,,,,,,00-0036219,CallMa01,4035170.0,Marquez Callaway,1998-03-27,74.0,204.0,Tennessee,,,,,2020,4,17.0,0.0,10.0,0.0,0.021176470588235293,2021.0,Marquez Callaway,NO,23.0,WR,17.0,11.0,84.0,46.0,698.0,6.0,32.0,554.0,12.0,144.0,3.1,12.6,4.0,11.5,4.0,0.048,1.0,101.2,2023-08-21,,,,,,,,,,,,,,,,,,,,,,,,,,,,,,,,,,,,,,,,,,,,,,,,,,,,,,,,,,,,,,,,,,,,,,,,,,,,,17,8.600000000000001,0.0,6,3,0
2021,Courtland Sutton,C.Sutton,00-0034348,DEN,WR,WR,44.0,17,150.24,8.83764705882353,92.24000000000001,58.0,58,98,776,2,0.1895551257253385,0.33150263620386644,0.5163845339307143,0,0,0,1,1,16,0,0,920.0,0.8511764705882353,0.16330434782608697,8.83764705882353,7.916460327548358,25.0,3,WR,"https://static.www.nfl.com/image/upload/f_auto,q_auto/league/kqwmqcrlrwmqcvfuguhs",REG,0,0,0,0,15,1,1,1.001634000451304,44.02860403060913,0,1.0666666666666667,1,1,0,0,0,0,0,,0,0,0,0,0,0,0,1509,135,35,20.20711837010122,1,32,13,9,2,0.5142478462557986,0,0,0,0,0,0,0,0.0,0.0,0,0,0,0,0,0,0,0,0,0,0,0,0,0,0,0,0,0,5,45,0,0,0,0,0,0,0,0,0,0,0,0,0,,,0,0,0,0,0,0,0,0,0,0,0,0,,,,0,0,0,0,0,0,0,,0,0,0,0,,0,0,,0,0,0,0,0,0,0,0,0,0,,,,,,,,,,,,,,,,,,,,,,,,,,,,,,,,,,,,,,,,,,,,,,,,,,,,,,,,,,,,,,,,,,,,,,,,,,,,,,,,,,,,,,,,,,,,,,,,,,,,,,,,,,,,,,,,,,,,,,,,,,,,,,,,,,,,,,,,,,,,,,,,,,,,00-0034348,SuttCo00,3128429.0,Courtland Sutton,1995-10-10,76.0,216.0,SMU,2018.0,2.0,40.0,DEN,2018,9,17.0,0.0,4.0,0.0,0.010588235294117647,2021.0,Courtland Sutton,DEN,26.0,WR,17.0,16.0,98.0,58.0,776.0,2.0,35.0,641.0,11.1,135.0,2.3,15.4,1.0,58.0,3.0,0.031,3.0,78.4,2023-08-21,,,,,,,,,,,,,,,,,,,Courtland Sutton,DEN,1.0,0.0,0.0,0.0,0.0,0.0,0.0,2021.0,3.8,0.0,1.0,0.0,1.0,100.0,0.0,1.0,100.0,0.0,0.0,0.0,0.0,0.0,0.0,0.0,0.0,,,,,,,,,,2021.0,Regular,Season Total,DEN,C. Sutton,,100.0,0.6,1.0,0.7,0.7,0.0,0.0,0.0,100.0,0.0,Courtland,Sutton,Courtland Sutton,https://a.espncdn.com/i/headshots/nfl/players/full/3128429.png,Broncos,False,17,6.0,1.9,4,3,1
2021,Cedrick Wilson Jr.,C.Wilson,00-0034418,DAL,WR,WR,45.0,14,147.82,10.558571428571428,102.82000000000001,44.999999999999986,45,61,602,6,0.09576138147566719,0.11630179827990618,0.2250533310094351,2,11,0,3,3,88,0,0,528.0,0.468125,0.2799621212121212,10.558571428571428,7.613601045439725,28.9,1,WR,"https://static.www.nfl.com/image/upload/f_auto,q_auto/league/esfxvl8f7kl9othclvl0",REG,0,0,0,0,67,21,3,5.7490395497879945,45.474801460901894,0,1.3134328358208955,3,3,3,0,0,0,1,1.0328408342758193,0,0,0,0,0,1,0,595,260,27,35.83038276357554,1,23,13,8,2,1.011764705882353,0,1,0,0,0,0,0,0.0,0.0,0,0,0,0,0,2,0,0,0,0,0,0,0,1,0,0,0,0,0,0,1,2,0,3,0,11,36,0,0,0,0,0,0,,,0,0,0,0,0,0,0,0,0,0,0,0,,,,0,0,0,0,0,0,0,,0,0,0,0,,0,0,,0,0,0,0,0,0,0,0,0,0,C.Wilson,Cedrick Wilson Jr.,WR,WR,"https://static.www.nfl.com/image/upload/f_auto,q_auto/league/esfxvl8f7kl9othclvl0",2021.0,POST,DAL,1.0,0.0,0.0,0.0,0.0,0.0,0.0,0.0,0.0,0.0,0.0,0.0,0.0,,,0.0,,0.0,0.0,0.0,0.0,0.0,0.0,0.0,0.0,0.0,0.0,,0.0,0.0,0.0,0.0,0.0,5.0,10.0,62.0,0.0,1.0,0.0,158.0,21.0,2.0,-5.2848640293232165,0.0,2.0,2.0,1.0,0.0,0.3924050632911392,0.23809523809523808,0.41578947368421054,0.6481954887218044,0.0,1.0,0.0,0.0,0.0,0.0,0.0,0.0,0.0,0.0,0.0,0.0,0.0,0.0,0.0,0.0,0.0,0.0,0.0,0.0,0.0,0.0,0.0,0.0,0.0,0.0,0.0,1.0,10.0,0.0,1.0,1.0,1.0,0.0,0.0,0.0,0.0,0.0,0.0,0.0,0.0,0.0,,,0.0,0.0,0.0,0.0,0.0,0.0,0.0,0.0,0.0,0.0,0.0,0.0,,,,0.0,0.0,0.0,0.0,0.0,0.0,0.0,,0.0,0.0,0.0,0.0,,0.0,0.0,,0.0,0.0,0.0,0.0,0.0,0.0,0.0,0.0,0.0,0.0,6.2,11.2,00-0034418,WilsCe01,4036335.0,Cedrick Wilson Jr.,1995-11-20,74.0,197.0,Boise State; Coffeyville CC,2018.0,6.0,208.0,DAL,2018,8,16.0,0.0,52.0,0.0,0.110625,2021.0,Cedrick Wilson,DAL,26.0,WR,16.0,4.0,61.0,45.0,602.0,6.0,27.0,348.0,7.7,254.0,5.6,9.5,0.0,,3.0,0.049,1.0,130.6,2023-08-21,2021.0,Cedrick Wilson,DAL,26.0,WR,16.0,4.0,2.0,11.0,0.0,1.0,10.0,5.0,1.0,0.5,0.0,,2023-08-21,Cedrick Wilson Jr.,DAL,3.0,0.0,0.0,0.0,0.0,0.0,0.0,2021.0,2.2,0.0,0.0,0.0,0.0,0.0,0.0,3.0,100.0,1.0,22.0,1.0,22.0,0.0,0.0,1.0,22.0,,,,,,,,,,2021.0,Regular,Season Total,DAL,C. Wilson Jr.,,99.9,1.6,3.0,1.6,1.6,0.0,0.0,0.0,99.9,0.0,Cedrick,Wilson Jr.,Cedrick Wilson Jr.,https://a.espncdn.com/i/headshots/nfl/players/full/4036335.png,Cowboys,False,14,7.8999999999999995,3.0,5,4,1
2021,DeAndre Hopkins,D.Hopkins,00-0030564,ARI,WR,WR,46.0,10,147.2,14.719999999999999,105.2,41.999999999999986,42,64,572,8,0.11228070175438597,0.17807909604519773,0.29307641986321736,0,0,0,0,0,0,0,0,560.0,0.8220000000000001,0.26285714285714284,14.720000000000002,6.614428672732565,26.3,3,WR,"https://static.www.nfl.com/image/upload/f_auto,q_auto/league/snvo6holyfdjmrlqxqxu",REG,0,0,0,0,0,0,0,,,0,,0,0,0,0,0,0,0,,0,0,0,0,0,0,0,788,140,32,42.37796969614686,0,27,10,7,1,0.7258883248730964,0,0,0,0,0,0,0,0.0,0.0,0,0,0,0,0,0,0,0,0,0,0,0,0,0,0,0,0,0,3,30,0,0,0,0,0,0,0,0,0,0,0,0,0,,,0,0,0,0,0,0,0,0,0,0,0,0,,,,0,0,0,0,0,0,0,,0,0,0,0,,0,0,,0,0,0,0,0,0,0,0,0,0,,,,,,,,,,,,,,,,,,,,,,,,,,,,,,,,,,,,,,,,,,,,,,,,,,,,,,,,,,,,,,,,,,,,,,,,,,,,,,,,,,,,,,,,,,,,,,,,,,,,,,,,,,,,,,,,,,,,,,,,,,,,,,,,,,,,,,,,,,,,,,,,,,,,00-0030564,HopkDe00,15795.0,DeAndre Hopkins,1992-06-06,73.0,210.0,Clemson,2013.0,1.0,27.0,HOU,2013,13,10.0,0.0,0.0,0.0,0.0,2021.0,DeAndre Hopkins,ARI,29.0,WR,10.0,10.0,64.0,42.0,572.0,8.0,32.0,432.0,10.3,140.0,3.3,12.3,0.0,,1.0,0.016,0.0,133.6,2023-08-21,,,,,,,,,,,,,,,,,,,,,,,,,,,,,,,,,,,,,,,,,,,,,,,,,,,,,,,,,,,,,,,,,,,,,,,,,,,,,10,13.3,5.1,8,5,1
2021,Allen Lazard,A.Lazard,00-0034521,GB,WR,WR,47.0,14,142.5,10.178571428571429,102.5,40.0,40,60,513,8,0.10526315789473684,0.14132809086937528,0.25682440045066796,3,32,0,0,0,0,0,0,716.0,0.7346666666666667,0.19902234636871508,10.178571428571429,7.665725774403338,24.5,2,WR,"https://static.www.nfl.com/image/upload/f_auto,q_auto/league/b05f33npu1zjtpozfgdk",REG,0,0,0,0,0,0,0,,,0,,0,0,0,0,0,0,2,2.7569728402304463,0,2,2,0,0,0,0,647,174,28,36.58736934207987,0,21,12,8,1,0.7928902627511591,0,2,0,0,0,0,0,0.0,0.0,0,0,0,0,0,0,0,0,0,0,0,0,0,0,0,0,0,0,2,21,0,0,0,0,0,0,0,0,0,0,0,0,0,,,0,0,0,0,0,0,0,0,0,0,0,0,,,,0,0,0,0,0,0,0,,0,0,0,0,,0,0,,0,0,0,0,0,0,0,0,0,0,A.Lazard,Allen Lazard,WR,WR,"https://static.www.nfl.com/image/upload/f_auto,q_auto/league/b05f33npu1zjtpozfgdk",2021.0,POST,GB,1.0,0.0,0.0,0.0,0.0,0.0,0.0,0.0,0.0,0.0,0.0,0.0,0.0,,,0.0,,0.0,0.0,0.0,0.0,0.0,0.0,0.0,0.0,0.0,0.0,,0.0,0.0,0.0,0.0,0.0,1.0,1.0,6.0,0.0,0.0,0.0,6.0,0.0,1.0,1.2577683535637334,0.0,0.0,0.0,0.0,0.0,1.0,0.037037037037037035,0.02727272727272727,0.07464646464646464,0.0,0.0,0.0,0.0,0.0,0.0,0.0,0.0,0.0,0.0,0.0,0.0,0.0,0.0,0.0,0.0,0.0,0.0,0.0,0.0,0.0,0.0,0.0,0.0,0.0,0.0,0.0,1.0,5.0,0.0,0.0,0.0,0.0,0.0,0.0,0.0,0.0,0.0,0.0,0.0,0.0,0.0,,,0.0,0.0,0.0,0.0,0.0,0.0,0.0,0.0,0.0,0.0,0.0,0.0,,,,0.0,0.0,0.0,0.0,0.0,0.0,0.0,,0.0,0.0,0.0,0.0,,0.0,0.0,,0.0,0.0,0.0,0.0,0.0,0.0,0.0,0.0,0.0,0.0,0.6000000000000001,1.6,00-0034521,LazaAl00,3128390.0,Allen Lazard,1995-12-11,77.0,227.0,Iowa State,,,,,2018,7,15.0,0.0,23.0,0.0,0.06466666666666666,2021.0,Allen Lazard,GB,26.0,WR,15.0,13.0,60.0,40.0,513.0,8.0,28.0,345.0,8.6,168.0,4.2,10.9,1.0,40.0,1.0,0.017,0.0,132.8,2023-08-21,2021.0,Allen Lazard,GB,26.0,WR,15.0,13.0,3.0,32.0,0.0,2.0,29.0,9.7,3.0,1.0,0.0,,2023-08-21,,,,,,,,,,,,,,,,,,,,,,,,,,,,,,,,,,,,,,,,,,,,,,,,,,,,,,,,,,,14,7.15,1.6,6,4,0
2021,Mecole Hardman,M.Hardman,00-0035140,KC,WR,WR,48.0,17,140.9,8.288235294117648,81.9,59.0,59,83,693,2,0.130298273155416,0.12326283987915408,0.2817313976485319,8,46,0,0,0,0,0,0,623.0,0.5158823529411765,0.22616372391653292,8.288235294117648,4.804539826161968,19.3,0,WR,"https://static.www.nfl.com/image/upload/f_auto,q_auto/league/mswmia17pkencx01nswj",REG,0,0,0,0,0,0,0,,,0,,0,0,0,0,1,1,2,-1.5545336874201894,0,2,1,1,0,1,1,612,502,33,17.99454054358648,0,21,10,8,4,1.1323529411764706,0,2,0,0,0,0,0,0.0,0.0,0,0,0,0,0,1,0,0,0,0,0,0,0,1,0,0,0,0,0,0,2,1,0,3,2,13,157,2,35,0,0,0,0,,,0,0,0,0,0,0,0,0,0,0,0,0,,,,0,0,0,0,0,0,0,,0,0,0,0,,0,0,,0,0,0,0,0,0,0,0,0,0,M.Hardman,Mecole Hardman,WR,WR,"https://static.www.nfl.com/image/upload/f_auto,q_auto/league/mswmia17pkencx01nswj",2021.0,POST,KC,3.0,0.0,0.0,0.0,0.0,0.0,0.0,0.0,0.0,0.0,0.0,0.0,0.0,,,0.0,,0.0,0.0,0.0,0.0,6.0,55.0,1.0,1.0,0.0,2.0,-4.016824900871143,0.0,1.0,1.0,1.0,0.0,8.0,9.0,121.0,1.0,0.0,0.0,46.0,79.0,5.0,7.553155654255534,0.0,3.0,3.0,3.0,2.0,2.630434782608696,0.07692307692307693,0.06609195402298851,0.16164898320070734,0.0,0.0,0.0,0.0,0.0,0.0,0.0,0.0,0.0,0.0,0.0,0.0,0.0,0.0,0.0,0.0,0.0,0.0,0.0,0.0,0.0,0.0,0.0,-2.0,0.0,0.0,0.0,0.0,0.0,0.0,1.0,0.0,1.0,0.0,3.0,70.0,0.0,0.0,0.0,0.0,0.0,0.0,,,0.0,0.0,0.0,0.0,0.0,0.0,0.0,0.0,0.0,0.0,0.0,0.0,,,,0.0,0.0,0.0,0.0,0.0,0.0,0.0,,0.0,0.0,0.0,0.0,,0.0,0.0,,0.0,0.0,0.0,0.0,0.0,0.0,0.0,0.0,0.0,0.0,29.6,37.6,00-0035140,HardMe00,4035004.0,Mecole Hardman,1998-03-12,70.0,187.0,Georgia,2019.0,2.0,56.0,KC,2019,7,17.0,0.0,42.0,0.0,0.10058823529411766,2021.0,Mecole Hardman,KC,23.0,WR,17.0,8.0,83.0,59.0,693.0,2.0,33.0,191.0,3.2,502.0,8.5,7.4,7.0,8.4,2.0,0.024,1.0,99.1,2023-08-21,2021.0,Mecole Hardman,KC,23.0,WR,17.0,8.0,8.0,46.0,0.0,2.0,39.0,4.9,7.0,0.9,0.0,,2023-08-21,,,,,,,,,,,,,,,,,,,,,,,,,,,,,,,,,,,,,2021.0,Regular,Season Total,KC,M. Hardman Jr.,,92.7,0.2,1.0,0.3,0.0,0.3,0.0,0.0,91.9,0.0,Mecole,Hardman Jr.,Mecole Hardman Jr.,https://a.espncdn.com/i/headshots/nfl/players/full/4035004.png,Chiefs,False,17,6.300000000000001,2.2,6,2,0
2021,Robbie Chosen,R.Anderson,00-0032688,CAR,WR,WR,49.0,17,138.5,8.147058823529411,85.5,53.0,53,110,519,5,0.19130434782608696,0.2617160968983473,0.47015778956797355,3,36,0,0,0,0,0,0,978.0,0.8564705882352941,0.1416155419222904,8.147058823529411,6.012499235660951,21.4,1,WR,"https://static.www.nfl.com/image/upload/f_auto,q_auto/league/kz2hbymqgrobo1uynciv",REG,0,0,0,0,0,0,0,,,0,,0,0,0,0,0,0,1,2.224925854592584,0,1,1,1,0,0,0,1156,158,27,-28.594330022858593,0,21,10,3,1,0.44896193771626297,0,1,0,0,0,0,0,0.0,0.0,0,0,0,0,0,0,0,0,0,0,0,0,0,0,0,0,0,0,0,0,0,0,0,0,0,0,0,0,0,0,0,0,0,,,0,0,0,0,0,0,0,0,0,0,0,0,,,,0,0,0,0,0,0,0,,0,0,0,0,,0,0,,0,0,0,0,0,0,0,0,0,0,,,,,,,,,,,,,,,,,,,,,,,,,,,,,,,,,,,,,,,,,,,,,,,,,,,,,,,,,,,,,,,,,,,,,,,,,,,,,,,,,,,,,,,,,,,,,,,,,,,,,,,,,,,,,,,,,,,,,,,,,,,,,,,,,,,,,,,,,,,,,,,,,,,,00-0032688,AndeRo04,2574808.0,Robbie Chosen,1993-05-09,75.0,185.0,Temple,,,,,2016,9,17.0,0.0,3.0,0.0,0.007058823529411764,2021.0,Chosen Anderson,CAR,28.0,WR,17.0,16.0,110.0,53.0,519.0,5.0,27.0,361.0,6.8,158.0,3.0,10.5,2.0,26.5,7.0,0.064,7.0,50.5,2023-08-21,2021.0,Chosen Anderson,CAR,28.0,WR,17.0,16.0,3.0,36.0,0.0,1.0,2.0,0.7,34.0,11.3,0.0,,2023-08-21,,,,,,,,,,,,,,,,,,,,,,,,,,,,,,,,,,,,,,,,,,,,,,,,,,,,,,,,,,,17,8.0,0.0,6,2,0
2021,Elijah Moore,E.Moore,00-0036980,NYJ,WR,WR,50.0,11,138.2,12.563636363636363,95.2,42.999999999999986,43,77,538,5,0.13253012048192772,0.20671418716946424,0.3434951117415166,5,54,1,0,0,0,0,0,476.0,0.6509090909090909,0.2903361344537815,12.563636363636363,9.797476484000637,29.6,3,WR,"https://static.www.nfl.com/image/upload/f_auto,q_auto/league/wax90oyx9vs0x9j4nt5n",REG,0,0,0,0,0,0,0,,,0,,0,0,0,0,0,0,3,5.487859735818347,0,2,2,0,0,0,0,899,207,24,-1.2907747868831332,0,23,13,9,1,0.5984427141268076,0,5,0,0,0,0,0,0.0,0.0,0,0,0,0,0,0,0,0,0,0,0,0,0,0,0,0,0,0,3,20,0,0,0,0,0,0,0,0,0,0,0,0,0,,,0,0,0,0,0,0,0,0,0,0,0,0,,,,0,0,0,0,0,0,0,,0,0,0,0,,0,0,,0,0,0,0,0,0,0,0,0,0,,,,,,,,,,,,,,,,,,,,,,,,,,,,,,,,,,,,,,,,,,,,,,,,,,,,,,,,,,,,,,,,,,,,,,,,,,,,,,,,,,,,,,,,,,,,,,,,,,,,,,,,,,,,,,,,,,,,,,,,,,,,,,,,,,,,,,,,,,,,,,,,,,,,00-0036980,MoorEl00,4372414.0,Elijah Moore,2000-03-27,70.0,178.0,Mississippi,2021.0,2.0,34.0,NYJ,2021,6,11.0,0.0,2.0,0.0,0.007272727272727273,2021.0,Elijah Moore,NYJ,21.0,WR,11.0,6.0,77.0,43.0,538.0,5.0,24.0,331.0,7.7,207.0,4.8,11.7,2.0,21.5,1.0,0.013000000000000001,4.0,77.7,2023-08-21,2021.0,Elijah Moore,NYJ,21.0,WR,11.0,6.0,5.0,54.0,1.0,3.0,44.0,8.8,10.0,2.0,1.0,5.0,2023-08-21,,,,,,,,,,,,,,,,,,,,,,,,,,,,,,,,,,,,,,,,,,,,,,,,,,,,,,,,,,,11,10.2,0.0,6,3,2
2021,Robert Woods,R.Woods,00-0030431,LA,WR,WR,51.0,9,137.2,15.244444444444444,92.2,44.999999999999986,45,69,556,4,0.11461794019933555,0.10966108297623685,0.2486896683823691,8,46,1,0,0,0,0,0,543.0,0.9222222222222223,0.2526703499079189,15.244444444444444,5.915680669016692,27.0,2,WR,"https://static.www.nfl.com/image/upload/f_auto,q_auto/league/ydjg5fylwkf5aaxiul6v",REG,0,0,0,0,0,0,0,,,0,,0,0,0,0,0,0,1,1.9396912073134445,0,1,1,0,0,0,0,563,198,34,30.61831766193761,1,25,17,8,0,0.9875666074600356,0,1,0,0,0,0,0,0.0,0.0,0,0,0,0,0,0,0,0,0,0,0,0,0,0,0,0,0,0,0,0,0,0,0,0,0,0,0,0,0,0,0,0,0,,,0,0,0,0,0,0,0,0,0,0,0,0,,,,0,0,0,0,0,0,0,,0,0,0,0,,0,0,,0,0,0,0,0,0,0,0,0,0,,,,,,,,,,,,,,,,,,,,,,,,,,,,,,,,,,,,,,,,,,,,,,,,,,,,,,,,,,,,,,,,,,,,,,,,,,,,,,,,,,,,,,,,,,,,,,,,,,,,,,,,,,,,,,,,,,,,,,,,,,,,,,,,,,,,,,,,,,,,,,,,,,,,00-0030431,WoodRo02,15880.0,Robert Woods,1992-04-10,72.0,193.0,USC,2013.0,2.0,41.0,BUF,2013,12,9.0,0.0,5.0,0.0,0.018888888888888886,2021.0,Robert Woods,LA,29.0,WR,9.0,9.0,69.0,45.0,556.0,4.0,34.0,358.0,8.0,198.0,4.4,8.2,0.0,,3.0,0.043,1.0,103.3,2023-08-21,2021.0,Robert Woods,LA,29.0,WR,9.0,9.0,8.0,46.0,1.0,1.0,31.0,3.9,15.0,1.9,0.0,,2023-08-21,,,,,,,,,,,,,,,,,,,,,,,,,,,,,,,,,,,,,,,,,,,,,,,,,,,,,,,,,,,9,14.8,6.800000000000001,8,4,1
2021,Jarvis Landry,J.Landry,00-0031382,CLE,WR,WR,52.0,12,133.0,11.083333333333334,81.0,52.0,52,87,570,2,0.1743486973947896,0.16216216216216217,0.3750365596056979,6,40,2,0,0,0,0,0,533.0,0.7025,0.24953095684803,11.083333333333334,5.635251600954532,19.5,0,WR,"https://static.www.nfl.com/image/private/f_auto,q_auto/league/w2q9uwsjvgadwyvnvopb",REG,1,-1,1,1,0,0,0,-4.688111118914094,,0,,0,0,0,0,1,0,4,5.013085333448405,0,1,1,0,0,1,1,696,273,29,-13.1820960384178,0,23,10,7,0,0.8189655172413793,0,1,0,0,0,0,0,0.0,0.0,0,0,0,0,0,0,0,0,0,0,0,0,0,0,-6,0,0,0,1,5,2,1,0,3,2,0,0,0,0,0,0,0,0,,,0,0,0,0,0,0,0,0,0,0,0,0,,,,0,0,0,0,0,0,0,,0,0,0,0,,0,0,,0,0,0,0,0,0,0,0,0,0,,,,,,,,,,,,,,,,,,,,,,,,,,,,,,,,,,,,,,,,,,,,,,,,,,,,,,,,,,,,,,,,,,,,,,,,,,,,,,,,,,,,,,,,,,,,,,,,,,,,,,,,,,,,,,,,,,,,,,,,,,,,,,,,,,,,,,,,,,,,,,,,,,,,00-0031382,LandJa00,16790.0,Jarvis Landry,1992-11-28,71.0,202.0,LSU,2014.0,2.0,63.0,MIA,2014,9,12.0,0.0,0.0,0.0,0.0,2021.0,Jarvis Landry,CLE,29.0,WR,12.0,12.0,87.0,52.0,570.0,2.0,30.0,297.0,5.7,273.0,5.3,7.9,3.0,17.3,2.0,0.023,5.0,62.9,2023-08-21,2021.0,Jarvis Landry,CLE,29.0,WR,12.0,12.0,6.0,40.0,2.0,4.0,29.0,4.8,11.0,1.8,1.0,6.0,2023-08-21,,,,,,,,,,,,,,,,,,,,,,,,,,,,,,,,,,,,,2021.0,Regular,Season Total,CLE,J. Landry,,98.1,0.6,2.0,0.8,-1.0,1.8,0.0,0.0,98.5,-0.2,Jarvis,Landry,Jarvis Landry,https://a.espncdn.com/i/headshots/nfl/players/full/16790.png,Browns,False,12,9.75,1.9,6,4,0
2021,Kalif Raymond,K.Raymond,00-0032464,DET,WR,WR,53.0,16,132.4,8.275,84.4,48.0,48,71,576,4,0.1256637168141593,0.19164684113137723,0.32264836401320296,4,28,0,0,0,0,0,0,742.0,0.716875,0.1784366576819407,8.275,6.901255924346911,21.4,1,WR,"https://static.www.nfl.com/image/upload/f_auto,q_auto/league/dpdv6dm0almcbjdppizx",REG,0,0,0,0,0,0,0,,,0,,0,0,0,0,0,0,2,1.4138049385510385,0,1,1,0,0,0,0,725,262,28,17.047283275853175,0,22,13,8,1,0.7944827586206896,0,0,0,0,0,0,0,0.0,0.0,0,0,0,0,0,0,0,0,0,0,0,0,0,0,0,0,0,0,0,0,0,0,0,0,0,21,236,0,0,0,0,0,0,,,0,0,0,0,0,0,0,0,0,0,0,0,,,,0,0,0,0,0,0,0,,0,0,0,0,,0,0,,0,0,0,0,0,0,0,0,0,0,,,,,,,,,,,,,,,,,,,,,,,,,,,,,,,,,,,,,,,,,,,,,,,,,,,,,,,,,,,,,,,,,,,,,,,,,,,,,,,,,,,,,,,,,,,,,,,,,,,,,,,,,,,,,,,,,,,,,,,,,,,,,,,,,,,,,,,,,,,,,,,,,,,,00-0032464,RaymKa00,2973405.0,Kalif Raymond,1994-08-08,69.0,160.0,Holy Cross,,,,,2016,10,16.0,0.0,47.0,0.0,0.11875000000000001,2021.0,Kalif Raymond,DET,27.0,WR,16.0,14.0,71.0,48.0,576.0,4.0,28.0,314.0,6.5,262.0,5.5,10.2,3.0,16.0,3.0,0.042,1.0,105.1,2023-08-21,2021.0,Kalif Raymond,DET,27.0,WR,16.0,14.0,4.0,28.0,0.0,2.0,21.0,5.3,7.0,1.8,0.0,,2023-08-21,,,,,,,,,,,,,,,,,,,,,,,,,,,,,,,,,,,,,,,,,,,,,,,,,,,,,,,,,,,16,6.1000000000000005,0.0,5,3,0
2021,Emmanuel Sanders,E.Sanders,00-0027685,BUF,WR,WR,54.0,14,131.7,9.407142857142857,89.7,41.999999999999986,42,72,626,4,0.11556982343499198,0.20112044817927172,0.31413904887797817,2,31,0,0,0,0,0,0,747.0,0.7692857142857142,0.17630522088353412,9.407142857142857,7.106060716114019,26.4,2,WR,"https://static.www.nfl.com/image/private/f_auto,q_auto/league/potkibjtm855tsawozs0",REG,0,0,0,0,0,0,0,,,0,,0,0,0,0,0,0,2,2.025341064610984,0,1,1,1,0,0,0,1077,85,31,24.830480036758914,0,27,18,10,1,0.5812441968430826,0,1,0,0,0,0,0,0.0,0.0,0,0,0,0,0,0,0,0,0,0,0,0,0,1,0,0,0,0,5,35,0,0,0,0,0,0,0,0,0,0,0,0,0,,,0,0,0,0,0,0,0,0,0,0,0,0,,,,0,0,0,0,0,0,0,,0,0,0,0,,0,0,,0,0,0,0,0,0,0,0,0,0,E.Sanders,Emmanuel Sanders,WR,WR,"https://static.www.nfl.com/image/private/f_auto,q_auto/league/potkibjtm855tsawozs0",2021.0,POST,BUF,2.0,0.0,0.0,0.0,0.0,0.0,0.0,0.0,0.0,0.0,0.0,0.0,0.0,,,0.0,,0.0,0.0,0.0,0.0,0.0,0.0,0.0,0.0,0.0,0.0,,0.0,0.0,0.0,0.0,0.0,3.0,4.0,52.0,1.0,0.0,0.0,61.0,0.0,2.0,3.7320113857276738,0.0,2.0,2.0,1.0,0.0,0.8524590163934426,0.06451612903225806,0.11553030303030302,0.1776454056695992,0.0,0.0,0.0,0.0,0.0,0.0,0.0,0.0,0.0,0.0,0.0,0.0,0.0,0.0,0.0,0.0,0.0,0.0,0.0,0.0,0.0,0.0,0.0,0.0,0.0,0.0,0.0,0.0,0.0,0.0,0.0,0.0,0.0,0.0,0.0,0.0,0.0,0.0,0.0,0.0,0.0,0.0,,,0.0,0.0,0.0,0.0,0.0,0.0,0.0,0.0,0.0,0.0,0.0,0.0,,,,0.0,0.0,0.0,0.0,0.0,0.0,0.0,,0.0,0.0,0.0,0.0,,0.0,0.0,,0.0,0.0,0.0,0.0,0.0,0.0,0.0,0.0,0.0,0.0,11.2,14.2,00-0027685,SandEm00,13295.0,Emmanuel Sanders,1987-03-17,71.0,180.0,SMU,2010.0,3.0,82.0,PIT,2010,12,14.0,0.0,0.0,0.0,0.0,2021.0,Emmanuel Sanders,BUF,34.0,WR,14.0,13.0,72.0,42.0,626.0,4.0,31.0,541.0,12.9,85.0,2.0,15.0,0.0,,3.0,0.042,1.0,99.7,2023-08-21,2021.0,Emmanuel Sanders,BUF,34.0,WR,14.0,13.0,2.0,31.0,0.0,2.0,27.0,13.5,4.0,2.0,0.0,,2023-08-21,,,,,,,,,,,,,,,,,,,,,,,,,,,,,,,,,,,,,,,,,,,,,,,,,,,,,,,,,,,14,6.950000000000001,0.0,5,2,1
2021,Odell Beckham Jr.,O.Beckham,00-0031235,LA,WR,WR,55.0,14,129.1,9.221428571428572,85.1,44.0,44,82,537,5,0.16432865731462926,0.25442684063373716,0.4245917744155599,2,14,0,0,0,0,0,0,666.0,0.7178571428571429,0.19384384384384384,9.221428571428572,6.431195435164035,19.7,0,WR,"https://static.www.nfl.com/image/upload/f_auto,q_auto/league/ffmalg3wr7lwnsz59i7v",REG,0,0,0,0,0,0,0,,,0,,0,0,0,0,0,0,1,0.46597651159390807,0,1,0,0,0,0,0,1092,151,27,8.331478546044837,0,19,14,7,2,0.49175824175824173,0,2,0,0,0,0,0,0.0,0.0,0,0,0,0,0,0,0,0,0,0,0,0,0,0,0,0,0,0,0,0,0,0,0,0,0,0,0,0,0,0,0,0,0,,,0,0,0,0,0,0,0,0,0,0,0,0,,,,0,0,0,0,0,0,0,,0,0,0,0,,0,0,,0,0,0,0,0,0,0,0,0,0,O.Beckham,Odell Beckham Jr.,WR,WR,"https://static.www.nfl.com/image/upload/f_auto,q_auto/league/ffmalg3wr7lwnsz59i7v",2021.0,POST,LA,4.0,1.0,1.0,40.0,0.0,0.0,0.0,0.0,0.0,0.0,26.0,14.0,1.0,2.278346930164844,63.504037261009216,0.0,1.5384615384615385,1.0,1.0,1.0,1.0,0.0,0.0,0.0,0.0,0.0,0.0,,0.0,0.0,0.0,0.0,0.0,21.0,26.0,288.0,2.0,0.0,0.0,266.0,81.0,15.0,25.341821330852465,0.0,12.0,8.0,5.0,0.0,1.0827067669172932,0.19117647058823528,0.21573398215733983,0.43777849339249075,0.0,0.0,0.0,0.0,0.0,0.0,0.0,0.0,0.0,0.0,0.0,0.0,0.0,0.0,0.0,0.0,0.0,0.0,0.0,0.0,0.0,0.0,0.0,0.0,0.0,0.0,0.0,0.0,0.0,0.0,0.0,0.0,0.0,0.0,0.0,0.0,0.0,0.0,0.0,0.0,0.0,0.0,,,0.0,0.0,0.0,0.0,0.0,0.0,0.0,0.0,0.0,0.0,0.0,0.0,,,,0.0,0.0,0.0,0.0,0.0,0.0,0.0,,0.0,0.0,0.0,0.0,,0.0,0.0,,0.0,0.0,0.0,0.0,0.0,0.0,0.0,0.0,0.0,0.0,42.400000000000006,63.400000000000006,00-0031235,BeckOd00,16733.0,Odell Beckham Jr.,1992-11-05,71.0,198.0,LSU,2014.0,1.0,12.0,NYG,2014,11,14.0,0.0,0.0,0.0,0.0,2021.0,Odell Beckham,2TM,29.0,WR,14.0,13.0,82.0,44.0,537.0,5.0,27.0,386.0,8.8,151.0,3.4,13.3,1.0,44.0,2.0,0.024,3.0,79.2,2023-08-21,2021.0,Odell Beckham,2TM,29.0,WR,14.0,13.0,2.0,14.0,0.0,1.0,12.0,6.0,2.0,1.0,0.0,,2023-08-21,,,,,,,,,,,,,,,,,,,,,,,,,,,,,,,,,,,,,,,,,,,,,,,,,,,,,,,,,,,14,7.95,1.6,7,2,0
2021,Byron Pringle,B.Pringle,00-0034297,KC,WR,WR,56.0,16,128.8,8.05,86.80000000000001,42.0,42,60,568,5,0.09419152276295134,0.12910372608257806,0.23165989240223164,0,0,0,0,0,0,0,0,586.0,0.49,0.21979522184300343,8.05,6.311259779156615,25.5,1,WR,"https://static.www.nfl.com/image/upload/f_auto,q_auto/league/qo8a5r4rspevt1rlq8r0",REG,0,0,0,0,0,0,0,,,0,,0,0,0,0,0,0,0,,0,0,0,0,0,0,0,641,187,32,36.73909083536926,0,23,15,11,1,0.8861154446177847,0,1,0,0,0,0,0,0.0,0.0,0,0,0,0,0,0,0,0,0,0,0,0,0,0,0,1,0,0,3,20,2,0,0,2,1,0,0,25,621,0,0,0,0,,,0,0,0,0,0,0,0,0,0,0,0,0,,,,0,0,0,0,0,0,0,,0,0,0,0,,0,0,,0,0,0,0,0,0,0,0,0,0,B.Pringle,Byron Pringle,WR,WR,"https://static.www.nfl.com/image/upload/f_auto,q_auto/league/qo8a5r4rspevt1rlq8r0",2021.0,POST,KC,3.0,0.0,0.0,0.0,0.0,0.0,0.0,0.0,0.0,0.0,0.0,0.0,0.0,,,0.0,,0.0,0.0,0.0,0.0,0.0,0.0,0.0,0.0,0.0,0.0,,0.0,0.0,0.0,0.0,0.0,12.0,17.0,82.0,3.0,0.0,0.0,109.0,30.0,7.0,3.5014665740018245,0.0,4.0,0.0,0.0,0.0,0.7522935779816514,0.1452991452991453,0.15660919540229884,0.3275751547303271,0.0,0.0,0.0,0.0,0.0,0.0,0.0,0.0,0.0,0.0,0.0,0.0,0.0,0.0,0.0,0.0,0.0,0.0,0.0,0.0,0.0,0.0,0.0,0.0,0.0,0.0,0.0,0.0,0.0,0.0,0.0,0.0,0.0,0.0,0.0,0.0,5.0,114.0,0.0,0.0,0.0,0.0,,,0.0,0.0,0.0,0.0,0.0,0.0,0.0,0.0,0.0,0.0,0.0,0.0,,,,0.0,0.0,0.0,0.0,0.0,0.0,0.0,,0.0,0.0,0.0,0.0,,0.0,0.0,,0.0,0.0,0.0,0.0,0.0,0.0,0.0,0.0,0.0,0.0,26.200000000000003,38.2,00-0034297,PrinBy00,4036416.0,Byron Pringle,1993-11-17,73.0,203.0,Kansas State,,,,,2018,6,17.0,0.0,134.0,0.0,0.3164705882352941,2021.0,Byron Pringle,KC,28.0,WR,17.0,5.0,60.0,42.0,568.0,5.0,32.0,381.0,9.1,187.0,4.5,10.7,4.0,10.5,4.0,0.067,0.0,127.6,2023-08-21,,,,,,,,,,,,,,,,,,,,,,,,,,,,,,,,,,,,,,,,,,,,,,,,,,,,,,,,,,,,,,,,,,,,,,,,,,,,,16,5.85,1.6,5,1,1
2021,Laviska Shenault Jr.,L.Shenault,00-0036268,JAX,WR,WR,57.0,16,127.0,7.9375,64.0,63.0,63,100,619,0,0.17152658662092624,0.11542497376705142,0.33808736156832536,11,41,0,0,0,0,0,0,697.0,0.6825,0.18220946915351507,7.9375,3.8565744731129805,17.0,0,WR,"https://static.www.nfl.com/image/upload/f_auto,q_auto/league/o3cfpcor86ghjwyn8icp",REG,0,0,0,0,0,0,0,,,0,,0,0,0,0,0,0,2,-1.2590741465101019,0,2,0,0,0,1,1,550,393,30,3.5336986072479544,0,27,8,5,2,1.1254545454545455,0,2,0,0,0,0,0,0.0,0.0,0,0,0,0,0,0,0,0,0,0,0,0,0,1,0,0,0,0,3,30,1,0,0,1,1,0,0,0,0,0,0,0,0,,,0,0,0,0,0,0,0,0,0,0,0,0,,,,0,0,0,0,0,0,0,,0,0,0,0,,0,0,,0,0,0,0,0,0,0,0,0,0,,,,,,,,,,,,,,,,,,,,,,,,,,,,,,,,,,,,,,,,,,,,,,,,,,,,,,,,,,,,,,,,,,,,,,,,,,,,,,,,,,,,,,,,,,,,,,,,,,,,,,,,,,,,,,,,,,,,,,,,,,,,,,,,,,,,,,,,,,,,,,,,,,,,00-0036268,ShenLa00,4243160.0,Laviska Shenault Jr.,1998-10-05,73.0,224.0,Colorado,2020.0,2.0,42.0,JAX,2020,5,16.0,0.0,1.0,0.0,0.003125,2021.0,Laviska Shenault,JAX,23.0,WR,16.0,10.0,100.0,63.0,619.0,0.0,30.0,230.0,3.7,389.0,6.2,5.5,10.0,6.3,8.0,0.08,2.0,72.0,2023-08-21,2021.0,Laviska Shenault,JAX,23.0,WR,16.0,10.0,11.0,41.0,0.0,2.0,24.0,2.2,17.0,1.5,1.0,11.0,2023-08-21,,,,,,,,,,,,,,,,,,,,,,,,,,,,,,,,,,,,,,,,,,,,,,,,,,,,,,,,,,,16,7.7,1.7,4,1,0
2021,Gabe Davis,G.Davis,00-0036196,BUF,WR,WR,58.0,15,125.9,8.393333333333334,90.9,35.0,35,63,549,6,0.10112359550561797,0.15798319327731092,0.2622736285525446,0,0,0,0,0,0,0,0,571.0,0.495625,0.2204903677758319,8.393333333333334,6.775846459158829,25.5,1,WR,"https://static.www.nfl.com/image/upload/f_auto,q_auto/league/rlmgjtfct5qjtbwcjqg6",REG,0,0,0,0,0,0,0,,,0,,0,0,0,0,0,0,0,,0,0,0,0,0,0,0,846,132,29,20.69838585724808,0,25,15,13,1,0.648936170212766,0,1,0,0,0,0,0,0.0,0.0,0,0,0,0,0,0,0,0,0,0,0,0,0,0,0,0,0,0,1,5,0,0,0,0,0,0,0,0,0,0,0,0,0,,,0,0,0,0,0,0,0,0,0,0,0,0,,,,0,0,0,0,0,0,0,,0,0,0,0,,0,0,,0,0,0,0,0,0,0,0,0,0,G.Davis,Gabe Davis,WR,WR,"https://static.www.nfl.com/image/upload/f_auto,q_auto/league/rlmgjtfct5qjtbwcjqg6",2021.0,POST,BUF,2.0,0.0,0.0,0.0,0.0,0.0,0.0,0.0,0.0,0.0,0.0,0.0,0.0,,,0.0,,0.0,0.0,0.0,0.0,0.0,0.0,0.0,0.0,0.0,0.0,,0.0,0.0,0.0,0.0,0.0,10.0,13.0,242.0,5.0,0.0,0.0,241.0,42.0,10.0,23.275558439607266,0.0,9.0,8.0,4.0,1.0,1.004149377593361,0.20967741935483872,0.4564393939393939,0.6340237047898338,0.0,0.0,0.0,0.0,0.0,0.0,0.0,0.0,0.0,0.0,0.0,0.0,0.0,0.0,0.0,0.0,0.0,0.0,0.0,0.0,0.0,0.0,0.0,0.0,0.0,0.0,0.0,0.0,0.0,0.0,0.0,0.0,0.0,0.0,0.0,0.0,0.0,0.0,0.0,0.0,0.0,0.0,,,0.0,0.0,0.0,0.0,0.0,0.0,0.0,0.0,0.0,0.0,0.0,0.0,,,,0.0,0.0,0.0,0.0,0.0,0.0,0.0,,0.0,0.0,0.0,0.0,,0.0,0.0,,0.0,0.0,0.0,0.0,0.0,0.0,0.0,0.0,0.0,0.0,54.2,64.2,00-0036196,DaviGa01,4243537.0,Gabe Davis,1999-03-01,74.0,225.0,UCF,2020.0,4.0,128.0,BUF,2020,6,16.0,0.0,33.0,0.0,0.08687500000000001,2021.0,Gabriel Davis,BUF,22.0,WR,16.0,4.0,63.0,35.0,549.0,6.0,29.0,409.0,11.7,140.0,4.0,13.3,1.0,35.0,5.0,0.079,2.0,103.2,2023-08-21,,,,,,,,,,,,,,,,,,,,,,,,,,,,,,,,,,,,,,,,,,,,,,,,,,,,,,,,,,,,,,,,,,,,,,,,,,,,,15,6.9,0.0,6,2,1
2021,Antonio Brown,A.Brown,00-0027793,TB,WR,WR,59.0,7,121.1,17.3,79.1,42.0,42,62,545,4,0.08659217877094973,0.12453342382083475,0.21706166483100892,1,6,0,0,0,0,0,0,268.0,0.5428571428571428,0.45186567164179103,17.3,10.509202316700033,31.4,4,WR,"https://static.www.nfl.com/image/private/f_auto,q_auto/league/ecxsx9t7bfg42bgfwj3v",REG,0,0,0,0,0,0,0,,,0,,0,0,0,0,0,0,0,0.308483928674832,0,0,0,0,0,0,0,734,190,29,33.95373083089263,0,22,13,10,2,0.7425068119891008,0,0,0,0,0,0,0,0.0,0.0,0,0,0,0,0,0,0,0,0,0,0,0,0,0,0,0,0,0,2,15,0,0,0,0,0,0,0,0,0,0,0,0,0,,,0,0,0,0,0,0,0,0,0,0,0,0,,,,0,0,0,0,0,0,0,,0,0,0,0,,0,0,,0,0,0,0,0,0,0,0,0,0,,,,,,,,,,,,,,,,,,,,,,,,,,,,,,,,,,,,,,,,,,,,,,,,,,,,,,,,,,,,,,,,,,,,,,,,,,,,,,,,,,,,,,,,,,,,,,,,,,,,,,,,,,,,,,,,,,,,,,,,,,,,,,,,,,,,,,,,,,,,,,,,,,,,00-0027793,BrowAn04,13934.0,Antonio Brown,1988-07-10,70.0,185.0,Central Michigan,2010.0,6.0,195.0,PIT,2010,11,7.0,0.0,1.0,0.0,0.004285714285714286,2021.0,Antonio Brown,TB,33.0,WR,7.0,3.0,62.0,42.0,545.0,4.0,29.0,355.0,8.5,190.0,4.5,11.8,2.0,21.0,2.0,0.032,1.0,109.9,2023-08-21,2021.0,Antonio Brown,TB,33.0,WR,7.0,3.0,1.0,6.0,0.0,0.0,5.0,5.0,1.0,1.0,0.0,,2023-08-21,,,,,,,,,,,,,,,,,,,,,,,,,,,,,,,,,,,,,,,,,,,,,,,,,,,,,,,,,,,7,20.1,2.7,5,4,1
2021,Braxton Berrios,B.Berrios,00-0034419,NYJ,WR,WR,59.0,16,121.1,7.56875,75.1,46.0,46,65,431,2,0.11187607573149742,0.07633938836514141,0.22125168545284513,7,40,2,0,0,0,0,0,390.0,0.384375,0.3105128205128205,7.56875,6.876212014377296,25.7,1,WR,"https://static.www.nfl.com/image/upload/f_auto,q_auto/league/striwxmn9t0ixherw7l8",REG,0,0,0,0,0,0,0,,,0,,0,0,0,0,0,0,3,5.014443893858697,0,1,0,0,0,1,1,332,264,21,7.82737549621379,0,16,6,5,1,1.2981927710843373,1,0,0,0,0,0,0,0.0,0.0,0,0,0,0,0,0,0,0,0,0,0,0,0,0,0,0,0,0,1,10,1,0,0,1,1,15,201,28,852,0,0,0,0,,,0,0,0,0,0,0,0,0,0,0,0,0,,,,0,0,0,0,0,0,0,,0,0,0,0,,0,0,,0,0,0,0,0,0,0,0,0,0,,,,,,,,,,,,,,,,,,,,,,,,,,,,,,,,,,,,,,,,,,,,,,,,,,,,,,,,,,,,,,,,,,,,,,,,,,,,,,,,,,,,,,,,,,,,,,,,,,,,,,,,,,,,,,,,,,,,,,,,,,,,,,,,,,,,,,,,,,,,,,,,,,,,00-0034419,BerrBr00,3123075.0,Braxton Berrios,1995-10-06,69.0,190.0,Miami,2018.0,6.0,210.0,NE,2018,9,16.0,0.0,158.0,0.0,0.3625,2021.0,Braxton Berrios,NYJ,26.0,WR,16.0,1.0,65.0,46.0,431.0,2.0,21.0,189.0,4.1,242.0,5.3,5.1,1.0,46.0,0.0,0.0,1.0,92.5,2023-08-21,2021.0,Braxton Berrios,NYJ,26.0,WR,16.0,1.0,7.0,40.0,2.0,3.0,28.0,4.0,12.0,1.7,0.0,,2023-08-21,,,,,,,,,,,,,,,,,,,,,,,,,,,,,,,,,,,,,,,,,,,,,,,,,,,,,,,,,,,16,5.800000000000001,0.0,6,2,1
2021,Quez Watkins,Q.Watkins,00-0036271,PHI,WR,WR,61.0,17,116.0,6.823529411764706,73.0,43.0,43,62,647,1,0.13247863247863248,0.17635933806146573,0.32216948536097473,1,3,0,0,0,0,0,0,771.0,0.6923529411764706,0.1504539559014267,6.823529411764706,4.478773466553748,19.4,0,WR,"https://static.www.nfl.com/image/upload/f_auto,q_auto/league/w3szyykihsngaeq3906b",REG,0,0,0,0,0,0,0,,,0,,0,0,0,0,0,0,0,-0.16650627565104514,0,0,0,0,0,0,0,746,253,25,30.81724546715188,1,24,16,12,3,0.8672922252010724,0,1,0,2,0,0,0,0.0,0.0,0,0,0,0,0,0,0,0,0,0,0,0,0,0,0,0,0,0,1,10,0,0,0,0,0,0,0,8,138,0,0,0,0,,,0,0,0,0,0,0,0,0,0,0,0,0,,,,0,0,0,0,0,0,0,,0,0,0,0,,0,0,,0,0,0,0,0,0,0,0,0,0,Q.Watkins,Quez Watkins,WR,WR,"https://static.www.nfl.com/image/upload/f_auto,q_auto/league/w3szyykihsngaeq3906b",2021.0,POST,PHI,1.0,0.0,0.0,0.0,0.0,0.0,0.0,0.0,0.0,0.0,0.0,0.0,0.0,,,0.0,,0.0,0.0,0.0,0.0,0.0,0.0,0.0,0.0,0.0,0.0,,0.0,0.0,0.0,0.0,0.0,2.0,7.0,35.0,0.0,0.0,0.0,195.0,4.0,1.0,-1.160661559610162,0.0,1.0,1.0,1.0,0.0,0.1794871794871795,0.16279069767441862,0.41935483870967744,0.5377344336084021,0.0,0.0,0.0,0.0,0.0,0.0,0.0,0.0,0.0,0.0,0.0,0.0,0.0,0.0,0.0,0.0,0.0,0.0,0.0,0.0,0.0,0.0,0.0,0.0,0.0,0.0,0.0,1.0,10.0,0.0,0.0,0.0,0.0,0.0,0.0,0.0,0.0,0.0,0.0,0.0,0.0,0.0,,,0.0,0.0,0.0,0.0,0.0,0.0,0.0,0.0,0.0,0.0,0.0,0.0,,,,0.0,0.0,0.0,0.0,0.0,0.0,0.0,,0.0,0.0,0.0,0.0,,0.0,0.0,,0.0,0.0,0.0,0.0,0.0,0.0,0.0,0.0,0.0,0.0,3.5,5.5,00-0036271,WatkQu00,4050373.0,Quez Watkins,1998-06-09,72.0,193.0,Southern Mississippi,2020.0,6.0,200.0,PHI,2020,5,17.0,0.0,26.0,0.0,0.05941176470588235,2021.0,Quez Watkins,PHI,23.0,WR,17.0,12.0,62.0,43.0,647.0,1.0,25.0,394.0,9.2,253.0,5.9,12.0,5.0,8.6,1.0,0.016,3.0,88.6,2023-08-21,2021.0,Quez Watkins,PHI,23.0,WR,17.0,12.0,1.0,3.0,0.0,0.0,3.0,3.0,0.0,0.0,0.0,,2023-08-21,,,,,,,,,,,,,,,,,,,,,,,,,,,,,,,,,,,,,,,,,,,,,,,,,,,,,,,,,,,17,6.300000000000001,0.0,2,1,0
2021,Deonte Harty,D.Harris,00-0035215,NO,WR,WR,62.0,13,115.1,8.853846153846153,79.1,36.0,36,59,570,3,0.12447257383966245,0.15620827770360482,0.296054655152017,5,41,0,0,0,0,0,0,298.0,0.36076923076923073,0.386241610738255,8.853846153846153,5.5632148056999355,19.9,0,WR,"https://static.www.nfl.com/image/upload/f_auto,q_auto/league/fh7rbtvohdkaacqaxqke",REG,0,0,0,0,0,0,0,,,0,,0,0,0,0,0,0,1,1.137280760682188,0,1,1,1,0,0,0,585,246,23,9.929468594910395,0,17,9,5,4,0.9743589743589743,0,2,0,0,0,0,0,0.0,0.0,0,0,0,0,0,1,0,0,0,0,0,0,0,1,0,0,0,0,0,0,1,1,0,2,1,21,199,29,690,0,0,0,0,,,0,0,0,0,0,0,0,0,0,0,0,0,,,,0,0,0,0,0,0,0,,0,0,0,0,,0,0,,0,0,0,0,0,0,0,0,0,0,,,,,,,,,,,,,,,,,,,,,,,,,,,,,,,,,,,,,,,,,,,,,,,,,,,,,,,,,,,,,,,,,,,,,,,,,,,,,,,,,,,,,,,,,,,,,,,,,,,,,,,,,,,,,,,,,,,,,,,,,,,,,,,,,,,,,,,,,,,,,,,,,,,,00-0035215,HarrDe07,4411193.0,Deonte Harty,1997-12-04,66.0,170.0,Assumption,,,,,2019,6,13.0,0.0,118.0,0.0,0.3269230769230769,2021.0,Deonte Harty,NO,24.0,WR,13.0,1.0,59.0,36.0,570.0,3.0,23.0,329.0,9.1,241.0,6.7,10.0,4.0,9.0,3.0,0.051,6.0,70.6,2023-08-21,2021.0,Deonte Harty,NO,24.0,WR,13.0,1.0,5.0,41.0,0.0,1.0,35.0,7.0,6.0,1.2,0.0,,2023-08-21,,,,,,,,,,,,,,,,,,,,,,,,,,,,,,,,,,,,,,,,,,,,,,,,,,,,,,,,,,,13,8.7,1.9,6,2,0
2021,Rondale Moore,R.Moore,00-0036936,ARI,WR,WR,63.0,14,111.1,7.935714285714285,57.1,53.99999999999999,54,64,435,1,0.11228070175438597,0.0207909604519774,0.18297472494796313,18,76,0,0,0,0,0,0,432.0,0.4535714285714286,0.2571759259259259,7.935714285714285,6.436746328441358,24.4,1,WR,"https://static.www.nfl.com/image/upload/f_auto,q_auto/league/v9s3rloekxbv6seesizb",REG,0,0,0,0,0,0,0,,,0,,0,0,0,0,0,0,2,-0.16007382501265965,0,2,1,1,0,1,0,92,438,18,1.4988294399605682,0,12,7,3,1,4.728260869565218,0,1,0,0,0,0,0,0.0,0.0,0,0,0,0,0,2,0,0,0,0,0,0,0,0,0,0,0,0,1,10,1,2,1,3,1,21,171,13,291,0,0,0,0,,,0,0,0,0,0,0,0,0,0,0,0,0,,,,0,0,0,0,0,0,0,,0,0,0,0,,0,0,,0,0,0,0,0,0,0,0,0,0,R.Moore,Rondale Moore,WR,WR,"https://static.www.nfl.com/image/upload/f_auto,q_auto/league/v9s3rloekxbv6seesizb",2021.0,POST,ARI,1.0,0.0,0.0,0.0,0.0,0.0,0.0,0.0,0.0,0.0,0.0,0.0,0.0,,,0.0,,0.0,0.0,0.0,0.0,0.0,0.0,0.0,0.0,0.0,0.0,,0.0,0.0,0.0,0.0,0.0,5.0,6.0,32.0,0.0,0.0,0.0,15.0,16.0,2.0,-5.805045864661224,0.0,2.0,0.0,0.0,0.0,2.1333333333333333,0.17647058823529413,0.053763440860215055,0.30234029095509174,0.0,0.0,0.0,0.0,0.0,0.0,0.0,0.0,0.0,0.0,0.0,0.0,0.0,0.0,0.0,0.0,0.0,0.0,0.0,0.0,0.0,0.0,0.0,0.0,0.0,0.0,0.0,0.0,0.0,0.0,0.0,0.0,0.0,0.0,0.0,0.0,1.0,15.0,0.0,0.0,0.0,0.0,,,0.0,0.0,0.0,0.0,0.0,0.0,0.0,0.0,0.0,0.0,0.0,0.0,,,,0.0,0.0,0.0,0.0,0.0,0.0,0.0,,0.0,0.0,0.0,0.0,,0.0,0.0,,0.0,0.0,0.0,0.0,0.0,0.0,0.0,0.0,0.0,0.0,3.2,8.2,00-0036936,MoorRo02,4372485.0,Rondale Moore,2000-06-09,67.0,180.0,Purdue,2021.0,2.0,49.0,ARI,2021,5,14.0,0.0,94.0,0.0,0.25357142857142856,2021.0,Rondale Moore,ARI,21.0,WR,14.0,7.0,64.0,54.0,435.0,1.0,18.0,-3.0,-0.1,438.0,8.1,1.4,2.0,27.0,1.0,0.016,2.0,87.2,2023-08-21,2021.0,Rondale Moore,ARI,21.0,WR,14.0,7.0,18.0,76.0,0.0,2.0,24.0,1.3,52.0,2.9,3.0,6.0,2023-08-21,,,,,,,,,,,,,,,,,,,,,,,,,,,,,,,,,,,,,2021.0,Regular,Season Total,ARI,R. Moore,,82.8,0.2,2.0,0.4,0.0,0.4,0.0,0.0,78.6,0.0,Rondale,Moore,Rondale Moore,https://a.espncdn.com/i/headshots/nfl/players/full/4372485.png,Cardinals,False,14,5.55,2.0,4,2,0
2021,Donovan Peoples-Jones,D.Peoples-Jones,00-0036233,CLE,WR,WR,64.0,13,109.7,8.438461538461539,75.7,34.0,34,58,597,3,0.11623246492985972,0.21062441752096925,0.321785789659468,0,0,0,0,0,0,0,0,699.0,0.7764285714285715,0.1569384835479256,8.438461538461539,7.427711453462463,26.1,1,WR,"https://static.www.nfl.com/image/upload/f_auto,q_auto/league/sgfgvm2myyrntnmiqojk",REG,0,0,0,0,0,0,0,,,0,,0,0,0,0,0,0,0,,0,0,0,0,0,1,1,904,146,26,25.022869365793994,0,23,14,12,3,0.6603982300884956,0,2,0,0,0,0,0,0.0,0.0,0,0,0,0,0,1,0,0,0,0,0,0,0,0,0,0,0,0,2,15,2,0,0,2,1,12,95,0,0,0,0,0,0,,,0,0,0,0,0,0,0,0,0,0,0,0,,,,0,0,0,0,0,0,0,,0,0,0,0,,0,0,,0,0,0,0,0,0,0,0,0,0,,,,,,,,,,,,,,,,,,,,,,,,,,,,,,,,,,,,,,,,,,,,,,,,,,,,,,,,,,,,,,,,,,,,,,,,,,,,,,,,,,,,,,,,,,,,,,,,,,,,,,,,,,,,,,,,,,,,,,,,,,,,,,,,,,,,,,,,,,,,,,,,,,,,00-0036233,PeopDo00,4258195.0,Donovan Peoples-Jones,1999-02-19,74.0,204.0,Michigan,2020.0,6.0,187.0,CLE,2020,5,14.0,0.0,42.0,0.0,0.11714285714285713,2021.0,Donovan Peoples-Jones,CLE,22.0,WR,14.0,9.0,58.0,34.0,597.0,3.0,26.0,451.0,13.3,146.0,4.3,15.4,4.0,8.5,3.0,0.052000000000000005,3.0,89.5,2023-08-21,,,,,,,,,,,,,,,,,,,,,,,,,,,,,,,,,,,,,,,,,,,,,,,,,,,,,,,,,,,,,,,,,,,,,,,,,,,,,13,6.800000000000001,0.40000000000000013,5,2,1
2021,Jamison Crowder,J.Crowder,00-0031941,NYJ,WR,WR,64.0,12,109.7,9.141666666666667,58.7,51.0,51,71,447,2,0.12220309810671257,0.10301218670958841,0.25541317785678075,0,0,0,0,0,0,0,0,538.0,0.68,0.20390334572490706,9.141666666666667,5.606077600301843,19.1,0,WR,"https://static.www.nfl.com/image/upload/f_auto,q_auto/league/rfysbrjrvfdr72cx8who",REG,1,-3,0,0,0,0,0,-0.2978157203905285,,1,,0,0,0,0,0,0,0,,0,0,0,0,0,1,1,448,174,24,6.700944275106748,1,19,6,3,0,0.9977678571428571,0,1,0,0,0,0,0,0.0,0.0,0,0,0,0,0,0,0,0,0,0,0,0,0,0,0,0,0,0,0,0,1,0,0,1,1,0,0,0,0,0,0,0,0,,,0,0,0,0,0,0,0,0,0,0,0,0,,,,0,0,0,0,0,0,0,,0,0,0,0,,0,0,,0,0,0,0,0,0,0,0,0,0,,,,,,,,,,,,,,,,,,,,,,,,,,,,,,,,,,,,,,,,,,,,,,,,,,,,,,,,,,,,,,,,,,,,,,,,,,,,,,,,,,,,,,,,,,,,,,,,,,,,,,,,,,,,,,,,,,,,,,,,,,,,,,,,,,,,,,,,,,,,,,,,,,,,00-0031941,CrowJa00,2576716.0,Jamison Crowder,1993-06-17,69.0,177.0,Duke,2015.0,4.0,105.0,WAS,2015,10,12.0,0.0,1.0,0.0,0.0025,2021.0,Jamison Crowder,NYJ,28.0,WR,12.0,4.0,71.0,51.0,447.0,2.0,24.0,271.0,5.3,176.0,3.5,6.2,0.0,,2.0,0.027999999999999997,2.0,85.8,2023-08-21,,,,,,,,,,,,,,,,,,,,,,,,,,,,,,,,,,,,,,,,,,,,,,,,,,,,,,,2021.0,Regular,Season Total,NYJ,J. Crowder,,87.5,0.4,3.0,0.7,0.4,0.0,0.0,0.3,85.5,-0.4,Jamison,Crowder,Jamison Crowder,https://a.espncdn.com/i/headshots/nfl/players/full/2576716.png,Jets,False,12,8.600000000000001,1.5,4,3,0
2021,Bryan Edwards,B.Edwards,00-0036365,LV,WR,WR,66.0,16,109.1,6.81875,75.1,34.0,34,59,571,3,0.0978441127694859,0.1616813294232649,0.2599430997505143,1,0,0,0,0,0,0,0,811.0,0.761875,0.1345252774352651,6.81875,5.443310114259522,17.8,0,WR,"https://static.www.nfl.com/image/private/f_auto,q_auto/league/duzbn0dd5ss2lnrsovyn",REG,0,0,0,0,0,0,0,,,0,,0,0,0,0,0,0,0,-1.8314442201517522,0,0,0,0,0,1,0,827,190,26,17.335616587656475,0,24,19,11,1,0.6904474002418379,0,0,0,1,0,0,0,0.0,0.0,0,0,0,0,0,0,0,0,0,0,0,0,0,0,0,0,0,0,2,14,1,0,0,1,0,0,0,0,0,0,0,0,0,,,0,0,0,0,0,0,0,0,0,0,0,0,,,,0,0,0,0,0,0,0,,0,0,0,0,,0,0,,0,0,0,0,0,0,0,0,0,0,B.Edwards,Bryan Edwards,WR,WR,"https://static.www.nfl.com/image/private/f_auto,q_auto/league/duzbn0dd5ss2lnrsovyn",2021.0,POST,LV,1.0,0.0,0.0,0.0,0.0,0.0,0.0,0.0,0.0,0.0,0.0,0.0,0.0,,,0.0,,0.0,0.0,0.0,0.0,0.0,0.0,0.0,0.0,0.0,0.0,,0.0,0.0,0.0,0.0,0.0,3.0,6.0,41.0,0.0,0.0,0.0,71.0,16.0,2.0,0.42923134996090084,0.0,2.0,2.0,0.0,0.0,0.5774647887323944,0.12244897959183673,0.17274939172749393,0.3045980435970008,0.0,0.0,0.0,0.0,0.0,0.0,0.0,0.0,0.0,0.0,0.0,0.0,0.0,0.0,0.0,0.0,0.0,0.0,0.0,0.0,0.0,0.0,0.0,0.0,0.0,0.0,0.0,0.0,0.0,0.0,0.0,0.0,0.0,0.0,0.0,0.0,0.0,0.0,0.0,0.0,0.0,0.0,,,0.0,0.0,0.0,0.0,0.0,0.0,0.0,0.0,0.0,0.0,0.0,0.0,,,,0.0,0.0,0.0,0.0,0.0,0.0,0.0,,0.0,0.0,0.0,0.0,,0.0,0.0,,0.0,0.0,0.0,0.0,0.0,0.0,0.0,0.0,0.0,0.0,4.1000000000000005,7.1000000000000005,00-0036365,EdwaBr01,4038818.0,Bryan Edwards,1998-11-13,75.0,215.0,South Carolina,2020.0,3.0,81.0,LV,2020,3,16.0,0.0,6.0,0.0,0.012499999999999999,2021.0,Bryan Edwards,LV,23.0,WR,16.0,12.0,59.0,34.0,571.0,3.0,26.0,381.0,11.2,190.0,5.6,14.0,6.0,5.7,1.0,0.017,0.0,107.4,2023-08-21,2021.0,Bryan Edwards,LV,23.0,WR,16.0,12.0,1.0,0.0,0.0,0.0,0.0,0.0,0.0,0.0,0.0,,2023-08-21,,,,,,,,,,,,,,,,,,,,,,,,,,,,,,,,,,,,,,,,,,,,,,,,,,,,,,,,,,,16,6.5,0.0,5,1,0
2021,Nick Westbrook-Ikhine,N.Westbrook-Ikhine,00-0036182,TEN,WR,WR,67.0,15,107.6,7.173333333333333,69.6,38.0,38,57,476,4,0.10919540229885058,0.15131086142322098,0.26971070644453055,0,0,0,0,0,0,0,0,661.0,0.586875,0.16278366111951587,7.173333333333334,5.63084193992168,17.8,0,WR,"https://static.www.nfl.com/image/upload/f_auto,q_auto/league/cyczwxlgfksrmurbb1ez",REG,0,0,0,0,0,0,0,,,0,,0,0,0,0,0,0,0,,0,0,0,0,0,1,1,606,144,23,21.76941456151971,0,20,8,5,1,0.7854785478547854,0,1,0,2,0,0,0,0.0,0.0,0,0,0,0,0,0,0,0,0,0,0,0,0,0,0,0,0,0,1,15,1,0,0,1,1,0,0,0,0,0,0,0,0,,,0,0,0,0,0,0,0,0,0,0,0,0,,,,0,0,0,0,0,0,0,,0,0,0,0,,0,0,,0,0,0,0,0,0,0,0,0,0,N.Westbrook-Ikhine,Nick Westbrook-Ikhine,WR,WR,"https://static.www.nfl.com/image/upload/f_auto,q_auto/league/cyczwxlgfksrmurbb1ez",2021.0,POST,TEN,1.0,0.0,0.0,0.0,0.0,0.0,0.0,0.0,0.0,0.0,0.0,0.0,0.0,,,0.0,,0.0,0.0,0.0,0.0,0.0,0.0,0.0,0.0,0.0,0.0,,0.0,0.0,0.0,0.0,0.0,0.0,1.0,0.0,0.0,0.0,0.0,13.0,0.0,0.0,-1.6165876316372305,0.0,0.0,0.0,0.0,0.0,0.0,0.041666666666666664,0.04980842911877394,0.09736590038314176,0.0,0.0,0.0,0.0,0.0,0.0,0.0,0.0,0.0,0.0,0.0,0.0,0.0,0.0,0.0,0.0,0.0,0.0,0.0,0.0,0.0,0.0,0.0,0.0,0.0,0.0,0.0,0.0,0.0,0.0,0.0,0.0,0.0,0.0,0.0,0.0,0.0,0.0,0.0,0.0,0.0,0.0,,,0.0,0.0,0.0,0.0,0.0,0.0,0.0,0.0,0.0,0.0,0.0,0.0,,,,0.0,0.0,0.0,0.0,0.0,0.0,0.0,,0.0,0.0,0.0,0.0,,0.0,0.0,,0.0,0.0,0.0,0.0,0.0,0.0,0.0,0.0,0.0,0.0,0.0,0.0,00-0036182,WestNi00,3929785.0,Nick Westbrook-Ikhine,1997-03-21,74.0,211.0,Indiana,,,,,2020,7,16.0,0.0,172.0,0.0,0.39249999999999996,2021.0,Nick Westbrook-Ikhine,TEN,24.0,WR,16.0,7.0,57.0,38.0,476.0,4.0,23.0,332.0,8.7,144.0,3.8,10.5,1.0,38.0,2.0,0.035,0.0,115.8,2023-08-21,,,,,,,,,,,,,,,,,,,,,,,,,,,,,,,,,,,,,,,,,,,,,,,,,,,,,,,,,,,,,,,,,,,,,,,,,,,,,15,5.9,0.0,4,2,0
2021,Zay Jones,Z.Jones,00-0033891,LV,WR,WR,68.0,15,105.9,7.0600000000000005,58.900000000000006,47.0,47,70,546,1,0.11608623548922056,0.1913978494623656,0.30810784785748674,2,3,0,0,0,0,0,0,640.0,0.5664705882352941,0.16546875,7.0600000000000005,5.345465367954413,19.9,0,WR,"https://static.www.nfl.com/image/upload/f_auto,q_auto/league/qihjjzfk0vwzoyrzztkq",REG,0,0,0,0,0,0,0,,,0,,0,0,0,0,0,0,0,-0.5168792470358312,0,0,0,0,0,1,1,979,170,29,6.003509571934941,0,22,9,8,2,0.557711950970378,0,3,0,1,0,0,0,0.0,0.0,0,0,0,0,0,0,0,0,0,0,0,0,0,0,0,0,0,0,0,0,1,0,0,1,1,0,0,0,0,0,0,0,0,,,0,0,0,0,0,0,0,0,0,0,0,0,,,,0,0,0,0,0,0,0,,0,0,0,0,,0,0,,0,0,0,0,0,0,0,0,0,0,Z.Jones,Zay Jones,WR,WR,"https://static.www.nfl.com/image/upload/f_auto,q_auto/league/qihjjzfk0vwzoyrzztkq",2021.0,POST,LV,1.0,0.0,0.0,0.0,0.0,0.0,0.0,0.0,0.0,0.0,0.0,0.0,0.0,,,0.0,,0.0,0.0,0.0,0.0,0.0,0.0,0.0,0.0,0.0,0.0,,0.0,0.0,0.0,0.0,0.0,5.0,8.0,61.0,1.0,0.0,0.0,89.0,2.0,4.0,4.36877602248569,0.0,4.0,1.0,0.0,0.0,0.6853932584269663,0.16326530612244897,0.21654501216545013,0.39647946769948855,0.0,1.0,0.0,0.0,0.0,0.0,0.0,0.0,0.0,0.0,0.0,0.0,0.0,0.0,0.0,0.0,0.0,0.0,0.0,0.0,0.0,0.0,0.0,0.0,0.0,0.0,0.0,0.0,0.0,0.0,0.0,0.0,0.0,0.0,0.0,0.0,0.0,0.0,0.0,0.0,0.0,0.0,,,0.0,0.0,0.0,0.0,0.0,0.0,0.0,0.0,0.0,0.0,0.0,0.0,,,,0.0,0.0,0.0,0.0,0.0,0.0,0.0,,0.0,0.0,0.0,0.0,,0.0,0.0,,0.0,0.0,0.0,0.0,0.0,0.0,0.0,0.0,0.0,0.0,12.100000000000001,17.1,00-0033891,JoneZa00,3059722.0,Zay Jones,1995-03-30,74.0,200.0,East Carolina,2017.0,2.0,37.0,BUF,2017,9,17.0,0.0,99.0,0.0,0.20058823529411765,2021.0,Zay Jones,LV,26.0,WR,17.0,9.0,70.0,47.0,546.0,1.0,29.0,376.0,8.0,170.0,3.6,14.0,3.0,15.7,2.0,0.028999999999999998,5.0,65.5,2023-08-21,2021.0,Zay Jones,LV,26.0,WR,17.0,9.0,2.0,3.0,0.0,0.0,3.0,1.5,0.0,0.0,0.0,,2023-08-21,,,,,,,,,,,,,,,,,,,,,,,,,,,,,,,,,,,,,,,,,,,,,,,,,,,,,,,,,,,15,5.3,1.5,5,1,0
2021,Corey Davis,C.Davis,00-0033871,NYJ,WR,WR,69.0,9,105.2,11.68888888888889,71.2,34.0,34,59,492,4,0.10154905335628227,0.1759025063232927,0.2754553344607283,0,0,0,0,0,0,0,0,450.0,0.7877777777777778,0.23377777777777778,11.68888888888889,8.009438876170487,26.700000000000003,2,WR,"https://static.www.nfl.com/image/private/f_auto,q_auto/league/hr0uv4ai1zhkn7nof2a2",REG,0,0,0,0,0,0,0,,,0,,0,0,0,0,0,0,0,,0,0,0,0,0,2,1,765,129,23,-0.8347992301747356,0,22,11,9,1,0.6431372549019608,0,0,0,0,0,0,0,0.0,0.0,0,0,0,0,0,0,0,0,0,0,0,0,0,1,0,0,0,0,0,0,2,0,0,2,1,0,0,0,0,0,0,0,0,,,0,0,0,0,0,0,0,0,0,0,0,0,,,,0,0,0,0,0,0,0,,0,0,0,0,,0,0,,0,0,0,0,0,0,0,0,0,0,,,,,,,,,,,,,,,,,,,,,,,,,,,,,,,,,,,,,,,,,,,,,,,,,,,,,,,,,,,,,,,,,,,,,,,,,,,,,,,,,,,,,,,,,,,,,,,,,,,,,,,,,,,,,,,,,,,,,,,,,,,,,,,,,,,,,,,,,,,,,,,,,,,,00-0033871,DaviCo03,3042778.0,Corey Davis,1995-01-11,75.0,209.0,Western Michigan,2017.0,1.0,5.0,TEN,2017,6,9.0,0.0,0.0,0.0,0.0,2021.0,Corey Davis,NYJ,26.0,WR,9.0,9.0,59.0,34.0,492.0,4.0,23.0,368.0,10.8,124.0,3.6,13.1,2.0,17.0,5.0,0.085,5.0,72.1,2023-08-21,,,,,,,,,,,,,,,,,,,,,,,,,,,,,,,,,,,,,,,,,,,,,,,,,,,,,,,,,,,,,,,,,,,,,,,,,,,,,9,9.100000000000001,2.8,4,2,1
2021,DeVante Parker,D.Parker,00-0031547,MIA,WR,WR,70.0,9,103.5,11.5,63.5,40.0,40,73,515,2,0.12186978297161936,0.19145605010064862,0.3168239095278831,0,0,0,0,0,0,0,0,539.0,0.8119999999999999,0.19202226345083487,11.5,4.814820868942062,17.7,0,WR,"https://static.www.nfl.com/image/private/f_auto,q_auto/league/beuyfjou6kckaoqqpa96",REG,0,0,0,0,0,0,0,,,0,,0,0,0,0,0,0,0,,0,0,0,0,0,0,0,856,104,29,24.061896761366867,0,22,10,7,1,0.6016355140186916,0,2,0,0,0,0,0,0.0,0.0,0,0,0,0,0,0,0,0,0,0,0,0,0,0,0,0,0,0,1,15,0,0,0,0,0,0,0,0,0,0,0,0,0,,,0,0,0,0,0,0,0,0,0,0,0,0,,,,0,0,0,0,0,0,0,,0,0,0,0,,0,0,,0,0,0,0,0,0,0,0,0,0,,,,,,,,,,,,,,,,,,,,,,,,,,,,,,,,,,,,,,,,,,,,,,,,,,,,,,,,,,,,,,,,,,,,,,,,,,,,,,,,,,,,,,,,,,,,,,,,,,,,,,,,,,,,,,,,,,,,,,,,,,,,,,,,,,,,,,,,,,,,,,,,,,,,00-0031547,ParkDe01,2576623.0,DeVante Parker,1993-01-20,75.0,215.0,Louisville,2015.0,1.0,14.0,MIA,2015,9,10.0,0.0,0.0,0.0,0.0,2021.0,DeVante Parker,MIA,28.0,WR,10.0,8.0,73.0,40.0,515.0,2.0,29.0,411.0,10.3,104.0,2.6,11.5,2.0,20.0,4.0,0.055,0.0,86.3,2023-08-21,,,,,,,,,,,,,,,,,,,,,,,,,,,,,,,,,,,,,,,,,,,,,,,,,,,,,,,,,,,,,,,,,,,,,,,,,,,,,9,11.2,3.2,5,3,0
2021,Rashod Bateman,R.Bateman,00-0036550,BAL,WR,WR,70.0,12,103.5,8.625,57.5,46.0,46,68,515,1,0.11505922165820642,0.1158256880733945,0.25366681413868575,0,0,0,0,0,0,0,0,604.0,0.6808333333333333,0.17135761589403972,8.625,5.248051586498122,17.3,0,WR,"https://static.www.nfl.com/image/upload/f_auto,q_auto/league/gtktmsfcxc1eijwpwzyq",REG,0,0,0,0,0,0,0,,,0,,0,0,0,0,0,0,0,,0,0,0,0,0,0,0,606,163,29,14.884151672314442,0,19,9,8,0,0.8498349834983498,0,0,0,0,0,0,0,0.0,0.0,0,0,0,0,0,0,0,0,0,0,0,0,0,1,0,0,0,0,2,15,0,0,0,0,0,0,0,0,0,0,0,0,0,,,0,0,0,0,0,0,0,0,0,0,0,0,,,,0,0,0,0,0,0,0,,0,0,0,0,,0,0,,0,0,0,0,0,0,0,0,0,0,,,,,,,,,,,,,,,,,,,,,,,,,,,,,,,,,,,,,,,,,,,,,,,,,,,,,,,,,,,,,,,,,,,,,,,,,,,,,,,,,,,,,,,,,,,,,,,,,,,,,,,,,,,,,,,,,,,,,,,,,,,,,,,,,,,,,,,,,,,,,,,,,,,,00-0036550,BateRa00,4360939.0,Rashod Bateman,1999-11-29,73.0,193.0,Minnesota,2021.0,1.0,27.0,BAL,2021,6,12.0,0.0,0.0,0.0,0.0,2021.0,Rashod Bateman,BAL,22.0,WR,12.0,4.0,68.0,46.0,515.0,1.0,29.0,344.0,7.5,171.0,3.7,8.8,0.0,,2.0,0.028999999999999998,3.0,76.5,2023-08-21,,,,,,,,,,,,,,,,,,,,,,,,,,,,,,,,,,,,,,,,,,,,,,,,,,,,,,,,,,,,,,,,,,,,,,,,,,,,,12,8.649999999999999,0.0,6,1,0
2021,Nelson Agholor,N.Agholor,00-0031549,NE,WR,WR,72.0,14,103.4,7.385714285714286,66.4,37.0,37,64,473,3,0.12213740458015267,0.21315298507462688,0.3324131964224678,3,11,0,0,0,0,0,0,707.0,0.7260000000000001,0.14625176803394627,7.385714285714286,4.9982854203073614,18.2,0,WR,"https://static.www.nfl.com/image/upload/f_auto,q_auto/league/wyxfkarcjgqdz3pl8nnr",REG,0,0,0,0,0,0,0,,,0,,0,0,0,0,0,0,0,-0.5019328654743731,0,0,0,0,0,0,0,914,104,23,3.639473476525111,0,22,10,9,1,0.5175054704595186,0,1,0,0,0,0,0,0.0,0.0,0,0,0,0,0,0,0,0,0,0,0,0,0,0,0,0,0,0,0,0,0,0,0,0,0,0,0,0,0,0,0,0,0,,,0,0,0,0,0,0,0,0,0,0,0,0,,,,0,0,0,0,0,0,0,,0,0,0,0,,0,0,,0,0,0,0,0,0,0,0,0,0,N.Agholor,Nelson Agholor,WR,WR,"https://static.www.nfl.com/image/upload/f_auto,q_auto/league/wyxfkarcjgqdz3pl8nnr",2021.0,POST,NE,1.0,0.0,0.0,0.0,0.0,0.0,0.0,0.0,0.0,0.0,0.0,0.0,0.0,,,0.0,,0.0,0.0,0.0,0.0,0.0,0.0,0.0,0.0,0.0,0.0,,0.0,0.0,0.0,0.0,0.0,1.0,2.0,18.0,0.0,0.0,0.0,34.0,18.0,1.0,-2.7714666741958354,0.0,1.0,1.0,0.0,0.0,0.5294117647058824,0.05714285714285714,0.13991769547325103,0.18365667254556145,0.0,0.0,0.0,0.0,0.0,0.0,0.0,0.0,0.0,0.0,0.0,0.0,0.0,0.0,0.0,0.0,0.0,0.0,0.0,0.0,0.0,0.0,0.0,0.0,0.0,0.0,0.0,0.0,0.0,0.0,0.0,0.0,0.0,0.0,0.0,0.0,0.0,0.0,0.0,0.0,0.0,0.0,,,0.0,0.0,0.0,0.0,0.0,0.0,0.0,0.0,0.0,0.0,0.0,0.0,,,,0.0,0.0,0.0,0.0,0.0,0.0,0.0,,0.0,0.0,0.0,0.0,,0.0,0.0,,0.0,0.0,0.0,0.0,0.0,0.0,0.0,0.0,0.0,0.0,1.8,2.8,00-0031549,AghoNe00,2971618.0,Nelson Agholor,1993-05-24,72.0,200.0,USC,2015.0,1.0,20.0,PHI,2015,10,15.0,0.0,0.0,0.0,0.0,2021.0,Nelson Agholor,NE,28.0,WR,15.0,13.0,64.0,37.0,473.0,3.0,23.0,355.0,9.6,118.0,3.2,14.2,2.0,18.5,1.0,0.016,3.0,77.1,2023-08-21,2021.0,Nelson Agholor,NE,28.0,WR,15.0,13.0,3.0,11.0,0.0,0.0,6.0,2.0,5.0,1.7,2.0,1.5,2023-08-21,,,,,,,,,,,,,,,,,,,,,,,,,,,,,,,,,,,,,,,,,,,,,,,,,,,,,,,,,,,14,5.65,0.6000000000000001,3,2,0
2021,Jalen Guyton,J.Guyton,00-0035414,LAC,WR,WR,73.0,16,97.2,6.075,66.2,31.0,31,48,448,3,0.07283763277693475,0.09897678079496261,0.17854019572187596,7,34,0,0,0,0,0,0,613.0,0.54,0.15856443719412724,6.075,5.607435539828642,18.9,0,WR,"https://static.www.nfl.com/image/upload/f_auto,q_auto/league/a6j9njysh2lwdjblxvxw",REG,0,0,0,0,0,0,0,,,0,,0,0,0,0,1,0,2,-0.9758450072258711,0,1,1,1,0,0,0,503,149,21,26.991135289979866,0,18,11,5,2,0.8906560636182903,0,0,0,0,0,0,0,0.0,0.0,0,0,0,0,0,0,0,0,0,0,0,0,0,1,0,0,0,0,2,15,1,0,0,1,0,0,0,2,32,0,0,0,0,,,0,0,0,0,0,0,0,0,0,0,0,0,,,,0,0,0,0,0,0,0,,0,0,0,0,,0,0,,0,0,0,0,0,0,0,0,0,0,,,,,,,,,,,,,,,,,,,,,,,,,,,,,,,,,,,,,,,,,,,,,,,,,,,,,,,,,,,,,,,,,,,,,,,,,,,,,,,,,,,,,,,,,,,,,,,,,,,,,,,,,,,,,,,,,,,,,,,,,,,,,,,,,,,,,,,,,,,,,,,,,,,,00-0035414,GuytJa01,3932430.0,Jalen Guyton,1997-06-07,73.0,212.0,North Texas; Trinity Valley CC,,,,,2019,5,16.0,0.0,57.0,0.0,0.133125,2021.0,Jalen Guyton,LAC,24.0,WR,16.0,2.0,48.0,31.0,448.0,3.0,21.0,299.0,9.6,149.0,4.8,10.5,2.0,15.5,4.0,0.083,0.0,115.6,2023-08-21,2021.0,Jalen Guyton,LAC,24.0,WR,16.0,2.0,7.0,34.0,0.0,2.0,14.0,2.0,20.0,2.9,1.0,7.0,2023-08-21,,,,,,,,,,,,,,,,,,,,,,,,,,,,,,,,,,,,,,,,,,,,,,,,,,,,,,,,,,,16,4.050000000000001,0.0,3,2,0
2021,Randall Cobb,R.Cobb,00-0028002,GB,WR,WR,74.0,11,95.6,8.69090909090909,67.6,28.0,28,39,375,5,0.06842105263157895,0.06705985146352118,0.14957347497183326,1,1,0,0,0,0,0,0,371.0,0.4725,0.25768194070080863,8.69090909090909,7.68771156397722,23.9,1,WR,"https://static.www.nfl.com/image/private/f_auto,q_auto/league/kuwo5hnkbtesfw6n9w1s",REG,0,0,0,0,0,0,0,,,0,,0,0,0,0,0,0,0,-0.46127630572300404,0,0,0,0,0,0,0,307,138,21,21.414158601906966,0,13,6,6,1,1.221498371335505,0,0,0,0,0,0,0,0.0,0.0,0,0,0,0,0,1,0,0,0,0,0,0,0,0,0,0,0,0,1,0,0,1,0,1,1,1,0,0,0,0,0,0,0,,,0,0,0,0,0,0,0,0,0,0,0,0,,,,0,0,0,0,0,0,0,,0,0,0,0,,0,0,,0,0,0,0,0,0,0,0,0,0,R.Cobb,Randall Cobb,WR,WR,"https://static.www.nfl.com/image/private/f_auto,q_auto/league/kuwo5hnkbtesfw6n9w1s",2021.0,POST,GB,1.0,0.0,0.0,0.0,0.0,0.0,0.0,0.0,0.0,0.0,0.0,0.0,0.0,,,0.0,,0.0,0.0,0.0,0.0,0.0,0.0,0.0,0.0,0.0,0.0,,0.0,0.0,0.0,0.0,0.0,0.0,1.0,0.0,0.0,0.0,0.0,4.0,0.0,0.0,-0.5689418299589306,0.0,0.0,0.0,0.0,0.0,0.0,0.037037037037037035,0.01818181818181818,0.06828282828282828,0.0,0.0,0.0,0.0,0.0,0.0,0.0,0.0,0.0,0.0,0.0,0.0,0.0,0.0,0.0,0.0,0.0,0.0,0.0,0.0,0.0,0.0,0.0,0.0,0.0,0.0,0.0,0.0,0.0,0.0,0.0,0.0,0.0,0.0,0.0,0.0,0.0,0.0,0.0,0.0,0.0,0.0,,,0.0,0.0,0.0,0.0,0.0,0.0,0.0,0.0,0.0,0.0,0.0,0.0,,,,0.0,0.0,0.0,0.0,0.0,0.0,0.0,,0.0,0.0,0.0,0.0,,0.0,0.0,,0.0,0.0,0.0,0.0,0.0,0.0,0.0,0.0,0.0,0.0,0.0,0.0,00-0028002,CobbRa00,14053.0,Randall Cobb,1990-08-22,70.0,192.0,Kentucky,2011.0,2.0,64.0,GB,2011,13,12.0,0.0,1.0,0.0,0.0025,2021.0,Randall Cobb,GB,31.0,WR,12.0,3.0,39.0,28.0,375.0,5.0,21.0,237.0,8.5,138.0,4.9,7.9,1.0,28.0,2.0,0.051,0.0,141.6,2023-08-21,2021.0,Randall Cobb,GB,31.0,WR,12.0,3.0,1.0,1.0,0.0,0.0,0.0,0.0,1.0,1.0,1.0,1.0,2023-08-21,,,,,,,,,,,,,,,,,,,,,,,,,,,,,,,,,,,,,,,,,,,,,,,,,,,,,,,,,,,11,5.2,0.0,3,3,0
2021,Zach Pascal,Z.Pascal,00-0033251,IND,WR,WR,75.0,16,94.5,5.90625,56.5,38.0,38,69,384,3,0.13745019920318724,0.152,0.31257529880478085,2,21,0,0,0,0,0,0,872.0,0.831875,0.10837155963302753,5.90625,5.58455832332931,20.3,1,WR,"https://static.www.nfl.com/image/upload/f_auto,q_auto/league/pfhgz8ofqgoubhnuqtme",REG,0,0,0,0,0,0,0,,,0,,0,0,0,0,0,0,0,1.917843007016927,0,1,1,0,0,1,1,608,121,16,-12.86810332951071,0,14,6,5,1,0.631578947368421,0,1,1,0,0,0,0,0.0,0.0,0,0,0,0,0,0,0,0,0,0,0,0,0,0,0,0,0,0,4,45,1,0,0,1,1,0,0,1,14,0,0,0,0,,,0,0,0,0,0,0,0,0,0,0,0,0,,,,0,0,0,0,0,0,0,,0,0,0,0,,0,0,,0,0,0,0,0,0,0,0,0,0,,,,,,,,,,,,,,,,,,,,,,,,,,,,,,,,,,,,,,,,,,,,,,,,,,,,,,,,,,,,,,,,,,,,,,,,,,,,,,,,,,,,,,,,,,,,,,,,,,,,,,,,,,,,,,,,,,,,,,,,,,,,,,,,,,,,,,,,,,,,,,,,,,,,00-0033251,PascZa00,2978109.0,Zach Pascal,1994-12-18,74.0,215.0,Old Dominion,,,,,2017,7,16.0,0.0,62.0,0.0,0.145625,2021.0,Zach Pascal,IND,27.0,WR,16.0,13.0,69.0,38.0,384.0,3.0,16.0,263.0,6.9,121.0,3.2,8.8,1.0,38.0,4.0,0.057999999999999996,1.0,79.6,2023-08-21,2021.0,Zach Pascal,IND,27.0,WR,16.0,13.0,2.0,21.0,0.0,0.0,16.0,8.0,5.0,2.5,0.0,,2023-08-21,,,,,,,,,,,,,,,,,,,,,,,,,,,,,,,,,,,,,,,,,,,,,,,,,,,,,,,,,,,16,3.8500000000000005,0.0,2,1,0
2021,Josh Palmer,J.Palmer,00-0036988,LAC,WR,WR,76.0,15,92.9,6.193333333333333,59.9,33.00000000000001,33,49,353,4,0.07435508345978756,0.09622195985832349,0.1788879970905078,1,6,0,0,0,0,0,0,458.0,0.38235294117647056,0.20283842794759827,6.193333333333333,5.39781260812016,17.6,0,WR,"https://static.www.nfl.com/image/upload/f_auto,q_auto/league/woswdfrtxnsfgzsjvsxx",REG,0,0,0,0,0,0,0,,,0,,0,0,0,0,0,0,0,0.21983389207161963,0,0,0,0,0,0,0,489,100,18,12.51690165518087,0,15,7,3,0,0.721881390593047,0,2,0,0,0,0,0,0.0,0.0,0,0,0,0,0,0,0,0,0,0,0,0,0,0,0,0,0,0,1,5,0,0,0,0,0,0,0,0,0,0,0,0,0,,,0,0,0,0,0,0,0,0,0,0,0,0,,,,0,0,0,0,0,0,0,,0,0,0,0,,0,0,,0,0,0,0,0,0,0,0,0,0,,,,,,,,,,,,,,,,,,,,,,,,,,,,,,,,,,,,,,,,,,,,,,,,,,,,,,,,,,,,,,,,,,,,,,,,,,,,,,,,,,,,,,,,,,,,,,,,,,,,,,,,,,,,,,,,,,,,,,,,,,,,,,,,,,,,,,,,,,,,,,,,,,,,00-0036988,PalmJo00,4242433.0,Josh Palmer,1999-09-22,73.0,210.0,Tennessee,2021.0,3.0,77.0,LAC,2021,6,17.0,0.0,79.0,0.0,0.17470588235294118,2021.0,Josh Palmer,LAC,23.0,WR,17.0,5.0,49.0,33.0,353.0,4.0,18.0,259.0,7.8,94.0,2.8,10.1,1.0,33.0,1.0,0.02,2.0,98.4,2023-08-21,2021.0,Josh Palmer,LAC,23.0,WR,17.0,5.0,1.0,6.0,0.0,0.0,6.0,6.0,0.0,0.0,0.0,,2023-08-21,,,,,,,,,,,,,,,,,,,,,,,,,,,,,,,,,,,,,,,,,,,,,,,,,,,,,,,,,,,15,4.2,0.0,3,2,0
2021,Michael Gallup,M.Gallup,00-0034764,DAL,WR,WR,77.0,9,91.5,10.166666666666666,56.5,35.0,35,62,445,2,0.09733124018838304,0.14112587959343237,0.24478497599797722,0,0,0,0,0,0,0,0,498.0,0.75,0.18373493975903615,10.166666666666666,3.459046111285596,15.600000000000001,0,WR,"https://static.www.nfl.com/image/private/f_auto,q_auto/league/tt9xpcg4x2z3osc1fcq6",REG,0,0,0,0,0,0,0,,,0,,0,0,0,0,0,0,0,,0,0,0,0,0,0,0,722,123,23,18.40413693504282,0,17,10,6,2,0.6163434903047091,0,0,0,0,0,0,0,0.0,0.0,0,0,0,0,0,0,0,0,0,0,0,0,0,0,0,0,0,0,0,0,0,0,0,0,0,0,0,0,0,0,0,0,0,,,0,0,0,0,0,0,0,0,0,0,0,0,,,,0,0,0,0,0,0,0,,0,0,0,0,,0,0,,0,0,0,0,0,0,0,0,0,0,,,,,,,,,,,,,,,,,,,,,,,,,,,,,,,,,,,,,,,,,,,,,,,,,,,,,,,,,,,,,,,,,,,,,,,,,,,,,,,,,,,,,,,,,,,,,,,,,,,,,,,,,,,,,,,,,,,,,,,,,,,,,,,,,,,,,,,,,,,,,,,,,,,,00-0034764,GallMi00,4036348.0,Michael Gallup,1996-03-04,73.0,198.0,Colorado State; Butler County JC,2018.0,3.0,81.0,DAL,2018,6,9.0,0.0,1.0,0.0,0.003333333333333333,2021.0,Michael Gallup,DAL,25.0,WR,9.0,8.0,62.0,35.0,445.0,2.0,23.0,322.0,9.2,123.0,3.5,11.5,1.0,35.0,3.0,0.048,0.0,89.8,2023-08-21,,,,,,,,,,,,,,,,,,,,,,,,,,,,,,,,,,,,,,,,,,,,,,,,,,,,,,,,,,,,,,,,,,,,,,,,,,,,,9,9.4,6.2,4,1,0
2021,Olamide Zaccheaus,O.Zaccheaus,00-0035208,ATL,WR,WR,78.0,15,89.80000000000001,5.986666666666667,58.800000000000004,31.000000000000007,31,53,406,3,0.09566787003610108,0.11513396089790007,0.22409557768268165,1,2,0,0,0,0,0,0,610.0,0.5829411764705883,0.14721311475409837,5.986666666666666,4.979223500372992,20.8,1,WR,"https://static.www.nfl.com/image/upload/f_auto,q_auto/league/zsnzd30ysrewgufbv06y",REG,0,0,0,0,0,0,0,,,0,,0,0,0,0,0,0,1,0.5175025649368763,0,0,0,0,0,0,0,477,96,22,11.59271291705966,0,16,5,4,2,0.8511530398322851,0,3,1,1,0,0,0,0.0,0.0,0,0,0,0,0,0,0,0,0,0,0,0,0,0,0,0,0,0,0,0,0,0,0,0,0,3,36,2,41,0,0,0,0,,,0,0,0,0,0,0,0,0,0,0,0,0,,,,0,0,0,0,0,0,0,,0,0,0,0,,0,0,,0,0,0,0,0,0,0,0,0,0,,,,,,,,,,,,,,,,,,,,,,,,,,,,,,,,,,,,,,,,,,,,,,,,,,,,,,,,,,,,,,,,,,,,,,,,,,,,,,,,,,,,,,,,,,,,,,,,,,,,,,,,,,,,,,,,,,,,,,,,,,,,,,,,,,,,,,,,,,,,,,,,,,,,00-0035208,ZaccOl01,3917914.0,Olamide Zaccheaus,1997-07-23,68.0,194.0,Virginia,,,,,2019,8,17.0,0.0,123.0,0.0,0.2876470588235294,2021.0,Olamide Zaccheaus,ATL,24.0,WR,17.0,8.0,53.0,31.0,406.0,3.0,22.0,312.0,10.1,94.0,3.0,9.0,0.0,,2.0,0.038,2.0,85.9,2023-08-21,2021.0,Olamide Zaccheaus,ATL,24.0,WR,17.0,8.0,1.0,2.0,0.0,1.0,0.0,0.0,2.0,2.0,0.0,,2023-08-21,,,,,,,,,,,,,,,,,,,,,,,,,,,,,,,,,,,,,,,,,,,,,,,,,,,,,,,,,,,15,4.2,1.5,2,1,0
2021,Kenny Golladay,K.Golladay,00-0033932,NYG,WR,WR,79.0,14,89.1,6.364285714285714,52.1,36.99999999999999,37,76,521,0,0.1347517730496454,0.2406600962640385,0.37058972695929504,0,0,0,0,0,0,0,0,666.0,0.7435714285714285,0.13378378378378378,6.364285714285715,4.618126017345987,17.6,0,WR,"https://static.www.nfl.com/image/private/f_auto,q_auto/league/vck7awhkwwhui3ndgts3",REG,0,0,0,0,0,0,0,,,0,,0,0,0,0,0,0,0,,0,0,0,0,0,0,0,1050,119,27,-3.4490646329655883,0,28,15,5,0,0.4961904761904762,0,2,0,0,0,0,0,0.0,0.0,0,0,0,0,0,0,0,0,0,0,0,0,0,0,0,0,0,0,1,10,0,0,0,0,0,0,0,0,0,0,0,0,0,,,0,0,0,0,0,0,0,0,0,0,0,0,,,,0,0,0,0,0,0,0,,0,0,0,0,,0,0,,0,0,0,0,0,0,0,0,0,0,,,,,,,,,,,,,,,,,,,,,,,,,,,,,,,,,,,,,,,,,,,,,,,,,,,,,,,,,,,,,,,,,,,,,,,,,,,,,,,,,,,,,,,,,,,,,,,,,,,,,,,,,,,,,,,,,,,,,,,,,,,,,,,,,,,,,,,,,,,,,,,,,,,,00-0033932,GollKe00,2974858.0,Kenny Golladay,1993-11-03,76.0,214.0,Northern Illinois; North Dakota,2017.0,3.0,96.0,DET,2017,6,14.0,0.0,0.0,0.0,0.0,2021.0,Kenny Golladay,NYG,28.0,WR,14.0,14.0,76.0,37.0,521.0,0.0,27.0,402.0,10.9,119.0,3.2,13.7,3.0,12.3,1.0,0.013000000000000001,3.0,54.8,2023-08-21,,,,,,,,,,,,,,,,,,,,,,,,,,,,,,,,,,,,,,,,,,,,,,,,,,,,,,,,,,,,,,,,,,,,,,,,,,,,,14,5.95,0.0,3,1,0
2021,Tre'Quan Smith,T.Smith,00-0034765,NO,WR,WR,80.0,10,87.7,8.77,55.7,32.0,32,50,377,3,0.10548523206751055,0.12817089452603472,0.24794747426949015,0,0,0,0,0,0,0,0,520.0,0.6954545454545454,0.16865384615384615,8.77,5.320620264593218,18.6,0,WR,"https://static.www.nfl.com/image/upload/f_auto,q_auto/league/tlpyarxwfw6jue0m0e0o",REG,0,0,0,0,0,0,0,,,0,,0,0,0,0,0,0,0,,0,0,0,0,0,1,0,480,113,18,12.518628092726908,0,16,8,6,0,0.7854166666666667,0,3,0,0,0,0,0,0.0,0.0,0,0,0,0,0,0,0,0,0,0,0,0,0,0,0,0,0,0,3,35,1,0,1,1,0,0,0,0,0,0,0,0,0,,,0,0,0,0,0,0,0,0,0,0,0,0,,,,0,0,0,0,0,0,0,,0,0,0,0,,0,0,,0,0,0,0,0,0,0,0,0,0,,,,,,,,,,,,,,,,,,,,,,,,,,,,,,,,,,,,,,,,,,,,,,,,,,,,,,,,,,,,,,,,,,,,,,,,,,,,,,,,,,,,,,,,,,,,,,,,,,,,,,,,,,,,,,,,,,,,,,,,,,,,,,,,,,,,,,,,,,,,,,,,,,,,00-0034765,SmitTr03,3128451.0,Tre'Quan Smith,1996-01-07,74.0,210.0,UCF,2018.0,3.0,91.0,NO,2018,6,11.0,0.0,1.0,0.0,0.002727272727272727,2021.0,TreQuan Smith,NO,25.0,WR,11.0,6.0,50.0,32.0,377.0,3.0,18.0,264.0,8.3,113.0,3.5,9.6,2.0,16.0,2.0,0.04,1.0,98.5,2023-08-21,,,,,,,,,,,,,,,,,,,,,,,,,,,,,,,,,,,,,,,,,,,,,,,,,,,,,,,,,,,,,,,,,,,,,,,,,,,,,10,7.7,2.1,4,1,0
2021,Allen Robinson,A.Robinson,00-0031428,CHI,WR,WR,81.0,12,87.0,7.25,49.0,38.0,38,66,410,1,0.12595419847328243,0.16796440489432704,0.3065063811359526,0,0,0,0,0,0,0,0,617.0,0.8058333333333333,0.14100486223662884,7.25,2.6359404048995145,10.8,0,WR,"https://static.www.nfl.com/image/upload/f_auto,q_auto/league/fyukft9lraurbsq0laom",REG,0,0,0,0,0,0,0,,,0,,0,0,0,0,0,0,0,,0,0,0,0,0,0,0,755,92,22,9.734412072468036,1,15,8,5,0,0.543046357615894,0,2,0,0,0,0,0,0.0,0.0,0,0,0,0,0,0,0,0,0,0,0,0,0,0,0,0,0,0,1,10,0,0,0,0,0,0,0,0,0,0,0,0,0,,,0,0,0,0,0,0,0,0,0,0,0,0,,,,0,0,0,0,0,0,0,,0,0,0,0,,0,0,,0,0,0,0,0,0,0,0,0,0,,,,,,,,,,,,,,,,,,,,,,,,,,,,,,,,,,,,,,,,,,,,,,,,,,,,,,,,,,,,,,,,,,,,,,,,,,,,,,,,,,,,,,,,,,,,,,,,,,,,,,,,,,,,,,,,,,,,,,,,,,,,,,,,,,,,,,,,,,,,,,,,,,,,00-0031428,RobiAl02,16799.0,Allen Robinson,1993-08-24,74.0,220.0,Penn State,2014.0,2.0,61.0,JAX,2014,11,12.0,0.0,1.0,0.0,0.004166666666666667,2021.0,Allen Robinson,CHI,28.0,WR,12.0,11.0,66.0,38.0,410.0,1.0,22.0,309.0,8.1,101.0,2.7,11.0,1.0,38.0,2.0,0.03,4.0,55.7,2023-08-21,,,,,,,,,,,,,,,,,,,,,,,,,,,,,,,,,,,,,,,,,,,,,,,,,,,,,,,,,,,,,,,,,,,,,,,,,,,,,12,7.35,3.4000000000000004,2,0,0
2021,Marquez Valdes-Scantling,M.Valdes-Scantling,00-0034272,GB,WR,WR,81.0,11,87.0,7.909090909090909,61.0,26.0,26,55,430,3,0.09649122807017543,0.21515945827872435,0.2953484629003702,0,0,0,0,0,0,0,0,455.0,0.62,0.1912087912087912,7.909090909090909,7.967741781139063,22.3,2,WR,"https://static.www.nfl.com/image/upload/f_auto,q_auto/league/xkdli55uvkkffiq6fwnu",REG,0,0,0,0,0,0,0,,,0,,0,0,0,0,0,0,0,,0,0,0,0,0,0,0,985,146,18,9.810256269082616,0,12,9,8,3,0.4365482233502538,0,0,0,0,0,0,0,0.0,0.0,0,0,0,0,0,0,0,0,0,0,0,0,0,0,0,0,0,0,0,0,0,0,0,0,0,0,0,0,0,0,0,0,0,,,0,0,0,0,0,0,0,0,0,0,0,0,,,,0,0,0,0,0,0,0,,0,0,0,0,,0,0,,0,0,0,0,0,0,0,0,0,0,,,,,,,,,,,,,,,,,,,,,,,,,,,,,,,,,,,,,,,,,,,,,,,,,,,,,,,,,,,,,,,,,,,,,,,,,,,,,,,,,,,,,,,,,,,,,,,,,,,,,,,,,,,,,,,,,,,,,,,,,,,,,,,,,,,,,,,,,,,,,,,,,,,,00-0034272,ValdMa00,3051738.0,Marquez Valdes-Scantling,1994-10-10,76.0,206.0,University of South Florida; N.C. State,2018.0,5.0,174.0,GB,2018,8,11.0,0.0,1.0,0.0,0.002727272727272727,2021.0,Marquez Valdes-Scantling,GB,27.0,WR,11.0,7.0,55.0,26.0,430.0,3.0,18.0,284.0,10.9,146.0,5.6,17.9,0.0,,0.0,0.0,1.0,84.7,2023-08-21,,,,,,,,,,,,,,,,,,,,,,,,,,,,,,,,,,,,,,,,,,,,,,,,,,,,,,,,,,,,,,,,,,,,,,,,,,,,,11,5.0,0.0,3,2,0
2021,DeAndre Carter,D.Carter,00-0031763,WAS,WR,WR,83.0,17,86.5,5.088235294117647,62.5,24.0,24,44,296,3,0.08239700374531835,0.11771844660194175,0.20599841823933673,10,89,0,0,0,0,0,0,505.0,0.4258823529411765,0.1712871287128713,5.088235294117647,5.19180632739478,15.0,0,WR,"https://static.www.nfl.com/image/upload/f_auto,q_auto/league/jx4io3owliw3l5xve6ta",REG,0,0,0,0,0,0,0,,,0,,0,0,0,0,1,0,4,2.6877549971686676,0,5,3,1,0,0,0,485,78,17,9.942710329416977,0,14,9,5,0,0.6103092783505155,1,2,0,0,0,0,0,0.0,0.0,0,0,0,0,0,1,0,0,0,0,0,0,0,1,0,0,0,0,0,0,2,1,0,3,0,16,134,36,904,0,0,0,0,,,0,0,0,0,0,0,0,0,0,0,0,0,,,,0,0,0,0,0,0,0,,0,0,0,0,,0,0,,0,0,0,0,0,0,0,0,0,0,,,,,,,,,,,,,,,,,,,,,,,,,,,,,,,,,,,,,,,,,,,,,,,,,,,,,,,,,,,,,,,,,,,,,,,,,,,,,,,,,,,,,,,,,,,,,,,,,,,,,,,,,,,,,,,,,,,,,,,,,,,,,,,,,,,,,,,,,,,,,,,,,,,,00-0031763,CartDe02,2580216.0,DeAndre Carter,1993-04-10,68.0,190.0,Sacramento State,,,,,2015,8,17.0,0.0,157.0,0.0,0.3588235294117647,2021.0,DeAndre Carter,WAS,28.0,WR,17.0,6.0,44.0,24.0,296.0,3.0,17.0,218.0,9.1,78.0,3.3,11.0,0.0,,2.0,0.045,2.0,79.4,2023-08-21,2021.0,DeAndre Carter,WAS,28.0,WR,17.0,6.0,10.0,89.0,0.0,4.0,80.0,8.0,9.0,0.9,0.0,,2023-08-21,,,,,,,,,,,,,,,,,,,,,,,,,,,,,,,,,,,,,,,,,,,,,,,,,,,,,,,,,,,17,3.2,0.0,3,1,0
2021,Freddie Swain,F.Swain,00-0036247,SEA,WR,WR,83.0,17,86.5,5.088235294117647,61.5,25.0,25,40,343,4,0.08438818565400844,0.07014505304178394,0.17568381561026142,5,32,0,0,0,0,0,0,592.0,0.6005882352941176,0.14611486486486486,5.088235294117647,5.696038354960091,21.0,1,WR,"https://static.www.nfl.com/image/upload/f_auto,q_auto/league/ir3qlibvnweezkfabv50",REG,0,0,0,0,0,0,0,,,0,,0,0,0,0,0,0,2,1.1700817013625056,0,1,0,0,0,0,0,324,206,12,12.286259284678149,0,10,6,6,2,1.058641975308642,0,0,0,0,0,0,0,0.0,0.0,0,0,0,0,0,1,0,0,0,0,0,0,0,2,0,0,0,0,1,10,0,1,0,1,0,22,189,0,0,0,0,0,0,,,0,0,0,0,0,0,0,0,0,0,0,0,,,,0,0,0,0,0,0,0,,0,0,0,0,,0,0,,0,0,0,0,0,0,0,0,0,0,,,,,,,,,,,,,,,,,,,,,,,,,,,,,,,,,,,,,,,,,,,,,,,,,,,,,,,,,,,,,,,,,,,,,,,,,,,,,,,,,,,,,,,,,,,,,,,,,,,,,,,,,,,,,,,,,,,,,,,,,,,,,,,,,,,,,,,,,,,,,,,,,,,,00-0036247,SwaiFr00,4034950.0,Freddie Swain,1998-08-04,72.0,199.0,Florida,2020.0,6.0,214.0,SEA,2020,4,17.0,0.0,120.0,0.0,0.2676470588235294,2021.0,Freddie Swain,SEA,23.0,WR,17.0,8.0,40.0,25.0,343.0,4.0,12.0,137.0,5.5,206.0,8.2,8.1,0.0,,2.0,0.05,0.0,123.2,2023-08-21,2021.0,Freddie Swain,SEA,23.0,WR,17.0,8.0,5.0,32.0,0.0,2.0,26.0,5.2,6.0,1.2,0.0,,2023-08-21,,,,,,,,,,,,,,,,,,,,,,,,,,,,,,,,,,,,,,,,,,,,,,,,,,,,,,,,,,,17,3.1,0.0,3,1,0
2021,Jerry Jeudy,J.Jeudy,00-0036407,DEN,WR,WR,85.0,10,85.0,8.5,47.0,38.0,38,56,467,0,0.10831721470019343,0.13071177504393672,0.2539740645810459,2,3,0,0,0,0,0,0,412.0,0.6559999999999999,0.20631067961165048,8.5,4.2295258468165065,13.2,0,WR,"https://static.www.nfl.com/image/upload/f_auto,q_auto/league/szca1v9butuqkjs7ekpm",REG,0,0,0,0,0,0,0,,,0,,0,0,0,0,0,0,0,-0.8548270971514285,0,0,0,0,0,1,0,595,178,22,15.39769679902086,0,19,11,7,1,0.7848739495798319,0,0,0,0,0,0,0,0.0,0.0,0,0,0,0,0,0,0,0,0,0,0,0,0,0,0,0,0,0,1,5,1,0,0,1,0,0,0,0,0,0,0,0,0,,,0,0,0,0,0,0,0,0,0,0,0,0,,,,0,0,0,0,0,0,0,,0,0,0,0,,0,0,,0,0,0,0,0,0,0,0,0,0,,,,,,,,,,,,,,,,,,,,,,,,,,,,,,,,,,,,,,,,,,,,,,,,,,,,,,,,,,,,,,,,,,,,,,,,,,,,,,,,,,,,,,,,,,,,,,,,,,,,,,,,,,,,,,,,,,,,,,,,,,,,,,,,,,,,,,,,,,,,,,,,,,,,00-0036407,JeudJe00,4241463.0,Jerry Jeudy,1999-04-24,73.0,195.0,Alabama,2020.0,1.0,15.0,DEN,2020,7,10.0,0.0,0.0,0.0,0.0,2021.0,Jerry Jeudy,DEN,22.0,WR,10.0,5.0,56.0,38.0,467.0,0.0,22.0,280.0,7.4,187.0,4.9,10.5,0.0,,1.0,0.018000000000000002,1.0,85.9,2023-08-21,2021.0,Jerry Jeudy,DEN,22.0,WR,10.0,5.0,2.0,3.0,0.0,0.0,0.0,0.0,3.0,1.5,0.0,,2023-08-21,,,,,,,,,,,,,,,,,,,,,,,,,,,,,,,,,,,,,,,,,,,,,,,,,,,,,,,,,,,10,9.35,0.0,4,0,0
2021,Henry Ruggs III,H.Ruggs,00-0036357,LV,WR,WR,86.0,7,84.5,12.071428571428571,60.5,24.0,24,36,469,2,0.05970149253731343,0.11886608015640274,0.17275849491545206,3,16,0,0,0,0,0,0,334.0,0.7028571428571428,0.25299401197604793,12.071428571428571,6.22808538951158,22.5,1,WR,"https://static.www.nfl.com/image/private/f_auto,q_auto/league/i8oezzdcas0hd9ap8cfp",REG,0,0,0,0,0,0,0,,,0,,0,0,0,0,0,0,0,-1.1415737977949902,0,0,0,0,0,0,0,608,109,16,31.073412227007793,0,14,12,9,4,0.7713815789473685,0,0,0,0,0,0,0,0.0,0.0,0,0,0,0,0,0,0,0,0,0,0,0,0,0,0,0,0,0,1,15,0,0,0,0,0,0,0,4,70,0,0,0,0,,,0,0,0,0,0,0,0,0,0,0,0,0,,,,0,0,0,0,0,0,0,,0,0,0,0,,0,0,,0,0,0,0,0,0,0,0,0,0,,,,,,,,,,,,,,,,,,,,,,,,,,,,,,,,,,,,,,,,,,,,,,,,,,,,,,,,,,,,,,,,,,,,,,,,,,,,,,,,,,,,,,,,,,,,,,,,,,,,,,,,,,,,,,,,,,,,,,,,,,,,,,,,,,,,,,,,,,,,,,,,,,,,00-0036357,RuggHe00,4241475.0,Henry Ruggs III,1999-01-24,72.0,190.0,Alabama,2020.0,1.0,12.0,LV,2020,2,7.0,0.0,17.0,0.0,0.08,2021.0,Henry Ruggs,LV,22.0,WR,7.0,7.0,36.0,24.0,469.0,2.0,16.0,360.0,15.0,109.0,4.5,16.9,3.0,8.0,2.0,0.055999999999999994,0.0,128.2,2023-08-21,2021.0,Henry Ruggs,LV,22.0,WR,7.0,7.0,3.0,16.0,0.0,0.0,15.0,5.0,1.0,0.3,0.0,,2023-08-21,,,,,,,,,,,,,,,,,,,,,,,,,,,,,,,,,,,,,,,,,,,,,,,,,,,,,,,,,,,7,9.0,6.6000000000000005,3,2,0
2021,Nico Collins,N.Collins,00-0036554,HOU,WR,WR,87.0,14,83.6,5.971428571428571,50.6,32.99999999999999,33,60,446,1,0.1147227533460803,0.159369527145359,0.28364279902087175,0,0,0,0,0,0,0,0,536.0,0.5907142857142856,0.15597014925373134,5.971428571428572,3.831735612251686,12.3,0,WR,"https://static.www.nfl.com/image/upload/f_auto,q_auto/league/fguybjrn1kwflxm5szwq",REG,0,0,0,0,0,0,0,,,0,,0,0,0,0,0,0,0,,0,0,0,0,0,0,0,637,131,22,-0.25164409651455055,0,18,10,8,0,0.7001569858712716,0,1,0,0,0,0,0,0.0,0.0,0,0,0,0,0,0,0,0,0,0,0,0,0,0,0,0,0,0,1,10,0,0,0,0,0,0,0,0,0,0,0,0,0,,,0,0,0,0,0,0,0,0,0,0,0,0,,,,0,0,0,0,0,0,0,,0,0,0,0,,0,0,,0,0,0,0,0,0,0,0,0,0,,,,,,,,,,,,,,,,,,,,,,,,,,,,,,,,,,,,,,,,,,,,,,,,,,,,,,,,,,,,,,,,,,,,,,,,,,,,,,,,,,,,,,,,,,,,,,,,,,,,,,,,,,,,,,,,,,,,,,,,,,,,,,,,,,,,,,,,,,,,,,,,,,,,00-0036554,CollNi00,4258173.0,Nico Collins,1999-03-19,76.0,222.0,Michigan,2021.0,3.0,89.0,HOU,2021,6,14.0,0.0,2.0,0.0,0.005,2021.0,Nico Collins,HOU,22.0,WR,14.0,8.0,60.0,33.0,446.0,1.0,22.0,313.0,9.5,133.0,4.0,10.6,0.0,,1.0,0.017,1.0,77.5,2023-08-21,,,,,,,,,,,,,,,,,,,,,,,,,,,,,,,,,,,,,,,,,,,,,,,,,,,,,,,,,,,,,,,,,,,,,,,,,,,,,14,5.15,0.0,2,0,0
2021,Laquon Treadwell,L.Treadwell,00-0032951,JAX,WR,WR,88.0,12,82.4,6.866666666666667,49.400000000000006,33.0,33,51,434,1,0.08747855917667238,0.1286463798530955,0.22127030466217543,0,0,0,0,0,0,0,0,485.0,0.6508333333333334,0.16989690721649486,6.866666666666667,5.434792516460007,14.700000000000001,0,WR,"https://static.www.nfl.com/image/upload/f_auto,q_auto/league/xspi3oy2wlnszorzn6vk",REG,0,0,0,0,0,0,0,,,0,,0,0,0,0,0,0,0,,0,0,0,0,0,0,0,613,122,22,23.1323142503435,0,17,10,6,2,0.7079934747145188,0,1,0,1,0,0,0,0.0,0.0,0,0,0,0,0,0,0,0,0,0,0,0,0,0,0,0,0,0,2,10,0,0,0,0,0,0,0,0,0,0,0,0,0,,,0,0,0,0,0,0,0,0,0,0,0,0,,,,0,0,0,0,0,0,0,,0,0,0,0,,0,0,,0,0,0,0,0,0,0,0,0,0,,,,,,,,,,,,,,,,,,,,,,,,,,,,,,,,,,,,,,,,,,,,,,,,,,,,,,,,,,,,,,,,,,,,,,,,,,,,,,,,,,,,,,,,,,,,,,,,,,,,,,,,,,,,,,,,,,,,,,,,,,,,,,,,,,,,,,,,,,,,,,,,,,,,00-0032951,TreaLa00,3051889.0,Laquon Treadwell,1995-06-14,74.0,215.0,Mississippi,2016.0,1.0,23.0,MIN,2016,10,12.0,0.0,57.0,0.0,0.19583333333333333,2021.0,Laquon Treadwell,JAX,26.0,WR,12.0,7.0,51.0,33.0,434.0,1.0,22.0,308.0,9.3,126.0,3.8,11.9,3.0,11.0,3.0,0.059000000000000004,1.0,89.8,2023-08-21,,,,,,,,,,,,,,,,,,,,,,,,,,,,,,,,,,,,,,,,,,,,,,,,,,,,,,,,,,,,,,,,,,,,,,,,,,,,,12,9.350000000000001,0.0,5,0,0
2021,Kadarius Toney,K.Toney,00-0036913,NYG,WR,WR,89.0,9,82.36,9.151111111111112,43.36,39.0,39,57,420,0,0.10106382978723404,0.08411643364657345,0.21047724823345246,3,6,0,1,3,19,0,0,301.0,0.465,0.27362126245847174,9.151111111111112,8.658406961509208,29.6,1,WR,"https://static.www.nfl.com/image/upload/f_auto,q_auto/league/nuwjpint0g5wejogudt4",REG,1,-6,0,0,53,6,1,-0.828378256643191,-26.694291830062866,0,0.3584905660377358,1,1,0,0,0,0,0,-3.3227411037660204,0,0,0,0,0,0,0,367,228,21,14.437597982451354,0,14,10,5,0,1.1444141689373297,0,0,0,0,0,0,0,0.0,0.0,0,0,0,0,0,0,0,0,0,0,0,0,0,1,-8,0,0,0,0,0,0,0,0,0,0,1,0,0,0,0,0,0,0,,,0,0,0,0,0,0,0,0,0,0,0,0,,,,0,0,0,0,0,0,0,,0,0,0,0,,0,0,,0,0,0,0,0,0,0,0,0,0,,,,,,,,,,,,,,,,,,,,,,,,,,,,,,,,,,,,,,,,,,,,,,,,,,,,,,,,,,,,,,,,,,,,,,,,,,,,,,,,,,,,,,,,,,,,,,,,,,,,,,,,,,,,,,,,,,,,,,,,,,,,,,,,,,,,,,,,,,,,,,,,,,,,00-0036913,ToneKa00,4240600.0,Kadarius Toney,1999-01-27,72.0,193.0,Florida,2021.0,1.0,20.0,NYG,2021,4,10.0,0.0,2.0,0.0,0.008,2021.0,Kadarius Toney,NYG,22.0,WR,10.0,4.0,57.0,39.0,420.0,0.0,21.0,192.0,4.9,228.0,5.8,5.9,2.0,19.5,2.0,0.035,1.0,82.5,2023-08-21,2021.0,Kadarius Toney,NYG,22.0,WR,10.0,4.0,3.0,6.0,0.0,0.0,5.0,1.7,1.0,0.3,0.0,,2023-08-21,Kadarius Toney,NYG,3.0,0.0,0.0,1.0,33.3,1.0,33.3,2021.0,3.0,2.0,0.0,0.0,1.0,20.0,0.0,2.0,66.7,1.0,7.0,0.0,0.0,1.0,7.0,1.0,0.0,,,,,,,,,,,,,,,,,,,,,,,,,,,,,,,,9,6.800000000000001,1.7000000000000002,3,1,1
2021,Jauan Jennings,J.Jennings,00-0036259,SF,WR,WR,90.0,13,82.2,6.323076923076924,58.2,24.0,24,38,282,5,0.07645875251509054,0.08868348738446165,0.17676656994175896,0,0,0,0,0,0,0,0,337.0,0.325625,0.24391691394658754,6.323076923076924,7.518660546284585,27.4,1,WR,"https://static.www.nfl.com/image/upload/f_auto,q_auto/league/ben8kbygzzlid6ltmdum",REG,0,0,0,0,0,0,0,,,0,,0,0,0,0,0,0,0,,0,0,0,0,0,1,0,355,103,15,18.174912513681285,0,12,4,4,0,0.7943661971830986,0,1,0,0,0,0,0,0.0,0.0,0,0,0,0,0,0,0,0,0,0,0,0,0,2,0,0,0,0,2,15,1,0,0,1,0,0,0,0,0,0,0,0,0,,,0,0,0,0,0,0,0,0,0,0,0,0,,,,0,0,0,0,0,0,0,,0,0,0,0,,0,0,,0,0,0,0,0,0,0,0,0,0,J.Jennings,Jauan Jennings,WR,WR,"https://static.www.nfl.com/image/upload/f_auto,q_auto/league/ben8kbygzzlid6ltmdum",2021.0,POST,SF,3.0,0.0,0.0,0.0,0.0,0.0,0.0,0.0,0.0,0.0,0.0,0.0,0.0,,,0.0,,0.0,0.0,0.0,0.0,0.0,0.0,0.0,0.0,0.0,0.0,,0.0,0.0,0.0,0.0,0.0,6.0,9.0,43.0,0.0,0.0,0.0,59.0,15.0,4.0,2.9285792573937215,0.0,3.0,0.0,0.0,0.0,0.7288135593220338,0.125,0.13849765258215962,0.28444835680751174,0.0,0.0,0.0,0.0,0.0,0.0,0.0,0.0,0.0,0.0,0.0,0.0,0.0,0.0,0.0,0.0,0.0,0.0,0.0,0.0,0.0,0.0,0.0,0.0,0.0,0.0,0.0,0.0,0.0,0.0,0.0,0.0,0.0,0.0,0.0,0.0,0.0,0.0,0.0,0.0,0.0,0.0,,,0.0,0.0,0.0,0.0,0.0,0.0,0.0,0.0,0.0,0.0,0.0,0.0,,,,0.0,0.0,0.0,0.0,0.0,0.0,0.0,,0.0,0.0,0.0,0.0,,0.0,0.0,,0.0,0.0,0.0,0.0,0.0,0.0,0.0,0.0,0.0,0.0,4.3,10.3,00-0036259,JennJa00,3886598.0,Jauan Jennings,1997-07-10,75.0,212.0,Tennessee,2020.0,7.0,217.0,SF,2020,6,16.0,0.0,25.0,0.0,0.06,2021.0,Jauan Jennings,SF,24.0,WR,16.0,1.0,38.0,24.0,282.0,5.0,15.0,179.0,7.5,103.0,4.3,9.1,2.0,12.0,5.0,0.132,1.0,114.3,2023-08-21,,,,,,,,,,,,,,,,,,,,,,,,,,,,,,,,,,,,,,,,,,,,,,,,,,,,,,,2021.0,Regular,Season Total,SF,J. Jennings,,96.2,0.2,1.0,0.3,0.0,0.0,0.0,0.3,95.9,0.0,Jauan,Jennings,Jauan Jennings,https://a.espncdn.com/i/headshots/nfl/players/full/3886598.png,49ers,False,13,3.9000000000000004,0.0,3,1,1
2021,Jamal Agnew,J.Agnew,00-0033572,JAX,WR,WR,91.0,10,82.0,8.2,58.0,24.0,24,39,229,1,0.06689536878216124,0.06107030430220357,0.14309226618478435,7,111,1,0,0,0,0,0,260.0,0.389,0.3153846153846154,8.2,4.9371606775104615,15.8,0,WR,"https://static.www.nfl.com/image/upload/f_auto,q_auto/league/buapoaxrvjzwsr4l34mq",REG,0,0,0,0,0,0,0,,,0,,0,0,0,0,0,0,3,8.058190224110149,0,3,1,1,1,0,0,291,118,14,5.709054323579577,0,6,4,4,0,0.7869415807560137,2,0,0,0,0,0,0,0.0,0.0,0,0,0,0,0,0,0,0,0,0,0,0,109,0,0,0,0,0,0,0,1,0,1,1,0,11,74,22,525,0,0,0,0,,,0,0,0,0,0,0,0,0,0,0,0,0,,,,0,0,0,0,0,0,0,,0,0,0,0,,0,0,,0,0,0,0,0,0,0,0,0,0,,,,,,,,,,,,,,,,,,,,,,,,,,,,,,,,,,,,,,,,,,,,,,,,,,,,,,,,,,,,,,,,,,,,,,,,,,,,,,,,,,,,,,,,,,,,,,,,,,,,,,,,,,,,,,,,,,,,,,,,,,,,,,,,,,,,,,,,,,,,,,,,,,,,00-0033572,AgneJa00,3061612.0,Jamal Agnew,1995-04-03,70.0,190.0,San Diego,2017.0,5.0,165.0,DET,2017,9,10.0,0.0,99.0,0.0,0.37,2021.0,Jamal Agnew,JAX,26.0,WR,10.0,2.0,39.0,24.0,229.0,1.0,14.0,108.0,4.5,121.0,5.0,7.4,0.0,,1.0,0.026000000000000002,0.0,86.4,2023-08-21,2021.0,Jamal Agnew,JAX,26.0,WR,10.0,2.0,7.0,111.0,1.0,3.0,103.0,14.7,8.0,1.1,0.0,,2023-08-21,,,,,,,,,,,,,,,,,,,,,,,,,,,,,,,,,,,,,,,,,,,,,,,,,,,,,,,,,,,10,6.4,0.0,4,1,0
2021,Josh Reynolds,J.Reynolds,00-0033943,DET,WR,WR,92.0,11,80.6,7.327272727272727,51.6,28.999999999999993,29,49,396,2,0.09386973180076628,0.16679151061173533,0.25755865512936416,0,0,0,0,0,0,0,0,475.0,0.605,0.16968421052631577,7.327272727272727,6.431343702383027,18.8,0,WR,"https://static.www.nfl.com/image/upload/f_auto,q_auto/league/lf1fjsagcsvxmktl0bbn",REG,0,0,0,0,0,0,0,,,0,,0,0,0,0,0,0,0,,0,0,0,0,0,0,0,668,119,21,18.884278442147465,0,19,8,6,0,0.592814371257485,0,2,0,0,0,0,0,0.0,0.0,0,0,0,0,0,0,0,0,0,0,0,0,0,0,0,0,0,0,2,15,0,0,0,0,0,0,0,0,0,0,0,0,0,,,0,0,0,0,0,0,0,0,0,0,0,0,,,,0,0,0,0,0,0,0,,0,0,0,0,,0,0,,0,0,0,0,0,0,0,0,0,0,,,,,,,,,,,,,,,,,,,,,,,,,,,,,,,,,,,,,,,,,,,,,,,,,,,,,,,,,,,,,,,,,,,,,,,,,,,,,,,,,,,,,,,,,,,,,,,,,,,,,,,,,,,,,,,,,,,,,,,,,,,,,,,,,,,,,,,,,,,,,,,,,,,,00-0033943,ReynJo00,3115306.0,Josh Reynolds,1995-02-16,75.0,192.0,Texas A&M; Tyler JC,2017.0,4.0,117.0,LA,2017,9,12.0,0.0,2.0,0.0,0.005833333333333334,2021.0,Josh Reynolds,2TM,26.0,WR,12.0,5.0,49.0,29.0,396.0,2.0,21.0,277.0,9.6,119.0,4.1,13.6,2.0,14.5,1.0,0.02,1.0,90.2,2023-08-21,,,,,,,,,,,,,,,,,,,,,,,,,,,,,,,,,,,,,,,,,,,,,,,,,,,,,,,,,,,,,,,,,,,,,,,,,,,,,11,5.6,0.0,4,2,0
2021,Julio Jones,J.Jones,00-0027944,TEN,WR,WR,93.0,10,80.4,8.040000000000001,49.400000000000006,31.0,31,48,434,1,0.09195402298850575,0.1445692883895131,0.23912953635541778,0,0,0,0,0,0,0,0,393.0,0.583,0.20458015267175575,8.040000000000001,5.856088948929804,18.8,0,WR,"https://static.www.nfl.com/image/upload/f_auto,q_auto/league/omrddf2phtyztzx2nup1",REG,0,0,0,0,0,0,0,,,0,,0,0,0,0,0,0,0,,0,0,0,0,0,0,0,579,112,19,15.380997685733822,0,20,10,4,2,0.7495682210708118,0,2,0,0,0,0,0,0.0,0.0,0,0,0,0,0,0,0,0,0,0,0,0,0,0,0,0,0,0,1,15,0,0,0,0,0,0,0,0,0,0,0,0,0,,,0,0,0,0,0,0,0,0,0,0,0,0,,,,0,0,0,0,0,0,0,,0,0,0,0,,0,0,,0,0,0,0,0,0,0,0,0,0,J.Jones,Julio Jones,WR,WR,"https://static.www.nfl.com/image/upload/f_auto,q_auto/league/omrddf2phtyztzx2nup1",2021.0,POST,TEN,1.0,0.0,0.0,0.0,0.0,0.0,0.0,0.0,0.0,0.0,0.0,0.0,0.0,,,0.0,,0.0,0.0,0.0,0.0,0.0,0.0,0.0,0.0,0.0,0.0,,0.0,0.0,0.0,0.0,0.0,6.0,7.0,62.0,0.0,0.0,0.0,55.0,24.0,4.0,-0.3872629221295938,0.0,4.0,1.0,0.0,0.0,1.1272727272727272,0.2916666666666667,0.210727969348659,0.5850095785440613,0.0,1.0,0.0,0.0,0.0,0.0,0.0,0.0,0.0,0.0,0.0,0.0,0.0,0.0,0.0,0.0,0.0,0.0,0.0,0.0,0.0,0.0,0.0,0.0,0.0,0.0,0.0,0.0,0.0,0.0,0.0,0.0,0.0,0.0,0.0,0.0,0.0,0.0,0.0,0.0,0.0,0.0,,,0.0,0.0,0.0,0.0,0.0,0.0,0.0,0.0,0.0,0.0,0.0,0.0,,,,0.0,0.0,0.0,0.0,0.0,0.0,0.0,,0.0,0.0,0.0,0.0,,0.0,0.0,,0.0,0.0,0.0,0.0,0.0,0.0,0.0,0.0,0.0,0.0,6.2,12.2,00-0027944,JoneJu02,13982.0,Julio Jones,1989-02-08,75.0,220.0,Alabama,2011.0,1.0,6.0,ATL,2011,13,10.0,0.0,1.0,0.0,0.004,2021.0,Julio Jones,TEN,32.0,WR,10.0,10.0,48.0,31.0,434.0,1.0,19.0,322.0,10.4,112.0,3.6,12.1,4.0,7.8,1.0,0.021,2.0,83.2,2023-08-21,,,,,,,,,,,,,,,,,,,,,,,,,,,,,,,,,,,,,,,,,,,,,,,,,,,,,,,,,,,,,,,,,,,,,,,,,,,,,10,7.4,0.0,2,2,0
2021,Adam Humphries,A.Humphries,00-0032009,WAS,WR,WR,94.0,17,79.30000000000001,4.6647058823529415,38.300000000000004,41.00000000000001,41,62,383,0,0.11610486891385768,0.09975728155339805,0.24398740045816514,0,0,0,0,0,0,0,0,658.0,0.5870588235294117,0.12051671732522798,4.664705882352941,3.170161899743961,11.4,0,WR,"https://static.www.nfl.com/image/private/f_auto,q_auto/league/l56ywjejfpraigzs4qia",REG,0,0,0,0,0,0,0,,,0,,0,0,0,0,0,0,0,,0,0,0,0,0,0,0,411,158,23,-6.258268998434428,0,18,7,4,0,0.9318734793187348,0,0,1,1,0,0,0,0.0,0.0,0,0,0,0,0,0,0,0,0,0,0,0,0,0,0,0,0,0,1,15,0,0,0,0,0,0,0,0,0,0,0,0,0,,,0,0,0,0,0,0,0,0,0,0,0,0,,,,0,0,0,0,0,0,0,,0,0,0,0,,0,0,,0,0,0,0,0,0,0,0,0,0,,,,,,,,,,,,,,,,,,,,,,,,,,,,,,,,,,,,,,,,,,,,,,,,,,,,,,,,,,,,,,,,,,,,,,,,,,,,,,,,,,,,,,,,,,,,,,,,,,,,,,,,,,,,,,,,,,,,,,,,,,,,,,,,,,,,,,,,,,,,,,,,,,,,00-0032009,HumpAd00,2576491.0,Adam Humphries,1993-06-24,71.0,195.0,Clemson,,,,,2015,7,17.0,0.0,2.0,0.0,0.004705882352941177,2021.0,Adam Humphries,WAS,28.0,WR,17.0,11.0,62.0,41.0,383.0,0.0,23.0,233.0,5.7,150.0,3.7,6.7,2.0,20.5,3.0,0.048,2.0,69.5,2023-08-21,,,,,,,,,,,,,,,,,,,,,,,,,,,,,,,,,,,,,,,,,,,,,,,,,,,,,,,,,,,,,,,,,,,,,,,,,,,,,17,3.4000000000000004,0.6,2,0,0
2021,Keelan Cole,K.Cole,00-0033681,NYJ,WR,WR,95.0,14,78.9,5.635714285714286,50.900000000000006,28.0,28,51,449,1,0.08777969018932874,0.15773741089905727,0.2420857229133332,0,0,0,0,1,0,0,0,557.0,0.5833333333333334,0.14165170556552964,5.635714285714286,4.229494813051126,14.4,0,WR,"https://static.www.nfl.com/image/private/f_auto,q_auto/league/djdjurxk3b6y347zirvz",REG,0,0,0,0,8,0,0,-0.7408587794052437,-30.431032180786133,0,0.0,0,0,0,0,0,0,0,,0,0,0,0,0,0,0,686,85,20,7.281594383905823,0,19,10,7,2,0.6545189504373178,0,2,0,0,0,0,0,0.0,0.0,0,0,0,0,0,0,0,0,0,0,0,0,0,0,0,0,0,0,1,5,0,0,0,0,0,1,3,7,137,0,0,0,0,,,0,0,0,0,0,0,0,0,0,0,0,0,,,,0,0,0,0,0,0,0,,0,0,0,0,,0,0,,0,0,0,0,0,0,0,0,0,0,,,,,,,,,,,,,,,,,,,,,,,,,,,,,,,,,,,,,,,,,,,,,,,,,,,,,,,,,,,,,,,,,,,,,,,,,,,,,,,,,,,,,,,,,,,,,,,,,,,,,,,,,,,,,,,,,,,,,,,,,,,,,,,,,,,,,,,,,,,,,,,,,,,,00-0033681,ColeKe00,3071572.0,Keelan Cole,1993-04-20,73.0,194.0,Kentucky Wesleyan,,,,,2017,7,15.0,0.0,35.0,0.0,0.08,2021.0,Keelan Cole,NYJ,28.0,WR,15.0,11.0,51.0,28.0,449.0,1.0,20.0,364.0,13.0,85.0,3.0,13.5,0.0,,1.0,0.02,4.0,58.4,2023-08-21,,,,,,,,,,,,,,,,,,,Keelan Cole,NYJ,1.0,0.0,0.0,0.0,0.0,0.0,0.0,2021.0,3.3,1.0,0.0,1.0,1.0,100.0,0.0,1.0,100.0,0.0,0.0,0.0,0.0,0.0,0.0,1.0,0.0,,,,,,,,,,,,,,,,,,,,,,,,,,,,,,,,14,4.75,0.0,3,0,0
2021,Jalen Reagor,J.Reagor,00-0036387,PHI,WR,WR,96.0,17,78.1,4.594117647058823,45.1,32.99999999999999,33,57,299,2,0.12179487179487179,0.12978723404255318,0.2735433715220949,10,32,0,0,0,0,0,0,750.0,0.6676470588235294,0.10413333333333333,4.594117647058823,4.620940189538717,16.9,0,WR,"https://static.www.nfl.com/image/upload/f_auto,q_auto/league/r55ywr41a014zd9zmvc1",REG,0,0,0,0,0,0,0,,,0,,0,0,0,0,0,0,3,-1.5066254753619432,0,3,1,0,0,0,0,549,151,13,-10.805154635583914,0,13,6,4,0,0.5446265938069217,0,3,0,0,0,0,0,0.0,0.0,0,0,0,0,0,1,0,0,0,0,0,0,0,1,0,0,0,0,1,0,1,1,1,2,0,31,227,12,255,0,0,0,0,,,0,0,0,0,0,0,0,0,0,0,0,0,,,,0,0,0,0,0,0,0,,0,0,0,0,,0,0,,0,0,0,0,0,0,0,0,0,0,J.Reagor,Jalen Reagor,WR,WR,"https://static.www.nfl.com/image/upload/f_auto,q_auto/league/r55ywr41a014zd9zmvc1",2021.0,POST,PHI,1.0,0.0,0.0,0.0,0.0,0.0,0.0,0.0,0.0,0.0,0.0,0.0,0.0,,,0.0,,0.0,0.0,0.0,0.0,0.0,0.0,0.0,0.0,0.0,0.0,,0.0,0.0,0.0,0.0,0.0,1.0,3.0,2.0,0.0,0.0,0.0,15.0,5.0,0.0,-2.950619678478688,0.0,0.0,0.0,0.0,0.0,0.13333333333333333,0.06976744186046512,0.03225806451612903,0.127231807951988,0.0,0.0,0.0,0.0,0.0,0.0,0.0,0.0,0.0,0.0,0.0,0.0,0.0,0.0,2.0,0.0,0.0,0.0,0.0,0.0,0.0,0.0,1.0,0.0,0.0,0.0,0.0,0.0,0.0,0.0,2.0,0.0,2.0,1.0,5.0,35.0,0.0,0.0,0.0,0.0,0.0,0.0,,,0.0,0.0,0.0,0.0,0.0,0.0,0.0,0.0,0.0,0.0,0.0,0.0,,,,0.0,0.0,0.0,0.0,0.0,0.0,0.0,,0.0,0.0,0.0,0.0,,0.0,0.0,,0.0,0.0,0.0,0.0,0.0,0.0,0.0,0.0,0.0,0.0,0.2,1.2,00-0036387,ReagJa00,4241802.0,Jalen Reagor,1999-01-02,71.0,197.0,TCU,2020.0,1.0,21.0,PHI,2020,6,17.0,0.0,95.0,0.0,0.21411764705882352,2021.0,Jalen Reagor,PHI,22.0,WR,17.0,13.0,57.0,33.0,299.0,2.0,13.0,148.0,4.5,151.0,4.6,9.6,1.0,33.0,4.0,0.07,2.0,69.3,2023-08-21,2021.0,Jalen Reagor,PHI,22.0,WR,17.0,13.0,10.0,32.0,0.0,3.0,23.0,2.3,9.0,0.9,1.0,10.0,2023-08-21,,,,,,,,,,,,,,,,,,,,,,,,,,,,,,,,,,,,,,,,,,,,,,,,,,,,,,,,,,,17,3.1,-0.30000000000000004,3,1,0
2021,Sterling Shepard,S.Shepard,00-0032385,NYG,WR,WR,97.0,7,77.7,11.1,41.7,36.0,36,53,366,1,0.09397163120567376,0.09259683703873482,0.205775232735625,1,-9,0,0,0,0,0,0,344.0,0.7328571428571429,0.2258720930232558,11.1,8.50078427754365,24.3,1,WR,"https://static.www.nfl.com/image/upload/f_auto,q_auto/league/l47czwi8aaznnit0se5h",REG,0,0,0,0,0,0,0,,,0,,0,0,0,0,0,0,0,-1.439722878858447,0,0,0,0,0,0,0,404,111,19,1.8174775529000091,0,15,8,4,0,0.905940594059406,0,3,0,0,0,0,0,0.0,0.0,0,0,0,0,0,0,0,0,0,0,0,0,0,0,0,0,0,0,2,10,0,0,0,0,0,0,0,0,0,0,0,0,0,,,0,0,0,0,0,0,0,0,0,0,0,0,,,,0,0,0,0,0,0,0,,0,0,0,0,,0,0,,0,0,0,0,0,0,0,0,0,0,,,,,,,,,,,,,,,,,,,,,,,,,,,,,,,,,,,,,,,,,,,,,,,,,,,,,,,,,,,,,,,,,,,,,,,,,,,,,,,,,,,,,,,,,,,,,,,,,,,,,,,,,,,,,,,,,,,,,,,,,,,,,,,,,,,,,,,,,,,,,,,,,,,,00-0032385,ShepSt00,2976592.0,Sterling Shepard,1993-02-10,70.0,194.0,Oklahoma,2016.0,2.0,40.0,NYG,2016,10,7.0,0.0,0.0,0.0,0.0,2021.0,Sterling Shepard,NYG,28.0,WR,7.0,6.0,53.0,36.0,366.0,1.0,19.0,255.0,7.1,111.0,3.1,7.6,1.0,36.0,4.0,0.075,4.0,62.3,2023-08-21,2021.0,Sterling Shepard,NYG,28.0,WR,7.0,6.0,1.0,-9.0,0.0,0.0,-9.0,-9.0,0.0,0.0,1.0,1.0,2023-08-21,,,,,,,,,,,,,,,,,,,,,,,,,,,,,,,,,,,,,,,,,,,,,,,,,,,,,,,,,,,7,6.5,3.5,3,3,0
2021,Devin Duvernay,D.Duvernay,00-0036331,BAL,WR,WR,98.0,16,77.2,4.825,44.2,33.0,33,47,272,2,0.07952622673434856,0.054281345565749234,0.1572862819975473,7,50,0,0,0,0,0,0,603.0,0.51,0.12802653399668326,4.825,3.2096728805284815,10.2,0,WR,"https://static.www.nfl.com/image/upload/f_auto,q_auto/league/tj3t166iwsxbnyzxcyyl",REG,0,0,0,0,0,0,0,,,0,,0,0,0,0,0,0,3,2.461163314874284,0,3,2,0,0,0,0,284,141,14,7.448230200625511,0,10,5,1,0,0.9577464788732394,0,0,0,0,0,0,0,0.0,0.0,0,0,0,0,0,1,0,0,0,0,0,0,0,2,2,0,0,1,1,10,0,1,0,1,0,26,360,28,676,0,0,0,0,,,0,0,0,0,0,0,0,0,0,0,0,0,,,,0,0,0,0,0,0,0,,0,0,0,0,,0,0,,0,0,0,0,0,0,0,0,0,0,,,,,,,,,,,,,,,,,,,,,,,,,,,,,,,,,,,,,,,,,,,,,,,,,,,,,,,,,,,,,,,,,,,,,,,,,,,,,,,,,,,,,,,,,,,,,,,,,,,,,,,,,,,,,,,,,,,,,,,,,,,,,,,,,,,,,,,,,,,,,,,,,,,,00-0036331,DuveDe00,4039050.0,Devin Duvernay,1997-09-12,71.0,200.0,Texas,2020.0,3.0,92.0,BAL,2020,6,16.0,0.0,163.0,0.0,0.36062500000000003,2021.0,Devin Duvernay,BAL,24.0,WR,16.0,7.0,47.0,33.0,272.0,2.0,14.0,131.0,4.0,141.0,4.3,6.0,1.0,33.0,0.0,0.0,0.0,98.9,2023-08-21,2021.0,Devin Duvernay,BAL,24.0,WR,16.0,7.0,7.0,50.0,0.0,4.0,38.0,5.4,12.0,1.7,0.0,,2023-08-21,,,,,,,,,,,,,,,,,,,,,,,,,,,,,,,,,,,,,,,,,,,,,,,,,,,,,,,,,,,16,4.300000000000001,0.0,1,0,0
2021,DeSean Jackson,D.Jackson,00-0026189,LV,WR,WR,99.0,14,75.80000000000001,5.4142857142857155,55.800000000000004,20.000000000000007,20,34,454,2,0.05647840531561462,0.12602259446825087,0.17293342410119752,1,4,0,0,0,0,0,0,303.0,0.29,0.2501650165016502,5.4142857142857155,6.687515020009836,21.0,1,WR,"https://static.www.nfl.com/image/private/f_auto,q_auto/league/pr5m864fqvnoozihylrh",REG,0,0,0,0,0,0,0,,,0,,0,0,0,0,0,0,0,0.003352722618728876,0,0,0,0,0,1,1,647,175,12,11.046789813728537,0,13,10,6,4,0.7017001545595054,0,1,0,1,0,0,0,0.0,0.0,0,0,0,0,0,0,0,0,0,0,0,0,0,0,0,0,0,0,0,0,1,0,0,1,1,0,0,0,0,0,0,0,0,,,0,0,0,0,0,0,0,0,0,0,0,0,,,,0,0,0,0,0,0,0,,0,0,0,0,,0,0,,0,0,0,0,0,0,0,0,0,0,D.Jackson,DeSean Jackson,WR,WR,"https://static.www.nfl.com/image/private/f_auto,q_auto/league/pr5m864fqvnoozihylrh",2021.0,POST,LV,1.0,0.0,0.0,0.0,0.0,0.0,0.0,0.0,0.0,0.0,0.0,0.0,0.0,,,0.0,,0.0,0.0,0.0,0.0,0.0,0.0,0.0,0.0,0.0,0.0,,0.0,0.0,0.0,0.0,0.0,1.0,2.0,26.0,0.0,0.0,0.0,26.0,4.0,1.0,2.813752888216882,0.0,1.0,1.0,1.0,0.0,1.0,0.04081632653061224,0.06326034063260341,0.10550672823874074,0.0,0.0,0.0,0.0,0.0,0.0,0.0,0.0,0.0,0.0,0.0,0.0,0.0,0.0,0.0,0.0,0.0,0.0,0.0,0.0,0.0,0.0,0.0,0.0,0.0,0.0,0.0,0.0,0.0,0.0,0.0,0.0,0.0,0.0,0.0,0.0,0.0,0.0,0.0,0.0,0.0,0.0,,,0.0,0.0,0.0,0.0,0.0,0.0,0.0,0.0,0.0,0.0,0.0,0.0,,,,0.0,0.0,0.0,0.0,0.0,0.0,0.0,,0.0,0.0,0.0,0.0,,0.0,0.0,,0.0,0.0,0.0,0.0,0.0,0.0,0.0,0.0,0.0,0.0,2.6,3.6,00-0026189,JackDe00,11283.0,DeSean Jackson,1986-12-01,70.0,175.0,California,2008.0,2.0,49.0,PHI,2008,15,16.0,0.0,2.0,0.0,0.005,2021.0,DeSean Jackson,2TM,35.0,WR,16.0,4.0,34.0,20.0,454.0,2.0,12.0,279.0,14.0,175.0,8.8,19.0,0.0,,1.0,0.028999999999999998,2.0,98.3,2023-08-21,2021.0,DeSean Jackson,2TM,35.0,WR,16.0,4.0,1.0,4.0,0.0,0.0,4.0,4.0,0.0,0.0,0.0,,2023-08-21,,,,,,,,,,,,,,,,,,,,,,,,,,,,,,,,,,,,,,,,,,,,,,,,,,,,,,,,,,,14,2.6000000000000005,0.0,2,2,0
2021,T.Y. Hilton,T.Hilton,00-0029608,IND,WR,WR,100.0,10,74.1,7.409999999999999,51.1,22.999999999999993,23,37,331,3,0.07370517928286853,0.119,0.1938577689243028,0,0,0,0,0,0,0,0,337.0,0.527,0.21988130563798217,7.410000000000001,4.901802389597797,15.100000000000001,0,WR,"https://static.www.nfl.com/image/private/f_auto,q_auto/league/b8kor0sgeynyd8u8cush",REG,0,0,0,0,0,0,0,,,0,,0,0,0,0,0,0,0,,0,0,0,0,0,0,0,476,71,15,20.310024556005374,0,11,6,4,2,0.6953781512605042,0,0,0,0,0,0,0,0.0,0.0,0,0,0,0,0,0,0,0,0,0,0,0,0,0,0,0,0,0,0,0,0,0,0,0,0,0,0,0,0,0,0,0,0,,,0,0,0,0,0,0,0,0,0,0,0,0,,,,0,0,0,0,0,0,0,,0,0,0,0,,0,0,,0,0,0,0,0,0,0,0,0,0,,,,,,,,,,,,,,,,,,,,,,,,,,,,,,,,,,,,,,,,,,,,,,,,,,,,,,,,,,,,,,,,,,,,,,,,,,,,,,,,,,,,,,,,,,,,,,,,,,,,,,,,,,,,,,,,,,,,,,,,,,,,,,,,,,,,,,,,,,,,,,,,,,,,00-0029608,HiltT.00,14924.0,T.Y. Hilton,1989-11-14,70.0,183.0,Florida International,2012.0,3.0,92.0,IND,2012,11,10.0,0.0,0.0,0.0,0.0,2021.0,TY Hilton,IND,32.0,WR,10.0,9.0,37.0,23.0,331.0,3.0,15.0,260.0,11.3,71.0,3.1,12.2,0.0,,1.0,0.027000000000000003,0.0,118.2,2023-08-21,,,,,,,,,,,,,,,,,,,,,,,,,,,,,,,,,,,,,,,,,,,,,,,,,,,,,,,,,,,,,,,,,,,,,,,,,,,,,10,5.25,1.5,4,1,0
2021,Mark Andrews,M.Andrews,00-0034753,BAL,TE,TE,1.0,17,301.1,17.711764705882356,194.1,107.00000000000003,107,153,1361,9,0.25888324873096447,0.3008409785932722,0.5989135581117372,1,0,0,0,0,0,0,0,936.0,0.7558823529411764,0.3216880341880342,17.711764705882356,9.998305003408152,41.7,4,TE,"https://static.www.nfl.com/image/upload/f_auto,q_auto/league/u4xzz7tclch0tpzm9hhz",REG,0,0,0,0,0,0,0,,,0,,0,0,0,0,0,0,0,-1.0924461375689134,0,0,0,0,0,1,0,1574,450,75,56.07177659429325,2,61,29,20,2,0.8646759847522236,0,6,0,1,0,0,0,0.0,0.0,0,0,0,0,0,0,0,0,0,0,0,0,0,1,0,0,0,0,2,20,1,0,0,1,0,0,0,0,0,0,0,0,0,,,0,0,0,0,0,0,0,0,0,0,0,0,,,,0,0,0,0,0,0,0,,0,0,0,0,,0,0,,0,0,0,0,0,0,0,0,0,0,,,,,,,,,,,,,,,,,,,,,,,,,,,,,,,,,,,,,,,,,,,,,,,,,,,,,,,,,,,,,,,,,,,,,,,,,,,,,,,,,,,,,,,,,,,,,,,,,,,,,,,,,,,,,,,,,,,,,,,,,,,,,,,,,,,,,,,,,,,,,,,,,,,,00-0034753,AndrMa00,3116365.0,Mark Andrews,1995-09-06,77.0,250.0,Oklahoma,2018.0,3.0,86.0,BAL,2018,9,17.0,0.0,0.0,0.0,0.0,2021.0,Mark Andrews,BAL,26.0,TE,17.0,9.0,153.0,107.0,1361.0,9.0,75.0,903.0,8.4,458.0,4.3,10.3,4.0,26.8,3.0,0.02,9.0,92.5,2023-08-21,2021.0,Mark Andrews,BAL,26.0,TE,17.0,9.0,1.0,0.0,0.0,0.0,0.0,0.0,0.0,0.0,0.0,,2023-08-21,,,,,,,,,,,,,,,,,,,,,,,,,,,,,,,,,,,,,,,,,,,,,,,,,,,,,,,,,,,17,15.9,5.0,13,10,4
2021,Travis Kelce,T.Kelce,00-0030506,KC,TE,TE,2.0,16,262.8,16.425,170.8,92.0,92,134,1125,9,0.21036106750392464,0.20020140986908358,0.45568258816424545,2,3,1,0,0,0,0,0,926.0,0.82125,0.2838012958963283,16.425,9.202064985643169,41.1,3,TE,"https://static.www.nfl.com/image/upload/f_auto,q_auto/league/dpxovcfku6ud2aohgf6a",REG,0,0,0,0,0,0,0,,,0,,0,0,0,0,0,0,1,0.345061281172093,0,0,0,0,0,1,1,994,564,63,50.8031916963652,0,50,22,13,2,1.1317907444668007,0,1,0,0,0,0,0,0.0,0.0,0,0,0,0,0,0,0,0,0,0,0,0,0,0,0,0,0,0,6,45,1,0,0,1,1,0,0,0,0,0,0,0,0,,,0,0,0,0,0,0,0,0,0,0,0,0,,,,0,0,0,0,0,0,0,,0,0,0,0,,0,0,,0,0,0,0,0,0,0,0,0,0,T.Kelce,Travis Kelce,TE,TE,"https://static.www.nfl.com/image/upload/f_auto,q_auto/league/dpxovcfku6ud2aohgf6a",2021.0,POST,KC,3.0,1.0,1.0,2.0,1.0,0.0,0.0,0.0,0.0,0.0,2.0,0.0,1.0,0.70204556841054,42.53831505775452,0.0,1.0,0.0,0.0,0.0,0.0,0.0,0.0,0.0,0.0,0.0,0.0,,0.0,0.0,0.0,0.0,0.0,23.0,27.0,299.0,3.0,0.0,0.0,202.0,136.0,17.0,21.663249864268803,0.0,11.0,6.0,4.0,1.0,1.4801980198019802,0.23076923076923078,0.29022988505747127,0.549314765694076,0.0,1.0,0.0,0.0,0.0,0.0,0.0,0.0,0.0,0.0,0.0,0.0,0.0,0.0,0.0,0.0,0.0,0.0,0.0,0.0,0.0,0.0,0.0,0.0,0.0,0.0,0.0,0.0,0.0,0.0,0.0,0.0,0.0,0.0,0.0,0.0,0.0,0.0,0.0,0.0,0.0,0.0,,,0.0,0.0,0.0,0.0,0.0,0.0,0.0,0.0,0.0,0.0,0.0,0.0,,,,0.0,0.0,0.0,0.0,0.0,0.0,0.0,,0.0,0.0,0.0,0.0,,0.0,0.0,,0.0,0.0,0.0,0.0,0.0,0.0,0.0,0.0,0.0,0.0,51.980000000000004,74.98,00-0030506,KelcTr00,15847.0,Travis Kelce,1989-10-05,77.0,250.0,Cincinnati,2013.0,3.0,63.0,KC,2013,14,16.0,0.0,0.0,0.0,0.0,2021.0,Travis Kelce,KC,32.0,TE,16.0,16.0,134.0,92.0,1125.0,9.0,63.0,561.0,6.1,564.0,6.1,7.4,8.0,11.5,10.0,0.075,5.0,101.1,2023-08-21,2021.0,Travis Kelce,KC,32.0,TE,16.0,16.0,2.0,3.0,1.0,1.0,3.0,1.5,0.0,0.0,0.0,,2023-08-21,,,,,,,,,,,,,,,,,,,,,,,,,,,,,,,,,,,,,,,,,,,,,,,,,,,,,,,,,,,16,17.549999999999997,4.7,12,9,2
2021,Dalton Schultz,D.Schultz,00-0034383,DAL,TE,TE,3.0,17,208.8,12.282352941176471,130.8,78.0,78,104,808,8,0.16326530612244897,0.14483971853010164,0.3462857621547446,0,0,0,0,0,0,0,0,993.0,0.8105882352941176,0.21027190332326284,12.282352941176471,7.156835482086134,26.0,3,TE,"https://static.www.nfl.com/image/upload/f_auto,q_auto/league/ym8sbkev8l4scnrc0vd8",REG,0,0,0,0,0,0,0,,,0,,0,0,0,0,0,0,0,,0,0,0,0,0,0,0,741,341,43,46.342083836889714,1,38,13,6,0,1.0904183535762484,0,1,0,0,0,0,0,0.0,0.0,0,0,0,0,0,0,0,0,0,0,0,0,0,0,0,0,0,0,3,30,0,0,0,0,0,0,0,0,0,0,0,0,0,,,0,0,0,0,0,0,0,0,0,0,0,0,,,,0,0,0,0,0,0,0,,0,0,0,0,,0,0,,0,0,0,0,0,0,0,0,0,0,D.Schultz,Dalton Schultz,TE,TE,"https://static.www.nfl.com/image/upload/f_auto,q_auto/league/ym8sbkev8l4scnrc0vd8",2021.0,POST,DAL,1.0,0.0,0.0,0.0,0.0,0.0,0.0,0.0,0.0,0.0,0.0,0.0,0.0,,,0.0,,0.0,0.0,0.0,0.0,0.0,0.0,0.0,0.0,0.0,0.0,,0.0,0.0,0.0,0.0,0.0,7.0,8.0,89.0,0.0,0.0,0.0,58.0,31.0,4.0,5.515070946479682,0.0,3.0,1.0,1.0,0.0,1.5344827586206897,0.19047619047619047,0.15263157894736842,0.3925563909774436,0.0,0.0,0.0,0.0,0.0,0.0,0.0,0.0,0.0,0.0,0.0,0.0,0.0,0.0,0.0,0.0,0.0,0.0,0.0,0.0,0.0,0.0,0.0,0.0,0.0,0.0,0.0,0.0,0.0,0.0,0.0,0.0,0.0,0.0,0.0,0.0,0.0,0.0,0.0,0.0,0.0,0.0,,,0.0,0.0,0.0,0.0,0.0,0.0,0.0,0.0,0.0,0.0,0.0,0.0,,,,0.0,0.0,0.0,0.0,0.0,0.0,0.0,,0.0,0.0,0.0,0.0,,0.0,0.0,,0.0,0.0,0.0,0.0,0.0,0.0,0.0,0.0,0.0,0.0,8.9,15.9,00-0034383,SchuDa00,3117256.0,Dalton Schultz,1996-07-11,77.0,242.0,Stanford,2018.0,4.0,137.0,DAL,2018,9,17.0,0.0,86.0,0.0,0.17470588235294116,2021.0,Dalton Schultz,DAL,25.0,TE,17.0,15.0,104.0,78.0,808.0,8.0,43.0,460.0,5.9,348.0,4.5,7.1,3.0,26.0,4.0,0.038,1.0,118.6,2023-08-21,,,,,,,,,,,,,,,,,,,,,,,,,,,,,,,,,,,,,,,,,,,,,,,,,,,,,,,,,,,,,,,,,,,,,,,,,,,,,17,11.4,1.4,11,6,1
2021,George Kittle,G.Kittle,00-0033288,SF,TE,TE,4.0,14,198.0,14.142857142857142,127.0,71.0,71,94,910,6,0.1891348088531187,0.1941044216837372,0.41957530845829405,3,20,0,0,0,0,0,0,840.0,0.9185714285714285,0.2357142857142857,14.142857142857142,11.131501680830386,39.6,3,TE,"https://static.www.nfl.com/image/upload/f_auto,q_auto/league/vkicdglglkyukgyxtmpx",REG,0,0,0,0,0,0,0,,,0,,0,0,0,0,0,0,0,1.738986514043063,0,0,0,0,0,2,1,777,450,42,24.574330641205357,0,38,21,13,1,1.1711711711711712,0,2,0,0,0,0,0,0.0,0.0,0,0,0,0,0,0,0,0,0,0,0,0,0,0,6,0,0,0,4,20,2,0,0,2,1,0,0,0,0,0,0,0,0,,,0,0,0,0,0,0,0,0,0,0,0,0,,,,0,0,0,0,0,0,0,,0,0,0,0,,0,0,,0,0,0,0,0,0,0,0,0,0,G.Kittle,George Kittle,TE,TE,"https://static.www.nfl.com/image/upload/f_auto,q_auto/league/vkicdglglkyukgyxtmpx",2021.0,POST,SF,3.0,0.0,0.0,0.0,0.0,0.0,0.0,0.0,0.0,0.0,0.0,0.0,0.0,,,0.0,,0.0,0.0,0.0,0.0,0.0,0.0,0.0,0.0,0.0,0.0,,0.0,0.0,0.0,0.0,0.0,7.0,14.0,108.0,1.0,0.0,0.0,141.0,39.0,7.0,0.5264118386695182,0.0,7.0,3.0,1.0,0.0,0.7659574468085106,0.19444444444444445,0.33098591549295775,0.5233568075117371,0.0,1.0,0.0,0.0,0.0,0.0,0.0,0.0,0.0,0.0,0.0,0.0,0.0,0.0,0.0,0.0,0.0,0.0,0.0,0.0,0.0,0.0,0.0,0.0,0.0,0.0,0.0,0.0,0.0,0.0,0.0,0.0,0.0,0.0,0.0,0.0,0.0,0.0,0.0,0.0,0.0,0.0,,,0.0,0.0,0.0,0.0,0.0,0.0,0.0,0.0,0.0,0.0,0.0,0.0,,,,0.0,0.0,0.0,0.0,0.0,0.0,0.0,,0.0,0.0,0.0,0.0,,0.0,0.0,,0.0,0.0,0.0,0.0,0.0,0.0,0.0,0.0,0.0,0.0,16.8,23.8,00-0033288,KittGe00,3040151.0,George Kittle,1993-10-09,76.0,250.0,Iowa,2017.0,5.0,146.0,SF,2017,10,14.0,0.0,5.0,0.0,0.013571428571428571,2021.0,George Kittle,SF,28.0,TE,14.0,14.0,94.0,71.0,910.0,6.0,42.0,460.0,6.5,450.0,6.3,8.3,8.0,8.9,2.0,0.021,6.0,100.0,2023-08-21,2021.0,George Kittle,SF,28.0,TE,14.0,14.0,3.0,20.0,0.0,0.0,11.0,3.7,9.0,3.0,0.0,,2023-08-21,,,,,,,,,,,,,,,,,,,,,,,,,,,,,,,,,,,,,,,,,,,,,,,,,,,,,,,,,,,14,12.600000000000001,2.3,8,6,2
2021,Zach Ertz,Z.Ertz,00-0030061,ARI,TE,TE,5.0,17,180.7,10.629411764705882,106.7,73.99999999999999,74,112,763,5,0.23931623931623933,0.19952718676122932,0.4986433897072195,1,4,0,0,0,0,0,0,849.0,0.7417647058823529,0.2128386336866902,10.629411764705884,6.734404642012013,28.8,1,TE,"https://static.www.nfl.com/image/upload/f_auto,q_auto/league/xktmmeumuoglbuam75iz",REG,0,0,0,0,0,0,0,,,0,,0,0,0,0,0,0,0,0.4552927357144654,0,0,0,0,0,0,0,844,340,40,9.39008792933854,0,33,14,7,1,0.9040284360189573,0,0,0,0,0,0,0,0.0,0.0,0,0,0,0,0,0,0,0,0,0,0,0,0,0,0,0,0,0,5,30,0,0,0,0,0,0,0,0,0,0,0,0,0,,,0,0,0,0,0,0,0,0,0,0,0,0,,,,0,0,0,0,0,0,0,,0,0,0,0,,0,0,,0,0,0,0,0,0,0,0,0,0,Z.Ertz,Zach Ertz,TE,TE,"https://static.www.nfl.com/image/upload/f_auto,q_auto/league/xktmmeumuoglbuam75iz",2021.0,POST,ARI,1.0,0.0,0.0,0.0,0.0,0.0,0.0,0.0,0.0,0.0,0.0,0.0,0.0,,,0.0,,0.0,0.0,0.0,0.0,0.0,0.0,0.0,0.0,0.0,0.0,,0.0,0.0,0.0,0.0,0.0,3.0,4.0,21.0,0.0,0.0,0.0,18.0,12.0,2.0,0.6086121106054634,0.0,1.0,0.0,0.0,0.0,1.1666666666666667,0.11764705882352941,0.06451612903225806,0.22163187855787475,0.0,0.0,0.0,0.0,0.0,0.0,0.0,0.0,0.0,0.0,0.0,0.0,0.0,0.0,0.0,0.0,0.0,0.0,0.0,0.0,0.0,0.0,0.0,0.0,0.0,0.0,0.0,0.0,0.0,0.0,0.0,0.0,0.0,0.0,0.0,0.0,0.0,0.0,0.0,0.0,0.0,0.0,,,0.0,0.0,0.0,0.0,0.0,0.0,0.0,0.0,0.0,0.0,0.0,0.0,,,,0.0,0.0,0.0,0.0,0.0,0.0,0.0,,0.0,0.0,0.0,0.0,,0.0,0.0,,0.0,0.0,0.0,0.0,0.0,0.0,0.0,0.0,0.0,0.0,2.1,5.1,00-0030061,ErtzZa00,15835.0,Zach Ertz,1990-11-10,77.0,250.0,Stanford,2013.0,2.0,35.0,PHI,2013,13,17.0,0.0,1.0,0.0,0.0023529411764705885,2021.0,Zach Ertz,2TM,31.0,TE,17.0,14.0,112.0,74.0,763.0,5.0,40.0,423.0,5.7,340.0,4.6,7.6,2.0,37.0,6.0,0.054000000000000006,4.0,85.5,2023-08-21,2021.0,Zach Ertz,2TM,31.0,TE,17.0,14.0,1.0,4.0,0.0,0.0,4.0,4.0,0.0,0.0,0.0,,2023-08-21,,,,,,,,,,,,,,,,,,,,,,,,,,,,,,,,,,,,,,,,,,,,,,,,,,,,,,,,,,,17,11.100000000000001,1.6,9,4,1
2021,Kyle Pitts,K.Pitts,00-0036970,ATL,TE,TE,6.0,17,176.60000000000002,10.38823529411765,108.60000000000001,68.00000000000001,68,110,1026,1,0.19855595667870035,0.28795558773835384,0.49940284643489824,0,0,0,0,0,0,0,0,774.0,0.7352941176470589,0.22816537467700262,10.388235294117647,6.53556446997323,26.9,2,TE,"https://static.www.nfl.com/image/upload/f_auto,q_auto/league/xczipzxvytnmvgznhhb4",REG,0,0,0,0,0,0,0,,,0,,0,0,0,0,0,0,0,,0,0,0,0,0,0,0,1193,313,43,26.33111493467914,0,41,27,16,2,0.8600167644593462,0,3,0,0,0,0,0,0.0,0.0,0,0,0,0,0,0,0,0,0,0,0,0,0,0,0,0,0,0,2,10,0,0,0,0,0,0,0,0,0,0,0,0,0,,,0,0,0,0,0,0,0,0,0,0,0,0,,,,0,0,0,0,0,0,0,,0,0,0,0,,0,0,,0,0,0,0,0,0,0,0,0,0,,,,,,,,,,,,,,,,,,,,,,,,,,,,,,,,,,,,,,,,,,,,,,,,,,,,,,,,,,,,,,,,,,,,,,,,,,,,,,,,,,,,,,,,,,,,,,,,,,,,,,,,,,,,,,,,,,,,,,,,,,,,,,,,,,,,,,,,,,,,,,,,,,,,00-0036970,PittKy00,4360248.0,Kyle Pitts,2000-10-06,78.0,250.0,Florida,2021.0,1.0,4.0,ATL,2021,6,17.0,0.0,0.0,0.0,0.0,2021.0,Kyle Pitts,ATL,21.0,TE,17.0,15.0,110.0,68.0,1026.0,1.0,43.0,713.0,10.5,313.0,4.6,10.8,3.0,22.7,6.0,0.055,5.0,76.6,2023-08-21,,,,,,,,,,,,,,,,,,,,,,,,,,,,,,,,,,,,,,,,,,,,,,,,,,,,,,,,,,,,,,,,,,,,,,,,,,,,,17,9.0,2.8,7,3,1
2021,Rob Gronkowski,R.Gronkowski,00-0027656,TB,TE,TE,7.0,12,171.2,14.266666666666666,116.2,54.999999999999986,55,89,802,6,0.12430167597765363,0.1521886664404479,0.292984580474794,0,0,0,0,0,0,0,0,634.0,0.755,0.27003154574132493,14.266666666666666,8.713764798851123,29.0,3,TE,"https://static.www.nfl.com/image/private/f_auto,q_auto/league/svpo7chliiymc0r7hegp",REG,0,0,0,0,0,0,0,,,0,,0,0,0,0,0,0,0,,0,0,0,0,0,0,0,897,350,34,32.71432576561756,0,35,21,16,1,0.8940914158305463,0,0,0,0,0,0,0,0.0,0.0,0,0,0,0,0,0,0,0,0,0,0,0,0,0,0,0,0,0,4,30,0,0,0,0,0,0,0,0,0,0,0,0,0,,,0,0,0,0,0,0,0,0,0,0,0,0,,,,0,0,0,0,0,0,0,,0,0,0,0,,0,0,,0,0,0,0,0,0,0,0,0,0,R.Gronkowski,Rob Gronkowski,TE,TE,"https://static.www.nfl.com/image/private/f_auto,q_auto/league/svpo7chliiymc0r7hegp",2021.0,POST,TB,2.0,0.0,0.0,0.0,0.0,0.0,0.0,0.0,0.0,0.0,0.0,0.0,0.0,,,0.0,,0.0,0.0,0.0,0.0,0.0,0.0,0.0,0.0,0.0,0.0,,0.0,0.0,0.0,0.0,0.0,9.0,17.0,116.0,1.0,0.0,0.0,189.0,69.0,5.0,-0.9704556378370643,0.0,4.0,2.0,2.0,1.0,0.6137566137566137,0.19101123595505617,0.31711409395973156,0.5084967197043964,0.0,0.0,0.0,0.0,0.0,0.0,0.0,0.0,0.0,0.0,0.0,0.0,0.0,0.0,0.0,0.0,0.0,0.0,0.0,0.0,0.0,0.0,0.0,0.0,0.0,0.0,0.0,1.0,10.0,0.0,0.0,0.0,0.0,0.0,0.0,0.0,0.0,0.0,0.0,0.0,0.0,0.0,,,0.0,0.0,0.0,0.0,0.0,0.0,0.0,0.0,0.0,0.0,0.0,0.0,,,,0.0,0.0,0.0,0.0,0.0,0.0,0.0,,0.0,0.0,0.0,0.0,,0.0,0.0,,0.0,0.0,0.0,0.0,0.0,0.0,0.0,0.0,0.0,0.0,17.6,26.6,00-0027656,GronRo00,13229.0,Rob Gronkowski,1989-05-14,78.0,265.0,Arizona,2010.0,2.0,42.0,NE,2010,11,12.0,0.0,0.0,0.0,0.0,2021.0,Rob Gronkowski,TB,32.0,TE,12.0,12.0,89.0,55.0,802.0,6.0,34.0,452.0,8.2,350.0,6.4,10.1,9.0,6.1,5.0,0.055999999999999994,0.0,113.6,2023-08-21,,,,,,,,,,,,,,,,,,,,,,,,,,,,,,,,,,,,,,,,,,,,,,,,,,,,,,,,,,,,,,,,,,,,,,,,,,,,,12,15.8,0.0,8,6,1
2021,Dallas Goedert,D.Goedert,00-0034351,PHI,TE,TE,8.0,15,165.0,11.0,109.0,56.0,56,76,830,4,0.1623931623931624,0.1520094562647754,0.3499963629750864,0,0,0,0,0,0,0,0,781.0,0.7806666666666667,0.2112676056338028,11.0,7.2047603310985595,28.5,2,TE,"https://static.www.nfl.com/image/upload/f_auto,q_auto/league/bafepstxu7vvxb9v5vua",REG,0,0,0,0,0,0,0,,,0,,0,0,0,0,0,0,0,,0,0,0,0,0,1,0,643,386,42,53.38343191915097,1,39,23,14,1,1.290824261275272,0,0,0,0,0,0,0,0.0,0.0,0,0,0,0,0,0,0,0,0,0,0,0,8,1,0,0,0,0,2,15,1,0,1,1,0,0,0,0,0,0,0,0,0,,,0,0,0,0,0,0,0,0,0,0,0,0,,,,0,0,0,0,0,0,0,,0,0,0,0,,0,0,,0,0,0,0,0,0,0,0,0,0,D.Goedert,Dallas Goedert,TE,TE,"https://static.www.nfl.com/image/upload/f_auto,q_auto/league/bafepstxu7vvxb9v5vua",2021.0,POST,PHI,1.0,0.0,0.0,0.0,0.0,0.0,0.0,0.0,0.0,0.0,0.0,0.0,0.0,,,0.0,,0.0,0.0,0.0,0.0,0.0,0.0,0.0,0.0,0.0,0.0,,0.0,0.0,0.0,0.0,0.0,6.0,12.0,92.0,0.0,0.0,0.0,155.0,34.0,5.0,4.996664954640437,0.0,6.0,3.0,1.0,0.0,0.5935483870967742,0.27906976744186046,0.3333333333333333,0.651937984496124,0.0,0.0,0.0,0.0,0.0,0.0,0.0,0.0,0.0,0.0,0.0,0.0,0.0,0.0,0.0,0.0,0.0,0.0,0.0,0.0,0.0,0.0,0.0,0.0,0.0,0.0,0.0,0.0,0.0,0.0,0.0,0.0,0.0,0.0,0.0,0.0,0.0,0.0,0.0,0.0,0.0,0.0,,,0.0,0.0,0.0,0.0,0.0,0.0,0.0,0.0,0.0,0.0,0.0,0.0,,,,0.0,0.0,0.0,0.0,0.0,0.0,0.0,,0.0,0.0,0.0,0.0,,0.0,0.0,,0.0,0.0,0.0,0.0,0.0,0.0,0.0,0.0,0.0,0.0,9.200000000000001,15.200000000000001,00-0034351,GoedDa00,3121023.0,Dallas Goedert,1995-01-03,77.0,256.0,South Dakota State,2018.0,2.0,49.0,PHI,2018,9,15.0,0.0,27.0,0.0,0.06733333333333333,2021.0,Dallas Goedert,PHI,26.0,TE,15.0,14.0,76.0,56.0,830.0,4.0,42.0,444.0,7.9,386.0,6.9,8.5,9.0,6.2,5.0,0.066,1.0,121.1,2023-08-21,,,,,,,,,,,,,,,,,,,,,,,,,,,,,,,,,,,,,,,,,,,,,,,,,,,,,,,,,,,,,,,,,,,,,,,,,,,,,15,11.2,1.0,8,3,1
2021,Mike Gesicki,M.Gesicki,00-0034829,MIA,TE,TE,8.0,17,165.0,9.705882352941176,92.0,73.0,73,112,780,2,0.18697829716193656,0.23439946320733618,0.44454706998804017,0,0,0,0,1,0,0,0,828.0,0.7141176470588235,0.19927536231884058,9.705882352941176,6.3255899515613665,21.5,1,TE,"https://static.www.nfl.com/image/upload/f_auto,q_auto/league/dykckg6we3cnw9yhpggi",REG,0,0,0,0,28,0,0,-0.5864534196443856,-36.196690797805786,0,0.0,0,0,0,0,0,0,0,,0,0,0,0,0,0,0,1048,221,39,18.955017548518068,1,29,17,12,1,0.7442748091603053,0,2,0,0,0,0,0,0.0,0.0,0,0,0,0,0,0,0,0,0,0,0,0,0,0,0,0,0,0,1,7,0,0,0,0,0,0,0,0,0,0,0,0,0,,,0,0,0,0,0,0,0,0,0,0,0,0,,,,0,0,0,0,0,0,0,,0,0,0,0,,0,0,,0,0,0,0,0,0,0,0,0,0,,,,,,,,,,,,,,,,,,,,,,,,,,,,,,,,,,,,,,,,,,,,,,,,,,,,,,,,,,,,,,,,,,,,,,,,,,,,,,,,,,,,,,,,,,,,,,,,,,,,,,,,,,,,,,,,,,,,,,,,,,,,,,,,,,,,,,,,,,,,,,,,,,,,00-0034829,GesiMi00,3116164.0,Mike Gesicki,1995-10-03,78.0,245.0,Penn State,2018.0,2.0,42.0,MIA,2018,9,17.0,0.0,1.0,0.0,0.0023529411764705885,2021.0,Mike Gesicki,MIA,26.0,TE,17.0,9.0,112.0,73.0,780.0,2.0,39.0,559.0,7.7,221.0,3.0,9.3,1.0,73.0,3.0,0.027000000000000003,3.0,80.2,2023-08-21,,,,,,,,,,,,,,,,,,,Mike Gesicki,MIA,1.0,0.0,0.0,0.0,0.0,1.0,100.0,2021.0,3.8,0.0,0.0,0.0,0.0,0.0,0.0,0.0,0.0,0.0,0.0,0.0,0.0,0.0,0.0,0.0,0.0,,,,,,,,,,,,,,,,,,,,,,,,,,,,,,,,17,9.3,0.0,6,4,0
2021,Hunter Henry,H.Henry,00-0033090,NE,TE,TE,10.0,16,164.3,10.26875,114.30000000000001,50.0,50,75,603,9,0.1431297709923664,0.16930970149253732,0.3332114475333257,0,0,0,0,0,0,0,0,750.0,0.6723529411764706,0.2190666666666667,10.26875,6.658500206502963,25.7,1,TE,"https://static.www.nfl.com/image/upload/f_auto,q_auto/league/cvlunbqgztudbhjrug7l",REG,0,0,0,0,0,0,0,,,0,,0,0,0,0,0,0,0,,0,0,0,0,0,0,0,726,144,34,34.444384314925315,0,25,12,8,0,0.8305785123966942,0,0,0,0,0,0,0,0.0,0.0,0,0,0,0,0,0,0,0,0,0,0,0,0,0,0,0,0,0,3,15,0,0,0,0,0,0,0,0,0,0,0,0,0,,,0,0,0,0,0,0,0,0,0,0,0,0,,,,0,0,0,0,0,0,0,,0,0,0,0,,0,0,,0,0,0,0,0,0,0,0,0,0,H.Henry,Hunter Henry,TE,TE,"https://static.www.nfl.com/image/upload/f_auto,q_auto/league/cvlunbqgztudbhjrug7l",2021.0,POST,NE,1.0,0.0,0.0,0.0,0.0,0.0,0.0,0.0,0.0,0.0,0.0,0.0,0.0,,,0.0,,0.0,0.0,0.0,0.0,0.0,0.0,0.0,0.0,0.0,0.0,,0.0,0.0,0.0,0.0,0.0,1.0,4.0,30.0,0.0,0.0,0.0,57.0,7.0,1.0,-3.6631122020771727,0.0,1.0,1.0,1.0,0.0,0.5263157894736842,0.11428571428571428,0.2345679012345679,0.3356261022927689,0.0,0.0,0.0,0.0,0.0,0.0,0.0,0.0,0.0,0.0,0.0,0.0,0.0,0.0,0.0,0.0,0.0,0.0,0.0,0.0,0.0,0.0,0.0,0.0,0.0,0.0,0.0,0.0,0.0,0.0,0.0,0.0,0.0,0.0,0.0,0.0,0.0,0.0,0.0,0.0,0.0,0.0,,,0.0,0.0,0.0,0.0,0.0,0.0,0.0,0.0,0.0,0.0,0.0,0.0,,,,0.0,0.0,0.0,0.0,0.0,0.0,0.0,,0.0,0.0,0.0,0.0,,0.0,0.0,,0.0,0.0,0.0,0.0,0.0,0.0,0.0,0.0,0.0,0.0,3.0,4.0,00-0033090,HenrHu00,3046439.0,Hunter Henry,1994-12-07,77.0,249.0,Arkansas,2016.0,2.0,35.0,LAC,2016,11,17.0,0.0,45.0,0.0,0.10058823529411764,2021.0,Hunter Henry,NE,27.0,TE,17.0,10.0,75.0,50.0,603.0,9.0,34.0,459.0,9.2,144.0,2.9,9.7,1.0,50.0,0.0,0.0,2.0,119.6,2023-08-21,,,,,,,,,,,,,,,,,,,,,,,,,,,,,,,,,,,,,,,,,,,,,,,,,,,,,,,,,,,,,,,,,,,,,,,,,,,,,16,9.25,1.9,7,3,1
2021,Dawson Knox,D.Knox,00-0035689,BUF,TE,TE,11.0,15,164.1,10.94,115.1,49.0,49,71,587,9,0.11396468699839486,0.09785247432306256,0.2394437625237361,0,4,0,0,0,0,0,0,917.0,0.872,0.17895310796074154,10.94,6.6510793968240325,20.700000000000003,2,TE,"https://static.www.nfl.com/image/upload/f_auto,q_auto/league/k8bi9ppahwfmoxs8ij4w",REG,0,0,0,0,0,0,0,1.053,,1,,0,0,0,0,0,0,0,,0,0,0,0,0,0,0,524,277,31,33.19093861678055,0,24,12,8,2,1.1202290076335877,0,2,0,0,0,0,1,0.0,0.0,0,0,0,0,0,0,0,0,0,0,0,0,0,0,0,0,0,0,3,20,0,0,0,0,0,0,0,0,0,0,0,0,0,,,0,0,0,0,0,0,0,0,0,0,0,0,,,,0,0,0,0,0,0,0,,0,0,0,0,,0,0,,0,0,0,0,0,0,0,0,0,0,D.Knox,Dawson Knox,TE,TE,"https://static.www.nfl.com/image/upload/f_auto,q_auto/league/k8bi9ppahwfmoxs8ij4w",2021.0,POST,BUF,2.0,0.0,0.0,0.0,0.0,0.0,0.0,0.0,0.0,0.0,0.0,0.0,0.0,,,0.0,,0.0,0.0,0.0,0.0,0.0,0.0,0.0,0.0,0.0,0.0,,0.0,0.0,0.0,0.0,0.0,7.0,9.0,98.0,2.0,0.0,0.0,82.0,19.0,4.0,8.119467479496961,0.0,3.0,2.0,2.0,0.0,1.1951219512195121,0.14516129032258066,0.1553030303030303,0.3264540566959922,0.0,0.0,0.0,0.0,0.0,0.0,0.0,0.0,0.0,0.0,0.0,0.0,0.0,0.0,0.0,0.0,0.0,0.0,0.0,0.0,0.0,0.0,0.0,0.0,0.0,0.0,0.0,2.0,15.0,0.0,0.0,0.0,0.0,0.0,0.0,0.0,0.0,0.0,0.0,0.0,0.0,0.0,,,0.0,0.0,0.0,0.0,0.0,0.0,0.0,0.0,0.0,0.0,0.0,0.0,,,,0.0,0.0,0.0,0.0,0.0,0.0,0.0,,0.0,0.0,0.0,0.0,,0.0,0.0,,0.0,0.0,0.0,0.0,0.0,0.0,0.0,0.0,0.0,0.0,21.8,28.8,00-0035689,KnoxDa00,3930086.0,Dawson Knox,1996-11-14,76.0,254.0,Mississippi,2019.0,3.0,96.0,BUF,2019,8,15.0,0.0,18.0,0.0,0.04800000000000001,2021.0,Dawson Knox,BUF,25.0,TE,15.0,14.0,71.0,49.0,587.0,9.0,31.0,310.0,6.3,277.0,5.7,7.4,3.0,16.3,4.0,0.055999999999999994,1.0,127.8,2023-08-21,,,,,,,,,,,,,,,,,,,,,,,,,,,,,,,,,,,,,,,,,,,,,,,,,,,,,,,2021.0,Regular,Season Total,BUF,D. Knox,,99.9,0.5,1.0,0.6,0.6,0.0,0.0,0.0,99.9,0.0,Dawson,Knox,Dawson Knox,https://a.espncdn.com/i/headshots/nfl/players/full/3930086.png,Bills,False,15,9.1,0.0,6,4,0
2021,Noah Fant,N.Fant,00-0035644,DEN,TE,TE,12.0,16,159.0,9.9375,91.0,68.0,68,90,670,4,0.17408123791102514,0.11862917398945519,0.34416227865915633,0,0,0,0,0,0,0,0,843.0,0.844375,0.18861209964412812,9.9375,6.505677008070209,24.700000000000003,2,TE,"https://static.www.nfl.com/image/upload/f_auto,q_auto/league/lijnonbrcmplvkcb5kqv",REG,0,0,0,0,0,0,0,,,0,,0,0,0,0,0,0,0,,0,0,0,0,0,0,0,540,319,29,15.235971487362125,0,25,10,7,0,1.2407407407407407,0,2,0,0,0,0,0,0.0,0.0,0,0,0,0,0,0,0,0,0,0,0,0,0,0,0,0,0,0,8,52,0,0,0,0,0,0,0,0,0,0,0,0,0,,,0,0,0,0,0,0,0,0,0,0,0,0,,,,0,0,0,0,0,0,0,,0,0,0,0,,0,0,,0,0,0,0,0,0,0,0,0,0,,,,,,,,,,,,,,,,,,,,,,,,,,,,,,,,,,,,,,,,,,,,,,,,,,,,,,,,,,,,,,,,,,,,,,,,,,,,,,,,,,,,,,,,,,,,,,,,,,,,,,,,,,,,,,,,,,,,,,,,,,,,,,,,,,,,,,,,,,,,,,,,,,,,00-0035644,FantNo00,4036131.0,Noah Fant,1997-11-20,76.0,249.0,Iowa,2019.0,1.0,20.0,DEN,2019,8,16.0,0.0,0.0,0.0,0.0,2021.0,Noah Fant,DEN,24.0,TE,16.0,16.0,90.0,68.0,670.0,4.0,29.0,361.0,5.3,309.0,4.5,6.1,1.0,68.0,2.0,0.022000000000000002,0.0,110.9,2023-08-21,,,,,,,,,,,,,,,,,,,,,,,,,,,,,,,,,,,,,,,,,,,,,,,,,,,,,,,,,,,,,,,,,,,,,,,,,,,,,16,9.0,2.6,7,3,0
2021,Pat Freiermuth,P.Freiermuth,00-0036894,PIT,TE,TE,13.0,16,151.7,9.48125,91.7,59.999999999999986,60,79,497,7,0.12098009188361408,0.09731921603964858,0.24959358905317514,0,0,0,0,0,0,0,0,683.0,0.61625,0.222108345534407,9.48125,4.976507309348596,21.3,1,TE,"https://static.www.nfl.com/image/upload/f_auto,q_auto/league/pyrdsypgggjshiaygkr7",REG,0,0,0,0,0,0,0,,,0,,0,0,0,0,0,0,0,,0,0,0,0,0,1,1,432,247,34,25.75093384163108,1,21,4,2,0,1.150462962962963,0,1,0,0,0,0,0,0.0,0.0,0,0,0,0,0,0,0,0,0,0,0,0,0,0,0,0,0,0,0,0,1,0,0,1,1,0,0,0,0,0,0,0,0,,,0,0,0,0,0,0,0,0,0,0,0,0,,,,0,0,0,0,0,0,0,,0,0,0,0,,0,0,,0,0,0,0,0,0,0,0,0,0,P.Freiermuth,Pat Freiermuth,TE,TE,"https://static.www.nfl.com/image/upload/f_auto,q_auto/league/pyrdsypgggjshiaygkr7",2021.0,POST,PIT,1.0,0.0,0.0,0.0,0.0,0.0,0.0,0.0,0.0,0.0,0.0,0.0,0.0,,,0.0,,0.0,0.0,0.0,0.0,0.0,0.0,0.0,0.0,0.0,0.0,,0.0,0.0,0.0,0.0,0.0,4.0,5.0,25.0,0.0,0.0,0.0,14.0,21.0,1.0,0.8374065292300656,0.0,0.0,0.0,0.0,0.0,1.7857142857142858,0.11363636363636363,0.04375,0.20107954545454543,0.0,0.0,0.0,0.0,0.0,0.0,0.0,0.0,0.0,0.0,0.0,0.0,0.0,0.0,0.0,0.0,0.0,0.0,0.0,0.0,0.0,0.0,0.0,0.0,0.0,0.0,0.0,0.0,0.0,0.0,0.0,0.0,0.0,0.0,0.0,0.0,0.0,0.0,0.0,0.0,0.0,0.0,,,0.0,0.0,0.0,0.0,0.0,0.0,0.0,0.0,0.0,0.0,0.0,0.0,,,,0.0,0.0,0.0,0.0,0.0,0.0,0.0,,0.0,0.0,0.0,0.0,,0.0,0.0,,0.0,0.0,0.0,0.0,0.0,0.0,0.0,0.0,0.0,0.0,2.5,6.5,00-0036894,FreiPa00,4361411.0,Pat Freiermuth,1998-10-25,77.0,258.0,Penn State,2021.0,2.0,55.0,PIT,2021,6,16.0,0.0,41.0,0.0,0.085625,2021.0,Pat Freiermuth,PIT,23.0,TE,16.0,9.0,79.0,60.0,497.0,7.0,34.0,250.0,4.2,247.0,4.1,5.3,8.0,7.5,2.0,0.025,0.0,121.1,2023-08-21,,,,,,,,,,,,,,,,,,,,,,,,,,,,,,,,,,,,,,,,,,,,,,,,,,,,,,,,,,,,,,,,,,,,,,,,,,,,,16,9.4,2.1,8,1,0
2021,Tyler Higbee,T.Higbee,00-0033110,LA,TE,TE,14.0,15,147.0,9.8,86.0,61.0,61,85,560,5,0.14119601328903655,0.08920919361121932,0.27424045546140835,0,0,0,0,0,0,0,0,883.0,0.9179999999999999,0.1664779161947905,9.8,5.288667128870941,23.5,1,TE,"https://static.www.nfl.com/image/upload/f_auto,q_auto/league/x1d4osiefibd04df6gow",REG,0,0,0,0,0,0,0,,,0,,0,0,0,0,0,0,0,,0,0,0,0,0,1,0,458,275,33,4.090717142722793,0,24,8,3,0,1.222707423580786,0,0,0,0,0,0,0,0.0,0.0,0,0,0,0,0,0,0,0,0,0,0,0,0,0,0,0,0,0,2,5,1,0,0,1,0,0,0,0,0,0,0,0,0,,,0,0,0,0,0,0,0,0,0,0,0,0,,,,0,0,0,0,0,0,0,,0,0,0,0,,0,0,,0,0,0,0,0,0,0,0,0,0,T.Higbee,Tyler Higbee,TE,TE,"https://static.www.nfl.com/image/upload/f_auto,q_auto/league/x1d4osiefibd04df6gow",2021.0,POST,LA,3.0,0.0,0.0,0.0,0.0,0.0,0.0,0.0,0.0,0.0,0.0,0.0,0.0,,,0.0,,0.0,0.0,0.0,0.0,0.0,0.0,0.0,0.0,0.0,0.0,,0.0,0.0,0.0,0.0,0.0,9.0,14.0,115.0,0.0,0.0,0.0,103.0,45.0,7.0,5.176510697579943,0.0,5.0,2.0,2.0,0.0,1.116504854368932,0.10294117647058823,0.08353609083536091,0.212887028290635,0.0,0.0,0.0,0.0,0.0,0.0,0.0,0.0,0.0,0.0,0.0,0.0,0.0,0.0,0.0,0.0,0.0,0.0,0.0,0.0,0.0,0.0,0.0,0.0,0.0,0.0,0.0,1.0,5.0,0.0,0.0,0.0,0.0,0.0,0.0,0.0,0.0,0.0,0.0,0.0,0.0,0.0,,,0.0,0.0,0.0,0.0,0.0,0.0,0.0,0.0,0.0,0.0,0.0,0.0,,,,0.0,0.0,0.0,0.0,0.0,0.0,0.0,,0.0,0.0,0.0,0.0,,0.0,0.0,,0.0,0.0,0.0,0.0,0.0,0.0,0.0,0.0,0.0,0.0,11.5,20.5,00-0033110,HigbTy00,2573401.0,Tyler Higbee,1993-01-01,78.0,253.0,Western Kentucky,2016.0,4.0,110.0,LA,2016,11,15.0,0.0,73.0,0.0,0.17933333333333332,2021.0,Tyler Higbee,LA,28.0,TE,15.0,15.0,85.0,61.0,560.0,5.0,33.0,279.0,4.6,281.0,4.6,5.3,1.0,61.0,3.0,0.035,3.0,94.2,2023-08-21,,,,,,,,,,,,,,,,,,,,,,,,,,,,,,,,,,,,,,,,,,,,,,,,,,,,,,,,,,,,,,,,,,,,,,,,,,,,,15,9.600000000000001,1.3,6,2,0
2021,T.J. Hockenson,T.Hockenson,00-0035229,DET,TE,TE,15.0,12,145.3,12.108333333333334,84.30000000000001,61.0,61,84,583,4,0.1486725663716814,0.16283372984403913,0.3369924604483495,0,0,0,0,0,0,0,0,658.0,0.8391666666666667,0.22082066869300915,12.108333333333334,7.579093053601566,25.700000000000003,2,TE,"https://static.www.nfl.com/image/upload/f_auto,q_auto/league/rs8o65x0u0n9xzde0fd6",REG,0,0,0,0,0,0,0,,,0,,0,0,0,0,0,0,0,,0,0,0,0,0,0,0,616,199,32,5.467852340760339,1,24,10,8,0,0.9464285714285714,0,2,0,0,0,0,0,0.0,0.0,0,0,0,0,0,0,0,0,0,0,0,0,0,0,0,0,0,0,6,40,0,0,0,0,0,0,0,0,0,0,0,0,0,,,0,0,0,0,0,0,0,0,0,0,0,0,,,,0,0,0,0,0,0,0,,0,0,0,0,,0,0,,0,0,0,0,0,0,0,0,0,0,,,,,,,,,,,,,,,,,,,,,,,,,,,,,,,,,,,,,,,,,,,,,,,,,,,,,,,,,,,,,,,,,,,,,,,,,,,,,,,,,,,,,,,,,,,,,,,,,,,,,,,,,,,,,,,,,,,,,,,,,,,,,,,,,,,,,,,,,,,,,,,,,,,,00-0035229,HockTJ00,4036133.0,T.J. Hockenson,1997-07-03,77.0,248.0,Iowa,2019.0,1.0,8.0,DET,2019,8,12.0,0.0,0.0,0.0,0.0,2021.0,TJ Hockenson,DET,24.0,TE,12.0,12.0,84.0,61.0,583.0,4.0,32.0,384.0,6.3,199.0,3.3,7.4,4.0,15.3,1.0,0.012,3.0,92.5,2023-08-21,,,,,,,,,,,,,,,,,,,,,,,,,,,,,,,,,,,,,,,,,,,,,,,,,,,,,,,,,,,,,,,,,,,,,,,,,,,,,12,11.8,0.0,8,4,1
2021,Tyler Conklin,T.Conklin,00-0034270,MIN,TE,TE,16.0,17,138.3,8.13529411764706,77.30000000000001,61.0,61,87,593,3,0.15051903114186851,0.09582817017761255,0.2928582658371316,0,0,0,0,0,0,0,0,924.0,0.8099999999999999,0.14967532467532468,8.13529411764706,4.899992496993056,20.0,1,TE,"https://static.www.nfl.com/image/upload/f_auto,q_auto/league/knjuzxnzsfjxwcjxp5en",REG,0,0,0,0,0,0,0,,,0,,0,0,0,0,0,0,0,,0,0,0,0,0,1,0,464,326,26,11.340533091528917,0,23,12,4,1,1.2780172413793103,0,0,0,0,0,0,0,0.0,0.0,0,0,0,0,0,0,0,0,0,0,0,0,0,1,0,0,0,0,4,32,1,0,0,1,0,0,0,0,0,0,0,0,0,,,0,0,0,0,0,0,0,0,0,0,0,0,,,,0,0,0,0,0,0,0,,0,0,0,0,,0,0,,0,0,0,0,0,0,0,0,0,0,,,,,,,,,,,,,,,,,,,,,,,,,,,,,,,,,,,,,,,,,,,,,,,,,,,,,,,,,,,,,,,,,,,,,,,,,,,,,,,,,,,,,,,,,,,,,,,,,,,,,,,,,,,,,,,,,,,,,,,,,,,,,,,,,,,,,,,,,,,,,,,,,,,,00-0034270,ConkTy00,3915486.0,Tyler Conklin,1995-07-30,75.0,245.0,Central Michigan; Northwood,2018.0,5.0,157.0,MIN,2018,9,17.0,0.0,1.0,0.0,0.0023529411764705885,2021.0,Tyler Conklin,MIN,26.0,TE,17.0,15.0,87.0,61.0,593.0,3.0,26.0,266.0,4.4,327.0,5.4,5.3,0.0,,3.0,0.034,0.0,100.4,2023-08-21,,,,,,,,,,,,,,,,,,,,,,,,,,,,,,,,,,,,,,,,,,,,,,,,,,,,,,,,,,,,,,,,,,,,,,,,,,,,,17,8.100000000000001,1.7000000000000002,5,2,0
2021,Darren Waller,D.Waller,00-0031610,LV,TE,TE,17.0,11,133.5,12.136363636363637,78.5,55.0,55,93,665,2,0.15422885572139303,0.17947214076246334,0.3569737821158139,0,0,0,0,0,0,0,0,608.0,0.829090909090909,0.21957236842105263,12.136363636363637,6.584872470636425,26.5,1,TE,"https://static.www.nfl.com/image/upload/f_auto,q_auto/league/loyehiyzcu2lexjk7plq",REG,0,0,0,0,0,0,0,,,0,,0,0,0,0,0,0,0,,0,0,0,0,0,0,0,918,242,31,12.168439853651792,0,27,17,13,0,0.724400871459695,0,1,0,0,0,0,0,0.0,0.0,0,0,0,0,0,0,0,0,0,0,0,0,0,0,0,0,0,0,1,15,0,0,0,0,0,0,0,0,0,0,0,0,0,,,0,0,0,0,0,0,0,0,0,0,0,0,,,,0,0,0,0,0,0,0,,0,0,0,0,,0,0,,0,0,0,0,0,0,0,0,0,0,D.Waller,Darren Waller,TE,TE,"https://static.www.nfl.com/image/upload/f_auto,q_auto/league/loyehiyzcu2lexjk7plq",2021.0,POST,LV,1.0,0.0,0.0,0.0,0.0,0.0,0.0,0.0,0.0,0.0,0.0,0.0,0.0,,,0.0,,0.0,0.0,0.0,0.0,0.0,0.0,0.0,0.0,0.0,0.0,,0.0,0.0,0.0,0.0,0.0,7.0,12.0,76.0,0.0,0.0,0.0,114.0,16.0,5.0,5.339522134946795,0.0,4.0,1.0,1.0,0.0,0.6666666666666666,0.24489795918367346,0.2773722627737226,0.561507522717116,0.0,0.0,0.0,0.0,0.0,0.0,0.0,0.0,0.0,0.0,0.0,0.0,0.0,0.0,0.0,0.0,0.0,0.0,0.0,0.0,0.0,0.0,0.0,0.0,0.0,0.0,0.0,1.0,4.0,0.0,0.0,0.0,0.0,0.0,0.0,0.0,0.0,0.0,0.0,0.0,0.0,0.0,,,0.0,0.0,0.0,0.0,0.0,0.0,0.0,0.0,0.0,0.0,0.0,0.0,,,,0.0,0.0,0.0,0.0,0.0,0.0,0.0,,0.0,0.0,0.0,0.0,,0.0,0.0,,0.0,0.0,0.0,0.0,0.0,0.0,0.0,0.0,0.0,0.0,7.6000000000000005,14.600000000000001,00-0031610,WallDa01,2576925.0,Darren Waller,1992-09-13,78.0,245.0,Georgia Tech,2015.0,6.0,204.0,BAL,2015,9,11.0,0.0,3.0,0.0,0.009090909090909092,2021.0,Darren Waller,LV,29.0,TE,11.0,11.0,93.0,55.0,665.0,2.0,31.0,423.0,7.7,242.0,4.4,9.8,3.0,18.3,5.0,0.054000000000000006,2.0,79.4,2023-08-21,,,,,,,,,,,,,,,,,,,,,,,,,,,,,,,,,,,,,,,,,,,,,,,,,,,,,,,,,,,,,,,,,,,,,,,,,,,,,11,10.9,4.2,7,4,1
2021,Jared Cook,J.Cook,00-0027061,LAC,TE,TE,18.0,16,132.4,8.275,84.4,48.0,48,83,564,4,0.125948406676783,0.13478945297127115,0.2832752270950643,0,0,0,0,0,0,0,0,644.0,0.570625,0.20559006211180125,8.275,4.264348328486624,19.0,0,TE,"https://static.www.nfl.com/image/private/f_auto,q_auto/league/cthoenebptadlu4g928v",REG,0,0,0,0,0,0,0,,,0,,0,0,0,0,0,0,0,,0,0,0,0,0,0,0,685,238,31,6.277931714929485,2,28,12,7,1,0.8233576642335766,0,1,0,0,0,0,0,0.0,0.0,0,0,0,0,0,0,0,0,0,0,0,0,0,0,0,0,0,0,2,15,0,0,0,0,0,0,0,0,0,0,0,0,0,,,0,0,0,0,0,0,0,0,0,0,0,0,,,,0,0,0,0,0,0,0,,0,0,0,0,,0,0,,0,0,0,0,0,0,0,0,0,0,,,,,,,,,,,,,,,,,,,,,,,,,,,,,,,,,,,,,,,,,,,,,,,,,,,,,,,,,,,,,,,,,,,,,,,,,,,,,,,,,,,,,,,,,,,,,,,,,,,,,,,,,,,,,,,,,,,,,,,,,,,,,,,,,,,,,,,,,,,,,,,,,,,,00-0027061,CookJa02,12537.0,Jared Cook,1987-04-07,77.0,250.0,South Carolina,2009.0,3.0,89.0,TEN,2009,13,16.0,0.0,0.0,0.0,0.0,2021.0,Jared Cook,LAC,34.0,TE,16.0,10.0,83.0,48.0,564.0,4.0,31.0,326.0,6.8,238.0,5.0,8.3,0.0,,6.0,0.07200000000000001,4.0,74.6,2023-08-21,,,,,,,,,,,,,,,,,,,,,,,,,,,,,,,,,,,,,,,,,,,,,,,,,,,,,,,,,,,,,,,,,,,,,,,,,,,,,16,7.5,2.0,6,1,0
2021,C.J. Uzomah,C.Uzomah,00-0032134,CIN,TE,TE,19.0,16,128.3,8.01875,79.30000000000001,49.0,49,63,493,5,0.11666666666666667,0.06231521491926313,0.21862065044348417,0,0,0,0,0,0,0,0,802.0,0.769375,0.15997506234413966,8.01875,7.290836143177728,26.5,2,TE,"https://static.www.nfl.com/image/private/f_auto,q_auto/league/hnkflpl5pzbfbdvtcv1c",REG,0,0,0,0,0,0,0,,,0,,0,0,0,0,0,0,0,,0,0,0,0,0,0,0,274,300,24,19.42378815087177,0,17,8,7,1,1.7992700729927007,0,0,0,0,0,0,0,0.0,0.0,0,0,0,0,0,0,0,0,0,0,0,0,0,0,0,0,0,0,0,0,0,0,0,0,0,0,0,0,0,0,0,0,0,,,0,0,0,0,0,0,0,0,0,0,0,0,,,,0,0,0,0,0,0,0,,0,0,0,0,,0,0,,0,0,0,0,0,0,0,0,0,0,C.Uzomah,C.J. Uzomah,TE,TE,"https://static.www.nfl.com/image/private/f_auto,q_auto/league/hnkflpl5pzbfbdvtcv1c",2021.0,POST,CIN,4.0,0.0,0.0,0.0,0.0,0.0,0.0,0.0,0.0,0.0,0.0,0.0,0.0,,,0.0,,0.0,0.0,0.0,0.0,0.0,0.0,0.0,0.0,0.0,0.0,,0.0,0.0,0.0,0.0,0.0,15.0,18.0,146.0,1.0,0.0,0.0,85.0,80.0,7.0,6.815670994052198,0.0,3.0,2.0,2.0,0.0,1.7176470588235293,0.1323529411764706,0.096045197740113,0.265761050182785,0.0,0.0,0.0,0.0,0.0,0.0,0.0,0.0,0.0,0.0,0.0,0.0,0.0,0.0,0.0,0.0,0.0,0.0,0.0,0.0,0.0,0.0,0.0,0.0,0.0,0.0,0.0,0.0,0.0,0.0,0.0,0.0,0.0,0.0,0.0,0.0,0.0,0.0,0.0,0.0,0.0,0.0,,,0.0,0.0,0.0,0.0,0.0,0.0,0.0,0.0,0.0,0.0,0.0,0.0,,,,0.0,0.0,0.0,0.0,0.0,0.0,0.0,,0.0,0.0,0.0,0.0,,0.0,0.0,,0.0,0.0,0.0,0.0,0.0,0.0,0.0,0.0,0.0,0.0,20.6,35.6,00-0032134,UzomC.00,2574576.0,C.J. Uzomah,1993-01-14,78.0,271.0,Auburn,2015.0,5.0,157.0,CIN,2015,10,16.0,0.0,104.0,0.0,0.23375,2021.0,CJ Uzomah,CIN,28.0,TE,16.0,16.0,63.0,49.0,493.0,5.0,24.0,193.0,3.9,300.0,6.1,4.3,5.0,9.8,4.0,0.063,1.0,119.1,2023-08-21,,,,,,,,,,,,,,,,,,,,,,,,,,,,,,,,,,,,,,,,,,,,,,,,,,,,,,,,,,,,,,,,,,,,,,,,,,,,,16,5.95,0.0,3,2,1
2021,Taysom Hill,T.Hill,00-0033357,NO,TE,TE,20.0,12,121.72,10.143333333333333,117.72,4.0,4,6,52,0,0.012658227848101266,0.005073431241655541,0.02253874364131078,70,374,5,78,134,978,4,5,431.0,0.555,0.28241299303944317,10.143333333333333,8.605143634460553,26.3,2,TE,"https://static.www.nfl.com/image/upload/f_auto,q_auto/league/q8itjlocg5do60qat4l3",REG,9,-64,1,0,991,521,43,-11.434644389408973,-7.096013215583141,0,0.9868819374369324,33,21,14,2,1,0,26,14.291810151895364,0,7,5,3,1,0,0,19,50,4,-2.829543322790414,0,4,0,0,0,2.736842105263158,0,1,0,1,0,0,0,0.0,0.0,0,0,0,0,0,0,0,0,0,0,0,0,0,2,-2,0,0,0,1,13,0,2,0,2,0,0,0,0,0,0,0,0,0,,,0,0,0,0,0,0,0,0,0,0,0,0,,,,0,0,0,0,0,0,0,,0,0,0,0,,0,0,,0,0,0,0,0,0,0,0,0,0,,,,,,,,,,,,,,,,,,,,,,,,,,,,,,,,,,,,,,,,,,,,,,,,,,,,,,,,,,,,,,,,,,,,,,,,,,,,,,,,,,,,,,,,,,,,,,,,,,,,,,,,,,,,,,,,,,,,,,,,,,,,,,,,,,,,,,,,,,,,,,,,,,,,00-0033357,HillTa00,2468609.0,Taysom Hill,1990-08-23,74.0,221.0,BYU,,,,,2017,9,12.0,0.0,27.0,0.0,0.08333333333333333,2021.0,Taysom Hill,NO,31.0,QB,12.0,9.0,6.0,4.0,52.0,0.0,4.0,2.0,0.5,50.0,12.5,3.2,1.0,4.0,0.0,0.0,1.0,54.2,2023-08-21,2021.0,Taysom Hill,NO,31.0,QB,12.0,9.0,70.0,374.0,5.0,26.0,269.0,3.8,105.0,1.5,8.0,8.8,2023-08-21,Taysom Hill,NO,134.0,4.0,2.0,11.0,8.6,26.0,20.3,2021.0,2.5,40.0,18.0,9.0,36.0,22.6,3.0,94.0,73.4,11.0,74.0,6.0,46.0,4.0,28.0,32.0,349.0,,,,,,,,,,,,,,,,,,,,,,,,,,,,,,,,12,9.33,0.22,5,4,1
2021,Cole Kmet,C.Kmet,00-0036290,CHI,TE,TE,21.0,17,121.2,7.129411764705883,61.2,60.0,60,93,612,0,0.17748091603053434,0.1604004449388209,0.37850168550297614,1,0,0,0,0,0,0,0,935.0,0.8364705882352942,0.12962566844919787,7.129411764705883,4.353269562335067,14.700000000000001,0,TE,"https://static.www.nfl.com/image/upload/f_auto,q_auto/league/ysnui8mzlu2fo70ub0yt",REG,0,0,0,0,0,0,0,,,0,,0,0,0,0,0,0,0,-0.2222453574941028,0,0,0,0,0,0,0,721,246,29,-5.914550160515386,0,31,11,7,0,0.8488210818307905,0,1,0,0,0,0,0,0.0,0.0,0,0,0,0,0,0,0,0,0,0,0,0,0,1,0,0,0,0,4,30,0,0,0,0,0,0,0,1,0,0,0,0,0,,,0,0,0,0,0,0,0,0,0,0,0,0,,,,0,0,0,0,0,0,0,,0,0,0,0,,0,0,,0,0,0,0,0,0,0,0,0,0,,,,,,,,,,,,,,,,,,,,,,,,,,,,,,,,,,,,,,,,,,,,,,,,,,,,,,,,,,,,,,,,,,,,,,,,,,,,,,,,,,,,,,,,,,,,,,,,,,,,,,,,,,,,,,,,,,,,,,,,,,,,,,,,,,,,,,,,,,,,,,,,,,,,00-0036290,KmetCo00,4258595.0,Cole Kmet,1999-03-10,78.0,257.0,Notre Dame,2020.0,2.0,43.0,CHI,2020,7,17.0,0.0,121.0,0.0,0.28294117647058825,2021.0,Cole Kmet,CHI,22.0,TE,17.0,17.0,93.0,60.0,612.0,0.0,29.0,366.0,6.1,246.0,4.1,7.8,4.0,15.0,5.0,0.054000000000000006,2.0,74.3,2023-08-21,2021.0,Cole Kmet,CHI,22.0,TE,17.0,17.0,1.0,0.0,0.0,0.0,0.0,0.0,0.0,0.0,0.0,,2023-08-21,,,,,,,,,,,,,,,,,,,,,,,,,,,,,,,,,,,,,,,,,,,,,,,,,,,,,,,,,,,17,7.1000000000000005,1.0,3,0,0
2021,Gerald Everett,G.Everett,00-0033895,SEA,TE,TE,22.0,15,117.80000000000001,7.853333333333334,69.80000000000001,48.0,48,63,478,4,0.13291139240506328,0.07144403550552067,0.24937791346145938,3,20,0,0,0,0,0,0,650.0,0.752,0.18123076923076925,7.8533333333333335,5.124571991419196,16.8,0,TE,"https://static.www.nfl.com/image/upload/f_auto,q_auto/league/aayw74rhaupmfnnikzak",REG,0,0,0,0,0,0,0,,,0,,0,0,0,0,0,0,2,0.3558884628582746,0,2,2,0,0,2,2,330,249,26,10.863654386933332,0,19,7,5,1,1.4484848484848485,0,0,0,0,0,0,0,0.0,0.0,0,0,0,0,0,0,0,0,0,0,0,0,0,0,0,0,0,0,3,29,2,0,0,2,2,0,0,0,0,0,0,0,0,,,0,0,0,0,0,0,0,0,0,0,0,0,,,,0,0,0,0,0,0,0,,0,0,0,0,,0,0,,0,0,0,0,0,0,0,0,0,0,,,,,,,,,,,,,,,,,,,,,,,,,,,,,,,,,,,,,,,,,,,,,,,,,,,,,,,,,,,,,,,,,,,,,,,,,,,,,,,,,,,,,,,,,,,,,,,,,,,,,,,,,,,,,,,,,,,,,,,,,,,,,,,,,,,,,,,,,,,,,,,,,,,,00-0033895,EverGe00,3918639.0,Gerald Everett,1994-06-25,75.0,252.0,South Alabama; UAB; Hutchinson CC,2017.0,2.0,44.0,LA,2017,8,15.0,0.0,0.0,0.0,0.0,2021.0,Gerald Everett,SEA,27.0,TE,15.0,12.0,63.0,48.0,478.0,4.0,26.0,229.0,4.8,249.0,5.2,5.3,9.0,5.3,3.0,0.048,1.0,111.7,2023-08-21,2021.0,Gerald Everett,SEA,27.0,TE,15.0,12.0,3.0,20.0,0.0,2.0,15.0,5.0,5.0,1.7,0.0,,2023-08-21,,,,,,,,,,,,,,,,,,,,,,,,,,,,,,,,,,,,,,,,,,,,,,,,,,,,,,,,,,,15,6.7,0.7000000000000002,7,1,0
2021,David Njoku,D.Njoku,00-0033885,CLE,TE,TE,23.0,15,107.6,7.173333333333333,71.6,36.0,36,53,475,4,0.1062124248496994,0.10065237651444547,0.2297753008346609,1,1,0,0,0,0,0,0,670.0,0.64625,0.16059701492537312,7.173333333333334,6.94277287818745,27.9,1,TE,"https://static.www.nfl.com/image/upload/f_auto,q_auto/league/y4g1iayqrbrhdvkqywpx",REG,0,0,0,0,0,0,0,,,0,,0,0,0,0,0,0,0,-0.5057117864489555,0,0,0,0,0,0,0,432,247,17,21.507124588656165,0,15,9,8,2,1.099537037037037,0,2,0,0,0,0,0,0.0,0.0,0,0,0,0,0,0,0,0,0,0,0,0,0,1,0,0,0,0,4,35,0,0,0,0,0,0,0,0,0,0,0,0,0,,,0,0,0,0,0,0,0,0,0,0,0,0,,,,0,0,0,0,0,0,0,,0,0,0,0,,0,0,,0,0,0,0,0,0,0,0,0,0,,,,,,,,,,,,,,,,,,,,,,,,,,,,,,,,,,,,,,,,,,,,,,,,,,,,,,,,,,,,,,,,,,,,,,,,,,,,,,,,,,,,,,,,,,,,,,,,,,,,,,,,,,,,,,,,,,,,,,,,,,,,,,,,,,,,,,,,,,,,,,,,,,,,00-0033885,NjokDa00,3123076.0,David Njoku,1996-07-10,76.0,246.0,Miami,2017.0,1.0,29.0,CLE,2017,12,16.0,0.0,0.0,0.0,0.0,2021.0,David Njoku,CLE,25.0,TE,16.0,11.0,53.0,36.0,475.0,4.0,17.0,228.0,6.3,247.0,6.9,8.2,2.0,18.0,2.0,0.038,1.0,113.3,2023-08-21,2021.0,David Njoku,CLE,25.0,TE,16.0,11.0,1.0,1.0,0.0,0.0,0.0,0.0,1.0,1.0,0.0,,2023-08-21,,,,,,,,,,,,,,,,,,,,,,,,,,,,,,,,,,,,,,,,,,,,,,,,,,,,,,,,,,,15,4.1,0.0,4,1,1
2021,Evan Engram,E.Engram,00-0033881,NYG,TE,TE,24.0,15,102.5,6.833333333333333,56.5,46.0,46,73,408,3,0.12943262411347517,0.08388723355489343,0.25286999965863816,1,-3,0,0,0,0,0,0,722.0,0.7466666666666666,0.1419667590027701,6.833333333333333,3.9440129430870403,12.8,0,TE,"https://static.www.nfl.com/image/upload/f_auto,q_auto/league/nucl2dxmpvhlywhyro8o",REG,0,0,0,0,0,0,0,,,0,,0,0,0,0,0,0,0,-1.524498006911017,0,0,0,0,0,1,1,366,185,21,-10.748071335000818,0,16,7,2,0,1.1147540983606556,0,1,0,0,0,0,0,0.0,0.0,0,0,0,0,0,0,0,0,0,0,0,0,0,0,0,0,0,0,0,0,1,0,0,1,1,0,0,0,0,0,0,0,0,,,0,0,0,0,0,0,0,0,0,0,0,0,,,,0,0,0,0,0,0,0,,0,0,0,0,,0,0,,0,0,0,0,0,0,0,0,0,0,,,,,,,,,,,,,,,,,,,,,,,,,,,,,,,,,,,,,,,,,,,,,,,,,,,,,,,,,,,,,,,,,,,,,,,,,,,,,,,,,,,,,,,,,,,,,,,,,,,,,,,,,,,,,,,,,,,,,,,,,,,,,,,,,,,,,,,,,,,,,,,,,,,,00-0033881,EngrEv00,3051876.0,Evan Engram,1994-09-02,75.0,240.0,Mississippi,2017.0,1.0,23.0,NYG,2017,10,15.0,0.0,0.0,0.0,0.0,2021.0,Evan Engram,NYG,27.0,TE,15.0,12.0,73.0,46.0,408.0,3.0,21.0,225.0,4.9,183.0,4.0,5.0,0.0,,6.0,0.08199999999999999,2.0,80.2,2023-08-21,2021.0,Evan Engram,NYG,27.0,TE,15.0,12.0,1.0,-3.0,0.0,0.0,-3.0,-3.0,0.0,0.0,0.0,,2023-08-21,,,,,,,,,,,,,,,,,,,,,,,,,,,,,,,,,,,,,,,,,,,,,,,,,,,,,,,,,,,15,7.300000000000001,1.4,5,0,0
2021,Austin Hooper,A.Hooper,00-0032392,CLE,TE,TE,25.0,15,92.5,6.166666666666667,54.5,38.0,38,61,345,3,0.12224448897795591,0.07642124883504194,0.23686160765146322,0,0,0,0,0,0,0,0,717.0,0.685625,0.1290097629009763,6.166666666666667,4.124433583045359,14.0,0,TE,"https://static.www.nfl.com/image/upload/f_auto,q_auto/league/dd0j9ccd8fxokl48alzg",REG,0,0,0,0,0,0,0,,,0,,0,0,0,0,0,0,0,,0,0,0,0,0,0,0,328,185,18,20.021503306744226,1,13,4,4,0,1.0518292682926829,0,2,0,0,0,0,0,0.0,0.0,0,0,0,0,0,0,0,0,0,0,0,0,0,0,0,0,0,0,1,5,0,0,0,0,0,0,0,0,0,0,0,0,0,,,0,0,0,0,0,0,0,0,0,0,0,0,,,,0,0,0,0,0,0,0,,0,0,0,0,,0,0,,0,0,0,0,0,0,0,0,0,0,,,,,,,,,,,,,,,,,,,,,,,,,,,,,,,,,,,,,,,,,,,,,,,,,,,,,,,,,,,,,,,,,,,,,,,,,,,,,,,,,,,,,,,,,,,,,,,,,,,,,,,,,,,,,,,,,,,,,,,,,,,,,,,,,,,,,,,,,,,,,,,,,,,,00-0032392,HoopAu00,3043275.0,Austin Hooper,1994-10-29,76.0,254.0,Stanford,2016.0,3.0,81.0,ATL,2016,11,16.0,0.0,9.0,0.0,0.019375,2021.0,Austin Hooper,CLE,27.0,TE,16.0,16.0,61.0,38.0,345.0,3.0,18.0,160.0,4.2,185.0,4.9,5.4,1.0,38.0,6.0,0.098,1.0,87.1,2023-08-21,,,,,,,,,,,,,,,,,,,,,,,,,,,,,,,,,,,,,,,,,,,,,,,,,,,,,,,,,,,,,,,,,,,,,,,,,,,,,15,5.7,0.0,2,0,0
2021,Foster Moreau,F.Moreau,00-0034981,LV,TE,TE,26.0,15,85.30000000000001,5.686666666666667,55.300000000000004,30.000000000000007,30,44,373,3,0.07296849087893864,0.0635386119257087,0.15392976466640404,0,0,0,0,0,0,0,0,748.0,0.6464705882352941,0.11403743315508023,5.6866666666666665,5.635584222049168,18.0,0,TE,"https://static.www.nfl.com/image/upload/f_auto,q_auto/league/daymhftrwf00siu0iviy",REG,0,0,0,0,0,0,0,,,0,,0,0,0,0,0,0,0,,0,0,0,0,0,1,0,325,189,16,-0.8733873719285308,0,16,9,6,1,1.1476923076923078,0,3,0,1,0,0,1,0.0,0.0,0,0,0,0,0,0,0,0,0,0,0,0,0,0,0,1,0,0,4,35,1,0,1,1,0,0,0,0,0,0,0,0,0,,,0,0,0,0,0,0,0,0,0,0,0,0,,,,0,0,0,0,0,0,0,,0,0,0,0,,0,0,,0,0,0,0,0,0,0,0,0,0,F.Moreau,Foster Moreau,TE,TE,"https://static.www.nfl.com/image/upload/f_auto,q_auto/league/daymhftrwf00siu0iviy",2021.0,POST,LV,1.0,0.0,0.0,0.0,0.0,0.0,0.0,0.0,0.0,0.0,0.0,0.0,0.0,,,0.0,,0.0,0.0,0.0,0.0,0.0,0.0,0.0,0.0,0.0,0.0,,0.0,0.0,0.0,0.0,0.0,0.0,3.0,0.0,0.0,0.0,0.0,21.0,0.0,0.0,-1.8628517440520227,0.0,0.0,0.0,0.0,0.0,0.0,0.061224489795918366,0.051094890510948905,0.12760315805154177,0.0,0.0,0.0,1.0,0.0,0.0,0.0,0.0,0.0,0.0,0.0,0.0,0.0,0.0,0.0,0.0,0.0,0.0,0.0,0.0,0.0,0.0,0.0,0.0,0.0,0.0,0.0,0.0,0.0,0.0,0.0,0.0,0.0,0.0,0.0,0.0,0.0,0.0,0.0,0.0,0.0,0.0,,,0.0,0.0,0.0,0.0,0.0,0.0,0.0,0.0,0.0,0.0,0.0,0.0,,,,0.0,0.0,0.0,0.0,0.0,0.0,0.0,,0.0,0.0,0.0,0.0,,0.0,0.0,,0.0,0.0,0.0,0.0,0.0,0.0,0.0,0.0,0.0,0.0,0.0,0.0,00-0034981,MoreFo00,3843945.0,Foster Moreau,1997-05-06,76.0,250.0,LSU,2019.0,4.0,137.0,LV,2019,8,17.0,0.0,260.0,0.0,0.5347058823529411,2021.0,Foster Moreau,LV,24.0,TE,17.0,11.0,44.0,30.0,373.0,3.0,16.0,184.0,6.1,189.0,6.3,7.4,2.0,15.0,4.0,0.091,2.0,98.0,2023-08-21,,,,,,,,,,,,,,,,,,,,,,,,,,,,,,,,,,,,,,,,,,,,,,,,,,,,,,,,,,,,,,,,,,,,,,,,,,,,,15,4.3,0.0,4,1,0
2021,Mo Alie-Cox,M.Alie-Cox,00-0033217,IND,TE,TE,27.0,17,79.6,4.68235294117647,55.6,23.999999999999993,24,45,316,4,0.08964143426294821,0.1105,0.2118121513944223,0,0,0,0,0,0,0,0,609.0,0.5488235294117647,0.13070607553366173,4.68235294117647,5.1418911032466506,19.2,0,TE,"https://static.www.nfl.com/image/upload/f_auto,q_auto/league/ivdxijcqlhfwsydxh6ox",REG,0,0,0,0,0,0,0,,,0,,0,0,0,0,0,0,0,,0,0,0,0,0,1,0,442,150,14,8.919813206660425,0,12,9,5,0,0.7149321266968326,0,2,0,1,0,0,0,0.0,0.0,0,0,0,0,0,0,0,0,0,0,0,0,0,0,0,0,0,0,1,5,1,0,1,1,0,0,0,0,0,0,0,0,0,,,0,0,0,0,0,0,0,0,0,0,0,0,,,,0,0,0,0,0,0,0,,0,0,0,0,,0,0,,0,0,0,0,0,0,0,0,0,0,,,,,,,,,,,,,,,,,,,,,,,,,,,,,,,,,,,,,,,,,,,,,,,,,,,,,,,,,,,,,,,,,,,,,,,,,,,,,,,,,,,,,,,,,,,,,,,,,,,,,,,,,,,,,,,,,,,,,,,,,,,,,,,,,,,,,,,,,,,,,,,,,,,,00-0033217,AlieMo00,2998565.0,Mo Alie-Cox,1993-09-19,77.0,267.0,Virginia Commonwealth Univ.,,,,,2017,9,17.0,0.0,116.0,0.0,0.2635294117647059,2021.0,Mo Alie-Cox,IND,28.0,TE,17.0,7.0,45.0,24.0,316.0,4.0,14.0,166.0,6.9,150.0,6.3,9.9,2.0,12.0,2.0,0.044000000000000004,1.0,96.2,2023-08-21,,,,,,,,,,,,,,,,,,,,,,,,,,,,,,,,,,,,,,,,,,,,,,,,,,,,,,,,,,,,,,,,,,,,,,,,,,,,,17,3.4000000000000004,0.0,2,1,0
2021,Jack Doyle,J.Doyle,00-0030181,IND,TE,TE,28.0,15,79.2,5.28,50.2,29.0,29,43,302,3,0.08565737051792828,0.07125,0.17836105577689243,0,0,0,0,0,0,0,0,643.0,0.5823529411764706,0.12317262830482116,5.28,5.52839423857804,20.1,1,TE,"https://static.www.nfl.com/image/private/f_auto,q_auto/league/h6abyvmg2g93llboizi6",REG,0,0,0,0,0,0,0,,,0,,0,0,0,0,0,0,0,,0,0,0,0,0,0,0,285,125,18,11.835966540664888,1,15,4,3,0,1.0596491228070175,0,0,0,0,0,0,0,0.0,0.0,0,0,0,0,0,0,0,0,0,0,0,0,0,1,0,0,0,0,4,25,0,0,0,0,0,0,0,0,0,0,0,0,0,,,0,0,0,0,0,0,0,0,0,0,0,0,,,,0,0,0,0,0,0,0,,0,0,0,0,,0,0,,0,0,0,0,0,0,0,0,0,0,,,,,,,,,,,,,,,,,,,,,,,,,,,,,,,,,,,,,,,,,,,,,,,,,,,,,,,,,,,,,,,,,,,,,,,,,,,,,,,,,,,,,,,,,,,,,,,,,,,,,,,,,,,,,,,,,,,,,,,,,,,,,,,,,,,,,,,,,,,,,,,,,,,,00-0030181,DoylJa00,16504.0,Jack Doyle,1990-05-05,78.0,262.0,Western Kentucky,,,,,2013,9,17.0,0.0,24.0,0.0,0.051176470588235295,2021.0,Jack Doyle,IND,31.0,TE,17.0,14.0,43.0,29.0,302.0,3.0,18.0,177.0,6.1,125.0,4.3,6.8,0.0,,4.0,0.09300000000000001,2.0,91.4,2023-08-21,,,,,,,,,,,,,,,,,,,,,,,,,,,,,,,,,,,,,,,,,,,,,,,,,,,,,,,,,,,,,,,,,,,,,,,,,,,,,15,3.4000000000000004,0.0,2,1,0
2021,Cameron Brate,C.Brate,00-0031273,TB,TE,TE,29.0,16,78.5,4.90625,48.5,30.0,30,57,245,4,0.07960893854748603,0.07363420427553444,0.17095735081410315,0,0,0,0,0,0,0,0,469.0,0.39882352941176474,0.1673773987206823,4.90625,2.589586517831241,9.1,0,TE,"https://static.www.nfl.com/image/private/f_auto,q_auto/league/jhioqec65qy4z7s6w9a6",REG,0,0,0,0,0,0,0,,,0,,0,0,0,0,0,0,0,,0,0,0,0,0,0,0,434,81,15,-2.1851556426469148,0,10,3,0,0,0.5645161290322581,0,1,0,0,0,0,0,0.0,0.0,0,0,0,0,0,0,0,0,0,0,0,0,0,0,0,0,0,0,0,0,0,0,0,0,0,0,0,0,0,0,0,0,0,,,0,0,0,0,0,0,0,0,0,0,0,0,,,,0,0,0,0,0,0,0,,0,0,0,0,,0,0,,0,0,0,0,0,0,0,0,0,0,C.Brate,Cameron Brate,TE,TE,"https://static.www.nfl.com/image/private/f_auto,q_auto/league/jhioqec65qy4z7s6w9a6",2021.0,POST,TB,2.0,0.0,0.0,0.0,0.0,0.0,0.0,0.0,0.0,0.0,0.0,0.0,0.0,,,0.0,,0.0,0.0,0.0,0.0,0.0,0.0,0.0,0.0,0.0,0.0,,0.0,0.0,0.0,0.0,0.0,4.0,6.0,38.0,0.0,0.0,0.0,34.0,26.0,2.0,-2.0553228598221343,0.0,1.0,1.0,0.0,0.0,1.1176470588235294,0.06741573033707865,0.05704697986577181,0.14105648141165825,0.0,0.0,0.0,0.0,0.0,0.0,0.0,0.0,0.0,0.0,0.0,0.0,0.0,0.0,0.0,0.0,0.0,0.0,0.0,0.0,0.0,0.0,0.0,0.0,0.0,0.0,0.0,0.0,0.0,0.0,0.0,0.0,0.0,0.0,0.0,0.0,0.0,0.0,0.0,0.0,0.0,0.0,,,0.0,0.0,0.0,0.0,0.0,0.0,0.0,0.0,0.0,0.0,0.0,0.0,,,,0.0,0.0,0.0,0.0,0.0,0.0,0.0,,0.0,0.0,0.0,0.0,,0.0,0.0,,0.0,0.0,0.0,0.0,0.0,0.0,0.0,0.0,0.0,0.0,3.8000000000000003,7.800000000000001,00-0031273,BratCa00,17453.0,Cameron Brate,1991-07-03,77.0,245.0,Harvard,,,,,2014,8,17.0,0.0,6.0,0.0,0.012941176470588235,2021.0,Cameron Brate,TB,30.0,TE,17.0,3.0,57.0,30.0,245.0,4.0,15.0,164.0,5.5,81.0,2.7,7.6,0.0,,3.0,0.053,0.0,87.2,2023-08-21,,,,,,,,,,,,,,,,,,,,,,,,,,,,,,,,,,,,,,,,,,,,,,,,,,,,,,,,,,,,,,,,,,,,,,,,,,,,,16,4.800000000000001,0.0,0,0,0
2021,Albert Okwuegbunam,A.Okwuegbunam,00-0036423,DEN,TE,TE,30.0,14,76.0,5.428571428571429,43.0,33.0,33,40,330,2,0.07736943907156674,0.04964850615114236,0.15080811291314974,0,0,0,0,0,0,0,0,421.0,0.46214285714285713,0.18052256532066507,5.428571428571429,4.381504583768277,15.100000000000001,0,TE,"https://static.www.nfl.com/image/upload/f_auto,q_auto/league/ivyip7mtbv6i0wbnlrph",REG,0,0,0,0,0,0,0,,,0,,0,0,0,0,0,0,0,,0,0,0,0,0,1,1,226,245,15,13.59948683515599,0,12,6,3,1,1.4601769911504425,0,0,0,0,0,0,0,0.0,0.0,0,0,0,0,0,0,0,0,0,0,0,0,0,1,2,0,0,0,4,34,1,0,0,1,1,0,0,0,0,0,0,0,0,,,0,0,0,0,0,0,0,0,0,0,0,0,,,,0,0,0,0,0,0,0,,0,0,0,0,,0,0,,0,0,0,0,0,0,0,0,0,0,,,,,,,,,,,,,,,,,,,,,,,,,,,,,,,,,,,,,,,,,,,,,,,,,,,,,,,,,,,,,,,,,,,,,,,,,,,,,,,,,,,,,,,,,,,,,,,,,,,,,,,,,,,,,,,,,,,,,,,,,,,,,,,,,,,,,,,,,,,,,,,,,,,,00-0036423,OkwuAl00,4035115.0,Albert Okwuegbunam,1998-04-25,77.0,258.0,Missouri,2020.0,4.0,118.0,DEN,2020,6,14.0,0.0,0.0,0.0,0.0,2021.0,Albert Okwuegbunam,DEN,23.0,TE,14.0,6.0,40.0,33.0,330.0,2.0,15.0,85.0,2.6,245.0,7.4,5.7,3.0,11.0,2.0,0.05,0.0,117.7,2023-08-21,,,,,,,,,,,,,,,,,,,,,,,,,,,,,,,,,,,,,,,,,,,,,,,,,,,,,,,,,,,,,,,,,,,,,,,,,,,,,14,5.75,0.0,2,1,0
2021,Dan Arnold,D.Arnold,00-0034011,JAX,TE,TE,31.0,11,75.80000000000001,6.8909090909090915,40.800000000000004,35.00000000000001,35,52,408,0,0.09043478260869565,0.07697532261716097,0.18953489974505616,0,0,0,0,0,0,0,0,363.0,0.5036363636363637,0.2088154269972452,6.890909090909091,4.896622212393876,14.8,0,TE,"https://static.www.nfl.com/image/private/f_auto,q_auto/league/txr5zwgfdbtwzsre8trk",REG,0,0,0,0,0,0,0,,,0,,0,0,0,0,0,0,0,,0,0,0,0,0,1,1,340,188,20,4.5934379209806,1,20,10,2,0,1.2,0,0,0,0,0,0,0,0.0,0.0,0,0,0,0,0,0,0,0,0,0,0,0,0,0,0,0,0,0,2,10,1,0,0,1,1,0,0,1,13,0,0,0,0,,,0,0,0,0,0,0,0,0,0,0,0,0,,,,0,0,0,0,0,0,0,,0,0,0,0,,0,0,,0,0,0,0,0,0,0,0,0,0,,,,,,,,,,,,,,,,,,,,,,,,,,,,,,,,,,,,,,,,,,,,,,,,,,,,,,,,,,,,,,,,,,,,,,,,,,,,,,,,,,,,,,,,,,,,,,,,,,,,,,,,,,,,,,,,,,,,,,,,,,,,,,,,,,,,,,,,,,,,,,,,,,,,00-0034011,ArnoDa00,4212989.0,Dan Arnold,1995-03-15,78.0,220.0,Wisconsin-Platteville,,,,,2017,6,11.0,0.0,25.0,0.0,0.09363636363636364,2021.0,Dan Arnold,2TM,26.0,WR,11.0,4.0,52.0,35.0,408.0,0.0,20.0,220.0,6.3,188.0,5.4,6.5,2.0,17.5,2.0,0.038,0.0,90.9,2023-08-21,,,,,,,,,,,,,,,,,,,,,,,,,,,,,,,,,,,,,,,,,,,,,,,,,,,,,,,,,,,,,,,,,,,,,,,,,,,,,11,4.9,0.0,4,0,0
2021,Anthony Firkser,A.Firkser,00-0033455,TEN,TE,TE,32.0,15,73.1,4.873333333333333,39.1,33.99999999999999,34,43,291,2,0.08237547892720307,0.062421972534332085,0.16725859916483704,0,0,0,0,0,0,0,0,396.0,0.38066666666666665,0.1845959595959596,4.873333333333334,4.215357410141885,15.600000000000001,0,TE,"https://static.www.nfl.com/image/upload/f_auto,q_auto/league/rpbs9wsnuhu9tgipzwuv",REG,0,0,0,0,0,0,0,,,0,,0,0,0,0,0,0,0,,0,0,0,0,0,1,1,250,111,15,10.048556437280958,0,13,2,1,0,1.164,0,1,0,0,0,0,0,0.0,0.0,0,0,0,0,0,0,0,0,0,0,0,0,0,2,-7,1,0,1,4,18,2,0,0,2,1,0,0,0,0,0,0,0,0,,,0,0,0,0,0,0,0,0,0,0,0,0,,,,0,0,0,0,0,0,0,,0,0,0,0,,0,0,,0,0,0,0,0,0,0,0,0,0,A.Firkser,Anthony Firkser,TE,TE,"https://static.www.nfl.com/image/upload/f_auto,q_auto/league/rpbs9wsnuhu9tgipzwuv",2021.0,POST,TEN,1.0,0.0,0.0,0.0,0.0,0.0,0.0,0.0,0.0,0.0,0.0,0.0,0.0,,,0.0,,0.0,0.0,0.0,0.0,0.0,0.0,0.0,0.0,0.0,0.0,,0.0,0.0,0.0,0.0,0.0,0.0,1.0,0.0,0.0,0.0,0.0,3.0,0.0,0.0,-0.3106995412381366,0.0,0.0,0.0,0.0,0.0,0.0,0.041666666666666664,0.011494252873563218,0.07054597701149426,0.0,1.0,0.0,0.0,0.0,0.0,0.0,0.0,0.0,0.0,0.0,0.0,0.0,0.0,0.0,0.0,0.0,0.0,0.0,0.0,0.0,0.0,0.0,0.0,0.0,0.0,0.0,0.0,0.0,0.0,0.0,0.0,0.0,0.0,0.0,0.0,0.0,0.0,0.0,0.0,0.0,0.0,,,0.0,0.0,0.0,0.0,0.0,0.0,0.0,0.0,0.0,0.0,0.0,0.0,,,,0.0,0.0,0.0,0.0,0.0,0.0,0.0,,0.0,0.0,0.0,0.0,,0.0,0.0,,0.0,0.0,0.0,0.0,0.0,0.0,0.0,0.0,0.0,0.0,0.0,0.0,00-0033455,FirkAn00,3049698.0,Anthony Firkser,1995-02-19,74.0,246.0,Harvard,,,,,2017,7,15.0,0.0,72.0,0.0,0.18000000000000002,2021.0,Anthony Firkser,TEN,26.0,FB,15.0,1.0,43.0,34.0,291.0,2.0,15.0,180.0,5.3,111.0,3.3,5.8,0.0,,3.0,0.07,2.0,91.0,2023-08-21,,,,,,,,,,,,,,,,,,,,,,,,,,,,,,,,,,,,,,,,,,,,,,,,,,,,,,,,,,,,,,,,,,,,,,,,,,,,,15,2.3,1.2,2,1,0
2021,Durham Smythe,D.Smythe,00-0034798,MIA,TE,TE,33.0,16,70.0,4.375,36.0,34.0,34,41,357,0,0.06844741235392321,0.05815253858197271,0.14337789553826571,2,3,0,0,0,0,0,0,716.0,0.6223529411764706,0.09776536312849161,4.375,3.2856252575930407,10.9,0,TE,"https://static.www.nfl.com/image/upload/f_auto,q_auto/league/pwcuy1ntmris98x8xmxi",REG,0,0,0,0,0,0,0,,,0,,0,0,0,0,0,0,2,1.3401846177875996,0,0,0,0,0,0,0,260,160,15,14.968283768830588,0,15,9,5,0,1.373076923076923,0,1,0,1,0,0,0,0.0,0.0,0,0,0,0,0,0,0,0,0,0,0,0,0,0,0,0,0,0,2,15,0,0,0,0,0,0,0,0,0,0,0,0,0,,,0,0,0,0,0,0,0,0,0,0,0,0,,,,0,0,0,0,0,0,0,,0,0,0,0,,0,0,,0,0,0,0,0,0,0,0,0,0,,,,,,,,,,,,,,,,,,,,,,,,,,,,,,,,,,,,,,,,,,,,,,,,,,,,,,,,,,,,,,,,,,,,,,,,,,,,,,,,,,,,,,,,,,,,,,,,,,,,,,,,,,,,,,,,,,,,,,,,,,,,,,,,,,,,,,,,,,,,,,,,,,,,00-0034798,SmytDu00,3052897.0,Durham Smythe,1995-08-09,76.0,248.0,Notre Dame,2018.0,4.0,123.0,MIA,2018,9,17.0,0.0,238.0,0.0,0.5158823529411765,2021.0,Durham Smythe,MIA,26.0,TE,17.0,12.0,41.0,34.0,357.0,0.0,15.0,197.0,5.8,160.0,4.7,6.4,0.0,,1.0,0.024,1.0,92.8,2023-08-21,2021.0,Durham Smythe,MIA,26.0,TE,17.0,12.0,2.0,3.0,0.0,2.0,3.0,1.5,0.0,0.0,0.0,,2023-08-21,,,,,,,,,,,,,,,,,,,,,,,,,,,,,,,,,,,,,2021.0,Regular,Season Total,MIA,D. Smythe,,79.9,0.2,2.0,0.1,0.0,0.1,0.0,0.0,82.8,0.0,Durham,Smythe,Durham Smythe,https://a.espncdn.com/i/headshots/nfl/players/full/3052897.png,Dolphins,False,16,4.5,0.0,1,0,0
2021,Geoff Swaim,G.Swaim,00-0032141,TEN,TE,TE,33.0,16,70.0,4.375,39.0,31.0,31,40,210,3,0.07662835249042145,0.03645443196004994,0.14046063110766713,0,0,0,0,0,0,0,0,719.0,0.660625,0.09735744089012517,4.375,4.321805178394787,12.9,0,TE,"https://static.www.nfl.com/image/upload/f_auto,q_auto/league/kecuhwgbqvlqt6gb0dz6",REG,0,0,0,0,0,0,0,,,0,,0,0,0,0,0,0,0,,0,0,0,0,0,0,0,146,139,12,9.252059686812572,0,5,3,2,0,1.4383561643835616,0,2,0,1,0,0,0,0.0,0.0,0,0,0,0,0,0,0,0,0,0,0,0,0,0,0,0,0,0,3,31,0,0,0,0,0,0,0,0,0,0,0,0,0,,,0,0,0,0,0,0,0,0,0,0,0,0,,,,0,0,0,0,0,0,0,,0,0,0,0,,0,0,,0,0,0,0,0,0,0,0,0,0,,,,,,,,,,,,,,,,,,,,,,,,,,,,,,,,,,,,,,,,,,,,,,,,,,,,,,,,,,,,,,,,,,,,,,,,,,,,,,,,,,,,,,,,,,,,,,,,,,,,,,,,,,,,,,,,,,,,,,,,,,,,,,,,,,,,,,,,,,,,,,,,,,,,00-0032141,SwaiGe00,3046704.0,Geoff Swaim,1993-09-16,76.0,260.0,Texas; Butte College,2015.0,7.0,246.0,DAL,2015,10,16.0,0.0,198.0,0.0,0.458125,2021.0,Geoff Swaim,TEN,28.0,TE,16.0,16.0,40.0,31.0,210.0,3.0,12.0,71.0,2.3,139.0,4.5,3.7,0.0,,1.0,0.025,0.0,113.5,2023-08-21,,,,,,,,,,,,,,,,,,,,,,,,,,,,,,,,,,,,,,,,,,,,,,,,,,,,,,,,,,,,,,,,,,,,,,,,,,,,,16,2.4,0.0,2,0,0
2021,Ricky Seals-Jones,R.Seals-Jones,00-0033611,WAS,TE,TE,35.0,11,69.1,6.281818181818181,39.1,29.999999999999993,30,49,271,2,0.09176029962546817,0.06504854368932039,0.18317443002072653,0,0,0,0,0,0,0,0,507.0,0.5784615384615385,0.13629191321499012,6.281818181818182,4.655065666952118,15.8,0,TE,"https://static.www.nfl.com/image/private/f_auto,q_auto/league/nqwpbsutfe0anvjkqeux",REG,0,0,0,0,0,0,0,,,0,,0,0,0,0,0,0,0,,0,0,0,0,0,0,0,268,152,14,-6.213847932899616,0,11,4,1,0,1.0111940298507462,0,0,0,0,0,0,0,0.0,0.0,0,0,0,0,0,0,0,0,0,0,0,0,0,1,0,0,0,0,4,20,0,0,0,0,0,0,0,0,0,0,0,0,0,,,0,0,0,0,0,0,0,0,0,0,0,0,,,,0,0,0,0,0,0,0,,0,0,0,0,,0,0,,0,0,0,0,0,0,0,0,0,0,,,,,,,,,,,,,,,,,,,,,,,,,,,,,,,,,,,,,,,,,,,,,,,,,,,,,,,,,,,,,,,,,,,,,,,,,,,,,,,,,,,,,,,,,,,,,,,,,,,,,,,,,,,,,,,,,,,,,,,,,,,,,,,,,,,,,,,,,,,,,,,,,,,,00-0033611,SealRi00,3051806.0,Ricky Seals-Jones,1995-03-15,77.0,243.0,Texas A&M,,,,,2017,5,13.0,0.0,60.0,0.0,0.1623076923076923,2021.0,Ricky Seals-Jones,WAS,26.0,TE,13.0,6.0,49.0,30.0,271.0,2.0,14.0,114.0,3.8,157.0,5.2,5.4,2.0,15.0,4.0,0.08199999999999999,0.0,89.8,2023-08-21,,,,,,,,,,,,,,,,,,,,,,,,,,,,,,,,,,,,,,,,,,,,,,,,,,,,,,,,,,,,,,,,,,,,,,,,,,,,,11,6.0,0.6,2,1,0
2021,Jonnu Smith,J.Smith,00-0033858,NE,TE,TE,36.0,16,67.4,4.2125,39.4,28.000000000000007,28,45,294,1,0.08587786259541985,0.058069029850746266,0.16946511478865217,9,40,0,0,0,0,0,0,526.0,0.51125,0.12813688212927757,4.2125,3.4296501279285034,10.4,0,TE,"https://static.www.nfl.com/image/upload/f_auto,q_auto/league/egd6llghj3n5wfdrqacw",REG,0,0,0,0,0,0,0,,,0,,0,0,0,0,0,0,2,0.19568356208037585,0,0,0,0,0,1,0,249,232,15,-9.738656883560576,0,14,8,5,0,1.180722891566265,0,0,0,0,0,0,0,0.0,0.0,0,0,0,0,0,0,0,0,0,0,0,0,0,2,0,0,0,0,5,40,1,0,0,1,0,0,0,0,0,0,0,0,0,,,0,0,0,0,0,0,0,0,0,0,0,0,,,,0,0,0,0,0,0,0,,0,0,0,0,,0,0,,0,0,0,0,0,0,0,0,0,0,,,,,,,,,,,,,,,,,,,,,,,,,,,,,,,,,,,,,,,,,,,,,,,,,,,,,,,,,,,,,,,,,,,,,,,,,,,,,,,,,,,,,,,,,,,,,,,,,,,,,,,,,,,,,,,,,,,,,,,,,,,,,,,,,,,,,,,,,,,,,,,,,,,,00-0033858,SmitJo01,3054212.0,Jonnu Smith,1995-08-22,75.0,248.0,Florida International,2017.0,3.0,100.0,TEN,2017,10,16.0,0.0,10.0,0.0,0.026250000000000002,2021.0,Jonnu Smith,NE,26.0,TE,16.0,11.0,45.0,28.0,294.0,1.0,15.0,62.0,2.2,232.0,8.3,5.5,2.0,14.0,4.0,0.08900000000000001,2.0,70.0,2023-08-21,2021.0,Jonnu Smith,NE,26.0,TE,16.0,11.0,9.0,40.0,0.0,2.0,16.0,1.8,24.0,2.7,0.0,,2023-08-21,,,,,,,,,,,,,,,,,,,,,,,,,,,,,,,,,,,,,,,,,,,,,,,,,,,,,,,,,,,16,3.0,0.0,1,0,0
2021,Ryan Griffin,R.Griffin,00-0030108,NYJ,TE,TE,37.0,14,65.1,4.6499999999999995,38.1,26.999999999999993,27,42,261,2,0.07228915662650602,0.05127615543803173,0.14432704374638122,0,0,0,0,0,0,0,0,583.0,0.635,0.11166380789022297,4.65,3.3290677835833127,12.8,0,TE,"https://static.www.nfl.com/image/private/f_auto,q_auto/league/izjfxtmk2dhzhrlwpt9g",REG,0,0,0,0,0,0,0,,,0,,0,0,0,0,0,0,0,,0,0,0,0,0,1,0,223,149,14,3.003385997072008,0,10,5,4,0,1.1704035874439462,0,3,0,1,0,0,0,0.0,0.0,0,0,0,0,0,0,0,0,0,0,0,0,0,1,0,0,0,0,4,35,1,0,0,1,0,0,0,1,8,0,0,0,0,,,0,0,0,0,0,0,0,0,0,0,0,0,,,,0,0,0,0,0,0,0,,0,0,0,0,,0,0,,0,0,0,0,0,0,0,0,0,0,,,,,,,,,,,,,,,,,,,,,,,,,,,,,,,,,,,,,,,,,,,,,,,,,,,,,,,,,,,,,,,,,,,,,,,,,,,,,,,,,,,,,,,,,,,,,,,,,,,,,,,,,,,,,,,,,,,,,,,,,,,,,,,,,,,,,,,,,,,,,,,,,,,,00-0030108,GrifRy00,15887.0,Ryan Griffin,1990-01-11,78.0,255.0,Connecticut,2013.0,6.0,201.0,HOU,2013,10,14.0,0.0,193.0,0.0,0.5035714285714286,2021.0,Ryan Griffin,NYJ,31.0,TE,14.0,12.0,42.0,27.0,261.0,2.0,14.0,112.0,4.1,149.0,5.5,5.3,0.0,,3.0,0.071,2.0,77.6,2023-08-21,,,,,,,,,,,,,,,,,,,,,,,,,,,,,,,,,,,,,,,,,,,,,,,,,,,,,,,,,,,,,,,,,,,,,,,,,,,,,14,3.95,1.4,1,0,0
2021,Hayden Hurst,H.Hurst,00-0034830,ATL,TE,TE,38.0,12,64.1,5.341666666666666,38.1,25.999999999999993,26,31,221,3,0.05595667870036101,0.04948105237750423,0.11857175471479448,0,0,0,0,0,0,0,0,410.0,0.4953846153846154,0.15634146341463412,5.341666666666666,3.5615263156362746,12.0,0,TE,"https://static.www.nfl.com/image/upload/f_auto,q_auto/league/qxvkvmi2fphxjqyb21nv",REG,0,0,0,0,0,0,0,,,0,,0,0,0,0,0,0,0,,0,0,0,0,0,3,1,205,89,11,2.6473092014316153,0,8,4,1,0,1.078048780487805,0,1,0,0,0,0,0,0.0,0.0,0,0,0,0,0,0,0,0,0,0,0,0,0,0,0,0,0,0,3,25,3,0,2,3,1,0,0,0,0,0,0,0,0,,,0,0,0,0,0,0,0,0,0,0,0,0,,,,0,0,0,0,0,0,0,,0,0,0,0,,0,0,,0,0,0,0,0,0,0,0,0,0,,,,,,,,,,,,,,,,,,,,,,,,,,,,,,,,,,,,,,,,,,,,,,,,,,,,,,,,,,,,,,,,,,,,,,,,,,,,,,,,,,,,,,,,,,,,,,,,,,,,,,,,,,,,,,,,,,,,,,,,,,,,,,,,,,,,,,,,,,,,,,,,,,,,00-0034830,HursHa00,3924365.0,Hayden Hurst,1993-08-24,76.0,245.0,South Carolina,2018.0,1.0,25.0,BAL,2018,7,13.0,0.0,9.0,0.0,0.02692307692307692,2021.0,Hayden Hurst,ATL,28.0,TE,13.0,5.0,31.0,26.0,221.0,3.0,11.0,132.0,5.1,89.0,3.4,6.6,2.0,13.0,0.0,0.0,1.0,115.2,2023-08-21,,,,,,,,,,,,,,,,,,,,,,,,,,,,,,,,,,,,,,,,,,,,,,,,,,,,,,,,,,,,,,,,,,,,,,,,,,,,,12,5.4,0.0,2,0,0
2021,Adam Trautman,A.Trautman,00-0036422,NO,TE,TE,39.0,11,63.3,5.754545454545454,36.3,27.0,27,43,263,2,0.09071729957805907,0.06542056074766354,0.1818703418904531,0,0,0,0,0,0,0,0,642.0,0.7546153846153847,0.09859813084112148,5.754545454545454,4.812974888021677,16.8,0,TE,"https://static.www.nfl.com/image/upload/f_auto,q_auto/league/bqsgkwkfolczyrxmdp1j",REG,0,0,0,0,0,0,0,,,0,,0,0,0,0,0,0,0,,0,0,0,0,0,1,1,245,111,13,-8.266787527787667,0,10,6,2,0,1.073469387755102,0,1,0,0,0,0,0,0.0,0.0,0,0,0,0,0,0,0,0,0,0,0,0,0,0,0,0,0,0,4,30,1,0,0,1,1,0,0,0,0,0,0,0,0,,,0,0,0,0,0,0,0,0,0,0,0,0,,,,0,0,0,0,0,0,0,,0,0,0,0,,0,0,,0,0,0,0,0,0,0,0,0,0,,,,,,,,,,,,,,,,,,,,,,,,,,,,,,,,,,,,,,,,,,,,,,,,,,,,,,,,,,,,,,,,,,,,,,,,,,,,,,,,,,,,,,,,,,,,,,,,,,,,,,,,,,,,,,,,,,,,,,,,,,,,,,,,,,,,,,,,,,,,,,,,,,,,00-0036422,TrauAd00,3911853.0,Adam Trautman,1997-02-05,77.0,253.0,Dayton,2020.0,3.0,105.0,NO,2020,7,13.0,0.0,57.0,0.0,0.16153846153846155,2021.0,Adam Trautman,NO,24.0,TE,13.0,10.0,43.0,27.0,263.0,2.0,13.0,152.0,5.6,111.0,4.1,5.7,0.0,,4.0,0.09300000000000001,1.0,85.7,2023-08-21,,,,,,,,,,,,,,,,,,,,,,,,,,,,,,,,,,,,,,,,,,,,,,,,,,,,,,,,,,,,,,,,,,,,,,,,,,,,,11,4.8,0.0,1,1,0
2021,Harrison Bryant,H.Bryant,00-0036232,CLE,TE,TE,40.0,15,62.3,4.153333333333333,41.3,21.0,21,28,233,3,0.056112224448897796,0.06011183597390494,0.12624662185508015,0,0,0,0,0,0,0,0,402.0,0.3875,0.15497512437810945,4.153333333333333,3.27999709639825,9.1,0,TE,"https://static.www.nfl.com/image/upload/f_auto,q_auto/league/gmguayurr96nolimwmyn",REG,0,0,0,0,0,0,0,,,0,,0,0,0,0,0,0,0,,0,0,0,0,0,0,0,258,79,14,11.21159399540121,0,8,5,4,1,0.9031007751937985,0,1,0,2,0,0,0,0.0,0.0,0,0,0,0,0,0,0,0,0,0,0,0,0,0,0,0,0,0,2,17,0,0,0,0,0,0,0,0,0,0,0,0,0,,,0,0,0,0,0,0,0,0,0,0,0,0,,,,0,0,0,0,0,0,0,,0,0,0,0,,0,0,,0,0,0,0,0,0,0,0,0,0,,,,,,,,,,,,,,,,,,,,,,,,,,,,,,,,,,,,,,,,,,,,,,,,,,,,,,,,,,,,,,,,,,,,,,,,,,,,,,,,,,,,,,,,,,,,,,,,,,,,,,,,,,,,,,,,,,,,,,,,,,,,,,,,,,,,,,,,,,,,,,,,,,,,00-0036232,BryaHa00,4040774.0,Harrison Bryant,1998-04-23,77.0,230.0,Florida Atlantic,2020.0,4.0,115.0,CLE,2020,6,16.0,0.0,174.0,0.0,0.441875,2021.0,Harrison Bryant,CLE,23.0,TE,16.0,3.0,28.0,21.0,233.0,3.0,14.0,154.0,7.3,79.0,3.8,9.3,0.0,,1.0,0.036000000000000004,2.0,105.2,2023-08-21,,,,,,,,,,,,,,,,,,,,,,,,,,,,,,,,,,,,,,,,,,,,,,,,,,,,,,,,,,,,,,,,,,,,,,,,,,,,,15,3.8,0.0,0,0,0
2021,Josiah Deguara,J.Deguara,00-0036332,GB,TE,TE,41.0,14,61.5,4.392857142857143,36.5,25.0,25,33,245,2,0.05789473684210526,0.02490170380078637,0.10427329792370835,0,0,0,0,0,0,0,0,367.0,0.346875,0.167574931880109,4.392857142857143,4.420662025902088,15.600000000000001,0,TE,"https://static.www.nfl.com/image/upload/f_auto,q_auto/league/wivlyvbmlm0aogcvl2yz",REG,0,0,0,0,0,0,0,,,0,,0,0,0,0,0,0,0,,0,0,0,0,0,0,0,114,204,9,0.7774949587930151,0,8,3,3,1,2.1491228070175437,0,1,0,0,0,0,0,0.0,0.0,0,0,0,0,0,0,0,0,0,0,0,0,0,0,0,0,0,0,1,10,0,0,0,0,0,0,0,0,0,0,0,0,0,,,0,0,0,0,0,0,0,0,0,0,0,0,,,,0,0,0,0,0,0,0,,0,0,0,0,,0,0,,0,0,0,0,0,0,0,0,0,0,J.Deguara,Josiah Deguara,TE,TE,"https://static.www.nfl.com/image/upload/f_auto,q_auto/league/wivlyvbmlm0aogcvl2yz",2021.0,POST,GB,1.0,0.0,0.0,0.0,0.0,0.0,0.0,0.0,0.0,0.0,0.0,0.0,0.0,,,0.0,,0.0,0.0,0.0,0.0,0.0,0.0,0.0,0.0,0.0,0.0,,0.0,0.0,0.0,0.0,0.0,0.0,1.0,0.0,0.0,0.0,0.0,18.0,0.0,0.0,-0.784662373829633,0.0,0.0,0.0,0.0,0.0,0.0,0.037037037037037035,0.08181818181818182,0.11282828282828282,0.0,1.0,0.0,0.0,0.0,0.0,0.0,0.0,0.0,0.0,0.0,0.0,0.0,0.0,0.0,0.0,0.0,0.0,0.0,0.0,0.0,0.0,0.0,0.0,0.0,0.0,0.0,0.0,0.0,0.0,0.0,0.0,0.0,0.0,0.0,0.0,0.0,0.0,0.0,0.0,0.0,0.0,,,0.0,0.0,0.0,0.0,0.0,0.0,0.0,0.0,0.0,0.0,0.0,0.0,,,,0.0,0.0,0.0,0.0,0.0,0.0,0.0,,0.0,0.0,0.0,0.0,,0.0,0.0,,0.0,0.0,0.0,0.0,0.0,0.0,0.0,0.0,0.0,0.0,0.0,0.0,00-0036332,DeguJo00,3914151.0,Josiah Deguara,1997-02-14,74.0,240.0,Cincinnati,2020.0,3.0,94.0,GB,2020,5,16.0,0.0,132.0,0.0,0.335625,2021.0,Josiah Deguara,GB,24.0,TE,16.0,2.0,33.0,25.0,245.0,2.0,9.0,41.0,1.6,204.0,8.2,3.5,1.0,25.0,2.0,0.061,1.0,103.7,2023-08-21,,,,,,,,,,,,,,,,,,,,,,,,,,,,,,,,,,,,,,,,,,,,,,,,,,,,,,,,,,,,,,,,,,,,,,,,,,,,,14,3.2,0.0,2,1,0
2021,Kyle Rudolph,K.Rudolph,00-0027981,NYG,TE,TE,42.0,15,59.7,3.98,33.7,26.0,26,39,257,1,0.06914893617021277,0.0550080220032088,0.1422290196575653,0,0,0,0,0,0,0,0,500.0,0.48125,0.1194,3.98,2.638506070812475,9.2,0,TE,"https://static.www.nfl.com/image/private/f_auto,q_auto/league/mtvrkfel5750mlevcvtp",REG,0,0,0,0,0,0,0,,,0,,0,0,0,0,0,0,0,,0,0,0,0,0,0,0,240,137,12,8.232265411463514,1,8,3,3,1,1.0708333333333333,0,0,0,0,0,0,0,0.0,0.0,0,0,0,0,0,0,0,0,0,0,0,0,0,1,0,0,0,0,1,10,0,0,0,0,0,0,0,0,0,0,0,0,0,,,0,0,0,0,0,0,0,0,0,0,0,0,,,,0,0,0,0,0,0,0,,0,0,0,0,,0,0,,0,0,0,0,0,0,0,0,0,0,,,,,,,,,,,,,,,,,,,,,,,,,,,,,,,,,,,,,,,,,,,,,,,,,,,,,,,,,,,,,,,,,,,,,,,,,,,,,,,,,,,,,,,,,,,,,,,,,,,,,,,,,,,,,,,,,,,,,,,,,,,,,,,,,,,,,,,,,,,,,,,,,,,,00-0027981,RudoKy00,14054.0,Kyle Rudolph,1989-11-09,78.0,258.0,Notre Dame,2011.0,2.0,43.0,MIN,2011,12,16.0,0.0,46.0,0.0,0.105625,2021.0,Kyle Rudolph,NYG,32.0,TE,16.0,13.0,39.0,26.0,257.0,1.0,12.0,120.0,4.6,137.0,5.3,5.9,1.0,26.0,0.0,0.0,0.0,93.6,2023-08-21,,,,,,,,,,,,,,,,,,,,,,,,,,,,,,,,,,,,,,,,,,,,,,,,,,,,,,,,,,,,,,,,,,,,,,,,,,,,,15,3.8,0.0,0,0,0
2021,Donald Parham,D.Parham,00-0035329,LAC,TE,TE,43.0,13,59.0,4.538461538461538,39.0,20.0,20,27,190,3,0.0409711684370258,0.023809523809523808,0.07812341932220536,0,0,0,0,0,0,0,0,398.0,0.4114285714285714,0.14824120603015076,4.538461538461538,4.68250973687161,12.9,0,TE,"https://static.www.nfl.com/image/upload/f_auto,q_auto/league/v4ryz7edi35hnbogbqjt",REG,0,0,0,0,0,0,0,,,0,,0,0,0,0,0,0,0,,0,0,0,0,0,0,0,121,138,13,7.145056688910816,1,10,4,1,0,1.5702479338842976,0,0,0,0,0,0,0,0.0,0.0,0,0,0,0,0,0,0,0,0,0,0,0,0,0,0,0,0,0,5,45,0,0,0,0,0,0,0,0,0,0,0,0,0,,,0,0,0,0,0,0,0,0,0,0,0,0,,,,0,0,0,0,0,0,0,,0,0,0,0,,0,0,,0,0,0,0,0,0,0,0,0,0,,,,,,,,,,,,,,,,,,,,,,,,,,,,,,,,,,,,,,,,,,,,,,,,,,,,,,,,,,,,,,,,,,,,,,,,,,,,,,,,,,,,,,,,,,,,,,,,,,,,,,,,,,,,,,,,,,,,,,,,,,,,,,,,,,,,,,,,,,,,,,,,,,,,00-0035329,ParhDo00,3912092.0,Donald Parham,1997-08-16,80.0,237.0,Stetson,,,,,2019,5,14.0,0.0,60.0,0.0,0.16,2021.0,Donald Parham,LAC,24.0,TE,14.0,9.0,27.0,20.0,190.0,3.0,13.0,55.0,2.8,135.0,6.8,4.6,2.0,10.0,2.0,0.07400000000000001,0.0,130.2,2023-08-21,,,,,,,,,,,,,,,,,,,,,,,,,,,,,,,,,,,,,,,,,,,,,,,,,,,,,,,,,,,,,,,,,,,,,,,,,,,,,13,2.9000000000000004,0.0,2,0,0
2021,Brevin Jordan,B.Jordan,00-0036556,HOU,TE,TE,44.0,8,55.8,6.975,35.8,20.0,20,28,178,3,0.05353728489483748,0.03977983487615712,0.10815181175556621,0,0,0,0,0,0,0,0,232.0,0.4066666666666667,0.24051724137931033,6.9750000000000005,5.116011281122377,13.100000000000001,0,TE,"https://static.www.nfl.com/image/upload/f_auto,q_auto/league/rn42gehfbeflx2px8njx",REG,0,0,0,0,0,0,0,,,0,,0,0,0,0,0,0,0,,0,0,0,0,0,0,0,159,99,10,5.786632570536609,0,7,2,2,0,1.119496855345912,0,0,0,1,0,0,0,0.0,0.0,0,0,0,0,0,0,0,0,0,0,0,0,0,0,0,0,0,0,1,5,0,0,0,0,0,0,0,0,0,0,0,0,0,,,0,0,0,0,0,0,0,0,0,0,0,0,,,,0,0,0,0,0,0,0,,0,0,0,0,,0,0,,0,0,0,0,0,0,0,0,0,0,,,,,,,,,,,,,,,,,,,,,,,,,,,,,,,,,,,,,,,,,,,,,,,,,,,,,,,,,,,,,,,,,,,,,,,,,,,,,,,,,,,,,,,,,,,,,,,,,,,,,,,,,,,,,,,,,,,,,,,,,,,,,,,,,,,,,,,,,,,,,,,,,,,,00-0036556,JordBr00,4362504.0,Brevin Jordan,2000-07-16,75.0,245.0,Miami,2021.0,5.0,147.0,HOU,2021,6,9.0,0.0,2.0,0.0,0.007777777777777778,2021.0,Brevin Jordan,HOU,21.0,TE,9.0,2.0,28.0,20.0,178.0,3.0,10.0,79.0,4.0,99.0,5.0,5.7,1.0,20.0,1.0,0.036000000000000004,0.0,123.8,2023-08-21,,,,,,,,,,,,,,,,,,,,,,,,,,,,,,,,,,,,,,,,,,,,,,,,,,,,,,,,,,,,,,,,,,,,,,,,,,,,,8,6.250000000000001,1.7000000000000002,3,0,0
2021,Logan Thomas,L.Thomas,00-0031260,WAS,TE,TE,45.0,5,53.6,10.72,35.6,18.0,18,25,196,3,0.04681647940074907,0.06043689320388349,0.11253054434384205,0,0,0,0,0,0,0,0,294.0,0.75,0.18231292517006803,10.72,3.00616034169836,13.8,0,TE,"https://static.www.nfl.com/image/private/f_auto,q_auto/league/acm0ymhqdzqxdibwjphv",REG,0,0,0,0,0,0,0,,,0,,0,0,0,0,0,0,0,,0,0,0,0,0,1,1,249,67,10,4.5747595037391875,0,9,2,2,0,0.7871485943775101,0,0,0,0,0,0,0,0.0,0.0,0,0,0,0,0,0,0,0,0,0,0,0,0,1,0,0,0,0,2,10,1,0,0,1,1,0,0,0,0,0,0,0,0,,,0,0,0,0,0,0,0,0,0,0,0,0,,,,0,0,0,0,0,0,0,,0,0,0,0,,0,0,,0,0,0,0,0,0,0,0,0,0,,,,,,,,,,,,,,,,,,,,,,,,,,,,,,,,,,,,,,,,,,,,,,,,,,,,,,,,,,,,,,,,,,,,,,,,,,,,,,,,,,,,,,,,,,,,,,,,,,,,,,,,,,,,,,,,,,,,,,,,,,,,,,,,,,,,,,,,,,,,,,,,,,,,00-0031260,ThomLo00,16813.0,Logan Thomas,1991-07-01,78.0,250.0,Virginia Tech,2014.0,4.0,120.0,ARI,2014,9,6.0,0.0,15.0,0.0,0.08666666666666667,2021.0,Logan Thomas,WAS,30.0,TE,6.0,6.0,25.0,18.0,196.0,3.0,10.0,114.0,6.3,82.0,4.6,9.4,1.0,18.0,0.0,0.0,1.0,117.7,2023-08-21,,,,,,,,,,,,,,,,,,,,,,,,,,,,,,,,,,,,,,,,,,,,,,,,,,,,,,,,,,,,,,,,,,,,,,,,,,,,,5,12.0,6.1,3,0,0
2021,Tommy Tremble,T.Tremble,00-0037005,CAR,TE,TE,46.0,15,53.1,3.54,33.1,20.0,20,35,180,1,0.06086956521739131,0.06497622820919176,0.13678770757252118,3,11,1,0,0,0,0,0,521.0,0.47750000000000004,0.10191938579654511,3.54,3.0923407685071562,10.7,0,TE,"https://static.www.nfl.com/image/upload/f_auto,q_auto/league/t7wjikfv09d3o1q7wjdx",REG,0,0,0,0,0,0,0,,,0,,0,0,0,0,0,0,1,0.6620446531451307,0,0,0,0,0,0,0,287,70,10,6.357708284151275,1,6,3,1,0,0.627177700348432,0,2,0,1,0,0,0,0.0,0.0,0,0,0,0,0,0,0,0,0,0,0,0,0,0,0,0,0,0,1,5,0,0,0,0,0,0,0,1,21,0,0,0,0,,,0,0,0,0,0,0,0,0,0,0,0,0,,,,0,0,0,0,0,0,0,,0,0,0,0,,0,0,,0,0,0,0,0,0,0,0,0,0,,,,,,,,,,,,,,,,,,,,,,,,,,,,,,,,,,,,,,,,,,,,,,,,,,,,,,,,,,,,,,,,,,,,,,,,,,,,,,,,,,,,,,,,,,,,,,,,,,,,,,,,,,,,,,,,,,,,,,,,,,,,,,,,,,,,,,,,,,,,,,,,,,,,00-0037005,TremTo00,4372780.0,Tommy Tremble,2000-06-02,76.0,250.0,Notre Dame,2021.0,3.0,83.0,CAR,2021,6,16.0,0.0,171.0,0.0,0.410625,2021.0,Tommy Tremble,CAR,21.0,TE,16.0,11.0,35.0,20.0,180.0,1.0,10.0,110.0,5.5,70.0,3.5,8.2,0.0,,2.0,0.057,0.0,80.7,2023-08-21,2021.0,Tommy Tremble,CAR,21.0,TE,16.0,11.0,3.0,11.0,1.0,1.0,9.0,3.0,2.0,0.7,0.0,,2023-08-21,,,,,,,,,,,,,,,,,,,,,,,,,,,,,,,,,,,,,,,,,,,,,,,,,,,,,,,,,,,15,3.1,0.0,1,0,0
2021,Juwan Johnson,J.Johnson,00-0036040,NO,TE,TE,47.0,13,52.9,4.069230769230769,39.9,13.0,13,22,159,4,0.046413502109704644,0.06408544726301736,0.11448006624866913,0,0,0,0,0,0,0,0,236.0,0.26857142857142857,0.22415254237288135,4.06923076923077,5.006559799467198,17.1,0,TE,"https://static.www.nfl.com/image/upload/f_auto,q_auto/league/ahzqkvhjot6lygwr4ccb",REG,0,0,0,0,0,0,0,,,0,,0,0,0,0,0,0,0,,0,0,0,0,0,0,0,240,42,12,14.589222102678354,0,7,3,3,0,0.6625,0,0,0,1,0,0,0,0.0,0.0,0,0,0,0,0,0,0,0,0,0,0,0,0,0,0,0,0,0,1,10,0,0,0,0,0,0,0,0,0,0,0,0,0,,,0,0,0,0,0,0,0,0,0,0,0,0,,,,0,0,0,0,0,0,0,,0,0,0,0,,0,0,,0,0,0,0,0,0,0,0,0,0,,,,,,,,,,,,,,,,,,,,,,,,,,,,,,,,,,,,,,,,,,,,,,,,,,,,,,,,,,,,,,,,,,,,,,,,,,,,,,,,,,,,,,,,,,,,,,,,,,,,,,,,,,,,,,,,,,,,,,,,,,,,,,,,,,,,,,,,,,,,,,,,,,,,00-0036040,JohnJu02,3929645.0,Juwan Johnson,1996-09-13,76.0,245.0,Oregon; Penn State,,,,,2020,7,14.0,0.0,113.0,0.0,0.2992857142857143,2021.0,Juwan Johnson,NO,25.0,WR,14.0,2.0,22.0,13.0,159.0,4.0,12.0,117.0,9.0,42.0,3.2,10.9,0.0,,1.0,0.045,1.0,102.1,2023-08-21,,,,,,,,,,,,,,,,,,,,,,,,,,,,,,,,,,,,,,,,,,,,,,,,,,,,,,,,,,,,,,,,,,,,,,,,,,,,,13,2.5,0.0,2,1,0
2021,John Bates,J.Bates,00-0036628,WAS,TE,TE,48.0,12,50.900000000000006,4.241666666666667,30.900000000000002,20.000000000000004,20,25,249,1,0.04681647940074907,0.03616504854368932,0.09554025308170612,0,0,0,0,0,0,0,0,519.0,0.4623529411764706,0.09807321772639693,4.241666666666667,3.434440098164297,12.5,0,TE,"https://static.www.nfl.com/image/upload/f_auto,q_auto/league/sqaiwpind6kk4ns4acql",REG,0,0,0,0,0,0,0,,,0,,0,0,0,0,0,0,0,,0,0,0,0,0,1,0,149,139,11,15.746605691616423,0,11,6,4,0,1.6711409395973154,0,1,1,0,0,0,0,0.0,0.0,0,0,0,0,0,0,0,0,0,0,0,0,0,1,0,0,0,0,2,20,1,0,0,1,0,0,0,0,0,0,0,0,0,,,0,0,0,0,0,0,0,0,0,0,0,0,,,,0,0,0,0,0,0,0,,0,0,0,0,,0,0,,0,0,0,0,0,0,0,0,0,0,,,,,,,,,,,,,,,,,,,,,,,,,,,,,,,,,,,,,,,,,,,,,,,,,,,,,,,,,,,,,,,,,,,,,,,,,,,,,,,,,,,,,,,,,,,,,,,,,,,,,,,,,,,,,,,,,,,,,,,,,,,,,,,,,,,,,,,,,,,,,,,,,,,,00-0036628,BateJo00,4048228.0,John Bates,1997-11-06,78.0,256.0,Boise State,2021.0,4.0,124.0,WAS,2021,6,17.0,0.0,134.0,0.0,0.3070588235294118,2021.0,John Bates,WAS,24.0,TE,17.0,8.0,25.0,20.0,249.0,1.0,11.0,110.0,5.5,139.0,7.0,6.0,2.0,10.0,0.0,0.0,1.0,104.8,2023-08-21,,,,,,,,,,,,,,,,,,,,,,,,,,,,,,,,,,,,,,,,,,,,,,,,,,,,,,,,,,,,,,,,,,,,,,,,,,,,,12,3.4000000000000004,0.0,1,0,0
2021,Jimmy Graham,J.Graham,00-0027696,CHI,TE,TE,49.0,11,50.7,4.609090909090909,36.7,14.0,14,23,167,3,0.04389312977099236,0.040934371523915464,0.09449375472322938,0,0,0,0,0,0,0,0,263.0,0.2653333333333333,0.19277566539923954,4.609090909090909,4.0724573774207995,11.4,0,TE,"https://static.www.nfl.com/image/private/f_auto,q_auto/league/h7xs06oj6g03mippwtse",REG,0,0,0,0,0,0,0,,,0,,0,0,0,0,0,0,0,,0,0,0,0,0,0,0,184,55,10,12.75448333471577,1,9,4,2,0,0.907608695652174,0,1,0,0,0,0,0,0.0,0.0,0,0,0,0,0,0,0,0,0,0,0,0,0,0,0,0,0,0,0,0,0,0,0,0,0,0,0,0,0,0,0,0,0,,,0,0,0,0,0,0,0,0,0,0,0,0,,,,0,0,0,0,0,0,0,,0,0,0,0,,0,0,,0,0,0,0,0,0,0,0,0,0,,,,,,,,,,,,,,,,,,,,,,,,,,,,,,,,,,,,,,,,,,,,,,,,,,,,,,,,,,,,,,,,,,,,,,,,,,,,,,,,,,,,,,,,,,,,,,,,,,,,,,,,,,,,,,,,,,,,,,,,,,,,,,,,,,,,,,,,,,,,,,,,,,,,00-0027696,GrahJi00,13232.0,Jimmy Graham,1986-11-24,79.0,265.0,Miami,2010.0,3.0,95.0,NO,2010,13,15.0,0.0,1.0,0.0,0.0033333333333333335,2021.0,Jimmy Graham,CHI,35.0,TE,15.0,6.0,23.0,14.0,167.0,3.0,10.0,112.0,8.0,55.0,3.9,8.0,0.0,,1.0,0.043,0.0,122.6,2023-08-21,,,,,,,,,,,,,,,,,,,,,,,,,,,,,,,,,,,,,,,,,,,,,,,,,,,,,,,,,,,,,,,,,,,,,,,,,,,,,11,3.6,0.0,2,0,0
2021,James O'Shaughnessy,J.O'Shaughnessy,00-0031951,JAX,TE,TE,50.0,7,50.400000000000006,7.200000000000001,26.400000000000002,24.000000000000004,24,34,244,0,0.058319039451114926,0.04742917103882476,0.12067897890384971,0,0,0,0,0,0,0,0,286.0,0.6085714285714285,0.17622377622377625,7.2,3.028751117760146,10.8,0,TE,"https://static.www.nfl.com/image/private/f_auto,q_auto/league/sz5g57zhnshipkpw39sz",REG,0,0,0,0,0,0,0,,,0,,0,0,0,0,0,0,0,,0,0,0,0,0,0,0,226,114,10,2.4073981105526463,1,8,5,5,0,1.079646017699115,0,1,0,0,0,0,0,0.0,0.0,0,0,0,0,0,0,0,0,0,0,0,0,0,0,0,0,0,0,2,15,0,0,0,0,0,0,0,0,0,0,0,0,0,,,0,0,0,0,0,0,0,0,0,0,0,0,,,,0,0,0,0,0,0,0,,0,0,0,0,,0,0,,0,0,0,0,0,0,0,0,0,0,,,,,,,,,,,,,,,,,,,,,,,,,,,,,,,,,,,,,,,,,,,,,,,,,,,,,,,,,,,,,,,,,,,,,,,,,,,,,,,,,,,,,,,,,,,,,,,,,,,,,,,,,,,,,,,,,,,,,,,,,,,,,,,,,,,,,,,,,,,,,,,,,,,,00-0031951,O'ShJa00,2508079.0,James O'Shaughnessy,1992-01-14,76.0,245.0,Illinois State,2015.0,5.0,173.0,KC,2015,8,7.0,0.0,23.0,0.0,0.11571428571428573,2021.0,James OShaughnessy,JAX,29.0,TE,7.0,6.0,34.0,24.0,244.0,0.0,10.0,130.0,5.4,114.0,4.8,6.6,2.0,12.0,3.0,0.08800000000000001,0.0,90.8,2023-08-21,,,,,,,,,,,,,,,,,,,,,,,,,,,,,,,,,,,,,,,,,,,,,,,,,,,,,,,,,,,,,,,,,,,,,,,,,,,,,7,7.9,3.3,2,0,0
2021,Robert Tonyan,R.Tonyan,00-0033757,GB,TE,TE,50.0,8,50.400000000000006,6.300000000000001,32.400000000000006,18.0,18,29,204,2,0.05087719298245614,0.057230231542158144,0.11637695155319491,0,0,0,0,0,0,0,0,306.0,0.60125,0.1647058823529412,6.3,5.888244948321067,16.3,0,TE,"https://static.www.nfl.com/image/upload/f_auto,q_auto/league/m8h8rzmxq4sjywitqnyb",REG,0,0,0,0,0,0,0,,,0,,0,0,0,0,0,0,0,,0,0,0,0,0,0,0,262,104,10,10.811656699598128,0,8,5,4,0,0.7786259541984732,0,0,0,0,0,0,0,0.0,0.0,0,0,0,0,0,0,0,0,0,0,0,0,0,0,0,0,0,0,1,5,0,0,0,0,0,0,0,0,0,0,0,0,0,,,0,0,0,0,0,0,0,0,0,0,0,0,,,,0,0,0,0,0,0,0,,0,0,0,0,,0,0,,0,0,0,0,0,0,0,0,0,0,,,,,,,,,,,,,,,,,,,,,,,,,,,,,,,,,,,,,,,,,,,,,,,,,,,,,,,,,,,,,,,,,,,,,,,,,,,,,,,,,,,,,,,,,,,,,,,,,,,,,,,,,,,,,,,,,,,,,,,,,,,,,,,,,,,,,,,,,,,,,,,,,,,,00-0033757,TonyRo00,2975674.0,Robert Tonyan,1994-04-30,77.0,240.0,Indiana State,,,,,2017,8,8.0,0.0,17.0,0.0,0.08499999999999999,2021.0,Robert Tonyan,GB,27.0,TE,8.0,5.0,29.0,18.0,204.0,2.0,10.0,94.0,5.2,110.0,6.1,8.8,0.0,,0.0,0.0,0.0,106.1,2023-08-21,,,,,,,,,,,,,,,,,,,,,,,,,,,,,,,,,,,,,,,,,,,,,,,,,,,,,,,,,,,,,,,,,,,,,,,,,,,,,8,2.9,1.6,2,1,0
2021,Will Dissly,W.Dissly,00-0034159,SEA,TE,TE,52.0,13,50.1,3.853846153846154,29.1,21.0,21,26,231,1,0.05485232067510549,0.02424767265641914,0.09925185187215163,0,0,0,0,0,0,0,0,512.0,0.58,0.0978515625,3.853846153846154,2.397782094844937,8.8,0,TE,"https://static.www.nfl.com/image/upload/f_auto,q_auto/league/b2s1wwxsgkenwlxmncu3",REG,0,0,0,0,0,0,0,,,0,,0,0,0,0,0,0,0,,0,0,0,0,0,1,0,112,143,11,11.774168830830604,0,8,6,5,0,2.0625,0,1,0,0,0,0,0,0.0,0.0,0,0,0,0,0,0,0,0,0,0,0,0,0,2,0,0,0,0,3,20,1,0,0,1,0,0,0,0,0,0,0,0,0,,,0,0,0,0,0,0,0,0,0,0,0,0,,,,0,0,0,0,0,0,0,,0,0,0,0,,0,0,,0,0,0,0,0,0,0,0,0,0,,,,,,,,,,,,,,,,,,,,,,,,,,,,,,,,,,,,,,,,,,,,,,,,,,,,,,,,,,,,,,,,,,,,,,,,,,,,,,,,,,,,,,,,,,,,,,,,,,,,,,,,,,,,,,,,,,,,,,,,,,,,,,,,,,,,,,,,,,,,,,,,,,,,00-0034159,DissWi00,3127292.0,Will Dissly,1996-07-08,76.0,265.0,Washington,2018.0,4.0,120.0,SEA,2018,8,15.0,0.0,181.0,0.0,0.45133333333333336,2021.0,Will Dissly,SEA,25.0,TE,15.0,14.0,26.0,21.0,231.0,1.0,11.0,88.0,4.2,143.0,6.8,4.3,2.0,10.5,3.0,0.115,0.0,116.5,2023-08-21,,,,,,,,,,,,,,,,,,,,,,,,,,,,,,,,,,,,,,,,,,,,,,,,,,,,,,,,,,,,,,,,,,,,,,,,,,,,,13,3.9000000000000004,0.0,0,0,0
2021,MyCole Pruitt,M.Pruitt,00-0031585,TEN,TE,TE,53.0,10,48.5,4.85,34.5,14.0,14,18,145,3,0.034482758620689655,0.029463171036204744,0.0723483576563778,0,0,0,0,0,0,0,0,479.0,0.426875,0.10125260960334029,4.85,3.37153113914468,10.7,0,TE,"https://static.www.nfl.com/image/upload/f_auto,q_auto/league/jazo8egu5luwyxxcpjh8",REG,0,0,0,0,0,0,0,,,0,,0,0,0,0,0,0,0,,0,0,0,0,0,0,0,118,59,10,9.896136147828773,1,7,2,2,0,1.228813559322034,0,0,0,2,0,0,0,0.0,0.0,0,0,0,0,0,0,0,0,0,0,0,0,0,0,0,0,0,0,0,0,0,0,0,0,0,0,0,0,0,0,0,0,0,,,0,0,0,0,0,0,0,0,0,0,0,0,,,,0,0,0,0,0,0,0,,0,0,0,0,,0,0,,0,0,0,0,0,0,0,0,0,0,,,,,,,,,,,,,,,,,,,,,,,,,,,,,,,,,,,,,,,,,,,,,,,,,,,,,,,,,,,,,,,,,,,,,,,,,,,,,,,,,,,,,,,,,,,,,,,,,,,,,,,,,,,,,,,,,,,,,,,,,,,,,,,,,,,,,,,,,,,,,,,,,,,,00-0031585,PruiMy00,2508256.0,MyCole Pruitt,1992-03-24,74.0,258.0,Southern Illinois,2015.0,5.0,143.0,MIN,2015,9,16.0,0.0,99.0,0.0,0.225625,2021.0,MyCole Pruitt,TEN,29.0,TE,16.0,9.0,18.0,14.0,145.0,3.0,10.0,86.0,6.1,59.0,4.2,6.6,0.0,,0.0,0.0,1.0,116.7,2023-08-21,,,,,,,,,,,,,,,,,,,,,,,,,,,,,,,,,,,,,,,,,,,,,,,,,,,,,,,,,,,,,,,,,,,,,,,,,,,,,10,4.300000000000001,1.1,1,0,0
2021,Marcedes Lewis,M.Lewis,00-0024243,GB,TE,TE,54.0,13,44.400000000000006,3.4153846153846157,21.400000000000002,23.000000000000004,23,28,214,0,0.04912280701754386,0.022498907820008737,0.08943344600032191,0,0,0,0,0,0,0,0,478.0,0.42823529411764705,0.09288702928870295,3.4153846153846157,2.7679252620708996,9.100000000000001,0,TE,"https://static.www.nfl.com/image/private/f_auto,q_auto/league/ppq07tipygpftz5csipx",REG,0,0,0,0,0,0,0,,,0,,0,0,0,0,0,0,0,,0,0,0,0,0,1,0,103,144,10,8.630607974133454,0,10,5,3,0,2.0776699029126213,0,0,0,0,0,0,0,0.0,0.0,0,0,0,0,0,0,0,0,0,0,0,0,0,0,0,0,0,0,0,0,1,0,0,1,0,0,0,0,0,0,0,0,0,,,0,0,0,0,0,0,0,0,0,0,0,0,,,,0,0,0,0,0,0,0,,0,0,0,0,,0,0,,0,0,0,0,0,0,0,0,0,0,M.Lewis,Marcedes Lewis,TE,TE,"https://static.www.nfl.com/image/private/f_auto,q_auto/league/ppq07tipygpftz5csipx",2021.0,POST,GB,1.0,0.0,0.0,0.0,0.0,0.0,0.0,0.0,0.0,0.0,0.0,0.0,0.0,,,0.0,,0.0,0.0,0.0,0.0,0.0,0.0,0.0,0.0,0.0,0.0,,0.0,0.0,0.0,0.0,0.0,1.0,1.0,0.0,0.0,1.0,1.0,-1.0,1.0,0.0,-5.341241278452799,0.0,0.0,0.0,0.0,0.0,0.0,0.037037037037037035,-0.004545454545454545,0.05237373737373737,0.0,1.0,0.0,0.0,0.0,0.0,0.0,0.0,0.0,0.0,0.0,0.0,0.0,0.0,0.0,0.0,0.0,0.0,0.0,0.0,0.0,0.0,0.0,0.0,0.0,0.0,0.0,0.0,0.0,1.0,0.0,0.0,1.0,1.0,0.0,0.0,0.0,0.0,0.0,0.0,0.0,0.0,,,0.0,0.0,0.0,0.0,0.0,0.0,0.0,0.0,0.0,0.0,0.0,0.0,,,,0.0,0.0,0.0,0.0,0.0,0.0,0.0,,0.0,0.0,0.0,0.0,,0.0,0.0,,0.0,0.0,0.0,0.0,0.0,0.0,0.0,0.0,0.0,0.0,-2.0,-1.0,00-0024243,LewiMa00,9614.0,Marcedes Lewis,1984-05-19,78.0,267.0,UCLA,2006.0,1.0,28.0,JAX,2006,20,17.0,0.0,0.0,0.0,0.0,2021.0,Marcedes Lewis,GB,37.0,TE,17.0,17.0,28.0,23.0,214.0,0.0,10.0,70.0,3.0,144.0,6.3,3.7,5.0,4.6,0.0,0.0,0.0,98.5,2023-08-21,,,,,,,,,,,,,,,,,,,,,,,,,,,,,,,,,,,,,,,,,,,,,,,,,,,,,,,,,,,,,,,,,,,,,,,,,,,,,13,2.9000000000000004,0.0,0,0,0
2021,Jordan Akins,J.Akins,00-0034364,HOU,TE,TE,55.0,12,41.7,3.475,17.700000000000003,24.0,24,33,214,0,0.06309751434034416,0.051788841631223416,0.13089846065237265,1,3,0,0,0,0,0,0,327.0,0.4,0.12752293577981652,3.475,3.4772311346294433,10.3,0,TE,"https://static.www.nfl.com/image/private/f_auto,q_auto/league/fgkl9zfpy2yxrkxfge84",REG,0,0,0,0,0,0,0,,,0,,0,0,0,0,0,0,1,0.49852748471312225,0,0,0,0,0,2,2,207,81,11,-8.525723242740607,0,8,3,1,0,1.0338164251207729,0,1,0,0,0,0,0,0.0,0.0,0,0,0,0,0,0,0,0,0,0,0,0,0,0,0,0,0,0,4,48,2,0,0,2,2,0,0,0,0,0,0,0,0,,,0,0,0,0,0,0,0,0,0,0,0,0,,,,0,0,0,0,0,0,0,,0,0,0,0,,0,0,,0,0,0,0,0,0,0,0,0,0,,,,,,,,,,,,,,,,,,,,,,,,,,,,,,,,,,,,,,,,,,,,,,,,,,,,,,,,,,,,,,,,,,,,,,,,,,,,,,,,,,,,,,,,,,,,,,,,,,,,,,,,,,,,,,,,,,,,,,,,,,,,,,,,,,,,,,,,,,,,,,,,,,,,00-0034364,AkinJo00,3128452.0,Jordan Akins,1992-04-19,76.0,245.0,UCF,2018.0,3.0,98.0,HOU,2018,8,13.0,0.0,20.0,0.0,0.05538461538461538,2021.0,Jordan Akins,HOU,29.0,TE,13.0,3.0,33.0,24.0,214.0,0.0,11.0,133.0,5.5,81.0,3.4,6.3,1.0,24.0,3.0,0.091,1.0,77.1,2023-08-21,2021.0,Jordan Akins,HOU,29.0,TE,13.0,3.0,1.0,3.0,0.0,1.0,0.0,0.0,3.0,3.0,0.0,,2023-08-21,,,,,,,,,,,,,,,,,,,,,,,,,,,,,,,,,,,,,,,,,,,,,,,,,,,,,,,,,,,12,3.0,-0.2999999999999998,1,0,0
2021,Maxx Williams,M.Williams,00-0031558,ARI,TE,TE,56.0,5,41.3,8.26,25.3,15.999999999999996,16,17,193,1,0.02982456140350877,0.020338983050847456,0.058974130240856376,0,0,0,0,0,0,0,0,221.0,0.658,0.18687782805429862,8.26,8.175451057892769,17.6,0,TE,"https://static.www.nfl.com/image/private/f_auto,q_auto/league/p0j7ax3rqhrzn5nvmc06",REG,0,0,0,0,0,0,0,,,0,,0,0,0,0,0,0,0,,0,0,0,0,0,0,0,90,125,9,15.071474200405646,0,7,4,3,0,2.1444444444444444,0,0,0,1,0,0,0,0.0,0.0,0,0,0,0,0,0,0,0,0,0,0,0,0,0,0,0,0,0,1,10,0,0,0,0,0,0,0,0,0,0,0,0,0,,,0,0,0,0,0,0,0,0,0,0,0,0,,,,0,0,0,0,0,0,0,,0,0,0,0,,0,0,,0,0,0,0,0,0,0,0,0,0,,,,,,,,,,,,,,,,,,,,,,,,,,,,,,,,,,,,,,,,,,,,,,,,,,,,,,,,,,,,,,,,,,,,,,,,,,,,,,,,,,,,,,,,,,,,,,,,,,,,,,,,,,,,,,,,,,,,,,,,,,,,,,,,,,,,,,,,,,,,,,,,,,,,00-0031558,WillMa04,2970726.0,Maxx Williams,1994-04-12,76.0,252.0,Minnesota,2015.0,2.0,55.0,BAL,2015,8,5.0,0.0,32.0,0.0,0.22999999999999998,2021.0,Maxx Williams,ARI,27.0,TE,5.0,5.0,17.0,16.0,193.0,1.0,9.0,68.0,4.3,125.0,7.8,5.3,1.0,16.0,0.0,0.0,0.0,133.6,2023-08-21,,,,,,,,,,,,,,,,,,,,,,,,,,,,,,,,,,,,,,,,,,,,,,,,,,,,,,,,,,,,,,,,,,,,,,,,,,,,,5,4.9,0.0,2,2,0
2021,Tyler Kroft,T.Kroft,00-0032214,NYJ,TE,TE,57.0,9,39.3,4.366666666666666,23.3,15.999999999999996,16,25,173,1,0.043029259896729774,0.033111060013796274,0.08772163185475204,0,0,0,0,0,0,0,0,363.0,0.6488888888888888,0.10826446280991735,4.366666666666666,3.0450779957170226,10.0,0,TE,"https://static.www.nfl.com/image/private/f_auto,q_auto/league/ztko1uhl01ebiutefibj",REG,0,0,0,0,0,0,0,,,0,,0,0,0,0,0,0,0,,0,0,0,0,0,0,0,144,74,9,5.4017754854514,0,8,3,3,0,1.2013888888888888,0,3,0,0,0,0,0,0.0,0.0,0,0,0,0,0,0,0,0,0,0,0,0,0,0,0,0,0,0,1,5,0,0,0,0,0,0,0,0,0,0,0,0,0,,,0,0,0,0,0,0,0,0,0,0,0,0,,,,0,0,0,0,0,0,0,,0,0,0,0,,0,0,,0,0,0,0,0,0,0,0,0,0,,,,,,,,,,,,,,,,,,,,,,,,,,,,,,,,,,,,,,,,,,,,,,,,,,,,,,,,,,,,,,,,,,,,,,,,,,,,,,,,,,,,,,,,,,,,,,,,,,,,,,,,,,,,,,,,,,,,,,,,,,,,,,,,,,,,,,,,,,,,,,,,,,,,00-0032214,KrofTy00,2582410.0,Tyler Kroft,1992-10-15,78.0,252.0,Rutgers,2015.0,3.0,85.0,CIN,2015,9,9.0,0.0,64.0,0.0,0.2488888888888889,2021.0,Tyler Kroft,NYJ,29.0,TE,9.0,6.0,25.0,16.0,173.0,1.0,9.0,99.0,6.2,74.0,4.6,5.8,1.0,16.0,4.0,0.16,0.0,97.6,2023-08-21,,,,,,,,,,,,,,,,,,,,,,,,,,,,,,,,,,,,,,,,,,,,,,,,,,,,,,,,,,,,,,,,,,,,,,,,,,,,,9,5.5,0.0,1,0,0
2021,Stephen Anderson,S.Anderson,00-0032725,LAC,TE,TE,58.0,14,38.5,2.75,22.5,16.0,16,19,165,1,0.028831562974203338,0.013183785911058638,0.052475994599046054,0,0,0,0,0,0,0,0,345.0,0.28647058823529414,0.11159420289855072,2.75,3.6502370839756106,13.9,0,TE,"https://static.www.nfl.com/image/private/f_auto,q_auto/league/inufsxftnotmpeot1lh2",REG,0,0,0,0,0,0,0,,,0,,0,0,0,0,0,0,0,,0,0,0,0,0,0,0,67,115,9,7.209891159058316,0,7,3,3,0,2.462686567164179,0,4,1,1,0,0,0,0.0,0.0,0,0,0,0,0,0,0,0,0,0,0,0,0,0,0,0,0,0,2,15,0,0,0,0,0,0,0,0,0,0,0,0,0,,,0,0,0,0,0,0,0,0,0,0,0,0,,,,0,0,0,0,0,0,0,,0,0,0,0,,0,0,,0,0,0,0,0,0,0,0,0,0,,,,,,,,,,,,,,,,,,,,,,,,,,,,,,,,,,,,,,,,,,,,,,,,,,,,,,,,,,,,,,,,,,,,,,,,,,,,,,,,,,,,,,,,,,,,,,,,,,,,,,,,,,,,,,,,,,,,,,,,,,,,,,,,,,,,,,,,,,,,,,,,,,,,00-0032725,AndeSt01,2576854.0,Stephen Anderson,1993-01-30,75.0,230.0,California,,,,,2016,6,17.0,0.0,234.0,0.0,0.5223529411764707,2021.0,Stephen Anderson,LAC,28.0,TE,17.0,4.0,19.0,16.0,165.0,1.0,9.0,36.0,2.3,129.0,8.1,3.5,0.0,,0.0,0.0,1.0,98.5,2023-08-21,,,,,,,,,,,,,,,,,,,,,,,,,,,,,,,,,,,,,,,,,,,,,,,,,,,,,,,,,,,,,,,,,,,,,,,,,,,,,14,1.9500000000000002,0.0,1,0,0
2021,Pharaoh Brown,P.Brown,00-0033439,HOU,TE,TE,59.0,13,38.1,2.930769230769231,15.100000000000001,23.0,23,34,171,0,0.06500956022944551,0.03652739554665999,0.12308351722683027,0,0,0,0,0,0,0,0,605.0,0.6446666666666666,0.06297520661157024,2.930769230769231,2.799221503497182,10.7,0,TE,"https://static.www.nfl.com/image/upload/f_auto,q_auto/league/hfgg6gr7aiyzmdzh4iww",REG,0,0,0,0,0,0,0,,,0,,0,0,0,0,0,0,0,,0,0,0,0,0,1,1,146,106,6,-10.383439970088247,0,5,2,2,0,1.1712328767123288,0,1,0,0,0,0,0,0.0,0.0,0,0,0,0,0,0,0,0,0,0,0,0,0,0,0,0,0,0,9,72,1,0,0,1,1,0,0,0,0,0,0,0,0,,,0,0,0,0,0,0,0,0,0,0,0,0,,,,0,0,0,0,0,0,0,,0,0,0,0,,0,0,,0,0,0,0,0,0,0,0,0,0,,,,,,,,,,,,,,,,,,,,,,,,,,,,,,,,,,,,,,,,,,,,,,,,,,,,,,,,,,,,,,,,,,,,,,,,,,,,,,,,,,,,,,,,,,,,,,,,,,,,,,,,,,,,,,,,,,,,,,,,,,,,,,,,,,,,,,,,,,,,,,,,,,,,00-0033439,BrowPh01,2971281.0,Pharaoh Brown,1994-05-04,77.0,246.0,Oregon,,,,,2017,9,15.0,0.0,54.0,0.0,0.13533333333333336,2021.0,Pharaoh Brown,HOU,27.0,TE,15.0,12.0,34.0,23.0,171.0,0.0,6.0,65.0,2.8,106.0,4.6,4.3,2.0,11.5,1.0,0.028999999999999998,1.0,67.2,2023-08-21,,,,,,,,,,,,,,,,,,,,,,,,,,,,,,,,,,,,,,,,,,,,,,,,,,,,,,,,,,,,,,,,,,,,,,,,,,,,,13,2.8,0.0,1,0,0
2021,Ian Thomas,I.Thomas,00-0034365,CAR,TE,TE,60.0,14,36.8,2.6285714285714286,18.8,17.999999999999996,18,30,188,0,0.05217391304347826,0.041430835408648406,0.10726245435127127,0,0,0,0,0,0,0,0,703.0,0.6152941176470589,0.05234708392603129,2.628571428571429,2.451193923040698,8.0,0,TE,"https://static.www.nfl.com/image/upload/f_auto,q_auto/league/gvpwnq0mjefjlekgzxro",REG,0,0,0,0,0,0,0,,,0,,0,0,0,0,0,0,0,,0,0,0,0,0,0,0,183,92,6,-15.779598595749121,0,6,4,3,1,1.0273224043715847,0,1,0,0,0,0,0,0.0,0.0,0,0,0,0,0,0,0,0,0,0,0,0,0,1,9,0,0,0,3,26,0,0,0,0,0,0,0,0,0,0,0,0,0,,,0,0,0,0,0,0,0,0,0,0,0,0,,,,0,0,0,0,0,0,0,,0,0,0,0,,0,0,,0,0,0,0,0,0,0,0,0,0,,,,,,,,,,,,,,,,,,,,,,,,,,,,,,,,,,,,,,,,,,,,,,,,,,,,,,,,,,,,,,,,,,,,,,,,,,,,,,,,,,,,,,,,,,,,,,,,,,,,,,,,,,,,,,,,,,,,,,,,,,,,,,,,,,,,,,,,,,,,,,,,,,,,00-0034365,ThomIa00,4045305.0,Ian Thomas,1996-06-06,75.0,253.0,Indiana; Nassau CC,2018.0,4.0,101.0,CAR,2018,9,17.0,0.0,48.0,0.0,0.10764705882352942,2021.0,Ian Thomas,CAR,25.0,TE,17.0,13.0,30.0,18.0,188.0,0.0,6.0,96.0,5.3,92.0,5.1,6.2,1.0,18.0,4.0,0.133,3.0,38.6,2023-08-21,,,,,,,,,,,,,,,,,,,,,,,,,,,,,,,,,,,,,,,,,,,,,,,,,,,,,,,,,,,,,,,,,,,,,,,,,,,,,14,1.8,0.0,0,0,0
2021,Brock Wright,B.Wright,00-0036754,DET,TE,TE,61.0,8,35.7,4.4625,23.700000000000003,12.0,12,17,117,2,0.03008849557522124,0.018503832936822628,0.0580854264186077,0,0,0,0,0,0,0,0,301.0,0.475,0.1186046511627907,4.4625,4.9537684068365,13.100000000000001,0,TE,"https://static.www.nfl.com/image/upload/f_auto,q_auto/league/ghmaeofuj87fm97yhvcp",REG,0,0,0,0,0,0,0,,,0,,0,0,0,0,0,0,0,,0,0,0,0,0,0,0,70,64,6,-0.7720769078587182,0,5,2,2,0,1.6714285714285715,0,2,0,1,0,0,0,0.0,0.0,0,0,0,0,0,0,0,0,0,0,0,0,0,0,0,0,0,0,3,20,0,0,0,0,0,0,0,0,0,0,0,0,0,,,0,0,0,0,0,0,0,0,0,0,0,0,,,,0,0,0,0,0,0,0,,0,0,0,0,,0,0,,0,0,0,0,0,0,0,0,0,0,,,,,,,,,,,,,,,,,,,,,,,,,,,,,,,,,,,,,,,,,,,,,,,,,,,,,,,,,,,,,,,,,,,,,,,,,,,,,,,,,,,,,,,,,,,,,,,,,,,,,,,,,,,,,,,,,,,,,,,,,,,,,,,,,,,,,,,,,,,,,,,,,,,,00-0036754,WrigBr01,4242392.0,Brock Wright,1998-11-27,77.0,254.0,Notre Dame,,,,,2021,6,10.0,0.0,106.0,0.0,0.41100000000000003,2021.0,Brock Wright,DET,23.0,TE,10.0,5.0,17.0,12.0,117.0,2.0,6.0,53.0,4.4,64.0,5.3,4.1,0.0,,1.0,0.059000000000000004,1.0,104.3,2023-08-21,,,,,,,,,,,,,,,,,,,,,,,,,,,,,,,,,,,,,,,,,,,,,,,,,,,,,,,,,,,,,,,,,,,,,,,,,,,,,8,2.8,0.0,2,0,0
2021,Zach Gentry,Z.Gentry,00-0035222,PIT,TE,TE,61.0,10,35.7,3.5700000000000003,16.7,19.000000000000004,19,25,167,0,0.03828483920367534,0.016895697229105656,0.06925424686588696,0,0,0,0,0,0,0,0,473.0,0.4035294117647059,0.07547568710359409,3.5700000000000003,2.670850883977697,7.9,0,TE,"https://static.www.nfl.com/image/upload/f_auto,q_auto/league/a8vddwqiybkx41wwtjy4",REG,0,0,0,0,0,0,0,,,0,,0,0,0,0,0,0,0,,0,0,0,0,0,0,0,75,127,11,-2.380375497394975,0,10,3,2,0,2.2266666666666666,0,1,0,0,0,0,0,0.0,0.0,0,0,0,0,0,0,0,0,0,0,0,0,0,0,0,0,0,0,0,0,0,0,0,0,0,0,0,0,0,0,0,0,0,,,0,0,0,0,0,0,0,0,0,0,0,0,,,,0,0,0,0,0,0,0,,0,0,0,0,,0,0,,0,0,0,0,0,0,0,0,0,0,Z.Gentry,Zach Gentry,TE,TE,"https://static.www.nfl.com/image/upload/f_auto,q_auto/league/a8vddwqiybkx41wwtjy4",2021.0,POST,PIT,1.0,0.0,0.0,0.0,0.0,0.0,0.0,0.0,0.0,0.0,0.0,0.0,0.0,,,0.0,,0.0,0.0,0.0,0.0,0.0,0.0,0.0,0.0,0.0,0.0,,0.0,0.0,0.0,0.0,0.0,4.0,4.0,33.0,0.0,0.0,0.0,14.0,19.0,1.0,-2.025662305415608,0.0,2.0,0.0,0.0,0.0,2.357142857142857,0.09090909090909091,0.04375,0.16698863636363634,0.0,0.0,0.0,0.0,0.0,0.0,0.0,0.0,0.0,0.0,0.0,0.0,0.0,0.0,0.0,0.0,0.0,0.0,0.0,0.0,0.0,0.0,0.0,0.0,0.0,0.0,0.0,0.0,0.0,0.0,0.0,0.0,0.0,0.0,0.0,0.0,0.0,0.0,0.0,0.0,0.0,0.0,,,0.0,0.0,0.0,0.0,0.0,0.0,0.0,0.0,0.0,0.0,0.0,0.0,,,,0.0,0.0,0.0,0.0,0.0,0.0,0.0,,0.0,0.0,0.0,0.0,,0.0,0.0,,0.0,0.0,0.0,0.0,0.0,0.0,0.0,0.0,0.0,0.0,3.3000000000000003,7.300000000000001,00-0035222,GentZa00,3929924.0,Zach Gentry,1996-09-10,80.0,265.0,Michigan,2019.0,5.0,141.0,PIT,2019,5,17.0,0.0,139.0,0.0,0.2858823529411765,2021.0,Zach Gentry,PIT,25.0,TE,17.0,12.0,25.0,19.0,167.0,0.0,11.0,40.0,2.1,127.0,6.7,3.0,1.0,19.0,0.0,0.0,0.0,93.2,2023-08-21,,,,,,,,,,,,,,,,,,,,,,,,,,,,,,,,,,,,,,,,,,,,,,,,,,,,,,,,,,,,,,,,,,,,,,,,,,,,,10,2.5,0.8,0,0,0
2021,O.J. Howard,O.Howard,00-0033879,TB,TE,TE,63.0,10,33.5,3.35,19.5,14.0,14,21,135,1,0.029329608938547486,0.02307431286053614,0.06014643241019653,0,0,0,0,0,0,0,0,365.0,0.31,0.09178082191780822,3.35,4.9797924990237625,16.9,0,TE,"https://static.www.nfl.com/image/private/f_auto,q_auto/league/usf4x1xgc8bqnuaewkp2",REG,0,0,0,0,0,0,0,,,0,,0,0,0,0,0,0,0,,0,0,0,0,0,0,0,136,83,10,3.820306091011582,0,7,1,1,0,0.9926470588235294,0,0,0,0,0,0,0,0.0,0.0,0,0,0,0,0,0,0,0,0,0,0,0,0,0,0,0,0,0,2,10,0,0,0,0,0,0,0,0,0,0,0,0,0,,,0,0,0,0,0,0,0,0,0,0,0,0,,,,0,0,0,0,0,0,0,,0,0,0,0,,0,0,,0,0,0,0,0,0,0,0,0,0,O.Howard,O.J. Howard,TE,TE,"https://static.www.nfl.com/image/private/f_auto,q_auto/league/usf4x1xgc8bqnuaewkp2",2021.0,POST,TB,2.0,0.0,0.0,0.0,0.0,0.0,0.0,0.0,0.0,0.0,0.0,0.0,0.0,,,0.0,,0.0,0.0,0.0,0.0,0.0,0.0,0.0,0.0,0.0,0.0,,0.0,0.0,0.0,0.0,0.0,2.0,2.0,10.0,0.0,0.0,0.0,7.0,3.0,1.0,0.4883666892419569,0.0,0.0,0.0,0.0,0.0,1.4285714285714286,0.02247191011235955,0.01174496644295302,0.04192934167860644,0.0,0.0,0.0,0.0,0.0,0.0,0.0,0.0,0.0,0.0,0.0,0.0,0.0,0.0,0.0,0.0,0.0,0.0,0.0,0.0,0.0,0.0,0.0,0.0,0.0,0.0,0.0,0.0,0.0,0.0,0.0,0.0,0.0,0.0,0.0,0.0,0.0,0.0,0.0,0.0,0.0,0.0,,,0.0,0.0,0.0,0.0,0.0,0.0,0.0,0.0,0.0,0.0,0.0,0.0,,,,0.0,0.0,0.0,0.0,0.0,0.0,0.0,,0.0,0.0,0.0,0.0,,0.0,0.0,,0.0,0.0,0.0,0.0,0.0,0.0,0.0,0.0,0.0,0.0,1.0,3.0,00-0033879,HowaO.00,3043080.0,O.J. Howard,1994-11-18,78.0,251.0,Alabama,2017.0,1.0,19.0,TB,2017,6,17.0,0.0,13.0,0.0,0.028235294117647056,2021.0,OJ Howard,TB,27.0,TE,17.0,9.0,21.0,14.0,135.0,1.0,10.0,52.0,3.7,83.0,5.9,6.5,1.0,14.0,0.0,0.0,0.0,100.3,2023-08-21,,,,,,,,,,,,,,,,,,,,,,,,,,,,,,,,,,,,,,,,,,,,,,,,,,,,,,,,,,,,,,,,,,,,,,,,,,,,,10,2.05,0.0,1,1,0
2021,Blake Jarwin,B.Jarwin,00-0033658,DAL,TE,TE,64.0,8,32.6,4.075,21.6,11.0,11,17,96,2,0.026687598116169546,0.02501954652071931,0.05754507973875783,0,0,0,0,0,0,0,0,275.0,0.46375,0.11854545454545455,4.075,3.3597406362481523,8.8,0,TE,"https://static.www.nfl.com/image/private/f_auto,q_auto/league/fsn8rvgup22r5e53mu7i",REG,0,0,0,0,0,0,0,,,0,,0,0,0,0,0,0,0,,0,0,0,0,0,0,0,128,38,5,-1.3517085073981434,0,3,2,1,0,0.75,0,1,0,0,0,0,0,0.0,0.0,0,0,0,0,0,0,0,0,0,0,0,0,0,0,0,0,0,0,1,5,0,0,0,0,0,0,0,0,0,0,0,0,0,,,0,0,0,0,0,0,0,0,0,0,0,0,,,,0,0,0,0,0,0,0,,0,0,0,0,,0,0,,0,0,0,0,0,0,0,0,0,0,B.Jarwin,Blake Jarwin,TE,TE,"https://static.www.nfl.com/image/private/f_auto,q_auto/league/fsn8rvgup22r5e53mu7i",2021.0,POST,DAL,1.0,0.0,0.0,0.0,0.0,0.0,0.0,0.0,0.0,0.0,0.0,0.0,0.0,,,0.0,,0.0,0.0,0.0,0.0,0.0,0.0,0.0,0.0,0.0,0.0,,0.0,0.0,0.0,0.0,0.0,0.0,1.0,0.0,0.0,0.0,0.0,14.0,0.0,0.0,-0.31039777083788067,0.0,0.0,0.0,0.0,0.0,0.0,0.023809523809523808,0.03684210526315789,0.061503759398496234,0.0,0.0,0.0,0.0,0.0,0.0,0.0,0.0,0.0,0.0,0.0,0.0,0.0,0.0,0.0,0.0,0.0,0.0,0.0,0.0,0.0,0.0,0.0,0.0,0.0,0.0,0.0,0.0,0.0,0.0,0.0,0.0,0.0,0.0,0.0,0.0,0.0,0.0,0.0,0.0,0.0,0.0,,,0.0,0.0,0.0,0.0,0.0,0.0,0.0,0.0,0.0,0.0,0.0,0.0,,,,0.0,0.0,0.0,0.0,0.0,0.0,0.0,,0.0,0.0,0.0,0.0,,0.0,0.0,,0.0,0.0,0.0,0.0,0.0,0.0,0.0,0.0,0.0,0.0,0.0,0.0,00-0033658,JarwBl00,2991767.0,Blake Jarwin,1994-07-16,77.0,250.0,Oklahoma State,,,,,2017,5,8.0,0.0,3.0,0.0,0.01125,2021.0,Blake Jarwin,DAL,27.0,TE,8.0,5.0,17.0,11.0,96.0,2.0,5.0,58.0,5.3,38.0,3.5,7.5,0.0,,0.0,0.0,1.0,94.2,2023-08-21,,,,,,,,,,,,,,,,,,,,,,,,,,,,,,,,,,,,,,,,,,,,,,,,,,,,,,,,,,,,,,,,,,,,,,,,,,,,,8,4.2,0.0,0,0,0
2021,Eric Ebron,E.Ebron,00-0031387,PIT,TE,TE,65.0,8,32.5,4.0625,20.5,12.0,12,18,84,1,0.027565084226646247,0.02613201171435008,0.059640034540014424,1,1,1,0,0,0,0,0,246.0,0.445,0.13211382113821138,4.0625,4.08619190515011,11.4,0,TE,"https://static.www.nfl.com/image/private/f_auto,q_auto/league/uaxsxymncppase7ihczd",REG,0,0,0,0,0,0,0,,,0,,0,0,0,0,0,0,1,2.168087058758829,0,0,0,0,0,0,0,116,21,6,1.7373717446462251,0,2,2,0,0,0.7241379310344828,0,0,0,0,0,0,0,0.0,0.0,0,0,0,0,0,0,0,0,0,0,0,0,0,0,0,0,0,0,0,0,0,0,0,0,0,0,0,0,0,0,0,0,0,,,0,0,0,0,0,0,0,0,0,0,0,0,,,,0,0,0,0,0,0,0,,0,0,0,0,,0,0,,0,0,0,0,0,0,0,0,0,0,,,,,,,,,,,,,,,,,,,,,,,,,,,,,,,,,,,,,,,,,,,,,,,,,,,,,,,,,,,,,,,,,,,,,,,,,,,,,,,,,,,,,,,,,,,,,,,,,,,,,,,,,,,,,,,,,,,,,,,,,,,,,,,,,,,,,,,,,,,,,,,,,,,,00-0031387,EbroEr00,16732.0,Eric Ebron,1993-04-10,76.0,253.0,North Carolina,2014.0,1.0,10.0,DET,2014,8,8.0,0.0,1.0,0.0,0.00375,2021.0,Eric Ebron,PIT,28.0,TE,8.0,3.0,18.0,12.0,84.0,1.0,6.0,63.0,5.3,21.0,1.8,6.4,0.0,,1.0,0.055999999999999994,0.0,95.6,2023-08-21,2021.0,Eric Ebron,PIT,28.0,TE,8.0,3.0,1.0,1.0,1.0,1.0,1.0,1.0,0.0,0.0,0.0,,2023-08-21,,,,,,,,,,,,,,,,,,,,,,,,,,,,,,,,,,,,,,,,,,,,,,,,,,,,,,,,,,,8,2.95,0.0,1,0,0
2021,N'Keal Harry,N.Harry,00-0035624,NE,TE,TE,66.0,10,30.400000000000002,3.04,18.400000000000002,12.0,12,22,184,0,0.04198473282442748,0.07625932835820895,0.11635862908738748,0,0,0,0,0,0,0,0,326.0,0.42333333333333334,0.09325153374233129,3.04,2.192005677202705,7.2,0,TE,"https://static.www.nfl.com/image/upload/f_auto,q_auto/league/yl0nlprrudo2o0awymq3",REG,0,0,0,0,0,0,0,,,0,,0,0,0,0,0,0,0,,0,0,0,0,0,0,0,327,25,7,7.7237242978590075,0,7,3,3,1,0.5626911314984709,0,0,0,0,0,0,0,0.0,0.0,0,0,0,0,0,1,0,0,0,0,0,0,0,0,0,0,0,0,0,0,0,1,0,1,1,1,0,0,0,0,0,0,0,,,0,0,0,0,0,0,0,0,0,0,0,0,,,,0,0,0,0,0,0,0,,0,0,0,0,,0,0,,0,0,0,0,0,0,0,0,0,0,,,,,,,,,,,,,,,,,,,,,,,,,,,,,,,,,,,,,,,,,,,,,,,,,,,,,,,,,,,,,,,,,,,,,,,,,,,,,,,,,,,,,,,,,,,,,,,,,,,,,,,,,,,,,,,,,,,,,,,,,,,,,,,,,,,,,,,,,,,,,,,,,,,,00-0035624,HarrNK00,4047839.0,N'Keal Harry,1997-12-17,76.0,225.0,Arizona State,2019.0,1.0,32.0,NE,2019,6,12.0,0.0,11.0,0.0,0.03666666666666667,2021.0,NKeal Harry,NE,24.0,WR,12.0,4.0,22.0,12.0,184.0,0.0,7.0,159.0,13.3,25.0,2.1,14.9,0.0,,1.0,0.045,1.0,63.4,2023-08-21,,,,,,,,,,,,,,,,,,,,,,,,,,,,,,,,,,,,,,,,,,,,,,,,,,,,,,,,,,,,,,,,,,,,,,,,,,,,,10,3.45,0.0,0,0,0
2021,Nick Vannett,N.Vannett,00-0032394,NO,TE,TE,67.0,7,28.3,4.042857142857143,19.3,9.0,9,15,133,1,0.03164556962025317,0.022162883845126834,0.06298237312196853,0,0,0,0,0,0,0,0,228.0,0.5171428571428571,0.12412280701754386,4.042857142857143,3.6468512184518587,8.1,0,TE,"https://static.www.nfl.com/image/upload/f_auto,q_auto/league/srrlkx2mydsb8gfco6fp",REG,0,0,0,0,0,0,0,,,0,,0,0,0,0,0,0,0,,0,0,0,0,0,0,0,83,92,7,6.716772177316712,0,7,4,2,0,1.6024096385542168,0,0,0,0,0,0,0,0.0,0.0,0,0,0,0,0,0,0,0,0,0,0,0,0,0,0,0,0,0,1,10,0,0,0,0,0,0,0,0,0,0,0,0,0,,,0,0,0,0,0,0,0,0,0,0,0,0,,,,0,0,0,0,0,0,0,,0,0,0,0,,0,0,,0,0,0,0,0,0,0,0,0,0,,,,,,,,,,,,,,,,,,,,,,,,,,,,,,,,,,,,,,,,,,,,,,,,,,,,,,,,,,,,,,,,,,,,,,,,,,,,,,,,,,,,,,,,,,,,,,,,,,,,,,,,,,,,,,,,,,,,,,,,,,,,,,,,,,,,,,,,,,,,,,,,,,,,00-0032394,VannNi00,2576399.0,Nick Vannett,1993-03-06,78.0,257.0,Ohio State,2016.0,3.0,94.0,SEA,2016,11,7.0,0.0,30.0,0.0,0.15857142857142859,2021.0,Nick Vannett,NO,28.0,TE,7.0,2.0,15.0,9.0,133.0,1.0,7.0,41.0,4.6,92.0,10.2,5.5,1.0,9.0,3.0,0.2,0.0,111.2,2023-08-21,,,,,,,,,,,,,,,,,,,,,,,,,,,,,,,,,,,,,,,,,,,,,,,,,,,,,,,,,,,,,,,,,,,,,,,,,,,,,7,3.0,0.0,0,0,0
2021,Adam Shaheen,A.Shaheen,00-0033896,MIA,TE,TE,68.0,7,23.0,3.2857142857142856,11.0,12.0,12,16,110,0,0.02671118530884808,0.020577052113621114,0.0544707144428069,0,0,0,0,0,0,0,0,372.0,0.45249999999999996,0.06182795698924731,3.2857142857142856,2.3589747571268975,6.4,0,TE,"https://static.www.nfl.com/image/private/f_auto,q_auto/league/rvj5swstfh0vf6f6w2hr",REG,0,0,0,0,0,0,0,,,0,,0,0,0,0,0,0,0,,0,0,0,0,0,0,0,92,41,5,2.7934769367761025,0,5,2,1,0,1.1956521739130435,0,0,0,0,0,0,0,0.0,0.0,0,0,0,0,0,0,0,0,0,0,0,0,0,0,0,0,0,0,0,0,0,0,0,0,0,0,0,0,0,0,0,0,0,,,0,0,0,0,0,0,0,0,0,0,0,0,,,,0,0,0,0,0,0,0,,0,0,0,0,,0,0,,0,0,0,0,0,0,0,0,0,0,,,,,,,,,,,,,,,,,,,,,,,,,,,,,,,,,,,,,,,,,,,,,,,,,,,,,,,,,,,,,,,,,,,,,,,,,,,,,,,,,,,,,,,,,,,,,,,,,,,,,,,,,,,,,,,,,,,,,,,,,,,,,,,,,,,,,,,,,,,,,,,,,,,,00-0033896,ShahAd00,4198676.0,Adam Shaheen,1994-10-24,79.0,248.0,Ashland; Pittsburgh-Johnstown,2017.0,2.0,45.0,CHI,2017,6,12.0,0.0,52.0,0.0,0.16,2021.0,Adam Shaheen,MIA,27.0,TE,12.0,7.0,16.0,12.0,110.0,0.0,5.0,69.0,5.8,41.0,3.4,5.8,1.0,12.0,2.0,0.125,0.0,93.2,2023-08-21,,,,,,,,,,,,,,,,,,,,,,,,,,,,,,,,,,,,,,,,,,,,,,,,,,,,,,,,,,,,,,,,,,,,,,,,,,,,,7,2.9000000000000004,0.0,0,0,0
2021,Joseph Fortson,J.Fortson,00-0035547,KC,TE,TE,69.0,4,21.7,5.425,16.7,5.0,5,5,47,2,0.007849293563579277,0.007653575025176234,0.01713144286299228,0,0,0,0,0,0,0,0,54.0,0.12166666666666666,0.40185185185185185,5.425,3.0499999999999994,8.7,0,TE,"https://static.www.nfl.com/image/private/f_auto,q_auto/league/gxhstzqswbn4z05r9rqv",REG,0,0,0,0,0,0,0,,,0,,0,0,0,0,0,0,0,,0,0,0,0,0,0,0,38,9,3,5.351718912075739,0,2,1,1,0,1.236842105263158,0,0,0,0,0,0,0,0.0,0.0,0,0,0,0,0,0,0,0,0,0,0,0,0,0,0,0,0,0,0,0,0,0,0,0,0,0,0,0,0,0,0,0,0,,,0,0,0,0,0,0,0,0,0,0,0,0,,,,0,0,0,0,0,0,0,,0,0,0,0,,0,0,,0,0,0,0,0,0,0,0,0,0,,,,,,,,,,,,,,,,,,,,,,,,,,,,,,,,,,,,,,,,,,,,,,,,,,,,,,,,,,,,,,,,,,,,,,,,,,,,,,,,,,,,,,,,,,,,,,,,,,,,,,,,,,,,,,,,,,,,,,,,,,,,,,,,,,,,,,,,,,,,,,,,,,,,00-0035547,FortJo01,4408854.0,Joseph Fortson,1995-12-07,76.0,226.0,Valdosta State; Erie CC,,,,,2019,4,6.0,0.0,68.0,0.0,0.42333333333333334,2021.0,Jody Fortson,KC,26.0,WR,6.0,0.0,5.0,5.0,47.0,2.0,3.0,38.0,7.6,9.0,1.8,7.6,0.0,,0.0,0.0,0.0,145.4,2023-08-21,,,,,,,,,,,,,,,,,,,,,,,,,,,,,,,,,,,,,,,,,,,,,,,,,,,,,,,,,,,,,,,,,,,,,,,,,,,,,4,5.45,2.1,0,0,0
2021,Kylen Granson,K.Granson,00-0036876,IND,TE,TE,70.0,10,21.6,2.16,10.600000000000001,11.0,11,15,106,0,0.029880478087649404,0.01475,0.055145717131474106,0,0,0,0,0,0,0,0,228.0,0.20176470588235296,0.09473684210526316,2.16,1.3817862835233723,4.2,0,TE,"https://static.www.nfl.com/image/upload/f_auto,q_auto/league/ysbxmdw4da30q3kjb571",REG,0,0,0,0,0,0,0,,,0,,0,0,0,0,0,0,0,,0,0,0,0,0,0,0,59,76,4,4.283214020502577,0,4,1,1,0,1.7966101694915255,0,0,0,0,0,0,0,0.0,0.0,0,0,0,0,0,0,0,0,0,0,0,0,0,0,0,0,0,0,0,0,0,0,0,0,0,0,0,0,0,0,0,0,0,,,0,0,0,0,0,0,0,0,0,0,0,0,,,,0,0,0,0,0,0,0,,0,0,0,0,,0,0,,0,0,0,0,0,0,0,0,0,0,,,,,,,,,,,,,,,,,,,,,,,,,,,,,,,,,,,,,,,,,,,,,,,,,,,,,,,,,,,,,,,,,,,,,,,,,,,,,,,,,,,,,,,,,,,,,,,,,,,,,,,,,,,,,,,,,,,,,,,,,,,,,,,,,,,,,,,,,,,,,,,,,,,,00-0036876,GranKy00,4039160.0,Kylen Granson,1998-03-27,75.0,242.0,SMU,2021.0,4.0,127.0,IND,2021,6,17.0,0.0,51.0,0.0,0.11588235294117648,2021.0,Kylen Granson,IND,23.0,TE,17.0,0.0,15.0,11.0,106.0,0.0,4.0,30.0,2.7,76.0,6.9,3.9,0.0,,0.0,0.0,0.0,92.6,2023-08-21,,,,,,,,,,,,,,,,,,,,,,,,,,,,,,,,,,,,,,,,,,,,,,,,,,,,,,,,,,,,,,,,,,,,,,,,,,,,,10,1.7000000000000002,0.0,0,0,0
2021,Lee Smith,L.Smith,00-0028097,ATL,TE,TE,71.0,10,21.5,2.15,12.5,9.0,9,11,65,1,0.019855595667870037,0.009172097513878832,0.03620386176152024,0,0,0,0,0,0,0,0,311.0,0.308125,0.06913183279742766,2.15,3.25243498525848,9.7,0,TE,"https://static.www.nfl.com/image/private/f_auto,q_auto/league/gcaqwhzrinlqicrljwlr",REG,0,0,0,0,0,0,0,,,0,,0,0,0,0,0,0,0,,0,0,0,0,0,0,0,38,31,3,2.709607003373094,0,2,1,1,0,1.7105263157894737,0,1,0,0,0,0,0,0.0,0.0,0,0,0,0,0,0,0,0,0,0,0,0,0,0,0,0,0,0,4,28,0,0,0,0,0,0,0,0,0,0,0,0,0,,,0,0,0,0,0,0,0,0,0,0,0,0,,,,0,0,0,0,0,0,0,,0,0,0,0,,0,0,,0,0,0,0,0,0,0,0,0,0,,,,,,,,,,,,,,,,,,,,,,,,,,,,,,,,,,,,,,,,,,,,,,,,,,,,,,,,,,,,,,,,,,,,,,,,,,,,,,,,,,,,,,,,,,,,,,,,,,,,,,,,,,,,,,,,,,,,,,,,,,,,,,,,,,,,,,,,,,,,,,,,,,,,00-0028097,SmitLe00,14215.0,Lee Smith,1987-11-21,78.0,265.0,Marshall; Tennessee,2011.0,5.0,159.0,NE,2011,11,16.0,0.0,60.0,0.0,0.151875,2021.0,Lee Smith,ATL,34.0,TE,16.0,6.0,11.0,9.0,65.0,1.0,3.0,34.0,3.8,31.0,3.4,3.5,0.0,,0.0,0.0,0.0,121.6,2023-08-21,,,,,,,,,,,,,,,,,,,,,,,,,,,,,,,,,,,,,,,,,,,,,,,,,,,,,,,,,,,,,,,,,,,,,,,,,,,,,10,0.8500000000000001,0.0,0,0,0
2021,Jacob Hollister,J.Hollister,00-0033387,JAX,TE,TE,72.0,7,20.5,2.9285714285714284,11.5,9.0,9,14,55,1,0.024013722126929673,0.01385099685204617,0.04571628098682683,0,0,0,0,0,0,0,0,174.0,0.36428571428571427,0.11781609195402298,2.9285714285714284,2.589539396439893,7.1,0,TE,"https://static.www.nfl.com/image/private/f_auto,q_auto/league/qdny7ap8ly1ozectd8zu",REG,0,0,0,0,0,0,0,,,0,,0,0,0,0,0,0,0,,0,0,0,0,0,0,0,66,31,2,-12.457760905192,0,1,0,0,0,0.8333333333333334,0,1,0,1,0,0,0,0.0,0.0,0,0,0,0,0,0,0,0,0,0,0,0,0,0,0,0,0,0,0,0,0,0,0,0,0,0,0,0,0,0,0,0,0,,,0,0,0,0,0,0,0,0,0,0,0,0,,,,0,0,0,0,0,0,0,,0,0,0,0,,0,0,,0,0,0,0,0,0,0,0,0,0,,,,,,,,,,,,,,,,,,,,,,,,,,,,,,,,,,,,,,,,,,,,,,,,,,,,,,,,,,,,,,,,,,,,,,,,,,,,,,,,,,,,,,,,,,,,,,,,,,,,,,,,,,,,,,,,,,,,,,,,,,,,,,,,,,,,,,,,,,,,,,,,,,,,00-0033387,HollJa03,3125404.0,Jacob Hollister,1993-11-18,76.0,245.0,Wyoming; Arizona Western,,,,,2017,6,7.0,0.0,56.0,0.0,0.3085714285714286,2021.0,Jacob Hollister,JAX,28.0,TE,7.0,2.0,14.0,9.0,55.0,1.0,2.0,27.0,3.0,28.0,3.1,5.7,0.0,,1.0,0.071,2.0,56.2,2023-08-21,,,,,,,,,,,,,,,,,,,,,,,,,,,,,,,,,,,,,,,,,,,,,,,,,,,,,,,,,,,,,,,,,,,,,,,,,,,,,7,3.5,0.0,0,0,0
2021,Tommy Sweeney,T.Sweeney,00-0035308,BUF,TE,TE,73.0,7,19.4,2.7714285714285714,10.4,8.999999999999998,9,12,44,1,0.019261637239165328,0.01288515406162465,0.03791206370188525,0,0,0,0,0,0,0,0,267.0,0.3038461538461539,0.07265917602996254,2.7714285714285714,2.819405543558361,7.1,0,TE,"https://static.www.nfl.com/image/upload/f_auto,q_auto/league/ixhp102leeriycsx1pkl",REG,0,0,0,0,0,0,0,,,0,,0,0,0,0,0,0,0,,0,0,0,0,0,1,0,69,14,3,-3.790205474360846,0,2,0,0,0,0.6376811594202898,0,0,0,0,0,0,0,0.0,0.0,0,0,0,0,0,0,0,0,0,0,0,0,0,0,0,0,0,0,2,10,1,0,1,1,0,0,0,0,0,0,0,0,0,,,0,0,0,0,0,0,0,0,0,0,0,0,,,,0,0,0,0,0,0,0,,0,0,0,0,,0,0,,0,0,0,0,0,0,0,0,0,0,,,,,,,,,,,,,,,,,,,,,,,,,,,,,,,,,,,,,,,,,,,,,,,,,,,,,,,,,,,,,,,,,,,,,,,,,,,,,,,,,,,,,,,,,,,,,,,,,,,,,,,,,,,,,,,,,,,,,,,,,,,,,,,,,,,,,,,,,,,,,,,,,,,,00-0035308,SweeTo00,3122818.0,Tommy Sweeney,1995-07-01,77.0,255.0,Boston College,2019.0,7.0,228.0,BUF,2019,6,13.0,0.0,1.0,0.0,0.003076923076923077,2021.0,Tommy Sweeney,BUF,26.0,TE,13.0,3.0,12.0,9.0,44.0,1.0,3.0,30.0,3.3,14.0,1.6,5.8,0.0,,1.0,0.083,1.0,72.9,2023-08-21,,,,,,,,,,,,,,,,,,,,,,,,,,,,,,,,,,,,,,,,,,,,,,,,,,,,,,,,,,,,,,,,,,,,,,,,,,,,,7,2.2,0.0,0,0,0
2021,Jesse James,J.James,00-0032135,CHI,TE,TE,74.0,5,19.2,3.84,12.2,7.0,7,8,62,1,0.015267175572519083,0.012013348164627364,0.03131010707401778,0,0,0,0,0,0,0,0,265.0,0.28071428571428575,0.07245283018867925,3.84,5.409990757847928,12.8,0,TE,"https://static.www.nfl.com/image/private/f_auto,q_auto/league/rgk9zqdx9lmbcblem3xn",REG,0,0,0,0,0,0,0,,,0,,0,0,0,0,0,0,0,,0,0,0,0,0,0,0,54,18,3,2.0551499077071953,0,2,1,0,0,1.1481481481481481,0,1,0,0,0,0,1,0.0,0.0,0,0,0,0,0,0,0,0,0,0,0,0,0,0,0,0,0,0,1,10,0,0,0,0,0,0,0,0,0,0,0,0,0,,,0,0,0,0,0,0,0,0,0,0,0,0,,,,0,0,0,0,0,0,0,,0,0,0,0,,0,0,,0,0,0,0,0,0,0,0,0,0,,,,,,,,,,,,,,,,,,,,,,,,,,,,,,,,,,,,,,,,,,,,,,,,,,,,,,,,,,,,,,,,,,,,,,,,,,,,,,,,,,,,,,,,,,,,,,,,,,,,,,,,,,,,,,,,,,,,,,,,,,,,,,,,,,,,,,,,,,,,,,,,,,,,00-0032135,JameJe00,2979590.0,Jesse James,1994-06-04,79.0,261.0,Penn State,2015.0,5.0,160.0,PIT,2015,9,14.0,0.0,111.0,0.0,0.31,2021.0,Jesse James,CHI,27.0,TE,14.0,9.0,8.0,7.0,62.0,1.0,3.0,44.0,6.3,18.0,2.6,6.8,0.0,,0.0,0.0,0.0,138.5,2023-08-21,,,,,,,,,,,,,,,,,,,,,,,,,,,,,,,,,,,,,,,,,,,,,,,,,,,,,,,,,,,,,,,,,,,,,,,,,,,,,5,1.4,0.0,1,0,0
2021,Chris Manhertz,C.Manhertz,00-0031484,JAX,TE,TE,75.0,10,19.1,1.9100000000000001,13.100000000000001,6.0,6,9,71,1,0.015437392795883362,0.014270724029380902,0.033145596014391675,0,0,0,0,0,0,0,0,391.0,0.3588235294117647,0.048849104859335045,1.9100000000000001,2.746492712938125,9.2,0,TE,"https://static.www.nfl.com/image/upload/f_auto,q_auto/league/bw0kytk1nwrdln9t3wzg",REG,0,0,0,0,0,0,0,,,0,,0,0,0,0,0,0,0,,0,0,0,0,0,0,0,68,26,4,3.1535110025433823,0,4,1,1,0,1.0441176470588236,0,0,0,0,0,0,0,0.0,0.0,0,0,0,0,0,0,0,0,0,0,0,0,0,1,0,0,0,0,6,50,0,0,0,0,0,0,0,0,0,0,0,0,0,,,0,0,0,0,0,0,0,0,0,0,0,0,,,,0,0,0,0,0,0,0,,0,0,0,0,,0,0,,0,0,0,0,0,0,0,0,0,0,,,,,,,,,,,,,,,,,,,,,,,,,,,,,,,,,,,,,,,,,,,,,,,,,,,,,,,,,,,,,,,,,,,,,,,,,,,,,,,,,,,,,,,,,,,,,,,,,,,,,,,,,,,,,,,,,,,,,,,,,,,,,,,,,,,,,,,,,,,,,,,,,,,,00-0031484,ManhCh00,4071345.0,Chris Manhertz,1992-04-10,78.0,235.0,Canisius College,,,,,2015,11,17.0,0.0,59.0,0.0,0.13588235294117648,2021.0,Chris Manhertz,JAX,29.0,TE,17.0,10.0,9.0,6.0,71.0,1.0,4.0,45.0,7.5,26.0,4.3,7.6,0.0,,0.0,0.0,0.0,127.5,2023-08-21,,,,,,,,,,,,,,,,,,,,,,,,,,,,,,,,,,,,,,,,,,,,,,,,,,,,,,,,,,,,,,,,,,,,,,,,,,,,,10,1.8,0.0,0,0,0
2021,Drew Sample,D.Sample,00-0035631,CIN,TE,TE,75.0,10,19.1,1.9100000000000001,8.1,11.000000000000002,11,15,81,0,0.027777777777777776,0.007959972708665,0.04723864756273216,0,0,0,0,0,0,0,0,459.0,0.4135294117647059,0.04161220043572985,1.9100000000000001,2.000805393390927,6.6,0,TE,"https://static.www.nfl.com/image/upload/f_auto,q_auto/league/mmxrr2k7gdfowqpyxtr7",REG,0,0,0,0,0,0,0,,,0,,0,0,0,0,0,0,0,,0,0,0,0,0,0,0,35,82,3,0.321978353720624,0,3,1,0,0,2.3142857142857145,0,1,0,1,0,0,0,0.0,0.0,0,0,0,0,0,0,0,0,0,0,0,0,0,1,0,0,0,0,1,10,0,0,0,0,0,0,0,0,0,0,0,0,0,,,0,0,0,0,0,0,0,0,0,0,0,0,,,,0,0,0,0,0,0,0,,0,0,0,0,,0,0,,0,0,0,0,0,0,0,0,0,0,D.Sample,Drew Sample,TE,TE,"https://static.www.nfl.com/image/upload/f_auto,q_auto/league/mmxrr2k7gdfowqpyxtr7",2021.0,POST,CIN,1.0,0.0,0.0,0.0,0.0,0.0,0.0,0.0,0.0,0.0,0.0,0.0,0.0,,,0.0,,0.0,0.0,0.0,0.0,0.0,0.0,0.0,0.0,0.0,0.0,,0.0,0.0,0.0,0.0,0.0,1.0,2.0,4.0,0.0,0.0,0.0,11.0,0.0,0.0,-0.8350577456876636,0.0,0.0,0.0,0.0,0.0,0.36363636363636365,0.014705882352941176,0.012429378531073447,0.030759388501163176,0.0,0.0,0.0,0.0,0.0,0.0,0.0,0.0,0.0,0.0,0.0,0.0,0.0,0.0,0.0,0.0,0.0,0.0,0.0,0.0,0.0,0.0,0.0,0.0,0.0,0.0,0.0,0.0,0.0,0.0,0.0,0.0,0.0,0.0,0.0,0.0,0.0,0.0,0.0,0.0,0.0,0.0,,,0.0,0.0,0.0,0.0,0.0,0.0,0.0,0.0,0.0,0.0,0.0,0.0,,,,0.0,0.0,0.0,0.0,0.0,0.0,0.0,,0.0,0.0,0.0,0.0,,0.0,0.0,,0.0,0.0,0.0,0.0,0.0,0.0,0.0,0.0,0.0,0.0,0.4,1.4,00-0035631,SampDr00,3127310.0,Drew Sample,1996-04-16,77.0,260.0,Washington,2019.0,2.0,52.0,CIN,2019,8,17.0,0.0,199.0,0.0,0.4194117647058824,2021.0,Drew Sample,CIN,25.0,TE,17.0,8.0,15.0,11.0,81.0,0.0,3.0,-1.0,-0.1,82.0,7.5,2.3,2.0,5.5,1.0,0.067,0.0,85.7,2023-08-21,,,,,,,,,,,,,,,,,,,,,,,,,,,,,,,,,,,,,,,,,,,,,,,,,,,,,,,,,,,,,,,,,,,,,,,,,,,,,10,1.55,0.0,0,0,0
2021,Blake Bell,B.Bell,00-0032062,KC,TE,TE,77.0,11,18.700000000000003,1.7000000000000002,9.700000000000001,9.000000000000002,9,13,87,0,0.02040816326530612,0.006243705941591138,0.03498283905707298,4,10,0,0,0,0,0,0,322.0,0.29375,0.05807453416149069,1.7,1.9157244060668017,6.7,0,TE,"https://static.www.nfl.com/image/private/f_auto,q_auto/league/eqrmmjto8koqqc9j2kjj",REG,0,0,0,0,0,0,0,,,0,,0,0,0,0,0,0,4,3.2836653463891707,0,0,0,0,0,0,0,31,67,4,1.2283455611323006,0,3,2,2,0,2.806451612903226,0,0,0,0,0,0,0,0.0,0.0,0,0,0,0,0,0,0,0,0,0,0,0,0,0,0,0,0,0,1,10,0,0,0,0,0,0,0,0,0,0,0,0,0,,,0,0,0,0,0,0,0,0,0,0,0,0,,,,0,0,0,0,0,0,0,,0,0,0,0,,0,0,,0,0,0,0,0,0,0,0,0,0,B.Bell,Blake Bell,TE,TE,"https://static.www.nfl.com/image/private/f_auto,q_auto/league/eqrmmjto8koqqc9j2kjj",2021.0,POST,KC,1.0,0.0,0.0,0.0,0.0,0.0,0.0,0.0,0.0,0.0,0.0,0.0,0.0,,,0.0,,0.0,0.0,0.0,0.0,0.0,0.0,0.0,0.0,0.0,0.0,,0.0,0.0,0.0,0.0,0.0,1.0,1.0,3.0,0.0,0.0,0.0,-1.0,4.0,0.0,-0.3816284663625993,0.0,0.0,0.0,0.0,0.0,0.0,0.008547008547008548,-0.0014367816091954023,0.011814765694076041,0.0,0.0,0.0,0.0,0.0,0.0,0.0,0.0,0.0,0.0,0.0,0.0,0.0,0.0,0.0,0.0,0.0,0.0,0.0,0.0,0.0,0.0,0.0,0.0,0.0,0.0,0.0,1.0,5.0,0.0,0.0,0.0,0.0,0.0,0.0,0.0,0.0,0.0,0.0,0.0,0.0,0.0,,,0.0,0.0,0.0,0.0,0.0,0.0,0.0,0.0,0.0,0.0,0.0,0.0,,,,0.0,0.0,0.0,0.0,0.0,0.0,0.0,,0.0,0.0,0.0,0.0,,0.0,0.0,,0.0,0.0,0.0,0.0,0.0,0.0,0.0,0.0,0.0,0.0,0.30000000000000004,1.3,00-0032062,BellBl00,2514206.0,Blake Bell,1991-08-07,78.0,252.0,Oklahoma,2015.0,4.0,117.0,SF,2015,9,16.0,0.0,155.0,0.0,0.383125,2021.0,Blake Bell,KC,30.0,TE,16.0,5.0,13.0,9.0,87.0,0.0,4.0,20.0,2.2,67.0,7.4,2.4,0.0,,1.0,0.077,0.0,87.7,2023-08-21,2021.0,Blake Bell,KC,30.0,TE,16.0,5.0,4.0,10.0,0.0,4.0,7.0,1.8,3.0,0.8,0.0,,2023-08-21,,,,,,,,,,,,,,,,,,,,,,,,,,,,,,,,,,,,,2021.0,Regular,Season Total,KC,B. Bell,,84.5,0.5,4.0,0.9,0.0,0.9,0.0,0.0,84.4,0.0,Blake,Bell,Blake Bell,https://a.espncdn.com/i/headshots/nfl/players/full/2514206.png,Chiefs,False,11,1.5,0.0,0,0,0
2021,Eric Saubert,E.Saubert,00-0033576,DEN,TE,TE,78.0,10,18.7,1.8699999999999999,10.7,8.0,8,12,47,1,0.02321083172147002,0.008787346221441126,0.04096738993721381,0,0,0,0,0,0,0,0,290.0,0.2647058823529412,0.06448275862068965,1.8700000000000003,2.439512701795632,7.1,0,TE,"https://static.www.nfl.com/image/upload/f_auto,q_auto/league/czzieyox5rht6ae3g5tx",REG,0,0,0,0,0,0,0,,,0,,0,0,0,0,0,0,0,,0,0,0,0,0,0,0,40,29,2,-0.5281541799777187,0,1,0,0,0,1.175,0,2,0,0,0,0,0,0.0,0.0,0,0,0,0,0,0,0,0,0,0,0,0,0,0,0,0,0,0,2,15,0,0,0,0,0,0,0,0,0,0,0,0,0,,,0,0,0,0,0,0,0,0,0,0,0,0,,,,0,0,0,0,0,0,0,,0,0,0,0,,0,0,,0,0,0,0,0,0,0,0,0,0,,,,,,,,,,,,,,,,,,,,,,,,,,,,,,,,,,,,,,,,,,,,,,,,,,,,,,,,,,,,,,,,,,,,,,,,,,,,,,,,,,,,,,,,,,,,,,,,,,,,,,,,,,,,,,,,,,,,,,,,,,,,,,,,,,,,,,,,,,,,,,,,,,,,00-0033576,SaubEr00,2975863.0,Eric Saubert,1994-05-09,77.0,248.0,Drake,2017.0,5.0,174.0,ATL,2017,9,17.0,0.0,302.0,0.0,0.7482352941176471,2021.0,Eric Saubert,DEN,27.0,TE,17.0,4.0,12.0,8.0,47.0,1.0,2.0,18.0,2.3,29.0,3.6,3.3,2.0,4.0,1.0,0.083,1.0,67.0,2023-08-21,,,,,,,,,,,,,,,,,,,,,,,,,,,,,,,,,,,,,,,,,,,,,,,,,,,,,,,,,,,,,,,,,,,,,,,,,,,,,10,1.4500000000000002,0.0,0,0,0
2021,Noah Gray,N.Gray,00-0036637,KC,TE,TE,79.0,7,16.6,2.3714285714285714,9.6,7.000000000000002,7,10,36,1,0.015698587127158554,0.004632426988922457,0.026790579582983552,0,0,0,0,0,0,0,0,289.0,0.25375,0.05743944636678201,2.3714285714285714,2.2837938360794054,7.1,0,TE,"https://static.www.nfl.com/image/upload/f_auto,q_auto/league/bpmlguml8jth2rbdfyp5",REG,0,0,0,0,0,0,0,,,0,,0,0,0,0,0,0,0,,0,0,0,0,0,0,0,23,18,2,-0.03670596570009366,0,0,0,0,0,1.565217391304348,0,0,0,2,0,0,0,0.0,0.0,0,0,0,0,0,0,0,0,0,0,0,0,0,0,0,0,0,0,0,0,0,0,0,0,0,0,0,0,0,0,0,0,0,,,0,0,0,0,0,0,0,0,0,0,0,0,,,,0,0,0,0,0,0,0,,0,0,0,0,,0,0,,0,0,0,0,0,0,0,0,0,0,N.Gray,Noah Gray,TE,TE,"https://static.www.nfl.com/image/upload/f_auto,q_auto/league/bpmlguml8jth2rbdfyp5",2021.0,POST,KC,2.0,0.0,0.0,0.0,0.0,0.0,0.0,0.0,0.0,0.0,0.0,0.0,0.0,,,0.0,,0.0,0.0,0.0,0.0,0.0,0.0,0.0,0.0,0.0,0.0,,0.0,0.0,0.0,0.0,0.0,2.0,4.0,14.0,0.0,0.0,0.0,22.0,5.0,1.0,0.018109382421243936,0.0,0.0,0.0,0.0,0.0,0.6363636363636364,0.03418803418803419,0.031609195402298854,0.07340848806366049,0.0,2.0,0.0,0.0,0.0,0.0,0.0,0.0,0.0,0.0,0.0,0.0,0.0,0.0,0.0,0.0,0.0,0.0,0.0,0.0,0.0,0.0,0.0,0.0,0.0,0.0,0.0,0.0,0.0,0.0,0.0,0.0,0.0,0.0,0.0,0.0,0.0,0.0,0.0,0.0,0.0,0.0,,,0.0,0.0,0.0,0.0,0.0,0.0,0.0,0.0,0.0,0.0,0.0,0.0,,,,0.0,0.0,0.0,0.0,0.0,0.0,0.0,,0.0,0.0,0.0,0.0,,0.0,0.0,,0.0,0.0,0.0,0.0,0.0,0.0,0.0,0.0,0.0,0.0,1.4000000000000001,3.4000000000000004,00-0036637,GrayNo00,4240472.0,Noah Gray,1999-04-30,75.0,240.0,Duke,2021.0,5.0,162.0,KC,2021,6,16.0,0.0,280.0,0.0,0.703125,2021.0,Noah Gray,KC,22.0,TE,16.0,1.0,10.0,7.0,36.0,1.0,2.0,18.0,2.6,18.0,2.6,2.3,0.0,,1.0,0.1,0.0,108.7,2023-08-21,,,,,,,,,,,,,,,,,,,,,,,,,,,,,,,,,,,,,,,,,,,,,,,,,,,,,,,,,,,,,,,,,,,,,,,,,,,,,7,1.6,0.0,0,0,0
2021,Jesper Horsted,J.Horsted,00-0035562,CHI,TE,TE,80.0,4,16.1,4.025,14.1,2.0000000000000018,2,3,21,2,0.0057251908396946565,0.006896551724137931,0.013415372466438535,0,0,0,0,0,0,0,0,6.0,0.014285714285714287,2.6833333333333336,4.025,4.699202059924642,8.9,0,TE,"https://static.www.nfl.com/image/private/f_auto,q_auto/league/mqbodeysdvvvuhkctewa",REG,0,0,0,0,0,0,0,,,0,,0,0,0,0,0,0,0,,0,0,0,0,0,0,0,31,0,2,5.220881963959825,0,1,1,0,0,0.6774193548387096,0,1,0,1,0,0,0,0.0,0.0,0,0,0,0,0,0,0,0,0,0,0,0,0,0,0,0,0,0,0,0,0,0,0,0,0,0,0,0,0,0,0,0,0,,,0,0,0,0,0,0,0,0,0,0,0,0,,,,0,0,0,0,0,0,0,,0,0,0,0,,0,0,,0,0,0,0,0,0,0,0,0,0,,,,,,,,,,,,,,,,,,,,,,,,,,,,,,,,,,,,,,,,,,,,,,,,,,,,,,,,,,,,,,,,,,,,,,,,,,,,,,,,,,,,,,,,,,,,,,,,,,,,,,,,,,,,,,,,,,,,,,,,,,,,,,,,,,,,,,,,,,,,,,,,,,,,00-0035562,HorsJe00,3940587.0,Jesper Horsted,1997-02-27,75.0,237.0,Princeton,,,,,2019,4,7.0,0.0,92.0,0.0,0.5457142857142857,2021.0,Jesper Horsted,CHI,24.0,WR,7.0,0.0,3.0,2.0,21.0,2.0,2.0,21.0,10.5,0.0,0.0,10.3,0.0,,1.0,0.33299999999999996,0.0,126.4,2023-08-21,,,,,,,,,,,,,,,,,,,,,,,,,,,,,,,,,,,,,,,,,,,,,,,,,,,,,,,,,,,,,,,,,,,,,,,,,,,,,4,3.6,0.0,0,0,0
2021,Antony Auclair,A.Auclair,00-0033421,HOU,TE,TE,81.0,4,15.7,3.925,10.7,5.0,5,5,47,1,0.009560229445506692,0.0055041280960720545,0.018193233835510476,0,0,0,0,0,0,0,0,316.0,0.311875,0.04968354430379747,3.9250000000000003,3.0510927004381014,8.1,0,TE,"https://static.www.nfl.com/image/private/f_auto,q_auto/league/qkktgjw9l0ntyfiobegs",REG,0,0,0,0,0,0,0,,,0,,0,0,0,0,0,0,0,,0,0,0,0,0,0,0,22,25,2,5.6944959633401595,0,2,0,0,0,2.1363636363636362,0,1,0,0,0,0,0,0.0,0.0,0,0,0,0,0,0,0,0,0,0,0,0,0,0,0,0,0,0,1,10,0,0,0,0,0,0,0,1,11,0,0,0,0,,,0,0,0,0,0,0,0,0,0,0,0,0,,,,0,0,0,0,0,0,0,,0,0,0,0,,0,0,,0,0,0,0,0,0,0,0,0,0,,,,,,,,,,,,,,,,,,,,,,,,,,,,,,,,,,,,,,,,,,,,,,,,,,,,,,,,,,,,,,,,,,,,,,,,,,,,,,,,,,,,,,,,,,,,,,,,,,,,,,,,,,,,,,,,,,,,,,,,,,,,,,,,,,,,,,,,,,,,,,,,,,,,00-0033421,AuclAn00,4081127.0,Antony Auclair,1993-05-28,78.0,256.0,Laval,,,,,2017,6,16.0,0.0,155.0,0.0,0.36375,2021.0,Antony Auclair,HOU,28.0,TE,16.0,13.0,5.0,5.0,47.0,1.0,2.0,22.0,4.4,25.0,5.0,4.4,1.0,5.0,0.0,0.0,0.0,145.4,2023-08-21,,,,,,,,,,,,,,,,,,,,,,,,,,,,,,,,,,,,,,,,,,,,,,,,,,,,,,,,,,,,,,,,,,,,,,,,,,,,,4,3.0000000000000004,1.6,0,0,0
2021,Josh Oliver,J.Oliver,00-0035249,BAL,TE,TE,82.0,11,15.600000000000001,1.4181818181818182,6.6000000000000005,9.0,9,15,66,0,0.025380710659898477,0.02408256880733945,0.05492886415498534,0,0,0,0,0,0,0,0,155.0,0.15285714285714286,0.1006451612903226,1.4181818181818182,1.554231759949707,4.9,0,TE,"https://static.www.nfl.com/image/upload/f_auto,q_auto/league/awdb5xedlbq0ebpptgzb",REG,0,0,0,0,0,0,0,,,0,,0,0,0,0,0,0,0,,0,0,0,0,0,1,0,126,25,4,-3.329060616903007,0,2,1,0,0,0.5238095238095238,0,2,0,2,0,0,0,0.0,0.0,0,0,0,0,0,0,0,0,0,0,0,0,0,1,0,0,0,0,1,10,1,0,0,1,0,0,0,0,0,0,0,0,0,,,0,0,0,0,0,0,0,0,0,0,0,0,,,,0,0,0,0,0,0,0,,0,0,0,0,,0,0,,0,0,0,0,0,0,0,0,0,0,,,,,,,,,,,,,,,,,,,,,,,,,,,,,,,,,,,,,,,,,,,,,,,,,,,,,,,,,,,,,,,,,,,,,,,,,,,,,,,,,,,,,,,,,,,,,,,,,,,,,,,,,,,,,,,,,,,,,,,,,,,,,,,,,,,,,,,,,,,,,,,,,,,,00-0035249,OlivJo00,3921690.0,Josh Oliver,1997-03-21,77.0,264.0,San Jose State,2019.0,3.0,69.0,JAX,2019,8,14.0,0.0,89.0,0.0,0.22785714285714284,2021.0,Josh Oliver,BAL,24.0,TE,14.0,1.0,15.0,9.0,66.0,0.0,4.0,41.0,4.6,25.0,2.8,8.7,0.0,,0.0,0.0,0.0,70.4,2023-08-21,,,,,,,,,,,,,,,,,,,,,,,,,,,,,,,,,,,,,,,,,,,,,,,,,,,,,,,,,,,,,,,,,,,,,,,,,,,,,11,1.2,0.0,0,0,0
2021,Ross Dwelley,R.Dwelley,00-0034073,SF,TE,TE,83.0,4,15.100000000000001,3.7750000000000004,11.100000000000001,4.0,4,5,51,1,0.01006036217303823,0.014738945790657007,0.02540780531301725,0,0,0,0,0,0,0,0,195.0,0.18176470588235297,0.07743589743589745,3.775,4.012792045446661,9.1,0,TE,"https://static.www.nfl.com/image/upload/f_auto,q_auto/league/wf9ynmqonmnaosslkwdl",REG,0,0,0,0,0,0,0,,,0,,0,0,0,0,0,0,0,,0,0,0,0,0,0,0,59,5,2,1.563315904873889,0,3,1,1,0,0.864406779661017,0,1,0,0,0,0,0,0.0,0.0,0,0,0,0,0,0,0,0,0,0,0,0,0,0,0,0,0,0,3,29,0,0,0,0,0,0,0,0,0,0,0,0,0,,,0,0,0,0,0,0,0,0,0,0,0,0,,,,0,0,0,0,0,0,0,,0,0,0,0,,0,0,,0,0,0,0,0,0,0,0,0,0,,,,,,,,,,,,,,,,,,,,,,,,,,,,,,,,,,,,,,,,,,,,,,,,,,,,,,,,,,,,,,,,,,,,,,,,,,,,,,,,,,,,,,,,,,,,,,,,,,,,,,,,,,,,,,,,,,,,,,,,,,,,,,,,,,,,,,,,,,,,,,,,,,,,00-0034073,DwelRo00,3120303.0,Ross Dwelley,1995-01-26,77.0,235.0,San Diego,,,,,2018,8,17.0,0.0,188.0,0.0,0.4135294117647059,2021.0,Ross Dwelley,SF,26.0,TE,17.0,2.0,5.0,4.0,51.0,1.0,2.0,46.0,11.5,5.0,1.3,11.8,0.0,,0.0,0.0,0.0,148.7,2023-08-21,,,,,,,,,,,,,,,,,,,,,,,,,,,,,,,,,,,,,,,,,,,,,,,,,,,,,,,,,,,,,,,,,,,,,,,,,,,,,4,3.0,0.0,0,0,0
2021,Chris Herndon,C.Herndon,00-0034766,MIN,TE,TE,84.0,6,14.0,2.3333333333333335,10.0,4.0,4,7,40,1,0.012110726643598616,0.005989260636100785,0.02235857241066847,0,0,0,0,0,0,0,0,184.0,0.164375,0.07608695652173914,2.3333333333333335,2.650031446354301,7.2,0,TE,"https://static.www.nfl.com/image/private/f_auto,q_auto/league/orypxaqv1ux3nbqssqqx",REG,0,0,0,0,0,0,0,,,0,,0,0,0,0,0,0,0,,0,0,0,0,0,0,0,29,31,4,1.9023339864215814,0,2,1,0,0,1.3793103448275863,0,0,0,0,0,0,0,0.0,0.0,0,0,0,0,0,0,0,0,0,0,0,0,0,0,0,0,0,0,2,25,0,0,0,0,0,0,0,0,0,0,0,0,0,,,0,0,0,0,0,0,0,0,0,0,0,0,,,,0,0,0,0,0,0,0,,0,0,0,0,,0,0,,0,0,0,0,0,0,0,0,0,0,,,,,,,,,,,,,,,,,,,,,,,,,,,,,,,,,,,,,,,,,,,,,,,,,,,,,,,,,,,,,,,,,,,,,,,,,,,,,,,,,,,,,,,,,,,,,,,,,,,,,,,,,,,,,,,,,,,,,,,,,,,,,,,,,,,,,,,,,,,,,,,,,,,,00-0034766,HernCh00,3123050.0,Chris Herndon,1996-02-23,76.0,253.0,Miami,2018.0,4.0,107.0,NYJ,2018,4,16.0,0.0,21.0,0.0,0.046875,2021.0,Chris Herndon,MIN,25.0,FB,16.0,5.0,7.0,4.0,40.0,1.0,4.0,9.0,2.3,31.0,7.8,4.1,0.0,,2.0,0.28600000000000003,0.0,113.1,2023-08-21,,,,,,,,,,,,,,,,,,,,,,,,,,,,,,,,,,,,,,,,,,,,,,,,,,,,,,,,,,,,,,,,,,,,,,,,,,,,,6,2.0500000000000003,0.0,0,0,0
2021,Sean McKeon,S.McKeon,00-0036032,DAL,TE,TE,85.0,5,12.7,2.54,8.7,4.0,4,6,27,1,0.009419152276295133,0.00527756059421423,0.01782302083039266,0,0,0,0,0,0,0,0,119.0,0.18444444444444444,0.10672268907563025,2.54,3.3701632007960685,8.0,0,TE,"https://static.www.nfl.com/image/upload/f_auto,q_auto/league/s8btr444jepywrmchvfx",REG,0,0,0,0,0,0,0,,,0,,0,0,0,0,0,0,0,,0,0,0,0,0,0,0,27,10,2,0.24308577692136168,0,2,0,0,0,1.0,0,0,0,1,0,0,0,0.0,0.0,0,0,0,0,0,0,0,0,0,0,0,0,0,0,0,0,0,0,0,0,0,0,0,0,0,0,0,0,0,0,0,0,0,,,0,0,0,0,0,0,0,0,0,0,0,0,,,,0,0,0,0,0,0,0,,0,0,0,0,,0,0,,0,0,0,0,0,0,0,0,0,0,,,,,,,,,,,,,,,,,,,,,,,,,,,,,,,,,,,,,,,,,,,,,,,,,,,,,,,,,,,,,,,,,,,,,,,,,,,,,,,,,,,,,,,,,,,,,,,,,,,,,,,,,,,,,,,,,,,,,,,,,,,,,,,,,,,,,,,,,,,,,,,,,,,,00-0036032,McKeSe01,4036275.0,Sean McKeon,1997-12-28,77.0,255.0,Michigan,,,,,2020,5,9.0,0.0,85.0,0.0,0.3211111111111111,2021.0,Sean McKeon,DAL,24.0,TE,9.0,2.0,6.0,4.0,27.0,1.0,2.0,17.0,4.3,10.0,2.5,4.5,1.0,4.0,0.0,0.0,0.0,116.0,2023-08-21,,,,,,,,,,,,,,,,,,,,,,,,,,,,,,,,,,,,,,,,,,,,,,,,,,,,,,,,,,,,,,,,,,,,,,,,,,,,,5,1.2,0.0,0,0,0
2021,Luke Farrell,L.Farrell,00-0036887,JAX,TE,TE,86.0,8,12.600000000000001,1.5750000000000002,5.6000000000000005,7.000000000000001,7,11,56,0,0.018867924528301886,0.015320041972717734,0.03902591617335524,0,0,0,0,0,0,0,0,254.0,0.286,0.04960629921259843,1.575,0.9176834188013082,3.1,0,TE,"https://static.www.nfl.com/image/upload/f_auto,q_auto/league/kdq2zratulrdsv4ykugy",REG,0,0,0,0,0,0,0,,,0,,0,0,0,0,0,0,0,,0,0,0,0,0,1,0,73,28,3,-3.6240672460990027,0,2,1,1,0,0.7671232876712328,0,0,0,0,0,0,0,0.0,0.0,0,0,0,0,0,0,0,0,0,0,0,0,0,0,0,0,0,0,1,14,1,0,0,1,0,0,0,0,0,0,0,0,0,,,0,0,0,0,0,0,0,0,0,0,0,0,,,,0,0,0,0,0,0,0,,0,0,0,0,,0,0,,0,0,0,0,0,0,0,0,0,0,,,,,,,,,,,,,,,,,,,,,,,,,,,,,,,,,,,,,,,,,,,,,,,,,,,,,,,,,,,,,,,,,,,,,,,,,,,,,,,,,,,,,,,,,,,,,,,,,,,,,,,,,,,,,,,,,,,,,,,,,,,,,,,,,,,,,,,,,,,,,,,,,,,,00-0036887,FarrLu00,4040612.0,Luke Farrell,1997-10-14,77.0,250.0,Ohio State,2021.0,5.0,145.0,JAX,2021,6,15.0,0.0,94.0,0.0,0.24800000000000003,2021.0,Luke Farrell,JAX,24.0,TE,15.0,4.0,11.0,7.0,56.0,0.0,3.0,28.0,4.0,28.0,4.0,6.6,0.0,,1.0,0.091,1.0,38.4,2023-08-21,,,,,,,,,,,,,,,,,,,,,,,,,,,,,,,,,,,,,,,,,,,,,,,,,,,,,,,,,,,,,,,,,,,,,,,,,,,,,8,1.6500000000000001,0.0,0,0,0
2021,Tyree Jackson,T.Jackson,00-0035356,PHI,TE,TE,87.0,3,11.2,3.733333333333333,8.2,3.0,3,7,22,1,0.014957264957264958,0.016312056737588652,0.03385433715220949,0,0,0,0,0,0,0,0,171.0,0.28111111111111114,0.0654970760233918,3.733333333333333,6.466323014923809,11.2,0,TE,"https://static.www.nfl.com/image/upload/f_auto,q_auto/league/wqy8qk8uznsw4mn206rv",REG,0,0,0,0,0,0,0,,,0,,0,0,0,0,0,0,0,,0,0,0,0,0,0,0,69,7,2,0.2695195387932472,0,1,0,0,0,0.3188405797101449,0,0,0,0,0,0,0,0.0,0.0,0,0,0,0,0,0,0,0,0,0,0,0,0,0,0,0,0,0,0,0,0,0,0,0,0,0,0,0,0,0,0,0,0,,,0,0,0,0,0,0,0,0,0,0,0,0,,,,0,0,0,0,0,0,0,,0,0,0,0,,0,0,,0,0,0,0,0,0,0,0,0,0,,,,,,,,,,,,,,,,,,,,,,,,,,,,,,,,,,,,,,,,,,,,,,,,,,,,,,,,,,,,,,,,,,,,,,,,,,,,,,,,,,,,,,,,,,,,,,,,,,,,,,,,,,,,,,,,,,,,,,,,,,,,,,,,,,,,,,,,,,,,,,,,,,,,00-0035356,JackTy01,3916564.0,Tyree Jackson,1997-11-07,79.0,249.0,Buffalo,,,,,2021,3,9.0,0.0,106.0,0.0,0.4366666666666667,2021.0,Tyree Jackson,PHI,24.0,QB,9.0,3.0,7.0,3.0,22.0,1.0,2.0,15.0,5.0,7.0,2.3,9.9,0.0,,0.0,0.0,0.0,90.5,2023-08-21,,,,,,,,,,,,,,,,,,,,,,,,,,,,,,,,,,,,,,,,,,,,,,,,,,,,,,,,,,,,,,,,,,,,,,,,,,,,,3,0.0,0.0,1,0,0
2021,Chris Myarick,C.Myarick,00-0035345,NYG,TE,TE,88.0,4,10.7,2.675,7.7,2.999999999999999,3,6,17,1,0.010638297872340425,0.002979601191840477,0.01804316764279897,0,0,0,0,0,0,0,0,93.0,0.18625,0.11505376344086021,2.675,4.349233648970049,9.1,0,TE,"https://static.www.nfl.com/image/upload/f_auto,q_auto/league/zyedrh1lvylrutfof4ld",REG,0,0,0,0,0,0,0,,,0,,0,0,0,0,0,0,0,,0,0,0,0,0,0,0,13,8,2,-4.3384086560690776,0,1,0,0,0,1.3076923076923077,0,0,0,0,0,0,0,0.0,0.0,0,0,0,0,0,0,0,0,0,0,0,0,0,0,0,0,0,0,0,0,0,0,0,0,0,0,0,0,0,0,0,0,0,,,0,0,0,0,0,0,0,0,0,0,0,0,,,,0,0,0,0,0,0,0,,0,0,0,0,,0,0,,0,0,0,0,0,0,0,0,0,0,,,,,,,,,,,,,,,,,,,,,,,,,,,,,,,,,,,,,,,,,,,,,,,,,,,,,,,,,,,,,,,,,,,,,,,,,,,,,,,,,,,,,,,,,,,,,,,,,,,,,,,,,,,,,,,,,,,,,,,,,,,,,,,,,,,,,,,,,,,,,,,,,,,,00-0035345,MyarCh00,3138744.0,Chris Myarick,1995-10-06,77.0,261.0,Temple,,,,,2019,5,8.0,0.0,56.0,0.0,0.2575,2021.0,Chris Myarick,NYG,26.0,TE,8.0,3.0,6.0,3.0,17.0,1.0,2.0,9.0,3.0,8.0,2.7,2.2,0.0,,2.0,0.33299999999999996,1.0,56.2,2023-08-21,,,,,,,,,,,,,,,,,,,,,,,,,,,,,,,,,,,,,,,,,,,,,,,,,,,,,,,,,,,,,,,,,,,,,,,,,,,,,4,0.8,0.0,0,0,0
2021,Tre' McKitty,T.McKitty,00-0037011,LAC,TE,TE,89.0,6,10.5,1.75,4.5,6.0,6,8,45,0,0.012139605462822459,0.0035419126328217238,0.020688747037208896,0,0,0,0,0,0,0,0,237.0,0.30454545454545456,0.04430379746835443,1.75,1.9159853861655627,5.2,0,TE,"https://static.www.nfl.com/image/upload/f_auto,q_auto/league/hcsuglnch88wtxp9emcv",REG,0,0,0,0,0,0,0,,,0,,0,0,0,0,0,0,0,,0,0,0,0,0,0,0,18,34,3,1.4067195650422946,0,1,0,0,0,2.5,0,1,0,0,0,0,0,0.0,0.0,0,0,0,0,0,0,0,0,0,0,0,0,0,0,0,0,0,0,0,0,0,0,0,0,0,0,0,0,0,0,0,0,0,,,0,0,0,0,0,0,0,0,0,0,0,0,,,,0,0,0,0,0,0,0,,0,0,0,0,,0,0,,0,0,0,0,0,0,0,0,0,0,,,,,,,,,,,,,,,,,,,,,,,,,,,,,,,,,,,,,,,,,,,,,,,,,,,,,,,,,,,,,,,,,,,,,,,,,,,,,,,,,,,,,,,,,,,,,,,,,,,,,,,,,,,,,,,,,,,,,,,,,,,,,,,,,,,,,,,,,,,,,,,,,,,,00-0037011,McKiTr00,4240023.0,Tre' McKitty,1999-01-12,76.0,246.0,Georgia; Florida State,2021.0,3.0,97.0,LAC,2021,4,11.0,0.0,34.0,0.0,0.12090909090909091,2021.0,Tre McKitty,LAC,22.0,TE,11.0,4.0,8.0,6.0,45.0,0.0,3.0,11.0,1.8,34.0,5.7,2.3,0.0,,0.0,0.0,0.0,88.0,2023-08-21,,,,,,,,,,,,,,,,,,,,,,,,,,,,,,,,,,,,,,,,,,,,,,,,,,,,,,,,,,,,,,,,,,,,,,,,,,,,,6,1.55,0.0,0,0,0
2021,Charlie Woerner,C.Woerner,00-0036429,SF,TE,TE,90.0,8,10.2,1.275,5.2,4.999999999999999,5,6,52,0,0.012072434607645875,0.012990257307019736,0.027201832026382627,0,0,0,0,0,0,0,0,249.0,0.23529411764705882,0.04096385542168674,1.2750000000000001,1.7425350990521171,5.0,0,TE,"https://static.www.nfl.com/image/upload/f_auto,q_auto/league/tuzldnhk23mvsapfejqd",REG,0,0,0,0,0,0,0,,,0,,0,0,0,0,0,0,0,,0,0,0,0,0,0,0,52,9,3,2.718112677684985,0,2,1,1,0,1.0,0,6,0,1,0,0,0,0.0,0.0,0,0,0,0,0,0,0,0,0,0,0,0,0,0,0,0,0,0,1,5,0,0,0,0,0,0,0,0,0,0,0,0,0,,,0,0,0,0,0,0,0,0,0,0,0,0,,,,0,0,0,0,0,0,0,,0,0,0,0,,0,0,,0,0,0,0,0,0,0,0,0,0,C.Woerner,Charlie Woerner,TE,TE,"https://static.www.nfl.com/image/upload/f_auto,q_auto/league/tuzldnhk23mvsapfejqd",2021.0,POST,SF,1.0,0.0,0.0,0.0,0.0,0.0,0.0,0.0,0.0,0.0,0.0,0.0,0.0,,,0.0,,0.0,0.0,0.0,0.0,0.0,0.0,0.0,0.0,0.0,0.0,,0.0,0.0,0.0,0.0,0.0,0.0,1.0,0.0,0.0,0.0,0.0,0.0,0.0,0.0,-0.5684161940589547,0.0,0.0,0.0,0.0,0.0,,0.013888888888888888,0.0,0.020833333333333332,0.0,0.0,0.0,0.0,0.0,0.0,0.0,0.0,0.0,0.0,0.0,0.0,0.0,0.0,0.0,0.0,0.0,0.0,0.0,0.0,0.0,0.0,0.0,0.0,0.0,0.0,0.0,0.0,0.0,0.0,0.0,0.0,0.0,0.0,0.0,0.0,0.0,0.0,0.0,0.0,0.0,0.0,,,0.0,0.0,0.0,0.0,0.0,0.0,0.0,0.0,0.0,0.0,0.0,0.0,,,,0.0,0.0,0.0,0.0,0.0,0.0,0.0,,0.0,0.0,0.0,0.0,,0.0,0.0,,0.0,0.0,0.0,0.0,0.0,0.0,0.0,0.0,0.0,0.0,0.0,0.0,00-0036429,WoerCh00,4035020.0,Charlie Woerner,1997-10-16,77.0,250.0,Georgia,2020.0,6.0,190.0,SF,2020,7,17.0,0.0,328.0,0.0,0.7276470588235293,2021.0,Charlie Woerner,SF,24.0,TE,17.0,3.0,6.0,5.0,52.0,0.0,3.0,43.0,8.6,9.0,1.8,8.7,0.0,,0.0,0.0,0.0,102.8,2023-08-21,,,,,,,,,,,,,,,,,,,,,,,,,,,,,,,,,,,,,,,,,,,,,,,,,,,,,,,,,,,,,,,,,,,,,,,,,,,,,8,0.7,0.0,0,0,0
2021,Parker Hesse,P.Hesse,00-0035572,ATL,TE,TE,91.0,4,9.3,2.325,4.3,5.000000000000001,5,6,43,0,0.010830324909747292,0.005310161718561429,0.01996260056761394,0,0,0,0,0,0,0,0,123.0,0.27,0.07560975609756099,2.325,2.628529373369578,6.1,0,TE,"https://static.www.nfl.com/image/upload/f_auto,q_auto/league/roaaw3cph7q6cxdco70k",REG,0,0,0,0,0,0,0,,,0,,0,0,0,0,0,0,0,,0,0,0,0,0,0,0,22,21,3,1.8925271882326342,0,2,1,0,0,1.9545454545454546,0,0,0,0,0,0,0,0.0,0.0,0,0,0,0,0,0,0,0,0,0,0,0,0,0,0,0,0,0,2,15,0,0,0,0,0,0,0,0,0,0,0,0,0,,,0,0,0,0,0,0,0,0,0,0,0,0,,,,0,0,0,0,0,0,0,,0,0,0,0,,0,0,,0,0,0,0,0,0,0,0,0,0,,,,,,,,,,,,,,,,,,,,,,,,,,,,,,,,,,,,,,,,,,,,,,,,,,,,,,,,,,,,,,,,,,,,,,,,,,,,,,,,,,,,,,,,,,,,,,,,,,,,,,,,,,,,,,,,,,,,,,,,,,,,,,,,,,,,,,,,,,,,,,,,,,,,00-0035572,HessPa00,3144991.0,Parker Hesse,1995-05-26,75.0,251.0,Iowa,,,,,2019,3,8.0,0.0,58.0,0.0,0.28625,2021.0,Parker Hesse,ATL,26.0,DE,8.0,1.0,6.0,5.0,43.0,0.0,3.0,22.0,4.4,21.0,4.2,3.7,0.0,,0.0,0.0,0.0,96.5,2023-08-21,,,,,,,,,,,,,,,,,,,,,,,,,,,,,,,,,,,,,,,,,,,,,,,,,,,,,,,,,,,,,,,,,,,,,,,,,,,,,4,1.6,0.0,0,0,0
2021,Colby Parkinson,C.Parkinson,00-0036244,SEA,TE,TE,92.0,5,8.3,1.6600000000000001,3.3000000000000003,5.0,5,8,33,0,0.016877637130801686,0.01017536263260446,0.03243920953902565,0,0,0,0,0,0,0,0,187.0,0.22214285714285717,0.04438502673796792,1.6600000000000001,1.2641202474448388,3.4000000000000004,0,TE,"https://static.www.nfl.com/image/upload/f_auto,q_auto/league/qsyrgtfjj06wryahnxc9",REG,0,0,0,0,0,0,0,,,0,,0,0,0,0,0,0,0,,0,0,0,0,0,0,0,47,20,2,0.9654066622024402,0,2,0,0,0,0.7021276595744681,0,0,0,0,0,0,0,0.0,0.0,0,0,0,0,0,0,0,0,0,0,0,0,0,0,0,0,0,0,1,10,0,0,0,0,0,0,0,1,13,0,0,0,0,,,0,0,0,0,0,0,0,0,0,0,0,0,,,,0,0,0,0,0,0,0,,0,0,0,0,,0,0,,0,0,0,0,0,0,0,0,0,0,,,,,,,,,,,,,,,,,,,,,,,,,,,,,,,,,,,,,,,,,,,,,,,,,,,,,,,,,,,,,,,,,,,,,,,,,,,,,,,,,,,,,,,,,,,,,,,,,,,,,,,,,,,,,,,,,,,,,,,,,,,,,,,,,,,,,,,,,,,,,,,,,,,,00-0036244,ParkCo02,4242557.0,Colby Parkinson,1999-01-07,79.0,265.0,Stanford,2020.0,4.0,133.0,SEA,2020,7,14.0,0.0,139.0,0.0,0.36428571428571427,2021.0,Colby Parkinson,SEA,22.0,TE,14.0,1.0,8.0,5.0,33.0,0.0,2.0,13.0,2.6,20.0,4.0,5.9,0.0,,0.0,0.0,0.0,71.4,2023-08-21,,,,,,,,,,,,,,,,,,,,,,,,,,,,,,,,,,,,,,,,,,,,,,,,,,,,,,,,,,,,,,,,,,,,,,,,,,,,,5,1.6,0.0,0,0,0
2021,Darren Fells,D.Fells,00-0029738,DET,TE,TE,92.0,3,8.3,2.766666666666667,4.3,4.000000000000001,4,5,43,0,0.008849557522123894,0.006344171292624901,0.01771525618802327,0,0,0,0,0,0,0,0,164.0,0.2677777777777778,0.05060975609756098,2.766666666666667,2.375570107012911,5.5,0,TE,"https://static.www.nfl.com/image/private/f_auto,q_auto/league/eh0rbweg4wbzgzpvprnv",REG,0,0,0,0,0,0,0,,,0,,0,0,0,0,0,0,0,,0,0,0,0,0,0,0,24,27,2,0.8511437906417996,0,2,1,1,0,1.7916666666666667,0,0,0,0,0,0,0,0.0,0.0,0,0,0,0,0,0,0,0,0,0,0,0,0,0,0,0,0,0,1,5,0,0,0,0,0,0,0,0,0,0,0,0,0,,,0,0,0,0,0,0,0,0,0,0,0,0,,,,0,0,0,0,0,0,0,,0,0,0,0,,0,0,,0,0,0,0,0,0,0,0,0,0,,,,,,,,,,,,,,,,,,,,,,,,,,,,,,,,,,,,,,,,,,,,,,,,,,,,,,,,,,,,,,,,,,,,,,,,,,,,,,,,,,,,,,,,,,,,,,,,,,,,,,,,,,,,,,,,,,,,,,,,,,,,,,,,,,,,,,,,,,,,,,,,,,,,00-0029738,FellDa01,15773.0,Darren Fells,1986-04-22,79.0,281.0,UC Irvine,,,,,2014,8,9.0,0.0,19.0,0.0,0.08333333333333333,2021.0,Darren Fells,2TM,35.0,TE,9.0,5.0,5.0,4.0,43.0,0.0,2.0,16.0,4.0,27.0,6.8,4.8,0.0,,0.0,0.0,0.0,102.5,2023-08-21,,,,,,,,,,,,,,,,,,,,,,,,,,,,,,,,,,,,,,,,,,,,,,,,,,,,,,,,,,,,,,,,,,,,,,,,,,,,,3,1.6,1.2,0,0,0
2021,Garrett Griffin,G.Griffin,00-0033095,NO,TE,TE,94.0,5,7.9,1.58,3.9000000000000004,4.0,4,4,39,0,0.008438818565400843,0.0032042723631508676,0.01490121850230687,0,0,0,0,0,0,0,0,235.0,0.2753846153846154,0.03361702127659574,1.58,2.6042273326267042,6.0,0,TE,"https://static.www.nfl.com/image/private/f_auto,q_auto/league/ss70hidq9xcteze3rdeg",REG,0,0,0,0,0,0,0,,,0,,0,0,0,0,0,0,0,,0,0,0,0,0,1,0,12,27,2,2.262449524598196,0,2,0,0,0,3.25,0,1,0,1,0,0,0,0.0,0.0,0,0,0,0,0,0,0,0,0,0,0,0,0,0,0,0,0,0,2,16,1,0,1,1,0,0,0,0,0,0,0,0,0,,,0,0,0,0,0,0,0,0,0,0,0,0,,,,0,0,0,0,0,0,0,,0,0,0,0,,0,0,,0,0,0,0,0,0,0,0,0,0,,,,,,,,,,,,,,,,,,,,,,,,,,,,,,,,,,,,,,,,,,,,,,,,,,,,,,,,,,,,,,,,,,,,,,,,,,,,,,,,,,,,,,,,,,,,,,,,,,,,,,,,,,,,,,,,,,,,,,,,,,,,,,,,,,,,,,,,,,,,,,,,,,,,00-0033095,GrifGa00,2987440.0,Garrett Griffin,1994-03-04,76.0,246.0,Air Force,,,,,2016,4,13.0,0.0,154.0,0.0,0.43076923076923074,2021.0,Garrett Griffin,NO,27.0,TE,13.0,6.0,4.0,4.0,39.0,0.0,2.0,12.0,3.0,27.0,6.8,3.0,0.0,,0.0,0.0,0.0,107.3,2023-08-21,,,,,,,,,,,,,,,,,,,,,,,,,,,,,,,,,,,,,,,,,,,,,,,,,,,,,,,,,,,,,,,,,,,,,,,,,,,,,5,0.0,0.0,0,0,0
2021,Kendall Blanton,K.Blanton,00-0035603,LA,TE,TE,95.0,4,7.7,1.925,3.7,4.0,4,7,37,0,0.011627906976744186,0.008375535644721465,0.023304735416421304,0,0,0,0,0,0,0,0,148.0,0.21363636363636365,0.05202702702702703,1.925,2.096624270901521,4.9,0,TE,"https://static.www.nfl.com/image/private/f_auto,q_auto/league/hyne29kklkfyyhaljukj",REG,0,0,0,0,0,0,0,,,0,,0,0,0,0,0,0,0,,0,0,0,0,0,1,0,43,13,2,-2.1694436310208403,0,1,1,1,0,0.8604651162790697,0,0,0,0,0,0,0,0.0,0.0,0,0,0,0,0,0,0,0,0,0,0,0,0,1,0,0,0,0,0,0,0,1,0,1,0,0,0,0,0,0,0,0,0,,,0,0,0,0,0,0,0,0,0,0,0,0,,,,0,0,0,0,0,0,0,,0,0,0,0,,0,0,,0,0,0,0,0,0,0,0,0,0,K.Blanton,Kendall Blanton,TE,TE,"https://static.www.nfl.com/image/private/f_auto,q_auto/league/hyne29kklkfyyhaljukj",2021.0,POST,LA,3.0,0.0,0.0,0.0,0.0,0.0,0.0,0.0,0.0,0.0,0.0,0.0,0.0,,,0.0,,0.0,0.0,0.0,0.0,0.0,0.0,0.0,0.0,0.0,0.0,,0.0,0.0,0.0,0.0,0.0,7.0,7.0,75.0,1.0,0.0,0.0,19.0,56.0,5.0,7.095690242538694,0.0,3.0,1.0,1.0,0.0,3.9473684210526314,0.051470588235294115,0.015409570154095702,0.08799258146080817,0.0,0.0,0.0,0.0,0.0,0.0,0.0,0.0,0.0,0.0,0.0,0.0,0.0,0.0,0.0,0.0,0.0,0.0,0.0,0.0,0.0,0.0,0.0,0.0,0.0,0.0,0.0,1.0,5.0,0.0,0.0,0.0,0.0,0.0,0.0,0.0,0.0,0.0,0.0,0.0,0.0,0.0,,,0.0,0.0,0.0,0.0,0.0,0.0,0.0,0.0,0.0,0.0,0.0,0.0,,,,0.0,0.0,0.0,0.0,0.0,0.0,0.0,,0.0,0.0,0.0,0.0,,0.0,0.0,,0.0,0.0,0.0,0.0,0.0,0.0,0.0,0.0,0.0,0.0,13.5,20.5,00-0035603,BlanKe01,3122103.0,Kendall Blanton,1995-11-10,78.0,262.0,Missouri,,,,,2019,2,11.0,0.0,70.0,0.0,0.23363636363636367,2021.0,Kendall Blanton,LA,26.0,TE,11.0,2.0,7.0,4.0,37.0,0.0,2.0,24.0,6.0,13.0,3.3,6.1,0.0,,2.0,0.28600000000000003,0.0,71.7,2023-08-21,,,,,,,,,,,,,,,,,,,,,,,,,,,,,,,,,,,,,,,,,,,,,,,,,,,,,,,,,,,,,,,,,,,,,,,,,,,,,4,1.4,0.0,0,0,0
2021,Tyler Davis,T.Davis,00-0036250,GB,TE,TE,96.0,8,7.5,0.9375,3.5,4.0,4,5,35,0,0.008771929824561403,0.008300567933595456,0.018968292290358922,0,0,0,0,0,0,0,0,121.0,0.1285714285714286,0.06198347107438017,0.9375,1.392774722836191,3.2,0,TE,"https://static.www.nfl.com/image/upload/f_auto,q_auto/league/awihnovccbawpaof5pva",REG,0,0,0,0,0,0,0,,,0,,0,0,0,0,0,0,0,,0,0,0,0,0,0,0,38,13,1,0.011463697886291868,0,1,1,1,0,0.9210526315789473,0,4,0,1,0,0,0,0.0,0.0,0,0,0,0,0,0,0,0,0,0,0,0,0,0,0,0,0,0,0,0,0,0,0,0,0,0,0,0,0,0,0,0,0,,,0,0,0,0,0,0,0,0,0,0,0,0,,,,0,0,0,0,0,0,0,,0,0,0,0,,0,0,,0,0,0,0,0,0,0,0,0,0,,,,,,,,,,,,,,,,,,,,,,,,,,,,,,,,,,,,,,,,,,,,,,,,,,,,,,,,,,,,,,,,,,,,,,,,,,,,,,,,,,,,,,,,,,,,,,,,,,,,,,,,,,,,,,,,,,,,,,,,,,,,,,,,,,,,,,,,,,,,,,,,,,,,00-0036250,DaviTy02,3914240.0,Tyler Davis,1997-04-02,76.0,252.0,Georgia Tech,2020.0,6.0,206.0,JAX,2020,5,14.0,0.0,232.0,0.0,0.6357142857142858,2021.0,Tyler Davis,GB,24.0,TE,14.0,0.0,5.0,4.0,35.0,0.0,1.0,22.0,5.5,13.0,3.3,7.6,0.0,,1.0,0.2,0.0,95.8,2023-08-21,,,,,,,,,,,,,,,,,,,,,,,,,,,,,,,,,,,,,,,,,,,,,,,,,,,,,,,,,,,,,,,,,,,,,,,,,,,,,8,0.0,0.0,0,0,0
2021,Trevon Wesco,T.Wesco,00-0035259,NYJ,TE,TE,97.0,8,6.5,0.8125,3.5,3.0,3,5,35,0,0.008605851979345954,0.0006898137502874224,0.013391647594220126,0,0,0,0,0,0,0,0,177.0,0.23666666666666666,0.03672316384180791,0.8125,1.516045136908152,3.6,0,TE,"https://static.www.nfl.com/image/private/f_auto,q_auto/league/ptq3iidy6uyg3f31gjl5",REG,0,0,0,0,0,0,0,,,0,,0,0,0,0,0,0,0,,0,0,0,0,0,0,0,3,29,2,-1.3490544312517159,0,2,1,0,0,11.666666666666666,0,3,0,1,0,0,0,0.0,0.0,0,0,0,0,0,0,0,0,0,0,0,0,0,1,0,0,0,0,2,20,0,0,0,0,0,0,0,0,0,0,0,0,0,,,0,0,0,0,0,0,0,0,0,0,0,0,,,,0,0,0,0,0,0,0,,0,0,0,0,,0,0,,0,0,0,0,0,0,0,0,0,0,,,,,,,,,,,,,,,,,,,,,,,,,,,,,,,,,,,,,,,,,,,,,,,,,,,,,,,,,,,,,,,,,,,,,,,,,,,,,,,,,,,,,,,,,,,,,,,,,,,,,,,,,,,,,,,,,,,,,,,,,,,,,,,,,,,,,,,,,,,,,,,,,,,,00-0035259,WescTr00,4039253.0,Trevon Wesco,1995-09-12,75.0,267.0,West Virginia; Lackawanna JC,2019.0,4.0,121.0,NYJ,2019,6,12.0,0.0,129.0,0.0,0.39916666666666667,2021.0,Trevon Wesco,NYJ,26.0,TE,12.0,7.0,5.0,3.0,35.0,0.0,2.0,6.0,2.0,29.0,9.7,0.6,0.0,,0.0,0.0,0.0,81.2,2023-08-21,,,,,,,,,,,,,,,,,,,,,,,,,,,,,,,,,,,,,,,,,,,,,,,,,,,,,,,,,,,,,,,,,,,,,,,,,,,,,8,0.0,0.0,0,0,0
2021,Shane Zylstra,S.Zylstra,00-0036534,DET,TE,TE,98.0,3,6.4,2.1333333333333333,3.4000000000000004,3.0,3,7,34,0,0.012389380530973451,0.010044937879989427,0.025615527312452775,0,0,0,0,0,0,0,0,82.0,0.3175,0.07804878048780488,2.1333333333333333,1.9425069712444623,3.8,0,TE,"https://static.www.nfl.com/image/upload/f_auto,q_auto/league/jxq0fpgw6dzavqabgl1j",REG,0,0,0,0,0,0,0,,,0,,0,0,0,0,0,0,0,,0,0,0,0,0,0,0,38,6,2,-5.421786069494921,0,2,1,0,0,0.8947368421052632,0,0,0,0,0,0,0,0.0,0.0,0,0,0,0,0,0,0,0,0,0,0,0,0,0,0,0,0,0,1,5,0,0,0,0,0,0,0,0,0,0,0,0,0,,,0,0,0,0,0,0,0,0,0,0,0,0,,,,0,0,0,0,0,0,0,,0,0,0,0,,0,0,,0,0,0,0,0,0,0,0,0,0,,,,,,,,,,,,,,,,,,,,,,,,,,,,,,,,,,,,,,,,,,,,,,,,,,,,,,,,,,,,,,,,,,,,,,,,,,,,,,,,,,,,,,,,,,,,,,,,,,,,,,,,,,,,,,,,,,,,,,,,,,,,,,,,,,,,,,,,,,,,,,,,,,,,00-0036534,ZylsSh00,4608362.0,Shane Zylstra,1996-11-16,76.0,240.0,Minnesota State,,,,,2021,5,4.0,0.0,32.0,0.0,0.335,2021.0,Shane Zylstra,DET,25.0,TE,4.0,0.0,7.0,3.0,34.0,0.0,2.0,28.0,9.3,6.0,2.0,5.4,0.0,,0.0,0.0,0.0,58.0,2023-08-21,,,,,,,,,,,,,,,,,,,,,,,,,,,,,,,,,,,,,,,,,,,,,,,,,,,,,,,,,,,,,,,,,,,,,,,,,,,,,3,2.6,0.0,0,0,0
2021,Kaden Smith,K.Smith,00-0034988,NYG,TE,TE,99.0,4,6.300000000000001,1.5750000000000002,3.3000000000000003,3.0000000000000004,3,3,33,0,0.005319148936170213,0.0050424020169608065,0.011508404816127884,0,0,0,0,0,0,0,0,192.0,0.32,0.0328125,1.5750000000000002,2.085465575517052,4.4,0,TE,"https://static.www.nfl.com/image/private/f_auto,q_auto/league/gbwycqfz69f3c3ozzt0g",REG,0,0,0,0,0,0,0,,,0,,0,0,0,0,0,0,0,,0,0,0,0,0,0,0,22,11,1,1.6992588230641559,0,1,1,1,0,1.5,0,2,0,0,0,0,0,0.0,0.0,0,0,0,0,0,0,0,0,0,0,0,0,0,0,0,0,0,0,0,0,0,0,0,0,0,0,0,0,0,0,0,0,0,,,0,0,0,0,0,0,0,0,0,0,0,0,,,,0,0,0,0,0,0,0,,0,0,0,0,,0,0,,0,0,0,0,0,0,0,0,0,0,,,,,,,,,,,,,,,,,,,,,,,,,,,,,,,,,,,,,,,,,,,,,,,,,,,,,,,,,,,,,,,,,,,,,,,,,,,,,,,,,,,,,,,,,,,,,,,,,,,,,,,,,,,,,,,,,,,,,,,,,,,,,,,,,,,,,,,,,,,,,,,,,,,,00-0034988,SmitKa00,4044452.0,Kaden Smith,1997-04-24,77.0,249.0,Stanford,2019.0,6.0,176.0,SF,2019,4,9.0,0.0,66.0,0.0,0.28444444444444444,2021.0,Kaden Smith,NYG,24.0,TE,9.0,4.0,3.0,3.0,33.0,0.0,1.0,22.0,7.3,11.0,3.7,7.3,0.0,,0.0,0.0,0.0,112.5,2023-08-21,,,,,,,,,,,,,,,,,,,,,,,,,,,,,,,,,,,,,,,,,,,,,,,,,,,,,,,,,,,,,,,,,,,,,,,,,,,,,4,0.95,0.0,0,0,0
2021,Jack Stoll,J.Stoll,00-0036741,PHI,TE,TE,100.0,6,6.2,1.0333333333333334,2.2,4.0,4,5,22,0,0.010683760683760684,0.003309692671394799,0.018342425895617385,0,0,0,0,0,0,0,0,331.0,0.319375,0.018731117824773415,1.0333333333333334,1.1707547423208102,2.6,0,TE,"https://static.www.nfl.com/image/upload/f_auto,q_auto/league/vx5eqo8t1qvj0ijwmiwm",REG,0,0,0,0,0,0,0,,,0,,0,0,0,0,0,0,0,,0,0,0,0,0,0,0,14,20,0,-0.5115182680388384,0,0,0,0,0,1.5714285714285714,0,1,0,1,0,0,0,0.0,0.0,0,0,0,0,0,0,0,0,0,0,0,0,0,1,-2,0,0,0,1,9,0,0,0,0,0,0,0,0,0,0,0,0,0,,,0,0,0,0,0,0,0,0,0,0,0,0,,,,0,0,0,0,0,0,0,,0,0,0,0,,0,0,,0,0,0,0,0,0,0,0,0,0,J.Stoll,Jack Stoll,TE,TE,"https://static.www.nfl.com/image/upload/f_auto,q_auto/league/vx5eqo8t1qvj0ijwmiwm",2021.0,POST,PHI,1.0,0.0,0.0,0.0,0.0,0.0,0.0,0.0,0.0,0.0,0.0,0.0,0.0,,,0.0,,0.0,0.0,0.0,0.0,0.0,0.0,0.0,0.0,0.0,0.0,,0.0,0.0,0.0,0.0,0.0,0.0,0.0,0.0,0.0,0.0,0.0,0.0,0.0,0.0,,0.0,0.0,0.0,0.0,0.0,,0.0,0.0,0.0,0.0,1.0,0.0,0.0,0.0,0.0,0.0,0.0,0.0,0.0,0.0,0.0,0.0,0.0,0.0,0.0,0.0,0.0,0.0,0.0,0.0,0.0,0.0,0.0,0.0,0.0,0.0,0.0,0.0,0.0,0.0,0.0,0.0,0.0,0.0,0.0,0.0,0.0,0.0,0.0,0.0,0.0,,,0.0,0.0,0.0,0.0,0.0,0.0,0.0,0.0,0.0,0.0,0.0,0.0,,,,0.0,0.0,0.0,0.0,0.0,0.0,0.0,,0.0,0.0,0.0,0.0,,0.0,0.0,,0.0,0.0,0.0,0.0,0.0,0.0,0.0,0.0,0.0,0.0,0.0,0.0,00-0036741,StolJa00,4034862.0,Jack Stoll,1998-01-28,76.0,247.0,Nebraska,,,,,2021,5,16.0,0.0,214.0,0.0,0.513125,2021.0,Jack Stoll,PHI,23.0,TE,16.0,5.0,5.0,4.0,22.0,0.0,,2.0,0.5,20.0,5.0,2.8,0.0,,0.0,0.0,0.0,85.0,2023-08-21,,,,,,,,,,,,,,,,,,,,,,,,,,,,,,,,,,,,,,,,,,,,,,,,,,,,,,,,,,,,,,,,,,,,,,,,,,,,,6,0.8500000000000001,0.0,0,0,0
